2017.07.06 17:00:00.373,0.98158,0.9818,3.37,1.60
2017.07.06 17:00:00.474,0.98158,0.98179,1.75,1.35
2017.07.06 17:00:00.625,0.98158,0.98181,3.00,1.00
2017.07.06 17:00:00.907,0.98159,0.98182,4.12,1.35
2017.07.06 17:00:02.088,0.98159,0.9818,2.62,1.00
2017.07.06 17:00:02.409,0.98159,0.98178,1.12,1.60
2017.07.06 17:00:02.918,0.98156,0.98178,1.75,1.50
2017.07.06 17:00:03.426,0.98159,0.98179,1.00,2.85
2017.07.06 17:00:06.498,0.98155,0.98179,2.10,1.35
2017.07.06 17:00:07.544,0.98155,0.98178,1.35,1.00
2017.07.06 17:00:07.882,0.98155,0.98176,1.67,1.00
2017.07.06 17:00:08.032,0.98154,0.98178,2.53,1.35
2017.07.06 17:00:10.900,0.98156,0.98176,1.12,1.00
2017.07.06 17:00:11.888,0.98156,0.98176,1.12,1.60
2017.07.06 17:00:12.402,0.98154,0.98173,1.50,1.00
2017.07.06 17:00:13.313,0.98155,0.98174,1.12,1.00
2017.07.06 17:00:13.762,0.98152,0.98173,3.37,1.50
2017.07.06 17:00:13.864,0.98152,0.98173,1.75,1.50
2017.07.06 17:00:14.388,0.98154,0.98172,1.50,1.00
2017.07.06 17:00:14.952,0.9815,0.98173,2.90,1.00
2017.07.06 17:00:15.461,0.98153,0.98173,1.00,1.00
2017.07.06 17:00:18.413,0.98155,0.98175,1.67,1.50
2017.07.06 17:00:18.716,0.98158,0.98178,1.00,1.00
2017.07.06 17:00:19.209,0.98157,0.98176,1.00,1.00
2017.07.06 17:00:19.311,0.98154,0.98176,1.50,1.00
2017.07.06 17:00:20.052,0.98155,0.98176,1.37,1.50
2017.07.06 17:00:20.153,0.98159,0.98177,1.00,1.00
2017.07.06 17:00:20.255,0.98155,0.98175,1.00,1.12
2017.07.06 17:00:20.305,0.98157,0.98177,1.00,1.00
2017.07.06 17:00:20.944,0.98157,0.98177,1.37,1.00
2017.07.06 17:00:21.504,0.98155,0.98178,2.85,1.50
2017.07.06 17:00:22.097,0.98156,0.98177,1.00,1.00
2017.07.06 17:00:24.019,0.98156,0.98176,1.12,1.00
2017.07.06 17:00:24.120,0.98156,0.98178,1.12,1.50
2017.07.06 17:00:26.629,0.98156,0.98175,1.00,1.00
2017.07.06 17:00:27.169,0.98154,0.98175,1.87,1.00
2017.07.06 17:00:27.720,0.98154,0.98176,3.00,1.00
2017.07.06 17:00:30.078,0.98154,0.98173,1.87,1.00
2017.07.06 17:00:30.129,0.98154,0.98175,1.12,1.00
2017.07.06 17:00:30.230,0.98154,0.98175,1.00,1.00
2017.07.06 17:00:30.483,0.98154,0.98176,1.87,1.87
2017.07.06 17:00:30.636,0.98155,0.98178,1.50,1.50
2017.07.06 17:00:30.687,0.98159,0.98178,1.00,1.50
2017.07.06 17:00:32.307,0.98159,0.98179,1.00,1.50
2017.07.06 17:00:32.850,0.98159,0.98179,1.50,1.50
2017.07.06 17:00:34.444,0.98157,0.98179,1.12,1.50
2017.07.06 17:00:37.223,0.98157,0.98179,1.50,1.00
2017.07.06 17:00:37.815,0.98157,0.98179,1.12,1.00
2017.07.06 17:00:37.866,0.98157,0.98177,1.00,1.00
2017.07.06 17:00:38.170,0.98154,0.98175,1.75,1.00
2017.07.06 17:00:40.318,0.98153,0.98175,2.25,1.12
2017.07.06 17:00:41.606,0.98159,0.98175,1.00,1.12
2017.07.06 17:00:43.073,0.98159,0.98176,1.00,1.00
2017.07.06 17:00:43.451,0.98159,0.98178,1.00,1.00
2017.07.06 17:00:43.997,0.9816,0.98178,1.00,1.00
2017.07.06 17:00:44.531,0.9816,0.9818,1.00,2.10
2017.07.06 17:00:55.602,0.98159,0.98179,1.00,1.30
2017.07.06 17:00:55.846,0.9816,0.9818,1.00,3.22
2017.07.06 17:00:58.360,0.9816,0.9818,1.00,3.97
2017.07.06 17:00:58.915,0.9816,0.9818,1.00,3.97
2017.07.06 17:00:59.427,0.98159,0.9818,1.00,3.22
2017.07.06 17:01:00.127,0.98159,0.9818,1.00,1.00
2017.07.06 17:01:00.522,0.98161,0.98181,1.00,1.35
2017.07.06 17:01:04.033,0.98163,0.98182,1.00,2.10
2017.07.06 17:01:04.084,0.98161,0.98182,1.00,1.60
2017.07.06 17:01:04.329,0.98163,0.98181,1.00,1.30
2017.07.06 17:01:04.876,0.98162,0.98181,1.00,1.30
2017.07.06 17:01:05.384,0.98161,0.98181,1.00,1.30
2017.07.06 17:01:08.490,0.98161,0.98181,1.00,1.72
2017.07.06 17:01:08.998,0.9816,0.98181,1.00,1.67
2017.07.06 17:01:10.688,0.98165,0.98181,1.00,1.50
2017.07.06 17:01:10.790,0.98162,0.98184,1.87,2.62
2017.07.06 17:01:10.841,0.98164,0.98184,1.00,3.22
2017.07.06 17:01:10.942,0.98164,0.98184,1.00,1.67
2017.07.06 17:01:13.351,0.98167,0.98185,1.00,1.35
2017.07.06 17:01:13.502,0.98167,0.98187,1.00,1.75
2017.07.06 17:01:13.755,0.98164,0.98182,1.00,1.50
2017.07.06 17:01:14.064,0.98165,0.98184,1.00,1.75
2017.07.06 17:01:15.107,0.98165,0.98185,1.00,1.67
2017.07.06 17:01:15.706,0.98166,0.98185,1.00,1.67
2017.07.06 17:01:17.838,0.98164,0.98185,1.50,1.35
2017.07.06 17:01:18.347,0.98165,0.98184,1.00,1.35
2017.07.06 17:01:18.520,0.98169,0.98184,1.00,1.35
2017.07.06 17:01:20.205,0.98169,0.98186,1.00,2.10
2017.07.06 17:01:20.739,0.98169,0.98184,1.00,1.00
2017.07.06 17:01:22.597,0.9817,0.98184,1.75,1.35
2017.07.06 17:01:22.648,0.9817,0.98184,1.12,1.00
2017.07.06 17:01:22.799,0.98171,0.98184,1.37,1.00
2017.07.06 17:01:22.850,0.98171,0.98192,1.37,1.35
2017.07.06 17:01:23.378,0.98173,0.98192,1.00,1.35
2017.07.06 17:01:24.411,0.98176,0.98193,1.00,3.22
2017.07.06 17:01:24.563,0.98176,0.98193,1.00,1.35
2017.07.06 17:01:25.460,0.98175,0.98193,1.00,1.35
2017.07.06 17:01:27.144,0.98173,0.98193,1.00,1.35
2017.07.06 17:01:27.937,0.9817,0.98193,1.75,3.22
2017.07.06 17:01:28.454,0.98173,0.98191,1.00,1.35
2017.07.06 17:01:28.999,0.98172,0.98191,1.00,2.10
2017.07.06 17:01:29.589,0.98173,0.98193,1.00,3.22
2017.07.06 17:01:30.453,0.98173,0.98192,1.00,1.12
2017.07.06 17:01:31.422,0.98173,0.98192,1.50,1.12
2017.07.06 17:01:31.932,0.98175,0.98193,1.00,1.72
2017.07.06 17:01:38.209,0.98174,0.98194,1.00,2.10
2017.07.06 17:01:38.521,0.98176,0.98194,1.00,2.85
2017.07.06 17:01:39.486,0.98174,0.98194,1.00,2.10
2017.07.06 17:01:46.518,0.98172,0.98192,1.00,1.30
2017.07.06 17:01:46.569,0.98173,0.98193,1.00,3.22
2017.07.06 17:01:46.620,0.98171,0.98192,1.00,1.30
2017.07.06 17:01:47.152,0.98172,0.98192,1.00,1.30
2017.07.06 17:01:48.311,0.98172,0.98192,1.00,2.05
2017.07.06 17:01:48.828,0.98171,0.98192,1.12,2.05
2017.07.06 17:01:49.864,0.98173,0.98192,1.00,2.10
2017.07.06 17:01:50.199,0.9817,0.98192,1.87,2.10
2017.07.06 17:01:50.300,0.98172,0.98192,1.00,2.10
2017.07.06 17:01:50.840,0.98173,0.98192,1.00,1.00
2017.07.06 17:01:51.522,0.98172,0.98192,1.00,1.00
2017.07.06 17:01:51.826,0.98171,0.98192,1.00,2.10
2017.07.06 17:01:52.129,0.98171,0.9819,1.00,1.67
2017.07.06 17:01:52.672,0.98172,0.98192,1.00,3.97
2017.07.06 17:01:52.723,0.98172,0.98192,1.00,2.10
2017.07.06 17:01:54.055,0.9817,0.98192,1.00,2.10
2017.07.06 17:01:54.643,0.9817,0.98192,1.00,1.60
2017.07.06 17:01:55.048,0.9817,0.98192,1.00,1.35
2017.07.06 17:01:55.099,0.98172,0.98192,1.12,1.35
2017.07.06 17:01:55.656,0.98173,0.98194,1.12,1.67
2017.07.06 17:02:00.661,0.98175,0.98195,1.00,2.10
2017.07.06 17:02:01.040,0.98175,0.98195,1.00,1.72
2017.07.06 17:02:01.141,0.98175,0.98195,1.00,2.10
2017.07.06 17:02:01.665,0.98175,0.98194,1.00,1.35
2017.07.06 17:02:02.796,0.98173,0.98194,1.00,1.35
2017.07.06 17:02:03.116,0.98176,0.98195,1.00,3.60
2017.07.06 17:02:03.319,0.98179,0.98197,1.00,1.00
2017.07.06 17:02:03.825,0.98179,0.98199,1.00,1.67
2017.07.06 17:02:05.549,0.98177,0.98197,1.00,1.50
2017.07.06 17:02:06.513,0.98179,0.98197,1.00,1.50
2017.07.06 17:02:06.665,0.98177,0.98195,1.00,1.30
2017.07.06 17:02:06.817,0.98176,0.98195,1.00,1.35
2017.07.06 17:02:07.120,0.98178,0.98195,1.00,2.10
2017.07.06 17:02:07.242,0.98178,0.98195,1.00,2.10
2017.07.06 17:02:07.379,0.98176,0.98195,1.00,2.85
2017.07.06 17:02:07.683,0.98173,0.98193,1.50,1.12
2017.07.06 17:02:07.835,0.98173,0.98193,1.50,1.75
2017.07.06 17:02:08.760,0.98175,0.98195,1.00,3.60
2017.07.06 17:02:09.063,0.98177,0.98194,1.00,1.37
2017.07.06 17:02:09.775,0.98176,0.98195,1.00,3.22
2017.07.06 17:02:10.312,0.98177,0.98195,1.00,1.35
2017.07.06 17:02:11.867,0.98178,0.98195,1.00,1.35
2017.07.06 17:02:12.171,0.98178,0.98198,1.00,1.75
2017.07.06 17:02:12.323,0.9818,0.98198,1.12,1.75
2017.07.06 17:02:12.526,0.98182,0.982,1.12,1.00
2017.07.06 17:02:13.687,0.98181,0.982,1.00,1.00
2017.07.06 17:02:13.788,0.98183,0.982,1.00,1.00
2017.07.06 17:02:15.249,0.98181,0.982,1.00,1.35
2017.07.06 17:02:15.350,0.98179,0.982,1.00,2.10
2017.07.06 17:02:15.451,0.98178,0.98199,1.00,1.50
2017.07.06 17:02:15.755,0.98177,0.98196,1.00,1.12
2017.07.06 17:02:18.257,0.98178,0.98197,1.00,1.50
2017.07.06 17:02:20.355,0.98179,0.98197,1.00,2.25
2017.07.06 17:02:20.406,0.98177,0.98197,1.00,1.50
2017.07.06 17:02:20.507,0.98175,0.98196,1.00,1.12
2017.07.06 17:02:20.608,0.98177,0.98196,1.00,1.30
2017.07.06 17:02:21.313,0.98176,0.98196,1.00,1.12
2017.07.06 17:02:25.528,0.98176,0.98197,1.00,2.85
2017.07.06 17:02:29.281,0.98172,0.98193,1.50,1.35
2017.07.06 17:02:29.331,0.98172,0.98193,1.37,1.72
2017.07.06 17:02:29.836,0.98174,0.98193,1.00,2.47
2017.07.06 17:02:30.140,0.98176,0.98195,1.00,2.62
2017.07.06 17:02:30.191,0.98176,0.98195,1.00,1.50
2017.07.06 17:02:31.970,0.98173,0.98193,1.00,1.30
2017.07.06 17:02:32.072,0.98171,0.98193,1.00,1.72
2017.07.06 17:02:32.204,0.98171,0.98191,1.00,2.10
2017.07.06 17:02:32.521,0.98173,0.98191,1.00,1.50
2017.07.06 17:02:45.007,0.98169,0.9819,1.00,1.72
2017.07.06 17:02:45.058,0.98171,0.9819,1.00,1.60
2017.07.06 17:02:45.680,0.98172,0.9819,1.00,2.10
2017.07.06 17:02:46.209,0.98172,0.9819,1.00,1.50
2017.07.06 17:02:57.722,0.98173,0.9819,1.00,1.00
2017.07.06 17:02:57.875,0.98171,0.9819,1.00,1.00
2017.07.06 17:02:58.435,0.9817,0.9819,1.00,1.00
2017.07.06 17:03:00.689,0.9817,0.98191,1.00,1.75
2017.07.06 17:03:01.172,0.98172,0.98191,1.00,1.75
2017.07.06 17:03:03.747,0.98171,0.98191,1.00,1.75
2017.07.06 17:03:05.090,0.98167,0.98189,2.25,1.35
2017.07.06 17:03:05.292,0.98167,0.98185,1.00,1.12
2017.07.06 17:03:05.738,0.98167,0.98186,1.00,2.62
2017.07.06 17:03:06.998,0.98167,0.98185,1.00,1.00
2017.07.06 17:03:08.911,0.98168,0.98185,1.00,1.00
2017.07.06 17:03:09.422,0.98169,0.98187,1.00,1.50
2017.07.06 17:03:10.041,0.98167,0.98187,1.00,1.50
2017.07.06 17:03:10.194,0.98167,0.98184,1.00,1.00
2017.07.06 17:03:12.345,0.98165,0.98184,1.00,1.00
2017.07.06 17:03:12.497,0.98164,0.98184,1.00,1.37
2017.07.06 17:03:14.795,0.98162,0.98181,1.00,1.00
2017.07.06 17:03:17.120,0.98163,0.98181,1.00,1.00
2017.07.06 17:03:20.980,0.98163,0.9818,1.00,1.00
2017.07.06 17:03:21.693,0.9816,0.9818,1.00,1.35
2017.07.06 17:03:21.744,0.98159,0.9818,1.00,1.60
2017.07.06 17:03:21.795,0.98157,0.98178,1.50,1.30
2017.07.06 17:03:21.896,0.98157,0.98176,1.12,1.00
2017.07.06 17:03:22.616,0.98158,0.98178,1.00,2.10
2017.07.06 17:03:23.157,0.98159,0.98178,1.00,2.10
2017.07.06 17:03:24.053,0.9816,0.98178,1.00,2.10
2017.07.06 17:03:24.104,0.98158,0.98178,1.00,2.10
2017.07.06 17:03:25.181,0.98157,0.98178,1.00,2.10
2017.07.06 17:03:26.911,0.98158,0.98178,1.00,2.10
2017.07.06 17:03:35.931,0.98161,0.98178,1.00,1.75
2017.07.06 17:03:36.200,0.98159,0.9818,1.00,3.60
2017.07.06 17:03:36.351,0.98157,0.98178,1.00,1.72
2017.07.06 17:03:41.121,0.98158,0.98178,1.00,1.60
2017.07.06 17:03:41.510,0.9816,0.98178,1.00,1.00
2017.07.06 17:03:42.396,0.98157,0.98178,1.00,1.00
2017.07.06 17:03:43.739,0.98156,0.98178,1.00,1.35
2017.07.06 17:03:43.890,0.98157,0.98176,1.00,1.00
2017.07.06 17:03:50.230,0.98159,0.98176,1.00,1.12
2017.07.06 17:03:50.281,0.98155,0.98176,1.00,1.00
2017.07.06 17:03:50.383,0.98155,0.98175,1.00,1.50
2017.07.06 17:03:50.728,0.98159,0.98175,1.00,1.00
2017.07.06 17:03:51.585,0.98159,0.98176,1.00,1.00
2017.07.06 17:03:52.225,0.98159,0.98177,1.00,2.10
2017.07.06 17:03:55.388,0.98161,0.98177,1.00,1.00
2017.07.06 17:03:55.590,0.98161,0.98182,1.12,2.47
2017.07.06 17:03:55.691,0.98162,0.98182,1.00,1.72
2017.07.06 17:03:56.499,0.98161,0.98182,1.00,1.72
2017.07.06 17:03:57.517,0.98163,0.98182,1.00,1.35
2017.07.06 17:04:05.718,0.98162,0.98182,1.00,1.35
2017.07.06 17:04:06.298,0.98162,0.98182,1.00,1.12
2017.07.06 17:04:06.668,0.98159,0.98182,1.37,3.22
2017.07.06 17:04:06.719,0.98159,0.98179,1.37,1.00
2017.07.06 17:04:07.072,0.98156,0.98178,1.00,1.87
2017.07.06 17:04:07.123,0.98156,0.98176,1.00,1.35
2017.07.06 17:04:07.703,0.98157,0.98176,1.00,1.72
2017.07.06 17:04:13.952,0.98157,0.98177,1.00,1.12
2017.07.06 17:04:14.482,0.98158,0.98177,1.00,1.00
2017.07.06 17:04:15.014,0.98158,0.98178,1.00,1.12
2017.07.06 17:04:15.243,0.9816,0.98179,1.00,1.50
2017.07.06 17:04:15.620,0.98158,0.98179,1.00,1.00
2017.07.06 17:04:15.868,0.98157,0.98177,1.00,1.75
2017.07.06 17:04:21.746,0.9816,0.98178,1.00,2.25
2017.07.06 17:04:21.949,0.98159,0.9818,1.50,1.50
2017.07.06 17:04:22.792,0.98161,0.9818,1.00,1.50
2017.07.06 17:04:23.724,0.98164,0.9818,1.00,1.00
2017.07.06 17:04:24.976,0.98164,0.98181,1.00,3.97
2017.07.06 17:04:25.077,0.98164,0.98181,1.00,2.10
2017.07.06 17:04:29.663,0.98159,0.98179,1.00,1.30
2017.07.06 17:04:29.765,0.98158,0.98179,1.00,1.72
2017.07.06 17:04:30.269,0.98158,0.98176,1.00,1.00
2017.07.06 17:04:35.856,0.98159,0.98176,1.00,1.00
2017.07.06 17:04:36.908,0.98158,0.98176,1.00,1.00
2017.07.06 17:04:42.581,0.98156,0.98176,1.00,1.00
2017.07.06 17:04:42.683,0.98158,0.98176,1.00,1.00
2017.07.06 17:04:43.087,0.9816,0.98176,1.00,1.00
2017.07.06 17:04:43.453,0.98164,0.9818,1.00,3.22
2017.07.06 17:04:45.556,0.9816,0.9818,1.00,3.22
2017.07.06 17:04:45.903,0.98156,0.98178,1.50,1.97
2017.07.06 17:04:46.106,0.98154,0.98176,1.50,1.60
2017.07.06 17:04:46.207,0.98154,0.98176,1.50,1.35
2017.07.06 17:04:46.367,0.98154,0.98175,1.50,1.72
2017.07.06 17:04:46.907,0.98155,0.98175,1.00,1.72
2017.07.06 17:04:47.531,0.98156,0.98173,1.00,1.00
2017.07.06 17:04:47.684,0.98158,0.98176,1.00,1.00
2017.07.06 17:04:48.360,0.98158,0.98175,1.00,1.00
2017.07.06 17:04:55.053,0.98156,0.98175,1.00,1.00
2017.07.06 17:04:56.970,0.98156,0.98177,1.00,1.72
2017.07.06 17:05:10.983,0.98156,0.98178,1.00,2.47
2017.07.06 17:05:13.323,0.98161,0.98178,1.12,1.50
2017.07.06 17:05:13.525,0.98161,0.98181,1.50,1.00
2017.07.06 17:05:14.134,0.98162,0.98181,1.00,1.00
2017.07.06 17:05:14.641,0.98163,0.98184,1.00,1.75
2017.07.06 17:05:20.498,0.98164,0.98184,1.00,1.75
2017.07.06 17:05:21.056,0.98163,0.98184,1.00,1.75
2017.07.06 17:05:22.550,0.98164,0.98183,1.00,1.50
2017.07.06 17:05:29.317,0.98162,0.98184,1.00,1.75
2017.07.06 17:05:29.969,0.98162,0.98183,1.00,1.00
2017.07.06 17:05:31.638,0.98162,0.98182,1.00,1.00
2017.07.06 17:05:32.149,0.98162,0.98183,1.00,2.10
2017.07.06 17:05:32.711,0.98163,0.98183,1.00,1.00
2017.07.06 17:05:33.336,0.98162,0.98183,1.00,2.10
2017.07.06 17:05:33.437,0.98159,0.98183,2.25,2.10
2017.07.06 17:05:33.488,0.98159,0.98183,1.87,2.85
2017.07.06 17:05:33.812,0.98159,0.98179,1.00,1.67
2017.07.06 17:05:43.359,0.9816,0.98179,1.00,1.67
2017.07.06 17:05:43.827,0.9816,0.98182,1.87,1.50
2017.07.06 17:05:44.030,0.98164,0.98182,1.00,1.50
2017.07.06 17:05:44.594,0.98164,0.98182,1.00,1.50
2017.07.06 17:05:48.627,0.98164,0.98183,1.00,1.00
2017.07.06 17:05:50.830,0.98164,0.98181,1.00,1.00
2017.07.06 17:05:51.537,0.98164,0.98182,1.00,1.00
2017.07.06 17:06:00.364,0.98164,0.98183,1.00,1.12
2017.07.06 17:06:02.369,0.98165,0.98184,1.00,1.72
2017.07.06 17:06:06.165,0.98163,0.98185,1.50,2.47
2017.07.06 17:06:06.489,0.98163,0.98182,1.50,1.37
2017.07.06 17:06:06.641,0.98163,0.98182,1.50,1.12
2017.07.06 17:06:06.691,0.98163,0.98182,1.50,1.37
2017.07.06 17:06:10.253,0.98163,0.98182,1.00,1.50
2017.07.06 17:06:11.012,0.98163,0.98182,1.00,1.12
2017.07.06 17:06:14.423,0.98163,0.98182,1.00,1.50
2017.07.06 17:06:14.926,0.98163,0.98182,1.00,1.12
2017.07.06 17:06:14.977,0.98161,0.98182,1.00,1.12
2017.07.06 17:06:15.028,0.9816,0.98182,1.12,1.72
2017.07.06 17:06:15.554,0.98159,0.9818,1.50,1.67
2017.07.06 17:06:18.597,0.9816,0.9818,1.00,1.67
2017.07.06 17:06:18.900,0.98164,0.98186,1.00,1.35
2017.07.06 17:06:19.595,0.98165,0.98186,1.00,2.10
2017.07.06 17:06:20.163,0.98166,0.98186,1.00,1.60
2017.07.06 17:06:20.665,0.98165,0.98186,1.00,1.60
2017.07.06 17:06:21.336,0.98165,0.98185,1.00,2.10
2017.07.06 17:06:21.437,0.98163,0.98184,1.50,2.10
2017.07.06 17:06:21.986,0.98164,0.98184,1.50,2.10
2017.07.06 17:06:27.705,0.98162,0.98182,1.00,2.10
2017.07.06 17:06:28.008,0.98164,0.98183,1.00,2.62
2017.07.06 17:06:28.109,0.98164,0.98184,1.00,1.35
2017.07.06 17:06:28.211,0.98162,0.98184,1.00,1.00
2017.07.06 17:06:28.262,0.98162,0.98184,1.00,2.85
2017.07.06 17:06:28.516,0.9816,0.98181,1.50,1.12
2017.07.06 17:06:28.718,0.98163,0.98183,1.00,1.75
2017.07.06 17:06:29.922,0.98161,0.98183,1.00,1.75
2017.07.06 17:06:30.884,0.98164,0.98182,1.00,1.50
2017.07.06 17:06:31.186,0.98164,0.98182,1.00,2.25
2017.07.06 17:06:31.491,0.98161,0.98182,1.00,2.25
2017.07.06 17:06:32.723,0.9816,0.98181,1.00,1.35
2017.07.06 17:06:33.336,0.98159,0.98178,1.00,1.00
2017.07.06 17:06:34.730,0.9816,0.98178,1.00,1.00
2017.07.06 17:06:35.975,0.9816,0.9818,1.00,1.30
2017.07.06 17:06:42.028,0.9816,0.98183,1.50,1.87
2017.07.06 17:06:42.542,0.98161,0.98183,1.50,1.12
2017.07.06 17:06:45.980,0.98163,0.98183,1.00,1.00
2017.07.06 17:06:46.328,0.9816,0.98181,1.00,1.72
2017.07.06 17:06:48.830,0.9816,0.98182,1.00,2.85
2017.07.06 17:06:49.136,0.98161,0.98182,1.00,2.10
2017.07.06 17:07:02.560,0.98161,0.98182,1.00,1.30
2017.07.06 17:07:02.742,0.98161,0.98182,1.00,2.47
2017.07.06 17:07:03.254,0.9816,0.9818,1.00,1.30
2017.07.06 17:07:04.691,0.98159,0.9818,1.00,1.30
2017.07.06 17:07:05.531,0.98156,0.98179,1.37,2.47
2017.07.06 17:07:05.581,0.98156,0.98179,1.00,2.85
2017.07.06 17:07:23.024,0.98156,0.98176,1.00,1.67
2017.07.06 17:07:25.195,0.98157,0.98176,1.00,1.67
2017.07.06 17:07:25.704,0.98157,0.98178,1.00,1.72
2017.07.06 17:07:35.942,0.98157,0.98177,1.00,1.35
2017.07.06 17:07:46.042,0.98158,0.98178,1.00,1.72
2017.07.06 17:07:47.082,0.98158,0.98177,1.00,2.47
2017.07.06 17:07:49.291,0.98158,0.98179,1.00,2.47
2017.07.06 17:07:56.357,0.98157,0.98178,1.00,1.67
2017.07.06 17:07:59.854,0.98159,0.98178,1.00,1.67
2017.07.06 17:08:00.210,0.98161,0.98181,1.00,2.25
2017.07.06 17:08:00.311,0.9816,0.98182,1.00,1.35
2017.07.06 17:08:00.362,0.9816,0.98182,1.00,2.10
2017.07.06 17:08:02.862,0.98161,0.98181,1.50,1.50
2017.07.06 17:08:07.006,0.98161,0.98182,1.00,1.50
2017.07.06 17:08:11.918,0.9816,0.98182,1.00,1.67
2017.07.06 17:08:12.020,0.98163,0.98183,1.00,1.75
2017.07.06 17:08:12.323,0.98165,0.98183,1.00,1.00
2017.07.06 17:08:13.743,0.98166,0.98187,1.00,1.87
2017.07.06 17:08:14.351,0.98165,0.98187,1.50,1.75
2017.07.06 17:08:17.282,0.98167,0.98186,1.00,1.50
2017.07.06 17:08:17.434,0.98168,0.98188,1.00,1.50
2017.07.06 17:08:18.332,0.98167,0.98188,1.00,1.50
2017.07.06 17:08:26.470,0.98168,0.98188,1.00,1.00
2017.07.06 17:08:26.997,0.98168,0.98189,1.00,1.12
2017.07.06 17:08:33.151,0.98169,0.98189,1.00,1.12
2017.07.06 17:08:38.525,0.9817,0.98189,1.00,1.12
2017.07.06 17:08:40.332,0.98169,0.98189,1.00,1.12
2017.07.06 17:08:44.337,0.98173,0.98192,1.00,2.25
2017.07.06 17:08:44.589,0.98174,0.98194,1.00,1.12
2017.07.06 17:08:46.418,0.98175,0.98195,1.00,1.50
2017.07.06 17:08:46.724,0.98175,0.98196,1.12,1.00
2017.07.06 17:08:47.292,0.98175,0.98196,1.00,1.50
2017.07.06 17:08:49.294,0.98178,0.98196,1.00,1.50
2017.07.06 17:08:49.546,0.98178,0.98197,1.00,1.72
2017.07.06 17:08:56.235,0.98178,0.98196,1.00,1.00
2017.07.06 17:08:56.981,0.98178,0.98196,1.00,1.50
2017.07.06 17:09:00.391,0.98176,0.98196,1.00,1.50
2017.07.06 17:09:00.442,0.98179,0.98197,1.00,1.75
2017.07.06 17:09:00.628,0.98178,0.98197,1.00,1.12
2017.07.06 17:09:02.362,0.98179,0.98199,1.00,2.25
2017.07.06 17:09:03.703,0.98179,0.982,1.00,1.12
2017.07.06 17:09:04.228,0.9818,0.98202,1.00,2.10
2017.07.06 17:09:04.734,0.98181,0.98202,1.00,2.10
2017.07.06 17:09:06.514,0.9818,0.98202,1.00,3.60
2017.07.06 17:09:07.408,0.9818,0.98201,1.00,4.12
2017.07.06 17:09:19.344,0.98179,0.98201,1.00,4.87
2017.07.06 17:09:20.597,0.98178,0.982,1.50,1.75
2017.07.06 17:09:23.423,0.98185,0.982,1.00,1.75
2017.07.06 17:09:23.474,0.98183,0.98202,1.00,4.12
2017.07.06 17:09:23.576,0.98183,0.98203,1.00,1.35
2017.07.06 17:09:23.779,0.9818,0.98203,2.25,1.35
2017.07.06 17:09:24.031,0.9818,0.98201,1.00,2.25
2017.07.06 17:09:26.917,0.98179,0.982,1.00,1.75
2017.07.06 17:09:33.112,0.98178,0.982,1.00,1.75
2017.07.06 17:09:34.034,0.9818,0.982,1.00,1.75
2017.07.06 17:09:48.517,0.98181,0.98202,1.00,3.37
2017.07.06 17:09:48.820,0.98185,0.98204,1.00,1.35
2017.07.06 17:09:49.074,0.98184,0.98204,1.00,1.30
2017.07.06 17:09:49.715,0.98183,0.98205,1.50,1.60
2017.07.06 17:09:51.138,0.98183,0.98205,1.00,3.60
2017.07.06 17:09:51.404,0.98182,0.98203,1.00,1.00
2017.07.06 17:09:51.707,0.98179,0.98201,1.12,1.72
2017.07.06 17:09:52.217,0.98178,0.98199,1.00,1.30
2017.07.06 17:09:52.537,0.9818,0.982,1.00,1.12
2017.07.06 17:09:53.051,0.98181,0.98201,1.00,1.50
2017.07.06 17:09:53.571,0.9818,0.98201,1.00,1.50
2017.07.06 17:09:54.087,0.98181,0.98201,1.00,1.50
2017.07.06 17:09:54.697,0.98182,0.98201,1.00,1.50
2017.07.06 17:10:07.535,0.98182,0.98203,1.00,2.10
2017.07.06 17:10:16.565,0.98182,0.98203,1.00,2.10
2017.07.06 17:10:22.320,0.98183,0.98203,1.00,2.10
2017.07.06 17:10:22.473,0.98183,0.98203,1.00,1.72
2017.07.06 17:10:23.931,0.98184,0.98203,1.00,1.30
2017.07.06 17:10:24.386,0.98184,0.98206,1.00,1.50
2017.07.06 17:10:27.450,0.98184,0.98206,1.00,1.75
2017.07.06 17:10:29.198,0.98185,0.98206,1.00,1.75
2017.07.06 17:10:31.201,0.98184,0.98205,1.00,1.35
2017.07.06 17:10:38.478,0.98185,0.98205,1.00,1.35
2017.07.06 17:10:38.580,0.98185,0.98206,1.00,1.12
2017.07.06 17:10:39.234,0.98187,0.98207,1.00,1.50
2017.07.06 17:10:39.843,0.98186,0.98208,1.00,1.35
2017.07.06 17:10:40.177,0.98191,0.98209,1.00,1.75
2017.07.06 17:10:40.279,0.98191,0.9821,1.00,1.35
2017.07.06 17:10:40.380,0.98188,0.9821,1.00,1.35
2017.07.06 17:10:40.903,0.98187,0.9821,2.25,1.35
2017.07.06 17:10:41.828,0.98188,0.9821,1.00,2.10
2017.07.06 17:10:42.627,0.98187,0.9821,2.25,2.10
2017.07.06 17:10:42.817,0.98187,0.98209,1.00,4.35
2017.07.06 17:10:43.019,0.98185,0.98206,1.00,1.30
2017.07.06 17:10:44.620,0.98183,0.98206,2.25,3.60
2017.07.06 17:10:45.241,0.98183,0.98205,1.50,3.60
2017.07.06 17:10:45.764,0.98185,0.98205,1.00,3.00
2017.07.06 17:10:46.018,0.98186,0.98207,1.50,2.10
2017.07.06 17:10:46.978,0.98186,0.98207,1.00,1.67
2017.07.06 17:10:48.611,0.98185,0.98207,1.50,1.35
2017.07.06 17:10:52.713,0.98184,0.98207,1.00,2.10
2017.07.06 17:10:53.268,0.98183,0.98205,1.00,3.22
2017.07.06 17:10:53.817,0.98184,0.98206,1.00,5.10
2017.07.06 17:10:54.520,0.98183,0.98206,1.50,5.10
2017.07.06 17:10:58.726,0.98184,0.98206,1.00,5.85
2017.07.06 17:10:58.777,0.98182,0.98205,1.50,3.22
2017.07.06 17:10:59.940,0.98185,0.98205,1.00,2.47
2017.07.06 17:10:59.991,0.98183,0.98206,1.50,3.60
2017.07.06 17:11:00.339,0.98184,0.98206,1.00,3.97
2017.07.06 17:11:01.000,0.98183,0.98206,1.50,3.97
2017.07.06 17:11:01.157,0.98183,0.98206,1.50,2.10
2017.07.06 17:11:01.324,0.98185,0.98206,1.00,2.10
2017.07.06 17:11:01.849,0.98184,0.98206,1.50,1.35
2017.07.06 17:11:03.046,0.98188,0.98207,1.50,1.75
2017.07.06 17:11:03.248,0.98188,0.98209,1.00,1.50
2017.07.06 17:11:05.790,0.98187,0.98209,1.00,1.35
2017.07.06 17:11:06.400,0.98186,0.98208,1.00,1.60
2017.07.06 17:11:07.890,0.98185,0.98207,1.50,1.35
2017.07.06 17:11:08.355,0.98185,0.98207,1.50,2.10
2017.07.06 17:11:09.619,0.98183,0.98205,1.12,2.10
2017.07.06 17:11:10.004,0.98183,0.98205,1.12,3.60
2017.07.06 17:11:10.558,0.98181,0.98201,1.75,1.30
2017.07.06 17:11:10.760,0.98178,0.98199,1.12,1.35
2017.07.06 17:11:11.446,0.98177,0.98199,1.00,1.35
2017.07.06 17:11:13.069,0.98178,0.98199,1.12,1.50
2017.07.06 17:11:13.120,0.98175,0.98199,1.00,2.47
2017.07.06 17:11:13.272,0.98177,0.98197,1.00,1.35
2017.07.06 17:11:13.815,0.98176,0.98197,1.00,1.35
2017.07.06 17:11:15.011,0.98177,0.98199,1.00,2.47
2017.07.06 17:11:15.520,0.98176,0.98199,1.00,2.10
2017.07.06 17:11:18.316,0.98177,0.98199,1.00,1.00
2017.07.06 17:11:18.418,0.98179,0.98199,1.00,1.00
2017.07.06 17:11:18.751,0.98181,0.98202,1.00,5.47
2017.07.06 17:11:24.890,0.98182,0.98202,1.00,4.72
2017.07.06 17:11:24.992,0.98182,0.98202,1.50,2.10
2017.07.06 17:11:25.517,0.98182,0.98202,1.50,2.85
2017.07.06 17:11:26.123,0.98182,0.98202,1.50,2.10
2017.07.06 17:11:27.757,0.98181,0.98202,1.50,2.10
2017.07.06 17:11:28.258,0.98182,0.98202,1.00,2.10
2017.07.06 17:11:37.328,0.98183,0.98202,1.00,2.10
2017.07.06 17:11:37.852,0.98182,0.98202,1.00,2.10
2017.07.06 17:11:40.456,0.98182,0.98202,1.00,2.47
2017.07.06 17:11:40.846,0.98184,0.98203,1.00,1.67
2017.07.06 17:11:41.149,0.98187,0.98208,1.00,1.35
2017.07.06 17:11:49.463,0.98187,0.98209,1.00,1.35
2017.07.06 17:11:51.882,0.98188,0.98209,1.00,1.35
2017.07.06 17:11:53.359,0.98187,0.98209,1.00,1.35
2017.07.06 17:11:53.561,0.98185,0.98208,1.50,2.05
2017.07.06 17:11:54.946,0.98186,0.98208,1.00,1.35
2017.07.06 17:12:09.728,0.98185,0.98208,2.25,3.22
2017.07.06 17:12:10.251,0.98186,0.98208,1.50,1.67
2017.07.06 17:12:12.952,0.98187,0.98207,1.00,1.30
2017.07.06 17:12:13.665,0.98187,0.98209,1.37,1.60
2017.07.06 17:12:33.815,0.98186,0.9821,1.37,2.47
2017.07.06 17:12:34.355,0.98186,0.98208,1.00,1.60
2017.07.06 17:12:38.704,0.98185,0.98208,2.25,1.72
2017.07.06 17:12:39.518,0.98185,0.98208,1.00,4.72
2017.07.06 17:12:47.193,0.98186,0.98208,1.50,1.60
2017.07.06 17:12:47.245,0.98186,0.98208,1.00,1.00
2017.07.06 17:12:47.346,0.98188,0.98208,1.00,1.00
2017.07.06 17:12:47.966,0.98186,0.98211,3.00,3.97
2017.07.06 17:13:00.125,0.98188,0.98212,1.50,5.10
2017.07.06 17:13:04.127,0.98188,0.98212,1.50,5.10
2017.07.06 17:13:28.214,0.98186,0.98211,2.25,3.22
2017.07.06 17:13:28.470,0.98186,0.98209,1.50,2.47
2017.07.06 17:13:31.952,0.98185,0.98209,2.47,2.47
2017.07.06 17:13:32.186,0.98185,0.98209,3.60,2.10
2017.07.06 17:13:45.681,0.98184,0.98208,3.37,3.22
2017.07.06 17:13:45.732,0.98183,0.98206,2.10,2.10
2017.07.06 17:13:45.935,0.98183,0.98206,1.30,2.10
2017.07.06 17:13:47.228,0.98183,0.98206,1.30,2.10
2017.07.06 17:13:47.755,0.98183,0.98206,1.35,1.72
2017.07.06 17:13:53.515,0.98183,0.98206,1.00,3.22
2017.07.06 17:13:54.024,0.98183,0.98203,1.00,1.00
2017.07.06 17:13:54.882,0.98183,0.98201,1.00,1.00
2017.07.06 17:13:55.994,0.98183,0.98202,1.00,1.00
2017.07.06 17:13:58.648,0.98183,0.98201,1.00,1.00
2017.07.06 17:14:14.205,0.98183,0.98202,1.00,1.00
2017.07.06 17:14:14.924,0.98182,0.98202,1.67,1.00
2017.07.06 17:14:20.649,0.98182,0.98201,1.67,1.00
2017.07.06 17:14:22.391,0.98186,0.98205,1.00,1.00
2017.07.06 17:14:22.543,0.98184,0.98204,1.87,1.00
2017.07.06 17:14:22.645,0.98184,0.98198,1.50,1.00
2017.07.06 17:14:22.696,0.98181,0.982,3.37,1.00
2017.07.06 17:14:22.747,0.98181,0.98197,1.12,1.00
2017.07.06 17:14:23.316,0.98179,0.98198,1.60,1.00
2017.07.06 17:14:23.852,0.98179,0.98199,1.60,1.00
2017.07.06 17:14:26.017,0.98179,0.98197,1.60,1.00
2017.07.06 17:14:26.068,0.98178,0.98197,2.25,1.00
2017.07.06 17:14:30.552,0.98179,0.98197,1.00,1.00
2017.07.06 17:14:34.851,0.98179,0.98202,1.00,4.72
2017.07.06 17:14:34.902,0.98179,0.98197,1.00,1.00
2017.07.06 17:14:35.546,0.98179,0.98199,1.00,1.00
2017.07.06 17:14:35.597,0.98178,0.98197,1.50,1.00
2017.07.06 17:14:36.114,0.98178,0.98196,1.00,1.00
2017.07.06 17:14:36.646,0.98178,0.98195,1.00,1.00
2017.07.06 17:14:37.143,0.98176,0.98193,1.00,1.00
2017.07.06 17:14:37.644,0.98173,0.98193,1.50,1.00
2017.07.06 17:14:46.973,0.98173,0.98193,1.12,1.00
2017.07.06 17:14:54.145,0.98174,0.98193,1.00,1.00
2017.07.06 17:14:54.800,0.98174,0.98194,1.00,1.00
2017.07.06 17:14:55.626,0.98174,0.98192,1.00,1.00
2017.07.06 17:15:15.363,0.98174,0.98191,1.12,1.00
2017.07.06 17:15:16.049,0.98174,0.98192,1.00,1.35
2017.07.06 17:15:16.676,0.98174,0.98191,1.00,1.00
2017.07.06 17:15:18.098,0.98174,0.98192,1.00,1.35
2017.07.06 17:15:38.597,0.98174,0.9819,1.00,1.00
2017.07.06 17:15:40.314,0.9817,0.98188,1.00,1.00
2017.07.06 17:15:40.415,0.98169,0.98186,1.12,1.00
2017.07.06 17:15:40.763,0.98168,0.98184,1.00,1.00
2017.07.06 17:15:40.891,0.98164,0.98184,2.47,1.00
2017.07.06 17:15:41.121,0.98169,0.98185,1.00,1.00
2017.07.06 17:15:46.776,0.98169,0.98186,1.00,1.00
2017.07.06 17:15:56.648,0.98169,0.98182,1.00,1.00
2017.07.06 17:15:57.558,0.98169,0.98184,1.00,1.00
2017.07.06 17:15:58.018,0.98169,0.98188,1.12,1.00
2017.07.06 17:15:58.613,0.98169,0.98189,1.87,1.00
2017.07.06 17:15:58.664,0.98169,0.98187,1.12,1.00
2017.07.06 17:16:00.197,0.98169,0.98186,1.12,1.00
2017.07.06 17:16:15.593,0.98169,0.98188,1.00,1.00
2017.07.06 17:16:16.208,0.98169,0.98186,1.00,1.00
2017.07.06 17:16:20.814,0.98168,0.98186,1.00,1.00
2017.07.06 17:16:21.342,0.98168,0.98185,1.00,1.00
2017.07.06 17:16:27.500,0.98168,0.98184,1.00,1.00
2017.07.06 17:16:27.602,0.98166,0.98184,1.50,1.00
2017.07.06 17:16:28.144,0.98163,0.98183,2.85,1.00
2017.07.06 17:16:29.947,0.98163,0.98182,2.85,1.00
2017.07.06 17:16:30.290,0.98164,0.98181,1.50,1.00
2017.07.06 17:16:30.826,0.98164,0.98182,1.12,1.00
2017.07.06 17:16:31.305,0.98164,0.98182,1.37,1.00
2017.07.06 17:16:33.928,0.98164,0.98181,1.75,1.00
2017.07.06 17:16:36.318,0.98164,0.9818,1.75,1.00
2017.07.06 17:16:38.089,0.98164,0.9818,1.37,1.00
2017.07.06 17:16:38.648,0.98164,0.9818,1.00,1.00
2017.07.06 17:16:39.358,0.98164,0.98179,1.00,1.00
2017.07.06 17:16:39.856,0.9816,0.98177,2.62,1.00
2017.07.06 17:16:39.907,0.98158,0.98176,2.62,1.00
2017.07.06 17:16:40.008,0.98156,0.98174,2.62,1.00
2017.07.06 17:16:40.059,0.98155,0.98174,1.50,1.00
2017.07.06 17:16:40.693,0.98156,0.98175,1.00,1.00
2017.07.06 17:16:41.209,0.98156,0.98175,1.37,1.00
2017.07.06 17:16:43.721,0.98156,0.98176,1.37,1.00
2017.07.06 17:16:43.830,0.98154,0.98174,1.87,1.00
2017.07.06 17:16:49.590,0.98154,0.98175,2.25,1.00
2017.07.06 17:16:53.450,0.98155,0.98174,1.75,1.00
2017.07.06 17:16:54.084,0.98155,0.98177,1.87,1.00
2017.07.06 17:16:58.062,0.98156,0.98175,1.35,1.00
2017.07.06 17:17:01.076,0.98156,0.98176,1.35,1.00
2017.07.06 17:17:01.634,0.98158,0.98177,1.12,1.00
2017.07.06 17:17:08.547,0.98158,0.98177,1.37,1.00
2017.07.06 17:17:22.328,0.98159,0.98179,1.00,1.00
2017.07.06 17:17:24.906,0.98159,0.98178,1.00,1.00
2017.07.06 17:17:25.864,0.98157,0.98177,1.35,1.00
2017.07.06 17:17:26.469,0.98155,0.98177,1.37,1.00
2017.07.06 17:17:27.854,0.98156,0.98175,1.00,1.00
2017.07.06 17:17:28.357,0.98154,0.98176,1.35,1.00
2017.07.06 17:17:30.061,0.98154,0.98175,2.05,1.00
2017.07.06 17:17:31.751,0.98156,0.98176,1.00,1.00
2017.07.06 17:17:34.251,0.98155,0.98176,1.12,1.00
2017.07.06 17:17:35.218,0.98159,0.98178,1.60,1.00
2017.07.06 17:17:35.521,0.98163,0.98179,1.00,1.00
2017.07.06 17:17:36.694,0.98163,0.98178,1.00,1.00
2017.07.06 17:17:37.242,0.98163,0.98179,1.00,1.00
2017.07.06 17:17:37.876,0.98163,0.9818,1.00,1.00
2017.07.06 17:17:38.559,0.98163,0.98179,1.00,1.00
2017.07.06 17:17:38.872,0.98163,0.98181,1.00,1.00
2017.07.06 17:17:39.894,0.98163,0.98182,1.00,1.00
2017.07.06 17:17:40.467,0.98164,0.98183,1.00,1.00
2017.07.06 17:17:40.848,0.98164,0.98187,1.00,1.60
2017.07.06 17:17:40.898,0.98164,0.98183,1.00,1.00
2017.07.06 17:17:49.492,0.98164,0.98182,1.50,1.00
2017.07.06 17:17:50.469,0.98164,0.98181,1.50,1.00
2017.07.06 17:17:50.814,0.98164,0.98179,1.00,1.00
2017.07.06 17:17:56.360,0.98164,0.9818,1.00,1.00
2017.07.06 17:17:56.871,0.98164,0.98179,1.00,1.00
2017.07.06 17:18:04.924,0.98164,0.98181,1.00,1.00
2017.07.06 17:18:07.625,0.98164,0.98179,1.00,1.00
2017.07.06 17:18:10.803,0.98164,0.9818,1.00,1.00
2017.07.06 17:18:10.905,0.98164,0.98182,1.00,1.12
2017.07.06 17:18:13.402,0.98164,0.9818,1.00,1.00
2017.07.06 17:18:14.595,0.98164,0.98179,1.00,1.00
2017.07.06 17:18:15.239,0.98164,0.9818,1.00,1.00
2017.07.06 17:18:16.467,0.98164,0.98183,1.00,1.72
2017.07.06 17:18:25.778,0.98162,0.98183,1.00,1.35
2017.07.06 17:18:30.345,0.98163,0.98183,1.00,1.00
2017.07.06 17:18:30.849,0.98164,0.98183,1.87,1.00
2017.07.06 17:18:34.604,0.98164,0.98184,1.87,1.00
2017.07.06 17:18:35.420,0.98164,0.98183,1.87,1.00
2017.07.06 17:18:41.277,0.98164,0.98187,1.72,1.50
2017.07.06 17:18:41.379,0.98169,0.98186,1.00,1.12
2017.07.06 17:18:41.430,0.98167,0.98185,1.00,1.00
2017.07.06 17:18:41.554,0.98164,0.98185,1.72,1.00
2017.07.06 17:18:42.062,0.98164,0.98185,1.12,1.00
2017.07.06 17:18:42.191,0.98169,0.98185,1.00,1.00
2017.07.06 17:18:42.706,0.98168,0.98191,2.47,1.12
2017.07.06 17:18:42.757,0.98174,0.98191,1.00,1.00
2017.07.06 17:18:44.209,0.98174,0.9819,1.00,1.00
2017.07.06 17:18:46.866,0.98174,0.98191,1.00,1.00
2017.07.06 17:18:47.170,0.98173,0.98189,1.00,1.00
2017.07.06 17:18:48.194,0.98169,0.98189,1.37,1.00
2017.07.06 17:18:48.295,0.98169,0.98189,1.37,1.00
2017.07.06 17:18:48.952,0.98173,0.98189,1.00,1.00
2017.07.06 17:18:49.708,0.98174,0.98189,1.00,1.00
2017.07.06 17:18:51.768,0.98168,0.98189,1.50,1.00
2017.07.06 17:18:55.552,0.98168,0.9819,1.50,1.00
2017.07.06 17:18:58.350,0.98174,0.9819,1.00,1.00
2017.07.06 17:18:58.788,0.98174,0.98192,1.00,1.12
2017.07.06 17:19:01.145,0.98167,0.98192,2.47,1.87
2017.07.06 17:19:03.411,0.9817,0.98192,1.00,1.37
2017.07.06 17:19:04.473,0.98169,0.98192,1.12,1.37
2017.07.06 17:19:18.154,0.98186,0.98192,1.00,1.37
2017.07.06 17:19:18.205,0.98183,0.9819,1.00,1.00
2017.07.06 17:19:18.256,0.98189,0.98193,1.00,1.00
2017.07.06 17:19:18.307,0.98193,0.98203,1.00,6.00
2017.07.06 17:19:18.358,0.98189,0.98207,3.00,1.00
2017.07.06 17:19:18.504,0.98195,0.98206,1.00,1.00
2017.07.06 17:19:18.555,0.982,0.98214,1.00,1.00
2017.07.06 17:19:18.656,0.98199,0.9822,1.00,1.35
2017.07.06 17:19:18.707,0.98201,0.9822,1.00,1.67
2017.07.06 17:19:18.758,0.982,0.9822,1.00,1.35
2017.07.06 17:19:19.265,0.98199,0.9822,1.00,2.10
2017.07.06 17:19:19.316,0.98204,0.9822,1.00,1.87
2017.07.06 17:19:19.832,0.98204,0.98221,1.00,3.37
2017.07.06 17:19:20.093,0.98199,0.98221,1.50,3.37
2017.07.06 17:19:23.550,0.98199,0.9822,1.50,1.12
2017.07.06 17:19:30.632,0.98199,0.98221,1.50,1.12
2017.07.06 17:19:30.784,0.98196,0.98218,1.00,1.00
2017.07.06 17:19:30.886,0.98195,0.98217,1.00,1.12
2017.07.06 17:19:31.176,0.98192,0.98216,1.50,2.47
2017.07.06 17:19:31.277,0.98195,0.98216,1.00,1.87
2017.07.06 17:19:31.480,0.98196,0.98218,1.00,1.12
2017.07.06 17:19:31.682,0.98193,0.98214,2.25,1.12
2017.07.06 17:19:31.733,0.98193,0.98218,3.00,2.25
2017.07.06 17:19:31.863,0.98197,0.98217,1.00,1.37
2017.07.06 17:19:32.017,0.98199,0.98217,1.00,1.00
2017.07.06 17:19:32.534,0.98199,0.98219,1.00,1.12
2017.07.06 17:19:33.316,0.98197,0.98218,1.50,2.10
2017.07.06 17:19:33.367,0.98194,0.98217,1.75,1.37
2017.07.06 17:19:33.519,0.98194,0.98215,1.00,1.00
2017.07.06 17:19:33.569,0.98193,0.98214,1.12,1.37
2017.07.06 17:19:34.546,0.9819,0.98212,1.00,1.00
2017.07.06 17:19:35.241,0.98191,0.98212,1.00,1.00
2017.07.06 17:19:36.823,0.98192,0.98212,1.00,1.00
2017.07.06 17:19:36.874,0.98191,0.98212,1.00,1.50
2017.07.06 17:19:40.962,0.98192,0.98209,1.00,1.00
2017.07.06 17:19:44.485,0.98194,0.98209,1.00,1.00
2017.07.06 17:19:44.637,0.98194,0.98212,1.00,1.00
2017.07.06 17:19:45.147,0.98194,0.98214,1.00,1.37
2017.07.06 17:19:45.846,0.98193,0.98214,1.00,1.37
2017.07.06 17:19:49.272,0.98194,0.98214,1.00,1.37
2017.07.06 17:20:00.244,0.98195,0.98217,1.00,2.62
2017.07.06 17:20:04.817,0.98197,0.98217,1.00,2.62
2017.07.06 17:20:05.116,0.98199,0.98222,2.25,2.10
2017.07.06 17:20:05.218,0.982,0.98222,1.00,4.72
2017.07.06 17:20:06.338,0.98201,0.98222,1.00,2.62
2017.07.06 17:20:06.389,0.98201,0.98223,1.00,3.22
2017.07.06 17:20:08.364,0.98203,0.98223,1.00,2.62
2017.07.06 17:20:08.827,0.98201,0.98223,1.00,2.62
2017.07.06 17:20:09.906,0.982,0.98222,1.50,1.75
2017.07.06 17:20:11.816,0.982,0.98218,1.00,1.35
2017.07.06 17:20:11.917,0.98194,0.98216,1.87,1.00
2017.07.06 17:20:11.968,0.98194,0.98214,1.50,1.50
2017.07.06 17:20:12.311,0.98196,0.9821,1.00,1.00
2017.07.06 17:20:12.464,0.98199,0.98221,1.00,3.00
2017.07.06 17:20:23.258,0.98201,0.98221,1.00,2.62
2017.07.06 17:20:23.568,0.98206,0.98225,1.50,2.62
2017.07.06 17:20:23.670,0.98206,0.98227,1.50,1.75
2017.07.06 17:20:23.722,0.98203,0.98227,1.50,1.12
2017.07.06 17:20:24.228,0.98204,0.98226,1.00,3.37
2017.07.06 17:20:31.703,0.98206,0.98226,1.00,3.37
2017.07.06 17:20:31.956,0.98206,0.98228,1.00,1.35
2017.07.06 17:20:32.717,0.98204,0.98228,1.50,1.35
2017.07.06 17:20:32.991,0.98206,0.98228,1.00,2.05
2017.07.06 17:20:33.295,0.98205,0.98228,1.87,1.75
2017.07.06 17:20:33.823,0.98205,0.98228,1.50,3.75
2017.07.06 17:20:34.364,0.98206,0.98228,1.00,4.35
2017.07.06 17:20:34.492,0.98204,0.98227,1.00,1.87
2017.07.06 17:20:35.181,0.98203,0.98226,1.00,2.25
2017.07.06 17:20:37.680,0.98203,0.98225,1.00,2.47
2017.07.06 17:20:38.211,0.98203,0.98223,1.00,1.75
2017.07.06 17:20:38.816,0.98203,0.98223,1.50,3.37
2017.07.06 17:20:40.752,0.98203,0.98223,1.00,1.50
2017.07.06 17:20:41.507,0.98203,0.98223,1.00,1.75
2017.07.06 17:20:49.128,0.98203,0.98223,1.00,1.75
2017.07.06 17:20:50.309,0.98205,0.98224,1.00,1.75
2017.07.06 17:20:50.612,0.98203,0.98225,1.00,2.62
2017.07.06 17:20:51.410,0.98204,0.98225,1.00,2.62
2017.07.06 17:20:51.719,0.98207,0.98225,1.00,2.62
2017.07.06 17:20:52.024,0.98206,0.98226,1.00,1.50
2017.07.06 17:20:55.470,0.98207,0.98228,1.00,3.75
2017.07.06 17:21:00.545,0.98208,0.98228,1.00,3.37
2017.07.06 17:21:01.043,0.9821,0.98228,1.00,3.37
2017.07.06 17:21:01.195,0.98211,0.9823,1.00,2.62
2017.07.06 17:21:01.577,0.98211,0.98233,1.50,1.87
2017.07.06 17:21:02.202,0.98211,0.98232,1.00,3.75
2017.07.06 17:21:05.448,0.9821,0.98229,1.00,1.50
2017.07.06 17:21:05.499,0.98208,0.98229,1.50,1.50
2017.07.06 17:21:05.903,0.9821,0.98227,1.00,1.00
2017.07.06 17:21:07.050,0.9821,0.98231,1.00,1.87
2017.07.06 17:21:07.354,0.98211,0.98232,1.00,1.67
2017.07.06 17:21:08.258,0.98212,0.98233,1.00,2.05
2017.07.06 17:21:09.818,0.98212,0.98233,1.00,1.35
2017.07.06 17:21:09.970,0.9821,0.9823,1.00,1.72
2017.07.06 17:21:10.122,0.98206,0.98227,1.00,1.30
2017.07.06 17:21:10.689,0.98204,0.98227,2.62,1.30
2017.07.06 17:21:11.197,0.98203,0.98228,1.50,1.35
2017.07.06 17:21:11.449,0.98204,0.98227,1.00,1.12
2017.07.06 17:21:17.889,0.98205,0.98225,1.00,1.37
2017.07.06 17:21:18.984,0.98203,0.98225,1.00,1.12
2017.07.06 17:21:19.497,0.98203,0.98224,1.00,1.12
2017.07.06 17:21:20.246,0.98203,0.98222,1.00,1.00
2017.07.06 17:21:20.297,0.98199,0.98222,2.62,2.25
2017.07.06 17:21:20.348,0.98199,0.98222,1.87,3.75
2017.07.06 17:21:20.550,0.98197,0.98218,1.00,1.30
2017.07.06 17:21:20.753,0.98199,0.9822,1.00,3.75
2017.07.06 17:21:25.956,0.98198,0.9822,1.00,2.62
2017.07.06 17:21:26.559,0.98198,0.98221,1.00,1.87
2017.07.06 17:21:27.600,0.98201,0.9822,1.00,1.67
2017.07.06 17:21:27.651,0.98201,0.98221,1.00,1.00
2017.07.06 17:21:29.110,0.982,0.98221,1.50,1.00
2017.07.06 17:21:29.708,0.98202,0.98221,1.00,1.00
2017.07.06 17:21:30.018,0.98204,0.98223,1.00,1.37
2017.07.06 17:21:35.512,0.98203,0.98224,1.50,1.12
2017.07.06 17:21:36.919,0.98204,0.98224,1.00,1.12
2017.07.06 17:21:41.664,0.98203,0.98224,1.00,1.12
2017.07.06 17:21:42.248,0.98204,0.98225,1.00,1.87
2017.07.06 17:21:43.169,0.98201,0.98222,1.50,1.00
2017.07.06 17:21:43.372,0.98202,0.98222,1.00,3.75
2017.07.06 17:21:43.574,0.98203,0.98222,1.00,1.00
2017.07.06 17:21:45.927,0.98204,0.98222,1.00,1.00
2017.07.06 17:21:46.214,0.98204,0.98225,1.00,1.12
2017.07.06 17:21:47.749,0.98205,0.98225,1.00,1.37
2017.07.06 17:21:48.335,0.98205,0.98226,1.00,1.67
2017.07.06 17:21:50.796,0.98204,0.98226,1.00,1.67
2017.07.06 17:21:53.138,0.98204,0.98225,1.00,1.37
2017.07.06 17:22:03.499,0.98205,0.98223,1.00,1.00
2017.07.06 17:22:05.456,0.98206,0.98223,1.00,1.00
2017.07.06 17:22:05.784,0.98204,0.98223,1.50,1.00
2017.07.06 17:22:06.298,0.98205,0.98223,1.00,1.00
2017.07.06 17:22:06.948,0.98205,0.98227,1.50,2.62
2017.07.06 17:22:09.176,0.98204,0.98226,1.00,1.87
2017.07.06 17:22:10.404,0.98206,0.98227,1.00,2.25
2017.07.06 17:22:10.762,0.98204,0.98227,1.50,3.75
2017.07.06 17:22:11.206,0.98207,0.98226,1.00,1.75
2017.07.06 17:22:11.359,0.98201,0.98222,1.37,1.00
2017.07.06 17:22:11.410,0.982,0.98223,3.37,1.50
2017.07.06 17:22:11.512,0.98203,0.98222,1.00,1.87
2017.07.06 17:22:11.816,0.98204,0.98225,1.50,4.50
2017.07.06 17:22:12.156,0.98205,0.98226,1.00,2.62
2017.07.06 17:22:16.686,0.98205,0.98226,1.00,1.12
2017.07.06 17:22:17.259,0.98204,0.98226,1.00,1.12
2017.07.06 17:22:22.715,0.98203,0.98226,1.00,1.12
2017.07.06 17:22:22.866,0.98202,0.98224,1.12,1.00
2017.07.06 17:22:23.174,0.98201,0.98225,1.50,3.75
2017.07.06 17:22:23.503,0.98203,0.98225,1.00,3.75
2017.07.06 17:22:25.570,0.98202,0.98225,1.00,3.75
2017.07.06 17:22:26.740,0.98204,0.98224,1.00,1.75
2017.07.06 17:22:26.993,0.98203,0.98226,1.50,1.75
2017.07.06 17:22:27.588,0.98204,0.98226,1.00,1.75
2017.07.06 17:22:30.388,0.98204,0.98221,1.00,1.00
2017.07.06 17:22:34.160,0.98207,0.98221,1.00,1.00
2017.07.06 17:22:34.414,0.9821,0.98231,1.00,2.62
2017.07.06 17:22:34.567,0.98213,0.98231,1.00,2.62
2017.07.06 17:22:34.618,0.98213,0.9823,1.00,1.00
2017.07.06 17:22:40.536,0.98213,0.98232,1.00,1.00
2017.07.06 17:22:48.242,0.98213,0.98235,1.00,1.72
2017.07.06 17:22:48.628,0.98213,0.98231,1.00,1.00
2017.07.06 17:22:49.281,0.98214,0.98231,1.00,1.00
2017.07.06 17:22:49.541,0.98213,0.98236,1.50,1.00
2017.07.06 17:22:49.744,0.98215,0.98236,1.00,1.00
2017.07.06 17:22:52.147,0.98215,0.98235,1.00,1.00
2017.07.06 17:22:52.349,0.98206,0.98229,1.50,1.00
2017.07.06 17:22:52.450,0.98203,0.98229,2.62,1.12
2017.07.06 17:22:52.695,0.98207,0.98229,1.00,2.25
2017.07.06 17:22:52.948,0.98209,0.98234,1.00,3.00
2017.07.06 17:22:53.859,0.9821,0.98235,1.00,5.10
2017.07.06 17:22:54.061,0.98211,0.98235,1.60,3.37
2017.07.06 17:22:54.162,0.98211,0.98235,1.60,1.75
2017.07.06 17:22:55.760,0.98214,0.98234,1.00,1.50
2017.07.06 17:22:55.810,0.9821,0.98234,2.10,1.50
2017.07.06 17:22:55.962,0.98209,0.98233,2.25,2.05
2017.07.06 17:23:13.586,0.98208,0.98233,2.47,3.22
2017.07.06 17:23:14.189,0.98208,0.98229,1.35,1.00
2017.07.06 17:23:19.912,0.98208,0.98227,1.35,1.00
2017.07.06 17:23:19.962,0.98208,0.98229,1.35,1.00
2017.07.06 17:23:20.064,0.98207,0.98229,1.60,1.50
2017.07.06 17:23:20.567,0.98207,0.9823,1.60,3.00
2017.07.06 17:23:20.820,0.98207,0.98231,1.60,1.12
2017.07.06 17:23:28.421,0.98208,0.98232,4.35,1.75
2017.07.06 17:23:28.624,0.98211,0.98231,1.35,1.00
2017.07.06 17:23:43.669,0.9821,0.98233,1.60,1.75
2017.07.06 17:23:54.454,0.9821,0.98233,1.12,1.75
2017.07.06 17:23:54.555,0.98212,0.98234,1.00,2.62
2017.07.06 17:23:54.606,0.98212,0.98235,1.00,1.75
2017.07.06 17:23:55.146,0.98211,0.98236,1.00,2.62
2017.07.06 17:23:56.631,0.9821,0.98234,1.35,1.37
2017.07.06 17:23:56.833,0.9821,0.98233,1.35,1.75
2017.07.06 17:23:59.123,0.9821,0.98235,1.30,5.25
2017.07.06 17:23:59.174,0.9821,0.98235,1.30,3.37
2017.07.06 17:23:59.692,0.98211,0.98234,1.00,1.87
2017.07.06 17:24:04.751,0.9821,0.98232,1.72,1.12
2017.07.06 17:24:05.669,0.9821,0.98234,1.30,3.37
2017.07.06 17:24:06.204,0.9821,0.98233,1.00,1.35
2017.07.06 17:24:07.850,0.98209,0.98233,1.35,1.35
2017.07.06 17:24:08.407,0.9821,0.98233,1.12,1.67
2017.07.06 17:24:10.315,0.9821,0.98231,1.12,1.00
2017.07.06 17:24:10.417,0.9821,0.9823,1.00,1.37
2017.07.06 17:24:10.519,0.98207,0.98227,1.00,1.00
2017.07.06 17:24:10.621,0.98205,0.98227,1.50,1.50
2017.07.06 17:24:14.657,0.98206,0.98227,1.00,1.50
2017.07.06 17:24:15.652,0.98206,0.98226,1.00,1.00
2017.07.06 17:24:16.171,0.98206,0.98227,1.35,1.00
2017.07.06 17:24:16.445,0.98204,0.98226,1.35,2.62
2017.07.06 17:24:16.748,0.98202,0.98224,1.35,1.75
2017.07.06 17:24:17.251,0.98201,0.98224,1.35,1.75
2017.07.06 17:24:19.568,0.98203,0.98225,1.00,2.47
2017.07.06 17:24:25.947,0.98201,0.98224,1.60,1.75
2017.07.06 17:24:30.483,0.98202,0.98224,1.35,1.37
2017.07.06 17:24:30.986,0.98202,0.98224,1.35,1.75
2017.07.06 17:24:41.686,0.98203,0.98226,1.00,2.62
2017.07.06 17:24:41.939,0.98207,0.98231,1.72,1.87
2017.07.06 17:24:44.070,0.98209,0.98232,1.00,2.10
2017.07.06 17:24:46.061,0.98214,0.98232,1.00,2.47
2017.07.06 17:24:46.264,0.98214,0.98233,1.00,1.50
2017.07.06 17:24:46.415,0.98212,0.98234,1.00,3.37
2017.07.06 17:24:46.632,0.98214,0.98232,1.00,1.37
2017.07.06 17:24:46.867,0.98214,0.98233,1.00,1.50
2017.07.06 17:24:53.471,0.98214,0.98232,1.00,1.00
2017.07.06 17:24:53.625,0.98211,0.98233,1.00,1.50
2017.07.06 17:24:54.026,0.98208,0.98231,1.37,1.12
2017.07.06 17:24:59.007,0.98208,0.98231,1.35,2.10
2017.07.06 17:25:00.396,0.98205,0.98228,1.12,1.50
2017.07.06 17:25:00.497,0.98205,0.98228,1.00,1.50
2017.07.06 17:25:01.019,0.98208,0.9823,1.30,1.87
2017.07.06 17:25:01.322,0.98211,0.98235,1.00,3.22
2017.07.06 17:25:01.677,0.98207,0.98227,1.37,1.00
2017.07.06 17:25:01.728,0.98206,0.9823,1.12,2.10
2017.07.06 17:25:01.832,0.98206,0.9823,1.00,2.10
2017.07.06 17:25:02.495,0.98204,0.98229,1.37,1.67
2017.07.06 17:25:03.002,0.98203,0.98229,1.50,2.47
2017.07.06 17:25:03.103,0.98203,0.98225,1.00,1.00
2017.07.06 17:25:12.217,0.98202,0.98225,1.35,1.00
2017.07.06 17:25:18.761,0.98202,0.98225,2.85,1.00
2017.07.06 17:25:18.812,0.98206,0.98225,1.00,1.00
2017.07.06 17:25:19.065,0.98209,0.98233,2.25,3.00
2017.07.06 17:25:19.372,0.98203,0.98227,1.37,1.37
2017.07.06 17:25:19.423,0.98203,0.98226,1.00,1.50
2017.07.06 17:25:20.090,0.98202,0.98225,1.12,1.67
2017.07.06 17:25:22.281,0.98203,0.98226,1.00,1.72
2017.07.06 17:25:24.750,0.98208,0.98227,1.00,1.37
2017.07.06 17:25:24.801,0.98209,0.9823,1.00,1.37
2017.07.06 17:25:24.953,0.98214,0.98231,1.00,1.50
2017.07.06 17:25:25.054,0.98215,0.98235,1.00,3.00
2017.07.06 17:25:25.105,0.98215,0.98235,1.35,1.12
2017.07.06 17:25:25.206,0.98216,0.98235,1.00,1.00
2017.07.06 17:25:25.409,0.9822,0.98239,1.00,3.37
2017.07.06 17:25:25.510,0.98217,0.98239,1.00,3.37
2017.07.06 17:25:25.611,0.98218,0.98238,1.00,1.00
2017.07.06 17:25:25.865,0.98217,0.98238,1.00,1.37
2017.07.06 17:25:26.010,0.98214,0.98236,1.50,1.00
2017.07.06 17:25:26.112,0.98214,0.98236,1.50,1.87
2017.07.06 17:25:26.416,0.98211,0.98234,1.50,3.37
2017.07.06 17:25:26.719,0.98214,0.98235,1.50,1.00
2017.07.06 17:25:26.771,0.98214,0.98236,1.50,1.75
2017.07.06 17:25:27.075,0.98216,0.98237,1.00,2.25
2017.07.06 17:25:27.607,0.98216,0.98237,1.00,1.12
2017.07.06 17:25:27.899,0.98214,0.98236,1.50,1.50
2017.07.06 17:25:28.354,0.98215,0.98236,1.00,3.37
2017.07.06 17:25:28.456,0.98213,0.98235,1.00,2.25
2017.07.06 17:25:28.558,0.98215,0.98234,1.00,3.37
2017.07.06 17:25:28.659,0.98215,0.98236,1.00,2.62
2017.07.06 17:25:28.979,0.98215,0.98237,1.00,2.62
2017.07.06 17:25:29.477,0.98217,0.98237,1.00,1.12
2017.07.06 17:25:29.782,0.98222,0.98239,1.00,1.00
2017.07.06 17:25:30.049,0.98223,0.98245,1.00,3.37
2017.07.06 17:25:30.588,0.98223,0.98246,1.00,1.75
2017.07.06 17:25:31.094,0.98224,0.98247,1.00,3.37
2017.07.06 17:25:31.622,0.98225,0.98246,1.00,1.12
2017.07.06 17:25:32.268,0.98223,0.98242,2.25,1.00
2017.07.06 17:25:32.320,0.98222,0.98245,1.12,2.47
2017.07.06 17:25:32.484,0.98221,0.98245,1.12,3.22
2017.07.06 17:25:35.157,0.9822,0.98243,1.50,1.37
2017.07.06 17:25:35.460,0.98216,0.98239,2.25,1.72
2017.07.06 17:25:35.764,0.98216,0.98238,1.50,1.12
2017.07.06 17:25:36.313,0.98217,0.98238,1.00,1.12
2017.07.06 17:25:38.298,0.98219,0.98239,1.00,1.75
2017.07.06 17:25:38.500,0.98221,0.98242,1.00,1.87
2017.07.06 17:25:38.849,0.9822,0.98243,1.50,1.35
2017.07.06 17:25:39.222,0.98223,0.98243,1.00,1.35
2017.07.06 17:25:39.323,0.98221,0.98243,1.50,2.05
2017.07.06 17:25:39.491,0.98223,0.98243,1.00,2.05
2017.07.06 17:25:40.006,0.98226,0.98244,1.00,1.75
2017.07.06 17:25:40.300,0.9823,0.98252,1.00,1.35
2017.07.06 17:25:40.401,0.98232,0.98253,1.00,1.75
2017.07.06 17:25:40.604,0.98233,0.98253,1.00,1.00
2017.07.06 17:25:40.858,0.9823,0.98253,1.00,1.72
2017.07.06 17:25:40.960,0.98229,0.98252,1.12,2.10
2017.07.06 17:25:41.467,0.98229,0.98251,1.00,1.12
2017.07.06 17:25:41.670,0.98227,0.9825,1.50,4.35
2017.07.06 17:25:42.177,0.98227,0.98248,1.50,1.00
2017.07.06 17:25:43.253,0.98232,0.98248,1.00,1.00
2017.07.06 17:25:43.404,0.98232,0.98255,1.50,2.10
2017.07.06 17:25:43.992,0.98234,0.98255,1.00,2.10
2017.07.06 17:25:44.043,0.98232,0.98255,1.50,2.10
2017.07.06 17:25:45.770,0.98234,0.98255,1.00,2.85
2017.07.06 17:25:46.105,0.98232,0.98255,1.00,2.85
2017.07.06 17:25:46.185,0.98234,0.98255,1.00,2.85
2017.07.06 17:25:46.236,0.98232,0.98255,1.00,2.85
2017.07.06 17:25:46.470,0.9823,0.98253,1.12,1.97
2017.07.06 17:25:46.622,0.98228,0.9825,2.62,1.67
2017.07.06 17:25:46.774,0.98228,0.98249,2.62,2.10
2017.07.06 17:25:47.254,0.98228,0.98248,1.00,3.22
2017.07.06 17:25:49.689,0.98233,0.98248,1.00,2.62
2017.07.06 17:25:49.892,0.98233,0.98253,1.00,2.62
2017.07.06 17:25:50.195,0.98229,0.9825,1.50,2.85
2017.07.06 17:25:50.296,0.98229,0.9825,1.50,3.97
2017.07.06 17:25:52.310,0.98227,0.9825,1.50,3.60
2017.07.06 17:25:53.217,0.98228,0.9825,1.00,4.35
2017.07.06 17:25:54.349,0.98231,0.9825,1.00,3.37
2017.07.06 17:25:54.501,0.98231,0.98252,1.00,2.62
2017.07.06 17:25:55.650,0.98231,0.98253,1.00,1.35
2017.07.06 17:25:56.346,0.98233,0.98254,1.00,1.75
2017.07.06 17:25:56.616,0.98233,0.98255,1.00,1.12
2017.07.06 17:25:57.135,0.98234,0.98255,1.50,1.12
2017.07.06 17:25:57.977,0.98235,0.98257,1.00,3.37
2017.07.06 17:25:58.180,0.98235,0.98257,1.00,1.12
2017.07.06 17:25:58.331,0.98234,0.98257,1.50,2.47
2017.07.06 17:25:59.557,0.98236,0.98254,1.00,1.00
2017.07.06 17:25:59.608,0.98233,0.98254,1.00,1.00
2017.07.06 17:25:59.800,0.98233,0.98257,1.00,1.72
2017.07.06 17:25:59.851,0.98234,0.98255,1.00,4.50
2017.07.06 17:25:59.952,0.98234,0.98253,1.00,1.00
2017.07.06 17:26:00.054,0.98231,0.98255,1.12,1.75
2017.07.06 17:26:00.256,0.98232,0.98253,1.00,3.00
2017.07.06 17:26:01.084,0.98234,0.98253,1.00,2.62
2017.07.06 17:26:01.237,0.98233,0.98255,1.00,2.62
2017.07.06 17:26:01.664,0.98235,0.98256,1.00,2.62
2017.07.06 17:26:02.481,0.98234,0.98256,1.00,2.62
2017.07.06 17:26:03.030,0.98233,0.98256,1.50,3.37
2017.07.06 17:26:03.131,0.98234,0.98255,1.00,1.00
2017.07.06 17:26:03.545,0.98236,0.98257,1.00,1.75
2017.07.06 17:26:03.799,0.98236,0.98258,1.00,1.12
2017.07.06 17:26:03.850,0.98236,0.98258,1.00,1.12
2017.07.06 17:26:04.205,0.98234,0.98258,1.50,2.25
2017.07.06 17:26:07.221,0.98235,0.98257,1.00,1.12
2017.07.06 17:26:07.323,0.9824,0.98257,1.00,2.62
2017.07.06 17:26:07.424,0.98241,0.98258,1.00,1.00
2017.07.06 17:26:07.879,0.98239,0.98258,1.50,1.00
2017.07.06 17:26:08.435,0.98239,0.98262,1.50,2.85
2017.07.06 17:26:09.145,0.9824,0.98262,1.00,1.75
2017.07.06 17:26:09.246,0.98244,0.98264,1.00,1.75
2017.07.06 17:26:09.348,0.98246,0.98266,1.00,1.50
2017.07.06 17:26:09.399,0.98247,0.98266,1.00,1.12
2017.07.06 17:26:09.910,0.98246,0.98266,1.50,1.12
2017.07.06 17:26:10.217,0.98244,0.98266,1.12,1.50
2017.07.06 17:26:10.268,0.98244,0.98266,1.00,4.87
2017.07.06 17:26:10.571,0.98245,0.98266,1.00,2.25
2017.07.06 17:26:10.622,0.98243,0.98266,1.50,2.25
2017.07.06 17:26:10.788,0.98245,0.98266,1.00,2.25
2017.07.06 17:26:11.207,0.98245,0.98266,1.00,4.12
2017.07.06 17:26:11.729,0.98244,0.98265,1.00,1.75
2017.07.06 17:26:12.365,0.98245,0.98266,1.00,2.62
2017.07.06 17:26:12.907,0.98246,0.98266,1.00,2.62
2017.07.06 17:26:13.982,0.98245,0.98267,1.00,3.37
2017.07.06 17:26:14.648,0.98244,0.98267,1.50,2.25
2017.07.06 17:26:15.364,0.98244,0.98267,1.00,4.50
2017.07.06 17:26:15.897,0.98242,0.98265,2.10,1.75
2017.07.06 17:26:16.488,0.98242,0.98263,1.00,1.30
2017.07.06 17:26:16.791,0.9824,0.98263,1.00,4.72
2017.07.06 17:26:17.119,0.98242,0.98263,1.00,3.97
2017.07.06 17:26:17.626,0.98242,0.98263,1.00,1.75
2017.07.06 17:26:17.946,0.98246,0.98267,1.00,1.75
2017.07.06 17:26:18.198,0.98245,0.98265,1.00,1.00
2017.07.06 17:26:18.706,0.98245,0.98264,1.00,1.00
2017.07.06 17:26:24.999,0.98244,0.98264,1.00,1.00
2017.07.06 17:26:25.101,0.98244,0.98265,1.00,4.87
2017.07.06 17:26:26.897,0.98244,0.98262,1.00,1.00
2017.07.06 17:26:27.682,0.98243,0.98264,1.00,1.50
2017.07.06 17:26:28.186,0.98242,0.98261,1.00,1.00
2017.07.06 17:26:28.641,0.9824,0.98263,1.00,2.05
2017.07.06 17:26:29.819,0.9824,0.98263,1.87,2.10
2017.07.06 17:26:30.367,0.98241,0.98263,1.00,1.67
2017.07.06 17:26:30.418,0.98242,0.98263,1.00,1.67
2017.07.06 17:26:30.570,0.98242,0.98263,1.00,1.67
2017.07.06 17:26:31.316,0.98244,0.98265,1.00,3.37
2017.07.06 17:26:31.468,0.98245,0.98267,1.50,1.35
2017.07.06 17:26:31.569,0.98245,0.98269,1.87,1.35
2017.07.06 17:26:33.293,0.98246,0.9827,1.87,1.50
2017.07.06 17:26:33.344,0.98249,0.9827,1.00,1.50
2017.07.06 17:26:34.326,0.98247,0.98269,1.00,1.12
2017.07.06 17:26:35.127,0.98246,0.98268,1.12,1.30
2017.07.06 17:26:35.633,0.98245,0.98268,1.00,1.67
2017.07.06 17:26:36.948,0.98246,0.98268,1.00,1.72
2017.07.06 17:26:37.356,0.98246,0.98268,1.00,3.60
2017.07.06 17:26:37.559,0.98243,0.98266,1.00,1.35
2017.07.06 17:26:38.247,0.98243,0.98265,1.00,1.35
2017.07.06 17:26:38.577,0.98245,0.98265,1.00,1.35
2017.07.06 17:26:38.679,0.98245,0.98268,1.00,1.35
2017.07.06 17:26:39.215,0.98246,0.98268,1.00,1.12
2017.07.06 17:26:40.151,0.98247,0.98269,1.00,3.37
2017.07.06 17:26:40.512,0.98245,0.98269,1.50,3.37
2017.07.06 17:26:40.675,0.98245,0.98263,1.00,2.25
2017.07.06 17:26:41.080,0.98243,0.98266,1.00,4.35
2017.07.06 17:26:41.131,0.98245,0.98266,1.00,2.05
2017.07.06 17:26:41.678,0.98246,0.98267,1.00,1.35
2017.07.06 17:26:48.143,0.98245,0.98263,1.00,1.00
2017.07.06 17:26:48.447,0.98242,0.98263,1.00,1.00
2017.07.06 17:26:48.822,0.98244,0.98266,1.00,2.85
2017.07.06 17:26:49.340,0.98246,0.98265,1.00,1.00
2017.07.06 17:26:49.926,0.98244,0.98265,1.00,1.12
2017.07.06 17:26:50.077,0.98244,0.98265,1.00,1.50
2017.07.06 17:26:50.128,0.98242,0.98263,1.00,1.12
2017.07.06 17:26:51.441,0.98243,0.98264,1.00,1.37
2017.07.06 17:26:52.541,0.98242,0.98263,1.00,1.12
2017.07.06 17:26:53.095,0.98242,0.98262,1.00,1.00
2017.07.06 17:26:53.656,0.98243,0.98262,1.00,1.00
2017.07.06 17:26:54.292,0.98243,0.98264,1.00,1.37
2017.07.06 17:26:54.646,0.98245,0.98265,1.00,1.67
2017.07.06 17:26:54.848,0.98245,0.98267,1.00,1.37
2017.07.06 17:27:02.313,0.98245,0.98268,1.00,1.35
2017.07.06 17:27:02.815,0.98245,0.98266,1.00,1.30
2017.07.06 17:27:06.558,0.98246,0.98268,1.00,1.67
2017.07.06 17:27:06.897,0.98246,0.98268,1.00,3.60
2017.07.06 17:27:08.076,0.98244,0.98266,1.00,1.97
2017.07.06 17:27:08.127,0.98244,0.98266,1.00,4.35
2017.07.06 17:27:08.178,0.98242,0.98266,1.12,4.35
2017.07.06 17:27:09.384,0.98243,0.98265,1.00,2.47
2017.07.06 17:27:15.665,0.98242,0.98262,1.00,1.35
2017.07.06 17:27:15.716,0.98242,0.98262,1.00,1.60
2017.07.06 17:27:15.817,0.98239,0.98261,1.12,1.72
2017.07.06 17:27:18.701,0.9824,0.98261,1.00,2.10
2017.07.06 17:27:22.103,0.9824,0.98262,1.00,1.87
2017.07.06 17:27:22.204,0.98242,0.98263,1.00,2.10
2017.07.06 17:27:22.661,0.98244,0.98264,1.00,2.62
2017.07.06 17:27:22.827,0.98244,0.98267,1.60,1.75
2017.07.06 17:27:22.928,0.98246,0.98267,1.12,1.00
2017.07.06 17:27:25.162,0.98246,0.98265,1.12,1.00
2017.07.06 17:27:26.014,0.98246,0.98268,1.12,1.72
2017.07.06 17:27:26.065,0.98247,0.98266,1.00,1.00
2017.07.06 17:27:26.320,0.98244,0.98264,1.00,1.12
2017.07.06 17:27:26.889,0.98243,0.98264,1.00,2.10
2017.07.06 17:27:27.095,0.98239,0.98263,1.72,1.37
2017.07.06 17:27:27.197,0.98243,0.98263,1.00,2.62
2017.07.06 17:27:27.348,0.98243,0.98265,1.00,1.75
2017.07.06 17:27:27.884,0.98244,0.98264,1.00,1.50
2017.07.06 17:27:28.086,0.98245,0.98265,1.00,1.00
2017.07.06 17:27:28.638,0.98244,0.98265,1.00,1.00
2017.07.06 17:27:29.198,0.98245,0.98265,1.00,1.00
2017.07.06 17:27:32.298,0.98244,0.98265,1.00,1.00
2017.07.06 17:27:43.657,0.98244,0.98266,1.00,1.12
2017.07.06 17:27:44.036,0.98247,0.98268,1.00,1.12
2017.07.06 17:27:44.087,0.98245,0.98268,1.00,1.87
2017.07.06 17:27:44.188,0.98245,0.98268,1.50,1.75
2017.07.06 17:27:44.903,0.98245,0.98267,1.00,2.05
2017.07.06 17:27:48.279,0.98246,0.98265,1.00,1.00
2017.07.06 17:27:48.482,0.98246,0.98267,1.00,1.30
2017.07.06 17:27:48.860,0.98248,0.98268,1.00,1.12
2017.07.06 17:27:49.780,0.98248,0.98267,1.00,1.00
2017.07.06 17:27:50.046,0.98245,0.98265,1.35,1.00
2017.07.06 17:27:50.349,0.98243,0.98264,1.00,1.12
2017.07.06 17:27:51.448,0.98243,0.9826,1.00,1.30
2017.07.06 17:27:51.550,0.98238,0.98259,1.50,3.97
2017.07.06 17:27:52.105,0.98237,0.98259,1.00,3.22
2017.07.06 17:27:53.549,0.98237,0.98259,1.00,1.37
2017.07.06 17:27:53.600,0.98239,0.98261,1.00,5.10
2017.07.06 17:27:54.494,0.98241,0.98261,1.00,2.62
2017.07.06 17:27:54.696,0.98242,0.98263,1.00,4.35
2017.07.06 17:27:57.421,0.98238,0.98262,1.87,2.10
2017.07.06 17:27:57.523,0.98238,0.98258,1.87,1.30
2017.07.06 17:27:57.915,0.98236,0.98256,1.00,1.30
2017.07.06 17:27:59.646,0.98238,0.98259,1.00,1.87
2017.07.06 17:27:59.900,0.98239,0.9826,1.50,2.25
2017.07.06 17:28:00.102,0.98241,0.98261,1.00,1.35
2017.07.06 17:28:02.710,0.9824,0.98261,1.00,1.35
2017.07.06 17:28:03.222,0.98239,0.9826,1.50,1.67
2017.07.06 17:28:03.778,0.98238,0.9826,1.00,2.47
2017.07.06 17:28:04.082,0.98239,0.98259,1.00,1.12
2017.07.06 17:28:05.608,0.98235,0.98256,1.00,2.62
2017.07.06 17:28:05.811,0.98232,0.98256,1.72,3.37
2017.07.06 17:28:08.747,0.98231,0.98256,2.47,2.62
2017.07.06 17:28:09.098,0.98234,0.98258,2.10,2.05
2017.07.06 17:28:11.398,0.98234,0.98257,1.00,1.35
2017.07.06 17:28:11.700,0.98232,0.98254,1.00,1.67
2017.07.06 17:28:13.296,0.98232,0.98255,1.60,2.25
2017.07.06 17:28:13.499,0.98233,0.98257,3.60,1.50
2017.07.06 17:28:15.937,0.98234,0.98256,1.60,1.75
2017.07.06 17:28:23.527,0.98235,0.98258,1.35,2.85
2017.07.06 17:28:23.628,0.98236,0.98258,1.00,2.10
2017.07.06 17:28:24.200,0.98238,0.98258,1.00,1.67
2017.07.06 17:28:24.554,0.98238,0.98259,1.50,1.00
2017.07.06 17:28:25.076,0.98239,0.98259,1.35,1.00
2017.07.06 17:28:29.038,0.98238,0.98259,2.25,1.00
2017.07.06 17:28:40.084,0.98238,0.9826,1.50,2.47
2017.07.06 17:28:40.821,0.98238,0.9826,1.50,2.47
2017.07.06 17:28:46.964,0.98238,0.9826,1.00,2.47
2017.07.06 17:28:50.370,0.98238,0.9826,1.00,2.47
2017.07.06 17:28:51.130,0.98238,0.98259,1.00,1.00
2017.07.06 17:28:53.360,0.98238,0.9826,1.00,3.60
2017.07.06 17:28:54.514,0.98238,0.98259,1.00,1.35
2017.07.06 17:28:54.818,0.98235,0.98258,1.12,1.35
2017.07.06 17:28:55.423,0.98234,0.98256,1.50,1.35
2017.07.06 17:28:56.740,0.98234,0.98256,1.50,1.72
2017.07.06 17:28:59.154,0.98233,0.98254,1.50,1.00
2017.07.06 17:28:59.622,0.98229,0.98251,2.62,1.00
2017.07.06 17:28:59.724,0.98229,0.98251,1.50,1.50
2017.07.06 17:29:06.840,0.9823,0.98251,1.00,1.67
2017.07.06 17:29:07.645,0.98232,0.98254,1.00,2.47
2017.07.06 17:29:07.747,0.98232,0.98255,1.00,2.47
2017.07.06 17:29:08.421,0.98233,0.98255,1.00,1.72
2017.07.06 17:29:11.471,0.98232,0.98255,1.00,1.72
2017.07.06 17:29:13.318,0.98233,0.98255,1.00,1.72
2017.07.06 17:29:14.058,0.98234,0.98255,1.00,1.12
2017.07.06 17:29:17.081,0.98233,0.98255,1.00,1.12
2017.07.06 17:29:17.243,0.98233,0.98255,1.00,1.37
2017.07.06 17:29:18.022,0.98233,0.98255,1.00,2.62
2017.07.06 17:29:22.175,0.98234,0.98255,1.00,3.00
2017.07.06 17:29:22.478,0.98235,0.98257,1.00,2.05
2017.07.06 17:29:31.586,0.98234,0.98257,1.00,1.35
2017.07.06 17:29:32.548,0.98233,0.98257,1.12,2.05
2017.07.06 17:29:36.095,0.98234,0.98257,1.00,2.05
2017.07.06 17:29:36.601,0.98235,0.98258,1.00,1.87
2017.07.06 17:29:39.298,0.98234,0.98256,1.12,1.00
2017.07.06 17:29:42.961,0.98235,0.98257,1.00,1.50
2017.07.06 17:29:43.012,0.98238,0.98258,1.00,1.50
2017.07.06 17:29:43.264,0.98241,0.98262,1.00,1.67
2017.07.06 17:29:43.863,0.9824,0.98262,1.00,1.35
2017.07.06 17:29:44.312,0.98239,0.9826,1.50,1.30
2017.07.06 17:29:44.918,0.98238,0.9826,1.12,1.30
2017.07.06 17:29:46.289,0.98238,0.9826,1.00,1.67
2017.07.06 17:29:53.257,0.9824,0.9826,1.00,1.72
2017.07.06 17:29:53.500,0.98241,0.98262,1.00,1.67
2017.07.06 17:29:54.144,0.98242,0.98262,1.00,1.67
2017.07.06 17:29:54.245,0.98244,0.98264,1.50,1.75
2017.07.06 17:29:54.397,0.98244,0.98267,2.62,3.22
2017.07.06 17:29:54.972,0.98245,0.98267,1.00,3.22
2017.07.06 17:29:58.379,0.98249,0.98267,1.00,1.97
2017.07.06 17:29:58.430,0.98245,0.98267,1.00,1.72
2017.07.06 17:29:59.450,0.98243,0.98267,2.62,1.72
2017.07.06 17:30:00.005,0.98249,0.98267,1.00,1.67
2017.07.06 17:30:03.263,0.98245,0.98269,2.85,1.75
2017.07.06 17:30:03.415,0.98245,0.9827,2.85,2.25
2017.07.06 17:30:07.909,0.98247,0.98269,1.00,1.50
2017.07.06 17:30:08.114,0.98254,0.98272,1.00,2.62
2017.07.06 17:30:08.165,0.9825,0.98273,1.87,1.35
2017.07.06 17:30:08.216,0.9825,0.98274,1.50,1.75
2017.07.06 17:30:08.418,0.98253,0.98273,1.00,1.00
2017.07.06 17:30:08.722,0.98259,0.98282,3.97,1.00
2017.07.06 17:30:08.773,0.98267,0.98285,1.50,1.75
2017.07.06 17:30:08.981,0.98271,0.98297,1.75,1.37
2017.07.06 17:30:09.032,0.98271,0.98296,1.12,1.87
2017.07.06 17:30:09.133,0.98273,0.98296,1.00,1.75
2017.07.06 17:30:09.437,0.98275,0.98297,1.00,3.37
2017.07.06 17:30:09.667,0.98273,0.98295,1.00,2.25
2017.07.06 17:30:09.718,0.98273,0.98295,1.00,3.00
2017.07.06 17:30:09.769,0.98267,0.98293,2.25,2.25
2017.07.06 17:30:09.821,0.98267,0.98291,1.87,1.37
2017.07.06 17:30:09.872,0.98267,0.98291,1.00,1.87
2017.07.06 17:30:10.913,0.98266,0.9829,1.00,1.12
2017.07.06 17:30:11.115,0.98265,0.98287,1.00,1.37
2017.07.06 17:30:11.420,0.98264,0.98286,1.00,3.75
2017.07.06 17:30:11.752,0.98268,0.98286,1.00,2.62
2017.07.06 17:30:11.853,0.98269,0.98289,1.00,1.00
2017.07.06 17:30:12.648,0.98272,0.98289,1.00,1.00
2017.07.06 17:30:12.901,0.98273,0.98295,1.50,2.62
2017.07.06 17:30:12.952,0.98273,0.98296,1.50,1.00
2017.07.06 17:30:13.002,0.98278,0.98296,1.00,1.00
2017.07.06 17:30:14.099,0.98273,0.98296,1.00,1.50
2017.07.06 17:30:14.251,0.98278,0.98296,1.00,1.12
2017.07.06 17:30:14.650,0.98276,0.98299,1.50,3.37
2017.07.06 17:30:14.712,0.9828,0.98299,1.35,2.62
2017.07.06 17:30:14.763,0.98281,0.98302,1.00,1.75
2017.07.06 17:30:14.864,0.98281,0.98302,1.00,1.87
2017.07.06 17:30:15.371,0.98282,0.98301,1.00,1.00
2017.07.06 17:30:15.671,0.9828,0.98301,1.12,1.00
2017.07.06 17:30:15.823,0.9828,0.98297,1.12,1.00
2017.07.06 17:30:15.976,0.98276,0.98296,1.00,1.00
2017.07.06 17:30:16.279,0.98274,0.98296,1.00,1.00
2017.07.06 17:30:16.938,0.98275,0.98296,1.00,1.00
2017.07.06 17:30:17.486,0.98273,0.98296,1.50,1.50
2017.07.06 17:30:17.738,0.98273,0.98292,1.50,1.00
2017.07.06 17:30:18.045,0.98273,0.98292,1.00,1.75
2017.07.06 17:30:18.693,0.98273,0.98289,1.00,1.00
2017.07.06 17:30:19.469,0.98273,0.98291,1.00,1.50
2017.07.06 17:30:19.874,0.98273,0.98293,1.00,1.37
2017.07.06 17:30:20.413,0.98273,0.98293,1.00,1.00
2017.07.06 17:30:20.996,0.98274,0.98293,1.00,1.00
2017.07.06 17:30:21.269,0.98273,0.98291,1.12,1.00
2017.07.06 17:30:21.584,0.98273,0.98289,1.00,1.00
2017.07.06 17:30:21.736,0.98273,0.98294,1.00,1.75
2017.07.06 17:30:21.838,0.98274,0.98295,1.00,1.75
2017.07.06 17:30:21.939,0.98274,0.98295,1.12,1.00
2017.07.06 17:30:23.006,0.98274,0.98294,1.12,1.00
2017.07.06 17:30:23.581,0.98275,0.98294,1.00,1.00
2017.07.06 17:30:24.375,0.98274,0.98294,1.12,1.00
2017.07.06 17:30:26.348,0.98273,0.98293,1.87,1.00
2017.07.06 17:30:26.518,0.98273,0.98291,1.00,1.00
2017.07.06 17:30:26.788,0.98273,0.98293,1.50,1.50
2017.07.06 17:30:27.983,0.98273,0.98292,1.00,1.00
2017.07.06 17:30:30.205,0.98273,0.98296,1.50,1.87
2017.07.06 17:30:30.256,0.98273,0.98295,1.87,1.00
2017.07.06 17:30:30.807,0.98274,0.98296,1.00,1.37
2017.07.06 17:30:31.386,0.98274,0.98294,1.00,1.00
2017.07.06 17:30:31.917,0.98273,0.98295,1.87,1.12
2017.07.06 17:30:32.522,0.98274,0.98295,1.00,1.12
2017.07.06 17:30:32.644,0.98278,0.98295,1.00,1.12
2017.07.06 17:30:33.598,0.98274,0.98295,1.50,1.12
2017.07.06 17:30:33.836,0.98279,0.98295,1.00,1.12
2017.07.06 17:30:34.364,0.98274,0.98295,1.00,1.12
2017.07.06 17:30:34.620,0.98276,0.98296,1.00,1.37
2017.07.06 17:30:35.349,0.98276,0.98296,1.00,1.00
2017.07.06 17:30:37.402,0.98275,0.98296,1.00,1.00
2017.07.06 17:30:37.997,0.98274,0.98292,1.50,1.00
2017.07.06 17:30:38.300,0.98274,0.9829,1.00,1.00
2017.07.06 17:30:38.978,0.9827,0.98289,1.00,1.00
2017.07.06 17:30:39.513,0.98269,0.98289,1.00,1.12
2017.07.06 17:30:40.248,0.98268,0.98289,1.00,1.12
2017.07.06 17:30:40.400,0.98268,0.98287,1.00,1.00
2017.07.06 17:30:40.502,0.98265,0.98286,1.35,1.00
2017.07.06 17:30:40.793,0.98267,0.98287,1.00,1.00
2017.07.06 17:30:41.117,0.98269,0.98287,1.00,1.00
2017.07.06 17:30:41.691,0.98269,0.98288,1.00,1.12
2017.07.06 17:30:43.371,0.98273,0.98288,1.00,1.12
2017.07.06 17:30:43.897,0.98274,0.98288,1.00,1.12
2017.07.06 17:30:44.096,0.98268,0.98288,1.00,1.12
2017.07.06 17:30:45.980,0.98269,0.98288,1.00,1.12
2017.07.06 17:30:49.313,0.98269,0.98291,2.10,1.50
2017.07.06 17:30:49.415,0.9827,0.98291,1.35,1.00
2017.07.06 17:30:49.960,0.9827,0.98292,1.35,1.50
2017.07.06 17:30:50.346,0.98279,0.98292,1.00,1.00
2017.07.06 17:30:50.447,0.98279,0.98294,1.00,1.12
2017.07.06 17:30:51.477,0.98272,0.98294,1.72,1.12
2017.07.06 17:30:51.527,0.98274,0.98294,1.00,1.12
2017.07.06 17:30:52.044,0.98273,0.98294,1.50,1.12
2017.07.06 17:30:55.117,0.98274,0.98296,1.00,1.75
2017.07.06 17:30:56.176,0.98273,0.98298,1.50,3.00
2017.07.06 17:30:56.562,0.98274,0.98298,1.87,1.37
2017.07.06 17:30:56.613,0.98276,0.98299,1.35,1.12
2017.07.06 17:30:56.764,0.98279,0.98301,1.00,1.00
2017.07.06 17:30:56.815,0.9828,0.98305,1.37,1.87
2017.07.06 17:30:56.866,0.98281,0.98305,1.00,1.50
2017.07.06 17:30:57.405,0.98281,0.98306,1.37,1.50
2017.07.06 17:30:57.557,0.98284,0.98307,1.00,3.22
2017.07.06 17:30:58.095,0.98283,0.98306,1.00,1.87
2017.07.06 17:30:59.035,0.98282,0.98307,1.50,1.38
2017.07.06 17:31:00.168,0.98282,0.98306,1.50,1.72
2017.07.06 17:31:00.270,0.98281,0.98306,1.37,2.10
2017.07.06 17:31:02.330,0.98283,0.98306,1.00,1.72
2017.07.06 17:31:02.383,0.98286,0.98308,1.00,1.75
2017.07.06 17:31:02.485,0.98285,0.98309,1.00,1.75
2017.07.06 17:31:02.655,0.98287,0.98309,1.00,1.00
2017.07.06 17:31:03.199,0.98286,0.98309,1.00,1.00
2017.07.06 17:31:03.716,0.98286,0.98309,1.00,1.00
2017.07.06 17:31:04.221,0.98287,0.98309,1.00,1.00
2017.07.06 17:31:05.021,0.98294,0.98309,1.00,1.00
2017.07.06 17:31:05.072,0.98287,0.98309,1.00,1.00
2017.07.06 17:31:05.224,0.98289,0.98309,1.00,1.00
2017.07.06 17:31:05.528,0.98287,0.98309,1.00,1.00
2017.07.06 17:31:06.057,0.98288,0.98311,1.00,1.00
2017.07.06 17:31:06.563,0.98284,0.98307,2.25,1.37
2017.07.06 17:31:06.664,0.98284,0.98306,1.87,1.50
2017.07.06 17:31:06.917,0.98282,0.98304,1.00,1.50
2017.07.06 17:31:06.968,0.98281,0.98301,1.12,1.72
2017.07.06 17:31:07.069,0.98279,0.983,1.00,2.62
2017.07.06 17:31:07.120,0.98277,0.98299,1.75,1.37
2017.07.06 17:31:07.485,0.98278,0.983,1.50,2.62
2017.07.06 17:31:07.637,0.9828,0.98304,1.00,4.12
2017.07.06 17:31:08.067,0.98283,0.98304,1.00,3.75
2017.07.06 17:31:10.443,0.98281,0.98304,1.00,2.62
2017.07.06 17:31:10.494,0.98283,0.98304,1.12,2.62
2017.07.06 17:31:10.798,0.98288,0.98309,1.00,1.13
2017.07.06 17:31:11.000,0.98294,0.98311,1.00,1.73
2017.07.06 17:31:11.147,0.98288,0.98311,1.00,1.88
2017.07.06 17:31:11.248,0.98291,0.98312,1.00,1.13
2017.07.06 17:31:11.350,0.98288,0.98312,1.50,1.00
2017.07.06 17:31:11.451,0.98288,0.98313,1.00,3.37
2017.07.06 17:31:11.943,0.98294,0.98312,1.00,2.10
2017.07.06 17:31:12.044,0.98288,0.9831,1.00,1.37
2017.07.06 17:31:12.646,0.98289,0.98311,1.00,1.87
2017.07.06 17:31:13.206,0.9829,0.98311,1.00,1.12
2017.07.06 17:31:13.822,0.98289,0.98311,1.00,1.12
2017.07.06 17:31:14.134,0.98293,0.98311,1.00,1.12
2017.07.06 17:31:14.236,0.98288,0.98311,1.12,1.37
2017.07.06 17:31:14.744,0.98287,0.98311,1.00,2.85
2017.07.06 17:31:14.795,0.98287,0.9831,1.00,2.25
2017.07.06 17:31:15.099,0.98289,0.98308,1.00,1.00
2017.07.06 17:31:15.251,0.98283,0.98308,1.75,1.87
2017.07.06 17:31:15.302,0.98283,0.98308,1.50,4.12
2017.07.06 17:31:15.624,0.98288,0.98308,1.00,3.75
2017.07.06 17:31:15.828,0.98284,0.98307,1.50,1.12
2017.07.06 17:31:15.930,0.98286,0.98308,1.00,2.62
2017.07.06 17:31:16.031,0.98286,0.98309,1.12,2.25
2017.07.06 17:31:16.133,0.98286,0.98305,1.00,1.00
2017.07.06 17:31:16.382,0.98287,0.9831,1.00,2.62
2017.07.06 17:31:16.762,0.98284,0.98308,2.25,1.00
2017.07.06 17:31:16.877,0.98284,0.98307,1.37,1.37
2017.07.06 17:31:17.180,0.98284,0.98307,1.00,4.87
2017.07.06 17:31:17.490,0.98282,0.98306,1.00,4.12
2017.07.06 17:31:17.591,0.9828,0.98306,1.87,3.75
2017.07.06 17:31:17.945,0.98288,0.98306,1.00,3.00
2017.07.06 17:31:17.996,0.98282,0.98306,1.00,3.00
2017.07.06 17:31:18.537,0.98283,0.98307,1.00,3.37
2017.07.06 17:31:18.791,0.98286,0.98306,1.00,1.75
2017.07.06 17:31:18.943,0.98286,0.98309,1.00,1.35
2017.07.06 17:31:19.711,0.98293,0.9831,1.00,2.62
2017.07.06 17:31:19.815,0.98286,0.98311,1.72,4.50
2017.07.06 17:31:20.029,0.98289,0.98314,1.50,6.00
2017.07.06 17:31:20.131,0.9829,0.98312,1.00,1.00
2017.07.06 17:31:20.637,0.98289,0.98315,1.50,2.85
2017.07.06 17:31:21.206,0.9829,0.98314,1.00,1.12
2017.07.06 17:31:21.799,0.98289,0.98313,1.00,1.35
2017.07.06 17:31:22.180,0.98286,0.98306,1.00,1.50
2017.07.06 17:31:22.580,0.98279,0.98305,1.75,2.25
2017.07.06 17:31:23.034,0.98279,0.98304,1.37,5.85
2017.07.06 17:31:23.383,0.98276,0.98301,1.50,3.37
2017.07.06 17:31:23.434,0.98276,0.983,1.50,1.50
2017.07.06 17:31:23.737,0.98278,0.98299,1.00,2.62
2017.07.06 17:31:23.848,0.98276,0.98299,1.00,3.37
2017.07.06 17:31:24.349,0.98277,0.98299,1.00,2.62
2017.07.06 17:31:24.400,0.98279,0.98299,1.00,2.62
2017.07.06 17:31:24.451,0.98279,0.98299,1.00,1.00
2017.07.06 17:31:24.641,0.98284,0.98299,1.00,1.00
2017.07.06 17:31:24.692,0.98279,0.98299,1.72,1.00
2017.07.06 17:31:24.793,0.98281,0.98305,1.00,2.62
2017.07.06 17:31:24.895,0.98281,0.98304,1.00,1.00
2017.07.06 17:31:25.408,0.9828,0.98305,1.12,3.37
2017.07.06 17:31:26.424,0.9828,0.98303,1.37,1.00
2017.07.06 17:31:28.253,0.98279,0.98302,1.75,1.00
2017.07.06 17:31:28.304,0.98279,0.98302,1.75,2.25
2017.07.06 17:31:28.355,0.98278,0.98303,1.00,1.87
2017.07.06 17:31:28.642,0.98279,0.98301,1.00,1.67
2017.07.06 17:31:28.959,0.98279,0.98301,1.50,1.00
2017.07.06 17:31:29.060,0.98276,0.98302,1.50,3.22
2017.07.06 17:31:29.162,0.98278,0.983,1.00,1.35
2017.07.06 17:31:29.497,0.98276,0.98299,1.00,1.37
2017.07.06 17:31:30.531,0.98279,0.983,1.00,3.22
2017.07.06 17:31:30.582,0.98276,0.983,1.00,2.47
2017.07.06 17:31:31.247,0.98275,0.983,1.00,1.35
2017.07.06 17:31:32.389,0.98276,0.98298,1.00,1.30
2017.07.06 17:31:32.565,0.98278,0.98298,1.00,1.30
2017.07.06 17:31:33.354,0.98279,0.98298,1.00,1.30
2017.07.06 17:31:36.756,0.98275,0.98299,1.00,1.50
2017.07.06 17:31:36.857,0.98279,0.98299,1.00,1.50
2017.07.06 17:31:37.700,0.9828,0.98303,1.00,3.22
2017.07.06 17:31:37.802,0.9828,0.98305,2.10,2.62
2017.07.06 17:31:37.903,0.98282,0.98305,1.00,2.25
2017.07.06 17:31:38.004,0.98279,0.98305,1.72,1.87
2017.07.06 17:31:38.055,0.98279,0.983,1.12,1.37
2017.07.06 17:31:38.414,0.98274,0.98296,1.12,1.12
2017.07.06 17:31:38.465,0.98274,0.98296,1.00,1.37
2017.07.06 17:31:40.880,0.98278,0.98297,1.00,2.25
2017.07.06 17:31:40.931,0.98273,0.98297,2.85,1.75
2017.07.06 17:31:40.982,0.98279,0.98298,1.00,3.37
2017.07.06 17:31:41.083,0.98279,0.98299,1.00,1.75
2017.07.06 17:31:41.408,0.9828,0.98304,1.00,1.75
2017.07.06 17:31:41.510,0.9828,0.98304,1.50,1.87
2017.07.06 17:31:42.720,0.98279,0.98302,1.75,1.00
2017.07.06 17:31:42.770,0.98279,0.983,1.75,1.00
2017.07.06 17:31:42.821,0.98279,0.98302,1.75,1.12
2017.07.06 17:31:42.923,0.98278,0.98301,1.50,1.00
2017.07.06 17:31:43.820,0.98279,0.98301,1.00,1.50
2017.07.06 17:31:45.305,0.98281,0.98303,1.12,1.72
2017.07.06 17:31:47.082,0.98281,0.98304,1.00,1.72
2017.07.06 17:31:47.987,0.98281,0.98303,1.00,2.10
2017.07.06 17:31:48.291,0.98279,0.98303,1.00,2.10
2017.07.06 17:31:48.799,0.98278,0.98302,1.00,1.87
2017.07.06 17:31:49.002,0.98276,0.98301,2.47,1.50
2017.07.06 17:31:49.162,0.98276,0.98301,1.00,5.85
2017.07.06 17:31:49.888,0.98276,0.98301,1.60,2.62
2017.07.06 17:31:50.090,0.98276,0.98301,1.00,4.72
2017.07.06 17:31:50.394,0.98274,0.98298,1.12,2.25
2017.07.06 17:31:50.782,0.98273,0.98297,1.50,2.62
2017.07.06 17:31:51.319,0.98274,0.98297,1.50,2.62
2017.07.06 17:31:51.420,0.98275,0.98299,1.00,4.35
2017.07.06 17:31:52.010,0.98274,0.98299,1.50,4.35
2017.07.06 17:31:53.019,0.98275,0.98299,1.00,4.35
2017.07.06 17:31:54.405,0.98277,0.98299,1.00,1.67
2017.07.06 17:31:54.708,0.98276,0.98297,1.00,1.75
2017.07.06 17:31:54.810,0.98275,0.98296,1.00,1.00
2017.07.06 17:31:55.012,0.98274,0.98299,1.87,3.97
2017.07.06 17:31:55.343,0.98274,0.98299,1.87,3.97
2017.07.06 17:31:55.845,0.98274,0.98299,1.50,6.75
2017.07.06 17:31:56.148,0.98276,0.98299,1.00,2.62
2017.07.06 17:31:56.599,0.98278,0.98299,3.00,3.37
2017.07.06 17:31:56.746,0.98279,0.983,3.22,1.75
2017.07.06 17:31:56.797,0.98278,0.98302,1.60,1.87
2017.07.06 17:31:57.303,0.98277,0.98299,1.00,1.37
2017.07.06 17:31:57.902,0.98276,0.98299,1.00,1.75
2017.07.06 17:31:58.945,0.98279,0.98299,1.00,1.87
2017.07.06 17:32:01.290,0.98279,0.98299,1.00,1.97
2017.07.06 17:32:01.584,0.98275,0.98299,1.50,2.47
2017.07.06 17:32:01.739,0.98275,0.98291,1.50,1.00
2017.07.06 17:32:01.941,0.98268,0.98286,1.50,1.00
2017.07.06 17:32:02.245,0.98266,0.98287,1.50,1.00
2017.07.06 17:32:02.396,0.98269,0.98288,1.00,1.30
2017.07.06 17:32:02.447,0.98266,0.98289,1.50,1.50
2017.07.06 17:32:02.548,0.98268,0.98289,1.00,1.12
2017.07.06 17:32:02.905,0.9827,0.98289,1.00,1.00
2017.07.06 17:32:03.007,0.9827,0.98291,1.00,3.00
2017.07.06 17:32:03.310,0.98272,0.98292,1.00,1.00
2017.07.06 17:32:03.825,0.98273,0.98293,1.50,1.00
2017.07.06 17:32:04.209,0.98273,0.98295,1.87,1.72
2017.07.06 17:32:06.339,0.98276,0.98297,1.00,1.30
2017.07.06 17:32:07.125,0.98274,0.98297,1.37,1.35
2017.07.06 17:32:07.529,0.98274,0.98297,1.37,2.85
2017.07.06 17:32:07.832,0.98273,0.98296,1.50,1.35
2017.07.06 17:32:08.745,0.98274,0.98297,1.00,1.35
2017.07.06 17:32:08.958,0.98275,0.98297,1.00,1.35
2017.07.06 17:32:09.609,0.98278,0.98297,1.00,1.00
2017.07.06 17:32:09.710,0.98276,0.983,1.00,4.50
2017.07.06 17:32:09.761,0.98276,0.98299,1.00,1.30
2017.07.06 17:32:09.812,0.98278,0.98299,1.00,1.30
2017.07.06 17:32:10.348,0.98278,0.98301,1.12,3.60
2017.07.06 17:32:10.588,0.98274,0.98297,1.50,1.67
2017.07.06 17:32:11.682,0.98274,0.98298,3.00,2.62
2017.07.06 17:32:12.192,0.98274,0.98298,2.25,2.62
2017.07.06 17:32:12.725,0.98275,0.98298,1.00,3.37
2017.07.06 17:32:13.478,0.98274,0.98298,1.50,1.75
2017.07.06 17:32:14.076,0.98275,0.98298,1.00,3.37
2017.07.06 17:32:14.887,0.98275,0.98298,1.12,2.25
2017.07.06 17:32:15.424,0.98278,0.983,1.50,1.12
2017.07.06 17:32:15.525,0.98279,0.983,1.00,1.00
2017.07.06 17:32:16.142,0.98279,0.98302,1.50,1.50
2017.07.06 17:32:16.792,0.9828,0.98302,1.00,1.50
2017.07.06 17:32:16.944,0.98283,0.98302,1.00,1.00
2017.07.06 17:32:17.046,0.98285,0.98307,1.00,1.87
2017.07.06 17:32:17.856,0.98286,0.98307,1.00,1.50
2017.07.06 17:32:18.238,0.98284,0.98305,1.50,1.00
2017.07.06 17:32:18.542,0.98283,0.98299,1.00,1.00
2017.07.06 17:32:18.643,0.98279,0.98298,1.37,1.00
2017.07.06 17:32:18.744,0.98278,0.98298,1.00,1.00
2017.07.06 17:32:18.847,0.98281,0.983,1.00,1.00
2017.07.06 17:32:18.992,0.98282,0.98302,1.12,1.12
2017.07.06 17:32:20.220,0.9828,0.98302,1.72,1.12
2017.07.06 17:32:20.737,0.9828,0.98301,1.72,1.00
2017.07.06 17:32:20.969,0.98282,0.98302,1.00,1.12
2017.07.06 17:32:21.472,0.98281,0.98301,1.00,1.00
2017.07.06 17:32:21.826,0.98281,0.98304,1.00,1.12
2017.07.06 17:32:22.409,0.98282,0.98304,1.12,1.00
2017.07.06 17:32:22.812,0.98283,0.98307,1.50,1.75
2017.07.06 17:32:23.336,0.98284,0.98307,1.00,1.37
2017.07.06 17:32:23.798,0.98284,0.98307,1.00,2.85
2017.07.06 17:32:23.949,0.98281,0.98306,2.25,1.50
2017.07.06 17:32:24.480,0.98281,0.98306,1.50,2.25
2017.07.06 17:32:25.716,0.98281,0.98306,1.50,2.62
2017.07.06 17:32:26.567,0.98281,0.98306,1.50,1.50
2017.07.06 17:32:26.669,0.9828,0.98305,1.75,2.25
2017.07.06 17:32:27.023,0.98284,0.98306,1.00,1.37
2017.07.06 17:32:27.073,0.98284,0.98306,1.12,1.12
2017.07.06 17:32:27.124,0.98284,0.98306,1.50,1.12
2017.07.06 17:32:27.383,0.98286,0.9831,1.50,2.47
2017.07.06 17:32:27.920,0.98286,0.9831,1.50,1.72
2017.07.06 17:32:28.697,0.9829,0.98311,1.00,1.75
2017.07.06 17:32:29.009,0.98293,0.98311,2.47,1.00
2017.07.06 17:32:29.312,0.98309,0.98317,1.50,1.00
2017.07.06 17:32:29.363,0.98311,0.98333,1.00,2.62
2017.07.06 17:32:29.557,0.9831,0.98317,1.12,1.00
2017.07.06 17:32:30.350,0.98311,0.98334,1.00,2.25
2017.07.06 17:32:30.892,0.98312,0.98332,1.00,1.12
2017.07.06 17:32:31.068,0.98312,0.9833,1.00,1.00
2017.07.06 17:32:31.393,0.98307,0.98316,1.75,1.00
2017.07.06 17:32:31.656,0.98308,0.98315,1.12,1.00
2017.07.06 17:32:31.858,0.98311,0.98332,1.00,1.75
2017.07.06 17:32:31.960,0.98311,0.98332,1.00,1.00
2017.07.06 17:32:32.619,0.98312,0.98332,1.12,1.00
2017.07.06 17:32:33.581,0.98311,0.98332,1.00,1.00
2017.07.06 17:32:33.766,0.9831,0.98317,1.00,1.00
2017.07.06 17:32:34.274,0.98309,0.98315,1.00,1.00
2017.07.06 17:32:34.375,0.98307,0.98314,1.00,1.00
2017.07.06 17:32:35.915,0.98307,0.98316,2.10,1.00
2017.07.06 17:32:36.018,0.9831,0.9833,1.50,35.62
2017.07.06 17:32:36.069,0.9831,0.9833,1.75,36.37
2017.07.06 17:32:36.120,0.9831,0.98332,1.75,1.00
2017.07.06 17:32:36.272,0.98309,0.98332,2.25,1.00
2017.07.06 17:32:36.493,0.98309,0.9833,2.25,1.00
2017.07.06 17:32:36.797,0.9831,0.98317,1.12,1.00
2017.07.06 17:32:36.980,0.9831,0.98331,1.12,1.00
2017.07.06 17:32:37.752,0.98308,0.9833,1.50,1.00
2017.07.06 17:32:37.854,0.98308,0.98332,1.50,1.12
2017.07.06 17:32:38.312,0.98312,0.98334,1.00,1.72
2017.07.06 17:32:39.067,0.9831,0.9833,1.12,1.37
2017.07.06 17:32:39.168,0.98307,0.9833,2.25,2.25
2017.07.06 17:32:40.953,0.98307,0.98329,2.25,1.00
2017.07.06 17:32:41.284,0.98311,0.9833,1.00,1.00
2017.07.06 17:32:41.497,0.98312,0.98335,1.50,1.50
2017.07.06 17:32:42.006,0.98311,0.98335,1.50,1.50
2017.07.06 17:32:42.473,0.98312,0.98333,1.00,1.37
2017.07.06 17:32:42.574,0.98312,0.98335,1.12,1.37
2017.07.06 17:32:43.673,0.9831,0.98335,1.50,4.87
2017.07.06 17:32:43.876,0.98308,0.9833,1.50,1.00
2017.07.06 17:32:44.180,0.98306,0.98329,1.75,1.50
2017.07.06 17:32:44.717,0.98307,0.9833,1.50,2.62
2017.07.06 17:32:46.494,0.98307,0.98329,1.50,3.37
2017.07.06 17:32:46.998,0.98307,0.9833,1.00,1.35
2017.07.06 17:32:48.221,0.98308,0.98329,1.00,1.50
2017.07.06 17:32:48.372,0.98309,0.9833,1.00,1.00
2017.07.06 17:32:48.860,0.98313,0.98333,1.00,1.50
2017.07.06 17:32:49.014,0.98313,0.98334,1.00,1.50
2017.07.06 17:32:50.603,0.98313,0.98334,1.00,1.60
2017.07.06 17:32:50.805,0.9831,0.98332,1.12,1.12
2017.07.06 17:32:50.907,0.9831,0.9833,1.12,1.00
2017.07.06 17:32:51.476,0.98307,0.98329,1.00,1.37
2017.07.06 17:32:52.069,0.98307,0.98329,1.50,1.00
2017.07.06 17:32:52.322,0.98307,0.98326,1.00,1.00
2017.07.06 17:32:52.373,0.98304,0.98326,1.50,1.00
2017.07.06 17:32:52.423,0.98304,0.98325,1.50,3.00
2017.07.06 17:32:52.474,0.98301,0.98323,1.75,1.00
2017.07.06 17:32:52.878,0.983,0.98321,1.50,1.00
2017.07.06 17:32:54.189,0.983,0.98323,1.50,1.50
2017.07.06 17:32:55.020,0.98298,0.98322,1.75,1.00
2017.07.06 17:32:55.121,0.98299,0.98323,1.12,2.25
2017.07.06 17:32:55.269,0.98297,0.98318,2.25,1.50
2017.07.06 17:32:55.320,0.98293,0.98314,1.00,1.87
2017.07.06 17:32:55.827,0.98293,0.98315,1.12,1.50
2017.07.06 17:32:56.341,0.98295,0.98316,1.00,1.50
2017.07.06 17:32:57.419,0.98294,0.98316,1.00,1.50
2017.07.06 17:32:59.421,0.98295,0.98316,1.00,1.50
2017.07.06 17:32:59.956,0.98295,0.98316,1.12,1.00
2017.07.06 17:33:00.333,0.98292,0.98316,2.25,2.10
2017.07.06 17:33:00.384,0.98293,0.98314,1.00,1.00
2017.07.06 17:33:00.804,0.98293,0.98315,1.75,1.00
2017.07.06 17:33:01.682,0.98293,0.98317,1.75,1.72
2017.07.06 17:33:03.541,0.98299,0.98317,1.00,1.12
2017.07.06 17:33:03.592,0.98295,0.98317,1.12,1.12
2017.07.06 17:33:03.744,0.98297,0.98317,1.00,1.12
2017.07.06 17:33:03.896,0.98298,0.98319,1.87,1.00
2017.07.06 17:33:04.728,0.98298,0.98319,1.00,2.10
2017.07.06 17:33:04.829,0.98295,0.98318,1.87,1.00
2017.07.06 17:33:04.981,0.98299,0.98319,1.00,2.25
2017.07.06 17:33:05.487,0.98299,0.98321,1.00,1.37
2017.07.06 17:33:05.791,0.98298,0.98318,1.37,1.12
2017.07.06 17:33:05.842,0.98298,0.98318,1.12,1.00
2017.07.06 17:33:06.575,0.98298,0.98319,1.12,2.47
2017.07.06 17:33:07.126,0.98298,0.98318,1.12,1.00
2017.07.06 17:33:07.749,0.98298,0.98319,1.12,2.47
2017.07.06 17:33:08.308,0.98298,0.98318,1.12,1.00
2017.07.06 17:33:08.815,0.98298,0.98319,1.12,1.87
2017.07.06 17:33:10.212,0.98298,0.98318,1.12,1.50
2017.07.06 17:33:10.263,0.98294,0.98315,1.75,1.00
2017.07.06 17:33:10.613,0.98294,0.9831,1.00,1.12
2017.07.06 17:33:10.664,0.98289,0.9831,1.50,1.00
2017.07.06 17:33:12.044,0.98289,0.98311,1.50,1.00
2017.07.06 17:33:12.676,0.98289,0.98312,1.50,1.00
2017.07.06 17:33:12.727,0.98289,0.98312,5.10,1.00
2017.07.06 17:33:12.879,0.98295,0.98315,1.35,1.00
2017.07.06 17:33:12.930,0.98295,0.98319,4.72,1.12
2017.07.06 17:33:13.505,0.98296,0.98318,1.75,1.00
2017.07.06 17:33:14.009,0.98296,0.98319,1.75,1.00
2017.07.06 17:33:14.386,0.98295,0.98315,4.12,3.00
2017.07.06 17:33:14.487,0.98295,0.98316,3.37,1.00
2017.07.06 17:33:14.538,0.98294,0.98316,1.37,1.00
2017.07.06 17:33:14.684,0.98299,0.98317,1.00,1.12
2017.07.06 17:33:15.139,0.98299,0.98319,1.12,1.50
2017.07.06 17:33:15.901,0.98299,0.98321,1.12,1.87
2017.07.06 17:33:16.637,0.983,0.98321,1.00,1.50
2017.07.06 17:33:17.313,0.98299,0.98322,1.87,1.50
2017.07.06 17:33:17.847,0.98299,0.98321,2.25,1.00
2017.07.06 17:33:18.151,0.98299,0.98319,1.50,1.00
2017.07.06 17:33:18.568,0.98295,0.98314,1.75,1.12
2017.07.06 17:33:18.723,0.98294,0.98314,1.37,1.37
2017.07.06 17:33:18.824,0.98294,0.98314,1.00,1.50
2017.07.06 17:33:19.338,0.98293,0.98313,1.00,1.87
2017.07.06 17:33:21.819,0.98289,0.98313,1.75,1.87
2017.07.06 17:33:22.102,0.98296,0.98313,1.00,1.12
2017.07.06 17:33:22.305,0.98298,0.9832,1.00,1.37
2017.07.06 17:33:22.457,0.98299,0.98321,1.12,1.00
2017.07.06 17:33:22.508,0.98303,0.98323,1.00,2.25
2017.07.06 17:33:23.233,0.98299,0.98323,1.87,2.25
2017.07.06 17:33:23.702,0.98299,0.98323,2.25,1.87
2017.07.06 17:33:26.353,0.98299,0.98322,2.25,1.00
2017.07.06 17:33:27.070,0.98299,0.98323,2.25,2.25
2017.07.06 17:33:27.388,0.98298,0.98321,1.50,1.12
2017.07.06 17:33:28.091,0.98298,0.98319,1.50,1.00
2017.07.06 17:33:28.769,0.98298,0.98317,2.25,1.00
2017.07.06 17:33:28.921,0.98298,0.98319,1.37,1.00
2017.07.06 17:33:29.428,0.98298,0.98319,1.00,1.12
2017.07.06 17:33:30.912,0.98298,0.98318,1.00,1.00
2017.07.06 17:33:31.429,0.98298,0.98316,1.00,1.00
2017.07.06 17:33:33.131,0.98298,0.98315,1.00,1.00
2017.07.06 17:33:38.487,0.98298,0.98316,1.00,1.00
2017.07.06 17:33:41.278,0.98295,0.98316,1.00,1.00
2017.07.06 17:33:41.549,0.98293,0.9831,1.12,2.25
2017.07.06 17:33:41.651,0.98291,0.98315,1.75,1.87
2017.07.06 17:33:41.854,0.98292,0.98313,1.50,1.00
2017.07.06 17:33:42.006,0.98294,0.98315,1.00,1.00
2017.07.06 17:33:42.509,0.98294,0.98314,1.00,1.00
2017.07.06 17:33:43.014,0.98293,0.98313,1.12,1.00
2017.07.06 17:33:43.865,0.98299,0.98316,1.00,1.50
2017.07.06 17:33:43.967,0.98299,0.98317,1.00,1.37
2017.07.06 17:33:44.220,0.98295,0.98317,1.00,1.00
2017.07.06 17:33:44.372,0.98296,0.98319,1.00,1.50
2017.07.06 17:33:44.423,0.98299,0.98319,1.00,1.50
2017.07.06 17:33:46.016,0.98304,0.98319,1.00,1.00
2017.07.06 17:33:46.667,0.98304,0.98322,1.00,1.12
2017.07.06 17:33:48.839,0.98306,0.98326,1.00,2.62
2017.07.06 17:33:49.092,0.98308,0.9833,1.00,2.10
2017.07.06 17:33:49.281,0.98306,0.9833,1.50,1.35
2017.07.06 17:33:50.356,0.98306,0.98326,1.00,1.00
2017.07.06 17:33:50.508,0.98303,0.98325,1.12,1.12
2017.07.06 17:33:50.610,0.98304,0.98325,1.00,1.50
2017.07.06 17:33:54.960,0.98304,0.98323,1.00,1.50
2017.07.06 17:33:55.658,0.98304,0.98323,1.00,1.75
2017.07.06 17:33:56.702,0.98304,0.98326,1.00,1.12
2017.07.06 17:34:00.511,0.98303,0.98326,1.00,1.12
2017.07.06 17:34:00.622,0.98302,0.98326,1.00,4.12
2017.07.06 17:34:00.926,0.98306,0.98325,1.00,2.62
2017.07.06 17:34:01.033,0.98306,0.98327,1.00,4.12
2017.07.06 17:34:01.084,0.98304,0.98328,1.50,1.35
2017.07.06 17:34:01.672,0.98303,0.98327,1.00,1.12
2017.07.06 17:34:02.617,0.98303,0.98323,1.00,1.00
2017.07.06 17:34:03.342,0.98303,0.98326,1.50,2.10
2017.07.06 17:34:03.852,0.98304,0.98327,1.00,1.75
2017.07.06 17:34:03.903,0.98304,0.98327,1.00,1.12
2017.07.06 17:34:04.005,0.98304,0.98327,1.75,1.00
2017.07.06 17:34:04.557,0.98304,0.98328,2.25,1.30
2017.07.06 17:34:06.568,0.98303,0.98327,1.75,1.00
2017.07.06 17:34:06.720,0.98303,0.98326,1.12,1.50
2017.07.06 17:34:07.837,0.98304,0.98326,1.35,1.50
2017.07.06 17:34:08.140,0.98305,0.98329,1.37,1.37
2017.07.06 17:34:14.691,0.98304,0.98327,2.25,1.00
2017.07.06 17:34:17.333,0.98304,0.98326,2.25,1.00
2017.07.06 17:34:17.535,0.98304,0.98325,1.00,1.00
2017.07.06 17:34:17.586,0.98302,0.98324,3.00,1.00
2017.07.06 17:34:17.990,0.98304,0.98327,1.00,1.75
2017.07.06 17:34:18.341,0.98308,0.98327,1.00,1.50
2017.07.06 17:34:18.442,0.98305,0.98326,1.00,1.37
2017.07.06 17:34:18.846,0.98308,0.98326,1.00,1.37
2017.07.06 17:34:21.510,0.98305,0.98327,1.00,1.50
2017.07.06 17:34:21.796,0.98305,0.98327,1.12,1.00
2017.07.06 17:34:21.848,0.98305,0.98325,1.12,1.00
2017.07.06 17:34:22.153,0.98309,0.98327,1.00,1.75
2017.07.06 17:34:22.255,0.98309,0.98328,1.00,1.00
2017.07.06 17:34:23.998,0.98309,0.98329,1.00,1.00
2017.07.06 17:34:24.505,0.98309,0.9833,1.72,1.00
2017.07.06 17:34:24.555,0.98314,0.9833,1.00,1.00
2017.07.06 17:34:25.997,0.98314,0.98331,1.00,1.00
2017.07.06 17:34:26.099,0.98312,0.98331,1.00,1.00
2017.07.06 17:34:26.352,0.98314,0.9833,1.00,1.00
2017.07.06 17:34:26.604,0.98309,0.9833,1.75,1.00
2017.07.06 17:34:27.159,0.98314,0.98331,1.00,1.00
2017.07.06 17:34:28.383,0.98314,0.9833,1.00,1.00
2017.07.06 17:34:28.615,0.98309,0.98332,1.75,1.00
2017.07.06 17:34:28.666,0.98309,0.98332,1.12,1.37
2017.07.06 17:34:28.869,0.98311,0.98333,1.87,1.50
2017.07.06 17:34:29.173,0.98311,0.98329,1.12,1.00
2017.07.06 17:34:29.426,0.98308,0.98329,1.50,1.12
2017.07.06 17:34:29.938,0.98307,0.98328,1.12,1.00
2017.07.06 17:34:30.140,0.98305,0.98327,1.37,1.87
2017.07.06 17:34:30.191,0.98305,0.98327,1.00,4.12
2017.07.06 17:34:32.589,0.98306,0.98326,1.00,1.75
2017.07.06 17:34:33.218,0.98307,0.98327,1.00,2.62
2017.07.06 17:34:33.319,0.98305,0.98327,1.00,2.62
2017.07.06 17:34:33.370,0.98305,0.98328,1.00,1.12
2017.07.06 17:34:33.522,0.98307,0.98329,1.00,1.50
2017.07.06 17:34:34.003,0.98314,0.98329,1.00,1.50
2017.07.06 17:34:35.196,0.98308,0.98329,1.00,1.50
2017.07.06 17:34:35.348,0.98314,0.9833,1.00,1.75
2017.07.06 17:34:35.920,0.98314,0.98331,1.00,1.50
2017.07.06 17:34:37.446,0.98309,0.9833,1.00,1.37
2017.07.06 17:34:37.750,0.98306,0.98328,1.37,1.00
2017.07.06 17:34:37.852,0.98314,0.98329,1.00,1.50
2017.07.06 17:34:37.903,0.98305,0.98325,1.00,1.00
2017.07.06 17:34:38.409,0.98304,0.98324,1.00,1.12
2017.07.06 17:34:38.913,0.98304,0.98325,1.50,1.50
2017.07.06 17:34:39.548,0.98305,0.98325,1.00,1.00
2017.07.06 17:34:40.835,0.98307,0.98325,1.00,1.00
2017.07.06 17:34:41.170,0.98307,0.98328,1.00,1.37
2017.07.06 17:34:41.221,0.98309,0.98329,1.00,1.50
2017.07.06 17:34:41.739,0.98308,0.9833,1.00,3.97
2017.07.06 17:34:41.891,0.98309,0.9833,1.00,1.72
2017.07.06 17:34:42.104,0.98309,0.9833,1.00,2.10
2017.07.06 17:34:43.238,0.98305,0.98328,1.87,1.72
2017.07.06 17:34:43.289,0.98305,0.98327,1.50,1.00
2017.07.06 17:34:43.633,0.98309,0.98326,1.50,2.62
2017.07.06 17:34:43.684,0.98309,0.98328,1.50,1.12
2017.07.06 17:34:44.220,0.98308,0.9833,1.00,1.35
2017.07.06 17:34:45.073,0.98307,0.98329,1.00,1.50
2017.07.06 17:34:45.175,0.98307,0.98326,1.00,1.00
2017.07.06 17:34:47.760,0.98308,0.98326,1.00,1.00
2017.07.06 17:34:48.302,0.98308,0.98329,1.00,2.62
2017.07.06 17:34:49.502,0.98306,0.98327,1.00,1.12
2017.07.06 17:34:50.599,0.98306,0.98327,1.00,1.75
2017.07.06 17:34:50.813,0.98304,0.98326,1.00,2.10
2017.07.06 17:34:51.355,0.98305,0.98326,1.00,2.10
2017.07.06 17:34:54.538,0.98303,0.98326,1.87,2.25
2017.07.06 17:34:55.591,0.98303,0.98324,1.87,1.30
2017.07.06 17:34:55.692,0.98303,0.98322,1.50,1.00
2017.07.06 17:34:56.113,0.98303,0.98321,1.00,1.37
2017.07.06 17:34:56.164,0.98301,0.98323,1.00,3.75
2017.07.06 17:34:56.215,0.98301,0.98323,1.50,1.00
2017.07.06 17:34:56.367,0.98304,0.98324,1.00,1.87
2017.07.06 17:34:57.148,0.98304,0.98322,1.00,1.12
2017.07.06 17:34:57.300,0.98299,0.98322,1.50,1.75
2017.07.06 17:34:58.002,0.98299,0.9832,1.50,4.50
2017.07.06 17:35:00.670,0.98301,0.98319,1.00,1.75
2017.07.06 17:35:00.923,0.98304,0.98322,1.00,1.00
2017.07.06 17:35:01.024,0.98303,0.98324,1.00,1.50
2017.07.06 17:35:02.483,0.98304,0.98324,1.00,1.50
2017.07.06 17:35:07.129,0.98304,0.98323,1.00,1.00
2017.07.06 17:35:07.554,0.98308,0.98324,1.00,1.00
2017.07.06 17:35:07.707,0.98305,0.98327,1.50,3.00
2017.07.06 17:35:08.284,0.98304,0.98324,1.00,1.00
2017.07.06 17:35:08.815,0.98306,0.98324,1.00,1.00
2017.07.06 17:35:09.335,0.98304,0.98324,1.00,1.00
2017.07.06 17:35:10.515,0.98303,0.98324,1.50,1.00
2017.07.06 17:35:12.021,0.98303,0.98324,1.50,1.12
2017.07.06 17:35:16.524,0.98301,0.98323,1.00,1.87
2017.07.06 17:35:18.855,0.98299,0.98322,1.50,1.37
2017.07.06 17:35:19.058,0.98299,0.98321,1.50,4.50
2017.07.06 17:35:19.784,0.98298,0.9832,1.00,1.50
2017.07.06 17:35:20.119,0.98298,0.98319,1.00,2.47
2017.07.06 17:35:26.763,0.98297,0.98319,1.00,2.10
2017.07.06 17:35:29.551,0.98296,0.98319,1.00,1.35
2017.07.06 17:35:29.754,0.98296,0.98319,1.00,1.30
2017.07.06 17:35:30.788,0.98294,0.98317,1.50,1.00
2017.07.06 17:35:30.991,0.98289,0.98312,1.50,1.72
2017.07.06 17:35:31.522,0.98291,0.98312,1.00,1.00
2017.07.06 17:35:32.037,0.98292,0.98315,1.00,2.85
2017.07.06 17:35:33.481,0.98295,0.98316,1.00,3.37
2017.07.06 17:35:33.784,0.98296,0.98317,1.00,1.30
2017.07.06 17:35:34.749,0.98297,0.98318,1.00,1.67
2017.07.06 17:35:35.002,0.98297,0.9832,1.12,1.67
2017.07.06 17:35:35.262,0.98299,0.98321,1.00,2.25
2017.07.06 17:35:35.565,0.98301,0.98324,1.50,1.35
2017.07.06 17:35:36.116,0.98301,0.98325,2.25,1.60
2017.07.06 17:35:36.320,0.983,0.98324,1.75,3.22
2017.07.06 17:35:36.572,0.98298,0.98319,1.00,1.72
2017.07.06 17:35:37.074,0.98297,0.9832,1.50,1.35
2017.07.06 17:35:37.150,0.98299,0.9832,1.00,1.35
2017.07.06 17:35:37.558,0.98297,0.9832,1.00,1.35
2017.07.06 17:35:37.609,0.98297,0.9832,1.00,1.60
2017.07.06 17:35:38.757,0.98299,0.9832,1.00,2.10
2017.07.06 17:35:39.279,0.983,0.98321,1.00,2.10
2017.07.06 17:35:39.666,0.98301,0.98323,1.00,1.35
2017.07.06 17:35:39.767,0.983,0.98323,1.50,1.30
2017.07.06 17:35:40.272,0.983,0.98322,1.00,1.75
2017.07.06 17:35:40.678,0.98304,0.98321,1.00,1.67
2017.07.06 17:35:42.746,0.98302,0.98324,1.00,4.35
2017.07.06 17:35:42.797,0.98302,0.98323,1.00,1.00
2017.07.06 17:35:44.109,0.98304,0.98323,1.00,1.00
2017.07.06 17:35:46.112,0.98306,0.98323,1.00,1.00
2017.07.06 17:35:46.314,0.98306,0.98326,1.00,1.30
2017.07.06 17:35:47.436,0.98306,0.98328,1.00,1.12
2017.07.06 17:35:47.689,0.98309,0.98329,1.00,3.22
2017.07.06 17:35:47.796,0.98307,0.98329,1.00,3.22
2017.07.06 17:35:48.605,0.98309,0.98329,1.00,1.37
2017.07.06 17:35:48.706,0.98309,0.9833,1.00,1.50
2017.07.06 17:35:48.858,0.98305,0.98329,2.25,1.72
2017.07.06 17:35:48.909,0.98305,0.98329,1.50,2.10
2017.07.06 17:35:49.455,0.98305,0.98328,1.00,1.72
2017.07.06 17:35:49.957,0.98307,0.98328,1.00,1.12
2017.07.06 17:35:50.486,0.98307,0.98331,1.00,1.35
2017.07.06 17:35:58.722,0.98308,0.98331,1.00,2.47
2017.07.06 17:36:00.411,0.98307,0.98331,1.00,2.10
2017.07.06 17:36:00.712,0.98311,0.98332,1.00,1.30
2017.07.06 17:36:01.217,0.9831,0.98333,1.50,1.30
2017.07.06 17:36:02.993,0.98309,0.98333,2.62,1.67
2017.07.06 17:36:03.682,0.98311,0.98333,1.00,1.72
2017.07.06 17:36:04.206,0.9831,0.98332,1.00,1.00
2017.07.06 17:36:04.725,0.98309,0.98333,1.50,3.97
2017.07.06 17:36:05.246,0.98308,0.98332,1.12,1.12
2017.07.06 17:36:06.227,0.98308,0.98332,1.87,1.50
2017.07.06 17:36:07.050,0.9831,0.98332,1.00,1.87
2017.07.06 17:36:08.242,0.9831,0.98333,1.00,3.97
2017.07.06 17:36:08.760,0.98309,0.98333,1.50,3.97
2017.07.06 17:36:09.201,0.98309,0.98332,1.50,2.47
2017.07.06 17:36:11.524,0.98309,0.98332,1.00,1.00
2017.07.06 17:36:13.913,0.98309,0.98331,1.50,1.00
2017.07.06 17:36:14.952,0.98314,0.98331,1.00,1.00
2017.07.06 17:36:15.632,0.98314,0.98333,1.00,4.35
2017.07.06 17:36:16.261,0.98314,0.98333,1.00,3.97
2017.07.06 17:36:16.988,0.98314,0.98333,1.00,3.97
2017.07.06 17:36:17.492,0.98314,0.98333,1.00,3.97
2017.07.06 17:36:18.087,0.98314,0.98332,1.00,1.00
2017.07.06 17:36:18.838,0.98314,0.98332,1.00,1.37
2017.07.06 17:36:20.293,0.98309,0.98333,1.00,4.72
2017.07.06 17:36:21.100,0.9831,0.98333,1.00,4.72
2017.07.06 17:36:21.709,0.98309,0.98333,1.00,3.97
2017.07.06 17:36:27.604,0.98308,0.98332,1.00,1.37
2017.07.06 17:36:28.035,0.98307,0.98328,1.12,2.47
2017.07.06 17:36:28.186,0.98305,0.98326,1.00,2.47
2017.07.06 17:36:28.816,0.98304,0.98326,1.00,3.22
2017.07.06 17:36:30.342,0.98305,0.98327,1.00,2.10
2017.07.06 17:36:31.283,0.98305,0.98329,1.50,3.60
2017.07.06 17:36:31.396,0.98306,0.98329,1.87,1.00
2017.07.06 17:36:31.678,0.98307,0.98331,1.75,3.22
2017.07.06 17:36:35.239,0.98306,0.98328,2.25,2.10
2017.07.06 17:36:42.543,0.98307,0.98329,1.00,1.50
2017.07.06 17:36:42.695,0.98308,0.9833,1.00,1.67
2017.07.06 17:36:44.077,0.98307,0.9833,1.12,2.47
2017.07.06 17:36:45.951,0.98308,0.9833,1.00,2.10
2017.07.06 17:36:46.476,0.98309,0.98332,1.50,1.60
2017.07.06 17:36:48.587,0.98307,0.98331,1.50,1.35
2017.07.06 17:36:49.442,0.98307,0.9833,1.50,2.10
2017.07.06 17:36:52.027,0.98309,0.9833,1.00,2.10
2017.07.06 17:36:53.521,0.98308,0.9833,1.00,2.10
2017.07.06 17:36:54.121,0.98307,0.98328,1.00,2.47
2017.07.06 17:36:54.222,0.98304,0.98326,1.12,1.12
2017.07.06 17:36:55.344,0.98305,0.98328,1.00,3.97
2017.07.06 17:36:55.496,0.98305,0.98328,1.50,1.30
2017.07.06 17:36:55.948,0.98307,0.98329,1.00,1.72
2017.07.06 17:36:57.434,0.98308,0.98329,1.00,1.72
2017.07.06 17:37:03.159,0.9831,0.98331,1.00,1.35
2017.07.06 17:37:03.670,0.98313,0.98333,1.00,2.25
2017.07.06 17:37:03.872,0.98317,0.98338,1.00,1.30
2017.07.06 17:37:04.393,0.98317,0.98339,1.00,1.35
2017.07.06 17:37:06.339,0.98316,0.98338,1.00,2.47
2017.07.06 17:37:06.390,0.98313,0.98338,2.25,3.22
2017.07.06 17:37:06.519,0.98313,0.98335,2.25,2.10
2017.07.06 17:37:06.772,0.98309,0.98331,1.00,2.10
2017.07.06 17:37:07.049,0.98307,0.98331,1.00,2.85
2017.07.06 17:37:07.583,0.98306,0.98331,1.50,2.47
2017.07.06 17:37:08.955,0.98306,0.9833,1.50,2.10
2017.07.06 17:37:09.693,0.98306,0.98328,1.12,1.30
2017.07.06 17:37:11.337,0.98303,0.98328,3.97,1.67
2017.07.06 17:37:11.388,0.98304,0.98328,1.00,1.35
2017.07.06 17:37:12.307,0.98305,0.98328,1.00,1.35
2017.07.06 17:37:12.819,0.98307,0.98329,1.00,2.62
2017.07.06 17:37:12.870,0.98307,0.98329,1.00,1.00
2017.07.06 17:37:14.452,0.98307,0.98331,1.50,1.67
2017.07.06 17:37:18.635,0.98307,0.98325,1.50,2.10
2017.07.06 17:37:18.921,0.98303,0.98328,1.72,2.10
2017.07.06 17:37:19.073,0.98306,0.98329,1.00,3.37
2017.07.06 17:37:19.174,0.98309,0.98329,1.00,1.00
2017.07.06 17:37:20.186,0.98306,0.98329,1.00,1.00
2017.07.06 17:37:20.389,0.98308,0.98329,1.00,1.00
2017.07.06 17:37:20.591,0.98308,0.98332,1.50,1.35
2017.07.06 17:37:21.531,0.98308,0.98332,1.50,1.60
2017.07.06 17:37:21.784,0.98305,0.9833,1.12,3.60
2017.07.06 17:37:24.017,0.98305,0.98329,1.12,2.10
2017.07.06 17:37:24.710,0.98304,0.98328,2.25,1.60
2017.07.06 17:37:24.913,0.98304,0.98327,1.00,1.67
2017.07.06 17:37:25.706,0.98304,0.98326,1.50,1.00
2017.07.06 17:37:26.356,0.98304,0.98324,1.50,1.00
2017.07.06 17:37:27.005,0.98304,0.98324,1.00,1.12
2017.07.06 17:37:36.263,0.98304,0.98328,1.72,1.50
2017.07.06 17:37:36.314,0.98307,0.9833,1.00,2.25
2017.07.06 17:37:36.365,0.98313,0.9833,1.00,1.87
2017.07.06 17:37:36.416,0.98313,0.9833,1.00,1.87
2017.07.06 17:37:39.465,0.98306,0.9833,2.85,1.12
2017.07.06 17:37:39.567,0.98314,0.9833,1.00,1.12
2017.07.06 17:37:39.618,0.98306,0.9833,3.22,1.12
2017.07.06 17:37:42.011,0.98313,0.9833,1.00,1.12
2017.07.06 17:37:42.062,0.98308,0.9833,1.30,1.12
2017.07.06 17:37:43.702,0.98309,0.98331,1.00,1.50
2017.07.06 17:37:45.755,0.98309,0.98329,1.50,1.00
2017.07.06 17:37:47.193,0.98307,0.98329,1.50,1.00
2017.07.06 17:37:49.114,0.98307,0.98328,1.50,1.00
2017.07.06 17:37:49.643,0.98308,0.98329,1.12,1.00
2017.07.06 17:37:50.898,0.98307,0.9833,1.50,1.12
2017.07.06 17:37:53.579,0.98306,0.9833,1.50,1.72
2017.07.06 17:37:54.104,0.98308,0.9833,1.12,2.10
2017.07.06 17:37:55.705,0.98306,0.98329,1.75,1.00
2017.07.06 17:37:55.887,0.98306,0.98329,1.50,1.00
2017.07.06 17:37:56.035,0.98306,0.98329,1.50,1.00
2017.07.06 17:37:59.365,0.98306,0.98329,1.50,1.00
2017.07.06 17:37:59.416,0.98306,0.98329,1.50,1.00
2017.07.06 17:38:01.372,0.98306,0.98328,1.50,1.00
2017.07.06 17:38:01.917,0.98306,0.98327,1.00,1.00
2017.07.06 17:38:05.080,0.98306,0.98328,1.50,1.00
2017.07.06 17:38:06.865,0.98305,0.98328,1.87,1.00
2017.07.06 17:38:07.850,0.98309,0.98332,2.25,2.47
2017.07.06 17:38:08.003,0.98311,0.98335,1.37,2.10
2017.07.06 17:38:08.481,0.98312,0.98335,1.50,1.60
2017.07.06 17:38:09.030,0.98312,0.98333,1.75,1.00
2017.07.06 17:38:09.631,0.98312,0.98334,1.75,1.35
2017.07.06 17:38:14.969,0.98312,0.98334,1.75,1.60
2017.07.06 17:38:15.244,0.98312,0.98334,1.37,1.60
2017.07.06 17:38:15.856,0.98311,0.98332,1.87,1.00
2017.07.06 17:38:16.626,0.98311,0.98333,1.87,1.35
2017.07.06 17:38:18.107,0.98311,0.98334,1.35,1.00
2017.07.06 17:38:19.863,0.9831,0.98333,1.75,1.35
2017.07.06 17:38:20.144,0.9831,0.98331,2.62,1.00
2017.07.06 17:38:22.918,0.98309,0.98332,4.72,1.00
2017.07.06 17:38:23.221,0.98318,0.98334,1.00,1.60
2017.07.06 17:38:23.273,0.9831,0.98334,1.87,1.60
2017.07.06 17:38:24.576,0.9831,0.98332,1.75,1.00
2017.07.06 17:38:24.728,0.98311,0.98332,1.00,1.00
2017.07.06 17:38:25.342,0.98308,0.98331,1.75,1.00
2017.07.06 17:38:25.992,0.98308,0.9833,1.75,1.00
2017.07.06 17:38:26.500,0.98308,0.9833,1.37,1.00
2017.07.06 17:38:29.255,0.98308,0.98331,1.50,1.12
2017.07.06 17:38:29.306,0.98308,0.98331,1.50,1.00
2017.07.06 17:38:29.814,0.98308,0.9833,2.25,1.00
2017.07.06 17:38:29.915,0.98309,0.9833,1.00,1.00
2017.07.06 17:38:30.465,0.98309,0.98333,1.12,2.25
2017.07.06 17:38:30.605,0.9831,0.98333,1.00,1.50
2017.07.06 17:38:30.808,0.9831,0.9833,1.00,1.00
2017.07.06 17:38:31.111,0.98304,0.98328,3.37,1.00
2017.07.06 17:38:33.107,0.98306,0.98328,1.37,1.00
2017.07.06 17:38:33.158,0.98305,0.98327,1.00,1.00
2017.07.06 17:38:34.244,0.98305,0.98326,1.00,1.00
2017.07.06 17:38:37.203,0.98305,0.98327,1.00,1.00
2017.07.06 17:38:40.211,0.98305,0.98326,1.00,1.00
2017.07.06 17:38:43.299,0.98305,0.98327,1.00,1.00
2017.07.06 17:38:48.349,0.98305,0.98327,1.12,1.00
2017.07.06 17:38:48.878,0.98305,0.98329,1.87,1.50
2017.07.06 17:38:50.840,0.98305,0.98329,2.47,1.12
2017.07.06 17:38:52.166,0.98309,0.98329,1.00,1.00
2017.07.06 17:38:53.290,0.98309,0.98331,1.00,1.12
2017.07.06 17:38:54.018,0.98307,0.98329,1.37,1.00
2017.07.06 17:38:54.680,0.98304,0.98328,6.22,1.00
2017.07.06 17:38:56.384,0.98307,0.98328,1.00,1.00
2017.07.06 17:39:04.533,0.98304,0.98327,4.87,1.00
2017.07.06 17:39:04.836,0.98304,0.98325,1.50,1.00
2017.07.06 17:39:05.645,0.98314,0.98325,1.00,1.00
2017.07.06 17:39:05.696,0.98314,0.98328,1.00,1.50
2017.07.06 17:39:06.962,0.98304,0.98328,2.47,1.50
2017.07.06 17:39:07.159,0.98304,0.98328,3.97,1.12
2017.07.06 17:39:09.453,0.98306,0.9833,1.87,1.50
2017.07.06 17:39:09.796,0.98307,0.9833,1.12,1.00
2017.07.06 17:39:11.909,0.9831,0.98332,1.87,1.67
2017.07.06 17:39:12.213,0.98312,0.98336,1.75,1.72
2017.07.06 17:39:15.143,0.98319,0.98335,1.00,1.00
2017.07.06 17:39:17.786,0.98313,0.98335,1.37,1.00
2017.07.06 17:39:19.698,0.98311,0.98334,1.75,1.72
2017.07.06 17:39:19.951,0.98308,0.98331,2.62,1.00
2017.07.06 17:39:20.445,0.98309,0.98332,1.72,1.00
2017.07.06 17:39:20.761,0.98314,0.98335,1.37,1.00
2017.07.06 17:39:21.065,0.98318,0.98339,1.00,2.10
2017.07.06 17:39:21.218,0.98315,0.98339,2.47,2.10
2017.07.06 17:39:22.637,0.98316,0.98339,1.50,1.12
2017.07.06 17:39:23.811,0.98316,0.98339,1.12,1.37
2017.07.06 17:39:24.257,0.98315,0.98336,1.50,1.12
2017.07.06 17:39:24.358,0.98313,0.98336,1.00,1.50
2017.07.06 17:39:24.460,0.98312,0.98334,2.10,1.00
2017.07.06 17:39:24.712,0.9831,0.98333,1.12,1.35
2017.07.06 17:39:25.244,0.98309,0.98333,1.50,2.10
2017.07.06 17:39:25.776,0.9831,0.98334,1.00,3.22
2017.07.06 17:39:26.300,0.9831,0.98335,1.00,1.50
2017.07.06 17:39:28.068,0.9831,0.98335,1.12,2.10
2017.07.06 17:39:29.059,0.98313,0.98335,1.00,2.10
2017.07.06 17:39:30.061,0.98313,0.98337,1.30,3.37
2017.07.06 17:39:30.313,0.98317,0.98341,1.67,2.10
2017.07.06 17:39:30.516,0.98316,0.9834,1.75,2.47
2017.07.06 17:39:30.719,0.98315,0.98338,1.37,1.30
2017.07.06 17:39:31.526,0.98314,0.98338,2.47,1.67
2017.07.06 17:39:31.950,0.98314,0.98338,3.22,1.30
2017.07.06 17:39:32.497,0.98314,0.98338,2.47,1.67
2017.07.06 17:39:32.548,0.98314,0.98338,2.47,1.35
2017.07.06 17:39:33.021,0.98314,0.9834,2.47,2.25
2017.07.06 17:39:33.476,0.98324,0.98343,1.00,4.87
2017.07.06 17:39:33.729,0.98324,0.98346,1.00,2.47
2017.07.06 17:39:33.982,0.98324,0.98342,1.00,1.12
2017.07.06 17:39:34.292,0.98324,0.98341,1.00,3.60
2017.07.06 17:39:34.848,0.98317,0.98341,1.12,2.47
2017.07.06 17:39:35.171,0.98316,0.98341,2.47,2.85
2017.07.06 17:39:35.706,0.98316,0.98341,2.47,2.85
2017.07.06 17:39:38.954,0.98317,0.98341,1.35,1.35
2017.07.06 17:39:39.257,0.98318,0.98341,1.37,1.35
2017.07.06 17:39:39.855,0.98319,0.98341,1.50,1.30
2017.07.06 17:39:40.922,0.98318,0.98338,1.50,1.00
2017.07.06 17:39:41.186,0.98312,0.98335,1.50,2.47
2017.07.06 17:39:41.590,0.98313,0.98337,3.00,2.25
2017.07.06 17:39:41.742,0.98316,0.98337,1.00,1.00
2017.07.06 17:39:42.247,0.98315,0.98337,1.00,1.50
2017.07.06 17:39:42.450,0.98315,0.98337,1.00,1.75
2017.07.06 17:39:42.760,0.98313,0.98335,1.12,1.00
2017.07.06 17:39:42.861,0.98313,0.98335,1.00,3.60
2017.07.06 17:39:43.175,0.98311,0.98335,1.50,3.22
2017.07.06 17:39:43.791,0.98311,0.98335,1.50,4.72
2017.07.06 17:39:44.313,0.98311,0.98335,1.12,3.22
2017.07.06 17:39:44.731,0.98311,0.9833,1.12,2.10
2017.07.06 17:39:44.983,0.98305,0.98329,1.50,2.10
2017.07.06 17:39:45.446,0.98304,0.98326,1.50,1.50
2017.07.06 17:39:45.800,0.98304,0.98324,1.00,1.37
2017.07.06 17:39:46.321,0.98304,0.98324,1.00,1.75
2017.07.06 17:39:48.399,0.98305,0.98326,1.00,3.97
2017.07.06 17:39:48.601,0.98309,0.98329,1.50,1.00
2017.07.06 17:39:49.150,0.98308,0.98329,1.00,1.00
2017.07.06 17:39:50.935,0.98307,0.98329,1.00,1.00
2017.07.06 17:39:51.467,0.98306,0.98329,1.00,1.00
2017.07.06 17:39:51.721,0.98305,0.98329,1.12,1.35
2017.07.06 17:39:52.272,0.98305,0.98328,1.00,1.35
2017.07.06 17:39:52.777,0.98309,0.98328,2.47,1.00
2017.07.06 17:39:52.879,0.98312,0.98335,1.00,2.62
2017.07.06 17:39:53.083,0.98312,0.98336,1.12,1.75
2017.07.06 17:39:53.388,0.98319,0.98336,1.00,1.75
2017.07.06 17:39:53.439,0.98312,0.98336,1.12,1.75
2017.07.06 17:39:54.491,0.98318,0.98335,1.00,1.67
2017.07.06 17:39:55.105,0.98312,0.98335,1.12,1.67
2017.07.06 17:39:55.409,0.98311,0.98334,1.00,1.35
2017.07.06 17:39:56.874,0.98319,0.98335,1.00,1.35
2017.07.06 17:39:56.925,0.98312,0.98336,1.30,3.37
2017.07.06 17:39:56.977,0.98313,0.98336,1.12,1.50
2017.07.06 17:39:57.028,0.98315,0.98338,1.30,3.37
2017.07.06 17:39:57.180,0.98316,0.9834,1.50,1.12
2017.07.06 17:39:57.230,0.98318,0.9834,1.00,1.37
2017.07.06 17:39:57.425,0.98316,0.98338,1.00,1.50
2017.07.06 17:39:57.527,0.98315,0.98338,1.00,1.75
2017.07.06 17:39:57.981,0.98316,0.98339,1.00,1.12
2017.07.06 17:39:58.184,0.98318,0.98342,1.50,1.50
2017.07.06 17:39:59.487,0.98314,0.98338,1.87,1.00
2017.07.06 17:39:59.588,0.98314,0.98337,1.00,1.00
2017.07.06 17:39:59.993,0.98312,0.98336,1.37,1.50
2017.07.06 17:40:00.296,0.98311,0.98334,1.12,1.35
2017.07.06 17:40:01.187,0.98314,0.98335,1.75,1.35
2017.07.06 17:40:01.390,0.98318,0.98341,1.00,2.47
2017.07.06 17:40:01.491,0.98324,0.98342,1.00,2.10
2017.07.06 17:40:01.542,0.98321,0.98343,1.87,1.75
2017.07.06 17:40:01.673,0.98329,0.98343,1.00,1.50
2017.07.06 17:40:01.724,0.98322,0.98343,1.00,1.00
2017.07.06 17:40:01.927,0.9832,0.98343,1.12,1.75
2017.07.06 17:40:02.231,0.9832,0.9834,1.00,2.62
2017.07.06 17:40:02.486,0.98321,0.98345,2.62,4.12
2017.07.06 17:40:03.018,0.98321,0.98341,1.00,1.00
2017.07.06 17:40:03.875,0.98319,0.98341,2.25,1.00
2017.07.06 17:40:04.201,0.98321,0.98341,1.00,1.00
2017.07.06 17:40:04.507,0.98322,0.98345,1.50,1.75
2017.07.06 17:40:04.658,0.98324,0.98346,1.00,4.12
2017.07.06 17:40:04.810,0.98324,0.98346,1.50,1.37
2017.07.06 17:40:05.410,0.98324,0.98348,1.50,1.35
2017.07.06 17:40:05.918,0.98323,0.98347,1.75,1.35
2017.07.06 17:40:06.634,0.98323,0.98348,1.75,2.10
2017.07.06 17:40:07.026,0.98323,0.98345,1.00,1.00
2017.07.06 17:40:08.909,0.98324,0.98345,1.00,1.00
2017.07.06 17:40:09.061,0.98326,0.98345,1.37,1.00
2017.07.06 17:40:09.213,0.98329,0.98349,1.50,1.00
2017.07.06 17:40:09.365,0.98328,0.98353,1.12,2.85
2017.07.06 17:40:09.608,0.98333,0.98351,1.00,3.97
2017.07.06 17:40:09.709,0.98328,0.98351,1.87,2.47
2017.07.06 17:40:10.263,0.98329,0.98352,1.00,1.67
2017.07.06 17:40:11.157,0.98328,0.98352,1.12,2.10
2017.07.06 17:40:11.309,0.98326,0.98348,1.12,1.30
2017.07.06 17:40:11.461,0.98324,0.98348,2.25,1.30
2017.07.06 17:40:11.512,0.98325,0.98349,1.12,2.85
2017.07.06 17:40:11.816,0.98329,0.98352,1.00,1.35
2017.07.06 17:40:11.867,0.98329,0.98352,1.00,1.35
2017.07.06 17:40:12.514,0.98328,0.98352,2.62,1.35
2017.07.06 17:40:14.057,0.98331,0.98352,1.00,1.35
2017.07.06 17:40:14.590,0.98329,0.98352,2.25,1.35
2017.07.06 17:40:15.175,0.98329,0.98352,1.50,1.35
2017.07.06 17:40:15.739,0.98328,0.98351,1.50,1.35
2017.07.06 17:40:15.840,0.98324,0.98349,2.25,3.22
2017.07.06 17:40:16.043,0.98324,0.98348,1.50,1.35
2017.07.06 17:40:16.245,0.98324,0.98348,2.62,1.35
2017.07.06 17:40:16.791,0.98324,0.98348,2.25,1.67
2017.07.06 17:40:16.842,0.98324,0.98348,1.87,1.67
2017.07.06 17:40:17.324,0.98324,0.98347,2.62,1.00
2017.07.06 17:40:18.955,0.98324,0.98348,1.12,1.35
2017.07.06 17:40:19.478,0.98325,0.98348,1.00,1.35
2017.07.06 17:40:20.009,0.98324,0.98348,1.12,1.35
2017.07.06 17:40:20.161,0.98323,0.98344,1.00,1.00
2017.07.06 17:40:20.263,0.98319,0.98342,1.12,1.50
2017.07.06 17:40:20.466,0.98319,0.98341,1.00,1.67
2017.07.06 17:40:23.241,0.98319,0.98341,1.00,1.30
2017.07.06 17:40:24.442,0.98318,0.98342,1.00,4.72
2017.07.06 17:40:24.594,0.98315,0.98338,1.00,1.00
2017.07.06 17:40:24.847,0.98314,0.98339,1.12,6.97
2017.07.06 17:40:26.162,0.98314,0.98337,1.00,3.37
2017.07.06 17:40:26.485,0.98316,0.9834,1.00,3.37
2017.07.06 17:40:26.610,0.98318,0.9834,1.00,1.75
2017.07.06 17:40:27.971,0.98318,0.9834,1.00,1.00
2017.07.06 17:40:28.501,0.98317,0.98339,1.00,1.00
2017.07.06 17:40:28.602,0.98318,0.98336,1.00,1.50
2017.07.06 17:40:28.653,0.98314,0.98336,1.00,1.50
2017.07.06 17:40:28.704,0.98314,0.98337,1.50,3.37
2017.07.06 17:40:30.426,0.98315,0.98337,2.25,2.62
2017.07.06 17:40:30.477,0.98316,0.9834,2.62,3.22
2017.07.06 17:40:30.578,0.98318,0.98341,1.87,1.35
2017.07.06 17:40:30.680,0.98319,0.98341,2.25,1.35
2017.07.06 17:40:31.440,0.98323,0.98341,1.00,1.00
2017.07.06 17:40:31.793,0.9832,0.98341,1.00,1.00
2017.07.06 17:40:32.034,0.98324,0.98341,1.00,1.00
2017.07.06 17:40:32.622,0.98324,0.98344,1.00,1.00
2017.07.06 17:40:33.564,0.98321,0.98344,1.00,1.00
2017.07.06 17:40:33.615,0.98319,0.98345,1.12,1.75
2017.07.06 17:40:35.274,0.98318,0.98341,1.50,1.72
2017.07.06 17:40:35.693,0.98324,0.98342,1.00,2.62
2017.07.06 17:40:35.794,0.9832,0.98343,1.50,1.67
2017.07.06 17:40:36.047,0.98323,0.98345,1.00,2.62
2017.07.06 17:40:36.199,0.98319,0.98343,1.50,3.37
2017.07.06 17:40:36.814,0.98318,0.98343,1.87,4.12
2017.07.06 17:40:36.865,0.98316,0.98341,1.50,1.35
2017.07.06 17:40:36.966,0.98315,0.9834,1.12,1.87
2017.07.06 17:40:37.017,0.98314,0.9834,2.25,4.12
2017.07.06 17:40:38.414,0.98314,0.98336,1.00,3.97
2017.07.06 17:40:38.931,0.98314,0.98335,1.00,1.35
2017.07.06 17:40:39.844,0.98311,0.98334,1.00,1.35
2017.07.06 17:40:41.104,0.98309,0.98332,1.00,1.60
2017.07.06 17:40:41.205,0.98307,0.98331,1.00,2.10
2017.07.06 17:40:41.568,0.98309,0.9833,1.00,3.37
2017.07.06 17:40:44.433,0.98308,0.98331,1.00,2.47
2017.07.06 17:40:45.016,0.98309,0.98329,1.00,1.50
2017.07.06 17:40:45.382,0.98306,0.98329,1.00,1.50
2017.07.06 17:40:45.770,0.98305,0.98326,1.00,1.00
2017.07.06 17:40:46.111,0.98303,0.98326,1.00,3.37
2017.07.06 17:40:48.168,0.98302,0.98326,1.00,4.12
2017.07.06 17:40:48.865,0.98301,0.98326,1.12,4.12
2017.07.06 17:40:49.318,0.98301,0.98325,1.00,2.62
2017.07.06 17:40:49.824,0.983,0.98324,1.00,1.35
2017.07.06 17:40:50.493,0.98301,0.98324,1.00,1.35
2017.07.06 17:40:53.182,0.98302,0.98325,3.37,2.62
2017.07.06 17:40:53.233,0.98302,0.98326,3.37,3.22
2017.07.06 17:40:53.436,0.98308,0.98326,1.00,2.62
2017.07.06 17:40:55.646,0.98308,0.98328,1.00,2.10
2017.07.06 17:40:55.747,0.98305,0.98325,1.00,1.30
2017.07.06 17:40:55.848,0.98305,0.98325,1.00,1.35
2017.07.06 17:40:55.899,0.98302,0.98325,1.00,1.35
2017.07.06 17:40:56.610,0.98303,0.98326,1.00,1.75
2017.07.06 17:40:57.262,0.98304,0.98326,1.00,1.75
2017.07.06 17:40:58.443,0.98304,0.98326,1.00,1.50
2017.07.06 17:40:58.969,0.98303,0.98326,1.00,2.25
2017.07.06 17:40:59.222,0.983,0.98326,1.87,5.10
2017.07.06 17:40:59.984,0.98304,0.98326,1.00,2.25
2017.07.06 17:41:00.288,0.98308,0.98326,1.00,1.00
2017.07.06 17:41:00.389,0.98308,0.98331,1.00,1.60
2017.07.06 17:41:00.643,0.98303,0.98329,1.50,3.37
2017.07.06 17:41:01.492,0.98305,0.98327,1.00,2.10
2017.07.06 17:41:01.915,0.98308,0.98327,1.00,3.97
2017.07.06 17:41:02.319,0.98305,0.98327,1.00,3.37
2017.07.06 17:41:02.471,0.98307,0.9833,1.00,2.25
2017.07.06 17:41:02.572,0.98307,0.98328,1.00,1.00
2017.07.06 17:41:03.073,0.98308,0.98328,1.00,1.00
2017.07.06 17:41:04.234,0.98308,0.98331,1.12,1.67
2017.07.06 17:41:06.962,0.98308,0.98332,1.50,2.85
2017.07.06 17:41:07.127,0.98311,0.98333,1.35,1.50
2017.07.06 17:41:07.447,0.98316,0.98339,1.00,4.35
2017.07.06 17:41:08.497,0.98315,0.98339,1.12,5.10
2017.07.06 17:41:09.108,0.98316,0.98339,1.00,5.10
2017.07.06 17:41:09.159,0.98316,0.98339,1.00,3.60
2017.07.06 17:41:09.261,0.9832,0.98339,1.00,2.25
2017.07.06 17:41:09.463,0.9832,0.98341,1.00,1.00
2017.07.06 17:41:11.357,0.9832,0.98341,1.00,1.75
2017.07.06 17:41:12.344,0.98319,0.98342,1.00,2.25
2017.07.06 17:41:12.547,0.98319,0.98341,1.00,1.00
2017.07.06 17:41:13.875,0.98317,0.98341,1.50,1.00
2017.07.06 17:41:15.829,0.9832,0.98341,1.00,1.00
2017.07.06 17:41:16.190,0.98324,0.98341,1.00,1.00
2017.07.06 17:41:16.472,0.98326,0.98349,1.00,2.62
2017.07.06 17:41:16.574,0.98326,0.9835,1.00,1.35
2017.07.06 17:41:17.482,0.98326,0.98348,1.00,1.75
2017.07.06 17:41:19.140,0.98325,0.98347,1.00,1.67
2017.07.06 17:41:21.046,0.98326,0.98347,1.00,1.67
2017.07.06 17:41:22.021,0.98325,0.98347,1.00,1.67
2017.07.06 17:41:24.541,0.98324,0.98347,1.12,1.67
2017.07.06 17:41:25.812,0.98322,0.98343,1.00,1.00
2017.07.06 17:41:26.317,0.98323,0.98345,1.00,1.50
2017.07.06 17:41:28.221,0.98324,0.98345,1.00,1.50
2017.07.06 17:41:28.620,0.98319,0.98341,1.50,1.00
2017.07.06 17:41:30.821,0.98319,0.9834,1.00,1.00
2017.07.06 17:41:31.591,0.98319,0.98341,1.00,1.00
2017.07.06 17:41:32.161,0.98318,0.98341,1.50,1.00
2017.07.06 17:41:32.670,0.98318,0.9834,1.00,1.00
2017.07.06 17:41:33.305,0.98318,0.98341,3.00,1.00
2017.07.06 17:41:33.989,0.98319,0.98342,1.50,1.72
2017.07.06 17:41:34.490,0.98319,0.98342,1.50,2.10
2017.07.06 17:41:36.249,0.98319,0.98341,1.50,1.00
2017.07.06 17:41:36.986,0.98319,0.98342,1.50,1.30
2017.07.06 17:41:37.320,0.98319,0.98341,1.00,1.37
2017.07.06 17:41:37.945,0.98321,0.98341,1.00,1.37
2017.07.06 17:41:39.472,0.98321,0.98341,1.00,1.00
2017.07.06 17:41:40.033,0.98321,0.98342,1.00,1.72
2017.07.06 17:41:44.237,0.9832,0.98342,1.12,1.72
2017.07.06 17:41:46.961,0.98321,0.98342,1.00,1.35
2017.07.06 17:41:53.898,0.98322,0.98342,1.00,1.35
2017.07.06 17:41:55.599,0.98321,0.98342,1.50,1.00
2017.07.06 17:41:56.054,0.98325,0.98344,1.00,1.00
2017.07.06 17:41:56.577,0.98325,0.98345,1.00,1.00
2017.07.06 17:41:56.729,0.98325,0.98347,1.00,1.35
2017.07.06 17:41:57.817,0.98326,0.98347,1.00,1.35
2017.07.06 17:41:57.918,0.98324,0.98346,2.25,1.35
2017.07.06 17:41:58.019,0.98325,0.98346,1.00,3.60
2017.07.06 17:41:58.771,0.98324,0.98345,1.00,1.60
2017.07.06 17:41:58.824,0.98322,0.98345,1.50,2.85
2017.07.06 17:42:01.190,0.98322,0.98344,1.00,1.35
2017.07.06 17:42:01.241,0.98324,0.98344,1.00,1.35
2017.07.06 17:42:01.809,0.98322,0.98343,1.00,1.00
2017.07.06 17:42:02.420,0.98322,0.98343,1.00,2.85
2017.07.06 17:42:03.037,0.98319,0.98342,2.25,1.35
2017.07.06 17:42:07.036,0.9832,0.98342,1.00,2.10
2017.07.06 17:42:10.012,0.98321,0.98342,1.00,2.10
2017.07.06 17:42:10.545,0.98322,0.98342,1.00,2.10
2017.07.06 17:42:10.991,0.98322,0.98341,1.00,2.47
2017.07.06 17:42:11.043,0.98318,0.9834,1.50,4.35
2017.07.06 17:42:11.245,0.98316,0.98338,1.00,1.50
2017.07.06 17:42:11.650,0.98315,0.98337,1.00,1.87
2017.07.06 17:42:12.242,0.98315,0.98337,1.00,1.50
2017.07.06 17:42:14.649,0.98313,0.98334,1.50,1.87
2017.07.06 17:42:14.851,0.98312,0.98334,1.00,3.37
2017.07.06 17:42:16.395,0.98314,0.98334,1.00,2.62
2017.07.06 17:42:17.385,0.98313,0.98334,1.00,1.37
2017.07.06 17:42:17.689,0.98311,0.98331,1.00,1.30
2017.07.06 17:42:18.278,0.98314,0.98332,1.00,1.37
2017.07.06 17:42:18.818,0.98313,0.98333,1.00,1.35
2017.07.06 17:42:19.338,0.98313,0.98334,1.00,2.10
2017.07.06 17:42:19.872,0.98312,0.98334,1.00,3.60
2017.07.06 17:42:20.178,0.98311,0.98332,1.00,3.22
2017.07.06 17:42:22.098,0.98311,0.98332,1.00,3.22
2017.07.06 17:42:22.149,0.98316,0.98332,1.00,1.37
2017.07.06 17:42:22.402,0.98317,0.98336,1.00,1.30
2017.07.06 17:42:23.143,0.98316,0.98336,1.00,1.30
2017.07.06 17:42:23.684,0.98315,0.98336,1.00,1.30
2017.07.06 17:42:24.507,0.98316,0.98336,1.00,1.30
2017.07.06 17:42:25.981,0.98317,0.98337,1.00,1.67
2017.07.06 17:42:30.487,0.9832,0.98338,1.00,1.75
2017.07.06 17:42:30.690,0.98322,0.98343,1.00,2.10
2017.07.06 17:42:30.993,0.98322,0.98344,1.00,1.35
2017.07.06 17:42:31.248,0.9832,0.98343,1.50,2.10
2017.07.06 17:42:31.673,0.98318,0.98341,1.00,1.72
2017.07.06 17:42:32.281,0.98317,0.98341,1.50,2.10
2017.07.06 17:42:32.850,0.98317,0.98341,2.10,1.50
2017.07.06 17:42:33.008,0.98317,0.98343,2.10,1.72
2017.07.06 17:42:33.075,0.9832,0.98343,1.00,1.35
2017.07.06 17:42:35.133,0.98318,0.98343,1.67,1.72
2017.07.06 17:42:35.184,0.98318,0.98342,1.35,1.00
2017.07.06 17:42:35.525,0.9832,0.98342,1.00,1.00
2017.07.06 17:42:36.022,0.9832,0.98342,1.00,2.85
2017.07.06 17:42:36.889,0.98316,0.98341,3.75,1.35
2017.07.06 17:42:37.890,0.98319,0.98341,1.00,1.35
2017.07.06 17:42:38.499,0.98319,0.98343,1.00,2.85
2017.07.06 17:42:39.022,0.98319,0.98343,1.50,3.60
2017.07.06 17:42:42.455,0.98318,0.98343,1.75,3.60
2017.07.06 17:42:44.560,0.98323,0.98344,3.22,1.75
2017.07.06 17:42:44.715,0.98324,0.98344,1.87,1.00
2017.07.06 17:42:44.767,0.98326,0.9835,1.37,2.85
2017.07.06 17:42:44.818,0.98328,0.98351,1.50,1.12
2017.07.06 17:42:44.971,0.98331,0.98353,1.00,2.10
2017.07.06 17:42:45.122,0.98332,0.98354,1.00,1.00
2017.07.06 17:42:45.224,0.98334,0.98357,1.00,2.10
2017.07.06 17:42:45.732,0.98333,0.98355,1.87,1.35
2017.07.06 17:42:46.148,0.98333,0.98353,1.50,1.00
2017.07.06 17:42:46.350,0.98333,0.98353,1.12,1.00
2017.07.06 17:42:46.401,0.98333,0.98355,1.12,1.30
2017.07.06 17:42:46.743,0.98333,0.98355,1.75,2.10
2017.07.06 17:42:52.235,0.98333,0.98358,1.75,6.22
2017.07.06 17:42:52.779,0.98333,0.98358,1.12,7.35
2017.07.06 17:42:53.647,0.98334,0.98358,1.00,6.22
2017.07.06 17:42:53.748,0.98334,0.98358,1.37,6.60
2017.07.06 17:42:56.597,0.98332,0.98355,1.00,1.00
2017.07.06 17:42:56.647,0.98332,0.98357,1.37,1.87
2017.07.06 17:42:56.749,0.98332,0.98355,1.00,1.00
2017.07.06 17:42:57.741,0.98332,0.98355,1.37,1.30
2017.07.06 17:42:58.289,0.98332,0.98357,1.50,2.47
2017.07.06 17:42:59.162,0.98331,0.98355,1.75,1.00
2017.07.06 17:42:59.264,0.98331,0.98355,1.50,1.50
2017.07.06 17:43:01.183,0.9833,0.98353,1.75,2.25
2017.07.06 17:43:01.335,0.98329,0.98353,2.62,2.47
2017.07.06 17:43:01.386,0.98328,0.98352,1.00,1.60
2017.07.06 17:43:01.911,0.98329,0.98352,1.00,1.60
2017.07.06 17:43:02.449,0.98329,0.98353,1.37,2.85
2017.07.06 17:43:02.600,0.98329,0.98351,1.50,2.85
2017.07.06 17:43:02.651,0.98328,0.98353,2.25,1.60
2017.07.06 17:43:02.804,0.98328,0.98351,1.12,1.67
2017.07.06 17:43:03.362,0.98329,0.98351,1.00,1.67
2017.07.06 17:43:04.417,0.98328,0.98352,2.25,1.35
2017.07.06 17:43:04.568,0.98328,0.98354,1.87,3.60
2017.07.06 17:43:05.167,0.98328,0.98354,3.00,2.47
2017.07.06 17:43:09.988,0.98329,0.98352,1.00,1.35
2017.07.06 17:43:10.892,0.98329,0.98353,1.75,1.72
2017.07.06 17:43:11.883,0.9833,0.98353,1.50,3.22
2017.07.06 17:43:12.502,0.9833,0.98353,1.37,3.22
2017.07.06 17:43:14.352,0.9833,0.98353,1.37,3.22
2017.07.06 17:43:15.121,0.9833,0.98354,1.37,1.97
2017.07.06 17:43:15.649,0.98329,0.98352,2.25,1.60
2017.07.06 17:43:23.755,0.98331,0.98353,1.12,3.22
2017.07.06 17:43:23.856,0.9833,0.98353,1.87,1.30
2017.07.06 17:43:24.009,0.98331,0.98354,1.37,2.10
2017.07.06 17:43:24.266,0.9833,0.98353,1.87,1.30
2017.07.06 17:43:24.800,0.98332,0.98355,1.00,2.10
2017.07.06 17:43:24.901,0.98334,0.98355,1.00,1.35
2017.07.06 17:43:25.205,0.98338,0.98359,1.00,1.75
2017.07.06 17:43:25.768,0.98337,0.98358,1.00,1.30
2017.07.06 17:43:26.338,0.98336,0.98358,1.12,1.30
2017.07.06 17:43:27.050,0.98337,0.9836,1.00,2.17
2017.07.06 17:43:32.230,0.98339,0.98361,1.00,3.97
2017.07.06 17:43:32.332,0.98339,0.98361,1.00,2.85
2017.07.06 17:43:32.862,0.9834,0.98362,1.00,2.85
2017.07.06 17:43:33.973,0.9834,0.98361,1.00,3.97
2017.07.06 17:43:35.264,0.98343,0.98361,1.00,3.60
2017.07.06 17:43:35.558,0.98343,0.98362,1.00,3.22
2017.07.06 17:43:37.069,0.98339,0.98361,2.25,2.10
2017.07.06 17:43:37.372,0.98343,0.98361,1.00,2.10
2017.07.06 17:43:41.342,0.9834,0.98363,1.50,2.10
2017.07.06 17:43:43.781,0.98341,0.98363,1.50,3.60
2017.07.06 17:43:44.886,0.9834,0.98363,1.12,3.97
2017.07.06 17:43:45.370,0.9834,0.98358,1.12,2.10
2017.07.06 17:43:45.673,0.98334,0.98356,1.50,5.10
2017.07.06 17:43:46.138,0.98334,0.98356,1.00,3.97
2017.07.06 17:43:46.818,0.98333,0.98356,1.50,3.60
2017.07.06 17:43:47.071,0.98336,0.98359,1.00,2.10
2017.07.06 17:43:47.374,0.98338,0.9836,1.12,3.22
2017.07.06 17:43:49.254,0.98338,0.98359,1.12,2.10
2017.07.06 17:43:49.589,0.98334,0.98355,1.75,1.37
2017.07.06 17:43:49.691,0.98333,0.98355,1.37,1.60
2017.07.06 17:43:50.459,0.98331,0.98356,1.50,4.72
2017.07.06 17:43:50.947,0.98331,0.98356,1.50,1.87
2017.07.06 17:43:53.533,0.98333,0.98356,1.12,2.47
2017.07.06 17:43:54.082,0.98334,0.98358,1.00,6.22
2017.07.06 17:43:54.523,0.98334,0.98358,1.50,3.22
2017.07.06 17:43:55.093,0.98335,0.98358,1.00,3.60
2017.07.06 17:43:55.335,0.98335,0.98355,1.00,2.10
2017.07.06 17:43:55.639,0.98328,0.9835,1.75,2.85
2017.07.06 17:43:55.689,0.98327,0.98349,1.50,1.37
2017.07.06 17:43:55.842,0.98325,0.98348,3.37,5.10
2017.07.06 17:43:55.893,0.98325,0.98347,1.50,3.22
2017.07.06 17:43:56.410,0.98324,0.98346,1.12,1.72
2017.07.06 17:43:56.815,0.98323,0.98347,2.85,1.00
2017.07.06 17:43:57.023,0.98326,0.98349,1.00,1.87
2017.07.06 17:43:57.074,0.98326,0.98349,1.37,1.00
2017.07.06 17:43:57.585,0.98325,0.9835,2.10,1.12
2017.07.06 17:43:57.889,0.98332,0.98357,2.10,1.50
2017.07.06 17:43:58.042,0.98335,0.98355,1.30,1.00
2017.07.06 17:43:58.194,0.98335,0.98359,2.47,1.12
2017.07.06 17:43:59.363,0.98335,0.98358,1.87,1.00
2017.07.06 17:44:00.506,0.98333,0.98357,4.12,1.00
2017.07.06 17:44:02.322,0.98338,0.98357,1.00,1.00
2017.07.06 17:44:02.425,0.98336,0.98357,1.12,1.00
2017.07.06 17:44:02.476,0.98335,0.98358,1.12,1.87
2017.07.06 17:44:02.628,0.98335,0.98358,1.12,3.00
2017.07.06 17:44:03.373,0.98333,0.98356,3.00,1.00
2017.07.06 17:44:06.274,0.98335,0.98357,1.50,1.12
2017.07.06 17:44:06.426,0.98337,0.98355,1.00,1.35
2017.07.06 17:44:06.528,0.98331,0.98354,4.12,1.50
2017.07.06 17:44:06.629,0.98331,0.98354,1.50,1.50
2017.07.06 17:44:06.822,0.98335,0.98354,1.00,1.00
2017.07.06 17:44:07.205,0.98335,0.98357,1.00,1.50
2017.07.06 17:44:07.418,0.98338,0.98357,1.00,1.00
2017.07.06 17:44:07.721,0.98337,0.98358,1.75,1.72
2017.07.06 17:44:07.923,0.98332,0.98353,1.75,1.00
2017.07.06 17:44:08.025,0.98332,0.98353,1.12,1.00
2017.07.06 17:44:08.227,0.98332,0.98354,1.75,1.35
2017.07.06 17:44:08.935,0.98331,0.98353,1.75,1.00
2017.07.06 17:44:09.037,0.98331,0.98353,1.75,1.12
2017.07.06 17:44:09.664,0.9833,0.98352,1.75,1.00
2017.07.06 17:44:10.373,0.98331,0.98351,1.75,1.00
2017.07.06 17:44:10.790,0.9833,0.98354,2.47,1.12
2017.07.06 17:44:11.449,0.9833,0.98355,3.22,1.00
2017.07.06 17:44:11.977,0.9833,0.98354,3.22,1.00
2017.07.06 17:44:13.231,0.98331,0.98353,1.75,1.00
2017.07.06 17:44:14.229,0.98331,0.98351,1.75,1.00
2017.07.06 17:44:14.432,0.9833,0.98351,1.50,1.00
2017.07.06 17:44:14.948,0.9833,0.98349,1.00,1.00
2017.07.06 17:44:15.251,0.98325,0.98346,1.75,1.00
2017.07.06 17:44:15.302,0.98323,0.98346,1.75,1.50
2017.07.06 17:44:15.454,0.98323,0.98346,1.37,1.87
2017.07.06 17:44:16.635,0.98323,0.98344,1.37,1.00
2017.07.06 17:44:16.787,0.98323,0.98347,1.37,2.47
2017.07.06 17:44:17.040,0.98326,0.98348,1.67,1.00
2017.07.06 17:44:17.352,0.98328,0.98349,1.37,1.00
2017.07.06 17:44:18.505,0.9833,0.98351,1.00,1.12
2017.07.06 17:44:18.707,0.9833,0.98354,2.62,1.37
2017.07.06 17:44:19.313,0.98336,0.98357,1.37,1.00
2017.07.06 17:44:19.417,0.98336,0.98359,1.50,1.00
2017.07.06 17:44:19.568,0.98336,0.98357,1.50,1.00
2017.07.06 17:44:19.872,0.98331,0.98355,3.37,1.60
2017.07.06 17:44:20.401,0.98334,0.98355,1.50,1.00
2017.07.06 17:44:20.604,0.98335,0.98357,1.00,1.00
2017.07.06 17:44:21.955,0.98332,0.98355,1.75,1.00
2017.07.06 17:44:22.258,0.98333,0.98354,1.00,2.10
2017.07.06 17:44:22.927,0.98333,0.98352,1.00,1.00
2017.07.06 17:44:23.145,0.98333,0.98354,1.00,1.00
2017.07.06 17:44:23.713,0.98333,0.98355,1.00,2.10
2017.07.06 17:44:23.865,0.98329,0.98352,1.87,1.00
2017.07.06 17:44:24.671,0.98331,0.98354,1.67,1.12
2017.07.06 17:44:24.823,0.98331,0.98355,2.85,1.87
2017.07.06 17:44:26.960,0.98331,0.98355,2.10,1.50
2017.07.06 17:44:27.474,0.98332,0.98355,1.00,1.00
2017.07.06 17:44:29.452,0.98332,0.98354,1.00,1.00
2017.07.06 17:44:30.144,0.98332,0.98353,1.00,1.00
2017.07.06 17:44:31.544,0.98332,0.98352,1.00,1.00
2017.07.06 17:44:31.854,0.9833,0.98352,1.00,1.00
2017.07.06 17:44:33.896,0.9833,0.98353,1.00,1.00
2017.07.06 17:44:34.068,0.98328,0.98353,5.25,1.00
2017.07.06 17:44:35.719,0.9833,0.98349,1.00,1.00
2017.07.06 17:44:35.921,0.98328,0.98348,1.00,1.12
2017.07.06 17:44:36.023,0.98326,0.98348,1.12,1.12
2017.07.06 17:44:37.453,0.98326,0.98346,1.00,1.00
2017.07.06 17:44:38.050,0.98324,0.98348,3.37,1.12
2017.07.06 17:44:39.296,0.98324,0.98346,1.50,1.00
2017.07.06 17:44:39.549,0.98324,0.98346,1.12,1.12
2017.07.06 17:44:40.051,0.98326,0.98348,1.67,1.75
2017.07.06 17:44:40.203,0.98326,0.98349,1.72,1.50
2017.07.06 17:44:40.785,0.98327,0.98349,1.00,1.00
2017.07.06 17:44:40.836,0.98329,0.98351,1.50,1.50
2017.07.06 17:44:41.347,0.9833,0.98352,1.30,1.12
2017.07.06 17:44:42.244,0.98328,0.9835,1.75,1.00
2017.07.06 17:44:43.628,0.98328,0.98349,2.62,1.00
2017.07.06 17:44:44.172,0.98327,0.9835,2.47,1.00
2017.07.06 17:44:44.677,0.98329,0.98348,1.50,1.00
2017.07.06 17:44:44.929,0.98325,0.98346,1.00,1.00
2017.07.06 17:44:45.458,0.98325,0.98348,1.37,1.50
2017.07.06 17:44:48.798,0.98326,0.98346,1.00,1.00
2017.07.06 17:44:49.410,0.98325,0.98346,1.00,1.00
2017.07.06 17:44:50.308,0.98325,0.98348,1.00,1.50
2017.07.06 17:44:50.359,0.98326,0.98348,2.62,1.50
2017.07.06 17:44:51.180,0.98325,0.98348,3.00,1.50
2017.07.06 17:44:51.724,0.98325,0.98346,1.87,1.00
2017.07.06 17:44:52.344,0.98325,0.98348,1.37,1.87
2017.07.06 17:44:52.654,0.98329,0.98349,1.00,1.75
2017.07.06 17:44:52.758,0.98329,0.9835,1.00,1.12
2017.07.06 17:44:56.355,0.98329,0.98348,1.00,1.00
2017.07.06 17:44:56.760,0.98329,0.9835,1.00,1.72
2017.07.06 17:44:57.259,0.98329,0.98348,1.00,1.00
2017.07.06 17:45:01.145,0.98326,0.98348,1.12,1.00
2017.07.06 17:45:02.037,0.98328,0.98348,1.00,1.00
2017.07.06 17:45:03.157,0.98328,0.98347,1.00,1.00
2017.07.06 17:45:03.208,0.98325,0.98347,1.50,1.00
2017.07.06 17:45:03.886,0.9833,0.9835,1.50,1.12
2017.07.06 17:45:03.937,0.98329,0.9835,1.12,1.12
2017.07.06 17:45:04.038,0.98331,0.98351,1.12,1.12
2017.07.06 17:45:04.393,0.98331,0.98351,1.75,1.00
2017.07.06 17:45:04.652,0.98329,0.9835,2.25,1.00
2017.07.06 17:45:05.920,0.9833,0.98349,1.37,1.00
2017.07.06 17:45:07.253,0.9833,0.98352,1.37,1.12
2017.07.06 17:45:07.405,0.9833,0.9835,1.50,1.00
2017.07.06 17:45:08.407,0.98329,0.98348,2.25,1.00
2017.07.06 17:45:08.508,0.98329,0.98347,1.50,1.00
2017.07.06 17:45:08.660,0.98326,0.98346,1.00,1.00
2017.07.06 17:45:10.507,0.98326,0.98348,1.00,1.00
2017.07.06 17:45:11.038,0.98326,0.98346,1.50,1.00
2017.07.06 17:45:11.473,0.98323,0.98345,1.50,1.00
2017.07.06 17:45:13.110,0.98324,0.98345,1.37,1.00
2017.07.06 17:45:13.211,0.98323,0.98347,1.87,1.00
2017.07.06 17:45:13.336,0.98326,0.98347,1.00,1.00
2017.07.06 17:45:15.888,0.98326,0.98345,1.00,1.00
2017.07.06 17:45:16.090,0.98323,0.98345,1.87,1.00
2017.07.06 17:45:16.883,0.98323,0.98344,2.62,1.00
2017.07.06 17:45:16.934,0.98323,0.98342,1.50,1.00
2017.07.06 17:45:17.136,0.98319,0.9834,2.25,1.00
2017.07.06 17:45:18.414,0.98317,0.98339,3.75,1.00
2017.07.06 17:45:18.718,0.98317,0.98337,1.37,1.00
2017.07.06 17:45:19.022,0.98312,0.98334,1.75,1.00
2017.07.06 17:45:20.263,0.98313,0.98335,1.87,1.00
2017.07.06 17:45:21.447,0.98311,0.98335,2.62,1.72
2017.07.06 17:45:23.714,0.98314,0.98335,3.00,1.12
2017.07.06 17:45:24.321,0.98315,0.98336,1.12,1.00
2017.07.06 17:45:24.974,0.98316,0.98337,2.47,1.00
2017.07.06 17:45:26.520,0.98316,0.98336,2.10,1.00
2017.07.06 17:45:26.877,0.98316,0.98338,2.10,1.00
2017.07.06 17:45:27.646,0.98316,0.98339,2.47,1.12
2017.07.06 17:45:29.765,0.98316,0.98338,2.47,1.00
2017.07.06 17:45:30.018,0.98314,0.98336,1.75,1.00
2017.07.06 17:45:30.170,0.98313,0.98336,1.37,1.12
2017.07.06 17:45:30.690,0.98314,0.98337,2.25,1.00
2017.07.06 17:45:31.308,0.98316,0.98337,1.00,1.00
2017.07.06 17:45:32.044,0.98317,0.98337,1.00,1.00
2017.07.06 17:45:34.549,0.98317,0.98339,1.00,1.72
2017.07.06 17:45:34.600,0.98317,0.98337,1.00,1.00
2017.07.06 17:45:35.470,0.98317,0.98336,1.00,1.00
2017.07.06 17:45:35.572,0.98317,0.98338,1.00,1.00
2017.07.06 17:45:35.622,0.98318,0.98341,1.37,2.10
2017.07.06 17:45:35.904,0.98323,0.98344,1.00,1.72
2017.07.06 17:45:36.719,0.98323,0.98344,1.00,2.10
2017.07.06 17:45:36.770,0.9832,0.9834,1.87,1.00
2017.07.06 17:45:37.073,0.98316,0.98337,1.00,1.00
2017.07.06 17:45:37.875,0.98315,0.98337,1.12,1.12
2017.07.06 17:45:38.395,0.98315,0.98337,1.00,2.10
2017.07.06 17:45:38.935,0.98318,0.98336,1.00,1.30
2017.07.06 17:45:39.559,0.98319,0.98339,1.00,3.22
2017.07.06 17:45:39.696,0.98317,0.98335,1.00,1.00
2017.07.06 17:45:39.798,0.98315,0.98337,1.00,2.10
2017.07.06 17:45:39.899,0.98313,0.98336,1.50,1.50
2017.07.06 17:45:40.548,0.98314,0.98334,1.50,1.00
2017.07.06 17:45:41.360,0.98314,0.98335,1.50,1.12
2017.07.06 17:45:44.954,0.98314,0.98332,1.00,1.00
2017.07.06 17:45:45.005,0.98312,0.98335,1.00,2.85
2017.07.06 17:45:45.207,0.98312,0.98335,1.75,2.10
2017.07.06 17:45:48.402,0.98312,0.98334,1.75,1.00
2017.07.06 17:45:49.662,0.98312,0.98333,1.75,1.00
2017.07.06 17:45:50.107,0.98311,0.98333,1.12,1.12
2017.07.06 17:45:53.058,0.9831,0.9833,1.50,1.00
2017.07.06 17:45:53.618,0.9831,0.9833,1.00,1.00
2017.07.06 17:45:54.163,0.98307,0.98329,1.75,1.00
2017.07.06 17:45:54.669,0.98308,0.98328,1.50,1.35
2017.07.06 17:45:55.247,0.98308,0.98328,1.12,1.35
2017.07.06 17:45:55.642,0.98305,0.98325,1.75,1.00
2017.07.06 17:45:56.168,0.98307,0.98326,1.00,1.00
2017.07.06 17:45:56.384,0.98307,0.98329,1.00,1.12
2017.07.06 17:45:56.704,0.98307,0.98326,1.00,1.00
2017.07.06 17:45:56.755,0.98305,0.98326,1.12,1.00
2017.07.06 17:45:57.303,0.98305,0.98324,1.00,1.00
2017.07.06 17:45:57.829,0.98304,0.98324,1.00,1.00
2017.07.06 17:45:58.382,0.98302,0.98325,1.50,1.00
2017.07.06 17:45:59.042,0.98302,0.98324,1.50,1.00
2017.07.06 17:45:59.484,0.98302,0.98322,1.50,1.00
2017.07.06 17:46:00.043,0.98302,0.98322,1.00,1.00
2017.07.06 17:46:00.405,0.98302,0.98319,1.00,1.00
2017.07.06 17:46:00.456,0.98299,0.98319,1.50,1.00
2017.07.06 17:46:03.385,0.98299,0.98321,1.50,1.00
2017.07.06 17:46:03.693,0.98299,0.98319,1.50,1.00
2017.07.06 17:46:03.996,0.98299,0.98322,1.50,2.10
2017.07.06 17:46:08.228,0.98298,0.98321,2.25,3.22
2017.07.06 17:46:08.840,0.98297,0.98319,1.75,1.35
2017.07.06 17:46:12.191,0.98298,0.9832,1.87,1.00
2017.07.06 17:46:13.696,0.98301,0.9832,1.00,1.00
2017.07.06 17:46:15.941,0.98301,0.98319,1.00,1.00
2017.07.06 17:46:16.042,0.98301,0.98317,1.00,1.00
2017.07.06 17:46:16.194,0.98298,0.98317,1.12,1.00
2017.07.06 17:46:16.791,0.98297,0.98317,1.00,1.00
2017.07.06 17:46:17.144,0.98299,0.98321,2.62,1.00
2017.07.06 17:46:17.448,0.98303,0.98324,1.00,2.47
2017.07.06 17:46:18.054,0.98304,0.98324,1.00,2.47
2017.07.06 17:46:18.663,0.98304,0.98324,1.00,1.00
2017.07.06 17:46:19.383,0.98303,0.98324,1.00,1.00
2017.07.06 17:46:20.185,0.98305,0.98324,1.00,1.00
2017.07.06 17:46:20.657,0.98303,0.98324,1.50,1.50
2017.07.06 17:46:21.188,0.98304,0.98323,1.00,1.00
2017.07.06 17:46:21.358,0.98302,0.98323,1.00,1.00
2017.07.06 17:46:23.369,0.98303,0.98323,1.00,1.00
2017.07.06 17:46:23.420,0.98303,0.98321,1.00,1.00
2017.07.06 17:46:23.875,0.98304,0.98324,1.12,1.00
2017.07.06 17:46:24.790,0.98302,0.98325,1.87,1.00
2017.07.06 17:46:24.841,0.98302,0.98325,3.75,1.00
2017.07.06 17:46:25.601,0.98303,0.98326,2.25,1.50
2017.07.06 17:46:25.904,0.98303,0.98324,1.87,1.00
2017.07.06 17:46:31.940,0.98301,0.98324,1.50,1.00
2017.07.06 17:46:32.092,0.98303,0.98325,1.00,1.72
2017.07.06 17:46:32.795,0.98304,0.98325,1.00,1.60
2017.07.06 17:46:35.343,0.98304,0.98323,1.00,1.00
2017.07.06 17:46:35.741,0.98304,0.98325,1.00,1.72
2017.07.06 17:46:36.186,0.98305,0.98323,1.12,1.00
2017.07.06 17:46:36.711,0.98304,0.98323,1.00,1.00
2017.07.06 17:46:38.430,0.98303,0.98323,1.00,1.00
2017.07.06 17:46:39.421,0.98303,0.98322,1.00,1.00
2017.07.06 17:46:41.730,0.98304,0.98322,1.00,1.00
2017.07.06 17:46:41.815,0.98304,0.98324,1.00,1.00
2017.07.06 17:46:43.103,0.98302,0.98324,1.12,1.00
2017.07.06 17:46:44.210,0.98303,0.98324,1.00,1.00
2017.07.06 17:46:44.851,0.98303,0.98323,1.00,1.00
2017.07.06 17:46:48.123,0.98305,0.98323,1.00,1.00
2017.07.06 17:46:50.388,0.98305,0.98319,1.00,1.00
2017.07.06 17:46:50.440,0.98302,0.98318,1.00,1.00
2017.07.06 17:46:50.491,0.98302,0.98316,1.00,1.00
2017.07.06 17:46:50.744,0.98294,0.98311,2.25,1.00
2017.07.06 17:46:50.795,0.98298,0.98311,1.00,1.00
2017.07.06 17:46:51.048,0.983,0.98316,1.00,1.12
2017.07.06 17:46:51.733,0.983,0.98315,1.00,1.00
2017.07.06 17:46:52.181,0.983,0.9832,1.00,1.50
2017.07.06 17:46:52.434,0.983,0.98321,1.50,1.00
2017.07.06 17:46:52.746,0.983,0.98321,2.25,1.00
2017.07.06 17:46:54.096,0.98301,0.9832,1.75,1.00
2017.07.06 17:46:55.000,0.983,0.98323,2.62,1.00
2017.07.06 17:46:55.506,0.98301,0.98322,1.75,1.00
2017.07.06 17:46:55.902,0.98303,0.98325,1.12,3.22
2017.07.06 17:46:56.909,0.98303,0.98325,1.12,2.62
2017.07.06 17:46:57.010,0.98303,0.98325,1.12,1.72
2017.07.06 17:46:57.992,0.98303,0.98326,1.12,2.10
2017.07.06 17:46:58.318,0.98305,0.98326,1.00,1.87
2017.07.06 17:46:59.513,0.98303,0.98327,1.12,4.35
2017.07.06 17:46:59.766,0.98301,0.98326,1.12,6.37
2017.07.06 17:47:00.318,0.98301,0.98322,1.12,1.00
2017.07.06 17:47:01.141,0.983,0.98325,2.55,1.75
2017.07.06 17:47:01.444,0.98301,0.98326,1.42,4.50
2017.07.06 17:47:01.824,0.98301,0.98326,1.42,4.50
2017.07.06 17:47:02.860,0.98301,0.98323,1.72,1.30
2017.07.06 17:47:05.840,0.98301,0.9832,1.12,1.00
2017.07.06 17:47:06.143,0.983,0.98318,1.00,2.47
2017.07.06 17:47:07.031,0.983,0.98318,1.00,2.47
2017.07.06 17:47:07.233,0.983,0.98321,1.87,2.85
2017.07.06 17:47:08.161,0.98299,0.98321,2.25,1.35
2017.07.06 17:47:08.517,0.98299,0.98321,1.00,1.72
2017.07.06 17:47:08.820,0.983,0.98316,1.00,1.00
2017.07.06 17:47:09.303,0.98299,0.98318,1.00,1.50
2017.07.06 17:47:10.220,0.983,0.98318,1.00,2.25
2017.07.06 17:47:11.971,0.98302,0.98322,1.00,2.85
2017.07.06 17:47:12.022,0.98303,0.98323,1.00,1.60
2017.07.06 17:47:14.231,0.98301,0.98324,1.87,1.97
2017.07.06 17:47:14.332,0.983,0.98323,1.00,3.60
2017.07.06 17:47:14.890,0.98299,0.98319,1.12,2.10
2017.07.06 17:47:15.261,0.98299,0.98319,1.00,3.60
2017.07.06 17:47:15.885,0.983,0.98319,1.00,3.97
2017.07.06 17:47:20.033,0.98299,0.98319,1.00,2.85
2017.07.06 17:47:20.708,0.983,0.98319,1.00,2.85
2017.07.06 17:47:22.364,0.98299,0.98319,1.00,2.85
2017.07.06 17:47:25.689,0.983,0.98319,1.50,1.35
2017.07.06 17:47:25.892,0.98301,0.98322,1.00,1.67
2017.07.06 17:47:27.283,0.983,0.98322,1.50,1.67
2017.07.06 17:47:28.044,0.983,0.98322,1.00,1.35
2017.07.06 17:47:29.391,0.983,0.98321,1.50,2.47
2017.07.06 17:47:29.896,0.98299,0.98321,1.50,1.35
2017.07.06 17:47:30.688,0.983,0.98321,1.00,1.67
2017.07.06 17:47:32.533,0.98301,0.98324,1.00,3.00
2017.07.06 17:47:33.039,0.98302,0.98324,1.00,3.00
2017.07.06 17:47:33.256,0.98299,0.98322,1.50,1.75
2017.07.06 17:47:33.408,0.98299,0.98322,2.25,1.00
2017.07.06 17:47:33.956,0.983,0.98323,1.50,1.00
2017.07.06 17:47:34.334,0.98303,0.98326,1.12,1.30
2017.07.06 17:47:34.638,0.98305,0.98328,1.12,2.47
2017.07.06 17:47:35.114,0.98307,0.98328,1.00,2.47
2017.07.06 17:47:35.616,0.98307,0.9833,1.12,2.47
2017.07.06 17:47:35.992,0.98309,0.9833,1.00,2.85
2017.07.06 17:47:36.257,0.98306,0.98329,1.00,1.67
2017.07.06 17:47:36.460,0.98304,0.98326,1.00,1.30
2017.07.06 17:47:37.001,0.98303,0.98326,1.00,1.30
2017.07.06 17:47:37.871,0.98303,0.98328,1.75,2.10
2017.07.06 17:47:38.440,0.98303,0.98328,1.75,1.50
2017.07.06 17:47:40.435,0.98306,0.98329,1.00,1.75
2017.07.06 17:47:40.820,0.98306,0.98329,1.12,1.00
2017.07.06 17:47:41.354,0.98306,0.98331,1.12,1.50
2017.07.06 17:47:41.506,0.98306,0.98329,1.12,1.60
2017.07.06 17:47:41.810,0.98303,0.98326,1.00,1.00
2017.07.06 17:47:42.224,0.98302,0.98324,3.22,1.00
2017.07.06 17:47:42.405,0.98302,0.98326,2.10,1.50
2017.07.06 17:47:42.457,0.98304,0.98326,1.00,1.50
2017.07.06 17:47:42.761,0.98308,0.98325,1.00,1.00
2017.07.06 17:47:42.812,0.98304,0.98325,1.75,1.00
2017.07.06 17:47:44.296,0.98303,0.98325,1.12,1.12
2017.07.06 17:47:44.823,0.98304,0.98325,1.50,1.12
2017.07.06 17:47:44.874,0.98304,0.98326,4.12,1.87
2017.07.06 17:47:45.127,0.98304,0.98327,1.50,2.10
2017.07.06 17:47:45.682,0.98304,0.98324,1.00,1.00
2017.07.06 17:47:46.638,0.98305,0.98324,1.00,1.00
2017.07.06 17:47:46.897,0.98305,0.98326,1.00,1.50
2017.07.06 17:47:47.903,0.98305,0.98326,1.00,1.75
2017.07.06 17:47:48.055,0.98303,0.98325,1.00,1.75
2017.07.06 17:47:48.157,0.98301,0.98324,1.12,1.50
2017.07.06 17:47:48.258,0.98303,0.98325,1.00,3.75
2017.07.06 17:47:48.563,0.98303,0.98325,1.12,1.12
2017.07.06 17:47:49.122,0.98304,0.98325,1.00,1.12
2017.07.06 17:47:50.057,0.98303,0.98325,1.12,1.12
2017.07.06 17:47:50.599,0.98303,0.98324,1.12,1.00
2017.07.06 17:47:51.442,0.98304,0.98326,1.00,1.50
2017.07.06 17:47:52.100,0.98305,0.98326,1.00,1.12
2017.07.06 17:47:52.504,0.98304,0.98325,1.00,1.75
2017.07.06 17:47:56.218,0.98302,0.98322,1.00,1.00
2017.07.06 17:47:56.420,0.983,0.98322,1.00,1.37
2017.07.06 17:47:57.141,0.98299,0.98321,1.87,1.12
2017.07.06 17:47:57.907,0.983,0.98322,1.00,1.37
2017.07.06 17:47:58.466,0.98299,0.9832,1.00,1.50
2017.07.06 17:47:59.123,0.98298,0.9832,1.00,1.50
2017.07.06 17:47:59.476,0.983,0.9832,1.00,1.50
2017.07.06 17:47:59.779,0.98298,0.9832,1.00,1.00
2017.07.06 17:48:00.299,0.98297,0.98319,1.12,1.00
2017.07.06 17:48:01.012,0.98297,0.98318,1.00,1.00
2017.07.06 17:48:01.530,0.98296,0.98319,2.47,1.75
2017.07.06 17:48:01.732,0.98298,0.98322,2.25,1.75
2017.07.06 17:48:04.248,0.98299,0.98322,1.00,1.75
2017.07.06 17:48:04.400,0.98301,0.98322,1.00,1.50
2017.07.06 17:48:04.970,0.98299,0.98322,2.25,3.22
2017.07.06 17:48:05.296,0.98303,0.98322,1.00,1.35
2017.07.06 17:48:06.704,0.98302,0.98324,1.00,2.85
2017.07.06 17:48:07.058,0.98303,0.98325,1.00,1.50
2017.07.06 17:48:07.692,0.98304,0.98326,1.00,1.35
2017.07.06 17:48:09.636,0.98305,0.98326,1.00,1.35
2017.07.06 17:48:10.162,0.98306,0.98326,1.00,1.35
2017.07.06 17:48:10.907,0.98306,0.98327,1.00,2.62
2017.07.06 17:48:16.009,0.98307,0.98329,1.00,3.97
2017.07.06 17:48:16.191,0.98307,0.98329,1.00,1.35
2017.07.06 17:48:17.332,0.98308,0.98329,1.00,1.35
2017.07.06 17:48:20.763,0.98312,0.98329,1.12,1.75
2017.07.06 17:48:21.008,0.98312,0.9833,1.00,1.00
2017.07.06 17:48:23.771,0.98311,0.9833,1.00,1.00
2017.07.06 17:48:23.923,0.98309,0.9833,1.00,1.00
2017.07.06 17:48:24.447,0.98308,0.9833,1.50,1.00
2017.07.06 17:48:24.608,0.98311,0.9833,1.00,1.00
2017.07.06 17:48:25.834,0.98312,0.9833,1.00,1.00
2017.07.06 17:48:27.202,0.9831,0.9833,1.00,1.00
2017.07.06 17:48:27.303,0.98308,0.9833,1.00,1.00
2017.07.06 17:48:27.813,0.98307,0.98329,1.00,1.00
2017.07.06 17:48:29.092,0.98308,0.98328,1.00,1.12
2017.07.06 17:48:29.316,0.98308,0.98328,1.00,1.75
2017.07.06 17:48:30.038,0.98304,0.98328,1.12,1.75
2017.07.06 17:48:31.009,0.98305,0.98328,1.00,1.75
2017.07.06 17:48:35.081,0.98306,0.9833,1.00,4.12
2017.07.06 17:48:35.333,0.98303,0.98327,1.87,1.50
2017.07.06 17:48:35.618,0.98304,0.98328,1.50,2.62
2017.07.06 17:48:36.340,0.98304,0.98327,2.25,1.67
2017.07.06 17:48:36.882,0.98305,0.98327,1.00,1.67
2017.07.06 17:48:37.290,0.98304,0.98325,1.00,1.97
2017.07.06 17:48:37.341,0.98301,0.98325,1.00,2.25
2017.07.06 17:48:37.443,0.98301,0.98325,2.25,2.25
2017.07.06 17:48:37.993,0.98302,0.98325,1.00,2.25
2017.07.06 17:48:39.555,0.98304,0.98325,1.00,2.25
2017.07.06 17:48:41.414,0.98304,0.98326,1.12,1.30
2017.07.06 17:48:46.816,0.98304,0.98328,2.62,1.60
2017.07.06 17:48:49.659,0.98305,0.9833,1.37,2.10
2017.07.06 17:48:50.350,0.98307,0.9833,1.00,1.67
2017.07.06 17:48:51.830,0.98308,0.98331,1.00,2.62
2017.07.06 17:48:51.931,0.98309,0.98332,1.00,1.00
2017.07.06 17:48:52.133,0.9831,0.98334,1.50,1.67
2017.07.06 17:49:00.258,0.98312,0.98335,1.00,1.35
2017.07.06 17:49:00.359,0.98312,0.98335,1.50,1.30
2017.07.06 17:49:01.293,0.98312,0.98336,1.50,2.47
2017.07.06 17:49:01.496,0.9831,0.98333,1.00,1.00
2017.07.06 17:49:02.420,0.98311,0.98333,1.00,1.00
2017.07.06 17:49:03.158,0.9831,0.98333,1.12,1.00
2017.07.06 17:49:05.426,0.98309,0.98333,2.62,1.00
2017.07.06 17:49:05.528,0.98309,0.9833,1.00,2.10
2017.07.06 17:49:05.827,0.98307,0.9833,1.12,1.35
2017.07.06 17:49:09.245,0.98304,0.98328,2.62,1.67
2017.07.06 17:49:09.447,0.98304,0.98328,4.12,2.10
2017.07.06 17:49:09.984,0.98304,0.98327,2.25,1.00
2017.07.06 17:49:10.587,0.98305,0.98328,1.12,2.10
2017.07.06 17:49:17.140,0.98305,0.9833,2.25,2.10
2017.07.06 17:49:17.680,0.98306,0.9833,1.00,2.10
2017.07.06 17:49:18.472,0.98309,0.98331,1.12,1.75
2017.07.06 17:49:18.573,0.98309,0.98333,2.25,2.85
2017.07.06 17:49:18.776,0.9831,0.98333,1.50,1.30
2017.07.06 17:49:19.757,0.98311,0.98335,2.25,1.37
2017.07.06 17:49:20.294,0.98313,0.98336,1.87,2.10
2017.07.06 17:49:21.040,0.98313,0.98335,1.12,2.10
2017.07.06 17:49:21.192,0.98308,0.98332,1.75,1.00
2017.07.06 17:49:21.334,0.98308,0.98333,1.37,3.75
2017.07.06 17:49:21.386,0.98307,0.98331,1.87,3.60
2017.07.06 17:49:26.248,0.98304,0.98328,2.25,1.00
2017.07.06 17:49:26.299,0.98304,0.98326,1.50,1.00
2017.07.06 17:49:26.825,0.98305,0.98326,1.00,1.35
2017.07.06 17:49:27.681,0.98304,0.98326,1.00,1.35
2017.07.06 17:49:32.282,0.98303,0.98326,1.00,1.35
2017.07.06 17:49:32.804,0.98305,0.98326,1.00,1.00
2017.07.06 17:49:32.906,0.98305,0.98329,1.50,1.35
2017.07.06 17:49:33.612,0.98305,0.98328,1.00,2.10
2017.07.06 17:49:34.362,0.98304,0.98326,1.00,1.00
2017.07.06 17:49:37.110,0.98304,0.98326,1.00,1.50
2017.07.06 17:49:40.441,0.98304,0.98327,1.00,2.10
2017.07.06 17:49:42.477,0.98304,0.98328,1.37,2.85
2017.07.06 17:49:42.528,0.98307,0.98328,1.00,2.85
2017.07.06 17:49:42.579,0.98305,0.98328,1.50,2.10
2017.07.06 17:49:42.781,0.98305,0.98328,1.00,1.35
2017.07.06 17:49:43.368,0.98306,0.98328,1.00,1.35
2017.07.06 17:49:45.972,0.98306,0.98327,1.00,2.10
2017.07.06 17:49:46.023,0.98304,0.98327,2.25,2.10
2017.07.06 17:49:46.669,0.98304,0.98326,1.00,1.35
2017.07.06 17:49:51.669,0.98305,0.98327,1.00,2.62
2017.07.06 17:49:51.925,0.98305,0.98328,1.00,1.35
2017.07.06 17:49:52.480,0.98305,0.98327,1.00,1.00
2017.07.06 17:49:55.803,0.98317,0.98327,1.00,1.00
2017.07.06 17:49:55.854,0.98315,0.98327,1.00,1.00
2017.07.06 17:49:55.955,0.98318,0.98331,1.00,2.25
2017.07.06 17:49:56.006,0.98318,0.98334,1.00,1.00
2017.07.06 17:49:56.158,0.98319,0.98342,1.00,3.37
2017.07.06 17:49:56.310,0.98321,0.98342,1.00,1.75
2017.07.06 17:49:56.411,0.98321,0.98345,1.12,3.22
2017.07.06 17:49:56.941,0.9832,0.98343,1.50,1.72
2017.07.06 17:49:57.173,0.98319,0.98342,1.00,1.30
2017.07.06 17:49:57.274,0.98322,0.98342,1.00,1.30
2017.07.06 17:49:57.375,0.9832,0.98342,1.00,1.30
2017.07.06 17:49:57.896,0.98321,0.98342,1.00,1.30
2017.07.06 17:49:58.985,0.9832,0.98342,1.00,1.30
2017.07.06 17:50:00.686,0.98321,0.98343,1.00,1.50
2017.07.06 17:50:01.322,0.98322,0.98345,1.00,1.75
2017.07.06 17:50:01.889,0.98321,0.98345,1.12,1.75
2017.07.06 17:50:03.219,0.98323,0.98345,1.00,1.75
2017.07.06 17:50:03.892,0.98322,0.98345,1.00,1.75
2017.07.06 17:50:04.386,0.98321,0.98344,1.00,1.67
2017.07.06 17:50:04.897,0.98319,0.98343,1.00,1.75
2017.07.06 17:50:05.049,0.98321,0.98342,1.00,1.50
2017.07.06 17:50:05.402,0.98321,0.98342,1.00,1.00
2017.07.06 17:50:06.034,0.98321,0.98341,1.00,1.00
2017.07.06 17:50:06.246,0.98323,0.98341,1.00,1.00
2017.07.06 17:50:06.449,0.98325,0.98346,1.00,1.00
2017.07.06 17:50:06.962,0.98324,0.98346,1.50,1.00
2017.07.06 17:50:08.008,0.98323,0.98346,1.00,1.00
2017.07.06 17:50:08.210,0.98322,0.98345,1.12,1.37
2017.07.06 17:50:08.938,0.98324,0.98346,1.00,1.75
2017.07.06 17:50:09.565,0.98325,0.98347,1.00,2.62
2017.07.06 17:50:09.616,0.98325,0.98348,1.00,1.35
2017.07.06 17:50:09.919,0.98328,0.98346,1.00,1.00
2017.07.06 17:50:10.071,0.98329,0.98351,1.00,3.97
2017.07.06 17:50:10.227,0.98328,0.98351,1.12,1.72
2017.07.06 17:50:10.382,0.98328,0.98351,1.12,1.97
2017.07.06 17:50:10.887,0.98329,0.98351,1.00,2.62
2017.07.06 17:50:11.039,0.98329,0.98351,1.00,1.75
2017.07.06 17:50:11.823,0.9833,0.98351,1.00,1.75
2017.07.06 17:50:12.533,0.98328,0.98351,1.00,1.75
2017.07.06 17:50:12.584,0.98326,0.98351,1.50,1.75
2017.07.06 17:50:12.793,0.98325,0.98348,1.12,1.37
2017.07.06 17:50:13.311,0.98324,0.98346,1.00,1.00
2017.07.06 17:50:14.799,0.98323,0.98346,1.00,1.50
2017.07.06 17:50:15.160,0.98323,0.98347,1.50,2.62
2017.07.06 17:50:18.907,0.98323,0.98347,2.62,1.75
2017.07.06 17:50:19.606,0.98323,0.98347,2.62,1.50
2017.07.06 17:50:26.425,0.98324,0.98345,1.00,1.12
2017.07.06 17:50:26.678,0.98322,0.98344,1.00,1.00
2017.07.06 17:50:26.944,0.98324,0.98347,1.12,1.75
2017.07.06 17:50:26.995,0.98324,0.98347,1.12,1.37
2017.07.06 17:50:27.521,0.98323,0.98345,1.00,1.00
2017.07.06 17:50:29.255,0.98323,0.98345,1.00,1.60
2017.07.06 17:50:29.356,0.98321,0.98345,1.00,1.60
2017.07.06 17:50:29.407,0.98321,0.98344,1.00,3.22
2017.07.06 17:50:29.459,0.98319,0.98341,1.12,1.12
2017.07.06 17:50:29.560,0.98319,0.98342,1.00,1.75
2017.07.06 17:50:29.915,0.98321,0.98344,1.00,4.12
2017.07.06 17:50:30.072,0.98321,0.98344,1.00,1.75
2017.07.06 17:50:30.353,0.98323,0.98344,1.00,2.25
2017.07.06 17:50:30.575,0.98324,0.98346,1.00,1.35
2017.07.06 17:50:33.040,0.98324,0.98346,1.00,1.35
2017.07.06 17:50:33.560,0.98323,0.98345,1.00,1.75
2017.07.06 17:50:33.693,0.98323,0.98345,1.00,1.37
2017.07.06 17:50:36.854,0.98325,0.98345,1.00,1.37
2017.07.06 17:50:36.955,0.98325,0.98347,1.00,1.12
2017.07.06 17:50:37.464,0.98326,0.98349,1.00,2.10
2017.07.06 17:50:41.036,0.98328,0.98349,1.00,1.75
2017.07.06 17:50:41.290,0.9833,0.98351,1.00,1.50
2017.07.06 17:50:42.321,0.98329,0.9835,1.00,1.12
2017.07.06 17:50:43.118,0.98329,0.98349,1.00,1.00
2017.07.06 17:50:44.456,0.98329,0.9835,1.00,1.30
2017.07.06 17:50:45.158,0.98328,0.9835,1.50,1.72
2017.07.06 17:50:45.260,0.98327,0.98348,1.00,1.00
2017.07.06 17:50:45.465,0.98325,0.98347,1.00,1.00
2017.07.06 17:50:45.618,0.98325,0.98347,1.12,1.37
2017.07.06 17:50:45.720,0.98326,0.98349,1.00,1.50
2017.07.06 17:50:46.044,0.98328,0.98349,1.00,1.50
2017.07.06 17:50:46.416,0.98326,0.98349,1.00,3.60
2017.07.06 17:50:46.467,0.98326,0.98346,1.00,1.00
2017.07.06 17:50:47.075,0.98325,0.98347,1.00,1.00
2017.07.06 17:50:48.189,0.98324,0.98347,1.12,1.37
2017.07.06 17:50:57.629,0.98323,0.98346,1.50,1.50
2017.07.06 17:50:58.370,0.98321,0.98345,1.37,5.47
2017.07.06 17:50:58.623,0.98318,0.98341,1.50,1.50
2017.07.06 17:50:58.725,0.98318,0.98341,1.00,1.87
2017.07.06 17:51:00.401,0.98319,0.98341,1.00,1.75
2017.07.06 17:51:00.553,0.98319,0.98342,1.00,2.10
2017.07.06 17:51:01.272,0.98318,0.9834,1.00,1.00
2017.07.06 17:51:01.625,0.98316,0.98341,1.00,2.10
2017.07.06 17:51:02.500,0.98318,0.98342,1.00,2.10
2017.07.06 17:51:02.714,0.98319,0.98342,1.12,1.72
2017.07.06 17:51:08.928,0.98318,0.98342,1.87,1.35
2017.07.06 17:51:11.762,0.98321,0.98343,1.00,1.60
2017.07.06 17:51:11.940,0.98322,0.98344,1.50,1.00
2017.07.06 17:51:12.785,0.98323,0.98344,1.00,1.00
2017.07.06 17:51:13.338,0.98324,0.98344,1.00,1.00
2017.07.06 17:51:15.104,0.98323,0.98344,1.00,1.00
2017.07.06 17:51:15.263,0.98322,0.98345,1.00,3.97
2017.07.06 17:51:15.314,0.98319,0.98342,1.87,1.67
2017.07.06 17:51:17.517,0.98317,0.9834,1.75,1.00
2017.07.06 17:51:18.214,0.98319,0.98339,1.50,1.00
2017.07.06 17:51:18.608,0.98316,0.9834,2.10,1.50
2017.07.06 17:51:18.659,0.98316,0.98338,1.12,1.30
2017.07.06 17:51:19.032,0.98314,0.98338,2.25,2.47
2017.07.06 17:51:19.335,0.98314,0.98336,1.50,1.35
2017.07.06 17:51:19.888,0.98314,0.98336,1.00,2.10
2017.07.06 17:51:20.654,0.98313,0.98336,1.00,2.10
2017.07.06 17:51:21.174,0.98314,0.98336,1.00,1.67
2017.07.06 17:51:24.854,0.98319,0.98336,1.00,1.50
2017.07.06 17:51:25.006,0.98318,0.98341,1.75,1.00
2017.07.06 17:51:25.057,0.98319,0.98341,1.50,1.72
2017.07.06 17:51:25.107,0.98319,0.98339,1.00,1.30
2017.07.06 17:51:25.463,0.98317,0.98339,1.50,1.30
2017.07.06 17:51:25.894,0.98314,0.98339,2.62,4.12
2017.07.06 17:51:26.436,0.98314,0.98338,1.87,1.50
2017.07.06 17:51:27.257,0.98314,0.98338,1.12,2.10
2017.07.06 17:51:27.821,0.98314,0.98336,1.12,1.00
2017.07.06 17:51:28.337,0.98314,0.98338,2.25,2.47
2017.07.06 17:51:29.346,0.98314,0.98336,1.87,1.00
2017.07.06 17:51:30.620,0.98314,0.98336,2.25,1.00
2017.07.06 17:51:35.288,0.98314,0.98338,1.75,1.60
2017.07.06 17:51:37.419,0.98315,0.98335,1.75,1.00
2017.07.06 17:51:40.612,0.98315,0.98336,1.75,1.00
2017.07.06 17:51:44.297,0.98314,0.98336,2.25,1.00
2017.07.06 17:51:44.362,0.98314,0.98336,2.25,1.00
2017.07.06 17:51:45.581,0.98314,0.98338,2.25,2.10
2017.07.06 17:51:46.114,0.98314,0.98339,2.62,1.37
2017.07.06 17:51:46.645,0.98316,0.98339,1.00,1.00
2017.07.06 17:51:50.206,0.98316,0.98339,1.00,1.60
2017.07.06 17:51:50.408,0.98314,0.98338,1.12,2.47
2017.07.06 17:52:00.330,0.98314,0.98335,1.12,1.00
2017.07.06 17:52:00.634,0.98314,0.98332,1.00,1.00
2017.07.06 17:52:01.038,0.98315,0.9834,1.12,5.10
2017.07.06 17:52:01.140,0.98317,0.98341,1.00,3.97
2017.07.06 17:52:01.648,0.98318,0.98341,1.00,2.05
2017.07.06 17:52:02.853,0.98318,0.98342,1.37,3.22
2017.07.06 17:52:02.905,0.98319,0.98342,1.50,2.62
2017.07.06 17:52:02.956,0.98323,0.98343,1.00,1.00
2017.07.06 17:52:03.057,0.98324,0.98346,1.00,2.25
2017.07.06 17:52:03.618,0.98323,0.98346,1.12,1.50
2017.07.06 17:52:04.236,0.98324,0.98346,1.00,2.25
2017.07.06 17:52:05.868,0.98322,0.98346,1.50,1.50
2017.07.06 17:52:06.248,0.9832,0.98343,1.12,1.00
2017.07.06 17:52:06.451,0.9832,0.98342,1.00,1.75
2017.07.06 17:52:06.877,0.9832,0.98344,1.12,2.10
2017.07.06 17:52:07.460,0.98319,0.98341,1.37,1.00
2017.07.06 17:52:08.103,0.98318,0.98341,1.50,1.60
2017.07.06 17:52:10.747,0.98316,0.98339,2.62,1.35
2017.07.06 17:52:10.899,0.98316,0.98339,1.00,1.35
2017.07.06 17:52:11.846,0.98317,0.98339,1.00,1.00
2017.07.06 17:52:12.371,0.98317,0.9834,1.87,1.35
2017.07.06 17:52:13.605,0.98318,0.98341,1.12,1.00
2017.07.06 17:52:15.454,0.98318,0.98342,1.12,1.72
2017.07.06 17:52:15.625,0.98318,0.9834,1.12,1.00
2017.07.06 17:52:15.929,0.98312,0.98336,1.87,1.50
2017.07.06 17:52:16.288,0.98312,0.98335,1.75,1.00
2017.07.06 17:52:16.825,0.98311,0.98334,1.87,1.00
2017.07.06 17:52:19.371,0.98312,0.98333,1.12,1.00
2017.07.06 17:52:19.590,0.98312,0.98333,1.00,1.00
2017.07.06 17:52:23.996,0.98312,0.98333,2.10,1.00
2017.07.06 17:52:24.198,0.98315,0.98338,2.47,1.37
2017.07.06 17:52:24.299,0.98316,0.98338,1.50,1.00
2017.07.06 17:52:29.081,0.98316,0.98339,1.87,1.12
2017.07.06 17:52:29.842,0.98316,0.98338,1.37,1.00
2017.07.06 17:52:30.584,0.98316,0.9834,1.37,1.50
2017.07.06 17:52:31.165,0.98316,0.98338,1.37,1.00
2017.07.06 17:52:34.336,0.98316,0.98338,1.12,1.00
2017.07.06 17:52:34.548,0.98318,0.9834,1.37,1.00
2017.07.06 17:52:36.994,0.98321,0.9834,1.00,1.00
2017.07.06 17:52:41.766,0.98322,0.9834,1.00,1.00
2017.07.06 17:52:42.473,0.98322,0.98341,1.00,1.00
2017.07.06 17:52:47.986,0.98322,0.9834,1.00,1.00
2017.07.06 17:52:48.567,0.9832,0.9834,1.12,1.00
2017.07.06 17:52:48.673,0.98321,0.98342,1.00,1.12
2017.07.06 17:52:49.364,0.98322,0.98343,1.00,1.37
2017.07.06 17:52:49.509,0.98324,0.98343,1.00,1.37
2017.07.06 17:52:50.016,0.98322,0.98343,1.50,1.00
2017.07.06 17:52:50.668,0.98322,0.98342,1.00,1.00
2017.07.06 17:52:50.921,0.98315,0.98337,1.12,1.12
2017.07.06 17:52:51.224,0.98317,0.98337,1.00,1.12
2017.07.06 17:52:53.416,0.98316,0.98338,1.00,1.72
2017.07.06 17:52:54.028,0.98316,0.98336,1.00,1.00
2017.07.06 17:52:54.548,0.98314,0.98336,2.25,1.00
2017.07.06 17:52:55.806,0.98314,0.98334,1.50,1.00
2017.07.06 17:52:56.417,0.98314,0.98334,1.00,1.00
2017.07.06 17:53:09.249,0.98316,0.98334,1.00,1.00
2017.07.06 17:53:09.824,0.98316,0.98336,1.00,1.37
2017.07.06 17:53:10.349,0.98315,0.98336,1.12,1.00
2017.07.06 17:53:19.828,0.98314,0.98335,1.50,1.00
2017.07.06 17:53:24.242,0.98314,0.98337,2.25,1.72
2017.07.06 17:53:25.215,0.98314,0.98337,1.75,1.00
2017.07.06 17:53:28.429,0.98314,0.98336,2.25,1.00
2017.07.06 17:53:31.138,0.98315,0.98338,1.50,1.35
2017.07.06 17:53:31.500,0.98319,0.9834,1.87,1.12
2017.07.06 17:53:32.005,0.98321,0.98341,1.00,1.00
2017.07.06 17:53:32.466,0.98321,0.98341,1.00,1.60
2017.07.06 17:53:32.619,0.98318,0.9834,1.00,1.60
2017.07.06 17:53:34.185,0.98318,0.98338,1.00,1.00
2017.07.06 17:53:39.858,0.98319,0.98338,1.00,1.00
2017.07.06 17:53:40.065,0.98319,0.9834,1.00,1.00
2017.07.06 17:53:40.655,0.98319,0.98341,1.00,1.00
2017.07.06 17:53:41.015,0.98324,0.98341,1.00,1.00
2017.07.06 17:53:41.517,0.98323,0.98341,1.00,1.00
2017.07.06 17:53:42.195,0.98319,0.98341,1.37,1.00
2017.07.06 17:53:44.946,0.98319,0.98341,1.00,1.00
2017.07.06 17:53:45.388,0.98318,0.98339,1.00,2.25
2017.07.06 17:53:45.676,0.98314,0.98338,2.62,1.60
2017.07.06 17:53:53.309,0.98314,0.98337,1.50,2.47
2017.07.06 17:53:53.462,0.98312,0.98335,1.12,1.35
2017.07.06 17:53:54.276,0.98313,0.98335,1.35,1.00
2017.07.06 17:53:54.479,0.98313,0.98335,2.10,1.00
2017.07.06 17:53:54.757,0.98313,0.98337,2.10,1.72
2017.07.06 17:53:59.477,0.98319,0.98337,1.00,1.72
2017.07.06 17:54:06.739,0.98319,0.98336,1.00,1.00
2017.07.06 17:54:07.486,0.98319,0.98335,1.00,1.00
2017.07.06 17:54:10.992,0.98316,0.98341,4.87,1.60
2017.07.06 17:54:11.243,0.98324,0.98341,1.00,1.00
2017.07.06 17:54:11.975,0.98324,0.98338,1.00,1.00
2017.07.06 17:54:12.026,0.98318,0.98338,1.50,1.00
2017.07.06 17:54:12.281,0.98319,0.98336,1.00,1.00
2017.07.06 17:54:12.736,0.98319,0.9834,1.50,1.00
2017.07.06 17:54:12.837,0.98324,0.9834,1.00,1.00
2017.07.06 17:54:13.068,0.98318,0.9834,1.87,1.00
2017.07.06 17:54:13.119,0.98323,0.9834,1.00,1.00
2017.07.06 17:54:13.478,0.98324,0.98338,1.00,1.00
2017.07.06 17:54:14.527,0.98319,0.98336,1.00,1.00
2017.07.06 17:54:15.205,0.98318,0.98336,1.00,1.00
2017.07.06 17:54:17.176,0.98314,0.98336,1.37,1.35
2017.07.06 17:54:17.227,0.98314,0.98334,1.12,1.00
2017.07.06 17:54:17.871,0.98314,0.98333,1.12,1.00
2017.07.06 17:54:18.796,0.98319,0.98333,1.00,1.00
2017.07.06 17:54:18.898,0.98319,0.98335,1.00,1.00
2017.07.06 17:54:19.478,0.98313,0.98336,1.75,1.35
2017.07.06 17:54:19.997,0.98312,0.98334,2.62,1.12
2017.07.06 17:54:20.250,0.98309,0.98331,2.25,1.00
2017.07.06 17:54:20.796,0.98309,0.9833,1.50,1.00
2017.07.06 17:54:21.301,0.98309,0.9833,1.12,1.00
2017.07.06 17:54:21.865,0.98309,0.98332,1.12,1.50
2017.07.06 17:54:22.390,0.98307,0.9833,1.75,1.35
2017.07.06 17:54:22.543,0.98305,0.98329,1.75,1.72
2017.07.06 17:54:22.850,0.98309,0.98328,1.00,1.35
2017.07.06 17:54:23.391,0.98309,0.98327,1.00,1.00
2017.07.06 17:54:23.714,0.98304,0.98327,1.87,1.00
2017.07.06 17:54:23.917,0.98307,0.98329,1.12,1.12
2017.07.06 17:54:24.504,0.98308,0.98329,1.00,1.12
2017.07.06 17:54:24.859,0.98308,0.98331,1.50,1.00
2017.07.06 17:54:25.370,0.98311,0.98332,1.00,1.00
2017.07.06 17:54:26.155,0.98311,0.98333,1.00,1.00
2017.07.06 17:54:27.747,0.98311,0.98333,1.00,2.10
2017.07.06 17:54:28.197,0.98314,0.98334,1.00,1.50
2017.07.06 17:54:29.791,0.98314,0.98333,1.00,1.00
2017.07.06 17:54:30.441,0.98314,0.98332,1.00,1.00
2017.07.06 17:54:31.162,0.98311,0.98332,1.00,1.00
2017.07.06 17:54:31.213,0.98311,0.98334,1.00,1.50
2017.07.06 17:54:31.466,0.98309,0.98333,1.35,2.25
2017.07.06 17:54:33.606,0.98309,0.98332,1.35,1.00
2017.07.06 17:54:34.959,0.98309,0.98331,1.00,1.00
2017.07.06 17:54:35.060,0.98309,0.98333,1.00,1.00
2017.07.06 17:54:35.111,0.98313,0.98332,1.00,1.00
2017.07.06 17:54:35.215,0.98313,0.98334,1.12,1.12
2017.07.06 17:54:38.145,0.98313,0.98334,1.12,1.50
2017.07.06 17:54:41.767,0.98309,0.98333,1.50,1.37
2017.07.06 17:54:41.818,0.98308,0.98328,1.50,1.00
2017.07.06 17:54:41.919,0.98305,0.98328,3.37,1.12
2017.07.06 17:54:42.021,0.98304,0.98328,2.25,2.47
2017.07.06 17:54:42.552,0.98305,0.98328,1.50,2.10
2017.07.06 17:54:43.541,0.98308,0.98332,1.12,3.37
2017.07.06 17:54:43.592,0.98308,0.98332,1.50,3.37
2017.07.06 17:54:47.811,0.98308,0.9833,2.25,1.00
2017.07.06 17:54:48.014,0.98308,0.9833,1.75,1.00
2017.07.06 17:54:48.115,0.98309,0.9833,1.00,1.50
2017.07.06 17:54:50.422,0.98309,0.98329,1.00,1.60
2017.07.06 17:54:50.935,0.98309,0.98329,1.00,1.00
2017.07.06 17:54:51.530,0.98309,0.9833,1.50,1.35
2017.07.06 17:55:00.327,0.98309,0.98331,1.00,1.35
2017.07.06 17:55:01.938,0.98309,0.9833,1.00,1.00
2017.07.06 17:55:02.461,0.98309,0.98331,1.00,2.10
2017.07.06 17:55:06.191,0.98309,0.98331,1.60,1.50
2017.07.06 17:55:06.719,0.9831,0.98332,1.30,1.87
2017.07.06 17:55:07.514,0.98311,0.98332,1.00,1.12
2017.07.06 17:55:09.261,0.98311,0.98331,1.00,1.00
2017.07.06 17:55:15.153,0.98311,0.98332,1.00,1.35
2017.07.06 17:55:16.859,0.98312,0.98333,1.00,1.87
2017.07.06 17:55:17.093,0.98312,0.98334,1.12,2.25
2017.07.06 17:55:17.144,0.98315,0.98334,1.00,1.12
2017.07.06 17:55:17.194,0.98315,0.98336,1.00,1.12
2017.07.06 17:55:19.026,0.98314,0.98336,1.00,1.72
2017.07.06 17:55:19.608,0.98313,0.98334,1.12,1.00
2017.07.06 17:55:20.369,0.98311,0.98333,1.75,1.00
2017.07.06 17:55:20.927,0.98314,0.98333,1.00,1.00
2017.07.06 17:55:21.385,0.98314,0.98335,1.35,1.12
2017.07.06 17:55:21.587,0.98314,0.98337,2.10,1.50
2017.07.06 17:55:21.869,0.98314,0.98337,1.50,2.10
2017.07.06 17:55:22.429,0.98314,0.98336,2.25,1.00
2017.07.06 17:55:23.163,0.98314,0.98337,3.00,1.12
2017.07.06 17:55:23.686,0.98314,0.98336,2.25,1.00
2017.07.06 17:55:24.748,0.98316,0.98336,1.00,1.00
2017.07.06 17:55:24.900,0.98317,0.98339,2.10,1.00
2017.07.06 17:55:25.667,0.98319,0.98339,1.00,1.00
2017.07.06 17:55:26.206,0.98318,0.98339,1.35,1.00
2017.07.06 17:55:26.707,0.98317,0.98339,1.00,1.35
2017.07.06 17:55:27.315,0.98316,0.98339,1.12,2.10
2017.07.06 17:55:27.846,0.98314,0.98337,2.25,1.30
2017.07.06 17:55:27.997,0.98313,0.98336,1.75,1.37
2017.07.06 17:55:28.199,0.98313,0.98335,1.50,1.12
2017.07.06 17:55:28.451,0.98313,0.98335,1.75,1.12
2017.07.06 17:55:28.989,0.98314,0.98336,2.25,1.00
2017.07.06 17:55:30.072,0.98314,0.98338,2.25,1.72
2017.07.06 17:55:30.718,0.98314,0.98338,2.85,1.12
2017.07.06 17:55:31.021,0.98319,0.9834,1.00,1.12
2017.07.06 17:55:35.128,0.98321,0.98341,1.00,1.37
2017.07.06 17:55:36.985,0.9832,0.98341,1.00,1.50
2017.07.06 17:55:37.528,0.98319,0.98341,1.50,1.37
2017.07.06 17:55:39.190,0.9832,0.9834,1.00,1.00
2017.07.06 17:55:39.393,0.98322,0.98343,1.00,1.87
2017.07.06 17:55:40.011,0.98321,0.98342,1.00,1.00
2017.07.06 17:55:40.535,0.98322,0.98343,1.00,1.87
2017.07.06 17:55:40.764,0.9832,0.98343,2.10,2.62
2017.07.06 17:55:40.865,0.98319,0.98342,1.00,2.85
2017.07.06 17:55:41.533,0.98319,0.9834,1.00,1.35
2017.07.06 17:55:41.799,0.98315,0.98339,2.25,1.72
2017.07.06 17:55:44.707,0.98315,0.98337,1.50,1.00
2017.07.06 17:55:45.299,0.98316,0.98339,1.12,1.60
2017.07.06 17:55:45.668,0.98318,0.98339,1.00,1.60
2017.07.06 17:55:46.635,0.98318,0.98338,1.00,2.47
2017.07.06 17:55:46.737,0.98315,0.98337,1.00,2.10
2017.07.06 17:55:46.838,0.98311,0.98334,2.25,1.12
2017.07.06 17:55:46.939,0.98311,0.98332,1.50,1.30
2017.07.06 17:55:47.456,0.9831,0.98332,1.12,1.72
2017.07.06 17:55:48.926,0.98312,0.98332,1.00,1.72
2017.07.06 17:55:49.291,0.9831,0.98332,1.12,1.35
2017.07.06 17:55:50.395,0.9831,0.9833,1.12,1.00
2017.07.06 17:56:01.596,0.98313,0.9833,1.00,2.25
2017.07.06 17:56:01.648,0.9831,0.9833,1.12,1.00
2017.07.06 17:56:01.699,0.98312,0.9833,1.00,1.00
2017.07.06 17:56:01.851,0.98312,0.98333,1.00,2.47
2017.07.06 17:56:02.106,0.98312,0.98334,1.00,1.12
2017.07.06 17:56:03.465,0.98313,0.98334,1.00,1.50
2017.07.06 17:56:06.144,0.98313,0.98334,1.00,2.47
2017.07.06 17:56:09.384,0.98313,0.98334,1.00,2.10
2017.07.06 17:56:10.118,0.98313,0.98333,1.00,1.00
2017.07.06 17:56:17.038,0.98313,0.98335,1.50,1.67
2017.07.06 17:56:19.847,0.98313,0.98335,1.00,2.85
2017.07.06 17:56:19.898,0.98311,0.98335,1.00,2.85
2017.07.06 17:56:21.681,0.98312,0.98333,1.00,1.72
2017.07.06 17:56:21.732,0.9831,0.98334,1.12,1.35
2017.07.06 17:56:21.782,0.9831,0.98333,1.00,1.35
2017.07.06 17:56:22.315,0.98311,0.9833,1.00,1.00
2017.07.06 17:56:22.722,0.98309,0.9833,1.50,1.35
2017.07.06 17:56:23.076,0.9831,0.9833,1.00,2.47
2017.07.06 17:56:25.870,0.98309,0.9833,1.50,1.35
2017.07.06 17:56:26.126,0.98309,0.9833,1.50,1.35
2017.07.06 17:56:31.847,0.98309,0.9833,2.50,1.35
2017.07.06 17:56:31.898,0.98309,0.9833,1.50,1.35
2017.07.06 17:56:32.597,0.98309,0.98332,1.50,1.50
2017.07.06 17:56:32.804,0.98311,0.98334,1.87,1.30
2017.07.06 17:56:33.531,0.98311,0.98334,1.87,1.30
2017.07.06 17:56:34.189,0.9831,0.98333,2.25,1.00
2017.07.06 17:56:40.818,0.9831,0.98333,1.50,2.25
2017.07.06 17:56:43.379,0.98309,0.9833,1.00,1.30
2017.07.06 17:56:43.728,0.98309,0.9833,1.00,2.47
2017.07.06 17:56:45.560,0.98309,0.98327,1.00,1.00
2017.07.06 17:56:48.902,0.98309,0.98329,1.00,1.37
2017.07.06 17:56:51.734,0.98309,0.98328,1.00,1.75
2017.07.06 17:56:52.112,0.98309,0.98327,1.00,1.00
2017.07.06 17:56:54.681,0.98309,0.98326,1.00,1.00
2017.07.06 17:56:55.306,0.98313,0.98328,1.00,1.50
2017.07.06 17:56:55.458,0.98314,0.98333,1.00,1.12
2017.07.06 17:56:55.998,0.98315,0.98334,1.00,1.50
2017.07.06 17:56:56.865,0.98314,0.98334,1.00,1.50
2017.07.06 17:56:58.231,0.98315,0.98334,1.00,1.50
2017.07.06 17:56:58.770,0.98314,0.98335,1.50,1.75
2017.07.06 17:56:59.876,0.98312,0.98333,1.00,2.62
2017.07.06 17:57:00.331,0.98308,0.98333,2.25,3.22
2017.07.06 17:57:00.428,0.98308,0.98332,1.87,3.22
2017.07.06 17:57:00.732,0.98312,0.9833,1.00,1.00
2017.07.06 17:57:00.833,0.9831,0.98332,1.00,1.67
2017.07.06 17:57:01.389,0.98312,0.98333,1.00,1.75
2017.07.06 17:57:01.744,0.98314,0.98334,1.00,2.10
2017.07.06 17:57:02.048,0.9832,0.98336,1.00,2.62
2017.07.06 17:57:02.149,0.98319,0.98339,1.00,1.50
2017.07.06 17:57:04.359,0.98321,0.98341,1.00,1.50
2017.07.06 17:57:04.561,0.9832,0.98345,2.47,1.30
2017.07.06 17:57:04.764,0.9832,0.98345,1.75,1.72
2017.07.06 17:57:04.865,0.9832,0.98343,1.87,1.60
2017.07.06 17:57:07.401,0.98319,0.98342,1.50,1.35
2017.07.06 17:57:07.968,0.98319,0.98342,1.50,1.60
2017.07.06 17:57:10.345,0.98319,0.98342,1.50,1.00
2017.07.06 17:57:14.811,0.98319,0.98342,1.50,1.60
2017.07.06 17:57:15.115,0.98318,0.98338,1.00,1.87
2017.07.06 17:57:15.677,0.98319,0.98337,1.00,1.00
2017.07.06 17:57:26.935,0.98313,0.98336,2.10,1.00
2017.07.06 17:57:27.649,0.98313,0.98336,2.10,1.50
2017.07.06 17:57:28.081,0.9831,0.98333,1.75,1.00
2017.07.06 17:57:28.283,0.98309,0.98331,2.10,1.12
2017.07.06 17:57:28.520,0.98309,0.98334,2.85,1.75
2017.07.06 17:57:28.571,0.9831,0.98334,1.72,1.50
2017.07.06 17:57:30.548,0.98312,0.98334,1.72,1.00
2017.07.06 17:57:30.599,0.98319,0.98335,1.00,1.00
2017.07.06 17:57:32.652,0.98319,0.98336,1.00,1.50
2017.07.06 17:57:34.675,0.98319,0.98337,1.00,2.62
2017.07.06 17:57:34.776,0.98319,0.98338,1.00,1.75
2017.07.06 17:57:38.756,0.98315,0.98337,1.00,1.50
2017.07.06 17:57:38.858,0.98313,0.98337,1.50,1.50
2017.07.06 17:57:39.010,0.98319,0.98338,1.00,2.25
2017.07.06 17:57:40.685,0.98314,0.98339,1.50,3.37
2017.07.06 17:57:40.927,0.98316,0.98339,1.00,4.50
2017.07.06 17:57:42.597,0.98319,0.98339,1.00,4.12
2017.07.06 17:57:44.980,0.98315,0.98337,1.00,1.67
2017.07.06 17:57:45.096,0.98315,0.98332,1.00,1.00
2017.07.06 17:57:45.148,0.9831,0.98331,2.25,1.00
2017.07.06 17:57:45.199,0.9831,0.98331,1.87,1.00
2017.07.06 17:57:45.864,0.98309,0.98331,1.00,1.50
2017.07.06 17:57:50.446,0.98307,0.98328,1.35,1.00
2017.07.06 17:57:50.767,0.98304,0.98326,1.00,1.50
2017.07.06 17:57:51.154,0.98306,0.98326,1.50,1.50
2017.07.06 17:57:51.356,0.98308,0.98331,1.50,1.12
2017.07.06 17:57:51.754,0.98311,0.98332,1.00,1.67
2017.07.06 17:57:52.008,0.98315,0.98338,1.12,1.75
2017.07.06 17:57:52.059,0.98317,0.98341,1.00,5.10
2017.07.06 17:57:52.363,0.98319,0.98341,1.00,3.97
2017.07.06 17:57:52.414,0.98319,0.98341,1.00,2.10
2017.07.06 17:57:52.465,0.98319,0.98341,1.00,1.72
2017.07.06 17:57:56.491,0.98318,0.9834,1.12,2.85
2017.07.06 17:57:56.811,0.98318,0.98339,1.00,3.00
2017.07.06 17:57:57.710,0.98318,0.98339,1.00,1.12
2017.07.06 17:58:00.250,0.9832,0.98339,1.00,1.00
2017.07.06 17:58:00.453,0.98321,0.98345,1.87,2.10
2017.07.06 17:58:00.555,0.98321,0.98345,2.25,2.10
2017.07.06 17:58:01.161,0.98322,0.98345,1.00,2.47
2017.07.06 17:58:01.465,0.98321,0.98343,1.00,1.00
2017.07.06 17:58:01.969,0.98321,0.98344,1.50,1.00
2017.07.06 17:58:03.230,0.98321,0.98344,1.50,1.72
2017.07.06 17:58:03.432,0.98319,0.98342,1.50,1.35
2017.07.06 17:58:03.818,0.9832,0.98345,1.87,1.50
2017.07.06 17:58:03.873,0.98321,0.98345,1.00,2.25
2017.07.06 17:58:07.801,0.98321,0.98343,1.00,1.00
2017.07.06 17:58:12.361,0.98321,0.98343,1.00,1.60
2017.07.06 17:58:12.664,0.98318,0.98338,1.00,1.50
2017.07.06 17:58:12.969,0.98316,0.98338,1.00,1.00
2017.07.06 17:58:13.594,0.98316,0.98339,1.00,2.25
2017.07.06 17:58:18.487,0.98319,0.98339,1.00,2.25
2017.07.06 17:58:20.391,0.98319,0.98342,1.87,1.87
2017.07.06 17:58:21.026,0.98319,0.98342,2.47,1.12
2017.07.06 17:58:21.127,0.98319,0.98343,2.85,1.50
2017.07.06 17:58:21.356,0.98322,0.98344,1.37,1.00
2017.07.06 17:58:25.419,0.98321,0.9834,1.75,1.00
2017.07.06 17:58:25.472,0.98319,0.9834,2.10,1.50
2017.07.06 17:58:25.522,0.98319,0.98338,1.37,1.00
2017.07.06 17:58:26.028,0.98319,0.98338,1.00,1.12
2017.07.06 17:58:27.924,0.98316,0.98338,1.72,1.12
2017.07.06 17:58:27.975,0.98318,0.98338,1.00,1.12
2017.07.06 17:58:28.094,0.98316,0.98338,1.72,1.12
2017.07.06 17:58:28.145,0.98319,0.98338,1.00,1.12
2017.07.06 17:58:30.451,0.98323,0.98338,1.00,1.12
2017.07.06 17:58:31.317,0.98323,0.9834,1.00,1.00
2017.07.06 17:58:31.469,0.98318,0.98341,2.10,1.87
2017.07.06 17:58:32.207,0.98318,0.98338,2.10,1.00
2017.07.06 17:58:32.258,0.98318,0.98341,2.10,1.12
2017.07.06 17:58:32.308,0.98318,0.98339,1.35,1.00
2017.07.06 17:58:37.946,0.98316,0.98338,1.00,1.00
2017.07.06 17:58:38.047,0.98315,0.98336,1.00,1.00
2017.07.06 17:58:38.912,0.98315,0.98335,1.00,1.00
2017.07.06 17:58:39.217,0.98314,0.98332,1.00,1.00
2017.07.06 17:58:42.969,0.98314,0.98333,1.00,1.00
2017.07.06 17:58:44.942,0.98314,0.98334,1.00,2.10
2017.07.06 17:58:47.608,0.9831,0.98333,1.00,1.00
2017.07.06 17:58:47.962,0.98314,0.98334,1.00,1.00
2017.07.06 17:58:48.479,0.98313,0.98334,1.87,1.00
2017.07.06 17:58:48.835,0.98318,0.98339,1.00,1.12
2017.07.06 17:58:57.838,0.98317,0.9834,1.12,1.67
2017.07.06 17:58:58.141,0.9831,0.98332,3.75,1.30
2017.07.06 17:58:58.445,0.98313,0.98335,1.50,1.35
2017.07.06 17:58:58.546,0.98313,0.98335,1.87,1.30
2017.07.06 17:58:58.817,0.98315,0.98338,1.00,2.25
2017.07.06 17:58:59.069,0.98318,0.98341,1.00,2.85
2017.07.06 17:58:59.171,0.98324,0.9834,1.00,1.30
2017.07.06 17:58:59.734,0.98316,0.9834,2.10,1.30
2017.07.06 17:58:59.785,0.98316,0.98341,1.12,5.85
2017.07.06 17:59:00.088,0.98313,0.98336,2.25,1.72
2017.07.06 17:59:00.493,0.98314,0.98335,1.00,2.10
2017.07.06 17:59:02.372,0.98314,0.98336,1.00,1.00
2017.07.06 17:59:02.793,0.98315,0.98336,1.50,1.00
2017.07.06 17:59:03.151,0.98318,0.98339,1.00,1.37
2017.07.06 17:59:05.089,0.98318,0.98341,1.87,2.47
2017.07.06 17:59:05.393,0.98317,0.98336,1.50,1.00
2017.07.06 17:59:05.603,0.98312,0.98334,1.00,1.35
2017.07.06 17:59:06.121,0.98311,0.98334,1.00,1.35
2017.07.06 17:59:09.821,0.9831,0.98334,1.50,1.35
2017.07.06 17:59:11.060,0.98311,0.98334,1.00,2.10
2017.07.06 17:59:16.068,0.98311,0.98333,1.00,2.85
2017.07.06 17:59:16.119,0.98309,0.98332,1.00,1.67
2017.07.06 17:59:16.629,0.98308,0.98332,1.87,1.67
2017.07.06 17:59:17.525,0.98309,0.98333,1.00,1.12
2017.07.06 17:59:21.437,0.98309,0.98334,1.87,2.10
2017.07.06 17:59:22.128,0.98311,0.98334,1.00,2.10
2017.07.06 17:59:22.280,0.98314,0.98334,1.00,2.47
2017.07.06 17:59:25.760,0.98314,0.98333,1.00,2.47
2017.07.06 17:59:25.811,0.98309,0.98332,1.37,1.60
2017.07.06 17:59:25.912,0.98308,0.9833,1.50,1.00
2017.07.06 17:59:26.426,0.98308,0.98331,1.12,1.30
2017.07.06 17:59:26.942,0.98309,0.98332,1.00,1.30
2017.07.06 17:59:27.632,0.98307,0.98332,2.62,1.30
2017.07.06 17:59:28.177,0.98309,0.98332,1.00,1.30
2017.07.06 17:59:29.907,0.98309,0.9833,1.50,2.10
2017.07.06 17:59:30.161,0.98304,0.98328,2.85,2.10
2017.07.06 17:59:30.547,0.98306,0.98327,2.10,1.50
2017.07.06 17:59:30.850,0.98314,0.98327,1.00,1.00
2017.07.06 17:59:31.331,0.98314,0.98329,1.00,1.00
2017.07.06 17:59:37.629,0.98309,0.98329,1.50,5.85
2017.07.06 17:59:37.876,0.98309,0.98326,1.00,3.75
2017.07.06 17:59:39.338,0.98309,0.98328,1.00,3.22
2017.07.06 17:59:42.021,0.98305,0.98327,1.00,1.67
2017.07.06 17:59:46.470,0.98309,0.98328,1.00,2.47
2017.07.06 17:59:48.597,0.98305,0.98328,1.00,2.10
2017.07.06 17:59:48.669,0.98307,0.98328,1.00,1.35
2017.07.06 17:59:48.873,0.98305,0.98328,1.00,2.10
2017.07.06 17:59:54.204,0.98306,0.98328,1.00,2.10
2017.07.06 17:59:54.714,0.98306,0.98327,1.00,1.30
2017.07.06 17:59:54.816,0.98314,0.98329,1.00,1.50
2017.07.06 17:59:54.979,0.98314,0.98332,1.00,1.00
2017.07.06 17:59:55.484,0.98314,0.98333,1.00,1.30
2017.07.06 17:59:56.616,0.98314,0.98332,1.00,1.00
2017.07.06 17:59:57.122,0.98314,0.98333,1.00,1.35
2017.07.06 17:59:57.173,0.98311,0.98327,1.12,1.00
2017.07.06 17:59:57.275,0.98309,0.98329,1.00,2.85
2017.07.06 17:59:57.326,0.98306,0.98328,1.12,1.60
2017.07.06 17:59:57.831,0.98305,0.98328,1.37,1.12
