2014.06.17 10:00:01.258,1.01564,1.01586,2.40,1.00
2014.06.17 10:00:01.869,1.01569,1.01591,1.00,1.53
2014.06.17 10:00:07.800,1.01569,1.01591,1.10,1.20
2014.06.17 10:00:14.214,1.01568,1.01592,1.08,1.10
2014.06.17 10:00:18.490,1.01568,1.01592,1.15,1.08
2014.06.17 10:00:22.128,1.01574,1.01595,1.00,2.63
2014.06.17 10:00:24.437,1.01568,1.01592,1.15,1.18
2014.06.17 10:00:25.637,1.01573,1.01592,1.50,1.18
2014.06.17 10:00:26.168,1.01574,1.01596,1.00,4.05
2014.06.17 10:00:28.264,1.01574,1.01596,1.00,1.88
2014.06.17 10:00:28.886,1.01573,1.01596,1.00,1.13
2014.06.17 10:00:29.877,1.01578,1.01598,1.00,1.13
2014.06.17 10:00:30.546,1.01579,1.01598,1.00,1.13
2014.06.17 10:00:33.231,1.01579,1.01598,1.00,1.13
2014.06.17 10:00:35.597,1.01578,1.01598,1.00,1.13
2014.06.17 10:00:41.099,1.01579,1.01599,1.00,1.13
2014.06.17 10:00:41.318,1.01573,1.01597,1.20,1.80
2014.06.17 10:00:42.327,1.01573,1.01597,1.10,1.75
2014.06.17 10:00:42.629,1.01573,1.01597,1.15,1.08
2014.06.17 10:00:42.680,1.01578,1.01601,1.00,1.65
2014.06.17 10:00:42.781,1.01579,1.01602,1.58,1.08
2014.06.17 10:00:43.092,1.01583,1.01607,1.00,1.88
2014.06.17 10:00:43.678,1.01584,1.01606,1.00,1.28
2014.06.17 10:00:43.854,1.01578,1.01602,1.15,1.00
2014.06.17 10:00:44.005,1.01578,1.01602,3.45,1.00
2014.06.17 10:00:50.317,1.01579,1.01602,2.70,1.00
2014.06.17 10:00:52.902,1.01579,1.01601,3.45,1.00
2014.06.17 10:00:52.953,1.01579,1.01601,1.53,1.00
2014.06.17 10:00:53.654,1.01579,1.01601,1.53,1.00
2014.06.17 10:01:00.328,1.01579,1.01601,1.53,1.00
2014.06.17 10:01:05.847,1.01578,1.01602,1.53,1.00
2014.06.17 10:01:20.798,1.01578,1.01602,3.45,1.00
2014.06.17 10:01:24.551,1.01584,1.01606,1.08,2.93
2014.06.17 10:01:24.601,1.01584,1.01606,1.15,2.25
2014.06.17 10:01:24.904,1.01579,1.01601,1.53,1.00
2014.06.17 10:01:25.106,1.01584,1.01606,1.00,2.85
2014.06.17 10:01:25.866,1.01579,1.01601,1.53,1.00
2014.06.17 10:01:26.341,1.01579,1.01601,1.53,1.00
2014.06.17 10:01:30.585,1.01579,1.01601,1.15,1.00
2014.06.17 10:01:41.089,1.01578,1.01602,1.15,1.00
2014.06.17 10:01:41.140,1.01578,1.01602,1.18,1.15
2014.06.17 10:01:43.028,1.01578,1.01602,1.15,1.10
2014.06.17 10:01:43.283,1.01574,1.01596,1.20,1.00
2014.06.17 10:01:43.384,1.01579,1.016,1.00,2.33
2014.06.17 10:01:43.815,1.01577,1.01597,1.50,1.18
2014.06.17 10:01:44.346,1.01579,1.01601,1.00,3.45
2014.06.17 10:01:49.407,1.01578,1.01601,1.00,2.70
2014.06.17 10:01:50.167,1.01579,1.01601,1.00,6.08
2014.06.17 10:02:21.885,1.01573,1.01597,1.15,1.18
2014.06.17 10:02:22.315,1.01579,1.01601,1.00,5.55
2014.06.17 10:02:22.668,1.01574,1.01596,1.18,1.10
2014.06.17 10:02:23.121,1.01579,1.01601,1.00,5.70
2014.06.17 10:02:23.423,1.01573,1.01597,1.15,1.18
2014.06.17 10:02:23.854,1.01579,1.01601,1.00,4.80
2014.06.17 10:02:24.387,1.01578,1.01601,1.00,3.30
2014.06.17 10:02:24.846,1.01574,1.01597,1.58,1.18
2014.06.17 10:02:25.359,1.01574,1.01597,1.58,1.18
2014.06.17 10:02:26.606,1.01578,1.016,1.00,2.33
2014.06.17 10:02:26.862,1.01574,1.01596,2.33,1.08
2014.06.17 10:02:36.074,1.01579,1.016,1.00,3.83
2014.06.17 10:02:41.598,1.01574,1.01596,1.10,1.08
2014.06.17 10:02:42.124,1.01579,1.01597,1.00,1.65
2014.06.17 10:02:45.095,1.01574,1.01596,1.10,1.08
2014.06.17 10:02:47.335,1.01574,1.01596,1.00,1.08
2014.06.17 10:02:54.354,1.01573,1.01597,1.00,1.15
2014.06.17 10:03:07.872,1.01573,1.01597,1.10,1.18
2014.06.17 10:03:10.283,1.01574,1.01596,1.00,1.08
2014.06.17 10:03:10.874,1.01573,1.01597,1.10,1.18
2014.06.17 10:03:13.834,1.01574,1.01596,1.00,1.43
2014.06.17 10:03:14.604,1.01573,1.01597,1.10,1.18
2014.06.17 10:03:17.609,1.01574,1.01599,1.00,2.03
2014.06.17 10:03:18.207,1.01574,1.01601,1.18,3.45
2014.06.17 10:03:27.394,1.01578,1.01601,1.00,2.70
2014.06.17 10:03:27.744,1.01584,1.01601,1.00,2.70
2014.06.17 10:03:37.853,1.01584,1.01602,1.00,2.70
2014.06.17 10:03:45.733,1.01579,1.01601,1.00,1.53
2014.06.17 10:03:47.153,1.01579,1.01601,1.00,1.53
2014.06.17 10:03:47.204,1.01584,1.01604,1.00,2.70
2014.06.17 10:03:47.305,1.01584,1.01606,1.00,1.53
2014.06.17 10:03:49.363,1.01583,1.01607,1.00,7.13
2014.06.17 10:03:57.967,1.01583,1.01607,1.10,1.15
2014.06.17 10:03:58.068,1.01583,1.01607,1.15,1.18
2014.06.17 10:03:58.371,1.01589,1.01611,1.18,1.10
2014.06.17 10:04:06.954,1.01589,1.01611,1.10,1.20
2014.06.17 10:04:09.382,1.01588,1.01612,1.00,1.53
2014.06.17 10:04:09.930,1.01589,1.01611,1.00,1.28
2014.06.17 10:04:12.595,1.01588,1.01612,1.00,1.53
2014.06.17 10:04:13.124,1.01589,1.01611,1.00,1.28
2014.06.17 10:04:18.292,1.01585,1.01606,1.65,1.00
2014.06.17 10:04:25.103,1.01589,1.01606,1.50,1.00
2014.06.17 10:04:25.154,1.01589,1.01612,1.50,1.53
2014.06.17 10:04:25.775,1.01589,1.01611,1.00,1.28
2014.06.17 10:04:37.499,1.01589,1.01611,1.00,1.28
2014.06.17 10:04:46.708,1.01588,1.01612,1.00,1.53
2014.06.17 10:04:47.229,1.01589,1.01611,1.00,1.53
2014.06.17 10:04:53.603,1.01594,1.01611,1.00,1.65
2014.06.17 10:04:56.622,1.01588,1.01611,1.00,1.65
2014.06.17 10:04:56.773,1.01588,1.01609,1.00,2.03
2014.06.17 10:05:02.444,1.01589,1.01608,1.00,2.03
2014.06.17 10:05:04.394,1.01588,1.01609,1.00,1.13
2014.06.17 10:05:07.113,1.01588,1.01609,1.00,4.80
2014.06.17 10:05:14.395,1.01588,1.01607,1.00,1.65
2014.06.17 10:05:14.697,1.01594,1.0161,1.00,4.20
2014.06.17 10:05:14.849,1.01594,1.01612,1.00,1.28
2014.06.17 10:05:15.553,1.01594,1.01614,1.00,2.70
2014.06.17 10:05:15.654,1.01589,1.01611,1.00,1.15
2014.06.17 10:05:17.303,1.01588,1.01611,1.10,2.03
2014.06.17 10:05:17.864,1.01588,1.01611,1.00,2.03
2014.06.17 10:05:18.938,1.01588,1.01612,1.08,4.50
2014.06.17 10:05:18.989,1.01588,1.01612,1.15,2.33
2014.06.17 10:05:19.140,1.01594,1.01611,1.00,1.50
2014.06.17 10:05:19.659,1.01594,1.01615,1.00,2.03
2014.06.17 10:05:19.911,1.01589,1.01611,1.00,1.00
2014.06.17 10:05:20.163,1.01593,1.01615,1.00,4.88
2014.06.17 10:05:20.595,1.01589,1.01611,1.00,1.15
2014.06.17 10:05:21.097,1.01589,1.01611,1.00,1.15
2014.06.17 10:05:24.853,1.01594,1.01612,1.00,2.70
2014.06.17 10:05:28.374,1.01593,1.01612,1.00,2.70
2014.06.17 10:05:30.394,1.01594,1.01612,1.00,2.70
2014.06.17 10:05:35.373,1.01594,1.01613,1.00,2.03
2014.06.17 10:05:44.877,1.01593,1.01613,1.00,2.03
2014.06.17 10:05:50.353,1.01593,1.01609,1.00,1.50
2014.06.17 10:05:50.454,1.01594,1.01609,1.00,1.65
2014.06.17 10:05:50.605,1.01589,1.01609,1.00,1.65
2014.06.17 10:05:51.803,1.01594,1.01609,1.00,1.65
2014.06.17 10:05:52.004,1.01594,1.01611,1.00,2.03
2014.06.17 10:05:57.633,1.01593,1.01611,1.00,2.03
2014.06.17 10:06:00.614,1.01599,1.01611,1.00,1.65
2014.06.17 10:06:00.885,1.01599,1.01616,1.00,2.03
2014.06.17 10:06:01.086,1.01593,1.01616,1.00,2.03
2014.06.17 10:06:03.535,1.01593,1.01612,1.00,1.65
2014.06.17 10:06:04.056,1.01594,1.01612,1.00,1.65
2014.06.17 10:06:06.759,1.01594,1.01612,1.00,1.65
2014.06.17 10:06:13.243,1.01594,1.01614,1.00,2.70
2014.06.17 10:06:13.752,1.01594,1.01615,1.00,2.70
2014.06.17 10:06:15.162,1.01599,1.01615,1.00,2.33
2014.06.17 10:06:15.213,1.01599,1.01617,1.00,4.50
2014.06.17 10:06:15.314,1.01599,1.01619,1.00,4.20
2014.06.17 10:06:15.576,1.01599,1.01619,1.00,2.03
2014.06.17 10:06:21.542,1.01599,1.01618,1.00,2.03
2014.06.17 10:06:22.213,1.01598,1.01617,1.00,1.65
2014.06.17 10:06:23.043,1.01599,1.01617,1.00,1.65
2014.06.17 10:06:23.572,1.01598,1.01616,1.00,3.83
2014.06.17 10:06:25.275,1.01598,1.01617,1.00,4.80
2014.06.17 10:06:25.326,1.01598,1.01617,1.00,2.03
2014.06.17 10:06:25.843,1.01599,1.01615,1.00,1.58
2014.06.17 10:06:27.335,1.01598,1.01617,1.00,2.03
2014.06.17 10:06:33.605,1.01604,1.01618,1.00,2.03
2014.06.17 10:06:34.162,1.01603,1.01618,1.00,2.03
2014.06.17 10:06:34.263,1.01603,1.0162,1.00,2.03
2014.06.17 10:06:48.561,1.01604,1.01621,1.00,2.03
2014.06.17 10:06:48.896,1.01599,1.01621,1.00,2.78
2014.06.17 10:06:50.541,1.01598,1.01621,1.00,2.03
2014.06.17 10:06:51.922,1.01598,1.0162,1.00,2.03
2014.06.17 10:06:51.997,1.01598,1.01619,1.00,2.70
2014.06.17 10:06:53.082,1.01593,1.01617,1.10,1.88
2014.06.17 10:06:53.233,1.01593,1.01617,1.00,5.55
2014.06.17 10:06:54.653,1.01599,1.01617,1.00,4.20
2014.06.17 10:07:07.181,1.01598,1.01617,1.00,2.70
2014.06.17 10:07:10.363,1.01598,1.01618,1.00,2.70
2014.06.17 10:07:10.414,1.01598,1.01619,1.00,2.03
2014.06.17 10:07:14.411,1.01594,1.01616,1.00,1.10
2014.06.17 10:07:14.663,1.01599,1.01616,1.00,1.58
2014.06.17 10:07:15.522,1.01598,1.01616,1.00,1.58
2014.06.17 10:07:16.056,1.01599,1.01619,1.00,2.03
2014.06.17 10:07:20.152,1.01599,1.01621,1.00,1.53
2014.06.17 10:07:21.901,1.01609,1.01622,1.00,1.50
2014.06.17 10:07:22.153,1.01599,1.01621,1.18,1.00
2014.06.17 10:07:22.682,1.01599,1.01621,1.00,1.28
2014.06.17 10:07:22.793,1.01603,1.01625,1.00,4.88
2014.06.17 10:07:24.413,1.01604,1.01625,1.00,6.38
2014.06.17 10:07:27.361,1.01603,1.01623,1.00,2.03
2014.06.17 10:07:27.613,1.01599,1.01621,1.00,1.28
2014.06.17 10:07:28.183,1.01598,1.01622,1.00,2.78
2014.06.17 10:07:28.790,1.01603,1.01622,1.00,2.03
2014.06.17 10:07:29.422,1.01604,1.01625,1.00,4.20
2014.06.17 10:07:30.360,1.01609,1.01624,1.00,2.03
2014.06.17 10:07:30.562,1.01603,1.01625,1.00,2.70
2014.06.17 10:07:30.763,1.01603,1.01627,1.00,7.13
2014.06.17 10:07:30.864,1.01603,1.01624,1.00,2.70
2014.06.17 10:07:32.082,1.01603,1.01623,1.00,2.70
2014.06.17 10:07:33.309,1.01604,1.01623,1.00,2.70
2014.06.17 10:07:35.402,1.01598,1.01621,1.00,2.70
2014.06.17 10:07:36.112,1.01599,1.01621,1.00,4.95
2014.06.17 10:07:36.823,1.01604,1.01621,1.00,4.20
2014.06.17 10:07:37.701,1.01604,1.01624,1.00,2.70
2014.06.17 10:07:37.802,1.01604,1.01626,1.00,3.45
2014.06.17 10:07:37.853,1.01609,1.01626,1.00,2.70
2014.06.17 10:07:37.904,1.01609,1.01629,1.00,2.70
2014.06.17 10:07:38.407,1.01604,1.01626,1.00,1.15
2014.06.17 10:07:39.287,1.01609,1.01629,1.00,3.30
2014.06.17 10:07:41.880,1.01608,1.01629,1.00,2.70
2014.06.17 10:07:43.132,1.01613,1.01629,1.00,2.33
2014.06.17 10:07:43.182,1.01613,1.01634,1.00,3.08
2014.06.17 10:07:43.334,1.01608,1.01632,1.00,1.28
2014.06.17 10:07:43.435,1.01609,1.01631,1.00,1.15
2014.06.17 10:07:43.485,1.01609,1.01631,1.00,1.53
2014.06.17 10:07:44.872,1.01608,1.0163,1.00,2.03
2014.06.17 10:07:45.073,1.01604,1.01626,1.00,1.15
2014.06.17 10:07:45.124,1.01604,1.01626,1.00,1.53
2014.06.17 10:07:45.477,1.01604,1.01625,1.00,2.70
2014.06.17 10:07:46.000,1.01603,1.01625,2.25,2.70
2014.06.17 10:07:47.638,1.01608,1.01625,1.50,2.33
2014.06.17 10:07:47.739,1.01609,1.0163,1.00,2.70
2014.06.17 10:07:48.095,1.01609,1.01627,1.00,2.33
2014.06.17 10:07:48.397,1.01603,1.01621,1.00,2.33
2014.06.17 10:07:48.617,1.01599,1.0162,1.00,2.70
2014.06.17 10:07:49.056,1.01599,1.01617,1.00,2.33
2014.06.17 10:07:49.611,1.01593,1.01617,1.00,2.33
2014.06.17 10:07:50.124,1.01593,1.01616,1.00,4.88
2014.06.17 10:07:54.130,1.01593,1.01618,1.00,2.70
2014.06.17 10:07:54.642,1.01599,1.01618,1.00,2.70
2014.06.17 10:07:55.084,1.01603,1.01618,1.00,2.70
2014.06.17 10:07:55.336,1.01603,1.0162,1.00,2.70
2014.06.17 10:07:55.842,1.01603,1.01623,1.00,2.70
2014.06.17 10:08:04.809,1.01603,1.01623,1.00,2.70
2014.06.17 10:08:04.909,1.01599,1.01621,1.00,2.78
2014.06.17 10:08:06.331,1.01604,1.01621,1.00,2.03
2014.06.17 10:08:06.662,1.01598,1.01622,1.00,1.53
2014.06.17 10:08:06.881,1.01604,1.01623,1.00,2.70
2014.06.17 10:08:12.922,1.01599,1.01621,1.00,2.78
2014.06.17 10:08:14.563,1.01598,1.01622,1.00,1.53
2014.06.17 10:08:14.911,1.01604,1.01623,1.00,2.70
2014.06.17 10:08:15.484,1.01603,1.01623,1.00,2.70
2014.06.17 10:08:19.930,1.01604,1.01623,1.00,4.88
2014.06.17 10:08:21.075,1.01604,1.0162,1.00,2.70
2014.06.17 10:08:23.340,1.01599,1.0162,1.00,2.70
2014.06.17 10:08:23.713,1.01599,1.01621,1.00,1.53
2014.06.17 10:08:24.229,1.01598,1.01622,1.00,4.95
2014.06.17 10:08:25.058,1.01598,1.0162,1.00,2.70
2014.06.17 10:08:25.766,1.01598,1.01621,1.00,2.70
2014.06.17 10:08:28.621,1.01604,1.01621,1.00,2.70
2014.06.17 10:08:28.841,1.01598,1.01621,1.00,2.70
2014.06.17 10:08:29.400,1.01599,1.01621,1.00,3.45
2014.06.17 10:08:30.381,1.01603,1.01621,1.00,2.70
2014.06.17 10:08:32.580,1.01604,1.01621,1.00,2.70
2014.06.17 10:08:34.560,1.01599,1.01621,1.00,3.45
2014.06.17 10:08:43.755,1.01599,1.01618,1.00,4.88
2014.06.17 10:08:44.901,1.01598,1.01618,1.00,4.88
2014.06.17 10:08:51.550,1.01599,1.01618,1.00,2.70
2014.06.17 10:08:51.651,1.01599,1.0162,1.00,2.70
2014.06.17 10:08:53.596,1.01599,1.01617,1.00,2.70
2014.06.17 10:08:53.904,1.01594,1.01613,1.00,1.65
2014.06.17 10:08:54.062,1.01594,1.01612,1.00,2.70
2014.06.17 10:08:54.364,1.01598,1.01613,1.00,2.33
2014.06.17 10:08:54.616,1.01598,1.01615,1.00,2.70
2014.06.17 10:08:54.667,1.01594,1.01616,1.00,3.45
2014.06.17 10:08:54.717,1.01594,1.01614,1.00,2.70
2014.06.17 10:09:04.090,1.01599,1.01614,1.00,2.70
2014.06.17 10:09:06.124,1.01599,1.01617,1.00,2.70
2014.06.17 10:09:06.325,1.01603,1.01618,1.00,2.70
2014.06.17 10:09:07.619,1.01599,1.01617,1.00,1.65
2014.06.17 10:09:07.847,1.01604,1.01617,1.00,1.65
2014.06.17 10:09:08.827,1.01599,1.01618,1.00,4.20
2014.06.17 10:09:08.877,1.01599,1.01616,1.00,2.70
2014.06.17 10:09:09.079,1.01593,1.01613,1.00,4.88
2014.06.17 10:09:09.431,1.01593,1.01611,1.00,2.33
2014.06.17 10:09:10.044,1.01593,1.0161,1.00,2.33
2014.06.17 10:09:13.149,1.01588,1.0161,1.00,2.70
2014.06.17 10:09:14.689,1.01593,1.0161,1.00,2.70
2014.06.17 10:09:26.900,1.01588,1.0161,1.00,2.70
2014.06.17 10:09:27.711,1.01589,1.0161,1.00,2.70
2014.06.17 10:09:28.360,1.01594,1.0161,1.00,2.70
2014.06.17 10:09:34.850,1.01588,1.0161,1.00,2.70
2014.06.17 10:09:36.459,1.01594,1.0161,1.00,2.70
2014.06.17 10:09:42.818,1.01593,1.0161,1.00,2.70
2014.06.17 10:09:43.761,1.01593,1.01614,1.00,2.70
2014.06.17 10:09:44.066,1.01594,1.0161,1.00,1.65
2014.06.17 10:09:44.369,1.01598,1.01615,1.00,2.70
2014.06.17 10:09:44.798,1.01593,1.01615,1.00,2.70
2014.06.17 10:09:45.290,1.01593,1.01612,1.00,2.70
2014.06.17 10:09:48.573,1.01594,1.01612,1.00,2.70
2014.06.17 10:09:49.308,1.01593,1.01612,1.00,2.70
2014.06.17 10:09:49.880,1.01594,1.01612,1.00,2.70
2014.06.17 10:09:52.058,1.01593,1.01612,1.00,2.70
2014.06.17 10:09:52.388,1.01589,1.01611,1.00,1.53
2014.06.17 10:09:57.888,1.01588,1.01612,1.00,4.95
2014.06.17 10:09:59.931,1.01589,1.01611,1.00,1.53
2014.06.17 10:10:01.848,1.01588,1.01612,1.00,4.95
2014.06.17 10:10:05.783,1.01588,1.01611,1.00,2.70
2014.06.17 10:10:09.556,1.01594,1.01611,1.00,2.70
2014.06.17 10:10:10.040,1.01594,1.01612,1.00,2.03
2014.06.17 10:10:10.197,1.01593,1.01613,1.00,1.65
2014.06.17 10:10:10.475,1.01598,1.01616,1.00,3.30
2014.06.17 10:10:11.650,1.01593,1.01614,1.00,1.65
2014.06.17 10:10:11.869,1.01598,1.01616,1.00,3.30
2014.06.17 10:10:12.401,1.01599,1.01616,1.00,3.30
2014.06.17 10:10:15.686,1.01599,1.01618,1.00,1.13
2014.06.17 10:10:16.309,1.01598,1.01618,1.00,1.13
2014.06.17 10:10:17.814,1.01599,1.01618,1.00,1.13
2014.06.17 10:10:19.103,1.01599,1.01618,1.00,1.13
2014.06.17 10:10:23.538,1.01599,1.01619,1.00,4.80
2014.06.17 10:10:25.656,1.01594,1.01616,1.00,1.50
2014.06.17 10:10:43.871,1.01594,1.01616,1.00,1.15
2014.06.17 10:10:46.904,1.01594,1.01616,1.00,1.18
2014.06.17 10:10:47.561,1.01594,1.01616,1.00,1.15
2014.06.17 10:11:00.999,1.01594,1.01616,1.00,1.15
2014.06.17 10:11:07.995,1.01593,1.01617,1.00,4.05
2014.06.17 10:11:21.439,1.01594,1.01616,1.00,1.28
2014.06.17 10:11:21.816,1.01594,1.01616,1.00,1.28
2014.06.17 10:11:36.154,1.01593,1.01617,1.00,1.88
2014.06.17 10:11:36.255,1.01593,1.01617,1.00,1.50
2014.06.17 10:11:36.942,1.01594,1.01616,1.00,1.10
2014.06.17 10:11:43.433,1.01594,1.01616,1.00,1.18
2014.06.17 10:11:43.869,1.01598,1.0162,1.00,2.03
2014.06.17 10:11:44.191,1.01604,1.01623,1.00,1.15
2014.06.17 10:11:44.439,1.01604,1.01623,1.00,1.00
2014.06.17 10:11:46.170,1.01599,1.01621,1.15,1.00
2014.06.17 10:11:46.271,1.01599,1.01621,1.18,1.00
2014.06.17 10:11:46.369,1.01604,1.01623,1.00,1.10
2014.06.17 10:11:46.934,1.01604,1.01626,1.00,1.73
2014.06.17 10:11:46.984,1.01604,1.01626,1.00,1.50
2014.06.17 10:11:53.629,1.01603,1.01626,1.20,1.00
2014.06.17 10:12:00.338,1.01604,1.01626,1.00,1.50
2014.06.17 10:12:09.800,1.01608,1.01627,1.00,1.13
2014.06.17 10:12:18.597,1.01608,1.01632,1.00,5.63
2014.06.17 10:12:38.866,1.01608,1.01631,1.00,2.70
2014.06.17 10:12:40.796,1.01608,1.01629,1.00,2.70
2014.06.17 10:12:48.213,1.01608,1.01627,1.00,4.88
2014.06.17 10:12:48.314,1.01608,1.0163,1.00,2.70
2014.06.17 10:12:48.415,1.01608,1.01632,1.00,4.95
2014.06.17 10:12:49.055,1.01608,1.01632,1.00,2.78
2014.06.17 10:12:50.265,1.01608,1.01631,1.00,2.70
2014.06.17 10:12:50.847,1.01609,1.01631,1.00,5.63
2014.06.17 10:13:07.830,1.01608,1.01631,1.00,4.50
2014.06.17 10:13:12.913,1.01608,1.01632,1.00,3.45
2014.06.17 10:13:20.889,1.01609,1.01631,1.00,1.15
2014.06.17 10:13:32.926,1.01609,1.01631,1.00,1.15
2014.06.17 10:13:33.583,1.01609,1.01631,1.00,1.15
2014.06.17 10:13:33.885,1.01614,1.01636,1.00,1.15
2014.06.17 10:13:34.203,1.01618,1.01639,1.00,2.70
2014.06.17 10:13:37.796,1.01614,1.01636,1.00,1.15
2014.06.17 10:13:52.136,1.0161,1.01631,1.65,1.00
2014.06.17 10:13:53.705,1.01609,1.01631,2.40,1.00
2014.06.17 10:13:54.224,1.01609,1.01632,1.65,1.00
2014.06.17 10:13:54.884,1.01609,1.01631,2.40,1.00
2014.06.17 10:14:12.115,1.01613,1.01636,1.00,1.13
2014.06.17 10:14:13.436,1.01614,1.01636,1.00,1.88
2014.06.17 10:14:18.285,1.01613,1.01637,1.00,1.53
2014.06.17 10:14:18.588,1.01628,1.01645,1.00,1.50
2014.06.17 10:14:18.840,1.01618,1.01642,1.15,1.00
2014.06.17 10:14:19.104,1.01623,1.01647,1.00,1.53
2014.06.17 10:14:19.393,1.01623,1.01647,1.00,1.53
2014.06.17 10:14:20.404,1.01624,1.01646,1.00,1.15
2014.06.17 10:14:20.622,1.0162,1.01641,1.65,1.00
2014.06.17 10:14:21.205,1.01619,1.01641,1.18,1.00
2014.06.17 10:14:21.408,1.01613,1.01637,7.13,1.00
2014.06.17 10:14:21.577,1.01613,1.01637,2.78,1.10
2014.06.17 10:14:24.276,1.01613,1.01637,2.40,1.00
2014.06.17 10:14:24.438,1.01618,1.01642,1.00,1.53
2014.06.17 10:14:24.489,1.01618,1.01642,1.00,3.45
2014.06.17 10:14:24.590,1.01613,1.01637,2.40,1.10
2014.06.17 10:14:25.546,1.01619,1.01641,1.00,1.53
2014.06.17 10:14:25.875,1.01614,1.01636,2.40,1.00
2014.06.17 10:14:27.136,1.01618,1.01642,1.00,3.45
2014.06.17 10:14:29.835,1.01619,1.01641,1.00,1.53
2014.06.17 10:14:31.156,1.01618,1.01642,1.00,3.45
2014.06.17 10:14:32.816,1.01619,1.01642,2.10,3.45
2014.06.17 10:14:33.017,1.01629,1.01647,1.00,1.58
2014.06.17 10:14:33.169,1.01624,1.01646,1.15,1.35
2014.06.17 10:14:33.270,1.01624,1.01646,1.08,1.43
2014.06.17 10:14:33.523,1.01624,1.01646,1.08,1.18
2014.06.17 10:14:33.834,1.01629,1.01651,1.00,3.45
2014.06.17 10:14:36.116,1.01624,1.01646,1.18,1.10
2014.06.17 10:14:50.496,1.01623,1.01647,1.00,1.15
2014.06.17 10:14:50.597,1.01623,1.01647,1.18,1.15
2014.06.17 10:14:57.555,1.01628,1.0165,1.00,2.33
2014.06.17 10:14:58.147,1.01628,1.01652,1.00,3.08
2014.06.17 10:14:59.028,1.01628,1.01652,1.00,1.15
2014.06.17 10:14:59.408,1.01629,1.01651,1.18,1.00
2014.06.17 10:14:59.749,1.01634,1.01656,1.00,1.18
2014.06.17 10:14:59.799,1.01634,1.01656,1.00,1.20
2014.06.17 10:15:00.798,1.01634,1.01656,1.18,1.00
2014.06.17 10:15:01.331,1.01633,1.01657,1.15,1.00
2014.06.17 10:15:01.682,1.01633,1.01654,1.08,1.58
2014.06.17 10:15:01.886,1.01628,1.01652,1.00,1.15
2014.06.17 10:15:02.088,1.01634,1.01654,1.00,2.03
2014.06.17 10:15:02.189,1.01629,1.01651,1.00,1.28
2014.06.17 10:15:03.608,1.01633,1.01655,1.00,6.38
2014.06.17 10:15:03.861,1.01629,1.01651,1.00,1.28
2014.06.17 10:15:04.012,1.01629,1.01651,1.00,1.28
2014.06.17 10:15:04.425,1.01628,1.0165,1.00,2.70
2014.06.17 10:15:04.611,1.01623,1.01647,1.08,1.18
2014.06.17 10:15:04.661,1.01623,1.01647,1.00,1.28
2014.06.17 10:15:05.165,1.01624,1.01646,1.10,1.18
2014.06.17 10:15:05.367,1.01629,1.01648,1.00,2.03
2014.06.17 10:15:05.628,1.01623,1.01647,1.00,2.78
2014.06.17 10:15:06.158,1.01623,1.01647,1.00,2.78
2014.06.17 10:15:07.360,1.01624,1.01646,1.00,2.78
2014.06.17 10:15:08.239,1.01624,1.01645,1.00,4.20
2014.06.17 10:15:09.573,1.01623,1.01645,1.00,6.38
2014.06.17 10:15:09.897,1.01619,1.01641,1.00,1.15
2014.06.17 10:15:11.438,1.01624,1.01645,1.00,4.88
2014.06.17 10:15:12.092,1.01619,1.01641,1.00,1.15
2014.06.17 10:15:13.635,1.01623,1.01644,1.00,2.03
2014.06.17 10:15:14.428,1.01624,1.01645,1.00,4.88
2014.06.17 10:15:16.961,1.01624,1.01646,1.00,2.40
2014.06.17 10:15:17.172,1.01624,1.01646,1.10,1.18
2014.06.17 10:15:17.373,1.01629,1.01649,1.00,1.38
2014.06.17 10:15:17.910,1.01628,1.01652,1.00,1.53
2014.06.17 10:15:24.106,1.01624,1.01646,2.40,1.00
2014.06.17 10:15:24.993,1.01629,1.0165,1.00,1.65
2014.06.17 10:15:29.452,1.01629,1.01651,1.00,1.28
2014.06.17 10:15:30.087,1.01629,1.01651,1.00,3.45
2014.06.17 10:15:30.518,1.01629,1.01651,1.00,1.28
2014.06.17 10:15:33.667,1.01633,1.01653,1.00,2.63
2014.06.17 10:15:38.786,1.01633,1.01655,1.00,1.65
2014.06.17 10:15:38.837,1.01633,1.01655,1.00,1.65
2014.06.17 10:15:38.937,1.01639,1.01661,1.00,4.20
2014.06.17 10:15:39.446,1.01638,1.01661,1.00,2.33
2014.06.17 10:15:39.550,1.01638,1.01662,1.00,2.03
2014.06.17 10:15:39.869,1.01638,1.01661,1.00,2.03
2014.06.17 10:15:40.431,1.01639,1.01661,1.00,1.53
2014.06.17 10:15:40.735,1.01644,1.01666,1.00,1.88
2014.06.17 10:15:40.836,1.01644,1.01666,1.00,5.63
2014.06.17 10:15:40.937,1.01639,1.01661,1.00,1.15
2014.06.17 10:15:41.239,1.01634,1.01656,1.15,1.00
2014.06.17 10:15:41.587,1.01639,1.0166,1.00,1.50
2014.06.17 10:15:42.107,1.01639,1.01661,1.00,1.20
2014.06.17 10:15:42.160,1.01633,1.01657,3.08,1.00
2014.06.17 10:15:43.577,1.01633,1.01657,3.08,2.63
2014.06.17 10:15:43.907,1.01632,1.01651,2.25,1.10
2014.06.17 10:15:43.961,1.01629,1.01649,1.00,1.50
2014.06.17 10:15:44.062,1.01629,1.01649,1.00,1.65
2014.06.17 10:15:44.384,1.01624,1.01644,1.18,1.50
2014.06.17 10:15:44.485,1.01624,1.01644,1.00,1.65
2014.06.17 10:15:47.202,1.01624,1.01646,1.00,2.40
2014.06.17 10:15:47.304,1.01629,1.01646,1.00,2.03
2014.06.17 10:15:47.404,1.01623,1.01641,1.10,1.50
2014.06.17 10:15:47.738,1.01629,1.01647,1.00,3.83
2014.06.17 10:15:47.889,1.01628,1.01648,1.00,2.03
2014.06.17 10:15:48.595,1.01629,1.01647,1.00,1.58
2014.06.17 10:15:48.835,1.01634,1.01647,1.00,1.58
2014.06.17 10:15:49.350,1.01634,1.01651,1.00,2.03
2014.06.17 10:15:50.333,1.01628,1.01649,1.00,1.65
2014.06.17 10:15:50.671,1.01634,1.01649,1.00,1.65
2014.06.17 10:15:51.261,1.01633,1.01653,1.00,2.70
2014.06.17 10:15:52.437,1.01628,1.01652,1.00,2.78
2014.06.17 10:15:52.960,1.01628,1.0165,1.00,2.03
2014.06.17 10:15:53.385,1.01633,1.0165,1.00,2.03
2014.06.17 10:15:57.491,1.01633,1.01651,1.00,1.65
2014.06.17 10:15:58.013,1.01634,1.01651,1.00,1.65
2014.06.17 10:15:59.577,1.01638,1.01651,1.00,1.65
2014.06.17 10:16:02.285,1.01638,1.01657,1.00,2.03
2014.06.17 10:16:03.243,1.01638,1.01656,1.00,2.03
2014.06.17 10:16:03.786,1.01638,1.01656,1.00,2.03
2014.06.17 10:16:04.387,1.01639,1.01656,1.00,2.03
2014.06.17 10:16:05.076,1.01634,1.01656,1.00,2.78
2014.06.17 10:16:05.405,1.01639,1.01656,1.00,1.65
2014.06.17 10:16:06.595,1.01633,1.01657,1.00,2.78
2014.06.17 10:16:07.417,1.01633,1.01653,1.00,1.50
2014.06.17 10:16:07.518,1.01633,1.01653,1.00,1.65
2014.06.17 10:16:08.356,1.01629,1.01651,1.18,1.10
2014.06.17 10:16:15.086,1.01634,1.01653,1.00,1.65
2014.06.17 10:16:15.586,1.01634,1.01655,1.00,1.65
2014.06.17 10:16:16.825,1.01633,1.01655,1.00,2.25
2014.06.17 10:16:17.329,1.01634,1.01654,1.00,2.03
2014.06.17 10:16:20.557,1.01628,1.01652,1.18,1.10
2014.06.17 10:16:20.916,1.01634,1.01654,1.00,2.03
2014.06.17 10:16:21.544,1.01629,1.01651,1.08,1.00
2014.06.17 10:16:21.877,1.01634,1.01655,1.00,2.03
2014.06.17 10:16:22.776,1.01634,1.01656,1.00,1.15
2014.06.17 10:16:23.079,1.01629,1.01651,1.15,1.00
2014.06.17 10:16:23.253,1.01633,1.01654,1.08,2.10
2014.06.17 10:16:23.311,1.01639,1.01659,1.00,2.03
2014.06.17 10:16:23.362,1.01639,1.01659,1.00,2.03
2014.06.17 10:16:23.888,1.01639,1.01661,1.00,1.28
2014.06.17 10:16:24.570,1.01639,1.01661,1.10,1.20
2014.06.17 10:16:26.495,1.01639,1.01661,1.00,1.20
2014.06.17 10:16:27.072,1.01638,1.01662,1.00,1.53
2014.06.17 10:16:28.146,1.01639,1.01661,1.00,2.78
2014.06.17 10:16:28.666,1.01639,1.01659,1.00,1.88
2014.06.17 10:16:29.185,1.01639,1.01659,1.00,2.03
2014.06.17 10:16:29.918,1.01639,1.01659,1.00,2.03
2014.06.17 10:16:30.479,1.01639,1.01659,1.00,2.03
2014.06.17 10:16:30.945,1.01634,1.01656,1.00,1.18
2014.06.17 10:16:31.726,1.01633,1.01655,1.00,1.58
2014.06.17 10:16:33.207,1.01634,1.01655,1.00,1.58
2014.06.17 10:16:33.915,1.01629,1.01651,1.15,2.25
2014.06.17 10:16:34.116,1.01629,1.01651,1.10,2.25
2014.06.17 10:16:37.936,1.01628,1.01651,1.10,1.58
2014.06.17 10:16:42.335,1.01629,1.01651,1.00,2.33
2014.06.17 10:16:42.486,1.01629,1.01647,1.00,1.50
2014.06.17 10:16:42.688,1.01623,1.01647,1.15,2.25
2014.06.17 10:16:43.250,1.01624,1.01646,1.18,1.00
2014.06.17 10:16:44.316,1.01623,1.01647,1.15,2.25
2014.06.17 10:16:44.467,1.01623,1.01644,1.08,1.50
2014.06.17 10:16:44.518,1.01623,1.01644,1.00,1.50
2014.06.17 10:16:44.669,1.01623,1.01647,1.00,1.15
2014.06.17 10:16:44.871,1.01629,1.01648,1.00,2.03
2014.06.17 10:16:45.415,1.01629,1.01648,1.00,1.95
2014.06.17 10:16:46.075,1.01623,1.01647,1.15,1.10
2014.06.17 10:16:46.226,1.01623,1.01644,1.08,1.50
2014.06.17 10:16:46.277,1.01623,1.01644,1.08,1.50
2014.06.17 10:16:46.428,1.01629,1.01649,1.00,2.03
2014.06.17 10:16:46.580,1.01629,1.01649,1.00,2.03
2014.06.17 10:16:47.174,1.01629,1.01647,1.00,1.50
2014.06.17 10:16:49.525,1.01623,1.01647,1.15,2.25
2014.06.17 10:16:51.941,1.01624,1.01645,1.15,1.50
2014.06.17 10:16:52.449,1.01624,1.01645,1.10,1.58
2014.06.17 10:16:53.105,1.01623,1.01644,1.00,1.65
2014.06.17 10:16:53.701,1.01624,1.01644,1.00,1.50
2014.06.17 10:16:58.274,1.01624,1.01645,1.00,1.50
2014.06.17 10:16:58.835,1.01623,1.01645,1.10,1.50
2014.06.17 10:16:59.378,1.01623,1.01646,1.10,1.58
2014.06.17 10:17:06.427,1.01624,1.01646,1.00,1.10
2014.06.17 10:17:15.860,1.01623,1.01647,1.10,1.18
2014.06.17 10:17:26.223,1.01623,1.01647,1.00,1.15
2014.06.17 10:17:26.765,1.01624,1.01646,1.00,1.15
2014.06.17 10:17:28.545,1.01624,1.01646,1.00,3.00
2014.06.17 10:17:28.646,1.01614,1.01636,2.78,1.00
2014.06.17 10:17:28.797,1.01619,1.01641,1.00,1.15
2014.06.17 10:17:28.949,1.01619,1.01641,1.00,1.20
2014.06.17 10:17:29.505,1.01619,1.01641,1.18,1.00
2014.06.17 10:17:29.606,1.01614,1.01636,1.28,1.00
2014.06.17 10:17:29.707,1.01614,1.01636,1.15,1.00
2014.06.17 10:17:29.909,1.01619,1.01641,1.00,1.15
2014.06.17 10:17:30.161,1.01614,1.01636,1.15,1.00
2014.06.17 10:17:30.886,1.01613,1.01637,1.15,1.10
2014.06.17 10:17:32.881,1.01613,1.01637,2.33,1.18
2014.06.17 10:17:33.219,1.0161,1.01631,2.03,1.00
2014.06.17 10:17:33.769,1.0161,1.01632,2.03,1.00
2014.06.17 10:17:39.175,1.01614,1.01636,1.10,1.08
2014.06.17 10:17:39.435,1.01619,1.0164,1.00,2.33
2014.06.17 10:17:39.486,1.01619,1.01641,1.00,1.15
2014.06.17 10:17:39.892,1.01614,1.01637,1.65,1.00
2014.06.17 10:17:40.414,1.01614,1.01636,1.15,1.00
2014.06.17 10:17:42.603,1.01613,1.01637,2.40,1.00
2014.06.17 10:17:46.228,1.01613,1.01637,1.18,1.18
2014.06.17 10:17:49.691,1.01613,1.01637,1.18,1.10
2014.06.17 10:17:53.384,1.01614,1.01636,1.15,1.00
2014.06.17 10:18:09.923,1.01618,1.01642,1.00,1.15
2014.06.17 10:18:10.024,1.01618,1.01642,1.20,1.15
2014.06.17 10:18:11.422,1.01619,1.01641,1.00,1.20
2014.06.17 10:18:14.875,1.01614,1.01636,1.28,1.00
2014.06.17 10:18:15.362,1.01615,1.01636,2.33,1.00
2014.06.17 10:18:15.413,1.01619,1.01641,1.18,1.00
2014.06.17 10:18:15.945,1.01619,1.01641,1.00,1.20
2014.06.17 10:18:16.455,1.01618,1.01642,1.20,1.15
2014.06.17 10:18:17.343,1.01618,1.01642,1.20,1.75
2014.06.17 10:18:17.646,1.01614,1.01636,1.15,1.00
2014.06.17 10:18:17.964,1.01619,1.01641,1.00,3.00
2014.06.17 10:18:18.353,1.01614,1.01636,1.15,1.00
2014.06.17 10:18:19.345,1.01619,1.01641,1.00,2.40
2014.06.17 10:18:19.892,1.01619,1.01638,1.00,1.50
2014.06.17 10:18:19.943,1.01614,1.01636,1.15,1.00
2014.06.17 10:18:20.473,1.01613,1.01637,1.15,1.00
2014.06.17 10:18:20.583,1.01619,1.0164,1.00,1.65
2014.06.17 10:18:21.095,1.01619,1.01641,1.00,1.15
2014.06.17 10:18:25.440,1.01613,1.01637,1.15,1.00
2014.06.17 10:18:30.156,1.01615,1.01637,2.70,1.00
2014.06.17 10:18:30.357,1.01618,1.01641,1.18,1.58
2014.06.17 10:18:30.721,1.01618,1.01641,1.10,1.58
2014.06.17 10:18:32.304,1.01618,1.0164,1.00,2.25
2014.06.17 10:18:32.356,1.01614,1.01636,1.15,1.00
2014.06.17 10:18:32.407,1.01614,1.01636,1.10,1.08
2014.06.17 10:18:32.558,1.01618,1.01634,1.00,1.50
2014.06.17 10:18:32.767,1.01618,1.01637,1.00,1.58
2014.06.17 10:18:32.918,1.01613,1.01637,1.28,2.33
2014.06.17 10:18:36.436,1.01613,1.01637,1.15,2.33
2014.06.17 10:18:36.783,1.01618,1.01637,1.00,1.65
2014.06.17 10:18:36.834,1.01613,1.01637,1.00,2.40
2014.06.17 10:18:36.884,1.01613,1.01637,1.08,2.33
2014.06.17 10:18:36.936,1.01613,1.01637,1.15,2.25
2014.06.17 10:18:37.988,1.01614,1.01636,1.15,1.00
2014.06.17 10:18:39.163,1.01613,1.01637,1.20,1.15
2014.06.17 10:18:39.375,1.01619,1.01635,1.00,1.50
2014.06.17 10:18:39.526,1.01619,1.01638,1.00,1.65
2014.06.17 10:18:39.627,1.01614,1.01636,1.18,1.00
2014.06.17 10:18:40.226,1.01614,1.01636,1.15,1.00
2014.06.17 10:18:43.907,1.01618,1.01638,1.00,1.50
2014.06.17 10:18:57.406,1.01614,1.01636,1.15,1.00
2014.06.17 10:19:09.430,1.01614,1.01636,1.18,1.00
2014.06.17 10:19:09.761,1.01614,1.01636,1.15,1.00
2014.06.17 10:19:24.983,1.01614,1.01636,1.20,1.00
2014.06.17 10:19:32.381,1.01613,1.01637,1.15,1.20
2014.06.17 10:19:34.036,1.01619,1.01639,1.00,1.65
2014.06.17 10:19:45.917,1.01619,1.01639,1.00,1.65
2014.06.17 10:19:54.408,1.01618,1.01639,1.00,1.65
2014.06.17 10:19:56.581,1.01619,1.01639,1.00,1.65
2014.06.17 10:20:00.873,1.01614,1.01636,1.15,1.00
2014.06.17 10:20:01.410,1.01614,1.01636,1.00,1.20
2014.06.17 10:20:01.883,1.01608,1.01632,3.45,1.00
2014.06.17 10:20:01.934,1.01608,1.01632,1.28,1.00
2014.06.17 10:20:02.478,1.01609,1.01631,1.18,1.00
2014.06.17 10:20:02.673,1.01614,1.01636,1.00,2.40
2014.06.17 10:20:03.035,1.01614,1.01636,1.00,1.15
2014.06.17 10:20:04.614,1.01613,1.01637,1.00,1.15
2014.06.17 10:20:07.735,1.01614,1.01636,1.00,2.40
2014.06.17 10:20:11.876,1.01613,1.01637,1.00,1.15
2014.06.17 10:20:13.814,1.01613,1.01637,1.08,1.18
2014.06.17 10:20:16.892,1.01614,1.01636,1.15,1.00
2014.06.17 10:20:17.195,1.01618,1.01641,1.00,1.65
2014.06.17 10:20:17.245,1.01618,1.01641,1.18,1.65
2014.06.17 10:20:17.447,1.01619,1.01641,1.15,2.25
2014.06.17 10:20:17.598,1.01623,1.01644,1.00,1.65
2014.06.17 10:20:21.003,1.01624,1.01644,1.00,1.65
2014.06.17 10:20:37.797,1.01624,1.01644,1.00,1.58
2014.06.17 10:20:42.342,1.01623,1.01644,1.10,1.58
2014.06.17 10:20:44.101,1.01624,1.01644,1.00,1.58
2014.06.17 10:20:44.153,1.01624,1.01641,1.00,1.50
2014.06.17 10:20:44.902,1.01624,1.01642,1.00,1.58
2014.06.17 10:20:46.851,1.01618,1.01642,1.28,2.33
2014.06.17 10:20:47.073,1.01624,1.01642,1.00,1.58
2014.06.17 10:20:47.371,1.01624,1.01644,1.00,1.58
2014.06.17 10:20:58.660,1.01618,1.01642,3.08,1.00
2014.06.17 10:20:58.711,1.01618,1.01641,1.15,1.50
2014.06.17 10:20:59.062,1.01624,1.01645,1.00,2.03
2014.06.17 10:20:59.593,1.01623,1.01645,1.00,1.65
2014.06.17 10:21:00.423,1.01619,1.01641,1.15,1.00
2014.06.17 10:21:00.625,1.01624,1.01642,1.00,1.50
2014.06.17 10:21:01.150,1.01624,1.01644,1.00,1.65
2014.06.17 10:21:02.182,1.01619,1.01641,1.15,1.00
2014.06.17 10:21:02.734,1.01619,1.01641,1.10,1.10
2014.06.17 10:21:07.682,1.01624,1.01642,1.00,1.58
2014.06.17 10:21:08.451,1.01619,1.01641,1.10,1.10
2014.06.17 10:21:10.670,1.01619,1.0164,1.10,1.50
2014.06.17 10:21:12.148,1.01619,1.0164,1.00,1.65
2014.06.17 10:21:12.198,1.01614,1.01636,1.18,1.10
2014.06.17 10:21:13.132,1.01614,1.01636,1.00,1.10
2014.06.17 10:21:16.881,1.01619,1.01639,1.00,1.65
2014.06.17 10:21:22.257,1.01619,1.01638,1.00,2.33
2014.06.17 10:21:22.602,1.01614,1.01636,1.00,1.15
2014.06.17 10:21:23.137,1.01613,1.01637,1.00,2.40
2014.06.17 10:21:24.691,1.01614,1.01636,1.00,2.40
2014.06.17 10:21:26.707,1.01614,1.01636,1.00,2.78
2014.06.17 10:21:26.808,1.01614,1.01633,1.00,4.80
2014.06.17 10:21:26.909,1.01604,1.01626,1.28,1.00
2014.06.17 10:21:27.162,1.01599,1.01626,1.45,1.15
2014.06.17 10:21:27.363,1.01604,1.01626,1.00,1.15
2014.06.17 10:21:27.675,1.01609,1.0163,1.00,2.03
2014.06.17 10:21:35.801,1.01608,1.0163,1.00,2.03
2014.06.17 10:21:54.429,1.01609,1.0163,1.00,2.03
2014.06.17 10:21:59.963,1.01608,1.0163,1.00,2.03
2014.06.17 10:22:04.909,1.01609,1.0163,1.00,2.03
2014.06.17 10:22:07.835,1.01609,1.0163,1.00,2.03
2014.06.17 10:22:14.371,1.01613,1.0163,1.00,1.65
2014.06.17 10:22:14.592,1.01608,1.0163,1.00,1.65
2014.06.17 10:22:14.811,1.01614,1.0163,1.00,1.65
2014.06.17 10:22:27.709,1.01613,1.0163,1.00,1.65
2014.06.17 10:22:28.800,1.01613,1.0163,1.00,1.65
2014.06.17 10:22:31.000,1.01609,1.0163,1.00,1.65
2014.06.17 10:22:33.717,1.01609,1.0163,1.08,1.50
2014.06.17 10:22:33.919,1.01609,1.01631,1.15,1.00
2014.06.17 10:22:34.244,1.01614,1.01635,1.00,1.65
2014.06.17 10:22:34.496,1.01614,1.01635,1.00,1.50
2014.06.17 10:22:34.820,1.01614,1.01635,1.18,1.50
2014.06.17 10:22:35.272,1.01614,1.01636,1.15,1.00
2014.06.17 10:22:35.430,1.01619,1.0164,1.00,2.63
2014.06.17 10:22:35.682,1.01619,1.01641,1.00,2.78
2014.06.17 10:22:36.610,1.01618,1.01641,1.00,1.65
2014.06.17 10:22:37.379,1.01619,1.01641,1.00,2.40
2014.06.17 10:22:38.810,1.01618,1.01641,1.00,1.65
2014.06.17 10:22:39.405,1.01619,1.01641,1.00,2.40
2014.06.17 10:22:41.889,1.01618,1.01641,1.00,2.03
2014.06.17 10:22:45.851,1.01619,1.01641,1.00,2.78
2014.06.17 10:22:48.214,1.01619,1.01641,1.00,4.95
2014.06.17 10:22:48.730,1.01619,1.0164,1.00,2.33
2014.06.17 10:22:59.819,1.01618,1.0164,1.00,2.33
2014.06.17 10:23:00.809,1.01619,1.0164,1.00,2.33
2014.06.17 10:23:01.360,1.01618,1.0164,1.00,2.33
2014.06.17 10:23:01.935,1.01619,1.0164,1.00,2.33
2014.06.17 10:23:03.120,1.01618,1.0164,1.00,2.33
2014.06.17 10:23:05.100,1.01619,1.0164,1.00,2.33
2014.06.17 10:23:05.659,1.01618,1.0164,1.00,2.33
2014.06.17 10:23:10.599,1.01619,1.0164,1.00,2.33
2014.06.17 10:23:15.329,1.01618,1.0164,1.00,2.70
2014.06.17 10:23:15.880,1.01619,1.0164,1.00,2.70
2014.06.17 10:23:16.649,1.01618,1.0164,1.00,2.70
2014.06.17 10:23:17.475,1.01619,1.0164,1.00,2.70
2014.06.17 10:23:19.084,1.01619,1.01639,1.00,2.33
2014.06.17 10:23:19.235,1.01619,1.01641,1.00,4.95
2014.06.17 10:23:19.436,1.01613,1.01641,1.15,4.20
2014.06.17 10:23:19.639,1.01619,1.0164,1.00,2.03
2014.06.17 10:23:20.189,1.01613,1.0164,1.15,2.03
2014.06.17 10:23:27.370,1.01618,1.0164,1.00,2.03
2014.06.17 10:23:28.181,1.01618,1.01641,1.00,1.65
2014.06.17 10:23:29.080,1.01619,1.01641,1.00,2.40
2014.06.17 10:23:32.538,1.01619,1.01639,1.00,2.33
2014.06.17 10:23:33.014,1.01619,1.01641,1.00,4.58
2014.06.17 10:23:43.073,1.01618,1.01641,1.00,3.83
2014.06.17 10:23:43.683,1.01619,1.01641,1.00,4.58
2014.06.17 10:23:47.888,1.01618,1.01641,1.00,3.83
2014.06.17 10:23:51.554,1.01619,1.01641,1.00,4.58
2014.06.17 10:23:52.068,1.01618,1.01641,1.00,3.83
2014.06.17 10:23:52.321,1.01614,1.01636,1.10,1.10
2014.06.17 10:23:52.618,1.01619,1.01639,1.00,2.03
2014.06.17 10:23:52.839,1.01614,1.01636,1.10,1.10
2014.06.17 10:23:53.389,1.01618,1.01639,1.00,2.03
2014.06.17 10:23:53.639,1.01613,1.01637,1.18,1.15
2014.06.17 10:23:54.088,1.01619,1.01639,1.00,2.03
2014.06.17 10:23:54.818,1.01614,1.01636,1.10,1.18
2014.06.17 10:24:13.852,1.01614,1.01636,1.00,1.18
2014.06.17 10:24:15.635,1.01613,1.01637,1.10,1.28
2014.06.17 10:24:16.607,1.01614,1.01636,1.00,1.18
2014.06.17 10:24:17.192,1.01613,1.01637,1.10,1.28
2014.06.17 10:24:41.168,1.01618,1.01639,1.00,1.65
2014.06.17 10:24:41.796,1.01618,1.01639,1.00,1.65
2014.06.17 10:24:42.928,1.01619,1.01639,1.00,1.65
2014.06.17 10:24:44.427,1.01618,1.01637,1.00,1.58
2014.06.17 10:24:45.166,1.01619,1.01639,1.00,1.65
2014.06.17 10:24:48.597,1.01619,1.01638,1.00,1.58
2014.06.17 10:24:49.128,1.01619,1.01638,1.00,1.65
2014.06.17 10:24:50.858,1.01618,1.01638,1.00,1.65
2014.06.17 10:24:52.358,1.01619,1.0164,1.00,1.65
2014.06.17 10:24:55.107,1.01618,1.01639,1.00,1.65
2014.06.17 10:24:55.877,1.01619,1.01639,1.00,1.65
2014.06.17 10:25:03.184,1.01618,1.01639,1.00,1.65
2014.06.17 10:25:05.312,1.01618,1.01639,1.00,1.65
2014.06.17 10:25:08.099,1.01619,1.01639,1.00,1.65
2014.06.17 10:25:08.620,1.01619,1.01639,1.00,1.65
2014.06.17 10:25:31.639,1.01618,1.01639,1.00,1.65
2014.06.17 10:25:39.718,1.01618,1.01639,1.00,1.65
2014.06.17 10:25:46.547,1.01618,1.0164,1.00,1.65
2014.06.17 10:25:46.648,1.01624,1.01643,1.00,2.25
2014.06.17 10:25:46.856,1.01624,1.01646,1.00,1.15
2014.06.17 10:25:47.009,1.01624,1.01646,1.00,1.15
2014.06.17 10:25:48.389,1.01629,1.01647,1.00,1.65
2014.06.17 10:25:48.848,1.01628,1.01651,1.00,2.70
2014.06.17 10:25:48.949,1.01628,1.01652,1.10,2.40
2014.06.17 10:25:49.201,1.01628,1.01652,1.08,1.18
2014.06.17 10:25:49.302,1.01628,1.01652,3.68,1.10
2014.06.17 10:25:49.353,1.01634,1.01654,1.00,1.58
2014.06.17 10:25:49.454,1.01634,1.01656,1.10,1.00
2014.06.17 10:25:55.849,1.01639,1.01661,1.00,2.40
2014.06.17 10:26:06.834,1.01639,1.01661,1.00,1.15
2014.06.17 10:26:07.514,1.01639,1.01661,1.00,1.15
2014.06.17 10:26:10.386,1.01643,1.01664,1.00,2.70
2014.06.17 10:26:10.489,1.01643,1.01666,1.00,2.33
2014.06.17 10:26:10.540,1.01643,1.01667,1.00,1.15
2014.06.17 10:26:10.641,1.01644,1.01666,1.00,1.18
2014.06.17 10:26:10.943,1.01649,1.01671,1.00,2.40
2014.06.17 10:26:11.145,1.01644,1.01666,1.00,1.15
2014.06.17 10:26:11.246,1.01644,1.01666,1.10,1.15
2014.06.17 10:26:11.398,1.01641,1.01662,1.65,1.00
2014.06.17 10:26:11.448,1.01641,1.01662,1.65,1.00
2014.06.17 10:26:11.650,1.01638,1.01662,1.10,1.10
2014.06.17 10:26:11.700,1.01638,1.01662,1.00,1.08
2014.06.17 10:26:12.299,1.01634,1.01657,2.33,1.00
2014.06.17 10:26:12.450,1.01634,1.01656,2.70,1.00
2014.06.17 10:26:12.702,1.0163,1.01651,2.33,1.00
2014.06.17 10:26:13.189,1.01629,1.01651,1.10,1.10
2014.06.17 10:26:13.417,1.01629,1.01651,1.00,1.08
2014.06.17 10:26:14.344,1.01628,1.01652,1.00,1.15
2014.06.17 10:26:17.018,1.01628,1.01652,1.10,1.18
2014.06.17 10:26:29.668,1.01628,1.01652,1.10,1.88
2014.06.17 10:26:29.971,1.01629,1.01651,1.00,5.25
2014.06.17 10:26:32.577,1.01633,1.01651,1.00,4.50
2014.06.17 10:26:33.129,1.01629,1.01651,1.00,5.25
2014.06.17 10:26:49.917,1.01629,1.01651,1.00,1.15
2014.06.17 10:26:57.995,1.01629,1.01651,1.00,1.15
2014.06.17 10:26:58.787,1.01629,1.01651,1.00,1.15
2014.06.17 10:27:01.955,1.01629,1.01651,1.00,1.10
2014.06.17 10:27:02.174,1.0163,1.01651,1.65,1.00
2014.06.17 10:27:02.492,1.01633,1.01657,1.00,3.45
2014.06.17 10:27:10.688,1.01628,1.01652,1.15,1.10
2014.06.17 10:27:10.739,1.01628,1.01652,1.10,1.75
2014.06.17 10:27:11.041,1.01628,1.01652,2.33,1.15
2014.06.17 10:27:11.344,1.01633,1.01656,1.00,2.93
2014.06.17 10:27:12.415,1.01634,1.01656,1.00,3.08
2014.06.17 10:27:12.466,1.01634,1.01656,1.00,1.15
2014.06.17 10:27:12.566,1.01634,1.01656,1.00,1.15
2014.06.17 10:27:12.667,1.01639,1.0166,1.00,5.48
2014.06.17 10:27:16.424,1.01639,1.0166,1.00,6.98
2014.06.17 10:27:16.625,1.01634,1.01656,1.00,1.28
2014.06.17 10:27:16.900,1.01634,1.01656,1.00,1.28
2014.06.17 10:27:17.577,1.01638,1.01657,1.00,2.70
2014.06.17 10:27:22.203,1.01638,1.0166,1.00,2.70
2014.06.17 10:27:22.766,1.01638,1.01662,1.00,1.53
2014.06.17 10:27:26.557,1.01638,1.01661,1.00,2.70
2014.06.17 10:27:30.373,1.01639,1.0166,1.00,2.03
2014.06.17 10:27:37.124,1.01639,1.0166,1.00,4.20
2014.06.17 10:27:37.175,1.01634,1.01656,1.00,1.28
2014.06.17 10:27:37.276,1.01634,1.01656,1.00,1.15
2014.06.17 10:27:37.586,1.01638,1.01658,1.00,2.70
2014.06.17 10:27:37.834,1.01638,1.01659,1.00,2.03
2014.06.17 10:27:38.827,1.01634,1.01656,1.00,1.15
2014.06.17 10:27:38.946,1.01634,1.01656,1.00,1.15
2014.06.17 10:27:47.832,1.01633,1.01657,1.00,1.53
2014.06.17 10:27:48.146,1.01634,1.01656,1.00,3.45
2014.06.17 10:27:51.015,1.01634,1.01656,1.00,1.28
2014.06.17 10:27:51.541,1.01633,1.01656,1.00,2.70
2014.06.17 10:27:51.974,1.01634,1.01653,1.00,1.65
2014.06.17 10:27:56.839,1.01634,1.01651,1.00,2.33
2014.06.17 10:27:56.890,1.01629,1.01651,1.00,3.08
2014.06.17 10:27:57.285,1.01634,1.01651,1.00,2.33
2014.06.17 10:28:01.396,1.01633,1.01651,1.00,2.33
2014.06.17 10:28:01.598,1.01629,1.01651,1.00,3.08
2014.06.17 10:28:02.185,1.01629,1.0165,1.00,4.88
2014.06.17 10:28:04.877,1.01629,1.01647,1.00,2.33
2014.06.17 10:28:05.030,1.01629,1.01649,1.00,2.70
2014.06.17 10:28:05.131,1.01622,1.01641,1.80,1.00
2014.06.17 10:28:05.232,1.01619,1.01641,1.15,1.00
2014.06.17 10:28:05.333,1.01623,1.01643,1.00,1.00
2014.06.17 10:28:05.897,1.01628,1.01649,1.00,2.70
2014.06.17 10:28:06.003,1.01628,1.01651,1.00,4.88
2014.06.17 10:28:06.104,1.01623,1.01647,2.33,1.08
2014.06.17 10:28:06.652,1.01623,1.01647,1.00,1.15
2014.06.17 10:28:07.626,1.01628,1.0165,1.00,4.88
2014.06.17 10:28:08.105,1.01624,1.0165,1.00,4.88
2014.06.17 10:28:08.636,1.01623,1.01647,1.00,1.15
2014.06.17 10:28:10.158,1.01624,1.01646,1.00,1.15
2014.06.17 10:28:26.756,1.01624,1.01646,1.00,1.15
2014.06.17 10:28:50.324,1.01624,1.01646,1.00,1.53
2014.06.17 10:28:50.576,1.01618,1.01644,2.33,2.33
2014.06.17 10:28:50.778,1.01618,1.01641,1.00,2.33
2014.06.17 10:28:50.876,1.01614,1.01641,2.33,3.08
2014.06.17 10:28:52.086,1.01619,1.01641,1.00,2.70
2014.06.17 10:28:52.744,1.01619,1.01643,1.00,2.70
2014.06.17 10:29:03.418,1.01614,1.01636,2.33,1.00
2014.06.17 10:29:05.167,1.01614,1.01636,2.33,1.00
2014.06.17 10:29:05.626,1.01619,1.01641,1.00,1.53
2014.06.17 10:29:08.419,1.01619,1.01641,1.00,1.15
2014.06.17 10:29:08.883,1.01619,1.01641,1.00,1.15
2014.06.17 10:29:09.501,1.01619,1.01641,1.00,1.15
2014.06.17 10:29:10.057,1.01618,1.01642,1.00,1.28
2014.06.17 10:29:14.287,1.01618,1.0164,1.00,2.33
2014.06.17 10:29:14.337,1.01613,1.01637,1.10,1.15
2014.06.17 10:29:15.718,1.01614,1.01636,1.00,1.18
2014.06.17 10:29:19.465,1.01614,1.01636,1.10,1.10
2014.06.17 10:29:20.042,1.01613,1.01637,1.15,1.28
2014.06.17 10:29:42.123,1.01619,1.01639,1.00,1.65
2014.06.17 10:29:42.275,1.01619,1.01641,1.00,1.18
2014.06.17 10:29:42.637,1.01619,1.01641,1.08,1.10
2014.06.17 10:29:43.091,1.01619,1.01641,1.08,1.10
2014.06.17 10:29:43.614,1.01619,1.01641,1.00,1.20
2014.06.17 10:29:44.587,1.01619,1.01641,1.00,1.18
2014.06.17 10:29:48.133,1.01619,1.01641,1.00,3.45
2014.06.17 10:29:50.852,1.01619,1.01641,1.00,1.15
2014.06.17 10:29:50.953,1.01619,1.01641,1.10,1.15
2014.06.17 10:29:51.545,1.01619,1.01641,1.10,1.18
2014.06.17 10:29:57.143,1.01623,1.01645,1.00,3.30
2014.06.17 10:30:01.159,1.01623,1.01647,1.00,1.88
2014.06.17 10:30:03.349,1.01618,1.01642,2.78,1.00
2014.06.17 10:30:06.954,1.01623,1.01647,1.00,1.88
2014.06.17 10:30:08.048,1.01618,1.01642,2.78,1.00
2014.06.17 10:30:16.250,1.01618,1.01642,1.28,1.08
2014.06.17 10:30:16.351,1.01618,1.01642,1.28,1.15
2014.06.17 10:30:37.085,1.01619,1.01641,1.00,1.20
2014.06.17 10:30:47.892,1.01616,1.01636,2.03,1.00
2014.06.17 10:30:50.424,1.01619,1.01636,1.50,1.00
2014.06.17 10:30:53.385,1.01619,1.01641,2.25,1.20
2014.06.17 10:30:57.685,1.0162,1.01641,1.50,1.10
2014.06.17 10:31:01.424,1.01624,1.01646,1.00,3.45
2014.06.17 10:31:01.937,1.01623,1.01641,1.50,1.00
2014.06.17 10:31:02.856,1.0162,1.01642,1.58,1.10
2014.06.17 10:31:03.574,1.0162,1.01642,1.50,1.08
2014.06.17 10:31:04.077,1.0162,1.01642,1.50,1.20
2014.06.17 10:31:14.814,1.0162,1.01641,1.50,1.00
2014.06.17 10:31:15.586,1.0162,1.01642,1.50,1.10
2014.06.17 10:31:17.344,1.0162,1.01641,1.50,1.00
2014.06.17 10:31:20.784,1.01619,1.01641,1.10,1.00
2014.06.17 10:31:29.725,1.01619,1.01641,1.10,2.33
2014.06.17 10:31:29.927,1.01614,1.01636,1.10,1.10
2014.06.17 10:31:30.135,1.01609,1.01632,4.20,1.00
2014.06.17 10:31:30.236,1.01609,1.01632,2.03,1.00
2014.06.17 10:31:30.451,1.0161,1.01631,2.33,1.00
2014.06.17 10:31:30.907,1.01609,1.01631,1.15,1.00
2014.06.17 10:31:31.415,1.01608,1.01632,2.40,1.00
2014.06.17 10:31:31.567,1.01606,1.01626,4.20,1.00
2014.06.17 10:31:31.668,1.01608,1.01632,1.15,1.00
2014.06.17 10:31:31.972,1.01609,1.01632,2.70,1.00
2014.06.17 10:31:32.083,1.01614,1.01636,1.10,1.43
2014.06.17 10:31:32.436,1.01613,1.01637,1.18,1.00
2014.06.17 10:31:33.196,1.01616,1.01637,1.50,1.00
2014.06.17 10:31:33.498,1.01619,1.01641,1.15,1.00
2014.06.17 10:31:33.802,1.01619,1.01641,1.15,1.00
2014.06.17 10:31:35.053,1.01619,1.01641,1.10,1.00
2014.06.17 10:31:35.154,1.01618,1.01642,1.15,1.00
2014.06.17 10:31:36.679,1.01618,1.01642,2.40,1.60
2014.06.17 10:31:36.780,1.01614,1.01636,1.18,1.00
2014.06.17 10:31:36.830,1.01618,1.0164,1.00,1.45
2014.06.17 10:31:37.256,1.01617,1.01636,1.50,1.00
2014.06.17 10:31:37.580,1.01616,1.01637,1.65,1.00
2014.06.17 10:31:37.631,1.01619,1.01641,1.18,1.00
2014.06.17 10:31:37.884,1.01619,1.01641,1.18,1.00
2014.06.17 10:31:43.325,1.01624,1.01646,1.00,1.28
2014.06.17 10:31:45.084,1.01621,1.01642,1.65,1.00
2014.06.17 10:31:45.336,1.01623,1.01646,1.10,1.13
2014.06.17 10:31:47.075,1.01623,1.01647,1.00,1.88
2014.06.17 10:31:55.261,1.01623,1.01647,1.00,4.05
2014.06.17 10:31:56.623,1.01622,1.01642,1.50,1.10
2014.06.17 10:31:56.724,1.01619,1.01642,1.58,1.18
2014.06.17 10:31:57.554,1.01618,1.01642,2.25,1.15
2014.06.17 10:31:57.605,1.01624,1.01645,1.00,2.33
2014.06.17 10:31:57.756,1.01624,1.01646,1.00,1.28
2014.06.17 10:31:58.433,1.01624,1.01646,1.00,1.18
2014.06.17 10:31:58.584,1.01621,1.01641,1.65,1.00
2014.06.17 10:31:58.735,1.01623,1.01647,1.15,1.20
2014.06.17 10:31:59.245,1.01624,1.01646,1.20,1.00
2014.06.17 10:32:00.553,1.01623,1.01647,1.15,1.20
2014.06.17 10:32:04.665,1.01629,1.01651,1.00,3.38
2014.06.17 10:32:05.502,1.01624,1.01646,1.20,1.00
2014.06.17 10:32:07.374,1.01629,1.01651,1.00,3.38
2014.06.17 10:32:16.444,1.01629,1.0165,1.00,2.70
2014.06.17 10:32:16.768,1.01629,1.01648,1.00,2.33
2014.06.17 10:32:19.926,1.01629,1.0165,1.00,4.88
2014.06.17 10:32:26.379,1.01629,1.01651,1.00,5.55
2014.06.17 10:32:30.595,1.01629,1.01651,1.00,1.88
2014.06.17 10:32:34.117,1.01633,1.01654,1.00,1.53
2014.06.17 10:32:35.875,1.01628,1.01652,1.00,1.15
2014.06.17 10:32:36.031,1.01628,1.01652,1.00,2.78
2014.06.17 10:32:36.564,1.01629,1.01651,1.00,1.15
2014.06.17 10:32:37.123,1.01629,1.01651,1.00,1.18
2014.06.17 10:32:38.202,1.01633,1.01654,1.00,4.20
2014.06.17 10:32:41.160,1.01629,1.01651,1.00,1.18
2014.06.17 10:32:44.446,1.01629,1.01651,1.15,1.00
2014.06.17 10:32:46.100,1.01633,1.01653,1.00,1.58
2014.06.17 10:32:48.878,1.01628,1.01652,1.15,1.00
2014.06.17 10:32:52.593,1.01628,1.01652,1.18,1.70
2014.06.17 10:32:52.911,1.01626,1.01647,1.50,1.08
2014.06.17 10:32:53.214,1.01629,1.01651,1.00,3.08
2014.06.17 10:32:53.265,1.01629,1.01651,1.10,1.08
2014.06.17 10:32:53.930,1.01634,1.01654,1.00,2.03
2014.06.17 10:32:54.030,1.01634,1.01654,1.00,1.65
2014.06.17 10:32:54.383,1.01629,1.01651,1.08,1.00
2014.06.17 10:32:54.585,1.01633,1.01653,1.00,2.03
2014.06.17 10:32:54.887,1.01633,1.01652,1.00,2.70
2014.06.17 10:32:55.577,1.01629,1.01651,1.00,1.15
2014.06.17 10:32:56.122,1.01629,1.01651,1.00,5.25
2014.06.17 10:32:58.863,1.01623,1.01647,1.20,1.15
2014.06.17 10:32:59.073,1.01629,1.01651,1.00,7.13
2014.06.17 10:32:59.679,1.01629,1.01651,1.00,2.78
2014.06.17 10:33:18.671,1.01629,1.01651,1.00,4.95
2014.06.17 10:33:27.965,1.01629,1.01648,1.00,4.20
2014.06.17 10:33:28.314,1.01623,1.01643,1.00,2.70
2014.06.17 10:33:29.703,1.01623,1.01644,1.00,2.70
2014.06.17 10:33:29.904,1.01619,1.01641,1.00,1.20
2014.06.17 10:33:29.955,1.01619,1.01641,1.00,1.20
2014.06.17 10:33:31.362,1.01623,1.01643,1.00,2.70
2014.06.17 10:33:31.668,1.01619,1.01641,1.00,1.28
2014.06.17 10:33:31.827,1.01619,1.01641,1.00,3.45
2014.06.17 10:33:38.814,1.01624,1.01641,1.00,2.70
2014.06.17 10:33:39.144,1.01618,1.01641,1.00,2.70
2014.06.17 10:33:39.583,1.01624,1.01641,1.00,2.70
2014.06.17 10:33:39.809,1.01618,1.01641,1.00,2.70
2014.06.17 10:33:40.791,1.01623,1.01641,1.00,2.70
2014.06.17 10:33:44.256,1.01619,1.01641,1.00,3.45
2014.06.17 10:33:44.357,1.01623,1.01641,1.00,2.70
2014.06.17 10:33:44.586,1.01623,1.01644,1.00,1.65
2014.06.17 10:33:44.844,1.01623,1.01643,1.00,2.70
2014.06.17 10:33:44.895,1.01619,1.01641,1.00,1.15
2014.06.17 10:33:45.348,1.01624,1.01642,1.00,2.70
2014.06.17 10:33:45.499,1.01624,1.01644,1.00,2.70
2014.06.17 10:33:46.072,1.0162,1.01642,1.50,1.28
2014.06.17 10:33:46.901,1.01618,1.01642,1.10,1.28
2014.06.17 10:33:47.052,1.01618,1.01642,1.00,3.45
2014.06.17 10:33:49.152,1.01614,1.01636,1.18,1.00
2014.06.17 10:33:49.555,1.01613,1.01637,1.10,1.28
2014.06.17 10:33:49.656,1.01616,1.01637,1.50,1.28
2014.06.17 10:33:50.010,1.01619,1.01639,1.00,2.33
2014.06.17 10:33:50.743,1.01619,1.01641,1.00,1.28
2014.06.17 10:33:56.300,1.01618,1.01642,1.00,1.53
2014.06.17 10:33:56.633,1.01623,1.01643,1.00,4.88
2014.06.17 10:34:05.872,1.01623,1.01645,1.00,2.70
2014.06.17 10:34:06.574,1.01623,1.01646,1.00,2.70
2014.06.17 10:34:26.796,1.01623,1.01645,1.00,2.70
2014.06.17 10:34:27.540,1.01624,1.01645,1.00,2.70
2014.06.17 10:34:33.700,1.01618,1.01642,1.18,1.15
2014.06.17 10:34:45.886,1.01624,1.01642,1.50,1.15
2014.06.17 10:34:45.937,1.01624,1.01647,1.50,1.28
2014.06.17 10:34:46.445,1.01624,1.01646,1.10,1.18
2014.06.17 10:34:50.827,1.01624,1.01646,3.08,1.08
2014.06.17 10:34:50.878,1.01628,1.01652,1.15,2.40
2014.06.17 10:34:51.130,1.01626,1.01647,1.65,1.00
2014.06.17 10:34:51.181,1.01626,1.01647,1.65,1.00
2014.06.17 10:34:51.499,1.01625,1.01646,1.50,1.00
2014.06.17 10:34:52.442,1.01625,1.01647,1.50,1.10
2014.06.17 10:34:54.391,1.01625,1.01646,1.50,1.00
2014.06.17 10:34:54.441,1.01629,1.01646,1.50,1.00
2014.06.17 10:34:54.717,1.01626,1.01646,1.58,1.00
2014.06.17 10:34:55.219,1.01626,1.01646,1.50,1.00
2014.06.17 10:34:59.950,1.01624,1.01646,2.40,1.00
2014.06.17 10:35:00.138,1.01628,1.01652,1.00,3.45
2014.06.17 10:35:00.188,1.01629,1.01652,1.50,1.28
2014.06.17 10:35:00.340,1.01628,1.01646,1.50,1.00
2014.06.17 10:35:00.390,1.01626,1.01646,1.50,1.00
2014.06.17 10:35:00.491,1.01624,1.01646,2.40,1.00
2014.06.17 10:35:02.302,1.01628,1.01652,1.00,5.63
2014.06.17 10:35:02.705,1.01625,1.01646,1.50,1.00
2014.06.17 10:35:08.964,1.01629,1.01646,1.50,1.00
2014.06.17 10:35:09.065,1.01627,1.01646,1.50,1.00
2014.06.17 10:35:09.574,1.01626,1.01646,1.50,1.00
2014.06.17 10:35:12.913,1.01625,1.01646,1.50,1.00
2014.06.17 10:35:13.115,1.01625,1.01641,1.50,1.00
2014.06.17 10:35:13.636,1.01624,1.01641,1.50,1.00
2014.06.17 10:35:14.202,1.01623,1.01641,1.50,1.00
2014.06.17 10:35:14.405,1.01624,1.01646,1.00,1.28
2014.06.17 10:35:14.947,1.01625,1.01646,1.58,1.20
2014.06.17 10:35:20.206,1.01625,1.01646,1.58,1.48
2014.06.17 10:35:20.508,1.01624,1.01642,1.50,1.15
2014.06.17 10:35:20.816,1.01622,1.01642,1.50,1.15
2014.06.17 10:35:21.503,1.01621,1.01642,1.50,1.15
2014.06.17 10:35:21.554,1.01623,1.01646,1.00,4.88
2014.06.17 10:35:26.502,1.01619,1.01641,2.85,1.20
2014.06.17 10:35:30.186,1.0162,1.01641,1.50,1.20
2014.06.17 10:35:40.922,1.01621,1.01641,1.50,1.20
2014.06.17 10:35:41.456,1.01621,1.01641,1.65,1.00
2014.06.17 10:35:47.523,1.01619,1.01641,2.40,1.00
2014.06.17 10:35:47.574,1.01619,1.01641,2.40,1.00
2014.06.17 10:35:48.098,1.01619,1.01641,2.25,1.18
2014.06.17 10:35:58.912,1.01619,1.01637,1.50,1.00
2014.06.17 10:36:01.640,1.01619,1.01642,1.50,1.15
2014.06.17 10:36:05.371,1.01617,1.01637,1.58,1.00
2014.06.17 10:36:08.810,1.01617,1.01637,1.65,1.00
2014.06.17 10:36:09.622,1.01617,1.01637,1.65,1.00
2014.06.17 10:36:12.153,1.01617,1.01636,1.65,1.00
2014.06.17 10:36:12.404,1.01619,1.01641,1.10,1.18
2014.06.17 10:36:12.722,1.01619,1.01641,1.18,1.00
2014.06.17 10:36:12.972,1.01619,1.01641,1.20,1.00
2014.06.17 10:36:26.781,1.01616,1.01637,1.65,1.00
2014.06.17 10:36:30.413,1.01618,1.01642,1.15,1.20
2014.06.17 10:36:33.434,1.01616,1.01636,1.65,1.00
2014.06.17 10:36:33.981,1.01616,1.01637,1.65,1.00
2014.06.17 10:36:39.851,1.01619,1.01637,1.50,1.00
2014.06.17 10:36:39.902,1.01619,1.01642,1.50,1.15
2014.06.17 10:36:40.409,1.01618,1.01642,1.00,1.15
2014.06.17 10:36:57.978,1.01618,1.01642,1.08,1.18
2014.06.17 10:36:58.079,1.01618,1.01642,1.15,1.20
2014.06.17 10:36:58.790,1.01619,1.01641,1.20,1.00
2014.06.17 10:37:00.563,1.01619,1.01641,1.00,1.18
2014.06.17 10:37:07.259,1.01617,1.01636,1.65,1.00
2014.06.17 10:37:08.172,1.01618,1.01642,1.20,1.08
2014.06.17 10:37:08.273,1.01619,1.01642,1.58,1.08
2014.06.17 10:37:28.741,1.01619,1.01641,2.25,1.10
2014.06.17 10:37:31.772,1.01619,1.01641,1.00,1.18
2014.06.17 10:37:43.910,1.01615,1.01636,1.65,1.00
2014.06.17 10:37:44.263,1.01614,1.01636,1.08,1.08
2014.06.17 10:37:44.821,1.01614,1.01636,1.00,1.15
2014.06.17 10:37:45.158,1.01614,1.01635,1.00,2.33
2014.06.17 10:37:45.975,1.01614,1.01636,1.00,1.15
2014.06.17 10:37:54.604,1.01614,1.01636,1.00,1.10
2014.06.17 10:37:55.434,1.01614,1.01636,1.00,1.18
2014.06.17 10:37:55.687,1.01609,1.01631,2.25,1.10
2014.06.17 10:37:58.950,1.01608,1.01632,2.33,1.18
2014.06.17 10:37:59.152,1.01612,1.01631,1.50,1.10
2014.06.17 10:37:59.455,1.01614,1.01636,1.00,3.68
2014.06.17 10:37:59.505,1.01614,1.01636,1.00,1.50
2014.06.17 10:38:00.324,1.01614,1.01636,1.00,1.50
2014.06.17 10:38:00.735,1.01609,1.01631,1.15,1.00
2014.06.17 10:38:00.836,1.01613,1.01636,1.00,2.25
2014.06.17 10:38:01.424,1.01614,1.01636,1.00,1.18
2014.06.17 10:38:01.474,1.01614,1.01636,1.00,1.18
2014.06.17 10:38:02.872,1.01618,1.01636,1.65,1.00
2014.06.17 10:38:02.922,1.01619,1.01641,1.00,1.20
2014.06.17 10:38:02.973,1.01619,1.01641,1.00,1.15
2014.06.17 10:38:03.634,1.01619,1.01641,1.10,1.08
2014.06.17 10:38:07.670,1.01619,1.01641,1.00,1.08
2014.06.17 10:38:10.406,1.01614,1.01636,2.40,1.00
2014.06.17 10:38:11.448,1.01614,1.01636,1.00,1.15
2014.06.17 10:38:11.751,1.01609,1.01631,1.00,3.08
2014.06.17 10:38:11.801,1.01609,1.01631,1.00,1.15
2014.06.17 10:38:11.852,1.01607,1.01627,1.50,1.00
2014.06.17 10:38:11.903,1.01603,1.01627,1.15,1.20
2014.06.17 10:38:12.344,1.01603,1.01627,2.25,1.15
2014.06.17 10:38:14.308,1.01609,1.01631,1.00,1.15
2014.06.17 10:38:14.409,1.01604,1.01626,1.18,1.00
2014.06.17 10:38:14.510,1.01604,1.01626,1.00,1.10
2014.06.17 10:38:14.610,1.01608,1.01627,1.00,2.33
2014.06.17 10:38:14.812,1.01604,1.01626,1.00,3.08
2014.06.17 10:38:15.319,1.01604,1.01625,1.00,2.33
2014.06.17 10:38:16.049,1.01604,1.01624,1.00,3.83
2014.06.17 10:38:16.553,1.01603,1.01625,1.00,2.33
2014.06.17 10:38:16.603,1.01609,1.01625,1.00,2.33
2014.06.17 10:38:18.281,1.01609,1.01627,1.00,2.33
2014.06.17 10:38:18.332,1.01609,1.01631,1.00,6.75
2014.06.17 10:38:26.309,1.01609,1.01631,1.00,1.15
2014.06.17 10:38:27.675,1.01609,1.01631,1.00,1.15
2014.06.17 10:38:28.191,1.01609,1.01631,1.00,3.08
2014.06.17 10:38:28.853,1.01609,1.01631,1.00,1.15
2014.06.17 10:38:31.304,1.01609,1.01631,1.00,3.08
2014.06.17 10:38:32.149,1.01611,1.01631,1.50,1.15
2014.06.17 10:38:32.200,1.01614,1.01634,1.00,4.50
2014.06.17 10:38:32.728,1.01614,1.01635,1.00,2.70
2014.06.17 10:38:42.649,1.01618,1.01638,1.00,2.70
2014.06.17 10:38:43.000,1.01618,1.01636,1.00,2.70
2014.06.17 10:38:50.988,1.01618,1.01635,1.00,2.70
2014.06.17 10:38:51.089,1.01614,1.01634,1.00,2.70
2014.06.17 10:39:02.628,1.01609,1.01631,1.00,1.15
2014.06.17 10:39:04.348,1.01612,1.01631,1.50,1.15
2014.06.17 10:39:04.704,1.01614,1.01634,1.00,2.70
2014.06.17 10:39:04.805,1.01614,1.01636,1.00,3.08
2014.06.17 10:39:04.906,1.01613,1.01637,1.00,1.28
2014.06.17 10:39:07.578,1.01614,1.01636,1.00,1.15
2014.06.17 10:39:09.833,1.01614,1.01636,1.60,1.15
2014.06.17 10:39:09.884,1.01621,1.01636,1.50,1.15
2014.06.17 10:39:09.986,1.01619,1.01641,1.00,1.28
2014.06.17 10:39:10.188,1.01613,1.01637,1.15,1.00
2014.06.17 10:39:10.499,1.01613,1.01637,2.33,1.18
2014.06.17 10:39:20.278,1.01613,1.01637,2.93,1.18
2014.06.17 10:39:20.582,1.01619,1.01641,2.25,1.15
2014.06.17 10:39:22.435,1.01618,1.01642,1.00,1.28
2014.06.17 10:39:22.826,1.01618,1.0164,1.00,2.33
2014.06.17 10:39:28.147,1.01614,1.01637,1.58,1.15
2014.06.17 10:39:28.414,1.01618,1.0164,1.00,2.33
2014.06.17 10:39:30.515,1.01618,1.01641,1.00,2.33
2014.06.17 10:39:31.083,1.01618,1.01642,1.00,3.45
2014.06.17 10:39:50.157,1.01614,1.01636,2.40,1.00
2014.06.17 10:40:11.980,1.01614,1.01636,2.33,1.00
2014.06.17 10:40:12.897,1.01614,1.01641,2.33,1.15
2014.06.17 10:40:25.348,1.01614,1.01639,1.00,2.33
2014.06.17 10:40:26.528,1.01614,1.01641,1.00,3.45
2014.06.17 10:40:31.149,1.01613,1.01636,1.58,1.10
2014.06.17 10:40:35.887,1.01619,1.01641,1.00,1.28
2014.06.17 10:41:11.606,1.01618,1.01642,1.00,1.53
2014.06.17 10:41:13.367,1.01617,1.01636,1.50,1.00
2014.06.17 10:41:33.104,1.0162,1.01642,1.50,1.15
2014.06.17 10:41:33.154,1.0162,1.01642,1.50,1.15
2014.06.17 10:41:33.205,1.01622,1.01642,1.58,1.08
2014.06.17 10:41:33.406,1.01624,1.01646,1.08,1.10
2014.06.17 10:41:33.632,1.01624,1.01646,2.40,1.00
2014.06.17 10:41:34.045,1.01624,1.01642,1.65,1.00
2014.06.17 10:41:44.715,1.01624,1.01641,1.65,1.00
2014.06.17 10:41:48.565,1.01624,1.01646,2.40,1.00
2014.06.17 10:41:49.173,1.0163,1.01646,1.50,1.00
2014.06.17 10:41:49.876,1.01626,1.01646,1.65,1.00
2014.06.17 10:41:55.696,1.01628,1.01646,1.65,1.00
2014.06.17 10:41:55.847,1.01629,1.01651,1.20,1.00
2014.06.17 10:41:55.948,1.01632,1.01651,1.50,1.00
2014.06.17 10:41:56.049,1.01629,1.01651,2.40,1.00
2014.06.17 10:41:56.289,1.01629,1.01646,1.65,1.00
2014.06.17 10:41:56.342,1.01624,1.01646,2.40,1.00
2014.06.17 10:41:56.895,1.01628,1.01646,1.50,1.00
2014.06.17 10:41:57.248,1.01625,1.01646,3.83,1.00
2014.06.17 10:41:57.348,1.01625,1.01646,1.65,1.00
2014.06.17 10:41:57.657,1.01625,1.01646,1.65,1.00
2014.06.17 10:41:57.758,1.01625,1.01646,1.65,1.00
2014.06.17 10:42:00.479,1.01624,1.01646,1.18,1.00
2014.06.17 10:42:01.125,1.01624,1.01641,1.58,1.00
2014.06.17 10:42:01.227,1.01622,1.01641,1.58,1.00
2014.06.17 10:42:02.709,1.01624,1.01646,1.18,1.10
2014.06.17 10:42:06.339,1.01622,1.01641,1.65,1.00
2014.06.17 10:42:09.484,1.01624,1.01646,1.18,1.10
2014.06.17 10:42:17.663,1.01628,1.01651,1.00,2.70
2014.06.17 10:42:17.895,1.01629,1.01651,1.00,1.28
2014.06.17 10:42:17.945,1.01631,1.01651,1.50,1.28
2014.06.17 10:42:18.035,1.01629,1.01651,2.25,1.28
2014.06.17 10:42:58.066,1.01629,1.01651,2.25,1.15
2014.06.17 10:42:58.167,1.01624,1.01647,1.58,1.18
2014.06.17 10:42:58.368,1.01625,1.01647,1.65,1.00
2014.06.17 10:42:58.836,1.01628,1.01647,1.65,1.00
2014.06.17 10:42:58.886,1.01629,1.01651,1.18,1.00
2014.06.17 10:42:58.937,1.01629,1.01651,3.08,1.00
2014.06.17 10:42:59.239,1.01633,1.01651,1.65,1.00
2014.06.17 10:42:59.340,1.01633,1.01657,4.58,1.08
2014.06.17 10:42:59.491,1.01635,1.01657,2.33,1.00
2014.06.17 10:42:59.558,1.01633,1.01657,6.75,1.00
2014.06.17 10:42:59.874,1.01639,1.01661,2.25,1.45
2014.06.17 10:43:00.343,1.01639,1.01656,1.50,1.00
2014.06.17 10:43:12.455,1.0164,1.01656,1.58,1.00
2014.06.17 10:43:12.657,1.01646,1.01667,1.65,1.00
2014.06.17 10:43:12.707,1.01646,1.01667,3.83,1.00
2014.06.17 10:43:13.216,1.01647,1.01666,2.33,1.00
2014.06.17 10:43:13.367,1.01646,1.01666,1.65,1.00
2014.06.17 10:43:15.866,1.01646,1.01666,2.25,1.00
2014.06.17 10:43:15.967,1.01651,1.01671,1.65,1.00
2014.06.17 10:43:16.636,1.01649,1.01671,2.40,1.00
2014.06.17 10:43:18.824,1.01649,1.01671,2.40,1.00
2014.06.17 10:43:18.925,1.01649,1.01671,2.40,1.00
2014.06.17 10:43:19.744,1.01649,1.01671,2.40,1.00
2014.06.17 10:43:19.853,1.01649,1.01671,2.40,1.00
2014.06.17 10:43:20.739,1.01649,1.01671,2.40,1.00
2014.06.17 10:43:26.627,1.01649,1.01666,1.65,1.00
2014.06.17 10:43:26.778,1.01646,1.01666,1.65,1.00
2014.06.17 10:43:27.320,1.01648,1.01667,1.65,1.00
2014.06.17 10:43:27.923,1.01647,1.01666,1.65,1.00
2014.06.17 10:43:29.633,1.01647,1.01666,2.25,1.00
2014.06.17 10:43:29.999,1.01646,1.01666,1.65,1.00
2014.06.17 10:43:31.883,1.01649,1.01671,1.10,1.10
2014.06.17 10:43:31.934,1.01649,1.01671,2.33,1.00
2014.06.17 10:43:32.236,1.01648,1.01666,1.65,1.00
2014.06.17 10:43:45.641,1.01644,1.01662,1.65,1.00
2014.06.17 10:43:45.793,1.01639,1.01662,3.83,1.08
2014.06.17 10:43:45.893,1.01639,1.01661,2.33,1.18
2014.06.17 10:43:46.095,1.01636,1.01656,1.65,1.00
2014.06.17 10:43:46.708,1.01634,1.01656,1.15,1.00
2014.06.17 10:43:46.909,1.01634,1.01656,1.15,1.10
2014.06.17 10:43:47.010,1.01629,1.01656,3.45,1.08
2014.06.17 10:43:47.518,1.01629,1.01656,1.28,1.15
2014.06.17 10:43:48.163,1.01634,1.01656,1.00,1.15
2014.06.17 10:43:48.314,1.01634,1.01656,2.40,1.00
2014.06.17 10:43:48.374,1.01638,1.01662,1.00,1.53
2014.06.17 10:43:51.895,1.01634,1.01656,2.40,1.00
2014.06.17 10:43:52.334,1.01639,1.01661,1.00,1.28
2014.06.17 10:43:54.415,1.01639,1.01661,1.10,1.28
2014.06.17 10:43:56.338,1.01639,1.01661,1.00,1.28
2014.06.17 10:43:58.733,1.01639,1.01661,1.10,1.28
2014.06.17 10:43:59.813,1.01637,1.01657,1.65,1.00
2014.06.17 10:44:00.383,1.01635,1.01657,3.83,1.00
2014.06.17 10:44:13.245,1.01635,1.01657,1.65,1.00
2014.06.17 10:44:18.072,1.01635,1.01656,1.65,1.00
2014.06.17 10:44:18.274,1.01635,1.01656,1.58,1.00
2014.06.17 10:44:18.843,1.01635,1.01657,1.58,1.10
2014.06.17 10:44:33.343,1.01633,1.01657,1.18,1.80
2014.06.17 10:44:33.494,1.01628,1.01652,1.10,1.28
2014.06.17 10:44:34.142,1.01624,1.01646,1.15,1.00
2014.06.17 10:44:34.243,1.01624,1.01646,1.18,1.00
2014.06.17 10:44:35.133,1.01623,1.01647,1.15,1.10
2014.06.17 10:44:44.242,1.01623,1.01646,1.15,1.50
2014.06.17 10:44:56.165,1.0162,1.01642,2.33,1.00
2014.06.17 10:44:56.939,1.01619,1.01642,4.50,1.00
2014.06.17 10:45:00.862,1.01624,1.01646,1.10,2.40
2014.06.17 10:45:38.829,1.01624,1.01646,1.10,1.10
2014.06.17 10:45:44.312,1.01623,1.01647,1.15,2.40
2014.06.17 10:45:51.176,1.01623,1.01646,1.15,1.50
2014.06.17 10:45:51.649,1.01625,1.01642,1.65,1.00
2014.06.17 10:45:51.750,1.01619,1.01642,4.88,1.00
2014.06.17 10:45:51.917,1.01623,1.01647,1.10,1.28
2014.06.17 10:46:02.924,1.01623,1.01647,1.08,1.28
2014.06.17 10:46:03.483,1.01623,1.01647,1.18,2.40
2014.06.17 10:46:11.202,1.01623,1.01647,1.08,2.40
2014.06.17 10:46:11.821,1.01624,1.01646,1.00,2.40
2014.06.17 10:46:11.980,1.01624,1.01643,1.00,1.65
2014.06.17 10:46:12.663,1.01624,1.01643,1.00,1.58
2014.06.17 10:46:13.191,1.01624,1.01643,1.00,1.65
2014.06.17 10:46:13.394,1.01618,1.01642,1.00,1.15
2014.06.17 10:46:13.596,1.01615,1.01636,1.45,1.00
2014.06.17 10:46:14.341,1.01619,1.01641,1.00,1.15
2014.06.17 10:46:17.406,1.01618,1.01642,1.00,1.15
2014.06.17 10:46:17.811,1.01623,1.01645,1.00,6.38
2014.06.17 10:46:18.905,1.01623,1.01645,1.00,2.03
2014.06.17 10:46:22.912,1.01619,1.01641,1.00,1.15
2014.06.17 10:46:23.213,1.01619,1.0164,1.00,1.65
2014.06.17 10:46:33.003,1.01619,1.0164,1.00,1.20
2014.06.17 10:46:41.185,1.01619,1.0164,1.00,2.03
2014.06.17 10:46:41.865,1.01619,1.0164,1.00,2.03
2014.06.17 10:46:53.366,1.01618,1.0164,1.00,1.65
2014.06.17 10:46:54.100,1.01619,1.0164,1.00,2.03
2014.06.17 10:47:25.935,1.01624,1.01641,1.00,1.28
2014.06.17 10:47:26.086,1.01624,1.01645,1.00,3.83
2014.06.17 10:47:26.423,1.01623,1.01645,1.00,3.38
2014.06.17 10:47:26.474,1.01623,1.01645,1.00,3.38
2014.06.17 10:47:26.998,1.01624,1.01645,1.00,3.38
2014.06.17 10:47:27.470,1.01619,1.01641,1.08,2.40
2014.06.17 10:47:27.671,1.01623,1.01644,1.00,2.70
2014.06.17 10:47:29.418,1.01618,1.01642,1.10,1.15
2014.06.17 10:47:29.670,1.01624,1.01644,1.00,2.33
2014.06.17 10:47:29.840,1.01624,1.01645,1.00,2.78
2014.06.17 10:47:31.635,1.01619,1.01641,1.08,1.10
2014.06.17 10:47:31.831,1.01623,1.01645,1.00,1.65
2014.06.17 10:47:33.040,1.01618,1.01642,1.18,1.08
2014.06.17 10:47:49.747,1.01619,1.01641,1.08,1.00
2014.06.17 10:47:56.767,1.01619,1.01641,1.18,1.10
2014.06.17 10:47:57.286,1.01619,1.01641,1.10,1.10
2014.06.17 10:48:06.722,1.01619,1.01641,1.00,1.08
2014.06.17 10:48:07.170,1.01614,1.01636,2.40,1.00
2014.06.17 10:48:14.844,1.01613,1.01637,1.15,1.10
2014.06.17 10:48:15.150,1.01619,1.01641,1.08,1.08
2014.06.17 10:48:15.251,1.01619,1.01641,1.15,1.00
2014.06.17 10:48:18.908,1.01624,1.01646,1.00,1.15
2014.06.17 10:48:46.821,1.01624,1.01646,1.18,1.00
2014.06.17 10:48:53.200,1.01624,1.01646,1.20,1.10
2014.06.17 10:48:57.255,1.01624,1.01646,1.00,1.18
2014.06.17 10:48:57.306,1.01619,1.01641,1.53,1.00
2014.06.17 10:49:05.281,1.01619,1.01641,1.08,1.08
2014.06.17 10:49:05.332,1.01618,1.01642,1.00,1.15
2014.06.17 10:49:07.181,1.01618,1.01642,1.15,1.20
2014.06.17 10:49:07.673,1.01624,1.01645,1.00,2.25
2014.06.17 10:49:07.837,1.01624,1.01644,1.00,1.00
2014.06.17 10:49:08.810,1.01624,1.01645,1.00,2.25
2014.06.17 10:49:09.449,1.01624,1.01645,1.00,1.65
2014.06.17 10:49:12.656,1.01624,1.01645,1.00,1.65
2014.06.17 10:49:18.555,1.01624,1.01645,1.00,1.65
2014.06.17 10:49:19.078,1.01618,1.01642,1.15,1.00
2014.06.17 10:49:22.206,1.01618,1.01642,1.15,1.10
2014.06.17 10:49:23.367,1.01624,1.01645,1.00,1.65
2014.06.17 10:49:23.908,1.01623,1.01645,1.00,1.65
2014.06.17 10:49:24.430,1.01624,1.01646,1.00,1.15
2014.06.17 10:49:24.743,1.01629,1.01651,1.00,5.63
2014.06.17 10:49:25.360,1.01629,1.01649,1.00,2.03
2014.06.17 10:49:26.522,1.01629,1.01649,1.00,4.20
2014.06.17 10:49:27.341,1.01629,1.01648,1.00,2.70
2014.06.17 10:49:41.518,1.01624,1.01646,1.00,1.15
2014.06.17 10:49:42.629,1.01624,1.01646,1.00,1.18
2014.06.17 10:49:42.881,1.01621,1.01641,1.00,1.00
2014.06.17 10:49:43.067,1.01623,1.01647,1.00,1.15
2014.06.17 10:49:44.832,1.01624,1.01646,1.00,1.15
2014.06.17 10:49:45.036,1.01624,1.01646,1.00,1.10
2014.06.17 10:49:48.997,1.01628,1.01649,1.00,1.65
2014.06.17 10:49:52.267,1.01628,1.01649,1.00,4.20
2014.06.17 10:49:52.424,1.01619,1.01641,1.15,1.00
2014.06.17 10:49:54.057,1.01623,1.01644,1.00,1.58
2014.06.17 10:49:55.968,1.01624,1.01646,1.10,1.15
2014.06.17 10:49:56.170,1.01629,1.01648,1.00,1.65
2014.06.17 10:49:56.368,1.01623,1.01647,1.18,1.15
2014.06.17 10:49:57.468,1.01623,1.01643,1.10,1.58
2014.06.17 10:50:00.650,1.01623,1.01637,1.00,1.50
2014.06.17 10:50:00.751,1.01623,1.0164,1.00,1.50
2014.06.17 10:50:00.852,1.01618,1.0164,1.78,1.50
2014.06.17 10:50:00.902,1.01623,1.0164,1.00,1.50
2014.06.17 10:50:01.003,1.01623,1.01646,1.00,1.15
2014.06.17 10:50:03.885,1.01624,1.01644,1.00,1.65
2014.06.17 10:50:05.830,1.01623,1.01644,1.00,2.78
2014.06.17 10:50:06.032,1.01623,1.01647,1.08,1.28
2014.06.17 10:50:06.132,1.01624,1.01646,1.28,1.00
2014.06.17 10:50:06.450,1.01628,1.01649,1.10,1.13
2014.06.17 10:50:06.652,1.01629,1.01651,1.15,1.13
2014.06.17 10:50:06.955,1.01633,1.01657,1.00,2.03
2014.06.17 10:50:07.005,1.01633,1.01657,1.00,2.03
2014.06.17 10:50:07.106,1.01633,1.01657,1.18,1.95
2014.06.17 10:50:10.260,1.01634,1.01656,1.08,1.28
2014.06.17 10:50:10.495,1.01629,1.01651,1.15,1.00
2014.06.17 10:50:11.584,1.01628,1.01652,1.15,1.00
2014.06.17 10:50:20.393,1.01629,1.01651,1.15,1.00
2014.06.17 10:50:24.089,1.01628,1.01652,1.15,1.00
2014.06.17 10:50:25.944,1.01628,1.01652,1.18,1.08
2014.06.17 10:50:26.168,1.01628,1.01652,1.18,1.15
2014.06.17 10:50:28.030,1.01628,1.01652,1.18,1.08
2014.06.17 10:50:28.595,1.01628,1.01652,1.15,1.00
2014.06.17 10:50:30.068,1.01628,1.01652,1.15,1.08
2014.06.17 10:50:32.838,1.01629,1.01651,1.70,1.10
2014.06.17 10:50:32.889,1.01629,1.01651,1.75,1.00
2014.06.17 10:50:33.242,1.01628,1.01652,1.55,1.00
2014.06.17 10:50:33.343,1.01634,1.01656,1.00,3.53
2014.06.17 10:50:33.595,1.01631,1.01652,1.65,1.13
2014.06.17 10:50:34.088,1.01628,1.01652,1.18,1.10
2014.06.17 10:50:34.365,1.01625,1.01647,2.03,1.00
2014.06.17 10:50:34.915,1.01624,1.01646,1.53,1.00
2014.06.17 10:50:35.506,1.01624,1.01646,1.28,1.00
2014.06.17 10:50:35.640,1.01624,1.01646,1.13,1.15
2014.06.17 10:50:38.532,1.01624,1.01646,1.00,1.15
2014.06.17 10:50:38.783,1.01624,1.01646,1.00,1.15
2014.06.17 10:50:39.160,1.01622,1.01642,1.58,1.00
2014.06.17 10:50:40.108,1.01622,1.01642,1.50,1.08
2014.06.17 10:50:40.163,1.01619,1.01641,1.20,1.10
2014.06.17 10:50:40.213,1.01619,1.01641,1.00,1.15
2014.06.17 10:50:40.589,1.01616,1.01636,2.03,1.00
2014.06.17 10:50:41.139,1.01618,1.01642,1.18,1.10
2014.06.17 10:50:41.359,1.01616,1.01636,2.03,1.00
2014.06.17 10:50:42.569,1.01619,1.01641,1.10,1.00
2014.06.17 10:50:43.668,1.01618,1.01642,1.18,1.10
2014.06.17 10:50:44.221,1.01618,1.01642,1.00,1.18
2014.06.17 10:50:46.167,1.01616,1.01637,2.03,1.00
2014.06.17 10:50:50.646,1.01622,1.01641,2.25,1.10
2014.06.17 10:50:50.797,1.01619,1.01641,4.95,1.00
2014.06.17 10:50:50.898,1.01624,1.01641,2.33,1.00
2014.06.17 10:50:50.999,1.01622,1.01641,2.33,1.00
2014.06.17 10:50:51.100,1.0162,1.01641,2.33,1.00
2014.06.17 10:50:51.403,1.01623,1.01646,1.18,1.50
2014.06.17 10:50:55.501,1.01624,1.01646,1.08,1.00
2014.06.17 10:50:57.538,1.01625,1.01646,2.33,1.00
2014.06.17 10:50:57.689,1.01629,1.01652,1.65,1.00
2014.06.17 10:50:57.740,1.01629,1.01652,3.83,1.00
2014.06.17 10:50:58.339,1.01634,1.01656,1.10,1.95
2014.06.17 10:50:58.392,1.01634,1.01656,1.08,1.88
2014.06.17 10:51:00.429,1.01632,1.01651,2.70,1.00
2014.06.17 10:51:00.580,1.0163,1.01651,1.65,1.00
2014.06.17 10:51:03.907,1.0163,1.01652,1.65,1.00
2014.06.17 10:51:06.479,1.0163,1.01651,1.65,1.00
2014.06.17 10:51:07.089,1.0163,1.01652,1.65,1.00
2014.06.17 10:51:10.443,1.0163,1.01652,1.65,1.00
2014.06.17 10:51:11.052,1.0163,1.01651,1.65,1.00
2014.06.17 10:51:39.825,1.0163,1.01651,1.65,1.00
2014.06.17 10:51:42.195,1.01635,1.01657,1.65,1.00
2014.06.17 10:51:42.397,1.01633,1.01654,1.15,1.50
2014.06.17 10:51:42.706,1.01629,1.01651,3.08,1.00
2014.06.17 10:51:43.081,1.01629,1.01651,1.15,1.00
2014.06.17 10:51:50.361,1.01634,1.01657,1.50,1.90
2014.06.17 10:51:50.412,1.01634,1.01657,1.58,1.20
2014.06.17 10:51:50.462,1.01634,1.01657,1.65,1.13
2014.06.17 10:51:50.664,1.01634,1.01652,1.65,1.00
2014.06.17 10:51:50.917,1.0163,1.01652,2.33,1.00
2014.06.17 10:51:54.872,1.01634,1.01657,1.58,1.08
2014.06.17 10:51:54.923,1.01634,1.01657,1.58,1.00
2014.06.17 10:52:00.560,1.01634,1.01656,2.40,1.00
2014.06.17 10:52:00.818,1.01634,1.01656,1.08,1.20
2014.06.17 10:52:00.918,1.0163,1.01651,3.83,1.00
2014.06.17 10:52:03.418,1.01634,1.01656,1.08,1.10
2014.06.17 10:52:03.970,1.01634,1.01656,2.40,1.00
2014.06.17 10:52:04.737,1.01634,1.01656,1.10,1.20
2014.06.17 10:52:04.788,1.01634,1.01656,1.00,1.20
2014.06.17 10:52:11.750,1.01634,1.01656,2.33,1.08
2014.06.17 10:52:11.800,1.01634,1.01656,2.40,1.00
2014.06.17 10:52:12.591,1.01633,1.01657,1.15,1.00
2014.06.17 10:52:14.857,1.01635,1.01656,1.65,1.00
2014.06.17 10:52:15.847,1.01635,1.01657,1.65,1.00
2014.06.17 10:52:17.065,1.01635,1.01656,1.65,1.00
2014.06.17 10:52:22.913,1.01631,1.01652,4.50,1.00
2014.06.17 10:52:23.133,1.01634,1.01656,1.15,1.00
2014.06.17 10:52:23.701,1.01635,1.01657,1.65,1.00
2014.06.17 10:52:24.225,1.01635,1.01656,1.65,1.00
2014.06.17 10:52:24.666,1.01631,1.01651,4.50,1.00
2014.06.17 10:52:24.767,1.01629,1.01651,4.58,1.00
2014.06.17 10:52:24.868,1.01634,1.01656,1.10,1.10
2014.06.17 10:52:25.651,1.01634,1.01656,1.10,1.48
2014.06.17 10:52:26.867,1.01634,1.01656,1.10,1.10
2014.06.17 10:52:26.918,1.01634,1.01656,1.15,1.00
2014.06.17 10:52:32.906,1.01639,1.01661,1.00,1.48
2014.06.17 10:52:35.553,1.01635,1.01657,1.65,1.00
2014.06.17 10:52:35.705,1.01639,1.01661,1.00,1.20
2014.06.17 10:52:35.806,1.01639,1.01661,1.15,1.00
2014.06.17 10:52:36.009,1.01639,1.01661,1.10,1.18
2014.06.17 10:52:36.311,1.01639,1.01661,1.78,1.00
2014.06.17 10:52:36.463,1.01643,1.01667,1.00,1.15
2014.06.17 10:52:36.664,1.01643,1.01667,1.15,1.20
2014.06.17 10:52:38.077,1.01643,1.01661,1.65,1.00
2014.06.17 10:52:38.851,1.01643,1.01657,1.50,1.00
2014.06.17 10:52:38.952,1.01636,1.01657,1.15,1.00
2014.06.17 10:52:39.104,1.01635,1.01656,1.18,1.00
2014.06.17 10:52:39.695,1.01634,1.01656,1.15,1.00
2014.06.17 10:52:39.997,1.01642,1.01661,1.65,1.00
2014.06.17 10:52:40.258,1.01644,1.01666,3.08,1.00
2014.06.17 10:52:47.561,1.01645,1.01666,4.88,1.00
2014.06.17 10:52:47.662,1.01649,1.01671,1.15,1.00
2014.06.17 10:52:47.763,1.01649,1.01671,1.15,1.00
2014.06.17 10:52:48.015,1.01649,1.01672,1.58,1.10
2014.06.17 10:52:48.351,1.01649,1.01672,1.65,1.00
2014.06.17 10:52:51.364,1.01649,1.01672,1.65,1.00
2014.06.17 10:52:53.624,1.01649,1.01672,1.65,1.00
2014.06.17 10:52:59.328,1.01649,1.01671,2.40,1.00
2014.06.17 10:53:09.560,1.01649,1.01672,1.65,1.00
2014.06.17 10:53:09.760,1.01649,1.01672,1.65,1.00
2014.06.17 10:53:10.211,1.01649,1.01671,4.58,1.00
2014.06.17 10:53:12.904,1.01649,1.01671,2.40,1.00
2014.06.17 10:53:13.408,1.01649,1.01671,2.40,1.00
2014.06.17 10:53:14.170,1.01649,1.01666,1.65,1.00
2014.06.17 10:53:25.166,1.01649,1.01667,2.25,1.00
2014.06.17 10:53:33.923,1.01649,1.01667,2.25,1.00
2014.06.17 10:53:34.617,1.01649,1.01667,2.25,1.00
2014.06.17 10:53:42.436,1.01649,1.01666,2.25,1.00
2014.06.17 10:53:54.778,1.01649,1.01666,1.65,1.00
2014.06.17 10:54:05.140,1.01647,1.01661,2.93,1.00
2014.06.17 10:54:05.190,1.01644,1.01661,4.50,1.00
2014.06.17 10:54:05.291,1.0164,1.01661,3.08,1.00
2014.06.17 10:54:05.400,1.01639,1.01661,1.65,1.00
2014.06.17 10:54:05.451,1.01639,1.01656,1.15,1.00
2014.06.17 10:54:05.502,1.01634,1.01656,6.00,1.00
2014.06.17 10:54:05.604,1.01634,1.01656,1.75,1.00
2014.06.17 10:54:05.705,1.01638,1.01656,1.65,1.00
2014.06.17 10:54:06.294,1.01639,1.01661,1.20,1.00
2014.06.17 10:54:07.166,1.01638,1.01657,1.65,1.00
2014.06.17 10:54:07.670,1.01633,1.01657,3.45,1.00
2014.06.17 10:54:12.675,1.01638,1.01662,1.18,2.33
2014.06.17 10:54:12.885,1.01636,1.01656,1.65,1.00
2014.06.17 10:54:13.353,1.01637,1.01656,2.33,1.00
2014.06.17 10:54:13.404,1.01641,1.01662,2.25,1.00
2014.06.17 10:54:13.455,1.01641,1.01662,2.25,1.00
2014.06.17 10:54:13.763,1.01637,1.01657,2.70,1.00
2014.06.17 10:54:14.215,1.01637,1.01651,2.33,1.00
2014.06.17 10:54:14.530,1.01634,1.01651,2.33,1.00
2014.06.17 10:54:16.953,1.01631,1.01651,2.70,1.00
2014.06.17 10:54:18.458,1.01629,1.01651,1.15,1.00
2014.06.17 10:54:34.405,1.01629,1.01651,4.95,1.00
2014.06.17 10:54:39.796,1.0163,1.01652,2.03,1.00
2014.06.17 10:54:40.099,1.01633,1.01652,2.70,1.00
2014.06.17 10:54:40.150,1.01634,1.01656,1.53,1.00
2014.06.17 10:54:44.236,1.01634,1.01656,1.08,1.10
2014.06.17 10:54:44.387,1.01632,1.01652,2.03,1.00
2014.06.17 10:54:46.145,1.0163,1.01651,2.33,1.00
2014.06.17 10:54:46.702,1.0163,1.01652,2.33,1.00
2014.06.17 10:54:49.114,1.0163,1.01647,2.33,1.00
2014.06.17 10:54:49.934,1.01631,1.01647,2.70,1.00
2014.06.17 10:54:50.297,1.01631,1.01652,4.88,1.00
2014.06.17 10:54:51.319,1.01631,1.01651,4.88,1.00
2014.06.17 10:55:10.559,1.01634,1.01656,1.15,1.00
2014.06.17 10:55:31.329,1.01634,1.01656,3.08,1.00
2014.06.17 10:55:41.815,1.01634,1.01652,2.33,1.00
2014.06.17 10:55:41.980,1.01632,1.01652,2.70,1.00
2014.06.17 10:55:45.120,1.01632,1.01651,2.33,1.00
2014.06.17 10:55:45.319,1.01633,1.01657,1.15,1.00
2014.06.17 10:55:45.544,1.01632,1.01652,2.33,1.00
2014.06.17 10:55:50.855,1.01634,1.01656,1.15,1.00
2014.06.17 10:55:51.846,1.01632,1.01652,2.33,1.00
2014.06.17 10:56:23.765,1.0163,1.01652,2.70,1.00
2014.06.17 10:56:25.578,1.0163,1.01646,2.70,1.00
2014.06.17 10:56:27.600,1.0163,1.01651,2.70,1.00
2014.06.17 10:56:30.088,1.01634,1.01656,1.18,2.25
2014.06.17 10:56:30.240,1.01634,1.01656,1.18,1.00
2014.06.17 10:56:34.377,1.01633,1.01652,2.70,1.00
2014.06.17 10:56:38.338,1.01633,1.01657,3.45,1.00
2014.06.17 10:56:50.890,1.01633,1.01657,2.78,1.00
2014.06.17 10:56:53.369,1.01633,1.01657,2.78,1.10
2014.06.17 10:57:03.672,1.0163,1.01651,2.70,1.00
2014.06.17 10:57:04.407,1.0163,1.01647,2.70,1.00
2014.06.17 10:57:06.419,1.0163,1.01651,2.70,1.00
2014.06.17 10:57:06.933,1.0163,1.01647,2.33,1.00
2014.06.17 10:57:08.398,1.0163,1.01652,3.83,1.00
2014.06.17 10:57:08.599,1.0163,1.01647,2.33,1.00
2014.06.17 10:57:09.865,1.01627,1.01647,2.70,1.00
2014.06.17 10:57:11.058,1.01624,1.01647,3.30,1.00
2014.06.17 10:57:11.161,1.01622,1.01642,2.70,1.00
2014.06.17 10:57:11.413,1.01619,1.01641,2.78,1.00
2014.06.17 10:57:11.928,1.01618,1.01642,4.95,1.00
2014.06.17 10:57:19.618,1.01623,1.01646,1.10,1.65
2014.06.17 10:57:23.877,1.01618,1.01642,3.45,1.00
2014.06.17 10:57:29.266,1.01619,1.01641,1.15,1.00
2014.06.17 10:57:31.865,1.01619,1.01641,1.15,1.00
2014.06.17 10:57:48.627,1.01617,1.01636,2.70,1.00
2014.06.17 10:57:51.811,1.01616,1.01636,4.88,1.00
2014.06.17 10:57:57.766,1.01614,1.01636,1.50,1.00
2014.06.17 10:57:57.867,1.01614,1.01636,1.50,1.00
2014.06.17 10:57:57.917,1.01613,1.01632,1.65,1.00
2014.06.17 10:57:58.018,1.01611,1.01632,2.03,1.00
2014.06.17 10:57:59.626,1.01614,1.01636,1.00,1.20
2014.06.17 10:58:06.121,1.01608,1.01632,2.78,1.00
2014.06.17 10:58:07.111,1.01613,1.01637,1.00,2.40
2014.06.17 10:58:09.230,1.01613,1.01637,1.00,2.40
2014.06.17 10:58:11.106,1.01609,1.01631,1.28,1.00
2014.06.17 10:58:12.607,1.01606,1.01627,4.88,1.00
2014.06.17 10:58:33.835,1.01609,1.01631,1.15,2.25
2014.06.17 10:58:55.630,1.01608,1.01632,1.15,2.25
2014.06.17 10:58:56.147,1.01608,1.01632,1.15,2.25
2014.06.17 10:58:57.815,1.01609,1.01631,1.15,1.00
2014.06.17 10:59:00.596,1.01608,1.01632,1.15,2.25
2014.06.17 10:59:17.014,1.01608,1.01632,1.15,1.00
2014.06.17 10:59:17.639,1.01608,1.01632,1.10,1.15
2014.06.17 10:59:18.022,1.01608,1.01632,1.15,1.18
2014.06.17 10:59:34.999,1.01605,1.01627,2.70,1.00
2014.06.17 10:59:35.106,1.01609,1.01631,1.18,1.10
2014.06.17 10:59:39.559,1.01609,1.01631,1.10,1.80
2014.06.17 10:59:39.711,1.01603,1.01627,1.15,1.00
2014.06.17 10:59:40.227,1.01604,1.01626,1.15,1.00
2014.06.17 10:59:41.581,1.01609,1.01629,1.00,1.65
2014.06.17 10:59:45.905,1.01603,1.01627,1.15,1.08
2014.06.17 10:59:46.231,1.01608,1.01626,1.00,1.58
2014.06.17 10:59:46.715,1.01609,1.01629,1.00,1.58
2014.06.17 10:59:48.090,1.01608,1.01629,1.00,1.58
2014.06.17 10:59:48.292,1.01608,1.01629,1.08,1.50
2014.06.17 10:59:49.935,1.01608,1.01632,1.15,2.40
2014.06.17 10:59:50.204,1.01613,1.01633,1.00,1.65
2014.06.17 10:59:52.135,1.01613,1.01629,1.00,1.58
2014.06.17 10:59:52.185,1.01608,1.01629,1.00,1.58
2014.06.17 10:59:52.741,1.01608,1.0163,1.10,1.65
2014.06.17 10:59:52.792,1.01608,1.01632,1.15,1.10
2014.06.17 10:59:57.775,1.01608,1.0163,1.15,2.10
2014.06.17 10:59:57.926,1.01608,1.0163,1.00,3.75
2014.06.17 10:59:57.977,1.01603,1.01627,1.18,1.10
2014.06.17 10:59:58.027,1.01603,1.01625,1.18,1.50
2014.06.17 10:59:58.094,1.01603,1.01627,1.18,1.10
2014.06.17 10:59:58.624,1.01604,1.01626,1.10,2.25
2014.06.17 10:59:59.000,1.01604,1.01624,1.00,1.50
