2014.10.27 11:00:05.120,0.98884,0.98906,1.10,1.15
2014.10.27 11:00:05.483,0.98884,0.98906,1.17,1.00
2014.10.27 11:00:08.045,0.98884,0.98906,1.10,1.27
2014.10.27 11:00:11.306,0.98879,0.98904,1.20,2.25
2014.10.27 11:00:11.357,0.98879,0.98904,1.00,2.32
2014.10.27 11:00:12.229,0.98879,0.98901,1.00,1.15
2014.10.27 11:00:12.380,0.98873,0.98897,1.65,1.00
2014.10.27 11:00:12.839,0.98879,0.989,1.00,1.65
2014.10.27 11:00:12.943,0.98879,0.98901,1.07,1.07
2014.10.27 11:00:13.094,0.98879,0.98901,1.10,1.07
2014.10.27 11:00:14.200,0.98878,0.98905,1.45,2.32
2014.10.27 11:00:14.301,0.98879,0.98906,1.52,1.15
2014.10.27 11:00:14.351,0.98879,0.98906,1.52,1.65
2014.10.27 11:00:14.502,0.98878,0.98905,1.52,1.65
2014.10.27 11:00:15.064,0.98876,0.98901,3.07,1.00
2014.10.27 11:00:16.103,0.98876,0.98901,3.07,1.00
2014.10.27 11:00:16.624,0.98878,0.98905,1.52,1.65
2014.10.27 11:00:17.344,0.98875,0.98902,3.07,1.07
2014.10.27 11:00:17.445,0.98873,0.98902,6.75,1.15
2014.10.27 11:00:18.929,0.98873,0.989,3.45,1.57
2014.10.27 11:00:18.979,0.98873,0.989,1.27,1.65
2014.10.27 11:00:19.231,0.98873,0.989,1.27,1.65
2014.10.27 11:00:20.463,0.98874,0.98901,1.20,1.27
2014.10.27 11:00:20.514,0.98874,0.98901,1.27,1.27
2014.10.27 11:00:20.564,0.98874,0.98901,1.27,1.27
2014.10.27 11:00:20.615,0.98874,0.98901,1.27,1.27
2014.10.27 11:00:21.205,0.98874,0.98901,1.55,1.15
2014.10.27 11:00:21.256,0.98874,0.98901,1.55,1.17
2014.10.27 11:00:21.307,0.98874,0.98901,1.52,1.20
2014.10.27 11:00:21.554,0.98876,0.98901,2.70,1.10
2014.10.27 11:00:22.753,0.98877,0.98902,1.65,1.10
2014.10.27 11:00:23.056,0.98879,0.98902,1.65,1.00
2014.10.27 11:00:23.510,0.98879,0.98901,2.40,1.00
2014.10.27 11:00:24.024,0.98879,0.98901,2.32,1.07
2014.10.27 11:00:25.840,0.98881,0.98901,1.50,1.07
2014.10.27 11:00:26.378,0.98881,0.98901,1.57,1.00
2014.10.27 11:00:29.252,0.98879,0.98901,1.00,1.20
2014.10.27 11:00:30.088,0.98878,0.98902,1.20,1.15
2014.10.27 11:00:30.138,0.98881,0.98902,1.50,1.15
2014.10.27 11:00:31.389,0.98881,0.98902,1.65,1.00
2014.10.27 11:00:31.899,0.98881,0.98901,1.50,1.00
2014.10.27 11:00:32.000,0.98881,0.98901,1.65,1.00
2014.10.27 11:00:32.101,0.98884,0.98906,1.00,1.15
2014.10.27 11:00:32.604,0.98883,0.98907,2.25,1.15
2014.10.27 11:00:36.682,0.98883,0.98907,2.25,1.27
2014.10.27 11:00:37.186,0.98883,0.98907,1.00,1.52
2014.10.27 11:00:37.287,0.98883,0.98905,1.00,2.62
2014.10.27 11:00:37.831,0.98879,0.98901,1.10,1.07
2014.10.27 11:00:38.869,0.98876,0.98897,2.02,1.00
2014.10.27 11:00:39.070,0.98879,0.98901,1.10,1.07
2014.10.27 11:00:39.811,0.98876,0.98896,1.65,1.00
2014.10.27 11:00:42.157,0.98874,0.98897,4.20,1.00
2014.10.27 11:00:46.568,0.98878,0.98901,1.07,1.95
2014.10.27 11:00:46.926,0.98874,0.98896,1.15,1.00
2014.10.27 11:00:49.187,0.98874,0.98896,1.52,1.00
2014.10.27 11:00:49.528,0.98874,0.98896,3.45,1.00
2014.10.27 11:00:50.042,0.98874,0.98897,2.70,1.00
2014.10.27 11:00:50.551,0.98874,0.98896,3.45,1.00
2014.10.27 11:00:50.714,0.98874,0.98896,1.10,1.17
2014.10.27 11:00:56.947,0.98874,0.98896,1.17,1.07
2014.10.27 11:00:57.450,0.9887,0.98896,2.25,1.55
2014.10.27 11:00:57.501,0.98869,0.98895,1.00,2.70
2014.10.27 11:00:57.602,0.98866,0.98891,1.07,1.15
2014.10.27 11:00:58.328,0.98864,0.98891,4.95,1.15
2014.10.27 11:00:58.832,0.98865,0.98893,2.02,2.32
2014.10.27 11:00:59.368,0.98864,0.98893,1.52,2.32
2014.10.27 11:01:00.129,0.98868,0.98892,1.00,1.15
2014.10.27 11:01:01.651,0.98869,0.98891,1.00,1.15
2014.10.27 11:01:01.858,0.98863,0.98893,1.52,4.20
2014.10.27 11:01:02.313,0.98869,0.98893,1.60,2.70
2014.10.27 11:01:02.465,0.9887,0.98897,2.25,2.70
2014.10.27 11:01:02.671,0.9887,0.98896,1.65,1.52
2014.10.27 11:01:02.973,0.98865,0.98891,4.05,1.10
2014.10.27 11:01:04.680,0.98864,0.98892,1.12,1.27
2014.10.27 11:01:04.983,0.98869,0.98896,2.77,3.45
2014.10.27 11:01:05.357,0.98869,0.98896,1.15,1.27
2014.10.27 11:01:05.677,0.98869,0.98896,1.15,2.77
2014.10.27 11:01:05.982,0.98868,0.98895,1.07,2.70
2014.10.27 11:01:06.485,0.98869,0.98897,1.15,4.20
2014.10.27 11:01:07.978,0.98869,0.98894,1.00,4.20
2014.10.27 11:01:08.717,0.98868,0.98894,1.10,2.70
2014.10.27 11:01:08.768,0.98868,0.98896,1.15,2.02
2014.10.27 11:01:12.468,0.98868,0.98895,1.07,4.20
2014.10.27 11:01:12.872,0.98864,0.98891,1.52,1.15
2014.10.27 11:01:14.014,0.98865,0.98895,2.70,2.02
2014.10.27 11:01:14.115,0.98864,0.98895,3.37,6.37
2014.10.27 11:01:17.723,0.98865,0.98895,4.87,2.02
2014.10.27 11:01:20.216,0.98869,0.98898,2.77,4.50
2014.10.27 11:01:20.519,0.98881,0.9891,2.02,1.15
2014.10.27 11:01:20.721,0.98878,0.98905,2.70,1.57
2014.10.27 11:01:20.771,0.98875,0.98905,4.87,1.65
2014.10.27 11:01:20.822,0.98875,0.98905,2.70,1.65
2014.10.27 11:01:20.873,0.98873,0.98905,6.00,1.65
2014.10.27 11:01:22.017,0.98874,0.98905,1.90,1.65
2014.10.27 11:01:22.168,0.98878,0.98908,1.52,6.37
2014.10.27 11:01:22.452,0.98875,0.98904,1.52,2.02
2014.10.27 11:01:22.778,0.98874,0.98903,1.52,1.65
2014.10.27 11:01:22.828,0.98874,0.98903,1.27,1.65
2014.10.27 11:01:25.338,0.98871,0.98901,1.52,1.15
2014.10.27 11:01:25.868,0.98869,0.98901,6.37,2.77
2014.10.27 11:01:26.276,0.98869,0.98898,2.02,1.65
2014.10.27 11:01:26.528,0.98864,0.98892,2.02,2.02
2014.10.27 11:01:26.578,0.98864,0.98891,2.02,2.70
2014.10.27 11:01:27.146,0.98864,0.98892,1.55,4.20
2014.10.27 11:01:27.700,0.98864,0.98893,1.52,2.70
2014.10.27 11:01:28.027,0.98864,0.98894,1.52,4.20
2014.10.27 11:01:29.958,0.98863,0.98894,3.82,2.32
2014.10.27 11:01:30.109,0.98867,0.98896,2.70,1.27
2014.10.27 11:01:30.260,0.98865,0.98895,3.45,4.20
2014.10.27 11:01:31.001,0.98864,0.98895,3.45,4.20
2014.10.27 11:01:31.575,0.98867,0.98895,2.70,2.02
2014.10.27 11:01:32.110,0.98867,0.98896,2.32,1.52
2014.10.27 11:01:32.211,0.98865,0.98891,1.15,1.65
2014.10.27 11:01:32.473,0.98865,0.98895,2.70,4.20
2014.10.27 11:01:32.975,0.98865,0.98895,2.70,2.02
2014.10.27 11:01:33.287,0.98864,0.98894,1.52,2.70
2014.10.27 11:01:35.089,0.98864,0.98891,1.52,1.65
2014.10.27 11:01:35.190,0.98864,0.98893,1.17,4.20
2014.10.27 11:01:35.493,0.98859,0.9889,7.12,2.32
2014.10.27 11:01:35.796,0.98863,0.9889,1.27,2.02
2014.10.27 11:01:36.098,0.98864,0.9889,1.20,1.95
2014.10.27 11:01:36.149,0.98864,0.9889,1.27,1.87
2014.10.27 11:01:36.716,0.98864,0.9889,1.27,1.95
2014.10.27 11:01:36.767,0.98864,0.9889,1.27,2.02
2014.10.27 11:01:38.127,0.98861,0.98886,2.70,1.50
2014.10.27 11:01:38.481,0.98858,0.98886,3.45,1.65
2014.10.27 11:01:42.596,0.98858,0.98886,1.15,2.70
2014.10.27 11:01:42.647,0.98855,0.9888,4.95,1.50
2014.10.27 11:01:43.151,0.98855,0.98886,2.70,2.70
2014.10.27 11:01:43.201,0.98857,0.98887,2.70,4.95
2014.10.27 11:01:43.352,0.98855,0.98886,4.57,2.70
2014.10.27 11:01:43.646,0.98864,0.98886,1.00,2.70
2014.10.27 11:01:43.747,0.98864,0.98888,1.00,3.82
2014.10.27 11:01:43.949,0.98863,0.98888,1.17,1.65
2014.10.27 11:01:44.566,0.98863,0.98888,1.10,3.82
2014.10.27 11:01:44.768,0.98858,0.98886,1.17,2.70
2014.10.27 11:01:45.848,0.98864,0.98886,1.00,4.20
2014.10.27 11:01:45.899,0.98864,0.98886,1.00,1.65
2014.10.27 11:01:46.151,0.98859,0.98886,1.87,1.15
2014.10.27 11:01:46.368,0.98859,0.98886,1.87,1.17
2014.10.27 11:01:46.906,0.98863,0.98888,1.10,2.02
2014.10.27 11:01:47.698,0.98858,0.98885,2.32,1.87
2014.10.27 11:01:47.849,0.98856,0.98885,2.70,2.02
2014.10.27 11:01:47.899,0.98855,0.98885,2.70,4.20
2014.10.27 11:01:48.419,0.98852,0.98881,2.32,1.82
2014.10.27 11:01:48.470,0.98849,0.98878,5.25,2.02
2014.10.27 11:01:48.520,0.98849,0.98878,3.45,4.20
2014.10.27 11:01:48.571,0.98849,0.98878,1.27,6.37
2014.10.27 11:01:48.806,0.98849,0.98874,1.17,1.65
2014.10.27 11:01:48.907,0.98848,0.98874,1.20,1.65
2014.10.27 11:01:49.110,0.98848,0.98873,1.10,2.32
2014.10.27 11:01:49.614,0.98843,0.98873,1.27,4.20
2014.10.27 11:01:49.866,0.98843,0.98868,1.15,1.65
2014.10.27 11:01:50.118,0.98844,0.98868,2.32,1.57
2014.10.27 11:01:50.624,0.98843,0.98864,3.00,2.25
2014.10.27 11:01:50.675,0.9884,0.98861,1.00,1.65
2014.10.27 11:01:50.776,0.98835,0.98862,1.15,1.12
2014.10.27 11:01:50.826,0.98833,0.98862,3.45,2.70
2014.10.27 11:01:50.877,0.98834,0.98862,1.17,2.70
2014.10.27 11:01:50.978,0.98834,0.98864,1.15,2.70
2014.10.27 11:01:51.180,0.98838,0.98866,1.00,6.37
2014.10.27 11:01:51.281,0.98838,0.98862,1.00,3.82
2014.10.27 11:01:51.483,0.98839,0.98864,4.50,1.50
2014.10.27 11:01:51.584,0.98838,0.98864,1.00,6.00
2014.10.27 11:01:52.093,0.98834,0.98863,1.15,2.32
2014.10.27 11:01:52.365,0.98834,0.98863,4.57,2.25
2014.10.27 11:01:52.416,0.98836,0.98865,2.32,1.65
2014.10.27 11:01:52.621,0.98834,0.98864,1.15,2.32
2014.10.27 11:01:52.939,0.98834,0.98862,1.15,3.82
2014.10.27 11:01:53.245,0.98834,0.9886,1.10,2.32
2014.10.27 11:01:53.548,0.98833,0.98863,4.20,1.65
2014.10.27 11:01:56.037,0.98834,0.98861,1.15,1.90
2014.10.27 11:01:56.189,0.98831,0.98853,1.17,1.05
2014.10.27 11:01:56.290,0.98829,0.98855,1.10,2.70
2014.10.27 11:01:56.492,0.98828,0.98857,1.15,2.32
2014.10.27 11:01:56.592,0.98828,0.98857,5.25,2.02
2014.10.27 11:01:56.693,0.98834,0.98857,1.15,1.57
2014.10.27 11:01:56.794,0.98834,0.98859,1.10,2.02
2014.10.27 11:01:56.996,0.98831,0.98858,2.32,1.95
2014.10.27 11:01:57.298,0.98827,0.98858,2.32,4.20
2014.10.27 11:01:57.600,0.98825,0.98852,1.07,2.32
2014.10.27 11:01:58.104,0.98824,0.98846,1.17,1.50
2014.10.27 11:01:58.675,0.98824,0.9885,1.17,2.02
2014.10.27 11:01:59.181,0.98824,0.9885,1.15,1.65
2014.10.27 11:01:59.231,0.98824,0.9885,1.15,1.65
2014.10.27 11:01:59.332,0.98825,0.9885,2.32,1.50
2014.10.27 11:02:00.119,0.98823,0.9885,1.17,1.65
2014.10.27 11:02:01.542,0.98823,0.98845,1.17,1.50
2014.10.27 11:02:01.844,0.98809,0.9884,1.15,4.42
2014.10.27 11:02:01.945,0.9881,0.98841,2.70,2.32
2014.10.27 11:02:02.147,0.98811,0.9884,2.32,1.65
2014.10.27 11:02:02.633,0.98813,0.98839,2.70,1.00
2014.10.27 11:02:02.834,0.98819,0.98846,2.32,1.50
2014.10.27 11:02:03.365,0.98819,0.98849,3.07,1.15
2014.10.27 11:02:04.757,0.98819,0.98849,3.07,2.02
2014.10.27 11:02:04.858,0.98818,0.98832,2.32,1.37
2014.10.27 11:02:04.909,0.98817,0.98832,1.17,1.37
2014.10.27 11:02:05.060,0.98812,0.98825,3.00,1.50
2014.10.27 11:02:05.111,0.98814,0.98825,1.00,1.50
2014.10.27 11:02:05.212,0.98814,0.9883,1.00,1.65
2014.10.27 11:02:05.313,0.98813,0.98829,1.00,1.57
2014.10.27 11:02:05.363,0.98813,0.98829,1.00,1.57
2014.10.27 11:02:05.414,0.98808,0.98829,1.00,1.65
2014.10.27 11:02:05.616,0.98808,0.98834,1.10,3.82
2014.10.27 11:02:05.666,0.98808,0.98834,1.07,1.65
2014.10.27 11:02:06.071,0.98808,0.98834,1.17,1.65
2014.10.27 11:02:06.172,0.98809,0.98838,2.32,2.40
2014.10.27 11:02:06.575,0.98818,0.98839,2.25,1.57
2014.10.27 11:02:06.626,0.98819,0.98843,1.15,1.50
2014.10.27 11:02:06.827,0.98819,0.9885,3.45,4.20
2014.10.27 11:02:06.878,0.98821,0.9885,2.70,2.02
2014.10.27 11:02:07.670,0.98819,0.9885,3.45,4.20
2014.10.27 11:02:07.720,0.98819,0.9885,1.52,6.37
2014.10.27 11:02:07.771,0.98819,0.98847,1.15,2.70
2014.10.27 11:02:07.872,0.98818,0.98846,1.17,2.70
2014.10.27 11:02:07.973,0.98818,0.98842,1.10,2.02
2014.10.27 11:02:08.325,0.98814,0.98841,1.17,1.15
2014.10.27 11:02:08.376,0.98814,0.9884,1.17,1.65
2014.10.27 11:02:08.946,0.9881,0.98838,3.07,2.02
2014.10.27 11:02:08.999,0.98809,0.98838,1.27,2.02
2014.10.27 11:02:09.652,0.98808,0.98837,4.12,2.32
2014.10.27 11:02:09.703,0.98808,0.98835,1.45,2.32
2014.10.27 11:02:09.922,0.98808,0.98832,1.07,2.02
2014.10.27 11:02:10.224,0.98809,0.98829,1.00,2.32
2014.10.27 11:02:10.376,0.98803,0.98829,1.20,2.32
2014.10.27 11:02:11.331,0.98803,0.98829,1.47,2.32
2014.10.27 11:02:11.725,0.98803,0.98833,1.52,4.20
2014.10.27 11:02:12.507,0.98803,0.98833,1.52,4.20
2014.10.27 11:02:12.740,0.98803,0.98833,3.45,2.70
2014.10.27 11:02:12.791,0.98806,0.98836,2.02,4.87
2014.10.27 11:02:14.748,0.98809,0.98833,1.00,2.02
2014.10.27 11:02:14.849,0.98809,0.9883,1.00,2.70
2014.10.27 11:02:14.899,0.98803,0.98829,1.57,2.32
2014.10.27 11:02:15.202,0.98804,0.9883,1.57,2.32
2014.10.27 11:02:15.303,0.98804,0.98833,2.32,4.87
2014.10.27 11:02:17.516,0.98804,0.98835,3.07,4.87
2014.10.27 11:02:19.701,0.98803,0.98831,3.07,1.65
2014.10.27 11:02:19.752,0.98803,0.98831,1.15,1.65
2014.10.27 11:02:20.318,0.98804,0.98833,2.70,1.65
2014.10.27 11:02:20.620,0.98804,0.98832,1.15,2.02
2014.10.27 11:02:20.671,0.98804,0.98832,1.15,2.02
2014.10.27 11:02:20.722,0.98803,0.98829,1.17,2.02
2014.10.27 11:02:20.772,0.98803,0.98829,1.20,2.02
2014.10.27 11:02:21.024,0.98799,0.98828,1.15,2.70
2014.10.27 11:02:21.075,0.98799,0.98828,1.17,2.70
2014.10.27 11:02:21.579,0.98804,0.98828,1.00,2.70
2014.10.27 11:02:22.084,0.98803,0.98829,1.10,2.32
2014.10.27 11:02:22.900,0.98804,0.98827,1.00,2.02
2014.10.27 11:02:23.003,0.98804,0.98827,1.00,2.02
2014.10.27 11:02:23.610,0.98804,0.9883,1.17,2.02
2014.10.27 11:02:24.170,0.98803,0.98829,1.15,1.65
2014.10.27 11:02:24.271,0.98803,0.98832,3.07,2.77
2014.10.27 11:02:24.322,0.98804,0.98831,3.07,1.55
2014.10.27 11:02:26.581,0.98804,0.98831,3.07,1.55
2014.10.27 11:02:26.682,0.98804,0.98831,3.07,1.52
2014.10.27 11:02:26.733,0.98804,0.9883,1.15,2.02
2014.10.27 11:02:26.934,0.98799,0.9883,3.07,2.02
2014.10.27 11:02:27.700,0.98799,0.98828,2.32,2.02
2014.10.27 11:02:28.207,0.98799,0.98829,1.15,2.70
2014.10.27 11:02:28.358,0.988,0.98832,1.65,2.02
2014.10.27 11:02:28.874,0.98801,0.98832,2.32,2.02
2014.10.27 11:02:29.889,0.98801,0.98832,4.87,2.02
2014.10.27 11:02:35.233,0.98804,0.98832,2.32,1.95
2014.10.27 11:02:36.876,0.98802,0.98832,2.70,2.02
2014.10.27 11:02:37.386,0.98802,0.98829,2.70,1.50
2014.10.27 11:02:37.518,0.98802,0.98829,2.70,1.57
2014.10.27 11:02:37.940,0.98799,0.98829,3.07,1.65
2014.10.27 11:02:38.643,0.98799,0.98829,3.07,1.65
2014.10.27 11:02:38.744,0.98803,0.98831,2.70,1.65
2014.10.27 11:02:38.946,0.98807,0.98835,2.02,1.15
2014.10.27 11:02:40.154,0.98808,0.98836,2.70,1.27
2014.10.27 11:02:43.686,0.98811,0.98839,2.40,2.32
2014.10.27 11:02:43.788,0.98813,0.98841,5.25,1.20
2014.10.27 11:02:43.888,0.98816,0.98842,2.70,1.00
2014.10.27 11:02:44.377,0.98816,0.98842,1.65,1.27
2014.10.27 11:02:46.235,0.98817,0.98842,1.65,1.20
2014.10.27 11:02:47.924,0.98817,0.98842,1.65,1.37
2014.10.27 11:02:47.975,0.98814,0.98841,2.40,1.57
2014.10.27 11:02:48.126,0.98814,0.98837,1.65,1.00
2014.10.27 11:02:48.478,0.98815,0.98841,3.82,1.20
2014.10.27 11:02:48.982,0.98816,0.98841,4.50,1.00
2014.10.27 11:02:49.712,0.98815,0.98841,4.20,1.10
2014.10.27 11:02:50.959,0.98821,0.98846,1.57,2.70
2014.10.27 11:02:51.010,0.98821,0.98847,1.65,2.02
2014.10.27 11:02:51.573,0.98821,0.98847,1.57,2.70
2014.10.27 11:02:51.624,0.98819,0.98846,2.77,2.70
2014.10.27 11:02:53.080,0.98819,0.98846,2.77,2.70
2014.10.27 11:02:53.181,0.98819,0.98849,2.77,4.87
2014.10.27 11:02:53.384,0.98824,0.98849,2.25,4.87
2014.10.27 11:02:53.922,0.98824,0.9885,1.10,2.70
2014.10.27 11:02:54.243,0.98825,0.98852,1.65,3.45
2014.10.27 11:02:57.758,0.98825,0.98855,1.65,3.07
2014.10.27 11:02:57.808,0.98825,0.98855,1.65,3.07
2014.10.27 11:02:58.250,0.98827,0.98856,2.02,2.02
2014.10.27 11:02:58.502,0.98828,0.98856,4.20,1.55
2014.10.27 11:02:59.034,0.98829,0.98856,2.70,1.55
2014.10.27 11:03:00.308,0.98832,0.98857,4.20,1.07
2014.10.27 11:03:00.358,0.98832,0.98857,6.37,1.00
2014.10.27 11:03:00.409,0.98835,0.98861,1.65,1.45
2014.10.27 11:03:00.664,0.98838,0.98856,1.50,1.00
2014.10.27 11:03:00.715,0.98835,0.98856,1.65,1.00
2014.10.27 11:03:00.976,0.98833,0.98851,1.57,1.00
2014.10.27 11:03:01.027,0.98833,0.98851,1.57,1.00
2014.10.27 11:03:01.513,0.98835,0.98851,1.50,1.00
2014.10.27 11:03:02.263,0.98835,0.98851,1.57,1.00
2014.10.27 11:03:02.414,0.98836,0.98856,1.57,1.00
2014.10.27 11:03:06.812,0.98836,0.98856,2.47,1.00
2014.10.27 11:03:07.114,0.98841,0.98856,1.50,1.00
2014.10.27 11:03:07.223,0.98838,0.98861,1.50,1.37
2014.10.27 11:03:07.752,0.98838,0.98861,1.50,1.12
2014.10.27 11:03:12.182,0.98837,0.98857,1.50,1.00
2014.10.27 11:03:12.824,0.98837,0.98861,1.50,1.00
2014.10.27 11:03:15.833,0.98836,0.98861,1.50,1.12
2014.10.27 11:03:19.524,0.98837,0.98861,1.50,1.00
2014.10.27 11:03:20.767,0.98834,0.98861,2.62,1.00
2014.10.27 11:03:21.386,0.98834,0.98861,2.62,1.00
2014.10.27 11:03:21.949,0.98834,0.98861,2.62,1.12
2014.10.27 11:03:25.529,0.98834,0.98861,2.62,1.12
2014.10.27 11:03:29.771,0.98834,0.98861,1.37,1.37
2014.10.27 11:03:30.073,0.98833,0.98856,1.87,1.00
2014.10.27 11:03:33.006,0.98835,0.98856,1.87,1.00
2014.10.27 11:03:33.551,0.98835,0.98857,1.87,1.00
2014.10.27 11:03:34.273,0.98833,0.98862,2.77,1.12
2014.10.27 11:03:34.994,0.98833,0.98862,2.77,1.37
2014.10.27 11:03:35.198,0.98833,0.98856,2.02,1.00
2014.10.27 11:03:36.224,0.98833,0.98856,2.02,1.00
2014.10.27 11:03:36.748,0.98833,0.98856,2.02,1.00
2014.10.27 11:03:37.843,0.98833,0.98856,2.02,1.00
2014.10.27 11:03:39.004,0.98833,0.98856,2.02,1.00
2014.10.27 11:03:39.594,0.98835,0.98862,1.87,1.00
2014.10.27 11:03:39.846,0.98835,0.98866,1.87,2.02
2014.10.27 11:03:39.896,0.98839,0.98866,1.50,2.02
2014.10.27 11:03:40.426,0.98839,0.98867,1.87,1.55
2014.10.27 11:03:40.943,0.98839,0.98867,1.87,1.17
2014.10.27 11:03:44.621,0.98839,0.98867,1.87,1.55
2014.10.27 11:03:46.951,0.98839,0.98867,1.87,1.17
2014.10.27 11:03:49.200,0.98839,0.98867,1.87,1.27
2014.10.27 11:03:50.393,0.98839,0.98867,1.95,1.10
2014.10.27 11:03:55.668,0.98839,0.98869,2.02,1.95
2014.10.27 11:03:58.073,0.98839,0.98866,2.02,1.00
2014.10.27 11:03:58.584,0.98839,0.98866,2.02,1.00
2014.10.27 11:04:04.271,0.98839,0.98869,2.77,1.95
2014.10.27 11:04:07.354,0.98837,0.98861,2.77,1.00
2014.10.27 11:04:07.505,0.98834,0.98862,1.87,1.12
2014.10.27 11:04:07.606,0.98834,0.98862,1.20,1.12
2014.10.27 11:04:07.657,0.98832,0.98856,1.55,1.00
2014.10.27 11:04:08.192,0.98831,0.98856,1.37,1.00
2014.10.27 11:04:09.016,0.98831,0.98856,1.37,1.00
2014.10.27 11:04:10.453,0.98831,0.98856,1.37,1.00
2014.10.27 11:04:10.657,0.98829,0.98851,1.87,1.00
2014.10.27 11:04:11.937,0.98834,0.98856,1.00,1.00
2014.10.27 11:04:12.666,0.98834,0.98856,1.00,1.07
2014.10.27 11:04:13.421,0.98834,0.98856,1.00,1.15
2014.10.27 11:04:16.223,0.98828,0.98852,1.87,1.10
2014.10.27 11:04:16.993,0.98834,0.98856,1.00,1.15
2014.10.27 11:04:18.638,0.98834,0.98856,1.27,1.10
2014.10.27 11:04:20.923,0.98834,0.98861,1.17,1.15
2014.10.27 11:04:21.244,0.9884,0.98865,1.50,2.32
2014.10.27 11:04:21.344,0.98841,0.98866,1.57,1.15
2014.10.27 11:04:21.445,0.98841,0.98867,1.65,1.15
2014.10.27 11:04:30.102,0.9884,0.98861,1.65,1.00
2014.10.27 11:04:30.404,0.9884,0.98861,1.65,1.00
2014.10.27 11:04:30.966,0.9884,0.98862,1.65,1.00
2014.10.27 11:04:35.151,0.98843,0.98867,1.15,1.20
2014.10.27 11:04:35.202,0.98844,0.98867,2.32,1.00
2014.10.27 11:04:35.403,0.98844,0.98871,3.30,1.07
2014.10.27 11:04:35.806,0.98843,0.98872,2.62,1.15
2014.10.27 11:04:37.563,0.98841,0.98866,4.87,1.00
2014.10.27 11:04:39.231,0.98839,0.98866,2.70,1.17
2014.10.27 11:04:40.872,0.98839,0.98852,2.32,1.00
2014.10.27 11:04:40.923,0.98836,0.98851,1.00,1.00
2014.10.27 11:04:41.125,0.98829,0.98852,1.55,1.10
2014.10.27 11:04:41.226,0.98828,0.98852,3.45,1.00
2014.10.27 11:04:41.837,0.98829,0.98851,1.52,1.00
2014.10.27 11:04:44.141,0.98831,0.98851,4.20,1.00
2014.10.27 11:04:44.292,0.98831,0.98861,4.20,1.50
2014.10.27 11:04:45.146,0.98833,0.98861,2.70,1.50
2014.10.27 11:04:45.247,0.98833,0.98861,4.87,1.50
2014.10.27 11:04:46.357,0.98833,0.98861,2.32,1.50
2014.10.27 11:04:46.888,0.98832,0.98857,2.32,1.50
2014.10.27 11:04:47.160,0.98829,0.98857,2.70,1.65
2014.10.27 11:04:47.971,0.98829,0.98852,4.20,1.00
2014.10.27 11:04:48.223,0.98829,0.98856,2.70,1.17
2014.10.27 11:04:48.754,0.98828,0.98857,1.12,2.40
2014.10.27 11:04:49.064,0.98829,0.98857,2.70,2.40
2014.10.27 11:04:49.378,0.98828,0.98854,2.32,1.57
2014.10.27 11:04:49.478,0.98824,0.98847,2.02,1.00
2014.10.27 11:04:49.630,0.98828,0.98852,1.10,1.15
2014.10.27 11:04:50.522,0.98828,0.98852,1.47,1.15
2014.10.27 11:04:50.573,0.98828,0.98852,1.45,1.17
2014.10.27 11:04:50.623,0.98826,0.98856,2.70,1.15
2014.10.27 11:04:50.674,0.98828,0.98856,2.70,1.17
2014.10.27 11:04:50.725,0.98828,0.98856,2.70,1.10
2014.10.27 11:04:50.876,0.9883,0.98856,2.70,1.00
2014.10.27 11:04:53.893,0.9883,0.98857,2.70,1.10
2014.10.27 11:04:53.963,0.98829,0.98857,2.02,1.07
2014.10.27 11:04:59.302,0.98828,0.98856,2.32,2.02
2014.10.27 11:04:59.353,0.98825,0.98856,4.20,2.02
2014.10.27 11:04:59.403,0.98824,0.98852,3.45,1.80
2014.10.27 11:04:59.454,0.98822,0.98852,4.50,1.87
2014.10.27 11:04:59.505,0.98822,0.98841,2.25,1.50
2014.10.27 11:04:59.555,0.98822,0.98841,1.00,1.50
2014.10.27 11:04:59.606,0.98822,0.98848,1.00,4.42
2014.10.27 11:04:59.656,0.98819,0.98841,1.07,1.00
2014.10.27 11:04:59.959,0.98814,0.98842,1.20,6.00
2014.10.27 11:05:00.466,0.98814,0.98836,1.15,1.00
2014.10.27 11:05:00.691,0.98814,0.98842,1.15,1.65
2014.10.27 11:05:01.260,0.98814,0.98844,1.27,2.02
2014.10.27 11:05:01.569,0.98817,0.98844,2.62,2.02
2014.10.27 11:05:01.670,0.98821,0.98849,1.12,4.95
2014.10.27 11:05:01.771,0.98821,0.98849,1.45,2.02
2014.10.27 11:05:01.973,0.98819,0.98846,1.52,1.27
2014.10.27 11:05:02.076,0.98819,0.98846,1.52,1.27
2014.10.27 11:05:02.277,0.98819,0.98844,1.00,2.02
2014.10.27 11:05:02.881,0.98819,0.98844,1.17,2.02
2014.10.27 11:05:06.724,0.98819,0.98846,1.17,3.15
2014.10.27 11:05:06.774,0.98819,0.98843,1.10,2.02
2014.10.27 11:05:06.925,0.98813,0.98842,1.27,1.52
2014.10.27 11:05:07.329,0.9881,0.98841,3.82,4.20
2014.10.27 11:05:11.008,0.9881,0.98841,3.07,2.32
2014.10.27 11:05:11.109,0.98814,0.98845,3.45,4.80
2014.10.27 11:05:11.210,0.98815,0.98846,2.70,1.52
2014.10.27 11:05:11.664,0.98815,0.98845,2.70,2.02
2014.10.27 11:05:11.965,0.98813,0.98842,4.87,1.20
2014.10.27 11:05:12.015,0.98814,0.98842,2.70,1.20
2014.10.27 11:05:12.914,0.98818,0.98846,2.70,1.27
2014.10.27 11:05:15.398,0.98818,0.98846,2.32,1.55
2014.10.27 11:05:15.870,0.98818,0.98841,2.32,1.00
2014.10.27 11:05:16.021,0.98814,0.98841,3.07,1.37
2014.10.27 11:05:16.733,0.98814,0.98841,1.15,1.52
2014.10.27 11:05:17.453,0.98814,0.98841,1.15,1.52
2014.10.27 11:05:18.353,0.98813,0.98837,2.32,1.00
2014.10.27 11:05:19.525,0.98809,0.98837,4.87,1.20
2014.10.27 11:05:20.039,0.98809,0.98836,5.62,1.00
2014.10.27 11:05:20.543,0.98809,0.98837,4.87,1.27
2014.10.27 11:05:21.734,0.98814,0.98838,1.20,2.02
2014.10.27 11:05:22.036,0.98806,0.98835,2.70,2.02
2014.10.27 11:05:22.754,0.98808,0.98835,2.32,1.95
2014.10.27 11:05:22.855,0.98806,0.98835,2.70,2.02
2014.10.27 11:05:23.056,0.98805,0.98835,2.70,2.02
2014.10.27 11:05:23.671,0.98805,0.98832,2.32,1.55
2014.10.27 11:05:23.724,0.98803,0.98832,2.02,1.52
2014.10.27 11:05:24.038,0.98803,0.98832,1.27,3.45
2014.10.27 11:05:28.164,0.98801,0.98826,1.65,1.37
2014.10.27 11:05:28.365,0.98796,0.98826,1.52,6.97
2014.10.27 11:05:28.517,0.98794,0.98824,1.27,4.20
2014.10.27 11:05:29.020,0.98793,0.98823,1.52,2.70
2014.10.27 11:05:30.244,0.98794,0.98825,6.37,2.02
2014.10.27 11:05:33.979,0.98799,0.98823,1.10,2.32
2014.10.27 11:05:34.273,0.98799,0.98825,2.32,4.87
2014.10.27 11:05:34.374,0.98799,0.98826,2.70,1.27
2014.10.27 11:05:34.424,0.98799,0.98826,2.77,1.27
2014.10.27 11:05:34.668,0.98799,0.98826,1.52,1.27
2014.10.27 11:05:34.869,0.98795,0.98826,4.20,4.20
2014.10.27 11:05:34.920,0.98793,0.98824,3.45,2.02
2014.10.27 11:05:34.971,0.98793,0.98822,1.27,2.70
2014.10.27 11:05:35.122,0.98791,0.98819,1.65,2.32
2014.10.27 11:05:40.991,0.98788,0.98815,1.65,2.32
2014.10.27 11:05:41.042,0.98788,0.98815,1.65,2.32
2014.10.27 11:05:43.485,0.98784,0.98812,1.65,2.70
2014.10.27 11:05:43.536,0.98784,0.98812,1.57,2.70
2014.10.27 11:05:43.637,0.98784,0.98812,2.25,2.70
2014.10.27 11:05:43.939,0.98794,0.98816,1.00,3.07
2014.10.27 11:05:43.989,0.98794,0.98816,1.00,1.15
2014.10.27 11:05:44.664,0.98792,0.98817,1.57,1.52
2014.10.27 11:05:45.344,0.98791,0.98816,1.57,1.27
2014.10.27 11:05:45.703,0.98788,0.98817,1.65,6.00
2014.10.27 11:05:45.804,0.98788,0.98814,1.57,2.70
2014.10.27 11:05:49.137,0.98784,0.98813,2.40,2.70
2014.10.27 11:05:49.187,0.98784,0.98811,1.15,1.27
2014.10.27 11:05:53.565,0.98789,0.98812,1.10,2.32
2014.10.27 11:05:53.616,0.98789,0.98816,1.17,4.20
2014.10.27 11:05:53.978,0.98789,0.98819,1.27,4.95
2014.10.27 11:05:57.569,0.98788,0.98817,1.17,2.02
2014.10.27 11:05:57.620,0.98788,0.98816,1.17,2.70
2014.10.27 11:05:58.783,0.98788,0.98817,1.15,1.52
2014.10.27 11:06:00.375,0.98789,0.98816,1.15,2.77
2014.10.27 11:06:00.527,0.98789,0.98812,1.10,2.02
2014.10.27 11:06:00.628,0.98789,0.98808,1.10,1.50
2014.10.27 11:06:01.610,0.98789,0.98813,1.20,1.65
2014.10.27 11:06:06.830,0.98794,0.98817,1.00,6.97
2014.10.27 11:06:08.223,0.98788,0.98817,1.15,7.72
2014.10.27 11:06:08.434,0.98788,0.98817,1.15,5.55
2014.10.27 11:06:08.738,0.98789,0.98818,1.27,2.02
2014.10.27 11:06:08.789,0.98789,0.9882,1.27,3.52
2014.10.27 11:06:08.940,0.98791,0.9882,3.07,1.65
2014.10.27 11:06:09.091,0.98795,0.98824,2.70,1.65
2014.10.27 11:06:09.242,0.98798,0.98827,4.95,3.45
2014.10.27 11:06:09.293,0.98798,0.98827,4.95,1.27
2014.10.27 11:06:09.394,0.98799,0.98827,4.87,1.20
2014.10.27 11:06:17.121,0.98802,0.9883,2.70,2.02
2014.10.27 11:06:17.992,0.98805,0.98831,2.02,1.07
2014.10.27 11:06:18.042,0.98808,0.98831,2.02,1.10
2014.10.27 11:06:18.093,0.98808,0.98831,2.02,1.10
2014.10.27 11:06:18.363,0.98809,0.98836,1.15,1.52
2014.10.27 11:06:25.801,0.9881,0.98839,2.02,2.70
2014.10.27 11:06:25.901,0.9881,0.98841,2.02,2.02
2014.10.27 11:06:27.324,0.98812,0.98842,1.65,3.45
2014.10.27 11:06:27.375,0.98812,0.98842,2.02,1.52
2014.10.27 11:06:28.366,0.98811,0.98836,4.50,1.12
2014.10.27 11:06:28.467,0.98809,0.98836,2.40,1.27
2014.10.27 11:06:33.145,0.98809,0.98836,2.40,1.52
2014.10.27 11:06:33.297,0.98809,0.98836,1.17,3.45
2014.10.27 11:06:33.398,0.98805,0.98831,1.15,1.15
2014.10.27 11:06:34.436,0.98808,0.98834,1.17,2.25
2014.10.27 11:06:34.486,0.98808,0.98837,1.15,1.52
2014.10.27 11:06:35.483,0.98808,0.98836,1.15,2.70
2014.10.27 11:06:52.822,0.98809,0.98836,1.17,1.15
2014.10.27 11:06:52.873,0.9881,0.98836,1.65,1.17
2014.10.27 11:06:52.923,0.98811,0.98841,2.32,3.45
2014.10.27 11:06:53.462,0.98814,0.98842,1.17,2.70
2014.10.27 11:06:53.946,0.98814,0.98845,1.52,2.70
2014.10.27 11:06:57.965,0.98817,0.98848,2.70,2.70
2014.10.27 11:06:58.067,0.9882,0.9885,4.87,1.52
2014.10.27 11:07:00.185,0.98819,0.98846,3.45,1.07
2014.10.27 11:07:00.490,0.98817,0.98841,2.70,1.00
2014.10.27 11:07:03.051,0.98816,0.98841,2.70,1.00
2014.10.27 11:07:03.102,0.98816,0.98841,2.02,1.00
2014.10.27 11:07:03.675,0.98816,0.98846,2.02,1.52
2014.10.27 11:07:03.778,0.98816,0.98845,2.02,4.87
2014.10.27 11:07:04.080,0.98815,0.98846,2.70,3.82
2014.10.27 11:07:04.382,0.98814,0.98841,1.27,1.15
2014.10.27 11:07:04.893,0.98814,0.98841,1.27,1.15
2014.10.27 11:07:06.849,0.9882,0.98843,1.50,4.87
2014.10.27 11:07:06.899,0.9882,0.98846,1.57,3.45
2014.10.27 11:07:07.000,0.98819,0.98846,2.02,1.52
2014.10.27 11:07:07.101,0.98819,0.98846,1.65,1.52
2014.10.27 11:07:07.202,0.98815,0.98841,2.02,1.00
2014.10.27 11:07:07.303,0.98815,0.98842,2.02,1.27
2014.10.27 11:07:07.819,0.98815,0.98842,1.65,1.15
2014.10.27 11:07:08.666,0.98816,0.98846,1.57,4.87
2014.10.27 11:07:11.181,0.9882,0.98847,1.65,1.52
2014.10.27 11:07:18.796,0.98821,0.98847,1.57,2.70
2014.10.27 11:07:20.222,0.9882,0.9885,1.65,5.25
2014.10.27 11:07:20.727,0.9882,0.9885,2.02,4.87
2014.10.27 11:07:24.409,0.9882,0.9885,1.65,5.25
2014.10.27 11:07:24.994,0.9882,0.9885,1.65,5.25
2014.10.27 11:07:38.249,0.9882,0.98851,4.20,3.45
2014.10.27 11:07:40.470,0.98818,0.98849,1.27,6.37
2014.10.27 11:07:40.672,0.98814,0.98844,1.52,4.87
2014.10.27 11:07:41.058,0.98814,0.98845,1.52,2.02
2014.10.27 11:07:41.561,0.98816,0.98848,2.02,4.87
2014.10.27 11:07:46.542,0.98823,0.98846,1.00,1.65
2014.10.27 11:07:46.592,0.98823,0.98849,3.07,2.32
2014.10.27 11:07:46.794,0.98824,0.98853,4.87,1.15
2014.10.27 11:07:46.895,0.98824,0.98849,4.87,1.50
2014.10.27 11:07:46.996,0.98821,0.98849,2.70,2.02
2014.10.27 11:08:07.583,0.98819,0.98852,4.87,5.25
2014.10.27 11:08:11.456,0.98824,0.98852,1.17,2.70
2014.10.27 11:08:11.992,0.98823,0.98854,1.15,3.07
2014.10.27 11:08:12.513,0.98823,0.98854,1.27,3.07
2014.10.27 11:08:12.846,0.98828,0.98854,1.00,2.70
2014.10.27 11:08:14.618,0.98829,0.98854,1.00,2.70
2014.10.27 11:08:14.809,0.98823,0.98854,1.52,2.70
2014.10.27 11:08:15.144,0.98829,0.98853,1.00,2.02
2014.10.27 11:08:15.900,0.98829,0.98853,1.00,2.40
2014.10.27 11:08:15.951,0.98824,0.98853,1.15,2.40
2014.10.27 11:08:16.148,0.98829,0.98853,1.00,2.02
2014.10.27 11:08:16.595,0.98829,0.98852,1.00,2.70
2014.10.27 11:08:17.339,0.98824,0.98851,1.10,2.02
2014.10.27 11:08:17.739,0.98823,0.98848,1.00,2.02
2014.10.27 11:08:18.042,0.98819,0.98844,1.10,2.02
2014.10.27 11:08:18.452,0.98818,0.98842,1.15,1.50
2014.10.27 11:08:18.553,0.98818,0.98842,1.17,1.65
2014.10.27 11:08:18.859,0.98818,0.98842,1.00,2.02
2014.10.27 11:08:19.342,0.98815,0.98846,2.70,4.95
2014.10.27 11:08:19.443,0.98818,0.98848,1.52,2.70
2014.10.27 11:08:21.766,0.98819,0.9885,4.95,2.70
2014.10.27 11:08:22.126,0.98822,0.98851,2.70,2.02
2014.10.27 11:08:25.094,0.9882,0.98847,2.70,2.25
2014.10.27 11:08:25.145,0.98818,0.98847,1.52,2.32
2014.10.27 11:08:25.196,0.9882,0.98849,2.62,4.20
2014.10.27 11:08:25.246,0.9882,0.98849,2.70,2.02
2014.10.27 11:08:30.433,0.98819,0.98846,2.70,1.07
2014.10.27 11:08:30.980,0.98818,0.98846,2.70,1.15
2014.10.27 11:08:31.321,0.98815,0.98841,2.32,1.95
2014.10.27 11:08:31.371,0.98814,0.9884,1.15,2.02
2014.10.27 11:08:31.580,0.98811,0.9884,1.27,2.02
2014.10.27 11:08:36.552,0.98812,0.98842,4.20,3.45
2014.10.27 11:08:36.602,0.98812,0.98843,6.37,2.02
2014.10.27 11:08:37.547,0.98817,0.98845,2.02,2.32
2014.10.27 11:08:37.598,0.98819,0.98847,1.52,2.32
2014.10.27 11:08:37.648,0.98819,0.98846,1.27,1.15
2014.10.27 11:08:38.152,0.98818,0.98849,6.45,2.70
2014.10.27 11:08:41.681,0.98821,0.98851,2.70,3.45
2014.10.27 11:08:42.200,0.98821,0.98851,2.70,1.52
2014.10.27 11:08:43.266,0.98821,0.98851,2.70,1.15
2014.10.27 11:08:43.417,0.98826,0.98852,4.50,1.00
2014.10.27 11:08:43.468,0.98826,0.98856,5.62,3.52
2014.10.27 11:08:43.569,0.98826,0.98856,5.62,3.37
2014.10.27 11:08:43.872,0.98821,0.9885,2.32,2.02
2014.10.27 11:08:44.124,0.98819,0.9885,1.27,2.40
2014.10.27 11:08:44.610,0.98819,0.98847,1.15,2.02
2014.10.27 11:08:45.122,0.98816,0.98846,2.70,1.52
2014.10.27 11:08:46.330,0.98817,0.98846,3.45,1.17
2014.10.27 11:08:46.532,0.98819,0.9885,3.45,2.02
2014.10.27 11:08:46.847,0.98821,0.98853,4.87,2.02
2014.10.27 11:08:50.030,0.9882,0.98851,2.70,2.70
2014.10.27 11:08:53.460,0.98821,0.98852,2.70,1.52
2014.10.27 11:08:53.561,0.98824,0.98852,2.32,1.55
2014.10.27 11:08:53.662,0.98822,0.98853,2.70,2.70
2014.10.27 11:08:56.151,0.98822,0.9885,2.32,2.02
2014.10.27 11:08:56.252,0.9882,0.9885,1.27,2.02
2014.10.27 11:08:56.856,0.98821,0.98852,4.87,1.52
2014.10.27 11:08:57.205,0.98819,0.98851,2.02,4.87
2014.10.27 11:08:59.370,0.98821,0.98851,2.32,1.90
2014.10.27 11:08:59.471,0.98819,0.9885,2.70,3.07
2014.10.27 11:09:00.131,0.98819,0.98847,2.70,1.52
2014.10.27 11:09:00.182,0.98816,0.98847,4.87,1.52
2014.10.27 11:09:00.535,0.98818,0.98846,4.20,1.55
2014.10.27 11:09:01.069,0.98819,0.9885,2.70,2.70
2014.10.27 11:09:01.288,0.9882,0.98851,4.87,1.52
2014.10.27 11:09:02.582,0.98822,0.98854,4.87,2.02
2014.10.27 11:09:09.563,0.98825,0.98855,2.70,2.70
2014.10.27 11:09:10.083,0.98825,0.98856,2.70,3.45
2014.10.27 11:09:29.728,0.98824,0.98856,2.02,2.70
2014.10.27 11:09:40.274,0.98824,0.98854,1.52,2.70
2014.10.27 11:09:40.324,0.98824,0.98854,1.52,4.87
2014.10.27 11:09:44.191,0.98824,0.98854,1.52,4.87
2014.10.27 11:09:45.335,0.98824,0.98856,1.52,5.62
2014.10.27 11:09:51.149,0.98828,0.98856,2.02,4.50
2014.10.27 11:09:51.250,0.98828,0.98857,2.02,1.15
2014.10.27 11:09:51.351,0.98829,0.98857,2.70,1.17
2014.10.27 11:09:51.654,0.98829,0.98856,1.27,1.15
2014.10.27 11:09:51.957,0.98832,0.98857,2.02,1.17
2014.10.27 11:09:54.441,0.98833,0.98856,2.02,1.00
2014.10.27 11:09:55.629,0.98833,0.98862,2.02,1.52
2014.10.27 11:09:56.549,0.98834,0.98862,2.70,1.55
2014.10.27 11:10:00.469,0.98835,0.98856,2.02,1.00
2014.10.27 11:10:00.993,0.98835,0.98856,2.02,1.00
2014.10.27 11:10:02.380,0.98835,0.98857,2.02,1.00
2014.10.27 11:10:03.550,0.98835,0.98856,2.02,1.00
2014.10.27 11:10:07.647,0.98831,0.98857,6.00,1.37
2014.10.27 11:10:07.697,0.98831,0.98857,1.65,1.52
2014.10.27 11:10:07.798,0.98826,0.98856,2.77,2.70
2014.10.27 11:10:10.588,0.98825,0.98847,4.20,1.00
2014.10.27 11:10:11.147,0.98825,0.98846,4.20,1.00
2014.10.27 11:10:11.690,0.98825,0.98847,4.20,1.00
2014.10.27 11:10:14.146,0.98825,0.98846,2.70,1.00
2014.10.27 11:10:16.428,0.98825,0.98852,2.70,1.17
2014.10.27 11:10:38.917,0.98823,0.98855,4.95,4.20
2014.10.27 11:10:39.698,0.98822,0.98853,4.87,4.20
2014.10.27 11:10:49.642,0.98827,0.98855,1.57,4.87
2014.10.27 11:10:51.367,0.98828,0.98855,1.95,2.32
2014.10.27 11:10:51.468,0.9883,0.98859,2.02,3.45
2014.10.27 11:10:51.770,0.98836,0.98859,1.50,2.32
2014.10.27 11:10:51.820,0.98836,0.98861,1.50,2.70
2014.10.27 11:10:51.871,0.98836,0.98861,1.50,1.27
2014.10.27 11:10:53.124,0.98836,0.98861,1.57,1.27
2014.10.27 11:10:53.174,0.98839,0.98861,1.50,1.27
2014.10.27 11:10:53.683,0.98837,0.98861,2.02,1.10
2014.10.27 11:10:57.942,0.98837,0.98856,1.65,1.00
2014.10.27 11:11:03.282,0.98837,0.98856,1.65,1.00
2014.10.27 11:11:03.830,0.98836,0.98856,1.65,1.00
2014.10.27 11:11:03.981,0.9883,0.98857,1.15,1.55
2014.10.27 11:11:04.133,0.98827,0.98856,3.82,3.30
2014.10.27 11:11:04.183,0.98826,0.98852,1.65,1.15
2014.10.27 11:11:04.541,0.98826,0.98851,1.65,1.17
2014.10.27 11:11:04.860,0.98826,0.98846,1.65,1.00
2014.10.27 11:11:06.588,0.98824,0.98851,1.65,1.52
2014.10.27 11:11:07.107,0.98824,0.98847,2.02,1.00
2014.10.27 11:11:16.784,0.98828,0.98847,2.25,1.00
2014.10.27 11:11:16.835,0.98828,0.98856,2.70,1.55
2014.10.27 11:11:16.886,0.98827,0.98855,2.02,2.62
2014.10.27 11:11:17.037,0.98833,0.98857,2.02,1.10
2014.10.27 11:11:17.587,0.98833,0.98856,2.02,1.00
2014.10.27 11:11:18.606,0.98833,0.98857,2.02,1.10
2014.10.27 11:11:18.808,0.98833,0.98851,1.65,1.00
2014.10.27 11:11:19.367,0.98833,0.98857,1.65,1.10
2014.10.27 11:11:20.677,0.98833,0.98857,1.65,1.07
2014.10.27 11:11:20.780,0.98833,0.98857,1.57,1.15
2014.10.27 11:11:20.931,0.98829,0.98851,1.65,1.00
2014.10.27 11:11:21.082,0.98828,0.98851,1.65,1.10
2014.10.27 11:11:21.620,0.98826,0.98852,2.02,1.17
2014.10.27 11:11:26.002,0.98828,0.98857,1.65,5.62
2014.10.27 11:11:27.997,0.98828,0.98857,2.02,1.27
2014.10.27 11:11:28.097,0.98832,0.98856,1.95,1.10
2014.10.27 11:11:37.628,0.9884,0.98856,1.57,1.00
2014.10.27 11:11:37.729,0.9884,0.98861,1.57,1.00
2014.10.27 11:11:38.182,0.98844,0.98867,1.50,1.27
2014.10.27 11:11:38.283,0.98844,0.98867,1.50,1.27
2014.10.27 11:11:40.597,0.98844,0.98861,1.50,1.00
2014.10.27 11:11:40.698,0.98837,0.98861,1.52,1.00
2014.10.27 11:11:40.799,0.98836,0.98862,1.65,1.55
2014.10.27 11:11:40.850,0.98836,0.98862,1.65,1.52
2014.10.27 11:11:40.950,0.98836,0.98862,1.50,1.52
2014.10.27 11:11:41.668,0.98833,0.98862,1.27,1.52
2014.10.27 11:11:41.819,0.98834,0.9886,1.57,2.70
2014.10.27 11:11:42.413,0.98834,0.98856,1.65,1.00
2014.10.27 11:11:42.945,0.98834,0.98856,1.65,1.00
2014.10.27 11:11:45.860,0.98834,0.98861,1.65,1.52
2014.10.27 11:11:46.373,0.98834,0.98861,1.65,3.45
2014.10.27 11:11:47.829,0.98834,0.98859,1.57,2.70
2014.10.27 11:11:47.981,0.98829,0.98856,2.77,1.15
2014.10.27 11:11:48.182,0.98834,0.98858,1.50,2.70
2014.10.27 11:11:48.283,0.98834,0.98861,1.65,1.52
2014.10.27 11:11:48.434,0.98831,0.98861,4.20,1.52
2014.10.27 11:11:49.028,0.98834,0.98861,1.65,1.52
2014.10.27 11:11:49.556,0.98834,0.98861,1.65,1.52
2014.10.27 11:11:50.102,0.98834,0.98861,1.65,1.52
2014.10.27 11:11:50.644,0.98834,0.98861,1.65,1.52
2014.10.27 11:11:51.007,0.98833,0.98856,1.65,1.00
2014.10.27 11:11:51.526,0.98833,0.98857,1.65,1.20
2014.10.27 11:11:52.148,0.98834,0.98857,1.57,1.52
2014.10.27 11:11:52.487,0.98832,0.98856,1.57,1.52
2014.10.27 11:11:52.592,0.98832,0.98851,1.57,1.00
2014.10.27 11:11:52.894,0.98827,0.98851,1.65,1.52
2014.10.27 11:11:53.926,0.98825,0.98846,1.65,1.00
2014.10.27 11:11:54.462,0.98825,0.98847,1.65,1.00
2014.10.27 11:11:57.898,0.98827,0.98852,1.65,1.52
2014.10.27 11:11:58.418,0.98831,0.98855,1.50,2.70
2014.10.27 11:11:58.469,0.98831,0.98856,1.50,1.52
2014.10.27 11:11:58.771,0.98834,0.98856,1.50,1.52
2014.10.27 11:11:59.274,0.98835,0.98857,1.50,1.52
2014.10.27 11:11:59.917,0.98835,0.98856,1.50,1.20
2014.10.27 11:12:03.154,0.98836,0.98862,1.57,3.45
2014.10.27 11:12:23.708,0.98836,0.98861,1.65,1.52
2014.10.27 11:12:29.600,0.98836,0.98861,1.65,1.52
2014.10.27 11:12:30.767,0.98836,0.98861,1.65,1.52
2014.10.27 11:12:43.199,0.98836,0.98861,1.57,3.45
2014.10.27 11:12:43.739,0.98836,0.9886,1.50,2.70
2014.10.27 11:12:45.146,0.98838,0.9886,1.50,2.70
2014.10.27 11:12:45.297,0.98836,0.9886,1.50,2.70
2014.10.27 11:12:45.365,0.98839,0.9886,1.50,2.70
2014.10.27 11:12:47.265,0.98835,0.9886,1.50,2.70
2014.10.27 11:12:48.335,0.98839,0.9886,1.50,2.70
2014.10.27 11:12:50.142,0.98836,0.9886,1.50,2.70
2014.10.27 11:12:50.472,0.9884,0.9886,1.50,2.70
2014.10.27 11:12:52.186,0.98836,0.9886,1.50,2.70
2014.10.27 11:12:54.395,0.98833,0.98857,1.65,1.15
2014.10.27 11:12:55.485,0.98836,0.98857,1.50,1.15
2014.10.27 11:12:57.376,0.98838,0.9886,1.50,2.70
2014.10.27 11:12:57.902,0.98837,0.9886,1.50,2.70
2014.10.27 11:12:59.135,0.98833,0.9886,1.65,2.70
2014.10.27 11:12:59.236,0.98836,0.9886,1.50,2.70
2014.10.27 11:13:03.611,0.98836,0.98856,1.50,1.10
2014.10.27 11:13:05.355,0.98836,0.98861,1.50,1.52
2014.10.27 11:13:05.677,0.98838,0.98861,1.50,1.52
2014.10.27 11:13:06.181,0.98839,0.98861,1.50,1.52
2014.10.27 11:13:06.332,0.98839,0.98861,1.50,1.27
2014.10.27 11:13:06.704,0.98839,0.98861,1.50,1.57
2014.10.27 11:13:07.034,0.98839,0.98861,1.50,1.52
2014.10.27 11:13:12.349,0.98838,0.98861,1.50,1.52
2014.10.27 11:13:27.652,0.98838,0.98861,1.50,1.52
2014.10.27 11:13:29.595,0.98835,0.98861,1.65,1.52
2014.10.27 11:13:41.394,0.98836,0.98861,1.65,1.45
2014.10.27 11:13:45.430,0.98836,0.98861,1.57,1.52
2014.10.27 11:13:52.383,0.98836,0.98861,1.57,1.52
2014.10.27 11:13:52.902,0.98836,0.98861,1.57,1.52
2014.10.27 11:13:55.841,0.98836,0.98861,1.65,1.47
2014.10.27 11:14:03.045,0.98836,0.98861,1.65,1.47
2014.10.27 11:14:03.297,0.98833,0.98862,2.32,1.90
2014.10.27 11:14:03.348,0.9883,0.98857,3.07,1.45
2014.10.27 11:14:03.449,0.98827,0.98857,1.65,3.82
2014.10.27 11:14:03.550,0.98827,0.98856,1.65,4.87
2014.10.27 11:14:07.885,0.98826,0.98847,1.65,1.00
2014.10.27 11:14:11.364,0.98826,0.98846,1.65,1.00
2014.10.27 11:14:12.381,0.98825,0.98847,1.65,1.00
2014.10.27 11:14:12.903,0.98825,0.98841,1.65,1.00
2014.10.27 11:14:13.479,0.98823,0.98841,1.65,1.00
2014.10.27 11:14:13.831,0.98825,0.98841,1.50,1.00
2014.10.27 11:14:14.934,0.98827,0.98841,1.50,1.00
2014.10.27 11:14:15.136,0.98827,0.98847,1.50,1.17
2014.10.27 11:14:18.699,0.98825,0.98846,1.57,1.17
2014.10.27 11:14:19.132,0.98827,0.98846,1.50,1.15
2014.10.27 11:14:19.442,0.98827,0.98846,1.50,1.00
2014.10.27 11:14:21.184,0.98825,0.98846,1.50,1.00
2014.10.27 11:14:21.436,0.98826,0.98846,1.50,1.15
2014.10.27 11:14:21.662,0.98826,0.98847,1.50,1.17
2014.10.27 11:14:22.174,0.98823,0.98847,1.65,1.17
2014.10.27 11:14:22.465,0.98823,0.98847,1.50,1.15
2014.10.27 11:14:23.008,0.98824,0.98847,1.50,3.45
2014.10.27 11:14:23.332,0.98822,0.98845,1.50,2.32
2014.10.27 11:14:23.650,0.98825,0.98845,1.50,2.32
2014.10.27 11:14:23.751,0.98825,0.98848,1.50,2.70
2014.10.27 11:14:24.266,0.98825,0.98846,1.50,2.32
2014.10.27 11:14:25.718,0.98824,0.98846,1.50,2.32
2014.10.27 11:14:27.673,0.98822,0.98846,1.50,2.32
2014.10.27 11:14:30.253,0.98825,0.98846,1.50,1.17
2014.10.27 11:14:30.464,0.98824,0.98847,1.50,1.15
2014.10.27 11:14:31.015,0.98823,0.98848,1.50,2.70
2014.10.27 11:14:33.785,0.98823,0.98847,1.50,1.15
2014.10.27 11:14:33.835,0.98823,0.98841,1.50,1.00
2014.10.27 11:14:34.138,0.98821,0.98847,1.65,1.17
2014.10.27 11:14:43.643,0.98826,0.98847,1.50,1.17
2014.10.27 11:14:44.097,0.98825,0.98851,2.02,1.15
2014.10.27 11:14:44.198,0.98828,0.98851,1.50,1.15
2014.10.27 11:14:44.500,0.98828,0.98856,1.65,4.87
2014.10.27 11:14:46.447,0.98827,0.98855,1.95,2.70
2014.10.27 11:14:46.951,0.98824,0.98854,2.02,2.70
2014.10.27 11:14:47.867,0.98824,0.98852,2.02,2.32
2014.10.27 11:14:47.918,0.98824,0.98851,2.02,2.32
2014.10.27 11:14:58.281,0.9882,0.98846,2.02,1.07
2014.10.27 11:14:58.332,0.9882,0.98846,2.02,1.17
2014.10.27 11:15:02.655,0.98821,0.98846,2.02,1.20
2014.10.27 11:15:03.293,0.98821,0.98846,2.02,1.00
2014.10.27 11:15:03.801,0.98821,0.98847,2.02,1.00
2014.10.27 11:15:05.332,0.98821,0.98846,2.02,1.00
2014.10.27 11:15:15.183,0.9882,0.98846,4.20,1.07
2014.10.27 11:15:15.233,0.9882,0.98846,2.02,1.15
2014.10.27 11:15:23.299,0.9882,0.98846,2.02,1.15
2014.10.27 11:15:23.702,0.98822,0.98846,1.57,1.15
2014.10.27 11:15:25.161,0.98821,0.98846,2.02,1.07
2014.10.27 11:15:25.212,0.98823,0.98846,1.65,1.10
2014.10.27 11:15:28.113,0.98823,0.98851,2.02,2.70
2014.10.27 11:15:28.164,0.98823,0.98852,2.02,1.52
2014.10.27 11:15:30.554,0.98822,0.98851,2.02,2.70
2014.10.27 11:15:30.849,0.98821,0.98852,4.20,2.77
2014.10.27 11:15:31.000,0.98824,0.98852,2.02,5.62
2014.10.27 11:15:32.984,0.98824,0.98852,2.02,5.62
2014.10.27 11:15:34.965,0.98824,0.98851,2.02,1.15
2014.10.27 11:15:35.575,0.98824,0.98851,2.02,1.15
2014.10.27 11:15:40.095,0.98826,0.98854,2.02,2.32
2014.10.27 11:15:40.146,0.98826,0.98856,2.02,2.70
2014.10.27 11:15:40.197,0.98827,0.98857,2.02,4.20
2014.10.27 11:15:40.675,0.9883,0.98857,1.65,1.52
2014.10.27 11:15:41.209,0.98829,0.98857,2.02,1.52
2014.10.27 11:16:01.645,0.98833,0.98857,1.65,1.15
2014.10.27 11:16:05.402,0.98831,0.98858,1.95,2.32
2014.10.27 11:16:05.453,0.98831,0.98857,1.50,2.70
2014.10.27 11:16:05.503,0.98828,0.98855,1.37,2.70
2014.10.27 11:16:05.806,0.98826,0.98853,2.10,4.87
2014.10.27 11:16:06.274,0.98826,0.98853,1.50,4.87
2014.10.27 11:16:06.868,0.98826,0.98847,1.50,1.00
2014.10.27 11:16:07.135,0.9883,0.98853,1.50,2.70
2014.10.27 11:16:07.185,0.9883,0.98855,1.50,2.70
2014.10.27 11:16:07.286,0.9883,0.98856,1.65,1.52
2014.10.27 11:16:07.879,0.9883,0.98856,1.50,4.87
2014.10.27 11:16:08.398,0.9883,0.98857,2.02,1.52
2014.10.27 11:16:08.739,0.98831,0.98857,2.02,1.27
2014.10.27 11:16:11.407,0.98829,0.98857,4.20,3.45
2014.10.27 11:16:11.508,0.98829,0.98856,2.02,2.32
2014.10.27 11:16:11.659,0.98825,0.98846,4.95,1.00
2014.10.27 11:16:11.911,0.98823,0.98851,4.80,1.52
2014.10.27 11:16:17.409,0.98823,0.98851,2.32,1.52
2014.10.27 11:16:18.114,0.98824,0.98851,1.65,1.52
2014.10.27 11:16:29.173,0.98825,0.98854,4.80,2.70
2014.10.27 11:16:29.274,0.98829,0.98851,1.15,1.00
2014.10.27 11:16:29.477,0.98834,0.98856,1.00,1.52
2014.10.27 11:16:29.578,0.98829,0.98851,1.15,1.00
2014.10.27 11:16:29.730,0.9883,0.9886,1.65,5.25
2014.10.27 11:16:32.653,0.98834,0.9886,1.00,4.87
2014.10.27 11:16:33.268,0.98834,0.98862,1.15,2.70
2014.10.27 11:16:54.695,0.98834,0.98862,2.02,1.52
2014.10.27 11:16:55.184,0.98834,0.98861,1.15,3.37
2014.10.27 11:16:55.235,0.98834,0.98861,1.17,3.45
2014.10.27 11:17:02.239,0.98829,0.98859,1.52,4.20
2014.10.27 11:17:02.340,0.98829,0.98858,2.77,2.70
2014.10.27 11:17:17.173,0.98825,0.98855,2.02,2.70
2014.10.27 11:17:30.260,0.98823,0.98853,2.02,2.70
2014.10.27 11:17:30.819,0.98823,0.98853,2.02,2.70
2014.10.27 11:17:34.988,0.98822,0.98851,4.87,1.52
2014.10.27 11:17:43.300,0.98825,0.98851,2.70,1.00
2014.10.27 11:17:43.451,0.98825,0.98856,4.20,1.52
2014.10.27 11:17:43.603,0.98828,0.98856,2.70,1.52
2014.10.27 11:17:51.500,0.98833,0.98857,1.65,1.00
2014.10.27 11:17:52.332,0.98833,0.98856,1.65,1.00
2014.10.27 11:17:54.884,0.98834,0.98857,1.65,1.00
2014.10.27 11:17:55.402,0.98834,0.98861,2.77,1.52
2014.10.27 11:17:56.301,0.98834,0.9886,1.20,2.70
2014.10.27 11:17:56.622,0.98834,0.98861,1.15,1.52
2014.10.27 11:17:59.264,0.98833,0.98857,2.02,1.00
2014.10.27 11:18:11.130,0.98834,0.98861,2.77,1.15
2014.10.27 11:18:15.887,0.98834,0.98861,1.52,1.20
2014.10.27 11:18:17.144,0.98836,0.98861,2.70,1.10
2014.10.27 11:18:17.465,0.98838,0.98861,4.20,1.00
2014.10.27 11:18:17.617,0.98841,0.98866,1.65,1.17
2014.10.27 11:18:18.472,0.98837,0.98866,2.02,1.52
2014.10.27 11:18:18.573,0.98837,0.98865,1.65,2.70
2014.10.27 11:18:18.875,0.9884,0.98867,2.02,1.15
2014.10.27 11:18:19.591,0.98845,0.98867,1.50,1.15
2014.10.27 11:18:19.898,0.98845,0.98866,2.02,1.00
2014.10.27 11:18:21.385,0.98844,0.98867,4.20,1.00
2014.10.27 11:18:22.352,0.98844,0.98866,2.32,1.00
2014.10.27 11:18:22.402,0.9884,0.98866,3.52,1.17
2014.10.27 11:18:22.604,0.98839,0.98861,2.70,1.00
2014.10.27 11:18:22.705,0.98835,0.98861,2.70,1.00
2014.10.27 11:18:22.805,0.98839,0.98861,1.50,1.15
2014.10.27 11:18:23.107,0.98839,0.98861,2.02,1.00
2014.10.27 11:18:23.158,0.98842,0.98867,1.57,1.52
2014.10.27 11:18:23.209,0.98842,0.98867,1.65,1.52
2014.10.27 11:18:24.291,0.98838,0.98866,2.02,1.27
2014.10.27 11:18:24.593,0.98836,0.98861,2.02,1.10
2014.10.27 11:18:25.202,0.98841,0.98861,1.50,1.10
2014.10.27 11:18:25.354,0.9884,0.98866,2.02,1.15
2014.10.27 11:18:25.620,0.98842,0.98866,1.65,1.10
2014.10.27 11:18:28.888,0.98841,0.98867,2.02,1.27
2014.10.27 11:18:28.938,0.98841,0.98867,2.02,1.27
2014.10.27 11:18:32.232,0.98842,0.98867,1.50,5.62
2014.10.27 11:18:32.383,0.98839,0.98862,2.02,1.20
2014.10.27 11:18:32.696,0.98841,0.98867,1.50,2.70
2014.10.27 11:18:33.010,0.98841,0.9887,2.02,2.70
2014.10.27 11:18:34.710,0.98841,0.98868,1.57,2.70
2014.10.27 11:18:34.760,0.98841,0.98868,1.50,4.87
2014.10.27 11:18:34.861,0.98841,0.9887,1.65,2.70
2014.10.27 11:18:41.859,0.98841,0.98866,1.50,3.45
2014.10.27 11:18:42.289,0.98841,0.98862,1.50,1.15
2014.10.27 11:18:42.490,0.98842,0.98866,1.50,1.52
2014.10.27 11:18:43.380,0.9884,0.98867,1.65,3.45
2014.10.27 11:18:43.806,0.98838,0.98867,1.65,5.62
2014.10.27 11:18:43.856,0.98838,0.98864,1.50,4.87
2014.10.27 11:18:44.011,0.98837,0.98866,2.02,3.45
2014.10.27 11:18:44.525,0.98838,0.98865,1.50,4.87
2014.10.27 11:18:44.943,0.98838,0.98867,1.65,5.62
2014.10.27 11:18:45.711,0.98838,0.98861,1.95,1.07
2014.10.27 11:18:45.912,0.98839,0.98866,2.02,1.52
2014.10.27 11:18:45.963,0.98839,0.98866,2.02,1.55
2014.10.27 11:18:46.891,0.98838,0.98866,2.70,1.57
2014.10.27 11:18:50.237,0.98838,0.98866,2.70,1.55
2014.10.27 11:18:50.446,0.98839,0.98866,2.70,1.15
2014.10.27 11:18:52.841,0.98837,0.98866,4.87,1.45
2014.10.27 11:18:53.143,0.98835,0.98864,2.70,1.65
2014.10.27 11:18:53.751,0.98837,0.98865,2.32,2.02
2014.10.27 11:18:53.902,0.98834,0.98865,3.45,2.70
2014.10.27 11:18:54.262,0.98835,0.98865,4.87,2.02
2014.10.27 11:19:12.663,0.98835,0.98867,2.70,4.95
2014.10.27 11:19:12.714,0.98834,0.98865,4.95,2.70
2014.10.27 11:19:14.695,0.98836,0.98866,2.70,2.40
2014.10.27 11:19:14.796,0.98837,0.98866,2.70,1.65
2014.10.27 11:19:21.026,0.98839,0.98866,5.62,1.50
2014.10.27 11:19:21.679,0.98839,0.98868,4.87,2.02
2014.10.27 11:19:32.032,0.98839,0.98868,5.25,2.02
2014.10.27 11:19:32.183,0.98839,0.98869,1.15,6.75
2014.10.27 11:19:32.477,0.98841,0.98867,2.32,2.02
2014.10.27 11:19:32.583,0.98843,0.98871,2.32,2.02
2014.10.27 11:19:32.684,0.98842,0.98869,2.32,1.95
2014.10.27 11:19:32.785,0.98839,0.98869,3.45,2.02
2014.10.27 11:19:33.858,0.98837,0.98866,4.87,1.07
2014.10.27 11:19:37.356,0.98844,0.98866,1.00,1.15
2014.10.27 11:19:37.507,0.98844,0.98866,1.20,1.00
2014.10.27 11:19:38.194,0.98836,0.98866,5.62,1.27
2014.10.27 11:19:55.429,0.98839,0.98867,2.70,1.20
2014.10.27 11:19:56.600,0.98839,0.98866,2.70,1.00
2014.10.27 11:19:57.323,0.98838,0.98866,4.87,1.07
2014.10.27 11:19:57.798,0.98838,0.98861,2.70,1.00
2014.10.27 11:20:03.559,0.98835,0.98861,4.87,1.00
2014.10.27 11:20:12.190,0.98837,0.98861,2.70,1.00
2014.10.27 11:20:12.951,0.98836,0.98861,2.70,1.00
2014.10.27 11:20:14.785,0.98837,0.98861,2.70,1.00
2014.10.27 11:20:15.290,0.98838,0.98861,2.70,1.00
2014.10.27 11:20:22.895,0.98838,0.98862,2.70,1.00
2014.10.27 11:20:23.488,0.98838,0.98861,2.70,1.00
2014.10.27 11:20:24.353,0.98838,0.98866,2.70,2.77
2014.10.27 11:20:24.504,0.98834,0.98866,7.12,1.52
2014.10.27 11:20:27.867,0.98834,0.98866,7.12,1.52
2014.10.27 11:20:28.018,0.98834,0.98864,2.70,2.02
2014.10.27 11:20:28.364,0.98832,0.98863,2.70,2.70
2014.10.27 11:20:48.658,0.98832,0.98864,4.87,1.65
2014.10.27 11:21:02.121,0.98833,0.98864,2.70,1.65
2014.10.27 11:21:02.172,0.98834,0.98866,3.07,1.27
2014.10.27 11:21:02.699,0.98834,0.98866,3.82,1.15
2014.10.27 11:21:02.767,0.98834,0.98866,3.82,1.15
2014.10.27 11:21:02.868,0.98839,0.9887,2.02,2.70
2014.10.27 11:21:02.919,0.98839,0.9887,4.20,2.70
2014.10.27 11:21:02.969,0.98839,0.98871,4.87,2.77
2014.10.27 11:21:03.020,0.98839,0.9887,2.70,2.70
2014.10.27 11:21:03.070,0.98839,0.98869,1.52,2.70
2014.10.27 11:21:04.509,0.98839,0.98868,1.52,1.65
2014.10.27 11:21:04.610,0.9884,0.98868,2.70,1.65
2014.10.27 11:21:04.950,0.98839,0.98868,1.52,1.65
2014.10.27 11:21:08.413,0.9884,0.98868,2.70,1.65
2014.10.27 11:21:08.565,0.98839,0.9887,1.52,4.20
2014.10.27 11:21:12.073,0.9884,0.9887,2.70,2.02
2014.10.27 11:21:12.710,0.98838,0.98869,6.00,2.32
2014.10.27 11:21:13.618,0.98838,0.98869,3.45,2.70
2014.10.27 11:21:19.556,0.98838,0.98867,3.07,1.15
2014.10.27 11:21:19.707,0.98839,0.98867,5.25,1.20
2014.10.27 11:21:21.834,0.98839,0.9887,5.25,2.02
2014.10.27 11:21:21.885,0.98839,0.98861,5.25,1.00
2014.10.27 11:21:22.137,0.98833,0.98857,4.20,1.00
2014.10.27 11:21:24.519,0.98836,0.98857,2.62,1.00
2014.10.27 11:21:24.671,0.98839,0.98861,1.80,1.07
2014.10.27 11:21:24.722,0.98839,0.98861,1.87,1.00
2014.10.27 11:21:24.873,0.98839,0.98861,3.75,1.00
2014.10.27 11:21:25.427,0.98839,0.98862,3.67,1.00
2014.10.27 11:21:26.156,0.98839,0.98862,3.67,1.00
2014.10.27 11:21:26.386,0.98839,0.98862,1.12,1.10
2014.10.27 11:21:26.436,0.98839,0.98856,1.12,1.00
2014.10.27 11:21:27.169,0.98839,0.98866,1.82,2.32
2014.10.27 11:21:27.220,0.98839,0.98867,1.82,1.15
2014.10.27 11:21:28.666,0.98839,0.98866,1.87,1.15
2014.10.27 11:21:29.268,0.98839,0.98866,1.87,1.15
2014.10.27 11:21:31.901,0.98839,0.98861,1.12,1.00
2014.10.27 11:21:32.002,0.98839,0.98866,1.87,1.15
2014.10.27 11:21:37.900,0.98839,0.98866,1.87,1.15
2014.10.27 11:21:39.945,0.98839,0.98866,1.87,1.15
2014.10.27 11:21:40.491,0.98839,0.98866,1.87,1.15
2014.10.27 11:21:41.720,0.98839,0.98866,1.87,1.15
2014.10.27 11:21:41.922,0.98839,0.98861,1.12,1.00
2014.10.27 11:21:42.224,0.9883,0.98857,3.67,1.17
2014.10.27 11:21:42.577,0.98835,0.98865,1.65,2.32
2014.10.27 11:21:42.628,0.98835,0.98865,3.82,2.32
2014.10.27 11:21:42.679,0.98835,0.98867,6.00,1.15
2014.10.27 11:21:42.729,0.98837,0.98866,4.50,1.65
2014.10.27 11:21:43.032,0.98835,0.98861,3.82,1.00
2014.10.27 11:21:43.133,0.98836,0.98867,1.65,1.15
2014.10.27 11:21:43.234,0.98838,0.98867,2.32,1.15
2014.10.27 11:21:43.436,0.98839,0.98866,4.50,1.00
2014.10.27 11:21:43.939,0.98842,0.98867,2.32,1.00
2014.10.27 11:21:45.050,0.98844,0.98867,2.70,1.00
2014.10.27 11:21:45.101,0.98844,0.9887,2.70,1.57
2014.10.27 11:22:00.470,0.98842,0.98872,3.07,4.95
2014.10.27 11:22:01.003,0.98841,0.98866,3.07,1.00
2014.10.27 11:22:01.400,0.9884,0.98867,2.70,1.07
2014.10.27 11:22:01.451,0.98838,0.98867,3.45,1.27
2014.10.27 11:22:01.502,0.98837,0.98867,6.00,1.27
2014.10.27 11:22:01.804,0.98843,0.98872,1.45,4.20
2014.10.27 11:22:01.855,0.98844,0.98871,1.52,1.15
2014.10.27 11:22:02.479,0.98844,0.98869,1.07,2.70
2014.10.27 11:22:02.529,0.98844,0.98869,1.00,2.70
2014.10.27 11:22:03.033,0.98839,0.98866,1.52,1.17
2014.10.27 11:22:18.748,0.98838,0.98866,2.70,2.02
2014.10.27 11:22:18.849,0.98835,0.98866,3.07,4.20
2014.10.27 11:22:19.250,0.98836,0.98866,2.70,2.77
2014.10.27 11:22:26.848,0.98836,0.98867,3.07,1.15
2014.10.27 11:22:26.999,0.98837,0.98867,5.25,1.15
2014.10.27 11:22:28.242,0.98838,0.9887,1.90,6.37
2014.10.27 11:22:38.064,0.98838,0.9887,1.52,6.37
2014.10.27 11:22:39.704,0.98838,0.98868,1.52,4.87
2014.10.27 11:22:59.754,0.98836,0.98867,2.70,1.52
2014.10.27 11:23:03.450,0.98836,0.98866,2.02,1.27
2014.10.27 11:23:12.136,0.98838,0.98866,2.02,1.15
2014.10.27 11:23:12.438,0.9884,0.98867,2.70,1.17
2014.10.27 11:23:17.851,0.98842,0.98871,2.02,2.32
2014.10.27 11:23:18.002,0.98843,0.98874,2.70,3.45
2014.10.27 11:23:38.606,0.98843,0.98875,4.20,2.70
2014.10.27 11:23:39.264,0.98843,0.98876,6.37,5.62
2014.10.27 11:23:58.600,0.98844,0.98877,4.87,7.12
2014.10.27 11:23:59.119,0.98844,0.98871,4.87,1.00
2014.10.27 11:24:00.677,0.98846,0.98871,2.02,1.00
2014.10.27 11:24:01.133,0.98846,0.98871,4.57,1.00
2014.10.27 11:24:01.435,0.9885,0.98877,4.20,1.07
2014.10.27 11:24:02.056,0.9885,0.98871,2.70,1.00
2014.10.27 11:24:02.207,0.98847,0.98871,2.02,1.00
2014.10.27 11:24:22.712,0.98848,0.98871,4.20,1.00
2014.10.27 11:24:22.846,0.98849,0.98876,1.52,1.17
2014.10.27 11:24:28.422,0.98849,0.98876,1.52,1.17
2014.10.27 11:24:43.867,0.98849,0.98873,1.00,2.32
2014.10.27 11:24:43.917,0.98843,0.98872,2.77,1.15
2014.10.27 11:24:44.169,0.98845,0.98871,2.02,1.10
2014.10.27 11:24:44.538,0.98846,0.98871,2.70,1.00
2014.10.27 11:24:46.542,0.98845,0.98871,4.20,1.07
2014.10.27 11:24:46.593,0.98845,0.98871,2.02,1.15
2014.10.27 11:24:46.896,0.98845,0.98871,2.02,1.07
2014.10.27 11:24:47.397,0.98845,0.98871,4.57,1.00
2014.10.27 11:24:50.155,0.98849,0.98875,1.27,1.12
2014.10.27 11:24:58.302,0.98848,0.98877,1.52,1.52
2014.10.27 11:24:58.950,0.98847,0.98872,2.70,1.00
2014.10.27 11:24:59.661,0.98849,0.98876,1.27,1.52
2014.10.27 11:25:00.396,0.98849,0.98876,1.65,1.15
2014.10.27 11:25:00.497,0.98852,0.98876,2.02,1.17
2014.10.27 11:25:00.598,0.98852,0.98876,4.20,1.00
2014.10.27 11:25:00.648,0.98853,0.98882,1.52,1.52
2014.10.27 11:25:02.019,0.98856,0.98885,4.87,1.27
2014.10.27 11:25:02.321,0.98859,0.98887,2.70,2.77
2014.10.27 11:25:03.887,0.98857,0.98886,2.70,1.07
2014.10.27 11:25:04.198,0.98855,0.9888,2.70,1.50
2014.10.27 11:25:04.601,0.98857,0.98877,2.25,1.00
2014.10.27 11:25:04.702,0.98864,0.98886,1.00,1.27
2014.10.27 11:25:05.238,0.9886,0.98889,1.45,2.02
2014.10.27 11:25:06.767,0.98859,0.98889,2.32,2.40
2014.10.27 11:25:06.919,0.98863,0.98887,1.00,4.05
2014.10.27 11:25:07.221,0.9886,0.98885,1.50,2.70
2014.10.27 11:25:07.322,0.9886,0.98887,1.50,4.87
2014.10.27 11:25:07.372,0.98862,0.98887,1.50,4.87
2014.10.27 11:25:07.523,0.98862,0.98889,1.50,3.07
2014.10.27 11:25:10.222,0.98862,0.98891,1.65,2.70
2014.10.27 11:25:15.450,0.98859,0.98888,2.40,4.87
2014.10.27 11:25:15.500,0.98862,0.98888,1.50,4.50
2014.10.27 11:25:15.651,0.98862,0.9889,1.65,4.87
2014.10.27 11:25:22.243,0.9886,0.98887,1.65,2.70
2014.10.27 11:25:22.495,0.98859,0.98887,2.40,4.87
2014.10.27 11:25:22.999,0.9886,0.98887,1.50,4.87
2014.10.27 11:25:23.633,0.9886,0.98889,1.65,2.70
2014.10.27 11:25:25.106,0.98863,0.98889,1.50,2.70
2014.10.27 11:25:25.636,0.98863,0.9889,1.57,2.70
2014.10.27 11:25:26.397,0.98863,0.98885,1.57,2.32
2014.10.27 11:25:26.498,0.9886,0.98884,1.50,2.32
2014.10.27 11:25:26.598,0.98862,0.98884,1.50,2.32
2014.10.27 11:25:26.878,0.98862,0.98886,1.50,2.70
2014.10.27 11:25:27.372,0.98862,0.98889,1.50,2.70
2014.10.27 11:25:41.350,0.98862,0.98889,1.50,3.07
2014.10.27 11:25:41.451,0.98859,0.98886,1.50,3.07
2014.10.27 11:25:41.501,0.98859,0.98881,1.50,2.70
2014.10.27 11:25:41.803,0.98859,0.98881,1.00,1.15
2014.10.27 11:25:41.904,0.98863,0.98887,1.50,2.70
2014.10.27 11:25:52.514,0.98863,0.9889,1.50,2.70
2014.10.27 11:25:53.076,0.98868,0.9889,1.00,2.70
2014.10.27 11:25:53.745,0.98868,0.98891,1.00,2.70
2014.10.27 11:25:54.615,0.98866,0.98891,1.50,3.45
2014.10.27 11:25:55.190,0.98863,0.98891,1.65,3.45
2014.10.27 11:26:01.654,0.98863,0.98889,1.65,2.70
2014.10.27 11:26:24.109,0.98859,0.98881,1.10,1.45
2014.10.27 11:26:24.411,0.98861,0.98885,1.50,4.87
2014.10.27 11:26:24.723,0.98859,0.98882,1.50,2.70
2014.10.27 11:26:24.925,0.98858,0.98882,1.00,1.15
2014.10.27 11:26:25.135,0.98862,0.98884,1.50,4.50
2014.10.27 11:26:25.235,0.98862,0.98887,1.50,5.25
2014.10.27 11:26:27.644,0.9886,0.98887,1.50,4.87
2014.10.27 11:26:49.360,0.98861,0.98887,1.50,4.87
2014.10.27 11:26:49.461,0.98861,0.98889,1.65,2.70
2014.10.27 11:26:51.898,0.98861,0.98889,1.65,2.70
2014.10.27 11:26:51.953,0.98861,0.98892,1.65,6.37
2014.10.27 11:26:52.634,0.98864,0.98886,1.20,1.00
2014.10.27 11:26:52.835,0.98869,0.98891,1.00,1.52
2014.10.27 11:26:54.125,0.98865,0.98892,1.50,5.62
2014.10.27 11:26:54.722,0.98861,0.98892,2.02,6.00
2014.10.27 11:27:03.448,0.98861,0.9889,2.02,2.70
2014.10.27 11:27:03.499,0.98861,0.9889,2.02,4.87
2014.10.27 11:27:19.697,0.98861,0.98886,1.57,2.70
2014.10.27 11:27:20.245,0.98861,0.98886,1.50,3.45
2014.10.27 11:27:21.300,0.98861,0.98886,1.57,1.52
2014.10.27 11:27:44.652,0.98861,0.98886,1.57,1.52
2014.10.27 11:27:45.334,0.98861,0.98886,1.65,1.52
2014.10.27 11:27:57.040,0.98861,0.98886,1.57,1.52
2014.10.27 11:27:57.578,0.98861,0.98886,1.57,1.52
2014.10.27 11:28:00.929,0.98861,0.98886,1.57,1.52
2014.10.27 11:28:01.538,0.98861,0.98886,1.50,3.45
2014.10.27 11:28:01.901,0.98861,0.98886,1.65,1.52
2014.10.27 11:28:05.396,0.98861,0.98886,1.65,1.55
2014.10.27 11:28:05.915,0.98861,0.98886,1.65,1.47
2014.10.27 11:28:06.443,0.98863,0.98891,1.57,3.45
2014.10.27 11:28:07.450,0.98867,0.98891,1.50,3.45
2014.10.27 11:28:08.177,0.98862,0.98892,2.02,3.45
2014.10.27 11:28:09.363,0.98866,0.98886,1.57,1.00
2014.10.27 11:28:09.864,0.98866,0.98886,1.50,1.17
2014.10.27 11:28:10.163,0.98861,0.98887,2.02,1.27
2014.10.27 11:28:17.902,0.98866,0.98887,1.50,1.15
2014.10.27 11:28:18.205,0.98869,0.98891,1.00,1.17
2014.10.27 11:28:18.458,0.98872,0.98895,1.50,2.70
2014.10.27 11:28:18.508,0.98872,0.98896,1.50,1.52
2014.10.27 11:28:19.023,0.98872,0.98896,1.57,1.52
2014.10.27 11:28:30.622,0.98869,0.98891,1.15,1.00
2014.10.27 11:28:30.673,0.98869,0.98891,1.10,1.00
2014.10.27 11:28:30.773,0.98869,0.98891,1.15,1.00
2014.10.27 11:28:30.925,0.98872,0.98897,1.57,1.52
2014.10.27 11:28:31.026,0.98872,0.98897,1.65,1.55
2014.10.27 11:28:33.893,0.98872,0.98897,1.65,1.55
2014.10.27 11:28:34.482,0.98872,0.98897,1.65,1.55
2014.10.27 11:28:35.111,0.98872,0.98897,1.65,1.55
2014.10.27 11:28:38.107,0.98872,0.98896,1.65,1.20
2014.10.27 11:28:38.959,0.98872,0.98896,1.65,1.47
2014.10.27 11:28:49.659,0.98872,0.98896,2.02,1.10
2014.10.27 11:28:53.363,0.98872,0.989,1.57,2.32
2014.10.27 11:29:00.072,0.98872,0.98896,1.87,1.15
2014.10.27 11:29:01.387,0.98872,0.98896,1.95,1.15
2014.10.27 11:29:05.733,0.9887,0.98897,2.02,1.15
2014.10.27 11:29:06.276,0.9887,0.98896,1.87,1.15
2014.10.27 11:29:08.875,0.98869,0.98896,1.95,1.15
2014.10.27 11:29:12.429,0.98869,0.98896,1.95,1.15
2014.10.27 11:29:14.629,0.9887,0.98897,1.87,3.07
2014.10.27 11:29:14.931,0.98872,0.98897,1.87,2.32
2014.10.27 11:29:14.981,0.98872,0.989,1.95,2.32
2014.10.27 11:29:15.787,0.98872,0.98901,2.02,2.32
2014.10.27 11:29:16.804,0.98873,0.98902,2.02,1.15
2014.10.27 11:29:18.473,0.98875,0.98901,2.02,1.15
2014.10.27 11:29:19.476,0.98877,0.98901,1.50,1.15
2014.10.27 11:29:20.343,0.98879,0.98902,1.50,1.15
2014.10.27 11:29:21.881,0.98873,0.98901,3.30,1.15
2014.10.27 11:29:30.534,0.98875,0.98902,2.70,1.17
2014.10.27 11:29:31.524,0.98879,0.98903,2.25,2.32
2014.10.27 11:29:31.826,0.98878,0.98901,1.57,1.10
2014.10.27 11:29:32.229,0.98875,0.98902,2.02,1.15
2014.10.27 11:29:35.416,0.98879,0.98901,1.50,1.15
2014.10.27 11:29:35.517,0.98879,0.98901,1.57,1.10
2014.10.27 11:29:36.044,0.9888,0.98906,1.50,3.07
2014.10.27 11:29:36.912,0.98874,0.98905,3.90,4.50
2014.10.27 11:29:37.420,0.98874,0.98905,2.40,4.50
2014.10.27 11:29:40.682,0.98874,0.98905,2.02,4.50
2014.10.27 11:29:40.934,0.98874,0.98901,2.02,1.15
2014.10.27 11:29:41.494,0.98874,0.98901,2.02,1.15
2014.10.27 11:29:44.462,0.98877,0.98902,2.02,1.15
2014.10.27 11:29:44.563,0.98875,0.98902,4.20,1.17
2014.10.27 11:29:45.064,0.98877,0.98905,1.95,2.32
2014.10.27 11:29:45.480,0.98877,0.98905,2.32,2.32
2014.10.27 11:29:45.531,0.98877,0.98906,2.40,1.15
2014.10.27 11:29:45.582,0.98877,0.98906,2.02,1.15
2014.10.27 11:29:45.683,0.98881,0.98906,1.65,1.15
2014.10.27 11:29:45.935,0.98879,0.98907,1.65,1.15
2014.10.27 11:29:47.421,0.98881,0.98906,1.50,1.15
2014.10.27 11:29:47.961,0.98879,0.98906,2.77,1.15
2014.10.27 11:29:54.731,0.98879,0.98906,1.12,5.25
2014.10.27 11:29:55.471,0.98879,0.98906,1.37,5.25
2014.10.27 11:29:56.770,0.98879,0.98906,3.22,5.25
2014.10.27 11:29:56.972,0.98884,0.98906,2.77,1.10
2014.10.27 11:29:57.022,0.98884,0.98906,2.77,1.10
2014.10.27 11:29:57.274,0.9888,0.98906,6.00,1.00
2014.10.27 11:29:57.476,0.98883,0.9891,1.00,4.50
2014.10.27 11:29:57.627,0.9888,0.98907,2.02,1.15
2014.10.27 11:29:57.841,0.98878,0.98907,4.12,3.07
2014.10.27 11:29:59.462,0.98878,0.98905,1.87,2.32
2014.10.27 11:29:59.828,0.98878,0.98905,1.87,2.32
2014.10.27 11:30:01.684,0.98878,0.98905,1.87,2.32
2014.10.27 11:30:03.458,0.98878,0.98907,1.87,3.07
2014.10.27 11:30:03.676,0.98878,0.98907,1.87,1.15
2014.10.27 11:30:07.469,0.98879,0.98906,2.77,3.07
2014.10.27 11:30:07.874,0.98879,0.98907,2.02,1.15
2014.10.27 11:30:12.005,0.98879,0.98906,2.77,1.15
2014.10.27 11:30:12.799,0.98881,0.98906,2.02,1.17
2014.10.27 11:30:13.101,0.98881,0.98906,2.02,1.20
2014.10.27 11:30:13.202,0.9888,0.98906,1.95,1.15
2014.10.27 11:30:20.420,0.9888,0.98901,1.95,1.00
2014.10.27 11:30:24.581,0.9888,0.98896,1.57,1.00
2014.10.27 11:30:25.786,0.98877,0.98896,2.40,1.00
2014.10.27 11:30:25.887,0.9888,0.98896,1.05,1.00
2014.10.27 11:30:25.938,0.98883,0.98907,2.25,1.15
2014.10.27 11:30:26.039,0.98883,0.98907,3.37,1.07
2014.10.27 11:30:26.343,0.98883,0.98907,3.37,1.00
2014.10.27 11:30:26.927,0.98884,0.98906,1.75,1.00
2014.10.27 11:30:28.720,0.98886,0.98906,1.65,1.00
2014.10.27 11:30:41.756,0.98884,0.98907,2.62,1.00
2014.10.27 11:30:43.671,0.98885,0.98907,4.80,1.00
2014.10.27 11:30:44.260,0.98886,0.98907,2.32,1.00
2014.10.27 11:30:45.591,0.98889,0.98911,1.15,1.00
2014.10.27 11:31:04.063,0.98889,0.98911,1.17,1.07
2014.10.27 11:31:04.812,0.98889,0.98911,1.10,1.17
2014.10.27 11:31:19.813,0.98884,0.98907,3.30,1.00
2014.10.27 11:31:24.608,0.98885,0.98907,2.02,1.00
2014.10.27 11:31:27.389,0.98885,0.98907,2.62,1.00
2014.10.27 11:31:32.954,0.98883,0.98907,1.17,1.07
2014.10.27 11:31:33.055,0.98883,0.98907,1.10,1.15
2014.10.27 11:31:33.911,0.9888,0.98909,2.02,2.70
2014.10.27 11:31:34.062,0.98881,0.98911,2.02,1.52
2014.10.27 11:31:39.115,0.98881,0.98912,2.40,1.52
2014.10.27 11:31:41.270,0.98886,0.98911,2.02,1.27
2014.10.27 11:31:46.971,0.98888,0.98915,1.95,2.32
2014.10.27 11:31:47.021,0.98888,0.98916,2.02,1.15
2014.10.27 11:31:47.072,0.98888,0.98916,2.40,1.15
2014.10.27 11:31:47.577,0.98889,0.98917,2.40,1.15
2014.10.27 11:31:48.138,0.98889,0.98919,4.57,2.70
2014.10.27 11:31:48.189,0.9889,0.98922,2.02,5.62
2014.10.27 11:31:51.050,0.98894,0.98922,2.70,2.32
2014.10.27 11:31:51.100,0.98894,0.98924,2.70,1.65
2014.10.27 11:31:51.503,0.98894,0.98921,2.70,1.07
2014.10.27 11:31:51.553,0.98893,0.98921,2.02,1.15
2014.10.27 11:31:52.115,0.98893,0.98921,2.02,1.15
2014.10.27 11:31:53.151,0.98898,0.98924,1.00,2.70
2014.10.27 11:31:53.618,0.98895,0.98921,2.02,1.15
2014.10.27 11:31:54.140,0.98899,0.98924,1.00,2.70
2014.10.27 11:31:54.392,0.98901,0.98926,1.57,1.15
2014.10.27 11:31:54.857,0.989,0.98929,1.65,2.70
2014.10.27 11:31:55.801,0.989,0.98925,1.57,2.32
2014.10.27 11:31:55.902,0.98899,0.98924,2.25,2.70
2014.10.27 11:31:56.209,0.98894,0.98921,3.37,1.15
2014.10.27 11:31:56.260,0.98894,0.98921,3.37,1.15
2014.10.27 11:31:56.860,0.98894,0.98921,3.00,1.15
2014.10.27 11:31:57.949,0.98895,0.98921,1.50,1.15
2014.10.27 11:31:58.596,0.98895,0.98921,1.87,1.15
2014.10.27 11:31:59.295,0.98897,0.98921,1.50,1.15
2014.10.27 11:32:03.130,0.98897,0.98922,1.50,1.15
2014.10.27 11:32:03.181,0.98899,0.98924,1.00,4.50
2014.10.27 11:32:03.483,0.98901,0.98925,1.87,2.32
2014.10.27 11:32:03.534,0.98901,0.98928,1.87,4.87
2014.10.27 11:32:03.685,0.98901,0.98928,1.95,2.70
2014.10.27 11:32:04.247,0.98903,0.98929,1.57,2.70
2014.10.27 11:32:10.670,0.98903,0.98932,1.65,1.52
2014.10.27 11:32:19.864,0.98905,0.98933,2.70,2.32
2014.10.27 11:32:20.066,0.98904,0.98934,1.27,2.70
2014.10.27 11:32:20.267,0.98903,0.98932,3.52,2.70
2014.10.27 11:32:21.084,0.98903,0.98932,2.77,2.70
2014.10.27 11:32:31.419,0.98909,0.98932,1.00,2.70
2014.10.27 11:32:40.615,0.98909,0.98934,1.00,4.87
2014.10.27 11:32:48.402,0.98906,0.98932,1.00,1.27
2014.10.27 11:32:50.959,0.98908,0.98932,1.50,1.27
2014.10.27 11:32:53.816,0.98908,0.98932,1.95,1.07
2014.10.27 11:32:54.121,0.98913,0.98937,1.35,3.45
2014.10.27 11:32:54.373,0.98909,0.98935,2.32,2.70
2014.10.27 11:32:54.474,0.98909,0.98936,2.40,1.52
2014.10.27 11:32:54.524,0.98909,0.98935,1.10,2.70
2014.10.27 11:32:55.093,0.98909,0.98934,1.00,2.70
2014.10.27 11:32:59.248,0.98908,0.98934,1.10,2.70
2014.10.27 11:32:59.771,0.98909,0.98934,1.50,2.70
2014.10.27 11:33:00.277,0.98908,0.98934,1.10,2.70
2014.10.27 11:33:11.567,0.98906,0.98935,2.70,2.70
2014.10.27 11:33:11.618,0.98909,0.98938,1.17,4.20
2014.10.27 11:33:12.020,0.98913,0.98938,1.50,2.32
2014.10.27 11:33:12.323,0.98915,0.98938,1.50,2.32
2014.10.27 11:33:12.677,0.98915,0.9894,1.50,2.70
2014.10.27 11:33:12.728,0.98915,0.98941,1.50,1.52
2014.10.27 11:33:21.575,0.98915,0.98939,1.50,2.32
2014.10.27 11:33:42.254,0.9891,0.98935,2.32,2.25
2014.10.27 11:33:42.557,0.9891,0.98932,1.50,3.07
2014.10.27 11:33:43.239,0.98909,0.98932,1.50,3.45
2014.10.27 11:33:48.755,0.9891,0.98935,1.50,2.70
2014.10.27 11:33:49.057,0.9891,0.98937,1.57,2.70
2014.10.27 11:33:56.867,0.98911,0.98937,2.10,2.32
2014.10.27 11:33:56.968,0.98912,0.9894,2.25,4.87
2014.10.27 11:33:57.019,0.98912,0.98937,2.17,2.70
2014.10.27 11:33:57.537,0.98914,0.98936,1.00,1.27
2014.10.27 11:33:58.475,0.98914,0.98936,1.00,1.15
2014.10.27 11:33:59.190,0.98915,0.98936,1.50,1.15
2014.10.27 11:33:59.392,0.98914,0.98936,2.25,1.20
2014.10.27 11:34:00.472,0.98914,0.98936,1.17,1.00
2014.10.27 11:34:00.573,0.98914,0.98936,1.10,1.07
2014.10.27 11:34:00.624,0.98914,0.98936,2.92,1.07
2014.10.27 11:34:00.775,0.98914,0.98941,2.25,1.52
2014.10.27 11:34:20.658,0.98917,0.98941,1.50,1.15
2014.10.27 11:34:21.652,0.98917,0.98944,1.50,2.70
2014.10.27 11:34:22.168,0.98915,0.98941,1.65,1.15
2014.10.27 11:34:22.269,0.98912,0.98941,2.02,3.07
2014.10.27 11:34:25.950,0.98912,0.9894,1.95,2.32
2014.10.27 11:34:28.178,0.98912,0.98941,2.02,2.70
2014.10.27 11:34:41.866,0.98919,0.98941,1.50,2.70
2014.10.27 11:34:41.968,0.98919,0.98942,1.50,1.15
2014.10.27 11:34:42.069,0.98916,0.98942,2.02,1.17
2014.10.27 11:34:42.170,0.98918,0.98946,4.20,1.17
2014.10.27 11:34:42.473,0.98921,0.98952,2.02,2.96
2014.10.27 11:34:42.988,0.98925,0.98947,1.57,1.00
2014.10.27 11:34:44.135,0.98923,0.98951,2.62,1.15
2014.10.27 11:34:44.711,0.98929,0.98951,1.00,1.27
2014.10.27 11:34:44.913,0.98925,0.98947,1.57,1.00
2014.10.27 11:34:46.079,0.98925,0.98947,2.32,1.00
2014.10.27 11:34:46.129,0.98928,0.98952,1.15,1.46
2014.10.27 11:34:46.482,0.98925,0.98952,4.12,1.09
2014.10.27 11:34:46.884,0.98929,0.98951,1.17,1.00
2014.10.27 11:34:47.207,0.98929,0.98951,1.27,1.00
2014.10.27 11:34:48.235,0.9893,0.98957,1.65,1.71
2014.10.27 11:34:48.390,0.98927,0.98951,2.17,1.17
2014.10.27 11:34:50.176,0.98925,0.98952,1.65,1.52
2014.10.27 11:34:50.685,0.98925,0.98952,1.57,1.78
2014.10.27 11:34:50.836,0.98925,0.98946,1.57,1.00
2014.10.27 11:34:52.206,0.98924,0.98946,1.35,1.20
2014.10.27 11:34:52.731,0.98923,0.98951,3.00,2.70
2014.10.27 11:34:53.666,0.98923,0.98947,1.07,2.32
2014.10.27 11:34:53.717,0.98921,0.98946,1.00,1.27
2014.10.27 11:34:53.846,0.98919,0.98947,1.20,4.87
2014.10.27 11:34:53.897,0.98921,0.98947,1.50,4.87
2014.10.27 11:34:54.780,0.98922,0.98947,1.50,4.87
2014.10.27 11:34:54.896,0.9892,0.98947,1.87,4.87
2014.10.27 11:34:55.434,0.98919,0.98947,1.20,4.87
2014.10.27 11:34:56.417,0.98921,0.98949,1.65,4.87
2014.10.27 11:34:58.366,0.98922,0.98949,1.50,4.87
2014.10.27 11:34:58.951,0.9892,0.98949,1.65,4.87
2014.10.27 11:34:59.357,0.98926,0.98949,1.50,4.50
2014.10.27 11:34:59.408,0.98926,0.98952,1.50,1.15
2014.10.27 11:34:59.609,0.98926,0.98952,1.57,1.15
2014.10.27 11:34:59.710,0.98924,0.98952,2.62,3.45
2014.10.27 11:34:59.912,0.98928,0.98956,2.02,5.06
2014.10.27 11:35:00.013,0.98928,0.98957,4.20,2.96
2014.10.27 11:35:00.554,0.98928,0.98956,4.20,1.74
2014.10.27 11:35:02.819,0.9893,0.98952,2.02,1.00
2014.10.27 11:35:03.369,0.98934,0.98956,1.00,1.36
2014.10.27 11:35:04.578,0.98929,0.98956,1.12,1.84
2014.10.27 11:35:04.729,0.98928,0.98953,1.15,1.84
2014.10.27 11:35:04.830,0.98928,0.98953,1.10,1.84
2014.10.27 11:35:06.738,0.98924,0.98951,1.77,3.45
2014.10.27 11:35:06.890,0.98922,0.98947,1.65,1.15
2014.10.27 11:35:06.940,0.98922,0.98947,1.50,3.45
2014.10.27 11:35:07.470,0.98918,0.98943,1.15,1.57
2014.10.27 11:35:07.722,0.98918,0.98943,1.17,1.57
2014.10.27 11:35:08.474,0.98918,0.98943,1.10,1.65
2014.10.27 11:35:11.240,0.98917,0.98946,2.02,1.15
2014.10.27 11:35:11.753,0.98919,0.98946,2.02,1.17
2014.10.27 11:35:11.854,0.98921,0.98946,2.02,1.10
2014.10.27 11:35:12.952,0.9892,0.98946,2.02,1.15
2014.10.27 11:35:13.254,0.98924,0.98946,1.20,1.10
2014.10.27 11:35:14.848,0.98924,0.98946,1.00,1.15
2014.10.27 11:35:15.049,0.98924,0.98946,1.17,1.10
2014.10.27 11:35:16.284,0.98927,0.98946,2.10,1.10
2014.10.27 11:35:16.436,0.98929,0.98951,1.30,1.57
2014.10.27 11:35:16.876,0.98933,0.98956,1.00,2.89
2014.10.27 11:35:17.699,0.98933,0.98957,1.00,1.71
2014.10.27 11:35:17.850,0.98929,0.98951,1.87,1.00
2014.10.27 11:35:20.174,0.98929,0.98951,1.72,1.20
2014.10.27 11:35:20.688,0.98929,0.98951,1.87,1.00
2014.10.27 11:35:28.003,0.98929,0.98951,1.35,1.17
2014.10.27 11:35:28.104,0.98929,0.98951,1.50,1.00
2014.10.27 11:35:37.821,0.98929,0.98951,1.50,1.00
2014.10.27 11:35:38.425,0.98925,0.98951,4.05,1.10
2014.10.27 11:35:38.710,0.98925,0.98951,1.87,1.15
2014.10.27 11:35:39.026,0.98924,0.98945,1.15,1.50
2014.10.27 11:35:39.338,0.98925,0.98946,2.32,1.00
2014.10.27 11:35:39.640,0.98926,0.98951,1.12,1.57
2014.10.27 11:35:40.288,0.98925,0.98951,1.12,1.65
2014.10.27 11:35:40.389,0.98926,0.98951,1.12,1.50
2014.10.27 11:35:40.725,0.98929,0.98955,2.32,1.95
2014.10.27 11:35:41.128,0.98931,0.98956,3.30,1.00
2014.10.27 11:35:41.380,0.98933,0.98961,2.70,2.40
2014.10.27 11:35:41.531,0.98931,0.98958,1.12,1.65
2014.10.27 11:35:48.768,0.9893,0.98954,1.12,1.50
2014.10.27 11:35:50.293,0.98931,0.98957,1.12,1.10
2014.10.27 11:35:50.344,0.98931,0.98957,3.30,1.00
2014.10.27 11:35:50.646,0.98933,0.98956,2.70,1.00
2014.10.27 11:35:50.847,0.98931,0.98956,1.45,2.32
2014.10.27 11:35:52.089,0.9893,0.98954,3.30,1.50
2014.10.27 11:35:52.641,0.9893,0.98954,1.12,1.50
2014.10.27 11:35:54.386,0.9893,0.98956,1.12,1.17
2014.10.27 11:35:54.437,0.98931,0.98956,1.12,1.10
2014.10.27 11:35:54.740,0.98932,0.9896,2.70,1.65
2014.10.27 11:35:55.753,0.98931,0.98958,1.12,1.65
2014.10.27 11:35:56.717,0.98931,0.98957,1.12,1.65
2014.10.27 11:35:56.767,0.98931,0.98957,1.12,1.65
2014.10.27 11:35:57.814,0.98931,0.98956,1.12,1.65
2014.10.27 11:35:58.325,0.98931,0.98956,1.12,1.50
2014.10.27 11:35:58.873,0.98931,0.98957,1.12,1.65
2014.10.27 11:35:59.646,0.98931,0.98957,1.12,1.65
2014.10.27 11:36:00.467,0.98935,0.98957,4.87,1.50
2014.10.27 11:36:00.517,0.98935,0.98961,4.87,1.00
2014.10.27 11:36:00.568,0.98933,0.98961,5.25,1.20
2014.10.27 11:36:04.867,0.98937,0.98962,2.70,2.25
2014.10.27 11:36:05.068,0.98935,0.98961,4.87,1.50
2014.10.27 11:36:05.169,0.98939,0.98964,1.12,1.57
2014.10.27 11:36:05.906,0.98939,0.98963,1.12,1.50
2014.10.27 11:36:06.658,0.98937,0.98963,2.70,1.57
2014.10.27 11:36:06.708,0.98935,0.98963,3.07,1.65
2014.10.27 11:36:07.162,0.98933,0.98961,3.07,1.07
2014.10.27 11:36:08.462,0.98935,0.98962,2.70,1.15
2014.10.27 11:36:08.714,0.98942,0.98972,2.70,1.15
2014.10.27 11:36:09.318,0.98943,0.98973,1.90,3.82
2014.10.27 11:36:09.699,0.98944,0.98973,5.25,1.65
2014.10.27 11:36:10.233,0.98944,0.98972,5.25,1.20
2014.10.27 11:36:12.156,0.98944,0.98971,4.87,1.00
2014.10.27 11:36:12.668,0.98944,0.98972,4.87,1.20
2014.10.27 11:36:13.197,0.98944,0.98971,4.87,1.00
2014.10.27 11:36:15.566,0.98944,0.98976,5.62,1.52
2014.10.27 11:36:17.694,0.98949,0.98971,1.20,1.00
2014.10.27 11:36:18.316,0.98944,0.98966,4.87,1.00
2014.10.27 11:36:18.417,0.98942,0.98966,2.32,1.00
2014.10.27 11:36:18.518,0.98939,0.98966,1.27,1.15
2014.10.27 11:36:19.107,0.98937,0.98964,4.87,1.50
2014.10.27 11:36:24.041,0.9894,0.98964,2.32,1.50
2014.10.27 11:36:24.193,0.9894,0.98966,2.70,1.10
2014.10.27 11:36:24.545,0.98937,0.98966,2.70,1.15
2014.10.27 11:36:25.427,0.98939,0.98966,2.70,1.57
2014.10.27 11:36:25.477,0.98939,0.98966,4.87,1.50
2014.10.27 11:36:26.050,0.98939,0.98969,4.87,1.65
2014.10.27 11:36:26.653,0.98942,0.98972,4.20,1.15
2014.10.27 11:36:26.754,0.98943,0.98971,4.87,1.20
2014.10.27 11:36:29.634,0.98947,0.98972,2.32,2.32
2014.10.27 11:36:29.684,0.98947,0.98973,2.32,1.50
2014.10.27 11:36:30.138,0.98949,0.98977,2.70,2.57
2014.10.27 11:36:30.676,0.98949,0.98977,2.70,2.57
2014.10.27 11:36:32.525,0.98948,0.98976,2.32,1.55
2014.10.27 11:36:32.575,0.98946,0.98974,2.32,1.57
2014.10.27 11:36:32.626,0.98945,0.98973,2.32,2.62
2014.10.27 11:36:32.677,0.98943,0.98972,1.52,1.65
2014.10.27 11:36:32.828,0.98944,0.98972,2.70,1.65
2014.10.27 11:36:40.916,0.98944,0.98969,2.70,1.57
2014.10.27 11:36:40.967,0.98941,0.98969,4.50,1.65
2014.10.27 11:36:41.017,0.98941,0.98968,2.32,1.57
2014.10.27 11:36:41.068,0.98939,0.98968,3.45,1.65
2014.10.27 11:36:45.728,0.98941,0.98966,2.70,1.07
2014.10.27 11:36:46.023,0.9894,0.98971,2.70,1.15
2014.10.27 11:36:46.275,0.98942,0.98966,2.70,1.00
2014.10.27 11:36:46.387,0.98943,0.98972,1.52,1.15
2014.10.27 11:36:48.268,0.98944,0.98971,2.70,1.10
2014.10.27 11:36:49.856,0.98942,0.98973,2.70,3.82
2014.10.27 11:36:50.158,0.98942,0.98966,2.70,1.00
2014.10.27 11:36:50.359,0.9894,0.98965,2.70,1.50
2014.10.27 11:36:50.460,0.98937,0.98965,3.45,1.65
2014.10.27 11:36:53.376,0.98941,0.98965,1.12,1.50
2014.10.27 11:36:53.678,0.98944,0.98966,1.15,1.00
2014.10.27 11:36:53.884,0.98944,0.98971,1.50,1.17
2014.10.27 11:36:55.788,0.98948,0.98971,2.10,1.17
2014.10.27 11:36:55.889,0.98949,0.98971,1.77,1.00
2014.10.27 11:36:55.990,0.98951,0.98971,1.12,1.00
2014.10.27 11:36:56.494,0.98951,0.98972,1.12,1.00
2014.10.27 11:36:57.013,0.98946,0.98972,3.30,1.10
2014.10.27 11:36:57.668,0.98946,0.98972,2.92,1.17
2014.10.27 11:36:57.769,0.98945,0.98972,1.05,1.15
2014.10.27 11:36:57.819,0.98945,0.98972,1.05,3.07
2014.10.27 11:37:00.195,0.98938,0.98967,4.05,1.15
2014.10.27 11:37:00.522,0.98938,0.98962,2.70,1.00
2014.10.27 11:37:00.666,0.98938,0.98966,2.70,1.17
2014.10.27 11:37:05.771,0.98938,0.98966,4.57,1.17
2014.10.27 11:37:05.923,0.98944,0.98966,4.87,1.00
2014.10.27 11:37:06.175,0.98944,0.98971,3.07,1.17
2014.10.27 11:37:06.276,0.98947,0.98971,2.70,1.00
2014.10.27 11:37:08.382,0.9895,0.98972,1.12,1.00
2014.10.27 11:37:10.253,0.9895,0.98972,3.30,1.00
2014.10.27 11:37:10.555,0.98958,0.98977,2.62,1.00
2014.10.27 11:37:10.606,0.98959,0.98981,1.12,1.00
2014.10.27 11:37:10.656,0.98959,0.98981,2.62,1.00
2014.10.27 11:37:13.916,0.98958,0.98986,2.70,1.15
2014.10.27 11:37:15.974,0.98957,0.98986,2.32,3.07
2014.10.27 11:37:16.024,0.98955,0.98986,6.30,3.07
2014.10.27 11:37:16.176,0.98955,0.98984,1.65,2.70
2014.10.27 11:37:16.276,0.98951,0.98983,2.70,2.32
2014.10.27 11:37:16.377,0.9895,0.9898,1.52,2.32
2014.10.27 11:37:19.907,0.9895,0.98979,2.70,1.65
2014.10.27 11:37:19.958,0.98952,0.98981,2.02,1.15
2014.10.27 11:37:20.008,0.98953,0.98981,2.70,1.15
2014.10.27 11:37:20.210,0.98954,0.98985,2.70,1.65
2014.10.27 11:37:20.571,0.98952,0.98981,5.32,1.17
2014.10.27 11:37:20.904,0.98955,0.98982,2.70,1.15
2014.10.27 11:37:21.974,0.98954,0.98981,4.20,1.07
2014.10.27 11:37:22.524,0.98953,0.98981,4.20,1.15
2014.10.27 11:37:29.739,0.98952,0.98981,2.32,3.45
2014.10.27 11:37:29.789,0.9895,0.98979,1.52,2.32
2014.10.27 11:37:29.890,0.98949,0.98977,1.52,1.15
2014.10.27 11:37:30.417,0.98949,0.98979,1.52,4.50
2014.10.27 11:37:31.341,0.9895,0.98979,2.70,2.32
2014.10.27 11:37:31.392,0.9895,0.98977,2.70,1.07
2014.10.27 11:37:31.442,0.98952,0.98977,2.70,1.00
2014.10.27 11:37:31.946,0.98952,0.98983,2.70,2.32
2014.10.27 11:37:32.463,0.98952,0.98983,3.07,2.32
2014.10.27 11:37:32.614,0.98954,0.98981,3.45,1.07
2014.10.27 11:37:35.232,0.98952,0.98983,2.70,2.32
2014.10.27 11:37:35.333,0.9895,0.98983,4.87,4.50
2014.10.27 11:37:36.116,0.9895,0.98976,4.87,1.00
2014.10.27 11:37:39.044,0.98954,0.98976,2.70,1.00
2014.10.27 11:37:39.095,0.98954,0.98982,2.70,2.32
2014.10.27 11:37:39.146,0.98952,0.98982,2.70,2.40
2014.10.27 11:37:41.733,0.98952,0.98981,2.70,1.15
2014.10.27 11:37:41.783,0.9895,0.98981,2.70,3.07
2014.10.27 11:37:41.985,0.98953,0.98981,2.32,2.40
2014.10.27 11:37:42.287,0.98951,0.98982,2.32,2.32
2014.10.27 11:37:42.489,0.98951,0.98981,2.32,2.40
2014.10.27 11:37:42.646,0.98953,0.98981,2.32,1.65
2014.10.27 11:37:42.697,0.98953,0.98985,6.00,1.15
2014.10.27 11:37:42.747,0.98955,0.98986,2.32,3.82
2014.10.27 11:37:42.798,0.98955,0.98986,4.50,1.65
2014.10.27 11:37:43.205,0.98953,0.98984,2.32,1.65
2014.10.27 11:37:43.642,0.98952,0.98983,2.32,2.32
2014.10.27 11:37:44.488,0.98951,0.98982,2.02,3.45
2014.10.27 11:37:46.378,0.98954,0.98982,5.10,1.57
2014.10.27 11:37:46.780,0.98956,0.98981,1.57,1.27
2014.10.27 11:37:47.086,0.98956,0.98982,1.65,1.47
2014.10.27 11:37:47.187,0.98956,0.98982,1.65,1.52
2014.10.27 11:37:48.300,0.98957,0.98986,1.65,1.52
2014.10.27 11:37:48.402,0.98957,0.98986,3.82,1.52
2014.10.27 11:37:48.906,0.98957,0.98986,2.62,1.52
2014.10.27 11:37:49.415,0.98957,0.98987,1.65,3.82
2014.10.27 11:37:49.516,0.98957,0.98986,1.65,5.25
2014.10.27 11:37:49.718,0.98957,0.98982,1.50,2.70
2014.10.27 11:37:50.735,0.98957,0.98986,2.25,1.52
2014.10.27 11:37:51.152,0.98962,0.98987,1.50,5.62
2014.10.27 11:37:51.253,0.98958,0.98987,1.65,5.62
2014.10.27 11:37:51.914,0.9896,0.98987,1.50,6.00
2014.10.27 11:37:52.015,0.98957,0.98984,2.25,2.70
2014.10.27 11:37:52.116,0.98957,0.98981,2.10,2.70
2014.10.27 11:37:54.541,0.98957,0.98981,1.50,1.52
2014.10.27 11:37:55.050,0.98957,0.98981,1.50,1.52
2014.10.27 11:37:55.875,0.98954,0.98981,1.65,1.52
2014.10.27 11:37:55.925,0.98954,0.98981,1.57,3.45
2014.10.27 11:37:56.026,0.98956,0.98981,1.65,1.27
2014.10.27 11:37:56.228,0.98955,0.98981,4.20,1.10
2014.10.27 11:37:57.025,0.98956,0.98982,2.02,1.27
2014.10.27 11:37:59.044,0.98958,0.98982,1.50,1.27
2014.10.27 11:37:59.145,0.98958,0.98982,2.02,1.10
2014.10.27 11:37:59.447,0.98958,0.98981,4.20,1.00
2014.10.27 11:37:59.648,0.98958,0.98987,3.45,1.52
2014.10.27 11:37:59.850,0.98958,0.98987,2.77,1.52
2014.10.27 11:38:00.866,0.98958,0.98981,2.02,1.00
2014.10.27 11:38:01.411,0.98955,0.98982,2.02,1.17
2014.10.27 11:38:02.213,0.98958,0.98982,1.27,1.00
2014.10.27 11:38:02.755,0.98959,0.98981,3.00,1.00
2014.10.27 11:38:05.346,0.98959,0.98982,2.02,1.00
2014.10.27 11:38:05.914,0.98955,0.98981,6.75,1.00
2014.10.27 11:38:05.965,0.98955,0.98981,2.02,1.10
2014.10.27 11:38:07.851,0.98958,0.98981,2.02,1.00
2014.10.27 11:38:07.902,0.98958,0.98986,2.02,1.27
2014.10.27 11:38:10.150,0.98959,0.98986,2.77,1.27
2014.10.27 11:38:10.864,0.98958,0.98982,2.02,1.00
2014.10.27 11:38:11.178,0.98959,0.98982,2.02,1.00
2014.10.27 11:38:12.654,0.98957,0.98982,2.70,1.00
2014.10.27 11:38:13.420,0.98958,0.98986,1.27,2.02
2014.10.27 11:38:16.391,0.98957,0.98981,4.87,1.00
2014.10.27 11:38:17.051,0.98959,0.98981,2.70,1.00
2014.10.27 11:38:17.152,0.9896,0.98986,2.70,1.10
2014.10.27 11:38:17.655,0.98965,0.98986,2.25,1.10
2014.10.27 11:38:17.919,0.98968,0.98992,1.17,1.15
2014.10.27 11:38:18.120,0.98965,0.98986,1.12,1.00
2014.10.27 11:38:18.344,0.98968,0.98992,1.00,1.27
2014.10.27 11:38:18.701,0.98968,0.98992,1.20,1.15
2014.10.27 11:38:19.408,0.98968,0.98992,1.80,1.15
2014.10.27 11:38:19.921,0.98965,0.98992,2.25,1.52
2014.10.27 11:38:20.021,0.98966,0.98992,2.32,1.47
2014.10.27 11:38:20.122,0.98966,0.98992,2.32,1.20
2014.10.27 11:38:20.631,0.98966,0.98991,2.32,1.00
2014.10.27 11:38:23.193,0.98968,0.98996,2.92,2.02
2014.10.27 11:38:23.930,0.98968,0.98996,3.30,1.52
2014.10.27 11:38:24.411,0.98965,0.98995,5.47,2.02
2014.10.27 11:38:24.518,0.98965,0.98995,1.12,4.20
2014.10.27 11:38:24.720,0.98962,0.98987,1.15,1.00
2014.10.27 11:38:26.951,0.9896,0.98986,5.47,1.00
2014.10.27 11:38:27.333,0.98958,0.98986,4.87,1.20
2014.10.27 11:38:27.384,0.98958,0.98986,2.70,1.17
2014.10.27 11:38:27.434,0.98956,0.98986,5.62,1.15
2014.10.27 11:38:33.644,0.98964,0.98989,1.00,4.50
2014.10.27 11:38:36.153,0.98963,0.98989,1.37,4.50
2014.10.27 11:38:36.254,0.98963,0.98992,1.52,1.65
2014.10.27 11:38:36.354,0.98964,0.98992,2.70,1.15
2014.10.27 11:38:36.858,0.98965,0.98991,4.50,1.00
2014.10.27 11:38:37.757,0.98964,0.98991,3.45,1.17
2014.10.27 11:38:49.084,0.98969,0.98991,1.00,1.17
2014.10.27 11:38:49.178,0.98963,0.98987,1.27,1.15
2014.10.27 11:38:51.874,0.98964,0.98987,2.25,1.00
2014.10.27 11:38:51.925,0.98968,0.98991,1.10,1.17
2014.10.27 11:38:53.214,0.98968,0.98992,1.15,1.00
2014.10.27 11:38:53.891,0.98969,0.98991,1.20,1.00
2014.10.27 11:38:55.793,0.98969,0.98991,1.10,1.17
2014.10.27 11:38:55.894,0.98968,0.98992,1.15,2.25
2014.10.27 11:38:55.995,0.98969,0.98991,1.52,1.00
2014.10.27 11:38:56.625,0.98968,0.98992,3.45,1.00
2014.10.27 11:38:56.871,0.98969,0.98996,1.12,1.17
2014.10.27 11:38:56.922,0.9897,0.98996,2.92,1.10
2014.10.27 11:38:57.023,0.98965,0.98997,1.52,3.45
2014.10.27 11:38:57.124,0.98969,0.98999,1.15,2.70
2014.10.27 11:38:58.709,0.98971,0.99,1.45,2.02
2014.10.27 11:39:02.305,0.98971,0.99,3.30,2.02
2014.10.27 11:39:03.938,0.98971,0.98999,1.45,2.70
2014.10.27 11:39:04.039,0.98971,0.98999,1.12,2.70
2014.10.27 11:39:06.332,0.98971,0.98999,1.12,1.27
2014.10.27 11:39:06.433,0.98971,0.99002,1.45,1.52
2014.10.27 11:39:07.263,0.98974,0.99002,2.70,1.52
2014.10.27 11:39:07.313,0.98974,0.99002,2.70,1.52
2014.10.27 11:39:08.445,0.98973,0.99002,2.70,1.52
2014.10.27 11:39:08.546,0.98971,0.99001,5.47,2.02
2014.10.27 11:39:09.083,0.98971,0.99001,5.47,2.02
2014.10.27 11:39:12.087,0.98971,0.99001,5.47,2.77
2014.10.27 11:39:12.389,0.98969,0.98999,3.45,2.02
2014.10.27 11:39:22.346,0.98969,0.98998,2.70,4.20
2014.10.27 11:39:22.397,0.98968,0.98998,1.52,6.37
2014.10.27 11:39:24.738,0.98968,0.98997,1.52,1.65
2014.10.27 11:39:24.991,0.98968,0.98998,3.45,2.02
2014.10.27 11:39:25.303,0.98968,0.98998,1.52,4.20
2014.10.27 11:39:28.268,0.98967,0.98996,2.70,2.77
2014.10.27 11:39:28.318,0.98965,0.98996,3.30,4.95
2014.10.27 11:39:28.419,0.98967,0.98996,2.70,2.77
2014.10.27 11:39:31.912,0.98969,0.98996,4.87,1.50
2014.10.27 11:39:32.416,0.98969,0.98998,6.00,1.65
2014.10.27 11:39:33.365,0.98971,0.99001,2.70,2.77
2014.10.27 11:39:33.900,0.98972,0.99002,2.70,2.77
2014.10.27 11:39:37.623,0.98971,0.99001,2.70,2.70
2014.10.27 11:39:37.674,0.9897,0.98996,2.02,1.20
2014.10.27 11:39:38.335,0.98974,0.99001,1.00,5.62
2014.10.27 11:39:38.635,0.98974,0.98998,1.00,2.70
2014.10.27 11:39:38.888,0.98968,0.98997,1.52,2.77
2014.10.27 11:39:39.064,0.98968,0.98997,3.45,1.17
2014.10.27 11:39:39.115,0.98968,0.98997,2.70,1.10
2014.10.27 11:39:39.266,0.98971,0.98997,2.32,1.10
2014.10.27 11:39:39.569,0.9897,0.99,2.02,2.70
2014.10.27 11:39:41.963,0.98969,0.98996,1.27,1.55
2014.10.27 11:39:42.014,0.98969,0.98996,1.27,1.52
2014.10.27 11:39:43.173,0.98964,0.98995,2.70,2.70
2014.10.27 11:39:43.475,0.98962,0.98993,2.70,2.70
2014.10.27 11:39:44.612,0.98962,0.98992,2.70,2.70
2014.10.27 11:39:44.662,0.9896,0.98992,2.77,4.87
2014.10.27 11:39:44.763,0.98959,0.98989,1.52,2.70
2014.10.27 11:39:45.263,0.98959,0.98992,2.32,4.57
2014.10.27 11:39:45.314,0.98959,0.98989,2.32,2.32
2014.10.27 11:39:45.364,0.98959,0.98986,1.15,1.15
2014.10.27 11:39:45.465,0.98959,0.98986,1.20,1.15
2014.10.27 11:39:45.516,0.98959,0.98986,1.17,1.07
2014.10.27 11:39:45.566,0.98959,0.98989,1.15,1.65
2014.10.27 11:39:45.768,0.98961,0.98991,2.32,1.15
2014.10.27 11:39:46.135,0.98964,0.98994,1.15,3.82
2014.10.27 11:39:47.865,0.98963,0.98994,3.82,2.32
2014.10.27 11:39:48.412,0.98963,0.98992,3.07,1.15
2014.10.27 11:39:52.273,0.98964,0.98994,1.65,2.32
2014.10.27 11:39:52.475,0.98969,0.98998,2.62,2.32
2014.10.27 11:39:52.576,0.98969,0.99,3.30,3.45
2014.10.27 11:39:57.398,0.98968,0.98995,2.70,2.25
2014.10.27 11:39:57.449,0.98964,0.98995,4.95,2.32
2014.10.27 11:40:07.435,0.98964,0.98991,1.55,1.57
2014.10.27 11:40:07.486,0.98964,0.98991,1.27,1.65
2014.10.27 11:40:07.637,0.98964,0.98986,1.10,1.07
2014.10.27 11:40:10.524,0.98963,0.98987,1.10,2.40
2014.10.27 11:40:20.113,0.98964,0.98986,1.00,1.17
2014.10.27 11:40:20.827,0.98964,0.98986,1.00,1.15
2014.10.27 11:40:21.341,0.98963,0.98987,1.00,2.77
2014.10.27 11:40:33.101,0.98958,0.98982,1.87,1.00
2014.10.27 11:40:33.631,0.98958,0.98982,1.17,1.07
2014.10.27 11:40:33.732,0.98954,0.98981,2.32,1.65
2014.10.27 11:40:33.782,0.98954,0.98981,1.15,2.40
2014.10.27 11:40:33.833,0.98954,0.98981,1.07,4.57
2014.10.27 11:40:33.883,0.98949,0.98979,1.52,1.65
2014.10.27 11:40:33.934,0.98951,0.98979,2.70,1.65
2014.10.27 11:40:33.985,0.98952,0.98979,2.32,1.65
2014.10.27 11:40:34.035,0.98952,0.98979,2.32,1.65
2014.10.27 11:40:34.086,0.98954,0.98976,1.72,1.17
2014.10.27 11:40:34.187,0.98954,0.98976,1.87,1.00
2014.10.27 11:40:34.338,0.98958,0.98982,1.00,2.40
2014.10.27 11:40:34.662,0.98954,0.98976,1.87,1.00
2014.10.27 11:40:37.060,0.98954,0.98981,1.87,1.15
2014.10.27 11:40:37.262,0.98954,0.98981,1.87,4.57
2014.10.27 11:40:38.202,0.98948,0.98979,3.45,2.32
2014.10.27 11:40:38.531,0.9895,0.98981,3.07,2.32
2014.10.27 11:40:39.226,0.9895,0.98981,3.07,3.07
2014.10.27 11:40:44.353,0.9895,0.98981,3.07,3.07
2014.10.27 11:40:44.723,0.98949,0.98978,1.52,2.32
2014.10.27 11:41:05.570,0.98949,0.98979,1.52,4.50
2014.10.27 11:41:14.382,0.98948,0.98979,3.82,2.32
2014.10.27 11:41:15.036,0.9895,0.98979,2.70,2.32
2014.10.27 11:41:15.087,0.98955,0.98982,1.12,4.95
2014.10.27 11:41:15.138,0.98959,0.98981,1.00,1.15
2014.10.27 11:41:15.490,0.98958,0.98982,1.20,1.15
2014.10.27 11:41:15.993,0.98952,0.98981,1.52,1.15
2014.10.27 11:41:16.144,0.98954,0.98976,1.07,1.10
2014.10.27 11:41:16.454,0.98949,0.98971,1.17,1.10
2014.10.27 11:41:16.992,0.98954,0.98976,1.00,3.07
2014.10.27 11:41:21.091,0.98953,0.98976,1.00,4.20
2014.10.27 11:41:23.616,0.98948,0.98972,1.52,1.17
2014.10.27 11:41:36.620,0.98949,0.98971,1.10,1.10
2014.10.27 11:41:43.052,0.98948,0.98972,1.10,1.55
2014.10.27 11:41:43.717,0.98949,0.98971,1.00,1.20
2014.10.27 11:41:43.767,0.98949,0.98971,1.00,1.20
2014.10.27 11:41:43.868,0.98944,0.98966,1.07,1.07
2014.10.27 11:41:43.969,0.98944,0.98966,1.00,1.52
2014.10.27 11:41:44.851,0.98939,0.98967,1.27,2.70
2014.10.27 11:41:48.596,0.98939,0.98967,1.52,2.32
2014.10.27 11:41:48.697,0.98939,0.9897,1.52,4.20
2014.10.27 11:41:48.747,0.9894,0.9897,2.70,2.02
2014.10.27 11:41:48.848,0.98939,0.9897,1.52,2.02
2014.10.27 11:41:48.949,0.98939,0.98968,1.52,2.70
2014.10.27 11:41:50.085,0.98938,0.9897,1.52,2.77
2014.10.27 11:41:50.732,0.98938,0.98971,1.65,4.20
2014.10.27 11:41:51.293,0.98939,0.98971,4.87,2.02
2014.10.27 11:41:51.444,0.98944,0.98968,1.10,2.02
2014.10.27 11:41:51.753,0.98944,0.98966,1.00,5.62
2014.10.27 11:41:54.059,0.98938,0.98966,1.57,4.50
2014.10.27 11:41:54.110,0.98938,0.98966,1.57,4.50
2014.10.27 11:41:54.362,0.98938,0.98971,1.52,7.12
2014.10.27 11:41:54.642,0.98944,0.98971,1.10,4.20
2014.10.27 11:41:55.278,0.98944,0.98971,1.20,2.02
2014.10.27 11:42:09.208,0.98939,0.98969,1.52,2.70
2014.10.27 11:42:11.506,0.98938,0.98966,1.27,4.20
2014.10.27 11:42:24.552,0.98933,0.98962,1.27,1.52
2014.10.27 11:42:24.703,0.98933,0.98961,1.17,2.70
2014.10.27 11:42:24.753,0.98933,0.98961,1.20,4.87
2014.10.27 11:42:26.945,0.98933,0.98958,1.10,2.70
2014.10.27 11:42:27.459,0.98928,0.98958,1.52,2.70
2014.10.27 11:42:45.081,0.98929,0.9896,4.20,2.70
2014.10.27 11:42:45.384,0.98934,0.98959,1.15,2.02
2014.10.27 11:42:45.686,0.98928,0.98953,1.15,2.02
2014.10.27 11:42:45.788,0.98928,0.98953,1.10,3.00
2014.10.27 11:42:45.897,0.9892,0.98948,1.65,4.87
2014.10.27 11:42:45.947,0.98919,0.9895,3.45,2.40
2014.10.27 11:42:45.998,0.98919,0.9895,3.07,1.65
2014.10.27 11:42:46.049,0.98919,0.98947,1.17,2.32
2014.10.27 11:42:46.251,0.98919,0.98948,1.15,1.65
2014.10.27 11:42:46.453,0.98919,0.9895,3.07,2.32
2014.10.27 11:42:46.655,0.98921,0.98951,2.32,2.25
2014.10.27 11:42:46.756,0.9892,0.98951,2.70,4.80
2014.10.27 11:42:47.070,0.98922,0.98951,2.70,3.37
2014.10.27 11:42:47.373,0.98929,0.98954,1.17,2.40
2014.10.27 11:42:47.474,0.98929,0.98958,1.52,1.52
2014.10.27 11:42:47.675,0.98924,0.98955,6.00,1.65
2014.10.27 11:42:47.977,0.98924,0.98955,1.15,3.82
2014.10.27 11:42:48.286,0.98925,0.98955,2.70,2.02
2014.10.27 11:42:48.693,0.98923,0.98954,2.70,4.20
2014.10.27 11:42:49.083,0.98925,0.98954,2.70,2.02
2014.10.27 11:42:58.829,0.98927,0.98956,1.50,2.32
2014.10.27 11:42:58.980,0.98931,0.98958,4.20,1.00
2014.10.27 11:42:59.599,0.98931,0.98964,4.20,2.70
2014.10.27 11:43:03.781,0.98935,0.98966,2.70,3.45
2014.10.27 11:43:11.426,0.98939,0.98966,1.45,3.07
2014.10.27 11:43:11.527,0.98939,0.98966,2.77,1.15
2014.10.27 11:43:11.578,0.98942,0.98966,1.12,1.07
2014.10.27 11:43:11.629,0.98944,0.98971,1.52,1.27
2014.10.27 11:43:11.679,0.98945,0.98971,2.70,1.20
2014.10.27 11:43:11.730,0.98946,0.98971,2.70,1.00
2014.10.27 11:43:13.424,0.98944,0.98971,2.77,1.10
2014.10.27 11:43:33.303,0.98944,0.98971,1.27,1.47
2014.10.27 11:43:33.545,0.98944,0.98971,1.17,1.52
2014.10.27 11:43:33.847,0.98939,0.98967,1.17,2.70
2014.10.27 11:43:34.853,0.9894,0.9897,2.02,1.52
2014.10.27 11:43:35.227,0.98939,0.98968,1.52,2.70
2014.10.27 11:43:44.169,0.9894,0.9897,2.02,5.62
2014.10.27 11:43:48.145,0.98942,0.98971,2.32,3.45
2014.10.27 11:43:48.246,0.98942,0.98971,2.70,2.02
2014.10.27 11:43:48.679,0.98941,0.98971,2.02,3.45
2014.10.27 11:43:49.152,0.98942,0.98971,2.32,1.52
2014.10.27 11:43:49.253,0.98943,0.98971,2.70,1.27
2014.10.27 11:43:49.801,0.98944,0.98971,2.77,1.10
2014.10.27 11:43:50.373,0.98944,0.9897,2.77,2.25
2014.10.27 11:43:50.474,0.98943,0.9897,2.32,2.70
2014.10.27 11:43:50.575,0.98943,0.98967,1.00,2.32
2014.10.27 11:43:50.676,0.98938,0.98967,2.77,3.07
2014.10.27 11:44:01.314,0.98939,0.98966,1.10,3.45
2014.10.27 11:44:01.415,0.98939,0.98964,1.00,2.32
2014.10.27 11:44:01.929,0.98934,0.98964,1.52,2.70
2014.10.27 11:44:05.101,0.98931,0.98961,2.70,1.52
2014.10.27 11:44:05.404,0.98929,0.98957,2.70,1.27
2014.10.27 11:44:05.505,0.98926,0.98957,2.77,1.27
2014.10.27 11:44:05.656,0.98926,0.98956,2.77,3.07
2014.10.27 11:44:06.180,0.98926,0.98955,2.02,2.32
2014.10.27 11:44:08.819,0.98926,0.98956,2.70,2.70
2014.10.27 11:44:09.390,0.98926,0.98957,2.70,3.45
2014.10.27 11:44:11.108,0.98925,0.98956,4.20,2.70
2014.10.27 11:44:11.209,0.98925,0.98956,2.02,4.87
2014.10.27 11:44:18.519,0.98926,0.98956,1.12,4.87
2014.10.27 11:44:18.821,0.9893,0.98961,2.32,3.45
2014.10.27 11:44:19.123,0.98929,0.98951,2.85,1.00
2014.10.27 11:44:19.174,0.98929,0.9896,3.67,2.85
2014.10.27 11:44:19.225,0.98929,0.98957,1.87,1.17
2014.10.27 11:44:19.376,0.98931,0.98961,2.02,1.52
2014.10.27 11:44:21.221,0.9893,0.9896,2.70,2.70
2014.10.27 11:44:21.423,0.98928,0.98957,4.42,1.15
2014.10.27 11:44:21.523,0.98928,0.98957,2.25,3.07
2014.10.27 11:44:21.926,0.98928,0.98956,1.65,1.27
2014.10.27 11:44:23.231,0.98926,0.98955,1.65,2.70
2014.10.27 11:44:23.788,0.98926,0.98955,1.65,2.70
2014.10.27 11:44:24.329,0.98925,0.98952,2.02,2.32
2014.10.27 11:44:25.950,0.98926,0.9895,1.50,2.32
2014.10.27 11:44:26.253,0.98924,0.98951,1.57,2.70
2014.10.27 11:44:26.791,0.98923,0.98951,2.02,2.32
2014.10.27 11:44:26.841,0.98923,0.98953,2.02,4.87
2014.10.27 11:44:27.155,0.98923,0.98951,2.02,2.70
2014.10.27 11:44:27.414,0.98923,0.98949,2.02,2.32
2014.10.27 11:44:34.098,0.98922,0.98949,1.95,2.32
2014.10.27 11:44:34.148,0.98922,0.98951,2.02,2.32
2014.10.27 11:44:34.675,0.98922,0.98949,1.95,2.32
2014.10.27 11:44:35.044,0.98919,0.98947,2.77,4.50
2014.10.27 11:44:35.346,0.98919,0.98946,1.65,1.27
2014.10.27 11:44:36.637,0.98921,0.98947,1.50,5.62
2014.10.27 11:44:37.202,0.9892,0.98947,1.50,4.87
2014.10.27 11:44:38.189,0.98918,0.98946,2.02,1.15
2014.10.27 11:44:43.697,0.98921,0.98949,1.65,4.87
2014.10.27 11:44:48.672,0.98921,0.98947,1.57,2.70
2014.10.27 11:44:49.351,0.9892,0.98946,1.57,2.70
2014.10.27 11:44:50.730,0.98921,0.98946,1.50,2.70
2014.10.27 11:44:55.714,0.98921,0.98948,1.57,2.70
2014.10.27 11:44:56.129,0.98918,0.98946,1.15,2.70
2014.10.27 11:44:56.745,0.98915,0.98944,1.65,2.70
2014.10.27 11:44:59.228,0.98912,0.98941,2.02,2.70
2014.10.27 11:45:03.250,0.98912,0.98943,4.20,2.70
2014.10.27 11:45:07.718,0.98915,0.98944,1.65,2.70
2014.10.27 11:45:07.769,0.98915,0.98945,1.65,1.52
2014.10.27 11:45:12.675,0.98919,0.98946,1.00,4.87
2014.10.27 11:45:14.108,0.98915,0.98941,1.65,1.20
2014.10.27 11:45:16.234,0.98913,0.98941,2.70,1.17
2014.10.27 11:45:16.284,0.98911,0.98941,4.87,1.15
2014.10.27 11:45:20.346,0.98914,0.98941,2.70,2.40
2014.10.27 11:45:20.850,0.98918,0.98943,1.07,1.52
2014.10.27 11:45:20.951,0.98918,0.98943,1.20,1.17
2014.10.27 11:45:21.052,0.98918,0.98947,2.77,2.02
2014.10.27 11:45:21.455,0.98921,0.98946,1.57,1.17
2014.10.27 11:45:21.882,0.98921,0.98951,3.82,1.15
2014.10.27 11:45:27.558,0.98922,0.98952,1.65,4.57
2014.10.27 11:45:27.709,0.9892,0.98948,1.57,2.70
2014.10.27 11:45:27.760,0.9892,0.98949,1.57,2.70
2014.10.27 11:45:28.062,0.9892,0.98947,1.65,2.70
2014.10.27 11:45:28.264,0.98917,0.98946,2.25,6.37
2014.10.27 11:45:30.607,0.98917,0.98946,2.62,6.37
2014.10.27 11:45:30.658,0.9892,0.98946,1.57,4.20
2014.10.27 11:45:30.708,0.9892,0.98946,1.65,2.02
2014.10.27 11:45:34.276,0.98918,0.98947,1.15,1.52
2014.10.27 11:45:34.377,0.98916,0.98946,2.62,3.45
2014.10.27 11:45:34.478,0.98917,0.98945,1.00,4.87
2014.10.27 11:45:37.251,0.98918,0.98943,1.50,1.27
2014.10.27 11:45:37.940,0.98917,0.98945,1.00,4.87
2014.10.27 11:45:44.974,0.98914,0.98943,3.00,2.70
2014.10.27 11:45:45.125,0.98912,0.98942,2.02,1.52
2014.10.27 11:45:45.226,0.98909,0.9894,4.20,2.70
2014.10.27 11:45:46.602,0.98909,0.98938,2.40,4.87
2014.10.27 11:45:46.704,0.98909,0.98937,1.65,1.27
2014.10.27 11:45:47.007,0.9891,0.98941,2.70,2.70
2014.10.27 11:45:57.440,0.98916,0.98942,1.05,2.40
2014.10.27 11:45:57.541,0.98919,0.98945,1.65,1.27
2014.10.27 11:45:58.953,0.98919,0.98945,1.65,1.00
2014.10.27 11:46:00.326,0.98919,0.98947,2.02,1.52
2014.10.27 11:46:00.477,0.98918,0.98947,4.50,1.65
2014.10.27 11:46:00.528,0.98916,0.98947,2.32,1.65
2014.10.27 11:46:01.071,0.98916,0.98945,4.20,1.52
2014.10.27 11:46:12.539,0.98917,0.98945,2.02,1.52
2014.10.27 11:46:13.187,0.98917,0.98945,2.02,1.52
2014.10.27 11:46:16.274,0.98914,0.98945,3.45,3.45
2014.10.27 11:46:16.595,0.98915,0.98943,2.02,2.70
2014.10.27 11:46:18.178,0.98914,0.98942,1.17,2.70
2014.10.27 11:46:21.669,0.98912,0.9894,1.65,2.70
2014.10.27 11:46:28.052,0.98909,0.98937,3.07,1.52
2014.10.27 11:46:28.103,0.98909,0.98937,1.17,1.52
2014.10.27 11:46:28.570,0.98904,0.98935,2.70,3.45
2014.10.27 11:46:30.143,0.98904,0.98932,2.32,1.27
2014.10.27 11:46:30.194,0.98901,0.98932,4.20,3.45
2014.10.27 11:46:35.118,0.989,0.98929,4.20,2.32
2014.10.27 11:46:35.169,0.98899,0.98929,2.02,4.50
2014.10.27 11:46:35.371,0.98899,0.98929,2.77,3.07
2014.10.27 11:46:35.421,0.98899,0.98929,4.95,1.15
2014.10.27 11:46:46.039,0.98901,0.98928,2.32,1.07
2014.10.27 11:46:46.090,0.98901,0.98929,4.50,1.27
2014.10.27 11:46:46.140,0.98904,0.98929,2.32,1.20
2014.10.27 11:46:46.515,0.98904,0.98929,2.32,1.37
2014.10.27 11:46:47.322,0.98904,0.98929,2.32,1.37
2014.10.27 11:46:48.312,0.98904,0.98929,2.32,1.37
2014.10.27 11:46:48.893,0.98904,0.98929,2.32,1.37
2014.10.27 11:46:49.044,0.98901,0.98929,2.32,1.55
2014.10.27 11:46:49.095,0.98899,0.98929,4.95,1.52
2014.10.27 11:46:49.246,0.98899,0.98928,1.52,3.45
2014.10.27 11:47:03.984,0.98899,0.98928,1.27,1.52
2014.10.27 11:47:07.457,0.98899,0.98929,1.52,1.65
2014.10.27 11:47:08.067,0.98899,0.98929,1.15,1.52
2014.10.27 11:47:08.118,0.98899,0.98928,1.15,2.70
2014.10.27 11:47:08.622,0.98899,0.98927,1.15,1.52
2014.10.27 11:47:28.471,0.98898,0.98927,2.77,2.70
2014.10.27 11:47:29.283,0.98899,0.98929,2.70,4.95
2014.10.27 11:47:29.434,0.98898,0.98928,2.77,2.70
2014.10.27 11:47:33.683,0.98898,0.9892,1.07,2.25
2014.10.27 11:47:33.734,0.98898,0.9892,1.00,2.32
2014.10.27 11:47:33.785,0.98898,0.98921,1.07,2.25
2014.10.27 11:47:33.835,0.98898,0.98927,1.17,2.70
2014.10.27 11:47:34.306,0.98898,0.98922,1.17,2.07
2014.10.27 11:47:34.412,0.9889,0.98917,2.32,3.07
2014.10.27 11:47:34.513,0.9889,0.98915,1.15,2.25
2014.10.27 11:47:34.614,0.98881,0.98912,3.82,3.07
2014.10.27 11:47:34.815,0.98879,0.98906,1.00,5.25
2014.10.27 11:47:34.916,0.98879,0.98904,1.00,5.17
2014.10.27 11:47:35.219,0.98883,0.98906,1.17,2.17
2014.10.27 11:47:35.320,0.98884,0.98906,1.07,1.57
2014.10.27 11:47:35.421,0.98883,0.98906,1.15,1.50
2014.10.27 11:47:35.471,0.98883,0.98909,1.15,1.17
2014.10.27 11:47:35.524,0.98884,0.98913,2.32,1.15
2014.10.27 11:47:36.009,0.98885,0.98917,2.32,2.02
2014.10.27 11:47:40.614,0.98885,0.98914,2.32,2.02
2014.10.27 11:47:40.916,0.98884,0.98911,1.15,2.02
2014.10.27 11:47:42.721,0.98884,0.98913,3.45,1.17
2014.10.27 11:47:42.774,0.98884,0.98913,5.62,1.20
2014.10.27 11:47:42.925,0.98887,0.98917,2.70,3.52
2014.10.27 11:47:49.057,0.98889,0.98919,1.27,4.20
2014.10.27 11:47:49.157,0.98889,0.98919,1.27,2.02
2014.10.27 11:48:03.140,0.98893,0.98921,1.20,6.75
2014.10.27 11:48:03.392,0.98888,0.98916,1.07,3.45
2014.10.27 11:48:03.904,0.98889,0.98916,1.07,2.70
2014.10.27 11:48:05.138,0.98889,0.98918,1.20,5.62
2014.10.27 11:48:05.826,0.98893,0.98918,1.00,2.70
2014.10.27 11:48:06.376,0.98889,0.98918,2.77,2.70
2014.10.27 11:48:08.439,0.98889,0.98919,3.07,2.70
2014.10.27 11:48:08.986,0.98893,0.9892,1.17,3.45
2014.10.27 11:48:12.636,0.98893,0.98918,1.10,2.70
2014.10.27 11:48:12.888,0.98888,0.98913,1.15,1.95
2014.10.27 11:48:12.989,0.98888,0.98913,1.20,2.02
2014.10.27 11:48:13.407,0.98889,0.98913,1.00,2.40
2014.10.27 11:48:13.856,0.98883,0.98911,1.27,2.02
2014.10.27 11:48:24.091,0.98884,0.98911,1.15,1.65
2014.10.27 11:48:24.671,0.98881,0.9891,2.32,2.40
2014.10.27 11:48:28.150,0.98881,0.9891,2.70,2.02
2014.10.27 11:48:40.025,0.98881,0.98911,2.70,2.02
2014.10.27 11:48:40.523,0.98883,0.98912,3.45,1.52
2014.10.27 11:48:42.509,0.98886,0.98915,2.70,2.70
2014.10.27 11:48:42.559,0.98886,0.98917,2.70,4.95
2014.10.27 11:48:42.610,0.98889,0.98918,1.27,4.20
2014.10.27 11:48:43.155,0.98889,0.98919,1.27,2.40
2014.10.27 11:48:43.449,0.98889,0.98919,1.27,6.75
2014.10.27 11:48:44.424,0.98889,0.98919,1.15,6.75
2014.10.27 11:48:44.525,0.98889,0.98917,1.20,6.37
2014.10.27 11:48:56.538,0.98889,0.98917,1.17,4.20
2014.10.27 11:48:57.458,0.98889,0.98917,1.15,2.02
2014.10.27 11:49:00.491,0.98889,0.98917,1.15,2.40
2014.10.27 11:49:00.543,0.98889,0.98914,1.17,1.95
2014.10.27 11:49:00.694,0.98889,0.98914,1.10,2.02
2014.10.27 11:49:01.231,0.98889,0.98911,1.00,2.02
2014.10.27 11:49:02.088,0.98883,0.98911,3.45,2.02
2014.10.27 11:49:02.658,0.98884,0.98911,1.15,2.02
2014.10.27 11:49:02.708,0.98884,0.98911,1.15,2.40
2014.10.27 11:49:02.859,0.98884,0.98907,1.00,2.02
2014.10.27 11:49:03.061,0.98884,0.98906,1.07,1.57
2014.10.27 11:49:03.898,0.9888,0.98906,2.32,1.95
2014.10.27 11:49:03.999,0.9888,0.98906,2.32,1.95
2014.10.27 11:49:05.432,0.9888,0.98906,2.32,1.95
2014.10.27 11:49:07.006,0.9888,0.98906,2.32,1.95
2014.10.27 11:49:08.783,0.98879,0.98906,1.27,2.02
2014.10.27 11:49:10.115,0.98883,0.98906,1.00,2.02
2014.10.27 11:49:12.668,0.98878,0.98907,1.52,2.02
2014.10.27 11:49:22.548,0.98878,0.98906,1.20,2.70
2014.10.27 11:49:22.598,0.98878,0.98905,1.12,2.70
2014.10.27 11:49:22.699,0.98884,0.98904,1.00,2.02
2014.10.27 11:49:22.901,0.98884,0.98909,1.00,1.65
2014.10.27 11:49:23.052,0.98884,0.98911,1.20,2.02
2014.10.27 11:49:23.203,0.98884,0.9891,1.10,2.32
2014.10.27 11:49:24.147,0.98879,0.9891,1.52,4.87
2014.10.27 11:49:24.248,0.9888,0.98912,4.87,2.40
2014.10.27 11:49:26.332,0.9888,0.98912,4.87,2.40
2014.10.27 11:49:27.046,0.98879,0.9891,4.95,2.70
2014.10.27 11:50:02.543,0.98879,0.98908,3.07,4.20
2014.10.27 11:50:02.593,0.98879,0.98907,1.15,2.70
2014.10.27 11:50:05.592,0.98883,0.98907,1.00,2.70
2014.10.27 11:50:07.850,0.98883,0.98904,1.00,2.32
2014.10.27 11:50:08.001,0.98879,0.98902,1.00,2.70
2014.10.27 11:50:08.152,0.98876,0.98901,1.00,4.87
2014.10.27 11:50:08.204,0.98874,0.98901,1.00,4.87
2014.10.27 11:50:18.637,0.98874,0.98899,1.07,1.95
2014.10.27 11:50:18.688,0.98873,0.98903,3.45,1.65
2014.10.27 11:50:18.889,0.98875,0.98904,2.70,1.65
2014.10.27 11:50:18.990,0.98874,0.98905,5.62,4.20
2014.10.27 11:50:19.491,0.98879,0.98906,1.07,2.70
2014.10.27 11:50:19.542,0.98879,0.98907,1.15,2.02
2014.10.27 11:50:19.593,0.98879,0.98907,3.07,1.65
2014.10.27 11:50:19.902,0.98884,0.98909,1.17,2.02
2014.10.27 11:50:21.586,0.98884,0.98909,1.20,1.65
2014.10.27 11:50:21.687,0.98884,0.98909,1.07,1.65
2014.10.27 11:50:21.738,0.98884,0.98909,1.15,1.57
2014.10.27 11:50:21.788,0.98884,0.9891,1.52,1.65
2014.10.27 11:50:21.940,0.98888,0.98915,1.52,2.02
2014.10.27 11:50:23.262,0.98888,0.98918,3.45,2.02
2014.10.27 11:50:23.313,0.98888,0.98918,5.62,2.02
2014.10.27 11:50:23.806,0.98891,0.9892,2.70,2.02
2014.10.27 11:50:24.310,0.98893,0.9892,1.27,2.02
2014.10.27 11:50:24.613,0.98898,0.98926,1.27,2.02
2014.10.27 11:50:24.941,0.98901,0.98928,2.70,1.65
2014.10.27 11:50:26.199,0.98903,0.98931,1.52,1.65
2014.10.27 11:50:26.249,0.98903,0.98931,1.52,1.65
2014.10.27 11:50:30.888,0.98908,0.98935,1.00,6.37
2014.10.27 11:50:32.334,0.98903,0.98935,1.52,6.37
2014.10.27 11:50:34.801,0.98903,0.98931,1.52,2.02
2014.10.27 11:50:35.135,0.98903,0.98931,1.52,2.02
2014.10.27 11:50:47.154,0.98899,0.98931,3.07,1.65
2014.10.27 11:50:47.456,0.98899,0.98922,1.00,2.70
2014.10.27 11:50:48.005,0.98898,0.98922,1.00,2.70
2014.10.27 11:50:48.055,0.98898,0.98924,1.10,2.02
2014.10.27 11:50:48.664,0.98898,0.98924,1.00,4.20
2014.10.27 11:50:48.803,0.98894,0.98921,1.52,1.27
2014.10.27 11:50:56.477,0.98891,0.98924,3.82,2.70
2014.10.27 11:50:56.734,0.98894,0.98925,2.70,2.70
2014.10.27 11:50:57.036,0.98899,0.98927,1.52,2.02
2014.10.27 11:50:57.553,0.98898,0.98927,1.65,1.65
2014.10.27 11:50:58.246,0.98898,0.98928,1.52,2.70
2014.10.27 11:50:58.829,0.98899,0.98928,2.70,2.02
2014.10.27 11:51:03.579,0.98899,0.98927,2.70,2.70
2014.10.27 11:51:03.630,0.98898,0.98927,1.52,4.87
2014.10.27 11:51:04.141,0.98898,0.98927,1.27,6.37
2014.10.27 11:51:17.617,0.98899,0.98925,1.00,2.70
2014.10.27 11:51:17.669,0.98892,0.98925,3.07,2.70
2014.10.27 11:51:17.972,0.98893,0.98922,1.52,2.32
2014.10.27 11:51:31.945,0.98894,0.98925,2.70,2.32
2014.10.27 11:51:32.254,0.98899,0.98927,1.15,4.20
2014.10.27 11:51:32.556,0.98894,0.98924,1.52,2.70
2014.10.27 11:51:32.969,0.98894,0.98926,4.87,2.77
2014.10.27 11:51:35.426,0.98897,0.98926,2.70,1.52
2014.10.27 11:51:35.935,0.98897,0.98926,4.20,1.52
2014.10.27 11:51:36.815,0.98903,0.98928,1.00,2.70
2014.10.27 11:51:36.866,0.98903,0.98929,1.17,2.02
2014.10.27 11:51:40.328,0.98899,0.98921,3.07,1.35
2014.10.27 11:51:40.630,0.98899,0.9892,1.00,2.32
2014.10.27 11:51:40.681,0.98898,0.98922,1.00,4.87
2014.10.27 11:51:40.782,0.98898,0.98924,1.00,4.87
2014.10.27 11:51:41.289,0.98899,0.98926,1.27,1.52
2014.10.27 11:51:41.592,0.98899,0.98925,1.10,2.70
2014.10.27 11:51:47.971,0.98898,0.98925,1.15,2.70
2014.10.27 11:51:48.023,0.98898,0.98927,1.15,1.52
2014.10.27 11:51:51.119,0.98899,0.98921,1.15,1.00
2014.10.27 11:51:51.693,0.98899,0.98921,1.00,1.20
2014.10.27 11:51:52.460,0.98904,0.98926,1.00,3.45
2014.10.27 11:51:52.853,0.98899,0.98926,1.15,1.52
2014.10.27 11:51:53.093,0.98903,0.98927,1.00,3.45
2014.10.27 11:51:54.633,0.98899,0.98926,1.15,1.27
2014.10.27 11:51:54.867,0.98903,0.98927,1.00,3.45
2014.10.27 11:51:56.422,0.98899,0.98926,1.27,1.52
2014.10.27 11:51:56.852,0.98904,0.98926,1.00,1.52
2014.10.27 11:51:58.402,0.98898,0.98927,1.87,3.45
2014.10.27 11:52:00.915,0.98904,0.98926,1.00,1.52
2014.10.27 11:52:02.356,0.98899,0.98926,1.15,1.52
2014.10.27 11:52:03.212,0.98899,0.98926,1.15,1.27
2014.10.27 11:52:03.263,0.98899,0.98926,1.52,1.27
2014.10.27 11:52:07.344,0.98899,0.98927,2.70,1.10
2014.10.27 11:52:12.697,0.98904,0.98931,1.27,1.52
2014.10.27 11:52:12.747,0.98904,0.98931,1.27,1.52
2014.10.27 11:52:13.614,0.98904,0.98931,1.15,1.52
2014.10.27 11:52:13.665,0.98904,0.98931,1.15,1.52
2014.10.27 11:52:19.271,0.98908,0.98932,1.00,2.70
2014.10.27 11:52:19.473,0.98908,0.98935,1.00,6.37
2014.10.27 11:52:19.624,0.98909,0.98935,1.07,2.32
2014.10.27 11:52:19.675,0.98909,0.98937,1.52,1.52
2014.10.27 11:52:19.775,0.98909,0.98937,3.45,1.52
2014.10.27 11:52:21.142,0.98913,0.98938,1.17,2.02
2014.10.27 11:52:21.394,0.98905,0.98936,4.87,1.52
2014.10.27 11:52:21.596,0.98904,0.98936,4.20,4.95
2014.10.27 11:52:22.705,0.98905,0.98936,2.70,2.77
2014.10.27 11:52:23.940,0.98907,0.98936,1.27,1.52
2014.10.27 11:52:25.922,0.98909,0.98936,1.27,1.55
2014.10.27 11:52:26.023,0.98909,0.98936,3.45,1.55
2014.10.27 11:52:28.916,0.98913,0.98939,1.00,2.70
2014.10.27 11:52:33.437,0.98913,0.98937,1.00,2.70
2014.10.27 11:52:33.997,0.98913,0.98936,1.00,2.70
2014.10.27 11:52:34.506,0.98914,0.98936,1.00,2.70
2014.10.27 11:52:37.652,0.98909,0.98936,1.17,3.45
2014.10.27 11:52:39.161,0.98914,0.98936,1.00,2.70
2014.10.27 11:52:42.021,0.98914,0.98939,1.00,2.70
2014.10.27 11:52:42.122,0.98914,0.98941,1.00,6.37
2014.10.27 11:52:47.434,0.98914,0.98941,1.07,2.70
2014.10.27 11:52:47.997,0.98914,0.98942,1.15,2.70
2014.10.27 11:52:48.302,0.98913,0.98944,3.45,2.70
2014.10.27 11:52:51.082,0.98914,0.98943,1.57,4.87
2014.10.27 11:52:51.185,0.98914,0.9894,1.10,2.32
2014.10.27 11:52:51.650,0.98908,0.98937,1.52,2.02
2014.10.27 11:52:55.398,0.98909,0.98937,1.15,2.40
2014.10.27 11:52:55.902,0.98909,0.98938,1.27,4.20
2014.10.27 11:52:59.108,0.98914,0.98938,1.00,4.20
2014.10.27 11:52:59.310,0.98914,0.98941,1.00,4.87
2014.10.27 11:52:59.854,0.98909,0.98941,1.27,4.87
2014.10.27 11:53:00.314,0.98909,0.98941,1.27,5.25
2014.10.27 11:53:01.434,0.98913,0.98941,1.20,5.25
2014.10.27 11:53:02.119,0.98913,0.98941,1.20,4.87
2014.10.27 11:53:02.944,0.98914,0.98941,1.00,4.87
2014.10.27 11:53:07.548,0.98908,0.98941,7.87,5.25
2014.10.27 11:53:08.260,0.98909,0.98941,1.15,5.25
2014.10.27 11:53:09.952,0.98909,0.98941,1.15,6.00
2014.10.27 11:53:10.004,0.98909,0.98938,1.20,5.25
2014.10.27 11:53:10.105,0.98908,0.98936,1.10,2.70
2014.10.27 11:53:10.634,0.98908,0.98936,1.10,3.07
2014.10.27 11:53:11.204,0.98908,0.98934,1.00,4.87
2014.10.27 11:53:14.393,0.98904,0.98934,1.27,4.87
2014.10.27 11:53:26.119,0.989,0.98931,2.70,3.45
2014.10.27 11:53:31.710,0.989,0.9893,2.32,4.57
2014.10.27 11:53:31.761,0.98899,0.98929,1.15,2.70
2014.10.27 11:53:31.811,0.98899,0.98926,1.07,2.70
2014.10.27 11:53:31.862,0.98898,0.98925,1.17,2.70
2014.10.27 11:53:38.450,0.98899,0.98927,1.52,1.65
2014.10.27 11:53:38.550,0.98899,0.98928,3.07,2.02
2014.10.27 11:53:38.853,0.98899,0.98926,1.17,3.45
2014.10.27 11:53:47.650,0.98894,0.98923,1.27,2.70
2014.10.27 11:53:47.953,0.98889,0.98919,1.15,2.70
2014.10.27 11:53:48.356,0.9889,0.98922,1.65,2.32
2014.10.27 11:53:54.040,0.98891,0.98922,2.70,2.70
2014.10.27 11:53:54.091,0.98891,0.98924,4.87,4.87
2014.10.27 11:53:55.188,0.98893,0.98925,4.50,1.90
2014.10.27 11:53:55.389,0.98888,0.98918,2.40,2.32
2014.10.27 11:53:55.491,0.9889,0.98921,2.32,3.82
2014.10.27 11:53:55.894,0.98893,0.98924,1.15,2.70
2014.10.27 11:54:02.012,0.98893,0.98921,1.15,2.70
2014.10.27 11:54:03.732,0.98894,0.98919,1.10,2.70
2014.10.27 11:54:03.883,0.98888,0.98917,2.40,2.70
2014.10.27 11:54:10.175,0.98888,0.98916,1.00,4.87
2014.10.27 11:54:12.341,0.98889,0.98916,1.00,4.87
2014.10.27 11:54:12.493,0.98889,0.98917,1.15,2.70
2014.10.27 11:54:12.594,0.98889,0.98916,1.00,2.70
2014.10.27 11:54:14.209,0.98886,0.98916,1.15,2.70
2014.10.27 11:54:21.917,0.98882,0.98913,3.82,2.70
2014.10.27 11:54:23.906,0.98885,0.98914,2.32,2.02
2014.10.27 11:54:24.209,0.98882,0.98914,2.70,2.70
2014.10.27 11:54:41.220,0.98882,0.98913,2.32,2.70
2014.10.27 11:54:41.321,0.98879,0.98912,2.70,2.70
2014.10.27 11:54:43.720,0.98881,0.98912,2.32,2.70
2014.10.27 11:54:44.329,0.98882,0.98913,2.32,2.70
2014.10.27 11:55:02.156,0.98883,0.98913,2.32,2.70
2014.10.27 11:55:02.206,0.98884,0.98914,2.32,2.02
2014.10.27 11:55:02.307,0.98885,0.98916,4.50,2.77
2014.10.27 11:55:02.861,0.98885,0.98915,2.32,2.02
2014.10.27 11:55:03.438,0.98884,0.98915,2.32,4.20
2014.10.27 11:55:13.305,0.98883,0.98914,2.32,2.70
2014.10.27 11:55:13.406,0.98881,0.98914,5.25,4.87
2014.10.27 11:55:17.728,0.98885,0.98914,2.32,2.70
2014.10.27 11:55:17.829,0.98885,0.98915,2.32,2.02
2014.10.27 11:55:18.337,0.98882,0.98915,3.82,2.02
2014.10.27 11:55:18.845,0.98881,0.98912,6.00,2.70
2014.10.27 11:55:19.413,0.98881,0.98913,3.82,2.70
2014.10.27 11:55:23.911,0.98882,0.98913,2.32,2.70
2014.10.27 11:55:24.506,0.98883,0.98914,2.32,2.70
2014.10.27 11:55:28.161,0.98882,0.98913,1.65,2.70
2014.10.27 11:55:28.262,0.98884,0.98915,2.32,4.20
2014.10.27 11:55:33.772,0.98882,0.98914,1.65,4.87
2014.10.27 11:55:41.369,0.98881,0.98906,6.75,1.00
2014.10.27 11:55:41.671,0.98884,0.98909,1.00,2.70
2014.10.27 11:55:42.204,0.98878,0.98907,2.32,1.52
2014.10.27 11:55:42.946,0.98884,0.98909,1.50,2.32
2014.10.27 11:55:42.996,0.98884,0.98911,1.65,1.27
2014.10.27 11:55:43.097,0.98885,0.98911,1.65,1.17
2014.10.27 11:55:44.912,0.98884,0.98915,2.32,3.07
2014.10.27 11:55:45.013,0.98883,0.98913,2.40,2.70
2014.10.27 11:55:46.043,0.9888,0.98911,2.32,2.70
2014.10.27 11:55:46.555,0.9888,0.98911,2.02,2.70
2014.10.27 11:55:46.607,0.9888,0.98911,4.20,2.70
2014.10.27 11:55:47.021,0.98882,0.98913,2.70,2.70
2014.10.27 11:55:47.535,0.98882,0.98913,2.32,3.07
2014.10.27 11:55:47.858,0.98879,0.9891,1.65,2.40
2014.10.27 11:55:49.944,0.98876,0.98907,2.32,3.07
2014.10.27 11:55:50.486,0.98876,0.98907,2.32,2.70
2014.10.27 11:55:50.726,0.98879,0.9891,4.87,2.02
2014.10.27 11:55:51.279,0.98881,0.98912,2.02,4.87
2014.10.27 11:55:53.474,0.98882,0.98913,2.32,2.70
2014.10.27 11:55:58.317,0.98882,0.98913,2.32,3.07
2014.10.27 11:55:59.475,0.98882,0.98913,2.32,3.07
2014.10.27 11:56:00.595,0.98882,0.98913,2.32,4.57
2014.10.27 11:56:00.696,0.98879,0.98911,3.07,3.07
2014.10.27 11:56:08.738,0.98879,0.98911,3.07,4.20
2014.10.27 11:56:11.137,0.98881,0.98911,4.50,2.40
2014.10.27 11:56:12.575,0.98881,0.98913,4.50,2.40
2014.10.27 11:56:12.625,0.98879,0.98912,3.07,3.07
2014.10.27 11:56:12.676,0.98879,0.98912,3.07,3.07
2014.10.27 11:56:16.491,0.98879,0.98911,3.07,2.40
2014.10.27 11:56:21.768,0.98879,0.98911,3.07,2.40
2014.10.27 11:56:33.074,0.98881,0.98911,4.50,2.40
2014.10.27 11:56:33.124,0.98881,0.98912,4.50,1.65
2014.10.27 11:56:33.479,0.98878,0.98909,4.20,2.70
2014.10.27 11:56:33.781,0.98875,0.98904,2.32,1.65
2014.10.27 11:56:44.875,0.98875,0.98905,2.32,2.40
2014.10.27 11:56:44.976,0.98873,0.98904,3.07,2.70
2014.10.27 11:56:50.000,0.98875,0.98906,2.32,2.70
2014.10.27 11:57:10.613,0.98874,0.98906,4.57,5.62
2014.10.27 11:57:36.332,0.98874,0.98905,4.57,3.07
2014.10.27 11:57:36.884,0.98874,0.98905,4.57,2.70
2014.10.27 11:57:42.286,0.98874,0.98905,4.95,3.07
2014.10.27 11:57:43.043,0.98874,0.98905,4.95,3.07
2014.10.27 11:57:50.034,0.98874,0.98905,4.95,3.07
2014.10.27 11:57:52.123,0.98874,0.98905,3.07,4.57
2014.10.27 11:57:52.224,0.98874,0.98902,1.15,2.70
2014.10.27 11:57:52.274,0.98874,0.98903,1.15,2.70
2014.10.27 11:57:52.426,0.98875,0.98901,2.32,1.20
2014.10.27 11:57:52.927,0.98875,0.98901,2.32,1.47
2014.10.27 11:57:53.118,0.98875,0.98901,2.32,1.47
2014.10.27 11:57:53.219,0.98874,0.98901,1.15,1.52
2014.10.27 11:58:00.411,0.98874,0.98902,2.32,1.55
2014.10.27 11:58:00.512,0.98873,0.98902,1.15,1.52
2014.10.27 11:58:02.806,0.98874,0.98902,2.70,1.27
2014.10.27 11:58:03.526,0.98874,0.98902,2.70,1.27
2014.10.27 11:58:05.496,0.98873,0.98902,1.15,2.77
2014.10.27 11:58:05.547,0.98873,0.98902,1.15,2.77
2014.10.27 11:58:06.051,0.9887,0.98901,2.32,3.37
2014.10.27 11:58:08.892,0.9887,0.98901,2.70,1.52
2014.10.27 11:58:09.603,0.98874,0.98902,2.32,1.52
2014.10.27 11:58:10.134,0.98874,0.98902,2.32,1.55
2014.10.27 11:58:10.771,0.98874,0.98902,2.32,1.55
2014.10.27 11:58:10.822,0.98873,0.989,1.15,1.05
2014.10.27 11:58:12.733,0.9887,0.989,2.32,1.12
2014.10.27 11:58:12.783,0.98868,0.989,3.07,1.12
2014.10.27 11:58:15.276,0.98869,0.989,1.15,1.82
2014.10.27 11:58:15.327,0.98869,0.98898,1.15,2.70
2014.10.27 11:58:28.861,0.98874,0.98898,1.00,3.07
2014.10.27 11:58:30.369,0.98868,0.98898,1.15,2.70
2014.10.27 11:58:33.869,0.98869,0.98895,1.00,2.70
2014.10.27 11:58:34.171,0.98868,0.98891,1.00,2.32
2014.10.27 11:58:34.272,0.98868,0.98895,1.00,2.70
2014.10.27 11:58:34.837,0.98865,0.98895,1.65,2.70
2014.10.27 11:58:34.888,0.98869,0.98895,1.00,2.70
2014.10.27 11:58:35.707,0.98869,0.98897,1.10,2.70
2014.10.27 11:58:45.667,0.98869,0.98895,1.10,2.70
2014.10.27 11:58:45.919,0.98864,0.98891,1.17,1.15
2014.10.27 11:58:46.372,0.98864,0.9889,1.07,2.70
2014.10.27 11:58:46.904,0.98864,0.98891,1.07,4.95
2014.10.27 11:58:52.215,0.98864,0.98891,1.15,3.45
2014.10.27 11:58:52.265,0.98864,0.98891,1.15,1.27
2014.10.27 11:58:52.783,0.98869,0.98894,1.17,1.12
2014.10.27 11:58:53.148,0.98864,0.98895,1.15,2.70
2014.10.27 11:58:53.714,0.98868,0.98895,1.00,2.70
2014.10.27 11:58:54.571,0.98868,0.98893,1.00,1.12
2014.10.27 11:58:54.672,0.98863,0.98892,1.15,3.45
2014.10.27 11:58:54.974,0.98864,0.98894,1.15,1.15
2014.10.27 11:58:55.520,0.98868,0.98895,1.00,4.50
2014.10.27 11:58:56.136,0.98863,0.98895,2.40,4.50
2014.10.27 11:59:02.981,0.98866,0.98895,2.32,2.70
2014.10.27 11:59:03.032,0.98866,0.98897,2.32,5.32
2014.10.27 11:59:12.530,0.98869,0.98897,1.15,4.57
2014.10.27 11:59:18.229,0.98869,0.98897,1.15,4.57
2014.10.27 11:59:18.417,0.98869,0.98897,1.15,4.20
2014.10.27 11:59:22.325,0.98866,0.98896,2.32,1.90
2014.10.27 11:59:23.018,0.98868,0.98895,1.15,2.02
2014.10.27 11:59:23.530,0.98868,0.98897,1.52,3.07
2014.10.27 11:59:23.580,0.98869,0.98897,2.70,1.10
2014.10.27 11:59:23.631,0.98878,0.989,1.50,1.15
2014.10.27 11:59:23.883,0.98879,0.98906,1.17,3.07
2014.10.27 11:59:24.035,0.98879,0.98901,1.07,1.17
2014.10.27 11:59:24.380,0.98879,0.98901,1.00,1.15
2014.10.27 11:59:25.407,0.98878,0.98902,1.00,2.70
2014.10.27 11:59:25.558,0.98878,0.98905,1.20,2.70
2014.10.27 11:59:26.943,0.98878,0.98904,1.07,2.70
2014.10.27 11:59:27.496,0.98878,0.98902,1.00,1.27
2014.10.27 11:59:28.550,0.98879,0.98903,1.00,2.70
2014.10.27 11:59:29.321,0.98878,0.98902,1.00,1.27
2014.10.27 11:59:31.877,0.98876,0.98901,1.65,1.15
2014.10.27 11:59:32.616,0.98876,0.989,1.57,2.70
2014.10.27 11:59:32.667,0.98874,0.989,1.10,2.70
2014.10.27 11:59:32.868,0.9887,0.98896,1.65,1.27
2014.10.27 11:59:42.100,0.98874,0.98899,1.00,4.87
2014.10.27 11:59:45.582,0.98874,0.98901,1.10,1.52
2014.10.27 11:59:45.734,0.98877,0.98903,1.50,3.45
2014.10.27 11:59:46.118,0.98877,0.989,1.50,2.70
2014.10.27 11:59:46.219,0.98874,0.989,1.57,2.70
2014.10.27 11:59:46.962,0.98876,0.989,1.50,2.32
2014.10.27 11:59:47.013,0.98876,0.98903,1.57,2.70
2014.10.27 11:59:56.890,0.98875,0.98901,1.65,1.55
2014.10.27 11:59:56.941,0.98879,0.98901,1.10,1.27
