2011.05.09 16:00:00.568,1.03862,1.039,1.35,1.35
2011.05.09 16:00:01.222,1.03864,1.03902,1.35,1.35
2011.05.09 16:00:01.987,1.03857,1.03902,4.13,2.48
2011.05.09 16:00:04.025,1.03857,1.039,4.13,1.35
2011.05.09 16:00:04.137,1.03857,1.03899,4.13,1.13
2011.05.09 16:00:04.248,1.03857,1.03897,2.03,1.13
2011.05.09 16:00:04.357,1.03852,1.03897,1.35,1.13
2011.05.09 16:00:04.470,1.0386,1.03896,2.03,1.50
2011.05.09 16:00:05.218,1.03857,1.03897,3.75,1.44
2011.05.09 16:00:06.387,1.03859,1.03896,1.35,1.44
2011.05.09 16:00:07.632,1.03862,1.03903,1.35,3.53
2011.05.09 16:00:07.750,1.03866,1.03903,1.35,2.78
2011.05.09 16:00:07.971,1.03858,1.03899,2.63,1.13
2011.05.09 16:00:08.193,1.03859,1.039,2.63,3.53
2011.05.09 16:00:08.420,1.03856,1.03899,3.60,1.13
2011.05.09 16:00:08.860,1.03856,1.03899,2.85,2.78
2011.05.09 16:00:09.302,1.03856,1.03899,2.10,2.40
2011.05.09 16:00:09.996,1.03852,1.03896,1.35,3.00
2011.05.09 16:00:10.344,1.03851,1.03895,3.60,2.78
2011.05.09 16:00:11.699,1.03852,1.03895,1.35,2.78
2011.05.09 16:00:21.027,1.03852,1.03891,1.35,1.35
2011.05.09 16:00:24.669,1.03854,1.03895,2.10,2.78
2011.05.09 16:00:26.888,1.03854,1.03895,2.10,2.78
2011.05.09 16:00:26.998,1.0385,1.03892,2.63,1.73
2011.05.09 16:00:27.222,1.03847,1.03889,2.10,2.78
2011.05.09 16:00:29.608,1.03849,1.03893,2.63,1.73
2011.05.09 16:00:29.718,1.03849,1.03894,2.63,2.78
2011.05.09 16:00:29.938,1.03852,1.03897,3.00,4.22
2011.05.09 16:00:30.487,1.03854,1.03901,2.63,3.15
2011.05.09 16:00:32.527,1.03854,1.03899,3.38,2.78
2011.05.09 16:00:32.637,1.03854,1.03898,2.63,1.13
2011.05.09 16:00:32.748,1.03852,1.03894,1.50,2.03
2011.05.09 16:00:33.789,1.03851,1.03896,1.35,3.15
2011.05.09 16:00:34.347,1.03851,1.03896,2.10,3.15
2011.05.09 16:00:34.677,1.03851,1.03894,1.35,1.35
2011.05.09 16:00:35.660,1.03852,1.0389,3.38,1.35
2011.05.09 16:00:35.988,1.03852,1.03896,3.38,1.73
2011.05.09 16:00:36.098,1.03857,1.03897,1.35,1.73
2011.05.09 16:00:36.537,1.03859,1.03899,2.63,1.35
2011.05.09 16:00:36.647,1.03859,1.03901,2.63,1.13
2011.05.09 16:00:37.087,1.03859,1.03903,2.63,3.15
2011.05.09 16:00:37.678,1.03857,1.039,1.35,2.03
2011.05.09 16:00:39.638,1.03856,1.03903,3.75,2.78
2011.05.09 16:00:39.747,1.03857,1.03904,3.00,5.55
2011.05.09 16:00:41.137,1.0386,1.03904,1.35,2.78
2011.05.09 16:00:42.427,1.0386,1.03904,1.35,2.78
2011.05.09 16:00:42.760,1.03873,1.03906,2.03,1.50
2011.05.09 16:00:43.318,1.03875,1.03906,2.03,1.44
2011.05.09 16:00:48.046,1.03875,1.03903,2.03,1.35
2011.05.09 16:00:48.270,1.03862,1.03906,1.73,2.63
2011.05.09 16:00:48.489,1.03865,1.03907,2.63,2.04
2011.05.09 16:00:50.678,1.03865,1.03906,2.63,2.79
2011.05.09 16:00:51.008,1.03862,1.03906,2.63,2.19
2011.05.09 16:00:54.938,1.03863,1.03907,1.73,2.94
2011.05.09 16:00:55.657,1.03866,1.03907,2.63,2.19
2011.05.09 16:00:56.087,1.03866,1.03906,3.38,1.35
2011.05.09 16:00:56.657,1.03866,1.03906,2.63,2.42
2011.05.09 16:00:56.989,1.03861,1.03903,2.63,1.73
2011.05.09 16:00:57.596,1.03861,1.03903,2.63,1.13
2011.05.09 16:00:59.079,1.03861,1.03902,2.63,1.13
2011.05.09 16:00:59.957,1.03861,1.03899,2.63,1.13
2011.05.09 16:01:00.288,1.03856,1.03899,2.03,1.73
2011.05.09 16:01:00.619,1.03856,1.03899,2.03,2.10
2011.05.09 16:01:00.838,1.0386,1.03901,2.63,2.03
2011.05.09 16:01:01.078,1.03862,1.03903,2.03,1.13
2011.05.09 16:01:01.642,1.03862,1.03904,2.03,1.88
2011.05.09 16:01:01.998,1.03862,1.03903,2.03,1.13
2011.05.09 16:01:04.548,1.03859,1.03901,2.40,2.10
2011.05.09 16:01:04.768,1.0386,1.03901,4.65,1.44
2011.05.09 16:01:04.989,1.0386,1.03902,4.05,1.44
2011.05.09 16:01:05.520,1.03861,1.03902,2.03,2.19
2011.05.09 16:01:06.036,1.0386,1.03901,2.03,1.50
2011.05.09 16:01:06.257,1.03858,1.03902,2.03,2.94
2011.05.09 16:01:06.587,1.03861,1.03902,2.03,2.94
2011.05.09 16:01:08.229,1.03859,1.03886,2.03,2.48
2011.05.09 16:01:08.450,1.03851,1.03877,2.03,1.35
2011.05.09 16:01:08.559,1.03853,1.03882,2.03,1.44
2011.05.09 16:01:08.668,1.03846,1.0389,2.63,1.35
2011.05.09 16:01:09.695,1.03848,1.03891,5.85,1.35
2011.05.09 16:01:09.813,1.03852,1.03892,2.63,1.44
2011.05.09 16:01:10.442,1.03852,1.03892,2.63,1.44
2011.05.09 16:01:11.019,1.03851,1.03892,4.88,1.44
2011.05.09 16:01:11.351,1.03858,1.03899,4.73,1.35
2011.05.09 16:01:11.460,1.03859,1.03903,2.10,1.35
2011.05.09 16:01:11.790,1.03862,1.03898,2.03,1.35
2011.05.09 16:01:12.121,1.03859,1.03898,2.03,1.13
2011.05.09 16:01:12.450,1.03856,1.039,2.10,2.78
2011.05.09 16:01:13.108,1.03861,1.03902,2.63,4.13
2011.05.09 16:01:13.681,1.03858,1.03902,5.48,4.50
2011.05.09 16:01:14.050,1.03858,1.03902,4.73,4.50
2011.05.09 16:01:14.600,1.03863,1.03902,2.03,2.03
2011.05.09 16:01:15.040,1.03859,1.03906,2.03,4.44
2011.05.09 16:01:15.261,1.03859,1.03898,2.03,1.13
2011.05.09 16:01:15.766,1.03853,1.03898,2.63,1.13
2011.05.09 16:01:15.879,1.03852,1.03898,2.63,1.13
2011.05.09 16:01:15.987,1.03852,1.03898,2.63,1.13
2011.05.09 16:01:17.839,1.0385,1.03893,4.13,2.10
2011.05.09 16:01:18.057,1.03853,1.03897,2.63,1.13
2011.05.09 16:01:18.167,1.03853,1.03897,2.63,1.13
2011.05.09 16:01:20.088,1.03853,1.03898,2.63,2.40
2011.05.09 16:01:20.198,1.0386,1.03898,2.10,2.40
2011.05.09 16:01:20.529,1.03868,1.03898,2.10,2.03
2011.05.09 16:01:20.641,1.03868,1.039,2.10,2.03
2011.05.09 16:01:20.749,1.03863,1.03907,1.35,3.00
2011.05.09 16:01:20.968,1.03862,1.03903,2.10,4.13
2011.05.09 16:01:21.379,1.03861,1.03903,1.35,4.73
2011.05.09 16:01:21.493,1.03867,1.03904,2.10,2.03
2011.05.09 16:01:21.719,1.03867,1.03909,2.10,2.40
2011.05.09 16:01:24.548,1.03863,1.03908,2.03,3.00
2011.05.09 16:01:25.043,1.03863,1.03906,2.03,1.13
2011.05.09 16:01:25.649,1.03863,1.03908,2.03,3.00
2011.05.09 16:01:25.761,1.03863,1.03908,2.63,2.03
2011.05.09 16:01:25.979,1.03867,1.03911,2.03,1.88
2011.05.09 16:01:27.118,1.03867,1.03911,2.03,1.82
2011.05.09 16:01:30.239,1.03864,1.03909,2.78,2.03
2011.05.09 16:01:30.573,1.0387,1.03906,2.03,1.13
2011.05.09 16:01:30.692,1.03861,1.03906,1.13,2.78
2011.05.09 16:01:30.809,1.03861,1.03906,1.13,2.03
2011.05.09 16:01:30.917,1.03868,1.03906,2.10,2.03
2011.05.09 16:01:31.507,1.03868,1.03907,2.10,2.03
2011.05.09 16:01:31.828,1.03868,1.03909,2.10,2.03
2011.05.09 16:01:32.686,1.03868,1.0391,2.10,2.03
2011.05.09 16:01:32.909,1.03868,1.03908,2.10,3.75
2011.05.09 16:01:33.130,1.03858,1.03901,2.85,2.03
2011.05.09 16:01:33.237,1.03858,1.03901,2.10,2.40
2011.05.09 16:01:33.678,1.03854,1.03899,3.38,2.03
2011.05.09 16:01:34.011,1.03856,1.03899,2.48,2.03
2011.05.09 16:01:34.119,1.0386,1.03905,1.35,3.15
2011.05.09 16:01:34.231,1.03863,1.03908,2.63,3.32
2011.05.09 16:01:34.559,1.03868,1.03912,2.63,2.48
2011.05.09 16:01:35.108,1.03868,1.03911,2.70,2.03
2011.05.09 16:01:35.330,1.03868,1.03914,2.70,2.03
2011.05.09 16:01:35.439,1.03868,1.03914,2.70,2.40
2011.05.09 16:01:35.769,1.03863,1.03908,2.03,2.40
2011.05.09 16:01:36.288,1.03856,1.03901,2.63,2.40
2011.05.09 16:01:36.674,1.03878,1.03901,2.10,2.03
2011.05.09 16:01:36.900,1.03875,1.03918,2.63,2.19
2011.05.09 16:01:37.448,1.03871,1.03917,2.63,1.73
2011.05.09 16:01:38.218,1.03868,1.03912,2.70,4.13
2011.05.09 16:01:38.328,1.03872,1.03916,2.63,3.15
2011.05.09 16:01:38.547,1.03877,1.03918,2.10,2.03
2011.05.09 16:01:38.767,1.03875,1.0392,2.63,2.40
2011.05.09 16:01:38.988,1.03878,1.03921,2.03,1.73
2011.05.09 16:01:39.319,1.03888,1.03925,2.70,1.35
2011.05.09 16:01:39.429,1.03888,1.03929,4.73,4.07
2011.05.09 16:01:39.536,1.0389,1.03929,2.03,2.04
2011.05.09 16:01:39.757,1.03888,1.03926,2.70,1.29
2011.05.09 16:01:39.978,1.03888,1.03927,2.10,2.79
2011.05.09 16:01:40.089,1.03885,1.03926,2.03,2.42
2011.05.09 16:01:40.587,1.03888,1.03929,2.70,2.78
2011.05.09 16:01:40.810,1.03885,1.03929,2.03,2.03
2011.05.09 16:01:40.917,1.03885,1.03929,2.03,2.40
2011.05.09 16:01:41.250,1.03887,1.0393,2.03,1.73
2011.05.09 16:01:41.468,1.03879,1.03924,2.03,2.03
2011.05.09 16:01:42.239,1.03879,1.03924,2.78,2.03
2011.05.09 16:01:42.351,1.03888,1.03931,2.10,1.13
2011.05.09 16:01:42.677,1.03881,1.03926,3.75,2.03
2011.05.09 16:01:43.008,1.03879,1.03925,3.38,2.63
2011.05.09 16:01:43.227,1.03878,1.03925,2.63,2.63
2011.05.09 16:01:43.824,1.03878,1.03925,3.00,2.63
2011.05.09 16:01:43.937,1.03881,1.03925,1.50,2.63
2011.05.09 16:01:44.285,1.03884,1.03929,2.03,2.63
2011.05.09 16:01:45.104,1.03884,1.03929,2.78,3.38
2011.05.09 16:01:45.378,1.03884,1.03929,2.03,2.63
2011.05.09 16:01:45.488,1.03886,1.03931,2.40,4.07
2011.05.09 16:01:45.707,1.03888,1.03931,2.10,3.38
2011.05.09 16:01:46.308,1.03888,1.03931,2.10,3.32
2011.05.09 16:01:47.887,1.03888,1.03932,2.70,1.44
2011.05.09 16:01:48.219,1.03898,1.03931,2.10,1.44
2011.05.09 16:01:48.327,1.03892,1.03931,2.78,1.44
2011.05.09 16:01:48.657,1.03887,1.03931,4.13,1.82
2011.05.09 16:01:49.689,1.03886,1.03931,2.78,4.59
2011.05.09 16:01:51.033,1.03886,1.0393,2.78,1.13
2011.05.09 16:01:53.149,1.03885,1.03929,3.38,1.13
2011.05.09 16:01:53.696,1.0388,1.03923,2.63,2.10
2011.05.09 16:01:55.277,1.03881,1.03923,5.03,2.10
2011.05.09 16:01:56.224,1.03883,1.03926,2.63,2.94
2011.05.09 16:01:58.032,1.03883,1.03924,2.63,2.78
2011.05.09 16:01:58.577,1.03879,1.03925,1.73,2.03
2011.05.09 16:01:58.818,1.03879,1.03925,1.73,2.63
2011.05.09 16:01:59.837,1.03879,1.03919,3.15,2.10
2011.05.09 16:02:00.170,1.03878,1.03919,2.03,2.48
2011.05.09 16:02:00.389,1.03874,1.03919,2.63,2.48
2011.05.09 16:02:01.149,1.03872,1.03918,3.38,2.63
2011.05.09 16:02:01.256,1.03872,1.03918,3.38,2.63
2011.05.09 16:02:04.650,1.03876,1.03919,1.35,1.13
2011.05.09 16:02:04.758,1.03876,1.03922,1.35,2.03
2011.05.09 16:02:04.978,1.03878,1.03925,2.40,2.63
2011.05.09 16:02:06.058,1.0388,1.03925,3.15,2.63
2011.05.09 16:02:06.389,1.03871,1.03917,2.85,2.03
2011.05.09 16:02:06.610,1.0388,1.0392,1.35,2.03
2011.05.09 16:02:07.052,1.03884,1.0392,1.13,2.03
2011.05.09 16:02:07.164,1.03887,1.03931,2.85,3.32
2011.05.09 16:02:07.278,1.03887,1.03931,2.85,4.07
2011.05.09 16:02:08.757,1.03886,1.03929,2.78,2.42
2011.05.09 16:02:08.868,1.03884,1.03926,2.03,1.50
2011.05.09 16:02:09.197,1.03882,1.03926,2.03,1.50
2011.05.09 16:02:10.447,1.03883,1.03927,2.03,1.44
2011.05.09 16:02:10.888,1.03883,1.03927,2.03,1.13
2011.05.09 16:02:10.999,1.03878,1.03925,2.63,2.40
2011.05.09 16:02:12.849,1.03877,1.03922,4.65,2.03
2011.05.09 16:02:14.768,1.03879,1.03926,3.38,2.03
2011.05.09 16:02:15.430,1.03881,1.03926,2.03,2.03
2011.05.09 16:02:16.098,1.03881,1.03926,2.03,2.78
2011.05.09 16:02:16.752,1.03881,1.03926,2.78,2.78
2011.05.09 16:02:18.877,1.03884,1.03926,1.13,2.03
2011.05.09 16:02:19.438,1.03886,1.03927,2.78,1.44
2011.05.09 16:02:19.769,1.03887,1.03926,2.85,2.19
2011.05.09 16:02:20.287,1.03887,1.03927,2.10,2.19
2011.05.09 16:02:20.937,1.03887,1.03927,3.23,2.19
2011.05.09 16:02:21.157,1.03887,1.03929,3.23,2.63
2011.05.09 16:02:21.267,1.03887,1.03927,3.23,2.03
2011.05.09 16:02:22.038,1.03887,1.0393,3.23,2.63
2011.05.09 16:02:22.407,1.03887,1.03927,3.83,2.03
2011.05.09 16:02:22.627,1.03888,1.0393,1.73,2.03
2011.05.09 16:02:23.027,1.03889,1.0393,1.73,2.03
2011.05.09 16:02:23.468,1.03889,1.03926,1.73,2.19
2011.05.09 16:02:23.797,1.03889,1.03929,1.73,1.44
2011.05.09 16:02:24.017,1.03889,1.03928,1.73,1.44
2011.05.09 16:02:24.129,1.03887,1.03927,2.70,1.44
2011.05.09 16:02:24.787,1.03888,1.03927,2.70,4.97
2011.05.09 16:02:26.014,1.03888,1.03927,2.48,2.03
2011.05.09 16:02:26.134,1.03898,1.03932,2.10,1.44
2011.05.09 16:02:26.252,1.03898,1.03926,2.10,2.03
2011.05.09 16:02:26.368,1.03888,1.03926,3.08,2.03
2011.05.09 16:02:26.872,1.0389,1.03926,1.35,2.03
2011.05.09 16:02:27.908,1.03888,1.03926,2.10,2.03
2011.05.09 16:02:28.457,1.03888,1.03925,2.10,1.44
2011.05.09 16:02:29.146,1.03888,1.03926,2.10,2.19
2011.05.09 16:02:30.797,1.03888,1.03927,2.10,2.03
2011.05.09 16:02:33.528,1.03887,1.03929,2.03,1.88
2011.05.09 16:02:34.050,1.03886,1.03929,4.05,1.13
2011.05.09 16:02:34.163,1.03883,1.03926,2.63,3.47
2011.05.09 16:02:34.498,1.03882,1.03923,2.63,2.10
2011.05.09 16:02:36.068,1.03877,1.03922,3.45,2.03
2011.05.09 16:02:37.132,1.03877,1.03922,2.70,2.78
2011.05.09 16:02:39.046,1.03877,1.03922,2.70,3.38
2011.05.09 16:02:41.187,1.03877,1.03922,2.70,2.63
2011.05.09 16:02:41.298,1.03878,1.03922,1.13,2.63
2011.05.09 16:02:41.627,1.03881,1.03922,2.03,1.35
2011.05.09 16:02:43.168,1.03881,1.03918,2.03,1.13
2011.05.09 16:02:43.389,1.03876,1.03921,2.63,3.47
2011.05.09 16:02:43.500,1.03881,1.03922,2.03,4.14
2011.05.09 16:02:45.052,1.03881,1.03921,2.03,2.19
2011.05.09 16:02:47.592,1.03881,1.03921,2.03,1.44
2011.05.09 16:02:48.147,1.03882,1.03922,2.03,1.44
2011.05.09 16:02:48.477,1.03882,1.03922,2.03,2.19
2011.05.09 16:02:48.589,1.0388,1.03921,2.63,1.50
2011.05.09 16:02:49.367,1.0388,1.03922,3.38,1.44
2011.05.09 16:02:49.587,1.0388,1.03926,3.38,2.03
2011.05.09 16:02:49.947,1.03885,1.03929,2.03,1.88
2011.05.09 16:02:50.167,1.03885,1.0393,2.03,2.78
2011.05.09 16:02:50.387,1.03886,1.03931,2.03,3.38
2011.05.09 16:02:50.499,1.03884,1.03929,2.03,1.13
2011.05.09 16:02:51.409,1.03884,1.03929,2.03,1.88
2011.05.09 16:02:51.957,1.03884,1.03929,2.03,1.88
2011.05.09 16:02:52.870,1.03884,1.03929,2.03,1.13
2011.05.09 16:02:52.983,1.03888,1.03927,2.10,1.44
2011.05.09 16:02:53.098,1.03885,1.03928,2.03,1.13
2011.05.09 16:02:53.209,1.03887,1.03928,2.03,1.44
2011.05.09 16:02:53.542,1.03877,1.03923,2.63,1.73
2011.05.09 16:02:53.878,1.03875,1.0392,3.15,2.63
2011.05.09 16:02:54.539,1.03875,1.0392,2.03,4.50
2011.05.09 16:02:54.650,1.03872,1.03917,4.05,1.73
2011.05.09 16:02:54.759,1.03872,1.03912,4.05,2.10
2011.05.09 16:02:56.006,1.03871,1.03912,2.03,2.10
2011.05.09 16:02:59.828,1.03871,1.03914,2.78,1.13
2011.05.09 16:03:00.458,1.03872,1.03915,2.78,2.03
2011.05.09 16:03:00.678,1.03876,1.03919,2.03,3.00
2011.05.09 16:03:00.788,1.03874,1.03921,2.03,3.00
2011.05.09 16:03:01.321,1.03871,1.03918,2.78,2.63
2011.05.09 16:03:01.427,1.03871,1.03918,2.78,2.63
2011.05.09 16:03:01.764,1.03876,1.03921,2.03,3.00
2011.05.09 16:03:03.099,1.03876,1.03916,2.03,1.35
2011.05.09 16:03:03.648,1.03877,1.03916,2.03,1.35
2011.05.09 16:03:04.088,1.03877,1.03919,2.03,1.73
2011.05.09 16:03:04.197,1.03877,1.03922,2.40,5.48
2011.05.09 16:03:04.308,1.03878,1.03922,2.48,4.88
2011.05.09 16:03:04.844,1.03886,1.03929,3.38,1.13
2011.05.09 16:03:04.965,1.03881,1.03924,2.03,1.13
2011.05.09 16:03:06.187,1.03881,1.03928,2.78,3.75
2011.05.09 16:03:07.019,1.03881,1.03926,3.38,2.03
2011.05.09 16:03:07.238,1.03881,1.03928,3.38,2.78
2011.05.09 16:03:07.797,1.03883,1.03928,2.03,2.78
2011.05.09 16:03:08.323,1.03883,1.03928,2.03,2.78
2011.05.09 16:03:08.548,1.03881,1.03924,4.65,1.13
2011.05.09 16:03:09.097,1.03881,1.03924,2.63,1.88
2011.05.09 16:03:09.793,1.03885,1.03924,2.03,1.13
2011.05.09 16:03:09.911,1.03879,1.03923,2.63,2.40
2011.05.09 16:03:10.149,1.03876,1.03919,2.63,2.03
2011.05.09 16:03:10.479,1.03872,1.03919,2.78,2.40
2011.05.09 16:03:10.591,1.03872,1.03918,2.03,1.13
2011.05.09 16:03:10.811,1.0387,1.03915,2.03,3.00
2011.05.09 16:03:11.252,1.03867,1.03912,3.15,2.03
2011.05.09 16:03:11.370,1.03868,1.03913,3.15,2.63
2011.05.09 16:03:11.920,1.03869,1.03913,1.73,2.03
2011.05.09 16:03:12.030,1.03878,1.03915,3.08,2.03
2011.05.09 16:03:12.140,1.03887,1.03931,2.70,2.78
2011.05.09 16:03:12.468,1.03887,1.03933,2.70,3.53
2011.05.09 16:03:12.687,1.03887,1.0393,2.70,2.03
2011.05.09 16:03:14.288,1.03887,1.03928,3.45,2.03
2011.05.09 16:03:14.608,1.03887,1.03931,3.45,2.78
2011.05.09 16:03:15.054,1.03887,1.03931,3.45,2.03
2011.05.09 16:03:17.352,1.03887,1.03931,3.45,2.72
2011.05.09 16:03:17.908,1.0389,1.03931,2.78,1.44
2011.05.09 16:03:18.629,1.03887,1.03931,5.48,1.44
2011.05.09 16:03:18.738,1.03887,1.03931,4.73,1.44
2011.05.09 16:03:20.361,1.03888,1.03932,2.03,1.44
2011.05.09 16:03:20.471,1.0389,1.03931,2.03,2.10
2011.05.09 16:03:21.052,1.03889,1.0393,2.03,1.35
2011.05.09 16:03:21.608,1.03885,1.03929,2.63,1.73
2011.05.09 16:03:22.748,1.03885,1.03929,2.03,2.48
2011.05.09 16:03:23.298,1.03884,1.03924,2.03,1.35
2011.05.09 16:03:24.031,1.03885,1.03924,2.03,1.35
2011.05.09 16:03:25.017,1.03884,1.03928,2.03,1.35
2011.05.09 16:03:25.863,1.03883,1.03928,2.03,1.35
2011.05.09 16:03:27.227,1.03886,1.03923,2.03,1.35
2011.05.09 16:03:28.298,1.03884,1.03923,2.03,1.35
2011.05.09 16:03:28.885,1.03882,1.03926,3.75,2.03
2011.05.09 16:03:29.002,1.03888,1.03931,1.13,3.47
2011.05.09 16:03:29.768,1.03888,1.03929,1.13,2.03
2011.05.09 16:03:31.089,1.03889,1.03929,1.13,2.03
2011.05.09 16:03:31.309,1.03889,1.03931,1.13,2.03
2011.05.09 16:03:33.287,1.03889,1.03932,1.88,2.04
2011.05.09 16:03:33.397,1.03889,1.0393,1.88,2.03
2011.05.09 16:03:34.597,1.03889,1.03929,1.88,2.03
2011.05.09 16:03:35.238,1.03887,1.03929,3.45,2.03
2011.05.09 16:03:35.350,1.03886,1.03929,1.35,2.03
2011.05.09 16:03:35.901,1.03886,1.03928,1.35,2.03
2011.05.09 16:03:36.327,1.03887,1.03929,1.35,2.03
2011.05.09 16:03:37.068,1.03889,1.0393,1.88,2.03
2011.05.09 16:03:42.162,1.03889,1.03927,1.13,2.03
2011.05.09 16:03:42.948,1.03889,1.03928,1.13,2.03
2011.05.09 16:03:43.876,1.03889,1.03926,1.13,2.03
2011.05.09 16:03:50.667,1.03891,1.03926,1.13,2.03
2011.05.09 16:03:50.998,1.03887,1.03926,4.13,2.03
2011.05.09 16:03:51.217,1.03887,1.03925,1.35,2.03
2011.05.09 16:03:52.085,1.03887,1.03925,1.73,2.03
2011.05.09 16:03:52.418,1.03889,1.03926,1.13,2.63
2011.05.09 16:03:53.438,1.03889,1.03929,1.13,2.03
2011.05.09 16:03:54.937,1.03889,1.03929,1.13,2.03
2011.05.09 16:03:55.049,1.03891,1.03933,1.13,2.63
2011.05.09 16:03:55.640,1.03889,1.03933,3.90,2.63
2011.05.09 16:03:55.762,1.03889,1.0393,1.13,2.03
2011.05.09 16:03:56.591,1.03891,1.0393,1.13,2.03
2011.05.09 16:03:56.808,1.03891,1.03933,1.13,2.63
2011.05.09 16:03:56.919,1.03889,1.03932,3.53,2.03
2011.05.09 16:03:57.028,1.03889,1.0393,1.50,2.03
2011.05.09 16:03:57.470,1.03887,1.0393,1.35,2.78
2011.05.09 16:03:57.799,1.03883,1.03925,2.78,1.35
2011.05.09 16:03:58.327,1.03879,1.03924,3.15,2.03
2011.05.09 16:03:58.707,1.03879,1.03924,3.15,2.03
2011.05.09 16:03:59.279,1.03884,1.03926,2.40,1.35
2011.05.09 16:03:59.861,1.03887,1.03929,1.35,2.78
2011.05.09 16:04:00.408,1.03887,1.0393,3.45,2.03
2011.05.09 16:04:00.518,1.03887,1.03929,2.85,2.63
2011.05.09 16:04:00.629,1.03883,1.03929,1.35,2.63
2011.05.09 16:04:00.849,1.0388,1.03925,2.78,2.03
2011.05.09 16:04:01.067,1.03878,1.03925,4.88,2.03
2011.05.09 16:04:01.507,1.03882,1.03923,1.13,2.03
2011.05.09 16:04:01.618,1.03882,1.03923,1.13,2.03
2011.05.09 16:04:01.729,1.03882,1.03925,1.13,2.03
2011.05.09 16:04:02.168,1.03883,1.03928,2.03,1.44
2011.05.09 16:04:02.608,1.03883,1.03927,2.03,2.19
2011.05.09 16:04:03.369,1.03882,1.03927,1.13,4.22
2011.05.09 16:04:03.719,1.03882,1.03922,1.13,2.03
2011.05.09 16:04:04.227,1.03882,1.03922,1.13,2.03
2011.05.09 16:04:04.486,1.03882,1.03924,1.13,2.03
2011.05.09 16:04:04.708,1.03879,1.03924,2.78,2.03
2011.05.09 16:04:05.663,1.03878,1.03919,3.23,2.03
2011.05.09 16:04:06.197,1.03878,1.03919,3.23,2.03
2011.05.09 16:04:07.908,1.03881,1.03919,1.13,2.03
2011.05.09 16:04:08.518,1.03883,1.03929,2.40,2.79
2011.05.09 16:04:09.072,1.03883,1.03928,3.15,1.50
2011.05.09 16:04:10.879,1.03883,1.03928,3.15,2.19
2011.05.09 16:04:11.793,1.03887,1.03927,1.35,2.19
2011.05.09 16:04:12.188,1.03887,1.03928,1.35,2.19
2011.05.09 16:04:13.455,1.03887,1.03928,1.35,1.50
2011.05.09 16:04:14.184,1.03887,1.03927,1.35,2.19
2011.05.09 16:04:14.527,1.03883,1.03928,2.63,1.88
2011.05.09 16:04:14.971,1.03889,1.03932,1.35,2.10
2011.05.09 16:04:15.498,1.0389,1.03936,2.63,1.35
2011.05.09 16:04:17.840,1.03891,1.03933,1.35,2.78
2011.05.09 16:04:22.027,1.03891,1.03932,1.35,2.03
2011.05.09 16:04:23.659,1.03894,1.03933,2.63,2.78
2011.05.09 16:04:24.348,1.03904,1.03938,2.03,1.13
2011.05.09 16:04:24.568,1.03896,1.03938,1.35,1.13
2011.05.09 16:04:32.939,1.03894,1.03932,2.63,2.10
2011.05.09 16:04:34.122,1.03889,1.03932,2.63,2.85
2011.05.09 16:04:35.078,1.03889,1.03932,2.63,2.85
2011.05.09 16:04:35.439,1.03889,1.03929,2.63,1.13
2011.05.09 16:04:35.659,1.03885,1.0393,2.63,2.78
2011.05.09 16:04:36.208,1.03889,1.03931,2.63,2.19
2011.05.09 16:04:43.900,1.03889,1.03928,2.63,1.13
2011.05.09 16:04:44.229,1.03892,1.03927,2.63,1.50
2011.05.09 16:04:44.339,1.03892,1.03933,2.63,1.44
2011.05.09 16:04:44.448,1.03892,1.03937,2.63,3.15
2011.05.09 16:04:46.131,1.03893,1.03937,2.63,1.13
2011.05.09 16:04:47.217,1.03893,1.03937,2.63,1.13
2011.05.09 16:04:49.847,1.03892,1.03933,1.35,1.50
2011.05.09 16:04:49.959,1.03889,1.03928,1.13,1.44
2011.05.09 16:04:50.288,1.03887,1.03931,2.10,2.78
2011.05.09 16:04:50.399,1.03887,1.03931,2.10,2.03
2011.05.09 16:04:50.618,1.03883,1.0393,3.38,2.40
2011.05.09 16:04:51.388,1.03884,1.03929,2.63,2.78
2011.05.09 16:04:51.608,1.03885,1.0393,2.63,2.03
2011.05.09 16:04:51.828,1.03888,1.03935,4.13,4.13
2011.05.09 16:04:51.937,1.03888,1.03935,4.13,3.38
2011.05.09 16:04:52.663,1.03888,1.03934,2.10,2.03
2011.05.09 16:04:54.147,1.03888,1.03934,2.85,2.78
2011.05.09 16:04:56.857,1.03888,1.03934,2.10,2.03
2011.05.09 16:04:56.970,1.03888,1.03934,2.10,2.40
2011.05.09 16:04:57.298,1.03885,1.03928,1.35,2.03
2011.05.09 16:04:58.031,1.03885,1.03928,1.35,2.03
2011.05.09 16:04:58.519,1.03885,1.03922,3.38,1.44
2011.05.09 16:04:58.740,1.03882,1.03922,2.78,1.44
2011.05.09 16:04:58.960,1.0388,1.03922,2.03,1.82
2011.05.09 16:04:59.809,1.03879,1.03921,2.03,2.94
2011.05.09 16:04:59.920,1.03883,1.0392,2.10,1.44
2011.05.09 16:05:00.331,1.03884,1.03922,1.35,1.44
2011.05.09 16:05:00.987,1.03881,1.03922,1.73,1.44
2011.05.09 16:05:01.508,1.03882,1.03928,2.63,4.07
2011.05.09 16:05:01.619,1.03882,1.03927,3.00,2.03
2011.05.09 16:05:02.167,1.03887,1.03929,2.70,2.03
2011.05.09 16:05:02.717,1.03887,1.03928,2.70,2.03
2011.05.09 16:05:03.317,1.03887,1.03927,2.70,2.03
2011.05.09 16:05:04.117,1.0389,1.03927,1.35,2.03
2011.05.09 16:05:05.180,1.0389,1.03928,1.35,2.03
2011.05.09 16:05:05.908,1.0389,1.03929,1.35,2.03
2011.05.09 16:05:07.009,1.0389,1.03928,1.35,2.03
2011.05.09 16:05:07.609,1.0389,1.03929,1.35,2.03
2011.05.09 16:05:07.719,1.03893,1.03932,2.48,1.44
2011.05.09 16:05:07.828,1.03899,1.03943,3.00,2.10
2011.05.09 16:05:08.049,1.03904,1.03943,1.13,2.03
2011.05.09 16:05:08.378,1.03907,1.03944,2.10,2.78
2011.05.09 16:05:09.478,1.03903,1.03944,1.50,2.78
2011.05.09 16:05:09.588,1.03902,1.03942,1.35,2.03
2011.05.09 16:05:09.697,1.03902,1.03942,1.35,2.03
2011.05.09 16:05:10.638,1.03906,1.03942,1.35,2.03
2011.05.09 16:05:11.078,1.03907,1.03945,3.45,1.44
2011.05.09 16:05:12.149,1.03909,1.03945,1.35,1.44
2011.05.09 16:05:13.187,1.0391,1.03944,1.13,1.44
2011.05.09 16:05:14.068,1.03909,1.03947,1.35,2.03
2011.05.09 16:05:14.399,1.03911,1.03953,1.35,2.72
2011.05.09 16:05:14.838,1.0391,1.03951,2.10,2.03
2011.05.09 16:05:14.950,1.03909,1.03951,1.35,2.03
2011.05.09 16:05:16.139,1.03909,1.03951,1.35,2.63
2011.05.09 16:05:18.061,1.03909,1.03951,1.35,2.63
2011.05.09 16:05:18.860,1.03908,1.03951,2.85,2.63
2011.05.09 16:05:19.907,1.03908,1.03949,2.85,1.35
2011.05.09 16:05:20.650,1.03914,1.03943,2.10,1.44
2011.05.09 16:05:20.981,1.03923,1.03956,2.10,2.25
2011.05.09 16:05:21.092,1.03919,1.03963,3.90,1.44
2011.05.09 16:05:21.210,1.03921,1.03964,2.03,1.82
2011.05.09 16:05:21.541,1.03912,1.03949,2.03,1.35
2011.05.09 16:05:22.094,1.03898,1.03944,7.88,2.63
2011.05.09 16:05:22.538,1.03899,1.03943,2.03,2.63
2011.05.09 16:05:22.648,1.03901,1.03945,2.03,4.07
2011.05.09 16:05:23.679,1.03901,1.03945,2.40,3.47
2011.05.09 16:05:24.008,1.03904,1.03946,2.78,3.54
2011.05.09 16:05:24.449,1.03904,1.03946,2.78,3.54
2011.05.09 16:05:25.069,1.03902,1.03945,1.13,2.72
2011.05.09 16:05:25.398,1.03901,1.03946,2.40,3.54
2011.05.09 16:05:25.619,1.03899,1.03944,3.00,2.03
2011.05.09 16:05:26.281,1.03898,1.03929,2.85,2.03
2011.05.09 16:05:26.395,1.03885,1.03926,2.03,1.13
2011.05.09 16:05:26.620,1.0389,1.03931,2.03,1.13
2011.05.09 16:05:27.118,1.03892,1.03932,2.03,3.32
2011.05.09 16:05:27.447,1.0389,1.03931,2.03,1.07
2011.05.09 16:05:27.778,1.03889,1.03929,2.03,1.73
2011.05.09 16:05:27.887,1.03881,1.03928,2.78,3.00
2011.05.09 16:05:28.107,1.0388,1.03925,2.78,3.00
2011.05.09 16:05:28.657,1.03878,1.03923,2.03,5.85
2011.05.09 16:05:28.878,1.0388,1.03923,2.03,3.08
2011.05.09 16:05:29.208,1.0388,1.03923,2.03,5.10
2011.05.09 16:05:29.428,1.03877,1.03923,1.50,5.10
2011.05.09 16:05:31.460,1.03878,1.03923,2.03,3.08
2011.05.09 16:05:31.567,1.0388,1.03923,2.03,3.08
2011.05.09 16:05:32.468,1.03878,1.03917,2.03,2.63
2011.05.09 16:05:32.579,1.03872,1.03917,2.78,2.63
2011.05.09 16:05:32.908,1.03872,1.03917,2.03,3.00
2011.05.09 16:05:33.458,1.03871,1.03915,2.78,2.03
2011.05.09 16:05:33.787,1.03876,1.03918,2.03,1.35
2011.05.09 16:05:35.549,1.03879,1.03921,2.03,1.88
2011.05.09 16:05:36.043,1.03878,1.0391,3.45,2.03
2011.05.09 16:05:36.268,1.03874,1.03908,1.35,2.03
2011.05.09 16:05:36.489,1.03869,1.03908,3.75,2.03
2011.05.09 16:05:36.930,1.03869,1.03907,2.63,2.03
2011.05.09 16:05:37.370,1.03868,1.03907,3.60,2.03
2011.05.09 16:05:37.969,1.03869,1.03907,2.78,2.03
2011.05.09 16:05:38.078,1.0387,1.03916,2.03,2.79
2011.05.09 16:05:38.638,1.03871,1.03916,2.03,4.29
2011.05.09 16:05:39.168,1.03872,1.03916,1.13,6.32
2011.05.09 16:05:39.497,1.03877,1.03916,3.45,3.54
2011.05.09 16:05:40.939,1.0388,1.03916,1.35,2.04
2011.05.09 16:05:41.979,1.0388,1.03916,1.35,3.54
2011.05.09 16:05:42.527,1.0388,1.03916,1.35,3.54
2011.05.09 16:05:42.978,1.03885,1.03916,1.35,1.44
2011.05.09 16:05:43.198,1.0388,1.03916,1.35,1.44
2011.05.09 16:05:43.804,1.0388,1.03916,1.35,1.44
2011.05.09 16:05:44.330,1.03877,1.03916,3.45,1.44
2011.05.09 16:05:46.008,1.03877,1.03915,1.35,3.47
2011.05.09 16:05:46.708,1.03872,1.03915,1.35,3.47
2011.05.09 16:05:47.358,1.03872,1.03914,1.35,2.03
2011.05.09 16:05:47.825,1.03872,1.03914,1.35,2.03
2011.05.09 16:05:48.778,1.03872,1.03913,1.35,2.03
2011.05.09 16:05:49.159,1.03872,1.03913,1.35,2.03
2011.05.09 16:05:51.487,1.03871,1.03913,1.35,2.03
2011.05.09 16:05:51.708,1.03871,1.0391,1.35,2.03
2011.05.09 16:05:52.324,1.0387,1.0391,1.35,2.63
2011.05.09 16:05:53.110,1.0387,1.0391,1.35,2.63
2011.05.09 16:05:53.417,1.03872,1.0391,1.35,2.03
2011.05.09 16:05:53.638,1.03872,1.03914,1.35,2.03
2011.05.09 16:05:56.153,1.03872,1.03914,1.35,2.03
2011.05.09 16:05:56.271,1.03872,1.03911,1.35,2.03
2011.05.09 16:05:57.398,1.03871,1.0391,1.35,2.03
2011.05.09 16:05:57.839,1.03872,1.0391,1.35,2.63
2011.05.09 16:05:58.276,1.03874,1.03914,1.35,2.03
2011.05.09 16:05:59.229,1.03871,1.03914,2.10,2.03
2011.05.09 16:06:00.243,1.03871,1.03914,1.35,2.78
2011.05.09 16:06:00.468,1.03868,1.0391,2.78,1.35
2011.05.09 16:06:00.909,1.03863,1.03908,2.10,2.03
2011.05.09 16:06:01.239,1.03863,1.03907,1.35,2.63
2011.05.09 16:06:02.769,1.03869,1.03908,1.35,2.63
2011.05.09 16:06:03.862,1.03863,1.03903,2.63,2.10
2011.05.09 16:06:03.974,1.03866,1.03903,1.35,4.73
2011.05.09 16:06:04.660,1.03861,1.03903,2.63,1.35
2011.05.09 16:06:04.771,1.03861,1.03905,2.03,1.13
2011.05.09 16:06:04.879,1.03858,1.03905,2.03,3.15
2011.05.09 16:06:04.990,1.03862,1.03906,2.03,2.63
2011.05.09 16:06:06.739,1.03862,1.03906,2.03,3.00
2011.05.09 16:06:07.069,1.03857,1.03901,1.35,2.78
2011.05.09 16:06:07.195,1.03858,1.03901,1.50,2.03
2011.05.09 16:06:10.490,1.03861,1.03898,1.35,1.35
2011.05.09 16:06:11.668,1.03857,1.03899,3.38,1.35
2011.05.09 16:06:15.679,1.03861,1.03905,1.73,2.63
2011.05.09 16:06:16.009,1.03869,1.03909,2.63,1.73
2011.05.09 16:06:16.339,1.03867,1.03909,2.10,1.35
2011.05.09 16:06:16.946,1.03868,1.0391,2.10,2.03
2011.05.09 16:06:17.574,1.03869,1.03915,1.73,2.63
2011.05.09 16:06:17.939,1.03869,1.03915,1.73,2.63
2011.05.09 16:06:18.869,1.03871,1.03915,1.35,2.63
2011.05.09 16:06:19.739,1.03871,1.03915,1.35,3.00
2011.05.09 16:06:19.848,1.03871,1.03913,1.35,2.78
2011.05.09 16:06:20.177,1.03868,1.03911,2.85,2.63
2011.05.09 16:06:20.910,1.03872,1.03911,1.35,2.03
2011.05.09 16:06:21.931,1.03872,1.03912,1.35,2.78
2011.05.09 16:06:22.043,1.03875,1.03917,2.10,4.22
2011.05.09 16:06:23.049,1.03877,1.03917,1.35,4.97
2011.05.09 16:06:25.887,1.03876,1.03913,1.35,1.35
2011.05.09 16:06:27.591,1.03872,1.03913,2.78,2.85
2011.05.09 16:06:28.459,1.03872,1.03909,2.63,1.35
2011.05.09 16:06:31.008,1.03868,1.03909,2.10,1.35
2011.05.09 16:06:31.318,1.03868,1.03913,2.70,1.13
2011.05.09 16:06:31.428,1.03872,1.03914,1.35,2.03
2011.05.09 16:06:31.538,1.03872,1.03916,1.35,3.38
2011.05.09 16:06:31.648,1.03872,1.03916,1.35,3.00
2011.05.09 16:06:31.979,1.0387,1.03917,4.65,3.38
2011.05.09 16:06:33.919,1.0387,1.03914,2.63,1.13
2011.05.09 16:06:34.249,1.03868,1.03913,4.13,3.00
2011.05.09 16:06:34.930,1.03868,1.03909,2.10,3.00
2011.05.09 16:06:35.369,1.03865,1.03906,2.03,2.04
2011.05.09 16:06:35.915,1.03863,1.0391,3.38,3.00
2011.05.09 16:06:36.499,1.03863,1.0391,3.38,3.00
2011.05.09 16:06:37.572,1.03862,1.03906,1.35,2.03
2011.05.09 16:06:37.901,1.03867,1.03906,3.38,2.03
2011.05.09 16:06:38.010,1.0387,1.03914,2.63,2.03
2011.05.09 16:06:38.230,1.03872,1.03916,3.00,4.22
2011.05.09 16:06:38.340,1.03874,1.03919,2.03,3.53
2011.05.09 16:06:38.667,1.03875,1.03921,1.35,3.15
2011.05.09 16:06:39.018,1.03876,1.03921,1.73,2.03
2011.05.09 16:06:39.578,1.03877,1.03922,2.63,3.15
2011.05.09 16:06:39.688,1.03877,1.03921,2.03,1.50
2011.05.09 16:06:40.292,1.03869,1.03913,2.03,1.73
2011.05.09 16:06:40.400,1.03867,1.03912,2.03,3.15
2011.05.09 16:06:40.509,1.03867,1.03909,2.03,2.40
2011.05.09 16:06:40.618,1.03863,1.03907,1.35,2.40
2011.05.09 16:06:40.948,1.03862,1.03906,2.48,2.03
2011.05.09 16:06:41.278,1.03871,1.03913,2.63,1.13
2011.05.09 16:06:41.609,1.03862,1.03908,1.35,3.15
2011.05.09 16:06:42.689,1.03864,1.03907,1.35,2.40
2011.05.09 16:06:42.912,1.03868,1.03913,5.48,1.13
2011.05.09 16:06:44.158,1.03867,1.03912,1.35,3.15
2011.05.09 16:06:44.929,1.03867,1.03911,2.70,2.03
2011.05.09 16:06:45.041,1.0387,1.03915,2.63,3.53
2011.05.09 16:06:45.258,1.0387,1.03915,4.13,2.78
2011.05.09 16:06:45.920,1.03872,1.03916,1.35,3.32
2011.05.09 16:06:46.253,1.03878,1.03913,2.10,2.03
2011.05.09 16:06:46.369,1.03878,1.03918,2.48,2.03
2011.05.09 16:06:46.478,1.03883,1.03921,1.35,2.03
2011.05.09 16:06:46.699,1.03883,1.03927,2.85,2.03
2011.05.09 16:06:46.810,1.03887,1.03929,1.35,2.03
2011.05.09 16:06:47.211,1.03887,1.03933,1.35,4.13
2011.05.09 16:06:49.038,1.0389,1.03935,2.03,4.59
2011.05.09 16:06:49.621,1.0389,1.03935,2.03,3.84
2011.05.09 16:06:49.950,1.03894,1.03937,3.75,1.44
2011.05.09 16:06:50.168,1.03901,1.03945,3.75,1.44
2011.05.09 16:06:51.029,1.03905,1.03945,1.73,1.44
2011.05.09 16:06:51.249,1.03907,1.03951,4.20,2.72
2011.05.09 16:06:51.359,1.03907,1.0395,2.10,2.40
2011.05.09 16:06:52.009,1.03901,1.03946,1.35,2.63
2011.05.09 16:06:52.338,1.03905,1.0395,2.63,2.63
2011.05.09 16:06:52.998,1.03906,1.03951,5.25,2.72
2011.05.09 16:06:53.910,1.03907,1.03951,4.73,1.13
2011.05.09 16:06:54.022,1.03907,1.03944,2.03,1.73
2011.05.09 16:06:54.129,1.03898,1.03942,1.35,2.63
2011.05.09 16:06:54.240,1.03897,1.03937,1.35,2.03
2011.05.09 16:06:54.349,1.03897,1.03942,3.38,2.63
2011.05.09 16:06:54.682,1.03901,1.0394,1.35,2.03
2011.05.09 16:06:54.899,1.03898,1.03942,3.08,1.44
2011.05.09 16:06:55.119,1.03901,1.0394,2.63,1.44
2011.05.09 16:06:55.669,1.03897,1.03939,1.35,2.03
2011.05.09 16:06:56.267,1.03896,1.0394,1.35,2.03
2011.05.09 16:06:57.109,1.03896,1.0394,1.35,2.78
2011.05.09 16:06:57.218,1.03896,1.0394,1.35,3.38
2011.05.09 16:06:57.328,1.03896,1.03939,1.35,1.50
2011.05.09 16:06:57.658,1.03891,1.03933,3.75,2.03
2011.05.09 16:06:57.770,1.03894,1.03939,2.63,3.53
2011.05.09 16:06:57.880,1.03896,1.03939,1.35,2.03
2011.05.09 16:06:57.988,1.03897,1.03939,3.83,2.03
2011.05.09 16:06:58.430,1.03899,1.03942,3.75,1.44
2011.05.09 16:06:59.198,1.03903,1.03942,1.73,1.44
2011.05.09 16:06:59.529,1.03908,1.03948,3.00,2.19
2011.05.09 16:06:59.748,1.03908,1.03947,3.00,2.19
2011.05.09 16:06:59.972,1.0391,1.03952,1.35,2.03
2011.05.09 16:07:00.193,1.03908,1.0395,3.08,1.44
2011.05.09 16:07:00.584,1.03908,1.03949,2.70,1.13
2011.05.09 16:07:00.705,1.039,1.03941,2.03,1.50
2011.05.09 16:07:01.152,1.03897,1.03935,2.10,2.03
2011.05.09 16:07:01.260,1.03897,1.03939,2.10,2.03
2011.05.09 16:07:01.809,1.03895,1.0394,2.63,2.03
2011.05.09 16:07:02.137,1.03894,1.03938,1.35,2.03
2011.05.09 16:07:04.390,1.03896,1.03936,1.35,2.03
2011.05.09 16:07:04.718,1.03891,1.03934,1.35,2.03
2011.05.09 16:07:04.829,1.0389,1.03934,1.35,2.03
2011.05.09 16:07:05.049,1.0389,1.03932,1.35,2.03
2011.05.09 16:07:05.709,1.03886,1.0393,1.35,2.40
2011.05.09 16:07:06.316,1.03884,1.03929,1.35,4.05
2011.05.09 16:07:06.578,1.03883,1.03926,1.35,2.03
2011.05.09 16:07:06.690,1.03888,1.03931,2.03,1.13
2011.05.09 16:07:07.020,1.03885,1.03931,3.75,2.03
2011.05.09 16:07:07.239,1.0389,1.03931,1.35,2.03
2011.05.09 16:07:07.349,1.0389,1.03933,1.35,2.03
2011.05.09 16:07:08.064,1.03885,1.0393,2.63,2.40
2011.05.09 16:07:09.138,1.03887,1.0393,3.23,2.03
2011.05.09 16:07:09.360,1.0389,1.03935,2.63,2.03
2011.05.09 16:07:09.578,1.03892,1.03937,2.63,3.47
2011.05.09 16:07:10.130,1.03894,1.03939,2.63,2.78
2011.05.09 16:07:10.899,1.03895,1.03935,2.63,2.40
2011.05.09 16:07:11.120,1.03887,1.03932,6.23,2.03
2011.05.09 16:07:11.968,1.03891,1.03932,1.35,2.03
2011.05.09 16:07:13.318,1.03891,1.03933,1.35,2.78
2011.05.09 16:07:13.892,1.03891,1.03937,1.35,3.15
2011.05.09 16:07:14.002,1.03888,1.03931,2.03,1.73
2011.05.09 16:07:14.330,1.03886,1.03932,3.38,1.35
2011.05.09 16:07:15.073,1.03886,1.03932,3.38,1.35
2011.05.09 16:07:16.179,1.03886,1.03928,2.03,3.23
2011.05.09 16:07:16.289,1.03879,1.03923,2.78,2.70
2011.05.09 16:07:18.029,1.03877,1.03923,2.63,2.70
2011.05.09 16:07:20.188,1.03878,1.03923,1.35,3.45
2011.05.09 16:07:20.569,1.03877,1.03923,3.38,2.70
2011.05.09 16:07:20.677,1.03877,1.03923,3.75,2.70
2011.05.09 16:07:21.119,1.03878,1.03922,2.63,2.63
2011.05.09 16:07:21.449,1.03878,1.03922,3.00,2.63
2011.05.09 16:07:21.560,1.03879,1.03922,1.73,2.03
2011.05.09 16:07:21.670,1.03881,1.03926,2.63,3.38
2011.05.09 16:07:22.218,1.03881,1.03926,2.63,4.50
2011.05.09 16:07:22.800,1.03878,1.03922,2.78,2.70
2011.05.09 16:07:22.951,1.03878,1.03922,2.78,3.08
2011.05.09 16:07:23.168,1.03874,1.03921,3.75,2.03
2011.05.09 16:07:23.752,1.03879,1.03921,2.03,2.57
2011.05.09 16:07:23.861,1.03876,1.03919,1.35,2.40
2011.05.09 16:07:26.119,1.03876,1.03918,1.35,1.13
2011.05.09 16:07:32.470,1.03875,1.03919,1.35,2.40
2011.05.09 16:07:32.581,1.03874,1.03913,2.63,1.35
2011.05.09 16:07:32.909,1.03868,1.0391,2.63,1.73
2011.05.09 16:07:33.239,1.03868,1.03912,1.73,6.23
2011.05.09 16:07:33.680,1.03872,1.03917,2.03,1.35
2011.05.09 16:07:34.565,1.03876,1.03922,2.63,2.63
2011.05.09 16:07:34.680,1.03876,1.03922,2.63,3.38
2011.05.09 16:07:36.068,1.03877,1.03919,1.35,1.50
2011.05.09 16:07:36.399,1.03873,1.03917,2.78,2.10
2011.05.09 16:07:36.728,1.03871,1.03914,2.78,2.63
2011.05.09 16:07:38.048,1.03866,1.03912,4.13,2.70
2011.05.09 16:07:38.966,1.03866,1.03912,4.13,2.70
2011.05.09 16:07:39.080,1.03879,1.03923,1.73,2.03
2011.05.09 16:07:39.298,1.03882,1.03926,1.73,2.03
2011.05.09 16:07:39.629,1.03882,1.03926,1.35,2.40
2011.05.09 16:07:39.849,1.03882,1.03923,2.03,2.48
2011.05.09 16:07:39.958,1.03877,1.03923,2.63,2.48
2011.05.09 16:07:40.200,1.03877,1.03923,2.63,3.23
2011.05.09 16:07:40.418,1.03878,1.03923,2.63,3.23
2011.05.09 16:07:40.749,1.03877,1.03923,2.63,3.98
2011.05.09 16:07:41.078,1.03878,1.03923,2.63,3.23
2011.05.09 16:07:41.690,1.03878,1.03923,3.38,3.23
2011.05.09 16:07:43.215,1.03878,1.03923,4.73,1.13
2011.05.09 16:07:44.730,1.03877,1.03923,3.38,3.23
2011.05.09 16:07:46.218,1.0388,1.03923,2.03,2.10
2011.05.09 16:07:46.438,1.03879,1.03926,3.38,2.03
2011.05.09 16:07:47.099,1.03881,1.03926,1.50,2.03
2011.05.09 16:07:47.648,1.03882,1.03926,1.13,2.03
2011.05.09 16:07:47.867,1.03882,1.03926,3.23,2.63
2011.05.09 16:07:48.898,1.03882,1.03923,1.88,2.70
2011.05.09 16:07:49.228,1.03878,1.03924,3.23,3.38
2011.05.09 16:07:50.289,1.03881,1.03924,1.35,2.78
2011.05.09 16:07:50.749,1.03882,1.03927,3.75,2.03
2011.05.09 16:07:50.860,1.03883,1.0393,3.00,2.63
2011.05.09 16:07:50.972,1.03879,1.03921,1.35,2.03
2011.05.09 16:07:51.300,1.03886,1.03921,1.13,2.03
2011.05.09 16:07:51.409,1.03886,1.03929,1.73,2.78
2011.05.09 16:07:51.521,1.03888,1.03932,3.08,3.47
2011.05.09 16:07:51.849,1.03888,1.03929,3.08,2.03
2011.05.09 16:07:52.178,1.03889,1.03931,1.73,1.44
2011.05.09 16:07:53.148,1.03892,1.03931,1.73,1.44
2011.05.09 16:07:53.591,1.03889,1.03931,1.73,1.44
2011.05.09 16:07:53.920,1.03891,1.03931,2.63,2.78
2011.05.09 16:07:54.469,1.03894,1.03931,1.35,1.44
2011.05.09 16:07:54.690,1.03888,1.03931,2.03,1.67
2011.05.09 16:07:55.019,1.03886,1.03928,2.03,2.03
2011.05.09 16:07:55.129,1.03884,1.03929,2.03,2.03
2011.05.09 16:07:55.679,1.03886,1.03931,2.03,2.40
2011.05.09 16:07:56.009,1.03881,1.03913,2.03,2.48
2011.05.09 16:07:56.228,1.03872,1.03917,2.78,2.78
2011.05.09 16:07:56.339,1.03872,1.03917,2.78,2.03
2011.05.09 16:07:56.720,1.03872,1.03917,2.63,2.03
2011.05.09 16:07:56.821,1.03878,1.0392,2.70,2.03
2011.05.09 16:07:57.039,1.03879,1.03924,2.78,2.03
2011.05.09 16:07:57.148,1.03881,1.03926,2.03,2.03
2011.05.09 16:07:58.960,1.03881,1.03926,2.03,2.78
2011.05.09 16:07:59.309,1.03879,1.03923,2.03,3.90
2011.05.09 16:07:59.857,1.03878,1.03923,2.63,6.00
2011.05.09 16:07:59.969,1.0388,1.03923,2.03,2.85
2011.05.09 16:08:00.188,1.0388,1.03925,2.03,2.03
2011.05.09 16:08:00.727,1.0388,1.03925,2.03,2.78
2011.05.09 16:08:01.061,1.03889,1.03927,2.03,2.03
2011.05.09 16:08:01.540,1.03889,1.03933,3.00,3.54
2011.05.09 16:08:01.654,1.03894,1.03936,2.03,1.35
2011.05.09 16:08:02.198,1.03895,1.03936,4.05,1.35
2011.05.09 16:08:02.727,1.03896,1.03936,2.03,1.35
2011.05.09 16:08:03.869,1.03896,1.03937,2.63,1.35
2011.05.09 16:08:04.177,1.03896,1.03937,2.63,1.35
2011.05.09 16:08:04.399,1.03892,1.03933,2.78,1.35
2011.05.09 16:08:05.080,1.03891,1.03934,2.63,2.10
2011.05.09 16:08:05.544,1.03891,1.0393,2.63,1.35
2011.05.09 16:08:07.058,1.03891,1.0393,3.38,1.35
2011.05.09 16:08:08.727,1.03891,1.03928,1.35,1.50
2011.05.09 16:08:09.057,1.03892,1.03936,2.63,3.38
2011.05.09 16:08:09.718,1.03892,1.03937,2.63,3.38
2011.05.09 16:08:09.829,1.03888,1.03933,3.45,2.03
2011.05.09 16:08:10.574,1.03889,1.03934,3.00,2.03
2011.05.09 16:08:11.101,1.03894,1.03941,2.63,4.97
2011.05.09 16:08:12.668,1.03897,1.03941,1.35,4.97
2011.05.09 16:08:13.329,1.03894,1.03938,2.78,1.35
2011.05.09 16:08:13.901,1.03895,1.03938,2.03,1.35
2011.05.09 16:08:14.599,1.03893,1.03935,1.35,2.03
2011.05.09 16:08:15.259,1.03889,1.03935,1.35,2.78
2011.05.09 16:08:20.066,1.03892,1.03933,3.38,1.13
2011.05.09 16:08:20.619,1.0389,1.03933,3.38,1.13
2011.05.09 16:08:21.750,1.03894,1.03933,2.03,2.85
2011.05.09 16:08:22.349,1.03893,1.03937,4.65,1.50
2011.05.09 16:08:24.661,1.03893,1.03938,2.63,1.13
2011.05.09 16:08:26.723,1.03893,1.03937,2.63,1.50
2011.05.09 16:08:28.538,1.03892,1.03935,3.23,2.03
2011.05.09 16:08:28.648,1.03894,1.03939,2.63,2.78
2011.05.09 16:08:30.077,1.03896,1.03939,1.35,2.78
2011.05.09 16:08:31.616,1.03896,1.03939,1.35,3.15
2011.05.09 16:08:32.301,1.03891,1.03934,1.35,2.03
2011.05.09 16:08:32.401,1.03891,1.03936,1.35,2.03
2011.05.09 16:08:33.178,1.03891,1.03936,1.35,2.78
2011.05.09 16:08:37.258,1.03891,1.0393,1.35,2.03
2011.05.09 16:08:37.807,1.03891,1.03929,1.35,2.03
2011.05.09 16:08:38.669,1.03885,1.03929,2.78,2.03
2011.05.09 16:08:38.780,1.03885,1.03929,2.03,2.40
2011.05.09 16:08:39.108,1.03881,1.03926,1.35,2.03
2011.05.09 16:08:40.529,1.03886,1.03931,2.03,3.53
2011.05.09 16:08:40.640,1.03886,1.03931,2.40,2.72
2011.05.09 16:08:41.310,1.03888,1.03932,4.50,2.19
2011.05.09 16:08:41.950,1.03888,1.03932,5.25,2.19
2011.05.09 16:08:42.280,1.03901,1.03937,2.10,2.03
2011.05.09 16:08:42.499,1.03902,1.03939,1.35,2.03
2011.05.09 16:08:42.718,1.03901,1.03946,2.10,2.78
2011.05.09 16:08:45.036,1.03903,1.03946,1.35,2.78
2011.05.09 16:08:45.807,1.03903,1.03946,1.35,2.78
2011.05.09 16:08:45.919,1.039,1.03938,1.35,1.13
2011.05.09 16:08:46.029,1.03897,1.03936,2.63,2.03
2011.05.09 16:08:46.250,1.03896,1.03939,2.85,2.78
2011.05.09 16:08:47.938,1.03895,1.03934,2.03,1.13
2011.05.09 16:08:48.052,1.03893,1.03934,2.63,1.13
2011.05.09 16:08:48.269,1.03895,1.03939,2.03,2.03
2011.05.09 16:08:48.379,1.03895,1.03939,2.63,2.03
2011.05.09 16:08:48.599,1.03897,1.03941,2.63,2.03
2011.05.09 16:08:48.707,1.03897,1.03941,2.63,2.40
2011.05.09 16:08:51.499,1.03895,1.03938,1.35,2.03
2011.05.09 16:08:52.098,1.03896,1.03941,1.35,4.22
2011.05.09 16:08:54.057,1.03902,1.03941,1.35,1.50
2011.05.09 16:08:54.908,1.03902,1.03942,1.35,3.47
2011.05.09 16:08:55.128,1.03902,1.03941,3.38,1.44
2011.05.09 16:08:56.469,1.03901,1.03941,1.35,2.19
2011.05.09 16:08:56.939,1.03899,1.03941,1.35,1.50
2011.05.09 16:08:57.159,1.03902,1.03942,1.35,1.44
2011.05.09 16:08:57.709,1.03907,1.03946,2.10,1.50
2011.05.09 16:08:57.821,1.03907,1.03949,2.10,4.05
2011.05.09 16:08:57.930,1.03907,1.03947,2.85,1.50
2011.05.09 16:08:58.472,1.0391,1.03947,1.13,2.03
2011.05.09 16:08:58.582,1.0391,1.03952,1.13,2.79
2011.05.09 16:08:58.690,1.03909,1.03951,5.25,1.44
2011.05.09 16:08:59.351,1.03912,1.03956,3.00,2.19
2011.05.09 16:09:00.029,1.03913,1.03955,2.63,1.44
2011.05.09 16:09:00.582,1.03913,1.03956,2.63,2.19
2011.05.09 16:09:00.690,1.03913,1.03958,2.63,2.78
2011.05.09 16:09:01.669,1.03913,1.0396,2.63,2.78
2011.05.09 16:09:05.438,1.03913,1.03959,2.63,1.13
2011.05.09 16:09:06.040,1.03909,1.03955,4.13,1.13
2011.05.09 16:09:06.369,1.0392,1.0396,2.10,2.03
2011.05.09 16:09:07.086,1.03914,1.0396,2.10,3.38
2011.05.09 16:09:08.368,1.0392,1.03961,2.10,2.78
2011.05.09 16:09:10.689,1.03914,1.0396,1.35,2.40
2011.05.09 16:09:10.911,1.03911,1.03954,2.85,2.03
2011.05.09 16:09:11.020,1.03916,1.0396,2.63,1.13
2011.05.09 16:09:11.130,1.03918,1.0396,1.35,1.13
2011.05.09 16:09:11.238,1.03918,1.03958,1.35,2.03
2011.05.09 16:09:12.885,1.03914,1.03956,2.63,1.13
2011.05.09 16:09:13.109,1.03915,1.03961,2.63,2.25
2011.05.09 16:09:13.550,1.03913,1.03958,2.63,2.78
2011.05.09 16:09:15.958,1.03917,1.03957,1.35,2.03
2011.05.09 16:09:17.211,1.0391,1.03955,4.88,1.13
2011.05.09 16:09:17.752,1.0391,1.03952,2.10,2.03
2011.05.09 16:09:18.662,1.03911,1.03953,1.35,2.03
2011.05.09 16:09:18.769,1.03909,1.03953,1.35,2.03
2011.05.09 16:09:18.991,1.03908,1.03951,2.63,1.13
2011.05.09 16:09:20.710,1.03907,1.0395,1.35,2.03
2011.05.09 16:09:20.929,1.03908,1.03953,4.73,2.78
2011.05.09 16:09:21.150,1.03908,1.03953,4.73,3.15
2011.05.09 16:09:21.632,1.03911,1.03957,2.63,3.47
2011.05.09 16:09:21.739,1.03911,1.03957,2.63,5.19
2011.05.09 16:09:21.959,1.03912,1.03955,4.65,1.44
2011.05.09 16:09:22.289,1.03912,1.03955,1.35,2.03
2011.05.09 16:09:22.618,1.0392,1.03957,2.10,2.03
2011.05.09 16:09:22.729,1.0392,1.03959,2.10,2.03
2011.05.09 16:09:22.947,1.03912,1.03959,5.40,2.03
2011.05.09 16:09:23.388,1.03911,1.03957,1.73,2.03
2011.05.09 16:09:26.403,1.03919,1.03957,2.10,2.03
2011.05.09 16:09:26.513,1.03922,1.03962,2.63,2.10
2011.05.09 16:09:26.838,1.03922,1.03965,2.63,1.13
2011.05.09 16:09:27.388,1.03927,1.03967,2.70,2.03
2011.05.09 16:09:27.609,1.03927,1.03971,4.73,2.78
2011.05.09 16:09:27.939,1.03921,1.03968,3.75,2.03
2011.05.09 16:09:28.268,1.03926,1.03971,2.63,2.19
2011.05.09 16:09:28.955,1.03928,1.03972,2.10,4.97
2011.05.09 16:09:29.137,1.03928,1.03972,2.70,4.97
2011.05.09 16:09:29.800,1.03931,1.03972,1.73,3.47
2011.05.09 16:09:30.492,1.03932,1.03974,2.63,2.03
2011.05.09 16:09:30.599,1.03934,1.03979,2.63,2.78
2011.05.09 16:09:31.410,1.03936,1.03983,2.03,1.73
2011.05.09 16:09:31.809,1.03931,1.03978,4.13,2.40
2011.05.09 16:09:32.652,1.03931,1.03978,3.38,2.03
2011.05.09 16:09:32.979,1.03931,1.03976,2.63,1.13
2011.05.09 16:09:33.418,1.03932,1.03978,2.63,1.35
2011.05.09 16:09:33.529,1.03928,1.03974,3.38,2.40
2011.05.09 16:09:35.330,1.03928,1.03974,2.63,2.40
2011.05.09 16:09:38.046,1.03927,1.03969,1.35,1.13
2011.05.09 16:09:45.718,1.03932,1.03972,1.73,3.60
2011.05.09 16:09:45.939,1.03939,1.0398,2.63,1.13
2011.05.09 16:09:46.909,1.03934,1.0398,2.63,1.13
2011.05.09 16:09:47.328,1.03937,1.0398,2.03,1.13
2011.05.09 16:09:47.768,1.03934,1.03979,2.63,2.19
2011.05.09 16:09:47.880,1.03934,1.03979,2.63,1.82
2011.05.09 16:09:48.719,1.03933,1.03977,1.35,2.78
2011.05.09 16:09:49.048,1.03932,1.03976,1.35,2.40
2011.05.09 16:09:49.268,1.03932,1.03977,1.35,2.03
2011.05.09 16:09:50.079,1.03934,1.03979,2.63,2.78
2011.05.09 16:09:50.188,1.03934,1.03979,3.00,2.78
2011.05.09 16:09:50.520,1.03943,1.03987,2.63,1.13
2011.05.09 16:09:50.739,1.03941,1.03986,2.63,3.15
2011.05.09 16:09:53.076,1.03937,1.03982,2.63,3.15
2011.05.09 16:09:53.225,1.03937,1.03981,2.63,1.13
2011.05.09 16:09:55.868,1.03937,1.03981,2.63,1.13
2011.05.09 16:09:56.200,1.03934,1.03976,1.35,2.03
2011.05.09 16:09:56.748,1.03932,1.03976,1.35,3.15
2011.05.09 16:09:58.370,1.03932,1.03975,1.35,1.44
2011.05.09 16:10:00.496,1.03936,1.03975,1.35,1.44
2011.05.09 16:10:00.609,1.03934,1.03976,1.35,3.47
2011.05.09 16:10:00.720,1.03932,1.03973,1.35,2.03
2011.05.09 16:10:01.268,1.03927,1.03972,3.38,2.10
2011.05.09 16:10:02.640,1.03935,1.03972,2.03,2.10
2011.05.09 16:10:02.749,1.03941,1.03972,1.73,2.10
2011.05.09 16:10:02.859,1.03943,1.03985,2.63,2.78
2011.05.09 16:10:03.079,1.03943,1.03985,2.63,1.13
2011.05.09 16:10:03.408,1.03938,1.03983,4.73,2.03
2011.05.09 16:10:07.391,1.03942,1.03984,1.35,2.78
2011.05.09 16:10:07.721,1.03938,1.03981,2.70,1.13
2011.05.09 16:10:07.830,1.03937,1.03977,2.63,2.03
2011.05.09 16:10:08.457,1.03939,1.03974,2.48,2.03
2011.05.09 16:10:08.566,1.03942,1.03987,2.63,2.03
2011.05.09 16:10:08.681,1.03944,1.03988,2.63,2.78
2011.05.09 16:10:08.790,1.03941,1.03982,2.03,2.10
2011.05.09 16:10:09.397,1.03939,1.03982,2.63,2.10
2011.05.09 16:10:11.049,1.0394,1.03982,1.35,2.10
2011.05.09 16:10:18.248,1.03937,1.03982,3.38,4.88
2011.05.09 16:10:18.361,1.03937,1.03981,2.78,1.29
2011.05.09 16:10:18.469,1.03936,1.03978,1.50,2.63
2011.05.09 16:10:18.689,1.03931,1.03978,3.53,2.63
2011.05.09 16:10:19.233,1.03929,1.03975,3.15,2.03
2011.05.09 16:10:19.748,1.03933,1.03978,2.03,2.63
2011.05.09 16:10:20.150,1.03933,1.03978,2.03,3.00
2011.05.09 16:10:20.481,1.03937,1.03981,2.10,2.72
2011.05.09 16:10:20.699,1.03936,1.03981,2.78,3.90
2011.05.09 16:10:21.252,1.0394,1.03982,2.40,2.94
2011.05.09 16:10:21.579,1.03936,1.03981,2.03,3.15
2011.05.09 16:10:21.909,1.03934,1.0398,2.40,2.78
2011.05.09 16:10:22.458,1.03928,1.03972,2.63,2.10
2011.05.09 16:10:23.868,1.0393,1.03972,2.78,2.10
2011.05.09 16:10:24.200,1.03934,1.03972,3.15,2.10
2011.05.09 16:10:24.310,1.03934,1.03979,2.40,2.63
2011.05.09 16:10:24.419,1.03934,1.03975,2.40,1.35
2011.05.09 16:10:24.531,1.03928,1.03971,2.70,1.13
2011.05.09 16:10:24.749,1.03927,1.03972,2.63,3.60
2011.05.09 16:10:24.860,1.03931,1.03974,2.03,1.13
2011.05.09 16:10:24.968,1.03931,1.03976,2.03,3.00
2011.05.09 16:10:25.571,1.03932,1.03977,2.03,2.63
2011.05.09 16:10:26.157,1.03932,1.03976,2.03,1.73
2011.05.09 16:10:26.268,1.0393,1.03972,2.03,2.03
2011.05.09 16:10:29.096,1.03928,1.03972,2.63,5.63
2011.05.09 16:10:31.841,1.03928,1.03972,3.00,4.88
2011.05.09 16:10:32.060,1.03932,1.03976,3.75,1.50
2011.05.09 16:10:32.609,1.03934,1.03977,4.13,2.03
2011.05.09 16:10:32.829,1.03936,1.03981,2.63,2.03
2011.05.09 16:10:33.393,1.03935,1.03982,2.03,2.03
2011.05.09 16:10:33.861,1.03935,1.03982,2.40,2.03
2011.05.09 16:10:34.079,1.0394,1.03987,2.03,2.78
2011.05.09 16:10:34.189,1.0394,1.03987,2.03,3.15
2011.05.09 16:10:34.517,1.03936,1.03982,1.35,2.78
2011.05.09 16:10:34.628,1.03935,1.03982,2.78,2.78
2011.05.09 16:10:35.048,1.03936,1.03982,1.35,2.78
2011.05.09 16:10:35.379,1.0394,1.03985,2.63,2.03
2011.05.09 16:10:35.488,1.03941,1.03985,1.50,2.03
2011.05.09 16:10:35.819,1.03939,1.03982,2.63,2.10
2011.05.09 16:10:35.930,1.03935,1.03979,2.78,2.03
2011.05.09 16:10:36.040,1.03934,1.03978,2.63,2.40
2011.05.09 16:10:36.369,1.03932,1.03972,2.03,2.10
2011.05.09 16:10:37.138,1.03929,1.03972,2.03,2.10
2011.05.09 16:10:37.248,1.03929,1.03972,2.03,2.85
2011.05.09 16:10:37.652,1.03929,1.0397,2.03,1.13
2011.05.09 16:10:37.763,1.03926,1.0397,2.03,2.03
2011.05.09 16:10:37.880,1.03928,1.03972,2.03,2.10
2011.05.09 16:10:38.450,1.03925,1.03969,2.63,1.35
2011.05.09 16:10:40.690,1.03929,1.03969,1.35,1.35
2011.05.09 16:10:41.119,1.0393,1.03972,2.10,6.32
2011.05.09 16:10:41.668,1.03931,1.03977,2.63,1.35
2011.05.09 16:10:41.999,1.03927,1.03968,2.70,2.63
2011.05.09 16:10:42.329,1.03922,1.03962,1.35,3.08
2011.05.09 16:10:42.842,1.03912,1.03952,1.35,2.48
2011.05.09 16:10:43.072,1.03912,1.03953,1.35,2.03
2011.05.09 16:10:43.620,1.03919,1.03957,2.63,1.44
2011.05.09 16:10:45.339,1.03919,1.03956,2.03,1.29
2011.05.09 16:10:45.669,1.03916,1.03955,1.35,4.07
2011.05.09 16:10:45.888,1.03916,1.03955,1.35,4.44
2011.05.09 16:10:45.999,1.03908,1.03951,3.38,2.48
2011.05.09 16:10:48.996,1.03906,1.03945,1.35,1.35
2011.05.09 16:10:49.609,1.0391,1.03945,2.03,1.35
2011.05.09 16:10:50.049,1.03912,1.03951,2.03,2.10
2011.05.09 16:10:50.158,1.03912,1.03954,2.03,1.35
2011.05.09 16:10:51.860,1.03913,1.03953,2.10,2.85
2011.05.09 16:10:51.968,1.03913,1.03956,2.10,1.44
2011.05.09 16:10:52.411,1.03913,1.03955,2.63,1.35
2011.05.09 16:10:54.055,1.03913,1.0395,2.63,1.35
2011.05.09 16:10:58.118,1.03917,1.0395,2.03,1.35
2011.05.09 16:10:58.801,1.03917,1.03956,2.63,2.79
2011.05.09 16:10:59.239,1.03915,1.03956,2.03,1.13
2011.05.09 16:11:01.059,1.03918,1.03956,2.03,1.13
2011.05.09 16:11:01.404,1.03921,1.03956,2.03,1.13
2011.05.09 16:11:01.798,1.03921,1.03957,2.03,2.04
2011.05.09 16:11:02.020,1.03915,1.03957,2.63,1.44
2011.05.09 16:11:02.569,1.03921,1.03957,2.03,1.44
2011.05.09 16:11:03.409,1.03923,1.03957,2.03,1.44
2011.05.09 16:11:03.628,1.03917,1.03957,1.35,1.44
2011.05.09 16:11:04.997,1.03917,1.03956,1.35,1.35
2011.05.09 16:11:05.799,1.03918,1.03957,2.03,2.04
2011.05.09 16:11:06.358,1.03917,1.03956,1.35,1.29
2011.05.09 16:11:11.618,1.03916,1.03957,1.35,1.44
2011.05.09 16:11:12.119,1.03915,1.03956,2.63,1.82
2011.05.09 16:11:12.339,1.03918,1.03956,2.03,1.13
2011.05.09 16:11:12.670,1.0392,1.03955,2.03,1.13
2011.05.09 16:11:13.221,1.03918,1.03952,2.03,2.48
2011.05.09 16:11:13.329,1.0391,1.03952,1.35,2.48
2011.05.09 16:11:13.770,1.03915,1.03952,2.03,3.83
2011.05.09 16:11:15.049,1.03913,1.03952,2.03,3.08
2011.05.09 16:11:15.269,1.03915,1.03952,2.03,3.08
2011.05.09 16:11:15.820,1.03915,1.03952,2.03,2.10
2011.05.09 16:11:15.929,1.03916,1.03957,2.03,3.92
2011.05.09 16:11:16.259,1.03916,1.03956,2.78,2.19
2011.05.09 16:11:18.109,1.03914,1.03956,2.78,1.44
2011.05.09 16:11:18.218,1.03913,1.03956,1.35,1.44
2011.05.09 16:11:18.658,1.03911,1.03956,1.35,3.53
2011.05.09 16:11:19.066,1.03909,1.03954,2.78,2.10
2011.05.09 16:11:19.179,1.03908,1.03954,4.13,2.48
2011.05.09 16:11:19.400,1.03908,1.03945,2.10,3.00
2011.05.09 16:11:19.508,1.039,1.03945,1.35,3.00
2011.05.09 16:11:20.123,1.03899,1.03941,2.63,1.50
2011.05.09 16:11:21.420,1.03901,1.03943,2.78,3.60
2011.05.09 16:11:21.748,1.03901,1.03943,1.50,1.35
2011.05.09 16:11:22.587,1.03902,1.03944,1.35,2.78
2011.05.09 16:11:22.809,1.03907,1.03947,1.35,5.40
2011.05.09 16:11:25.128,1.03908,1.03947,1.35,2.63
2011.05.09 16:11:25.449,1.03911,1.03949,1.35,3.38
2011.05.09 16:11:26.000,1.03912,1.03952,2.48,2.78
2011.05.09 16:11:26.218,1.03911,1.03952,1.73,2.63
2011.05.09 16:11:26.439,1.03908,1.03954,3.45,3.38
2011.05.09 16:11:27.108,1.03911,1.03953,1.35,3.38
2011.05.09 16:11:27.893,1.03908,1.03951,5.48,2.10
2011.05.09 16:11:28.011,1.03908,1.03951,5.10,2.10
2011.05.09 16:11:28.119,1.03911,1.03953,2.03,1.35
2011.05.09 16:11:28.451,1.03916,1.0396,2.03,1.13
2011.05.09 16:11:28.998,1.03915,1.03959,2.03,1.13
2011.05.09 16:11:30.649,1.03915,1.03948,2.03,1.13
2011.05.09 16:11:30.869,1.03904,1.03948,2.03,1.88
2011.05.09 16:11:31.531,1.03902,1.03948,3.38,1.13
2011.05.09 16:11:32.630,1.03901,1.03944,1.35,2.03
2011.05.09 16:11:32.958,1.03899,1.03944,2.78,2.63
2011.05.09 16:11:34.024,1.03901,1.03943,2.78,1.35
2011.05.09 16:11:34.448,1.03902,1.03946,1.35,3.53
2011.05.09 16:11:35.569,1.03899,1.03946,2.63,2.78
2011.05.09 16:11:35.899,1.03901,1.03941,1.35,2.03
2011.05.09 16:11:36.118,1.03901,1.03946,1.35,2.78
2011.05.09 16:11:37.835,1.03902,1.03948,2.63,1.88
2011.05.09 16:11:44.409,1.03901,1.03945,2.85,2.03
2011.05.09 16:11:44.742,1.03901,1.03942,2.10,2.03
2011.05.09 16:11:44.850,1.03901,1.03945,2.10,2.03
2011.05.09 16:11:45.639,1.03904,1.03948,2.63,1.13
2011.05.09 16:11:47.237,1.03902,1.03946,1.35,1.88
2011.05.09 16:11:49.604,1.03902,1.03946,1.35,1.88
2011.05.09 16:11:51.730,1.03901,1.03942,2.63,2.48
2011.05.09 16:11:52.739,1.03896,1.03941,4.88,1.13
2011.05.09 16:11:54.429,1.03897,1.03941,2.63,2.57
2011.05.09 16:11:54.538,1.03897,1.03941,2.03,1.07
2011.05.09 16:11:55.088,1.03897,1.03941,4.05,1.13
2011.05.09 16:11:56.098,1.03897,1.03941,2.03,1.82
2011.05.09 16:11:56.573,1.03897,1.03939,2.03,1.13
2011.05.09 16:11:56.909,1.03897,1.0394,2.03,1.50
2011.05.09 16:11:57.679,1.03896,1.03939,2.63,1.13
2011.05.09 16:11:57.900,1.03896,1.0394,2.63,1.50
2011.05.09 16:11:58.119,1.03896,1.03939,2.63,1.13
2011.05.09 16:11:58.450,1.03896,1.03941,2.63,1.82
2011.05.09 16:11:58.668,1.03895,1.03941,4.13,1.82
2011.05.09 16:12:00.139,1.03896,1.03939,1.35,2.78
2011.05.09 16:12:00.492,1.03894,1.03938,2.63,1.13
2011.05.09 16:12:02.089,1.03894,1.03936,2.63,1.13
2011.05.09 16:12:03.129,1.03894,1.03938,2.63,1.13
2011.05.09 16:12:03.349,1.03897,1.0394,2.63,1.50
2011.05.09 16:12:05.104,1.03897,1.0394,1.35,3.53
2011.05.09 16:12:07.097,1.03897,1.0394,1.35,2.78
2011.05.09 16:12:07.429,1.03898,1.03939,1.35,1.35
2011.05.09 16:12:10.499,1.03901,1.0394,1.35,3.38
2011.05.09 16:12:11.048,1.03901,1.03938,1.35,2.03
2011.05.09 16:12:11.489,1.03892,1.03937,3.38,3.38
2011.05.09 16:12:11.709,1.03889,1.03933,3.38,4.58
2011.05.09 16:12:12.594,1.03888,1.03932,2.10,1.35
2011.05.09 16:12:13.690,1.03888,1.03931,2.10,1.35
2011.05.09 16:12:14.390,1.03891,1.03931,1.35,2.10
2011.05.09 16:12:17.250,1.03896,1.03933,2.10,2.85
2011.05.09 16:12:17.470,1.03896,1.03939,4.13,1.35
2011.05.09 16:12:18.460,1.03899,1.03939,2.63,1.13
2011.05.09 16:12:18.679,1.03899,1.03938,2.63,1.50
2011.05.09 16:12:18.793,1.03896,1.03937,2.63,1.35
2011.05.09 16:12:19.830,1.03896,1.03939,2.63,1.50
2011.05.09 16:12:19.938,1.03899,1.03941,2.03,2.19
2011.05.09 16:12:20.268,1.03893,1.03932,1.35,2.48
2011.05.09 16:12:20.709,1.0389,1.03932,2.63,2.48
2011.05.09 16:12:21.039,1.03896,1.03936,2.03,1.50
2011.05.09 16:12:21.148,1.03894,1.03938,2.78,2.63
2011.05.09 16:12:21.259,1.03894,1.03938,1.35,2.40
2011.05.09 16:12:22.331,1.03899,1.0394,2.03,1.13
2011.05.09 16:12:22.658,1.03899,1.03938,2.03,1.13
2011.05.09 16:12:23.306,1.03899,1.03937,2.03,1.13
2011.05.09 16:12:23.425,1.03895,1.03939,2.63,3.90
2011.05.09 16:12:23.540,1.0389,1.03937,2.63,2.03
2011.05.09 16:12:24.148,1.03891,1.03938,2.63,2.78
2011.05.09 16:12:24.259,1.03889,1.03934,2.78,3.00
2011.05.09 16:12:24.370,1.03887,1.0393,2.03,1.13
2011.05.09 16:12:24.701,1.0388,1.03921,2.63,1.13
2011.05.09 16:12:24.919,1.0388,1.03923,2.03,2.85
2011.05.09 16:12:25.140,1.03881,1.03923,1.13,2.85
2011.05.09 16:12:25.360,1.03885,1.0393,2.63,2.40
2011.05.09 16:12:25.469,1.03887,1.0393,2.03,2.40
2011.05.09 16:12:25.800,1.03884,1.03929,2.63,2.03
2011.05.09 16:12:27.218,1.03885,1.03929,1.73,2.03
2011.05.09 16:12:27.328,1.03885,1.03931,2.48,2.63
2011.05.09 16:12:27.438,1.03885,1.03929,2.48,2.03
2011.05.09 16:12:28.044,1.03884,1.03929,3.75,2.03
2011.05.09 16:12:28.468,1.03885,1.03929,1.73,2.03
2011.05.09 16:12:29.447,1.03885,1.03929,1.73,2.03
2011.05.09 16:12:30.728,1.03886,1.0393,1.50,2.03
2011.05.09 16:12:31.279,1.03889,1.03934,2.78,4.13
2011.05.09 16:12:31.389,1.03889,1.03934,2.40,2.63
2011.05.09 16:12:31.498,1.03889,1.03934,3.00,2.03
2011.05.09 16:12:31.608,1.0389,1.03937,3.38,4.97
2011.05.09 16:12:32.178,1.03892,1.03936,2.03,2.25
2011.05.09 16:12:32.748,1.03891,1.03937,2.63,2.19
2011.05.09 16:12:33.381,1.03891,1.03935,3.38,1.07
2011.05.09 16:12:34.638,1.03891,1.03935,3.38,1.13
2011.05.09 16:12:35.489,1.03891,1.03926,1.35,1.50
2011.05.09 16:12:35.710,1.03887,1.03926,2.03,1.88
2011.05.09 16:12:35.929,1.03884,1.03926,2.03,1.82
2011.05.09 16:12:36.482,1.03881,1.03925,2.48,2.03
2011.05.09 16:12:36.589,1.03886,1.03927,2.63,1.50
2011.05.09 16:12:36.808,1.0389,1.0393,2.03,1.13
2011.05.09 16:12:37.260,1.03888,1.03931,2.63,1.50
2011.05.09 16:12:37.370,1.03892,1.03933,2.03,2.85
2011.05.09 16:12:37.699,1.03889,1.03935,2.63,3.32
2011.05.09 16:12:38.861,1.03889,1.03931,2.63,1.88
2011.05.09 16:12:39.365,1.03889,1.03931,2.03,2.48
2011.05.09 16:12:39.698,1.03889,1.03928,2.03,1.50
2011.05.09 16:12:40.769,1.0389,1.0393,2.03,1.35
2011.05.09 16:12:41.318,1.03889,1.0393,2.03,1.35
2011.05.09 16:12:42.339,1.03889,1.0393,2.03,1.35
2011.05.09 16:12:44.094,1.03889,1.0393,2.03,1.35
2011.05.09 16:12:44.738,1.03888,1.0393,2.03,1.35
2011.05.09 16:12:46.112,1.03888,1.0393,2.03,1.35
2011.05.09 16:12:47.221,1.03887,1.0393,2.78,1.35
2011.05.09 16:12:47.719,1.03887,1.03925,2.03,2.03
2011.05.09 16:12:47.828,1.03881,1.03923,1.35,2.03
2011.05.09 16:12:47.939,1.03878,1.03923,2.10,3.00
2011.05.09 16:12:48.597,1.03877,1.03921,1.35,1.13
2011.05.09 16:12:49.888,1.03877,1.03922,2.63,1.13
2011.05.09 16:12:49.999,1.03881,1.03924,1.35,2.78
2011.05.09 16:12:50.110,1.03885,1.03929,2.63,1.88
2011.05.09 16:12:50.220,1.03889,1.03931,2.03,2.63
2011.05.09 16:12:50.879,1.0389,1.03931,2.03,1.88
2011.05.09 16:12:51.218,1.0389,1.03932,2.03,1.50
2011.05.09 16:12:51.328,1.0389,1.03935,2.03,1.88
2011.05.09 16:12:51.548,1.03892,1.03935,2.03,1.88
2011.05.09 16:12:51.878,1.03889,1.03931,2.03,1.13
2011.05.09 16:12:54.022,1.03889,1.03926,2.03,1.13
2011.05.09 16:12:54.130,1.03885,1.03927,2.63,1.13
2011.05.09 16:12:54.240,1.03885,1.03926,2.63,1.88
2011.05.09 16:12:58.069,1.03885,1.0392,2.03,1.13
2011.05.09 16:12:59.949,1.03885,1.0392,2.03,1.13
2011.05.09 16:13:00.061,1.03878,1.03916,2.63,1.13
2011.05.09 16:13:00.279,1.03878,1.0392,2.63,1.13
2011.05.09 16:13:00.388,1.03884,1.0392,2.03,1.13
2011.05.09 16:13:00.848,1.03882,1.0392,4.05,1.13
2011.05.09 16:13:02.672,1.03884,1.03921,2.10,1.44
2011.05.09 16:13:02.781,1.03884,1.03922,2.10,1.44
2011.05.09 16:13:02.891,1.03884,1.03928,2.10,2.78
2011.05.09 16:13:03.463,1.03889,1.03931,2.63,1.13
2011.05.09 16:13:04.280,1.03885,1.03931,1.73,2.03
2011.05.09 16:13:04.609,1.0389,1.03934,2.03,2.40
2011.05.09 16:13:08.929,1.0389,1.03934,2.03,1.13
2011.05.09 16:13:09.040,1.03879,1.03921,2.03,1.73
2011.05.09 16:13:09.714,1.03879,1.03924,2.63,2.03
2011.05.09 16:13:10.309,1.03879,1.03926,2.63,2.40
2011.05.09 16:13:10.859,1.0388,1.03927,2.63,2.03
2011.05.09 16:13:11.188,1.03885,1.03929,2.63,1.13
2011.05.09 16:13:11.848,1.0388,1.03924,2.63,2.03
2011.05.09 16:13:12.364,1.0388,1.03926,2.63,2.40
2011.05.09 16:13:12.699,1.03883,1.0393,2.63,2.78
2011.05.09 16:13:12.854,1.03883,1.0393,2.03,2.78
2011.05.09 16:13:14.267,1.03883,1.0393,2.03,2.78
2011.05.09 16:13:14.869,1.03883,1.0393,2.78,2.78
2011.05.09 16:13:15.199,1.03887,1.03931,2.03,2.57
2011.05.09 16:13:15.420,1.0389,1.03934,2.03,3.38
2011.05.09 16:13:15.860,1.03887,1.03932,2.03,2.03
2011.05.09 16:13:15.973,1.03887,1.03932,2.03,3.15
2011.05.09 16:13:16.582,1.03886,1.0393,2.03,1.13
2011.05.09 16:13:17.123,1.03886,1.0393,2.03,1.13
2011.05.09 16:13:17.349,1.03879,1.03921,1.73,2.78
2011.05.09 16:13:17.460,1.03883,1.03921,2.48,3.47
2011.05.09 16:13:18.009,1.03883,1.03922,2.48,2.19
2011.05.09 16:13:18.339,1.03888,1.03926,2.70,2.03
2011.05.09 16:13:18.449,1.03888,1.03929,2.70,2.63
2011.05.09 16:13:18.999,1.03883,1.03928,2.10,2.03
2011.05.09 16:13:20.870,1.03883,1.03928,4.13,2.78
2011.05.09 16:13:22.048,1.03887,1.03925,1.35,2.03
2011.05.09 16:13:22.160,1.03887,1.03927,1.35,2.03
2011.05.09 16:13:23.085,1.03883,1.03927,1.35,2.63
2011.05.09 16:13:23.310,1.03883,1.03925,1.35,2.03
2011.05.09 16:13:24.448,1.0388,1.03925,2.63,2.40
2011.05.09 16:13:24.668,1.0388,1.03925,2.63,2.40
2011.05.09 16:13:24.890,1.0388,1.03927,3.75,2.03
2011.05.09 16:13:25.219,1.03887,1.03929,2.03,2.78
2011.05.09 16:13:25.329,1.03888,1.03932,2.03,2.85
2011.05.09 16:13:25.878,1.03888,1.03934,4.50,1.50
2011.05.09 16:13:27.159,1.03888,1.03935,5.25,2.78
2011.05.09 16:13:28.092,1.03888,1.03934,5.25,2.78
2011.05.09 16:13:28.418,1.03893,1.03935,1.35,4.05
2011.05.09 16:13:29.104,1.03893,1.03934,1.35,2.03
2011.05.09 16:13:30.126,1.03891,1.03934,1.35,3.53
2011.05.09 16:13:40.574,1.03888,1.03934,5.25,4.13
2011.05.09 16:13:40.689,1.03888,1.03933,4.13,1.73
2011.05.09 16:13:40.798,1.03888,1.03933,4.13,2.48
2011.05.09 16:13:41.240,1.03884,1.03926,2.63,2.40
2011.05.09 16:13:41.570,1.03876,1.03923,2.78,5.10
2011.05.09 16:13:42.832,1.03875,1.03919,2.03,1.73
2011.05.09 16:13:43.558,1.03874,1.03919,2.63,1.73
2011.05.09 16:13:44.042,1.03874,1.03919,3.38,1.73
2011.05.09 16:13:44.259,1.03877,1.03921,1.35,2.03
2011.05.09 16:13:44.589,1.03879,1.03924,2.03,2.03
2011.05.09 16:13:45.139,1.03879,1.03924,2.03,2.40
2011.05.09 16:13:45.689,1.03871,1.03917,1.73,2.03
2011.05.09 16:13:45.799,1.03871,1.03917,1.73,2.03
2011.05.09 16:13:45.909,1.03876,1.03919,2.03,2.63
2011.05.09 16:13:46.019,1.03874,1.03919,2.03,2.63
2011.05.09 16:13:46.855,1.03874,1.03919,2.03,3.00
2011.05.09 16:13:46.970,1.03871,1.03915,2.63,2.40
2011.05.09 16:13:47.190,1.03871,1.03918,3.38,2.03
2011.05.09 16:13:47.301,1.03874,1.03919,2.03,5.25
2011.05.09 16:13:47.408,1.03874,1.03919,2.03,4.50
2011.05.09 16:13:47.958,1.03873,1.03918,2.03,2.03
2011.05.09 16:13:48.748,1.03873,1.03919,2.03,2.48
2011.05.09 16:13:48.858,1.03873,1.03918,2.78,2.78
2011.05.09 16:13:49.080,1.0387,1.03915,1.35,3.15
2011.05.09 16:13:49.519,1.03867,1.03912,2.63,3.23
2011.05.09 16:13:52.129,1.03869,1.03909,1.35,1.13
2011.05.09 16:13:53.273,1.03869,1.03914,1.35,2.78
2011.05.09 16:13:54.872,1.0387,1.03914,1.73,2.78
2011.05.09 16:13:54.986,1.03879,1.03921,2.03,1.13
2011.05.09 16:13:55.539,1.03876,1.03921,2.63,1.50
2011.05.09 16:13:55.870,1.03879,1.03924,3.00,2.78
2011.05.09 16:13:55.979,1.03881,1.03927,2.63,2.78
2011.05.09 16:13:56.308,1.03881,1.03928,2.63,2.03
2011.05.09 16:13:56.574,1.03881,1.03928,2.03,2.63
2011.05.09 16:13:58.579,1.03878,1.03923,4.13,2.63
2011.05.09 16:13:58.690,1.03878,1.03923,2.10,3.75
2011.05.09 16:13:58.798,1.03876,1.03923,3.38,5.85
2011.05.09 16:14:00.103,1.03876,1.0392,3.38,1.13
2011.05.09 16:14:00.313,1.03876,1.0392,2.78,1.73
2011.05.09 16:14:00.640,1.03872,1.03916,2.03,1.73
2011.05.09 16:14:00.969,1.03872,1.03917,1.50,1.35
2011.05.09 16:14:01.081,1.03875,1.03918,2.03,1.35
2011.05.09 16:14:01.660,1.03875,1.03918,2.03,1.73
2011.05.09 16:14:01.770,1.0387,1.03916,2.78,1.73
2011.05.09 16:14:01.990,1.0387,1.03916,3.15,2.79
2011.05.09 16:14:02.100,1.0387,1.03916,3.15,1.35
2011.05.09 16:14:02.648,1.03875,1.03916,2.03,1.29
2011.05.09 16:14:02.979,1.03875,1.03916,2.03,1.73
2011.05.09 16:14:03.310,1.03875,1.03913,2.03,2.48
2011.05.09 16:14:03.420,1.03872,1.03912,2.03,1.13
2011.05.09 16:14:03.639,1.03874,1.03911,2.03,1.13
2011.05.09 16:14:04.244,1.03874,1.03913,2.63,2.10
2011.05.09 16:14:04.346,1.03878,1.03918,2.48,2.03
2011.05.09 16:14:04.461,1.03875,1.03918,1.35,2.03
2011.05.09 16:14:05.010,1.03874,1.03919,2.63,2.78
2011.05.09 16:14:05.119,1.03873,1.03917,1.13,2.63
2011.05.09 16:14:05.448,1.03876,1.03921,2.03,3.38
2011.05.09 16:14:05.778,1.03876,1.03921,2.63,3.38
2011.05.09 16:14:06.738,1.03882,1.03921,1.35,2.78
2011.05.09 16:14:07.069,1.03877,1.03922,1.35,3.38
2011.05.09 16:14:08.776,1.03877,1.03922,4.13,5.03
2011.05.09 16:14:09.396,1.03876,1.03921,2.78,3.75
2011.05.09 16:14:10.213,1.03875,1.03919,2.78,1.35
2011.05.09 16:14:11.143,1.03875,1.03919,3.53,1.35
2011.05.09 16:14:11.421,1.03875,1.03918,2.78,2.48
2011.05.09 16:14:11.642,1.03873,1.03916,2.03,1.35
2011.05.09 16:14:11.970,1.03869,1.03913,2.03,1.73
2011.05.09 16:14:12.584,1.03869,1.03913,2.63,1.13
2011.05.09 16:14:12.693,1.03878,1.03922,2.78,1.73
2011.05.09 16:14:14.749,1.03878,1.03921,2.03,1.73
2011.05.09 16:14:15.079,1.0387,1.03912,2.63,2.48
2011.05.09 16:14:18.080,1.0387,1.0391,2.63,1.13
2011.05.09 16:14:20.660,1.0387,1.03912,3.38,2.48
2011.05.09 16:14:20.770,1.03877,1.03912,1.73,2.10
2011.05.09 16:14:21.100,1.03882,1.03916,2.63,2.03
2011.05.09 16:14:21.213,1.0389,1.03926,2.03,1.35
2011.05.09 16:14:21.320,1.03883,1.03926,2.63,1.35
2011.05.09 16:14:21.844,1.03887,1.0393,2.10,3.15
2011.05.09 16:14:22.630,1.03888,1.0393,2.70,1.50
2011.05.09 16:14:22.849,1.03884,1.03922,2.03,3.32
2011.05.09 16:14:22.966,1.03881,1.03922,2.85,3.47
2011.05.09 16:14:23.190,1.03885,1.03927,2.10,2.03
2011.05.09 16:14:23.739,1.03885,1.03928,2.10,2.63
2011.05.09 16:14:24.628,1.03883,1.03928,2.03,3.00
2011.05.09 16:14:24.850,1.03878,1.03923,1.35,2.03
2011.05.09 16:14:25.428,1.0388,1.03924,1.35,2.03
2011.05.09 16:14:25.999,1.0388,1.03922,1.35,3.23
2011.05.09 16:14:27.158,1.03875,1.0392,2.63,1.13
2011.05.09 16:14:28.083,1.03876,1.0392,1.35,1.13
2011.05.09 16:14:28.771,1.03881,1.03922,2.03,3.60
2011.05.09 16:14:28.991,1.03881,1.03926,4.05,2.63
2011.05.09 16:14:29.101,1.03883,1.03928,2.03,3.38
2011.05.09 16:14:29.677,1.03884,1.03928,2.03,1.35
2011.05.09 16:14:30.833,1.03884,1.03928,2.78,1.35
2011.05.09 16:14:31.191,1.03884,1.03929,2.03,3.75
2011.05.09 16:14:31.302,1.0388,1.03925,1.35,2.40
2011.05.09 16:14:35.031,1.03881,1.03923,1.50,2.03
2011.05.09 16:14:35.908,1.0388,1.03927,3.38,5.57
2011.05.09 16:14:36.019,1.03885,1.03926,2.03,1.35
2011.05.09 16:14:36.128,1.03883,1.03926,4.05,2.04
2011.05.09 16:14:36.820,1.03884,1.03926,2.03,1.29
2011.05.09 16:14:37.428,1.03883,1.03927,2.03,2.04
2011.05.09 16:14:38.118,1.03883,1.03926,2.78,3.54
2011.05.09 16:14:38.719,1.03883,1.03924,2.03,1.13
2011.05.09 16:14:38.831,1.03879,1.03923,1.35,2.78
2011.05.09 16:14:39.379,1.0388,1.03921,2.63,1.44
2011.05.09 16:14:39.930,1.0388,1.03922,2.63,1.44
2011.05.09 16:14:40.150,1.0388,1.03922,3.38,1.44
2011.05.09 16:14:40.570,1.03884,1.03928,2.03,1.35
2011.05.09 16:14:41.841,1.03884,1.03928,3.00,2.78
2011.05.09 16:14:42.169,1.03879,1.03924,2.10,3.15
2011.05.09 16:14:42.280,1.03878,1.03924,2.63,3.15
2011.05.09 16:14:42.391,1.03878,1.03916,2.63,1.44
2011.05.09 16:14:42.720,1.03876,1.03916,2.03,2.94
2011.05.09 16:14:42.830,1.03876,1.03916,2.63,2.19
2011.05.09 16:14:43.599,1.03874,1.03916,2.63,1.88
2011.05.09 16:14:43.930,1.03871,1.03916,3.38,2.03
2011.05.09 16:14:44.919,1.03876,1.03917,2.63,1.44
2011.05.09 16:14:45.481,1.03879,1.03916,2.63,1.07
2011.05.09 16:14:45.605,1.03877,1.03917,2.63,1.44
2011.05.09 16:14:46.160,1.03881,1.03924,2.03,1.13
2011.05.09 16:14:46.758,1.03882,1.03924,2.03,1.13
2011.05.09 16:14:47.410,1.03881,1.03924,2.03,1.88
2011.05.09 16:14:47.519,1.03879,1.03924,2.63,1.88
2011.05.09 16:14:47.739,1.03882,1.03918,2.63,1.82
2011.05.09 16:14:47.960,1.03879,1.03922,3.00,1.50
2011.05.09 16:14:48.291,1.03881,1.03924,2.10,2.78
2011.05.09 16:14:48.400,1.03884,1.03924,2.63,1.35
2011.05.09 16:14:49.363,1.03879,1.03926,3.00,2.78
2011.05.09 16:14:50.169,1.03882,1.03926,1.35,4.22
2011.05.09 16:14:54.151,1.03881,1.03925,3.00,2.03
2011.05.09 16:14:55.060,1.03883,1.0393,3.75,2.63
2011.05.09 16:14:55.389,1.03888,1.0393,2.10,2.63
2011.05.09 16:14:56.178,1.03889,1.03931,2.03,1.35
2011.05.09 16:14:56.730,1.0389,1.03932,2.63,1.44
2011.05.09 16:14:57.279,1.03886,1.03931,2.63,2.72
2011.05.09 16:14:58.052,1.03887,1.03931,1.35,3.53
2011.05.09 16:14:59.049,1.03888,1.03928,2.63,1.35
2011.05.09 16:14:59.165,1.0389,1.0393,2.63,2.04
2011.05.09 16:14:59.610,1.03887,1.03932,1.35,3.32
2011.05.09 16:14:59.891,1.03887,1.03926,1.73,2.03
2011.05.09 16:15:00.110,1.03887,1.03929,4.58,2.03
2011.05.09 16:15:00.219,1.03888,1.03932,1.73,3.47
2011.05.09 16:15:01.038,1.03891,1.03931,1.35,1.44
2011.05.09 16:15:01.790,1.03891,1.03932,1.35,1.44
2011.05.09 16:15:03.429,1.03891,1.03932,1.35,1.44
2011.05.09 16:15:04.156,1.03891,1.0393,1.35,2.03
2011.05.09 16:15:04.601,1.03891,1.03932,1.35,1.44
2011.05.09 16:15:04.713,1.03889,1.03932,2.10,1.44
2011.05.09 16:15:05.149,1.03897,1.03935,2.10,2.78
2011.05.09 16:15:05.371,1.03897,1.03939,4.20,2.03
2011.05.09 16:15:05.809,1.03896,1.03939,1.35,2.03
2011.05.09 16:15:05.919,1.03892,1.03936,3.00,2.03
2011.05.09 16:15:06.249,1.03889,1.03933,1.73,2.03
2011.05.09 16:15:06.470,1.0389,1.03936,2.63,2.03
2011.05.09 16:15:06.981,1.0389,1.03936,2.63,2.40
2011.05.09 16:15:07.601,1.03886,1.03928,2.10,2.03
2011.05.09 16:15:07.712,1.03893,1.03935,1.35,2.40
2011.05.09 16:15:07.821,1.03893,1.03935,1.35,2.40
2011.05.09 16:15:08.368,1.03894,1.03937,1.35,2.03
2011.05.09 16:15:08.699,1.03894,1.03937,1.35,2.40
2011.05.09 16:15:09.469,1.039,1.03941,2.03,1.50
2011.05.09 16:15:09.798,1.039,1.03945,2.63,2.78
2011.05.09 16:15:10.329,1.03899,1.03942,2.10,2.03
2011.05.09 16:15:10.878,1.03899,1.03942,2.10,2.40
2011.05.09 16:15:11.729,1.039,1.03944,2.63,2.78
2011.05.09 16:15:12.514,1.03902,1.03946,3.00,2.03
2011.05.09 16:15:12.629,1.03902,1.03949,3.00,3.53
2011.05.09 16:15:13.359,1.03902,1.03948,2.40,1.35
2011.05.09 16:15:13.690,1.03899,1.03946,2.63,3.38
2011.05.09 16:15:14.129,1.03898,1.03943,3.45,2.40
2011.05.09 16:15:15.789,1.03896,1.03938,1.35,2.03
2011.05.09 16:15:16.831,1.03891,1.03936,3.38,2.03
2011.05.09 16:15:17.402,1.03897,1.03941,2.03,2.40
2011.05.09 16:15:17.949,1.03897,1.03938,2.63,1.13
2011.05.09 16:15:18.500,1.03899,1.03942,3.00,1.50
2011.05.09 16:15:18.829,1.03905,1.03944,2.03,2.03
2011.05.09 16:15:19.048,1.03907,1.03949,2.03,2.10
2011.05.09 16:15:19.610,1.03903,1.03947,2.03,1.13
2011.05.09 16:15:19.719,1.03901,1.03947,2.03,1.73
2011.05.09 16:15:19.830,1.03898,1.03942,2.85,2.63
2011.05.09 16:15:19.939,1.03897,1.03942,2.78,3.38
2011.05.09 16:15:20.160,1.039,1.03942,2.03,2.63
2011.05.09 16:15:20.777,1.03904,1.03945,2.03,1.35
2011.05.09 16:15:20.894,1.03902,1.03944,2.03,2.63
2011.05.09 16:15:21.012,1.03898,1.03942,4.50,2.63
2011.05.09 16:15:21.560,1.03899,1.03941,2.03,2.19
2011.05.09 16:15:21.672,1.03899,1.03941,2.03,2.19
2011.05.09 16:15:21.890,1.03892,1.03936,1.73,2.03
2011.05.09 16:15:22.398,1.03892,1.03938,1.73,4.80
2011.05.09 16:15:22.728,1.03893,1.0394,3.00,2.03
2011.05.09 16:15:23.343,1.03896,1.0394,1.35,2.03
2011.05.09 16:15:23.680,1.03904,1.03941,2.03,2.94
2011.05.09 16:15:23.899,1.03904,1.03948,2.03,1.50
2011.05.09 16:15:24.120,1.03904,1.03948,3.00,1.50
2011.05.09 16:15:24.339,1.03904,1.03951,3.75,2.03
2011.05.09 16:15:25.419,1.03907,1.03953,3.08,2.78
2011.05.09 16:15:26.439,1.03907,1.03948,3.08,2.03
2011.05.09 16:15:26.659,1.03907,1.03951,5.10,2.03
2011.05.09 16:15:27.158,1.03909,1.03951,1.35,2.03
2011.05.09 16:15:30.029,1.03909,1.03947,1.35,2.03
2011.05.09 16:15:30.629,1.03907,1.03952,5.85,2.03
2011.05.09 16:15:30.739,1.0391,1.03952,1.13,2.03
2011.05.09 16:15:31.068,1.03912,1.03954,1.35,2.03
2011.05.09 16:15:31.602,1.03912,1.03955,1.73,2.03
2011.05.09 16:15:31.811,1.03912,1.03955,1.13,2.63
2011.05.09 16:15:32.138,1.03908,1.03955,6.23,3.75
2011.05.09 16:15:32.249,1.03908,1.03953,2.63,3.15
2011.05.09 16:15:32.469,1.03908,1.03953,2.63,3.75
2011.05.09 16:15:33.660,1.03907,1.03945,1.35,2.03
2011.05.09 16:15:33.880,1.03901,1.03947,2.10,5.03
2011.05.09 16:15:34.209,1.039,1.0394,2.78,2.10
2011.05.09 16:15:35.109,1.03897,1.0394,1.35,2.10
2011.05.09 16:15:36.248,1.03896,1.03939,1.35,1.35
2011.05.09 16:15:36.832,1.03896,1.03939,1.35,1.35
2011.05.09 16:15:38.429,1.03898,1.03939,2.85,2.10
2011.05.09 16:15:38.648,1.03901,1.03941,1.35,1.35
2011.05.09 16:15:39.370,1.03901,1.03942,1.73,1.35
2011.05.09 16:15:39.479,1.03902,1.03943,1.13,2.10
2011.05.09 16:15:40.631,1.03902,1.03943,2.40,2.10
2011.05.09 16:15:40.960,1.03899,1.03941,2.03,2.48
2011.05.09 16:15:41.069,1.03894,1.03941,3.38,4.50
2011.05.09 16:15:41.179,1.03896,1.03941,1.13,5.63
2011.05.09 16:15:41.289,1.03897,1.03941,5.85,2.78
2011.05.09 16:15:41.398,1.039,1.03941,2.03,1.44
2011.05.09 16:15:42.130,1.039,1.03942,2.78,2.79
2011.05.09 16:15:43.028,1.039,1.03942,2.78,2.79
2011.05.09 16:15:45.172,1.039,1.03942,2.78,2.04
2011.05.09 16:15:45.708,1.03901,1.03942,2.78,2.04
2011.05.09 16:15:46.378,1.03901,1.03942,2.78,2.79
2011.05.09 16:15:47.009,1.039,1.03941,2.03,1.50
2011.05.09 16:15:47.646,1.03899,1.03941,2.03,2.94
2011.05.09 16:15:47.760,1.03897,1.03941,3.83,2.19
2011.05.09 16:15:48.089,1.039,1.03941,2.03,1.44
2011.05.09 16:15:48.941,1.03899,1.03942,2.78,3.54
2011.05.09 16:15:49.159,1.03897,1.03941,4.73,1.82
2011.05.09 16:15:49.381,1.03897,1.03941,2.03,5.42
2011.05.09 16:15:52.071,1.03897,1.03937,2.03,1.88
2011.05.09 16:15:53.610,1.03897,1.03937,2.03,1.13
2011.05.09 16:15:54.151,1.03897,1.03941,2.63,2.19
2011.05.09 16:15:55.738,1.03899,1.03941,2.03,2.25
2011.05.09 16:15:55.980,1.03903,1.03941,2.03,2.25
2011.05.09 16:15:56.089,1.03903,1.03948,2.03,2.10
2011.05.09 16:15:56.418,1.03905,1.03948,2.03,1.35
2011.05.09 16:15:57.269,1.03905,1.03949,2.03,1.50
2011.05.09 16:15:58.122,1.03905,1.03949,2.78,1.50
2011.05.09 16:15:58.629,1.03906,1.03951,2.03,1.35
2011.05.09 16:15:58.849,1.03907,1.03951,2.10,2.63
2011.05.09 16:16:00.388,1.03907,1.03949,2.10,2.03
2011.05.09 16:16:01.090,1.03907,1.03949,2.85,2.03
2011.05.09 16:16:03.099,1.03907,1.03949,2.85,2.03
2011.05.09 16:16:05.269,1.03908,1.03949,2.10,2.03
2011.05.09 16:16:05.379,1.03905,1.03949,1.35,2.03
2011.05.09 16:16:05.928,1.03906,1.03949,1.13,2.03
2011.05.09 16:16:06.479,1.03905,1.03946,1.35,2.03
2011.05.09 16:16:06.589,1.03905,1.03948,1.35,2.03
2011.05.09 16:16:06.699,1.03907,1.03949,3.83,2.03
2011.05.09 16:16:06.809,1.03909,1.03951,3.75,5.72
2011.05.09 16:16:07.030,1.03907,1.03948,3.45,2.03
2011.05.09 16:16:07.250,1.03908,1.03951,3.75,1.44
2011.05.09 16:16:07.799,1.03908,1.03947,2.78,2.57
2011.05.09 16:16:08.240,1.03905,1.03946,2.03,2.94
2011.05.09 16:16:08.568,1.03902,1.03946,2.63,2.94
2011.05.09 16:16:09.120,1.03902,1.03946,3.38,2.94
2011.05.09 16:16:09.843,1.03902,1.03945,3.38,1.07
2011.05.09 16:16:10.254,1.03902,1.03943,2.63,1.13
2011.05.09 16:16:10.364,1.03896,1.03939,1.35,2.63
2011.05.09 16:16:10.704,1.039,1.03944,2.03,4.50
2011.05.09 16:16:11.042,1.03897,1.03937,2.03,1.73
2011.05.09 16:16:11.260,1.03897,1.03936,2.03,1.50
2011.05.09 16:16:11.480,1.03884,1.03929,7.13,2.03
2011.05.09 16:16:11.589,1.0389,1.03933,2.63,1.13
2011.05.09 16:16:12.610,1.03887,1.03932,2.03,1.73
2011.05.09 16:16:13.293,1.03896,1.03934,1.35,2.03
2011.05.09 16:16:13.630,1.03894,1.03936,2.03,1.13
2011.05.09 16:16:13.741,1.03895,1.03938,1.35,2.03
2011.05.09 16:16:13.960,1.03898,1.03938,1.35,2.03
2011.05.09 16:16:14.181,1.03902,1.03941,2.03,2.25
2011.05.09 16:16:14.688,1.03903,1.03941,2.03,2.25
2011.05.09 16:16:15.340,1.03904,1.03941,2.03,2.94
2011.05.09 16:16:15.449,1.03901,1.03941,2.03,2.94
2011.05.09 16:16:16.170,1.03895,1.0394,2.63,2.03
2011.05.09 16:16:16.508,1.03895,1.0394,2.63,2.40
2011.05.09 16:16:17.282,1.03895,1.03938,2.03,1.73
2011.05.09 16:16:17.871,1.03889,1.03933,1.35,2.03
2011.05.09 16:16:18.616,1.0389,1.03935,2.78,3.38
2011.05.09 16:16:19.307,1.0389,1.03933,2.78,1.50
2011.05.09 16:16:19.980,1.0389,1.03934,2.78,2.78
2011.05.09 16:16:20.312,1.03891,1.03933,2.48,2.03
2011.05.09 16:16:20.640,1.03898,1.03937,2.70,2.03
2011.05.09 16:16:20.969,1.03899,1.03941,1.73,2.03
2011.05.09 16:16:21.079,1.03899,1.03946,3.75,2.03
2011.05.09 16:16:23.991,1.03901,1.03946,1.13,2.03
2011.05.09 16:16:24.429,1.039,1.03947,2.78,3.15
2011.05.09 16:16:24.906,1.03901,1.03948,2.78,3.15
2011.05.09 16:16:26.029,1.03901,1.03946,2.03,4.05
2011.05.09 16:16:26.581,1.03898,1.03945,3.75,2.03
2011.05.09 16:16:27.348,1.03898,1.03945,3.75,2.78
2011.05.09 16:16:28.141,1.03899,1.03945,1.35,2.78
2011.05.09 16:16:30.699,1.03902,1.03947,2.03,3.15
2011.05.09 16:16:31.029,1.03905,1.03947,2.03,1.13
2011.05.09 16:16:31.948,1.03904,1.03947,2.03,1.13
2011.05.09 16:16:32.280,1.03904,1.03947,2.03,3.38
2011.05.09 16:16:32.840,1.03904,1.03948,4.05,1.13
2011.05.09 16:16:33.061,1.03904,1.03948,2.03,4.05
2011.05.09 16:16:33.168,1.03902,1.03945,1.73,2.03
2011.05.09 16:16:33.390,1.03903,1.0395,2.40,2.03
2011.05.09 16:16:34.338,1.03906,1.0395,2.03,2.03
2011.05.09 16:16:34.449,1.03903,1.0395,2.40,2.03
2011.05.09 16:16:34.614,1.03903,1.0395,2.40,2.03
2011.05.09 16:16:34.949,1.03906,1.03951,1.50,2.63
2011.05.09 16:16:35.171,1.03907,1.03951,2.03,3.38
2011.05.09 16:16:35.279,1.03903,1.03949,3.15,2.03
2011.05.09 16:16:36.699,1.03907,1.03949,1.13,2.03
2011.05.09 16:16:37.458,1.03908,1.03955,3.15,2.78
2011.05.09 16:16:39.108,1.03909,1.03955,1.13,2.78
2011.05.09 16:16:39.672,1.03912,1.03955,1.13,2.03
2011.05.09 16:16:39.783,1.03918,1.03958,2.03,1.35
2011.05.09 16:16:40.239,1.03918,1.03961,2.03,1.44
2011.05.09 16:16:40.615,1.03917,1.03958,2.03,1.13
2011.05.09 16:16:40.841,1.03913,1.03958,2.03,1.13
2011.05.09 16:16:41.389,1.03911,1.03956,2.78,2.03
2011.05.09 16:16:42.100,1.03911,1.03956,2.78,2.78
2011.05.09 16:16:42.593,1.03911,1.03956,3.15,2.78
2011.05.09 16:16:42.698,1.03911,1.03956,3.15,2.03
2011.05.09 16:16:42.918,1.03915,1.03959,2.03,3.53
2011.05.09 16:16:43.392,1.03915,1.03959,2.03,3.15
2011.05.09 16:16:43.502,1.03909,1.03954,3.53,2.03
2011.05.09 16:16:44.343,1.03911,1.03954,1.88,2.03
2011.05.09 16:16:45.269,1.03913,1.03957,2.03,1.35
2011.05.09 16:16:45.600,1.03919,1.03962,3.00,3.69
2011.05.09 16:16:45.930,1.0392,1.03961,2.03,1.50
2011.05.09 16:16:46.040,1.0392,1.03961,2.03,1.44
2011.05.09 16:16:46.259,1.0392,1.03961,2.03,1.44
2011.05.09 16:16:46.991,1.0392,1.03959,2.03,1.50
2011.05.09 16:16:47.469,1.03915,1.03958,2.78,1.35
2011.05.09 16:16:52.421,1.03915,1.03951,2.03,2.57
2011.05.09 16:16:52.861,1.03889,1.03934,2.78,2.78
2011.05.09 16:16:54.446,1.03889,1.03934,2.78,2.78
2011.05.09 16:16:54.564,1.03891,1.03936,2.78,1.35
2011.05.09 16:16:55.121,1.03891,1.03937,3.53,2.63
2011.05.09 16:16:55.450,1.03899,1.03941,1.35,2.04
2011.05.09 16:16:57.219,1.03901,1.03946,3.15,2.10
2011.05.09 16:16:57.659,1.03901,1.03943,2.78,1.73
2011.05.09 16:16:57.994,1.0388,1.03926,2.78,2.10
2011.05.09 16:16:58.114,1.03886,1.03926,2.03,2.10
2011.05.09 16:16:58.230,1.03886,1.0393,2.03,2.10
2011.05.09 16:16:59.078,1.03883,1.0393,3.75,4.13
2011.05.09 16:17:00.029,1.03885,1.03926,1.73,2.63
2011.05.09 16:17:00.539,1.03885,1.03926,1.73,2.63
2011.05.09 16:17:00.649,1.03886,1.03926,1.35,2.03
2011.05.09 16:17:01.048,1.03886,1.03926,1.35,2.03
2011.05.09 16:17:01.609,1.03886,1.03928,1.35,2.03
2011.05.09 16:17:01.719,1.03886,1.03931,1.35,2.78
2011.05.09 16:17:01.829,1.03886,1.03931,1.35,3.15
2011.05.09 16:17:01.941,1.03884,1.03931,3.53,3.75
2011.05.09 16:17:02.599,1.03887,1.03923,1.50,2.03
2011.05.09 16:17:04.730,1.03886,1.0393,1.35,2.63
2011.05.09 16:17:05.170,1.03881,1.0392,1.50,2.10
2011.05.09 16:17:05.633,1.03877,1.0392,2.78,2.10
2011.05.09 16:17:07.940,1.03876,1.03918,4.13,1.35
2011.05.09 16:17:10.933,1.03876,1.03911,2.78,2.10
2011.05.09 16:17:11.042,1.03873,1.03911,1.50,2.10
2011.05.09 16:17:11.150,1.03872,1.03911,1.50,2.10
2011.05.09 16:17:11.481,1.03867,1.03904,1.50,2.10
2011.05.09 16:17:11.589,1.03866,1.03904,1.50,2.10
2011.05.09 16:17:11.919,1.03866,1.03904,1.88,2.10
2011.05.09 16:17:12.030,1.03868,1.03908,1.35,2.63
2011.05.09 16:17:12.843,1.03873,1.03912,2.03,2.10
2011.05.09 16:17:12.952,1.03875,1.03914,2.63,2.03
2011.05.09 16:17:13.061,1.03877,1.03917,2.63,1.35
2011.05.09 16:17:13.281,1.03878,1.0392,1.13,2.63
2011.05.09 16:17:14.050,1.03877,1.03921,2.03,2.04
2011.05.09 16:17:14.160,1.03876,1.03921,2.63,1.44
2011.05.09 16:17:15.039,1.03882,1.03925,1.35,3.32
2011.05.09 16:17:15.149,1.03882,1.03925,1.35,2.63
2011.05.09 16:17:15.428,1.03883,1.03925,1.35,2.63
2011.05.09 16:17:15.872,1.03881,1.03925,1.35,2.63
2011.05.09 16:17:15.979,1.03881,1.03925,1.73,2.63
2011.05.09 16:17:16.565,1.03886,1.03927,2.03,2.03
2011.05.09 16:17:16.683,1.03886,1.03931,2.78,2.63
2011.05.09 16:17:17.009,1.0389,1.03928,2.03,1.44
2011.05.09 16:17:17.671,1.03887,1.0393,2.10,3.38
2011.05.09 16:17:18.000,1.03884,1.03931,2.63,3.38
2011.05.09 16:17:18.220,1.03882,1.03929,5.18,2.03
2011.05.09 16:17:18.330,1.03882,1.03927,1.13,2.03
2011.05.09 16:17:18.771,1.0388,1.03927,2.78,2.03
2011.05.09 16:17:18.879,1.0388,1.03925,2.78,2.03
2011.05.09 16:17:19.270,1.0388,1.03925,2.78,2.40
2011.05.09 16:17:19.372,1.03878,1.03924,1.13,2.03
2011.05.09 16:17:19.811,1.03878,1.03924,1.88,2.03
2011.05.09 16:17:19.921,1.03879,1.03926,3.15,2.03
2011.05.09 16:17:20.142,1.03886,1.03926,2.03,2.03
2011.05.09 16:17:20.250,1.03888,1.03931,2.03,1.35
2011.05.09 16:17:20.799,1.03888,1.03931,2.78,1.50
2011.05.09 16:17:21.019,1.03888,1.03931,2.78,1.50
2011.05.09 16:17:21.349,1.03888,1.03931,2.78,3.69
2011.05.09 16:17:21.459,1.03888,1.03929,2.78,1.13
2011.05.09 16:17:21.570,1.03881,1.03925,1.50,2.03
2011.05.09 16:17:21.789,1.0388,1.03925,3.53,2.03
2011.05.09 16:17:22.228,1.03881,1.03922,1.50,2.03
2011.05.09 16:17:22.873,1.03884,1.03925,1.35,2.03
2011.05.09 16:17:23.429,1.03887,1.03927,2.78,1.44
2011.05.09 16:17:23.979,1.03887,1.03927,2.78,1.44
2011.05.09 16:17:24.536,1.03887,1.03927,2.78,1.44
2011.05.09 16:17:24.651,1.03888,1.03927,1.35,1.44
2011.05.09 16:17:24.872,1.03888,1.03931,1.73,2.03
2011.05.09 16:17:24.981,1.03892,1.03935,1.13,2.03
2011.05.09 16:17:25.531,1.03892,1.03936,1.13,2.03
2011.05.09 16:17:25.642,1.03891,1.03931,1.13,2.03
2011.05.09 16:17:25.970,1.03889,1.03924,1.50,2.63
2011.05.09 16:17:26.081,1.03888,1.03924,2.10,2.63
2011.05.09 16:17:26.192,1.03879,1.0392,2.78,2.10
2011.05.09 16:17:26.411,1.03877,1.0392,2.48,4.13
2011.05.09 16:17:26.741,1.03875,1.03917,2.78,2.10
2011.05.09 16:17:27.165,1.03874,1.03919,2.78,2.63
2011.05.09 16:17:27.293,1.03871,1.03916,4.50,2.63
2011.05.09 16:17:27.399,1.03875,1.0392,2.03,3.38
2011.05.09 16:17:27.948,1.03876,1.03921,2.03,3.38
2011.05.09 16:17:28.468,1.03877,1.03922,5.25,2.63
2011.05.09 16:17:29.590,1.03877,1.03922,5.85,2.63
2011.05.09 16:17:30.250,1.0388,1.03922,1.35,2.63
2011.05.09 16:17:31.191,1.03882,1.03922,1.13,2.63
2011.05.09 16:17:31.301,1.03885,1.03928,1.35,1.35
2011.05.09 16:17:31.520,1.03882,1.03927,3.38,2.63
2011.05.09 16:17:31.629,1.03882,1.03927,2.63,2.03
2011.05.09 16:17:32.069,1.03883,1.03928,1.13,2.03
2011.05.09 16:17:32.967,1.03883,1.03928,2.78,2.40
2011.05.09 16:17:33.190,1.03883,1.03928,2.03,2.03
2011.05.09 16:17:34.500,1.03884,1.03928,2.40,2.03
2011.05.09 16:17:34.830,1.03892,1.03933,1.73,2.03
2011.05.09 16:17:34.940,1.03892,1.03937,1.73,3.47
2011.05.09 16:17:35.548,1.03892,1.03937,3.75,3.47
2011.05.09 16:17:35.991,1.03896,1.03937,1.13,3.47
2011.05.09 16:17:36.323,1.03898,1.0394,2.10,2.10
2011.05.09 16:17:36.441,1.03897,1.03942,2.03,2.63
2011.05.09 16:17:36.551,1.03895,1.03941,2.03,2.63
2011.05.09 16:17:37.062,1.03896,1.0394,2.03,2.63
2011.05.09 16:17:38.855,1.03899,1.03939,2.03,1.35
2011.05.09 16:17:39.710,1.039,1.03943,2.03,1.35
2011.05.09 16:17:40.278,1.039,1.03944,2.78,1.35
2011.05.09 16:17:42.098,1.039,1.03944,2.78,1.35
2011.05.09 16:17:44.619,1.039,1.03944,3.38,1.35
2011.05.09 16:17:44.950,1.039,1.03941,2.78,2.10
2011.05.09 16:17:48.380,1.03898,1.03934,2.03,1.35
2011.05.09 16:17:48.488,1.03898,1.03934,2.03,1.35
2011.05.09 16:17:48.600,1.03893,1.03934,2.03,1.35
2011.05.09 16:17:49.040,1.0389,1.03934,3.38,1.35
2011.05.09 16:17:49.479,1.03888,1.03934,2.48,3.38
2011.05.09 16:17:50.005,1.03888,1.03933,1.35,1.73
2011.05.09 16:17:50.241,1.03889,1.03932,1.13,4.73
2011.05.09 16:17:50.570,1.03904,1.03932,1.73,2.03
2011.05.09 16:17:50.791,1.03908,1.03948,2.03,2.10
2011.05.09 16:17:51.121,1.03908,1.03949,2.63,1.35
2011.05.09 16:17:51.930,1.03908,1.03946,2.03,2.10
2011.05.09 16:17:52.039,1.03906,1.03946,2.78,2.10
2011.05.09 16:17:52.589,1.03907,1.03946,2.03,2.10
2011.05.09 16:17:53.129,1.03905,1.03946,2.78,2.10
2011.05.09 16:17:53.919,1.03907,1.03946,2.03,2.10
2011.05.09 16:17:54.034,1.03907,1.03948,2.03,1.35
2011.05.09 16:17:54.258,1.03909,1.03948,2.03,1.35
2011.05.09 16:17:54.808,1.03908,1.03948,2.03,1.35
2011.05.09 16:17:55.689,1.03907,1.03949,2.03,1.35
2011.05.09 16:17:56.289,1.03908,1.03949,2.03,1.35
2011.05.09 16:17:57.059,1.03908,1.03949,2.78,1.35
2011.05.09 16:18:00.952,1.03907,1.03944,2.03,1.35
2011.05.09 16:18:04.859,1.03907,1.03944,2.03,1.35
2011.05.09 16:18:06.419,1.03904,1.03944,2.03,1.35
2011.05.09 16:18:07.069,1.03903,1.03944,2.03,1.73
2011.05.09 16:18:07.410,1.03903,1.03942,2.03,2.48
2011.05.09 16:18:07.520,1.03899,1.03942,2.03,2.48
2011.05.09 16:18:08.179,1.03896,1.03942,2.03,6.08
2011.05.09 16:18:08.290,1.03894,1.03941,2.03,3.75
2011.05.09 16:18:10.192,1.03894,1.0394,3.15,2.63
2011.05.09 16:18:10.520,1.03899,1.03941,3.53,3.23
2011.05.09 16:18:10.741,1.03897,1.03936,2.03,1.35
2011.05.09 16:18:10.851,1.03894,1.03936,2.03,1.35
2011.05.09 16:18:11.069,1.03896,1.03936,2.03,1.73
2011.05.09 16:18:11.400,1.03895,1.03934,2.03,2.10
2011.05.09 16:18:11.509,1.0389,1.03934,3.00,2.10
2011.05.09 16:18:11.839,1.03894,1.03934,2.03,2.10
2011.05.09 16:18:12.170,1.03894,1.03928,2.03,2.10
2011.05.09 16:18:12.764,1.0389,1.03933,2.03,5.33
2011.05.09 16:18:12.990,1.0389,1.0393,2.03,2.10
2011.05.09 16:18:13.209,1.03893,1.03938,2.03,4.50
2011.05.09 16:18:13.319,1.03899,1.03938,2.03,4.13
2011.05.09 16:18:13.429,1.03899,1.03938,2.03,2.63
2011.05.09 16:18:13.650,1.03898,1.03938,5.25,2.63
2011.05.09 16:18:13.872,1.03904,1.03943,1.73,2.10
2011.05.09 16:18:13.984,1.03908,1.03946,2.10,1.73
2011.05.09 16:18:14.100,1.03903,1.03946,2.03,2.48
2011.05.09 16:18:14.211,1.03902,1.03942,2.03,1.73
2011.05.09 16:18:14.430,1.03899,1.03943,2.03,4.20
2011.05.09 16:18:14.759,1.03902,1.03943,2.03,2.10
2011.05.09 16:18:15.529,1.03896,1.03942,1.13,2.63
2011.05.09 16:18:16.589,1.03898,1.03941,1.50,2.63
2011.05.09 16:18:16.699,1.03901,1.03941,1.13,2.03
2011.05.09 16:18:16.809,1.03901,1.03947,1.13,2.63
2011.05.09 16:18:18.220,1.03906,1.03948,2.03,1.35
2011.05.09 16:18:18.589,1.03908,1.03948,2.03,1.35
2011.05.09 16:18:19.140,1.03906,1.03946,2.03,1.35
2011.05.09 16:18:19.472,1.03906,1.0394,2.03,1.35
2011.05.09 16:18:19.584,1.03896,1.03942,2.03,1.73
2011.05.09 16:18:20.145,1.03902,1.03946,2.03,3.00
2011.05.09 16:18:20.260,1.03904,1.03948,2.03,1.73
2011.05.09 16:18:20.591,1.039,1.03946,2.03,3.75
2011.05.09 16:18:21.031,1.03898,1.03943,2.03,3.00
2011.05.09 16:18:21.359,1.03896,1.03943,2.03,3.00
2011.05.09 16:18:21.649,1.03896,1.03943,2.03,2.40
2011.05.09 16:18:21.760,1.03899,1.03943,2.03,2.03
2011.05.09 16:18:21.869,1.03901,1.03947,2.03,1.88
2011.05.09 16:18:22.921,1.03901,1.03948,2.40,4.13
2011.05.09 16:18:23.030,1.03901,1.03948,5.18,3.38
2011.05.09 16:18:23.659,1.03904,1.03948,2.03,3.38
2011.05.09 16:18:23.989,1.03906,1.03944,2.03,1.35
2011.05.09 16:18:24.210,1.03903,1.03946,2.03,2.48
2011.05.09 16:18:24.429,1.03902,1.03941,2.03,2.10
2011.05.09 16:18:24.870,1.03905,1.03941,2.03,2.10
2011.05.09 16:18:25.090,1.03904,1.03949,2.03,1.73
2011.05.09 16:18:27.090,1.03904,1.03945,2.03,1.13
2011.05.09 16:18:28.130,1.03904,1.03948,2.03,1.73
2011.05.09 16:18:28.570,1.039,1.03943,2.03,2.40
2011.05.09 16:18:28.679,1.03898,1.03943,2.03,2.40
2011.05.09 16:18:29.332,1.03896,1.03943,2.78,2.40
2011.05.09 16:18:29.770,1.03896,1.03943,4.80,2.03
2011.05.09 16:18:29.880,1.03899,1.03946,2.03,2.40
2011.05.09 16:18:30.439,1.039,1.03946,2.03,2.40
2011.05.09 16:18:31.161,1.039,1.03945,2.03,2.40
2011.05.09 16:18:31.869,1.03899,1.03944,2.03,2.40
2011.05.09 16:18:32.539,1.039,1.03945,2.03,2.40
2011.05.09 16:18:32.651,1.03898,1.03945,2.03,2.40
2011.05.09 16:18:32.871,1.03897,1.03942,4.80,2.03
2011.05.09 16:18:32.980,1.03899,1.03946,4.05,3.15
2011.05.09 16:18:33.091,1.03901,1.03945,2.03,2.40
2011.05.09 16:18:33.420,1.03904,1.03948,2.03,3.15
2011.05.09 16:18:33.529,1.03902,1.03948,2.63,3.15
2011.05.09 16:18:34.447,1.03903,1.03948,2.03,1.13
2011.05.09 16:18:34.980,1.03904,1.03948,2.03,1.13
2011.05.09 16:18:35.529,1.03905,1.03948,2.03,1.13
2011.05.09 16:18:36.109,1.03904,1.03948,2.03,1.13
2011.05.09 16:18:37.879,1.03904,1.03948,2.03,1.13
2011.05.09 16:18:38.100,1.039,1.03946,2.03,2.40
2011.05.09 16:18:38.209,1.03896,1.03943,2.78,2.40
2011.05.09 16:18:38.752,1.03899,1.03944,2.03,2.40
2011.05.09 16:18:40.129,1.03899,1.03941,2.03,1.13
2011.05.09 16:18:42.130,1.039,1.03943,2.03,1.13
2011.05.09 16:18:42.239,1.039,1.03947,2.03,4.65
2011.05.09 16:18:45.068,1.039,1.03946,2.78,1.50
2011.05.09 16:18:46.607,1.03899,1.03944,2.03,2.78
2011.05.09 16:18:46.721,1.03899,1.0394,2.03,2.63
2011.05.09 16:18:46.831,1.03897,1.03939,1.50,2.63
2011.05.09 16:18:48.168,1.03893,1.03939,2.78,3.38
2011.05.09 16:18:49.689,1.03893,1.03937,2.78,1.35
2011.05.09 16:18:57.479,1.03891,1.03936,3.53,2.40
2011.05.09 16:18:58.192,1.03892,1.03934,2.03,2.10
2011.05.09 16:18:58.521,1.03892,1.03936,3.00,2.10
2011.05.09 16:18:58.632,1.03893,1.03939,1.73,2.78
2011.05.09 16:18:58.741,1.03895,1.03939,1.13,2.03
2011.05.09 16:18:58.849,1.03896,1.03941,2.40,2.63
2011.05.09 16:18:59.409,1.03897,1.03939,2.03,1.73
2011.05.09 16:18:59.630,1.03891,1.03933,2.03,1.35
2011.05.09 16:18:59.849,1.03886,1.03932,4.50,2.03
2011.05.09 16:18:59.961,1.03886,1.03932,1.50,4.50
2011.05.09 16:19:00.949,1.03882,1.03927,2.78,1.35
2011.05.09 16:19:02.320,1.03879,1.03924,1.35,2.63
2011.05.09 16:19:02.430,1.03877,1.03924,3.38,3.00
2011.05.09 16:19:02.649,1.03876,1.03921,2.78,1.73
2011.05.09 16:19:02.760,1.0388,1.03922,2.78,1.35
2011.05.09 16:19:02.870,1.03881,1.03925,1.35,1.35
2011.05.09 16:19:03.419,1.03883,1.03925,2.03,1.35
2011.05.09 16:19:04.159,1.03883,1.03925,2.78,1.35
2011.05.09 16:19:06.690,1.03883,1.03928,2.78,3.38
2011.05.09 16:19:07.251,1.03888,1.03929,2.03,1.35
2011.05.09 16:19:07.949,1.03887,1.03929,2.03,2.10
2011.05.09 16:19:08.169,1.03884,1.03929,3.00,2.10
2011.05.09 16:19:10.108,1.03889,1.03929,1.35,1.35
2011.05.09 16:19:11.835,1.03891,1.0393,1.35,1.50
2011.05.09 16:19:12.059,1.03891,1.03931,3.00,2.25
2011.05.09 16:19:12.609,1.03889,1.0393,2.63,1.44
2011.05.09 16:19:13.158,1.03889,1.0393,2.63,1.44
2011.05.09 16:19:13.370,1.03893,1.03932,2.03,1.44
2011.05.09 16:19:13.889,1.03893,1.03932,2.03,1.44
2011.05.09 16:19:15.529,1.03891,1.03931,3.38,1.44
2011.05.09 16:19:19.931,1.03888,1.03932,2.63,5.42
2011.05.09 16:19:20.148,1.03888,1.03931,2.63,1.44
2011.05.09 16:19:20.879,1.03888,1.03932,2.63,5.42
2011.05.09 16:19:22.930,1.03893,1.03932,2.40,1.44
2011.05.09 16:19:23.260,1.03897,1.03939,2.63,1.35
2011.05.09 16:19:25.254,1.03897,1.03931,2.03,2.10
2011.05.09 16:19:25.375,1.03894,1.03931,2.03,2.10
2011.05.09 16:19:25.493,1.03889,1.03931,2.03,2.85
2011.05.09 16:19:25.710,1.03887,1.03928,3.38,1.35
2011.05.09 16:19:26.837,1.03887,1.03932,3.38,3.98
2011.05.09 16:19:28.151,1.03887,1.03932,2.63,3.98
2011.05.09 16:19:31.817,1.03887,1.03932,2.63,3.98
2011.05.09 16:19:32.149,1.03888,1.03934,2.40,1.35
2011.05.09 16:19:32.259,1.03888,1.03934,4.43,2.10
2011.05.09 16:19:32.808,1.0389,1.03934,2.03,2.10
2011.05.09 16:19:33.141,1.0389,1.03931,2.03,1.35
2011.05.09 16:19:33.359,1.03888,1.03929,2.03,1.35
2011.05.09 16:19:34.510,1.03885,1.03928,2.03,3.75
2011.05.09 16:19:34.622,1.03883,1.03928,2.03,3.75
2011.05.09 16:19:35.484,1.03883,1.03927,2.03,1.73
2011.05.09 16:19:37.097,1.03883,1.03926,2.03,1.50
2011.05.09 16:19:37.540,1.03877,1.0392,3.45,2.03
2011.05.09 16:19:37.649,1.03877,1.0392,2.85,2.63
2011.05.09 16:19:37.870,1.03875,1.03917,3.53,1.50
2011.05.09 16:19:37.982,1.03873,1.03915,2.10,1.44
2011.05.09 16:19:38.090,1.03872,1.03915,2.40,1.29
2011.05.09 16:19:38.420,1.03872,1.03913,2.03,3.83
2011.05.09 16:19:38.749,1.03867,1.03907,2.03,1.13
2011.05.09 16:19:39.299,1.03866,1.03907,2.03,1.13
2011.05.09 16:19:40.015,1.03867,1.03911,2.78,2.63
2011.05.09 16:19:40.130,1.03868,1.03913,4.50,2.78
2011.05.09 16:19:40.350,1.03874,1.03918,2.63,2.48
2011.05.09 16:19:40.462,1.03878,1.03918,2.03,2.48
2011.05.09 16:19:40.680,1.03872,1.03918,2.63,2.48
2011.05.09 16:19:40.790,1.03872,1.03918,2.63,1.88
2011.05.09 16:19:41.649,1.03877,1.03918,2.03,1.88
2011.05.09 16:19:42.451,1.03879,1.03923,1.13,5.48
2011.05.09 16:19:43.550,1.03879,1.03926,3.75,4.22
2011.05.09 16:19:43.658,1.03879,1.03926,3.00,4.22
2011.05.09 16:19:43.770,1.03878,1.03922,2.63,2.03
2011.05.09 16:19:45.172,1.03879,1.03922,1.35,2.03
2011.05.09 16:19:45.653,1.03882,1.03922,1.35,2.63
2011.05.09 16:19:47.991,1.03879,1.03923,1.35,2.78
2011.05.09 16:19:48.211,1.03878,1.03923,2.70,2.40
2011.05.09 16:19:48.320,1.03876,1.03923,3.38,5.25
2011.05.09 16:19:48.649,1.03876,1.03918,1.35,1.13
2011.05.09 16:19:50.924,1.03875,1.03918,2.63,1.13
2011.05.09 16:19:51.153,1.03876,1.03919,2.03,1.35
2011.05.09 16:19:51.371,1.03878,1.03919,2.40,1.35
2011.05.09 16:19:51.702,1.03883,1.03924,1.73,2.03
2011.05.09 16:19:52.250,1.03884,1.03926,2.63,1.29
2011.05.09 16:19:53.061,1.03891,1.03926,2.03,1.29
2011.05.09 16:19:53.389,1.03887,1.03932,2.63,1.35
2011.05.09 16:19:54.300,1.03888,1.03932,1.35,1.35
2011.05.09 16:19:55.259,1.03889,1.03933,1.73,1.35
2011.05.09 16:19:55.590,1.0389,1.03932,1.35,1.35
2011.05.09 16:19:56.690,1.03888,1.03933,2.78,2.78
2011.05.09 16:19:56.909,1.03888,1.03933,2.40,2.78
2011.05.09 16:19:57.019,1.03893,1.03934,2.03,1.35
2011.05.09 16:19:57.350,1.03898,1.03943,2.03,2.10
2011.05.09 16:19:59.701,1.03898,1.03944,2.40,2.63
2011.05.09 16:20:00.251,1.03898,1.03943,2.78,1.35
2011.05.09 16:20:02.240,1.03902,1.03943,1.35,2.03
2011.05.09 16:20:02.756,1.03902,1.03945,1.73,2.63
2011.05.09 16:20:02.857,1.03906,1.03949,2.63,1.13
2011.05.09 16:20:02.972,1.03906,1.0395,2.03,1.73
2011.05.09 16:20:03.080,1.03903,1.03948,2.03,2.63
2011.05.09 16:20:03.848,1.03902,1.03947,2.03,2.63
2011.05.09 16:20:04.589,1.03903,1.03949,2.03,2.48
2011.05.09 16:20:05.343,1.03901,1.03945,1.35,2.03
2011.05.09 16:20:05.569,1.03901,1.03947,1.35,4.65
2011.05.09 16:20:05.791,1.03901,1.03947,1.35,4.13
2011.05.09 16:20:06.231,1.03898,1.03943,2.03,3.83
2011.05.09 16:20:06.735,1.03901,1.03945,2.03,1.35
2011.05.09 16:20:07.401,1.03901,1.03948,3.75,2.78
2011.05.09 16:20:07.512,1.03901,1.03948,4.50,2.03
2011.05.09 16:20:07.731,1.03901,1.03948,2.63,3.75
2011.05.09 16:20:10.599,1.03899,1.03943,2.03,3.00
2011.05.09 16:20:11.149,1.03895,1.03941,2.78,2.03
2011.05.09 16:20:11.380,1.03895,1.03941,2.78,3.00
2011.05.09 16:20:12.129,1.03897,1.03938,2.03,1.73
2011.05.09 16:20:12.239,1.03894,1.03938,2.03,1.73
2011.05.09 16:20:12.876,1.03894,1.03938,2.03,1.73
2011.05.09 16:20:13.659,1.03894,1.03936,2.03,1.35
2011.05.09 16:20:14.259,1.03895,1.03936,2.03,1.35
2011.05.09 16:20:14.589,1.03899,1.03936,2.03,1.35
2011.05.09 16:20:15.656,1.03898,1.03936,2.03,1.35
2011.05.09 16:20:15.880,1.03896,1.03936,2.03,1.35
2011.05.09 16:20:15.991,1.03895,1.03937,2.40,1.35
2011.05.09 16:20:16.323,1.03892,1.03936,2.03,1.35
2011.05.09 16:20:16.431,1.03892,1.03936,2.03,1.35
2011.05.09 16:20:16.650,1.03892,1.03937,2.03,1.35
2011.05.09 16:20:17.199,1.03892,1.03937,2.03,1.35
2011.05.09 16:20:17.779,1.03891,1.03935,2.63,1.13
2011.05.09 16:20:18.329,1.03891,1.03933,2.03,2.85
2011.05.09 16:20:20.821,1.03893,1.03933,2.03,2.10
2011.05.09 16:20:21.149,1.03896,1.03934,2.03,1.35
2011.05.09 16:20:21.260,1.03894,1.03934,2.03,1.35
2011.05.09 16:20:21.810,1.03891,1.03934,1.35,1.73
2011.05.09 16:20:21.921,1.03888,1.03933,2.63,2.48
2011.05.09 16:20:22.031,1.03887,1.03926,1.35,2.63
2011.05.09 16:20:22.251,1.03885,1.03925,1.50,2.10
2011.05.09 16:20:22.471,1.03889,1.03931,1.88,2.04
2011.05.09 16:20:23.829,1.03893,1.03933,2.03,2.10
2011.05.09 16:20:25.036,1.03893,1.03933,2.78,2.10
2011.05.09 16:20:26.025,1.03893,1.03933,2.03,2.85
2011.05.09 16:20:26.929,1.03893,1.03937,2.03,4.88
2011.05.09 16:20:27.040,1.03889,1.03932,1.50,2.70
2011.05.09 16:20:27.590,1.03892,1.03932,2.78,2.70
2011.05.09 16:20:27.921,1.03889,1.03933,1.88,2.63
2011.05.09 16:20:28.140,1.03888,1.03933,2.40,3.45
2011.05.09 16:20:28.470,1.03891,1.03934,2.03,1.35
2011.05.09 16:20:29.129,1.0389,1.03935,2.03,1.35
2011.05.09 16:20:29.699,1.03891,1.03935,2.03,1.35
2011.05.09 16:20:30.910,1.03891,1.03935,2.78,1.35
2011.05.09 16:20:31.170,1.03891,1.03934,2.78,1.35
2011.05.09 16:20:32.429,1.03891,1.03933,2.78,1.35
2011.05.09 16:20:32.839,1.03891,1.0393,2.78,1.35
2011.05.09 16:20:34.118,1.03888,1.03929,2.78,1.35
2011.05.09 16:20:35.770,1.03888,1.03928,2.78,2.10
2011.05.09 16:20:40.734,1.03887,1.0392,2.03,2.10
2011.05.09 16:20:41.289,1.03882,1.0392,2.78,2.10
2011.05.09 16:20:41.889,1.03882,1.0392,2.03,2.10
2011.05.09 16:20:42.440,1.03881,1.0392,2.78,2.10
2011.05.09 16:20:43.530,1.03883,1.03926,1.35,3.75
2011.05.09 16:20:43.640,1.03887,1.03926,1.35,2.03
2011.05.09 16:20:43.750,1.03889,1.03926,1.13,2.03
2011.05.09 16:20:44.190,1.03889,1.03931,2.78,1.29
2011.05.09 16:20:45.107,1.03889,1.03933,3.53,2.63
2011.05.09 16:20:45.875,1.03889,1.03933,3.53,2.63
2011.05.09 16:20:47.111,1.03889,1.03933,3.53,2.63
2011.05.09 16:20:47.222,1.03891,1.03933,1.13,2.63
2011.05.09 16:20:47.770,1.03894,1.03935,2.03,2.10
2011.05.09 16:20:47.990,1.03892,1.03935,2.78,2.10
2011.05.09 16:20:48.650,1.03889,1.03932,2.78,2.70
2011.05.09 16:20:49.672,1.03893,1.03934,2.03,1.35
2011.05.09 16:20:50.002,1.03893,1.03938,3.00,3.38
2011.05.09 16:20:50.111,1.03897,1.03938,2.03,3.38
2011.05.09 16:20:50.698,1.03898,1.03939,2.03,1.35
2011.05.09 16:20:51.710,1.03893,1.03936,2.03,1.35
2011.05.09 16:20:51.930,1.03889,1.03931,1.73,2.03
2011.05.09 16:20:52.149,1.03889,1.03933,4.50,2.63
2011.05.09 16:20:52.890,1.03889,1.03925,1.13,2.10
2011.05.09 16:20:53.001,1.03887,1.03922,2.85,2.63
2011.05.09 16:20:53.222,1.03879,1.03921,2.78,2.19
2011.05.09 16:20:53.442,1.03884,1.03921,2.03,2.42
2011.05.09 16:20:53.661,1.03871,1.0391,2.03,1.35
2011.05.09 16:20:53.991,1.03868,1.03912,3.60,2.10
2011.05.09 16:20:54.100,1.0387,1.03912,2.03,2.10
2011.05.09 16:20:54.539,1.03873,1.03912,2.03,2.10
2011.05.09 16:20:55.398,1.03868,1.03915,3.75,2.63
2011.05.09 16:20:55.961,1.03872,1.03916,2.03,2.10
2011.05.09 16:20:57.499,1.03872,1.03913,2.78,1.35
2011.05.09 16:20:59.650,1.03871,1.03911,1.13,2.10
2011.05.09 16:21:03.287,1.03872,1.03913,3.38,1.35
2011.05.09 16:21:03.939,1.03872,1.03912,2.03,2.10
2011.05.09 16:21:04.490,1.03871,1.03912,1.13,2.10
2011.05.09 16:21:04.949,1.03872,1.03916,2.63,1.35
2011.05.09 16:21:05.061,1.03879,1.03916,1.13,1.35
2011.05.09 16:21:05.389,1.03882,1.03921,2.03,2.10
2011.05.09 16:21:06.849,1.03882,1.03921,2.78,2.10
2011.05.09 16:21:08.035,1.03882,1.03921,2.78,2.10
2011.05.09 16:21:08.830,1.03882,1.03924,2.78,1.35
2011.05.09 16:21:09.400,1.03884,1.03925,2.78,2.10
2011.05.09 16:21:10.060,1.03887,1.03929,2.78,2.10
2011.05.09 16:21:10.389,1.03887,1.03928,2.03,1.73
2011.05.09 16:21:10.499,1.03887,1.03916,2.03,2.10
2011.05.09 16:21:10.609,1.03882,1.03916,1.50,2.10
2011.05.09 16:21:10.721,1.03882,1.03917,1.50,2.10
2011.05.09 16:21:10.830,1.03876,1.03917,3.38,2.10
2011.05.09 16:21:11.376,1.03868,1.03913,2.63,3.38
2011.05.09 16:21:11.710,1.03872,1.03914,1.13,2.10
2011.05.09 16:21:12.536,1.03875,1.03914,2.03,2.10
2011.05.09 16:21:13.149,1.03875,1.03914,2.78,2.10
2011.05.09 16:21:13.848,1.03877,1.0392,2.10,4.07
2011.05.09 16:21:15.827,1.03877,1.0392,1.35,4.13
2011.05.09 16:21:17.055,1.03879,1.03918,1.35,1.35
2011.05.09 16:21:17.823,1.03882,1.0392,1.35,4.13
2011.05.09 16:21:18.043,1.03877,1.03921,2.63,1.35
2011.05.09 16:21:18.152,1.03878,1.03918,1.35,3.00
2011.05.09 16:21:18.481,1.03875,1.03915,2.03,2.10
2011.05.09 16:21:18.591,1.03875,1.03918,2.03,1.73
2011.05.09 16:21:19.291,1.03873,1.03917,2.03,1.35
2011.05.09 16:21:19.509,1.0387,1.03917,2.03,2.63
2011.05.09 16:21:21.710,1.03868,1.03912,2.63,3.08
2011.05.09 16:21:24.090,1.03869,1.03914,3.38,1.35
2011.05.09 16:21:27.391,1.03873,1.03914,2.03,1.35
2011.05.09 16:21:28.869,1.03872,1.03913,2.03,1.73
2011.05.09 16:21:29.659,1.03871,1.03912,2.03,3.08
2011.05.09 16:21:31.638,1.03872,1.03912,2.03,3.08
2011.05.09 16:21:32.950,1.03874,1.03919,2.03,3.53
2011.05.09 16:21:33.169,1.03875,1.03919,2.03,1.50
2011.05.09 16:21:33.720,1.03873,1.03918,2.03,2.40
2011.05.09 16:21:34.309,1.03873,1.03918,2.03,3.15
2011.05.09 16:21:34.855,1.03873,1.03917,2.03,1.35
2011.05.09 16:21:36.781,1.03876,1.03918,2.03,1.35
2011.05.09 16:21:37.330,1.03875,1.03914,2.03,1.73
2011.05.09 16:21:37.443,1.03873,1.03913,2.03,3.08
2011.05.09 16:21:37.552,1.03871,1.03916,2.03,2.63
2011.05.09 16:21:37.769,1.03873,1.03918,2.03,3.75
2011.05.09 16:21:38.359,1.03874,1.03918,2.03,1.73
2011.05.09 16:21:40.363,1.03873,1.03917,2.03,1.35
2011.05.09 16:21:41.271,1.03874,1.03917,2.03,1.35
2011.05.09 16:21:43.799,1.03875,1.03918,2.03,1.35
2011.05.09 16:21:44.350,1.03875,1.03918,2.63,1.35
2011.05.09 16:21:44.460,1.03875,1.03917,2.63,1.35
2011.05.09 16:21:44.791,1.0387,1.03914,2.63,1.35
2011.05.09 16:21:45.119,1.03875,1.03917,2.03,1.35
2011.05.09 16:21:46.000,1.03875,1.03918,2.03,1.35
2011.05.09 16:21:46.699,1.03875,1.03914,2.03,2.40
2011.05.09 16:21:46.810,1.03871,1.03912,1.35,2.03
2011.05.09 16:21:46.920,1.03867,1.03912,2.03,2.63
2011.05.09 16:21:47.471,1.03865,1.0391,2.78,2.63
2011.05.09 16:21:47.799,1.03868,1.03913,2.03,5.85
2011.05.09 16:21:48.768,1.03868,1.0391,2.03,3.00
2011.05.09 16:21:48.882,1.03862,1.03909,3.90,2.63
2011.05.09 16:21:48.991,1.03867,1.03908,1.35,1.35
2011.05.09 16:21:49.320,1.03868,1.03913,2.70,2.48
2011.05.09 16:21:49.982,1.03873,1.03911,2.03,1.73
2011.05.09 16:21:50.200,1.03862,1.03907,1.35,2.78
2011.05.09 16:21:50.419,1.03866,1.03909,2.63,1.13
2011.05.09 16:21:52.200,1.03863,1.03908,2.63,1.88
2011.05.09 16:21:54.850,1.03865,1.03904,2.03,1.35
2011.05.09 16:21:55.579,1.03863,1.03904,2.03,1.35
2011.05.09 16:21:55.690,1.03867,1.03909,2.48,2.78
2011.05.09 16:21:56.349,1.03868,1.03912,2.40,1.44
2011.05.09 16:21:56.460,1.03868,1.03912,3.15,1.44
2011.05.09 16:21:56.972,1.03875,1.0392,2.03,3.38
2011.05.09 16:21:59.080,1.03875,1.03919,2.78,1.35
2011.05.09 16:22:00.085,1.03877,1.03918,2.03,2.10
2011.05.09 16:22:00.203,1.03872,1.03917,2.78,1.35
2011.05.09 16:22:00.640,1.03872,1.03917,4.43,1.35
2011.05.09 16:22:00.862,1.0388,1.03925,2.03,3.00
2011.05.09 16:22:01.739,1.0388,1.03927,2.40,3.38
2011.05.09 16:22:02.363,1.03885,1.0393,2.03,2.85
2011.05.09 16:22:04.124,1.03885,1.0393,2.78,2.85
2011.05.09 16:22:05.160,1.03885,1.0393,2.78,2.85
2011.05.09 16:22:05.379,1.03885,1.03928,2.03,1.35
2011.05.09 16:22:05.599,1.03878,1.03921,2.85,1.35
2011.05.09 16:22:05.711,1.03882,1.03923,1.35,2.10
2011.05.09 16:22:05.820,1.03882,1.03926,1.35,2.78
2011.05.09 16:22:06.149,1.03879,1.03926,3.53,2.63
2011.05.09 16:22:06.661,1.03879,1.03926,2.78,2.63
2011.05.09 16:22:06.881,1.03877,1.03923,4.80,3.00
2011.05.09 16:22:06.991,1.03879,1.03924,2.03,2.63
2011.05.09 16:22:07.699,1.03878,1.03925,5.25,2.63
2011.05.09 16:22:08.219,1.03879,1.03923,2.03,1.35
2011.05.09 16:22:08.929,1.03878,1.03923,5.25,1.35
2011.05.09 16:22:09.259,1.03881,1.03925,1.35,2.78
2011.05.09 16:22:12.814,1.0388,1.03925,2.63,2.78
2011.05.09 16:22:13.149,1.03877,1.0392,1.50,2.63
2011.05.09 16:22:13.912,1.03874,1.03919,3.38,2.03
2011.05.09 16:22:14.020,1.03874,1.03921,3.38,3.38
2011.05.09 16:22:14.350,1.03868,1.03912,2.85,2.03
2011.05.09 16:22:14.950,1.03867,1.03912,1.35,4.13
2011.05.09 16:22:16.116,1.03867,1.03912,1.35,4.13
2011.05.09 16:22:17.323,1.03867,1.03912,1.35,4.88
2011.05.09 16:22:23.119,1.03866,1.03912,1.35,4.13
2011.05.09 16:22:23.230,1.03865,1.03912,2.78,5.48
2011.05.09 16:22:23.560,1.03867,1.03911,1.35,2.63
2011.05.09 16:22:24.001,1.03871,1.03916,2.63,1.67
2011.05.09 16:22:25.318,1.03872,1.03916,2.03,1.44
2011.05.09 16:22:26.075,1.03872,1.03916,2.03,2.19
2011.05.09 16:22:27.071,1.03872,1.03916,2.78,1.44
2011.05.09 16:22:28.632,1.03871,1.03916,2.03,2.10
2011.05.09 16:22:28.742,1.03869,1.03914,3.00,2.03
2011.05.09 16:22:29.259,1.0387,1.03917,2.03,3.47
2011.05.09 16:22:29.370,1.03872,1.03916,2.03,1.50
2011.05.09 16:22:29.699,1.03877,1.03916,2.03,2.19
2011.05.09 16:22:30.249,1.03874,1.03917,2.03,1.44
2011.05.09 16:22:30.360,1.03872,1.03917,2.03,2.19
2011.05.09 16:22:30.469,1.03872,1.03914,2.63,1.35
2011.05.09 16:22:31.020,1.0387,1.03916,1.73,4.13
2011.05.09 16:22:31.418,1.0387,1.03916,1.73,3.53
2011.05.09 16:22:31.532,1.03871,1.03918,3.00,2.03
2011.05.09 16:22:32.699,1.03873,1.03918,2.40,2.78
2011.05.09 16:22:32.810,1.03878,1.0392,2.48,2.03
2011.05.09 16:22:33.529,1.03878,1.03923,2.48,2.03
2011.05.09 16:22:34.104,1.0388,1.03923,1.13,2.03
2011.05.09 16:22:35.169,1.03878,1.03923,2.48,2.03
2011.05.09 16:22:36.189,1.03877,1.03923,2.03,2.03
2011.05.09 16:22:36.300,1.03875,1.0392,1.35,2.63
2011.05.09 16:22:36.629,1.03874,1.0392,1.73,2.03
2011.05.09 16:22:38.253,1.03879,1.03922,2.40,2.03
2011.05.09 16:22:38.883,1.03881,1.03927,2.03,1.35
2011.05.09 16:22:39.606,1.03881,1.03927,2.78,1.35
2011.05.09 16:22:40.199,1.03881,1.03923,2.78,1.35
2011.05.09 16:22:40.640,1.03881,1.03921,1.35,2.78
2011.05.09 16:22:42.729,1.03881,1.03921,1.35,2.94
2011.05.09 16:22:42.840,1.0388,1.03921,3.00,2.94
2011.05.09 16:22:43.171,1.03878,1.03921,2.03,4.97
2011.05.09 16:22:43.279,1.03874,1.03919,1.13,2.03
2011.05.09 16:22:43.610,1.03874,1.03916,1.13,2.03
2011.05.09 16:22:45.591,1.03874,1.0392,1.13,2.03
2011.05.09 16:22:49.140,1.03873,1.0392,2.40,2.03
2011.05.09 16:22:49.250,1.03873,1.0392,2.03,3.69
2011.05.09 16:22:49.579,1.0387,1.03913,1.88,4.05
2011.05.09 16:22:49.800,1.0387,1.03917,3.90,2.63
2011.05.09 16:22:50.080,1.03871,1.03918,3.38,2.03
2011.05.09 16:22:51.130,1.03871,1.03918,3.38,2.03
2011.05.09 16:22:51.977,1.03876,1.03914,2.03,1.13
2011.05.09 16:22:52.311,1.03866,1.03909,2.78,1.73
2011.05.09 16:22:52.850,1.03863,1.03909,2.63,3.75
2011.05.09 16:22:53.069,1.03867,1.03909,2.03,1.35
2011.05.09 16:22:53.510,1.03861,1.03904,1.35,1.13
2011.05.09 16:22:53.839,1.03866,1.03902,2.78,2.10
2011.05.09 16:22:54.170,1.03868,1.03908,2.03,3.23
2011.05.09 16:22:54.279,1.03865,1.03908,2.03,3.23
2011.05.09 16:22:55.543,1.03864,1.03908,2.63,5.25
2011.05.09 16:22:55.649,1.03866,1.03908,1.35,2.63
2011.05.09 16:22:56.240,1.03867,1.03909,2.03,1.73
2011.05.09 16:22:56.769,1.03864,1.03908,2.03,2.63
2011.05.09 16:22:58.399,1.03864,1.03908,3.15,2.03
2011.05.09 16:22:58.620,1.03867,1.03911,2.03,1.35
2011.05.09 16:22:59.171,1.03867,1.03909,2.03,1.13
2011.05.09 16:22:59.281,1.03865,1.03908,2.03,2.03
2011.05.09 16:22:59.789,1.03864,1.03908,2.03,2.03
2011.05.09 16:22:59.901,1.03861,1.03902,3.38,2.03
2011.05.09 16:23:00.012,1.03859,1.03904,3.53,3.00
2011.05.09 16:23:02.390,1.03861,1.03904,1.13,2.10
2011.05.09 16:23:02.719,1.03864,1.03906,3.15,1.29
2011.05.09 16:23:03.331,1.03864,1.03907,3.15,1.44
2011.05.09 16:23:04.445,1.03864,1.03907,3.15,1.44
2011.05.09 16:23:04.999,1.03864,1.03907,3.15,1.44
2011.05.09 16:23:07.960,1.03861,1.03902,1.35,2.03
2011.05.09 16:23:08.290,1.03857,1.03902,2.78,4.73
2011.05.09 16:23:09.949,1.03857,1.03899,2.03,1.13
2011.05.09 16:23:10.390,1.03856,1.039,1.13,2.63
2011.05.09 16:23:11.060,1.0386,1.03902,2.03,2.04
2011.05.09 16:23:11.511,1.0386,1.03902,2.63,1.44
2011.05.09 16:23:12.059,1.03863,1.03902,3.15,1.44
2011.05.09 16:23:12.171,1.03863,1.03909,3.15,1.35
2011.05.09 16:23:12.390,1.03863,1.03906,3.15,2.10
2011.05.09 16:23:12.720,1.03868,1.03906,2.03,2.10
2011.05.09 16:23:14.109,1.03868,1.03906,2.78,2.10
2011.05.09 16:23:15.250,1.03865,1.03906,2.03,2.10
2011.05.09 16:23:15.360,1.03863,1.03906,2.03,2.10
2011.05.09 16:23:16.711,1.03861,1.03906,3.38,2.10
2011.05.09 16:23:17.040,1.03861,1.03901,2.78,2.10
2011.05.09 16:23:17.589,1.03862,1.03901,2.03,2.10
2011.05.09 16:23:17.810,1.03857,1.03901,1.50,4.13
2011.05.09 16:23:19.131,1.03856,1.03901,3.38,4.13
2011.05.09 16:23:20.619,1.03856,1.03899,2.78,1.35
2011.05.09 16:23:22.421,1.03855,1.03898,4.05,1.73
2011.05.09 16:23:22.640,1.03851,1.03898,2.78,4.50
2011.05.09 16:23:23.740,1.03852,1.03898,1.13,2.63
2011.05.09 16:23:24.341,1.03854,1.03898,1.50,2.63
2011.05.09 16:23:24.744,1.03856,1.03899,1.35,3.38
2011.05.09 16:23:26.093,1.03854,1.03898,3.53,2.10
2011.05.09 16:23:26.469,1.03854,1.03898,2.78,2.10
2011.05.09 16:23:29.472,1.03862,1.03901,1.35,3.38
2011.05.09 16:23:29.910,1.03867,1.03906,1.13,2.85
2011.05.09 16:23:30.680,1.03868,1.03906,2.03,2.10
2011.05.09 16:23:31.120,1.03862,1.03906,3.38,2.10
2011.05.09 16:23:31.229,1.03857,1.03903,3.45,4.13
2011.05.09 16:23:31.780,1.03857,1.03898,2.10,2.63
2011.05.09 16:23:31.889,1.03857,1.03898,2.85,2.63
2011.05.09 16:23:32.740,1.03857,1.03898,2.85,2.63
2011.05.09 16:23:32.960,1.03857,1.03898,3.60,2.63
2011.05.09 16:23:33.180,1.03857,1.03902,4.88,3.75
2011.05.09 16:23:33.821,1.03852,1.03899,2.78,3.00
2011.05.09 16:23:36.970,1.03852,1.03897,3.15,2.63
2011.05.09 16:23:37.831,1.03852,1.03897,3.15,2.63
2011.05.09 16:23:38.281,1.03862,1.03898,2.03,1.35
2011.05.09 16:23:38.721,1.03862,1.03902,2.03,1.35
2011.05.09 16:23:39.776,1.03862,1.03903,2.63,1.35
2011.05.09 16:23:40.101,1.03865,1.03911,4.50,2.63
2011.05.09 16:23:44.093,1.03867,1.03913,2.63,1.35
2011.05.09 16:23:46.073,1.03867,1.03909,3.38,1.35
2011.05.09 16:23:47.064,1.03867,1.03909,3.38,1.35
2011.05.09 16:23:49.610,1.03867,1.03911,2.63,1.73
2011.05.09 16:23:49.940,1.03871,1.03914,1.73,2.78
2011.05.09 16:23:50.160,1.03871,1.03914,1.73,2.03
2011.05.09 16:23:51.042,1.03872,1.03914,1.35,2.78
2011.05.09 16:23:51.260,1.03868,1.03913,2.70,1.35
2011.05.09 16:23:52.561,1.03866,1.03908,2.10,2.63
2011.05.09 16:23:52.779,1.03863,1.03903,2.03,1.35
2011.05.09 16:23:52.890,1.03858,1.03902,2.63,3.08
2011.05.09 16:23:53.330,1.03864,1.03902,2.03,1.35
2011.05.09 16:23:53.879,1.03861,1.03903,2.03,2.70
2011.05.09 16:23:54.212,1.03867,1.03903,1.13,2.63
2011.05.09 16:23:54.541,1.03868,1.03905,1.35,2.04
2011.05.09 16:23:54.651,1.03862,1.03901,2.03,2.04
2011.05.09 16:23:54.760,1.0386,1.03896,1.35,2.03
2011.05.09 16:23:55.090,1.0386,1.03893,1.35,2.03
2011.05.09 16:23:55.201,1.03853,1.03893,1.35,2.63
2011.05.09 16:23:55.421,1.03847,1.03889,1.35,1.35
2011.05.09 16:23:55.639,1.03844,1.03884,1.35,2.03
2011.05.09 16:23:55.970,1.03841,1.03881,1.35,2.63
2011.05.09 16:23:56.900,1.03845,1.03886,1.35,2.10
2011.05.09 16:23:57.010,1.03848,1.03887,2.70,2.03
2011.05.09 16:23:57.229,1.03851,1.03887,2.48,2.03
2011.05.09 16:23:57.340,1.03859,1.03889,2.03,2.03
2011.05.09 16:23:57.562,1.03862,1.03895,2.03,1.35
2011.05.09 16:23:57.669,1.03859,1.03895,2.03,1.35
2011.05.09 16:23:57.890,1.03852,1.03895,2.63,1.35
2011.05.09 16:24:01.390,1.03851,1.03892,2.03,3.08
2011.05.09 16:24:01.500,1.03849,1.03892,2.03,3.08
2011.05.09 16:24:03.169,1.03848,1.03892,2.03,3.08
2011.05.09 16:24:04.120,1.03848,1.03888,2.03,1.35
2011.05.09 16:24:04.941,1.03852,1.03893,1.35,3.38
2011.05.09 16:24:05.161,1.03856,1.03893,1.73,2.03
2011.05.09 16:24:05.711,1.03857,1.03897,3.23,2.03
2011.05.09 16:24:05.821,1.03858,1.03899,3.83,3.38
2011.05.09 16:24:06.260,1.03857,1.03897,2.03,2.10
2011.05.09 16:24:06.702,1.03851,1.03892,2.63,2.70
2011.05.09 16:24:06.922,1.03848,1.03892,2.03,2.70
2011.05.09 16:24:07.534,1.03847,1.03892,2.03,3.08
2011.05.09 16:24:07.640,1.03844,1.0389,2.63,2.03
2011.05.09 16:24:07.750,1.03847,1.03891,2.03,1.73
2011.05.09 16:24:08.079,1.03845,1.03891,2.63,6.69
2011.05.09 16:24:08.300,1.03844,1.03888,2.63,2.03
2011.05.09 16:24:11.431,1.03842,1.03887,3.38,2.03
2011.05.09 16:24:11.869,1.03846,1.03891,2.40,3.54
2011.05.09 16:24:12.692,1.03846,1.03891,1.13,4.07
2011.05.09 16:24:14.122,1.03846,1.03891,1.13,4.07
2011.05.09 16:24:14.988,1.03844,1.0389,3.38,1.07
2011.05.09 16:24:15.101,1.03842,1.03885,2.10,2.03
2011.05.09 16:24:18.681,1.03842,1.03885,2.48,2.03
2011.05.09 16:24:18.790,1.03845,1.0389,3.00,3.47
2011.05.09 16:24:19.584,1.03846,1.03891,1.13,2.04
2011.05.09 16:24:20.324,1.03845,1.0389,2.03,4.07
2011.05.09 16:24:20.670,1.03846,1.03889,1.13,2.63
2011.05.09 16:24:21.221,1.03848,1.03888,2.70,2.03
2011.05.09 16:24:21.332,1.03845,1.03887,3.00,2.03
2011.05.09 16:24:21.880,1.03848,1.03887,2.70,2.63
2011.05.09 16:24:23.080,1.03848,1.03887,3.08,2.63
2011.05.09 16:24:23.302,1.03849,1.03889,1.73,2.03
2011.05.09 16:24:24.021,1.03851,1.03889,1.13,2.03
2011.05.09 16:24:26.114,1.03851,1.03889,1.13,2.03
2011.05.09 16:24:27.870,1.0385,1.0389,1.35,2.03
2011.05.09 16:24:27.983,1.0385,1.03892,1.35,2.03
2011.05.09 16:24:28.420,1.03849,1.03893,2.03,3.83
2011.05.09 16:24:28.969,1.03848,1.03892,2.03,1.73
2011.05.09 16:24:29.191,1.03848,1.03892,2.03,1.73
2011.05.09 16:24:29.301,1.03846,1.03891,2.03,3.15
2011.05.09 16:24:29.519,1.03844,1.03889,2.63,2.40
2011.05.09 16:24:32.111,1.03844,1.03888,2.63,1.13
2011.05.09 16:24:33.271,1.03846,1.03888,4.05,1.13
2011.05.09 16:24:33.625,1.03848,1.03888,2.03,1.13
2011.05.09 16:24:34.403,1.03848,1.03892,2.03,1.73
2011.05.09 16:24:34.731,1.03846,1.03892,2.03,1.73
2011.05.09 16:24:35.390,1.03846,1.03893,2.40,4.73
2011.05.09 16:24:35.720,1.0385,1.03893,2.03,1.35
2011.05.09 16:24:36.940,1.03849,1.03893,2.03,1.35
2011.05.09 16:24:37.488,1.0385,1.03893,2.03,1.35
2011.05.09 16:24:38.061,1.0385,1.03894,2.78,3.38
2011.05.09 16:24:44.419,1.03851,1.03894,1.50,3.38
2011.05.09 16:24:44.639,1.0385,1.03894,2.78,3.38
2011.05.09 16:24:45.363,1.03851,1.03894,1.13,3.38
2011.05.09 16:24:45.473,1.03852,1.03898,3.00,1.35
2011.05.09 16:24:45.801,1.03854,1.03899,1.13,2.63
2011.05.09 16:24:46.130,1.03858,1.03899,1.35,2.03
2011.05.09 16:24:46.460,1.03858,1.03902,1.73,2.03
2011.05.09 16:24:46.680,1.03857,1.03902,3.00,2.03
2011.05.09 16:24:47.262,1.03859,1.03904,1.73,2.03
2011.05.09 16:24:48.413,1.03857,1.03904,5.63,3.00
2011.05.09 16:24:48.520,1.03857,1.03902,2.10,2.78
2011.05.09 16:24:48.850,1.03855,1.039,2.03,1.73
2011.05.09 16:24:50.921,1.03856,1.03899,2.03,2.48
2011.05.09 16:24:51.422,1.03855,1.03899,4.05,2.48
2011.05.09 16:24:52.051,1.03855,1.03899,2.03,2.48
2011.05.09 16:24:52.270,1.0385,1.03896,1.35,3.00
2011.05.09 16:24:53.140,1.03848,1.03892,1.35,4.50
2011.05.09 16:24:53.672,1.0385,1.03892,2.78,3.08
2011.05.09 16:24:53.890,1.03851,1.03891,1.35,3.54
2011.05.09 16:24:54.440,1.03849,1.03889,1.13,2.63
2011.05.09 16:24:54.770,1.03852,1.03892,1.88,2.94
2011.05.09 16:24:54.881,1.03852,1.03892,1.88,3.54
2011.05.09 16:24:55.211,1.03848,1.03891,3.60,4.44
2011.05.09 16:24:56.048,1.03848,1.03891,2.70,3.00
2011.05.09 16:24:56.490,1.03847,1.03891,2.03,2.85
2011.05.09 16:24:56.820,1.03843,1.03889,2.03,1.73
2011.05.09 16:24:57.392,1.03843,1.03888,2.78,2.63
2011.05.09 16:24:58.430,1.03844,1.03889,2.78,1.73
2011.05.09 16:25:05.999,1.03841,1.03885,1.35,2.78
2011.05.09 16:25:06.731,1.03841,1.03883,1.35,2.03
2011.05.09 16:25:07.909,1.03841,1.03882,1.35,2.03
2011.05.09 16:25:10.451,1.03841,1.03882,1.13,2.63
2011.05.09 16:25:11.090,1.03848,1.03888,3.08,2.78
2011.05.09 16:25:11.215,1.03854,1.039,1.13,2.63
2011.05.09 16:25:11.880,1.03855,1.03899,2.40,1.35
2011.05.09 16:25:11.990,1.03855,1.03896,2.03,2.03
2011.05.09 16:25:12.209,1.03848,1.03895,3.75,2.03
2011.05.09 16:25:13.112,1.03849,1.03894,1.73,2.03
2011.05.09 16:25:13.221,1.03851,1.03894,1.73,2.03
2011.05.09 16:25:13.551,1.03853,1.03897,3.15,2.63
2011.05.09 16:25:13.771,1.03853,1.03897,2.78,2.63
2011.05.09 16:25:13.992,1.03852,1.03898,1.73,2.63
2011.05.09 16:25:14.100,1.03852,1.03894,2.48,2.03
2011.05.09 16:25:14.690,1.03851,1.03895,1.73,2.03
2011.05.09 16:25:19.891,1.0385,1.03894,1.35,2.03
2011.05.09 16:25:20.332,1.03847,1.03891,2.03,1.73
2011.05.09 16:25:20.442,1.03844,1.03887,1.35,1.13
2011.05.09 16:25:20.662,1.03847,1.03892,2.63,2.79
2011.05.09 16:25:21.196,1.03852,1.03891,1.13,2.19
2011.05.09 16:25:21.530,1.03847,1.03889,1.73,2.03
2011.05.09 16:25:21.749,1.03847,1.03889,1.73,2.03
2011.05.09 16:25:21.860,1.03847,1.03889,1.73,2.03
2011.05.09 16:25:21.969,1.03847,1.03891,1.73,2.78
2011.05.09 16:25:23.112,1.03848,1.03893,5.85,2.03
2011.05.09 16:25:23.332,1.03849,1.03892,1.73,2.85
2011.05.09 16:25:23.880,1.03849,1.03895,1.73,2.78
2011.05.09 16:25:24.430,1.03849,1.03894,1.73,2.03
2011.05.09 16:25:25.155,1.03847,1.03887,1.35,2.03
2011.05.09 16:25:25.490,1.03847,1.03883,1.35,2.03
2011.05.09 16:25:25.598,1.03847,1.03885,1.35,2.03
2011.05.09 16:25:25.910,1.03839,1.03885,3.53,3.00
2011.05.09 16:25:26.131,1.03839,1.03876,2.03,1.13
2011.05.09 16:25:26.241,1.03832,1.03873,2.03,2.70
2011.05.09 16:25:26.570,1.03829,1.03873,2.03,5.48
2011.05.09 16:25:26.789,1.03827,1.03873,2.78,5.48
2011.05.09 16:25:27.119,1.03827,1.03873,3.38,4.88
2011.05.09 16:25:27.450,1.03831,1.03874,1.35,2.03
2011.05.09 16:25:27.670,1.03831,1.03876,1.35,2.03
2011.05.09 16:25:28.562,1.03831,1.03876,1.73,2.03
2011.05.09 16:25:29.070,1.03835,1.03876,1.13,2.03
2011.05.09 16:25:30.111,1.03832,1.03876,2.10,2.03
2011.05.09 16:25:30.670,1.03832,1.03877,1.35,2.03
2011.05.09 16:25:30.781,1.03832,1.03877,1.35,2.03
2011.05.09 16:25:31.220,1.03832,1.03877,1.35,2.78
2011.05.09 16:25:33.901,1.03832,1.03875,1.35,2.03
2011.05.09 16:25:34.230,1.03832,1.03879,3.38,3.90
2011.05.09 16:25:34.561,1.03832,1.03876,2.10,2.03
2011.05.09 16:25:34.893,1.03838,1.03878,1.13,2.03
2011.05.09 16:25:35.002,1.03839,1.0388,1.35,2.03
2011.05.09 16:25:35.111,1.03839,1.03882,1.35,4.97
2011.05.09 16:25:35.221,1.03838,1.03882,2.10,4.97
2011.05.09 16:25:35.770,1.03836,1.03881,2.78,2.72
2011.05.09 16:25:35.880,1.0384,1.03882,2.03,2.19
2011.05.09 16:25:37.153,1.03841,1.03881,1.35,1.44
2011.05.09 16:25:37.265,1.03843,1.03887,2.03,2.03
2011.05.09 16:25:38.043,1.03844,1.03888,2.03,2.63
2011.05.09 16:25:38.770,1.03842,1.03886,1.35,2.03
2011.05.09 16:25:39.100,1.03839,1.03884,2.78,2.40
2011.05.09 16:25:39.971,1.0384,1.03882,1.13,2.03
2011.05.09 16:25:40.191,1.03838,1.03882,2.85,2.03
2011.05.09 16:25:40.641,1.03835,1.03879,1.50,2.03
2011.05.09 16:25:40.970,1.03834,1.03874,1.73,2.63
2011.05.09 16:25:42.100,1.03834,1.03874,1.73,2.63
2011.05.09 16:25:43.413,1.03834,1.03875,1.73,2.63
2011.05.09 16:25:43.899,1.03834,1.03876,1.13,2.03
2011.05.09 16:25:44.231,1.03833,1.0388,2.78,2.40
2011.05.09 16:25:44.672,1.03836,1.03881,1.13,4.88
2011.05.09 16:25:45.109,1.03834,1.0388,2.78,1.13
2011.05.09 16:25:46.139,1.03834,1.03879,2.03,3.53
2011.05.09 16:25:47.051,1.03834,1.03879,2.78,2.78
2011.05.09 16:25:49.141,1.03834,1.03879,2.78,2.78
2011.05.09 16:25:50.211,1.03836,1.03881,2.40,2.72
2011.05.09 16:25:50.320,1.03841,1.03883,2.03,1.50
2011.05.09 16:25:50.652,1.0384,1.03881,2.03,1.73
2011.05.09 16:25:51.310,1.0384,1.03881,2.03,2.63
2011.05.09 16:25:51.420,1.03834,1.03879,2.78,2.03
2011.05.09 16:25:52.029,1.03832,1.03877,2.78,2.03
2011.05.09 16:25:52.360,1.03837,1.03881,1.50,2.63
2011.05.09 16:25:53.109,1.03839,1.03883,2.78,2.03
2011.05.09 16:25:54.063,1.03838,1.03885,2.78,2.03
2011.05.09 16:25:54.801,1.03839,1.03884,2.03,2.03
2011.05.09 16:25:54.910,1.03839,1.03884,1.13,2.03
2011.05.09 16:25:55.240,1.03842,1.03885,1.13,2.72
2011.05.09 16:25:55.569,1.03838,1.03881,3.60,2.03
2011.05.09 16:25:56.120,1.03839,1.03881,1.50,2.03
2011.05.09 16:25:56.229,1.03839,1.03883,1.50,2.78
2011.05.09 16:25:57.077,1.03837,1.03883,3.53,1.50
2011.05.09 16:25:57.440,1.03842,1.03884,1.13,2.03
2011.05.09 16:25:57.771,1.03848,1.03894,5.33,2.63
2011.05.09 16:25:57.880,1.03851,1.03894,1.73,2.63
2011.05.09 16:25:57.990,1.03854,1.03897,1.73,3.53
2011.05.09 16:25:58.211,1.03864,1.03896,1.13,2.03
2011.05.09 16:25:58.540,1.03864,1.03906,1.35,1.44
2011.05.09 16:25:58.650,1.03863,1.03906,3.15,2.04
2011.05.09 16:25:59.201,1.03864,1.03905,1.13,2.63
2011.05.09 16:25:59.420,1.03864,1.03905,1.50,4.65
2011.05.09 16:25:59.750,1.03866,1.03906,1.35,3.54
2011.05.09 16:26:00.725,1.03863,1.03905,1.13,1.35
2011.05.09 16:26:01.799,1.03862,1.03904,1.50,2.78
2011.05.09 16:26:02.480,1.03861,1.03902,2.10,2.03
2011.05.09 16:26:03.049,1.03861,1.03902,2.10,2.03
2011.05.09 16:26:03.381,1.0385,1.03892,1.35,4.73
2011.05.09 16:26:04.260,1.03849,1.03892,4.13,2.48
2011.05.09 16:26:04.702,1.03847,1.03892,2.78,2.10
2011.05.09 16:26:05.029,1.03849,1.03892,2.03,2.10
2011.05.09 16:26:05.603,1.03851,1.03894,3.00,2.03
2011.05.09 16:26:05.821,1.03852,1.03894,1.35,2.03
2011.05.09 16:26:05.930,1.03854,1.03894,2.03,2.03
2011.05.09 16:26:06.041,1.0385,1.03894,3.38,2.03
2011.05.09 16:26:06.151,1.0385,1.03894,3.75,2.03
2011.05.09 16:26:06.260,1.03855,1.03898,2.03,2.63
2011.05.09 16:26:06.862,1.03858,1.03899,2.03,1.35
2011.05.09 16:26:06.971,1.03852,1.03899,3.38,3.38
2011.05.09 16:26:07.950,1.03859,1.03899,1.73,2.78
2011.05.09 16:26:08.169,1.0386,1.03903,1.35,3.38
2011.05.09 16:26:08.610,1.03858,1.03903,3.00,1.35
2011.05.09 16:26:08.721,1.03857,1.03902,3.00,2.63
2011.05.09 16:26:08.832,1.03862,1.039,2.10,2.03
2011.05.09 16:26:08.941,1.03857,1.039,2.48,2.63
2011.05.09 16:26:09.160,1.03858,1.03898,2.10,2.03
2011.05.09 16:26:09.381,1.03853,1.03898,4.50,2.03
2011.05.09 16:26:09.842,1.03859,1.03902,2.03,1.35
2011.05.09 16:26:10.169,1.03857,1.03891,2.03,2.63
2011.05.09 16:26:10.280,1.03846,1.03891,3.38,2.63
2011.05.09 16:26:10.971,1.03848,1.03891,1.35,2.63
2011.05.09 16:26:11.301,1.03855,1.03897,2.10,2.63
2011.05.09 16:26:11.743,1.03859,1.03903,1.73,2.78
2011.05.09 16:26:12.576,1.03859,1.03904,3.00,2.63
2011.05.09 16:26:13.132,1.03857,1.03903,5.48,3.38
2011.05.09 16:26:13.680,1.03858,1.03901,1.35,2.03
2011.05.09 16:26:14.230,1.03857,1.03902,2.63,3.08
2011.05.09 16:26:14.340,1.03856,1.03899,1.35,2.03
2011.05.09 16:26:14.670,1.03857,1.03896,1.35,2.03
2011.05.09 16:26:14.891,1.03854,1.03899,1.50,2.63
2011.05.09 16:26:15.221,1.03857,1.03899,1.73,2.03
2011.05.09 16:26:15.440,1.03857,1.03901,1.73,2.03
2011.05.09 16:26:16.229,1.03857,1.03897,1.73,2.03
2011.05.09 16:26:16.450,1.03853,1.03897,1.73,2.03
2011.05.09 16:26:16.560,1.03853,1.03894,1.73,2.03
2011.05.09 16:26:17.452,1.03854,1.03894,1.35,2.03
2011.05.09 16:26:18.161,1.03849,1.03894,3.38,2.03
2011.05.09 16:26:19.102,1.0385,1.03894,1.35,2.03
2011.05.09 16:26:20.822,1.0385,1.03893,1.35,2.03
2011.05.09 16:26:20.933,1.03849,1.03891,1.50,2.63
2011.05.09 16:26:21.261,1.03848,1.03887,3.60,2.03
2011.05.09 16:26:21.480,1.03842,1.03887,3.00,2.78
2011.05.09 16:26:21.590,1.03842,1.03886,3.00,1.44
2011.05.09 16:26:22.140,1.03843,1.03886,1.35,3.47
2011.05.09 16:26:22.951,1.03843,1.03885,1.35,2.03
2011.05.09 16:26:23.281,1.03846,1.03892,1.73,4.05
2011.05.09 16:26:23.391,1.03846,1.0389,1.73,2.03
2011.05.09 16:26:23.501,1.03845,1.0389,2.78,2.03
2011.05.09 16:26:23.610,1.03843,1.03887,3.75,2.03
2011.05.09 16:26:23.721,1.03846,1.03891,1.13,2.03
2011.05.09 16:26:23.940,1.03844,1.03891,3.53,2.03
2011.05.09 16:26:24.051,1.03844,1.03888,1.50,2.03
2011.05.09 16:26:24.381,1.03847,1.0389,2.78,2.03
2011.05.09 16:26:24.489,1.03847,1.0389,3.15,2.03
2011.05.09 16:26:24.600,1.03851,1.03894,1.13,2.03
2011.05.09 16:26:25.246,1.03851,1.03895,1.13,2.03
2011.05.09 16:26:26.146,1.03851,1.03896,1.13,3.54
2011.05.09 16:26:27.846,1.03852,1.03896,1.88,3.54
2011.05.09 16:26:28.517,1.03857,1.03895,2.85,1.44
2011.05.09 16:26:29.407,1.03854,1.03894,1.13,2.03
2011.05.09 16:26:30.711,1.03851,1.03893,1.73,2.03
2011.05.09 16:26:30.820,1.03851,1.03893,1.35,2.03
2011.05.09 16:26:30.930,1.03851,1.03891,1.35,2.03
2011.05.09 16:26:32.040,1.03851,1.03891,1.35,2.03
2011.05.09 16:26:34.114,1.03851,1.03891,1.35,2.78
2011.05.09 16:26:37.151,1.03852,1.0389,1.35,1.35
2011.05.09 16:26:42.820,1.03853,1.03891,1.35,2.63
2011.05.09 16:26:43.149,1.03856,1.03891,1.35,2.03
2011.05.09 16:26:43.369,1.03856,1.03894,1.35,2.03
2011.05.09 16:26:43.811,1.0385,1.03891,1.35,2.03
2011.05.09 16:26:45.131,1.0385,1.03891,1.35,2.03
2011.05.09 16:26:47.001,1.0385,1.03891,1.35,2.78
2011.05.09 16:26:55.830,1.03849,1.03886,1.35,1.35
2011.05.09 16:26:55.940,1.03848,1.03886,2.70,1.29
2011.05.09 16:26:58.112,1.03843,1.03886,2.10,4.13
2011.05.09 16:26:59.099,1.03843,1.03886,2.10,1.35
2011.05.09 16:26:59.954,1.03843,1.03884,2.10,1.13
2011.05.09 16:27:00.061,1.03841,1.03884,2.63,1.73
2011.05.09 16:27:00.170,1.03841,1.03884,2.63,1.73
2011.05.09 16:27:00.501,1.03837,1.0388,2.63,2.48
2011.05.09 16:27:03.160,1.03836,1.03875,1.35,1.35
2011.05.09 16:27:04.641,1.03839,1.03878,1.35,2.63
2011.05.09 16:27:05.491,1.03842,1.0388,2.03,2.10
2011.05.09 16:27:05.601,1.03842,1.03883,2.03,1.35
2011.05.09 16:27:06.150,1.03841,1.03883,2.03,1.35
2011.05.09 16:27:06.261,1.0384,1.03884,2.03,3.00
2011.05.09 16:27:07.167,1.03834,1.03877,2.03,1.73
2011.05.09 16:27:07.388,1.03831,1.03876,2.78,3.00
2011.05.09 16:27:08.049,1.03828,1.03874,2.63,2.10
2011.05.09 16:27:08.620,1.0383,1.03874,2.03,2.10
2011.05.09 16:27:09.019,1.03829,1.03873,1.35,1.35
2011.05.09 16:27:10.499,1.03831,1.03874,1.35,1.50
2011.05.09 16:27:11.174,1.03833,1.03874,2.03,1.50
2011.05.09 16:27:11.894,1.03831,1.03876,3.38,1.35
2011.05.09 16:27:13.089,1.03831,1.03876,3.38,1.35
2011.05.09 16:27:15.269,1.03836,1.03882,3.38,2.94
2011.05.09 16:27:15.380,1.03838,1.03881,1.35,2.19
2011.05.09 16:27:15.490,1.03838,1.03879,1.35,1.13
2011.05.09 16:27:17.164,1.03839,1.03879,1.88,2.03
2011.05.09 16:27:17.280,1.03841,1.03884,2.03,2.63
2011.05.09 16:27:17.389,1.03844,1.03887,2.03,1.35
2011.05.09 16:27:17.939,1.03842,1.03888,2.03,1.35
2011.05.09 16:27:19.149,1.03842,1.03886,2.78,1.35
2011.05.09 16:27:20.128,1.03842,1.03884,2.03,1.35
2011.05.09 16:27:20.459,1.03837,1.03883,1.35,2.78
2011.05.09 16:27:21.370,1.03837,1.03883,1.73,2.78
2011.05.09 16:27:21.956,1.03839,1.03883,1.13,2.03
2011.05.09 16:27:22.541,1.03836,1.03883,2.78,2.63
2011.05.09 16:27:22.759,1.03836,1.03878,2.03,1.35
2011.05.09 16:27:23.201,1.03832,1.03878,1.50,3.38
2011.05.09 16:27:23.308,1.03831,1.03878,3.38,3.38
2011.05.09 16:27:23.898,1.03831,1.03877,3.38,1.35
2011.05.09 16:27:24.349,1.03831,1.03877,3.38,1.35
2011.05.09 16:27:25.116,1.03831,1.03877,3.38,1.35
2011.05.09 16:27:26.470,1.03835,1.03877,2.03,1.35
2011.05.09 16:27:26.690,1.03835,1.03879,2.78,4.13
2011.05.09 16:27:27.036,1.03832,1.03877,2.78,3.38
2011.05.09 16:27:27.246,1.03832,1.03877,2.78,3.38
2011.05.09 16:27:29.950,1.03836,1.03879,3.38,1.35
2011.05.09 16:27:36.880,1.03837,1.03879,1.35,1.73
2011.05.09 16:27:36.989,1.03836,1.03879,1.35,1.73
2011.05.09 16:27:38.099,1.03837,1.03874,1.35,1.35
2011.05.09 16:27:44.218,1.03837,1.03878,1.35,1.35
2011.05.09 16:27:44.331,1.03837,1.03878,1.35,1.35
2011.05.09 16:27:46.077,1.0384,1.03879,1.35,1.35
2011.05.09 16:27:48.451,1.03839,1.03882,2.10,1.44
2011.05.09 16:27:48.561,1.03842,1.03884,1.35,3.38
2011.05.09 16:27:49.369,1.03849,1.03882,1.13,2.10
2011.05.09 16:27:49.484,1.03848,1.03882,2.03,2.10
2011.05.09 16:27:49.714,1.0384,1.03882,2.63,2.10
2011.05.09 16:27:50.491,1.03839,1.03879,2.10,2.03
2011.05.09 16:27:51.700,1.03839,1.0388,2.10,2.03
2011.05.09 16:27:52.860,1.03839,1.0388,1.35,2.63
2011.05.09 16:27:53.742,1.03839,1.03877,1.35,2.10
2011.05.09 16:27:53.850,1.03837,1.03876,1.35,4.07
2011.05.09 16:27:53.961,1.03834,1.03876,1.50,7.07
2011.05.09 16:27:54.593,1.03831,1.03873,1.35,3.00
2011.05.09 16:27:56.640,1.03831,1.03869,1.35,2.78
2011.05.09 16:27:56.970,1.03829,1.03872,1.35,2.10
2011.05.09 16:27:57.300,1.03828,1.0387,1.35,2.03
2011.05.09 16:27:58.110,1.03827,1.03871,1.35,2.03
2011.05.09 16:27:59.069,1.03827,1.03869,2.10,2.03
2011.05.09 16:27:59.708,1.03829,1.03871,1.35,2.78
2011.05.09 16:28:00.154,1.03828,1.03871,2.70,2.03
2011.05.09 16:28:00.271,1.03829,1.03874,2.63,1.88
2011.05.09 16:28:00.490,1.03829,1.03873,2.03,3.08
2011.05.09 16:28:00.931,1.03829,1.03872,2.63,2.78
2011.05.09 16:28:01.041,1.03828,1.03867,1.73,2.03
2011.05.09 16:28:01.260,1.03828,1.03871,1.73,2.03
2011.05.09 16:28:01.799,1.03827,1.03872,5.85,2.03
2011.05.09 16:28:03.132,1.0383,1.03872,1.35,2.03
2011.05.09 16:28:04.154,1.03831,1.03872,1.35,2.03
2011.05.09 16:28:04.932,1.03837,1.03876,1.35,1.44
2011.05.09 16:28:05.262,1.03837,1.03877,2.10,1.44
2011.05.09 16:28:05.808,1.03837,1.03877,2.10,1.44
2011.05.09 16:28:06.253,1.03837,1.03881,4.95,2.63
2011.05.09 16:28:06.362,1.03837,1.03879,3.45,3.00
2011.05.09 16:28:06.909,1.03834,1.03873,2.63,2.10
2011.05.09 16:28:08.018,1.03831,1.03872,2.10,2.03
2011.05.09 16:28:09.120,1.03827,1.03872,1.73,2.03
2011.05.09 16:28:09.695,1.03829,1.03874,3.00,2.03
2011.05.09 16:28:09.811,1.03831,1.03876,3.00,2.03
2011.05.09 16:28:09.924,1.03831,1.03876,2.03,3.00
2011.05.09 16:28:10.152,1.03827,1.03872,2.03,2.48
2011.05.09 16:28:10.263,1.03832,1.03869,2.03,2.10
2011.05.09 16:28:10.383,1.03829,1.03869,2.03,2.10
2011.05.09 16:28:10.929,1.03828,1.03869,2.03,2.10
2011.05.09 16:28:11.211,1.03825,1.03869,2.03,2.10
2011.05.09 16:28:11.319,1.03823,1.03869,2.63,2.10
2011.05.09 16:28:12.129,1.0383,1.0387,2.10,2.03
2011.05.09 16:28:12.713,1.03824,1.03867,2.63,1.35
2011.05.09 16:28:13.259,1.03825,1.03869,2.03,2.10
2011.05.09 16:28:13.819,1.03825,1.0387,2.63,1.35
2011.05.09 16:28:13.930,1.03826,1.03871,1.73,2.10
2011.05.09 16:28:17.889,1.03831,1.03874,1.35,2.63
2011.05.09 16:28:18.000,1.03837,1.03874,1.35,2.63
2011.05.09 16:28:18.328,1.03833,1.03874,1.35,2.10
2011.05.09 16:28:20.051,1.03833,1.03874,1.35,2.85
2011.05.09 16:28:20.660,1.03831,1.03874,1.73,2.10
2011.05.09 16:28:21.322,1.03831,1.03872,2.03,2.10
2011.05.09 16:28:21.794,1.03828,1.03872,2.63,2.63
2011.05.09 16:28:22.699,1.03826,1.03873,2.03,2.63
2011.05.09 16:28:23.169,1.03828,1.03874,2.03,2.63
2011.05.09 16:28:23.724,1.03833,1.03875,2.03,1.35
2011.05.09 16:28:24.288,1.03833,1.03876,2.03,1.35
2011.05.09 16:28:24.730,1.0383,1.03876,3.75,2.63
2011.05.09 16:28:25.170,1.0383,1.03876,2.40,2.63
2011.05.09 16:28:25.609,1.0383,1.03863,2.03,2.10
2011.05.09 16:28:25.944,1.03821,1.03861,2.03,1.35
2011.05.09 16:28:26.060,1.03812,1.03861,1.50,1.35
2011.05.09 16:28:26.759,1.0381,1.03855,1.35,2.03
2011.05.09 16:28:27.310,1.0381,1.03856,2.10,3.75
2011.05.09 16:28:27.860,1.0381,1.03853,1.35,2.03
2011.05.09 16:28:29.030,1.0381,1.03853,1.35,2.03
2011.05.09 16:28:29.409,1.0381,1.03851,2.10,2.03
2011.05.09 16:28:29.799,1.0381,1.03848,1.35,2.03
2011.05.09 16:28:30.381,1.0381,1.03851,1.35,2.03
2011.05.09 16:28:31.991,1.0381,1.03854,2.10,2.78
2011.05.09 16:28:32.107,1.0381,1.03854,2.85,2.78
2011.05.09 16:28:34.249,1.0381,1.03851,2.85,2.03
2011.05.09 16:28:34.469,1.03812,1.03856,2.78,1.73
2011.05.09 16:28:35.258,1.03813,1.03856,2.03,1.73
2011.05.09 16:28:35.698,1.03813,1.03858,4.05,3.38
2011.05.09 16:28:35.919,1.03813,1.03858,4.65,2.03
2011.05.09 16:28:36.249,1.03818,1.03861,2.03,1.44
2011.05.09 16:28:36.890,1.0382,1.03862,2.03,1.44
2011.05.09 16:28:37.220,1.03826,1.03863,2.03,1.35
2011.05.09 16:28:37.440,1.03828,1.03869,2.03,2.10
2011.05.09 16:28:37.989,1.03828,1.03872,2.03,3.38
2011.05.09 16:28:38.539,1.03825,1.03872,5.18,2.63
2011.05.09 16:28:39.491,1.03826,1.03869,1.13,2.63
2011.05.09 16:28:40.180,1.03826,1.03873,3.15,6.23
2011.05.09 16:28:41.499,1.03826,1.03869,2.03,1.35
2011.05.09 16:28:41.610,1.03824,1.03866,2.03,2.03
2011.05.09 16:28:41.828,1.03822,1.03866,1.35,2.03
2011.05.09 16:28:43.059,1.03822,1.03866,1.35,2.03
2011.05.09 16:28:44.262,1.03822,1.03867,1.35,2.03
2011.05.09 16:28:45.037,1.03822,1.03868,1.35,2.78
2011.05.09 16:28:46.787,1.03824,1.03863,1.35,1.35
2011.05.09 16:29:10.628,1.03821,1.03864,1.73,3.38
2011.05.09 16:29:11.854,1.03822,1.03862,1.35,3.45
2011.05.09 16:29:12.291,1.03821,1.03862,1.73,2.70
2011.05.09 16:29:13.159,1.03824,1.03864,1.35,3.38
2011.05.09 16:29:21.250,1.03826,1.03866,1.73,5.72
2011.05.09 16:29:21.795,1.03828,1.03866,3.83,1.44
2011.05.09 16:29:22.399,1.03829,1.03866,1.73,2.94
2011.05.09 16:29:23.056,1.03832,1.03866,1.73,2.94
2011.05.09 16:29:23.729,1.03831,1.03866,1.35,1.44
2011.05.09 16:29:23.951,1.03828,1.03865,2.10,1.29
2011.05.09 16:29:25.039,1.03825,1.03865,1.35,3.32
2011.05.09 16:29:27.130,1.03825,1.03863,1.35,1.35
2011.05.09 16:29:33.179,1.0382,1.03863,2.63,1.35
2011.05.09 16:29:35.065,1.0382,1.03861,1.13,2.63
2011.05.09 16:29:35.185,1.03819,1.03864,2.03,3.38
2011.05.09 16:29:35.739,1.03818,1.03861,1.35,2.63
2011.05.09 16:29:36.249,1.03819,1.03864,2.03,3.38
2011.05.09 16:29:36.800,1.03816,1.03861,2.10,2.63
2011.05.09 16:29:51.851,1.0382,1.03864,2.40,1.35
2011.05.09 16:29:51.961,1.03827,1.03867,2.03,1.35
2011.05.09 16:29:52.182,1.03825,1.03869,2.63,1.73
2011.05.09 16:29:52.511,1.03821,1.03868,2.78,3.00
2011.05.09 16:29:52.840,1.03828,1.03868,2.48,2.78
2011.05.09 16:29:52.952,1.03828,1.03869,2.48,2.78
2011.05.09 16:29:53.059,1.03828,1.03869,2.48,2.03
2011.05.09 16:29:53.610,1.03828,1.03873,4.50,2.63
2011.05.09 16:29:54.940,1.0383,1.03874,1.13,2.63
2011.05.09 16:29:55.680,1.0383,1.03874,1.13,2.03
2011.05.09 16:29:58.189,1.0383,1.03874,1.13,2.03
2011.05.09 16:29:58.299,1.0383,1.03872,1.13,2.03
2011.05.09 16:30:00.071,1.0383,1.03869,1.13,2.03
2011.05.09 16:30:00.183,1.0383,1.03871,1.13,2.03
2011.05.09 16:30:00.510,1.03826,1.03871,4.13,2.03
2011.05.09 16:30:00.619,1.03826,1.03871,3.38,2.03
2011.05.09 16:30:00.729,1.03826,1.03868,1.35,2.03
2011.05.09 16:30:01.590,1.03826,1.03867,1.35,2.03
2011.05.09 16:30:01.911,1.03822,1.03867,1.35,2.03
2011.05.09 16:30:02.021,1.03822,1.03864,1.35,2.03
2011.05.09 16:30:02.128,1.03821,1.03864,1.35,2.03
2011.05.09 16:30:02.652,1.03821,1.03861,1.35,2.03
2011.05.09 16:30:02.979,1.03823,1.03861,1.13,2.03
2011.05.09 16:30:03.200,1.03822,1.03861,1.35,2.03
2011.05.09 16:30:03.420,1.0382,1.03865,1.73,2.03
2011.05.09 16:30:03.639,1.03818,1.03865,2.78,3.00
2011.05.09 16:30:03.860,1.03818,1.03865,2.03,5.78
2011.05.09 16:30:04.190,1.03818,1.03862,2.03,3.08
2011.05.09 16:30:04.300,1.03816,1.03862,2.03,5.10
2011.05.09 16:30:04.899,1.03819,1.03862,2.03,3.08
2011.05.09 16:30:05.468,1.03818,1.03862,2.03,3.08
2011.05.09 16:30:06.026,1.03817,1.03862,2.03,3.08
2011.05.09 16:30:06.630,1.03816,1.0386,2.03,2.40
2011.05.09 16:30:07.180,1.03816,1.03861,2.03,2.03
2011.05.09 16:30:07.510,1.03812,1.03859,3.38,2.78
2011.05.09 16:30:08.490,1.03812,1.03857,3.75,2.03
2011.05.09 16:30:09.080,1.03812,1.03856,1.73,2.03
2011.05.09 16:30:10.220,1.03815,1.03856,1.73,2.03
2011.05.09 16:30:10.440,1.03815,1.03858,1.73,2.03
2011.05.09 16:30:10.549,1.03815,1.0386,3.15,2.03
2011.05.09 16:30:10.769,1.03815,1.03862,3.15,2.03
2011.05.09 16:30:10.992,1.03817,1.03862,1.13,2.03
2011.05.09 16:30:11.210,1.03819,1.03864,1.73,2.03
2011.05.09 16:30:11.760,1.0382,1.03863,3.38,2.03
2011.05.09 16:30:11.871,1.03822,1.03869,2.03,2.40
2011.05.09 16:30:12.630,1.03821,1.03866,2.03,2.03
2011.05.09 16:30:12.959,1.03819,1.03864,2.48,2.03
2011.05.09 16:30:13.749,1.03819,1.03861,1.73,2.03
2011.05.09 16:30:13.970,1.0382,1.03864,1.35,2.03
2011.05.09 16:30:14.189,1.03822,1.03868,2.78,1.13
2011.05.09 16:30:14.750,1.0382,1.03867,3.53,2.03
2011.05.09 16:30:15.960,1.03821,1.03867,1.73,2.03
2011.05.09 16:30:16.070,1.03829,1.03873,3.15,2.10
2011.05.09 16:30:16.619,1.03829,1.03872,1.13,2.03
2011.05.09 16:30:17.059,1.0383,1.03874,1.13,2.63
2011.05.09 16:30:18.679,1.0383,1.03871,1.13,2.03
2011.05.09 16:30:19.010,1.03825,1.03869,1.13,2.03
2011.05.09 16:30:22.064,1.03825,1.03869,1.88,2.03
2011.05.09 16:30:23.295,1.03827,1.03869,1.35,2.03
2011.05.09 16:30:23.919,1.03825,1.03869,1.88,2.63
2011.05.09 16:30:24.249,1.03821,1.03864,1.35,2.40
2011.05.09 16:30:24.690,1.03822,1.03864,1.35,2.40
2011.05.09 16:30:25.019,1.03824,1.03864,1.50,4.80
2011.05.09 16:30:25.240,1.03824,1.03867,4.28,1.35
2011.05.09 16:30:26.130,1.03824,1.03867,2.03,1.35
2011.05.09 16:30:26.689,1.03824,1.03867,3.90,2.78
2011.05.09 16:30:27.220,1.03826,1.03873,2.03,2.78
2011.05.09 16:30:28.181,1.03826,1.03873,3.53,2.78
2011.05.09 16:30:28.800,1.03826,1.03872,1.50,2.78
2011.05.09 16:30:29.129,1.03829,1.03872,2.10,2.78
2011.05.09 16:30:30.851,1.03826,1.03869,1.35,1.73
2011.05.09 16:30:32.519,1.03826,1.03865,1.35,2.03
2011.05.09 16:30:33.489,1.03826,1.03868,1.35,2.63
2011.05.09 16:30:34.749,1.03826,1.03864,1.35,2.03
2011.05.09 16:30:34.859,1.03824,1.03864,2.25,2.03
2011.05.09 16:30:34.969,1.03824,1.03866,2.25,2.03
2011.05.09 16:30:35.702,1.03823,1.03865,1.35,2.03
2011.05.09 16:30:36.979,1.03823,1.03867,1.35,2.63
2011.05.09 16:30:41.848,1.03823,1.03867,1.35,3.38
2011.05.09 16:30:42.620,1.03823,1.03865,1.35,2.03
2011.05.09 16:30:45.150,1.03821,1.03865,3.38,3.47
2011.05.09 16:30:45.842,1.03814,1.03861,5.25,4.65
2011.05.09 16:30:46.170,1.03808,1.03853,2.40,1.35
2011.05.09 16:30:46.281,1.03808,1.03853,2.03,2.42
2011.05.09 16:30:46.611,1.03798,1.03843,2.78,2.40
2011.05.09 16:30:46.720,1.03798,1.03843,2.40,2.78
2011.05.09 16:30:46.829,1.03798,1.03836,1.13,2.03
2011.05.09 16:30:47.050,1.03798,1.03842,1.13,2.03
2011.05.09 16:30:47.996,1.03798,1.03841,1.13,2.03
2011.05.09 16:30:48.110,1.03799,1.03841,1.50,2.03
2011.05.09 16:30:50.099,1.03799,1.0384,1.50,2.03
2011.05.09 16:30:51.310,1.03799,1.03841,1.50,2.03
2011.05.09 16:30:51.822,1.03799,1.03842,1.50,2.03
2011.05.09 16:30:54.760,1.03799,1.0384,1.50,2.03
2011.05.09 16:30:55.089,1.03799,1.03843,1.50,2.78
2011.05.09 16:30:55.432,1.03799,1.03841,1.50,2.03
2011.05.09 16:31:00.649,1.03796,1.03841,1.50,2.40
2011.05.09 16:31:01.310,1.03802,1.03836,1.73,2.03
2011.05.09 16:31:01.639,1.03802,1.03842,1.73,2.03
2011.05.09 16:31:01.971,1.03793,1.03839,1.35,2.03
2011.05.09 16:31:02.879,1.03793,1.03837,1.35,2.03
2011.05.09 16:31:02.990,1.03792,1.03837,2.63,2.03
2011.05.09 16:31:03.540,1.03791,1.03836,1.35,4.05
2011.05.09 16:31:03.650,1.03791,1.03834,1.35,2.03
2011.05.09 16:31:03.980,1.03785,1.03825,1.35,2.03
2011.05.09 16:31:04.310,1.03782,1.03823,1.13,2.03
2011.05.09 16:31:04.421,1.03787,1.0383,1.13,2.03
2011.05.09 16:31:04.529,1.03789,1.0383,1.73,2.03
2011.05.09 16:31:04.750,1.0379,1.03835,2.63,3.38
2011.05.09 16:31:05.219,1.0379,1.03835,2.63,4.82
2011.05.09 16:31:06.651,1.0379,1.03833,2.03,1.35
2011.05.09 16:31:06.870,1.03785,1.03832,3.38,3.38
2011.05.09 16:31:06.979,1.03785,1.03829,3.38,2.03
2011.05.09 16:31:07.221,1.03786,1.03831,2.78,2.03
2011.05.09 16:31:07.440,1.03785,1.03829,3.38,2.03
2011.05.09 16:31:09.035,1.03785,1.03829,3.38,2.78
2011.05.09 16:31:20.580,1.03791,1.03832,2.03,1.35
2011.05.09 16:31:20.800,1.03789,1.03832,2.03,1.35
2011.05.09 16:31:21.019,1.0379,1.03834,2.03,1.35
2011.05.09 16:31:21.129,1.0379,1.03837,2.63,3.15
2011.05.09 16:31:21.840,1.03792,1.03836,3.00,2.03
2011.05.09 16:31:24.075,1.03793,1.03836,1.73,2.03
2011.05.09 16:31:24.910,1.03793,1.03837,1.73,2.03
2011.05.09 16:31:31.709,1.03793,1.03836,2.48,2.03
2011.05.09 16:31:34.039,1.03793,1.03837,1.73,2.03
2011.05.09 16:31:34.598,1.03793,1.03836,1.73,2.03
2011.05.09 16:31:35.076,1.03793,1.03838,3.75,2.78
2011.05.09 16:31:35.633,1.03794,1.03838,2.78,1.13
2011.05.09 16:31:35.740,1.03792,1.03835,1.35,2.03
2011.05.09 16:31:35.961,1.03794,1.03836,2.78,2.03
2011.05.09 16:31:36.182,1.03797,1.0384,2.78,1.35
2011.05.09 16:31:36.403,1.03797,1.03836,2.63,2.03
2011.05.09 16:31:36.731,1.03798,1.03845,3.38,2.63
2011.05.09 16:31:37.280,1.03802,1.03845,1.13,2.63
2011.05.09 16:31:37.500,1.03804,1.03846,2.03,1.29
2011.05.09 16:31:37.721,1.03802,1.03845,1.13,2.04
2011.05.09 16:31:38.050,1.03802,1.03846,1.73,3.47
2011.05.09 16:31:39.930,1.03802,1.03845,2.48,2.03
2011.05.09 16:31:40.390,1.038,1.03845,3.38,2.03
2011.05.09 16:31:40.500,1.03798,1.03843,2.63,2.03
2011.05.09 16:31:41.089,1.03797,1.03842,1.73,2.03
2011.05.09 16:31:46.001,1.03795,1.03842,2.78,2.03
2011.05.09 16:31:48.030,1.03797,1.03842,1.88,2.03
2011.05.09 16:31:48.250,1.038,1.03846,1.73,4.97
2011.05.09 16:31:48.907,1.03795,1.0384,3.00,2.03
2011.05.09 16:31:49.241,1.03792,1.03837,3.38,2.03
2011.05.09 16:31:49.461,1.03794,1.03841,2.63,2.03
2011.05.09 16:31:49.789,1.03794,1.03839,3.38,2.03
2011.05.09 16:31:50.451,1.03796,1.0384,1.35,2.03
2011.05.09 16:31:50.788,1.03796,1.03838,1.35,2.03
2011.05.09 16:31:54.029,1.03796,1.03841,3.75,2.03
2011.05.09 16:31:54.140,1.03798,1.03841,1.73,2.03
2011.05.09 16:31:54.360,1.03801,1.03846,1.73,1.44
2011.05.09 16:31:54.883,1.03804,1.03846,1.73,1.44
2011.05.09 16:31:55.431,1.03805,1.03847,1.73,1.44
2011.05.09 16:31:56.212,1.03806,1.03847,1.13,1.44
2011.05.09 16:31:57.159,1.03811,1.03846,1.35,1.44
2011.05.09 16:31:58.870,1.03811,1.03847,1.35,1.44
2011.05.09 16:32:00.189,1.03812,1.03847,1.73,1.44
2011.05.09 16:32:00.741,1.03812,1.03847,1.73,1.44
2011.05.09 16:32:01.071,1.03812,1.03855,3.75,2.03
2011.05.09 16:32:01.181,1.03815,1.03855,2.10,2.03
2011.05.09 16:32:01.400,1.03812,1.03855,1.35,4.05
2011.05.09 16:32:03.729,1.03812,1.03854,1.35,2.03
2011.05.09 16:32:04.074,1.03814,1.03854,1.35,2.03
2011.05.09 16:32:05.181,1.03814,1.03855,1.35,4.05
2011.05.09 16:32:05.510,1.03814,1.03853,1.35,2.03
2011.05.09 16:32:06.710,1.03814,1.03854,1.35,2.03
2011.05.09 16:32:07.260,1.03814,1.03853,1.35,2.03
2011.05.09 16:32:07.371,1.03814,1.03855,1.35,2.40
2011.05.09 16:32:07.481,1.03811,1.03855,1.35,2.40
2011.05.09 16:32:08.040,1.03811,1.03854,1.35,2.03
2011.05.09 16:32:11.296,1.03814,1.03854,1.35,2.03
2011.05.09 16:32:11.940,1.03814,1.03856,1.35,4.05
2011.05.09 16:32:14.651,1.03812,1.03853,1.35,2.03
2011.05.09 16:32:15.440,1.03812,1.03855,1.35,2.03
2011.05.09 16:32:15.660,1.03812,1.03858,2.10,3.38
2011.05.09 16:32:15.880,1.03817,1.03858,2.03,1.35
2011.05.09 16:32:16.210,1.03819,1.03858,2.03,1.35
2011.05.09 16:32:17.080,1.03817,1.03858,2.03,1.35
2011.05.09 16:32:19.350,1.03815,1.03859,2.78,1.35
2011.05.09 16:32:37.364,1.03815,1.03858,2.03,1.35
2011.05.09 16:32:37.592,1.03815,1.03858,2.78,1.73
2011.05.09 16:32:38.245,1.03816,1.03858,2.78,1.35
2011.05.09 16:32:44.843,1.03816,1.0386,2.78,1.35
2011.05.09 16:32:45.171,1.0382,1.03865,2.63,1.50
2011.05.09 16:32:46.794,1.0382,1.03864,2.78,1.35
2011.05.09 16:32:47.129,1.03816,1.03862,3.53,3.38
2011.05.09 16:32:48.043,1.03816,1.03862,2.78,3.38
2011.05.09 16:32:48.659,1.03816,1.03862,2.78,3.38
2011.05.09 16:32:48.881,1.03815,1.03856,1.35,2.03
2011.05.09 16:32:49.209,1.03815,1.03856,1.35,2.63
2011.05.09 16:32:52.989,1.03811,1.03856,2.03,3.00
2011.05.09 16:32:54.561,1.03813,1.03858,2.03,2.63
2011.05.09 16:32:54.671,1.03813,1.03858,2.63,2.03
2011.05.09 16:32:55.081,1.03811,1.03858,3.75,3.53
2011.05.09 16:32:55.411,1.03816,1.0386,2.03,1.35
2011.05.09 16:32:55.521,1.03812,1.03856,1.73,2.03
2011.05.09 16:32:55.631,1.03813,1.03858,3.75,2.03
2011.05.09 16:32:55.740,1.03813,1.03858,3.38,2.03
2011.05.09 16:32:56.289,1.03813,1.03857,2.63,2.40
2011.05.09 16:32:59.080,1.03812,1.03858,2.63,2.03
2011.05.09 16:32:59.410,1.03813,1.03857,2.63,2.40
2011.05.09 16:32:59.959,1.03812,1.03855,1.73,2.03
2011.05.09 16:33:00.549,1.03812,1.03856,1.73,2.03
2011.05.09 16:33:01.121,1.03814,1.03856,1.35,2.03
2011.05.09 16:33:01.612,1.03812,1.03856,2.48,2.03
2011.05.09 16:33:01.718,1.03812,1.03856,2.48,2.03
2011.05.09 16:33:01.830,1.03817,1.03858,2.40,2.03
2011.05.09 16:33:02.980,1.03812,1.03857,1.50,2.63
2011.05.09 16:33:05.441,1.03817,1.03857,1.13,2.63
2011.05.09 16:33:05.879,1.03817,1.03861,3.15,1.35
2011.05.09 16:33:07.171,1.03817,1.03862,3.15,1.35
2011.05.09 16:33:08.410,1.03821,1.03862,1.13,1.35
2011.05.09 16:33:08.741,1.0382,1.03863,2.78,1.35
2011.05.09 16:33:10.139,1.03818,1.03862,1.13,2.63
2011.05.09 16:33:10.660,1.03818,1.03859,1.13,2.03
2011.05.09 16:33:11.598,1.03818,1.03858,1.13,2.03
2011.05.09 16:33:13.660,1.03814,1.03858,2.48,2.03
2011.05.09 16:33:13.773,1.03814,1.03852,1.35,2.63
2011.05.09 16:33:13.991,1.03817,1.03855,1.35,2.03
2011.05.09 16:33:14.542,1.03812,1.03856,3.38,4.13
2011.05.09 16:33:15.451,1.03812,1.03855,1.35,2.03
2011.05.09 16:33:16.596,1.03819,1.0386,2.10,2.78
2011.05.09 16:33:16.713,1.03819,1.03861,2.48,4.80
2011.05.09 16:33:16.822,1.03822,1.03861,1.73,2.03
2011.05.09 16:33:16.930,1.03822,1.03863,1.73,2.03
2011.05.09 16:33:17.040,1.03822,1.03866,1.73,2.03
2011.05.09 16:33:17.260,1.03824,1.03869,2.40,2.78
2011.05.09 16:33:17.700,1.03822,1.03867,3.75,2.03
2011.05.09 16:33:18.076,1.03822,1.03867,3.75,2.03
2011.05.09 16:33:18.300,1.03825,1.0387,2.40,3.38
2011.05.09 16:33:18.740,1.03826,1.03868,1.13,2.03
2011.05.09 16:33:19.070,1.03824,1.03867,3.15,2.10
2011.05.09 16:33:19.179,1.03824,1.03867,2.03,2.10
2011.05.09 16:33:19.404,1.03822,1.03865,3.23,2.03
2011.05.09 16:33:20.059,1.03828,1.03869,2.48,2.03
2011.05.09 16:33:20.579,1.03824,1.03869,3.75,2.03
2011.05.09 16:33:20.800,1.03823,1.03867,2.48,2.03
2011.05.09 16:33:21.548,1.03823,1.03868,4.13,2.03
2011.05.09 16:33:26.362,1.03826,1.03869,1.35,2.03
2011.05.09 16:33:26.580,1.03828,1.03873,5.78,3.38
2011.05.09 16:33:26.690,1.03829,1.03874,3.38,1.35
2011.05.09 16:33:26.920,1.0383,1.03875,2.10,3.38
2011.05.09 16:33:27.389,1.0383,1.03873,2.10,1.13
2011.05.09 16:33:29.333,1.0383,1.03872,2.10,2.03
2011.05.09 16:33:29.681,1.0383,1.03873,2.63,1.13
2011.05.09 16:33:29.790,1.03827,1.03871,1.35,2.03
2011.05.09 16:33:31.499,1.03829,1.03874,2.63,1.50
2011.05.09 16:33:32.854,1.03831,1.03875,1.35,2.78
2011.05.09 16:33:33.710,1.03834,1.03875,1.13,2.03
2011.05.09 16:33:34.041,1.03832,1.03874,2.10,2.03
2011.05.09 16:33:34.262,1.03836,1.03874,1.35,2.03
2011.05.09 16:33:34.810,1.03832,1.03875,2.10,2.03
2011.05.09 16:33:35.637,1.03835,1.03877,2.03,1.35
2011.05.09 16:33:35.752,1.03835,1.03877,2.63,1.35
2011.05.09 16:33:36.412,1.03828,1.03872,2.10,2.03
2011.05.09 16:33:37.030,1.03828,1.03871,2.10,2.03
2011.05.09 16:33:37.940,1.03826,1.03871,3.38,2.03
2011.05.09 16:33:38.250,1.03828,1.03871,3.00,2.03
2011.05.09 16:33:38.359,1.03831,1.03874,2.40,1.35
2011.05.09 16:33:38.470,1.03828,1.03872,2.48,2.03
2011.05.09 16:33:39.589,1.03825,1.03872,3.00,2.03
2011.05.09 16:33:40.053,1.03828,1.03872,1.35,2.03
2011.05.09 16:33:40.157,1.03837,1.03882,4.50,2.63
2011.05.09 16:33:41.331,1.0384,1.0388,1.13,2.03
2011.05.09 16:33:41.441,1.03837,1.0388,2.10,2.40
2011.05.09 16:33:41.660,1.03835,1.0388,2.03,2.40
2011.05.09 16:33:42.209,1.03836,1.03881,2.03,1.88
2011.05.09 16:33:42.760,1.03833,1.0388,2.03,3.84
2011.05.09 16:33:42.980,1.03831,1.03877,1.13,2.03
2011.05.09 16:33:43.311,1.03829,1.0387,1.57,2.03
2011.05.09 16:33:44.041,1.0383,1.03871,1.13,2.03
2011.05.09 16:33:44.153,1.03829,1.03869,3.00,2.03
2011.05.09 16:33:44.700,1.03829,1.03869,1.50,2.03
2011.05.09 16:33:45.161,1.03829,1.03867,1.50,2.03
2011.05.09 16:33:45.493,1.03828,1.03862,1.50,2.03
2011.05.09 16:33:45.602,1.03826,1.03862,1.35,2.03
2011.05.09 16:33:45.934,1.03832,1.03862,1.13,2.03
2011.05.09 16:33:46.260,1.03832,1.03872,1.73,1.44
2011.05.09 16:33:49.090,1.03834,1.03872,1.35,1.44
2011.05.09 16:33:54.410,1.03834,1.03872,1.35,1.44
2011.05.09 16:33:55.491,1.0383,1.03872,1.50,2.19
2011.05.09 16:33:55.819,1.03827,1.03869,1.35,2.03
2011.05.09 16:33:57.421,1.03832,1.03869,1.73,2.03
2011.05.09 16:33:57.530,1.03832,1.03871,1.73,2.72
2011.05.09 16:34:00.451,1.03839,1.03882,2.10,3.53
2011.05.09 16:34:00.672,1.03841,1.03882,1.35,3.53
2011.05.09 16:34:01.001,1.03841,1.03885,1.35,1.35
2011.05.09 16:34:01.591,1.03841,1.03883,1.35,2.03
2011.05.09 16:34:02.139,1.03842,1.03882,1.35,2.03
2011.05.09 16:34:02.253,1.03838,1.03877,3.45,1.35
2011.05.09 16:34:02.580,1.03835,1.03875,2.78,2.10
2011.05.09 16:34:03.561,1.03832,1.03873,1.35,2.63
2011.05.09 16:34:04.221,1.03828,1.0387,1.35,2.63
2011.05.09 16:34:05.454,1.03828,1.03869,1.35,2.03
2011.05.09 16:34:06.551,1.03828,1.03868,1.35,2.03
2011.05.09 16:34:09.062,1.03828,1.03868,1.35,2.03
2011.05.09 16:34:09.390,1.03839,1.03876,1.73,2.78
2011.05.09 16:34:09.500,1.03842,1.03879,1.13,2.03
2011.05.09 16:34:09.941,1.03836,1.03877,2.48,2.63
2011.05.09 16:34:11.550,1.03836,1.03879,2.48,2.03
2011.05.09 16:34:11.940,1.03837,1.03879,1.13,2.03
2011.05.09 16:34:13.312,1.03837,1.03879,1.13,2.03
2011.05.09 16:34:13.751,1.03838,1.03881,2.78,1.29
2011.05.09 16:34:13.970,1.03837,1.03879,1.88,2.03
2011.05.09 16:34:14.521,1.03837,1.03876,1.13,2.03
2011.05.09 16:34:15.179,1.03841,1.03876,1.13,2.03
2011.05.09 16:34:15.289,1.03841,1.03878,1.13,2.03
2011.05.09 16:34:15.400,1.03839,1.03882,2.25,2.63
2011.05.09 16:34:15.620,1.03838,1.03876,2.85,2.03
2011.05.09 16:34:16.832,1.03837,1.03876,1.13,2.03
2011.05.09 16:34:17.050,1.03842,1.03879,1.13,2.03
2011.05.09 16:34:17.161,1.03841,1.03883,1.13,2.63
2011.05.09 16:34:17.271,1.03838,1.03877,3.60,2.03
2011.05.09 16:34:18.300,1.03836,1.03878,2.48,4.05
2011.05.09 16:34:18.850,1.03842,1.03883,1.73,3.38
2011.05.09 16:34:18.960,1.03842,1.03877,1.35,2.03
2011.05.09 16:34:20.460,1.03841,1.03877,1.13,2.03
2011.05.09 16:34:20.680,1.03841,1.03884,1.13,2.63
2011.05.09 16:34:20.989,1.03838,1.03878,2.25,2.03
2011.05.09 16:34:22.440,1.03842,1.03878,1.35,2.03
2011.05.09 16:34:22.989,1.03842,1.03883,1.35,2.63
2011.05.09 16:34:23.210,1.03841,1.03878,1.35,2.03
2011.05.09 16:34:25.740,1.03843,1.03878,1.35,2.03
2011.05.09 16:34:25.851,1.03852,1.03889,1.73,2.03
2011.05.09 16:34:26.180,1.03849,1.03891,1.73,2.03
2011.05.09 16:34:26.949,1.03852,1.03891,1.35,1.44
2011.05.09 16:34:27.610,1.03847,1.03887,1.13,2.03
2011.05.09 16:34:27.721,1.03842,1.03889,3.75,2.03
2011.05.09 16:34:28.221,1.03842,1.03887,1.73,2.03
2011.05.09 16:34:30.251,1.03846,1.03887,1.73,2.03
2011.05.09 16:34:30.470,1.03854,1.03891,3.90,1.44
2011.05.09 16:34:31.858,1.03854,1.03891,3.53,1.44
2011.05.09 16:34:32.846,1.03852,1.03892,1.73,1.44
2011.05.09 16:34:33.111,1.03853,1.03892,1.50,1.44
2011.05.09 16:34:33.462,1.03857,1.03897,1.73,2.03
2011.05.09 16:34:33.792,1.03858,1.03897,1.50,2.63
2011.05.09 16:34:33.902,1.0385,1.03897,2.78,3.75
2011.05.09 16:34:34.013,1.0385,1.03895,2.03,1.13
2011.05.09 16:34:34.232,1.03859,1.03897,2.03,2.10
2011.05.09 16:34:34.453,1.03858,1.03899,2.03,1.73
2011.05.09 16:34:34.847,1.03861,1.03899,2.03,1.73
2011.05.09 16:34:34.948,1.03849,1.03893,1.13,3.38
2011.05.09 16:34:35.280,1.03857,1.03897,2.03,1.35
2011.05.09 16:34:35.390,1.0385,1.03897,2.40,3.38
2011.05.09 16:34:36.094,1.03857,1.03896,2.48,2.03
2011.05.09 16:34:36.431,1.03857,1.039,2.10,3.47
2011.05.09 16:34:36.762,1.03852,1.03895,1.73,2.03
2011.05.09 16:34:37.197,1.03854,1.03895,1.73,2.03
2011.05.09 16:34:37.752,1.03856,1.03895,1.13,2.03
2011.05.09 16:34:38.297,1.03849,1.03893,1.88,2.78
2011.05.09 16:34:38.413,1.03846,1.03893,2.40,2.78
2011.05.09 16:34:38.523,1.03845,1.03892,4.43,2.78
2011.05.09 16:34:38.631,1.03845,1.03892,2.40,2.78
2011.05.09 16:34:38.961,1.03843,1.03886,2.10,2.03
2011.05.09 16:34:39.719,1.03841,1.03887,1.35,2.78
2011.05.09 16:34:40.389,1.03844,1.03885,1.35,2.63
2011.05.09 16:34:41.901,1.0384,1.03884,3.00,1.35
2011.05.09 16:34:42.011,1.03838,1.03882,2.78,2.63
2011.05.09 16:34:42.120,1.03836,1.03882,2.10,2.63
2011.05.09 16:34:42.233,1.03839,1.03884,2.03,2.63
2011.05.09 16:34:42.481,1.03839,1.03886,3.00,3.38
2011.05.09 16:34:44.140,1.0384,1.03887,4.50,2.63
2011.05.09 16:34:44.250,1.03845,1.03885,1.13,2.03
2011.05.09 16:34:44.942,1.03841,1.03885,1.50,2.03
2011.05.09 16:34:46.081,1.03841,1.03885,1.50,2.03
2011.05.09 16:34:47.072,1.03841,1.03885,1.50,2.78
2011.05.09 16:34:48.962,1.03845,1.03885,1.13,2.03
2011.05.09 16:34:49.291,1.03847,1.03886,2.03,1.35
2011.05.09 16:34:49.989,1.03843,1.03888,2.40,2.63
2011.05.09 16:34:50.292,1.03843,1.03884,2.40,2.10
2011.05.09 16:34:50.399,1.03843,1.03884,2.03,2.10
2011.05.09 16:34:50.949,1.0384,1.03884,1.73,2.10
2011.05.09 16:34:51.442,1.03843,1.03884,2.40,2.10
2011.05.09 16:34:51.551,1.03843,1.03888,3.00,2.63
2011.05.09 16:34:52.210,1.03848,1.0389,2.48,2.63
2011.05.09 16:34:52.430,1.0385,1.03893,2.40,1.35
2011.05.09 16:34:52.650,1.0385,1.03893,2.40,2.85
2011.05.09 16:34:52.871,1.03848,1.03891,2.10,2.63
2011.05.09 16:34:53.421,1.03847,1.03889,1.35,2.63
2011.05.09 16:34:53.640,1.03847,1.03886,1.35,2.63
2011.05.09 16:34:57.293,1.03848,1.03889,1.35,2.03
2011.05.09 16:34:57.871,1.0385,1.0389,1.13,2.03
2011.05.09 16:34:57.982,1.03848,1.0389,4.50,2.63
2011.05.09 16:34:58.091,1.03849,1.03892,2.40,4.20
2011.05.09 16:34:58.201,1.03846,1.0389,3.75,2.03
2011.05.09 16:34:58.531,1.03852,1.03893,1.13,2.63
2011.05.09 16:34:58.897,1.03852,1.03895,2.78,2.04
2011.05.09 16:34:59.891,1.03853,1.03895,2.03,1.29
2011.05.09 16:35:00.109,1.03853,1.03895,2.78,1.29
2011.05.09 16:35:00.711,1.03855,1.03896,1.13,1.44
2011.05.09 16:35:01.259,1.03854,1.03896,2.78,2.94
2011.05.09 16:35:01.805,1.03855,1.03896,1.13,2.19
2011.05.09 16:35:02.140,1.03855,1.03899,1.13,2.63
2011.05.09 16:35:02.251,1.03861,1.03901,2.03,2.10
2011.05.09 16:35:02.471,1.03861,1.03904,2.03,1.13
2011.05.09 16:35:02.582,1.03861,1.03906,3.15,3.38
2011.05.09 16:35:04.560,1.03864,1.03905,2.03,3.54
2011.05.09 16:35:04.670,1.03858,1.03905,2.78,5.94
2011.05.09 16:35:04.889,1.0385,1.03896,1.13,2.63
2011.05.09 16:35:05.001,1.0385,1.03896,1.13,2.63
2011.05.09 16:35:05.110,1.0385,1.03891,1.13,1.44
2011.05.09 16:35:05.789,1.03843,1.03882,2.03,2.70
2011.05.09 16:35:06.340,1.03839,1.03884,2.78,3.38
2011.05.09 16:35:06.773,1.03839,1.03884,2.03,3.38
2011.05.09 16:35:07.392,1.03839,1.03884,2.78,3.38
2011.05.09 16:35:07.721,1.03845,1.03887,2.03,1.35
2011.05.09 16:35:07.940,1.03845,1.0389,2.40,3.38
2011.05.09 16:35:08.709,1.03847,1.0389,2.03,1.29
2011.05.09 16:35:10.328,1.03847,1.0389,2.78,1.29
2011.05.09 16:35:11.350,1.03844,1.0389,2.40,1.35
2011.05.09 16:35:11.571,1.03842,1.03888,1.35,2.78
2011.05.09 16:35:11.681,1.03842,1.03888,1.73,2.78
2011.05.09 16:35:11.899,1.03843,1.03888,3.15,2.03
2011.05.09 16:35:13.161,1.03846,1.03888,1.13,2.03
2011.05.09 16:35:13.497,1.03846,1.0389,1.13,3.32
2011.05.09 16:35:14.139,1.03846,1.0389,1.13,1.29
2011.05.09 16:35:14.910,1.03844,1.0389,3.53,3.00
2011.05.09 16:35:15.131,1.03845,1.03889,2.03,1.35
2011.05.09 16:35:15.570,1.03841,1.03881,2.03,1.13
2011.05.09 16:35:16.022,1.03836,1.03879,2.03,1.13
2011.05.09 16:35:16.144,1.03834,1.0388,2.63,2.03
2011.05.09 16:35:17.021,1.03833,1.0388,2.03,3.75
2011.05.09 16:35:17.240,1.03833,1.03878,2.03,1.35
2011.05.09 16:35:17.460,1.03837,1.0388,1.35,2.40
2011.05.09 16:35:17.790,1.03844,1.03886,1.13,3.47
2011.05.09 16:35:19.100,1.03844,1.03885,3.00,1.44
2011.05.09 16:35:19.981,1.03848,1.03892,2.48,2.03
2011.05.09 16:35:20.608,1.03849,1.03893,2.03,2.03
2011.05.09 16:35:20.726,1.0385,1.03893,2.03,1.35
2011.05.09 16:35:21.062,1.03844,1.03886,2.03,1.35
2011.05.09 16:35:21.500,1.0384,1.03885,3.75,2.63
2011.05.09 16:35:24.543,1.03842,1.03886,1.13,2.78
2011.05.09 16:35:24.651,1.03844,1.03889,2.40,2.78
2011.05.09 16:35:25.610,1.03844,1.03889,2.40,2.63
2011.05.09 16:35:25.942,1.0384,1.03884,1.13,2.03
2011.05.09 16:35:26.160,1.03842,1.03889,3.00,2.78
2011.05.09 16:35:26.380,1.03843,1.0389,3.00,2.03
2011.05.09 16:35:27.220,1.03843,1.0389,2.63,2.40
2011.05.09 16:35:27.330,1.03843,1.0389,2.03,3.00
2011.05.09 16:35:27.659,1.03843,1.03885,2.03,2.78
2011.05.09 16:35:27.989,1.03843,1.03885,2.40,2.03
2011.05.09 16:35:28.100,1.03843,1.03885,2.03,2.03
2011.05.09 16:35:28.210,1.03841,1.03885,2.03,2.03
2011.05.09 16:35:28.433,1.03837,1.03883,2.85,2.63
2011.05.09 16:35:29.109,1.03836,1.03881,2.78,2.63
2011.05.09 16:35:29.680,1.03836,1.03881,2.78,3.00
2011.05.09 16:35:30.201,1.03834,1.03879,1.35,5.25
2011.05.09 16:35:33.050,1.03834,1.03874,1.35,1.35
2011.05.09 16:35:36.242,1.03833,1.03874,2.63,1.73
2011.05.09 16:35:36.461,1.03825,1.03868,2.03,2.63
2011.05.09 16:35:36.572,1.03819,1.03858,3.53,2.63
2011.05.09 16:35:36.992,1.03808,1.03854,2.85,3.75
2011.05.09 16:35:37.104,1.03807,1.03854,2.78,3.75
2011.05.09 16:35:40.274,1.03807,1.03852,3.38,2.03
2011.05.09 16:35:40.396,1.03812,1.03857,3.38,2.03
2011.05.09 16:35:40.953,1.03814,1.03858,1.73,2.03
2011.05.09 16:35:41.504,1.03814,1.03857,1.73,2.03
2011.05.09 16:35:41.830,1.03815,1.03859,1.35,2.03
2011.05.09 16:35:44.091,1.03815,1.03859,1.35,2.03
2011.05.09 16:35:44.680,1.03815,1.0386,3.38,1.44
2011.05.09 16:35:45.119,1.03815,1.0386,1.35,3.53
2011.05.09 16:35:47.114,1.03816,1.0386,2.78,3.15
2011.05.09 16:35:47.582,1.03815,1.03856,1.35,2.03
2011.05.09 16:35:48.160,1.03814,1.03856,1.35,2.63
2011.05.09 16:35:48.491,1.03812,1.03856,1.35,2.63
2011.05.09 16:35:48.600,1.03813,1.03855,2.10,2.03
2011.05.09 16:35:48.931,1.03813,1.03857,2.10,2.03
2011.05.09 16:35:49.041,1.03815,1.0386,2.63,3.38
2011.05.09 16:35:52.101,1.03816,1.03861,2.85,2.78
2011.05.09 16:35:52.650,1.03827,1.03867,2.40,1.44
2011.05.09 16:35:53.310,1.03827,1.03867,2.40,1.44
2011.05.09 16:35:54.290,1.03827,1.03867,2.40,1.44
2011.05.09 16:35:55.020,1.03828,1.03874,3.00,2.78
2011.05.09 16:35:55.133,1.03831,1.03875,1.73,3.53
2011.05.09 16:35:55.460,1.03835,1.03878,2.10,1.13
2011.05.09 16:35:55.571,1.0383,1.03875,2.78,2.03
2011.05.09 16:35:55.680,1.0383,1.03875,2.78,2.03
2011.05.09 16:35:56.009,1.03837,1.03879,1.35,2.63
2011.05.09 16:35:56.771,1.03834,1.03879,3.00,2.78
2011.05.09 16:35:57.100,1.03833,1.03877,1.73,2.03
2011.05.09 16:35:57.849,1.03835,1.03877,1.35,2.03
2011.05.09 16:35:58.360,1.03832,1.03877,3.75,2.03
2011.05.09 16:35:58.690,1.03828,1.03874,2.40,2.63
2011.05.09 16:35:58.800,1.03826,1.03871,3.38,2.03
2011.05.09 16:35:59.020,1.03828,1.03873,2.40,1.35
2011.05.09 16:35:59.240,1.03826,1.0387,1.35,2.03
2011.05.09 16:35:59.829,1.03826,1.03869,1.35,2.03
2011.05.09 16:36:00.960,1.03824,1.03869,2.78,2.63
2011.05.09 16:36:02.099,1.03822,1.03867,3.75,2.63
2011.05.09 16:36:07.725,1.03822,1.03868,1.35,3.00
2011.05.09 16:36:07.951,1.03827,1.03867,1.13,2.63
2011.05.09 16:36:08.436,1.03834,1.03876,3.00,2.94
2011.05.09 16:36:08.993,1.0383,1.03875,2.63,4.44
2011.05.09 16:36:09.214,1.03827,1.03867,2.03,2.10
2011.05.09 16:36:09.322,1.03823,1.03863,2.03,1.35
2011.05.09 16:36:09.542,1.0382,1.03863,2.03,1.35
2011.05.09 16:36:09.761,1.03817,1.03861,3.38,2.63
2011.05.09 16:36:09.869,1.03817,1.03861,2.78,2.63
2011.05.09 16:36:10.420,1.03817,1.03857,1.35,2.03
2011.05.09 16:36:10.750,1.03817,1.03861,3.38,2.63
2011.05.09 16:36:10.982,1.0382,1.03862,2.03,1.35
2011.05.09 16:36:13.692,1.03816,1.0386,1.35,2.40
2011.05.09 16:36:16.622,1.03817,1.03858,1.35,1.13
2011.05.09 16:36:16.880,1.03815,1.0386,3.00,2.78
2011.05.09 16:36:16.992,1.03812,1.03856,3.75,2.03
2011.05.09 16:36:17.323,1.03813,1.03858,3.75,2.63
2011.05.09 16:36:17.650,1.03817,1.03861,3.00,1.35
2011.05.09 16:36:18.311,1.03823,1.03865,2.03,2.10
2011.05.09 16:36:18.639,1.03823,1.03868,2.63,3.00
2011.05.09 16:36:20.013,1.0382,1.03867,2.03,2.63
2011.05.09 16:36:20.342,1.03817,1.03863,2.63,3.75
2011.05.09 16:36:20.748,1.0382,1.03863,2.03,3.75
2011.05.09 16:36:21.081,1.03826,1.03867,2.03,1.35
2011.05.09 16:36:21.410,1.03822,1.03868,2.03,1.35
2011.05.09 16:36:21.961,1.03821,1.03865,2.03,3.00
2011.05.09 16:36:22.510,1.0382,1.03865,2.03,1.73
2011.05.09 16:36:25.600,1.03823,1.03864,2.03,1.35
2011.05.09 16:36:25.930,1.03822,1.03863,1.35,1.35
2011.05.09 16:36:27.821,1.03826,1.03869,1.35,2.78
2011.05.09 16:36:28.041,1.03827,1.03871,2.63,1.35
2011.05.09 16:36:29.049,1.03828,1.03871,1.35,2.10
2011.05.09 16:36:30.109,1.03831,1.03872,1.35,2.78
2011.05.09 16:36:30.222,1.03832,1.03874,1.35,3.38
2011.05.09 16:36:31.309,1.03832,1.03876,3.38,3.53
2011.05.09 16:36:31.420,1.03836,1.03876,1.35,2.78
2011.05.09 16:36:31.641,1.03836,1.03878,1.35,2.63
2011.05.09 16:36:35.790,1.03836,1.03877,1.35,2.03
2011.05.09 16:36:35.899,1.03833,1.03877,1.35,2.63
2011.05.09 16:36:36.460,1.0383,1.03874,2.63,1.73
2011.05.09 16:36:38.679,1.0383,1.03873,2.78,2.85
2011.05.09 16:36:39.058,1.03831,1.03873,2.78,2.85
2011.05.09 16:36:42.580,1.03831,1.03873,2.03,2.10
2011.05.09 16:36:42.800,1.03831,1.0387,2.03,2.48
2011.05.09 16:36:43.182,1.03829,1.03868,2.03,3.00
2011.05.09 16:36:43.294,1.03821,1.03868,3.53,3.00
2011.05.09 16:36:44.119,1.03821,1.03868,3.53,3.75
2011.05.09 16:36:44.904,1.03821,1.03864,2.78,1.35
2011.05.09 16:36:45.010,1.03821,1.03862,2.03,1.73
2011.05.09 16:36:45.669,1.03821,1.03868,2.63,4.50
2011.05.09 16:36:46.220,1.03821,1.03864,3.38,1.35
2011.05.09 16:36:47.420,1.03822,1.03868,1.13,4.88
2011.05.09 16:36:47.750,1.03824,1.03868,2.03,1.35
2011.05.09 16:36:48.630,1.03823,1.03868,2.78,1.35
2011.05.09 16:36:49.176,1.03827,1.03868,2.40,1.35
2011.05.09 16:36:49.510,1.03829,1.03873,1.13,2.63
2011.05.09 16:36:49.951,1.03833,1.03876,1.73,2.03
2011.05.09 16:36:50.061,1.03836,1.0388,2.63,2.78
2011.05.09 16:36:50.281,1.03834,1.03878,2.63,1.13
2011.05.09 16:36:51.360,1.03831,1.03878,2.78,3.75
2011.05.09 16:36:51.689,1.03834,1.03877,2.03,1.35
2011.05.09 16:36:52.021,1.03836,1.03881,1.13,5.63
2011.05.09 16:36:52.609,1.03833,1.03878,4.13,2.63
2011.05.09 16:36:52.941,1.0383,1.03874,3.75,4.13
2011.05.09 16:36:53.270,1.03833,1.03877,2.78,2.63
2011.05.09 16:36:53.980,1.03833,1.03877,1.50,2.63
2011.05.09 16:36:54.531,1.03831,1.03877,3.53,2.63
2011.05.09 16:36:54.750,1.03833,1.03874,2.03,1.35
2011.05.09 16:36:55.079,1.03834,1.03874,2.03,1.35
2011.05.09 16:36:55.411,1.0383,1.03872,2.03,1.73
2011.05.09 16:36:55.630,1.03828,1.03872,2.03,1.73
2011.05.09 16:36:56.290,1.03831,1.03874,2.03,1.35
2011.05.09 16:36:56.950,1.03831,1.03874,2.63,1.35
2011.05.09 16:36:59.930,1.03833,1.03873,1.35,1.35
2011.05.09 16:37:00.991,1.03837,1.03882,3.00,2.63
2011.05.09 16:37:03.069,1.03842,1.03883,1.35,2.10
2011.05.09 16:37:03.930,1.03837,1.03878,3.38,1.35
2011.05.09 16:37:04.481,1.03837,1.03877,1.35,2.03
2011.05.09 16:37:05.332,1.03837,1.03878,1.35,1.35
2011.05.09 16:37:07.090,1.03837,1.03883,1.35,2.03
2011.05.09 16:37:08.912,1.03838,1.03883,2.10,2.78
2011.05.09 16:37:09.330,1.0384,1.03885,1.13,2.03
2011.05.09 16:37:09.837,1.0384,1.03886,1.13,2.63
2011.05.09 16:37:10.645,1.03841,1.03886,1.13,2.63
2011.05.09 16:37:10.762,1.03844,1.0389,2.40,1.35
2011.05.09 16:37:11.451,1.03847,1.03888,1.35,2.63
2011.05.09 16:37:11.893,1.03847,1.0389,1.35,2.03
2011.05.09 16:37:12.444,1.03846,1.0389,2.63,3.00
2011.05.09 16:37:12.993,1.03846,1.03891,1.73,3.38
2011.05.09 16:37:14.110,1.03847,1.03889,1.73,2.03
2011.05.09 16:37:14.440,1.03846,1.03886,1.35,2.03
2011.05.09 16:37:14.551,1.03846,1.0389,1.35,2.78
2011.05.09 16:37:15.060,1.03852,1.03889,1.35,2.03
2011.05.09 16:37:15.709,1.03852,1.03889,1.35,2.03
2011.05.09 16:37:16.043,1.03857,1.03895,1.35,2.63
2011.05.09 16:37:16.371,1.03851,1.0389,1.35,2.03
2011.05.09 16:37:17.981,1.0385,1.03895,4.13,2.63
2011.05.09 16:37:20.889,1.03856,1.03895,1.35,2.78
2011.05.09 16:37:21.489,1.03857,1.03895,1.35,2.03
2011.05.09 16:37:23.092,1.03856,1.03895,1.35,2.78
2011.05.09 16:37:23.740,1.03856,1.03894,1.35,1.35
2011.05.09 16:37:27.450,1.0385,1.03895,1.50,2.03
2011.05.09 16:37:27.781,1.03849,1.03893,2.48,2.03
2011.05.09 16:37:28.000,1.03849,1.03894,1.35,2.03
2011.05.09 16:37:28.221,1.03847,1.03892,3.38,2.03
2011.05.09 16:37:29.190,1.03847,1.03892,3.75,2.03
2011.05.09 16:37:29.410,1.03848,1.03894,1.73,2.03
2011.05.09 16:37:30.212,1.0385,1.03896,1.13,2.63
2011.05.09 16:37:30.970,1.0385,1.03894,1.13,2.03
2011.05.09 16:37:31.532,1.0385,1.03894,1.88,2.03
2011.05.09 16:37:31.972,1.03849,1.03891,2.10,2.03
2011.05.09 16:37:32.411,1.03848,1.03891,1.35,2.03
2011.05.09 16:37:32.631,1.03851,1.0389,2.63,2.03
2011.05.09 16:37:32.744,1.03853,1.03898,3.00,2.03
2011.05.09 16:37:33.290,1.03854,1.03899,2.03,2.03
2011.05.09 16:37:33.840,1.03854,1.03901,3.53,4.97
2011.05.09 16:37:34.410,1.03854,1.039,2.78,1.07
2011.05.09 16:37:34.902,1.03854,1.03892,2.63,2.78
2011.05.09 16:37:35.232,1.03846,1.0389,1.73,2.63
2011.05.09 16:37:36.001,1.03851,1.03895,4.50,2.10
2011.05.09 16:37:37.402,1.03857,1.03895,1.35,1.44
2011.05.09 16:37:37.843,1.03856,1.03896,1.73,2.04
2011.05.09 16:37:38.661,1.03852,1.03893,2.78,2.10
2011.05.09 16:37:38.880,1.03852,1.03895,2.78,1.35
2011.05.09 16:37:39.213,1.03852,1.03894,1.13,2.63
2011.05.09 16:37:39.759,1.03852,1.03894,2.03,1.35
2011.05.09 16:37:40.310,1.03851,1.03897,3.15,1.35
2011.05.09 16:37:40.420,1.03851,1.03897,3.75,1.35
2011.05.09 16:37:41.080,1.03855,1.03895,1.35,1.35
2011.05.09 16:37:42.110,1.03855,1.03895,1.35,1.35
2011.05.09 16:37:43.450,1.03855,1.03895,1.35,1.35
2011.05.09 16:37:47.109,1.03855,1.03896,1.35,2.63
2011.05.09 16:37:47.661,1.03851,1.03894,1.35,1.13
2011.05.09 16:37:47.990,1.03848,1.0389,1.35,1.35
2011.05.09 16:37:48.872,1.03848,1.0389,1.35,1.35
2011.05.09 16:37:50.132,1.03848,1.03889,1.35,1.35
2011.05.09 16:37:52.261,1.03849,1.0389,1.13,1.35
2011.05.09 16:37:54.650,1.03848,1.03889,1.35,2.10
2011.05.09 16:38:02.240,1.03845,1.03888,3.38,2.10
2011.05.09 16:38:02.975,1.03846,1.03883,1.13,2.10
2011.05.09 16:38:03.093,1.03849,1.03883,2.03,2.10
2011.05.09 16:38:03.204,1.03849,1.03889,2.03,2.10
2011.05.09 16:38:03.433,1.03852,1.03885,2.03,2.10
2011.05.09 16:38:03.981,1.03844,1.03887,1.35,4.88
2011.05.09 16:38:04.090,1.03848,1.03887,2.03,2.85
2011.05.09 16:38:04.731,1.03845,1.03887,2.03,2.85
2011.05.09 16:38:06.250,1.03839,1.03882,1.50,3.00
2011.05.09 16:38:06.360,1.03837,1.03882,1.50,3.00
2011.05.09 16:38:06.471,1.03836,1.03882,1.73,2.63
2011.05.09 16:38:07.130,1.03841,1.03883,2.78,2.85
2011.05.09 16:38:07.952,1.03841,1.03884,3.38,1.35
2011.05.09 16:38:08.961,1.0384,1.03883,2.63,1.13
2011.05.09 16:38:09.072,1.03835,1.03882,2.78,3.75
2011.05.09 16:38:09.762,1.03838,1.03883,2.03,2.63
2011.05.09 16:38:10.200,1.03841,1.03886,2.78,5.57
2011.05.09 16:38:13.068,1.03841,1.0388,2.78,1.35
2011.05.09 16:38:16.421,1.03841,1.0388,3.38,1.35
2011.05.09 16:38:16.860,1.03835,1.03877,1.50,2.10
2011.05.09 16:38:17.192,1.03834,1.03877,2.03,2.10
2011.05.09 16:38:17.775,1.03831,1.03875,1.73,2.63
2011.05.09 16:38:18.111,1.03831,1.03874,1.13,2.63
2011.05.09 16:38:18.442,1.03835,1.03874,1.13,2.63
2011.05.09 16:38:18.773,1.03833,1.03876,2.03,2.10
2011.05.09 16:38:19.101,1.03833,1.03879,2.03,3.38
2011.05.09 16:38:19.731,1.03831,1.03877,1.73,2.63
2011.05.09 16:38:20.214,1.03831,1.03872,2.78,1.35
2011.05.09 16:38:21.210,1.03829,1.03873,1.13,2.63
2011.05.09 16:38:23.180,1.0383,1.03873,1.50,2.63
2011.05.09 16:38:24.068,1.03829,1.03873,1.13,2.63
2011.05.09 16:38:26.159,1.03829,1.03873,1.13,2.63
2011.05.09 16:38:28.026,1.03829,1.03873,1.13,2.63
2011.05.09 16:38:29.021,1.03828,1.03873,2.40,2.63
2011.05.09 16:38:29.370,1.03827,1.03872,2.03,2.63
2011.05.09 16:38:29.481,1.03827,1.03872,2.03,2.63
2011.05.09 16:38:29.931,1.03834,1.03874,3.00,1.35
2011.05.09 16:38:30.480,1.0384,1.03878,2.40,2.10
2011.05.09 16:38:31.686,1.03841,1.03878,2.78,2.10
2011.05.09 16:38:33.160,1.03841,1.03878,3.53,2.10
2011.05.09 16:38:34.441,1.03841,1.03887,3.53,1.35
2011.05.09 16:38:35.912,1.03837,1.03884,3.38,2.63
2011.05.09 16:38:36.240,1.03837,1.03884,2.78,4.13
2011.05.09 16:38:36.680,1.03837,1.03884,2.78,4.88
2011.05.09 16:38:43.960,1.0384,1.03884,1.13,4.13
2011.05.09 16:38:46.134,1.03837,1.03875,2.78,2.03
2011.05.09 16:38:46.460,1.03836,1.03879,2.63,2.48
2011.05.09 16:38:46.570,1.03833,1.03873,1.35,2.03
2011.05.09 16:38:46.680,1.03833,1.03876,1.35,3.00
2011.05.09 16:38:46.790,1.03831,1.03875,3.53,2.48
2011.05.09 16:38:47.350,1.03831,1.03874,1.35,2.63
2011.05.09 16:38:49.171,1.03828,1.03873,2.78,2.48
2011.05.09 16:38:49.965,1.03829,1.03873,1.50,4.13
2011.05.09 16:38:51.140,1.03828,1.03873,3.53,4.13
2011.05.09 16:38:53.137,1.03828,1.03874,3.53,1.35
2011.05.09 16:38:53.692,1.03832,1.03876,2.40,2.19
2011.05.09 16:38:53.911,1.03837,1.03882,2.03,2.63
2011.05.09 16:38:54.130,1.03837,1.03882,2.78,2.63
2011.05.09 16:38:54.242,1.03837,1.03882,2.03,2.63
2011.05.09 16:38:54.461,1.03838,1.03883,2.40,2.63
2011.05.09 16:38:54.570,1.03838,1.03883,3.15,2.03
2011.05.09 16:38:55.252,1.03841,1.03886,3.15,1.35
2011.05.09 16:38:56.140,1.03841,1.03886,3.90,1.35
2011.05.09 16:38:57.027,1.03841,1.03886,3.90,1.35
2011.05.09 16:38:59.569,1.03841,1.03886,3.90,1.35
2011.05.09 16:39:00.135,1.03847,1.03891,2.03,2.10
2011.05.09 16:39:01.096,1.03847,1.03891,2.78,2.10
2011.05.09 16:39:03.216,1.03847,1.03888,3.38,1.35
2011.05.09 16:39:06.596,1.03847,1.03891,3.38,2.10
2011.05.09 16:39:06.711,1.03857,1.03891,1.73,1.50
2011.05.09 16:39:06.822,1.03859,1.03896,2.40,1.50
2011.05.09 16:39:06.933,1.03857,1.03903,2.70,3.00
2011.05.09 16:39:07.151,1.03859,1.03896,2.03,2.10
2011.05.09 16:39:07.261,1.03854,1.03896,2.63,2.10
2011.05.09 16:39:08.061,1.03854,1.03899,2.03,1.35
2011.05.09 16:39:08.170,1.03854,1.039,2.78,1.73
2011.05.09 16:39:08.502,1.03866,1.03906,2.03,1.29
2011.05.09 16:39:08.612,1.03863,1.03905,1.50,1.35
2011.05.09 16:39:08.722,1.03862,1.03904,2.03,2.48
2011.05.09 16:39:08.832,1.0386,1.03904,2.03,5.25
2011.05.09 16:39:08.940,1.0386,1.03904,2.03,5.78
2011.05.09 16:39:09.644,1.0386,1.03899,2.03,1.73
2011.05.09 16:39:09.751,1.03849,1.03896,3.15,2.78
2011.05.09 16:39:11.209,1.0385,1.03896,1.50,2.78
2011.05.09 16:39:12.097,1.0385,1.03896,1.50,2.78
2011.05.09 16:39:14.231,1.0385,1.03895,1.50,2.03
2011.05.09 16:39:14.452,1.0385,1.03894,2.03,1.35
2011.05.09 16:39:14.562,1.03846,1.03893,2.78,2.63
2011.05.09 16:39:14.670,1.03846,1.03893,2.03,3.38
2011.05.09 16:39:16.931,1.03841,1.03886,2.03,3.00
2011.05.09 16:39:17.483,1.0384,1.03884,2.03,1.13
2011.05.09 16:39:17.810,1.03837,1.03883,2.63,2.78
2011.05.09 16:39:22.470,1.03839,1.03883,2.03,2.03
2011.05.09 16:39:22.801,1.03838,1.03882,2.03,4.22
2011.05.09 16:39:23.311,1.0384,1.0388,2.03,1.73
2011.05.09 16:39:23.533,1.03842,1.03888,3.00,3.38
2011.05.09 16:39:26.071,1.03844,1.03884,1.35,1.35
2011.05.09 16:39:27.099,1.03844,1.03884,1.35,1.35
2011.05.09 16:39:27.631,1.03844,1.03884,1.35,1.35
2011.05.09 16:39:27.850,1.0384,1.03883,2.78,2.10
2011.05.09 16:39:27.961,1.0384,1.03883,2.03,2.10
2011.05.09 16:39:28.291,1.03832,1.03878,3.38,2.85
2011.05.09 16:39:29.203,1.03832,1.03874,1.35,2.63
2011.05.09 16:39:33.801,1.03833,1.03879,1.35,2.63
2011.05.09 16:39:34.133,1.03839,1.03881,2.03,1.35
2011.05.09 16:39:34.352,1.03836,1.03881,3.15,1.35
2011.05.09 16:39:34.461,1.03839,1.03882,2.03,1.35
2011.05.09 16:39:35.000,1.03838,1.03883,2.03,3.38
2011.05.09 16:39:36.332,1.03834,1.03881,2.78,3.00
2011.05.09 16:39:36.442,1.03833,1.03877,2.78,2.63
2011.05.09 16:39:36.882,1.03833,1.03877,2.03,1.35
2011.05.09 16:39:37.103,1.03829,1.03874,2.78,2.63
2011.05.09 16:39:37.213,1.03829,1.03869,2.03,2.10
2011.05.09 16:39:38.090,1.03826,1.03869,2.78,2.10
2011.05.09 16:39:38.700,1.03828,1.03869,2.03,2.10
2011.05.09 16:39:39.251,1.03829,1.03869,2.03,2.10
2011.05.09 16:39:40.618,1.03829,1.03873,2.03,1.35
2011.05.09 16:39:40.840,1.03829,1.03874,2.40,2.78
2011.05.09 16:39:41.061,1.0383,1.03877,2.40,2.78
2011.05.09 16:39:41.455,1.03828,1.03875,4.80,2.40
2011.05.09 16:39:43.117,1.03828,1.03875,2.78,2.40
2011.05.09 16:39:44.107,1.03828,1.03875,2.78,3.15
2011.05.09 16:39:46.350,1.03834,1.03875,2.03,1.13
2011.05.09 16:39:46.571,1.03834,1.0388,2.03,1.88
2011.05.09 16:39:46.903,1.03834,1.03877,2.03,2.25
2011.05.09 16:39:47.327,1.03833,1.03868,2.03,1.35
2011.05.09 16:39:47.555,1.03827,1.03869,2.40,2.78
2011.05.09 16:39:47.675,1.03824,1.03869,3.15,2.03
2011.05.09 16:39:48.296,1.03828,1.03872,2.03,1.73
2011.05.09 16:39:48.414,1.03825,1.03869,2.03,1.73
2011.05.09 16:39:49.180,1.03824,1.03869,2.03,3.75
2011.05.09 16:39:50.842,1.03823,1.03869,2.03,2.48
2011.05.09 16:39:51.161,1.03823,1.03866,2.03,1.35
2011.05.09 16:39:51.969,1.03823,1.03866,2.78,1.35
2011.05.09 16:39:53.752,1.03829,1.03873,1.13,4.13
2011.05.09 16:39:53.861,1.03831,1.03876,2.63,4.13
2011.05.09 16:39:55.004,1.03829,1.0387,1.88,2.10
2011.05.09 16:39:55.394,1.03832,1.0387,2.03,2.10
2011.05.09 16:39:55.505,1.03831,1.03875,2.63,2.48
2011.05.09 16:39:55.621,1.03831,1.03873,2.03,1.73
2011.05.09 16:39:55.731,1.03827,1.03871,2.03,2.63
2011.05.09 16:39:56.910,1.03827,1.03871,2.63,2.03
2011.05.09 16:39:57.719,1.03831,1.03871,1.13,4.65
2011.05.09 16:39:58.066,1.03835,1.03875,2.03,2.10
2011.05.09 16:39:59.500,1.03833,1.03875,2.40,2.10
2011.05.09 16:40:00.051,1.03829,1.03872,2.03,1.35
2011.05.09 16:40:00.753,1.03826,1.03872,3.15,2.63
2011.05.09 16:40:01.046,1.03826,1.03872,1.13,2.63
2011.05.09 16:40:01.829,1.03826,1.03872,1.13,2.63
2011.05.09 16:40:02.353,1.03823,1.03865,3.53,2.10
2011.05.09 16:40:03.026,1.03822,1.03865,3.15,2.10
2011.05.09 16:40:03.609,1.03822,1.03866,3.15,1.35
2011.05.09 16:40:04.202,1.03821,1.03866,1.50,3.00
2011.05.09 16:40:04.749,1.03819,1.03863,1.50,2.03
2011.05.09 16:40:05.905,1.03819,1.03863,1.50,2.40
2011.05.09 16:40:06.021,1.03817,1.03863,4.13,3.15
2011.05.09 16:40:07.152,1.03816,1.0386,1.35,3.15
2011.05.09 16:40:09.951,1.03814,1.03859,3.53,3.38
2011.05.09 16:40:29.434,1.03817,1.0386,1.35,2.78
2011.05.09 16:40:29.762,1.03821,1.03867,1.13,2.63
2011.05.09 16:40:29.872,1.03825,1.03868,2.03,3.38
2011.05.09 16:40:29.982,1.03826,1.0387,3.00,2.03
2011.05.09 16:40:30.092,1.03827,1.03874,2.40,3.38
2011.05.09 16:40:30.203,1.03833,1.03878,2.40,2.63
2011.05.09 16:40:31.171,1.03833,1.03878,2.40,2.03
2011.05.09 16:40:31.751,1.03833,1.03878,2.40,2.78
2011.05.09 16:40:32.327,1.03831,1.03869,2.03,3.00
2011.05.09 16:40:32.443,1.03821,1.03866,2.03,3.38
2011.05.09 16:40:32.826,1.03817,1.03861,2.63,2.78
2011.05.09 16:40:34.691,1.03817,1.03861,2.78,3.38
2011.05.09 16:40:36.081,1.03817,1.0386,2.03,1.35
2011.05.09 16:40:38.383,1.03816,1.0386,2.78,1.35
2011.05.09 16:40:55.881,1.03814,1.03859,2.78,1.13
2011.05.09 16:40:56.431,1.03813,1.03857,1.13,2.03
2011.05.09 16:40:56.652,1.03815,1.03859,2.78,2.03
2011.05.09 16:40:56.981,1.03816,1.03862,1.13,2.63
2011.05.09 16:40:57.311,1.03821,1.03864,2.40,2.63
2011.05.09 16:40:57.862,1.03817,1.03862,3.00,2.03
2011.05.09 16:41:05.324,1.03818,1.03862,1.13,2.03
2011.05.09 16:41:05.870,1.03823,1.03866,2.40,2.79
2011.05.09 16:41:07.911,1.03823,1.03856,3.00,1.44
2011.05.09 16:41:08.241,1.03797,1.03842,2.03,2.63
2011.05.09 16:41:08.351,1.03796,1.03832,2.03,2.10
2011.05.09 16:41:08.898,1.03788,1.03835,2.03,4.13
2011.05.09 16:41:09.122,1.03795,1.03835,2.03,2.10
2011.05.09 16:41:09.530,1.03795,1.0384,2.03,1.35
2011.05.09 16:41:10.062,1.03794,1.03839,2.03,2.63
2011.05.09 16:41:23.721,1.03794,1.03833,2.03,1.35
2011.05.09 16:41:23.942,1.03786,1.03822,2.40,2.10
2011.05.09 16:41:24.051,1.03786,1.0383,2.40,1.35
2011.05.09 16:41:24.162,1.03788,1.03833,2.03,3.38
2011.05.09 16:41:25.200,1.03792,1.03834,2.03,1.35
2011.05.09 16:41:26.338,1.03793,1.03834,2.03,1.35
2011.05.09 16:41:26.561,1.0379,1.03836,2.03,4.67
2011.05.09 16:41:28.234,1.03789,1.03836,2.03,6.69
2011.05.09 16:41:29.472,1.03782,1.03826,3.53,2.03
2011.05.09 16:41:29.582,1.03786,1.03828,2.03,2.03
2011.05.09 16:41:29.801,1.03788,1.03831,1.13,2.63
2011.05.09 16:41:30.133,1.03799,1.03831,1.13,2.03
2011.05.09 16:41:30.350,1.03801,1.03833,2.03,2.03
2011.05.09 16:41:30.462,1.03799,1.03845,5.18,2.63
2011.05.09 16:41:31.931,1.03801,1.03846,2.03,2.10
2011.05.09 16:41:32.721,1.03804,1.03846,2.03,1.35
2011.05.09 16:41:33.050,1.03804,1.03846,2.78,3.54
2011.05.09 16:41:33.192,1.03804,1.03846,2.78,3.54
2011.05.09 16:41:38.624,1.03804,1.03844,2.03,1.35
2011.05.09 16:41:38.840,1.03802,1.03844,2.03,1.73
2011.05.09 16:41:39.821,1.03801,1.03844,4.05,2.48
2011.05.09 16:41:40.043,1.03798,1.03843,2.03,3.75
2011.05.09 16:41:40.370,1.038,1.03845,2.03,2.63
2011.05.09 16:41:40.702,1.03803,1.03846,2.03,1.73
2011.05.09 16:41:42.191,1.03801,1.03847,4.05,3.00
2011.05.09 16:41:46.070,1.03803,1.03847,2.03,3.00
2011.05.09 16:41:53.031,1.038,1.03843,2.03,1.73
2011.05.09 16:41:53.141,1.038,1.03843,2.03,1.73
2011.05.09 16:41:53.361,1.0379,1.03832,2.03,1.13
2011.05.09 16:41:53.471,1.0379,1.03833,2.03,2.85
2011.05.09 16:41:53.583,1.03793,1.03836,2.03,2.40
2011.05.09 16:41:53.692,1.03795,1.0384,2.03,1.50
2011.05.09 16:41:53.801,1.03798,1.03841,2.03,1.88
2011.05.09 16:41:54.132,1.03796,1.03839,2.03,1.13
2011.05.09 16:41:55.312,1.03795,1.03839,2.03,1.13
2011.05.09 16:41:55.533,1.03795,1.0384,2.03,3.15
2011.05.09 16:41:55.642,1.03797,1.0384,2.40,2.03
2011.05.09 16:41:55.752,1.03798,1.03845,2.03,3.75
2011.05.09 16:41:55.861,1.03798,1.03845,2.03,3.00
2011.05.09 16:41:55.972,1.038,1.03845,2.03,3.00
2011.05.09 16:41:56.543,1.03803,1.03847,2.03,3.00
2011.05.09 16:41:57.780,1.03803,1.03845,2.03,1.73
2011.05.09 16:41:58.441,1.03802,1.03845,2.03,1.73
2011.05.09 16:41:58.991,1.03802,1.03843,2.03,1.13
2011.05.09 16:41:59.210,1.03796,1.0384,2.03,1.13
2011.05.09 16:42:00.542,1.038,1.03841,2.03,1.13
2011.05.09 16:42:00.652,1.03796,1.03841,2.03,2.40
2011.05.09 16:42:01.201,1.03795,1.0384,3.00,2.03
2011.05.09 16:42:01.530,1.03795,1.03842,3.00,2.78
2011.05.09 16:42:05.023,1.03796,1.03842,1.73,2.78
2011.05.09 16:42:08.000,1.03796,1.03842,1.73,2.78
2011.05.09 16:42:08.632,1.03796,1.03842,1.73,2.78
2011.05.09 16:42:11.357,1.03796,1.03842,1.73,2.78
2011.05.09 16:42:12.022,1.03796,1.0384,1.73,2.03
2011.05.09 16:42:15.660,1.03796,1.03841,3.75,2.78
2011.05.09 16:42:20.603,1.03797,1.03841,1.35,2.78
2011.05.09 16:42:21.182,1.03797,1.0384,1.35,2.03
2011.05.09 16:42:21.511,1.03797,1.03835,1.35,2.03
2011.05.09 16:42:21.621,1.03797,1.03837,1.35,2.03
2011.05.09 16:42:22.370,1.03797,1.03835,1.35,2.03
2011.05.09 16:42:22.591,1.03797,1.03841,1.73,3.53
2011.05.09 16:42:22.812,1.03797,1.03835,1.35,2.03
2011.05.09 16:42:22.920,1.03795,1.03835,1.35,2.03
2011.05.09 16:42:23.512,1.03788,1.03833,4.13,2.03
2011.05.09 16:42:23.951,1.03787,1.0383,1.35,2.03
2011.05.09 16:42:25.482,1.03788,1.03832,2.63,2.03
2011.05.09 16:42:26.058,1.03789,1.03834,2.63,2.78
2011.05.09 16:42:26.546,1.03789,1.03834,2.03,2.78
2011.05.09 16:42:26.660,1.03789,1.03833,2.03,1.13
2011.05.09 16:42:26.770,1.03787,1.03827,2.63,2.40
2011.05.09 16:42:26.992,1.03786,1.03823,2.63,2.10
2011.05.09 16:42:27.101,1.03786,1.0383,2.63,1.13
2011.05.09 16:42:29.093,1.03787,1.0383,1.35,1.88
2011.05.09 16:42:35.660,1.03787,1.03827,1.35,2.03
2011.05.09 16:42:35.992,1.03799,1.03841,1.73,2.03
2011.05.09 16:42:36.100,1.038,1.03844,3.00,2.03
2011.05.09 16:42:36.212,1.03802,1.03846,2.10,1.44
2011.05.09 16:42:37.061,1.03802,1.03847,2.85,2.03
2011.05.09 16:42:37.502,1.03805,1.0385,2.63,2.40
2011.05.09 16:42:38.050,1.03805,1.03851,1.35,2.03
2011.05.09 16:42:38.711,1.03806,1.03851,2.10,2.40
2011.05.09 16:42:39.260,1.03806,1.03848,2.85,2.03
2011.05.09 16:42:39.373,1.03806,1.03852,2.85,2.03
2011.05.09 16:42:39.851,1.03807,1.03848,1.35,2.03
2011.05.09 16:42:40.181,1.03806,1.03844,2.10,3.15
2011.05.09 16:42:40.291,1.03799,1.03839,2.63,1.13
2011.05.09 16:42:45.681,1.03796,1.03839,1.35,3.90
2011.05.09 16:42:46.745,1.03797,1.03843,3.38,1.50
2011.05.09 16:42:48.112,1.038,1.03843,1.35,1.50
2011.05.09 16:42:49.103,1.03797,1.03843,2.63,1.50
2011.05.09 16:42:50.094,1.038,1.03843,1.35,1.50
2011.05.09 16:42:50.412,1.03802,1.03842,1.35,1.35
2011.05.09 16:42:50.522,1.03798,1.03845,2.63,4.65
2011.05.09 16:42:50.744,1.03803,1.03848,2.10,3.75
2011.05.09 16:42:51.072,1.03808,1.03851,2.10,2.25
2011.05.09 16:42:51.183,1.03808,1.03852,2.10,6.15
2011.05.09 16:42:52.001,1.03814,1.03858,2.63,1.73
2011.05.09 16:42:52.112,1.03814,1.03858,2.63,1.13
2011.05.09 16:42:57.042,1.03815,1.0386,2.63,2.78
2011.05.09 16:42:57.263,1.03811,1.03858,3.38,2.40
2011.05.09 16:42:57.485,1.03818,1.03859,2.10,2.03
2011.05.09 16:42:57.713,1.03814,1.03855,2.63,2.03
2011.05.09 16:42:58.042,1.03808,1.03853,3.00,2.03
2011.05.09 16:42:58.152,1.03811,1.03856,1.35,2.03
2011.05.09 16:42:58.480,1.03813,1.03859,4.65,2.78
2011.05.09 16:42:58.921,1.03813,1.03859,2.63,3.75
2011.05.09 16:42:59.494,1.03807,1.03849,1.35,2.03
2011.05.09 16:42:59.711,1.03808,1.03853,2.63,2.03
2011.05.09 16:43:00.313,1.03814,1.03853,2.10,2.03
2011.05.09 16:43:00.641,1.03814,1.03857,2.10,2.03
2011.05.09 16:43:00.971,1.03813,1.03857,2.10,2.40
2011.05.09 16:43:01.301,1.03813,1.03853,2.10,2.03
2011.05.09 16:43:01.411,1.0381,1.03853,1.35,3.00
2011.05.09 16:43:01.741,1.03806,1.03847,2.85,2.03
2011.05.09 16:43:02.891,1.03806,1.0385,2.85,2.40
2011.05.09 16:43:04.084,1.03806,1.0385,2.85,1.88
2011.05.09 16:43:05.150,1.03805,1.0385,2.63,1.88
2011.05.09 16:43:05.261,1.03804,1.03847,2.63,2.40
2011.05.09 16:43:08.151,1.03801,1.03845,1.35,1.13
2011.05.09 16:43:10.880,1.03801,1.03844,1.35,1.88
2011.05.09 16:43:12.171,1.03797,1.03841,3.38,1.13
2011.05.09 16:43:13.640,1.03797,1.03838,3.38,1.13
2011.05.09 16:43:13.970,1.03796,1.03839,2.10,2.78
2011.05.09 16:43:14.455,1.03796,1.03838,2.63,1.13
2011.05.09 16:43:16.093,1.03798,1.03837,2.63,1.13
2011.05.09 16:43:16.313,1.03797,1.03837,3.00,1.44
2011.05.09 16:43:16.422,1.03797,1.03841,3.00,2.78
2011.05.09 16:43:16.532,1.03797,1.03838,5.10,1.50
2011.05.09 16:43:16.861,1.03792,1.03836,2.10,2.03
2011.05.09 16:43:16.971,1.03798,1.03836,2.10,2.03
2011.05.09 16:43:17.853,1.03798,1.03839,2.10,1.13
2011.05.09 16:43:18.981,1.03798,1.03841,2.10,1.35
2011.05.09 16:43:19.203,1.03798,1.0384,2.10,3.00
2011.05.09 16:43:19.313,1.03796,1.03837,2.63,1.73
2011.05.09 16:43:20.610,1.03799,1.03839,2.10,1.13
2011.05.09 16:43:20.721,1.03799,1.0384,2.10,1.35
2011.05.09 16:43:23.091,1.03802,1.0384,1.35,1.35
2011.05.09 16:43:24.303,1.03802,1.03841,1.35,3.32
2011.05.09 16:43:24.752,1.03799,1.03844,2.78,1.13
2011.05.09 16:43:24.972,1.03797,1.03841,2.03,3.15
2011.05.09 16:43:26.271,1.03798,1.03841,1.13,2.03
2011.05.09 16:43:26.381,1.03805,1.03843,2.03,2.85
2011.05.09 16:43:26.601,1.03802,1.03843,2.03,2.85
2011.05.09 16:43:27.041,1.038,1.03843,2.03,3.60
2011.05.09 16:43:27.150,1.038,1.03842,2.03,1.50
2011.05.09 16:43:27.947,1.03797,1.03841,2.78,2.25
2011.05.09 16:43:28.589,1.03798,1.03843,2.03,5.63
2011.05.09 16:43:28.921,1.03802,1.03843,1.35,4.88
2011.05.09 16:43:29.141,1.03802,1.03845,1.73,2.03
2011.05.09 16:43:29.361,1.03802,1.03848,3.00,1.50
2011.05.09 16:43:29.581,1.03804,1.03851,3.00,2.78
2011.05.09 16:43:29.691,1.03804,1.0385,2.63,1.13
2011.05.09 16:43:30.234,1.038,1.03847,2.63,3.15
2011.05.09 16:43:30.563,1.03801,1.03843,2.03,1.13
2011.05.09 16:43:30.671,1.03797,1.03842,1.35,4.50
2011.05.09 16:43:33.112,1.03796,1.03842,1.35,5.25
2011.05.09 16:43:35.942,1.03793,1.0384,3.38,2.03
2011.05.09 16:43:36.161,1.03797,1.03843,2.63,1.88
2011.05.09 16:43:36.831,1.03799,1.03842,2.10,2.03
2011.05.09 16:43:37.982,1.03799,1.03841,2.10,2.03
2011.05.09 16:43:38.203,1.03797,1.0384,2.63,1.13
2011.05.09 16:43:39.074,1.03794,1.03838,2.63,3.00
2011.05.09 16:43:39.404,1.03794,1.03837,4.13,1.13
2011.05.09 16:43:40.272,1.03794,1.03837,2.10,1.88
2011.05.09 16:43:40.602,1.03794,1.03832,2.10,3.60
2011.05.09 16:43:40.862,1.03789,1.03832,2.63,4.20
2011.05.09 16:43:41.633,1.03792,1.03832,2.10,3.60
2011.05.09 16:43:41.962,1.03792,1.03832,2.10,2.10
2011.05.09 16:43:42.071,1.03792,1.03834,2.10,2.03
2011.05.09 16:43:42.181,1.03792,1.03837,4.13,3.38
2011.05.09 16:43:43.123,1.03792,1.03836,4.13,1.35
2011.05.09 16:43:44.480,1.03792,1.03837,2.63,2.78
2011.05.09 16:43:45.174,1.03792,1.03837,3.75,2.03
2011.05.09 16:43:45.720,1.03798,1.03842,2.03,2.48
2011.05.09 16:43:45.832,1.038,1.03842,2.03,2.48
2011.05.09 16:43:46.051,1.03798,1.03842,2.78,2.48
2011.05.09 16:43:46.161,1.03798,1.03842,2.78,1.35
2011.05.09 16:43:46.271,1.03799,1.03843,1.35,2.85
2011.05.09 16:43:46.381,1.03799,1.03845,1.35,2.03
2011.05.09 16:43:46.712,1.03802,1.03847,2.63,3.47
2011.05.09 16:43:46.822,1.03802,1.03847,2.63,3.84
2011.05.09 16:43:47.151,1.038,1.03846,3.38,1.44
2011.05.09 16:43:48.399,1.03804,1.03848,2.03,1.50
2011.05.09 16:43:49.269,1.03804,1.03848,2.03,1.50
2011.05.09 16:43:49.823,1.03804,1.03844,2.03,2.40
2011.05.09 16:43:50.151,1.03796,1.03841,3.38,2.03
2011.05.09 16:43:52.220,1.03797,1.03841,1.35,2.78
2011.05.09 16:43:53.071,1.03796,1.03841,3.38,2.78
2011.05.09 16:43:53.932,1.03794,1.03832,2.63,2.10
2011.05.09 16:43:57.063,1.03788,1.03832,4.13,3.23
2011.05.09 16:44:07.951,1.03789,1.03832,3.00,2.10
2011.05.09 16:44:08.472,1.03792,1.03836,2.63,1.50
2011.05.09 16:44:08.940,1.03792,1.03837,3.75,2.94
2011.05.09 16:44:09.492,1.03793,1.03836,2.63,1.13
2011.05.09 16:44:09.822,1.03793,1.03836,3.38,2.19
2011.05.09 16:44:10.041,1.03797,1.03837,2.10,1.44
2011.05.09 16:44:11.816,1.03797,1.03837,2.10,1.44
2011.05.09 16:44:12.200,1.03797,1.03837,2.10,2.19
2011.05.09 16:44:13.599,1.03795,1.03837,2.03,2.79
2011.05.09 16:44:13.823,1.03798,1.03837,2.03,2.04
2011.05.09 16:44:14.043,1.03794,1.03837,2.03,1.73
2011.05.09 16:44:14.263,1.03791,1.03834,2.63,2.40
2011.05.09 16:44:14.682,1.03793,1.03836,2.03,1.13
2011.05.09 16:44:14.796,1.03793,1.03837,2.03,1.35
2011.05.09 16:44:15.022,1.03793,1.0384,2.63,2.03
2011.05.09 16:44:15.464,1.03803,1.03842,2.10,3.54
2011.05.09 16:44:15.683,1.03803,1.03846,2.10,1.13
2011.05.09 16:44:16.231,1.03803,1.03846,2.10,1.13
2011.05.09 16:44:18.351,1.03804,1.03849,2.63,3.53
2011.05.09 16:44:18.681,1.03804,1.03846,2.63,1.13
2011.05.09 16:44:18.861,1.03804,1.03846,2.63,1.13
2011.05.09 16:44:20.941,1.03804,1.03848,2.63,1.88
2011.05.09 16:44:21.051,1.03804,1.03846,2.63,1.13
2011.05.09 16:44:21.381,1.03808,1.03846,2.03,1.13
2011.05.09 16:44:21.930,1.03807,1.03846,2.03,1.13
2011.05.09 16:44:23.301,1.03808,1.03846,2.03,1.13
2011.05.09 16:44:24.023,1.03807,1.03846,2.03,1.13
2011.05.09 16:44:24.131,1.03807,1.03849,2.03,1.50
2011.05.09 16:44:24.352,1.03809,1.0385,2.03,2.48
2011.05.09 16:44:26.420,1.03809,1.03852,2.03,3.17
2011.05.09 16:44:27.472,1.03809,1.03851,2.78,1.35
2011.05.09 16:44:27.911,1.03808,1.0385,2.10,1.35
2011.05.09 16:44:28.131,1.03804,1.0385,2.63,1.35
2011.05.09 16:44:28.350,1.03808,1.0385,2.03,1.35
2011.05.09 16:44:28.900,1.03807,1.0385,2.03,1.35
2011.05.09 16:44:29.230,1.03807,1.0385,2.03,1.35
2011.05.09 16:44:29.671,1.03804,1.03849,2.63,2.78
2011.05.09 16:44:32.173,1.03802,1.03847,2.63,2.78
2011.05.09 16:44:32.392,1.03805,1.0385,2.03,4.50
2011.05.09 16:44:32.722,1.03806,1.03849,2.10,2.78
2011.05.09 16:44:34.042,1.03805,1.03849,1.35,2.78
2011.05.09 16:44:34.619,1.03806,1.03849,1.50,2.78
2011.05.09 16:44:35.865,1.03807,1.03852,2.78,2.03
2011.05.09 16:44:36.402,1.03807,1.03853,2.78,1.35
2011.05.09 16:44:37.000,1.03807,1.03852,2.78,2.03
2011.05.09 16:44:38.100,1.03807,1.03852,2.78,2.03
2011.05.09 16:44:38.920,1.03807,1.03854,2.78,3.38
2011.05.09 16:44:39.321,1.03811,1.03854,1.35,2.78
2011.05.09 16:44:39.911,1.03808,1.03855,2.63,2.03
2011.05.09 16:44:40.469,1.03807,1.03854,3.38,2.03
2011.05.09 16:44:41.731,1.03812,1.03856,1.35,1.13
2011.05.09 16:44:42.264,1.03812,1.03854,1.35,2.03
2011.05.09 16:44:42.811,1.03812,1.03853,1.35,2.78
2011.05.09 16:44:48.695,1.03815,1.03859,2.03,1.35
2011.05.09 16:44:50.822,1.03813,1.03859,2.63,1.35
2011.05.09 16:44:50.931,1.03811,1.03855,1.73,2.03
2011.05.09 16:44:51.041,1.03811,1.03858,3.75,2.03
2011.05.09 16:44:51.152,1.03811,1.03858,2.03,3.75
2011.05.09 16:44:51.261,1.03807,1.03854,5.63,2.03
2011.05.09 16:44:51.847,1.03809,1.03854,2.78,2.03
2011.05.09 16:44:52.362,1.03809,1.03854,2.78,2.03
2011.05.09 16:44:54.191,1.03811,1.03854,1.73,2.03
2011.05.09 16:44:54.301,1.03814,1.03859,2.63,3.53
2011.05.09 16:44:54.410,1.03814,1.03859,2.63,3.53
2011.05.09 16:44:55.314,1.03815,1.03861,3.00,1.44
2011.05.09 16:44:56.092,1.03815,1.03861,3.75,1.44
2011.05.09 16:44:57.100,1.03815,1.03861,3.75,2.19
2011.05.09 16:45:01.060,1.03815,1.03862,3.75,4.82
2011.05.09 16:45:01.391,1.03815,1.0386,3.75,2.03
2011.05.09 16:45:02.751,1.03815,1.03858,1.73,2.03
2011.05.09 16:45:03.276,1.03815,1.03859,1.73,2.03
2011.05.09 16:45:07.163,1.03821,1.03859,1.35,2.03
2011.05.09 16:45:07.381,1.03821,1.03861,1.35,2.03
2011.05.09 16:45:07.491,1.03821,1.03863,1.35,4.13
2011.05.09 16:45:07.603,1.03819,1.03863,1.50,2.70
2011.05.09 16:45:08.432,1.03817,1.03862,2.03,3.08
2011.05.09 16:45:08.541,1.03815,1.03862,4.65,5.10
2011.05.09 16:45:08.870,1.03815,1.0386,2.63,3.15
2011.05.09 16:45:09.201,1.03811,1.03856,2.03,1.13
2011.05.09 16:45:09.420,1.03809,1.03855,2.78,2.78
2011.05.09 16:45:10.121,1.03809,1.03855,1.50,2.78
2011.05.09 16:45:11.130,1.03809,1.03855,1.50,3.53
2011.05.09 16:45:16.371,1.03809,1.03853,1.50,1.35
2011.05.09 16:45:17.963,1.03806,1.0385,1.35,2.03
2011.05.09 16:45:18.182,1.03803,1.0385,2.78,3.75
2011.05.09 16:45:18.513,1.03802,1.03842,2.03,2.10
2011.05.09 16:45:19.067,1.03801,1.03842,2.78,2.10
2011.05.09 16:45:20.071,1.03801,1.03842,2.78,2.10
2011.05.09 16:45:20.571,1.03801,1.03846,2.78,1.73
2011.05.09 16:45:22.132,1.03801,1.03845,2.78,1.73
2011.05.09 16:45:23.281,1.03803,1.03845,2.03,1.73
2011.05.09 16:45:23.776,1.03805,1.03845,2.03,1.35
2011.05.09 16:45:24.321,1.03804,1.03851,4.88,2.40
2011.05.09 16:45:24.874,1.03812,1.03858,3.38,1.35
2011.05.09 16:45:25.380,1.03814,1.03858,2.03,1.35
2011.05.09 16:45:27.109,1.03814,1.03858,2.78,1.35
2011.05.09 16:45:37.470,1.03814,1.03858,2.78,2.10
2011.05.09 16:45:38.497,1.03814,1.03858,2.78,1.35
2011.05.09 16:45:39.076,1.03814,1.03858,2.78,2.10
2011.05.09 16:45:42.361,1.03814,1.03858,2.78,1.35
2011.05.09 16:45:42.912,1.03811,1.03854,2.40,2.63
2011.05.09 16:45:43.023,1.03809,1.03854,2.78,3.00
2011.05.09 16:45:43.133,1.03807,1.03852,4.80,5.10
2011.05.09 16:45:43.732,1.03807,1.03854,3.53,2.63
2011.05.09 16:45:44.561,1.03809,1.03855,2.03,1.73
2011.05.09 16:45:45.110,1.03809,1.03854,2.78,3.38
2011.05.09 16:45:56.281,1.03807,1.03851,2.03,1.73
2011.05.09 16:45:56.502,1.03808,1.03853,2.03,5.48
2011.05.09 16:45:57.005,1.03807,1.03852,2.03,2.63
2011.05.09 16:45:59.040,1.03807,1.03852,2.78,2.63
2011.05.09 16:46:00.632,1.03806,1.03851,1.13,2.63
2011.05.09 16:46:00.743,1.03804,1.03851,3.53,3.00
2011.05.09 16:46:01.072,1.03809,1.0385,2.03,1.35
2011.05.09 16:46:01.291,1.03806,1.0385,2.03,3.38
2011.05.09 16:46:03.122,1.03806,1.03845,2.03,1.35
2011.05.09 16:46:03.691,1.03806,1.03849,2.63,1.35
2011.05.09 16:46:07.880,1.03815,1.03851,2.10,2.57
2011.05.09 16:46:07.991,1.03815,1.03851,2.10,1.44
2011.05.09 16:46:08.101,1.03815,1.03859,4.13,1.35
2011.05.09 16:46:11.233,1.03815,1.03856,4.13,1.13
2011.05.09 16:46:13.662,1.03815,1.03859,4.13,2.10
2011.05.09 16:46:14.852,1.03819,1.03861,2.63,1.29
2011.05.09 16:46:16.181,1.03819,1.03861,2.03,2.04
2011.05.09 16:46:16.293,1.03817,1.0386,1.13,3.38
2011.05.09 16:46:17.511,1.03818,1.03861,2.03,1.29
2011.05.09 16:46:18.314,1.03817,1.03862,3.15,2.04
2011.05.09 16:46:19.451,1.03816,1.03858,3.53,2.03
2011.05.09 16:46:20.332,1.03813,1.03858,2.78,2.78
2011.05.09 16:46:20.663,1.03817,1.03856,1.35,2.03
2011.05.09 16:46:22.413,1.03817,1.03854,1.35,2.03
2011.05.09 16:46:23.165,1.03819,1.03858,1.35,2.63
2011.05.09 16:46:24.703,1.03812,1.03859,3.38,3.38
2011.05.09 16:46:24.925,1.03812,1.03857,3.38,3.00
2011.05.09 16:46:27.214,1.03812,1.03856,1.35,3.15
2011.05.09 16:46:35.021,1.03812,1.03856,1.35,1.88
2011.05.09 16:46:35.713,1.03812,1.03855,1.35,2.03
2011.05.09 16:46:35.822,1.03814,1.03859,2.03,2.63
2011.05.09 16:46:36.152,1.03818,1.03863,3.38,2.40
2011.05.09 16:46:36.262,1.03818,1.03861,2.63,1.13
2011.05.09 16:46:36.482,1.0382,1.03863,2.03,4.13
2011.05.09 16:46:36.702,1.0382,1.0386,2.03,2.63
2011.05.09 16:46:36.922,1.03812,1.03858,1.50,2.63
2011.05.09 16:46:37.033,1.03818,1.03863,2.03,5.10
2011.05.09 16:46:37.362,1.03818,1.03856,2.03,2.10
2011.05.09 16:46:37.582,1.03818,1.03862,2.03,2.04
2011.05.09 16:46:38.455,1.03817,1.03862,2.03,2.04
2011.05.09 16:46:38.673,1.03815,1.03858,2.78,1.73
2011.05.09 16:46:38.783,1.03817,1.03857,2.03,1.73
2011.05.09 16:46:38.893,1.03813,1.03857,2.63,2.48
2011.05.09 16:46:39.002,1.03811,1.03856,2.03,2.10
2011.05.09 16:46:42.183,1.03811,1.03853,3.53,1.35
2011.05.09 16:46:55.786,1.03811,1.03849,2.63,1.35
2011.05.09 16:46:56.011,1.03811,1.03855,2.63,4.13
2011.05.09 16:46:56.122,1.03811,1.03855,2.63,4.13
2011.05.09 16:46:58.088,1.03812,1.03855,3.38,1.35
2011.05.09 16:47:03.355,1.03815,1.03856,2.03,1.50
2011.05.09 16:47:03.472,1.03813,1.03858,2.63,1.50
2011.05.09 16:47:03.581,1.03813,1.0386,2.63,3.75
2011.05.09 16:47:03.691,1.03813,1.03859,2.63,1.88
2011.05.09 16:47:04.021,1.03814,1.03856,2.03,1.73
2011.05.09 16:47:05.018,1.03813,1.03856,2.03,1.73
2011.05.09 16:47:06.821,1.03817,1.03858,2.03,2.10
2011.05.09 16:47:07.683,1.03817,1.03854,2.03,1.35
2011.05.09 16:47:07.901,1.03813,1.03854,4.05,1.35
2011.05.09 16:47:08.011,1.03816,1.03854,2.03,1.35
2011.05.09 16:47:08.121,1.03813,1.03854,2.03,1.35
2011.05.09 16:47:08.340,1.03816,1.03854,2.03,1.35
2011.05.09 16:47:08.451,1.03814,1.03854,2.03,1.35
2011.05.09 16:47:09.352,1.0381,1.03856,2.03,1.88
2011.05.09 16:47:09.463,1.03812,1.03853,2.03,1.13
2011.05.09 16:47:09.901,1.03811,1.03856,2.03,2.78
2011.05.09 16:47:10.121,1.03811,1.03856,2.03,2.03
2011.05.09 16:47:10.702,1.03811,1.03856,2.03,2.78
2011.05.09 16:47:11.871,1.03811,1.03856,3.15,2.03
2011.05.09 16:47:12.201,1.03813,1.03858,2.03,3.38
2011.05.09 16:47:13.232,1.03816,1.03859,2.03,1.35
2011.05.09 16:47:13.672,1.03818,1.03859,2.03,1.35
2011.05.09 16:47:14.222,1.03817,1.03859,2.03,1.35
2011.05.09 16:47:16.681,1.03817,1.03859,2.03,1.73
2011.05.09 16:47:16.791,1.03813,1.03857,2.03,2.40
2011.05.09 16:47:18.080,1.03811,1.03856,2.78,1.13
2011.05.09 16:47:19.132,1.03811,1.03856,2.78,1.88
2011.05.09 16:47:24.163,1.03813,1.03856,2.03,1.13
2011.05.09 16:47:24.710,1.0381,1.03856,2.78,1.13
2011.05.09 16:47:26.513,1.03809,1.03851,4.13,2.03
2011.05.09 16:47:26.621,1.03811,1.03855,2.78,1.50
2011.05.09 16:47:26.844,1.03813,1.03859,2.03,2.48
2011.05.09 16:47:26.952,1.03813,1.03859,2.03,1.35
2011.05.09 16:47:27.171,1.03813,1.03857,2.03,1.73
2011.05.09 16:47:27.831,1.03812,1.03851,2.03,1.35
2011.05.09 16:47:27.941,1.03805,1.03851,2.40,1.35
2011.05.09 16:47:29.174,1.03805,1.03849,2.78,1.35
2011.05.09 16:47:30.152,1.03805,1.03849,2.78,1.35
2011.05.09 16:47:34.222,1.03804,1.03844,2.03,1.73
2011.05.09 16:47:34.443,1.03797,1.0384,2.63,1.35
2011.05.09 16:47:34.770,1.03796,1.0384,2.78,2.85
2011.05.09 16:47:37.371,1.03794,1.0384,3.38,2.10
2011.05.09 16:47:37.593,1.03802,1.03843,1.35,1.73
2011.05.09 16:47:37.701,1.03805,1.03847,2.03,2.48
2011.05.09 16:47:37.812,1.03805,1.03848,2.63,1.35
2011.05.09 16:47:37.921,1.03809,1.03848,2.03,1.35
2011.05.09 16:47:38.693,1.03809,1.0385,2.03,1.35
2011.05.09 16:47:39.702,1.03809,1.03848,2.03,1.13
2011.05.09 16:47:39.815,1.03798,1.03841,2.03,1.13
2011.05.09 16:47:40.483,1.03795,1.0384,2.78,2.40
2011.05.09 16:47:42.121,1.03795,1.0384,2.78,3.15
2011.05.09 16:47:42.662,1.03795,1.0384,2.78,3.15
2011.05.09 16:47:42.881,1.03795,1.0384,2.03,2.40
2011.05.09 16:47:42.991,1.03795,1.03838,2.03,1.73
2011.05.09 16:47:43.102,1.03793,1.03837,2.03,1.73
2011.05.09 16:47:43.743,1.0379,1.03834,1.35,1.35
2011.05.09 16:47:44.538,1.03789,1.03833,2.63,1.35
2011.05.09 16:47:45.078,1.0379,1.03834,1.35,1.35
2011.05.09 16:47:45.651,1.03789,1.03835,2.63,3.75
2011.05.09 16:47:45.764,1.03787,1.0383,2.10,2.40
2011.05.09 16:47:47.058,1.03787,1.03829,1.35,1.13
2011.05.09 16:47:49.082,1.03787,1.03829,1.35,1.13
2011.05.09 16:47:49.901,1.0379,1.0383,1.35,2.40
2011.05.09 16:47:50.120,1.0379,1.03833,1.35,2.63
2011.05.09 16:47:53.348,1.03789,1.03833,2.63,3.38
2011.05.09 16:47:53.460,1.03789,1.03833,2.63,3.75
2011.05.09 16:47:54.362,1.03787,1.03829,1.35,2.03
2011.05.09 16:47:56.192,1.03784,1.03829,2.78,3.38
2011.05.09 16:47:56.542,1.03784,1.03828,2.78,1.35
2011.05.09 16:48:00.390,1.03784,1.03829,2.78,2.63
2011.05.09 16:48:00.611,1.0379,1.03834,1.35,3.38
2011.05.09 16:48:08.082,1.03792,1.03836,2.40,2.04
2011.05.09 16:48:08.193,1.03796,1.03841,2.40,1.50
2011.05.09 16:48:08.301,1.03796,1.03843,3.15,3.38
2011.05.09 16:48:08.851,1.03793,1.03838,3.38,2.03
2011.05.09 16:48:09.581,1.03797,1.03841,2.03,1.13
2011.05.09 16:48:10.082,1.03797,1.0384,2.03,1.50
2011.05.09 16:48:10.599,1.03797,1.03841,2.03,1.13
2011.05.09 16:48:10.711,1.03797,1.03843,2.03,2.70
2011.05.09 16:48:10.822,1.03797,1.03841,2.03,2.25
2011.05.09 16:48:11.151,1.03792,1.03837,1.35,2.63
2011.05.09 16:48:12.983,1.03791,1.03834,1.35,2.63
2011.05.09 16:48:14.820,1.03794,1.03833,2.03,1.35
2011.05.09 16:48:15.223,1.03795,1.03839,1.13,2.63
2011.05.09 16:48:18.102,1.03794,1.03834,2.78,1.35
2011.05.09 16:48:18.500,1.03794,1.03833,2.03,1.35
2011.05.09 16:48:18.612,1.03792,1.03833,1.35,1.35
2011.05.09 16:48:18.943,1.0379,1.03834,2.03,2.48
2011.05.09 16:48:19.053,1.03787,1.03832,2.03,3.08
2011.05.09 16:48:19.602,1.03786,1.03833,2.03,3.38
2011.05.09 16:48:20.104,1.03789,1.03835,2.03,3.23
2011.05.09 16:48:20.652,1.0379,1.03835,2.03,3.23
2011.05.09 16:48:22.601,1.03788,1.03829,2.03,1.35
2011.05.09 16:48:28.094,1.03789,1.03835,1.35,2.63
2011.05.09 16:48:28.201,1.03788,1.03834,2.78,2.48
2011.05.09 16:48:28.531,1.03784,1.03831,2.03,3.00
2011.05.09 16:48:28.640,1.03782,1.03827,2.03,3.00
2011.05.09 16:48:28.750,1.0378,1.03827,2.03,3.00
2011.05.09 16:48:29.271,1.0378,1.03827,2.78,3.00
2011.05.09 16:48:30.151,1.03782,1.03826,2.03,2.63
2011.05.09 16:48:30.261,1.03784,1.03829,2.03,3.00
2011.05.09 16:48:30.982,1.03784,1.03825,2.03,1.73
2011.05.09 16:48:31.092,1.03782,1.03825,2.03,3.75
2011.05.09 16:48:31.201,1.03778,1.03823,2.03,3.00
2011.05.09 16:48:31.772,1.03775,1.03822,3.53,3.00
2011.05.09 16:48:33.073,1.03778,1.03823,2.03,1.73
2011.05.09 16:48:35.901,1.03776,1.03821,3.53,2.63
2011.05.09 16:48:37.202,1.03779,1.03824,2.03,3.75
2011.05.09 16:48:38.035,1.03778,1.03823,2.03,3.00
2011.05.09 16:48:39.566,1.03779,1.03824,2.03,3.75
2011.05.09 16:48:46.101,1.03776,1.03823,2.78,3.00
2011.05.09 16:48:47.932,1.03776,1.03823,3.53,3.00
2011.05.09 16:48:49.183,1.03776,1.03821,2.78,4.13
2011.05.09 16:48:49.514,1.03783,1.03826,2.03,2.04
2011.05.09 16:48:49.623,1.03788,1.03826,2.03,3.17
2011.05.09 16:48:49.732,1.03786,1.03826,4.05,1.73
2011.05.09 16:48:50.174,1.03786,1.03829,2.78,2.03
2011.05.09 16:48:50.283,1.03788,1.03834,2.03,3.75
2011.05.09 16:48:50.765,1.03788,1.03834,2.63,2.63
2011.05.09 16:48:53.313,1.03787,1.03832,2.78,2.03
2011.05.09 16:48:53.422,1.03787,1.03834,2.78,5.40
2011.05.09 16:48:53.532,1.03786,1.03831,2.78,2.40
2011.05.09 16:48:54.118,1.03784,1.03831,2.78,3.00
2011.05.09 16:48:54.230,1.03784,1.03831,2.03,3.00
2011.05.09 16:48:54.341,1.03784,1.03831,2.78,3.00
2011.05.09 16:48:55.761,1.03788,1.03833,2.03,3.38
2011.05.09 16:48:55.981,1.0379,1.03833,2.03,1.35
2011.05.09 16:48:56.945,1.03789,1.03834,2.78,2.10
2011.05.09 16:48:58.222,1.0379,1.03833,1.13,2.63
2011.05.09 16:48:59.703,1.0379,1.03834,2.78,1.35
2011.05.09 16:49:00.430,1.03788,1.03832,1.35,2.03
2011.05.09 16:49:01.133,1.03786,1.03832,1.35,2.03
2011.05.09 16:49:01.242,1.03786,1.03831,1.35,1.13
2011.05.09 16:49:01.571,1.03786,1.03828,1.35,2.63
2011.05.09 16:49:03.541,1.03783,1.03827,2.03,1.35
2011.05.09 16:49:03.761,1.0378,1.03826,2.03,2.63
2011.05.09 16:49:03.872,1.0378,1.03826,2.03,3.75
2011.05.09 16:49:04.424,1.0378,1.03825,2.03,2.63
2011.05.09 16:49:04.643,1.03784,1.03826,2.03,2.63
2011.05.09 16:49:04.972,1.03786,1.03824,2.03,1.73
2011.05.09 16:49:05.084,1.03781,1.03824,2.03,1.73
2011.05.09 16:49:05.193,1.03779,1.03823,2.03,2.63
2011.05.09 16:49:05.742,1.03775,1.0382,2.78,2.03
2011.05.09 16:49:06.277,1.03777,1.03824,3.15,2.63
2011.05.09 16:49:06.397,1.03778,1.03825,3.53,2.03
2011.05.09 16:49:06.922,1.03778,1.03825,3.53,2.03
2011.05.09 16:49:07.032,1.0378,1.03827,2.03,2.03
2011.05.09 16:49:08.064,1.0378,1.03827,2.78,2.03
2011.05.09 16:49:10.036,1.0378,1.03827,2.03,2.03
2011.05.09 16:49:10.621,1.0378,1.03827,2.03,2.40
2011.05.09 16:49:10.951,1.03777,1.03824,3.53,2.40
2011.05.09 16:49:13.117,1.03779,1.03823,2.78,1.13
2011.05.09 16:49:16.442,1.03777,1.03823,2.78,1.13
2011.05.09 16:49:16.663,1.03771,1.03812,2.78,1.35
2011.05.09 16:49:16.991,1.03773,1.0382,3.15,2.63
2011.05.09 16:49:17.212,1.03778,1.03823,4.43,2.63
2011.05.09 16:49:17.321,1.03781,1.03826,2.03,2.63
2011.05.09 16:49:19.150,1.0378,1.03827,2.03,3.00
2011.05.09 16:49:19.866,1.03784,1.03828,2.03,5.03
2011.05.09 16:49:20.201,1.03782,1.03828,4.05,3.00
2011.05.09 16:49:23.171,1.03779,1.03826,2.03,2.63
2011.05.09 16:49:23.770,1.03781,1.03826,2.03,2.63
2011.05.09 16:49:24.322,1.03779,1.03823,2.03,3.00
2011.05.09 16:49:24.541,1.03775,1.03819,3.53,2.03
2011.05.09 16:49:27.142,1.03775,1.03819,2.78,2.78
2011.05.09 16:49:30.644,1.03779,1.03826,2.03,3.00
2011.05.09 16:49:31.191,1.03783,1.03827,2.03,4.13
2011.05.09 16:49:32.201,1.03783,1.0383,2.03,3.75
2011.05.09 16:49:36.082,1.03788,1.03831,2.03,5.19
2011.05.09 16:49:36.412,1.03792,1.03831,2.03,1.29
2011.05.09 16:49:36.741,1.0379,1.03832,2.03,2.04
2011.05.09 16:49:37.182,1.03792,1.03836,2.03,1.35
2011.05.09 16:49:37.511,1.03795,1.03839,2.03,1.73
2011.05.09 16:49:43.732,1.03795,1.0384,2.03,2.63
2011.05.09 16:49:43.842,1.038,1.03841,2.03,2.10
2011.05.09 16:49:44.062,1.03798,1.03841,2.03,1.35
2011.05.09 16:49:45.034,1.03798,1.03838,2.03,2.10
2011.05.09 16:49:45.631,1.03789,1.03834,2.40,2.03
2011.05.09 16:49:45.741,1.03786,1.03831,5.93,2.03
2011.05.09 16:49:46.122,1.0379,1.03831,1.13,2.03
2011.05.09 16:49:47.151,1.0379,1.03831,1.13,2.03
2011.05.09 16:49:47.592,1.03791,1.03831,1.13,2.03
2011.05.09 16:49:47.812,1.03792,1.03835,1.88,2.03
2011.05.09 16:49:49.135,1.03794,1.03836,1.13,2.03
2011.05.09 16:49:50.077,1.03794,1.03836,1.13,2.03
2011.05.09 16:49:51.051,1.03795,1.03837,2.78,2.03
2011.05.09 16:49:51.824,1.03795,1.0384,2.78,2.63
2011.05.09 16:49:54.901,1.03795,1.03838,2.78,1.35
2011.05.09 16:49:55.451,1.038,1.0384,1.13,3.38
2011.05.09 16:49:55.562,1.038,1.03842,3.15,4.13
2011.05.09 16:49:56.112,1.03801,1.03842,1.13,1.35
2011.05.09 16:49:57.333,1.03802,1.03849,3.00,2.78
2011.05.09 16:49:57.552,1.03805,1.03848,2.63,1.13
2011.05.09 16:49:57.771,1.03801,1.03846,2.03,1.35
2011.05.09 16:49:58.326,1.038,1.03845,2.78,3.38
2011.05.09 16:49:58.441,1.038,1.03845,2.78,4.88
2011.05.09 16:49:59.105,1.038,1.03845,2.03,4.88
2011.05.09 16:50:00.093,1.038,1.03843,2.78,1.35
2011.05.09 16:50:01.163,1.03801,1.03843,1.35,1.50
2011.05.09 16:50:01.273,1.03794,1.0384,3.38,2.03
2011.05.09 16:50:01.384,1.03793,1.03838,4.13,2.03
2011.05.09 16:50:01.492,1.03793,1.03834,2.10,2.03
2011.05.09 16:50:01.712,1.03789,1.03834,1.13,2.63
2011.05.09 16:50:02.152,1.03788,1.03832,2.03,2.48
2011.05.09 16:50:02.372,1.03785,1.03829,2.03,3.00
2011.05.09 16:50:02.922,1.03782,1.03826,2.03,2.63
2011.05.09 16:50:03.444,1.03783,1.03827,2.03,3.00
2011.05.09 16:50:03.881,1.03785,1.03829,2.03,3.00
2011.05.09 16:50:04.101,1.03783,1.03829,2.03,3.00
2011.05.09 16:50:04.603,1.03785,1.03829,2.03,3.00
2011.05.09 16:50:18.142,1.03786,1.03829,2.03,2.63
2011.05.09 16:50:18.472,1.03791,1.03832,2.03,2.10
2011.05.09 16:50:18.582,1.03791,1.03834,2.03,1.35
2011.05.09 16:50:21.131,1.03791,1.03838,2.78,3.75
2011.05.09 16:50:22.065,1.03791,1.03838,2.03,3.75
2011.05.09 16:50:24.812,1.03789,1.03834,2.03,3.75
2011.05.09 16:50:34.412,1.03789,1.03832,2.03,2.03
2011.05.09 16:50:34.742,1.03787,1.03829,1.13,2.03
2011.05.09 16:50:35.708,1.03787,1.0383,1.13,2.03
2011.05.09 16:50:36.528,1.03782,1.03818,2.78,2.03
2011.05.09 16:50:36.636,1.03778,1.03822,2.03,1.35
2011.05.09 16:50:36.752,1.03778,1.03823,2.03,2.63
2011.05.09 16:50:38.812,1.03778,1.03823,2.78,2.63
2011.05.09 16:50:40.130,1.03778,1.03823,2.03,2.63
2011.05.09 16:50:44.345,1.03778,1.03823,2.03,2.63
2011.05.09 16:50:45.361,1.03777,1.03822,3.15,2.63
2011.05.09 16:50:54.642,1.03777,1.03821,1.73,2.03
2011.05.09 16:50:54.972,1.03783,1.03827,1.13,3.47
2011.05.09 16:50:55.082,1.03782,1.03827,1.88,2.03
2011.05.09 16:50:55.192,1.03783,1.03828,1.13,2.03
2011.05.09 16:50:55.633,1.03789,1.03828,2.78,2.63
2011.05.09 16:50:55.963,1.03791,1.03833,2.03,1.13
2011.05.09 16:50:56.531,1.03793,1.03834,2.03,1.13
2011.05.09 16:50:56.658,1.0379,1.03837,3.15,3.38
2011.05.09 16:50:57.214,1.0379,1.03836,2.03,2.48
2011.05.09 16:50:57.325,1.03788,1.03835,2.03,3.75
2011.05.09 16:50:57.543,1.03788,1.03833,2.40,2.03
2011.05.09 16:50:57.872,1.03793,1.03831,1.73,2.03
2011.05.09 16:50:58.202,1.03796,1.0384,2.78,2.63
2011.05.09 16:50:58.313,1.03799,1.03843,2.03,2.85
2011.05.09 16:50:58.531,1.03797,1.03842,2.03,2.63
2011.05.09 16:50:58.903,1.03795,1.03842,2.40,3.38
2011.05.09 16:50:59.344,1.0379,1.03835,2.63,2.63
2011.05.09 16:50:59.453,1.0379,1.03835,2.03,2.63
2011.05.09 16:51:00.033,1.03785,1.0383,1.13,2.63
2011.05.09 16:51:00.251,1.03783,1.0383,3.15,2.63
2011.05.09 16:51:01.095,1.03785,1.03831,1.13,2.63
2011.05.09 16:51:02.401,1.03784,1.03831,2.40,2.63
2011.05.09 16:51:02.512,1.03782,1.03828,2.78,2.03
2011.05.09 16:51:02.732,1.03784,1.03831,2.40,3.38
2011.05.09 16:51:02.841,1.03784,1.03831,2.40,3.38
2011.05.09 16:51:04.100,1.03785,1.03831,1.13,4.13
2011.05.09 16:51:04.707,1.03784,1.03831,2.40,4.13
2011.05.09 16:51:05.578,1.03784,1.03829,2.40,2.03
2011.05.09 16:51:06.161,1.03785,1.0383,1.13,2.78
2011.05.09 16:51:07.192,1.03786,1.0383,1.13,2.78
2011.05.09 16:51:07.741,1.03792,1.0383,2.03,2.03
2011.05.09 16:51:07.851,1.03793,1.03836,2.03,1.44
2011.05.09 16:51:07.961,1.03791,1.03836,2.03,1.44
2011.05.09 16:51:08.531,1.03794,1.03837,2.03,2.19
2011.05.09 16:51:08.861,1.03796,1.03837,2.03,1.44
2011.05.09 16:51:09.833,1.03796,1.03836,2.03,1.44
2011.05.09 16:51:10.401,1.03792,1.03836,2.78,1.44
2011.05.09 16:51:10.712,1.03795,1.03836,1.35,1.29
2011.05.09 16:51:14.934,1.03794,1.03839,1.73,3.38
2011.05.09 16:51:15.045,1.0379,1.03837,3.15,2.63
2011.05.09 16:51:15.373,1.03786,1.03833,3.38,2.63
2011.05.09 16:51:15.951,1.03786,1.03831,3.38,2.03
2011.05.09 16:51:16.283,1.03788,1.03831,1.35,2.03
2011.05.09 16:51:18.112,1.03788,1.03831,1.35,2.03
2011.05.09 16:51:20.162,1.03786,1.03831,2.78,2.63
2011.05.09 16:51:22.482,1.03787,1.03831,1.35,2.03
2011.05.09 16:51:24.509,1.03791,1.03831,1.73,2.03
2011.05.09 16:51:24.626,1.03792,1.03837,3.38,2.03
2011.05.09 16:51:25.312,1.03792,1.03837,3.38,3.53
2011.05.09 16:51:25.421,1.03793,1.03837,1.35,2.78
2011.05.09 16:51:25.751,1.03794,1.03838,2.78,2.10
2011.05.09 16:51:27.013,1.03794,1.03834,2.03,1.35
2011.05.09 16:51:28.114,1.03794,1.03833,2.78,1.35
2011.05.09 16:51:29.932,1.03795,1.03838,2.78,2.10
2011.05.09 16:51:30.045,1.03797,1.03841,2.78,3.60
2011.05.09 16:51:33.044,1.03797,1.03842,2.78,2.19
2011.05.09 16:51:33.263,1.03797,1.03839,2.78,2.03
2011.05.09 16:51:33.482,1.03797,1.03839,2.78,2.03
2011.05.09 16:51:34.254,1.03799,1.03838,1.88,2.03
2011.05.09 16:51:34.365,1.03802,1.03846,2.03,2.85
2011.05.09 16:51:35.754,1.03803,1.03846,2.03,2.04
2011.05.09 16:51:36.013,1.03803,1.03846,2.78,2.04
2011.05.09 16:51:39.701,1.03805,1.03844,1.35,1.35
2011.05.09 16:51:45.359,1.03798,1.03841,2.03,2.48
2011.05.09 16:51:45.477,1.03796,1.03839,1.35,2.63
2011.05.09 16:51:45.806,1.03801,1.03839,1.35,2.63
2011.05.09 16:51:46.362,1.03801,1.03841,1.35,2.63
2011.05.09 16:51:47.633,1.03801,1.03841,1.35,2.63
2011.05.09 16:51:47.744,1.03796,1.0384,1.35,2.10
2011.05.09 16:51:48.892,1.03796,1.03841,3.53,2.63
2011.05.09 16:51:50.100,1.03796,1.03841,3.53,2.63
2011.05.09 16:51:50.212,1.03802,1.03841,1.35,2.03
2011.05.09 16:51:50.322,1.03802,1.03846,1.35,2.03
2011.05.09 16:51:50.990,1.03802,1.03847,1.73,2.94
2011.05.09 16:51:52.073,1.03806,1.03846,1.13,2.19
2011.05.09 16:51:53.122,1.03806,1.03846,1.13,2.19
2011.05.09 16:51:55.251,1.03805,1.03846,1.50,3.47
2011.05.09 16:51:55.361,1.03802,1.03842,1.35,2.03
2011.05.09 16:51:57.172,1.038,1.03844,1.88,2.63
2011.05.09 16:51:57.503,1.03799,1.03843,2.03,2.63
2011.05.09 16:51:57.611,1.03797,1.03842,1.50,3.38
2011.05.09 16:51:57.722,1.038,1.03842,1.13,3.38
2011.05.09 16:51:57.943,1.03798,1.03841,2.03,1.35
2011.05.09 16:51:58.052,1.03802,1.03841,2.03,1.35
2011.05.09 16:51:58.271,1.03795,1.03842,3.15,3.38
2011.05.09 16:51:58.712,1.038,1.03842,1.13,1.35
2011.05.09 16:51:59.983,1.03795,1.03841,2.78,1.73
2011.05.09 16:52:00.202,1.03795,1.03839,2.78,1.73
2011.05.09 16:52:00.422,1.03791,1.03835,2.03,1.73
2011.05.09 16:52:01.047,1.0379,1.03835,2.03,1.35
2011.05.09 16:52:01.961,1.03789,1.03833,2.03,3.00
2011.05.09 16:52:03.065,1.03788,1.03832,2.03,1.50
2011.05.09 16:52:04.882,1.03788,1.03829,2.03,1.13
2011.05.09 16:52:05.564,1.03784,1.03829,2.03,1.13
2011.05.09 16:52:05.676,1.0378,1.03827,2.78,2.03
2011.05.09 16:52:06.176,1.03782,1.03827,2.03,2.03
2011.05.09 16:52:07.101,1.03782,1.03827,2.03,2.78
2011.05.09 16:52:09.264,1.03785,1.0383,2.78,2.03
2011.05.09 16:52:11.880,1.0378,1.03826,2.78,2.63
2011.05.09 16:52:16.062,1.03782,1.03826,1.50,2.63
2011.05.09 16:52:16.612,1.03788,1.0383,2.03,2.10
2011.05.09 16:52:16.831,1.03784,1.0383,3.15,2.10
2011.05.09 16:52:17.602,1.03785,1.03826,1.13,2.63
2011.05.09 16:52:19.421,1.03784,1.03828,2.78,1.35
2011.05.09 16:52:19.641,1.0378,1.03827,3.15,3.38
2011.05.09 16:52:21.104,1.0378,1.03826,3.15,1.35
2011.05.09 16:52:22.306,1.03784,1.03827,2.03,1.35
2011.05.09 16:52:22.422,1.03782,1.03827,2.78,1.35
2011.05.09 16:52:22.942,1.03781,1.03826,2.03,2.63
2011.05.09 16:52:23.053,1.03779,1.03824,2.03,3.75
2011.05.09 16:52:24.261,1.0378,1.03824,2.03,2.48
2011.05.09 16:52:24.802,1.03779,1.03817,2.03,2.10
2011.05.09 16:52:25.133,1.03778,1.03817,2.78,2.10
2011.05.09 16:52:25.571,1.03778,1.03822,2.78,1.35
2011.05.09 16:52:29.191,1.03778,1.03824,3.15,1.35
2011.05.09 16:52:29.742,1.0378,1.03824,2.03,1.35
2011.05.09 16:52:30.311,1.03779,1.03824,2.03,4.13
2011.05.09 16:52:30.812,1.0378,1.03824,2.03,2.10
2011.05.09 16:52:32.102,1.0378,1.03824,2.78,2.10
2011.05.09 16:52:34.492,1.03774,1.03819,2.78,1.73
2011.05.09 16:52:34.602,1.03774,1.03818,2.03,2.10
2011.05.09 16:52:36.101,1.03774,1.03818,2.78,3.60
2011.05.09 16:52:44.712,1.03775,1.03818,2.03,2.85
2011.05.09 16:52:44.823,1.03778,1.03818,2.03,1.35
2011.05.09 16:52:45.043,1.03775,1.03818,2.40,1.35
2011.05.09 16:52:45.155,1.03778,1.0382,2.78,2.63
2011.05.09 16:52:45.481,1.03781,1.03823,2.03,1.35
2011.05.09 16:52:46.918,1.03783,1.03826,2.03,2.48
2011.05.09 16:52:47.471,1.03779,1.03824,2.03,2.03
2011.05.09 16:52:48.091,1.03778,1.03824,2.63,2.03
2011.05.09 16:52:49.053,1.03778,1.03824,3.38,2.03
2011.05.09 16:52:50.142,1.03778,1.03824,3.38,2.78
2011.05.09 16:52:51.152,1.03778,1.03824,3.38,2.78
2011.05.09 16:52:54.372,1.03778,1.0382,2.63,1.13
2011.05.09 16:52:54.874,1.03778,1.03819,2.63,2.85
2011.05.09 16:52:55.213,1.03778,1.03819,2.03,4.13
2011.05.09 16:52:55.324,1.03771,1.03818,3.90,2.63
2011.05.09 16:52:55.873,1.03776,1.0382,1.13,2.63
2011.05.09 16:52:55.986,1.03779,1.03822,2.40,3.38
2011.05.09 16:52:56.104,1.03781,1.03825,2.03,2.63
2011.05.09 16:52:56.323,1.03777,1.03824,3.38,2.63
2011.05.09 16:52:56.463,1.03777,1.03824,3.38,3.38
2011.05.09 16:52:57.451,1.03778,1.03824,3.38,2.10
2011.05.09 16:52:58.002,1.03778,1.03823,1.35,2.78
2011.05.09 16:52:58.221,1.03776,1.03822,3.38,1.13
2011.05.09 16:52:58.332,1.03774,1.03818,2.78,2.63
2011.05.09 16:52:59.681,1.03775,1.03818,1.13,2.63
2011.05.09 16:53:00.481,1.03781,1.03819,1.73,2.03
2011.05.09 16:53:00.593,1.03781,1.03821,1.73,2.03
2011.05.09 16:53:01.872,1.03781,1.03824,1.73,2.63
2011.05.09 16:53:05.952,1.03781,1.03825,1.73,2.03
2011.05.09 16:53:06.172,1.0378,1.03826,2.40,2.63
2011.05.09 16:53:06.666,1.03779,1.03824,2.03,3.15
2011.05.09 16:53:08.143,1.03779,1.03824,2.03,3.90
2011.05.09 16:53:09.153,1.03779,1.03824,2.03,3.90
2011.05.09 16:53:10.181,1.03779,1.03824,2.78,3.90
2011.05.09 16:53:12.850,1.0378,1.03824,2.78,1.13
2011.05.09 16:53:13.072,1.03783,1.03827,2.03,1.35
2011.05.09 16:53:13.451,1.03783,1.03827,2.40,1.35
2011.05.09 16:53:13.781,1.03785,1.03832,3.00,3.38
2011.05.09 16:53:16.032,1.03786,1.03832,1.35,3.38
2011.05.09 16:53:19.311,1.03786,1.03832,1.35,3.38
2011.05.09 16:53:25.370,1.03786,1.03832,3.38,1.35
2011.05.09 16:53:26.221,1.03786,1.03832,3.38,1.35
2011.05.09 16:53:27.422,1.03786,1.03832,1.35,3.38
2011.05.09 16:53:36.472,1.03791,1.03834,1.13,2.63
2011.05.09 16:53:36.801,1.03791,1.03834,1.88,2.63
2011.05.09 16:53:38.031,1.03794,1.03838,2.78,1.35
2011.05.09 16:53:39.022,1.03794,1.03833,2.03,1.35
2011.05.09 16:53:40.011,1.03794,1.03834,2.78,1.35
2011.05.09 16:53:43.031,1.03796,1.03834,1.35,1.35
2011.05.09 16:53:48.822,1.03797,1.03838,1.35,2.63
2011.05.09 16:53:49.152,1.03804,1.0384,2.03,2.10
2011.05.09 16:53:49.373,1.03805,1.03844,2.03,2.10
2011.05.09 16:53:49.482,1.03805,1.03846,2.03,1.13
2011.05.09 16:53:49.702,1.038,1.03846,2.03,1.13
2011.05.09 16:53:50.261,1.03799,1.03844,2.03,2.03
2011.05.09 16:53:52.463,1.038,1.03845,2.78,2.78
2011.05.09 16:53:52.793,1.03805,1.03843,2.03,1.35
2011.05.09 16:53:53.124,1.03801,1.03842,2.03,3.08
2011.05.09 16:53:53.233,1.03801,1.03839,2.03,1.13
2011.05.09 16:53:53.563,1.03796,1.03839,2.03,1.13
2011.05.09 16:53:54.003,1.03796,1.03832,2.03,2.10
2011.05.09 16:53:54.333,1.03792,1.03831,2.03,1.73
2011.05.09 16:53:54.552,1.0379,1.03829,2.03,1.73
2011.05.09 16:53:54.991,1.03788,1.03831,2.03,1.73
2011.05.09 16:53:55.727,1.03788,1.03828,2.03,1.73
2011.05.09 16:53:56.572,1.03788,1.03832,2.03,1.73
2011.05.09 16:53:59.274,1.03787,1.03828,2.78,1.35
2011.05.09 16:53:59.603,1.03783,1.03828,2.78,2.48
2011.05.09 16:53:59.932,1.03783,1.03827,2.03,2.63
2011.05.09 16:54:00.042,1.03783,1.03827,2.78,2.63
2011.05.09 16:54:00.373,1.03781,1.03821,2.78,2.79
2011.05.09 16:54:02.223,1.03774,1.0382,1.13,2.63
2011.05.09 16:54:02.771,1.0378,1.03817,1.35,2.63
2011.05.09 16:54:12.293,1.03779,1.03824,2.63,1.73
2011.05.09 16:54:12.510,1.03779,1.03824,2.03,1.13
2011.05.09 16:54:13.133,1.03782,1.03824,2.03,1.13
2011.05.09 16:54:13.242,1.03779,1.03824,2.03,1.13
2011.05.09 16:54:13.351,1.03779,1.03824,2.03,1.88
2011.05.09 16:54:13.683,1.03778,1.03822,2.03,1.13
2011.05.09 16:54:13.796,1.03772,1.03813,1.50,2.40
2011.05.09 16:54:13.912,1.03768,1.03813,1.35,2.40
2011.05.09 16:54:14.446,1.03774,1.03818,2.78,2.78
2011.05.09 16:54:14.565,1.03775,1.03822,2.78,4.22
2011.05.09 16:54:15.092,1.03775,1.03822,2.03,3.47
2011.05.09 16:54:16.051,1.03775,1.03822,2.78,4.22
2011.05.09 16:54:17.102,1.03775,1.03821,2.78,1.50
2011.05.09 16:54:25.084,1.03775,1.0382,2.03,1.50
2011.05.09 16:54:25.302,1.03775,1.03818,2.03,1.13
2011.05.09 16:54:25.872,1.03774,1.03818,2.03,1.13
2011.05.09 16:54:28.042,1.03774,1.03817,2.03,1.50
2011.05.09 16:54:29.369,1.03774,1.03813,2.03,1.35
2011.05.09 16:54:31.422,1.03774,1.03818,5.25,2.78
2011.05.09 16:54:31.532,1.03781,1.03821,2.63,1.50
2011.05.09 16:54:31.642,1.03784,1.03822,2.03,2.10
2011.05.09 16:54:31.753,1.03787,1.03829,2.03,1.35
2011.05.09 16:54:32.302,1.03787,1.03832,5.03,5.63
2011.05.09 16:54:32.822,1.03786,1.03832,2.63,1.13
2011.05.09 16:54:34.263,1.03786,1.03833,5.78,3.53
2011.05.09 16:54:34.787,1.03788,1.03832,2.63,3.60
2011.05.09 16:54:35.321,1.03786,1.03832,3.38,3.60
2011.05.09 16:54:36.309,1.03786,1.03832,3.38,3.60
2011.05.09 16:54:36.863,1.03789,1.03832,2.03,1.35
2011.05.09 16:54:37.192,1.03794,1.03831,2.03,1.35
2011.05.09 16:54:38.413,1.03794,1.03831,2.03,1.50
2011.05.09 16:54:38.775,1.03788,1.03833,2.03,1.13
2011.05.09 16:54:38.997,1.03789,1.03836,3.53,2.03
2011.05.09 16:54:39.223,1.0379,1.03835,2.03,2.40
2011.05.09 16:54:39.695,1.0379,1.03831,2.03,1.13
2011.05.09 16:54:40.022,1.03785,1.03829,2.03,1.13
2011.05.09 16:54:43.092,1.03785,1.03824,2.03,1.13
2011.05.09 16:54:44.083,1.03785,1.03828,2.03,1.13
2011.05.09 16:54:44.193,1.03786,1.03828,2.03,1.13
2011.05.09 16:54:44.524,1.03787,1.03833,2.03,1.13
2011.05.09 16:54:44.632,1.0379,1.03833,2.03,1.13
2011.05.09 16:54:46.062,1.0379,1.03833,2.03,1.13
2011.05.09 16:54:49.063,1.03794,1.03837,2.03,3.47
2011.05.09 16:54:49.173,1.03796,1.03837,2.03,1.44
2011.05.09 16:54:50.020,1.03796,1.03836,2.03,1.50
2011.05.09 16:54:51.122,1.03796,1.03836,2.03,1.50
2011.05.09 16:54:52.372,1.03793,1.03836,2.03,2.19
2011.05.09 16:54:54.323,1.03788,1.03834,2.78,3.53
2011.05.09 16:54:54.542,1.03787,1.03834,3.15,2.78
2011.05.09 16:54:55.005,1.03795,1.03836,1.13,2.03
2011.05.09 16:54:55.331,1.03795,1.03839,1.13,2.63
2011.05.09 16:54:57.041,1.03796,1.03837,1.13,2.03
2011.05.09 16:54:57.152,1.03791,1.03837,2.48,2.03
2011.05.09 16:54:58.182,1.03794,1.03837,1.35,2.03
2011.05.09 16:54:58.623,1.03797,1.03842,2.78,1.35
2011.05.09 16:55:00.621,1.03801,1.03843,1.35,2.03
2011.05.09 16:55:03.112,1.03801,1.03844,1.35,2.78
2011.05.09 16:55:03.554,1.03803,1.03848,2.03,3.38
2011.05.09 16:55:03.882,1.03802,1.03845,1.35,2.03
2011.05.09 16:55:04.214,1.03798,1.03844,3.53,2.63
2011.05.09 16:55:05.922,1.03798,1.03844,2.78,3.38
2011.05.09 16:55:22.503,1.03801,1.03846,3.38,1.13
2011.05.09 16:55:22.722,1.03801,1.03848,3.75,3.38
2011.05.09 16:55:22.833,1.03803,1.03848,2.03,2.63
2011.05.09 16:55:23.162,1.03806,1.03851,2.03,3.38
2011.05.09 16:55:35.503,1.0382,1.03851,2.03,2.63
2011.05.09 16:55:36.407,1.03822,1.03852,2.03,1.73
2011.05.09 16:55:37.195,1.03821,1.03851,2.03,1.73
2011.05.09 16:55:37.303,1.03818,1.03847,2.03,1.13
2011.05.09 16:55:37.632,1.0382,1.03851,2.03,1.50
2011.05.09 16:55:39.053,1.0382,1.0385,2.03,1.50
2011.05.09 16:55:39.272,1.0382,1.03852,2.03,3.60
2011.05.09 16:55:39.382,1.0382,1.03853,4.05,1.35
2011.05.09 16:55:39.931,1.03821,1.03854,2.03,1.35
2011.05.09 16:55:40.042,1.03824,1.03854,2.03,1.35
2011.05.09 16:55:40.551,1.03824,1.03856,2.03,1.82
2011.05.09 16:55:40.661,1.03824,1.03856,2.03,1.44
2011.05.09 16:55:40.771,1.03828,1.03856,2.03,1.50
2011.05.09 16:55:41.102,1.03824,1.03856,2.03,1.88
2011.05.09 16:55:42.209,1.03824,1.03856,2.03,2.63
2011.05.09 16:55:42.652,1.03811,1.03854,1.35,2.78
2011.05.09 16:55:42.856,1.03811,1.03853,1.35,1.13
2011.05.09 16:55:42.961,1.03807,1.03853,2.78,1.73
2011.05.09 16:55:43.512,1.03805,1.03847,1.35,2.03
2011.05.09 16:55:43.843,1.03798,1.03841,1.35,2.40
2011.05.09 16:55:43.952,1.03796,1.03841,1.35,2.40
2011.05.09 16:55:44.592,1.03796,1.03838,1.73,2.03
2011.05.09 16:55:44.702,1.03797,1.03843,2.63,2.03
2011.05.09 16:55:45.033,1.03801,1.03843,1.13,2.03
2011.05.09 16:55:45.142,1.03801,1.03846,3.90,1.35
2011.05.09 16:55:45.251,1.03802,1.03846,3.15,1.35
2011.05.09 16:55:45.691,1.03806,1.03847,1.13,1.44
2011.05.09 16:55:47.422,1.03806,1.03843,1.88,2.03
2011.05.09 16:55:47.533,1.03806,1.03846,1.13,2.78
2011.05.09 16:55:47.754,1.03802,1.03846,3.38,1.50
2011.05.09 16:55:47.862,1.03802,1.03844,3.38,2.03
2011.05.09 16:55:48.194,1.03796,1.03843,2.78,3.75
2011.05.09 16:55:48.303,1.03796,1.03841,2.78,2.63
2011.05.09 16:55:48.413,1.03795,1.03838,1.35,2.03
2011.05.09 16:55:49.324,1.03793,1.03838,2.78,2.40
2011.05.09 16:55:49.431,1.03793,1.03838,2.03,3.15
2011.05.09 16:55:49.652,1.03788,1.03834,1.50,2.03
2011.05.09 16:55:51.512,1.03788,1.03831,1.50,2.03
2011.05.09 16:55:51.623,1.03788,1.03833,3.53,2.03
2011.05.09 16:55:52.413,1.03792,1.03837,2.40,2.03
2011.05.09 16:55:54.852,1.03792,1.03837,2.03,2.40
2011.05.09 16:55:55.401,1.03791,1.03835,2.78,2.63
2011.05.09 16:55:56.196,1.03791,1.03835,2.78,1.35
2011.05.09 16:55:59.533,1.03793,1.03835,2.03,1.35
2011.05.09 16:56:00.081,1.03792,1.03835,2.78,1.35
2011.05.09 16:56:00.633,1.03791,1.03835,1.50,2.63
2011.05.09 16:56:01.140,1.03797,1.03843,1.13,3.38
2011.05.09 16:56:01.584,1.038,1.03844,2.03,3.00
2011.05.09 16:56:02.791,1.03799,1.03845,2.03,4.13
2011.05.09 16:56:12.662,1.03798,1.03843,2.03,1.73
2011.05.09 16:56:13.612,1.03799,1.03845,2.03,4.13
2011.05.09 16:56:15.061,1.038,1.03843,2.03,1.35
2011.05.09 16:56:16.092,1.038,1.03843,2.78,1.35
2011.05.09 16:56:18.745,1.038,1.03844,2.03,1.35
2011.05.09 16:56:18.869,1.03795,1.03842,2.78,3.38
2011.05.09 16:56:21.193,1.03797,1.03842,1.13,3.38
2011.05.09 16:56:21.962,1.038,1.03843,2.03,1.35
2011.05.09 16:56:23.091,1.038,1.03844,2.78,1.35
2011.05.09 16:56:32.204,1.03802,1.03844,1.73,2.63
2011.05.09 16:56:32.314,1.03809,1.03848,2.03,1.35
2011.05.09 16:56:32.859,1.03816,1.03851,2.03,2.10
2011.05.09 16:56:32.975,1.03814,1.03851,2.03,2.10
2011.05.09 16:56:33.961,1.03816,1.03851,2.03,2.10
2011.05.09 16:56:34.182,1.03816,1.03854,2.03,2.10
2011.05.09 16:56:35.133,1.03812,1.03853,2.78,2.85
2011.05.09 16:56:35.462,1.0381,1.03853,2.03,2.48
2011.05.09 16:56:35.682,1.03808,1.03853,2.03,4.50
2011.05.09 16:56:37.911,1.03806,1.03853,2.78,4.50
2011.05.09 16:56:38.421,1.03806,1.03848,2.78,1.35
2011.05.09 16:56:42.863,1.0381,1.03848,2.03,1.35
2011.05.09 16:56:47.772,1.03809,1.03848,4.05,1.35
2011.05.09 16:56:48.143,1.03811,1.03848,2.03,1.35
2011.05.09 16:56:50.412,1.03809,1.03848,2.03,1.35
2011.05.09 16:56:50.522,1.03811,1.03848,2.03,1.35
2011.05.09 16:56:54.302,1.03806,1.03848,2.03,1.73
2011.05.09 16:56:57.824,1.03805,1.03844,2.03,1.35
2011.05.09 16:56:58.352,1.03803,1.03844,2.03,1.35
2011.05.09 16:56:58.462,1.03805,1.03844,2.03,1.35
2011.05.09 16:56:58.901,1.03803,1.03844,2.03,1.35
2011.05.09 16:56:59.264,1.03806,1.03844,2.03,1.35
2011.05.09 16:56:59.774,1.0381,1.03851,2.03,1.35
2011.05.09 16:57:01.355,1.03806,1.03849,2.03,1.73
2011.05.09 16:57:04.101,1.03806,1.03844,2.03,1.35
2011.05.09 16:57:05.082,1.03804,1.03844,2.03,1.73
2011.05.09 16:57:05.522,1.03805,1.03844,2.03,1.73
2011.05.09 16:57:06.313,1.03804,1.03844,2.03,1.73
2011.05.09 16:57:06.644,1.03807,1.03848,2.03,1.73
2011.05.09 16:57:06.752,1.03805,1.03848,2.03,1.73
2011.05.09 16:57:07.276,1.03806,1.03844,2.03,1.73
2011.05.09 16:57:07.504,1.03804,1.03844,2.03,1.73
2011.05.09 16:57:08.072,1.03805,1.03844,2.03,1.73
2011.05.09 16:57:08.493,1.03803,1.03844,2.03,1.73
2011.05.09 16:57:08.932,1.03804,1.03851,2.03,4.13
2011.05.09 16:57:09.152,1.03806,1.03851,2.03,2.63
2011.05.09 16:57:09.702,1.03807,1.03853,2.03,1.35
2011.05.09 16:57:10.073,1.03805,1.03851,2.03,3.00
2011.05.09 16:57:10.187,1.03803,1.03847,2.03,2.63
2011.05.09 16:57:10.304,1.03808,1.03846,2.03,2.85
2011.05.09 16:57:10.523,1.03806,1.03846,4.05,2.85
2011.05.09 16:57:11.005,1.03808,1.03846,2.03,2.10
2011.05.09 16:57:16.722,1.03807,1.03846,2.03,2.10
2011.05.09 16:57:18.322,1.03804,1.03846,2.78,2.10
2011.05.09 16:57:20.182,1.03804,1.03843,2.03,1.35
2011.05.09 16:57:21.282,1.03803,1.03842,2.03,1.35
2011.05.09 16:57:21.922,1.03803,1.03842,2.40,1.35
2011.05.09 16:57:22.253,1.03803,1.03844,2.03,2.10
2011.05.09 16:57:22.839,1.03803,1.03844,2.78,2.10
2011.05.09 16:57:23.172,1.03808,1.03844,2.03,2.85
2011.05.09 16:57:23.283,1.03803,1.03844,2.03,1.35
2011.05.09 16:57:24.159,1.03803,1.03845,2.78,2.10
2011.05.09 16:57:24.968,1.03808,1.03843,2.03,1.35
2011.05.09 16:57:25.083,1.03803,1.03843,2.03,1.35
2011.05.09 16:57:25.369,1.03803,1.03845,2.78,2.10
2011.05.09 16:57:25.482,1.03805,1.03846,1.13,1.35
2011.05.09 16:57:26.032,1.03805,1.03844,2.03,1.35
2011.05.09 16:57:26.144,1.03803,1.03844,2.03,1.35
2011.05.09 16:57:29.362,1.03804,1.03844,2.03,1.35
2011.05.09 16:57:33.079,1.03805,1.03847,2.78,1.35
2011.05.09 16:57:33.302,1.03803,1.03849,2.03,3.75
2011.05.09 16:57:41.137,1.03805,1.03848,1.35,2.03
2011.05.09 16:57:41.255,1.03806,1.03848,1.13,2.03
2011.05.09 16:57:41.476,1.03816,1.03853,2.03,1.35
2011.05.09 16:57:41.585,1.03812,1.03853,2.78,1.35
2011.05.09 16:57:43.124,1.03813,1.03855,2.03,2.10
2011.05.09 16:57:43.634,1.03814,1.03855,2.03,2.10
2011.05.09 16:57:43.743,1.03811,1.03855,2.78,2.10
2011.05.09 16:57:43.962,1.03811,1.03855,2.78,2.10
2011.05.09 16:57:45.252,1.03814,1.03854,2.03,1.73
2011.05.09 16:57:45.363,1.03809,1.03851,2.03,1.73
2011.05.09 16:57:45.473,1.03806,1.03851,2.03,2.48
2011.05.09 16:57:49.423,1.03806,1.03849,3.53,1.35
2011.05.09 16:57:50.028,1.03807,1.03849,1.50,1.35
2011.05.09 16:57:56.262,1.03806,1.03845,2.78,2.10
2011.05.09 16:58:01.461,1.03806,1.03844,2.03,1.35
2011.05.09 16:58:02.303,1.03805,1.03844,2.03,1.35
2011.05.09 16:58:02.523,1.038,1.03845,2.78,4.50
2011.05.09 16:58:02.633,1.038,1.03845,2.03,5.25
2011.05.09 16:58:02.743,1.038,1.03844,2.03,2.48
2011.05.09 16:58:04.071,1.03799,1.03844,3.15,4.13
2011.05.09 16:58:04.403,1.03799,1.03844,1.88,4.13
2011.05.09 16:58:05.192,1.03799,1.03844,1.13,2.10
2011.05.09 16:58:05.412,1.03803,1.03844,2.78,2.10
2011.05.09 16:58:05.523,1.03804,1.03847,1.13,2.63
2011.05.09 16:58:05.742,1.03805,1.03847,1.50,2.03
2011.05.09 16:58:05.854,1.03807,1.03847,3.15,2.03
2011.05.09 16:58:05.963,1.03811,1.03855,2.40,2.03
2011.05.09 16:58:06.073,1.03812,1.03859,2.03,2.63
2011.05.09 16:58:06.293,1.03814,1.03857,2.03,2.63
2011.05.09 16:58:06.623,1.03813,1.03854,2.03,2.10
2011.05.09 16:58:06.732,1.03811,1.03854,2.40,2.10
2011.05.09 16:58:07.471,1.03812,1.03854,2.03,2.10
2011.05.09 16:58:07.802,1.03807,1.03854,2.78,3.00
2011.05.09 16:58:07.912,1.03807,1.03854,3.15,2.63
2011.05.09 16:58:08.243,1.03813,1.03858,2.03,2.63
2011.05.09 16:58:08.573,1.03814,1.03858,2.40,2.63
2011.05.09 16:58:10.098,1.03814,1.03859,2.40,2.63
2011.05.09 16:58:10.653,1.03812,1.03859,2.03,3.00
2011.05.09 16:58:10.872,1.03807,1.03854,2.03,2.03
2011.05.09 16:58:10.982,1.03807,1.03854,2.40,2.03
2011.05.09 16:58:11.313,1.03813,1.0386,2.40,2.63
2011.05.09 16:58:11.862,1.03816,1.03861,2.03,3.38
2011.05.09 16:58:18.882,1.03817,1.03862,2.03,1.35
2011.05.09 16:58:19.442,1.03814,1.03859,2.78,2.63
2011.05.09 16:58:20.101,1.03815,1.0386,2.78,3.38
2011.05.09 16:58:24.442,1.03813,1.03849,2.03,2.48
2011.05.09 16:58:24.663,1.03806,1.03846,2.78,3.75
2011.05.09 16:58:24.774,1.03808,1.03848,2.03,1.35
2011.05.09 16:58:24.882,1.03808,1.03854,2.03,1.35
2011.05.09 16:58:25.950,1.03807,1.03851,2.03,1.73
2011.05.09 16:58:27.163,1.03808,1.03853,2.03,1.35
2011.05.09 16:58:27.702,1.03807,1.03853,2.03,1.35
2011.05.09 16:58:28.113,1.03807,1.03853,2.78,1.35
2011.05.09 16:58:28.462,1.03812,1.03853,1.13,1.35
2011.05.09 16:58:29.012,1.03817,1.03855,2.78,2.10
2011.05.09 16:58:29.342,1.03818,1.03854,2.03,2.10
2011.05.09 16:58:31.902,1.0382,1.03854,2.03,2.10
2011.05.09 16:58:32.274,1.03822,1.03854,2.03,2.10
2011.05.09 16:58:32.713,1.03821,1.03861,2.03,1.35
2011.05.09 16:58:33.043,1.03819,1.03861,2.03,1.35
2011.05.09 16:58:33.692,1.03819,1.03862,2.40,1.35
2011.05.09 16:58:33.803,1.03819,1.03862,2.40,1.35
2011.05.09 16:58:34.023,1.03818,1.03863,2.03,2.63
2011.05.09 16:58:36.493,1.03818,1.03864,2.03,2.10
2011.05.09 16:58:37.417,1.03819,1.03864,2.03,2.10
2011.05.09 16:58:37.537,1.03816,1.03861,1.13,2.63
2011.05.09 16:58:39.793,1.03813,1.03855,2.78,2.10
2011.05.09 16:58:41.072,1.03811,1.03855,1.13,4.13
2011.05.09 16:58:44.224,1.03804,1.03843,2.78,2.10
2011.05.09 16:58:44.993,1.03808,1.03843,1.50,2.10
2011.05.09 16:58:45.214,1.03805,1.03843,3.15,2.10
2011.05.09 16:58:45.324,1.03805,1.03848,2.78,2.63
2011.05.09 16:58:46.194,1.03805,1.03849,1.13,2.63
2011.05.09 16:58:46.523,1.03802,1.03847,3.53,2.63
2011.05.09 16:58:47.362,1.03802,1.03847,2.78,2.63
2011.05.09 16:58:47.472,1.03802,1.03847,2.78,2.63
2011.05.09 16:58:47.835,1.03802,1.03846,2.78,2.10
2011.05.09 16:58:49.112,1.03801,1.03846,3.75,2.10
2011.05.09 16:58:49.553,1.03811,1.03852,1.13,1.35
2011.05.09 16:58:50.713,1.03811,1.03849,1.13,1.35
2011.05.09 16:58:51.589,1.03807,1.03847,2.78,2.10
2011.05.09 16:58:51.703,1.03807,1.03847,2.78,2.10
2011.05.09 16:58:57.123,1.03806,1.03847,1.13,2.10
2011.05.09 16:58:58.284,1.03806,1.03847,1.13,2.10
2011.05.09 16:58:59.962,1.03807,1.03847,2.78,2.10
2011.05.09 16:59:03.903,1.03803,1.03847,1.35,4.13
2011.05.09 16:59:04.502,1.03805,1.03847,1.13,4.13
2011.05.09 16:59:06.753,1.0381,1.03847,1.13,4.13
2011.05.09 16:59:07.302,1.0381,1.03853,1.13,2.10
2011.05.09 16:59:09.358,1.03806,1.03851,3.00,1.35
2011.05.09 16:59:09.473,1.03806,1.03847,2.03,2.48
2011.05.09 16:59:09.583,1.03796,1.03841,2.78,1.35
2011.05.09 16:59:09.802,1.03794,1.03837,1.88,2.03
2011.05.09 16:59:10.232,1.03801,1.03837,1.13,2.03
2011.05.09 16:59:10.343,1.03801,1.03839,1.13,1.35
2011.05.09 16:59:11.002,1.03802,1.03846,2.03,4.13
2011.05.09 16:59:11.332,1.03799,1.03843,1.73,2.03
2011.05.09 16:59:11.444,1.03805,1.03843,2.40,2.03
2011.05.09 16:59:11.554,1.03806,1.03849,2.03,1.35
2011.05.09 16:59:11.882,1.03804,1.03849,2.03,1.35
2011.05.09 16:59:12.322,1.03804,1.0385,2.40,1.35
2011.05.09 16:59:12.653,1.0381,1.03851,2.03,2.04
2011.05.09 16:59:13.206,1.03813,1.03857,2.03,2.85
2011.05.09 16:59:13.737,1.03814,1.03857,2.03,2.10
2011.05.09 16:59:15.593,1.03813,1.03857,2.03,2.10
2011.05.09 16:59:15.922,1.03811,1.03857,2.03,4.13
2011.05.09 16:59:16.145,1.03807,1.03852,2.03,2.63
2011.05.09 16:59:16.365,1.03812,1.03856,2.03,1.73
2011.05.09 16:59:16.913,1.03811,1.03854,2.03,1.35
2011.05.09 16:59:18.048,1.0381,1.03854,2.03,1.35
2011.05.09 16:59:18.465,1.03816,1.03854,2.03,1.35
2011.05.09 16:59:18.687,1.03821,1.03859,2.03,1.35
2011.05.09 16:59:19.355,1.03826,1.03863,2.03,2.85
2011.05.09 16:59:20.236,1.03826,1.03866,2.03,2.04
2011.05.09 16:59:20.783,1.03824,1.03866,2.40,1.29
2011.05.09 16:59:21.002,1.03822,1.03866,4.28,1.29
2011.05.09 16:59:22.760,1.03823,1.03864,1.50,1.35
2011.05.09 16:59:23.017,1.03824,1.03863,1.50,1.35
2011.05.09 16:59:24.943,1.03827,1.03866,1.13,1.29
2011.05.09 16:59:25.386,1.03829,1.03875,2.40,1.35
2011.05.09 16:59:25.724,1.03832,1.03874,1.13,2.63
2011.05.09 16:59:25.943,1.0383,1.03874,1.13,2.63
2011.05.09 16:59:27.209,1.0383,1.03873,1.13,1.35
2011.05.09 16:59:27.328,1.03825,1.03869,3.15,2.10
2011.05.09 16:59:27.663,1.03825,1.03865,1.13,2.10
2011.05.09 16:59:27.996,1.03823,1.03865,2.03,2.10
2011.05.09 16:59:28.326,1.03823,1.03858,2.03,2.10
2011.05.09 16:59:28.432,1.0382,1.03858,2.03,2.10
2011.05.09 16:59:28.764,1.03818,1.03859,2.03,2.10
2011.05.09 16:59:28.871,1.03816,1.03859,2.78,2.10
2011.05.09 16:59:30.114,1.03815,1.03859,3.90,2.10
2011.05.09 16:59:31.141,1.03815,1.03859,3.90,2.10
2011.05.09 16:59:31.704,1.03815,1.0386,2.03,3.00
2011.05.09 16:59:31.814,1.03812,1.03859,2.78,3.00
2011.05.09 16:59:32.032,1.03808,1.03855,3.15,2.63
2011.05.09 16:59:32.481,1.03812,1.03854,2.03,2.63
2011.05.09 16:59:32.933,1.0381,1.03854,1.13,2.63
2011.05.09 16:59:33.484,1.03813,1.03858,2.03,2.63
2011.05.09 16:59:34.049,1.03811,1.03856,2.78,2.63
2011.05.09 16:59:35.732,1.03815,1.03858,1.13,2.63
2011.05.09 16:59:37.124,1.03814,1.03858,1.73,3.53
2011.05.09 16:59:37.233,1.03811,1.03856,3.00,2.03
2011.05.09 16:59:37.343,1.03811,1.03856,2.03,4.13
2011.05.09 16:59:37.564,1.03805,1.03851,2.40,2.63
2011.05.09 16:59:37.675,1.03805,1.03851,2.03,2.63
2011.05.09 16:59:38.343,1.03803,1.03848,3.75,2.63
2011.05.09 16:59:39.338,1.03803,1.03848,3.75,2.63
2011.05.09 16:59:39.567,1.03814,1.03857,2.40,2.03
2011.05.09 16:59:39.685,1.03817,1.03862,2.48,2.63
2011.05.09 16:59:39.904,1.03816,1.03861,2.03,2.63
2011.05.09 16:59:40.016,1.03813,1.0386,3.90,2.63
2011.05.09 16:59:40.123,1.03813,1.0386,2.40,3.38
2011.05.09 16:59:40.453,1.03813,1.0386,2.78,3.75
2011.05.09 16:59:40.783,1.03809,1.03854,3.53,2.63
2011.05.09 16:59:41.004,1.0381,1.03855,2.03,2.48
2011.05.09 16:59:41.114,1.03808,1.03855,2.03,4.50
2011.05.09 16:59:41.845,1.03807,1.03853,1.13,2.63
2011.05.09 16:59:42.065,1.03813,1.03855,2.03,2.10
2011.05.09 16:59:42.802,1.03806,1.03853,2.78,2.63
2011.05.09 16:59:43.174,1.03806,1.03853,3.15,2.63
2011.05.09 16:59:44.262,1.03812,1.03855,2.03,2.10
2011.05.09 16:59:44.812,1.03809,1.03853,2.40,2.63
2011.05.09 16:59:45.826,1.0381,1.03853,1.13,2.63
2011.05.09 16:59:45.931,1.0381,1.03853,1.13,2.03
2011.05.09 16:59:46.157,1.03814,1.03858,2.40,1.50
2011.05.09 16:59:46.382,1.03825,1.03866,1.13,2.94
2011.05.09 16:59:46.493,1.03824,1.03866,2.40,2.19
2011.05.09 16:59:47.136,1.03825,1.03867,1.13,2.94
2011.05.09 16:59:47.245,1.03825,1.0387,1.13,2.63
2011.05.09 16:59:47.684,1.03834,1.03877,2.03,2.10
2011.05.09 16:59:47.792,1.03834,1.03879,2.03,2.63
2011.05.09 16:59:48.892,1.03836,1.03879,2.03,1.35
2011.05.09 16:59:49.752,1.03838,1.03881,2.03,2.10
2011.05.09 16:59:50.274,1.03837,1.03881,2.03,2.10
2011.05.09 16:59:52.954,1.0384,1.03881,1.13,2.10
2011.05.09 16:59:53.173,1.0384,1.03885,3.15,2.03
2011.05.09 16:59:53.504,1.03847,1.03889,2.48,2.63
2011.05.09 16:59:55.316,1.03848,1.0389,1.13,2.63
2011.05.09 16:59:55.543,1.03847,1.03889,2.10,3.75
2011.05.09 16:59:55.653,1.03845,1.03882,2.03,2.10
2011.05.09 16:59:55.873,1.03839,1.03882,2.78,2.10
2011.05.09 16:59:56.203,1.03836,1.0388,2.78,1.73
2011.05.09 16:59:57.434,1.03831,1.03878,3.90,2.63
2011.05.09 16:59:57.983,1.03832,1.03877,2.03,2.63
2011.05.09 16:59:59.137,1.03832,1.03878,1.13,2.63
2011.05.09 16:59:59.755,1.03834,1.03877,2.03,2.10
2011.05.09 16:59:59.863,1.03829,1.03875,1.13,2.63
2011.05.09 16:59:59.974,1.03831,1.03875,1.13,2.03
