2015.01.15 16:00:00.180,0.98033,0.98067,1.07,1.95
2015.01.15 16:00:00.340,0.98033,0.98069,3.00,1.47
2015.01.15 16:00:00.442,0.98033,0.98069,1.07,2.62
2015.01.15 16:00:00.593,0.98039,0.98065,1.00,1.07
2015.01.15 16:00:01.097,0.98039,0.98064,1.00,1.57
2015.01.15 16:00:01.399,0.98029,0.98064,4.50,1.50
2015.01.15 16:00:01.603,0.98038,0.98066,1.00,1.07
2015.01.15 16:00:01.754,0.98038,0.98067,1.10,1.50
2015.01.15 16:00:01.956,0.98038,0.98067,1.00,1.95
2015.01.15 16:00:02.271,0.98034,0.98062,2.25,1.95
2015.01.15 16:00:02.372,0.98025,0.98062,2.25,1.95
2015.01.15 16:00:02.826,0.98028,0.98066,2.70,2.17
2015.01.15 16:00:03.393,0.98029,0.98065,1.10,4.35
2015.01.15 16:00:03.695,0.98034,0.98062,1.00,1.20
2015.01.15 16:00:03.896,0.98028,0.98062,1.07,1.20
2015.01.15 16:00:04.098,0.98028,0.98067,1.07,1.07
2015.01.15 16:00:04.409,0.98031,0.98069,2.25,1.05
2015.01.15 16:00:04.711,0.98034,0.98067,1.00,1.20
2015.01.15 16:00:05.366,0.9803,0.98067,1.57,3.45
2015.01.15 16:00:05.912,0.98034,0.98065,1.00,2.32
2015.01.15 16:00:06.214,0.98034,0.98063,1.00,1.12
2015.01.15 16:00:06.315,0.98033,0.98061,1.00,1.50
2015.01.15 16:00:06.618,0.98033,0.98057,1.00,1.12
2015.01.15 16:00:06.869,0.98018,0.98052,1.10,2.17
2015.01.15 16:00:06.970,0.98018,0.9805,1.50,2.85
2015.01.15 16:00:07.122,0.98014,0.98049,1.10,2.17
2015.01.15 16:00:07.855,0.98018,0.98048,1.00,1.20
2015.01.15 16:00:08.157,0.98014,0.98043,1.00,2.17
2015.01.15 16:00:08.309,0.98004,0.98041,2.25,1.57
2015.01.15 16:00:08.409,0.98004,0.98036,2.25,1.50
2015.01.15 16:00:08.510,0.98003,0.98036,1.07,1.50
2015.01.15 16:00:08.561,0.98003,0.98036,1.07,2.10
2015.01.15 16:00:08.612,0.98003,0.98033,1.00,1.67
2015.01.15 16:00:08.662,0.97995,0.98029,2.25,1.50
2015.01.15 16:00:08.713,0.97994,0.98029,1.07,1.57
2015.01.15 16:00:08.763,0.97994,0.98027,1.07,1.50
2015.01.15 16:00:09.067,0.97987,0.98025,1.57,1.57
2015.01.15 16:00:09.118,0.97993,0.98025,1.00,2.92
2015.01.15 16:00:09.219,0.97984,0.98019,1.07,1.57
2015.01.15 16:00:09.471,0.97984,0.98018,1.00,4.72
2015.01.15 16:00:09.974,0.97984,0.98012,1.00,1.12
2015.01.15 16:00:10.276,0.97988,0.98015,1.00,1.45
2015.01.15 16:00:10.532,0.97989,0.98016,1.00,1.00
2015.01.15 16:00:10.633,0.97984,0.98015,1.00,1.10
2015.01.15 16:00:10.785,0.97984,0.98011,1.00,1.00
2015.01.15 16:00:10.886,0.97983,0.98016,1.00,1.07
2015.01.15 16:00:10.987,0.97983,0.98016,2.32,1.00
2015.01.15 16:00:11.299,0.97984,0.98017,1.07,2.10
2015.01.15 16:00:11.400,0.97984,0.98015,1.00,2.17
2015.01.15 16:00:11.602,0.97978,0.9801,1.10,1.00
2015.01.15 16:00:11.814,0.97978,0.9801,1.00,3.37
2015.01.15 16:00:12.117,0.97978,0.98003,1.00,1.87
2015.01.15 16:00:12.168,0.97969,0.98,1.07,2.10
2015.01.15 16:00:12.521,0.97969,0.97995,1.00,2.25
2015.01.15 16:00:12.823,0.97968,0.97992,1.00,3.22
2015.01.15 16:00:13.042,0.97969,0.97992,1.00,1.00
2015.01.15 16:00:13.143,0.97959,0.97992,1.07,1.87
2015.01.15 16:00:13.294,0.97959,0.97992,1.00,1.00
2015.01.15 16:00:13.395,0.97958,0.9799,1.00,1.50
2015.01.15 16:00:13.647,0.97958,0.97993,1.00,2.32
2015.01.15 16:00:13.697,0.97958,0.97991,1.00,1.50
2015.01.15 16:00:14.000,0.97961,0.97992,1.57,1.12
2015.01.15 16:00:14.101,0.97958,0.97992,1.07,1.12
2015.01.15 16:00:14.347,0.97968,0.97992,1.00,1.12
2015.01.15 16:00:14.604,0.97964,0.97992,1.00,1.12
2015.01.15 16:00:14.705,0.97964,0.97994,1.00,2.32
2015.01.15 16:00:14.982,0.97963,0.97992,1.00,1.12
2015.01.15 16:00:15.139,0.97959,0.97991,1.07,1.00
2015.01.15 16:00:15.243,0.97959,0.9799,1.07,1.60
2015.01.15 16:00:15.344,0.97953,0.97986,1.07,1.50
2015.01.15 16:00:15.495,0.97953,0.97986,1.00,1.42
2015.01.15 16:00:15.596,0.97949,0.97982,1.00,1.95
2015.01.15 16:00:15.748,0.97949,0.9798,1.00,1.00
2015.01.15 16:00:16.103,0.97953,0.9798,1.00,1.00
2015.01.15 16:00:16.363,0.97949,0.9798,1.00,1.07
2015.01.15 16:00:16.817,0.97949,0.97979,1.00,1.00
2015.01.15 16:00:16.918,0.97954,0.97979,1.00,1.00
2015.01.15 16:00:16.969,0.97954,0.97982,1.00,1.95
2015.01.15 16:00:17.120,0.97954,0.97984,1.00,1.10
2015.01.15 16:00:17.323,0.97954,0.97983,1.00,1.37
2015.01.15 16:00:17.624,0.97954,0.97986,1.00,1.07
2015.01.15 16:00:17.876,0.97958,0.97986,1.00,1.07
2015.01.15 16:00:18.128,0.97954,0.97985,1.00,1.07
2015.01.15 16:00:18.229,0.97954,0.97982,1.10,1.00
2015.01.15 16:00:18.381,0.97954,0.97989,1.10,2.92
2015.01.15 16:00:18.431,0.97953,0.97986,1.10,1.07
2015.01.15 16:00:18.744,0.97953,0.97984,1.07,1.00
2015.01.15 16:00:18.970,0.97954,0.97987,1.57,1.20
2015.01.15 16:00:19.071,0.97958,0.97991,1.00,1.67
2015.01.15 16:00:19.223,0.97958,0.97989,1.10,1.00
2015.01.15 16:00:19.324,0.97964,0.97991,1.00,1.10
2015.01.15 16:00:19.626,0.97959,0.97989,1.00,2.25
2015.01.15 16:00:19.878,0.97959,0.97987,1.00,1.20
2015.01.15 16:00:20.029,0.97959,0.97991,1.00,1.07
2015.01.15 16:00:20.650,0.97957,0.97993,1.57,1.57
2015.01.15 16:00:20.751,0.97954,0.97991,1.10,2.25
2015.01.15 16:00:20.851,0.97953,0.97988,1.00,2.25
2015.01.15 16:00:21.204,0.97958,0.97988,1.00,3.37
2015.01.15 16:00:21.406,0.97954,0.97985,1.00,3.37
2015.01.15 16:00:21.557,0.97954,0.97984,1.00,1.45
2015.01.15 16:00:21.608,0.97951,0.97984,1.57,1.45
2015.01.15 16:00:21.860,0.97959,0.97984,1.00,1.07
2015.01.15 16:00:21.961,0.97959,0.97984,1.00,1.00
2015.01.15 16:00:22.062,0.97958,0.97985,1.00,1.07
2015.01.15 16:00:22.163,0.97949,0.97983,1.00,2.85
2015.01.15 16:00:22.264,0.97949,0.97981,1.00,4.35
2015.01.15 16:00:22.566,0.97949,0.97979,1.00,2.25
2015.01.15 16:00:22.617,0.97944,0.97979,1.00,2.25
2015.01.15 16:00:22.768,0.97945,0.97977,1.57,1.00
2015.01.15 16:00:22.869,0.97944,0.97981,1.07,1.07
2015.01.15 16:00:22.989,0.97944,0.97977,1.07,1.00
2015.01.15 16:00:23.301,0.97947,0.97981,1.50,1.57
2015.01.15 16:00:23.403,0.97953,0.97981,1.00,1.07
2015.01.15 16:00:23.806,0.97949,0.97981,1.07,1.07
2015.01.15 16:00:24.165,0.97949,0.97982,1.00,1.80
2015.01.15 16:00:24.674,0.97949,0.97983,1.07,1.47
2015.01.15 16:00:24.825,0.97954,0.97986,1.00,1.57
2015.01.15 16:00:25.152,0.97949,0.97984,1.00,2.25
2015.01.15 16:00:25.655,0.97949,0.97979,1.00,3.00
2015.01.15 16:00:25.907,0.97944,0.97977,1.00,1.20
2015.01.15 16:00:25.958,0.97944,0.97975,1.00,2.25
2015.01.15 16:00:26.260,0.97943,0.97973,1.00,2.25
2015.01.15 16:00:26.361,0.97938,0.97969,1.00,2.25
2015.01.15 16:00:26.462,0.97938,0.9797,1.00,1.07
2015.01.15 16:00:26.915,0.97948,0.97974,1.00,3.00
2015.01.15 16:00:27.067,0.97948,0.97977,1.00,1.57
2015.01.15 16:00:27.218,0.97944,0.97977,1.00,1.57
2015.01.15 16:00:27.269,0.97944,0.97974,1.00,2.25
2015.01.15 16:00:27.370,0.97936,0.97974,1.57,2.85
2015.01.15 16:00:27.572,0.97936,0.97975,2.25,1.07
2015.01.15 16:00:27.874,0.97943,0.97978,1.10,2.25
2015.01.15 16:00:28.127,0.97936,0.97974,1.57,2.25
2015.01.15 16:00:28.630,0.97931,0.97967,1.10,2.25
2015.01.15 16:00:28.832,0.97928,0.97965,1.00,1.57
2015.01.15 16:00:29.093,0.97932,0.97962,1.50,1.20
2015.01.15 16:00:29.143,0.97933,0.97967,3.75,1.45
2015.01.15 16:00:29.194,0.97933,0.97973,3.75,2.17
2015.01.15 16:00:29.245,0.97937,0.97976,2.85,1.22
2015.01.15 16:00:29.295,0.97937,0.97976,2.85,1.00
2015.01.15 16:00:29.447,0.97943,0.97982,3.00,4.95
2015.01.15 16:00:29.598,0.97946,0.97986,1.57,2.25
2015.01.15 16:00:29.648,0.97954,0.97986,1.00,2.25
2015.01.15 16:00:29.951,0.97954,0.97983,2.25,1.00
2015.01.15 16:00:30.052,0.97955,0.97988,1.57,1.20
2015.01.15 16:00:30.315,0.97964,0.97989,1.00,1.07
2015.01.15 16:00:30.618,0.97964,0.9799,1.00,1.00
2015.01.15 16:00:30.870,0.97957,0.97993,1.50,2.17
2015.01.15 16:00:31.026,0.97954,0.97989,2.25,1.57
2015.01.15 16:00:31.346,0.97954,0.97986,1.00,1.50
2015.01.15 16:00:31.447,0.97954,0.97988,1.00,1.50
2015.01.15 16:00:32.019,0.97953,0.9799,1.10,2.17
2015.01.15 16:00:32.556,0.97953,0.9799,1.00,4.35
2015.01.15 16:00:33.061,0.97953,0.97987,1.00,2.62
2015.01.15 16:00:33.263,0.97954,0.97989,2.25,1.45
2015.01.15 16:00:33.364,0.97954,0.97986,1.00,2.25
2015.01.15 16:00:33.414,0.97949,0.97986,1.50,2.85
2015.01.15 16:00:33.465,0.97951,0.97986,1.50,2.85
2015.01.15 16:00:33.768,0.97955,0.97992,2.17,1.10
2015.01.15 16:00:33.818,0.97968,0.97996,1.00,1.67
2015.01.15 16:00:33.919,0.97968,0.97997,1.00,1.20
2015.01.15 16:00:34.020,0.97968,0.97997,1.00,1.07
2015.01.15 16:00:34.121,0.97968,0.97997,1.00,1.00
2015.01.15 16:00:34.172,0.97958,0.97997,1.57,1.12
2015.01.15 16:00:34.273,0.97955,0.97997,1.07,1.20
2015.01.15 16:00:34.323,0.97961,0.97997,2.25,1.12
2015.01.15 16:00:34.374,0.97961,0.98,2.25,1.57
2015.01.15 16:00:34.626,0.97959,0.97998,1.07,2.25
2015.01.15 16:00:34.928,0.97959,0.97991,1.00,2.25
2015.01.15 16:00:35.349,0.97959,0.97986,1.00,2.25
2015.01.15 16:00:35.399,0.97951,0.97986,1.37,3.60
2015.01.15 16:00:35.450,0.97949,0.97986,1.50,3.60
2015.01.15 16:00:35.501,0.97947,0.97978,1.10,1.00
2015.01.15 16:00:35.652,0.97934,0.97974,1.50,4.35
2015.01.15 16:00:35.753,0.97934,0.97969,1.00,2.25
2015.01.15 16:00:35.955,0.97934,0.9797,1.00,1.57
2015.01.15 16:00:36.156,0.97934,0.97964,1.00,2.25
2015.01.15 16:00:36.358,0.97928,0.97964,1.00,2.25
2015.01.15 16:00:36.560,0.97923,0.97965,1.07,1.57
2015.01.15 16:00:36.711,0.97927,0.9796,1.10,1.50
2015.01.15 16:00:36.812,0.97923,0.9796,1.10,1.57
2015.01.15 16:00:36.963,0.97924,0.97958,1.50,2.25
2015.01.15 16:00:37.115,0.97918,0.97958,1.70,2.62
2015.01.15 16:00:37.216,0.97919,0.9796,2.85,1.45
2015.01.15 16:00:37.519,0.97934,0.97964,1.00,1.57
2015.01.15 16:00:37.570,0.97928,0.97962,1.00,1.07
2015.01.15 16:00:37.670,0.97928,0.97958,1.00,1.50
2015.01.15 16:00:37.922,0.97923,0.97959,1.00,1.57
2015.01.15 16:00:38.024,0.97918,0.97954,1.07,1.50
2015.01.15 16:00:38.074,0.97918,0.97954,1.00,1.57
2015.01.15 16:00:38.175,0.97918,0.97958,2.62,1.07
2015.01.15 16:00:38.276,0.97914,0.97949,1.00,2.25
2015.01.15 16:00:38.478,0.97909,0.97949,1.57,2.25
2015.01.15 16:00:38.579,0.9791,0.97944,1.00,1.57
2015.01.15 16:00:38.882,0.97905,0.97937,1.00,1.57
2015.01.15 16:00:38.983,0.97905,0.97937,1.00,1.57
2015.01.15 16:00:39.117,0.97909,0.9794,1.00,1.57
2015.01.15 16:00:39.638,0.97908,0.97942,1.00,2.62
2015.01.15 16:00:39.890,0.97905,0.97942,1.00,2.62
2015.01.15 16:00:40.293,0.97906,0.97939,1.00,2.25
2015.01.15 16:00:40.669,0.97906,0.9794,2.25,1.37
2015.01.15 16:00:40.769,0.97904,0.97943,1.10,3.00
2015.01.15 16:00:40.870,0.97908,0.97948,3.00,1.57
2015.01.15 16:00:41.189,0.97905,0.97942,1.00,2.25
2015.01.15 16:00:41.492,0.97906,0.97938,1.00,2.25
2015.01.15 16:00:42.365,0.97906,0.9794,1.00,1.45
2015.01.15 16:00:42.667,0.97905,0.97936,1.00,2.25
2015.01.15 16:00:42.768,0.97905,0.97942,1.00,1.57
2015.01.15 16:00:42.869,0.97905,0.97936,1.00,3.75
2015.01.15 16:00:43.188,0.97906,0.97934,1.00,3.75
2015.01.15 16:00:43.512,0.97907,0.9793,1.00,2.25
2015.01.15 16:00:44.020,0.97906,0.9793,1.00,2.85
2015.01.15 16:00:44.487,0.97902,0.97925,1.50,1.57
2015.01.15 16:00:44.538,0.97894,0.97925,1.00,1.57
2015.01.15 16:00:44.589,0.97891,0.9792,1.50,2.25
2015.01.15 16:00:44.639,0.97889,0.9792,1.00,2.25
2015.01.15 16:00:44.698,0.97894,0.9792,1.00,2.25
2015.01.15 16:00:45.006,0.97894,0.97922,1.00,1.20
2015.01.15 16:00:45.157,0.97894,0.97918,1.00,1.50
2015.01.15 16:00:45.359,0.97889,0.97917,1.00,1.20
2015.01.15 16:00:45.409,0.97889,0.97915,1.00,2.25
2015.01.15 16:00:45.611,0.97883,0.97912,1.00,1.20
2015.01.15 16:00:45.813,0.97874,0.97909,1.00,3.75
2015.01.15 16:00:45.914,0.97874,0.97906,1.00,2.25
2015.01.15 16:00:46.014,0.97874,0.97908,1.00,2.25
2015.01.15 16:00:46.115,0.97874,0.97912,1.07,2.25
2015.01.15 16:00:46.317,0.97873,0.97909,1.10,2.25
2015.01.15 16:00:46.619,0.97879,0.9791,1.00,2.25
2015.01.15 16:00:46.720,0.97879,0.97914,1.00,2.25
2015.01.15 16:00:46.821,0.97879,0.9791,1.00,2.25
2015.01.15 16:00:46.922,0.97874,0.97908,1.00,2.25
2015.01.15 16:00:47.023,0.97874,0.979,1.00,2.25
2015.01.15 16:00:47.317,0.97869,0.97897,1.00,2.25
2015.01.15 16:00:47.368,0.97864,0.97897,1.00,2.25
2015.01.15 16:00:47.469,0.97859,0.97897,1.07,2.25
2015.01.15 16:00:47.519,0.97859,0.97893,1.00,2.25
2015.01.15 16:00:47.872,0.97854,0.97891,1.00,2.25
2015.01.15 16:00:48.275,0.97851,0.97894,2.25,3.00
2015.01.15 16:00:48.376,0.97859,0.97894,1.00,3.00
2015.01.15 16:00:48.678,0.97859,0.97889,1.00,2.25
2015.01.15 16:00:48.779,0.97859,0.97892,1.00,2.25
2015.01.15 16:00:48.880,0.97858,0.97889,1.00,2.25
2015.01.15 16:00:49.395,0.97859,0.97889,1.00,2.25
2015.01.15 16:00:50.452,0.97859,0.97886,1.00,2.25
2015.01.15 16:00:50.855,0.97858,0.97878,1.00,2.25
2015.01.15 16:00:50.906,0.97848,0.97878,1.00,2.25
2015.01.15 16:00:50.956,0.97848,0.97876,1.00,2.25
2015.01.15 16:00:51.132,0.97844,0.97876,1.00,2.25
2015.01.15 16:00:51.333,0.97834,0.97876,1.67,2.25
2015.01.15 16:00:51.485,0.97834,0.97871,1.07,2.25
2015.01.15 16:00:51.858,0.97839,0.97874,1.00,2.25
2015.01.15 16:00:52.175,0.97838,0.97877,1.07,4.12
2015.01.15 16:00:52.642,0.97844,0.97877,1.00,4.50
2015.01.15 16:00:52.944,0.97838,0.97867,1.00,3.00
2015.01.15 16:00:53.096,0.97833,0.97867,1.07,2.17
2015.01.15 16:00:53.197,0.97833,0.97869,1.07,1.80
2015.01.15 16:00:53.656,0.97838,0.9787,1.00,2.25
2015.01.15 16:00:54.024,0.97838,0.97872,1.00,4.72
2015.01.15 16:00:54.074,0.97838,0.97868,1.00,2.25
2015.01.15 16:00:54.377,0.97844,0.97868,1.00,3.37
2015.01.15 16:00:54.428,0.97839,0.97868,1.00,1.95
2015.01.15 16:00:54.529,0.97839,0.97868,1.07,1.12
2015.01.15 16:00:54.579,0.97839,0.9787,1.07,1.00
2015.01.15 16:00:54.680,0.97838,0.97877,3.60,1.57
2015.01.15 16:00:54.882,0.97844,0.97877,1.07,1.00
2015.01.15 16:00:55.200,0.97853,0.97881,1.00,1.67
2015.01.15 16:00:55.402,0.97844,0.97881,1.00,3.00
2015.01.15 16:00:55.805,0.97844,0.97877,1.00,2.25
2015.01.15 16:00:55.906,0.97844,0.97881,1.00,3.00
2015.01.15 16:00:56.007,0.97843,0.97872,1.10,1.87
2015.01.15 16:00:56.309,0.97855,0.97878,3.00,1.37
2015.01.15 16:00:56.410,0.97855,0.97882,1.07,1.00
2015.01.15 16:00:56.461,0.97856,0.97894,1.70,2.25
2015.01.15 16:00:56.511,0.97874,0.97898,1.00,3.00
2015.01.15 16:00:56.612,0.97878,0.97901,1.00,1.57
2015.01.15 16:00:56.764,0.97878,0.97907,1.00,1.07
2015.01.15 16:00:56.814,0.97878,0.97906,1.00,2.25
2015.01.15 16:00:57.066,0.97874,0.97902,1.00,1.10
2015.01.15 16:00:57.171,0.97879,0.97902,1.00,1.10
2015.01.15 16:00:57.373,0.97868,0.97907,2.25,1.95
2015.01.15 16:00:57.474,0.97867,0.97905,1.07,2.25
2015.01.15 16:00:57.776,0.97878,0.97909,1.00,2.25
2015.01.15 16:00:57.826,0.97868,0.97909,1.07,2.25
2015.01.15 16:00:57.978,0.97871,0.97912,2.25,2.25
2015.01.15 16:00:58.280,0.97877,0.97917,2.25,1.07
2015.01.15 16:00:58.683,0.97878,0.97916,1.10,2.25
2015.01.15 16:00:58.784,0.97878,0.97918,1.07,3.00
2015.01.15 16:00:59.086,0.9788,0.9792,2.25,2.25
2015.01.15 16:00:59.489,0.97883,0.97924,2.25,2.25
2015.01.15 16:01:00.071,0.9788,0.97921,2.25,2.25
2015.01.15 16:01:00.373,0.97877,0.97917,2.25,1.07
2015.01.15 16:01:00.675,0.97878,0.97916,1.10,2.25
2015.01.15 16:01:01.203,0.97879,0.97915,1.10,2.25
2015.01.15 16:01:01.411,0.97879,0.97915,1.10,1.07
2015.01.15 16:01:01.516,0.97879,0.97914,1.00,2.25
2015.01.15 16:01:01.718,0.97882,0.97916,1.10,1.07
2015.01.15 16:01:01.819,0.97887,0.97921,2.30,1.00
2015.01.15 16:01:01.869,0.97894,0.97928,1.29,2.25
2015.01.15 16:01:01.920,0.97894,0.9793,1.39,2.25
2015.01.15 16:01:01.971,0.97894,0.9793,1.10,2.25
2015.01.15 16:01:02.122,0.97899,0.9793,1.00,2.25
2015.01.15 16:01:02.324,0.97886,0.97928,1.45,2.25
2015.01.15 16:01:02.525,0.97883,0.97924,4.87,2.25
2015.01.15 16:01:03.059,0.97889,0.97924,1.00,2.25
2015.01.15 16:01:04.083,0.97894,0.97924,1.00,2.25
2015.01.15 16:01:04.133,0.97894,0.97927,1.00,1.07
2015.01.15 16:01:04.335,0.97893,0.97924,1.00,2.25
2015.01.15 16:01:04.436,0.97893,0.97928,1.00,3.75
2015.01.15 16:01:04.702,0.97893,0.9793,1.10,2.85
2015.01.15 16:01:05.105,0.97893,0.97926,1.00,2.25
2015.01.15 16:01:05.256,0.97893,0.9793,1.10,2.32
2015.01.15 16:01:05.357,0.97894,0.9793,2.25,1.00
2015.01.15 16:01:05.407,0.97894,0.97932,2.25,1.20
2015.01.15 16:01:05.458,0.97893,0.97931,1.07,2.25
2015.01.15 16:01:05.861,0.97893,0.97932,3.60,1.07
2015.01.15 16:01:06.349,0.97898,0.97938,3.37,1.07
2015.01.15 16:01:06.753,0.97901,0.97942,2.25,1.07
2015.01.15 16:01:06.854,0.97903,0.97939,1.00,2.25
2015.01.15 16:01:07.156,0.97898,0.97939,1.07,1.07
2015.01.15 16:01:08.477,0.97902,0.97943,2.25,1.07
2015.01.15 16:01:08.780,0.97909,0.97947,2.25,1.00
2015.01.15 16:01:09.312,0.97909,0.97951,3.00,1.07
2015.01.15 16:01:09.884,0.97906,0.97947,1.57,1.20
2015.01.15 16:01:10.085,0.97902,0.97946,1.07,2.25
2015.01.15 16:01:10.790,0.97914,0.97942,1.00,1.07
2015.01.15 16:01:11.093,0.97914,0.97939,1.00,1.37
2015.01.15 16:01:11.143,0.97908,0.97939,1.00,1.37
2015.01.15 16:01:11.345,0.97904,0.97939,1.07,1.37
2015.01.15 16:01:11.395,0.97904,0.97941,1.00,3.37
2015.01.15 16:01:11.899,0.97903,0.97937,1.00,1.20
2015.01.15 16:01:12.201,0.97904,0.97939,1.07,1.37
2015.01.15 16:01:12.549,0.97904,0.97935,1.00,1.00
2015.01.15 16:01:12.650,0.97897,0.97935,3.00,1.00
2015.01.15 16:01:12.701,0.97897,0.97932,1.07,1.07
2015.01.15 16:01:13.004,0.97893,0.9793,2.25,1.37
2015.01.15 16:01:13.307,0.97893,0.97928,1.10,1.95
2015.01.15 16:01:13.407,0.97893,0.97927,3.00,1.12
2015.01.15 16:01:13.509,0.97893,0.97927,1.00,1.20
2015.01.15 16:01:13.609,0.97893,0.97927,1.07,1.12
2015.01.15 16:01:13.711,0.97889,0.97928,3.00,1.12
2015.01.15 16:01:14.219,0.97889,0.97931,3.00,2.17
2015.01.15 16:01:14.421,0.97889,0.97927,1.00,2.25
2015.01.15 16:01:14.730,0.97903,0.97932,1.00,4.35
2015.01.15 16:01:14.888,0.97893,0.97932,1.00,3.97
2015.01.15 16:01:15.398,0.97894,0.97931,1.00,1.57
2015.01.15 16:01:15.499,0.97894,0.9793,1.07,1.10
2015.01.15 16:01:15.801,0.97894,0.97931,1.00,2.25
2015.01.15 16:01:16.104,0.97893,0.97927,1.00,1.20
2015.01.15 16:01:16.205,0.97893,0.97927,1.07,1.95
2015.01.15 16:01:16.407,0.97893,0.97932,3.00,1.47
2015.01.15 16:01:16.457,0.97893,0.97934,3.00,1.95
2015.01.15 16:01:16.911,0.97893,0.97933,1.07,2.25
2015.01.15 16:01:17.421,0.97899,0.97929,1.00,2.25
2015.01.15 16:01:17.623,0.97893,0.97927,1.00,1.57
2015.01.15 16:01:17.824,0.97888,0.97927,1.07,2.17
2015.01.15 16:01:17.925,0.97888,0.97923,1.00,1.07
2015.01.15 16:01:18.177,0.97884,0.97922,1.07,1.20
2015.01.15 16:01:18.379,0.97888,0.97922,1.00,2.70
2015.01.15 16:01:18.694,0.97888,0.9792,1.00,3.75
2015.01.15 16:01:19.198,0.97889,0.97919,1.00,1.47
2015.01.15 16:01:19.621,0.97889,0.97925,1.00,1.45
2015.01.15 16:01:20.124,0.97889,0.97928,1.00,1.45
2015.01.15 16:01:20.801,0.97889,0.97929,1.07,1.10
2015.01.15 16:01:20.902,0.97889,0.97922,1.00,2.25
2015.01.15 16:01:21.204,0.97893,0.97919,1.00,2.17
2015.01.15 16:01:21.279,0.97893,0.9792,1.00,1.45
2015.01.15 16:01:21.482,0.97894,0.97912,1.00,1.50
2015.01.15 16:01:21.684,0.97883,0.97916,1.00,1.57
2015.01.15 16:01:21.734,0.97883,0.97913,1.00,2.25
2015.01.15 16:01:22.037,0.97884,0.97913,1.00,1.10
2015.01.15 16:01:22.138,0.97883,0.97918,1.07,2.32
2015.01.15 16:01:22.239,0.97883,0.97918,1.00,2.32
2015.01.15 16:01:22.541,0.97883,0.97903,1.00,1.50
2015.01.15 16:01:22.592,0.97869,0.97905,1.07,1.50
2015.01.15 16:01:22.693,0.97869,0.97907,1.07,1.20
2015.01.15 16:01:22.743,0.97869,0.97907,1.07,1.20
2015.01.15 16:01:23.046,0.97869,0.97904,1.00,2.25
2015.01.15 16:01:23.398,0.97874,0.97904,1.00,2.25
2015.01.15 16:01:23.602,0.97869,0.97904,1.00,2.25
2015.01.15 16:01:24.064,0.97869,0.97907,1.07,1.57
2015.01.15 16:01:24.165,0.97869,0.97904,1.00,2.25
2015.01.15 16:01:24.417,0.97863,0.97902,1.07,2.25
2015.01.15 16:01:24.770,0.97863,0.97898,1.00,2.25
2015.01.15 16:01:25.124,0.97863,0.97893,1.00,1.95
2015.01.15 16:01:25.175,0.97855,0.97893,2.25,1.20
2015.01.15 16:01:25.857,0.97859,0.97897,1.07,1.07
2015.01.15 16:01:26.956,0.97867,0.97899,2.25,1.00
2015.01.15 16:01:27.057,0.97862,0.97899,1.07,2.25
2015.01.15 16:01:27.158,0.97867,0.97903,2.25,1.07
2015.01.15 16:01:27.260,0.97862,0.97903,2.62,1.07
2015.01.15 16:01:27.361,0.97869,0.97905,1.00,2.25
2015.01.15 16:01:28.022,0.97869,0.97905,1.00,3.00
2015.01.15 16:01:28.274,0.97864,0.97898,1.07,1.10
2015.01.15 16:01:28.375,0.97866,0.97902,2.25,1.00
2015.01.15 16:01:28.426,0.97866,0.97907,2.25,1.57
2015.01.15 16:01:28.477,0.97862,0.97902,2.25,1.07
2015.01.15 16:01:28.779,0.97868,0.97907,2.32,2.25
2015.01.15 16:01:28.981,0.97869,0.9791,3.75,2.25
2015.01.15 16:01:29.283,0.97872,0.97911,2.25,1.07
2015.01.15 16:01:29.588,0.97878,0.97914,2.25,1.57
2015.01.15 16:01:29.790,0.97882,0.97915,2.25,1.00
2015.01.15 16:01:29.840,0.97883,0.97919,1.57,1.07
2015.01.15 16:01:29.891,0.97889,0.97923,1.00,2.25
2015.01.15 16:01:29.992,0.97889,0.97926,1.07,1.07
2015.01.15 16:01:30.042,0.97889,0.97915,1.07,1.00
2015.01.15 16:01:30.093,0.97884,0.97915,1.00,1.00
2015.01.15 16:01:30.194,0.97885,0.97924,2.25,1.07
2015.01.15 16:01:31.298,0.97884,0.97924,1.07,2.25
2015.01.15 16:01:31.399,0.97886,0.97926,1.57,2.25
2015.01.15 16:01:31.500,0.97887,0.97929,3.75,2.25
2015.01.15 16:01:31.803,0.97887,0.97925,1.57,2.25
2015.01.15 16:01:32.106,0.97893,0.97925,1.00,2.25
2015.01.15 16:01:32.307,0.97888,0.97922,1.00,2.25
2015.01.15 16:01:33.495,0.97888,0.97916,1.00,2.25
2015.01.15 16:01:33.596,0.97888,0.97921,1.00,3.00
2015.01.15 16:01:33.848,0.97884,0.97921,1.07,2.25
2015.01.15 16:01:34.402,0.97885,0.97926,2.25,2.25
2015.01.15 16:01:34.857,0.97893,0.97926,1.00,2.25
2015.01.15 16:01:36.053,0.97889,0.97924,1.07,1.57
2015.01.15 16:01:37.852,0.97889,0.97924,1.00,2.25
2015.01.15 16:01:38.118,0.97883,0.97924,1.07,2.25
2015.01.15 16:01:38.370,0.97893,0.97924,1.00,2.25
2015.01.15 16:01:38.859,0.97894,0.97926,1.00,2.25
2015.01.15 16:01:38.909,0.97899,0.97926,1.00,2.25
2015.01.15 16:01:38.960,0.97899,0.97932,1.00,1.45
2015.01.15 16:01:39.061,0.97899,0.97933,1.00,1.07
2015.01.15 16:01:39.263,0.97899,0.97935,1.10,1.07
2015.01.15 16:01:40.569,0.97898,0.97931,1.00,3.75
2015.01.15 16:01:40.670,0.97893,0.97927,1.87,2.25
2015.01.15 16:01:40.821,0.97887,0.97927,1.57,2.25
2015.01.15 16:01:41.580,0.97882,0.97924,4.87,2.25
2015.01.15 16:01:41.681,0.97884,0.97922,1.10,2.25
2015.01.15 16:01:42.414,0.97888,0.97922,1.00,2.25
2015.01.15 16:01:43.619,0.97889,0.97922,1.00,2.25
2015.01.15 16:01:44.107,0.97889,0.97926,1.00,3.75
2015.01.15 16:01:45.549,0.97888,0.97923,1.10,1.07
2015.01.15 16:01:45.953,0.97889,0.9792,1.00,1.57
2015.01.15 16:01:46.282,0.97889,0.97914,1.00,1.07
2015.01.15 16:01:46.869,0.97884,0.97915,1.00,1.07
2015.01.15 16:01:47.637,0.97889,0.97916,1.00,2.25
2015.01.15 16:01:47.856,0.97884,0.97916,1.00,2.25
2015.01.15 16:01:48.390,0.97883,0.97915,1.00,1.07
2015.01.15 16:01:48.541,0.97888,0.97916,1.00,1.07
2015.01.15 16:01:48.642,0.97888,0.97922,1.00,1.20
2015.01.15 16:01:48.743,0.97885,0.97924,2.25,1.07
2015.01.15 16:01:49.145,0.97889,0.97923,1.00,1.07
2015.01.15 16:01:49.569,0.97889,0.97927,1.10,3.00
2015.01.15 16:01:51.266,0.97889,0.97928,1.07,1.57
2015.01.15 16:01:51.579,0.97889,0.97925,1.10,2.25
2015.01.15 16:01:53.467,0.97893,0.97925,1.00,2.25
2015.01.15 16:01:53.669,0.97893,0.97925,1.00,1.10
2015.01.15 16:01:55.133,0.97889,0.9793,1.95,2.62
2015.01.15 16:01:55.184,0.9789,0.97932,2.25,6.97
2015.01.15 16:01:55.506,0.97899,0.97932,1.00,3.37
2015.01.15 16:01:56.447,0.97898,0.97928,1.00,1.57
2015.01.15 16:01:56.548,0.97898,0.97934,1.20,1.80
2015.01.15 16:01:57.381,0.97899,0.97933,1.00,2.25
2015.01.15 16:01:57.693,0.97894,0.97931,1.07,1.07
2015.01.15 16:01:58.220,0.97898,0.97933,1.00,2.25
2015.01.15 16:01:58.998,0.97893,0.97932,1.57,1.07
2015.01.15 16:01:59.099,0.97899,0.97933,1.00,2.25
2015.01.15 16:02:00.068,0.97893,0.97932,1.20,1.07
2015.01.15 16:02:00.617,0.97899,0.97933,1.00,2.25
2015.01.15 16:02:00.777,0.97899,0.97936,1.07,1.07
2015.01.15 16:02:01.180,0.97899,0.97934,1.00,2.25
2015.01.15 16:02:01.850,0.97893,0.97934,4.12,2.25
2015.01.15 16:02:02.152,0.97898,0.97935,1.57,1.57
2015.01.15 16:02:02.203,0.97899,0.97935,3.00,1.50
2015.01.15 16:02:02.678,0.97899,0.97937,1.07,2.25
2015.01.15 16:02:03.082,0.97898,0.97936,1.00,2.25
2015.01.15 16:02:03.182,0.97898,0.9793,1.00,2.25
2015.01.15 16:02:03.283,0.97898,0.97932,1.10,1.57
2015.01.15 16:02:03.787,0.9789,0.97932,1.07,2.25
2015.01.15 16:02:03.989,0.97889,0.97927,1.00,2.25
2015.01.15 16:02:04.190,0.97889,0.97933,3.00,3.37
2015.01.15 16:02:04.880,0.97889,0.97929,1.07,1.57
2015.01.15 16:02:04.981,0.97888,0.97925,1.87,2.25
2015.01.15 16:02:05.183,0.9788,0.97925,1.07,2.25
2015.01.15 16:02:06.343,0.97888,0.97925,1.00,4.50
2015.01.15 16:02:06.661,0.97893,0.97925,1.00,1.00
2015.01.15 16:02:06.964,0.97882,0.9792,1.00,1.07
2015.01.15 16:02:07.065,0.97879,0.9792,2.25,1.45
2015.01.15 16:02:07.115,0.97879,0.9792,1.07,3.37
2015.01.15 16:02:07.574,0.97888,0.9792,1.00,2.25
2015.01.15 16:02:07.624,0.97888,0.97922,1.00,1.95
2015.01.15 16:02:07.826,0.97888,0.9792,1.00,2.25
2015.01.15 16:02:08.201,0.97883,0.97916,1.07,1.00
2015.01.15 16:02:08.403,0.97883,0.97924,1.07,4.87
2015.01.15 16:02:09.309,0.97883,0.97918,1.00,2.17
2015.01.15 16:02:09.410,0.97883,0.97917,1.50,1.07
2015.01.15 16:02:09.567,0.97878,0.97917,1.10,3.00
2015.01.15 16:02:09.668,0.97883,0.97917,1.00,2.25
2015.01.15 16:02:09.870,0.97874,0.97917,1.07,2.25
2015.01.15 16:02:10.121,0.97873,0.97912,1.07,1.07
2015.01.15 16:02:10.727,0.97872,0.97914,2.25,1.45
2015.01.15 16:02:11.280,0.97874,0.97918,1.57,4.12
2015.01.15 16:02:11.629,0.97879,0.97918,1.00,4.12
2015.01.15 16:02:13.607,0.97874,0.97916,2.32,1.07
2015.01.15 16:02:13.708,0.97874,0.97909,2.25,2.25
2015.01.15 16:02:14.111,0.97873,0.97905,1.00,2.25
2015.01.15 16:02:14.161,0.97866,0.97905,3.07,2.25
2015.01.15 16:02:14.212,0.97867,0.97906,2.25,1.07
2015.01.15 16:02:14.413,0.97869,0.9791,2.25,2.25
2015.01.15 16:02:14.816,0.97873,0.97912,1.57,1.07
2015.01.15 16:02:14.917,0.97873,0.97913,2.25,1.20
2015.01.15 16:02:15.421,0.97876,0.9791,1.50,1.07
2015.01.15 16:02:15.761,0.97874,0.97906,1.00,3.00
2015.01.15 16:02:16.416,0.97874,0.97908,1.10,1.20
2015.01.15 16:02:16.517,0.97874,0.97908,1.07,1.20
2015.01.15 16:02:16.618,0.97869,0.97908,2.92,2.62
2015.01.15 16:02:16.921,0.97874,0.97904,1.00,1.07
2015.01.15 16:02:17.122,0.97865,0.97908,5.25,4.12
2015.01.15 16:02:17.223,0.97869,0.97904,1.00,2.25
2015.01.15 16:02:17.324,0.97868,0.97905,2.25,1.07
2015.01.15 16:02:17.425,0.97864,0.97904,1.07,2.25
2015.01.15 16:02:17.727,0.97874,0.97896,1.00,2.25
2015.01.15 16:02:17.828,0.97874,0.97898,1.00,3.00
2015.01.15 16:02:17.929,0.97863,0.97898,1.00,2.25
2015.01.15 16:02:18.030,0.97859,0.97897,1.07,1.07
2015.01.15 16:02:18.542,0.9786,0.97894,2.25,1.00
2015.01.15 16:02:18.643,0.9786,0.979,2.25,1.57
2015.01.15 16:02:18.744,0.97859,0.97895,1.07,1.07
2015.01.15 16:02:18.845,0.97859,0.979,3.00,1.57
2015.01.15 16:02:19.147,0.97858,0.97897,1.57,1.07
2015.01.15 16:02:19.449,0.9786,0.97892,1.57,1.00
2015.01.15 16:02:19.574,0.9786,0.97893,1.50,2.25
2015.01.15 16:02:19.624,0.97856,0.97893,1.57,2.25
2015.01.15 16:02:19.776,0.97856,0.97895,1.57,1.07
2015.01.15 16:02:19.877,0.97864,0.97895,1.00,1.07
2015.01.15 16:02:19.978,0.97858,0.97892,1.07,1.10
2015.01.15 16:02:20.129,0.97859,0.97893,2.25,1.00
2015.01.15 16:02:20.230,0.97855,0.97892,3.75,1.87
2015.01.15 16:02:20.331,0.97854,0.97882,1.00,1.07
2015.01.15 16:02:20.533,0.97845,0.97881,1.00,1.07
2015.01.15 16:02:20.634,0.97843,0.97882,2.25,1.07
2015.01.15 16:02:20.835,0.97838,0.97881,3.00,2.25
2015.01.15 16:02:21.137,0.97848,0.97872,1.00,2.25
2015.01.15 16:02:21.188,0.97834,0.97872,1.10,2.25
2015.01.15 16:02:21.289,0.97839,0.97872,1.00,2.25
2015.01.15 16:02:21.339,0.97839,0.97874,1.10,1.45
2015.01.15 16:02:21.390,0.97844,0.97874,1.00,1.45
2015.01.15 16:02:21.441,0.97844,0.97874,1.00,1.45
2015.01.15 16:02:21.491,0.97848,0.97874,1.00,1.45
2015.01.15 16:02:21.693,0.9786,0.97897,3.00,5.70
2015.01.15 16:02:21.743,0.97864,0.97897,2.25,2.62
2015.01.15 16:02:22.060,0.97884,0.97917,3.75,1.12
2015.01.15 16:02:22.161,0.97885,0.97923,1.57,2.25
2015.01.15 16:02:22.413,0.97894,0.97923,1.00,2.25
2015.01.15 16:02:22.615,0.97884,0.97921,1.07,1.07
2015.01.15 16:02:24.006,0.97876,0.97918,2.25,1.07
2015.01.15 16:02:24.519,0.97874,0.97916,1.07,2.25
2015.01.15 16:02:25.177,0.97879,0.97915,1.00,1.45
2015.01.15 16:02:25.828,0.97878,0.97915,1.00,1.45
2015.01.15 16:02:26.130,0.97877,0.97916,1.95,1.07
2015.01.15 16:02:26.433,0.97883,0.97918,1.00,1.42
2015.01.15 16:02:26.685,0.97878,0.97917,1.07,2.32
2015.01.15 16:02:26.919,0.97883,0.97918,1.00,3.67
2015.01.15 16:02:27.120,0.97874,0.97916,1.07,3.75
2015.01.15 16:02:27.221,0.97873,0.97912,1.50,2.25
2015.01.15 16:02:27.766,0.97874,0.97911,1.00,1.07
2015.01.15 16:02:27.918,0.97879,0.97918,1.00,6.75
2015.01.15 16:02:28.019,0.97879,0.97915,1.07,1.00
2015.01.15 16:02:28.069,0.97879,0.97918,1.07,1.45
2015.01.15 16:02:28.229,0.97875,0.97917,1.07,2.62
2015.01.15 16:02:28.531,0.97874,0.97913,1.07,2.62
2015.01.15 16:02:28.683,0.97868,0.9791,1.07,2.25
2015.01.15 16:02:28.834,0.9787,0.97914,3.00,1.07
2015.01.15 16:02:29.237,0.97867,0.97911,1.57,4.50
2015.01.15 16:02:29.439,0.97864,0.97907,1.07,2.25
2015.01.15 16:02:29.741,0.97863,0.97904,1.47,2.25
2015.01.15 16:02:29.792,0.97863,0.97902,1.95,1.57
2015.01.15 16:02:30.365,0.97864,0.97901,1.00,1.57
2015.01.15 16:02:30.617,0.97864,0.97899,1.00,3.75
2015.01.15 16:02:30.668,0.97858,0.97899,1.95,2.25
2015.01.15 16:02:30.819,0.97859,0.97899,1.45,2.25
2015.01.15 16:02:30.920,0.97859,0.97899,1.07,2.25
2015.01.15 16:02:31.021,0.97858,0.97895,1.12,3.00
2015.01.15 16:02:31.176,0.97854,0.97895,1.07,3.00
2015.01.15 16:02:31.530,0.97855,0.97896,2.25,2.32
2015.01.15 16:02:31.631,0.97853,0.97896,1.20,3.75
2015.01.15 16:02:31.933,0.97855,0.97897,3.75,1.45
2015.01.15 16:02:31.984,0.9786,0.97897,1.57,1.07
2015.01.15 16:02:32.085,0.97862,0.97897,1.50,1.07
2015.01.15 16:02:32.388,0.97874,0.97904,1.00,2.25
2015.01.15 16:02:32.753,0.97874,0.97906,1.10,1.00
2015.01.15 16:02:32.955,0.97869,0.97912,2.25,1.20
2015.01.15 16:02:33.170,0.97879,0.97893,1.00,1.50
2015.01.15 16:02:33.271,0.97879,0.979,1.00,1.00
2015.01.15 16:02:33.321,0.97879,0.979,1.00,1.07
2015.01.15 16:02:33.422,0.9787,0.97904,1.07,1.60
2015.01.15 16:02:33.523,0.97869,0.97899,1.07,2.10
2015.01.15 16:02:33.691,0.97874,0.97904,1.00,2.17
2015.01.15 16:02:33.742,0.97873,0.97905,1.00,2.92
2015.01.15 16:02:33.843,0.97879,0.97904,1.00,1.00
2015.01.15 16:02:33.994,0.97879,0.97906,1.00,1.00
2015.01.15 16:02:34.150,0.97883,0.97912,1.00,1.67
2015.01.15 16:02:34.415,0.97879,0.97906,1.00,1.00
2015.01.15 16:02:34.465,0.97879,0.97906,1.00,1.07
2015.01.15 16:02:34.617,0.97869,0.97909,1.10,4.35
2015.01.15 16:02:34.819,0.97873,0.97907,1.00,1.07
2015.01.15 16:02:35.467,0.97869,0.97907,2.25,1.00
2015.01.15 16:02:35.580,0.97878,0.97907,1.00,1.00
2015.01.15 16:02:35.803,0.97869,0.97909,3.00,1.07
2015.01.15 16:02:35.854,0.97869,0.97908,1.07,2.25
2015.01.15 16:02:36.156,0.97873,0.97908,1.00,2.85
2015.01.15 16:02:36.357,0.97869,0.97906,1.07,1.07
2015.01.15 16:02:37.063,0.9787,0.97902,1.57,1.00
2015.01.15 16:02:37.214,0.97873,0.97908,1.57,1.45
2015.01.15 16:02:37.365,0.97878,0.97914,4.50,1.37
2015.01.15 16:02:37.466,0.9788,0.97915,1.50,2.62
2015.01.15 16:02:37.567,0.9788,0.97917,1.57,1.37
2015.01.15 16:02:37.768,0.97882,0.97917,3.75,1.35
2015.01.15 16:02:37.920,0.97885,0.97921,1.57,1.07
2015.01.15 16:02:38.327,0.97889,0.97925,1.00,3.00
2015.01.15 16:02:39.200,0.97889,0.97921,1.00,2.25
2015.01.15 16:02:39.251,0.97886,0.97921,1.50,2.25
2015.01.15 16:02:39.351,0.97889,0.97925,1.00,3.75
2015.01.15 16:02:39.402,0.97889,0.97925,1.07,1.57
2015.01.15 16:02:39.773,0.97888,0.97925,1.07,3.00
2015.01.15 16:02:40.101,0.97893,0.97925,1.00,2.25
2015.01.15 16:02:40.869,0.97893,0.97928,1.00,3.60
2015.01.15 16:02:41.199,0.97893,0.97925,1.00,2.25
2015.01.15 16:02:41.300,0.97888,0.97925,1.07,3.75
2015.01.15 16:02:41.811,0.97889,0.97924,1.10,2.17
2015.01.15 16:02:42.013,0.97889,0.97924,1.07,1.45
2015.01.15 16:02:42.767,0.97893,0.97922,1.10,1.50
2015.01.15 16:02:43.070,0.97879,0.97913,1.00,2.92
2015.01.15 16:02:43.171,0.97883,0.97912,1.00,1.42
2015.01.15 16:02:43.473,0.97879,0.97906,1.00,1.67
2015.01.15 16:02:43.841,0.97884,0.97907,1.00,1.67
2015.01.15 16:02:44.093,0.97879,0.97907,1.00,1.95
2015.01.15 16:02:44.204,0.97879,0.97909,1.00,1.57
2015.01.15 16:02:44.406,0.97884,0.97909,1.00,1.57
2015.01.15 16:02:44.708,0.97888,0.97915,1.00,1.07
2015.01.15 16:02:44.859,0.97884,0.97915,1.00,1.07
2015.01.15 16:02:45.011,0.97884,0.97913,1.00,2.17
2015.01.15 16:02:45.061,0.97879,0.97913,1.00,2.17
2015.01.15 16:02:45.212,0.97879,0.97915,1.07,1.07
2015.01.15 16:02:45.414,0.97878,0.97914,1.10,1.07
2015.01.15 16:02:45.716,0.97884,0.97914,1.00,1.07
2015.01.15 16:02:45.817,0.97884,0.97914,1.00,1.10
2015.01.15 16:02:46.495,0.97884,0.97918,1.07,1.07
2015.01.15 16:02:46.954,0.97894,0.97921,1.00,2.25
2015.01.15 16:02:47.005,0.97894,0.97924,1.00,1.07
2015.01.15 16:02:47.106,0.97894,0.9792,1.00,2.25
2015.01.15 16:02:47.156,0.97884,0.9792,1.10,2.85
2015.01.15 16:02:47.449,0.97884,0.97923,4.50,2.17
2015.01.15 16:02:47.550,0.97885,0.97922,1.57,2.85
2015.01.15 16:02:47.600,0.97889,0.97922,1.00,2.85
2015.01.15 16:02:47.651,0.97889,0.97923,1.10,2.17
2015.01.15 16:02:48.153,0.97883,0.97922,1.07,3.00
2015.01.15 16:02:48.253,0.9788,0.97918,1.95,2.25
2015.01.15 16:02:48.556,0.97883,0.97922,1.57,2.25
2015.01.15 16:02:48.657,0.97888,0.97924,1.00,2.25
2015.01.15 16:02:49.386,0.97889,0.97924,1.00,2.25
2015.01.15 16:02:49.609,0.97883,0.97921,1.20,1.07
2015.01.15 16:02:51.543,0.97885,0.97919,1.57,1.45
2015.01.15 16:02:51.845,0.97901,0.97935,1.07,1.10
2015.01.15 16:02:51.896,0.979,0.97935,2.17,1.57
2015.01.15 16:02:51.997,0.97894,0.97931,1.07,1.07
2015.01.15 16:02:52.148,0.97892,0.97931,1.07,2.85
2015.01.15 16:02:52.450,0.97893,0.97933,1.07,2.25
2015.01.15 16:02:53.458,0.97895,0.9793,1.00,2.25
2015.01.15 16:02:53.869,0.97892,0.97927,1.10,2.25
2015.01.15 16:02:53.970,0.97892,0.97931,1.57,3.00
2015.01.15 16:02:54.071,0.97893,0.97933,1.07,2.25
2015.01.15 16:02:54.172,0.97894,0.97937,2.25,2.25
2015.01.15 16:02:54.374,0.97894,0.9793,1.10,2.25
2015.01.15 16:02:54.475,0.97894,0.97934,1.07,2.85
2015.01.15 16:02:54.576,0.97898,0.97934,1.00,2.85
2015.01.15 16:02:54.676,0.97893,0.97933,3.07,1.07
2015.01.15 16:02:54.778,0.97893,0.97931,2.70,2.25
2015.01.15 16:02:55.080,0.97894,0.97933,1.07,2.25
2015.01.15 16:02:55.413,0.97899,0.97933,1.00,2.25
2015.01.15 16:02:56.588,0.97899,0.9793,1.00,2.85
2015.01.15 16:02:56.639,0.97892,0.97926,1.45,2.17
2015.01.15 16:02:56.689,0.97892,0.97926,1.37,2.17
2015.01.15 16:02:56.740,0.9789,0.97927,1.07,2.85
2015.01.15 16:02:57.498,0.97893,0.97931,1.57,3.00
2015.01.15 16:02:57.700,0.97892,0.97931,2.25,1.07
2015.01.15 16:02:58.103,0.97894,0.9793,1.07,2.25
2015.01.15 16:02:58.432,0.97899,0.97926,1.00,1.67
2015.01.15 16:02:58.633,0.97894,0.97926,1.00,1.67
2015.01.15 16:02:58.734,0.97899,0.97927,1.00,2.85
2015.01.15 16:02:58.885,0.97889,0.97927,1.57,2.25
2015.01.15 16:02:59.168,0.97889,0.97931,3.75,2.25
2015.01.15 16:02:59.427,0.97899,0.97931,1.00,2.25
2015.01.15 16:03:00.046,0.97893,0.97931,1.07,2.25
2015.01.15 16:03:01.093,0.97893,0.97934,1.20,2.25
2015.01.15 16:03:01.496,0.97891,0.97929,1.45,2.25
2015.01.15 16:03:01.697,0.97899,0.97934,1.10,2.32
2015.01.15 16:03:01.798,0.97899,0.97936,1.07,1.07
2015.01.15 16:03:02.332,0.97898,0.97936,1.07,1.57
2015.01.15 16:03:02.796,0.97894,0.97935,1.07,3.75
2015.01.15 16:03:02.897,0.97894,0.97927,1.00,2.25
2015.01.15 16:03:02.999,0.97894,0.97933,2.25,1.07
2015.01.15 16:03:03.200,0.97898,0.97936,2.25,1.07
2015.01.15 16:03:03.626,0.97902,0.97936,2.25,1.37
2015.01.15 16:03:03.727,0.97906,0.97937,2.25,1.12
2015.01.15 16:03:03.828,0.97906,0.97941,2.25,1.00
2015.01.15 16:03:03.929,0.97909,0.97942,2.25,1.12
2015.01.15 16:03:04.030,0.97909,0.97945,2.25,1.10
2015.01.15 16:03:05.946,0.97908,0.97947,1.07,4.87
2015.01.15 16:03:06.635,0.97909,0.97933,1.00,2.25
2015.01.15 16:03:06.686,0.97905,0.97933,1.00,2.25
2015.01.15 16:03:06.787,0.97902,0.97939,2.25,1.95
2015.01.15 16:03:06.888,0.97899,0.97939,1.07,1.95
2015.01.15 16:03:07.240,0.97899,0.97936,1.07,2.25
2015.01.15 16:03:10.738,0.97899,0.97932,1.00,1.57
2015.01.15 16:03:10.939,0.97899,0.97932,1.07,1.12
2015.01.15 16:03:11.040,0.97902,0.97937,3.00,1.12
2015.01.15 16:03:11.292,0.97906,0.97945,3.00,1.45
2015.01.15 16:03:11.645,0.97906,0.97945,1.07,3.37
2015.01.15 16:03:12.282,0.97905,0.97941,2.62,1.00
2015.01.15 16:03:12.866,0.97905,0.97943,2.62,1.20
2015.01.15 16:03:13.068,0.97905,0.97941,2.62,1.00
2015.01.15 16:03:13.589,0.97909,0.97941,1.45,1.00
2015.01.15 16:03:13.639,0.97909,0.97946,1.45,1.07
2015.01.15 16:03:13.690,0.97911,0.97947,1.37,1.20
2015.01.15 16:03:13.892,0.97915,0.97951,2.25,1.57
2015.01.15 16:03:13.942,0.97911,0.97951,2.25,3.75
2015.01.15 16:03:14.203,0.97913,0.9795,2.25,1.50
2015.01.15 16:03:14.254,0.97911,0.9795,3.00,1.57
2015.01.15 16:03:14.567,0.97903,0.9794,1.07,2.25
2015.01.15 16:03:14.876,0.97909,0.97942,1.00,2.25
2015.01.15 16:03:14.976,0.97909,0.97944,1.00,1.07
2015.01.15 16:03:15.279,0.97909,0.97944,1.07,1.57
2015.01.15 16:03:16.488,0.97905,0.97945,2.25,2.25
2015.01.15 16:03:16.589,0.97904,0.97942,1.10,3.37
2015.01.15 16:03:16.891,0.97899,0.97938,1.07,2.25
2015.01.15 16:03:17.194,0.97904,0.97937,1.00,2.70
2015.01.15 16:03:17.894,0.97899,0.97936,1.07,1.57
2015.01.15 16:03:18.197,0.97899,0.97937,2.25,2.70
2015.01.15 16:03:18.408,0.97899,0.97929,2.25,1.50
2015.01.15 16:03:18.509,0.97898,0.97934,3.00,1.57
2015.01.15 16:03:18.560,0.97898,0.97934,1.10,3.75
2015.01.15 16:03:18.988,0.97898,0.97936,3.00,1.57
2015.01.15 16:03:19.504,0.97904,0.97937,1.00,1.57
2015.01.15 16:03:19.969,0.97903,0.9794,1.07,1.57
2015.01.15 16:03:20.071,0.97904,0.9794,2.25,1.57
2015.01.15 16:03:20.373,0.97909,0.97944,2.25,1.72
2015.01.15 16:03:20.772,0.97918,0.97948,1.00,1.57
2015.01.15 16:03:20.875,0.97913,0.97948,1.07,1.57
2015.01.15 16:03:20.976,0.97914,0.97952,2.25,2.70
2015.01.15 16:03:21.683,0.97923,0.9795,1.00,1.57
2015.01.15 16:03:22.093,0.97919,0.9795,1.10,1.57
2015.01.15 16:03:22.594,0.97919,0.97952,1.00,1.57
2015.01.15 16:03:22.846,0.97913,0.97952,1.07,2.32
2015.01.15 16:03:23.201,0.97924,0.9795,1.00,1.57
2015.01.15 16:03:23.790,0.97924,0.97954,1.00,2.25
2015.01.15 16:03:23.891,0.97924,0.9796,1.10,1.57
2015.01.15 16:03:23.992,0.97924,0.97963,1.07,1.95
2015.01.15 16:03:24.194,0.97928,0.97961,1.00,1.57
2015.01.15 16:03:24.420,0.97924,0.97961,1.07,1.07
2015.01.15 16:03:25.025,0.97919,0.97959,1.07,2.25
2015.01.15 16:03:25.327,0.97914,0.97955,3.00,2.25
2015.01.15 16:03:25.428,0.97918,0.9796,2.25,2.25
2015.01.15 16:03:25.529,0.97916,0.97957,2.25,2.25
2015.01.15 16:03:26.220,0.97914,0.97955,1.07,2.25
2015.01.15 16:03:26.321,0.9791,0.97952,2.25,2.62
2015.01.15 16:03:27.693,0.97909,0.97948,1.07,2.25
2015.01.15 16:03:28.226,0.9791,0.9795,2.25,1.57
2015.01.15 16:03:28.901,0.97914,0.97946,1.00,2.25
2015.01.15 16:03:29.002,0.97914,0.97948,1.07,1.50
2015.01.15 16:03:29.521,0.97913,0.97954,3.00,2.25
2015.01.15 16:03:30.097,0.97914,0.9795,1.10,2.25
2015.01.15 16:03:30.500,0.97915,0.97955,2.25,1.07
2015.01.15 16:03:30.803,0.97925,0.97959,2.25,1.00
2015.01.15 16:03:30.904,0.97925,0.97965,2.25,1.07
2015.01.15 16:03:31.800,0.97927,0.97968,2.25,1.57
2015.01.15 16:03:38.095,0.97933,0.9797,2.10,2.25
2015.01.15 16:03:38.146,0.97942,0.97974,2.25,1.87
2015.01.15 16:03:38.247,0.97938,0.97977,1.05,3.75
2015.01.15 16:03:38.348,0.97949,0.97976,1.10,1.00
2015.01.15 16:03:38.599,0.97943,0.97982,1.07,1.67
2015.01.15 16:03:38.750,0.97944,0.97985,1.07,1.57
2015.01.15 16:03:39.254,0.97939,0.97984,1.07,3.37
2015.01.15 16:03:39.455,0.97943,0.97982,2.25,1.20
2015.01.15 16:03:39.657,0.97936,0.97982,2.25,2.25
2015.01.15 16:03:39.959,0.97939,0.97977,1.00,2.62
2015.01.15 16:03:40.110,0.97927,0.9797,3.00,1.57
2015.01.15 16:03:40.161,0.97932,0.97971,2.25,1.00
2015.01.15 16:03:40.413,0.97936,0.97977,2.25,1.07
2015.01.15 16:03:40.463,0.97936,0.9797,2.25,1.00
2015.01.15 16:03:40.564,0.97936,0.9798,2.25,1.95
2015.01.15 16:03:41.376,0.97936,0.97975,2.25,1.50
2015.01.15 16:03:42.129,0.97936,0.97976,2.25,1.57
2015.01.15 16:03:42.532,0.97934,0.97977,1.57,2.25
2015.01.15 16:03:43.637,0.97937,0.97976,2.25,1.00
2015.01.15 16:03:43.940,0.97945,0.97983,2.25,1.12
2015.01.15 16:03:44.141,0.97945,0.97986,2.25,1.10
2015.01.15 16:03:45.152,0.9795,0.97992,2.25,1.95
2015.01.15 16:03:45.253,0.97946,0.9799,1.07,2.70
2015.01.15 16:03:45.606,0.97945,0.97982,2.25,1.00
2015.01.15 16:03:46.484,0.97945,0.97985,2.25,1.00
2015.01.15 16:03:46.636,0.97945,0.97981,2.25,1.00
2015.01.15 16:03:46.837,0.97941,0.97981,2.25,1.07
2015.01.15 16:03:48.088,0.97946,0.97981,2.25,1.00
2015.01.15 16:03:48.440,0.97942,0.97981,3.75,1.00
2015.01.15 16:03:48.962,0.97942,0.97982,2.25,1.10
2015.01.15 16:03:49.367,0.97954,0.97982,1.00,1.10
2015.01.15 16:03:49.468,0.97954,0.97986,1.00,2.32
2015.01.15 16:03:49.519,0.97954,0.97982,1.00,1.50
2015.01.15 16:03:49.671,0.97949,0.97981,1.00,1.57
2015.01.15 16:03:49.771,0.97949,0.97983,1.00,3.30
2015.01.15 16:03:49.872,0.97949,0.9798,1.00,1.00
2015.01.15 16:03:49.923,0.97944,0.9798,1.07,1.00
2015.01.15 16:03:50.187,0.97941,0.97976,2.25,1.50
2015.01.15 16:03:50.288,0.97937,0.97976,2.25,1.95
2015.01.15 16:03:51.541,0.97937,0.97973,2.25,1.87
2015.01.15 16:03:52.554,0.97939,0.97973,1.07,1.87
2015.01.15 16:03:53.132,0.97939,0.97973,1.07,2.62
2015.01.15 16:03:53.486,0.97937,0.97968,2.25,1.50
2015.01.15 16:03:53.587,0.97933,0.97968,1.07,1.50
2015.01.15 16:03:53.688,0.97933,0.97971,1.07,1.95
2015.01.15 16:03:53.739,0.97939,0.97971,1.00,1.95
2015.01.15 16:03:53.991,0.97938,0.97972,1.00,1.20
2015.01.15 16:03:54.092,0.9794,0.97978,2.25,1.37
2015.01.15 16:03:54.193,0.9794,0.9798,2.25,3.07
2015.01.15 16:03:54.294,0.97949,0.97982,1.00,1.07
2015.01.15 16:03:54.395,0.97949,0.97983,1.10,1.20
2015.01.15 16:03:55.787,0.97948,0.97986,3.00,1.47
2015.01.15 16:03:55.889,0.97954,0.97987,1.00,1.20
2015.01.15 16:03:56.578,0.97954,0.97991,1.07,1.00
2015.01.15 16:03:57.580,0.97954,0.9799,1.07,1.50
2015.01.15 16:03:57.681,0.97958,0.97987,1.00,1.57
2015.01.15 16:03:57.832,0.97949,0.97987,1.07,1.57
2015.01.15 16:03:58.185,0.97954,0.97987,1.00,1.57
2015.01.15 16:03:58.387,0.97949,0.97987,1.07,1.57
2015.01.15 16:03:58.794,0.97954,0.97985,1.00,1.50
2015.01.15 16:03:59.296,0.97954,0.97989,1.07,1.50
2015.01.15 16:03:59.396,0.97954,0.97991,1.07,1.57
2015.01.15 16:04:00.082,0.97954,0.97992,3.00,1.00
2015.01.15 16:04:00.183,0.97954,0.97994,3.00,1.00
2015.01.15 16:04:00.712,0.97954,0.97996,3.00,1.07
2015.01.15 16:04:01.376,0.97954,0.97995,1.07,2.25
2015.01.15 16:04:02.679,0.97955,0.97991,2.25,1.00
2015.01.15 16:04:02.881,0.97952,0.97994,2.17,2.25
2015.01.15 16:04:03.082,0.97954,0.97996,2.25,1.45
2015.01.15 16:04:03.133,0.97954,0.97986,2.25,1.00
2015.01.15 16:04:03.184,0.97952,0.97986,1.45,1.00
2015.01.15 16:04:03.285,0.97949,0.97986,1.57,1.10
2015.01.15 16:04:04.111,0.97953,0.97991,1.00,2.25
2015.01.15 16:04:04.425,0.97951,0.97994,2.25,1.07
2015.01.15 16:04:04.689,0.97955,0.97994,2.25,1.07
2015.01.15 16:04:07.270,0.97955,0.97994,2.25,1.45
2015.01.15 16:04:07.816,0.97955,0.97994,2.25,1.45
2015.01.15 16:04:07.917,0.97951,0.97993,1.07,1.95
2015.01.15 16:04:07.968,0.9795,0.97993,3.00,2.32
2015.01.15 16:04:08.018,0.9795,0.97985,1.00,1.57
2015.01.15 16:04:08.119,0.97945,0.97985,1.45,1.57
2015.01.15 16:04:08.170,0.97949,0.97984,1.00,1.57
2015.01.15 16:04:08.372,0.97943,0.97985,1.07,1.57
2015.01.15 16:04:08.588,0.97944,0.97981,1.07,1.00
2015.01.15 16:04:09.825,0.97943,0.97983,1.07,1.95
2015.01.15 16:04:09.925,0.97951,0.97985,2.25,1.37
2015.01.15 16:04:10.077,0.97951,0.9799,2.25,1.37
2015.01.15 16:04:10.178,0.97951,0.97991,2.25,1.12
2015.01.15 16:04:10.278,0.97951,0.97992,2.25,3.45
2015.01.15 16:04:10.819,0.97954,0.9799,1.07,1.75
2015.01.15 16:04:11.016,0.97954,0.97989,1.00,2.32
2015.01.15 16:04:12.345,0.97953,0.97987,1.00,1.12
2015.01.15 16:04:13.268,0.97953,0.97988,1.00,1.20
2015.01.15 16:04:14.003,0.97953,0.97987,1.00,1.12
2015.01.15 16:04:14.504,0.97953,0.97988,1.00,1.20
2015.01.15 16:04:15.265,0.97953,0.9799,1.00,1.82
2015.01.15 16:04:15.802,0.97954,0.9799,1.00,1.82
2015.01.15 16:04:16.112,0.97954,0.97991,1.07,2.62
2015.01.15 16:04:16.324,0.97954,0.97996,1.07,1.20
2015.01.15 16:04:17.515,0.97958,0.98,1.20,3.00
2015.01.15 16:04:17.835,0.97964,0.98,1.00,2.25
2015.01.15 16:04:18.195,0.97959,0.98,1.07,2.25
2015.01.15 16:04:18.397,0.97964,0.98,1.00,2.25
2015.01.15 16:04:21.355,0.97963,0.98,1.42,1.00
2015.01.15 16:04:21.406,0.97963,0.98002,1.42,1.10
2015.01.15 16:04:22.912,0.97969,0.98006,1.00,1.57
2015.01.15 16:04:23.327,0.97964,0.98001,1.07,1.00
2015.01.15 16:04:25.133,0.97964,0.98001,2.32,1.07
2015.01.15 16:04:25.569,0.97969,0.98003,1.00,2.25
2015.01.15 16:04:30.974,0.97969,0.98,1.00,2.25
2015.01.15 16:04:31.465,0.97969,0.98003,1.00,2.25
2015.01.15 16:04:31.979,0.97969,0.98,1.00,2.25
2015.01.15 16:04:32.130,0.97964,0.98,1.10,2.25
2015.01.15 16:04:32.708,0.97959,0.97997,1.45,2.25
2015.01.15 16:04:32.910,0.97959,0.98002,2.25,3.37
2015.01.15 16:04:33.011,0.97958,0.97998,3.75,2.25
2015.01.15 16:04:33.513,0.97964,0.97998,1.00,2.25
2015.01.15 16:04:33.614,0.97963,0.98001,1.07,2.25
2015.01.15 16:04:33.916,0.97974,0.98001,1.00,1.07
2015.01.15 16:04:34.369,0.97978,0.98005,1.00,2.25
2015.01.15 16:04:34.520,0.97978,0.98006,1.00,1.07
2015.01.15 16:04:34.920,0.97974,0.98001,1.00,1.00
2015.01.15 16:04:35.021,0.97974,0.98001,1.00,1.07
2015.01.15 16:04:35.326,0.97959,0.97995,1.05,2.25
2015.01.15 16:04:35.377,0.97958,0.97998,1.07,2.25
2015.01.15 16:04:35.887,0.97963,0.97998,1.12,2.25
2015.01.15 16:04:35.988,0.97962,0.98,1.20,3.00
2015.01.15 16:04:36.190,0.97962,0.98003,2.62,2.62
2015.01.15 16:04:36.596,0.97962,0.98001,1.95,3.37
2015.01.15 16:04:36.697,0.97962,0.97996,1.12,2.25
2015.01.15 16:04:36.747,0.97959,0.97996,1.00,2.25
2015.01.15 16:04:37.880,0.97958,0.97996,1.10,2.25
2015.01.15 16:04:38.888,0.97959,0.97996,1.00,3.00
2015.01.15 16:04:39.591,0.97958,0.97996,1.10,2.25
2015.01.15 16:04:40.222,0.97954,0.97991,1.45,1.07
2015.01.15 16:04:40.323,0.97953,0.97991,1.07,1.07
2015.01.15 16:04:41.836,0.97954,0.97997,3.37,3.00
2015.01.15 16:04:42.138,0.97973,0.98003,1.00,2.25
2015.01.15 16:04:42.239,0.97973,0.98006,1.00,2.25
2015.01.15 16:04:42.353,0.97969,0.98006,1.00,3.00
2015.01.15 16:04:44.370,0.97965,0.98006,1.07,2.25
2015.01.15 16:04:44.723,0.97963,0.98002,1.20,3.00
2015.01.15 16:04:45.036,0.97959,0.97999,1.07,2.25
2015.01.15 16:04:45.345,0.97958,0.97996,2.70,2.25
2015.01.15 16:04:46.014,0.97958,0.97994,1.20,2.25
2015.01.15 16:04:46.115,0.97954,0.9799,1.37,2.25
2015.01.15 16:04:46.216,0.97952,0.9799,1.47,2.25
2015.01.15 16:04:46.618,0.97954,0.97993,1.07,2.62
2015.01.15 16:04:46.725,0.97956,0.97996,2.25,1.95
2015.01.15 16:04:46.927,0.97958,0.98,2.25,1.57
2015.01.15 16:04:47.128,0.97962,0.98002,2.25,1.07
2015.01.15 16:04:50.918,0.97965,0.98006,3.75,1.07
2015.01.15 16:04:51.752,0.97965,0.98005,2.70,2.62
2015.01.15 16:04:52.054,0.97974,0.98005,1.00,2.25
2015.01.15 16:04:52.156,0.97968,0.98005,1.10,2.25
2015.01.15 16:04:52.408,0.97973,0.98005,1.00,2.25
2015.01.15 16:04:52.809,0.97968,0.98005,1.20,2.25
2015.01.15 16:04:54.330,0.97968,0.98007,1.20,2.25
2015.01.15 16:04:55.332,0.97974,0.98007,1.00,2.25
2015.01.15 16:04:56.138,0.97969,0.98007,1.07,2.25
2015.01.15 16:04:56.874,0.97973,0.98007,1.00,2.25
2015.01.15 16:04:58.238,0.97973,0.9801,1.07,2.25
2015.01.15 16:04:58.641,0.97983,0.98014,1.00,2.25
2015.01.15 16:04:58.987,0.97994,0.98014,1.00,2.25
2015.01.15 16:04:59.404,0.97989,0.98014,1.00,2.25
2015.01.15 16:05:00.065,0.97994,0.98014,1.00,2.25
2015.01.15 16:05:00.540,0.97989,0.98014,1.00,2.25
2015.01.15 16:05:00.959,0.97979,0.98014,1.00,2.25
2015.01.15 16:05:01.161,0.97979,0.98007,1.00,2.25
2015.01.15 16:05:01.211,0.97974,0.98007,1.00,2.25
2015.01.15 16:05:01.262,0.97972,0.98004,1.12,2.25
2015.01.15 16:05:01.464,0.97968,0.98004,1.20,2.25
2015.01.15 16:05:02.629,0.97969,0.98004,1.00,2.25
2015.01.15 16:05:03.064,0.97969,0.9801,2.25,3.00
2015.01.15 16:05:03.166,0.97971,0.98012,2.25,1.20
2015.01.15 16:05:03.368,0.97978,0.98015,1.07,1.45
2015.01.15 16:05:03.821,0.97984,0.98017,1.00,2.25
2015.01.15 16:05:04.185,0.97984,0.98014,1.00,2.25
2015.01.15 16:05:04.842,0.97989,0.98014,1.00,2.25
2015.01.15 16:05:04.893,0.97989,0.98017,1.00,1.07
2015.01.15 16:05:05.045,0.97984,0.9802,1.00,2.25
2015.01.15 16:05:05.196,0.97983,0.98021,1.20,2.25
2015.01.15 16:05:05.872,0.97985,0.98024,2.25,1.50
2015.01.15 16:05:06.391,0.9799,0.98027,1.10,1.07
2015.01.15 16:05:07.405,0.97989,0.98031,1.57,2.32
2015.01.15 16:05:08.376,0.97996,0.98033,2.17,1.20
2015.01.15 16:05:08.477,0.97998,0.98036,3.22,1.10
2015.01.15 16:05:08.679,0.98013,0.98041,1.00,2.25
2015.01.15 16:05:09.538,0.98009,0.98036,1.00,1.10
2015.01.15 16:05:09.895,0.98014,0.98041,1.00,2.25
2015.01.15 16:05:11.613,0.98009,0.98036,1.00,1.10
2015.01.15 16:05:11.836,0.98003,0.98041,1.95,2.25
2015.01.15 16:05:12.038,0.98003,0.98034,1.00,2.62
2015.01.15 16:05:12.189,0.97998,0.98031,1.12,3.75
2015.01.15 16:05:12.240,0.97997,0.98027,1.12,2.25
2015.01.15 16:05:12.341,0.97993,0.98027,1.00,2.25
2015.01.15 16:05:13.387,0.97993,0.98031,1.00,2.25
2015.01.15 16:05:13.488,0.97993,0.98035,1.07,2.25
2015.01.15 16:05:13.639,0.97999,0.98035,1.00,2.25
2015.01.15 16:05:13.812,0.97994,0.98035,1.07,2.25
2015.01.15 16:05:13.913,0.97994,0.98035,1.45,2.25
2015.01.15 16:05:14.637,0.97994,0.98035,1.45,2.25
2015.01.15 16:05:15.474,0.97994,0.98035,1.45,2.25
2015.01.15 16:05:16.197,0.97994,0.98035,1.95,2.25
2015.01.15 16:05:16.403,0.97997,0.98039,1.95,1.07
2015.01.15 16:05:16.503,0.98002,0.98039,2.25,1.00
2015.01.15 16:05:17.142,0.98002,0.98045,2.62,3.37
2015.01.15 16:05:17.806,0.97999,0.98042,1.45,2.62
2015.01.15 16:05:19.627,0.97999,0.98038,1.07,2.62
2015.01.15 16:05:19.931,0.97999,0.98035,1.00,2.25
2015.01.15 16:05:25.620,0.97994,0.98035,1.07,3.37
2015.01.15 16:05:25.721,0.97994,0.98028,1.00,1.95
2015.01.15 16:05:26.025,0.97988,0.98026,1.00,2.62
2015.01.15 16:05:26.529,0.97989,0.98026,1.00,4.12
2015.01.15 16:05:26.744,0.97989,0.98028,2.70,1.07
2015.01.15 16:05:26.845,0.9799,0.98032,2.62,1.57
2015.01.15 16:05:27.574,0.97994,0.9803,1.07,1.00
2015.01.15 16:05:28.134,0.97993,0.98031,1.95,1.10
2015.01.15 16:05:29.228,0.97994,0.98036,1.45,2.62
2015.01.15 16:05:29.749,0.97994,0.98036,1.45,2.62
2015.01.15 16:05:30.365,0.97996,0.98036,1.37,3.00
2015.01.15 16:05:30.466,0.97995,0.98036,1.10,3.37
2015.01.15 16:05:30.986,0.97993,0.98032,1.07,1.57
2015.01.15 16:05:32.419,0.97993,0.98032,1.07,1.57
2015.01.15 16:05:32.727,0.97993,0.9803,1.00,2.62
2015.01.15 16:05:34.093,0.97989,0.98026,1.45,1.07
2015.01.15 16:05:35.946,0.97993,0.9803,1.75,2.25
2015.01.15 16:05:35.997,0.97993,0.98036,1.82,3.37
2015.01.15 16:05:36.098,0.97997,0.98036,2.32,1.07
2015.01.15 16:05:37.184,0.97997,0.98036,1.10,2.62
2015.01.15 16:05:37.587,0.97999,0.98036,1.00,2.62
2015.01.15 16:05:38.893,0.97998,0.98036,1.00,4.12
2015.01.15 16:05:39.883,0.97999,0.98036,1.00,2.62
2015.01.15 16:05:41.456,0.97999,0.98036,1.37,2.25
2015.01.15 16:05:41.507,0.97999,0.98038,1.45,1.20
2015.01.15 16:05:42.132,0.97999,0.98038,1.57,1.57
2015.01.15 16:05:42.434,0.98,0.98036,1.50,1.07
2015.01.15 16:05:42.636,0.98003,0.98037,1.00,2.25
2015.01.15 16:05:42.736,0.98003,0.98039,1.00,1.07
2015.01.15 16:05:43.039,0.98012,0.98041,2.10,1.07
2015.01.15 16:05:43.240,0.98014,0.98046,2.85,1.00
2015.01.15 16:05:43.442,0.98019,0.98053,1.10,1.10
2015.01.15 16:05:43.748,0.98019,0.98054,1.00,2.25
2015.01.15 16:05:43.849,0.98012,0.98054,1.20,2.25
2015.01.15 16:05:43.950,0.98012,0.9805,1.12,2.25
2015.01.15 16:05:44.482,0.98009,0.98048,1.07,1.57
2015.01.15 16:05:45.253,0.98004,0.98044,1.57,1.57
2015.01.15 16:05:46.132,0.97999,0.98041,1.20,2.25
2015.01.15 16:05:50.304,0.98,0.98043,3.00,2.25
2015.01.15 16:05:50.968,0.98,0.9804,1.07,2.25
2015.01.15 16:05:53.486,0.97998,0.98036,1.95,3.00
2015.01.15 16:05:53.599,0.97997,0.98033,1.20,2.25
2015.01.15 16:05:54.882,0.97999,0.98033,1.00,2.62
2015.01.15 16:05:55.619,0.97994,0.98037,2.62,2.25
2015.01.15 16:05:55.720,0.97999,0.98037,2.62,1.20
2015.01.15 16:05:56.022,0.98002,0.98043,2.25,2.25
2015.01.15 16:05:57.980,0.98002,0.98041,2.25,1.82
2015.01.15 16:05:58.031,0.97998,0.98038,1.20,2.62
2015.01.15 16:05:58.132,0.97996,0.98034,1.45,2.25
2015.01.15 16:05:59.023,0.97994,0.98032,1.10,2.25
2015.01.15 16:05:59.326,0.97994,0.98034,1.07,2.25
2015.01.15 16:05:59.427,0.97994,0.98032,1.10,2.25
2015.01.15 16:06:03.363,0.97989,0.98027,1.07,2.25
2015.01.15 16:06:06.253,0.97989,0.98028,3.00,1.57
2015.01.15 16:06:06.555,0.97988,0.98022,1.00,2.25
2015.01.15 16:06:07.327,0.97984,0.98021,1.95,1.07
2015.01.15 16:06:07.839,0.97984,0.98021,1.95,1.07
2015.01.15 16:06:08.141,0.97989,0.98022,1.37,2.25
2015.01.15 16:06:08.393,0.97988,0.98029,4.87,3.37
2015.01.15 16:06:08.696,0.97988,0.98027,1.20,2.25
2015.01.15 16:06:08.797,0.97985,0.98022,1.00,2.25
2015.01.15 16:06:09.319,0.97979,0.9802,3.37,1.07
2015.01.15 16:06:09.989,0.97978,0.98018,1.95,2.25
2015.01.15 16:06:10.292,0.97975,0.98015,1.82,2.25
2015.01.15 16:06:12.977,0.97971,0.98009,1.47,2.25
2015.01.15 16:06:13.480,0.97966,0.98009,2.25,2.62
2015.01.15 16:06:13.581,0.97964,0.98005,2.25,2.25
2015.01.15 16:06:14.707,0.97967,0.98004,2.25,1.07
2015.01.15 16:06:15.219,0.97968,0.98009,1.57,2.25
2015.01.15 16:06:16.673,0.97976,0.98009,1.50,2.25
2015.01.15 16:06:16.723,0.97976,0.98011,1.57,1.07
2015.01.15 16:06:16.975,0.97981,0.98011,1.57,1.00
2015.01.15 16:06:17.177,0.97981,0.98017,1.57,1.57
2015.01.15 16:06:19.385,0.97982,0.9802,2.62,1.10
2015.01.15 16:06:19.741,0.97985,0.98023,2.62,1.10
2015.01.15 16:06:20.044,0.97982,0.98023,2.25,2.62
2015.01.15 16:06:20.347,0.97988,0.98026,2.25,1.07
2015.01.15 16:06:20.598,0.9799,0.98027,2.25,1.00
2015.01.15 16:06:21.498,0.97999,0.98027,1.50,1.00
2015.01.15 16:06:21.599,0.97992,0.98027,1.57,1.10
2015.01.15 16:06:22.506,0.97991,0.98028,1.37,2.25
2015.01.15 16:06:22.808,0.97989,0.98026,1.07,1.07
2015.01.15 16:06:23.010,0.97984,0.98024,1.70,2.25
2015.01.15 16:06:23.514,0.9798,0.98021,1.45,1.07
2015.01.15 16:06:26.146,0.97984,0.98021,1.10,1.82
2015.01.15 16:06:26.448,0.97984,0.98014,1.00,2.25
2015.01.15 16:06:26.650,0.97974,0.98017,3.60,1.07
2015.01.15 16:06:30.374,0.97975,0.98011,1.95,1.00
2015.01.15 16:06:30.936,0.97976,0.98016,1.57,1.07
2015.01.15 16:06:31.329,0.97977,0.98016,3.75,1.00
2015.01.15 16:06:31.379,0.97979,0.98021,1.07,1.20
2015.01.15 16:06:34.862,0.97983,0.98022,1.00,1.45
2015.01.15 16:06:35.064,0.97983,0.98017,1.00,2.62
2015.01.15 16:06:35.115,0.97978,0.98017,1.80,3.00
2015.01.15 16:06:35.266,0.97978,0.98017,2.55,1.07
2015.01.15 16:06:35.774,0.97983,0.98021,1.35,2.25
2015.01.15 16:06:35.976,0.97983,0.98022,1.80,1.20
2015.01.15 16:06:36.077,0.97988,0.98023,1.00,1.07
2015.01.15 16:06:37.496,0.97984,0.98021,1.20,1.07
2015.01.15 16:06:38.171,0.97985,0.98021,2.62,1.00
2015.01.15 16:06:38.423,0.97988,0.98027,1.20,1.07
2015.01.15 16:06:39.379,0.97985,0.98021,3.00,1.00
2015.01.15 16:06:39.631,0.97985,0.98026,2.62,1.20
2015.01.15 16:06:39.833,0.97985,0.98021,2.25,1.00
2015.01.15 16:06:39.883,0.97983,0.98021,1.95,1.07
2015.01.15 16:06:40.287,0.97984,0.98023,2.25,1.10
2015.01.15 16:06:40.488,0.9799,0.98029,1.07,1.57
2015.01.15 16:06:40.589,0.97983,0.98022,3.30,1.07
2015.01.15 16:06:41.215,0.97988,0.98024,1.00,1.07
2015.01.15 16:06:42.112,0.97983,0.98022,1.45,1.07
2015.01.15 16:06:43.117,0.97989,0.98026,1.00,3.75
2015.01.15 16:06:43.899,0.97988,0.98022,1.00,2.25
2015.01.15 16:06:44.202,0.97984,0.98018,1.00,2.25
2015.01.15 16:06:44.505,0.97984,0.98021,2.10,1.07
2015.01.15 16:06:46.310,0.97986,0.98021,1.50,1.07
2015.01.15 16:06:46.411,0.97989,0.98024,1.00,3.00
2015.01.15 16:06:46.612,0.97989,0.98026,1.00,1.07
2015.01.15 16:06:46.663,0.97993,0.98027,1.00,1.20
2015.01.15 16:06:47.317,0.97999,0.98028,1.00,2.25
2015.01.15 16:06:48.030,0.97999,0.98031,1.07,1.50
2015.01.15 16:06:48.232,0.97999,0.98036,1.07,1.95
2015.01.15 16:06:48.703,0.97996,0.98034,1.10,1.07
2015.01.15 16:06:49.408,0.97999,0.98034,1.00,1.07
2015.01.15 16:06:49.609,0.97999,0.98033,1.10,1.07
2015.01.15 16:06:50.734,0.97999,0.98033,1.00,1.07
2015.01.15 16:06:51.151,0.97994,0.98031,1.07,1.07
2015.01.15 16:06:52.165,0.97999,0.98033,1.00,1.07
2015.01.15 16:06:52.215,0.97999,0.98033,1.07,1.07
2015.01.15 16:06:52.316,0.97999,0.98033,1.00,1.57
2015.01.15 16:06:52.720,0.97998,0.98033,1.07,1.07
2015.01.15 16:06:54.438,0.97999,0.98034,1.10,1.57
2015.01.15 16:06:56.977,0.97994,0.98028,2.25,1.50
2015.01.15 16:06:57.027,0.9799,0.98028,1.07,1.57
2015.01.15 16:06:57.128,0.9799,0.98028,1.10,2.25
2015.01.15 16:06:57.443,0.9799,0.9803,1.07,1.57
2015.01.15 16:07:02.367,0.97991,0.98033,2.25,4.50
2015.01.15 16:07:02.468,0.97993,0.98033,2.62,1.95
2015.01.15 16:07:03.336,0.97996,0.98038,2.25,1.57
2015.01.15 16:07:05.185,0.98,0.98039,2.25,1.57
2015.01.15 16:07:06.143,0.98002,0.98039,2.25,1.00
2015.01.15 16:07:06.684,0.98004,0.98042,1.07,1.57
2015.01.15 16:07:11.073,0.98006,0.98046,2.25,1.57
2015.01.15 16:07:11.174,0.98003,0.98044,2.32,1.07
2015.01.15 16:07:11.778,0.98006,0.98041,2.25,1.00
2015.01.15 16:07:12.367,0.98006,0.98042,2.25,1.10
2015.01.15 16:07:13.672,0.98012,0.98046,2.25,1.00
2015.01.15 16:07:14.125,0.98012,0.98049,2.25,1.00
2015.01.15 16:07:14.276,0.9801,0.9805,2.25,4.50
2015.01.15 16:07:14.478,0.98012,0.98049,2.25,1.07
2015.01.15 16:07:14.579,0.98015,0.98049,2.25,1.00
2015.01.15 16:07:14.757,0.98015,0.98054,2.62,1.07
2015.01.15 16:07:15.412,0.98018,0.98054,1.20,2.25
2015.01.15 16:07:15.872,0.98019,0.98057,1.07,2.62
2015.01.15 16:07:16.373,0.98019,0.98059,1.07,1.07
2015.01.15 16:07:17.346,0.98018,0.98057,1.57,1.00
2015.01.15 16:07:17.860,0.98019,0.98056,1.82,1.00
2015.01.15 16:07:18.017,0.98023,0.98056,2.25,1.00
2015.01.15 16:07:18.219,0.98019,0.98056,2.32,1.00
2015.01.15 16:07:18.894,0.98019,0.98062,1.20,1.57
2015.01.15 16:07:19.247,0.98022,0.98062,2.32,1.07
2015.01.15 16:07:19.626,0.98024,0.98061,1.57,1.00
2015.01.15 16:07:20.095,0.98027,0.98061,2.62,1.00
2015.01.15 16:07:20.398,0.98027,0.98068,2.25,1.57
2015.01.15 16:07:20.599,0.9803,0.9807,2.62,2.32
2015.01.15 16:07:21.320,0.98033,0.98071,1.67,1.57
2015.01.15 16:07:21.421,0.98036,0.98073,1.37,1.00
2015.01.15 16:07:21.723,0.98044,0.98075,1.00,1.57
2015.01.15 16:07:22.204,0.98038,0.98078,1.07,1.57
2015.01.15 16:07:22.657,0.98035,0.98071,2.25,1.00
2015.01.15 16:07:23.161,0.98035,0.98077,2.25,2.32
2015.01.15 16:07:23.615,0.98035,0.98071,2.62,1.00
2015.01.15 16:07:23.716,0.98034,0.98071,1.07,1.10
2015.01.15 16:07:24.119,0.9803,0.98072,1.45,3.00
2015.01.15 16:07:24.270,0.98029,0.98068,1.07,1.07
2015.01.15 16:07:24.321,0.98032,0.98068,2.25,1.00
2015.01.15 16:07:24.372,0.98032,0.98072,2.25,1.07
2015.01.15 16:07:24.523,0.98036,0.98076,2.25,1.57
2015.01.15 16:07:26.265,0.98036,0.98071,4.50,1.00
2015.01.15 16:07:26.367,0.9804,0.98076,4.12,1.00
2015.01.15 16:07:26.620,0.9804,0.98081,2.62,1.07
2015.01.15 16:07:26.953,0.9804,0.98071,2.25,1.00
2015.01.15 16:07:27.356,0.9804,0.98077,2.25,1.00
2015.01.15 16:07:27.457,0.9804,0.98072,2.62,1.00
2015.01.15 16:07:27.970,0.9804,0.98071,2.62,1.00
2015.01.15 16:07:28.123,0.9804,0.98076,2.62,1.00
2015.01.15 16:07:28.324,0.98032,0.98077,3.75,1.07
2015.01.15 16:07:28.375,0.98032,0.98071,3.75,1.00
2015.01.15 16:07:28.677,0.9803,0.98061,2.62,1.00
2015.01.15 16:07:29.333,0.9803,0.98062,2.62,1.00
2015.01.15 16:07:29.434,0.9803,0.98067,2.62,1.00
2015.01.15 16:07:29.535,0.98028,0.98067,1.20,1.07
2015.01.15 16:07:29.585,0.98028,0.98067,1.57,1.07
2015.01.15 16:07:29.636,0.98028,0.98067,1.57,1.00
2015.01.15 16:07:29.787,0.98027,0.98062,3.75,1.00
2015.01.15 16:07:29.888,0.98031,0.98071,1.20,1.07
2015.01.15 16:07:29.939,0.98033,0.98071,2.85,1.00
2015.01.15 16:07:30.241,0.98035,0.98074,1.05,3.75
2015.01.15 16:07:30.544,0.98039,0.98072,3.00,1.00
2015.01.15 16:07:30.863,0.98039,0.98077,2.62,1.00
2015.01.15 16:07:31.115,0.98039,0.98071,2.62,1.00
2015.01.15 16:07:31.468,0.98044,0.98072,1.57,1.00
2015.01.15 16:07:31.669,0.98042,0.98076,3.75,1.00
2015.01.15 16:07:31.770,0.98047,0.98076,2.25,1.00
2015.01.15 16:07:31.871,0.98047,0.98081,2.25,1.00
2015.01.15 16:07:31.972,0.98047,0.98087,2.25,1.07
2015.01.15 16:07:32.092,0.98047,0.98067,2.25,1.00
2015.01.15 16:07:32.193,0.98049,0.98077,1.57,1.00
2015.01.15 16:07:32.872,0.98047,0.98081,2.25,1.00
2015.01.15 16:07:33.073,0.98048,0.98082,1.57,1.10
2015.01.15 16:07:33.174,0.98042,0.98082,2.32,1.07
2015.01.15 16:07:33.376,0.98043,0.9808,1.00,2.25
2015.01.15 16:07:33.527,0.98042,0.98081,2.25,1.00
2015.01.15 16:07:33.628,0.98048,0.98081,2.25,1.00
2015.01.15 16:07:34.100,0.98048,0.98076,2.25,1.00
2015.01.15 16:07:34.403,0.98048,0.98081,2.25,1.00
2015.01.15 16:07:34.454,0.98046,0.98081,1.57,1.00
2015.01.15 16:07:34.505,0.98046,0.98076,1.57,1.00
2015.01.15 16:07:34.606,0.98046,0.98081,1.57,1.00
2015.01.15 16:07:34.858,0.98048,0.98076,1.57,1.00
2015.01.15 16:07:35.059,0.98048,0.98081,2.25,1.00
2015.01.15 16:07:35.563,0.98053,0.98082,2.25,1.00
2015.01.15 16:07:35.614,0.98053,0.98086,2.25,1.00
2015.01.15 16:07:35.714,0.98051,0.98086,1.07,1.00
2015.01.15 16:07:36.369,0.98044,0.98086,4.87,1.07
2015.01.15 16:07:36.772,0.98048,0.98087,1.57,1.07
2015.01.15 16:07:37.578,0.98047,0.98077,3.00,1.00
2015.01.15 16:07:37.830,0.98048,0.98081,1.57,1.00
2015.01.15 16:07:38.247,0.98049,0.98086,1.57,1.10
2015.01.15 16:07:38.298,0.98051,0.98086,2.25,1.00
2015.01.15 16:07:38.600,0.98049,0.98081,1.00,1.00
2015.01.15 16:07:38.701,0.98049,0.98086,1.00,1.07
2015.01.15 16:07:38.751,0.98049,0.98082,1.00,2.25
2015.01.15 16:07:38.852,0.98046,0.98082,1.00,2.25
2015.01.15 16:07:38.903,0.98042,0.98082,1.20,2.25
2015.01.15 16:07:39.054,0.98043,0.98084,1.42,1.57
2015.01.15 16:07:39.256,0.98046,0.98084,2.25,1.50
2015.01.15 16:07:39.558,0.98053,0.98091,1.07,1.07
2015.01.15 16:07:39.860,0.98053,0.98087,1.00,2.25
2015.01.15 16:07:39.911,0.9805,0.98087,1.07,2.25
2015.01.15 16:07:40.403,0.98051,0.98094,2.25,3.00
2015.01.15 16:07:40.906,0.98053,0.98086,1.57,1.00
2015.01.15 16:07:41.359,0.98052,0.98094,1.07,2.25
2015.01.15 16:07:41.410,0.98057,0.98097,2.25,1.20
2015.01.15 16:07:41.511,0.98056,0.98094,1.07,1.57
2015.01.15 16:07:41.712,0.98054,0.98092,1.07,4.35
2015.01.15 16:07:41.864,0.98047,0.98086,4.65,1.07
2015.01.15 16:07:42.015,0.98051,0.98086,2.25,1.00
2015.01.15 16:07:42.242,0.9805,0.98087,1.07,1.07
2015.01.15 16:07:42.343,0.98045,0.98082,2.32,1.07
2015.01.15 16:07:42.807,0.98047,0.98082,1.57,3.00
2015.01.15 16:07:43.319,0.98046,0.98086,1.57,3.60
2015.01.15 16:07:43.508,0.98048,0.98077,1.57,1.00
2015.01.15 16:07:43.559,0.98048,0.98077,1.50,1.10
2015.01.15 16:07:43.610,0.98046,0.98077,1.57,1.10
2015.01.15 16:07:43.660,0.98049,0.98076,1.00,1.00
2015.01.15 16:07:44.625,0.98049,0.98076,2.32,1.00
2015.01.15 16:07:44.725,0.98053,0.98082,1.00,1.07
2015.01.15 16:07:45.021,0.98053,0.98082,1.00,1.00
2015.01.15 16:07:45.223,0.98054,0.98081,1.00,1.07
2015.01.15 16:07:45.525,0.98058,0.98084,1.00,1.07
2015.01.15 16:07:45.625,0.98053,0.98082,1.00,1.07
2015.01.15 16:07:45.726,0.98053,0.98082,1.00,1.07
2015.01.15 16:07:45.928,0.98053,0.98082,1.00,1.07
2015.01.15 16:07:46.431,0.98054,0.98087,1.00,2.85
2015.01.15 16:07:46.633,0.98054,0.98085,1.00,2.25
2015.01.15 16:07:46.835,0.98048,0.98085,1.10,3.00
2015.01.15 16:07:46.935,0.98052,0.98084,1.50,1.07
2015.01.15 16:07:47.238,0.98054,0.98088,1.00,2.25
2015.01.15 16:07:47.744,0.98053,0.9809,1.07,2.25
2015.01.15 16:07:48.474,0.98053,0.98087,1.00,2.25
2015.01.15 16:07:48.675,0.98049,0.98085,1.50,2.25
2015.01.15 16:07:48.933,0.98054,0.98088,1.00,2.25
2015.01.15 16:07:49.134,0.98048,0.98086,1.10,2.25
2015.01.15 16:07:49.235,0.98048,0.98087,1.07,1.07
2015.01.15 16:07:49.542,0.98049,0.98086,4.50,1.00
2015.01.15 16:07:50.247,0.98049,0.98086,1.07,1.07
2015.01.15 16:07:50.897,0.98053,0.98087,1.00,2.25
2015.01.15 16:07:51.117,0.98049,0.98086,1.07,1.07
2015.01.15 16:07:51.886,0.98049,0.98086,1.07,1.07
2015.01.15 16:07:52.088,0.98049,0.98086,1.07,1.07
2015.01.15 16:07:52.289,0.98048,0.98086,1.07,1.07
2015.01.15 16:07:52.390,0.98051,0.98082,2.25,1.00
2015.01.15 16:07:52.491,0.98048,0.98087,2.25,1.42
2015.01.15 16:07:52.592,0.98048,0.98082,2.25,1.00
2015.01.15 16:07:52.894,0.98055,0.98086,2.25,1.00
2015.01.15 16:07:53.096,0.98053,0.98086,2.25,1.00
2015.01.15 16:07:53.348,0.98064,0.98086,1.00,1.00
2015.01.15 16:07:53.449,0.98064,0.98091,1.00,1.07
2015.01.15 16:07:53.601,0.98059,0.98086,1.00,1.00
2015.01.15 16:07:53.961,0.98059,0.98086,1.07,1.00
2015.01.15 16:07:54.012,0.98057,0.98096,2.25,1.67
2015.01.15 16:07:54.112,0.98054,0.98091,1.07,1.07
2015.01.15 16:07:54.566,0.98055,0.98092,2.25,1.42
2015.01.15 16:07:55.294,0.98054,0.98091,1.07,1.07
2015.01.15 16:07:55.345,0.98051,0.98086,2.25,1.00
2015.01.15 16:07:55.888,0.98051,0.98087,2.25,1.00
2015.01.15 16:07:56.418,0.98051,0.98086,2.25,1.00
2015.01.15 16:07:56.631,0.98053,0.98092,1.07,1.67
2015.01.15 16:07:57.211,0.98051,0.98086,2.25,1.00
2015.01.15 16:07:57.733,0.98051,0.98087,3.75,1.00
2015.01.15 16:07:58.076,0.98049,0.98086,3.00,1.07
2015.01.15 16:07:58.378,0.98049,0.98083,1.00,2.25
2015.01.15 16:07:59.189,0.98053,0.98083,1.00,2.25
2015.01.15 16:07:59.627,0.98049,0.98083,1.00,2.25
2015.01.15 16:07:59.728,0.98054,0.98083,1.00,2.25
2015.01.15 16:07:59.778,0.98054,0.98087,1.00,2.62
2015.01.15 16:08:00.285,0.98053,0.98087,1.00,2.25
2015.01.15 16:08:00.492,0.98054,0.98091,1.07,3.00
2015.01.15 16:08:00.593,0.98054,0.98088,1.00,2.85
2015.01.15 16:08:00.694,0.98043,0.98076,1.20,1.00
2015.01.15 16:08:00.745,0.98044,0.98081,1.07,1.67
2015.01.15 16:08:00.796,0.98044,0.98075,1.00,2.25
2015.01.15 16:08:01.098,0.98053,0.98075,1.00,2.25
2015.01.15 16:08:01.632,0.98048,0.98075,1.00,2.25
2015.01.15 16:08:01.845,0.98044,0.98074,1.00,2.85
2015.01.15 16:08:01.946,0.98044,0.98072,1.00,2.17
2015.01.15 16:08:02.063,0.98044,0.98074,1.00,2.85
2015.01.15 16:08:02.164,0.98038,0.98074,1.00,2.85
2015.01.15 16:08:02.372,0.98044,0.98071,1.00,1.07
2015.01.15 16:08:02.674,0.98048,0.98074,1.00,2.85
2015.01.15 16:08:03.582,0.98044,0.98071,1.00,1.07
2015.01.15 16:08:03.935,0.98043,0.98078,1.00,2.55
2015.01.15 16:08:04.036,0.98039,0.98077,1.57,1.67
2015.01.15 16:08:04.137,0.98049,0.98078,1.00,2.17
2015.01.15 16:08:04.350,0.98038,0.98077,3.45,1.42
2015.01.15 16:08:04.703,0.98039,0.98075,1.57,2.25
2015.01.15 16:08:05.005,0.98039,0.98079,2.25,2.25
2015.01.15 16:08:06.011,0.98039,0.98074,1.10,2.25
2015.01.15 16:08:06.313,0.98033,0.9807,1.07,2.25
2015.01.15 16:08:06.414,0.98026,0.98069,3.75,2.25
2015.01.15 16:08:06.516,0.98026,0.98063,1.07,2.25
2015.01.15 16:08:07.451,0.98016,0.98057,1.07,2.25
2015.01.15 16:08:07.652,0.98034,0.98057,1.00,2.25
2015.01.15 16:08:07.703,0.98034,0.98059,1.00,2.25
2015.01.15 16:08:07.854,0.98029,0.98059,1.00,2.25
2015.01.15 16:08:08.006,0.98029,0.98055,1.00,2.25
2015.01.15 16:08:08.107,0.98024,0.98055,1.50,2.25
2015.01.15 16:08:08.270,0.98024,0.98057,1.50,2.62
2015.01.15 16:08:08.322,0.98017,0.98057,3.75,2.62
2015.01.15 16:08:08.524,0.98015,0.98054,2.70,2.25
2015.01.15 16:08:10.329,0.98018,0.98052,1.00,2.25
2015.01.15 16:08:10.380,0.98013,0.98052,1.57,2.25
2015.01.15 16:08:10.531,0.98013,0.98049,1.57,2.25
2015.01.15 16:08:10.934,0.98012,0.98045,1.50,2.25
2015.01.15 16:08:11.035,0.9801,0.98045,1.57,2.25
2015.01.15 16:08:11.539,0.98005,0.98043,1.57,2.25
2015.01.15 16:08:11.943,0.97999,0.98039,1.07,2.25
2015.01.15 16:08:12.044,0.97999,0.98036,1.00,2.25
2015.01.15 16:08:12.145,0.98003,0.98039,1.57,2.25
2015.01.15 16:08:12.447,0.98009,0.98048,2.25,1.45
2015.01.15 16:08:12.498,0.98009,0.98049,2.25,2.70
2015.01.15 16:08:12.549,0.98003,0.98044,3.75,2.25
2015.01.15 16:08:13.053,0.98009,0.98044,1.00,2.25
2015.01.15 16:08:13.456,0.98014,0.98044,1.00,2.25
2015.01.15 16:08:13.557,0.98014,0.98046,1.00,2.25
2015.01.15 16:08:13.700,0.98011,0.98046,1.57,2.25
2015.01.15 16:08:13.751,0.98011,0.98051,1.57,1.95
2015.01.15 16:08:14.421,0.98012,0.98047,1.50,2.25
2015.01.15 16:08:14.521,0.9801,0.9805,1.57,2.25
2015.01.15 16:08:16.298,0.98017,0.9805,1.50,2.25
2015.01.15 16:08:16.349,0.98017,0.98053,1.50,4.12
2015.01.15 16:08:16.450,0.98017,0.98055,1.57,1.95
2015.01.15 16:08:16.551,0.98017,0.98056,2.25,1.07
2015.01.15 16:08:16.652,0.98015,0.98054,2.25,1.07
2015.01.15 16:08:16.954,0.98014,0.98052,1.07,2.70
2015.01.15 16:08:17.256,0.98014,0.98049,1.00,2.62
2015.01.15 16:08:17.565,0.98014,0.98047,1.00,2.25
2015.01.15 16:08:17.824,0.98008,0.98047,1.07,2.25
2015.01.15 16:08:18.259,0.98005,0.98043,1.10,2.25
2015.01.15 16:08:19.074,0.97998,0.98039,3.75,2.25
2015.01.15 16:08:19.276,0.97998,0.98035,1.00,2.25
2015.01.15 16:08:19.830,0.97999,0.98035,1.00,2.25
2015.01.15 16:08:21.361,0.9799,0.9803,2.25,2.25
2015.01.15 16:08:21.462,0.97987,0.98024,1.00,2.25
2015.01.15 16:08:21.563,0.97985,0.98021,1.00,2.25
2015.01.15 16:08:22.100,0.97984,0.98021,1.10,2.25
2015.01.15 16:08:22.981,0.97984,0.98024,3.00,2.62
2015.01.15 16:08:23.082,0.97986,0.98028,2.25,1.20
2015.01.15 16:08:23.283,0.9799,0.98031,2.25,2.25
2015.01.15 16:08:23.585,0.9799,0.98029,1.57,2.25
2015.01.15 16:08:23.686,0.97993,0.98029,1.50,2.25
2015.01.15 16:08:23.787,0.97991,0.98029,1.57,2.25
2015.01.15 16:08:24.240,0.97996,0.98029,1.50,2.25
2015.01.15 16:08:24.543,0.98004,0.98035,1.00,1.45
2015.01.15 16:08:24.594,0.98004,0.98035,1.00,1.07
2015.01.15 16:08:24.695,0.97998,0.98037,1.07,1.20
2015.01.15 16:08:25.357,0.97994,0.98035,1.07,2.25
2015.01.15 16:08:25.659,0.97999,0.98035,1.00,3.37
2015.01.15 16:08:25.966,0.97998,0.98032,1.00,2.62
2015.01.15 16:08:26.172,0.97994,0.98032,1.07,2.62
2015.01.15 16:08:27.008,0.97993,0.98029,1.10,2.25
2015.01.15 16:08:27.311,0.97989,0.98025,1.07,2.25
2015.01.15 16:08:27.815,0.97988,0.98028,1.07,2.25
2015.01.15 16:08:28.331,0.9799,0.98029,2.25,1.45
2015.01.15 16:08:29.192,0.97992,0.98031,3.75,1.45
2015.01.15 16:08:29.293,0.97995,0.98031,2.25,1.10
2015.01.15 16:08:29.596,0.97993,0.98034,2.25,3.37
2015.01.15 16:08:29.901,0.97998,0.98037,1.07,3.37
2015.01.15 16:08:30.367,0.98004,0.98037,1.00,2.25
2015.01.15 16:08:30.419,0.98004,0.9804,1.10,2.25
2015.01.15 16:08:30.520,0.98004,0.98043,2.32,3.37
2015.01.15 16:08:30.823,0.98006,0.98047,2.25,3.37
2015.01.15 16:08:32.156,0.98011,0.98052,2.25,3.75
2015.01.15 16:08:32.886,0.98008,0.9805,3.37,2.25
2015.01.15 16:08:33.448,0.98005,0.98046,4.12,2.25
2015.01.15 16:08:33.751,0.98004,0.98043,1.07,2.25
2015.01.15 16:08:33.953,0.98009,0.98047,1.07,1.20
2015.01.15 16:08:34.155,0.98006,0.98044,1.10,2.25
2015.01.15 16:08:34.458,0.98001,0.98039,1.07,2.25
2015.01.15 16:08:34.760,0.97993,0.98031,1.07,1.57
2015.01.15 16:08:35.063,0.97988,0.98025,1.07,2.25
2015.01.15 16:08:35.691,0.97983,0.98022,1.07,2.25
2015.01.15 16:08:35.998,0.97988,0.98022,1.00,2.25
2015.01.15 16:08:36.099,0.97983,0.98022,1.57,2.25
2015.01.15 16:08:36.451,0.97987,0.98025,2.25,1.07
2015.01.15 16:08:36.552,0.97989,0.98027,2.25,1.20
2015.01.15 16:08:38.070,0.97991,0.98032,2.25,1.07
2015.01.15 16:08:40.420,0.97989,0.98027,1.57,2.25
2015.01.15 16:08:40.572,0.97988,0.98024,1.10,2.25
2015.01.15 16:08:41.306,0.97988,0.9802,1.00,2.25
2015.01.15 16:08:41.709,0.97989,0.98024,1.00,2.62
2015.01.15 16:08:42.011,0.97986,0.98028,4.50,2.62
2015.01.15 16:08:42.111,0.9799,0.98027,2.25,1.07
2015.01.15 16:08:42.212,0.97986,0.98028,2.25,1.57
2015.01.15 16:08:42.378,0.97984,0.98025,2.25,2.25
2015.01.15 16:08:43.391,0.97989,0.98028,1.07,2.25
2015.01.15 16:08:43.693,0.97989,0.98025,1.10,2.25
2015.01.15 16:08:44.657,0.97984,0.98017,2.25,1.50
2015.01.15 16:08:44.908,0.97978,0.98015,1.00,2.25
2015.01.15 16:08:45.123,0.97984,0.98015,1.00,2.25
2015.01.15 16:08:45.884,0.97979,0.98011,1.00,2.25
2015.01.15 16:08:46.472,0.97978,0.98011,1.00,2.25
2015.01.15 16:08:47.090,0.97974,0.98008,1.07,1.57
2015.01.15 16:08:47.524,0.97978,0.98009,1.00,1.57
2015.01.15 16:08:47.625,0.97974,0.98009,1.07,1.57
2015.01.15 16:08:48.269,0.97979,0.98009,1.00,1.57
2015.01.15 16:08:48.804,0.97979,0.98005,1.00,1.57
2015.01.15 16:08:48.854,0.97964,0.98005,2.25,1.57
2015.01.15 16:08:49.005,0.97961,0.98002,3.00,2.25
2015.01.15 16:08:50.220,0.97964,0.98002,2.25,1.20
2015.01.15 16:08:50.421,0.9796,0.98,1.07,2.25
2015.01.15 16:08:50.522,0.9796,0.97996,1.10,2.25
2015.01.15 16:08:51.227,0.97959,0.98,2.25,3.75
2015.01.15 16:08:51.328,0.97956,0.97998,1.07,3.37
2015.01.15 16:08:51.580,0.97955,0.97991,2.25,1.50
2015.01.15 16:08:51.832,0.97954,0.97993,1.07,2.62
2015.01.15 16:08:51.933,0.97954,0.97996,1.07,2.25
2015.01.15 16:08:54.028,0.97956,0.97997,2.25,1.07
2015.01.15 16:08:54.330,0.97959,0.98,2.25,2.25
2015.01.15 16:08:54.538,0.9796,0.98002,2.25,3.75
2015.01.15 16:08:54.639,0.97963,0.97999,1.10,2.25
2015.01.15 16:08:54.941,0.97963,0.97997,1.00,2.25
2015.01.15 16:08:55.150,0.97959,0.97997,1.10,2.25
2015.01.15 16:08:55.402,0.97964,0.97997,1.00,2.62
2015.01.15 16:08:56.169,0.97954,0.97997,3.00,4.12
2015.01.15 16:08:56.371,0.97959,0.97999,2.25,1.07
2015.01.15 16:08:56.677,0.97964,0.97997,1.00,2.70
2015.01.15 16:08:56.728,0.97959,0.97997,1.07,2.70
2015.01.15 16:08:56.779,0.97959,0.97997,3.00,2.32
2015.01.15 16:08:58.139,0.97961,0.98001,2.25,1.07
2015.01.15 16:08:58.240,0.97967,0.98006,2.25,1.07
2015.01.15 16:08:58.562,0.97974,0.9801,1.00,2.25
2015.01.15 16:08:59.067,0.97973,0.98009,1.00,1.45
2015.01.15 16:08:59.693,0.97974,0.9801,1.00,2.25
2015.01.15 16:09:00.518,0.97974,0.98007,1.00,2.25
2015.01.15 16:09:00.669,0.97969,0.98004,1.00,2.25
2015.01.15 16:09:00.720,0.97967,0.98004,1.00,2.25
2015.01.15 16:09:00.771,0.97964,0.97996,1.00,2.25
2015.01.15 16:09:01.124,0.97969,0.97996,1.00,2.25
2015.01.15 16:09:01.174,0.97969,0.98003,1.00,1.20
2015.01.15 16:09:01.679,0.97968,0.98004,1.10,2.25
2015.01.15 16:09:01.981,0.97968,0.98008,1.07,1.45
2015.01.15 16:09:02.082,0.97973,0.98012,1.07,3.00
2015.01.15 16:09:02.788,0.97967,0.98008,2.25,2.25
2015.01.15 16:09:03.090,0.97969,0.98003,1.00,2.25
2015.01.15 16:09:03.393,0.97968,0.97995,1.00,2.25
2015.01.15 16:09:03.444,0.97965,0.97995,1.00,2.25
2015.01.15 16:09:03.595,0.97964,0.97992,1.00,2.25
2015.01.15 16:09:03.847,0.97959,0.97989,1.00,2.25
2015.01.15 16:09:03.898,0.97959,0.97992,1.00,2.25
2015.01.15 16:09:03.999,0.97959,0.97995,1.07,2.25
2015.01.15 16:09:04.100,0.97964,0.97995,1.00,1.07
2015.01.15 16:09:04.201,0.97964,0.98001,1.07,2.25
2015.01.15 16:09:05.005,0.97959,0.97997,1.07,2.25
2015.01.15 16:09:05.392,0.97969,0.97997,1.00,2.25
2015.01.15 16:09:05.601,0.97964,0.97997,1.00,2.25
2015.01.15 16:09:06.602,0.97964,0.98,1.10,2.25
2015.01.15 16:09:06.703,0.97964,0.97997,1.00,2.25
2015.01.15 16:09:07.011,0.97968,0.97997,1.00,2.25
2015.01.15 16:09:07.130,0.97964,0.97997,1.00,2.25
2015.01.15 16:09:07.670,0.97963,0.97997,1.00,2.25
2015.01.15 16:09:08.134,0.97959,0.97997,1.07,2.25
2015.01.15 16:09:09.991,0.97961,0.98002,2.25,2.25
2015.01.15 16:09:10.293,0.97962,0.97999,1.00,2.25
2015.01.15 16:09:10.822,0.9796,0.98001,2.25,2.25
2015.01.15 16:09:12.638,0.97962,0.98005,3.75,2.25
2015.01.15 16:09:12.688,0.97969,0.98005,1.00,2.25
2015.01.15 16:09:13.124,0.97963,0.98005,1.07,2.25
2015.01.15 16:09:13.326,0.97974,0.98005,1.00,2.25
2015.01.15 16:09:13.849,0.97978,0.98005,1.00,2.25
2015.01.15 16:09:14.101,0.97974,0.98005,1.00,2.25
2015.01.15 16:09:14.202,0.97974,0.98009,1.00,2.25
2015.01.15 16:09:14.303,0.97979,0.98014,1.00,3.00
2015.01.15 16:09:14.840,0.97974,0.98014,1.07,2.25
2015.01.15 16:09:15.145,0.97973,0.9801,1.07,2.25
2015.01.15 16:09:15.447,0.97968,0.98006,1.20,2.25
2015.01.15 16:09:16.008,0.97969,0.98009,2.25,2.25
2015.01.15 16:09:16.109,0.97965,0.98008,3.00,2.25
2015.01.15 16:09:16.210,0.97968,0.98004,1.10,2.25
2015.01.15 16:09:17.117,0.97964,0.98001,1.10,2.25
2015.01.15 16:09:18.153,0.97963,0.98004,1.07,2.25
2015.01.15 16:09:18.558,0.97964,0.98007,2.25,3.37
2015.01.15 16:09:18.759,0.9796,0.98009,1.00,2.62
2015.01.15 16:09:19.303,0.9796,0.9801,1.50,1.00
2015.01.15 16:09:19.353,0.97964,0.9801,1.00,1.00
2015.01.15 16:09:19.454,0.97964,0.98012,1.00,3.75
2015.01.15 16:09:20.021,0.97964,0.98011,1.00,1.00
2015.01.15 16:09:21.090,0.97964,0.9801,1.00,1.00
2015.01.15 16:09:21.191,0.97962,0.98008,1.37,1.00
2015.01.15 16:09:21.493,0.97968,0.98008,1.00,1.12
2015.01.15 16:09:21.998,0.97969,0.98008,1.00,1.87
2015.01.15 16:09:22.301,0.97969,0.98009,1.07,2.25
2015.01.15 16:09:26.081,0.97973,0.98009,1.00,2.25
2015.01.15 16:09:27.306,0.97969,0.98008,1.07,1.95
2015.01.15 16:09:27.357,0.97969,0.98005,1.00,2.25
2015.01.15 16:09:27.811,0.97969,0.98006,1.07,1.10
2015.01.15 16:09:28.082,0.9797,0.98006,2.25,1.00
2015.01.15 16:09:28.384,0.97973,0.98012,1.07,1.20
2015.01.15 16:09:29.278,0.97972,0.98016,2.25,1.07
2015.01.15 16:09:29.581,0.97968,0.98011,1.07,1.57
2015.01.15 16:09:29.883,0.97967,0.98,1.50,1.57
2015.01.15 16:09:30.035,0.97959,0.97996,1.07,1.57
2015.01.15 16:09:30.186,0.97955,0.97992,1.00,2.25
2015.01.15 16:09:30.388,0.97951,0.97988,1.00,1.57
2015.01.15 16:09:30.539,0.97949,0.97988,1.10,1.57
2015.01.15 16:09:30.691,0.97948,0.97986,1.00,2.25
2015.01.15 16:09:30.842,0.97944,0.97982,1.07,1.07
2015.01.15 16:09:31.216,0.97945,0.97986,3.75,1.07
2015.01.15 16:09:31.518,0.97943,0.97974,1.07,1.50
2015.01.15 16:09:31.820,0.97929,0.97956,1.50,2.25
2015.01.15 16:09:31.921,0.97924,0.97956,1.00,2.25
2015.01.15 16:09:32.022,0.97924,0.97956,1.00,1.07
2015.01.15 16:09:32.123,0.97916,0.97956,2.25,1.07
2015.01.15 16:09:32.224,0.97919,0.97964,2.25,2.62
2015.01.15 16:09:32.414,0.97923,0.97967,2.25,1.57
2015.01.15 16:09:32.515,0.97928,0.97967,2.25,1.10
2015.01.15 16:09:32.844,0.97932,0.97972,2.25,1.00
2015.01.15 16:09:33.147,0.97944,0.97978,1.00,4.12
2015.01.15 16:09:33.651,0.97943,0.97978,1.00,2.62
2015.01.15 16:09:34.235,0.97943,0.9798,1.00,1.45
2015.01.15 16:09:34.336,0.97939,0.97981,1.07,1.57
2015.01.15 16:09:34.751,0.97939,0.97977,1.50,2.25
2015.01.15 16:09:35.103,0.97949,0.97977,1.00,2.62
2015.01.15 16:09:35.154,0.97949,0.97978,1.00,1.45
2015.01.15 16:09:35.255,0.97949,0.97984,1.00,1.47
2015.01.15 16:09:35.356,0.97947,0.97985,3.75,1.37
2015.01.15 16:09:35.457,0.97944,0.97986,3.00,1.07
2015.01.15 16:09:35.558,0.97939,0.97983,2.25,2.25
2015.01.15 16:09:35.861,0.97947,0.97983,1.00,2.62
2015.01.15 16:09:35.911,0.97939,0.97981,4.50,1.57
2015.01.15 16:09:36.012,0.97946,0.97981,1.00,1.57
2015.01.15 16:09:36.113,0.97944,0.97981,1.10,1.57
2015.01.15 16:09:37.281,0.97943,0.97987,1.07,4.50
2015.01.15 16:09:38.580,0.97946,0.97985,2.25,1.10
2015.01.15 16:09:39.375,0.97945,0.97985,1.07,1.07
2015.01.15 16:09:41.503,0.97946,0.97988,2.25,1.57
2015.01.15 16:09:41.661,0.97941,0.97987,2.25,3.00
2015.01.15 16:09:42.064,0.97946,0.97987,2.25,2.32
2015.01.15 16:09:42.852,0.97946,0.97984,2.25,1.47
2015.01.15 16:09:43.258,0.97946,0.97984,2.25,1.10
2015.01.15 16:09:45.360,0.97954,0.97989,1.00,3.37
2015.01.15 16:09:45.411,0.97954,0.97989,1.07,1.37
2015.01.15 16:09:45.662,0.97954,0.97995,1.07,3.37
2015.01.15 16:09:53.779,0.97954,0.9799,1.50,2.62
2015.01.15 16:09:53.930,0.97949,0.97986,1.07,1.07
2015.01.15 16:09:54.398,0.97948,0.97986,1.10,2.25
2015.01.15 16:09:54.499,0.97948,0.97987,1.07,2.70
2015.01.15 16:09:55.205,0.97949,0.97985,1.07,1.05
2015.01.15 16:09:55.508,0.97948,0.97979,1.00,1.37
2015.01.15 16:09:55.610,0.97948,0.97986,1.00,1.07
2015.01.15 16:09:55.920,0.97946,0.97981,1.07,1.00
2015.01.15 16:09:59.278,0.97948,0.97986,1.00,1.07
2015.01.15 16:09:59.622,0.97945,0.97981,1.07,1.00
2015.01.15 16:10:00.386,0.97949,0.97986,1.00,1.07
2015.01.15 16:10:00.689,0.97952,0.97986,2.32,1.00
2015.01.15 16:10:01.071,0.97958,0.97987,1.00,1.00
2015.01.15 16:10:02.593,0.97964,0.97991,1.00,1.07
2015.01.15 16:10:02.845,0.97954,0.97991,1.00,2.25
2015.01.15 16:10:02.997,0.97954,0.97986,1.00,2.25
2015.01.15 16:10:03.148,0.97949,0.97983,1.00,1.37
2015.01.15 16:10:03.400,0.97959,0.97983,1.00,1.05
2015.01.15 16:10:03.968,0.97958,0.97983,1.00,1.05
2015.01.15 16:10:05.155,0.97954,0.97984,1.00,1.45
2015.01.15 16:10:05.356,0.97958,0.97992,1.00,2.92
2015.01.15 16:10:05.558,0.97954,0.97988,1.00,2.25
2015.01.15 16:10:06.122,0.97948,0.97987,1.07,1.37
2015.01.15 16:10:09.338,0.97954,0.97987,1.00,1.07
2015.01.15 16:10:09.439,0.97954,0.97987,1.00,1.95
2015.01.15 16:10:10.629,0.97953,0.97991,1.10,1.07
2015.01.15 16:10:11.437,0.97948,0.97987,1.57,1.07
2015.01.15 16:10:11.943,0.97948,0.97985,1.00,2.25
2015.01.15 16:10:12.145,0.97944,0.97985,1.57,2.25
2015.01.15 16:10:12.661,0.97941,0.97979,1.60,3.37
2015.01.15 16:10:12.980,0.97958,0.97992,2.92,1.37
2015.01.15 16:10:13.081,0.97959,0.97992,1.67,1.00
2015.01.15 16:10:13.131,0.97964,0.97999,1.00,3.00
2015.01.15 16:10:13.232,0.97964,0.97999,1.57,1.07
2015.01.15 16:10:13.283,0.9797,0.97999,2.10,1.07
2015.01.15 16:10:13.384,0.9797,0.98003,2.17,1.00
2015.01.15 16:10:13.435,0.97973,0.98005,1.42,1.00
2015.01.15 16:10:13.536,0.97973,0.98011,2.85,1.00
2015.01.15 16:10:13.687,0.97983,0.98015,1.00,1.07
2015.01.15 16:10:13.738,0.97983,0.98015,1.00,1.00
2015.01.15 16:10:13.839,0.97983,0.9802,1.35,1.57
2015.01.15 16:10:13.939,0.9798,0.98017,2.10,1.20
2015.01.15 16:10:14.242,0.97989,0.98016,1.00,1.00
2015.01.15 16:10:14.594,0.97989,0.98021,1.00,1.57
2015.01.15 16:10:14.645,0.97989,0.9802,1.35,3.00
2015.01.15 16:10:14.956,0.97988,0.98022,1.60,1.20
2015.01.15 16:10:17.482,0.97983,0.98022,1.57,1.07
2015.01.15 16:10:22.377,0.97989,0.98021,1.00,1.07
2015.01.15 16:10:23.368,0.97984,0.98021,1.07,1.07
2015.01.15 16:10:23.592,0.97989,0.98021,1.00,1.07
2015.01.15 16:10:23.805,0.97983,0.98021,1.07,1.07
2015.01.15 16:10:23.906,0.97984,0.98021,2.25,1.00
2015.01.15 16:10:24.160,0.97986,0.98027,2.92,3.07
2015.01.15 16:10:24.369,0.97989,0.98023,1.00,3.75
2015.01.15 16:10:24.836,0.97989,0.98016,1.00,1.00
2015.01.15 16:10:25.492,0.97989,0.98016,1.00,1.07
2015.01.15 16:10:25.593,0.97983,0.98012,1.00,1.00
2015.01.15 16:10:26.142,0.97984,0.98011,1.00,1.00
2015.01.15 16:10:27.113,0.97978,0.98016,2.92,1.07
2015.01.15 16:10:27.320,0.97978,0.98011,2.92,1.00
2015.01.15 16:10:27.576,0.97979,0.98016,1.67,1.07
2015.01.15 16:10:27.627,0.97979,0.98016,1.07,1.07
2015.01.15 16:10:27.844,0.97981,0.98016,1.60,1.07
2015.01.15 16:10:28.146,0.97984,0.98019,1.00,2.25
2015.01.15 16:10:28.448,0.9798,0.98007,2.17,1.00
2015.01.15 16:10:28.883,0.97984,0.98011,1.00,1.00
2015.01.15 16:10:29.084,0.97978,0.98007,1.67,1.00
2015.01.15 16:10:29.411,0.97984,0.98011,1.00,1.00
2015.01.15 16:10:29.667,0.97979,0.98011,2.17,1.00
2015.01.15 16:10:29.881,0.97981,0.98017,1.60,1.95
2015.01.15 16:10:30.297,0.97979,0.98007,2.92,1.00
2015.01.15 16:10:30.348,0.97979,0.98007,1.67,1.00
2015.01.15 16:10:31.280,0.97979,0.98006,1.60,1.00
2015.01.15 16:10:31.482,0.97979,0.98004,1.10,1.57
2015.01.15 16:10:31.683,0.97969,0.97998,1.00,2.32
2015.01.15 16:10:31.835,0.97966,0.97998,1.00,2.70
2015.01.15 16:10:31.936,0.97964,0.97998,1.00,2.70
2015.01.15 16:10:33.412,0.97958,0.97997,1.75,3.15
2015.01.15 16:10:33.847,0.97957,0.97987,3.75,1.00
2015.01.15 16:10:33.949,0.97958,0.97991,2.25,1.00
2015.01.15 16:10:34.150,0.97957,0.97987,2.25,1.00
2015.01.15 16:10:34.403,0.97956,0.97991,1.77,1.07
2015.01.15 16:10:34.504,0.97954,0.97987,2.17,2.25
2015.01.15 16:10:34.554,0.97952,0.97987,1.00,2.32
2015.01.15 16:10:34.655,0.97949,0.97986,1.17,1.65
2015.01.15 16:10:34.868,0.97952,0.97986,2.10,1.15
2015.01.15 16:10:34.943,0.97955,0.97988,1.60,1.57
2015.01.15 16:10:35.448,0.97956,0.97991,1.35,1.15
2015.01.15 16:10:36.855,0.97958,0.97992,1.00,1.15
2015.01.15 16:10:37.274,0.97954,0.97992,1.80,1.15
2015.01.15 16:10:37.476,0.97953,0.97986,1.75,1.00
2015.01.15 16:10:37.903,0.97953,0.97992,1.75,1.15
2015.01.15 16:10:38.079,0.97953,0.97992,1.15,1.15
2015.01.15 16:10:38.180,0.97956,0.97991,1.50,1.15
2015.01.15 16:10:38.887,0.97953,0.97993,1.15,5.25
2015.01.15 16:10:39.011,0.97957,0.97993,1.00,4.87
2015.01.15 16:10:39.920,0.97955,0.97991,1.00,1.15
2015.01.15 16:10:40.521,0.97953,0.97991,1.15,1.15
2015.01.15 16:10:40.572,0.97956,0.97989,1.00,2.32
2015.01.15 16:10:40.726,0.97952,0.97987,1.00,1.15
2015.01.15 16:10:42.658,0.97955,0.97986,1.60,1.07
2015.01.15 16:10:42.708,0.97955,0.97986,1.60,1.00
2015.01.15 16:10:42.759,0.97952,0.97986,1.67,3.00
2015.01.15 16:10:43.030,0.97951,0.97986,2.25,1.57
2015.01.15 16:10:43.081,0.97953,0.97981,1.77,1.00
2015.01.15 16:10:43.132,0.97953,0.97981,1.17,1.00
2015.01.15 16:10:43.384,0.9795,0.97991,1.75,2.32
2015.01.15 16:10:46.204,0.97955,0.97987,2.47,1.17
2015.01.15 16:10:46.355,0.97958,0.97993,1.00,1.27
2015.01.15 16:10:46.406,0.97957,0.97993,2.92,2.70
2015.01.15 16:10:46.747,0.97965,0.97991,1.60,1.00
2015.01.15 16:10:46.848,0.97961,0.97991,1.15,1.00
2015.01.15 16:10:47.251,0.97962,0.97996,1.10,1.15
2015.01.15 16:10:47.705,0.9796,0.97995,1.07,2.32
2015.01.15 16:10:47.755,0.9796,0.97995,1.00,4.50
2015.01.15 16:10:48.833,0.9796,0.97996,1.17,1.15
2015.01.15 16:10:48.884,0.9796,0.97994,1.07,2.32
2015.01.15 16:10:49.413,0.97958,0.97993,1.00,2.32
2015.01.15 16:10:49.927,0.97962,0.97993,1.00,2.32
2015.01.15 16:10:49.977,0.97962,0.97995,1.00,1.27
2015.01.15 16:10:50.028,0.97959,0.97995,1.15,1.27
2015.01.15 16:10:50.533,0.97961,0.97997,1.00,1.15
2015.01.15 16:10:50.935,0.97962,0.97996,1.17,1.00
2015.01.15 16:10:51.445,0.97962,0.97997,1.17,1.10
2015.01.15 16:10:52.015,0.97962,0.97996,1.17,1.00
2015.01.15 16:10:53.620,0.97961,0.97991,1.15,1.00
2015.01.15 16:10:53.822,0.97963,0.97997,1.17,1.10
2015.01.15 16:10:54.176,0.97962,0.97996,1.15,1.00
2015.01.15 16:10:54.277,0.97962,0.97996,1.00,1.15
2015.01.15 16:10:54.579,0.97959,0.97992,1.17,1.00
2015.01.15 16:10:54.630,0.97959,0.97997,1.17,1.15
2015.01.15 16:10:54.810,0.97959,0.97991,1.17,1.00
2015.01.15 16:10:55.113,0.97962,0.97991,1.15,1.00
2015.01.15 16:10:55.163,0.97962,0.97996,1.07,1.07
2015.01.15 16:10:55.214,0.97962,0.97996,1.00,1.15
2015.01.15 16:10:55.379,0.97962,0.97992,1.00,1.00
2015.01.15 16:10:55.580,0.97962,0.97997,1.00,1.15
2015.01.15 16:10:56.529,0.97961,0.97999,1.20,4.50
2015.01.15 16:10:56.579,0.97961,0.97991,1.20,1.00
2015.01.15 16:10:56.831,0.97959,0.97996,1.00,2.32
2015.01.15 16:10:56.983,0.97958,0.97991,1.00,2.25
2015.01.15 16:10:57.101,0.97954,0.97991,1.10,3.07
2015.01.15 16:10:57.863,0.97956,0.97987,1.00,1.17
2015.01.15 16:10:58.320,0.97956,0.97986,1.15,1.00
2015.01.15 16:10:59.110,0.9796,0.97995,1.00,2.32
2015.01.15 16:10:59.574,0.97961,0.97986,1.00,1.00
2015.01.15 16:11:00.406,0.9796,0.97986,1.00,1.00
2015.01.15 16:11:00.716,0.9796,0.97986,1.07,1.00
2015.01.15 16:11:01.874,0.97961,0.97981,1.15,1.00
2015.01.15 16:11:01.979,0.97961,0.97986,1.15,1.00
2015.01.15 16:11:02.293,0.97962,0.97991,1.20,1.00
2015.01.15 16:11:02.444,0.97964,0.97992,1.00,1.17
2015.01.15 16:11:04.818,0.97961,0.97991,1.00,1.10
2015.01.15 16:11:04.869,0.97961,0.97986,1.00,1.00
2015.01.15 16:11:04.919,0.97959,0.97986,1.00,1.00
2015.01.15 16:11:04.970,0.97959,0.97986,1.00,1.15
2015.01.15 16:11:05.020,0.97956,0.97986,1.00,1.15
2015.01.15 16:11:05.090,0.97956,0.97986,1.00,1.00
2015.01.15 16:11:05.444,0.97957,0.97986,1.00,1.07
2015.01.15 16:11:05.746,0.97956,0.97981,1.00,1.00
2015.01.15 16:11:05.847,0.97956,0.97987,1.00,1.15
2015.01.15 16:11:06.390,0.97957,0.97986,1.00,1.15
2015.01.15 16:11:06.988,0.97953,0.97983,1.00,2.32
2015.01.15 16:11:07.199,0.97949,0.97983,1.50,2.32
2015.01.15 16:11:07.351,0.97944,0.97983,1.17,2.32
2015.01.15 16:11:07.401,0.97948,0.97983,1.00,2.32
2015.01.15 16:11:07.503,0.9795,0.97986,1.00,1.15
2015.01.15 16:11:07.705,0.97953,0.97986,1.00,1.15
2015.01.15 16:11:08.158,0.97953,0.97981,1.00,1.00
2015.01.15 16:11:08.888,0.97953,0.97986,1.00,1.15
2015.01.15 16:11:09.122,0.97953,0.97981,1.00,1.00
2015.01.15 16:11:09.223,0.97953,0.97986,1.00,1.15
2015.01.15 16:11:09.525,0.9795,0.97986,1.00,1.15
2015.01.15 16:11:10.108,0.9795,0.97982,1.00,1.00
2015.01.15 16:11:10.647,0.97949,0.97981,1.10,1.00
2015.01.15 16:11:10.697,0.97949,0.97981,1.00,1.15
2015.01.15 16:11:10.999,0.97948,0.97981,1.10,1.07
2015.01.15 16:11:11.377,0.97948,0.97981,1.70,1.07
2015.01.15 16:11:11.748,0.97952,0.97982,1.00,1.00
2015.01.15 16:11:12.211,0.97952,0.97976,1.00,1.00
2015.01.15 16:11:12.415,0.9795,0.97976,1.00,1.00
2015.01.15 16:11:14.420,0.9795,0.97977,1.00,1.00
2015.01.15 16:11:14.622,0.9795,0.97982,1.00,1.15
2015.01.15 16:11:15.754,0.9795,0.97976,1.00,1.00
2015.01.15 16:11:16.172,0.9795,0.97981,1.00,1.17
2015.01.15 16:11:16.848,0.9795,0.97977,1.00,1.00
2015.01.15 16:11:17.166,0.97947,0.97977,1.10,1.00
2015.01.15 16:11:17.368,0.97947,0.97981,1.10,1.17
2015.01.15 16:11:17.628,0.97947,0.97972,1.10,1.00
2015.01.15 16:11:17.849,0.97947,0.97977,1.70,1.00
2015.01.15 16:11:17.950,0.97948,0.97977,2.85,1.00
2015.01.15 16:11:18.252,0.97955,0.97981,1.77,1.00
2015.01.15 16:11:18.605,0.97955,0.97986,1.17,1.00
2015.01.15 16:11:18.756,0.97956,0.97985,1.00,2.25
2015.01.15 16:11:19.008,0.97951,0.97981,1.00,1.15
2015.01.15 16:11:19.261,0.97953,0.97982,1.00,1.00
2015.01.15 16:11:19.413,0.97953,0.97992,1.15,4.20
2015.01.15 16:11:19.464,0.97954,0.97992,2.32,1.95
2015.01.15 16:11:19.514,0.97954,0.97992,4.50,1.00
2015.01.15 16:11:20.045,0.97955,0.97996,1.15,1.15
2015.01.15 16:11:20.350,0.97954,0.97993,2.32,2.32
2015.01.15 16:11:20.401,0.97951,0.97993,3.07,2.32
2015.01.15 16:11:20.849,0.97955,0.97989,1.10,2.32
2015.01.15 16:11:21.051,0.97952,0.97989,1.07,2.32
2015.01.15 16:11:21.219,0.9795,0.97986,1.00,4.50
2015.01.15 16:11:21.370,0.97946,0.97982,1.15,1.15
2015.01.15 16:11:23.191,0.97946,0.97986,3.07,3.07
2015.01.15 16:11:23.241,0.97946,0.97986,5.25,1.15
2015.01.15 16:11:24.503,0.97948,0.97985,1.07,2.32
2015.01.15 16:11:24.554,0.97948,0.97985,1.00,4.50
2015.01.15 16:11:24.907,0.97947,0.9799,1.15,2.32
2015.01.15 16:11:25.241,0.97951,0.97995,5.25,5.25
2015.01.15 16:11:31.222,0.97957,0.97995,2.25,2.32
2015.01.15 16:11:31.272,0.97957,0.97998,2.32,2.70
2015.01.15 16:11:31.625,0.97963,0.98002,1.15,1.27
2015.01.15 16:11:31.676,0.97964,0.97996,1.20,1.00
2015.01.15 16:11:31.979,0.97954,0.97995,2.32,1.15
2015.01.15 16:11:32.280,0.97953,0.97985,1.00,2.32
2015.01.15 16:11:32.683,0.97947,0.97985,1.65,2.32
2015.01.15 16:11:33.458,0.97948,0.97989,1.15,3.07
2015.01.15 16:11:33.559,0.97951,0.97995,2.32,2.70
2015.01.15 16:11:36.148,0.97955,0.97988,1.50,2.32
2015.01.15 16:11:36.257,0.97959,0.97992,1.57,1.17
2015.01.15 16:11:36.459,0.97959,0.97997,3.67,1.17
2015.01.15 16:11:37.580,0.97964,0.97997,3.67,1.17
2015.01.15 16:11:38.184,0.97964,0.97997,5.25,1.00
2015.01.15 16:11:38.704,0.97964,0.97996,3.75,1.00
2015.01.15 16:11:40.129,0.97969,0.97996,1.60,1.00
2015.01.15 16:11:40.180,0.97969,0.98006,1.75,1.07
2015.01.15 16:11:40.482,0.97972,0.98006,5.25,1.00
2015.01.15 16:11:40.583,0.97972,0.98011,5.25,1.15
2015.01.15 16:11:40.634,0.97972,0.98006,4.50,1.50
2015.01.15 16:11:40.785,0.97966,0.98008,1.15,4.87
2015.01.15 16:11:40.886,0.97966,0.98,1.00,2.32
2015.01.15 16:11:40.937,0.97964,0.98,2.10,2.32
2015.01.15 16:11:40.988,0.97968,0.98005,2.85,2.70
2015.01.15 16:11:41.290,0.97972,0.98007,1.07,1.15
2015.01.15 16:11:41.341,0.97972,0.98007,1.15,1.17
2015.01.15 16:11:41.999,0.97969,0.98006,2.25,1.15
2015.01.15 16:11:42.548,0.97969,0.98001,1.15,1.00
2015.01.15 16:11:43.100,0.97969,0.98002,1.15,1.00
2015.01.15 16:11:43.902,0.97968,0.98006,1.15,1.15
2015.01.15 16:11:44.204,0.97971,0.98002,2.32,1.00
2015.01.15 16:11:44.782,0.97971,0.98001,2.32,1.00
2015.01.15 16:11:44.883,0.97971,0.98006,2.32,1.00
2015.01.15 16:11:45.398,0.97971,0.98007,2.32,1.00
2015.01.15 16:11:45.499,0.9797,0.98007,2.32,1.07
2015.01.15 16:11:45.550,0.97969,0.98007,1.15,1.15
2015.01.15 16:11:45.651,0.9797,0.98002,1.17,1.00
2015.01.15 16:11:45.853,0.97968,0.98006,1.15,1.17
2015.01.15 16:11:45.903,0.97966,0.98004,1.15,2.25
2015.01.15 16:11:45.954,0.97966,0.98004,1.15,2.32
2015.01.15 16:11:47.371,0.97966,0.98005,3.67,2.32
2015.01.15 16:11:47.422,0.97969,0.98007,2.25,1.15
2015.01.15 16:11:47.473,0.97972,0.98007,2.25,1.07
2015.01.15 16:11:47.524,0.97972,0.98007,4.50,1.00
2015.01.15 16:11:47.901,0.97972,0.98006,2.32,1.07
2015.01.15 16:11:47.952,0.9797,0.98006,2.25,1.07
2015.01.15 16:11:48.003,0.97971,0.98006,2.32,1.00
2015.01.15 16:11:48.322,0.97975,0.98007,2.32,1.00
2015.01.15 16:11:48.425,0.97975,0.98011,2.32,1.00
2015.01.15 16:11:48.839,0.97975,0.98006,2.32,1.00
2015.01.15 16:11:49.540,0.97977,0.98006,2.25,1.00
2015.01.15 16:11:49.842,0.97978,0.98012,2.92,1.00
2015.01.15 16:11:50.368,0.97978,0.98011,3.67,1.00
2015.01.15 16:11:53.082,0.97977,0.98011,5.17,1.00
2015.01.15 16:11:53.183,0.97976,0.98011,1.07,1.07
2015.01.15 16:11:53.234,0.97976,0.98011,1.00,1.15
2015.01.15 16:11:53.385,0.9797,0.98009,1.17,2.32
2015.01.15 16:11:53.436,0.9797,0.98009,1.10,2.32
2015.01.15 16:11:54.208,0.9797,0.9801,2.25,2.70
2015.01.15 16:11:54.259,0.9797,0.98011,2.32,1.15
2015.01.15 16:11:54.410,0.9797,0.98007,1.65,2.25
2015.01.15 16:11:54.461,0.9797,0.98007,1.57,3.07
2015.01.15 16:11:58.800,0.97973,0.98006,1.07,1.17
2015.01.15 16:11:58.851,0.97973,0.98011,1.65,3.07
2015.01.15 16:11:59.415,0.97971,0.98006,1.07,1.07
2015.01.15 16:11:59.465,0.97971,0.98006,1.00,1.15
2015.01.15 16:11:59.516,0.97973,0.98006,1.07,1.07
2015.01.15 16:11:59.567,0.97973,0.98006,1.50,1.00
2015.01.15 16:11:59.617,0.97975,0.98007,1.07,1.00
2015.01.15 16:11:59.820,0.97977,0.98012,1.15,1.15
2015.01.15 16:12:02.243,0.97975,0.98011,1.07,1.17
2015.01.15 16:12:02.293,0.97975,0.98011,1.00,1.15
2015.01.15 16:12:02.819,0.97972,0.98007,2.25,1.00
2015.01.15 16:12:03.323,0.97972,0.98006,1.15,1.00
2015.01.15 16:12:03.579,0.97975,0.98001,1.00,1.00
2015.01.15 16:12:03.831,0.9797,0.98001,1.07,1.00
2015.01.15 16:12:03.932,0.97968,0.98008,2.40,3.07
2015.01.15 16:12:03.983,0.97975,0.98008,1.00,2.32
2015.01.15 16:12:04.033,0.97975,0.98012,1.10,3.82
2015.01.15 16:12:05.001,0.97976,0.98011,1.07,1.07
2015.01.15 16:12:05.152,0.97979,0.98017,3.67,1.17
2015.01.15 16:12:05.364,0.97983,0.98012,1.50,1.00
2015.01.15 16:12:05.694,0.97983,0.98016,1.50,1.10
2015.01.15 16:12:06.124,0.97989,0.98016,1.10,1.00
2015.01.15 16:12:06.376,0.97984,0.98016,1.10,1.10
2015.01.15 16:12:06.628,0.97985,0.98016,1.60,1.10
2015.01.15 16:12:06.779,0.97986,0.98021,1.50,1.07
2015.01.15 16:12:07.372,0.97989,0.98021,1.00,1.07
2015.01.15 16:12:08.006,0.97988,0.98022,1.10,1.17
2015.01.15 16:12:08.527,0.97986,0.98019,1.10,2.25
2015.01.15 16:12:08.678,0.97984,0.98019,1.00,2.32
2015.01.15 16:12:09.414,0.97984,0.98012,1.00,1.00
2015.01.15 16:12:09.657,0.97985,0.98017,1.00,1.15
2015.01.15 16:12:09.758,0.97985,0.98017,1.17,1.00
2015.01.15 16:12:10.268,0.97985,0.98011,1.17,1.00
2015.01.15 16:12:12.367,0.97986,0.98012,1.00,1.00
2015.01.15 16:12:13.780,0.97986,0.98011,1.00,1.00
2015.01.15 16:12:14.345,0.97986,0.98016,1.00,1.15
2015.01.15 16:12:15.142,0.97986,0.98016,1.10,1.07
2015.01.15 16:12:15.263,0.97986,0.98016,1.10,1.00
2015.01.15 16:12:17.146,0.97986,0.98016,1.00,1.07
2015.01.15 16:12:17.398,0.97986,0.98017,1.10,1.00
2015.01.15 16:12:17.728,0.97986,0.98017,1.17,1.00
2015.01.15 16:12:17.879,0.97986,0.98022,1.15,1.00
2015.01.15 16:12:17.980,0.97986,0.98021,1.15,1.87
2015.01.15 16:12:18.283,0.97982,0.9801,1.00,2.32
2015.01.15 16:12:18.434,0.97974,0.98006,2.32,1.07
2015.01.15 16:12:18.636,0.97969,0.98001,2.32,1.00
2015.01.15 16:12:18.787,0.97968,0.98001,1.15,1.00
2015.01.15 16:12:19.132,0.97969,0.98001,2.32,1.00
2015.01.15 16:12:19.284,0.9797,0.98006,1.15,1.00
2015.01.15 16:12:19.385,0.9797,0.98002,1.15,1.00
2015.01.15 16:12:19.865,0.97971,0.98005,1.15,1.50
2015.01.15 16:12:19.917,0.97971,0.98007,1.15,1.20
2015.01.15 16:12:20.037,0.97971,0.98002,1.15,1.00
2015.01.15 16:12:20.404,0.97966,0.98,1.15,1.50
2015.01.15 16:12:20.505,0.97967,0.98001,1.00,2.32
2015.01.15 16:12:20.606,0.97968,0.98001,1.15,1.00
2015.01.15 16:12:20.707,0.97967,0.98001,1.00,2.40
2015.01.15 16:12:20.960,0.97967,0.98005,1.07,2.32
2015.01.15 16:12:21.010,0.97967,0.98008,1.15,2.32
2015.01.15 16:12:21.161,0.97969,0.98009,2.32,2.32
2015.01.15 16:12:21.212,0.97971,0.98011,1.15,3.07
2015.01.15 16:12:22.027,0.97975,0.98007,1.00,1.17
2015.01.15 16:12:22.078,0.97975,0.98007,1.07,1.10
2015.01.15 16:12:22.129,0.97976,0.98011,1.17,1.07
2015.01.15 16:12:24.717,0.97975,0.9801,1.00,3.82
2015.01.15 16:12:24.768,0.97971,0.9801,1.15,3.82
2015.01.15 16:12:24.969,0.97967,0.98005,3.07,2.25
2015.01.15 16:12:25.020,0.97967,0.98004,1.15,1.65
2015.01.15 16:12:25.373,0.97968,0.98001,1.10,1.17
2015.01.15 16:12:25.691,0.97965,0.98,1.00,1.15
2015.01.15 16:12:25.893,0.97965,0.97996,1.00,1.50
2015.01.15 16:12:26.044,0.9796,0.97992,1.00,1.57
2015.01.15 16:12:26.095,0.97961,0.9799,1.00,1.50
2015.01.15 16:12:26.397,0.9796,0.97997,1.50,3.07
2015.01.15 16:12:26.498,0.97954,0.97997,1.15,2.32
2015.01.15 16:12:26.851,0.97954,0.97992,1.17,4.57
2015.01.15 16:12:26.902,0.97951,0.97992,1.15,6.75
2015.01.15 16:12:29.099,0.97953,0.97991,2.25,1.65
2015.01.15 16:12:29.200,0.97957,0.97996,2.92,2.40
2015.01.15 16:12:30.357,0.9796,0.97997,1.15,1.57
2015.01.15 16:12:30.407,0.9796,0.97997,3.07,1.50
2015.01.15 16:12:30.911,0.9796,0.98002,2.32,1.15
2015.01.15 16:12:31.184,0.97964,0.98002,2.32,1.07
2015.01.15 16:12:31.234,0.97965,0.98002,2.32,1.10
2015.01.15 16:12:32.393,0.97969,0.98002,2.32,1.00
2015.01.15 16:12:35.044,0.97965,0.98002,1.15,1.20
2015.01.15 16:12:35.297,0.97964,0.98,6.75,1.50
2015.01.15 16:12:35.398,0.97964,0.98002,5.85,1.20
2015.01.15 16:12:35.815,0.97968,0.98007,2.32,2.02
2015.01.15 16:12:39.411,0.97966,0.98006,1.15,1.15
2015.01.15 16:12:39.512,0.97965,0.98001,1.00,2.32
2015.01.15 16:12:40.016,0.97959,0.97997,3.07,1.07
2015.01.15 16:12:40.790,0.97964,0.97996,2.07,1.10
2015.01.15 16:12:40.841,0.97965,0.98002,1.12,1.15
2015.01.15 16:12:40.942,0.97968,0.98003,2.70,1.00
2015.01.15 16:12:40.992,0.97974,0.9801,2.10,2.70
2015.01.15 16:12:41.043,0.97976,0.98011,4.50,1.37
2015.01.15 16:12:41.251,0.97971,0.98009,3.30,1.57
2015.01.15 16:12:41.622,0.97973,0.98011,2.92,1.07
2015.01.15 16:12:41.756,0.97974,0.98011,2.92,1.00
2015.01.15 16:12:42.059,0.97974,0.9801,2.32,1.57
2015.01.15 16:12:42.160,0.97971,0.98007,2.32,1.00
2015.01.15 16:12:42.462,0.97967,0.98006,2.32,1.15
2015.01.15 16:12:42.765,0.97967,0.98005,2.25,1.65
2015.01.15 16:12:42.815,0.97963,0.98005,2.25,3.82
2015.01.15 16:12:43.017,0.9796,0.98001,3.07,3.82
2015.01.15 16:12:43.067,0.9796,0.98001,1.15,6.00
2015.01.15 16:12:43.731,0.97963,0.98001,2.32,1.57
2015.01.15 16:12:43.932,0.97967,0.98007,4.50,2.02
2015.01.15 16:12:46.696,0.97967,0.98004,4.50,1.50
2015.01.15 16:12:47.246,0.97967,0.98005,4.50,1.65
2015.01.15 16:12:47.778,0.97971,0.98006,2.32,1.00
2015.01.15 16:12:48.030,0.97971,0.98011,2.32,1.15
2015.01.15 16:12:48.080,0.97974,0.98011,4.50,1.00
2015.01.15 16:12:48.584,0.97976,0.98017,2.25,3.07
2015.01.15 16:12:49.643,0.97975,0.98011,2.92,1.00
2015.01.15 16:12:50.129,0.97975,0.98007,2.32,1.50
2015.01.15 16:12:50.280,0.9797,0.98008,2.32,1.65
2015.01.15 16:12:50.331,0.9797,0.98005,2.32,1.50
2015.01.15 16:12:50.483,0.9797,0.98009,2.32,1.65
2015.01.15 16:12:53.697,0.97969,0.98008,3.07,2.32
2015.01.15 16:12:53.999,0.97972,0.98011,2.32,4.57
2015.01.15 16:12:54.767,0.97976,0.98011,4.50,1.00
2015.01.15 16:12:54.868,0.97979,0.98018,4.50,1.15
2015.01.15 16:12:55.297,0.97983,0.98019,2.32,1.15
2015.01.15 16:12:55.600,0.97979,0.98017,4.50,1.15
2015.01.15 16:12:55.701,0.97979,0.98011,4.50,1.00
2015.01.15 16:12:56.896,0.97979,0.98016,4.50,1.15
2015.01.15 16:12:56.961,0.97982,0.98016,2.32,1.07
2015.01.15 16:12:57.294,0.97982,0.98011,4.50,1.00
2015.01.15 16:12:57.808,0.97982,0.98016,4.50,1.00
2015.01.15 16:12:58.326,0.97982,0.98017,4.50,1.00
2015.01.15 16:12:58.871,0.97982,0.98016,4.50,1.00
2015.01.15 16:12:59.804,0.97982,0.98015,4.50,1.50
2015.01.15 16:12:59.905,0.97979,0.98011,2.32,1.50
2015.01.15 16:13:00.006,0.97975,0.98011,3.07,1.65
2015.01.15 16:13:01.698,0.97983,0.98016,2.32,1.00
2015.01.15 16:13:02.001,0.9798,0.98016,2.32,2.40
2015.01.15 16:13:02.065,0.97989,0.98016,1.00,2.40
2015.01.15 16:13:02.399,0.9798,0.98015,2.32,1.57
2015.01.15 16:13:02.500,0.9798,0.98014,2.32,1.65
2015.01.15 16:13:02.551,0.97978,0.98014,1.15,1.65
2015.01.15 16:13:05.161,0.97979,0.9801,1.15,1.50
2015.01.15 16:13:05.349,0.97979,0.98002,1.15,1.50
2015.01.15 16:13:05.450,0.97978,0.98002,1.00,1.50
2015.01.15 16:13:05.501,0.97974,0.98,1.07,1.50
2015.01.15 16:13:05.552,0.97974,0.98,1.00,1.50
2015.01.15 16:13:05.602,0.97971,0.97998,1.47,1.57
2015.01.15 16:13:05.653,0.97969,0.97998,1.00,1.65
2015.01.15 16:13:05.704,0.97969,0.97994,1.00,1.57
2015.01.15 16:13:05.755,0.97962,0.97994,1.55,1.65
2015.01.15 16:13:05.805,0.97962,0.97991,1.07,1.57
2015.01.15 16:13:05.957,0.97958,0.97995,3.37,3.82
2015.01.15 16:13:06.218,0.97959,0.97995,1.50,3.82
2015.01.15 16:13:06.495,0.97959,0.97994,1.00,1.65
2015.01.15 16:13:06.596,0.97959,0.97996,1.50,1.65
2015.01.15 16:13:07.677,0.97961,0.97994,2.32,1.57
2015.01.15 16:13:07.879,0.97961,0.97996,2.32,1.65
2015.01.15 16:13:09.270,0.9796,0.97997,2.32,1.65
2015.01.15 16:13:09.321,0.97959,0.97997,1.50,1.65
2015.01.15 16:13:11.732,0.97962,0.97999,2.32,1.65
2015.01.15 16:13:11.936,0.97959,0.97997,3.67,2.77
2015.01.15 16:13:11.986,0.97959,0.97995,1.50,2.32
2015.01.15 16:13:12.037,0.97959,0.97995,1.50,2.32
2015.01.15 16:13:12.400,0.97959,0.97996,2.92,2.32
2015.01.15 16:13:12.451,0.97959,0.97997,2.92,1.15
2015.01.15 16:13:12.703,0.97962,0.98001,2.32,4.57
2015.01.15 16:13:13.025,0.97965,0.98004,2.32,3.07
2015.01.15 16:13:15.803,0.97971,0.98001,1.50,2.32
2015.01.15 16:13:15.955,0.97975,0.98012,2.32,1.15
2015.01.15 16:13:16.106,0.9798,0.98015,1.67,2.32
2015.01.15 16:13:16.420,0.97991,0.98017,1.50,2.32
2015.01.15 16:13:16.522,0.97992,0.98032,4.87,1.65
2015.01.15 16:13:17.029,0.9799,0.98028,1.15,2.32
2015.01.15 16:13:17.130,0.9799,0.98026,1.20,4.50
2015.01.15 16:13:17.231,0.97989,0.98022,1.00,2.32
2015.01.15 16:13:17.557,0.97989,0.98025,1.15,2.32
2015.01.15 16:13:17.937,0.97986,0.9802,1.07,1.65
2015.01.15 16:13:18.039,0.97983,0.98018,1.15,2.32
2015.01.15 16:13:18.555,0.97986,0.98016,1.00,1.15
2015.01.15 16:13:21.668,0.97984,0.98019,1.15,1.65
2015.01.15 16:13:21.920,0.97981,0.98019,1.15,2.32
2015.01.15 16:13:22.458,0.97984,0.98016,1.20,1.65
2015.01.15 16:13:24.039,0.97982,0.98015,1.10,1.65
2015.01.15 16:13:26.174,0.97982,0.98012,1.15,1.00
2015.01.15 16:13:26.426,0.97987,0.98021,2.32,1.17
2015.01.15 16:13:26.477,0.97987,0.98022,2.32,1.17
2015.01.15 16:13:26.641,0.9799,0.98021,2.32,1.00
2015.01.15 16:13:27.032,0.9799,0.98022,1.15,1.07
2015.01.15 16:13:27.133,0.97988,0.98022,1.65,1.17
2015.01.15 16:13:27.183,0.97988,0.98021,1.65,1.15
2015.01.15 16:13:27.637,0.97987,0.9802,1.07,2.32
2015.01.15 16:13:28.141,0.97987,0.9802,1.00,2.32
2015.01.15 16:13:28.661,0.97984,0.9802,1.15,2.32
2015.01.15 16:13:31.456,0.97983,0.98017,1.57,2.32
2015.01.15 16:13:31.759,0.97981,0.98012,1.00,4.50
2015.01.15 16:13:32.011,0.97974,0.98008,1.57,2.32
2015.01.15 16:13:32.476,0.97971,0.98004,1.10,2.32
2015.01.15 16:13:32.778,0.97969,0.98004,1.15,1.65
2015.01.15 16:13:32.879,0.97966,0.98004,1.15,1.65
2015.01.15 16:13:33.182,0.97964,0.97999,1.15,1.65
2015.01.15 16:13:33.636,0.97962,0.97994,2.32,1.50
2015.01.15 16:13:33.687,0.97959,0.97994,1.20,1.65
2015.01.15 16:13:33.788,0.9796,0.97991,1.00,2.32
2015.01.15 16:13:33.940,0.97955,0.97988,1.50,2.32
2015.01.15 16:13:34.461,0.9795,0.97988,1.15,3.82
2015.01.15 16:13:35.058,0.97954,0.97989,1.07,2.32
2015.01.15 16:13:35.108,0.97954,0.97992,1.15,2.32
2015.01.15 16:13:36.270,0.97954,0.97989,1.17,2.32
2015.01.15 16:13:36.573,0.9796,0.97992,2.32,1.00
2015.01.15 16:13:36.623,0.9796,0.97999,2.32,2.32
2015.01.15 16:13:37.174,0.97963,0.98,2.32,1.65
2015.01.15 16:13:37.699,0.9796,0.97999,3.07,2.32
2015.01.15 16:13:39.599,0.97963,0.98001,2.32,1.15
2015.01.15 16:13:40.115,0.97964,0.97996,1.65,1.00
2015.01.15 16:13:40.815,0.97964,0.98002,1.65,3.07
2015.01.15 16:13:44.996,0.97967,0.98002,2.32,1.07
2015.01.15 16:13:45.298,0.97964,0.97996,2.32,1.00
2015.01.15 16:13:46.645,0.97964,0.98001,2.32,2.40
2015.01.15 16:13:49.032,0.97967,0.98001,3.82,1.17
2015.01.15 16:13:49.183,0.97969,0.98006,2.32,1.65
2015.01.15 16:13:49.343,0.97971,0.98006,4.50,1.50
2015.01.15 16:13:50.148,0.97973,0.98012,1.65,6.00
2015.01.15 16:13:50.248,0.97976,0.98012,1.65,1.65
2015.01.15 16:13:50.456,0.97971,0.98012,3.07,2.32
2015.01.15 16:13:50.507,0.9797,0.98008,2.32,2.32
2015.01.15 16:13:50.558,0.97968,0.98008,3.15,4.50
2015.01.15 16:13:50.709,0.97971,0.98008,2.32,2.32
2015.01.15 16:13:50.760,0.97973,0.9801,1.65,2.32
2015.01.15 16:13:51.113,0.97975,0.98012,2.25,3.45
2015.01.15 16:13:51.163,0.9798,0.98012,1.65,1.27
2015.01.15 16:13:51.214,0.9798,0.98012,1.65,1.07
2015.01.15 16:13:51.366,0.97979,0.98012,1.65,1.17
2015.01.15 16:13:51.416,0.9798,0.98012,2.25,1.10
2015.01.15 16:13:51.820,0.97989,0.98021,1.57,1.15
2015.01.15 16:13:51.871,0.97989,0.98022,1.65,2.02
2015.01.15 16:13:51.921,0.97993,0.98021,2.25,1.00
2015.01.15 16:13:52.274,0.97985,0.98022,6.00,1.15
2015.01.15 16:13:52.350,0.97985,0.98019,3.82,2.25
2015.01.15 16:13:52.401,0.97984,0.98019,1.07,2.32
2015.01.15 16:13:52.916,0.97987,0.98021,1.57,3.07
2015.01.15 16:13:53.219,0.97993,0.98021,1.57,1.00
2015.01.15 16:13:53.521,0.98001,0.98021,2.32,1.00
2015.01.15 16:13:53.676,0.98001,0.98035,2.32,1.10
2015.01.15 16:13:54.483,0.98001,0.98035,2.25,2.32
2015.01.15 16:13:54.533,0.97996,0.98034,2.32,2.32
2015.01.15 16:13:54.584,0.98002,0.98034,2.25,2.25
2015.01.15 16:13:54.635,0.98003,0.98037,2.32,1.10
2015.01.15 16:13:54.685,0.98005,0.98041,2.32,1.17
2015.01.15 16:13:54.736,0.98006,0.9804,2.32,1.10
2015.01.15 16:13:54.988,0.98009,0.98045,2.32,2.32
2015.01.15 16:13:55.039,0.9801,0.98046,2.32,1.15
2015.01.15 16:13:55.140,0.98012,0.98046,2.32,1.10
2015.01.15 16:13:56.073,0.98012,0.98046,2.32,1.17
2015.01.15 16:13:56.123,0.98009,0.98046,2.32,1.15
2015.01.15 16:13:56.224,0.98006,0.98046,1.15,3.07
2015.01.15 16:13:56.325,0.98007,0.98041,1.07,1.15
2015.01.15 16:13:56.628,0.97999,0.98031,2.32,1.00
2015.01.15 16:13:56.880,0.97999,0.98037,2.32,1.27
2015.01.15 16:13:57.031,0.98002,0.98037,2.32,1.27
2015.01.15 16:13:57.233,0.98005,0.98042,2.32,3.52
2015.01.15 16:13:57.334,0.98008,0.98041,4.50,1.50
2015.01.15 16:13:57.887,0.98008,0.98042,4.50,1.00
2015.01.15 16:13:58.399,0.98008,0.98041,4.50,1.00
2015.01.15 16:13:58.651,0.98008,0.98047,4.50,1.65
2015.01.15 16:13:59.159,0.98008,0.98041,4.50,1.00
2015.01.15 16:13:59.411,0.98008,0.98047,4.50,1.15
2015.01.15 16:13:59.613,0.98008,0.98036,4.50,1.00
2015.01.15 16:14:00.180,0.98008,0.98037,4.50,1.00
2015.01.15 16:14:01.366,0.98007,0.98036,2.32,1.00
2015.01.15 16:14:01.467,0.98001,0.98036,2.32,1.07
2015.01.15 16:14:01.518,0.98001,0.98036,2.32,1.15
2015.01.15 16:14:01.569,0.97998,0.98036,2.32,1.15
2015.01.15 16:14:01.821,0.97998,0.98035,2.32,2.32
2015.01.15 16:14:01.872,0.97996,0.98034,1.15,2.32
2015.01.15 16:14:02.448,0.97997,0.98034,2.32,2.32
2015.01.15 16:14:02.499,0.97998,0.98036,2.32,1.15
2015.01.15 16:14:02.724,0.98,0.98037,2.32,3.07
2015.01.15 16:14:02.775,0.98001,0.98037,2.32,1.17
2015.01.15 16:14:03.191,0.98003,0.98041,2.32,1.15
2015.01.15 16:14:03.595,0.98004,0.98037,1.65,1.00
2015.01.15 16:14:03.886,0.98004,0.98041,1.65,1.15
2015.01.15 16:14:05.868,0.98005,0.98037,1.15,1.00
2015.01.15 16:14:06.691,0.98012,0.98037,1.50,1.00
2015.01.15 16:14:06.896,0.98013,0.98049,1.65,5.25
2015.01.15 16:14:06.947,0.98014,0.98052,4.50,1.15
2015.01.15 16:14:07.249,0.98018,0.98056,2.32,1.15
2015.01.15 16:14:07.552,0.98019,0.98046,1.65,1.00
2015.01.15 16:14:07.653,0.98019,0.98051,1.57,1.15
2015.01.15 16:14:07.854,0.98011,0.9805,2.32,2.32
2015.01.15 16:14:14.462,0.98014,0.98051,2.32,2.32
2015.01.15 16:14:14.512,0.98014,0.98052,2.32,1.15
2015.01.15 16:14:16.085,0.98012,0.9805,2.32,2.32
2015.01.15 16:14:16.794,0.98014,0.98046,2.32,1.00
2015.01.15 16:14:16.895,0.98014,0.98052,2.32,1.15
2015.01.15 16:14:17.563,0.98014,0.98047,2.32,1.00
2015.01.15 16:14:18.778,0.98014,0.98046,2.32,1.00
2015.01.15 16:14:20.165,0.98014,0.98051,2.32,1.15
2015.01.15 16:14:20.625,0.98014,0.98046,2.32,1.00
2015.01.15 16:14:20.827,0.98023,0.98056,1.15,1.15
2015.01.15 16:14:20.929,0.98029,0.98057,2.32,1.00
2015.01.15 16:14:21.030,0.98026,0.98056,3.82,1.00
2015.01.15 16:14:21.131,0.98026,0.98062,2.32,1.15
2015.01.15 16:14:22.996,0.98025,0.98061,2.32,3.07
2015.01.15 16:14:23.046,0.98023,0.98061,1.27,3.07
2015.01.15 16:14:27.117,0.98019,0.98056,2.32,1.15
2015.01.15 16:14:27.420,0.98014,0.98052,1.15,2.32
2015.01.15 16:14:28.225,0.98011,0.98049,1.75,4.50
2015.01.15 16:14:30.919,0.9801,0.98043,1.00,6.00
2015.01.15 16:14:31.071,0.98004,0.98043,1.15,6.00
2015.01.15 16:14:31.258,0.98005,0.98046,4.50,4.50
2015.01.15 16:14:31.360,0.98003,0.9804,1.15,2.32
2015.01.15 16:14:33.527,0.98,0.98039,1.15,2.32
2015.01.15 16:14:37.589,0.97997,0.98032,2.32,1.00
2015.01.15 16:14:39.424,0.97997,0.98036,2.32,1.15
2015.01.15 16:14:39.676,0.97997,0.98031,2.32,1.00
2015.01.15 16:14:41.648,0.97995,0.98035,1.65,2.32
2015.01.15 16:14:41.849,0.97995,0.98026,1.65,1.00
2015.01.15 16:14:42.051,0.97989,0.98026,4.57,1.10
2015.01.15 16:14:42.253,0.97984,0.98025,5.32,2.32
2015.01.15 16:14:43.662,0.97985,0.98018,1.00,1.65
2015.01.15 16:14:43.763,0.97979,0.98018,2.40,3.82
2015.01.15 16:14:44.676,0.97978,0.98011,1.00,2.32
2015.01.15 16:14:44.827,0.97973,0.98011,1.15,3.82
2015.01.15 16:14:44.978,0.97975,0.98013,2.32,1.15
2015.01.15 16:14:45.387,0.97973,0.98012,2.77,2.32
2015.01.15 16:14:45.689,0.97969,0.98009,1.15,4.50
2015.01.15 16:14:46.199,0.9797,0.98005,2.32,1.50
2015.01.15 16:14:46.362,0.97964,0.98005,3.07,1.65
2015.01.15 16:14:46.463,0.97963,0.98003,1.27,2.32
2015.01.15 16:14:49.163,0.97966,0.98001,2.32,2.25
2015.01.15 16:14:49.466,0.9797,0.98008,2.32,1.65
2015.01.15 16:14:49.769,0.97966,0.98008,2.70,2.32
2015.01.15 16:14:50.071,0.97972,0.98007,2.32,1.00
2015.01.15 16:14:50.122,0.97974,0.98012,1.65,1.15
2015.01.15 16:14:51.107,0.97971,0.9801,1.55,2.32
2015.01.15 16:14:51.410,0.97966,0.98005,1.52,2.32
2015.01.15 16:14:54.204,0.97967,0.98008,2.32,1.15
2015.01.15 16:14:55.199,0.97965,0.98005,1.17,2.32
2015.01.15 16:14:56.722,0.97967,0.98008,2.32,3.82
2015.01.15 16:14:57.026,0.9796,0.97996,2.32,1.00
2015.01.15 16:14:57.570,0.97966,0.97996,1.50,1.00
2015.01.15 16:14:57.836,0.97968,0.98001,1.65,1.00
2015.01.15 16:14:58.157,0.97965,0.97996,2.32,1.00
2015.01.15 16:14:58.207,0.97961,0.97996,4.20,1.00
2015.01.15 16:14:58.308,0.9796,0.97996,1.65,1.15
2015.01.15 16:14:58.733,0.97955,0.97995,1.17,2.32
2015.01.15 16:14:59.236,0.97956,0.97998,2.32,3.45
2015.01.15 16:15:01.015,0.97963,0.97996,1.65,1.00
2015.01.15 16:15:02.876,0.97961,0.97997,2.70,1.00
2015.01.15 16:15:03.230,0.97964,0.98007,6.00,5.25
2015.01.15 16:15:03.331,0.97968,0.98006,1.27,1.65
2015.01.15 16:15:03.432,0.97968,0.98005,1.27,3.07
2015.01.15 16:15:06.023,0.97963,0.98001,1.57,2.32
2015.01.15 16:15:06.620,0.97962,0.98002,2.32,1.27
2015.01.15 16:15:06.923,0.97959,0.97996,2.32,1.10
2015.01.15 16:15:07.247,0.97963,0.97992,2.32,1.00
2015.01.15 16:15:07.399,0.97963,0.97997,2.32,1.17
2015.01.15 16:15:07.524,0.97965,0.97997,2.32,1.00
2015.01.15 16:15:08.115,0.97964,0.97997,2.32,1.00
2015.01.15 16:15:08.165,0.97962,0.97996,6.00,1.00
2015.01.15 16:15:09.915,0.97966,0.98002,1.65,1.15
2015.01.15 16:15:10.116,0.97966,0.97991,1.65,1.00
2015.01.15 16:15:11.544,0.97966,0.97996,1.65,1.00
2015.01.15 16:15:11.746,0.97966,0.97996,4.50,1.00
2015.01.15 16:15:11.897,0.97967,0.98002,1.65,1.20
2015.01.15 16:15:12.250,0.97971,0.98001,1.65,1.00
2015.01.15 16:15:12.653,0.97972,0.98009,1.65,2.32
2015.01.15 16:15:12.805,0.97976,0.98012,1.65,3.07
2015.01.15 16:15:13.128,0.97975,0.98008,1.50,2.32
2015.01.15 16:15:13.179,0.97975,0.98012,1.65,4.20
2015.01.15 16:15:13.280,0.97976,0.98011,3.82,1.57
2015.01.15 16:15:13.742,0.9798,0.98012,1.50,1.15
2015.01.15 16:15:14.063,0.97976,0.98006,1.65,1.00
2015.01.15 16:15:14.575,0.97974,0.98007,3.82,1.00
2015.01.15 16:15:15.300,0.97977,0.98006,1.65,1.00
2015.01.15 16:15:15.675,0.97981,0.98006,1.50,1.00
2015.01.15 16:15:15.927,0.97979,0.98007,1.57,1.00
2015.01.15 16:15:15.978,0.97979,0.98007,1.50,1.17
2015.01.15 16:15:16.431,0.97976,0.98012,1.65,1.15
2015.01.15 16:15:16.482,0.97973,0.98009,1.27,2.32
2015.01.15 16:15:16.792,0.97971,0.98002,1.65,1.00
2015.01.15 16:15:16.843,0.97971,0.98006,1.65,1.17
2015.01.15 16:15:17.995,0.97974,0.98007,4.50,1.00
2015.01.15 16:15:18.197,0.97974,0.98006,1.65,1.10
2015.01.15 16:15:18.550,0.97975,0.98006,2.32,1.00
2015.01.15 16:15:18.852,0.97975,0.98002,2.32,1.00
2015.01.15 16:15:19.200,0.97972,0.98002,2.70,1.00
2015.01.15 16:15:19.403,0.97972,0.98007,2.70,1.07
2015.01.15 16:15:19.555,0.97971,0.98007,1.65,3.07
2015.01.15 16:15:20.188,0.97974,0.98006,1.50,1.15
2015.01.15 16:15:20.390,0.97972,0.98006,4.95,1.10
2015.01.15 16:15:20.491,0.97976,0.98006,2.32,1.00
2015.01.15 16:15:20.592,0.97976,0.98012,2.32,1.27
2015.01.15 16:15:20.794,0.97978,0.98012,4.50,1.00
2015.01.15 16:15:21.096,0.97976,0.98012,3.82,1.15
2015.01.15 16:15:21.447,0.97977,0.98006,1.65,1.00
2015.01.15 16:15:21.783,0.9798,0.98006,1.57,1.00
2015.01.15 16:15:22.746,0.97982,0.98006,1.50,1.00
2015.01.15 16:15:23.271,0.97979,0.98006,1.65,1.00
2015.01.15 16:15:23.322,0.97979,0.98011,1.65,1.00
2015.01.15 16:15:23.913,0.9798,0.98006,1.65,1.00
2015.01.15 16:15:24.333,0.97979,0.98011,1.65,1.00
2015.01.15 16:15:24.593,0.97984,0.98012,1.50,1.20
2015.01.15 16:15:24.845,0.97977,0.98011,2.02,1.10
2015.01.15 16:15:24.896,0.97979,0.98017,3.07,2.70
2015.01.15 16:15:25.653,0.97979,0.98011,3.82,1.00
2015.01.15 16:15:26.377,0.97985,0.98011,1.65,1.00
2015.01.15 16:15:26.629,0.97985,0.9802,1.65,2.32
2015.01.15 16:15:26.984,0.97984,0.98022,1.65,1.15
2015.01.15 16:15:27.488,0.97982,0.98021,1.15,3.07
2015.01.15 16:15:28.194,0.97979,0.98012,2.32,1.10
2015.01.15 16:15:28.705,0.97975,0.98006,4.87,1.00
2015.01.15 16:15:29.591,0.97975,0.98016,4.50,5.25
2015.01.15 16:15:29.692,0.97978,0.98016,2.32,1.15
2015.01.15 16:15:31.603,0.97982,0.9802,2.32,2.02
2015.01.15 16:15:32.091,0.97985,0.98017,3.82,1.00
2015.01.15 16:15:32.653,0.97989,0.98016,1.57,1.00
2015.01.15 16:15:33.164,0.97987,0.98017,1.65,1.00
2015.01.15 16:15:33.540,0.97994,0.98021,1.50,1.17
2015.01.15 16:15:33.591,0.97994,0.98021,1.50,1.00
2015.01.15 16:15:33.692,0.97994,0.98021,3.82,1.00
2015.01.15 16:15:33.994,0.98,0.98021,1.65,1.00
2015.01.15 16:15:39.584,0.97999,0.98036,1.65,2.32
2015.01.15 16:15:41.410,0.98,0.98037,3.82,1.15
2015.01.15 16:15:42.428,0.98007,0.98036,1.57,1.07
2015.01.15 16:15:42.680,0.98007,0.98037,1.65,1.00
2015.01.15 16:15:43.188,0.98008,0.98036,1.57,1.00
2015.01.15 16:15:45.747,0.98011,0.98036,1.50,1.00
2015.01.15 16:15:45.949,0.98008,0.98036,1.57,1.00
2015.01.15 16:15:46.484,0.98007,0.98037,1.65,1.00
2015.01.15 16:15:46.845,0.98007,0.98031,1.65,1.00
2015.01.15 16:15:47.566,0.98007,0.98037,1.65,1.00
2015.01.15 16:15:48.191,0.98007,0.98036,1.65,1.00
2015.01.15 16:15:48.443,0.98006,0.98037,1.50,1.00
2015.01.15 16:15:48.544,0.98004,0.98037,1.65,1.00
2015.01.15 16:15:49.451,0.98008,0.98037,1.50,1.00
2015.01.15 16:15:49.816,0.98008,0.98041,1.65,1.10
2015.01.15 16:15:51.039,0.98008,0.98037,1.65,1.00
2015.01.15 16:15:51.528,0.98009,0.98037,1.65,1.00
2015.01.15 16:15:51.579,0.98009,0.98046,3.82,1.57
2015.01.15 16:15:51.630,0.98026,0.98046,2.25,1.57
2015.01.15 16:15:51.730,0.98028,0.98052,2.32,1.00
2015.01.15 16:15:51.882,0.98032,0.98062,1.57,1.00
2015.01.15 16:15:52.134,0.98032,0.98057,1.57,1.00
2015.01.15 16:15:52.990,0.98028,0.98057,1.65,1.00
2015.01.15 16:15:53.494,0.98023,0.98057,3.82,1.10
2015.01.15 16:15:53.545,0.98023,0.98057,1.65,1.10
2015.01.15 16:15:54.084,0.9802,0.98056,2.32,1.00
2015.01.15 16:15:54.135,0.9802,0.98051,2.32,1.00
2015.01.15 16:15:54.336,0.9802,0.98057,2.32,1.10
2015.01.15 16:15:54.533,0.98016,0.98057,2.32,1.15
2015.01.15 16:15:54.989,0.98014,0.98055,2.32,2.32
2015.01.15 16:15:55.040,0.98013,0.98055,1.15,6.75
2015.01.15 16:15:55.091,0.98013,0.98051,1.17,2.32
2015.01.15 16:15:55.142,0.98011,0.98051,1.15,4.50
2015.01.15 16:15:56.207,0.98015,0.98051,1.57,3.07
2015.01.15 16:15:56.258,0.98015,0.98051,1.65,1.65
2015.01.15 16:15:56.560,0.98013,0.98046,2.40,1.00
2015.01.15 16:15:56.678,0.98013,0.98054,1.15,2.32
2015.01.15 16:15:58.606,0.98011,0.9805,2.32,2.32
2015.01.15 16:15:58.657,0.98012,0.98046,1.65,1.17
2015.01.15 16:15:58.766,0.98012,0.98041,1.65,1.00
2015.01.15 16:15:59.281,0.98012,0.98046,1.65,1.17
2015.01.15 16:15:59.619,0.98008,0.98036,2.32,1.00
2015.01.15 16:16:00.553,0.98004,0.98036,2.32,1.00
2015.01.15 16:16:02.268,0.98004,0.98037,2.32,1.00
2015.01.15 16:16:02.842,0.97998,0.98033,6.00,1.50
2015.01.15 16:16:03.046,0.97999,0.98036,1.15,2.25
2015.01.15 16:16:03.147,0.97998,0.98032,5.25,1.00
2015.01.15 16:16:03.248,0.97997,0.98032,2.77,1.00
2015.01.15 16:16:03.349,0.98002,0.98026,1.00,1.00
2015.01.15 16:16:03.474,0.97996,0.98026,1.65,1.00
2015.01.15 16:16:03.777,0.97998,0.98032,1.50,1.15
2015.01.15 16:16:03.828,0.98003,0.98032,1.50,1.15
2015.01.15 16:16:04.131,0.98002,0.98036,1.15,1.00
2015.01.15 16:16:04.182,0.98007,0.98036,2.32,1.00
2015.01.15 16:16:04.283,0.98001,0.98036,1.65,1.00
2015.01.15 16:16:04.434,0.98009,0.98037,2.25,1.00
2015.01.15 16:16:04.736,0.98011,0.98037,2.32,1.00
2015.01.15 16:16:05.011,0.98006,0.98037,2.32,1.00
2015.01.15 16:16:05.112,0.98003,0.98026,1.65,1.00
2015.01.15 16:16:05.213,0.98001,0.98026,1.50,1.00
2015.01.15 16:16:05.314,0.98001,0.98026,1.65,1.00
2015.01.15 16:16:05.580,0.98007,0.98036,1.50,1.10
2015.01.15 16:16:05.688,0.98008,0.98036,1.65,1.00
2015.01.15 16:16:06.265,0.98006,0.98037,1.65,1.00
2015.01.15 16:16:06.680,0.98013,0.98037,1.50,1.00
2015.01.15 16:16:06.882,0.98008,0.98041,2.62,1.10
2015.01.15 16:16:06.983,0.98007,0.98041,2.02,1.17
2015.01.15 16:16:07.202,0.98007,0.98036,1.65,1.00
2015.01.15 16:16:07.304,0.98013,0.98042,1.50,1.12
2015.01.15 16:16:07.354,0.98011,0.98042,2.32,1.00
2015.01.15 16:16:07.556,0.98011,0.98042,1.65,1.00
2015.01.15 16:16:07.657,0.98008,0.98047,1.27,1.17
2015.01.15 16:16:07.708,0.98008,0.98046,1.27,2.25
2015.01.15 16:16:08.212,0.98005,0.98046,2.32,2.32
2015.01.15 16:16:08.514,0.98005,0.98037,2.32,1.00
2015.01.15 16:16:08.828,0.98007,0.98036,2.32,1.00
2015.01.15 16:16:09.605,0.98014,0.98041,1.00,1.00
2015.01.15 16:16:09.867,0.9801,0.98037,1.65,1.00
2015.01.15 16:16:10.180,0.98013,0.98042,1.00,1.00
2015.01.15 16:16:10.444,0.98013,0.98042,2.32,1.00
2015.01.15 16:16:10.596,0.98013,0.98046,1.65,1.00
2015.01.15 16:16:12.252,0.98012,0.98047,3.82,1.00
2015.01.15 16:16:12.928,0.98011,0.98047,3.82,1.07
2015.01.15 16:16:12.978,0.98011,0.98047,1.65,1.17
2015.01.15 16:16:13.381,0.98015,0.9805,1.50,2.32
2015.01.15 16:16:13.692,0.98019,0.98046,1.50,1.00
2015.01.15 16:16:14.242,0.98018,0.98046,1.50,1.00
2015.01.15 16:16:14.553,0.98018,0.98046,1.57,1.00
2015.01.15 16:16:15.013,0.98018,0.98052,1.65,1.10
2015.01.15 16:16:16.021,0.98017,0.98046,1.65,1.00
2015.01.15 16:16:16.869,0.98018,0.98052,1.65,1.10
2015.01.15 16:16:19.467,0.98016,0.98051,2.32,1.50
2015.01.15 16:16:19.970,0.98016,0.98047,2.32,1.00
2015.01.15 16:16:20.172,0.98011,0.98051,2.02,2.40
2015.01.15 16:16:20.618,0.98012,0.98046,1.65,1.00
2015.01.15 16:16:20.719,0.9801,0.98046,1.65,1.15
2015.01.15 16:16:20.769,0.9801,0.98046,3.82,1.07
2015.01.15 16:16:20.820,0.98013,0.98046,1.65,1.00
2015.01.15 16:16:21.332,0.98014,0.98047,1.57,1.10
2015.01.15 16:16:21.851,0.98014,0.98046,1.57,1.00
2015.01.15 16:16:22.373,0.98013,0.98047,1.65,1.10
2015.01.15 16:16:23.803,0.98012,0.98041,1.65,1.00
2015.01.15 16:16:24.025,0.98011,0.98046,1.65,1.00
2015.01.15 16:16:24.126,0.9801,0.98041,2.32,1.00
2015.01.15 16:16:24.594,0.9801,0.98046,2.32,1.00
2015.01.15 16:16:25.214,0.98012,0.98046,1.65,1.07
2015.01.15 16:16:25.890,0.98012,0.98046,1.65,1.15
2015.01.15 16:16:26.815,0.98012,0.98046,1.65,1.17
2015.01.15 16:16:26.865,0.98013,0.98046,1.65,1.17
2015.01.15 16:16:28.458,0.98014,0.9805,2.32,2.32
2015.01.15 16:16:28.509,0.98015,0.98052,2.32,1.15
2015.01.15 16:16:28.711,0.98014,0.98046,2.25,2.25
2015.01.15 16:16:28.761,0.98013,0.98046,2.25,2.32
2015.01.15 16:16:28.913,0.9801,0.98047,1.65,1.65
2015.01.15 16:16:28.964,0.98016,0.98049,1.50,4.50
2015.01.15 16:16:29.014,0.98016,0.98053,1.65,2.32
2015.01.15 16:16:29.115,0.98018,0.98056,1.65,3.07
2015.01.15 16:16:29.418,0.98024,0.98056,2.32,1.00
2015.01.15 16:16:29.743,0.98024,0.98051,2.32,1.00
2015.01.15 16:16:29.995,0.98028,0.98057,2.32,1.00
2015.01.15 16:16:30.046,0.98028,0.98057,1.65,1.00
2015.01.15 16:16:30.096,0.98032,0.98057,2.25,1.00
2015.01.15 16:16:30.317,0.98032,0.98061,2.32,1.00
2015.01.15 16:16:31.189,0.98031,0.98061,2.32,1.00
2015.01.15 16:16:31.712,0.9803,0.98061,2.32,1.00
2015.01.15 16:16:32.643,0.9803,0.98056,2.32,1.00
2015.01.15 16:16:33.673,0.98036,0.98056,1.57,1.00
2015.01.15 16:16:34.038,0.98063,0.98076,2.25,1.00
2015.01.15 16:16:34.089,0.98059,0.98082,2.77,1.00
2015.01.15 16:16:34.192,0.98059,0.98094,1.07,2.32
2015.01.15 16:16:34.243,0.98064,0.98093,2.25,2.25
2015.01.15 16:16:34.344,0.98065,0.98096,2.32,1.00
2015.01.15 16:16:34.395,0.98065,0.98101,2.32,1.15
2015.01.15 16:16:34.848,0.98068,0.98104,2.32,1.17
2015.01.15 16:16:34.950,0.98071,0.98104,4.50,1.00
2015.01.15 16:16:35.151,0.98068,0.98104,2.32,1.10
2015.01.15 16:16:35.974,0.98074,0.98106,2.32,1.00
2015.01.15 16:16:36.226,0.98076,0.98112,2.32,1.65
2015.01.15 16:16:36.345,0.98072,0.98112,1.15,6.00
2015.01.15 16:16:38.484,0.98074,0.98112,4.50,1.15
2015.01.15 16:16:38.786,0.98084,0.98116,4.50,1.00
2015.01.15 16:16:39.569,0.98084,0.98121,4.50,1.15
2015.01.15 16:16:40.476,0.98087,0.98121,2.32,1.07
2015.01.15 16:16:40.577,0.98088,0.98126,2.32,1.15
2015.01.15 16:16:41.657,0.98087,0.98122,2.32,2.25
2015.01.15 16:16:41.708,0.98083,0.98117,2.32,1.57
2015.01.15 16:16:41.759,0.98084,0.98117,1.15,1.95
2015.01.15 16:16:41.809,0.98084,0.98117,1.17,2.02
2015.01.15 16:16:41.860,0.98079,0.98115,3.07,2.32
2015.01.15 16:16:41.911,0.98076,0.98115,3.07,2.32
2015.01.15 16:16:42.071,0.98075,0.98113,3.07,2.32
2015.01.15 16:16:42.122,0.98074,0.98113,1.15,4.50
2015.01.15 16:16:44.865,0.98076,0.98113,2.32,2.70
2015.01.15 16:16:44.916,0.98076,0.98115,2.32,1.52
2015.01.15 16:16:48.489,0.98075,0.98114,2.32,2.70
2015.01.15 16:16:48.540,0.98073,0.98114,3.07,2.70
2015.01.15 16:16:48.692,0.98073,0.98109,1.15,3.75
2015.01.15 16:16:48.843,0.98064,0.98102,1.15,4.50
2015.01.15 16:16:50.589,0.98066,0.98102,2.32,2.32
2015.01.15 16:16:50.640,0.98066,0.98105,2.32,2.70
2015.01.15 16:16:51.378,0.98068,0.98106,2.32,3.07
2015.01.15 16:16:51.429,0.98068,0.98106,4.50,1.15
2015.01.15 16:16:52.092,0.98068,0.98105,2.32,2.32
2015.01.15 16:16:52.143,0.98065,0.98105,3.07,2.32
2015.01.15 16:16:52.701,0.98064,0.98097,2.25,2.25
2015.01.15 16:16:52.752,0.98063,0.98097,1.20,2.32
2015.01.15 16:16:53.004,0.98061,0.98099,2.32,2.32
2015.01.15 16:16:53.534,0.98062,0.981,1.15,2.32
2015.01.15 16:16:54.573,0.98066,0.981,2.17,2.32
2015.01.15 16:16:54.735,0.98069,0.98102,2.92,1.00
2015.01.15 16:16:55.088,0.98071,0.98096,2.25,1.00
2015.01.15 16:16:55.392,0.98069,0.98101,2.92,1.00
2015.01.15 16:16:56.166,0.98071,0.98096,2.25,1.00
2015.01.15 16:16:56.428,0.98071,0.98097,1.50,1.00
2015.01.15 16:16:56.529,0.98063,0.98097,2.92,1.07
2015.01.15 16:16:56.631,0.98063,0.98086,3.45,1.00
2015.01.15 16:16:56.732,0.9806,0.98086,3.67,1.00
2015.01.15 16:16:57.393,0.9806,0.98092,2.32,1.00
2015.01.15 16:16:57.594,0.9806,0.98087,2.32,1.00
2015.01.15 16:16:58.040,0.98062,0.98086,4.50,1.00
2015.01.15 16:16:58.191,0.98066,0.98097,2.32,1.00
2015.01.15 16:16:58.394,0.98068,0.98097,3.82,1.00
2015.01.15 16:16:58.595,0.98068,0.98107,6.00,2.40
2015.01.15 16:16:59.026,0.98065,0.98105,1.65,2.32
2015.01.15 16:16:59.329,0.98062,0.98103,2.32,2.32
2015.01.15 16:16:59.649,0.98058,0.98095,2.32,1.65
2015.01.15 16:16:59.750,0.98051,0.98092,5.10,4.50
2015.01.15 16:17:00.002,0.98054,0.98091,2.32,1.15
2015.01.15 16:17:00.053,0.98054,0.98092,4.50,1.15
2015.01.15 16:17:01.814,0.98058,0.98095,2.32,2.32
2015.01.15 16:17:01.916,0.98059,0.98097,2.32,2.32
2015.01.15 16:17:02.016,0.98059,0.981,4.50,4.50
2015.01.15 16:17:03.421,0.98062,0.981,2.32,2.32
2015.01.15 16:17:03.472,0.98062,0.98102,4.50,1.15
2015.01.15 16:17:04.914,0.98062,0.98092,2.25,2.25
2015.01.15 16:17:04.965,0.98058,0.98092,1.20,2.32
2015.01.15 16:17:05.223,0.98057,0.98092,4.35,1.07
2015.01.15 16:17:05.274,0.98059,0.98092,1.12,1.00
2015.01.15 16:17:05.325,0.98063,0.98092,2.25,1.00
2015.01.15 16:17:05.426,0.98063,0.98101,2.32,1.15
2015.01.15 16:17:05.779,0.98066,0.98106,4.50,1.41
2015.01.15 16:17:07.644,0.98063,0.98102,3.07,2.32
2015.01.15 16:17:07.846,0.9806,0.981,1.52,2.32
2015.01.15 16:17:08.730,0.98058,0.98096,2.32,2.32
2015.01.15 16:17:08.781,0.98057,0.98096,1.15,2.32
2015.01.15 16:17:09.148,0.98054,0.9809,1.17,2.32
2015.01.15 16:17:09.462,0.98052,0.98086,1.55,1.15
2015.01.15 16:17:10.172,0.98052,0.98086,2.32,1.10
2015.01.15 16:17:10.575,0.98048,0.98086,3.30,1.15
2015.01.15 16:17:11.069,0.98044,0.98085,3.07,2.32
2015.01.15 16:17:11.271,0.98043,0.98081,1.65,1.15
2015.01.15 16:17:11.770,0.98046,0.98081,2.32,1.17
2015.01.15 16:17:11.972,0.98046,0.98081,1.17,1.15
2015.01.15 16:17:12.375,0.98044,0.98079,1.17,2.32
2015.01.15 16:17:12.677,0.9804,0.98076,1.50,1.15
2015.01.15 16:17:12.778,0.98044,0.98076,2.32,1.00
2015.01.15 16:17:12.829,0.98044,0.98082,3.07,1.15
2015.01.15 16:17:12.880,0.98047,0.98082,4.50,1.00
2015.01.15 16:17:13.182,0.9805,0.98082,2.32,1.00
2015.01.15 16:17:14.042,0.98054,0.98082,2.32,1.00
2015.01.15 16:17:14.243,0.98054,0.98086,4.42,1.00
2015.01.15 16:17:14.344,0.98054,0.98082,4.42,1.00
2015.01.15 16:17:15.892,0.98054,0.98087,2.32,1.00
2015.01.15 16:17:15.943,0.98053,0.98087,3.07,1.07
2015.01.15 16:17:15.994,0.98053,0.98087,1.15,1.15
2015.01.15 16:17:16.095,0.98051,0.98081,2.32,1.00
2015.01.15 16:17:16.196,0.98051,0.98081,1.15,1.00
2015.01.15 16:17:17.975,0.9805,0.98082,2.25,1.10
2015.01.15 16:17:18.574,0.9805,0.98082,2.10,1.15
2015.01.15 16:17:18.625,0.98048,0.98084,2.40,5.85
2015.01.15 16:17:18.776,0.98045,0.98079,1.05,2.32
2015.01.15 16:17:18.826,0.98044,0.98079,1.77,2.32
2015.01.15 16:17:19.195,0.98043,0.98082,2.32,2.32
2015.01.15 16:17:19.690,0.98048,0.98087,2.32,3.45
2015.01.15 16:17:19.802,0.9805,0.98087,2.32,1.15
2015.01.15 16:17:20.004,0.98048,0.98087,2.92,3.07
2015.01.15 16:17:20.382,0.98057,0.98086,2.25,1.00
2015.01.15 16:17:20.634,0.98055,0.98092,1.15,1.15
2015.01.15 16:17:20.684,0.98052,0.98091,1.65,4.87
2015.01.15 16:17:20.987,0.98049,0.98082,2.92,1.10
2015.01.15 16:17:21.303,0.98049,0.98077,2.32,1.00
2015.01.15 16:17:21.618,0.98051,0.98087,2.32,2.02
2015.01.15 16:17:21.719,0.98048,0.98085,1.15,2.32
2015.01.15 16:17:22.704,0.98051,0.98086,2.32,1.17
2015.01.15 16:17:23.157,0.98053,0.98082,1.50,1.00
2015.01.15 16:17:23.460,0.98052,0.98076,2.25,1.00
2015.01.15 16:17:24.358,0.98052,0.98087,1.65,1.15
2015.01.15 16:17:25.339,0.98051,0.98082,2.32,1.00
2015.01.15 16:17:25.591,0.98051,0.98087,2.32,1.15
2015.01.15 16:17:26.232,0.98049,0.98086,3.07,3.07
2015.01.15 16:17:26.333,0.98049,0.98086,1.17,3.07
2015.01.15 16:17:26.434,0.98048,0.98083,1.57,2.32
2015.01.15 16:17:26.535,0.98043,0.98083,1.75,4.50
2015.01.15 16:17:26.636,0.98046,0.98083,2.92,3.07
2015.01.15 16:17:26.737,0.98046,0.98084,2.32,1.15
2015.01.15 16:17:26.838,0.98049,0.98084,2.32,1.07
2015.01.15 16:17:26.939,0.98049,0.98086,5.25,1.15
2015.01.15 16:17:28.482,0.98049,0.98085,6.67,2.32
2015.01.15 16:17:28.583,0.98049,0.98086,3.67,2.40
2015.01.15 16:17:28.634,0.98051,0.98087,1.65,1.65
2015.01.15 16:17:28.862,0.98049,0.98081,2.25,1.10
2015.01.15 16:17:29.165,0.98046,0.98076,1.65,1.00
2015.01.15 16:17:29.849,0.98047,0.98076,2.32,1.00
2015.01.15 16:17:30.396,0.98047,0.98077,3.82,1.00
2015.01.15 16:17:32.643,0.98047,0.98076,2.32,1.00
2015.01.15 16:17:33.743,0.98047,0.98077,2.32,1.00
2015.01.15 16:17:33.869,0.98045,0.98076,1.65,1.00
2015.01.15 16:17:34.535,0.98042,0.98076,3.82,1.07
2015.01.15 16:17:34.636,0.98042,0.98077,1.65,1.15
2015.01.15 16:17:34.838,0.98039,0.98071,2.32,1.00
2015.01.15 16:17:35.445,0.98039,0.98072,2.32,1.00
2015.01.15 16:17:35.948,0.98039,0.98071,2.32,1.00
2015.01.15 16:17:36.200,0.98034,0.98072,2.92,1.15
2015.01.15 16:17:36.565,0.98034,0.98066,2.92,1.00
2015.01.15 16:17:37.569,0.98034,0.98072,2.92,1.15
2015.01.15 16:17:38.455,0.98034,0.98067,2.92,1.00
2015.01.15 16:17:38.972,0.98035,0.98067,1.00,1.15
2015.01.15 16:17:41.076,0.98035,0.98071,2.92,3.07
2015.01.15 16:17:41.177,0.98035,0.98071,2.92,1.15
2015.01.15 16:17:41.330,0.98035,0.98066,2.32,1.00
2015.01.15 16:17:41.441,0.98035,0.98073,2.32,3.07
2015.01.15 16:17:41.492,0.98039,0.98073,2.32,1.10
2015.01.15 16:17:41.693,0.98041,0.98077,4.50,1.15
2015.01.15 16:17:41.744,0.98041,0.98072,4.50,1.00
2015.01.15 16:17:42.214,0.98038,0.98071,3.45,1.00
2015.01.15 16:17:43.103,0.98037,0.98071,1.65,1.17
2015.01.15 16:17:45.132,0.98045,0.98071,1.50,1.17
2015.01.15 16:17:45.233,0.98045,0.98071,1.50,1.00
2015.01.15 16:17:45.385,0.98041,0.98078,2.92,1.15
2015.01.15 16:17:45.687,0.98045,0.98081,4.50,1.20
2015.01.15 16:17:46.193,0.98044,0.98081,2.32,1.15
2015.01.15 16:17:47.731,0.98041,0.9808,1.12,2.32
2015.01.15 16:17:47.832,0.98038,0.98076,1.15,2.32
2015.01.15 16:17:49.023,0.98031,0.98071,2.32,1.15
2015.01.15 16:17:49.354,0.98028,0.98068,1.27,2.32
2015.01.15 16:17:49.668,0.98025,0.98065,3.82,2.32
2015.01.15 16:17:50.416,0.9803,0.98067,2.32,1.15
2015.01.15 16:17:52.810,0.98033,0.98066,1.00,2.32
2015.01.15 16:17:52.861,0.98028,0.98061,1.15,1.10
2015.01.15 16:17:52.912,0.98028,0.98061,1.10,1.15
2015.01.15 16:17:53.214,0.98027,0.98066,2.70,2.32
2015.01.15 16:17:53.517,0.9803,0.98066,2.32,1.15
2015.01.15 16:17:59.138,0.98027,0.98061,1.10,2.32
2015.01.15 16:17:59.541,0.98028,0.98061,1.65,1.10
2015.01.15 16:17:59.844,0.9803,0.98066,2.32,1.17
2015.01.15 16:18:01.565,0.98033,0.98072,2.32,1.15
2015.01.15 16:18:02.163,0.98033,0.98066,1.50,2.70
2015.01.15 16:18:02.214,0.98029,0.98066,1.65,4.20
2015.01.15 16:18:02.365,0.98026,0.98062,2.17,2.32
2015.01.15 16:18:02.668,0.98031,0.98066,3.82,1.07
2015.01.15 16:18:02.870,0.98029,0.98067,2.25,1.15
2015.01.15 16:18:04.162,0.98026,0.98063,1.65,4.50
2015.01.15 16:18:04.478,0.98023,0.98056,2.25,1.00
2015.01.15 16:18:06.078,0.98022,0.98057,6.60,1.00
2015.01.15 16:18:06.381,0.9802,0.98051,2.32,1.50
2015.01.15 16:18:06.482,0.98013,0.9805,6.37,1.65
2015.01.15 16:18:06.683,0.98011,0.98049,3.07,1.65
2015.01.15 16:18:06.986,0.98019,0.98056,2.32,1.15
2015.01.15 16:18:07.954,0.98018,0.98055,2.32,2.32
2015.01.15 16:18:08.005,0.98014,0.98055,6.00,4.50
2015.01.15 16:18:08.057,0.98014,0.9805,3.07,2.32
2015.01.15 16:18:08.108,0.98015,0.9805,1.00,4.50
2015.01.15 16:18:08.461,0.98013,0.9805,2.70,2.32
2015.01.15 16:18:08.512,0.98013,0.98052,2.32,2.32
2015.01.15 16:18:09.394,0.98011,0.98046,2.02,2.32
2015.01.15 16:18:09.697,0.98011,0.98047,2.32,1.15
2015.01.15 16:18:09.798,0.98015,0.98052,2.92,1.27
2015.01.15 16:18:10.100,0.98021,0.98049,2.32,1.00
2015.01.15 16:18:10.151,0.98021,0.98052,2.32,1.00
2015.01.15 16:18:10.201,0.98023,0.98052,2.32,1.00
2015.01.15 16:18:10.739,0.98023,0.98051,2.32,1.00
2015.01.15 16:18:10.941,0.98023,0.98056,2.92,1.00
2015.01.15 16:18:11.198,0.98019,0.98057,2.32,1.15
2015.01.15 16:18:11.349,0.98019,0.98052,2.32,1.00
2015.01.15 16:18:12.072,0.98018,0.98052,2.25,3.00
2015.01.15 16:18:12.122,0.98016,0.98052,2.40,4.50
2015.01.15 16:18:12.494,0.98015,0.98051,2.92,1.15
2015.01.15 16:18:12.545,0.98015,0.98051,2.92,1.15
2015.01.15 16:18:13.877,0.98017,0.98052,4.42,1.07
2015.01.15 16:18:13.928,0.98017,0.98052,4.42,1.00
2015.01.15 16:18:14.079,0.98018,0.9805,1.57,2.25
2015.01.15 16:18:14.129,0.98018,0.9805,2.10,2.32
2015.01.15 16:18:14.340,0.98014,0.98041,2.25,1.00
2015.01.15 16:18:14.592,0.98011,0.98041,2.32,1.00
2015.01.15 16:18:14.693,0.98008,0.98047,3.07,3.07
2015.01.15 16:18:15.070,0.98006,0.98041,4.80,1.07
2015.01.15 16:18:15.587,0.98005,0.98041,2.92,1.17
2015.01.15 16:18:15.900,0.98005,0.98037,2.92,1.00
2015.01.15 16:18:16.663,0.98005,0.98044,4.42,3.07
2015.01.15 16:18:17.370,0.98004,0.98041,1.15,2.32
2015.01.15 16:18:17.673,0.98006,0.98043,1.65,2.32
2015.01.15 16:18:19.584,0.98008,0.98039,1.50,2.32
2015.01.15 16:18:19.685,0.98006,0.98039,1.50,2.32
2015.01.15 16:18:20.201,0.98007,0.98039,1.50,2.32
2015.01.15 16:18:20.593,0.98007,0.98044,1.65,1.15
2015.01.15 16:18:20.795,0.98012,0.98046,1.65,1.10
2015.01.15 16:18:21.097,0.98006,0.98042,1.65,1.17
2015.01.15 16:18:22.127,0.98004,0.98036,4.42,1.00
2015.01.15 16:18:22.228,0.98,0.98036,2.77,1.10
2015.01.15 16:18:22.751,0.98001,0.98041,2.40,3.82
2015.01.15 16:18:23.005,0.97997,0.98036,1.12,2.32
2015.01.15 16:18:24.644,0.97995,0.98027,3.82,1.00
2015.01.15 16:18:24.745,0.97995,0.98027,1.65,1.00
2015.01.15 16:18:24.844,0.97997,0.98027,1.50,1.00
2015.01.15 16:18:24.996,0.97994,0.98027,1.65,1.00
2015.01.15 16:18:25.298,0.97991,0.98026,2.62,1.07
2015.01.15 16:18:25.349,0.97991,0.98027,2.62,1.15
2015.01.15 16:18:25.603,0.97988,0.98024,1.12,2.32
2015.01.15 16:18:26.007,0.97986,0.98021,2.10,3.07
2015.01.15 16:18:26.130,0.97984,0.98021,1.10,2.32
2015.01.15 16:18:26.232,0.97982,0.98017,1.20,2.32
2015.01.15 16:18:26.334,0.97982,0.98016,1.12,1.15
2015.01.15 16:18:26.737,0.97976,0.98014,2.17,2.32
2015.01.15 16:18:26.989,0.97974,0.98013,1.17,2.32
2015.01.15 16:18:28.330,0.97976,0.98017,2.32,2.32
2015.01.15 16:18:30.361,0.97976,0.98015,2.02,4.50
2015.01.15 16:18:30.664,0.97974,0.98015,1.15,4.50
2015.01.15 16:18:31.534,0.97976,0.98018,2.32,2.70
2015.01.15 16:18:31.938,0.9798,0.98022,2.70,2.32
2015.01.15 16:18:33.105,0.97987,0.98022,1.50,2.32
2015.01.15 16:18:33.156,0.97987,0.98023,1.65,1.20
2015.01.15 16:18:33.257,0.97992,0.98031,2.70,1.17
2015.01.15 16:18:33.559,0.97976,0.98011,1.55,1.07
2015.01.15 16:18:34.439,0.97974,0.98011,1.07,2.25
2015.01.15 16:18:34.490,0.97974,0.98011,1.00,2.32
2015.01.15 16:18:34.641,0.97974,0.98007,1.50,2.32
2015.01.15 16:18:34.692,0.97968,0.98007,2.40,4.50
2015.01.15 16:18:34.793,0.9797,0.98007,2.10,4.50
2015.01.15 16:18:34.894,0.9797,0.98011,4.42,2.40
2015.01.15 16:18:34.995,0.97977,0.98011,1.50,1.15
2015.01.15 16:18:35.096,0.97975,0.98012,1.57,3.07
2015.01.15 16:18:35.197,0.97977,0.98012,1.00,4.57
2015.01.15 16:18:35.511,0.97959,0.97997,1.75,3.82
2015.01.15 16:18:35.663,0.97959,0.97992,1.00,1.10
2015.01.15 16:18:35.764,0.97956,0.97992,1.00,3.07
2015.01.15 16:18:36.067,0.97955,0.97989,1.00,2.32
2015.01.15 16:18:36.118,0.97952,0.97989,1.12,2.32
2015.01.15 16:18:36.192,0.97952,0.97983,1.12,2.32
2015.01.15 16:18:36.445,0.97949,0.97984,1.07,2.32
2015.01.15 16:18:36.496,0.97949,0.97989,1.15,4.50
2015.01.15 16:18:36.546,0.9795,0.97989,2.32,2.32
2015.01.15 16:18:36.597,0.9795,0.97992,2.32,2.32
2015.01.15 16:18:36.648,0.97953,0.97993,2.32,2.32
2015.01.15 16:18:36.698,0.97953,0.97997,4.50,6.00
2015.01.15 16:18:36.850,0.97958,0.97997,2.32,2.32
2015.01.15 16:18:36.900,0.97958,0.97998,2.32,1.15
2015.01.15 16:18:37.354,0.97957,0.97992,2.25,2.25
2015.01.15 16:18:37.405,0.97953,0.97992,1.65,2.32
2015.01.15 16:18:37.456,0.97948,0.97986,1.82,2.32
2015.01.15 16:18:37.506,0.97948,0.97986,1.45,2.32
2015.01.15 16:18:37.557,0.97948,0.97981,1.12,2.32
2015.01.15 16:18:37.658,0.97944,0.97981,1.17,3.07
2015.01.15 16:18:38.364,0.97945,0.97982,6.00,1.12
2015.01.15 16:18:38.465,0.9795,0.97982,2.32,1.00
2015.01.15 16:18:38.616,0.9795,0.97986,2.32,1.10
2015.01.15 16:18:39.060,0.97949,0.97988,1.15,4.50
2015.01.15 16:18:39.262,0.97949,0.97984,1.60,2.32
2015.01.15 16:18:39.313,0.97949,0.97984,1.00,2.32
2015.01.15 16:18:39.414,0.97944,0.97981,1.50,1.17
2015.01.15 16:18:39.667,0.97946,0.97987,2.92,1.27
2015.01.15 16:18:40.677,0.9795,0.97987,2.32,1.10
2015.01.15 16:18:43.143,0.9795,0.97981,2.92,1.00
2015.01.15 16:18:43.194,0.97948,0.97981,3.00,1.00
2015.01.15 16:18:43.295,0.97947,0.97981,1.60,1.15
2015.01.15 16:18:44.837,0.97948,0.97983,1.00,2.32
2015.01.15 16:18:44.888,0.97943,0.97982,1.87,1.15
2015.01.15 16:18:47.104,0.9794,0.97973,3.97,2.32
2015.01.15 16:18:47.155,0.9794,0.97973,1.50,2.32
2015.01.15 16:18:47.306,0.97935,0.97972,1.07,1.15
2015.01.15 16:18:47.458,0.97934,0.97972,2.25,1.15
2015.01.15 16:18:47.559,0.97933,0.97972,1.15,1.15
2015.01.15 16:18:49.605,0.97931,0.97966,4.42,1.00
2015.01.15 16:18:50.185,0.9793,0.97967,2.17,3.00
2015.01.15 16:18:50.261,0.9793,0.97967,1.50,6.37
2015.01.15 16:18:50.651,0.97929,0.97964,1.12,1.15
2015.01.15 16:18:50.702,0.97931,0.97964,1.12,1.00
2015.01.15 16:18:50.802,0.97932,0.97961,1.05,1.00
2015.01.15 16:18:51.333,0.97933,0.97962,1.70,1.00
2015.01.15 16:18:52.121,0.97938,0.97967,1.00,1.17
2015.01.15 16:18:52.828,0.97933,0.97962,1.70,1.00
2015.01.15 16:18:53.087,0.97933,0.97962,3.30,1.00
2015.01.15 16:18:53.137,0.97933,0.97967,3.30,1.27
2015.01.15 16:18:53.340,0.97934,0.97961,1.60,1.00
2015.01.15 16:18:53.871,0.97934,0.97961,2.85,1.00
2015.01.15 16:18:53.921,0.97934,0.97966,3.60,1.07
2015.01.15 16:18:53.972,0.97939,0.97966,2.47,1.07
2015.01.15 16:18:54.023,0.97939,0.9797,2.47,1.00
2015.01.15 16:18:54.073,0.97941,0.97972,1.35,1.20
2015.01.15 16:18:54.124,0.97942,0.97977,1.12,1.27
2015.01.15 16:18:54.479,0.97948,0.97981,1.50,2.32
2015.01.15 16:18:54.631,0.97949,0.97982,1.00,1.17
2015.01.15 16:18:54.998,0.97942,0.97981,1.52,2.32
2015.01.15 16:18:55.401,0.97939,0.97976,1.47,2.32
2015.01.15 16:18:55.603,0.97938,0.97976,1.17,2.32
2015.01.15 16:18:56.221,0.97937,0.97981,4.50,4.50
2015.01.15 16:18:56.341,0.97939,0.97974,1.00,2.32
2015.01.15 16:18:56.443,0.97934,0.97974,1.65,2.32
2015.01.15 16:18:56.997,0.9793,0.97969,2.32,2.25
2015.01.15 16:18:57.048,0.97928,0.97969,2.70,2.32
2015.01.15 16:18:59.616,0.97924,0.97965,4.05,2.32
2015.01.15 16:19:02.044,0.97928,0.9797,2.70,2.32
2015.01.15 16:19:02.419,0.97932,0.97975,3.07,1.27
2015.01.15 16:19:03.314,0.97934,0.97968,1.20,2.25
2015.01.15 16:19:03.365,0.97934,0.97968,1.00,4.50
2015.01.15 16:19:03.516,0.9793,0.97968,1.60,5.25
2015.01.15 16:19:03.618,0.97926,0.97966,1.27,1.15
2015.01.15 16:19:03.769,0.97927,0.97966,1.12,1.15
2015.01.15 16:19:04.338,0.97929,0.97966,1.12,1.15
2015.01.15 16:19:04.641,0.97924,0.97961,1.15,1.15
2015.01.15 16:19:04.742,0.97924,0.9796,1.00,2.32
2015.01.15 16:19:05.121,0.97929,0.97965,1.00,2.32
2015.01.15 16:19:05.222,0.97929,0.9797,1.75,4.50
2015.01.15 16:19:05.635,0.97931,0.97973,3.67,3.82
2015.01.15 16:19:05.938,0.97927,0.9797,1.27,2.32
2015.01.15 16:19:06.039,0.97931,0.97975,4.50,4.50
2015.01.15 16:19:06.342,0.97935,0.97979,3.07,3.07
2015.01.15 16:19:06.646,0.9794,0.97981,2.32,2.32
2015.01.15 16:19:07.150,0.97936,0.97976,1.12,1.15
2015.01.15 16:19:07.669,0.97941,0.97976,2.32,1.00
2015.01.15 16:19:08.072,0.97941,0.97981,3.07,1.15
2015.01.15 16:19:08.650,0.97944,0.97987,4.87,5.62
2015.01.15 16:19:08.953,0.97949,0.97987,2.32,1.17
2015.01.15 16:19:09.255,0.97946,0.97987,1.52,2.32
2015.01.15 16:19:10.328,0.97948,0.97988,2.25,3.07
2015.01.15 16:19:10.379,0.97948,0.97988,4.87,1.15
2015.01.15 16:19:10.883,0.97949,0.97991,1.82,1.15
2015.01.15 16:19:11.404,0.9795,0.97986,1.52,1.00
2015.01.15 16:19:11.935,0.97952,0.97987,1.90,1.20
2015.01.15 16:19:13.698,0.9795,0.97987,1.52,1.20
2015.01.15 16:19:14.280,0.9795,0.97986,1.52,1.00
2015.01.15 16:19:14.801,0.97951,0.97986,1.52,1.00
2015.01.15 16:19:15.371,0.97951,0.97987,1.52,1.20
2015.01.15 16:19:15.522,0.9795,0.97987,1.12,1.20
2015.01.15 16:19:16.039,0.97949,0.97986,1.52,1.00
2015.01.15 16:19:16.622,0.97948,0.97986,5.62,1.00
2015.01.15 16:19:16.883,0.97959,0.97986,1.00,1.00
2015.01.15 16:19:17.337,0.97954,0.97992,1.37,4.50
2015.01.15 16:19:17.388,0.97956,0.97994,1.12,2.32
2015.01.15 16:19:17.489,0.97956,0.97995,5.47,1.20
2015.01.15 16:19:17.590,0.97961,0.97996,2.25,1.15
2015.01.15 16:19:17.691,0.97961,0.97996,1.20,1.15
2015.01.15 16:19:18.720,0.97962,0.98002,2.32,1.15
2015.01.15 16:19:19.416,0.97958,0.98,3.07,2.32
2015.01.15 16:19:19.726,0.97958,0.97992,3.07,1.00
2015.01.15 16:19:19.877,0.97958,0.98,2.32,3.82
2015.01.15 16:19:19.978,0.97958,0.98,4.20,2.32
2015.01.15 16:19:20.029,0.97963,0.98004,2.70,2.32
2015.01.15 16:19:20.902,0.97963,0.98001,2.32,2.32
2015.01.15 16:19:20.952,0.97959,0.98,3.07,2.32
2015.01.15 16:19:21.003,0.97964,0.98,2.32,2.25
2015.01.15 16:19:21.053,0.97965,0.98006,2.32,1.15
2015.01.15 16:19:21.104,0.97967,0.98001,2.32,1.00
2015.01.15 16:19:21.205,0.97969,0.98005,2.32,1.10
2015.01.15 16:19:22.311,0.97969,0.98002,2.25,1.07
2015.01.15 16:19:22.362,0.97965,0.98002,1.07,1.15
2015.01.15 16:19:22.419,0.97962,0.97999,1.07,2.25
2015.01.15 16:19:22.470,0.9796,0.97999,1.20,4.50
2015.01.15 16:19:22.924,0.97953,0.97993,1.15,4.50
2015.01.15 16:19:23.327,0.97955,0.97996,2.70,2.32
2015.01.15 16:19:23.428,0.97957,0.97999,4.87,1.15
2015.01.15 16:19:24.533,0.97956,0.9799,1.37,2.70
2015.01.15 16:19:24.583,0.97953,0.9799,1.00,2.70
2015.01.15 16:19:24.634,0.97953,0.97985,1.00,2.32
2015.01.15 16:19:24.685,0.97949,0.97985,1.10,2.32
2015.01.15 16:19:25.037,0.97943,0.97981,1.12,2.32
2015.01.15 16:19:25.544,0.97942,0.97986,6.00,4.50
2015.01.15 16:19:25.745,0.97948,0.9799,1.12,6.00
2015.01.15 16:19:26.544,0.9795,0.97994,5.85,7.50
2015.01.15 16:19:26.847,0.97944,0.9798,1.37,2.32
2015.01.15 16:19:26.898,0.9794,0.9798,1.75,2.32
2015.01.15 16:19:27.717,0.97942,0.9798,1.12,2.32
2015.01.15 16:19:27.768,0.97942,0.97983,1.12,1.15
2015.01.15 16:19:27.818,0.97946,0.97983,2.32,1.07
2015.01.15 16:19:27.869,0.97947,0.97983,2.32,1.00
2015.01.15 16:19:28.394,0.97947,0.97989,2.32,2.32
2015.01.15 16:19:28.547,0.97943,0.97982,1.65,4.87
2015.01.15 16:19:28.648,0.97942,0.97978,1.00,2.32
2015.01.15 16:19:28.749,0.97938,0.97978,1.15,2.32
2015.01.15 16:19:29.761,0.97938,0.97981,5.62,1.15
2015.01.15 16:19:29.862,0.97943,0.97985,4.50,1.15
2015.01.15 16:19:30.565,0.97946,0.97981,1.00,2.32
2015.01.15 16:19:30.666,0.9794,0.97976,1.00,2.32
2015.01.15 16:19:30.969,0.97936,0.97976,1.17,2.32
2015.01.15 16:19:31.642,0.97937,0.97976,2.32,2.32
2015.01.15 16:19:31.693,0.97937,0.97981,6.75,5.25
2015.01.15 16:19:31.743,0.97941,0.97981,2.70,3.07
2015.01.15 16:19:31.794,0.97946,0.97984,1.12,4.50
2015.01.15 16:19:31.845,0.97947,0.97982,1.12,1.00
2015.01.15 16:19:32.474,0.97946,0.97982,2.25,1.57
2015.01.15 16:19:32.525,0.97942,0.97982,4.05,1.65
2015.01.15 16:19:32.626,0.97939,0.97979,1.15,2.02
2015.01.15 16:19:32.777,0.97934,0.97975,3.07,2.32
2015.01.15 16:19:32.979,0.97936,0.97976,4.50,1.15
2015.01.15 16:19:33.080,0.97933,0.9797,1.80,3.82
2015.01.15 16:19:33.281,0.97925,0.97966,1.65,4.50
2015.01.15 16:19:33.382,0.9792,0.97961,3.07,2.32
2015.01.15 16:19:33.483,0.97924,0.97967,1.15,3.45
2015.01.15 16:19:33.786,0.97928,0.97972,2.32,2.70
2015.01.15 16:19:34.485,0.97924,0.97968,2.32,2.70
2015.01.15 16:19:34.998,0.97921,0.97963,2.32,2.70
2015.01.15 16:19:35.301,0.9792,0.97959,1.15,2.32
2015.01.15 16:19:35.805,0.97924,0.97959,1.00,2.32
2015.01.15 16:19:36.065,0.97924,0.97964,1.75,4.87
2015.01.15 16:19:36.317,0.97924,0.97964,1.75,4.87
2015.01.15 16:19:38.413,0.9792,0.97964,5.25,4.87
2015.01.15 16:19:41.569,0.97921,0.97964,2.02,4.87
2015.01.15 16:19:42.139,0.97924,0.97962,1.52,1.15
2015.01.15 16:19:42.676,0.97924,0.97964,2.02,4.50
2015.01.15 16:19:42.777,0.97924,0.97964,1.52,4.50
2015.01.15 16:19:42.979,0.97925,0.97962,1.37,1.15
2015.01.15 16:19:43.030,0.97925,0.97962,3.30,1.00
2015.01.15 16:19:43.181,0.97927,0.97966,1.12,1.65
2015.01.15 16:19:46.439,0.97927,0.97965,1.37,4.50
2015.01.15 16:19:46.943,0.97923,0.97962,1.15,1.27
2015.01.15 16:19:48.523,0.97922,0.97961,1.27,3.82
2015.01.15 16:19:48.826,0.97917,0.97957,2.02,2.32
2015.01.15 16:19:49.540,0.97914,0.97953,1.15,2.70
2015.01.15 16:19:50.044,0.9791,0.9795,1.15,4.50
2015.01.15 16:19:51.974,0.97906,0.97948,4.50,1.52
2015.01.15 16:19:52.276,0.97904,0.97945,1.52,2.32
2015.01.15 16:19:53.581,0.97905,0.97945,1.52,2.32
2015.01.15 16:19:53.632,0.97906,0.97949,4.87,4.87
2015.01.15 16:19:58.355,0.97911,0.97952,2.70,1.27
2015.01.15 16:20:01.455,0.97914,0.97954,2.70,2.70
2015.01.15 16:20:01.506,0.97914,0.97956,2.70,1.52
2015.01.15 16:20:01.953,0.97914,0.97957,3.07,3.07
2015.01.15 16:20:02.457,0.97921,0.97958,1.95,2.70
2015.01.15 16:20:02.508,0.97921,0.97961,3.00,3.07
2015.01.15 16:20:02.558,0.97925,0.97963,1.07,3.07
2015.01.15 16:20:02.722,0.97925,0.97967,2.02,4.50
2015.01.15 16:20:02.772,0.97935,0.97967,2.25,2.25
2015.01.15 16:20:02.823,0.97935,0.97968,2.32,1.37
2015.01.15 16:20:02.925,0.97929,0.9797,4.50,1.15
2015.01.15 16:20:02.976,0.97926,0.97963,1.65,2.32
2015.01.15 16:20:03.379,0.97928,0.97968,1.65,3.07
2015.01.15 16:20:03.883,0.97925,0.97962,3.07,1.00
2015.01.15 16:20:04.409,0.97925,0.97968,2.32,4.20
2015.01.15 16:20:04.984,0.97923,0.97964,2.40,2.70
2015.01.15 16:20:05.387,0.97929,0.97956,1.00,1.00
2015.01.15 16:20:06.570,0.97928,0.97964,1.35,2.70
2015.01.15 16:20:07.673,0.97927,0.97964,1.05,2.70
2015.01.15 16:20:08.371,0.97928,0.97964,1.67,2.32
2015.01.15 16:20:08.529,0.97928,0.97968,1.82,1.52
2015.01.15 16:20:11.791,0.97929,0.9797,1.52,3.07
2015.01.15 16:20:12.311,0.97929,0.9797,1.52,2.70
2015.01.15 16:20:12.462,0.97929,0.9797,1.90,2.32
2015.01.15 16:20:12.672,0.97932,0.9797,1.50,2.32
2015.01.15 16:20:13.194,0.97932,0.9797,1.75,2.70
2015.01.15 16:20:13.963,0.97932,0.9797,1.37,2.70
2015.01.15 16:20:14.064,0.97928,0.97967,1.52,1.15
2015.01.15 16:20:16.774,0.97926,0.97967,3.07,1.52
2015.01.15 16:20:16.875,0.97925,0.97964,2.70,2.62
2015.01.15 16:20:16.925,0.97923,0.97964,3.82,2.70
2015.01.15 16:20:17.178,0.97925,0.97965,3.82,2.32
2015.01.15 16:20:17.228,0.97925,0.97966,3.07,1.27
2015.01.15 16:20:17.747,0.97925,0.97967,3.07,1.15
2015.01.15 16:20:18.331,0.97931,0.97969,1.00,2.70
2015.01.15 16:20:18.381,0.97932,0.9797,1.07,2.70
2015.01.15 16:20:18.432,0.97932,0.97973,1.15,5.62
2015.01.15 16:20:18.899,0.97932,0.97972,1.65,1.52
2015.01.15 16:20:19.513,0.97932,0.97972,2.02,1.65
2015.01.15 16:20:20.129,0.97931,0.97973,1.27,5.62
2015.01.15 16:20:20.436,0.97933,0.97973,1.27,5.62
2015.01.15 16:20:20.488,0.97933,0.97973,1.52,5.62
2015.01.15 16:20:21.039,0.97933,0.97973,1.65,5.62
2015.01.15 16:20:21.491,0.97932,0.97973,1.65,5.62
2015.01.15 16:20:21.993,0.97933,0.97973,1.52,6.00
2015.01.15 16:20:23.743,0.9793,0.97972,1.65,1.52
2015.01.15 16:20:25.602,0.9793,0.97972,1.90,1.65
2015.01.15 16:20:27.136,0.9793,0.97965,1.07,2.25
2015.01.15 16:20:27.237,0.97927,0.97964,1.87,2.62
2015.01.15 16:20:27.439,0.97928,0.97964,1.45,2.32
2015.01.15 16:20:27.540,0.97928,0.97967,1.52,3.07
2015.01.15 16:20:28.945,0.97926,0.97966,3.45,1.65
2015.01.15 16:20:29.716,0.97926,0.97966,2.32,3.15
2015.01.15 16:20:29.767,0.97926,0.97961,2.25,2.62
2015.01.15 16:20:29.818,0.97924,0.97961,1.00,4.50
2015.01.15 16:20:29.868,0.97924,0.97961,2.32,2.25
2015.01.15 16:20:29.919,0.97924,0.97961,1.65,1.07
2015.01.15 16:20:30.070,0.97923,0.9796,2.25,2.32
2015.01.15 16:20:30.121,0.9792,0.9796,1.15,4.50
2015.01.15 16:20:30.172,0.97922,0.9796,2.25,2.25
2015.01.15 16:20:30.222,0.97924,0.97965,2.32,2.32
2015.01.15 16:20:30.481,0.97926,0.97964,2.32,1.07
2015.01.15 16:20:30.532,0.97926,0.97964,4.50,1.00
2015.01.15 16:20:31.037,0.9793,0.9797,1.15,4.50
2015.01.15 16:20:31.188,0.9793,0.9797,1.15,2.32
2015.01.15 16:20:31.239,0.97931,0.97971,2.32,1.27
2015.01.15 16:20:31.441,0.97929,0.9797,3.30,2.70
2015.01.15 16:20:31.492,0.97929,0.9797,1.12,4.87
2015.01.15 16:20:31.542,0.97932,0.97971,2.32,1.15
2015.01.15 16:20:31.852,0.97936,0.97973,2.32,1.10
2015.01.15 16:20:32.155,0.97936,0.97974,1.65,2.32
2015.01.15 16:20:32.357,0.97938,0.9798,5.10,1.27
2015.01.15 16:20:32.458,0.97942,0.97979,2.32,1.10
2015.01.15 16:20:32.761,0.97948,0.97985,2.32,1.10
2015.01.15 16:20:33.265,0.97953,0.97987,2.32,1.00
2015.01.15 16:20:33.315,0.97953,0.97991,2.32,1.17
2015.01.15 16:20:33.467,0.97959,0.97992,2.32,1.00
2015.01.15 16:20:33.618,0.97959,0.97996,2.32,1.10
2015.01.15 16:20:35.936,0.97963,0.98001,2.32,1.65
2015.01.15 16:20:35.987,0.97963,0.98001,2.32,1.07
2015.01.15 16:20:36.593,0.97964,0.97993,1.07,2.25
2015.01.15 16:20:36.643,0.97964,0.97993,1.00,4.50
2015.01.15 16:20:36.795,0.97957,0.97993,1.95,2.25
2015.01.15 16:20:36.846,0.97958,0.97997,1.27,2.32
2015.01.15 16:20:36.896,0.97958,0.97997,3.52,2.32
2015.01.15 16:20:36.947,0.97958,0.97999,4.95,1.52
2015.01.15 16:20:37.369,0.97963,0.97997,2.32,1.10
2015.01.15 16:20:37.470,0.97959,0.97997,2.32,1.17
2015.01.15 16:20:38.175,0.97959,0.97998,3.07,2.70
2015.01.15 16:20:38.276,0.97959,0.97998,1.15,4.87
2015.01.15 16:20:39.168,0.97959,0.97996,1.75,1.15
2015.01.15 16:20:40.155,0.9796,0.97998,1.12,4.50
2015.01.15 16:20:40.206,0.97963,0.97998,1.95,2.25
2015.01.15 16:20:40.256,0.97963,0.98003,2.02,2.70
2015.01.15 16:20:40.710,0.97965,0.98003,1.52,2.32
2015.01.15 16:20:40.761,0.97965,0.98006,2.70,2.32
2015.01.15 16:20:40.811,0.97968,0.98006,2.32,2.25
2015.01.15 16:20:40.862,0.9797,0.98011,2.32,3.07
2015.01.15 16:20:41.787,0.9797,0.98009,3.07,2.32
2015.01.15 16:20:41.889,0.9797,0.98008,1.17,2.32
2015.01.15 16:20:42.090,0.97966,0.98001,4.57,1.00
2015.01.15 16:20:42.308,0.97967,0.98007,1.15,1.52
2015.01.15 16:20:43.336,0.97967,0.98001,1.65,1.00
2015.01.15 16:20:43.839,0.97966,0.98002,3.45,1.00
2015.01.15 16:20:45.091,0.97966,0.98001,4.20,1.00
2015.01.15 16:20:45.601,0.97966,0.98002,3.82,1.00
2015.01.15 16:20:45.803,0.97966,0.98002,1.57,1.15
2015.01.15 16:20:46.055,0.97964,0.97991,1.50,1.00
2015.01.15 16:20:47.161,0.97968,0.97997,1.00,1.00
2015.01.15 16:20:47.313,0.97969,0.97997,2.10,1.00
2015.01.15 16:20:47.364,0.97969,0.98001,2.10,1.17
2015.01.15 16:20:47.818,0.97969,0.98002,1.65,1.10
2015.01.15 16:20:47.919,0.97969,0.98002,1.57,1.17
2015.01.15 16:20:48.020,0.97969,0.98004,1.00,2.32
2015.01.15 16:20:48.223,0.97972,0.98006,1.57,1.07
2015.01.15 16:20:48.324,0.97971,0.98006,1.65,1.00
2015.01.15 16:20:48.424,0.9797,0.98012,5.10,1.15
2015.01.15 16:20:48.928,0.9797,0.98011,3.82,2.32
2015.01.15 16:20:49.231,0.97968,0.98009,2.70,2.32
2015.01.15 16:20:50.212,0.97963,0.98002,3.37,2.32
2015.01.15 16:20:50.313,0.97961,0.98001,1.65,2.32
2015.01.15 16:20:52.304,0.9796,0.98001,2.70,2.70
2015.01.15 16:20:52.506,0.97966,0.98006,2.70,1.15
2015.01.15 16:20:54.682,0.9797,0.98009,2.77,2.70
2015.01.15 16:20:54.934,0.97974,0.98012,2.02,1.52
2015.01.15 16:20:55.705,0.97982,0.98011,1.50,1.15
2015.01.15 16:20:55.756,0.97982,0.98011,1.57,1.00
2015.01.15 16:20:55.857,0.97982,0.98022,2.02,3.82
2015.01.15 16:20:56.059,0.97986,0.98022,1.65,1.20
2015.01.15 16:20:56.424,0.97988,0.98027,3.82,3.82
2015.01.15 16:20:56.525,0.97989,0.98027,1.57,3.07
2015.01.15 16:20:56.626,0.97989,0.98026,1.00,1.15
2015.01.15 16:20:57.151,0.97983,0.98024,4.87,1.15
2015.01.15 16:20:57.429,0.97983,0.9802,2.70,2.25
2015.01.15 16:20:57.530,0.9798,0.9802,1.52,2.32
2015.01.15 16:20:58.145,0.97979,0.98017,1.15,2.32
2015.01.15 16:20:58.246,0.97977,0.98014,2.32,2.32
2015.01.15 16:20:58.397,0.97973,0.98014,1.27,4.50
2015.01.15 16:20:58.953,0.97971,0.98008,2.32,2.25
2015.01.15 16:20:59.054,0.97967,0.98008,2.70,2.32
2015.01.15 16:20:59.256,0.97966,0.98005,1.52,2.32
2015.01.15 16:20:59.370,0.97964,0.98005,1.15,2.32
2015.01.15 16:21:00.347,0.97965,0.97996,1.65,1.00
2015.01.15 16:21:00.917,0.97964,0.97997,1.65,1.00
2015.01.15 16:21:01.333,0.97961,0.97997,1.65,1.07
2015.01.15 16:21:01.859,0.97959,0.97992,4.95,1.00
2015.01.15 16:21:03.069,0.97959,0.97997,3.45,1.07
2015.01.15 16:21:03.339,0.97959,0.97987,3.45,1.00
2015.01.15 16:21:03.616,0.97956,0.97987,1.15,1.00
2015.01.15 16:21:03.717,0.97952,0.97986,1.57,1.00
2015.01.15 16:21:04.431,0.9795,0.97987,3.00,1.10
2015.01.15 16:21:04.608,0.9795,0.97981,3.00,1.00
2015.01.15 16:21:05.087,0.97949,0.97977,2.32,1.00
2015.01.15 16:21:05.600,0.97943,0.97977,2.75,1.00
2015.01.15 16:21:05.902,0.97944,0.97971,1.38,1.00
2015.01.15 16:21:06.163,0.97944,0.97979,1.38,2.32
2015.01.15 16:21:06.314,0.9794,0.97981,2.25,1.15
2015.01.15 16:21:06.466,0.97943,0.97979,2.85,2.62
2015.01.15 16:21:06.717,0.97943,0.97976,1.51,1.10
2015.01.15 16:21:07.171,0.9794,0.97979,3.82,2.32
2015.01.15 16:21:07.222,0.97943,0.97978,2.25,2.32
2015.01.15 16:21:07.272,0.97944,0.97978,2.25,2.25
2015.01.15 16:21:07.323,0.97947,0.97982,1.65,1.17
2015.01.15 16:21:09.473,0.97948,0.97986,1.15,2.32
2015.01.15 16:21:09.523,0.97949,0.9799,1.65,2.32
2015.01.15 16:21:12.084,0.97953,0.9799,2.70,2.25
2015.01.15 16:21:12.135,0.97953,0.97993,6.00,1.15
2015.01.15 16:21:12.236,0.97958,0.97994,2.32,1.07
2015.01.15 16:21:12.287,0.97959,0.97996,1.65,1.07
2015.01.15 16:21:12.337,0.97962,0.97997,2.25,1.10
2015.01.15 16:21:12.843,0.97961,0.97997,2.32,1.07
2015.01.15 16:21:12.893,0.97959,0.97997,3.07,1.65
2015.01.15 16:21:14.644,0.97958,0.97998,4.57,2.32
2015.01.15 16:21:14.796,0.97965,0.98004,2.17,2.32
2015.01.15 16:21:14.847,0.97967,0.98005,2.85,2.32
2015.01.15 16:21:14.898,0.97967,0.98009,4.05,2.32
2015.01.15 16:21:14.949,0.9797,0.98011,2.32,3.07
2015.01.15 16:21:15.000,0.9797,0.98014,4.87,4.50
2015.01.15 16:21:15.050,0.97975,0.98014,2.32,2.32
2015.01.15 16:21:15.101,0.97975,0.98016,2.32,1.15
2015.01.15 16:21:15.202,0.97975,0.9801,2.32,1.00
2015.01.15 16:21:15.303,0.97978,0.98016,4.50,1.00
2015.01.15 16:21:16.604,0.97978,0.98018,4.87,1.15
2015.01.15 16:21:21.353,0.97978,0.98016,4.87,1.00
2015.01.15 16:21:21.454,0.97978,0.98016,3.82,1.07
2015.01.15 16:21:21.504,0.97978,0.98016,1.27,1.27
2015.01.15 16:21:21.656,0.97978,0.98014,1.20,2.32
2015.01.15 16:21:21.757,0.97974,0.98014,1.15,4.50
2015.01.15 16:21:23.610,0.9797,0.98012,4.87,1.65
2015.01.15 16:21:26.803,0.97971,0.98012,2.02,1.65
2015.01.15 16:21:28.068,0.97973,0.98014,1.27,5.25
2015.01.15 16:21:28.220,0.97979,0.98014,2.02,1.10
2015.01.15 16:21:28.270,0.97981,0.98014,2.62,1.00
2015.01.15 16:21:28.321,0.97981,0.98016,3.07,1.00
2015.01.15 16:21:28.830,0.97984,0.98021,1.65,1.27
2015.01.15 16:21:30.381,0.97983,0.98016,2.02,1.00
2015.01.15 16:21:31.630,0.97983,0.98017,1.65,1.10
2015.01.15 16:21:34.372,0.97984,0.98023,2.70,2.32
2015.01.15 16:21:34.422,0.97984,0.98025,2.70,1.15
2015.01.15 16:21:35.901,0.97984,0.98025,2.70,2.02
2015.01.15 16:21:36.103,0.97983,0.98021,1.65,1.45
2015.01.15 16:21:36.153,0.97983,0.98021,1.65,1.52
2015.01.15 16:21:36.909,0.97983,0.98016,1.15,1.00
2015.01.15 16:21:37.111,0.97982,0.98021,2.02,1.15
2015.01.15 16:21:37.982,0.9798,0.98017,3.07,1.00
2015.01.15 16:21:38.489,0.97981,0.9802,1.52,1.15
2015.01.15 16:21:40.430,0.9798,0.98021,2.70,1.52
2015.01.15 16:21:40.632,0.9798,0.98018,2.70,2.70
2015.01.15 16:21:43.796,0.97981,0.98019,2.70,2.70
2015.01.15 16:21:43.897,0.97981,0.9802,2.70,1.52
2015.01.15 16:21:44.421,0.97982,0.98017,1.12,1.10
2015.01.15 16:21:46.648,0.97982,0.98016,1.12,1.00
2015.01.15 16:21:47.659,0.97982,0.98017,1.12,1.10
2015.01.15 16:21:48.166,0.97981,0.98017,3.67,1.85
2015.01.15 16:21:48.267,0.97981,0.98017,1.75,3.75
2015.01.15 16:21:48.318,0.97979,0.98017,1.12,3.07
2015.01.15 16:21:48.419,0.97978,0.98014,1.75,2.32
2015.01.15 16:21:48.571,0.97975,0.98013,2.32,2.02
2015.01.15 16:21:48.621,0.97974,0.98011,2.32,2.32
2015.01.15 16:21:48.722,0.97971,0.98011,1.15,4.50
2015.01.15 16:21:48.823,0.9797,0.98007,3.45,2.32
2015.01.15 16:21:49.025,0.97972,0.98013,2.32,3.45
2015.01.15 16:21:49.126,0.97974,0.98011,2.25,1.15
2015.01.15 16:21:49.278,0.97976,0.98011,5.10,1.00
2015.01.15 16:21:49.580,0.97981,0.98017,2.32,2.32
2015.01.15 16:21:49.631,0.97982,0.9802,2.32,1.15
2015.01.15 16:21:49.933,0.97985,0.98022,2.32,2.32
2015.01.15 16:21:50.034,0.97986,0.98023,4.50,1.15
2015.01.15 16:21:50.840,0.97992,0.98027,2.25,2.32
2015.01.15 16:21:50.891,0.97992,0.98028,2.32,1.15
2015.01.15 16:21:50.941,0.97991,0.98028,2.32,2.32
2015.01.15 16:21:50.992,0.97989,0.98028,2.70,2.32
2015.01.15 16:21:51.244,0.97991,0.98032,3.07,2.32
2015.01.15 16:21:51.345,0.97996,0.98033,2.25,2.32
2015.01.15 16:21:51.396,0.97996,0.98035,2.70,2.32
2015.01.15 16:21:51.648,0.97994,0.98033,2.32,2.32
2015.01.15 16:21:51.699,0.97993,0.98033,1.15,4.50
2015.01.15 16:21:51.750,0.97993,0.98029,1.65,2.32
2015.01.15 16:21:51.800,0.97993,0.98029,1.65,2.32
2015.01.15 16:21:52.839,0.97989,0.98026,2.32,2.32
2015.01.15 16:21:52.890,0.97987,0.98026,2.70,2.32
2015.01.15 16:21:53.743,0.97986,0.98023,2.32,2.32
2015.01.15 16:21:53.794,0.97983,0.98023,1.15,4.50
2015.01.15 16:21:54.763,0.97982,0.98019,2.32,2.32
2015.01.15 16:21:54.814,0.9798,0.98019,2.70,2.32
2015.01.15 16:21:56.472,0.97978,0.98014,3.45,2.25
2015.01.15 16:21:56.522,0.97978,0.98014,1.65,2.32
2015.01.15 16:21:56.880,0.97978,0.98016,3.07,2.32
2015.01.15 16:21:56.931,0.97978,0.98018,5.25,4.50
2015.01.15 16:21:57.718,0.97978,0.98017,5.25,1.15
2015.01.15 16:21:57.819,0.97986,0.98017,1.05,1.10
2015.01.15 16:22:00.253,0.97986,0.98023,2.92,1.15
2015.01.15 16:22:00.659,0.97989,0.98025,2.70,1.17
2015.01.15 16:22:01.252,0.97992,0.98024,2.70,1.00
2015.01.15 16:22:01.555,0.97989,0.98026,2.70,1.15
2015.01.15 16:22:01.656,0.97988,0.98023,2.77,2.25
2015.01.15 16:22:01.757,0.97984,0.98023,3.45,2.32
2015.01.15 16:22:03.492,0.97983,0.9802,2.32,2.32
2015.01.15 16:22:03.543,0.97981,0.9802,2.32,2.32
2015.01.15 16:22:03.694,0.9798,0.98017,2.32,2.32
2015.01.15 16:22:03.745,0.97978,0.98017,3.30,2.32
2015.01.15 16:22:03.796,0.97978,0.98015,1.12,2.32
2015.01.15 16:22:04.300,0.97975,0.98015,5.10,4.50
2015.01.15 16:22:09.586,0.97981,0.98015,2.10,5.25
2015.01.15 16:22:09.738,0.97986,0.98017,1.05,1.57
2015.01.15 16:22:11.269,0.97982,0.98018,1.12,2.32
2015.01.15 16:22:11.572,0.97988,0.98024,5.10,1.57
2015.01.15 16:22:11.729,0.97988,0.98024,2.92,3.07
2015.01.15 16:22:11.779,0.97984,0.98024,6.60,6.00
2015.01.15 16:22:12.056,0.97987,0.98024,2.92,1.15
2015.01.15 16:22:13.909,0.97986,0.98021,2.70,2.25
2015.01.15 16:22:13.960,0.97983,0.98021,3.07,2.32
2015.01.15 16:22:14.061,0.97981,0.9802,1.52,4.50
2015.01.15 16:22:14.212,0.97983,0.98016,1.07,2.32
2015.01.15 16:22:14.364,0.9798,0.98019,4.87,1.15
2015.01.15 16:22:14.515,0.9798,0.98016,2.32,2.32
2015.01.15 16:22:14.566,0.97978,0.98016,2.70,2.32
2015.01.15 16:22:14.667,0.97974,0.98015,3.07,2.32
2015.01.15 16:22:15.749,0.97973,0.9801,1.45,2.32
2015.01.15 16:22:16.051,0.97965,0.98003,3.30,1.65
2015.01.15 16:22:16.368,0.97977,0.98011,5.85,1.00
2015.01.15 16:22:16.671,0.97983,0.98021,2.25,3.07
2015.01.15 16:22:20.539,0.9798,0.98018,2.70,2.32
2015.01.15 16:22:21.088,0.97979,0.98018,2.70,3.45
2015.01.15 16:22:25.158,0.97977,0.98016,2.70,3.07
2015.01.15 16:22:25.209,0.97975,0.98016,5.25,4.50
2015.01.15 16:22:25.361,0.97975,0.98001,5.25,1.00
2015.01.15 16:22:25.462,0.97973,0.98001,1.15,1.00
2015.01.15 16:22:25.563,0.97968,0.98001,1.15,1.00
2015.01.15 16:22:25.664,0.97966,0.98,1.17,1.15
2015.01.15 16:22:26.165,0.97958,0.97994,4.05,1.10
2015.01.15 16:22:26.474,0.97958,0.97992,2.32,1.00
2015.01.15 16:22:26.944,0.97957,0.97991,2.32,1.07
2015.01.15 16:22:27.461,0.97958,0.9799,1.12,1.10
2015.01.15 16:22:27.981,0.97958,0.97989,1.12,1.00
2015.01.15 16:22:28.284,0.97952,0.9799,5.25,1.15
2015.01.15 16:22:28.385,0.97952,0.97988,1.12,1.65
2015.01.15 16:22:28.687,0.9795,0.97983,2.47,2.32
2015.01.15 16:22:29.004,0.9795,0.97981,2.25,1.00
2015.01.15 16:22:29.105,0.9795,0.97982,2.10,2.32
2015.01.15 16:22:29.156,0.97943,0.97982,2.92,3.82
2015.01.15 16:22:29.403,0.97943,0.9798,1.45,6.00
2015.01.15 16:22:29.554,0.97948,0.9798,2.10,4.50
2015.01.15 16:22:29.605,0.97948,0.97987,2.25,5.25
2015.01.15 16:22:29.706,0.97953,0.97983,2.10,1.15
2015.01.15 16:22:29.821,0.97953,0.97986,2.25,1.15
2015.01.15 16:22:30.023,0.97954,0.97989,2.92,1.17
2015.01.15 16:22:30.124,0.97953,0.97989,3.00,2.32
2015.01.15 16:22:30.291,0.97953,0.97986,1.07,2.32
2015.01.15 16:22:30.392,0.97953,0.97992,1.15,4.50
2015.01.15 16:22:30.543,0.97953,0.97992,1.12,5.25
2015.01.15 16:22:30.745,0.97953,0.97992,1.45,4.50
2015.01.15 16:22:30.796,0.97957,0.97995,4.50,1.15
2015.01.15 16:22:31.099,0.97954,0.97993,1.15,3.07
2015.01.15 16:22:31.992,0.97957,0.97992,4.50,1.00
2015.01.15 16:22:32.395,0.9796,0.97996,2.92,1.57
2015.01.15 16:22:32.446,0.9796,0.97994,2.92,1.00
2015.01.15 16:22:32.497,0.97955,0.97994,2.92,1.15
2015.01.15 16:22:32.850,0.97955,0.97987,2.32,1.00
2015.01.15 16:22:33.841,0.97957,0.97986,1.12,1.00
2015.01.15 16:22:34.094,0.97955,0.97991,3.30,1.00
2015.01.15 16:22:34.598,0.97955,0.9799,2.85,1.10
2015.01.15 16:22:34.649,0.97951,0.9799,2.62,1.17
2015.01.15 16:22:35.267,0.9795,0.97988,2.32,1.00
2015.01.15 16:22:35.801,0.9795,0.9799,2.32,1.65
2015.01.15 16:22:35.852,0.9795,0.97981,2.32,1.00
2015.01.15 16:22:36.053,0.9795,0.97986,2.32,1.00
2015.01.15 16:22:36.154,0.9795,0.97986,2.32,1.37
2015.01.15 16:22:36.255,0.97946,0.97983,4.50,1.50
2015.01.15 16:22:36.306,0.97946,0.97981,2.32,1.57
2015.01.15 16:22:36.455,0.9794,0.9798,1.52,1.15
2015.01.15 16:22:36.911,0.97942,0.97981,2.32,3.07
2015.01.15 16:22:36.961,0.97943,0.97981,2.32,1.15
2015.01.15 16:22:37.319,0.97943,0.97979,2.25,2.02
2015.01.15 16:22:37.370,0.97939,0.97977,1.15,1.27
2015.01.15 16:22:37.420,0.97938,0.97976,2.25,1.65
2015.01.15 16:22:37.471,0.97937,0.97976,1.50,3.82
2015.01.15 16:22:38.693,0.97934,0.9797,2.70,1.00
2015.01.15 16:22:40.431,0.97934,0.97973,2.32,1.55
2015.01.15 16:22:41.740,0.97934,0.9797,3.07,1.07
2015.01.15 16:22:41.790,0.97934,0.9797,1.20,1.27
2015.01.15 16:22:42.771,0.97929,0.97964,4.50,1.00
2015.01.15 16:22:43.485,0.97935,0.97964,2.25,1.50
2015.01.15 16:22:43.586,0.97935,0.97969,2.92,1.00
2015.01.15 16:22:43.687,0.97935,0.97971,3.30,1.50
2015.01.15 16:22:44.191,0.97939,0.97977,1.20,2.70
2015.01.15 16:22:44.594,0.97943,0.97977,1.00,2.70
2015.01.15 16:22:46.228,0.97943,0.97979,1.07,4.20
2015.01.15 16:22:46.279,0.97943,0.97978,1.07,1.65
2015.01.15 16:22:46.639,0.97938,0.97976,1.05,2.32
2015.01.15 16:22:46.942,0.97939,0.97972,1.30,1.15
2015.01.15 16:22:47.096,0.97937,0.97973,2.10,2.32
2015.01.15 16:22:47.197,0.97937,0.97976,2.25,1.15
2015.01.15 16:22:47.660,0.97944,0.97979,1.00,5.25
2015.01.15 16:22:48.117,0.97942,0.97979,2.62,3.07
2015.01.15 16:22:48.168,0.97942,0.97981,2.70,2.77
2015.01.15 16:22:48.320,0.97949,0.97981,1.00,2.40
2015.01.15 16:22:49.838,0.97948,0.9798,1.00,1.65
2015.01.15 16:22:49.939,0.97948,0.97983,2.25,1.10
2015.01.15 16:22:49.989,0.97948,0.97981,2.25,1.00
2015.01.15 16:22:50.288,0.97948,0.97989,1.45,4.57
2015.01.15 16:22:50.389,0.97954,0.97989,1.00,2.32
2015.01.15 16:22:50.897,0.97953,0.97989,1.00,2.32
2015.01.15 16:22:51.413,0.97954,0.97989,1.00,3.82
2015.01.15 16:22:51.841,0.97954,0.97989,1.07,1.95
2015.01.15 16:22:51.892,0.97954,0.97991,1.15,2.02
2015.01.15 16:22:52.369,0.97952,0.97986,4.50,1.00
2015.01.15 16:22:52.671,0.97949,0.97986,1.50,1.00
2015.01.15 16:22:52.923,0.97947,0.97986,2.92,1.07
2015.01.15 16:22:53.175,0.97942,0.9798,2.62,2.32
2015.01.15 16:22:57.673,0.97937,0.97977,1.12,1.65
2015.01.15 16:22:58.851,0.97934,0.97976,4.50,1.15
2015.01.15 16:22:58.952,0.97934,0.97972,2.32,2.62
2015.01.15 16:22:59.003,0.97932,0.97972,1.87,3.45
2015.01.15 16:23:01.458,0.97929,0.97968,4.42,3.00
2015.01.15 16:23:01.981,0.97932,0.97967,1.72,1.15
2015.01.15 16:23:02.316,0.97937,0.97967,2.10,1.15
2015.01.15 16:23:02.581,0.97937,0.97971,2.17,4.27
2015.01.15 16:23:03.086,0.97934,0.97971,2.25,1.17
2015.01.15 16:23:04.967,0.97938,0.97971,2.17,1.10
2015.01.15 16:23:05.169,0.97943,0.97976,1.27,1.00
2015.01.15 16:23:05.698,0.97937,0.97974,1.12,1.15
2015.01.15 16:23:05.799,0.97936,0.97971,1.60,2.32
2015.01.15 16:23:06.835,0.97935,0.97968,2.10,1.65
2015.01.15 16:23:07.289,0.97929,0.97966,4.20,1.20
2015.01.15 16:23:07.794,0.97927,0.97967,1.75,2.40
2015.01.15 16:23:08.319,0.97928,0.97966,2.25,2.40
2015.01.15 16:23:08.621,0.97925,0.97961,2.32,1.50
2015.01.15 16:23:09.156,0.97925,0.9796,2.70,1.50
2015.01.15 16:23:09.665,0.97925,0.97961,2.70,1.00
2015.01.15 16:23:09.867,0.97927,0.97964,1.12,1.17
2015.01.15 16:23:10.018,0.97928,0.97964,4.87,1.00
2015.01.15 16:23:10.069,0.97928,0.97971,4.87,1.65
2015.01.15 16:23:10.170,0.97929,0.97966,1.17,2.25
2015.01.15 16:23:10.221,0.97929,0.97966,1.10,2.32
2015.01.15 16:23:15.664,0.97924,0.9796,2.62,2.25
2015.01.15 16:23:15.715,0.97922,0.9796,1.12,4.50
2015.01.15 16:23:15.968,0.9792,0.97956,2.17,1.27
2015.01.15 16:23:16.492,0.9792,0.97957,2.10,5.25
2015.01.15 16:23:17.016,0.9792,0.97951,2.47,1.00
2015.01.15 16:23:17.067,0.97919,0.97951,1.37,1.00
2015.01.15 16:23:17.118,0.97918,0.97957,1.65,6.37
2015.01.15 16:23:17.168,0.97916,0.97953,1.80,2.70
2015.01.15 16:23:17.219,0.97913,0.97953,3.37,4.87
2015.01.15 16:23:18.828,0.97914,0.97947,1.80,1.50
2015.01.15 16:23:19.261,0.97914,0.9795,1.70,4.20
2015.01.15 16:23:19.671,0.97913,0.97947,1.60,1.65
2015.01.15 16:23:20.504,0.97913,0.97943,1.00,1.57
2015.01.15 16:23:20.655,0.97903,0.97943,3.00,2.02
2015.01.15 16:23:20.706,0.97903,0.9794,3.30,2.62
2015.01.15 16:23:20.807,0.97903,0.97939,1.00,2.02
2015.01.15 16:23:20.958,0.97904,0.97934,1.00,1.57
2015.01.15 16:23:21.261,0.97903,0.97934,1.00,2.32
2015.01.15 16:23:21.413,0.97903,0.97936,1.00,2.32
2015.01.15 16:23:21.514,0.97903,0.97938,1.00,2.02
2015.01.15 16:23:23.883,0.97906,0.97937,2.47,1.65
2015.01.15 16:23:24.089,0.97906,0.97944,2.47,4.87
2015.01.15 16:23:24.241,0.97908,0.97944,1.05,2.32
2015.01.15 16:23:24.291,0.97908,0.97948,1.12,5.25
2015.01.15 16:23:25.620,0.97913,0.97948,1.00,5.62
2015.01.15 16:23:25.821,0.97908,0.97948,2.25,5.62
2015.01.15 16:23:26.122,0.9791,0.97948,1.87,4.50
2015.01.15 16:23:26.526,0.97919,0.97948,1.05,2.25
2015.01.15 16:23:26.577,0.9792,0.97951,1.37,1.00
2015.01.15 16:23:26.628,0.9792,0.97957,1.37,1.15
2015.01.15 16:23:26.780,0.97919,0.97961,5.10,1.65
2015.01.15 16:23:26.831,0.97919,0.97958,5.92,2.32
2015.01.15 16:23:26.882,0.97919,0.97958,3.75,2.32
2015.01.15 16:23:27.034,0.97919,0.9796,5.92,2.32
2015.01.15 16:23:27.538,0.97919,0.97961,7.35,4.50
2015.01.15 16:23:28.060,0.97923,0.97961,3.82,2.32
2015.01.15 16:23:28.263,0.97924,0.97959,1.55,2.32
2015.01.15 16:23:28.464,0.97925,0.97961,2.40,1.15
2015.01.15 16:23:28.565,0.97925,0.9796,1.57,2.32
2015.01.15 16:23:28.868,0.97918,0.97957,3.67,2.32
2015.01.15 16:23:29.170,0.97918,0.97954,1.87,2.32
2015.01.15 16:23:29.472,0.97919,0.97957,1.75,2.32
2015.01.15 16:23:29.624,0.9792,0.97961,5.10,5.25
2015.01.15 16:23:29.674,0.9792,0.97957,2.92,2.32
2015.01.15 16:23:29.725,0.97919,0.97956,1.75,2.32
2015.01.15 16:23:29.826,0.97921,0.9796,2.32,2.32
2015.01.15 16:23:29.876,0.97921,0.97958,2.32,2.32
2015.01.15 16:23:29.927,0.97918,0.97956,2.25,1.15
2015.01.15 16:23:30.690,0.97917,0.97955,2.32,3.82
2015.01.15 16:23:30.741,0.97913,0.97954,3.45,2.32
2015.01.15 16:23:31.112,0.97917,0.97954,2.32,2.32
2015.01.15 16:23:31.163,0.97918,0.97956,2.32,2.32
2015.01.15 16:23:31.649,0.9792,0.97956,2.92,1.17
2015.01.15 16:23:32.184,0.9792,0.97957,2.92,4.57
2015.01.15 16:23:32.234,0.97918,0.97957,3.37,6.75
2015.01.15 16:23:32.784,0.97916,0.97956,6.75,1.15
2015.01.15 16:23:33.127,0.97921,0.97957,1.12,5.25
2015.01.15 16:23:33.279,0.97922,0.97957,1.12,1.15
2015.01.15 16:23:33.883,0.97919,0.97957,2.32,2.32
2015.01.15 16:23:33.934,0.97917,0.97956,2.25,2.32
2015.01.15 16:23:34.141,0.97917,0.97952,1.00,1.15
2015.01.15 16:23:34.658,0.97919,0.97953,1.00,6.00
2015.01.15 16:23:34.859,0.97917,0.97952,1.00,1.15
2015.01.15 16:23:35.805,0.97916,0.97951,1.12,1.07
2015.01.15 16:23:36.107,0.97918,0.97951,3.30,1.07
2015.01.15 16:23:36.412,0.97923,0.97952,1.17,1.10
2015.01.15 16:23:36.564,0.97923,0.97952,1.77,1.10
2015.01.15 16:23:37.137,0.97924,0.97951,1.70,1.00
2015.01.15 16:23:37.825,0.97922,0.97957,2.62,2.32
2015.01.15 16:23:37.876,0.97922,0.97957,1.45,2.32
2015.01.15 16:23:37.977,0.97923,0.97958,2.02,2.32
2015.01.15 16:23:38.027,0.97923,0.97961,2.02,2.32
2015.01.15 16:23:38.078,0.97927,0.97961,2.17,2.32
2015.01.15 16:23:38.280,0.97927,0.97961,2.17,1.15
2015.01.15 16:23:38.331,0.97927,0.97961,1.12,1.15
2015.01.15 16:23:38.432,0.97928,0.97964,1.82,1.65
2015.01.15 16:23:38.533,0.97928,0.97967,4.05,3.07
2015.01.15 16:23:38.583,0.97931,0.97966,2.70,1.15
2015.01.15 16:23:38.634,0.97931,0.97966,2.32,1.17
2015.01.15 16:23:38.685,0.9793,0.97966,2.70,3.07
2015.01.15 16:23:38.735,0.97928,0.97966,1.50,3.07
2015.01.15 16:23:39.194,0.97927,0.97962,1.12,2.32
2015.01.15 16:23:39.245,0.97927,0.97962,1.12,2.32
2015.01.15 16:23:39.498,0.97923,0.9796,2.25,2.32
2015.01.15 16:23:39.800,0.97923,0.97951,2.25,1.00
2015.01.15 16:23:40.645,0.97917,0.97951,1.50,1.00
2015.01.15 16:23:41.451,0.97917,0.97952,1.45,1.20
2015.01.15 16:23:43.408,0.97917,0.97951,1.45,1.00
2015.01.15 16:23:44.615,0.97917,0.97951,1.12,1.15
2015.01.15 16:23:45.069,0.97917,0.97946,1.12,1.00
2015.01.15 16:23:45.272,0.97916,0.97946,1.12,1.17
2015.01.15 16:23:46.013,0.97911,0.97947,2.70,1.15
2015.01.15 16:23:46.064,0.9791,0.97947,1.12,1.15
2015.01.15 16:23:47.641,0.97905,0.97944,4.42,2.32
2015.01.15 16:23:48.015,0.97905,0.97941,2.25,2.32
2015.01.15 16:23:48.887,0.97903,0.97941,3.45,2.32
2015.01.15 16:23:48.988,0.97903,0.97938,1.07,2.32
2015.01.15 16:23:49.140,0.97904,0.97931,1.10,1.00
2015.01.15 16:23:50.220,0.97904,0.97931,1.70,1.00
2015.01.15 16:23:50.648,0.97902,0.97936,1.77,1.65
2015.01.15 16:23:50.748,0.97903,0.97938,2.92,2.02
2015.01.15 16:23:50.849,0.97899,0.97937,2.02,2.02
2015.01.15 16:23:50.951,0.97895,0.97927,2.02,1.65
2015.01.15 16:23:51.052,0.97894,0.97927,1.45,1.65
2015.01.15 16:23:51.606,0.97895,0.97929,2.25,2.32
2015.01.15 16:23:51.758,0.97898,0.97932,1.12,2.40
2015.01.15 16:23:51.860,0.97899,0.97934,2.70,2.02
2015.01.15 16:23:52.185,0.97896,0.97936,5.25,4.50
2015.01.15 16:23:53.349,0.97896,0.97934,2.70,2.32
2015.01.15 16:23:53.400,0.97894,0.97934,1.87,4.50
2015.01.15 16:23:57.241,0.97896,0.97934,2.70,2.70
2015.01.15 16:23:57.291,0.97896,0.97937,4.87,7.12
2015.01.15 16:23:58.262,0.97901,0.97936,2.25,2.02
2015.01.15 16:23:59.212,0.97904,0.97936,1.00,1.15
2015.01.15 16:23:59.464,0.97902,0.9794,2.92,2.32
2015.01.15 16:23:59.796,0.97904,0.97942,2.92,5.70
2015.01.15 16:24:03.475,0.97904,0.97941,2.92,2.70
2015.01.15 16:24:03.526,0.97901,0.97941,2.25,4.87
2015.01.15 16:24:04.348,0.97901,0.97937,2.25,2.02
2015.01.15 16:24:04.399,0.97901,0.97937,2.25,2.02
2015.01.15 16:24:05.027,0.97901,0.97937,2.25,6.07
2015.01.15 16:24:10.935,0.97904,0.97936,1.45,1.87
2015.01.15 16:24:10.986,0.97904,0.97937,1.45,1.20
2015.01.15 16:24:11.036,0.97906,0.97937,2.32,1.12
2015.01.15 16:24:11.087,0.97906,0.97939,2.92,1.00
2015.01.15 16:24:11.440,0.97904,0.97939,4.05,1.57
2015.01.15 16:24:11.742,0.97903,0.97938,1.77,4.20
2015.01.15 16:24:12.079,0.97903,0.97934,1.17,1.65
2015.01.15 16:24:13.307,0.97907,0.97937,1.30,1.65
2015.01.15 16:24:13.408,0.97907,0.97941,1.12,1.15
2015.01.15 16:24:13.458,0.97908,0.97941,2.70,1.65
2015.01.15 16:24:13.509,0.97909,0.97941,1.27,1.57
2015.01.15 16:24:13.661,0.97913,0.97946,2.25,1.57
2015.01.15 16:24:13.711,0.97913,0.9795,4.50,1.52
2015.01.15 16:24:14.165,0.97917,0.97951,2.32,1.17
2015.01.15 16:24:14.216,0.97917,0.97951,2.32,1.10
2015.01.15 16:24:22.568,0.97914,0.97952,1.15,2.32
2015.01.15 16:24:22.870,0.9792,0.97954,2.92,1.10
2015.01.15 16:24:23.173,0.97918,0.97956,2.25,2.32
2015.01.15 16:24:23.508,0.97917,0.97951,2.32,1.17
2015.01.15 16:24:23.558,0.97914,0.97951,2.92,1.15
2015.01.15 16:24:23.958,0.97918,0.97953,2.32,1.45
2015.01.15 16:24:24.260,0.97921,0.97957,2.32,1.17
2015.01.15 16:24:26.465,0.97924,0.97961,2.32,1.65
2015.01.15 16:24:26.767,0.97924,0.97956,2.32,1.00
2015.01.15 16:24:27.306,0.97924,0.97957,2.32,1.00
2015.01.15 16:24:27.814,0.97924,0.97956,2.32,1.00
2015.01.15 16:24:28.016,0.9792,0.97956,4.87,1.20
2015.01.15 16:24:28.879,0.97918,0.97956,3.07,2.32
2015.01.15 16:24:30.583,0.97915,0.97954,3.30,2.32
2015.01.15 16:24:32.543,0.97922,0.97954,2.10,2.32
2015.01.15 16:24:32.593,0.97923,0.97955,1.12,1.10
2015.01.15 16:24:32.896,0.97926,0.97962,2.25,1.15
2015.01.15 16:24:33.403,0.97926,0.97961,5.47,1.00
2015.01.15 16:24:34.667,0.97926,0.97967,4.50,6.00
2015.01.15 16:24:34.970,0.97924,0.97962,3.82,1.15
2015.01.15 16:24:36.820,0.97924,0.97956,2.25,2.25
2015.01.15 16:24:36.921,0.9792,0.97956,2.02,4.87
2015.01.15 16:24:37.022,0.97917,0.97952,1.12,2.02
2015.01.15 16:24:37.124,0.97913,0.97952,2.32,4.57
2015.01.15 16:24:37.224,0.97915,0.97952,2.32,2.32
2015.01.15 16:24:37.326,0.97916,0.97953,2.32,1.15
2015.01.15 16:24:38.843,0.97918,0.97955,3.67,2.32
2015.01.15 16:24:39.046,0.97925,0.97962,5.25,1.15
2015.01.15 16:24:39.098,0.97928,0.97962,2.32,1.07
2015.01.15 16:24:39.250,0.9793,0.97964,2.32,1.10
2015.01.15 16:24:39.401,0.97933,0.97966,2.32,1.07
2015.01.15 16:24:39.502,0.97934,0.97966,2.32,1.00
2015.01.15 16:24:40.311,0.9793,0.97966,5.47,1.20
2015.01.15 16:24:40.846,0.97932,0.97966,2.70,1.10
2015.01.15 16:24:41.148,0.97936,0.97972,2.32,1.65
2015.01.15 16:24:41.734,0.97938,0.97972,2.32,1.57
2015.01.15 16:24:41.792,0.97939,0.97972,2.32,1.57
2015.01.15 16:24:41.893,0.97942,0.97977,2.32,1.20
2015.01.15 16:24:42.095,0.97938,0.97977,2.70,1.27
2015.01.15 16:24:44.354,0.97943,0.97979,2.32,2.70
2015.01.15 16:24:44.405,0.97944,0.9798,2.70,1.52
2015.01.15 16:24:44.455,0.97946,0.97982,2.32,1.27
2015.01.15 16:24:44.506,0.97947,0.97982,2.32,1.27
2015.01.15 16:24:45.937,0.97955,0.97984,2.32,1.00
2015.01.15 16:24:46.038,0.97952,0.97985,2.70,1.00
2015.01.15 16:24:46.139,0.97949,0.97985,1.65,1.15
2015.01.15 16:24:46.240,0.97951,0.97988,2.70,2.02
2015.01.15 16:24:46.341,0.97954,0.97987,1.05,3.82
2015.01.15 16:24:46.511,0.97949,0.97987,3.07,2.32
2015.01.15 16:24:47.236,0.9795,0.97986,2.70,1.10
2015.01.15 16:24:49.402,0.9795,0.97984,2.32,1.87
2015.01.15 16:24:49.704,0.97941,0.9798,2.70,2.70
2015.01.15 16:24:50.158,0.97945,0.9798,1.65,1.17
2015.01.15 16:24:50.693,0.97945,0.97981,2.25,1.15
2015.01.15 16:24:51.252,0.97945,0.97981,2.25,5.62
2015.01.15 16:24:51.353,0.97944,0.97981,2.02,1.15
2015.01.15 16:24:51.830,0.97942,0.9798,2.25,5.62
2015.01.15 16:24:52.648,0.97939,0.97976,4.87,2.32
2015.01.15 16:24:53.926,0.97936,0.97971,4.20,2.25
2015.01.15 16:24:53.977,0.97933,0.97971,3.82,3.07
2015.01.15 16:24:54.028,0.97933,0.97965,1.45,2.25
2015.01.15 16:24:54.128,0.9793,0.97962,1.47,2.32
2015.01.15 16:24:54.229,0.97927,0.97962,1.45,2.32
2015.01.15 16:24:54.431,0.97927,0.97961,1.05,1.15
2015.01.15 16:24:54.856,0.97924,0.97959,2.17,2.32
2015.01.15 16:24:54.907,0.97923,0.97959,2.92,2.32
2015.01.15 16:24:54.958,0.97922,0.97958,1.12,2.32
2015.01.15 16:24:55.260,0.97921,0.97954,2.10,2.32
2015.01.15 16:24:55.524,0.97919,0.97954,1.77,2.32
2015.01.15 16:24:56.079,0.97915,0.97954,3.67,2.32
2015.01.15 16:24:56.431,0.97914,0.97951,4.80,3.07
2015.01.15 16:24:56.948,0.97914,0.97951,2.62,3.07
2015.01.15 16:24:57.406,0.9793,0.97951,2.10,3.07
2015.01.15 16:24:57.457,0.9793,0.97951,2.10,1.17
2015.01.15 16:24:57.608,0.9793,0.97957,2.10,1.27
2015.01.15 16:24:57.860,0.97927,0.9796,1.60,2.32
2015.01.15 16:24:58.214,0.97924,0.97959,1.17,1.65
2015.01.15 16:24:58.264,0.97924,0.97956,1.00,2.32
2015.01.15 16:24:58.416,0.9792,0.97956,2.02,2.32
2015.01.15 16:24:58.858,0.97926,0.97956,2.10,2.32
2015.01.15 16:24:58.960,0.97926,0.97959,2.10,2.32
2015.01.15 16:24:59.061,0.97926,0.97961,2.25,1.15
2015.01.15 16:24:59.749,0.9793,0.97965,2.25,1.15
2015.01.15 16:24:59.859,0.97933,0.97968,2.10,4.87
2015.01.15 16:25:00.779,0.97934,0.97966,1.12,1.07
2015.01.15 16:25:05.685,0.97929,0.97966,1.65,1.15
2015.01.15 16:25:05.787,0.97929,0.97965,1.47,2.32
2015.01.15 16:25:05.887,0.97928,0.97965,1.50,2.32
2015.01.15 16:25:06.089,0.97924,0.97961,1.52,2.32
2015.01.15 16:25:06.634,0.97924,0.97961,1.52,2.32
2015.01.15 16:25:06.937,0.97925,0.97963,2.70,2.32
2015.01.15 16:25:07.603,0.97924,0.97961,1.52,2.32
2015.01.15 16:25:07.881,0.97929,0.97961,1.00,2.32
2015.01.15 16:25:07.984,0.97926,0.97961,1.57,3.07
2015.01.15 16:25:08.535,0.97928,0.97961,1.00,2.32
2015.01.15 16:25:09.206,0.97929,0.97964,1.65,2.32
2015.01.15 16:25:09.408,0.97933,0.97966,1.50,1.15
2015.01.15 16:25:09.509,0.97935,0.97968,1.50,2.32
2015.01.15 16:25:09.820,0.97935,0.9797,1.65,2.32
2015.01.15 16:25:11.878,0.97936,0.97969,1.57,2.32
2015.01.15 16:25:12.029,0.97932,0.97969,2.02,2.32
2015.01.15 16:25:12.382,0.97934,0.97966,1.95,1.17
2015.01.15 16:25:12.756,0.97928,0.97966,1.82,2.32
2015.01.15 16:25:13.722,0.97924,0.97961,2.70,1.15
2015.01.15 16:25:14.024,0.97922,0.9796,2.02,2.32
2015.01.15 16:25:19.211,0.97921,0.97951,2.32,1.00
2015.01.15 16:25:19.527,0.97921,0.97957,2.32,1.17
2015.01.15 16:25:19.628,0.97921,0.97951,2.32,1.00
2015.01.15 16:25:20.609,0.97921,0.97957,2.70,1.17
2015.01.15 16:25:32.447,0.97926,0.97957,2.02,1.00
2015.01.15 16:25:33.828,0.97924,0.97956,2.70,1.00
2015.01.15 16:25:35.685,0.97924,0.97957,4.57,1.00
2015.01.15 16:25:36.338,0.97924,0.97956,3.07,1.00
2015.01.15 16:25:39.078,0.97924,0.97962,3.07,1.52
2015.01.15 16:25:39.340,0.97927,0.97965,2.70,3.45
2015.01.15 16:25:39.467,0.97935,0.97966,2.02,1.20
2015.01.15 16:25:40.152,0.97935,0.97967,2.02,1.15
2015.01.15 16:25:40.431,0.97935,0.97967,2.02,1.07
2015.01.15 16:25:40.955,0.97935,0.97967,2.02,1.00
2015.01.15 16:25:41.160,0.97935,0.97967,1.57,1.17
2015.01.15 16:25:41.211,0.97931,0.97967,1.27,1.55
2015.01.15 16:25:41.826,0.9793,0.97961,3.07,1.00
2015.01.15 16:25:42.375,0.97931,0.97962,2.40,1.00
2015.01.15 16:25:43.175,0.97931,0.97967,2.40,1.55
2015.01.15 16:25:43.587,0.97931,0.97962,2.40,1.00
2015.01.15 16:25:47.691,0.97933,0.97961,1.27,1.00
2015.01.15 16:25:48.321,0.97933,0.97961,1.27,1.00
2015.01.15 16:25:48.868,0.9793,0.97961,3.45,1.00
2015.01.15 16:25:49.656,0.9793,0.97966,3.45,1.10
2015.01.15 16:25:49.858,0.97935,0.97961,1.95,1.00
2015.01.15 16:25:53.470,0.97935,0.97961,1.95,1.00
2015.01.15 16:25:54.571,0.97931,0.97961,2.77,1.00
2015.01.15 16:25:56.786,0.97932,0.97961,1.27,1.00
2015.01.15 16:25:57.200,0.97931,0.97961,2.40,1.00
2015.01.15 16:25:57.380,0.97932,0.97961,1.27,1.00
2015.01.15 16:25:59.229,0.97933,0.97961,1.52,1.00
2015.01.15 16:25:59.650,0.97933,0.97956,1.27,1.00
2015.01.15 16:26:01.615,0.97934,0.97956,1.27,1.00
2015.01.15 16:26:01.978,0.97934,0.97962,2.77,1.00
2015.01.15 16:26:03.069,0.97933,0.97962,2.77,1.00
2015.01.15 16:26:03.570,0.97935,0.97962,2.02,1.00
2015.01.15 16:26:04.043,0.97935,0.97962,1.57,2.85
2015.01.15 16:26:04.144,0.97929,0.97962,2.40,2.85
2015.01.15 16:26:04.245,0.97926,0.97957,3.07,1.00
2015.01.15 16:26:04.598,0.97925,0.97941,2.25,1.00
2015.01.15 16:26:04.648,0.9792,0.97941,1.27,1.00
2015.01.15 16:26:04.750,0.97918,0.97941,1.52,1.00
2015.01.15 16:26:05.153,0.97916,0.97946,2.40,1.00
2015.01.15 16:26:05.355,0.97911,0.97941,3.45,1.00
2015.01.15 16:26:05.981,0.9791,0.97941,2.70,1.00
2015.01.15 16:26:06.032,0.97908,0.97941,1.65,1.00
2015.01.15 16:26:06.133,0.97907,0.97946,3.82,1.17
2015.01.15 16:26:06.183,0.97911,0.97946,2.25,1.10
2015.01.15 16:26:06.486,0.97911,0.97941,2.70,1.00
2015.01.15 16:26:06.688,0.97906,0.97941,2.32,1.07
2015.01.15 16:26:06.789,0.97905,0.97944,1.17,2.92
2015.01.15 16:26:06.941,0.97906,0.97945,2.62,2.02
2015.01.15 16:26:07.042,0.97906,0.97946,3.07,1.15
2015.01.15 16:26:07.355,0.97914,0.97948,1.07,1.27
2015.01.15 16:26:07.456,0.97914,0.97951,1.15,1.65
2015.01.15 16:26:08.415,0.97914,0.97951,1.52,1.15
2015.01.15 16:26:08.919,0.97915,0.97947,2.02,1.00
2015.01.15 16:26:09.020,0.97915,0.97947,2.02,1.00
2015.01.15 16:26:09.323,0.97915,0.9795,1.65,2.25
2015.01.15 16:26:09.726,0.97908,0.97947,2.40,1.75
2015.01.15 16:26:09.877,0.97907,0.97942,3.07,1.00
2015.01.15 16:26:10.130,0.97911,0.97947,1.57,1.75
2015.01.15 16:26:10.583,0.97911,0.97946,2.25,1.42
2015.01.15 16:26:10.885,0.97919,0.97946,1.20,1.00
2015.01.15 16:26:11.446,0.97914,0.97942,4.50,1.00
2015.01.15 16:26:11.660,0.9791,0.97946,4.87,1.60
2015.01.15 16:26:11.761,0.9791,0.97946,5.25,1.00
2015.01.15 16:26:13.425,0.97919,0.97946,1.00,1.00
2015.01.15 16:26:14.678,0.97919,0.97946,1.00,1.15
2015.01.15 16:26:16.173,0.97909,0.97947,2.02,1.15
2015.01.15 16:26:17.588,0.97907,0.97941,4.95,1.00
2015.01.15 16:26:17.974,0.97914,0.97941,1.00,1.00
2015.01.15 16:26:19.365,0.97909,0.97946,1.52,1.75
2015.01.15 16:26:19.883,0.97908,0.97945,1.20,2.92
2015.01.15 16:26:20.287,0.97908,0.97945,1.47,3.67
2015.01.15 16:26:20.489,0.97909,0.97945,1.00,3.30
2015.01.15 16:26:20.993,0.97908,0.97945,1.10,2.70
2015.01.15 16:26:21.043,0.97906,0.97942,1.45,2.32
2015.01.15 16:26:21.396,0.97901,0.97941,1.27,2.32
2015.01.15 16:26:22.283,0.97905,0.97941,1.50,3.82
2015.01.15 16:26:22.807,0.97904,0.97941,1.57,3.07
2015.01.15 16:26:23.333,0.97905,0.97941,1.87,2.32
2015.01.15 16:26:23.561,0.97906,0.97941,1.87,2.32
2015.01.15 16:26:23.669,0.97906,0.97944,2.02,1.15
2015.01.15 16:26:24.213,0.97909,0.97945,1.00,2.70
2015.01.15 16:26:25.875,0.97909,0.97945,1.37,3.82
2015.01.15 16:26:26.388,0.97914,0.97946,1.37,2.32
2015.01.15 16:26:26.490,0.97914,0.97949,2.70,1.12
2015.01.15 16:26:26.691,0.97917,0.97946,1.87,1.00
2015.01.15 16:26:27.234,0.97919,0.97946,1.00,1.00
2015.01.15 16:26:27.592,0.97915,0.97952,1.65,1.75
2015.01.15 16:26:27.844,0.97914,0.97946,2.02,1.00
2015.01.15 16:26:28.147,0.97919,0.97946,1.00,1.00
2015.01.15 16:26:31.009,0.97914,0.97951,1.27,1.87
2015.01.15 16:26:31.110,0.97914,0.9795,1.12,2.70
2015.01.15 16:26:33.567,0.97913,0.97942,1.47,2.25
2015.01.15 16:26:33.668,0.9791,0.97937,1.00,2.25
2015.01.15 16:26:33.769,0.97908,0.97937,1.00,2.25
2015.01.15 16:26:34.300,0.97909,0.97936,1.00,1.70
2015.01.15 16:26:34.857,0.97901,0.97937,2.77,3.00
2015.01.15 16:26:35.059,0.97901,0.97933,1.87,2.25
2015.01.15 16:26:35.160,0.97899,0.97934,1.00,4.50
2015.01.15 16:26:35.211,0.97909,0.97934,1.00,4.50
2015.01.15 16:26:35.362,0.97909,0.97936,1.00,3.07
2015.01.15 16:26:35.564,0.97908,0.97937,1.12,1.15
2015.01.15 16:26:36.103,0.97909,0.97936,1.00,1.17
2015.01.15 16:26:37.077,0.97908,0.97937,1.00,1.15
2015.01.15 16:26:37.949,0.97909,0.97936,1.00,1.17
2015.01.15 16:26:39.159,0.97908,0.97937,1.00,1.15
2015.01.15 16:26:39.361,0.97914,0.9794,1.00,2.32
2015.01.15 16:26:39.525,0.97914,0.97941,1.00,1.87
2015.01.15 16:26:39.676,0.97914,0.97937,1.00,2.17
2015.01.15 16:26:39.751,0.97909,0.97937,1.00,2.25
2015.01.15 16:26:39.953,0.97909,0.97935,1.00,1.12
2015.01.15 16:26:40.616,0.97908,0.97935,1.00,1.45
2015.01.15 16:26:41.367,0.97904,0.97935,1.00,2.25
2015.01.15 16:26:41.518,0.97904,0.97935,1.00,2.17
2015.01.15 16:26:41.569,0.97904,0.97937,1.12,1.27
2015.01.15 16:26:41.669,0.97901,0.97937,4.57,1.10
2015.01.15 16:26:41.720,0.97901,0.97941,4.57,1.45
2015.01.15 16:26:41.771,0.97906,0.97942,2.62,1.67
2015.01.15 16:26:42.354,0.97906,0.97944,3.82,2.25
2015.01.15 16:26:42.513,0.97905,0.97944,3.15,3.00
2015.01.15 16:26:43.939,0.97904,0.97936,1.65,1.00
2015.01.15 16:26:44.206,0.97902,0.97943,4.87,1.27
2015.01.15 16:26:44.307,0.97906,0.97945,2.32,2.02
2015.01.15 16:26:44.609,0.97913,0.97948,2.40,1.00
2015.01.15 16:26:45.144,0.97914,0.97951,1.65,1.15
2015.01.15 16:26:48.972,0.97914,0.97952,1.65,2.62
2015.01.15 16:26:49.375,0.9791,0.97948,2.32,2.25
2015.01.15 16:26:49.425,0.97909,0.97943,1.15,1.95
2015.01.15 16:26:49.476,0.97909,0.97943,1.15,1.57
2015.01.15 16:26:49.527,0.97908,0.97943,1.00,4.20
2015.01.15 16:26:49.628,0.97904,0.97938,1.50,1.45
2015.01.15 16:26:49.679,0.97902,0.9794,2.62,5.47
2015.01.15 16:26:49.753,0.97902,0.9794,2.02,1.12
2015.01.15 16:26:49.955,0.97899,0.97938,2.02,2.32
2015.01.15 16:26:51.399,0.97896,0.97932,2.70,1.00
2015.01.15 16:26:52.062,0.97896,0.97932,2.32,1.37
2015.01.15 16:26:52.214,0.97894,0.97932,2.02,1.65
2015.01.15 16:26:54.339,0.97896,0.97931,2.32,1.00
2015.01.15 16:26:55.833,0.97896,0.9793,2.32,2.10
2015.01.15 16:26:55.934,0.97894,0.9793,2.70,2.17
2015.01.15 16:26:56.036,0.97893,0.9793,2.02,2.62
2015.01.15 16:26:57.890,0.9789,0.97931,2.70,2.40
2015.01.15 16:26:58.041,0.97894,0.97931,2.32,1.00
2015.01.15 16:26:58.563,0.97894,0.97932,4.20,1.35
2015.01.15 16:26:59.185,0.97896,0.97932,2.02,1.35
2015.01.15 16:26:59.707,0.97899,0.97933,1.10,1.05
2015.01.15 16:27:00.027,0.97899,0.97933,1.00,1.12
2015.01.15 16:27:00.077,0.97894,0.97931,1.55,1.15
2015.01.15 16:27:00.335,0.97894,0.97931,2.77,1.15
2015.01.15 16:27:00.638,0.97898,0.97933,1.17,1.05
2015.01.15 16:27:01.151,0.97899,0.97932,1.65,1.00
2015.01.15 16:27:01.202,0.97899,0.97939,1.65,3.75
2015.01.15 16:27:01.315,0.97901,0.97937,1.65,1.00
2015.01.15 16:27:01.569,0.97897,0.97937,1.52,1.45
2015.01.15 16:27:05.008,0.97897,0.97937,1.65,3.00
2015.01.15 16:27:05.058,0.97894,0.9793,1.00,3.30
2015.01.15 16:27:05.210,0.97892,0.9793,1.12,2.92
2015.01.15 16:27:05.613,0.97886,0.97921,5.25,1.00
2015.01.15 16:27:06.666,0.97886,0.97922,3.00,1.00
2015.01.15 16:27:07.894,0.97886,0.97925,3.00,1.05
2015.01.15 16:27:08.247,0.97886,0.97925,3.75,2.70
2015.01.15 16:27:09.557,0.97889,0.97925,2.32,1.50
2015.01.15 16:27:10.969,0.97889,0.97927,2.32,1.12
2015.01.15 16:27:11.477,0.97888,0.97927,3.45,1.65
2015.01.15 16:27:16.793,0.97887,0.97926,2.70,1.12
2015.01.15 16:27:16.995,0.97885,0.97924,2.02,1.12
2015.01.15 16:27:18.167,0.97886,0.97923,2.70,1.07
2015.01.15 16:27:18.217,0.97886,0.97923,4.87,1.00
2015.01.15 16:27:18.721,0.97888,0.97928,2.02,2.62
2015.01.15 16:27:18.923,0.97886,0.97926,3.45,2.92
2015.01.15 16:27:18.973,0.97886,0.97924,1.17,1.12
2015.01.15 16:27:19.024,0.97886,0.97923,1.17,2.62
2015.01.15 16:27:20.219,0.97887,0.97922,2.25,1.20
2015.01.15 16:27:20.622,0.97887,0.97926,2.70,1.15
2015.01.15 16:27:20.823,0.97887,0.97925,2.70,1.55
2015.01.15 16:27:21.426,0.97887,0.97925,3.45,1.55
2015.01.15 16:27:21.962,0.97887,0.97928,3.45,2.77
2015.01.15 16:27:23.379,0.97887,0.97925,2.70,2.40
2015.01.15 16:27:23.839,0.97886,0.97917,2.32,1.35
2015.01.15 16:27:23.890,0.97883,0.97917,4.87,1.35
2015.01.15 16:27:23.992,0.97879,0.97917,3.82,1.50
2015.01.15 16:27:24.875,0.9788,0.97916,2.02,1.07
2015.01.15 16:27:24.927,0.9788,0.97916,1.95,1.52
2015.01.15 16:27:28.104,0.97879,0.97916,2.02,1.52
2015.01.15 16:27:28.386,0.9788,0.97918,2.02,2.62
2015.01.15 16:27:28.712,0.97884,0.97918,1.47,1.45
2015.01.15 16:27:29.236,0.97884,0.97919,1.47,1.12
2015.01.15 16:27:30.123,0.9788,0.97918,2.40,1.12
2015.01.15 16:27:30.652,0.97879,0.97916,4.20,1.10
2015.01.15 16:27:31.415,0.97879,0.97916,2.70,1.47
2015.01.15 16:27:32.043,0.97879,0.97916,4.57,1.47
2015.01.15 16:27:35.105,0.97879,0.97916,4.57,1.10
2015.01.15 16:27:35.407,0.97884,0.9792,1.57,1.12
2015.01.15 16:27:35.609,0.97884,0.97921,3.15,1.45
2015.01.15 16:27:36.115,0.97886,0.97921,2.40,1.07
2015.01.15 16:27:37.956,0.97886,0.97921,2.02,1.20
2015.01.15 16:27:39.519,0.97886,0.97921,2.02,1.07
2015.01.15 16:27:40.191,0.97889,0.97925,1.87,2.70
2015.01.15 16:27:41.358,0.97889,0.97925,1.37,2.32
2015.01.15 16:27:45.465,0.97887,0.97925,1.45,2.32
2015.01.15 16:27:45.616,0.97889,0.97921,1.00,2.32
2015.01.15 16:27:45.717,0.97889,0.97926,1.10,2.32
2015.01.15 16:27:45.768,0.97891,0.97926,1.50,2.32
2015.01.15 16:27:45.819,0.97891,0.97927,1.65,2.40
2015.01.15 16:27:45.920,0.97893,0.97928,1.65,2.62
2015.01.15 16:27:46.230,0.97885,0.9792,1.57,1.65
2015.01.15 16:27:46.565,0.97888,0.97922,1.00,4.42
2015.01.15 16:27:46.616,0.97886,0.97922,1.50,5.17
2015.01.15 16:27:46.717,0.97885,0.9792,1.57,3.82
2015.01.15 16:27:47.019,0.97888,0.97922,1.50,1.87
2015.01.15 16:27:47.393,0.97885,0.97923,1.65,2.92
2015.01.15 16:27:47.443,0.97885,0.97925,1.65,4.50
2015.01.15 16:27:47.963,0.97884,0.97917,2.32,1.50
2015.01.15 16:27:48.064,0.97883,0.97917,1.15,1.57
2015.01.15 16:27:48.215,0.97886,0.9792,1.65,1.07
2015.01.15 16:27:48.367,0.97889,0.97922,1.17,1.12
2015.01.15 16:27:49.304,0.97888,0.9792,1.15,1.50
2015.01.15 16:27:49.882,0.97888,0.97922,1.15,2.62
2015.01.15 16:27:53.182,0.97889,0.97924,1.65,1.65
2015.01.15 16:27:53.283,0.97889,0.97925,3.45,1.87
2015.01.15 16:27:53.334,0.97889,0.97924,4.95,2.47
2015.01.15 16:27:53.384,0.97889,0.97924,2.32,2.25
2015.01.15 16:27:53.586,0.97889,0.97922,1.10,2.17
2015.01.15 16:27:54.175,0.9789,0.97922,1.65,2.10
2015.01.15 16:27:54.225,0.9789,0.97925,1.65,2.10
2015.01.15 16:27:54.326,0.9789,0.97921,1.65,1.00
2015.01.15 16:27:54.377,0.97887,0.97921,2.02,1.10
2015.01.15 16:27:56.160,0.97888,0.97926,2.70,3.45
2015.01.15 16:27:56.211,0.97889,0.97926,2.70,1.27
2015.01.15 16:27:56.463,0.97889,0.97927,3.00,2.02
2015.01.15 16:27:56.514,0.97889,0.97926,1.10,2.70
2015.01.15 16:27:57.206,0.97888,0.97926,2.02,1.20
2015.01.15 16:27:57.823,0.97887,0.97925,4.87,1.87
2015.01.15 16:27:58.030,0.97887,0.97923,4.87,1.50
2015.01.15 16:27:58.346,0.97887,0.97925,4.87,1.50
2015.01.15 16:27:58.804,0.97893,0.97931,2.02,1.15
2015.01.15 16:27:59.157,0.97899,0.97932,1.00,1.75
2015.01.15 16:27:59.208,0.97899,0.97934,1.27,2.17
2015.01.15 16:27:59.814,0.97899,0.97928,1.00,2.10
2015.01.15 16:28:00.318,0.97899,0.97928,1.45,2.10
2015.01.15 16:28:00.368,0.97898,0.97935,2.70,2.25
2015.01.15 16:28:00.419,0.97898,0.97935,2.77,2.25
2015.01.15 16:28:00.570,0.97904,0.97937,1.00,3.15
2015.01.15 16:28:00.722,0.97904,0.97937,1.10,1.50
2015.01.15 16:28:00.974,0.97904,0.97935,1.10,1.50
2015.01.15 16:28:01.201,0.97904,0.97938,1.10,1.57
2015.01.15 16:28:01.755,0.97904,0.97937,1.10,1.50
2015.01.15 16:28:02.288,0.97904,0.97939,1.10,1.65
2015.01.15 16:28:02.864,0.97905,0.97938,2.25,1.50
2015.01.15 16:28:03.220,0.97908,0.97941,1.65,1.60
2015.01.15 16:28:03.271,0.97909,0.97941,2.32,1.60
2015.01.15 16:28:03.799,0.97914,0.97941,1.10,1.00
2015.01.15 16:28:04.119,0.97914,0.97941,1.10,1.60
2015.01.15 16:28:04.221,0.97914,0.97941,1.10,1.00
2015.01.15 16:28:05.627,0.97914,0.97941,1.00,1.45
2015.01.15 16:28:05.879,0.97907,0.97941,2.77,1.07
2015.01.15 16:28:06.132,0.9791,0.97941,1.50,2.92
2015.01.15 16:28:06.233,0.97907,0.97941,2.02,1.07
2015.01.15 16:28:06.284,0.97912,0.97941,1.57,1.00
2015.01.15 16:28:06.827,0.97911,0.97941,4.20,1.00
2015.01.15 16:28:06.878,0.97912,0.97947,2.70,1.60
2015.01.15 16:28:07.079,0.97912,0.97947,3.45,1.00
2015.01.15 16:28:07.130,0.97916,0.97947,2.70,1.00
2015.01.15 16:28:07.432,0.97918,0.97956,2.70,4.80
2015.01.15 16:28:07.483,0.97918,0.97955,1.57,4.95
2015.01.15 16:28:07.837,0.9792,0.97955,1.50,3.45
2015.01.15 16:28:08.145,0.9792,0.97955,1.57,2.62
2015.01.15 16:28:08.195,0.9792,0.97956,2.02,2.92
2015.01.15 16:28:08.246,0.97924,0.97956,2.02,1.42
2015.01.15 16:28:08.397,0.97928,0.97961,1.50,2.02
2015.01.15 16:28:08.448,0.97928,0.97961,1.95,1.20
2015.01.15 16:28:08.498,0.97927,0.97964,2.70,1.17
2015.01.15 16:28:09.273,0.97931,0.97967,2.70,1.67
2015.01.15 16:28:09.324,0.97932,0.97967,2.32,1.60
2015.01.15 16:28:09.979,0.97932,0.97972,2.70,2.02
2015.01.15 16:28:10.153,0.97934,0.97972,2.70,1.07
2015.01.15 16:28:10.205,0.97935,0.97972,2.70,1.00
2015.01.15 16:28:10.712,0.97935,0.97971,2.70,1.00
2015.01.15 16:28:11.283,0.97939,0.97971,2.70,1.00
2015.01.15 16:28:11.333,0.97939,0.97977,4.87,3.37
2015.01.15 16:28:11.595,0.97939,0.97976,4.50,1.35
2015.01.15 16:28:11.696,0.97937,0.97972,1.27,1.52
2015.01.15 16:28:11.797,0.97936,0.97969,1.00,2.02
2015.01.15 16:28:11.898,0.9793,0.97967,1.15,1.05
2015.01.15 16:28:12.211,0.97936,0.97967,1.65,1.60
2015.01.15 16:28:13.563,0.97936,0.97966,1.65,1.00
2015.01.15 16:28:13.664,0.97936,0.97971,2.02,1.80
2015.01.15 16:28:15.214,0.97933,0.97969,8.25,2.47
2015.01.15 16:28:15.617,0.97929,0.97966,7.12,1.00
2015.01.15 16:28:16.121,0.97931,0.97967,1.65,1.20
2015.01.15 16:28:16.433,0.97934,0.97972,3.82,1.95
2015.01.15 16:28:16.635,0.97939,0.97975,1.65,1.57
2015.01.15 16:28:16.938,0.97941,0.97981,4.50,4.50
2015.01.15 16:28:17.224,0.97945,0.97981,2.32,1.00
2015.01.15 16:28:17.729,0.97947,0.97987,1.52,2.32
2015.01.15 16:28:18.032,0.97944,0.97981,1.00,1.65
2015.01.15 16:28:18.082,0.97944,0.97978,1.00,2.25
2015.01.15 16:28:18.240,0.97937,0.97973,1.15,1.00
2015.01.15 16:28:18.442,0.97939,0.97972,1.07,2.17
2015.01.15 16:28:18.594,0.97934,0.97968,2.40,1.00
2015.01.15 16:28:18.644,0.97934,0.9797,2.40,2.17
2015.01.15 16:28:18.948,0.97936,0.97975,2.32,2.32
2015.01.15 16:28:19.049,0.97936,0.97976,4.50,1.15
2015.01.15 16:28:19.151,0.9794,0.97977,2.32,1.07
2015.01.15 16:28:19.252,0.9794,0.97977,4.50,1.00
2015.01.15 16:28:19.833,0.9794,0.9798,5.25,2.25
2015.01.15 16:28:20.264,0.97944,0.97981,2.70,1.07
2015.01.15 16:28:20.315,0.97945,0.97981,2.32,1.00
2015.01.15 16:28:20.416,0.97945,0.97981,2.32,1.60
2015.01.15 16:28:21.236,0.97945,0.97977,2.32,1.00
2015.01.15 16:28:21.538,0.97942,0.97976,1.65,1.00
2015.01.15 16:28:21.589,0.9794,0.97982,3.45,1.75
2015.01.15 16:28:22.227,0.97947,0.97984,2.25,1.15
2015.01.15 16:28:22.277,0.97947,0.97984,2.32,1.17
2015.01.15 16:28:22.585,0.97947,0.97981,2.32,1.00
2015.01.15 16:28:23.265,0.9795,0.97981,4.50,1.00
2015.01.15 16:28:23.317,0.9795,0.97986,4.50,1.00
2015.01.15 16:28:23.574,0.97947,0.97987,3.82,1.15
2015.01.15 16:28:24.737,0.97951,0.97987,2.32,1.07
2015.01.15 16:28:24.788,0.97951,0.97987,2.32,1.00
2015.01.15 16:28:24.839,0.97949,0.97987,2.32,3.00
2015.01.15 16:28:24.889,0.97946,0.97987,2.70,3.07
2015.01.15 16:28:25.242,0.97949,0.97987,2.70,1.20
2015.01.15 16:28:25.293,0.97949,0.97986,4.87,1.00
2015.01.15 16:28:25.444,0.97949,0.97986,2.32,1.20
2015.01.15 16:28:25.495,0.97945,0.97986,2.70,1.27
2015.01.15 16:28:25.747,0.97949,0.97986,4.12,1.17
2015.01.15 16:28:25.798,0.97949,0.97986,2.70,1.10
2015.01.15 16:28:27.980,0.97949,0.97985,4.95,1.50
2015.01.15 16:28:28.181,0.97949,0.97985,2.70,1.65
2015.01.15 16:28:28.443,0.97948,0.97985,3.07,1.57
2015.01.15 16:28:28.544,0.97949,0.97986,2.40,1.65
2015.01.15 16:28:28.595,0.97949,0.97981,1.65,1.00
2015.01.15 16:28:28.695,0.97947,0.97981,1.65,1.00
2015.01.15 16:28:28.947,0.97944,0.97982,2.32,2.25
2015.01.15 16:28:28.998,0.9794,0.97982,2.70,2.32
2015.01.15 16:28:29.273,0.97944,0.97981,2.32,1.07
2015.01.15 16:28:29.324,0.97945,0.97981,1.65,1.00
2015.01.15 16:28:30.311,0.97951,0.97981,1.65,1.00
2015.01.15 16:28:31.180,0.97954,0.97981,1.57,1.00
2015.01.15 16:28:31.332,0.9795,0.97981,1.15,2.85
2015.01.15 16:28:31.534,0.97947,0.97976,1.17,1.50
2015.01.15 16:28:31.635,0.97943,0.97976,1.17,1.60
2015.01.15 16:28:31.786,0.97938,0.97972,4.20,1.60
2015.01.15 16:28:31.988,0.97938,0.97971,1.50,1.00
2015.01.15 16:28:32.495,0.97932,0.97976,6.00,5.62
2015.01.15 16:28:33.171,0.97938,0.97976,2.25,2.32
2015.01.15 16:28:33.222,0.97938,0.97977,2.32,1.15
2015.01.15 16:28:33.475,0.97942,0.97979,2.32,1.52
2015.01.15 16:28:33.525,0.97942,0.9798,2.32,1.12
2015.01.15 16:28:33.576,0.9794,0.9798,2.32,2.92
2015.01.15 16:28:33.626,0.97938,0.9798,3.07,2.92
2015.01.15 16:28:33.878,0.97938,0.97971,2.70,1.00
2015.01.15 16:28:34.405,0.97938,0.97972,2.32,1.00
2015.01.15 16:28:34.893,0.97939,0.97972,1.57,1.95
2015.01.15 16:28:34.944,0.97933,0.97969,1.27,1.50
2015.01.15 16:28:34.995,0.97933,0.97969,1.17,1.57
2015.01.15 16:28:35.046,0.97933,0.97969,1.10,1.65
2015.01.15 16:28:35.197,0.97929,0.97967,1.17,2.92
2015.01.15 16:28:35.248,0.97927,0.97966,1.65,1.75
2015.01.15 16:28:35.399,0.97928,0.97966,1.52,1.10
2015.01.15 16:28:35.500,0.97932,0.9797,2.32,1.17
2015.01.15 16:28:35.803,0.97932,0.97966,2.32,1.00
2015.01.15 16:28:35.853,0.97932,0.97974,2.32,2.70
2015.01.15 16:28:36.357,0.97932,0.97969,2.32,1.70
2015.01.15 16:28:36.408,0.97922,0.97962,2.77,2.32
2015.01.15 16:28:37.178,0.97924,0.97957,2.25,1.00
2015.01.15 16:28:37.380,0.97925,0.97962,1.65,1.17
2015.01.15 16:28:37.884,0.97929,0.97965,1.57,1.87
2015.01.15 16:28:37.985,0.97929,0.97964,1.65,1.10
2015.01.15 16:28:38.965,0.97931,0.97969,2.02,2.25
2015.01.15 16:28:39.016,0.97932,0.97972,2.70,3.15
2015.01.15 16:28:40.155,0.97934,0.97971,2.32,1.07
2015.01.15 16:28:40.358,0.9794,0.97977,1.65,2.25
2015.01.15 16:28:40.409,0.97938,0.97981,3.07,2.40
2015.01.15 16:28:40.661,0.97938,0.97972,2.25,4.35
2015.01.15 16:28:40.712,0.97935,0.97968,1.00,1.45
2015.01.15 16:28:40.813,0.97932,0.97968,4.95,1.30
2015.01.15 16:28:40.913,0.97928,0.9797,3.07,2.70
2015.01.15 16:28:40.964,0.97931,0.9797,2.70,2.70
2015.01.15 16:28:41.015,0.97931,0.97969,4.87,1.37
2015.01.15 16:28:41.267,0.97936,0.97972,2.32,1.45
2015.01.15 16:28:41.569,0.9794,0.97981,2.32,4.65
2015.01.15 16:28:41.620,0.9794,0.97981,2.32,3.90
2015.01.15 16:28:42.269,0.97943,0.9798,2.32,1.07
2015.01.15 16:28:42.320,0.97943,0.9798,4.50,1.00
2015.01.15 16:28:42.371,0.97943,0.97977,2.25,1.57
2015.01.15 16:28:42.522,0.97931,0.97968,1.15,2.02
2015.01.15 16:28:42.673,0.97928,0.97962,4.50,1.00
2015.01.15 16:28:42.875,0.97928,0.97966,4.50,1.50
2015.01.15 16:28:42.976,0.97932,0.97971,2.32,1.75
2015.01.15 16:28:43.026,0.97933,0.97971,2.32,1.75
2015.01.15 16:28:43.178,0.97937,0.97972,2.32,1.57
2015.01.15 16:28:43.228,0.97938,0.97972,2.70,1.00
2015.01.15 16:28:43.329,0.97938,0.97967,2.32,1.00
2015.01.15 16:28:43.430,0.97939,0.97976,1.65,1.50
2015.01.15 16:28:43.754,0.97944,0.97979,1.57,2.25
2015.01.15 16:28:43.805,0.97944,0.97981,1.65,1.65
2015.01.15 16:28:44.686,0.97942,0.97981,2.32,2.32
2015.01.15 16:28:44.737,0.97937,0.97981,5.62,5.25
2015.01.15 16:28:45.190,0.97937,0.97977,2.32,2.32
2015.01.15 16:28:45.241,0.97933,0.97977,4.50,4.50
2015.01.15 16:28:45.695,0.97936,0.97977,2.32,2.70
2015.01.15 16:28:45.745,0.97938,0.97979,2.32,1.52
2015.01.15 16:28:46.098,0.97938,0.97972,2.32,1.00
2015.01.15 16:28:46.619,0.97935,0.97971,1.65,2.32
2015.01.15 16:28:46.720,0.97933,0.97972,1.10,2.32
2015.01.15 16:28:47.221,0.97933,0.97971,2.32,1.17
2015.01.15 16:28:47.523,0.97938,0.97971,1.65,1.00
2015.01.15 16:28:48.143,0.97935,0.97973,2.32,1.12
2015.01.15 16:28:48.193,0.97935,0.97972,2.25,3.00
2015.01.15 16:28:48.244,0.97932,0.97971,1.65,2.32
2015.01.15 16:28:48.294,0.97932,0.97971,3.82,2.32
2015.01.15 16:28:48.353,0.97933,0.97972,2.32,1.15
2015.01.15 16:28:48.505,0.97937,0.97972,2.32,1.00
2015.01.15 16:28:48.606,0.97937,0.97976,2.32,2.25
2015.01.15 16:28:48.657,0.97937,0.97967,2.32,2.10
2015.01.15 16:28:48.708,0.97931,0.97967,1.20,2.25
2015.01.15 16:28:48.809,0.97924,0.97962,1.15,1.15
2015.01.15 16:28:49.212,0.97927,0.97961,2.32,1.00
2015.01.15 16:28:49.363,0.97928,0.97965,1.15,1.17
2015.01.15 16:28:49.414,0.97931,0.97967,2.32,1.00
2015.01.15 16:28:49.716,0.97929,0.97961,2.32,1.60
2015.01.15 16:28:50.024,0.97924,0.97957,2.32,1.00
2015.01.15 16:28:50.125,0.97924,0.97966,2.32,2.25
2015.01.15 16:28:50.326,0.97929,0.97966,2.32,1.70
2015.01.15 16:28:50.882,0.97929,0.97966,3.82,1.10
2015.01.15 16:28:51.436,0.97938,0.97967,1.65,1.00
2015.01.15 16:28:51.588,0.97938,0.97971,1.65,1.42
2015.01.15 16:28:51.840,0.97935,0.97971,1.57,1.50
2015.01.15 16:28:52.343,0.9793,0.97966,2.32,1.00
2015.01.15 16:28:53.557,0.9793,0.97967,2.32,1.10
2015.01.15 16:28:53.759,0.97928,0.97967,1.65,3.52
2015.01.15 16:28:54.227,0.97923,0.97965,4.20,2.32
2015.01.15 16:28:54.531,0.97929,0.97961,2.32,1.00
2015.01.15 16:28:55.043,0.97929,0.97962,2.32,1.00
2015.01.15 16:28:55.295,0.97929,0.97965,2.32,1.50
2015.01.15 16:28:55.822,0.97929,0.97966,3.82,1.10
2015.01.15 16:28:56.225,0.97934,0.97967,2.25,1.10
2015.01.15 16:28:56.798,0.97934,0.97966,2.32,1.00
2015.01.15 16:28:57.978,0.9793,0.97965,1.65,1.50
2015.01.15 16:28:58.192,0.97929,0.97967,4.87,1.00
2015.01.15 16:28:58.601,0.97934,0.97967,2.32,1.00
2015.01.15 16:28:59.112,0.97935,0.97967,3.82,1.00
2015.01.15 16:28:59.415,0.97942,0.97979,1.65,1.15
2015.01.15 16:28:59.465,0.97943,0.97979,2.32,1.07
2015.01.15 16:28:59.566,0.97945,0.97981,2.32,1.00
2015.01.15 16:29:00.116,0.97945,0.97986,2.32,1.15
2015.01.15 16:29:00.167,0.97947,0.97986,2.32,1.07
2015.01.15 16:29:00.268,0.97949,0.97986,2.32,1.10
2015.01.15 16:29:01.131,0.97953,0.97981,1.57,1.00
2015.01.15 16:29:01.383,0.97949,0.97987,2.70,1.07
2015.01.15 16:29:02.173,0.97953,0.97987,2.70,1.07
2015.01.15 16:29:02.476,0.97959,0.97991,1.65,1.00
2015.01.15 16:29:03.063,0.97958,0.97992,3.82,1.00
2015.01.15 16:29:03.365,0.97961,0.97997,3.82,1.00
2015.01.15 16:29:03.466,0.97961,0.97991,3.82,1.00
2015.01.15 16:29:03.668,0.97962,0.98001,1.65,1.27
2015.01.15 16:29:04.343,0.97967,0.98003,1.95,2.62
2015.01.15 16:29:04.495,0.97975,0.98015,2.32,1.15
2015.01.15 16:29:04.596,0.9798,0.98014,2.32,1.07
2015.01.15 16:29:04.647,0.97981,0.98014,2.32,1.00
2015.01.15 16:29:04.748,0.97975,0.98017,2.70,1.27
2015.01.15 16:29:05.236,0.97982,0.98017,1.57,1.27
2015.01.15 16:29:05.286,0.97982,0.98017,1.65,1.20
2015.01.15 16:29:06.312,0.97982,0.98017,1.07,1.17
2015.01.15 16:29:06.413,0.97978,0.98016,1.17,2.32
2015.01.15 16:29:07.254,0.97979,0.98016,2.70,1.17
2015.01.15 16:29:07.557,0.97983,0.98017,2.32,1.00
2015.01.15 16:29:07.859,0.97983,0.98021,2.32,1.15
2015.01.15 16:29:08.164,0.97988,0.98021,2.25,1.07
2015.01.15 16:29:08.416,0.97988,0.98024,2.32,1.35
2015.01.15 16:29:08.467,0.97987,0.98026,2.32,3.37
2015.01.15 16:29:08.518,0.97984,0.98025,1.65,1.12
2015.01.15 16:29:08.870,0.97986,0.98016,1.65,1.00
2015.01.15 16:29:09.424,0.97989,0.98016,1.50,1.00
2015.01.15 16:29:09.626,0.97992,0.98026,2.32,1.35
2015.01.15 16:29:09.828,0.97992,0.98021,2.32,1.00
2015.01.15 16:29:10.180,0.9799,0.98022,2.32,1.00
2015.01.15 16:29:10.231,0.97989,0.98022,1.15,1.00
2015.01.15 16:29:10.735,0.97987,0.98021,4.50,1.00
2015.01.15 16:29:11.114,0.97987,0.98026,4.50,1.50
2015.01.15 16:29:11.165,0.9799,0.98026,2.70,1.42
2015.01.15 16:29:11.669,0.9799,0.98028,2.32,2.10
2015.01.15 16:29:12.184,0.97995,0.9803,2.62,2.17
2015.01.15 16:29:12.386,0.97993,0.9803,2.32,2.17
2015.01.15 16:29:12.437,0.97994,0.9803,1.17,2.25
2015.01.15 16:29:13.194,0.97991,0.98027,1.57,3.67
2015.01.15 16:29:13.245,0.97989,0.98027,1.57,3.67
2015.01.15 16:29:13.901,0.97983,0.9802,4.12,2.25
2015.01.15 16:29:13.952,0.97985,0.9802,1.00,6.00
2015.01.15 16:29:14.002,0.97985,0.98016,1.00,2.32
2015.01.15 16:29:14.053,0.97979,0.98015,1.10,1.65
2015.01.15 16:29:14.204,0.9798,0.98017,2.25,4.20
2015.01.15 16:29:14.254,0.97982,0.98017,1.65,1.17
2015.01.15 16:29:14.305,0.97983,0.98017,2.32,1.10
2015.01.15 16:29:14.356,0.97983,0.98022,3.82,1.15
2015.01.15 16:29:15.673,0.97983,0.98021,2.62,2.40
2015.01.15 16:29:15.723,0.97982,0.98021,1.65,3.00
2015.01.15 16:29:15.874,0.97982,0.98019,3.82,1.07
2015.01.15 16:29:15.925,0.97984,0.9802,2.70,1.00
2015.01.15 16:29:16.177,0.97988,0.98022,1.07,2.17
2015.01.15 16:29:16.379,0.97983,0.98016,1.15,1.57
2015.01.15 16:29:16.495,0.97981,0.98019,1.07,2.32
2015.01.15 16:29:16.546,0.97981,0.98017,1.10,2.32
2015.01.15 16:29:18.354,0.97978,0.98022,4.87,6.00
2015.01.15 16:29:18.505,0.97978,0.98016,1.27,1.15
2015.01.15 16:29:20.076,0.97978,0.98014,2.32,1.07
2015.01.15 16:29:20.228,0.97982,0.98016,2.02,1.00
2015.01.15 16:29:20.580,0.97981,0.98018,2.40,2.17
2015.01.15 16:29:20.833,0.97979,0.98016,2.70,1.50
2015.01.15 16:29:21.600,0.97975,0.98016,4.20,1.15
2015.01.15 16:29:21.651,0.97975,0.98014,4.20,1.95
2015.01.15 16:29:21.953,0.97975,0.98006,2.32,1.00
2015.01.15 16:29:22.474,0.97981,0.98006,1.50,1.00
2015.01.15 16:29:23.013,0.97977,0.98006,1.65,1.00
2015.01.15 16:29:23.575,0.97976,0.98011,1.65,1.67
2015.01.15 16:29:23.626,0.97976,0.98011,1.65,1.75
2015.01.15 16:29:23.878,0.97972,0.98006,3.75,1.10
2015.01.15 16:29:23.928,0.97969,0.98005,1.65,1.57
2015.01.15 16:29:23.979,0.97969,0.98003,1.65,2.10
2015.01.15 16:29:24.130,0.97964,0.97996,1.15,1.00
2015.01.15 16:29:24.332,0.97963,0.98001,2.32,2.02
2015.01.15 16:29:27.602,0.97963,0.98001,2.32,2.25
2015.01.15 16:29:27.703,0.97959,0.97998,3.07,1.12
2015.01.15 16:29:27.811,0.97958,0.97996,1.17,2.92
2015.01.15 16:29:30.710,0.97954,0.97992,4.20,2.32
2015.01.15 16:29:32.178,0.97958,0.97992,1.95,2.32
2015.01.15 16:29:32.228,0.97962,0.97997,2.02,1.15
2015.01.15 16:29:32.329,0.97963,0.97997,4.87,1.00
2015.01.15 16:29:32.631,0.97963,0.97992,5.25,1.00
2015.01.15 16:29:33.441,0.97964,0.97991,1.27,1.00
2015.01.15 16:29:33.718,0.97964,0.97991,1.17,1.00
2015.01.15 16:29:33.919,0.97964,0.97999,1.17,1.15
2015.01.15 16:29:34.335,0.97963,0.97997,1.20,2.32
2015.01.15 16:29:34.386,0.97963,0.97996,1.12,2.32
2015.01.15 16:29:34.487,0.97963,0.97998,1.20,2.70
2015.01.15 16:29:35.041,0.97963,0.97997,1.27,1.57
2015.01.15 16:29:35.091,0.97965,0.97997,1.15,1.10
2015.01.15 16:29:35.192,0.97966,0.98,2.32,1.10
2015.01.15 16:29:36.267,0.97963,0.97998,1.15,2.32
2015.01.15 16:29:36.469,0.97963,0.98001,5.25,1.15
2015.01.15 16:29:36.642,0.97964,0.98001,1.07,3.07
2015.01.15 16:29:36.693,0.9796,0.97999,3.45,2.32
2015.01.15 16:29:37.694,0.97961,0.97998,1.27,1.15
2015.01.15 16:29:37.744,0.97963,0.97998,3.07,1.07
2015.01.15 16:29:37.795,0.97963,0.97998,5.25,1.00
2015.01.15 16:29:37.845,0.97968,0.97998,1.27,1.00
2015.01.15 16:29:37.997,0.97967,0.98003,2.77,1.17
2015.01.15 16:29:39.392,0.9797,0.98007,1.27,2.32
2015.01.15 16:29:39.493,0.97973,0.98011,1.52,3.07
2015.01.15 16:29:39.594,0.97974,0.98011,1.27,2.32
2015.01.15 16:29:39.695,0.97974,0.98013,5.70,1.15
2015.01.15 16:29:40.157,0.97982,0.98019,4.50,1.15
2015.01.15 16:29:40.462,0.97978,0.98017,3.45,2.32
2015.01.15 16:29:41.450,0.97981,0.98017,2.70,2.32
2015.01.15 16:29:41.501,0.97981,0.9802,4.87,1.15
2015.01.15 16:29:42.141,0.97981,0.98018,2.70,2.32
2015.01.15 16:29:42.192,0.97979,0.98018,2.02,4.50
2015.01.15 16:29:43.358,0.97983,0.98018,2.25,2.25
2015.01.15 16:29:43.409,0.97984,0.98019,2.32,1.17
2015.01.15 16:29:45.889,0.97986,0.98022,2.70,1.27
2015.01.15 16:29:45.940,0.97986,0.98022,4.87,1.27
2015.01.15 16:29:46.192,0.97988,0.98026,4.20,3.45
2015.01.15 16:29:46.703,0.97989,0.98026,3.82,1.52
2015.01.15 16:29:47.220,0.97989,0.98026,2.70,1.15
2015.01.15 16:29:47.522,0.97986,0.98025,2.32,2.70
2015.01.15 16:29:47.831,0.97983,0.98022,3.82,3.07
2015.01.15 16:29:48.134,0.97985,0.98025,2.32,2.40
2015.01.15 16:29:48.436,0.9799,0.98026,1.47,3.82
2015.01.15 16:29:49.277,0.9799,0.98021,1.47,1.10
2015.01.15 16:29:49.802,0.9799,0.98021,1.47,1.10
2015.01.15 16:29:50.107,0.9799,0.98025,1.10,2.02
2015.01.15 16:29:50.309,0.97989,0.98026,2.02,2.70
2015.01.15 16:29:50.360,0.97989,0.98025,1.52,2.02
2015.01.15 16:29:51.065,0.97993,0.98028,2.32,1.12
2015.01.15 16:29:51.116,0.97993,0.98028,2.32,1.12
2015.01.15 16:29:51.166,0.97991,0.98027,2.32,1.95
2015.01.15 16:29:51.681,0.9799,0.98028,2.70,1.12
2015.01.15 16:29:54.984,0.97993,0.98029,1.27,3.07
2015.01.15 16:29:55.489,0.9799,0.98029,3.82,2.70
2015.01.15 16:29:55.783,0.9799,0.98027,2.70,1.82
2015.01.15 16:29:56.288,0.9799,0.98026,2.70,2.77
2015.01.15 16:29:56.592,0.9799,0.98024,2.32,1.95
2015.01.15 16:29:57.326,0.9799,0.98024,2.32,1.95
2015.01.15 16:29:57.427,0.97989,0.98026,1.15,7.50
2015.01.15 16:29:57.528,0.97989,0.98022,1.07,2.70
2015.01.15 16:29:57.746,0.97987,0.98021,1.27,2.02
2015.01.15 16:29:58.269,0.97984,0.98021,2.02,2.02
2015.01.15 16:29:59.348,0.97984,0.9802,1.15,1.52
2015.01.15 16:29:59.448,0.97979,0.98017,1.52,4.87
2015.01.15 16:29:59.499,0.97984,0.98017,1.00,4.87
2015.01.15 16:30:00.084,0.97983,0.98017,1.12,4.87
2015.01.15 16:30:00.185,0.97983,0.98019,2.02,1.52
2015.01.15 16:30:00.437,0.97983,0.98021,3.45,2.70
2015.01.15 16:30:00.939,0.97983,0.98022,3.07,2.70
2015.01.15 16:30:00.990,0.97983,0.98018,1.87,2.32
2015.01.15 16:30:01.486,0.97983,0.9802,4.50,1.52
2015.01.15 16:30:01.792,0.97983,0.98019,1.20,4.50
2015.01.15 16:30:02.095,0.97979,0.98014,1.45,2.32
2015.01.15 16:30:02.145,0.97975,0.98012,3.45,1.65
2015.01.15 16:30:02.196,0.97975,0.98011,1.55,2.32
2015.01.15 16:30:02.297,0.97968,0.98008,1.15,4.50
2015.01.15 16:30:02.600,0.97966,0.98005,1.52,4.50
2015.01.15 16:30:03.382,0.97962,0.97999,1.15,2.32
2015.01.15 16:30:03.689,0.97961,0.97995,1.45,2.32
2015.01.15 16:30:04.094,0.97959,0.97998,2.32,2.70
2015.01.15 16:30:04.346,0.9796,0.97991,1.15,1.00
2015.01.15 16:30:04.548,0.97954,0.97988,1.57,3.30
2015.01.15 16:30:04.598,0.97947,0.97983,1.27,3.82
2015.01.15 16:30:04.901,0.97948,0.97989,4.87,5.62
2015.01.15 16:30:06.984,0.97949,0.97989,1.15,5.25
2015.01.15 16:30:07.085,0.97949,0.97985,1.15,4.20
2015.01.15 16:30:07.186,0.97942,0.97983,3.82,3.30
2015.01.15 16:30:07.394,0.97938,0.97976,4.50,1.65
2015.01.15 16:30:07.797,0.97942,0.97981,2.32,3.82
2015.01.15 16:30:08.200,0.97944,0.97984,2.32,3.07
2015.01.15 16:30:10.394,0.97941,0.9798,2.70,2.70
2015.01.15 16:30:11.206,0.97944,0.97977,1.00,3.07
2015.01.15 16:30:12.198,0.97944,0.97981,1.15,4.87
2015.01.15 16:30:12.976,0.9794,0.97975,4.50,1.87
2015.01.15 16:30:13.026,0.97938,0.97975,2.32,2.02
2015.01.15 16:30:13.077,0.97938,0.97975,2.32,2.40
2015.01.15 16:30:13.127,0.97934,0.97972,1.15,2.70
2015.01.15 16:30:14.134,0.97936,0.97975,2.32,2.32
2015.01.15 16:30:14.442,0.9794,0.97979,2.70,2.32
2015.01.15 16:30:14.755,0.97942,0.97981,2.70,2.32
2015.01.15 16:30:16.045,0.97939,0.97979,1.52,2.70
2015.01.15 16:30:16.556,0.97943,0.97981,2.32,2.70
2015.01.15 16:30:19.246,0.9794,0.97977,2.32,3.15
2015.01.15 16:30:19.348,0.97931,0.97967,1.15,2.70
2015.01.15 16:30:19.448,0.97925,0.97964,2.32,2.70
2015.01.15 16:30:19.549,0.97924,0.9796,1.17,2.70
2015.01.15 16:30:19.852,0.97928,0.97965,4.50,1.65
2015.01.15 16:30:20.154,0.97934,0.97967,2.32,1.00
2015.01.15 16:30:20.479,0.97929,0.97967,1.15,1.15
2015.01.15 16:30:20.935,0.9793,0.97967,2.70,1.65
2015.01.15 16:30:21.868,0.97927,0.97967,2.70,3.45
2015.01.15 16:30:21.969,0.97924,0.97965,4.87,6.60
2015.01.15 16:30:22.070,0.97923,0.97961,1.52,4.50
2015.01.15 16:30:22.120,0.97923,0.97961,1.15,4.87
2015.01.15 16:30:23.134,0.97926,0.97957,2.25,1.07
2015.01.15 16:30:23.437,0.97928,0.97957,2.32,1.00
2015.01.15 16:30:23.690,0.97921,0.97957,2.70,1.15
2015.01.15 16:30:29.570,0.97924,0.97957,1.77,2.02
2015.01.15 16:30:29.621,0.97927,0.97957,1.05,1.57
2015.01.15 16:30:29.671,0.97931,0.97959,1.05,1.50
2015.01.15 16:30:29.722,0.97932,0.97959,1.05,1.50
2015.01.15 16:30:29.773,0.97931,0.97962,1.12,1.10
2015.01.15 16:30:29.874,0.97934,0.97965,1.07,1.57
2015.01.15 16:30:30.025,0.97934,0.97966,1.27,1.10
2015.01.15 16:30:30.176,0.97939,0.97968,2.25,1.57
2015.01.15 16:30:30.378,0.97938,0.97966,1.10,1.50
2015.01.15 16:30:30.680,0.97937,0.97966,2.32,1.00
2015.01.15 16:30:30.782,0.97939,0.97968,1.17,1.57
2015.01.15 16:30:31.308,0.97939,0.97968,1.17,2.55
2015.01.15 16:30:31.510,0.97932,0.97967,2.32,1.77
2015.01.15 16:30:31.610,0.97932,0.97966,2.32,1.42
2015.01.15 16:30:31.812,0.97925,0.97963,1.52,1.52
2015.01.15 16:30:31.963,0.97925,0.97957,1.17,1.37
2015.01.15 16:30:32.014,0.97923,0.97957,1.15,1.45
2015.01.15 16:30:32.352,0.97923,0.97957,1.15,2.62
2015.01.15 16:30:32.654,0.97918,0.97954,2.32,1.65
2015.01.15 16:30:32.974,0.97918,0.97946,2.32,1.50
2015.01.15 16:30:33.126,0.9791,0.97945,1.00,5.85
2015.01.15 16:30:33.378,0.97904,0.97941,2.32,2.25
2015.01.15 16:30:33.429,0.979,0.97938,2.32,1.65
2015.01.15 16:30:33.479,0.979,0.97936,2.32,2.32
2015.01.15 16:30:33.530,0.979,0.97935,1.15,2.32
2015.01.15 16:30:33.769,0.97901,0.97935,2.32,2.25
2015.01.15 16:30:33.820,0.97902,0.9794,2.32,2.92
2015.01.15 16:30:34.183,0.97902,0.97937,2.25,3.82
2015.01.15 16:30:34.233,0.97899,0.97937,1.15,6.00
2015.01.15 16:30:34.284,0.97901,0.97937,2.32,3.82
2015.01.15 16:30:34.335,0.97901,0.97939,4.50,1.65
2015.01.15 16:30:34.498,0.97899,0.97936,1.15,2.32
2015.01.15 16:30:34.823,0.97901,0.9794,2.32,4.42
2015.01.15 16:30:35.381,0.97903,0.9794,2.32,2.92
2015.01.15 16:30:35.432,0.97903,0.9794,4.50,1.45
2015.01.15 16:30:36.995,0.97903,0.97939,2.25,3.82
2015.01.15 16:30:37.046,0.97899,0.97937,3.07,2.32
2015.01.15 16:30:37.940,0.97899,0.97933,1.07,1.65
2015.01.15 16:30:38.092,0.97899,0.97931,1.07,1.65
2015.01.15 16:30:38.142,0.97895,0.97931,1.20,1.65
2015.01.15 16:30:38.193,0.9789,0.97925,2.62,1.57
2015.01.15 16:30:38.244,0.97889,0.97925,1.37,1.65
2015.01.15 16:30:38.345,0.97887,0.97921,2.02,1.50
2015.01.15 16:30:38.950,0.97883,0.97926,2.32,2.40
2015.01.15 16:30:40.780,0.97888,0.97926,1.05,2.40
2015.01.15 16:30:40.881,0.97888,0.97926,1.05,1.65
2015.01.15 16:30:41.073,0.97892,0.97929,1.65,1.15
2015.01.15 16:30:41.225,0.9789,0.97927,1.47,4.20
2015.01.15 16:30:41.275,0.97889,0.97923,1.17,1.65
2015.01.15 16:30:42.689,0.97889,0.97923,2.70,1.20
2015.01.15 16:30:42.942,0.97893,0.9793,3.07,1.00
2015.01.15 16:30:43.043,0.97893,0.97936,3.07,1.52
2015.01.15 16:30:45.264,0.97899,0.97932,1.00,1.57
2015.01.15 16:30:45.314,0.97899,0.97932,1.07,1.57
2015.01.15 16:30:45.365,0.97899,0.97935,1.15,1.57
2015.01.15 16:30:46.026,0.97904,0.97936,1.65,1.00
2015.01.15 16:30:46.177,0.97906,0.97946,4.20,3.52
2015.01.15 16:30:46.228,0.97911,0.97946,2.32,1.50
2015.01.15 16:30:46.430,0.97914,0.97951,1.65,1.17
2015.01.15 16:30:46.531,0.97917,0.97951,4.50,1.00
2015.01.15 16:30:46.632,0.97913,0.97951,2.70,1.00
2015.01.15 16:30:46.944,0.97913,0.97953,2.32,2.70
2015.01.15 16:30:46.994,0.9791,0.97953,4.50,5.62
2015.01.15 16:30:47.045,0.97908,0.9795,2.02,2.32
2015.01.15 16:30:47.146,0.97912,0.97952,2.32,1.15
2015.01.15 16:30:47.464,0.97913,0.97949,1.00,2.32
2015.01.15 16:30:47.766,0.97905,0.97949,4.50,4.50
2015.01.15 16:30:47.817,0.97909,0.97947,2.32,1.07
2015.01.15 16:30:47.867,0.9791,0.97947,2.32,1.10
2015.01.15 16:30:48.534,0.9791,0.97949,2.32,2.32
2015.01.15 16:30:48.585,0.97907,0.97947,2.32,1.15
2015.01.15 16:30:49.107,0.97907,0.97947,2.25,4.42
2015.01.15 16:30:49.158,0.97903,0.97945,2.32,2.32
2015.01.15 16:30:49.359,0.97903,0.97936,2.32,1.00
2015.01.15 16:30:49.678,0.97903,0.97942,2.70,1.27
2015.01.15 16:30:49.980,0.97906,0.97944,2.32,1.55
2015.01.15 16:30:50.031,0.97906,0.97944,4.87,1.20
2015.01.15 16:30:50.685,0.97911,0.97946,2.32,1.07
2015.01.15 16:30:50.736,0.97911,0.97946,2.32,1.00
2015.01.15 16:30:50.887,0.97911,0.97951,2.32,2.02
2015.01.15 16:30:51.167,0.9791,0.9795,2.70,3.45
2015.01.15 16:30:51.217,0.97909,0.9795,1.52,3.45
2015.01.15 16:30:51.268,0.97912,0.9795,2.25,1.52
2015.01.15 16:30:51.319,0.97912,0.97951,2.32,1.52
2015.01.15 16:30:51.470,0.9791,0.97948,2.70,2.25
2015.01.15 16:30:51.520,0.97909,0.97948,1.52,2.32
2015.01.15 16:30:51.571,0.97911,0.97949,2.62,2.32
2015.01.15 16:30:51.622,0.97911,0.97951,2.70,1.52
2015.01.15 16:30:52.282,0.9791,0.97949,2.70,2.32
2015.01.15 16:30:52.333,0.97909,0.97949,1.55,2.70
2015.01.15 16:30:53.032,0.9791,0.97948,2.70,1.00
2015.01.15 16:30:53.545,0.9791,0.97949,2.70,1.20
2015.01.15 16:30:53.646,0.9791,0.97946,2.70,1.00
2015.01.15 16:30:53.848,0.97908,0.97946,1.52,1.15
2015.01.15 16:30:55.133,0.9791,0.97946,2.25,1.07
2015.01.15 16:30:55.458,0.97906,0.97945,1.52,2.40
2015.01.15 16:30:55.509,0.97906,0.97945,1.52,1.65
2015.01.15 16:30:55.560,0.97904,0.97937,1.50,2.32
2015.01.15 16:30:55.762,0.97892,0.97929,1.00,2.32
2015.01.15 16:30:55.863,0.97888,0.97926,1.15,1.15
2015.01.15 16:30:56.014,0.97888,0.97926,2.32,1.07
2015.01.15 16:30:56.115,0.97886,0.97926,1.15,3.07
2015.01.15 16:30:56.691,0.97884,0.97917,1.07,2.25
2015.01.15 16:30:56.742,0.97884,0.97917,1.00,4.50
2015.01.15 16:30:56.843,0.97885,0.97924,1.20,4.50
2015.01.15 16:30:57.657,0.97885,0.97922,2.32,1.17
2015.01.15 16:30:57.708,0.97885,0.97922,2.32,1.10
2015.01.15 16:30:57.759,0.97884,0.97922,2.32,1.07
2015.01.15 16:30:57.809,0.97881,0.97922,2.32,1.15
2015.01.15 16:30:58.716,0.97881,0.9792,2.32,2.70
2015.01.15 16:30:58.767,0.97877,0.97919,2.70,3.07
2015.01.15 16:30:59.019,0.97877,0.97915,2.25,2.32
2015.01.15 16:30:59.070,0.97874,0.97915,1.15,4.50
2015.01.15 16:30:59.120,0.97874,0.97911,1.07,2.32
2015.01.15 16:30:59.171,0.97874,0.97911,1.00,4.50
2015.01.15 16:30:59.323,0.97867,0.97908,2.32,3.07
2015.01.15 16:30:59.373,0.97864,0.97907,3.07,2.70
2015.01.15 16:30:59.525,0.97864,0.97904,3.00,2.70
2015.01.15 16:30:59.575,0.97864,0.97903,1.10,2.70
2015.01.15 16:30:59.626,0.97864,0.97899,1.10,2.32
2015.01.15 16:30:59.727,0.9786,0.97902,2.32,3.82
2015.01.15 16:30:59.778,0.97859,0.97897,2.32,2.62
2015.01.15 16:30:59.828,0.97855,0.97897,2.32,2.70
2015.01.15 16:31:00.181,0.97855,0.97888,2.32,1.00
2015.01.15 16:31:00.484,0.9786,0.97888,2.32,1.00
2015.01.15 16:31:00.635,0.97863,0.97897,2.32,1.12
2015.01.15 16:31:00.736,0.97867,0.979,2.32,1.10
2015.01.15 16:31:00.888,0.97867,0.97903,4.50,1.00
2015.01.15 16:31:01.032,0.97868,0.97906,1.65,1.15
2015.01.15 16:31:02.163,0.9787,0.9791,2.40,3.07
2015.01.15 16:31:02.213,0.97871,0.9791,2.70,1.17
2015.01.15 16:31:02.264,0.9788,0.97911,2.25,1.07
2015.01.15 16:31:02.315,0.9788,0.97911,4.50,1.00
2015.01.15 16:31:02.416,0.9788,0.97915,4.50,1.00
2015.01.15 16:31:02.618,0.9788,0.9792,4.87,1.15
2015.01.15 16:31:02.920,0.9788,0.9792,2.32,2.32
2015.01.15 16:31:03.022,0.97877,0.97919,3.45,2.32
2015.01.15 16:31:03.666,0.97881,0.97916,2.70,1.07
2015.01.15 16:31:03.717,0.97882,0.97917,2.32,1.50
2015.01.15 16:31:03.868,0.97884,0.97917,2.70,1.00
2015.01.15 16:31:03.919,0.97886,0.97926,2.32,1.15
2015.01.15 16:31:04.757,0.97889,0.97928,2.32,2.70
2015.01.15 16:31:04.807,0.97889,0.9793,4.50,1.52
2015.01.15 16:31:04.858,0.97892,0.97932,2.70,1.20
2015.01.15 16:31:04.909,0.97893,0.97932,2.70,1.20
2015.01.15 16:31:06.503,0.97893,0.97932,2.70,1.95
2015.01.15 16:31:06.605,0.97888,0.9793,3.82,4.20
2015.01.15 16:31:06.655,0.97888,0.97925,3.00,2.32
2015.01.15 16:31:06.706,0.97886,0.97925,1.90,4.50
2015.01.15 16:31:06.858,0.97882,0.9792,2.25,3.07
2015.01.15 16:31:06.909,0.97879,0.97919,1.15,2.70
2015.01.15 16:31:06.959,0.97879,0.9791,1.07,1.50
2015.01.15 16:31:07.010,0.97878,0.9791,1.20,1.57
2015.01.15 16:31:07.061,0.97873,0.97901,2.62,1.50
2015.01.15 16:31:07.111,0.97868,0.97901,1.57,1.50
2015.01.15 16:31:07.162,0.97864,0.97899,1.07,2.25
2015.01.15 16:31:07.212,0.97863,0.97898,1.00,2.32
2015.01.15 16:31:07.313,0.97856,0.97898,2.92,2.32
2015.01.15 16:31:07.364,0.97864,0.97898,1.00,2.32
2015.01.15 16:31:07.565,0.97856,0.97898,2.32,2.32
2015.01.15 16:31:07.666,0.9786,0.97898,2.32,2.32
2015.01.15 16:31:07.717,0.97862,0.97895,1.15,1.00
2015.01.15 16:31:07.768,0.97867,0.97895,2.25,1.00
2015.01.15 16:31:07.819,0.97867,0.97905,4.50,1.20
2015.01.15 16:31:08.238,0.97872,0.97907,2.32,1.00
2015.01.15 16:31:10.881,0.97872,0.97906,2.32,1.00
2015.01.15 16:31:11.304,0.97868,0.97907,2.32,1.15
2015.01.15 16:31:11.858,0.97871,0.97906,2.32,1.57
2015.01.15 16:31:12.402,0.97872,0.97906,2.32,1.00
2015.01.15 16:31:12.962,0.97872,0.97911,2.70,1.27
2015.01.15 16:31:16.350,0.97876,0.97912,2.70,1.57
2015.01.15 16:31:16.452,0.97877,0.97912,2.32,1.50
2015.01.15 16:31:17.245,0.97877,0.97912,2.32,1.37
2015.01.15 16:31:17.346,0.97873,0.97912,2.70,1.52
2015.01.15 16:31:18.142,0.97873,0.97911,2.32,2.40
2015.01.15 16:31:18.344,0.97869,0.97909,4.87,1.90
2015.01.15 16:31:18.647,0.97865,0.97907,3.07,1.52
2015.01.15 16:31:18.748,0.97865,0.97905,2.32,1.27
2015.01.15 16:31:18.849,0.97863,0.97904,1.15,3.45
2015.01.15 16:31:18.900,0.97873,0.97904,1.00,3.45
2015.01.15 16:31:19.152,0.97874,0.97907,1.00,2.02
2015.01.15 16:31:19.354,0.97869,0.97907,1.15,2.02
2015.01.15 16:31:19.556,0.97873,0.97907,1.00,1.27
2015.01.15 16:31:21.351,0.97874,0.97908,1.00,1.90
2015.01.15 16:31:21.894,0.97879,0.97909,1.00,5.62
2015.01.15 16:31:22.083,0.97874,0.97909,1.00,5.62
2015.01.15 16:31:22.285,0.97874,0.97907,1.00,1.52
2015.01.15 16:31:22.336,0.97869,0.97907,1.15,1.52
2015.01.15 16:31:22.387,0.97869,0.97907,1.15,1.27
2015.01.15 16:31:22.689,0.97869,0.97906,1.15,1.15
2015.01.15 16:31:23.282,0.9787,0.97907,2.32,1.07
2015.01.15 16:31:24.153,0.97874,0.97909,1.07,1.95
2015.01.15 16:31:24.254,0.97873,0.97912,3.07,2.02
2015.01.15 16:31:25.053,0.97879,0.97915,1.00,4.57
2015.01.15 16:31:25.836,0.97874,0.97915,1.15,3.07
2015.01.15 16:31:28.428,0.97874,0.97911,1.15,1.92
2015.01.15 16:31:29.571,0.97869,0.97911,3.07,4.57
2015.01.15 16:31:30.298,0.97869,0.97907,2.32,1.65
2015.01.15 16:31:30.707,0.97869,0.97907,2.32,1.92
2015.01.15 16:31:30.911,0.97865,0.97907,3.07,3.07
2015.01.15 16:31:32.007,0.97868,0.97907,2.32,3.00
2015.01.15 16:31:32.108,0.9787,0.97907,2.32,1.07
2015.01.15 16:31:32.780,0.9787,0.97909,2.32,1.27
2015.01.15 16:31:32.982,0.97865,0.97905,2.32,1.27
2015.01.15 16:31:33.083,0.97863,0.97903,1.15,1.27
2015.01.15 16:31:33.184,0.9786,0.97903,3.07,1.27
2015.01.15 16:31:33.335,0.97865,0.97904,2.32,2.25
2015.01.15 16:31:33.386,0.97867,0.97905,2.32,1.07
2015.01.15 16:31:34.292,0.97867,0.97905,2.32,1.45
2015.01.15 16:31:34.823,0.97869,0.97907,1.15,1.65
2015.01.15 16:31:35.125,0.97868,0.97906,1.15,2.77
2015.01.15 16:31:35.283,0.97868,0.97904,1.00,2.32
2015.01.15 16:31:35.687,0.97866,0.97907,2.32,2.32
2015.01.15 16:31:38.025,0.97869,0.97907,3.82,2.62
2015.01.15 16:31:38.126,0.9787,0.97907,2.32,1.10
2015.01.15 16:31:38.227,0.97875,0.97912,2.32,4.50
2015.01.15 16:31:38.278,0.97876,0.97912,2.32,1.95
2015.01.15 16:31:38.706,0.97879,0.97915,1.07,2.32
2015.01.15 16:31:38.807,0.97879,0.97915,1.00,4.50
2015.01.15 16:31:39.361,0.97874,0.97915,1.15,4.87
2015.01.15 16:31:39.601,0.97878,0.97915,1.00,4.87
2015.01.15 16:31:41.019,0.97879,0.97915,1.00,4.87
2015.01.15 16:31:42.099,0.97873,0.97915,1.15,5.25
2015.01.15 16:31:42.838,0.97871,0.97909,2.32,3.00
2015.01.15 16:31:42.889,0.97869,0.97908,1.15,3.07
2015.01.15 16:31:47.166,0.97869,0.97907,1.52,1.15
2015.01.15 16:31:47.217,0.97871,0.97907,2.70,1.07
2015.01.15 16:31:47.268,0.97871,0.9791,2.70,2.02
2015.01.15 16:31:48.183,0.97871,0.97912,5.32,1.15
2015.01.15 16:31:48.233,0.97876,0.97912,2.70,1.00
2015.01.15 16:31:48.637,0.97879,0.97919,4.87,1.27
2015.01.15 16:31:48.788,0.97881,0.97922,1.27,5.25
2015.01.15 16:31:48.839,0.97882,0.97926,3.07,2.70
2015.01.15 16:31:50.142,0.97888,0.9793,2.32,3.07
2015.01.15 16:31:50.444,0.97896,0.97937,2.32,3.07
2015.01.15 16:31:50.747,0.97894,0.97932,1.27,2.32
2015.01.15 16:31:52.338,0.97895,0.97936,2.70,2.32
2015.01.15 16:31:52.985,0.97894,0.97933,1.27,2.32
2015.01.15 16:31:53.338,0.97898,0.97938,2.32,1.17
2015.01.15 16:31:53.641,0.97897,0.97937,2.02,2.70
2015.01.15 16:31:53.893,0.97892,0.97932,1.15,4.87
2015.01.15 16:31:54.246,0.97889,0.97928,1.27,2.32
2015.01.15 16:31:54.872,0.97895,0.97932,2.32,1.65
2015.01.15 16:31:55.074,0.97899,0.97938,3.07,1.15
2015.01.15 16:31:59.173,0.97903,0.97945,2.32,3.45
2015.01.15 16:32:02.601,0.97901,0.97938,1.07,2.32
2015.01.15 16:32:02.903,0.97903,0.97938,4.50,1.00
2015.01.15 16:32:03.055,0.97903,0.97942,6.75,1.20
2015.01.15 16:32:07.081,0.97901,0.97942,3.07,2.70
2015.01.15 16:32:07.384,0.97898,0.97937,1.15,2.32
2015.01.15 16:32:07.686,0.97898,0.9794,4.50,1.65
2015.01.15 16:32:12.513,0.97899,0.97937,1.17,2.32
2015.01.15 16:32:14.923,0.97894,0.97934,1.15,2.70
2015.01.15 16:32:15.129,0.97899,0.97934,1.00,2.70
2015.01.15 16:32:15.333,0.97894,0.97934,1.15,2.70
2015.01.15 16:32:19.278,0.97893,0.97933,1.90,1.15
2015.01.15 16:32:19.430,0.97896,0.97934,2.70,1.07
2015.01.15 16:32:20.266,0.97893,0.97934,2.40,2.32
2015.01.15 16:32:20.317,0.97893,0.97934,2.02,2.32
2015.01.15 16:32:20.418,0.97897,0.97938,2.70,2.70
2015.01.15 16:32:29.265,0.979,0.97938,4.87,1.20
2015.01.15 16:32:29.568,0.97897,0.97939,4.20,2.32
2015.01.15 16:32:31.745,0.97901,0.97939,2.32,2.25
2015.01.15 16:32:31.796,0.97901,0.97942,4.50,1.52
2015.01.15 16:32:31.847,0.97906,0.97943,2.32,1.57
2015.01.15 16:32:31.897,0.97906,0.97943,4.50,1.50
2015.01.15 16:32:31.948,0.97906,0.97947,4.50,1.27
2015.01.15 16:32:32.161,0.97914,0.9795,1.00,4.87
2015.01.15 16:32:32.678,0.97913,0.9795,1.00,5.62
2015.01.15 16:32:33.190,0.97914,0.9795,1.00,5.62
2015.01.15 16:32:34.268,0.97913,0.97949,1.00,1.52
2015.01.15 16:32:36.586,0.97913,0.97945,1.00,2.70
2015.01.15 16:32:37.113,0.97919,0.97945,1.00,2.32
2015.01.15 16:32:37.860,0.97914,0.97945,1.00,2.70
2015.01.15 16:32:40.323,0.97909,0.97945,1.47,2.70
2015.01.15 16:32:40.830,0.97909,0.97945,1.10,2.32
2015.01.15 16:32:42.342,0.97908,0.97945,1.55,2.32
2015.01.15 16:32:43.194,0.97909,0.97945,1.47,2.70
2015.01.15 16:32:43.295,0.97909,0.97945,1.20,2.70
2015.01.15 16:32:43.360,0.97909,0.97945,1.47,2.32
2015.01.15 16:32:43.511,0.97909,0.97946,4.95,1.10
2015.01.15 16:32:44.075,0.97909,0.97946,3.45,1.47
2015.01.15 16:32:44.605,0.97909,0.97946,4.95,1.10
2015.01.15 16:32:45.200,0.97909,0.97946,3.45,1.47
2015.01.15 16:32:45.726,0.97909,0.97951,5.70,3.45
2015.01.15 16:32:46.242,0.97912,0.97951,2.70,1.55
2015.01.15 16:32:46.544,0.97917,0.97953,2.32,1.95
2015.01.15 16:32:46.595,0.97917,0.97953,2.32,1.37
2015.01.15 16:32:46.645,0.97915,0.97954,2.32,2.62
2015.01.15 16:32:46.696,0.97914,0.97954,1.17,3.07
2015.01.15 16:32:47.452,0.97915,0.97954,2.62,1.50
2015.01.15 16:32:47.502,0.97915,0.97954,2.70,1.50
2015.01.15 16:32:47.805,0.97914,0.97953,2.32,2.70
2015.01.15 16:32:47.906,0.97914,0.97953,1.10,2.70
2015.01.15 16:32:48.208,0.97914,0.97947,2.32,1.00
2015.01.15 16:32:52.292,0.97914,0.97947,3.07,1.00
2015.01.15 16:32:52.544,0.97913,0.97947,1.52,1.00
2015.01.15 16:32:52.645,0.97912,0.97951,4.87,1.57
2015.01.15 16:32:53.148,0.97917,0.97951,2.32,1.10
2015.01.15 16:32:55.381,0.97917,0.97954,2.32,1.87
2015.01.15 16:32:55.633,0.97932,0.97955,2.25,1.07
2015.01.15 16:32:55.683,0.97932,0.97958,4.50,1.00
2015.01.15 16:32:55.784,0.97929,0.97967,1.27,2.77
2015.01.15 16:32:55.835,0.97935,0.97961,2.25,1.00
2015.01.15 16:32:55.936,0.97933,0.97961,2.62,1.00
2015.01.15 16:32:56.037,0.97932,0.97961,1.00,1.07
2015.01.15 16:32:56.216,0.97929,0.97963,1.00,2.32
2015.01.15 16:32:56.267,0.97929,0.97971,3.07,4.20
2015.01.15 16:32:56.771,0.97934,0.97975,2.32,3.07
2015.01.15 16:32:57.260,0.97936,0.97976,3.82,1.15
2015.01.15 16:32:57.311,0.97936,0.97976,6.00,1.15
2015.01.15 16:32:57.412,0.97944,0.97978,1.00,1.15
2015.01.15 16:32:57.614,0.97939,0.9798,1.15,6.00
2015.01.15 16:32:58.550,0.97936,0.97974,2.32,2.25
2015.01.15 16:32:58.600,0.97934,0.97974,1.15,2.32
2015.01.15 16:32:59.834,0.97939,0.97975,2.25,2.25
2015.01.15 16:32:59.892,0.97939,0.97981,4.50,3.15
2015.01.15 16:33:01.178,0.97939,0.97978,1.20,4.50
2015.01.15 16:33:01.229,0.97939,0.97977,1.57,1.15
2015.01.15 16:33:01.279,0.97941,0.97977,2.70,1.00
2015.01.15 16:33:01.330,0.97941,0.97984,2.70,1.52
2015.01.15 16:33:02.767,0.97944,0.97981,1.07,2.70
2015.01.15 16:33:02.868,0.97939,0.97977,1.15,2.02
2015.01.15 16:33:02.968,0.97937,0.97977,2.32,4.20
2015.01.15 16:33:03.019,0.97935,0.97977,1.15,6.37
2015.01.15 16:33:06.139,0.97939,0.97977,1.57,6.00
2015.01.15 16:33:06.492,0.97939,0.97977,1.27,2.32
2015.01.15 16:33:06.593,0.97939,0.9798,3.45,2.70
2015.01.15 16:33:07.699,0.97943,0.9798,1.27,2.25
2015.01.15 16:33:07.750,0.97943,0.97982,1.15,1.65
2015.01.15 16:33:08.405,0.97945,0.97984,2.32,2.32
2015.01.15 16:33:08.455,0.97945,0.97987,4.50,1.65
2015.01.15 16:33:09.610,0.97951,0.97987,2.25,1.95
2015.01.15 16:33:09.660,0.97952,0.97987,2.32,1.87
2015.01.15 16:33:10.187,0.97952,0.97991,2.32,1.15
2015.01.15 16:33:10.345,0.97952,0.97986,2.32,1.00
2015.01.15 16:33:10.500,0.97949,0.97986,1.15,1.17
2015.01.15 16:33:11.902,0.97954,0.97989,1.00,2.40
2015.01.15 16:33:12.414,0.97949,0.97986,1.15,1.55
2015.01.15 16:33:12.735,0.97949,0.97986,1.15,2.77
2015.01.15 16:33:14.299,0.97948,0.97985,3.07,1.05
2015.01.15 16:33:14.401,0.97948,0.97982,1.00,1.12
2015.01.15 16:33:14.451,0.97944,0.97981,1.15,3.00
2015.01.15 16:33:14.502,0.97939,0.97978,3.52,2.70
2015.01.15 16:33:15.006,0.97939,0.97976,1.15,2.77
2015.01.15 16:33:15.626,0.97944,0.97978,1.00,2.32
2015.01.15 16:33:15.727,0.97944,0.97983,1.15,3.07
2015.01.15 16:33:16.674,0.97944,0.97981,1.15,1.52
2015.01.15 16:33:17.273,0.97944,0.97981,1.15,1.27
2015.01.15 16:33:18.615,0.97943,0.97981,1.15,1.52
2015.01.15 16:33:19.118,0.97943,0.97983,1.27,2.70
2015.01.15 16:33:19.168,0.97948,0.97983,1.00,2.70
2015.01.15 16:33:19.349,0.97948,0.97986,1.15,2.70
2015.01.15 16:33:19.399,0.97949,0.97982,1.10,2.32
2015.01.15 16:33:19.608,0.97944,0.97982,1.07,3.45
2015.01.15 16:33:20.726,0.97943,0.97977,1.00,3.82
2015.01.15 16:33:20.928,0.97935,0.97972,1.07,3.07
2015.01.15 16:33:21.230,0.97926,0.97967,4.50,2.02
2015.01.15 16:33:21.331,0.97924,0.97964,1.65,2.70
2015.01.15 16:33:22.591,0.97928,0.97964,1.00,3.82
2015.01.15 16:33:23.100,0.97924,0.97961,1.15,1.17
2015.01.15 16:33:24.360,0.97929,0.97964,1.00,2.70
2015.01.15 16:33:24.860,0.97924,0.97961,1.15,1.27
2015.01.15 16:33:25.121,0.97929,0.97964,1.00,2.70
2015.01.15 16:33:25.442,0.97937,0.97966,1.50,3.45
2015.01.15 16:33:25.543,0.97935,0.97966,1.50,1.15
2015.01.15 16:33:25.644,0.97931,0.9797,6.37,1.27
2015.01.15 16:33:25.997,0.97934,0.97971,2.32,1.15
2015.01.15 16:33:26.501,0.97939,0.97973,1.65,2.32
2015.01.15 16:33:27.374,0.97939,0.97976,1.15,2.32
2015.01.15 16:33:32.830,0.97939,0.97976,1.15,2.32
2015.01.15 16:33:32.881,0.97939,0.97979,3.07,3.07
2015.01.15 16:33:33.607,0.97939,0.97978,2.32,2.70
2015.01.15 16:33:33.708,0.97938,0.97977,1.15,3.07
2015.01.15 16:33:34.939,0.97936,0.97971,3.82,1.00
2015.01.15 16:33:35.590,0.97938,0.97976,1.15,2.02
2015.01.15 16:33:35.849,0.97938,0.97975,1.15,2.40
2015.01.15 16:33:36.176,0.97929,0.9796,1.00,4.50
2015.01.15 16:33:36.378,0.97923,0.9796,1.57,4.50
2015.01.15 16:33:36.883,0.97924,0.9796,1.95,2.70
2015.01.15 16:33:36.990,0.97923,0.97962,2.77,1.52
2015.01.15 16:33:37.091,0.97923,0.97956,2.70,2.25
2015.01.15 16:33:37.394,0.97918,0.97953,1.17,2.32
2015.01.15 16:33:37.495,0.97918,0.97956,1.15,4.20
2015.01.15 16:33:37.696,0.97913,0.97952,1.65,1.52
2015.01.15 16:33:41.717,0.97913,0.97946,1.00,4.50
2015.01.15 16:33:41.868,0.97908,0.97946,1.65,4.50
2015.01.15 16:33:42.221,0.97909,0.97948,2.70,2.32
2015.01.15 16:33:42.819,0.97914,0.97945,1.00,4.50
2015.01.15 16:33:42.870,0.97908,0.97945,2.02,4.50
2015.01.15 16:33:44.697,0.97903,0.97941,2.32,2.32
2015.01.15 16:33:46.914,0.97904,0.97939,1.00,2.32
2015.01.15 16:33:47.426,0.97901,0.97937,1.65,1.15
2015.01.15 16:33:48.285,0.97902,0.97937,2.02,1.15
2015.01.15 16:33:48.805,0.97899,0.97937,1.65,1.27
2015.01.15 16:33:49.007,0.97898,0.97933,1.17,2.70
2015.01.15 16:33:49.518,0.97892,0.97931,2.70,3.07
2015.01.15 16:33:49.936,0.97889,0.97929,1.27,4.50
2015.01.15 16:33:51.031,0.97893,0.97932,2.32,3.07
2015.01.15 16:33:51.535,0.97898,0.97928,1.00,4.50
2015.01.15 16:33:52.252,0.97898,0.97926,1.00,4.50
2015.01.15 16:33:52.353,0.97894,0.97926,1.00,4.50
2015.01.15 16:33:52.656,0.97889,0.97926,1.15,4.50
2015.01.15 16:33:52.757,0.97889,0.97922,1.10,2.32
2015.01.15 16:33:53.059,0.9789,0.97928,2.02,2.32
2015.01.15 16:33:53.312,0.97899,0.97928,1.00,2.32
2015.01.15 16:33:56.225,0.97899,0.97926,1.00,2.32
2015.01.15 16:33:56.831,0.97899,0.97929,1.00,2.70
2015.01.15 16:33:58.235,0.97899,0.97924,1.00,2.32
2015.01.15 16:33:58.388,0.97888,0.97924,1.20,2.70
2015.01.15 16:33:58.708,0.97893,0.97924,1.00,2.32
2015.01.15 16:34:00.483,0.97893,0.9792,1.00,2.32
2015.01.15 16:34:00.584,0.97888,0.97916,1.00,2.32
2015.01.15 16:34:02.912,0.97889,0.97916,1.00,2.32
2015.01.15 16:34:03.271,0.97889,0.97914,1.00,4.50
2015.01.15 16:34:03.322,0.97884,0.97914,1.00,4.50
2015.01.15 16:34:03.749,0.97888,0.97914,1.00,4.50
2015.01.15 16:34:06.285,0.97883,0.97915,1.00,2.32
2015.01.15 16:34:10.686,0.97884,0.97915,1.00,2.32
2015.01.15 16:34:12.358,0.97883,0.97915,1.00,2.32
2015.01.15 16:34:12.900,0.97884,0.97915,1.00,2.32
2015.01.15 16:34:13.765,0.97883,0.97915,1.00,2.32
2015.01.15 16:34:16.001,0.97883,0.97914,1.00,4.50
2015.01.15 16:34:16.101,0.97878,0.97909,1.00,2.32
2015.01.15 16:34:16.423,0.97879,0.97913,1.00,4.57
2015.01.15 16:34:17.191,0.97874,0.97911,1.15,1.52
2015.01.15 16:34:20.093,0.97883,0.97912,2.10,1.27
2015.01.15 16:34:20.194,0.97889,0.97917,2.32,2.62
2015.01.15 16:34:20.245,0.97889,0.97917,2.32,1.50
2015.01.15 16:34:20.296,0.97889,0.97921,2.70,1.37
2015.01.15 16:34:20.347,0.9788,0.97916,1.90,1.15
2015.01.15 16:34:20.398,0.97883,0.97916,2.32,1.00
2015.01.15 16:34:20.499,0.9788,0.97916,2.32,1.15
2015.01.15 16:34:20.600,0.97874,0.97912,3.82,2.32
2015.01.15 16:34:20.903,0.97872,0.97909,1.52,2.32
2015.01.15 16:34:21.411,0.97868,0.97907,3.07,2.32
2015.01.15 16:34:24.322,0.97864,0.97905,6.75,4.50
2015.01.15 16:34:25.508,0.97868,0.97905,2.40,2.32
2015.01.15 16:34:25.660,0.97884,0.97913,1.00,1.52
2015.01.15 16:34:25.761,0.97884,0.9792,1.15,1.52
2015.01.15 16:34:26.338,0.97884,0.97921,1.15,4.50
2015.01.15 16:34:26.439,0.97889,0.97921,1.00,4.50
2015.01.15 16:34:27.528,0.97889,0.97924,1.10,2.32
2015.01.15 16:34:27.730,0.97889,0.97926,1.15,2.32
2015.01.15 16:34:30.840,0.97888,0.97926,2.70,2.32
2015.01.15 16:34:30.890,0.9789,0.97929,2.32,2.70
2015.01.15 16:34:31.630,0.97894,0.97929,2.32,2.62
2015.01.15 16:34:31.680,0.97895,0.97934,2.32,2.02
2015.01.15 16:34:32.236,0.97895,0.97935,2.32,2.32
2015.01.15 16:34:32.355,0.97895,0.97933,2.32,2.32
2015.01.15 16:34:32.406,0.97893,0.97932,5.70,2.32
2015.01.15 16:34:32.508,0.97896,0.97935,2.70,3.07
2015.01.15 16:34:32.811,0.97894,0.97931,1.65,2.32
2015.01.15 16:34:33.264,0.97894,0.97932,3.07,2.32
2015.01.15 16:34:33.592,0.97898,0.97934,1.15,2.32
2015.01.15 16:34:37.946,0.97895,0.97936,2.32,1.15
2015.01.15 16:34:38.148,0.97906,0.97936,2.32,1.00
2015.01.15 16:34:38.198,0.97906,0.9794,2.70,1.00
2015.01.15 16:34:38.249,0.97909,0.97947,4.87,2.02
2015.01.15 16:34:38.961,0.97904,0.97945,1.15,2.32
2015.01.15 16:34:39.290,0.97899,0.97941,3.45,2.32
2015.01.15 16:34:39.598,0.97903,0.97945,2.32,2.32
2015.01.15 16:34:43.453,0.97903,0.97942,2.32,2.70
2015.01.15 16:34:43.504,0.979,0.97941,2.32,2.32
2015.01.15 16:34:46.892,0.97904,0.97945,2.32,3.07
2015.01.15 16:34:47.490,0.97902,0.97942,1.15,2.32
2015.01.15 16:34:49.915,0.97899,0.97938,2.32,2.70
2015.01.15 16:34:50.016,0.97895,0.97931,1.10,2.32
2015.01.15 16:34:53.460,0.97893,0.97935,2.70,1.15
2015.01.15 16:34:53.964,0.9789,0.97932,2.32,2.32
2015.01.15 16:35:01.384,0.9789,0.97926,2.32,1.00
2015.01.15 16:35:02.408,0.9789,0.9793,2.32,1.15
2015.01.15 16:35:03.126,0.9789,0.97926,2.32,1.00
2015.01.15 16:35:04.919,0.97889,0.97921,2.25,2.25
2015.01.15 16:35:04.969,0.97884,0.97921,1.07,2.32
2015.01.15 16:35:08.270,0.9788,0.97917,2.25,2.32
2015.01.15 16:35:08.321,0.97874,0.97916,3.45,2.32
2015.01.15 16:35:08.634,0.97878,0.97916,2.02,2.32
2015.01.15 16:35:08.736,0.97882,0.97918,1.27,1.10
2015.01.15 16:35:08.837,0.97884,0.97926,3.07,2.32
2015.01.15 16:35:09.300,0.97884,0.97924,3.37,2.32
2015.01.15 16:35:09.350,0.97884,0.97922,1.45,2.32
2015.01.15 16:35:09.401,0.97888,0.97919,1.87,2.32
2015.01.15 16:35:09.553,0.97891,0.97925,1.50,1.15
2015.01.15 16:35:10.065,0.97885,0.97927,4.95,2.32
2015.01.15 16:35:11.632,0.97884,0.97923,3.07,2.32
2015.01.15 16:35:11.783,0.97886,0.97924,2.70,1.00
2015.01.15 16:35:11.935,0.97885,0.97924,2.32,2.25
2015.01.15 16:35:11.985,0.97883,0.97924,1.15,4.50
2015.01.15 16:35:12.036,0.97883,0.9792,1.17,2.32
2015.01.15 16:35:12.087,0.97883,0.9792,1.10,2.32
2015.01.15 16:35:12.137,0.97886,0.97921,2.25,2.25
2015.01.15 16:35:12.188,0.97886,0.97926,2.32,1.17
2015.01.15 16:35:12.239,0.97885,0.97925,4.20,2.25
2015.01.15 16:35:12.289,0.97882,0.97925,5.25,4.50
2015.01.15 16:35:12.652,0.97882,0.9792,2.70,2.32
2015.01.15 16:35:12.703,0.9788,0.9792,2.02,2.32
2015.01.15 16:35:14.730,0.97885,0.97922,2.25,2.25
2015.01.15 16:35:14.781,0.97885,0.97925,2.70,1.52
2015.01.15 16:35:14.831,0.97895,0.97929,2.25,3.37
2015.01.15 16:35:14.882,0.97895,0.97929,2.32,1.37
2015.01.15 16:35:14.933,0.97896,0.9793,2.02,1.00
2015.01.15 16:35:15.034,0.97897,0.97938,2.40,1.15
2015.01.15 16:35:15.135,0.979,0.97938,2.25,1.65
2015.01.15 16:35:15.588,0.979,0.97938,2.32,2.32
2015.01.15 16:35:15.639,0.97898,0.97937,2.32,2.32
2015.01.15 16:35:15.841,0.97895,0.97935,2.32,2.32
2015.01.15 16:35:15.892,0.97895,0.97932,2.25,2.32
2015.01.15 16:35:15.942,0.97892,0.9793,1.52,2.32
2015.01.15 16:35:16.446,0.97889,0.97927,1.15,2.32
2015.01.15 16:35:16.749,0.97881,0.9792,1.65,2.32
2015.01.15 16:35:16.900,0.97879,0.97918,2.32,2.32
2015.01.15 16:35:16.951,0.97876,0.97917,2.32,2.32
2015.01.15 16:35:18.490,0.97876,0.97915,2.32,2.32
2015.01.15 16:35:18.809,0.97874,0.97913,2.32,2.32
2015.01.15 16:35:19.196,0.97882,0.97913,2.25,2.25
2015.01.15 16:35:19.246,0.97882,0.97914,4.50,1.00
2015.01.15 16:35:19.297,0.97885,0.97915,2.70,1.00
2015.01.15 16:35:19.398,0.97888,0.97921,2.32,1.07
2015.01.15 16:35:19.449,0.97888,0.97926,4.50,1.15
2015.01.15 16:35:19.499,0.97888,0.97927,2.32,2.70
2015.01.15 16:35:19.550,0.97885,0.97926,2.32,2.32
2015.01.15 16:35:19.802,0.97885,0.97923,2.32,2.32
2015.01.15 16:35:19.852,0.97883,0.97922,2.70,2.32
2015.01.15 16:35:20.710,0.97883,0.9792,2.25,2.32
2015.01.15 16:35:20.760,0.97879,0.97918,3.07,2.32
2015.01.15 16:35:21.215,0.97881,0.97918,2.32,2.32
2015.01.15 16:35:21.265,0.97881,0.9792,4.50,1.15
2015.01.15 16:35:21.316,0.97883,0.97921,2.32,1.17
2015.01.15 16:35:21.367,0.97884,0.97921,2.32,1.17
2015.01.15 16:35:22.106,0.97884,0.97922,3.07,1.15
2015.01.15 16:35:22.212,0.97892,0.97922,2.25,1.07
2015.01.15 16:35:22.263,0.97895,0.97922,1.15,1.00
2015.01.15 16:35:22.313,0.97901,0.97922,2.25,1.00
2015.01.15 16:35:22.414,0.97902,0.97933,3.07,1.10
2015.01.15 16:35:22.465,0.97909,0.97938,1.00,5.25
2015.01.15 16:35:22.566,0.97918,0.97945,2.02,1.00
2015.01.15 16:35:22.617,0.97918,0.97945,1.27,1.00
2015.01.15 16:35:22.768,0.97918,0.97957,1.27,2.32
2015.01.15 16:35:23.736,0.97916,0.97952,2.25,2.70
2015.01.15 16:35:23.786,0.97912,0.9795,2.32,2.32
2015.01.15 16:35:23.888,0.97908,0.97948,1.15,2.32
2015.01.15 16:35:23.938,0.97907,0.97945,3.07,2.32
2015.01.15 16:35:24.467,0.97906,0.97944,2.70,2.32
2015.01.15 16:35:25.717,0.97909,0.97944,2.32,2.32
2015.01.15 16:35:25.768,0.97913,0.97949,1.15,4.50
2015.01.15 16:35:25.819,0.97913,0.97949,1.15,3.00
2015.01.15 16:35:25.870,0.97915,0.97949,2.02,1.10
2015.01.15 16:35:25.921,0.97921,0.97954,2.25,3.00
2015.01.15 16:35:25.971,0.97922,0.97954,2.70,1.00
2015.01.15 16:35:26.022,0.97922,0.97961,2.70,2.32
2015.01.15 16:35:26.426,0.97922,0.97958,2.32,2.32
2015.01.15 16:35:26.477,0.97919,0.97957,2.70,2.32
2015.01.15 16:35:26.528,0.97919,0.97954,2.62,2.32
2015.01.15 16:35:26.578,0.97918,0.97952,1.57,2.32
2015.01.15 16:35:26.730,0.9791,0.97946,3.07,2.32
2015.01.15 16:35:26.831,0.97909,0.97946,1.15,4.50
2015.01.15 16:35:26.982,0.97908,0.97943,1.07,2.32
2015.01.15 16:35:27.033,0.97908,0.97943,1.00,4.50
2015.01.15 16:35:27.569,0.97902,0.97943,4.87,4.50
2015.01.15 16:35:28.590,0.97902,0.97939,2.32,2.32
2015.01.15 16:35:28.641,0.97898,0.97939,2.70,2.32
2015.01.15 16:35:28.993,0.97897,0.97935,2.70,2.32
2015.01.15 16:35:29.527,0.97896,0.97935,2.32,2.32
2015.01.15 16:35:30.297,0.979,0.97937,2.62,2.32
2015.01.15 16:35:30.448,0.97914,0.97946,1.15,1.10
2015.01.15 16:35:30.499,0.97914,0.97948,1.07,2.32
2015.01.15 16:35:30.650,0.97915,0.97952,2.32,1.15
2015.01.15 16:35:30.802,0.97914,0.97951,1.15,2.32
2015.01.15 16:35:31.306,0.97912,0.97951,2.32,2.32
2015.01.15 16:35:32.076,0.97911,0.97936,2.25,2.25
2015.01.15 16:35:32.127,0.97908,0.97936,1.50,2.32
2015.01.15 16:35:32.278,0.97908,0.97933,1.00,2.70
2015.01.15 16:35:32.329,0.97899,0.97933,1.47,2.70
2015.01.15 16:35:32.380,0.97899,0.97933,1.10,2.70
2015.01.15 16:35:33.973,0.97894,0.97933,3.07,2.32
2015.01.15 16:35:34.124,0.97902,0.97942,3.07,3.07
2015.01.15 16:35:34.175,0.97911,0.97942,2.25,2.62
2015.01.15 16:35:34.226,0.97912,0.97945,3.07,1.37
2015.01.15 16:35:34.327,0.97919,0.97955,1.15,4.50
2015.01.15 16:35:34.377,0.97919,0.97948,1.15,1.00
2015.01.15 16:35:34.478,0.97919,0.97956,1.15,1.15
2015.01.15 16:35:34.780,0.97919,0.97954,1.17,3.07
2015.01.15 16:35:35.391,0.97911,0.97952,3.07,2.32
2015.01.15 16:35:37.990,0.97914,0.97951,4.87,1.15
2015.01.15 16:35:38.293,0.97918,0.97954,2.32,1.15
2015.01.15 16:35:38.595,0.97916,0.97955,2.32,3.45
2015.01.15 16:35:39.099,0.97919,0.97952,2.32,1.10
2015.01.15 16:35:39.402,0.97916,0.97952,1.15,1.17
2015.01.15 16:35:39.604,0.97923,0.97956,4.50,1.00
2015.01.15 16:35:39.705,0.97921,0.97956,2.32,1.17
2015.01.15 16:35:40.007,0.97924,0.97957,2.32,1.00
2015.01.15 16:35:40.159,0.97924,0.97961,2.32,1.17
2015.01.15 16:35:40.380,0.97924,0.97956,2.32,1.00
2015.01.15 16:35:41.999,0.97927,0.97956,4.50,1.00
2015.01.15 16:35:42.151,0.97927,0.97961,4.50,1.00
2015.01.15 16:35:42.302,0.97929,0.97961,4.87,1.00
2015.01.15 16:35:42.353,0.97936,0.9797,1.00,5.47
2015.01.15 16:35:42.403,0.97941,0.97972,2.92,1.00
2015.01.15 16:35:42.645,0.97949,0.97981,5.25,1.00
2015.01.15 16:35:42.797,0.97949,0.97977,4.50,1.00
2015.01.15 16:35:43.149,0.97949,0.97982,4.50,1.00
2015.01.15 16:35:43.689,0.97949,0.97981,4.50,1.00
2015.01.15 16:35:43.740,0.97946,0.97981,2.32,1.07
2015.01.15 16:35:43.841,0.97943,0.97981,2.32,1.75
2015.01.15 16:35:44.043,0.97938,0.97979,2.32,2.32
2015.01.15 16:35:44.314,0.97934,0.97973,3.07,2.32
2015.01.15 16:35:44.516,0.97935,0.97974,4.50,1.15
2015.01.15 16:35:44.920,0.97933,0.97971,3.07,3.07
2015.01.15 16:35:45.071,0.97941,0.97975,2.32,1.00
2015.01.15 16:35:45.122,0.97938,0.97972,4.50,1.00
2015.01.15 16:35:45.326,0.97938,0.97976,4.50,1.15
2015.01.15 16:35:45.427,0.97934,0.97974,4.50,4.50
2015.01.15 16:35:46.325,0.97933,0.97972,1.52,2.32
2015.01.15 16:35:46.426,0.97935,0.97976,2.70,3.45
2015.01.15 16:35:46.880,0.97938,0.97976,3.37,2.32
2015.01.15 16:35:46.930,0.97945,0.97981,1.65,2.92
2015.01.15 16:35:47.082,0.97949,0.97981,1.00,3.67
2015.01.15 16:35:47.660,0.97945,0.97981,1.65,2.32
2015.01.15 16:35:47.761,0.97944,0.97978,1.10,2.32
2015.01.15 16:35:48.316,0.97939,0.97976,3.07,3.07
2015.01.15 16:35:48.367,0.97939,0.97975,1.15,2.32
2015.01.15 16:35:49.049,0.97939,0.97973,1.00,2.32
2015.01.15 16:35:50.382,0.97938,0.97973,1.50,2.32
2015.01.15 16:35:50.483,0.97945,0.97981,1.45,3.15
2015.01.15 16:35:50.787,0.9794,0.9798,1.27,4.87
2015.01.15 16:35:51.144,0.97939,0.97977,2.32,3.07
2015.01.15 16:35:51.194,0.97938,0.97977,1.27,5.25
2015.01.15 16:35:51.745,0.97938,0.97974,1.27,2.32
2015.01.15 16:35:51.795,0.97938,0.97973,1.27,2.32
2015.01.15 16:35:52.249,0.97938,0.97969,1.00,2.32
2015.01.15 16:35:52.401,0.97933,0.97969,1.17,2.70
2015.01.15 16:35:52.452,0.97933,0.97966,1.00,2.32
2015.01.15 16:35:52.905,0.97932,0.97966,1.85,2.32
2015.01.15 16:35:52.956,0.97932,0.97969,4.20,1.15
2015.01.15 16:35:53.007,0.97935,0.97971,1.92,3.07
2015.01.15 16:35:53.058,0.97938,0.97971,3.07,1.00
2015.01.15 16:35:53.575,0.97944,0.97977,1.12,2.32
2015.01.15 16:35:54.354,0.97941,0.97977,2.02,2.32
2015.01.15 16:35:55.546,0.97944,0.97977,1.00,2.32
2015.01.15 16:35:56.260,0.97944,0.97979,1.07,2.32
2015.01.15 16:35:56.361,0.97939,0.97976,4.20,3.00
2015.01.15 16:35:56.462,0.97939,0.97976,1.52,5.25
2015.01.15 16:35:56.821,0.97935,0.97972,3.07,2.32
2015.01.15 16:35:57.023,0.97933,0.97968,1.17,2.32
2015.01.15 16:35:58.986,0.97933,0.9797,1.15,1.15
2015.01.15 16:36:00.291,0.97933,0.97969,1.00,4.50
2015.01.15 16:36:00.593,0.97933,0.97962,1.00,2.32
2015.01.15 16:36:00.643,0.97928,0.97962,1.00,2.32
2015.01.15 16:36:00.845,0.97923,0.97962,1.15,2.32
2015.01.15 16:36:00.946,0.97923,0.9796,1.07,2.32
2015.01.15 16:36:01.248,0.97924,0.97958,1.00,2.32
2015.01.15 16:36:01.553,0.97924,0.97958,1.82,2.25
2015.01.15 16:36:01.604,0.97924,0.97963,1.90,2.32
2015.01.15 16:36:01.654,0.97925,0.97959,3.07,1.07
2015.01.15 16:36:01.755,0.97927,0.97967,1.27,1.15
2015.01.15 16:36:02.426,0.97933,0.97968,1.00,2.32
2015.01.15 16:36:03.291,0.97933,0.97971,1.17,2.32
2015.01.15 16:36:03.595,0.97933,0.97975,2.70,2.32
2015.01.15 16:36:05.391,0.97937,0.97975,2.32,1.15
2015.01.15 16:36:05.797,0.97941,0.97982,2.70,2.32
2015.01.15 16:36:06.874,0.97941,0.97977,2.25,2.32
2015.01.15 16:36:06.925,0.9794,0.97977,1.00,4.50
2015.01.15 16:36:06.975,0.9794,0.97969,1.00,2.25
2015.01.15 16:36:07.026,0.97936,0.97968,1.00,2.32
2015.01.15 16:36:07.127,0.97938,0.97968,1.00,2.32
2015.01.15 16:36:07.329,0.97934,0.97968,1.00,3.07
2015.01.15 16:36:07.881,0.97925,0.97968,2.32,2.32
2015.01.15 16:36:08.443,0.97939,0.97968,1.00,2.32
2015.01.15 16:36:09.085,0.97938,0.97968,1.00,2.32
2015.01.15 16:36:11.842,0.97933,0.97968,1.10,2.32
2015.01.15 16:36:11.943,0.97933,0.97971,1.17,2.32
2015.01.15 16:36:15.527,0.97934,0.97968,1.10,2.32
2015.01.15 16:36:15.679,0.9793,0.97966,4.50,1.00
2015.01.15 16:36:15.830,0.9793,0.97972,4.87,1.52
2015.01.15 16:36:16.090,0.9793,0.9797,2.32,2.32
2015.01.15 16:36:16.141,0.97927,0.97969,2.32,2.32
2015.01.15 16:36:16.192,0.9793,0.97969,2.32,2.25
2015.01.15 16:36:16.242,0.97932,0.97974,2.32,2.32
2015.01.15 16:36:16.394,0.97932,0.9797,2.25,2.32
2015.01.15 16:36:16.444,0.97926,0.9797,5.62,4.50
2015.01.15 16:36:18.937,0.9793,0.9797,3.45,2.32
2015.01.15 16:36:18.988,0.97931,0.97973,2.70,2.32
2015.01.15 16:36:21.491,0.97939,0.97973,1.00,2.32
2015.01.15 16:36:21.596,0.97934,0.97973,1.27,2.32
2015.01.15 16:36:21.647,0.97934,0.97969,1.00,2.32
2015.01.15 16:36:23.151,0.97934,0.97969,1.00,3.07
2015.01.15 16:36:23.453,0.97929,0.97962,1.00,2.70
2015.01.15 16:36:24.137,0.97923,0.97958,1.07,2.32
2015.01.15 16:36:24.289,0.97923,0.97962,1.17,2.32
2015.01.15 16:36:24.446,0.97924,0.97962,1.52,2.32
2015.01.15 16:36:24.497,0.97926,0.97966,1.52,2.32
2015.01.15 16:36:24.914,0.97932,0.97966,1.00,2.32
2015.01.15 16:36:24.964,0.97933,0.97973,2.32,1.65
2015.01.15 16:36:25.065,0.97938,0.97973,2.32,1.00
2015.01.15 16:36:25.116,0.97939,0.9798,1.15,2.32
2015.01.15 16:36:25.268,0.97942,0.97981,2.32,1.15
2015.01.15 16:36:25.570,0.97946,0.97986,2.32,1.15
2015.01.15 16:36:26.124,0.97951,0.97988,2.32,2.25
2015.01.15 16:36:26.175,0.97957,0.97994,1.57,2.32
2015.01.15 16:36:26.226,0.97957,0.97994,1.65,2.25
2015.01.15 16:36:26.276,0.97959,0.97995,1.65,1.10
2015.01.15 16:36:26.427,0.97958,0.97996,1.07,2.32
2015.01.15 16:36:26.478,0.97958,0.97995,1.10,2.32
2015.01.15 16:36:28.370,0.97954,0.97992,1.07,2.70
2015.01.15 16:36:28.421,0.97954,0.9799,1.00,2.70
2015.01.15 16:36:28.471,0.97954,0.97987,1.00,2.70
2015.01.15 16:36:28.723,0.97954,0.9799,1.12,2.32
2015.01.15 16:36:28.774,0.97954,0.9799,1.20,2.32
2015.01.15 16:36:28.824,0.97954,0.97994,1.52,4.50
2015.01.15 16:36:29.736,0.97954,0.97994,3.82,2.32
2015.01.15 16:36:29.837,0.97955,0.97997,2.70,3.07
2015.01.15 16:36:29.938,0.97957,0.97997,3.07,2.25
2015.01.15 16:36:30.045,0.97959,0.98001,2.32,3.07
2015.01.15 16:36:30.361,0.97962,0.98001,2.32,2.32
2015.01.15 16:36:30.411,0.97963,0.98004,2.32,1.15
2015.01.15 16:36:30.942,0.97969,0.98002,1.00,1.65
2015.01.15 16:36:31.043,0.97969,0.98002,1.00,3.82
2015.01.15 16:36:31.406,0.97973,0.98002,1.00,4.50
2015.01.15 16:36:31.558,0.97973,0.98005,1.00,1.15
2015.01.15 16:36:31.659,0.97969,0.98006,1.10,2.32
2015.01.15 16:36:33.003,0.97971,0.98006,2.25,2.25
2015.01.15 16:36:33.054,0.97978,0.9801,2.62,1.07
2015.01.15 16:36:33.155,0.9798,0.98014,1.12,1.00
2015.01.15 16:36:33.256,0.9798,0.98021,2.62,2.32
2015.01.15 16:36:33.660,0.9798,0.98017,2.32,2.32
2015.01.15 16:36:33.761,0.9798,0.98017,1.50,4.87
2015.01.15 16:36:34.019,0.97978,0.98017,1.20,4.87
2015.01.15 16:36:34.070,0.97978,0.98011,1.00,2.32
2015.01.15 16:36:34.171,0.97973,0.98011,1.17,2.32
2015.01.15 16:36:34.373,0.97978,0.98011,1.00,3.82
2015.01.15 16:36:34.575,0.97973,0.98011,1.17,2.32
2015.01.15 16:36:35.012,0.97969,0.98008,2.70,2.32
2015.01.15 16:36:35.064,0.97968,0.98007,1.52,2.32
2015.01.15 16:36:35.359,0.97969,0.98004,1.07,2.32
2015.01.15 16:36:35.460,0.97969,0.98003,1.00,2.32
2015.01.15 16:36:35.612,0.97961,0.98003,2.70,2.70
2015.01.15 16:36:35.663,0.97961,0.97999,2.25,2.32
2015.01.15 16:36:35.764,0.97959,0.97998,1.65,2.32
2015.01.15 16:36:36.982,0.97959,0.97994,1.07,2.32
2015.01.15 16:36:37.033,0.97958,0.97993,1.00,2.32
2015.01.15 16:36:37.537,0.97954,0.97993,1.15,2.32
2015.01.15 16:36:37.738,0.97953,0.9799,1.10,2.70
2015.01.15 16:36:37.789,0.97953,0.9799,1.92,2.25
2015.01.15 16:36:37.840,0.97953,0.97994,1.90,1.15
2015.01.15 16:36:37.941,0.9796,0.98002,2.32,4.57
2015.01.15 16:36:38.192,0.97962,0.98002,2.32,2.25
2015.01.15 16:36:38.243,0.97963,0.98006,2.32,1.15
2015.01.15 16:36:39.893,0.97963,0.98007,3.07,3.82
2015.01.15 16:36:39.994,0.97968,0.98007,4.20,3.07
2015.01.15 16:36:40.045,0.97969,0.98007,2.70,1.17
2015.01.15 16:36:40.196,0.97969,0.98009,2.25,4.20
2015.01.15 16:36:40.247,0.97968,0.98007,1.17,2.70
2015.01.15 16:36:40.499,0.97965,0.98004,2.32,2.70
2015.01.15 16:36:40.550,0.97964,0.98003,1.15,2.32
2015.01.15 16:36:41.728,0.97961,0.97999,2.62,1.15
2015.01.15 16:36:41.779,0.9796,0.97998,1.55,2.32
2015.01.15 16:36:41.830,0.97957,0.97995,2.25,2.32
2015.01.15 16:36:41.881,0.97956,0.97995,1.20,4.50
2015.01.15 16:36:44.273,0.97959,0.97995,1.00,4.50
2015.01.15 16:36:44.475,0.97959,0.97998,1.15,1.15
2015.01.15 16:36:44.728,0.97957,0.97995,2.25,4.20
2015.01.15 16:36:44.778,0.97954,0.97994,2.25,2.70
2015.01.15 16:36:45.131,0.97952,0.97989,2.25,2.32
2015.01.15 16:36:45.182,0.9795,0.97987,1.65,1.15
2015.01.15 16:36:46.140,0.97948,0.97988,3.45,2.25
2015.01.15 16:36:46.191,0.97949,0.9799,2.70,1.15
2015.01.15 16:36:46.343,0.97954,0.97993,2.32,2.32
2015.01.15 16:36:46.394,0.97954,0.97995,4.50,1.15
2015.01.15 16:36:49.332,0.97954,0.97995,3.07,2.32
2015.01.15 16:36:49.382,0.97954,0.97994,1.17,2.32
2015.01.15 16:36:56.331,0.97948,0.9799,1.65,4.50
2015.01.15 16:36:57.429,0.9796,0.97989,2.62,1.07
2015.01.15 16:36:57.480,0.9796,0.97999,2.70,1.52
2015.01.15 16:36:57.531,0.97959,0.97997,2.32,1.07
2015.01.15 16:36:57.582,0.97957,0.97997,4.20,1.15
2015.01.15 16:36:57.734,0.97956,0.97992,3.07,1.07
2015.01.15 16:36:57.785,0.97953,0.97992,3.52,1.15
2015.01.15 16:36:57.986,0.97953,0.97989,1.07,2.25
2015.01.15 16:36:58.087,0.97953,0.97989,1.00,2.32
2015.01.15 16:36:58.591,0.97947,0.97984,1.65,2.25
2015.01.15 16:36:58.692,0.97943,0.9798,2.02,2.25
2015.01.15 16:36:58.793,0.97943,0.9798,1.95,2.32
2015.01.15 16:36:58.995,0.97944,0.97976,1.00,2.25
2015.01.15 16:36:59.146,0.97935,0.97976,2.32,2.32
2015.01.15 16:37:02.609,0.9794,0.97977,2.25,2.32
2015.01.15 16:37:02.710,0.9794,0.97981,2.32,1.15
2015.01.15 16:37:03.114,0.97943,0.97978,1.00,2.32
2015.01.15 16:37:03.215,0.97938,0.97974,1.00,2.32
2015.01.15 16:37:03.719,0.97934,0.97971,1.37,2.32
2015.01.15 16:37:03.770,0.97934,0.97971,1.12,2.32
2015.01.15 16:37:03.821,0.97934,0.97976,1.27,2.32
2015.01.15 16:37:05.673,0.97938,0.97976,1.47,2.32
2015.01.15 16:37:05.975,0.97939,0.97979,1.52,2.32
2015.01.15 16:37:06.026,0.97941,0.97983,2.70,3.07
2015.01.15 16:37:06.497,0.97943,0.97983,3.45,2.25
2015.01.15 16:37:06.547,0.97945,0.97987,2.32,2.32
2015.01.15 16:37:11.346,0.97949,0.97982,1.00,2.32
2015.01.15 16:37:12.320,0.97948,0.97982,1.00,2.32
2015.01.15 16:37:13.096,0.97949,0.97982,1.00,2.32
2015.01.15 16:37:13.452,0.97952,0.97989,2.32,1.57
2015.01.15 16:37:13.503,0.97952,0.97989,2.25,1.65
2015.01.15 16:37:13.553,0.97951,0.97989,1.95,2.32
2015.01.15 16:37:13.604,0.97951,0.97989,2.77,2.25
2015.01.15 16:37:13.655,0.97953,0.97992,1.27,1.15
2015.01.15 16:37:14.159,0.97954,0.97987,1.17,1.50
2015.01.15 16:37:14.209,0.97951,0.97985,2.25,1.50
2015.01.15 16:37:14.260,0.97948,0.97985,1.75,1.57
2015.01.15 16:37:14.462,0.97948,0.97981,1.15,1.50
2015.01.15 16:37:14.563,0.97948,0.97981,1.10,1.57
2015.01.15 16:37:15.068,0.97949,0.97984,1.00,1.65
2015.01.15 16:37:15.747,0.97943,0.97985,5.32,2.32
2015.01.15 16:37:17.060,0.97949,0.97985,1.00,3.07
2015.01.15 16:37:17.474,0.97948,0.97981,1.15,1.00
2015.01.15 16:37:17.575,0.97948,0.97988,1.15,2.32
2015.01.15 16:37:17.727,0.97947,0.97985,2.32,1.15
2015.01.15 16:37:17.777,0.97945,0.97985,1.65,1.15
2015.01.15 16:37:19.926,0.97948,0.97984,2.25,1.07
2015.01.15 16:37:19.977,0.97948,0.97984,4.50,1.00
2015.01.15 16:37:20.128,0.97951,0.97984,2.70,1.00
2015.01.15 16:37:20.179,0.97952,0.97986,2.32,1.00
2015.01.15 16:37:20.381,0.9795,0.97991,2.32,3.07
2015.01.15 16:37:20.633,0.97954,0.97991,1.65,2.32
2015.01.15 16:37:20.683,0.97954,0.97991,1.65,1.20
2015.01.15 16:37:20.734,0.97955,0.97991,2.32,1.10
2015.01.15 16:37:20.784,0.97957,0.97996,2.32,1.65
2015.01.15 16:37:27.587,0.97958,0.97999,1.12,2.32
2015.01.15 16:37:27.638,0.97963,0.97999,1.37,3.00
2015.01.15 16:37:27.689,0.97963,0.97999,1.45,1.07
2015.01.15 16:37:28.776,0.97959,0.97999,1.65,2.32
2015.01.15 16:37:30.847,0.97964,0.97999,1.57,3.00
2015.01.15 16:37:30.898,0.97964,0.97999,1.65,1.10
2015.01.15 16:37:32.472,0.97966,0.98004,2.32,2.25
2015.01.15 16:37:32.523,0.97966,0.98005,4.50,1.20
2015.01.15 16:37:32.899,0.97973,0.98009,1.00,1.15
2015.01.15 16:37:33.201,0.97971,0.9801,3.30,1.17
2015.01.15 16:37:33.507,0.97979,0.98013,1.00,2.32
2015.01.15 16:37:34.480,0.9798,0.98013,1.50,2.32
2015.01.15 16:37:35.901,0.97977,0.98013,1.57,2.32
2015.01.15 16:37:35.952,0.97977,0.98015,1.65,1.15
2015.01.15 16:37:36.003,0.97983,0.98014,1.50,1.15
2015.01.15 16:37:36.204,0.97983,0.98016,1.65,1.00
2015.01.15 16:37:36.709,0.97984,0.98021,1.50,1.15
2015.01.15 16:37:36.759,0.97986,0.9802,1.50,1.15
2015.01.15 16:37:36.911,0.97982,0.98021,1.65,1.15
2015.01.15 16:37:37.264,0.97982,0.98021,2.40,1.07
2015.01.15 16:37:37.314,0.97988,0.98021,1.50,1.10
2015.01.15 16:37:37.365,0.97988,0.98023,1.57,1.07
2015.01.15 16:37:37.415,0.97988,0.98023,2.40,1.00
2015.01.15 16:37:37.955,0.97992,0.98027,1.50,1.15
2015.01.15 16:37:38.258,0.97986,0.98024,2.32,2.32
2015.01.15 16:37:38.460,0.97982,0.9802,1.00,4.87
2015.01.15 16:37:39.065,0.9798,0.9802,1.15,4.87
2015.01.15 16:37:39.115,0.9798,0.9802,1.65,4.50
2015.01.15 16:37:39.216,0.97985,0.98021,2.02,1.15
2015.01.15 16:37:39.995,0.97982,0.9802,3.82,2.32
2015.01.15 16:37:40.046,0.97982,0.9802,1.27,4.50
2015.01.15 16:37:40.298,0.97981,0.9802,4.95,2.32
2015.01.15 16:37:40.349,0.97982,0.9802,2.70,1.15
2015.01.15 16:37:41.177,0.97987,0.98023,1.65,3.07
2015.01.15 16:37:41.227,0.97987,0.98023,1.65,1.20
2015.01.15 16:37:43.015,0.97984,0.98023,2.32,2.32
2015.01.15 16:37:43.066,0.97983,0.98022,1.15,2.32
2015.01.15 16:37:43.167,0.97981,0.98019,2.32,2.32
2015.01.15 16:37:43.268,0.97979,0.98018,1.15,2.32
2015.01.15 16:37:44.007,0.97983,0.98018,1.00,2.32
2015.01.15 16:37:44.208,0.9798,0.98018,2.70,2.25
2015.01.15 16:37:44.259,0.97981,0.98023,3.07,3.07
2015.01.15 16:37:44.914,0.97984,0.98023,3.45,2.32
2015.01.15 16:37:44.964,0.97985,0.98027,2.70,2.32
2015.01.15 16:37:51.155,0.9799,0.98024,2.25,1.07
2015.01.15 16:37:51.205,0.97996,0.9803,1.50,1.15
2015.01.15 16:37:51.955,0.97992,0.98032,1.15,2.32
2015.01.15 16:37:52.056,0.9799,0.98028,1.15,2.32
2015.01.15 16:37:52.106,0.97989,0.98028,1.15,2.32
2015.01.15 16:37:57.286,0.97989,0.98024,1.07,2.32
2015.01.15 16:37:57.387,0.97988,0.98024,1.00,2.70
2015.01.15 16:37:57.589,0.97984,0.98021,1.07,3.07
2015.01.15 16:37:57.640,0.97984,0.98021,1.00,5.62
2015.01.15 16:37:57.842,0.97989,0.98021,1.00,4.87
2015.01.15 16:37:58.401,0.97988,0.98021,1.00,4.87
2015.01.15 16:37:58.502,0.97988,0.98022,1.45,1.07
2015.01.15 16:37:58.553,0.97988,0.98022,2.70,1.07
2015.01.15 16:37:59.360,0.9799,0.98027,2.25,1.07
2015.01.15 16:37:59.411,0.9799,0.98027,2.32,1.00
2015.01.15 16:37:59.512,0.9799,0.98031,2.70,1.65
2015.01.15 16:37:59.562,0.97999,0.98031,1.00,1.15
2015.01.15 16:37:59.884,0.98001,0.98036,1.50,3.07
2015.01.15 16:38:00.198,0.98003,0.98036,1.00,2.70
2015.01.15 16:38:00.350,0.97998,0.98032,1.12,2.32
2015.01.15 16:38:00.552,0.97993,0.98032,1.27,2.32
2015.01.15 16:38:00.603,0.97993,0.98028,1.20,2.32
2015.01.15 16:38:01.129,0.97993,0.98028,1.00,2.32
2015.01.15 16:38:02.314,0.97999,0.98028,1.00,2.32
2015.01.15 16:38:02.829,0.97999,0.98028,1.37,2.32
2015.01.15 16:38:02.879,0.97999,0.9803,1.37,2.32
2015.01.15 16:38:02.930,0.97999,0.98033,1.00,4.50
2015.01.15 16:38:03.031,0.97999,0.98034,1.17,1.15
2015.01.15 16:38:03.364,0.98004,0.98037,1.00,2.32
2015.01.15 16:38:03.882,0.98003,0.98037,1.00,2.32
2015.01.15 16:38:04.319,0.97999,0.98037,1.55,2.32
2015.01.15 16:38:06.856,0.97999,0.98037,1.17,3.07
2015.01.15 16:38:06.906,0.97999,0.98033,1.10,2.70
2015.01.15 16:38:07.158,0.97994,0.98031,1.15,1.52
2015.01.15 16:38:07.209,0.97994,0.98029,1.07,2.70
2015.01.15 16:38:07.534,0.97994,0.98025,1.00,2.32
2015.01.15 16:38:08.355,0.97988,0.98025,1.10,2.32
2015.01.15 16:38:09.134,0.97994,0.98025,1.00,2.32
2015.01.15 16:38:09.783,0.97989,0.98025,1.37,2.32
2015.01.15 16:38:13.634,0.97993,0.98025,1.00,2.70
2015.01.15 16:38:14.853,0.9799,0.98025,1.87,2.32
2015.01.15 16:38:14.904,0.9799,0.98025,1.87,2.32
2015.01.15 16:38:15.963,0.97989,0.98025,1.00,2.32
2015.01.15 16:38:18.023,0.97989,0.98022,1.00,2.40
2015.01.15 16:38:18.175,0.9798,0.98017,1.20,2.32
2015.01.15 16:38:18.276,0.97979,0.98014,1.07,2.32
2015.01.15 16:38:18.377,0.97975,0.98013,1.17,2.32
2015.01.15 16:38:21.794,0.97969,0.98008,1.55,3.07
2015.01.15 16:38:22.097,0.97968,0.98002,1.00,2.32
2015.01.15 16:38:22.598,0.97969,0.98002,1.00,2.32
2015.01.15 16:38:24.038,0.97969,0.98002,1.37,2.32
2015.01.15 16:38:24.089,0.97969,0.98005,1.55,1.15
2015.01.15 16:38:24.291,0.97963,0.98003,2.02,2.32
2015.01.15 16:38:24.607,0.97969,0.98003,1.00,2.32
2015.01.15 16:38:24.823,0.97969,0.98009,1.15,2.32
2015.01.15 16:38:25.126,0.9797,0.98005,1.50,2.32
2015.01.15 16:38:25.684,0.97969,0.98005,2.32,2.32
2015.01.15 16:38:28.043,0.97973,0.98005,1.00,2.32
2015.01.15 16:38:28.316,0.9797,0.98005,1.50,2.32
2015.01.15 16:38:28.850,0.97969,0.98005,1.20,2.32
2015.01.15 16:38:28.901,0.97969,0.98005,1.27,2.62
2015.01.15 16:38:28.952,0.97969,0.98008,1.27,1.52
2015.01.15 16:38:29.002,0.97969,0.98007,1.07,2.70
2015.01.15 16:38:29.053,0.97969,0.98006,1.00,2.70
2015.01.15 16:38:30.572,0.97967,0.98005,1.57,2.02
2015.01.15 16:38:30.623,0.97963,0.98,1.00,4.50
2015.01.15 16:38:30.926,0.97961,0.97994,1.87,2.32
2015.01.15 16:38:31.027,0.97961,0.97996,1.57,1.17
2015.01.15 16:38:31.228,0.97962,0.97995,1.50,4.50
2015.01.15 16:38:31.329,0.97961,0.98,1.65,4.50
2015.01.15 16:38:31.380,0.97963,0.98,1.50,4.50
2015.01.15 16:38:31.833,0.9796,0.98,1.65,4.50
2015.01.15 16:38:32.337,0.97962,0.97999,1.50,1.15
2015.01.15 16:38:32.843,0.9796,0.98,1.65,4.50
2015.01.15 16:38:33.148,0.97965,0.98,1.65,1.15
2015.01.15 16:38:33.249,0.97965,0.98001,6.00,1.20
2015.01.15 16:38:33.511,0.97965,0.98002,2.32,2.32
2015.01.15 16:38:33.562,0.97964,0.98002,1.65,4.50
2015.01.15 16:38:36.144,0.97965,0.98002,2.32,2.32
2015.01.15 16:38:36.346,0.97967,0.98002,2.32,1.07
2015.01.15 16:38:37.691,0.9797,0.98007,2.32,1.15
2015.01.15 16:38:37.842,0.97963,0.98004,6.75,4.50
2015.01.15 16:38:53.135,0.97963,0.98,2.32,2.70
2015.01.15 16:38:53.667,0.97962,0.97997,1.65,1.17
2015.01.15 16:38:53.869,0.97964,0.97997,1.65,1.15
2015.01.15 16:38:53.969,0.97964,0.97996,1.65,1.00
2015.01.15 16:38:54.070,0.97964,0.97996,1.65,1.20
2015.01.15 16:38:54.918,0.97962,0.97998,1.65,2.70
2015.01.15 16:38:54.968,0.97958,0.97997,1.15,1.65
2015.01.15 16:38:55.019,0.97958,0.97995,1.07,2.32
2015.01.15 16:38:55.070,0.97958,0.97994,1.10,2.32
2015.01.15 16:38:55.738,0.97953,0.9799,1.65,2.32
2015.01.15 16:38:56.150,0.97958,0.97989,1.50,1.52
2015.01.15 16:38:56.351,0.97956,0.97988,1.65,1.12
2015.01.15 16:38:56.452,0.97961,0.97991,3.82,1.00
2015.01.15 16:38:56.654,0.97955,0.97987,1.15,1.12
2015.01.15 16:38:56.705,0.97958,0.97991,2.32,1.45
2015.01.15 16:38:56.856,0.97962,0.97997,2.32,1.47
2015.01.15 16:38:56.907,0.97962,0.97999,2.32,2.02
2015.01.15 16:38:57.209,0.97962,0.97995,2.25,1.07
2015.01.15 16:38:57.260,0.97958,0.97995,1.27,1.15
2015.01.15 16:38:57.311,0.97956,0.97992,2.32,2.32
2015.01.15 16:38:57.361,0.97955,0.97991,1.65,2.32
2015.01.15 16:38:57.412,0.97959,0.97991,2.25,2.25
2015.01.15 16:38:57.462,0.97962,0.97997,1.65,2.02
2015.01.15 16:38:57.513,0.97962,0.97997,3.82,1.95
2015.01.15 16:38:57.583,0.97963,0.97997,2.32,1.00
2015.01.15 16:38:57.634,0.97963,0.98,2.32,1.17
2015.01.15 16:38:57.735,0.9796,0.97999,2.32,3.07
2015.01.15 16:38:58.037,0.97965,0.98002,1.65,2.32
2015.01.15 16:38:58.559,0.97964,0.98003,2.32,2.32
2015.01.15 16:38:58.862,0.97963,0.98,2.02,2.32
2015.01.15 16:38:59.643,0.97964,0.98004,4.50,4.50
2015.01.15 16:39:00.940,0.97962,0.98001,5.32,2.32
2015.01.15 16:39:03.053,0.97966,0.98003,2.32,1.15
2015.01.15 16:39:05.363,0.97963,0.98,2.02,2.32
2015.01.15 16:39:05.771,0.97964,0.98003,2.32,2.32
2015.01.15 16:39:07.163,0.97962,0.98,1.15,2.32
2015.01.15 16:39:09.148,0.97961,0.97995,2.25,1.17
2015.01.15 16:39:09.198,0.97956,0.97994,1.52,2.32
2015.01.15 16:39:09.450,0.9796,0.97994,1.65,2.25
2015.01.15 16:39:09.501,0.9796,0.97996,2.02,1.15
2015.01.15 16:39:09.551,0.97962,0.97996,3.45,1.07
2015.01.15 16:39:09.602,0.97963,0.97997,4.20,1.95
2015.01.15 16:39:09.653,0.97965,0.97997,2.32,1.10
2015.01.15 16:39:09.703,0.97966,0.98002,2.32,2.02
2015.01.15 16:39:12.159,0.97968,0.98002,2.70,1.07
2015.01.15 16:39:12.310,0.97966,0.98001,2.32,1.07
2015.01.15 16:39:12.411,0.97963,0.97998,2.32,1.20
2015.01.15 16:39:12.613,0.9796,0.97999,1.27,1.52
2015.01.15 16:39:12.965,0.9796,0.97997,1.65,2.32
2015.01.15 16:39:13.503,0.97959,0.97992,1.65,1.17
2015.01.15 16:39:13.864,0.97959,0.97991,1.95,1.17
2015.01.15 16:39:13.914,0.97959,0.97991,1.57,1.15
2015.01.15 16:39:19.664,0.97956,0.97991,3.82,1.07
2015.01.15 16:39:19.765,0.97962,0.97991,1.65,1.10
2015.01.15 16:39:20.290,0.97967,0.97991,1.57,1.00
2015.01.15 16:39:20.492,0.97967,0.97996,1.57,1.00
2015.01.15 16:39:21.142,0.97966,0.97991,2.02,1.00
2015.01.15 16:39:21.362,0.97966,0.97996,2.02,1.00
2015.01.15 16:39:22.487,0.97964,0.97991,2.02,1.00
2015.01.15 16:39:22.588,0.97967,0.97996,1.95,1.00
2015.01.15 16:39:23.125,0.97965,0.97992,2.02,1.00
2015.01.15 16:39:23.878,0.97964,0.97991,2.02,1.00
2015.01.15 16:39:24.130,0.97964,0.97997,2.02,1.00
2015.01.15 16:39:24.574,0.97966,0.97997,2.02,1.00
2015.01.15 16:39:24.775,0.97967,0.98002,2.02,1.27
2015.01.15 16:39:24.876,0.97968,0.98006,2.32,2.32
2015.01.15 16:39:25.078,0.97966,0.98005,2.02,4.50
2015.01.15 16:39:26.180,0.97964,0.98002,3.07,2.32
2015.01.15 16:39:26.282,0.97964,0.98001,1.07,2.32
2015.01.15 16:39:26.383,0.97964,0.97999,1.07,2.32
2015.01.15 16:39:27.277,0.97965,0.97999,1.65,2.32
2015.01.15 16:39:27.378,0.97965,0.98002,2.32,2.32
2015.01.15 16:39:27.479,0.97964,0.98001,1.15,2.32
2015.01.15 16:39:27.580,0.97964,0.98,3.07,1.55
2015.01.15 16:39:27.782,0.97961,0.98,1.65,1.52
2015.01.15 16:39:27.984,0.9796,0.97997,2.32,1.15
2015.01.15 16:39:28.085,0.97959,0.97997,1.65,1.27
2015.01.15 16:39:28.380,0.9796,0.97992,2.32,1.12
2015.01.15 16:39:28.582,0.97957,0.97998,2.32,3.45
2015.01.15 16:39:28.903,0.9796,0.97996,2.32,1.17
2015.01.15 16:39:29.415,0.97961,0.97995,3.82,1.47
2015.01.15 16:39:29.466,0.97961,0.97995,3.82,1.10
2015.01.15 16:39:29.667,0.9796,0.97996,2.32,3.07
2015.01.15 16:39:29.746,0.97958,0.97996,2.02,2.32
2015.01.15 16:39:31.825,0.97959,0.97996,2.02,3.07
2015.01.15 16:39:31.876,0.97959,0.97996,2.02,1.15
2015.01.15 16:39:33.883,0.97962,0.97996,2.32,1.17
2015.01.15 16:39:33.984,0.97959,0.97998,2.70,2.32
2015.01.15 16:39:34.186,0.97959,0.97996,2.32,2.32
2015.01.15 16:39:34.287,0.97958,0.97995,2.77,2.32
2015.01.15 16:39:35.542,0.97957,0.97987,2.32,1.50
2015.01.15 16:39:35.592,0.97954,0.97987,1.17,1.65
2015.01.15 16:39:35.694,0.97949,0.97987,3.45,3.82
2015.01.15 16:39:35.896,0.97954,0.97993,1.65,4.87
2015.01.15 16:39:36.537,0.97956,0.97993,3.82,2.70
2015.01.15 16:39:36.588,0.97958,0.97996,2.32,3.07
2015.01.15 16:39:36.689,0.97962,0.97996,1.15,1.65
2015.01.15 16:39:36.790,0.9797,0.97999,1.15,1.00
2015.01.15 16:39:36.841,0.9797,0.98002,1.15,1.15
2015.01.15 16:39:36.891,0.97974,0.98002,2.25,1.07
2015.01.15 16:39:36.942,0.97974,0.98011,4.50,1.65
2015.01.15 16:39:36.993,0.97977,0.98014,3.07,2.32
2015.01.15 16:39:37.094,0.97981,0.98016,2.32,1.00
2015.01.15 16:39:37.144,0.97981,0.98017,2.25,3.07
2015.01.15 16:39:37.195,0.97978,0.98015,3.82,2.32
2015.01.15 16:39:37.296,0.97983,0.98017,2.32,1.07
2015.01.15 16:39:37.398,0.97985,0.98017,2.32,1.10
2015.01.15 16:39:37.599,0.9799,0.98017,2.32,1.00
2015.01.15 16:39:37.650,0.9799,0.98024,2.32,3.00
2015.01.15 16:39:37.801,0.97985,0.98021,5.62,1.65
2015.01.15 16:39:37.902,0.97982,0.98019,2.32,1.65
2015.01.15 16:39:38.104,0.97986,0.98021,4.50,1.65
2015.01.15 16:39:38.205,0.97981,0.9802,2.70,2.32
2015.01.15 16:39:38.306,0.97978,0.98019,5.70,2.32
2015.01.15 16:39:38.507,0.97978,0.98017,3.45,2.32
2015.01.15 16:39:38.810,0.9798,0.98015,1.55,2.32
2015.01.15 16:39:39.100,0.9798,0.98018,1.52,2.32
2015.01.15 16:39:39.606,0.9798,0.98017,1.07,2.32
2015.01.15 16:39:39.707,0.97979,0.98016,1.65,2.32
2015.01.15 16:39:40.652,0.97978,0.98016,2.32,3.82
2015.01.15 16:39:41.155,0.97979,0.98017,3.07,2.32
2015.01.15 16:39:41.953,0.97983,0.98017,1.52,2.32
2015.01.15 16:39:42.003,0.97983,0.9802,1.52,2.32
2015.01.15 16:39:42.054,0.97987,0.9802,3.37,2.25
2015.01.15 16:39:42.105,0.97988,0.98024,2.70,1.15
2015.01.15 16:39:42.206,0.9799,0.98024,2.32,1.17
2015.01.15 16:39:42.257,0.9799,0.98029,4.20,2.32
2015.01.15 16:39:42.559,0.9799,0.98025,2.25,2.32
2015.01.15 16:39:42.610,0.97989,0.98023,1.10,2.32
2015.01.15 16:39:42.660,0.97991,0.98023,1.00,2.32
2015.01.15 16:39:42.812,0.97988,0.98027,1.15,4.50
2015.01.15 16:39:43.215,0.9799,0.98027,2.32,2.32
2015.01.15 16:39:43.316,0.9799,0.98031,4.50,5.25
2015.01.15 16:39:43.517,0.97989,0.98026,1.65,3.82
2015.01.15 16:39:43.820,0.97978,0.98013,2.02,1.65
2015.01.15 16:39:44.122,0.97985,0.98021,3.75,2.32
2015.01.15 16:39:44.223,0.9798,0.98017,3.82,1.65
2015.01.15 16:39:44.425,0.9798,0.98015,2.25,1.65
2015.01.15 16:39:44.526,0.97979,0.98015,1.17,3.82
2015.01.15 16:39:44.930,0.97979,0.98015,2.32,3.82
2015.01.15 16:39:45.031,0.97979,0.98016,4.50,1.65
2015.01.15 16:39:45.435,0.97983,0.9802,3.82,2.32
2015.01.15 16:39:45.636,0.97988,0.98027,4.20,2.32
2015.01.15 16:39:47.093,0.97989,0.98024,1.15,2.32
2015.01.15 16:39:47.496,0.97989,0.98026,3.75,3.07
2015.01.15 16:39:47.547,0.97989,0.98028,3.82,2.32
2015.01.15 16:39:50.425,0.97988,0.98026,2.32,3.07
2015.01.15 16:39:50.476,0.97986,0.98025,1.15,1.65
2015.01.15 16:39:50.526,0.97985,0.98022,2.32,2.32
2015.01.15 16:39:50.678,0.97979,0.9802,5.25,4.50
2015.01.15 16:39:52.219,0.97984,0.9802,1.17,2.32
2015.01.15 16:39:52.270,0.97984,0.98021,1.15,1.65
2015.01.15 16:39:53.024,0.97981,0.98019,2.32,2.70
2015.01.15 16:39:53.399,0.9798,0.98019,3.07,3.07
2015.01.15 16:39:53.500,0.9798,0.98019,2.32,3.07
2015.01.15 16:39:53.551,0.97974,0.98015,4.50,4.87
2015.01.15 16:39:53.652,0.97979,0.98012,4.50,1.50
2015.01.15 16:39:53.960,0.97973,0.98009,1.15,2.32
2015.01.15 16:39:54.061,0.97973,0.98014,5.32,3.82
2015.01.15 16:39:54.162,0.97977,0.98018,4.50,6.75
2015.01.15 16:39:57.569,0.97984,0.98018,1.00,4.50
2015.01.15 16:39:57.771,0.97984,0.98023,1.15,5.25
2015.01.15 16:39:57.881,0.97985,0.98024,4.50,1.65
2015.01.15 16:39:58.184,0.97979,0.98018,3.07,3.82
2015.01.15 16:39:58.487,0.97981,0.98019,2.70,1.15
2015.01.15 16:39:59.101,0.97981,0.98017,1.15,1.75
2015.01.15 16:39:59.404,0.97973,0.98009,1.27,1.65
2015.01.15 16:40:00.109,0.97974,0.98008,3.07,1.57
2015.01.15 16:40:00.454,0.97977,0.98016,2.32,3.07
2015.01.15 16:40:00.757,0.97974,0.98013,3.45,2.32
2015.01.15 16:40:01.215,0.97978,0.98015,2.25,2.32
2015.01.15 16:40:01.266,0.97983,0.98019,1.10,2.32
2015.01.15 16:40:01.316,0.97988,0.9802,2.25,2.25
2015.01.15 16:40:01.367,0.97988,0.98021,2.32,1.00
2015.01.15 16:40:01.417,0.97991,0.98021,2.32,1.00
2015.01.15 16:40:01.468,0.97991,0.98026,2.32,1.57
2015.01.15 16:40:01.720,0.97989,0.98025,2.32,2.25
2015.01.15 16:40:01.771,0.97986,0.98025,3.07,2.32
2015.01.15 16:40:01.821,0.9799,0.98027,2.25,2.32
2015.01.15 16:40:01.872,0.9799,0.98029,2.32,2.32
2015.01.15 16:40:01.923,0.97988,0.98027,2.32,2.32
2015.01.15 16:40:01.973,0.97988,0.98027,1.15,4.50
2015.01.15 16:40:02.376,0.97986,0.98021,2.32,2.25
2015.01.15 16:40:02.427,0.97984,0.98016,1.15,1.17
2015.01.15 16:40:02.682,0.97984,0.9802,2.32,2.32
2015.01.15 16:40:02.733,0.97984,0.98024,4.50,4.50
2015.01.15 16:40:02.783,0.97987,0.98024,2.32,2.32
2015.01.15 16:40:02.834,0.97988,0.98026,2.32,3.82
2015.01.15 16:40:04.610,0.97985,0.9802,1.00,4.50
2015.01.15 16:40:04.711,0.97985,0.98017,1.00,4.50
2015.01.15 16:40:04.862,0.97979,0.98015,1.15,1.65
2015.01.15 16:40:06.111,0.97978,0.97999,1.50,1.00
2015.01.15 16:40:06.162,0.97975,0.97999,1.00,1.00
2015.01.15 16:40:06.314,0.97969,0.97999,1.00,1.00
2015.01.15 16:40:06.365,0.97968,0.97997,1.20,1.00
2015.01.15 16:40:06.667,0.97963,0.98001,4.50,1.65
2015.01.15 16:40:06.919,0.97967,0.98003,2.32,1.65
2015.01.15 16:40:08.132,0.97969,0.98001,1.00,1.65
2015.01.15 16:40:08.435,0.97966,0.98006,2.70,2.32
2015.01.15 16:40:08.536,0.97972,0.98008,4.50,1.20
2015.01.15 16:40:09.241,0.97976,0.9801,2.32,1.10
2015.01.15 16:40:10.631,0.97981,0.98019,2.32,2.32
2015.01.15 16:40:10.732,0.97977,0.98016,4.20,2.32
2015.01.15 16:40:11.957,0.9798,0.98018,2.32,2.32
2015.01.15 16:40:13.332,0.97977,0.98016,2.32,2.32
2015.01.15 16:40:15.585,0.97979,0.9802,5.25,4.50
2015.01.15 16:40:15.635,0.97985,0.9802,2.25,2.25
2015.01.15 16:40:15.686,0.97985,0.98025,4.50,1.65
2015.01.15 16:40:23.652,0.97989,0.98026,2.32,2.32
2015.01.15 16:40:23.702,0.97989,0.98027,2.32,1.15
2015.01.15 16:40:23.955,0.97988,0.98024,1.15,2.25
2015.01.15 16:40:24.106,0.97986,0.98022,1.20,4.50
2015.01.15 16:40:26.676,0.97984,0.98018,1.17,2.32
2015.01.15 16:40:26.727,0.97983,0.98018,1.07,2.32
2015.01.15 16:40:28.184,0.97986,0.9802,1.57,2.32
2015.01.15 16:40:28.234,0.97986,0.98022,1.65,2.02
2015.01.15 16:40:28.285,0.97989,0.98022,3.82,1.07
2015.01.15 16:40:28.335,0.97989,0.98022,4.20,1.00
2015.01.15 16:40:28.840,0.97989,0.98026,3.07,1.15
2015.01.15 16:40:29.512,0.97988,0.98026,1.17,2.32
2015.01.15 16:40:33.096,0.97988,0.98027,1.17,3.07
2015.01.15 16:40:33.146,0.97988,0.98027,1.15,1.15
2015.01.15 16:40:33.197,0.97992,0.98027,2.32,1.07
2015.01.15 16:40:33.247,0.97992,0.98027,3.07,1.00
2015.01.15 16:40:33.751,0.97994,0.98026,1.52,1.00
2015.01.15 16:40:33.852,0.97999,0.98026,1.00,1.00
2015.01.15 16:40:34.326,0.97996,0.98032,2.40,1.75
2015.01.15 16:40:34.377,0.97996,0.9803,2.32,3.67
2015.01.15 16:40:34.579,0.97989,0.98022,1.00,1.65
2015.01.15 16:40:34.781,0.9799,0.98021,1.07,1.07
2015.01.15 16:40:34.882,0.9799,0.98026,1.15,1.15
2015.01.15 16:40:35.874,0.97989,0.9802,1.15,2.25
2015.01.15 16:40:36.076,0.97976,0.98012,1.10,2.32
2015.01.15 16:40:36.127,0.97979,0.98012,1.00,2.32
2015.01.15 16:40:36.329,0.97979,0.98013,1.00,1.65
2015.01.15 16:40:36.935,0.97973,0.98011,3.07,1.00
2015.01.15 16:40:37.438,0.97977,0.98016,1.17,1.15
2015.01.15 16:40:37.489,0.97978,0.98016,2.32,1.17
2015.01.15 16:40:39.310,0.97974,0.98008,1.15,1.50
2015.01.15 16:40:39.512,0.97967,0.98001,1.65,2.40
2015.01.15 16:40:39.663,0.97963,0.97996,1.65,1.00
2015.01.15 16:40:39.714,0.97963,0.97996,1.65,1.17
2015.01.15 16:40:39.966,0.97959,0.97993,3.07,1.50
2015.01.15 16:40:40.017,0.97959,0.97993,1.07,1.57
2015.01.15 16:40:40.545,0.97955,0.97991,2.32,2.25
2015.01.15 16:40:41.414,0.97959,0.97991,4.50,2.25
2015.01.15 16:40:41.666,0.97961,0.97997,1.15,1.57
2015.01.15 16:40:42.019,0.97963,0.98001,3.15,1.57
2015.01.15 16:40:42.120,0.97963,0.98001,5.32,1.57
2015.01.15 16:40:44.360,0.97964,0.97998,1.15,2.10
2015.01.15 16:40:44.411,0.97964,0.97998,1.07,2.17
2015.01.15 16:40:44.462,0.97964,0.97989,1.00,1.50
2015.01.15 16:40:44.512,0.97956,0.97989,2.32,1.50
2015.01.15 16:40:44.563,0.97953,0.97988,3.07,1.50
2015.01.15 16:40:45.465,0.97953,0.97992,3.07,2.40
2015.01.15 16:40:45.666,0.9796,0.97992,1.50,1.17
2015.01.15 16:40:45.918,0.97963,0.98,1.65,1.65
2015.01.15 16:40:46.372,0.97964,0.97996,1.65,1.00
2015.01.15 16:40:47.564,0.97964,0.98,1.17,1.65
2015.01.15 16:40:48.441,0.97964,0.97997,1.17,1.50
2015.01.15 16:40:48.744,0.9796,0.97999,3.82,1.57
2015.01.15 16:40:49.046,0.97958,0.97999,1.27,2.32
2015.01.15 16:40:49.815,0.97957,0.97995,1.17,2.25
2015.01.15 16:40:49.865,0.97956,0.97994,1.15,1.65
2015.01.15 16:40:49.916,0.97956,0.97989,1.07,2.25
2015.01.15 16:40:49.967,0.97953,0.97984,1.10,1.57
2015.01.15 16:40:50.018,0.97953,0.97984,1.00,1.57
2015.01.15 16:40:50.069,0.97945,0.97981,1.15,1.50
2015.01.15 16:40:50.597,0.97943,0.97984,3.07,1.65
2015.01.15 16:40:51.263,0.97949,0.97984,1.57,1.57
2015.01.15 16:40:51.314,0.97949,0.97989,3.52,1.65
2015.01.15 16:40:51.364,0.97953,0.97989,2.32,1.57
2015.01.15 16:40:51.415,0.97953,0.97991,2.32,1.65
2015.01.15 16:40:53.846,0.97953,0.97987,2.70,1.00
2015.01.15 16:40:55.238,0.97952,0.97987,3.82,1.07
2015.01.15 16:40:55.289,0.97949,0.97986,3.07,1.65
2015.01.15 16:40:55.440,0.97948,0.97984,2.32,1.57
2015.01.15 16:40:55.491,0.97943,0.97984,2.70,2.02
2015.01.15 16:40:55.995,0.97943,0.97981,2.32,1.00
2015.01.15 16:40:56.520,0.97943,0.97981,2.32,2.32
2015.01.15 16:40:56.571,0.97942,0.97981,1.15,2.40
2015.01.15 16:40:57.202,0.97942,0.9798,3.07,1.07
2015.01.15 16:40:57.252,0.97943,0.9798,2.32,1.00
2015.01.15 16:40:57.794,0.97943,0.97986,2.32,3.07
2015.01.15 16:40:58.525,0.97943,0.97982,2.32,2.70
2015.01.15 16:40:58.713,0.97941,0.97982,1.15,5.25
2015.01.15 16:40:58.764,0.97934,0.97967,1.50,1.65
2015.01.15 16:40:59.067,0.97928,0.97961,2.32,1.00
2015.01.15 16:40:59.117,0.97928,0.97964,3.07,1.50
2015.01.15 16:40:59.622,0.97928,0.97963,2.25,2.25
2015.01.15 16:40:59.672,0.97924,0.97962,1.15,4.20
2015.01.15 16:40:59.723,0.97924,0.97962,3.07,4.12
2015.01.15 16:40:59.774,0.97925,0.97963,2.32,1.65
2015.01.15 16:41:00.923,0.97928,0.97967,2.32,3.37
2015.01.15 16:41:00.974,0.9793,0.97967,2.32,1.20
2015.01.15 16:41:01.226,0.97933,0.97971,2.32,1.55
2015.01.15 16:41:01.377,0.97934,0.97971,2.32,1.17
2015.01.15 16:41:01.528,0.97947,0.97973,2.25,1.95
2015.01.15 16:41:01.579,0.97948,0.97973,2.32,1.37
2015.01.15 16:41:01.680,0.97948,0.97987,2.32,1.85
2015.01.15 16:41:01.831,0.97952,0.97987,2.32,1.85
2015.01.15 16:41:02.083,0.97949,0.97986,1.65,1.75
2015.01.15 16:41:02.184,0.97949,0.97991,1.65,1.27
2015.01.15 16:41:02.754,0.97943,0.97985,3.07,2.32
2015.01.15 16:41:03.056,0.97948,0.97986,2.32,1.50
2015.01.15 16:41:03.107,0.97948,0.97976,2.32,1.00
2015.01.15 16:41:03.309,0.97948,0.97986,2.32,1.00
2015.01.15 16:41:05.829,0.97948,0.9799,2.32,1.15
2015.01.15 16:41:05.880,0.97947,0.97985,2.25,2.25
2015.01.15 16:41:05.930,0.97944,0.97985,1.15,2.32
2015.01.15 16:41:06.081,0.97945,0.97981,2.32,1.20
2015.01.15 16:41:06.384,0.9795,0.97986,2.32,1.07
2015.01.15 16:41:06.435,0.9795,0.97986,4.50,1.00
2015.01.15 16:41:06.636,0.9795,0.97992,4.50,1.15
2015.01.15 16:41:06.788,0.9795,0.97989,2.32,3.45
2015.01.15 16:41:06.838,0.97945,0.97987,4.50,1.15
2015.01.15 16:41:08.880,0.97945,0.97984,3.07,2.32
2015.01.15 16:41:08.931,0.97945,0.97984,1.10,2.32
2015.01.15 16:41:08.982,0.97946,0.97984,2.25,1.15
2015.01.15 16:41:09.033,0.97946,0.97984,2.32,1.17
2015.01.15 16:41:09.083,0.97946,0.97981,2.32,1.00
2015.01.15 16:41:09.386,0.97951,0.97981,2.25,1.00
2015.01.15 16:41:09.437,0.97951,0.97987,2.32,1.10
2015.01.15 16:41:09.755,0.97951,0.9799,2.25,3.45
2015.01.15 16:41:09.805,0.97946,0.97988,2.32,2.32
2015.01.15 16:41:11.987,0.9795,0.97989,2.25,1.15
2015.01.15 16:41:12.038,0.9795,0.97989,2.32,1.17
2015.01.15 16:41:12.585,0.9795,0.97986,2.32,1.00
2015.01.15 16:41:13.184,0.9795,0.9799,2.32,1.65
2015.01.15 16:41:25.586,0.9795,0.97986,2.32,1.00
2015.01.15 16:41:26.100,0.9795,0.97987,2.32,1.10
2015.01.15 16:41:29.448,0.97948,0.97987,2.32,2.25
2015.01.15 16:41:29.606,0.97946,0.97987,2.70,2.32
2015.01.15 16:41:30.111,0.97946,0.97981,3.82,1.00
2015.01.15 16:41:32.085,0.97946,0.97976,2.70,1.00
2015.01.15 16:41:32.603,0.97946,0.97983,2.32,1.65
2015.01.15 16:41:33.073,0.97946,0.97977,2.32,1.00
2015.01.15 16:41:34.316,0.97945,0.97977,2.32,1.00
2015.01.15 16:41:34.367,0.97945,0.97981,2.32,1.07
2015.01.15 16:41:34.418,0.97941,0.97981,1.65,1.15
2015.01.15 16:41:34.619,0.9794,0.97976,4.87,1.00
2015.01.15 16:41:35.381,0.9794,0.97977,4.50,1.00
2015.01.15 16:41:37.916,0.9794,0.97976,4.87,1.00
2015.01.15 16:41:38.887,0.9794,0.97977,4.87,2.25
2015.01.15 16:41:39.413,0.9794,0.97976,4.87,1.50
2015.01.15 16:41:42.114,0.9794,0.97977,4.50,2.25
2015.01.15 16:41:43.868,0.9794,0.97976,4.50,1.00
2015.01.15 16:41:45.180,0.9794,0.97977,4.87,1.00
2015.01.15 16:41:45.433,0.97943,0.97979,1.15,1.65
2015.01.15 16:41:45.483,0.97945,0.97979,2.32,1.57
2015.01.15 16:41:45.744,0.97945,0.97981,2.32,1.00
2015.01.15 16:41:46.284,0.97949,0.97982,1.07,1.57
2015.01.15 16:41:46.653,0.97948,0.97987,3.45,1.65
2015.01.15 16:41:46.754,0.97948,0.97987,5.62,1.65
2015.01.15 16:41:47.182,0.97953,0.97986,1.95,1.00
2015.01.15 16:41:47.435,0.97962,0.97995,2.02,1.00
2015.01.15 16:41:47.940,0.97965,0.97996,2.02,1.00
2015.01.15 16:41:48.042,0.97965,0.97996,4.20,1.00
2015.01.15 16:41:48.345,0.9797,0.98006,2.32,1.10
2015.01.15 16:41:48.597,0.9797,0.98002,2.32,1.00
2015.01.15 16:41:49.323,0.9797,0.98001,2.32,1.00
2015.01.15 16:41:50.750,0.97969,0.98001,2.32,1.00
2015.01.15 16:41:50.851,0.97966,0.98001,2.32,2.25
2015.01.15 16:41:50.952,0.97965,0.98001,3.82,1.07
2015.01.15 16:41:51.264,0.97968,0.98001,2.32,1.00
2015.01.15 16:41:51.775,0.97968,0.98002,2.32,1.00
2015.01.15 16:41:56.368,0.97968,0.98007,2.32,1.27
2015.01.15 16:41:56.588,0.97968,0.98002,2.70,1.00
2015.01.15 16:41:57.178,0.97968,0.98001,2.32,1.00
2015.01.15 16:41:57.612,0.97968,0.98006,2.32,2.02
2015.01.15 16:41:57.713,0.97968,0.98005,2.32,1.45
2015.01.15 16:41:57.865,0.97963,0.97998,2.32,1.50
2015.01.15 16:41:57.915,0.97963,0.97996,2.32,1.00
2015.01.15 16:41:58.350,0.97963,0.98,2.70,1.57
2015.01.15 16:41:58.400,0.97967,0.98001,2.32,1.10
2015.01.15 16:41:59.317,0.97967,0.98002,2.70,1.00
2015.01.15 16:42:01.425,0.97967,0.98001,2.70,1.00
2015.01.15 16:42:01.627,0.97967,0.98004,2.70,1.57
2015.01.15 16:42:02.636,0.97967,0.98002,2.70,1.00
2015.01.15 16:42:02.954,0.97964,0.97997,1.17,1.87
2015.01.15 16:42:03.258,0.97964,0.97993,1.17,1.50
2015.01.15 16:42:03.474,0.97964,0.97995,1.17,1.87
2015.01.15 16:42:03.673,0.97964,0.97993,1.17,1.50
2015.01.15 16:42:03.894,0.97964,0.97995,1.17,1.87
2015.01.15 16:42:05.240,0.97964,0.97995,1.17,1.87
2015.01.15 16:42:06.732,0.97961,0.97995,2.32,1.50
2015.01.15 16:42:08.989,0.97961,0.97996,2.32,1.00
2015.01.15 16:42:09.612,0.97961,0.97995,2.32,1.50
2015.01.15 16:42:10.650,0.97961,0.97996,2.32,1.00
2015.01.15 16:42:10.902,0.97965,0.97997,2.25,1.87
2015.01.15 16:42:11.146,0.97965,0.98,2.70,1.50
2015.01.15 16:42:11.398,0.97965,0.98002,2.70,1.57
2015.01.15 16:42:12.202,0.9797,0.98005,2.25,1.45
2015.01.15 16:42:12.353,0.9797,0.98007,2.32,2.70
2015.01.15 16:42:13.112,0.9797,0.98006,2.32,1.50
2015.01.15 16:42:13.682,0.9797,0.98007,2.32,2.70
2015.01.15 16:42:14.223,0.9797,0.98006,2.32,1.00
2015.01.15 16:42:15.813,0.9797,0.98001,2.32,1.00
2015.01.15 16:42:16.091,0.97966,0.98001,4.20,1.00
2015.01.15 16:42:18.365,0.97966,0.98002,2.70,1.10
2015.01.15 16:42:18.731,0.97968,0.98002,2.70,1.00
2015.01.15 16:42:19.036,0.97973,0.98007,2.70,1.50
2015.01.15 16:42:19.641,0.97975,0.98007,1.95,1.07
2015.01.15 16:42:19.691,0.97975,0.98007,1.87,1.07
2015.01.15 16:42:19.742,0.97974,0.98007,2.25,1.00
2015.01.15 16:42:19.894,0.97969,0.98007,3.07,1.00
2015.01.15 16:42:20.347,0.97974,0.98011,3.75,1.17
2015.01.15 16:42:20.398,0.97974,0.98011,3.82,1.10
2015.01.15 16:42:20.894,0.97974,0.98007,3.07,1.00
2015.01.15 16:42:20.945,0.97974,0.98007,1.17,1.00
2015.01.15 16:42:21.046,0.97969,0.98007,3.82,1.00
2015.01.15 16:42:21.597,0.97969,0.98006,2.32,1.00
2015.01.15 16:42:21.748,0.97974,0.98006,2.25,1.00
2015.01.15 16:42:22.051,0.97978,0.98006,2.32,1.00
2015.01.15 16:42:22.102,0.97978,0.98011,2.32,1.00
2015.01.15 16:42:22.319,0.97978,0.98014,2.32,1.00
2015.01.15 16:42:22.862,0.97978,0.98017,2.70,2.40
2015.01.15 16:42:24.398,0.97978,0.98011,2.70,1.00
2015.01.15 16:42:24.549,0.97978,0.98016,2.70,1.07
2015.01.15 16:42:24.750,0.97978,0.98011,2.70,1.00
2015.01.15 16:42:25.855,0.97978,0.98016,2.70,2.32
2015.01.15 16:42:26.637,0.97978,0.98014,2.70,1.50
2015.01.15 16:42:27.204,0.97978,0.98016,2.70,2.70
2015.01.15 16:42:28.127,0.97979,0.98016,2.70,2.32
2015.01.15 16:42:28.329,0.9798,0.98017,2.32,1.15
2015.01.15 16:42:28.379,0.97978,0.98016,2.70,1.65
2015.01.15 16:42:28.944,0.97981,0.98016,2.70,1.17
2015.01.15 16:42:29.448,0.97982,0.98021,2.70,4.95
2015.01.15 16:42:30.939,0.97985,0.98021,4.50,3.15
2015.01.15 16:42:31.546,0.97987,0.98025,4.50,1.15
2015.01.15 16:42:32.100,0.97987,0.98022,4.50,1.00
2015.01.15 16:42:32.718,0.97987,0.98024,4.50,1.15
2015.01.15 16:42:35.681,0.97992,0.98025,2.32,1.00
2015.01.15 16:42:35.984,0.98,0.98031,4.50,1.00
2015.01.15 16:42:36.035,0.98,0.98034,4.50,1.50
2015.01.15 16:42:36.086,0.98004,0.98032,2.32,1.00
2015.01.15 16:42:36.187,0.98004,0.98041,2.32,1.15
2015.01.15 16:42:36.674,0.98003,0.98039,1.17,2.70
2015.01.15 16:42:36.775,0.98003,0.98042,1.15,6.00
2015.01.15 16:42:37.488,0.98003,0.98037,1.17,1.65
2015.01.15 16:42:37.791,0.98002,0.98041,2.32,2.32
2015.01.15 16:42:40.036,0.98006,0.98039,2.25,1.65
2015.01.15 16:42:40.137,0.98012,0.98043,2.32,1.50
2015.01.15 16:42:40.238,0.98012,0.98045,3.82,1.00
2015.01.15 16:42:40.289,0.98014,0.98045,2.32,1.00
2015.01.15 16:42:40.339,0.98014,0.98049,2.32,1.57
2015.01.15 16:42:40.491,0.98011,0.98049,2.32,1.65
2015.01.15 16:42:40.793,0.98005,0.98037,2.32,1.50
2015.01.15 16:42:40.945,0.97999,0.98037,3.07,1.65
2015.01.15 16:42:40.996,0.97996,0.98034,2.32,2.32
2015.01.15 16:42:41.097,0.97993,0.98033,2.77,2.32
2015.01.15 16:42:41.501,0.97995,0.98036,4.87,4.50
2015.01.15 16:42:41.804,0.97998,0.98039,4.50,4.50
2015.01.15 16:42:43.373,0.98008,0.98043,2.32,1.07
2015.01.15 16:42:43.675,0.98014,0.98051,2.32,1.65
2015.01.15 16:42:44.060,0.98014,0.98051,2.32,3.07
2015.01.15 16:42:44.111,0.98011,0.9805,2.32,2.32
2015.01.15 16:42:44.602,0.98009,0.98048,1.15,2.32
2015.01.15 16:42:44.976,0.98005,0.98044,3.07,2.32
2015.01.15 16:42:45.767,0.98008,0.98044,2.32,2.32
2015.01.15 16:42:45.818,0.98008,0.98049,4.50,6.00
2015.01.15 16:42:45.869,0.98008,0.98046,2.70,2.32
2015.01.15 16:42:45.919,0.98005,0.98046,6.75,4.50
2015.01.15 16:42:48.701,0.98008,0.98047,2.32,1.65
2015.01.15 16:42:50.491,0.98012,0.9805,2.32,2.40
2015.01.15 16:42:50.794,0.98015,0.98052,2.32,1.15
2015.01.15 16:42:51.308,0.98011,0.98052,4.87,5.25
2015.01.15 16:42:51.610,0.98018,0.98051,2.32,1.00
2015.01.15 16:42:51.711,0.98013,0.98051,2.02,2.70
2015.01.15 16:42:51.812,0.98009,0.98048,3.45,2.32
2015.01.15 16:42:52.114,0.98005,0.98044,2.32,2.32
2015.01.15 16:42:52.707,0.98009,0.98047,1.15,1.15
2015.01.15 16:42:56.232,0.98008,0.98044,1.15,2.32
2015.01.15 16:42:56.735,0.98009,0.98044,1.17,2.32
2015.01.15 16:43:00.623,0.98009,0.98045,1.17,2.32
2015.01.15 16:43:00.723,0.98009,0.98048,1.15,4.50
2015.01.15 16:43:03.314,0.9801,0.98048,2.32,2.32
2015.01.15 16:43:03.365,0.98011,0.98048,2.32,1.15
2015.01.15 16:43:04.268,0.98013,0.98051,2.32,2.32
2015.01.15 16:43:04.319,0.98013,0.98054,4.87,4.87
2015.01.15 16:43:04.722,0.98017,0.98053,2.32,1.65
2015.01.15 16:43:06.825,0.98015,0.98051,2.32,1.57
2015.01.15 16:43:07.340,0.98014,0.98051,2.32,1.65
2015.01.15 16:43:08.531,0.98019,0.98049,2.25,1.57
2015.01.15 16:43:08.632,0.98019,0.98052,2.32,1.00
2015.01.15 16:43:09.145,0.98019,0.98056,2.32,1.15
2015.01.15 16:43:12.815,0.98019,0.98055,2.32,2.25
2015.01.15 16:43:12.916,0.98019,0.9805,2.32,1.37
2015.01.15 16:43:12.967,0.98015,0.98039,1.00,1.57
2015.01.15 16:43:13.018,0.98009,0.98039,1.65,1.57
2015.01.15 16:43:13.068,0.98009,0.98039,1.50,1.65
2015.01.15 16:43:13.119,0.98004,0.98039,1.15,1.65
2015.01.15 16:43:13.881,0.98009,0.98041,1.00,1.65
2015.01.15 16:43:14.144,0.98003,0.98041,1.65,1.65
2015.01.15 16:43:14.246,0.98005,0.98041,4.50,1.65
2015.01.15 16:43:14.548,0.98003,0.98042,4.50,1.15
2015.01.15 16:43:18.440,0.98003,0.98041,3.07,2.32
2015.01.15 16:43:18.491,0.98003,0.98041,1.15,4.50
2015.01.15 16:43:19.693,0.97999,0.98037,3.82,2.32
2015.01.15 16:43:21.564,0.98002,0.98039,2.32,2.02
2015.01.15 16:43:21.715,0.98003,0.9804,4.50,1.52
2015.01.15 16:43:22.503,0.98007,0.98043,2.32,1.17
2015.01.15 16:43:22.604,0.9801,0.98046,4.50,1.57
2015.01.15 16:43:22.705,0.98008,0.98046,4.50,1.15
2015.01.15 16:43:23.251,0.98008,0.98042,4.50,1.00
2015.01.15 16:43:23.805,0.98008,0.98041,4.50,1.00
2015.01.15 16:43:24.926,0.98008,0.98046,4.50,1.15
2015.01.15 16:43:25.586,0.98012,0.98041,2.32,1.00
2015.01.15 16:43:25.687,0.98012,0.98047,2.32,1.17
2015.01.15 16:43:26.077,0.98012,0.98042,2.32,1.00
2015.01.15 16:43:26.672,0.98007,0.98042,6.00,1.00
2015.01.15 16:43:26.773,0.98004,0.98042,3.45,1.15
2015.01.15 16:43:27.131,0.98004,0.98036,2.32,1.00
2015.01.15 16:43:27.585,0.98006,0.98036,3.82,1.00
2015.01.15 16:43:27.635,0.98006,0.98041,3.82,1.10
2015.01.15 16:43:28.939,0.98006,0.98036,2.32,1.00
2015.01.15 16:43:29.090,0.98003,0.98036,4.50,1.00
2015.01.15 16:43:29.141,0.98003,0.98041,4.50,1.15
2015.01.15 16:43:29.192,0.98,0.98041,2.32,4.57
2015.01.15 16:43:29.293,0.97997,0.98036,4.50,2.40
2015.01.15 16:43:29.494,0.97993,0.98026,1.20,1.15
2015.01.15 16:43:29.797,0.97989,0.98021,2.32,1.00
2015.01.15 16:43:30.341,0.97989,0.98026,2.32,1.15
2015.01.15 16:43:31.110,0.97989,0.98022,2.32,1.00
2015.01.15 16:43:31.223,0.97985,0.98022,2.32,1.17
2015.01.15 16:43:31.325,0.97983,0.98022,7.50,1.15
2015.01.15 16:43:31.905,0.97981,0.98017,3.07,1.15
2015.01.15 16:43:32.006,0.97979,0.98015,1.15,2.32
2015.01.15 16:43:32.107,0.97976,0.98013,1.27,2.32
2015.01.15 16:43:33.212,0.97975,0.98011,2.40,1.15
2015.01.15 16:43:33.313,0.9798,0.98011,2.02,1.00
2015.01.15 16:43:33.414,0.97981,0.98011,4.87,1.00
2015.01.15 16:43:33.465,0.97982,0.9802,1.52,2.40
2015.01.15 16:43:34.813,0.9798,0.98018,1.52,2.32
2015.01.15 16:43:36.016,0.97976,0.98014,2.77,2.32
2015.01.15 16:43:38.130,0.97979,0.98016,2.32,1.65
2015.01.15 16:43:38.433,0.97979,0.98015,1.15,4.50
2015.01.15 16:43:39.219,0.97976,0.98013,2.77,2.32
2015.01.15 16:43:39.725,0.97973,0.98013,2.77,2.32
2015.01.15 16:43:40.302,0.97972,0.98009,2.70,2.32
2015.01.15 16:43:40.353,0.9797,0.98008,1.52,2.32
2015.01.15 16:43:40.661,0.97969,0.98005,1.15,2.32
2015.01.15 16:43:45.242,0.97969,0.98008,2.32,3.82
2015.01.15 16:43:46.841,0.97977,0.98011,2.32,3.15
2015.01.15 16:43:47.144,0.97983,0.98017,2.02,1.15
2015.01.15 16:43:47.510,0.9798,0.98017,1.90,1.15
2015.01.15 16:43:48.066,0.9798,0.98017,1.52,1.15
2015.01.15 16:43:49.391,0.97979,0.98012,2.70,1.00
2015.01.15 16:43:51.390,0.97979,0.98011,2.70,1.00
2015.01.15 16:43:52.009,0.97976,0.98011,3.45,1.17
2015.01.15 16:43:52.060,0.97976,0.98011,2.70,1.15
2015.01.15 16:43:52.110,0.97973,0.98011,2.70,1.15
2015.01.15 16:43:54.201,0.97976,0.98011,2.70,2.40
2015.01.15 16:43:59.501,0.97973,0.98011,2.02,1.15
2015.01.15 16:44:00.829,0.97971,0.98009,3.82,2.32
2015.01.15 16:44:01.350,0.97972,0.98009,2.02,2.32
2015.01.15 16:44:03.358,0.97967,0.98006,3.45,2.70
2015.01.15 16:44:03.459,0.97965,0.98003,2.70,2.32
2015.01.15 16:44:03.560,0.97962,0.98,2.40,2.32
2015.01.15 16:44:03.921,0.97961,0.98,4.57,2.32
2015.01.15 16:44:04.022,0.97964,0.98005,3.07,2.32
2015.01.15 16:44:04.426,0.97963,0.98,3.45,2.25
2015.01.15 16:44:04.527,0.97961,0.98,2.70,2.32
2015.01.15 16:44:09.111,0.97961,0.98,3.07,2.32
2015.01.15 16:44:09.162,0.97963,0.98003,5.25,4.50
2015.01.15 16:44:09.213,0.97967,0.98003,2.40,4.50
2015.01.15 16:44:09.264,0.97969,0.98007,2.70,1.15
2015.01.15 16:44:09.365,0.97971,0.98007,2.70,1.10
2015.01.15 16:44:09.641,0.97974,0.98015,4.87,5.25
2015.01.15 16:44:09.944,0.97981,0.98021,2.32,1.15
2015.01.15 16:44:10.780,0.9798,0.98016,2.32,1.57
2015.01.15 16:44:10.881,0.97978,0.98017,4.50,2.40
2015.01.15 16:44:11.391,0.9798,0.98018,2.32,3.82
2015.01.15 16:44:11.442,0.9798,0.9802,4.50,1.15
2015.01.15 16:44:12.952,0.9798,0.98015,4.50,1.87
2015.01.15 16:44:13.003,0.9798,0.98015,2.32,1.95
2015.01.15 16:44:13.053,0.97976,0.98015,2.32,1.65
2015.01.15 16:44:13.205,0.97975,0.98014,2.32,2.32
2015.01.15 16:44:13.256,0.97973,0.98014,5.25,4.50
2015.01.15 16:44:14.319,0.97973,0.98009,2.32,2.32
2015.01.15 16:44:14.370,0.97971,0.98009,2.32,2.32
2015.01.15 16:44:15.733,0.9797,0.98005,2.32,2.32
2015.01.15 16:44:15.784,0.97967,0.98005,2.32,2.32
2015.01.15 16:44:15.834,0.97966,0.98003,2.32,2.32
2015.01.15 16:44:15.885,0.97964,0.98003,2.32,2.32
2015.01.15 16:44:20.824,0.97967,0.98001,2.70,1.17
2015.01.15 16:44:21.390,0.97968,0.98001,2.02,1.10
2015.01.15 16:44:22.357,0.97971,0.98001,1.12,1.10
2015.01.15 16:44:22.458,0.9797,0.98001,2.02,1.10
2015.01.15 16:44:23.001,0.97973,0.98002,1.00,1.17
2015.01.15 16:44:23.851,0.97967,0.98006,4.42,2.70
2015.01.15 16:44:24.103,0.97967,0.98004,2.25,2.70
2015.01.15 16:44:24.154,0.97963,0.98002,5.70,3.07
2015.01.15 16:44:24.669,0.97964,0.97996,1.15,1.00
2015.01.15 16:44:25.190,0.97964,0.98001,1.52,1.15
2015.01.15 16:44:26.900,0.97969,0.98001,1.50,1.15
2015.01.15 16:44:27.001,0.97969,0.98001,2.77,1.00
2015.01.15 16:44:27.102,0.97973,0.98007,1.12,1.17
2015.01.15 16:44:27.505,0.97975,0.98013,2.32,1.65
2015.01.15 16:44:32.711,0.97975,0.98012,2.32,3.07
2015.01.15 16:44:32.761,0.97972,0.98012,5.25,5.25
2015.01.15 16:44:32.862,0.97969,0.9801,3.07,2.32
2015.01.15 16:44:33.014,0.97969,0.98007,2.32,2.70
2015.01.15 16:44:33.316,0.97967,0.98005,2.32,3.82
2015.01.15 16:44:35.822,0.97963,0.98002,1.15,1.27
2015.01.15 16:44:38.840,0.9796,0.97999,2.32,2.32
2015.01.15 16:44:44.974,0.97957,0.97996,2.70,2.32
2015.01.15 16:44:45.614,0.97957,0.97994,2.32,2.40
2015.01.15 16:44:45.664,0.97951,0.97992,4.50,5.62
2015.01.15 16:44:45.765,0.97949,0.97987,1.15,2.70
2015.01.15 16:44:46.094,0.97945,0.97982,4.20,1.65
2015.01.15 16:44:54.704,0.97949,0.97981,2.32,1.00
2015.01.15 16:44:55.142,0.97949,0.97976,2.32,1.00
2015.01.15 16:44:55.725,0.97949,0.97981,2.32,1.00
2015.01.15 16:44:55.909,0.97946,0.97981,2.32,1.17
2015.01.15 16:44:57.119,0.97946,0.97976,2.32,1.00
2015.01.15 16:44:57.933,0.97946,0.97981,2.32,1.65
2015.01.15 16:44:58.110,0.97946,0.97977,2.32,1.00
2015.01.15 16:45:00.620,0.97946,0.97976,2.32,1.50
2015.01.15 16:45:00.721,0.97942,0.97977,2.32,2.25
2015.01.15 16:45:00.822,0.97946,0.97977,2.32,2.25
2015.01.15 16:45:07.128,0.97946,0.9798,2.32,1.57
2015.01.15 16:45:20.961,0.97945,0.97981,4.50,1.17
2015.01.15 16:45:23.853,0.97945,0.97977,2.32,1.00
2015.01.15 16:45:25.320,0.97945,0.97978,2.32,1.50
2015.01.15 16:45:25.927,0.97945,0.9798,2.32,1.65
2015.01.15 16:45:26.378,0.97945,0.97976,2.32,1.00
2015.01.15 16:45:26.569,0.97941,0.97976,2.70,1.17
2015.01.15 16:45:33.885,0.97941,0.97974,2.32,1.50
2015.01.15 16:45:33.986,0.9794,0.97974,2.32,1.57
2015.01.15 16:45:34.037,0.97939,0.97974,1.15,1.65
2015.01.15 16:45:34.188,0.97936,0.97972,2.32,2.25
2015.01.15 16:45:34.239,0.97934,0.97972,1.15,2.32
2015.01.15 16:45:34.290,0.97936,0.97973,2.32,2.32
2015.01.15 16:45:34.340,0.97936,0.97975,2.32,2.32
2015.01.15 16:45:34.391,0.97939,0.97977,2.32,5.25
2015.01.15 16:45:34.693,0.97942,0.97979,2.32,2.32
2015.01.15 16:45:34.744,0.97942,0.97977,4.50,1.50
2015.01.15 16:45:34.895,0.97942,0.97976,2.32,1.07
2015.01.15 16:45:34.946,0.9794,0.97976,2.32,1.17
2015.01.15 16:45:35.097,0.97939,0.97977,2.32,3.07
2015.01.15 16:45:35.601,0.97938,0.97972,2.32,1.10
2015.01.15 16:45:36.081,0.97937,0.97972,2.32,3.00
2015.01.15 16:45:36.182,0.97933,0.97972,2.32,3.07
2015.01.15 16:45:36.492,0.97931,0.97969,2.32,2.32
2015.01.15 16:45:37.198,0.9793,0.97967,2.32,2.32
2015.01.15 16:45:37.299,0.97929,0.97967,1.15,2.32
2015.01.15 16:45:38.412,0.97931,0.97968,2.32,2.32
2015.01.15 16:45:38.513,0.97933,0.9797,2.32,1.15
2015.01.15 16:45:38.614,0.97933,0.97972,4.50,1.65
2015.01.15 16:45:39.017,0.97933,0.97969,2.32,2.32
2015.01.15 16:45:39.118,0.97929,0.97966,1.15,2.32
2015.01.15 16:45:39.219,0.97925,0.97966,4.50,4.50
2015.01.15 16:45:39.607,0.97923,0.97959,2.32,2.32
2015.01.15 16:45:39.708,0.97923,0.97962,2.70,2.32
2015.01.15 16:45:40.011,0.97922,0.97958,4.20,2.32
2015.01.15 16:45:40.112,0.97917,0.97958,4.87,4.50
2015.01.15 16:45:40.213,0.97915,0.97953,1.15,2.32
2015.01.15 16:45:40.516,0.97905,0.97945,1.15,2.32
2015.01.15 16:45:41.927,0.97905,0.97942,1.15,2.32
2015.01.15 16:45:42.028,0.97905,0.97942,1.15,4.50
2015.01.15 16:45:42.330,0.97906,0.97942,2.32,2.32
2015.01.15 16:45:42.431,0.97906,0.97944,2.32,2.32
2015.01.15 16:45:45.170,0.97906,0.97944,3.07,2.32
2015.01.15 16:45:45.220,0.97913,0.97947,1.95,3.45
2015.01.15 16:45:45.321,0.97918,0.97956,2.32,2.32
2015.01.15 16:45:45.473,0.97919,0.97958,2.32,3.45
2015.01.15 16:45:45.903,0.97915,0.97956,2.32,2.32
2015.01.15 16:45:46.109,0.97919,0.97956,2.32,2.32
2015.01.15 16:45:46.210,0.9792,0.97959,2.32,2.32
2015.01.15 16:45:46.513,0.97917,0.97956,2.32,2.32
2015.01.15 16:45:47.660,0.97919,0.97956,2.32,2.32
2015.01.15 16:45:47.711,0.9792,0.97959,2.32,2.32
2015.01.15 16:45:49.213,0.97919,0.97956,2.32,2.32
2015.01.15 16:45:49.264,0.97916,0.97956,1.15,2.32
2015.01.15 16:45:52.147,0.97924,0.97956,2.25,2.25
2015.01.15 16:45:52.248,0.97924,0.97962,6.00,1.65
2015.01.15 16:45:53.234,0.97924,0.97961,2.32,2.70
2015.01.15 16:45:53.285,0.97922,0.97961,2.32,2.70
2015.01.15 16:45:53.336,0.97921,0.97955,3.00,2.25
2015.01.15 16:45:53.386,0.97921,0.97955,1.00,4.50
2015.01.15 16:45:53.487,0.97916,0.97955,1.15,4.50
2015.01.15 16:45:54.352,0.97918,0.97955,2.32,3.07
2015.01.15 16:45:54.403,0.97918,0.97957,2.32,4.20
2015.01.15 16:45:56.228,0.97919,0.97959,2.32,2.32
2015.01.15 16:45:56.329,0.97919,0.97961,2.32,3.07
2015.01.15 16:45:57.099,0.97919,0.97958,2.32,1.15
2015.01.15 16:45:57.150,0.97916,0.97957,2.32,2.32
2015.01.15 16:45:57.932,0.97916,0.97957,3.82,3.82
2015.01.15 16:45:58.153,0.97931,0.97968,4.50,1.00
2015.01.15 16:45:58.204,0.97931,0.97971,2.70,3.07
2015.01.15 16:45:58.305,0.97936,0.97972,2.32,1.10
2015.01.15 16:46:06.656,0.97938,0.97977,2.32,3.07
2015.01.15 16:46:06.706,0.97938,0.97981,4.50,1.15
2015.01.15 16:46:07.142,0.97947,0.97981,2.62,1.57
2015.01.15 16:46:07.192,0.97949,0.97981,2.70,1.50
2015.01.15 16:46:07.243,0.97949,0.97984,3.45,1.07
2015.01.15 16:46:07.293,0.97952,0.97987,2.25,1.07
2015.01.15 16:46:07.344,0.97952,0.9799,2.32,1.07
2015.01.15 16:46:08.461,0.9795,0.9799,3.07,2.25
2015.01.15 16:46:08.562,0.97951,0.9799,1.15,2.32
2015.01.15 16:46:16.305,0.97952,0.97992,3.82,1.65
2015.01.15 16:46:16.869,0.97954,0.97994,2.32,2.32
2015.01.15 16:46:16.920,0.97956,0.97996,2.32,1.15
2015.01.15 16:46:18.300,0.9796,0.98,4.87,1.15
2015.01.15 16:46:22.744,0.9796,0.97999,2.32,2.32
2015.01.15 16:46:22.794,0.97959,0.97999,1.15,2.32
2015.01.15 16:46:28.422,0.97959,0.97995,1.15,1.95
2015.01.15 16:46:28.473,0.97959,0.9799,1.15,1.50
2015.01.15 16:46:28.523,0.97959,0.9799,1.00,1.57
2015.01.15 16:46:28.574,0.97953,0.9799,1.52,1.57
2015.01.15 16:46:28.625,0.97953,0.97989,1.10,2.32
2015.01.15 16:46:28.726,0.97945,0.97985,1.15,2.32
2015.01.15 16:46:29.025,0.97946,0.97987,2.32,2.77
2015.01.15 16:46:30.254,0.97942,0.97984,4.57,2.32
2015.01.15 16:46:30.556,0.9795,0.97986,4.50,1.00
2015.01.15 16:46:32.413,0.9795,0.97989,4.50,1.20
2015.01.15 16:46:32.918,0.97948,0.97989,2.70,2.32
2015.01.15 16:46:36.123,0.97948,0.97984,2.62,2.32
2015.01.15 16:46:36.174,0.97945,0.97983,1.52,2.32
2015.01.15 16:46:37.943,0.97939,0.97978,1.15,2.32
2015.01.15 16:46:56.129,0.97941,0.97982,2.32,3.07
2015.01.15 16:47:04.623,0.97943,0.97984,2.32,1.27
2015.01.15 16:47:05.266,0.97947,0.97984,4.50,1.00
2015.01.15 16:47:06.281,0.97947,0.97983,4.50,1.50
2015.01.15 16:47:06.482,0.97947,0.97985,4.50,1.65
2015.01.15 16:47:08.235,0.97947,0.97984,4.50,1.50
2015.01.15 16:47:08.762,0.97947,0.97987,4.50,2.77
2015.01.15 16:47:09.653,0.97949,0.97988,1.15,2.02
2015.01.15 16:47:10.596,0.97949,0.97987,1.15,2.40
2015.01.15 16:47:17.165,0.97949,0.97981,1.15,1.50
2015.01.15 16:47:17.266,0.97949,0.9798,1.00,1.57
2015.01.15 16:47:17.367,0.97944,0.97975,1.52,1.50
2015.01.15 16:47:17.468,0.97941,0.97975,1.52,1.50
2015.01.15 16:47:17.519,0.97941,0.97977,1.52,1.57
2015.01.15 16:47:18.185,0.97939,0.97976,2.32,1.50
2015.01.15 16:47:18.554,0.97938,0.97977,2.32,4.50
2015.01.15 16:47:18.604,0.97935,0.97977,2.32,4.57
2015.01.15 16:47:21.471,0.97939,0.97977,2.40,2.25
2015.01.15 16:47:21.521,0.97939,0.97979,4.95,1.15
2015.01.15 16:47:21.572,0.97941,0.97981,2.40,2.32
2015.01.15 16:47:21.723,0.97943,0.97981,3.07,1.07
2015.01.15 16:47:22.518,0.97947,0.97988,4.20,2.32
2015.01.15 16:47:23.273,0.97949,0.97988,2.70,2.25
2015.01.15 16:47:23.324,0.9795,0.97994,2.32,3.07
2015.01.15 16:47:24.421,0.9795,0.97991,2.70,2.32
2015.01.15 16:47:28.136,0.9795,0.97987,2.70,2.32
2015.01.15 16:47:28.187,0.97949,0.97987,2.02,2.32
2015.01.15 16:47:38.464,0.97949,0.97983,1.27,2.25
2015.01.15 16:47:38.767,0.97943,0.9798,2.40,2.32
2015.01.15 16:47:38.868,0.97943,0.9798,1.15,2.32
2015.01.15 16:47:39.346,0.97945,0.97981,2.70,2.32
2015.01.15 16:47:39.447,0.97948,0.97985,2.32,2.32
2015.01.15 16:47:39.548,0.97948,0.97987,5.62,1.15
2015.01.15 16:47:40.821,0.97954,0.97983,1.00,1.65
2015.01.15 16:47:43.556,0.97953,0.97986,1.20,1.65
2015.01.15 16:47:43.859,0.97953,0.97988,1.27,2.32
2015.01.15 16:47:43.959,0.97953,0.97992,1.27,2.32
2015.01.15 16:47:45.046,0.97953,0.97987,2.02,2.25
2015.01.15 16:47:45.248,0.97945,0.97985,6.37,4.50
2015.01.15 16:47:48.365,0.97945,0.97982,2.32,2.32
2015.01.15 16:47:48.466,0.97943,0.97982,6.45,2.32
2015.01.15 16:47:49.172,0.97943,0.9798,1.15,2.32
2015.01.15 16:47:49.273,0.97943,0.9798,1.15,2.70
2015.01.15 16:47:50.151,0.97944,0.97977,1.00,3.82
2015.01.15 16:47:50.681,0.97943,0.97977,1.10,3.82
2015.01.15 16:47:51.356,0.97944,0.97977,1.00,2.32
2015.01.15 16:47:51.608,0.97939,0.97974,1.07,2.32
2015.01.15 16:47:51.975,0.97939,0.97972,1.00,4.50
2015.01.15 16:47:52.126,0.97935,0.97972,1.52,4.87
2015.01.15 16:47:53.446,0.97936,0.97972,2.02,4.50
2015.01.15 16:47:53.496,0.97938,0.97977,3.07,3.07
2015.01.15 16:47:53.597,0.97941,0.9798,2.32,2.32
2015.01.15 16:47:54.493,0.97942,0.97978,1.27,4.50
2015.01.15 16:47:54.695,0.97943,0.97979,1.27,1.15
2015.01.15 16:47:54.997,0.97939,0.97975,1.17,2.32
2015.01.15 16:47:55.299,0.9794,0.97979,2.32,2.32
2015.01.15 16:47:56.807,0.97943,0.97983,4.50,4.50
2015.01.15 16:47:58.568,0.97946,0.97983,2.32,2.32
2015.01.15 16:47:58.619,0.97946,0.97985,2.32,2.32
2015.01.15 16:48:02.407,0.97944,0.97982,1.15,3.45
2015.01.15 16:48:02.508,0.97944,0.9798,1.20,4.50
2015.01.15 16:48:02.609,0.97943,0.97977,1.00,2.32
2015.01.15 16:48:02.709,0.97943,0.97981,1.15,6.00
2015.01.15 16:48:02.810,0.97949,0.97981,1.00,4.50
2015.01.15 16:48:02.925,0.97949,0.97984,1.17,2.32
2015.01.15 16:48:03.907,0.97949,0.97981,1.00,2.32
2015.01.15 16:48:07.637,0.97948,0.97981,1.10,2.32
2015.01.15 16:48:11.217,0.97943,0.9798,2.02,4.50
2015.01.15 16:48:12.464,0.97949,0.97979,1.00,1.65
2015.01.15 16:48:12.876,0.97944,0.97979,1.20,1.65
2015.01.15 16:48:14.706,0.97942,0.97976,1.27,2.32
2015.01.15 16:48:14.757,0.97942,0.97976,1.20,2.32
2015.01.15 16:48:21.116,0.97939,0.97967,1.57,2.25
2015.01.15 16:48:21.167,0.97934,0.97967,1.37,2.32
2015.01.15 16:48:21.268,0.97935,0.97967,1.00,2.32
2015.01.15 16:48:21.368,0.97929,0.97966,1.15,1.15
2015.01.15 16:48:21.419,0.97929,0.97964,1.15,2.32
2015.01.15 16:48:21.621,0.97931,0.97967,1.65,2.32
2015.01.15 16:48:21.722,0.97928,0.97966,2.02,2.32
2015.01.15 16:48:23.328,0.97924,0.9796,2.40,4.50
2015.01.15 16:48:23.630,0.97924,0.97955,1.00,2.32
2015.01.15 16:48:23.894,0.97918,0.97955,1.27,2.32
2015.01.15 16:48:27.950,0.9792,0.97958,2.70,1.15
2015.01.15 16:48:28.253,0.97924,0.97962,2.77,2.32
2015.01.15 16:48:30.035,0.97928,0.9796,1.10,2.32
2015.01.15 16:48:30.490,0.97925,0.97965,1.65,2.32
2015.01.15 16:48:30.943,0.97924,0.9796,3.07,2.32
2015.01.15 16:48:30.994,0.97927,0.97958,1.00,1.15
2015.01.15 16:48:31.045,0.97927,0.97954,1.00,2.32
2015.01.15 16:48:31.095,0.97922,0.97952,1.12,2.32
2015.01.15 16:48:31.146,0.97923,0.97949,1.12,2.32
2015.01.15 16:48:31.247,0.97917,0.97949,1.00,4.50
2015.01.15 16:48:31.348,0.97913,0.97949,1.20,6.00
2015.01.15 16:48:31.449,0.97914,0.97949,1.57,2.32
2015.01.15 16:48:31.499,0.97916,0.97952,1.65,4.50
2015.01.15 16:48:31.550,0.97916,0.97952,1.65,2.32
2015.01.15 16:48:31.601,0.97917,0.97955,2.32,2.32
2015.01.15 16:48:33.787,0.97919,0.97951,1.00,1.65
2015.01.15 16:48:33.888,0.97914,0.97951,1.15,1.65
2015.01.15 16:48:34.140,0.97918,0.97952,1.00,4.50
2015.01.15 16:48:34.191,0.97918,0.97955,1.15,5.25
2015.01.15 16:48:34.721,0.97919,0.97946,1.20,1.50
2015.01.15 16:48:34.923,0.97908,0.97946,2.02,2.32
2015.01.15 16:48:35.024,0.97908,0.97944,1.27,3.82
2015.01.15 16:48:35.075,0.97908,0.97941,1.12,6.00
2015.01.15 16:48:35.125,0.97903,0.97941,1.15,6.00
2015.01.15 16:48:35.579,0.97909,0.97943,1.10,2.32
2015.01.15 16:48:35.991,0.97908,0.97947,3.07,2.32
2015.01.15 16:48:36.293,0.97912,0.9795,2.70,2.32
2015.01.15 16:48:36.792,0.97913,0.97954,2.32,3.07
2015.01.15 16:48:36.895,0.97911,0.9795,2.70,2.32
2015.01.15 16:48:37.248,0.97908,0.97946,1.27,2.32
2015.01.15 16:48:38.168,0.97909,0.97946,4.20,2.25
2015.01.15 16:48:38.218,0.97911,0.9795,2.70,2.32
2015.01.15 16:48:38.320,0.97909,0.97946,1.65,1.15
2015.01.15 16:48:38.622,0.97904,0.97941,1.55,2.32
2015.01.15 16:48:38.673,0.97912,0.97941,1.00,2.32
2015.01.15 16:48:38.824,0.9792,0.97958,2.32,3.07
2015.01.15 16:48:39.530,0.97921,0.97962,3.45,2.32
2015.01.15 16:48:39.631,0.97929,0.97962,1.00,2.32
2015.01.15 16:48:40.286,0.97929,0.97959,1.00,2.32
2015.01.15 16:48:40.638,0.97923,0.97958,2.40,2.32
2015.01.15 16:48:40.689,0.97923,0.97954,1.00,2.32
2015.01.15 16:48:41.323,0.97924,0.97954,1.00,2.32
2015.01.15 16:48:42.806,0.97924,0.9795,1.00,2.32
2015.01.15 16:48:42.907,0.97919,0.9795,1.00,2.32
2015.01.15 16:48:43.109,0.97919,0.97947,1.00,2.32
2015.01.15 16:48:43.159,0.97914,0.97947,1.00,2.32
2015.01.15 16:48:44.148,0.97918,0.97947,1.00,2.32
2015.01.15 16:48:44.335,0.97914,0.97947,1.00,2.32
2015.01.15 16:48:49.064,0.97913,0.97947,1.10,2.32
2015.01.15 16:48:54.426,0.97913,0.97948,1.07,2.32
2015.01.15 16:48:54.527,0.97913,0.97953,1.52,6.00
2015.01.15 16:48:54.930,0.97914,0.97953,1.90,4.50
2015.01.15 16:48:55.444,0.97914,0.97953,1.90,4.50
2015.01.15 16:48:55.937,0.97917,0.97953,1.50,4.50
2015.01.15 16:48:56.241,0.97919,0.97956,1.95,2.32
2015.01.15 16:48:56.544,0.97918,0.97956,2.70,2.32
2015.01.15 16:48:58.785,0.97918,0.97956,3.45,2.70
2015.01.15 16:48:58.836,0.97918,0.97951,1.87,1.65
2015.01.15 16:48:58.988,0.97914,0.97949,1.10,1.65
2015.01.15 16:48:59.038,0.97914,0.97947,1.00,2.32
2015.01.15 16:48:59.576,0.97913,0.97947,1.12,2.32
2015.01.15 16:49:00.178,0.97914,0.97947,1.00,2.32
2015.01.15 16:49:00.721,0.97913,0.97947,1.00,2.32
2015.01.15 16:49:02.377,0.97914,0.97947,1.00,2.32
2015.01.15 16:49:02.579,0.97914,0.97953,1.95,2.32
2015.01.15 16:49:02.945,0.97914,0.97953,1.10,2.32
2015.01.15 16:49:03.936,0.97914,0.97944,1.10,2.25
2015.01.15 16:49:04.137,0.97906,0.97943,1.47,2.32
2015.01.15 16:49:04.238,0.97904,0.97939,1.45,2.32
2015.01.15 16:49:04.289,0.97903,0.97938,1.87,2.32
2015.01.15 16:49:05.128,0.97904,0.97938,1.00,2.32
2015.01.15 16:49:05.462,0.97904,0.97943,1.52,4.50
2015.01.15 16:49:05.513,0.97904,0.97943,3.45,2.32
2015.01.15 16:49:05.564,0.97905,0.97945,2.70,1.15
2015.01.15 16:49:05.715,0.97908,0.97944,1.20,2.32
2015.01.15 16:49:05.766,0.97908,0.97943,1.12,2.32
2015.01.15 16:49:05.817,0.97905,0.9794,1.87,2.32
2015.01.15 16:49:05.917,0.97903,0.97939,1.87,2.32
2015.01.15 16:49:06.445,0.97904,0.97939,1.00,2.32
2015.01.15 16:49:09.312,0.97904,0.97943,1.17,2.32
2015.01.15 16:49:11.004,0.97909,0.97943,1.00,2.32
2015.01.15 16:49:11.315,0.97909,0.97948,1.65,4.50
2015.01.15 16:49:11.416,0.97911,0.97953,2.32,3.45
2015.01.15 16:49:11.518,0.97911,0.9795,2.25,2.32
2015.01.15 16:49:11.820,0.97914,0.97948,1.00,2.32
2015.01.15 16:49:11.921,0.97909,0.97945,1.00,2.32
2015.01.15 16:49:12.375,0.97914,0.97945,1.00,2.32
2015.01.15 16:49:14.346,0.97913,0.97945,1.00,2.32
2015.01.15 16:49:16.285,0.97914,0.97945,1.00,2.32
2015.01.15 16:49:17.216,0.97908,0.97942,1.12,2.32
2015.01.15 16:49:17.368,0.97908,0.97946,1.12,4.50
2015.01.15 16:49:21.564,0.97909,0.97946,1.00,4.50
2015.01.15 16:49:24.336,0.97908,0.97946,1.12,4.50
2015.01.15 16:49:24.885,0.97909,0.97946,1.00,4.50
2015.01.15 16:49:29.379,0.97908,0.97946,1.87,4.50
2015.01.15 16:49:30.156,0.97904,0.97946,1.52,4.50
2015.01.15 16:49:30.343,0.97904,0.97937,1.07,2.25
2015.01.15 16:49:30.395,0.97903,0.97937,1.00,2.32
2015.01.15 16:49:31.370,0.97904,0.97937,1.00,2.32
2015.01.15 16:49:31.420,0.97904,0.97933,1.00,2.25
2015.01.15 16:49:31.622,0.97898,0.97933,1.00,2.32
2015.01.15 16:49:32.383,0.97899,0.97933,1.00,2.32
2015.01.15 16:49:33.161,0.97898,0.97933,1.00,2.32
2015.01.15 16:49:33.679,0.97899,0.97933,1.00,2.32
2015.01.15 16:49:34.806,0.97898,0.97933,1.00,2.32
2015.01.15 16:49:35.108,0.97904,0.97933,1.00,2.32
2015.01.15 16:49:35.209,0.97904,0.97938,1.00,2.32
2015.01.15 16:49:35.511,0.97904,0.97943,1.20,5.25
2015.01.15 16:49:37.899,0.97903,0.97943,4.27,4.50
2015.01.15 16:49:38.404,0.97905,0.97943,1.37,4.50
2015.01.15 16:49:38.505,0.97906,0.97946,2.02,3.07
2015.01.15 16:49:39.009,0.97905,0.97941,1.17,2.25
2015.01.15 16:49:39.210,0.97904,0.97946,2.32,2.32
2015.01.15 16:49:40.274,0.97908,0.97946,3.15,2.32
2015.01.15 16:49:40.766,0.97908,0.97946,3.15,2.32
2015.01.15 16:49:41.709,0.97908,0.97946,3.15,2.32
2015.01.15 16:49:43.734,0.97908,0.97942,1.20,2.32
2015.01.15 16:49:43.986,0.97904,0.97942,1.00,2.32
2015.01.15 16:49:44.492,0.97902,0.97942,1.17,2.32
2015.01.15 16:49:44.633,0.97902,0.97943,2.32,3.07
2015.01.15 16:49:44.735,0.97902,0.97946,4.87,4.50
2015.01.15 16:49:45.576,0.97909,0.97946,1.00,5.25
2015.01.15 16:49:45.878,0.97904,0.97946,1.65,4.50
2015.01.15 16:49:46.513,0.97904,0.97946,3.15,4.50
2015.01.15 16:49:47.034,0.97905,0.97946,1.52,4.50
2015.01.15 16:49:47.085,0.97909,0.97946,1.00,4.50
2015.01.15 16:49:48.085,0.97904,0.97942,1.15,1.65
2015.01.15 16:49:50.914,0.97905,0.97946,1.52,4.50
2015.01.15 16:49:51.453,0.97905,0.97946,1.52,4.50
2015.01.15 16:49:54.730,0.97903,0.97946,1.52,5.25
2015.01.15 16:49:55.355,0.97903,0.97946,1.52,5.25
2015.01.15 16:49:56.385,0.97903,0.97946,2.77,4.50
2015.01.15 16:49:56.896,0.97903,0.97946,2.02,4.50
2015.01.15 16:49:57.412,0.97904,0.97946,1.52,4.50
2015.01.15 16:49:58.417,0.97903,0.97946,2.77,4.50
2015.01.15 16:49:59.816,0.97902,0.9794,4.20,2.25
2015.01.15 16:49:59.937,0.979,0.9794,1.15,2.32
2015.01.15 16:50:02.180,0.97896,0.97935,3.45,2.25
2015.01.15 16:50:02.231,0.97896,0.97935,1.52,2.32
2015.01.15 16:50:03.584,0.97899,0.97935,1.00,2.32
2015.01.15 16:50:03.685,0.97899,0.97936,1.07,2.32
2015.01.15 16:50:03.736,0.97899,0.97938,1.15,1.15
2015.01.15 16:50:05.625,0.97897,0.97936,1.17,2.32
2015.01.15 16:50:05.676,0.97897,0.97936,1.20,4.50
2015.01.15 16:50:06.342,0.97899,0.97936,1.00,4.50
2015.01.15 16:50:08.474,0.97898,0.97936,1.00,4.50
2015.01.15 16:50:09.464,0.97899,0.97936,1.00,4.50
2015.01.15 16:50:09.805,0.97899,0.97938,1.52,2.32
2015.01.15 16:50:10.108,0.97904,0.97937,1.00,1.65
2015.01.15 16:50:10.624,0.97903,0.97938,1.00,2.32
2015.01.15 16:50:11.141,0.97899,0.97938,1.52,2.32
2015.01.15 16:50:11.855,0.97903,0.97938,1.00,2.32
2015.01.15 16:50:12.494,0.97904,0.97938,1.00,2.32
2015.01.15 16:50:15.616,0.97903,0.97938,1.07,1.65
2015.01.15 16:50:15.667,0.97903,0.97938,1.15,1.65
2015.01.15 16:50:22.849,0.97899,0.97937,2.32,1.07
2015.01.15 16:50:22.900,0.97898,0.97937,1.15,1.15
2015.01.15 16:50:25.048,0.97904,0.97939,1.00,4.50
2015.01.15 16:50:25.609,0.97898,0.97939,3.90,4.50
2015.01.15 16:50:26.591,0.97903,0.97939,1.00,4.50
2015.01.15 16:50:26.902,0.97904,0.97941,1.15,1.15
2015.01.15 16:50:27.053,0.97905,0.97942,2.32,1.57
2015.01.15 16:50:27.607,0.97911,0.97947,2.25,2.25
2015.01.15 16:50:27.658,0.97912,0.97949,2.32,1.10
2015.01.15 16:50:30.400,0.97915,0.97951,2.70,1.57
2015.01.15 16:50:30.451,0.97917,0.97952,1.65,1.00
2015.01.15 16:50:30.578,0.97923,0.97952,4.50,1.00
2015.01.15 16:50:30.679,0.97923,0.97962,4.50,1.65
2015.01.15 16:50:31.133,0.97929,0.97967,1.57,2.32
2015.01.15 16:50:31.183,0.97929,0.97969,3.82,1.65
2015.01.15 16:50:32.441,0.97928,0.97966,2.32,1.07
2015.01.15 16:50:32.644,0.97925,0.97967,2.77,3.07
2015.01.15 16:50:33.239,0.97927,0.97967,2.32,3.07
2015.01.15 16:50:33.289,0.97927,0.97967,4.50,1.15
2015.01.15 16:50:34.899,0.97927,0.97966,4.50,1.57
2015.01.15 16:50:34.950,0.97926,0.97965,1.10,4.20
2015.01.15 16:50:35.360,0.97923,0.97959,1.00,4.50
2015.01.15 16:50:35.411,0.97921,0.97957,1.00,1.15
2015.01.15 16:50:35.764,0.97922,0.97961,1.15,1.15
2015.01.15 16:50:36.268,0.97922,0.97961,1.15,1.15
2015.01.15 16:50:36.609,0.97924,0.97961,2.32,1.17
2015.01.15 16:50:50.433,0.97929,0.97966,1.07,2.32
2015.01.15 16:50:50.484,0.97929,0.97969,1.15,1.65
2015.01.15 16:50:52.053,0.97928,0.97969,1.90,1.15
2015.01.15 16:50:52.154,0.97928,0.9797,3.15,2.32
2015.01.15 16:50:52.205,0.97932,0.9797,2.25,2.32
2015.01.15 16:50:52.255,0.97933,0.97971,2.70,1.15
2015.01.15 16:51:01.324,0.97939,0.97974,1.00,3.82
2015.01.15 16:51:02.864,0.97933,0.97974,5.32,2.32
2015.01.15 16:51:03.855,0.97939,0.97974,1.00,2.32
2015.01.15 16:51:04.380,0.97934,0.97974,1.27,2.32
2015.01.15 16:51:07.483,0.97939,0.97974,1.00,2.32
2015.01.15 16:51:08.182,0.97938,0.97974,1.10,2.32
2015.01.15 16:51:08.718,0.97939,0.97974,1.00,2.32
2015.01.15 16:51:09.223,0.97938,0.97974,1.10,2.32
2015.01.15 16:51:11.493,0.97938,0.97974,1.47,2.32
2015.01.15 16:51:11.594,0.97938,0.97976,3.90,1.15
2015.01.15 16:51:11.897,0.97944,0.97978,1.00,2.32
2015.01.15 16:51:12.350,0.97939,0.97976,1.15,1.15
2015.01.15 16:51:12.474,0.97939,0.97975,1.00,2.32
2015.01.15 16:51:12.983,0.97936,0.97972,1.65,1.15
2015.01.15 16:51:13.771,0.97934,0.97966,2.02,1.00
2015.01.15 16:51:14.285,0.97935,0.97967,2.02,1.00
2015.01.15 16:51:14.926,0.97934,0.97966,2.02,1.00
2015.01.15 16:51:17.493,0.97933,0.97967,4.20,1.00
2015.01.15 16:51:19.142,0.97934,0.97971,2.77,1.27
2015.01.15 16:51:21.126,0.9794,0.97971,2.32,1.00
2015.01.15 16:51:21.429,0.97941,0.97976,1.95,2.25
2015.01.15 16:51:21.530,0.97941,0.97977,2.02,1.27
2015.01.15 16:51:21.631,0.9794,0.97976,2.40,1.07
2015.01.15 16:51:22.285,0.97945,0.97976,2.02,1.00
2015.01.15 16:51:22.336,0.97944,0.97981,2.02,2.02
2015.01.15 16:51:22.855,0.97941,0.97977,4.20,1.12
2015.01.15 16:51:23.825,0.97941,0.97977,4.57,1.00
2015.01.15 16:51:24.127,0.97942,0.97979,1.65,2.70
2015.01.15 16:51:24.430,0.97937,0.97975,1.65,2.32
2015.01.15 16:51:34.170,0.97938,0.97975,1.15,3.82
2015.01.15 16:51:34.271,0.97938,0.97968,1.10,2.02
2015.01.15 16:51:34.321,0.97938,0.97966,1.00,2.25
2015.01.15 16:51:34.372,0.97929,0.97966,1.65,2.70
2015.01.15 16:51:36.740,0.9793,0.97967,2.32,2.70
2015.01.15 16:51:36.791,0.97931,0.97969,1.65,2.32
2015.01.15 16:51:36.856,0.97932,0.97971,4.50,1.15
2015.01.15 16:51:42.552,0.97934,0.97969,1.07,2.32
2015.01.15 16:51:42.603,0.9793,0.97969,2.02,4.50
2015.01.15 16:51:43.202,0.97934,0.97969,1.00,5.25
2015.01.15 16:51:44.904,0.97929,0.97968,1.15,1.27
2015.01.15 16:51:45.163,0.97928,0.97964,2.32,2.32
2015.01.15 16:51:45.214,0.97925,0.97964,3.82,2.32
2015.01.15 16:51:45.466,0.97924,0.97961,1.15,2.32
2015.01.15 16:51:56.102,0.97928,0.97961,1.00,2.32
2015.01.15 16:51:58.083,0.97929,0.97961,1.00,2.32
2015.01.15 16:51:58.855,0.97928,0.97961,1.00,2.32
2015.01.15 16:52:01.446,0.97923,0.97961,1.15,2.32
2015.01.15 16:52:02.414,0.97929,0.97961,1.00,2.32
2015.01.15 16:52:02.741,0.97929,0.97963,1.10,2.32
2015.01.15 16:52:03.973,0.97929,0.97965,3.37,2.32
2015.01.15 16:52:04.024,0.97929,0.97969,3.45,1.65
2015.01.15 16:52:04.074,0.97929,0.97965,1.15,2.25
2015.01.15 16:52:04.125,0.97929,0.97965,1.17,2.32
2015.01.15 16:52:04.377,0.97929,0.97967,3.07,4.50
2015.01.15 16:52:11.034,0.97934,0.97965,1.00,2.32
2015.01.15 16:52:11.656,0.97928,0.97965,1.15,2.32
2015.01.15 16:52:12.030,0.97929,0.97967,2.32,3.07
2015.01.15 16:52:12.643,0.97931,0.9797,4.50,1.52
2015.01.15 16:52:12.945,0.97931,0.97968,1.15,2.32
2015.01.15 16:52:13.305,0.97932,0.97969,2.32,1.15
2015.01.15 16:52:13.814,0.97934,0.97971,1.15,2.32
2015.01.15 16:52:14.338,0.97938,0.97971,1.00,2.32
2015.01.15 16:52:15.048,0.97933,0.97971,2.02,2.32
2015.01.15 16:52:15.559,0.97934,0.97971,3.07,3.07
2015.01.15 16:52:15.610,0.97935,0.97971,2.32,1.17
2015.01.15 16:52:16.782,0.97935,0.97971,2.32,1.15
2015.01.15 16:52:16.833,0.97934,0.97971,1.15,1.15
2015.01.15 16:52:18.255,0.97936,0.97973,4.20,2.32
2015.01.15 16:52:18.356,0.97937,0.97974,2.32,1.15
2015.01.15 16:52:19.186,0.97938,0.97974,2.40,2.32
2015.01.15 16:52:19.237,0.97938,0.97973,1.15,2.32
2015.01.15 16:52:20.288,0.97938,0.97973,1.15,2.32
2015.01.15 16:52:20.339,0.97939,0.97976,1.65,2.32
2015.01.15 16:52:20.390,0.97939,0.97976,3.82,2.32
2015.01.15 16:52:20.440,0.97939,0.97977,6.00,2.40
2015.01.15 16:52:21.468,0.97939,0.97976,2.32,1.65
2015.01.15 16:52:21.769,0.97938,0.97976,2.77,3.82
2015.01.15 16:52:23.653,0.97944,0.97976,1.00,2.32
2015.01.15 16:52:24.092,0.97939,0.97976,1.15,4.57
2015.01.15 16:52:26.162,0.97939,0.97975,1.07,2.32
2015.01.15 16:52:26.263,0.97939,0.97973,1.00,1.65
2015.01.15 16:52:26.314,0.97935,0.97973,1.52,1.65
2015.01.15 16:52:29.469,0.97934,0.97971,1.07,2.70
2015.01.15 16:52:29.570,0.97934,0.97971,1.00,4.87
2015.01.15 16:52:30.175,0.97933,0.9797,1.20,1.65
2015.01.15 16:52:33.979,0.97934,0.97971,1.50,6.00
2015.01.15 16:52:34.634,0.97935,0.97971,1.50,4.50
2015.01.15 16:52:34.685,0.97935,0.97971,1.57,2.32
2015.01.15 16:52:34.786,0.97935,0.97975,1.65,3.82
2015.01.15 16:52:35.865,0.97944,0.97975,1.00,3.82
2015.01.15 16:52:36.800,0.97944,0.97975,1.00,1.65
2015.01.15 16:52:37.102,0.97939,0.97974,1.07,1.57
2015.01.15 16:52:37.405,0.97942,0.9798,2.32,1.37
2015.01.15 16:52:37.557,0.97947,0.97986,2.32,1.15
2015.01.15 16:52:37.708,0.97946,0.97985,2.32,2.32
2015.01.15 16:52:37.759,0.97944,0.97985,3.07,2.32
2015.01.15 16:52:37.860,0.97944,0.97983,2.25,3.07
2015.01.15 16:52:37.911,0.97943,0.97981,1.17,2.32
2015.01.15 16:52:38.364,0.97942,0.97981,2.32,2.25
2015.01.15 16:52:38.415,0.97944,0.97983,2.32,1.17
2015.01.15 16:52:38.818,0.97944,0.97983,1.15,2.32
2015.01.15 16:52:38.868,0.97943,0.97983,1.15,2.32
2015.01.15 16:52:39.423,0.97945,0.97984,2.25,2.32
2015.01.15 16:52:39.473,0.97945,0.97985,2.32,2.40
2015.01.15 16:52:39.625,0.97954,0.97985,1.00,2.40
2015.01.15 16:52:39.776,0.97954,0.97986,1.10,1.10
2015.01.15 16:52:40.042,0.97953,0.97986,1.10,1.57
2015.01.15 16:52:40.466,0.97953,0.97979,1.00,1.50
2015.01.15 16:52:40.617,0.97948,0.97981,1.00,1.65
2015.01.15 16:52:40.718,0.97948,0.97979,1.07,1.57
2015.01.15 16:52:40.869,0.97943,0.97977,1.00,2.02
2015.01.15 16:52:40.920,0.97943,0.97979,1.07,2.70
2015.01.15 16:52:40.970,0.97943,0.97982,1.15,4.95
2015.01.15 16:52:41.021,0.97944,0.97982,2.32,1.55
2015.01.15 16:52:41.071,0.97948,0.97983,1.15,2.77
2015.01.15 16:52:41.226,0.97948,0.97977,1.07,1.57
2015.01.15 16:52:41.547,0.97954,0.97975,1.00,1.45
2015.01.15 16:52:41.701,0.97943,0.97975,1.00,1.15
2015.01.15 16:52:41.752,0.97943,0.97977,1.17,1.27
2015.01.15 16:52:41.854,0.97944,0.97979,1.15,1.00
2015.01.15 16:52:41.955,0.97944,0.97984,1.15,1.15
2015.01.15 16:52:42.157,0.97954,0.97984,1.00,1.52
2015.01.15 16:52:42.258,0.97954,0.97984,1.00,1.00
2015.01.15 16:52:42.772,0.97953,0.97988,1.00,1.15
2015.01.15 16:52:43.603,0.97954,0.97988,1.00,1.15
2015.01.15 16:52:44.767,0.97954,0.97987,1.15,1.00
2015.01.15 16:52:45.069,0.97954,0.97989,1.17,1.15
2015.01.15 16:52:45.170,0.97954,0.97988,1.00,2.32
2015.01.15 16:52:46.865,0.97954,0.97988,1.07,1.07
2015.01.15 16:52:46.915,0.97954,0.9799,1.15,1.15
2015.01.15 16:52:47.672,0.97954,0.9799,1.00,5.25
2015.01.15 16:52:53.494,0.97953,0.97989,1.00,1.15
2015.01.15 16:52:53.804,0.97959,0.9799,1.00,6.00
2015.01.15 16:52:53.905,0.97954,0.97988,1.00,1.65
2015.01.15 16:52:54.006,0.97954,0.97985,1.00,2.32
2015.01.15 16:52:54.518,0.97953,0.97985,1.00,2.32
2015.01.15 16:52:54.569,0.97949,0.97985,1.00,2.32
2015.01.15 16:52:57.345,0.97948,0.97985,1.10,2.32
2015.01.15 16:52:57.645,0.97953,0.97985,1.00,2.32
2015.01.15 16:52:57.909,0.97948,0.97985,1.10,2.32
2015.01.15 16:52:58.939,0.97944,0.9798,1.65,1.95
2015.01.15 16:52:59.040,0.97944,0.9798,1.15,2.02
2015.01.15 16:52:59.343,0.97944,0.97976,1.00,2.32
2015.01.15 16:53:03.387,0.97943,0.97976,1.00,2.32
2015.01.15 16:53:03.539,0.97943,0.97979,1.17,2.32
2015.01.15 16:53:03.640,0.97943,0.97981,2.32,2.40
2015.01.15 16:53:04.442,0.97946,0.97985,2.32,2.70
2015.01.15 16:53:06.757,0.97952,0.97985,1.50,2.32
2015.01.15 16:53:06.858,0.97952,0.97987,1.65,1.27
2015.01.15 16:53:08.557,0.97953,0.97986,1.65,1.10
2015.01.15 16:53:08.867,0.97949,0.97986,1.15,2.77
2015.01.15 16:53:08.968,0.97949,0.97984,1.07,2.32
2015.01.15 16:53:09.312,0.97953,0.97986,1.10,2.32
2015.01.15 16:53:09.362,0.97953,0.97991,1.15,3.82
2015.01.15 16:53:09.736,0.97955,0.9799,3.75,1.15
2015.01.15 16:53:09.787,0.97955,0.9799,3.82,1.17
2015.01.15 16:53:11.285,0.97959,0.97991,1.15,1.00
2015.01.15 16:53:11.335,0.97959,0.97995,1.15,1.15
2015.01.15 16:53:11.436,0.97959,0.97989,1.15,1.10
2015.01.15 16:53:11.487,0.97959,0.97989,1.17,1.10
2015.01.15 16:53:12.346,0.97954,0.97992,1.15,4.50
2015.01.15 16:53:12.497,0.97959,0.97992,1.00,4.50
2015.01.15 16:53:12.548,0.97959,0.97995,1.17,2.32
2015.01.15 16:53:12.649,0.97958,0.97999,4.50,4.50
2015.01.15 16:53:13.287,0.97962,0.98001,2.32,3.82
2015.01.15 16:53:13.589,0.97958,0.97996,2.32,1.15
2015.01.15 16:53:13.905,0.97958,0.97994,1.15,2.32
2015.01.15 16:53:17.181,0.97955,0.97992,1.17,2.32
2015.01.15 16:53:17.484,0.97956,0.97995,1.65,5.25
2015.01.15 16:53:18.486,0.9796,0.97998,2.32,3.45
2015.01.15 16:53:18.587,0.97955,0.97995,3.07,1.15
2015.01.15 16:53:21.380,0.97954,0.97993,3.82,2.32
2015.01.15 16:53:21.431,0.97954,0.97993,1.65,2.32
2015.01.15 16:53:21.481,0.97955,0.97994,2.32,2.32
2015.01.15 16:53:21.791,0.97958,0.97995,2.32,1.15
2015.01.15 16:53:24.176,0.97961,0.97998,2.32,3.07
2015.01.15 16:53:24.227,0.97961,0.97998,2.32,1.15
2015.01.15 16:53:25.108,0.97961,0.97998,2.32,2.70
2015.01.15 16:53:25.209,0.97958,0.97997,2.32,2.32
2015.01.15 16:53:27.162,0.97958,0.97994,2.32,2.32
2015.01.15 16:53:27.213,0.97953,0.97994,6.37,4.50
2015.01.15 16:53:27.465,0.97957,0.97994,3.82,2.32
2015.01.15 16:53:27.516,0.97958,0.97997,2.32,4.20
2015.01.15 16:53:29.034,0.97958,0.97995,2.32,2.32
2015.01.15 16:53:29.135,0.97957,0.97994,1.15,2.32
2015.01.15 16:53:29.336,0.97957,0.97994,2.32,2.32
2015.01.15 16:53:29.564,0.97958,0.97997,2.32,2.32
2015.01.15 16:53:30.453,0.97965,0.97997,2.25,2.62
2015.01.15 16:53:30.553,0.97966,0.98001,2.32,1.17
2015.01.15 16:53:30.654,0.97977,0.98001,2.25,1.07
2015.01.15 16:53:30.755,0.97979,0.98006,2.32,1.50
2015.01.15 16:53:30.907,0.97983,0.98013,1.07,1.20
2015.01.15 16:53:31.271,0.97983,0.98015,1.07,1.15
2015.01.15 16:53:31.372,0.97978,0.98014,1.15,2.32
2015.01.15 16:53:31.574,0.97974,0.98012,1.15,2.32
2015.01.15 16:53:33.350,0.97971,0.98008,2.32,1.95
2015.01.15 16:53:33.552,0.97962,0.97999,1.15,2.32
2015.01.15 16:53:33.603,0.97961,0.97999,1.65,2.32
2015.01.15 16:53:33.955,0.97957,0.97996,2.32,2.32
2015.01.15 16:53:34.006,0.97956,0.97996,1.15,2.32
2015.01.15 16:53:34.057,0.97959,0.97997,2.32,2.32
2015.01.15 16:53:34.610,0.97959,0.97998,3.07,2.32
2015.01.15 16:53:36.785,0.97958,0.97996,1.15,6.00
2015.01.15 16:53:36.886,0.97958,0.97992,1.10,2.32
2015.01.15 16:53:37.123,0.97953,0.9799,3.15,4.50
2015.01.15 16:53:37.476,0.97949,0.97987,3.07,3.82
2015.01.15 16:53:37.526,0.97951,0.97987,1.00,6.00
2015.01.15 16:53:37.577,0.97968,0.97987,2.25,3.75
2015.01.15 16:53:37.627,0.97978,0.97994,1.00,1.00
2015.01.15 16:53:37.678,0.97978,0.97997,1.00,1.00
2015.01.15 16:53:37.779,0.97978,0.98007,1.00,1.20
2015.01.15 16:53:38.031,0.97979,0.98014,1.17,2.32
2015.01.15 16:53:38.460,0.97984,0.98014,1.00,2.32
2015.01.15 16:53:38.862,0.97979,0.98011,1.17,1.17
2015.01.15 16:53:38.912,0.97979,0.98011,1.00,1.15
2015.01.15 16:53:39.064,0.97969,0.98007,6.75,2.25
2015.01.15 16:53:39.215,0.97969,0.98004,1.17,2.70
2015.01.15 16:53:39.417,0.97964,0.98002,1.65,2.32
2015.01.15 16:53:39.518,0.97964,0.97998,1.00,4.50
2015.01.15 16:53:39.619,0.97959,0.97998,1.15,4.50
2015.01.15 16:53:39.843,0.97964,0.97998,1.00,4.50
2015.01.15 16:53:40.371,0.97958,0.97998,1.15,4.50
2015.01.15 16:53:42.820,0.97962,0.97998,2.32,2.32
2015.01.15 16:53:42.871,0.97962,0.98001,2.32,3.07
2015.01.15 16:53:43.830,0.97961,0.97994,2.25,2.25
2015.01.15 16:53:43.905,0.97955,0.97994,4.95,2.32
2015.01.15 16:53:46.824,0.97957,0.97996,3.82,3.82
2015.01.15 16:53:46.874,0.97957,0.97996,6.00,1.15
2015.01.15 16:53:49.605,0.97964,0.97998,1.00,5.25
2015.01.15 16:53:50.383,0.97959,0.97998,1.15,5.25
2015.01.15 16:53:52.381,0.97961,0.97998,2.32,1.15
2015.01.15 16:53:54.645,0.97959,0.97996,3.07,2.32
2015.01.15 16:53:55.150,0.97958,0.97996,2.32,3.07
2015.01.15 16:53:57.703,0.97961,0.98,2.32,5.70
2015.01.15 16:53:57.803,0.97964,0.97999,2.32,1.95
2015.01.15 16:53:58.124,0.97969,0.98007,1.15,3.07
2015.01.15 16:53:58.225,0.97971,0.98009,6.00,1.15
2015.01.15 16:54:03.161,0.97978,0.9801,1.00,1.15
2015.01.15 16:54:03.262,0.97978,0.98016,1.52,3.07
2015.01.15 16:54:03.313,0.9798,0.98016,2.62,1.07
2015.01.15 16:54:03.363,0.9798,0.98015,2.70,1.00
2015.01.15 16:54:03.471,0.9798,0.98018,2.70,1.07
2015.01.15 16:54:09.127,0.97984,0.98018,1.00,2.25
2015.01.15 16:54:10.151,0.97984,0.98018,1.37,2.32
2015.01.15 16:54:10.404,0.97979,0.98014,1.17,1.95
2015.01.15 16:54:10.454,0.97979,0.98014,1.10,4.50
2015.01.15 16:54:10.858,0.97974,0.98011,1.00,4.50
2015.01.15 16:54:12.259,0.97974,0.98011,1.37,5.25
2015.01.15 16:54:12.411,0.97974,0.98012,1.52,1.27
2015.01.15 16:54:12.663,0.97974,0.9801,1.07,2.70
2015.01.15 16:54:12.714,0.9797,0.9801,1.15,2.70
2015.01.15 16:54:12.966,0.97968,0.98006,1.65,1.17
2015.01.15 16:54:13.016,0.97968,0.98006,1.65,1.15
2015.01.15 16:54:13.577,0.97964,0.98005,6.00,1.52
2015.01.15 16:54:13.678,0.97964,0.98004,3.82,3.45
2015.01.15 16:54:13.780,0.97964,0.98004,1.15,6.00
2015.01.15 16:54:13.830,0.97964,0.97999,1.07,3.45
2015.01.15 16:54:14.155,0.97958,0.97998,1.27,3.07
2015.01.15 16:54:14.357,0.97964,0.97996,1.00,1.52
2015.01.15 16:54:14.695,0.97958,0.97996,1.00,3.45
2015.01.15 16:54:15.214,0.97959,0.97996,1.00,4.20
2015.01.15 16:54:18.080,0.97954,0.97995,2.02,2.77
2015.01.15 16:54:18.300,0.97954,0.97995,1.27,3.15
2015.01.15 16:54:18.401,0.97951,0.97991,1.52,1.15
2015.01.15 16:54:18.904,0.97949,0.97988,1.52,2.32
2015.01.15 16:54:23.016,0.97948,0.97983,1.45,2.32
2015.01.15 16:54:23.117,0.97948,0.97982,1.37,2.32
2015.01.15 16:54:24.711,0.97948,0.97982,1.12,2.32
2015.01.15 16:54:28.888,0.97949,0.97982,1.00,2.32
2015.01.15 16:54:28.939,0.97949,0.97986,1.00,4.87
2015.01.15 16:54:29.241,0.97949,0.9798,1.00,1.15
2015.01.15 16:54:29.292,0.97943,0.9798,1.07,1.15
2015.01.15 16:54:30.389,0.97949,0.97981,1.00,2.32
2015.01.15 16:54:30.702,0.97949,0.97976,1.00,2.32
2015.01.15 16:54:30.854,0.97948,0.97979,1.00,1.15
2015.01.15 16:54:31.157,0.97949,0.97985,1.00,3.82
2015.01.15 16:54:31.408,0.97953,0.97984,1.00,1.15
2015.01.15 16:54:31.560,0.97953,0.97987,1.00,2.32
2015.01.15 16:54:31.661,0.97951,0.97989,1.57,2.32
2015.01.15 16:54:31.862,0.97958,0.97989,1.00,3.82
2015.01.15 16:54:32.572,0.97958,0.97995,1.00,3.07
2015.01.15 16:54:32.623,0.97964,0.97995,1.00,2.32
2015.01.15 16:54:33.184,0.97959,0.97995,1.00,2.32
2015.01.15 16:54:33.285,0.97959,0.97999,1.15,4.50
2015.01.15 16:54:33.536,0.97959,0.97995,1.07,2.32
2015.01.15 16:54:34.128,0.97959,0.97995,1.00,4.50
2015.01.15 16:54:34.388,0.97955,0.97995,1.15,4.50
2015.01.15 16:54:35.111,0.97955,0.97994,1.52,1.15
2015.01.15 16:54:35.271,0.97959,0.97995,1.07,2.32
2015.01.15 16:54:35.321,0.97959,0.97997,1.15,1.15
2015.01.15 16:54:35.860,0.97963,0.97998,1.00,2.32
2015.01.15 16:54:36.379,0.97957,0.97998,2.70,2.32
2015.01.15 16:54:36.984,0.9796,0.98001,2.32,1.15
2015.01.15 16:54:37.488,0.97964,0.98002,1.15,3.00
2015.01.15 16:54:37.539,0.97965,0.98002,2.32,1.07
2015.01.15 16:54:37.892,0.97965,0.97997,2.32,1.00
2015.01.15 16:54:37.943,0.97963,0.97997,1.15,1.00
2015.01.15 16:54:38.044,0.97963,0.97997,1.00,1.15
2015.01.15 16:54:39.104,0.97959,0.97998,1.15,1.15
2015.01.15 16:54:39.627,0.97959,0.97995,1.07,3.07
2015.01.15 16:54:39.677,0.97959,0.97994,1.00,2.32
2015.01.15 16:54:39.929,0.97959,0.97992,1.00,2.32
2015.01.15 16:54:40.232,0.97953,0.97991,1.50,2.32
2015.01.15 16:54:41.648,0.97959,0.97992,1.00,2.32
2015.01.15 16:54:41.699,0.97959,0.97994,1.00,2.32
2015.01.15 16:54:41.850,0.97953,0.97994,1.15,2.32
2015.01.15 16:54:42.165,0.97953,0.9799,1.15,2.32
2015.01.15 16:54:42.215,0.97953,0.9799,2.02,2.32
2015.01.15 16:54:43.287,0.97954,0.97991,1.07,2.32
2015.01.15 16:54:43.337,0.97954,0.97994,1.15,2.32
2015.01.15 16:54:43.598,0.97954,0.97991,2.25,2.32
2015.01.15 16:54:43.857,0.97954,0.97992,2.32,2.32
2015.01.15 16:54:43.908,0.97954,0.97994,1.15,1.15
2015.01.15 16:54:44.170,0.97959,0.97995,1.00,5.25
2015.01.15 16:54:45.129,0.97959,0.97995,1.07,2.25
2015.01.15 16:54:45.180,0.97959,0.98,1.52,1.65
2015.01.15 16:54:45.231,0.97961,0.97999,2.32,1.17
2015.01.15 16:54:45.281,0.97961,0.97999,4.50,1.20
2015.01.15 16:54:45.934,0.97961,0.98,2.32,1.15
2015.01.15 16:54:45.984,0.97959,0.97998,1.15,1.15
2015.01.15 16:54:46.450,0.97958,0.97996,3.00,2.32
2015.01.15 16:54:46.501,0.97958,0.97994,1.10,2.32
2015.01.15 16:54:49.320,0.97953,0.97991,1.10,2.32
2015.01.15 16:54:51.022,0.97952,0.97994,3.07,2.32
2015.01.15 16:54:51.328,0.97959,0.97994,1.00,2.32
2015.01.15 16:54:52.619,0.97953,0.97994,1.65,2.32
2015.01.15 16:54:52.770,0.97953,0.97994,2.62,2.32
2015.01.15 16:54:52.922,0.97968,0.98002,2.02,1.87
2015.01.15 16:54:53.450,0.97971,0.98008,1.50,4.50
2015.01.15 16:54:54.162,0.97972,0.98008,1.50,4.50
2015.01.15 16:54:54.483,0.97969,0.98008,1.15,4.50
2015.01.15 16:54:54.591,0.97974,0.98008,1.00,4.50
2015.01.15 16:54:54.692,0.97974,0.98011,1.10,2.32
2015.01.15 16:54:55.639,0.97969,0.98006,2.32,1.17
2015.01.15 16:54:55.690,0.97968,0.98006,1.15,3.45
2015.01.15 16:54:55.741,0.9797,0.98001,1.10,2.32
2015.01.15 16:54:55.842,0.97968,0.98,1.00,2.32
2015.01.15 16:54:55.943,0.97964,0.98,1.00,2.32
2015.01.15 16:54:56.265,0.97962,0.97997,1.45,2.32
2015.01.15 16:54:56.316,0.97958,0.97996,1.15,2.32
2015.01.15 16:54:57.688,0.97955,0.9799,2.32,1.00
2015.01.15 16:54:57.739,0.9795,0.9799,3.45,1.15
2015.01.15 16:54:57.840,0.97948,0.97989,1.15,4.50
2015.01.15 16:54:59.417,0.9795,0.97989,1.55,3.82
2015.01.15 16:54:59.468,0.9795,0.97991,1.52,1.15
2015.01.15 16:54:59.721,0.9795,0.97989,2.02,2.32
2015.01.15 16:54:59.771,0.9795,0.97989,1.95,2.32
2015.01.15 16:54:59.872,0.97954,0.97989,1.00,2.32
2015.01.15 16:55:00.175,0.97964,0.97992,1.00,2.32
2015.01.15 16:55:01.235,0.97964,0.97993,1.00,2.32
2015.01.15 16:55:01.286,0.97964,0.97997,1.00,3.67
2015.01.15 16:55:01.629,0.97959,0.97997,1.65,4.42
2015.01.15 16:55:04.411,0.97963,0.97997,1.00,3.07
2015.01.15 16:55:08.119,0.97964,0.97997,1.00,3.07
2015.01.15 16:55:09.409,0.97965,0.97997,1.50,2.32
2015.01.15 16:55:09.934,0.97964,0.97997,2.10,2.32
2015.01.15 16:55:10.196,0.97966,0.97999,1.65,1.20
2015.01.15 16:55:10.246,0.97966,0.98002,3.82,1.27
2015.01.15 16:55:10.297,0.97967,0.98002,1.65,1.20
2015.01.15 16:55:13.165,0.9797,0.98006,1.95,1.15
2015.01.15 16:55:13.266,0.97979,0.98006,1.50,1.07
2015.01.15 16:55:13.317,0.97979,0.98006,1.50,1.00
2015.01.15 16:55:13.367,0.9798,0.98006,2.17,1.00
2015.01.15 16:55:13.418,0.9798,0.98012,2.25,1.87
2015.01.15 16:55:13.469,0.97987,0.98014,1.50,1.00
2015.01.15 16:55:13.570,0.97987,0.98017,1.50,1.17
2015.01.15 16:55:13.671,0.97984,0.98021,1.10,2.32
2015.01.15 16:55:13.973,0.97979,0.98015,1.67,2.25
2015.01.15 16:55:14.023,0.97975,0.98015,1.75,2.32
2015.01.15 16:55:14.225,0.97975,0.98015,1.15,3.07
2015.01.15 16:55:14.477,0.97975,0.9801,1.07,2.25
2015.01.15 16:55:14.528,0.97975,0.9801,1.00,2.32
2015.01.15 16:55:14.949,0.97969,0.98006,1.65,2.25
2015.01.15 16:55:14.999,0.97969,0.98006,1.65,2.32
2015.01.15 16:55:15.452,0.97964,0.98003,3.67,2.32
2015.01.15 16:55:15.502,0.97964,0.98003,1.50,2.32
2015.01.15 16:55:21.079,0.97967,0.98003,2.25,1.07
2015.01.15 16:55:21.129,0.97967,0.98003,2.32,1.00
2015.01.15 16:55:21.281,0.97973,0.98006,1.87,1.17
2015.01.15 16:55:21.583,0.97971,0.98006,1.00,4.50
2015.01.15 16:55:21.684,0.97968,0.98006,1.00,4.50
2015.01.15 16:55:22.106,0.97973,0.98006,1.00,4.50
2015.01.15 16:55:22.258,0.97975,0.98011,1.50,2.32
2015.01.15 16:55:22.359,0.97979,0.98012,1.00,1.15
2015.01.15 16:55:22.872,0.97978,0.98014,1.10,2.32
2015.01.15 16:55:23.275,0.97978,0.98012,1.00,2.32
2015.01.15 16:55:23.326,0.97974,0.98012,1.00,2.32
2015.01.15 16:55:23.377,0.97974,0.98007,1.00,2.32
2015.01.15 16:55:23.679,0.97979,0.98007,1.00,2.32
2015.01.15 16:55:23.881,0.97973,0.98007,1.00,2.32
2015.01.15 16:55:24.420,0.97974,0.98007,1.00,2.32
2015.01.15 16:55:25.923,0.97974,0.98007,1.37,2.32
2015.01.15 16:55:25.974,0.97974,0.98011,1.55,1.65
2015.01.15 16:55:26.024,0.97977,0.9801,1.50,1.15
2015.01.15 16:55:26.327,0.97979,0.98012,1.00,2.32
2015.01.15 16:55:28.164,0.97984,0.98012,1.00,2.32
2015.01.15 16:55:28.365,0.97979,0.98012,1.00,2.32
2015.01.15 16:55:28.897,0.97979,0.98013,1.65,1.10
2015.01.15 16:55:28.998,0.97985,0.98018,1.50,2.32
2015.01.15 16:55:29.200,0.9798,0.98018,1.50,2.32
2015.01.15 16:55:30.356,0.97984,0.98018,1.00,3.82
2015.01.15 16:55:30.927,0.97983,0.98017,1.00,1.65
2015.01.15 16:55:31.574,0.97984,0.98018,1.00,2.32
2015.01.15 16:55:33.114,0.97983,0.98018,1.12,2.32
2015.01.15 16:55:33.686,0.97981,0.98019,1.65,2.40
2015.01.15 16:55:33.787,0.97981,0.98018,1.57,2.32
2015.01.15 16:55:34.089,0.97987,0.98018,1.50,4.50
2015.01.15 16:55:34.140,0.97984,0.98018,1.00,4.50
2015.01.15 16:55:35.514,0.97983,0.98018,1.00,4.50
2015.01.15 16:55:36.398,0.97984,0.98018,1.00,4.50
2015.01.15 16:55:36.657,0.97984,0.98018,1.37,4.50
2015.01.15 16:55:36.708,0.97984,0.98021,1.47,2.32
2015.01.15 16:55:36.759,0.97985,0.98021,1.87,2.32
2015.01.15 16:55:37.084,0.97993,0.98021,1.00,2.32
2015.01.15 16:55:37.588,0.97994,0.98021,1.00,2.32
2015.01.15 16:55:37.639,0.97988,0.98021,1.00,2.32
2015.01.15 16:55:38.399,0.97994,0.98021,1.00,2.32
2015.01.15 16:55:38.725,0.97998,0.98021,1.00,2.32
2015.01.15 16:55:38.808,0.97988,0.98021,2.85,2.32
2015.01.15 16:55:38.859,0.97989,0.98021,2.10,2.32
2015.01.15 16:55:39.080,0.97988,0.98021,1.50,2.32
2015.01.15 16:55:39.618,0.97989,0.98021,1.00,3.82
2015.01.15 16:55:40.348,0.97988,0.98021,1.00,3.82
2015.01.15 16:55:41.912,0.97984,0.98021,1.70,2.32
2015.01.15 16:55:42.123,0.97989,0.98021,1.00,2.32
2015.01.15 16:55:42.702,0.97988,0.98021,1.00,2.32
2015.01.15 16:55:44.345,0.97988,0.98016,1.00,2.32
2015.01.15 16:55:44.776,0.97983,0.98015,1.00,1.65
2015.01.15 16:55:45.029,0.97984,0.98012,1.00,2.32
2015.01.15 16:55:45.080,0.97978,0.98012,1.60,2.32
2015.01.15 16:55:45.332,0.97984,0.98012,1.00,2.32
2015.01.15 16:55:48.818,0.97983,0.98012,1.00,2.32
2015.01.15 16:55:48.919,0.97983,0.98017,1.00,5.62
2015.01.15 16:55:48.996,0.97989,0.98017,1.00,5.62
2015.01.15 16:55:49.450,0.97988,0.98018,1.00,2.02
2015.01.15 16:55:49.551,0.97988,0.98017,1.00,1.12
2015.01.15 16:55:49.652,0.97989,0.98021,1.00,1.15
2015.01.15 16:55:49.853,0.97999,0.98024,1.00,4.50
2015.01.15 16:55:49.954,0.97999,0.98028,1.00,3.82
2015.01.15 16:55:50.156,0.97989,0.98028,1.15,3.82
2015.01.15 16:55:51.157,0.97994,0.98025,1.00,1.15
2015.01.15 16:55:52.895,0.97993,0.98026,1.00,1.15
2015.01.15 16:55:54.318,0.97989,0.98026,1.15,1.15
2015.01.15 16:55:54.638,0.97994,0.98026,1.00,1.15
2015.01.15 16:55:54.970,0.97998,0.98028,1.00,3.07
2015.01.15 16:55:55.122,0.97993,0.98028,1.00,3.07
2015.01.15 16:55:55.475,0.97994,0.98033,1.10,2.32
2015.01.15 16:55:55.576,0.97994,0.98036,1.15,3.07
2015.01.15 16:55:55.778,0.97999,0.9804,1.15,3.45
2015.01.15 16:55:55.879,0.98003,0.98039,1.00,1.15
2015.01.15 16:55:56.658,0.98004,0.9804,1.00,2.32
2015.01.15 16:55:59.488,0.98003,0.9804,1.00,3.82
2015.01.15 16:55:59.929,0.97998,0.9804,1.65,3.82
2015.01.15 16:56:00.797,0.97999,0.9804,1.12,2.32
2015.01.15 16:56:01.103,0.98004,0.98043,1.15,2.32
2015.01.15 16:56:01.607,0.98009,0.98043,1.00,2.32
2015.01.15 16:56:02.128,0.98008,0.98043,1.00,2.32
2015.01.15 16:56:02.806,0.98009,0.98043,1.00,2.32
2015.01.15 16:56:03.113,0.98013,0.98049,2.10,2.32
2015.01.15 16:56:03.214,0.98014,0.98049,1.00,4.20
2015.01.15 16:56:03.265,0.98014,0.98044,1.00,2.32
2015.01.15 16:56:03.567,0.98009,0.98044,1.60,2.32
2015.01.15 16:56:06.088,0.98014,0.98044,1.00,2.32
2015.01.15 16:56:06.647,0.98008,0.98044,1.70,2.32
2015.01.15 16:56:07.664,0.98013,0.98039,1.00,2.32
2015.01.15 16:56:07.871,0.98009,0.98039,1.60,2.32
2015.01.15 16:56:08.809,0.98009,0.98039,1.00,2.32
2015.01.15 16:56:09.061,0.98003,0.98037,1.80,1.65
2015.01.15 16:56:09.414,0.98008,0.98039,1.00,2.32
2015.01.15 16:56:11.633,0.98009,0.98039,1.00,2.32
2015.01.15 16:56:11.834,0.97999,0.98039,2.25,2.32
2015.01.15 16:56:12.771,0.97999,0.98037,1.00,4.50
2015.01.15 16:56:15.108,0.97998,0.98036,1.27,1.15
2015.01.15 16:56:15.509,0.97998,0.98031,1.00,2.32
2015.01.15 16:56:16.014,0.97999,0.98031,1.00,2.32
2015.01.15 16:56:19.067,0.97993,0.98031,1.15,2.32
2015.01.15 16:56:19.319,0.98003,0.98031,1.00,3.82
2015.01.15 16:56:19.884,0.98004,0.9803,1.00,1.65
2015.01.15 16:56:20.405,0.97999,0.98028,1.00,2.32
2015.01.15 16:56:20.614,0.97994,0.98028,1.00,3.82
2015.01.15 16:56:21.179,0.97993,0.98028,1.00,2.32
2015.01.15 16:56:21.750,0.97994,0.98028,1.00,2.32
2015.01.15 16:56:23.598,0.97999,0.98028,1.00,2.32
2015.01.15 16:56:23.649,0.97999,0.98031,1.00,1.15
2015.01.15 16:56:24.023,0.97994,0.98032,1.17,2.32
2015.01.15 16:56:25.198,0.97994,0.98032,1.65,2.32
2015.01.15 16:56:25.248,0.97994,0.98036,3.82,2.32
2015.01.15 16:56:25.351,0.98004,0.98036,1.00,2.32
2015.01.15 16:56:25.557,0.97998,0.98036,1.17,2.32
2015.01.15 16:56:27.335,0.98008,0.98036,1.00,2.32
2015.01.15 16:56:27.839,0.98009,0.98036,1.00,2.32
2015.01.15 16:56:28.243,0.98008,0.9804,1.00,2.32
2015.01.15 16:56:28.782,0.98009,0.9804,1.00,2.32
2015.01.15 16:56:29.407,0.98008,0.9804,1.00,2.32
2015.01.15 16:56:29.951,0.98009,0.9804,1.00,2.32
2015.01.15 16:56:30.103,0.98013,0.9804,1.00,2.32
2015.01.15 16:56:30.874,0.98014,0.9804,1.00,2.32
2015.01.15 16:56:32.938,0.98014,0.98045,1.00,4.50
2015.01.15 16:56:33.166,0.98013,0.98048,1.00,3.07
2015.01.15 16:56:33.708,0.98014,0.98048,1.00,2.32
2015.01.15 16:56:33.960,0.98014,0.98049,2.02,1.15
2015.01.15 16:56:34.162,0.98018,0.98053,1.00,4.50
2015.01.15 16:56:34.666,0.98019,0.98053,1.00,4.50
2015.01.15 16:56:35.363,0.98019,0.9805,1.00,2.32
2015.01.15 16:56:35.749,0.98019,0.98054,1.00,4.50
2015.01.15 16:56:36.338,0.98018,0.98054,1.00,4.50
2015.01.15 16:56:38.902,0.98019,0.98054,1.00,4.87
2015.01.15 16:56:40.062,0.98019,0.98049,1.00,2.32
2015.01.15 16:56:40.364,0.98018,0.98054,1.27,1.52
2015.01.15 16:56:40.667,0.98023,0.98056,1.00,2.32
2015.01.15 16:56:40.877,0.98018,0.98056,1.15,2.32
2015.01.15 16:56:42.387,0.98024,0.98056,1.00,2.32
2015.01.15 16:56:43.263,0.98024,0.98061,1.10,2.32
2015.01.15 16:56:43.565,0.98023,0.98057,1.00,2.32
2015.01.15 16:56:43.616,0.9802,0.98057,1.10,2.32
2015.01.15 16:56:48.697,0.98014,0.98052,1.15,2.32
2015.01.15 16:56:50.766,0.98013,0.98048,1.07,2.32
2015.01.15 16:56:50.868,0.98008,0.98048,1.15,2.32
2015.01.15 16:56:52.717,0.98016,0.98048,1.50,2.32
2015.01.15 16:56:52.818,0.98014,0.98052,1.57,1.65
2015.01.15 16:56:53.355,0.98014,0.98053,1.95,2.32
2015.01.15 16:56:53.405,0.98018,0.98053,1.00,2.32
2015.01.15 16:56:53.935,0.98019,0.98053,1.50,2.32
2015.01.15 16:56:54.565,0.98018,0.98053,1.00,4.20
2015.01.15 16:56:54.615,0.98014,0.98053,2.32,4.20
2015.01.15 16:56:54.666,0.98018,0.98053,1.50,2.32
2015.01.15 16:56:54.977,0.98024,0.98055,1.00,1.65
2015.01.15 16:56:55.078,0.98019,0.98055,2.25,1.65
2015.01.15 16:56:55.908,0.98022,0.98057,1.50,2.32
2015.01.15 16:56:56.238,0.98024,0.98057,1.00,3.07
2015.01.15 16:56:56.681,0.98024,0.98057,1.10,1.17
2015.01.15 16:56:58.951,0.98027,0.9806,1.50,2.32
2015.01.15 16:56:59.731,0.98027,0.98061,1.57,1.15
2015.01.15 16:56:59.782,0.98027,0.98061,1.57,1.17
2015.01.15 16:56:59.933,0.98026,0.98062,2.25,1.57
2015.01.15 16:56:59.984,0.98026,0.98065,4.20,1.17
2015.01.15 16:57:03.253,0.98029,0.98053,1.10,2.25
2015.01.15 16:57:03.404,0.98024,0.98057,1.00,2.02
2015.01.15 16:57:03.455,0.98024,0.98053,1.00,2.25
2015.01.15 16:57:03.606,0.98024,0.98058,1.00,3.82
2015.01.15 16:57:03.849,0.98018,0.98058,2.40,2.32
2015.01.15 16:57:04.051,0.98022,0.9806,1.57,3.07
2015.01.15 16:57:04.102,0.98024,0.98061,1.17,1.65
2015.01.15 16:57:06.735,0.98024,0.98058,1.17,2.40
2015.01.15 16:57:07.037,0.98019,0.98054,2.77,2.70
2015.01.15 16:57:07.253,0.98019,0.98053,2.40,1.87
2015.01.15 16:57:07.860,0.98018,0.98056,4.50,1.15
2015.01.15 16:57:08.061,0.98018,0.98056,4.50,1.52
2015.01.15 16:57:08.364,0.98018,0.98056,6.75,1.65
2015.01.15 16:57:12.434,0.98023,0.98057,1.65,1.20
2015.01.15 16:57:12.737,0.98029,0.98059,1.00,1.65
2015.01.15 16:57:13.039,0.98028,0.98055,1.00,1.65
2015.01.15 16:57:13.302,0.98023,0.98057,1.07,2.40
2015.01.15 16:57:15.044,0.98023,0.98055,1.00,2.32
2015.01.15 16:57:15.556,0.98018,0.98052,2.40,1.15
2015.01.15 16:57:15.965,0.98018,0.98051,1.20,2.02
2015.01.15 16:57:16.167,0.98013,0.98047,5.25,1.00
2015.01.15 16:57:18.136,0.98014,0.98046,1.15,1.00
2015.01.15 16:57:18.438,0.98015,0.98046,1.50,1.27
2015.01.15 16:57:18.539,0.98014,0.98046,1.17,1.52
2015.01.15 16:57:18.590,0.98013,0.98042,1.15,1.00
2015.01.15 16:57:18.892,0.98013,0.98042,1.00,1.15
2015.01.15 16:57:18.943,0.98009,0.98041,1.15,1.27
2015.01.15 16:57:19.423,0.98009,0.98041,1.07,3.45
2015.01.15 16:57:19.928,0.98009,0.98041,1.00,3.45
2015.01.15 16:57:20.382,0.98004,0.98037,1.65,1.07
2015.01.15 16:57:20.432,0.98004,0.98037,6.00,1.00
2015.01.15 16:57:20.938,0.98006,0.98036,1.65,1.00
2015.01.15 16:57:21.446,0.98006,0.98037,1.65,1.00
2015.01.15 16:57:22.537,0.98008,0.98041,1.15,1.27
2015.01.15 16:57:22.899,0.98006,0.98037,1.65,1.00
2015.01.15 16:57:26.637,0.98005,0.98037,1.65,1.20
2015.01.15 16:57:26.687,0.98003,0.98037,2.40,1.20
2015.01.15 16:57:29.659,0.98003,0.98037,1.15,1.15
2015.01.15 16:57:40.431,0.98,0.98031,2.32,1.50
2015.01.15 16:57:40.482,0.97997,0.98031,2.32,1.57
2015.01.15 16:57:40.684,0.97993,0.98032,3.67,3.82
2015.01.15 16:57:42.298,0.97996,0.98033,2.32,2.02
2015.01.15 16:57:44.699,0.97997,0.98036,4.50,4.27
2015.01.15 16:57:45.001,0.98003,0.98037,2.32,1.27
2015.01.15 16:57:45.405,0.97999,0.98036,1.15,1.65
2015.01.15 16:57:46.598,0.97998,0.98031,3.82,1.50
2015.01.15 16:57:46.799,0.97998,0.98029,3.82,1.50
2015.01.15 16:57:47.101,0.97998,0.98025,1.50,1.65
2015.01.15 16:57:47.152,0.97993,0.98025,1.15,1.65
2015.01.15 16:57:47.203,0.97993,0.98025,1.10,2.02
2015.01.15 16:57:47.962,0.97994,0.98023,1.00,1.65
2015.01.15 16:57:48.467,0.97989,0.98026,1.15,2.32
2015.01.15 16:57:48.517,0.97989,0.98028,5.25,1.15
2015.01.15 16:57:50.522,0.97994,0.98032,2.32,1.27
2015.01.15 16:57:50.824,0.97994,0.9803,1.15,2.02
2015.01.15 16:57:51.127,0.97994,0.98027,1.00,2.32
2015.01.15 16:57:51.635,0.97989,0.98024,1.15,1.65
2015.01.15 16:57:52.288,0.97988,0.98023,1.15,3.75
2015.01.15 16:57:52.489,0.97989,0.9802,1.10,1.65
2015.01.15 16:57:53.038,0.97988,0.98018,1.00,1.65
2015.01.15 16:57:53.089,0.97988,0.98018,1.00,3.82
2015.01.15 16:57:53.391,0.97988,0.9802,1.10,3.82
2015.01.15 16:57:54.031,0.97988,0.98021,1.10,4.57
2015.01.15 16:57:54.132,0.97984,0.98013,1.07,1.57
2015.01.15 16:57:54.334,0.97979,0.98013,1.00,2.32
2015.01.15 16:57:54.535,0.9798,0.98016,2.32,1.15
2015.01.15 16:57:58.340,0.97984,0.98022,2.32,3.52
2015.01.15 16:57:58.441,0.9798,0.98019,3.07,2.32
2015.01.15 16:57:59.547,0.97979,0.98017,1.15,4.57
2015.01.15 16:57:59.648,0.97979,0.98012,1.00,2.32
2015.01.15 16:57:59.866,0.97974,0.98012,1.15,2.32
2015.01.15 16:58:00.018,0.97974,0.98012,3.07,1.65
2015.01.15 16:58:00.169,0.97976,0.98017,2.32,2.70
2015.01.15 16:58:01.342,0.97981,0.9802,2.32,3.07
2015.01.15 16:58:02.166,0.97985,0.98023,2.32,2.32
2015.01.15 16:58:02.549,0.97984,0.98017,1.15,1.15
2015.01.15 16:58:02.600,0.97989,0.98017,1.00,1.27
2015.01.15 16:58:02.802,0.97979,0.98015,1.15,2.32
2015.01.15 16:58:03.131,0.97983,0.98015,1.00,2.32
2015.01.15 16:58:03.662,0.97984,0.98015,1.00,3.82
2015.01.15 16:58:04.358,0.97983,0.98015,1.00,2.32
2015.01.15 16:58:04.660,0.97983,0.9801,1.00,1.65
2015.01.15 16:58:04.912,0.97973,0.98009,1.15,4.20
2015.01.15 16:58:04.963,0.97973,0.98006,1.00,2.32
2015.01.15 16:58:05.537,0.97974,0.98006,1.00,2.32
2015.01.15 16:58:07.351,0.97968,0.98006,1.15,2.32
2015.01.15 16:58:09.315,0.9797,0.98007,2.32,2.70
2015.01.15 16:58:09.365,0.9797,0.98009,2.32,2.32
2015.01.15 16:58:09.516,0.97973,0.98008,2.32,1.15
2015.01.15 16:58:09.768,0.97975,0.98014,2.32,2.32
2015.01.15 16:58:11.222,0.97974,0.9801,2.32,2.32
2015.01.15 16:58:11.273,0.97973,0.9801,2.02,2.32
2015.01.15 16:58:11.697,0.97973,0.98008,1.15,2.32
2015.01.15 16:58:11.798,0.97973,0.98008,1.17,2.32
2015.01.15 16:58:12.836,0.97969,0.98004,1.15,2.32
2015.01.15 16:58:12.887,0.97969,0.98004,1.17,2.32
2015.01.15 16:58:12.938,0.97969,0.98002,1.10,2.32
2015.01.15 16:58:13.240,0.97969,0.97999,1.00,2.32
2015.01.15 16:58:13.769,0.97964,0.97999,1.80,4.50
2015.01.15 16:58:17.025,0.97964,0.97999,1.20,4.50
2015.01.15 16:58:20.257,0.97963,0.98002,2.32,2.70
2015.01.15 16:58:22.451,0.97963,0.97999,1.17,2.32
2015.01.15 16:58:24.940,0.97958,0.97991,1.50,4.50
2015.01.15 16:58:25.041,0.97958,0.97994,1.10,2.32
2015.01.15 16:58:25.227,0.97958,0.97995,1.45,2.32
2015.01.15 16:58:25.381,0.97966,0.98002,2.25,2.02
2015.01.15 16:58:25.834,0.97969,0.98003,1.00,4.87
2015.01.15 16:58:26.093,0.97969,0.98008,1.15,4.87
2015.01.15 16:58:26.144,0.97968,0.98005,2.32,2.32
2015.01.15 16:58:26.194,0.97965,0.98004,2.92,2.32
2015.01.15 16:58:26.547,0.97968,0.98002,1.07,2.32
2015.01.15 16:58:26.850,0.97969,0.98002,1.07,2.62
2015.01.15 16:58:26.900,0.97969,0.98006,2.32,1.15
2015.01.15 16:58:28.548,0.97969,0.98005,2.32,2.32
2015.01.15 16:58:28.599,0.97968,0.98004,1.27,2.32
2015.01.15 16:58:28.649,0.97965,0.98002,2.70,2.32
2015.01.15 16:58:28.700,0.97964,0.98001,1.15,2.32
2015.01.15 16:58:29.174,0.97963,0.97998,1.07,2.32
2015.01.15 16:58:29.577,0.97963,0.97995,1.00,2.32
2015.01.15 16:58:29.980,0.97959,0.97995,1.15,2.32
2015.01.15 16:58:31.295,0.97958,0.97998,2.32,2.70
2015.01.15 16:58:31.396,0.97961,0.98,2.32,4.20
2015.01.15 16:58:32.441,0.97969,0.98,1.00,2.32
2015.01.15 16:58:32.593,0.97964,0.98,1.15,2.32
2015.01.15 16:58:33.359,0.97964,0.97998,1.07,2.32
2015.01.15 16:58:33.410,0.97964,0.97997,1.00,2.32
2015.01.15 16:58:34.126,0.97959,0.97997,1.15,2.70
2015.01.15 16:58:34.429,0.97959,0.97995,1.10,2.32
2015.01.15 16:58:35.999,0.97958,0.97989,1.10,2.25
2015.01.15 16:58:36.150,0.97954,0.97989,1.17,2.32
2015.01.15 16:58:36.201,0.97954,0.97986,1.10,2.32
2015.01.15 16:58:36.545,0.97954,0.97983,1.00,2.32
2015.01.15 16:58:36.847,0.97953,0.97981,1.00,2.32
2015.01.15 16:58:37.397,0.97954,0.97981,1.00,2.32
2015.01.15 16:58:38.010,0.97953,0.97981,1.00,2.32
2015.01.15 16:58:38.328,0.97944,0.97974,1.35,2.32
2015.01.15 16:58:38.738,0.97944,0.97972,1.00,2.32
2015.01.15 16:58:39.616,0.97944,0.97974,1.00,2.32
2015.01.15 16:58:39.868,0.97948,0.97974,1.00,2.32
2015.01.15 16:58:40.544,0.97948,0.97979,1.00,4.50
2015.01.15 16:58:40.595,0.97948,0.97977,1.00,2.32
2015.01.15 16:58:40.747,0.97948,0.97979,1.00,2.70
2015.01.15 16:58:40.948,0.97944,0.97979,1.07,2.32
2015.01.15 16:58:40.999,0.97944,0.97979,1.15,2.25
2015.01.15 16:58:41.049,0.97944,0.97982,3.07,1.15
2015.01.15 16:58:41.100,0.97944,0.97977,3.00,2.25
2015.01.15 16:58:41.151,0.97944,0.97977,1.00,4.50
2015.01.15 16:58:41.353,0.97944,0.97979,1.17,2.32
2015.01.15 16:58:41.404,0.97948,0.97979,1.00,2.32
2015.01.15 16:58:41.454,0.97948,0.97982,1.10,2.70
2015.01.15 16:58:41.505,0.97949,0.9798,1.00,2.32
2015.01.15 16:58:41.807,0.97948,0.97977,1.00,4.50
2015.01.15 16:58:42.328,0.97949,0.97977,1.00,4.50
2015.01.15 16:58:42.732,0.97949,0.9798,1.00,2.70
2015.01.15 16:58:44.084,0.97949,0.97984,1.17,2.70
2015.01.15 16:58:44.185,0.97953,0.97983,1.00,2.32
2015.01.15 16:58:44.387,0.97949,0.97982,1.00,2.32
2015.01.15 16:58:44.892,0.97948,0.97982,1.00,2.70
2015.01.15 16:58:45.601,0.97949,0.97982,1.00,2.32
2015.01.15 16:58:46.573,0.97948,0.97982,1.00,2.70
2015.01.15 16:58:47.465,0.97948,0.97983,1.07,2.70
2015.01.15 16:58:47.516,0.97948,0.97985,1.17,3.07
2015.01.15 16:58:47.919,0.97954,0.97985,1.00,2.32
2015.01.15 16:58:48.020,0.97954,0.9799,1.15,2.70
2015.01.15 16:58:48.444,0.97954,0.97987,1.07,2.32
2015.01.15 16:58:48.646,0.97949,0.97982,1.00,2.32
2015.01.15 16:58:49.229,0.97943,0.97982,3.82,2.32
2015.01.15 16:58:51.323,0.97953,0.97982,2.10,2.32
2015.01.15 16:58:51.374,0.97953,0.97984,4.35,2.25
2015.01.15 16:58:51.425,0.97953,0.97985,4.42,1.00
2015.01.15 16:58:51.577,0.97956,0.97992,2.25,2.32
2015.01.15 16:58:51.678,0.97953,0.97989,2.25,2.32
2015.01.15 16:58:51.981,0.97959,0.97989,1.00,2.32
2015.01.15 16:58:52.386,0.97953,0.97989,1.15,2.32
2015.01.15 16:58:55.136,0.97959,0.97988,1.00,1.65
2015.01.15 16:58:55.590,0.97964,0.97989,1.00,2.32
2015.01.15 16:58:56.143,0.97963,0.97989,1.00,2.32
2015.01.15 16:58:56.611,0.97961,0.9799,1.50,2.25
2015.01.15 16:58:56.662,0.97961,0.97993,1.50,1.27
2015.01.15 16:58:56.813,0.97964,0.97996,1.00,4.50
2015.01.15 16:58:56.915,0.97965,0.97999,1.50,4.50
2015.01.15 16:58:57.436,0.97964,0.97999,1.00,4.50
2015.01.15 16:58:57.985,0.97963,0.97999,1.20,4.50
2015.01.15 16:58:58.491,0.97964,0.97999,1.00,4.50
2015.01.15 16:58:58.694,0.97963,0.97999,1.65,2.32
2015.01.15 16:58:58.745,0.97963,0.98002,1.65,2.32
2015.01.15 16:58:58.795,0.97966,0.98003,2.25,2.32
2015.01.15 16:58:58.846,0.97966,0.98005,2.32,3.07
2015.01.15 16:58:59.098,0.97973,0.98005,1.00,2.32
2015.01.15 16:58:59.427,0.97979,0.98005,1.00,2.32
2015.01.15 16:58:59.864,0.97974,0.98005,1.00,2.32
2015.01.15 16:59:00.456,0.97974,0.98007,1.00,2.32
2015.01.15 16:59:00.557,0.97974,0.98009,1.00,3.82
2015.01.15 16:59:00.658,0.97984,0.98009,1.00,3.82
2015.01.15 16:59:01.194,0.97983,0.98006,1.00,1.65
2015.01.15 16:59:01.497,0.97983,0.98004,1.00,1.57
2015.01.15 16:59:01.709,0.97984,0.98004,1.00,1.57
2015.01.15 16:59:01.760,0.97984,0.98004,1.00,1.57
2015.01.15 16:59:02.182,0.97983,0.98005,1.00,1.65
2015.01.15 16:59:02.720,0.97984,0.98009,1.00,2.32
2015.01.15 16:59:02.771,0.97984,0.98012,1.00,2.32
2015.01.15 16:59:03.487,0.97983,0.98012,1.00,2.32
2015.01.15 16:59:05.145,0.97988,0.98012,1.00,2.32
2015.01.15 16:59:05.668,0.97989,0.98012,1.00,2.32
2015.01.15 16:59:06.499,0.97994,0.98013,1.00,2.25
2015.01.15 16:59:06.549,0.97994,0.98017,1.00,1.27
2015.01.15 16:59:06.701,0.97994,0.98016,1.00,2.32
2015.01.15 16:59:06.953,0.97988,0.98016,1.00,2.32
2015.01.15 16:59:07.356,0.97994,0.98016,1.00,2.32
2015.01.15 16:59:07.896,0.97989,0.98016,1.00,2.32
2015.01.15 16:59:08.098,0.97989,0.98013,1.00,2.32
2015.01.15 16:59:08.575,0.97984,0.98013,1.00,2.32
2015.01.15 16:59:09.337,0.97983,0.98013,1.00,2.32
2015.01.15 16:59:09.590,0.97989,0.98014,1.60,2.32
2015.01.15 16:59:09.691,0.97989,0.98017,1.60,2.32
2015.01.15 16:59:09.893,0.97994,0.9802,1.00,2.32
2015.01.15 16:59:09.994,0.97994,0.98023,1.00,4.50
2015.01.15 16:59:10.095,0.97998,0.98023,1.00,4.50
2015.01.15 16:59:10.263,0.97998,0.98025,1.00,2.32
2015.01.15 16:59:10.466,0.97999,0.98028,1.00,2.32
2015.01.15 16:59:10.567,0.98009,0.98028,1.00,2.32
2015.01.15 16:59:11.075,0.98008,0.98028,1.00,2.32
2015.01.15 16:59:11.125,0.98004,0.98028,1.00,2.32
2015.01.15 16:59:11.977,0.98004,0.98029,1.00,2.32
2015.01.15 16:59:12.078,0.98004,0.98032,1.00,2.32
2015.01.15 16:59:12.128,0.98004,0.98032,1.60,2.32
2015.01.15 16:59:12.179,0.98004,0.98036,1.60,1.15
2015.01.15 16:59:12.431,0.98014,0.98037,1.00,4.87
2015.01.15 16:59:13.966,0.98014,0.98039,1.00,2.32
2015.01.15 16:59:14.067,0.98019,0.98039,1.00,2.32
2015.01.15 16:59:14.839,0.98018,0.98039,1.00,2.32
2015.01.15 16:59:14.889,0.98018,0.98041,1.00,2.32
2015.01.15 16:59:14.991,0.98018,0.98044,1.00,2.32
2015.01.15 16:59:15.092,0.98018,0.98046,1.00,2.32
2015.01.15 16:59:15.193,0.98018,0.98043,1.00,2.32
2015.01.15 16:59:15.395,0.98009,0.98043,1.00,4.50
2015.01.15 16:59:15.597,0.98013,0.98043,1.00,4.87
2015.01.15 16:59:16.388,0.98014,0.98043,1.00,4.87
2015.01.15 16:59:17.165,0.98009,0.98043,1.50,4.87
2015.01.15 16:59:17.367,0.98019,0.98043,1.00,4.87
2015.01.15 16:59:18.068,0.98019,0.98043,1.60,4.50
2015.01.15 16:59:18.170,0.98023,0.98047,1.00,3.07
2015.01.15 16:59:18.371,0.98018,0.98047,1.60,2.70
2015.01.15 16:59:18.573,0.98029,0.98047,1.00,2.70
2015.01.15 16:59:19.345,0.98023,0.98047,1.00,2.32
2015.01.15 16:59:19.864,0.98024,0.98047,1.00,2.32
2015.01.15 16:59:19.964,0.98014,0.98039,1.00,2.25
2015.01.15 16:59:20.368,0.98009,0.98039,1.00,2.32
2015.01.15 16:59:20.419,0.98009,0.98035,1.00,2.32
2015.01.15 16:59:20.721,0.98009,0.98031,1.00,2.32
2015.01.15 16:59:21.706,0.98009,0.98033,1.00,2.32
2015.01.15 16:59:22.084,0.98003,0.98032,1.35,4.50
2015.01.15 16:59:22.601,0.98004,0.98032,1.00,4.50
2015.01.15 16:59:22.703,0.98003,0.98027,1.00,2.32
2015.01.15 16:59:23.207,0.98003,0.98029,1.00,2.32
2015.01.15 16:59:23.308,0.98003,0.98032,1.00,2.32
2015.01.15 16:59:23.655,0.97998,0.98032,1.00,2.32
2015.01.15 16:59:23.706,0.97998,0.98028,1.00,2.32
2015.01.15 16:59:23.857,0.97994,0.98028,1.70,2.32
2015.01.15 16:59:23.908,0.97994,0.98028,1.10,2.32
2015.01.15 16:59:24.618,0.97999,0.98028,1.00,2.32
2015.01.15 16:59:24.834,0.97994,0.98028,1.10,2.32
2015.01.15 16:59:25.131,0.97994,0.98029,1.07,2.32
2015.01.15 16:59:25.182,0.97994,0.98031,1.15,2.32
2015.01.15 16:59:25.510,0.98004,0.98031,1.00,2.32
2015.01.15 16:59:25.955,0.97999,0.98031,1.00,2.32
2015.01.15 16:59:26.375,0.98009,0.98031,1.00,2.32
2015.01.15 16:59:26.645,0.98004,0.98031,1.00,2.32
2015.01.15 16:59:27.013,0.98004,0.98025,1.00,2.25
2015.01.15 16:59:27.165,0.97999,0.98022,1.00,2.32
2015.01.15 16:59:27.317,0.97999,0.98026,1.00,6.00
2015.01.15 16:59:27.951,0.97998,0.98026,1.00,4.50
2015.01.15 16:59:28.387,0.97988,0.98026,2.40,4.50
2015.01.15 16:59:28.438,0.97988,0.98021,2.40,2.32
2015.01.15 16:59:28.488,0.97988,0.98021,1.10,2.32
2015.01.15 16:59:29.008,0.97989,0.98021,1.00,2.32
2015.01.15 16:59:29.907,0.97993,0.98021,1.00,2.32
2015.01.15 16:59:30.424,0.97994,0.98021,1.00,2.32
2015.01.15 16:59:30.474,0.97989,0.98021,1.00,2.32
2015.01.15 16:59:30.525,0.97989,0.98019,1.00,2.32
2015.01.15 16:59:30.777,0.97984,0.98019,1.50,2.32
2015.01.15 16:59:30.928,0.97988,0.98019,1.00,2.32
2015.01.15 16:59:31.231,0.97983,0.98012,1.00,1.65
2015.01.15 16:59:31.735,0.97983,0.98011,1.00,2.32
2015.01.15 16:59:32.166,0.97979,0.98011,1.00,2.70
2015.01.15 16:59:32.283,0.97979,0.98006,1.00,2.62
2015.01.15 16:59:32.336,0.97973,0.98006,1.10,2.70
2015.01.15 16:59:32.790,0.97979,0.98002,1.00,1.65
2015.01.15 16:59:32.891,0.97974,0.98002,1.00,1.65
2015.01.15 16:59:33.093,0.97979,0.98003,1.00,1.65
2015.01.15 16:59:33.547,0.97978,0.9801,1.10,2.32
2015.01.15 16:59:33.749,0.97979,0.98006,1.00,2.32
2015.01.15 16:59:33.900,0.97979,0.98008,1.00,2.70
2015.01.15 16:59:34.002,0.97979,0.9801,1.00,1.52
2015.01.15 16:59:34.153,0.97978,0.98009,1.00,2.32
2015.01.15 16:59:34.455,0.97978,0.98001,1.00,1.65
2015.01.15 16:59:34.978,0.97978,0.97998,1.00,2.25
2015.01.15 16:59:35.197,0.97973,0.97998,1.00,3.82
2015.01.15 16:59:35.302,0.97978,0.97998,1.00,3.82
2015.01.15 16:59:35.506,0.97978,0.97999,1.00,1.65
2015.01.15 16:59:36.355,0.97978,0.98003,1.00,3.82
2015.01.15 16:59:36.456,0.97979,0.98003,1.00,1.57
2015.01.15 16:59:36.658,0.97978,0.98004,1.00,2.32
2015.01.15 16:59:36.964,0.97983,0.98004,1.00,2.32
2015.01.15 16:59:37.267,0.97983,0.98002,1.00,2.32
2015.01.15 16:59:37.643,0.97979,0.98002,1.00,2.32
2015.01.15 16:59:37.744,0.97979,0.97999,1.00,2.32
2015.01.15 16:59:37.845,0.97974,0.97999,1.00,2.32
2015.01.15 16:59:37.946,0.97974,0.97996,1.00,2.32
2015.01.15 16:59:38.047,0.97969,0.97993,1.00,2.32
2015.01.15 16:59:38.249,0.97969,0.97997,1.00,4.50
2015.01.15 16:59:38.364,0.97969,0.98,1.00,3.07
2015.01.15 16:59:38.721,0.97974,0.98,1.00,2.32
2015.01.15 16:59:39.176,0.97969,0.98,1.00,2.32
2015.01.15 16:59:39.377,0.97979,0.98,1.00,2.32
2015.01.15 16:59:39.478,0.97979,0.98002,1.00,2.32
2015.01.15 16:59:39.730,0.97973,0.98002,1.00,2.32
2015.01.15 16:59:40.944,0.97973,0.97998,1.00,2.32
2015.01.15 16:59:41.146,0.97968,0.97998,1.00,4.50
2015.01.15 16:59:41.297,0.97968,0.97996,1.00,2.32
2015.01.15 16:59:41.840,0.97968,0.97995,1.00,4.50
2015.01.15 16:59:42.092,0.97968,0.97997,1.00,2.32
2015.01.15 16:59:42.143,0.97964,0.97997,1.07,2.32
2015.01.15 16:59:42.194,0.97964,0.97999,1.15,2.32
2015.01.15 16:59:42.345,0.97968,0.97999,1.00,2.32
2015.01.15 16:59:43.125,0.97969,0.97999,1.00,2.32
2015.01.15 16:59:43.456,0.97979,0.97999,1.00,2.32
2015.01.15 16:59:43.717,0.97978,0.98002,1.00,2.32
2015.01.15 16:59:44.345,0.97979,0.98002,1.00,2.32
2015.01.15 16:59:44.800,0.97979,0.98003,1.00,1.65
2015.01.15 16:59:44.901,0.97974,0.98002,1.00,1.65
2015.01.15 16:59:45.103,0.97978,0.98003,1.00,1.65
2015.01.15 16:59:45.520,0.97978,0.98,1.00,1.65
2015.01.15 16:59:45.823,0.97978,0.98,1.00,3.82
2015.01.15 16:59:45.874,0.97974,0.98,1.00,2.32
2015.01.15 16:59:46.227,0.97973,0.97997,1.00,2.32
2015.01.15 16:59:46.429,0.97968,0.97997,1.00,2.70
2015.01.15 16:59:46.632,0.97964,0.97997,1.00,2.70
2015.01.15 16:59:47.136,0.97964,0.97998,1.07,2.02
2015.01.15 16:59:47.237,0.97964,0.97999,1.15,1.15
2015.01.15 16:59:47.540,0.97963,0.97997,1.17,2.32
2015.01.15 16:59:47.591,0.97963,0.97997,1.10,2.32
2015.01.15 16:59:48.307,0.9796,0.97999,2.92,3.45
2015.01.15 16:59:48.615,0.97973,0.98006,1.00,2.32
2015.01.15 16:59:49.174,0.97974,0.98006,1.00,2.32
2015.01.15 16:59:49.379,0.97968,0.98006,1.52,2.32
2015.01.15 16:59:49.430,0.9797,0.98007,2.32,2.32
2015.01.15 16:59:49.481,0.97973,0.98009,1.65,2.32
2015.01.15 16:59:49.531,0.97973,0.98006,1.57,2.32
2015.01.15 16:59:49.783,0.9797,0.98008,2.32,1.15
2015.01.15 16:59:49.935,0.97974,0.98004,1.00,2.25
2015.01.15 16:59:50.439,0.97974,0.98,1.00,2.32
2015.01.15 16:59:50.540,0.97974,0.98002,1.00,2.32
2015.01.15 16:59:50.641,0.97974,0.98004,1.00,4.50
2015.01.15 16:59:51.939,0.97978,0.98004,1.00,4.50
2015.01.15 16:59:52.488,0.97979,0.98004,1.00,4.50
2015.01.15 16:59:52.808,0.97978,0.98007,1.00,2.32
2015.01.15 16:59:52.909,0.97973,0.9801,1.75,6.00
2015.01.15 16:59:52.959,0.97973,0.98006,1.07,2.32
2015.01.15 16:59:53.262,0.97974,0.98001,1.00,2.25
2015.01.15 16:59:53.464,0.97973,0.98005,1.00,2.32
2015.01.15 16:59:53.917,0.97968,0.98005,1.15,2.32
2015.01.15 16:59:53.968,0.97968,0.98002,1.00,1.65
2015.01.15 16:59:54.069,0.97968,0.97996,1.00,1.65
2015.01.15 16:59:54.120,0.97964,0.97996,1.00,1.65
2015.01.15 16:59:54.271,0.97964,0.97994,1.00,4.50
2015.01.15 16:59:54.322,0.97961,0.97994,1.00,4.50
2015.01.15 16:59:54.399,0.97958,0.97991,1.60,4.50
2015.01.15 16:59:54.601,0.97958,0.97993,1.75,2.32
2015.01.15 16:59:54.903,0.97968,0.97993,1.00,2.32
2015.01.15 16:59:55.004,0.97968,0.97999,1.00,2.32
2015.01.15 16:59:55.106,0.97969,0.98001,1.00,1.15
2015.01.15 16:59:55.674,0.97974,0.98003,1.00,4.50
2015.01.15 16:59:55.875,0.97969,0.98003,1.00,4.50
2015.01.15 16:59:56.077,0.97973,0.98003,1.00,4.50
2015.01.15 16:59:56.405,0.97973,0.98,1.00,2.32
2015.01.15 16:59:56.961,0.97974,0.98,1.00,2.32
2015.01.15 16:59:57.271,0.97974,0.97995,1.00,2.32
2015.01.15 16:59:57.785,0.97973,0.97995,1.00,2.32
2015.01.15 16:59:58.301,0.97974,0.97996,1.00,2.32
2015.01.15 16:59:58.352,0.97974,0.98,1.00,4.50
2015.01.15 16:59:58.425,0.97978,0.98,1.00,4.50
2015.01.15 16:59:58.627,0.97973,0.98,1.00,4.50
2015.01.15 16:59:58.728,0.97973,0.97996,1.00,2.32
2015.01.15 16:59:58.981,0.97969,0.97996,1.00,2.32
2015.01.15 16:59:59.132,0.97969,0.97993,1.00,2.32
