2015.04.02 13:00:00.177,0.95293,0.95327,1.17,1.00
2015.04.02 13:00:00.329,0.95293,0.95323,1.17,1.00
2015.04.02 13:00:01.003,0.95294,0.95324,1.00,1.20
2015.04.02 13:00:01.556,0.95296,0.95329,1.00,4.50
2015.04.02 13:00:01.709,0.95296,0.95333,1.00,1.15
2015.04.02 13:00:01.861,0.95299,0.95334,1.00,1.15
2015.04.02 13:00:02.867,0.95295,0.95332,1.10,1.15
2015.04.02 13:00:03.624,0.95296,0.95331,1.00,1.17
2015.04.02 13:00:05.574,0.95298,0.95331,1.00,1.17
2015.04.02 13:00:05.813,0.95296,0.95331,1.00,1.17
2015.04.02 13:00:06.505,0.95298,0.95334,1.50,1.15
2015.04.02 13:00:06.818,0.953,0.95335,1.00,3.07
2015.04.02 13:00:07.146,0.95304,0.95339,1.00,4.57
2015.04.02 13:00:07.196,0.95302,0.95339,1.00,3.82
2015.04.02 13:00:07.498,0.95303,0.95334,1.00,2.32
2015.04.02 13:00:07.599,0.953,0.95334,1.00,2.32
2015.04.02 13:00:07.901,0.95303,0.95334,1.00,2.32
2015.04.02 13:00:08.204,0.95299,0.95329,1.00,2.32
2015.04.02 13:00:08.707,0.95298,0.95324,1.00,1.10
2015.04.02 13:00:09.129,0.95294,0.95325,1.00,1.17
2015.04.02 13:00:09.359,0.95288,0.95323,1.15,1.00
2015.04.02 13:00:09.834,0.95286,0.95321,2.32,1.00
2015.04.02 13:00:09.934,0.95285,0.95323,1.15,1.52
2015.04.02 13:00:10.086,0.95289,0.95325,1.07,2.25
2015.04.02 13:00:10.136,0.95292,0.95327,1.10,1.15
2015.04.02 13:00:10.187,0.95292,0.95329,1.17,1.57
2015.04.02 13:00:10.238,0.95295,0.95331,1.17,1.15
2015.04.02 13:00:10.338,0.95299,0.95332,1.00,2.02
2015.04.02 13:00:10.540,0.95299,0.95336,1.15,1.15
2015.04.02 13:00:10.691,0.95305,0.95335,1.00,2.32
2015.04.02 13:00:10.842,0.95306,0.95337,1.00,1.15
2015.04.02 13:00:11.101,0.953,0.95337,1.52,1.15
2015.04.02 13:00:11.202,0.95301,0.95336,1.10,1.17
2015.04.02 13:00:11.706,0.95301,0.95336,1.00,2.32
2015.04.02 13:00:12.008,0.95303,0.95336,1.50,2.32
2015.04.02 13:00:12.058,0.95303,0.95338,1.50,1.15
2015.04.02 13:00:12.614,0.95309,0.9534,1.00,3.07
2015.04.02 13:00:13.294,0.95305,0.9534,1.00,2.32
2015.04.02 13:00:15.063,0.95304,0.9534,1.50,2.32
2015.04.02 13:00:15.803,0.95308,0.9534,1.00,2.32
2015.04.02 13:00:16.364,0.95306,0.9534,1.00,2.32
2015.04.02 13:00:16.573,0.95308,0.9534,1.00,2.32
2015.04.02 13:00:17.165,0.95309,0.9534,1.00,2.32
2015.04.02 13:00:18.464,0.95309,0.95344,1.00,3.07
2015.04.02 13:00:18.564,0.95309,0.95345,1.65,1.15
2015.04.02 13:00:18.716,0.95312,0.95346,1.00,1.15
2015.04.02 13:00:19.118,0.95314,0.95346,1.00,1.15
2015.04.02 13:00:19.632,0.95315,0.95348,1.00,2.70
2015.04.02 13:00:19.833,0.95309,0.95341,1.00,1.65
2015.04.02 13:00:19.934,0.9531,0.95346,1.00,1.15
2015.04.02 13:00:20.144,0.95314,0.95346,1.00,1.65
2015.04.02 13:00:20.446,0.95319,0.95346,1.00,1.15
2015.04.02 13:00:20.942,0.95319,0.95351,1.00,1.15
2015.04.02 13:00:20.992,0.95316,0.95346,1.00,1.00
2015.04.02 13:00:21.093,0.95316,0.95349,1.00,1.00
2015.04.02 13:00:21.194,0.95314,0.95349,1.07,1.07
2015.04.02 13:00:21.523,0.95318,0.95347,1.00,1.15
2015.04.02 13:00:22.843,0.95319,0.95349,1.00,1.15
2015.04.02 13:00:23.967,0.95315,0.95349,1.00,1.15
2015.04.02 13:00:24.119,0.95318,0.9535,1.00,2.32
2015.04.02 13:00:24.221,0.95316,0.9535,1.00,2.32
2015.04.02 13:00:24.322,0.95318,0.9535,1.00,2.32
2015.04.02 13:00:24.626,0.95319,0.95353,1.00,1.15
2015.04.02 13:00:24.677,0.95319,0.9535,1.00,1.07
2015.04.02 13:00:25.595,0.95318,0.95349,1.00,1.15
2015.04.02 13:00:27.167,0.95313,0.95351,1.50,1.15
2015.04.02 13:00:27.318,0.95313,0.95347,1.00,2.32
2015.04.02 13:00:27.620,0.95314,0.95343,1.00,3.07
2015.04.02 13:00:29.163,0.95307,0.95343,1.00,3.07
2015.04.02 13:00:29.213,0.95307,0.95343,1.07,1.15
2015.04.02 13:00:29.264,0.95305,0.95343,1.15,1.07
2015.04.02 13:00:29.515,0.95309,0.95343,1.00,1.07
2015.04.02 13:00:30.019,0.95308,0.95343,1.00,1.15
2015.04.02 13:00:31.321,0.95305,0.95344,3.07,2.32
2015.04.02 13:00:31.372,0.95305,0.95346,3.07,1.15
2015.04.02 13:00:31.573,0.95313,0.95346,1.00,1.15
2015.04.02 13:00:32.126,0.95309,0.95344,1.17,1.17
2015.04.02 13:00:32.236,0.95309,0.95343,1.00,1.15
2015.04.02 13:00:34.178,0.95308,0.95344,1.00,3.07
2015.04.02 13:00:36.497,0.95308,0.95333,1.00,2.25
2015.04.02 13:00:36.598,0.95303,0.95334,1.57,2.25
2015.04.02 13:00:36.698,0.95303,0.9534,1.57,1.15
2015.04.02 13:00:36.849,0.95308,0.9534,1.00,1.15
2015.04.02 13:00:37.152,0.95314,0.9534,1.00,1.52
2015.04.02 13:00:38.149,0.95309,0.95338,1.00,1.27
2015.04.02 13:00:38.938,0.95309,0.95335,1.00,1.07
2015.04.02 13:00:39.823,0.95308,0.95334,1.00,1.17
2015.04.02 13:00:39.924,0.95303,0.95334,1.00,1.17
2015.04.02 13:00:40.080,0.95303,0.95329,1.00,1.00
2015.04.02 13:00:40.658,0.95304,0.95329,1.00,1.00
2015.04.02 13:00:42.533,0.95303,0.95329,1.00,1.00
2015.04.02 13:00:43.104,0.95304,0.95329,1.00,1.00
2015.04.02 13:00:43.648,0.95303,0.95329,1.00,1.00
2015.04.02 13:00:44.656,0.95299,0.95325,1.00,1.00
2015.04.02 13:00:44.961,0.95298,0.95323,1.00,1.17
2015.04.02 13:00:45.504,0.95299,0.95324,1.00,1.15
2015.04.02 13:00:46.723,0.95299,0.95324,1.00,1.07
2015.04.02 13:00:46.774,0.95299,0.95328,1.00,1.52
2015.04.02 13:00:46.874,0.95299,0.95328,1.00,1.00
2015.04.02 13:00:47.085,0.95299,0.9533,1.00,1.00
2015.04.02 13:00:47.684,0.95298,0.9533,1.00,1.00
2015.04.02 13:00:48.197,0.95298,0.95328,1.00,1.00
2015.04.02 13:00:48.399,0.95294,0.95328,1.15,1.00
2015.04.02 13:00:48.906,0.95294,0.95327,1.15,1.00
2015.04.02 13:00:48.957,0.95294,0.95329,1.65,1.00
2015.04.02 13:00:49.309,0.95297,0.95332,1.00,1.27
2015.04.02 13:00:49.360,0.95304,0.95332,1.00,1.27
2015.04.02 13:00:57.053,0.95303,0.95334,1.00,1.15
2015.04.02 13:00:59.162,0.95304,0.95334,1.00,1.15
2015.04.02 13:01:00.579,0.95309,0.95334,1.00,1.15
2015.04.02 13:01:00.679,0.95309,0.9534,1.00,1.52
2015.04.02 13:01:00.867,0.95309,0.95341,1.00,1.55
2015.04.02 13:01:00.969,0.95307,0.95343,1.27,1.00
2015.04.02 13:01:01.126,0.95313,0.95343,1.00,1.00
2015.04.02 13:01:01.529,0.95313,0.95345,1.00,1.10
2015.04.02 13:01:03.332,0.95314,0.95346,1.00,1.17
2015.04.02 13:01:03.586,0.95318,0.95349,1.00,1.15
2015.04.02 13:01:03.888,0.95319,0.95351,1.00,1.27
2015.04.02 13:01:04.039,0.95322,0.95351,1.00,1.17
2015.04.02 13:01:04.140,0.95319,0.95352,1.07,1.07
2015.04.02 13:01:04.191,0.95319,0.95352,1.15,1.00
2015.04.02 13:01:04.442,0.95319,0.95354,1.65,1.00
2015.04.02 13:01:04.543,0.95328,0.95354,1.00,1.00
2015.04.02 13:01:05.193,0.95324,0.95354,1.00,1.00
2015.04.02 13:01:06.102,0.95324,0.95352,1.00,1.00
2015.04.02 13:01:07.469,0.95324,0.95353,1.00,1.00
2015.04.02 13:01:07.726,0.95319,0.95351,1.00,1.10
2015.04.02 13:01:10.362,0.95318,0.95351,1.00,1.10
2015.04.02 13:01:10.919,0.95319,0.95351,1.00,1.10
2015.04.02 13:01:11.823,0.95319,0.95349,1.00,1.00
2015.04.02 13:01:14.369,0.95319,0.95347,1.00,1.00
2015.04.02 13:01:14.792,0.95319,0.95349,1.00,1.00
2015.04.02 13:01:15.428,0.95319,0.9535,1.00,1.00
2015.04.02 13:01:16.786,0.95319,0.95348,1.00,1.00
2015.04.02 13:01:18.092,0.95319,0.95347,1.00,1.00
2015.04.02 13:01:22.460,0.95319,0.95349,1.00,1.00
2015.04.02 13:01:25.290,0.95319,0.95348,1.00,1.00
2015.04.02 13:01:25.472,0.95319,0.95346,1.00,1.00
2015.04.02 13:01:25.573,0.95319,0.95348,1.00,1.00
2015.04.02 13:01:28.293,0.95314,0.95348,1.00,1.20
2015.04.02 13:01:28.444,0.95316,0.95351,1.15,1.00
2015.04.02 13:01:28.746,0.95324,0.95351,1.00,1.00
2015.04.02 13:01:32.734,0.95323,0.9535,1.00,1.00
2015.04.02 13:01:33.382,0.95323,0.95351,1.00,1.00
2015.04.02 13:01:33.734,0.95324,0.95356,1.00,1.00
2015.04.02 13:01:34.783,0.95329,0.95358,1.00,1.27
2015.04.02 13:01:35.112,0.95324,0.95356,1.00,1.00
2015.04.02 13:01:35.377,0.95329,0.95358,1.00,1.52
2015.04.02 13:01:35.680,0.95324,0.95351,1.00,1.10
2015.04.02 13:01:35.781,0.95318,0.95351,1.10,1.10
2015.04.02 13:01:36.102,0.95323,0.95351,1.00,1.10
2015.04.02 13:01:38.657,0.95324,0.95351,1.00,1.10
2015.04.02 13:01:39.864,0.95323,0.95349,1.00,1.00
2015.04.02 13:01:40.166,0.95313,0.95342,1.10,2.32
2015.04.02 13:01:40.468,0.95314,0.95332,1.00,5.25
2015.04.02 13:01:40.620,0.95303,0.95332,1.00,5.62
2015.04.02 13:01:40.771,0.95303,0.95329,1.00,3.07
2015.04.02 13:01:41.073,0.95303,0.9533,1.00,1.17
2015.04.02 13:01:41.627,0.95304,0.95331,1.00,1.15
2015.04.02 13:01:41.971,0.95304,0.95332,1.00,1.00
2015.04.02 13:01:42.481,0.95304,0.95336,1.00,1.15
2015.04.02 13:01:42.682,0.95304,0.95339,1.10,1.15
2015.04.02 13:01:42.834,0.95309,0.95337,1.00,1.07
2015.04.02 13:01:45.343,0.95308,0.95338,1.00,1.17
2015.04.02 13:01:45.478,0.95303,0.95338,1.95,1.17
2015.04.02 13:01:45.695,0.95303,0.95334,1.00,1.20
2015.04.02 13:01:46.047,0.95304,0.95333,1.00,1.37
2015.04.02 13:01:46.551,0.95303,0.95332,1.00,1.00
2015.04.02 13:01:46.601,0.95298,0.95333,1.65,1.00
2015.04.02 13:01:46.903,0.95298,0.95332,5.25,1.00
2015.04.02 13:01:47.523,0.95298,0.95332,1.15,1.00
2015.04.02 13:01:48.003,0.95298,0.9533,1.15,1.00
2015.04.02 13:01:48.105,0.95298,0.95334,1.15,1.20
2015.04.02 13:01:48.421,0.95298,0.9533,1.15,1.00
2015.04.02 13:01:48.572,0.95298,0.95334,1.15,1.20
2015.04.02 13:01:49.560,0.95298,0.95332,1.15,1.00
2015.04.02 13:01:49.985,0.95299,0.95334,1.20,1.20
2015.04.02 13:01:50.036,0.95303,0.95334,1.00,1.20
2015.04.02 13:01:50.338,0.95303,0.95332,1.00,1.00
2015.04.02 13:01:50.539,0.95303,0.95334,1.00,1.20
2015.04.02 13:01:51.067,0.95303,0.95331,1.00,1.00
2015.04.02 13:01:51.422,0.95303,0.95334,1.00,1.20
2015.04.02 13:01:51.875,0.95303,0.95332,1.00,1.00
2015.04.02 13:01:52.077,0.95303,0.95334,1.00,1.20
2015.04.02 13:01:52.624,0.95304,0.95332,1.00,1.00
2015.04.02 13:01:53.292,0.95304,0.95334,1.00,1.20
2015.04.02 13:01:53.623,0.95304,0.95332,1.00,1.00
2015.04.02 13:01:53.829,0.95304,0.95334,1.00,1.20
2015.04.02 13:01:54.332,0.95303,0.95333,1.00,1.00
2015.04.02 13:01:54.534,0.95308,0.95333,1.00,1.00
2015.04.02 13:01:55.081,0.95304,0.95333,1.00,1.00
2015.04.02 13:01:56.792,0.95304,0.95334,1.00,1.20
2015.04.02 13:01:56.944,0.95303,0.95337,1.17,1.17
2015.04.02 13:01:57.847,0.95313,0.95337,1.00,1.17
2015.04.02 13:01:58.164,0.95309,0.95339,1.00,1.15
2015.04.02 13:01:58.642,0.95314,0.95336,1.00,1.10
2015.04.02 13:01:58.851,0.95309,0.95336,1.00,1.10
2015.04.02 13:01:59.306,0.95303,0.95335,1.17,1.00
2015.04.02 13:01:59.824,0.95303,0.95339,1.17,1.15
2015.04.02 13:02:00.411,0.95305,0.9534,1.00,1.15
2015.04.02 13:02:00.613,0.95309,0.9534,1.00,1.17
2015.04.02 13:02:00.663,0.95309,0.95343,1.00,1.15
2015.04.02 13:02:01.622,0.95309,0.95339,1.00,1.00
2015.04.02 13:02:02.284,0.95309,0.95344,1.00,1.52
2015.04.02 13:02:02.335,0.95309,0.95344,1.15,1.37
2015.04.02 13:02:02.838,0.95309,0.95346,1.15,1.55
2015.04.02 13:02:03.440,0.95307,0.95344,3.07,1.37
2015.04.02 13:02:04.381,0.95309,0.95343,1.15,1.00
2015.04.02 13:02:04.432,0.95309,0.95343,1.00,1.15
2015.04.02 13:02:04.542,0.95306,0.95343,1.10,1.15
2015.04.02 13:02:05.097,0.95309,0.95341,1.00,1.10
2015.04.02 13:02:05.700,0.95309,0.9534,1.00,1.00
2015.04.02 13:02:06.164,0.95308,0.95342,1.15,1.00
2015.04.02 13:02:07.056,0.95308,0.95341,1.15,1.00
2015.04.02 13:02:09.013,0.95308,0.9534,1.15,1.00
2015.04.02 13:02:09.211,0.95308,0.95342,1.15,1.00
2015.04.02 13:02:09.464,0.95308,0.95339,1.15,1.00
2015.04.02 13:02:10.091,0.95308,0.9534,1.15,1.00
2015.04.02 13:02:10.369,0.95308,0.9534,1.12,1.00
2015.04.02 13:02:10.470,0.95309,0.95346,1.00,1.50
2015.04.02 13:02:10.621,0.95313,0.95346,1.00,1.00
2015.04.02 13:02:11.074,0.95308,0.95345,1.00,1.00
2015.04.02 13:02:11.124,0.95308,0.95343,1.00,1.00
2015.04.02 13:02:11.426,0.95304,0.95339,1.65,1.00
2015.04.02 13:02:12.327,0.95307,0.95341,1.00,1.00
2015.04.02 13:02:12.378,0.95309,0.95342,1.00,1.00
2015.04.02 13:02:12.929,0.95309,0.95343,1.00,1.00
2015.04.02 13:02:13.432,0.95309,0.95344,1.00,1.00
2015.04.02 13:02:13.992,0.95309,0.95342,1.00,1.00
2015.04.02 13:02:14.336,0.95309,0.9534,1.00,1.00
2015.04.02 13:02:14.938,0.95309,0.95341,1.00,1.50
2015.04.02 13:02:15.890,0.95308,0.95341,1.00,1.00
2015.04.02 13:02:16.464,0.95308,0.9534,1.00,1.00
2015.04.02 13:02:17.148,0.95308,0.95338,1.00,1.00
2015.04.02 13:02:17.699,0.95308,0.95337,1.00,1.00
2015.04.02 13:02:19.018,0.95308,0.95342,1.00,1.50
2015.04.02 13:02:19.471,0.95309,0.9534,1.00,1.00
2015.04.02 13:02:20.012,0.95309,0.95339,1.00,1.00
2015.04.02 13:02:20.271,0.95304,0.95336,1.00,1.00
2015.04.02 13:02:20.623,0.95309,0.95339,1.00,1.00
2015.04.02 13:02:22.001,0.95309,0.95341,1.00,1.50
2015.04.02 13:02:22.520,0.95309,0.9534,1.00,1.00
2015.04.02 13:02:24.486,0.95308,0.9534,1.00,1.00
2015.04.02 13:02:24.831,0.95308,0.95338,1.00,1.00
2015.04.02 13:02:25.290,0.95308,0.9534,1.00,1.00
2015.04.02 13:02:25.583,0.95304,0.95339,1.00,1.00
2015.04.02 13:02:25.634,0.95304,0.95336,1.00,1.00
2015.04.02 13:02:25.943,0.95304,0.95331,1.00,1.00
2015.04.02 13:02:26.870,0.95308,0.95337,1.00,1.50
2015.04.02 13:02:27.339,0.95304,0.95331,1.00,1.00
2015.04.02 13:02:27.902,0.95308,0.95334,1.00,1.00
2015.04.02 13:02:28.355,0.95309,0.95339,1.00,1.57
2015.04.02 13:02:28.456,0.95309,0.95339,1.00,1.20
2015.04.02 13:02:28.557,0.95309,0.95341,1.00,1.50
2015.04.02 13:02:28.708,0.95309,0.95339,1.00,1.00
2015.04.02 13:02:29.110,0.95314,0.9534,1.00,1.00
2015.04.02 13:02:29.161,0.95314,0.95342,1.00,1.00
2015.04.02 13:02:29.780,0.95314,0.95341,1.00,1.00
2015.04.02 13:02:31.918,0.95314,0.95342,1.00,1.00
2015.04.02 13:02:32.311,0.95314,0.95344,1.00,1.10
2015.04.02 13:02:32.463,0.95314,0.95342,1.00,1.00
2015.04.02 13:02:34.169,0.95313,0.95342,1.00,1.00
2015.04.02 13:02:34.678,0.95314,0.95342,1.00,1.00
2015.04.02 13:02:35.783,0.95313,0.95342,1.00,1.00
2015.04.02 13:02:36.086,0.95313,0.95345,1.00,1.07
2015.04.02 13:02:36.137,0.95308,0.95345,1.00,1.00
2015.04.02 13:02:36.188,0.95308,0.95342,1.00,1.00
2015.04.02 13:02:36.492,0.95305,0.95339,2.32,1.00
2015.04.02 13:02:36.543,0.95301,0.95339,5.25,1.00
2015.04.02 13:02:36.593,0.95301,0.95336,5.25,1.00
2015.04.02 13:02:36.644,0.953,0.95336,1.07,1.65
2015.04.02 13:02:37.607,0.95299,0.95333,1.17,1.00
2015.04.02 13:02:38.114,0.953,0.95334,1.07,1.10
2015.04.02 13:02:40.233,0.95303,0.95337,1.00,1.27
2015.04.02 13:02:40.936,0.95306,0.95337,1.10,1.00
2015.04.02 13:02:42.090,0.95306,0.9534,1.10,1.45
2015.04.02 13:02:42.392,0.95308,0.95341,1.00,1.17
2015.04.02 13:02:42.644,0.95309,0.95342,1.07,1.00
2015.04.02 13:02:42.945,0.95308,0.95342,1.00,1.00
2015.04.02 13:02:42.996,0.9531,0.95342,1.00,1.00
2015.04.02 13:02:43.499,0.9531,0.95341,1.00,1.00
2015.04.02 13:02:45.202,0.95309,0.95341,1.00,1.00
2015.04.02 13:02:47.490,0.9531,0.95341,1.00,1.00
2015.04.02 13:02:48.005,0.95311,0.95342,1.00,1.00
2015.04.02 13:02:48.886,0.95311,0.95346,1.00,1.00
2015.04.02 13:02:48.936,0.95313,0.95347,1.00,1.87
2015.04.02 13:02:49.238,0.95316,0.95346,1.10,1.00
2015.04.02 13:02:51.972,0.95316,0.95347,1.15,1.00
2015.04.02 13:02:52.073,0.95318,0.95352,1.15,1.00
2015.04.02 13:02:52.576,0.95317,0.95351,1.15,1.00
2015.04.02 13:02:52.878,0.95319,0.95354,1.17,1.17
2015.04.02 13:02:53.029,0.95323,0.95355,1.00,1.15
2015.04.02 13:02:53.388,0.9532,0.95356,1.10,1.15
2015.04.02 13:02:53.439,0.95323,0.95356,1.00,1.15
2015.04.02 13:02:54.339,0.95322,0.95356,1.00,1.15
2015.04.02 13:02:54.440,0.95319,0.95355,1.17,1.15
2015.04.02 13:02:54.843,0.95319,0.95351,1.17,1.00
2015.04.02 13:02:57.560,0.95318,0.95352,1.15,1.87
2015.04.02 13:02:58.094,0.95319,0.95351,1.17,1.00
2015.04.02 13:02:58.397,0.95319,0.95351,1.00,1.15
2015.04.02 13:03:00.102,0.95317,0.95352,1.00,2.02
2015.04.02 13:03:00.653,0.95318,0.95355,1.15,1.52
2015.04.02 13:03:00.703,0.95321,0.95355,1.00,1.52
2015.04.02 13:03:01.005,0.95324,0.95355,1.00,1.15
2015.04.02 13:03:02.399,0.9532,0.95352,1.00,1.00
2015.04.02 13:03:03.225,0.95323,0.95352,1.00,1.00
2015.04.02 13:03:03.628,0.95323,0.95357,1.00,2.02
2015.04.02 13:03:05.572,0.95323,0.95356,1.15,4.50
2015.04.02 13:03:07.400,0.95324,0.95352,1.00,2.32
2015.04.02 13:03:07.702,0.95323,0.95354,1.15,2.32
2015.04.02 13:03:08.458,0.95322,0.95351,2.32,1.00
2015.04.02 13:03:08.509,0.95321,0.95351,1.15,1.17
2015.04.02 13:03:08.661,0.9532,0.95351,1.15,2.32
2015.04.02 13:03:08.812,0.95316,0.95349,1.15,5.25
2015.04.02 13:03:08.862,0.95316,0.95346,1.15,1.07
2015.04.02 13:03:08.913,0.95316,0.95346,1.15,1.00
2015.04.02 13:03:08.964,0.9532,0.95352,3.07,2.32
2015.04.02 13:03:09.014,0.9532,0.95354,3.07,3.07
2015.04.02 13:03:10.173,0.95323,0.95356,2.32,1.15
2015.04.02 13:03:10.274,0.95319,0.95354,3.07,2.32
2015.04.02 13:03:10.374,0.95323,0.95356,1.15,2.32
2015.04.02 13:03:10.475,0.95325,0.95358,2.32,1.65
2015.04.02 13:03:10.677,0.95324,0.95357,1.15,3.07
2015.04.02 13:03:11.330,0.95323,0.95351,3.07,1.00
2015.04.02 13:03:16.046,0.95323,0.95352,2.32,1.10
2015.04.02 13:03:17.897,0.95325,0.95359,2.32,1.52
2015.04.02 13:03:18.402,0.95323,0.95357,3.07,2.32
2015.04.02 13:03:19.711,0.95319,0.95354,3.82,1.15
2015.04.02 13:03:19.812,0.95319,0.95351,1.15,4.50
2015.04.02 13:03:21.520,0.95323,0.95351,1.00,4.50
2015.04.02 13:03:22.370,0.95324,0.95351,1.00,4.50
2015.04.02 13:03:23.506,0.95324,0.95353,1.00,1.15
2015.04.02 13:03:24.339,0.95324,0.95357,1.15,3.07
2015.04.02 13:03:26.406,0.95326,0.9536,1.15,4.50
2015.04.02 13:03:26.709,0.95333,0.9536,1.00,2.32
2015.04.02 13:03:26.860,0.95329,0.9536,1.17,2.32
2015.04.02 13:03:26.910,0.95329,0.9536,1.15,1.15
2015.04.02 13:03:27.313,0.95329,0.95359,1.07,2.32
2015.04.02 13:03:28.032,0.95324,0.95354,1.15,1.15
2015.04.02 13:03:28.183,0.9532,0.95356,1.00,1.15
2015.04.02 13:03:28.233,0.95323,0.95356,1.00,1.15
2015.04.02 13:03:28.959,0.95321,0.95356,1.00,1.15
2015.04.02 13:03:29.619,0.9532,0.95356,1.00,1.15
2015.04.02 13:03:30.172,0.95325,0.95356,1.00,1.15
2015.04.02 13:03:30.223,0.95325,0.95356,1.00,1.00
2015.04.02 13:03:30.374,0.95325,0.9536,1.00,1.00
2015.04.02 13:03:30.474,0.95323,0.95361,1.12,1.00
2015.04.02 13:03:30.732,0.95324,0.95355,1.00,1.00
2015.04.02 13:03:30.783,0.95319,0.95355,1.57,1.00
2015.04.02 13:03:31.085,0.95319,0.95357,1.07,1.50
2015.04.02 13:03:31.135,0.95318,0.95352,1.65,1.00
2015.04.02 13:03:31.745,0.95322,0.95352,1.00,1.00
2015.04.02 13:03:31.896,0.95322,0.95359,1.00,1.37
2015.04.02 13:03:31.946,0.95318,0.95355,1.17,1.00
2015.04.02 13:03:32.299,0.95318,0.95357,1.65,1.50
2015.04.02 13:03:32.349,0.95318,0.95351,1.17,1.00
2015.04.02 13:03:33.721,0.95318,0.95355,1.17,1.00
2015.04.02 13:03:33.960,0.95318,0.95355,1.00,1.00
2015.04.02 13:03:34.111,0.95315,0.95355,1.00,1.00
2015.04.02 13:03:34.162,0.95315,0.95342,1.00,1.00
2015.04.02 13:03:34.212,0.95313,0.95342,1.00,1.00
2015.04.02 13:03:34.313,0.95309,0.95342,1.00,1.00
2015.04.02 13:03:34.364,0.95309,0.95344,1.00,1.00
2015.04.02 13:03:34.464,0.95312,0.95346,1.00,1.50
2015.04.02 13:03:34.766,0.95318,0.95347,1.00,1.00
2015.04.02 13:03:35.868,0.95318,0.95348,1.10,1.00
2015.04.02 13:03:35.919,0.95318,0.95353,1.10,1.20
2015.04.02 13:03:36.020,0.95321,0.95355,1.07,1.07
2015.04.02 13:03:36.322,0.95324,0.95356,1.00,1.00
2015.04.02 13:03:36.830,0.95322,0.95356,1.20,1.00
2015.04.02 13:03:36.881,0.95319,0.95353,1.15,1.00
2015.04.02 13:03:36.931,0.95319,0.95353,1.10,1.07
2015.04.02 13:03:37.300,0.95323,0.95354,1.00,1.17
2015.04.02 13:03:37.624,0.95318,0.95352,1.20,1.10
2015.04.02 13:03:37.725,0.95318,0.95352,1.07,1.17
2015.04.02 13:03:37.826,0.95314,0.95351,1.17,1.15
2015.04.02 13:03:38.589,0.95318,0.95351,1.00,1.15
2015.04.02 13:03:39.795,0.95321,0.95357,1.00,1.15
2015.04.02 13:03:40.097,0.95323,0.95358,1.00,2.32
2015.04.02 13:03:40.349,0.95328,0.9536,1.00,1.15
2015.04.02 13:03:40.551,0.95324,0.95358,1.20,1.00
2015.04.02 13:03:40.652,0.95324,0.95356,1.20,1.00
2015.04.02 13:03:41.105,0.95328,0.95359,1.00,1.57
2015.04.02 13:03:41.289,0.95324,0.95356,1.20,1.00
2015.04.02 13:03:41.652,0.95324,0.95356,1.00,1.15
2015.04.02 13:03:42.160,0.95323,0.95355,1.00,1.17
2015.04.02 13:03:42.857,0.95319,0.95354,1.15,1.10
2015.04.02 13:03:42.958,0.95319,0.95352,1.15,1.00
2015.04.02 13:03:43.260,0.95314,0.95347,1.17,1.87
2015.04.02 13:03:43.361,0.95309,0.95347,1.15,2.02
2015.04.02 13:03:43.462,0.95312,0.95347,1.17,1.07
2015.04.02 13:03:43.565,0.95312,0.95347,1.15,1.50
2015.04.02 13:03:43.666,0.95314,0.95346,1.00,1.15
2015.04.02 13:03:44.063,0.95314,0.95346,1.57,1.00
2015.04.02 13:03:45.597,0.95313,0.95347,1.17,1.00
2015.04.02 13:03:45.648,0.95313,0.95346,1.00,2.32
2015.04.02 13:03:45.800,0.95308,0.95338,1.10,1.00
2015.04.02 13:03:45.991,0.95308,0.95345,1.65,1.45
2015.04.02 13:03:46.044,0.95318,0.95345,1.00,1.10
2015.04.02 13:03:46.675,0.95318,0.95341,1.00,1.00
2015.04.02 13:03:46.826,0.95314,0.95341,1.00,1.00
2015.04.02 13:03:47.126,0.95308,0.95345,1.65,1.47
2015.04.02 13:03:47.277,0.95308,0.95345,1.65,1.10
2015.04.02 13:03:47.378,0.95314,0.95346,1.00,1.57
2015.04.02 13:03:48.331,0.95309,0.95345,1.15,1.10
2015.04.02 13:03:48.583,0.95314,0.95346,1.00,1.07
2015.04.02 13:03:49.134,0.9531,0.95347,1.17,1.17
2015.04.02 13:03:49.637,0.95313,0.95349,1.00,1.15
2015.04.02 13:03:49.894,0.95313,0.95348,1.07,1.17
2015.04.02 13:03:50.388,0.95313,0.95348,1.00,1.52
2015.04.02 13:03:50.891,0.95314,0.95346,1.00,1.15
2015.04.02 13:03:51.395,0.95314,0.95346,1.17,1.00
2015.04.02 13:03:51.546,0.95314,0.95348,1.17,1.20
2015.04.02 13:03:51.848,0.95317,0.95352,1.00,1.27
2015.04.02 13:03:52.290,0.95319,0.95351,1.00,1.65
2015.04.02 13:03:52.639,0.95324,0.95349,1.00,1.17
2015.04.02 13:03:53.858,0.95318,0.95352,1.00,1.65
2015.04.02 13:03:54.409,0.9532,0.95356,1.00,1.52
2015.04.02 13:03:54.511,0.95323,0.95357,1.00,2.02
2015.04.02 13:03:54.814,0.9532,0.95353,1.00,2.32
2015.04.02 13:03:55.116,0.95324,0.95349,1.00,1.17
2015.04.02 13:03:55.418,0.95317,0.95352,1.00,1.15
2015.04.02 13:03:55.921,0.95318,0.95352,1.00,1.15
2015.04.02 13:03:56.466,0.95319,0.95352,1.00,1.15
2015.04.02 13:03:56.888,0.95319,0.95352,1.00,1.00
2015.04.02 13:03:57.391,0.95318,0.95355,1.10,1.52
2015.04.02 13:03:57.491,0.95321,0.95357,1.00,1.52
2015.04.02 13:03:57.793,0.95324,0.95356,1.00,2.02
2015.04.02 13:03:58.372,0.95324,0.95356,1.00,1.65
2015.04.02 13:03:59.329,0.9532,0.95356,1.00,1.65
2015.04.02 13:03:59.582,0.95319,0.95351,1.00,1.00
2015.04.02 13:04:00.333,0.95317,0.95352,1.17,1.12
2015.04.02 13:04:00.786,0.95313,0.9535,4.57,1.00
2015.04.02 13:04:01.290,0.95314,0.9535,1.07,1.07
2015.04.02 13:04:01.593,0.95313,0.95342,1.00,1.27
2015.04.02 13:04:02.096,0.95313,0.9534,1.00,1.00
2015.04.02 13:04:02.448,0.95308,0.9534,1.10,1.00
2015.04.02 13:04:03.169,0.95308,0.95343,1.10,1.52
2015.04.02 13:04:03.320,0.95309,0.95341,1.15,1.00
2015.04.02 13:04:03.862,0.9531,0.95345,1.17,1.07
2015.04.02 13:04:04.064,0.95308,0.95342,1.65,1.00
2015.04.02 13:04:04.384,0.95308,0.95342,1.17,1.07
2015.04.02 13:04:04.485,0.95308,0.95342,1.10,1.17
2015.04.02 13:04:05.289,0.95306,0.95336,1.15,1.00
2015.04.02 13:04:06.052,0.95313,0.95341,1.00,1.10
2015.04.02 13:04:08.709,0.95314,0.95341,1.00,1.10
2015.04.02 13:04:08.810,0.95309,0.95345,1.00,1.15
2015.04.02 13:04:09.316,0.95309,0.95341,1.00,3.82
2015.04.02 13:04:09.366,0.95305,0.9534,1.00,1.15
2015.04.02 13:04:09.467,0.95303,0.95337,1.00,1.17
2015.04.02 13:04:10.131,0.95304,0.95336,1.00,1.10
2015.04.02 13:04:11.786,0.95304,0.95335,1.00,1.00
2015.04.02 13:04:11.988,0.95306,0.95341,1.00,2.70
2015.04.02 13:04:12.139,0.95308,0.95342,1.07,1.10
2015.04.02 13:04:12.441,0.95311,0.95342,1.00,1.10
2015.04.02 13:04:12.743,0.95314,0.95344,1.00,1.27
2015.04.02 13:04:12.899,0.9531,0.95346,1.00,1.52
2015.04.02 13:04:12.950,0.9531,0.95346,1.07,1.55
2015.04.02 13:04:14.146,0.95309,0.95344,1.65,1.50
2015.04.02 13:04:15.110,0.95308,0.95342,1.17,1.95
2015.04.02 13:04:16.426,0.95309,0.95341,1.10,1.00
2015.04.02 13:04:16.958,0.95309,0.9534,1.10,1.00
2015.04.02 13:04:17.138,0.95309,0.95338,1.10,1.00
2015.04.02 13:04:17.239,0.95304,0.95336,1.20,1.00
2015.04.02 13:04:18.395,0.95303,0.95334,1.15,1.00
2015.04.02 13:04:18.714,0.95303,0.95332,1.15,1.00
2015.04.02 13:04:19.619,0.95297,0.95333,1.65,1.37
2015.04.02 13:04:19.821,0.95304,0.95331,1.00,1.00
2015.04.02 13:04:20.359,0.95299,0.95331,1.17,1.50
2015.04.02 13:04:20.661,0.95299,0.95328,1.00,1.00
2015.04.02 13:04:21.202,0.95299,0.95329,1.00,1.00
2015.04.02 13:04:23.431,0.95299,0.95327,1.00,1.00
2015.04.02 13:04:23.532,0.95294,0.95327,1.15,1.00
2015.04.02 13:04:23.633,0.95293,0.95322,1.15,1.00
2015.04.02 13:04:23.734,0.95293,0.95322,1.10,1.00
2015.04.02 13:04:24.187,0.95294,0.95318,1.00,1.00
2015.04.02 13:04:24.712,0.95293,0.95318,1.10,1.00
2015.04.02 13:04:25.068,0.95288,0.95318,1.10,1.00
2015.04.02 13:04:25.169,0.95288,0.95321,1.10,1.10
2015.04.02 13:04:25.483,0.95289,0.95317,1.00,1.00
2015.04.02 13:04:25.785,0.95288,0.95312,1.00,1.00
2015.04.02 13:04:25.886,0.95279,0.95312,1.15,1.00
2015.04.02 13:04:25.986,0.95278,0.95308,1.15,1.00
2015.04.02 13:04:26.137,0.95278,0.95308,1.50,1.00
2015.04.02 13:04:26.289,0.95284,0.95307,1.00,1.00
2015.04.02 13:04:26.390,0.95284,0.95312,1.00,1.15
2015.04.02 13:04:26.541,0.95284,0.95312,1.00,1.00
2015.04.02 13:04:26.641,0.95279,0.95313,1.15,1.00
2015.04.02 13:04:26.744,0.9528,0.95313,2.32,1.00
2015.04.02 13:04:27.046,0.95289,0.95312,1.00,1.00
2015.04.02 13:04:27.097,0.95284,0.95312,1.07,1.00
2015.04.02 13:04:27.298,0.95284,0.95314,1.07,1.00
2015.04.02 13:04:27.399,0.95284,0.95312,1.07,1.00
2015.04.02 13:04:27.701,0.95284,0.95309,1.00,1.00
2015.04.02 13:04:28.204,0.95284,0.95308,1.00,1.00
2015.04.02 13:04:28.406,0.95273,0.95305,1.15,1.00
2015.04.02 13:04:28.657,0.95269,0.95304,1.15,1.00
2015.04.02 13:04:28.859,0.95274,0.95303,1.00,1.00
2015.04.02 13:04:29.356,0.95274,0.95305,1.00,1.00
2015.04.02 13:04:29.658,0.95274,0.95305,2.32,1.00
2015.04.02 13:04:29.709,0.95274,0.9531,2.32,1.00
2015.04.02 13:04:30.061,0.95284,0.9531,1.00,1.00
2015.04.02 13:04:30.635,0.95284,0.95309,1.00,1.00
2015.04.02 13:04:31.907,0.95278,0.953,1.15,1.00
2015.04.02 13:04:32.109,0.95274,0.95305,5.25,1.00
2015.04.02 13:04:32.210,0.95275,0.9531,1.15,1.00
2015.04.02 13:04:32.562,0.95283,0.95311,1.00,1.00
2015.04.02 13:04:32.820,0.95274,0.95308,5.25,1.00
2015.04.02 13:04:33.222,0.95279,0.9531,1.20,1.00
2015.04.02 13:04:33.424,0.95274,0.95308,5.25,1.00
2015.04.02 13:04:33.774,0.95284,0.95308,1.00,1.00
2015.04.02 13:04:35.201,0.95284,0.95311,1.00,1.00
2015.04.02 13:04:35.518,0.95278,0.95311,1.15,1.00
2015.04.02 13:04:35.853,0.95288,0.95311,1.00,1.00
2015.04.02 13:04:36.498,0.95288,0.95312,1.00,1.00
2015.04.02 13:04:36.951,0.95289,0.95314,1.00,1.00
2015.04.02 13:04:37.052,0.95289,0.95311,1.00,1.00
2015.04.02 13:04:37.303,0.95288,0.95319,1.10,1.47
2015.04.02 13:04:37.354,0.95288,0.95319,1.20,1.00
2015.04.02 13:04:37.404,0.95288,0.95317,1.20,1.00
2015.04.02 13:04:37.908,0.95288,0.95316,1.10,1.00
2015.04.02 13:04:38.248,0.95288,0.95314,1.17,1.00
2015.04.02 13:04:38.500,0.95284,0.95318,3.07,1.00
2015.04.02 13:04:38.701,0.95289,0.9532,1.10,1.12
2015.04.02 13:04:38.903,0.9529,0.9532,2.25,1.00
2015.04.02 13:04:38.953,0.95292,0.95326,1.52,1.00
2015.04.02 13:04:39.054,0.95292,0.95328,1.52,1.10
2015.04.02 13:04:39.256,0.9529,0.95324,2.32,1.00
2015.04.02 13:04:40.353,0.9529,0.95326,2.32,1.50
2015.04.02 13:04:40.655,0.95291,0.95326,1.15,1.37
2015.04.02 13:04:40.756,0.95289,0.95318,1.17,1.00
2015.04.02 13:04:40.907,0.95285,0.9532,2.32,1.00
2015.04.02 13:04:41.008,0.95285,0.95322,2.32,1.00
2015.04.02 13:04:42.438,0.95285,0.95321,2.32,1.00
2015.04.02 13:04:43.318,0.95285,0.9532,2.32,1.00
2015.04.02 13:04:44.811,0.95284,0.9532,2.32,1.07
2015.04.02 13:04:44.862,0.95281,0.9532,1.15,1.15
2015.04.02 13:04:45.091,0.95282,0.95316,1.15,1.00
2015.04.02 13:04:45.593,0.9528,0.95315,2.32,1.00
2015.04.02 13:04:46.078,0.9528,0.95313,2.32,1.00
2015.04.02 13:04:46.599,0.9528,0.95312,2.32,1.00
2015.04.02 13:04:47.498,0.95279,0.95312,3.07,1.00
2015.04.02 13:04:47.599,0.95279,0.95312,1.17,1.00
2015.04.02 13:04:48.267,0.95279,0.95313,1.17,1.00
2015.04.02 13:04:48.607,0.95281,0.95314,2.25,1.07
2015.04.02 13:04:52.823,0.95281,0.95312,2.32,1.07
2015.04.02 13:04:52.874,0.95279,0.95312,3.07,1.15
2015.04.02 13:04:53.158,0.95283,0.95314,2.32,1.15
2015.04.02 13:04:53.208,0.95283,0.95314,2.32,1.15
2015.04.02 13:04:57.718,0.95284,0.95313,1.15,1.17
2015.04.02 13:04:57.819,0.95284,0.95313,1.17,1.15
2015.04.02 13:04:58.544,0.95279,0.95311,2.32,1.17
2015.04.02 13:04:58.595,0.95277,0.95311,2.32,1.15
2015.04.02 13:04:58.847,0.95277,0.95306,2.32,1.00
2015.04.02 13:04:59.149,0.95275,0.95307,2.32,1.15
2015.04.02 13:05:00.652,0.95277,0.95308,2.32,1.17
2015.04.02 13:05:00.703,0.95277,0.95312,4.50,1.27
2015.04.02 13:05:01.155,0.95278,0.95306,1.15,1.00
2015.04.02 13:05:01.409,0.95278,0.95309,1.15,1.15
2015.04.02 13:05:01.912,0.95283,0.95309,1.00,1.15
2015.04.02 13:05:02.899,0.95283,0.95307,1.00,1.00
2015.04.02 13:05:03.415,0.95278,0.95308,1.15,1.20
2015.04.02 13:05:04.267,0.95279,0.95303,1.17,1.00
2015.04.02 13:05:04.473,0.95279,0.95305,1.15,1.00
2015.04.02 13:05:04.675,0.95277,0.95311,1.15,1.15
2015.04.02 13:05:05.279,0.9528,0.95312,2.32,1.15
2015.04.02 13:05:05.783,0.95284,0.95313,1.07,1.15
2015.04.02 13:05:06.139,0.95283,0.95313,2.32,1.15
2015.04.02 13:05:08.443,0.95285,0.95319,1.15,2.70
2015.04.02 13:05:08.545,0.95287,0.95321,2.32,3.07
2015.04.02 13:05:08.646,0.95288,0.95321,1.15,1.15
2015.04.02 13:05:08.747,0.95291,0.95321,2.32,1.15
2015.04.02 13:05:12.077,0.95297,0.95326,2.25,1.17
2015.04.02 13:05:12.127,0.95297,0.95331,3.07,2.70
2015.04.02 13:05:12.278,0.95303,0.95332,1.07,2.32
2015.04.02 13:05:12.329,0.95303,0.95334,1.17,2.32
2015.04.02 13:05:12.379,0.95303,0.95331,1.10,2.32
2015.04.02 13:05:12.631,0.95294,0.95326,3.82,1.15
2015.04.02 13:05:12.681,0.95294,0.95325,1.15,2.32
2015.04.02 13:05:12.732,0.95294,0.95325,1.17,2.32
2015.04.02 13:05:17.069,0.95296,0.95321,2.25,1.00
2015.04.02 13:05:17.169,0.95296,0.95326,2.32,1.07
2015.04.02 13:05:17.220,0.95294,0.95326,1.65,1.15
2015.04.02 13:05:19.861,0.95299,0.95326,1.00,1.15
2015.04.02 13:05:20.163,0.95299,0.95326,1.00,1.52
2015.04.02 13:05:20.465,0.95299,0.95325,1.00,2.32
2015.04.02 13:05:20.969,0.95298,0.95323,1.00,2.32
2015.04.02 13:05:21.070,0.95299,0.95323,1.00,1.52
2015.04.02 13:05:21.171,0.95299,0.95326,1.00,1.15
2015.04.02 13:05:21.674,0.95294,0.95324,1.15,3.45
2015.04.02 13:05:22.216,0.95294,0.95324,1.07,2.70
2015.04.02 13:05:22.567,0.95296,0.95325,2.25,1.07
2015.04.02 13:05:22.668,0.95296,0.95325,4.50,1.00
2015.04.02 13:05:22.719,0.95296,0.95327,4.50,1.20
2015.04.02 13:05:22.769,0.95296,0.95327,2.32,2.02
2015.04.02 13:05:22.870,0.95294,0.95327,1.15,1.52
2015.04.02 13:05:23.379,0.95294,0.95321,1.15,1.00
2015.04.02 13:05:23.631,0.95293,0.95326,1.15,1.15
2015.04.02 13:05:23.834,0.95299,0.95328,1.00,2.70
2015.04.02 13:05:25.699,0.95299,0.95329,1.07,4.87
2015.04.02 13:05:26.272,0.95299,0.9533,1.17,2.70
2015.04.02 13:05:26.373,0.95299,0.95331,1.15,2.02
2015.04.02 13:05:26.968,0.95299,0.95331,1.15,2.02
2015.04.02 13:05:27.549,0.95298,0.95327,2.32,1.00
2015.04.02 13:05:28.311,0.95297,0.95327,2.32,1.57
2015.04.02 13:05:28.362,0.95294,0.95326,3.07,1.15
2015.04.02 13:05:28.891,0.95294,0.95326,1.15,3.82
2015.04.02 13:05:29.143,0.953,0.95334,2.32,2.70
2015.04.02 13:05:29.194,0.95302,0.95335,3.07,2.70
2015.04.02 13:05:29.496,0.95304,0.95332,3.07,1.07
2015.04.02 13:05:29.798,0.95296,0.95327,3.07,1.10
2015.04.02 13:05:29.898,0.95296,0.95327,1.15,1.07
2015.04.02 13:05:30.423,0.95294,0.95328,2.32,2.32
2015.04.02 13:05:30.524,0.95293,0.95326,1.15,2.32
2015.04.02 13:05:32.633,0.95294,0.95323,1.00,1.00
2015.04.02 13:05:32.684,0.95287,0.9532,2.32,1.00
2015.04.02 13:05:32.734,0.95287,0.9532,1.15,1.00
2015.04.02 13:05:32.785,0.95287,0.95322,1.65,1.00
2015.04.02 13:05:33.099,0.95289,0.95321,1.15,1.00
2015.04.02 13:05:33.319,0.9529,0.95327,1.15,1.65
2015.04.02 13:05:33.638,0.95292,0.95321,1.17,1.00
2015.04.02 13:05:33.789,0.95293,0.95327,1.10,1.65
2015.04.02 13:05:34.310,0.95294,0.95329,1.00,1.15
2015.04.02 13:05:34.589,0.9529,0.95325,1.07,1.07
2015.04.02 13:05:34.640,0.9529,0.95321,1.00,1.00
2015.04.02 13:05:35.145,0.95288,0.95321,1.17,1.00
2015.04.02 13:05:35.418,0.95294,0.95321,1.00,1.00
2015.04.02 13:05:35.620,0.95292,0.95326,1.65,1.00
2015.04.02 13:05:36.338,0.95294,0.95323,1.00,1.00
2015.04.02 13:05:36.652,0.95294,0.95321,1.00,1.00
2015.04.02 13:05:36.954,0.95293,0.95319,1.00,1.15
2015.04.02 13:05:37.055,0.95289,0.95316,1.00,1.15
2015.04.02 13:05:37.206,0.95289,0.95314,1.00,2.32
2015.04.02 13:05:37.812,0.95294,0.95314,1.00,2.32
2015.04.02 13:05:38.363,0.95288,0.95314,1.00,2.32
2015.04.02 13:05:39.116,0.95288,0.95317,1.17,1.15
2015.04.02 13:05:39.368,0.95294,0.95319,1.00,2.32
2015.04.02 13:05:42.911,0.95289,0.95316,1.07,1.17
2015.04.02 13:05:43.088,0.95294,0.95318,1.00,1.15
2015.04.02 13:05:45.159,0.95294,0.95321,1.00,1.65
2015.04.02 13:05:45.260,0.95294,0.95321,1.00,3.82
2015.04.02 13:05:45.360,0.95294,0.95321,1.00,1.15
2015.04.02 13:05:45.461,0.95294,0.95321,1.00,1.00
2015.04.02 13:05:45.914,0.95294,0.95319,1.00,1.10
2015.04.02 13:05:46.417,0.95293,0.95321,1.00,1.15
2015.04.02 13:05:47.855,0.95293,0.95322,1.00,1.00
2015.04.02 13:05:48.057,0.95292,0.95326,1.15,1.00
2015.04.02 13:05:48.388,0.95299,0.9533,1.00,1.17
2015.04.02 13:05:48.861,0.95301,0.95337,1.10,1.65
2015.04.02 13:05:49.063,0.95303,0.95336,1.00,1.17
2015.04.02 13:05:49.314,0.95299,0.95335,1.00,1.15
2015.04.02 13:05:50.418,0.95299,0.95329,1.00,1.07
2015.04.02 13:05:50.569,0.95299,0.95329,1.00,1.00
2015.04.02 13:05:50.670,0.95295,0.95329,1.15,1.00
2015.04.02 13:05:50.720,0.95296,0.95328,2.32,1.10
2015.04.02 13:05:51.123,0.95296,0.95326,4.50,1.00
2015.04.02 13:05:51.803,0.95299,0.95331,1.15,1.15
2015.04.02 13:05:51.904,0.95299,0.95331,3.07,1.17
2015.04.02 13:05:51.955,0.953,0.95334,2.32,1.15
2015.04.02 13:05:52.005,0.95302,0.95334,2.32,1.15
2015.04.02 13:05:52.056,0.95303,0.95335,2.32,1.15
2015.04.02 13:05:52.157,0.95305,0.95336,2.32,1.57
2015.04.02 13:05:52.474,0.95307,0.95339,2.32,1.10
2015.04.02 13:05:52.575,0.95314,0.95339,1.00,1.10
2015.04.02 13:05:52.927,0.95308,0.9534,1.15,1.17
2015.04.02 13:05:54.092,0.95314,0.9534,1.00,1.17
2015.04.02 13:05:54.531,0.95309,0.9534,1.15,1.17
2015.04.02 13:05:54.681,0.95309,0.95337,1.15,1.00
2015.04.02 13:05:55.209,0.95309,0.95336,1.17,1.10
2015.04.02 13:05:55.260,0.95309,0.95336,1.20,1.20
2015.04.02 13:05:55.785,0.95309,0.95335,1.20,1.00
2015.04.02 13:05:56.814,0.95309,0.95335,1.17,1.00
2015.04.02 13:05:56.915,0.95308,0.95338,2.32,1.17
2015.04.02 13:05:57.442,0.95314,0.95339,1.00,1.15
2015.04.02 13:05:57.542,0.95314,0.95339,1.00,3.07
2015.04.02 13:05:58.059,0.95314,0.95338,1.00,3.07
2015.04.02 13:05:58.411,0.95309,0.95336,1.10,1.15
2015.04.02 13:05:58.512,0.95309,0.95335,1.10,2.32
2015.04.02 13:05:59.619,0.95303,0.95335,1.15,4.50
2015.04.02 13:06:02.779,0.95308,0.95335,1.00,4.50
2015.04.02 13:06:03.360,0.95304,0.95335,1.20,4.50
2015.04.02 13:06:04.115,0.95309,0.95335,1.00,5.25
2015.04.02 13:06:05.117,0.95308,0.95334,1.00,1.15
2015.04.02 13:06:07.830,0.95308,0.95332,1.00,2.32
2015.04.02 13:06:08.357,0.95308,0.95331,1.00,2.32
2015.04.02 13:06:08.810,0.95308,0.95332,1.00,1.27
2015.04.02 13:06:09.313,0.95309,0.95334,1.00,3.07
2015.04.02 13:06:10.196,0.95309,0.95337,1.00,2.70
2015.04.02 13:06:10.297,0.95309,0.9534,1.15,1.15
2015.04.02 13:06:10.448,0.95308,0.9534,1.15,1.15
2015.04.02 13:06:10.499,0.95308,0.9534,1.15,1.15
2015.04.02 13:06:11.032,0.95313,0.95342,1.00,2.02
2015.04.02 13:06:12.051,0.95313,0.9534,1.00,1.15
2015.04.02 13:06:12.303,0.95306,0.9534,3.07,3.07
2015.04.02 13:06:12.555,0.95306,0.95338,2.32,3.45
2015.04.02 13:06:12.606,0.95304,0.95337,1.15,1.15
2015.04.02 13:06:12.857,0.95308,0.95337,1.00,1.27
2015.04.02 13:06:13.059,0.95301,0.95337,4.50,1.27
2015.04.02 13:06:13.649,0.95308,0.95338,1.00,5.62
2015.04.02 13:06:14.058,0.95303,0.95337,1.15,2.02
2015.04.02 13:06:14.562,0.95304,0.95337,2.32,2.02
2015.04.02 13:06:14.613,0.95305,0.95337,2.32,1.27
2015.04.02 13:06:15.166,0.95308,0.95337,1.07,2.70
2015.04.02 13:06:15.217,0.95308,0.95337,1.00,4.87
2015.04.02 13:06:15.619,0.95299,0.95334,3.82,2.32
2015.04.02 13:06:16.049,0.95309,0.95334,1.00,2.32
2015.04.02 13:06:16.405,0.95304,0.95336,2.32,1.17
2015.04.02 13:06:16.656,0.95306,0.95337,1.17,2.32
2015.04.02 13:06:16.707,0.95304,0.95336,2.40,2.32
2015.04.02 13:06:16.808,0.95309,0.95336,1.00,2.32
2015.04.02 13:06:18.783,0.95308,0.95336,1.00,2.32
2015.04.02 13:06:19.290,0.95304,0.95336,1.65,2.32
2015.04.02 13:06:19.731,0.95314,0.95336,1.00,2.32
2015.04.02 13:06:19.783,0.95309,0.95336,1.00,2.32
2015.04.02 13:06:20.289,0.95308,0.9534,1.65,2.32
2015.04.02 13:06:20.441,0.95308,0.95341,1.65,2.32
2015.04.02 13:06:20.492,0.95308,0.95343,1.65,5.25
2015.04.02 13:06:20.543,0.95314,0.95343,1.00,4.50
2015.04.02 13:06:20.995,0.95314,0.95345,1.17,2.32
2015.04.02 13:06:21.549,0.95318,0.95345,1.00,2.32
2015.04.02 13:06:21.901,0.95313,0.95342,1.15,1.15
2015.04.02 13:06:22.658,0.95309,0.95341,1.00,1.00
2015.04.02 13:06:22.759,0.95309,0.95338,1.00,1.00
2015.04.02 13:06:22.960,0.95309,0.95341,1.00,1.00
2015.04.02 13:06:23.011,0.95309,0.95341,1.00,1.45
2015.04.02 13:06:23.313,0.95314,0.95342,1.00,1.27
2015.04.02 13:06:24.322,0.95309,0.95342,1.00,1.15
2015.04.02 13:06:24.625,0.95313,0.95342,1.00,1.27
2015.04.02 13:06:26.287,0.95308,0.95341,1.00,1.15
2015.04.02 13:06:27.249,0.9531,0.95344,1.00,3.45
2015.04.02 13:06:27.300,0.9531,0.95344,1.00,1.52
2015.04.02 13:06:28.645,0.9531,0.95346,1.45,1.07
2015.04.02 13:06:28.696,0.95315,0.95346,1.00,1.00
2015.04.02 13:06:28.948,0.95316,0.95352,1.07,1.27
2015.04.02 13:06:28.998,0.95316,0.95352,1.15,1.27
2015.04.02 13:06:29.150,0.95316,0.95346,1.15,1.00
2015.04.02 13:06:31.114,0.95319,0.95351,1.00,1.10
2015.04.02 13:06:32.109,0.95316,0.95347,1.15,1.00
2015.04.02 13:06:33.148,0.95319,0.9535,1.00,1.00
2015.04.02 13:06:33.627,0.95315,0.95347,1.15,1.00
2015.04.02 13:06:33.942,0.95313,0.95345,1.17,1.00
2015.04.02 13:06:33.992,0.95313,0.95345,1.10,1.00
2015.04.02 13:06:34.143,0.95311,0.95345,3.07,1.07
2015.04.02 13:06:34.445,0.95308,0.9534,1.15,1.15
2015.04.02 13:06:34.697,0.95308,0.95339,1.17,1.15
2015.04.02 13:06:39.945,0.95308,0.95341,2.32,3.82
2015.04.02 13:06:40.458,0.95308,0.95341,2.32,1.15
2015.04.02 13:06:40.718,0.95304,0.95337,2.32,1.15
2015.04.02 13:06:42.367,0.95305,0.95331,1.15,1.00
2015.04.02 13:06:42.519,0.95301,0.95331,1.15,1.20
2015.04.02 13:06:42.670,0.95301,0.95332,1.17,1.15
2015.04.02 13:06:42.721,0.95301,0.95332,1.10,1.15
2015.04.02 13:06:42.872,0.95303,0.95332,1.00,1.15
2015.04.02 13:06:43.087,0.95299,0.95331,1.65,1.15
2015.04.02 13:06:43.256,0.953,0.95331,3.07,1.15
2015.04.02 13:06:43.558,0.95306,0.95331,1.17,1.00
2015.04.02 13:06:43.710,0.95303,0.95332,1.15,1.10
2015.04.02 13:06:43.973,0.95306,0.95338,3.07,2.32
2015.04.02 13:06:44.023,0.95306,0.9534,3.07,2.32
2015.04.02 13:06:44.476,0.95307,0.95338,1.17,2.32
2015.04.02 13:06:44.527,0.95303,0.95338,1.65,4.50
2015.04.02 13:06:44.678,0.95304,0.95335,1.17,2.32
2015.04.02 13:06:44.729,0.95304,0.95335,1.65,4.50
2015.04.02 13:06:44.779,0.95304,0.95335,1.65,2.32
2015.04.02 13:06:44.830,0.95304,0.95337,1.65,2.32
2015.04.02 13:06:45.283,0.953,0.95333,4.50,1.07
2015.04.02 13:06:48.278,0.95304,0.95336,1.07,2.32
2015.04.02 13:06:48.781,0.95303,0.95337,1.65,2.32
2015.04.02 13:06:49.087,0.95309,0.95338,1.07,2.32
2015.04.02 13:06:49.138,0.95309,0.95341,1.15,4.50
2015.04.02 13:06:49.590,0.95308,0.95337,1.17,2.32
2015.04.02 13:06:49.641,0.95308,0.95337,1.10,2.32
2015.04.02 13:06:50.151,0.95309,0.95337,1.00,2.32
2015.04.02 13:06:52.579,0.95306,0.95338,1.07,2.32
2015.04.02 13:06:52.679,0.95305,0.95341,1.00,1.15
2015.04.02 13:06:53.437,0.95306,0.95341,1.00,1.15
2015.04.02 13:06:53.539,0.95308,0.95342,1.00,3.07
2015.04.02 13:06:55.331,0.95305,0.95342,1.00,4.20
2015.04.02 13:06:55.853,0.95309,0.95341,1.00,1.15
2015.04.02 13:06:57.077,0.95307,0.95341,1.00,1.15
2015.04.02 13:06:58.057,0.95308,0.95341,1.00,1.15
2015.04.02 13:06:58.693,0.95309,0.95341,1.00,1.15
2015.04.02 13:06:59.201,0.95308,0.95341,1.00,1.15
2015.04.02 13:07:00.337,0.95305,0.95341,1.00,1.15
2015.04.02 13:07:01.403,0.95305,0.95341,1.45,1.15
2015.04.02 13:07:01.705,0.95309,0.9534,1.00,3.07
2015.04.02 13:07:01.957,0.95309,0.95344,1.00,3.07
2015.04.02 13:07:02.117,0.95314,0.95344,1.00,3.07
2015.04.02 13:07:02.369,0.95309,0.95344,1.00,3.07
2015.04.02 13:07:02.469,0.95305,0.9534,1.07,1.07
2015.04.02 13:07:02.570,0.95309,0.9534,1.00,1.07
2015.04.02 13:07:04.537,0.95306,0.95341,1.10,1.17
2015.04.02 13:07:04.590,0.95306,0.95339,1.07,2.25
2015.04.02 13:07:04.892,0.95313,0.95339,1.00,3.07
2015.04.02 13:07:05.094,0.95309,0.95335,1.00,1.15
2015.04.02 13:07:06.618,0.95309,0.95336,1.10,1.15
2015.04.02 13:07:06.719,0.95308,0.95337,1.15,1.65
2015.04.02 13:07:07.234,0.95309,0.95336,1.17,1.07
2015.04.02 13:07:07.737,0.95309,0.95336,1.07,1.07
2015.04.02 13:07:07.837,0.95309,0.95336,1.00,1.17
2015.04.02 13:07:08.340,0.95308,0.95335,1.10,1.10
2015.04.02 13:07:08.441,0.95309,0.95336,1.00,3.07
2015.04.02 13:07:09.047,0.95303,0.95336,1.15,3.07
2015.04.02 13:07:09.112,0.95303,0.95333,1.15,2.32
2015.04.02 13:07:09.163,0.95303,0.95333,1.17,2.32
2015.04.02 13:07:09.414,0.95298,0.9533,1.15,1.15
2015.04.02 13:07:09.716,0.95299,0.95331,1.15,1.15
2015.04.02 13:07:09.767,0.95299,0.95331,1.15,1.15
2015.04.02 13:07:10.019,0.95304,0.95334,1.07,3.07
2015.04.02 13:07:10.069,0.95302,0.95334,2.32,1.15
2015.04.02 13:07:10.271,0.95307,0.95344,1.00,3.82
2015.04.02 13:07:10.321,0.95307,0.95344,1.07,1.65
2015.04.02 13:07:10.372,0.95311,0.95344,1.00,1.07
2015.04.02 13:07:10.898,0.95312,0.95347,1.00,2.02
2015.04.02 13:07:11.549,0.95313,0.95347,1.07,1.27
2015.04.02 13:07:11.600,0.95314,0.95347,1.10,1.20
2015.04.02 13:07:11.702,0.95318,0.95347,1.00,1.10
2015.04.02 13:07:12.004,0.9532,0.95346,1.00,1.00
2015.04.02 13:07:12.457,0.95316,0.95346,1.00,1.00
2015.04.02 13:07:12.809,0.95314,0.95346,1.57,1.00
2015.04.02 13:07:13.312,0.95313,0.95347,1.65,1.10
2015.04.02 13:07:13.564,0.95314,0.95346,1.00,1.15
2015.04.02 13:07:14.111,0.95314,0.95341,1.00,1.00
2015.04.02 13:07:15.317,0.95318,0.95347,1.00,2.02
2015.04.02 13:07:15.571,0.95314,0.95346,1.00,1.15
2015.04.02 13:07:15.975,0.95316,0.95346,1.00,1.00
2015.04.02 13:07:16.126,0.95319,0.9535,1.00,1.15
2015.04.02 13:07:16.332,0.95313,0.9535,1.07,1.15
2015.04.02 13:07:16.433,0.95319,0.95354,1.00,3.07
2015.04.02 13:07:16.483,0.95319,0.95354,1.00,1.15
2015.04.02 13:07:16.534,0.95325,0.95357,1.00,2.32
2015.04.02 13:07:16.585,0.95325,0.9536,1.00,2.32
2015.04.02 13:07:17.088,0.95324,0.95358,1.50,1.15
2015.04.02 13:07:17.515,0.95328,0.9536,1.00,2.32
2015.04.02 13:07:17.566,0.95328,0.95362,1.00,2.32
2015.04.02 13:07:17.617,0.95331,0.95364,1.00,2.70
2015.04.02 13:07:18.140,0.9533,0.95364,1.00,3.07
2015.04.02 13:07:19.162,0.95331,0.95364,1.00,2.32
2015.04.02 13:07:19.414,0.95329,0.95363,1.00,1.15
2015.04.02 13:07:19.949,0.95328,0.95359,1.00,3.00
2015.04.02 13:07:20.302,0.95324,0.95356,1.50,1.15
2015.04.02 13:07:20.503,0.95325,0.95361,1.10,1.15
2015.04.02 13:07:20.604,0.95329,0.95361,1.00,1.15
2015.04.02 13:07:21.158,0.95328,0.95363,1.00,3.07
2015.04.02 13:07:21.460,0.95334,0.95365,1.00,1.15
2015.04.02 13:07:23.771,0.95334,0.95361,1.00,1.00
2015.04.02 13:07:23.922,0.95334,0.95363,1.00,1.10
2015.04.02 13:07:24.096,0.95334,0.95361,1.00,1.00
2015.04.02 13:07:24.147,0.95329,0.95361,1.00,1.00
2015.04.02 13:07:24.878,0.95329,0.9536,1.00,1.00
2015.04.02 13:07:25.050,0.95329,0.9536,1.00,1.07
2015.04.02 13:07:25.884,0.95329,0.95358,1.00,1.07
2015.04.02 13:07:31.570,0.95329,0.95358,1.00,1.17
2015.04.02 13:07:31.670,0.95329,0.9536,1.10,1.07
2015.04.02 13:07:31.721,0.95334,0.95364,1.00,1.20
2015.04.02 13:07:32.023,0.95334,0.95364,1.00,2.32
2015.04.02 13:07:32.124,0.95334,0.95367,1.00,1.15
2015.04.02 13:07:32.275,0.95334,0.95361,1.00,1.07
2015.04.02 13:07:33.449,0.95334,0.95356,1.00,1.00
2015.04.02 13:07:33.600,0.95324,0.95355,1.07,2.25
2015.04.02 13:07:33.701,0.95324,0.95346,1.00,1.00
2015.04.02 13:07:34.326,0.95324,0.95348,1.00,1.00
2015.04.02 13:07:34.566,0.95328,0.95348,1.00,1.00
2015.04.02 13:07:36.163,0.95319,0.95348,1.00,1.00
2015.04.02 13:07:36.214,0.95319,0.95353,1.00,1.27
2015.04.02 13:07:36.366,0.95324,0.95353,1.00,1.15
2015.04.02 13:07:36.567,0.95319,0.95348,1.00,1.00
2015.04.02 13:07:36.670,0.95319,0.95352,1.00,1.15
2015.04.02 13:07:36.771,0.95324,0.95353,1.00,1.15
2015.04.02 13:07:37.323,0.95323,0.9535,1.00,1.10
2015.04.02 13:07:39.826,0.95323,0.95348,1.00,1.00
2015.04.02 13:07:40.088,0.95318,0.95347,1.00,1.00
2015.04.02 13:07:40.593,0.95318,0.95346,1.00,1.00
2015.04.02 13:07:41.716,0.95319,0.95346,1.00,1.00
2015.04.02 13:07:41.786,0.95319,0.95346,1.00,1.07
2015.04.02 13:07:42.637,0.95319,0.95343,1.00,1.15
2015.04.02 13:07:44.717,0.95314,0.95342,1.07,1.15
2015.04.02 13:07:46.816,0.95314,0.95343,1.00,1.15
2015.04.02 13:07:47.325,0.95314,0.95343,1.00,1.07
2015.04.02 13:07:47.677,0.95314,0.95339,1.00,1.00
2015.04.02 13:07:48.180,0.95313,0.95339,1.00,1.17
2015.04.02 13:07:49.529,0.95309,0.95339,1.00,1.17
2015.04.02 13:07:50.044,0.95308,0.95337,1.00,1.00
2015.04.02 13:07:50.397,0.95308,0.95335,1.00,1.00
2015.04.02 13:07:50.749,0.95309,0.95338,1.00,1.10
2015.04.02 13:07:51.597,0.95309,0.95335,1.00,1.00
2015.04.02 13:07:51.900,0.95308,0.95333,1.00,1.00
2015.04.02 13:07:51.950,0.95308,0.95335,1.00,1.20
2015.04.02 13:07:52.152,0.95309,0.95341,1.00,1.52
2015.04.02 13:07:52.303,0.95314,0.95341,1.00,1.15
2015.04.02 13:07:52.655,0.95309,0.95344,1.17,1.17
2015.04.02 13:07:52.856,0.95318,0.95345,1.00,1.15
2015.04.02 13:07:59.228,0.95318,0.95346,1.00,1.07
2015.04.02 13:07:59.278,0.95318,0.95346,1.00,1.00
2015.04.02 13:07:59.785,0.95318,0.9535,1.00,1.15
2015.04.02 13:08:00.645,0.95324,0.95354,1.00,1.10
2015.04.02 13:08:01.305,0.95323,0.95356,1.00,1.15
2015.04.02 13:08:01.986,0.95324,0.95354,1.00,1.10
2015.04.02 13:08:02.096,0.95324,0.95354,1.00,3.07
2015.04.02 13:08:02.622,0.95324,0.95353,1.10,2.32
2015.04.02 13:08:06.150,0.95318,0.95346,3.00,2.25
2015.04.02 13:08:06.201,0.95318,0.95346,1.00,2.32
2015.04.02 13:08:06.251,0.95318,0.95341,1.00,1.07
2015.04.02 13:08:06.302,0.95314,0.95341,1.10,1.15
2015.04.02 13:08:07.459,0.95314,0.95345,1.07,3.07
2015.04.02 13:08:07.510,0.95314,0.95345,1.17,1.15
2015.04.02 13:08:07.661,0.95314,0.95347,3.07,1.65
2015.04.02 13:08:10.171,0.95313,0.95343,2.25,2.62
2015.04.02 13:08:10.222,0.95309,0.95338,1.15,1.20
2015.04.02 13:08:10.272,0.95309,0.95338,1.15,1.17
2015.04.02 13:08:10.323,0.95309,0.95338,1.07,1.15
2015.04.02 13:08:11.027,0.95314,0.95339,1.00,3.07
2015.04.02 13:08:11.380,0.95314,0.95341,1.00,1.15
2015.04.02 13:08:12.058,0.95314,0.95343,1.07,2.32
2015.04.02 13:08:12.108,0.95314,0.95345,1.15,2.32
2015.04.02 13:08:12.360,0.95319,0.95346,1.00,2.32
2015.04.02 13:08:12.411,0.95319,0.95346,1.00,1.15
2015.04.02 13:08:12.663,0.95319,0.95344,1.00,1.07
2015.04.02 13:08:12.814,0.9531,0.95342,3.07,1.17
2015.04.02 13:08:12.914,0.95318,0.95342,1.00,1.17
2015.04.02 13:08:13.375,0.9531,0.95339,2.32,1.00
2015.04.02 13:08:13.478,0.95309,0.95339,3.07,1.07
2015.04.02 13:08:13.529,0.95309,0.95339,1.15,1.15
2015.04.02 13:08:13.580,0.95314,0.95339,1.00,1.15
2015.04.02 13:08:17.663,0.95313,0.9534,1.00,1.15
2015.04.02 13:08:18.055,0.95308,0.95341,1.15,1.15
2015.04.02 13:08:18.215,0.95308,0.95337,1.10,1.15
2015.04.02 13:08:18.718,0.95309,0.95337,1.00,1.27
2015.04.02 13:08:19.020,0.95309,0.95335,1.00,1.15
2015.04.02 13:08:21.148,0.95304,0.95335,1.15,1.15
2015.04.02 13:08:21.199,0.95304,0.95332,1.07,3.07
2015.04.02 13:08:21.355,0.95303,0.95332,1.10,3.07
2015.04.02 13:08:23.233,0.95308,0.95332,1.00,3.07
2015.04.02 13:08:23.773,0.95309,0.9533,1.00,3.07
2015.04.02 13:08:24.679,0.95309,0.95332,1.00,3.07
2015.04.02 13:08:24.780,0.95309,0.95334,1.00,5.25
2015.04.02 13:08:25.141,0.95304,0.95333,1.00,1.15
2015.04.02 13:08:26.313,0.95303,0.95334,1.00,5.25
2015.04.02 13:08:26.414,0.95303,0.9533,1.00,2.32
2015.04.02 13:08:26.565,0.95299,0.9533,1.15,2.32
2015.04.02 13:08:26.717,0.95299,0.95328,1.00,2.32
2015.04.02 13:08:26.918,0.95299,0.95326,1.17,1.17
2015.04.02 13:08:27.020,0.95299,0.95326,1.00,1.15
2015.04.02 13:08:27.523,0.95293,0.95327,3.07,3.07
2015.04.02 13:08:28.026,0.95299,0.95327,1.00,3.07
2015.04.02 13:08:28.127,0.95299,0.95331,1.17,3.07
2015.04.02 13:08:28.228,0.95299,0.95328,1.00,4.50
2015.04.02 13:08:28.329,0.95295,0.9533,2.32,1.15
2015.04.02 13:08:28.615,0.95303,0.95332,1.00,3.07
2015.04.02 13:08:28.866,0.95298,0.95332,1.15,3.82
2015.04.02 13:08:31.086,0.95304,0.95332,1.00,2.70
2015.04.02 13:08:31.805,0.95299,0.95332,1.17,3.07
2015.04.02 13:08:34.107,0.95299,0.95328,3.07,1.20
2015.04.02 13:08:34.258,0.95299,0.95327,1.17,1.15
2015.04.02 13:08:34.560,0.95304,0.95328,1.00,1.15
2015.04.02 13:08:34.963,0.95303,0.95332,1.20,1.65
2015.04.02 13:08:35.114,0.95309,0.95331,1.00,1.15
2015.04.02 13:08:35.265,0.95309,0.95337,1.00,2.32
2015.04.02 13:08:35.736,0.95309,0.95341,1.17,1.15
2015.04.02 13:08:35.887,0.95314,0.95341,1.00,1.15
2015.04.02 13:08:37.819,0.95314,0.95341,1.10,1.15
2015.04.02 13:08:38.121,0.95314,0.95345,1.07,2.32
2015.04.02 13:08:38.172,0.95314,0.95346,1.65,1.15
2015.04.02 13:08:38.574,0.95318,0.95346,1.00,1.15
2015.04.02 13:08:39.129,0.95313,0.95347,1.65,2.32
2015.04.02 13:08:39.544,0.95313,0.95344,1.57,2.32
2015.04.02 13:08:39.846,0.95312,0.95346,1.15,1.15
2015.04.02 13:08:39.947,0.95318,0.9535,1.15,1.15
2015.04.02 13:08:40.703,0.95321,0.95352,1.00,2.32
2015.04.02 13:08:41.908,0.9532,0.95352,1.10,2.32
2015.04.02 13:08:42.661,0.9532,0.95354,1.15,2.32
2015.04.02 13:08:43.165,0.95324,0.95354,1.00,2.32
2015.04.02 13:08:43.795,0.9532,0.95354,1.15,2.32
2015.04.02 13:08:43.896,0.95321,0.95356,1.00,1.15
2015.04.02 13:08:43.947,0.95321,0.95355,3.00,2.32
2015.04.02 13:08:44.268,0.95329,0.95355,1.00,2.32
2015.04.02 13:08:44.369,0.95324,0.95355,1.17,2.32
2015.04.02 13:08:45.023,0.95326,0.95357,2.25,2.32
2015.04.02 13:08:45.074,0.95331,0.95361,1.10,3.07
2015.04.02 13:08:45.174,0.95331,0.95361,1.17,3.07
2015.04.02 13:08:45.275,0.95334,0.95361,1.15,1.00
2015.04.02 13:08:45.628,0.95334,0.95364,1.07,2.32
2015.04.02 13:08:45.679,0.95334,0.95364,1.00,4.50
2015.04.02 13:08:45.729,0.95334,0.95359,1.00,2.32
2015.04.02 13:08:45.780,0.95325,0.95359,3.07,2.32
2015.04.02 13:08:46.031,0.95328,0.95355,1.07,2.32
2015.04.02 13:08:46.082,0.95324,0.95355,1.17,2.32
2015.04.02 13:08:46.233,0.95324,0.95354,1.10,3.45
2015.04.02 13:08:46.334,0.95319,0.95354,1.65,3.45
2015.04.02 13:08:46.435,0.95319,0.95349,1.17,2.62
2015.04.02 13:08:46.485,0.95319,0.95349,1.10,2.70
2015.04.02 13:08:46.536,0.95319,0.95346,1.00,2.32
2015.04.02 13:08:47.039,0.95318,0.95346,1.00,3.07
2015.04.02 13:08:47.563,0.95312,0.95342,2.25,2.32
2015.04.02 13:08:47.664,0.95309,0.95342,1.00,1.27
2015.04.02 13:08:47.765,0.95309,0.95341,1.00,1.57
2015.04.02 13:08:48.297,0.95309,0.95339,1.00,1.00
2015.04.02 13:08:48.800,0.95309,0.9534,1.00,1.00
2015.04.02 13:08:49.307,0.95309,0.95342,1.00,1.15
2015.04.02 13:08:49.465,0.95312,0.95346,1.00,2.32
2015.04.02 13:08:49.566,0.95314,0.95349,1.10,1.07
2015.04.02 13:08:49.616,0.95316,0.9535,1.00,2.25
2015.04.02 13:08:49.667,0.95318,0.95351,1.07,1.07
2015.04.02 13:08:49.768,0.95318,0.95354,1.15,1.65
2015.04.02 13:08:50.376,0.95316,0.95351,1.52,1.00
2015.04.02 13:08:50.886,0.95318,0.95352,1.15,1.00
2015.04.02 13:08:51.709,0.95318,0.95353,1.65,1.10
2015.04.02 13:08:52.061,0.95324,0.95355,1.00,1.15
2015.04.02 13:08:53.661,0.95324,0.95352,1.00,1.00
2015.04.02 13:08:53.987,0.95314,0.95347,1.17,1.00
2015.04.02 13:08:54.525,0.95317,0.95347,1.00,1.00
2015.04.02 13:08:54.576,0.95317,0.95347,1.07,1.00
2015.04.02 13:08:54.626,0.95317,0.95354,1.07,3.00
2015.04.02 13:08:54.677,0.95323,0.95357,1.00,1.65
2015.04.02 13:08:55.221,0.95324,0.95356,1.50,1.20
2015.04.02 13:08:55.624,0.95322,0.95359,1.00,1.15
2015.04.02 13:08:56.130,0.95321,0.95357,1.20,1.65
2015.04.02 13:08:56.595,0.95324,0.95356,1.00,1.65
2015.04.02 13:08:58.401,0.95327,0.95356,1.00,1.20
2015.04.02 13:08:58.753,0.95334,0.95356,1.00,1.00
2015.04.02 13:08:58.905,0.95334,0.95366,1.00,1.27
2015.04.02 13:08:59.307,0.9534,0.95373,1.00,3.15
2015.04.02 13:08:59.358,0.9534,0.95373,1.15,4.50
2015.04.02 13:08:59.659,0.95335,0.95369,1.15,2.32
2015.04.02 13:08:59.961,0.95335,0.95366,1.17,2.32
2015.04.02 13:09:00.414,0.95334,0.95364,1.07,2.32
2015.04.02 13:09:00.465,0.95334,0.95363,1.10,2.32
2015.04.02 13:09:00.666,0.95329,0.95362,1.17,2.32
2015.04.02 13:09:01.659,0.95329,0.95362,2.32,2.02
2015.04.02 13:09:10.835,0.95329,0.95358,3.07,1.07
2015.04.02 13:09:10.886,0.95329,0.95358,1.17,1.15
2015.04.02 13:09:10.987,0.95329,0.95357,1.00,3.45
2015.04.02 13:09:11.339,0.95324,0.95357,1.15,3.45
2015.04.02 13:09:13.755,0.95323,0.95353,3.07,1.07
2015.04.02 13:09:13.856,0.95328,0.95358,1.15,1.07
2015.04.02 13:09:13.957,0.95329,0.95362,2.32,1.20
2015.04.02 13:09:14.007,0.95331,0.95362,2.32,1.20
2015.04.02 13:09:14.309,0.95329,0.95361,2.32,1.15
2015.04.02 13:09:15.155,0.9533,0.95363,3.07,2.32
2015.04.02 13:09:15.205,0.9533,0.95367,5.25,4.50
2015.04.02 13:09:15.685,0.9533,0.95364,2.32,1.15
2015.04.02 13:09:16.045,0.9533,0.95363,1.15,2.32
2015.04.02 13:09:17.085,0.9533,0.95359,1.07,2.32
2015.04.02 13:09:17.136,0.9533,0.95357,1.00,2.32
2015.04.02 13:09:17.388,0.95324,0.95354,1.15,1.17
2015.04.02 13:09:17.539,0.95327,0.95362,1.00,1.15
2015.04.02 13:09:17.795,0.95329,0.95362,1.00,1.15
2015.04.02 13:09:20.825,0.95329,0.9536,1.10,1.00
2015.04.02 13:09:21.228,0.95334,0.9536,1.00,1.00
2015.04.02 13:09:22.154,0.95334,0.95362,1.00,1.10
2015.04.02 13:09:23.678,0.95334,0.95361,1.00,1.00
2015.04.02 13:09:25.440,0.95334,0.95359,1.00,1.00
2015.04.02 13:09:25.594,0.95329,0.95359,1.10,1.00
2015.04.02 13:09:25.809,0.95329,0.95357,1.00,1.00
2015.04.02 13:09:26.343,0.95329,0.95363,1.00,3.07
2015.04.02 13:09:26.864,0.95328,0.95362,1.00,1.15
2015.04.02 13:09:27.293,0.95328,0.95364,1.65,1.15
2015.04.02 13:09:27.746,0.95328,0.95361,1.20,1.00
2015.04.02 13:09:28.199,0.95324,0.95359,1.65,1.00
2015.04.02 13:09:29.424,0.95325,0.9536,1.15,1.00
2015.04.02 13:09:30.134,0.95324,0.95359,1.15,1.00
2015.04.02 13:09:30.477,0.95323,0.95354,1.15,1.00
2015.04.02 13:09:30.628,0.95323,0.95356,1.15,1.00
2015.04.02 13:09:30.877,0.95321,0.95356,1.00,1.65
2015.04.02 13:09:30.978,0.95319,0.95351,1.15,1.00
2015.04.02 13:09:31.230,0.95319,0.95353,1.15,1.00
2015.04.02 13:09:31.330,0.95324,0.95353,1.00,1.00
2015.04.02 13:09:31.834,0.95324,0.95354,1.00,1.00
2015.04.02 13:09:32.080,0.95324,0.95356,1.65,1.00
2015.04.02 13:09:32.131,0.95324,0.95357,1.15,1.00
2015.04.02 13:09:32.438,0.95333,0.95359,1.00,1.00
2015.04.02 13:09:32.841,0.95333,0.95361,1.00,1.00
2015.04.02 13:09:33.625,0.95334,0.95361,1.00,1.50
2015.04.02 13:09:34.138,0.95334,0.95361,1.00,1.57
2015.04.02 13:09:34.648,0.95334,0.95362,1.00,1.15
2015.04.02 13:09:35.425,0.95329,0.95361,1.15,1.15
2015.04.02 13:09:41.835,0.95328,0.95358,3.07,1.00
2015.04.02 13:09:41.936,0.95334,0.95357,1.00,1.07
2015.04.02 13:09:42.553,0.95333,0.95356,1.00,1.20
2015.04.02 13:09:43.065,0.95334,0.95357,1.00,1.15
2015.04.02 13:09:43.558,0.95325,0.95356,4.50,1.20
2015.04.02 13:09:43.711,0.95324,0.9535,1.15,1.00
2015.04.02 13:09:43.812,0.95324,0.9535,1.15,1.10
2015.04.02 13:09:43.913,0.95323,0.9535,1.07,1.17
2015.04.02 13:09:44.013,0.95323,0.95349,1.00,1.15
2015.04.02 13:09:44.416,0.95317,0.95347,2.32,1.07
2015.04.02 13:09:44.517,0.95315,0.95347,2.32,1.15
2015.04.02 13:09:44.977,0.95318,0.95348,1.15,1.17
2015.04.02 13:09:45.027,0.95318,0.95348,1.15,1.20
2015.04.02 13:09:45.179,0.95319,0.95351,1.17,2.32
2015.04.02 13:09:45.229,0.95319,0.95351,1.10,2.32
2015.04.02 13:09:45.280,0.95319,0.95346,1.00,1.07
2015.04.02 13:09:45.330,0.95314,0.95346,1.15,1.15
2015.04.02 13:09:45.971,0.95311,0.95343,2.32,3.07
2015.04.02 13:09:46.022,0.95309,0.95342,2.32,1.15
2015.04.02 13:09:46.123,0.95322,0.95343,1.42,2.32
2015.04.02 13:09:46.224,0.95321,0.95348,1.27,2.32
2015.04.02 13:09:46.324,0.95322,0.9536,1.42,3.07
2015.04.02 13:09:46.375,0.95326,0.9536,1.00,2.32
2015.04.02 13:09:46.526,0.9533,0.95365,1.00,5.25
2015.04.02 13:09:46.627,0.95327,0.95359,1.00,1.00
2015.04.02 13:09:46.728,0.95324,0.95359,1.00,1.15
2015.04.02 13:09:47.030,0.95329,0.9536,1.00,3.07
2015.04.02 13:09:47.382,0.95326,0.9536,1.00,2.32
2015.04.02 13:09:47.734,0.95326,0.95362,1.10,1.15
2015.04.02 13:09:47.785,0.95329,0.95362,1.00,1.15
2015.04.02 13:09:48.682,0.95328,0.95362,1.00,1.27
2015.04.02 13:09:49.131,0.9533,0.95361,1.00,1.15
2015.04.02 13:09:49.535,0.95333,0.95361,1.00,1.00
2015.04.02 13:09:49.837,0.95338,0.95367,1.00,1.15
2015.04.02 13:09:50.341,0.95339,0.95366,1.00,1.15
2015.04.02 13:09:50.391,0.95334,0.95361,1.00,1.00
2015.04.02 13:09:50.925,0.95333,0.95362,1.00,1.00
2015.04.02 13:09:51.332,0.95338,0.95366,1.00,1.15
2015.04.02 13:09:52.202,0.95329,0.9536,1.00,1.20
2015.04.02 13:09:52.404,0.95329,0.95361,1.00,3.82
2015.04.02 13:09:52.555,0.95329,0.95363,1.00,1.15
2015.04.02 13:09:52.756,0.95332,0.95365,1.00,2.32
2015.04.02 13:09:53.260,0.95333,0.95365,1.00,3.07
2015.04.02 13:09:55.414,0.95328,0.95361,1.00,1.17
2015.04.02 13:09:55.867,0.95333,0.95362,1.00,1.15
2015.04.02 13:09:56.469,0.95333,0.95358,1.00,1.00
2015.04.02 13:09:56.570,0.95333,0.95365,1.00,2.32
2015.04.02 13:09:56.620,0.95349,0.95361,1.00,2.25
2015.04.02 13:09:56.721,0.95354,0.95363,1.00,2.25
2015.04.02 13:09:56.772,0.95354,0.95378,1.00,1.50
2015.04.02 13:09:56.872,0.95349,0.95376,2.32,1.00
2015.04.02 13:09:57.024,0.95346,0.95376,1.07,1.50
2015.04.02 13:09:57.225,0.95348,0.95374,1.00,1.00
2015.04.02 13:09:57.527,0.95348,0.95372,1.00,1.15
2015.04.02 13:09:57.628,0.95339,0.95367,1.00,1.00
2015.04.02 13:09:57.729,0.95339,0.95365,1.00,1.00
2015.04.02 13:09:57.830,0.95334,0.95365,1.10,1.00
2015.04.02 13:09:58.040,0.95334,0.9537,1.10,1.10
2015.04.02 13:09:58.090,0.95344,0.9537,1.00,1.10
2015.04.02 13:09:58.392,0.95348,0.95365,1.00,1.00
2015.04.02 13:09:58.596,0.95339,0.95365,1.00,1.00
2015.04.02 13:09:58.697,0.95339,0.95359,1.00,1.00
2015.04.02 13:09:58.899,0.95338,0.95361,1.00,1.10
2015.04.02 13:09:59.435,0.95339,0.95361,1.00,1.10
2015.04.02 13:09:59.804,0.95333,0.95361,1.00,1.10
2015.04.02 13:10:00.034,0.95333,0.95363,1.00,1.00
2015.04.02 13:10:00.136,0.95339,0.95363,1.00,1.00
2015.04.02 13:10:00.640,0.95339,0.95366,1.00,1.15
2015.04.02 13:10:01.096,0.95339,0.95362,1.00,1.00
2015.04.02 13:10:01.316,0.95339,0.95364,1.00,1.10
2015.04.02 13:10:01.467,0.95339,0.95362,1.00,1.00
2015.04.02 13:10:01.646,0.95339,0.95364,1.00,1.10
2015.04.02 13:10:03.429,0.95339,0.95368,1.00,1.10
2015.04.02 13:10:03.681,0.95344,0.95367,1.00,1.00
2015.04.02 13:10:03.892,0.95339,0.95367,1.00,1.00
2015.04.02 13:10:04.111,0.95344,0.95365,1.00,1.00
2015.04.02 13:10:04.666,0.95344,0.95358,1.00,1.00
2015.04.02 13:10:04.868,0.95334,0.95358,1.00,1.00
2015.04.02 13:10:04.969,0.95334,0.95354,1.00,1.00
2015.04.02 13:10:05.120,0.95329,0.95351,1.00,1.00
2015.04.02 13:10:05.170,0.95329,0.95348,1.00,1.00
2015.04.02 13:10:05.322,0.95319,0.95346,1.00,1.00
2015.04.02 13:10:05.825,0.95318,0.95346,1.00,1.00
2015.04.02 13:10:05.875,0.95319,0.95347,1.15,1.00
2015.04.02 13:10:05.976,0.95319,0.95352,1.15,1.00
2015.04.02 13:10:06.077,0.95319,0.95357,1.65,1.00
2015.04.02 13:10:06.177,0.95318,0.95355,2.02,1.00
2015.04.02 13:10:06.479,0.95353,0.95377,4.50,1.00
2015.04.02 13:10:06.530,0.95358,0.95396,2.40,1.52
2015.04.02 13:10:06.581,0.95358,0.95396,2.40,1.15
2015.04.02 13:10:06.632,0.95369,0.9539,1.00,1.00
2015.04.02 13:10:06.850,0.95363,0.9539,1.00,1.00
2015.04.02 13:10:07.055,0.95363,0.95392,1.00,1.50
2015.04.02 13:10:07.105,0.95368,0.95392,1.00,1.00
2015.04.02 13:10:07.156,0.95368,0.95395,1.00,1.00
2015.04.02 13:10:07.307,0.95364,0.95391,1.00,1.00
2015.04.02 13:10:07.609,0.95364,0.95388,1.00,1.00
2015.04.02 13:10:07.659,0.95358,0.95388,1.07,1.00
2015.04.02 13:10:07.812,0.95358,0.95383,1.00,1.00
2015.04.02 13:10:07.863,0.95353,0.95383,1.00,1.10
2015.04.02 13:10:07.963,0.95353,0.95378,1.00,1.00
2015.04.02 13:10:08.385,0.95344,0.95375,1.15,1.00
2015.04.02 13:10:08.485,0.95344,0.95377,1.15,1.00
2015.04.02 13:10:08.636,0.95349,0.95378,1.00,1.00
2015.04.02 13:10:08.687,0.9535,0.95385,1.00,1.15
2015.04.02 13:10:08.738,0.9535,0.95385,1.37,1.15
2015.04.02 13:10:08.788,0.9535,0.95385,1.52,1.00
2015.04.02 13:10:09.299,0.95353,0.95386,1.12,1.00
2015.04.02 13:10:09.350,0.95353,0.95383,1.12,1.00
2015.04.02 13:10:09.702,0.9535,0.95385,1.52,1.00
2015.04.02 13:10:09.853,0.95354,0.95385,1.00,1.00
2015.04.02 13:10:10.557,0.95354,0.95384,1.00,1.00
2015.04.02 13:10:10.859,0.95359,0.95385,1.00,1.00
2015.04.02 13:10:11.369,0.95359,0.9538,1.00,1.00
2015.04.02 13:10:11.470,0.95359,0.95385,1.00,1.00
2015.04.02 13:10:11.571,0.95359,0.95391,1.00,1.07
2015.04.02 13:10:11.622,0.95369,0.95391,1.00,1.00
2015.04.02 13:10:11.823,0.95359,0.95387,1.00,1.00
2015.04.02 13:10:12.176,0.95364,0.95387,1.00,1.00
2015.04.02 13:10:12.578,0.95364,0.95385,1.00,1.00
2015.04.02 13:10:12.779,0.95364,0.95387,1.00,1.00
2015.04.02 13:10:12.880,0.95367,0.95396,2.32,1.07
2015.04.02 13:10:12.931,0.95367,0.95401,2.70,2.25
2015.04.02 13:10:13.032,0.95369,0.95401,1.00,1.50
2015.04.02 13:10:13.334,0.95379,0.95402,1.00,1.00
2015.04.02 13:10:14.546,0.95378,0.95402,1.00,1.00
2015.04.02 13:10:14.887,0.95374,0.95401,1.00,1.00
2015.04.02 13:10:15.419,0.95373,0.954,1.00,1.00
2015.04.02 13:10:16.057,0.95373,0.95395,1.00,1.00
2015.04.02 13:10:16.308,0.95368,0.95392,1.00,1.00
2015.04.02 13:10:16.560,0.95363,0.95393,1.10,1.00
2015.04.02 13:10:16.715,0.95363,0.9539,1.10,1.00
2015.04.02 13:10:17.246,0.95364,0.95391,1.00,1.00
2015.04.02 13:10:17.297,0.95365,0.95396,1.00,1.10
2015.04.02 13:10:17.347,0.95375,0.95401,1.00,3.07
2015.04.02 13:10:17.398,0.95375,0.95402,1.00,1.12
2015.04.02 13:10:17.449,0.95381,0.95402,1.00,1.00
2015.04.02 13:10:17.499,0.95381,0.95412,1.20,1.00
2015.04.02 13:10:17.650,0.95378,0.95415,1.65,1.00
2015.04.02 13:10:17.851,0.95389,0.95415,1.00,1.00
2015.04.02 13:10:18.402,0.95396,0.95423,1.15,1.00
2015.04.02 13:10:18.452,0.95396,0.95426,1.15,1.00
2015.04.02 13:10:18.503,0.95397,0.95431,1.00,1.15
2015.04.02 13:10:18.604,0.95394,0.95429,4.50,1.00
2015.04.02 13:10:18.906,0.95394,0.95421,1.00,1.00
2015.04.02 13:10:19.107,0.95396,0.95426,2.25,1.00
2015.04.02 13:10:19.208,0.95396,0.95426,1.15,1.00
2015.04.02 13:10:19.309,0.95399,0.95432,1.00,1.15
2015.04.02 13:10:19.409,0.95398,0.95434,1.10,1.00
2015.04.02 13:10:19.510,0.95398,0.95436,1.10,1.10
2015.04.02 13:10:19.709,0.95403,0.95428,1.00,1.00
2015.04.02 13:10:20.616,0.95399,0.95425,1.00,1.00
2015.04.02 13:10:20.817,0.95399,0.95423,1.00,1.00
2015.04.02 13:10:21.270,0.95399,0.9542,1.00,1.00
2015.04.02 13:10:21.572,0.95398,0.95415,1.00,1.00
2015.04.02 13:10:21.622,0.95393,0.95415,1.00,1.00
2015.04.02 13:10:21.723,0.95389,0.95414,1.00,1.00
2015.04.02 13:10:22.018,0.95389,0.95412,1.00,1.00
2015.04.02 13:10:22.821,0.95384,0.95412,1.00,1.00
2015.04.02 13:10:23.023,0.95384,0.95409,1.00,1.00
2015.04.02 13:10:23.325,0.95383,0.95409,1.27,1.00
2015.04.02 13:10:23.627,0.95383,0.95409,1.00,1.00
2015.04.02 13:10:23.678,0.95383,0.95404,1.00,1.00
2015.04.02 13:10:23.879,0.95383,0.95411,1.00,1.00
2015.04.02 13:10:23.930,0.95376,0.95411,3.07,1.00
2015.04.02 13:10:24.131,0.95379,0.95408,1.65,1.00
2015.04.02 13:10:24.433,0.95376,0.95411,3.45,1.50
2015.04.02 13:10:24.584,0.95383,0.95411,1.00,1.00
2015.04.02 13:10:25.226,0.95383,0.9541,1.00,1.00
2015.04.02 13:10:25.433,0.95379,0.95411,1.15,1.00
2015.04.02 13:10:25.534,0.95379,0.95409,1.15,1.00
2015.04.02 13:10:25.635,0.95376,0.95412,7.12,1.50
2015.04.02 13:10:25.887,0.95384,0.9541,1.00,1.00
2015.04.02 13:10:26.390,0.95384,0.95411,1.00,1.50
2015.04.02 13:10:26.893,0.95382,0.95413,1.37,1.00
2015.04.02 13:10:26.994,0.95378,0.9541,1.65,1.00
2015.04.02 13:10:27.045,0.95378,0.9541,1.57,1.00
2015.04.02 13:10:27.095,0.95378,0.95407,1.07,1.00
2015.04.02 13:10:27.197,0.95378,0.95411,1.52,1.00
2015.04.02 13:10:27.710,0.95384,0.95411,1.00,1.00
2015.04.02 13:10:28.205,0.95384,0.95411,1.45,1.00
2015.04.02 13:10:28.306,0.95388,0.95419,1.07,1.00
2015.04.02 13:10:28.407,0.95394,0.95421,1.10,1.00
2015.04.02 13:10:28.508,0.95393,0.95424,1.15,1.00
2015.04.02 13:10:28.609,0.95393,0.95426,1.15,1.50
2015.04.02 13:10:29.503,0.95394,0.95425,1.65,1.00
2015.04.02 13:10:29.704,0.95394,0.95423,1.20,1.00
2015.04.02 13:10:29.956,0.95389,0.9542,1.15,1.00
2015.04.02 13:10:30.057,0.95389,0.95418,1.15,1.00
2015.04.02 13:10:30.261,0.95387,0.95422,1.15,1.00
2015.04.02 13:10:30.312,0.95394,0.95422,1.07,1.00
2015.04.02 13:10:30.362,0.95394,0.9543,1.17,1.10
2015.04.02 13:10:30.596,0.95396,0.95431,1.07,1.57
2015.04.02 13:10:30.909,0.95404,0.95431,1.00,1.00
2015.04.02 13:10:31.410,0.95404,0.9543,1.00,1.00
2015.04.02 13:10:32.049,0.95403,0.95429,1.00,1.00
2015.04.02 13:10:33.215,0.95403,0.95432,1.00,1.50
2015.04.02 13:10:33.670,0.95404,0.95429,1.00,1.00
2015.04.02 13:10:33.821,0.95398,0.95427,1.27,1.00
2015.04.02 13:10:33.922,0.95403,0.9543,1.00,1.00
2015.04.02 13:10:34.246,0.95398,0.95427,1.27,1.00
2015.04.02 13:10:34.574,0.95404,0.95431,1.00,1.50
2015.04.02 13:10:35.429,0.95404,0.9543,1.00,1.00
2015.04.02 13:10:35.580,0.95395,0.9543,2.92,1.00
2015.04.02 13:10:35.781,0.95394,0.95426,1.17,1.00
2015.04.02 13:10:35.933,0.95389,0.95426,2.55,1.00
2015.04.02 13:10:36.034,0.95388,0.95426,1.27,1.00
2015.04.02 13:10:37.165,0.95391,0.95426,2.32,1.00
2015.04.02 13:10:37.266,0.95389,0.95424,1.45,1.00
2015.04.02 13:10:37.417,0.95388,0.95421,1.15,1.00
2015.04.02 13:10:37.936,0.95389,0.9542,1.15,1.00
2015.04.02 13:10:38.440,0.95389,0.95419,1.15,1.00
2015.04.02 13:10:38.541,0.95389,0.95421,1.15,1.50
2015.04.02 13:10:39.093,0.95389,0.95421,1.00,1.50
2015.04.02 13:10:40.035,0.95389,0.9542,1.00,1.00
2015.04.02 13:10:40.726,0.95389,0.95419,1.00,1.00
2015.04.02 13:10:40.835,0.95384,0.95416,1.52,1.00
2015.04.02 13:10:41.346,0.95384,0.95415,1.00,1.00
2015.04.02 13:10:41.652,0.95382,0.95417,1.47,1.50
2015.04.02 13:10:42.125,0.95383,0.95415,1.00,1.00
2015.04.02 13:10:42.354,0.95383,0.95417,1.12,1.50
2015.04.02 13:10:42.707,0.95383,0.95414,1.00,1.00
2015.04.02 13:10:43.009,0.95379,0.95411,3.52,1.00
2015.04.02 13:10:43.160,0.95379,0.95415,2.77,1.00
2015.04.02 13:10:43.580,0.95378,0.95411,1.30,1.00
2015.04.02 13:10:44.363,0.95374,0.95414,1.77,1.00
2015.04.02 13:10:44.435,0.95381,0.95416,1.00,1.00
2015.04.02 13:10:44.762,0.95381,0.95416,1.75,1.00
2015.04.02 13:10:45.425,0.95384,0.95416,1.00,1.00
2015.04.02 13:10:45.576,0.95384,0.95419,1.22,1.00
2015.04.02 13:10:45.677,0.95382,0.95416,1.17,1.00
2015.04.02 13:10:45.980,0.95384,0.95411,1.00,1.00
2015.04.02 13:10:46.131,0.95378,0.95414,4.87,1.00
2015.04.02 13:10:46.232,0.95378,0.95412,1.00,1.00
2015.04.02 13:10:46.383,0.95382,0.95411,1.57,1.50
2015.04.02 13:10:46.685,0.95389,0.95416,1.00,1.00
2015.04.02 13:10:47.138,0.95383,0.9541,1.27,1.00
2015.04.02 13:10:47.289,0.95383,0.95407,1.00,1.00
2015.04.02 13:10:47.390,0.95378,0.95408,1.00,1.00
2015.04.02 13:10:47.653,0.95375,0.95412,2.32,1.50
2015.04.02 13:10:47.704,0.95375,0.95407,2.32,1.00
2015.04.02 13:10:47.754,0.95373,0.95407,1.27,1.00
2015.04.02 13:10:47.867,0.95373,0.95407,1.07,1.07
2015.04.02 13:10:47.968,0.95368,0.95404,1.15,1.00
2015.04.02 13:10:48.126,0.95368,0.95401,1.15,1.00
2015.04.02 13:10:48.428,0.95363,0.95397,1.07,1.10
2015.04.02 13:10:48.479,0.95363,0.95396,1.00,1.00
2015.04.02 13:10:48.910,0.95365,0.95401,1.07,1.17
2015.04.02 13:10:48.961,0.95365,0.95401,1.15,1.17
2015.04.02 13:10:49.011,0.95365,0.95401,3.45,1.07
2015.04.02 13:10:49.112,0.95374,0.95406,1.00,1.10
2015.04.02 13:10:49.331,0.95378,0.95411,1.00,2.32
2015.04.02 13:10:49.382,0.95378,0.95414,1.07,3.00
2015.04.02 13:10:49.483,0.95378,0.95417,1.15,1.15
2015.04.02 13:10:49.886,0.95378,0.95411,1.50,1.00
2015.04.02 13:10:49.987,0.95378,0.95411,1.12,1.00
2015.04.02 13:10:50.241,0.95374,0.9541,1.00,1.00
2015.04.02 13:10:50.443,0.95375,0.95411,1.37,1.00
2015.04.02 13:10:50.745,0.95384,0.9542,1.00,1.15
2015.04.02 13:10:50.846,0.95384,0.9542,1.07,1.00
2015.04.02 13:10:50.946,0.95384,0.95426,1.80,2.25
2015.04.02 13:10:51.097,0.95394,0.95426,1.00,1.00
2015.04.02 13:10:52.286,0.95389,0.95421,1.00,1.00
2015.04.02 13:10:54.406,0.95388,0.95422,1.12,1.00
2015.04.02 13:10:54.708,0.95385,0.95417,1.47,1.00
2015.04.02 13:10:54.758,0.95384,0.95416,1.07,1.00
2015.04.02 13:10:54.859,0.95388,0.95416,1.00,1.00
2015.04.02 13:10:55.061,0.95384,0.95414,1.00,1.00
2015.04.02 13:10:55.312,0.95384,0.95416,1.00,1.00
2015.04.02 13:10:55.363,0.9538,0.95412,1.00,1.00
2015.04.02 13:10:55.664,0.95379,0.95414,1.37,1.00
2015.04.02 13:10:56.168,0.95382,0.95416,1.07,1.10
2015.04.02 13:10:56.218,0.95382,0.95416,1.15,1.10
2015.04.02 13:10:56.520,0.9539,0.95421,2.32,1.00
2015.04.02 13:10:56.621,0.9539,0.95427,2.32,1.00
2015.04.02 13:10:57.720,0.95394,0.95426,1.07,1.00
2015.04.02 13:10:59.025,0.95391,0.95425,2.02,1.00
2015.04.02 13:10:59.328,0.95389,0.95425,1.15,1.20
2015.04.02 13:10:59.378,0.95389,0.95421,1.52,1.00
2015.04.02 13:10:59.698,0.95388,0.95422,1.27,1.00
2015.04.02 13:10:59.900,0.95388,0.95425,2.77,1.20
2015.04.02 13:11:00.152,0.95395,0.95427,1.07,1.07
2015.04.02 13:11:00.202,0.95395,0.95427,1.15,1.00
2015.04.02 13:11:00.354,0.95403,0.95437,1.00,3.45
2015.04.02 13:11:00.454,0.95403,0.95437,1.10,1.17
2015.04.02 13:11:00.559,0.95404,0.95435,1.00,1.07
2015.04.02 13:11:00.811,0.95395,0.95432,1.15,1.57
2015.04.02 13:11:00.912,0.95394,0.9543,2.32,1.00
2015.04.02 13:11:01.013,0.95394,0.9543,1.17,1.15
2015.04.02 13:11:01.113,0.95394,0.95426,1.65,1.00
2015.04.02 13:11:01.617,0.95394,0.95425,1.17,1.00
2015.04.02 13:11:01.919,0.95389,0.95423,1.15,1.00
2015.04.02 13:11:02.197,0.95389,0.95421,1.15,1.00
2015.04.02 13:11:02.550,0.95389,0.9542,1.07,1.07
2015.04.02 13:11:02.600,0.95389,0.9542,1.00,1.15
2015.04.02 13:11:02.902,0.95383,0.95418,1.15,1.00
2015.04.02 13:11:03.443,0.95383,0.9542,1.15,1.15
2015.04.02 13:11:03.994,0.95383,0.95418,1.15,1.00
2015.04.02 13:11:04.548,0.9538,0.95413,2.32,1.00
2015.04.02 13:11:04.649,0.95376,0.95413,3.45,1.00
2015.04.02 13:11:05.277,0.95376,0.95416,2.70,1.65
2015.04.02 13:11:08.564,0.95376,0.95415,2.32,1.15
2015.04.02 13:11:08.615,0.95376,0.95415,1.17,3.07
2015.04.02 13:11:08.918,0.95379,0.95415,1.00,2.32
2015.04.02 13:11:10.383,0.95379,0.95412,1.00,3.07
2015.04.02 13:11:10.585,0.95374,0.95412,1.07,2.32
2015.04.02 13:11:10.686,0.95374,0.95411,1.15,1.20
2015.04.02 13:11:11.021,0.95378,0.95411,1.00,3.07
2015.04.02 13:11:11.135,0.9537,0.95411,1.15,3.07
2015.04.02 13:11:11.639,0.95374,0.95411,1.00,3.82
2015.04.02 13:11:12.585,0.95374,0.95411,1.07,2.32
2015.04.02 13:11:12.635,0.95374,0.95415,1.52,3.07
2015.04.02 13:11:12.686,0.95384,0.95415,1.07,2.25
2015.04.02 13:11:12.737,0.95384,0.9542,1.15,1.20
2015.04.02 13:11:12.787,0.95384,0.9542,1.07,1.17
2015.04.02 13:11:12.888,0.95383,0.95421,1.00,6.00
2015.04.02 13:11:13.144,0.95388,0.95421,1.00,5.25
2015.04.02 13:11:13.345,0.95385,0.95421,1.00,4.50
2015.04.02 13:11:13.446,0.95383,0.95414,1.00,1.00
2015.04.02 13:11:13.546,0.95374,0.95411,1.57,1.15
2015.04.02 13:11:13.647,0.95376,0.95413,1.00,1.15
2015.04.02 13:11:13.950,0.95379,0.95415,1.00,1.15
2015.04.02 13:11:14.100,0.95383,0.95416,1.00,1.15
2015.04.02 13:11:14.352,0.95373,0.95412,6.37,1.00
2015.04.02 13:11:14.402,0.95373,0.95412,4.20,1.07
2015.04.02 13:11:14.453,0.95373,0.95412,1.20,1.15
2015.04.02 13:11:14.801,0.95374,0.95412,1.07,1.07
2015.04.02 13:11:14.851,0.95374,0.95414,1.15,1.15
2015.04.02 13:11:15.955,0.95373,0.95409,3.45,1.00
2015.04.02 13:11:16.056,0.95373,0.95409,1.20,1.15
2015.04.02 13:11:16.207,0.95373,0.95406,1.20,2.32
2015.04.02 13:11:16.509,0.95369,0.95403,3.07,2.32
2015.04.02 13:11:16.746,0.95369,0.95402,1.15,2.32
2015.04.02 13:11:17.802,0.95369,0.954,1.07,2.32
2015.04.02 13:11:17.853,0.95369,0.954,1.00,4.50
2015.04.02 13:11:18.357,0.95364,0.954,1.15,4.50
2015.04.02 13:11:18.713,0.95363,0.95397,3.45,2.32
2015.04.02 13:11:18.763,0.95363,0.95396,1.27,2.32
2015.04.02 13:11:19.218,0.95364,0.95393,1.07,2.32
2015.04.02 13:11:19.522,0.95363,0.95391,1.00,2.32
2015.04.02 13:11:21.190,0.95363,0.95389,1.00,2.32
2015.04.02 13:11:21.392,0.95359,0.95388,1.00,3.07
2015.04.02 13:11:21.443,0.95359,0.95386,1.00,2.32
2015.04.02 13:11:22.601,0.95359,0.95383,1.00,2.32
2015.04.02 13:11:22.904,0.95354,0.95379,1.00,2.32
2015.04.02 13:11:23.106,0.95359,0.95378,1.00,2.32
2015.04.02 13:11:23.257,0.95359,0.95382,1.00,4.50
2015.04.02 13:11:24.694,0.95358,0.95382,1.00,4.50
2015.04.02 13:11:26.545,0.95358,0.95379,1.00,2.32
2015.04.02 13:11:26.646,0.95348,0.95378,1.17,2.32
2015.04.02 13:11:26.848,0.95354,0.95378,1.00,2.32
2015.04.02 13:11:26.999,0.95354,0.95381,1.00,2.32
2015.04.02 13:11:27.200,0.95349,0.95379,1.15,1.15
2015.04.02 13:11:27.351,0.95349,0.95379,1.07,3.07
2015.04.02 13:11:27.402,0.95349,0.95378,1.00,2.32
2015.04.02 13:11:28.259,0.95349,0.95381,1.15,2.32
2015.04.02 13:11:28.612,0.95354,0.95381,1.00,2.32
2015.04.02 13:11:29.085,0.95348,0.9538,1.10,2.32
2015.04.02 13:11:29.241,0.95348,0.95379,1.17,1.15
2015.04.02 13:11:29.547,0.95349,0.95384,2.32,2.32
2015.04.02 13:11:30.915,0.95354,0.95382,1.10,2.32
2015.04.02 13:11:31.066,0.95348,0.95382,1.27,5.25
2015.04.02 13:11:31.217,0.95349,0.95379,1.07,2.32
2015.04.02 13:11:31.268,0.95349,0.95377,1.10,1.15
2015.04.02 13:11:31.820,0.95349,0.95376,1.10,2.32
2015.04.02 13:11:32.364,0.95349,0.95375,1.00,2.32
2015.04.02 13:11:34.445,0.95344,0.95375,1.15,2.32
2015.04.02 13:11:36.961,0.95344,0.95374,1.07,2.32
2015.04.02 13:11:37.011,0.95344,0.95372,1.00,2.32
2015.04.02 13:11:37.112,0.95334,0.95365,1.65,2.32
2015.04.02 13:11:37.213,0.95334,0.95369,2.32,2.32
2015.04.02 13:11:39.155,0.95339,0.95367,1.10,2.32
2015.04.02 13:11:43.865,0.95338,0.95367,1.00,4.50
2015.04.02 13:11:45.255,0.95338,0.95365,1.00,2.32
2015.04.02 13:11:45.407,0.95329,0.95364,3.45,2.32
2015.04.02 13:11:45.614,0.95339,0.95364,1.00,2.32
2015.04.02 13:11:45.824,0.95334,0.95364,1.10,2.32
2015.04.02 13:11:49.181,0.95337,0.95364,1.07,2.25
2015.04.02 13:11:49.232,0.95339,0.95366,1.10,1.15
2015.04.02 13:11:49.283,0.95345,0.95366,1.10,1.07
2015.04.02 13:11:49.333,0.95345,0.95366,1.17,1.00
2015.04.02 13:11:49.384,0.95348,0.95376,1.00,3.07
2015.04.02 13:11:49.484,0.95348,0.95379,1.07,2.32
2015.04.02 13:11:50.799,0.95348,0.95378,1.07,2.32
2015.04.02 13:11:50.849,0.95348,0.95376,1.00,2.32
2015.04.02 13:11:51.911,0.95349,0.95376,1.00,2.32
2015.04.02 13:11:52.820,0.95349,0.95379,1.10,2.32
2015.04.02 13:12:00.201,0.95344,0.95377,3.07,2.32
2015.04.02 13:12:00.252,0.95344,0.95377,1.15,4.50
2015.04.02 13:12:00.403,0.95341,0.95375,2.32,2.32
2015.04.02 13:12:00.454,0.95339,0.95374,2.32,2.32
2015.04.02 13:12:00.555,0.95339,0.95371,1.15,2.32
2015.04.02 13:12:00.907,0.95344,0.95371,1.00,2.32
2015.04.02 13:12:00.958,0.95344,0.95374,1.07,2.32
2015.04.02 13:12:01.346,0.95338,0.9537,1.15,2.32
2015.04.02 13:12:06.033,0.95342,0.9537,1.00,2.32
2015.04.02 13:12:06.184,0.95342,0.95374,1.52,2.32
2015.04.02 13:12:07.816,0.95341,0.95371,1.07,2.32
2015.04.02 13:12:07.867,0.95342,0.9537,1.00,2.32
2015.04.02 13:12:08.089,0.95345,0.95377,1.15,1.15
2015.04.02 13:12:08.825,0.95349,0.95376,1.00,1.15
2015.04.02 13:12:09.532,0.95349,0.95376,1.00,3.07
2015.04.02 13:12:10.085,0.95349,0.95375,1.00,2.32
2015.04.02 13:12:10.381,0.9534,0.95375,3.07,2.32
2015.04.02 13:12:12.938,0.95343,0.95373,1.07,2.32
2015.04.02 13:12:12.989,0.95343,0.95372,1.10,2.32
2015.04.02 13:12:13.741,0.95343,0.95371,1.10,2.32
2015.04.02 13:12:13.893,0.95339,0.9537,1.10,2.32
2015.04.02 13:12:19.153,0.95339,0.9537,1.17,2.32
2015.04.02 13:12:19.203,0.95339,0.95371,1.15,1.15
2015.04.02 13:12:21.334,0.95339,0.95368,1.07,2.32
2015.04.02 13:12:21.385,0.95336,0.95368,1.15,4.50
2015.04.02 13:12:21.704,0.95334,0.95362,2.32,1.00
2015.04.02 13:12:21.805,0.95339,0.95366,1.10,1.10
2015.04.02 13:12:23.271,0.95333,0.95367,1.27,4.50
2015.04.02 13:12:24.325,0.95334,0.95363,1.07,2.32
2015.04.02 13:12:24.376,0.95328,0.95362,1.27,2.32
2015.04.02 13:12:24.427,0.95329,0.95362,2.32,2.32
2015.04.02 13:12:24.477,0.9533,0.95364,2.32,2.32
2015.04.02 13:12:24.628,0.95332,0.95364,2.32,2.32
2015.04.02 13:12:24.679,0.95333,0.95362,2.70,1.10
2015.04.02 13:12:24.880,0.95335,0.95367,2.32,1.15
2015.04.02 13:12:24.931,0.95335,0.95366,2.32,2.32
2015.04.02 13:12:24.982,0.95331,0.95365,3.45,2.32
2015.04.02 13:12:28.141,0.95334,0.95365,1.15,2.32
2015.04.02 13:12:28.191,0.95334,0.95366,1.15,1.65
2015.04.02 13:12:28.544,0.95348,0.95366,1.00,1.07
2015.04.02 13:12:28.594,0.95348,0.95366,1.00,1.00
2015.04.02 13:12:28.645,0.95351,0.95373,2.25,2.25
2015.04.02 13:12:28.695,0.95352,0.95385,2.70,1.15
2015.04.02 13:12:28.746,0.95355,0.95385,2.70,1.07
2015.04.02 13:12:28.797,0.95356,0.95386,2.32,1.17
2015.04.02 13:12:28.989,0.95355,0.95386,2.32,1.17
2015.04.02 13:12:29.090,0.95358,0.95391,2.32,1.15
2015.04.02 13:12:29.241,0.95363,0.95391,2.32,1.07
2015.04.02 13:12:29.291,0.95363,0.95391,4.50,1.00
2015.04.02 13:12:29.392,0.95361,0.95392,2.32,1.15
2015.04.02 13:12:30.534,0.95361,0.95387,2.32,1.00
2015.04.02 13:12:30.584,0.95357,0.95387,2.32,1.07
2015.04.02 13:12:30.685,0.95354,0.95387,1.15,1.15
2015.04.02 13:12:30.789,0.95354,0.95387,1.17,3.07
2015.04.02 13:12:30.947,0.95353,0.95387,2.32,2.32
2015.04.02 13:12:30.998,0.95354,0.9539,1.15,4.50
2015.04.02 13:12:32.227,0.95354,0.95393,1.65,1.27
2015.04.02 13:12:32.378,0.95354,0.95386,1.65,1.00
2015.04.02 13:12:32.828,0.95359,0.95391,1.00,1.10
2015.04.02 13:12:33.130,0.95354,0.95391,1.65,1.57
2015.04.02 13:12:33.180,0.95354,0.95389,1.07,1.07
2015.04.02 13:12:33.231,0.95354,0.95389,1.00,1.15
2015.04.02 13:12:33.684,0.95349,0.95386,1.07,1.17
2015.04.02 13:12:33.835,0.95355,0.95392,1.15,1.15
2015.04.02 13:12:34.337,0.95353,0.9539,1.15,1.00
2015.04.02 13:12:34.388,0.95353,0.9539,1.07,1.07
2015.04.02 13:12:34.438,0.95353,0.9539,1.10,1.15
2015.04.02 13:12:36.399,0.9535,0.95387,1.00,3.82
2015.04.02 13:12:36.919,0.95349,0.95386,1.10,1.15
2015.04.02 13:12:37.253,0.95353,0.95391,1.10,3.07
2015.04.02 13:12:37.563,0.95353,0.95381,1.10,1.00
2015.04.02 13:12:37.878,0.95359,0.95386,1.00,1.10
2015.04.02 13:12:38.835,0.95358,0.95387,1.00,1.00
2015.04.02 13:12:43.123,0.95352,0.95386,2.02,1.00
2015.04.02 13:12:43.173,0.95352,0.95384,1.45,1.00
2015.04.02 13:12:43.224,0.95349,0.95384,1.52,1.00
2015.04.02 13:12:43.325,0.95349,0.95384,1.00,1.15
2015.04.02 13:12:43.828,0.95349,0.95376,1.00,1.00
2015.04.02 13:12:47.565,0.95344,0.95371,1.10,1.00
2015.04.02 13:12:49.117,0.95349,0.95376,1.00,1.00
2015.04.02 13:12:50.576,0.95349,0.95375,1.00,1.07
2015.04.02 13:12:50.676,0.95339,0.95374,1.10,1.10
2015.04.02 13:12:50.777,0.95342,0.95376,1.00,1.15
2015.04.02 13:12:50.878,0.95344,0.95381,1.17,1.15
2015.04.02 13:12:50.928,0.95344,0.95381,1.15,1.07
2015.04.02 13:12:50.979,0.95344,0.95381,3.07,1.00
2015.04.02 13:12:51.482,0.95346,0.95382,1.15,1.10
2015.04.02 13:12:52.881,0.95346,0.95381,1.65,1.00
2015.04.02 13:12:53.132,0.95346,0.95381,1.07,3.00
2015.04.02 13:12:53.183,0.95346,0.95381,1.00,7.12
2015.04.02 13:12:53.284,0.95339,0.95377,2.40,1.15
2015.04.02 13:12:53.838,0.95344,0.95376,1.00,1.65
2015.04.02 13:12:54.166,0.9534,0.95372,1.15,1.00
2015.04.02 13:12:54.825,0.9534,0.95376,1.15,1.20
2015.04.02 13:12:55.492,0.95338,0.95375,1.65,1.00
2015.04.02 13:12:55.743,0.95338,0.95373,1.15,1.00
2015.04.02 13:12:56.045,0.95338,0.95369,1.00,1.17
2015.04.02 13:12:57.782,0.95334,0.95371,1.17,1.15
2015.04.02 13:12:58.533,0.95334,0.95371,1.15,1.57
2015.04.02 13:12:58.583,0.95334,0.95371,1.15,1.00
2015.04.02 13:12:58.893,0.95338,0.95374,1.10,1.17
2015.04.02 13:12:59.150,0.95333,0.95371,3.45,1.00
2015.04.02 13:12:59.462,0.95335,0.95371,1.10,1.15
2015.04.02 13:12:59.818,0.95337,0.95372,1.00,1.15
2015.04.02 13:12:59.969,0.95338,0.95374,1.15,1.15
2015.04.02 13:13:00.471,0.95339,0.95371,1.17,1.00
2015.04.02 13:13:01.125,0.95339,0.95371,1.07,1.07
2015.04.02 13:13:01.175,0.95339,0.95371,1.00,1.15
2015.04.02 13:13:01.327,0.95336,0.95372,1.17,1.07
2015.04.02 13:13:01.428,0.95336,0.95372,1.15,1.10
2015.04.02 13:13:01.529,0.95336,0.95366,1.15,1.00
2015.04.02 13:13:01.681,0.95336,0.95371,1.15,1.00
2015.04.02 13:13:02.207,0.95338,0.95372,1.57,1.10
2015.04.02 13:13:02.633,0.95335,0.95367,1.15,1.00
2015.04.02 13:13:02.734,0.95338,0.95372,1.07,1.65
2015.04.02 13:13:02.885,0.95334,0.95372,1.15,1.65
2015.04.02 13:13:03.086,0.95334,0.95371,1.50,1.00
2015.04.02 13:13:04.372,0.95334,0.95371,1.10,1.17
2015.04.02 13:13:04.624,0.95333,0.95367,2.77,1.00
2015.04.02 13:13:05.144,0.95334,0.95366,1.10,1.00
2015.04.02 13:13:06.054,0.95333,0.95367,1.17,2.25
2015.04.02 13:13:06.368,0.9533,0.95367,1.10,1.45
2015.04.02 13:13:06.469,0.95332,0.95367,1.00,1.57
2015.04.02 13:13:06.721,0.95334,0.95367,1.10,1.20
2015.04.02 13:13:07.023,0.95334,0.95361,1.00,1.00
2015.04.02 13:13:07.526,0.95333,0.95363,1.00,1.55
2015.04.02 13:13:08.028,0.95334,0.95362,1.00,1.20
2015.04.02 13:13:08.129,0.95329,0.95361,1.00,1.00
2015.04.02 13:13:08.644,0.95329,0.95361,1.00,1.45
2015.04.02 13:13:08.795,0.95324,0.95361,1.50,1.52
2015.04.02 13:13:09.306,0.95324,0.95361,1.50,1.65
2015.04.02 13:13:10.108,0.95324,0.95361,1.50,2.02
2015.04.02 13:13:10.612,0.95324,0.95361,1.00,1.15
2015.04.02 13:13:10.864,0.95324,0.95357,1.10,1.07
2015.04.02 13:13:11.365,0.95323,0.95357,1.15,2.70
2015.04.02 13:13:13.624,0.95328,0.95357,1.00,2.32
2015.04.02 13:13:14.127,0.95329,0.95356,1.10,1.15
2015.04.02 13:13:14.630,0.95333,0.95358,1.00,1.07
2015.04.02 13:13:15.077,0.95329,0.95356,1.07,1.07
2015.04.02 13:13:15.127,0.95329,0.95356,1.10,1.15
2015.04.02 13:13:16.071,0.95324,0.95356,3.07,1.15
2015.04.02 13:13:16.122,0.95324,0.95355,1.17,2.32
2015.04.02 13:13:23.270,0.95324,0.95353,1.07,2.32
2015.04.02 13:13:23.320,0.95324,0.95352,1.00,2.32
2015.04.02 13:13:23.875,0.95318,0.95352,3.82,2.32
2015.04.02 13:13:26.385,0.95324,0.95351,1.10,1.07
2015.04.02 13:13:26.485,0.95324,0.95351,1.17,1.00
2015.04.02 13:13:26.687,0.95324,0.95357,3.07,2.32
2015.04.02 13:13:26.737,0.95327,0.9536,1.15,5.25
2015.04.02 13:13:26.788,0.95327,0.9536,3.07,3.07
2015.04.02 13:13:26.839,0.95327,0.9536,5.25,1.15
2015.04.02 13:13:26.990,0.95329,0.95362,2.32,1.07
2015.04.02 13:13:27.040,0.95331,0.95362,2.32,1.07
2015.04.02 13:13:27.292,0.95331,0.95362,2.32,1.15
2015.04.02 13:13:27.342,0.95328,0.95362,5.25,1.15
2015.04.02 13:13:27.393,0.95328,0.95362,3.07,3.07
2015.04.02 13:13:27.443,0.95328,0.95361,1.15,2.32
2015.04.02 13:13:30.512,0.95325,0.95356,2.32,1.17
2015.04.02 13:13:30.563,0.95324,0.95356,1.15,1.15
2015.04.02 13:13:30.664,0.95326,0.95356,1.15,1.20
2015.04.02 13:13:31.312,0.95324,0.95356,3.07,1.17
2015.04.02 13:13:31.363,0.95323,0.95356,1.15,2.32
2015.04.02 13:13:31.464,0.95323,0.95358,1.00,1.27
2015.04.02 13:13:31.565,0.95319,0.95356,1.00,1.20
2015.04.02 13:13:31.718,0.95319,0.95356,1.00,1.17
2015.04.02 13:13:32.020,0.95318,0.95351,1.00,1.15
2015.04.02 13:13:32.121,0.95313,0.95351,1.00,1.15
2015.04.02 13:13:32.272,0.95321,0.95352,1.00,3.75
2015.04.02 13:13:32.373,0.95322,0.95351,1.00,1.00
2015.04.02 13:13:32.575,0.9532,0.95357,1.00,1.15
2015.04.02 13:13:32.776,0.95321,0.95357,2.25,1.20
2015.04.02 13:13:32.827,0.95322,0.95357,2.32,1.12
2015.04.02 13:13:32.927,0.9533,0.95361,1.00,3.00
2015.04.02 13:13:33.229,0.95328,0.95361,1.00,1.00
2015.04.02 13:13:33.845,0.95328,0.95358,1.00,1.50
2015.04.02 13:13:34.384,0.95328,0.95358,1.00,1.57
2015.04.02 13:13:34.687,0.95317,0.9535,3.07,2.32
2015.04.02 13:13:34.737,0.95317,0.95348,1.17,2.32
2015.04.02 13:13:36.243,0.95318,0.9535,1.07,2.32
2015.04.02 13:13:36.294,0.95319,0.95351,1.15,1.15
2015.04.02 13:13:39.253,0.95317,0.95347,1.15,1.17
2015.04.02 13:13:39.304,0.95317,0.95347,1.07,1.15
2015.04.02 13:13:39.626,0.95323,0.95348,1.00,2.32
2015.04.02 13:13:39.871,0.95323,0.95353,1.10,2.32
2015.04.02 13:13:40.409,0.95324,0.95353,1.00,2.32
2015.04.02 13:13:40.532,0.95326,0.95353,1.00,2.32
2015.04.02 13:13:40.582,0.95326,0.95355,1.00,2.32
2015.04.02 13:13:40.633,0.95326,0.95357,1.00,5.62
2015.04.02 13:13:40.683,0.95326,0.95352,1.00,2.32
2015.04.02 13:13:40.734,0.95318,0.95352,3.07,2.32
2015.04.02 13:13:40.784,0.95318,0.9535,1.15,2.32
2015.04.02 13:13:40.835,0.95318,0.9535,1.15,4.50
2015.04.02 13:13:41.013,0.95318,0.95352,1.00,3.07
2015.04.02 13:13:41.164,0.95314,0.95347,1.10,1.10
2015.04.02 13:13:41.383,0.95317,0.95352,1.00,3.45
2015.04.02 13:13:41.585,0.95315,0.95351,1.07,1.15
2015.04.02 13:13:41.686,0.95316,0.95351,3.07,1.10
2015.04.02 13:13:41.787,0.95321,0.95355,1.10,1.07
2015.04.02 13:13:42.074,0.95321,0.95352,1.07,2.25
2015.04.02 13:13:42.376,0.95321,0.95348,1.00,2.32
2015.04.02 13:13:42.426,0.95321,0.9535,1.00,2.32
2015.04.02 13:13:42.527,0.95319,0.95351,1.15,1.15
2015.04.02 13:13:42.578,0.95318,0.9535,1.17,2.32
2015.04.02 13:13:42.629,0.95318,0.9535,1.20,4.50
2015.04.02 13:13:43.132,0.9532,0.9535,1.00,4.50
2015.04.02 13:13:43.233,0.9532,0.95353,1.15,4.50
2015.04.02 13:13:49.219,0.95317,0.9535,2.32,2.32
2015.04.02 13:13:49.270,0.95315,0.9535,1.15,4.50
2015.04.02 13:13:49.421,0.95317,0.95347,1.17,2.32
2015.04.02 13:13:49.471,0.95317,0.95347,1.10,2.32
2015.04.02 13:13:49.522,0.95317,0.95348,1.07,2.32
2015.04.02 13:13:49.573,0.95317,0.95351,1.15,5.25
2015.04.02 13:13:49.724,0.95318,0.95347,1.17,2.32
2015.04.02 13:13:49.775,0.95318,0.95347,1.10,2.32
2015.04.02 13:13:51.421,0.95314,0.95349,3.82,2.32
2015.04.02 13:13:51.522,0.95314,0.9535,3.07,1.15
2015.04.02 13:13:51.625,0.95314,0.95346,1.15,2.25
2015.04.02 13:13:51.776,0.9532,0.9535,1.10,2.32
2015.04.02 13:13:51.826,0.95322,0.9535,1.00,2.32
2015.04.02 13:13:52.129,0.95325,0.95356,1.15,1.15
2015.04.02 13:13:53.738,0.95324,0.95355,1.65,2.32
2015.04.02 13:13:57.341,0.95319,0.95354,3.07,3.07
2015.04.02 13:13:57.442,0.9532,0.95354,1.15,4.50
2015.04.02 13:13:58.096,0.95324,0.95354,1.00,4.50
2015.04.02 13:13:58.297,0.95321,0.95352,1.15,1.15
2015.04.02 13:13:58.802,0.95323,0.95354,1.00,4.50
2015.04.02 13:13:59.830,0.95321,0.95351,1.15,1.15
2015.04.02 13:14:01.615,0.95323,0.95352,1.07,1.15
2015.04.02 13:14:01.665,0.95323,0.95352,1.15,1.15
2015.04.02 13:14:05.734,0.95322,0.95351,1.07,1.17
2015.04.02 13:14:05.784,0.95322,0.95351,1.00,1.15
2015.04.02 13:14:06.561,0.95323,0.95351,1.00,1.15
2015.04.02 13:14:07.014,0.9532,0.95346,1.17,1.00
2015.04.02 13:14:07.665,0.95322,0.95346,1.00,1.00
2015.04.02 13:14:07.952,0.95323,0.95351,1.07,1.17
2015.04.02 13:14:08.004,0.95322,0.95351,1.15,1.20
2015.04.02 13:14:10.879,0.95328,0.95356,1.00,1.15
2015.04.02 13:14:11.181,0.9533,0.95361,1.17,2.32
2015.04.02 13:14:11.584,0.95332,0.95362,1.15,1.15
2015.04.02 13:14:11.785,0.95327,0.95361,2.32,3.07
2015.04.02 13:14:11.886,0.95324,0.95357,1.15,1.15
2015.04.02 13:14:12.088,0.95322,0.95355,1.15,2.32
2015.04.02 13:14:13.392,0.95321,0.95346,2.25,2.25
2015.04.02 13:14:13.493,0.95315,0.95345,1.10,2.32
2015.04.02 13:14:13.594,0.95316,0.95345,1.07,2.25
2015.04.02 13:14:13.695,0.95316,0.9535,1.15,2.32
2015.04.02 13:14:15.403,0.95315,0.95346,3.07,1.07
2015.04.02 13:14:15.706,0.95322,0.95346,1.10,1.10
2015.04.02 13:14:15.951,0.95322,0.95353,1.07,2.32
2015.04.02 13:14:16.052,0.95322,0.95355,1.17,2.32
2015.04.02 13:14:16.254,0.95319,0.95348,1.17,2.25
2015.04.02 13:14:16.355,0.95316,0.95348,1.52,2.32
2015.04.02 13:14:17.372,0.9532,0.95348,1.00,2.32
2015.04.02 13:14:17.892,0.95317,0.95348,1.17,2.32
2015.04.02 13:14:19.478,0.95316,0.95345,1.17,2.32
2015.04.02 13:14:19.780,0.95311,0.95343,1.15,2.32
2015.04.02 13:14:20.082,0.95309,0.9534,1.15,2.32
2015.04.02 13:14:20.234,0.95311,0.95342,1.15,1.15
2015.04.02 13:14:20.674,0.95313,0.95345,2.32,2.32
2015.04.02 13:14:20.725,0.95313,0.95347,2.32,3.07
2015.04.02 13:14:25.569,0.95315,0.95344,1.17,2.32
2015.04.02 13:14:26.095,0.95314,0.95344,1.17,2.32
2015.04.02 13:14:27.709,0.95314,0.95345,3.82,2.32
2015.04.02 13:14:27.760,0.95314,0.95346,6.00,1.15
2015.04.02 13:14:27.811,0.95321,0.95346,1.07,1.07
2015.04.02 13:14:27.962,0.95321,0.95351,3.07,1.17
2015.04.02 13:14:29.104,0.95321,0.95346,2.32,1.00
2015.04.02 13:14:30.211,0.95323,0.95346,1.07,1.00
2015.04.02 13:14:30.262,0.95323,0.95346,1.00,1.00
2015.04.02 13:14:30.870,0.95323,0.95352,1.00,3.07
2015.04.02 13:14:32.400,0.9532,0.95352,1.15,3.07
2015.04.02 13:14:34.943,0.95314,0.95347,1.15,1.15
2015.04.02 13:14:35.336,0.95314,0.95345,1.17,2.32
2015.04.02 13:14:37.041,0.95317,0.95346,1.07,3.07
2015.04.02 13:14:37.552,0.95316,0.95346,1.17,1.15
2015.04.02 13:14:38.998,0.95313,0.95346,3.07,3.07
2015.04.02 13:14:39.049,0.95313,0.95344,1.17,2.32
2015.04.02 13:14:41.086,0.95314,0.95344,1.15,2.32
2015.04.02 13:14:41.137,0.95314,0.95347,1.15,3.45
2015.04.02 13:14:41.590,0.95312,0.95343,2.32,1.15
2015.04.02 13:14:41.640,0.95308,0.95343,3.07,3.07
2015.04.02 13:14:42.495,0.95308,0.95341,3.07,3.07
2015.04.02 13:14:42.546,0.95308,0.9534,1.17,2.32
2015.04.02 13:14:42.697,0.95304,0.95337,3.07,1.15
2015.04.02 13:14:42.999,0.95302,0.95333,2.25,1.15
2015.04.02 13:14:43.050,0.95299,0.95333,1.15,3.07
2015.04.02 13:14:43.402,0.953,0.95333,2.32,2.32
2015.04.02 13:14:43.453,0.953,0.95334,4.50,1.15
2015.04.02 13:14:43.705,0.95302,0.95337,2.32,3.45
2015.04.02 13:14:44.007,0.95304,0.95336,2.32,1.15
2015.04.02 13:14:44.262,0.95306,0.95336,4.50,1.00
2015.04.02 13:14:45.567,0.95306,0.95336,1.15,1.15
2015.04.02 13:14:46.690,0.95304,0.95335,1.17,2.32
2015.04.02 13:14:46.992,0.95304,0.95338,3.07,2.70
2015.04.02 13:14:50.559,0.95302,0.95336,2.32,3.82
2015.04.02 13:14:50.610,0.953,0.95331,4.50,1.20
2015.04.02 13:14:51.090,0.95299,0.95331,1.15,1.15
2015.04.02 13:14:51.594,0.95297,0.95326,2.32,1.00
2015.04.02 13:14:52.151,0.95297,0.9533,2.32,1.15
2015.04.02 13:14:52.402,0.95294,0.95329,1.15,4.87
2015.04.02 13:14:52.604,0.9529,0.95324,4.50,1.15
2015.04.02 13:14:52.705,0.95292,0.95326,4.50,1.65
2015.04.02 13:14:53.568,0.95292,0.95325,1.15,4.50
2015.04.02 13:14:53.871,0.95303,0.9533,2.25,2.25
2015.04.02 13:14:53.922,0.95303,0.95332,2.32,1.10
2015.04.02 13:14:54.375,0.95304,0.95335,1.07,2.32
2015.04.02 13:14:54.426,0.95301,0.95335,1.15,2.32
2015.04.02 13:14:54.879,0.95297,0.95331,2.32,1.17
2015.04.02 13:14:55.463,0.95296,0.95331,5.25,1.15
2015.04.02 13:14:55.769,0.95303,0.95337,2.32,3.82
2015.04.02 13:14:59.213,0.95303,0.95335,2.32,3.07
2015.04.02 13:14:59.314,0.95299,0.95332,1.15,1.15
2015.04.02 13:14:59.992,0.95298,0.9533,2.32,1.17
2015.04.02 13:15:00.093,0.95295,0.95329,4.50,1.15
2015.04.02 13:15:00.428,0.95299,0.95332,1.15,1.15
2015.04.02 13:15:01.894,0.953,0.95332,3.07,1.15
2015.04.02 13:15:02.404,0.95301,0.95331,3.07,1.17
2015.04.02 13:15:09.240,0.95304,0.95335,1.15,2.32
2015.04.02 13:15:09.341,0.95304,0.95339,1.15,4.50
2015.04.02 13:15:09.619,0.95314,0.95339,1.00,4.50
2015.04.02 13:15:09.871,0.95305,0.95339,1.15,4.50
2015.04.02 13:15:12.927,0.95305,0.95339,2.32,2.32
2015.04.02 13:15:13.430,0.95304,0.95337,2.32,1.15
2015.04.02 13:15:16.560,0.95304,0.95332,2.32,1.00
2015.04.02 13:15:16.850,0.95301,0.95332,1.15,1.15
2015.04.02 13:15:17.452,0.95299,0.95333,1.65,5.25
2015.04.02 13:15:18.430,0.95298,0.95323,1.07,2.25
2015.04.02 13:15:18.481,0.95298,0.95323,1.00,2.32
2015.04.02 13:15:18.632,0.95294,0.95324,1.15,1.20
2015.04.02 13:15:18.733,0.95294,0.95325,1.15,2.32
2015.04.02 13:15:18.783,0.95294,0.95325,1.15,2.32
2015.04.02 13:15:18.884,0.95292,0.95322,2.32,1.00
2015.04.02 13:15:19.422,0.95292,0.95321,2.32,1.00
2015.04.02 13:15:20.667,0.95294,0.95321,2.32,1.00
2015.04.02 13:15:20.868,0.95294,0.95327,3.07,1.15
2015.04.02 13:15:20.969,0.95296,0.95327,2.32,1.17
2015.04.02 13:15:21.825,0.95296,0.95329,1.15,2.32
2015.04.02 13:15:21.876,0.95293,0.95329,3.82,3.07
2015.04.02 13:15:26.191,0.95297,0.95326,1.15,1.07
2015.04.02 13:15:26.493,0.953,0.95329,2.25,2.32
2015.04.02 13:15:26.543,0.95299,0.95328,1.10,2.32
2015.04.02 13:15:26.795,0.95294,0.95321,3.07,1.00
2015.04.02 13:15:29.150,0.95293,0.95325,1.27,2.32
2015.04.02 13:15:29.452,0.95294,0.95321,3.07,1.00
2015.04.02 13:15:29.998,0.95299,0.95321,1.17,1.00
2015.04.02 13:15:30.099,0.95299,0.95332,1.15,5.25
2015.04.02 13:15:30.200,0.95301,0.95332,1.07,3.07
2015.04.02 13:15:30.502,0.95305,0.95331,3.07,1.00
2015.04.02 13:15:30.553,0.95306,0.95341,2.32,1.15
2015.04.02 13:15:31.089,0.95309,0.95343,2.32,2.32
2015.04.02 13:15:31.190,0.95309,0.95343,5.25,1.15
2015.04.02 13:15:31.554,0.95309,0.95332,4.50,1.00
2015.04.02 13:15:31.655,0.95306,0.95331,3.07,1.00
2015.04.02 13:15:32.158,0.95306,0.95332,2.32,1.00
2015.04.02 13:15:32.259,0.95304,0.95332,1.15,1.10
2015.04.02 13:15:33.061,0.95305,0.95331,1.15,1.00
2015.04.02 13:15:33.161,0.95306,0.95331,1.15,1.00
2015.04.02 13:15:33.663,0.95306,0.95332,1.15,1.00
2015.04.02 13:15:34.100,0.95308,0.95332,1.15,1.00
2015.04.02 13:15:35.421,0.95309,0.95331,1.15,1.00
2015.04.02 13:15:35.589,0.95307,0.95336,3.07,1.00
2015.04.02 13:15:36.073,0.95307,0.95342,3.07,1.27
2015.04.02 13:15:37.240,0.95315,0.95341,1.00,1.15
2015.04.02 13:15:37.543,0.9533,0.95352,1.00,1.00
2015.04.02 13:15:37.593,0.95331,0.95356,1.00,1.15
2015.04.02 13:15:37.845,0.95328,0.95356,1.20,1.15
2015.04.02 13:15:38.046,0.9533,0.95356,1.00,1.15
2015.04.02 13:15:38.348,0.95329,0.95352,1.15,1.00
2015.04.02 13:15:38.686,0.9533,0.95356,1.17,1.10
2015.04.02 13:15:42.523,0.9533,0.95356,1.15,1.00
2015.04.02 13:15:42.851,0.9533,0.95363,1.15,2.32
2015.04.02 13:15:42.902,0.95334,0.95366,1.15,2.32
2015.04.02 13:15:43.204,0.95339,0.95367,4.50,1.00
2015.04.02 13:15:43.305,0.95337,0.95367,1.07,1.00
2015.04.02 13:15:43.406,0.95337,0.95371,3.07,1.00
2015.04.02 13:15:43.882,0.95342,0.95377,1.10,1.17
2015.04.02 13:15:44.208,0.95343,0.95377,1.15,1.00
2015.04.02 13:15:44.510,0.95348,0.95376,1.00,1.00
2015.04.02 13:15:44.662,0.95346,0.95377,1.00,1.00
2015.04.02 13:15:45.165,0.95346,0.95376,1.00,1.00
2015.04.02 13:15:45.416,0.95346,0.95381,1.00,1.17
2015.04.02 13:15:45.613,0.95341,0.95377,1.15,1.00
2015.04.02 13:15:45.815,0.95338,0.95377,2.02,1.17
2015.04.02 13:15:46.117,0.95336,0.95376,1.15,3.82
2015.04.02 13:15:46.720,0.95342,0.9538,1.10,2.32
2015.04.02 13:15:46.821,0.95342,0.95382,1.15,1.15
2015.04.02 13:15:47.123,0.95349,0.95387,1.65,2.32
2015.04.02 13:15:47.224,0.95341,0.95378,1.15,1.55
2015.04.02 13:15:47.274,0.95342,0.95374,1.15,1.00
2015.04.02 13:15:47.375,0.95339,0.95374,1.00,1.52
2015.04.02 13:15:47.526,0.95339,0.9537,1.00,1.00
2015.04.02 13:15:47.728,0.95336,0.95372,1.52,1.20
2015.04.02 13:15:47.828,0.95336,0.95366,1.52,1.00
2015.04.02 13:15:48.326,0.95337,0.95367,1.27,1.00
2015.04.02 13:15:48.829,0.95339,0.95366,1.15,1.00
2015.04.02 13:15:52.348,0.95337,0.95361,2.02,1.00
2015.04.02 13:15:52.449,0.95337,0.95361,1.47,1.00
2015.04.02 13:15:52.998,0.95337,0.95362,1.10,1.00
2015.04.02 13:15:53.200,0.9534,0.95362,1.00,1.00
2015.04.02 13:15:53.351,0.95344,0.95371,1.15,1.00
2015.04.02 13:15:53.854,0.95347,0.95371,1.00,1.00
2015.04.02 13:15:54.450,0.95348,0.95371,1.00,1.00
2015.04.02 13:15:54.551,0.9535,0.95371,1.20,1.00
2015.04.02 13:15:54.652,0.9535,0.95376,1.20,1.00
2015.04.02 13:15:55.005,0.95353,0.95376,1.00,1.00
2015.04.02 13:15:55.340,0.95351,0.95376,1.15,1.00
2015.04.02 13:15:55.449,0.95352,0.95376,1.00,1.00
2015.04.02 13:15:55.857,0.95347,0.95372,1.15,1.00
2015.04.02 13:15:56.212,0.95346,0.95367,2.32,1.00
2015.04.02 13:15:56.615,0.95341,0.95367,1.65,1.00
2015.04.02 13:15:57.118,0.95339,0.95366,1.17,1.00
2015.04.02 13:15:57.319,0.95338,0.95366,1.00,1.00
2015.04.02 13:15:57.420,0.95334,0.95367,1.00,1.15
2015.04.02 13:15:57.521,0.95329,0.95362,1.15,1.00
2015.04.02 13:15:58.025,0.95328,0.95361,1.15,1.00
2015.04.02 13:15:58.226,0.95325,0.95361,1.52,1.10
2015.04.02 13:15:58.377,0.95325,0.95356,1.65,1.00
2015.04.02 13:15:58.816,0.95325,0.9536,1.15,1.00
2015.04.02 13:15:58.968,0.95324,0.95357,1.27,1.00
2015.04.02 13:15:59.270,0.95328,0.95351,1.15,1.00
2015.04.02 13:15:59.572,0.95328,0.95357,1.27,1.00
2015.04.02 13:16:00.351,0.95326,0.95351,5.62,1.00
2015.04.02 13:16:01.371,0.9533,0.95357,1.15,1.00
2015.04.02 13:16:01.572,0.9533,0.95362,1.15,1.00
2015.04.02 13:16:03.130,0.9533,0.95361,1.15,1.00
2015.04.02 13:16:03.893,0.95333,0.95361,1.00,1.00
2015.04.02 13:16:04.196,0.95332,0.95356,1.00,1.00
2015.04.02 13:16:04.738,0.95329,0.95356,1.65,1.00
2015.04.02 13:16:04.889,0.9533,0.95361,1.15,1.00
2015.04.02 13:16:04.939,0.9533,0.95361,5.25,1.00
2015.04.02 13:16:05.090,0.95335,0.95366,1.20,1.00
2015.04.02 13:16:05.953,0.95335,0.95366,1.15,1.00
2015.04.02 13:16:06.456,0.95337,0.95367,1.15,1.00
2015.04.02 13:16:06.556,0.95336,0.95367,1.00,1.00
2015.04.02 13:16:06.657,0.95343,0.95366,1.00,1.00
2015.04.02 13:16:06.859,0.95346,0.95382,1.15,1.15
2015.04.02 13:16:07.361,0.95349,0.95382,1.00,1.15
2015.04.02 13:16:07.864,0.95347,0.95382,1.17,1.15
2015.04.02 13:16:08.065,0.95347,0.9538,1.15,4.50
2015.04.02 13:16:08.413,0.95344,0.95372,4.50,1.00
2015.04.02 13:16:08.616,0.95344,0.95377,4.50,1.15
2015.04.02 13:16:09.470,0.95348,0.95382,3.07,4.20
2015.04.02 13:16:09.991,0.95348,0.95376,2.32,1.00
2015.04.02 13:16:10.092,0.95344,0.95374,1.17,2.32
2015.04.02 13:16:10.193,0.95343,0.95372,2.32,1.00
2015.04.02 13:16:10.293,0.95339,0.95372,3.07,1.15
2015.04.02 13:16:10.344,0.95342,0.95372,2.32,1.07
2015.04.02 13:16:10.394,0.95342,0.95373,4.50,1.20
2015.04.02 13:16:10.646,0.95345,0.95376,2.32,1.15
2015.04.02 13:16:10.697,0.95345,0.95376,2.32,1.17
2015.04.02 13:16:11.653,0.95344,0.95371,2.32,1.00
2015.04.02 13:16:11.703,0.95342,0.95371,1.15,1.00
2015.04.02 13:16:11.854,0.95342,0.95373,1.15,2.25
2015.04.02 13:16:11.904,0.95338,0.95372,2.32,1.15
2015.04.02 13:16:11.955,0.95337,0.9537,3.45,2.32
2015.04.02 13:16:12.458,0.95336,0.95366,2.32,1.17
2015.04.02 13:16:13.062,0.95335,0.95366,2.32,1.17
2015.04.02 13:16:13.112,0.95333,0.95366,2.70,1.15
2015.04.02 13:16:15.194,0.95334,0.95366,4.50,1.20
2015.04.02 13:16:16.260,0.95337,0.95367,2.32,1.07
2015.04.02 13:16:16.562,0.95344,0.95366,2.32,1.00
2015.04.02 13:16:16.613,0.95344,0.95371,2.32,1.00
2015.04.02 13:16:16.663,0.95347,0.95371,2.32,1.00
2015.04.02 13:16:16.965,0.95351,0.95371,2.32,1.00
2015.04.02 13:16:17.122,0.95351,0.95382,2.32,1.17
2015.04.02 13:16:17.805,0.95351,0.95376,2.32,1.00
2015.04.02 13:16:18.006,0.95347,0.95376,2.32,1.10
2015.04.02 13:16:18.107,0.95344,0.95376,1.15,1.15
2015.04.02 13:16:18.811,0.95343,0.95371,4.50,1.00
2015.04.02 13:16:19.312,0.9534,0.95371,3.07,1.10
2015.04.02 13:16:20.110,0.95343,0.95371,2.32,1.00
2015.04.02 13:16:20.316,0.95343,0.95376,2.32,1.15
2015.04.02 13:16:22.373,0.95346,0.95376,2.32,1.07
2015.04.02 13:16:22.625,0.95346,0.95381,2.32,1.65
2015.04.02 13:16:23.571,0.95349,0.95381,2.32,1.15
2015.04.02 13:16:24.099,0.95349,0.95383,2.32,1.15
2015.04.02 13:16:33.428,0.95351,0.95381,3.07,1.07
2015.04.02 13:16:33.529,0.95352,0.95381,2.32,1.00
2015.04.02 13:16:34.058,0.95352,0.95386,2.32,1.65
2015.04.02 13:16:37.796,0.95354,0.95386,3.07,1.15
2015.04.02 13:16:37.846,0.95354,0.95386,5.25,1.15
2015.04.02 13:16:38.207,0.95354,0.95386,2.32,1.15
2015.04.02 13:16:38.257,0.95352,0.95384,2.32,1.15
2015.04.02 13:16:39.219,0.95355,0.95388,2.32,2.32
2015.04.02 13:16:39.421,0.95356,0.95389,2.32,1.15
2015.04.02 13:16:39.472,0.95356,0.95391,4.50,1.65
2015.04.02 13:16:39.725,0.95354,0.95389,2.32,2.32
2015.04.02 13:16:42.216,0.95357,0.95387,2.32,1.17
2015.04.02 13:16:42.266,0.95357,0.95387,2.32,1.10
2015.04.02 13:16:42.418,0.95359,0.95392,3.07,1.17
2015.04.02 13:16:42.670,0.95359,0.95387,3.45,1.00
2015.04.02 13:16:43.173,0.95359,0.95386,2.32,1.00
2015.04.02 13:16:43.426,0.95357,0.95386,2.32,1.00
2015.04.02 13:16:43.627,0.95354,0.95386,3.07,1.15
2015.04.02 13:16:43.678,0.95354,0.95381,3.07,1.00
2015.04.02 13:16:44.213,0.95355,0.95382,1.15,1.00
2015.04.02 13:16:44.530,0.95357,0.95382,3.07,1.00
2015.04.02 13:16:44.833,0.95359,0.95382,2.32,1.00
2015.04.02 13:16:44.883,0.95359,0.95387,2.32,1.00
2015.04.02 13:16:45.418,0.95363,0.95386,2.32,1.00
2015.04.02 13:16:47.248,0.95368,0.95386,2.32,1.00
2015.04.02 13:16:47.399,0.95368,0.95391,2.32,1.00
2015.04.02 13:16:47.779,0.95368,0.95402,3.07,2.32
2015.04.02 13:16:47.829,0.95368,0.95392,3.07,1.00
2015.04.02 13:16:48.805,0.95368,0.95402,2.32,3.82
2015.04.02 13:16:49.057,0.95368,0.95391,2.32,1.00
2015.04.02 13:16:51.360,0.95368,0.95386,2.32,1.00
2015.04.02 13:16:51.863,0.95364,0.95386,4.50,1.00
2015.04.02 13:16:54.671,0.95364,0.95387,4.50,1.00
2015.04.02 13:16:55.288,0.95364,0.95386,4.50,1.00
2015.04.02 13:16:57.381,0.95368,0.95396,2.32,1.00
2015.04.02 13:16:57.683,0.95365,0.95397,1.15,1.15
2015.04.02 13:16:57.834,0.95364,0.95391,4.50,1.00
2015.04.02 13:17:02.899,0.95361,0.95391,4.50,1.00
2015.04.02 13:17:03.101,0.95361,0.95386,4.50,1.00
2015.04.02 13:17:03.319,0.95361,0.95391,4.50,1.00
2015.04.02 13:17:04.073,0.95361,0.9539,4.50,1.00
2015.04.02 13:17:04.124,0.95361,0.95387,2.32,1.00
2015.04.02 13:17:04.174,0.95358,0.95387,4.50,1.00
2015.04.02 13:17:04.376,0.95356,0.95386,3.07,1.07
2015.04.02 13:17:05.187,0.95356,0.95386,2.32,1.15
2015.04.02 13:17:05.288,0.95353,0.95386,2.32,1.15
2015.04.02 13:17:06.198,0.95353,0.95384,2.32,1.15
2015.04.02 13:17:06.299,0.95353,0.95385,1.17,2.32
2015.04.02 13:17:06.400,0.95351,0.95387,5.62,4.50
2015.04.02 13:17:06.652,0.95351,0.95377,4.87,1.00
2015.04.02 13:17:07.305,0.95351,0.95382,4.87,1.20
2015.04.02 13:17:07.828,0.95351,0.95381,4.87,1.00
2015.04.02 13:17:08.853,0.95351,0.95387,4.87,6.00
2015.04.02 13:17:09.055,0.95351,0.95376,4.50,1.00
2015.04.02 13:17:09.407,0.95351,0.95372,2.32,1.00
2015.04.02 13:17:09.664,0.95348,0.95372,2.32,1.00
2015.04.02 13:17:10.578,0.95348,0.95377,2.70,1.00
2015.04.02 13:17:10.679,0.95351,0.95377,2.32,1.00
2015.04.02 13:17:10.830,0.95351,0.95381,3.07,1.07
2015.04.02 13:17:13.564,0.95352,0.95376,1.15,1.00
2015.04.02 13:17:13.916,0.95349,0.95381,1.65,1.15
2015.04.02 13:17:14.117,0.95349,0.95376,1.15,1.00
2015.04.02 13:17:14.419,0.95346,0.95376,3.07,1.07
2015.04.02 13:17:14.879,0.95348,0.95376,2.70,1.00
2015.04.02 13:17:15.117,0.95349,0.95381,1.15,1.15
2015.04.02 13:17:15.218,0.95352,0.95381,2.70,1.07
2015.04.02 13:17:15.318,0.95353,0.95386,2.32,1.15
2015.04.02 13:17:15.420,0.95358,0.95386,1.17,1.07
2015.04.02 13:17:15.521,0.95358,0.95386,1.15,1.00
2015.04.02 13:17:15.622,0.95359,0.95387,1.15,1.10
2015.04.02 13:17:15.924,0.9536,0.95387,2.32,1.00
2015.04.02 13:17:16.125,0.95363,0.95392,1.15,1.10
2015.04.02 13:17:22.613,0.95362,0.95391,2.32,1.00
2015.04.02 13:17:23.708,0.95359,0.95391,1.65,1.17
2015.04.02 13:17:28.521,0.95359,0.95391,1.17,1.65
2015.04.02 13:17:28.624,0.95355,0.95387,3.07,1.17
2015.04.02 13:17:29.234,0.95358,0.95391,2.32,3.07
2015.04.02 13:17:29.335,0.95359,0.95392,1.15,1.15
2015.04.02 13:17:33.927,0.95359,0.95389,1.07,2.32
2015.04.02 13:17:34.028,0.95359,0.95388,1.10,3.07
2015.04.02 13:17:35.934,0.95358,0.95388,1.15,2.32
2015.04.02 13:17:36.034,0.95358,0.95391,1.15,2.32
2015.04.02 13:17:38.242,0.95358,0.95391,2.32,2.25
2015.04.02 13:17:38.343,0.95361,0.95391,1.15,1.10
2015.04.02 13:17:39.450,0.95359,0.95391,2.32,1.17
2015.04.02 13:17:39.551,0.95357,0.95391,3.07,3.07
2015.04.02 13:17:43.015,0.95357,0.95385,2.32,1.00
2015.04.02 13:17:43.166,0.95353,0.95382,2.25,1.07
2015.04.02 13:17:43.267,0.9535,0.95382,2.32,3.00
2015.04.02 13:17:43.368,0.95352,0.95381,2.32,1.00
2015.04.02 13:17:44.771,0.95354,0.95381,2.32,1.00
2015.04.02 13:17:46.678,0.95351,0.95381,4.50,1.00
2015.04.02 13:17:49.842,0.95358,0.95381,2.25,1.00
2015.04.02 13:17:50.094,0.95358,0.95391,2.32,1.15
2015.04.02 13:17:52.412,0.95358,0.95386,2.32,1.00
2015.04.02 13:17:52.948,0.95358,0.95387,2.32,1.10
2015.04.02 13:17:53.267,0.95354,0.95387,2.32,1.65
2015.04.02 13:17:53.468,0.95351,0.95385,3.07,3.07
2015.04.02 13:17:54.372,0.95346,0.95381,3.07,1.15
2015.04.02 13:17:54.774,0.9535,0.95377,2.32,1.00
2015.04.02 13:17:55.376,0.9535,0.95376,2.32,1.00
2015.04.02 13:17:55.879,0.9535,0.95377,2.32,1.00
2015.04.02 13:17:56.431,0.9535,0.95382,3.07,1.15
2015.04.02 13:17:58.591,0.95354,0.95387,1.15,1.15
2015.04.02 13:17:58.692,0.95357,0.95387,2.32,1.10
2015.04.02 13:18:01.517,0.95354,0.95387,3.07,1.15
2015.04.02 13:18:01.858,0.95351,0.95385,1.15,2.32
2015.04.02 13:18:04.618,0.95354,0.95387,3.07,1.27
2015.04.02 13:18:06.427,0.95358,0.95386,1.15,1.00
2015.04.02 13:18:06.930,0.95356,0.95382,4.50,1.00
2015.04.02 13:18:07.930,0.95356,0.95386,4.50,1.00
2015.04.02 13:18:08.031,0.95355,0.95386,1.15,1.17
2015.04.02 13:18:08.339,0.95359,0.95391,1.15,1.15
2015.04.02 13:18:08.842,0.95359,0.95386,1.15,1.00
2015.04.02 13:18:15.415,0.95354,0.95386,3.07,1.15
2015.04.02 13:18:15.616,0.95354,0.95381,2.32,1.00
2015.04.02 13:18:16.427,0.95354,0.95386,3.07,1.15
2015.04.02 13:18:20.082,0.95354,0.95382,2.32,1.00
2015.04.02 13:18:20.133,0.95352,0.95382,2.32,1.17
2015.04.02 13:18:21.338,0.95355,0.95386,2.32,1.10
2015.04.02 13:18:21.540,0.95359,0.95387,3.07,1.00
2015.04.02 13:18:21.943,0.95355,0.95386,5.25,1.00
2015.04.02 13:18:22.446,0.95362,0.95391,2.32,1.10
2015.04.02 13:18:22.748,0.95362,0.95386,2.32,1.00
2015.04.02 13:18:23.117,0.95358,0.95387,6.00,1.00
2015.04.02 13:18:23.369,0.9536,0.95392,1.15,1.15
2015.04.02 13:18:25.866,0.9536,0.95386,1.15,1.00
2015.04.02 13:18:26.869,0.95358,0.95391,4.50,1.15
2015.04.02 13:18:27.121,0.95358,0.95387,5.25,1.00
2015.04.02 13:18:29.326,0.95358,0.95392,4.50,1.65
2015.04.02 13:18:29.377,0.95357,0.95391,1.15,2.32
2015.04.02 13:18:29.578,0.95353,0.95386,1.15,1.15
2015.04.02 13:18:29.869,0.95354,0.95381,1.15,1.00
2015.04.02 13:18:30.071,0.95351,0.95385,4.50,1.15
2015.04.02 13:18:30.172,0.95356,0.95386,2.32,1.57
2015.04.02 13:18:31.548,0.95354,0.95383,1.15,1.00
2015.04.02 13:18:31.649,0.95349,0.95381,1.65,1.15
2015.04.02 13:18:33.056,0.9535,0.95381,2.32,1.10
2015.04.02 13:18:33.368,0.9535,0.95376,2.32,1.00
2015.04.02 13:18:33.566,0.9535,0.95382,2.32,2.02
2015.04.02 13:18:34.345,0.95349,0.95381,2.32,3.00
2015.04.02 13:18:34.396,0.95347,0.95381,2.32,3.82
2015.04.02 13:18:35.845,0.95349,0.95376,1.07,1.07
2015.04.02 13:18:35.895,0.95343,0.95376,1.15,1.15
2015.04.02 13:18:36.552,0.95349,0.95378,1.00,5.25
2015.04.02 13:18:37.002,0.95349,0.95381,1.15,4.50
2015.04.02 13:18:41.474,0.9535,0.95382,2.32,1.15
2015.04.02 13:18:45.720,0.9535,0.95378,2.32,1.00
2015.04.02 13:18:45.821,0.95349,0.95377,1.15,1.20
2015.04.02 13:18:45.972,0.95349,0.95374,1.15,1.00
2015.04.02 13:18:46.022,0.95349,0.95374,1.00,1.17
2015.04.02 13:18:47.897,0.95349,0.95376,1.15,1.17
2015.04.02 13:18:52.130,0.95349,0.95376,1.00,2.32
2015.04.02 13:18:52.181,0.95343,0.95376,1.65,2.32
2015.04.02 13:18:52.734,0.95347,0.95379,1.15,2.32
2015.04.02 13:18:52.936,0.95352,0.95386,1.15,1.65
2015.04.02 13:18:55.901,0.95354,0.95383,1.07,2.32
2015.04.02 13:18:55.952,0.95354,0.95383,1.00,2.32
2015.04.02 13:18:56.491,0.95349,0.95383,1.15,3.07
2015.04.02 13:18:57.107,0.9535,0.95384,2.32,2.32
2015.04.02 13:18:57.158,0.95354,0.95386,1.17,2.32
2015.04.02 13:18:57.208,0.95356,0.95387,2.25,3.07
2015.04.02 13:18:57.259,0.95356,0.95387,2.32,1.15
2015.04.02 13:18:57.309,0.95355,0.95387,2.32,1.15
2015.04.02 13:18:57.360,0.95353,0.95388,1.15,5.25
2015.04.02 13:18:57.511,0.95351,0.95382,2.32,1.07
2015.04.02 13:18:57.662,0.95349,0.95381,1.15,2.32
2015.04.02 13:18:58.108,0.95344,0.95378,1.15,2.32
2015.04.02 13:18:59.317,0.95344,0.95375,1.15,2.32
2015.04.02 13:19:00.122,0.95343,0.95367,1.00,1.10
2015.04.02 13:19:00.424,0.95336,0.9537,2.32,2.32
2015.04.02 13:19:01.128,0.95334,0.95367,1.15,3.07
2015.04.02 13:19:01.655,0.95334,0.95368,1.57,1.07
2015.04.02 13:19:03.279,0.95334,0.95366,1.10,1.00
2015.04.02 13:19:03.558,0.95334,0.95367,1.00,2.02
2015.04.02 13:19:03.860,0.95339,0.95371,1.00,1.65
2015.04.02 13:19:04.062,0.95334,0.95366,1.57,1.00
2015.04.02 13:19:04.162,0.95339,0.95371,1.00,1.65
2015.04.02 13:19:04.840,0.95336,0.95367,1.00,1.10
2015.04.02 13:19:04.992,0.95338,0.95367,1.00,1.10
2015.04.02 13:19:05.743,0.95334,0.95367,1.10,1.10
2015.04.02 13:19:06.847,0.95335,0.95367,1.00,1.10
2015.04.02 13:19:07.548,0.95333,0.95367,1.17,1.57
2015.04.02 13:19:09.730,0.95338,0.95367,1.00,1.10
2015.04.02 13:19:10.032,0.95324,0.95355,1.00,1.07
2015.04.02 13:19:10.234,0.95318,0.9535,1.12,1.00
2015.04.02 13:19:10.536,0.95319,0.9535,3.00,1.00
2015.04.02 13:19:10.687,0.95319,0.9535,1.00,1.00
2015.04.02 13:19:10.855,0.95323,0.9535,1.00,1.00
2015.04.02 13:19:11.885,0.95316,0.95346,1.10,1.00
2015.04.02 13:19:13.145,0.95316,0.95346,1.95,1.00
2015.04.02 13:19:13.674,0.95321,0.95346,1.10,1.00
2015.04.02 13:19:13.826,0.95324,0.95351,1.00,1.00
2015.04.02 13:19:14.179,0.95323,0.95357,2.02,1.00
2015.04.02 13:19:14.230,0.95328,0.95357,1.00,1.00
2015.04.02 13:19:14.431,0.95324,0.95358,1.65,1.10
2015.04.02 13:19:14.969,0.95323,0.95357,1.15,1.00
2015.04.02 13:19:15.606,0.95323,0.95356,1.15,1.00
2015.04.02 13:19:15.707,0.95322,0.95356,1.00,1.15
2015.04.02 13:19:16.139,0.95324,0.95357,1.00,1.15
2015.04.02 13:19:16.391,0.95322,0.95357,1.00,1.65
2015.04.02 13:19:16.492,0.9532,0.95355,1.20,1.20
2015.04.02 13:19:16.844,0.95319,0.95351,1.15,1.00
2015.04.02 13:19:17.438,0.95319,0.95351,1.00,1.17
2015.04.02 13:19:17.589,0.95317,0.95352,1.10,1.15
2015.04.02 13:19:17.639,0.95319,0.95352,1.00,1.15
2015.04.02 13:19:18.142,0.9532,0.95352,1.00,1.15
2015.04.02 13:19:18.606,0.95316,0.95351,1.55,1.17
2015.04.02 13:19:19.148,0.95314,0.95347,1.15,1.00
2015.04.02 13:19:20.352,0.95314,0.95346,1.15,1.00
2015.04.02 13:19:20.654,0.95319,0.95347,1.15,1.00
2015.04.02 13:19:22.187,0.9532,0.95352,1.20,1.00
2015.04.02 13:19:22.338,0.9532,0.95347,1.20,1.00
2015.04.02 13:19:22.640,0.95324,0.95351,1.00,1.00
2015.04.02 13:19:23.329,0.95323,0.95352,1.00,1.00
2015.04.02 13:19:24.788,0.95323,0.95352,1.00,1.65
2015.04.02 13:19:24.889,0.95319,0.95352,1.07,1.07
2015.04.02 13:19:24.939,0.95323,0.95356,1.00,3.07
2015.04.02 13:19:24.990,0.95323,0.95356,1.00,1.17
2015.04.02 13:19:25.040,0.95326,0.95356,1.00,1.17
2015.04.02 13:19:25.585,0.95324,0.9536,1.50,2.32
2015.04.02 13:19:26.044,0.95326,0.95356,1.00,1.17
2015.04.02 13:19:26.145,0.95324,0.95357,1.00,1.15
2015.04.02 13:19:26.296,0.95324,0.95355,1.00,1.17
2015.04.02 13:19:26.347,0.9532,0.95355,1.07,1.17
2015.04.02 13:19:26.799,0.95323,0.95357,1.12,1.15
2015.04.02 13:19:27.830,0.95325,0.95357,1.00,1.15
2015.04.02 13:19:28.384,0.95325,0.95357,1.07,1.07
2015.04.02 13:19:28.906,0.95323,0.95356,1.15,1.00
2015.04.02 13:19:30.312,0.95326,0.95357,1.17,1.00
2015.04.02 13:19:30.863,0.95326,0.95356,1.17,1.00
2015.04.02 13:19:31.364,0.95329,0.95361,1.00,1.15
2015.04.02 13:19:31.817,0.95329,0.95356,1.00,1.00
2015.04.02 13:19:32.764,0.95328,0.95356,1.12,1.00
2015.04.02 13:19:33.373,0.95329,0.95361,1.00,1.15
2015.04.02 13:19:38.810,0.95329,0.95361,1.17,1.00
2015.04.02 13:19:38.911,0.9533,0.95361,1.15,1.00
2015.04.02 13:19:39.318,0.95339,0.95366,1.00,1.00
2015.04.02 13:19:44.681,0.95338,0.95372,1.00,1.00
2015.04.02 13:19:45.147,0.95344,0.95374,1.00,1.00
2015.04.02 13:19:45.801,0.95339,0.95371,1.00,1.00
2015.04.02 13:19:47.975,0.95344,0.95375,1.00,1.00
2015.04.02 13:19:48.680,0.95341,0.95375,1.00,1.00
2015.04.02 13:19:48.881,0.95343,0.95377,1.00,1.50
2015.04.02 13:19:49.183,0.95341,0.95371,1.17,1.00
2015.04.02 13:19:49.284,0.9534,0.95371,1.00,1.00
2015.04.02 13:19:49.536,0.95338,0.95372,1.00,1.00
2015.04.02 13:19:50.491,0.95338,0.95371,1.00,1.00
2015.04.02 13:19:51.020,0.95339,0.95372,1.00,1.15
2015.04.02 13:19:51.579,0.95338,0.95372,1.12,1.15
2015.04.02 13:19:51.931,0.95338,0.9537,1.00,1.07
2015.04.02 13:19:52.083,0.95332,0.95367,1.00,1.10
2015.04.02 13:19:52.337,0.9533,0.95365,1.00,1.00
2015.04.02 13:19:52.791,0.95329,0.95363,1.57,1.00
2015.04.02 13:19:53.537,0.95329,0.95363,1.00,1.17
2015.04.02 13:19:55.626,0.9533,0.95367,1.00,3.82
2015.04.02 13:19:55.677,0.9533,0.95367,1.00,1.57
2015.04.02 13:19:55.727,0.95333,0.95367,1.00,1.10
2015.04.02 13:19:56.284,0.95337,0.95371,1.00,1.10
2015.04.02 13:19:56.385,0.95338,0.95375,1.00,1.17
2015.04.02 13:19:56.537,0.95342,0.95376,1.00,1.65
2015.04.02 13:19:57.264,0.9534,0.95375,1.00,1.17
2015.04.02 13:19:57.499,0.95342,0.95376,1.00,1.65
2015.04.02 13:19:58.704,0.95339,0.95372,1.00,1.00
2015.04.02 13:19:58.754,0.95339,0.95372,1.00,1.15
2015.04.02 13:19:59.057,0.95339,0.95368,1.00,1.00
2015.04.02 13:19:59.405,0.95333,0.95368,1.17,1.00
2015.04.02 13:19:59.456,0.95332,0.95367,1.00,1.10
2015.04.02 13:19:59.506,0.95331,0.95365,1.00,1.00
2015.04.02 13:19:59.708,0.95329,0.95365,1.10,1.00
2015.04.02 13:19:59.909,0.95331,0.95366,1.00,1.50
2015.04.02 13:20:00.060,0.95329,0.95366,1.57,1.50
2015.04.02 13:20:00.912,0.95329,0.95364,1.57,1.00
2015.04.02 13:20:01.463,0.9533,0.95364,1.00,1.00
2015.04.02 13:20:01.977,0.95328,0.95364,1.27,1.00
2015.04.02 13:20:02.279,0.95327,0.95362,1.52,1.00
2015.04.02 13:20:02.783,0.95326,0.95363,1.52,1.00
2015.04.02 13:20:03.121,0.95334,0.95361,1.00,1.00
2015.04.02 13:20:05.251,0.95333,0.95358,1.00,1.15
2015.04.02 13:20:05.402,0.95329,0.95356,1.17,1.17
2015.04.02 13:20:05.905,0.95324,0.95356,1.15,1.65
2015.04.02 13:20:08.391,0.95322,0.95354,2.70,2.32
2015.04.02 13:20:08.492,0.9532,0.95353,2.32,1.15
2015.04.02 13:20:10.700,0.95323,0.95356,1.27,1.15
2015.04.02 13:20:11.898,0.95324,0.95357,4.50,1.15
2015.04.02 13:20:12.710,0.95324,0.95356,1.15,3.82
2015.04.02 13:20:17.238,0.95324,0.95356,1.00,1.00
2015.04.02 13:20:20.816,0.95323,0.95357,1.00,1.00
2015.04.02 13:20:21.066,0.95328,0.9536,1.00,1.17
2015.04.02 13:20:21.368,0.95325,0.95361,1.00,1.65
2015.04.02 13:20:21.620,0.95328,0.95361,1.00,1.15
2015.04.02 13:20:22.325,0.95328,0.95362,1.00,1.00
2015.04.02 13:20:22.855,0.95328,0.95361,1.00,1.00
2015.04.02 13:20:23.392,0.95328,0.95362,1.00,1.00
2015.04.02 13:20:24.010,0.95328,0.95363,1.00,1.10
2015.04.02 13:20:24.161,0.95333,0.95363,1.00,1.10
2015.04.02 13:20:24.546,0.95334,0.95369,1.00,1.15
2015.04.02 13:20:24.597,0.95339,0.95369,1.00,1.15
2015.04.02 13:20:24.964,0.95338,0.9537,1.00,1.00
2015.04.02 13:20:25.064,0.95338,0.95372,1.00,1.20
2015.04.02 13:20:25.215,0.95336,0.9537,1.00,1.00
2015.04.02 13:20:25.467,0.95334,0.95369,1.20,1.00
2015.04.02 13:20:25.517,0.95334,0.95369,1.10,1.07
2015.04.02 13:20:25.669,0.95331,0.95368,1.37,1.15
2015.04.02 13:20:26.172,0.95332,0.95367,1.37,1.20
2015.04.02 13:20:28.627,0.95332,0.95369,1.00,1.15
2015.04.02 13:20:28.765,0.95334,0.95369,1.00,1.15
2015.04.02 13:20:30.031,0.95334,0.95369,2.32,1.00
2015.04.02 13:20:30.534,0.95334,0.95368,1.57,1.00
2015.04.02 13:20:30.836,0.95334,0.95368,1.50,1.15
2015.04.02 13:20:32.444,0.95333,0.95366,1.12,1.10
2015.04.02 13:20:32.947,0.95334,0.95366,1.00,1.10
2015.04.02 13:20:33.249,0.95338,0.9537,1.00,1.10
2015.04.02 13:20:33.551,0.95343,0.95378,1.00,1.52
2015.04.02 13:20:33.652,0.95343,0.95377,2.25,1.00
2015.04.02 13:20:33.703,0.95349,0.95383,1.00,2.32
2015.04.02 13:20:33.753,0.95349,0.95384,1.00,1.15
2015.04.02 13:20:33.955,0.95347,0.95382,1.00,1.20
2015.04.02 13:20:34.456,0.95346,0.95381,1.00,1.50
2015.04.02 13:20:34.959,0.95345,0.9538,1.20,1.00
2015.04.02 13:20:35.159,0.95345,0.95379,3.07,2.32
2015.04.02 13:20:38.630,0.95351,0.95379,1.00,2.32
2015.04.02 13:20:39.433,0.95349,0.95379,1.07,2.32
2015.04.02 13:20:39.942,0.95349,0.95378,1.07,2.32
2015.04.02 13:20:40.093,0.95344,0.95376,1.15,1.15
2015.04.02 13:20:40.244,0.95345,0.95376,1.15,1.17
2015.04.02 13:20:40.295,0.95348,0.9538,1.15,2.32
2015.04.02 13:20:40.956,0.9535,0.95381,1.15,1.15
2015.04.02 13:20:41.157,0.95354,0.95387,1.15,4.50
2015.04.02 13:20:41.459,0.95354,0.95389,2.32,3.07
2015.04.02 13:20:41.765,0.95353,0.95386,1.27,2.32
2015.04.02 13:20:42.137,0.95354,0.95382,1.07,2.32
2015.04.02 13:20:42.188,0.95354,0.95381,1.00,2.32
2015.04.02 13:20:42.389,0.95348,0.95381,1.65,2.32
2015.04.02 13:20:42.440,0.95349,0.95381,2.32,2.32
2015.04.02 13:20:42.491,0.95351,0.95382,1.15,1.15
2015.04.02 13:20:45.844,0.95352,0.95381,3.07,1.07
2015.04.02 13:20:45.894,0.95352,0.95381,5.25,1.00
2015.04.02 13:20:46.589,0.95353,0.95387,1.65,1.15
2015.04.02 13:20:47.334,0.95353,0.95381,1.27,1.00
2015.04.02 13:20:48.095,0.95354,0.95386,1.15,1.65
2015.04.02 13:20:48.197,0.95354,0.95386,1.20,6.00
2015.04.02 13:20:48.348,0.95349,0.95377,4.50,1.00
2015.04.02 13:20:48.704,0.95354,0.95381,1.15,1.10
2015.04.02 13:20:48.905,0.95356,0.95381,1.15,1.00
2015.04.02 13:20:49.208,0.95348,0.95379,1.27,1.15
2015.04.02 13:20:49.410,0.95344,0.95377,2.32,1.15
2015.04.02 13:20:49.661,0.95347,0.9538,2.32,1.15
2015.04.02 13:20:51.164,0.95347,0.95377,2.32,1.17
2015.04.02 13:20:51.214,0.95344,0.95377,2.32,1.15
2015.04.02 13:20:54.380,0.95344,0.95377,1.65,4.50
2015.04.02 13:20:58.517,0.9534,0.95373,1.15,2.32
2015.04.02 13:20:58.986,0.95343,0.95373,1.15,2.32
2015.04.02 13:20:59.036,0.95343,0.95376,1.15,3.07
2015.04.02 13:20:59.908,0.95339,0.95373,2.32,3.07
2015.04.02 13:21:00.009,0.95342,0.95374,2.32,1.52
2015.04.02 13:21:00.109,0.95342,0.95366,2.32,1.00
2015.04.02 13:21:00.210,0.9534,0.95366,2.32,1.00
2015.04.02 13:21:00.311,0.9534,0.95372,2.32,1.15
2015.04.02 13:21:00.724,0.95336,0.95369,2.32,1.15
2015.04.02 13:21:01.879,0.95336,0.95365,2.32,1.07
2015.04.02 13:21:01.930,0.95331,0.95365,4.50,1.15
2015.04.02 13:21:02.081,0.95331,0.95361,4.50,1.00
2015.04.02 13:21:02.838,0.95331,0.95368,5.25,5.25
2015.04.02 13:21:03.006,0.95334,0.95369,5.25,1.15
2015.04.02 13:21:03.699,0.95337,0.9537,1.15,2.32
2015.04.02 13:21:03.850,0.95344,0.95372,1.15,1.00
2015.04.02 13:21:03.901,0.95344,0.95372,3.07,1.00
2015.04.02 13:21:04.404,0.95345,0.95376,3.07,1.15
2015.04.02 13:21:05.195,0.95349,0.95376,1.15,1.07
2015.04.02 13:21:05.246,0.95349,0.95376,1.15,1.00
2015.04.02 13:21:05.296,0.95352,0.95376,1.15,1.00
2015.04.02 13:21:05.397,0.95352,0.95386,3.07,1.15
2015.04.02 13:21:05.843,0.95352,0.95381,2.32,1.00
2015.04.02 13:21:06.499,0.95352,0.9538,2.25,3.00
2015.04.02 13:21:06.550,0.95344,0.9538,1.65,5.25
2015.04.02 13:21:07.300,0.95343,0.95377,3.45,3.82
2015.04.02 13:21:07.351,0.95343,0.95377,1.27,6.00
2015.04.02 13:21:07.716,0.95344,0.95377,1.00,1.17
2015.04.02 13:21:09.891,0.95345,0.95381,1.00,2.32
2015.04.02 13:21:09.991,0.95343,0.95378,1.10,1.15
2015.04.02 13:21:10.444,0.95345,0.9538,1.00,1.15
2015.04.02 13:21:10.964,0.95346,0.95381,1.00,3.07
2015.04.02 13:21:11.668,0.95349,0.95381,1.00,1.17
2015.04.02 13:21:11.769,0.95349,0.95377,1.00,1.00
2015.04.02 13:21:11.971,0.95344,0.95377,1.15,1.00
2015.04.02 13:21:12.122,0.95344,0.95379,1.15,1.00
2015.04.02 13:21:12.374,0.95342,0.95376,3.07,1.00
2015.04.02 13:21:13.129,0.95346,0.95381,1.17,1.17
2015.04.02 13:21:15.137,0.95345,0.95377,1.15,1.00
2015.04.02 13:21:15.547,0.95343,0.9538,1.65,1.10
2015.04.02 13:21:15.600,0.95342,0.95376,3.07,1.00
2015.04.02 13:21:15.902,0.95342,0.95372,2.32,1.00
2015.04.02 13:21:16.862,0.9534,0.95372,1.15,1.00
2015.04.02 13:21:17.879,0.95341,0.95371,1.15,1.00
2015.04.02 13:21:18.470,0.95343,0.95371,1.00,1.00
2015.04.02 13:21:18.521,0.95343,0.95367,1.00,1.00
2015.04.02 13:21:19.024,0.9534,0.95366,1.15,1.00
2015.04.02 13:21:19.638,0.9534,0.95367,1.15,1.00
2015.04.02 13:21:21.212,0.95345,0.95367,1.00,1.00
2015.04.02 13:21:21.754,0.95343,0.95366,1.10,1.00
2015.04.02 13:21:23.214,0.95341,0.95366,1.00,1.00
2015.04.02 13:21:23.465,0.95337,0.95365,1.00,1.00
2015.04.02 13:21:23.516,0.95333,0.95362,1.15,1.00
2015.04.02 13:21:23.819,0.95336,0.95365,1.15,1.17
2015.04.02 13:21:24.523,0.95334,0.95362,2.32,1.00
2015.04.02 13:21:24.574,0.95333,0.95362,1.15,1.10
2015.04.02 13:21:25.278,0.95332,0.95364,1.17,3.07
2015.04.02 13:21:25.581,0.95333,0.95366,1.15,2.32
2015.04.02 13:21:29.886,0.95329,0.9536,3.45,1.15
2015.04.02 13:21:29.987,0.95329,0.9536,1.17,3.07
2015.04.02 13:21:30.292,0.95323,0.95356,3.07,1.15
2015.04.02 13:21:32.163,0.95323,0.95355,2.32,1.15
2015.04.02 13:21:32.214,0.95319,0.9535,4.50,1.00
2015.04.02 13:21:32.315,0.95318,0.95351,1.27,1.15
2015.04.02 13:21:32.818,0.95317,0.95346,2.32,1.00
2015.04.02 13:21:35.344,0.95317,0.9535,3.07,1.15
2015.04.02 13:21:35.717,0.9532,0.95351,3.07,1.15
2015.04.02 13:21:36.220,0.95319,0.95351,1.15,2.32
2015.04.02 13:21:37.824,0.95314,0.95348,2.32,1.15
2015.04.02 13:21:37.925,0.95312,0.95346,3.82,2.32
2015.04.02 13:21:38.587,0.95312,0.95348,1.17,1.15
2015.04.02 13:21:40.602,0.95313,0.9535,2.70,1.00
2015.04.02 13:21:41.136,0.95319,0.9535,1.00,1.00
2015.04.02 13:21:42.209,0.95319,0.95351,1.00,1.57
2015.04.02 13:21:43.767,0.95321,0.95353,1.00,1.17
2015.04.02 13:21:44.220,0.95321,0.95355,1.15,1.00
2015.04.02 13:21:44.770,0.95323,0.95355,1.00,1.00
2015.04.02 13:21:45.875,0.95321,0.95355,1.15,1.00
2015.04.02 13:21:45.976,0.95318,0.95353,1.15,1.00
2015.04.02 13:21:46.026,0.95318,0.95353,1.10,1.10
2015.04.02 13:21:46.127,0.95318,0.95351,1.10,1.00
2015.04.02 13:21:46.828,0.95316,0.95351,1.10,1.65
2015.04.02 13:21:47.531,0.95313,0.95346,1.15,1.00
2015.04.02 13:21:47.829,0.95305,0.95339,1.17,1.00
2015.04.02 13:21:48.134,0.95309,0.9534,1.00,1.10
2015.04.02 13:21:48.685,0.95309,0.95339,1.00,1.00
2015.04.02 13:21:49.187,0.95309,0.95342,1.00,1.17
2015.04.02 13:21:49.823,0.9531,0.95343,1.00,1.15
2015.04.02 13:21:52.234,0.95305,0.95339,1.17,1.00
2015.04.02 13:21:52.285,0.95305,0.95336,1.17,1.00
2015.04.02 13:21:52.394,0.95305,0.95338,1.17,1.00
2015.04.02 13:21:52.549,0.95308,0.9534,1.12,1.10
2015.04.02 13:21:52.701,0.95314,0.95341,1.00,1.07
2015.04.02 13:21:52.852,0.95314,0.95346,1.00,1.15
2015.04.02 13:21:52.902,0.95317,0.95349,1.00,5.25
2015.04.02 13:21:53.204,0.95319,0.95351,1.15,1.15
2015.04.02 13:21:55.919,0.95321,0.95351,1.52,1.15
2015.04.02 13:21:56.221,0.95327,0.95361,1.27,1.15
2015.04.02 13:21:56.523,0.95331,0.95361,1.52,1.17
2015.04.02 13:21:56.624,0.95332,0.95361,1.37,1.00
2015.04.02 13:21:57.150,0.95331,0.95361,1.37,1.00
2015.04.02 13:21:57.721,0.95331,0.95361,1.37,1.00
2015.04.02 13:21:58.424,0.9533,0.95361,1.57,1.00
2015.04.02 13:21:58.927,0.9533,0.95363,1.20,1.00
2015.04.02 13:21:59.934,0.95333,0.95366,1.00,1.15
2015.04.02 13:22:00.135,0.95329,0.95363,1.27,1.00
2015.04.02 13:22:00.638,0.95328,0.95362,1.27,1.00
2015.04.02 13:22:01.159,0.95332,0.95366,1.00,1.15
2015.04.02 13:22:01.621,0.95335,0.95367,1.00,1.65
2015.04.02 13:22:02.475,0.95333,0.95366,1.00,1.15
2015.04.02 13:22:03.908,0.9533,0.95362,1.20,1.00
2015.04.02 13:22:04.455,0.95329,0.95363,1.15,1.00
2015.04.02 13:22:04.958,0.95329,0.95362,1.15,1.00
2015.04.02 13:22:06.012,0.95332,0.95363,1.00,1.00
2015.04.02 13:22:06.365,0.95331,0.95361,1.00,1.00
2015.04.02 13:22:06.868,0.9533,0.95361,1.20,1.00
2015.04.02 13:22:07.373,0.9533,0.95362,1.20,1.00
2015.04.02 13:22:07.819,0.95335,0.95361,1.00,1.00
2015.04.02 13:22:07.869,0.95332,0.95361,1.00,1.00
2015.04.02 13:22:07.970,0.95336,0.95361,1.00,1.00
2015.04.02 13:22:08.021,0.95336,0.95367,1.00,1.65
2015.04.02 13:22:08.177,0.95337,0.95367,1.00,1.00
2015.04.02 13:22:08.529,0.95334,0.95366,1.17,1.00
2015.04.02 13:22:08.831,0.95337,0.95369,1.00,1.17
2015.04.02 13:22:09.138,0.95337,0.95366,1.00,1.00
2015.04.02 13:22:09.340,0.95337,0.9537,1.00,1.15
2015.04.02 13:22:10.803,0.95334,0.95369,1.17,1.17
2015.04.02 13:22:10.904,0.95334,0.95366,1.17,1.00
2015.04.02 13:22:11.609,0.95336,0.95366,1.00,1.00
2015.04.02 13:22:12.963,0.95336,0.95369,1.00,1.17
2015.04.02 13:22:13.665,0.95337,0.9537,1.15,1.15
2015.04.02 13:22:15.071,0.95335,0.95369,1.15,5.25
2015.04.02 13:22:15.373,0.95331,0.95364,1.15,1.15
2015.04.02 13:22:21.320,0.95327,0.9535,2.32,1.00
2015.04.02 13:22:21.371,0.95327,0.95352,2.32,1.00
2015.04.02 13:22:21.472,0.9532,0.95352,2.32,1.10
2015.04.02 13:22:21.522,0.95323,0.95349,1.00,1.15
2015.04.02 13:22:21.623,0.95318,0.95349,1.10,1.00
2015.04.02 13:22:22.026,0.95314,0.95348,1.10,1.07
2015.04.02 13:22:22.177,0.95314,0.95345,1.10,1.00
2015.04.02 13:22:22.579,0.95315,0.95347,1.00,1.10
2015.04.02 13:22:22.630,0.95315,0.95347,1.15,1.00
2015.04.02 13:22:23.133,0.95317,0.95346,1.17,1.00
2015.04.02 13:22:23.435,0.9532,0.95346,1.00,1.00
2015.04.02 13:22:23.536,0.9532,0.95352,1.00,1.15
2015.04.02 13:22:23.687,0.95322,0.95352,1.00,1.15
2015.04.02 13:22:24.190,0.9532,0.95351,1.00,1.10
2015.04.02 13:22:24.702,0.95319,0.95351,1.00,1.57
2015.04.02 13:22:25.003,0.95316,0.95349,1.10,1.00
2015.04.02 13:22:28.420,0.95316,0.95349,1.47,1.00
2015.04.02 13:22:28.767,0.95315,0.95347,1.55,1.00
2015.04.02 13:22:28.868,0.95319,0.95352,1.00,1.17
2015.04.02 13:22:29.324,0.95316,0.9535,1.10,1.00
2015.04.02 13:22:30.429,0.95318,0.9535,1.00,1.00
2015.04.02 13:22:32.184,0.95318,0.95352,1.00,1.65
2015.04.02 13:22:34.013,0.9532,0.95351,1.00,1.10
2015.04.02 13:22:34.903,0.95319,0.95351,1.00,1.10
2015.04.02 13:22:35.432,0.95318,0.9535,1.00,1.00
2015.04.02 13:22:35.695,0.95315,0.95349,1.17,1.00
2015.04.02 13:22:36.140,0.95318,0.95351,1.00,1.57
2015.04.02 13:22:36.649,0.95319,0.95351,1.00,1.10
2015.04.02 13:22:37.351,0.95318,0.9535,1.00,1.00
2015.04.02 13:22:37.903,0.95313,0.95346,1.65,1.00
2015.04.02 13:22:38.105,0.95315,0.9535,1.17,1.00
2015.04.02 13:22:38.208,0.9532,0.95351,1.00,1.57
2015.04.02 13:22:38.459,0.95321,0.95355,1.10,1.07
2015.04.02 13:22:38.661,0.95326,0.95356,1.00,1.17
2015.04.02 13:22:38.762,0.95323,0.95356,1.27,1.00
2015.04.02 13:22:39.064,0.9532,0.95351,3.07,1.00
2015.04.02 13:22:39.844,0.9532,0.95352,3.07,1.00
2015.04.02 13:22:40.818,0.9532,0.95351,2.32,1.00
2015.04.02 13:22:41.353,0.95323,0.95352,1.15,1.00
2015.04.02 13:22:42.374,0.95319,0.95346,1.00,1.00
2015.04.02 13:22:42.675,0.9531,0.95336,1.45,1.00
2015.04.02 13:22:42.726,0.95306,0.95336,1.65,1.00
2015.04.02 13:22:42.877,0.95308,0.95336,1.17,1.00
2015.04.02 13:22:43.129,0.95306,0.95339,3.07,1.17
2015.04.02 13:22:44.312,0.95306,0.95336,3.07,1.00
2015.04.02 13:22:45.533,0.95306,0.95339,3.07,1.17
2015.04.02 13:22:50.353,0.95309,0.95339,1.15,2.32
2015.04.02 13:22:50.554,0.95303,0.95336,1.27,3.07
2015.04.02 13:22:57.368,0.95304,0.95331,2.32,1.00
2015.04.02 13:22:57.671,0.9531,0.95337,5.25,1.00
2015.04.02 13:22:58.174,0.9531,0.95336,2.32,1.10
2015.04.02 13:22:58.275,0.95309,0.95336,1.15,1.10
2015.04.02 13:22:58.627,0.95307,0.95332,2.32,1.00
2015.04.02 13:22:59.822,0.95307,0.95336,3.07,1.10
2015.04.02 13:22:59.873,0.95305,0.95336,3.07,1.07
2015.04.02 13:23:00.183,0.95305,0.95331,1.15,1.10
2015.04.02 13:23:00.586,0.95301,0.95331,3.07,1.07
2015.04.02 13:23:00.687,0.95301,0.95331,1.17,1.15
2015.04.02 13:23:01.891,0.95303,0.95332,2.25,1.07
2015.04.02 13:23:02.228,0.9531,0.95332,2.25,1.00
2015.04.02 13:23:02.279,0.95309,0.95338,1.00,2.32
2015.04.02 13:23:02.379,0.95308,0.95338,1.57,2.32
2015.04.02 13:23:02.492,0.95308,0.9534,1.65,1.15
2015.04.02 13:23:02.593,0.95309,0.95342,1.15,3.07
2015.04.02 13:23:02.895,0.95308,0.9534,1.15,2.32
2015.04.02 13:23:06.693,0.95314,0.95342,1.17,1.15
2015.04.02 13:23:07.011,0.95317,0.95341,1.17,1.00
2015.04.02 13:23:07.565,0.95315,0.95347,1.15,1.15
2015.04.02 13:23:07.666,0.95316,0.95347,2.32,1.07
2015.04.02 13:23:07.717,0.9532,0.95351,1.15,1.65
2015.04.02 13:23:07.767,0.9532,0.95351,1.15,1.65
2015.04.02 13:23:07.818,0.9532,0.95351,1.15,1.15
2015.04.02 13:23:08.484,0.95319,0.95346,2.32,1.00
2015.04.02 13:23:08.535,0.95316,0.95346,2.32,1.00
2015.04.02 13:23:08.686,0.9532,0.95346,2.32,1.00
2015.04.02 13:23:08.888,0.95324,0.95358,1.15,1.15
2015.04.02 13:23:09.089,0.95326,0.95351,2.32,1.00
2015.04.02 13:23:09.392,0.95326,0.95346,1.15,1.00
2015.04.02 13:23:09.644,0.95324,0.95352,3.07,1.00
2015.04.02 13:23:12.143,0.95323,0.95357,1.27,1.00
2015.04.02 13:23:12.394,0.95326,0.95357,1.17,1.00
2015.04.02 13:23:12.938,0.95329,0.95357,1.17,1.00
2015.04.02 13:23:13.039,0.9533,0.95361,1.10,1.00
2015.04.02 13:23:13.571,0.95331,0.95361,1.00,1.00
2015.04.02 13:23:13.892,0.95327,0.95361,1.07,1.07
2015.04.02 13:23:13.942,0.95327,0.95358,1.00,1.10
2015.04.02 13:23:14.307,0.95331,0.95365,1.00,1.52
2015.04.02 13:23:14.358,0.95335,0.95366,1.00,1.52
2015.04.02 13:23:14.409,0.95331,0.95363,1.00,1.20
2015.04.02 13:23:14.510,0.95333,0.95366,1.00,1.65
2015.04.02 13:23:15.404,0.95331,0.95363,1.00,1.10
2015.04.02 13:23:15.919,0.9533,0.95362,1.10,1.00
2015.04.02 13:23:16.422,0.95331,0.95364,1.00,1.17
2015.04.02 13:23:16.953,0.95331,0.95362,1.00,1.00
2015.04.02 13:23:17.741,0.95331,0.95364,1.00,1.17
2015.04.02 13:23:18.257,0.9533,0.95364,1.10,1.17
2015.04.02 13:23:18.586,0.9533,0.95361,1.10,1.00
2015.04.02 13:23:20.165,0.9533,0.95362,1.10,1.50
2015.04.02 13:23:20.786,0.95331,0.95363,1.00,1.10
2015.04.02 13:23:21.088,0.95336,0.95367,1.00,1.15
2015.04.02 13:23:21.340,0.95334,0.9537,1.00,1.15
2015.04.02 13:23:21.390,0.95334,0.95369,1.00,2.32
2015.04.02 13:23:21.693,0.95334,0.95361,1.00,1.00
2015.04.02 13:23:22.246,0.95334,0.95361,1.07,1.00
2015.04.02 13:23:22.750,0.95336,0.95361,1.00,1.00
2015.04.02 13:23:23.052,0.95339,0.95361,1.10,1.00
2015.04.02 13:23:23.102,0.95339,0.95372,1.10,1.07
2015.04.02 13:23:23.203,0.95333,0.95368,1.15,1.00
2015.04.02 13:23:23.354,0.95333,0.95356,1.15,1.00
2015.04.02 13:23:23.857,0.95334,0.95357,1.17,1.00
2015.04.02 13:23:23.908,0.95334,0.95362,1.17,1.00
2015.04.02 13:23:24.009,0.9533,0.95362,1.15,1.00
2015.04.02 13:23:24.361,0.9533,0.95361,1.00,1.00
2015.04.02 13:23:24.891,0.95329,0.95361,1.00,1.00
2015.04.02 13:23:24.991,0.95327,0.95361,1.10,1.00
2015.04.02 13:23:25.493,0.95328,0.95361,1.00,1.00
2015.04.02 13:23:25.745,0.95326,0.95359,1.17,1.00
2015.04.02 13:23:26.065,0.95325,0.95352,1.15,1.00
2015.04.02 13:23:26.317,0.95328,0.95363,1.00,1.17
2015.04.02 13:23:26.368,0.95331,0.95365,1.00,1.15
2015.04.02 13:23:26.519,0.95333,0.95366,1.00,1.57
2015.04.02 13:23:26.921,0.95335,0.95366,1.00,1.07
2015.04.02 13:23:27.601,0.95337,0.9537,1.00,2.32
2015.04.02 13:23:27.651,0.95337,0.95371,1.00,1.15
2015.04.02 13:23:27.752,0.95338,0.95372,1.00,1.65
2015.04.02 13:23:27.903,0.9534,0.95374,1.00,3.07
2015.04.02 13:23:28.255,0.95338,0.95374,1.00,3.07
2015.04.02 13:23:28.759,0.95337,0.95371,1.00,1.65
2015.04.02 13:23:29.061,0.95338,0.95366,1.00,1.00
2015.04.02 13:23:29.263,0.95334,0.95366,1.15,1.00
2015.04.02 13:23:29.364,0.95334,0.95364,1.00,1.10
2015.04.02 13:23:29.666,0.95329,0.9536,1.15,1.00
2015.04.02 13:23:29.968,0.95327,0.95351,1.15,1.00
2015.04.02 13:23:30.371,0.95333,0.95361,1.00,1.00
2015.04.02 13:23:30.472,0.95334,0.95361,1.07,1.00
2015.04.02 13:23:30.874,0.95338,0.95361,1.00,1.00
2015.04.02 13:23:31.136,0.95338,0.95366,1.17,1.00
2015.04.02 13:23:31.186,0.95344,0.95366,1.00,1.00
2015.04.02 13:23:31.689,0.95343,0.95367,1.00,1.00
2015.04.02 13:23:32.193,0.95343,0.95366,1.17,1.00
2015.04.02 13:23:32.698,0.95345,0.95367,1.00,1.00
2015.04.02 13:23:33.000,0.9534,0.95367,1.10,1.00
2015.04.02 13:23:33.352,0.95339,0.95362,1.00,1.00
2015.04.02 13:23:33.403,0.95332,0.95362,3.82,1.00
2015.04.02 13:23:33.504,0.95332,0.95362,1.10,1.00
2015.04.02 13:23:33.554,0.95332,0.95363,1.15,1.15
2015.04.02 13:23:33.856,0.95337,0.95367,2.32,1.17
2015.04.02 13:23:34.979,0.95333,0.95362,2.32,1.10
2015.04.02 13:23:35.281,0.95336,0.95362,3.07,1.00
2015.04.02 13:23:35.432,0.95336,0.9537,3.07,1.15
2015.04.02 13:23:40.505,0.95335,0.95367,1.15,1.15
2015.04.02 13:23:41.803,0.95336,0.95368,1.15,1.15
2015.04.02 13:23:42.356,0.95344,0.95371,1.00,4.50
2015.04.02 13:23:42.406,0.95344,0.95373,1.10,2.32
2015.04.02 13:23:42.507,0.95343,0.95376,3.07,1.15
2015.04.02 13:23:42.709,0.95347,0.95376,1.15,1.10
2015.04.02 13:23:44.376,0.95347,0.95376,1.17,1.15
2015.04.02 13:23:45.332,0.95344,0.95371,1.15,1.00
2015.04.02 13:23:45.986,0.95346,0.95371,3.07,1.00
2015.04.02 13:23:46.087,0.95346,0.95376,3.07,1.10
2015.04.02 13:23:46.338,0.95346,0.95372,3.07,1.00
2015.04.02 13:23:46.483,0.95346,0.95372,1.15,1.10
2015.04.02 13:23:46.584,0.95341,0.95367,1.00,2.32
2015.04.02 13:23:46.635,0.95337,0.95367,1.00,3.07
2015.04.02 13:23:47.104,0.95337,0.95361,2.32,1.00
2015.04.02 13:23:47.155,0.95337,0.95366,2.32,1.57
2015.04.02 13:23:47.205,0.95334,0.95366,3.07,1.65
2015.04.02 13:23:47.507,0.95335,0.95361,1.15,1.00
2015.04.02 13:23:48.490,0.95335,0.95362,1.15,1.00
2015.04.02 13:23:49.033,0.95331,0.95364,2.32,1.15
2015.04.02 13:23:49.586,0.95332,0.95362,1.15,1.07
2015.04.02 13:23:51.807,0.95326,0.95359,2.32,1.15
2015.04.02 13:23:53.612,0.95323,0.95357,3.45,2.32
2015.04.02 13:23:54.423,0.95323,0.95351,2.32,1.00
2015.04.02 13:23:54.624,0.9532,0.95354,3.07,3.07
2015.04.02 13:23:54.725,0.95317,0.9535,2.32,1.15
2015.04.02 13:23:55.228,0.95317,0.95346,3.07,1.00
2015.04.02 13:23:57.634,0.95316,0.95346,1.15,1.15
2015.04.02 13:23:58.105,0.95317,0.95346,3.07,1.17
2015.04.02 13:23:58.155,0.95317,0.95346,3.07,1.10
2015.04.02 13:24:02.111,0.95317,0.95345,2.32,1.00
2015.04.02 13:24:02.632,0.95317,0.95346,2.32,1.10
2015.04.02 13:24:02.733,0.9532,0.95349,2.32,1.10
2015.04.02 13:24:03.537,0.95318,0.95349,1.15,1.17
2015.04.02 13:24:03.851,0.95316,0.95346,2.32,1.00
2015.04.02 13:24:05.137,0.95316,0.95346,1.15,1.15
2015.04.02 13:24:05.637,0.95312,0.95345,3.45,1.15
2015.04.02 13:24:06.424,0.95315,0.95346,1.15,1.65
2015.04.02 13:24:06.475,0.95315,0.95346,1.15,1.65
2015.04.02 13:24:06.626,0.95318,0.95347,2.32,1.10
2015.04.02 13:24:06.942,0.95317,0.95347,1.27,1.15
2015.04.02 13:24:08.434,0.95318,0.95347,2.32,1.10
2015.04.02 13:24:12.464,0.95324,0.95354,3.07,1.10
2015.04.02 13:24:12.666,0.95326,0.95354,2.32,1.00
2015.04.02 13:24:12.716,0.95326,0.9536,3.45,1.65
2015.04.02 13:24:12.867,0.9533,0.95364,1.15,1.15
2015.04.02 13:24:13.169,0.95334,0.95366,1.15,1.15
2015.04.02 13:24:14.091,0.95332,0.95362,3.07,1.00
2015.04.02 13:24:14.393,0.9533,0.95362,1.15,1.15
2015.04.02 13:24:14.544,0.95331,0.95362,1.15,1.10
2015.04.02 13:24:14.645,0.95331,0.95361,1.15,1.15
2015.04.02 13:24:14.947,0.95324,0.95355,1.15,1.15
2015.04.02 13:24:15.461,0.95322,0.95355,2.32,1.17
2015.04.02 13:24:15.975,0.95328,0.95359,1.07,2.32
2015.04.02 13:24:16.277,0.95329,0.95361,1.15,3.07
2015.04.02 13:24:17.650,0.95327,0.95355,2.32,1.00
2015.04.02 13:24:17.750,0.95324,0.95355,3.07,1.17
2015.04.02 13:24:21.501,0.95324,0.95353,2.32,1.00
2015.04.02 13:24:21.602,0.95321,0.95353,3.07,1.15
2015.04.02 13:24:22.285,0.95319,0.95351,1.15,1.15
2015.04.02 13:24:29.322,0.95316,0.95348,1.15,1.15
2015.04.02 13:24:29.423,0.95318,0.9535,2.32,1.17
2015.04.02 13:24:29.736,0.95317,0.9535,1.15,2.32
2015.04.02 13:24:31.606,0.95322,0.9535,1.00,2.32
2015.04.02 13:24:31.916,0.95323,0.95355,1.15,2.32
2015.04.02 13:24:35.107,0.95321,0.95347,3.07,1.00
2015.04.02 13:24:35.339,0.95322,0.95352,1.15,1.15
2015.04.02 13:24:36.653,0.95328,0.95355,1.00,2.32
2015.04.02 13:24:36.754,0.95328,0.95356,1.17,1.17
2015.04.02 13:24:39.215,0.95323,0.95355,1.15,1.15
2015.04.02 13:24:39.320,0.95323,0.95346,1.15,1.00
2015.04.02 13:24:39.840,0.95323,0.95347,1.15,1.00
2015.04.02 13:24:40.826,0.95323,0.95346,1.15,1.00
2015.04.02 13:24:40.927,0.95323,0.95346,1.15,1.00
2015.04.02 13:24:41.831,0.95321,0.95347,1.15,1.00
2015.04.02 13:24:43.589,0.9532,0.95346,2.32,1.00
2015.04.02 13:24:44.586,0.9532,0.95351,2.32,1.65
2015.04.02 13:24:45.871,0.9532,0.95347,2.32,1.00
2015.04.02 13:24:45.972,0.95318,0.95347,1.27,1.07
2015.04.02 13:24:47.358,0.95314,0.95346,3.82,1.15
2015.04.02 13:24:48.466,0.95314,0.95344,1.15,1.15
2015.04.02 13:24:50.655,0.95315,0.95342,1.15,1.00
2015.04.02 13:24:51.158,0.95316,0.95341,1.15,1.00
2015.04.02 13:24:53.287,0.9532,0.95341,1.00,1.00
2015.04.02 13:24:53.831,0.9532,0.95342,1.00,1.00
2015.04.02 13:24:54.050,0.9532,0.95351,1.00,6.00
2015.04.02 13:24:54.239,0.9532,0.95351,1.07,2.32
2015.04.02 13:24:54.541,0.9532,0.95351,1.15,1.15
2015.04.02 13:24:54.843,0.95327,0.95352,1.10,1.17
2015.04.02 13:24:55.145,0.95327,0.95351,1.15,1.00
2015.04.02 13:24:55.847,0.95327,0.95352,1.15,1.00
2015.04.02 13:24:55.948,0.95321,0.95352,2.32,1.07
2015.04.02 13:24:56.452,0.95339,0.95351,1.00,1.00
2015.04.02 13:24:56.699,0.95344,0.95366,1.10,1.00
2015.04.02 13:24:56.802,0.95343,0.95371,1.07,1.15
2015.04.02 13:24:57.342,0.95345,0.95372,1.00,1.15
2015.04.02 13:24:57.857,0.95343,0.95371,1.00,5.25
2015.04.02 13:24:57.908,0.95338,0.95371,1.15,6.00
2015.04.02 13:24:58.059,0.95335,0.95366,1.15,1.15
2015.04.02 13:24:58.160,0.95335,0.95365,1.10,2.32
2015.04.02 13:25:00.468,0.9533,0.95361,1.17,2.32
2015.04.02 13:25:00.773,0.95327,0.95358,1.17,3.07
2015.04.02 13:25:01.276,0.95329,0.95356,1.00,1.15
2015.04.02 13:25:01.891,0.95329,0.95356,1.15,1.00
2015.04.02 13:25:02.495,0.95328,0.95356,1.20,1.15
2015.04.02 13:25:02.596,0.95324,0.95355,1.17,3.07
2015.04.02 13:25:04.299,0.95324,0.95356,3.07,1.15
2015.04.02 13:25:05.986,0.95332,0.95356,2.32,1.00
2015.04.02 13:25:06.087,0.95344,0.95371,1.17,1.37
2015.04.02 13:25:06.188,0.95345,0.95368,1.15,1.00
2015.04.02 13:25:06.239,0.95345,0.95371,1.15,1.00
2015.04.02 13:25:08.792,0.95346,0.95377,1.15,1.15
2015.04.02 13:25:08.902,0.95341,0.95375,1.15,3.07
2015.04.02 13:25:09.204,0.9534,0.95366,1.15,1.00
2015.04.02 13:25:09.816,0.95333,0.95362,1.15,1.17
2015.04.02 13:25:10.912,0.95335,0.95362,2.32,1.00
2015.04.02 13:25:11.114,0.95335,0.95366,3.07,1.15
2015.04.02 13:25:12.749,0.95341,0.95366,1.00,1.15
2015.04.02 13:25:12.800,0.95341,0.95366,1.17,1.00
2015.04.02 13:25:13.102,0.95347,0.95371,3.07,1.00
2015.04.02 13:25:13.303,0.95348,0.95377,1.15,1.07
2015.04.02 13:25:14.488,0.95347,0.95377,2.32,1.15
2015.04.02 13:25:14.589,0.95344,0.95377,1.15,1.15
2015.04.02 13:25:16.602,0.95344,0.95371,1.15,1.00
2015.04.02 13:25:17.484,0.95347,0.95371,1.15,1.00
2015.04.02 13:25:17.636,0.95347,0.95381,3.07,3.82
2015.04.02 13:25:18.400,0.95347,0.95379,1.15,2.32
2015.04.02 13:25:21.961,0.95351,0.9538,1.10,2.32
2015.04.02 13:25:22.011,0.95351,0.95381,1.10,1.15
2015.04.02 13:25:23.656,0.95348,0.95378,1.15,2.32
2015.04.02 13:25:23.908,0.95358,0.95388,1.07,2.32
2015.04.02 13:25:23.959,0.95358,0.9539,1.07,2.32
2015.04.02 13:25:24.059,0.9536,0.95392,1.20,4.50
2015.04.02 13:25:24.266,0.95357,0.95387,1.15,2.32
2015.04.02 13:25:24.316,0.95357,0.95387,1.07,2.32
2015.04.02 13:25:24.367,0.95356,0.95389,3.07,3.07
2015.04.02 13:25:24.878,0.95356,0.95389,1.15,2.32
2015.04.02 13:25:24.928,0.95356,0.95389,1.15,4.50
2015.04.02 13:25:26.342,0.9536,0.95389,2.25,2.32
2015.04.02 13:25:26.544,0.95357,0.9539,1.15,4.50
2015.04.02 13:25:26.745,0.95354,0.95394,1.15,1.65
2015.04.02 13:25:27.097,0.95357,0.95387,1.00,1.00
2015.04.02 13:25:27.299,0.95354,0.95391,1.15,1.10
2015.04.02 13:25:29.093,0.95354,0.95389,1.15,1.00
2015.04.02 13:25:29.396,0.95354,0.9538,1.00,1.00
2015.04.02 13:25:29.598,0.95344,0.95375,1.65,1.00
2015.04.02 13:25:29.649,0.95344,0.95377,1.07,1.00
2015.04.02 13:25:29.754,0.95344,0.95378,1.50,1.00
2015.04.02 13:25:29.905,0.95343,0.95381,1.00,1.65
2015.04.02 13:25:30.426,0.95343,0.95379,1.50,1.00
2015.04.02 13:25:31.009,0.95343,0.9538,1.00,1.10
2015.04.02 13:25:32.615,0.95341,0.9538,2.02,1.10
2015.04.02 13:25:32.968,0.95341,0.95378,1.55,1.00
2015.04.02 13:25:33.269,0.95339,0.95376,1.65,1.00
2015.04.02 13:25:35.691,0.95339,0.95378,1.15,1.00
2015.04.02 13:25:37.011,0.9534,0.95379,1.15,1.00
2015.04.02 13:25:37.263,0.95342,0.95376,1.00,1.07
2015.04.02 13:25:37.364,0.9534,0.95375,1.00,1.10
2015.04.02 13:25:37.464,0.95341,0.95377,1.07,1.07
2015.04.02 13:25:37.981,0.95343,0.95376,1.00,1.50
2015.04.02 13:25:38.284,0.9534,0.95371,1.15,1.00
2015.04.02 13:25:38.644,0.95341,0.95374,1.15,1.00
2015.04.02 13:25:38.795,0.95339,0.95372,1.07,1.00
2015.04.02 13:25:38.846,0.95339,0.95372,1.00,1.00
2015.04.02 13:25:39.047,0.95336,0.95366,1.15,1.00
2015.04.02 13:25:39.449,0.9534,0.95366,1.00,1.00
2015.04.02 13:25:39.811,0.95343,0.95366,1.00,1.00
2015.04.02 13:25:40.120,0.9534,0.95366,1.00,1.00
2015.04.02 13:25:40.622,0.95339,0.95366,1.00,1.00
2015.04.02 13:25:41.147,0.95338,0.95367,1.00,1.00
2015.04.02 13:25:41.348,0.95336,0.95367,1.10,1.00
2015.04.02 13:25:41.613,0.95338,0.9537,1.00,1.00
2015.04.02 13:25:41.664,0.95338,0.95368,1.00,1.00
2015.04.02 13:25:41.961,0.95338,0.95371,1.07,1.00
2015.04.02 13:25:42.213,0.95345,0.95376,1.00,1.00
2015.04.02 13:25:42.522,0.95344,0.95377,1.65,1.15
2015.04.02 13:25:43.779,0.95344,0.95371,1.15,1.00
2015.04.02 13:25:45.185,0.95344,0.95371,1.15,1.07
2015.04.02 13:25:45.487,0.95338,0.9537,1.15,1.15
2015.04.02 13:25:52.680,0.95341,0.95372,1.17,3.82
2015.04.02 13:25:52.781,0.95341,0.95372,1.15,1.15
2015.04.02 13:25:53.341,0.95341,0.95367,1.15,1.00
2015.04.02 13:25:53.885,0.95341,0.95366,1.15,1.00
2015.04.02 13:25:54.387,0.95341,0.95367,1.15,1.00
2015.04.02 13:25:55.141,0.9534,0.95366,2.32,1.00
2015.04.02 13:25:56.352,0.9534,0.95372,2.32,1.15
2015.04.02 13:25:56.402,0.95344,0.95372,2.32,1.07
2015.04.02 13:25:56.705,0.95344,0.95366,2.32,1.00
2015.04.02 13:25:58.527,0.95343,0.95366,3.07,1.00
2015.04.02 13:25:58.577,0.95341,0.95366,1.15,1.00
2015.04.02 13:25:58.980,0.95341,0.95366,1.15,1.00
2015.04.02 13:25:59.081,0.9534,0.95362,1.15,1.00
2015.04.02 13:25:59.291,0.95338,0.95366,2.32,1.00
2015.04.02 13:25:59.493,0.95336,0.95366,1.15,1.17
2015.04.02 13:25:59.644,0.95335,0.95362,3.07,1.00
2015.04.02 13:26:00.012,0.95333,0.95361,3.07,1.00
2015.04.02 13:26:00.615,0.95333,0.95362,2.70,1.10
2015.04.02 13:26:01.169,0.95333,0.95361,2.70,1.00
2015.04.02 13:26:01.321,0.95331,0.95361,2.32,1.07
2015.04.02 13:26:01.372,0.9533,0.95361,1.15,1.15
2015.04.02 13:26:01.724,0.95333,0.95365,2.32,2.32
2015.04.02 13:26:01.774,0.95334,0.95367,1.15,3.07
2015.04.02 13:26:01.825,0.95339,0.95368,1.07,2.32
2015.04.02 13:26:01.875,0.95339,0.9537,1.07,2.32
2015.04.02 13:26:01.926,0.95339,0.95371,1.07,1.15
2015.04.02 13:26:01.976,0.95339,0.95371,1.15,1.15
2015.04.02 13:26:02.228,0.95337,0.9537,2.32,1.17
2015.04.02 13:26:02.278,0.95336,0.9537,1.15,1.15
2015.04.02 13:26:03.245,0.95339,0.95372,3.07,3.82
2015.04.02 13:26:03.296,0.95339,0.95372,3.07,1.65
2015.04.02 13:26:04.238,0.95338,0.95369,2.32,1.07
2015.04.02 13:26:04.741,0.95337,0.95368,2.32,1.17
2015.04.02 13:26:04.993,0.95334,0.95366,3.07,1.17
2015.04.02 13:26:07.863,0.9534,0.95371,2.25,3.07
2015.04.02 13:26:07.913,0.9534,0.95371,2.32,1.65
2015.04.02 13:26:08.064,0.95339,0.95371,2.32,1.17
2015.04.02 13:26:08.115,0.95337,0.95371,1.15,1.15
2015.04.02 13:26:08.266,0.95335,0.95369,2.32,1.17
2015.04.02 13:26:08.518,0.95331,0.95362,4.50,1.20
2015.04.02 13:26:10.230,0.95331,0.95361,4.50,1.00
2015.04.02 13:26:10.748,0.95332,0.95362,3.07,1.07
2015.04.02 13:26:16.562,0.95334,0.95367,3.07,1.15
2015.04.02 13:26:16.970,0.95337,0.95371,3.07,5.25
2015.04.02 13:26:23.188,0.95341,0.95371,2.32,1.15
2015.04.02 13:26:23.239,0.95341,0.95371,2.32,1.07
2015.04.02 13:26:24.757,0.95339,0.95371,3.07,1.57
2015.04.02 13:26:25.295,0.95339,0.95371,1.15,1.15
2015.04.02 13:26:26.099,0.95355,0.95372,2.25,1.07
2015.04.02 13:26:26.149,0.95355,0.95381,2.32,1.00
2015.04.02 13:26:26.250,0.95357,0.95387,1.17,3.07
2015.04.02 13:26:26.300,0.95356,0.95387,3.07,1.15
2015.04.02 13:26:26.351,0.95356,0.9539,3.07,2.32
2015.04.02 13:26:26.401,0.95354,0.95386,3.07,2.25
2015.04.02 13:26:26.452,0.95354,0.95386,1.15,2.32
2015.04.02 13:26:26.704,0.9535,0.95382,2.32,1.07
2015.04.02 13:26:26.754,0.95348,0.9538,4.50,1.15
2015.04.02 13:26:27.408,0.95348,0.95375,4.50,1.00
2015.04.02 13:26:27.559,0.95345,0.95375,2.32,1.17
2015.04.02 13:26:27.710,0.95349,0.9538,2.32,3.07
2015.04.02 13:26:27.761,0.95354,0.95381,1.10,1.15
2015.04.02 13:26:27.811,0.95354,0.95385,3.00,2.25
2015.04.02 13:26:27.862,0.95355,0.95386,1.15,1.57
2015.04.02 13:26:27.912,0.95355,0.95382,1.15,1.00
2015.04.02 13:26:28.114,0.95355,0.95386,1.15,1.10
2015.04.02 13:26:28.215,0.95353,0.95386,3.07,1.07
2015.04.02 13:26:28.718,0.95354,0.95385,1.15,1.15
2015.04.02 13:26:29.020,0.9535,0.95381,1.15,1.17
2015.04.02 13:26:29.523,0.95347,0.95379,3.07,1.15
2015.04.02 13:26:30.187,0.9535,0.95382,1.15,1.15
2015.04.02 13:26:30.288,0.9535,0.95384,1.15,1.15
2015.04.02 13:26:32.154,0.9535,0.95382,1.07,3.07
2015.04.02 13:26:32.205,0.9535,0.9538,1.10,2.32
2015.04.02 13:26:32.523,0.95345,0.95378,1.15,2.32
2015.04.02 13:26:32.573,0.9535,0.95378,1.07,2.32
2015.04.02 13:26:32.624,0.9535,0.95382,1.15,1.27
2015.04.02 13:26:32.674,0.9536,0.95383,1.00,2.32
2015.04.02 13:26:32.724,0.9536,0.95386,1.00,5.25
2015.04.02 13:26:32.825,0.95359,0.95386,1.15,1.00
2015.04.02 13:26:33.328,0.9536,0.95392,1.17,3.07
2015.04.02 13:26:35.191,0.95357,0.95389,1.15,3.07
2015.04.02 13:26:35.496,0.95356,0.95387,1.07,2.32
2015.04.02 13:26:35.597,0.95353,0.95385,1.15,1.15
2015.04.02 13:26:37.191,0.95356,0.95386,1.00,1.15
2015.04.02 13:26:37.694,0.95354,0.95386,1.15,1.65
2015.04.02 13:26:38.600,0.95355,0.95383,2.32,1.07
2015.04.02 13:26:38.852,0.95361,0.95392,1.15,1.65
2015.04.02 13:26:39.003,0.95362,0.95392,3.07,1.07
2015.04.02 13:26:39.104,0.95362,0.95393,4.50,1.20
2015.04.02 13:26:39.628,0.95365,0.95394,2.32,2.32
2015.04.02 13:26:39.779,0.9536,0.95391,2.32,1.10
2015.04.02 13:26:39.830,0.95359,0.95393,2.32,3.07
2015.04.02 13:26:40.131,0.95366,0.95394,1.10,2.32
2015.04.02 13:26:40.441,0.95358,0.95384,2.25,2.25
2015.04.02 13:26:40.491,0.95358,0.95384,1.00,2.32
2015.04.02 13:26:40.592,0.95354,0.95384,1.10,2.32
2015.04.02 13:26:40.844,0.95354,0.95382,1.00,2.32
2015.04.02 13:26:40.995,0.9535,0.95382,4.50,1.65
2015.04.02 13:26:41.096,0.95349,0.95382,1.00,1.27
2015.04.02 13:26:41.146,0.9535,0.95382,1.07,1.20
2015.04.02 13:26:41.297,0.95351,0.95386,1.00,1.00
2015.04.02 13:26:41.348,0.95351,0.95381,1.00,1.00
2015.04.02 13:26:41.399,0.95349,0.95381,1.00,1.00
2015.04.02 13:26:41.550,0.95349,0.95376,1.00,1.00
2015.04.02 13:26:41.701,0.95347,0.95376,1.00,1.00
2015.04.02 13:26:41.903,0.95348,0.95381,1.00,1.00
2015.04.02 13:26:42.004,0.95346,0.95382,1.00,1.50
2015.04.02 13:26:42.155,0.95344,0.95378,1.00,1.07
2015.04.02 13:26:42.457,0.95345,0.95372,1.00,1.00
2015.04.02 13:26:42.659,0.95347,0.95377,1.00,1.00
2015.04.02 13:26:42.710,0.95345,0.95377,1.00,1.00
2015.04.02 13:26:42.861,0.95345,0.95371,1.00,1.00
2015.04.02 13:26:43.263,0.95343,0.95372,1.00,1.00
2015.04.02 13:26:43.790,0.95346,0.95372,1.00,1.00
2015.04.02 13:26:43.843,0.95346,0.95377,1.00,1.07
2015.04.02 13:26:43.944,0.95353,0.95377,1.00,1.00
2015.04.02 13:26:44.045,0.9535,0.95377,1.00,1.00
2015.04.02 13:26:44.145,0.95349,0.95381,1.20,1.50
2015.04.02 13:26:44.772,0.9535,0.95382,1.00,1.00
2015.04.02 13:26:44.923,0.95348,0.95384,1.15,1.20
2015.04.02 13:26:45.225,0.95349,0.95382,1.20,1.00
2015.04.02 13:26:45.678,0.95346,0.95384,1.65,1.20
2015.04.02 13:26:46.030,0.95347,0.95381,1.15,1.00
2015.04.02 13:26:46.533,0.95344,0.9538,5.25,1.00
2015.04.02 13:26:46.986,0.95346,0.95378,1.15,1.00
2015.04.02 13:26:47.339,0.95344,0.95378,1.15,1.00
2015.04.02 13:26:47.389,0.95343,0.95376,1.15,1.00
2015.04.02 13:26:47.970,0.95342,0.95374,1.15,1.00
2015.04.02 13:26:48.070,0.95342,0.95376,1.15,1.00
2015.04.02 13:26:48.589,0.95343,0.95377,1.15,1.00
2015.04.02 13:26:49.102,0.95345,0.95376,1.20,1.00
2015.04.02 13:26:49.153,0.95344,0.95379,1.15,1.50
2015.04.02 13:26:49.517,0.95344,0.95377,1.15,1.00
2015.04.02 13:26:49.819,0.95342,0.95375,1.15,1.00
2015.04.02 13:26:49.920,0.95345,0.95377,1.20,1.00
2015.04.02 13:26:50.172,0.95345,0.95375,1.20,1.00
2015.04.02 13:26:50.570,0.95345,0.95377,1.20,1.00
2015.04.02 13:26:50.721,0.95347,0.9538,1.00,1.20
2015.04.02 13:26:51.339,0.95345,0.95381,1.65,1.15
2015.04.02 13:26:51.690,0.95348,0.95382,1.00,1.15
2015.04.02 13:26:52.133,0.95346,0.95376,1.00,1.00
2015.04.02 13:26:52.234,0.95343,0.95374,1.10,1.00
2015.04.02 13:26:52.756,0.9534,0.95376,1.15,1.07
2015.04.02 13:26:53.659,0.95344,0.95375,1.00,1.10
2015.04.02 13:26:54.211,0.95346,0.95378,1.00,1.15
2015.04.02 13:26:54.684,0.95347,0.9538,1.00,1.07
2015.04.02 13:26:54.784,0.95348,0.95381,1.00,1.20
2015.04.02 13:26:55.741,0.95349,0.95381,1.00,1.20
2015.04.02 13:26:56.269,0.95348,0.95381,1.00,1.20
2015.04.02 13:26:56.423,0.95346,0.9538,1.20,1.00
2015.04.02 13:26:56.625,0.95349,0.95381,1.00,1.20
2015.04.02 13:26:57.078,0.95348,0.95376,1.00,1.00
2015.04.02 13:26:57.430,0.9535,0.95376,1.00,1.00
2015.04.02 13:26:58.071,0.95348,0.95376,1.00,1.00
2015.04.02 13:26:58.740,0.95347,0.95376,1.12,1.00
2015.04.02 13:26:58.841,0.95348,0.95381,1.00,1.20
2015.04.02 13:26:58.941,0.95343,0.95375,1.15,1.00
2015.04.02 13:26:59.042,0.95343,0.95375,1.00,1.00
2015.04.02 13:26:59.143,0.95344,0.95371,1.00,1.00
2015.04.02 13:27:00.062,0.95344,0.95371,1.07,1.00
2015.04.02 13:27:01.358,0.95344,0.95376,1.15,1.50
2015.04.02 13:27:01.555,0.95346,0.95379,1.07,1.00
2015.04.02 13:27:01.706,0.95354,0.95386,1.00,1.65
2015.04.02 13:27:01.756,0.95354,0.95386,1.00,1.65
2015.04.02 13:27:02.261,0.95354,0.95386,1.17,1.50
2015.04.02 13:27:02.463,0.95353,0.95384,1.15,1.00
2015.04.02 13:27:02.564,0.95354,0.95386,1.17,1.50
2015.04.02 13:27:02.866,0.95356,0.9539,1.00,1.15
2015.04.02 13:27:02.916,0.95355,0.95386,1.10,1.00
2015.04.02 13:27:03.466,0.95354,0.95387,1.17,1.00
2015.04.02 13:27:03.919,0.95354,0.95386,1.10,1.07
2015.04.02 13:27:04.120,0.95351,0.95385,1.00,1.20
2015.04.02 13:27:04.623,0.95352,0.95387,1.00,1.15
2015.04.02 13:27:04.674,0.95351,0.95383,1.00,1.00
2015.04.02 13:27:05.076,0.95349,0.95381,1.15,1.00
2015.04.02 13:27:05.580,0.95348,0.95382,1.15,1.00
2015.04.02 13:27:06.081,0.95348,0.95381,1.15,1.00
2015.04.02 13:27:06.430,0.95346,0.95378,1.15,1.00
2015.04.02 13:27:06.732,0.95341,0.95373,2.32,1.00
2015.04.02 13:27:07.091,0.95339,0.95373,1.17,1.00
2015.04.02 13:27:07.401,0.95344,0.95376,1.00,1.17
2015.04.02 13:27:08.387,0.95343,0.95376,1.00,1.17
2015.04.02 13:27:08.688,0.9535,0.95382,1.00,1.15
2015.04.02 13:27:08.890,0.95349,0.95381,1.10,1.07
2015.04.02 13:27:09.271,0.95352,0.95381,1.00,1.00
2015.04.02 13:27:09.372,0.95352,0.95385,1.15,1.50
2015.04.02 13:27:09.423,0.95355,0.95387,1.00,1.00
2015.04.02 13:27:09.740,0.95358,0.9539,1.00,1.15
2015.04.02 13:27:09.942,0.95355,0.95389,1.00,1.15
2015.04.02 13:27:10.075,0.95358,0.95391,1.00,2.40
2015.04.02 13:27:10.276,0.95355,0.95387,1.00,1.00
2015.04.02 13:27:10.803,0.95355,0.95386,1.00,1.00
2015.04.02 13:27:10.955,0.95351,0.95384,1.15,1.00
2015.04.02 13:27:11.206,0.95349,0.95383,1.65,1.00
2015.04.02 13:27:11.257,0.95349,0.95381,1.20,1.00
2015.04.02 13:27:11.559,0.95347,0.95376,1.15,1.00
2015.04.02 13:27:12.887,0.95347,0.95376,1.00,1.00
2015.04.02 13:27:13.491,0.95344,0.95376,1.65,1.50
2015.04.02 13:27:14.045,0.95349,0.95376,1.00,1.00
2015.04.02 13:27:14.095,0.95349,0.95378,1.00,1.00
2015.04.02 13:27:14.347,0.95344,0.95376,1.65,1.50
2015.04.02 13:27:14.878,0.95346,0.95378,1.10,1.00
2015.04.02 13:27:14.929,0.9534,0.95372,3.07,1.00
2015.04.02 13:27:15.030,0.95339,0.95369,1.07,1.00
2015.04.02 13:27:15.130,0.95332,0.95368,1.27,1.00
2015.04.02 13:27:15.231,0.95331,0.95365,1.65,1.00
2015.04.02 13:27:15.533,0.95338,0.95367,1.00,1.00
2015.04.02 13:27:15.634,0.95338,0.95372,1.50,1.65
2015.04.02 13:27:15.986,0.95338,0.9537,1.00,1.00
2015.04.02 13:27:16.288,0.95338,0.95368,1.00,1.00
2015.04.02 13:27:16.835,0.95333,0.95368,1.15,1.00
2015.04.02 13:27:17.628,0.95333,0.95366,1.15,1.00
2015.04.02 13:27:18.290,0.95333,0.95365,1.15,1.00
2015.04.02 13:27:18.491,0.95333,0.95365,1.07,1.00
2015.04.02 13:27:18.992,0.95333,0.95364,1.07,1.00
2015.04.02 13:27:20.398,0.95333,0.95366,1.07,1.00
2015.04.02 13:27:21.052,0.95333,0.95365,1.07,1.00
2015.04.02 13:27:21.153,0.95329,0.95361,3.07,1.00
2015.04.02 13:27:21.304,0.95337,0.9537,1.20,1.00
2015.04.02 13:27:21.807,0.95338,0.9537,1.00,1.00
2015.04.02 13:27:22.310,0.95336,0.9537,1.15,1.00
2015.04.02 13:27:22.511,0.95337,0.95372,1.20,1.65
2015.04.02 13:27:23.058,0.95337,0.95371,3.07,1.00
2015.04.02 13:27:23.360,0.95341,0.95374,1.17,1.00
2015.04.02 13:27:23.863,0.95339,0.95373,1.15,1.00
2015.04.02 13:27:24.490,0.9534,0.95374,1.15,1.00
2015.04.02 13:27:25.043,0.95338,0.95371,1.27,1.00
2015.04.02 13:27:25.365,0.95338,0.95371,1.00,1.00
2015.04.02 13:27:25.682,0.95336,0.95368,1.65,1.00
2015.04.02 13:27:25.883,0.95335,0.95367,1.50,1.20
2015.04.02 13:27:26.034,0.95336,0.95371,1.15,1.00
2015.04.02 13:27:26.235,0.95339,0.95371,1.00,1.00
2015.04.02 13:27:27.345,0.95338,0.9537,1.00,1.00
2015.04.02 13:27:27.894,0.95336,0.9537,1.15,1.00
2015.04.02 13:27:28.197,0.95339,0.95371,1.00,1.50
2015.04.02 13:27:28.693,0.95337,0.95369,1.20,1.00
2015.04.02 13:27:29.103,0.95339,0.9537,1.00,1.00
2015.04.02 13:27:29.608,0.95338,0.95371,1.00,1.00
2015.04.02 13:27:30.150,0.95339,0.9537,1.00,1.00
2015.04.02 13:27:30.453,0.95346,0.95371,1.00,1.00
2015.04.02 13:27:30.604,0.95346,0.9538,1.00,2.32
2015.04.02 13:27:30.755,0.95348,0.9538,1.00,2.32
2015.04.02 13:27:30.956,0.95349,0.95382,1.00,1.17
2015.04.02 13:27:31.479,0.9535,0.95382,1.00,1.17
2015.04.02 13:27:32.992,0.9535,0.95387,1.10,1.65
2015.04.02 13:27:33.042,0.95352,0.95385,1.00,1.10
2015.04.02 13:27:33.614,0.95352,0.95384,1.00,1.00
2015.04.02 13:27:33.949,0.95347,0.95379,1.15,1.00
2015.04.02 13:27:34.050,0.95347,0.95379,1.00,1.00
2015.04.02 13:27:34.605,0.95348,0.9538,1.00,1.00
2015.04.02 13:27:35.139,0.9535,0.95382,1.00,1.15
2015.04.02 13:27:35.262,0.95351,0.95383,1.10,1.00
2015.04.02 13:27:35.363,0.95353,0.95387,1.00,1.65
2015.04.02 13:27:35.867,0.95354,0.95386,1.00,1.17
2015.04.02 13:27:35.918,0.95351,0.95384,1.10,1.10
2015.04.02 13:27:36.018,0.95349,0.95381,1.17,1.00
2015.04.02 13:27:36.069,0.95349,0.95381,1.00,1.10
2015.04.02 13:27:36.372,0.95351,0.95385,1.00,1.15
2015.04.02 13:27:36.472,0.95351,0.95385,1.10,1.07
2015.04.02 13:27:36.879,0.9535,0.95382,1.07,1.00
2015.04.02 13:27:37.182,0.95349,0.9538,1.65,1.00
2015.04.02 13:27:37.476,0.95349,0.9538,1.57,1.10
2015.04.02 13:27:38.290,0.95346,0.9538,1.07,1.10
2015.04.02 13:27:38.529,0.95344,0.95376,1.15,1.00
2015.04.02 13:27:39.043,0.95343,0.95377,2.40,1.00
2015.04.02 13:27:39.345,0.95348,0.95379,1.00,1.00
2015.04.02 13:27:39.849,0.95347,0.95378,1.20,1.00
2015.04.02 13:27:40.352,0.95347,0.95378,1.47,1.00
2015.04.02 13:27:40.453,0.95348,0.9538,1.00,1.10
2015.04.02 13:27:40.999,0.95349,0.95381,1.00,1.07
2015.04.02 13:27:41.302,0.95351,0.95383,1.00,1.15
2015.04.02 13:27:42.086,0.95353,0.95385,1.07,1.07
2015.04.02 13:27:42.142,0.95353,0.95385,1.17,1.00
2015.04.02 13:27:42.618,0.95355,0.95389,1.00,1.10
2015.04.02 13:27:42.938,0.95354,0.95386,1.10,1.00
2015.04.02 13:27:43.190,0.95354,0.95389,1.10,1.10
2015.04.02 13:27:43.304,0.95355,0.95387,1.00,1.00
2015.04.02 13:27:43.606,0.95356,0.95389,1.00,1.10
2015.04.02 13:27:43.831,0.95359,0.95392,1.10,1.07
2015.04.02 13:27:43.883,0.95359,0.95392,1.10,1.00
2015.04.02 13:27:44.034,0.95361,0.95394,1.00,1.10
2015.04.02 13:27:44.342,0.95359,0.95387,3.07,1.00
2015.04.02 13:27:44.913,0.95364,0.95391,1.10,1.00
2015.04.02 13:27:45.115,0.95359,0.95387,3.07,1.00
2015.04.02 13:27:45.568,0.95362,0.95387,1.15,1.00
2015.04.02 13:27:45.669,0.95362,0.95395,1.15,1.15
2015.04.02 13:27:47.180,0.95363,0.95395,1.17,2.32
2015.04.02 13:27:47.281,0.95363,0.95395,1.10,2.32
2015.04.02 13:27:47.683,0.95363,0.95396,1.07,5.25
2015.04.02 13:27:48.689,0.95362,0.95393,1.07,2.32
2015.04.02 13:27:48.789,0.95359,0.95392,1.15,1.15
2015.04.02 13:27:53.798,0.95357,0.95389,1.15,2.32
2015.04.02 13:27:54.301,0.95353,0.95384,2.32,1.07
2015.04.02 13:27:54.603,0.95356,0.95386,2.25,2.32
2015.04.02 13:27:54.704,0.95356,0.9539,2.32,2.32
2015.04.02 13:27:54.905,0.95357,0.95386,1.17,1.00
2015.04.02 13:27:55.006,0.95357,0.95386,1.10,1.00
2015.04.02 13:27:55.157,0.95357,0.9539,1.10,1.10
2015.04.02 13:27:55.258,0.95359,0.95391,1.00,1.57
2015.04.02 13:27:56.518,0.95359,0.95391,1.07,1.00
2015.04.02 13:27:57.062,0.95362,0.95391,1.00,1.00
2015.04.02 13:27:57.578,0.95362,0.95392,1.00,1.00
2015.04.02 13:27:58.354,0.95363,0.95392,1.00,1.00
2015.04.02 13:27:58.870,0.95362,0.95392,1.00,1.00
2015.04.02 13:27:59.322,0.95364,0.95391,1.00,1.00
2015.04.02 13:27:59.624,0.95366,0.95396,1.00,1.00
2015.04.02 13:27:59.675,0.9537,0.95396,1.00,1.00
2015.04.02 13:27:59.876,0.95367,0.95399,1.15,1.00
2015.04.02 13:27:59.929,0.95367,0.95399,1.00,1.10
2015.04.02 13:28:00.131,0.9537,0.95402,1.00,2.40
2015.04.02 13:28:00.436,0.95367,0.95397,1.00,1.00
2015.04.02 13:28:00.975,0.95364,0.95396,1.17,1.00
2015.04.02 13:28:01.597,0.95365,0.95397,1.07,1.50
2015.04.02 13:28:01.849,0.95368,0.95396,1.00,1.00
2015.04.02 13:28:02.401,0.95362,0.95393,1.15,1.00
2015.04.02 13:28:02.552,0.9536,0.95392,1.15,1.00
2015.04.02 13:28:02.855,0.95363,0.95391,1.00,1.00
2015.04.02 13:28:02.956,0.9536,0.95391,1.15,1.00
2015.04.02 13:28:03.057,0.9536,0.95386,1.15,1.00
2015.04.02 13:28:03.560,0.95362,0.95386,1.00,1.00
2015.04.02 13:28:04.175,0.95361,0.95386,1.20,1.00
2015.04.02 13:28:06.119,0.95361,0.95392,1.20,1.00
2015.04.02 13:28:06.270,0.95356,0.9539,5.25,1.00
2015.04.02 13:28:06.320,0.95356,0.9539,1.15,1.10
2015.04.02 13:28:09.318,0.95357,0.95386,1.17,1.00
2015.04.02 13:28:09.834,0.95353,0.95387,2.32,1.50
2015.04.02 13:28:11.290,0.95356,0.95388,1.15,1.00
2015.04.02 13:28:11.442,0.95357,0.9539,1.17,1.10
2015.04.02 13:28:11.868,0.9536,0.95391,1.00,1.17
2015.04.02 13:28:12.315,0.95363,0.95392,1.10,1.00
2015.04.02 13:28:13.056,0.95364,0.95391,1.00,1.00
2015.04.02 13:28:15.130,0.95364,0.95391,1.00,1.57
2015.04.02 13:28:15.432,0.95362,0.95386,1.15,1.00
2015.04.02 13:28:15.583,0.95363,0.95392,1.20,1.15
2015.04.02 13:28:15.834,0.95361,0.95387,1.15,1.00
2015.04.02 13:28:17.482,0.95364,0.95391,1.00,1.65
2015.04.02 13:28:18.320,0.95361,0.95386,1.15,1.00
2015.04.02 13:28:18.658,0.95363,0.95395,3.82,2.40
2015.04.02 13:28:19.262,0.9536,0.95391,2.32,1.17
2015.04.02 13:28:19.844,0.9536,0.95391,2.32,1.15
2015.04.02 13:28:19.894,0.95357,0.95391,1.15,1.15
2015.04.02 13:28:21.456,0.95361,0.95391,1.17,1.15
2015.04.02 13:28:21.507,0.95361,0.95391,1.15,1.15
2015.04.02 13:28:21.852,0.95362,0.95386,3.07,1.00
2015.04.02 13:28:21.953,0.95367,0.95392,1.15,1.10
2015.04.02 13:28:22.004,0.95373,0.95392,1.00,1.00
2015.04.02 13:28:22.104,0.95373,0.95399,1.17,1.10
2015.04.02 13:28:22.205,0.95374,0.95402,1.15,1.10
2015.04.02 13:28:23.172,0.95375,0.95409,2.32,2.32
2015.04.02 13:28:23.776,0.95379,0.95412,1.15,3.07
2015.04.02 13:28:24.079,0.95385,0.95407,3.07,1.00
2015.04.02 13:28:24.381,0.95381,0.95406,3.07,1.00
2015.04.02 13:28:24.835,0.95381,0.95411,3.07,1.00
2015.04.02 13:28:25.043,0.95381,0.95406,3.07,1.00
2015.04.02 13:28:25.893,0.95381,0.95406,1.15,1.00
2015.04.02 13:28:26.186,0.95373,0.95406,3.07,1.65
2015.04.02 13:28:26.387,0.9537,0.95403,1.10,1.10
2015.04.02 13:28:26.589,0.95366,0.95397,1.15,1.00
2015.04.02 13:28:27.127,0.95369,0.95401,1.07,1.00
2015.04.02 13:28:28.509,0.95366,0.95401,1.10,1.65
2015.04.02 13:28:28.935,0.95369,0.95403,1.00,1.15
2015.04.02 13:28:29.086,0.9537,0.95403,1.10,1.10
2015.04.02 13:28:29.187,0.95368,0.95402,1.15,3.07
2015.04.02 13:28:29.690,0.95366,0.954,1.15,2.32
2015.04.02 13:28:29.891,0.95364,0.95397,1.15,4.50
2015.04.02 13:28:32.863,0.95367,0.95397,1.00,4.50
2015.04.02 13:28:32.914,0.95367,0.954,1.17,2.32
2015.04.02 13:28:33.669,0.95369,0.954,1.00,2.32
2015.04.02 13:28:33.867,0.95372,0.954,1.00,2.32
2015.04.02 13:28:34.221,0.95368,0.95397,1.17,1.17
2015.04.02 13:28:34.523,0.95365,0.95397,1.17,2.32
2015.04.02 13:28:35.222,0.95361,0.95394,1.15,2.32
2015.04.02 13:28:37.031,0.95362,0.95397,3.07,3.82
2015.04.02 13:28:37.550,0.95366,0.95399,1.15,2.32
2015.04.02 13:28:39.640,0.95369,0.95399,1.15,2.32
2015.04.02 13:28:39.741,0.9537,0.95402,1.15,1.15
2015.04.02 13:28:42.129,0.95367,0.95397,4.50,1.00
2015.04.02 13:28:42.431,0.95365,0.95397,2.32,1.17
2015.04.02 13:28:42.945,0.95367,0.95403,3.45,2.32
2015.04.02 13:28:43.197,0.95373,0.95403,2.25,2.25
2015.04.02 13:28:43.248,0.95378,0.95406,1.17,1.65
2015.04.02 13:28:43.550,0.95372,0.95405,3.07,1.15
2015.04.02 13:28:44.304,0.95372,0.95399,2.25,1.00
2015.04.02 13:28:44.355,0.95369,0.95399,1.15,1.10
2015.04.02 13:28:44.405,0.95367,0.95399,3.07,1.17
2015.04.02 13:28:44.456,0.95364,0.95395,5.25,1.20
2015.04.02 13:28:44.658,0.9537,0.954,1.07,2.32
2015.04.02 13:28:44.759,0.9537,0.95401,1.15,1.65
2015.04.02 13:28:45.218,0.9537,0.95404,1.15,1.15
2015.04.02 13:28:49.389,0.9537,0.95404,3.07,1.15
2015.04.02 13:28:49.491,0.95374,0.95406,1.15,1.15
2015.04.02 13:28:50.095,0.95374,0.95406,2.32,1.15
2015.04.02 13:28:50.196,0.95376,0.95407,1.15,1.15
2015.04.02 13:28:51.151,0.95374,0.95406,3.82,3.82
2015.04.02 13:28:51.201,0.95374,0.95406,1.65,3.82
2015.04.02 13:28:51.855,0.95371,0.95403,3.07,1.15
2015.04.02 13:28:51.906,0.9537,0.95401,1.15,1.15
2015.04.02 13:28:53.314,0.95368,0.954,3.07,1.15
2015.04.02 13:28:53.365,0.95366,0.95396,2.32,1.10
2015.04.02 13:28:53.516,0.95366,0.95397,2.32,1.15
2015.04.02 13:28:53.567,0.95365,0.95398,1.15,3.07
2015.04.02 13:28:53.617,0.95374,0.95398,2.25,3.00
2015.04.02 13:28:53.668,0.95378,0.95403,1.15,1.00
2015.04.02 13:28:53.769,0.95378,0.95407,1.15,1.15
2015.04.02 13:28:53.984,0.95372,0.95404,1.15,1.15
2015.04.02 13:28:55.374,0.95369,0.95401,2.32,1.07
2015.04.02 13:28:55.425,0.95367,0.95399,2.32,1.17
2015.04.02 13:28:55.677,0.95366,0.954,2.32,1.15
2015.04.02 13:28:55.727,0.95365,0.954,1.15,1.15
2015.04.02 13:28:55.778,0.95368,0.95402,3.07,3.07
2015.04.02 13:28:55.828,0.95368,0.95402,5.25,1.15
2015.04.02 13:28:55.879,0.95368,0.95398,2.32,1.07
2015.04.02 13:28:55.930,0.95364,0.95398,3.07,1.15
2015.04.02 13:28:56.367,0.95364,0.95396,1.15,1.07
2015.04.02 13:28:58.036,0.95363,0.95394,2.25,1.15
2015.04.02 13:28:58.087,0.95359,0.95388,1.15,1.10
2015.04.02 13:28:58.188,0.95358,0.95385,2.32,1.00
2015.04.02 13:28:58.289,0.95354,0.95385,4.50,1.20
2015.04.02 13:28:58.440,0.95354,0.95382,5.25,1.00
2015.04.02 13:28:58.992,0.95354,0.95383,5.25,1.00
2015.04.02 13:28:59.494,0.95354,0.95384,4.50,1.00
2015.04.02 13:28:59.796,0.9535,0.95379,2.32,1.10
2015.04.02 13:29:00.407,0.95347,0.95381,2.32,3.07
2015.04.02 13:29:00.910,0.95351,0.95382,4.50,1.20
2015.04.02 13:29:01.111,0.95356,0.95385,1.15,1.17
2015.04.02 13:29:02.861,0.95358,0.95389,2.32,3.07
2015.04.02 13:29:02.911,0.95358,0.95389,4.50,1.20
2015.04.02 13:29:03.573,0.95364,0.95391,1.00,1.15
2015.04.02 13:29:03.876,0.95359,0.95386,1.65,1.00
2015.04.02 13:29:04.328,0.95364,0.95391,1.00,1.15
2015.04.02 13:29:04.781,0.95359,0.95386,1.65,1.00
2015.04.02 13:29:05.336,0.95362,0.95395,2.32,1.15
2015.04.02 13:29:05.537,0.95365,0.95396,3.07,1.15
2015.04.02 13:29:05.839,0.95368,0.95399,4.50,1.20
2015.04.02 13:29:05.892,0.9537,0.95399,2.32,1.10
2015.04.02 13:29:05.943,0.95372,0.95401,1.15,1.00
2015.04.02 13:29:06.195,0.95375,0.95406,2.32,1.15
2015.04.02 13:29:06.245,0.95375,0.95408,2.32,1.15
2015.04.02 13:29:06.296,0.95374,0.95407,1.15,2.32
2015.04.02 13:29:06.967,0.95372,0.95404,2.32,1.17
2015.04.02 13:29:07.421,0.9537,0.95402,2.32,2.25
2015.04.02 13:29:07.471,0.95368,0.95401,1.27,1.15
2015.04.02 13:29:07.697,0.95371,0.95402,2.32,1.65
2015.04.02 13:29:07.748,0.95371,0.95402,2.32,1.65
2015.04.02 13:29:07.899,0.95373,0.95396,1.15,1.00
2015.04.02 13:29:08.150,0.95373,0.95402,1.15,1.65
2015.04.02 13:29:08.251,0.95373,0.95402,1.00,1.65
2015.04.02 13:29:08.352,0.95372,0.95397,1.20,1.00
2015.04.02 13:29:08.899,0.9537,0.95396,1.15,1.00
2015.04.02 13:29:09.201,0.9537,0.95396,2.32,1.00
2015.04.02 13:29:10.237,0.9537,0.95397,2.32,1.00
2015.04.02 13:29:10.756,0.9537,0.95396,2.32,1.00
2015.04.02 13:29:11.861,0.9537,0.95402,2.32,1.65
2015.04.02 13:29:11.911,0.95369,0.95401,2.32,2.25
2015.04.02 13:29:12.062,0.95363,0.95395,1.15,1.15
2015.04.02 13:29:14.069,0.95362,0.95389,2.32,1.00
2015.04.02 13:29:14.270,0.95362,0.95391,2.32,1.10
2015.04.02 13:29:14.791,0.95362,0.9539,2.32,1.00
2015.04.02 13:29:16.026,0.95362,0.95391,2.32,1.10
2015.04.02 13:29:16.127,0.95365,0.95391,2.32,1.00
2015.04.02 13:29:16.178,0.95365,0.95393,4.50,1.00
2015.04.02 13:29:16.278,0.95368,0.95396,1.15,1.20
2015.04.02 13:29:16.329,0.95368,0.95396,3.07,1.10
2015.04.02 13:29:16.480,0.95366,0.95396,1.15,1.15
2015.04.02 13:29:16.631,0.95366,0.95396,1.17,2.32
2015.04.02 13:29:16.682,0.95362,0.95396,1.15,2.32
2015.04.02 13:29:17.656,0.9536,0.95392,1.15,2.32
2015.04.02 13:29:17.756,0.95364,0.95396,1.15,1.65
2015.04.02 13:29:18.286,0.95365,0.95396,1.20,4.50
2015.04.02 13:29:19.955,0.95359,0.95391,1.15,1.15
2015.04.02 13:29:21.058,0.95375,0.95391,2.32,1.00
2015.04.02 13:29:21.159,0.95372,0.95392,2.32,1.00
2015.04.02 13:29:21.260,0.95376,0.95404,1.15,1.10
2015.04.02 13:29:21.965,0.95379,0.95406,2.32,1.00
2015.04.02 13:29:22.116,0.95382,0.95411,1.15,1.15
2015.04.02 13:29:22.167,0.95382,0.95411,3.07,1.10
2015.04.02 13:29:24.778,0.95382,0.95415,1.15,4.50
2015.04.02 13:29:33.376,0.95382,0.95411,2.32,1.17
2015.04.02 13:29:33.882,0.95382,0.95411,2.32,1.10
2015.04.02 13:29:34.589,0.95381,0.95411,1.15,1.15
2015.04.02 13:29:35.095,0.95384,0.95413,1.00,1.15
2015.04.02 13:29:35.890,0.9538,0.95412,1.15,1.15
2015.04.02 13:29:37.874,0.95382,0.95411,3.07,1.17
2015.04.02 13:29:38.377,0.95382,0.95412,3.07,1.07
2015.04.02 13:29:45.839,0.95388,0.95416,1.07,2.32
2015.04.02 13:29:45.890,0.95388,0.95417,1.15,1.15
2015.04.02 13:29:46.144,0.95385,0.95417,3.07,1.15
2015.04.02 13:29:46.194,0.95384,0.95417,1.15,1.15
2015.04.02 13:29:47.806,0.95388,0.95416,1.00,1.15
2015.04.02 13:29:49.014,0.95388,0.95416,1.07,1.17
2015.04.02 13:29:49.116,0.95388,0.95416,1.15,1.20
2015.04.02 13:29:49.719,0.95385,0.95417,3.07,1.65
2015.04.02 13:29:49.820,0.95386,0.95417,1.17,1.65
2015.04.02 13:29:51.022,0.95384,0.95416,2.32,1.07
2015.04.02 13:29:51.323,0.95386,0.95417,2.32,1.17
2015.04.02 13:29:54.831,0.95388,0.95417,3.07,1.07
2015.04.02 13:29:54.933,0.95388,0.95417,5.25,1.00
2015.04.02 13:29:55.444,0.95388,0.95416,5.25,1.00
2015.04.02 13:29:55.962,0.95389,0.95417,1.15,1.00
2015.04.02 13:29:56.499,0.95388,0.95416,4.50,1.00
2015.04.02 13:29:56.751,0.95386,0.95416,2.32,1.17
2015.04.02 13:29:59.075,0.95386,0.95411,2.32,1.00
2015.04.02 13:30:00.367,0.95388,0.95412,1.15,1.00
2015.04.02 13:30:00.594,0.95388,0.95416,1.15,1.17
2015.04.02 13:30:04.179,0.95387,0.95417,1.07,1.15
2015.04.02 13:30:04.280,0.95387,0.95417,1.15,1.20
2015.04.02 13:30:05.284,0.9539,0.95417,2.32,1.00
2015.04.02 13:30:05.636,0.95393,0.95422,1.65,1.15
2015.04.02 13:30:07.594,0.95394,0.95421,1.15,1.00
2015.04.02 13:30:07.996,0.95395,0.95426,5.25,1.20
2015.04.02 13:30:09.150,0.95395,0.95425,4.50,1.00
2015.04.02 13:30:09.402,0.95392,0.9542,2.32,1.00
2015.04.02 13:30:09.704,0.95388,0.95418,3.07,1.17
2015.04.02 13:30:09.805,0.95392,0.95418,2.32,1.00
2015.04.02 13:30:09.856,0.95392,0.95422,2.32,1.07
2015.04.02 13:30:09.906,0.95394,0.95422,2.32,1.00
2015.04.02 13:30:09.957,0.95394,0.95426,3.30,1.15
2015.04.02 13:30:10.172,0.95397,0.95425,2.32,1.10
2015.04.02 13:30:10.273,0.95397,0.95429,2.32,1.15
2015.04.02 13:30:10.373,0.95402,0.95425,2.25,1.00
2015.04.02 13:30:10.474,0.954,0.95429,2.32,1.07
2015.04.02 13:30:10.525,0.95396,0.95429,2.32,1.15
2015.04.02 13:30:10.576,0.954,0.95429,2.32,1.07
2015.04.02 13:30:10.626,0.954,0.95434,5.25,1.15
2015.04.02 13:30:10.677,0.95404,0.95434,2.32,1.15
2015.04.02 13:30:10.828,0.95403,0.95433,1.07,2.32
2015.04.02 13:30:10.878,0.95403,0.95435,1.07,2.32
2015.04.02 13:30:11.030,0.95398,0.95431,4.50,1.15
2015.04.02 13:30:11.131,0.95397,0.95429,1.15,1.00
2015.04.02 13:30:11.399,0.95394,0.95429,1.15,1.17
2015.04.02 13:30:12.059,0.95391,0.95427,3.07,1.00
2015.04.02 13:30:12.159,0.95399,0.95431,1.00,6.00
2015.04.02 13:30:12.315,0.95399,0.95431,1.00,1.17
2015.04.02 13:30:12.415,0.95398,0.95432,1.17,1.10
2015.04.02 13:30:12.466,0.95402,0.95433,1.00,1.07
2015.04.02 13:30:12.718,0.95394,0.95428,1.00,1.10
2015.04.02 13:30:12.919,0.95391,0.95416,1.15,1.00
2015.04.02 13:30:13.020,0.95389,0.95416,1.17,1.00
2015.04.02 13:30:13.222,0.95382,0.95417,1.87,1.00
2015.04.02 13:30:13.373,0.95384,0.95419,1.65,1.20
2015.04.02 13:30:13.424,0.95384,0.95419,3.82,1.00
2015.04.02 13:30:13.474,0.95388,0.95425,1.17,1.17
2015.04.02 13:30:13.625,0.95389,0.95423,3.07,1.00
2015.04.02 13:30:13.676,0.95393,0.95428,1.07,1.07
2015.04.02 13:30:14.124,0.95388,0.95421,1.00,1.15
2015.04.02 13:30:14.225,0.95387,0.95424,1.15,2.02
2015.04.02 13:30:14.326,0.95384,0.95416,4.50,1.00
2015.04.02 13:30:14.553,0.95389,0.95421,1.20,1.00
2015.04.02 13:30:15.056,0.9539,0.95421,1.00,1.00
2015.04.02 13:30:15.157,0.9539,0.95424,1.00,1.20
2015.04.02 13:30:15.207,0.9539,0.95424,1.15,1.00
2015.04.02 13:30:15.409,0.95389,0.95422,1.10,1.00
2015.04.02 13:30:15.741,0.95387,0.9542,1.15,1.00
2015.04.02 13:30:16.094,0.95387,0.95422,1.15,1.00
2015.04.02 13:30:16.617,0.95388,0.95423,1.17,1.00
2015.04.02 13:30:17.136,0.95388,0.95425,1.65,1.17
2015.04.02 13:30:17.640,0.95392,0.95421,1.00,1.00
2015.04.02 13:30:17.741,0.9539,0.95421,1.00,1.00
2015.04.02 13:30:17.841,0.95384,0.95417,1.80,1.10
2015.04.02 13:30:17.948,0.95384,0.95416,1.72,2.32
2015.04.02 13:30:18.099,0.95378,0.95412,1.10,1.17
2015.04.02 13:30:18.150,0.95378,0.95412,3.07,1.00
2015.04.02 13:30:18.452,0.95395,0.95421,1.00,1.15
2015.04.02 13:30:18.502,0.95393,0.95421,1.00,1.15
2015.04.02 13:30:18.553,0.95393,0.95421,1.15,1.07
2015.04.02 13:30:18.855,0.95389,0.95417,1.15,1.10
2015.04.02 13:30:19.242,0.95389,0.95416,1.07,1.07
2015.04.02 13:30:19.343,0.9539,0.95416,3.07,1.00
2015.04.02 13:30:19.650,0.95389,0.95417,1.15,1.00
2015.04.02 13:30:19.852,0.95387,0.95417,1.07,1.17
2015.04.02 13:30:20.529,0.95387,0.95416,1.00,1.15
2015.04.02 13:30:20.630,0.95383,0.95417,1.20,6.00
2015.04.02 13:30:21.256,0.95378,0.9541,4.50,1.00
2015.04.02 13:30:21.558,0.95377,0.95409,1.00,4.50
2015.04.02 13:30:21.659,0.9538,0.95411,1.20,1.15
2015.04.02 13:30:21.710,0.95382,0.95411,1.00,1.15
2015.04.02 13:30:22.017,0.95379,0.95411,3.07,1.10
2015.04.02 13:30:22.319,0.95376,0.95409,1.17,1.15
2015.04.02 13:30:22.369,0.95376,0.95409,1.20,1.15
2015.04.02 13:30:23.668,0.95372,0.95407,1.15,4.50
2015.04.02 13:30:23.970,0.95368,0.95401,1.15,1.15
2015.04.02 13:30:24.537,0.95363,0.95399,3.82,1.15
2015.04.02 13:30:25.038,0.95369,0.954,1.00,2.32
2015.04.02 13:30:25.727,0.95366,0.954,1.15,3.07
2015.04.02 13:30:25.778,0.9537,0.95402,1.17,1.15
2015.04.02 13:30:25.828,0.9537,0.95403,3.07,3.00
2015.04.02 13:30:25.879,0.95377,0.95406,1.00,1.15
2015.04.02 13:30:25.980,0.95379,0.95406,1.00,1.00
2015.04.02 13:30:26.232,0.95382,0.95411,1.00,1.15
2015.04.02 13:30:26.282,0.95382,0.95411,1.00,1.15
2015.04.02 13:30:26.433,0.95384,0.95415,1.00,2.32
2015.04.02 13:30:26.484,0.95384,0.95417,1.07,3.45
2015.04.02 13:30:27.239,0.9538,0.95415,3.00,3.07
2015.04.02 13:30:27.289,0.9538,0.95413,1.07,2.32
2015.04.02 13:30:27.340,0.95377,0.95411,1.17,2.32
2015.04.02 13:30:27.391,0.95377,0.95411,1.20,4.50
2015.04.02 13:30:27.441,0.9538,0.95411,1.00,4.50
2015.04.02 13:30:27.519,0.95377,0.95409,1.20,1.15
2015.04.02 13:30:27.972,0.95379,0.95411,1.00,6.00
2015.04.02 13:30:28.487,0.95378,0.95411,1.00,6.00
2015.04.02 13:30:29.009,0.95376,0.9541,1.15,1.15
2015.04.02 13:30:29.368,0.95377,0.95411,1.15,1.15
2015.04.02 13:30:29.803,0.95377,0.95407,1.15,1.00
2015.04.02 13:30:29.853,0.95374,0.95407,2.32,1.17
2015.04.02 13:30:29.954,0.95373,0.95407,1.15,2.02
2015.04.02 13:30:30.335,0.95371,0.95401,2.32,1.00
2015.04.02 13:30:30.386,0.95368,0.95401,1.15,1.17
2015.04.02 13:30:31.945,0.95372,0.95405,1.00,2.32
2015.04.02 13:30:31.996,0.95372,0.95406,1.07,3.07
2015.04.02 13:30:32.248,0.95375,0.9541,1.15,2.32
2015.04.02 13:30:32.903,0.95373,0.95401,3.07,1.00
2015.04.02 13:30:33.658,0.95373,0.95402,2.32,1.00
2015.04.02 13:30:34.337,0.95375,0.95409,1.15,1.15
2015.04.02 13:30:34.890,0.95379,0.95411,1.07,3.07
2015.04.02 13:30:34.991,0.95379,0.95411,1.17,1.15
2015.04.02 13:30:35.791,0.95375,0.9541,1.15,2.32
2015.04.02 13:30:36.093,0.95375,0.95408,1.10,3.07
2015.04.02 13:30:36.295,0.95375,0.95409,1.15,1.17
2015.04.02 13:30:36.395,0.95376,0.95411,1.10,1.17
2015.04.02 13:30:36.647,0.95377,0.95407,1.00,1.00
2015.04.02 13:30:37.150,0.95377,0.95406,1.00,1.20
2015.04.02 13:30:37.452,0.95383,0.95411,1.00,1.10
2015.04.02 13:30:37.552,0.95381,0.95411,1.10,1.00
2015.04.02 13:30:37.603,0.95381,0.95414,1.10,1.10
2015.04.02 13:30:37.654,0.95391,0.95417,1.00,1.15
2015.04.02 13:30:37.754,0.95389,0.95417,1.00,1.15
2015.04.02 13:30:37.805,0.95389,0.95417,1.00,1.00
2015.04.02 13:30:37.906,0.95391,0.95421,1.00,1.65
2015.04.02 13:30:38.006,0.95394,0.95421,1.00,1.10
2015.04.02 13:30:38.157,0.95394,0.95427,1.00,1.15
2015.04.02 13:30:38.409,0.9539,0.95425,1.00,1.15
2015.04.02 13:30:38.611,0.95391,0.95422,1.00,1.00
2015.04.02 13:30:38.661,0.95388,0.95422,1.15,1.50
2015.04.02 13:30:39.114,0.95391,0.95422,1.00,1.00
2015.04.02 13:30:39.429,0.95388,0.95422,1.07,1.57
2015.04.02 13:30:40.083,0.9539,0.95422,1.00,1.27
2015.04.02 13:30:40.409,0.95377,0.95411,3.07,1.15
2015.04.02 13:30:40.812,0.95375,0.95411,1.15,1.15
2015.04.02 13:30:41.587,0.95375,0.95406,1.15,1.00
2015.04.02 13:30:42.190,0.9538,0.95406,1.00,1.00
2015.04.02 13:30:42.392,0.95377,0.95411,3.07,1.15
2015.04.02 13:30:42.493,0.95379,0.9541,1.10,1.15
2015.04.02 13:30:44.906,0.95374,0.95408,1.15,1.15
2015.04.02 13:30:46.051,0.95376,0.95409,1.00,5.25
2015.04.02 13:30:46.202,0.95376,0.95409,1.15,1.15
2015.04.02 13:30:47.540,0.95374,0.95406,1.15,1.00
2015.04.02 13:30:47.590,0.95374,0.95406,1.17,1.07
2015.04.02 13:30:47.641,0.95374,0.95406,1.20,1.15
2015.04.02 13:30:48.096,0.95376,0.95408,1.00,5.25
2015.04.02 13:30:48.247,0.95376,0.9541,1.17,1.15
2015.04.02 13:30:50.758,0.95373,0.95407,1.20,1.27
2015.04.02 13:30:51.210,0.95372,0.95406,1.07,1.07
2015.04.02 13:30:51.412,0.95371,0.95405,1.00,1.15
2015.04.02 13:30:51.945,0.95369,0.95405,1.17,1.15
2015.04.02 13:30:52.816,0.95368,0.95401,1.15,1.00
2015.04.02 13:30:52.917,0.95368,0.95401,1.00,1.15
2015.04.02 13:30:52.968,0.95366,0.95399,1.10,1.17
2015.04.02 13:30:53.370,0.95369,0.95401,1.00,1.15
2015.04.02 13:30:53.672,0.9537,0.95401,1.15,1.15
2015.04.02 13:30:55.276,0.95372,0.95405,1.00,4.50
2015.04.02 13:30:56.031,0.95374,0.95405,1.00,4.50
2015.04.02 13:30:56.132,0.95376,0.95406,1.00,1.15
2015.04.02 13:30:56.585,0.95379,0.95408,1.00,4.50
2015.04.02 13:30:56.636,0.95379,0.95411,1.10,2.32
2015.04.02 13:30:56.837,0.95377,0.95408,1.00,2.32
2015.04.02 13:30:57.240,0.95376,0.95406,1.00,4.50
2015.04.02 13:30:57.340,0.95373,0.95406,1.00,4.50
2015.04.02 13:30:57.890,0.95372,0.95406,1.20,4.50
2015.04.02 13:30:58.495,0.95373,0.95406,1.00,4.50
2015.04.02 13:30:59.086,0.95376,0.95406,1.00,4.50
2015.04.02 13:30:59.349,0.95374,0.95406,1.00,4.50
2015.04.02 13:30:59.902,0.95376,0.95406,1.00,4.50
2015.04.02 13:30:59.953,0.95376,0.95409,1.17,2.70
2015.04.02 13:31:00.004,0.95379,0.95409,1.00,2.32
2015.04.02 13:31:00.256,0.95379,0.95412,1.17,2.32
2015.04.02 13:31:00.558,0.95382,0.95412,1.00,2.32
2015.04.02 13:31:00.659,0.95378,0.95411,1.15,1.15
2015.04.02 13:31:01.313,0.95381,0.95412,1.00,2.32
2015.04.02 13:31:01.514,0.95379,0.9541,1.07,2.32
2015.04.02 13:31:01.665,0.95377,0.9541,1.00,4.50
2015.04.02 13:31:02.168,0.95378,0.9541,1.00,4.50
2015.04.02 13:31:02.621,0.95376,0.9541,1.20,4.50
2015.04.02 13:31:06.750,0.95383,0.95413,1.00,2.70
2015.04.02 13:31:06.851,0.95376,0.95411,1.17,3.07
2015.04.02 13:31:07.355,0.95374,0.95409,1.10,3.07
2015.04.02 13:31:07.456,0.95374,0.95411,2.32,2.32
2015.04.02 13:31:08.060,0.95376,0.95408,1.57,2.32
2015.04.02 13:31:08.380,0.95378,0.95411,1.17,2.32
2015.04.02 13:31:10.473,0.95381,0.95411,1.00,2.32
2015.04.02 13:31:10.674,0.95374,0.95407,2.32,1.27
2015.04.02 13:31:10.775,0.95373,0.95406,1.65,1.15
2015.04.02 13:31:11.077,0.95386,0.95407,1.00,1.00
2015.04.02 13:31:11.178,0.95387,0.95415,1.17,1.10
2015.04.02 13:31:11.228,0.95392,0.9542,1.00,2.32
2015.04.02 13:31:11.279,0.95392,0.95426,1.15,3.07
2015.04.02 13:31:11.330,0.95392,0.95417,1.15,1.00
2015.04.02 13:31:11.380,0.95392,0.95417,1.00,1.00
2015.04.02 13:31:11.883,0.95388,0.95417,1.15,1.00
2015.04.02 13:31:11.989,0.95388,0.95417,1.10,1.15
2015.04.02 13:31:12.531,0.95389,0.95416,1.00,1.17
2015.04.02 13:31:14.843,0.95384,0.95418,1.65,1.15
2015.04.02 13:31:16.952,0.95394,0.9542,1.00,2.25
2015.04.02 13:31:17.003,0.95394,0.95424,1.00,1.15
2015.04.02 13:31:17.053,0.95396,0.95425,1.00,2.32
2015.04.02 13:31:17.104,0.95396,0.95428,1.10,2.32
2015.04.02 13:31:17.507,0.95399,0.95432,1.00,3.07
2015.04.02 13:31:17.607,0.95401,0.95432,1.00,2.32
2015.04.02 13:31:17.708,0.95397,0.95433,2.32,1.15
2015.04.02 13:31:17.759,0.95397,0.95432,2.32,2.32
2015.04.02 13:31:17.809,0.95396,0.95431,1.15,2.32
2015.04.02 13:31:18.463,0.95397,0.95431,3.07,2.32
2015.04.02 13:31:18.514,0.95398,0.95433,2.32,1.15
2015.04.02 13:31:19.861,0.95398,0.95434,3.82,3.07
2015.04.02 13:31:19.912,0.95399,0.95432,1.07,2.32
2015.04.02 13:31:20.366,0.95401,0.95432,1.07,2.32
2015.04.02 13:31:20.416,0.95401,0.95435,1.15,3.07
2015.04.02 13:31:22.134,0.95398,0.95429,2.32,1.00
2015.04.02 13:31:22.185,0.95395,0.95429,1.15,1.15
2015.04.02 13:31:22.436,0.95403,0.95431,1.00,2.32
2015.04.02 13:31:22.487,0.95403,0.95435,1.15,1.15
2015.04.02 13:31:22.990,0.95401,0.95433,1.52,1.00
2015.04.02 13:31:23.393,0.95402,0.95436,1.55,1.00
2015.04.02 13:31:25.164,0.95402,0.95434,1.27,1.00
2015.04.02 13:31:25.606,0.954,0.95434,3.45,1.10
2015.04.02 13:31:25.908,0.95398,0.95429,2.02,1.10
2015.04.02 13:31:26.437,0.95398,0.95428,1.15,1.00
2015.04.02 13:31:26.941,0.95398,0.95429,1.15,1.10
2015.04.02 13:31:32.426,0.95405,0.95431,2.32,1.00
2015.04.02 13:31:32.477,0.95406,0.95439,1.15,1.52
2015.04.02 13:31:32.629,0.95411,0.95431,1.00,1.00
2015.04.02 13:31:32.730,0.95405,0.95431,1.17,1.00
2015.04.02 13:31:32.831,0.95404,0.95436,1.15,1.17
2015.04.02 13:31:33.586,0.95402,0.95432,3.07,1.00
2015.04.02 13:31:35.149,0.95402,0.95431,2.32,1.00
2015.04.02 13:31:36.016,0.95401,0.95431,1.15,1.10
2015.04.02 13:31:36.620,0.95397,0.95431,1.15,1.15
2015.04.02 13:31:36.821,0.95398,0.95432,4.50,1.20
2015.04.02 13:31:37.529,0.95399,0.95431,1.15,1.00
2015.04.02 13:31:38.048,0.95402,0.95434,1.15,1.15
2015.04.02 13:31:38.349,0.95398,0.9543,4.50,1.00
2015.04.02 13:31:38.755,0.95399,0.95431,1.15,1.15
2015.04.02 13:31:41.984,0.954,0.95432,1.15,1.17
2015.04.02 13:31:43.597,0.95405,0.95431,1.00,1.10
2015.04.02 13:31:44.339,0.95404,0.95435,1.10,1.15
2015.04.02 13:31:47.885,0.95405,0.95436,1.00,3.07
2015.04.02 13:31:48.187,0.95406,0.95439,1.17,3.07
2015.04.02 13:31:48.439,0.95402,0.95436,3.07,1.15
2015.04.02 13:31:48.490,0.95402,0.95436,1.15,1.15
2015.04.02 13:31:50.139,0.95401,0.95433,1.07,1.15
2015.04.02 13:31:50.189,0.95398,0.95432,1.15,1.27
2015.04.02 13:31:50.240,0.95401,0.95432,2.25,1.20
2015.04.02 13:31:50.290,0.95403,0.95436,1.15,1.15
2015.04.02 13:31:50.643,0.95402,0.95437,2.32,2.32
2015.04.02 13:31:50.693,0.954,0.95437,1.15,4.50
2015.04.02 13:31:53.252,0.95405,0.95441,2.32,1.15
2015.04.02 13:31:53.566,0.95408,0.95445,2.32,2.32
2015.04.02 13:31:54.475,0.9541,0.95447,3.07,1.15
2015.04.02 13:31:56.078,0.95409,0.95444,1.15,3.07
2015.04.02 13:31:56.380,0.95407,0.95439,1.15,1.15
2015.04.02 13:32:03.501,0.95404,0.95437,1.17,3.07
2015.04.02 13:32:03.804,0.95397,0.95431,1.65,1.17
2015.04.02 13:32:04.407,0.954,0.95434,4.50,1.00
2015.04.02 13:32:04.709,0.95395,0.95431,5.25,1.15
2015.04.02 13:32:06.155,0.95401,0.95434,1.00,5.25
2015.04.02 13:32:06.811,0.95401,0.95435,1.15,1.15
2015.04.02 13:32:08.516,0.95399,0.95432,1.15,1.15
2015.04.02 13:32:09.220,0.95402,0.95433,1.00,2.32
2015.04.02 13:32:09.321,0.95402,0.95434,1.15,1.15
2015.04.02 13:32:09.723,0.95398,0.95431,1.15,1.15
2015.04.02 13:32:10.478,0.95399,0.95434,1.15,2.32
2015.04.02 13:32:10.528,0.95401,0.95437,1.15,1.27
2015.04.02 13:32:11.423,0.95405,0.95438,1.00,2.32
2015.04.02 13:32:11.625,0.95408,0.95438,1.00,2.32
2015.04.02 13:32:11.725,0.95411,0.95442,1.00,3.45
2015.04.02 13:32:11.826,0.95411,0.95443,1.17,1.65
2015.04.02 13:32:11.977,0.95414,0.95444,1.00,2.32
2015.04.02 13:32:12.185,0.95411,0.95442,1.17,1.15
2015.04.02 13:32:12.739,0.95414,0.95444,1.00,2.32
2015.04.02 13:32:13.242,0.95413,0.95444,1.00,2.32
2015.04.02 13:32:14.393,0.95412,0.95443,1.10,1.15
2015.04.02 13:32:16.252,0.95406,0.95438,2.25,2.25
2015.04.02 13:32:16.303,0.95404,0.95438,1.20,4.87
2015.04.02 13:32:16.706,0.95407,0.95438,1.00,4.50
2015.04.02 13:32:17.009,0.95409,0.95438,1.00,4.50
2015.04.02 13:32:17.553,0.95407,0.95438,1.00,4.50
2015.04.02 13:32:20.294,0.95408,0.95438,1.00,4.50
2015.04.02 13:32:20.525,0.9541,0.95438,1.00,4.50
2015.04.02 13:32:20.626,0.9541,0.95441,1.00,3.82
2015.04.02 13:32:23.957,0.95411,0.95441,1.00,3.07
2015.04.02 13:32:24.654,0.9541,0.95441,1.00,3.07
2015.04.02 13:32:25.393,0.95409,0.95441,1.10,2.32
2015.04.02 13:32:25.944,0.9541,0.95441,1.00,3.07
2015.04.02 13:32:26.447,0.95407,0.95441,1.15,3.07
2015.04.02 13:32:26.648,0.95407,0.95438,1.00,1.15
2015.04.02 13:32:26.699,0.95403,0.95439,1.17,3.07
2015.04.02 13:32:28.252,0.954,0.95435,1.17,2.32
2015.04.02 13:32:30.061,0.95401,0.95431,1.00,2.32
2015.04.02 13:32:30.162,0.95406,0.9544,1.20,5.25
2015.04.02 13:32:30.212,0.95408,0.9544,1.00,4.50
2015.04.02 13:32:30.514,0.9541,0.95442,1.10,3.07
2015.04.02 13:32:30.816,0.95412,0.95442,1.00,2.32
2015.04.02 13:32:30.967,0.95414,0.95445,1.00,3.07
2015.04.02 13:32:31.118,0.95412,0.95444,1.10,1.15
2015.04.02 13:32:32.870,0.9541,0.95442,1.00,5.62
2015.04.02 13:32:33.172,0.95418,0.95442,1.10,1.00
2015.04.02 13:32:33.374,0.9542,0.95446,1.00,1.00
2015.04.02 13:32:33.726,0.95422,0.95452,1.00,2.32
2015.04.02 13:32:33.978,0.95422,0.95455,1.00,4.50
2015.04.02 13:32:35.625,0.9542,0.95452,1.15,1.15
2015.04.02 13:32:36.335,0.9542,0.95451,1.07,3.07
2015.04.02 13:32:36.385,0.95417,0.9545,1.17,3.07
2015.04.02 13:32:36.486,0.95415,0.95447,1.10,2.32
2015.04.02 13:32:36.788,0.95412,0.95445,1.00,4.50
2015.04.02 13:32:37.337,0.9541,0.95445,1.15,4.50
2015.04.02 13:32:39.245,0.95412,0.95445,1.00,5.25
2015.04.02 13:32:40.424,0.95413,0.95445,1.00,4.50
2015.04.02 13:32:41.190,0.95412,0.95445,1.00,5.25
2015.04.02 13:32:42.625,0.95411,0.95445,1.20,5.25
2015.04.02 13:32:42.734,0.95416,0.95445,1.00,4.50
2015.04.02 13:32:42.835,0.95416,0.95448,1.10,2.32
2015.04.02 13:32:42.886,0.95419,0.95448,1.07,2.25
2015.04.02 13:32:42.936,0.95419,0.95453,1.15,2.70
2015.04.02 13:32:43.448,0.95422,0.95453,1.00,2.32
2015.04.02 13:32:44.059,0.95423,0.95453,1.00,2.32
2015.04.02 13:32:44.412,0.9542,0.95453,1.17,2.32
2015.04.02 13:32:44.759,0.95421,0.95453,1.17,2.32
2015.04.02 13:32:44.810,0.95421,0.95455,1.15,1.15
2015.04.02 13:32:44.860,0.95421,0.95453,1.07,1.15
2015.04.02 13:32:44.911,0.95421,0.95453,1.00,1.15
2015.04.02 13:32:45.443,0.9542,0.95451,1.20,1.15
2015.04.02 13:32:46.270,0.95421,0.95453,1.00,1.15
2015.04.02 13:32:46.772,0.9542,0.95452,1.20,1.15
2015.04.02 13:32:47.365,0.95418,0.9545,1.07,1.15
2015.04.02 13:32:47.676,0.95418,0.9545,1.10,3.07
2015.04.02 13:32:49.685,0.95418,0.9545,1.17,2.32
2015.04.02 13:32:49.735,0.95418,0.95452,1.15,1.15
2015.04.02 13:32:49.886,0.95417,0.95448,1.17,1.07
2015.04.02 13:32:49.937,0.95417,0.95448,1.20,1.15
2015.04.02 13:32:50.138,0.95419,0.95451,1.00,4.50
2015.04.02 13:32:50.454,0.95419,0.95453,1.15,1.15
2015.04.02 13:32:52.645,0.95423,0.95454,1.00,2.32
2015.04.02 13:32:52.746,0.95424,0.95458,1.17,3.07
2015.04.02 13:32:53.273,0.95426,0.95456,1.00,1.15
2015.04.02 13:32:54.858,0.95428,0.95458,1.00,3.07
2015.04.02 13:32:55.265,0.95428,0.9546,1.10,3.07
2015.04.02 13:32:55.910,0.95429,0.95456,1.00,1.17
2015.04.02 13:32:56.965,0.95429,0.95459,1.17,1.10
2015.04.02 13:32:57.016,0.95429,0.95459,1.07,1.17
2015.04.02 13:32:57.318,0.95429,0.9546,1.00,3.07
2015.04.02 13:32:57.821,0.95425,0.9546,1.15,3.07
2015.04.02 13:33:00.731,0.95427,0.9546,1.15,2.25
2015.04.02 13:33:00.781,0.95427,0.95459,1.15,1.00
2015.04.02 13:33:01.033,0.95426,0.95457,2.32,1.10
2015.04.02 13:33:01.084,0.95424,0.95457,1.65,1.20
2015.04.02 13:33:02.576,0.95429,0.95461,1.00,1.15
2015.04.02 13:33:03.112,0.9543,0.95462,1.00,5.25
2015.04.02 13:33:03.668,0.95429,0.95461,1.00,1.15
2015.04.02 13:33:04.918,0.95429,0.95461,1.07,1.07
2015.04.02 13:33:04.968,0.95432,0.95464,1.07,1.15
2015.04.02 13:33:06.100,0.95433,0.95465,1.17,3.07
2015.04.02 13:33:06.151,0.95433,0.95465,1.15,1.20
2015.04.02 13:33:06.402,0.95434,0.95467,2.32,1.07
2015.04.02 13:33:06.453,0.95434,0.95467,4.50,1.00
2015.04.02 13:33:06.504,0.95436,0.95469,2.32,1.07
2015.04.02 13:33:06.655,0.95434,0.95467,1.15,1.00
2015.04.02 13:33:06.806,0.95433,0.95466,3.82,1.07
2015.04.02 13:33:06.856,0.95433,0.95464,1.15,1.00
2015.04.02 13:33:06.907,0.95434,0.95464,2.32,1.00
2015.04.02 13:33:06.957,0.95437,0.95471,1.15,1.15
2015.04.02 13:33:07.008,0.95439,0.95471,2.32,1.07
2015.04.02 13:33:07.059,0.95441,0.95474,2.32,1.07
2015.04.02 13:33:07.109,0.95441,0.95474,2.25,1.15
2015.04.02 13:33:07.160,0.95436,0.95467,3.07,1.00
2015.04.02 13:33:07.663,0.95434,0.95466,1.15,1.17
2015.04.02 13:33:08.510,0.95434,0.95468,3.07,1.07
2015.04.02 13:33:08.561,0.95436,0.95468,2.32,1.10
2015.04.02 13:33:08.661,0.95442,0.95471,1.20,1.00
2015.04.02 13:33:08.963,0.95439,0.95471,1.10,1.00
2015.04.02 13:33:09.064,0.95438,0.95473,1.07,1.10
2015.04.02 13:33:09.165,0.95438,0.95471,1.07,1.00
2015.04.02 13:33:09.869,0.95437,0.95472,1.00,1.15
2015.04.02 13:33:09.920,0.95432,0.95465,1.15,1.00
2015.04.02 13:33:10.021,0.95437,0.9547,1.00,1.10
2015.04.02 13:33:10.293,0.95434,0.95467,1.10,1.00
2015.04.02 13:33:10.614,0.95433,0.95465,1.17,1.00
2015.04.02 13:33:10.920,0.95434,0.95467,1.10,1.00
2015.04.02 13:33:11.122,0.95431,0.95465,1.15,1.00
2015.04.02 13:33:11.625,0.95431,0.95466,1.15,1.00
2015.04.02 13:33:12.132,0.95433,0.95467,1.17,1.00
2015.04.02 13:33:12.475,0.95436,0.95468,1.00,1.00
2015.04.02 13:33:12.874,0.95434,0.95467,1.10,1.00
2015.04.02 13:33:13.128,0.95436,0.95467,1.00,1.00
2015.04.02 13:33:13.343,0.95434,0.95467,1.10,1.00
2015.04.02 13:33:13.444,0.95436,0.95469,1.00,1.00
2015.04.02 13:33:13.757,0.95432,0.95465,1.15,1.00
2015.04.02 13:33:14.066,0.95429,0.95462,2.25,1.07
2015.04.02 13:33:14.117,0.95427,0.9546,1.10,1.10
2015.04.02 13:33:14.283,0.95425,0.95464,1.15,1.00
2015.04.02 13:33:14.434,0.95428,0.95461,2.32,1.00
2015.04.02 13:33:14.737,0.95429,0.95461,2.32,1.17
2015.04.02 13:33:14.787,0.9543,0.95464,1.20,5.25
2015.04.02 13:33:15.027,0.9544,0.95471,1.15,1.07
2015.04.02 13:33:15.128,0.95441,0.95472,1.15,1.10
2015.04.02 13:33:15.439,0.9544,0.95473,1.15,1.15
2015.04.02 13:33:15.489,0.9544,0.95473,1.15,1.15
2015.04.02 13:33:15.741,0.95436,0.95468,2.32,1.07
2015.04.02 13:33:15.792,0.95435,0.95468,1.15,1.15
2015.04.02 13:33:17.848,0.95434,0.95464,2.25,1.00
2015.04.02 13:33:17.899,0.95432,0.95464,1.15,1.07
2015.04.02 13:33:17.949,0.9543,0.95461,2.32,1.10
2015.04.02 13:33:18.000,0.95428,0.95461,3.07,1.17
2015.04.02 13:33:18.050,0.95431,0.95463,2.32,1.07
2015.04.02 13:33:18.101,0.95433,0.95463,2.32,1.00
2015.04.02 13:33:18.499,0.95433,0.95465,2.32,1.10
2015.04.02 13:33:19.052,0.95435,0.95466,2.32,1.07
2015.04.02 13:33:19.303,0.95436,0.9547,1.15,1.15
2015.04.02 13:33:19.354,0.95439,0.9547,2.32,1.07
2015.04.02 13:33:19.807,0.9544,0.95471,2.32,1.00
2015.04.02 13:33:19.958,0.9544,0.95469,2.32,1.00
2015.04.02 13:33:20.257,0.9544,0.95474,2.32,1.15
2015.04.02 13:33:20.358,0.9544,0.95469,2.32,1.00
2015.04.02 13:33:20.611,0.95438,0.9547,5.25,1.00
2015.04.02 13:33:20.711,0.95439,0.95472,1.15,1.00
2015.04.02 13:33:21.164,0.95438,0.95471,2.32,1.57
2015.04.02 13:33:21.215,0.95436,0.95471,5.25,1.65
2015.04.02 13:33:21.366,0.95436,0.95468,4.50,1.00
2015.04.02 13:33:21.869,0.95436,0.95467,4.50,1.00
2015.04.02 13:33:22.322,0.95434,0.95466,2.32,1.10
2015.04.02 13:33:28.502,0.95437,0.95469,1.15,1.07
2015.04.02 13:33:28.603,0.95437,0.95469,3.07,1.10
2015.04.02 13:33:29.143,0.95437,0.95468,2.32,1.00
2015.04.02 13:33:29.647,0.95437,0.95467,2.32,1.00
2015.04.02 13:33:30.052,0.95437,0.95469,2.32,1.10
2015.04.02 13:33:30.254,0.95437,0.9546,2.32,1.00
2015.04.02 13:33:30.355,0.95433,0.9546,2.32,1.00
2015.04.02 13:33:30.456,0.9543,0.95461,1.15,1.10
2015.04.02 13:33:30.506,0.95432,0.95465,1.17,1.17
2015.04.02 13:33:30.557,0.95432,0.95465,1.15,1.20
2015.04.02 13:33:30.607,0.95435,0.95465,2.32,1.10
2015.04.02 13:33:30.959,0.95436,0.9547,2.32,1.15
2015.04.02 13:33:31.412,0.95442,0.95473,1.07,2.25
2015.04.02 13:33:31.463,0.95442,0.95474,1.15,1.20
2015.04.02 13:33:31.835,0.9544,0.95471,2.32,1.07
2015.04.02 13:33:31.886,0.95439,0.95471,1.65,1.17
2015.04.02 13:33:32.138,0.95439,0.95468,1.15,1.00
2015.04.02 13:33:33.169,0.95434,0.95467,3.07,1.07
2015.04.02 13:33:33.270,0.95434,0.95467,1.15,1.15
2015.04.02 13:33:33.472,0.95432,0.95464,1.15,1.00
2015.04.02 13:33:33.975,0.95431,0.95463,4.50,1.00
2015.04.02 13:33:34.368,0.95433,0.95465,1.15,1.00
2015.04.02 13:33:34.883,0.95434,0.95466,1.15,1.20
2015.04.02 13:33:35.411,0.95431,0.95465,5.25,1.00
2015.04.02 13:33:35.686,0.95431,0.95465,3.07,1.07
2015.04.02 13:33:35.737,0.95431,0.95465,1.15,1.15
2015.04.02 13:33:36.089,0.95428,0.95462,2.32,1.17
2015.04.02 13:33:36.140,0.95427,0.95462,1.15,3.07
2015.04.02 13:33:36.492,0.95425,0.95456,2.25,1.07
2015.04.02 13:33:36.542,0.95424,0.95454,1.17,1.07
2015.04.02 13:33:37.723,0.95424,0.95457,2.32,1.07
2015.04.02 13:33:37.774,0.95424,0.95457,4.50,1.00
2015.04.02 13:33:38.324,0.95425,0.95458,1.15,1.20
2015.04.02 13:33:42.685,0.95425,0.95458,2.32,1.10
2015.04.02 13:33:42.786,0.95429,0.9546,2.32,1.00
2015.04.02 13:33:42.887,0.9543,0.95462,3.07,1.10
2015.04.02 13:33:43.390,0.95436,0.95467,1.00,3.07
2015.04.02 13:33:43.916,0.95434,0.95467,1.17,2.32
2015.04.02 13:33:44.521,0.95434,0.95467,1.15,2.32
2015.04.02 13:33:44.719,0.95434,0.95468,1.15,1.15
2015.04.02 13:33:46.982,0.95434,0.95459,1.15,1.00
2015.04.02 13:33:47.134,0.95434,0.95464,1.07,1.07
2015.04.02 13:33:47.235,0.95434,0.95464,1.00,3.07
2015.04.02 13:33:47.335,0.95434,0.95466,1.57,1.15
2015.04.02 13:33:48.417,0.95434,0.95468,1.65,3.07
2015.04.02 13:33:48.467,0.95434,0.95468,1.65,1.17
2015.04.02 13:33:49.739,0.95436,0.95469,3.07,1.07
2015.04.02 13:33:49.790,0.95437,0.95469,2.32,1.10
2015.04.02 13:33:50.507,0.95437,0.95468,2.32,1.00
2015.04.02 13:33:51.044,0.95437,0.95467,2.32,1.00
2015.04.02 13:33:51.596,0.95434,0.95467,1.15,1.20
2015.04.02 13:33:52.148,0.95433,0.95466,4.87,1.50
2015.04.02 13:33:52.248,0.95433,0.95466,2.32,1.57
2015.04.02 13:33:52.299,0.95431,0.95466,2.32,1.65
2015.04.02 13:33:53.053,0.95431,0.95461,2.70,1.00
2015.04.02 13:33:53.104,0.95429,0.95461,1.15,1.07
2015.04.02 13:33:56.316,0.9543,0.95463,5.25,1.00
2015.04.02 13:33:56.417,0.95435,0.95466,1.17,1.07
2015.04.02 13:33:56.518,0.95436,0.95468,1.15,1.07
2015.04.02 13:33:57.676,0.95435,0.95466,2.32,1.00
2015.04.02 13:33:57.726,0.95435,0.95466,2.32,1.07
2015.04.02 13:33:57.827,0.95432,0.95463,1.15,1.10
2015.04.02 13:33:58.129,0.95432,0.95464,1.17,1.15
2015.04.02 13:33:58.431,0.9543,0.95462,1.57,2.32
2015.04.02 13:33:58.532,0.9543,0.95464,1.15,1.15
2015.04.02 13:33:58.632,0.9543,0.95463,1.50,4.50
2015.04.02 13:33:59.135,0.95428,0.95459,1.15,1.15
2015.04.02 13:34:00.416,0.95426,0.95459,1.17,1.15
2015.04.02 13:34:00.467,0.95426,0.95459,1.20,1.15
2015.04.02 13:34:00.618,0.95427,0.9546,1.07,3.07
2015.04.02 13:34:00.669,0.95429,0.95461,1.10,1.65
2015.04.02 13:34:01.224,0.95426,0.95458,1.17,2.25
2015.04.02 13:34:01.585,0.95422,0.95456,1.20,3.82
2015.04.02 13:34:02.163,0.95423,0.95456,1.00,3.82
2015.04.02 13:34:02.673,0.9542,0.95455,1.15,1.15
2015.04.02 13:34:03.524,0.95423,0.95456,1.07,1.65
2015.04.02 13:34:04.027,0.95425,0.95457,1.17,1.15
2015.04.02 13:34:05.471,0.95426,0.95457,1.15,1.17
2015.04.02 13:34:06.123,0.9543,0.95461,1.00,3.07
2015.04.02 13:34:06.173,0.9543,0.95461,1.15,1.07
2015.04.02 13:34:07.341,0.95427,0.95459,1.55,1.15
2015.04.02 13:34:07.542,0.95427,0.95458,1.00,2.32
2015.04.02 13:34:08.045,0.95423,0.95457,1.15,1.65
2015.04.02 13:34:10.089,0.95423,0.95455,1.10,2.32
2015.04.02 13:34:10.391,0.95417,0.95446,1.15,1.00
2015.04.02 13:34:10.693,0.95418,0.95446,1.15,1.00
2015.04.02 13:34:11.146,0.95419,0.95451,1.15,1.65
2015.04.02 13:34:11.649,0.95423,0.95455,1.00,2.32
2015.04.02 13:34:11.699,0.95423,0.95456,1.17,1.15
2015.04.02 13:34:12.203,0.95426,0.95457,1.00,2.70
2015.04.02 13:34:12.253,0.95426,0.95461,1.20,6.37
2015.04.02 13:34:12.404,0.95428,0.95461,1.00,6.37
2015.04.02 13:34:12.748,0.95433,0.95456,1.00,1.00
2015.04.02 13:34:12.799,0.95433,0.95462,1.50,1.15
2015.04.02 13:34:13.302,0.95431,0.95457,1.10,1.00
2015.04.02 13:34:13.403,0.95434,0.95457,1.00,1.00
2015.04.02 13:34:13.554,0.95432,0.95461,1.15,1.00
2015.04.02 13:34:13.605,0.95432,0.95461,1.10,1.17
2015.04.02 13:34:13.907,0.95431,0.95457,1.07,1.00
2015.04.02 13:34:15.266,0.95433,0.95457,1.00,1.00
2015.04.02 13:34:15.568,0.95433,0.95461,1.00,1.17
2015.04.02 13:34:16.763,0.95432,0.95456,1.10,1.00
2015.04.02 13:34:16.864,0.95432,0.95466,1.07,3.07
2015.04.02 13:34:17.367,0.95435,0.95466,1.10,1.15
2015.04.02 13:34:17.922,0.95436,0.95466,1.00,1.15
2015.04.02 13:34:18.576,0.95432,0.95466,1.15,1.65
2015.04.02 13:34:18.677,0.95432,0.95461,1.10,1.17
2015.04.02 13:34:19.079,0.95431,0.95456,1.07,1.00
2015.04.02 13:34:21.837,0.95433,0.95462,1.00,1.15
2015.04.02 13:34:22.384,0.95433,0.95462,1.15,1.10
2015.04.02 13:34:23.586,0.95434,0.95461,1.17,1.00
2015.04.02 13:34:25.581,0.9543,0.95457,2.32,1.00
2015.04.02 13:34:25.883,0.95433,0.95462,1.15,1.10
2015.04.02 13:34:26.910,0.95434,0.95461,1.65,1.00
2015.04.02 13:34:29.322,0.95434,0.95461,1.15,1.00
2015.04.02 13:34:29.423,0.95441,0.95466,1.20,1.00
2015.04.02 13:34:29.882,0.95438,0.95471,1.15,1.15
2015.04.02 13:34:30.083,0.95438,0.95466,1.15,1.00
2015.04.02 13:34:30.283,0.95438,0.95472,1.15,2.02
2015.04.02 13:34:31.592,0.95439,0.95467,1.15,1.00
2015.04.02 13:34:33.782,0.95442,0.95467,1.00,1.00
2015.04.02 13:34:34.034,0.95443,0.95472,1.15,1.10
2015.04.02 13:34:34.236,0.95445,0.95467,1.00,1.00
2015.04.02 13:34:34.387,0.95445,0.95472,1.00,1.15
2015.04.02 13:34:34.438,0.95439,0.95472,1.15,1.65
2015.04.02 13:34:34.589,0.95442,0.95466,1.10,1.00
2015.04.02 13:34:34.740,0.95435,0.95466,1.15,1.00
2015.04.02 13:34:34.790,0.95435,0.95462,1.15,1.00
2015.04.02 13:34:35.042,0.95435,0.95467,1.15,1.10
2015.04.02 13:34:35.565,0.95434,0.95462,1.15,1.00
2015.04.02 13:34:36.068,0.95435,0.95461,1.17,1.00
2015.04.02 13:34:37.108,0.95434,0.95462,1.15,1.00
2015.04.02 13:34:37.720,0.95437,0.95462,1.00,1.00
2015.04.02 13:34:38.265,0.95437,0.95462,1.07,1.00
2015.04.02 13:34:38.467,0.95446,0.95474,1.15,1.00
2015.04.02 13:34:38.576,0.95446,0.95476,1.15,1.00
2015.04.02 13:34:38.677,0.95446,0.95476,1.10,1.15
2015.04.02 13:34:39.431,0.95441,0.95476,3.00,3.07
2015.04.02 13:34:39.481,0.9544,0.95472,1.17,1.15
2015.04.02 13:34:40.544,0.95441,0.95473,1.10,1.15
2015.04.02 13:34:40.594,0.95439,0.95471,1.57,1.15
2015.04.02 13:34:44.802,0.95444,0.95468,1.00,1.07
2015.04.02 13:34:45.155,0.95439,0.95466,1.10,1.00
2015.04.02 13:34:45.658,0.95438,0.95467,1.07,1.57
2015.04.02 13:34:46.161,0.95439,0.95466,1.10,1.00
2015.04.02 13:34:46.813,0.95439,0.95466,1.57,1.00
2015.04.02 13:34:47.873,0.95443,0.95472,1.00,1.65
2015.04.02 13:34:50.892,0.95444,0.95471,1.00,1.15
2015.04.02 13:34:51.626,0.95443,0.95472,1.50,1.27
2015.04.02 13:34:52.311,0.95444,0.95471,1.00,1.15
2015.04.02 13:34:52.580,0.95444,0.95471,1.07,1.07
2015.04.02 13:34:52.681,0.95447,0.95477,1.00,1.65
2015.04.02 13:34:52.781,0.95451,0.95477,1.00,1.15
2015.04.02 13:34:53.083,0.95451,0.95477,1.00,1.00
2015.04.02 13:34:53.234,0.95448,0.95477,1.65,1.00
2015.04.02 13:34:53.385,0.95447,0.95476,1.07,1.07
2015.04.02 13:34:53.486,0.95445,0.95476,1.17,1.17
2015.04.02 13:34:53.637,0.95445,0.95471,1.17,1.00
2015.04.02 13:34:54.386,0.95443,0.95475,1.15,1.10
2015.04.02 13:34:54.587,0.95449,0.95475,1.00,1.10
2015.04.02 13:34:55.503,0.95448,0.95477,1.00,1.15
2015.04.02 13:34:57.011,0.95449,0.95476,1.00,1.17
2015.04.02 13:34:57.363,0.95446,0.95471,1.10,1.00
2015.04.02 13:34:59.642,0.95445,0.95472,1.17,1.00
2015.04.02 13:35:00.338,0.95445,0.95471,1.17,1.00
2015.04.02 13:35:00.590,0.95444,0.95471,1.00,1.00
2015.04.02 13:35:00.770,0.95448,0.95477,1.00,3.82
2015.04.02 13:35:00.971,0.95443,0.95472,1.57,1.10
2015.04.02 13:35:01.072,0.95449,0.95476,1.00,1.15
2015.04.02 13:35:01.325,0.95445,0.95477,1.00,2.32
2015.04.02 13:35:01.426,0.95439,0.95471,1.15,1.07
2015.04.02 13:35:01.932,0.95438,0.95467,1.15,1.00
2015.04.02 13:35:02.615,0.95438,0.9547,1.15,1.15
2015.04.02 13:35:03.067,0.95443,0.95473,1.00,2.32
2015.04.02 13:35:04.240,0.95443,0.95474,1.07,2.32
2015.04.02 13:35:04.291,0.95443,0.95476,1.17,3.07
2015.04.02 13:35:05.083,0.95446,0.95476,1.00,2.32
2015.04.02 13:35:05.385,0.95444,0.95473,1.00,3.07
2015.04.02 13:35:05.950,0.95444,0.95472,1.10,1.15
2015.04.02 13:35:06.101,0.95446,0.95476,1.00,2.32
2015.04.02 13:35:06.358,0.95447,0.95478,1.10,2.32
2015.04.02 13:35:06.811,0.95449,0.95476,1.00,1.15
2015.04.02 13:35:07.324,0.95448,0.95473,1.00,1.00
2015.04.02 13:35:08.008,0.95449,0.95473,1.00,1.00
2015.04.02 13:35:08.517,0.95448,0.95473,1.00,1.00
2015.04.02 13:35:08.862,0.95449,0.95473,1.00,1.17
2015.04.02 13:35:09.756,0.95449,0.95471,1.00,1.07
2015.04.02 13:35:11.254,0.95449,0.95473,1.00,1.15
2015.04.02 13:35:12.114,0.95448,0.95472,1.00,1.20
2015.04.02 13:35:12.908,0.95448,0.95471,1.00,1.00
2015.04.02 13:35:13.443,0.95448,0.95473,1.00,1.15
2015.04.02 13:35:14.793,0.95448,0.95471,1.00,1.00
2015.04.02 13:35:16.199,0.95448,0.9547,1.00,1.00
2015.04.02 13:35:16.702,0.95448,0.9547,1.00,1.17
2015.04.02 13:35:16.934,0.95443,0.9547,1.00,1.17
2015.04.02 13:35:17.386,0.95436,0.9547,1.15,1.17
2015.04.02 13:35:17.789,0.9544,0.95468,2.25,1.00
2015.04.02 13:35:17.890,0.9544,0.9547,2.32,1.00
2015.04.02 13:35:17.990,0.9544,0.95474,3.07,1.17
2015.04.02 13:35:18.292,0.95444,0.95471,1.00,1.07
2015.04.02 13:35:18.594,0.95444,0.95467,1.00,1.07
2015.04.02 13:35:19.098,0.95443,0.95467,1.00,1.07
2015.04.02 13:35:19.251,0.95443,0.95474,1.65,1.07
2015.04.02 13:35:19.351,0.95446,0.95481,1.15,4.50
2015.04.02 13:35:19.614,0.95454,0.95481,1.00,4.50
2015.04.02 13:35:19.821,0.95449,0.9548,1.00,1.15
2015.04.02 13:35:19.872,0.95449,0.9548,1.07,1.17
2015.04.02 13:35:19.973,0.95449,0.95481,1.65,1.17
2015.04.02 13:35:20.174,0.95454,0.95484,1.00,2.40
2015.04.02 13:35:20.778,0.95454,0.95477,1.00,1.00
2015.04.02 13:35:21.282,0.95453,0.95477,1.00,1.00
2015.04.02 13:35:21.584,0.95458,0.95477,1.00,1.00
2015.04.02 13:35:21.653,0.95458,0.95484,1.00,1.15
2015.04.02 13:35:21.905,0.95454,0.95485,1.00,2.70
2015.04.02 13:35:22.056,0.95454,0.95488,1.10,2.02
2015.04.02 13:35:22.290,0.95458,0.95491,1.15,1.15
2015.04.02 13:35:22.600,0.95463,0.95492,1.00,5.62
2015.04.02 13:35:22.801,0.95467,0.95492,1.00,1.00
2015.04.02 13:35:22.902,0.95473,0.95499,1.07,2.62
2015.04.02 13:35:22.953,0.95473,0.95505,1.07,1.65
2015.04.02 13:35:23.054,0.95473,0.95505,1.15,1.17
2015.04.02 13:35:23.356,0.95479,0.95507,1.00,1.15
2015.04.02 13:35:23.557,0.95469,0.95502,1.00,1.10
2015.04.02 13:35:23.787,0.95471,0.95505,1.00,1.65
2015.04.02 13:35:24.089,0.95474,0.95507,1.00,1.10
2015.04.02 13:35:24.341,0.95479,0.95508,1.00,1.17
2015.04.02 13:35:24.492,0.95479,0.95514,1.20,1.00
2015.04.02 13:35:24.644,0.95481,0.95518,1.00,1.52
2015.04.02 13:35:25.097,0.95484,0.95517,1.00,1.15
2015.04.02 13:35:25.449,0.95483,0.95514,1.00,1.37
2015.04.02 13:35:25.650,0.95479,0.95511,1.00,1.17
2015.04.02 13:35:25.852,0.95479,0.95511,1.00,2.32
2015.04.02 13:35:26.154,0.95482,0.95519,2.32,2.32
2015.04.02 13:35:26.406,0.95493,0.95526,1.07,1.07
2015.04.02 13:35:26.457,0.95493,0.95531,1.65,1.15
2015.04.02 13:35:26.507,0.95498,0.95531,1.00,1.15
2015.04.02 13:35:26.769,0.95498,0.95537,1.15,2.02
2015.04.02 13:35:26.819,0.95495,0.95535,1.07,2.32
2015.04.02 13:35:27.121,0.95499,0.95535,1.15,1.17
2015.04.02 13:35:27.222,0.95494,0.95531,1.15,1.10
2015.04.02 13:35:27.624,0.95493,0.95529,1.15,1.00
2015.04.02 13:35:27.926,0.95499,0.95529,1.00,1.00
2015.04.02 13:35:28.078,0.95494,0.95527,1.00,1.00
2015.04.02 13:35:28.379,0.95495,0.95533,1.07,3.07
2015.04.02 13:35:28.480,0.95495,0.95533,1.15,1.17
2015.04.02 13:35:28.732,0.95495,0.9553,1.15,1.00
2015.04.02 13:35:29.034,0.95499,0.95528,1.00,1.00
2015.04.02 13:35:29.386,0.95499,0.95525,1.00,1.00
2015.04.02 13:35:29.815,0.95493,0.95525,1.00,1.00
2015.04.02 13:35:30.117,0.95493,0.95521,1.00,2.25
2015.04.02 13:35:30.218,0.95479,0.95509,1.07,1.07
2015.04.02 13:35:30.269,0.95479,0.95503,1.00,1.00
2015.04.02 13:35:30.369,0.95474,0.955,1.00,1.00
2015.04.02 13:35:30.470,0.95474,0.95504,1.00,1.10
2015.04.02 13:35:30.721,0.95473,0.95502,1.00,1.00
2015.04.02 13:35:30.822,0.95473,0.95504,1.00,1.00
2015.04.02 13:35:30.923,0.95473,0.95507,1.00,1.17
2015.04.02 13:35:31.074,0.95473,0.95508,1.57,1.07
2015.04.02 13:35:31.365,0.95474,0.9551,1.00,1.00
2015.04.02 13:35:31.672,0.95474,0.95508,1.00,1.00
2015.04.02 13:35:31.723,0.95474,0.95508,1.15,1.00
2015.04.02 13:35:31.925,0.95474,0.95511,1.15,1.10
2015.04.02 13:35:32.127,0.95474,0.95511,1.00,1.10
2015.04.02 13:35:32.478,0.95479,0.95511,1.00,1.10
2015.04.02 13:35:32.981,0.95484,0.9551,1.00,1.00
2015.04.02 13:35:33.103,0.95478,0.9551,1.00,1.00
2015.04.02 13:35:33.332,0.95471,0.95503,2.62,1.00
2015.04.02 13:35:33.382,0.95471,0.95503,1.00,1.00
2015.04.02 13:35:33.433,0.95468,0.95496,1.07,1.00
2015.04.02 13:35:33.936,0.95469,0.95497,1.00,1.00
2015.04.02 13:35:34.238,0.95469,0.95495,1.00,1.00
2015.04.02 13:35:35.090,0.95468,0.95495,1.00,1.00
2015.04.02 13:35:35.623,0.95468,0.95497,1.00,1.00
2015.04.02 13:35:35.875,0.95474,0.95496,1.00,1.00
2015.04.02 13:35:36.076,0.95474,0.95499,1.00,1.00
2015.04.02 13:35:36.393,0.95474,0.95502,1.00,2.77
2015.04.02 13:35:36.769,0.95479,0.95502,1.00,2.25
2015.04.02 13:35:37.071,0.95479,0.95494,1.00,1.00
2015.04.02 13:35:37.223,0.95468,0.95495,1.00,1.10
2015.04.02 13:35:37.324,0.95474,0.95495,1.00,1.10
2015.04.02 13:35:37.424,0.95469,0.95494,1.00,1.00
2015.04.02 13:35:37.626,0.95464,0.95494,1.00,1.00
2015.04.02 13:35:37.827,0.95464,0.95496,1.15,1.00
2015.04.02 13:35:37.978,0.95464,0.955,1.65,1.00
2015.04.02 13:35:38.079,0.95474,0.95502,1.00,1.20
2015.04.02 13:35:38.582,0.95473,0.95501,1.00,1.00
2015.04.02 13:35:38.934,0.95473,0.95505,1.00,1.00
2015.04.02 13:35:39.085,0.95479,0.95505,1.00,1.00
2015.04.02 13:35:39.387,0.95478,0.95503,1.00,1.00
2015.04.02 13:35:39.588,0.95478,0.95506,1.00,1.00
2015.04.02 13:35:40.041,0.95479,0.95503,1.00,1.00
2015.04.02 13:35:40.292,0.95479,0.95506,1.00,1.00
2015.04.02 13:35:40.845,0.95473,0.95502,1.00,1.00
2015.04.02 13:35:41.046,0.95478,0.95507,1.00,1.65
2015.04.02 13:35:41.585,0.95474,0.9551,1.00,2.02
2015.04.02 13:35:41.686,0.95472,0.95512,1.00,6.37
2015.04.02 13:35:41.938,0.95468,0.95503,1.15,1.07
2015.04.02 13:35:42.039,0.95468,0.95503,1.17,1.17
2015.04.02 13:35:42.139,0.9547,0.95507,1.07,1.27
2015.04.02 13:35:42.240,0.9547,0.95508,1.15,1.15
2015.04.02 13:35:42.818,0.95474,0.95511,1.00,2.32
2015.04.02 13:35:43.471,0.95475,0.95511,1.00,2.32
2015.04.02 13:35:43.723,0.95478,0.95515,1.00,2.32
2015.04.02 13:35:44.563,0.95476,0.95514,1.10,1.52
2015.04.02 13:35:45.443,0.95477,0.95515,1.00,2.70
2015.04.02 13:35:45.543,0.95486,0.95517,1.00,3.45
2015.04.02 13:35:45.745,0.95482,0.95516,1.10,1.07
2015.04.02 13:35:45.896,0.95484,0.95518,1.00,1.15
2015.04.02 13:35:46.198,0.95473,0.95511,1.65,1.07
2015.04.02 13:35:46.449,0.95474,0.95511,1.10,3.07
2015.04.02 13:35:46.550,0.95476,0.95509,1.00,1.65
2015.04.02 13:35:46.751,0.95478,0.95511,1.10,1.00
2015.04.02 13:35:46.903,0.95476,0.95514,1.15,1.57
2015.04.02 13:35:47.218,0.95477,0.95512,1.17,1.00
2015.04.02 13:35:47.707,0.95481,0.95516,1.00,1.15
2015.04.02 13:35:48.022,0.95483,0.95517,1.00,1.65
2015.04.02 13:35:48.173,0.95479,0.95512,1.00,1.00
2015.04.02 13:35:48.324,0.95479,0.95516,1.50,1.65
2015.04.02 13:35:48.425,0.95481,0.95516,1.00,1.65
2015.04.02 13:35:48.626,0.95479,0.95515,1.50,1.17
2015.04.02 13:35:48.878,0.95479,0.95511,1.00,1.00
2015.04.02 13:35:49.281,0.95473,0.95508,1.15,1.00
2015.04.02 13:35:49.382,0.95476,0.95512,1.00,1.15
2015.04.02 13:35:49.685,0.95481,0.95515,1.00,1.10
2015.04.02 13:35:49.937,0.95479,0.95514,1.10,1.00
2015.04.02 13:35:50.389,0.95475,0.95512,1.15,1.00
2015.04.02 13:35:50.779,0.95475,0.95512,1.07,1.17
2015.04.02 13:35:51.293,0.95473,0.95509,1.15,1.00
2015.04.02 13:35:51.783,0.95473,0.9551,1.50,1.52
2015.04.02 13:35:51.834,0.95471,0.95507,1.10,1.10
2015.04.02 13:35:51.935,0.95468,0.95505,2.02,1.00
2015.04.02 13:35:52.136,0.95465,0.95503,1.17,1.17
2015.04.02 13:35:52.438,0.95463,0.95502,1.57,1.65
2015.04.02 13:35:52.877,0.95466,0.95502,1.00,1.15
2015.04.02 13:35:52.928,0.95469,0.95505,1.00,1.15
2015.04.02 13:35:52.979,0.95469,0.95505,1.17,1.17
2015.04.02 13:35:53.821,0.95474,0.95504,1.00,1.10
2015.04.02 13:35:54.374,0.95469,0.95505,1.17,1.17
2015.04.02 13:35:54.777,0.95473,0.95505,1.00,1.65
2015.04.02 13:35:55.162,0.95473,0.95505,1.00,2.02
2015.04.02 13:35:55.576,0.95474,0.95506,1.00,1.65
2015.04.02 13:35:56.080,0.95474,0.95506,1.00,1.00
2015.04.02 13:35:56.130,0.95479,0.95507,1.00,1.00
2015.04.02 13:35:56.231,0.95479,0.95512,1.00,1.15
2015.04.02 13:35:56.583,0.95483,0.95514,1.00,1.27
2015.04.02 13:35:56.684,0.95477,0.95514,1.15,1.15
2015.04.02 13:35:57.288,0.95476,0.95513,1.00,3.07
2015.04.02 13:35:57.690,0.95468,0.95501,1.00,1.17
2015.04.02 13:35:57.952,0.95464,0.955,1.07,1.07
2015.04.02 13:35:58.085,0.95469,0.95498,1.00,1.00
2015.04.02 13:35:58.588,0.95468,0.95499,1.00,1.10
2015.04.02 13:35:59.239,0.95468,0.95498,1.00,1.00
2015.04.02 13:35:59.441,0.95471,0.95507,1.00,2.02
2015.04.02 13:35:59.541,0.9547,0.95499,1.00,1.00
2015.04.02 13:35:59.642,0.9547,0.95506,1.00,1.65
2015.04.02 13:35:59.693,0.9547,0.95502,1.10,2.32
2015.04.02 13:35:59.793,0.9547,0.95505,1.15,1.15
2015.04.02 13:36:00.803,0.9547,0.95502,1.10,2.32
2015.04.02 13:36:01.693,0.95468,0.95504,1.15,1.15
2015.04.02 13:36:02.202,0.95473,0.95505,1.00,2.32
2015.04.02 13:36:02.706,0.95468,0.95505,1.15,2.32
2015.04.02 13:36:03.008,0.9547,0.95507,2.32,3.45
2015.04.02 13:36:03.804,0.95466,0.95502,1.15,3.07
2015.04.02 13:36:04.598,0.95468,0.95504,2.32,1.52
2015.04.02 13:36:04.699,0.95465,0.95502,1.15,4.50
2015.04.02 13:36:04.800,0.95465,0.95499,1.20,4.50
2015.04.02 13:36:05.102,0.95467,0.95503,2.32,1.15
2015.04.02 13:36:05.404,0.95464,0.95496,1.65,1.15
2015.04.02 13:36:06.777,0.95465,0.95499,2.32,2.32
2015.04.02 13:36:06.828,0.95465,0.95502,4.50,1.15
2015.04.02 13:36:07.180,0.95469,0.95501,1.07,2.32
2015.04.02 13:36:07.582,0.95469,0.95498,1.00,2.32
2015.04.02 13:36:07.633,0.95464,0.95498,1.20,4.50
2015.04.02 13:36:08.086,0.95464,0.95496,1.10,2.32
2015.04.02 13:36:08.387,0.95464,0.95494,1.00,2.32
2015.04.02 13:36:08.850,0.95464,0.95489,1.00,2.32
2015.04.02 13:36:08.901,0.95464,0.95491,1.00,2.32
2015.04.02 13:36:09.214,0.95464,0.95497,1.00,2.32
2015.04.02 13:36:09.320,0.95464,0.955,1.15,2.32
2015.04.02 13:36:09.803,0.95469,0.955,1.00,3.07
2015.04.02 13:36:10.113,0.95468,0.95495,1.00,4.50
2015.04.02 13:36:10.163,0.95459,0.95495,1.15,4.50
2015.04.02 13:36:10.214,0.95457,0.95491,1.15,2.32
2015.04.02 13:36:10.894,0.95456,0.95491,1.15,2.32
2015.04.02 13:36:10.944,0.95456,0.95495,3.07,3.07
2015.04.02 13:36:11.397,0.95466,0.95495,1.07,2.62
2015.04.02 13:36:11.448,0.95466,0.95501,1.15,2.32
2015.04.02 13:36:13.003,0.95466,0.95501,3.07,2.32
2015.04.02 13:36:13.053,0.95467,0.95502,2.32,1.15
2015.04.02 13:36:13.405,0.9547,0.95504,1.15,2.70
2015.04.02 13:36:13.456,0.9547,0.95505,3.07,1.15
2015.04.02 13:36:13.651,0.95472,0.95505,2.32,1.07
2015.04.02 13:36:13.702,0.95465,0.95502,2.32,1.15
2015.04.02 13:36:13.957,0.95464,0.955,1.15,1.15
2015.04.02 13:36:14.058,0.95464,0.95498,1.07,2.32
2015.04.02 13:36:14.361,0.9546,0.95495,1.15,2.32
2015.04.02 13:36:14.663,0.9546,0.95497,5.25,1.15
2015.04.02 13:36:14.898,0.9546,0.95495,3.00,2.32
2015.04.02 13:36:14.949,0.95458,0.95493,1.65,2.32
2015.04.02 13:36:14.999,0.95458,0.95491,1.57,2.32
2015.04.02 13:36:15.050,0.95458,0.9549,1.10,2.32
2015.04.02 13:36:15.101,0.95458,0.95488,1.10,2.32
2015.04.02 13:36:15.302,0.95453,0.95488,1.15,5.25
2015.04.02 13:36:17.341,0.95454,0.95484,1.00,2.32
2015.04.02 13:36:17.442,0.95454,0.9549,1.65,1.15
2015.04.02 13:36:17.644,0.95458,0.95491,1.00,5.25
2015.04.02 13:36:17.945,0.95448,0.95481,1.00,4.50
2015.04.02 13:36:18.247,0.95448,0.95483,1.15,2.32
2015.04.02 13:36:21.839,0.95449,0.9548,1.00,2.32
2015.04.02 13:36:22.141,0.95449,0.95476,1.00,2.32
2015.04.02 13:36:22.593,0.95444,0.95476,1.10,3.07
2015.04.02 13:36:22.945,0.95444,0.95474,1.00,4.50
2015.04.02 13:36:23.252,0.95444,0.95471,1.00,4.50
2015.04.02 13:36:23.353,0.95438,0.95471,1.00,4.50
2015.04.02 13:36:23.454,0.95438,0.95471,1.57,2.32
2015.04.02 13:36:23.756,0.95444,0.95473,1.00,2.32
2015.04.02 13:36:24.261,0.95443,0.95473,1.00,2.32
2015.04.02 13:36:25.352,0.95444,0.95474,2.25,2.25
2015.04.02 13:36:25.453,0.95446,0.95482,1.15,1.15
2015.04.02 13:36:26.702,0.9545,0.95483,1.00,2.32
2015.04.02 13:36:27.058,0.9545,0.95484,1.07,2.32
2015.04.02 13:36:27.159,0.95452,0.95486,1.17,1.15
2015.04.02 13:36:27.361,0.95459,0.95488,1.00,2.32
2015.04.02 13:36:27.462,0.95458,0.95492,1.07,2.32
2015.04.02 13:36:27.562,0.95458,0.95489,1.07,2.32
2015.04.02 13:36:29.170,0.95459,0.95488,1.00,2.32
2015.04.02 13:36:29.673,0.95459,0.95489,1.00,2.32
2015.04.02 13:36:31.601,0.95458,0.95489,1.00,2.32
2015.04.02 13:36:32.107,0.95453,0.95489,1.15,2.32
2015.04.02 13:36:32.668,0.95454,0.95485,1.07,2.32
2015.04.02 13:36:32.768,0.95454,0.95485,1.00,2.32
2015.04.02 13:36:33.272,0.95453,0.95485,1.10,2.32
2015.04.02 13:36:33.875,0.95449,0.95481,1.17,2.32
2015.04.02 13:36:33.976,0.95449,0.95481,1.10,2.32
2015.04.02 13:36:34.177,0.9545,0.95483,1.07,2.32
2015.04.02 13:36:34.278,0.9545,0.95486,1.15,4.50
2015.04.02 13:36:34.329,0.95454,0.95486,1.00,4.50
2015.04.02 13:36:35.111,0.95449,0.95486,1.15,4.50
2015.04.02 13:36:35.721,0.95451,0.95486,2.32,2.32
2015.04.02 13:36:35.772,0.95451,0.95488,2.32,2.70
2015.04.02 13:36:42.395,0.95453,0.95484,1.00,2.32
2015.04.02 13:36:42.777,0.95449,0.9548,1.07,1.15
2015.04.02 13:36:42.828,0.95449,0.9548,1.00,3.07
2015.04.02 13:36:42.879,0.95442,0.95478,2.32,2.32
2015.04.02 13:36:42.929,0.9544,0.95477,1.15,2.32
2015.04.02 13:36:42.980,0.9544,0.95474,1.17,2.32
2015.04.02 13:36:43.030,0.95438,0.95473,1.15,2.32
2015.04.02 13:36:43.081,0.95439,0.9547,1.07,2.32
2015.04.02 13:36:43.131,0.95439,0.95469,1.00,2.32
2015.04.02 13:36:43.438,0.95438,0.95473,1.65,2.32
2015.04.02 13:36:43.489,0.95438,0.95473,1.65,2.32
2015.04.02 13:36:43.640,0.95438,0.95473,1.15,4.50
2015.04.02 13:36:43.843,0.95444,0.95473,1.00,4.50
2015.04.02 13:36:44.635,0.95443,0.95473,1.00,4.50
2015.04.02 13:36:45.538,0.95443,0.95475,1.10,3.07
2015.04.02 13:36:45.789,0.95443,0.95475,1.17,2.32
2015.04.02 13:36:45.840,0.95444,0.95478,1.15,1.27
2015.04.02 13:36:45.891,0.95448,0.9548,1.10,2.32
2015.04.02 13:36:45.941,0.95448,0.95481,1.17,1.15
2015.04.02 13:36:46.143,0.95454,0.95484,1.00,3.07
2015.04.02 13:36:46.596,0.95449,0.95484,1.10,2.32
2015.04.02 13:36:47.838,0.95448,0.95481,1.00,2.32
2015.04.02 13:36:47.939,0.95442,0.95481,1.15,2.70
2015.04.02 13:36:50.310,0.95441,0.95476,1.15,2.25
2015.04.02 13:36:50.512,0.95438,0.95473,1.15,2.32
2015.04.02 13:36:52.610,0.95435,0.95469,3.07,2.32
2015.04.02 13:36:52.711,0.95433,0.95469,1.27,2.32
2015.04.02 13:36:53.114,0.95431,0.95466,2.70,2.32
2015.04.02 13:36:53.215,0.95429,0.95466,3.82,2.32
2015.04.02 13:36:53.618,0.95438,0.95466,1.00,2.32
2015.04.02 13:36:53.969,0.95444,0.95466,1.00,2.32
2015.04.02 13:36:55.426,0.95444,0.95467,1.00,2.32
2015.04.02 13:36:55.527,0.95444,0.95469,1.00,2.32
2015.04.02 13:36:55.627,0.95438,0.95469,1.00,2.32
2015.04.02 13:36:56.141,0.95439,0.95469,1.00,4.20
2015.04.02 13:36:56.644,0.95438,0.95467,1.00,1.15
2015.04.02 13:36:57.192,0.95439,0.95469,1.00,4.95
2015.04.02 13:36:57.393,0.95432,0.95467,2.32,1.15
2015.04.02 13:36:57.444,0.95431,0.95467,3.07,3.07
2015.04.02 13:36:57.545,0.9543,0.95467,1.15,5.62
2015.04.02 13:36:58.050,0.95434,0.95467,1.00,4.50
2015.04.02 13:36:58.588,0.95428,0.95466,4.50,1.65
2015.04.02 13:36:58.638,0.95428,0.95463,2.32,2.32
2015.04.02 13:36:58.840,0.95423,0.9546,3.07,3.07
2015.04.02 13:36:59.239,0.95429,0.95461,1.57,2.32
2015.04.02 13:36:59.441,0.95438,0.95467,1.07,1.17
2015.04.02 13:36:59.964,0.95435,0.95471,3.07,1.15
2015.04.02 13:37:00.267,0.95438,0.95474,2.32,3.07
2015.04.02 13:37:00.771,0.95438,0.95474,3.07,1.15
2015.04.02 13:37:01.978,0.95443,0.95472,1.00,2.32
2015.04.02 13:37:02.129,0.9544,0.95472,1.10,3.07
2015.04.02 13:37:02.331,0.95443,0.95472,1.00,3.07
2015.04.02 13:37:02.633,0.95448,0.95472,1.00,2.32
2015.04.02 13:37:02.884,0.95443,0.95472,1.00,2.32
2015.04.02 13:37:02.935,0.95443,0.9547,1.00,2.32
2015.04.02 13:37:04.062,0.95438,0.9547,1.00,4.50
2015.04.02 13:37:04.214,0.9544,0.9547,1.00,2.32
2015.04.02 13:37:04.264,0.9544,0.95473,1.00,2.32
2015.04.02 13:37:04.315,0.95448,0.95473,1.00,2.32
2015.04.02 13:37:04.647,0.95444,0.95471,1.00,1.15
2015.04.02 13:37:04.949,0.95444,0.95471,1.00,1.17
2015.04.02 13:37:06.081,0.95443,0.95472,1.10,1.15
2015.04.02 13:37:06.591,0.95444,0.95471,1.00,1.17
2015.04.02 13:37:07.030,0.95448,0.95475,1.00,2.32
2015.04.02 13:37:07.381,0.95448,0.95477,1.00,1.27
2015.04.02 13:37:08.181,0.95444,0.95478,1.17,2.32
2015.04.02 13:37:08.282,0.95444,0.95476,1.10,2.32
2015.04.02 13:37:08.587,0.95439,0.95476,1.15,4.50
2015.04.02 13:37:09.945,0.95443,0.95476,1.00,4.50
2015.04.02 13:37:10.398,0.95445,0.95476,1.00,4.50
2015.04.02 13:37:10.650,0.95451,0.95487,1.15,2.32
2015.04.02 13:37:10.902,0.95452,0.95488,3.07,2.32
2015.04.02 13:37:11.342,0.95459,0.95489,1.00,2.32
2015.04.02 13:37:11.649,0.95459,0.95487,1.00,2.32
2015.04.02 13:37:12.073,0.95458,0.95482,1.00,2.25
2015.04.02 13:37:12.123,0.95449,0.95482,1.57,2.25
2015.04.02 13:37:12.174,0.95449,0.95479,1.00,2.32
2015.04.02 13:37:14.307,0.95449,0.9548,1.10,2.32
2015.04.02 13:37:14.812,0.95449,0.95481,1.10,2.32
2015.04.02 13:37:16.216,0.95449,0.95483,1.57,2.70
2015.04.02 13:37:16.267,0.95449,0.95485,1.65,2.32
2015.04.02 13:37:16.569,0.95458,0.95485,1.00,2.32
2015.04.02 13:37:17.070,0.95459,0.95485,1.00,2.32
2015.04.02 13:37:17.310,0.95464,0.95491,1.00,3.07
2015.04.02 13:37:17.665,0.95459,0.95491,1.10,3.07
2015.04.02 13:37:18.123,0.95453,0.95487,3.82,2.32
2015.04.02 13:37:18.174,0.95453,0.95487,1.65,2.32
2015.04.02 13:37:18.632,0.95459,0.95487,1.00,2.32
2015.04.02 13:37:22.305,0.95459,0.95489,1.10,2.32
2015.04.02 13:37:22.405,0.95461,0.95493,1.07,2.70
2015.04.02 13:37:22.506,0.95461,0.95496,1.15,1.65
2015.04.02 13:37:22.800,0.95462,0.95491,1.07,3.00
2015.04.02 13:37:23.002,0.95464,0.95491,1.00,1.07
2015.04.02 13:37:23.216,0.95459,0.9549,1.07,2.25
2015.04.02 13:37:23.668,0.95459,0.9549,1.00,2.32
2015.04.02 13:37:23.718,0.95462,0.95491,1.07,2.25
2015.04.02 13:37:23.819,0.95464,0.95497,1.00,4.50
2015.04.02 13:37:24.021,0.95464,0.95497,1.07,2.32
2015.04.02 13:37:24.122,0.95464,0.95496,1.17,2.32
2015.04.02 13:37:24.376,0.95468,0.95496,1.00,2.32
2015.04.02 13:37:24.577,0.95463,0.95496,1.17,2.32
2015.04.02 13:37:24.779,0.95468,0.95496,1.00,2.32
2015.04.02 13:37:24.931,0.95463,0.95496,1.65,2.32
2015.04.02 13:37:25.610,0.95463,0.95497,1.17,2.32
2015.04.02 13:37:25.711,0.95464,0.955,1.15,4.50
2015.04.02 13:37:25.912,0.95469,0.955,1.00,4.50
2015.04.02 13:37:26.115,0.95459,0.95495,1.15,2.32
2015.04.02 13:37:26.317,0.95459,0.9549,1.07,2.25
2015.04.02 13:37:26.418,0.95459,0.9549,1.00,2.32
2015.04.02 13:37:26.820,0.95454,0.95486,1.17,2.32
2015.04.02 13:37:27.122,0.95454,0.95488,1.07,2.32
2015.04.02 13:37:27.223,0.95454,0.9549,1.15,4.50
2015.04.02 13:37:27.324,0.95455,0.9549,2.32,2.32
2015.04.02 13:37:27.525,0.95453,0.95489,1.15,3.07
2015.04.02 13:37:27.740,0.95455,0.95491,2.32,3.07
2015.04.02 13:37:28.246,0.95458,0.95492,1.15,2.32
2015.04.02 13:37:29.246,0.95459,0.95493,1.17,2.32
2015.04.02 13:37:29.297,0.95459,0.95495,1.15,1.15
2015.04.02 13:37:29.654,0.95457,0.95493,3.07,2.32
2015.04.02 13:37:29.704,0.95455,0.95493,1.15,3.07
2015.04.02 13:37:29.856,0.95453,0.95487,3.07,2.62
2015.04.02 13:37:29.906,0.95453,0.95487,1.20,4.87
2015.04.02 13:37:29.957,0.95448,0.95481,3.82,1.45
2015.04.02 13:37:30.007,0.95448,0.95481,1.15,1.52
2015.04.02 13:37:30.108,0.95443,0.9548,1.15,1.55
2015.04.02 13:37:30.159,0.95444,0.95482,1.15,1.15
2015.04.02 13:37:30.461,0.95447,0.95485,3.00,2.32
2015.04.02 13:37:30.512,0.95447,0.95486,3.07,1.17
2015.04.02 13:37:30.562,0.95447,0.95486,3.07,1.55
2015.04.02 13:37:30.663,0.95449,0.95485,1.15,1.07
2015.04.02 13:37:30.965,0.95449,0.95484,1.15,1.47
2015.04.02 13:37:31.167,0.95449,0.95488,1.15,1.27
2015.04.02 13:37:31.418,0.95454,0.95489,1.00,3.07
2015.04.02 13:37:31.821,0.95459,0.95485,1.00,1.07
2015.04.02 13:37:32.073,0.95453,0.95482,1.00,1.15
2015.04.02 13:37:32.917,0.95454,0.95481,1.00,1.20
2015.04.02 13:37:34.073,0.95454,0.9548,1.00,2.25
2015.04.02 13:37:34.123,0.95444,0.95474,1.00,1.00
2015.04.02 13:37:34.174,0.95444,0.95474,1.00,1.07
2015.04.02 13:37:34.942,0.95438,0.95472,1.17,1.17
2015.04.02 13:37:35.545,0.95438,0.95472,1.10,3.07
2015.04.02 13:37:35.646,0.95434,0.95466,1.00,1.00
2015.04.02 13:37:35.747,0.95434,0.95466,1.00,1.07
2015.04.02 13:37:35.848,0.95429,0.95466,1.17,1.15
2015.04.02 13:37:35.898,0.95434,0.95465,1.00,1.15
2015.04.02 13:37:36.049,0.95434,0.9547,1.10,1.65
2015.04.02 13:37:36.150,0.95439,0.95472,1.00,3.82
2015.04.02 13:37:36.251,0.95439,0.95472,1.00,1.65
2015.04.02 13:37:36.352,0.95433,0.95474,1.15,1.15
2015.04.02 13:37:37.061,0.95433,0.95471,1.15,3.07
2015.04.02 13:37:37.112,0.95432,0.95471,1.15,3.07
2015.04.02 13:37:37.364,0.95433,0.95471,3.07,1.15
2015.04.02 13:37:37.414,0.95434,0.95472,1.15,1.65
2015.04.02 13:37:37.565,0.95433,0.9547,1.65,1.07
2015.04.02 13:37:37.616,0.95433,0.9547,1.10,1.15
2015.04.02 13:37:37.867,0.95444,0.95469,1.00,1.15
2015.04.02 13:37:38.119,0.95438,0.95469,1.20,1.00
2015.04.02 13:37:38.170,0.95438,0.95472,1.65,1.20
2015.04.02 13:37:38.321,0.95444,0.95477,1.00,5.25
2015.04.02 13:37:38.852,0.95443,0.95477,1.00,5.25
2015.04.02 13:37:39.163,0.95442,0.95481,1.15,1.52
2015.04.02 13:37:39.666,0.95444,0.9548,1.15,1.15
2015.04.02 13:37:39.968,0.95444,0.95479,1.07,1.17
2015.04.02 13:37:40.271,0.95445,0.95481,1.15,2.32
2015.04.02 13:37:41.780,0.95445,0.95479,2.32,1.17
2015.04.02 13:37:41.830,0.9545,0.95484,1.10,2.32
2015.04.02 13:37:41.881,0.9545,0.95485,1.07,2.32
2015.04.02 13:37:41.931,0.9545,0.95486,1.15,1.65
2015.04.02 13:37:42.183,0.95459,0.95488,1.00,4.50
2015.04.02 13:37:42.727,0.95454,0.95486,1.20,1.15
2015.04.02 13:37:42.778,0.95454,0.95485,1.10,2.32
2015.04.02 13:37:42.828,0.95449,0.95485,1.65,4.50
2015.04.02 13:37:42.879,0.95454,0.95485,2.25,2.25
2015.04.02 13:37:42.929,0.95456,0.9549,1.15,1.15
2015.04.02 13:37:43.483,0.95453,0.95488,1.15,2.32
2015.04.02 13:37:44.022,0.95454,0.95488,1.15,3.07
2015.04.02 13:37:45.292,0.95454,0.95489,3.07,2.32
2015.04.02 13:37:45.342,0.95454,0.9549,3.07,1.65
2015.04.02 13:37:47.201,0.95457,0.9549,3.07,1.57
2015.04.02 13:37:47.251,0.95457,0.9549,5.25,1.00
2015.04.02 13:37:47.402,0.9546,0.95496,2.32,2.32
2015.04.02 13:37:47.453,0.9546,0.95497,4.50,2.02
2015.04.02 13:37:48.882,0.95469,0.95499,1.00,5.25
2015.04.02 13:37:49.083,0.95464,0.95499,1.15,5.25
2015.04.02 13:37:49.306,0.95469,0.95499,1.00,5.25
2015.04.02 13:37:49.627,0.95469,0.95495,1.00,2.32
2015.04.02 13:37:49.980,0.95463,0.95495,1.10,2.32
2015.04.02 13:37:50.383,0.95464,0.95491,1.00,2.32
2015.04.02 13:37:50.635,0.95453,0.95488,1.27,2.32
2015.04.02 13:37:50.685,0.95453,0.95485,1.27,2.32
2015.04.02 13:37:51.289,0.95454,0.95486,1.07,2.32
2015.04.02 13:37:51.391,0.95455,0.9549,1.15,2.32
2015.04.02 13:37:52.821,0.95459,0.9549,1.00,2.32
2015.04.02 13:37:52.922,0.95459,0.95488,1.00,2.32
2015.04.02 13:37:53.073,0.95453,0.95488,1.17,3.07
2015.04.02 13:37:54.091,0.95454,0.95488,2.25,1.15
2015.04.02 13:37:54.292,0.95458,0.95497,2.32,5.32
2015.04.02 13:37:54.800,0.95464,0.95497,1.00,2.32
2015.04.02 13:37:56.163,0.95463,0.95497,1.10,2.32
2015.04.02 13:37:57.899,0.95463,0.95498,1.57,2.32
2015.04.02 13:37:58.618,0.95464,0.95499,1.15,2.70
2015.04.02 13:37:59.144,0.95464,0.95497,1.07,2.70
2015.04.02 13:37:59.194,0.95464,0.95497,1.00,4.87
2015.04.02 13:37:59.899,0.95469,0.95497,1.00,4.50
2015.04.02 13:38:00.402,0.95468,0.95497,1.00,4.50
2015.04.02 13:38:01.403,0.95464,0.95494,1.00,2.32
2015.04.02 13:38:01.706,0.95463,0.95492,1.10,2.32
2015.04.02 13:38:01.857,0.95459,0.95491,1.00,1.15
2015.04.02 13:38:02.657,0.95453,0.95491,5.25,1.15
2015.04.02 13:38:02.707,0.95453,0.95486,3.07,2.25
2015.04.02 13:38:02.808,0.95453,0.95486,1.17,2.32
2015.04.02 13:38:03.311,0.95454,0.95483,1.00,2.32
2015.04.02 13:38:03.815,0.95453,0.95483,1.00,2.32
2015.04.02 13:38:04.460,0.95454,0.95483,1.00,2.32
2015.04.02 13:38:05.066,0.95453,0.95483,1.00,2.32
2015.04.02 13:38:05.367,0.95448,0.95479,1.00,1.15
2015.04.02 13:38:05.619,0.95454,0.95481,1.00,4.50
2015.04.02 13:38:07.699,0.95454,0.95484,1.00,1.15
2015.04.02 13:38:07.800,0.95464,0.95489,1.00,4.50
2015.04.02 13:38:08.882,0.95463,0.95489,1.00,2.32
2015.04.02 13:38:08.932,0.95463,0.95492,1.00,4.50
2015.04.02 13:38:09.572,0.95459,0.95492,1.00,4.50
2015.04.02 13:38:10.088,0.95457,0.95492,1.15,4.50
2015.04.02 13:38:10.189,0.9546,0.95492,1.00,4.50
2015.04.02 13:38:10.513,0.9546,0.95494,1.17,2.32
2015.04.02 13:38:10.815,0.95464,0.95497,1.17,2.32
2015.04.02 13:38:11.167,0.95464,0.95498,1.17,2.32
2015.04.02 13:38:11.218,0.95464,0.955,1.15,2.32
2015.04.02 13:38:11.924,0.95465,0.95497,1.17,2.32
2015.04.02 13:38:12.025,0.95464,0.95497,1.07,2.32
2015.04.02 13:38:12.347,0.95463,0.95494,1.10,2.32
2015.04.02 13:38:12.850,0.95464,0.95494,1.00,2.32
2015.04.02 13:38:13.953,0.95464,0.95496,1.07,2.32
2015.04.02 13:38:14.054,0.95464,0.95498,1.15,2.70
2015.04.02 13:38:14.268,0.95473,0.95498,1.00,2.70
2015.04.02 13:38:14.550,0.95473,0.95502,1.00,3.07
2015.04.02 13:38:14.601,0.95479,0.95502,1.00,2.32
2015.04.02 13:38:14.956,0.95479,0.95504,1.00,2.32
2015.04.02 13:38:15.457,0.95479,0.95505,1.00,2.32
2015.04.02 13:38:17.392,0.95474,0.95505,1.00,2.32
2015.04.02 13:38:17.613,0.95478,0.95505,1.00,2.32
2015.04.02 13:38:18.116,0.95479,0.95505,1.00,2.32
2015.04.02 13:38:18.417,0.95483,0.95505,1.00,2.32
2015.04.02 13:38:18.921,0.95479,0.95504,1.00,4.50
2015.04.02 13:38:19.223,0.95479,0.95506,1.00,1.15
2015.04.02 13:38:19.679,0.95479,0.95506,1.00,1.17
2015.04.02 13:38:19.780,0.95479,0.95506,1.00,1.10
2015.04.02 13:38:20.323,0.95483,0.95508,1.00,1.15
2015.04.02 13:38:20.877,0.95474,0.95511,1.10,2.32
2015.04.02 13:38:20.978,0.95468,0.95502,3.07,1.57
2015.04.02 13:38:21.028,0.95468,0.95502,1.15,1.65
2015.04.02 13:38:21.179,0.95469,0.95502,1.07,2.32
2015.04.02 13:38:21.481,0.95469,0.95504,1.15,1.15
2015.04.02 13:38:21.783,0.95474,0.95506,1.07,2.32
2015.04.02 13:38:21.834,0.95474,0.9551,1.15,5.25
2015.04.02 13:38:25.305,0.95479,0.9551,1.00,4.50
2015.04.02 13:38:25.658,0.95478,0.95507,1.00,2.32
2015.04.02 13:38:26.162,0.95473,0.95507,1.20,4.50
2015.04.02 13:38:27.075,0.95474,0.95507,1.00,4.50
2015.04.02 13:38:27.833,0.95473,0.95507,1.65,4.50
2015.04.02 13:38:28.370,0.95479,0.95507,1.00,4.50
2015.04.02 13:38:28.470,0.95474,0.95507,1.00,4.50
2015.04.02 13:38:28.672,0.95474,0.95507,1.07,2.32
2015.04.02 13:38:28.773,0.95474,0.9551,1.15,3.07
2015.04.02 13:38:29.299,0.95479,0.95507,1.00,2.32
2015.04.02 13:38:29.457,0.95474,0.95507,1.07,2.32
2015.04.02 13:38:29.894,0.95469,0.95501,1.17,3.07
2015.04.02 13:38:30.411,0.95469,0.955,1.10,1.15
2015.04.02 13:38:34.627,0.95468,0.95497,1.00,2.62
2015.04.02 13:38:34.981,0.95469,0.95494,1.00,2.32
2015.04.02 13:38:35.975,0.95468,0.95494,1.00,2.32
2015.04.02 13:38:36.183,0.95468,0.95496,1.00,2.32
2015.04.02 13:38:36.286,0.95468,0.95497,1.00,2.02
2015.04.02 13:38:36.834,0.95469,0.95498,1.00,5.62
2015.04.02 13:38:37.210,0.95468,0.95494,1.00,2.32
2015.04.02 13:38:37.587,0.95469,0.9549,1.00,2.32
2015.04.02 13:38:38.040,0.95463,0.9549,1.00,2.32
2015.04.02 13:38:39.046,0.95464,0.9549,1.00,2.32
2015.04.02 13:38:39.297,0.95464,0.95493,1.00,2.32
2015.04.02 13:38:39.398,0.95469,0.95495,1.00,2.32
2015.04.02 13:38:39.500,0.95469,0.95497,1.00,2.32
2015.04.02 13:38:39.827,0.95464,0.95497,1.07,2.32
2015.04.02 13:38:40.153,0.95469,0.95497,1.00,2.32
2015.04.02 13:38:40.656,0.95468,0.95497,1.00,2.32
2015.04.02 13:38:42.872,0.95465,0.95497,1.10,2.32
2015.04.02 13:38:43.023,0.95464,0.95494,1.00,2.32
2015.04.02 13:38:43.325,0.95468,0.95494,1.00,2.32
2015.04.02 13:38:43.718,0.95469,0.95498,1.00,2.32
2015.04.02 13:38:44.873,0.95468,0.95498,1.00,2.32
2015.04.02 13:38:46.058,0.95469,0.95498,1.00,2.32
2015.04.02 13:38:46.310,0.95474,0.95498,1.00,2.32
2015.04.02 13:38:48.038,0.95473,0.95498,1.00,2.32
2015.04.02 13:38:50.352,0.95469,0.95498,1.00,2.32
2015.04.02 13:38:50.804,0.95474,0.95498,1.00,2.32
2015.04.02 13:38:51.260,0.95468,0.95498,1.00,2.32
2015.04.02 13:38:51.764,0.95469,0.95498,1.00,2.32
2015.04.02 13:38:52.518,0.95469,0.95495,1.00,4.50
2015.04.02 13:38:53.213,0.95468,0.95495,1.00,4.50
2015.04.02 13:38:53.515,0.95473,0.95495,1.00,4.50
2015.04.02 13:38:54.522,0.95473,0.95498,1.00,2.32
2015.04.02 13:38:54.673,0.95468,0.95498,1.00,2.32
2015.04.02 13:38:54.949,0.95468,0.95501,1.17,2.32
2015.04.02 13:38:55.402,0.95469,0.95499,1.10,2.32
2015.04.02 13:38:55.805,0.95468,0.95496,1.07,1.07
2015.04.02 13:38:55.856,0.95466,0.95496,4.50,1.00
2015.04.02 13:38:55.957,0.95467,0.95504,1.15,1.15
2015.04.02 13:38:56.108,0.95473,0.95505,1.00,4.50
2015.04.02 13:38:56.661,0.95474,0.95505,1.00,4.50
2015.04.02 13:38:57.347,0.95474,0.95508,1.10,3.45
2015.04.02 13:38:57.869,0.95479,0.95508,1.00,2.32
2015.04.02 13:38:58.170,0.95474,0.95502,1.00,4.50
2015.04.02 13:38:58.271,0.95468,0.95502,1.20,5.25
2015.04.02 13:38:58.573,0.95469,0.95498,1.00,1.15
2015.04.02 13:38:58.624,0.95464,0.95498,1.15,1.15
2015.04.02 13:38:58.674,0.95464,0.95498,1.15,1.15
2015.04.02 13:38:58.725,0.95464,0.955,1.15,1.15
2015.04.02 13:38:59.235,0.95469,0.95502,1.00,2.32
2015.04.02 13:39:00.576,0.95469,0.95503,3.00,2.70
2015.04.02 13:39:00.626,0.95469,0.95504,2.32,1.52
2015.04.02 13:39:00.777,0.95468,0.95502,3.07,1.27
2015.04.02 13:39:01.381,0.95469,0.95501,1.17,1.15
2015.04.02 13:39:01.683,0.95474,0.95501,1.00,1.15
2015.04.02 13:39:02.764,0.95474,0.95503,1.10,1.15
2015.04.02 13:39:02.865,0.95469,0.95501,1.07,1.07
2015.04.02 13:39:02.965,0.95469,0.95501,1.00,1.15
2015.04.02 13:39:03.116,0.95474,0.95499,1.00,1.15
2015.04.02 13:39:03.569,0.95473,0.95503,1.00,1.15
2015.04.02 13:39:04.320,0.95474,0.95503,1.00,1.15
2015.04.02 13:39:05.771,0.95473,0.95504,1.00,2.32
2015.04.02 13:39:06.286,0.95474,0.95504,1.00,2.32
2015.04.02 13:39:07.068,0.95473,0.95504,1.00,2.32
2015.04.02 13:39:08.290,0.95474,0.95506,1.07,2.32
2015.04.02 13:39:08.340,0.95474,0.95508,1.17,4.57
2015.04.02 13:39:08.491,0.95474,0.95508,3.82,1.15
2015.04.02 13:39:08.843,0.95484,0.95511,1.00,3.07
2015.04.02 13:39:09.196,0.95484,0.95509,1.00,3.07
2015.04.02 13:39:09.649,0.95474,0.95507,1.15,1.15
2015.04.02 13:39:09.900,0.95473,0.95504,1.07,3.07
2015.04.02 13:39:09.951,0.95473,0.95504,1.00,3.07
2015.04.02 13:39:10.912,0.95473,0.95506,1.07,3.07
2015.04.02 13:39:11.465,0.95474,0.95506,1.07,1.15
2015.04.02 13:39:14.427,0.95474,0.95508,1.07,1.27
2015.04.02 13:39:14.930,0.95474,0.95509,1.15,1.52
2015.04.02 13:39:18.998,0.95478,0.9551,3.00,1.17
2015.04.02 13:39:19.288,0.95499,0.95529,1.00,4.50
2015.04.02 13:39:19.648,0.95494,0.95527,1.15,1.15
2015.04.02 13:39:20.538,0.95494,0.95525,1.07,2.32
2015.04.02 13:39:21.054,0.95494,0.95525,1.00,3.07
2015.04.02 13:39:23.151,0.95493,0.95521,1.10,1.07
2015.04.02 13:39:27.019,0.95489,0.95522,1.17,1.17
2015.04.02 13:39:27.070,0.95489,0.95522,1.10,1.15
2015.04.02 13:39:28.743,0.95488,0.95524,1.17,2.32
2015.04.02 13:39:28.794,0.9549,0.95526,1.15,4.50
2015.04.02 13:39:29.146,0.95493,0.95526,1.07,2.32
2015.04.02 13:39:29.197,0.95493,0.95529,1.15,4.50
2015.04.02 13:39:30.901,0.95493,0.95523,1.15,1.00
2015.04.02 13:39:30.952,0.95493,0.95523,1.07,1.07
2015.04.02 13:39:31.002,0.95493,0.95523,1.00,1.15
2015.04.02 13:39:31.659,0.95489,0.95523,1.15,1.27
2015.04.02 13:39:34.469,0.95491,0.95523,2.32,1.20
2015.04.02 13:39:34.520,0.95491,0.95525,4.50,1.20
2015.04.02 13:39:35.473,0.95491,0.95525,2.32,1.17
2015.04.02 13:39:35.523,0.95489,0.95525,3.07,1.15
2015.04.02 13:39:36.578,0.95489,0.95523,1.17,2.32
2015.04.02 13:39:36.629,0.95489,0.95523,1.10,3.07
2015.04.02 13:39:38.535,0.95489,0.9552,1.07,1.07
2015.04.02 13:39:38.636,0.95489,0.95523,1.15,1.15
2015.04.02 13:39:38.837,0.95489,0.95523,1.15,1.15
2015.04.02 13:39:38.938,0.95488,0.95519,1.15,1.20
2015.04.02 13:39:39.039,0.95488,0.95519,1.07,3.07
2015.04.02 13:39:39.567,0.95489,0.95516,1.00,1.15
2015.04.02 13:39:40.439,0.95489,0.95516,1.00,1.15
2015.04.02 13:39:40.944,0.95488,0.95516,1.00,1.15
2015.04.02 13:39:41.308,0.95484,0.95515,1.00,1.15
2015.04.02 13:39:41.811,0.95483,0.95516,1.20,1.15
2015.04.02 13:39:42.517,0.95484,0.95514,1.00,1.15
2015.04.02 13:39:43.703,0.95483,0.95514,1.20,1.15
2015.04.02 13:39:44.085,0.95484,0.9551,1.00,1.07
2015.04.02 13:39:44.500,0.95479,0.95516,1.15,5.25
2015.04.02 13:39:44.601,0.95484,0.95516,1.00,5.25
2015.04.02 13:39:45.107,0.95483,0.95516,1.00,4.50
2015.04.02 13:39:45.359,0.95483,0.95519,1.15,1.15
2015.04.02 13:39:48.671,0.95484,0.95516,1.17,2.32
2015.04.02 13:39:49.172,0.95483,0.95515,1.17,1.15
2015.04.02 13:39:50.277,0.95484,0.95509,1.00,1.07
2015.04.02 13:39:50.727,0.95479,0.95506,1.00,1.15
2015.04.02 13:39:50.878,0.95474,0.95505,1.15,1.15
2015.04.02 13:39:51.582,0.95474,0.95503,1.07,3.00
2015.04.02 13:39:51.632,0.95469,0.95503,1.20,5.25
2015.04.02 13:39:51.884,0.95469,0.95503,1.17,2.32
2015.04.02 13:39:51.935,0.95469,0.95504,1.15,1.15
2015.04.02 13:39:52.436,0.95474,0.95506,1.00,1.15
2015.04.02 13:39:53.641,0.95479,0.95507,1.00,3.07
2015.04.02 13:39:56.604,0.95479,0.95508,1.00,3.07
2015.04.02 13:39:57.016,0.95475,0.95513,3.07,1.15
2015.04.02 13:39:57.318,0.95478,0.9551,1.17,3.07
2015.04.02 13:39:58.598,0.95479,0.95512,1.07,3.45
2015.04.02 13:39:58.900,0.95488,0.95513,1.00,3.07
2015.04.02 13:39:59.704,0.95488,0.95515,1.00,2.25
2015.04.02 13:40:00.006,0.95484,0.95516,1.10,3.07
2015.04.02 13:40:00.107,0.95489,0.95516,1.00,3.07
2015.04.02 13:40:02.869,0.95479,0.95516,3.07,3.07
2015.04.02 13:40:02.920,0.95479,0.9551,1.07,2.25
2015.04.02 13:40:02.971,0.95479,0.9551,1.00,2.32
2015.04.02 13:40:03.022,0.9548,0.95511,1.07,2.32
2015.04.02 13:40:03.072,0.95484,0.95515,1.00,2.32
2015.04.02 13:40:04.464,0.95485,0.95515,1.00,2.32
2015.04.02 13:40:04.515,0.95485,0.95517,1.07,2.32
2015.04.02 13:40:04.565,0.95491,0.95518,1.00,2.32
2015.04.02 13:40:04.616,0.95491,0.9552,1.00,2.32
2015.04.02 13:40:04.666,0.95494,0.95521,1.00,3.07
2015.04.02 13:40:04.767,0.95488,0.95521,1.17,3.07
2015.04.02 13:40:05.119,0.95483,0.95519,3.07,2.32
2015.04.02 13:40:05.170,0.95483,0.95519,1.15,2.70
2015.04.02 13:40:06.621,0.95484,0.9552,3.82,3.45
2015.04.02 13:40:07.141,0.95488,0.95521,1.17,3.07
2015.04.02 13:40:07.443,0.95493,0.95521,1.00,2.32
2015.04.02 13:40:08.341,0.95489,0.95521,1.10,3.07
2015.04.02 13:40:11.888,0.95488,0.95518,1.07,2.70
2015.04.02 13:40:12.873,0.95488,0.95518,1.00,3.45
2015.04.02 13:40:13.376,0.95489,0.95519,1.00,2.70
2015.04.02 13:40:14.089,0.95489,0.95516,1.00,2.32
2015.04.02 13:40:15.484,0.95489,0.95514,1.00,2.32
2015.04.02 13:40:16.491,0.95489,0.95517,1.00,2.70
2015.04.02 13:40:17.513,0.95483,0.95517,1.15,3.82
2015.04.02 13:40:17.815,0.95483,0.95515,1.07,2.32
2015.04.02 13:40:17.866,0.95483,0.95514,1.00,2.32
2015.04.02 13:40:19.119,0.95478,0.95514,2.02,2.32
2015.04.02 13:40:19.220,0.95478,0.95507,1.57,2.25
2015.04.02 13:40:19.270,0.95478,0.95506,1.50,2.32
2015.04.02 13:40:19.321,0.95478,0.95503,1.00,2.32
2015.04.02 13:40:19.472,0.95479,0.95506,1.00,2.32
2015.04.02 13:40:19.975,0.95478,0.95506,1.00,2.32
2015.04.02 13:40:20.574,0.95478,0.9551,1.00,4.50
2015.04.02 13:40:21.420,0.95478,0.9551,1.07,2.32
2015.04.02 13:40:21.470,0.95478,0.95514,1.15,3.45
2015.04.02 13:40:22.024,0.95479,0.95514,1.15,2.32
2015.04.02 13:40:22.074,0.95482,0.95516,1.15,2.32
2015.04.02 13:40:22.276,0.95479,0.95513,1.17,3.07
2015.04.02 13:40:22.578,0.95483,0.95511,1.00,4.50
2015.04.02 13:40:22.880,0.95489,0.95511,1.00,4.50
2015.04.02 13:40:23.295,0.95489,0.95515,1.10,2.25
2015.04.02 13:40:23.396,0.95488,0.95517,1.15,1.00
2015.04.02 13:40:23.799,0.95489,0.95517,1.00,2.32
2015.04.02 13:40:24.203,0.95489,0.95519,1.00,2.32
2015.04.02 13:40:24.738,0.95488,0.95519,1.10,2.32
2015.04.02 13:40:24.839,0.95488,0.95522,1.20,5.25
2015.04.02 13:40:24.940,0.95489,0.95518,1.00,3.07
2015.04.02 13:40:25.442,0.95488,0.95517,1.00,2.32
2015.04.02 13:40:25.993,0.95489,0.95517,1.00,2.32
2015.04.02 13:40:26.094,0.95483,0.95517,1.15,2.32
2015.04.02 13:40:27.411,0.95484,0.95515,1.07,2.32
2015.04.02 13:40:27.713,0.95479,0.9551,1.00,4.50
2015.04.02 13:40:31.118,0.95474,0.9551,1.15,5.25
2015.04.02 13:40:31.168,0.95484,0.9551,1.00,4.50
2015.04.02 13:40:31.219,0.95484,0.95519,1.15,2.32
2015.04.02 13:40:31.521,0.95483,0.95516,1.07,2.32
2015.04.02 13:40:31.722,0.95479,0.95514,1.15,4.50
2015.04.02 13:40:31.924,0.95479,0.95516,1.65,1.15
2015.04.02 13:40:32.326,0.95483,0.95519,1.15,1.15
2015.04.02 13:40:32.720,0.95483,0.95518,1.65,2.32
2015.04.02 13:40:33.125,0.95489,0.9552,1.00,2.32
2015.04.02 13:40:34.882,0.95488,0.9552,1.10,2.32
2015.04.02 13:40:35.184,0.95493,0.9552,1.00,2.32
2015.04.02 13:40:35.336,0.95497,0.95529,1.00,2.70
2015.04.02 13:40:35.487,0.95494,0.95529,1.17,2.32
2015.04.02 13:40:35.537,0.95495,0.95531,2.32,1.65
2015.04.02 13:40:35.840,0.955,0.95529,1.00,2.32
2015.04.02 13:40:36.142,0.95504,0.95529,1.00,2.32
2015.04.02 13:40:36.444,0.95509,0.95529,1.00,2.32
2015.04.02 13:40:36.645,0.95504,0.95529,1.00,2.32
2015.04.02 13:40:37.048,0.95504,0.95526,1.00,2.32
2015.04.02 13:40:37.350,0.95503,0.9553,1.00,5.25
2015.04.02 13:40:37.601,0.95494,0.9553,1.15,5.25
2015.04.02 13:40:38.598,0.95503,0.9553,1.00,4.50
2015.04.02 13:40:38.699,0.95499,0.95526,1.00,1.15
2015.04.02 13:40:39.051,0.95504,0.9553,1.00,4.50
2015.04.02 13:40:39.554,0.95504,0.95527,1.00,2.32
2015.04.02 13:40:39.605,0.95498,0.95527,1.00,2.32
2015.04.02 13:40:39.656,0.95498,0.9553,1.10,2.32
2015.04.02 13:40:39.917,0.95494,0.95526,1.65,1.17
2015.04.02 13:40:39.968,0.95494,0.95526,1.17,1.15
2015.04.02 13:40:41.918,0.95493,0.95524,1.07,2.32
2015.04.02 13:40:42.220,0.95493,0.95521,1.00,2.32
2015.04.02 13:40:42.723,0.95494,0.95521,1.00,2.32
2015.04.02 13:40:43.244,0.95493,0.95521,1.00,2.32
2015.04.02 13:40:44.052,0.95494,0.95521,1.00,2.32
2015.04.02 13:40:45.897,0.95488,0.95521,1.17,2.32
2015.04.02 13:40:46.203,0.95494,0.95521,1.00,2.32
2015.04.02 13:40:46.336,0.95489,0.95521,1.10,3.07
2015.04.02 13:40:46.868,0.9548,0.95515,2.32,1.15
2015.04.02 13:40:47.173,0.95489,0.95517,1.00,2.32
2015.04.02 13:40:47.274,0.95489,0.95521,1.00,5.25
2015.04.02 13:40:48.047,0.95488,0.95521,1.00,4.50
2015.04.02 13:40:48.817,0.95489,0.95521,1.00,4.50
2015.04.02 13:40:49.568,0.95489,0.95522,1.15,1.15
2015.04.02 13:40:50.662,0.9549,0.95526,2.32,1.15
2015.04.02 13:40:54.339,0.95489,0.95524,3.82,2.32
2015.04.02 13:40:54.390,0.95489,0.95524,1.65,4.50
2015.04.02 13:40:55.458,0.95489,0.95524,2.32,2.32
2015.04.02 13:40:55.509,0.9549,0.95526,1.15,2.32
2015.04.02 13:40:55.761,0.95494,0.95522,1.00,3.00
2015.04.02 13:40:56.062,0.95499,0.95522,1.00,2.32
2015.04.02 13:40:56.113,0.95488,0.95522,1.17,3.07
2015.04.02 13:40:56.163,0.95488,0.95519,1.10,2.32
2015.04.02 13:40:56.264,0.95488,0.95518,1.10,1.15
2015.04.02 13:40:56.913,0.95489,0.95521,1.00,3.07
2015.04.02 13:40:57.165,0.95483,0.95518,1.15,2.32
2015.04.02 13:40:57.698,0.95483,0.95518,1.15,3.07
2015.04.02 13:40:57.999,0.95481,0.95515,1.17,2.32
2015.04.02 13:40:58.452,0.95476,0.95509,3.45,2.25
2015.04.02 13:40:58.503,0.95476,0.95509,1.07,2.32
2015.04.02 13:40:58.754,0.95476,0.9551,2.25,1.15
2015.04.02 13:40:58.805,0.95476,0.95512,2.32,1.15
2015.04.02 13:40:59.056,0.95484,0.95514,1.10,3.07
2015.04.02 13:40:59.107,0.95484,0.95515,1.10,1.15
2015.04.02 13:41:01.190,0.95483,0.95513,1.00,2.32
2015.04.02 13:41:01.492,0.95488,0.9551,1.00,2.32
2015.04.02 13:41:01.845,0.95484,0.9551,1.00,2.32
2015.04.02 13:41:02.147,0.95489,0.9551,1.00,2.32
2015.04.02 13:41:02.600,0.95478,0.9551,1.10,3.07
2015.04.02 13:41:02.859,0.95478,0.95507,1.00,1.17
2015.04.02 13:41:03.369,0.95479,0.95508,1.00,4.50
2015.04.02 13:41:04.575,0.95478,0.95508,1.00,4.50
2015.04.02 13:41:06.086,0.95479,0.95507,1.00,1.15
2015.04.02 13:41:07.333,0.95474,0.95508,1.20,5.25
2015.04.02 13:41:07.384,0.95474,0.95506,1.17,1.07
2015.04.02 13:41:07.435,0.95474,0.95506,1.15,1.00
2015.04.02 13:41:07.636,0.95489,0.95512,1.00,4.50
2015.04.02 13:41:10.097,0.95488,0.95512,1.00,4.50
2015.04.02 13:41:10.598,0.95489,0.95512,1.00,4.50
2015.04.02 13:41:13.569,0.95484,0.95512,1.00,4.87
2015.04.02 13:41:13.923,0.95484,0.95508,1.00,3.07
2015.04.02 13:41:14.023,0.95484,0.95509,1.00,1.15
2015.04.02 13:41:14.124,0.95474,0.9551,3.82,1.15
2015.04.02 13:41:14.225,0.95474,0.95508,1.17,2.32
2015.04.02 13:41:14.527,0.95473,0.95506,1.00,4.50
2015.04.02 13:41:17.018,0.95474,0.95505,1.00,1.15
2015.04.02 13:41:18.096,0.95473,0.95506,1.20,2.32
2015.04.02 13:41:18.247,0.95485,0.95521,1.15,2.40
2015.04.02 13:41:18.398,0.95489,0.95518,1.00,2.32
2015.04.02 13:41:18.650,0.95484,0.95517,1.20,1.15
2015.04.02 13:41:18.801,0.95484,0.95511,1.10,2.25
2015.04.02 13:41:18.852,0.95478,0.95511,1.17,2.32
2015.04.02 13:41:19.103,0.95478,0.95512,1.17,2.32
2015.04.02 13:41:19.154,0.95478,0.95515,1.65,1.15
2015.04.02 13:41:20.701,0.95478,0.95513,1.15,2.32
2015.04.02 13:41:20.752,0.95478,0.95513,1.17,2.32
2015.04.02 13:41:21.611,0.95484,0.95513,1.00,2.32
2015.04.02 13:41:22.072,0.95479,0.95513,1.10,2.32
2015.04.02 13:41:22.924,0.95479,0.95509,1.00,2.32
2015.04.02 13:41:23.176,0.95473,0.95509,1.27,2.32
2015.04.02 13:41:23.357,0.95479,0.95509,1.00,2.32
2015.04.02 13:41:24.128,0.95478,0.95509,1.00,3.07
2015.04.02 13:41:24.433,0.95479,0.95505,1.00,1.15
2015.04.02 13:41:26.140,0.95478,0.95505,1.00,1.15
2015.04.02 13:41:26.693,0.95479,0.95504,1.00,1.15
2015.04.02 13:41:27.273,0.95474,0.95506,1.10,2.32
2015.04.02 13:41:27.323,0.95484,0.95506,1.00,2.32
2015.04.02 13:41:27.547,0.95483,0.9551,1.00,4.87
2015.04.02 13:41:28.857,0.95484,0.9551,1.00,4.87
2015.04.02 13:41:29.109,0.95479,0.9551,1.00,4.87
2015.04.02 13:41:29.310,0.95484,0.95507,1.00,1.27
2015.04.02 13:41:29.663,0.95479,0.95508,1.00,1.15
2015.04.02 13:41:29.864,0.95474,0.95507,1.15,1.27
2015.04.02 13:41:30.116,0.95479,0.95509,1.00,1.15
2015.04.02 13:41:30.663,0.95478,0.95509,1.00,1.15
2015.04.02 13:41:31.066,0.95474,0.95509,1.15,1.15
2015.04.02 13:41:31.267,0.95474,0.95506,1.10,2.32
2015.04.02 13:41:33.072,0.95474,0.955,1.00,2.32
2015.04.02 13:41:33.173,0.95469,0.95499,1.00,1.15
2015.04.02 13:41:33.374,0.95478,0.955,1.00,3.07
2015.04.02 13:41:33.818,0.95474,0.955,1.00,3.07
2015.04.02 13:41:34.073,0.95479,0.955,1.00,3.07
2015.04.02 13:41:34.376,0.95474,0.955,1.00,2.32
2015.04.02 13:41:34.477,0.95474,0.95503,1.00,2.32
2015.04.02 13:41:34.828,0.95479,0.95503,1.00,2.32
2015.04.02 13:41:35.081,0.95479,0.95506,1.00,2.32
2015.04.02 13:41:35.282,0.95478,0.9551,1.00,3.07
2015.04.02 13:41:35.483,0.95479,0.95512,1.17,2.32
2015.04.02 13:41:36.686,0.95479,0.95508,1.00,2.32
2015.04.02 13:41:37.189,0.95478,0.95508,1.00,3.07
2015.04.02 13:41:37.889,0.95484,0.95508,1.00,2.32
2015.04.02 13:41:38.141,0.95478,0.95508,1.00,2.32
2015.04.02 13:41:38.893,0.95483,0.95512,1.00,2.32
2015.04.02 13:41:39.094,0.95484,0.95514,1.00,2.32
2015.04.02 13:41:39.428,0.95481,0.95514,1.65,2.32
2015.04.02 13:41:39.646,0.95488,0.95514,1.00,2.32
2015.04.02 13:41:40.150,0.95489,0.95514,1.00,2.32
2015.04.02 13:41:41.654,0.95484,0.95514,1.00,2.32
2015.04.02 13:41:41.856,0.95481,0.95514,1.17,2.32
2015.04.02 13:41:41.957,0.95479,0.95511,1.17,2.32
2015.04.02 13:41:42.007,0.95479,0.95509,1.10,1.15
2015.04.02 13:41:42.058,0.95479,0.95507,1.00,2.32
2015.04.02 13:41:43.068,0.95478,0.95505,1.00,1.15
2015.04.02 13:41:43.621,0.95479,0.95507,1.00,4.50
2015.04.02 13:41:43.823,0.95474,0.95507,1.00,4.87
2015.04.02 13:41:44.180,0.95474,0.95508,1.15,2.02
2015.04.02 13:41:44.633,0.95483,0.95508,1.00,1.52
2015.04.02 13:41:45.178,0.95484,0.95509,1.00,1.52
2015.04.02 13:41:45.563,0.95485,0.95512,1.20,3.00
2015.04.02 13:41:45.617,0.95494,0.95519,1.00,4.50
2015.04.02 13:41:45.718,0.95494,0.9552,1.00,1.15
2015.04.02 13:41:46.598,0.95493,0.95521,1.00,3.82
2015.04.02 13:41:46.799,0.95488,0.95521,1.17,3.82
2015.04.02 13:41:47.051,0.95494,0.95521,1.00,3.82
2015.04.02 13:41:48.896,0.95489,0.95521,1.10,2.32
2015.04.02 13:41:49.586,0.95489,0.95519,1.00,4.50
2015.04.02 13:41:50.136,0.95488,0.95517,1.00,1.15
2015.04.02 13:41:51.848,0.95489,0.95516,1.00,1.15
2015.04.02 13:41:52.702,0.95489,0.95516,1.00,5.25
2015.04.02 13:41:53.004,0.95489,0.95509,1.00,2.32
2015.04.02 13:41:53.105,0.95479,0.95509,1.00,2.32
2015.04.02 13:41:53.206,0.95479,0.95506,1.00,2.32
2015.04.02 13:41:53.978,0.95479,0.95504,1.00,2.32
2015.04.02 13:41:54.886,0.95479,0.95501,1.00,2.32
2015.04.02 13:41:55.038,0.95473,0.95503,1.00,1.15
2015.04.02 13:41:56.394,0.95474,0.95504,1.00,3.07
2015.04.02 13:41:56.595,0.95474,0.95501,1.00,1.15
2015.04.02 13:41:58.128,0.95473,0.95501,1.00,1.15
2015.04.02 13:41:59.108,0.95474,0.955,1.00,1.15
2015.04.02 13:41:59.611,0.95473,0.955,1.00,1.15
2015.04.02 13:42:00.011,0.95473,0.95503,1.15,1.60
2015.04.02 13:42:00.162,0.95475,0.9551,1.15,1.42
2015.04.02 13:42:00.364,0.95483,0.95512,1.00,1.15
2015.04.02 13:42:00.666,0.95478,0.95507,1.00,1.15
2015.04.02 13:42:01.341,0.95474,0.95501,1.00,1.00
2015.04.02 13:42:02.430,0.95478,0.95505,1.00,2.32
2015.04.02 13:42:02.632,0.95468,0.95499,1.00,1.00
2015.04.02 13:42:02.733,0.95468,0.95498,1.00,1.17
2015.04.02 13:42:03.270,0.95469,0.95496,1.00,1.50
2015.04.02 13:42:03.751,0.95474,0.95498,1.00,1.17
2015.04.02 13:42:04.646,0.95473,0.95498,1.00,1.17
2015.04.02 13:42:05.393,0.95474,0.95499,1.00,1.52
2015.04.02 13:42:05.896,0.95473,0.95496,1.00,1.00
2015.04.02 13:42:06.399,0.95474,0.95495,1.00,1.00
2015.04.02 13:42:06.900,0.95474,0.95494,1.00,1.00
2015.04.02 13:42:07.302,0.95474,0.95501,1.00,1.15
2015.04.02 13:42:07.353,0.95473,0.95502,1.00,1.27
2015.04.02 13:42:07.655,0.95479,0.95503,1.00,1.15
2015.04.02 13:42:07.906,0.95473,0.95503,1.00,1.15
2015.04.02 13:42:08.108,0.95478,0.95503,1.00,1.15
2015.04.02 13:42:08.659,0.95474,0.95506,1.10,1.10
2015.04.02 13:42:08.860,0.95478,0.95509,1.00,1.52
2015.04.02 13:42:09.139,0.95478,0.95509,1.10,1.00
2015.04.02 13:42:09.190,0.95483,0.95515,1.00,3.45
2015.04.02 13:42:09.291,0.95479,0.95515,1.50,2.32
2015.04.02 13:42:09.392,0.95486,0.95516,1.00,1.17
2015.04.02 13:42:09.643,0.95489,0.95522,1.00,1.15
2015.04.02 13:42:09.945,0.95488,0.9552,1.00,3.07
2015.04.02 13:42:10.367,0.95488,0.95515,1.00,2.32
2015.04.02 13:42:10.619,0.95478,0.95511,1.10,1.07
2015.04.02 13:42:10.670,0.95478,0.95511,1.00,1.15
2015.04.02 13:42:11.173,0.95479,0.95507,1.00,1.10
2015.04.02 13:42:11.695,0.95479,0.95506,1.00,1.50
2015.04.02 13:42:13.426,0.95479,0.95506,1.00,1.57
2015.04.02 13:42:13.936,0.95478,0.95506,1.00,1.15
2015.04.02 13:42:14.438,0.95479,0.95506,1.00,1.15
2015.04.02 13:42:16.146,0.95478,0.95505,1.00,1.15
2015.04.02 13:42:16.546,0.95479,0.95507,1.00,1.17
2015.04.02 13:42:16.949,0.95479,0.95514,1.00,1.15
2015.04.02 13:42:17.100,0.95484,0.95512,1.00,1.17
2015.04.02 13:42:17.452,0.95484,0.95509,1.00,1.15
2015.04.02 13:42:17.553,0.95479,0.95509,1.00,1.15
2015.04.02 13:42:17.905,0.95484,0.95507,1.00,1.17
2015.04.02 13:42:18.107,0.95478,0.95508,1.00,1.65
2015.04.02 13:42:19.156,0.95478,0.95508,1.15,1.00
2015.04.02 13:42:19.257,0.95481,0.95515,1.10,1.95
2015.04.02 13:42:19.358,0.95482,0.95517,2.32,1.00
2015.04.02 13:42:19.515,0.95487,0.95521,1.10,1.15
2015.04.02 13:42:19.565,0.95487,0.95521,3.07,1.15
2015.04.02 13:42:19.886,0.95498,0.95523,1.00,1.15
2015.04.02 13:42:20.624,0.95499,0.95524,1.00,2.32
2015.04.02 13:42:22.375,0.95489,0.95524,1.15,3.82
2015.04.02 13:42:22.447,0.95489,0.95521,1.17,2.32
2015.04.02 13:42:22.497,0.95489,0.95521,1.10,2.32
2015.04.02 13:42:22.819,0.95493,0.95521,1.00,2.32
2015.04.02 13:42:23.324,0.95494,0.95521,1.00,3.07
2015.04.02 13:42:23.475,0.95493,0.95522,1.00,1.15
2015.04.02 13:42:23.677,0.95494,0.95521,1.00,3.07
2015.04.02 13:42:23.979,0.95493,0.95517,1.00,2.32
2015.04.02 13:42:24.584,0.95494,0.95517,1.00,3.07
2015.04.02 13:42:25.295,0.95494,0.95518,1.00,1.15
2015.04.02 13:42:25.798,0.95498,0.9552,1.00,2.32
2015.04.02 13:42:26.349,0.95499,0.9552,1.00,2.32
2015.04.02 13:42:27.603,0.95499,0.95523,1.00,1.65
2015.04.02 13:42:28.104,0.95499,0.95518,1.00,1.00
2015.04.02 13:42:28.610,0.95499,0.95519,1.00,1.10
2015.04.02 13:42:29.114,0.95488,0.95514,1.00,1.07
2015.04.02 13:42:29.215,0.95488,0.9551,1.00,1.17
2015.04.02 13:42:29.315,0.95484,0.9551,1.00,1.17
2015.04.02 13:42:29.416,0.95484,0.95511,1.20,1.00
2015.04.02 13:42:29.467,0.95484,0.95511,1.17,1.00
2015.04.02 13:42:29.518,0.95484,0.95517,1.15,1.17
2015.04.02 13:42:29.568,0.95493,0.95518,1.00,1.15
2015.04.02 13:42:29.669,0.95493,0.95519,1.00,1.17
2015.04.02 13:42:29.720,0.95493,0.95519,1.00,1.10
2015.04.02 13:42:30.076,0.95489,0.95519,1.15,1.10
2015.04.02 13:42:30.177,0.95489,0.95518,1.07,1.07
2015.04.02 13:42:30.328,0.95483,0.95519,3.07,1.15
2015.04.02 13:42:30.669,0.95493,0.9552,1.00,3.07
2015.04.02 13:42:30.770,0.95493,0.9552,1.00,1.07
2015.04.02 13:42:30.821,0.95493,0.9552,1.00,1.00
2015.04.02 13:42:31.073,0.95498,0.95525,1.00,1.15
2015.04.02 13:42:31.685,0.95499,0.95522,1.00,1.17
2015.04.02 13:42:32.495,0.95498,0.95524,1.00,1.15
2015.04.02 13:42:32.646,0.95494,0.95524,1.00,1.15
2015.04.02 13:42:32.916,0.95494,0.95521,1.00,1.65
2015.04.02 13:42:33.067,0.95488,0.95518,1.00,3.07
2015.04.02 13:42:33.168,0.95489,0.95521,1.17,1.15
2015.04.02 13:42:33.419,0.95494,0.9552,1.00,1.15
2015.04.02 13:42:33.620,0.95488,0.95517,1.00,1.15
2015.04.02 13:42:35.579,0.95489,0.95514,1.00,1.17
2015.04.02 13:42:36.196,0.95489,0.95515,1.00,3.07
2015.04.02 13:42:36.348,0.95483,0.95514,1.10,1.15
2015.04.02 13:42:36.700,0.95484,0.95514,1.15,1.00
2015.04.02 13:42:37.151,0.95494,0.95517,1.00,1.15
2015.04.02 13:42:38.737,0.95494,0.95519,1.00,1.15
2015.04.02 13:42:39.362,0.95493,0.95517,1.00,1.10
2015.04.02 13:42:39.665,0.95488,0.95518,1.15,1.17
2015.04.02 13:42:39.815,0.95488,0.95518,1.00,1.15
2015.04.02 13:42:40.116,0.95489,0.95516,1.00,2.32
2015.04.02 13:42:40.317,0.95483,0.95515,1.17,1.15
2015.04.02 13:42:40.871,0.95489,0.95516,1.00,2.32
2015.04.02 13:42:41.175,0.95494,0.95515,1.00,1.15
2015.04.02 13:42:41.326,0.95484,0.95515,1.10,1.15
2015.04.02 13:42:42.229,0.95484,0.95515,1.15,1.17
2015.04.02 13:42:42.631,0.95493,0.95519,1.00,3.07
2015.04.02 13:42:43.231,0.95493,0.95516,1.00,2.32
2015.04.02 13:42:43.383,0.95483,0.95515,1.07,1.15
2015.04.02 13:42:44.344,0.95484,0.95513,1.00,4.50
2015.04.02 13:42:44.738,0.95483,0.95512,1.10,1.17
2015.04.02 13:42:44.889,0.95489,0.95512,1.00,1.17
2015.04.02 13:42:45.140,0.95483,0.9551,1.00,2.32
2015.04.02 13:42:45.241,0.95483,0.95511,1.00,1.17
2015.04.02 13:42:45.342,0.95488,0.95511,1.00,1.17
2015.04.02 13:42:45.543,0.95479,0.95508,1.10,1.17
2015.04.02 13:42:45.895,0.95484,0.9551,1.00,1.15
2015.04.02 13:42:46.886,0.95483,0.95507,1.00,1.07
2015.04.02 13:42:47.095,0.95478,0.95508,1.00,3.07
2015.04.02 13:42:47.147,0.95478,0.95504,1.00,2.32
2015.04.02 13:42:47.248,0.95478,0.95507,1.00,2.32
2015.04.02 13:42:47.348,0.95478,0.9551,1.15,1.15
2015.04.02 13:42:47.651,0.95478,0.95507,1.00,1.15
2015.04.02 13:42:47.953,0.95478,0.95506,1.00,2.32
2015.04.02 13:42:48.104,0.9547,0.95506,1.15,2.32
2015.04.02 13:42:48.410,0.9547,0.95503,1.07,2.32
2015.04.02 13:42:48.461,0.95469,0.95502,1.20,1.15
2015.04.02 13:42:48.611,0.95467,0.95502,2.32,1.15
2015.04.02 13:42:48.662,0.95468,0.95506,1.65,2.32
2015.04.02 13:42:49.316,0.95474,0.95502,1.00,2.70
2015.04.02 13:42:49.468,0.95474,0.95505,1.00,2.32
2015.04.02 13:42:49.738,0.95473,0.95508,1.15,4.95
2015.04.02 13:42:57.554,0.95468,0.95503,1.65,2.32
2015.04.02 13:42:57.856,0.95474,0.95506,1.10,2.32
2015.04.02 13:43:00.845,0.95479,0.95506,1.00,2.32
2015.04.02 13:43:01.849,0.95474,0.95506,1.10,2.32
2015.04.02 13:43:02.149,0.95474,0.95503,1.00,2.32
2015.04.02 13:43:02.401,0.95469,0.95503,1.20,5.62
2015.04.02 13:43:02.452,0.95469,0.95499,1.10,2.32
2015.04.02 13:43:02.603,0.95469,0.95503,1.20,4.50
2015.04.02 13:43:02.654,0.95468,0.95503,3.82,2.32
2015.04.02 13:43:02.879,0.95468,0.95505,3.82,3.07
2015.04.02 13:43:03.081,0.95477,0.95509,1.00,5.25
2015.04.02 13:43:03.383,0.95479,0.95515,3.07,1.15
2015.04.02 13:43:03.685,0.95478,0.95511,1.15,1.15
2015.04.02 13:43:03.786,0.95475,0.9551,1.15,1.15
2015.04.02 13:43:04.993,0.95476,0.95513,4.50,1.52
2015.04.02 13:43:05.462,0.95479,0.95515,2.32,3.07
2015.04.02 13:43:05.513,0.95479,0.95515,4.50,1.15
2015.04.02 13:43:06.459,0.95482,0.95517,2.32,1.15
2015.04.02 13:43:06.510,0.95483,0.9552,1.15,1.15
2015.04.02 13:43:08.675,0.95486,0.95521,4.50,1.15
2015.04.02 13:43:09.659,0.95486,0.95522,3.07,2.70
2015.04.02 13:43:09.709,0.95482,0.95519,3.45,1.15
2015.04.02 13:43:10.162,0.95482,0.95518,1.15,1.17
2015.04.02 13:43:10.480,0.95482,0.95514,1.10,2.32
2015.04.02 13:43:10.883,0.95474,0.95512,1.15,4.50
2015.04.02 13:43:11.186,0.95478,0.95514,1.15,2.32
2015.04.02 13:43:11.487,0.95473,0.95508,1.15,2.32
2015.04.02 13:43:11.869,0.95473,0.95507,2.32,1.17
2015.04.02 13:43:11.919,0.95473,0.95507,2.32,1.10
2015.04.02 13:43:11.970,0.95472,0.95506,2.32,2.25
2015.04.02 13:43:12.020,0.9547,0.95506,1.15,2.32
2015.04.02 13:43:12.171,0.9547,0.95507,3.07,3.07
2015.04.02 13:43:12.222,0.95472,0.95509,1.27,4.50
2015.04.02 13:43:12.876,0.9547,0.95504,2.32,3.07
2015.04.02 13:43:12.926,0.95468,0.95504,1.27,3.07
2015.04.02 13:43:12.977,0.9547,0.95505,2.32,2.32
2015.04.02 13:43:13.027,0.9547,0.95506,2.32,1.15
2015.04.02 13:43:15.017,0.95473,0.9551,4.50,1.15
2015.04.02 13:43:16.685,0.95476,0.95512,4.50,1.27
2015.04.02 13:43:17.389,0.95481,0.95517,2.32,1.52
2015.04.02 13:43:17.691,0.95478,0.95513,1.15,1.15
2015.04.02 13:43:17.892,0.95475,0.95511,1.15,1.15
2015.04.02 13:43:21.527,0.95477,0.95507,2.32,1.00
2015.04.02 13:43:21.577,0.95477,0.95512,2.32,1.27
2015.04.02 13:43:22.190,0.95475,0.95512,3.07,3.07
2015.04.02 13:43:22.241,0.95473,0.95511,5.25,1.15
2015.04.02 13:43:24.816,0.95472,0.95506,1.15,2.32
2015.04.02 13:43:24.917,0.95471,0.95509,2.32,1.15
2015.04.02 13:43:29.747,0.95476,0.95512,2.32,1.15
2015.04.02 13:43:31.728,0.95478,0.95513,4.50,1.15
2015.04.02 13:43:33.736,0.95477,0.95514,1.15,5.25
2015.04.02 13:43:36.551,0.95473,0.9551,3.45,2.32
2015.04.02 13:43:37.627,0.95477,0.95512,2.32,1.27
2015.04.02 13:43:37.853,0.9548,0.95515,3.07,1.17
2015.04.02 13:43:38.055,0.95479,0.95515,1.15,2.32
2015.04.02 13:43:38.457,0.95481,0.95515,2.32,1.17
2015.04.02 13:43:40.569,0.95483,0.95519,4.50,1.52
2015.04.02 13:43:42.247,0.95481,0.95518,2.32,3.45
2015.04.02 13:43:43.234,0.95487,0.95519,1.07,2.32
2015.04.02 13:43:43.285,0.95487,0.95521,1.17,2.32
2015.04.02 13:43:43.336,0.95487,0.95523,3.07,2.02
2015.04.02 13:43:44.438,0.95485,0.95522,3.07,2.32
2015.04.02 13:43:46.761,0.95488,0.95525,2.32,2.32
2015.04.02 13:43:48.356,0.95493,0.9553,2.32,4.20
2015.04.02 13:43:49.146,0.95495,0.95528,2.32,1.20
2015.04.02 13:43:49.347,0.95499,0.95534,2.32,1.65
2015.04.02 13:43:49.548,0.95503,0.95536,2.32,1.07
2015.04.02 13:43:49.968,0.95506,0.95538,2.32,1.10
2015.04.02 13:43:50.270,0.95512,0.95548,2.32,1.65
2015.04.02 13:43:52.478,0.9551,0.95546,1.15,3.07
2015.04.02 13:43:52.782,0.95505,0.95541,1.15,5.25
2015.04.02 13:43:53.596,0.95499,0.95536,3.07,3.07
2015.04.02 13:43:58.467,0.95495,0.95531,1.15,2.32
2015.04.02 13:43:58.970,0.95494,0.95528,1.15,2.32
2015.04.02 13:44:00.469,0.95492,0.95528,3.07,2.32
2015.04.02 13:44:00.519,0.95495,0.95531,1.15,2.32
2015.04.02 13:44:01.872,0.95494,0.95529,1.17,2.32
2015.04.02 13:44:01.923,0.95488,0.95525,1.15,1.15
2015.04.02 13:44:05.778,0.95487,0.95522,2.32,2.32
2015.04.02 13:44:05.829,0.95486,0.95521,1.15,2.32
2015.04.02 13:44:08.495,0.95484,0.95518,1.10,2.32
2015.04.02 13:44:08.596,0.95484,0.95521,3.07,3.07
2015.04.02 13:44:09.399,0.95481,0.95517,2.32,1.15
2015.04.02 13:44:10.314,0.9548,0.95515,1.15,2.32
2015.04.02 13:44:11.890,0.95483,0.95515,1.17,2.32
2015.04.02 13:44:11.941,0.95484,0.9552,1.15,4.50
2015.04.02 13:44:12.192,0.95488,0.9552,1.00,4.50
2015.04.02 13:44:12.504,0.95488,0.95522,1.15,2.32
2015.04.02 13:44:16.106,0.95486,0.95519,1.07,2.32
2015.04.02 13:44:16.609,0.95483,0.95515,1.10,2.32
2015.04.02 13:44:20.552,0.95475,0.9551,2.02,2.32
2015.04.02 13:44:21.844,0.95472,0.95507,1.52,2.32
2015.04.02 13:44:25.522,0.95469,0.95504,1.17,2.32
2015.04.02 13:44:30.090,0.95472,0.95504,1.00,2.32
2015.04.02 13:44:30.241,0.95467,0.95504,1.37,3.07
2015.04.02 13:44:30.342,0.95467,0.955,1.37,2.32
2015.04.02 13:44:30.493,0.95466,0.95499,1.00,2.32
2015.04.02 13:44:30.644,0.95465,0.95496,1.00,4.50
2015.04.02 13:44:30.946,0.95464,0.955,1.00,2.32
2015.04.02 13:44:31.097,0.95467,0.955,1.00,2.32
2015.04.02 13:44:31.399,0.95463,0.95492,1.00,2.32
2015.04.02 13:44:31.651,0.95458,0.95492,1.12,2.32
2015.04.02 13:44:31.702,0.9546,0.95492,1.00,2.32
2015.04.02 13:44:32.003,0.95462,0.95484,1.00,2.32
2015.04.02 13:44:32.305,0.95458,0.95484,1.00,2.32
2015.04.02 13:44:32.356,0.95458,0.95482,1.00,2.32
2015.04.02 13:44:33.004,0.95459,0.95482,1.00,2.32
2015.04.02 13:44:33.644,0.95458,0.95482,1.00,2.32
2015.04.02 13:44:34.410,0.95459,0.95482,1.00,2.32
2015.04.02 13:44:34.921,0.95458,0.95482,1.12,2.32
2015.04.02 13:44:35.573,0.95459,0.95482,1.00,2.32
2015.04.02 13:44:36.061,0.95459,0.95487,1.00,2.32
2015.04.02 13:44:36.165,0.95459,0.95484,1.00,4.50
2015.04.02 13:44:36.571,0.95457,0.95488,1.12,4.50
2015.04.02 13:44:37.094,0.95455,0.95488,1.37,4.50
2015.04.02 13:44:37.446,0.95457,0.95492,1.12,2.32
2015.04.02 13:44:37.547,0.95457,0.95489,1.00,2.32
2015.04.02 13:44:37.699,0.95455,0.95489,1.50,2.32
2015.04.02 13:44:38.001,0.95457,0.95488,1.00,2.32
2015.04.02 13:44:38.253,0.95459,0.95492,1.00,4.50
2015.04.02 13:44:38.454,0.9546,0.95489,1.00,4.50
2015.04.02 13:44:38.605,0.95456,0.95489,1.57,4.50
2015.04.02 13:44:39.186,0.95454,0.95489,1.15,4.50
2015.04.02 13:44:39.588,0.95451,0.95485,1.65,2.32
2015.04.02 13:44:39.890,0.95449,0.95476,1.00,4.50
2015.04.02 13:44:40.142,0.95445,0.95476,1.00,4.50
2015.04.02 13:44:40.494,0.95445,0.95481,1.65,4.50
2015.04.02 13:44:41.173,0.95449,0.95481,1.00,4.50
2015.04.02 13:44:41.484,0.95453,0.95489,1.15,2.32
2015.04.02 13:44:42.258,0.95452,0.95486,1.27,4.50
2015.04.02 13:44:42.560,0.95448,0.95483,1.15,4.50
2015.04.02 13:44:42.864,0.95453,0.95485,1.10,2.32
2015.04.02 13:44:43.620,0.95455,0.95485,1.00,2.32
2015.04.02 13:44:43.872,0.95454,0.95489,1.15,4.50
2015.04.02 13:44:43.973,0.95451,0.95485,1.15,2.32
2015.04.02 13:44:44.926,0.95454,0.95485,1.00,2.32
2015.04.02 13:44:45.453,0.95452,0.95485,1.17,2.32
2015.04.02 13:44:46.499,0.95451,0.95482,1.00,2.32
2015.04.02 13:44:46.600,0.95457,0.95493,2.32,2.02
2015.04.02 13:44:48.104,0.95456,0.95492,1.15,4.50
2015.04.02 13:44:48.311,0.95454,0.95488,1.17,2.32
2015.04.02 13:44:48.664,0.95451,0.95486,3.82,2.32
2015.04.02 13:44:48.714,0.95451,0.95486,1.15,4.50
2015.04.02 13:44:48.866,0.95448,0.95483,1.15,2.32
2015.04.02 13:44:48.917,0.95448,0.9548,1.15,1.15
2015.04.02 13:44:48.968,0.95448,0.9548,1.15,1.07
2015.04.02 13:44:49.280,0.9545,0.95488,4.50,1.15
2015.04.02 13:44:49.984,0.95449,0.95485,1.15,2.32
2015.04.02 13:44:51.119,0.95452,0.95489,1.15,5.25
2015.04.02 13:44:51.888,0.95454,0.95491,1.15,1.15
2015.04.02 13:44:53.826,0.95453,0.95489,1.15,4.50
2015.04.02 13:44:55.107,0.95453,0.95489,1.00,1.00
2015.04.02 13:44:55.258,0.95453,0.95492,1.00,1.00
2015.04.02 13:44:55.510,0.95453,0.95492,1.00,1.27
2015.04.02 13:44:55.812,0.95449,0.95486,1.00,1.00
2015.04.02 13:44:56.360,0.9545,0.95487,1.00,1.00
2015.04.02 13:44:56.682,0.95453,0.9549,1.00,1.10
2015.04.02 13:44:57.013,0.95455,0.95492,1.00,1.15
2015.04.02 13:44:57.917,0.95457,0.95494,1.00,1.15
2015.04.02 13:44:58.121,0.95457,0.95494,1.00,1.00
2015.04.02 13:44:58.632,0.95458,0.95495,1.00,1.00
2015.04.02 13:44:59.999,0.95459,0.95498,1.00,1.37
2015.04.02 13:45:00.250,0.95464,0.955,1.00,1.15
2015.04.02 13:45:00.351,0.95464,0.95501,1.00,1.00
2015.04.02 13:45:00.653,0.95466,0.95503,1.00,1.00
2015.04.02 13:45:00.754,0.95466,0.95505,1.00,1.00
2015.04.02 13:45:01.207,0.95465,0.95502,1.00,1.00
2015.04.02 13:45:01.563,0.95466,0.95504,1.00,1.00
2015.04.02 13:45:02.050,0.95469,0.95505,1.00,1.00
2015.04.02 13:45:02.352,0.95477,0.95508,1.00,1.00
2015.04.02 13:45:02.402,0.95477,0.95514,1.00,1.50
2015.04.02 13:45:02.891,0.95475,0.95514,1.00,1.00
2015.04.02 13:45:02.992,0.95476,0.95514,1.00,1.37
2015.04.02 13:45:03.267,0.95478,0.95515,1.00,1.10
2015.04.02 13:45:03.318,0.9548,0.95515,1.00,1.10
2015.04.02 13:45:03.626,0.95482,0.9552,1.00,1.37
2015.04.02 13:45:03.878,0.95479,0.95516,1.00,1.00
2015.04.02 13:45:04.381,0.95478,0.95516,1.00,1.00
2015.04.02 13:45:04.734,0.95485,0.9552,1.00,1.37
2015.04.02 13:45:05.086,0.95481,0.95518,1.00,1.12
2015.04.02 13:45:05.155,0.95483,0.95522,1.00,1.37
2015.04.02 13:45:05.466,0.95485,0.95522,1.00,1.50
2015.04.02 13:45:05.517,0.95485,0.95522,1.00,1.00
2015.04.02 13:45:05.731,0.95488,0.95524,1.00,2.02
2015.04.02 13:45:05.933,0.95484,0.95521,1.00,1.00
2015.04.02 13:45:06.084,0.9548,0.95519,1.00,1.00
2015.04.02 13:45:06.623,0.95485,0.95522,1.00,1.00
2015.04.02 13:45:06.935,0.95487,0.95523,1.00,1.10
2015.04.02 13:45:07.139,0.95485,0.95522,1.00,1.00
2015.04.02 13:45:07.692,0.95479,0.95518,1.00,1.00
2015.04.02 13:45:07.894,0.95479,0.95516,1.00,1.00
2015.04.02 13:45:08.016,0.95472,0.95511,1.12,1.00
2015.04.02 13:45:08.350,0.95471,0.95508,1.37,1.00
2015.04.02 13:45:08.853,0.95472,0.95509,1.37,1.00
2015.04.02 13:45:09.261,0.95473,0.95511,1.12,1.00
2015.04.02 13:45:09.462,0.9548,0.95513,1.00,1.00
2015.04.02 13:45:09.563,0.95478,0.95513,1.00,1.00
2015.04.02 13:45:09.714,0.95479,0.95518,1.00,1.15
2015.04.02 13:45:09.916,0.95477,0.95514,1.00,1.00
2015.04.02 13:45:10.117,0.95472,0.95511,1.00,1.00
2015.04.02 13:45:10.218,0.95472,0.95505,1.00,2.25
2015.04.02 13:45:10.369,0.95471,0.95507,1.15,5.25
2015.04.02 13:45:12.526,0.95468,0.95503,1.27,2.32
2015.04.02 13:45:14.725,0.95466,0.95502,4.20,2.32
2015.04.02 13:45:14.775,0.95466,0.955,1.17,2.32
2015.04.02 13:45:20.450,0.95462,0.95496,1.52,2.32
2015.04.02 13:45:21.456,0.95457,0.95493,1.15,2.32
2015.04.02 13:45:21.657,0.9546,0.95495,1.17,2.32
2015.04.02 13:45:22.869,0.95456,0.95491,1.15,2.32
2015.04.02 13:45:24.945,0.95455,0.9549,1.07,2.32
2015.04.02 13:45:24.996,0.95452,0.95488,1.27,2.32
2015.04.02 13:45:25.719,0.95458,0.95496,3.07,3.82
2015.04.02 13:45:25.773,0.95461,0.95494,2.32,1.55
2015.04.02 13:45:26.075,0.95463,0.95495,1.00,4.50
2015.04.02 13:45:26.176,0.95466,0.95495,1.00,4.50
2015.04.02 13:45:26.276,0.95462,0.95495,1.00,4.50
2015.04.02 13:45:26.783,0.9546,0.95497,3.07,3.07
2015.04.02 13:45:27.084,0.95468,0.95505,2.32,3.07
2015.04.02 13:45:27.487,0.95472,0.95508,1.15,1.27
2015.04.02 13:45:27.589,0.95472,0.95508,5.25,1.15
2015.04.02 13:45:27.689,0.95477,0.95511,2.32,1.10
2015.04.02 13:45:27.992,0.95481,0.95516,2.32,1.65
2015.04.02 13:45:28.294,0.95477,0.9551,2.32,1.07
2015.04.02 13:45:28.889,0.95475,0.95511,1.15,2.32
2015.04.02 13:45:29.192,0.95474,0.9551,1.17,2.32
2015.04.02 13:45:29.796,0.95469,0.95506,2.70,2.32
2015.04.02 13:45:30.308,0.95472,0.95509,3.07,2.32
2015.04.02 13:45:33.409,0.95478,0.95509,1.00,2.32
2015.04.02 13:45:33.510,0.95478,0.95513,1.27,2.32
2015.04.02 13:45:34.113,0.95478,0.95515,3.07,3.07
2015.04.02 13:45:34.315,0.95477,0.95512,1.15,5.25
2015.04.02 13:45:34.517,0.95473,0.95509,1.15,2.32
2015.04.02 13:45:35.121,0.95475,0.95511,1.15,2.32
2015.04.02 13:45:35.423,0.95473,0.95508,1.15,4.50
2015.04.02 13:45:45.427,0.95467,0.95504,3.45,3.07
2015.04.02 13:45:51.664,0.95472,0.95505,2.25,2.32
2015.04.02 13:45:51.765,0.95472,0.95507,2.32,1.15
2015.04.02 13:45:51.967,0.95479,0.95509,1.00,2.32
2015.04.02 13:45:52.068,0.95475,0.95509,1.15,2.32
2015.04.02 13:45:52.470,0.95471,0.955,2.25,2.25
2015.04.02 13:45:52.571,0.95469,0.955,1.00,2.32
2015.04.02 13:45:52.823,0.95474,0.955,1.00,3.07
2015.04.02 13:45:53.175,0.95469,0.955,1.00,2.32
2015.04.02 13:45:53.276,0.95469,0.95497,1.00,2.32
2015.04.02 13:45:53.377,0.95469,0.95499,1.00,2.32
2015.04.02 13:45:53.428,0.95469,0.95502,1.00,2.32
2015.04.02 13:45:54.162,0.95468,0.955,1.10,1.15
2015.04.02 13:45:54.526,0.95473,0.95502,1.00,2.32
2015.04.02 13:45:54.577,0.95473,0.95505,1.15,1.65
2015.04.02 13:45:54.678,0.95475,0.95509,1.15,1.52
2015.04.02 13:45:55.193,0.95479,0.9551,1.00,2.32
2015.04.02 13:45:55.566,0.95479,0.95511,1.07,3.07
2015.04.02 13:45:55.667,0.95479,0.95513,1.15,1.15
2015.04.02 13:45:57.445,0.95476,0.95512,2.32,2.32
2015.04.02 13:45:57.546,0.95474,0.95512,1.15,4.50
2015.04.02 13:45:58.176,0.95473,0.95505,2.32,1.07
2015.04.02 13:45:58.277,0.9547,0.95505,2.32,1.15
2015.04.02 13:45:58.680,0.95472,0.95508,2.32,3.07
2015.04.02 13:45:58.781,0.95475,0.95512,2.32,3.82
2015.04.02 13:45:58.882,0.95475,0.95512,5.25,1.15
2015.04.02 13:45:59.784,0.95478,0.95514,3.07,2.32
2015.04.02 13:45:59.885,0.95479,0.95517,1.15,2.32
2015.04.02 13:46:03.096,0.95479,0.95512,1.17,3.45
2015.04.02 13:46:05.456,0.95484,0.95512,1.00,3.07
2015.04.02 13:46:05.565,0.95479,0.95512,1.17,3.07
2015.04.02 13:46:06.361,0.95483,0.95511,1.00,1.15
2015.04.02 13:46:06.663,0.95483,0.95508,1.00,2.32
2015.04.02 13:46:06.965,0.95489,0.95512,1.00,3.07
2015.04.02 13:46:07.116,0.95483,0.9551,1.00,1.15
2015.04.02 13:46:07.647,0.95484,0.95512,1.00,2.70
2015.04.02 13:46:09.009,0.95484,0.95509,1.00,2.32
2015.04.02 13:46:09.109,0.95473,0.95503,1.07,2.25
2015.04.02 13:46:09.210,0.95473,0.955,1.00,1.15
2015.04.02 13:46:09.720,0.95474,0.95506,1.07,2.32
2015.04.02 13:46:09.770,0.95474,0.95507,1.17,1.65
2015.04.02 13:46:10.726,0.95473,0.95502,1.15,1.00
2015.04.02 13:46:10.776,0.95473,0.95502,1.00,1.15
2015.04.02 13:46:11.078,0.95464,0.95498,1.20,4.50
2015.04.02 13:46:14.725,0.95459,0.95494,1.15,1.15
2015.04.02 13:46:15.439,0.95469,0.95495,1.00,4.50
2015.04.02 13:46:15.490,0.95469,0.95497,1.00,1.15
2015.04.02 13:46:19.085,0.95468,0.95498,1.00,3.07
2015.04.02 13:46:19.618,0.95463,0.95498,1.15,3.07
2015.04.02 13:46:21.024,0.95469,0.95498,1.00,3.07
2015.04.02 13:46:21.825,0.95468,0.95497,1.00,1.15
2015.04.02 13:46:22.406,0.95468,0.95502,1.15,2.32
2015.04.02 13:46:22.607,0.95473,0.95502,1.00,2.32
2015.04.02 13:46:22.809,0.95468,0.95502,1.27,2.32
2015.04.02 13:46:23.011,0.95473,0.95502,1.00,2.32
2015.04.02 13:46:23.564,0.95471,0.95502,1.00,2.32
2015.04.02 13:46:24.067,0.95468,0.95502,1.15,2.32
2015.04.02 13:46:24.544,0.95469,0.955,1.00,2.32
2015.04.02 13:46:24.747,0.95469,0.95503,1.10,2.32
2015.04.02 13:46:27.317,0.95464,0.95499,1.15,1.15
2015.04.02 13:46:27.620,0.95464,0.95495,1.00,2.32
2015.04.02 13:46:28.638,0.95463,0.95495,1.10,2.32
2015.04.02 13:46:28.839,0.95464,0.95499,1.17,3.07
2015.04.02 13:46:29.736,0.95463,0.95496,1.00,5.25
2015.04.02 13:46:31.039,0.95464,0.95495,1.00,1.15
2015.04.02 13:46:31.543,0.95463,0.95495,1.00,1.15
2015.04.02 13:46:32.097,0.95464,0.95496,1.00,4.50
2015.04.02 13:46:32.148,0.95464,0.95499,1.15,2.32
2015.04.02 13:46:32.249,0.95463,0.955,5.25,1.15
2015.04.02 13:46:32.349,0.95463,0.95498,1.15,4.50
2015.04.02 13:46:32.651,0.95468,0.95498,1.00,5.25
2015.04.02 13:46:32.853,0.95469,0.95499,1.00,1.15
2015.04.02 13:46:33.355,0.95469,0.95498,1.00,4.50
2015.04.02 13:46:34.358,0.95464,0.95498,1.65,4.50
2015.04.02 13:46:34.560,0.95469,0.95498,1.00,4.50
2015.04.02 13:46:35.567,0.95469,0.95501,1.57,2.32
2015.04.02 13:46:35.668,0.95469,0.95504,1.15,1.15
2015.04.02 13:46:35.970,0.95473,0.95502,1.00,2.32
2015.04.02 13:46:36.272,0.95473,0.95499,1.00,2.32
2015.04.02 13:46:36.322,0.95469,0.95499,1.00,2.32
2015.04.02 13:46:36.864,0.95465,0.95499,1.15,2.32
2015.04.02 13:46:37.472,0.95466,0.95502,2.32,1.65
2015.04.02 13:46:37.775,0.95471,0.95506,1.15,2.32
2015.04.02 13:46:38.095,0.95469,0.95504,1.15,4.50
2015.04.02 13:46:38.672,0.95474,0.95503,1.00,1.15
2015.04.02 13:46:38.879,0.95465,0.95501,4.50,1.15
2015.04.02 13:46:39.080,0.95463,0.955,1.15,5.25
2015.04.02 13:46:39.746,0.95464,0.955,3.82,3.07
2015.04.02 13:46:39.796,0.95466,0.95502,1.15,3.07
2015.04.02 13:46:40.689,0.95464,0.95497,1.15,1.15
2015.04.02 13:46:41.192,0.95458,0.95496,3.15,4.50
2015.04.02 13:46:41.494,0.95464,0.95496,1.00,4.50
2015.04.02 13:46:41.594,0.95465,0.95499,1.10,3.07
2015.04.02 13:46:41.645,0.95465,0.95499,1.17,2.32
2015.04.02 13:46:41.695,0.95465,0.95499,2.32,1.17
2015.04.02 13:46:41.796,0.95464,0.95499,1.15,2.32
2015.04.02 13:46:42.098,0.95469,0.95499,1.17,1.15
2015.04.02 13:46:42.753,0.95469,0.95501,1.07,3.07
2015.04.02 13:46:43.301,0.95469,0.95502,1.17,3.07
2015.04.02 13:46:43.603,0.95474,0.95506,1.10,3.82
2015.04.02 13:46:44.161,0.95473,0.95506,1.15,2.32
2015.04.02 13:46:44.211,0.95473,0.9551,1.65,1.27
2015.04.02 13:46:46.766,0.95476,0.95511,2.32,3.07
2015.04.02 13:46:46.816,0.95476,0.95511,4.50,1.15
2015.04.02 13:46:47.374,0.95479,0.95509,1.07,1.07
2015.04.02 13:46:47.425,0.95479,0.95509,1.00,3.07
2015.04.02 13:46:47.787,0.95479,0.95507,1.00,2.32
2015.04.02 13:46:48.284,0.95479,0.95509,1.00,2.32
2015.04.02 13:46:48.335,0.95483,0.95509,1.00,2.32
2015.04.02 13:46:48.537,0.95479,0.95509,1.00,2.32
2015.04.02 13:46:48.637,0.95479,0.9551,1.10,1.15
2015.04.02 13:46:49.493,0.95479,0.95511,1.10,3.07
2015.04.02 13:46:49.837,0.95478,0.95509,1.00,2.32
2015.04.02 13:46:50.339,0.95479,0.95509,1.00,2.32
2015.04.02 13:46:50.641,0.95475,0.95511,1.15,2.32
2015.04.02 13:46:50.843,0.95484,0.95511,1.00,2.32
2015.04.02 13:46:51.496,0.95484,0.95509,1.00,2.32
2015.04.02 13:46:51.647,0.95478,0.95513,1.15,4.50
2015.04.02 13:46:52.200,0.95478,0.95509,1.07,2.32
2015.04.02 13:46:52.451,0.95479,0.95515,1.15,2.32
2015.04.02 13:46:53.055,0.95484,0.95512,1.00,2.32
2015.04.02 13:46:53.358,0.95483,0.95507,1.00,1.15
2015.04.02 13:46:53.408,0.95479,0.95507,1.00,1.15
2015.04.02 13:46:53.912,0.95478,0.95508,1.00,1.15
2015.04.02 13:46:54.023,0.95474,0.95508,1.15,1.15
2015.04.02 13:46:54.234,0.95474,0.95505,1.00,2.32
2015.04.02 13:46:54.536,0.95474,0.95509,1.15,3.07
2015.04.02 13:46:54.738,0.95478,0.95509,1.15,1.15
2015.04.02 13:46:55.113,0.95478,0.95508,1.07,1.15
2015.04.02 13:46:55.365,0.95478,0.9551,1.10,2.32
2015.04.02 13:46:55.466,0.95479,0.95511,1.17,1.15
2015.04.02 13:46:55.768,0.95488,0.95517,1.00,4.50
2015.04.02 13:46:55.818,0.95489,0.95518,1.00,1.15
2015.04.02 13:46:56.221,0.95488,0.95518,1.00,5.25
2015.04.02 13:46:56.821,0.95484,0.95518,1.20,5.25
2015.04.02 13:46:57.374,0.95489,0.95518,1.00,5.25
2015.04.02 13:46:57.577,0.95481,0.95518,1.15,6.00
2015.04.02 13:46:57.627,0.95479,0.95512,1.10,1.15
2015.04.02 13:46:57.937,0.95483,0.95509,1.00,2.32
2015.04.02 13:46:58.474,0.95484,0.95509,1.00,2.32
2015.04.02 13:46:59.736,0.95484,0.95512,1.00,2.70
2015.04.02 13:46:59.937,0.95484,0.95517,1.07,2.70
2015.04.02 13:47:00.441,0.95488,0.95517,1.00,2.32
2015.04.02 13:47:00.749,0.95488,0.9552,1.10,2.32
2015.04.02 13:47:01.151,0.95484,0.95516,1.57,2.32
2015.04.02 13:47:01.453,0.95484,0.95513,1.00,4.50
2015.04.02 13:47:01.870,0.95484,0.95516,1.07,1.15
2015.04.02 13:47:02.072,0.95494,0.95517,1.00,2.32
2015.04.02 13:47:02.323,0.95489,0.95516,1.00,1.15
2015.04.02 13:47:02.649,0.95493,0.95517,1.00,2.32
2015.04.02 13:47:02.850,0.95493,0.95521,1.00,2.32
2015.04.02 13:47:03.083,0.95494,0.95521,1.00,1.15
2015.04.02 13:47:03.602,0.95493,0.95522,1.00,1.15
2015.04.02 13:47:04.105,0.95494,0.95521,1.00,1.15
2015.04.02 13:47:04.156,0.95499,0.95524,1.00,4.50
2015.04.02 13:47:04.407,0.95493,0.95529,1.15,5.62
2015.04.02 13:47:04.609,0.95504,0.95529,1.00,4.50
2015.04.02 13:47:05.469,0.95503,0.95529,1.00,4.50
2015.04.02 13:47:05.620,0.95498,0.95529,1.00,4.50
2015.04.02 13:47:05.872,0.95499,0.95529,1.07,2.32
2015.04.02 13:47:05.923,0.95499,0.95533,1.15,3.07
2015.04.02 13:47:06.024,0.95499,0.95533,5.25,1.20
2015.04.02 13:47:06.075,0.95499,0.95532,1.15,1.15
2015.04.02 13:47:06.377,0.95503,0.9553,1.00,2.32
2015.04.02 13:47:07.333,0.95504,0.9553,1.00,2.32
2015.04.02 13:47:08.134,0.95499,0.9553,1.00,2.32
2015.04.02 13:47:08.938,0.955,0.9553,1.00,2.32
2015.04.02 13:47:08.989,0.955,0.95532,1.07,2.32
2015.04.02 13:47:09.039,0.955,0.95534,1.15,2.32
2015.04.02 13:47:09.141,0.95504,0.95534,1.00,2.32
2015.04.02 13:47:09.795,0.95504,0.9553,1.00,2.32
2015.04.02 13:47:10.098,0.95498,0.9553,1.10,2.32
2015.04.02 13:47:10.199,0.95498,0.95531,1.07,2.32
2015.04.02 13:47:10.249,0.95498,0.95534,1.15,5.25
2015.04.02 13:47:10.652,0.95503,0.95534,1.00,4.50
2015.04.02 13:47:11.634,0.95504,0.95534,1.00,4.50
2015.04.02 13:47:12.101,0.95504,0.95529,1.00,2.32
2015.04.02 13:47:12.201,0.95504,0.95531,1.00,2.32
2015.04.02 13:47:12.252,0.95504,0.95532,1.00,1.15
2015.04.02 13:47:12.302,0.95504,0.95529,1.00,2.32
2015.04.02 13:47:12.604,0.95508,0.95529,1.00,2.32
2015.04.02 13:47:12.655,0.95499,0.95529,1.00,2.32
2015.04.02 13:47:14.816,0.95498,0.95529,1.00,3.07
2015.04.02 13:47:15.303,0.95498,0.95531,1.07,3.07
2015.04.02 13:47:15.354,0.95498,0.95533,1.15,1.15
2015.04.02 13:47:15.815,0.95499,0.95534,1.65,2.32
2015.04.02 13:47:15.865,0.95501,0.95537,1.15,4.50
2015.04.02 13:47:16.016,0.95504,0.95534,1.07,1.07
2015.04.02 13:47:16.067,0.95503,0.95534,1.15,1.00
2015.04.02 13:47:16.117,0.95503,0.95533,1.07,2.25
2015.04.02 13:47:16.168,0.95504,0.95533,1.00,2.32
2015.04.02 13:47:18.305,0.95504,0.95529,1.00,1.17
2015.04.02 13:47:18.356,0.95499,0.95529,1.07,1.17
2015.04.02 13:47:18.406,0.95499,0.95527,1.00,2.32
2015.04.02 13:47:18.905,0.95499,0.9553,1.00,2.32
2015.04.02 13:47:19.107,0.95496,0.9553,2.32,1.15
2015.04.02 13:47:19.409,0.95504,0.9553,1.00,2.32
2015.04.02 13:47:19.561,0.95498,0.9553,1.10,2.32
2015.04.02 13:47:19.712,0.95498,0.95525,1.00,2.25
2015.04.02 13:47:19.914,0.95494,0.95525,1.00,2.32
2015.04.02 13:47:20.332,0.95494,0.95522,1.00,2.32
2015.04.02 13:47:20.533,0.95488,0.95522,1.17,2.32
2015.04.02 13:47:21.539,0.95493,0.9552,1.00,1.15
2015.04.02 13:47:21.755,0.95493,0.95522,1.00,1.15
2015.04.02 13:47:21.855,0.95488,0.95522,1.65,1.17
2015.04.02 13:47:22.107,0.95499,0.95526,1.00,3.07
2015.04.02 13:47:22.620,0.95498,0.95526,1.00,1.15
2015.04.02 13:47:22.922,0.95499,0.95523,1.00,1.15
2015.04.02 13:47:23.073,0.95493,0.95523,1.00,1.15
2015.04.02 13:47:24.273,0.95494,0.95523,1.00,1.15
2015.04.02 13:47:24.543,0.95494,0.95527,1.15,1.15
2015.04.02 13:47:25.651,0.95493,0.95526,1.17,3.07
2015.04.02 13:47:25.701,0.95493,0.95526,1.10,3.07
2015.04.02 13:47:26.154,0.95493,0.95522,1.00,1.07
2015.04.02 13:47:26.607,0.95488,0.95522,1.15,1.15
2015.04.02 13:47:31.127,0.95493,0.95523,1.00,5.62
2015.04.02 13:47:31.731,0.95493,0.95525,1.10,3.07
2015.04.02 13:47:32.085,0.95504,0.95525,1.00,3.07
2015.04.02 13:47:32.336,0.95493,0.95517,1.00,2.32
2015.04.02 13:47:32.488,0.95493,0.95514,1.00,2.32
2015.04.02 13:47:32.940,0.95494,0.95516,1.00,2.32
2015.04.02 13:47:33.041,0.95494,0.95518,1.00,1.15
2015.04.02 13:47:33.673,0.95493,0.95519,1.00,4.50
2015.04.02 13:47:33.877,0.95488,0.95518,1.00,1.15
2015.04.02 13:47:34.330,0.95488,0.95521,1.17,2.32
2015.04.02 13:47:35.595,0.95488,0.95516,1.10,1.07
2015.04.02 13:47:36.248,0.95488,0.95514,1.00,1.17
2015.04.02 13:47:36.550,0.95494,0.95514,1.00,1.15
2015.04.02 13:47:36.600,0.95489,0.95514,1.00,1.15
2015.04.02 13:47:36.858,0.95494,0.95514,1.00,1.15
2015.04.02 13:47:37.345,0.95494,0.95519,1.00,3.07
2015.04.02 13:47:37.869,0.95494,0.95521,1.00,2.32
2015.04.02 13:47:37.969,0.95489,0.95524,1.15,1.15
2015.04.02 13:47:38.070,0.95498,0.95525,1.00,2.32
2015.04.02 13:47:38.171,0.9549,0.95525,1.15,2.32
2015.04.02 13:47:38.674,0.95494,0.95524,1.00,1.15
2015.04.02 13:47:39.997,0.95494,0.95519,1.00,1.07
2015.04.02 13:47:40.149,0.95483,0.95515,1.00,4.50
2015.04.02 13:47:40.300,0.95483,0.95509,1.00,1.07
2015.04.02 13:47:40.350,0.95479,0.95509,1.00,1.15
2015.04.02 13:47:40.401,0.95479,0.95512,1.07,2.32
2015.04.02 13:47:40.653,0.95484,0.95514,1.00,1.15
2015.04.02 13:47:41.193,0.95484,0.95518,1.07,3.45
2015.04.02 13:47:41.244,0.95484,0.95518,1.15,1.27
2015.04.02 13:47:41.496,0.95487,0.95521,1.07,2.32
2015.04.02 13:47:41.547,0.95488,0.95523,1.15,4.87
2015.04.02 13:47:43.291,0.9549,0.95523,2.25,2.32
2015.04.02 13:47:43.341,0.9549,0.95525,2.32,1.15
2015.04.02 13:47:43.392,0.95494,0.95525,1.10,2.32
2015.04.02 13:47:43.543,0.95494,0.95529,1.15,4.50
2015.04.02 13:47:43.995,0.95494,0.95524,1.07,2.32
2015.04.02 13:47:44.297,0.95499,0.95524,1.00,4.50
2015.04.02 13:47:44.599,0.95499,0.95519,1.00,2.32
2015.04.02 13:47:44.650,0.95493,0.95519,1.00,2.32
2015.04.02 13:47:45.152,0.95494,0.95517,1.00,1.15
2015.04.02 13:47:46.000,0.95494,0.95517,1.00,3.07
2015.04.02 13:47:46.101,0.95489,0.95517,1.00,3.07
2015.04.02 13:47:46.202,0.95489,0.95513,1.00,2.32
2015.04.02 13:47:46.503,0.95484,0.95513,1.00,2.32
2015.04.02 13:47:46.604,0.95489,0.95515,1.00,1.15
2015.04.02 13:47:46.756,0.95489,0.95519,1.00,2.32
2015.04.02 13:47:47.406,0.95489,0.95521,1.07,2.32
2015.04.02 13:47:47.457,0.95489,0.95522,1.17,1.15
2015.04.02 13:47:47.802,0.95489,0.9552,1.10,3.07
2015.04.02 13:47:48.197,0.95489,0.95519,1.07,1.07
2015.04.02 13:47:48.248,0.95489,0.95521,1.15,1.17
2015.04.02 13:47:48.611,0.95489,0.95521,1.15,1.17
2015.04.02 13:47:49.113,0.95487,0.95521,2.70,1.17
2015.04.02 13:47:49.164,0.95487,0.95521,4.87,1.20
2015.04.02 13:47:49.315,0.95494,0.95524,1.00,1.15
2015.04.02 13:47:50.783,0.95494,0.95526,3.00,2.32
2015.04.02 13:47:50.884,0.95496,0.95528,3.07,1.57
2015.04.02 13:47:50.985,0.95498,0.95532,1.15,1.15
2015.04.02 13:47:51.086,0.95503,0.95532,1.00,1.15
2015.04.02 13:47:51.387,0.95504,0.9553,1.00,2.32
2015.04.02 13:47:51.639,0.95498,0.9553,1.10,2.32
2015.04.02 13:47:52.142,0.95499,0.9553,1.00,2.32
2015.04.02 13:47:53.732,0.95499,0.95527,1.00,2.32
2015.04.02 13:47:53.833,0.95494,0.95527,1.57,2.32
2015.04.02 13:47:54.403,0.95489,0.95524,1.65,2.32
2015.04.02 13:47:54.906,0.95492,0.95524,1.10,2.32
2015.04.02 13:47:55.893,0.9549,0.95525,2.32,2.32
2015.04.02 13:47:55.994,0.95491,0.95528,1.15,1.27
2015.04.02 13:47:56.397,0.95494,0.95526,1.07,2.32
2015.04.02 13:47:56.598,0.95493,0.95526,1.00,4.50
2015.04.02 13:47:57.146,0.95494,0.95525,1.00,1.15
2015.04.02 13:47:58.085,0.95491,0.95526,1.15,4.50
2015.04.02 13:48:02.418,0.95493,0.95528,1.15,2.32
2015.04.02 13:48:02.518,0.95495,0.95531,5.25,1.15
2015.04.02 13:48:02.820,0.95494,0.95529,1.15,2.32
2015.04.02 13:48:03.122,0.95499,0.95529,1.00,2.32
2015.04.02 13:48:03.385,0.95492,0.95528,2.32,1.15
2015.04.02 13:48:03.436,0.95491,0.95527,1.15,2.32
2015.04.02 13:48:04.025,0.95492,0.95528,2.70,1.15
2015.04.02 13:48:04.239,0.95499,0.95531,1.15,1.17
2015.04.02 13:48:04.811,0.95504,0.95531,1.00,1.17
2015.04.02 13:48:09.607,0.95504,0.9553,1.00,2.32
2015.04.02 13:48:09.909,0.95494,0.95528,1.07,2.32
2015.04.02 13:48:10.009,0.95494,0.95527,1.00,2.32
2015.04.02 13:48:13.076,0.95493,0.95523,1.10,1.17
2015.04.02 13:48:13.831,0.95493,0.95528,1.15,1.52
2015.04.02 13:48:14.133,0.95504,0.9553,1.00,4.50
2015.04.02 13:48:15.573,0.95504,0.95531,1.00,1.15
2015.04.02 13:48:16.033,0.95498,0.95527,1.00,1.15
2015.04.02 13:48:16.134,0.95498,0.95527,1.17,1.10
2015.04.02 13:48:16.439,0.95503,0.95535,1.10,3.07
2015.04.02 13:48:16.640,0.95501,0.95535,2.32,1.10
2015.04.02 13:48:20.546,0.95504,0.95534,1.15,1.00
2015.04.02 13:48:21.202,0.95504,0.95537,1.15,1.15
2015.04.02 13:48:21.252,0.95504,0.95536,1.17,2.32
2015.04.02 13:48:21.861,0.95504,0.95536,1.10,2.32
2015.04.02 13:48:26.797,0.95498,0.95534,3.07,2.32
2015.04.02 13:48:26.848,0.95498,0.95532,1.15,1.15
2015.04.02 13:48:26.898,0.95498,0.95531,1.07,2.32
2015.04.02 13:48:26.949,0.95498,0.95531,1.00,2.32
2015.04.02 13:48:27.104,0.95498,0.95527,1.00,2.32
2015.04.02 13:48:27.628,0.95499,0.95527,1.00,2.32
2015.04.02 13:48:29.581,0.95503,0.95527,1.00,2.32
2015.04.02 13:48:29.880,0.95498,0.95527,1.00,3.07
2015.04.02 13:48:30.817,0.95499,0.95526,1.00,1.15
2015.04.02 13:48:30.918,0.95499,0.95526,1.10,1.07
2015.04.02 13:48:30.968,0.95499,0.95526,1.17,1.00
2015.04.02 13:48:31.280,0.95508,0.95534,1.00,1.15
2015.04.02 13:48:31.331,0.95504,0.95535,1.00,3.07
2015.04.02 13:48:31.482,0.95504,0.95538,1.15,2.32
2015.04.02 13:48:31.583,0.95513,0.95538,1.00,2.32
2015.04.02 13:48:32.585,0.95513,0.95541,1.00,2.32
2015.04.02 13:48:33.893,0.95514,0.95541,1.00,3.07
2015.04.02 13:48:34.396,0.95513,0.95541,1.00,2.32
2015.04.02 13:48:34.648,0.95519,0.95542,1.00,2.32
2015.04.02 13:48:34.699,0.95519,0.95545,1.00,3.07
2015.04.02 13:48:35.101,0.95513,0.95545,1.10,2.32
2015.04.02 13:48:35.367,0.95519,0.95545,1.00,2.32
2015.04.02 13:48:35.619,0.95518,0.95548,1.00,2.70
2015.04.02 13:48:35.770,0.95518,0.95546,1.00,2.32
2015.04.02 13:48:35.871,0.95513,0.95545,1.10,2.32
2015.04.02 13:48:36.123,0.95519,0.95545,1.00,2.32
2015.04.02 13:48:36.842,0.95514,0.95545,1.00,2.32
2015.04.02 13:48:37.105,0.95519,0.95545,1.00,2.32
2015.04.02 13:48:39.951,0.95515,0.95545,1.00,2.32
2015.04.02 13:48:40.475,0.95514,0.95545,1.50,2.32
2015.04.02 13:48:40.978,0.95511,0.95545,1.15,2.32
2015.04.02 13:48:42.399,0.95511,0.95544,1.07,2.32
2015.04.02 13:48:42.450,0.95511,0.95543,1.00,2.32
2015.04.02 13:48:43.454,0.9551,0.95543,1.00,2.32
2015.04.02 13:48:43.655,0.95513,0.95543,1.00,2.32
2015.04.02 13:48:44.455,0.95511,0.95543,1.00,2.32
2015.04.02 13:48:44.709,0.95511,0.95539,1.00,2.32
2015.04.02 13:48:45.010,0.95514,0.95539,1.00,2.32
2015.04.02 13:48:45.514,0.95513,0.95539,1.00,2.32
2015.04.02 13:48:45.816,0.95514,0.95536,1.00,2.32
2015.04.02 13:48:47.422,0.95514,0.95541,1.00,1.42
2015.04.02 13:48:48.027,0.95513,0.95543,1.00,2.32
2015.04.02 13:48:48.329,0.95519,0.95547,1.00,4.20
2015.04.02 13:48:49.335,0.95519,0.95547,1.00,1.27
2015.04.02 13:48:49.833,0.95513,0.95548,1.65,2.32
2015.04.02 13:48:50.034,0.95513,0.95547,1.00,4.87
2015.04.02 13:48:50.387,0.95519,0.95547,1.00,4.50
2015.04.02 13:48:50.940,0.95518,0.95547,1.00,4.87
2015.04.02 13:48:51.362,0.95513,0.95547,1.00,4.50
2015.04.02 13:48:51.413,0.95513,0.95547,1.07,2.32
2015.04.02 13:48:51.463,0.95516,0.9555,1.10,2.32
2015.04.02 13:48:51.590,0.95524,0.9555,1.00,2.32
2015.04.02 13:48:52.249,0.95523,0.9555,1.00,2.32
2015.04.02 13:48:52.761,0.95524,0.9555,1.00,2.32
2015.04.02 13:48:53.252,0.95524,0.95551,1.00,1.15
2015.04.02 13:48:53.353,0.95529,0.95555,1.00,3.07
2015.04.02 13:48:53.454,0.95529,0.95554,1.00,1.17
2015.04.02 13:48:53.806,0.95533,0.95558,1.00,2.32
2015.04.02 13:48:53.857,0.95533,0.95563,1.00,4.50
2015.04.02 13:48:53.957,0.95533,0.95565,1.20,1.15
2015.04.02 13:48:54.008,0.95533,0.95562,1.10,2.32
2015.04.02 13:48:54.159,0.95529,0.95562,1.00,4.50
2015.04.02 13:48:54.769,0.95536,0.95562,1.00,4.50
2015.04.02 13:48:54.938,0.95538,0.95568,1.00,2.70
2015.04.02 13:48:55.428,0.95539,0.95571,1.00,1.15
2015.04.02 13:48:55.588,0.95549,0.95572,1.00,2.70
2015.04.02 13:48:55.739,0.95549,0.95576,1.00,5.62
2015.04.02 13:48:55.897,0.95539,0.95574,1.15,2.02
2015.04.02 13:48:55.948,0.95539,0.95573,1.10,2.70
2015.04.02 13:48:56.262,0.95549,0.95576,1.00,6.00
2015.04.02 13:48:56.363,0.95543,0.95576,1.00,5.25
2015.04.02 13:48:56.865,0.95544,0.95572,1.00,1.15
2015.04.02 13:48:56.916,0.95544,0.95572,1.00,1.15
2015.04.02 13:48:57.168,0.95539,0.95573,1.10,2.70
2015.04.02 13:48:57.269,0.95539,0.9557,1.00,2.32
2015.04.02 13:48:57.571,0.95538,0.95567,1.00,2.62
2015.04.02 13:48:58.577,0.95538,0.95568,1.10,2.70
2015.04.02 13:48:58.627,0.95538,0.9557,1.10,2.70
2015.04.02 13:48:59.131,0.95538,0.95569,1.10,2.32
2015.04.02 13:48:59.181,0.95538,0.95567,1.00,2.32
2015.04.02 13:48:59.282,0.95534,0.95567,1.57,2.32
2015.04.02 13:48:59.954,0.95535,0.95571,1.15,1.15
2015.04.02 13:49:00.485,0.9554,0.95572,1.00,2.70
2015.04.02 13:49:01.285,0.95539,0.95572,1.10,2.32
2015.04.02 13:49:01.436,0.95539,0.9557,1.10,2.32
2015.04.02 13:49:01.789,0.95539,0.95573,1.20,5.62
2015.04.02 13:49:02.242,0.95539,0.9557,1.10,2.32
2015.04.02 13:49:02.759,0.95539,0.95567,1.00,2.70
2015.04.02 13:49:02.961,0.95534,0.95567,1.00,2.32
2015.04.02 13:49:03.591,0.95539,0.95567,1.00,2.32
2015.04.02 13:49:03.797,0.95534,0.95567,1.00,2.32
2015.04.02 13:49:04.163,0.95538,0.95567,1.00,2.32
2015.04.02 13:49:04.365,0.95534,0.95567,1.00,2.32
2015.04.02 13:49:04.601,0.95539,0.95567,1.00,2.32
2015.04.02 13:49:05.304,0.95539,0.95568,1.00,2.70
2015.04.02 13:49:05.606,0.95529,0.95554,1.00,1.15
2015.04.02 13:49:06.510,0.95529,0.95554,1.00,2.32
2015.04.02 13:49:06.912,0.95529,0.95558,1.00,2.32
2015.04.02 13:49:07.013,0.95529,0.9556,1.00,2.32
2015.04.02 13:49:08.069,0.95529,0.9556,1.07,2.32
2015.04.02 13:49:08.120,0.95534,0.95563,1.00,2.32
2015.04.02 13:49:08.623,0.95533,0.95558,1.00,2.25
2015.04.02 13:49:08.875,0.95533,0.95561,1.00,4.50
2015.04.02 13:49:09.423,0.95534,0.95561,1.00,5.25
2015.04.02 13:49:09.925,0.95533,0.95561,1.00,4.50
2015.04.02 13:49:11.432,0.95533,0.95558,1.00,2.32
2015.04.02 13:49:12.148,0.95528,0.95558,1.00,2.32
2015.04.02 13:49:12.400,0.95524,0.95556,1.10,1.15
2015.04.02 13:49:12.601,0.95528,0.95554,1.00,2.32
2015.04.02 13:49:12.853,0.95524,0.95554,1.00,2.32
2015.04.02 13:49:13.394,0.95529,0.95554,1.00,2.32
2015.04.02 13:49:15.507,0.95529,0.95555,1.00,2.32
2015.04.02 13:49:15.558,0.95529,0.95557,1.00,2.32
2015.04.02 13:49:15.910,0.95533,0.95558,1.00,2.32
2015.04.02 13:49:15.961,0.95533,0.95559,1.00,1.15
2015.04.02 13:49:16.465,0.95533,0.95564,1.00,2.32
2015.04.02 13:49:16.617,0.95533,0.95561,1.00,2.32
2015.04.02 13:49:17.120,0.95543,0.95564,1.00,2.32
2015.04.02 13:49:17.220,0.95543,0.95567,1.00,1.15
2015.04.02 13:49:17.321,0.95543,0.95568,1.50,1.17
2015.04.02 13:49:17.372,0.95553,0.95571,1.00,2.32
2015.04.02 13:49:17.422,0.95553,0.95573,1.00,1.15
2015.04.02 13:49:17.655,0.95548,0.95579,1.00,1.15
2015.04.02 13:49:17.822,0.95553,0.9558,1.00,1.15
2015.04.02 13:49:18.023,0.95549,0.95582,1.00,4.50
2015.04.02 13:49:18.224,0.95546,0.95586,1.15,1.52
2015.04.02 13:49:18.375,0.95546,0.95572,1.15,1.00
2015.04.02 13:49:18.577,0.95548,0.95576,1.07,1.00
2015.04.02 13:49:18.728,0.95547,0.95576,1.00,1.00
2015.04.02 13:49:18.829,0.95544,0.95576,1.10,1.00
2015.04.02 13:49:18.929,0.95544,0.95577,1.00,1.15
2015.04.02 13:49:19.232,0.95538,0.95567,1.27,1.00
2015.04.02 13:49:19.433,0.95531,0.95566,1.15,1.65
2015.04.02 13:49:19.534,0.95534,0.95566,2.32,1.17
2015.04.02 13:49:19.585,0.95534,0.95567,2.32,1.17
2015.04.02 13:49:19.937,0.95533,0.95568,2.32,1.15
2015.04.02 13:49:19.987,0.9553,0.95568,4.50,1.15
2015.04.02 13:49:20.340,0.95535,0.95566,2.32,1.07
2015.04.02 13:49:20.390,0.95535,0.95566,2.32,1.00
2015.04.02 13:49:20.441,0.95537,0.95566,2.32,1.00
2015.04.02 13:49:20.492,0.95537,0.95571,2.32,1.10
2015.04.02 13:49:20.872,0.95538,0.95566,1.00,1.15
2015.04.02 13:49:21.274,0.95539,0.95561,1.00,1.00
2015.04.02 13:49:21.783,0.95538,0.95563,1.00,1.17
2015.04.02 13:49:21.884,0.95533,0.95562,1.15,1.00
2015.04.02 13:49:22.046,0.95536,0.95562,2.25,1.00
2015.04.02 13:49:22.097,0.95536,0.9557,2.32,1.15
2015.04.02 13:49:22.147,0.9554,0.95572,2.32,1.17
2015.04.02 13:49:22.198,0.9554,0.95572,2.32,1.10
2015.04.02 13:49:22.651,0.9555,0.95575,2.25,1.07
2015.04.02 13:49:22.702,0.9555,0.95577,2.32,1.00
2015.04.02 13:49:23.054,0.95548,0.95576,2.70,1.00
2015.04.02 13:49:23.105,0.95564,0.95585,1.00,3.07
2015.04.02 13:49:23.156,0.95564,0.95586,1.00,1.07
2015.04.02 13:49:23.257,0.95564,0.95591,1.00,1.15
2015.04.02 13:49:23.408,0.9556,0.95591,1.15,1.10
2015.04.02 13:49:23.459,0.9556,0.95591,1.15,1.07
2015.04.02 13:49:23.711,0.95554,0.95588,1.15,1.15
2015.04.02 13:49:23.962,0.95551,0.95586,2.32,3.07
2015.04.02 13:49:24.013,0.9555,0.95581,1.15,1.10
2015.04.02 13:49:24.063,0.95549,0.95581,1.15,1.07
2015.04.02 13:49:24.114,0.95546,0.95581,2.32,1.65
2015.04.02 13:49:24.365,0.95551,0.95581,2.25,1.07
2015.04.02 13:49:24.416,0.95551,0.95582,2.32,1.50
2015.04.02 13:49:24.517,0.95547,0.95582,2.32,1.65
2015.04.02 13:49:24.567,0.95546,0.95581,2.32,2.25
2015.04.02 13:49:24.618,0.95544,0.95578,2.32,1.17
2015.04.02 13:49:24.669,0.95543,0.95577,1.27,1.07
2015.04.02 13:49:24.820,0.95538,0.95572,1.15,1.15
2015.04.02 13:49:25.775,0.9554,0.95574,2.32,3.07
2015.04.02 13:49:25.826,0.9554,0.95573,2.32,1.17
2015.04.02 13:49:26.078,0.95539,0.95574,3.07,2.32
2015.04.02 13:49:26.128,0.95539,0.95574,1.15,2.32
2015.04.02 13:49:26.179,0.95539,0.95575,3.07,3.07
2015.04.02 13:49:26.229,0.95539,0.95575,3.07,1.15
2015.04.02 13:49:26.380,0.95541,0.95576,2.32,1.15
2015.04.02 13:49:26.431,0.95541,0.95576,2.32,1.17
2015.04.02 13:49:26.973,0.9554,0.95575,2.32,2.25
2015.04.02 13:49:27.023,0.95539,0.95574,1.15,1.15
2015.04.02 13:49:27.175,0.9554,0.95572,2.32,1.10
2015.04.02 13:49:27.225,0.95541,0.95579,1.15,5.25
2015.04.02 13:49:27.276,0.95545,0.95579,2.32,3.07
2015.04.02 13:49:27.326,0.95545,0.9558,2.32,1.15
2015.04.02 13:49:27.377,0.95548,0.9558,2.32,1.07
2015.04.02 13:49:27.427,0.95548,0.9558,4.50,1.00
2015.04.02 13:49:27.628,0.9555,0.95582,1.15,1.20
2015.04.02 13:49:27.679,0.95557,0.95582,1.57,1.10
2015.04.02 13:49:27.930,0.95544,0.95578,2.32,1.15
2015.04.02 13:49:27.981,0.95549,0.95574,2.25,1.00
2015.04.02 13:49:28.132,0.95543,0.95574,1.00,2.32
2015.04.02 13:49:28.182,0.95543,0.95575,2.25,2.32
2015.04.02 13:49:28.233,0.95547,0.9558,1.17,2.32
2015.04.02 13:49:28.283,0.95547,0.95581,3.07,2.32
2015.04.02 13:49:28.334,0.9555,0.95584,1.15,2.32
2015.04.02 13:49:28.384,0.9555,0.95581,3.07,1.07
2015.04.02 13:49:28.644,0.95559,0.95591,1.65,1.07
2015.04.02 13:49:28.694,0.95563,0.95591,2.25,1.00
2015.04.02 13:49:28.845,0.95568,0.95606,1.27,1.15
2015.04.02 13:49:28.896,0.95572,0.95606,1.07,1.07
2015.04.02 13:49:28.946,0.95572,0.95606,1.07,1.00
2015.04.02 13:49:29.384,0.95579,0.95606,1.00,1.00
2015.04.02 13:49:30.139,0.95578,0.95612,1.00,2.32
2015.04.02 13:49:30.390,0.95583,0.9562,1.07,3.45
2015.04.02 13:49:30.441,0.95589,0.95625,1.00,4.50
2015.04.02 13:49:30.749,0.95598,0.95628,1.00,1.15
2015.04.02 13:49:30.800,0.95594,0.95628,1.00,1.15
2015.04.02 13:49:31.903,0.95593,0.95628,1.00,1.15
2015.04.02 13:49:32.104,0.95589,0.95624,1.00,2.32
2015.04.02 13:49:32.356,0.95589,0.95628,1.00,1.52
2015.04.02 13:49:32.406,0.95596,0.9563,1.00,2.62
2015.04.02 13:49:32.457,0.95596,0.95632,1.00,1.00
2015.04.02 13:49:32.557,0.95604,0.95638,1.00,1.15
2015.04.02 13:49:32.859,0.95604,0.95622,1.00,1.00
2015.04.02 13:49:32.910,0.95593,0.95622,1.00,1.00
2015.04.02 13:49:33.112,0.95588,0.95622,1.00,1.00
2015.04.02 13:49:33.212,0.95588,0.95626,1.00,1.15
2015.04.02 13:49:33.263,0.95592,0.95629,1.00,4.50
2015.04.02 13:49:33.364,0.95592,0.95631,1.00,1.15
2015.04.02 13:49:33.414,0.95595,0.95631,1.00,1.15
2015.04.02 13:49:33.717,0.956,0.95631,1.00,1.00
2015.04.02 13:49:33.817,0.95598,0.95631,1.00,1.00
2015.04.02 13:49:34.170,0.95596,0.95631,1.00,1.00
2015.04.02 13:49:34.321,0.95595,0.95626,1.00,1.00
2015.04.02 13:49:34.875,0.95594,0.95626,1.10,1.00
2015.04.02 13:49:35.203,0.95582,0.95612,2.25,1.07
2015.04.02 13:49:35.253,0.95575,0.95613,1.37,3.07
2015.04.02 13:49:35.304,0.95574,0.95601,1.10,1.00
2015.04.02 13:49:35.664,0.95571,0.95607,1.15,1.00
2015.04.02 13:49:36.167,0.95574,0.95606,1.00,1.00
2015.04.02 13:49:36.408,0.95572,0.95601,1.10,1.00
2015.04.02 13:49:36.660,0.95579,0.95621,5.25,1.75
2015.04.02 13:49:36.711,0.95585,0.95622,1.50,1.00
2015.04.02 13:49:36.819,0.95588,0.95622,1.00,1.00
2015.04.02 13:49:37.022,0.9558,0.95617,1.10,1.00
2015.04.02 13:49:37.123,0.95582,0.95616,1.07,1.00
2015.04.02 13:49:37.425,0.95589,0.95626,1.00,1.15
2015.04.02 13:49:37.728,0.95588,0.95627,1.37,1.15
2015.04.02 13:49:37.979,0.95593,0.95632,1.12,2.40
2015.04.02 13:49:38.231,0.95597,0.95632,1.12,1.07
2015.04.02 13:49:38.282,0.95597,0.95632,1.12,1.00
2015.04.02 13:49:38.483,0.95597,0.95636,1.37,1.10
2015.04.02 13:49:38.635,0.95593,0.95631,1.07,1.07
2015.04.02 13:49:38.786,0.95585,0.95622,1.00,1.10
2015.04.02 13:49:38.887,0.9558,0.95618,1.65,1.00
2015.04.02 13:49:39.189,0.95578,0.95612,1.00,1.10
2015.04.02 13:49:39.240,0.95576,0.95612,1.00,1.10
2015.04.02 13:49:39.442,0.9558,0.95612,1.00,1.00
2015.04.02 13:49:39.744,0.95591,0.95617,1.00,1.00
2015.04.02 13:49:39.845,0.9559,0.95622,1.10,1.00
2015.04.02 13:49:40.237,0.95589,0.95626,1.57,1.00
2015.04.02 13:49:40.288,0.95589,0.95621,1.07,1.00
2015.04.02 13:49:40.339,0.95587,0.95621,1.07,1.00
2015.04.02 13:49:40.440,0.95583,0.95617,2.32,1.10
2015.04.02 13:49:40.646,0.95574,0.95615,1.95,1.07
2015.04.02 13:49:40.746,0.95573,0.95615,1.12,1.52
2015.04.02 13:49:40.847,0.95576,0.95606,1.30,1.00
2015.04.02 13:49:41.149,0.95578,0.95606,1.10,1.00
2015.04.02 13:49:41.200,0.95587,0.95621,1.00,1.15
2015.04.02 13:49:41.301,0.95589,0.95627,1.00,1.15
2015.04.02 13:49:41.402,0.95584,0.9563,1.65,2.70
2015.04.02 13:49:41.654,0.95588,0.95627,1.00,1.15
2015.04.02 13:49:41.856,0.95584,0.95624,1.65,1.00
2015.04.02 13:49:41.957,0.95591,0.9563,1.00,2.32
2015.04.02 13:49:42.058,0.95592,0.95631,1.00,1.00
2015.04.02 13:49:42.108,0.95594,0.95632,1.00,1.10
2015.04.02 13:49:42.410,0.95596,0.95631,1.20,1.00
2015.04.02 13:49:42.611,0.956,0.95636,1.00,1.00
2015.04.02 13:49:42.763,0.95603,0.95642,1.00,1.17
2015.04.02 13:49:42.864,0.95607,0.95642,1.20,1.00
2015.04.02 13:49:43.167,0.9562,0.95646,1.00,1.17
2015.04.02 13:49:43.290,0.95618,0.95646,1.00,1.00
2015.04.02 13:49:43.391,0.95621,0.95662,1.00,1.15
2015.04.02 13:49:43.603,0.95622,0.95658,1.50,1.00
2015.04.02 13:49:43.921,0.95628,0.95654,1.00,1.00
2015.04.02 13:49:43.971,0.95628,0.95657,1.00,1.17
2015.04.02 13:49:44.072,0.95634,0.95661,1.00,1.10
2015.04.02 13:49:44.173,0.95622,0.95657,1.00,1.15
2015.04.02 13:49:44.274,0.95619,0.95648,1.00,1.00
2015.04.02 13:49:44.374,0.95614,0.95646,1.00,1.00
2015.04.02 13:49:44.576,0.95614,0.95645,1.15,1.00
2015.04.02 13:49:44.626,0.95614,0.95647,1.15,1.00
2015.04.02 13:49:44.878,0.9561,0.95647,1.07,1.00
2015.04.02 13:49:44.928,0.95609,0.95644,1.17,1.00
2015.04.02 13:49:45.230,0.95606,0.95639,2.32,1.00
2015.04.02 13:49:45.281,0.95604,0.95639,1.10,1.00
2015.04.02 13:49:45.583,0.95601,0.95636,1.87,1.00
2015.04.02 13:49:45.885,0.95604,0.9564,1.17,1.00
2015.04.02 13:49:45.935,0.95601,0.95635,1.45,1.00
2015.04.02 13:49:45.986,0.95599,0.95635,1.00,1.10
2015.04.02 13:49:46.087,0.95599,0.95635,1.15,1.00
2015.04.02 13:49:46.388,0.95608,0.95643,1.00,1.15
2015.04.02 13:49:46.489,0.95608,0.9564,1.00,1.00
2015.04.02 13:49:46.836,0.95614,0.95644,1.00,1.15
2015.04.02 13:49:46.887,0.95606,0.95636,1.00,1.00
2015.04.02 13:49:46.988,0.95599,0.95636,1.00,1.10
2015.04.02 13:49:47.089,0.95599,0.95635,1.00,1.15
2015.04.02 13:49:47.190,0.95594,0.95629,1.00,1.17
2015.04.02 13:49:47.493,0.95589,0.95627,1.47,2.32
2015.04.02 13:49:47.543,0.95589,0.95627,1.10,2.32
2015.04.02 13:49:47.644,0.95591,0.95625,1.00,1.15
2015.04.02 13:49:47.745,0.95588,0.95627,1.17,2.32
2015.04.02 13:49:47.990,0.95588,0.9563,3.82,1.15
2015.04.02 13:49:48.494,0.95589,0.95628,1.00,5.25
2015.04.02 13:49:48.897,0.95586,0.95626,5.47,1.00
2015.04.02 13:49:48.947,0.95586,0.95622,5.47,1.00
2015.04.02 13:49:48.998,0.95584,0.95622,1.17,1.15
2015.04.02 13:49:49.300,0.95579,0.9562,1.15,2.32
2015.04.02 13:49:49.622,0.95583,0.95625,1.15,2.32
2015.04.02 13:49:49.924,0.95583,0.95626,1.15,1.65
2015.04.02 13:49:50.489,0.95583,0.95614,1.07,1.00
2015.04.02 13:49:50.640,0.95569,0.95606,1.37,1.00
2015.04.02 13:49:50.691,0.95569,0.95606,1.00,1.57
2015.04.02 13:49:51.194,0.95568,0.95604,2.47,1.07
2015.04.02 13:49:51.294,0.95568,0.95605,1.10,1.10
2015.04.02 13:49:51.395,0.95573,0.95604,1.00,1.00
2015.04.02 13:49:51.496,0.95573,0.95608,1.00,1.00
2015.04.02 13:49:52.000,0.95573,0.9561,1.00,1.17
2015.04.02 13:49:52.101,0.95571,0.95604,1.00,1.47
2015.04.02 13:49:52.151,0.95564,0.95601,1.00,1.00
2015.04.02 13:49:52.252,0.95564,0.95604,1.00,1.10
2015.04.02 13:49:52.512,0.95568,0.95604,1.00,1.10
2015.04.02 13:49:52.613,0.95564,0.95602,1.00,1.00
2015.04.02 13:49:53.068,0.95563,0.95604,1.10,1.10
2015.04.02 13:49:53.480,0.95564,0.95606,1.00,1.00
2015.04.02 13:49:53.581,0.95564,0.95603,1.00,1.00
2015.04.02 13:49:53.783,0.95564,0.95605,1.00,1.10
2015.04.02 13:49:53.833,0.95564,0.95596,1.00,1.00
2015.04.02 13:49:54.808,0.95563,0.95597,1.00,1.00
2015.04.02 13:49:55.814,0.95558,0.95596,1.12,1.00
2015.04.02 13:49:55.865,0.95558,0.95594,1.12,1.00
2015.04.02 13:49:56.016,0.95555,0.95594,1.00,1.37
2015.04.02 13:49:56.368,0.95553,0.95592,1.00,1.00
2015.04.02 13:49:56.721,0.95553,0.95593,1.87,1.37
2015.04.02 13:49:57.023,0.95552,0.95587,1.50,1.00
2015.04.02 13:49:57.073,0.95556,0.95587,1.50,1.00
2015.04.02 13:49:57.375,0.95549,0.95582,1.00,1.50
2015.04.02 13:49:57.641,0.95548,0.95585,1.00,1.00
2015.04.02 13:49:57.742,0.95549,0.95582,1.00,1.00
2015.04.02 13:49:57.843,0.95546,0.95582,1.00,1.00
2015.04.02 13:49:57.994,0.95544,0.95581,1.00,1.00
2015.04.02 13:49:58.195,0.95544,0.95579,1.50,1.00
2015.04.02 13:49:58.346,0.95541,0.95579,1.00,1.00
2015.04.02 13:49:58.447,0.95539,0.95582,1.10,1.15
2015.04.02 13:49:58.850,0.95539,0.95585,7.50,2.02
2015.04.02 13:49:59.001,0.95542,0.95585,1.15,1.20
2015.04.02 13:49:59.173,0.95544,0.95575,1.00,1.00
2015.04.02 13:49:59.324,0.95538,0.95574,1.20,1.00
2015.04.02 13:49:59.827,0.95538,0.95572,1.00,1.00
2015.04.02 13:49:59.878,0.95533,0.95572,1.17,1.00
2015.04.02 13:50:00.130,0.95534,0.95571,1.00,1.07
2015.04.02 13:50:00.432,0.95534,0.95565,1.00,1.07
2015.04.02 13:50:00.734,0.95534,0.95564,1.00,1.00
2015.04.02 13:50:00.835,0.95534,0.95558,1.00,1.00
2015.04.02 13:50:00.885,0.9552,0.95558,1.82,1.00
2015.04.02 13:50:00.936,0.9552,0.95552,1.45,1.00
2015.04.02 13:50:01.037,0.95519,0.95554,1.10,1.07
2015.04.02 13:50:01.087,0.95523,0.95554,2.25,1.15
2015.04.02 13:50:01.188,0.95523,0.95557,2.25,1.15
2015.04.02 13:50:01.239,0.95523,0.95557,2.70,1.07
2015.04.02 13:50:01.289,0.95523,0.95558,1.27,1.00
2015.04.02 13:50:01.692,0.9552,0.95556,2.32,1.00
2015.04.02 13:50:01.793,0.95517,0.95556,2.25,1.07
2015.04.02 13:50:01.944,0.95519,0.95552,1.10,1.07
2015.04.02 13:50:02.306,0.9551,0.95546,4.50,1.00
2015.04.02 13:50:02.360,0.95508,0.95546,1.17,1.17
2015.04.02 13:50:02.461,0.9551,0.95547,2.32,1.00
2015.04.02 13:50:02.813,0.95514,0.95549,1.07,1.10
2015.04.02 13:50:03.318,0.95519,0.9555,1.00,1.07
2015.04.02 13:50:03.761,0.95518,0.95553,1.15,1.10
2015.04.02 13:50:03.862,0.95518,0.95561,3.07,1.65
2015.04.02 13:50:04.114,0.95518,0.95554,2.32,1.00
2015.04.02 13:50:04.165,0.95517,0.95554,2.40,1.55
2015.04.02 13:50:04.265,0.95514,0.9555,1.00,1.15
2015.04.02 13:50:04.366,0.95514,0.95554,1.17,1.15
2015.04.02 13:50:05.355,0.95514,0.95545,1.10,1.10
2015.04.02 13:50:05.405,0.95509,0.95545,1.15,1.10
2015.04.02 13:50:05.456,0.95509,0.95544,1.07,1.07
2015.04.02 13:50:05.959,0.95509,0.95544,1.00,1.15
2015.04.02 13:50:06.311,0.95514,0.95547,1.72,4.50
2015.04.02 13:50:06.512,0.95526,0.95556,1.00,1.20
2015.04.02 13:50:06.613,0.95521,0.95564,2.32,1.15
2015.04.02 13:50:06.714,0.95529,0.95565,1.00,2.32
2015.04.02 13:50:06.960,0.95541,0.95576,2.25,1.55
2015.04.02 13:50:07.010,0.95547,0.95576,1.00,1.55
2015.04.02 13:50:07.061,0.95547,0.95577,1.00,1.07
2015.04.02 13:50:07.162,0.95547,0.95585,1.57,2.25
2015.04.02 13:50:07.212,0.95558,0.95589,1.00,1.15
2015.04.02 13:50:07.313,0.95559,0.95592,1.00,1.27
2015.04.02 13:50:07.414,0.95559,0.95601,2.40,3.07
2015.04.02 13:50:07.766,0.95563,0.95596,1.07,1.00
2015.04.02 13:50:08.068,0.9556,0.95596,2.25,1.07
2015.04.02 13:50:08.118,0.9556,0.95598,1.50,2.32
2015.04.02 13:50:08.169,0.9556,0.95603,1.65,1.52
2015.04.02 13:50:08.219,0.95558,0.9559,4.50,1.00
2015.04.02 13:50:08.270,0.95555,0.9559,1.00,1.15
2015.04.02 13:50:08.772,0.95554,0.95591,1.10,1.65
2015.04.02 13:50:08.974,0.95554,0.95589,1.00,2.32
2015.04.02 13:50:09.482,0.95549,0.95589,1.07,3.07
2015.04.02 13:50:09.784,0.95544,0.95585,1.20,5.25
2015.04.02 13:50:10.639,0.95547,0.95582,1.00,1.15
2015.04.02 13:50:10.940,0.95544,0.95585,1.20,4.50
2015.04.02 13:50:11.192,0.95541,0.9558,1.47,2.32
2015.04.02 13:50:11.293,0.95539,0.9558,1.15,2.32
2015.04.02 13:50:11.494,0.9554,0.95576,1.00,2.32
2015.04.02 13:50:11.749,0.95538,0.95576,1.00,2.32
2015.04.02 13:50:11.901,0.95544,0.95576,1.00,2.32
2015.04.02 13:50:12.203,0.95544,0.95571,1.00,2.32
2015.04.02 13:50:12.304,0.95544,0.95575,1.00,3.07
2015.04.02 13:50:12.505,0.95544,0.95574,1.00,1.00
2015.04.02 13:50:12.556,0.95544,0.95571,1.00,1.00
2015.04.02 13:50:12.657,0.95537,0.95572,1.57,3.07
2015.04.02 13:50:12.757,0.9554,0.95572,1.00,1.00
2015.04.02 13:50:13.009,0.95539,0.95576,1.15,1.00
2015.04.02 13:50:13.110,0.95533,0.95576,1.27,1.15
2015.04.02 13:50:13.211,0.95538,0.95574,1.00,2.32
2015.04.02 13:50:13.462,0.95534,0.95574,1.00,2.32
2015.04.02 13:50:13.614,0.95538,0.95574,1.00,2.32
2015.04.02 13:50:13.714,0.95538,0.95577,1.10,3.82
2015.04.02 13:50:13.815,0.95538,0.95577,1.15,1.20
2015.04.02 13:50:14.067,0.95544,0.95581,1.00,1.65
2015.04.02 13:50:14.821,0.95539,0.95575,1.00,1.15
2015.04.02 13:50:15.123,0.95539,0.9557,1.00,3.07
2015.04.02 13:50:15.173,0.95533,0.9557,1.00,3.07
2015.04.02 13:50:15.631,0.95533,0.9557,1.17,1.15
2015.04.02 13:50:15.832,0.95539,0.9557,1.00,1.15
2015.04.02 13:50:16.461,0.95539,0.95563,1.00,4.50
2015.04.02 13:50:16.512,0.95529,0.9556,1.00,1.15
2015.04.02 13:50:16.613,0.95524,0.95559,1.00,1.15
2015.04.02 13:50:16.714,0.95525,0.95567,1.52,2.32
2015.04.02 13:50:17.418,0.95533,0.95565,2.32,1.00
2015.04.02 13:50:17.469,0.95533,0.95569,2.32,1.00
2015.04.02 13:50:17.849,0.95533,0.95568,1.10,1.07
2015.04.02 13:50:17.899,0.95533,0.95565,1.10,1.57
2015.04.02 13:50:18.201,0.95529,0.95561,1.00,1.15
2015.04.02 13:50:18.318,0.95529,0.95561,1.00,1.00
2015.04.02 13:50:18.369,0.95533,0.95566,1.00,1.15
2015.04.02 13:50:18.671,0.95533,0.95558,1.00,1.00
2015.04.02 13:50:18.972,0.95523,0.95547,1.00,1.15
2015.04.02 13:50:19.124,0.95518,0.95547,1.00,1.15
2015.04.02 13:50:19.325,0.95518,0.95554,1.00,1.15
2015.04.02 13:50:19.376,0.95524,0.95554,1.00,1.15
2015.04.02 13:50:19.577,0.95514,0.95555,1.20,4.50
2015.04.02 13:50:19.628,0.9552,0.95559,1.15,3.45
2015.04.02 13:50:19.729,0.95522,0.9556,3.00,1.17
2015.04.02 13:50:19.779,0.95526,0.9556,1.00,1.17
2015.04.02 13:50:19.981,0.95523,0.95561,1.10,1.15
2015.04.02 13:50:20.132,0.95528,0.95561,1.00,1.15
2015.04.02 13:50:20.334,0.95523,0.95563,1.10,1.15
2015.04.02 13:50:20.586,0.95534,0.95564,1.00,2.32
2015.04.02 13:50:21.331,0.95524,0.95561,1.00,1.15
2015.04.02 13:50:22.299,0.95529,0.95564,1.00,3.07
2015.04.02 13:50:23.071,0.95524,0.95559,1.00,1.10
2015.04.02 13:50:23.121,0.95524,0.95559,1.00,1.17
2015.04.02 13:50:23.222,0.95518,0.95559,1.65,3.07
2015.04.02 13:50:23.943,0.95518,0.95555,1.00,2.32
2015.04.02 13:50:24.094,0.95514,0.95551,1.15,1.17
2015.04.02 13:50:24.144,0.95514,0.9555,1.15,1.17
2015.04.02 13:50:24.346,0.95509,0.95552,1.15,4.20
2015.04.02 13:50:24.648,0.95519,0.95552,1.00,2.32
2015.04.02 13:50:26.953,0.95519,0.95553,1.00,1.17
2015.04.02 13:50:27.479,0.95518,0.95556,1.00,2.32
2015.04.02 13:50:27.982,0.95519,0.95556,1.00,3.82
2015.04.02 13:50:28.903,0.95524,0.95556,1.00,3.07
2015.04.02 13:50:29.161,0.95519,0.95556,1.15,1.00
2015.04.02 13:50:29.363,0.95529,0.95556,1.00,1.00
2015.04.02 13:50:30.335,0.95523,0.95559,1.00,1.15
2015.04.02 13:50:30.436,0.95523,0.95556,1.00,2.25
2015.04.02 13:50:30.688,0.95518,0.95553,1.17,2.32
2015.04.02 13:50:30.939,0.95519,0.9555,1.10,2.32
2015.04.02 13:50:31.191,0.95519,0.95552,1.07,2.32
2015.04.02 13:50:31.242,0.95519,0.95552,1.15,2.25
2015.04.02 13:50:31.292,0.95519,0.95556,3.07,3.82
2015.04.02 13:50:31.544,0.95528,0.95556,1.00,2.32
2015.04.02 13:50:31.695,0.95523,0.95556,1.07,2.32
2015.04.02 13:50:31.946,0.95523,0.95553,1.00,2.32
2015.04.02 13:50:32.449,0.95524,0.95553,1.00,2.32
2015.04.02 13:50:32.699,0.95524,0.95553,1.00,1.15
2015.04.02 13:50:33.152,0.95519,0.95551,1.00,2.32
2015.04.02 13:50:33.253,0.95516,0.95553,2.32,3.45
2015.04.02 13:50:33.555,0.95514,0.95547,1.17,2.32
2015.04.02 13:50:33.857,0.95519,0.9555,1.00,2.32
2015.04.02 13:50:34.384,0.95518,0.9555,1.00,2.32
2015.04.02 13:50:34.888,0.95514,0.9555,1.15,2.32
2015.04.02 13:50:35.229,0.95511,0.95547,1.15,2.32
2015.04.02 13:50:35.459,0.95511,0.95551,3.07,3.07
2015.04.02 13:50:36.952,0.95516,0.95551,1.17,2.32
2015.04.02 13:50:37.003,0.95516,0.95552,1.15,1.15
2015.04.02 13:50:37.154,0.95518,0.95553,2.32,2.32
2015.04.02 13:50:37.204,0.95519,0.95556,2.32,3.07
2015.04.02 13:50:37.506,0.95522,0.95556,2.32,1.17
2015.04.02 13:50:37.808,0.95519,0.95556,3.07,3.07
2015.04.02 13:50:38.200,0.95518,0.95553,1.20,4.50
2015.04.02 13:50:39.211,0.95521,0.95552,1.00,1.15
2015.04.02 13:50:39.512,0.95521,0.95558,3.07,2.32
2015.04.02 13:50:39.814,0.95521,0.9556,5.25,4.50
2015.04.02 13:50:39.865,0.95521,0.95554,2.25,2.25
2015.04.02 13:50:39.915,0.95519,0.95554,1.15,4.50
2015.04.02 13:50:40.016,0.95519,0.95551,1.00,2.32
2015.04.02 13:50:40.318,0.95516,0.95553,2.32,2.32
2015.04.02 13:50:41.072,0.95518,0.95553,1.15,2.32
2015.04.02 13:50:41.122,0.95519,0.95556,3.07,2.32
2015.04.02 13:50:41.525,0.95522,0.95556,2.32,1.17
2015.04.02 13:50:41.826,0.95523,0.95555,1.10,2.32
2015.04.02 13:50:42.128,0.95518,0.95552,1.17,2.32
2015.04.02 13:50:42.430,0.95518,0.95555,3.07,2.32
2015.04.02 13:50:43.273,0.95522,0.95555,2.32,2.25
2015.04.02 13:50:43.323,0.95523,0.9556,3.07,2.32
2015.04.02 13:50:44.686,0.95524,0.9556,3.07,2.32
2015.04.02 13:50:44.737,0.95525,0.95564,2.32,2.32
2015.04.02 13:50:44.888,0.95533,0.95564,1.07,2.25
2015.04.02 13:50:44.938,0.95535,0.95567,1.07,1.15
2015.04.02 13:50:45.089,0.95535,0.95568,2.32,2.25
2015.04.02 13:50:45.140,0.95535,0.95574,4.50,4.50
2015.04.02 13:50:45.241,0.95533,0.95576,1.27,2.32
2015.04.02 13:50:45.392,0.95534,0.95571,1.07,2.32
2015.04.02 13:50:45.442,0.95534,0.95571,1.00,4.50
2015.04.02 13:50:45.594,0.95534,0.95569,1.17,2.32
2015.04.02 13:50:48.504,0.95534,0.95565,1.00,2.32
2015.04.02 13:50:48.605,0.95525,0.95562,2.32,2.32
2015.04.02 13:50:49.310,0.95529,0.9556,1.00,4.50
2015.04.02 13:50:49.639,0.95524,0.9556,1.15,4.50
2015.04.02 13:50:49.891,0.95529,0.9556,1.00,4.50
2015.04.02 13:50:49.941,0.95529,0.95562,1.10,2.32
2015.04.02 13:50:50.343,0.95529,0.95564,1.15,2.32
2015.04.02 13:50:53.336,0.95528,0.95561,1.07,2.32
2015.04.02 13:50:53.437,0.95524,0.95558,1.10,2.32
2015.04.02 13:50:53.638,0.95522,0.95561,2.32,2.32
2015.04.02 13:50:54.030,0.95524,0.95557,1.00,4.50
2015.04.02 13:50:54.741,0.95524,0.95552,1.00,2.32
2015.04.02 13:50:54.842,0.95519,0.95554,1.07,2.32
2015.04.02 13:50:55.345,0.95518,0.95555,3.07,2.32
2015.04.02 13:50:55.547,0.95518,0.95552,1.17,2.32
2015.04.02 13:50:55.648,0.95514,0.95552,1.65,2.32
2015.04.02 13:50:55.950,0.95508,0.95552,3.82,2.32
2015.04.02 13:50:57.056,0.95512,0.95551,2.32,1.07
2015.04.02 13:50:57.157,0.95514,0.95557,1.15,1.65
2015.04.02 13:50:57.358,0.95519,0.95556,1.00,2.40
2015.04.02 13:50:57.932,0.95521,0.95556,1.00,1.65
2015.04.02 13:50:58.134,0.95522,0.95561,1.17,1.52
2015.04.02 13:50:58.637,0.95524,0.95563,1.10,2.70
2015.04.02 13:50:59.090,0.95517,0.95559,2.32,2.25
2015.04.02 13:50:59.423,0.95514,0.95556,1.17,2.32
2015.04.02 13:50:59.474,0.95514,0.9555,1.10,2.25
2015.04.02 13:50:59.625,0.95512,0.95548,1.00,1.15
2015.04.02 13:50:59.853,0.95512,0.95548,2.25,2.32
2015.04.02 13:50:59.954,0.95515,0.95552,1.15,1.17
2015.04.02 13:51:00.670,0.95514,0.95553,1.07,2.32
2015.04.02 13:51:00.771,0.95514,0.95551,1.00,1.15
2015.04.02 13:51:00.872,0.95511,0.95551,1.15,1.65
2015.04.02 13:51:01.073,0.95513,0.95551,1.07,1.57
2015.04.02 13:51:01.174,0.95514,0.9555,1.15,1.00
2015.04.02 13:51:01.375,0.95514,0.9555,1.07,1.07
2015.04.02 13:51:01.476,0.95508,0.95547,2.32,1.10
2015.04.02 13:51:01.677,0.95513,0.95551,3.00,1.07
2015.04.02 13:51:01.979,0.95519,0.95556,2.32,2.32
2015.04.02 13:51:02.236,0.95515,0.95554,5.25,4.50
2015.04.02 13:51:03.192,0.95515,0.9555,2.32,2.32
2015.04.02 13:51:03.242,0.95513,0.9555,1.15,2.32
2015.04.02 13:51:03.494,0.95514,0.95545,1.07,2.25
2015.04.02 13:51:03.545,0.95514,0.95545,1.00,2.32
2015.04.02 13:51:03.847,0.95511,0.95545,1.17,2.32
2015.04.02 13:51:04.098,0.95514,0.95545,1.00,2.32
2015.04.02 13:51:05.699,0.95514,0.95546,1.07,2.32
2015.04.02 13:51:05.749,0.95517,0.9555,1.00,2.32
2015.04.02 13:51:05.800,0.95517,0.95551,1.07,4.57
2015.04.02 13:51:05.850,0.95516,0.95551,3.07,1.15
2015.04.02 13:51:05.901,0.9552,0.95551,2.32,1.07
2015.04.02 13:51:05.951,0.9552,0.95557,2.32,3.07
2015.04.02 13:51:06.102,0.95518,0.95554,2.32,2.32
2015.04.02 13:51:06.153,0.95518,0.95554,1.15,2.32
2015.04.02 13:51:06.707,0.95519,0.95551,1.10,2.32
2015.04.02 13:51:06.807,0.95513,0.95551,1.15,2.32
2015.04.02 13:51:08.816,0.95511,0.95544,2.32,1.07
2015.04.02 13:51:08.867,0.95509,0.95544,2.32,1.52
2015.04.02 13:51:08.917,0.95508,0.95534,2.25,2.25
2015.04.02 13:51:08.968,0.95504,0.95534,1.00,2.32
2015.04.02 13:51:09.069,0.95504,0.95538,1.17,2.32
2015.04.02 13:51:09.119,0.95509,0.95538,1.00,2.32
2015.04.02 13:51:09.371,0.95503,0.95538,1.15,2.32
2015.04.02 13:51:09.572,0.95508,0.95538,1.00,2.32
2015.04.02 13:51:10.376,0.95509,0.95538,1.00,2.32
2015.04.02 13:51:10.880,0.95508,0.95538,1.00,2.32
2015.04.02 13:51:11.081,0.95508,0.9554,1.10,2.32
2015.04.02 13:51:11.232,0.95508,0.95542,1.07,3.07
2015.04.02 13:51:11.282,0.95508,0.95542,1.15,1.15
2015.04.02 13:51:11.333,0.95514,0.95543,1.00,1.15
2015.04.02 13:51:11.875,0.95509,0.95544,1.15,3.07
2015.04.02 13:51:12.126,0.95514,0.95544,1.00,2.32
2015.04.02 13:51:12.428,0.95514,0.95541,1.00,1.15
2015.04.02 13:51:12.680,0.95509,0.95542,1.10,2.32
2015.04.02 13:51:12.831,0.95509,0.95539,1.00,2.32
2015.04.02 13:51:13.701,0.95509,0.95536,1.00,2.32
2015.04.02 13:51:13.852,0.95499,0.95533,1.07,2.32
2015.04.02 13:51:13.902,0.95499,0.95529,1.00,3.07
2015.04.02 13:51:14.205,0.95499,0.95526,1.00,1.15
2015.04.02 13:51:14.607,0.95499,0.95521,1.00,2.25
2015.04.02 13:51:14.657,0.95494,0.95521,1.00,2.25
2015.04.02 13:51:14.708,0.95494,0.95523,1.00,2.32
2015.04.02 13:51:14.809,0.95494,0.95526,1.57,2.32
2015.04.02 13:51:14.960,0.95499,0.95529,1.00,2.32
2015.04.02 13:51:15.011,0.95499,0.9553,1.07,2.32
2015.04.02 13:51:15.212,0.95496,0.9553,1.15,2.32
2015.04.02 13:51:15.313,0.95501,0.95531,1.10,2.32
2015.04.02 13:51:15.515,0.95499,0.9553,1.00,2.32
2015.04.02 13:51:16.031,0.95498,0.9553,1.00,2.32
2015.04.02 13:51:17.028,0.95499,0.9553,1.00,2.32
2015.04.02 13:51:17.412,0.95499,0.95526,1.00,2.32
2015.04.02 13:51:17.613,0.95494,0.95526,1.10,2.32
2015.04.02 13:51:20.007,0.95494,0.95523,1.00,2.32
2015.04.02 13:51:20.309,0.95494,0.95525,1.00,2.32
2015.04.02 13:51:20.588,0.95493,0.95527,1.10,2.32
2015.04.02 13:51:20.639,0.95493,0.95528,1.20,2.32
2015.04.02 13:51:20.689,0.95496,0.95531,1.17,2.32
2015.04.02 13:51:20.840,0.95497,0.95532,2.25,3.07
2015.04.02 13:51:20.891,0.95497,0.95531,2.32,1.15
2015.04.02 13:51:20.941,0.95496,0.95525,2.25,2.25
2015.04.02 13:51:20.992,0.95494,0.95525,1.00,2.32
2015.04.02 13:51:21.143,0.95494,0.95527,1.57,2.32
2015.04.02 13:51:21.244,0.95494,0.95529,1.15,4.50
2015.04.02 13:51:21.344,0.95498,0.95529,1.00,4.50
2015.04.02 13:51:21.647,0.95494,0.95526,1.07,2.32
2015.04.02 13:51:21.872,0.95489,0.95525,1.15,2.32
2015.04.02 13:51:22.023,0.95489,0.95523,1.17,2.32
2015.04.02 13:51:22.124,0.95489,0.95523,1.20,4.50
2015.04.02 13:51:23.217,0.9549,0.95523,1.07,2.32
2015.04.02 13:51:23.418,0.95493,0.95527,3.07,1.10
2015.04.02 13:51:24.222,0.95498,0.95533,1.07,2.32
2015.04.02 13:51:24.323,0.95499,0.95535,1.15,4.50
2015.04.02 13:51:24.424,0.95503,0.95535,1.07,2.32
2015.04.02 13:51:24.525,0.95503,0.95536,2.40,1.15
2015.04.02 13:51:24.877,0.95509,0.95536,1.00,1.15
2015.04.02 13:51:25.078,0.95499,0.95535,1.15,2.32
2015.04.02 13:51:25.330,0.95499,0.95532,1.17,2.32
2015.04.02 13:51:29.747,0.95498,0.95534,1.15,1.15
2015.04.02 13:51:29.848,0.95498,0.95533,1.15,2.32
2015.04.02 13:51:30.150,0.95499,0.95536,2.32,3.07
2015.04.02 13:51:30.250,0.95498,0.95534,1.15,2.32
2015.04.02 13:51:30.952,0.95502,0.9553,1.00,2.32
2015.04.02 13:51:31.053,0.95502,0.95531,1.20,1.00
2015.04.02 13:51:31.254,0.95503,0.95532,1.15,1.00
2015.04.02 13:51:31.457,0.95503,0.95532,1.00,1.15
2015.04.02 13:51:31.658,0.95498,0.95535,1.65,2.32
2015.04.02 13:51:31.759,0.95498,0.95533,1.10,2.32
2015.04.02 13:51:31.910,0.95493,0.95531,3.82,3.07
2015.04.02 13:51:32.212,0.95493,0.95529,1.15,2.32
2015.04.02 13:51:34.515,0.95494,0.95527,1.07,2.32
2015.04.02 13:51:34.566,0.95494,0.95525,1.00,2.32
2015.04.02 13:51:34.616,0.95494,0.95525,1.07,2.25
2015.04.02 13:51:34.667,0.95495,0.95531,1.15,3.07
2015.04.02 13:51:35.220,0.95499,0.95531,1.17,2.32
2015.04.02 13:51:35.270,0.95499,0.95535,1.15,3.07
2015.04.02 13:51:36.025,0.955,0.95535,2.32,2.32
2015.04.02 13:51:36.075,0.955,0.95536,4.50,1.15
2015.04.02 13:51:36.427,0.955,0.95535,2.32,1.15
2015.04.02 13:51:36.478,0.95499,0.95535,1.15,3.07
2015.04.02 13:51:36.529,0.95499,0.95531,1.07,2.32
2015.04.02 13:51:36.579,0.95499,0.95531,1.00,4.50
2015.04.02 13:51:37.133,0.95493,0.95531,1.65,4.50
2015.04.02 13:51:37.579,0.95494,0.95529,1.10,2.32
2015.04.02 13:51:39.420,0.95495,0.95529,1.00,2.32
2015.04.02 13:51:39.807,0.95493,0.9553,4.20,2.32
2015.04.02 13:51:43.767,0.95494,0.95523,1.00,2.32
2015.04.02 13:51:43.868,0.95491,0.95526,1.15,2.32
2015.04.02 13:51:43.969,0.95489,0.95524,1.15,4.50
2015.04.02 13:51:44.270,0.9549,0.95526,1.15,2.32
2015.04.02 13:51:44.874,0.95488,0.95523,1.17,2.32
2015.04.02 13:51:44.975,0.95485,0.9552,1.17,3.07
2015.04.02 13:51:45.323,0.95478,0.95516,1.15,5.25
2015.04.02 13:51:45.649,0.95481,0.95517,1.15,2.25
2015.04.02 13:51:45.699,0.95481,0.95521,1.15,1.15
2015.04.02 13:51:46.052,0.95483,0.95516,1.07,1.07
2015.04.02 13:51:46.102,0.95483,0.95516,1.00,1.15
2015.04.02 13:51:46.153,0.95477,0.95516,1.27,1.65
2015.04.02 13:51:46.858,0.95476,0.95512,2.32,1.00
2015.04.02 13:51:46.963,0.95476,0.95512,2.32,1.07
2015.04.02 13:51:47.014,0.95475,0.95514,1.15,3.07
2015.04.02 13:51:47.215,0.95472,0.9551,1.00,1.00
2015.04.02 13:51:47.266,0.95468,0.9551,1.65,1.00
2015.04.02 13:51:47.316,0.95468,0.95508,1.15,1.00
2015.04.02 13:51:47.771,0.95468,0.95502,1.27,1.00
2015.04.02 13:51:48.075,0.95473,0.95499,1.00,1.00
2015.04.02 13:51:48.125,0.95467,0.95499,1.00,1.00
2015.04.02 13:51:48.176,0.9546,0.95496,1.17,1.00
2015.04.02 13:51:48.589,0.95456,0.95498,2.32,1.00
2015.04.02 13:51:48.942,0.95456,0.955,2.70,1.10
2015.04.02 13:51:48.992,0.95454,0.955,1.55,3.07
2015.04.02 13:51:49.500,0.95453,0.95493,1.37,1.15
2015.04.02 13:51:49.601,0.95448,0.95493,1.90,1.15
2015.04.02 13:51:49.702,0.95453,0.95489,1.00,1.00
2015.04.02 13:51:50.155,0.95454,0.95492,1.00,1.15
2015.04.02 13:51:50.356,0.95452,0.95489,1.37,1.00
2015.04.02 13:51:50.457,0.95449,0.95489,1.17,1.07
2015.04.02 13:51:50.507,0.95449,0.95485,1.17,1.00
2015.04.02 13:51:50.949,0.95451,0.95482,2.25,2.25
2015.04.02 13:51:51.000,0.95448,0.95485,2.32,2.32
2015.04.02 13:51:51.405,0.95444,0.95483,2.32,3.07
2015.04.02 13:51:51.708,0.95447,0.95486,2.70,2.32
2015.04.02 13:51:52.010,0.95453,0.95489,1.15,5.25
2015.04.02 13:51:52.313,0.95454,0.95491,3.07,2.32
2015.04.02 13:51:53.879,0.95455,0.95491,2.32,2.32
2015.04.02 13:51:53.930,0.95457,0.95493,2.32,1.15
2015.04.02 13:51:54.282,0.95459,0.95492,2.32,1.07
2015.04.02 13:51:54.332,0.9546,0.95496,2.32,2.40
2015.04.02 13:51:54.785,0.95463,0.95499,3.07,2.32
2015.04.02 13:51:54.836,0.95463,0.955,5.25,1.15
2015.04.02 13:51:55.405,0.95461,0.95499,1.15,4.50
2015.04.02 13:51:56.570,0.9546,0.95496,2.32,2.32
2015.04.02 13:51:56.620,0.95458,0.95495,2.32,2.32
2015.04.02 13:51:56.721,0.95459,0.95498,2.32,1.27
2015.04.02 13:51:58.660,0.95462,0.955,2.32,3.07
2015.04.02 13:51:58.811,0.95466,0.95504,1.15,6.00
2015.04.02 13:51:59.012,0.95468,0.95504,2.32,2.32
2015.04.02 13:51:59.113,0.95468,0.95505,3.07,1.15
2015.04.02 13:52:00.158,0.95468,0.95503,1.15,2.32
2015.04.02 13:52:00.460,0.95472,0.95504,1.07,2.32
2015.04.02 13:52:00.510,0.95475,0.95506,1.00,3.07
2015.04.02 13:52:00.561,0.95475,0.95507,1.07,3.07
2015.04.02 13:52:00.614,0.95475,0.95507,1.15,1.17
2015.04.02 13:52:01.438,0.95473,0.95507,1.17,3.07
2015.04.02 13:52:01.488,0.95469,0.95507,1.15,5.25
2015.04.02 13:52:02.370,0.95482,0.95507,2.25,2.25
2015.04.02 13:52:02.420,0.95485,0.95511,2.32,1.00
2015.04.02 13:52:02.521,0.95485,0.95513,3.07,1.00
2015.04.02 13:52:02.622,0.95485,0.95516,3.07,1.00
2015.04.02 13:52:03.025,0.95487,0.95523,3.07,2.32
2015.04.02 13:52:03.227,0.95484,0.9552,1.15,4.50
2015.04.02 13:52:03.629,0.95485,0.9552,2.32,2.32
2015.04.02 13:52:03.831,0.95494,0.95527,1.15,1.15
2015.04.02 13:52:03.931,0.95495,0.9553,1.17,3.07
2015.04.02 13:52:04.034,0.95495,0.9553,1.15,1.15
2015.04.02 13:52:04.135,0.95498,0.95532,3.07,4.20
2015.04.02 13:52:04.236,0.95498,0.95532,3.07,1.15
2015.04.02 13:52:04.437,0.95497,0.9553,2.32,2.25
2015.04.02 13:52:04.488,0.95493,0.9553,2.32,2.32
2015.04.02 13:52:04.539,0.95491,0.95525,2.32,2.25
2015.04.02 13:52:04.589,0.95489,0.95525,1.15,2.32
2015.04.02 13:52:04.690,0.95486,0.95524,2.70,1.10
2015.04.02 13:52:04.741,0.95485,0.95524,1.15,1.07
2015.04.02 13:52:04.792,0.95485,0.95522,1.15,1.15
2015.04.02 13:52:04.892,0.95482,0.95518,1.15,1.00
2015.04.02 13:52:04.993,0.95481,0.95518,1.20,1.27
2015.04.02 13:52:05.548,0.95481,0.95518,1.17,1.07
2015.04.02 13:52:05.599,0.95481,0.95518,1.15,1.00
2015.04.02 13:52:06.052,0.9548,0.95517,3.07,1.07
2015.04.02 13:52:06.102,0.95478,0.95517,1.15,1.15
2015.04.02 13:52:06.253,0.95478,0.95514,1.07,2.25
2015.04.02 13:52:06.656,0.95478,0.95511,1.00,1.15
2015.04.02 13:52:06.862,0.95484,0.95514,1.00,2.32
2015.04.02 13:52:07.013,0.95484,0.95515,1.00,1.15
2015.04.02 13:52:07.608,0.95479,0.95511,1.17,1.00
2015.04.02 13:52:08.047,0.95484,0.95515,1.00,1.15
2015.04.02 13:52:08.359,0.95484,0.95512,1.00,1.27
2015.04.02 13:52:08.410,0.95474,0.95508,1.15,1.00
2015.04.02 13:52:08.461,0.95474,0.95508,1.07,1.07
2015.04.02 13:52:08.612,0.95474,0.95509,1.15,1.17
2015.04.02 13:52:09.062,0.9547,0.95504,2.32,1.07
2015.04.02 13:52:09.112,0.95469,0.95504,1.15,1.17
2015.04.02 13:52:10.268,0.95475,0.95509,1.00,4.20
2015.04.02 13:52:10.318,0.95475,0.9551,1.00,1.52
2015.04.02 13:52:10.369,0.95478,0.95512,1.07,1.17
2015.04.02 13:52:10.419,0.95478,0.95515,1.15,1.65
2015.04.02 13:52:17.387,0.95476,0.95514,1.07,2.32
2015.04.02 13:52:17.438,0.9547,0.95508,6.00,1.00
2015.04.02 13:52:17.488,0.95472,0.95508,2.32,1.07
2015.04.02 13:52:18.092,0.95478,0.95509,1.00,2.32
2015.04.02 13:52:18.343,0.95478,0.95512,1.15,3.07
2015.04.02 13:52:18.897,0.95478,0.9551,1.07,2.32
2015.04.02 13:52:19.049,0.95474,0.9551,1.65,2.32
2015.04.02 13:52:19.099,0.95475,0.95511,2.32,3.07
2015.04.02 13:52:19.651,0.95475,0.95511,2.32,1.15
2015.04.02 13:52:20.977,0.95477,0.95512,2.70,1.15
2015.04.02 13:52:21.028,0.95477,0.95512,2.70,1.17
2015.04.02 13:52:21.280,0.95481,0.95517,3.07,2.32
2015.04.02 13:52:21.815,0.95484,0.95518,1.15,2.32
2015.04.02 13:52:22.318,0.9548,0.95515,3.07,2.32
2015.04.02 13:52:22.369,0.95476,0.95512,4.87,1.15
2015.04.02 13:52:22.419,0.95476,0.9551,2.32,2.32
2015.04.02 13:52:22.470,0.95474,0.9551,1.15,2.32
2015.04.02 13:52:23.275,0.95479,0.9551,1.00,2.32
2015.04.02 13:52:23.728,0.9548,0.95512,1.07,2.32
2015.04.02 13:52:23.779,0.9548,0.95514,1.15,2.32
2015.04.02 13:52:23.829,0.95482,0.95515,1.07,2.32
2015.04.02 13:52:23.880,0.95482,0.95516,1.15,1.15
2015.04.02 13:52:24.232,0.95479,0.95515,1.15,4.50
2015.04.02 13:52:24.534,0.95481,0.95517,1.15,1.15
2015.04.02 13:52:24.887,0.95491,0.95519,1.07,2.25
2015.04.02 13:52:24.938,0.95491,0.9552,1.15,1.00
2015.04.02 13:52:25.038,0.95491,0.95526,1.15,1.15
2015.04.02 13:52:25.089,0.95491,0.95526,1.15,3.82
2015.04.02 13:52:25.139,0.9549,0.95526,1.15,3.07
2015.04.02 13:52:26.335,0.95494,0.95526,1.00,2.32
2015.04.02 13:52:26.587,0.95491,0.95526,1.17,2.32
2015.04.02 13:52:27.140,0.95488,0.95522,1.15,2.32
2015.04.02 13:52:27.661,0.95488,0.95522,1.15,2.32
2015.04.02 13:52:31.407,0.95486,0.95518,1.17,2.32
2015.04.02 13:52:31.458,0.95486,0.95518,1.10,2.32
2015.04.02 13:52:31.609,0.95485,0.95519,1.17,2.32
2015.04.02 13:52:31.659,0.95485,0.95521,1.15,2.32
2015.04.02 13:52:33.738,0.95489,0.95523,2.25,2.32
2015.04.02 13:52:33.789,0.95489,0.95525,2.32,1.15
2015.04.02 13:52:33.940,0.95488,0.95524,2.32,3.07
2015.04.02 13:52:33.990,0.95486,0.95524,1.15,5.25
2015.04.02 13:52:35.258,0.95485,0.95521,2.32,3.07
2015.04.02 13:52:35.308,0.95483,0.95521,2.02,3.07
2015.04.02 13:52:35.560,0.9548,0.95515,1.15,1.15
2015.04.02 13:52:35.862,0.95483,0.95516,1.17,2.32
2015.04.02 13:52:36.445,0.95483,0.95517,1.17,2.32
2015.04.02 13:52:36.496,0.95483,0.95519,1.15,2.32
2015.04.02 13:52:37.400,0.95486,0.95522,2.32,1.15
2015.04.02 13:52:37.957,0.95489,0.95524,2.70,2.32
2015.04.02 13:52:38.007,0.95494,0.95528,1.10,2.32
2015.04.02 13:52:38.158,0.95488,0.95524,2.70,3.07
2015.04.02 13:52:38.661,0.95491,0.95524,1.17,2.32
2015.04.02 13:52:39.164,0.95491,0.95525,3.45,2.32
2015.04.02 13:52:39.215,0.95492,0.95526,1.27,1.15
2015.04.02 13:52:39.874,0.95497,0.95526,1.00,1.15
2015.04.02 13:52:40.377,0.95494,0.95526,1.15,1.15
2015.04.02 13:52:44.598,0.95493,0.95521,1.15,1.00
2015.04.02 13:52:44.889,0.9549,0.95521,1.15,1.10
2015.04.02 13:52:45.359,0.95491,0.95527,2.32,3.07
2015.04.02 13:52:45.409,0.95496,0.95526,1.20,1.15
2015.04.02 13:52:45.661,0.95496,0.9553,1.17,2.32
2015.04.02 13:52:45.711,0.955,0.95531,1.20,1.15
2015.04.02 13:52:45.762,0.955,0.95531,1.17,1.07
2015.04.02 13:52:45.813,0.955,0.95531,1.15,1.00
2015.04.02 13:52:46.366,0.95501,0.95535,1.15,1.15
2015.04.02 13:52:52.223,0.955,0.95531,1.15,1.00
2015.04.02 13:52:52.324,0.955,0.95531,1.07,1.15
2015.04.02 13:52:53.630,0.95503,0.95533,1.00,2.32
2015.04.02 13:52:53.731,0.95503,0.95536,1.07,2.32
2015.04.02 13:52:53.832,0.95503,0.95539,1.15,2.32
2015.04.02 13:52:54.436,0.95501,0.95537,1.15,1.15
2015.04.02 13:52:57.330,0.955,0.95535,1.15,4.50
2015.04.02 13:52:57.632,0.95504,0.95531,1.20,1.00
2015.04.02 13:52:58.134,0.95505,0.95531,1.00,1.00
2015.04.02 13:52:58.352,0.95505,0.95538,1.00,4.50
2015.04.02 13:52:58.855,0.95501,0.95538,1.15,4.50
2015.04.02 13:52:59.258,0.95501,0.95532,1.00,2.32
2015.04.02 13:52:59.559,0.95495,0.95529,1.15,2.32
2015.04.02 13:53:00.255,0.95498,0.95529,1.00,2.32
2015.04.02 13:53:00.452,0.95504,0.95532,1.00,2.32
2015.04.02 13:53:00.553,0.95509,0.95538,1.00,2.32
2015.04.02 13:53:00.758,0.95508,0.95542,1.15,2.32
2015.04.02 13:53:01.060,0.95504,0.9554,1.65,2.32
2015.04.02 13:53:01.161,0.95503,0.95531,1.00,2.32
2015.04.02 13:53:01.362,0.95498,0.95531,1.17,2.32
2015.04.02 13:53:01.664,0.95499,0.95535,1.15,4.50
2015.04.02 13:53:02.588,0.955,0.95529,1.10,2.25
2015.04.02 13:53:02.689,0.95495,0.95527,1.07,2.32
2015.04.02 13:53:02.790,0.95494,0.95527,1.00,4.50
2015.04.02 13:53:02.891,0.95495,0.95527,1.07,2.32
2015.04.02 13:53:02.992,0.95495,0.9553,1.15,2.32
2015.04.02 13:53:05.163,0.95493,0.95528,2.32,2.32
2015.04.02 13:53:05.214,0.95492,0.95528,1.15,4.50
2015.04.02 13:53:05.541,0.95496,0.95528,1.00,4.50
2015.04.02 13:53:05.743,0.95493,0.95528,1.27,4.50
2015.04.02 13:53:05.967,0.95493,0.95528,1.27,2.32
2015.04.02 13:53:06.017,0.95492,0.9553,4.50,1.15
2015.04.02 13:53:07.605,0.95497,0.95533,1.15,2.32
2015.04.02 13:53:08.576,0.95499,0.95531,1.07,2.32
2015.04.02 13:53:08.627,0.95499,0.95531,1.00,4.50
2015.04.02 13:53:08.734,0.95494,0.95531,1.15,4.50
2015.04.02 13:53:09.279,0.95498,0.95531,1.07,2.32
2015.04.02 13:53:09.329,0.95498,0.95532,1.15,1.15
2015.04.02 13:53:09.689,0.95497,0.95527,1.07,1.07
2015.04.02 13:53:09.739,0.95497,0.95527,1.10,1.15
2015.04.02 13:53:10.579,0.95498,0.9553,1.07,2.32
2015.04.02 13:53:10.629,0.95498,0.95534,1.15,4.50
2015.04.02 13:53:12.916,0.95505,0.95534,1.00,2.32
2015.04.02 13:53:12.967,0.95505,0.95537,1.00,3.07
2015.04.02 13:53:13.132,0.95505,0.95539,1.20,4.50
2015.04.02 13:53:15.091,0.95504,0.95536,1.07,2.32
2015.04.02 13:53:15.192,0.95502,0.95535,1.17,2.32
2015.04.02 13:53:19.418,0.95498,0.95532,2.70,1.15
2015.04.02 13:53:19.469,0.95497,0.95532,1.52,3.07
2015.04.02 13:53:19.519,0.95496,0.9553,1.55,2.32
2015.04.02 13:53:19.570,0.95496,0.95529,1.55,2.32
2015.04.02 13:53:19.821,0.955,0.95529,1.00,2.32
2015.04.02 13:53:19.947,0.955,0.95533,1.17,3.07
2015.04.02 13:53:20.048,0.95499,0.95531,1.00,2.32
2015.04.02 13:53:20.349,0.955,0.95535,1.15,2.32
2015.04.02 13:53:20.775,0.95504,0.95537,1.17,1.15
2015.04.02 13:53:21.077,0.95498,0.95534,1.15,1.15
2015.04.02 13:53:21.128,0.95497,0.95529,2.25,1.07
2015.04.02 13:53:21.178,0.95493,0.95529,1.15,3.07
2015.04.02 13:53:21.731,0.95492,0.95527,1.15,2.32
2015.04.02 13:53:21.782,0.95492,0.95526,1.15,3.07
2015.04.02 13:53:22.892,0.95495,0.95526,1.00,3.07
2015.04.02 13:53:22.992,0.95495,0.95526,1.15,1.15
2015.04.02 13:53:23.245,0.95501,0.95529,1.00,2.32
2015.04.02 13:53:23.468,0.95503,0.95531,1.17,1.10
2015.04.02 13:53:24.348,0.95501,0.95531,1.07,1.17
2015.04.02 13:53:24.448,0.95501,0.95531,1.00,1.15
2015.04.02 13:53:24.999,0.955,0.95531,1.10,1.15
2015.04.02 13:53:26.137,0.95498,0.95534,3.07,2.32
2015.04.02 13:53:26.187,0.955,0.95536,1.15,2.32
2015.04.02 13:53:26.556,0.95497,0.95533,1.15,4.50
2015.04.02 13:53:26.657,0.95497,0.95529,1.10,2.32
2015.04.02 13:53:26.959,0.95493,0.95529,1.15,2.32
2015.04.02 13:53:27.261,0.95496,0.95527,1.15,1.20
2015.04.02 13:53:28.436,0.95493,0.95529,2.70,2.32
2015.04.02 13:53:28.486,0.95492,0.95529,1.27,4.50
2015.04.02 13:53:31.072,0.9549,0.95525,1.17,2.32
2015.04.02 13:53:31.465,0.95488,0.95517,1.15,1.00
2015.04.02 13:53:32.279,0.95488,0.95517,1.07,1.07
2015.04.02 13:53:33.246,0.95484,0.95516,2.32,1.17
2015.04.02 13:53:33.297,0.95482,0.95516,1.15,1.15
2015.04.02 13:53:33.348,0.95482,0.95511,1.15,1.00
2015.04.02 13:53:34.677,0.95484,0.95518,1.15,2.32
2015.04.02 13:53:34.878,0.95483,0.95514,1.12,2.32
2015.04.02 13:53:35.276,0.95483,0.95514,1.07,2.32
2015.04.02 13:53:35.326,0.95483,0.95518,1.15,2.32
2015.04.02 13:53:36.138,0.95485,0.95516,1.07,2.32
2015.04.02 13:53:36.396,0.95483,0.95514,1.00,2.32
2015.04.02 13:53:36.447,0.95483,0.95514,1.07,2.32
2015.04.02 13:53:36.497,0.95483,0.95518,1.15,2.32
2015.04.02 13:53:39.658,0.95486,0.95518,1.17,2.32
2015.04.02 13:53:39.708,0.95486,0.95521,1.15,2.32
2015.04.02 13:53:40.366,0.95492,0.95521,1.10,3.00
2015.04.02 13:53:40.416,0.95492,0.95521,1.17,1.00
2015.04.02 13:53:40.467,0.95496,0.95521,1.00,1.00
2015.04.02 13:53:40.618,0.95495,0.95526,1.15,1.15
2015.04.02 13:53:40.870,0.95492,0.95527,3.07,3.07
2015.04.02 13:53:41.125,0.95492,0.95526,1.17,2.32
2015.04.02 13:53:41.578,0.9549,0.95524,1.17,2.32
2015.04.02 13:53:41.729,0.95494,0.95526,1.00,1.65
2015.04.02 13:53:42.233,0.95489,0.95522,1.15,1.10
2015.04.02 13:53:42.283,0.95489,0.95522,1.17,1.17
2015.04.02 13:53:42.585,0.9549,0.95522,1.07,1.15
2015.04.02 13:53:42.988,0.95486,0.9552,2.32,2.32
2015.04.02 13:53:43.038,0.95483,0.95519,1.15,2.32
2015.04.02 13:53:43.866,0.95483,0.95515,1.07,2.32
2015.04.02 13:53:43.917,0.9548,0.95514,1.15,2.32
2015.04.02 13:53:44.017,0.95478,0.95512,1.20,2.32
2015.04.02 13:53:44.169,0.95477,0.95512,3.07,2.32
2015.04.02 13:53:44.219,0.95478,0.95515,1.15,1.15
2015.04.02 13:53:45.677,0.95484,0.95516,1.07,2.25
2015.04.02 13:53:45.728,0.95484,0.95521,1.15,1.15
2015.04.02 13:53:49.786,0.95483,0.9552,3.07,3.07
2015.04.02 13:53:50.091,0.95483,0.95518,1.15,2.32
2015.04.02 13:53:50.641,0.95479,0.95514,1.15,1.15
2015.04.02 13:53:53.813,0.95481,0.95515,1.15,2.32
2015.04.02 13:53:53.864,0.95481,0.95518,3.07,2.32
2015.04.02 13:53:56.123,0.95481,0.95515,2.32,1.15
2015.04.02 13:53:56.173,0.95478,0.95515,3.07,3.07
2015.04.02 13:53:56.274,0.95478,0.95512,1.27,2.32
2015.04.02 13:53:57.306,0.95475,0.9551,2.32,2.32
2015.04.02 13:53:57.357,0.95473,0.95509,2.02,2.32
2015.04.02 13:53:57.457,0.95474,0.95512,2.32,1.15
2015.04.02 13:54:00.198,0.95474,0.95508,2.32,1.17
2015.04.02 13:54:00.249,0.95473,0.95508,1.15,1.15
2015.04.02 13:54:00.702,0.95471,0.95506,2.32,1.15
2015.04.02 13:54:01.140,0.95469,0.95502,1.10,2.32
2015.04.02 13:54:01.614,0.95469,0.95502,1.17,2.32
2015.04.02 13:54:01.664,0.95469,0.95504,1.15,1.15
2015.04.02 13:54:01.916,0.9547,0.95505,3.07,2.32
2015.04.02 13:54:01.966,0.9547,0.95507,5.25,1.65
2015.04.02 13:54:11.031,0.95473,0.95509,2.32,2.32
2015.04.02 13:54:11.082,0.95475,0.95512,1.15,6.37
2015.04.02 13:54:11.629,0.95479,0.95512,1.00,4.50
2015.04.02 13:54:12.635,0.95473,0.95508,2.32,1.15
2015.04.02 13:54:12.686,0.95471,0.95508,3.07,1.15
2015.04.02 13:54:12.887,0.95474,0.95507,1.15,1.00
2015.04.02 13:54:12.988,0.95475,0.95507,1.00,1.17
2015.04.02 13:54:13.039,0.95471,0.95507,1.17,1.17
2015.04.02 13:54:13.240,0.95468,0.95507,3.82,1.65
2015.04.02 13:54:13.290,0.95468,0.95507,1.65,1.65
2015.04.02 13:54:13.395,0.95471,0.95506,1.00,1.15
2015.04.02 13:54:13.496,0.95469,0.95506,1.00,1.15
2015.04.02 13:54:13.997,0.95468,0.95505,1.65,1.15
2015.04.02 13:54:14.349,0.95471,0.95508,1.00,5.25
2015.04.02 13:54:14.702,0.95467,0.95504,1.15,1.15
2015.04.02 13:54:14.929,0.95467,0.95503,1.00,2.32
2015.04.02 13:54:15.444,0.95464,0.95501,1.15,1.15
2015.04.02 13:54:18.452,0.95469,0.95503,1.00,2.32
2015.04.02 13:54:18.503,0.95469,0.95506,1.10,1.15
2015.04.02 13:54:18.553,0.95474,0.95506,1.00,1.15
2015.04.02 13:54:18.805,0.95474,0.95511,1.10,3.82
2015.04.02 13:54:19.124,0.95479,0.95511,1.00,3.07
2015.04.02 13:54:19.225,0.95479,0.95515,1.00,3.07
2015.04.02 13:54:19.879,0.95476,0.95515,1.15,3.07
2015.04.02 13:54:20.645,0.95473,0.95509,4.20,1.07
2015.04.02 13:54:20.696,0.95473,0.95509,1.65,1.15
2015.04.02 13:54:22.389,0.95475,0.95511,1.00,3.07
2015.04.02 13:54:22.892,0.95476,0.95511,1.00,3.07
2015.04.02 13:54:23.045,0.95479,0.95511,1.00,2.32
2015.04.02 13:54:23.300,0.95479,0.95514,1.00,1.15
2015.04.02 13:54:23.401,0.95475,0.95512,1.17,1.17
2015.04.02 13:54:24.585,0.95478,0.95513,1.00,1.15
2015.04.02 13:54:25.115,0.95474,0.95513,1.65,1.15
2015.04.02 13:54:26.782,0.95474,0.95511,1.57,1.15
2015.04.02 13:54:26.832,0.95474,0.95511,1.00,1.15
2015.04.02 13:54:26.983,0.95475,0.95509,1.00,2.32
2015.04.02 13:54:27.034,0.95473,0.95505,1.00,1.15
2015.04.02 13:54:27.135,0.95466,0.95503,2.02,1.10
2015.04.02 13:54:27.286,0.95464,0.95502,3.07,1.07
2015.04.02 13:54:27.337,0.95464,0.955,1.17,1.17
2015.04.02 13:54:27.387,0.95463,0.95498,1.07,2.25
2015.04.02 13:54:27.438,0.9546,0.95496,1.00,1.15
2015.04.02 13:54:27.488,0.9546,0.95496,3.00,1.07
2015.04.02 13:54:27.539,0.95461,0.95496,2.32,1.00
2015.04.02 13:54:27.800,0.95465,0.95503,1.17,3.07
2015.04.02 13:54:33.838,0.95472,0.95503,1.00,2.70
2015.04.02 13:54:34.151,0.95478,0.95512,1.15,1.00
2015.04.02 13:54:34.202,0.95478,0.95514,1.15,1.20
2015.04.02 13:54:34.403,0.9548,0.95511,1.20,1.00
2015.04.02 13:54:34.605,0.95479,0.95516,1.15,1.00
2015.04.02 13:54:34.655,0.95479,0.95516,1.17,1.07
2015.04.02 13:54:34.756,0.95477,0.95515,1.15,1.15
2015.04.02 13:54:34.857,0.95479,0.95512,2.32,1.00
2015.04.02 13:54:35.058,0.95481,0.95516,1.15,1.00
2015.04.02 13:54:35.561,0.95481,0.9552,1.15,1.65
2015.04.02 13:54:36.064,0.95481,0.95516,1.07,1.07
2015.04.02 13:54:36.266,0.95483,0.95517,1.15,1.00
2015.04.02 13:54:36.819,0.95484,0.95516,1.15,1.00
2015.04.02 13:54:37.380,0.95484,0.95521,1.65,1.65
2015.04.02 13:54:37.481,0.9549,0.95521,1.00,1.15
2015.04.02 13:54:37.581,0.95487,0.95521,1.00,1.15
2015.04.02 13:54:38.664,0.95485,0.95522,1.20,1.15
2015.04.02 13:54:41.184,0.95487,0.95522,1.00,1.15
2015.04.02 13:54:42.198,0.95488,0.95522,1.00,1.15
2015.04.02 13:54:43.202,0.95485,0.95522,1.20,1.65
2015.04.02 13:54:44.192,0.95486,0.95521,1.00,1.15
2015.04.02 13:54:46.365,0.95483,0.95517,1.15,1.00
2015.04.02 13:54:46.667,0.95483,0.95514,1.00,2.32
2015.04.02 13:54:47.218,0.95484,0.95514,1.00,3.07
2015.04.02 13:54:48.172,0.95478,0.95512,1.65,1.15
2015.04.02 13:54:49.215,0.95478,0.95512,1.07,2.32
2015.04.02 13:54:49.265,0.95478,0.95511,1.00,2.32
2015.04.02 13:54:49.778,0.95477,0.95511,1.10,2.32
2015.04.02 13:54:51.986,0.95477,0.95511,1.17,2.32
2015.04.02 13:54:52.087,0.95475,0.95511,5.25,1.15
2015.04.02 13:54:52.188,0.95477,0.95514,3.07,3.07
2015.04.02 13:54:52.289,0.95479,0.95514,1.15,1.15
2015.04.02 13:54:52.793,0.95485,0.95517,2.25,3.75
2015.04.02 13:54:52.893,0.9549,0.95518,2.32,1.00
2015.04.02 13:54:52.995,0.95497,0.95521,1.00,1.00
2015.04.02 13:54:53.096,0.95497,0.95527,1.00,1.15
2015.04.02 13:54:53.297,0.95489,0.95522,1.15,1.17
2015.04.02 13:54:53.895,0.95487,0.95524,3.07,2.32
2015.04.02 13:54:54.198,0.95487,0.95522,1.15,2.32
2015.04.02 13:54:57.629,0.95485,0.95518,2.32,1.15
2015.04.02 13:54:57.680,0.95484,0.95518,1.15,1.15
2015.04.02 13:54:58.344,0.95481,0.95513,1.15,1.00
2015.04.02 13:54:58.444,0.9548,0.95513,2.32,1.07
2015.04.02 13:54:58.495,0.95479,0.95514,1.15,2.32
2015.04.02 13:54:58.596,0.95489,0.95512,1.00,1.10
2015.04.02 13:54:58.836,0.95481,0.95516,1.15,1.15
2015.04.02 13:55:00.303,0.95483,0.95516,1.15,1.17
2015.04.02 13:55:00.369,0.95483,0.95516,3.07,1.17
2015.04.02 13:55:01.145,0.95485,0.95516,2.32,1.07
2015.04.02 13:55:01.346,0.95486,0.95522,3.07,1.15
2015.04.02 13:55:02.057,0.95486,0.95521,2.32,1.15
2015.04.02 13:55:02.108,0.95485,0.95516,1.15,1.00
2015.04.02 13:55:03.312,0.95484,0.95522,1.15,3.07
2015.04.02 13:55:08.133,0.95483,0.95518,1.15,2.32
2015.04.02 13:55:08.234,0.95483,0.95517,1.15,2.32
2015.04.02 13:55:08.775,0.95484,0.95516,1.15,1.07
2015.04.02 13:55:08.826,0.95485,0.95516,1.15,1.10
2015.04.02 13:55:09.027,0.95484,0.95516,1.07,1.17
2015.04.02 13:55:09.128,0.95483,0.95517,1.17,1.15
2015.04.02 13:55:09.541,0.95484,0.95515,1.10,1.15
2015.04.02 13:55:09.793,0.95484,0.95516,1.15,1.65
2015.04.02 13:55:14.264,0.95483,0.95518,1.07,2.32
2015.04.02 13:55:14.314,0.95483,0.95516,1.10,2.32
2015.04.02 13:55:14.657,0.95485,0.95518,1.17,2.32
2015.04.02 13:55:19.238,0.95483,0.95514,1.07,2.32
2015.04.02 13:55:19.289,0.95483,0.95514,1.00,2.32
2015.04.02 13:55:19.339,0.95483,0.95511,1.00,2.32
2015.04.02 13:55:21.182,0.95483,0.95509,1.00,2.32
2015.04.02 13:55:21.697,0.95484,0.95509,1.00,4.50
2015.04.02 13:55:21.798,0.95478,0.95509,1.00,4.50
2015.04.02 13:55:22.229,0.95478,0.95511,1.17,2.32
2015.04.02 13:55:23.543,0.9548,0.95511,1.00,2.32
2015.04.02 13:55:23.905,0.95484,0.95511,1.00,2.32
2015.04.02 13:55:24.106,0.95479,0.95511,1.10,3.07
2015.04.02 13:55:24.456,0.95481,0.95511,1.00,3.07
2015.04.02 13:55:24.557,0.95479,0.95511,1.10,2.32
2015.04.02 13:55:24.658,0.95481,0.95511,1.00,2.32
2015.04.02 13:55:24.960,0.95484,0.95511,1.00,2.32
2015.04.02 13:55:29.274,0.95484,0.95514,1.00,2.32
2015.04.02 13:55:32.558,0.95486,0.95514,1.00,2.32
2015.04.02 13:55:32.659,0.95486,0.95516,1.00,2.32
2015.04.02 13:55:32.710,0.95483,0.95518,1.17,2.32
2015.04.02 13:55:33.343,0.95485,0.95518,1.00,2.32
2015.04.02 13:55:33.941,0.95482,0.95516,1.15,1.15
2015.04.02 13:55:40.196,0.95489,0.95521,1.00,3.07
2015.04.02 13:55:40.518,0.95494,0.95521,1.00,3.07
2015.04.02 13:55:45.565,0.95499,0.95521,1.00,2.32
2015.04.02 13:55:46.085,0.95499,0.95522,1.00,2.32
2015.04.02 13:55:46.135,0.95494,0.95521,1.00,1.15
2015.04.02 13:55:48.390,0.95494,0.9552,1.00,2.32
2015.04.02 13:55:48.898,0.95493,0.9552,1.00,2.32
2015.04.02 13:55:49.099,0.95494,0.95523,1.00,1.15
2015.04.02 13:55:49.601,0.95493,0.95523,1.00,1.15
2015.04.02 13:55:49.839,0.95489,0.95524,1.65,3.07
2015.04.02 13:55:50.004,0.95489,0.95522,1.00,2.32
2015.04.02 13:55:50.507,0.95488,0.95522,1.10,2.32
2015.04.02 13:55:53.228,0.95488,0.95524,1.15,2.32
2015.04.02 13:55:53.757,0.95493,0.95524,1.00,2.32
2015.04.02 13:55:54.198,0.95493,0.95521,1.00,2.32
2015.04.02 13:55:54.778,0.95494,0.95521,1.00,2.32
2015.04.02 13:55:56.373,0.95493,0.95521,1.00,2.32
2015.04.02 13:55:56.995,0.95494,0.95521,1.00,3.07
2015.04.02 13:55:57.328,0.95484,0.95521,3.82,3.07
2015.04.02 13:55:57.933,0.95484,0.95518,1.15,2.32
2015.04.02 13:55:58.306,0.95484,0.95514,1.07,1.17
2015.04.02 13:55:58.356,0.95479,0.95514,1.15,1.15
2015.04.02 13:55:58.407,0.95479,0.95512,1.15,2.32
2015.04.02 13:55:59.908,0.95479,0.95508,1.10,3.07
2015.04.02 13:56:00.113,0.95472,0.95508,1.15,2.32
2015.04.02 13:56:00.213,0.9548,0.95509,1.07,2.25
2015.04.02 13:56:00.264,0.9548,0.95516,1.15,5.25
2015.04.02 13:56:00.415,0.95481,0.95512,3.07,1.57
2015.04.02 13:56:00.516,0.95479,0.95512,2.32,1.57
2015.04.02 13:56:00.617,0.95477,0.95512,2.32,3.82
2015.04.02 13:56:00.667,0.95473,0.95512,3.82,3.82
2015.04.02 13:56:01.522,0.9548,0.95514,1.15,1.15
2015.04.02 13:56:01.723,0.95481,0.95517,3.07,1.15
2015.04.02 13:56:02.126,0.95487,0.9552,1.17,1.15
2015.04.02 13:56:02.529,0.95481,0.95515,3.07,1.15
2015.04.02 13:56:02.630,0.95483,0.95514,1.00,1.15
2015.04.02 13:56:03.032,0.95479,0.95511,1.17,1.15
2015.04.02 13:56:03.367,0.95474,0.95508,1.17,3.07
2015.04.02 13:56:03.719,0.95469,0.95503,2.32,1.07
2015.04.02 13:56:03.770,0.95468,0.95503,2.40,1.15
2015.04.02 13:56:03.820,0.95469,0.955,1.07,2.32
2015.04.02 13:56:04.035,0.95468,0.955,2.32,3.07
2015.04.02 13:56:04.638,0.95469,0.955,1.00,3.07
2015.04.02 13:56:05.141,0.95467,0.955,1.65,2.32
2015.04.02 13:56:09.922,0.95468,0.95501,2.32,2.32
2015.04.02 13:56:09.972,0.95468,0.95499,1.65,1.07
2015.04.02 13:56:10.224,0.95467,0.95499,1.65,2.25
2015.04.02 13:56:10.476,0.95467,0.95499,1.57,2.32
2015.04.02 13:56:10.628,0.95469,0.955,1.07,2.32
2015.04.02 13:56:10.678,0.95469,0.95502,1.15,1.15
2015.04.02 13:56:11.131,0.95468,0.95501,1.65,2.32
2015.04.02 13:56:11.181,0.95468,0.95501,1.57,2.32
2015.04.02 13:56:11.433,0.95468,0.95498,1.50,2.32
2015.04.02 13:56:11.685,0.95461,0.95497,2.32,1.15
2015.04.02 13:56:12.238,0.9546,0.95495,2.32,2.32
2015.04.02 13:56:12.288,0.95459,0.95495,1.15,2.32
2015.04.02 13:56:13.043,0.95458,0.95492,1.15,2.32
2015.04.02 13:56:13.093,0.95458,0.95492,1.17,2.32
2015.04.02 13:56:13.636,0.95457,0.9549,1.57,3.07
2015.04.02 13:56:16.508,0.95457,0.95488,1.50,1.15
2015.04.02 13:56:16.809,0.95457,0.95486,1.50,2.32
2015.04.02 13:56:17.512,0.95458,0.95486,1.50,3.07
2015.04.02 13:56:17.814,0.95457,0.95483,1.50,2.32
2015.04.02 13:56:18.376,0.95458,0.95483,1.50,2.32
2015.04.02 13:56:20.716,0.95457,0.95483,1.50,2.32
2015.04.02 13:56:22.086,0.95457,0.95486,1.50,2.32
2015.04.02 13:56:22.594,0.95458,0.95486,1.50,2.32
2015.04.02 13:56:22.695,0.95459,0.95489,1.00,2.32
2015.04.02 13:56:22.795,0.95459,0.95492,1.07,2.32
2015.04.02 13:56:22.998,0.95457,0.95489,1.50,4.50
2015.04.02 13:56:23.606,0.95458,0.95488,1.50,1.15
2015.04.02 13:56:24.263,0.95457,0.95488,1.50,1.15
2015.04.02 13:56:24.717,0.95457,0.95486,1.50,2.32
2015.04.02 13:56:25.223,0.95454,0.95484,1.43,1.15
2015.04.02 13:56:26.338,0.95447,0.95485,4.25,1.15
2015.04.02 13:56:26.693,0.95447,0.95483,2.30,2.32
2015.04.02 13:56:26.743,0.95448,0.95483,1.65,2.32
2015.04.02 13:56:28.712,0.95449,0.95485,1.15,1.15
2015.04.02 13:56:29.014,0.95454,0.95491,5.25,1.15
2015.04.02 13:56:29.316,0.95464,0.95496,1.00,6.75
2015.04.02 13:56:29.620,0.95459,0.95491,1.17,1.15
2015.04.02 13:56:30.022,0.95454,0.9549,1.65,4.50
2015.04.02 13:56:31.599,0.95454,0.95487,1.10,2.32
2015.04.02 13:56:32.111,0.95453,0.95484,1.00,2.32
2015.04.02 13:56:33.438,0.95453,0.95486,1.17,1.15
2015.04.02 13:56:35.023,0.95453,0.95482,1.00,1.15
2015.04.02 13:56:35.544,0.95449,0.95484,1.65,2.32
2015.04.02 13:56:36.047,0.95453,0.95484,1.00,2.32
2015.04.02 13:56:36.199,0.95453,0.95485,1.17,1.15
2015.04.02 13:56:36.401,0.95454,0.95487,5.25,1.00
2015.04.02 13:56:36.502,0.95454,0.95489,1.15,4.50
2015.04.02 13:56:37.206,0.95457,0.95489,1.00,4.50
2015.04.02 13:56:37.509,0.95458,0.95492,1.65,2.70
2015.04.02 13:56:40.128,0.95454,0.95486,1.10,2.32
2015.04.02 13:56:44.533,0.95453,0.95487,1.65,1.15
2015.04.02 13:56:44.836,0.95459,0.95492,1.17,2.32
2015.04.02 13:56:45.348,0.95457,0.9549,5.25,1.50
2015.04.02 13:56:45.850,0.95457,0.95491,5.25,1.20
2015.04.02 13:56:46.002,0.95457,0.95488,4.50,1.00
2015.04.02 13:56:46.560,0.95457,0.9549,5.25,1.00
2015.04.02 13:56:47.063,0.95457,0.95491,5.25,1.20
2015.04.02 13:56:47.353,0.95457,0.9549,1.15,1.15
2015.04.02 13:56:49.963,0.95454,0.95488,1.15,1.15
2015.04.02 13:56:50.115,0.95458,0.95488,1.00,1.15
2015.04.02 13:56:50.618,0.95455,0.95489,1.20,4.50
2015.04.02 13:56:50.870,0.95457,0.95489,1.00,5.25
2015.04.02 13:56:51.172,0.95459,0.95489,1.00,4.50
2015.04.02 13:56:51.676,0.95458,0.95489,1.00,4.50
2015.04.02 13:56:53.037,0.95459,0.95489,1.00,4.50
2015.04.02 13:56:54.687,0.95458,0.95489,1.50,4.50
2015.04.02 13:56:55.235,0.95459,0.95489,1.00,4.50
2015.04.02 13:56:56.576,0.95457,0.95489,1.00,4.50
2015.04.02 13:56:56.778,0.95464,0.95492,1.00,1.15
2015.04.02 13:56:56.879,0.95464,0.95492,1.00,1.15
2015.04.02 13:56:57.382,0.95465,0.95495,1.00,2.32
2015.04.02 13:56:57.483,0.95458,0.95494,2.32,1.15
2015.04.02 13:56:57.684,0.95462,0.95492,1.00,2.32
2015.04.02 13:56:57.886,0.95461,0.95493,1.17,1.15
2015.04.02 13:56:59.257,0.9546,0.95492,1.00,5.25
2015.04.02 13:56:59.807,0.95459,0.95491,1.00,1.65
2015.04.02 13:57:00.350,0.95458,0.9549,1.20,1.15
2015.04.02 13:57:00.857,0.95461,0.95491,1.00,1.15
2015.04.02 13:57:01.159,0.95462,0.95495,1.00,3.07
2015.04.02 13:57:01.836,0.95463,0.95495,1.00,3.07
2015.04.02 13:57:02.607,0.95459,0.95494,1.15,1.15
2015.04.02 13:57:02.657,0.95459,0.95492,1.00,2.32
2015.04.02 13:57:03.818,0.95457,0.95492,1.17,3.07
2015.04.02 13:57:04.824,0.95462,0.95492,1.00,2.32
2015.04.02 13:57:04.874,0.95462,0.95494,1.00,1.15
2015.04.02 13:57:05.402,0.95461,0.95493,1.10,1.15
2015.04.02 13:57:07.078,0.95458,0.95491,1.17,1.15
2015.04.02 13:57:07.884,0.95458,0.95489,1.00,2.32
2015.04.02 13:57:08.587,0.95456,0.95489,1.07,3.07
2015.04.02 13:57:09.189,0.95453,0.95485,1.07,1.15
2015.04.02 13:57:09.793,0.95455,0.95486,1.00,3.07
2015.04.02 13:57:09.893,0.95455,0.95486,1.15,1.15
2015.04.02 13:57:10.443,0.95457,0.95486,1.00,1.15
2015.04.02 13:57:10.949,0.95456,0.95487,1.20,1.15
2015.04.02 13:57:11.751,0.95452,0.95483,1.15,1.00
2015.04.02 13:57:11.956,0.95453,0.95485,1.15,1.20
2015.04.02 13:57:12.755,0.95451,0.95483,5.25,1.00
2015.04.02 13:57:12.906,0.95451,0.95483,1.15,1.15
2015.04.02 13:57:13.208,0.95453,0.95482,1.15,1.00
2015.04.02 13:57:13.606,0.95459,0.95486,1.00,1.65
2015.04.02 13:57:13.908,0.95454,0.9548,1.00,1.15
2015.04.02 13:57:14.009,0.95454,0.95481,1.07,1.00
2015.04.02 13:57:14.512,0.95455,0.95487,1.10,2.32
2015.04.02 13:57:14.613,0.95455,0.95487,1.15,1.15
2015.04.02 13:57:16.603,0.95459,0.95488,1.00,1.15
2015.04.02 13:57:17.106,0.95456,0.95488,1.15,1.15
2015.04.02 13:57:19.095,0.95454,0.95487,1.17,2.32
2015.04.02 13:57:19.397,0.95448,0.9548,2.40,1.17
2015.04.02 13:57:21.839,0.95449,0.9548,1.00,2.32
2015.04.02 13:57:22.348,0.95447,0.95477,1.65,1.15
2015.04.02 13:57:23.133,0.95448,0.95474,1.57,1.00
2015.04.02 13:57:23.436,0.95448,0.95471,1.50,1.00
2015.04.02 13:57:23.979,0.95448,0.95473,1.50,1.17
2015.04.02 13:57:24.736,0.95447,0.95477,1.50,3.07
2015.04.02 13:57:25.243,0.95448,0.95478,1.57,1.15
2015.04.02 13:57:29.216,0.95448,0.95476,1.50,1.15
2015.04.02 13:57:29.767,0.95447,0.95474,1.50,1.15
2015.04.02 13:57:30.269,0.95448,0.95474,1.50,1.15
2015.04.02 13:57:30.756,0.95448,0.95473,1.50,3.07
2015.04.02 13:57:32.982,0.95439,0.95471,1.15,1.15
2015.04.02 13:57:33.938,0.95442,0.95473,1.00,2.32
2015.04.02 13:57:34.140,0.95444,0.95473,1.00,2.32
2015.04.02 13:57:34.645,0.95443,0.95476,1.17,2.32
2015.04.02 13:57:36.548,0.95438,0.95469,3.15,1.20
2015.04.02 13:57:37.652,0.95438,0.95468,1.50,1.15
2015.04.02 13:57:39.156,0.95437,0.95468,1.50,1.15
2015.04.02 13:57:39.476,0.95438,0.95462,1.50,1.10
2015.04.02 13:57:39.728,0.95437,0.95468,1.57,1.15
2015.04.02 13:57:40.152,0.95438,0.95464,1.50,1.15
2015.04.02 13:57:40.253,0.95438,0.95464,1.50,1.00
2015.04.02 13:57:40.354,0.95438,0.9547,1.57,1.15
2015.04.02 13:57:40.455,0.95439,0.95471,1.15,1.15
2015.04.02 13:57:40.556,0.9544,0.95471,2.32,1.00
2015.04.02 13:57:40.864,0.95449,0.95475,1.00,1.15
2015.04.02 13:57:41.115,0.95442,0.95475,1.15,1.15
2015.04.02 13:57:47.666,0.95441,0.95473,1.17,1.15
2015.04.02 13:57:47.995,0.95439,0.95466,1.65,1.00
2015.04.02 13:57:48.480,0.95439,0.95466,1.00,1.00
2015.04.02 13:57:49.957,0.95438,0.95461,1.57,1.00
2015.04.02 13:57:50.557,0.95437,0.95461,1.50,1.00
2015.04.02 13:57:51.106,0.95438,0.95461,1.50,1.00
2015.04.02 13:57:51.608,0.95438,0.95462,1.50,1.10
2015.04.02 13:57:51.911,0.95438,0.95461,1.57,1.00
2015.04.02 13:57:53.555,0.95438,0.95466,1.65,1.00
2015.04.02 13:57:53.606,0.95438,0.95466,1.50,1.17
2015.04.02 13:57:53.916,0.95438,0.95461,1.50,1.00
2015.04.02 13:57:55.983,0.95438,0.95461,1.50,1.15
2015.04.02 13:57:56.285,0.95437,0.95456,1.50,1.65
2015.04.02 13:57:56.404,0.95428,0.95451,1.50,1.00
2015.04.02 13:57:56.555,0.95429,0.95456,1.00,1.65
2015.04.02 13:57:56.806,0.95428,0.95461,1.57,1.65
2015.04.02 13:57:56.907,0.95429,0.95462,1.15,1.15
2015.04.02 13:57:57.274,0.95429,0.95463,3.82,1.10
2015.04.02 13:57:58.232,0.95435,0.95468,1.00,2.32
2015.04.02 13:57:58.283,0.95435,0.95469,1.15,1.15
2015.04.02 13:57:58.584,0.95432,0.95463,1.15,1.20
2015.04.02 13:57:59.286,0.95432,0.95463,1.10,1.15
2015.04.02 13:58:00.454,0.95433,0.95464,1.00,2.32
2015.04.02 13:58:01.656,0.95434,0.95464,1.00,2.32
2015.04.02 13:58:02.209,0.95433,0.95464,1.00,2.32
2015.04.02 13:58:02.758,0.95434,0.95464,1.00,2.32
2015.04.02 13:58:03.134,0.95433,0.95467,1.15,1.15
2015.04.02 13:58:04.940,0.95436,0.95467,1.00,1.15
2015.04.02 13:58:06.524,0.95436,0.95468,1.17,1.15
2015.04.02 13:58:07.027,0.95438,0.95469,1.00,1.15
2015.04.02 13:58:07.245,0.95439,0.95471,1.10,1.15
2015.04.02 13:58:07.295,0.95439,0.95473,1.07,1.15
2015.04.02 13:58:07.798,0.95444,0.95471,1.00,1.07
2015.04.02 13:58:08.302,0.95441,0.95475,1.17,3.07
2015.04.02 13:58:08.644,0.95441,0.95467,1.17,1.00
2015.04.02 13:58:09.147,0.95441,0.95466,1.17,1.00
2015.04.02 13:58:12.346,0.95443,0.95467,1.10,1.00
2015.04.02 13:58:16.197,0.95442,0.95466,1.07,1.00
2015.04.02 13:58:20.368,0.95436,0.95466,1.15,1.17
2015.04.02 13:58:20.771,0.95433,0.95463,1.17,1.07
2015.04.02 13:58:21.274,0.95432,0.95461,1.15,1.00
2015.04.02 13:58:21.823,0.95433,0.95462,1.17,1.10
2015.04.02 13:58:28.145,0.95436,0.95466,1.00,1.15
2015.04.02 13:58:28.246,0.95436,0.95466,1.17,1.07
2015.04.02 13:58:28.297,0.95443,0.9547,1.00,2.32
2015.04.02 13:58:28.649,0.95438,0.95467,1.10,1.17
2015.04.02 13:58:28.850,0.95444,0.9547,1.00,2.32
2015.04.02 13:58:31.837,0.95436,0.9547,1.17,2.32
2015.04.02 13:58:32.483,0.95434,0.95467,1.17,3.07
2015.04.02 13:58:34.190,0.95431,0.95462,1.00,1.15
2015.04.02 13:58:34.834,0.95429,0.95461,1.65,1.15
2015.04.02 13:58:35.197,0.95429,0.95461,3.82,1.10
2015.04.02 13:58:35.498,0.95429,0.95458,1.00,1.15
2015.04.02 13:58:36.001,0.95428,0.95457,2.25,1.15
2015.04.02 13:58:36.203,0.95429,0.95462,1.65,2.32
2015.04.02 13:58:36.354,0.95439,0.95461,1.00,1.15
2015.04.02 13:58:36.555,0.95429,0.95461,1.17,1.15
2015.04.02 13:58:36.656,0.95429,0.95464,3.07,1.15
2015.04.02 13:58:37.159,0.95434,0.95466,1.15,1.65
2015.04.02 13:58:44.483,0.95435,0.95466,1.00,2.32
2015.04.02 13:58:44.986,0.9543,0.95464,1.15,1.15
2015.04.02 13:58:45.087,0.9543,0.95463,1.20,1.15
2015.04.02 13:58:47.801,0.95428,0.9546,1.50,1.15
2015.04.02 13:58:48.123,0.95428,0.95452,1.50,1.00
2015.04.02 13:58:48.559,0.95427,0.95446,1.65,1.00
2015.04.02 13:58:49.062,0.95428,0.95447,1.50,1.10
2015.04.02 13:58:49.213,0.95428,0.95451,1.50,1.17
2015.04.02 13:58:49.776,0.95427,0.95451,1.50,1.17
2015.04.02 13:58:50.786,0.95427,0.95451,1.50,1.00
2015.04.02 13:58:51.336,0.95427,0.95452,1.50,1.00
2015.04.02 13:58:52.016,0.95427,0.95451,1.50,1.00
2015.04.02 13:58:53.601,0.95428,0.95451,1.50,1.00
2015.04.02 13:58:56.884,0.95427,0.95451,1.50,1.00
2015.04.02 13:58:57.565,0.95428,0.95451,1.50,1.00
2015.04.02 13:58:59.104,0.95427,0.95451,1.50,1.15
2015.04.02 13:58:59.723,0.95417,0.95449,1.60,1.15
2015.04.02 13:59:00.025,0.95418,0.9545,1.19,1.17
2015.04.02 13:59:01.524,0.95419,0.95453,1.19,1.15
2015.04.02 13:59:02.054,0.95419,0.95454,1.19,3.07
2015.04.02 13:59:02.558,0.95419,0.95451,1.19,1.15
2015.04.02 13:59:03.066,0.95418,0.9545,1.24,1.15
2015.04.02 13:59:04.541,0.95419,0.95451,1.19,1.15
2015.04.02 13:59:05.044,0.9542,0.95451,1.19,1.15
2015.04.02 13:59:07.365,0.95419,0.95451,1.19,1.15
2015.04.02 13:59:08.505,0.95416,0.95455,4.64,4.50
2015.04.02 13:59:10.369,0.95416,0.95452,4.64,1.15
2015.04.02 13:59:10.872,0.95414,0.95452,1.26,4.50
2015.04.02 13:59:11.577,0.95414,0.95451,1.29,1.15
2015.04.02 13:59:11.965,0.95411,0.95446,2.40,1.15
2015.04.02 13:59:12.016,0.95417,0.95446,1.50,1.15
2015.04.02 13:59:15.570,0.95417,0.95447,1.65,1.10
2015.04.02 13:59:15.671,0.95418,0.95447,1.65,1.00
2015.04.02 13:59:16.074,0.95419,0.95456,1.15,5.25
2015.04.02 13:59:17.336,0.95418,0.95453,1.07,2.32
2015.04.02 13:59:17.386,0.95419,0.95452,1.00,2.32
2015.04.02 13:59:17.893,0.95417,0.95451,1.65,1.15
2015.04.02 13:59:18.074,0.95417,0.95445,1.50,2.32
2015.04.02 13:59:18.599,0.95418,0.95445,1.50,2.32
2015.04.02 13:59:19.903,0.95417,0.95441,1.50,1.07
2015.04.02 13:59:20.409,0.95417,0.95441,1.50,1.00
2015.04.02 13:59:21.114,0.95417,0.95442,1.50,1.00
2015.04.02 13:59:21.884,0.95418,0.95447,1.00,1.15
2015.04.02 13:59:22.451,0.95417,0.95442,1.50,1.00
2015.04.02 13:59:24.778,0.95417,0.95442,1.65,1.00
2015.04.02 13:59:26.284,0.95418,0.95441,1.65,1.00
2015.04.02 13:59:26.614,0.95418,0.95446,1.65,1.00
2015.04.02 13:59:26.865,0.95418,0.95442,1.65,1.00
2015.04.02 13:59:27.173,0.95417,0.95442,3.82,1.00
2015.04.02 13:59:27.576,0.95417,0.95442,1.65,1.00
2015.04.02 13:59:29.396,0.95418,0.95441,1.50,1.00
2015.04.02 13:59:29.814,0.95419,0.95446,1.00,1.15
2015.04.02 13:59:30.216,0.95418,0.95447,2.40,1.17
2015.04.02 13:59:31.606,0.95418,0.95447,1.15,1.00
2015.04.02 13:59:32.912,0.95419,0.95446,1.15,1.00
2015.04.02 13:59:33.123,0.95419,0.95451,1.15,1.17
2015.04.02 13:59:33.544,0.95418,0.95447,1.15,1.00
2015.04.02 13:59:35.220,0.95418,0.95447,1.17,1.10
2015.04.02 13:59:35.321,0.95417,0.95442,1.65,1.00
2015.04.02 13:59:36.325,0.95419,0.95446,1.10,1.00
2015.04.02 13:59:36.375,0.95419,0.95446,1.17,1.00
2015.04.02 13:59:36.628,0.95424,0.95451,1.00,1.10
2015.04.02 13:59:37.698,0.95424,0.95451,1.00,1.15
2015.04.02 13:59:37.749,0.95419,0.95451,1.00,1.15
2015.04.02 13:59:37.799,0.95419,0.95451,1.15,1.17
2015.04.02 13:59:38.184,0.95418,0.95447,1.15,1.00
2015.04.02 13:59:38.385,0.95417,0.95452,3.82,1.15
2015.04.02 13:59:38.905,0.95419,0.95455,4.50,1.15
2015.04.02 13:59:40.384,0.95419,0.95451,4.50,1.00
2015.04.02 13:59:40.897,0.95419,0.95452,4.50,1.00
2015.04.02 13:59:41.199,0.95417,0.95452,1.65,1.15
2015.04.02 13:59:43.356,0.95418,0.95442,1.65,1.00
2015.04.02 13:59:43.851,0.95419,0.95446,1.15,1.00
2015.04.02 13:59:44.912,0.95418,0.95447,2.40,1.00
2015.04.02 13:59:46.414,0.95419,0.95446,1.15,1.00
2015.04.02 13:59:46.515,0.95419,0.95446,1.00,1.15
2015.04.02 13:59:46.820,0.95417,0.95442,1.57,1.00
2015.04.02 13:59:47.122,0.95419,0.95446,1.00,1.15
2015.04.02 13:59:48.115,0.95414,0.95446,1.66,1.15
2015.04.02 13:59:50.293,0.95414,0.95446,1.19,1.15
2015.04.02 13:59:50.602,0.95412,0.95442,2.36,1.00
2015.04.02 13:59:50.854,0.95413,0.95447,1.19,1.15
2015.04.02 13:59:51.123,0.95414,0.95441,1.04,4.50
2015.04.02 13:59:51.224,0.95413,0.95448,1.21,2.32
2015.04.02 13:59:51.325,0.95413,0.95441,1.04,2.32
2015.04.02 13:59:51.426,0.95409,0.95441,1.19,1.17
2015.04.02 13:59:51.527,0.95409,0.95441,1.11,1.15
2015.04.02 13:59:52.061,0.95407,0.95442,1.65,2.32
2015.04.02 13:59:52.413,0.95407,0.9544,1.57,2.32
2015.04.02 13:59:52.464,0.95408,0.95439,1.50,2.32
2015.04.02 13:59:52.960,0.95408,0.95437,1.50,2.32
2015.04.02 13:59:53.161,0.95407,0.95436,1.65,1.00
2015.04.02 13:59:53.212,0.95407,0.95436,1.57,1.07
2015.04.02 13:59:53.469,0.95408,0.95441,1.50,4.50
2015.04.02 13:59:54.025,0.95407,0.95441,1.65,4.50
2015.04.02 13:59:54.699,0.95408,0.95441,1.50,4.50
2015.04.02 13:59:54.853,0.95408,0.95436,1.50,2.32
2015.04.02 13:59:55.155,0.95408,0.95442,1.50,1.50
2015.04.02 13:59:55.357,0.95407,0.95445,1.00,1.00
2015.04.02 13:59:55.407,0.95407,0.95441,1.00,1.00
2015.04.02 13:59:55.508,0.95408,0.95443,1.00,1.00
2015.04.02 13:59:55.709,0.95407,0.95446,1.00,1.50
2015.04.02 13:59:56.238,0.95407,0.95445,1.00,1.00
2015.04.02 13:59:56.643,0.95407,0.95441,1.00,1.00
2015.04.02 13:59:57.853,0.95407,0.95444,1.00,1.00
2015.04.02 13:59:58.305,0.95408,0.95437,1.00,1.00
2015.04.02 13:59:58.853,0.95407,0.95437,1.00,1.00
2015.04.02 13:59:59.403,0.95398,0.95437,1.61,1.00
2015.04.02 13:59:59.656,0.95398,0.95442,1.67,1.00
2015.04.02 13:59:59.857,0.95399,0.95444,1.21,1.00
2015.04.02 13:59:59.958,0.95399,0.95446,1.21,1.00
