2011.11.23 10:00:01.204,1.01634,1.01652,1.50,1.50
2011.11.23 10:00:01.552,1.01625,1.01641,1.50,1.50
2011.11.23 10:00:01.890,1.01635,1.01648,1.50,1.50
2011.11.23 10:00:02.228,1.01628,1.01646,1.50,1.50
2011.11.23 10:00:02.979,1.01632,1.01648,1.50,1.50
2011.11.23 10:00:03.319,1.01634,1.01652,1.50,1.50
2011.11.23 10:00:03.440,1.01637,1.01655,1.50,1.50
2011.11.23 10:00:03.782,1.01636,1.01652,1.50,1.50
2011.11.23 10:00:04.012,1.01636,1.01654,1.50,1.50
2011.11.23 10:00:04.665,1.01636,1.01653,1.50,1.50
2011.11.23 10:00:04.791,1.01634,1.0165,1.50,1.50
2011.11.23 10:00:05.141,1.01638,1.01654,1.50,1.50
2011.11.23 10:00:07.085,1.01638,1.01654,1.50,2.25
2011.11.23 10:00:07.319,1.01636,1.01652,1.50,1.50
2011.11.23 10:00:07.767,1.01633,1.01649,1.50,1.50
2011.11.23 10:00:09.122,1.01629,1.01645,1.50,1.50
2011.11.23 10:00:09.239,1.01625,1.01643,1.50,1.50
2011.11.23 10:00:09.713,1.01622,1.0164,1.50,1.50
2011.11.23 10:00:10.051,1.01618,1.01634,1.50,1.50
2011.11.23 10:00:10.171,1.01621,1.01639,1.50,1.50
2011.11.23 10:00:11.372,1.01625,1.01641,1.50,1.50
2011.11.23 10:00:12.109,1.01638,1.01654,1.50,2.25
2011.11.23 10:00:12.453,1.01632,1.0165,1.50,1.50
2011.11.23 10:00:12.571,1.01639,1.01657,1.50,1.50
2011.11.23 10:00:13.111,1.01639,1.01657,1.50,2.25
2011.11.23 10:00:13.449,1.01629,1.01647,1.50,1.50
2011.11.23 10:00:13.788,1.01625,1.01643,1.50,1.50
2011.11.23 10:00:14.127,1.01628,1.01646,1.50,2.25
2011.11.23 10:00:14.251,1.01626,1.01642,1.50,1.50
2011.11.23 10:00:14.374,1.01623,1.01639,1.50,1.50
2011.11.23 10:00:14.710,1.01619,1.01635,1.50,1.50
2011.11.23 10:00:15.280,1.01628,1.01644,1.50,1.50
2011.11.23 10:00:16.563,1.01641,1.01657,1.50,1.50
2011.11.23 10:00:17.696,1.01639,1.01655,1.50,1.50
2011.11.23 10:00:18.043,1.01628,1.01646,1.50,1.50
2011.11.23 10:00:18.821,1.01635,1.01647,1.50,1.50
2011.11.23 10:00:18.941,1.01635,1.01653,1.50,1.50
2011.11.23 10:00:19.544,1.0164,1.01656,1.50,1.50
2011.11.23 10:00:19.673,1.01642,1.01658,1.50,1.50
2011.11.23 10:00:20.355,1.01644,1.01662,1.50,1.50
2011.11.23 10:00:20.931,1.01644,1.01661,1.50,1.50
2011.11.23 10:00:21.051,1.01643,1.01658,1.50,1.50
2011.11.23 10:00:21.168,1.0164,1.01656,1.50,1.50
2011.11.23 10:00:22.666,1.0164,1.01654,1.50,1.50
2011.11.23 10:00:22.785,1.01636,1.01652,1.50,1.50
2011.11.23 10:00:23.493,1.01636,1.01651,1.50,1.50
2011.11.23 10:00:23.612,1.01632,1.01648,1.50,1.50
2011.11.23 10:00:23.728,1.01635,1.01648,1.50,1.50
2011.11.23 10:00:24.122,1.01637,1.01653,1.50,1.50
2011.11.23 10:00:24.730,1.01637,1.01651,1.50,1.50
2011.11.23 10:00:24.847,1.01632,1.0165,1.50,1.50
2011.11.23 10:00:25.691,1.01631,1.01646,1.50,1.50
2011.11.23 10:00:26.140,1.01629,1.01647,1.50,1.50
2011.11.23 10:00:26.770,1.01631,1.01649,1.50,1.50
2011.11.23 10:00:27.447,1.01626,1.01644,1.50,1.50
2011.11.23 10:00:29.978,1.01628,1.01644,1.50,1.50
2011.11.23 10:00:30.095,1.0163,1.01648,1.50,1.50
2011.11.23 10:00:32.341,1.01628,1.01644,1.50,3.00
2011.11.23 10:00:32.456,1.01622,1.0164,1.50,1.50
2011.11.23 10:00:33.017,1.0162,1.01636,3.00,1.50
2011.11.23 10:00:35.038,1.01623,1.01639,1.50,1.50
2011.11.23 10:00:35.999,1.01625,1.01643,1.50,1.50
2011.11.23 10:00:39.398,1.01623,1.01639,1.50,1.50
2011.11.23 10:00:42.082,1.01616,1.01634,1.50,1.50
2011.11.23 10:00:42.308,1.01618,1.01636,1.50,1.50
2011.11.23 10:00:43.545,1.0162,1.01638,1.50,3.00
2011.11.23 10:00:43.882,1.01619,1.01635,1.50,1.50
2011.11.23 10:00:44.327,1.01621,1.01639,1.50,1.50
2011.11.23 10:00:44.845,1.01618,1.01636,1.50,1.50
2011.11.23 10:00:45.878,1.01616,1.01632,1.50,1.50
2011.11.23 10:00:45.998,1.01618,1.01636,1.50,1.50
2011.11.23 10:00:46.339,1.0162,1.01638,1.50,1.50
2011.11.23 10:00:46.862,1.01621,1.01638,1.50,1.50
2011.11.23 10:00:47.377,1.0162,1.01636,1.50,1.50
2011.11.23 10:00:52.467,1.01625,1.01643,1.50,1.50
2011.11.23 10:00:52.807,1.01622,1.0164,1.50,1.50
2011.11.23 10:00:53.138,1.01619,1.01637,1.50,1.50
2011.11.23 10:00:54.416,1.01619,1.01637,2.10,1.50
2011.11.23 10:00:54.646,1.01625,1.01647,1.50,1.50
2011.11.23 10:00:54.767,1.01627,1.01645,1.50,1.50
2011.11.23 10:00:55.107,1.01626,1.01642,1.50,3.00
2011.11.23 10:00:55.227,1.01622,1.0164,1.50,1.50
2011.11.23 10:00:55.789,1.01622,1.01639,1.50,1.50
2011.11.23 10:00:55.909,1.01619,1.01637,1.50,1.50
2011.11.23 10:01:00.826,1.01616,1.01634,1.50,1.50
2011.11.23 10:01:01.166,1.01627,1.01645,1.50,1.50
2011.11.23 10:01:02.030,1.0163,1.01647,1.50,1.50
2011.11.23 10:01:02.367,1.01626,1.01642,1.50,1.50
2011.11.23 10:01:02.487,1.01622,1.0164,1.50,1.50
2011.11.23 10:01:05.970,1.01622,1.0164,1.50,2.25
2011.11.23 10:01:07.167,1.01621,1.01636,1.50,1.50
2011.11.23 10:01:07.507,1.01613,1.01631,1.50,1.50
2011.11.23 10:01:09.990,1.01617,1.01633,1.50,1.50
2011.11.23 10:01:10.109,1.01617,1.01635,1.50,1.50
2011.11.23 10:01:10.667,1.01618,1.01634,1.50,1.50
2011.11.23 10:01:14.337,1.01615,1.01633,1.50,1.50
2011.11.23 10:01:14.458,1.01617,1.01635,1.50,1.50
2011.11.23 10:01:15.112,1.01616,1.01632,1.50,3.00
2011.11.23 10:01:15.337,1.01617,1.01635,1.50,1.50
2011.11.23 10:01:16.450,1.01613,1.01629,3.00,1.50
2011.11.23 10:01:17.124,1.01616,1.01629,1.50,1.50
2011.11.23 10:01:17.507,1.01616,1.01632,1.50,2.10
2011.11.23 10:01:17.627,1.01614,1.01632,1.50,1.50
2011.11.23 10:01:18.630,1.01615,1.01632,2.10,1.50
2011.11.23 10:01:18.969,1.01627,1.01633,1.50,1.50
2011.11.23 10:01:19.715,1.01618,1.01634,1.50,1.50
2011.11.23 10:01:20.856,1.01615,1.01633,1.50,1.50
2011.11.23 10:01:24.667,1.01612,1.0163,1.50,1.50
2011.11.23 10:01:25.239,1.01617,1.01635,1.50,1.50
2011.11.23 10:01:25.906,1.01621,1.01637,1.50,1.50
2011.11.23 10:01:26.980,1.01618,1.01634,1.50,1.50
2011.11.23 10:01:27.537,1.01617,1.01635,1.50,1.50
2011.11.23 10:01:29.008,1.01621,1.01636,1.50,1.50
2011.11.23 10:01:29.538,1.01621,1.01637,1.50,1.50
2011.11.23 10:01:29.660,1.01623,1.01641,1.50,1.50
2011.11.23 10:01:32.817,1.01622,1.01638,1.50,1.50
2011.11.23 10:01:33.157,1.01624,1.0164,1.50,1.50
2011.11.23 10:01:33.496,1.01628,1.01644,1.50,1.50
2011.11.23 10:01:44.905,1.01626,1.01643,1.50,1.50
2011.11.23 10:01:45.693,1.01625,1.01643,1.50,1.50
2011.11.23 10:01:48.666,1.01622,1.0164,1.50,1.50
2011.11.23 10:01:52.298,1.01625,1.01641,1.50,1.50
2011.11.23 10:01:52.636,1.01622,1.01638,1.50,1.50
2011.11.23 10:01:54.383,1.01616,1.01634,1.50,1.50
2011.11.23 10:01:54.611,1.01623,1.01639,1.50,1.50
2011.11.23 10:01:54.951,1.01621,1.01632,1.50,1.50
2011.11.23 10:01:55.071,1.01618,1.01634,1.50,1.50
2011.11.23 10:01:55.190,1.01616,1.01632,1.50,1.50
2011.11.23 10:01:55.526,1.01613,1.01629,1.50,1.50
2011.11.23 10:01:55.648,1.01614,1.01632,1.50,1.50
2011.11.23 10:01:57.027,1.01618,1.01634,1.50,1.50
2011.11.23 10:01:57.397,1.01621,1.01637,1.50,1.50
2011.11.23 10:01:58.171,1.01619,1.01635,1.50,1.50
2011.11.23 10:01:58.286,1.01617,1.01635,1.50,1.50
2011.11.23 10:01:59.489,1.01612,1.01628,1.50,1.50
2011.11.23 10:02:00.220,1.01609,1.01619,1.50,1.50
2011.11.23 10:02:00.340,1.01601,1.01619,1.50,1.50
2011.11.23 10:02:00.459,1.01607,1.01623,1.50,1.50
2011.11.23 10:02:00.800,1.0161,1.01626,1.50,1.50
2011.11.23 10:02:04.978,1.0161,1.01626,2.25,1.50
2011.11.23 10:02:05.097,1.01613,1.01631,2.25,1.50
2011.11.23 10:02:05.686,1.01611,1.01629,2.25,1.50
2011.11.23 10:02:06.139,1.01618,1.01631,1.50,1.50
2011.11.23 10:02:06.259,1.0162,1.01638,1.50,2.25
2011.11.23 10:02:06.376,1.01615,1.01631,1.50,1.50
2011.11.23 10:02:06.717,1.01612,1.01624,1.50,1.50
2011.11.23 10:02:06.947,1.01612,1.0163,1.50,1.50
2011.11.23 10:02:07.931,1.0162,1.01637,1.50,1.50
2011.11.23 10:02:08.537,1.01621,1.01637,1.50,1.50
2011.11.23 10:02:11.349,1.01618,1.01636,1.50,1.50
2011.11.23 10:02:17.420,1.01618,1.01636,1.50,3.60
2011.11.23 10:02:17.661,1.01611,1.01627,2.25,1.50
2011.11.23 10:02:17.782,1.01616,1.01632,3.00,1.50
2011.11.23 10:02:17.907,1.01614,1.01629,1.50,1.50
2011.11.23 10:02:18.810,1.01615,1.01631,1.50,1.50
2011.11.23 10:02:18.931,1.01612,1.0163,2.15,1.50
2011.11.23 10:02:19.160,1.0161,1.01626,3.00,1.50
2011.11.23 10:02:19.718,1.01606,1.01624,1.50,1.50
2011.11.23 10:02:21.496,1.01603,1.01621,1.50,1.50
2011.11.23 10:02:22.068,1.016,1.01618,1.50,1.50
2011.11.23 10:02:22.559,1.01598,1.01616,1.50,1.50
2011.11.23 10:02:22.946,1.01601,1.01617,1.50,1.50
2011.11.23 10:02:24.295,1.01599,1.01616,1.50,2.40
2011.11.23 10:02:24.420,1.01594,1.01612,1.50,1.50
2011.11.23 10:02:25.169,1.01593,1.01609,1.50,1.50
2011.11.23 10:02:25.292,1.01591,1.01609,1.50,1.50
2011.11.23 10:02:25.409,1.01594,1.0161,1.50,3.00
2011.11.23 10:02:25.748,1.01601,1.01617,1.50,1.50
2011.11.23 10:02:28.370,1.01603,1.01621,1.50,1.50
2011.11.23 10:02:29.867,1.01604,1.0162,1.50,1.50
2011.11.23 10:02:29.987,1.01597,1.01615,2.25,1.50
2011.11.23 10:02:30.106,1.01601,1.01617,1.50,1.50
2011.11.23 10:02:30.450,1.01603,1.0162,1.50,1.50
2011.11.23 10:02:30.682,1.01611,1.01623,1.50,1.50
2011.11.23 10:02:30.799,1.01611,1.01627,1.50,1.50
2011.11.23 10:02:30.919,1.016,1.01618,2.25,1.50
2011.11.23 10:02:31.259,1.01604,1.0162,1.50,1.50
2011.11.23 10:02:32.600,1.01602,1.01618,1.50,1.50
2011.11.23 10:02:33.176,1.01604,1.01621,1.50,1.50
2011.11.23 10:02:33.767,1.01604,1.01622,1.50,1.50
2011.11.23 10:02:33.969,1.01602,1.01617,1.50,1.50
2011.11.23 10:02:34.087,1.01605,1.01621,1.50,1.50
2011.11.23 10:02:34.721,1.01606,1.01624,1.50,1.50
2011.11.23 10:02:34.840,1.01602,1.0162,1.50,1.50
2011.11.23 10:02:36.688,1.01607,1.01623,1.50,1.50
2011.11.23 10:02:37.027,1.01604,1.0162,1.50,1.50
2011.11.23 10:02:39.529,1.01601,1.01619,3.00,1.50
2011.11.23 10:02:39.649,1.01603,1.01621,1.50,1.50
2011.11.23 10:02:39.989,1.01608,1.01621,1.50,1.50
2011.11.23 10:02:40.110,1.01611,1.01627,1.50,1.50
2011.11.23 10:02:40.845,1.01611,1.01627,2.25,1.50
2011.11.23 10:02:40.962,1.01616,1.0163,1.50,1.50
2011.11.23 10:02:41.080,1.01616,1.01632,1.50,1.50
2011.11.23 10:02:41.640,1.01615,1.01631,1.50,1.50
2011.11.23 10:02:43.101,1.01611,1.01627,1.50,1.50
2011.11.23 10:02:45.904,1.01608,1.01626,2.10,1.50
2011.11.23 10:02:46.027,1.01617,1.01635,1.50,1.50
2011.11.23 10:02:46.480,1.01615,1.01633,1.50,1.50
2011.11.23 10:02:46.818,1.01623,1.01641,1.50,1.50
2011.11.23 10:02:47.169,1.01618,1.01636,1.50,1.50
2011.11.23 10:02:47.768,1.01621,1.01637,1.50,1.50
2011.11.23 10:02:47.899,1.01618,1.01636,1.50,1.50
2011.11.23 10:02:48.152,1.0162,1.01638,1.50,1.50
2011.11.23 10:02:48.489,1.01626,1.01644,1.50,1.50
2011.11.23 10:02:49.802,1.01624,1.0164,1.50,1.50
2011.11.23 10:02:50.137,1.01627,1.01642,1.50,1.50
2011.11.23 10:02:50.478,1.01619,1.01637,1.50,1.50
2011.11.23 10:02:51.409,1.01622,1.0164,2.25,1.50
2011.11.23 10:02:52.023,1.01629,1.01647,1.50,2.10
2011.11.23 10:02:52.359,1.01618,1.01634,1.50,1.50
2011.11.23 10:02:52.701,1.01622,1.01638,1.50,1.50
2011.11.23 10:02:53.256,1.01623,1.01641,1.50,1.50
2011.11.23 10:02:53.598,1.01627,1.01643,1.50,1.50
2011.11.23 10:02:53.717,1.01627,1.01645,1.50,1.50
2011.11.23 10:02:55.116,1.0163,1.01648,1.50,1.50
2011.11.23 10:02:57.383,1.01628,1.01646,1.50,1.50
2011.11.23 10:02:57.717,1.01627,1.01643,1.50,1.50
2011.11.23 10:02:58.062,1.01636,1.01654,1.50,1.50
2011.11.23 10:02:58.182,1.01633,1.01649,1.50,1.50
2011.11.23 10:02:58.299,1.01628,1.01646,1.50,1.50
2011.11.23 10:02:58.421,1.01628,1.01646,2.10,1.50
2011.11.23 10:02:58.542,1.0164,1.01656,1.50,1.50
2011.11.23 10:02:59.657,1.01629,1.01647,1.50,1.50
2011.11.23 10:03:01.318,1.01627,1.01643,1.50,1.50
2011.11.23 10:03:02.781,1.01625,1.01632,1.50,1.50
2011.11.23 10:03:02.902,1.01614,1.01632,2.25,1.50
2011.11.23 10:03:03.021,1.01618,1.01634,1.50,1.50
2011.11.23 10:03:04.142,1.01616,1.01632,1.50,1.50
2011.11.23 10:03:04.686,1.01617,1.01635,2.25,1.50
2011.11.23 10:03:04.921,1.01621,1.01637,2.25,1.50
2011.11.23 10:03:05.259,1.01623,1.01641,1.50,1.50
2011.11.23 10:03:05.488,1.01621,1.01639,2.25,1.50
2011.11.23 10:03:05.828,1.01627,1.01643,1.50,1.50
2011.11.23 10:03:05.946,1.0162,1.01638,1.50,1.50
2011.11.23 10:03:06.176,1.0162,1.01638,2.25,1.50
2011.11.23 10:03:07.205,1.0162,1.01638,1.50,1.50
2011.11.23 10:03:07.891,1.01619,1.01635,1.50,1.50
2011.11.23 10:03:08.226,1.01617,1.01632,1.50,1.50
2011.11.23 10:03:08.349,1.01618,1.01636,1.50,1.50
2011.11.23 10:03:08.952,1.01614,1.01632,2.25,1.50
2011.11.23 10:03:09.069,1.01619,1.01637,2.25,1.50
2011.11.23 10:03:09.300,1.01623,1.01639,1.50,1.50
2011.11.23 10:03:09.638,1.01624,1.01642,2.25,1.50
2011.11.23 10:03:10.087,1.01628,1.01644,1.50,1.50
2011.11.23 10:03:11.090,1.01632,1.01646,1.50,1.50
2011.11.23 10:03:11.209,1.01632,1.0165,1.50,1.50
2011.11.23 10:03:11.702,1.0163,1.01646,1.50,1.50
2011.11.23 10:03:12.680,1.01631,1.01648,1.50,1.50
2011.11.23 10:03:12.797,1.01634,1.0165,1.50,1.50
2011.11.23 10:03:12.916,1.01634,1.01652,1.50,1.50
2011.11.23 10:03:13.037,1.01631,1.01647,1.50,1.50
2011.11.23 10:03:13.748,1.01627,1.01643,1.50,1.50
2011.11.23 10:03:14.363,1.0162,1.01638,1.50,1.50
2011.11.23 10:03:14.860,1.0162,1.01638,2.25,1.50
2011.11.23 10:03:14.979,1.01625,1.01643,1.50,1.50
2011.11.23 10:03:15.319,1.01623,1.01639,3.00,1.50
2011.11.23 10:03:18.291,1.01623,1.01638,1.50,1.50
2011.11.23 10:03:18.420,1.01614,1.01632,2.25,1.50
2011.11.23 10:03:18.531,1.0162,1.01636,1.50,1.50
2011.11.23 10:03:18.872,1.01615,1.01633,1.50,1.50
2011.11.23 10:03:20.362,1.01621,1.01632,1.50,1.50
2011.11.23 10:03:20.479,1.01623,1.01639,1.50,1.50
2011.11.23 10:03:20.597,1.01626,1.01641,1.50,1.50
2011.11.23 10:03:20.939,1.01628,1.01644,1.50,1.50
2011.11.23 10:03:21.501,1.01632,1.01648,1.50,1.50
2011.11.23 10:03:21.728,1.01634,1.01652,1.50,1.50
2011.11.23 10:03:23.048,1.01635,1.01653,1.50,1.50
2011.11.23 10:03:23.519,1.01633,1.01649,1.50,1.50
2011.11.23 10:03:24.079,1.01626,1.01642,1.50,1.50
2011.11.23 10:03:25.088,1.01628,1.01644,1.50,1.50
2011.11.23 10:03:25.538,1.01626,1.01642,3.00,1.50
2011.11.23 10:03:25.657,1.01632,1.0165,1.50,1.50
2011.11.23 10:03:25.779,1.01629,1.01645,1.50,1.50
2011.11.23 10:03:26.495,1.0163,1.01648,1.50,3.00
2011.11.23 10:03:26.617,1.01629,1.01645,1.50,1.50
2011.11.23 10:03:27.511,1.01637,1.01653,1.50,1.50
2011.11.23 10:03:27.957,1.01634,1.0165,3.00,1.50
2011.11.23 10:03:31.788,1.01631,1.01646,1.50,1.50
2011.11.23 10:03:32.481,1.01624,1.01642,1.50,1.50
2011.11.23 10:03:33.259,1.01627,1.01645,1.50,1.50
2011.11.23 10:03:33.599,1.01631,1.01647,1.50,1.50
2011.11.23 10:03:34.048,1.01631,1.01645,1.50,1.50
2011.11.23 10:03:34.168,1.01626,1.01642,1.50,1.50
2011.11.23 10:03:34.619,1.01629,1.01645,1.50,1.50
2011.11.23 10:03:34.737,1.0163,1.01648,1.50,1.50
2011.11.23 10:03:35.811,1.01627,1.01643,1.50,1.50
2011.11.23 10:03:39.252,1.01624,1.0164,2.25,1.50
2011.11.23 10:03:39.368,1.01624,1.0164,1.50,1.50
2011.11.23 10:03:39.934,1.01632,1.0165,1.50,1.50
2011.11.23 10:03:40.919,1.01632,1.0165,1.50,2.10
2011.11.23 10:03:41.322,1.01629,1.01647,1.50,1.50
2011.11.23 10:03:41.420,1.01627,1.01642,1.50,1.50
2011.11.23 10:03:41.976,1.01627,1.01643,1.50,1.50
2011.11.23 10:03:42.318,1.01624,1.0164,3.00,1.50
2011.11.23 10:03:42.767,1.01622,1.01638,1.50,1.50
2011.11.23 10:03:43.451,1.01624,1.01642,1.50,1.50
2011.11.23 10:03:43.676,1.01628,1.01644,1.50,1.50
2011.11.23 10:03:44.347,1.01631,1.01647,1.50,1.50
2011.11.23 10:03:45.128,1.01627,1.01645,1.50,1.50
2011.11.23 10:03:45.771,1.0163,1.01648,1.50,1.50
2011.11.23 10:03:46.919,1.01628,1.01644,1.50,1.50
2011.11.23 10:03:51.287,1.01625,1.01643,1.50,1.50
2011.11.23 10:03:53.151,1.01625,1.01641,1.50,1.50
2011.11.23 10:03:53.615,1.01623,1.01639,1.50,1.50
2011.11.23 10:03:53.916,1.01626,1.01642,1.50,1.50
2011.11.23 10:03:54.257,1.01628,1.01644,1.50,1.50
2011.11.23 10:03:54.838,1.01631,1.01647,1.50,1.50
2011.11.23 10:03:54.959,1.01628,1.01646,1.50,1.50
2011.11.23 10:03:55.078,1.01634,1.0165,1.50,1.50
2011.11.23 10:03:55.307,1.01636,1.01654,1.50,1.50
2011.11.23 10:04:00.417,1.01636,1.01652,1.50,1.50
2011.11.23 10:04:00.847,1.01633,1.01649,1.50,1.50
2011.11.23 10:04:03.008,1.01621,1.01639,1.50,1.50
2011.11.23 10:04:06.899,1.01624,1.01641,1.50,1.50
2011.11.23 10:04:07.021,1.01629,1.01647,1.50,1.50
2011.11.23 10:04:07.579,1.01626,1.01642,1.50,1.50
2011.11.23 10:04:08.044,1.01623,1.01639,1.50,1.50
2011.11.23 10:04:09.468,1.01622,1.0164,1.50,1.50
2011.11.23 10:04:10.277,1.01625,1.01641,1.50,1.50
2011.11.23 10:04:10.968,1.01628,1.01644,1.50,1.50
2011.11.23 10:04:11.307,1.01631,1.01647,1.50,1.50
2011.11.23 10:04:13.092,1.01631,1.01642,1.50,1.50
2011.11.23 10:04:13.537,1.01622,1.0164,1.50,1.50
2011.11.23 10:04:17.908,1.01623,1.0164,1.50,1.50
2011.11.23 10:04:18.031,1.01626,1.01642,1.50,1.50
2011.11.23 10:04:18.150,1.01627,1.01645,1.50,1.50
2011.11.23 10:04:18.490,1.01625,1.01643,1.50,1.50
2011.11.23 10:04:18.828,1.01629,1.01645,1.50,1.50
2011.11.23 10:04:19.169,1.01631,1.01649,1.50,1.50
2011.11.23 10:04:19.650,1.01628,1.01644,1.50,1.50
2011.11.23 10:04:19.772,1.01626,1.01644,1.50,1.50
2011.11.23 10:04:19.888,1.01627,1.01644,1.73,1.50
2011.11.23 10:04:20.119,1.01636,1.01652,1.50,1.50
2011.11.23 10:04:20.679,1.01632,1.01648,1.50,1.50
2011.11.23 10:04:21.928,1.01635,1.01651,1.50,1.50
2011.11.23 10:04:22.054,1.01632,1.0165,1.50,1.50
2011.11.23 10:04:22.173,1.01637,1.01653,1.50,1.50
2011.11.23 10:04:22.399,1.01639,1.01657,1.50,1.50
2011.11.23 10:04:22.956,1.01642,1.01658,1.50,1.50
2011.11.23 10:04:24.411,1.01645,1.01661,1.50,1.50
2011.11.23 10:04:24.925,1.01641,1.01659,1.50,1.50
2011.11.23 10:04:25.040,1.01646,1.01662,1.50,1.50
2011.11.23 10:04:25.647,1.01642,1.01658,1.50,1.50
2011.11.23 10:04:29.028,1.01639,1.01657,1.50,1.50
2011.11.23 10:04:29.261,1.01637,1.01648,1.50,1.50
2011.11.23 10:04:29.383,1.01637,1.01653,3.00,1.50
2011.11.23 10:04:30.168,1.01633,1.01649,1.50,1.50
2011.11.23 10:04:32.083,1.01634,1.01652,1.50,1.50
2011.11.23 10:04:33.055,1.0163,1.01646,1.50,1.50
2011.11.23 10:04:33.172,1.01624,1.01641,1.50,1.50
2011.11.23 10:04:33.288,1.01624,1.01634,1.50,1.50
2011.11.23 10:04:33.519,1.01621,1.01637,1.50,1.50
2011.11.23 10:04:33.639,1.01624,1.0164,1.50,1.50
2011.11.23 10:04:35.667,1.01626,1.01644,1.50,1.50
2011.11.23 10:04:39.792,1.01629,1.01646,1.50,1.50
2011.11.23 10:04:40.368,1.01628,1.01646,1.50,1.50
2011.11.23 10:04:41.913,1.01631,1.01647,1.50,1.50
2011.11.23 10:04:44.100,1.01639,1.01655,1.50,1.50
2011.11.23 10:04:44.451,1.01635,1.01653,1.50,1.50
2011.11.23 10:04:44.678,1.01632,1.0165,1.50,1.50
2011.11.23 10:04:47.350,1.0163,1.01644,1.50,1.50
2011.11.23 10:04:47.691,1.01626,1.01644,1.50,1.50
2011.11.23 10:04:48.033,1.01631,1.01649,1.50,1.50
2011.11.23 10:04:48.367,1.01635,1.01651,1.50,1.50
2011.11.23 10:04:51.545,1.01637,1.01654,1.50,1.50
2011.11.23 10:04:51.769,1.01636,1.01652,3.00,1.50
2011.11.23 10:04:52.547,1.01639,1.01655,1.50,1.50
2011.11.23 10:04:52.998,1.01636,1.01652,1.50,1.50
2011.11.23 10:04:53.121,1.01631,1.01649,2.85,1.50
2011.11.23 10:04:53.242,1.01637,1.01655,1.50,1.50
2011.11.23 10:04:55.577,1.0164,1.01655,1.50,1.50
2011.11.23 10:04:55.810,1.01643,1.01659,1.50,1.50
2011.11.23 10:04:55.933,1.01633,1.01651,2.25,1.50
2011.11.23 10:04:56.051,1.01641,1.01657,1.50,1.50
2011.11.23 10:04:56.642,1.0164,1.01658,1.50,2.36
2011.11.23 10:04:56.764,1.01635,1.01651,1.50,1.50
2011.11.23 10:04:57.320,1.01635,1.01651,1.50,2.25
2011.11.23 10:04:57.442,1.01632,1.01648,1.50,1.50
2011.11.23 10:04:57.562,1.01629,1.01647,1.50,1.50
2011.11.23 10:04:57.792,1.01636,1.01649,1.50,1.50
2011.11.23 10:04:58.695,1.01633,1.0165,1.50,1.50
2011.11.23 10:04:59.249,1.01632,1.0165,1.50,1.50
2011.11.23 10:04:59.478,1.0163,1.01645,1.50,1.50
2011.11.23 10:04:59.710,1.0163,1.01648,1.50,1.50
2011.11.23 10:05:01.274,1.01633,1.01651,1.50,1.50
2011.11.23 10:05:02.240,1.01636,1.01653,1.50,1.50
2011.11.23 10:05:02.800,1.01636,1.01654,1.50,1.50
2011.11.23 10:05:03.209,1.0164,1.01655,1.50,1.50
2011.11.23 10:05:03.856,1.0164,1.01656,1.50,1.50
2011.11.23 10:05:05.016,1.01642,1.01658,1.50,3.75
2011.11.23 10:05:05.358,1.01638,1.01656,1.50,1.50
2011.11.23 10:05:05.480,1.01641,1.01657,1.50,1.50
2011.11.23 10:05:05.708,1.01644,1.01662,1.50,2.25
2011.11.23 10:05:06.227,1.01644,1.01662,1.50,1.50
2011.11.23 10:05:07.239,1.01643,1.01653,1.50,1.50
2011.11.23 10:05:07.359,1.01635,1.01653,1.50,1.50
2011.11.23 10:05:07.698,1.01638,1.01656,1.50,1.50
2011.11.23 10:05:08.036,1.01641,1.01658,1.50,1.50
2011.11.23 10:05:08.376,1.0164,1.01652,1.50,1.50
2011.11.23 10:05:08.499,1.01636,1.01652,1.50,1.50
2011.11.23 10:05:10.542,1.0163,1.01648,1.50,1.50
2011.11.23 10:05:11.350,1.01628,1.01646,1.50,1.50
2011.11.23 10:05:11.687,1.01635,1.01653,1.50,1.50
2011.11.23 10:05:15.902,1.01637,1.01653,1.50,1.50
2011.11.23 10:05:16.498,1.01636,1.01652,1.50,1.50
2011.11.23 10:05:16.730,1.01632,1.0165,1.50,1.50
2011.11.23 10:05:18.238,1.01637,1.01653,1.50,1.50
2011.11.23 10:05:23.320,1.01635,1.01648,1.50,1.50
2011.11.23 10:05:23.445,1.01629,1.01647,1.50,1.50
2011.11.23 10:05:23.559,1.01632,1.01648,1.50,1.50
2011.11.23 10:05:23.957,1.0163,1.01646,1.50,1.50
2011.11.23 10:05:25.052,1.01631,1.01649,1.50,1.50
2011.11.23 10:05:25.169,1.01634,1.0165,1.50,1.50
2011.11.23 10:05:25.291,1.01634,1.01652,1.50,1.50
2011.11.23 10:05:25.883,1.01634,1.0165,1.50,1.50
2011.11.23 10:05:26.001,1.0163,1.01647,1.50,1.50
2011.11.23 10:05:26.227,1.01627,1.01642,1.50,1.50
2011.11.23 10:05:26.571,1.01627,1.01645,1.50,1.50
2011.11.23 10:05:27.457,1.01632,1.01648,1.50,1.50
2011.11.23 10:05:29.351,1.01633,1.01648,1.50,1.50
2011.11.23 10:05:29.469,1.01635,1.01651,1.50,1.50
2011.11.23 10:05:32.146,1.01633,1.01649,1.50,1.50
2011.11.23 10:05:34.287,1.01639,1.01655,1.50,1.50
2011.11.23 10:05:35.309,1.01636,1.01652,1.50,1.50
2011.11.23 10:05:35.860,1.0164,1.01652,1.50,1.50
2011.11.23 10:05:35.987,1.0164,1.01658,1.50,1.50
2011.11.23 10:05:37.530,1.01638,1.01654,3.00,1.50
2011.11.23 10:05:39.389,1.01632,1.01648,1.50,1.50
2011.11.23 10:05:39.949,1.01634,1.01652,1.50,1.50
2011.11.23 10:05:40.688,1.01631,1.01649,1.50,1.50
2011.11.23 10:05:41.046,1.01629,1.01647,1.50,1.50
2011.11.23 10:05:42.547,1.01633,1.01647,1.50,1.50
2011.11.23 10:05:42.667,1.01635,1.01653,1.50,1.50
2011.11.23 10:05:47.511,1.01627,1.01644,1.50,1.50
2011.11.23 10:05:47.631,1.01625,1.01643,1.50,1.50
2011.11.23 10:05:47.860,1.01627,1.01645,1.50,1.50
2011.11.23 10:05:48.904,1.01629,1.01645,1.50,1.50
2011.11.23 10:05:49.397,1.01631,1.01647,1.50,1.50
2011.11.23 10:05:50.718,1.01629,1.01643,1.50,1.50
2011.11.23 10:05:50.840,1.01625,1.01643,1.50,1.50
2011.11.23 10:05:51.930,1.0162,1.01638,1.50,1.50
2011.11.23 10:05:52.731,1.01624,1.0164,1.50,1.50
2011.11.23 10:05:53.513,1.01628,1.01643,1.50,1.50
2011.11.23 10:05:53.632,1.01628,1.01646,1.50,1.50
2011.11.23 10:05:54.278,1.01629,1.01646,1.50,1.50
2011.11.23 10:05:54.397,1.01631,1.01649,1.50,1.50
2011.11.23 10:05:55.172,1.01631,1.01646,1.50,1.50
2011.11.23 10:05:55.289,1.01627,1.01645,1.50,1.50
2011.11.23 10:05:55.410,1.01627,1.01643,1.50,1.50
2011.11.23 10:05:55.747,1.01623,1.01639,1.50,1.50
2011.11.23 10:05:56.089,1.01626,1.01644,1.50,1.50
2011.11.23 10:05:56.971,1.01621,1.01637,1.50,1.50
2011.11.23 10:05:58.239,1.01623,1.01637,1.50,1.50
2011.11.23 10:05:58.360,1.01624,1.01642,1.50,1.50
2011.11.23 10:06:00.050,1.01622,1.0164,1.50,1.50
2011.11.23 10:06:00.390,1.01627,1.01643,1.50,1.50
2011.11.23 10:06:00.727,1.01622,1.01638,1.50,1.50
2011.11.23 10:06:01.073,1.01625,1.01643,1.50,1.50
2011.11.23 10:06:01.299,1.01629,1.01647,1.50,1.50
2011.11.23 10:06:02.799,1.01626,1.01644,1.50,1.50
2011.11.23 10:06:03.137,1.01629,1.01647,1.50,1.50
2011.11.23 10:06:04.401,1.01626,1.01642,1.50,1.50
2011.11.23 10:06:04.628,1.01624,1.01641,1.50,1.50
2011.11.23 10:06:05.150,1.01626,1.01644,1.50,1.50
2011.11.23 10:06:05.529,1.01629,1.01645,1.50,1.50
2011.11.23 10:06:05.868,1.01633,1.01649,1.50,3.00
2011.11.23 10:06:05.991,1.01629,1.01647,1.50,1.50
2011.11.23 10:06:06.112,1.01637,1.01655,1.50,1.50
2011.11.23 10:06:06.451,1.01634,1.0165,1.50,1.50
2011.11.23 10:06:07.077,1.01634,1.0165,1.50,2.25
2011.11.23 10:06:07.219,1.01625,1.01641,1.50,1.50
2011.11.23 10:06:07.667,1.01621,1.01639,1.50,1.50
2011.11.23 10:06:07.791,1.01636,1.01652,1.50,2.10
2011.11.23 10:06:07.914,1.0163,1.01648,2.25,1.50
2011.11.23 10:06:08.033,1.01635,1.01653,1.50,1.50
2011.11.23 10:06:09.093,1.01631,1.01649,1.50,1.50
2011.11.23 10:06:09.544,1.01624,1.01642,1.50,1.50
2011.11.23 10:06:10.280,1.01624,1.01642,2.25,1.50
2011.11.23 10:06:10.909,1.01632,1.01648,1.50,1.50
2011.11.23 10:06:11.034,1.01626,1.01644,1.50,1.50
2011.11.23 10:06:11.897,1.01629,1.01644,1.50,1.50
2011.11.23 10:06:12.019,1.0163,1.01648,1.50,1.50
2011.11.23 10:06:13.196,1.01633,1.01651,1.50,1.50
2011.11.23 10:06:13.528,1.01635,1.01653,1.50,1.50
2011.11.23 10:06:14.502,1.01632,1.0165,1.50,1.50
2011.11.23 10:06:15.406,1.01631,1.01646,1.50,1.50
2011.11.23 10:06:15.914,1.0163,1.01646,1.50,1.50
2011.11.23 10:06:18.292,1.01626,1.01644,1.50,1.50
2011.11.23 10:06:18.854,1.01625,1.01643,1.50,1.50
2011.11.23 10:06:18.969,1.01624,1.01639,1.50,1.50
2011.11.23 10:06:19.532,1.01626,1.01642,1.50,1.50
2011.11.23 10:06:19.650,1.01633,1.01645,1.50,1.50
2011.11.23 10:06:19.771,1.01633,1.01649,1.50,1.50
2011.11.23 10:06:20.448,1.01634,1.01652,1.50,3.00
2011.11.23 10:06:20.899,1.01632,1.0165,1.50,1.50
2011.11.23 10:06:21.232,1.01637,1.01655,1.50,1.50
2011.11.23 10:06:21.788,1.01635,1.01653,1.50,1.50
2011.11.23 10:06:22.131,1.01638,1.01654,1.50,1.50
2011.11.23 10:06:24.380,1.01647,1.01663,1.50,2.25
2011.11.23 10:06:24.716,1.01635,1.01651,1.50,1.50
2011.11.23 10:06:25.589,1.01637,1.01655,1.50,1.50
2011.11.23 10:06:27.489,1.01641,1.01657,1.50,1.50
2011.11.23 10:06:27.831,1.01646,1.01664,2.10,1.50
2011.11.23 10:06:27.953,1.01644,1.0166,1.50,1.50
2011.11.23 10:06:28.400,1.01641,1.01657,1.50,1.50
2011.11.23 10:06:29.453,1.01641,1.01659,1.50,1.50
2011.11.23 10:06:29.572,1.0164,1.01656,1.50,1.50
2011.11.23 10:06:30.127,1.01642,1.01656,1.50,1.50
2011.11.23 10:06:30.249,1.01644,1.01661,1.50,1.50
2011.11.23 10:06:30.369,1.01646,1.01664,1.50,1.50
2011.11.23 10:06:30.808,1.01646,1.01662,1.50,1.50
2011.11.23 10:06:31.376,1.01645,1.01663,1.50,1.50
2011.11.23 10:06:31.718,1.01639,1.01657,1.50,1.50
2011.11.23 10:06:32.059,1.01643,1.01661,1.50,1.50
2011.11.23 10:06:35.601,1.01645,1.01661,1.50,1.50
2011.11.23 10:06:36.061,1.01647,1.01663,1.50,1.50
2011.11.23 10:06:37.707,1.01655,1.01663,1.50,1.50
2011.11.23 10:06:37.832,1.01657,1.01675,1.50,2.25
2011.11.23 10:06:37.951,1.01657,1.01666,1.50,1.50
2011.11.23 10:06:38.072,1.01648,1.01664,1.50,1.50
2011.11.23 10:06:38.298,1.0165,1.01664,1.50,1.50
2011.11.23 10:06:38.416,1.01651,1.01669,1.50,1.50
2011.11.23 10:06:39.105,1.01649,1.01667,1.50,1.50
2011.11.23 10:06:39.441,1.01645,1.01663,1.50,1.50
2011.11.23 10:06:39.890,1.01645,1.01658,1.50,1.50
2011.11.23 10:06:40.009,1.0164,1.01656,1.50,1.50
2011.11.23 10:06:40.581,1.01637,1.01653,1.50,1.50
2011.11.23 10:06:41.187,1.01639,1.01657,1.50,1.50
2011.11.23 10:06:41.449,1.01634,1.01652,1.50,1.50
2011.11.23 10:06:43.282,1.0164,1.01658,1.50,1.50
2011.11.23 10:06:45.507,1.01639,1.01655,1.50,1.50
2011.11.23 10:06:46.082,1.01636,1.01652,1.50,1.50
2011.11.23 10:06:46.322,1.01638,1.01656,1.50,1.50
2011.11.23 10:06:46.439,1.01641,1.01659,1.50,1.50
2011.11.23 10:06:46.887,1.0164,1.01656,1.50,1.50
2011.11.23 10:06:48.069,1.01642,1.01658,1.50,1.50
2011.11.23 10:06:48.590,1.01639,1.01657,1.50,1.50
2011.11.23 10:06:49.236,1.01636,1.01654,1.50,1.50
2011.11.23 10:06:49.876,1.01633,1.01651,1.50,1.50
2011.11.23 10:06:50.410,1.01638,1.01654,1.50,1.50
2011.11.23 10:06:50.768,1.01635,1.01653,1.50,1.50
2011.11.23 10:06:50.890,1.01638,1.01654,1.50,1.50
2011.11.23 10:06:51.118,1.01633,1.01651,1.50,1.50
2011.11.23 10:06:52.168,1.01637,1.01653,1.50,1.50
2011.11.23 10:06:52.726,1.01639,1.01657,1.50,1.50
2011.11.23 10:06:55.477,1.01639,1.01648,1.50,1.50
2011.11.23 10:06:55.600,1.01629,1.01647,1.50,1.50
2011.11.23 10:06:55.827,1.01631,1.01649,1.50,1.50
2011.11.23 10:06:56.251,1.01634,1.01652,1.50,1.50
2011.11.23 10:06:59.021,1.01634,1.01649,1.50,1.50
2011.11.23 10:06:59.141,1.0163,1.01646,1.50,1.50
2011.11.23 10:06:59.260,1.01635,1.01651,1.50,2.10
2011.11.23 10:06:59.941,1.01649,1.01654,1.50,1.50
2011.11.23 10:07:00.070,1.01649,1.01667,1.50,1.50
2011.11.23 10:07:00.548,1.01647,1.01663,1.50,1.50
2011.11.23 10:07:00.890,1.01641,1.01652,2.25,1.50
2011.11.23 10:07:01.008,1.01647,1.01663,1.50,1.50
2011.11.23 10:07:02.813,1.01637,1.01653,1.50,1.50
2011.11.23 10:07:04.049,1.01639,1.01655,1.50,1.50
2011.11.23 10:07:04.281,1.01646,1.01664,1.50,1.50
2011.11.23 10:07:06.107,1.01646,1.01655,1.50,1.50
2011.11.23 10:07:06.230,1.01635,1.01653,1.50,1.50
2011.11.23 10:07:06.458,1.01643,1.01659,1.50,1.50
2011.11.23 10:07:07.020,1.01644,1.01662,1.50,1.50
2011.11.23 10:07:07.141,1.01639,1.01657,1.50,1.50
2011.11.23 10:07:08.286,1.01629,1.01645,1.50,1.50
2011.11.23 10:07:08.413,1.0163,1.01648,1.50,1.50
2011.11.23 10:07:08.533,1.01638,1.01654,1.50,1.50
2011.11.23 10:07:09.915,1.01635,1.01653,1.50,2.10
2011.11.23 10:07:10.465,1.0163,1.01645,1.50,1.50
2011.11.23 10:07:10.703,1.01634,1.0165,1.50,1.50
2011.11.23 10:07:11.258,1.01631,1.01647,1.50,1.50
2011.11.23 10:07:11.379,1.01629,1.01647,1.50,1.50
2011.11.23 10:07:12.242,1.01631,1.01649,1.50,1.50
2011.11.23 10:07:12.700,1.01641,1.01658,1.50,1.50
2011.11.23 10:07:12.821,1.01634,1.0165,1.50,1.50
2011.11.23 10:07:13.048,1.01631,1.01646,1.50,1.50
2011.11.23 10:07:13.560,1.0163,1.01646,1.50,1.50
2011.11.23 10:07:13.790,1.01626,1.01644,1.50,1.50
2011.11.23 10:07:14.727,1.01631,1.01649,1.50,1.50
2011.11.23 10:07:20.092,1.01626,1.01644,1.50,1.50
2011.11.23 10:07:20.432,1.0163,1.01648,1.50,1.50
2011.11.23 10:07:21.006,1.01636,1.01652,1.50,1.50
2011.11.23 10:07:22.648,1.01642,1.01658,1.50,1.50
2011.11.23 10:07:22.879,1.01638,1.01656,1.50,1.50
2011.11.23 10:07:23.566,1.01639,1.01655,1.50,1.50
2011.11.23 10:07:24.574,1.01633,1.01649,1.50,1.50
2011.11.23 10:07:25.640,1.01629,1.01647,1.50,1.50
2011.11.23 10:07:25.909,1.01631,1.01649,1.50,1.50
2011.11.23 10:07:26.466,1.01632,1.01649,1.13,1.50
2011.11.23 10:07:26.701,1.01638,1.01656,1.50,1.50
2011.11.23 10:07:31.068,1.01642,1.01658,1.50,1.50
2011.11.23 10:07:31.849,1.01639,1.01657,1.50,1.50
2011.11.23 10:07:32.487,1.01642,1.01658,1.50,1.50
2011.11.23 10:07:32.826,1.0164,1.01656,1.50,1.50
2011.11.23 10:07:33.058,1.01637,1.01654,1.50,1.50
2011.11.23 10:07:33.178,1.01633,1.01651,1.50,1.50
2011.11.23 10:07:34.962,1.01631,1.01647,1.50,1.50
2011.11.23 10:07:38.020,1.01628,1.01644,3.00,1.50
2011.11.23 10:07:38.357,1.01626,1.01642,1.50,1.50
2011.11.23 10:07:39.272,1.01617,1.01635,2.25,1.50
2011.11.23 10:07:39.392,1.01625,1.01643,1.50,1.50
2011.11.23 10:07:39.894,1.01631,1.01649,1.50,3.00
2011.11.23 10:07:41.218,1.01631,1.01649,1.50,2.10
2011.11.23 10:07:41.341,1.01623,1.01641,1.50,1.50
2011.11.23 10:07:41.893,1.01634,1.0165,1.50,1.50
2011.11.23 10:07:43.209,1.01631,1.01647,2.25,1.50
2011.11.23 10:07:43.331,1.01636,1.01652,1.50,1.50
2011.11.23 10:07:43.670,1.01633,1.01646,1.50,1.50
2011.11.23 10:07:43.787,1.0163,1.01646,1.50,1.50
2011.11.23 10:07:44.813,1.01632,1.01648,1.50,3.00
2011.11.23 10:07:45.257,1.0163,1.01646,1.50,1.50
2011.11.23 10:07:45.680,1.01626,1.01644,1.50,1.50
2011.11.23 10:07:45.799,1.01622,1.0164,1.50,1.50
2011.11.23 10:07:46.473,1.01628,1.01644,1.50,1.50
2011.11.23 10:07:46.595,1.01625,1.01643,1.50,1.50
2011.11.23 10:07:47.386,1.01623,1.01639,3.00,1.50
2011.11.23 10:07:47.656,1.01624,1.01641,1.50,1.50
2011.11.23 10:07:48.341,1.01624,1.01642,1.50,1.50
2011.11.23 10:07:48.459,1.01622,1.01638,3.00,1.50
2011.11.23 10:07:48.578,1.01623,1.0164,1.50,1.50
2011.11.23 10:07:49.218,1.01623,1.01641,1.50,1.50
2011.11.23 10:07:51.449,1.01621,1.01639,3.00,1.50
2011.11.23 10:07:51.927,1.01619,1.01635,3.00,1.50
2011.11.23 10:07:52.712,1.01616,1.01632,1.50,3.00
2011.11.23 10:07:52.943,1.01619,1.01637,1.50,1.50
2011.11.23 10:07:53.172,1.01621,1.01637,2.10,1.50
2011.11.23 10:07:53.294,1.01623,1.0164,1.88,1.50
2011.11.23 10:07:53.822,1.01629,1.01645,1.50,1.50
2011.11.23 10:07:55.398,1.01629,1.01642,1.50,1.50
2011.11.23 10:07:55.520,1.01622,1.0164,1.50,1.50
2011.11.23 10:07:55.983,1.01625,1.01643,1.50,1.50
2011.11.23 10:07:57.666,1.01625,1.01643,2.25,1.50
2011.11.23 10:07:58.321,1.01621,1.01639,1.50,1.50
2011.11.23 10:07:59.956,1.01633,1.0164,1.50,1.50
2011.11.23 10:08:00.070,1.01631,1.01644,1.50,1.50
2011.11.23 10:08:00.191,1.01628,1.01644,1.50,2.25
2011.11.23 10:08:00.311,1.01623,1.01639,1.50,1.50
2011.11.23 10:08:01.084,1.01619,1.01637,1.50,1.50
2011.11.23 10:08:01.768,1.01613,1.01629,1.50,1.50
2011.11.23 10:08:02.109,1.01624,1.0164,1.50,1.50
2011.11.23 10:08:02.449,1.01624,1.01638,1.50,1.35
2011.11.23 10:08:02.791,1.01607,1.01623,1.50,1.50
2011.11.23 10:08:04.697,1.01607,1.01623,2.10,1.50
2011.11.23 10:08:04.821,1.01611,1.01627,3.00,1.50
2011.11.23 10:08:04.939,1.01613,1.01631,1.50,1.50
2011.11.23 10:08:05.389,1.01612,1.01628,1.50,1.50
2011.11.23 10:08:07.272,1.01614,1.0163,1.50,1.50
2011.11.23 10:08:07.609,1.01616,1.01634,1.50,1.50
2011.11.23 10:08:09.851,1.01624,1.01642,1.50,1.50
2011.11.23 10:08:10.193,1.01628,1.01644,1.50,1.50
2011.11.23 10:08:13.116,1.01625,1.01643,1.50,1.88
2011.11.23 10:08:13.460,1.01614,1.0163,1.50,1.50
2011.11.23 10:08:13.804,1.01616,1.01633,1.50,1.50
2011.11.23 10:08:14.032,1.01616,1.01631,1.50,1.50
2011.11.23 10:08:14.149,1.01612,1.0163,1.50,1.50
2011.11.23 10:08:16.339,1.01606,1.01624,2.25,1.50
2011.11.23 10:08:17.192,1.01606,1.01624,2.25,1.50
2011.11.23 10:08:17.615,1.01611,1.01627,1.50,1.50
2011.11.23 10:08:18.694,1.01607,1.01623,2.25,1.50
2011.11.23 10:08:19.359,1.0161,1.01628,1.50,1.50
2011.11.23 10:08:19.479,1.01614,1.0163,1.50,1.50
2011.11.23 10:08:19.707,1.01611,1.01629,1.50,1.50
2011.11.23 10:08:20.048,1.01613,1.01631,1.50,1.50
2011.11.23 10:08:20.694,1.01611,1.01627,1.50,1.50
2011.11.23 10:08:20.807,1.01607,1.01623,1.50,1.50
2011.11.23 10:08:21.038,1.01603,1.01621,1.50,1.50
2011.11.23 10:08:21.381,1.01605,1.01621,1.50,1.50
2011.11.23 10:08:21.723,1.01612,1.0163,1.50,1.50
2011.11.23 10:08:22.789,1.01612,1.0163,1.50,2.10
2011.11.23 10:08:23.141,1.01603,1.01619,1.50,1.50
2011.11.23 10:08:23.264,1.01608,1.01624,1.50,1.50
2011.11.23 10:08:23.597,1.01606,1.01622,1.50,1.50
2011.11.23 10:08:24.178,1.01609,1.01625,1.50,1.50
2011.11.23 10:08:24.796,1.01606,1.01622,1.50,1.50
2011.11.23 10:08:24.923,1.01602,1.0162,1.50,1.50
2011.11.23 10:08:25.041,1.01602,1.01618,1.50,1.50
2011.11.23 10:08:25.409,1.016,1.01616,1.50,1.50
2011.11.23 10:08:25.858,1.01603,1.01621,1.50,1.50
2011.11.23 10:08:26.460,1.01603,1.01618,1.50,1.50
2011.11.23 10:08:26.579,1.01599,1.01616,1.50,1.50
2011.11.23 10:08:26.699,1.01596,1.01614,2.15,1.50
2011.11.23 10:08:27.483,1.01594,1.01612,2.15,1.50
2011.11.23 10:08:28.046,1.01594,1.01612,2.15,1.50
2011.11.23 10:08:28.281,1.016,1.01618,1.50,1.50
2011.11.23 10:08:28.508,1.01605,1.01621,1.50,1.50
2011.11.23 10:08:29.054,1.01608,1.01626,1.50,1.50
2011.11.23 10:08:29.706,1.01611,1.01627,1.50,1.50
2011.11.23 10:08:29.822,1.01609,1.01625,1.50,1.50
2011.11.23 10:08:31.439,1.01617,1.01627,1.50,1.50
2011.11.23 10:08:31.559,1.01617,1.01633,1.50,1.50
2011.11.23 10:08:31.792,1.01612,1.0163,2.15,1.50
2011.11.23 10:08:32.605,1.01612,1.01627,1.50,1.50
2011.11.23 10:08:32.960,1.01607,1.01623,1.50,1.50
2011.11.23 10:08:33.188,1.0161,1.01626,1.50,3.00
2011.11.23 10:08:33.640,1.01615,1.01631,1.50,1.50
2011.11.23 10:08:34.992,1.01612,1.0163,3.65,1.50
2011.11.23 10:08:35.784,1.01614,1.0163,1.50,1.50
2011.11.23 10:08:37.578,1.01612,1.01628,3.00,1.50
2011.11.23 10:08:37.919,1.01609,1.01625,1.50,1.50
2011.11.23 10:08:38.479,1.01613,1.01628,1.50,1.50
2011.11.23 10:08:39.626,1.01613,1.01629,1.50,1.50
2011.11.23 10:08:41.757,1.01615,1.01631,1.50,3.00
2011.11.23 10:08:41.987,1.01612,1.0163,1.50,1.50
2011.11.23 10:08:42.456,1.01614,1.01632,1.50,1.50
2011.11.23 10:08:43.603,1.01614,1.0163,1.50,1.50
2011.11.23 10:08:43.718,1.01611,1.01629,1.50,1.50
2011.11.23 10:08:45.471,1.01612,1.01629,1.50,1.50
2011.11.23 10:08:45.590,1.01614,1.0163,1.50,1.50
2011.11.23 10:08:46.229,1.01611,1.01629,1.50,1.50
2011.11.23 10:08:46.901,1.01615,1.01631,1.50,1.50
2011.11.23 10:08:47.790,1.01612,1.01628,1.50,1.50
2011.11.23 10:08:48.459,1.0161,1.01626,1.50,1.50
2011.11.23 10:08:48.689,1.01612,1.0163,3.00,1.50
2011.11.23 10:08:49.164,1.01615,1.01631,1.50,1.50
2011.11.23 10:08:49.960,1.01615,1.01623,1.50,1.50
2011.11.23 10:08:50.080,1.01604,1.0162,1.50,1.50
2011.11.23 10:08:50.308,1.01607,1.01624,1.50,1.50
2011.11.23 10:08:50.429,1.01609,1.01627,1.50,1.50
2011.11.23 10:08:51.741,1.01613,1.01631,1.50,1.50
2011.11.23 10:08:52.700,1.0161,1.01628,1.50,1.50
2011.11.23 10:08:53.766,1.01613,1.0163,1.50,1.50
2011.11.23 10:08:54.350,1.01613,1.01631,1.50,1.50
2011.11.23 10:08:54.991,1.01611,1.01629,1.50,1.50
2011.11.23 10:08:55.156,1.01609,1.01625,1.50,1.50
2011.11.23 10:08:56.590,1.0161,1.01627,1.50,1.50
2011.11.23 10:08:56.818,1.01613,1.0163,1.50,1.50
2011.11.23 10:08:57.160,1.01619,1.01637,1.50,1.50
2011.11.23 10:08:57.281,1.01618,1.01634,1.50,1.50
2011.11.23 10:08:57.510,1.01611,1.01629,1.50,1.50
2011.11.23 10:08:58.105,1.01612,1.0163,1.50,3.00
2011.11.23 10:08:58.327,1.01612,1.01628,1.50,1.50
2011.11.23 10:08:58.448,1.01609,1.01627,1.50,1.50
2011.11.23 10:08:58.988,1.01607,1.01623,1.50,1.50
2011.11.23 10:08:59.220,1.01601,1.01619,2.15,1.50
2011.11.23 10:08:59.448,1.01604,1.01622,1.50,1.50
2011.11.23 10:08:59.568,1.01606,1.01624,1.50,1.50
2011.11.23 10:09:00.122,1.01606,1.01624,2.25,1.50
2011.11.23 10:09:00.665,1.01609,1.01627,1.50,1.50
2011.11.23 10:09:01.108,1.01613,1.01629,1.50,1.50
2011.11.23 10:09:01.339,1.01602,1.0162,2.25,1.50
2011.11.23 10:09:01.677,1.01602,1.0162,2.25,1.50
2011.11.23 10:09:01.800,1.01606,1.01622,2.25,1.50
2011.11.23 10:09:02.249,1.01609,1.01627,1.50,1.50
2011.11.23 10:09:02.949,1.01612,1.01628,1.50,1.50
2011.11.23 10:09:03.291,1.01619,1.01631,1.50,1.50
2011.11.23 10:09:03.409,1.01619,1.01637,1.50,1.50
2011.11.23 10:09:03.863,1.01609,1.0162,2.10,1.50
2011.11.23 10:09:03.989,1.01604,1.0162,1.50,1.50
2011.11.23 10:09:04.110,1.01608,1.01624,1.50,1.50
2011.11.23 10:09:05.577,1.01609,1.01624,1.50,1.50
2011.11.23 10:09:05.807,1.01615,1.01633,1.50,1.50
2011.11.23 10:09:06.880,1.01612,1.0163,1.50,1.50
2011.11.23 10:09:07.231,1.0161,1.01626,1.50,1.50
2011.11.23 10:09:12.737,1.0161,1.01623,1.50,1.50
2011.11.23 10:09:12.860,1.01604,1.01621,1.50,1.50
2011.11.23 10:09:13.350,1.01598,1.01616,1.50,1.50
2011.11.23 10:09:13.687,1.01602,1.0162,1.50,1.50
2011.11.23 10:09:14.142,1.016,1.01616,1.50,1.50
2011.11.23 10:09:16.316,1.016,1.01616,1.50,2.10
2011.11.23 10:09:16.665,1.01587,1.01606,2.25,1.50
2011.11.23 10:09:16.782,1.01601,1.01617,2.25,1.50
2011.11.23 10:09:17.012,1.01607,1.01619,1.50,1.50
2011.11.23 10:09:17.130,1.01607,1.01623,1.50,1.50
2011.11.23 10:09:19.582,1.01608,1.01626,1.50,1.50
2011.11.23 10:09:19.701,1.01607,1.0162,1.50,1.50
2011.11.23 10:09:19.819,1.01604,1.0162,1.50,1.50
2011.11.23 10:09:19.941,1.01601,1.01619,1.50,1.50
2011.11.23 10:09:20.061,1.016,1.01615,1.50,1.50
2011.11.23 10:09:20.182,1.01597,1.01615,1.50,1.50
2011.11.23 10:09:22.019,1.01591,1.01607,2.25,1.50
2011.11.23 10:09:22.138,1.01593,1.01611,1.50,1.50
2011.11.23 10:09:22.645,1.01593,1.01611,2.25,1.50
2011.11.23 10:09:23.088,1.01601,1.01613,1.50,1.50
2011.11.23 10:09:23.210,1.01601,1.01619,1.50,1.50
2011.11.23 10:09:23.575,1.01601,1.01619,1.50,2.10
2011.11.23 10:09:23.910,1.01591,1.01609,2.25,1.50
2011.11.23 10:09:24.270,1.01591,1.01609,2.85,1.50
2011.11.23 10:09:24.394,1.01599,1.01617,1.50,1.50
2011.11.23 10:09:25.167,1.01603,1.01619,1.50,1.50
2011.11.23 10:09:25.908,1.01601,1.01616,1.50,1.50
2011.11.23 10:09:26.026,1.01598,1.01616,1.50,1.50
2011.11.23 10:09:26.608,1.01597,1.01613,1.50,1.50
2011.11.23 10:09:26.728,1.01595,1.01613,1.50,1.50
2011.11.23 10:09:27.535,1.01596,1.01613,1.50,1.50
2011.11.23 10:09:27.656,1.01598,1.01614,1.50,1.50
2011.11.23 10:09:27.998,1.01595,1.01613,1.50,1.50
2011.11.23 10:09:31.589,1.01595,1.0161,1.50,1.50
2011.11.23 10:09:31.707,1.01591,1.01609,1.50,1.50
2011.11.23 10:09:32.278,1.01593,1.01611,1.50,1.50
2011.11.23 10:09:32.728,1.01595,1.01611,1.50,1.50
2011.11.23 10:09:32.847,1.01598,1.01615,1.50,1.50
2011.11.23 10:09:33.365,1.016,1.01618,1.50,1.50
2011.11.23 10:09:33.482,1.01597,1.01613,1.50,1.50
2011.11.23 10:09:33.821,1.0159,1.01606,1.50,1.50
2011.11.23 10:09:34.165,1.01589,1.01598,1.13,1.50
2011.11.23 10:09:34.405,1.01604,1.01622,1.50,1.50
2011.11.23 10:09:34.523,1.01604,1.0162,1.50,1.50
2011.11.23 10:09:34.959,1.01601,1.01619,1.50,1.50
2011.11.23 10:09:35.075,1.01594,1.0161,1.50,1.50
2011.11.23 10:09:35.429,1.01592,1.01608,1.50,1.50
2011.11.23 10:09:35.992,1.01591,1.01607,1.50,1.50
2011.11.23 10:09:36.219,1.01587,1.01605,1.50,1.50
2011.11.23 10:09:36.869,1.01585,1.01601,1.50,2.10
2011.11.23 10:09:37.322,1.01583,1.01595,1.50,1.50
2011.11.23 10:09:37.661,1.01576,1.01592,1.50,1.50
2011.11.23 10:09:37.989,1.01582,1.016,1.50,1.50
2011.11.23 10:09:38.803,1.01579,1.01597,1.50,3.00
2011.11.23 10:09:39.163,1.01575,1.01591,1.50,1.50
2011.11.23 10:09:40.183,1.01577,1.01594,1.50,1.50
2011.11.23 10:09:40.662,1.01573,1.01589,1.50,1.50
2011.11.23 10:09:41.001,1.01579,1.01595,1.50,1.50
2011.11.23 10:09:41.450,1.01575,1.0159,1.50,1.50
2011.11.23 10:09:41.572,1.01572,1.01588,1.50,1.50
2011.11.23 10:09:42.498,1.0157,1.01584,1.50,1.50
2011.11.23 10:09:42.617,1.01569,1.01587,1.50,1.50
2011.11.23 10:09:42.849,1.01571,1.01587,1.50,1.50
2011.11.23 10:09:43.192,1.01571,1.01587,1.50,2.10
2011.11.23 10:09:43.550,1.01568,1.01583,1.50,1.50
2011.11.23 10:09:44.084,1.01565,1.01583,1.50,1.50
2011.11.23 10:09:44.332,1.01565,1.01581,1.50,1.50
2011.11.23 10:09:44.669,1.01561,1.01577,1.50,1.50
2011.11.23 10:09:44.794,1.01562,1.0158,1.50,3.60
2011.11.23 10:09:45.859,1.01561,1.01577,1.50,1.50
2011.11.23 10:09:46.523,1.0156,1.01576,1.50,1.50
2011.11.23 10:09:47.342,1.01557,1.01573,3.00,1.50
2011.11.23 10:09:47.685,1.01551,1.01567,1.50,1.50
2011.11.23 10:09:48.033,1.01546,1.01562,1.50,1.50
2011.11.23 10:09:48.892,1.01547,1.01562,1.50,1.50
2011.11.23 10:09:49.018,1.01547,1.01565,1.50,1.50
2011.11.23 10:09:49.248,1.0155,1.01568,1.50,1.50
2011.11.23 10:09:49.591,1.01555,1.01573,1.50,1.50
2011.11.23 10:09:49.930,1.01558,1.01574,1.50,1.50
2011.11.23 10:09:50.161,1.01558,1.01576,1.50,1.50
2011.11.23 10:09:50.952,1.0155,1.01566,1.50,1.50
2011.11.23 10:09:51.308,1.01552,1.0157,1.50,1.50
2011.11.23 10:09:51.761,1.01549,1.01567,1.50,1.50
2011.11.23 10:09:52.100,1.01549,1.01567,2.25,1.50
2011.11.23 10:09:52.329,1.01549,1.01567,1.50,1.50
2011.11.23 10:09:52.743,1.01553,1.01568,1.50,1.50
2011.11.23 10:09:52.863,1.0156,1.01578,1.50,1.50
2011.11.23 10:09:52.979,1.01558,1.01575,1.50,1.50
2011.11.23 10:09:53.320,1.01555,1.01571,3.00,1.50
2011.11.23 10:09:54.003,1.01552,1.01568,2.25,1.50
2011.11.23 10:09:54.119,1.01562,1.01578,1.50,1.50
2011.11.23 10:09:55.171,1.01559,1.01575,1.50,1.50
2011.11.23 10:09:55.731,1.01556,1.01567,1.50,1.50
2011.11.23 10:09:55.850,1.01551,1.01567,2.25,1.50
2011.11.23 10:09:55.970,1.01553,1.01569,1.50,1.50
2011.11.23 10:09:56.089,1.01557,1.01573,1.50,1.50
2011.11.23 10:09:56.565,1.01555,1.01571,1.50,1.50
2011.11.23 10:09:57.159,1.01555,1.01571,2.25,1.50
2011.11.23 10:09:57.531,1.0156,1.01578,1.50,1.50
2011.11.23 10:09:57.760,1.01558,1.01574,1.50,1.50
2011.11.23 10:09:58.100,1.01551,1.01567,2.25,1.50
2011.11.23 10:09:58.543,1.01554,1.01572,1.50,1.50
2011.11.23 10:09:59.781,1.01555,1.01572,1.50,1.50
2011.11.23 10:09:59.900,1.01558,1.01574,1.50,1.50
2011.11.23 10:10:00.440,1.0156,1.01576,1.50,1.50
2011.11.23 10:10:01.000,1.01562,1.0158,1.50,1.50
2011.11.23 10:10:01.119,1.0156,1.01577,1.50,1.50
2011.11.23 10:10:01.456,1.01558,1.01574,1.50,1.50
2011.11.23 10:10:02.368,1.01563,1.01579,1.50,1.50
2011.11.23 10:10:02.892,1.01566,1.01583,1.50,1.50
2011.11.23 10:10:03.012,1.01564,1.01582,1.50,1.50
2011.11.23 10:10:03.828,1.01567,1.01583,1.50,1.50
2011.11.23 10:10:06.318,1.01564,1.01578,1.50,1.50
2011.11.23 10:10:06.440,1.01567,1.01583,1.50,1.50
2011.11.23 10:10:06.995,1.01567,1.01581,1.50,1.50
2011.11.23 10:10:07.220,1.01568,1.01586,1.50,1.50
2011.11.23 10:10:07.834,1.01568,1.01584,1.50,1.50
2011.11.23 10:10:08.168,1.01565,1.01581,1.50,1.50
2011.11.23 10:10:08.513,1.01574,1.01592,1.50,1.50
2011.11.23 10:10:08.999,1.01572,1.01588,1.50,1.50
2011.11.23 10:10:09.115,1.01575,1.01593,1.50,1.50
2011.11.23 10:10:09.230,1.01573,1.01589,1.50,1.50
2011.11.23 10:10:11.488,1.01573,1.01589,2.10,1.50
2011.11.23 10:10:11.603,1.01576,1.01594,1.50,1.50
2011.11.23 10:10:11.828,1.01579,1.01595,1.50,1.50
2011.11.23 10:10:11.947,1.0158,1.01598,1.50,2.25
2011.11.23 10:10:12.182,1.01577,1.01595,1.50,1.50
2011.11.23 10:10:12.740,1.01576,1.01584,1.50,1.50
2011.11.23 10:10:13.217,1.01568,1.01584,3.00,1.50
2011.11.23 10:10:13.340,1.01569,1.01587,1.50,1.50
2011.11.23 10:10:13.458,1.01568,1.01583,1.50,1.50
2011.11.23 10:10:13.691,1.01565,1.01581,1.50,1.50
2011.11.23 10:10:13.922,1.01575,1.01584,1.50,1.50
2011.11.23 10:10:14.042,1.01575,1.01593,1.50,1.50
2011.11.23 10:10:14.489,1.01575,1.01584,1.50,1.50
2011.11.23 10:10:14.611,1.01565,1.01583,1.50,1.50
2011.11.23 10:10:15.144,1.01573,1.01591,1.50,1.50
2011.11.23 10:10:15.641,1.01577,1.01595,2.10,1.50
2011.11.23 10:10:15.761,1.01584,1.01602,1.50,1.50
2011.11.23 10:10:16.210,1.01587,1.01605,1.50,1.50
2011.11.23 10:10:16.552,1.01584,1.016,1.50,1.50
2011.11.23 10:10:17.371,1.01576,1.01592,1.50,1.50
2011.11.23 10:10:18.038,1.01575,1.01593,1.50,1.50
2011.11.23 10:10:18.377,1.01574,1.0159,1.50,1.50
2011.11.23 10:10:18.500,1.01572,1.0159,1.50,1.50
2011.11.23 10:10:20.212,1.01576,1.01591,1.50,1.50
2011.11.23 10:10:20.330,1.01576,1.01594,1.50,1.50
2011.11.23 10:10:20.563,1.01567,1.01585,1.50,1.50
2011.11.23 10:10:22.054,1.01572,1.0159,2.25,1.50
2011.11.23 10:10:22.386,1.01577,1.01592,1.50,1.50
2011.11.23 10:10:22.947,1.01579,1.01596,1.50,1.50
2011.11.23 10:10:23.506,1.01579,1.01597,1.50,1.50
2011.11.23 10:10:23.630,1.01582,1.016,1.50,1.50
2011.11.23 10:10:24.918,1.01581,1.01597,1.50,1.50
2011.11.23 10:10:25.037,1.01579,1.01597,1.50,1.50
2011.11.23 10:10:25.968,1.01577,1.01594,1.50,1.50
2011.11.23 10:10:26.583,1.01576,1.01594,1.50,1.50
2011.11.23 10:10:27.288,1.01575,1.01585,1.50,1.50
2011.11.23 10:10:27.410,1.01567,1.01585,2.10,1.50
2011.11.23 10:10:27.531,1.01578,1.01595,1.50,1.50
2011.11.23 10:10:27.758,1.01576,1.01592,3.00,1.50
2011.11.23 10:10:28.100,1.0157,1.01584,2.10,1.50
2011.11.23 10:10:28.218,1.01568,1.01584,1.50,1.50
2011.11.23 10:10:28.955,1.01578,1.01594,1.50,1.50
2011.11.23 10:10:29.288,1.0158,1.01596,1.50,1.50
2011.11.23 10:10:29.742,1.01583,1.01599,1.50,1.50
2011.11.23 10:10:30.420,1.01583,1.01597,1.50,1.50
2011.11.23 10:10:30.537,1.01579,1.01595,1.50,1.50
2011.11.23 10:10:31.125,1.01574,1.01592,1.50,1.50
2011.11.23 10:10:31.568,1.01577,1.01593,1.50,1.50
2011.11.23 10:10:31.798,1.01573,1.01591,1.50,1.50
2011.11.23 10:10:32.251,1.01572,1.01585,1.50,1.50
2011.11.23 10:10:32.372,1.01571,1.01587,1.50,3.00
2011.11.23 10:10:33.707,1.01574,1.0159,1.50,3.00
2011.11.23 10:10:34.064,1.01573,1.01589,2.10,1.50
2011.11.23 10:10:34.179,1.01571,1.01589,1.50,1.50
2011.11.23 10:10:34.301,1.01574,1.01592,1.50,1.50
2011.11.23 10:10:34.641,1.0157,1.01587,1.50,1.50
2011.11.23 10:10:35.531,1.0157,1.01586,1.50,1.50
2011.11.23 10:10:37.518,1.01566,1.01584,1.50,1.50
2011.11.23 10:10:38.378,1.0157,1.01586,1.50,1.50
2011.11.23 10:10:38.717,1.01568,1.01584,1.50,1.50
2011.11.23 10:10:39.169,1.01566,1.01582,1.50,1.50
2011.11.23 10:10:39.526,1.01561,1.01577,1.50,1.50
2011.11.23 10:10:39.650,1.01556,1.01574,1.50,1.50
2011.11.23 10:10:39.772,1.01542,1.01557,1.40,1.50
2011.11.23 10:10:39.895,1.01545,1.01561,1.50,1.50
2011.11.23 10:10:40.011,1.01555,1.01571,1.50,1.50
2011.11.23 10:10:40.473,1.01563,1.01573,1.50,1.50
2011.11.23 10:10:40.597,1.01563,1.01579,1.50,1.50
2011.11.23 10:10:40.961,1.0156,1.01576,1.50,1.50
2011.11.23 10:10:41.411,1.01568,1.01584,1.50,1.50
2011.11.23 10:10:41.748,1.01565,1.01581,1.50,1.50
2011.11.23 10:10:42.309,1.01563,1.01576,1.50,1.50
2011.11.23 10:10:42.431,1.0156,1.01576,1.50,1.50
2011.11.23 10:10:42.866,1.01557,1.01573,1.50,1.50
2011.11.23 10:10:43.490,1.0156,1.01576,1.50,1.50
2011.11.23 10:10:43.828,1.01561,1.01579,1.50,1.50
2011.11.23 10:10:46.600,1.01564,1.0158,1.50,1.50
2011.11.23 10:10:47.271,1.01565,1.0158,1.50,1.50
2011.11.23 10:10:47.387,1.01567,1.01583,1.50,1.50
2011.11.23 10:10:48.600,1.0157,1.01586,1.50,1.50
2011.11.23 10:10:48.940,1.0156,1.01576,2.25,1.50
2011.11.23 10:10:49.502,1.0156,1.01576,1.50,1.50
2011.11.23 10:10:50.409,1.01559,1.01577,2.25,1.50
2011.11.23 10:10:50.535,1.01557,1.01575,2.25,1.50
2011.11.23 10:10:50.980,1.01559,1.01577,1.50,1.50
2011.11.23 10:10:51.349,1.01559,1.01577,2.25,1.50
2011.11.23 10:10:51.471,1.01562,1.0158,1.50,1.50
2011.11.23 10:10:51.593,1.01565,1.01583,1.50,1.50
2011.11.23 10:10:51.933,1.01562,1.0158,1.50,1.50
2011.11.23 10:10:52.628,1.01565,1.01583,1.50,1.50
2011.11.23 10:10:52.958,1.0156,1.01578,1.50,1.50
2011.11.23 10:10:53.549,1.01555,1.01573,2.25,1.50
2011.11.23 10:10:56.661,1.01559,1.01575,1.50,1.50
2011.11.23 10:10:56.894,1.01557,1.01575,1.50,1.50
2011.11.23 10:10:57.010,1.0155,1.01566,2.15,1.50
2011.11.23 10:10:57.461,1.0156,1.01569,1.50,1.50
2011.11.23 10:10:57.580,1.0156,1.01578,1.50,1.50
2011.11.23 10:10:58.146,1.01563,1.01579,1.50,1.50
2011.11.23 10:10:58.481,1.01556,1.01572,1.50,1.50
2011.11.23 10:10:58.820,1.01553,1.01566,1.50,1.50
2011.11.23 10:10:58.940,1.0155,1.01566,1.50,1.50
2011.11.23 10:10:59.169,1.01554,1.0157,1.50,1.50
2011.11.23 10:11:00.227,1.01556,1.01574,1.50,1.50
2011.11.23 10:11:00.619,1.01555,1.01571,1.50,1.50
2011.11.23 10:11:00.958,1.0155,1.01566,1.50,1.50
2011.11.23 10:11:01.297,1.0155,1.01562,1.50,1.50
2011.11.23 10:11:01.422,1.0155,1.01566,1.50,3.00
2011.11.23 10:11:01.539,1.01547,1.01565,1.50,1.50
2011.11.23 10:11:02.287,1.0155,1.01568,1.50,1.50
2011.11.23 10:11:02.619,1.01552,1.0157,2.25,1.50
2011.11.23 10:11:02.964,1.01556,1.01572,1.50,1.50
2011.11.23 10:11:04.069,1.01552,1.0157,1.50,1.50
2011.11.23 10:11:04.189,1.01551,1.01567,1.50,1.50
2011.11.23 10:11:04.528,1.01554,1.0157,1.50,1.50
2011.11.23 10:11:04.992,1.01546,1.01564,1.50,1.50
2011.11.23 10:11:05.114,1.01541,1.01557,2.25,1.50
2011.11.23 10:11:05.712,1.01541,1.01557,1.50,1.50
2011.11.23 10:11:06.062,1.01537,1.01548,1.50,1.50
2011.11.23 10:11:06.402,1.01545,1.01563,1.50,1.50
2011.11.23 10:11:06.632,1.01548,1.01566,1.50,1.50
2011.11.23 10:11:07.083,1.0154,1.01558,1.50,1.50
2011.11.23 10:11:07.570,1.01541,1.01555,1.50,1.50
2011.11.23 10:11:07.688,1.01539,1.01557,1.50,1.50
2011.11.23 10:11:07.809,1.01542,1.0156,1.50,1.50
2011.11.23 10:11:08.149,1.0154,1.01554,1.50,1.50
2011.11.23 10:11:08.274,1.01538,1.01554,1.50,1.50
2011.11.23 10:11:08.505,1.01536,1.01542,1.50,1.50
2011.11.23 10:11:08.622,1.01526,1.01542,2.25,1.50
2011.11.23 10:11:08.741,1.01536,1.01542,2.25,1.50
2011.11.23 10:11:08.859,1.01537,1.01555,2.25,1.50
2011.11.23 10:11:08.979,1.01536,1.01552,1.50,1.50
2011.11.23 10:11:09.564,1.01536,1.01551,1.50,1.50
2011.11.23 10:11:09.684,1.01533,1.01551,1.50,1.50
2011.11.23 10:11:10.179,1.01531,1.01547,2.90,1.50
2011.11.23 10:11:10.518,1.01533,1.01551,1.50,2.10
2011.11.23 10:11:10.639,1.0153,1.01546,1.50,1.50
2011.11.23 10:11:11.763,1.0153,1.01546,2.15,1.50
2011.11.23 10:11:11.890,1.01525,1.01543,1.50,1.50
2011.11.23 10:11:12.012,1.01529,1.01545,1.50,1.50
2011.11.23 10:11:12.353,1.01532,1.01547,1.50,1.50
2011.11.23 10:11:12.473,1.01535,1.01551,1.50,3.00
2011.11.23 10:11:12.809,1.01533,1.0154,1.50,1.50
2011.11.23 10:11:12.928,1.01524,1.0154,2.15,1.50
2011.11.23 10:11:13.052,1.01535,1.01551,1.50,1.50
2011.11.23 10:11:13.172,1.01532,1.01548,1.50,1.50
2011.11.23 10:11:13.632,1.01522,1.01538,1.50,1.50
2011.11.23 10:11:13.859,1.01528,1.01546,1.50,1.50
2011.11.23 10:11:13.978,1.0152,1.01537,1.40,1.50
2011.11.23 10:11:14.097,1.01529,1.01547,1.50,1.50
2011.11.23 10:11:14.220,1.01529,1.01543,1.50,1.13
2011.11.23 10:11:14.338,1.0152,1.01538,3.00,2.25
2011.11.23 10:11:15.755,1.01518,1.01534,1.50,1.50
2011.11.23 10:11:16.091,1.01523,1.01539,1.50,1.50
2011.11.23 10:11:16.659,1.01522,1.0154,1.50,1.88
2011.11.23 10:11:17.317,1.0151,1.0153,1.50,1.50
2011.11.23 10:11:17.543,1.01519,1.01536,1.50,1.50
2011.11.23 10:11:17.783,1.01517,1.01535,1.50,1.50
2011.11.23 10:11:17.902,1.01516,1.0153,1.50,2.10
2011.11.23 10:11:18.393,1.01503,1.01521,1.50,3.90
2011.11.23 10:11:19.025,1.01494,1.01505,1.50,1.50
2011.11.23 10:11:19.333,1.01487,1.01505,3.00,1.50
2011.11.23 10:11:19.532,1.01495,1.01507,1.50,1.50
2011.11.23 10:11:19.872,1.01487,1.01505,2.25,1.50
2011.11.23 10:11:20.427,1.0149,1.01508,2.25,2.10
2011.11.23 10:11:20.566,1.01483,1.01495,1.49,1.50
2011.11.23 10:11:21.254,1.01487,1.01503,2.25,1.50
2011.11.23 10:11:21.995,1.01492,1.01498,2.25,1.50
2011.11.23 10:11:22.114,1.01483,1.01498,2.93,1.50
2011.11.23 10:11:23.757,1.015,1.01513,1.50,1.50
2011.11.23 10:11:23.890,1.01493,1.01511,3.75,1.50
2011.11.23 10:11:25.021,1.01496,1.01513,1.50,1.50
2011.11.23 10:11:25.472,1.01494,1.0151,2.25,1.50
2011.11.23 10:11:25.819,1.01492,1.01507,2.25,1.50
2011.11.23 10:11:26.838,1.01478,1.01496,1.50,1.50
2011.11.23 10:11:26.964,1.01489,1.01507,1.50,1.50
2011.11.23 10:11:27.744,1.01499,1.01515,1.50,2.25
2011.11.23 10:11:27.970,1.01499,1.01515,1.50,1.50
2011.11.23 10:11:28.401,1.01501,1.01517,1.50,3.00
2011.11.23 10:11:28.752,1.01502,1.0152,1.50,1.50
2011.11.23 10:11:28.871,1.015,1.01518,3.00,1.50
2011.11.23 10:11:29.222,1.01493,1.01503,1.10,1.50
2011.11.23 10:11:29.342,1.0149,1.01501,1.10,1.50
2011.11.23 10:11:29.460,1.01495,1.01511,1.50,1.50
2011.11.23 10:11:30.262,1.01498,1.01514,1.50,1.50
2011.11.23 10:11:30.880,1.01501,1.01517,1.50,1.50
2011.11.23 10:11:31.218,1.01504,1.01519,1.50,1.50
2011.11.23 10:11:31.339,1.01504,1.01522,1.50,1.50
2011.11.23 10:11:31.461,1.01509,1.01525,1.50,1.50
2011.11.23 10:11:32.059,1.01505,1.01521,1.50,1.50
2011.11.23 10:11:34.184,1.01508,1.01524,1.50,3.75
2011.11.23 10:11:34.303,1.01498,1.01516,1.50,1.50
2011.11.23 10:11:34.423,1.01511,1.01524,1.50,1.50
2011.11.23 10:11:34.544,1.01511,1.01529,1.50,2.25
2011.11.23 10:11:35.209,1.01511,1.01528,1.50,1.35
2011.11.23 10:11:35.330,1.01505,1.01521,1.50,1.50
2011.11.23 10:11:35.777,1.01502,1.01518,1.50,1.50
2011.11.23 10:11:36.132,1.01489,1.01505,1.50,1.50
2011.11.23 10:11:36.468,1.01492,1.01508,1.50,1.50
2011.11.23 10:11:36.698,1.01492,1.0151,1.50,1.50
2011.11.23 10:11:36.932,1.01491,1.01507,1.50,1.50
2011.11.23 10:11:37.502,1.01488,1.01505,1.50,1.50
2011.11.23 10:11:37.601,1.01487,1.01503,1.50,1.50
2011.11.23 10:11:38.052,1.01494,1.01506,1.50,1.50
2011.11.23 10:11:38.170,1.01496,1.01512,3.00,1.50
2011.11.23 10:11:38.295,1.01501,1.01515,1.50,1.50
2011.11.23 10:11:38.413,1.01504,1.0152,1.50,2.10
2011.11.23 10:11:38.643,1.01504,1.0151,1.50,1.50
2011.11.23 10:11:38.763,1.01495,1.01508,1.50,1.50
2011.11.23 10:11:39.378,1.01491,1.01509,1.50,1.50
2011.11.23 10:11:40.162,1.01493,1.01509,1.50,1.50
2011.11.23 10:11:40.282,1.01495,1.01512,1.50,1.50
2011.11.23 10:11:40.400,1.01492,1.0151,1.50,1.50
2011.11.23 10:11:41.071,1.01503,1.01521,1.50,2.48
2011.11.23 10:11:41.412,1.01493,1.01509,1.50,1.50
2011.11.23 10:11:43.755,1.01483,1.01501,1.50,1.50
2011.11.23 10:11:44.469,1.01486,1.01502,1.50,1.50
2011.11.23 10:11:45.361,1.0149,1.01504,3.60,1.50
2011.11.23 10:11:45.592,1.01495,1.0151,1.35,1.50
2011.11.23 10:11:45.712,1.01494,1.0151,2.10,1.50
2011.11.23 10:11:45.830,1.01504,1.01513,1.50,1.50
2011.11.23 10:11:46.336,1.01514,1.01525,1.50,2.25
2011.11.23 10:11:46.461,1.01505,1.01521,1.50,1.50
2011.11.23 10:11:46.579,1.01507,1.01525,1.50,1.50
2011.11.23 10:11:46.809,1.01507,1.01522,1.50,1.50
2011.11.23 10:11:46.931,1.01504,1.0152,1.50,1.50
2011.11.23 10:11:47.602,1.01507,1.01517,1.50,1.50
2011.11.23 10:11:48.067,1.0151,1.01526,1.50,1.50
2011.11.23 10:11:48.194,1.01516,1.01532,1.50,1.50
2011.11.23 10:11:48.425,1.01509,1.01527,1.50,1.50
2011.11.23 10:11:48.542,1.01509,1.01527,1.50,2.25
2011.11.23 10:11:48.772,1.01507,1.01525,1.50,2.25
2011.11.23 10:11:49.110,1.01507,1.0152,1.50,2.10
2011.11.23 10:11:49.233,1.01503,1.0152,1.50,2.10
2011.11.23 10:11:49.709,1.01501,1.01517,1.50,1.50
2011.11.23 10:11:49.829,1.01494,1.01512,1.50,1.50
2011.11.23 10:11:49.950,1.01503,1.01512,1.50,1.50
2011.11.23 10:11:50.069,1.01504,1.01522,1.50,1.50
2011.11.23 10:11:50.188,1.01501,1.01519,1.50,1.50
2011.11.23 10:11:50.748,1.01505,1.01523,1.50,1.50
2011.11.23 10:11:51.614,1.01508,1.01523,1.50,1.50
2011.11.23 10:11:51.728,1.01509,1.01527,1.50,1.50
2011.11.23 10:11:53.491,1.01515,1.01533,1.50,1.50
2011.11.23 10:11:55.588,1.01524,1.01542,1.50,2.25
2011.11.23 10:11:55.712,1.01521,1.01537,1.50,1.50
2011.11.23 10:11:55.828,1.01521,1.01537,1.50,2.25
2011.11.23 10:11:56.061,1.01519,1.01534,1.50,2.25
2011.11.23 10:11:56.520,1.01517,1.01533,1.50,1.50
2011.11.23 10:11:56.643,1.01519,1.01537,1.50,1.50
2011.11.23 10:11:57.372,1.01532,1.01548,1.50,2.25
2011.11.23 10:11:58.202,1.01532,1.01548,1.50,2.25
2011.11.23 10:11:58.488,1.01532,1.01548,1.50,1.50
2011.11.23 10:11:58.608,1.01532,1.01548,1.50,2.25
2011.11.23 10:11:58.839,1.01526,1.01542,1.50,2.25
2011.11.23 10:11:59.499,1.01529,1.01545,1.50,2.25
2011.11.23 10:12:00.052,1.01529,1.01547,1.50,1.50
2011.11.23 10:12:00.737,1.01529,1.01547,1.50,2.25
2011.11.23 10:12:00.969,1.01529,1.01547,1.50,1.50
2011.11.23 10:12:01.204,1.01527,1.01545,3.00,1.50
2011.11.23 10:12:01.765,1.01527,1.01545,1.50,2.25
2011.11.23 10:12:02.101,1.01523,1.01539,1.50,3.00
2011.11.23 10:12:02.452,1.01526,1.01542,1.50,1.50
2011.11.23 10:12:03.120,1.01525,1.01543,1.50,1.50
2011.11.23 10:12:04.232,1.01527,1.01543,1.50,1.50
2011.11.23 10:12:04.351,1.01528,1.01546,1.50,1.50
2011.11.23 10:12:04.473,1.01528,1.01546,1.50,2.85
2011.11.23 10:12:04.592,1.01525,1.01543,1.50,3.00
2011.11.23 10:12:04.819,1.01524,1.0154,1.50,1.50
2011.11.23 10:12:05.159,1.01524,1.0154,1.50,2.25
2011.11.23 10:12:05.869,1.01524,1.01542,1.50,1.50
2011.11.23 10:12:06.613,1.01524,1.01541,1.50,1.50
2011.11.23 10:12:06.727,1.01521,1.01539,1.50,1.50
2011.11.23 10:12:08.008,1.01522,1.01539,1.50,1.50
2011.11.23 10:12:08.145,1.01532,1.01544,1.50,1.50
2011.11.23 10:12:08.262,1.01532,1.01549,1.50,1.50
2011.11.23 10:12:08.382,1.0153,1.01548,1.50,1.50
2011.11.23 10:12:08.505,1.01529,1.01544,1.50,1.50
2011.11.23 10:12:08.734,1.0153,1.01546,1.50,1.50
2011.11.23 10:12:08.962,1.01532,1.01546,1.50,1.50
2011.11.23 10:12:09.081,1.01534,1.01552,1.50,1.50
2011.11.23 10:12:09.747,1.01538,1.01552,2.10,1.50
2011.11.23 10:12:09.873,1.01541,1.01559,2.10,2.25
2011.11.23 10:12:09.990,1.01541,1.01559,1.50,1.50
2011.11.23 10:12:10.113,1.01545,1.01561,1.50,3.00
2011.11.23 10:12:10.454,1.01543,1.01559,1.50,2.25
2011.11.23 10:12:10.574,1.01541,1.01559,1.50,2.25
2011.11.23 10:12:10.692,1.01538,1.01556,1.50,1.50
2011.11.23 10:12:11.201,1.01535,1.01551,1.50,1.50
2011.11.23 10:12:11.531,1.01528,1.01546,1.50,1.50
2011.11.23 10:12:11.869,1.01534,1.01548,1.50,1.50
2011.11.23 10:12:11.992,1.0153,1.01548,1.50,1.50
2011.11.23 10:12:12.114,1.01533,1.01551,1.50,2.25
2011.11.23 10:12:12.450,1.01533,1.01549,3.00,1.50
2011.11.23 10:12:12.914,1.01531,1.01546,1.50,1.50
2011.11.23 10:12:13.038,1.01535,1.01553,1.50,2.25
2011.11.23 10:12:13.391,1.01537,1.01553,1.50,2.25
2011.11.23 10:12:13.960,1.01538,1.01556,1.50,2.25
2011.11.23 10:12:14.503,1.01541,1.01559,1.50,2.25
2011.11.23 10:12:14.620,1.01541,1.01559,1.50,2.25
2011.11.23 10:12:14.741,1.01538,1.01556,1.50,1.50
2011.11.23 10:12:15.308,1.01544,1.01562,1.50,2.25
2011.11.23 10:12:16.800,1.01542,1.01551,1.50,1.50
2011.11.23 10:12:17.382,1.0154,1.01558,1.50,2.25
2011.11.23 10:12:17.834,1.0154,1.01556,1.50,1.50
2011.11.23 10:12:20.320,1.01542,1.01559,1.50,2.25
2011.11.23 10:12:20.875,1.01542,1.0156,1.50,2.25
2011.11.23 10:12:21.099,1.01542,1.0156,1.50,1.50
2011.11.23 10:12:21.672,1.01543,1.01559,1.50,1.50
2011.11.23 10:12:22.875,1.0154,1.01558,3.00,1.50
2011.11.23 10:12:23.800,1.01542,1.01558,1.50,1.50
2011.11.23 10:12:24.141,1.01544,1.0156,1.50,1.50
2011.11.23 10:12:24.731,1.01541,1.01557,1.50,1.50
2011.11.23 10:12:25.412,1.01535,1.01551,1.50,1.50
2011.11.23 10:12:26.931,1.01531,1.01549,1.50,1.50
2011.11.23 10:12:27.050,1.01529,1.01545,1.50,1.50
2011.11.23 10:12:28.230,1.01526,1.01544,1.50,1.50
2011.11.23 10:12:28.571,1.01532,1.01548,1.50,1.50
2011.11.23 10:12:28.908,1.01532,1.01539,1.50,1.50
2011.11.23 10:12:29.027,1.0152,1.01538,1.50,1.50
2011.11.23 10:12:29.370,1.01524,1.0154,1.50,1.50
2011.11.23 10:12:29.489,1.01525,1.01543,1.50,1.50
2011.11.23 10:12:29.723,1.01527,1.01543,1.50,1.50
2011.11.23 10:12:30.311,1.01527,1.01541,1.50,1.50
2011.11.23 10:12:30.433,1.01521,1.01538,1.50,1.50
2011.11.23 10:12:30.553,1.01524,1.0154,1.50,1.50
2011.11.23 10:12:31.359,1.01529,1.01545,1.50,1.50
2011.11.23 10:12:33.020,1.01529,1.01544,1.50,1.50
2011.11.23 10:12:33.137,1.01525,1.01541,1.50,1.50
2011.11.23 10:12:33.477,1.01522,1.01538,3.00,1.50
2011.11.23 10:12:33.820,1.01513,1.01531,1.50,1.50
2011.11.23 10:12:34.662,1.01518,1.01536,1.50,1.50
2011.11.23 10:12:34.999,1.01513,1.01529,1.50,1.50
2011.11.23 10:12:35.563,1.01511,1.01527,1.50,1.50
2011.11.23 10:12:35.684,1.01506,1.01524,1.50,1.50
2011.11.23 10:12:35.804,1.015,1.01518,1.50,1.50
2011.11.23 10:12:36.466,1.01508,1.01526,1.50,1.50
2011.11.23 10:12:36.582,1.01512,1.01528,1.50,1.50
2011.11.23 10:12:37.379,1.01509,1.01526,1.50,1.50
2011.11.23 10:12:37.608,1.01506,1.01524,3.00,1.50
2011.11.23 10:12:38.588,1.01513,1.01531,1.50,1.50
2011.11.23 10:12:39.221,1.01502,1.0152,2.25,1.50
2011.11.23 10:12:39.573,1.01495,1.01513,1.50,1.50
2011.11.23 10:12:39.908,1.01502,1.0152,1.50,1.50
2011.11.23 10:12:40.359,1.01512,1.01522,1.50,1.50
2011.11.23 10:12:40.590,1.01512,1.0153,1.50,1.50
2011.11.23 10:12:40.832,1.01514,1.0153,1.50,1.50
2011.11.23 10:12:41.437,1.01513,1.01529,1.50,1.50
2011.11.23 10:12:41.671,1.01514,1.01532,1.50,1.50
2011.11.23 10:12:43.437,1.01514,1.01529,1.50,1.50
2011.11.23 10:12:43.860,1.0151,1.01526,1.50,1.50
2011.11.23 10:12:44.198,1.01519,1.01537,1.50,1.50
2011.11.23 10:12:44.539,1.01518,1.01534,1.50,1.50
2011.11.23 10:12:45.730,1.01525,1.01536,1.50,1.50
2011.11.23 10:12:46.069,1.01523,1.0153,1.50,1.50
2011.11.23 10:12:46.626,1.01514,1.0153,1.50,1.50
2011.11.23 10:12:46.753,1.01518,1.01536,1.50,1.50
2011.11.23 10:12:47.470,1.01519,1.01533,1.50,1.50
2011.11.23 10:12:47.590,1.01521,1.01539,1.50,1.50
2011.11.23 10:12:47.712,1.01524,1.01542,1.50,1.50
2011.11.23 10:12:48.048,1.0152,1.01538,1.50,1.50
2011.11.23 10:12:48.387,1.01518,1.01534,1.50,1.50
2011.11.23 10:12:49.300,1.01516,1.0153,1.50,1.50
2011.11.23 10:12:49.421,1.01514,1.0153,1.50,1.50
2011.11.23 10:12:49.542,1.0151,1.01526,1.50,1.50
2011.11.23 10:12:49.662,1.01508,1.01525,1.50,1.50
2011.11.23 10:12:49.785,1.01509,1.01527,1.50,1.50
2011.11.23 10:12:50.340,1.01515,1.01531,1.50,1.50
2011.11.23 10:12:52.268,1.01513,1.01526,1.50,1.50
2011.11.23 10:12:52.501,1.0151,1.01526,1.50,1.50
2011.11.23 10:12:53.104,1.01507,1.01525,1.50,1.50
2011.11.23 10:12:53.584,1.01504,1.0152,1.50,1.50
2011.11.23 10:12:54.028,1.01505,1.01522,1.50,1.50
2011.11.23 10:12:54.931,1.01505,1.01523,1.50,1.50
2011.11.23 10:12:56.037,1.0152,1.01525,1.50,1.50
2011.11.23 10:12:56.161,1.0152,1.01532,1.50,1.50
2011.11.23 10:12:56.282,1.01513,1.01525,1.50,1.50
2011.11.23 10:12:56.402,1.01505,1.01523,1.50,1.50
2011.11.23 10:12:56.519,1.01507,1.01523,1.50,1.50
2011.11.23 10:12:56.867,1.01509,1.01525,1.50,1.50
2011.11.23 10:12:57.448,1.01511,1.01525,1.50,1.50
2011.11.23 10:12:57.569,1.01512,1.0153,1.50,1.50
2011.11.23 10:12:57.689,1.01521,1.0153,1.50,1.50
2011.11.23 10:12:58.166,1.01522,1.0154,1.50,2.25
2011.11.23 10:12:58.283,1.01518,1.01534,1.50,1.50
2011.11.23 10:12:58.620,1.01514,1.01532,1.50,1.50
2011.11.23 10:12:58.739,1.01512,1.01529,1.50,1.50
2011.11.23 10:12:59.300,1.01511,1.01529,1.50,1.50
2011.11.23 10:12:59.643,1.01517,1.0153,1.50,1.50
2011.11.23 10:12:59.766,1.01513,1.01527,1.50,1.50
2011.11.23 10:13:00.170,1.01513,1.01525,1.50,1.50
2011.11.23 10:13:00.295,1.01506,1.01524,1.50,1.50
2011.11.23 10:13:00.733,1.01509,1.01527,1.50,2.25
2011.11.23 10:13:01.181,1.01507,1.01525,1.50,1.50
2011.11.23 10:13:01.480,1.01503,1.01521,1.50,1.50
2011.11.23 10:13:02.182,1.01499,1.01514,1.50,1.50
2011.11.23 10:13:02.303,1.01501,1.01519,1.50,1.50
2011.11.23 10:13:02.533,1.01512,1.01521,1.50,1.50
2011.11.23 10:13:02.763,1.01506,1.01521,1.50,1.50
2011.11.23 10:13:03.213,1.01504,1.01516,1.50,1.50
2011.11.23 10:13:03.332,1.01498,1.01516,1.50,1.50
2011.11.23 10:13:03.912,1.01494,1.0151,1.50,1.50
2011.11.23 10:13:04.371,1.01495,1.01511,2.25,1.50
2011.11.23 10:13:04.488,1.01495,1.01511,1.50,1.50
2011.11.23 10:13:04.723,1.01495,1.01511,2.25,1.50
2011.11.23 10:13:04.840,1.01495,1.01511,1.50,1.50
2011.11.23 10:13:04.962,1.01495,1.01511,2.25,1.50
2011.11.23 10:13:05.189,1.01495,1.01511,1.50,1.50
2011.11.23 10:13:05.793,1.01501,1.01514,1.50,1.50
2011.11.23 10:13:05.914,1.01497,1.01513,1.50,1.50
2011.11.23 10:13:08.531,1.01492,1.0151,1.50,1.50
2011.11.23 10:13:08.647,1.01491,1.01506,1.50,1.50
2011.11.23 10:13:09.189,1.0149,1.01506,2.25,1.50
2011.11.23 10:13:09.310,1.01495,1.01513,1.50,1.50
2011.11.23 10:13:09.871,1.01495,1.01513,1.50,2.10
2011.11.23 10:13:10.285,1.01491,1.01507,1.50,1.50
2011.11.23 10:13:10.642,1.01494,1.0151,1.50,1.50
2011.11.23 10:13:12.462,1.01489,1.01507,1.50,1.50
2011.11.23 10:13:14.179,1.01489,1.01507,2.15,1.50
2011.11.23 10:13:15.337,1.01489,1.01507,2.15,1.50
2011.11.23 10:13:15.903,1.01491,1.01507,1.40,1.50
2011.11.23 10:13:16.024,1.01497,1.01515,1.50,1.50
2011.11.23 10:13:16.880,1.01498,1.01514,1.50,1.50
2011.11.23 10:13:17.010,1.01494,1.01512,1.50,1.50
2011.11.23 10:13:17.257,1.01491,1.01502,1.40,1.50
2011.11.23 10:13:17.713,1.01502,1.01516,1.50,2.25
2011.11.23 10:13:17.831,1.01502,1.0152,1.50,1.50
2011.11.23 10:13:18.748,1.015,1.01516,3.00,1.50
2011.11.23 10:13:19.262,1.01507,1.01518,1.50,1.50
2011.11.23 10:13:19.380,1.01507,1.01525,1.50,1.50
2011.11.23 10:13:19.964,1.01516,1.01526,1.50,1.50
2011.11.23 10:13:20.081,1.01516,1.01532,1.50,1.50
2011.11.23 10:13:20.202,1.01513,1.01521,1.50,1.50
2011.11.23 10:13:20.324,1.0151,1.01523,1.50,1.50
2011.11.23 10:13:20.750,1.0151,1.01526,1.50,1.50
2011.11.23 10:13:21.423,1.01503,1.01521,1.50,1.50
2011.11.23 10:13:21.873,1.01502,1.01516,1.50,1.50
2011.11.23 10:13:22.104,1.0151,1.01528,1.50,1.50
2011.11.23 10:13:22.328,1.01509,1.01517,1.50,1.50
2011.11.23 10:13:22.452,1.01501,1.01519,1.50,1.50
2011.11.23 10:13:25.076,1.01506,1.01524,1.50,1.50
2011.11.23 10:13:25.576,1.01507,1.01523,1.50,1.50
2011.11.23 10:13:26.137,1.01508,1.01526,1.50,1.50
2011.11.23 10:13:27.114,1.01508,1.01525,1.50,1.50
2011.11.23 10:13:27.236,1.01506,1.01522,1.50,1.50
2011.11.23 10:13:27.571,1.01504,1.0152,1.50,1.50
2011.11.23 10:13:27.915,1.01513,1.01531,1.50,2.25
2011.11.23 10:13:28.256,1.01504,1.01519,1.25,1.50
2011.11.23 10:13:28.602,1.01509,1.01519,2.10,1.50
2011.11.23 10:13:29.070,1.01524,1.01539,2.15,1.50
2011.11.23 10:13:29.195,1.01528,1.0155,1.50,1.50
2011.11.23 10:13:29.873,1.01531,1.01549,1.50,1.50
2011.11.23 10:13:30.587,1.01534,1.0155,1.50,1.50
2011.11.23 10:13:30.920,1.01522,1.01533,1.25,1.50
2011.11.23 10:13:31.810,1.01522,1.01536,1.25,1.50
2011.11.23 10:13:32.042,1.01522,1.01539,1.25,1.50
2011.11.23 10:13:32.483,1.01523,1.01541,1.50,1.50
2011.11.23 10:13:32.712,1.01522,1.01536,1.25,1.50
2011.11.23 10:13:33.166,1.01522,1.01539,1.25,1.50
2011.11.23 10:13:33.608,1.01521,1.01539,1.50,1.50
2011.11.23 10:13:33.839,1.01525,1.0154,1.50,1.50
2011.11.23 10:13:33.959,1.01535,1.01553,1.50,1.50
2011.11.23 10:13:34.483,1.01527,1.01543,1.25,1.50
2011.11.23 10:13:34.599,1.0153,1.01546,2.15,1.50
2011.11.23 10:13:34.718,1.01538,1.01554,1.50,1.50
2011.11.23 10:13:34.948,1.01535,1.01551,1.50,1.50
2011.11.23 10:13:35.399,1.0153,1.01548,2.15,1.50
2011.11.23 10:13:36.059,1.0153,1.01548,2.15,1.50
2011.11.23 10:13:36.588,1.01538,1.01554,1.50,1.50
2011.11.23 10:13:36.950,1.01527,1.01543,2.15,1.50
2011.11.23 10:13:37.181,1.01528,1.01546,1.50,1.50
2011.11.23 10:13:37.518,1.01537,1.01547,1.50,1.50
2011.11.23 10:13:37.640,1.01537,1.01555,1.50,1.50
2011.11.23 10:13:37.761,1.01534,1.0155,1.50,1.50
2011.11.23 10:13:37.883,1.0153,1.01548,1.50,1.50
2011.11.23 10:13:38.002,1.01526,1.01544,1.50,1.50
2011.11.23 10:13:38.671,1.01529,1.01545,1.50,1.50
2011.11.23 10:13:38.796,1.01533,1.01551,1.50,2.25
2011.11.23 10:13:39.023,1.01531,1.01548,1.50,1.50
2011.11.23 10:13:39.363,1.0153,1.01546,1.50,1.50
2011.11.23 10:13:39.707,1.01533,1.01549,1.50,1.50
2011.11.23 10:13:39.945,1.01525,1.01543,1.50,1.50
2011.11.23 10:13:40.604,1.01523,1.01541,2.10,1.50
2011.11.23 10:13:40.950,1.01535,1.01553,1.50,2.25
2011.11.23 10:13:41.071,1.01524,1.0154,2.10,1.50
2011.11.23 10:13:41.192,1.01531,1.01549,1.50,2.85
2011.11.23 10:13:41.312,1.01527,1.01544,1.50,1.50
2011.11.23 10:13:41.540,1.01521,1.01539,1.50,1.50
2011.11.23 10:13:42.177,1.01521,1.01539,3.60,1.50
2011.11.23 10:13:42.633,1.01532,1.01539,1.50,1.50
2011.11.23 10:13:42.755,1.01534,1.0155,1.50,2.25
2011.11.23 10:13:42.880,1.01535,1.01553,1.50,2.25
2011.11.23 10:13:43.613,1.01531,1.01548,1.50,2.25
2011.11.23 10:13:43.757,1.01534,1.0155,1.50,2.25
2011.11.23 10:13:44.107,1.01537,1.0155,1.50,1.50
2011.11.23 10:13:44.353,1.0153,1.01548,1.50,2.25
2011.11.23 10:13:45.111,1.01525,1.0154,1.50,1.50
2011.11.23 10:13:45.237,1.01522,1.0154,1.50,1.50
2011.11.23 10:13:46.251,1.01521,1.01535,1.50,1.50
2011.11.23 10:13:46.771,1.01508,1.01523,1.25,1.50
2011.11.23 10:13:47.012,1.01518,1.01533,1.50,1.50
2011.11.23 10:13:47.241,1.01515,1.01533,1.50,1.50
2011.11.23 10:13:47.801,1.01515,1.01533,2.10,1.50
2011.11.23 10:13:47.924,1.01528,1.01544,1.50,1.50
2011.11.23 10:13:48.404,1.01531,1.01547,1.50,1.50
2011.11.23 10:13:48.640,1.01538,1.01556,1.50,1.50
2011.11.23 10:13:48.764,1.01536,1.01552,1.50,2.25
2011.11.23 10:13:48.882,1.01535,1.01551,1.50,1.50
2011.11.23 10:13:49.006,1.01531,1.01549,1.50,1.50
2011.11.23 10:13:49.231,1.01531,1.01545,1.50,1.50
2011.11.23 10:13:49.353,1.01525,1.01543,1.50,1.50
2011.11.23 10:13:49.473,1.01524,1.0154,1.50,1.50
2011.11.23 10:13:49.943,1.01526,1.01542,1.50,1.50
2011.11.23 10:13:50.520,1.01525,1.01543,1.50,1.50
2011.11.23 10:13:51.288,1.01523,1.01541,1.50,1.50
2011.11.23 10:13:51.760,1.01519,1.01537,1.50,1.50
2011.11.23 10:13:52.212,1.01523,1.01539,1.50,1.50
2011.11.23 10:13:52.453,1.01517,1.01535,1.50,1.50
2011.11.23 10:13:53.319,1.01515,1.01531,1.50,1.50
2011.11.23 10:13:54.312,1.01513,1.01528,1.50,1.50
2011.11.23 10:13:54.434,1.0151,1.01528,1.50,1.50
2011.11.23 10:13:54.990,1.01513,1.01529,1.50,1.50
2011.11.23 10:13:55.777,1.01515,1.01533,1.50,1.50
2011.11.23 10:13:55.896,1.01499,1.01517,2.25,1.50
2011.11.23 10:13:56.014,1.01501,1.01519,2.25,1.50
2011.11.23 10:13:56.133,1.01505,1.01523,2.25,1.50
2011.11.23 10:13:56.250,1.01505,1.01523,1.50,1.50
2011.11.23 10:13:56.369,1.01508,1.01526,1.50,1.50
2011.11.23 10:13:56.713,1.01508,1.01518,1.50,1.50
2011.11.23 10:13:56.834,1.01502,1.01518,1.50,1.50
2011.11.23 10:13:57.504,1.01499,1.01515,1.50,1.50
2011.11.23 10:13:57.842,1.0151,1.01526,1.50,1.50
2011.11.23 10:13:58.179,1.01508,1.01524,1.50,1.50
2011.11.23 10:13:59.093,1.01508,1.01523,1.50,1.50
2011.11.23 10:13:59.476,1.01505,1.01521,1.50,1.50
2011.11.23 10:13:59.596,1.01517,1.01528,1.50,1.50
2011.11.23 10:13:59.713,1.01517,1.01535,1.50,2.10
2011.11.23 10:13:59.834,1.01515,1.01531,3.00,1.50
2011.11.23 10:14:00.180,1.01517,1.0153,1.50,1.50
2011.11.23 10:14:00.410,1.01517,1.01535,1.50,1.50
2011.11.23 10:14:00.532,1.01517,1.01528,1.50,1.35
2011.11.23 10:14:01.253,1.01504,1.01518,1.50,1.50
2011.11.23 10:14:01.374,1.01507,1.01523,1.50,1.50
2011.11.23 10:14:01.603,1.01509,1.01527,1.50,2.10
2011.11.23 10:14:01.722,1.01505,1.01523,1.50,1.50
2011.11.23 10:14:02.844,1.01503,1.01519,1.50,1.50
2011.11.23 10:14:03.182,1.01501,1.01519,1.50,3.00
2011.11.23 10:14:03.871,1.01505,1.01523,1.50,1.50
2011.11.23 10:14:04.535,1.01501,1.01519,1.50,1.50
2011.11.23 10:14:05.442,1.01496,1.01514,1.50,1.50
2011.11.23 10:14:05.782,1.01503,1.01519,1.50,1.50
2011.11.23 10:14:06.486,1.01507,1.01523,1.50,1.50
2011.11.23 10:14:06.826,1.01513,1.01523,1.50,1.50
2011.11.23 10:14:06.940,1.01514,1.0153,1.50,1.50
2011.11.23 10:14:07.621,1.01514,1.01527,1.50,1.50
2011.11.23 10:14:07.742,1.01508,1.01524,1.50,1.50
2011.11.23 10:14:08.303,1.01511,1.01527,1.50,3.00
2011.11.23 10:14:08.420,1.01507,1.01525,1.50,1.50
2011.11.23 10:14:08.983,1.01507,1.01525,1.50,2.25
2011.11.23 10:14:09.210,1.01507,1.01525,1.50,1.50
2011.11.23 10:14:09.443,1.01503,1.01519,1.50,1.50
2011.11.23 10:14:10.041,1.01499,1.01517,1.50,1.50
2011.11.23 10:14:10.387,1.01499,1.01515,1.50,1.50
2011.11.23 10:14:10.627,1.015,1.01518,1.50,1.50
2011.11.23 10:14:10.753,1.01495,1.01513,1.50,1.50
2011.11.23 10:14:11.310,1.01503,1.01515,1.50,1.50
2011.11.23 10:14:11.789,1.01499,1.01511,1.50,1.50
2011.11.23 10:14:11.917,1.01493,1.01511,1.50,1.50
2011.11.23 10:14:12.040,1.01495,1.01512,1.50,1.50
2011.11.23 10:14:12.272,1.01493,1.01511,1.50,1.50
2011.11.23 10:14:12.501,1.01495,1.01513,1.50,1.50
2011.11.23 10:14:12.841,1.01495,1.01511,1.50,1.50
2011.11.23 10:14:13.180,1.01483,1.01499,1.50,1.50
2011.11.23 10:14:13.781,1.01491,1.01502,1.50,1.50
2011.11.23 10:14:13.907,1.01493,1.01509,1.50,1.50
2011.11.23 10:14:14.036,1.01502,1.0152,1.50,1.50
2011.11.23 10:14:14.163,1.015,1.01517,1.50,1.50
2011.11.23 10:14:14.502,1.01511,1.01522,1.50,1.50
2011.11.23 10:14:14.618,1.01511,1.01527,1.50,1.50
2011.11.23 10:14:14.742,1.01511,1.01526,1.50,2.10
2011.11.23 10:14:14.860,1.01508,1.01524,1.50,2.85
2011.11.23 10:14:15.311,1.01497,1.01513,2.15,1.50
2011.11.23 10:14:15.437,1.01506,1.01524,1.50,2.25
2011.11.23 10:14:15.564,1.01504,1.0152,1.50,1.50
2011.11.23 10:14:15.900,1.01507,1.01523,1.50,1.50
2011.11.23 10:14:16.254,1.01501,1.01515,1.50,1.50
2011.11.23 10:14:16.481,1.01497,1.01515,1.88,1.50
2011.11.23 10:14:16.712,1.01497,1.01513,1.88,2.10
2011.11.23 10:14:17.200,1.01481,1.01497,3.43,1.50
2011.11.23 10:14:17.328,1.01502,1.01518,1.50,1.80
2011.11.23 10:14:17.453,1.01502,1.01518,1.50,1.50
2011.11.23 10:14:17.570,1.01506,1.01522,1.50,1.50
2011.11.23 10:14:17.924,1.01494,1.01506,1.50,2.10
2011.11.23 10:14:18.040,1.0148,1.01498,2.15,1.50
2011.11.23 10:14:18.160,1.0148,1.01498,1.50,1.50
2011.11.23 10:14:18.920,1.0148,1.01493,1.50,2.10
2011.11.23 10:14:19.020,1.01472,1.01488,1.13,1.50
2011.11.23 10:14:19.470,1.01476,1.01494,1.88,1.50
2011.11.23 10:14:19.730,1.01474,1.01496,1.88,2.10
2011.11.23 10:14:20.261,1.01472,1.01498,1.88,2.10
2011.11.23 10:14:20.496,1.01482,1.015,1.50,1.50
2011.11.23 10:14:20.983,1.01487,1.01505,1.50,1.50
2011.11.23 10:14:21.310,1.01478,1.01494,2.15,1.50
2011.11.23 10:14:21.544,1.01485,1.01501,1.50,1.50
2011.11.23 10:14:21.663,1.01487,1.015,1.50,1.50
2011.11.23 10:14:21.781,1.01487,1.01505,1.50,1.50
2011.11.23 10:14:21.900,1.01487,1.01505,1.50,2.10
2011.11.23 10:14:22.020,1.01481,1.01497,1.50,1.50
2011.11.23 10:14:22.916,1.01484,1.015,1.50,1.50
2011.11.23 10:14:23.152,1.01486,1.01503,1.50,1.50
2011.11.23 10:14:23.893,1.01485,1.01503,1.50,1.50
2011.11.23 10:14:24.808,1.0147,1.01486,1.50,1.50
2011.11.23 10:14:25.137,1.01472,1.01488,2.25,1.50
2011.11.23 10:14:25.479,1.01482,1.01491,1.50,1.50
2011.11.23 10:14:25.600,1.01482,1.01498,1.50,1.50
2011.11.23 10:14:25.720,1.01482,1.01498,1.50,2.10
2011.11.23 10:14:25.951,1.01476,1.0149,1.50,1.50
2011.11.23 10:14:26.072,1.01471,1.01487,1.50,1.50
2011.11.23 10:14:26.623,1.01471,1.01487,1.50,3.60
2011.11.23 10:14:26.751,1.01466,1.01484,1.50,2.10
2011.11.23 10:14:27.893,1.01466,1.01483,1.50,2.10
2011.11.23 10:14:28.013,1.01463,1.01481,1.50,2.10
2011.11.23 10:14:28.944,1.01463,1.01481,1.50,1.50
2011.11.23 10:14:29.072,1.0147,1.01479,1.50,1.50
2011.11.23 10:14:29.195,1.01463,1.01479,1.50,1.50
2011.11.23 10:14:29.318,1.01477,1.01491,1.50,1.16
2011.11.23 10:14:29.439,1.01477,1.01495,1.50,1.50
2011.11.23 10:14:29.565,1.01474,1.01492,1.50,1.50
2011.11.23 10:14:29.899,1.01473,1.01489,3.00,1.50
2011.11.23 10:14:30.799,1.01471,1.01489,3.00,1.50
2011.11.23 10:14:31.052,1.0147,1.01483,1.50,1.50
2011.11.23 10:14:31.171,1.01467,1.01483,1.50,1.50
2011.11.23 10:14:31.512,1.01455,1.01473,2.15,1.50
2011.11.23 10:14:31.633,1.01455,1.01473,1.50,1.50
2011.11.23 10:14:32.640,1.0145,1.01468,1.88,1.50
2011.11.23 10:14:33.089,1.0146,1.0147,1.50,1.50
2011.11.23 10:14:33.210,1.0146,1.01478,1.50,1.50
2011.11.23 10:14:33.331,1.01456,1.01474,1.50,1.50
2011.11.23 10:14:34.565,1.01454,1.01464,2.25,1.50
2011.11.23 10:14:34.696,1.01446,1.01457,1.65,1.50
2011.11.23 10:14:34.929,1.01447,1.01465,2.40,1.50
2011.11.23 10:14:35.524,1.01451,1.01465,1.35,1.50
2011.11.23 10:14:35.751,1.01454,1.0147,1.50,1.50
2011.11.23 10:14:36.543,1.01458,1.01474,1.50,1.50
2011.11.23 10:14:36.878,1.01456,1.01472,1.50,1.50
2011.11.23 10:14:37.440,1.01456,1.01472,1.50,2.10
2011.11.23 10:14:37.563,1.01451,1.01469,1.50,1.50
2011.11.23 10:14:37.683,1.01447,1.01465,1.50,1.50
2011.11.23 10:14:38.075,1.01452,1.01466,1.50,1.50
2011.11.23 10:14:38.634,1.01455,1.01471,1.50,1.50
2011.11.23 10:14:38.752,1.01452,1.0147,1.50,1.50
2011.11.23 10:14:38.869,1.01443,1.01461,2.25,1.50
2011.11.23 10:14:38.990,1.01446,1.01464,2.25,1.50
2011.11.23 10:14:39.111,1.01443,1.01461,1.50,1.50
2011.11.23 10:14:39.561,1.01455,1.01473,1.50,1.50
2011.11.23 10:14:39.900,1.01453,1.01469,1.50,1.50
2011.11.23 10:14:40.133,1.01459,1.01477,1.50,1.50
2011.11.23 10:14:40.645,1.01451,1.0146,2.25,1.50
2011.11.23 10:14:40.761,1.01455,1.0146,1.50,1.50
2011.11.23 10:14:40.879,1.01444,1.0146,1.50,1.50
2011.11.23 10:14:41.772,1.01446,1.01464,2.25,1.50
2011.11.23 10:14:42.001,1.01449,1.01465,1.50,1.50
2011.11.23 10:14:42.706,1.01449,1.01465,2.25,1.50
2011.11.23 10:14:42.820,1.01456,1.01472,1.50,1.50
2011.11.23 10:14:43.159,1.0146,1.01478,1.50,1.50
2011.11.23 10:14:43.609,1.01459,1.01473,1.50,1.50
2011.11.23 10:14:43.732,1.01457,1.01473,1.50,1.50
2011.11.23 10:14:44.070,1.01459,1.01475,1.50,1.50
2011.11.23 10:14:45.331,1.01456,1.01474,1.50,1.50
2011.11.23 10:14:45.672,1.01459,1.01477,1.50,1.50
2011.11.23 10:14:46.011,1.01471,1.0148,1.50,1.50
2011.11.23 10:14:46.349,1.01471,1.01489,1.50,1.50
2011.11.23 10:14:46.473,1.0147,1.01482,1.50,1.50
2011.11.23 10:14:46.919,1.01466,1.01482,1.50,1.50
2011.11.23 10:14:47.045,1.01464,1.01474,1.50,1.50
2011.11.23 10:14:47.269,1.01453,1.01469,2.25,1.50
2011.11.23 10:14:47.388,1.01454,1.01472,2.25,1.50
2011.11.23 10:14:47.509,1.01458,1.01473,1.50,1.50
2011.11.23 10:14:47.628,1.01458,1.01476,1.50,1.50
2011.11.23 10:14:47.862,1.01461,1.01479,1.50,1.50
2011.11.23 10:14:48.200,1.01465,1.01481,1.50,1.50
2011.11.23 10:14:48.555,1.01451,1.01467,2.53,1.50
2011.11.23 10:14:49.133,1.01463,1.01481,1.50,2.25
2011.11.23 10:14:49.248,1.01463,1.01481,1.50,1.50
2011.11.23 10:14:49.368,1.01463,1.01481,1.50,2.10
2011.11.23 10:14:49.713,1.01459,1.01475,1.50,1.50
2011.11.23 10:14:50.280,1.01458,1.01476,1.50,1.50
2011.11.23 10:14:50.618,1.01461,1.01477,1.50,1.50
2011.11.23 10:14:51.259,1.01465,1.01477,1.50,1.50
2011.11.23 10:14:51.393,1.01461,1.01479,1.50,1.50
2011.11.23 10:14:51.515,1.01467,1.01472,1.50,1.50
2011.11.23 10:14:51.631,1.01462,1.01475,1.50,1.50
2011.11.23 10:14:51.756,1.01468,1.01486,1.50,1.65
2011.11.23 10:14:51.868,1.01468,1.01486,1.50,1.50
2011.11.23 10:14:53.510,1.01467,1.01483,1.50,1.50
2011.11.23 10:14:55.640,1.01469,1.01487,1.50,1.50
2011.11.23 10:14:56.830,1.01469,1.01487,3.60,1.50
2011.11.23 10:14:57.072,1.01485,1.01503,1.50,1.50
2011.11.23 10:14:57.191,1.01477,1.01505,1.50,1.50
2011.11.23 10:14:57.315,1.01487,1.01503,1.50,1.50
2011.11.23 10:14:57.435,1.01491,1.01509,1.50,1.50
2011.11.23 10:14:57.996,1.01495,1.01511,1.50,1.50
2011.11.23 10:14:58.114,1.01491,1.01509,1.50,1.50
2011.11.23 10:14:58.575,1.0149,1.01506,1.50,1.50
2011.11.23 10:14:58.909,1.01493,1.01509,1.50,1.50
2011.11.23 10:14:59.253,1.01496,1.01514,1.50,1.50
2011.11.23 10:14:59.371,1.01498,1.01516,1.50,3.00
2011.11.23 10:14:59.715,1.01501,1.01517,3.00,1.50
2011.11.23 10:14:59.943,1.01504,1.01522,1.50,1.50
2011.11.23 10:15:00.064,1.01503,1.01518,1.50,1.50
2011.11.23 10:15:00.672,1.01502,1.01518,1.50,1.50
2011.11.23 10:15:01.234,1.01502,1.01508,1.50,1.50
2011.11.23 10:15:01.357,1.01489,1.01505,2.15,1.50
2011.11.23 10:15:02.198,1.01496,1.01512,1.50,2.10
2011.11.23 10:15:02.316,1.01485,1.01502,1.25,1.50
2011.11.23 10:15:02.539,1.01495,1.01513,1.50,1.50
2011.11.23 10:15:03.319,1.01495,1.01513,2.15,1.50
2011.11.23 10:15:03.446,1.01506,1.01522,1.50,2.25
2011.11.23 10:15:03.563,1.01511,1.01522,1.50,1.50
2011.11.23 10:15:04.095,1.01511,1.01527,3.00,1.50
2011.11.23 10:15:04.212,1.01512,1.0153,1.50,2.25
2011.11.23 10:15:04.439,1.0151,1.01528,1.50,1.50
2011.11.23 10:15:04.669,1.01508,1.01516,1.50,1.50
2011.11.23 10:15:04.789,1.015,1.01516,1.50,1.50
2011.11.23 10:15:06.180,1.015,1.01508,1.50,2.10
2011.11.23 10:15:06.415,1.01488,1.01506,2.15,1.50
2011.11.23 10:15:06.532,1.01486,1.01495,1.50,1.50
2011.11.23 10:15:06.653,1.01485,1.01496,1.50,1.50
2011.11.23 10:15:06.774,1.01488,1.01503,1.50,1.50
2011.11.23 10:15:07.003,1.01476,1.01514,1.40,2.25
2011.11.23 10:15:07.556,1.01487,1.01505,1.50,1.50
2011.11.23 10:15:07.904,1.01475,1.0149,1.50,2.10
2011.11.23 10:15:08.587,1.01465,1.01483,1.50,1.50
2011.11.23 10:15:09.123,1.01463,1.01475,1.40,1.50
2011.11.23 10:15:09.249,1.01461,1.01477,2.25,1.50
2011.11.23 10:15:09.374,1.01463,1.01479,1.50,1.35
2011.11.23 10:15:09.710,1.01463,1.01472,1.50,1.50
2011.11.23 10:15:09.832,1.01452,1.0147,1.50,1.50
2011.11.23 10:15:09.958,1.01452,1.0147,2.90,1.50
2011.11.23 10:15:10.413,1.01466,1.01482,1.50,1.50
2011.11.23 10:15:10.561,1.0146,1.01478,1.50,1.50
2011.11.23 10:15:10.708,1.01457,1.01475,1.50,1.50
2011.11.23 10:15:11.049,1.01461,1.01479,1.50,1.50
2011.11.23 10:15:11.502,1.01461,1.01477,1.50,1.50
2011.11.23 10:15:12.034,1.01455,1.01471,1.50,1.50
2011.11.23 10:15:12.261,1.01452,1.0147,2.15,1.50
2011.11.23 10:15:12.819,1.01451,1.01469,1.95,1.50
2011.11.23 10:15:13.273,1.01449,1.01467,2.33,1.50
2011.11.23 10:15:13.745,1.01453,1.01471,1.50,1.50
2011.11.23 10:15:13.975,1.01442,1.01458,2.15,1.50
2011.11.23 10:15:14.973,1.01439,1.01461,1.88,1.50
2011.11.23 10:15:15.434,1.01445,1.01463,1.50,1.50
2011.11.23 10:15:15.658,1.01443,1.0146,1.50,1.50
2011.11.23 10:15:16.002,1.01445,1.01461,1.50,1.50
2011.11.23 10:15:16.451,1.01447,1.01463,1.50,1.50
2011.11.23 10:15:16.790,1.01449,1.01465,1.50,1.50
2011.11.23 10:15:17.254,1.01452,1.0147,1.50,2.25
2011.11.23 10:15:18.231,1.01452,1.0147,1.50,1.50
2011.11.23 10:15:18.351,1.01454,1.01471,1.50,1.50
2011.11.23 10:15:18.473,1.01451,1.01469,3.00,1.50
2011.11.23 10:15:19.890,1.01451,1.01469,1.50,2.25
2011.11.23 10:15:20.305,1.0145,1.01466,1.50,1.50
2011.11.23 10:15:20.819,1.01458,1.01466,1.50,1.50
2011.11.23 10:15:20.945,1.01458,1.01475,1.50,1.50
2011.11.23 10:15:21.282,1.01462,1.01477,1.50,1.50
2011.11.23 10:15:21.405,1.01459,1.01477,1.50,1.50
2011.11.23 10:15:21.856,1.01468,1.01484,1.50,1.50
2011.11.23 10:15:22.486,1.01462,1.01478,1.50,1.50
2011.11.23 10:15:22.606,1.01457,1.01475,1.50,1.50
2011.11.23 10:15:22.940,1.01457,1.01475,2.15,1.50
2011.11.23 10:15:23.324,1.01462,1.01478,1.50,1.50
2011.11.23 10:15:24.505,1.01462,1.01476,1.50,1.50
2011.11.23 10:15:24.623,1.01459,1.01474,1.50,1.50
2011.11.23 10:15:24.739,1.01461,1.01477,1.50,1.50
2011.11.23 10:15:24.971,1.01456,1.01472,2.15,1.50
2011.11.23 10:15:25.201,1.01456,1.01472,2.15,1.50
2011.11.23 10:15:25.323,1.01467,1.01483,1.50,2.25
2011.11.23 10:15:25.663,1.01467,1.01483,1.50,2.25
2011.11.23 10:15:25.782,1.01463,1.01481,1.50,2.25
2011.11.23 10:15:25.902,1.01461,1.01477,1.50,1.50
2011.11.23 10:15:26.374,1.01467,1.01483,1.50,1.50
2011.11.23 10:15:26.974,1.01469,1.01485,1.50,1.50
2011.11.23 10:15:27.097,1.01471,1.01489,1.50,2.25
2011.11.23 10:15:27.222,1.01477,1.01493,1.50,2.25
2011.11.23 10:15:27.563,1.01481,1.01497,1.50,2.25
2011.11.23 10:15:27.822,1.01481,1.01497,1.50,1.50
2011.11.23 10:15:28.192,1.01481,1.01497,1.50,2.25
2011.11.23 10:15:28.317,1.01468,1.01485,1.50,2.10
2011.11.23 10:15:28.443,1.01468,1.0148,1.50,1.50
2011.11.23 10:15:28.565,1.01462,1.0148,1.50,1.50
2011.11.23 10:15:28.794,1.01468,1.01484,1.50,1.50
2011.11.23 10:15:29.022,1.01474,1.01492,1.50,1.50
2011.11.23 10:15:30.045,1.01473,1.01488,1.50,1.50
2011.11.23 10:15:30.165,1.0147,1.01488,1.50,1.50
2011.11.23 10:15:30.281,1.01468,1.01479,1.95,1.50
2011.11.23 10:15:31.434,1.01458,1.01476,1.50,1.50
2011.11.23 10:15:32.209,1.01471,1.01477,1.50,1.50
2011.11.23 10:15:32.332,1.01471,1.01489,1.50,2.25
2011.11.23 10:15:32.454,1.0147,1.0148,1.50,1.50
2011.11.23 10:15:32.682,1.0147,1.01482,1.50,1.50
2011.11.23 10:15:33.111,1.01458,1.01474,5.85,1.50
2011.11.23 10:15:33.239,1.0147,1.01488,1.50,1.50
2011.11.23 10:15:33.360,1.0147,1.01488,2.15,1.50
2011.11.23 10:15:33.590,1.01471,1.01487,1.50,1.50
2011.11.23 10:15:34.039,1.01473,1.01491,2.15,1.50
2011.11.23 10:15:34.163,1.01477,1.01493,1.50,1.50
2011.11.23 10:15:34.523,1.0148,1.01496,1.50,1.50
2011.11.23 10:15:35.550,1.0147,1.01486,1.50,1.50
2011.11.23 10:15:36.002,1.01472,1.01488,1.50,1.50
2011.11.23 10:15:36.342,1.0147,1.01486,1.50,1.50
2011.11.23 10:15:36.691,1.01468,1.01484,1.50,1.50
2011.11.23 10:15:37.033,1.01461,1.01477,1.50,1.50
2011.11.23 10:15:37.964,1.01465,1.01481,1.50,1.50
2011.11.23 10:15:38.525,1.01483,1.01501,1.50,2.25
2011.11.23 10:15:38.643,1.01483,1.01501,1.50,2.25
2011.11.23 10:15:38.761,1.01482,1.01496,1.50,2.25
2011.11.23 10:15:38.989,1.01477,1.0149,1.50,1.50
2011.11.23 10:15:39.109,1.01474,1.0149,1.50,1.50
2011.11.23 10:15:40.280,1.01478,1.0149,1.50,1.50
2011.11.23 10:15:40.404,1.0148,1.01498,1.50,1.50
2011.11.23 10:15:41.071,1.01479,1.01497,1.50,1.50
2011.11.23 10:15:41.673,1.01484,1.015,1.50,1.50
2011.11.23 10:15:42.013,1.01495,1.01505,1.50,1.50
2011.11.23 10:15:42.135,1.01496,1.01514,1.50,2.85
2011.11.23 10:15:42.256,1.01494,1.0151,1.50,2.25
2011.11.23 10:15:42.375,1.01489,1.01507,1.50,1.50
2011.11.23 10:15:42.819,1.01489,1.01507,1.50,2.85
2011.11.23 10:15:43.328,1.01478,1.01496,1.50,1.50
2011.11.23 10:15:43.455,1.01474,1.0149,1.50,1.50
2011.11.23 10:15:43.792,1.01476,1.01492,1.50,1.50
2011.11.23 10:15:44.131,1.01474,1.0149,1.50,1.50
2011.11.23 10:15:44.471,1.01487,1.01492,1.50,1.50
2011.11.23 10:15:44.924,1.01478,1.01496,1.50,1.50
2011.11.23 10:15:45.370,1.01471,1.01489,2.25,1.50
2011.11.23 10:15:45.720,1.0148,1.01496,1.50,1.50
2011.11.23 10:15:45.949,1.01468,1.01486,1.50,1.50
2011.11.23 10:15:46.292,1.01479,1.01497,1.50,1.50
2011.11.23 10:15:46.634,1.01484,1.015,1.50,1.50
2011.11.23 10:15:47.287,1.01494,1.01512,1.50,1.50
2011.11.23 10:15:48.971,1.01491,1.01507,1.50,1.50
2011.11.23 10:15:49.643,1.01488,1.01504,1.50,1.50
2011.11.23 10:15:50.573,1.01488,1.01503,1.50,1.50
2011.11.23 10:15:50.693,1.01483,1.01501,1.50,1.50
2011.11.23 10:15:50.813,1.01486,1.01502,1.50,1.50
2011.11.23 10:15:51.040,1.0149,1.01508,1.50,1.50
2011.11.23 10:15:52.110,1.01488,1.01501,1.50,1.50
2011.11.23 10:15:52.228,1.01485,1.01501,1.50,1.50
2011.11.23 10:15:52.460,1.01483,1.01499,1.50,1.50
2011.11.23 10:15:53.139,1.01479,1.01495,1.50,1.50
2011.11.23 10:15:54.214,1.01482,1.01498,1.50,1.50
2011.11.23 10:15:56.158,1.01487,1.01503,1.50,1.50
2011.11.23 10:15:56.279,1.01483,1.01501,1.50,1.50
2011.11.23 10:15:56.556,1.01485,1.01503,1.50,3.00
2011.11.23 10:15:57.232,1.01484,1.015,1.50,1.50
2011.11.23 10:15:57.576,1.01489,1.01505,1.50,1.50
2011.11.23 10:15:58.252,1.01492,1.0151,1.50,1.50
2011.11.23 10:15:58.483,1.0149,1.01506,1.50,1.50
2011.11.23 10:15:58.931,1.01487,1.01502,1.50,1.50
2011.11.23 10:15:59.490,1.01486,1.01502,1.50,1.50
2011.11.23 10:15:59.980,1.01483,1.01496,1.50,1.50
2011.11.23 10:16:00.102,1.01478,1.01496,1.50,1.50
2011.11.23 10:16:00.439,1.01478,1.01496,1.50,2.25
2011.11.23 10:16:00.670,1.0147,1.01488,1.50,1.50
2011.11.23 10:16:02.063,1.01468,1.01484,1.50,1.50
2011.11.23 10:16:02.408,1.01475,1.01493,1.50,1.50
2011.11.23 10:16:02.969,1.0148,1.01493,1.50,1.50
2011.11.23 10:16:03.090,1.01481,1.01499,1.50,3.00
2011.11.23 10:16:03.211,1.01479,1.01493,1.50,1.50
2011.11.23 10:16:03.331,1.01475,1.01491,1.50,3.00
2011.11.23 10:16:03.454,1.01473,1.01489,2.15,1.50
2011.11.23 10:16:04.110,1.01474,1.01492,2.15,1.50
2011.11.23 10:16:04.670,1.01473,1.0149,1.50,1.50
2011.11.23 10:16:05.230,1.01472,1.0149,1.50,1.50
2011.11.23 10:16:05.699,1.01473,1.01482,1.50,2.10
2011.11.23 10:16:06.111,1.01469,1.01482,1.50,2.10
2011.11.23 10:16:06.229,1.01451,1.01467,2.15,1.50
2011.11.23 10:16:06.700,1.01453,1.01471,1.50,1.50
2011.11.23 10:16:06.930,1.01456,1.01474,1.50,1.50
2011.11.23 10:16:07.319,1.01458,1.01476,1.50,1.50
2011.11.23 10:16:08.236,1.01456,1.01464,1.50,1.50
2011.11.23 10:16:08.359,1.01454,1.01472,2.25,1.50
2011.11.23 10:16:08.483,1.01462,1.01478,1.50,1.50
2011.11.23 10:16:09.161,1.01459,1.01477,1.50,1.50
2011.11.23 10:16:09.994,1.0146,1.01473,2.10,1.50
2011.11.23 10:16:10.119,1.01456,1.01474,2.85,1.50
2011.11.23 10:16:10.242,1.01467,1.01476,1.50,1.50
2011.11.23 10:16:10.363,1.01467,1.01485,1.50,1.50
2011.11.23 10:16:10.704,1.01456,1.01474,2.15,1.50
2011.11.23 10:16:11.260,1.01457,1.01475,2.25,1.50
2011.11.23 10:16:12.245,1.01442,1.0146,1.50,1.50
2011.11.23 10:16:12.579,1.0145,1.01462,1.50,1.50
2011.11.23 10:16:12.706,1.01453,1.01471,1.50,1.50
2011.11.23 10:16:12.836,1.01457,1.01475,1.50,1.50
2011.11.23 10:16:13.283,1.01455,1.01473,1.50,1.50
2011.11.23 10:16:14.124,1.01457,1.01475,1.50,1.50
2011.11.23 10:16:14.458,1.01446,1.01464,1.50,1.50
2011.11.23 10:16:14.798,1.01448,1.01465,1.50,1.50
2011.11.23 10:16:15.250,1.01452,1.01468,1.50,1.50
2011.11.23 10:16:15.651,1.0145,1.01462,1.50,1.50
2011.11.23 10:16:15.774,1.01444,1.01462,1.50,1.50
2011.11.23 10:16:15.891,1.01442,1.0146,3.00,1.50
2011.11.23 10:16:16.488,1.01446,1.01464,1.50,1.50
2011.11.23 10:16:16.829,1.0145,1.01468,1.50,1.50
2011.11.23 10:16:17.171,1.01461,1.01479,1.50,1.50
2011.11.23 10:16:17.513,1.01459,1.01477,3.00,1.50
2011.11.23 10:16:18.240,1.01458,1.01474,1.50,1.50
2011.11.23 10:16:18.353,1.0145,1.01468,1.50,1.50
2011.11.23 10:16:18.600,1.0145,1.01468,2.25,1.50
2011.11.23 10:16:18.829,1.01454,1.01472,1.50,1.50
2011.11.23 10:16:18.948,1.01457,1.01473,1.50,1.50
2011.11.23 10:16:19.070,1.01457,1.01475,1.50,1.50
2011.11.23 10:16:19.188,1.01457,1.01471,1.50,1.50
2011.11.23 10:16:19.310,1.01452,1.01468,2.25,1.50
2011.11.23 10:16:19.540,1.01462,1.01478,1.50,1.50
2011.11.23 10:16:19.879,1.0146,1.01477,1.50,1.50
2011.11.23 10:16:20.410,1.01459,1.01477,1.50,1.50
2011.11.23 10:16:20.528,1.01454,1.01472,1.50,1.50
2011.11.23 10:16:20.969,1.01449,1.01465,1.50,1.50
2011.11.23 10:16:21.432,1.01446,1.01464,2.25,1.50
2011.11.23 10:16:21.553,1.01446,1.01464,2.25,1.50
2011.11.23 10:16:21.783,1.01459,1.01477,1.50,1.50
2011.11.23 10:16:22.012,1.01457,1.01473,1.50,1.50
2011.11.23 10:16:22.129,1.01455,1.01473,1.50,1.50
2011.11.23 10:16:23.113,1.01452,1.0147,1.50,1.50
2011.11.23 10:16:23.448,1.01454,1.01472,1.50,3.00
2011.11.23 10:16:24.121,1.01459,1.01472,1.50,1.50
2011.11.23 10:16:24.242,1.01462,1.01477,1.50,1.50
2011.11.23 10:16:24.361,1.01458,1.01474,1.50,1.50
2011.11.23 10:16:24.479,1.01461,1.01477,1.50,1.50
2011.11.23 10:16:25.050,1.01461,1.01477,2.25,1.50
2011.11.23 10:16:25.588,1.01461,1.01477,1.50,1.50
2011.11.23 10:16:26.041,1.01467,1.01485,1.50,1.50
2011.11.23 10:16:26.158,1.01471,1.01487,1.50,1.50
2011.11.23 10:16:26.792,1.01478,1.0149,1.50,1.50
2011.11.23 10:16:27.375,1.01478,1.01494,1.50,1.50
2011.11.23 10:16:27.490,1.01476,1.01492,1.50,1.50
2011.11.23 10:16:27.608,1.01474,1.01492,1.50,1.50
2011.11.23 10:16:27.757,1.01473,1.0149,1.50,1.50
2011.11.23 10:16:28.322,1.01481,1.01491,1.50,1.50
2011.11.23 10:16:28.446,1.01481,1.01499,1.50,1.50
2011.11.23 10:16:28.791,1.01479,1.01493,1.50,1.50
2011.11.23 10:16:29.194,1.01475,1.01493,1.50,1.50
2011.11.23 10:16:29.650,1.01481,1.01495,1.50,1.50
2011.11.23 10:16:29.768,1.01481,1.01497,1.50,1.50
2011.11.23 10:16:30.000,1.01485,1.015,1.50,1.50
2011.11.23 10:16:30.121,1.01482,1.015,1.50,1.50
2011.11.23 10:16:30.240,1.01485,1.01503,1.50,1.50
2011.11.23 10:16:30.580,1.01492,1.0151,1.50,1.50
2011.11.23 10:16:33.692,1.01492,1.0151,1.50,2.25
2011.11.23 10:16:34.370,1.01485,1.01503,1.50,1.50
2011.11.23 10:16:34.492,1.01492,1.0151,1.50,1.50
2011.11.23 10:16:34.829,1.01492,1.0151,1.50,2.25
2011.11.23 10:16:35.138,1.01486,1.01504,1.50,1.50
2011.11.23 10:16:35.729,1.01472,1.0149,2.15,1.50
2011.11.23 10:16:35.848,1.01472,1.0149,1.50,1.50
2011.11.23 10:16:36.788,1.01472,1.0149,1.50,2.25
2011.11.23 10:16:37.752,1.01472,1.0149,1.50,2.25
2011.11.23 10:16:37.877,1.01464,1.01482,1.50,1.50
2011.11.23 10:16:38.462,1.01464,1.01481,1.50,1.50
2011.11.23 10:16:38.581,1.01463,1.01479,1.50,1.50
2011.11.23 10:16:38.978,1.01466,1.01484,1.50,1.50
2011.11.23 10:16:39.539,1.01466,1.01484,1.50,2.25
2011.11.23 10:16:40.093,1.01466,1.01484,1.50,1.50
2011.11.23 10:16:40.540,1.01462,1.0148,1.50,1.50
2011.11.23 10:16:40.914,1.01459,1.01477,1.50,1.50
2011.11.23 10:16:42.983,1.01457,1.01473,1.50,1.50
2011.11.23 10:16:44.364,1.01458,1.01476,1.50,1.50
2011.11.23 10:16:44.988,1.01459,1.01474,1.50,1.50
2011.11.23 10:16:45.328,1.01457,1.01475,1.50,1.50
2011.11.23 10:16:45.870,1.01461,1.01477,1.50,1.50
2011.11.23 10:16:46.340,1.01456,1.01474,1.50,1.50
2011.11.23 10:16:48.748,1.01459,1.01477,1.50,1.50
2011.11.23 10:16:49.091,1.01464,1.01482,1.50,1.50
2011.11.23 10:16:49.703,1.01468,1.01484,1.50,1.50
2011.11.23 10:16:51.012,1.01471,1.01486,1.50,1.50
2011.11.23 10:16:51.131,1.01471,1.01489,1.50,1.50
2011.11.23 10:16:51.256,1.01471,1.01483,1.50,1.50
2011.11.23 10:16:51.373,1.01465,1.01481,1.50,1.50
2011.11.23 10:16:51.857,1.01468,1.01484,1.50,1.50
2011.11.23 10:16:54.739,1.01466,1.01482,1.50,1.50
2011.11.23 10:16:55.348,1.01467,1.01485,1.50,1.50
2011.11.23 10:16:55.470,1.01465,1.01481,1.50,1.50
2011.11.23 10:16:55.810,1.01462,1.01478,1.50,1.50
2011.11.23 10:16:56.378,1.01466,1.01484,1.50,2.25
2011.11.23 10:16:56.937,1.01463,1.01479,1.50,1.50
2011.11.23 10:16:57.062,1.01465,1.01483,1.50,1.50
2011.11.23 10:16:57.182,1.01469,1.01487,1.50,2.25
2011.11.23 10:16:57.305,1.01451,1.01467,1.50,1.50
2011.11.23 10:16:57.640,1.01451,1.01467,1.50,2.10
2011.11.23 10:16:58.127,1.01434,1.0145,1.50,1.50
2011.11.23 10:16:58.249,1.01428,1.01456,2.15,1.50
2011.11.23 10:16:58.812,1.01437,1.01453,1.50,1.50
2011.11.23 10:16:59.173,1.0143,1.01446,1.50,1.50
2011.11.23 10:16:59.512,1.01439,1.01457,1.50,1.50
2011.11.23 10:16:59.922,1.01437,1.01453,1.50,1.50
2011.11.23 10:17:00.262,1.01436,1.0145,1.50,1.50
2011.11.23 10:17:00.598,1.01439,1.0145,1.50,1.35
2011.11.23 10:17:00.942,1.01439,1.01443,1.50,1.50
2011.11.23 10:17:01.061,1.01423,1.01441,1.50,1.50
2011.11.23 10:17:01.862,1.01433,1.01443,1.50,1.50
2011.11.23 10:17:01.979,1.01433,1.01451,1.50,1.50
2011.11.23 10:17:03.896,1.01439,1.01455,1.50,1.50
2011.11.23 10:17:04.016,1.01439,1.01457,1.50,1.50
2011.11.23 10:17:04.459,1.01445,1.01461,1.50,1.50
2011.11.23 10:17:07.011,1.01445,1.01459,1.50,1.50
2011.11.23 10:17:07.131,1.0144,1.01456,1.50,1.50
2011.11.23 10:17:08.467,1.0144,1.01452,1.50,1.50
2011.11.23 10:17:08.591,1.01434,1.0145,1.50,1.50
2011.11.23 10:17:09.148,1.01438,1.01454,1.50,1.50
2011.11.23 10:17:09.900,1.01435,1.01451,3.00,1.50
2011.11.23 10:17:10.024,1.01433,1.01451,1.50,1.50
2011.11.23 10:17:10.459,1.01438,1.01455,1.50,1.50
2011.11.23 10:17:10.680,1.01433,1.01451,1.50,1.50
2011.11.23 10:17:10.802,1.01437,1.01452,1.50,1.50
2011.11.23 10:17:11.166,1.01428,1.01444,1.50,1.50
2011.11.23 10:17:11.504,1.01431,1.01447,1.50,1.50
2011.11.23 10:17:12.062,1.01428,1.01446,1.50,1.50
2011.11.23 10:17:12.315,1.01428,1.01446,1.50,2.25
2011.11.23 10:17:12.737,1.01426,1.01431,1.50,1.50
2011.11.23 10:17:12.977,1.01427,1.01445,1.50,1.50
2011.11.23 10:17:13.102,1.01427,1.01445,2.10,1.50
2011.11.23 10:17:13.224,1.01432,1.01448,1.50,1.50
2011.11.23 10:17:13.922,1.01444,1.01462,1.50,1.50
2011.11.23 10:17:14.046,1.01444,1.01462,1.50,2.25
2011.11.23 10:17:14.390,1.01432,1.01448,1.50,1.50
2011.11.23 10:17:14.621,1.01432,1.01445,1.50,1.35
2011.11.23 10:17:14.739,1.0143,1.01445,1.50,1.35
2011.11.23 10:17:14.862,1.0143,1.01438,1.50,1.50
2011.11.23 10:17:14.984,1.01422,1.01437,1.50,1.50
2011.11.23 10:17:15.099,1.01423,1.01441,1.50,1.50
2011.11.23 10:17:15.812,1.01423,1.01439,1.50,1.50
2011.11.23 10:17:16.160,1.01419,1.01435,1.50,1.50
2011.11.23 10:17:16.281,1.01421,1.01438,1.50,1.50
2011.11.23 10:17:16.405,1.01424,1.01438,1.50,1.50
2011.11.23 10:17:16.522,1.01424,1.0144,1.50,1.50
2011.11.23 10:17:16.752,1.01427,1.01443,1.50,1.50
2011.11.23 10:17:17.327,1.01431,1.01443,1.50,1.50
2011.11.23 10:17:17.458,1.01432,1.0145,1.50,1.50
2011.11.23 10:17:18.025,1.01432,1.0145,1.50,2.10
2011.11.23 10:17:18.370,1.01423,1.01439,1.50,1.50
2011.11.23 10:17:19.072,1.01432,1.01448,1.50,1.50
2011.11.23 10:17:19.634,1.01435,1.0145,1.50,1.50
2011.11.23 10:17:19.970,1.01451,1.01466,1.50,1.35
2011.11.23 10:17:20.200,1.01451,1.01468,1.50,1.35
2011.11.23 10:17:20.322,1.01449,1.01464,1.50,1.50
2011.11.23 10:17:20.440,1.01438,1.0145,2.93,2.10
2011.11.23 10:17:20.898,1.01433,1.01451,1.50,1.50
2011.11.23 10:17:21.020,1.01433,1.01449,1.50,1.50
2011.11.23 10:17:21.254,1.0143,1.01448,1.50,1.50
2011.11.23 10:17:21.482,1.01421,1.01439,2.15,1.50
2011.11.23 10:17:21.825,1.01424,1.0144,1.50,1.50
2011.11.23 10:17:22.474,1.01412,1.0143,3.60,1.50
2011.11.23 10:17:22.712,1.01426,1.01442,1.50,1.50
2011.11.23 10:17:22.833,1.01424,1.0144,1.50,1.50
2011.11.23 10:17:23.086,1.01422,1.0144,1.50,1.50
2011.11.23 10:17:23.311,1.01425,1.01441,1.50,1.50
2011.11.23 10:17:23.804,1.01418,1.01434,1.50,1.50
2011.11.23 10:17:24.441,1.01428,1.01446,1.50,1.50
2011.11.23 10:17:24.571,1.01424,1.01442,1.50,1.50
2011.11.23 10:17:25.022,1.01427,1.01443,1.50,1.50
2011.11.23 10:17:25.141,1.01427,1.01445,1.50,1.50
2011.11.23 10:17:25.261,1.01418,1.01434,1.50,1.50
2011.11.23 10:17:25.605,1.01416,1.01432,1.50,1.50
2011.11.23 10:17:25.731,1.01417,1.01435,1.50,1.50
2011.11.23 10:17:25.961,1.01415,1.01433,1.50,1.50
2011.11.23 10:17:26.404,1.01424,1.01437,1.50,1.50
2011.11.23 10:17:26.632,1.01424,1.0144,1.50,3.00
2011.11.23 10:17:26.861,1.01422,1.01438,1.50,1.50
2011.11.23 10:17:26.982,1.01423,1.01441,1.50,3.00
2011.11.23 10:17:27.432,1.01422,1.01438,1.50,1.50
2011.11.23 10:17:28.324,1.01417,1.01433,1.50,1.50
2011.11.23 10:17:28.666,1.01414,1.0143,1.50,1.50
2011.11.23 10:17:29.013,1.01412,1.0143,1.50,1.50
2011.11.23 10:17:29.802,1.01411,1.01422,1.40,1.50
2011.11.23 10:17:29.919,1.01421,1.01436,1.50,1.50
2011.11.23 10:17:30.052,1.01421,1.01439,1.50,1.50
2011.11.23 10:17:30.943,1.01425,1.01439,1.50,1.50
2011.11.23 10:17:31.403,1.01428,1.01444,1.50,2.25
2011.11.23 10:17:31.525,1.01422,1.0144,2.18,2.25
2011.11.23 10:17:31.754,1.01422,1.0144,2.18,1.50
2011.11.23 10:17:32.113,1.01426,1.01442,1.50,3.00
2011.11.23 10:17:32.449,1.01425,1.01441,1.50,2.25
2011.11.23 10:17:32.573,1.01423,1.01441,2.15,1.50
2011.11.23 10:17:32.690,1.01423,1.01441,1.50,2.25
2011.11.23 10:17:33.131,1.01423,1.01441,1.50,2.25
2011.11.23 10:17:33.252,1.01416,1.01428,1.25,2.25
2011.11.23 10:17:33.594,1.01414,1.01432,1.50,1.50
2011.11.23 10:17:34.213,1.01413,1.01429,1.50,1.50
2011.11.23 10:17:34.332,1.01417,1.01435,1.50,1.50
2011.11.23 10:17:34.454,1.01416,1.01431,1.50,1.50
2011.11.23 10:17:35.024,1.01422,1.0144,1.50,1.50
2011.11.23 10:17:35.688,1.01425,1.01441,1.50,3.00
2011.11.23 10:17:35.809,1.01422,1.0144,1.50,1.50
2011.11.23 10:17:36.688,1.01424,1.01442,1.50,3.00
2011.11.23 10:17:37.033,1.01423,1.01439,1.50,1.50
2011.11.23 10:17:37.372,1.01425,1.01441,1.50,1.50
2011.11.23 10:17:37.711,1.01422,1.0144,1.50,1.50
2011.11.23 10:17:37.828,1.01424,1.01442,1.50,1.50
2011.11.23 10:17:38.177,1.01423,1.01439,1.50,1.50
2011.11.23 10:17:38.301,1.01424,1.01442,1.50,3.00
2011.11.23 10:17:38.751,1.01421,1.01434,3.00,1.35
2011.11.23 10:17:38.876,1.01413,1.01431,1.50,1.50
2011.11.23 10:17:38.990,1.01418,1.01433,1.50,1.50
2011.11.23 10:17:39.330,1.0142,1.01434,1.10,1.50
2011.11.23 10:17:39.561,1.01418,1.01434,2.60,1.50
2011.11.23 10:17:39.793,1.01423,1.01441,1.50,1.50
2011.11.23 10:17:40.033,1.01418,1.01434,2.15,1.50
2011.11.23 10:17:40.558,1.0142,1.01436,1.50,1.50
2011.11.23 10:17:40.925,1.01398,1.01414,1.50,1.50
2011.11.23 10:17:41.260,1.01408,1.01414,1.25,1.50
2011.11.23 10:17:41.383,1.01408,1.01425,1.25,1.50
2011.11.23 10:17:41.501,1.01422,1.0144,1.50,2.25
2011.11.23 10:17:42.360,1.01422,1.01438,1.50,1.50
2011.11.23 10:17:42.705,1.01418,1.01436,1.50,2.85
2011.11.23 10:17:43.042,1.01413,1.01431,1.50,1.50
2011.11.23 10:17:45.952,1.01412,1.01428,3.00,1.50
2011.11.23 10:17:46.451,1.01412,1.01422,1.50,1.50
2011.11.23 10:17:46.579,1.01406,1.01422,2.25,1.50
2011.11.23 10:17:46.870,1.0141,1.01428,1.50,1.50
2011.11.23 10:17:48.532,1.01416,1.01434,1.50,1.50
2011.11.23 10:17:49.756,1.01417,1.0143,1.50,1.35
2011.11.23 10:17:49.985,1.01415,1.01423,1.50,2.85
2011.11.23 10:17:50.566,1.01414,1.0143,1.50,1.50
2011.11.23 10:17:50.683,1.01421,1.01439,1.50,2.85
2011.11.23 10:17:51.133,1.01419,1.01435,1.50,1.50
2011.11.23 10:17:51.690,1.01422,1.01438,1.50,1.50
2011.11.23 10:17:53.401,1.01419,1.01435,1.50,1.50
2011.11.23 10:17:53.853,1.01415,1.01431,1.50,1.50
2011.11.23 10:17:54.558,1.01419,1.01435,1.50,1.50
2011.11.23 10:17:55.162,1.01421,1.01437,1.50,1.50
2011.11.23 10:17:55.719,1.01422,1.01438,1.50,1.50
2011.11.23 10:17:56.081,1.01419,1.01435,1.50,1.50
2011.11.23 10:17:56.753,1.01421,1.01437,1.50,1.50
2011.11.23 10:17:57.335,1.01424,1.0144,1.50,1.50
2011.11.23 10:17:57.862,1.0143,1.01443,1.50,1.50
2011.11.23 10:17:58.093,1.01427,1.01443,1.50,1.50
2011.11.23 10:17:58.212,1.01423,1.01441,2.15,1.50
2011.11.23 10:17:58.444,1.01417,1.01445,2.90,1.50
2011.11.23 10:17:58.878,1.01419,1.01448,1.25,1.50
2011.11.23 10:17:58.999,1.01422,1.01458,1.35,1.50
2011.11.23 10:17:59.123,1.01421,1.01459,1.35,2.25
2011.11.23 10:17:59.242,1.01422,1.01459,1.35,2.25
2011.11.23 10:17:59.361,1.01423,1.01458,1.25,1.05
2011.11.23 10:17:59.701,1.01427,1.01445,2.25,1.50
2011.11.23 10:18:00.045,1.01434,1.01452,1.50,1.50
2011.11.23 10:18:01.005,1.01432,1.0145,3.00,1.50
2011.11.23 10:18:01.343,1.01435,1.01451,1.50,1.50
2011.11.23 10:18:01.793,1.01431,1.01449,1.50,1.50
2011.11.23 10:18:02.245,1.01438,1.0145,1.50,1.50
2011.11.23 10:18:02.366,1.01442,1.01458,1.50,1.50
2011.11.23 10:18:04.164,1.01442,1.01458,2.25,1.50
2011.11.23 10:18:04.351,1.01442,1.01458,1.50,1.50
2011.11.23 10:18:04.763,1.01447,1.01461,1.50,1.50
2011.11.23 10:18:05.101,1.01448,1.01464,1.50,1.50
2011.11.23 10:18:05.225,1.01445,1.0146,1.50,1.50
2011.11.23 10:18:05.781,1.01444,1.0146,1.50,1.50
2011.11.23 10:18:06.766,1.01441,1.01457,1.50,1.50
2011.11.23 10:18:08.847,1.01438,1.01456,1.50,1.50
2011.11.23 10:18:09.073,1.0144,1.01458,1.50,1.50
2011.11.23 10:18:10.497,1.01449,1.01465,1.50,1.50
2011.11.23 10:18:11.053,1.01447,1.01455,1.50,1.50
2011.11.23 10:18:11.176,1.01441,1.01459,1.50,1.50
2011.11.23 10:18:12.064,1.0144,1.01458,1.50,1.50
2011.11.23 10:18:12.594,1.0144,1.01458,2.25,1.50
2011.11.23 10:18:13.075,1.01439,1.01455,1.50,1.50
2011.11.23 10:18:13.417,1.01436,1.01452,1.88,1.50
2011.11.23 10:18:13.984,1.01436,1.01452,1.88,1.50
2011.11.23 10:18:14.549,1.01436,1.01452,1.88,1.50
2011.11.23 10:18:14.786,1.01441,1.01457,1.50,1.50
2011.11.23 10:18:15.304,1.01443,1.01457,1.50,1.50
2011.11.23 10:18:15.644,1.01428,1.01445,1.80,2.10
2011.11.23 10:18:15.984,1.01431,1.01445,1.50,2.10
2011.11.23 10:18:16.100,1.01431,1.01447,1.50,1.50
2011.11.23 10:18:16.221,1.01433,1.01451,1.50,1.50
2011.11.23 10:18:16.670,1.01436,1.01453,1.50,1.50
2011.11.23 10:18:17.219,1.01436,1.01454,1.50,1.50
2011.11.23 10:18:18.665,1.01435,1.0145,1.50,1.50
2011.11.23 10:18:19.353,1.0143,1.01446,2.15,1.50
2011.11.23 10:18:19.916,1.01438,1.01448,1.50,1.50
2011.11.23 10:18:20.036,1.01441,1.01457,1.50,3.00
2011.11.23 10:18:20.266,1.01441,1.01455,1.50,1.50
2011.11.23 10:18:20.385,1.01432,1.01448,1.50,1.50
2011.11.23 10:18:21.086,1.01437,1.01453,1.50,1.50
2011.11.23 10:18:23.945,1.01442,1.01456,1.50,1.50
2011.11.23 10:18:24.059,1.01442,1.01458,1.50,1.50
2011.11.23 10:18:24.185,1.0144,1.01456,2.10,1.50
2011.11.23 10:18:24.303,1.01451,1.01467,1.50,1.80
2011.11.23 10:18:24.749,1.01445,1.01459,1.50,1.50
2011.11.23 10:18:25.186,1.01443,1.01459,1.50,1.50
2011.11.23 10:18:27.193,1.01444,1.01462,1.50,3.00
2011.11.23 10:18:27.985,1.01445,1.01463,1.50,1.50
2011.11.23 10:18:28.256,1.01451,1.01469,1.50,1.50
2011.11.23 10:18:28.744,1.0145,1.01458,1.50,1.50
2011.11.23 10:18:28.863,1.01442,1.01458,1.50,1.50
2011.11.23 10:18:29.568,1.01437,1.01453,2.15,1.50
2011.11.23 10:18:29.901,1.01437,1.01453,2.75,1.50
2011.11.23 10:18:30.025,1.0145,1.01468,1.50,1.50
2011.11.23 10:18:30.254,1.01454,1.01469,1.50,1.50
2011.11.23 10:18:30.482,1.0145,1.01468,1.50,1.50
2011.11.23 10:18:30.713,1.01452,1.01468,1.50,1.50
2011.11.23 10:18:30.834,1.0145,1.01468,1.50,1.50
2011.11.23 10:18:31.306,1.01448,1.01464,1.50,1.50
2011.11.23 10:18:31.642,1.01444,1.0146,1.50,1.50
2011.11.23 10:18:31.874,1.01446,1.01464,1.50,1.50
2011.11.23 10:18:31.992,1.0145,1.01466,1.50,1.50
2011.11.23 10:18:32.112,1.01451,1.01469,1.50,1.50
2011.11.23 10:18:32.563,1.01454,1.01472,1.50,1.50
2011.11.23 10:18:33.011,1.0145,1.01468,1.50,1.50
2011.11.23 10:18:33.478,1.01455,1.01471,1.50,1.50
2011.11.23 10:18:33.940,1.0145,1.01466,1.50,1.50
2011.11.23 10:18:34.062,1.01451,1.01468,1.50,1.50
2011.11.23 10:18:34.518,1.01443,1.01459,1.50,1.50
2011.11.23 10:18:34.643,1.01447,1.01465,1.50,1.50
2011.11.23 10:18:34.763,1.01443,1.01461,1.50,1.50
2011.11.23 10:18:35.101,1.01442,1.01456,1.50,1.50
2011.11.23 10:18:35.510,1.0144,1.01456,1.50,1.50
2011.11.23 10:18:38.670,1.01445,1.01461,1.50,1.50
2011.11.23 10:18:41.785,1.01448,1.01464,1.50,1.50
2011.11.23 10:18:42.122,1.01445,1.01457,1.50,1.50
2011.11.23 10:18:42.354,1.01438,1.01452,1.50,1.50
2011.11.23 10:18:42.475,1.01433,1.01449,1.50,1.50
2011.11.23 10:18:42.810,1.01436,1.01452,1.50,1.50
2011.11.23 10:18:42.930,1.01436,1.01454,1.50,1.50
2011.11.23 10:18:44.006,1.01436,1.01451,1.50,1.50
2011.11.23 10:18:44.229,1.01432,1.01448,1.50,1.50
2011.11.23 10:18:44.719,1.01436,1.01454,1.50,1.50
2011.11.23 10:18:45.833,1.01441,1.01457,1.50,1.50
2011.11.23 10:18:46.590,1.01439,1.01455,1.50,1.50
2011.11.23 10:18:47.814,1.01432,1.01448,1.50,1.50
2011.11.23 10:18:48.343,1.01439,1.01455,1.50,1.50
2011.11.23 10:18:49.152,1.01439,1.01454,1.50,2.10
2011.11.23 10:18:49.271,1.01436,1.01452,1.50,1.50
2011.11.23 10:18:49.395,1.01437,1.01452,1.50,2.10
2011.11.23 10:18:49.734,1.01424,1.01439,1.50,1.50
2011.11.23 10:18:49.855,1.01426,1.01442,1.50,1.50
2011.11.23 10:18:50.279,1.01426,1.01442,1.50,3.60
2011.11.23 10:18:50.369,1.01424,1.01438,1.50,1.50
2011.11.23 10:18:50.603,1.01422,1.01438,1.50,1.50
2011.11.23 10:18:50.725,1.01424,1.0144,1.50,3.00
2011.11.23 10:18:50.952,1.01421,1.01439,1.50,1.50
2011.11.23 10:18:51.291,1.01423,1.01439,1.50,1.50
2011.11.23 10:18:51.632,1.01425,1.01441,2.10,1.50
2011.11.23 10:18:52.108,1.01413,1.01431,2.25,2.10
2011.11.23 10:18:52.231,1.0141,1.01426,1.50,2.10
2011.11.23 10:18:52.573,1.01402,1.01425,1.50,1.50
2011.11.23 10:18:52.695,1.01417,1.01433,1.50,1.35
2011.11.23 10:18:52.812,1.01402,1.01418,1.50,1.50
2011.11.23 10:18:52.932,1.01408,1.01426,1.50,1.50
2011.11.23 10:18:53.054,1.01408,1.0142,1.50,1.50
2011.11.23 10:18:53.173,1.0141,1.01428,1.50,1.50
2011.11.23 10:18:53.511,1.01415,1.01429,1.50,1.50
2011.11.23 10:18:54.037,1.01407,1.01423,1.50,1.50
2011.11.23 10:18:54.261,1.01401,1.01419,1.50,1.50
2011.11.23 10:18:55.856,1.01401,1.01419,2.25,1.50
2011.11.23 10:18:56.496,1.01401,1.01419,1.50,1.50
2011.11.23 10:18:56.615,1.01406,1.01424,1.50,1.50
2011.11.23 10:18:56.951,1.0141,1.01426,1.50,1.50
2011.11.23 10:18:57.074,1.01406,1.01424,1.50,1.50
2011.11.23 10:18:57.411,1.01405,1.01422,1.50,1.50
2011.11.23 10:18:57.753,1.01408,1.01423,1.50,1.50
2011.11.23 10:18:57.874,1.0141,1.01426,1.50,1.50
2011.11.23 10:18:58.758,1.01412,1.0143,1.50,1.50
2011.11.23 10:18:59.522,1.01418,1.01434,1.50,1.50
2011.11.23 10:18:59.865,1.01427,1.01445,1.50,2.25
2011.11.23 10:19:00.093,1.01425,1.01443,1.50,1.50
2011.11.23 10:19:00.216,1.01425,1.01439,1.50,1.50
2011.11.23 10:19:00.334,1.0142,1.01438,1.50,3.00
2011.11.23 10:19:00.799,1.01424,1.01446,1.50,1.50
2011.11.23 10:19:00.918,1.01426,1.01443,1.50,1.50
2011.11.23 10:19:01.049,1.01424,1.01442,1.50,1.50
2011.11.23 10:19:01.286,1.01423,1.01431,1.50,1.50
2011.11.23 10:19:01.516,1.01419,1.01434,1.50,1.50
2011.11.23 10:19:01.635,1.01424,1.01434,1.50,1.50
2011.11.23 10:19:01.927,1.01425,1.01441,1.50,1.50
2011.11.23 10:19:02.048,1.01425,1.01441,1.50,2.10
2011.11.23 10:19:02.529,1.01425,1.01441,1.50,2.25
2011.11.23 10:19:02.649,1.01411,1.01427,1.50,1.50
2011.11.23 10:19:03.213,1.01417,1.01433,1.50,1.50
2011.11.23 10:19:03.772,1.01419,1.01437,1.50,1.50
2011.11.23 10:19:04.551,1.01424,1.0144,1.50,1.50
2011.11.23 10:19:04.991,1.01431,1.01443,1.50,1.50
2011.11.23 10:19:05.114,1.01431,1.01447,1.50,1.50
2011.11.23 10:19:05.234,1.01431,1.01447,1.50,2.25
2011.11.23 10:19:05.350,1.01419,1.01437,1.50,1.50
2011.11.23 10:19:05.473,1.01422,1.0144,1.50,1.50
2011.11.23 10:19:05.813,1.01426,1.01442,1.50,1.50
2011.11.23 10:19:06.151,1.01422,1.0144,1.50,1.50
2011.11.23 10:19:06.274,1.01422,1.0144,1.50,2.25
2011.11.23 10:19:06.705,1.01415,1.01433,2.10,1.50
2011.11.23 10:19:06.827,1.01423,1.01441,1.50,2.85
2011.11.23 10:19:06.941,1.01423,1.01441,1.50,2.10
2011.11.23 10:19:07.065,1.01416,1.01432,1.50,1.50
2011.11.23 10:19:07.293,1.01412,1.0143,1.50,1.50
2011.11.23 10:19:07.554,1.01414,1.0143,1.50,1.50
2011.11.23 10:19:07.783,1.01414,1.01432,1.50,1.50
2011.11.23 10:19:07.902,1.01418,1.01434,1.50,1.50
2011.11.23 10:19:08.020,1.01414,1.01432,1.50,1.50
2011.11.23 10:19:08.251,1.01419,1.01435,1.50,1.50
2011.11.23 10:19:08.854,1.01419,1.01426,1.50,1.50
2011.11.23 10:19:08.977,1.01408,1.01424,1.50,1.50
2011.11.23 10:19:09.313,1.01409,1.01424,1.25,1.50
2011.11.23 10:19:09.435,1.01411,1.01429,1.50,1.50
2011.11.23 10:19:09.552,1.01423,1.01439,1.50,1.50
2011.11.23 10:19:09.898,1.01417,1.01433,1.50,1.50
2011.11.23 10:19:11.372,1.01421,1.01433,1.50,1.50
2011.11.23 10:19:11.494,1.01424,1.0144,1.50,1.50
2011.11.23 10:19:12.164,1.01425,1.0144,1.50,1.50
2011.11.23 10:19:12.282,1.01426,1.01444,1.50,1.50
2011.11.23 10:19:13.329,1.01431,1.01443,1.50,1.50
2011.11.23 10:19:13.565,1.01431,1.01449,1.50,2.25
2011.11.23 10:19:13.685,1.0142,1.01438,1.50,1.50
2011.11.23 10:19:13.803,1.01431,1.01449,1.50,2.25
2011.11.23 10:19:14.033,1.01427,1.01445,1.50,1.50
2011.11.23 10:19:14.152,1.01426,1.01442,1.50,1.50
2011.11.23 10:19:14.684,1.01426,1.0144,1.50,1.50
2011.11.23 10:19:14.801,1.01421,1.01437,1.50,1.50
2011.11.23 10:19:15.811,1.01424,1.01442,1.50,1.50
2011.11.23 10:19:16.150,1.01424,1.01442,1.50,2.25
2011.11.23 10:19:16.493,1.0141,1.01428,1.50,1.50
2011.11.23 10:19:16.834,1.01413,1.01431,1.50,1.50
2011.11.23 10:19:17.170,1.01417,1.01433,1.50,1.50
2011.11.23 10:19:18.077,1.01421,1.01436,1.50,1.50
2011.11.23 10:19:18.411,1.01421,1.01437,2.10,1.50
2011.11.23 10:19:18.646,1.01425,1.01441,1.50,1.50
2011.11.23 10:19:18.888,1.01434,1.01451,1.50,1.50
2011.11.23 10:19:19.015,1.01437,1.01453,1.50,1.50
2011.11.23 10:19:19.681,1.01423,1.01439,1.50,1.50
2011.11.23 10:19:19.809,1.01434,1.01452,1.50,1.50
2011.11.23 10:19:19.933,1.01437,1.01455,1.50,2.25
2011.11.23 10:19:20.053,1.01432,1.0145,1.50,1.50
2011.11.23 10:19:20.503,1.01432,1.01448,1.50,1.50
2011.11.23 10:19:20.954,1.01426,1.01444,1.50,1.50
2011.11.23 10:19:21.815,1.01421,1.01437,1.50,1.50
2011.11.23 10:19:22.043,1.01427,1.01445,1.50,1.50
2011.11.23 10:19:22.273,1.01424,1.01442,1.50,1.50
2011.11.23 10:19:22.833,1.0142,1.01436,1.50,1.50
2011.11.23 10:19:23.171,1.01422,1.0144,1.50,1.50
2011.11.23 10:19:23.752,1.01423,1.0144,1.50,1.50
2011.11.23 10:19:23.870,1.01428,1.01446,1.50,1.50
2011.11.23 10:19:24.211,1.01432,1.01448,1.50,1.50
2011.11.23 10:19:24.552,1.01431,1.01441,1.50,1.50
2011.11.23 10:19:24.675,1.01423,1.01441,1.50,1.50
2011.11.23 10:19:24.794,1.01424,1.01438,1.50,1.50
2011.11.23 10:19:24.913,1.01427,1.01443,1.50,1.50
2011.11.23 10:19:25.030,1.0143,1.01446,3.00,1.50
2011.11.23 10:19:25.371,1.01435,1.01451,1.50,1.50
2011.11.23 10:19:26.231,1.01435,1.01451,1.50,3.60
2011.11.23 10:19:26.572,1.01422,1.0144,3.00,1.50
2011.11.23 10:19:26.690,1.01425,1.01441,2.25,1.50
2011.11.23 10:19:27.032,1.01431,1.01447,1.50,1.50
2011.11.23 10:19:28.180,1.01429,1.01445,1.50,1.50
2011.11.23 10:19:28.608,1.01424,1.0144,1.50,1.50
2011.11.23 10:19:28.950,1.01421,1.01437,1.50,1.50
2011.11.23 10:19:29.540,1.01421,1.01435,1.50,1.50
2011.11.23 10:19:29.660,1.01422,1.0144,1.50,1.50
2011.11.23 10:19:30.003,1.01425,1.0144,1.50,1.50
2011.11.23 10:19:30.125,1.01421,1.01439,1.50,1.50
2011.11.23 10:19:30.995,1.01423,1.01439,1.50,1.50
2011.11.23 10:19:31.335,1.01414,1.0143,1.50,1.50
2011.11.23 10:19:31.784,1.01406,1.01424,1.50,1.50
2011.11.23 10:19:32.341,1.01407,1.01423,1.50,1.50
2011.11.23 10:19:32.914,1.01412,1.01428,1.50,1.50
2011.11.23 10:19:33.265,1.0141,1.01428,3.00,1.50
2011.11.23 10:19:33.717,1.01408,1.01426,3.00,1.50
2011.11.23 10:19:34.626,1.014,1.01418,1.50,1.50
2011.11.23 10:19:34.959,1.01407,1.01423,1.50,1.50
2011.11.23 10:19:35.306,1.01412,1.01428,1.50,1.50
2011.11.23 10:19:35.536,1.014,1.01418,1.50,1.50
2011.11.23 10:19:35.654,1.014,1.01418,2.10,1.50
2011.11.23 10:19:35.893,1.01405,1.01421,1.50,1.50
2011.11.23 10:19:36.017,1.01412,1.0143,1.50,1.50
2011.11.23 10:19:36.528,1.0142,1.01438,1.50,1.50
2011.11.23 10:19:37.472,1.01425,1.01443,1.50,2.25
2011.11.23 10:19:38.053,1.01423,1.01439,1.50,1.50
2011.11.23 10:19:39.234,1.01423,1.01437,1.50,1.50
2011.11.23 10:19:39.352,1.01421,1.01437,1.50,1.50
2011.11.23 10:19:39.582,1.01424,1.0144,1.50,1.50
2011.11.23 10:19:39.704,1.01421,1.01439,1.50,1.50
2011.11.23 10:19:39.933,1.01429,1.01447,1.50,1.50
2011.11.23 10:19:41.172,1.01427,1.01434,1.50,1.50
2011.11.23 10:19:41.293,1.01422,1.01434,1.50,1.50
2011.11.23 10:19:41.410,1.01424,1.01442,1.50,1.50
2011.11.23 10:19:42.912,1.01427,1.01442,1.50,1.50
2011.11.23 10:19:43.024,1.01429,1.01445,1.50,1.50
2011.11.23 10:19:43.593,1.01426,1.01442,1.50,1.50
2011.11.23 10:19:43.709,1.01424,1.01442,1.50,1.50
2011.11.23 10:19:44.057,1.01423,1.01439,1.50,1.50
2011.11.23 10:19:44.393,1.01425,1.01443,1.50,1.50
2011.11.23 10:19:44.731,1.01421,1.01439,1.50,1.50
2011.11.23 10:19:45.532,1.01424,1.0144,1.50,1.50
2011.11.23 10:19:45.872,1.01428,1.01444,1.50,1.50
2011.11.23 10:19:46.215,1.01439,1.01457,1.50,2.25
2011.11.23 10:19:46.442,1.01434,1.01452,1.50,1.50
2011.11.23 10:19:47.453,1.01433,1.01449,1.50,1.50
2011.11.23 10:19:47.791,1.0143,1.01442,1.50,1.50
2011.11.23 10:19:47.911,1.01426,1.01442,1.50,1.50
2011.11.23 10:19:48.530,1.01432,1.01444,1.50,1.50
2011.11.23 10:19:48.649,1.01432,1.01448,1.50,1.50
2011.11.23 10:19:50.343,1.01432,1.01448,2.10,1.50
2011.11.23 10:19:50.807,1.01439,1.01455,1.50,1.50
2011.11.23 10:19:51.033,1.01435,1.01453,1.50,1.50
2011.11.23 10:19:51.715,1.01438,1.01454,1.50,1.50
2011.11.23 10:19:52.212,1.01436,1.01452,3.00,1.50
2011.11.23 10:19:52.995,1.01434,1.01447,1.50,1.50
2011.11.23 10:19:53.334,1.01429,1.01447,1.50,1.50
2011.11.23 10:19:53.790,1.01432,1.01448,1.50,1.50
2011.11.23 10:19:54.356,1.01434,1.01452,1.50,1.50
2011.11.23 10:19:54.476,1.0143,1.01448,1.50,1.50
2011.11.23 10:19:54.816,1.01436,1.01454,1.50,1.50
2011.11.23 10:19:55.677,1.01441,1.01455,1.50,1.50
2011.11.23 10:19:55.902,1.01441,1.01459,1.50,1.50
2011.11.23 10:19:56.021,1.01438,1.01454,1.50,1.50
2011.11.23 10:19:56.584,1.01436,1.01452,1.50,1.50
2011.11.23 10:19:56.815,1.01434,1.01452,1.50,3.00
2011.11.23 10:19:57.518,1.01433,1.01445,1.50,1.50
2011.11.23 10:19:57.652,1.01419,1.01437,1.50,1.50
2011.11.23 10:19:58.001,1.01418,1.01434,1.50,1.50
2011.11.23 10:19:58.231,1.01416,1.01434,1.50,1.50
2011.11.23 10:19:58.460,1.01419,1.01434,1.50,1.50
2011.11.23 10:19:58.585,1.01421,1.01437,1.50,1.50
2011.11.23 10:19:59.976,1.01417,1.01433,1.50,1.50
2011.11.23 10:20:00.316,1.0141,1.01428,2.15,1.50
2011.11.23 10:20:00.434,1.01405,1.01423,2.60,1.50
2011.11.23 10:20:01.264,1.01408,1.01424,2.15,1.50
2011.11.23 10:20:01.714,1.01417,1.01426,1.50,1.50
2011.11.23 10:20:01.835,1.01417,1.01435,1.50,1.50
2011.11.23 10:20:02.065,1.01416,1.01433,1.50,1.50
2011.11.23 10:20:02.404,1.01422,1.01438,1.50,1.50
2011.11.23 10:20:03.134,1.0142,1.01435,1.50,1.50
2011.11.23 10:20:03.478,1.01417,1.01428,1.50,1.50
2011.11.23 10:20:03.604,1.0141,1.01425,2.15,1.50
2011.11.23 10:20:03.723,1.01412,1.01428,1.50,1.50
2011.11.23 10:20:04.284,1.01413,1.01431,1.50,1.50
2011.11.23 10:20:05.032,1.01417,1.01435,1.50,1.50
2011.11.23 10:20:05.487,1.0142,1.01438,1.50,1.50
2011.11.23 10:20:05.934,1.01419,1.01429,1.50,1.50
2011.11.23 10:20:06.057,1.01412,1.01429,2.90,1.50
2011.11.23 10:20:06.285,1.01409,1.01425,2.15,1.50
2011.11.23 10:20:06.754,1.01406,1.01422,2.15,1.50
2011.11.23 10:20:06.878,1.01406,1.01422,1.50,1.50
2011.11.23 10:20:07.102,1.01401,1.01419,1.50,1.50
2011.11.23 10:20:07.443,1.01397,1.01415,2.15,1.50
2011.11.23 10:20:07.896,1.01401,1.01417,1.50,3.00
2011.11.23 10:20:08.550,1.01404,1.0142,3.00,1.50
2011.11.23 10:20:08.901,1.01407,1.01423,1.50,1.50
2011.11.23 10:20:09.681,1.01405,1.01421,1.50,1.50
2011.11.23 10:20:09.973,1.01406,1.01424,1.50,1.50
2011.11.23 10:20:10.636,1.01404,1.01422,1.50,1.50
2011.11.23 10:20:11.193,1.01403,1.01421,1.50,1.50
2011.11.23 10:20:11.611,1.01403,1.01418,1.50,2.10
2011.11.23 10:20:11.735,1.01386,1.01402,2.45,1.50
2011.11.23 10:20:11.853,1.01386,1.01402,1.50,1.50
2011.11.23 10:20:12.279,1.01389,1.01405,1.50,1.50
2011.11.23 10:20:12.425,1.01399,1.01417,1.50,1.50
2011.11.23 10:20:12.544,1.01404,1.0142,1.50,1.50
2011.11.23 10:20:13.213,1.01402,1.01418,1.50,1.50
2011.11.23 10:20:13.598,1.01405,1.01423,1.50,3.00
2011.11.23 10:20:14.295,1.01396,1.01414,1.50,1.50
2011.11.23 10:20:14.632,1.014,1.01416,1.50,3.00
2011.11.23 10:20:15.086,1.01402,1.0142,1.50,1.50
2011.11.23 10:20:16.356,1.01402,1.01419,1.50,1.50
2011.11.23 10:20:16.472,1.014,1.01416,1.50,1.50
2011.11.23 10:20:17.215,1.01396,1.01414,1.50,1.50
2011.11.23 10:20:17.554,1.014,1.01416,1.50,1.50
2011.11.23 10:20:18.202,1.01403,1.01419,1.50,1.50
2011.11.23 10:20:18.322,1.01407,1.01425,1.50,1.50
2011.11.23 10:20:18.441,1.01406,1.01422,1.50,1.50
2011.11.23 10:20:19.111,1.01408,1.01424,1.50,1.50
2011.11.23 10:20:19.462,1.01421,1.01426,1.50,1.50
2011.11.23 10:20:19.584,1.01421,1.01437,1.50,1.50
2011.11.23 10:20:20.066,1.01405,1.0141,2.08,1.50
2011.11.23 10:20:20.196,1.01391,1.01409,2.25,1.50
2011.11.23 10:20:20.426,1.01396,1.01413,1.50,1.50
2011.11.23 10:20:20.983,1.014,1.01416,1.50,1.50
2011.11.23 10:20:21.101,1.014,1.01418,1.50,1.50
2011.11.23 10:20:21.882,1.01396,1.01412,1.50,1.50
2011.11.23 10:20:22.701,1.01398,1.01414,1.50,1.50
2011.11.23 10:20:23.055,1.01416,1.0143,1.50,1.50
2011.11.23 10:20:23.173,1.01416,1.01434,1.50,1.50
2011.11.23 10:20:23.857,1.01416,1.01434,1.50,2.25
2011.11.23 10:20:23.981,1.01413,1.01422,1.50,1.50
2011.11.23 10:20:24.105,1.01404,1.01419,1.25,1.50
2011.11.23 10:20:24.441,1.01407,1.01422,1.50,1.50
2011.11.23 10:20:24.560,1.0141,1.01422,1.50,1.50
2011.11.23 10:20:24.680,1.0141,1.01428,1.50,1.50
2011.11.23 10:20:25.261,1.01412,1.01428,2.15,1.50
2011.11.23 10:20:25.490,1.01416,1.01434,1.50,1.50
2011.11.23 10:20:25.723,1.01419,1.01434,1.50,1.50
2011.11.23 10:20:26.183,1.01426,1.01442,1.50,1.50
2011.11.23 10:20:26.912,1.01426,1.01442,1.50,2.25
2011.11.23 10:20:27.279,1.01414,1.01427,2.25,1.50
2011.11.23 10:20:27.409,1.01439,1.01457,1.50,1.50
2011.11.23 10:20:28.233,1.01437,1.01453,1.50,1.50
2011.11.23 10:20:28.366,1.01442,1.01458,1.50,2.25
2011.11.23 10:20:28.701,1.01436,1.01452,1.50,1.50
2011.11.23 10:20:29.042,1.0144,1.01458,1.50,2.25
2011.11.23 10:20:29.163,1.0144,1.01451,1.50,1.50
2011.11.23 10:20:29.283,1.0143,1.01446,2.15,1.50
2011.11.23 10:20:30.162,1.01435,1.01451,1.50,1.50
2011.11.23 10:20:30.529,1.01433,1.01446,1.50,1.50
2011.11.23 10:20:30.874,1.01419,1.01435,3.05,1.50
2011.11.23 10:20:30.994,1.01426,1.01442,1.50,1.50
2011.11.23 10:20:33.955,1.01424,1.01439,1.50,1.50
2011.11.23 10:20:34.293,1.01421,1.01439,2.15,1.50
2011.11.23 10:20:34.773,1.01423,1.01441,1.50,1.50
2011.11.23 10:20:35.511,1.01429,1.01441,1.50,1.50
2011.11.23 10:20:35.632,1.0143,1.01448,1.50,1.50
2011.11.23 10:20:35.973,1.01434,1.01452,1.50,1.50
2011.11.23 10:20:36.534,1.0144,1.01457,1.50,1.50
2011.11.23 10:20:37.479,1.01439,1.01457,1.50,1.50
2011.11.23 10:20:37.825,1.01442,1.01457,1.50,1.50
2011.11.23 10:20:37.946,1.01444,1.01462,1.50,1.50
2011.11.23 10:20:38.064,1.01449,1.01467,1.50,1.50
2011.11.23 10:20:38.487,1.01447,1.01464,1.50,1.50
2011.11.23 10:20:39.148,1.01446,1.01464,1.50,1.50
2011.11.23 10:20:39.483,1.01444,1.01454,1.50,1.50
2011.11.23 10:20:39.821,1.01436,1.01454,2.15,1.50
2011.11.23 10:20:40.053,1.01436,1.01454,1.50,1.50
2011.11.23 10:20:40.525,1.01438,1.01454,1.50,1.50
2011.11.23 10:20:41.336,1.01432,1.0145,1.50,1.50
2011.11.23 10:20:42.374,1.01435,1.01451,1.50,1.50
2011.11.23 10:20:42.711,1.01438,1.01453,1.50,1.50
2011.11.23 10:20:42.833,1.01436,1.01452,3.00,1.50
2011.11.23 10:20:43.448,1.01434,1.0145,1.50,1.50
2011.11.23 10:20:43.560,1.01432,1.0145,1.50,1.50
2011.11.23 10:20:44.913,1.01436,1.01451,1.50,1.50
2011.11.23 10:20:45.033,1.01436,1.01454,1.50,1.50
2011.11.23 10:20:47.744,1.01438,1.01454,1.50,1.50
2011.11.23 10:20:48.081,1.01451,1.01467,1.50,1.50
2011.11.23 10:20:48.200,1.01444,1.01462,1.50,1.50
2011.11.23 10:20:49.284,1.01448,1.01464,1.50,1.50
2011.11.23 10:20:49.404,1.01448,1.01466,1.50,1.50
2011.11.23 10:20:50.177,1.01454,1.0147,1.50,1.50
2011.11.23 10:20:50.516,1.01457,1.01473,1.50,1.50
2011.11.23 10:20:51.084,1.01451,1.01469,2.15,1.50
2011.11.23 10:20:51.201,1.01451,1.01469,1.50,1.50
2011.11.23 10:20:53.461,1.01441,1.01459,2.15,1.50
2011.11.23 10:20:53.580,1.01441,1.01459,1.50,1.50
2011.11.23 10:20:53.810,1.01444,1.01462,1.50,1.50
2011.11.23 10:20:54.630,1.01442,1.01458,1.50,1.50
2011.11.23 10:20:55.851,1.01436,1.01454,2.25,1.50
2011.11.23 10:20:55.972,1.01458,1.01474,1.50,1.80
2011.11.23 10:20:56.091,1.01458,1.01474,1.50,1.50
2011.11.23 10:20:57.053,1.01461,1.01476,1.50,1.50
2011.11.23 10:20:57.170,1.01461,1.01479,1.50,1.50
2011.11.23 10:20:58.124,1.01464,1.01482,1.50,1.50
2011.11.23 10:20:58.406,1.01461,1.01489,1.50,2.25
2011.11.23 10:20:58.529,1.01455,1.01495,2.40,3.60
2011.11.23 10:20:58.924,1.01456,1.01495,1.50,3.60
2011.11.23 10:20:59.262,1.01458,1.01484,2.10,1.50
2011.11.23 10:20:59.604,1.01467,1.01482,1.50,1.50
2011.11.23 10:21:00.053,1.01465,1.01478,1.50,1.50
2011.11.23 10:21:00.181,1.01459,1.01477,1.50,1.50
2011.11.23 10:21:00.413,1.01461,1.01478,1.50,1.50
2011.11.23 10:21:00.752,1.01467,1.01478,1.50,1.50
2011.11.23 10:21:00.877,1.01464,1.0148,1.50,1.50
2011.11.23 10:21:01.765,1.01467,1.01483,1.50,1.50
2011.11.23 10:21:02.912,1.01465,1.0148,1.50,1.50
2011.11.23 10:21:03.471,1.01464,1.0148,2.10,1.50
2011.11.23 10:21:03.816,1.01471,1.01487,1.50,1.50
2011.11.23 10:21:04.400,1.01474,1.0149,1.50,3.00
2011.11.23 10:21:04.743,1.01466,1.01484,2.25,1.50
2011.11.23 10:21:06.003,1.01461,1.01479,2.15,1.50
2011.11.23 10:21:06.122,1.01461,1.01479,1.50,1.50
2011.11.23 10:21:06.664,1.01467,1.01485,1.50,1.50
2011.11.23 10:21:08.123,1.01473,1.01489,1.50,1.50
2011.11.23 10:21:08.245,1.01475,1.01493,1.50,1.50
2011.11.23 10:21:08.876,1.0149,1.01508,1.50,1.50
2011.11.23 10:21:09.926,1.01484,1.01499,1.50,1.50
2011.11.23 10:21:10.484,1.01483,1.01499,1.50,1.50
2011.11.23 10:21:11.253,1.01481,1.01497,1.50,1.50
2011.11.23 10:21:11.378,1.01479,1.01497,1.50,1.50
2011.11.23 10:21:11.715,1.01477,1.01494,1.50,1.50
2011.11.23 10:21:12.269,1.01476,1.01494,1.50,1.50
2011.11.23 10:21:14.261,1.01474,1.01488,1.50,1.50
2011.11.23 10:21:14.379,1.0147,1.01488,1.50,1.50
2011.11.23 10:21:14.614,1.01475,1.01491,1.50,1.50
2011.11.23 10:21:15.181,1.01472,1.01487,1.50,1.50
2011.11.23 10:21:16.017,1.01471,1.01487,1.50,1.50
2011.11.23 10:21:16.350,1.01468,1.01484,1.50,1.50
2011.11.23 10:21:16.875,1.01466,1.01482,1.50,1.50
2011.11.23 10:21:17.325,1.01467,1.01485,1.50,1.50
2011.11.23 10:21:18.818,1.0147,1.01487,1.50,1.50
2011.11.23 10:21:19.458,1.0147,1.01488,1.50,1.50
2011.11.23 10:21:21.330,1.01472,1.01488,1.50,1.50
2011.11.23 10:21:21.670,1.01475,1.01491,1.50,1.50
2011.11.23 10:21:22.011,1.01465,1.01481,2.25,1.50
2011.11.23 10:21:22.241,1.01465,1.01481,1.50,1.50
2011.11.23 10:21:22.363,1.01468,1.01484,1.50,1.50
2011.11.23 10:21:22.921,1.0147,1.01486,1.50,1.50
2011.11.23 10:21:25.868,1.01473,1.01488,1.50,1.50
2011.11.23 10:21:26.260,1.01471,1.01486,1.50,1.50
2011.11.23 10:21:26.591,1.01473,1.01489,1.50,3.00
2011.11.23 10:21:27.155,1.01474,1.01492,1.50,1.50
2011.11.23 10:21:29.571,1.01472,1.0149,1.50,1.50
2011.11.23 10:21:31.218,1.01475,1.01491,1.50,1.50
2011.11.23 10:21:33.027,1.01469,1.01485,1.50,1.50
2011.11.23 10:21:34.045,1.01473,1.01489,1.50,1.50
2011.11.23 10:21:34.716,1.01468,1.01484,1.50,1.50
2011.11.23 10:21:36.133,1.01474,1.0149,1.50,1.50
2011.11.23 10:21:37.714,1.01472,1.01486,1.50,1.50
2011.11.23 10:21:37.832,1.0147,1.01486,1.50,1.50
2011.11.23 10:21:37.956,1.01468,1.01482,1.50,1.50
2011.11.23 10:21:38.075,1.01464,1.01482,1.50,1.50
2011.11.23 10:21:38.193,1.0147,1.01488,1.50,2.10
2011.11.23 10:21:38.534,1.01474,1.0149,1.50,1.50
2011.11.23 10:21:40.514,1.01471,1.01489,1.50,1.50
2011.11.23 10:21:40.640,1.01467,1.01485,1.50,2.10
2011.11.23 10:21:40.983,1.01463,1.0148,1.50,1.50
2011.11.23 10:21:41.497,1.01462,1.0148,1.50,1.50
2011.11.23 10:21:41.831,1.01458,1.01476,1.50,1.50
2011.11.23 10:21:42.284,1.01453,1.01469,1.50,1.50
2011.11.23 10:21:43.633,1.01454,1.01469,1.50,1.50
2011.11.23 10:21:43.757,1.01456,1.01473,1.35,1.50
2011.11.23 10:21:43.873,1.01467,1.01474,1.50,1.50
2011.11.23 10:21:44.211,1.01467,1.01483,1.50,1.50
2011.11.23 10:21:45.163,1.01466,1.01484,1.50,1.50
2011.11.23 10:21:45.605,1.01469,1.01485,1.50,3.00
2011.11.23 10:21:45.940,1.01464,1.0148,1.50,1.50
2011.11.23 10:21:46.372,1.01461,1.01477,1.50,1.50
2011.11.23 10:21:48.504,1.01466,1.01479,1.50,1.50
2011.11.23 10:21:48.842,1.01466,1.01482,1.50,1.50
2011.11.23 10:21:49.841,1.01468,1.01484,1.50,1.50
2011.11.23 10:21:54.012,1.01463,1.01481,1.50,1.50
2011.11.23 10:21:54.944,1.01468,1.01484,1.50,1.50
2011.11.23 10:21:55.640,1.0147,1.01488,1.50,1.50
2011.11.23 10:21:56.092,1.01468,1.01484,1.50,1.50
2011.11.23 10:21:57.838,1.01465,1.01481,1.50,1.50
2011.11.23 10:22:00.593,1.01462,1.01478,1.50,1.50
2011.11.23 10:22:00.931,1.01466,1.01479,1.50,1.50
2011.11.23 10:22:01.056,1.01457,1.01473,3.00,1.50
2011.11.23 10:22:01.174,1.01459,1.01475,1.50,1.50
2011.11.23 10:22:01.514,1.01454,1.01472,1.50,1.50
2011.11.23 10:22:01.632,1.01459,1.01475,1.50,1.50
2011.11.23 10:22:03.022,1.01461,1.01479,1.50,1.50
2011.11.23 10:22:03.142,1.01464,1.01479,1.50,1.50
2011.11.23 10:22:03.262,1.01466,1.01482,1.50,1.50
2011.11.23 10:22:03.709,1.01467,1.01485,1.50,1.50
2011.11.23 10:22:05.500,1.01466,1.01482,1.50,1.50
2011.11.23 10:22:07.551,1.01467,1.01485,1.50,1.50
2011.11.23 10:22:07.671,1.01464,1.01482,1.50,1.50
2011.11.23 10:22:08.083,1.01468,1.01484,1.50,1.50
2011.11.23 10:22:08.422,1.01463,1.01468,1.50,1.50
2011.11.23 10:22:08.543,1.01452,1.01468,1.50,3.00
2011.11.23 10:22:08.662,1.0145,1.01466,1.50,1.50
2011.11.23 10:22:11.005,1.01447,1.01463,2.15,1.50
2011.11.23 10:22:11.126,1.01443,1.01461,1.50,1.50
2011.11.23 10:22:11.572,1.01434,1.0145,2.15,1.50
2011.11.23 10:22:11.804,1.01437,1.01453,2.25,1.50
2011.11.23 10:22:11.921,1.01439,1.01457,2.15,1.50
2011.11.23 10:22:12.450,1.01444,1.01462,1.50,1.50
2011.11.23 10:22:12.811,1.01448,1.01464,1.50,1.50
2011.11.23 10:22:13.152,1.01446,1.01462,1.50,1.50
2011.11.23 10:22:13.381,1.01447,1.01465,1.50,1.50
2011.11.23 10:22:15.075,1.0145,1.01468,1.50,1.50
2011.11.23 10:22:15.814,1.01449,1.01465,1.50,1.50
2011.11.23 10:22:15.935,1.01447,1.01465,1.50,1.50
2011.11.23 10:22:16.491,1.01446,1.01462,1.50,1.50
2011.11.23 10:22:17.088,1.01439,1.01457,2.15,1.50
2011.11.23 10:22:17.203,1.01439,1.01457,1.50,1.50
2011.11.23 10:22:17.322,1.01438,1.01454,1.50,1.50
2011.11.23 10:22:17.440,1.01436,1.01454,1.50,1.50
2011.11.23 10:22:18.007,1.01436,1.01452,1.50,1.50
2011.11.23 10:22:18.121,1.01437,1.01455,1.50,1.50
2011.11.23 10:22:18.590,1.01435,1.01453,3.00,1.50
2011.11.23 10:22:19.284,1.01428,1.01446,2.15,1.50
2011.11.23 10:22:19.400,1.01428,1.01446,1.50,1.50
2011.11.23 10:22:20.962,1.01426,1.01442,3.00,1.50
2011.11.23 10:22:21.801,1.01429,1.01445,1.50,1.50
2011.11.23 10:22:22.552,1.01422,1.0144,1.50,1.50
2011.11.23 10:22:23.536,1.01432,1.0145,1.50,2.25
2011.11.23 10:22:24.091,1.01432,1.0145,1.50,1.50
2011.11.23 10:22:24.453,1.01424,1.0144,1.50,1.50
2011.11.23 10:22:24.570,1.01424,1.01442,1.50,1.50
2011.11.23 10:22:25.477,1.01421,1.01435,1.50,1.50
2011.11.23 10:22:25.598,1.01418,1.01436,1.50,1.50
2011.11.23 10:22:25.710,1.01418,1.01434,1.50,1.50
2011.11.23 10:22:25.831,1.01414,1.01432,1.50,1.50
2011.11.23 10:22:26.603,1.01419,1.01434,1.50,1.50
2011.11.23 10:22:26.720,1.0142,1.01438,1.50,1.50
2011.11.23 10:22:27.612,1.01418,1.01436,1.50,1.50
2011.11.23 10:22:28.130,1.01422,1.01438,1.50,1.50
2011.11.23 10:22:28.257,1.01424,1.01442,1.50,1.50
2011.11.23 10:22:28.809,1.01422,1.0144,1.50,1.50
2011.11.23 10:22:29.211,1.01419,1.01435,1.50,1.50
2011.11.23 10:22:29.931,1.01419,1.01434,1.50,1.35
2011.11.23 10:22:30.162,1.01402,1.0142,2.15,1.50
2011.11.23 10:22:30.394,1.0141,1.01425,1.50,1.50
2011.11.23 10:22:30.731,1.01413,1.01425,1.50,1.50
2011.11.23 10:22:31.183,1.01414,1.01432,1.50,1.50
2011.11.23 10:22:32.290,1.01418,1.01436,1.50,1.50
2011.11.23 10:22:32.770,1.01421,1.01439,1.50,1.50
2011.11.23 10:22:33.115,1.01417,1.01435,1.50,1.50
2011.11.23 10:22:34.090,1.01411,1.01427,1.50,3.00
2011.11.23 10:22:34.657,1.01411,1.01427,2.25,1.50
2011.11.23 10:22:35.273,1.01415,1.01431,1.50,1.50
2011.11.23 10:22:35.393,1.0142,1.01438,1.50,1.50
2011.11.23 10:22:36.181,1.01424,1.0144,1.50,1.50
2011.11.23 10:22:36.304,1.01426,1.01444,1.50,1.50
2011.11.23 10:22:36.424,1.01421,1.01439,1.50,1.50
2011.11.23 10:22:36.764,1.01414,1.0143,1.50,2.10
2011.11.23 10:22:37.105,1.01414,1.01432,1.50,1.50
2011.11.23 10:22:38.254,1.01423,1.01439,1.50,3.00
2011.11.23 10:22:38.702,1.01419,1.01435,1.50,1.50
2011.11.23 10:22:39.931,1.0142,1.01438,1.50,1.50
2011.11.23 10:22:41.076,1.01424,1.01441,1.50,1.50
2011.11.23 10:22:41.303,1.01436,1.01454,1.50,2.25
2011.11.23 10:22:41.421,1.01436,1.01451,1.50,1.50
2011.11.23 10:22:41.761,1.01431,1.01448,1.50,1.50
2011.11.23 10:22:41.992,1.01434,1.01452,1.50,1.50
2011.11.23 10:22:43.914,1.01434,1.01452,1.50,2.10
2011.11.23 10:22:44.037,1.01425,1.01443,1.50,1.50
2011.11.23 10:22:44.594,1.01423,1.01438,1.50,1.50
2011.11.23 10:22:44.821,1.0142,1.01438,1.50,1.50
2011.11.23 10:22:45.275,1.01425,1.01441,1.50,1.50
2011.11.23 10:22:45.616,1.01428,1.01444,1.50,1.50
2011.11.23 10:22:46.325,1.01426,1.01442,1.50,1.50
2011.11.23 10:22:46.662,1.01423,1.01439,1.50,1.50
2011.11.23 10:22:47.110,1.01425,1.01441,1.50,1.50
2011.11.23 10:22:47.455,1.01419,1.01437,1.50,1.50
2011.11.23 10:22:48.730,1.01422,1.01438,1.50,1.50
2011.11.23 10:22:48.856,1.01422,1.0144,1.50,1.50
2011.11.23 10:22:48.975,1.01427,1.01443,1.50,1.50
2011.11.23 10:22:52.201,1.01427,1.01443,2.10,1.50
2011.11.23 10:22:52.429,1.01437,1.01455,1.50,2.25
2011.11.23 10:22:52.664,1.01437,1.01455,1.50,1.50
2011.11.23 10:22:52.783,1.01442,1.01457,1.50,1.50
2011.11.23 10:22:52.903,1.01438,1.01454,1.50,2.25
2011.11.23 10:22:53.446,1.01431,1.01449,1.50,1.50
2011.11.23 10:22:54.139,1.01431,1.01449,1.50,2.25
2011.11.23 10:22:54.261,1.01431,1.01449,1.50,2.25
2011.11.23 10:22:54.600,1.01422,1.01439,1.25,1.50
2011.11.23 10:22:54.941,1.01429,1.01441,1.50,1.50
2011.11.23 10:22:55.062,1.01429,1.01445,1.50,1.50
2011.11.23 10:22:55.405,1.01422,1.0144,2.15,1.50
2011.11.23 10:22:55.920,1.01422,1.0144,1.50,1.50
2011.11.23 10:22:56.915,1.01422,1.0144,2.25,1.50
2011.11.23 10:22:57.036,1.01433,1.01451,1.50,1.50
2011.11.23 10:22:57.266,1.01437,1.01453,1.50,3.00
2011.11.23 10:22:58.072,1.01434,1.0145,1.50,1.50
2011.11.23 10:22:58.521,1.01436,1.01453,1.50,1.50
2011.11.23 10:22:58.640,1.01433,1.01451,2.15,1.50
2011.11.23 10:22:59.786,1.01433,1.0144,1.50,1.50
2011.11.23 10:22:59.908,1.01421,1.01439,2.25,1.50
2011.11.23 10:23:00.025,1.01425,1.01443,1.50,1.50
2011.11.23 10:23:00.621,1.01428,1.01444,1.50,1.50
2011.11.23 10:23:01.075,1.01437,1.01455,1.50,1.50
2011.11.23 10:23:01.745,1.01442,1.01458,1.50,1.50
2011.11.23 10:23:02.338,1.01446,1.01462,1.50,1.50
2011.11.23 10:23:02.695,1.01448,1.01464,1.50,2.25
2011.11.23 10:23:04.133,1.01448,1.01462,1.50,1.50
2011.11.23 10:23:04.253,1.01442,1.0146,1.50,1.50
2011.11.23 10:23:05.652,1.01447,1.01465,1.50,2.25
2011.11.23 10:23:08.052,1.01443,1.01459,1.50,1.50
2011.11.23 10:23:09.183,1.0144,1.01456,1.50,1.50
2011.11.23 10:23:09.415,1.01436,1.01454,1.50,1.50
2011.11.23 10:23:09.534,1.01433,1.01451,1.50,1.50
2011.11.23 10:23:09.873,1.01441,1.01451,1.50,1.50
2011.11.23 10:23:10.105,1.01443,1.01459,1.50,2.25
2011.11.23 10:23:10.228,1.01444,1.01462,1.50,1.50
2011.11.23 10:23:10.457,1.01443,1.01459,1.50,1.50
2011.11.23 10:23:10.994,1.01439,1.01457,1.50,1.50
2011.11.23 10:23:11.231,1.01442,1.0146,1.50,1.50
2011.11.23 10:23:11.572,1.01454,1.0147,1.50,1.50
2011.11.23 10:23:11.912,1.01451,1.01467,1.50,1.50
2011.11.23 10:23:12.144,1.01447,1.01465,1.50,1.50
2011.11.23 10:23:12.262,1.01446,1.01463,1.50,1.50
2011.11.23 10:23:13.362,1.01445,1.01463,1.50,1.50
2011.11.23 10:23:14.301,1.01449,1.01467,1.50,1.50
2011.11.23 10:23:14.641,1.01449,1.01467,1.50,2.25
2011.11.23 10:23:14.873,1.01447,1.01463,1.50,2.25
2011.11.23 10:23:16.109,1.0145,1.01468,1.50,1.50
2011.11.23 10:23:17.994,1.01454,1.0147,1.50,1.50
2011.11.23 10:23:19.804,1.01456,1.01474,1.50,1.50
2011.11.23 10:23:19.922,1.01456,1.01474,1.50,2.25
2011.11.23 10:23:20.045,1.01451,1.01467,1.50,1.50
2011.11.23 10:23:20.166,1.01451,1.01467,3.60,1.50
2011.11.23 10:23:20.623,1.0146,1.01478,1.50,1.50
2011.11.23 10:23:22.354,1.01471,1.01487,1.50,2.25
2011.11.23 10:23:22.582,1.0146,1.01478,1.80,1.50
2011.11.23 10:23:25.023,1.01464,1.0148,1.50,1.50
2011.11.23 10:23:26.286,1.01465,1.01483,1.50,2.10
2011.11.23 10:23:26.597,1.01462,1.0148,1.50,1.50
2011.11.23 10:23:26.931,1.01462,1.0148,1.50,2.25
2011.11.23 10:23:27.051,1.01462,1.0148,1.50,1.50
2011.11.23 10:23:27.281,1.01464,1.01482,1.50,1.50
2011.11.23 10:23:28.388,1.01464,1.01481,1.50,2.25
2011.11.23 10:23:28.961,1.01464,1.0148,1.50,1.50
2011.11.23 10:23:29.085,1.01464,1.01482,1.50,1.50
2011.11.23 10:23:29.530,1.01464,1.0148,1.50,1.50
2011.11.23 10:23:29.651,1.01461,1.01479,1.50,1.50
2011.11.23 10:23:32.292,1.01464,1.01482,1.50,1.50
2011.11.23 10:23:32.852,1.01465,1.01483,1.50,1.50
2011.11.23 10:23:33.190,1.01469,1.01487,1.50,2.25
2011.11.23 10:23:33.640,1.01467,1.01483,1.50,1.50
2011.11.23 10:23:33.767,1.01465,1.01483,1.50,1.50
2011.11.23 10:23:35.120,1.01473,1.01485,1.50,1.50
2011.11.23 10:23:35.245,1.01471,1.01488,1.50,1.50
2011.11.23 10:23:36.006,1.01467,1.01485,1.50,1.50
2011.11.23 10:23:37.115,1.01471,1.01487,1.50,1.50
2011.11.23 10:23:37.347,1.01476,1.01494,3.00,1.50
2011.11.23 10:23:38.042,1.01474,1.01489,1.50,1.50
2011.11.23 10:23:38.189,1.01471,1.01489,1.50,1.50
2011.11.23 10:23:38.750,1.01475,1.0149,1.50,1.50
2011.11.23 10:23:39.288,1.01475,1.01491,1.50,1.50
2011.11.23 10:23:39.674,1.01472,1.0149,3.00,1.50
2011.11.23 10:23:39.900,1.01471,1.01486,1.50,1.50
2011.11.23 10:23:40.465,1.0148,1.01496,1.50,1.50
2011.11.23 10:23:41.120,1.0148,1.01496,1.50,2.25
2011.11.23 10:23:41.470,1.0148,1.01496,1.50,1.50
2011.11.23 10:23:41.593,1.01478,1.01496,1.50,1.50
2011.11.23 10:23:41.820,1.01478,1.01492,1.50,1.50
2011.11.23 10:23:42.162,1.01484,1.01502,1.50,2.25
2011.11.23 10:23:42.810,1.01484,1.01502,1.50,2.25
2011.11.23 10:23:43.620,1.01484,1.01502,1.50,2.25
2011.11.23 10:23:44.071,1.01477,1.01493,1.50,1.50
2011.11.23 10:23:44.522,1.01481,1.01497,1.50,1.50
2011.11.23 10:23:46.034,1.01483,1.01501,1.50,2.25
2011.11.23 10:23:46.154,1.0148,1.01496,1.50,1.50
2011.11.23 10:23:46.824,1.01477,1.01493,1.50,1.50
2011.11.23 10:23:47.559,1.01472,1.01488,1.50,1.50
2011.11.23 10:23:47.682,1.01475,1.01493,1.50,1.50
2011.11.23 10:23:48.022,1.01474,1.0149,1.50,2.10
2011.11.23 10:23:48.474,1.01476,1.01492,1.50,1.50
2011.11.23 10:23:48.702,1.01473,1.01491,1.50,1.50
2011.11.23 10:23:48.932,1.01476,1.01492,1.50,3.00
2011.11.23 10:23:49.705,1.01478,1.01494,1.50,1.50
2011.11.23 10:23:49.827,1.01478,1.01496,1.50,1.50
2011.11.23 10:23:51.154,1.01474,1.01492,1.50,1.50
2011.11.23 10:23:52.674,1.01474,1.01492,1.50,2.25
2011.11.23 10:23:53.245,1.01475,1.01493,1.50,1.50
2011.11.23 10:23:53.802,1.01475,1.01491,1.50,1.50
2011.11.23 10:23:53.920,1.01472,1.0149,1.50,1.50
2011.11.23 10:23:54.482,1.01473,1.0149,1.50,1.50
2011.11.23 10:23:54.602,1.01476,1.01492,1.50,1.50
2011.11.23 10:23:54.947,1.01479,1.01495,1.50,1.50
2011.11.23 10:23:55.284,1.01472,1.01488,1.50,1.50
2011.11.23 10:23:55.862,1.01469,1.01487,1.50,1.50
2011.11.23 10:23:56.206,1.01474,1.0149,1.50,1.50
2011.11.23 10:23:56.545,1.01479,1.01495,1.50,1.50
2011.11.23 10:23:57.688,1.01474,1.01492,1.50,1.50
2011.11.23 10:23:57.912,1.01467,1.01483,1.50,1.50
2011.11.23 10:24:00.409,1.01458,1.01476,1.50,1.50
2011.11.23 10:24:03.079,1.01457,1.01477,1.50,1.50
2011.11.23 10:24:03.204,1.01457,1.01475,3.00,1.50
2011.11.23 10:24:03.540,1.01463,1.01481,1.50,1.50
2011.11.23 10:24:04.303,1.0146,1.01476,1.50,1.50
2011.11.23 10:24:04.533,1.01464,1.01482,1.50,1.50
2011.11.23 10:24:04.965,1.01459,1.01475,1.50,1.50
2011.11.23 10:24:05.090,1.01457,1.01475,1.50,1.50
2011.11.23 10:24:05.323,1.01454,1.01472,1.50,1.50
2011.11.23 10:24:05.661,1.01452,1.0147,1.50,1.50
2011.11.23 10:24:06.223,1.01455,1.01471,1.50,1.50
2011.11.23 10:24:06.773,1.01453,1.01469,1.50,1.50
2011.11.23 10:24:07.471,1.01455,1.01472,1.50,1.50
2011.11.23 10:24:08.042,1.01455,1.01473,1.50,1.50
2011.11.23 10:24:08.712,1.01454,1.0147,1.50,1.50
2011.11.23 10:24:08.833,1.01452,1.0147,1.50,1.50
2011.11.23 10:24:09.433,1.01457,1.01475,1.50,1.50
2011.11.23 10:24:10.716,1.01455,1.01473,2.10,1.50
2011.11.23 10:24:11.372,1.01467,1.01483,1.50,1.50
2011.11.23 10:24:11.713,1.01464,1.01482,1.50,1.50
2011.11.23 10:24:12.784,1.01468,1.01483,1.50,1.50
2011.11.23 10:24:12.900,1.01468,1.01486,1.50,1.50
2011.11.23 10:24:13.830,1.01475,1.01493,1.50,1.50
2011.11.23 10:24:14.182,1.01478,1.01494,1.50,1.50
2011.11.23 10:24:14.302,1.01476,1.01494,1.50,1.50
2011.11.23 10:24:14.794,1.01479,1.01492,1.50,1.50
2011.11.23 10:24:14.912,1.01479,1.01497,1.50,1.50
2011.11.23 10:24:15.033,1.01475,1.01493,1.50,1.50
2011.11.23 10:24:15.371,1.01473,1.01491,1.50,1.50
2011.11.23 10:24:15.713,1.01475,1.01493,1.50,1.50
2011.11.23 10:24:16.996,1.01475,1.01493,2.10,1.50
2011.11.23 10:24:17.226,1.01481,1.01499,1.50,1.50
2011.11.23 10:24:17.564,1.01488,1.01504,1.50,2.85
2011.11.23 10:24:18.232,1.01474,1.0149,1.50,1.50
2011.11.23 10:24:19.885,1.01475,1.01493,1.50,1.50
2011.11.23 10:24:20.002,1.01472,1.0149,1.50,1.50
2011.11.23 10:24:20.872,1.01469,1.01487,1.50,1.50
2011.11.23 10:24:21.431,1.0147,1.01486,1.50,1.50
2011.11.23 10:24:21.777,1.01479,1.01497,1.50,1.50
2011.11.23 10:24:22.003,1.01475,1.0149,1.50,1.50
2011.11.23 10:24:22.969,1.01474,1.0149,1.50,1.50
2011.11.23 10:24:24.241,1.01474,1.01488,1.50,1.50
2011.11.23 10:24:24.361,1.01469,1.01487,1.50,1.50
2011.11.23 10:24:24.484,1.01471,1.01489,1.50,1.50
2011.11.23 10:24:25.045,1.01472,1.01488,3.00,1.50
2011.11.23 10:24:25.384,1.01475,1.01484,1.50,1.50
2011.11.23 10:24:25.501,1.01465,1.01483,1.50,1.50
2011.11.23 10:24:27.481,1.01467,1.01485,1.50,1.50
2011.11.23 10:24:27.822,1.01465,1.01483,1.50,1.50
2011.11.23 10:24:29.634,1.01467,1.01483,1.50,1.50
2011.11.23 10:24:30.853,1.01471,1.01487,1.50,1.50
2011.11.23 10:24:33.707,1.01465,1.01483,1.50,1.50
2011.11.23 10:24:34.531,1.01468,1.01484,1.50,1.50
2011.11.23 10:24:38.322,1.01471,1.01489,1.50,1.50
2011.11.23 10:24:38.666,1.01481,1.01499,1.50,3.00
2011.11.23 10:24:38.783,1.01481,1.01499,1.50,2.25
2011.11.23 10:24:39.123,1.0148,1.01496,1.50,1.50
2011.11.23 10:24:39.553,1.01475,1.01491,1.50,1.50
2011.11.23 10:24:39.889,1.01485,1.01501,1.50,1.50
2011.11.23 10:24:40.356,1.01485,1.01499,1.50,2.25
2011.11.23 10:24:40.474,1.0148,1.01496,1.50,2.10
2011.11.23 10:24:40.707,1.01476,1.01494,1.50,1.50
2011.11.23 10:24:41.297,1.01473,1.01489,2.10,1.50
2011.11.23 10:24:41.534,1.01474,1.01492,1.50,1.50
2011.11.23 10:24:42.014,1.01478,1.01494,1.50,1.50
2011.11.23 10:24:42.776,1.01476,1.01491,1.50,1.50
2011.11.23 10:24:43.001,1.0148,1.01496,1.50,3.00
2011.11.23 10:24:43.406,1.01482,1.01494,1.50,2.25
2011.11.23 10:24:43.527,1.01479,1.01495,1.50,2.25
2011.11.23 10:24:43.642,1.01479,1.01495,1.50,1.50
2011.11.23 10:24:43.870,1.01476,1.01494,1.50,2.25
2011.11.23 10:24:43.990,1.01476,1.01491,1.50,3.75
2011.11.23 10:24:44.221,1.01476,1.01494,1.50,2.25
2011.11.23 10:24:44.451,1.01474,1.0149,1.50,1.50
2011.11.23 10:24:44.572,1.0147,1.01488,1.50,1.50
2011.11.23 10:24:44.692,1.01468,1.01484,1.50,1.50
2011.11.23 10:24:44.816,1.01473,1.01491,1.50,1.50
2011.11.23 10:24:45.718,1.0147,1.01488,1.50,1.50
2011.11.23 10:24:46.280,1.01469,1.01485,1.50,1.50
2011.11.23 10:24:46.402,1.01467,1.01485,1.50,1.50
2011.11.23 10:24:47.193,1.01475,1.01491,1.50,1.50
2011.11.23 10:24:51.013,1.01472,1.0149,3.65,1.50
2011.11.23 10:24:51.244,1.01479,1.01494,1.50,1.50
2011.11.23 10:24:51.802,1.01479,1.01495,1.50,1.50
2011.11.23 10:24:52.894,1.01476,1.01494,3.00,1.50
2011.11.23 10:24:53.015,1.0148,1.01495,1.50,1.50
2011.11.23 10:24:53.607,1.0148,1.01496,1.50,1.50
2011.11.23 10:24:55.585,1.01477,1.01493,1.50,1.50
2011.11.23 10:24:55.705,1.01475,1.01493,1.50,1.50
2011.11.23 10:24:56.424,1.01475,1.01491,1.50,1.50
2011.11.23 10:24:56.761,1.01462,1.01478,1.50,1.50
2011.11.23 10:24:57.543,1.0146,1.01476,1.50,1.50
2011.11.23 10:24:59.507,1.01457,1.01472,1.50,1.50
2011.11.23 10:24:59.846,1.01452,1.0147,1.50,1.50
2011.11.23 10:25:01.704,1.01463,1.01472,1.50,1.50
2011.11.23 10:25:01.825,1.01465,1.01483,1.50,2.25
2011.11.23 10:25:02.383,1.01461,1.01479,1.50,1.50
2011.11.23 10:25:03.101,1.01473,1.01489,1.50,2.25
2011.11.23 10:25:03.322,1.01467,1.01483,1.50,1.50
2011.11.23 10:25:04.837,1.01463,1.01481,1.50,1.50
2011.11.23 10:25:06.570,1.01469,1.01485,1.50,1.50
2011.11.23 10:25:07.130,1.01469,1.01485,3.60,1.50
2011.11.23 10:25:07.369,1.01473,1.01485,1.50,1.50
2011.11.23 10:25:07.855,1.01479,1.01493,1.50,1.50
2011.11.23 10:25:07.996,1.0147,1.01488,1.50,1.50
2011.11.23 10:25:09.123,1.01474,1.0149,1.50,1.50
2011.11.23 10:25:09.603,1.01476,1.01492,1.50,1.50
2011.11.23 10:25:09.726,1.01474,1.01491,1.50,1.50
2011.11.23 10:25:09.848,1.01472,1.01488,1.50,1.50
2011.11.23 10:25:10.186,1.01483,1.01496,1.50,2.25
2011.11.23 10:25:10.308,1.01478,1.01496,1.50,1.50
2011.11.23 10:25:11.526,1.01485,1.01497,1.50,1.50
2011.11.23 10:25:11.641,1.01485,1.01501,1.50,1.50
2011.11.23 10:25:12.511,1.01483,1.01498,1.50,1.50
2011.11.23 10:25:12.631,1.01479,1.01497,1.50,1.50
2011.11.23 10:25:13.112,1.01479,1.01494,1.50,2.10
2011.11.23 10:25:13.341,1.01463,1.01481,1.50,1.50
2011.11.23 10:25:13.575,1.01463,1.01479,1.50,1.50
2011.11.23 10:25:14.002,1.01467,1.01483,1.50,1.50
2011.11.23 10:25:15.205,1.0147,1.01486,1.50,1.50
2011.11.23 10:25:15.330,1.01462,1.0148,1.50,1.50
2011.11.23 10:25:15.453,1.0147,1.01486,1.50,1.50
2011.11.23 10:25:17.282,1.01465,1.01483,1.50,1.50
2011.11.23 10:25:17.401,1.01468,1.01486,1.50,1.50
2011.11.23 10:25:18.389,1.01469,1.01485,1.50,1.50
2011.11.23 10:25:21.722,1.01467,1.01483,1.50,1.50
2011.11.23 10:25:21.842,1.01465,1.01483,1.50,1.50
2011.11.23 10:25:22.356,1.01467,1.01483,1.50,1.50
2011.11.23 10:25:23.025,1.01469,1.01485,1.50,1.50
2011.11.23 10:25:23.474,1.01465,1.01483,1.50,1.50
2011.11.23 10:25:24.225,1.01468,1.01483,1.50,1.50
2011.11.23 10:25:24.348,1.0147,1.01488,1.50,1.50
2011.11.23 10:25:24.464,1.01473,1.01491,1.50,1.50
2011.11.23 10:25:24.782,1.01475,1.01493,1.50,1.50
2011.11.23 10:25:25.334,1.01473,1.01491,1.50,1.50
2011.11.23 10:25:27.001,1.01471,1.01487,1.50,1.50
2011.11.23 10:25:28.373,1.01468,1.01484,1.50,1.50
2011.11.23 10:25:28.607,1.01466,1.01484,1.50,1.50
2011.11.23 10:25:28.728,1.0147,1.01486,1.50,1.50
2011.11.23 10:25:29.606,1.01462,1.01476,1.50,1.50
2011.11.23 10:25:29.944,1.0146,1.01475,1.50,1.50
2011.11.23 10:25:30.064,1.01466,1.01476,1.50,1.50
2011.11.23 10:25:30.293,1.01467,1.01485,1.50,1.50
2011.11.23 10:25:30.416,1.01465,1.01481,3.00,1.50
2011.11.23 10:25:30.753,1.01468,1.01484,1.50,1.50
2011.11.23 10:25:31.407,1.01465,1.01481,3.00,1.50
2011.11.23 10:25:31.632,1.01464,1.01482,1.50,1.50
2011.11.23 10:25:31.971,1.01468,1.01486,1.50,1.50
2011.11.23 10:25:32.311,1.01466,1.01484,1.50,1.50
2011.11.23 10:25:32.652,1.0147,1.01483,1.50,1.50
2011.11.23 10:25:33.305,1.0147,1.01486,1.50,3.00
2011.11.23 10:25:33.994,1.01466,1.01484,1.50,1.50
2011.11.23 10:25:34.892,1.01466,1.01483,1.50,1.50
2011.11.23 10:25:35.011,1.01463,1.01481,1.50,1.50
2011.11.23 10:25:35.472,1.01468,1.01486,1.50,1.50
2011.11.23 10:25:35.965,1.01467,1.01483,1.50,2.25
2011.11.23 10:25:36.083,1.01454,1.01472,1.50,1.50
2011.11.23 10:25:36.312,1.01457,1.01473,1.50,1.50
2011.11.23 10:25:36.765,1.01457,1.01475,3.60,1.50
2011.11.23 10:25:36.883,1.01457,1.01475,2.10,1.50
2011.11.23 10:25:37.003,1.01462,1.01478,1.50,1.50
2011.11.23 10:25:37.124,1.01469,1.01487,1.50,1.50
2011.11.23 10:25:37.243,1.01455,1.01469,1.25,1.50
2011.11.23 10:25:37.364,1.01453,1.01469,2.25,1.50
2011.11.23 10:25:37.944,1.01457,1.01473,1.50,1.50
2011.11.23 10:25:38.070,1.01454,1.01472,1.50,1.50
2011.11.23 10:25:38.524,1.01452,1.01468,1.50,1.50
2011.11.23 10:25:39.522,1.01455,1.01471,1.50,3.00
2011.11.23 10:25:40.314,1.01452,1.0147,1.50,1.50
2011.11.23 10:25:40.437,1.01454,1.01472,1.50,1.50
2011.11.23 10:25:40.773,1.01459,1.01475,1.50,1.50
2011.11.23 10:25:41.532,1.01461,1.01475,1.50,1.50
2011.11.23 10:25:41.652,1.01462,1.0148,1.50,1.50
2011.11.23 10:25:42.102,1.01465,1.01481,1.50,1.50
2011.11.23 10:25:43.447,1.0147,1.01483,1.50,1.50
2011.11.23 10:25:43.783,1.0147,1.01486,1.50,1.50
2011.11.23 10:25:45.312,1.01472,1.01488,1.50,1.50
2011.11.23 10:25:45.651,1.0147,1.01486,1.50,1.50
2011.11.23 10:25:46.495,1.01472,1.01488,1.50,1.50
2011.11.23 10:25:46.615,1.01475,1.01493,1.50,1.50
2011.11.23 10:25:46.732,1.0147,1.01486,1.50,1.50
2011.11.23 10:25:47.463,1.0147,1.01486,2.10,1.50
2011.11.23 10:25:47.789,1.01476,1.01494,1.50,2.25
2011.11.23 10:25:47.910,1.01479,1.01495,1.50,2.25
2011.11.23 10:25:50.026,1.01477,1.01493,3.00,2.25
2011.11.23 10:25:50.149,1.01471,1.01487,1.50,1.50
2011.11.23 10:25:50.601,1.01472,1.0149,1.50,1.50
2011.11.23 10:25:50.722,1.01469,1.01487,1.50,1.50
2011.11.23 10:25:52.635,1.01475,1.01491,1.50,1.50
2011.11.23 10:25:53.191,1.01476,1.01492,1.50,1.50
2011.11.23 10:25:53.424,1.01474,1.01492,1.50,1.50
2011.11.23 10:25:55.124,1.01474,1.01492,1.50,2.25
2011.11.23 10:25:55.396,1.01474,1.01492,1.50,1.50
2011.11.23 10:25:56.034,1.01473,1.01489,1.50,1.50
2011.11.23 10:25:56.155,1.01468,1.01486,1.50,1.50
2011.11.23 10:25:56.275,1.01478,1.01496,1.50,2.25
2011.11.23 10:25:56.611,1.01477,1.01493,1.50,2.25
2011.11.23 10:25:56.843,1.0147,1.01486,1.50,1.50
2011.11.23 10:25:57.388,1.01465,1.0148,1.50,1.50
2011.11.23 10:25:57.893,1.01464,1.0148,1.50,1.50
2011.11.23 10:25:58.014,1.01466,1.01484,1.50,1.50
2011.11.23 10:25:58.134,1.01469,1.01485,1.50,1.50
2011.11.23 10:25:59.030,1.01474,1.01487,1.50,1.50
2011.11.23 10:25:59.153,1.01473,1.01489,3.00,1.50
2011.11.23 10:25:59.273,1.0147,1.01487,1.50,1.50
2011.11.23 10:25:59.395,1.01469,1.01487,2.25,1.50
2011.11.23 10:25:59.834,1.01472,1.01487,1.28,1.50
2011.11.23 10:25:59.959,1.01488,1.01506,1.50,2.25
2011.11.23 10:26:00.084,1.01492,1.0151,1.50,2.25
2011.11.23 10:26:00.422,1.01492,1.0151,1.50,2.25
2011.11.23 10:26:00.651,1.01491,1.01507,3.00,1.50
2011.11.23 10:26:00.772,1.01481,1.01507,1.50,2.25
2011.11.23 10:26:01.603,1.01492,1.01508,1.50,2.25
2011.11.23 10:26:01.724,1.01489,1.01504,1.50,2.25
2011.11.23 10:26:02.204,1.0148,1.01496,1.50,1.50
2011.11.23 10:26:02.430,1.01477,1.01491,1.50,1.50
2011.11.23 10:26:02.550,1.0148,1.01496,1.50,1.50
2011.11.23 10:26:02.669,1.01482,1.01496,1.50,1.50
2011.11.23 10:26:02.793,1.01485,1.01501,1.50,1.50
2011.11.23 10:26:04.261,1.01489,1.01504,1.50,1.50
2011.11.23 10:26:05.091,1.01489,1.01505,1.50,1.50
2011.11.23 10:26:05.422,1.01503,1.01521,1.50,2.25
2011.11.23 10:26:05.913,1.01493,1.01511,1.50,1.50
2011.11.23 10:26:07.564,1.01491,1.01507,1.50,1.50
2011.11.23 10:26:09.121,1.01492,1.0151,1.50,1.50
2011.11.23 10:26:09.666,1.01493,1.0151,1.50,1.50
2011.11.23 10:26:09.779,1.01495,1.01513,1.50,1.50
2011.11.23 10:26:10.355,1.01493,1.01511,1.50,1.50
2011.11.23 10:26:10.691,1.01496,1.01512,1.50,1.50
2011.11.23 10:26:10.816,1.015,1.01518,1.50,1.50
2011.11.23 10:26:13.142,1.015,1.01517,1.50,1.50
2011.11.23 10:26:13.480,1.01497,1.01515,1.50,1.50
2011.11.23 10:26:13.704,1.01497,1.01513,1.50,1.50
2011.11.23 10:26:14.041,1.01494,1.0151,1.50,1.50
2011.11.23 10:26:14.807,1.01493,1.01509,1.50,1.50
2011.11.23 10:26:15.142,1.01498,1.01514,1.50,1.50
2011.11.23 10:26:15.481,1.01494,1.0151,1.50,1.50
2011.11.23 10:26:15.958,1.01496,1.01512,1.50,2.25
2011.11.23 10:26:16.077,1.01499,1.01514,1.50,1.50
2011.11.23 10:26:16.190,1.01502,1.01514,1.50,1.50
2011.11.23 10:26:16.645,1.01499,1.01517,1.50,1.50
2011.11.23 10:26:16.870,1.01499,1.01513,1.50,1.50
2011.11.23 10:26:16.991,1.01494,1.0151,1.50,1.50
2011.11.23 10:26:17.352,1.0149,1.01508,1.50,1.50
2011.11.23 10:26:18.223,1.0149,1.01507,1.50,1.50
2011.11.23 10:26:18.344,1.01488,1.01504,1.50,1.50
2011.11.23 10:26:18.692,1.01488,1.01506,1.50,2.10
2011.11.23 10:26:18.923,1.01482,1.015,1.50,1.50
2011.11.23 10:26:19.150,1.01484,1.01502,1.50,1.50
2011.11.23 10:26:20.081,1.01484,1.015,1.50,1.50
2011.11.23 10:26:20.503,1.01482,1.01498,1.50,1.50
2011.11.23 10:26:21.462,1.01484,1.015,1.50,1.50
2011.11.23 10:26:21.580,1.01484,1.01502,1.50,1.50
2011.11.23 10:26:21.846,1.01482,1.01497,1.50,1.50
2011.11.23 10:26:21.962,1.01479,1.01497,1.50,1.50
2011.11.23 10:26:23.775,1.01482,1.01498,1.50,3.00
2011.11.23 10:26:29.966,1.01479,1.01495,1.50,1.50
2011.11.23 10:26:30.303,1.01476,1.01492,1.50,1.50
2011.11.23 10:26:30.859,1.01477,1.01493,1.50,1.50
2011.11.23 10:26:31.475,1.0148,1.01496,1.50,1.50
2011.11.23 10:26:31.812,1.01484,1.015,1.50,1.50
2011.11.23 10:26:32.045,1.0148,1.01498,1.50,2.10
2011.11.23 10:26:32.167,1.01477,1.01495,1.50,1.50
2011.11.23 10:26:32.500,1.0147,1.01488,1.50,1.50
2011.11.23 10:26:32.840,1.01468,1.01484,1.50,1.50
2011.11.23 10:26:33.814,1.01466,1.01482,1.50,1.50
2011.11.23 10:26:34.507,1.01469,1.01484,1.50,1.50
2011.11.23 10:26:34.842,1.01465,1.01483,1.50,1.50
2011.11.23 10:26:35.826,1.01475,1.01484,1.50,1.50
2011.11.23 10:26:35.947,1.01475,1.01493,1.50,2.25
2011.11.23 10:26:36.063,1.01473,1.01491,1.50,1.50
2011.11.23 10:26:36.552,1.01475,1.01493,1.50,1.50
2011.11.23 10:26:38.743,1.01466,1.01481,2.25,1.50
2011.11.23 10:26:38.871,1.01462,1.0148,2.25,1.50
2011.11.23 10:26:39.430,1.01464,1.01481,1.50,1.50
2011.11.23 10:26:39.883,1.01468,1.01484,1.50,1.50
2011.11.23 10:26:40.223,1.01471,1.01487,1.50,1.50
2011.11.23 10:26:41.902,1.01464,1.01482,1.50,1.50
2011.11.23 10:26:42.023,1.01461,1.01479,1.50,1.50
2011.11.23 10:26:42.471,1.0146,1.01476,1.50,1.50
2011.11.23 10:26:47.355,1.01452,1.01468,1.50,1.50
2011.11.23 10:26:47.692,1.0145,1.01466,1.50,1.50
2011.11.23 10:26:48.253,1.01448,1.01464,1.50,1.50
2011.11.23 10:26:49.385,1.01446,1.01462,1.50,1.50
2011.11.23 10:26:49.725,1.01448,1.01464,1.50,1.50
2011.11.23 10:26:50.504,1.01445,1.01461,1.50,1.50
2011.11.23 10:26:50.843,1.01454,1.0147,1.50,2.25
2011.11.23 10:26:51.297,1.01448,1.01466,1.50,1.50
2011.11.23 10:26:51.962,1.01448,1.01465,1.50,1.50
2011.11.23 10:26:52.082,1.01445,1.01463,1.50,1.50
2011.11.23 10:26:52.446,1.01448,1.01464,1.50,1.50
2011.11.23 10:26:53.387,1.01445,1.01463,1.50,1.50
2011.11.23 10:26:54.045,1.01449,1.01465,1.50,1.50
2011.11.23 10:26:54.164,1.0145,1.01468,1.50,1.50
2011.11.23 10:26:56.615,1.01454,1.01469,1.50,1.50
2011.11.23 10:26:57.064,1.01456,1.01473,1.50,1.50
2011.11.23 10:26:57.674,1.01454,1.01472,1.50,1.50
2011.11.23 10:26:58.011,1.01457,1.01474,1.50,1.50
2011.11.23 10:26:58.464,1.01456,1.01472,1.50,1.50
2011.11.23 10:26:58.584,1.01454,1.01472,1.50,1.50
2011.11.23 10:27:00.703,1.01462,1.01478,1.50,1.50
2011.11.23 10:27:01.378,1.01463,1.01478,2.10,1.50
2011.11.23 10:27:01.791,1.01464,1.01482,2.10,1.50
2011.11.23 10:27:02.465,1.0146,1.01478,1.50,1.50
2011.11.23 10:27:02.804,1.01455,1.01473,1.50,1.50
2011.11.23 10:27:04.013,1.01461,1.01479,1.50,2.25
2011.11.23 10:27:04.352,1.01467,1.01481,1.50,1.50
2011.11.23 10:27:04.471,1.01467,1.01483,1.50,1.50
2011.11.23 10:27:04.704,1.01467,1.01483,1.50,2.25
2011.11.23 10:27:04.826,1.0146,1.01478,1.50,2.25
2011.11.23 10:27:05.936,1.01452,1.0147,1.50,1.50
2011.11.23 10:27:09.649,1.01452,1.0147,1.50,2.25
2011.11.23 10:27:10.209,1.01452,1.0147,1.50,2.25
2011.11.23 10:27:10.552,1.0145,1.01466,1.50,1.50
2011.11.23 10:27:11.906,1.01446,1.01462,1.50,1.50
2011.11.23 10:27:12.028,1.01439,1.01457,1.50,1.50
2011.11.23 10:27:12.144,1.01446,1.01464,1.50,1.50
2011.11.23 10:27:12.482,1.01449,1.01459,1.50,1.50
2011.11.23 10:27:12.605,1.01441,1.01457,1.50,1.50
2011.11.23 10:27:12.725,1.01434,1.01452,1.80,1.50
2011.11.23 10:27:12.845,1.01434,1.01452,1.50,1.50
2011.11.23 10:27:13.290,1.01439,1.01452,2.10,1.50
2011.11.23 10:27:13.419,1.01446,1.01464,1.50,1.50
2011.11.23 10:27:13.532,1.01449,1.01467,1.50,1.50
2011.11.23 10:27:14.100,1.01447,1.01463,1.50,1.50
2011.11.23 10:27:14.440,1.01449,1.01465,1.50,1.50
2011.11.23 10:27:14.563,1.01451,1.01469,1.50,1.50
2011.11.23 10:27:17.462,1.01449,1.01467,1.50,1.50
2011.11.23 10:27:18.022,1.01447,1.01463,1.50,1.50
2011.11.23 10:27:18.560,1.0145,1.01466,1.50,1.50
2011.11.23 10:27:18.904,1.01453,1.01468,1.50,1.50
2011.11.23 10:27:19.474,1.01456,1.01472,1.50,1.50
2011.11.23 10:27:19.595,1.01451,1.01469,1.50,1.50
2011.11.23 10:27:23.206,1.01455,1.01471,1.50,1.50
2011.11.23 10:27:23.542,1.01462,1.01474,1.50,1.50
2011.11.23 10:27:23.660,1.01462,1.01478,1.50,1.50
2011.11.23 10:27:25.345,1.0146,1.01476,1.50,1.50
2011.11.23 10:27:25.684,1.01455,1.01473,1.50,1.50
2011.11.23 10:27:26.475,1.01454,1.0147,1.50,1.50
2011.11.23 10:27:26.593,1.01452,1.0147,1.50,2.25
2011.11.23 10:27:27.162,1.01452,1.0147,1.50,2.25
2011.11.23 10:27:28.263,1.01452,1.0147,1.50,2.25
2011.11.23 10:27:31.202,1.01451,1.01469,1.50,1.50
2011.11.23 10:27:31.942,1.01455,1.0147,1.50,2.25
2011.11.23 10:27:32.176,1.01455,1.01471,1.50,1.50
2011.11.23 10:27:32.637,1.01453,1.01469,1.50,1.50
2011.11.23 10:27:33.627,1.0145,1.01467,1.50,1.50
2011.11.23 10:27:34.175,1.01449,1.01467,1.50,1.50
2011.11.23 10:27:37.681,1.01449,1.01467,2.10,1.50
2011.11.23 10:27:37.805,1.01459,1.01475,1.50,1.50
2011.11.23 10:27:38.142,1.01457,1.01473,1.50,1.50
2011.11.23 10:27:38.710,1.0146,1.01476,1.50,1.50
2011.11.23 10:27:39.994,1.01464,1.0148,1.50,1.50
2011.11.23 10:27:41.093,1.01461,1.01478,1.50,1.50
2011.11.23 10:27:41.215,1.01458,1.01473,1.50,1.50
2011.11.23 10:27:41.810,1.01457,1.01473,1.50,1.50
2011.11.23 10:27:42.263,1.01454,1.0147,1.50,1.50
2011.11.23 10:27:43.033,1.01456,1.01474,1.50,1.50
2011.11.23 10:27:43.154,1.01459,1.01477,1.50,1.50
2011.11.23 10:27:43.574,1.01454,1.01472,1.50,1.50
2011.11.23 10:27:43.909,1.01463,1.01481,1.50,1.50
2011.11.23 10:27:44.427,1.01456,1.01472,1.50,1.50
2011.11.23 10:27:44.649,1.01453,1.01471,1.50,1.50
2011.11.23 10:27:45.420,1.01453,1.01469,1.50,1.50
2011.11.23 10:27:45.762,1.01451,1.01467,1.50,1.50
2011.11.23 10:27:46.254,1.01446,1.01464,2.25,1.50
2011.11.23 10:27:46.484,1.01457,1.01475,1.50,1.50
2011.11.23 10:27:47.182,1.01456,1.01472,1.50,1.50
2011.11.23 10:27:47.304,1.01452,1.01469,1.50,1.50
2011.11.23 10:27:47.644,1.01461,1.0147,1.50,1.50
2011.11.23 10:27:47.764,1.01461,1.01477,1.50,1.50
2011.11.23 10:27:48.218,1.01463,1.01481,1.50,1.50
2011.11.23 10:27:48.335,1.01461,1.01472,1.50,1.50
2011.11.23 10:27:48.453,1.01456,1.01472,1.50,1.50
2011.11.23 10:27:49.234,1.01457,1.01475,1.50,1.50
2011.11.23 10:27:49.361,1.01461,1.01477,1.50,1.50
2011.11.23 10:27:49.922,1.01462,1.01477,1.50,1.50
2011.11.23 10:27:50.040,1.01464,1.01482,1.50,1.50
2011.11.23 10:27:50.595,1.01465,1.01482,1.50,1.50
2011.11.23 10:27:50.715,1.01467,1.01485,1.50,1.50
2011.11.23 10:27:51.640,1.01459,1.01477,1.50,1.50
2011.11.23 10:27:51.984,1.01454,1.0147,2.10,2.25
2011.11.23 10:27:52.324,1.0145,1.0146,2.10,1.50
2011.11.23 10:27:52.661,1.01454,1.0147,2.10,1.50
2011.11.23 10:27:52.785,1.01457,1.01475,1.50,1.50
2011.11.23 10:27:53.842,1.01455,1.01473,1.50,1.50
2011.11.23 10:27:55.204,1.01453,1.01469,1.50,1.50
2011.11.23 10:27:55.653,1.01449,1.01467,1.50,1.50
2011.11.23 10:27:55.777,1.01452,1.0147,1.50,1.50
2011.11.23 10:27:56.110,1.01456,1.01474,1.50,1.50
2011.11.23 10:27:56.710,1.01461,1.01479,1.50,1.50
2011.11.23 10:27:57.443,1.01459,1.01477,1.50,1.50
2011.11.23 10:27:58.006,1.01459,1.01473,1.50,2.85
2011.11.23 10:27:58.359,1.01447,1.01465,1.50,1.50
2011.11.23 10:27:59.002,1.0145,1.01468,1.50,1.50
2011.11.23 10:28:03.926,1.01449,1.01465,1.50,1.50
2011.11.23 10:28:04.061,1.01447,1.01465,1.50,1.50
2011.11.23 10:28:05.272,1.01445,1.01461,1.50,1.50
2011.11.23 10:28:06.243,1.01442,1.0146,3.75,1.50
2011.11.23 10:28:06.471,1.01442,1.01452,1.50,1.50
2011.11.23 10:28:06.592,1.01432,1.0145,1.50,1.50
2011.11.23 10:28:06.932,1.01435,1.01451,1.50,1.50
2011.11.23 10:28:07.167,1.01438,1.01456,1.50,1.50
2011.11.23 10:28:07.618,1.01435,1.01451,1.50,1.50
2011.11.23 10:28:08.212,1.01433,1.01449,1.50,1.50
2011.11.23 10:28:08.875,1.01428,1.01446,1.50,1.50
2011.11.23 10:28:08.998,1.0143,1.01448,1.50,1.50
2011.11.23 10:28:09.454,1.01429,1.01446,1.50,1.50
2011.11.23 10:28:10.080,1.01431,1.01447,1.50,1.50
2011.11.23 10:28:10.651,1.01432,1.01448,1.50,1.50
2011.11.23 10:28:11.152,1.01435,1.01451,1.50,1.50
2011.11.23 10:28:12.316,1.01432,1.01444,1.50,1.50
2011.11.23 10:28:12.436,1.01437,1.01455,1.50,1.50
2011.11.23 10:28:12.552,1.01436,1.01452,3.00,1.50
2011.11.23 10:28:12.890,1.01433,1.01449,1.50,1.50
2011.11.23 10:28:13.231,1.01437,1.01455,1.50,1.50
2011.11.23 10:28:13.573,1.01442,1.01458,1.50,1.50
2011.11.23 10:28:20.300,1.0144,1.01456,1.50,1.50
2011.11.23 10:28:22.225,1.01442,1.01458,1.50,1.50
2011.11.23 10:28:22.564,1.01446,1.01462,1.50,1.50
2011.11.23 10:28:22.911,1.01453,1.01469,1.50,1.50
2011.11.23 10:28:23.408,1.01443,1.01461,2.15,1.50
2011.11.23 10:28:23.963,1.01443,1.01461,2.15,1.50
2011.11.23 10:28:24.524,1.01443,1.01461,2.15,1.50
2011.11.23 10:28:24.645,1.01454,1.0147,1.50,1.50
2011.11.23 10:28:24.766,1.01447,1.01465,1.50,1.50
2011.11.23 10:28:24.887,1.01447,1.01465,2.10,1.50
2011.11.23 10:28:25.454,1.01446,1.01464,1.50,1.50
2011.11.23 10:28:25.572,1.01442,1.0146,2.15,1.50
2011.11.23 10:28:26.134,1.01442,1.0146,1.50,1.50
2011.11.23 10:28:26.713,1.01446,1.01462,1.50,1.50
2011.11.23 10:28:27.486,1.01453,1.01471,1.50,1.50
2011.11.23 10:28:27.604,1.0145,1.01468,2.15,1.50
2011.11.23 10:28:28.163,1.01454,1.0147,1.50,1.50
2011.11.23 10:28:29.700,1.01446,1.01464,1.50,1.50
2011.11.23 10:28:30.370,1.01448,1.01466,1.50,3.00
2011.11.23 10:28:31.752,1.01445,1.01463,1.50,1.50
2011.11.23 10:28:32.093,1.01448,1.01466,1.50,1.50
2011.11.23 10:28:32.430,1.01447,1.01463,1.50,1.50
2011.11.23 10:28:32.773,1.01449,1.01467,1.50,1.50
2011.11.23 10:28:35.503,1.01446,1.01464,1.50,1.50
2011.11.23 10:28:35.841,1.01449,1.01465,1.50,1.50
2011.11.23 10:28:36.183,1.01441,1.01459,2.15,1.50
2011.11.23 10:28:36.939,1.01449,1.01467,1.50,1.50
2011.11.23 10:28:37.557,1.01449,1.01466,1.50,1.50
2011.11.23 10:28:37.672,1.01447,1.01463,1.50,1.50
2011.11.23 10:28:37.902,1.01443,1.01461,2.15,1.50
2011.11.23 10:28:39.265,1.01443,1.01461,2.15,1.50
2011.11.23 10:28:39.389,1.01439,1.01457,1.50,1.50
2011.11.23 10:28:39.782,1.01441,1.01459,1.50,1.50
2011.11.23 10:28:40.123,1.01445,1.01461,1.50,1.50
2011.11.23 10:28:40.571,1.01443,1.01459,1.50,1.50
2011.11.23 10:28:41.776,1.01434,1.01452,1.50,1.50
2011.11.23 10:28:42.001,1.01441,1.01457,1.50,1.50
2011.11.23 10:28:44.604,1.01444,1.0146,1.50,1.50
2011.11.23 10:28:44.941,1.01439,1.01457,1.50,1.50
2011.11.23 10:28:45.851,1.01437,1.01453,1.50,1.50
2011.11.23 10:28:46.193,1.01441,1.01459,1.50,1.50
2011.11.23 10:28:46.663,1.0144,1.01456,1.50,1.50
2011.11.23 10:28:46.789,1.0144,1.01458,1.50,1.50
2011.11.23 10:28:46.913,1.0145,1.01466,1.50,1.50
2011.11.23 10:28:47.363,1.01452,1.01468,1.50,1.50
2011.11.23 10:28:49.975,1.01449,1.01454,2.15,1.50
2011.11.23 10:28:50.095,1.01438,1.01454,2.15,1.50
2011.11.23 10:28:50.213,1.01438,1.01454,1.50,1.50
2011.11.23 10:28:50.335,1.01448,1.01466,1.50,1.50
2011.11.23 10:28:50.786,1.01447,1.01463,1.50,1.50
2011.11.23 10:28:51.982,1.01443,1.01461,1.50,1.50
2011.11.23 10:28:54.031,1.01441,1.01457,1.50,1.50
2011.11.23 10:28:54.598,1.01443,1.01461,1.50,1.50
2011.11.23 10:28:54.719,1.01436,1.01452,1.50,1.50
2011.11.23 10:28:55.754,1.01437,1.01454,1.50,1.50
2011.11.23 10:28:56.096,1.01442,1.01458,1.50,1.50
2011.11.23 10:28:56.715,1.01439,1.01457,1.50,1.50
2011.11.23 10:28:57.012,1.01437,1.01453,1.50,1.50
2011.11.23 10:28:59.680,1.01434,1.0145,1.50,1.50
2011.11.23 10:29:00.021,1.01432,1.01448,1.50,1.50
2011.11.23 10:29:01.362,1.0143,1.01446,1.50,1.50
2011.11.23 10:29:01.963,1.01432,1.01448,1.50,1.50
2011.11.23 10:29:02.089,1.01429,1.01447,1.50,1.50
2011.11.23 10:29:02.953,1.01428,1.01444,1.50,1.50
2011.11.23 10:29:03.073,1.01426,1.01444,1.50,1.50
2011.11.23 10:29:03.302,1.01424,1.01439,1.50,1.50
2011.11.23 10:29:04.012,1.01423,1.01433,1.50,1.50
2011.11.23 10:29:04.117,1.01417,1.01433,1.50,1.50
2011.11.23 10:29:04.237,1.01421,1.01436,1.50,1.50
2011.11.23 10:29:04.574,1.01421,1.01439,1.50,1.50
2011.11.23 10:29:05.242,1.01418,1.01434,1.50,3.00
2011.11.23 10:29:05.751,1.01416,1.01432,1.50,1.50
2011.11.23 10:29:06.103,1.01421,1.01439,1.50,1.50
2011.11.23 10:29:06.335,1.01421,1.01437,1.50,1.50
2011.11.23 10:29:06.455,1.01419,1.01436,1.50,1.50
2011.11.23 10:29:06.572,1.01421,1.01437,1.50,1.50
2011.11.23 10:29:06.696,1.01425,1.01443,1.50,1.50
2011.11.23 10:29:08.204,1.01427,1.01443,1.50,1.50
2011.11.23 10:29:08.327,1.01431,1.01449,1.50,1.50
2011.11.23 10:29:08.447,1.01435,1.01451,1.50,1.50
2011.11.23 10:29:08.788,1.01441,1.01457,1.50,1.50
2011.11.23 10:29:09.015,1.01438,1.01456,1.50,1.50
2011.11.23 10:29:09.611,1.01438,1.01454,1.50,1.50
2011.11.23 10:29:09.735,1.01435,1.01453,1.50,1.50
2011.11.23 10:29:10.182,1.01444,1.01462,1.50,1.50
2011.11.23 10:29:10.525,1.01448,1.01464,1.50,1.50
2011.11.23 10:29:11.352,1.01451,1.01467,1.50,1.50
2011.11.23 10:29:12.136,1.01448,1.01464,1.50,1.50
2011.11.23 10:29:14.973,1.0145,1.01468,1.50,1.50
2011.11.23 10:29:15.422,1.01447,1.01465,1.50,1.50
2011.11.23 10:29:17.064,1.01447,1.01463,1.50,1.50
2011.11.23 10:29:17.183,1.01443,1.01461,1.50,1.50
2011.11.23 10:29:17.413,1.01443,1.01461,1.50,2.25
2011.11.23 10:29:17.864,1.01436,1.01452,1.50,1.50
2011.11.23 10:29:18.793,1.01438,1.01454,1.50,1.50
2011.11.23 10:29:19.319,1.01448,1.01464,1.50,1.50
2011.11.23 10:29:19.544,1.01443,1.01461,1.50,1.50
2011.11.23 10:29:20.432,1.01444,1.0146,1.50,3.00
2011.11.23 10:29:21.537,1.01442,1.01455,1.50,1.50
2011.11.23 10:29:21.666,1.01435,1.01453,3.00,1.50
2011.11.23 10:29:22.004,1.01434,1.01449,1.50,1.50
2011.11.23 10:29:22.121,1.01431,1.01449,1.50,1.50
2011.11.23 10:29:26.130,1.01429,1.01447,3.00,1.50
2011.11.23 10:29:26.640,1.01433,1.01449,1.50,1.50
2011.11.23 10:29:26.873,1.01434,1.01452,1.50,1.50
2011.11.23 10:29:26.995,1.01444,1.01462,1.50,2.25
2011.11.23 10:29:29.961,1.01446,1.01462,2.48,1.50
2011.11.23 10:29:30.087,1.01452,1.01468,1.50,1.50
2011.11.23 10:29:30.203,1.01452,1.0147,1.50,1.50
2011.11.23 10:29:30.902,1.01455,1.01471,1.50,1.50
2011.11.23 10:29:31.029,1.01455,1.01473,1.50,1.50
2011.11.23 10:29:31.853,1.01455,1.01472,1.50,1.50
2011.11.23 10:29:31.972,1.01452,1.0147,1.50,1.50
2011.11.23 10:29:32.093,1.01455,1.01471,1.50,1.50
2011.11.23 10:29:32.671,1.01457,1.01475,1.50,1.50
2011.11.23 10:29:37.205,1.01457,1.01474,1.50,2.25
2011.11.23 10:29:37.323,1.01455,1.01473,1.50,1.50
2011.11.23 10:29:38.113,1.01456,1.01473,1.50,1.50
2011.11.23 10:29:38.231,1.01458,1.01474,1.50,1.50
2011.11.23 10:29:38.704,1.01463,1.01481,1.50,1.50
2011.11.23 10:29:39.629,1.01463,1.01481,1.50,2.25
2011.11.23 10:29:39.970,1.01463,1.01481,1.50,1.50
2011.11.23 10:29:40.473,1.01463,1.01481,1.50,2.25
2011.11.23 10:29:40.594,1.01458,1.01476,1.50,1.50
2011.11.23 10:29:40.712,1.01458,1.01476,1.50,2.25
2011.11.23 10:29:40.833,1.01456,1.01472,3.00,1.50
2011.11.23 10:29:42.331,1.01456,1.01472,1.50,2.25
2011.11.23 10:29:42.671,1.01456,1.01472,1.50,1.50
2011.11.23 10:29:45.516,1.01452,1.0147,1.50,1.50
2011.11.23 10:29:45.635,1.01454,1.0147,3.00,1.50
2011.11.23 10:29:45.972,1.01456,1.01474,1.50,2.25
2011.11.23 10:29:46.310,1.01454,1.0147,1.50,1.50
2011.11.23 10:29:46.945,1.01455,1.01471,1.50,1.50
2011.11.23 10:29:48.377,1.01455,1.01471,1.50,2.25
2011.11.23 10:29:48.494,1.01452,1.0147,1.50,2.25
2011.11.23 10:29:52.244,1.01447,1.01463,1.50,1.50
2011.11.23 10:29:52.682,1.01449,1.01465,1.50,2.85
2011.11.23 10:29:53.023,1.01449,1.01465,1.50,2.85
2011.11.23 10:29:53.142,1.01449,1.01465,1.50,2.25
2011.11.23 10:29:53.373,1.01448,1.01459,1.50,1.50
2011.11.23 10:29:53.494,1.01445,1.01461,1.50,1.50
2011.11.23 10:29:54.782,1.01441,1.01459,1.50,1.50
2011.11.23 10:29:56.293,1.01445,1.01463,1.50,1.50
2011.11.23 10:29:58.545,1.0145,1.01466,1.50,1.50
2011.11.23 10:29:58.883,1.01447,1.01463,1.50,2.25
2011.11.23 10:29:59.574,1.01443,1.01461,1.50,1.50
2011.11.23 10:30:01.431,1.01448,1.01463,1.50,1.50
2011.11.23 10:30:01.785,1.01445,1.01461,1.50,1.50
2011.11.23 10:30:01.905,1.01443,1.01459,1.50,1.50
2011.11.23 10:30:03.371,1.01437,1.01453,1.50,1.50
2011.11.23 10:30:03.821,1.01433,1.01449,1.50,1.50
2011.11.23 10:30:04.159,1.01436,1.01452,1.50,1.50
2011.11.23 10:30:04.500,1.01438,1.01454,1.50,1.50
2011.11.23 10:30:08.174,1.01427,1.01436,1.50,1.50
2011.11.23 10:30:08.295,1.01426,1.01434,1.40,1.50
2011.11.23 10:30:08.528,1.01418,1.01434,4.50,1.50
2011.11.23 10:30:08.643,1.01431,1.01436,1.50,1.50
2011.11.23 10:30:08.762,1.01434,1.0145,1.50,1.50
2011.11.23 10:30:08.993,1.01434,1.0145,1.50,2.25
2011.11.23 10:30:09.546,1.01434,1.01445,1.50,1.50
2011.11.23 10:30:09.668,1.01429,1.01447,1.50,1.50
2011.11.23 10:30:10.250,1.01429,1.01445,1.50,1.50
2011.11.23 10:30:10.372,1.01425,1.01443,1.50,1.50
2011.11.23 10:30:11.042,1.01422,1.01438,1.50,1.50
2011.11.23 10:30:12.736,1.01428,1.01438,1.50,1.50
2011.11.23 10:30:12.856,1.0143,1.01446,1.50,1.50
2011.11.23 10:30:13.505,1.01432,1.01448,1.50,1.50
2011.11.23 10:30:14.005,1.01437,1.01455,1.50,1.50
2011.11.23 10:30:15.224,1.01441,1.01456,1.50,1.50
2011.11.23 10:30:15.344,1.01441,1.01459,1.50,1.50
2011.11.23 10:30:15.682,1.01439,1.01457,3.00,1.50
2011.11.23 10:30:16.149,1.01437,1.01453,1.50,1.50
2011.11.23 10:30:16.372,1.01432,1.0145,1.50,1.50
2011.11.23 10:30:16.493,1.01435,1.01451,1.50,1.50
2011.11.23 10:30:17.054,1.01433,1.0145,1.50,1.50
2011.11.23 10:30:17.176,1.01431,1.01444,1.50,1.50
2011.11.23 10:30:17.292,1.01428,1.01444,1.50,1.50
2011.11.23 10:30:18.154,1.01432,1.01448,1.50,1.50
2011.11.23 10:30:19.485,1.01442,1.01458,1.50,1.50
2011.11.23 10:30:19.712,1.01444,1.01462,1.50,1.50
2011.11.23 10:30:22.951,1.01445,1.01462,1.50,1.50
2011.11.23 10:30:23.078,1.0145,1.01464,1.50,1.50
2011.11.23 10:30:23.656,1.01452,1.01468,2.25,1.50
2011.11.23 10:30:23.799,1.01459,1.01475,1.50,1.50
2011.11.23 10:30:24.139,1.01452,1.0147,1.50,1.50
2011.11.23 10:30:24.694,1.01453,1.01469,1.50,1.50
2011.11.23 10:30:24.924,1.0145,1.01466,3.00,1.50
2011.11.23 10:30:25.466,1.01451,1.01469,1.50,1.50
2011.11.23 10:30:25.989,1.0145,1.01464,1.50,1.50
2011.11.23 10:30:26.104,1.01448,1.01464,1.50,1.50
2011.11.23 10:30:28.185,1.0145,1.01468,1.50,1.50
2011.11.23 10:30:28.630,1.01448,1.01464,1.50,1.50
2011.11.23 10:30:29.083,1.01452,1.01468,1.50,1.50
2011.11.23 10:30:29.311,1.01454,1.01472,1.50,1.50
2011.11.23 10:30:30.671,1.01454,1.01471,1.50,1.50
2011.11.23 10:30:30.800,1.01452,1.0147,1.50,1.50
2011.11.23 10:30:34.582,1.01455,1.01471,1.50,1.50
2011.11.23 10:30:35.741,1.0145,1.01468,1.50,1.50
2011.11.23 10:30:37.933,1.01449,1.01463,1.50,1.50
2011.11.23 10:30:38.051,1.01445,1.01463,1.50,1.50
2011.11.23 10:30:38.172,1.01442,1.0146,1.50,1.50
2011.11.23 10:30:39.417,1.01441,1.01455,1.50,1.50
2011.11.23 10:30:39.544,1.01432,1.01448,1.50,1.50
2011.11.23 10:30:39.774,1.01441,1.01459,1.50,1.50
2011.11.23 10:30:39.893,1.01452,1.01468,1.50,1.50
2011.11.23 10:30:40.125,1.01441,1.01459,1.50,1.50
2011.11.23 10:30:40.245,1.01444,1.01459,1.50,1.50
2011.11.23 10:30:40.365,1.01445,1.01463,1.50,1.50
2011.11.23 10:30:40.704,1.01446,1.01463,1.50,1.50
2011.11.23 10:30:40.826,1.01465,1.01483,1.50,1.50
2011.11.23 10:30:40.945,1.01463,1.01473,1.50,1.50
2011.11.23 10:30:41.065,1.01455,1.01473,1.50,1.50
2011.11.23 10:30:41.538,1.01457,1.01475,1.50,1.50
2011.11.23 10:30:42.371,1.01464,1.01477,1.50,1.50
2011.11.23 10:30:42.495,1.01464,1.01482,1.50,1.50
2011.11.23 10:30:42.720,1.01463,1.01478,1.50,1.50
2011.11.23 10:30:42.843,1.0146,1.01478,1.50,1.50
2011.11.23 10:30:42.962,1.01458,1.01475,1.50,1.50
2011.11.23 10:30:43.673,1.01457,1.01475,1.50,1.50
2011.11.23 10:30:44.022,1.01456,1.01472,1.50,1.50
2011.11.23 10:30:44.360,1.01458,1.01474,1.50,1.50
2011.11.23 10:30:46.036,1.01455,1.01471,1.50,1.50
2011.11.23 10:30:46.263,1.01461,1.01479,1.50,1.50
2011.11.23 10:30:46.494,1.01472,1.01481,1.50,1.50
2011.11.23 10:30:46.942,1.01472,1.0149,1.50,1.50
2011.11.23 10:30:47.283,1.01474,1.0149,1.50,1.50
2011.11.23 10:30:47.624,1.01476,1.01492,1.50,1.50
2011.11.23 10:30:48.722,1.01473,1.01491,1.50,1.50
2011.11.23 10:30:48.955,1.01469,1.01487,1.50,1.50
2011.11.23 10:30:49.511,1.01469,1.01485,1.50,1.50
2011.11.23 10:30:49.883,1.01467,1.01483,1.50,1.50
2011.11.23 10:30:51.247,1.01461,1.01479,1.50,1.50
2011.11.23 10:30:52.026,1.01462,1.01478,1.50,1.50
2011.11.23 10:30:52.364,1.01465,1.01481,1.50,1.50
2011.11.23 10:30:52.702,1.01461,1.01477,1.50,1.50
2011.11.23 10:30:53.044,1.01465,1.01483,1.50,1.50
2011.11.23 10:30:55.582,1.01467,1.01485,1.50,1.50
2011.11.23 10:30:56.993,1.01465,1.01483,1.50,1.50
2011.11.23 10:30:57.776,1.01463,1.01478,1.50,1.50
2011.11.23 10:30:58.341,1.01462,1.01478,1.50,1.50
2011.11.23 10:30:58.788,1.0146,1.01476,1.50,1.50
2011.11.23 10:30:59.451,1.01458,1.01473,1.50,1.50
2011.11.23 10:30:59.790,1.01458,1.01468,1.50,1.50
2011.11.23 10:31:00.035,1.01452,1.01468,1.50,1.50
2011.11.23 10:31:00.531,1.01454,1.01471,1.50,1.50
2011.11.23 10:31:01.135,1.01454,1.01472,1.50,1.50
2011.11.23 10:31:03.584,1.01453,1.01469,1.50,1.50
2011.11.23 10:31:03.708,1.0145,1.01467,1.50,1.50
2011.11.23 10:31:03.824,1.01448,1.01462,1.50,1.50
2011.11.23 10:31:03.951,1.01443,1.01459,1.50,1.50
2011.11.23 10:31:04.413,1.01441,1.01459,1.50,1.50
2011.11.23 10:31:04.643,1.01446,1.0146,1.50,1.50
2011.11.23 10:31:04.985,1.01446,1.01462,1.50,1.50
2011.11.23 10:31:05.572,1.01451,1.01467,1.50,1.50
2011.11.23 10:31:06.283,1.01448,1.01464,1.50,1.50
2011.11.23 10:31:07.163,1.01445,1.01461,1.50,1.50
2011.11.23 10:31:08.705,1.01443,1.01459,1.50,1.50
2011.11.23 10:31:09.195,1.01441,1.01459,2.25,1.50
2011.11.23 10:31:10.026,1.01442,1.01459,1.50,1.50
2011.11.23 10:31:10.143,1.01445,1.01461,1.50,1.50
2011.11.23 10:31:11.537,1.01445,1.01461,2.25,1.50
2011.11.23 10:31:13.223,1.01445,1.01461,2.25,1.50
2011.11.23 10:31:13.835,1.01448,1.01464,1.50,1.50
2011.11.23 10:31:16.952,1.01461,1.01467,1.50,1.50
2011.11.23 10:31:17.073,1.01461,1.01477,1.50,1.50
2011.11.23 10:31:17.416,1.01457,1.01473,1.50,1.50
2011.11.23 10:31:17.532,1.01453,1.01471,1.50,1.50
2011.11.23 10:31:18.823,1.01462,1.01478,1.50,1.50
2011.11.23 10:31:18.954,1.01451,1.01469,1.50,1.50
2011.11.23 10:31:19.076,1.01453,1.01469,1.50,1.50
2011.11.23 10:31:19.194,1.01454,1.01472,1.50,1.50
2011.11.23 10:31:19.315,1.01453,1.01469,1.50,1.50
2011.11.23 10:31:19.542,1.01451,1.01469,1.50,1.50
2011.11.23 10:31:19.892,1.01455,1.01471,1.50,3.00
2011.11.23 10:31:22.654,1.01448,1.01466,1.50,1.50
2011.11.23 10:31:23.914,1.01451,1.01468,1.50,1.50
2011.11.23 10:31:24.302,1.01457,1.01473,1.50,1.50
2011.11.23 10:31:24.752,1.0146,1.01475,1.50,1.50
2011.11.23 10:31:25.093,1.01462,1.01478,1.50,1.50
2011.11.23 10:31:27.787,1.01464,1.01482,1.50,1.50
2011.11.23 10:31:28.352,1.01468,1.01484,1.50,1.50
2011.11.23 10:31:28.906,1.01468,1.01484,1.50,2.25
2011.11.23 10:31:29.028,1.01462,1.01478,1.50,1.50
2011.11.23 10:31:31.513,1.01459,1.01477,1.50,1.50
2011.11.23 10:31:32.995,1.01448,1.01464,1.50,1.50
2011.11.23 10:31:33.507,1.01451,1.01469,1.50,1.50
2011.11.23 10:31:36.388,1.01455,1.01473,1.50,1.50
2011.11.23 10:31:37.674,1.01455,1.01473,2.25,1.50
2011.11.23 10:31:38.220,1.01455,1.01473,1.50,1.50
2011.11.23 10:31:38.823,1.01455,1.01473,2.25,1.50
2011.11.23 10:31:39.665,1.01455,1.01473,1.50,1.50
2011.11.23 10:31:40.203,1.01455,1.01473,2.25,1.50
2011.11.23 10:31:40.851,1.01455,1.01473,1.50,1.50
2011.11.23 10:31:42.232,1.01458,1.01474,1.50,1.50
2011.11.23 10:31:42.575,1.01456,1.01472,1.50,1.50
2011.11.23 10:31:42.926,1.01458,1.01474,1.50,1.50
2011.11.23 10:31:43.441,1.01477,1.01493,1.50,1.50
2011.11.23 10:31:44.941,1.01478,1.01496,1.50,1.50
2011.11.23 10:31:46.264,1.01476,1.01494,1.50,2.25
2011.11.23 10:31:47.041,1.01473,1.01491,1.50,1.50
2011.11.23 10:31:47.380,1.01473,1.01489,1.50,1.50
2011.11.23 10:31:47.502,1.0147,1.01488,1.50,1.50
2011.11.23 10:31:48.263,1.01464,1.0148,2.25,1.50
2011.11.23 10:31:48.388,1.01468,1.0148,1.50,1.50
2011.11.23 10:31:48.506,1.0147,1.01486,1.50,3.00
2011.11.23 10:31:48.624,1.01464,1.0148,3.00,1.50
2011.11.23 10:31:50.354,1.0146,1.01478,1.50,1.50
2011.11.23 10:31:50.912,1.01457,1.01473,1.50,1.50
2011.11.23 10:31:51.237,1.01461,1.01477,1.50,1.50
2011.11.23 10:31:52.799,1.01463,1.01481,1.50,1.50
2011.11.23 10:31:52.914,1.01466,1.01484,1.50,1.50
2011.11.23 10:31:53.249,1.01468,1.01486,1.50,1.50
2011.11.23 10:31:53.835,1.0147,1.01486,1.50,1.50
2011.11.23 10:31:54.174,1.01481,1.01495,1.50,1.50
2011.11.23 10:31:54.294,1.01482,1.015,1.50,3.00
2011.11.23 10:31:55.052,1.0148,1.01496,1.50,1.50
2011.11.23 10:31:55.280,1.01483,1.01499,1.50,3.75
2011.11.23 10:31:55.841,1.01483,1.01499,1.50,2.25
2011.11.23 10:31:56.537,1.01481,1.01496,1.50,1.50
2011.11.23 10:31:56.658,1.01477,1.01494,1.50,1.50
2011.11.23 10:31:57.195,1.01476,1.01494,1.50,2.25
2011.11.23 10:31:59.060,1.01478,1.01496,1.50,1.50
2011.11.23 10:31:59.511,1.01478,1.01496,1.50,2.25
2011.11.23 10:32:00.494,1.01475,1.01491,1.50,1.50
2011.11.23 10:32:01.386,1.01479,1.01495,1.50,1.50
2011.11.23 10:32:01.723,1.01479,1.01495,1.50,2.25
2011.11.23 10:32:01.950,1.01479,1.01495,1.50,1.50
2011.11.23 10:32:03.284,1.01475,1.01493,1.50,1.50
2011.11.23 10:32:03.406,1.01473,1.01491,1.50,1.50
2011.11.23 10:32:05.134,1.01472,1.01483,1.50,1.50
2011.11.23 10:32:05.251,1.01467,1.01483,1.50,1.50
2011.11.23 10:32:06.520,1.01465,1.0148,2.15,2.25
2011.11.23 10:32:06.645,1.01462,1.0148,1.50,2.25
2011.11.23 10:32:07.915,1.01462,1.0148,1.50,1.50
2011.11.23 10:32:08.145,1.01464,1.01482,1.50,1.50
2011.11.23 10:32:10.323,1.01452,1.0147,1.50,1.50
2011.11.23 10:32:10.772,1.01452,1.01468,1.50,1.50
2011.11.23 10:32:10.890,1.01448,1.01465,1.50,1.50
2011.11.23 10:32:11.014,1.01453,1.01469,1.50,1.50
2011.11.23 10:32:11.716,1.01455,1.01471,1.50,1.50
2011.11.23 10:32:12.055,1.01453,1.0147,1.50,2.10
2011.11.23 10:32:12.557,1.01455,1.01471,1.50,2.10
2011.11.23 10:32:12.686,1.01455,1.01471,1.50,1.50
2011.11.23 10:32:16.962,1.01465,1.01483,1.50,2.25
2011.11.23 10:32:17.411,1.0147,1.01484,1.50,1.50
2011.11.23 10:32:17.532,1.0147,1.01486,1.50,1.50
2011.11.23 10:32:18.091,1.0147,1.01486,1.50,2.25
2011.11.23 10:32:18.806,1.01467,1.01484,1.50,2.25
2011.11.23 10:32:19.032,1.01463,1.01479,1.50,1.50
2011.11.23 10:32:19.607,1.01463,1.01479,2.25,1.50
2011.11.23 10:32:19.831,1.01463,1.01479,1.50,1.50
2011.11.23 10:32:20.177,1.0146,1.01475,2.25,1.50
2011.11.23 10:32:20.293,1.01459,1.01474,1.03,1.50
2011.11.23 10:32:20.415,1.01456,1.01474,1.50,1.50
2011.11.23 10:32:20.922,1.0147,1.01488,1.50,1.50
2011.11.23 10:32:22.094,1.01474,1.0149,1.50,1.50
2011.11.23 10:32:22.437,1.01479,1.01495,1.50,1.50
2011.11.23 10:32:23.072,1.01479,1.01497,1.50,1.50
2011.11.23 10:32:23.199,1.01473,1.01489,1.50,1.50
2011.11.23 10:32:23.934,1.01473,1.01489,1.50,2.25
2011.11.23 10:32:24.059,1.0146,1.01478,2.15,1.50
2011.11.23 10:32:24.173,1.0146,1.01478,1.50,1.50
2011.11.23 10:32:24.297,1.01453,1.01469,1.50,1.50
2011.11.23 10:32:24.523,1.01454,1.01472,1.50,1.50
2011.11.23 10:32:24.643,1.01453,1.01469,1.50,1.50
2011.11.23 10:32:25.183,1.01454,1.01472,1.50,1.50
2011.11.23 10:32:25.936,1.01454,1.01472,2.10,1.50
2011.11.23 10:32:26.382,1.01462,1.01474,1.50,1.50
2011.11.23 10:32:26.506,1.0146,1.01476,1.50,1.50
2011.11.23 10:32:26.622,1.01456,1.01474,1.50,1.50
2011.11.23 10:32:27.085,1.01458,1.01476,1.50,1.50
2011.11.23 10:32:27.436,1.01467,1.01485,1.50,1.50
2011.11.23 10:32:27.771,1.0147,1.01488,1.50,2.25
2011.11.23 10:32:28.123,1.01468,1.01486,1.50,1.50
2011.11.23 10:32:28.465,1.01468,1.01486,1.50,2.25
2011.11.23 10:32:28.922,1.01465,1.01474,1.50,1.50
2011.11.23 10:32:29.034,1.01446,1.01464,1.50,1.50
2011.11.23 10:32:29.154,1.01444,1.0146,1.50,1.50
2011.11.23 10:32:29.601,1.01439,1.01457,1.50,1.50
2011.11.23 10:32:29.836,1.01441,1.01459,1.50,1.50
2011.11.23 10:32:31.563,1.01442,1.01459,1.50,1.50
2011.11.23 10:32:31.907,1.01445,1.01461,1.50,1.50
2011.11.23 10:32:32.247,1.01453,1.01464,1.50,1.50
2011.11.23 10:32:32.363,1.01447,1.01464,1.50,1.50
2011.11.23 10:32:32.487,1.01446,1.01462,1.50,1.50
2011.11.23 10:32:32.603,1.01447,1.01465,1.50,1.50
2011.11.23 10:32:32.726,1.01453,1.01465,1.50,1.50
2011.11.23 10:32:32.844,1.01456,1.01472,1.50,1.50
2011.11.23 10:32:33.229,1.01459,1.01474,1.50,1.50
2011.11.23 10:32:33.350,1.0145,1.01466,1.50,1.50
2011.11.23 10:32:33.697,1.01446,1.01464,1.50,1.50
2011.11.23 10:32:33.817,1.01434,1.01452,2.15,1.50
2011.11.23 10:32:34.155,1.01444,1.01462,1.50,1.50
2011.11.23 10:32:34.497,1.01442,1.0146,1.50,1.50
2011.11.23 10:32:35.035,1.01451,1.0146,1.50,1.50
2011.11.23 10:32:35.163,1.01448,1.01466,1.50,1.50
2011.11.23 10:32:35.804,1.01456,1.01471,1.50,1.50
2011.11.23 10:32:35.924,1.01459,1.01475,1.50,1.50
2011.11.23 10:32:40.152,1.01465,1.01483,1.50,1.50
2011.11.23 10:32:40.277,1.01459,1.01475,1.50,1.50
2011.11.23 10:32:40.612,1.01461,1.01479,1.50,1.50
2011.11.23 10:32:41.262,1.0146,1.01476,1.50,1.50
2011.11.23 10:32:41.382,1.01458,1.01476,1.50,1.50
2011.11.23 10:32:42.392,1.01457,1.01473,1.50,1.50
2011.11.23 10:32:43.469,1.01452,1.0147,1.50,1.50
2011.11.23 10:32:44.964,1.01451,1.01469,1.50,1.50
2011.11.23 10:32:45.086,1.01455,1.01471,1.50,3.00
2011.11.23 10:32:45.878,1.01462,1.01478,1.50,1.50
2011.11.23 10:32:47.403,1.01454,1.01472,1.50,1.50
2011.11.23 10:32:47.743,1.01453,1.01469,1.50,1.50
2011.11.23 10:32:48.412,1.01456,1.01472,1.50,1.50
2011.11.23 10:32:48.541,1.01459,1.01477,1.50,1.50
2011.11.23 10:32:48.763,1.01457,1.01475,1.50,1.50
2011.11.23 10:32:49.104,1.01456,1.01473,1.50,1.50
2011.11.23 10:32:49.444,1.01457,1.01475,1.50,3.00
2011.11.23 10:32:50.113,1.01462,1.01476,1.50,1.50
2011.11.23 10:32:50.507,1.01462,1.0148,1.50,1.50
2011.11.23 10:32:50.734,1.0146,1.01472,1.50,1.50
2011.11.23 10:32:50.855,1.01456,1.01472,1.50,1.50
2011.11.23 10:32:50.976,1.01458,1.01474,1.50,1.50
2011.11.23 10:32:51.315,1.01461,1.01479,1.50,1.50
2011.11.23 10:32:51.776,1.01451,1.01469,1.50,1.50
2011.11.23 10:32:52.677,1.01449,1.01465,1.50,1.50
2011.11.23 10:32:55.021,1.01439,1.01455,2.15,1.50
2011.11.23 10:32:55.584,1.01439,1.01455,1.50,1.50
2011.11.23 10:32:55.701,1.01434,1.01462,2.25,1.50
2011.11.23 10:32:56.322,1.01433,1.01468,1.35,1.73
2011.11.23 10:32:56.448,1.01433,1.01451,2.25,1.50
2011.11.23 10:32:56.566,1.01433,1.01451,1.50,1.50
2011.11.23 10:32:56.684,1.01443,1.01461,1.50,2.10
2011.11.23 10:32:57.279,1.01443,1.01461,1.50,1.50
2011.11.23 10:32:58.526,1.01443,1.01459,1.50,1.50
2011.11.23 10:32:58.646,1.0144,1.01458,1.50,1.50
2011.11.23 10:33:00.359,1.01441,1.01458,1.50,1.50
2011.11.23 10:33:00.475,1.01444,1.0146,1.50,1.50
2011.11.23 10:33:00.811,1.01436,1.01454,1.50,1.50
2011.11.23 10:33:02.443,1.01434,1.0145,1.50,1.50
2011.11.23 10:33:02.784,1.01437,1.01453,1.50,1.50
2011.11.23 10:33:03.491,1.0144,1.01456,1.50,3.00
2011.11.23 10:33:03.832,1.01438,1.0145,1.50,1.50
2011.11.23 10:33:04.299,1.01432,1.01447,1.50,1.50
2011.11.23 10:33:04.421,1.01437,1.01447,1.50,1.50
2011.11.23 10:33:04.546,1.01436,1.01452,1.50,1.50
2011.11.23 10:33:04.773,1.0143,1.01446,1.50,1.50
2011.11.23 10:33:05.445,1.01433,1.01451,1.50,1.50
2011.11.23 10:33:07.004,1.0143,1.01446,1.50,1.50
2011.11.23 10:33:07.344,1.01432,1.0145,1.50,1.50
2011.11.23 10:33:07.464,1.01437,1.01451,1.50,1.50
2011.11.23 10:33:07.584,1.01437,1.01455,1.50,1.50
2011.11.23 10:33:09.733,1.01442,1.01455,1.50,1.50
2011.11.23 10:33:09.855,1.01444,1.0146,1.50,1.50
2011.11.23 10:33:10.203,1.01444,1.01458,1.50,1.35
2011.11.23 10:33:10.545,1.01385,1.01411,2.15,1.50
2011.11.23 10:33:10.666,1.01366,1.01408,1.40,2.25
2011.11.23 10:33:10.786,1.01365,1.01408,1.40,2.25
2011.11.23 10:33:11.127,1.01382,1.01398,1.50,1.50
2011.11.23 10:33:11.650,1.01381,1.01397,2.25,1.50
2011.11.23 10:33:11.775,1.01387,1.014,1.50,1.50
2011.11.23 10:33:11.898,1.01382,1.014,1.50,1.50
2011.11.23 10:33:13.182,1.01391,1.01407,1.50,1.50
2011.11.23 10:33:13.526,1.01384,1.01402,1.50,1.50
2011.11.23 10:33:14.391,1.0139,1.01406,3.00,2.10
2011.11.23 10:33:14.517,1.01383,1.01401,1.50,1.50
2011.11.23 10:33:14.862,1.01386,1.01402,1.50,1.50
2011.11.23 10:33:14.987,1.01386,1.01404,1.50,1.50
2011.11.23 10:33:15.324,1.01383,1.01399,1.50,1.50
2011.11.23 10:33:15.554,1.01385,1.01403,1.50,1.50
2011.11.23 10:33:15.674,1.01388,1.01406,1.50,1.50
2011.11.23 10:33:16.014,1.01395,1.01413,1.50,1.50
2011.11.23 10:33:16.639,1.01386,1.01402,2.25,1.50
2011.11.23 10:33:16.761,1.01395,1.01413,1.50,1.50
2011.11.23 10:33:16.998,1.01394,1.01409,1.50,1.50
2011.11.23 10:33:17.333,1.01389,1.01402,1.50,1.50
2011.11.23 10:33:17.569,1.01391,1.01407,3.75,1.50
2011.11.23 10:33:17.686,1.01393,1.01411,1.50,1.50
2011.11.23 10:33:17.807,1.01393,1.01411,2.25,1.50
2011.11.23 10:33:18.252,1.01392,1.01408,2.25,1.50
2011.11.23 10:33:18.744,1.01393,1.01411,1.50,1.50
2011.11.23 10:33:19.082,1.01393,1.01411,2.25,1.50
2011.11.23 10:33:19.429,1.01405,1.01421,1.50,1.50
2011.11.23 10:33:19.547,1.01405,1.01414,1.50,1.50
2011.11.23 10:33:19.666,1.01395,1.01411,1.50,1.50
2011.11.23 10:33:20.508,1.01393,1.01411,1.50,1.50
2011.11.23 10:33:20.626,1.01399,1.01417,1.50,1.50
2011.11.23 10:33:21.164,1.01403,1.01419,1.50,1.50
2011.11.23 10:33:22.136,1.01391,1.01403,2.25,1.50
2011.11.23 10:33:22.716,1.01384,1.01395,1.65,1.50
2011.11.23 10:33:22.843,1.01369,1.01385,2.25,1.50
2011.11.23 10:33:23.079,1.0137,1.01388,2.25,3.00
2011.11.23 10:33:23.198,1.01375,1.01389,2.25,1.50
2011.11.23 10:33:23.313,1.01375,1.01393,2.25,1.50
2011.11.23 10:33:23.434,1.01375,1.01393,2.25,1.50
2011.11.23 10:33:23.775,1.01373,1.01391,2.25,1.50
2011.11.23 10:33:24.561,1.01373,1.01391,2.25,1.50
2011.11.23 10:33:25.108,1.01376,1.01394,2.25,1.50
2011.11.23 10:33:25.444,1.01378,1.01394,1.50,1.50
2011.11.23 10:33:26.013,1.0138,1.01396,1.50,1.50
2011.11.23 10:33:26.347,1.01391,1.01407,1.50,1.50
2011.11.23 10:33:26.464,1.01387,1.01405,1.50,1.50
2011.11.23 10:33:27.270,1.01385,1.01401,1.50,1.50
2011.11.23 10:33:29.193,1.01384,1.014,1.50,1.50
2011.11.23 10:33:30.079,1.01387,1.01399,1.50,1.50
2011.11.23 10:33:30.304,1.01399,1.01415,1.50,2.25
2011.11.23 10:33:30.431,1.01387,1.01405,2.25,2.48
2011.11.23 10:33:30.555,1.01386,1.01393,1.50,1.50
2011.11.23 10:33:30.677,1.01375,1.01391,1.50,1.50
2011.11.23 10:33:31.128,1.0138,1.01393,1.50,1.50
2011.11.23 10:33:31.572,1.01376,1.01394,1.50,1.50
2011.11.23 10:33:32.032,1.01379,1.01397,1.50,1.50
2011.11.23 10:33:32.374,1.01382,1.014,1.50,1.50
2011.11.23 10:33:32.712,1.01378,1.01396,1.50,1.50
2011.11.23 10:33:33.056,1.01373,1.01389,1.50,1.50
2011.11.23 10:33:34.652,1.01373,1.01389,2.25,1.50
2011.11.23 10:33:34.887,1.01379,1.01397,2.25,1.50
2011.11.23 10:33:35.483,1.01379,1.01397,1.50,1.50
2011.11.23 10:33:35.606,1.01379,1.01397,2.25,1.50
2011.11.23 10:33:36.793,1.01383,1.01399,1.50,1.50
2011.11.23 10:33:37.131,1.01383,1.01399,2.25,1.50
2011.11.23 10:33:37.820,1.01386,1.01402,2.25,1.50
2011.11.23 10:33:38.056,1.01389,1.01405,1.50,1.50
2011.11.23 10:33:38.505,1.01397,1.01409,1.50,1.50
2011.11.23 10:33:38.736,1.01405,1.0142,2.10,1.50
2011.11.23 10:33:38.856,1.01409,1.01425,1.50,1.50
2011.11.23 10:33:38.976,1.01411,1.01427,1.50,1.50
2011.11.23 10:33:39.383,1.01413,1.01429,1.50,1.50
2011.11.23 10:33:39.713,1.01418,1.01434,1.50,1.50
2011.11.23 10:33:40.280,1.01418,1.01433,1.50,2.25
2011.11.23 10:33:40.407,1.01411,1.01427,1.50,1.50
2011.11.23 10:33:40.526,1.01408,1.01426,1.50,1.50
2011.11.23 10:33:40.645,1.01404,1.01422,1.50,1.50
2011.11.23 10:33:40.984,1.01408,1.01426,1.50,1.50
2011.11.23 10:33:42.232,1.01411,1.01427,1.50,1.50
2011.11.23 10:33:42.358,1.01408,1.01426,1.50,1.50
2011.11.23 10:33:42.485,1.01397,1.01413,1.50,1.50
2011.11.23 10:33:42.609,1.01399,1.01417,1.50,1.50
2011.11.23 10:33:43.585,1.014,1.01417,1.50,1.50
2011.11.23 10:33:43.727,1.01412,1.0143,1.50,1.50
2011.11.23 10:33:43.834,1.01404,1.01422,1.50,1.50
2011.11.23 10:33:44.582,1.01404,1.0142,1.50,1.50
2011.11.23 10:33:44.701,1.01401,1.01419,1.50,1.50
2011.11.23 10:33:46.492,1.01395,1.01413,1.50,1.50
2011.11.23 10:33:46.832,1.01402,1.0142,1.50,1.50
2011.11.23 10:33:47.367,1.01403,1.0142,1.50,1.50
2011.11.23 10:33:47.715,1.01406,1.01423,1.50,1.50
2011.11.23 10:33:48.277,1.01406,1.01424,1.50,1.50
2011.11.23 10:33:48.831,1.01405,1.01423,1.50,1.50
2011.11.23 10:33:49.963,1.01402,1.01418,1.50,1.50
2011.11.23 10:33:51.335,1.01399,1.01415,1.50,1.50
2011.11.23 10:33:51.825,1.01401,1.01417,1.50,2.10
2011.11.23 10:33:52.061,1.01396,1.01412,1.50,1.50
2011.11.23 10:33:52.513,1.01392,1.0141,2.25,1.50
2011.11.23 10:33:52.746,1.01387,1.01403,2.25,1.50
2011.11.23 10:33:52.860,1.01387,1.01403,2.25,1.50
2011.11.23 10:33:52.984,1.01391,1.01407,1.50,1.50
2011.11.23 10:33:54.092,1.01388,1.01406,1.50,1.50
2011.11.23 10:33:54.215,1.01385,1.01403,2.25,1.50
2011.11.23 10:33:54.553,1.01389,1.01405,1.50,1.50
2011.11.23 10:33:54.891,1.01391,1.01407,2.25,1.50
2011.11.23 10:33:55.452,1.01394,1.0141,1.50,1.50
2011.11.23 10:33:56.012,1.01399,1.01413,1.50,1.50
2011.11.23 10:33:56.433,1.01399,1.01417,1.50,1.50
2011.11.23 10:33:57.414,1.01396,1.01414,1.50,1.50
2011.11.23 10:33:58.341,1.01401,1.01417,2.25,1.50
2011.11.23 10:33:58.681,1.01407,1.01425,1.50,1.50
2011.11.23 10:33:59.146,1.01406,1.01422,1.50,1.50
2011.11.23 10:34:01.432,1.01404,1.01419,1.50,1.50
2011.11.23 10:34:01.555,1.01397,1.01415,1.50,1.50
2011.11.23 10:34:01.988,1.01386,1.01404,2.25,1.50
2011.11.23 10:34:02.432,1.01386,1.01404,2.25,1.50
2011.11.23 10:34:03.241,1.01389,1.01407,2.25,1.50
2011.11.23 10:34:03.471,1.01392,1.01409,2.25,1.50
2011.11.23 10:34:04.062,1.01392,1.0141,2.25,1.50
2011.11.23 10:34:04.182,1.01395,1.01413,2.25,1.50
2011.11.23 10:34:04.657,1.01405,1.01423,1.50,1.50
2011.11.23 10:34:05.546,1.01404,1.01416,1.50,1.50
2011.11.23 10:34:05.665,1.01394,1.0141,1.50,1.50
2011.11.23 10:34:05.784,1.01396,1.01414,1.50,1.50
2011.11.23 10:34:07.023,1.01403,1.01419,1.50,1.50
2011.11.23 10:34:08.473,1.01406,1.01422,1.50,1.50
2011.11.23 10:34:08.902,1.01404,1.01418,1.50,1.50
2011.11.23 10:34:09.023,1.01402,1.01418,1.50,1.50
2011.11.23 10:34:10.814,1.01399,1.01415,1.50,1.50
2011.11.23 10:34:11.042,1.01396,1.01422,1.50,1.50
2011.11.23 10:34:11.160,1.01394,1.01424,1.50,2.25
2011.11.23 10:34:11.391,1.0139,1.0143,1.35,1.13
2011.11.23 10:34:12.653,1.0139,1.01429,1.35,1.50
2011.11.23 10:34:13.122,1.0139,1.01429,2.00,1.50
2011.11.23 10:34:13.462,1.01395,1.01431,1.13,1.35
2011.11.23 10:34:13.874,1.014,1.01435,1.25,1.13
2011.11.23 10:34:13.996,1.014,1.01439,2.00,1.88
2011.11.23 10:34:14.502,1.01396,1.01434,1.40,1.35
2011.11.23 10:34:15.534,1.01395,1.01434,2.00,1.35
2011.11.23 10:34:16.093,1.01395,1.01434,2.00,1.73
2011.11.23 10:34:16.432,1.01404,1.0142,1.50,1.50
2011.11.23 10:34:17.493,1.01406,1.0142,1.50,1.50
2011.11.23 10:34:17.611,1.01407,1.01425,1.50,1.50
2011.11.23 10:34:18.544,1.0141,1.01428,1.50,1.50
2011.11.23 10:34:19.605,1.01414,1.01432,1.50,1.50
2011.11.23 10:34:20.842,1.01412,1.0143,1.50,1.50
2011.11.23 10:34:21.184,1.01415,1.01433,1.50,1.50
2011.11.23 10:34:21.695,1.01413,1.01429,1.50,1.50
2011.11.23 10:34:22.035,1.01414,1.01432,1.50,1.50
2011.11.23 10:34:22.952,1.01417,1.01435,1.50,1.50
2011.11.23 10:34:23.293,1.01423,1.01439,1.50,1.50
2011.11.23 10:34:24.512,1.0142,1.01426,1.50,1.50
2011.11.23 10:34:24.634,1.01408,1.01426,1.50,1.50
2011.11.23 10:34:24.862,1.01415,1.01431,1.50,1.50
2011.11.23 10:34:25.531,1.01412,1.01428,1.50,1.50
2011.11.23 10:34:25.873,1.01398,1.01414,1.50,1.50
2011.11.23 10:34:26.691,1.01398,1.01414,2.25,1.50
2011.11.23 10:34:26.812,1.01401,1.01416,2.25,1.50
2011.11.23 10:34:27.152,1.01405,1.01419,1.50,1.50
2011.11.23 10:34:27.490,1.01405,1.01421,1.50,1.50
2011.11.23 10:34:27.723,1.01407,1.01423,1.50,1.50
2011.11.23 10:34:28.628,1.01413,1.01425,1.50,1.50
2011.11.23 10:34:28.746,1.01413,1.01429,1.50,1.50
2011.11.23 10:34:30.024,1.01415,1.01431,1.50,1.50
2011.11.23 10:34:30.772,1.01415,1.0143,1.50,1.50
2011.11.23 10:34:30.891,1.01411,1.01429,1.50,1.50
2011.11.23 10:34:31.287,1.01411,1.01426,1.50,1.50
2011.11.23 10:34:31.419,1.01405,1.01423,1.50,1.50
2011.11.23 10:34:32.763,1.01407,1.01423,1.50,1.50
2011.11.23 10:34:32.883,1.01409,1.01427,1.50,1.50
2011.11.23 10:34:33.003,1.01411,1.01427,1.50,1.50
2011.11.23 10:34:33.342,1.01414,1.0143,1.50,1.50
2011.11.23 10:34:34.617,1.01418,1.01436,1.50,1.50
2011.11.23 10:34:36.075,1.01416,1.01432,1.50,1.50
2011.11.23 10:34:36.417,1.01406,1.01418,1.50,1.50
2011.11.23 10:34:36.538,1.01405,1.01423,1.50,1.50
2011.11.23 10:34:37.153,1.01415,1.01431,1.50,1.50
2011.11.23 10:34:37.498,1.01412,1.01428,1.50,1.50
2011.11.23 10:34:37.909,1.01406,1.01422,1.50,3.00
2011.11.23 10:34:38.023,1.01399,1.01417,1.50,1.50
2011.11.23 10:34:43.311,1.0139,1.01416,2.25,1.50
2011.11.23 10:34:43.541,1.01391,1.01419,2.25,1.50
2011.11.23 10:34:43.665,1.01387,1.01424,1.35,1.35
2011.11.23 10:34:45.879,1.01393,1.01423,1.50,1.50
2011.11.23 10:34:46.211,1.01401,1.01417,1.50,1.50
2011.11.23 10:34:47.631,1.01402,1.01418,1.50,1.50
2011.11.23 10:34:48.458,1.01417,1.01432,1.50,1.35
2011.11.23 10:34:48.583,1.01417,1.01433,1.50,1.50
2011.11.23 10:34:48.922,1.01417,1.01429,1.50,1.50
2011.11.23 10:34:49.147,1.01398,1.01416,1.50,1.50
2011.11.23 10:34:49.267,1.014,1.01418,1.50,1.50
2011.11.23 10:34:49.613,1.01409,1.01424,1.50,1.50
2011.11.23 10:34:49.730,1.01409,1.01427,1.50,1.50
2011.11.23 10:34:49.959,1.01414,1.0143,1.50,1.50
2011.11.23 10:34:50.397,1.01411,1.01428,1.50,1.50
2011.11.23 10:34:50.961,1.0141,1.01428,1.50,1.50
2011.11.23 10:34:51.084,1.01414,1.0143,1.50,1.50
2011.11.23 10:34:51.200,1.01414,1.01432,1.50,1.50
2011.11.23 10:34:51.648,1.01412,1.0143,1.50,1.50
2011.11.23 10:34:52.210,1.01411,1.01427,1.50,1.50
2011.11.23 10:34:52.549,1.01417,1.01433,1.50,1.50
2011.11.23 10:34:53.308,1.01412,1.01428,1.50,1.50
2011.11.23 10:34:53.762,1.01405,1.01423,1.50,1.50
2011.11.23 10:34:54.571,1.01408,1.01424,1.50,1.50
2011.11.23 10:34:55.762,1.01411,1.01427,1.50,1.50
2011.11.23 10:34:56.210,1.01413,1.0143,1.50,1.50
2011.11.23 10:34:56.551,1.01416,1.01434,1.50,1.50
2011.11.23 10:34:56.669,1.01421,1.01437,1.50,1.50
2011.11.23 10:34:57.011,1.01416,1.01434,1.50,1.50
2011.11.23 10:34:57.352,1.0142,1.01436,1.50,1.50
2011.11.23 10:34:57.581,1.01414,1.01432,1.50,1.50
2011.11.23 10:34:58.060,1.01413,1.01429,1.50,1.50
2011.11.23 10:34:58.730,1.01411,1.01426,1.50,1.50
2011.11.23 10:34:58.848,1.01408,1.01426,1.50,1.50
2011.11.23 10:34:59.303,1.01411,1.01427,1.50,3.00
2011.11.23 10:34:59.641,1.01406,1.01422,1.50,1.50
2011.11.23 10:35:00.511,1.01408,1.01424,1.50,1.50
2011.11.23 10:35:02.329,1.01412,1.01428,1.50,1.50
2011.11.23 10:35:03.836,1.0141,1.01426,1.50,1.50
2011.11.23 10:35:04.059,1.01406,1.01424,1.50,3.00
2011.11.23 10:35:04.288,1.01409,1.01427,1.50,1.50
2011.11.23 10:35:06.259,1.01412,1.0143,1.50,1.50
2011.11.23 10:35:06.602,1.01412,1.0143,2.10,1.50
2011.11.23 10:35:07.055,1.01415,1.01431,3.60,1.50
2011.11.23 10:35:07.179,1.01421,1.01437,1.50,1.50
2011.11.23 10:35:07.741,1.01426,1.01442,1.50,1.50
2011.11.23 10:35:07.972,1.01415,1.01433,1.50,1.50
2011.11.23 10:35:08.090,1.01415,1.01433,2.10,1.50
2011.11.23 10:35:08.428,1.01426,1.01442,1.50,1.50
2011.11.23 10:35:09.346,1.01421,1.01439,1.50,1.50
2011.11.23 10:35:11.041,1.01424,1.0144,1.50,1.50
2011.11.23 10:35:11.706,1.01431,1.01449,1.50,1.50
2011.11.23 10:35:11.826,1.01434,1.0145,1.50,1.50
2011.11.23 10:35:13.042,1.01422,1.01438,1.50,1.50
2011.11.23 10:35:13.377,1.01424,1.0144,1.50,3.00
2011.11.23 10:35:13.889,1.01425,1.01443,1.50,1.50
2011.11.23 10:35:14.681,1.01425,1.01439,1.50,1.50
2011.11.23 10:35:14.800,1.0142,1.01438,1.50,1.50
2011.11.23 10:35:14.921,1.01419,1.01435,1.50,1.50
2011.11.23 10:35:15.368,1.0142,1.01438,1.50,1.50
2011.11.23 10:35:15.488,1.01419,1.01436,1.50,1.50
2011.11.23 10:35:15.721,1.01414,1.01432,1.50,1.50
2011.11.23 10:35:15.950,1.01417,1.01434,1.50,1.50
2011.11.23 10:35:16.293,1.01426,1.0144,1.50,1.50
2011.11.23 10:35:16.691,1.01426,1.01441,1.50,1.13
2011.11.23 10:35:16.818,1.0142,1.01436,1.50,1.50
2011.11.23 10:35:16.932,1.01423,1.01439,1.50,3.00
2011.11.23 10:35:17.313,1.01432,1.01448,1.50,1.50
2011.11.23 10:35:18.201,1.01434,1.01451,1.50,1.50
2011.11.23 10:35:18.761,1.01434,1.01452,1.50,2.25
2011.11.23 10:35:19.333,1.01429,1.01445,1.50,2.25
2011.11.23 10:35:19.868,1.01427,1.01442,1.50,1.50
2011.11.23 10:35:20.625,1.01426,1.01442,1.50,1.50
2011.11.23 10:35:20.849,1.01423,1.01439,1.50,1.50
2011.11.23 10:35:21.303,1.0143,1.01448,1.50,2.25
2011.11.23 10:35:21.998,1.01429,1.01445,1.50,1.50
2011.11.23 10:35:22.762,1.0143,1.01448,1.50,2.25
2011.11.23 10:35:24.938,1.01429,1.01445,1.50,1.50
2011.11.23 10:35:25.501,1.0143,1.01448,1.50,1.50
2011.11.23 10:35:26.710,1.01428,1.01446,1.50,1.50
2011.11.23 10:35:27.116,1.01428,1.01446,1.50,2.25
2011.11.23 10:35:27.449,1.01425,1.01443,1.50,1.50
2011.11.23 10:35:32.408,1.01426,1.01443,1.50,1.50
2011.11.23 10:35:32.529,1.01428,1.01445,1.50,1.50
2011.11.23 10:35:32.904,1.01431,1.01447,1.50,1.50
2011.11.23 10:35:33.700,1.01428,1.01444,1.50,2.25
2011.11.23 10:35:34.148,1.01419,1.01437,1.50,1.50
2011.11.23 10:35:34.383,1.01423,1.01439,1.50,1.50
2011.11.23 10:35:34.725,1.01434,1.0145,1.50,2.25
2011.11.23 10:35:35.275,1.01432,1.0145,1.50,2.25
2011.11.23 10:35:36.139,1.01432,1.0145,1.50,1.50
2011.11.23 10:35:36.262,1.01438,1.01454,1.50,1.50
2011.11.23 10:35:36.611,1.01442,1.0146,1.50,2.25
2011.11.23 10:35:36.951,1.0144,1.01456,1.50,1.50
2011.11.23 10:35:37.288,1.01443,1.01458,1.50,2.25
2011.11.23 10:35:37.920,1.01441,1.01459,1.50,2.25
2011.11.23 10:35:38.148,1.01434,1.0145,1.50,1.50
2011.11.23 10:35:39.188,1.01434,1.0145,1.50,2.25
2011.11.23 10:35:42.138,1.01434,1.01447,1.50,2.10
2011.11.23 10:35:42.261,1.01417,1.01435,2.15,1.50
2011.11.23 10:35:42.379,1.01417,1.01435,1.50,1.50
2011.11.23 10:35:42.719,1.01423,1.01439,1.50,1.50
2011.11.23 10:35:43.059,1.01425,1.01441,1.50,3.00
2011.11.23 10:35:45.299,1.01422,1.0144,1.50,1.50
2011.11.23 10:35:49.811,1.01425,1.01443,1.50,1.50
2011.11.23 10:35:50.155,1.01428,1.01446,1.50,1.50
2011.11.23 10:35:50.951,1.01439,1.01454,1.50,1.35
2011.11.23 10:35:51.630,1.01439,1.01455,1.50,2.25
2011.11.23 10:35:51.756,1.01435,1.01453,1.50,1.50
2011.11.23 10:35:52.322,1.01437,1.01455,1.50,3.75
2011.11.23 10:35:52.438,1.01435,1.01453,1.50,1.50
2011.11.23 10:35:53.000,1.01439,1.01455,1.50,3.00
2011.11.23 10:35:53.450,1.01434,1.0145,1.50,1.50
2011.11.23 10:35:54.944,1.01442,1.0146,1.50,1.50
2011.11.23 10:35:55.990,1.01441,1.01455,1.50,1.50
2011.11.23 10:35:56.404,1.01439,1.01455,1.50,1.50
2011.11.23 10:35:56.531,1.0145,1.01466,1.50,2.25
2011.11.23 10:35:56.872,1.01448,1.01456,1.50,1.50
2011.11.23 10:35:57.099,1.01442,1.01458,1.50,1.50
2011.11.23 10:35:57.218,1.01444,1.01462,1.50,1.50
2011.11.23 10:35:58.454,1.01447,1.01464,1.50,1.50
2011.11.23 10:35:58.571,1.01439,1.01457,1.50,1.50
2011.11.23 10:35:59.170,1.01439,1.01453,1.50,1.50
2011.11.23 10:35:59.289,1.01434,1.01452,1.50,1.50
2011.11.23 10:35:59.850,1.01433,1.01449,1.50,1.50
2011.11.23 10:36:00.413,1.01421,1.01434,2.25,1.50
2011.11.23 10:36:00.532,1.01415,1.01431,2.15,1.50
2011.11.23 10:36:00.940,1.01415,1.01431,1.88,1.50
2011.11.23 10:36:01.066,1.01428,1.01444,1.50,1.50
2011.11.23 10:36:01.762,1.01426,1.01442,1.50,1.50
2011.11.23 10:36:02.212,1.01423,1.01439,1.50,1.50
2011.11.23 10:36:03.984,1.0142,1.01436,1.50,1.50
2011.11.23 10:36:04.209,1.01426,1.01444,1.50,1.50
2011.11.23 10:36:04.328,1.01422,1.0144,1.50,1.50
2011.11.23 10:36:04.785,1.01425,1.01441,1.50,1.50
2011.11.23 10:36:05.781,1.01428,1.01441,1.50,1.50
2011.11.23 10:36:06.180,1.01431,1.01447,1.50,1.50
2011.11.23 10:36:06.519,1.01433,1.01451,1.50,1.50
2011.11.23 10:36:06.970,1.01437,1.01452,1.50,2.10
2011.11.23 10:36:07.200,1.01427,1.01443,1.50,1.50
2011.11.23 10:36:07.541,1.01431,1.01447,1.50,1.50
2011.11.23 10:36:07.950,1.01434,1.0145,1.50,1.50
2011.11.23 10:36:08.069,1.0143,1.01448,1.50,1.50
2011.11.23 10:36:08.706,1.01425,1.01443,1.50,1.50
2011.11.23 10:36:10.866,1.01425,1.01441,1.50,1.50
2011.11.23 10:36:11.293,1.01429,1.01444,1.50,1.50
2011.11.23 10:36:11.412,1.0143,1.01448,1.50,1.50
2011.11.23 10:36:15.033,1.01431,1.01448,1.50,1.50
2011.11.23 10:36:15.150,1.01434,1.0145,1.50,1.50
2011.11.23 10:36:15.710,1.01431,1.01447,1.50,1.50
2011.11.23 10:36:15.830,1.01432,1.01449,1.50,1.50
2011.11.23 10:36:16.281,1.01429,1.01447,1.50,1.50
2011.11.23 10:36:16.511,1.01432,1.01448,1.50,1.50
2011.11.23 10:36:17.295,1.01437,1.01453,1.50,1.50
2011.11.23 10:36:18.253,1.01433,1.01451,1.50,1.50
2011.11.23 10:36:18.590,1.0143,1.01448,1.50,1.50
2011.11.23 10:36:21.805,1.01439,1.01457,1.50,1.50
2011.11.23 10:36:22.138,1.01444,1.01458,1.50,1.50
2011.11.23 10:36:22.261,1.01444,1.0146,1.50,1.50
2011.11.23 10:36:22.489,1.01442,1.01458,1.50,1.50
2011.11.23 10:36:22.610,1.0144,1.01458,1.50,1.50
2011.11.23 10:36:24.185,1.01441,1.01458,1.50,1.50
2011.11.23 10:36:24.305,1.01443,1.01461,1.50,1.50
2011.11.23 10:36:24.754,1.01446,1.01464,1.50,1.50
2011.11.23 10:36:25.090,1.01443,1.01461,1.50,1.50
2011.11.23 10:36:28.729,1.01438,1.01456,1.50,1.50
2011.11.23 10:36:30.351,1.0144,1.01458,1.50,3.00
2011.11.23 10:36:31.357,1.0144,1.01458,1.50,2.25
2011.11.23 10:36:31.698,1.01433,1.0145,1.50,1.50
2011.11.23 10:36:31.821,1.01437,1.01452,1.50,1.50
2011.11.23 10:36:32.377,1.01437,1.01453,1.50,1.50
2011.11.23 10:36:33.633,1.0144,1.01458,1.50,2.85
2011.11.23 10:36:33.860,1.01436,1.01452,1.50,1.50
2011.11.23 10:36:33.980,1.01431,1.01449,1.50,1.50
2011.11.23 10:36:34.100,1.01429,1.01445,1.50,1.50
2011.11.23 10:36:34.770,1.01431,1.01449,1.50,1.50
2011.11.23 10:36:34.890,1.01434,1.01452,1.50,2.25
2011.11.23 10:36:35.229,1.01438,1.01454,1.50,2.25
2011.11.23 10:36:35.683,1.01438,1.01454,1.50,1.50
2011.11.23 10:36:35.810,1.01441,1.01457,1.50,1.50
2011.11.23 10:36:36.152,1.01438,1.01454,1.50,1.50
2011.11.23 10:36:36.269,1.01441,1.01459,1.50,1.50
2011.11.23 10:36:37.342,1.01439,1.01451,1.50,1.50
2011.11.23 10:36:38.352,1.01441,1.01459,1.50,2.25
2011.11.23 10:36:38.468,1.01441,1.01459,1.50,1.50
2011.11.23 10:36:38.917,1.01444,1.01462,1.50,1.50
2011.11.23 10:36:39.800,1.01453,1.01469,1.50,1.50
2011.11.23 10:36:40.734,1.01455,1.01473,1.50,1.50
2011.11.23 10:36:40.849,1.01452,1.01468,1.50,1.50
2011.11.23 10:36:42.272,1.01452,1.01465,1.50,1.50
2011.11.23 10:36:42.396,1.01445,1.01463,1.50,1.50
2011.11.23 10:36:43.231,1.01437,1.01455,1.50,1.50
2011.11.23 10:36:43.618,1.01441,1.01457,1.50,1.50
2011.11.23 10:36:45.319,1.01438,1.01454,1.50,1.50
2011.11.23 10:36:45.807,1.01442,1.01457,1.50,1.50
2011.11.23 10:36:45.938,1.01436,1.01453,1.50,1.50
2011.11.23 10:36:46.061,1.01437,1.01455,1.50,1.50
2011.11.23 10:36:46.516,1.0144,1.01458,1.50,1.50
2011.11.23 10:36:46.848,1.01438,1.01456,1.50,1.50
2011.11.23 10:36:47.188,1.01444,1.01461,1.50,2.25
2011.11.23 10:36:47.530,1.01444,1.01462,1.50,1.50
2011.11.23 10:36:47.761,1.01447,1.01464,1.50,1.50
2011.11.23 10:36:48.319,1.01447,1.01465,1.50,1.50
2011.11.23 10:36:48.843,1.01447,1.01465,1.50,2.25
2011.11.23 10:36:49.573,1.01447,1.01463,1.50,1.50
2011.11.23 10:36:50.278,1.01444,1.01462,1.50,2.25
2011.11.23 10:36:50.938,1.0144,1.01456,1.50,1.50
2011.11.23 10:36:51.351,1.01437,1.01453,1.50,1.50
2011.11.23 10:36:53.539,1.01442,1.01458,1.50,1.50
2011.11.23 10:36:53.938,1.01444,1.01462,1.50,1.50
2011.11.23 10:36:54.474,1.01448,1.01464,1.50,2.25
2011.11.23 10:36:54.809,1.01441,1.01457,1.50,1.50
2011.11.23 10:36:55.451,1.01439,1.01455,3.00,1.50
2011.11.23 10:36:56.011,1.01438,1.01456,1.50,1.50
2011.11.23 10:36:56.349,1.01441,1.01457,1.50,1.50
2011.11.23 10:36:56.469,1.01443,1.01461,1.50,1.50
2011.11.23 10:36:56.811,1.01452,1.01468,1.50,1.50
2011.11.23 10:36:57.148,1.01446,1.01462,1.50,1.50
2011.11.23 10:36:59.009,1.01443,1.01459,1.50,1.50
2011.11.23 10:37:00.921,1.01441,1.01459,1.50,1.50
2011.11.23 10:37:01.828,1.0144,1.01456,1.50,1.50
2011.11.23 10:37:02.172,1.01446,1.01462,1.50,1.50
2011.11.23 10:37:02.507,1.01442,1.01458,1.50,1.50
2011.11.23 10:37:03.408,1.01439,1.01457,1.50,1.50
2011.11.23 10:37:04.849,1.01441,1.01459,1.50,1.50
2011.11.23 10:37:05.649,1.01443,1.01459,1.50,1.50
2011.11.23 10:37:06.092,1.01452,1.01468,1.50,1.50
2011.11.23 10:37:08.779,1.01455,1.01473,1.50,1.50
2011.11.23 10:37:08.899,1.01457,1.01475,1.50,1.50
2011.11.23 10:37:09.564,1.01461,1.01479,1.50,2.25
2011.11.23 10:37:13.809,1.01461,1.01479,1.50,2.25
2011.11.23 10:37:13.933,1.01459,1.01477,3.00,2.25
2011.11.23 10:37:14.051,1.01457,1.01473,1.50,1.50
2011.11.23 10:37:14.829,1.01458,1.01473,1.50,1.50
2011.11.23 10:37:14.946,1.01459,1.01477,1.50,1.50
2011.11.23 10:37:19.676,1.01462,1.0148,1.50,2.25
2011.11.23 10:37:20.023,1.01465,1.01481,1.50,2.25
2011.11.23 10:37:20.361,1.0147,1.01488,1.50,1.50
2011.11.23 10:37:21.872,1.01475,1.01489,1.50,1.50
2011.11.23 10:37:21.989,1.01475,1.01493,1.50,1.50
2011.11.23 10:37:22.222,1.01472,1.0149,1.50,1.50
2011.11.23 10:37:22.562,1.01471,1.01485,2.10,1.50
2011.11.23 10:37:23.268,1.01468,1.01484,1.50,1.50
2011.11.23 10:37:23.511,1.01466,1.01482,1.50,1.50
2011.11.23 10:37:23.864,1.0147,1.01486,1.50,2.25
2011.11.23 10:37:23.984,1.01458,1.01476,1.50,1.50
2011.11.23 10:37:24.500,1.01463,1.01479,1.50,1.50
2011.11.23 10:37:24.729,1.01466,1.01484,1.50,2.10
2011.11.23 10:37:25.280,1.01466,1.01484,1.50,1.50
2011.11.23 10:37:25.948,1.01463,1.01481,1.50,1.50
2011.11.23 10:37:26.292,1.0146,1.01478,1.50,1.50
2011.11.23 10:37:26.834,1.01463,1.01481,1.50,1.50
2011.11.23 10:37:28.991,1.01463,1.01478,1.50,1.50
2011.11.23 10:37:29.110,1.0146,1.01476,1.50,1.50
2011.11.23 10:37:29.561,1.01464,1.01478,1.50,1.50
2011.11.23 10:37:29.994,1.01464,1.01482,1.50,1.50
2011.11.23 10:37:30.122,1.01468,1.01484,1.50,2.25
2011.11.23 10:37:30.929,1.01465,1.01482,1.50,1.50
2011.11.23 10:37:31.049,1.01467,1.01483,1.50,1.50
2011.11.23 10:37:32.672,1.01468,1.01484,1.50,1.50
2011.11.23 10:37:35.182,1.01472,1.0149,1.50,1.50
2011.11.23 10:37:35.309,1.0148,1.01498,1.50,1.50
2011.11.23 10:37:35.651,1.01474,1.0149,1.50,1.50
2011.11.23 10:37:36.331,1.0147,1.01488,1.50,1.50
2011.11.23 10:37:40.130,1.01473,1.01491,1.50,1.50
2011.11.23 10:37:40.874,1.01478,1.01494,1.50,1.50
2011.11.23 10:37:41.209,1.01481,1.01497,1.50,1.50
2011.11.23 10:37:41.551,1.01483,1.01501,1.50,1.50
2011.11.23 10:37:41.671,1.01483,1.01501,1.50,2.25
2011.11.23 10:37:42.233,1.01483,1.01501,1.50,1.50
2011.11.23 10:37:42.775,1.01486,1.01502,1.50,1.50
2011.11.23 10:37:42.999,1.01486,1.01504,1.50,2.25
2011.11.23 10:37:43.120,1.01482,1.01498,1.50,1.50
2011.11.23 10:37:44.192,1.01485,1.01501,1.50,1.50
2011.11.23 10:37:45.225,1.01482,1.015,3.00,1.50
2011.11.23 10:37:45.345,1.01486,1.01502,1.50,3.00
2011.11.23 10:37:45.570,1.01482,1.015,1.50,1.50
2011.11.23 10:37:45.696,1.01482,1.01496,1.50,1.50
2011.11.23 10:37:45.813,1.01477,1.01493,1.50,1.50
2011.11.23 10:37:47.399,1.01478,1.01496,1.50,3.00
2011.11.23 10:37:48.408,1.01478,1.01496,2.10,1.50
2011.11.23 10:37:48.529,1.0149,1.01506,1.50,1.50
2011.11.23 10:37:48.869,1.01487,1.01503,3.00,1.50
2011.11.23 10:37:49.088,1.01475,1.01493,1.50,1.50
2011.11.23 10:37:49.651,1.01482,1.01493,1.50,1.50
2011.11.23 10:37:49.776,1.01483,1.01501,1.50,1.50
2011.11.23 10:37:50.004,1.01483,1.01501,1.50,2.63
2011.11.23 10:37:50.891,1.01483,1.01494,1.50,1.50
2011.11.23 10:37:51.016,1.01475,1.01493,1.50,1.50
2011.11.23 10:37:51.550,1.01471,1.01487,1.50,1.50
2011.11.23 10:37:52.084,1.01481,1.0149,1.50,1.50
2011.11.23 10:37:52.638,1.01473,1.01489,1.50,1.50
2011.11.23 10:37:52.758,1.01474,1.01492,1.50,1.50
2011.11.23 10:37:53.254,1.01479,1.01497,1.50,1.50
2011.11.23 10:37:54.190,1.01482,1.01498,1.50,1.50
2011.11.23 10:37:54.531,1.01484,1.01502,1.50,1.50
2011.11.23 10:37:54.764,1.01495,1.01509,1.50,1.50
2011.11.23 10:37:55.959,1.01495,1.01511,1.50,2.25
2011.11.23 10:37:56.086,1.01483,1.01501,1.50,1.50
2011.11.23 10:37:56.313,1.01495,1.01511,1.50,2.25
2011.11.23 10:37:56.541,1.01483,1.01501,1.50,1.50
2011.11.23 10:37:56.992,1.01483,1.01499,1.50,1.50
2011.11.23 10:37:57.658,1.01483,1.01499,1.50,2.25
2011.11.23 10:37:58.224,1.01483,1.01499,1.50,1.50
2011.11.23 10:37:58.566,1.01487,1.01496,1.50,1.50
2011.11.23 10:37:58.683,1.01489,1.01507,1.50,2.10
2011.11.23 10:37:58.801,1.01479,1.01497,1.50,1.50
2011.11.23 10:38:01.467,1.01479,1.01497,1.50,2.25
2011.11.23 10:38:01.922,1.01478,1.01491,1.50,1.50
2011.11.23 10:38:02.050,1.01473,1.01491,1.50,1.50
2011.11.23 10:38:02.819,1.01469,1.01485,1.50,1.50
2011.11.23 10:38:03.587,1.01471,1.01488,1.50,1.50
2011.11.23 10:38:04.323,1.01475,1.01491,1.50,3.00
2011.11.23 10:38:04.660,1.01471,1.01487,1.50,1.50
2011.11.23 10:38:06.030,1.01478,1.01496,1.50,1.50
2011.11.23 10:38:08.431,1.01481,1.01498,1.50,1.50
2011.11.23 10:38:09.058,1.0148,1.01491,1.50,1.50
2011.11.23 10:38:09.177,1.01477,1.01495,1.50,1.50
2011.11.23 10:38:09.512,1.01467,1.01485,1.50,1.50
2011.11.23 10:38:10.073,1.0147,1.01488,1.50,1.50
2011.11.23 10:38:10.409,1.01473,1.01491,1.50,1.50
2011.11.23 10:38:11.000,1.01477,1.01495,1.50,1.50
2011.11.23 10:38:11.573,1.01474,1.01492,1.50,1.50
2011.11.23 10:38:13.069,1.01473,1.01489,1.50,1.50
2011.11.23 10:38:14.146,1.01478,1.01494,1.50,2.25
2011.11.23 10:38:14.700,1.01483,1.01499,1.50,2.25
2011.11.23 10:38:15.161,1.0148,1.01497,1.50,1.50
2011.11.23 10:38:15.917,1.01479,1.01497,1.50,1.50
2011.11.23 10:38:16.455,1.01479,1.01497,1.50,2.25
2011.11.23 10:38:16.790,1.01476,1.01492,1.50,1.50
2011.11.23 10:38:18.210,1.01473,1.01488,1.50,1.50
2011.11.23 10:38:18.658,1.0147,1.01486,1.50,1.50
2011.11.23 10:38:19.104,1.01465,1.01483,1.50,1.50
2011.11.23 10:38:19.329,1.01464,1.01479,1.50,1.50
2011.11.23 10:38:19.669,1.01461,1.01479,1.50,1.50
2011.11.23 10:38:23.608,1.01462,1.01479,1.50,1.50
2011.11.23 10:38:23.729,1.01464,1.01482,1.50,1.50
2011.11.23 10:38:29.258,1.01462,1.0148,1.50,1.50
2011.11.23 10:38:30.806,1.01467,1.01485,1.50,1.50
2011.11.23 10:38:31.479,1.01464,1.01482,1.50,1.50
2011.11.23 10:38:31.921,1.0146,1.01478,1.50,1.50
2011.11.23 10:38:32.660,1.01467,1.01485,1.50,1.50
2011.11.23 10:38:33.629,1.01465,1.01481,1.50,1.50
2011.11.23 10:38:33.970,1.01461,1.01479,1.50,1.50
2011.11.23 10:38:35.730,1.01464,1.01482,1.50,1.50
2011.11.23 10:38:36.071,1.01475,1.01491,1.50,1.50
2011.11.23 10:38:37.143,1.01473,1.01489,1.50,1.50
2011.11.23 10:38:37.663,1.01475,1.01491,1.50,1.50
2011.11.23 10:38:38.221,1.01481,1.01497,1.50,1.50
2011.11.23 10:38:38.562,1.01475,1.01491,1.50,1.50
2011.11.23 10:38:39.161,1.01474,1.0149,1.50,1.50
2011.11.23 10:38:40.109,1.01474,1.0149,1.50,3.98
2011.11.23 10:38:40.233,1.01459,1.01477,2.15,1.50
2011.11.23 10:38:40.350,1.01467,1.01483,1.50,1.50
2011.11.23 10:38:40.471,1.01472,1.01488,1.50,1.50
2011.11.23 10:38:40.921,1.01469,1.01487,1.50,1.50
2011.11.23 10:38:41.044,1.01469,1.01485,1.50,1.50
2011.11.23 10:38:42.137,1.01469,1.01485,2.10,1.50
2011.11.23 10:38:42.485,1.01483,1.01501,1.50,2.25
2011.11.23 10:38:42.713,1.01475,1.01491,3.00,1.50
2011.11.23 10:38:43.760,1.01479,1.01494,1.50,1.50
2011.11.23 10:38:44.475,1.01479,1.01495,1.50,1.50
2011.11.23 10:38:44.595,1.01476,1.01494,1.50,1.50
2011.11.23 10:38:45.491,1.01471,1.01489,1.50,1.50
2011.11.23 10:38:46.097,1.01469,1.01487,1.50,1.50
2011.11.23 10:38:46.552,1.01474,1.01492,1.50,1.50
2011.11.23 10:38:47.098,1.01481,1.01492,1.50,1.50
2011.11.23 10:38:47.214,1.01474,1.01491,1.50,1.50
2011.11.23 10:38:47.333,1.01471,1.01489,1.50,1.50
2011.11.23 10:38:47.450,1.01469,1.01487,1.50,1.50
2011.11.23 10:38:49.253,1.01467,1.01483,1.50,1.50
2011.11.23 10:38:49.371,1.01462,1.0148,1.50,1.50
2011.11.23 10:38:50.293,1.01466,1.01482,1.50,1.50
2011.11.23 10:38:50.519,1.01468,1.01486,1.50,1.50
2011.11.23 10:38:52.022,1.01479,1.01495,1.50,1.50
2011.11.23 10:38:52.470,1.01479,1.01494,1.50,1.35
2011.11.23 10:38:53.036,1.01475,1.01491,1.50,2.85
2011.11.23 10:38:53.164,1.0146,1.01478,1.50,1.50
2011.11.23 10:38:53.490,1.01466,1.01482,1.50,1.50
2011.11.23 10:38:54.501,1.01468,1.01486,1.50,1.50
2011.11.23 10:38:55.458,1.01476,1.01492,1.50,1.50
2011.11.23 10:38:55.811,1.01483,1.01501,1.50,2.25
2011.11.23 10:38:56.151,1.01464,1.0148,1.50,1.50
2011.11.23 10:38:56.271,1.0147,1.01483,1.50,1.50
2011.11.23 10:38:56.499,1.0147,1.01488,1.50,2.25
2011.11.23 10:39:03.290,1.01466,1.01482,1.50,1.50
2011.11.23 10:39:03.853,1.01456,1.01472,1.50,1.50
2011.11.23 10:39:04.319,1.01457,1.01475,1.50,3.00
2011.11.23 10:39:04.562,1.01461,1.01477,1.50,1.50
2011.11.23 10:39:05.011,1.01466,1.01484,1.50,1.50
2011.11.23 10:39:05.348,1.01468,1.01486,1.50,1.50
2011.11.23 10:39:05.800,1.01467,1.01481,1.50,1.50
2011.11.23 10:39:05.921,1.01468,1.01484,1.50,3.00
2011.11.23 10:39:06.432,1.01471,1.01487,1.50,3.00
2011.11.23 10:39:07.500,1.01476,1.01487,1.50,1.50
2011.11.23 10:39:07.619,1.01477,1.01495,1.50,1.50
2011.11.23 10:39:07.741,1.01477,1.01494,1.50,2.25
2011.11.23 10:39:08.612,1.01471,1.01487,1.50,1.50
2011.11.23 10:39:09.171,1.01469,1.01485,1.50,1.50
2011.11.23 10:39:09.293,1.01467,1.01485,1.50,1.50
2011.11.23 10:39:09.875,1.01466,1.01472,1.50,1.50
2011.11.23 10:39:10.003,1.01459,1.01475,1.50,2.10
2011.11.23 10:39:10.236,1.01453,1.01471,1.50,1.50
2011.11.23 10:39:10.351,1.01457,1.01475,1.50,1.50
2011.11.23 10:39:10.692,1.01456,1.01472,1.50,1.50
2011.11.23 10:39:11.034,1.01462,1.01478,1.50,1.50
2011.11.23 10:39:12.411,1.01466,1.0148,1.50,1.50
2011.11.23 10:39:12.529,1.01466,1.01482,1.50,1.50
2011.11.23 10:39:12.651,1.01468,1.01484,1.50,1.50
2011.11.23 10:39:12.770,1.01468,1.01486,1.50,1.50
2011.11.23 10:39:14.719,1.01466,1.01481,1.50,1.50
2011.11.23 10:39:15.321,1.01465,1.01481,1.50,1.50
2011.11.23 10:39:15.724,1.01462,1.01479,1.50,1.50
2011.11.23 10:39:15.843,1.0146,1.01476,1.50,1.50
2011.11.23 10:39:16.821,1.01456,1.01474,1.50,1.50
2011.11.23 10:39:16.940,1.01459,1.01475,1.50,1.50
2011.11.23 10:39:18.538,1.01461,1.01479,1.50,1.50
2011.11.23 10:39:18.659,1.01461,1.01479,3.60,1.50
2011.11.23 10:39:19.120,1.01476,1.01494,1.50,1.50
2011.11.23 10:39:19.754,1.01471,1.01487,1.50,1.50
2011.11.23 10:39:20.680,1.01475,1.0149,1.50,1.50
2011.11.23 10:39:20.799,1.01475,1.01493,1.50,1.50
2011.11.23 10:39:21.320,1.01474,1.0149,3.00,1.50
2011.11.23 10:39:21.659,1.01484,1.015,1.50,2.25
2011.11.23 10:39:21.889,1.01484,1.015,1.50,2.25
2011.11.23 10:39:22.123,1.01484,1.01496,1.50,1.13
2011.11.23 10:39:22.514,1.01474,1.0149,1.50,2.25
2011.11.23 10:39:22.637,1.01466,1.01482,3.00,1.50
2011.11.23 10:39:22.860,1.01467,1.01485,1.50,1.50
2011.11.23 10:39:23.970,1.01464,1.01482,1.50,1.50
2011.11.23 10:39:26.055,1.01468,1.01484,1.50,1.50
2011.11.23 10:39:26.285,1.01462,1.0148,1.50,1.50
2011.11.23 10:39:26.733,1.0146,1.01477,1.50,1.50
2011.11.23 10:39:26.965,1.01455,1.01473,1.50,1.50
2011.11.23 10:39:27.394,1.01452,1.0147,1.50,1.50
2011.11.23 10:39:27.768,1.01457,1.01475,1.50,1.50
2011.11.23 10:39:28.111,1.01459,1.01475,1.50,1.50
2011.11.23 10:39:28.451,1.0147,1.01486,1.50,1.50
2011.11.23 10:39:28.791,1.0148,1.01496,1.50,1.50
2011.11.23 10:39:29.251,1.01476,1.01492,1.50,1.88
2011.11.23 10:39:29.372,1.01467,1.01485,1.50,1.50
2011.11.23 10:39:29.710,1.01466,1.01483,1.50,1.50
2011.11.23 10:39:29.837,1.01467,1.01485,1.50,1.50
2011.11.23 10:39:30.181,1.01468,1.01483,1.50,1.50
2011.11.23 10:39:30.300,1.0147,1.01487,1.50,1.50
2011.11.23 10:39:30.422,1.01472,1.01488,1.50,1.50
2011.11.23 10:39:31.512,1.01481,1.01499,1.50,2.25
2011.11.23 10:39:31.959,1.01486,1.01502,1.50,1.50
2011.11.23 10:39:33.982,1.01484,1.01501,1.50,1.50
2011.11.23 10:39:34.540,1.01486,1.01503,1.50,1.50
2011.11.23 10:39:35.505,1.01486,1.01501,1.50,1.50
2011.11.23 10:39:35.624,1.01482,1.015,1.50,1.50
2011.11.23 10:39:35.745,1.01492,1.0151,1.50,3.00
2011.11.23 10:39:36.269,1.01478,1.01494,1.50,1.50
2011.11.23 10:39:38.044,1.01475,1.01491,1.50,1.50
2011.11.23 10:39:38.879,1.01483,1.01497,1.50,1.50
2011.11.23 10:39:39.002,1.01483,1.01501,1.50,1.50
2011.11.23 10:39:39.118,1.01481,1.01497,1.50,1.50
2011.11.23 10:39:40.509,1.01476,1.01494,1.50,1.50
2011.11.23 10:39:42.870,1.01487,1.01494,1.50,1.50
2011.11.23 10:39:42.989,1.01489,1.01507,1.50,2.25
2011.11.23 10:39:43.220,1.01487,1.01503,1.50,1.50
2011.11.23 10:39:43.338,1.01481,1.01499,1.50,1.50
2011.11.23 10:39:44.863,1.01496,1.01514,1.50,3.11
2011.11.23 10:39:44.986,1.01496,1.01513,1.50,1.50
2011.11.23 10:39:45.880,1.01496,1.01513,1.50,1.35
2011.11.23 10:39:46.000,1.01493,1.01509,1.50,2.25
2011.11.23 10:39:46.118,1.01489,1.01507,1.50,1.50
2011.11.23 10:39:46.242,1.01485,1.01501,1.50,1.50
2011.11.23 10:39:46.829,1.01488,1.01501,1.50,1.50
2011.11.23 10:39:46.952,1.01486,1.01502,1.50,1.50
2011.11.23 10:39:47.406,1.01481,1.01497,1.50,1.50
2011.11.23 10:39:48.590,1.01489,1.01505,1.50,1.50
2011.11.23 10:39:49.181,1.015,1.01505,1.50,1.50
2011.11.23 10:39:49.300,1.01503,1.01519,1.50,2.25
2011.11.23 10:39:49.531,1.015,1.01518,1.50,2.25
2011.11.23 10:39:49.653,1.015,1.0151,1.50,1.50
2011.11.23 10:39:49.775,1.01491,1.01508,1.50,1.50
2011.11.23 10:39:49.892,1.01493,1.01509,1.50,1.50
2011.11.23 10:39:50.466,1.01496,1.01512,1.50,1.50
2011.11.23 10:39:50.802,1.01502,1.01515,1.50,1.50
2011.11.23 10:39:50.921,1.01503,1.01521,1.50,1.50
2011.11.23 10:39:51.809,1.01508,1.01522,1.50,1.50
2011.11.23 10:39:51.928,1.01508,1.01526,1.50,1.50
2011.11.23 10:39:52.440,1.01508,1.01525,1.50,2.25
2011.11.23 10:39:52.778,1.01505,1.01519,1.50,2.25
2011.11.23 10:39:52.898,1.01503,1.01519,1.50,2.25
2011.11.23 10:39:54.761,1.0151,1.01527,1.50,1.50
2011.11.23 10:39:55.258,1.01511,1.01522,1.50,1.50
2011.11.23 10:39:55.386,1.01504,1.01519,1.50,2.25
2011.11.23 10:39:55.831,1.01503,1.01515,1.50,1.50
2011.11.23 10:39:56.063,1.01503,1.01519,1.50,1.50
2011.11.23 10:39:58.210,1.01501,1.01517,1.50,1.50
2011.11.23 10:39:58.439,1.01502,1.0152,1.50,1.50
2011.11.23 10:40:01.490,1.01503,1.0152,1.50,1.50
2011.11.23 10:40:01.616,1.01502,1.01518,1.50,1.50
2011.11.23 10:40:01.948,1.015,1.01516,1.50,1.50
2011.11.23 10:40:02.740,1.01502,1.0152,1.50,1.50
2011.11.23 10:40:04.917,1.015,1.01518,3.00,1.50
2011.11.23 10:40:05.266,1.01498,1.01514,1.50,1.50
2011.11.23 10:40:06.480,1.01512,1.01526,1.50,2.25
2011.11.23 10:40:06.599,1.0151,1.01528,1.50,2.85
2011.11.23 10:40:06.720,1.01513,1.01531,1.50,3.60
2011.11.23 10:40:06.839,1.01513,1.01531,1.50,1.50
2011.11.23 10:40:07.498,1.0151,1.01528,1.50,1.50
2011.11.23 10:40:08.066,1.01517,1.0153,1.50,2.48
2011.11.23 10:40:08.181,1.01508,1.01521,1.50,1.50
2011.11.23 10:40:08.308,1.01506,1.01522,1.50,1.50
2011.11.23 10:40:08.434,1.01504,1.0152,1.50,1.50
2011.11.23 10:40:09.090,1.01493,1.01511,2.75,1.50
2011.11.23 10:40:09.216,1.01508,1.01524,1.50,1.50
2011.11.23 10:40:09.330,1.01504,1.01522,1.50,1.50
2011.11.23 10:40:14.463,1.01501,1.01519,1.50,1.50
2011.11.23 10:40:14.799,1.015,1.01516,1.50,1.50
2011.11.23 10:40:15.032,1.01498,1.01516,1.50,1.50
2011.11.23 10:40:17.550,1.01501,1.01519,1.50,1.50
2011.11.23 10:40:18.651,1.015,1.01516,1.50,1.50
2011.11.23 10:40:18.994,1.01502,1.01518,1.50,1.50
2011.11.23 10:40:19.332,1.01509,1.01523,1.50,1.50
2011.11.23 10:40:19.675,1.01506,1.01517,1.50,1.50
2011.11.23 10:40:19.791,1.01501,1.01517,3.00,1.50
2011.11.23 10:40:19.910,1.01502,1.0152,1.50,1.50
2011.11.23 10:40:20.309,1.01502,1.0152,1.50,2.25
2011.11.23 10:40:21.882,1.01501,1.01517,1.50,1.50
2011.11.23 10:40:22.309,1.01498,1.01514,1.50,1.50
2011.11.23 10:40:23.980,1.01494,1.0151,1.50,1.50
2011.11.23 10:40:25.572,1.01496,1.01512,1.50,1.50
2011.11.23 10:40:27.671,1.015,1.01512,1.50,1.50
2011.11.23 10:40:27.790,1.01503,1.01519,1.50,1.50
2011.11.23 10:40:28.688,1.01511,1.01529,1.50,1.50
2011.11.23 10:40:28.924,1.0152,1.01535,1.50,1.35
2011.11.23 10:40:29.406,1.0151,1.01527,1.50,1.50
2011.11.23 10:40:29.520,1.0151,1.01523,1.50,1.50
2011.11.23 10:40:29.638,1.01505,1.01523,1.50,1.50
2011.11.23 10:40:30.223,1.01512,1.0153,1.50,2.10
2011.11.23 10:40:30.559,1.01508,1.01526,1.50,1.50
2011.11.23 10:40:30.900,1.01519,1.01535,1.50,1.50
2011.11.23 10:40:31.759,1.01514,1.01532,1.50,1.50
2011.11.23 10:40:31.882,1.0152,1.01536,1.50,1.50
2011.11.23 10:40:32.222,1.01512,1.01528,1.50,1.50
2011.11.23 10:40:32.569,1.01508,1.01524,1.50,1.50
2011.11.23 10:40:32.693,1.0151,1.01527,1.50,1.50
2011.11.23 10:40:33.525,1.01516,1.01534,1.50,1.50
2011.11.23 10:40:36.813,1.01519,1.01535,1.50,1.50
2011.11.23 10:40:41.524,1.01517,1.01533,1.50,1.50
2011.11.23 10:40:44.191,1.01521,1.01535,1.50,1.50
2011.11.23 10:40:44.399,1.01521,1.01539,1.50,1.50
2011.11.23 10:40:45.651,1.01517,1.01535,1.50,1.50
2011.11.23 10:40:45.989,1.01515,1.01531,1.50,1.50
2011.11.23 10:40:46.478,1.01518,1.01534,1.50,1.50
2011.11.23 10:40:47.269,1.01523,1.01539,1.50,1.50
2011.11.23 10:40:47.625,1.01517,1.01535,2.85,1.50
2011.11.23 10:40:48.340,1.0152,1.01536,1.50,1.50
2011.11.23 10:40:48.572,1.0152,1.01538,1.50,1.50
2011.11.23 10:40:51.441,1.0151,1.01528,1.50,1.50
2011.11.23 10:40:51.781,1.01521,1.01537,1.50,2.25
2011.11.23 10:40:52.125,1.01521,1.01537,1.50,2.25
2011.11.23 10:40:52.248,1.0151,1.01528,1.50,1.50
2011.11.23 10:40:52.374,1.0151,1.01526,1.50,1.50
2011.11.23 10:40:52.812,1.0151,1.01528,1.50,1.50
2011.11.23 10:40:52.936,1.01505,1.01531,1.50,2.25
2011.11.23 10:40:53.050,1.01508,1.0153,1.50,1.50
2011.11.23 10:40:53.389,1.01506,1.01522,1.50,1.50
2011.11.23 10:40:53.620,1.01503,1.01521,1.50,1.50
2011.11.23 10:40:54.901,1.01503,1.01515,1.50,1.50
2011.11.23 10:40:55.372,1.01496,1.01512,1.50,1.50
2011.11.23 10:40:55.708,1.01491,1.01507,1.50,1.50
2011.11.23 10:40:56.397,1.01502,1.01507,1.50,1.50
2011.11.23 10:40:56.516,1.01505,1.01518,1.50,1.50
2011.11.23 10:40:56.631,1.01505,1.01521,1.50,1.50
2011.11.23 10:40:56.861,1.01505,1.01521,1.50,4.35
2011.11.23 10:40:57.506,1.01492,1.0151,1.50,1.50
2011.11.23 10:40:57.572,1.01495,1.01513,1.50,2.85
2011.11.23 10:40:57.903,1.01502,1.01518,1.50,2.25
2011.11.23 10:40:58.459,1.01501,1.01519,1.50,1.50
2011.11.23 10:41:00.939,1.015,1.01513,1.50,1.50
2011.11.23 10:41:01.058,1.01497,1.01513,1.50,1.50
2011.11.23 10:41:01.182,1.01498,1.01516,1.50,1.50
2011.11.23 10:41:01.812,1.01502,1.01517,1.50,1.50
2011.11.23 10:41:03.043,1.01503,1.01518,1.50,1.50
2011.11.23 10:41:03.161,1.01504,1.01522,1.50,2.25
2011.11.23 10:41:04.435,1.01504,1.01522,1.50,2.25
2011.11.23 10:41:04.700,1.01504,1.01522,1.50,2.63
2011.11.23 10:41:04.929,1.01496,1.01514,1.50,1.50
2011.11.23 10:41:05.051,1.01493,1.01511,1.50,1.50
2011.11.23 10:41:05.394,1.015,1.01518,1.50,2.25
2011.11.23 10:41:05.635,1.01485,1.01501,1.50,1.50
2011.11.23 10:41:06.109,1.01496,1.01501,1.50,1.50
2011.11.23 10:41:06.213,1.01498,1.01514,1.50,1.50
2011.11.23 10:41:07.101,1.01494,1.01512,1.50,1.50
2011.11.23 10:41:07.219,1.01498,1.01514,1.50,1.50
2011.11.23 10:41:07.559,1.01493,1.01509,1.50,1.50
2011.11.23 10:41:08.714,1.01495,1.01513,1.50,3.00
2011.11.23 10:41:08.844,1.01493,1.01511,1.50,1.50
2011.11.23 10:41:10.196,1.01493,1.01508,1.50,1.50
2011.11.23 10:41:10.312,1.01489,1.01505,1.50,1.50
2011.11.23 10:41:11.372,1.01487,1.01503,1.50,1.50
2011.11.23 10:41:11.490,1.01492,1.0151,1.50,2.25
2011.11.23 10:41:11.940,1.0149,1.01506,1.50,1.50
2011.11.23 10:41:12.291,1.01488,1.01503,1.50,1.50
2011.11.23 10:41:12.416,1.0149,1.01506,1.50,1.50
2011.11.23 10:41:12.536,1.01497,1.01513,1.50,1.50
2011.11.23 10:41:12.765,1.01493,1.01511,1.50,1.50
2011.11.23 10:41:13.166,1.01497,1.01513,1.50,3.00
2011.11.23 10:41:13.879,1.01497,1.0151,1.50,1.50
2011.11.23 10:41:14.110,1.01491,1.01509,1.50,1.50
2011.11.23 10:41:14.232,1.0149,1.01506,3.00,1.50
2011.11.23 10:41:14.570,1.01492,1.01508,1.50,1.50
2011.11.23 10:41:15.022,1.01481,1.01499,2.85,1.50
2011.11.23 10:41:15.253,1.01494,1.01512,1.50,2.25
2011.11.23 10:41:15.805,1.01484,1.015,1.50,1.50
2011.11.23 10:41:16.578,1.01485,1.01503,1.50,1.50
2011.11.23 10:41:16.699,1.01497,1.01504,1.50,1.50
2011.11.23 10:41:17.042,1.01484,1.01502,1.50,1.50
2011.11.23 10:41:19.008,1.01482,1.015,3.00,1.50
2011.11.23 10:41:19.349,1.01479,1.01497,1.50,1.50
2011.11.23 10:41:19.696,1.01485,1.01503,1.50,1.50
2011.11.23 10:41:20.142,1.01493,1.01504,1.50,1.50
2011.11.23 10:41:20.260,1.01493,1.01511,1.50,1.50
2011.11.23 10:41:22.502,1.01496,1.01512,1.50,1.50
2011.11.23 10:41:23.183,1.01494,1.0151,1.50,1.50
2011.11.23 10:41:24.049,1.01491,1.01507,3.00,1.50
2011.11.23 10:41:24.172,1.01492,1.0151,1.50,3.00
2011.11.23 10:41:26.785,1.01495,1.01513,1.50,1.50
2011.11.23 10:41:27.122,1.01506,1.01515,1.50,1.50
2011.11.23 10:41:27.243,1.01502,1.01515,1.50,1.50
2011.11.23 10:41:27.470,1.01502,1.01518,1.50,1.50
2011.11.23 10:41:28.037,1.01499,1.01515,1.50,1.50
2011.11.23 10:41:28.260,1.01503,1.01521,1.50,1.50
2011.11.23 10:41:28.490,1.01505,1.01523,1.50,1.50
2011.11.23 10:41:28.828,1.01504,1.0152,1.50,1.50
2011.11.23 10:41:29.169,1.01499,1.01515,1.50,1.50
2011.11.23 10:41:29.771,1.01497,1.01507,1.50,1.50
2011.11.23 10:41:30.252,1.01491,1.01507,1.50,1.50
2011.11.23 10:41:30.400,1.01493,1.01511,1.50,1.50
2011.11.23 10:41:30.631,1.01491,1.01506,2.25,1.50
2011.11.23 10:41:30.971,1.01495,1.01513,1.50,1.50
2011.11.23 10:41:31.311,1.01493,1.01511,1.50,1.50
2011.11.23 10:41:31.655,1.01486,1.01502,1.50,1.50
2011.11.23 10:41:32.317,1.01491,1.01506,1.50,1.50
2011.11.23 10:41:32.433,1.01488,1.01506,1.50,1.50
2011.11.23 10:41:32.851,1.01487,1.01502,1.50,1.50
2011.11.23 10:41:33.080,1.01489,1.01505,1.50,1.50
2011.11.23 10:41:33.200,1.01486,1.01504,3.00,1.50
2011.11.23 10:41:33.430,1.0149,1.01506,1.50,1.50
2011.11.23 10:41:33.989,1.01491,1.01508,1.50,2.25
2011.11.23 10:41:34.818,1.01491,1.01509,1.50,1.50
2011.11.23 10:41:35.077,1.0149,1.01506,3.00,1.50
2011.11.23 10:41:36.070,1.01491,1.01509,1.50,1.50
2011.11.23 10:41:36.678,1.0149,1.01502,1.50,1.50
2011.11.23 10:41:36.802,1.01484,1.01502,1.50,1.50
2011.11.23 10:41:37.469,1.01474,1.01492,1.50,1.50
2011.11.23 10:41:37.808,1.01481,1.01497,1.50,1.50
2011.11.23 10:41:37.929,1.01474,1.01492,1.50,1.50
2011.11.23 10:41:38.383,1.01474,1.01492,2.25,1.50
2011.11.23 10:41:38.721,1.01474,1.01492,2.25,1.50
2011.11.23 10:41:38.948,1.01482,1.01498,1.50,1.50
2011.11.23 10:41:39.530,1.01486,1.01502,1.50,1.50
2011.11.23 10:41:43.198,1.01486,1.01502,2.25,1.50
2011.11.23 10:41:43.653,1.0149,1.01508,1.50,1.50
2011.11.23 10:41:43.994,1.01493,1.01509,1.50,1.50
2011.11.23 10:41:45.379,1.01496,1.01512,1.50,1.50
2011.11.23 10:41:46.833,1.01493,1.01511,1.50,1.50
2011.11.23 10:41:47.257,1.0149,1.01506,1.50,1.50
2011.11.23 10:41:47.610,1.01494,1.0151,1.50,1.50
2011.11.23 10:41:47.951,1.0149,1.01506,1.50,1.50
2011.11.23 10:41:48.403,1.01486,1.01502,1.50,1.50
2011.11.23 10:41:50.494,1.01483,1.01501,1.50,1.50
2011.11.23 10:41:50.614,1.01488,1.01504,1.50,1.50
2011.11.23 10:41:50.951,1.01488,1.01502,1.50,1.50
2011.11.23 10:41:51.178,1.01483,1.01499,1.50,1.50
2011.11.23 10:41:51.299,1.01483,1.01499,1.50,2.25
2011.11.23 10:41:51.810,1.01483,1.01499,1.50,2.25
2011.11.23 10:41:51.953,1.01479,1.01497,1.50,1.50
2011.11.23 10:41:53.239,1.01479,1.01495,3.00,1.50
2011.11.23 10:41:53.473,1.01474,1.01492,1.50,1.50
2011.11.23 10:41:54.149,1.01473,1.01489,1.50,1.50
2011.11.23 10:41:55.495,1.01476,1.01492,1.50,3.00
2011.11.23 10:41:55.611,1.01473,1.01491,1.50,1.50
2011.11.23 10:41:55.732,1.01481,1.01494,1.50,1.50
2011.11.23 10:41:55.851,1.01483,1.01499,1.50,2.63
2011.11.23 10:41:56.195,1.01481,1.0149,1.50,1.50
2011.11.23 10:41:56.314,1.01474,1.0149,1.50,1.50
2011.11.23 10:41:56.730,1.01472,1.01488,2.25,1.50
2011.11.23 10:41:57.192,1.01473,1.01491,1.50,1.50
2011.11.23 10:41:58.312,1.01476,1.01492,1.50,1.50
2011.11.23 10:41:58.653,1.01479,1.01495,2.25,1.50
2011.11.23 10:41:58.991,1.01479,1.01495,1.50,1.50
2011.11.23 10:41:59.551,1.01483,1.01499,1.50,1.50
2011.11.23 10:42:00.003,1.0148,1.01496,1.50,1.50
2011.11.23 10:42:00.342,1.01476,1.01492,1.50,1.50
2011.11.23 10:42:00.460,1.01478,1.01496,1.50,1.50
2011.11.23 10:42:01.681,1.01486,1.01502,1.50,1.50
2011.11.23 10:42:02.022,1.01489,1.01505,1.50,2.25
2011.11.23 10:42:02.361,1.01487,1.01503,1.50,1.50
2011.11.23 10:42:03.781,1.01487,1.01502,1.50,1.50
2011.11.23 10:42:03.901,1.01482,1.015,1.50,1.50
2011.11.23 10:42:04.492,1.01478,1.01494,1.50,1.50
2011.11.23 10:42:05.380,1.01478,1.01488,1.50,2.10
2011.11.23 10:42:05.723,1.01462,1.01478,1.50,1.50
2011.11.23 10:42:05.843,1.01467,1.01483,1.50,1.50
2011.11.23 10:42:06.604,1.01461,1.01477,2.25,1.50
2011.11.23 10:42:06.941,1.01474,1.0149,2.10,1.50
2011.11.23 10:42:07.280,1.01482,1.015,1.50,2.25
2011.11.23 10:42:07.517,1.01477,1.01493,1.50,1.50
2011.11.23 10:42:07.852,1.01488,1.01495,1.50,2.25
2011.11.23 10:42:08.290,1.01488,1.01504,1.50,1.50
2011.11.23 10:42:08.761,1.01485,1.01501,3.00,1.50
2011.11.23 10:42:08.993,1.01482,1.015,1.50,1.50
2011.11.23 10:42:09.115,1.01477,1.01495,1.50,1.50
2011.11.23 10:42:09.452,1.01472,1.0149,1.50,1.50
2011.11.23 10:42:12.331,1.01476,1.01492,1.50,1.50
2011.11.23 10:42:12.721,1.01481,1.01497,1.50,1.50
2011.11.23 10:42:14.324,1.01478,1.01493,1.50,1.50
2011.11.23 10:42:14.440,1.01475,1.01493,1.50,1.50
2011.11.23 10:42:15.199,1.01479,1.01497,1.50,1.50
2011.11.23 10:42:15.783,1.0147,1.01488,1.50,1.50
2011.11.23 10:42:17.844,1.0147,1.01488,2.25,1.50
2011.11.23 10:42:18.071,1.01461,1.01479,2.25,1.50
2011.11.23 10:42:18.587,1.01472,1.01488,1.50,2.25
2011.11.23 10:42:18.812,1.01473,1.01489,1.50,1.50
2011.11.23 10:42:24.400,1.01474,1.01492,1.50,1.50
2011.11.23 10:42:24.850,1.01474,1.01492,2.25,1.50
2011.11.23 10:42:24.969,1.01474,1.01492,1.50,1.50
2011.11.23 10:42:25.584,1.01472,1.0149,1.50,1.50
2011.11.23 10:42:25.965,1.01476,1.01494,1.50,1.50
2011.11.23 10:42:27.330,1.01476,1.01491,1.50,1.50
2011.11.23 10:42:27.451,1.01472,1.01488,1.50,1.50
2011.11.23 10:42:27.679,1.01472,1.01486,1.50,1.50
2011.11.23 10:42:27.802,1.01468,1.01484,1.50,1.50
2011.11.23 10:42:28.029,1.01466,1.01482,2.25,1.50
2011.11.23 10:42:28.592,1.01466,1.01482,1.50,1.50
2011.11.23 10:42:30.211,1.01469,1.01485,1.50,1.50
2011.11.23 10:42:34.430,1.01474,1.01492,1.50,1.50
2011.11.23 10:42:34.551,1.01471,1.01489,1.50,1.50
2011.11.23 10:42:34.891,1.01468,1.01486,1.50,1.50
2011.11.23 10:42:35.603,1.01467,1.01483,1.50,1.50
2011.11.23 10:42:36.001,1.01469,1.01485,1.50,2.10
2011.11.23 10:42:36.570,1.01463,1.01479,1.50,1.50
2011.11.23 10:42:37.446,1.01465,1.01481,1.50,3.00
2011.11.23 10:42:37.671,1.01471,1.01489,1.50,1.50
2011.11.23 10:42:38.309,1.01471,1.01489,2.25,1.50
2011.11.23 10:42:38.789,1.01471,1.01489,1.50,1.50
2011.11.23 10:42:39.841,1.01471,1.01488,1.50,1.50
2011.11.23 10:42:39.965,1.01468,1.01486,1.50,1.50
2011.11.23 10:42:40.479,1.01466,1.01482,1.50,1.50
2011.11.23 10:42:40.819,1.01468,1.01484,1.50,1.50
2011.11.23 10:42:41.930,1.0147,1.01486,1.50,1.50
2011.11.23 10:42:42.049,1.0147,1.01488,1.50,1.50
2011.11.23 10:42:42.768,1.0147,1.01484,1.50,1.50
2011.11.23 10:42:42.884,1.01464,1.01482,1.50,1.50
2011.11.23 10:42:45.201,1.01462,1.01473,2.25,1.50
2011.11.23 10:42:45.321,1.01455,1.01473,2.25,1.50
2011.11.23 10:42:45.440,1.01466,1.01474,1.50,1.50
2011.11.23 10:42:45.562,1.01466,1.01482,1.50,1.50
2011.11.23 10:42:46.127,1.01462,1.01478,1.50,1.50
2011.11.23 10:42:47.180,1.01456,1.01472,2.25,1.50
2011.11.23 10:42:47.300,1.01456,1.01472,2.25,1.50
2011.11.23 10:42:47.420,1.01466,1.01482,1.50,1.50
2011.11.23 10:42:47.985,1.01466,1.01478,1.50,1.50
2011.11.23 10:42:48.099,1.01459,1.01475,2.25,1.50
2011.11.23 10:42:48.223,1.01459,1.01475,1.50,1.50
2011.11.23 10:42:49.729,1.01457,1.01473,1.50,1.50
2011.11.23 10:42:50.512,1.01459,1.01475,1.50,1.50
2011.11.23 10:42:51.786,1.01445,1.01461,1.50,1.50
2011.11.23 10:42:52.234,1.01455,1.01471,1.50,1.50
2011.11.23 10:42:52.682,1.01457,1.01474,1.50,1.50
2011.11.23 10:42:53.264,1.01455,1.01473,1.50,1.50
2011.11.23 10:42:53.380,1.01458,1.01474,1.50,3.00
2011.11.23 10:42:53.724,1.01465,1.0148,1.50,1.50
2011.11.23 10:42:54.173,1.01465,1.01483,1.50,2.25
2011.11.23 10:42:54.512,1.01458,1.01474,1.50,1.50
2011.11.23 10:42:55.711,1.01456,1.01472,1.50,1.50
2011.11.23 10:42:58.292,1.01454,1.01466,1.50,1.50
2011.11.23 10:42:58.411,1.01452,1.01468,1.50,1.50
2011.11.23 10:42:58.533,1.01452,1.0147,1.50,1.50
2011.11.23 10:42:59.097,1.01451,1.01467,1.50,1.50
2011.11.23 10:43:00.441,1.01452,1.01467,1.50,1.50
2011.11.23 10:43:00.561,1.01454,1.01472,1.50,1.50
2011.11.23 10:43:01.860,1.01456,1.01471,1.50,1.50
2011.11.23 10:43:02.684,1.01456,1.01472,1.50,1.50
2011.11.23 10:43:04.992,1.01456,1.01471,1.50,1.50
2011.11.23 10:43:05.115,1.01459,1.01475,1.50,1.50
2011.11.23 10:43:05.235,1.01454,1.01472,1.50,1.50
2011.11.23 10:43:05.683,1.01451,1.01469,1.50,1.50
2011.11.23 10:43:06.991,1.01457,1.01475,1.50,1.50
2011.11.23 10:43:08.085,1.01455,1.01473,1.50,1.50
2011.11.23 10:43:11.482,1.01455,1.01471,1.50,1.50
2011.11.23 10:43:11.941,1.01453,1.01469,1.50,1.50
2011.11.23 10:43:12.288,1.01454,1.01472,1.50,1.50
2011.11.23 10:43:13.346,1.01457,1.01475,1.50,1.50
2011.11.23 10:43:15.770,1.01457,1.01474,1.50,1.50
2011.11.23 10:43:15.890,1.01455,1.01473,1.50,1.50
2011.11.23 10:43:16.121,1.01455,1.01471,1.50,1.50
2011.11.23 10:43:16.241,1.01446,1.01464,1.50,1.50
2011.11.23 10:43:16.468,1.01446,1.01462,1.50,1.50
2011.11.23 10:43:16.590,1.01442,1.0146,1.50,1.50
2011.11.23 10:43:22.564,1.01438,1.01456,1.50,1.50
2011.11.23 10:43:23.250,1.0144,1.01458,1.50,1.50
2011.11.23 10:43:24.501,1.01438,1.01454,1.50,1.50
2011.11.23 10:43:25.011,1.01441,1.01456,1.50,1.50
2011.11.23 10:43:25.583,1.01441,1.01457,1.50,1.50
2011.11.23 10:43:26.770,1.01446,1.01459,1.50,1.50
2011.11.23 10:43:26.889,1.01447,1.01465,1.50,2.10
2011.11.23 10:43:27.010,1.01433,1.01451,1.50,1.50
2011.11.23 10:43:27.351,1.01445,1.01461,1.50,1.50
2011.11.23 10:43:27.475,1.01441,1.01459,2.15,1.50
2011.11.23 10:43:27.594,1.01445,1.01461,1.50,1.50
2011.11.23 10:43:28.167,1.01449,1.01465,1.50,1.50
2011.11.23 10:43:29.375,1.01451,1.01467,1.50,1.50
2011.11.23 10:43:29.490,1.01451,1.01469,1.50,1.50
2011.11.23 10:43:29.720,1.0145,1.01466,3.00,1.50
2011.11.23 10:43:30.912,1.01463,1.01468,1.50,1.50
2011.11.23 10:43:31.037,1.01463,1.01479,1.50,1.50
2011.11.23 10:43:31.263,1.01465,1.01481,1.50,1.50
2011.11.23 10:43:31.601,1.01465,1.01479,1.50,1.50
2011.11.23 10:43:31.834,1.01461,1.01477,2.15,1.50
2011.11.23 10:43:32.409,1.01459,1.01477,1.50,1.50
2011.11.23 10:43:32.531,1.01462,1.0148,1.50,1.50
2011.11.23 10:43:34.371,1.01462,1.0148,2.10,1.50
2011.11.23 10:43:34.489,1.01474,1.01492,1.50,1.50
2011.11.23 10:43:35.003,1.01473,1.01489,1.50,2.25
2011.11.23 10:43:35.349,1.01466,1.01482,1.50,1.50
2011.11.23 10:43:36.325,1.01468,1.01484,1.50,1.50
2011.11.23 10:43:39.469,1.01471,1.01487,1.50,1.50
2011.11.23 10:43:40.251,1.01467,1.01483,1.50,2.25
2011.11.23 10:43:40.926,1.01461,1.01479,1.50,1.50
2011.11.23 10:43:41.152,1.01465,1.01481,1.50,1.50
2011.11.23 10:43:41.565,1.01458,1.01474,1.50,1.50
2011.11.23 10:43:42.009,1.01462,1.01478,1.50,1.50
2011.11.23 10:43:44.379,1.01462,1.01478,2.10,1.50
2011.11.23 10:43:44.720,1.01474,1.01492,1.50,1.50
2011.11.23 10:43:46.362,1.01484,1.01499,1.50,1.35
2011.11.23 10:43:46.481,1.01477,1.01493,1.50,2.25
2011.11.23 10:43:46.601,1.01481,1.01493,1.50,2.25
2011.11.23 10:43:46.723,1.01484,1.015,1.50,1.50
2011.11.23 10:43:46.950,1.01484,1.015,2.10,1.50
2011.11.23 10:43:47.384,1.01492,1.01503,1.50,1.50
2011.11.23 10:43:47.515,1.0149,1.01506,1.50,1.50
2011.11.23 10:43:47.742,1.01492,1.01508,1.50,1.50
2011.11.23 10:43:48.193,1.01489,1.01507,1.50,1.50
2011.11.23 10:43:48.423,1.01492,1.0151,1.50,1.50
2011.11.23 10:43:51.098,1.01492,1.0151,1.50,2.25
2011.11.23 10:43:52.218,1.01492,1.0151,1.50,1.50
2011.11.23 10:43:59.298,1.01492,1.0151,1.50,2.25
2011.11.23 10:44:01.478,1.01492,1.0151,1.50,1.50
2011.11.23 10:44:02.068,1.01492,1.0151,1.50,2.25
2011.11.23 10:44:03.170,1.01492,1.0151,1.50,1.50
2011.11.23 10:44:06.513,1.01492,1.01508,1.50,1.50
2011.11.23 10:44:07.092,1.01495,1.01513,1.50,1.50
2011.11.23 10:44:07.663,1.015,1.01516,1.50,1.50
2011.11.23 10:44:08.990,1.015,1.01516,1.50,2.25
2011.11.23 10:44:09.330,1.015,1.01516,1.50,1.50
2011.11.23 10:44:09.449,1.01498,1.01514,1.50,1.50
2011.11.23 10:44:10.005,1.01502,1.01518,1.50,1.50
2011.11.23 10:44:12.774,1.015,1.01516,3.00,1.50
2011.11.23 10:44:13.877,1.01493,1.01509,1.50,1.50
2011.11.23 10:44:14.910,1.01491,1.01507,1.50,1.50
2011.11.23 10:44:15.362,1.01488,1.01504,1.50,1.50
2011.11.23 10:44:16.105,1.01499,1.01513,1.50,1.43
2011.11.23 10:44:16.226,1.01499,1.01515,1.50,1.50
2011.11.23 10:44:16.729,1.01497,1.01513,1.50,1.50
2011.11.23 10:44:16.849,1.01495,1.01513,1.50,1.50
2011.11.23 10:44:17.720,1.01498,1.01516,1.50,1.50
2011.11.23 10:44:18.821,1.01498,1.01515,1.50,1.50
2011.11.23 10:44:19.159,1.01497,1.01513,1.50,2.25
2011.11.23 10:44:19.514,1.01493,1.01509,1.50,2.10
2011.11.23 10:44:19.854,1.01483,1.01499,1.50,1.50
2011.11.23 10:44:20.084,1.01488,1.01506,1.50,1.50
2011.11.23 10:44:20.204,1.01497,1.01513,1.50,1.50
2011.11.23 10:44:21.409,1.01494,1.0151,1.50,1.50
2011.11.23 10:44:21.751,1.01499,1.01515,1.50,1.50
2011.11.23 10:44:22.199,1.01499,1.01515,1.50,2.25
2011.11.23 10:44:22.322,1.01497,1.01515,1.50,2.25
2011.11.23 10:44:22.438,1.01497,1.01515,1.50,1.50
2011.11.23 10:44:23.238,1.01497,1.01515,1.50,2.25
2011.11.23 10:44:24.628,1.01497,1.01515,1.50,1.50
2011.11.23 10:44:25.321,1.01506,1.01524,1.50,2.25
2011.11.23 10:44:26.039,1.015,1.01516,1.50,1.50
2011.11.23 10:44:27.710,1.0149,1.01508,1.50,1.50
2011.11.23 10:44:27.939,1.01496,1.0151,1.50,1.50
2011.11.23 10:44:28.062,1.01496,1.01514,1.50,1.50
2011.11.23 10:44:28.399,1.01501,1.01516,1.50,1.50
2011.11.23 10:44:28.936,1.01504,1.01519,1.50,1.50
2011.11.23 10:44:29.158,1.01501,1.01519,1.50,1.50
2011.11.23 10:44:33.666,1.01505,1.01523,1.50,1.50
2011.11.23 10:44:35.240,1.01508,1.01524,1.50,1.50
2011.11.23 10:44:35.360,1.01508,1.01526,1.50,1.50
2011.11.23 10:44:35.594,1.01504,1.01522,1.50,1.50
2011.11.23 10:44:36.485,1.01509,1.01525,1.50,1.50
2011.11.23 10:44:36.824,1.01507,1.01523,1.50,1.50
2011.11.23 10:44:37.439,1.01504,1.0152,1.50,1.50
2011.11.23 10:44:38.014,1.01505,1.01523,1.50,1.50
2011.11.23 10:44:38.132,1.0151,1.01528,1.50,2.25
2011.11.23 10:44:39.133,1.0151,1.01524,1.50,1.50
2011.11.23 10:44:39.251,1.01506,1.01522,1.50,1.50
2011.11.23 10:44:40.169,1.01504,1.0152,1.50,1.50
2011.11.23 10:44:40.619,1.01506,1.0152,1.50,1.50
2011.11.23 10:44:40.744,1.01508,1.01526,1.50,2.25
2011.11.23 10:44:40.861,1.01508,1.01526,1.50,1.50
2011.11.23 10:44:43.331,1.01512,1.01528,1.50,1.50
2011.11.23 10:44:43.562,1.01518,1.01536,1.50,1.50
2011.11.23 10:44:43.792,1.01516,1.01529,1.50,1.50
2011.11.23 10:44:43.915,1.0151,1.01528,1.50,1.50
2011.11.23 10:44:45.214,1.01509,1.01524,1.50,1.50
2011.11.23 10:44:45.331,1.01511,1.01529,1.50,2.25
2011.11.23 10:44:47.741,1.01507,1.01523,1.50,1.50
2011.11.23 10:44:48.261,1.01509,1.01525,1.50,1.50
2011.11.23 10:44:49.220,1.01512,1.01528,1.50,1.50
2011.11.23 10:44:49.982,1.0151,1.01524,1.50,1.50
2011.11.23 10:44:50.102,1.01506,1.01524,1.50,1.50
2011.11.23 10:44:50.441,1.01504,1.0152,1.50,1.50
2011.11.23 10:44:53.508,1.01507,1.01523,1.50,1.50
2011.11.23 10:44:55.291,1.01509,1.01525,1.50,1.50
2011.11.23 10:44:56.033,1.01506,1.01524,1.50,1.50
2011.11.23 10:44:56.865,1.01503,1.01521,1.50,1.50
2011.11.23 10:44:57.350,1.01505,1.01523,1.50,1.50
2011.11.23 10:44:57.842,1.01511,1.01527,1.50,1.50
2011.11.23 10:44:58.181,1.01506,1.01524,1.50,1.50
2011.11.23 10:44:58.522,1.01509,1.01525,1.50,3.00
2011.11.23 10:44:58.862,1.01511,1.01528,1.50,1.50
2011.11.23 10:44:59.421,1.0151,1.01528,1.50,2.25
2011.11.23 10:44:59.812,1.01508,1.01525,1.50,1.50
2011.11.23 10:45:00.463,1.01507,1.01525,1.50,1.50
2011.11.23 10:45:01.433,1.01504,1.01522,1.50,1.50
2011.11.23 10:45:02.398,1.01506,1.01522,1.50,1.50
2011.11.23 10:45:02.750,1.01504,1.0152,1.50,1.50
2011.11.23 10:45:03.838,1.01505,1.01522,1.50,1.50
2011.11.23 10:45:04.294,1.0151,1.01528,1.50,1.50
2011.11.23 10:45:04.675,1.01508,1.01524,1.50,1.50
2011.11.23 10:45:06.320,1.01507,1.01525,1.50,1.50
2011.11.23 10:45:11.854,1.01504,1.01522,1.50,1.50
2011.11.23 10:45:12.327,1.015,1.01518,1.50,1.50
2011.11.23 10:45:13.587,1.01502,1.01519,1.50,1.50
2011.11.23 10:45:14.190,1.01496,1.01512,1.50,1.50
2011.11.23 10:45:14.891,1.01498,1.01516,1.50,1.50
2011.11.23 10:45:23.507,1.0149,1.01508,1.50,1.50
2011.11.23 10:45:23.851,1.015,1.01518,1.50,1.50
2011.11.23 10:45:25.322,1.01503,1.01518,1.50,1.50
2011.11.23 10:45:25.440,1.01504,1.01522,1.50,1.50
2011.11.23 10:45:26.491,1.01508,1.01524,1.50,1.50
2011.11.23 10:45:26.829,1.01499,1.01515,1.50,1.50
2011.11.23 10:45:28.765,1.01507,1.01523,1.50,1.50
2011.11.23 10:45:29.103,1.01505,1.01523,1.50,1.50
2011.11.23 10:45:30.737,1.01506,1.01523,1.50,1.50
2011.11.23 10:45:30.848,1.01508,1.01526,1.50,1.50
2011.11.23 10:45:31.190,1.01508,1.01526,1.50,3.75
2011.11.23 10:45:31.595,1.01504,1.0152,1.50,1.50
2011.11.23 10:45:32.300,1.01505,1.01523,1.50,1.50
2011.11.23 10:45:32.639,1.01508,1.01526,1.50,1.50
2011.11.23 10:45:33.221,1.01523,1.01539,1.50,2.25
2011.11.23 10:45:33.781,1.0152,1.01538,1.50,2.25
2011.11.23 10:45:34.010,1.01523,1.01539,1.50,1.50
2011.11.23 10:45:34.870,1.01518,1.01536,1.50,1.50
2011.11.23 10:45:37.667,1.01524,1.01542,1.50,1.50
2011.11.23 10:45:38.013,1.01527,1.01545,1.50,2.25
2011.11.23 10:45:38.353,1.0153,1.01546,1.50,2.25
2011.11.23 10:45:38.472,1.0153,1.01546,1.50,1.50
2011.11.23 10:45:38.592,1.0153,1.0154,1.50,1.50
2011.11.23 10:45:38.712,1.01522,1.01538,1.50,1.50
2011.11.23 10:45:39.269,1.01518,1.01534,1.50,1.50
2011.11.23 10:45:41.041,1.01518,1.01529,1.50,1.50
2011.11.23 10:45:41.159,1.0151,1.01526,1.50,1.50
2011.11.23 10:45:41.370,1.01508,1.01524,1.50,1.50
2011.11.23 10:45:42.568,1.01509,1.01527,1.50,1.50
2011.11.23 10:45:42.698,1.0152,1.01536,1.50,1.50
2011.11.23 10:45:43.040,1.01518,1.01534,1.50,1.50
2011.11.23 10:45:43.592,1.01521,1.01537,1.50,1.50
2011.11.23 10:45:45.457,1.01516,1.01534,1.50,1.50
2011.11.23 10:45:49.130,1.01516,1.01532,1.50,1.50
2011.11.23 10:45:50.420,1.01519,1.01535,1.50,1.50
2011.11.23 10:45:51.397,1.01515,1.01533,1.50,1.50
2011.11.23 10:45:53.012,1.01509,1.01525,1.50,1.50
2011.11.23 10:45:53.573,1.01504,1.0152,1.50,1.50
2011.11.23 10:45:54.024,1.015,1.01518,1.50,1.50
2011.11.23 10:45:54.141,1.01502,1.0152,1.50,1.50
2011.11.23 10:45:55.229,1.01504,1.0152,1.50,1.50
2011.11.23 10:45:55.571,1.01497,1.01515,1.50,1.50
2011.11.23 10:45:56.021,1.01494,1.01512,1.50,1.50
2011.11.23 10:45:57.253,1.01491,1.01509,1.50,1.50
2011.11.23 10:45:57.636,1.0149,1.01506,1.50,1.50
2011.11.23 10:45:57.752,1.01496,1.01514,1.50,1.50
2011.11.23 10:45:58.321,1.01493,1.01511,1.50,1.50
2011.11.23 10:46:02.187,1.01493,1.01511,2.10,1.50
2011.11.23 10:46:02.728,1.01502,1.01513,1.50,1.50
2011.11.23 10:46:02.851,1.01495,1.01513,1.50,1.50
2011.11.23 10:46:02.971,1.01497,1.01513,1.50,1.50
2011.11.23 10:46:03.213,1.01493,1.01511,1.50,1.50
2011.11.23 10:46:03.784,1.01496,1.01512,1.50,1.50
2011.11.23 10:46:04.934,1.01495,1.01511,1.50,1.50
2011.11.23 10:46:05.163,1.01499,1.01517,1.50,1.50
2011.11.23 10:46:05.283,1.01488,1.01504,1.50,1.50
2011.11.23 10:46:05.800,1.01496,1.01512,1.50,1.50
2011.11.23 10:46:07.534,1.01491,1.01507,1.50,1.50
2011.11.23 10:46:09.080,1.01491,1.01506,1.50,1.50
2011.11.23 10:46:09.203,1.01487,1.01503,1.50,1.50
2011.11.23 10:46:10.541,1.01489,1.01507,1.50,1.50
2011.11.23 10:46:10.871,1.01489,1.01503,1.50,1.50
2011.11.23 10:46:10.991,1.01484,1.01502,1.50,1.50
2011.11.23 10:46:11.331,1.01484,1.01498,1.50,1.50
2011.11.23 10:46:11.451,1.01479,1.01497,1.50,1.50
2011.11.23 10:46:11.839,1.01481,1.01499,1.50,1.50
2011.11.23 10:46:12.459,1.01485,1.01501,1.50,1.50
2011.11.23 10:46:15.067,1.01483,1.01499,1.50,1.50
2011.11.23 10:46:17.093,1.01479,1.01497,1.50,1.50
2011.11.23 10:46:17.322,1.01477,1.01493,1.50,1.50
2011.11.23 10:46:17.660,1.01473,1.01489,1.50,1.50
2011.11.23 10:46:20.023,1.0147,1.01486,1.50,1.50
2011.11.23 10:46:20.360,1.01463,1.01479,1.50,1.50
2011.11.23 10:46:21.037,1.01465,1.01483,1.50,1.50
2011.11.23 10:46:21.370,1.01465,1.01481,1.50,1.50
2011.11.23 10:46:21.489,1.01462,1.0148,1.50,1.50
2011.11.23 10:46:23.115,1.01459,1.01477,1.50,1.50
2011.11.23 10:46:25.558,1.01447,1.01462,2.25,1.50
2011.11.23 10:46:25.680,1.01445,1.01461,2.25,1.50
2011.11.23 10:46:25.911,1.01449,1.01463,1.50,1.50
2011.11.23 10:46:26.282,1.01449,1.01467,1.50,1.50
2011.11.23 10:46:26.733,1.0144,1.01455,2.10,1.50
2011.11.23 10:46:26.850,1.01437,1.01455,1.50,1.50
2011.11.23 10:46:26.973,1.01449,1.01465,1.50,1.50
2011.11.23 10:46:27.200,1.0145,1.01468,1.50,3.00
2011.11.23 10:46:27.976,1.01454,1.01469,1.50,1.50
2011.11.23 10:46:28.200,1.01451,1.01467,3.00,1.50
2011.11.23 10:46:28.982,1.01447,1.01465,1.50,1.50
2011.11.23 10:46:29.211,1.01449,1.01465,1.50,1.50
2011.11.23 10:46:29.330,1.0145,1.01468,1.50,1.50
2011.11.23 10:46:30.040,1.01454,1.01469,1.50,1.50
2011.11.23 10:46:30.681,1.01454,1.0147,1.50,1.50
2011.11.23 10:46:31.211,1.01457,1.01472,1.50,1.50
2011.11.23 10:46:31.665,1.0146,1.01476,1.50,1.35
2011.11.23 10:46:31.782,1.01451,1.01467,1.50,1.50
2011.11.23 10:46:32.341,1.01454,1.0147,1.50,1.50
2011.11.23 10:46:33.669,1.01454,1.01463,1.50,1.50
2011.11.23 10:46:33.791,1.01443,1.01461,1.50,1.50
2011.11.23 10:46:34.355,1.01447,1.01461,1.50,1.50
2011.11.23 10:46:34.692,1.01456,1.01467,1.50,1.50
2011.11.23 10:46:35.185,1.01456,1.01474,1.50,1.50
2011.11.23 10:46:35.629,1.01453,1.01471,1.50,1.50
2011.11.23 10:46:37.190,1.01457,1.01471,1.50,1.50
2011.11.23 10:46:37.309,1.01458,1.01476,1.50,1.50
2011.11.23 10:46:39.381,1.01458,1.01474,1.50,1.50
2011.11.23 10:46:39.502,1.01455,1.01473,1.50,1.50
2011.11.23 10:46:40.773,1.01459,1.01475,1.50,1.50
2011.11.23 10:46:41.421,1.0146,1.01475,1.50,1.50
2011.11.23 10:46:41.863,1.01461,1.01479,1.50,1.50
2011.11.23 10:46:42.680,1.0146,1.01477,1.50,1.50
2011.11.23 10:46:43.218,1.01459,1.01475,1.50,3.00
2011.11.23 10:46:45.068,1.01462,1.01478,1.50,1.50
2011.11.23 10:46:48.251,1.01469,1.01485,1.50,1.50
2011.11.23 10:46:48.479,1.01466,1.01484,1.50,1.50
2011.11.23 10:46:48.988,1.01477,1.01491,1.50,1.50
2011.11.23 10:46:49.219,1.01477,1.01495,1.50,1.50
2011.11.23 10:46:49.340,1.01474,1.01492,1.50,1.50
2011.11.23 10:46:49.791,1.01472,1.01488,3.00,1.50
2011.11.23 10:46:53.731,1.0147,1.01485,1.50,1.50
2011.11.23 10:46:53.851,1.01467,1.01485,1.50,1.50
2011.11.23 10:46:54.300,1.0147,1.01488,1.50,1.50
2011.11.23 10:46:54.640,1.01468,1.01484,1.50,1.50
2011.11.23 10:46:55.561,1.0147,1.01486,1.50,1.50
2011.11.23 10:46:55.679,1.0147,1.01488,1.50,1.50
2011.11.23 10:46:55.801,1.01468,1.01484,1.50,1.50
2011.11.23 10:46:56.695,1.0147,1.01486,1.50,1.50
2011.11.23 10:46:56.814,1.0147,1.01488,1.50,1.50
2011.11.23 10:46:59.424,1.01468,1.01484,3.00,1.50
2011.11.23 10:47:00.089,1.01471,1.01486,1.50,1.50
2011.11.23 10:47:00.661,1.01471,1.01487,1.50,1.50
2011.11.23 10:47:01.718,1.01473,1.01489,1.50,1.50
2011.11.23 10:47:01.832,1.01473,1.01491,1.50,1.50
2011.11.23 10:47:01.953,1.01473,1.01489,1.50,1.50
2011.11.23 10:47:02.617,1.01465,1.01483,1.50,1.50
2011.11.23 10:47:02.952,1.01463,1.01479,1.50,1.50
2011.11.23 10:47:05.102,1.01465,1.01483,1.50,1.50
2011.11.23 10:47:05.222,1.01463,1.01479,1.50,1.50
2011.11.23 10:47:05.713,1.01449,1.01467,1.50,1.50
2011.11.23 10:47:05.831,1.01457,1.01473,1.50,1.50
2011.11.23 10:47:08.569,1.01446,1.01464,2.25,1.50
2011.11.23 10:47:08.800,1.01456,1.01474,1.50,1.50
2011.11.23 10:47:09.139,1.01454,1.01471,1.50,1.50
2011.11.23 10:47:09.849,1.01453,1.01471,1.50,1.50
2011.11.23 10:47:10.892,1.01441,1.01446,2.25,1.50
2011.11.23 10:47:11.011,1.01441,1.01447,1.50,1.50
2011.11.23 10:47:11.130,1.01439,1.01454,1.50,1.50
2011.11.23 10:47:11.250,1.01434,1.0145,3.00,1.50
2011.11.23 10:47:11.480,1.01438,1.01452,1.50,1.50
2011.11.23 10:47:11.922,1.01445,1.01457,1.50,1.50
2011.11.23 10:47:12.048,1.01445,1.01463,1.50,1.50
2011.11.23 10:47:12.389,1.01443,1.01459,3.00,1.50
2011.11.23 10:47:14.209,1.01437,1.01453,1.50,1.50
2011.11.23 10:47:19.062,1.01438,1.01453,1.50,1.50
2011.11.23 10:47:19.179,1.0144,1.01458,1.50,1.50
2011.11.23 10:47:19.823,1.0144,1.01458,1.50,3.60
2011.11.23 10:47:20.270,1.0143,1.01448,1.50,1.50
2011.11.23 10:47:20.394,1.01437,1.01455,1.50,2.10
2011.11.23 10:47:21.699,1.0144,1.01458,1.50,1.50
2011.11.23 10:47:22.041,1.01435,1.01453,1.50,1.50
2011.11.23 10:47:23.619,1.01435,1.01448,1.50,1.50
2011.11.23 10:47:23.739,1.01428,1.01446,1.50,1.50
2011.11.23 10:47:23.969,1.01431,1.01449,1.50,1.50
2011.11.23 10:47:24.343,1.01436,1.0145,1.50,1.50
2011.11.23 10:47:24.480,1.01438,1.01454,1.50,1.50
2011.11.23 10:47:24.930,1.01435,1.01451,1.50,1.50
2011.11.23 10:47:25.271,1.01433,1.01449,1.50,1.50
2011.11.23 10:47:27.133,1.01443,1.01449,2.18,1.50
2011.11.23 10:47:27.256,1.01442,1.01464,1.35,2.25
2011.11.23 10:47:27.369,1.01455,1.01464,1.50,1.50
2011.11.23 10:47:27.495,1.01458,1.01474,1.50,2.25
2011.11.23 10:47:27.831,1.01449,1.01475,1.50,2.25
2011.11.23 10:47:28.969,1.01449,1.01475,1.50,1.50
2011.11.23 10:47:29.280,1.01446,1.01472,2.15,1.50
2011.11.23 10:47:29.765,1.01459,1.01475,1.50,1.50
2011.11.23 10:47:30.109,1.01456,1.01472,1.50,1.50
2011.11.23 10:47:30.451,1.01456,1.01472,2.53,1.50
2011.11.23 10:47:30.682,1.01465,1.01483,1.50,1.50
2011.11.23 10:47:32.024,1.01472,1.0149,1.50,2.85
2011.11.23 10:47:32.495,1.01468,1.01486,1.50,1.50
2011.11.23 10:47:32.785,1.01468,1.01486,1.50,2.25
2011.11.23 10:47:33.010,1.01468,1.01486,1.50,1.50
2011.11.23 10:47:33.130,1.01465,1.01483,1.50,1.50
2011.11.23 10:47:37.802,1.01465,1.01483,1.50,2.10
2011.11.23 10:47:38.139,1.01456,1.01474,2.90,1.50
2011.11.23 10:47:39.295,1.01459,1.01475,1.50,1.50
2011.11.23 10:47:42.313,1.01464,1.0148,1.50,1.50
2011.11.23 10:47:44.660,1.0146,1.01478,1.50,1.50
2011.11.23 10:47:46.273,1.01458,1.01474,3.00,1.50
2011.11.23 10:47:47.209,1.01458,1.01473,1.50,1.50
2011.11.23 10:47:47.329,1.01454,1.01472,1.50,1.50
2011.11.23 10:47:49.469,1.01456,1.01472,1.50,1.50
2011.11.23 10:47:49.812,1.01452,1.01468,1.50,1.50
2011.11.23 10:47:50.150,1.01461,1.01468,1.50,1.50
2011.11.23 10:47:50.273,1.01452,1.01468,1.50,1.50
2011.11.23 10:47:51.591,1.01455,1.01471,1.50,1.50
2011.11.23 10:47:52.160,1.01455,1.01471,2.25,1.50
2011.11.23 10:47:52.390,1.01462,1.0148,1.50,1.50
2011.11.23 10:47:52.511,1.0146,1.01476,1.50,1.50
2011.11.23 10:47:53.370,1.01462,1.01478,1.50,1.50
2011.11.23 10:47:54.305,1.0146,1.01476,1.50,1.50
2011.11.23 10:47:54.426,1.01458,1.01476,1.50,1.50
2011.11.23 10:48:01.959,1.01458,1.01476,1.50,2.25
2011.11.23 10:48:02.192,1.01451,1.01469,1.50,1.50
2011.11.23 10:48:03.601,1.01457,1.01471,1.50,1.50
2011.11.23 10:48:03.943,1.01456,1.01474,1.50,1.50
2011.11.23 10:48:06.273,1.01457,1.01474,1.50,1.50
2011.11.23 10:48:06.390,1.01458,1.01476,1.50,1.50
2011.11.23 10:48:08.980,1.01451,1.01465,1.88,1.50
2011.11.23 10:48:09.119,1.01449,1.01465,1.50,1.50
2011.11.23 10:48:09.345,1.01444,1.01462,1.50,1.50
2011.11.23 10:48:09.886,1.01444,1.01462,2.25,1.50
2011.11.23 10:48:10.286,1.0145,1.01462,1.50,1.50
2011.11.23 10:48:10.403,1.01451,1.01469,1.50,1.50
2011.11.23 10:48:11.205,1.01451,1.01468,1.50,1.50
2011.11.23 10:48:11.319,1.0145,1.01466,1.50,1.50
2011.11.23 10:48:11.555,1.01442,1.0146,1.50,1.50
2011.11.23 10:48:17.601,1.0145,1.01468,1.50,1.50
2011.11.23 10:48:18.376,1.01454,1.0147,1.50,1.50
2011.11.23 10:48:18.818,1.01456,1.01474,1.50,1.50
2011.11.23 10:48:20.281,1.01456,1.01472,1.50,1.50
2011.11.23 10:48:20.400,1.01453,1.01471,1.50,1.50
2011.11.23 10:48:22.382,1.0145,1.01466,1.50,1.50
2011.11.23 10:48:23.806,1.01452,1.01468,1.50,3.00
2011.11.23 10:48:24.573,1.01449,1.01467,1.50,1.50
2011.11.23 10:48:25.898,1.01451,1.01467,1.50,1.50
2011.11.23 10:48:26.020,1.01452,1.0147,1.50,1.50
2011.11.23 10:48:26.502,1.01452,1.01468,1.50,1.50
2011.11.23 10:48:26.904,1.0145,1.01466,1.50,1.50
2011.11.23 10:48:33.753,1.01444,1.01472,1.50,1.50
2011.11.23 10:48:33.870,1.01439,1.01475,1.50,1.50
2011.11.23 10:48:33.996,1.01438,1.01475,2.10,1.88
2011.11.23 10:48:34.521,1.01442,1.01468,1.50,2.25
2011.11.23 10:48:35.421,1.01444,1.0147,1.50,1.50
2011.11.23 10:48:36.144,1.01449,1.01469,1.50,1.50
2011.11.23 10:48:36.480,1.01451,1.01467,1.50,1.50
2011.11.23 10:48:37.111,1.01447,1.01465,1.50,1.50
2011.11.23 10:48:45.482,1.01454,1.0147,1.50,1.50
2011.11.23 10:48:47.305,1.01457,1.01473,1.50,1.50
2011.11.23 10:48:48.843,1.01453,1.01471,1.50,1.50
2011.11.23 10:48:49.478,1.01458,1.01474,1.50,1.50
2011.11.23 10:48:49.602,1.01452,1.0147,1.50,1.50
2011.11.23 10:48:53.293,1.01445,1.01463,1.50,1.50
2011.11.23 10:48:53.775,1.01448,1.01464,1.50,1.50
2011.11.23 10:48:55.211,1.01441,1.01459,1.50,1.50
2011.11.23 10:48:55.553,1.01447,1.01465,1.50,2.25
2011.11.23 10:48:56.256,1.01447,1.01465,1.50,1.50
2011.11.23 10:48:56.517,1.01441,1.01459,2.90,1.50
2011.11.23 10:48:56.849,1.01453,1.01468,1.50,1.50
2011.11.23 10:48:57.951,1.01451,1.01467,1.50,1.50
2011.11.23 10:48:58.425,1.01449,1.01467,1.50,1.50
2011.11.23 10:49:00.579,1.01452,1.01468,1.50,1.50
2011.11.23 10:49:09.012,1.01454,1.01472,1.50,2.25
2011.11.23 10:49:09.131,1.01454,1.01472,1.50,1.50
2011.11.23 10:49:09.608,1.01458,1.01476,1.50,1.50
2011.11.23 10:49:11.604,1.0146,1.01478,1.50,1.50
2011.11.23 10:49:12.561,1.01461,1.01478,1.50,1.50
2011.11.23 10:49:12.678,1.01463,1.01481,1.50,1.50
2011.11.23 10:49:13.204,1.01463,1.01481,1.50,2.25
2011.11.23 10:49:13.323,1.01463,1.01481,1.50,1.50
2011.11.23 10:49:14.032,1.01463,1.01479,1.50,1.50
2011.11.23 10:49:14.402,1.01458,1.01474,1.50,1.50
2011.11.23 10:49:14.739,1.01458,1.01474,1.50,2.25
2011.11.23 10:49:14.860,1.01458,1.01474,1.50,2.25
2011.11.23 10:49:15.090,1.01458,1.01474,1.50,2.25
2011.11.23 10:49:16.683,1.01455,1.01471,1.50,2.25
2011.11.23 10:49:16.801,1.01453,1.01471,1.50,2.25
2011.11.23 10:49:17.725,1.01453,1.01471,1.50,2.25
2011.11.23 10:49:17.860,1.01447,1.01463,2.15,1.50
2011.11.23 10:49:17.987,1.01447,1.01463,1.50,1.50
2011.11.23 10:49:18.102,1.01458,1.01465,1.50,1.50
2011.11.23 10:49:18.333,1.01446,1.01464,2.15,1.50
2011.11.23 10:49:18.454,1.01459,1.01475,1.50,1.50
2011.11.23 10:49:18.791,1.01467,1.01483,1.50,2.10
2011.11.23 10:49:19.130,1.01465,1.01479,1.50,1.50
2011.11.23 10:49:19.250,1.01464,1.01482,1.50,2.10
2011.11.23 10:49:19.479,1.01464,1.01482,1.50,2.25
2011.11.23 10:49:20.012,1.01464,1.01482,1.50,1.50
2011.11.23 10:49:21.693,1.01467,1.01485,1.50,2.25
2011.11.23 10:49:22.032,1.01458,1.01474,1.50,1.50
2011.11.23 10:49:23.004,1.01461,1.01477,1.50,1.50
2011.11.23 10:49:23.562,1.01464,1.0148,1.50,2.10
2011.11.23 10:49:24.009,1.01464,1.0148,1.50,1.50
2011.11.23 10:49:27.210,1.01469,1.01483,1.50,1.50
2011.11.23 10:49:27.548,1.01469,1.01485,1.50,1.50
2011.11.23 10:49:28.122,1.01472,1.0149,1.50,2.25
2011.11.23 10:49:28.361,1.01472,1.0149,1.50,1.50
2011.11.23 10:49:35.518,1.01472,1.01487,1.50,1.50
2011.11.23 10:49:35.630,1.01469,1.01485,1.50,1.50
2011.11.23 10:49:39.772,1.01469,1.01484,1.50,1.50
2011.11.23 10:49:39.893,1.01465,1.01483,1.50,1.50
2011.11.23 10:49:42.222,1.01463,1.01479,2.15,1.50
2011.11.23 10:49:42.455,1.0147,1.01488,1.50,1.50
2011.11.23 10:49:42.572,1.01478,1.01494,1.50,2.25
2011.11.23 10:49:43.214,1.01478,1.01494,1.50,1.50
2011.11.23 10:49:44.131,1.01478,1.01494,1.50,2.25
2011.11.23 10:49:46.970,1.01478,1.01494,1.50,2.25
2011.11.23 10:49:47.425,1.01473,1.01491,1.50,2.25
2011.11.23 10:49:47.545,1.01473,1.01491,1.50,1.50
2011.11.23 10:49:47.775,1.01471,1.01487,1.50,1.50
2011.11.23 10:49:48.111,1.01473,1.01489,1.50,1.50
2011.11.23 10:49:55.833,1.01473,1.01488,1.50,1.50
2011.11.23 10:49:55.952,1.01466,1.01484,1.50,1.50
2011.11.23 10:49:56.532,1.01466,1.01483,1.50,1.50
2011.11.23 10:49:56.656,1.01464,1.0148,1.50,1.50
2011.11.23 10:49:58.503,1.01464,1.0148,2.75,1.50
2011.11.23 10:49:58.951,1.01471,1.01487,2.15,1.50
2011.11.23 10:49:59.474,1.01474,1.0149,1.50,1.50
2011.11.23 10:50:00.191,1.01471,1.01488,1.50,2.25
2011.11.23 10:50:00.750,1.0147,1.01488,1.50,2.25
2011.11.23 10:50:01.333,1.0147,1.01488,1.50,2.85
2011.11.23 10:50:01.450,1.01469,1.01479,1.50,1.50
2011.11.23 10:50:01.569,1.01463,1.01479,1.50,1.50
2011.11.23 10:50:03.599,1.01465,1.01481,1.50,1.50
2011.11.23 10:50:04.925,1.01475,1.01484,1.50,1.50
2011.11.23 10:50:05.040,1.01475,1.01491,1.50,1.50
2011.11.23 10:50:05.838,1.01473,1.01489,1.50,1.50
2011.11.23 10:50:06.161,1.01479,1.01495,1.50,1.50
2011.11.23 10:50:06.741,1.01479,1.01495,1.50,2.25
2011.11.23 10:50:09.532,1.01477,1.01493,1.50,1.50
2011.11.23 10:50:09.653,1.01472,1.0149,1.50,1.50
2011.11.23 10:50:09.991,1.01471,1.01485,1.50,1.50
2011.11.23 10:50:10.112,1.01471,1.01489,1.50,1.50
2011.11.23 10:50:13.786,1.01476,1.01492,1.50,1.50
2011.11.23 10:50:13.910,1.01481,1.01499,1.50,1.50
2011.11.23 10:50:14.034,1.01486,1.01504,1.50,2.25
2011.11.23 10:50:14.373,1.01476,1.01492,1.50,1.50
2011.11.23 10:50:14.711,1.01479,1.01495,1.50,1.50
2011.11.23 10:50:16.242,1.01481,1.01499,1.50,3.00
2011.11.23 10:50:17.561,1.01479,1.01493,1.50,1.50
2011.11.23 10:50:17.679,1.01473,1.01491,1.50,1.50
2011.11.23 10:50:24.910,1.01477,1.01492,1.50,1.50
2011.11.23 10:50:25.350,1.01484,1.01496,1.50,1.50
2011.11.23 10:50:25.484,1.01484,1.01502,1.50,1.50
2011.11.23 10:50:25.711,1.01493,1.01504,1.50,1.50
2011.11.23 10:50:25.832,1.01493,1.01511,1.50,2.25
2011.11.23 10:50:25.950,1.01493,1.01511,1.50,2.25
2011.11.23 10:50:26.594,1.01493,1.01511,1.50,2.25
2011.11.23 10:50:26.943,1.01495,1.01513,1.50,3.75
2011.11.23 10:50:28.242,1.01494,1.0151,1.50,2.25
2011.11.23 10:50:30.931,1.01483,1.01501,1.80,1.50
2011.11.23 10:50:31.366,1.01491,1.01501,1.50,1.50
2011.11.23 10:50:31.489,1.01493,1.01511,1.50,2.25
2011.11.23 10:50:34.719,1.01493,1.01511,1.50,2.25
2011.11.23 10:50:35.401,1.01493,1.01502,1.50,2.25
2011.11.23 10:50:35.524,1.01493,1.01511,1.50,2.25
2011.11.23 10:50:35.751,1.01491,1.015,1.50,2.25
2011.11.23 10:50:36.083,1.01484,1.015,1.50,2.25
2011.11.23 10:50:36.422,1.01492,1.015,1.50,1.50
2011.11.23 10:50:36.543,1.01493,1.01511,1.50,2.25
2011.11.23 10:50:36.881,1.01489,1.01507,1.50,2.25
2011.11.23 10:50:37.110,1.01484,1.015,1.50,1.50
2011.11.23 10:50:37.342,1.01486,1.01504,1.50,2.25
2011.11.23 10:50:38.204,1.01489,1.01505,3.00,1.50
2011.11.23 10:50:38.762,1.01486,1.01504,1.50,1.50
2011.11.23 10:50:38.995,1.01482,1.015,1.50,1.50
2011.11.23 10:50:39.329,1.01482,1.015,1.50,2.25
2011.11.23 10:50:40.206,1.01481,1.01497,1.50,1.50
2011.11.23 10:50:40.541,1.01478,1.01494,1.50,1.50
2011.11.23 10:50:40.880,1.01475,1.01491,1.50,1.50
2011.11.23 10:50:41.222,1.01472,1.01488,1.50,1.50
2011.11.23 10:50:50.226,1.01474,1.0149,1.50,1.50
2011.11.23 10:50:50.783,1.0148,1.01498,1.50,1.50
2011.11.23 10:50:56.092,1.01484,1.015,1.50,3.00
2011.11.23 10:51:00.652,1.01484,1.015,1.50,2.25
2011.11.23 10:51:00.775,1.01481,1.01497,1.50,1.50
2011.11.23 10:51:01.490,1.01478,1.01494,3.00,1.50
2011.11.23 10:51:02.263,1.01481,1.01497,1.50,1.50
2011.11.23 10:51:02.381,1.01481,1.01499,2.10,1.50
2011.11.23 10:51:02.504,1.01485,1.015,1.50,1.50
2011.11.23 10:51:02.950,1.01484,1.01502,1.50,1.50
2011.11.23 10:51:03.070,1.01484,1.01502,1.50,2.25
2011.11.23 10:51:03.513,1.01473,1.01491,2.15,1.50
2011.11.23 10:51:03.849,1.01479,1.01497,1.50,1.50
2011.11.23 10:51:04.192,1.01482,1.01498,1.50,1.50
2011.11.23 10:51:04.529,1.0148,1.01496,1.50,1.50
2011.11.23 10:51:07.332,1.01482,1.01498,1.50,3.00
2011.11.23 10:51:07.898,1.01478,1.01494,1.50,1.50
2011.11.23 10:51:08.478,1.01475,1.01491,3.00,1.50
2011.11.23 10:51:09.654,1.01477,1.01495,1.50,1.50
2011.11.23 10:51:09.882,1.01481,1.01499,1.50,1.50
2011.11.23 10:51:19.651,1.0148,1.01496,1.50,1.50
2011.11.23 10:51:20.212,1.01477,1.01493,1.50,1.50
2011.11.23 10:51:20.930,1.01474,1.0149,1.50,1.50
2011.11.23 10:51:21.791,1.01476,1.01492,1.50,1.50
2011.11.23 10:51:21.911,1.01478,1.01496,1.50,1.50
2011.11.23 10:51:22.457,1.01478,1.01494,1.50,1.50
2011.11.23 10:51:22.586,1.01495,1.01513,1.50,2.25
2011.11.23 10:51:22.705,1.01485,1.01501,1.50,1.50
2011.11.23 10:51:23.043,1.01488,1.01504,1.50,1.50
2011.11.23 10:51:27.059,1.01484,1.01502,1.50,1.50
2011.11.23 10:51:27.650,1.01482,1.015,1.50,1.50
2011.11.23 10:51:28.485,1.01477,1.01495,1.50,1.50
2011.11.23 10:51:28.823,1.01475,1.01491,1.50,1.50
2011.11.23 10:51:28.941,1.01477,1.01495,1.50,1.50
2011.11.23 10:51:29.503,1.01482,1.01497,1.50,1.50
2011.11.23 10:51:29.840,1.01479,1.01495,1.50,1.50
2011.11.23 10:51:30.181,1.01482,1.01498,1.50,1.50
2011.11.23 10:51:30.655,1.01485,1.01501,1.50,1.50
2011.11.23 10:51:33.427,1.01485,1.015,1.50,1.50
2011.11.23 10:51:33.538,1.01481,1.01499,1.50,1.50
2011.11.23 10:51:35.461,1.01478,1.01494,1.50,1.50
2011.11.23 10:51:38.291,1.01474,1.01492,1.50,1.50
2011.11.23 10:51:38.930,1.01472,1.0149,1.50,1.50
2011.11.23 10:51:46.775,1.01475,1.01491,1.50,1.50
2011.11.23 10:51:47.633,1.01473,1.01489,1.50,1.50
2011.11.23 10:51:49.760,1.01474,1.01492,1.50,1.50
2011.11.23 10:51:54.620,1.01477,1.01494,1.50,1.50
2011.11.23 10:51:55.323,1.01477,1.01495,1.50,1.50
2011.11.23 10:51:56.337,1.0148,1.01496,1.50,1.50
2011.11.23 10:51:56.564,1.01481,1.01499,1.50,1.50
2011.11.23 10:51:57.334,1.01486,1.01504,1.50,1.50
2011.11.23 10:51:57.782,1.01484,1.015,3.00,1.50
2011.11.23 10:51:58.212,1.01482,1.01494,1.50,1.50
2011.11.23 10:51:58.332,1.01478,1.01494,1.50,2.25
2011.11.23 10:51:58.972,1.01475,1.01491,3.00,1.50
2011.11.23 10:51:59.507,1.01475,1.01491,1.50,2.25
2011.11.23 10:51:59.626,1.01473,1.01489,1.50,2.25
2011.11.23 10:52:00.398,1.01473,1.01489,1.50,1.50
2011.11.23 10:52:00.794,1.01475,1.01493,1.50,2.25
2011.11.23 10:52:01.024,1.01485,1.01501,1.50,1.50
2011.11.23 10:52:01.141,1.01488,1.01506,1.50,1.50
2011.11.23 10:52:01.262,1.01477,1.01495,1.50,1.50
2011.11.23 10:52:03.133,1.01481,1.01497,1.50,1.50
2011.11.23 10:52:04.573,1.01474,1.01492,1.50,1.50
2011.11.23 10:52:05.615,1.01475,1.01492,1.50,1.50
2011.11.23 10:52:05.739,1.01489,1.01505,1.50,1.50
2011.11.23 10:52:06.070,1.01485,1.01501,1.50,1.50
2011.11.23 10:52:06.300,1.01482,1.015,1.50,1.50
2011.11.23 10:52:08.269,1.01482,1.015,1.50,2.25
2011.11.23 10:52:08.753,1.01502,1.01513,2.10,1.13
2011.11.23 10:52:08.990,1.01517,1.01528,1.50,1.50
2011.11.23 10:52:09.114,1.01517,1.01531,1.50,1.50
2011.11.23 10:52:09.232,1.01517,1.01532,1.50,1.50
2011.11.23 10:52:09.575,1.01503,1.01519,1.50,1.50
2011.11.23 10:52:09.805,1.01498,1.01516,1.50,1.50
2011.11.23 10:52:10.038,1.01501,1.01519,1.50,2.25
2011.11.23 10:52:10.713,1.01501,1.01519,1.50,1.50
2011.11.23 10:52:11.711,1.01499,1.0151,1.50,1.50
2011.11.23 10:52:11.835,1.01492,1.0151,1.50,1.50
2011.11.23 10:52:12.615,1.01501,1.01517,1.50,1.50
2011.11.23 10:52:13.086,1.01498,1.01514,1.50,1.50
2011.11.23 10:52:13.309,1.01494,1.01512,1.50,1.50
2011.11.23 10:52:14.373,1.01492,1.01508,1.50,1.50
2011.11.23 10:52:15.442,1.01494,1.01512,1.50,1.50
2011.11.23 10:52:17.872,1.01492,1.01503,1.50,1.50
2011.11.23 10:52:18.319,1.01487,1.01503,1.50,1.50
2011.11.23 10:52:19.567,1.01484,1.015,1.50,1.50
2011.11.23 10:52:19.682,1.01485,1.01503,1.50,1.50
2011.11.23 10:52:19.803,1.0149,1.01506,1.50,1.50
2011.11.23 10:52:20.755,1.0149,1.01503,1.50,1.50
2011.11.23 10:52:20.872,1.01485,1.01501,1.50,1.50
2011.11.23 10:52:20.994,1.01483,1.01499,1.50,1.50
2011.11.23 10:52:21.331,1.01479,1.01495,1.50,1.50
2011.11.23 10:52:21.802,1.01483,1.01499,1.50,1.50
2011.11.23 10:52:22.396,1.01486,1.01502,1.50,1.50
2011.11.23 10:52:23.002,1.01477,1.01495,1.50,1.50
2011.11.23 10:52:23.903,1.01478,1.01495,1.50,1.50
2011.11.23 10:52:24.026,1.01481,1.01497,1.50,1.50
2011.11.23 10:52:24.666,1.01471,1.01487,2.25,1.50
2011.11.23 10:52:25.107,1.01478,1.01487,1.50,1.50
2011.11.23 10:52:25.228,1.01481,1.01497,1.50,1.50
2011.11.23 10:52:25.346,1.01486,1.015,1.50,1.50
2011.11.23 10:52:25.790,1.01486,1.01502,1.50,1.50
2011.11.23 10:52:25.916,1.01483,1.01499,1.50,1.50
2011.11.23 10:52:26.357,1.01479,1.01497,1.50,1.50
2011.11.23 10:52:26.480,1.01476,1.01494,1.50,1.50
2011.11.23 10:52:27.822,1.01473,1.01489,1.50,1.50
2011.11.23 10:52:28.163,1.01477,1.01493,1.50,3.00
2011.11.23 10:52:28.807,1.01474,1.0149,1.50,1.50
2011.11.23 10:52:29.182,1.0147,1.01488,1.50,1.50
2011.11.23 10:52:29.414,1.01475,1.01493,1.50,1.50
2011.11.23 10:52:30.017,1.01474,1.0149,1.50,1.50
2011.11.23 10:52:30.353,1.01465,1.01483,2.25,1.50
2011.11.23 10:52:30.581,1.01469,1.01485,1.50,1.50
2011.11.23 10:52:30.810,1.01471,1.01489,1.50,1.50
2011.11.23 10:52:32.842,1.01469,1.01487,3.00,1.50
2011.11.23 10:52:33.181,1.01466,1.01484,1.50,1.50
2011.11.23 10:52:34.594,1.01472,1.0149,1.50,1.50
2011.11.23 10:52:35.162,1.01475,1.01491,1.50,1.50
2011.11.23 10:52:35.503,1.01479,1.01491,1.50,1.50
2011.11.23 10:52:35.623,1.01482,1.01498,1.50,2.25
2011.11.23 10:52:35.745,1.01477,1.01493,1.50,1.50
2011.11.23 10:52:38.256,1.01482,1.015,1.50,1.50
2011.11.23 10:52:38.481,1.0149,1.01508,1.50,2.25
2011.11.23 10:52:38.603,1.0149,1.01508,1.50,1.50
2011.11.23 10:52:38.725,1.01486,1.01502,1.50,1.50
2011.11.23 10:52:38.847,1.01481,1.01499,1.50,1.50
2011.11.23 10:52:38.966,1.01479,1.01497,1.50,1.50
2011.11.23 10:52:39.304,1.01475,1.01493,1.50,1.50
2011.11.23 10:52:42.934,1.01474,1.01491,1.50,1.50
2011.11.23 10:52:43.876,1.01473,1.01491,1.50,1.50
2011.11.23 10:52:44.333,1.01473,1.01491,1.50,2.10
2011.11.23 10:52:44.565,1.0147,1.01488,1.50,1.50
2011.11.23 10:52:45.231,1.01473,1.01489,1.50,1.50
2011.11.23 10:52:45.601,1.01462,1.01478,2.25,1.50
2011.11.23 10:52:46.102,1.01464,1.01482,1.50,1.50
2011.11.23 10:52:46.209,1.0147,1.01488,1.50,1.50
2011.11.23 10:52:46.813,1.0147,1.01488,2.25,1.50
2011.11.23 10:52:47.153,1.01475,1.01491,1.50,1.50
2011.11.23 10:52:49.476,1.01472,1.0149,1.50,1.50
2011.11.23 10:52:50.336,1.01469,1.01485,1.50,1.50
2011.11.23 10:52:51.534,1.01468,1.01486,1.50,2.10
2011.11.23 10:52:51.674,1.01459,1.01477,1.50,1.50
2011.11.23 10:52:51.792,1.01462,1.01478,1.50,1.50
2011.11.23 10:53:00.043,1.0146,1.01476,1.50,1.50
2011.11.23 10:53:00.387,1.0146,1.01476,1.50,2.10
2011.11.23 10:53:00.836,1.01448,1.01465,1.50,1.50
2011.11.23 10:53:00.956,1.01452,1.01467,1.50,1.50
2011.11.23 10:53:01.073,1.01453,1.01471,1.50,1.50
2011.11.23 10:53:01.198,1.01457,1.01473,1.50,2.10
2011.11.23 10:53:01.313,1.01454,1.0147,1.50,1.50
2011.11.23 10:53:01.875,1.01451,1.01469,3.00,1.50
2011.11.23 10:53:05.144,1.01455,1.01471,1.50,1.50
2011.11.23 10:53:06.173,1.01452,1.0147,1.50,1.50
2011.11.23 10:53:06.401,1.01455,1.01471,1.50,1.50
2011.11.23 10:53:06.851,1.01451,1.01467,1.50,1.50
2011.11.23 10:53:09.362,1.01448,1.01462,1.50,1.50
2011.11.23 10:53:09.483,1.01446,1.01462,1.50,1.50
2011.11.23 10:53:09.934,1.01442,1.01458,1.50,1.50
2011.11.23 10:53:10.974,1.0144,1.0146,1.50,1.50
2011.11.23 10:53:11.090,1.01437,1.01463,1.50,1.50
2011.11.23 10:53:11.901,1.01431,1.01472,1.40,1.73
2011.11.23 10:53:12.260,1.01436,1.01466,2.25,1.50
2011.11.23 10:53:12.602,1.01438,1.01464,1.50,1.50
2011.11.23 10:53:13.812,1.01441,1.01469,1.50,2.25
2011.11.23 10:53:13.935,1.01447,1.01467,1.50,1.50
2011.11.23 10:53:14.271,1.01462,1.0147,1.50,1.50
2011.11.23 10:53:14.738,1.01459,1.0147,1.50,1.50
2011.11.23 10:53:14.865,1.01448,1.01466,1.50,1.50
2011.11.23 10:53:16.062,1.01451,1.01469,1.50,1.50
2011.11.23 10:53:18.743,1.01454,1.01472,1.50,1.50
2011.11.23 10:53:19.083,1.01457,1.01475,1.50,1.50
2011.11.23 10:53:19.526,1.01455,1.01473,1.50,1.50
2011.11.23 10:53:19.973,1.01458,1.01474,1.50,1.50
2011.11.23 10:53:23.213,1.01461,1.01477,1.50,3.00
2011.11.23 10:53:23.923,1.01462,1.0148,1.50,1.50
2011.11.23 10:53:24.531,1.01461,1.01471,2.85,1.50
2011.11.23 10:53:24.768,1.01462,1.01478,1.50,1.50
2011.11.23 10:53:24.886,1.01467,1.01478,1.50,1.50
2011.11.23 10:53:25.115,1.01469,1.01485,1.50,1.50
2011.11.23 10:53:25.233,1.01463,1.01481,1.50,1.50
2011.11.23 10:53:26.452,1.01463,1.01478,1.50,1.50
2011.11.23 10:53:26.573,1.01458,1.01476,1.50,1.50
2011.11.23 10:53:28.661,1.01452,1.01468,1.50,1.50
2011.11.23 10:53:29.004,1.01461,1.01471,1.50,1.50
2011.11.23 10:53:29.126,1.01451,1.01469,1.50,1.50
2011.11.23 10:53:30.401,1.01455,1.01471,1.50,1.50
2011.11.23 10:53:30.935,1.01457,1.01475,1.50,1.50
2011.11.23 10:53:31.051,1.01454,1.01472,1.50,1.50
2011.11.23 10:53:32.752,1.01459,1.01477,1.50,1.50
2011.11.23 10:53:33.600,1.01448,1.01466,1.50,1.50
2011.11.23 10:53:34.083,1.01452,1.0147,2.25,1.50
2011.11.23 10:53:34.571,1.01449,1.01465,1.50,1.50
2011.11.23 10:53:36.955,1.01447,1.01463,2.25,1.50
2011.11.23 10:53:37.767,1.01452,1.0147,1.50,1.50
2011.11.23 10:53:37.882,1.01454,1.01472,1.50,1.50
2011.11.23 10:53:38.220,1.01451,1.01467,1.50,1.50
2011.11.23 10:53:38.561,1.01454,1.0147,1.50,1.50
2011.11.23 10:53:38.791,1.01456,1.01474,1.50,1.50
2011.11.23 10:53:38.911,1.01453,1.01471,1.50,1.50
2011.11.23 10:53:39.252,1.01456,1.01471,1.35,1.50
2011.11.23 10:53:39.371,1.01463,1.01481,1.50,1.50
2011.11.23 10:53:39.494,1.01454,1.0147,2.25,1.50
2011.11.23 10:53:40.204,1.01457,1.01472,1.50,1.50
2011.11.23 10:53:40.323,1.01454,1.0147,1.50,1.50
2011.11.23 10:53:42.312,1.01454,1.0147,2.25,1.50
2011.11.23 10:53:42.548,1.01464,1.0148,1.50,1.50
2011.11.23 10:53:43.161,1.01461,1.01477,1.50,1.50
2011.11.23 10:53:43.503,1.01464,1.0148,1.50,1.50
2011.11.23 10:53:46.831,1.01466,1.01484,1.50,1.50
2011.11.23 10:53:47.484,1.01469,1.01485,1.50,1.50
2011.11.23 10:53:47.853,1.01467,1.01483,1.50,1.50
2011.11.23 10:53:48.081,1.01468,1.01486,1.50,1.50
2011.11.23 10:53:48.315,1.01467,1.01483,1.50,1.50
2011.11.23 10:53:48.544,1.01453,1.01471,1.50,1.50
2011.11.23 10:53:50.712,1.01456,1.01471,1.50,1.50
2011.11.23 10:53:50.832,1.01458,1.01474,1.50,1.50
2011.11.23 10:53:51.321,1.0146,1.01478,1.50,1.50
2011.11.23 10:53:52.103,1.01454,1.01472,1.50,1.50
2011.11.23 10:53:54.004,1.0146,1.01476,1.50,1.50
2011.11.23 10:53:54.126,1.01461,1.01479,1.50,1.50
2011.11.23 10:53:57.944,1.01464,1.01482,1.50,1.50
2011.11.23 10:53:58.499,1.01464,1.01474,1.50,2.25
2011.11.23 10:53:58.627,1.01455,1.01471,1.50,1.50
2011.11.23 10:53:58.856,1.01459,1.01475,1.50,1.50
2011.11.23 10:53:59.193,1.01461,1.01476,1.50,1.50
2011.11.23 10:54:00.242,1.0146,1.01476,1.50,1.50
2011.11.23 10:54:01.180,1.01454,1.0147,1.50,1.50
2011.11.23 10:54:01.862,1.01463,1.01473,1.50,1.50
2011.11.23 10:54:01.984,1.01463,1.01481,1.50,2.40
2011.11.23 10:54:02.109,1.01461,1.01477,1.50,1.50
2011.11.23 10:54:02.228,1.01463,1.01481,1.50,1.65
2011.11.23 10:54:02.562,1.01467,1.01483,1.50,1.50
2011.11.23 10:54:02.795,1.01467,1.01485,1.50,1.50
2011.11.23 10:54:03.931,1.0147,1.01487,1.50,1.50
2011.11.23 10:54:04.412,1.01469,1.0148,1.50,1.50
2011.11.23 10:54:04.535,1.01464,1.0148,1.50,1.50
2011.11.23 10:54:04.762,1.01466,1.01483,1.50,1.50
2011.11.23 10:54:04.881,1.01468,1.01485,1.50,1.50
2011.11.23 10:54:05.223,1.01463,1.01481,1.50,1.50
2011.11.23 10:54:07.812,1.0146,1.01478,1.50,1.50
2011.11.23 10:54:08.150,1.01457,1.01475,1.50,1.50
2011.11.23 10:54:08.965,1.01469,1.01477,1.50,1.50
2011.11.23 10:54:09.192,1.01469,1.01485,1.50,2.25
2011.11.23 10:54:09.424,1.01458,1.01474,2.25,1.50
2011.11.23 10:54:09.982,1.0146,1.01478,1.50,1.50
2011.11.23 10:54:10.620,1.01461,1.01478,1.50,1.50
2011.11.23 10:54:10.741,1.01464,1.0148,1.50,1.50
2011.11.23 10:54:16.435,1.01459,1.01475,1.50,1.50
2011.11.23 10:54:22.347,1.01448,1.01464,1.50,1.50
2011.11.23 10:54:22.573,1.0145,1.01468,1.50,1.50
2011.11.23 10:54:23.145,1.01455,1.01473,1.50,1.50
2011.11.23 10:54:23.480,1.01453,1.01469,1.50,1.50
2011.11.23 10:54:24.552,1.01454,1.01471,1.50,1.50
2011.11.23 10:54:25.538,1.01454,1.01472,1.50,1.50
2011.11.23 10:54:27.732,1.01459,1.01475,1.50,1.50
2011.11.23 10:54:35.116,1.01454,1.01472,1.50,1.50
2011.11.23 10:54:35.942,1.01454,1.0147,1.50,1.50
2011.11.23 10:54:36.063,1.01451,1.01469,1.50,1.50
2011.11.23 10:54:36.982,1.0145,1.01466,1.50,1.50
2011.11.23 10:54:39.333,1.01446,1.01464,1.50,1.50
2011.11.23 10:54:39.455,1.01446,1.01462,1.50,1.50
2011.11.23 10:54:39.574,1.01442,1.0146,1.50,1.50
2011.11.23 10:54:39.811,1.01445,1.01461,1.50,1.50
2011.11.23 10:54:40.591,1.01447,1.01464,1.50,1.50
2011.11.23 10:54:41.198,1.01447,1.01465,1.50,1.50
2011.11.23 10:54:41.301,1.01451,1.01469,1.50,1.50
2011.11.23 10:54:41.640,1.01449,1.01467,1.50,1.50
2011.11.23 10:54:42.421,1.01452,1.0147,1.50,1.50
2011.11.23 10:54:43.664,1.01453,1.0147,1.50,1.50
2011.11.23 10:54:43.786,1.01455,1.01473,1.50,1.50
2011.11.23 10:54:44.633,1.01452,1.01468,1.50,1.50
2011.11.23 10:54:44.752,1.01453,1.01471,1.50,1.50
2011.11.23 10:54:45.512,1.01458,1.01476,1.50,1.50
2011.11.23 10:54:48.791,1.01457,1.01473,1.50,1.50
2011.11.23 10:54:49.681,1.01454,1.0147,1.50,1.50
2011.11.23 10:54:51.312,1.01447,1.01465,1.50,1.50
2011.11.23 10:54:51.965,1.01454,1.0147,1.50,1.50
2011.11.23 10:54:54.853,1.01457,1.01475,1.50,1.50
2011.11.23 10:54:54.977,1.01448,1.01464,1.50,1.50
2011.11.23 10:54:55.752,1.0145,1.01466,1.50,1.50
2011.11.23 10:54:56.131,1.01453,1.01466,1.50,1.50
2011.11.23 10:54:56.250,1.01453,1.01469,1.50,1.50
2011.11.23 10:54:56.370,1.01453,1.01471,1.50,1.50
2011.11.23 10:54:58.415,1.01457,1.01475,1.50,1.50
2011.11.23 10:54:58.750,1.01461,1.01477,1.50,1.50
2011.11.23 10:55:03.462,1.01464,1.0148,3.00,1.50
2011.11.23 10:55:03.692,1.01455,1.01473,1.50,1.50
2011.11.23 10:55:03.816,1.01453,1.01469,1.50,1.50
2011.11.23 10:55:04.151,1.01455,1.01471,1.50,1.50
2011.11.23 10:55:05.212,1.01449,1.01467,1.50,1.50
2011.11.23 10:55:05.442,1.01451,1.01469,1.50,1.50
2011.11.23 10:55:05.863,1.01454,1.01472,1.50,1.50
2011.11.23 10:55:06.204,1.01461,1.01477,1.50,1.50
2011.11.23 10:55:06.773,1.01464,1.0148,1.50,3.00
2011.11.23 10:55:07.654,1.01462,1.01476,1.50,1.50
2011.11.23 10:55:07.771,1.01458,1.01476,1.50,1.50
2011.11.23 10:55:07.891,1.01454,1.01472,1.50,1.50
2011.11.23 10:55:09.330,1.01462,1.01478,1.50,1.50
2011.11.23 10:55:09.452,1.01462,1.0148,1.50,1.50
2011.11.23 10:55:11.702,1.0146,1.01475,1.50,1.50
2011.11.23 10:55:12.999,1.01459,1.01475,1.50,1.50
2011.11.23 10:55:13.550,1.01458,1.01476,1.50,1.50
2011.11.23 10:55:15.274,1.01462,1.01478,1.50,1.50
2011.11.23 10:55:15.725,1.0146,1.01476,1.50,1.50
2011.11.23 10:55:16.237,1.01465,1.01481,1.50,1.50
2011.11.23 10:55:17.055,1.01458,1.01474,1.50,1.50
2011.11.23 10:55:18.280,1.01455,1.01471,1.50,1.50
2011.11.23 10:55:18.621,1.01452,1.0147,1.50,1.50
2011.11.23 10:55:18.961,1.01447,1.01465,1.50,1.50
2011.11.23 10:55:19.303,1.01458,1.01474,1.50,1.50
2011.11.23 10:55:19.643,1.01448,1.01464,1.50,1.50
2011.11.23 10:55:20.092,1.01446,1.01462,2.25,1.50
2011.11.23 10:55:21.272,1.01447,1.01462,2.25,1.50
2011.11.23 10:55:21.391,1.01448,1.01466,1.50,1.50
2011.11.23 10:55:21.842,1.01447,1.01464,1.50,1.50
2011.11.23 10:55:22.411,1.01449,1.01467,1.50,1.50
2011.11.23 10:55:22.860,1.01449,1.01463,1.50,1.50
2011.11.23 10:55:22.983,1.01443,1.01461,1.50,1.50
2011.11.23 10:55:23.547,1.01447,1.01463,1.50,1.50
2011.11.23 10:55:24.491,1.01449,1.01465,1.50,1.50
2011.11.23 10:55:24.923,1.01447,1.01463,1.50,1.50
2011.11.23 10:55:25.045,1.01445,1.01463,1.50,1.50
2011.11.23 10:55:27.513,1.01443,1.01459,1.50,1.50
2011.11.23 10:55:27.744,1.01441,1.01459,1.50,1.50
2011.11.23 10:55:28.453,1.01444,1.01462,1.50,1.50
2011.11.23 10:55:31.252,1.01441,1.01457,1.50,1.50
2011.11.23 10:55:31.484,1.01451,1.01469,1.50,1.50
2011.11.23 10:55:31.711,1.01441,1.01457,1.50,1.50
2011.11.23 10:55:32.054,1.0145,1.01466,1.50,1.50
2011.11.23 10:55:32.283,1.01439,1.01457,1.50,1.50
2011.11.23 10:55:33.207,1.01437,1.01447,1.50,1.50
2011.11.23 10:55:33.322,1.01437,1.01452,1.50,1.50
2011.11.23 10:55:33.444,1.01437,1.01455,1.50,1.50
2011.11.23 10:55:33.782,1.01439,1.01455,1.50,1.50
2011.11.23 10:55:34.124,1.01444,1.0146,1.50,1.50
2011.11.23 10:55:36.742,1.01437,1.01453,1.50,1.50
2011.11.23 10:55:37.847,1.01436,1.01454,1.50,1.50
2011.11.23 10:55:39.096,1.01436,1.01454,1.50,2.10
2011.11.23 10:55:39.215,1.01425,1.01443,1.50,1.50
2011.11.23 10:55:39.552,1.01431,1.01447,1.50,1.50
2011.11.23 10:55:40.995,1.01435,1.01449,1.50,1.50
2011.11.23 10:55:41.224,1.01439,1.01456,1.50,1.50
2011.11.23 10:55:41.342,1.01441,1.01457,1.50,1.50
2011.11.23 10:55:41.463,1.01443,1.01461,1.50,1.50
2011.11.23 10:55:42.513,1.01441,1.01457,1.50,1.50
2011.11.23 10:55:42.638,1.01435,1.01451,1.50,1.50
2011.11.23 10:55:43.274,1.01437,1.01455,1.50,1.50
2011.11.23 10:55:43.508,1.01436,1.01452,1.50,1.50
2011.11.23 10:55:44.686,1.01433,1.01451,1.50,1.50
2011.11.23 10:55:45.703,1.0143,1.01446,1.50,1.50
2011.11.23 10:55:46.895,1.01431,1.01448,1.50,1.50
2011.11.23 10:55:47.483,1.01431,1.01449,1.50,1.50
2011.11.23 10:55:47.604,1.01435,1.01451,1.50,1.50
2011.11.23 10:55:48.390,1.01433,1.01449,1.50,1.50
2011.11.23 10:55:48.803,1.01436,1.01452,1.50,3.00
2011.11.23 10:55:49.384,1.01434,1.01452,1.50,3.00
2011.11.23 10:55:52.310,1.0143,1.01448,1.50,1.50
2011.11.23 10:55:53.419,1.01429,1.01445,3.00,1.50
2011.11.23 10:55:53.764,1.01431,1.01449,1.50,1.50
2011.11.23 10:55:55.208,1.01438,1.01453,1.50,1.50
2011.11.23 10:55:55.767,1.01438,1.01454,1.50,1.50
2011.11.23 10:55:56.104,1.01444,1.0146,1.50,1.50
2011.11.23 10:55:56.222,1.0144,1.01458,1.50,1.50
2011.11.23 10:55:57.493,1.01437,1.01455,1.50,1.50
2011.11.23 10:55:58.032,1.01439,1.01455,1.50,1.50
2011.11.23 10:55:58.370,1.01441,1.01457,1.50,1.50
2011.11.23 10:55:59.041,1.01441,1.01456,1.50,1.50
2011.11.23 10:55:59.382,1.01436,1.01444,1.50,1.50
2011.11.23 10:55:59.505,1.01437,1.01446,1.50,1.50
2011.11.23 10:55:59.622,1.01439,1.01457,1.50,1.50
2011.11.23 10:56:00.182,1.01439,1.01449,1.50,1.50
2011.11.23 10:56:00.318,1.01424,1.01442,2.25,1.50
2011.11.23 10:56:00.435,1.01437,1.01455,1.50,1.50
2011.11.23 10:56:00.553,1.01436,1.01452,1.50,1.50
2011.11.23 10:56:01.007,1.0143,1.01444,1.50,1.50
2011.11.23 10:56:01.125,1.01428,1.01444,1.50,1.50
2011.11.23 10:56:01.266,1.01431,1.01446,1.50,1.50
2011.11.23 10:56:01.919,1.01431,1.01447,1.50,1.50
2011.11.23 10:56:02.396,1.01433,1.01451,1.50,1.50
2011.11.23 10:56:02.520,1.01439,1.01452,1.50,1.50
2011.11.23 10:56:02.641,1.01439,1.01455,1.50,1.50
2011.11.23 10:56:03.091,1.01435,1.01453,1.50,1.50
2011.11.23 10:56:03.935,1.01437,1.01455,1.50,3.00
2011.11.23 10:56:05.005,1.01436,1.01453,1.50,1.50
2011.11.23 10:56:05.564,1.01435,1.01453,1.50,1.50
2011.11.23 10:56:05.906,1.0143,1.01446,1.50,1.50
2011.11.23 10:56:06.327,1.01432,1.01448,1.50,1.50
2011.11.23 10:56:07.744,1.0143,1.01446,1.50,1.50
2011.11.23 10:56:08.716,1.0143,1.01438,1.50,1.50
2011.11.23 10:56:08.834,1.01418,1.01436,1.50,1.50
2011.11.23 10:56:09.062,1.01423,1.01439,1.50,1.50
2011.11.23 10:56:09.515,1.01424,1.01442,1.50,1.50
2011.11.23 10:56:11.095,1.01423,1.01438,1.50,1.50
2011.11.23 10:56:11.430,1.01424,1.0144,1.50,1.50
2011.11.23 10:56:13.008,1.01424,1.0144,2.25,1.50
2011.11.23 10:56:13.135,1.01427,1.01443,2.25,1.50
2011.11.23 10:56:13.365,1.01423,1.01441,1.50,1.50
2011.11.23 10:56:13.593,1.01419,1.01437,1.50,1.50
2011.11.23 10:56:13.933,1.01427,1.01443,1.50,1.50
2011.11.23 10:56:14.274,1.01422,1.0144,1.50,1.50
2011.11.23 10:56:16.412,1.0142,1.01436,2.25,1.50
2011.11.23 10:56:17.251,1.01423,1.01439,1.50,1.50
2011.11.23 10:56:17.371,1.01425,1.01442,1.50,1.50
2011.11.23 10:56:17.490,1.01427,1.01445,1.50,1.50
2011.11.23 10:56:20.133,1.01426,1.01442,1.50,1.50
2011.11.23 10:56:21.234,1.01428,1.01444,1.50,1.50
2011.11.23 10:56:23.042,1.0143,1.01448,1.50,1.50
2011.11.23 10:56:23.273,1.01436,1.01454,1.50,1.50
2011.11.23 10:56:25.621,1.0144,1.01458,1.50,1.50
2011.11.23 10:56:26.953,1.01439,1.01455,1.50,1.50
2011.11.23 10:56:27.354,1.01433,1.01451,1.50,1.50
2011.11.23 10:56:27.760,1.01433,1.01448,1.50,1.50
2011.11.23 10:56:27.882,1.0143,1.01446,1.50,1.50
2011.11.23 10:56:29.134,1.01432,1.01448,1.50,3.00
2011.11.23 10:56:29.470,1.01436,1.01452,1.50,1.50
2011.11.23 10:56:31.275,1.01432,1.0145,1.50,1.50
2011.11.23 10:56:31.614,1.01428,1.01446,1.50,1.50
2011.11.23 10:56:32.722,1.01431,1.01447,1.50,3.00
2011.11.23 10:56:32.951,1.01429,1.01446,1.50,1.50
2011.11.23 10:56:33.607,1.01428,1.01446,1.50,1.50
2011.11.23 10:56:40.303,1.01428,1.01444,1.50,1.50
2011.11.23 10:56:40.535,1.01423,1.0144,1.50,1.50
2011.11.23 10:56:40.767,1.01425,1.0144,1.50,1.50
2011.11.23 10:56:40.884,1.01425,1.01443,1.50,1.50
2011.11.23 10:56:43.122,1.01427,1.01445,1.50,1.50
2011.11.23 10:56:43.473,1.01432,1.0145,1.50,1.50
2011.11.23 10:56:43.814,1.01434,1.01448,1.50,2.25
2011.11.23 10:56:43.931,1.0143,1.01445,1.50,1.50
2011.11.23 10:56:44.052,1.01427,1.01445,1.50,1.50
2011.11.23 10:56:45.832,1.01427,1.01444,1.50,1.50
2011.11.23 10:56:45.955,1.01426,1.01442,1.50,1.50
2011.11.23 10:56:46.181,1.01421,1.01439,1.50,1.50
2011.11.23 10:56:47.535,1.0143,1.01441,1.50,1.50
2011.11.23 10:56:47.877,1.01433,1.01451,1.50,1.50
2011.11.23 10:56:47.995,1.01437,1.01453,1.50,1.50
2011.11.23 10:56:48.583,1.01434,1.0145,1.50,1.50
2011.11.23 10:56:49.032,1.01437,1.01455,1.50,2.25
2011.11.23 10:56:49.931,1.01437,1.01453,1.50,1.50
2011.11.23 10:56:50.056,1.01434,1.0145,1.50,1.50
2011.11.23 10:56:50.481,1.01432,1.01448,1.50,1.50
2011.11.23 10:56:52.914,1.01435,1.01451,1.50,1.50
2011.11.23 10:56:53.038,1.01437,1.01455,1.50,1.50
2011.11.23 10:56:53.157,1.01435,1.01453,1.50,1.50
2011.11.23 10:56:53.610,1.01432,1.01448,1.50,1.50
2011.11.23 10:56:55.495,1.01434,1.01452,1.50,1.50
2011.11.23 10:56:55.611,1.01437,1.01455,1.50,1.50
2011.11.23 10:56:56.219,1.01433,1.01449,1.50,1.50
2011.11.23 10:57:04.471,1.01447,1.01463,1.50,1.50
2011.11.23 10:57:04.812,1.01439,1.01455,1.50,1.50
2011.11.23 10:57:04.932,1.01436,1.01454,1.50,1.50
2011.11.23 10:57:05.167,1.01434,1.0145,1.50,1.50
2011.11.23 10:57:05.529,1.01437,1.01453,1.50,1.50
2011.11.23 10:57:06.221,1.01443,1.01461,1.50,2.25
2011.11.23 10:57:06.333,1.01443,1.01461,1.50,1.50
2011.11.23 10:57:06.453,1.01438,1.01454,1.50,1.50
2011.11.23 10:57:06.575,1.01441,1.01459,1.50,1.50
2011.11.23 10:57:06.694,1.0144,1.01456,1.50,1.50
2011.11.23 10:57:07.557,1.01441,1.01459,1.50,1.50
2011.11.23 10:57:07.675,1.01439,1.01457,1.50,1.50
2011.11.23 10:57:08.015,1.01436,1.01454,1.50,1.50
2011.11.23 10:57:08.440,1.01439,1.01457,1.50,1.50
2011.11.23 10:57:08.780,1.01442,1.01458,1.50,1.50
2011.11.23 10:57:09.851,1.01443,1.01458,1.50,1.50
2011.11.23 10:57:09.971,1.01445,1.01461,1.50,1.50
2011.11.23 10:57:10.764,1.01443,1.01459,3.00,1.50
2011.11.23 10:57:18.584,1.01444,1.01462,1.50,3.00
2011.11.23 10:57:18.815,1.01443,1.01459,1.50,1.50
2011.11.23 10:57:18.936,1.01451,1.01469,1.50,2.25
2011.11.23 10:57:19.061,1.01449,1.01467,2.10,1.50
2011.11.23 10:57:19.480,1.01452,1.0147,2.10,2.25
2011.11.23 10:57:20.034,1.01452,1.0147,1.50,1.50
2011.11.23 10:57:22.534,1.01448,1.01464,1.50,1.50
2011.11.23 10:57:23.542,1.01449,1.01464,1.50,1.50
2011.11.23 10:57:23.661,1.0145,1.01468,1.50,2.25
2011.11.23 10:57:23.890,1.01447,1.01465,1.50,1.50
2011.11.23 10:57:24.301,1.01451,1.01467,1.50,1.50
2011.11.23 10:57:26.313,1.01455,1.01473,1.50,1.50
2011.11.23 10:57:26.542,1.01461,1.01477,1.50,1.50
2011.11.23 10:57:27.102,1.01456,1.01474,1.50,1.50
2011.11.23 10:57:28.750,1.01446,1.01464,1.50,1.50
2011.11.23 10:57:29.094,1.01457,1.01473,1.50,1.50
2011.11.23 10:57:29.322,1.01451,1.01468,1.50,1.50
2011.11.23 10:57:29.880,1.01454,1.0147,1.50,1.50
2011.11.23 10:57:30.674,1.01448,1.01465,1.50,1.50
2011.11.23 10:57:30.794,1.01446,1.01464,1.50,1.50
2011.11.23 10:57:33.810,1.01449,1.01465,1.50,1.50
2011.11.23 10:57:35.540,1.01446,1.01462,1.50,1.50
2011.11.23 10:57:36.291,1.01447,1.01465,1.50,1.50
2011.11.23 10:57:37.462,1.0145,1.01468,1.50,1.50
2011.11.23 10:57:37.806,1.01448,1.01464,1.50,1.50
2011.11.23 10:57:38.422,1.01451,1.01469,1.50,1.50
2011.11.23 10:57:39.785,1.01462,1.0148,1.50,2.25
2011.11.23 10:57:40.957,1.01462,1.0148,1.50,1.50
2011.11.23 10:57:41.400,1.01462,1.01471,1.50,1.50
2011.11.23 10:57:41.523,1.01452,1.01468,1.50,1.50
2011.11.23 10:57:41.642,1.0146,1.01468,1.50,1.50
2011.11.23 10:57:41.872,1.0146,1.01476,1.50,1.50
2011.11.23 10:57:45.542,1.01462,1.01478,1.50,3.00
2011.11.23 10:57:45.932,1.01465,1.01481,1.50,1.50
2011.11.23 10:57:47.372,1.01466,1.01481,1.50,1.50
2011.11.23 10:57:47.604,1.01469,1.01485,1.50,1.50
2011.11.23 10:57:47.835,1.01474,1.0149,1.50,1.50
2011.11.23 10:57:48.738,1.01474,1.0149,2.10,1.50
2011.11.23 10:57:48.857,1.01477,1.01493,1.50,1.50
2011.11.23 10:57:49.530,1.01482,1.01496,1.50,1.50
2011.11.23 10:57:49.661,1.01487,1.01505,1.50,2.25
2011.11.23 10:57:49.896,1.01485,1.015,1.50,1.50
2011.11.23 10:57:50.014,1.01482,1.015,1.50,2.25
2011.11.23 10:57:50.132,1.01479,1.01497,1.50,1.50
2011.11.23 10:57:53.743,1.01475,1.01491,1.50,1.50
2011.11.23 10:57:54.099,1.01478,1.01494,1.50,3.00
2011.11.23 10:57:55.507,1.01482,1.01498,1.50,1.50
2011.11.23 10:57:56.535,1.01477,1.01493,1.50,1.50
2011.11.23 10:57:57.103,1.01474,1.0149,1.50,1.88
2011.11.23 10:57:57.443,1.01456,1.01472,1.50,1.50
2011.11.23 10:57:57.834,1.01463,1.01481,1.50,1.50
2011.11.23 10:57:58.723,1.01456,1.01474,1.50,1.50
2011.11.23 10:57:59.692,1.01451,1.01469,2.25,1.50
2011.11.23 10:58:00.277,1.01449,1.01458,1.50,1.50
2011.11.23 10:58:00.394,1.01442,1.01458,2.25,1.50
2011.11.23 10:58:00.515,1.01442,1.01458,2.85,1.50
2011.11.23 10:58:00.745,1.01445,1.01463,2.10,1.50
2011.11.23 10:58:00.865,1.01449,1.01467,1.50,1.50
2011.11.23 10:58:03.284,1.01452,1.01468,1.50,3.00
2011.11.23 10:58:03.621,1.01455,1.01471,1.50,1.50
2011.11.23 10:58:03.745,1.01455,1.01473,1.50,1.50
2011.11.23 10:58:03.883,1.01453,1.01463,1.50,1.50
2011.11.23 10:58:04.007,1.01445,1.01463,1.50,1.50
2011.11.23 10:58:04.564,1.01445,1.01463,1.88,1.50
2011.11.23 10:58:04.693,1.01458,1.01476,1.50,1.50
2011.11.23 10:58:05.690,1.01457,1.01463,1.50,1.50
2011.11.23 10:58:05.814,1.01447,1.01463,1.50,1.50
2011.11.23 10:58:06.370,1.01446,1.01464,1.50,1.50
2011.11.23 10:58:10.535,1.01455,1.01471,1.50,1.50
2011.11.23 10:58:10.933,1.01458,1.01474,1.50,1.50
2011.11.23 10:58:12.588,1.01454,1.01472,1.50,1.50
2011.11.23 10:58:14.974,1.01458,1.01474,1.50,1.50
2011.11.23 10:58:15.315,1.01456,1.01472,1.50,1.50
2011.11.23 10:58:16.619,1.01453,1.01469,1.50,1.50
2011.11.23 10:58:16.736,1.01451,1.01469,3.00,1.50
2011.11.23 10:58:19.365,1.01449,1.01467,1.50,1.50
2011.11.23 10:58:19.980,1.01447,1.01463,1.50,1.50
2011.11.23 10:58:21.216,1.01449,1.01465,1.50,1.50
2011.11.23 10:58:22.012,1.01451,1.01469,1.50,1.50
2011.11.23 10:58:22.764,1.01462,1.0148,1.50,1.50
2011.11.23 10:58:23.203,1.01455,1.01471,1.50,1.50
2011.11.23 10:58:24.913,1.01458,1.01471,2.10,1.50
2011.11.23 10:58:25.039,1.01465,1.01481,1.50,1.50
2011.11.23 10:58:25.157,1.01475,1.01491,1.50,2.25
2011.11.23 10:58:25.396,1.01464,1.01482,2.15,1.50
2011.11.23 10:58:25.517,1.01462,1.0148,1.50,1.50
2011.11.23 10:58:26.068,1.0147,1.01482,1.50,1.50
2011.11.23 10:58:26.182,1.01471,1.01489,1.50,2.25
2011.11.23 10:58:26.304,1.01471,1.0148,1.50,1.50
2011.11.23 10:58:26.424,1.0146,1.01477,1.50,1.50
2011.11.23 10:58:26.981,1.01459,1.01477,1.50,1.50
2011.11.23 10:58:27.342,1.01462,1.01478,1.50,3.00
2011.11.23 10:58:27.691,1.01457,1.01475,1.50,1.50
2011.11.23 10:58:29.952,1.01446,1.01464,3.00,1.50
2011.11.23 10:58:30.308,1.0146,1.01476,1.50,1.50
2011.11.23 10:58:30.644,1.01449,1.01467,1.50,1.50
2011.11.23 10:58:30.873,1.01449,1.01467,2.10,1.50
2011.11.23 10:58:31.258,1.01458,1.01468,1.50,1.50
2011.11.23 10:58:31.380,1.01458,1.01474,1.50,1.50
2011.11.23 10:58:31.606,1.01464,1.0148,1.50,1.50
2011.11.23 10:58:31.944,1.01466,1.01484,1.50,1.50
2011.11.23 10:58:32.391,1.01462,1.0148,1.50,1.50
2011.11.23 10:58:34.781,1.01464,1.01482,1.50,1.50
2011.11.23 10:58:36.729,1.01468,1.01484,1.50,1.50
2011.11.23 10:58:40.282,1.0147,1.01488,1.50,1.50
2011.11.23 10:58:40.512,1.01473,1.01491,1.50,1.50
2011.11.23 10:58:41.301,1.01475,1.01491,1.50,1.50
2011.11.23 10:58:41.965,1.01476,1.01492,1.50,1.50
2011.11.23 10:58:42.302,1.01469,1.01485,1.50,1.50
2011.11.23 10:58:42.648,1.01479,1.01495,2.10,1.50
2011.11.23 10:58:42.767,1.01482,1.01498,1.50,1.50
2011.11.23 10:58:44.066,1.01486,1.01502,1.50,1.50
2011.11.23 10:58:44.481,1.01483,1.01501,1.50,1.50
2011.11.23 10:58:45.244,1.01485,1.01502,1.50,1.50
2011.11.23 10:58:45.805,1.01484,1.015,1.50,2.25
2011.11.23 10:58:45.926,1.0148,1.01496,1.50,1.50
2011.11.23 10:58:47.992,1.01469,1.01487,1.50,1.50
2011.11.23 10:58:48.221,1.01473,1.01491,1.50,1.50
2011.11.23 10:58:48.985,1.01475,1.01492,1.50,1.50
2011.11.23 10:58:49.387,1.01478,1.01494,1.50,1.50
2011.11.23 10:58:49.753,1.01468,1.01481,1.50,1.50
2011.11.23 10:58:50.092,1.01465,1.01481,1.50,1.50
2011.11.23 10:58:50.211,1.01469,1.01484,1.50,1.50
2011.11.23 10:58:50.331,1.01472,1.01488,1.50,1.50
2011.11.23 10:58:50.773,1.01469,1.01487,1.50,1.50
2011.11.23 10:58:51.772,1.01474,1.01492,1.50,1.50
2011.11.23 10:58:52.955,1.01472,1.0149,1.50,1.50
2011.11.23 10:58:53.472,1.0147,1.01484,1.50,1.50
2011.11.23 10:58:53.597,1.01468,1.01486,1.50,1.50
2011.11.23 10:58:53.930,1.01471,1.01486,1.50,1.50
2011.11.23 10:58:54.273,1.01473,1.01489,1.50,1.50
2011.11.23 10:58:54.613,1.0147,1.01486,1.50,1.50
2011.11.23 10:59:04.213,1.01474,1.0149,1.50,1.50
2011.11.23 10:59:04.762,1.01475,1.01493,1.50,1.50
2011.11.23 10:59:05.130,1.01472,1.015,1.50,2.85
2011.11.23 10:59:06.123,1.01472,1.015,2.10,2.25
2011.11.23 10:59:06.355,1.01472,1.01504,1.35,1.35
2011.11.23 10:59:06.475,1.01476,1.01507,1.35,1.50
2011.11.23 10:59:06.812,1.01479,1.01507,1.50,3.00
2011.11.23 10:59:09.792,1.01479,1.01507,3.75,2.25
2011.11.23 10:59:10.351,1.01479,1.01507,1.80,2.25
2011.11.23 10:59:13.306,1.01485,1.01507,1.50,2.25
2011.11.23 10:59:13.643,1.01496,1.01509,1.50,2.25
2011.11.23 10:59:14.098,1.01489,1.01505,1.50,1.50
2011.11.23 10:59:17.534,1.01479,1.01495,1.50,1.50
2011.11.23 10:59:18.093,1.01482,1.01498,1.50,1.50
2011.11.23 10:59:19.175,1.01484,1.01501,1.50,1.50
2011.11.23 10:59:19.697,1.01485,1.01501,1.50,1.50
2011.11.23 10:59:23.683,1.01483,1.015,1.50,1.50
2011.11.23 10:59:24.272,1.01481,1.01495,1.50,1.50
2011.11.23 10:59:25.039,1.01479,1.01495,1.50,2.25
2011.11.23 10:59:25.593,1.01474,1.0149,1.50,1.50
2011.11.23 10:59:26.385,1.01476,1.01492,1.50,1.50
2011.11.23 10:59:28.167,1.01474,1.0149,1.50,2.25
2011.11.23 10:59:28.723,1.01474,1.0149,1.50,1.50
2011.11.23 10:59:29.064,1.01468,1.01486,1.50,1.50
2011.11.23 10:59:29.633,1.01473,1.01489,1.50,1.50
2011.11.23 10:59:29.962,1.0147,1.01486,1.50,1.50
2011.11.23 10:59:31.932,1.01472,1.01486,1.50,1.50
2011.11.23 10:59:32.052,1.01474,1.01492,1.50,1.50
2011.11.23 10:59:34.541,1.01477,1.01494,1.50,1.50
2011.11.23 10:59:35.113,1.01477,1.01495,1.50,1.50
2011.11.23 10:59:39.035,1.01484,1.01502,1.50,2.25
2011.11.23 10:59:39.153,1.01482,1.01498,3.00,2.25
2011.11.23 10:59:39.493,1.01477,1.01495,1.50,1.50
2011.11.23 10:59:41.422,1.01477,1.01495,1.50,2.25
2011.11.23 10:59:41.543,1.01466,1.01484,1.50,1.50
2011.11.23 10:59:41.771,1.0147,1.01488,1.50,1.50
2011.11.23 10:59:45.596,1.0147,1.01488,2.10,1.50
2011.11.23 10:59:46.595,1.0147,1.01488,1.50,1.50
2011.11.23 10:59:46.714,1.0147,1.01478,1.50,1.50
2011.11.23 10:59:46.838,1.0147,1.01481,1.50,1.50
2011.11.23 10:59:46.953,1.01464,1.01482,1.50,1.50
2011.11.23 10:59:48.526,1.01463,1.01479,1.50,1.50
2011.11.23 10:59:48.646,1.01464,1.01481,1.50,1.50
2011.11.23 10:59:49.202,1.01465,1.01482,1.35,1.50
2011.11.23 10:59:49.547,1.01475,1.01493,1.50,1.50
2011.11.23 10:59:49.886,1.01485,1.01503,1.50,1.50
2011.11.23 10:59:50.223,1.01475,1.01493,1.50,1.50
2011.11.23 10:59:54.754,1.01476,1.01493,1.35,1.50
2011.11.23 10:59:55.337,1.01485,1.01501,1.50,1.50
2011.11.23 10:59:55.901,1.01479,1.01497,1.50,1.50
2011.11.23 10:59:56.132,1.01477,1.01493,1.50,1.50
2011.11.23 10:59:56.484,1.01473,1.01489,1.50,1.50
2011.11.23 10:59:58.171,1.01473,1.01488,1.50,1.50
2011.11.23 10:59:58.301,1.01479,1.01497,1.50,1.50
