2010.06.17 16:00:00.885,0.88905,0.88945,1.60,1.00
2010.06.17 16:00:01.370,0.889,0.88945,4.90,1.00
2010.06.17 16:00:01.610,0.88895,0.8893,2.40,1.60
2010.06.17 16:00:02.905,0.88895,0.8893,2.40,1.60
2010.06.17 16:00:03.669,0.88895,0.8893,2.40,1.60
2010.06.17 16:00:04.179,0.88895,0.8893,2.40,1.60
2010.06.17 16:00:04.776,0.88895,0.8894,2.40,7.30
2010.06.17 16:00:06.455,0.88895,0.8894,4.00,5.70
2010.06.17 16:00:06.738,0.88905,0.8894,1.60,1.60
2010.06.17 16:00:07.296,0.88905,0.8894,1.60,5.60
2010.06.17 16:00:07.566,0.889,0.88935,1.60,2.10
2010.06.17 16:00:08.545,0.889,0.88935,1.60,3.90
2010.06.17 16:00:09.015,0.889,0.88935,1.60,5.50
2010.06.17 16:00:09.167,0.88905,0.88935,1.60,4.80
2010.06.17 16:00:09.315,0.88905,0.88935,1.60,2.40
2010.06.17 16:00:09.465,0.88905,0.88945,1.60,6.40
2010.06.17 16:00:09.615,0.889,0.8894,2.40,1.60
2010.06.17 16:00:09.765,0.88895,0.8894,3.30,8.00
2010.06.17 16:00:10.537,0.889,0.8894,3.20,5.60
2010.06.17 16:00:10.876,0.88905,0.88945,1.60,1.00
2010.06.17 16:00:11.216,0.88905,0.88945,1.00,4.00
2010.06.17 16:00:11.555,0.889,0.88945,3.30,4.40
2010.06.17 16:00:12.326,0.889,0.8894,2.40,1.00
2010.06.17 16:00:12.594,0.889,0.8894,2.40,1.50
2010.06.17 16:00:13.254,0.889,0.8894,2.50,1.50
2010.06.17 16:00:14.394,0.889,0.8894,2.40,1.50
2010.06.17 16:00:14.564,0.88895,0.8894,2.50,8.70
2010.06.17 16:00:15.151,0.88895,0.8894,2.50,8.40
2010.06.17 16:00:16.455,0.88905,0.8894,1.60,5.20
2010.06.17 16:00:16.654,0.88905,0.8894,1.60,3.20
2010.06.17 16:00:16.854,0.88905,0.8894,1.60,2.40
2010.06.17 16:00:18.896,0.88905,0.8894,1.60,2.30
2010.06.17 16:00:19.384,0.88905,0.8894,1.60,1.00
2010.06.17 16:00:19.450,0.88905,0.8894,1.60,1.00
2010.06.17 16:00:19.857,0.88905,0.88945,1.70,1.30
2010.06.17 16:00:20.199,0.88915,0.88945,1.60,1.00
2010.06.17 16:00:20.660,0.88905,0.8894,2.00,1.60
2010.06.17 16:00:20.907,0.88905,0.8894,1.60,1.60
2010.06.17 16:00:21.158,0.88905,0.8894,1.70,1.60
2010.06.17 16:00:22.079,0.88905,0.8894,1.60,1.60
2010.06.17 16:00:23.415,0.88905,0.8894,1.70,1.60
2010.06.17 16:00:23.576,0.88915,0.88945,1.60,1.20
2010.06.17 16:00:23.735,0.88905,0.8894,4.00,1.60
2010.06.17 16:00:23.894,0.88905,0.8894,3.20,1.60
2010.06.17 16:00:24.554,0.88905,0.88945,1.70,1.60
2010.06.17 16:00:24.848,0.88905,0.8895,1.70,10.40
2010.06.17 16:00:25.557,0.88905,0.8895,1.60,10.40
2010.06.17 16:00:25.725,0.88905,0.8894,1.60,1.60
2010.06.17 16:00:27.150,0.88905,0.8894,1.70,1.60
2010.06.17 16:00:28.294,0.88905,0.8894,1.60,1.60
2010.06.17 16:00:29.235,0.88905,0.8894,1.70,1.60
2010.06.17 16:00:29.741,0.88905,0.88945,1.70,2.10
2010.06.17 16:00:29.859,0.88905,0.8894,1.60,1.60
2010.06.17 16:00:30.186,0.88905,0.8894,1.60,1.60
2010.06.17 16:00:30.518,0.88905,0.88945,1.60,1.60
2010.06.17 16:00:31.566,0.88905,0.88945,1.70,1.60
2010.06.17 16:00:31.846,0.88905,0.88945,1.60,2.40
2010.06.17 16:00:32.125,0.88905,0.8894,1.60,2.00
2010.06.17 16:00:32.414,0.88905,0.8894,1.60,1.60
2010.06.17 16:00:32.994,0.88905,0.8894,1.60,2.00
2010.06.17 16:00:33.615,0.88905,0.8894,1.60,2.80
2010.06.17 16:00:33.995,0.88905,0.8894,1.60,11.60
2010.06.17 16:00:34.285,0.88895,0.88935,2.40,1.60
2010.06.17 16:00:35.065,0.88895,0.88935,3.20,1.60
2010.06.17 16:00:35.709,0.88895,0.8894,2.40,12.80
2010.06.17 16:00:36.144,0.88895,0.8894,2.40,13.20
2010.06.17 16:00:37.341,0.88895,0.8894,2.50,13.20
2010.06.17 16:00:38.375,0.88895,0.8894,2.50,13.40
2010.06.17 16:00:40.095,0.88895,0.8894,2.50,13.20
2010.06.17 16:00:40.405,0.88905,0.8894,1.60,2.00
2010.06.17 16:00:41.135,0.88905,0.8894,1.60,1.60
2010.06.17 16:00:41.344,0.88905,0.88945,1.60,5.40
2010.06.17 16:00:41.555,0.88905,0.88945,1.60,1.60
2010.06.17 16:00:42.535,0.88905,0.88945,1.70,1.60
2010.06.17 16:00:45.595,0.88905,0.88945,1.00,1.60
2010.06.17 16:00:45.941,0.8891,0.88945,2.40,5.50
2010.06.17 16:00:46.267,0.8891,0.88945,2.40,1.00
2010.06.17 16:00:47.549,0.8891,0.8894,2.40,1.60
2010.06.17 16:00:47.889,0.8891,0.8894,2.40,8.00
2010.06.17 16:00:48.551,0.88905,0.88945,2.40,1.00
2010.06.17 16:00:48.786,0.88905,0.8895,2.40,12.80
2010.06.17 16:00:49.355,0.88905,0.8895,1.60,15.10
2010.06.17 16:00:50.139,0.88905,0.8894,1.60,1.60
2010.06.17 16:00:50.336,0.88905,0.88945,1.70,8.80
2010.06.17 16:00:50.536,0.88905,0.8895,1.70,15.70
2010.06.17 16:00:50.737,0.88905,0.8895,1.70,15.20
2010.06.17 16:00:51.886,0.88905,0.8895,5.70,5.60
2010.06.17 16:00:52.206,0.889,0.8894,4.90,1.60
2010.06.17 16:00:52.476,0.88905,0.88945,1.70,10.80
2010.06.17 16:00:52.941,0.88905,0.88945,1.70,10.00
2010.06.17 16:00:53.355,0.889,0.88945,4.80,1.60
2010.06.17 16:00:53.589,0.889,0.88935,1.00,1.60
2010.06.17 16:00:54.270,0.8891,0.88945,1.00,4.00
2010.06.17 16:00:54.509,0.8891,0.88955,1.00,10.40
2010.06.17 16:00:55.266,0.8891,0.8895,1.00,8.00
2010.06.17 16:00:55.292,0.8891,0.8895,1.00,9.60
2010.06.17 16:00:55.637,0.88915,0.88955,1.00,1.60
2010.06.17 16:00:55.975,0.88915,0.88955,1.00,1.70
2010.06.17 16:00:56.315,0.8891,0.8895,1.00,10.40
2010.06.17 16:00:57.073,0.8891,0.8895,1.00,2.40
2010.06.17 16:00:57.424,0.88905,0.8895,2.40,12.00
2010.06.17 16:00:57.769,0.88905,0.88955,6.40,10.40
2010.06.17 16:00:57.997,0.8891,0.88955,1.00,9.60
2010.06.17 16:00:58.648,0.88905,0.8895,1.00,10.40
2010.06.17 16:00:58.881,0.88905,0.88955,6.40,9.60
2010.06.17 16:00:59.166,0.88905,0.88955,6.50,10.40
2010.06.17 16:01:01.065,0.88905,0.88955,6.50,11.20
2010.06.17 16:01:01.117,0.8891,0.8895,3.20,1.60
2010.06.17 16:01:01.168,0.8891,0.88945,3.20,4.00
2010.06.17 16:01:01.689,0.88905,0.8895,2.40,13.30
2010.06.17 16:01:01.737,0.88905,0.8895,2.40,13.50
2010.06.17 16:01:03.145,0.88915,0.8895,1.60,13.50
2010.06.17 16:01:03.486,0.8892,0.8895,8.00,5.20
2010.06.17 16:01:03.967,0.88925,0.8895,1.60,1.20
2010.06.17 16:01:04.090,0.88925,0.8896,9.60,1.60
2010.06.17 16:01:04.205,0.88925,0.8896,9.60,1.00
2010.06.17 16:01:05.666,0.8892,0.88965,8.80,1.40
2010.06.17 16:01:05.874,0.8892,0.88965,8.80,3.00
2010.06.17 16:01:06.084,0.8892,0.8896,8.80,1.00
2010.06.17 16:01:06.294,0.8892,0.8896,8.00,1.00
2010.06.17 16:01:07.915,0.88915,0.8895,2.40,1.60
2010.06.17 16:01:08.176,0.88915,0.88955,2.40,2.10
2010.06.17 16:01:08.677,0.88915,0.88955,5.60,2.40
2010.06.17 16:01:08.950,0.88915,0.8896,8.00,1.00
2010.06.17 16:01:09.215,0.88915,0.8896,4.00,4.80
2010.06.17 16:01:09.489,0.88915,0.88955,8.80,1.00
2010.06.17 16:01:09.939,0.88915,0.88955,8.80,1.60
2010.06.17 16:01:10.249,0.88915,0.8896,9.60,4.80
2010.06.17 16:01:10.876,0.8892,0.88965,2.40,11.20
2010.06.17 16:01:11.334,0.88915,0.8896,10.40,2.40
2010.06.17 16:01:11.626,0.88925,0.8896,1.60,1.60
2010.06.17 16:01:12.505,0.88925,0.8896,1.60,4.00
2010.06.17 16:01:12.795,0.88915,0.8896,2.40,12.60
2010.06.17 16:01:13.269,0.88915,0.8896,1.60,12.50
2010.06.17 16:01:13.558,0.88915,0.8896,1.60,14.90
2010.06.17 16:01:15.364,0.88915,0.8896,1.60,15.10
2010.06.17 16:01:16.306,0.88915,0.8896,1.70,14.90
2010.06.17 16:01:17.023,0.88915,0.8896,9.70,3.00
2010.06.17 16:01:17.237,0.88915,0.8896,9.70,2.80
2010.06.17 16:01:17.540,0.88915,0.8896,10.50,2.80
2010.06.17 16:01:19.346,0.8892,0.88955,4.00,1.60
2010.06.17 16:01:19.776,0.88925,0.8896,1.60,1.60
2010.06.17 16:01:20.424,0.8892,0.88955,7.20,1.60
2010.06.17 16:01:20.748,0.8891,0.8895,1.00,2.80
2010.06.17 16:01:21.067,0.88905,0.88945,10.50,1.00
2010.06.17 16:01:21.700,0.88905,0.88945,10.50,3.10
2010.06.17 16:01:22.012,0.8891,0.8894,1.00,1.00
2010.06.17 16:01:22.358,0.88915,0.8894,10.40,1.00
2010.06.17 16:01:22.844,0.8892,0.8894,2.40,1.00
2010.06.17 16:01:23.190,0.8892,0.8895,4.00,4.50
2010.06.17 16:01:23.515,0.88915,0.8895,9.60,4.50
2010.06.17 16:01:24.375,0.88915,0.8895,10.40,4.50
2010.06.17 16:01:25.039,0.88915,0.8895,10.40,2.40
2010.06.17 16:01:25.306,0.88915,0.8895,9.60,1.60
2010.06.17 16:01:25.415,0.88925,0.8895,4.00,1.60
2010.06.17 16:01:26.172,0.88925,0.8895,4.00,2.10
2010.06.17 16:01:26.943,0.88925,0.8895,1.60,2.40
2010.06.17 16:01:27.285,0.88925,0.88955,1.60,2.80
2010.06.17 16:01:27.585,0.8892,0.88955,2.40,3.20
2010.06.17 16:01:28.476,0.8892,0.8895,2.40,3.20
2010.06.17 16:01:28.655,0.8891,0.88945,3.20,2.00
2010.06.17 16:01:28.835,0.8891,0.88945,3.20,2.80
2010.06.17 16:01:29.015,0.8891,0.88945,2.40,2.80
2010.06.17 16:01:29.588,0.88905,0.88945,2.40,3.20
2010.06.17 16:01:29.809,0.88905,0.8894,7.20,3.20
2010.06.17 16:01:30.025,0.8891,0.8894,2.40,2.40
2010.06.17 16:01:30.906,0.8891,0.8894,2.40,1.00
2010.06.17 16:01:31.157,0.8891,0.8894,4.00,1.00
2010.06.17 16:01:31.830,0.8891,0.8895,4.00,1.00
2010.06.17 16:01:32.075,0.88915,0.8895,1.60,1.00
2010.06.17 16:01:32.315,0.88915,0.8895,1.60,3.10
2010.06.17 16:01:32.554,0.88915,0.8895,1.60,3.00
2010.06.17 16:01:33.034,0.8891,0.8895,2.40,4.60
2010.06.17 16:01:33.523,0.8891,0.88945,2.40,1.60
2010.06.17 16:01:33.768,0.8891,0.88945,2.40,2.40
2010.06.17 16:01:34.808,0.88905,0.88945,1.70,4.00
2010.06.17 16:01:35.148,0.8891,0.88945,2.40,2.90
2010.06.17 16:01:35.396,0.88905,0.88935,1.60,1.60
2010.06.17 16:01:36.054,0.8891,0.8894,2.40,1.00
2010.06.17 16:01:37.916,0.889,0.8894,6.50,2.90
2010.06.17 16:01:38.105,0.8891,0.8894,2.40,1.30
2010.06.17 16:01:38.286,0.8891,0.88945,2.40,3.00
2010.06.17 16:01:38.889,0.8891,0.88945,2.40,3.20
2010.06.17 16:01:39.096,0.8891,0.88945,2.40,2.90
2010.06.17 16:01:39.306,0.8891,0.88945,2.40,2.80
2010.06.17 16:01:39.515,0.8891,0.88945,2.40,3.10
2010.06.17 16:01:39.716,0.8891,0.88945,2.40,3.90
2010.06.17 16:01:39.927,0.8891,0.88945,2.40,3.00
2010.06.17 16:01:40.467,0.889,0.88945,6.40,2.90
2010.06.17 16:01:40.696,0.889,0.8894,6.40,2.40
2010.06.17 16:01:41.275,0.889,0.8894,10.40,2.40
2010.06.17 16:01:41.965,0.889,0.8894,10.40,2.40
2010.06.17 16:01:42.508,0.889,0.8894,2.40,4.00
2010.06.17 16:01:42.829,0.8892,0.88945,4.00,1.00
2010.06.17 16:01:43.149,0.88915,0.88945,8.00,2.00
2010.06.17 16:01:43.277,0.8892,0.88945,4.00,2.80
2010.06.17 16:01:43.406,0.8892,0.88945,4.00,1.00
2010.06.17 16:01:44.124,0.88915,0.88945,8.00,1.00
2010.06.17 16:01:44.248,0.88915,0.88945,9.60,2.80
2010.06.17 16:01:44.566,0.88915,0.88945,5.60,2.80
2010.06.17 16:01:44.886,0.8891,0.88945,10.40,3.10
2010.06.17 16:01:45.949,0.8891,0.88945,10.40,2.80
2010.06.17 16:01:46.216,0.8891,0.88945,10.40,2.80
2010.06.17 16:01:46.786,0.8891,0.88945,10.40,2.80
2010.06.17 16:01:47.077,0.8891,0.88945,10.40,2.90
2010.06.17 16:01:47.712,0.8891,0.88945,8.00,3.20
2010.06.17 16:01:47.997,0.8891,0.88945,10.40,3.20
2010.06.17 16:01:48.196,0.8891,0.88945,10.40,2.80
2010.06.17 16:01:48.395,0.8891,0.88945,2.40,3.20
2010.06.17 16:01:49.095,0.8891,0.88945,2.40,2.80
2010.06.17 16:01:49.847,0.88905,0.8894,8.80,1.00
2010.06.17 16:01:50.195,0.88905,0.8894,8.80,2.40
2010.06.17 16:01:50.536,0.8891,0.8894,4.00,2.40
2010.06.17 16:01:50.656,0.8891,0.8894,10.40,1.00
2010.06.17 16:01:50.776,0.8891,0.88945,10.40,2.80
2010.06.17 16:01:51.005,0.8891,0.88945,10.40,2.40
2010.06.17 16:01:52.047,0.8891,0.88945,10.40,2.80
2010.06.17 16:01:52.387,0.8891,0.88945,10.50,2.80
2010.06.17 16:01:52.930,0.8891,0.88945,10.50,2.40
2010.06.17 16:01:53.225,0.88915,0.88945,1.00,2.40
2010.06.17 16:01:53.364,0.88915,0.88945,1.00,2.90
2010.06.17 16:01:54.266,0.8891,0.88945,2.50,4.60
2010.06.17 16:01:56.004,0.8891,0.88945,2.50,4.50
2010.06.17 16:01:56.285,0.8891,0.88945,2.40,4.80
2010.06.17 16:01:56.565,0.8891,0.88945,2.40,4.60
2010.06.17 16:01:57.445,0.8891,0.88945,2.40,4.70
2010.06.17 16:01:57.917,0.8891,0.88945,2.40,4.80
2010.06.17 16:01:58.908,0.8891,0.88945,2.40,4.70
2010.06.17 16:01:59.606,0.8891,0.88945,6.40,4.70
2010.06.17 16:01:59.857,0.8891,0.88945,2.40,4.40
2010.06.17 16:02:00.107,0.8891,0.88945,2.40,4.60
2010.06.17 16:02:00.187,0.8891,0.88945,2.40,4.40
2010.06.17 16:02:02.842,0.88905,0.88945,3.30,12.40
2010.06.17 16:02:03.188,0.8891,0.88945,2.40,4.00
2010.06.17 16:02:03.417,0.8891,0.88945,2.40,4.60
2010.06.17 16:02:04.034,0.8891,0.88945,2.40,4.00
2010.06.17 16:02:04.259,0.8891,0.88945,2.50,4.80
2010.06.17 16:02:04.619,0.8891,0.8894,2.50,1.60
2010.06.17 16:02:05.676,0.8891,0.8894,3.30,1.60
2010.06.17 16:02:06.452,0.88915,0.8895,2.40,2.40
2010.06.17 16:02:06.576,0.88915,0.88955,2.40,8.80
2010.06.17 16:02:06.696,0.88915,0.8895,2.40,2.30
2010.06.17 16:02:07.233,0.88915,0.8895,1.60,3.10
2010.06.17 16:02:07.346,0.8891,0.8895,3.20,7.10
2010.06.17 16:02:07.585,0.8891,0.8895,2.40,6.80
2010.06.17 16:02:09.428,0.88915,0.8895,1.60,4.40
2010.06.17 16:02:14.175,0.8891,0.8895,2.40,4.40
2010.06.17 16:02:14.284,0.8891,0.8895,2.40,6.80
2010.06.17 16:02:14.394,0.8891,0.8895,2.40,7.00
2010.06.17 16:02:15.204,0.8891,0.8895,2.40,7.20
2010.06.17 16:02:16.378,0.8891,0.88945,2.40,1.00
2010.06.17 16:02:16.555,0.8891,0.8895,2.40,7.20
2010.06.17 16:02:16.644,0.8891,0.8894,2.40,1.60
2010.06.17 16:02:16.735,0.8891,0.8894,2.40,2.00
2010.06.17 16:02:16.824,0.889,0.8894,3.20,2.80
2010.06.17 16:02:16.914,0.889,0.88935,1.00,1.00
2010.06.17 16:02:17.389,0.88895,0.88935,4.80,1.00
2010.06.17 16:02:17.727,0.88895,0.8894,1.00,2.40
2010.06.17 16:02:20.161,0.889,0.8894,2.40,2.40
2010.06.17 16:02:20.215,0.889,0.8894,3.20,2.90
2010.06.17 16:02:23.818,0.889,0.8894,12.00,2.40
2010.06.17 16:02:24.578,0.889,0.8894,3.20,2.80
2010.06.17 16:02:24.916,0.889,0.8894,3.20,3.20
2010.06.17 16:02:25.256,0.88895,0.8893,2.40,2.40
2010.06.17 16:02:25.675,0.88895,0.8893,2.40,2.40
2010.06.17 16:02:25.879,0.8889,0.88925,1.00,3.10
2010.06.17 16:02:26.088,0.8889,0.88925,1.00,2.40
2010.06.17 16:02:27.221,0.88895,0.88925,1.60,2.40
2010.06.17 16:02:27.515,0.88895,0.88925,1.60,2.80
2010.06.17 16:02:29.195,0.88885,0.88925,10.50,2.40
2010.06.17 16:02:31.139,0.88895,0.88925,1.60,2.40
2010.06.17 16:02:31.405,0.88895,0.88925,1.60,1.00
2010.06.17 16:02:31.934,0.88895,0.8893,1.60,4.60
2010.06.17 16:02:32.206,0.889,0.8893,1.60,3.00
2010.06.17 16:02:34.106,0.889,0.8893,1.60,3.00
2010.06.17 16:02:36.087,0.889,0.8893,1.60,3.00
2010.06.17 16:02:36.397,0.88895,0.8893,1.60,4.40
2010.06.17 16:02:37.658,0.88895,0.8893,1.60,2.80
2010.06.17 16:02:40.823,0.88895,0.8893,1.60,4.40
2010.06.17 16:02:41.256,0.88895,0.8893,1.60,4.70
2010.06.17 16:02:41.658,0.889,0.8893,1.60,3.10
2010.06.17 16:02:42.159,0.88895,0.8893,1.60,4.00
2010.06.17 16:02:42.836,0.88895,0.8893,1.60,2.40
2010.06.17 16:02:43.175,0.88895,0.8893,1.60,4.00
2010.06.17 16:02:44.129,0.88895,0.8893,1.60,2.40
2010.06.17 16:02:45.235,0.88905,0.8893,1.60,2.40
2010.06.17 16:02:45.467,0.889,0.8893,4.00,2.40
2010.06.17 16:02:46.207,0.8889,0.88925,1.00,1.00
2010.06.17 16:02:46.397,0.8889,0.8892,1.00,1.60
2010.06.17 16:02:47.214,0.8888,0.8892,3.20,1.00
2010.06.17 16:02:47.557,0.88885,0.8892,1.70,1.00
2010.06.17 16:02:47.877,0.88885,0.8892,10.50,1.00
2010.06.17 16:02:48.626,0.88885,0.88925,10.50,2.90
2010.06.17 16:02:48.835,0.88885,0.88925,10.40,2.90
2010.06.17 16:02:49.046,0.88885,0.88925,6.40,2.90
2010.06.17 16:02:49.255,0.88885,0.88925,2.40,3.00
2010.06.17 16:02:49.676,0.8888,0.8892,11.30,1.00
2010.06.17 16:02:50.195,0.8888,0.88915,11.30,2.40
2010.06.17 16:02:50.437,0.8888,0.88915,11.20,2.40
2010.06.17 16:02:51.150,0.8888,0.88915,11.30,2.40
2010.06.17 16:02:52.417,0.8888,0.8892,3.20,2.40
2010.06.17 16:02:52.755,0.8888,0.8892,3.20,3.00
2010.06.17 16:02:53.434,0.8888,0.8892,3.20,3.00
2010.06.17 16:02:54.125,0.8888,0.8892,3.20,3.00
2010.06.17 16:02:55.485,0.8888,0.8892,11.20,3.00
2010.06.17 16:02:55.675,0.8888,0.88915,3.20,1.00
2010.06.17 16:02:56.477,0.88875,0.88915,2.50,3.10
2010.06.17 16:02:56.778,0.88885,0.88915,1.60,2.80
2010.06.17 16:02:57.517,0.8888,0.8892,2.40,2.40
2010.06.17 16:02:57.855,0.8888,0.8892,6.40,4.00
2010.06.17 16:02:58.196,0.88875,0.88915,10.40,2.80
2010.06.17 16:02:58.705,0.88875,0.8891,6.40,1.00
2010.06.17 16:02:59.047,0.88875,0.8891,1.00,2.40
2010.06.17 16:02:59.385,0.88875,0.8891,1.00,3.00
2010.06.17 16:02:59.887,0.8887,0.8891,3.30,3.00
2010.06.17 16:03:00.116,0.8887,0.8891,2.50,3.00
2010.06.17 16:03:01.605,0.8887,0.8891,2.50,2.80
2010.06.17 16:03:01.815,0.8887,0.8891,6.50,2.40
2010.06.17 16:03:02.074,0.8887,0.8891,2.50,2.40
2010.06.17 16:03:02.336,0.8887,0.8891,6.50,2.40
2010.06.17 16:03:02.966,0.8887,0.8891,2.50,3.00
2010.06.17 16:03:04.436,0.8887,0.8891,6.50,3.00
2010.06.17 16:03:04.775,0.8887,0.8891,6.50,2.80
2010.06.17 16:03:05.114,0.8887,0.8891,2.50,2.80
2010.06.17 16:03:05.245,0.8887,0.8891,2.40,2.80
2010.06.17 16:03:05.375,0.8887,0.889,2.40,2.30
2010.06.17 16:03:05.505,0.88865,0.88895,5.60,1.00
2010.06.17 16:03:06.695,0.88865,0.889,5.60,2.80
2010.06.17 16:03:07.376,0.8887,0.889,4.00,2.80
2010.06.17 16:03:08.166,0.8887,0.88905,11.20,2.90
2010.06.17 16:03:08.505,0.8887,0.88905,11.20,3.10
2010.06.17 16:03:10.157,0.8887,0.88905,11.30,3.10
2010.06.17 16:03:12.429,0.8887,0.88905,11.30,3.20
2010.06.17 16:03:18.135,0.8887,0.88905,11.30,3.00
2010.06.17 16:03:20.440,0.8887,0.889,4.00,2.80
2010.06.17 16:03:20.705,0.88875,0.889,1.60,2.80
2010.06.17 16:03:21.366,0.88875,0.889,1.60,2.40
2010.06.17 16:03:22.936,0.8887,0.88885,2.40,1.60
2010.06.17 16:03:23.487,0.8886,0.88885,8.80,1.00
2010.06.17 16:03:23.788,0.8886,0.8889,4.80,2.40
2010.06.17 16:03:24.088,0.88865,0.8889,2.40,1.00
2010.06.17 16:03:24.386,0.88865,0.889,2.40,4.50
2010.06.17 16:03:24.928,0.88865,0.889,1.60,4.80
2010.06.17 16:03:25.592,0.8885,0.8889,1.00,14.80
2010.06.17 16:03:25.745,0.8885,0.88885,3.20,2.40
2010.06.17 16:03:25.896,0.8885,0.88885,3.20,3.00
2010.06.17 16:03:26.046,0.8885,0.88885,1.00,2.40
2010.06.17 16:03:26.206,0.88845,0.8888,1.00,2.00
2010.06.17 16:03:26.797,0.88845,0.88875,1.00,1.60
2010.06.17 16:03:27.122,0.88845,0.8888,1.00,2.80
2010.06.17 16:03:27.448,0.8884,0.8887,3.20,2.30
2010.06.17 16:03:27.769,0.8884,0.8887,6.40,2.80
2010.06.17 16:03:28.276,0.88845,0.8887,1.60,2.40
2010.06.17 16:03:28.619,0.88845,0.8887,2.40,1.00
2010.06.17 16:03:28.957,0.88845,0.88885,1.00,2.80
2010.06.17 16:03:29.675,0.88845,0.88875,1.00,8.00
2010.06.17 16:03:29.909,0.8884,0.8887,7.20,1.20
2010.06.17 16:03:30.137,0.88845,0.88875,1.00,1.60
2010.06.17 16:03:30.375,0.88845,0.88875,1.00,2.40
2010.06.17 16:03:32.760,0.88845,0.88875,2.40,2.40
2010.06.17 16:03:33.108,0.88845,0.8888,2.40,3.00
2010.06.17 16:03:34.515,0.88845,0.8888,2.50,3.00
2010.06.17 16:03:34.855,0.88845,0.88885,2.50,4.60
2010.06.17 16:03:36.506,0.88845,0.8888,2.50,2.40
2010.06.17 16:03:38.056,0.8885,0.88885,1.60,4.60
2010.06.17 16:03:38.375,0.8885,0.88885,1.60,4.40
2010.06.17 16:03:39.445,0.88845,0.88885,6.50,4.40
2010.06.17 16:03:39.585,0.88845,0.8888,2.50,2.40
2010.06.17 16:03:40.004,0.88845,0.8888,2.50,3.20
2010.06.17 16:03:40.982,0.88845,0.8888,2.40,4.80
2010.06.17 16:03:41.289,0.88845,0.8887,1.60,1.00
2010.06.17 16:03:42.186,0.88835,0.8887,5.60,3.20
2010.06.17 16:03:42.421,0.88825,0.8886,1.60,1.60
2010.06.17 16:03:42.748,0.88825,0.8886,1.60,2.90
2010.06.17 16:03:43.488,0.88825,0.8886,2.40,2.90
2010.06.17 16:03:46.128,0.88825,0.8886,2.50,2.90
2010.06.17 16:03:47.066,0.88825,0.8886,2.40,2.90
2010.06.17 16:03:47.315,0.88825,0.8886,2.50,2.90
2010.06.17 16:03:47.986,0.88825,0.88865,6.40,2.80
2010.06.17 16:03:48.574,0.8883,0.88865,5.60,2.40
2010.06.17 16:03:48.916,0.8883,0.8887,8.00,5.50
2010.06.17 16:03:50.007,0.8883,0.8887,4.00,5.60
2010.06.17 16:03:50.076,0.88825,0.88865,6.50,1.00
2010.06.17 16:03:50.232,0.88825,0.88865,6.50,2.40
2010.06.17 16:03:50.354,0.88825,0.88865,6.50,3.00
2010.06.17 16:03:51.865,0.8883,0.88865,5.60,3.00
2010.06.17 16:03:52.075,0.8883,0.8887,8.80,5.60
2010.06.17 16:03:52.965,0.8883,0.8887,8.90,5.60
2010.06.17 16:03:53.431,0.8884,0.8887,1.60,5.60
2010.06.17 16:03:53.510,0.8884,0.8887,1.60,4.80
2010.06.17 16:03:53.588,0.8884,0.8887,1.60,2.40
2010.06.17 16:03:53.760,0.8884,0.8887,1.60,3.00
2010.06.17 16:03:55.717,0.8884,0.8887,1.60,3.00
2010.06.17 16:03:56.404,0.88845,0.88875,1.60,2.40
2010.06.17 16:03:56.658,0.88845,0.88875,1.60,1.20
2010.06.17 16:03:57.132,0.88845,0.8888,1.60,3.20
2010.06.17 16:03:58.426,0.8885,0.8888,1.60,1.00
2010.06.17 16:03:58.898,0.8885,0.88885,1.60,3.10
2010.06.17 16:03:59.118,0.8885,0.88885,1.60,2.90
2010.06.17 16:03:59.336,0.8885,0.88885,1.70,2.90
2010.06.17 16:04:00.663,0.88845,0.8888,10.50,1.60
2010.06.17 16:04:00.916,0.8885,0.88885,1.60,2.90
2010.06.17 16:04:01.165,0.8885,0.88885,1.60,3.10
2010.06.17 16:04:01.819,0.8885,0.88885,1.70,3.10
2010.06.17 16:04:05.496,0.8885,0.88885,2.50,3.10
2010.06.17 16:04:07.649,0.8885,0.88885,1.00,4.70
2010.06.17 16:04:07.960,0.8885,0.88885,1.00,4.00
2010.06.17 16:04:08.266,0.8885,0.88885,1.00,4.70
2010.06.17 16:04:09.725,0.8885,0.88885,1.00,4.80
2010.06.17 16:04:10.917,0.8885,0.88885,1.00,4.80
2010.06.17 16:04:11.177,0.8885,0.88885,2.50,3.20
2010.06.17 16:04:11.435,0.8885,0.88885,2.50,2.90
2010.06.17 16:04:11.685,0.8885,0.88885,2.50,3.20
2010.06.17 16:04:18.509,0.8885,0.8888,2.40,1.00
2010.06.17 16:04:18.851,0.8885,0.8888,1.00,4.00
2010.06.17 16:04:19.600,0.88845,0.8888,2.50,4.00
2010.06.17 16:04:21.107,0.88845,0.8888,2.40,4.00
2010.06.17 16:04:22.669,0.8885,0.8888,1.60,2.40
2010.06.17 16:04:23.006,0.88845,0.8888,6.50,4.80
2010.06.17 16:04:23.422,0.88845,0.8888,2.50,4.80
2010.06.17 16:04:23.538,0.88845,0.88885,2.40,4.00
2010.06.17 16:04:23.995,0.88845,0.88885,2.40,4.70
2010.06.17 16:04:24.335,0.8885,0.88885,1.00,4.00
2010.06.17 16:04:25.011,0.8885,0.88885,2.50,2.40
2010.06.17 16:04:27.639,0.8885,0.88885,2.50,2.90
2010.06.17 16:04:27.818,0.8885,0.8888,1.00,2.40
2010.06.17 16:04:28.036,0.8885,0.88885,2.50,2.90
2010.06.17 16:04:28.465,0.8885,0.88885,2.50,3.20
2010.06.17 16:04:28.676,0.8885,0.88885,1.00,4.80
2010.06.17 16:04:28.986,0.8885,0.8888,1.00,2.40
2010.06.17 16:04:31.535,0.88845,0.8888,2.40,2.40
2010.06.17 16:04:32.805,0.8885,0.8888,1.00,2.40
2010.06.17 16:04:33.005,0.8885,0.8888,1.70,2.40
2010.06.17 16:04:33.206,0.8885,0.8888,2.50,2.40
2010.06.17 16:04:38.895,0.88845,0.8888,8.80,2.40
2010.06.17 16:04:39.096,0.88845,0.8888,1.00,4.00
2010.06.17 16:04:39.858,0.8884,0.8887,1.00,2.40
2010.06.17 16:04:40.198,0.88845,0.8888,1.00,2.40
2010.06.17 16:04:42.254,0.88845,0.8888,1.00,2.40
2010.06.17 16:04:44.252,0.88845,0.8888,8.90,2.40
2010.06.17 16:04:44.315,0.8886,0.8888,1.60,2.40
2010.06.17 16:04:44.368,0.88855,0.8888,1.60,2.40
2010.06.17 16:04:45.261,0.88845,0.8888,1.00,2.40
2010.06.17 16:04:47.226,0.8885,0.8888,1.00,2.40
2010.06.17 16:04:54.686,0.8885,0.8887,1.00,2.40
2010.06.17 16:04:54.918,0.8884,0.8888,6.50,3.20
2010.06.17 16:04:54.986,0.8884,0.8888,6.50,2.40
2010.06.17 16:04:55.544,0.88845,0.8888,1.00,2.40
2010.06.17 16:05:00.546,0.88845,0.8887,1.00,2.40
2010.06.17 16:05:03.316,0.8884,0.8887,6.50,2.40
2010.06.17 16:05:07.923,0.88845,0.8887,1.00,2.40
2010.06.17 16:05:10.546,0.8884,0.8887,6.50,2.40
2010.06.17 16:05:14.266,0.8884,0.8887,5.70,2.40
2010.06.17 16:05:14.510,0.88835,0.8887,4.80,2.40
2010.06.17 16:05:14.746,0.8884,0.8887,1.00,2.40
2010.06.17 16:05:15.917,0.88835,0.8887,4.90,2.40
2010.06.17 16:05:16.417,0.88835,0.8887,4.80,2.40
2010.06.17 16:05:17.138,0.8884,0.8887,1.60,2.40
2010.06.17 16:05:17.476,0.88835,0.8886,1.00,2.40
2010.06.17 16:05:18.667,0.88835,0.8887,4.80,2.40
2010.06.17 16:05:19.729,0.88835,0.8887,4.90,2.40
2010.06.17 16:05:22.449,0.88835,0.8886,1.00,2.40
2010.06.17 16:05:22.696,0.8884,0.8887,1.60,2.40
2010.06.17 16:05:24.259,0.88845,0.8888,1.60,4.10
2010.06.17 16:05:24.989,0.88835,0.8887,1.00,2.40
2010.06.17 16:05:25.329,0.88835,0.8887,5.60,2.40
2010.06.17 16:05:26.007,0.88835,0.8886,1.00,2.40
2010.06.17 16:05:27.965,0.8883,0.8886,6.50,2.40
2010.06.17 16:05:29.901,0.8883,0.8886,2.40,2.40
2010.06.17 16:05:30.056,0.8883,0.8886,1.00,2.40
2010.06.17 16:05:30.137,0.88825,0.8885,9.60,2.40
2010.06.17 16:05:30.218,0.88825,0.8885,5.60,2.40
2010.06.17 16:05:30.641,0.88825,0.8885,1.60,2.40
2010.06.17 16:05:30.946,0.88825,0.8886,5.60,2.40
2010.06.17 16:05:31.256,0.88825,0.8886,5.70,2.40
2010.06.17 16:05:32.629,0.8883,0.8886,5.60,2.40
2010.06.17 16:05:32.970,0.8883,0.8886,1.60,2.40
2010.06.17 16:05:35.247,0.8883,0.8886,6.90,2.40
2010.06.17 16:05:35.366,0.8883,0.8886,1.30,2.40
2010.06.17 16:05:35.466,0.8883,0.8886,1.60,2.40
2010.06.17 16:05:35.575,0.8883,0.8886,7.20,2.40
2010.06.17 16:05:36.088,0.8883,0.8886,6.40,2.40
2010.06.17 16:05:37.815,0.88835,0.8886,1.00,2.40
2010.06.17 16:05:41.105,0.8883,0.8886,1.00,2.40
2010.06.17 16:05:43.574,0.8883,0.8886,2.40,2.40
2010.06.17 16:05:44.347,0.88835,0.88865,4.00,1.60
2010.06.17 16:05:44.537,0.88825,0.8886,11.80,2.40
2010.06.17 16:05:45.183,0.88825,0.8886,1.00,2.40
2010.06.17 16:05:45.866,0.8883,0.8886,1.60,2.40
2010.06.17 16:05:46.436,0.8883,0.88865,1.60,1.60
2010.06.17 16:05:46.777,0.88825,0.8887,10.40,2.40
2010.06.17 16:05:47.115,0.8883,0.8887,1.00,2.40
2010.06.17 16:05:48.256,0.8883,0.8887,1.00,2.50
2010.06.17 16:05:48.905,0.8883,0.8887,1.00,2.40
2010.06.17 16:05:49.546,0.8884,0.88885,1.00,9.60
2010.06.17 16:05:49.806,0.8884,0.8888,1.00,4.00
2010.06.17 16:05:50.103,0.8884,0.8888,1.00,6.40
2010.06.17 16:05:50.605,0.8884,0.8888,1.00,7.30
2010.06.17 16:05:51.193,0.8884,0.8887,1.00,2.40
2010.06.17 16:05:51.447,0.88835,0.8887,1.00,2.40
2010.06.17 16:05:51.615,0.88835,0.88865,1.00,1.60
2010.06.17 16:05:51.785,0.8883,0.88865,1.00,1.60
2010.06.17 16:05:51.957,0.88835,0.8887,1.60,6.40
2010.06.17 16:05:52.126,0.88835,0.88875,1.60,3.20
2010.06.17 16:05:52.718,0.8884,0.88885,2.40,4.80
2010.06.17 16:05:53.244,0.8884,0.88885,7.20,1.00
2010.06.17 16:05:53.869,0.88835,0.8888,4.80,2.40
2010.06.17 16:05:54.155,0.88835,0.8888,1.00,6.40
2010.06.17 16:05:54.436,0.88835,0.8888,8.80,2.40
2010.06.17 16:05:54.715,0.88835,0.88885,8.80,11.20
2010.06.17 16:05:55.218,0.88835,0.8888,4.80,2.40
2010.06.17 16:05:55.887,0.88835,0.88875,1.00,1.60
2010.06.17 16:05:57.307,0.88835,0.88875,2.40,1.60
2010.06.17 16:05:57.615,0.88835,0.8888,2.40,4.00
2010.06.17 16:05:57.825,0.8884,0.8887,1.00,1.60
2010.06.17 16:05:58.246,0.88835,0.8887,1.00,1.60
2010.06.17 16:05:59.841,0.88835,0.88865,1.00,1.60
2010.06.17 16:06:00.144,0.8883,0.88865,2.30,1.60
2010.06.17 16:06:01.315,0.8883,0.88865,2.40,1.60
2010.06.17 16:06:02.309,0.8883,0.88865,4.80,1.60
2010.06.17 16:06:11.365,0.8883,0.88865,4.70,1.60
2010.06.17 16:06:11.425,0.8883,0.88865,3.10,1.60
2010.06.17 16:06:12.101,0.8883,0.88865,1.00,1.60
2010.06.17 16:06:12.362,0.8883,0.88865,1.00,1.60
2010.06.17 16:06:13.146,0.8883,0.88865,1.00,1.70
2010.06.17 16:06:16.876,0.8883,0.88865,1.00,1.60
2010.06.17 16:06:18.101,0.8883,0.88865,8.00,1.60
2010.06.17 16:06:18.436,0.8883,0.88865,5.40,1.60
2010.06.17 16:06:18.776,0.8883,0.88865,5.60,1.60
2010.06.17 16:06:19.522,0.8883,0.88865,5.70,1.60
2010.06.17 16:06:21.145,0.8883,0.88865,5.60,1.60
2010.06.17 16:06:21.487,0.8883,0.88865,13.60,1.60
2010.06.17 16:06:21.826,0.8884,0.88875,1.60,1.60
2010.06.17 16:06:25.248,0.88845,0.8888,1.60,1.60
2010.06.17 16:06:25.446,0.8885,0.88885,1.60,1.60
2010.06.17 16:06:25.647,0.88845,0.8888,1.60,1.60
2010.06.17 16:06:26.220,0.8885,0.88885,1.60,1.60
2010.06.17 16:06:27.576,0.8885,0.88885,1.60,1.60
2010.06.17 16:06:28.055,0.8885,0.88885,1.60,1.60
2010.06.17 16:06:28.936,0.8885,0.88895,8.00,2.50
2010.06.17 16:06:29.686,0.88855,0.88895,1.00,2.50
2010.06.17 16:06:29.987,0.8887,0.88895,1.60,1.00
2010.06.17 16:06:30.727,0.8885,0.8889,1.70,2.40
2010.06.17 16:06:30.915,0.8885,0.88895,6.50,1.60
2010.06.17 16:06:31.095,0.8885,0.88895,7.30,1.60
2010.06.17 16:06:33.125,0.8886,0.88895,1.60,1.60
2010.06.17 16:06:34.446,0.8886,0.889,1.60,3.20
2010.06.17 16:06:34.970,0.8886,0.889,8.00,1.00
2010.06.17 16:06:35.280,0.88855,0.88895,2.40,1.60
2010.06.17 16:06:35.585,0.8886,0.88905,1.60,10.40
2010.06.17 16:06:35.894,0.8886,0.88905,1.60,6.40
2010.06.17 16:06:37.266,0.8886,0.88905,1.70,6.40
2010.06.17 16:06:38.385,0.88855,0.88905,1.00,10.50
2010.06.17 16:06:38.585,0.88855,0.889,1.00,2.40
2010.06.17 16:06:39.221,0.8886,0.88905,9.60,1.60
2010.06.17 16:06:39.756,0.8886,0.88905,8.80,1.60
2010.06.17 16:06:40.527,0.8886,0.88905,8.90,1.60
2010.06.17 16:06:40.746,0.8886,0.88905,12.90,1.60
2010.06.17 16:06:42.346,0.88865,0.88905,1.00,1.60
2010.06.17 16:06:42.804,0.88865,0.88905,4.80,1.60
2010.06.17 16:06:42.976,0.8887,0.88905,1.60,1.60
2010.06.17 16:06:43.145,0.88865,0.88905,10.40,1.60
2010.06.17 16:06:43.315,0.8887,0.88905,1.00,1.60
2010.06.17 16:06:43.740,0.8887,0.88905,2.40,1.60
2010.06.17 16:06:44.075,0.8887,0.88905,1.60,1.60
2010.06.17 16:06:45.187,0.8887,0.88905,1.70,1.60
2010.06.17 16:06:45.886,0.88865,0.88905,10.50,1.60
2010.06.17 16:06:45.956,0.88865,0.88905,6.50,1.60
2010.06.17 16:06:46.095,0.88865,0.88915,4.80,11.00
2010.06.17 16:06:46.577,0.88865,0.8891,4.80,4.00
2010.06.17 16:06:46.621,0.88865,0.8891,4.80,6.40
2010.06.17 16:06:46.962,0.88865,0.88915,10.20,3.00
2010.06.17 16:06:47.306,0.88865,0.88915,12.60,3.00
2010.06.17 16:06:48.416,0.8887,0.88915,1.00,2.40
2010.06.17 16:06:49.494,0.8887,0.88915,1.00,2.20
2010.06.17 16:06:49.856,0.8887,0.88915,12.10,1.00
2010.06.17 16:06:50.172,0.8887,0.8892,11.90,11.20
2010.06.17 16:06:50.323,0.8887,0.8892,11.90,10.40
2010.06.17 16:06:50.454,0.8887,0.8892,13.70,8.80
2010.06.17 16:06:50.584,0.8887,0.8892,12.90,8.80
2010.06.17 16:06:50.784,0.8887,0.8892,11.30,8.80
2010.06.17 16:06:53.376,0.88875,0.8892,4.00,8.80
2010.06.17 16:06:53.950,0.88875,0.88915,1.60,1.60
2010.06.17 16:06:54.139,0.8888,0.8892,2.40,4.80
2010.06.17 16:06:55.501,0.8888,0.88915,2.40,5.50
2010.06.17 16:06:55.837,0.8887,0.8891,7.20,2.30
2010.06.17 16:06:56.346,0.8887,0.8891,3.20,1.60
2010.06.17 16:06:56.690,0.88865,0.8891,1.00,12.40
2010.06.17 16:06:57.426,0.88865,0.8891,1.00,12.00
2010.06.17 16:06:57.776,0.88865,0.8891,1.00,10.40
2010.06.17 16:06:58.118,0.88865,0.88915,8.80,8.80
2010.06.17 16:06:58.458,0.88865,0.88915,9.70,8.80
2010.06.17 16:06:59.138,0.8887,0.8892,11.20,12.90
2010.06.17 16:06:59.419,0.88875,0.8892,9.60,4.80
2010.06.17 16:06:59.698,0.8888,0.88925,6.40,1.00
2010.06.17 16:06:59.999,0.88875,0.8892,4.90,4.00
2010.06.17 16:07:00.702,0.88875,0.8892,4.80,4.00
2010.06.17 16:07:00.859,0.8888,0.8892,2.40,1.60
2010.06.17 16:07:01.018,0.88875,0.8892,4.90,4.00
2010.06.17 16:07:01.175,0.88875,0.8892,4.90,4.70
2010.06.17 16:07:01.916,0.8888,0.8892,2.40,1.00
2010.06.17 16:07:02.340,0.8888,0.8892,6.40,1.00
2010.06.17 16:07:02.677,0.8888,0.88925,6.40,1.00
2010.06.17 16:07:05.377,0.8888,0.8892,6.40,1.60
2010.06.17 16:07:05.536,0.88875,0.8892,6.40,4.00
2010.06.17 16:07:06.127,0.88875,0.8892,5.60,4.80
2010.06.17 16:07:06.906,0.88875,0.8892,4.10,4.80
2010.06.17 16:07:07.510,0.88875,0.8892,5.70,4.80
2010.06.17 16:07:07.774,0.88875,0.8892,4.10,4.80
2010.06.17 16:07:08.276,0.88875,0.8892,4.10,4.90
2010.06.17 16:07:09.981,0.88875,0.8892,4.10,4.80
2010.06.17 16:07:10.343,0.88875,0.8892,4.10,4.70
2010.06.17 16:07:10.528,0.8888,0.8892,8.00,4.50
2010.06.17 16:07:10.705,0.88885,0.8893,1.60,8.90
2010.06.17 16:07:10.885,0.88885,0.8893,1.60,8.10
2010.06.17 16:07:11.065,0.8888,0.8893,11.20,8.10
2010.06.17 16:07:11.827,0.88885,0.8893,1.00,8.10
2010.06.17 16:07:12.157,0.88885,0.8893,1.60,8.90
2010.06.17 16:07:12.694,0.8888,0.8893,11.30,8.90
2010.06.17 16:07:13.593,0.88885,0.8893,1.00,8.90
2010.06.17 16:07:14.746,0.88885,0.8893,1.70,8.90
2010.06.17 16:07:15.093,0.88885,0.8893,6.40,4.60
2010.06.17 16:07:15.435,0.88885,0.8893,6.40,4.90
2010.06.17 16:07:16.646,0.88885,0.8893,4.90,4.90
2010.06.17 16:07:19.772,0.88885,0.8893,4.90,4.80
2010.06.17 16:07:20.534,0.88885,0.8893,6.50,4.80
2010.06.17 16:07:20.785,0.88885,0.8892,4.80,1.60
2010.06.17 16:07:21.040,0.88885,0.8892,1.00,1.60
2010.06.17 16:07:31.098,0.8888,0.8892,9.20,1.60
2010.06.17 16:07:31.327,0.88875,0.8891,7.80,1.60
2010.06.17 16:07:31.557,0.88875,0.8891,7.00,1.60
2010.06.17 16:07:32.188,0.8888,0.8891,1.00,1.60
2010.06.17 16:07:32.976,0.8888,0.8892,6.90,1.60
2010.06.17 16:07:33.613,0.8888,0.8892,7.30,1.60
2010.06.17 16:07:34.839,0.8888,0.8892,8.90,1.60
2010.06.17 16:07:34.985,0.8888,0.8892,7.30,1.60
2010.06.17 16:07:35.681,0.8888,0.8892,7.20,1.60
2010.06.17 16:07:35.861,0.8888,0.8892,1.00,4.00
2010.06.17 16:07:36.027,0.8888,0.8891,1.00,2.40
2010.06.17 16:07:36.807,0.88875,0.88905,2.40,8.00
2010.06.17 16:07:37.488,0.88875,0.88905,1.00,8.00
2010.06.17 16:07:39.593,0.88875,0.8891,1.00,4.00
2010.06.17 16:07:44.722,0.88875,0.8891,2.40,4.00
2010.06.17 16:07:45.065,0.88875,0.8891,2.40,1.60
2010.06.17 16:07:45.740,0.88875,0.8892,2.40,4.90
2010.06.17 16:07:45.888,0.8888,0.8892,1.00,4.10
2010.06.17 16:07:50.127,0.88885,0.8892,1.60,2.50
2010.06.17 16:07:50.366,0.88885,0.8893,1.60,9.70
2010.06.17 16:07:51.387,0.88885,0.88925,4.00,1.00
2010.06.17 16:07:51.726,0.8888,0.88925,4.80,1.00
2010.06.17 16:07:59.405,0.88885,0.8893,1.60,9.60
2010.06.17 16:07:59.575,0.88885,0.8893,5.60,5.60
2010.06.17 16:08:00.155,0.88885,0.8893,5.60,4.80
2010.06.17 16:08:01.305,0.88885,0.8893,5.60,4.90
2010.06.17 16:08:02.671,0.88885,0.8892,1.70,1.60
2010.06.17 16:08:02.827,0.88885,0.8893,1.70,9.60
2010.06.17 16:08:03.291,0.8888,0.8892,8.00,1.60
2010.06.17 16:08:03.454,0.8888,0.88925,6.80,4.00
2010.06.17 16:08:03.799,0.88885,0.8893,1.60,9.60
2010.06.17 16:08:04.425,0.88885,0.8892,1.00,1.60
2010.06.17 16:08:04.769,0.8888,0.88925,7.20,1.00
2010.06.17 16:08:06.107,0.8888,0.8893,7.20,12.90
2010.06.17 16:08:07.535,0.8888,0.8893,7.20,12.80
2010.06.17 16:08:08.597,0.8888,0.8893,7.20,12.80
2010.06.17 16:08:10.336,0.8888,0.88925,7.20,1.00
2010.06.17 16:08:12.686,0.88885,0.88925,4.00,1.00
2010.06.17 16:08:12.766,0.88885,0.88925,9.60,1.00
2010.06.17 16:08:13.064,0.88885,0.8893,9.60,4.80
2010.06.17 16:08:13.146,0.88885,0.8893,10.00,4.80
2010.06.17 16:08:13.267,0.88885,0.8893,10.00,4.90
2010.06.17 16:08:13.887,0.88885,0.8893,1.40,12.00
2010.06.17 16:08:14.225,0.8888,0.8892,11.20,1.60
2010.06.17 16:08:15.102,0.8888,0.8892,3.20,4.00
2010.06.17 16:08:15.397,0.8888,0.8893,11.20,12.80
2010.06.17 16:08:15.686,0.88885,0.8893,1.00,12.00
2010.06.17 16:08:16.445,0.88885,0.88925,1.00,4.00
2010.06.17 16:08:16.777,0.8888,0.88925,1.60,8.00
2010.06.17 16:08:17.106,0.88885,0.8893,8.80,1.00
2010.06.17 16:08:17.436,0.88885,0.88935,8.80,8.90
2010.06.17 16:08:18.121,0.88885,0.88935,8.80,8.80
2010.06.17 16:08:18.876,0.88885,0.8893,1.00,12.00
2010.06.17 16:08:19.073,0.88885,0.8893,1.00,12.10
2010.06.17 16:08:19.267,0.88885,0.88925,1.00,8.00
2010.06.17 16:08:19.456,0.8888,0.88925,1.00,8.00
2010.06.17 16:08:21.342,0.8888,0.88925,1.00,8.80
2010.06.17 16:08:21.506,0.88875,0.88925,9.70,8.80
2010.06.17 16:08:23.277,0.88875,0.88925,10.50,8.80
2010.06.17 16:08:23.898,0.8888,0.88925,4.00,4.80
2010.06.17 16:08:24.357,0.8888,0.88925,10.40,1.00
2010.06.17 16:08:25.270,0.8888,0.8892,2.40,1.60
2010.06.17 16:08:25.422,0.8888,0.8892,10.40,1.60
2010.06.17 16:08:25.762,0.88875,0.8892,1.70,8.00
2010.06.17 16:08:26.099,0.88875,0.8892,11.30,4.00
2010.06.17 16:08:26.439,0.8888,0.8892,2.40,1.60
2010.06.17 16:08:27.130,0.88875,0.8892,10.50,4.00
2010.06.17 16:08:27.400,0.8888,0.8892,2.40,1.60
2010.06.17 16:08:28.189,0.8888,0.8892,2.50,1.60
2010.06.17 16:08:29.579,0.8888,0.88925,10.50,1.00
2010.06.17 16:08:30.170,0.8888,0.88925,10.40,1.00
2010.06.17 16:08:31.139,0.88885,0.8892,1.60,1.60
2010.06.17 16:08:31.360,0.8888,0.88925,6.90,3.20
2010.06.17 16:08:31.591,0.8888,0.8893,6.40,13.70
2010.06.17 16:08:32.038,0.8888,0.8892,2.40,1.60
2010.06.17 16:08:32.382,0.8887,0.8892,12.00,12.80
2010.06.17 16:08:32.720,0.88875,0.8892,9.60,4.80
2010.06.17 16:08:33.061,0.88875,0.8892,9.60,2.40
2010.06.17 16:08:33.966,0.88875,0.8892,9.60,2.80
2010.06.17 16:08:34.309,0.88875,0.8891,1.60,1.60
2010.06.17 16:08:34.616,0.8888,0.8892,4.00,5.30
2010.06.17 16:08:35.078,0.8888,0.8892,6.40,2.90
2010.06.17 16:08:35.401,0.8887,0.8892,4.80,12.80
2010.06.17 16:08:35.626,0.8887,0.8892,7.20,12.80
2010.06.17 16:08:36.271,0.88875,0.8892,8.00,1.00
2010.06.17 16:08:40.209,0.8887,0.8892,8.00,10.40
2010.06.17 16:08:40.339,0.88875,0.8892,8.00,4.80
2010.06.17 16:08:40.469,0.88875,0.8892,8.00,1.00
2010.06.17 16:08:41.644,0.88875,0.8892,8.00,2.40
2010.06.17 16:08:41.986,0.8887,0.8892,7.20,12.80
2010.06.17 16:08:43.210,0.8887,0.8892,7.20,12.90
2010.06.17 16:08:43.548,0.8887,0.88915,7.20,1.00
2010.06.17 16:08:44.671,0.8887,0.88915,1.00,8.80
2010.06.17 16:08:44.848,0.88865,0.88915,8.80,8.80
2010.06.17 16:08:45.037,0.88865,0.88915,8.80,9.40
2010.06.17 16:08:45.178,0.88865,0.88915,9.60,9.40
2010.06.17 16:08:45.591,0.88865,0.88915,11.20,9.40
2010.06.17 16:08:45.868,0.8887,0.88915,1.50,8.80
2010.06.17 16:08:46.429,0.8887,0.88915,13.50,1.00
2010.06.17 16:08:46.651,0.8887,0.8892,13.60,8.90
2010.06.17 16:08:46.869,0.88875,0.8892,1.00,8.10
2010.06.17 16:08:47.090,0.88875,0.8892,8.50,2.40
2010.06.17 16:08:47.309,0.8888,0.88925,2.40,8.90
2010.06.17 16:08:48.211,0.8888,0.88925,2.40,8.80
2010.06.17 16:08:50.729,0.8888,0.88925,10.40,1.00
2010.06.17 16:08:50.899,0.8888,0.88925,2.40,8.80
2010.06.17 16:08:51.240,0.8888,0.88925,2.40,9.60
2010.06.17 16:08:52.095,0.8887,0.88915,5.70,1.60
2010.06.17 16:08:54.499,0.8887,0.88915,5.70,2.40
2010.06.17 16:08:54.638,0.8887,0.88915,4.90,2.40
2010.06.17 16:08:55.153,0.8887,0.88915,4.90,2.50
2010.06.17 16:08:55.785,0.8887,0.88915,8.90,2.50
2010.06.17 16:08:55.890,0.8887,0.88915,12.90,1.00
2010.06.17 16:09:00.502,0.8887,0.8892,12.90,4.80
2010.06.17 16:09:03.613,0.8887,0.8892,4.90,11.20
2010.06.17 16:09:03.762,0.8887,0.8892,12.80,1.00
2010.06.17 16:09:03.941,0.8887,0.88915,8.80,1.60
2010.06.17 16:09:04.120,0.8887,0.88915,4.80,1.60
2010.06.17 16:09:05.729,0.8887,0.88915,12.80,1.60
2010.06.17 16:09:06.019,0.8887,0.88915,4.80,1.60
2010.06.17 16:09:07.143,0.8887,0.88915,4.90,1.60
2010.06.17 16:09:07.940,0.88875,0.88925,1.00,11.30
2010.06.17 16:09:09.004,0.88875,0.88925,1.00,12.10
2010.06.17 16:09:09.260,0.88875,0.88915,1.00,1.60
2010.06.17 16:09:09.976,0.88875,0.88915,1.60,1.60
2010.06.17 16:09:11.129,0.88875,0.88915,1.60,1.60
2010.06.17 16:09:11.470,0.88875,0.88915,1.60,1.70
2010.06.17 16:09:12.126,0.88875,0.88915,1.70,1.60
2010.06.17 16:09:12.288,0.88875,0.88915,1.60,1.70
2010.06.17 16:09:12.873,0.8887,0.8891,4.90,1.60
2010.06.17 16:09:13.181,0.8887,0.8891,4.10,1.60
2010.06.17 16:09:13.843,0.8887,0.88905,4.10,1.60
2010.06.17 16:09:14.149,0.8887,0.88905,4.00,1.60
2010.06.17 16:09:14.789,0.8887,0.88905,1.60,1.60
2010.06.17 16:09:15.041,0.8887,0.88905,4.00,1.60
2010.06.17 16:09:17.336,0.8887,0.88905,4.10,1.60
2010.06.17 16:09:20.509,0.8887,0.88905,1.60,1.60
2010.06.17 16:09:20.659,0.8887,0.88905,2.40,1.60
2010.06.17 16:09:20.829,0.8887,0.88915,4.80,3.30
2010.06.17 16:09:20.999,0.8887,0.88915,4.00,2.50
2010.06.17 16:09:21.601,0.8887,0.88915,4.60,1.70
2010.06.17 16:09:22.172,0.8887,0.8892,12.80,4.80
2010.06.17 16:09:22.491,0.8887,0.88915,5.70,9.60
2010.06.17 16:09:22.999,0.8887,0.88915,5.70,8.00
2010.06.17 16:09:23.189,0.88875,0.88915,1.00,8.00
2010.06.17 16:09:23.653,0.88875,0.88915,1.00,4.00
2010.06.17 16:09:23.999,0.8887,0.8892,12.90,1.00
2010.06.17 16:09:24.341,0.8887,0.8892,13.70,1.00
2010.06.17 16:09:24.680,0.8888,0.88925,2.40,11.20
2010.06.17 16:09:25.019,0.8888,0.88925,2.40,7.20
2010.06.17 16:09:25.999,0.8888,0.88925,11.20,3.20
2010.06.17 16:09:26.149,0.88885,0.88925,5.60,1.00
2010.06.17 16:09:26.299,0.8888,0.88915,7.60,1.60
2010.06.17 16:09:26.449,0.88875,0.88915,2.50,1.60
2010.06.17 16:09:26.599,0.8888,0.88915,1.00,1.60
2010.06.17 16:09:27.167,0.8888,0.88915,2.40,1.60
2010.06.17 16:09:27.513,0.8888,0.88925,10.40,1.00
2010.06.17 16:09:27.849,0.8888,0.8893,11.20,16.10
2010.06.17 16:09:28.269,0.8888,0.88925,11.30,1.00
2010.06.17 16:09:29.964,0.8888,0.8893,12.00,14.40
2010.06.17 16:09:30.172,0.88885,0.8893,8.80,1.00
2010.06.17 16:09:30.379,0.88885,0.8893,1.00,12.80
2010.06.17 16:09:30.579,0.88885,0.8893,1.00,11.20
2010.06.17 16:09:30.779,0.88885,0.8893,8.80,1.00
2010.06.17 16:09:30.979,0.88885,0.8893,1.00,12.80
2010.06.17 16:09:31.729,0.88885,0.8892,1.00,1.60
2010.06.17 16:09:32.069,0.88885,0.8893,1.00,12.80
2010.06.17 16:09:33.143,0.88885,0.8893,1.00,12.90
2010.06.17 16:09:33.578,0.8888,0.8893,11.80,12.90
2010.06.17 16:09:34.270,0.88885,0.88925,1.60,1.00
2010.06.17 16:09:34.529,0.8888,0.88925,10.50,1.00
2010.06.17 16:09:34.789,0.88885,0.88925,5.60,1.00
2010.06.17 16:09:35.049,0.88885,0.88925,9.60,1.00
2010.06.17 16:09:35.898,0.88885,0.8893,9.60,2.50
2010.06.17 16:09:36.123,0.88885,0.8893,9.70,2.50
2010.06.17 16:09:38.648,0.88885,0.8893,9.60,2.40
2010.06.17 16:09:38.819,0.88885,0.8893,9.70,1.00
2010.06.17 16:09:38.929,0.8889,0.88935,4.00,1.70
2010.06.17 16:09:39.038,0.8889,0.88935,6.40,1.70
2010.06.17 16:09:39.620,0.8889,0.88935,6.40,1.00
2010.06.17 16:09:40.378,0.8889,0.88935,6.50,1.00
2010.06.17 16:09:51.123,0.8889,0.8893,6.40,1.60
2010.06.17 16:09:51.302,0.8889,0.8893,2.40,1.60
2010.06.17 16:09:51.482,0.88885,0.8893,1.30,8.00
2010.06.17 16:09:51.943,0.88885,0.8893,9.60,1.00
2010.06.17 16:09:52.460,0.88885,0.8893,1.00,12.80
2010.06.17 16:09:53.140,0.88885,0.8893,1.70,6.40
2010.06.17 16:09:53.455,0.8889,0.8893,4.00,1.00
2010.06.17 16:09:53.766,0.8889,0.8893,6.40,1.00
2010.06.17 16:09:54.779,0.8889,0.8893,6.40,1.00
2010.06.17 16:09:56.279,0.8889,0.8893,6.50,1.00
2010.06.17 16:09:57.361,0.8889,0.8893,6.40,2.40
2010.06.17 16:09:57.572,0.88885,0.8893,8.00,4.00
2010.06.17 16:09:57.781,0.88885,0.8893,7.10,4.00
2010.06.17 16:09:59.240,0.88885,0.8893,7.10,4.10
2010.06.17 16:10:00.630,0.88885,0.8892,1.60,1.60
2010.06.17 16:10:00.840,0.8888,0.8892,2.80,1.60
2010.06.17 16:10:01.041,0.88885,0.8892,1.60,1.60
2010.06.17 16:10:01.702,0.8888,0.8892,3.10,1.60
2010.06.17 16:10:04.141,0.8888,0.8892,4.00,1.60
2010.06.17 16:10:04.439,0.88885,0.8892,1.60,1.60
2010.06.17 16:10:05.109,0.8888,0.8892,3.90,1.60
2010.06.17 16:10:05.329,0.8888,0.8892,3.60,1.60
2010.06.17 16:10:05.549,0.88885,0.8892,1.60,1.60
2010.06.17 16:10:06.209,0.8888,0.8892,3.60,1.60
2010.06.17 16:10:06.679,0.8888,0.8892,3.60,1.60
2010.06.17 16:10:07.144,0.8888,0.8892,3.60,1.70
2010.06.17 16:10:08.436,0.8888,0.8892,3.60,1.00
2010.06.17 16:10:08.669,0.8888,0.88925,4.60,9.20
2010.06.17 16:10:08.900,0.88885,0.8893,10.00,5.60
2010.06.17 16:10:09.332,0.88885,0.8893,10.00,3.20
2010.06.17 16:10:09.515,0.8889,0.8893,2.40,2.40
2010.06.17 16:10:09.701,0.8889,0.8893,2.40,1.00
2010.06.17 16:10:09.879,0.88885,0.8893,8.80,1.00
2010.06.17 16:10:12.459,0.88885,0.8893,9.60,1.00
2010.06.17 16:10:12.679,0.8889,0.8893,8.00,1.00
2010.06.17 16:10:13.177,0.88885,0.88935,9.60,4.90
2010.06.17 16:10:13.301,0.88885,0.88935,8.80,4.90
2010.06.17 16:10:17.559,0.88885,0.88935,9.60,4.90
2010.06.17 16:10:17.719,0.8889,0.88935,8.00,1.00
2010.06.17 16:10:18.361,0.88885,0.88935,8.80,8.90
2010.06.17 16:10:19.348,0.88885,0.88935,8.80,9.70
2010.06.17 16:10:20.213,0.88885,0.88935,8.80,10.10
2010.06.17 16:10:28.813,0.88885,0.88935,10.40,10.10
2010.06.17 16:10:29.043,0.8889,0.88935,6.40,1.00
2010.06.17 16:10:31.031,0.8889,0.88935,10.40,1.00
2010.06.17 16:10:31.198,0.8889,0.88935,10.50,1.00
2010.06.17 16:10:32.309,0.8889,0.88935,10.50,1.00
2010.06.17 16:10:32.733,0.88895,0.88935,1.60,1.00
2010.06.17 16:10:33.073,0.889,0.8894,6.40,1.00
2010.06.17 16:10:33.591,0.889,0.8893,4.00,1.60
2010.06.17 16:10:33.854,0.88895,0.8894,8.00,4.00
2010.06.17 16:10:34.532,0.88895,0.88935,8.00,1.00
2010.06.17 16:10:35.866,0.8889,0.88935,6.90,1.00
2010.06.17 16:10:36.051,0.8889,0.88935,6.40,1.00
2010.06.17 16:10:36.230,0.8889,0.88935,6.50,1.00
2010.06.17 16:10:36.890,0.8889,0.88935,6.40,1.00
2010.06.17 16:10:37.481,0.8889,0.8893,2.40,1.60
2010.06.17 16:10:37.710,0.88885,0.8893,6.50,4.00
2010.06.17 16:10:38.269,0.88885,0.8893,6.40,4.00
2010.06.17 16:10:38.710,0.88885,0.8892,1.60,1.60
2010.06.17 16:10:40.048,0.88885,0.8892,1.70,1.60
2010.06.17 16:10:40.890,0.88885,0.8892,5.70,1.60
2010.06.17 16:10:41.357,0.88885,0.8893,5.70,3.30
2010.06.17 16:10:41.450,0.88885,0.8893,5.70,2.50
2010.06.17 16:10:45.161,0.88875,0.8891,2.40,1.60
2010.06.17 16:10:45.259,0.88875,0.8891,1.60,1.60
2010.06.17 16:10:48.829,0.88875,0.8892,9.60,3.20
2010.06.17 16:10:49.109,0.8888,0.88925,6.40,1.00
2010.06.17 16:10:50.789,0.8888,0.8892,2.40,1.60
2010.06.17 16:10:51.210,0.88875,0.8892,10.40,1.60
2010.06.17 16:10:52.135,0.88875,0.8892,10.50,1.60
2010.06.17 16:10:53.299,0.88875,0.8892,10.50,1.70
2010.06.17 16:10:56.892,0.88875,0.8892,9.70,2.50
2010.06.17 16:10:57.632,0.88875,0.88915,9.60,1.00
2010.06.17 16:10:57.830,0.88875,0.88915,9.60,1.00
2010.06.17 16:10:58.071,0.88865,0.889,7.20,1.60
2010.06.17 16:10:58.549,0.88865,0.8891,6.40,6.20
2010.06.17 16:10:58.789,0.88865,0.8891,10.40,1.60
2010.06.17 16:10:59.029,0.88865,0.8891,10.50,1.60
2010.06.17 16:10:59.309,0.8887,0.88915,6.40,1.00
2010.06.17 16:10:59.588,0.8887,0.88915,7.20,1.00
2010.06.17 16:10:59.908,0.8887,0.88915,7.20,1.60
2010.06.17 16:11:00.109,0.8887,0.88915,7.20,1.70
2010.06.17 16:11:00.310,0.8887,0.889,4.00,1.60
2010.06.17 16:11:00.930,0.8887,0.88915,2.40,4.80
2010.06.17 16:11:03.339,0.8887,0.88915,2.40,5.70
2010.06.17 16:11:03.990,0.88865,0.8891,11.20,3.20
2010.06.17 16:11:04.243,0.8887,0.88915,6.40,1.00
2010.06.17 16:11:05.169,0.8887,0.88915,7.20,1.00
2010.06.17 16:11:06.722,0.8887,0.8892,7.20,12.90
2010.06.17 16:11:14.600,0.88875,0.8892,1.00,12.90
2010.06.17 16:11:14.972,0.88875,0.88915,1.00,1.00
2010.06.17 16:11:15.108,0.88875,0.88915,1.00,1.00
2010.06.17 16:11:15.249,0.88875,0.889,1.00,1.60
2010.06.17 16:11:15.389,0.8887,0.8891,1.00,7.10
2010.06.17 16:11:15.529,0.8887,0.88915,7.20,5.60
2010.06.17 16:11:15.728,0.8887,0.8892,11.20,12.90
2010.06.17 16:11:15.929,0.8887,0.8892,11.80,12.90
2010.06.17 16:11:16.328,0.8887,0.8892,11.20,12.90
2010.06.17 16:11:16.528,0.8887,0.8892,11.20,12.80
2010.06.17 16:11:16.728,0.8887,0.8892,11.20,12.90
2010.06.17 16:11:20.478,0.8887,0.8892,11.20,12.80
2010.06.17 16:11:20.759,0.88875,0.8892,6.40,5.60
2010.06.17 16:11:21.296,0.88875,0.8892,10.40,1.60
2010.06.17 16:11:23.389,0.88875,0.8892,10.50,1.60
2010.06.17 16:11:33.209,0.88875,0.8892,10.50,2.40
2010.06.17 16:11:33.381,0.88875,0.8891,2.40,1.60
2010.06.17 16:11:33.690,0.88875,0.8891,1.60,1.60
2010.06.17 16:11:34.301,0.88875,0.8892,5.70,2.40
2010.06.17 16:11:38.100,0.88875,0.8892,6.50,1.60
2010.06.17 16:11:38.490,0.88885,0.8892,1.60,1.60
2010.06.17 16:11:39.380,0.8888,0.8892,2.40,10.50
2010.06.17 16:11:39.711,0.8888,0.8892,2.40,2.40
2010.06.17 16:11:40.879,0.8888,0.8892,2.40,2.50
2010.06.17 16:11:41.749,0.8888,0.8892,2.40,10.50
2010.06.17 16:11:41.970,0.8887,0.88915,11.20,1.00
2010.06.17 16:11:42.519,0.8887,0.8891,1.00,1.60
2010.06.17 16:11:42.681,0.8887,0.88915,7.20,1.00
2010.06.17 16:11:50.989,0.88875,0.88915,9.60,1.00
2010.06.17 16:11:51.209,0.8888,0.88915,2.40,1.00
2010.06.17 16:11:51.320,0.88875,0.8892,1.60,12.90
2010.06.17 16:11:51.441,0.8887,0.8891,7.80,1.60
2010.06.17 16:11:51.976,0.88875,0.8891,8.80,1.60
2010.06.17 16:11:52.304,0.88875,0.8892,1.00,12.10
2010.06.17 16:11:52.621,0.8888,0.8892,2.40,1.60
2010.06.17 16:11:54.209,0.8888,0.8892,2.40,1.70
2010.06.17 16:11:54.865,0.8888,0.8892,6.40,1.00
2010.06.17 16:11:54.963,0.8888,0.8892,7.20,1.60
2010.06.17 16:11:55.060,0.8888,0.8892,3.20,1.60
2010.06.17 16:11:55.149,0.8888,0.8892,3.20,1.60
2010.06.17 16:11:55.239,0.8888,0.88925,7.20,4.00
2010.06.17 16:11:55.329,0.8888,0.8893,7.20,12.80
2010.06.17 16:11:57.082,0.8888,0.8892,2.40,1.60
2010.06.17 16:11:57.499,0.88885,0.8892,1.60,1.60
2010.06.17 16:11:57.839,0.8888,0.8893,6.40,12.90
2010.06.17 16:11:58.180,0.8888,0.8892,3.20,1.60
2010.06.17 16:11:58.519,0.8888,0.8892,2.40,1.60
2010.06.17 16:12:00.113,0.8888,0.8892,2.40,1.70
2010.06.17 16:12:03.659,0.8888,0.8892,3.20,1.70
2010.06.17 16:12:03.869,0.8888,0.88925,3.20,8.00
2010.06.17 16:12:04.297,0.8888,0.88925,3.20,8.80
2010.06.17 16:12:04.500,0.88875,0.8892,2.40,9.60
2010.06.17 16:12:04.649,0.8888,0.8892,2.40,1.60
2010.06.17 16:12:04.790,0.88885,0.8892,1.60,1.60
2010.06.17 16:12:05.373,0.8888,0.8893,7.20,12.90
2010.06.17 16:12:11.569,0.88885,0.8893,1.60,12.80
2010.06.17 16:12:11.759,0.8889,0.8893,2.40,2.40
2010.06.17 16:12:13.121,0.8889,0.8893,2.40,2.50
2010.06.17 16:12:15.931,0.8889,0.8893,2.40,2.40
2010.06.17 16:12:16.089,0.8889,0.8893,6.40,2.40
2010.06.17 16:12:16.410,0.88895,0.8893,1.60,1.60
2010.06.17 16:12:16.569,0.8889,0.8893,6.40,1.60
2010.06.17 16:12:17.169,0.8889,0.8893,2.40,1.60
2010.06.17 16:12:17.389,0.88885,0.8893,8.80,1.60
2010.06.17 16:12:18.130,0.88885,0.8893,8.90,1.60
2010.06.17 16:12:21.583,0.88885,0.8893,8.80,1.70
2010.06.17 16:12:21.862,0.88885,0.8892,1.00,1.60
2010.06.17 16:12:23.179,0.88885,0.8892,1.00,1.60
2010.06.17 16:12:24.221,0.88885,0.8892,1.00,1.60
2010.06.17 16:12:24.619,0.88885,0.8891,1.00,1.60
2010.06.17 16:12:24.840,0.8888,0.8891,1.00,1.60
2010.06.17 16:12:25.060,0.88885,0.8892,5.60,1.60
2010.06.17 16:12:25.279,0.88885,0.8893,4.80,2.40
2010.06.17 16:12:26.219,0.88885,0.8893,4.90,2.40
2010.06.17 16:12:32.360,0.88885,0.8893,4.80,2.50
2010.06.17 16:12:32.531,0.88885,0.8893,4.00,6.50
2010.06.17 16:12:32.712,0.8888,0.8892,7.20,1.60
2010.06.17 16:12:33.314,0.8888,0.8893,7.20,13.60
2010.06.17 16:12:34.091,0.8888,0.8893,7.20,13.60
2010.06.17 16:12:34.999,0.8888,0.8893,7.20,12.80
2010.06.17 16:12:35.590,0.8888,0.8893,7.20,12.90
2010.06.17 16:12:41.280,0.8888,0.8893,7.20,12.80
2010.06.17 16:12:41.389,0.8888,0.8893,11.20,8.80
2010.06.17 16:12:41.439,0.88885,0.8893,4.00,4.80
2010.06.17 16:12:41.525,0.88885,0.8893,5.60,4.80
2010.06.17 16:12:43.390,0.88885,0.8892,5.60,1.60
2010.06.17 16:12:43.529,0.88885,0.8892,1.60,1.60
2010.06.17 16:12:43.920,0.8888,0.8892,7.20,1.60
2010.06.17 16:12:44.049,0.8888,0.8892,3.20,1.60
2010.06.17 16:12:44.179,0.8888,0.8892,1.00,1.60
2010.06.17 16:12:44.309,0.88875,0.8892,6.50,1.60
2010.06.17 16:12:46.420,0.88875,0.8892,6.50,1.70
2010.06.17 16:12:47.183,0.8888,0.8892,1.00,1.70
2010.06.17 16:12:48.760,0.88875,0.8892,1.00,12.10
2010.06.17 16:12:48.949,0.88875,0.8892,1.00,12.50
2010.06.17 16:12:50.079,0.88875,0.88915,1.00,1.00
2010.06.17 16:12:52.030,0.88875,0.88915,1.00,4.10
2010.06.17 16:12:52.467,0.88875,0.88915,1.00,8.10
2010.06.17 16:12:52.682,0.88865,0.88915,8.80,8.90
2010.06.17 16:12:53.929,0.88865,0.88915,8.80,8.80
2010.06.17 16:12:55.017,0.8887,0.88915,6.40,1.00
2010.06.17 16:12:55.066,0.8887,0.8891,1.00,4.00
2010.06.17 16:12:57.189,0.8887,0.8891,1.00,4.10
2010.06.17 16:12:58.575,0.8887,0.8891,1.00,8.10
2010.06.17 16:12:58.680,0.88865,0.889,2.40,1.60
2010.06.17 16:12:58.779,0.88865,0.889,1.60,1.60
2010.06.17 16:12:58.879,0.8886,0.889,3.20,1.60
2010.06.17 16:12:59.486,0.8886,0.889,1.00,1.60
2010.06.17 16:13:00.740,0.8886,0.88905,7.20,1.00
2010.06.17 16:13:01.929,0.8886,0.88905,7.30,1.00
2010.06.17 16:13:03.842,0.88865,0.8891,6.40,5.60
2010.06.17 16:13:04.230,0.88865,0.8891,6.50,5.60
2010.06.17 16:13:07.979,0.88865,0.8891,6.50,4.10
2010.06.17 16:13:08.286,0.88865,0.8891,6.50,4.80
2010.06.17 16:13:08.414,0.88865,0.8891,6.50,5.60
2010.06.17 16:13:08.629,0.88865,0.8891,6.50,4.80
2010.06.17 16:13:09.193,0.88865,0.8891,7.10,4.10
2010.06.17 16:13:17.296,0.88865,0.8891,1.00,12.80
2010.06.17 16:13:17.469,0.88865,0.8891,1.00,13.60
2010.06.17 16:13:17.641,0.88865,0.8891,1.00,14.40
2010.06.17 16:13:18.419,0.88865,0.88905,1.00,1.00
2010.06.17 16:13:18.759,0.8886,0.88905,7.30,1.00
2010.06.17 16:13:34.720,0.88865,0.8891,4.00,7.30
2010.06.17 16:13:34.950,0.88865,0.8891,5.60,7.90
2010.06.17 16:13:35.180,0.8886,0.8891,7.30,15.70
2010.06.17 16:13:35.359,0.8886,0.88905,7.30,1.00
2010.06.17 16:13:36.078,0.8886,0.88905,7.30,1.00
2010.06.17 16:13:40.061,0.88865,0.8891,5.60,11.10
2010.06.17 16:13:40.169,0.88865,0.8891,6.40,9.60
2010.06.17 16:13:40.619,0.88865,0.8891,6.40,5.60
2010.06.17 16:13:40.974,0.88865,0.8891,6.50,5.60
2010.06.17 16:13:41.312,0.88865,0.8891,6.40,6.40
2010.06.17 16:13:41.825,0.88865,0.889,4.80,1.60
2010.06.17 16:13:41.942,0.8886,0.88895,1.60,1.60
2010.06.17 16:13:43.271,0.88855,0.88895,2.40,3.20
2010.06.17 16:13:43.610,0.8886,0.88895,1.60,1.70
2010.06.17 16:13:43.950,0.88855,0.88895,2.40,3.10
2010.06.17 16:13:44.777,0.8886,0.88905,8.00,4.10
2010.06.17 16:13:45.074,0.8886,0.88905,6.40,1.60
2010.06.17 16:13:45.680,0.8886,0.88905,10.40,2.80
2010.06.17 16:13:45.983,0.8886,0.88905,12.00,3.10
2010.06.17 16:13:46.210,0.8886,0.88905,12.10,3.00
2010.06.17 16:13:47.024,0.8886,0.88905,12.90,3.00
2010.06.17 16:13:47.879,0.8886,0.88905,12.80,3.20
2010.06.17 16:13:48.090,0.8886,0.88905,8.80,3.00
2010.06.17 16:13:48.299,0.8886,0.88905,10.40,3.10
2010.06.17 16:13:48.801,0.8886,0.88905,12.80,4.70
2010.06.17 16:13:49.001,0.88865,0.88905,8.00,1.00
2010.06.17 16:13:49.209,0.88865,0.8891,8.00,3.20
2010.06.17 16:13:49.729,0.88865,0.8891,8.00,1.60
2010.06.17 16:13:50.901,0.8886,0.88905,9.60,2.40
2010.06.17 16:13:51.050,0.8887,0.88905,1.60,3.60
2010.06.17 16:13:51.564,0.8887,0.88905,4.00,3.60
2010.06.17 16:13:51.713,0.8887,0.88905,4.00,1.60
2010.06.17 16:13:54.061,0.8887,0.88905,4.00,1.60
2010.06.17 16:13:54.488,0.8887,0.88905,4.10,1.60
2010.06.17 16:13:55.083,0.8887,0.88905,4.00,1.60
2010.06.17 16:13:55.621,0.8887,0.88905,1.60,1.60
2010.06.17 16:13:58.281,0.8887,0.8891,5.60,1.60
2010.06.17 16:13:58.559,0.8887,0.8891,5.60,1.00
2010.06.17 16:13:59.251,0.8887,0.88915,6.40,1.60
2010.06.17 16:13:59.591,0.8888,0.8892,1.60,1.00
2010.06.17 16:14:00.403,0.8888,0.8892,1.60,1.00
2010.06.17 16:14:01.139,0.8887,0.8892,12.80,1.00
2010.06.17 16:14:01.288,0.8887,0.8892,12.80,3.20
2010.06.17 16:14:02.122,0.8887,0.8892,12.80,3.30
2010.06.17 16:14:03.030,0.8887,0.8892,4.80,11.30
2010.06.17 16:14:03.173,0.8887,0.88915,4.00,1.00
2010.06.17 16:14:05.679,0.8887,0.88915,8.00,1.00
2010.06.17 16:14:06.224,0.8887,0.88915,12.00,1.00
2010.06.17 16:14:07.820,0.8887,0.88915,12.80,1.00
2010.06.17 16:14:08.000,0.8887,0.88915,13.60,1.00
2010.06.17 16:14:08.280,0.8888,0.8892,1.60,1.00
2010.06.17 16:14:08.558,0.88875,0.8892,8.00,1.00
2010.06.17 16:14:08.699,0.8887,0.8892,13.40,4.00
2010.06.17 16:14:08.839,0.8887,0.8892,12.70,4.00
2010.06.17 16:14:10.360,0.8887,0.8892,12.70,4.10
2010.06.17 16:14:11.729,0.8887,0.8892,12.80,4.00
2010.06.17 16:14:11.950,0.88875,0.8892,4.00,1.60
2010.06.17 16:14:12.612,0.88875,0.8892,4.00,1.00
2010.06.17 16:14:12.925,0.88875,0.88915,1.60,1.60
2010.06.17 16:14:13.173,0.88875,0.88915,1.60,9.60
2010.06.17 16:14:13.820,0.88875,0.88915,1.60,1.60
2010.06.17 16:14:14.067,0.88875,0.88915,1.60,1.70
2010.06.17 16:14:14.412,0.8887,0.88905,4.80,1.60
2010.06.17 16:14:16.091,0.8887,0.88905,4.80,1.60
2010.06.17 16:14:16.341,0.8887,0.88905,4.80,1.60
2010.06.17 16:14:17.448,0.8887,0.88905,3.20,1.60
2010.06.17 16:14:17.709,0.8887,0.88905,4.80,1.60
2010.06.17 16:14:18.501,0.8887,0.88905,4.90,1.60
2010.06.17 16:14:19.403,0.8887,0.88905,3.30,1.60
2010.06.17 16:14:19.730,0.8887,0.88905,4.90,1.60
2010.06.17 16:14:20.310,0.8887,0.88895,3.20,1.60
2010.06.17 16:14:20.633,0.8886,0.88905,6.40,1.60
2010.06.17 16:14:21.381,0.88865,0.88905,8.80,1.60
2010.06.17 16:14:21.521,0.8887,0.88905,1.60,1.60
2010.06.17 16:14:21.659,0.8887,0.8891,1.60,3.60
2010.06.17 16:14:21.973,0.8887,0.88915,6.40,2.40
2010.06.17 16:14:22.502,0.8887,0.88915,6.40,1.00
2010.06.17 16:14:22.824,0.8888,0.8892,1.60,1.00
2010.06.17 16:14:24.127,0.8889,0.88925,4.40,5.60
2010.06.17 16:14:24.453,0.88895,0.8894,1.60,13.70
2010.06.17 16:14:24.780,0.88895,0.8894,9.60,5.50
2010.06.17 16:14:25.695,0.88895,0.8894,9.60,6.30
2010.06.17 16:14:25.990,0.88895,0.88935,4.00,1.00
2010.06.17 16:14:26.290,0.8889,0.88935,8.00,1.00
2010.06.17 16:14:27.062,0.8889,0.88935,8.00,1.00
2010.06.17 16:14:27.231,0.8889,0.88935,8.00,1.00
2010.06.17 16:14:30.393,0.8889,0.88935,4.00,4.90
2010.06.17 16:14:30.479,0.88885,0.88935,10.40,9.70
2010.06.17 16:14:30.569,0.88885,0.8893,10.40,4.00
2010.06.17 16:14:30.659,0.88885,0.8893,6.40,8.00
2010.06.17 16:14:31.187,0.88885,0.8893,1.00,12.00
2010.06.17 16:14:32.060,0.88885,0.8893,1.00,12.10
2010.06.17 16:14:32.789,0.88885,0.8893,1.00,12.00
2010.06.17 16:14:32.899,0.88895,0.8893,1.60,4.00
2010.06.17 16:14:33.120,0.8889,0.88925,6.40,1.60
2010.06.17 16:14:33.229,0.8889,0.88925,2.40,1.60
2010.06.17 16:14:33.339,0.88885,0.88925,4.90,1.60
2010.06.17 16:14:33.449,0.88885,0.88925,2.50,1.60
2010.06.17 16:14:34.061,0.8889,0.8893,2.40,1.70
2010.06.17 16:14:36.860,0.8889,0.8893,6.40,1.70
2010.06.17 16:14:37.142,0.88885,0.8893,4.80,4.10
2010.06.17 16:14:38.410,0.8889,0.8893,4.00,4.00
2010.06.17 16:14:38.869,0.88895,0.8893,1.60,4.00
2010.06.17 16:14:39.223,0.8889,0.88925,2.40,1.60
2010.06.17 16:14:39.411,0.8889,0.8893,2.40,1.70
2010.06.17 16:14:40.701,0.8889,0.8893,2.40,1.00
2010.06.17 16:14:41.204,0.8889,0.88935,2.40,8.80
2010.06.17 16:14:41.384,0.88895,0.88935,4.00,1.00
2010.06.17 16:14:41.930,0.8889,0.88935,4.00,1.00
2010.06.17 16:14:42.650,0.8889,0.8893,4.00,1.60
2010.06.17 16:14:42.923,0.88885,0.8893,4.80,4.00
2010.06.17 16:14:43.701,0.88885,0.8892,4.80,1.60
2010.06.17 16:14:44.041,0.8888,0.8892,3.20,1.60
2010.06.17 16:14:44.661,0.88895,0.88925,1.60,9.60
2010.06.17 16:14:45.004,0.88885,0.88915,1.00,1.60
2010.06.17 16:14:45.262,0.88885,0.88925,1.60,2.20
2010.06.17 16:14:45.521,0.8888,0.8892,3.20,1.60
2010.06.17 16:14:46.410,0.88885,0.88925,1.60,2.20
2010.06.17 16:14:46.589,0.88885,0.88925,1.60,2.40
2010.06.17 16:14:47.447,0.88885,0.88925,1.60,2.10
2010.06.17 16:14:48.353,0.8888,0.8892,8.80,1.60
2010.06.17 16:14:48.697,0.8888,0.8892,5.60,1.60
2010.06.17 16:14:50.190,0.8888,0.8892,5.70,1.60
2010.06.17 16:14:52.385,0.88885,0.8892,8.00,1.60
2010.06.17 16:14:52.674,0.88885,0.88925,3.10,1.60
2010.06.17 16:14:53.091,0.88885,0.88925,3.00,1.60
2010.06.17 16:14:58.528,0.88885,0.8892,1.60,1.60
2010.06.17 16:14:58.711,0.8889,0.8893,2.40,7.30
2010.06.17 16:14:59.052,0.8889,0.8893,2.40,5.60
2010.06.17 16:14:59.504,0.88885,0.8893,1.00,12.00
2010.06.17 16:14:59.841,0.88895,0.8893,2.00,1.60
2010.06.17 16:15:01.521,0.8889,0.8894,7.20,13.70
2010.06.17 16:15:01.714,0.8889,0.8893,7.20,1.60
2010.06.17 16:15:03.082,0.8889,0.88935,11.20,1.00
2010.06.17 16:15:03.350,0.88895,0.8894,1.00,8.90
2010.06.17 16:15:03.910,0.88895,0.8894,2.90,8.90
2010.06.17 16:15:04.004,0.88895,0.8894,10.40,1.60
2010.06.17 16:15:04.332,0.88905,0.8894,1.60,1.70
2010.06.17 16:15:04.662,0.88895,0.8894,10.40,1.70
2010.06.17 16:15:04.991,0.88895,0.8894,1.00,4.10
2010.06.17 16:15:05.320,0.88895,0.8894,1.00,4.90
2010.06.17 16:15:05.550,0.88895,0.8894,1.40,4.90
2010.06.17 16:15:06.422,0.88895,0.88935,1.40,1.00
2010.06.17 16:15:06.438,0.88895,0.88935,1.00,1.00
2010.06.17 16:15:06.564,0.88895,0.8893,2.40,1.60
2010.06.17 16:15:06.815,0.88895,0.8893,2.20,1.60
2010.06.17 16:15:09.092,0.88895,0.88935,7.00,2.40
2010.06.17 16:15:09.190,0.88895,0.8892,1.00,1.60
2010.06.17 16:15:09.533,0.8889,0.8892,1.00,1.60
2010.06.17 16:15:09.995,0.8889,0.8892,7.20,1.60
2010.06.17 16:15:10.338,0.8889,0.8893,6.40,1.70
2010.06.17 16:15:13.379,0.8889,0.8893,2.40,1.70
2010.06.17 16:15:13.470,0.88885,0.8893,4.80,4.10
2010.06.17 16:15:13.891,0.88885,0.8893,8.80,4.10
2010.06.17 16:15:14.161,0.8889,0.8893,6.40,1.60
2010.06.17 16:15:14.431,0.88885,0.8893,6.40,4.00
2010.06.17 16:15:14.699,0.88885,0.88925,6.40,1.60
2010.06.17 16:15:15.171,0.88885,0.88925,6.50,1.60
2010.06.17 16:15:16.169,0.88885,0.88925,6.40,1.60
2010.06.17 16:15:17.162,0.88885,0.88925,6.40,1.60
2010.06.17 16:15:17.934,0.8888,0.8892,5.60,1.60
2010.06.17 16:15:18.250,0.8888,0.8892,6.10,1.60
2010.06.17 16:15:18.871,0.8888,0.8892,6.00,1.60
2010.06.17 16:15:19.210,0.8888,0.8892,3.60,1.60
2010.06.17 16:15:19.719,0.88875,0.8892,9.70,4.00
2010.06.17 16:15:19.895,0.88875,0.8892,10.30,4.00
2010.06.17 16:15:21.109,0.88875,0.8892,10.30,4.10
2010.06.17 16:15:26.421,0.88875,0.8892,10.30,4.00
2010.06.17 16:15:26.510,0.88875,0.8892,11.10,4.00
2010.06.17 16:15:26.590,0.8889,0.8892,4.00,4.00
2010.06.17 16:15:26.765,0.8889,0.88925,6.40,1.30
2010.06.17 16:15:26.850,0.8889,0.8893,6.40,4.90
2010.06.17 16:15:26.929,0.8889,0.8893,6.40,3.30
2010.06.17 16:15:27.674,0.8889,0.8893,7.20,1.70
2010.06.17 16:15:28.010,0.8889,0.8893,7.20,1.60
2010.06.17 16:15:29.003,0.8889,0.8893,6.40,1.60
2010.06.17 16:15:29.172,0.8889,0.8893,6.40,1.70
2010.06.17 16:15:29.510,0.88885,0.8893,5.40,4.10
2010.06.17 16:15:29.850,0.8889,0.8893,6.40,1.70
2010.06.17 16:15:34.139,0.8889,0.88925,2.40,1.60
2010.06.17 16:15:34.329,0.88885,0.88925,5.60,1.60
2010.06.17 16:15:34.773,0.88885,0.88925,9.60,1.60
2010.06.17 16:15:34.892,0.8889,0.8893,6.40,3.30
2010.06.17 16:15:35.009,0.8889,0.8893,6.40,1.70
2010.06.17 16:15:39.650,0.8889,0.8893,7.10,1.70
2010.06.17 16:15:44.539,0.8889,0.8893,6.40,2.50
2010.06.17 16:15:46.279,0.8889,0.8892,6.40,1.60
2010.06.17 16:15:46.429,0.8888,0.8892,7.20,1.60
2010.06.17 16:15:46.811,0.8888,0.8892,3.00,1.60
2010.06.17 16:15:47.404,0.8888,0.8892,1.00,4.00
2010.06.17 16:15:50.329,0.8888,0.8892,1.00,4.10
2010.06.17 16:15:53.579,0.8888,0.8892,1.00,4.00
2010.06.17 16:15:53.820,0.8888,0.8892,6.40,1.60
2010.06.17 16:15:54.581,0.8888,0.8892,7.20,1.60
2010.06.17 16:15:55.116,0.8888,0.8892,7.30,1.60
2010.06.17 16:15:58.308,0.8888,0.8892,7.20,1.60
2010.06.17 16:15:58.795,0.88885,0.8892,5.60,1.60
2010.06.17 16:16:00.811,0.88885,0.8892,1.70,1.60
2010.06.17 16:16:01.230,0.88885,0.8892,2.50,1.60
2010.06.17 16:16:01.419,0.88885,0.8892,6.50,1.60
2010.06.17 16:16:01.610,0.8889,0.8893,2.40,2.40
2010.06.17 16:16:01.799,0.8889,0.8893,3.20,1.60
2010.06.17 16:16:01.989,0.8889,0.8893,3.10,1.60
2010.06.17 16:16:04.036,0.8889,0.8893,3.10,1.60
2010.06.17 16:16:04.159,0.8889,0.8893,1.00,8.00
2010.06.17 16:16:04.279,0.8889,0.8893,1.00,12.00
2010.06.17 16:16:04.571,0.8889,0.8893,2.40,1.70
2010.06.17 16:16:05.898,0.8889,0.8892,2.40,1.60
2010.06.17 16:16:06.259,0.8889,0.8893,2.40,1.70
2010.06.17 16:16:09.552,0.8889,0.8893,2.40,1.60
2010.06.17 16:16:10.299,0.8889,0.8893,2.90,2.50
2010.06.17 16:16:10.499,0.8889,0.8893,2.40,2.50
2010.06.17 16:16:10.604,0.8889,0.8893,2.40,2.40
2010.06.17 16:16:10.840,0.8889,0.8893,2.40,6.40
2010.06.17 16:16:10.940,0.88885,0.8892,2.30,1.60
2010.06.17 16:16:11.040,0.88885,0.8892,2.20,1.60
2010.06.17 16:16:11.139,0.8889,0.8893,2.40,6.50
2010.06.17 16:16:11.239,0.8889,0.8893,3.20,2.50
2010.06.17 16:16:11.547,0.8889,0.8893,3.20,2.40
2010.06.17 16:16:11.739,0.8889,0.8893,3.20,6.50
2010.06.17 16:16:12.296,0.8889,0.88925,3.20,4.00
2010.06.17 16:16:12.493,0.8888,0.8892,1.00,4.80
2010.06.17 16:16:14.740,0.88885,0.8892,6.20,1.60
2010.06.17 16:16:15.139,0.88885,0.8892,6.00,1.60
2010.06.17 16:16:17.179,0.88885,0.8892,2.00,1.60
2010.06.17 16:16:17.429,0.88885,0.8892,1.60,1.60
2010.06.17 16:16:18.120,0.88885,0.8892,5.70,1.60
2010.06.17 16:16:18.791,0.88885,0.8892,6.50,1.60
2010.06.17 16:16:22.117,0.88885,0.8892,6.40,1.60
2010.06.17 16:16:24.719,0.88885,0.8892,6.30,1.60
2010.06.17 16:16:31.816,0.88885,0.8892,5.60,1.60
2010.06.17 16:16:32.700,0.88885,0.8892,6.10,1.60
2010.06.17 16:16:37.590,0.8889,0.8892,2.40,1.60
2010.06.17 16:16:38.243,0.8888,0.8892,4.70,1.60
2010.06.17 16:16:38.600,0.8888,0.8892,4.40,1.60
2010.06.17 16:16:38.907,0.8888,0.8892,4.50,1.60
2010.06.17 16:16:39.220,0.8888,0.8892,1.00,4.80
2010.06.17 16:16:39.823,0.8888,0.8892,2.90,2.40
2010.06.17 16:16:40.093,0.8888,0.8892,3.00,2.40
2010.06.17 16:16:40.363,0.88875,0.88915,1.00,1.60
2010.06.17 16:16:40.630,0.8887,0.88915,15.20,1.60
2010.06.17 16:16:41.160,0.8887,0.88915,13.60,1.60
2010.06.17 16:16:41.727,0.8887,0.88915,14.40,1.60
2010.06.17 16:16:42.000,0.88875,0.88915,1.00,1.60
2010.06.17 16:16:42.270,0.88875,0.88915,1.00,1.70
2010.06.17 16:16:44.616,0.88875,0.88915,6.40,1.60
2010.06.17 16:16:44.951,0.8888,0.88915,2.40,1.60
2010.06.17 16:16:46.309,0.8888,0.88915,4.00,1.60
2010.06.17 16:16:46.686,0.8888,0.88915,4.00,2.40
2010.06.17 16:16:46.950,0.8888,0.88915,2.40,2.40
2010.06.17 16:16:47.441,0.88875,0.88915,1.00,2.40
2010.06.17 16:16:47.701,0.88875,0.88915,4.40,2.40
2010.06.17 16:16:47.964,0.8888,0.88915,6.40,1.60
2010.06.17 16:16:48.221,0.8888,0.8892,8.60,1.00
2010.06.17 16:16:48.481,0.8888,0.88925,8.60,2.50
2010.06.17 16:16:50.209,0.8888,0.88925,8.80,2.50
2010.06.17 16:16:55.900,0.8888,0.88925,8.80,2.40
2010.06.17 16:16:55.999,0.8889,0.88925,1.60,1.60
2010.06.17 16:16:56.628,0.8889,0.8893,2.40,1.60
2010.06.17 16:16:56.743,0.8889,0.8893,2.40,1.00
2010.06.17 16:16:57.191,0.8889,0.8893,6.40,1.00
2010.06.17 16:16:58.286,0.8889,0.8893,6.40,1.00
2010.06.17 16:16:59.271,0.8889,0.8893,6.40,1.00
2010.06.17 16:16:59.419,0.8889,0.8893,6.40,1.60
2010.06.17 16:16:59.740,0.88875,0.8892,1.60,11.00
2010.06.17 16:17:00.059,0.88875,0.88915,1.60,1.00
2010.06.17 16:17:00.700,0.88875,0.88915,1.70,1.00
2010.06.17 16:17:00.850,0.8888,0.88915,2.40,1.00
2010.06.17 16:17:01.901,0.8888,0.88915,6.40,1.00
2010.06.17 16:17:02.154,0.8889,0.8892,1.60,1.00
2010.06.17 16:17:02.827,0.88885,0.8892,1.60,1.00
2010.06.17 16:17:03.272,0.88885,0.88925,1.60,2.40
2010.06.17 16:17:03.503,0.88885,0.88925,1.60,1.60
2010.06.17 16:17:05.200,0.88885,0.88925,1.70,1.60
2010.06.17 16:17:07.051,0.8889,0.88935,2.40,13.50
2010.06.17 16:17:07.145,0.88885,0.88925,2.40,1.60
2010.06.17 16:17:09.107,0.88885,0.88925,2.50,1.60
2010.06.17 16:17:09.809,0.88885,0.88925,2.50,2.40
2010.06.17 16:17:10.461,0.8887,0.8892,8.10,12.00
2010.06.17 16:17:10.689,0.8887,0.8892,8.10,12.80
2010.06.17 16:17:10.920,0.8887,0.8892,8.10,8.80
2010.06.17 16:17:11.380,0.8887,0.8892,12.10,2.40
2010.06.17 16:17:11.724,0.88875,0.88915,1.60,1.00
2010.06.17 16:17:12.181,0.88875,0.88915,1.70,1.00
2010.06.17 16:17:18.250,0.88875,0.88915,9.60,1.00
2010.06.17 16:17:18.590,0.8887,0.88915,10.90,1.00
2010.06.17 16:17:19.296,0.8887,0.88915,10.80,1.00
2010.06.17 16:17:19.643,0.8887,0.88915,6.40,1.00
2010.06.17 16:17:19.981,0.8887,0.8891,6.40,1.00
2010.06.17 16:17:20.181,0.88865,0.88905,8.00,1.00
2010.06.17 16:17:20.380,0.88865,0.88905,9.60,1.00
2010.06.17 16:17:20.570,0.88865,0.88905,8.00,1.00
2010.06.17 16:17:21.077,0.8886,0.88905,7.30,1.00
2010.06.17 16:17:21.292,0.8887,0.88905,6.40,1.00
2010.06.17 16:17:22.461,0.8887,0.88905,2.40,1.00
2010.06.17 16:17:22.990,0.8887,0.88905,6.40,1.00
2010.06.17 16:17:23.254,0.8887,0.88905,4.00,1.00
2010.06.17 16:17:23.692,0.88865,0.88905,9.70,1.00
2010.06.17 16:17:23.927,0.88865,0.88905,9.60,1.00
2010.06.17 16:17:24.146,0.8887,0.8891,2.40,2.40
2010.06.17 16:17:24.361,0.8887,0.8891,6.40,2.40
2010.06.17 16:17:25.032,0.8887,0.8891,2.40,2.40
2010.06.17 16:17:25.372,0.8886,0.889,4.00,1.60
2010.06.17 16:17:25.560,0.8886,0.889,3.20,1.60
2010.06.17 16:17:25.741,0.88865,0.88905,9.60,1.00
2010.06.17 16:17:26.215,0.88865,0.88905,1.60,1.00
2010.06.17 16:17:26.404,0.88865,0.8891,5.60,6.40
2010.06.17 16:17:26.743,0.88865,0.8891,9.60,2.50
2010.06.17 16:17:27.081,0.8886,0.8891,11.20,12.90
2010.06.17 16:17:28.130,0.8886,0.88905,10.40,1.00
2010.06.17 16:17:30.920,0.8886,0.88905,2.40,8.80
2010.06.17 16:17:31.041,0.88855,0.889,10.50,1.60
2010.06.17 16:17:31.159,0.8886,0.88905,2.40,8.80
2010.06.17 16:17:31.279,0.8886,0.88905,10.40,1.00
2010.06.17 16:17:31.979,0.8886,0.889,10.40,1.00
2010.06.17 16:17:40.602,0.88865,0.88905,9.60,1.00
2010.06.17 16:17:41.180,0.8887,0.88905,4.00,1.00
2010.06.17 16:17:41.390,0.8887,0.88905,6.40,1.00
2010.06.17 16:17:42.210,0.8887,0.8891,6.40,1.00
2010.06.17 16:17:42.981,0.8887,0.8891,2.40,1.00
2010.06.17 16:17:43.102,0.88865,0.8891,10.50,2.40
2010.06.17 16:17:43.339,0.88865,0.8891,10.40,2.40
2010.06.17 16:17:47.329,0.88865,0.8891,9.70,2.40
2010.06.17 16:17:47.920,0.88865,0.88905,9.70,1.00
2010.06.17 16:17:48.212,0.8886,0.88905,6.80,1.00
2010.06.17 16:17:49.200,0.8886,0.889,6.80,1.60
2010.06.17 16:17:49.533,0.8886,0.889,2.80,1.60
2010.06.17 16:17:50.294,0.88855,0.889,10.40,2.40
2010.06.17 16:17:51.380,0.88855,0.889,10.40,4.80
2010.06.17 16:17:51.469,0.88855,0.889,2.40,12.80
2010.06.17 16:17:51.559,0.88855,0.889,1.00,12.80
2010.06.17 16:17:51.739,0.88855,0.889,1.00,12.80
2010.06.17 16:17:52.530,0.88855,0.889,1.00,12.90
2010.06.17 16:17:53.339,0.88855,0.889,1.00,13.70
2010.06.17 16:17:53.493,0.8885,0.88895,8.80,1.20
2010.06.17 16:17:54.308,0.8885,0.8889,3.20,1.60
2010.06.17 16:17:54.650,0.8885,0.8889,3.70,1.60
2010.06.17 16:17:54.990,0.8885,0.8889,3.60,1.60
2010.06.17 16:17:56.172,0.8885,0.8889,3.60,1.70
2010.06.17 16:17:56.660,0.8885,0.8889,7.60,1.60
2010.06.17 16:17:56.729,0.8885,0.88895,7.60,1.00
2010.06.17 16:17:57.221,0.8885,0.88895,7.20,1.00
2010.06.17 16:17:57.400,0.8886,0.889,4.00,3.30
2010.06.17 16:17:57.562,0.8886,0.88905,6.40,1.00
2010.06.17 16:17:58.811,0.88855,0.88905,11.20,8.80
2010.06.17 16:18:00.091,0.88855,0.88905,11.20,9.60
2010.06.17 16:18:00.421,0.88855,0.889,1.60,8.00
2010.06.17 16:18:00.619,0.88855,0.88905,8.80,9.20
2010.06.17 16:18:01.430,0.88855,0.88905,8.80,8.80
2010.06.17 16:18:03.763,0.88865,0.88905,1.60,8.80
2010.06.17 16:18:09.026,0.88865,0.88905,1.60,8.80
2010.06.17 16:18:09.179,0.88865,0.88905,1.60,11.20
2010.06.17 16:18:09.330,0.88865,0.889,1.60,1.00
2010.06.17 16:18:09.560,0.88865,0.889,1.60,11.20
2010.06.17 16:18:10.020,0.88865,0.889,1.60,4.80
2010.06.17 16:18:10.250,0.88875,0.889,1.60,1.00
2010.06.17 16:18:10.480,0.88855,0.889,4.80,2.40
2010.06.17 16:18:12.219,0.88855,0.889,4.90,2.40
2010.06.17 16:18:13.580,0.88855,0.889,1.00,12.90
2010.06.17 16:18:13.800,0.88855,0.889,1.00,12.90
2010.06.17 16:18:15.339,0.88855,0.889,1.00,12.80
2010.06.17 16:18:15.601,0.88855,0.889,11.20,4.80
2010.06.17 16:18:15.709,0.8886,0.889,2.40,1.60
2010.06.17 16:18:15.819,0.8886,0.889,6.40,1.60
2010.06.17 16:18:15.929,0.8886,0.88905,7.10,1.00
2010.06.17 16:18:18.619,0.8886,0.8891,7.20,11.30
2010.06.17 16:18:20.192,0.8886,0.889,3.20,1.60
2010.06.17 16:18:20.403,0.8886,0.8891,11.20,11.20
2010.06.17 16:18:21.215,0.8886,0.88905,10.40,2.00
2010.06.17 16:18:21.553,0.88855,0.889,6.80,1.60
2010.06.17 16:18:21.870,0.88855,0.889,7.20,1.60
2010.06.17 16:18:22.551,0.8887,0.889,1.00,1.60
2010.06.17 16:18:22.872,0.88895,0.8893,1.30,1.60
2010.06.17 16:18:23.095,0.8889,0.8893,2.40,1.60
2010.06.17 16:18:23.310,0.88885,0.8893,5.60,2.40
2010.06.17 16:18:23.530,0.8889,0.8893,4.80,1.00
2010.06.17 16:18:24.086,0.8889,0.8893,5.30,1.00
2010.06.17 16:18:24.433,0.8889,0.8893,5.30,2.40
2010.06.17 16:18:24.937,0.8889,0.8893,5.30,1.60
2010.06.17 16:18:26.230,0.88885,0.8893,10.50,1.60
2010.06.17 16:18:27.306,0.88885,0.8893,10.50,2.40
2010.06.17 16:18:27.400,0.88885,0.88915,8.90,1.60
2010.06.17 16:18:27.489,0.88885,0.88915,8.80,1.60
2010.06.17 16:18:27.670,0.88885,0.88915,1.00,1.60
2010.06.17 16:18:27.850,0.88885,0.8891,1.00,1.60
2010.06.17 16:18:28.160,0.8888,0.8891,3.00,1.60
2010.06.17 16:18:28.469,0.8888,0.8891,4.00,1.60
2010.06.17 16:18:29.202,0.88885,0.8892,2.20,1.60
2010.06.17 16:18:30.231,0.8889,0.8892,2.40,1.60
2010.06.17 16:18:30.450,0.8889,0.8893,2.40,2.40
2010.06.17 16:18:30.672,0.88885,0.8892,2.10,1.60
2010.06.17 16:18:30.900,0.88885,0.8893,1.00,15.30
2010.06.17 16:18:31.121,0.88895,0.88925,1.60,1.00
2010.06.17 16:18:31.772,0.8888,0.88925,10.80,1.00
2010.06.17 16:18:32.001,0.8888,0.88925,6.40,4.80
2010.06.17 16:18:32.233,0.8888,0.8892,4.00,1.60
2010.06.17 16:18:32.442,0.8888,0.8891,4.00,1.60
2010.06.17 16:18:33.079,0.88875,0.8891,1.60,1.60
2010.06.17 16:18:33.393,0.88885,0.8892,1.60,2.40
2010.06.17 16:18:35.476,0.88885,0.8892,1.70,2.40
2010.06.17 16:18:36.100,0.88885,0.8892,1.60,2.40
2010.06.17 16:18:36.320,0.8888,0.8892,2.50,1.60
2010.06.17 16:18:38.100,0.88885,0.8892,1.60,1.60
2010.06.17 16:18:39.926,0.88885,0.8892,2.40,1.60
2010.06.17 16:18:40.635,0.889,0.8893,1.60,6.40
2010.06.17 16:18:40.955,0.88885,0.8893,1.00,10.10
2010.06.17 16:18:41.200,0.88885,0.8893,1.00,9.60
2010.06.17 16:18:42.373,0.8889,0.8893,1.00,4.00
2010.06.17 16:18:42.640,0.88895,0.8894,1.00,12.00
2010.06.17 16:18:42.910,0.88895,0.8894,1.40,10.50
2010.06.17 16:18:43.179,0.88895,0.8894,1.40,9.70
2010.06.17 16:18:44.191,0.88895,0.8894,5.40,5.70
2010.06.17 16:18:44.281,0.88895,0.8894,11.20,1.60
2010.06.17 16:18:44.370,0.88905,0.88945,1.60,10.40
2010.06.17 16:18:44.531,0.889,0.8894,10.40,1.60
2010.06.17 16:18:44.700,0.889,0.8894,2.40,1.60
2010.06.17 16:18:44.779,0.88895,0.8894,10.50,1.60
2010.06.17 16:18:45.915,0.8889,0.8893,4.00,1.60
2010.06.17 16:18:46.250,0.8889,0.8893,1.00,1.60
2010.06.17 16:18:47.620,0.88885,0.8893,10.50,1.60
2010.06.17 16:18:47.780,0.88895,0.8893,1.60,1.60
2010.06.17 16:18:47.941,0.88905,0.88935,1.60,1.50
2010.06.17 16:18:48.260,0.88905,0.88945,1.60,10.50
2010.06.17 16:18:48.714,0.88905,0.8894,1.60,1.60
2010.06.17 16:18:49.730,0.88905,0.88945,1.60,10.50
2010.06.17 16:18:50.801,0.88905,0.88945,1.60,10.30
2010.06.17 16:18:50.960,0.8891,0.88945,4.00,6.40
2010.06.17 16:18:51.541,0.88905,0.88945,2.40,1.60
2010.06.17 16:18:52.400,0.88905,0.88945,2.40,1.70
2010.06.17 16:18:53.021,0.88905,0.88945,2.40,1.60
2010.06.17 16:18:53.274,0.88905,0.8895,1.60,7.20
2010.06.17 16:18:53.521,0.8891,0.8895,2.40,7.20
2010.06.17 16:18:54.203,0.8891,0.8895,2.40,6.40
2010.06.17 16:18:54.542,0.8891,0.8895,2.40,2.40
2010.06.17 16:18:59.740,0.8891,0.8894,2.40,1.60
2010.06.17 16:19:00.542,0.8891,0.8895,2.40,2.30
2010.06.17 16:19:01.591,0.88905,0.88945,1.60,2.40
2010.06.17 16:19:03.441,0.88905,0.8894,1.60,1.60
2010.06.17 16:19:05.081,0.88905,0.88945,1.60,2.50
2010.06.17 16:19:13.251,0.88905,0.88945,1.60,6.50
2010.06.17 16:19:13.453,0.889,0.8894,2.40,1.60
2010.06.17 16:19:13.652,0.88895,0.8893,1.60,1.60
2010.06.17 16:19:15.933,0.889,0.8893,2.40,1.60
2010.06.17 16:19:16.130,0.889,0.88935,2.40,1.00
2010.06.17 16:19:16.319,0.889,0.8894,2.40,2.50
2010.06.17 16:19:27.659,0.889,0.8894,2.50,1.00
2010.06.17 16:19:27.815,0.889,0.8894,2.40,1.00
2010.06.17 16:19:27.900,0.88905,0.8894,1.60,1.00
2010.06.17 16:19:28.062,0.889,0.8894,6.40,2.40
2010.06.17 16:19:28.151,0.889,0.8894,2.40,2.40
2010.06.17 16:19:29.401,0.889,0.8894,2.40,2.50
2010.06.17 16:19:30.000,0.88905,0.8894,1.60,1.00
2010.06.17 16:19:30.400,0.889,0.8894,6.40,2.40
2010.06.17 16:19:30.599,0.889,0.8894,2.40,2.40
2010.06.17 16:19:31.159,0.889,0.8894,2.40,2.50
2010.06.17 16:19:39.969,0.889,0.8894,2.40,6.40
2010.06.17 16:19:40.120,0.88895,0.8894,1.60,12.90
2010.06.17 16:19:40.269,0.8889,0.8894,12.90,13.70
2010.06.17 16:19:40.420,0.88895,0.8894,10.00,5.40
2010.06.17 16:19:40.569,0.88895,0.8894,8.00,6.30
2010.06.17 16:19:40.719,0.8889,0.8894,11.90,14.30
2010.06.17 16:19:41.290,0.8889,0.8894,11.70,13.70
2010.06.17 16:19:42.134,0.8889,0.88935,11.70,1.00
2010.06.17 16:19:47.161,0.88905,0.88935,1.60,1.00
2010.06.17 16:19:47.268,0.8892,0.88955,1.60,1.60
2010.06.17 16:19:47.431,0.8891,0.88945,15.20,1.60
2010.06.17 16:19:47.876,0.8891,0.88945,11.20,1.60
2010.06.17 16:19:48.231,0.8891,0.88945,2.00,1.60
2010.06.17 16:19:48.574,0.88905,0.8894,2.40,1.60
2010.06.17 16:19:49.351,0.88905,0.88945,2.80,1.60
2010.06.17 16:19:49.690,0.88905,0.88945,2.90,1.60
2010.06.17 16:19:50.030,0.88905,0.88945,2.50,1.60
2010.06.17 16:19:50.590,0.8891,0.8895,1.70,2.40
2010.06.17 16:19:50.870,0.8891,0.8895,4.10,1.60
2010.06.17 16:19:52.642,0.88915,0.8895,1.00,1.60
2010.06.17 16:19:52.830,0.88915,0.8895,8.90,1.60
2010.06.17 16:19:53.011,0.88925,0.8896,1.60,3.20
2010.06.17 16:19:53.201,0.8893,0.8896,1.60,5.60
2010.06.17 16:19:53.382,0.8892,0.8895,1.00,1.60
2010.06.17 16:19:53.992,0.8891,0.8896,13.60,5.60
2010.06.17 16:19:54.239,0.8891,0.8896,12.80,4.80
2010.06.17 16:19:54.742,0.8891,0.8895,4.80,1.60
2010.06.17 16:19:54.993,0.8892,0.88955,1.60,1.60
2010.06.17 16:19:55.763,0.8891,0.88945,1.60,1.60
2010.06.17 16:19:56.905,0.88905,0.88945,1.60,1.60
2010.06.17 16:19:57.090,0.88905,0.8895,1.00,1.60
2010.06.17 16:19:58.054,0.88905,0.8895,1.00,1.70
2010.06.17 16:19:59.650,0.88905,0.8895,1.00,1.70
2010.06.17 16:19:59.850,0.88905,0.8895,1.00,12.00
2010.06.17 16:20:00.050,0.889,0.8895,12.80,2.40
2010.06.17 16:20:01.161,0.889,0.8895,12.90,2.50
2010.06.17 16:20:01.380,0.88905,0.8895,1.00,2.50
2010.06.17 16:20:02.310,0.88905,0.8895,1.00,2.50
2010.06.17 16:20:03.240,0.88905,0.8895,8.60,2.40
2010.06.17 16:20:03.712,0.8891,0.8895,4.00,1.60
2010.06.17 16:20:04.090,0.8891,0.8895,4.10,1.60
2010.06.17 16:20:04.391,0.8891,0.8895,4.80,1.60
2010.06.17 16:20:04.691,0.8891,0.88955,3.00,4.90
2010.06.17 16:20:05.000,0.8891,0.88955,2.40,4.90
2010.06.17 16:20:06.221,0.8891,0.88955,2.40,8.80
2010.06.17 16:20:06.370,0.8891,0.88955,2.40,4.80
2010.06.17 16:20:09.244,0.8891,0.88955,2.40,5.60
2010.06.17 16:20:12.052,0.8891,0.88955,2.40,7.20
2010.06.17 16:20:12.513,0.8891,0.8895,2.40,1.60
2010.06.17 16:20:13.128,0.8891,0.8895,2.40,5.60
2010.06.17 16:20:13.474,0.889,0.88945,1.50,4.00
2010.06.17 16:20:13.811,0.889,0.88945,1.60,4.80
2010.06.17 16:20:15.220,0.889,0.88945,1.60,4.90
2010.06.17 16:20:17.142,0.88905,0.8895,1.20,8.90
2010.06.17 16:20:17.791,0.88905,0.88945,1.20,8.00
2010.06.17 16:20:18.398,0.8891,0.8895,2.40,8.80
2010.06.17 16:20:18.622,0.8891,0.88945,2.40,8.00
2010.06.17 16:20:22.672,0.88905,0.88945,1.00,8.00
2010.06.17 16:20:23.105,0.889,0.88945,5.60,8.00
2010.06.17 16:20:23.441,0.889,0.88945,3.10,8.00
2010.06.17 16:20:23.781,0.88905,0.88945,1.00,4.80
2010.06.17 16:20:24.120,0.88905,0.88945,1.00,4.80
2010.06.17 16:20:24.641,0.88905,0.88945,1.00,4.90
2010.06.17 16:20:25.622,0.88905,0.8893,1.00,1.60
2010.06.17 16:20:25.771,0.88895,0.88935,1.00,4.00
2010.06.17 16:20:25.921,0.889,0.8894,1.00,8.80
2010.06.17 16:20:26.070,0.88895,0.8894,1.30,8.00
2010.06.17 16:20:27.056,0.8889,0.88935,7.60,4.00
2010.06.17 16:20:27.390,0.8889,0.8894,11.60,12.80
2010.06.17 16:20:27.570,0.8889,0.88935,11.60,1.00
2010.06.17 16:20:28.562,0.8889,0.8893,7.60,1.60
2010.06.17 16:20:28.902,0.8889,0.8893,2.90,1.60
2010.06.17 16:20:30.170,0.8889,0.88935,3.10,8.80
2010.06.17 16:20:30.511,0.8889,0.88935,11.00,1.00
2010.06.17 16:20:30.850,0.8889,0.8894,11.00,12.90
2010.06.17 16:20:31.070,0.8889,0.8894,12.10,12.90
2010.06.17 16:20:31.289,0.88895,0.8894,1.00,12.90
2010.06.17 16:20:31.916,0.8889,0.8893,12.00,1.60
2010.06.17 16:20:32.061,0.8889,0.8893,7.70,1.60
2010.06.17 16:20:32.211,0.88895,0.8893,2.40,1.60
2010.06.17 16:20:32.351,0.88895,0.8893,10.40,1.60
2010.06.17 16:20:32.500,0.88895,0.8894,10.40,2.30
2010.06.17 16:20:32.640,0.88895,0.8894,10.40,2.20
2010.06.17 16:20:33.084,0.88895,0.8894,11.20,2.20
2010.06.17 16:20:33.421,0.889,0.88945,6.40,1.00
2010.06.17 16:20:33.759,0.889,0.88945,6.40,1.60
2010.06.17 16:20:34.232,0.889,0.88945,6.40,1.70
2010.06.17 16:20:35.020,0.88895,0.8894,4.10,10.40
2010.06.17 16:20:35.231,0.88895,0.8893,1.60,1.60
2010.06.17 16:20:35.430,0.8889,0.88925,4.90,1.60
2010.06.17 16:20:35.621,0.8889,0.8892,3.30,1.60
2010.06.17 16:20:36.221,0.88895,0.8893,2.40,1.60
2010.06.17 16:20:36.473,0.88895,0.8894,2.40,10.50
2010.06.17 16:20:36.721,0.88895,0.8894,10.40,1.70
2010.06.17 16:20:38.164,0.88895,0.8894,10.50,1.70
2010.06.17 16:20:38.500,0.88895,0.8894,10.50,2.30
2010.06.17 16:20:39.091,0.88895,0.8894,10.40,2.20
2010.06.17 16:20:40.678,0.88895,0.8893,10.40,1.60
2010.06.17 16:20:40.804,0.88895,0.8893,2.00,1.60
2010.06.17 16:20:42.281,0.88895,0.8893,10.00,1.60
2010.06.17 16:20:42.490,0.88895,0.8894,10.40,2.10
2010.06.17 16:20:42.715,0.88895,0.8894,10.40,2.50
2010.06.17 16:20:43.115,0.88895,0.8894,10.50,2.50
2010.06.17 16:20:43.339,0.88895,0.8894,10.40,2.50
2010.06.17 16:20:43.560,0.88895,0.8894,2.40,12.90
2010.06.17 16:20:43.779,0.88895,0.88935,2.40,1.60
2010.06.17 16:20:44.000,0.88895,0.88935,2.80,1.60
2010.06.17 16:20:44.220,0.88895,0.88935,3.60,1.60
2010.06.17 16:20:44.776,0.88905,0.8894,1.60,10.80
2010.06.17 16:20:45.098,0.889,0.8895,11.90,13.60
2010.06.17 16:20:45.414,0.8891,0.8895,2.40,3.20
2010.06.17 16:20:45.751,0.8891,0.88945,2.40,1.00
2010.06.17 16:20:46.810,0.8891,0.88945,2.40,2.00
2010.06.17 16:20:47.011,0.889,0.88935,12.00,1.60
2010.06.17 16:20:47.210,0.889,0.88935,4.00,1.60
2010.06.17 16:20:47.777,0.889,0.88935,3.30,1.60
2010.06.17 16:20:48.091,0.889,0.8895,11.30,10.40
2010.06.17 16:20:49.130,0.889,0.8895,3.30,10.40
2010.06.17 16:20:50.719,0.889,0.8895,11.30,10.40
2010.06.17 16:20:50.859,0.889,0.8895,7.30,10.40
2010.06.17 16:20:51.153,0.889,0.8895,3.30,10.40
2010.06.17 16:20:58.143,0.889,0.8895,3.90,10.40
2010.06.17 16:20:58.550,0.889,0.8895,4.70,10.40
2010.06.17 16:20:58.801,0.8891,0.8895,2.40,10.40
2010.06.17 16:20:59.361,0.8891,0.8895,2.40,2.40
2010.06.17 16:20:59.615,0.88905,0.8894,1.60,1.60
2010.06.17 16:21:00.291,0.88895,0.8894,9.60,3.20
2010.06.17 16:21:01.022,0.8889,0.8893,3.20,1.60
2010.06.17 16:21:01.302,0.8889,0.8893,2.40,1.60
2010.06.17 16:21:03.071,0.8889,0.8893,2.40,1.60
2010.06.17 16:21:03.240,0.8889,0.8893,2.40,1.70
2010.06.17 16:21:06.571,0.88885,0.8893,1.00,12.90
2010.06.17 16:21:06.850,0.88885,0.8893,1.00,12.90
2010.06.17 16:21:12.751,0.88885,0.8893,1.00,12.80
2010.06.17 16:21:13.273,0.88895,0.8893,5.60,1.00
2010.06.17 16:21:13.531,0.8889,0.88935,7.20,1.00
2010.06.17 16:21:15.151,0.88895,0.88935,4.00,1.00
2010.06.17 16:21:15.320,0.88895,0.8894,5.60,2.50
2010.06.17 16:21:16.405,0.88895,0.8894,5.60,2.40
2010.06.17 16:21:17.204,0.88895,0.8894,5.70,2.50
2010.06.17 16:21:19.355,0.88895,0.8894,5.70,2.40
2010.06.17 16:21:19.691,0.88895,0.8894,6.90,2.40
2010.06.17 16:21:21.061,0.88895,0.8894,7.10,2.40
2010.06.17 16:21:22.709,0.88895,0.8894,11.10,2.40
2010.06.17 16:21:22.794,0.88895,0.8894,11.10,1.00
2010.06.17 16:21:22.841,0.889,0.8894,2.40,1.00
2010.06.17 16:21:22.920,0.889,0.88945,2.40,1.00
2010.06.17 16:21:30.593,0.88895,0.8894,10.10,2.40
2010.06.17 16:21:30.723,0.88895,0.88935,10.40,1.60
2010.06.17 16:21:30.852,0.88895,0.88935,1.60,1.60
2010.06.17 16:21:32.890,0.88895,0.88935,1.70,1.60
2010.06.17 16:21:33.250,0.88895,0.88935,1.70,2.40
2010.06.17 16:21:36.040,0.88895,0.88935,1.60,2.40
2010.06.17 16:21:36.280,0.88895,0.88935,1.60,6.40
2010.06.17 16:21:36.911,0.88895,0.8893,1.60,9.60
2010.06.17 16:21:37.041,0.88885,0.8892,1.00,1.60
2010.06.17 16:21:37.180,0.88885,0.88925,1.00,4.00
2010.06.17 16:21:37.310,0.8888,0.8893,7.20,13.40
2010.06.17 16:21:37.440,0.8888,0.8893,7.20,12.90
2010.06.17 16:21:37.670,0.8888,0.8893,7.60,12.90
2010.06.17 16:21:38.220,0.8888,0.8893,7.70,12.90
2010.06.17 16:21:38.720,0.88885,0.8893,1.00,12.80
2010.06.17 16:21:39.144,0.88885,0.8893,1.60,12.80
2010.06.17 16:21:39.303,0.88885,0.8893,7.70,4.00
2010.06.17 16:21:40.309,0.88885,0.8893,7.60,4.00
2010.06.17 16:21:41.155,0.88885,0.8893,7.80,4.10
2010.06.17 16:21:45.160,0.88885,0.8893,7.80,4.00
2010.06.17 16:21:45.290,0.88885,0.8893,11.30,4.00
2010.06.17 16:21:45.420,0.88885,0.8893,11.30,2.40
2010.06.17 16:21:45.550,0.8889,0.88935,2.40,7.10
2010.06.17 16:21:45.801,0.8889,0.8893,2.40,4.00
2010.06.17 16:21:46.473,0.88885,0.8892,2.40,1.60
2010.06.17 16:21:47.182,0.88885,0.8892,2.50,1.60
2010.06.17 16:21:48.211,0.88885,0.8892,2.40,1.60
2010.06.17 16:21:48.555,0.88885,0.8892,2.20,1.60
2010.06.17 16:21:49.120,0.88885,0.8892,1.60,1.60
2010.06.17 16:21:49.820,0.88885,0.8892,5.70,1.60
2010.06.17 16:21:50.463,0.8889,0.88935,2.40,8.90
2010.06.17 16:21:50.644,0.88895,0.88935,1.60,2.80
2010.06.17 16:21:50.822,0.88895,0.88935,1.60,6.40
2010.06.17 16:21:51.001,0.8889,0.88935,3.00,6.40
2010.06.17 16:21:51.331,0.8889,0.88935,11.20,2.40
2010.06.17 16:21:51.660,0.88895,0.88935,1.60,3.10
2010.06.17 16:21:51.990,0.88895,0.88935,1.60,2.40
2010.06.17 16:21:53.761,0.88895,0.88935,1.70,1.60
2010.06.17 16:21:54.062,0.88895,0.88935,6.40,1.60
2010.06.17 16:21:54.230,0.88895,0.88935,2.40,1.60
2010.06.17 16:21:54.400,0.88895,0.88935,6.40,1.60
2010.06.17 16:21:54.853,0.88895,0.8894,10.40,1.00
2010.06.17 16:21:55.021,0.889,0.8894,1.60,2.50
2010.06.17 16:21:55.232,0.889,0.8893,1.00,1.60
2010.06.17 16:21:55.441,0.8889,0.8893,2.90,1.60
2010.06.17 16:21:55.651,0.8889,0.88935,2.90,5.60
2010.06.17 16:21:55.850,0.8889,0.88935,2.40,5.60
2010.06.17 16:21:56.491,0.8889,0.88935,2.80,5.60
2010.06.17 16:21:57.151,0.88895,0.88935,1.60,1.60
2010.06.17 16:21:59.112,0.889,0.8894,1.60,4.80
2010.06.17 16:21:59.371,0.88895,0.88935,11.30,1.60
2010.06.17 16:21:59.631,0.88895,0.88935,1.00,5.60
2010.06.17 16:21:59.800,0.8889,0.88935,4.00,5.60
2010.06.17 16:21:59.970,0.8889,0.88935,4.80,6.40
2010.06.17 16:22:00.789,0.8889,0.88935,8.80,2.40
2010.06.17 16:22:00.980,0.88895,0.88935,1.60,2.40
2010.06.17 16:22:01.170,0.88895,0.88935,1.60,1.60
2010.06.17 16:22:01.881,0.88895,0.88935,2.40,1.60
2010.06.17 16:22:02.072,0.88905,0.88945,1.60,10.50
2010.06.17 16:22:02.742,0.88905,0.8894,1.60,1.60
2010.06.17 16:22:03.433,0.88905,0.88945,1.60,1.00
2010.06.17 16:22:03.782,0.88905,0.88945,1.60,1.30
2010.06.17 16:22:04.540,0.889,0.88945,3.20,1.30
2010.06.17 16:22:05.102,0.889,0.88945,1.00,1.30
2010.06.17 16:22:05.271,0.88895,0.88945,10.50,1.00
2010.06.17 16:22:05.591,0.88895,0.88935,2.40,1.60
2010.06.17 16:22:07.170,0.88895,0.88935,2.50,1.60
2010.06.17 16:22:08.620,0.88895,0.88935,1.70,1.60
2010.06.17 16:22:09.994,0.88895,0.88935,10.40,1.60
2010.06.17 16:22:10.324,0.88895,0.88945,10.40,10.40
2010.06.17 16:22:10.479,0.88895,0.88945,12.80,10.40
2010.06.17 16:22:11.056,0.88895,0.8894,12.80,1.00
2010.06.17 16:22:11.209,0.889,0.88945,1.00,10.50
2010.06.17 16:22:15.090,0.889,0.88945,1.00,6.50
2010.06.17 16:22:16.660,0.88895,0.88945,10.50,6.50
2010.06.17 16:22:16.771,0.88895,0.88935,2.50,1.60
2010.06.17 16:22:17.491,0.88895,0.88935,1.70,1.60
2010.06.17 16:22:18.802,0.88895,0.88935,1.60,1.60
2010.06.17 16:22:22.649,0.88895,0.88935,1.60,1.60
2010.06.17 16:22:22.773,0.88895,0.8893,2.30,1.60
2010.06.17 16:22:23.183,0.88895,0.8893,1.60,1.60
2010.06.17 16:22:25.113,0.88895,0.8893,1.60,1.60
2010.06.17 16:22:26.710,0.88895,0.88935,1.70,5.60
2010.06.17 16:22:27.051,0.88895,0.88935,1.70,1.60
2010.06.17 16:22:27.690,0.88895,0.88935,1.60,1.60
2010.06.17 16:22:27.871,0.889,0.8894,1.60,2.40
2010.06.17 16:22:28.060,0.889,0.8894,1.60,1.70
2010.06.17 16:22:28.853,0.88905,0.88945,1.60,6.30
2010.06.17 16:22:29.102,0.88905,0.8894,1.60,4.00
2010.06.17 16:22:30.093,0.88905,0.8894,1.60,1.60
2010.06.17 16:22:31.745,0.88905,0.88945,1.60,2.50
2010.06.17 16:22:32.021,0.88905,0.88945,2.00,1.70
2010.06.17 16:22:32.873,0.88905,0.8894,2.00,1.60
2010.06.17 16:22:33.143,0.88905,0.8894,2.20,1.60
2010.06.17 16:22:34.403,0.88905,0.8894,11.00,1.60
2010.06.17 16:22:34.547,0.8891,0.88945,1.30,1.60
2010.06.17 16:22:34.691,0.88905,0.88945,6.50,1.60
2010.06.17 16:22:34.832,0.88905,0.88945,2.50,1.60
2010.06.17 16:22:34.971,0.8891,0.88945,1.60,1.60
2010.06.17 16:22:35.181,0.8891,0.88945,4.00,1.60
2010.06.17 16:22:35.401,0.88905,0.88945,1.60,1.60
2010.06.17 16:22:35.610,0.88905,0.88945,1.60,1.70
2010.06.17 16:22:35.820,0.889,0.88935,4.80,1.60
2010.06.17 16:22:36.800,0.889,0.8894,5.60,1.60
2010.06.17 16:22:37.072,0.88905,0.8895,2.00,8.80
2010.06.17 16:22:37.333,0.8891,0.8895,2.40,4.80
2010.06.17 16:22:37.763,0.8891,0.8895,2.40,1.00
2010.06.17 16:22:38.622,0.88915,0.8895,1.60,1.00
2010.06.17 16:22:38.946,0.8891,0.8894,2.40,1.60
2010.06.17 16:22:39.692,0.889,0.8894,2.20,1.60
2010.06.17 16:22:40.001,0.889,0.8894,1.60,1.60
2010.06.17 16:22:41.465,0.889,0.88945,8.00,1.00
2010.06.17 16:22:41.781,0.88905,0.88945,4.80,1.00
2010.06.17 16:22:42.512,0.8891,0.88955,7.20,1.00
2010.06.17 16:22:44.251,0.8891,0.88955,7.20,1.00
2010.06.17 16:22:44.871,0.88915,0.88955,1.60,1.00
2010.06.17 16:22:45.040,0.88915,0.8896,2.40,8.90
2010.06.17 16:22:45.210,0.88915,0.8895,1.60,1.60
2010.06.17 16:22:47.189,0.88915,0.8895,1.70,1.60
2010.06.17 16:22:47.352,0.88915,0.8895,1.60,1.70
2010.06.17 16:22:47.974,0.8891,0.8895,1.00,4.10
2010.06.17 16:22:50.280,0.8891,0.8894,1.00,1.60
2010.06.17 16:22:50.842,0.8891,0.8895,2.90,6.40
2010.06.17 16:22:51.013,0.88905,0.8895,6.40,4.00
2010.06.17 16:22:52.142,0.88905,0.8895,6.50,4.00
2010.06.17 16:22:53.631,0.88905,0.8895,6.50,4.10
2010.06.17 16:22:53.822,0.88905,0.8895,6.50,4.90
2010.06.17 16:22:54.406,0.88905,0.8895,6.50,4.10
2010.06.17 16:23:09.954,0.88905,0.8895,5.70,4.90
2010.06.17 16:23:10.547,0.88905,0.8895,5.70,8.90
2010.06.17 16:23:10.783,0.889,0.8895,7.30,12.90
2010.06.17 16:23:11.020,0.889,0.8895,11.30,9.70
2010.06.17 16:23:11.160,0.88905,0.8895,4.00,5.70
2010.06.17 16:23:11.300,0.88905,0.8895,5.60,5.70
2010.06.17 16:23:11.720,0.889,0.8895,7.30,13.70
2010.06.17 16:23:12.280,0.88905,0.8895,5.60,5.70
2010.06.17 16:23:13.467,0.88905,0.8895,5.70,5.70
2010.06.17 16:23:17.130,0.88905,0.8895,5.60,5.70
2010.06.17 16:23:17.591,0.88905,0.8895,4.00,5.70
2010.06.17 16:23:17.642,0.889,0.8895,7.30,13.70
2010.06.17 16:23:18.069,0.889,0.88945,7.30,1.00
2010.06.17 16:23:18.930,0.889,0.8895,8.10,13.60
2010.06.17 16:23:19.251,0.8891,0.8894,6.40,1.60
2010.06.17 16:23:19.421,0.88905,0.8894,1.00,1.60
2010.06.17 16:23:20.014,0.889,0.88945,7.20,1.00
2010.06.17 16:23:21.079,0.889,0.88945,7.30,1.00
2010.06.17 16:23:21.292,0.889,0.8895,8.10,12.80
2010.06.17 16:23:21.501,0.8891,0.8895,4.00,4.80
2010.06.17 16:23:22.128,0.88915,0.8895,1.60,2.40
2010.06.17 16:23:24.816,0.8891,0.8894,6.40,1.60
2010.06.17 16:23:25.102,0.889,0.8895,7.30,13.70
2010.06.17 16:23:25.680,0.889,0.88945,7.30,1.00
2010.06.17 16:23:25.960,0.889,0.88945,9.70,1.00
2010.06.17 16:23:26.100,0.889,0.88945,10.50,1.00
2010.06.17 16:23:31.437,0.889,0.88945,8.90,1.00
2010.06.17 16:23:31.647,0.889,0.8894,1.00,1.60
2010.06.17 16:23:32.293,0.88905,0.8894,1.60,1.60
2010.06.17 16:23:32.624,0.889,0.8895,11.20,12.80
2010.06.17 16:23:33.389,0.889,0.88945,7.20,4.00
2010.06.17 16:23:33.733,0.88905,0.8895,4.00,8.80
2010.06.17 16:23:34.073,0.88905,0.8895,10.40,1.60
2010.06.17 16:23:34.414,0.8891,0.8896,7.20,11.00
2010.06.17 16:23:34.855,0.88915,0.8896,4.00,3.00
2010.06.17 16:23:35.196,0.8892,0.8895,1.60,1.60
2010.06.17 16:23:35.534,0.8891,0.8896,7.30,13.60
2010.06.17 16:23:36.207,0.8891,0.8896,8.30,12.80
2010.06.17 16:23:36.472,0.8891,0.8896,8.10,12.90
2010.06.17 16:23:36.735,0.88915,0.8896,3.30,12.00
2010.06.17 16:23:36.995,0.8892,0.8896,2.40,1.60
2010.06.17 16:23:37.486,0.8892,0.8896,3.20,1.60
2010.06.17 16:23:37.744,0.88915,0.8896,1.60,8.10
2010.06.17 16:23:38.837,0.8891,0.8895,2.40,1.60
2010.06.17 16:23:39.114,0.8891,0.88955,6.00,8.00
2010.06.17 16:23:39.378,0.8892,0.8896,2.40,2.10
2010.06.17 16:23:40.032,0.88915,0.8896,2.90,12.00
2010.06.17 16:23:40.371,0.88915,0.8896,1.70,12.00
2010.06.17 16:23:40.712,0.8892,0.8896,2.40,1.60
2010.06.17 16:23:42.342,0.8892,0.8896,2.40,1.60
2010.06.17 16:23:42.898,0.8892,0.8896,2.40,5.60
2010.06.17 16:23:42.991,0.8892,0.8896,2.40,9.60
2010.06.17 16:23:43.487,0.8892,0.8896,2.40,9.70
2010.06.17 16:23:43.824,0.88915,0.8896,1.70,12.10
2010.06.17 16:23:44.481,0.88915,0.8896,1.90,12.10
2010.06.17 16:23:45.951,0.88915,0.8896,1.90,12.80
2010.06.17 16:23:46.193,0.8892,0.8896,2.40,2.40
2010.06.17 16:23:46.621,0.8892,0.88955,2.40,1.60
2010.06.17 16:23:46.863,0.88915,0.88955,3.20,1.60
2010.06.17 16:23:47.127,0.88915,0.88955,3.30,1.60
2010.06.17 16:23:48.454,0.88915,0.8895,1.60,1.60
2010.06.17 16:23:50.115,0.8892,0.8896,2.40,2.40
2010.06.17 16:23:50.453,0.8892,0.8896,12.70,1.60
2010.06.17 16:23:50.790,0.8892,0.8896,13.20,1.60
2010.06.17 16:23:51.162,0.88925,0.8896,1.00,1.60
2010.06.17 16:23:53.180,0.8892,0.8896,13.20,1.60
2010.06.17 16:23:55.345,0.8892,0.8895,4.30,1.60
2010.06.17 16:23:56.972,0.8892,0.88955,5.10,1.60
2010.06.17 16:23:57.189,0.8892,0.88965,4.00,5.60
2010.06.17 16:23:57.392,0.88915,0.88965,6.60,9.60
2010.06.17 16:23:57.602,0.8892,0.88965,2.40,4.80
2010.06.17 16:23:58.050,0.8892,0.88965,2.40,8.80
2010.06.17 16:23:58.254,0.8892,0.8896,1.00,2.40
2010.06.17 16:23:58.800,0.88915,0.8896,1.70,2.40
2010.06.17 16:23:59.711,0.88915,0.8896,1.70,2.40
2010.06.17 16:24:00.093,0.88915,0.8896,1.90,2.50
2010.06.17 16:24:00.584,0.88915,0.8896,2.70,2.50
2010.06.17 16:24:00.740,0.88915,0.8896,2.70,2.40
2010.06.17 16:24:00.891,0.8892,0.88965,8.00,2.80
2010.06.17 16:24:01.041,0.8892,0.88965,10.10,2.40
2010.06.17 16:24:01.546,0.88925,0.88965,1.00,2.40
2010.06.17 16:24:01.704,0.8892,0.88965,5.60,2.40
2010.06.17 16:24:01.881,0.8892,0.88965,5.70,2.40
2010.06.17 16:24:02.071,0.8892,0.88965,5.80,2.40
2010.06.17 16:24:03.722,0.8892,0.88965,5.90,2.50
2010.06.17 16:24:06.480,0.8892,0.88965,5.90,2.40
2010.06.17 16:24:06.581,0.88925,0.88965,2.50,2.40
2010.06.17 16:24:06.680,0.88925,0.88965,4.00,2.40
2010.06.17 16:24:06.781,0.88925,0.88965,11.00,2.80
2010.06.17 16:24:06.880,0.88925,0.88965,3.00,6.80
2010.06.17 16:24:07.081,0.88915,0.88955,7.90,1.60
2010.06.17 16:24:07.282,0.8892,0.88955,5.60,1.60
2010.06.17 16:24:07.481,0.8892,0.8896,9.40,1.00
2010.06.17 16:24:09.280,0.8892,0.8896,9.60,1.00
2010.06.17 16:24:14.801,0.8892,0.88955,9.40,1.60
2010.06.17 16:24:15.022,0.8892,0.88955,2.40,1.60
2010.06.17 16:24:15.180,0.88915,0.88955,5.20,1.60
2010.06.17 16:24:15.332,0.88915,0.88955,1.00,2.00
2010.06.17 16:24:15.491,0.8891,0.88955,9.50,2.40
2010.06.17 16:24:17.423,0.8891,0.88955,9.50,2.50
2010.06.17 16:24:22.060,0.8891,0.88955,13.50,2.40
2010.06.17 16:24:22.200,0.88915,0.88955,6.00,2.40
2010.06.17 16:24:22.341,0.88915,0.88955,6.10,1.60
2010.06.17 16:24:22.903,0.8891,0.88955,5.70,6.40
2010.06.17 16:24:23.153,0.8891,0.88955,8.90,2.40
2010.06.17 16:24:23.641,0.8891,0.88955,8.90,2.50
2010.06.17 16:24:23.882,0.88905,0.88945,6.50,1.60
2010.06.17 16:24:24.653,0.88905,0.88945,1.00,1.60
2010.06.17 16:24:26.552,0.88905,0.88945,1.00,1.70
2010.06.17 16:24:28.986,0.889,0.88945,11.70,1.70
2010.06.17 16:24:32.327,0.88905,0.88945,1.00,1.60
2010.06.17 16:24:32.550,0.88905,0.8895,1.00,4.80
2010.06.17 16:24:32.981,0.8891,0.88945,1.60,1.60
2010.06.17 16:24:33.795,0.88915,0.8896,1.00,14.00
2010.06.17 16:24:34.411,0.88915,0.8896,1.00,14.10
2010.06.17 16:24:36.152,0.88915,0.8896,1.10,14.10
2010.06.17 16:24:36.274,0.88915,0.8896,1.00,14.10
2010.06.17 16:24:36.765,0.88915,0.8895,1.00,1.60
2010.06.17 16:24:36.841,0.8891,0.8895,5.10,1.60
2010.06.17 16:24:37.176,0.8891,0.8895,5.00,1.60
2010.06.17 16:24:38.633,0.8891,0.8895,5.10,1.60
2010.06.17 16:24:39.316,0.88905,0.8895,4.30,4.00
2010.06.17 16:24:39.663,0.8891,0.8895,4.90,1.60
2010.06.17 16:24:40.503,0.8891,0.88955,12.00,1.00
2010.06.17 16:24:40.841,0.8891,0.88955,6.40,4.80
2010.06.17 16:24:41.051,0.8891,0.88955,2.40,4.80
2010.06.17 16:24:42.001,0.8891,0.88955,12.00,1.00
2010.06.17 16:24:42.161,0.8891,0.88955,12.90,1.00
2010.06.17 16:24:42.812,0.8891,0.8896,13.70,11.20
2010.06.17 16:24:43.150,0.8891,0.8896,13.90,11.20
2010.06.17 16:24:43.941,0.88915,0.8896,8.00,3.20
2010.06.17 16:24:44.151,0.88915,0.8896,10.10,1.00
2010.06.17 16:24:44.360,0.88915,0.88965,10.90,11.60
2010.06.17 16:24:45.152,0.88915,0.88965,10.90,11.70
2010.06.17 16:24:46.142,0.88915,0.88965,11.10,11.70
2010.06.17 16:24:50.332,0.88915,0.88965,11.10,12.50
2010.06.17 16:24:50.514,0.88915,0.88955,1.30,1.60
2010.06.17 16:24:50.696,0.8891,0.88955,4.80,5.60
2010.06.17 16:24:50.824,0.88915,0.88955,1.00,5.60
2010.06.17 16:24:51.382,0.88915,0.88955,1.00,4.00
2010.06.17 16:24:51.524,0.88915,0.88965,1.70,11.60
2010.06.17 16:24:51.652,0.88915,0.8896,1.70,1.00
2010.06.17 16:24:52.768,0.8892,0.88965,2.40,4.80
2010.06.17 16:24:53.181,0.8892,0.88965,2.40,6.40
2010.06.17 16:24:53.302,0.8892,0.88965,2.40,10.50
2010.06.17 16:24:53.431,0.88915,0.8896,5.90,2.40
2010.06.17 16:24:53.557,0.8892,0.88965,4.50,6.40
2010.06.17 16:24:54.182,0.8892,0.88965,4.50,6.40
2010.06.17 16:24:55.151,0.8892,0.88965,4.50,6.50
2010.06.17 16:24:56.142,0.8892,0.88965,4.70,6.50
2010.06.17 16:25:00.317,0.8892,0.88965,4.60,6.40
2010.06.17 16:25:00.490,0.8892,0.88965,4.70,4.80
2010.06.17 16:25:00.661,0.8892,0.88965,12.50,1.00
2010.06.17 16:25:00.831,0.8892,0.88965,2.40,4.80
2010.06.17 16:25:01.020,0.8892,0.88965,4.00,4.80
2010.06.17 16:25:01.448,0.8892,0.88965,4.50,4.80
2010.06.17 16:25:01.644,0.8892,0.88965,12.50,1.00
2010.06.17 16:25:02.131,0.8892,0.88965,12.70,1.00
2010.06.17 16:25:02.851,0.8892,0.88965,12.50,1.00
2010.06.17 16:25:03.131,0.8892,0.88965,4.50,4.80
2010.06.17 16:25:03.290,0.8892,0.88965,2.40,4.80
2010.06.17 16:25:03.804,0.8892,0.88965,12.00,1.00
2010.06.17 16:25:03.973,0.8892,0.88965,2.40,4.80
2010.06.17 16:25:04.571,0.8892,0.88965,4.00,6.40
2010.06.17 16:25:05.070,0.8892,0.88965,1.60,6.40
2010.06.17 16:25:05.260,0.88915,0.88965,1.70,10.40
2010.06.17 16:25:05.900,0.88915,0.8896,1.70,1.00
2010.06.17 16:25:06.281,0.88925,0.8896,1.60,1.00
2010.06.17 16:25:06.431,0.88925,0.8896,11.30,1.00
2010.06.17 16:25:06.868,0.88925,0.88955,9.70,1.60
2010.06.17 16:25:07.026,0.8891,0.88955,11.60,1.60
2010.06.17 16:25:07.291,0.8891,0.88955,15.50,1.60
2010.06.17 16:25:07.437,0.88915,0.8896,1.00,4.00
2010.06.17 16:25:07.572,0.88915,0.8896,1.00,1.00
2010.06.17 16:25:08.036,0.88915,0.8896,1.70,1.00
2010.06.17 16:25:10.690,0.88915,0.88965,1.70,12.90
2010.06.17 16:25:10.810,0.88915,0.88965,5.70,11.30
2010.06.17 16:25:10.931,0.8892,0.88965,4.80,6.50
2010.06.17 16:25:11.050,0.8892,0.88965,4.80,6.10
2010.06.17 16:25:11.170,0.8892,0.88965,4.80,6.20
2010.06.17 16:25:11.886,0.8892,0.88965,4.80,10.20
2010.06.17 16:25:12.052,0.8892,0.88955,1.00,1.60
2010.06.17 16:25:12.300,0.8892,0.88965,4.80,9.60
2010.06.17 16:25:12.380,0.8892,0.88965,4.80,5.60
2010.06.17 16:25:12.566,0.8892,0.88965,4.80,6.00
2010.06.17 16:25:12.844,0.8892,0.88955,3.20,1.60
2010.06.17 16:25:13.001,0.8892,0.88965,4.80,6.00
2010.06.17 16:25:13.498,0.8892,0.88965,4.90,10.00
2010.06.17 16:25:13.776,0.88925,0.88965,2.10,2.60
2010.06.17 16:25:14.042,0.88925,0.88965,2.10,6.60
2010.06.17 16:25:14.312,0.8892,0.88965,4.90,6.80
2010.06.17 16:25:14.993,0.88925,0.88965,2.50,1.60
2010.06.17 16:25:15.343,0.88925,0.88965,2.50,1.70
2010.06.17 16:25:17.133,0.88925,0.88965,2.70,1.60
2010.06.17 16:25:21.131,0.88925,0.88965,2.60,1.60
2010.06.17 16:25:22.390,0.88925,0.88965,3.40,1.60
2010.06.17 16:25:22.532,0.8893,0.88965,1.00,1.60
2010.06.17 16:25:22.671,0.8893,0.88965,12.50,1.60
2010.06.17 16:25:22.810,0.8893,0.88965,13.20,1.60
2010.06.17 16:25:22.951,0.88935,0.88975,2.50,1.60
2010.06.17 16:25:24.081,0.88935,0.88975,2.50,1.70
2010.06.17 16:25:25.056,0.88935,0.88975,2.70,1.60
2010.06.17 16:25:28.096,0.88935,0.88975,2.60,1.60
2010.06.17 16:25:29.393,0.88935,0.88975,2.50,1.70
2010.06.17 16:25:29.900,0.88935,0.88975,2.50,2.10
2010.06.17 16:25:30.117,0.8893,0.88975,5.30,1.70
2010.06.17 16:25:30.334,0.8893,0.88975,4.90,1.70
2010.06.17 16:25:30.674,0.88935,0.88975,1.60,1.60
2010.06.17 16:25:31.167,0.88935,0.88975,2.50,1.60
2010.06.17 16:25:31.504,0.8893,0.8898,13.90,7.20
2010.06.17 16:25:33.236,0.8893,0.8898,14.70,7.20
2010.06.17 16:25:33.382,0.8894,0.8898,2.50,7.20
2010.06.17 16:25:33.973,0.8894,0.8898,4.90,1.00
2010.06.17 16:25:34.176,0.8894,0.8898,2.50,3.20
2010.06.17 16:25:34.380,0.8894,0.88975,1.60,1.60
2010.06.17 16:25:35.042,0.8893,0.88975,9.70,1.60
2010.06.17 16:25:36.494,0.8893,0.88975,9.90,1.60
2010.06.17 16:25:36.833,0.8893,0.88975,9.90,1.00
2010.06.17 16:25:37.174,0.88935,0.8898,4.00,3.30
2010.06.17 16:25:37.283,0.8894,0.88975,1.60,1.60
2010.06.17 16:25:37.482,0.8894,0.88985,2.40,10.50
2010.06.17 16:25:37.942,0.8894,0.88985,2.40,8.90
2010.06.17 16:25:38.048,0.8894,0.88985,3.30,1.00
2010.06.17 16:25:38.395,0.8894,0.88985,1.00,10.40
2010.06.17 16:25:38.741,0.88935,0.8898,7.90,2.80
2010.06.17 16:25:39.265,0.88935,0.8898,7.90,3.20
2010.06.17 16:25:39.566,0.88925,0.8897,2.00,7.00
2010.06.17 16:25:39.864,0.88925,0.8897,10.90,3.20
2010.06.17 16:25:40.317,0.8893,0.88975,1.00,4.80
2010.06.17 16:25:40.614,0.8893,0.8898,9.70,13.20
2010.06.17 16:25:40.953,0.8893,0.88975,1.00,4.00
2010.06.17 16:25:41.804,0.8893,0.8898,12.10,13.20
2010.06.17 16:25:42.143,0.8893,0.88975,1.70,4.00
2010.06.17 16:25:42.483,0.8893,0.88975,1.00,4.80
2010.06.17 16:25:43.365,0.8893,0.8897,1.00,5.60
2010.06.17 16:25:43.605,0.8893,0.8897,1.20,8.00
2010.06.17 16:25:43.943,0.8893,0.8897,1.00,8.00
2010.06.17 16:25:44.272,0.8893,0.8897,1.00,8.10
2010.06.17 16:25:44.602,0.8893,0.8897,1.00,6.40
2010.06.17 16:25:44.882,0.8893,0.88975,1.00,4.80
2010.06.17 16:25:45.162,0.88925,0.88975,10.90,4.80
2010.06.17 16:25:46.673,0.8893,0.88975,1.00,4.80
2010.06.17 16:25:46.974,0.8893,0.88975,1.80,4.00
2010.06.17 16:25:47.469,0.8893,0.8898,11.40,7.20
2010.06.17 16:25:47.746,0.8893,0.8898,8.10,11.20
2010.06.17 16:25:48.014,0.8893,0.88975,8.10,1.00
2010.06.17 16:25:48.775,0.8893,0.8897,1.00,2.40
2010.06.17 16:25:49.114,0.8893,0.88975,5.60,1.00
2010.06.17 16:25:49.622,0.8893,0.88975,11.20,1.00
2010.06.17 16:25:49.956,0.88935,0.8898,1.00,12.80
2010.06.17 16:25:50.294,0.88935,0.8898,1.00,12.90
2010.06.17 16:25:50.634,0.8893,0.88975,1.00,1.00
2010.06.17 16:25:51.438,0.88935,0.88975,1.00,1.00
2010.06.17 16:25:53.491,0.88935,0.88975,1.10,1.00
2010.06.17 16:25:54.217,0.8894,0.88975,3.30,1.00
2010.06.17 16:25:54.724,0.8894,0.8898,3.30,2.40
2010.06.17 16:25:55.312,0.8894,0.8898,3.50,2.40
2010.06.17 16:25:56.195,0.8894,0.8898,2.40,6.40
2010.06.17 16:25:56.434,0.88935,0.8898,1.10,8.80
2010.06.17 16:25:56.672,0.88935,0.8898,1.60,8.80
2010.06.17 16:25:57.093,0.88935,0.88975,1.80,1.00
2010.06.17 16:25:57.285,0.8894,0.88975,1.00,2.40
2010.06.17 16:25:57.852,0.88935,0.88975,6.50,2.40
2010.06.17 16:25:58.011,0.88935,0.8896,1.60,4.00
2010.06.17 16:25:58.165,0.88935,0.8897,1.60,4.00
2010.06.17 16:25:58.753,0.8893,0.88975,8.80,1.40
2010.06.17 16:25:58.920,0.8893,0.88975,8.10,1.00
2010.06.17 16:26:01.144,0.8893,0.88975,6.40,1.00
2010.06.17 16:26:04.342,0.88935,0.88975,4.00,1.00
2010.06.17 16:26:05.095,0.88935,0.88975,6.30,1.00
2010.06.17 16:26:05.975,0.88935,0.8898,6.30,6.40
2010.06.17 16:26:06.558,0.88935,0.8897,2.30,5.60
2010.06.17 16:26:06.898,0.88925,0.88965,2.40,1.60
2010.06.17 16:26:07.372,0.88925,0.88965,1.60,1.60
2010.06.17 16:26:07.713,0.88925,0.88965,1.00,1.60
2010.06.17 16:26:09.884,0.88925,0.88955,1.00,1.60
2010.06.17 16:26:10.183,0.8892,0.88965,9.80,2.40
2010.06.17 16:26:10.473,0.88925,0.88975,9.60,10.50
2010.06.17 16:26:11.150,0.88925,0.8897,9.60,2.40
2010.06.17 16:26:11.345,0.88925,0.8897,9.70,2.40
2010.06.17 16:26:11.724,0.88925,0.88975,9.70,10.40
2010.06.17 16:26:12.232,0.88925,0.8897,9.70,1.00
2010.06.17 16:26:12.983,0.8892,0.88965,11.30,1.00
2010.06.17 16:26:13.326,0.8892,0.88965,1.70,10.40
2010.06.17 16:26:13.502,0.8892,0.88965,1.00,10.40
2010.06.17 16:26:13.698,0.88915,0.88965,9.90,9.60
2010.06.17 16:26:14.043,0.8892,0.88965,1.00,9.60
2010.06.17 16:26:14.223,0.8892,0.8897,11.30,12.10
2010.06.17 16:26:14.392,0.8892,0.88965,2.40,9.60
2010.06.17 16:26:14.936,0.88915,0.88965,10.50,10.40
2010.06.17 16:26:15.613,0.8892,0.88965,2.40,10.40
2010.06.17 16:26:15.793,0.8892,0.88965,10.40,1.00
2010.06.17 16:26:15.972,0.8892,0.88965,11.30,1.00
2010.06.17 16:26:17.233,0.8892,0.88965,12.90,2.40
2010.06.17 16:26:17.398,0.88925,0.88965,8.00,1.00
2010.06.17 16:26:17.704,0.8892,0.88965,8.10,1.00
2010.06.17 16:26:20.142,0.8892,0.88965,1.00,8.80
2010.06.17 16:26:20.412,0.88915,0.88965,9.70,10.40
2010.06.17 16:26:21.273,0.88915,0.88965,9.50,10.40
2010.06.17 16:26:21.482,0.88915,0.88965,9.60,10.40
2010.06.17 16:26:21.694,0.8892,0.88965,6.40,1.00
2010.06.17 16:26:21.912,0.8892,0.88965,7.30,1.00
2010.06.17 16:26:22.554,0.8892,0.88965,3.30,4.80
2010.06.17 16:26:22.979,0.8892,0.88965,1.00,4.80
2010.06.17 16:26:23.183,0.8892,0.8896,3.30,1.00
2010.06.17 16:26:23.813,0.88925,0.8896,1.00,1.00
2010.06.17 16:26:24.003,0.88925,0.88965,1.00,1.00
2010.06.17 16:26:24.783,0.88925,0.88965,4.90,1.00
2010.06.17 16:26:25.633,0.88925,0.88965,4.00,2.40
2010.06.17 16:26:26.163,0.8892,0.88965,9.60,2.40
2010.06.17 16:26:26.276,0.8892,0.88965,9.10,2.40
2010.06.17 16:26:27.071,0.8892,0.88955,5.10,4.00
2010.06.17 16:26:27.828,0.8892,0.88965,9.10,2.50
2010.06.17 16:26:30.602,0.88925,0.8896,2.50,7.20
2010.06.17 16:26:30.725,0.88925,0.8896,2.50,4.80
2010.06.17 16:26:30.845,0.88925,0.88965,2.50,2.40
2010.06.17 16:26:33.126,0.88925,0.88965,2.70,2.40
2010.06.17 16:26:33.693,0.88925,0.88965,6.50,2.40
2010.06.17 16:26:33.922,0.88925,0.88965,10.10,2.40
2010.06.17 16:26:34.083,0.88925,0.88965,2.50,2.40
2010.06.17 16:26:34.403,0.8893,0.88965,2.50,2.40
2010.06.17 16:26:34.986,0.8893,0.88965,3.30,1.60
2010.06.17 16:26:35.323,0.88925,0.88965,2.50,1.60
2010.06.17 16:26:37.133,0.88925,0.88965,2.50,1.70
2010.06.17 16:26:37.852,0.88925,0.88965,3.30,1.70
2010.06.17 16:26:38.788,0.88925,0.8897,11.30,1.00
2010.06.17 16:26:39.126,0.88925,0.88975,11.50,10.30
2010.06.17 16:26:39.462,0.88925,0.88975,11.50,10.90
2010.06.17 16:26:40.173,0.88925,0.8897,11.50,1.00
2010.06.17 16:26:41.453,0.88925,0.8897,10.70,1.00
2010.06.17 16:26:43.713,0.88925,0.88965,6.50,2.40
2010.06.17 16:26:43.942,0.88925,0.88965,2.10,2.40
2010.06.17 16:26:45.092,0.88925,0.88965,2.10,2.50
2010.06.17 16:26:47.784,0.88925,0.88965,2.30,2.40
2010.06.17 16:26:47.963,0.88925,0.88965,2.30,1.00
2010.06.17 16:26:48.644,0.88925,0.88965,2.50,2.40
2010.06.17 16:26:49.313,0.88925,0.8897,10.70,1.00
2010.06.17 16:26:50.363,0.88925,0.8897,10.70,1.00
2010.06.17 16:26:52.455,0.88925,0.8897,11.50,1.00
2010.06.17 16:26:53.753,0.88925,0.8897,11.30,1.00
2010.06.17 16:26:54.311,0.88925,0.88965,3.30,1.60
2010.06.17 16:26:55.214,0.88925,0.88965,3.50,1.60
2010.06.17 16:26:55.544,0.88925,0.88975,11.50,10.50
2010.06.17 16:26:56.123,0.88925,0.8897,11.50,1.00
2010.06.17 16:26:57.143,0.8893,0.88975,1.00,10.40
2010.06.17 16:26:57.262,0.8893,0.88975,3.50,10.40
2010.06.17 16:26:57.384,0.88935,0.88975,1.60,2.40
2010.06.17 16:26:58.002,0.88935,0.88975,1.60,6.40
2010.06.17 16:26:58.530,0.8893,0.88965,4.90,1.60
2010.06.17 16:26:58.876,0.88935,0.88975,2.50,1.60
2010.06.17 16:26:59.213,0.88935,0.88975,2.50,2.00
2010.06.17 16:26:59.532,0.88935,0.88975,2.50,2.40
2010.06.17 16:26:59.955,0.88935,0.88975,2.70,2.40
2010.06.17 16:27:00.273,0.88935,0.8898,10.70,1.00
2010.06.17 16:27:03.424,0.88935,0.88975,2.50,1.60
2010.06.17 16:27:03.527,0.88935,0.88975,2.50,2.40
2010.06.17 16:27:05.303,0.88935,0.88975,2.70,2.40
2010.06.17 16:27:05.542,0.88935,0.88975,2.70,1.60
2010.06.17 16:27:07.604,0.88935,0.8898,6.70,7.20
2010.06.17 16:27:07.767,0.88935,0.88975,2.10,1.60
2010.06.17 16:27:08.942,0.88935,0.88975,2.30,1.60
2010.06.17 16:27:10.496,0.8894,0.8898,2.40,1.00
2010.06.17 16:27:11.644,0.8894,0.8898,8.60,1.00
2010.06.17 16:27:12.182,0.8894,0.8898,9.50,1.00
2010.06.17 16:27:12.524,0.88945,0.88985,1.00,2.50
2010.06.17 16:27:13.044,0.8894,0.88985,10.10,2.50
2010.06.17 16:27:13.174,0.8894,0.8898,9.20,1.60
2010.06.17 16:27:13.303,0.8894,0.8898,8.70,1.60
2010.06.17 16:27:13.423,0.8894,0.8898,2.00,1.60
2010.06.17 16:27:13.672,0.8894,0.88975,2.00,1.60
2010.06.17 16:27:14.346,0.8893,0.8898,9.70,9.30
2010.06.17 16:27:14.683,0.88935,0.8898,4.00,1.00
2010.06.17 16:27:16.182,0.88935,0.8898,4.00,1.00
2010.06.17 16:27:16.836,0.8893,0.8898,9.70,11.20
2010.06.17 16:27:16.923,0.8893,0.8898,8.10,11.20
2010.06.17 16:27:18.315,0.8893,0.88975,8.10,1.00
2010.06.17 16:27:18.634,0.8893,0.88975,6.40,2.40
2010.06.17 16:27:18.952,0.88925,0.88975,9.30,10.40
2010.06.17 16:27:19.917,0.88925,0.8897,8.50,1.00
2010.06.17 16:27:20.252,0.88925,0.8897,8.60,1.00
2010.06.17 16:27:20.593,0.8893,0.88975,7.30,1.00
2010.06.17 16:27:20.852,0.8893,0.88975,7.30,1.20
2010.06.17 16:27:21.366,0.8893,0.88975,7.30,1.00
2010.06.17 16:27:23.753,0.8892,0.8897,12.30,11.20
2010.06.17 16:27:24.083,0.8893,0.8897,1.00,11.20
2010.06.17 16:27:24.416,0.88935,0.8897,4.00,1.00
2010.06.17 16:27:24.743,0.88935,0.88975,4.00,1.00
2010.06.17 16:27:30.154,0.8893,0.88975,8.70,6.40
2010.06.17 16:27:30.696,0.8893,0.88975,4.70,6.40
2010.06.17 16:27:30.876,0.8894,0.8898,2.40,1.00
2010.06.17 16:27:31.052,0.8894,0.88985,2.40,10.40
2010.06.17 16:27:32.663,0.8894,0.88985,2.50,10.40
2010.06.17 16:27:32.983,0.8894,0.88985,2.40,8.80
2010.06.17 16:27:33.303,0.8894,0.8898,2.40,1.00
2010.06.17 16:27:35.393,0.8894,0.8898,2.40,4.80
2010.06.17 16:27:35.792,0.8894,0.8898,2.40,8.80
2010.06.17 16:27:36.684,0.8893,0.8898,4.10,11.20
2010.06.17 16:27:37.202,0.8893,0.8898,4.10,11.20
2010.06.17 16:27:38.079,0.8893,0.8898,4.10,11.30
2010.06.17 16:27:38.702,0.8893,0.88975,4.10,1.00
2010.06.17 16:27:38.842,0.8893,0.88965,4.10,1.60
2010.06.17 16:27:39.044,0.8893,0.88965,1.00,1.60
2010.06.17 16:27:39.557,0.8893,0.88965,7.30,1.60
2010.06.17 16:27:39.766,0.8894,0.8898,1.00,3.20
2010.06.17 16:27:41.139,0.8894,0.8898,1.00,3.30
2010.06.17 16:27:42.522,0.88945,0.8898,1.00,3.20
2010.06.17 16:27:42.842,0.88945,0.88985,1.70,1.00
2010.06.17 16:27:45.177,0.8895,0.88985,1.00,1.00
2010.06.17 16:27:45.344,0.8895,0.88985,5.30,1.00
2010.06.17 16:27:46.282,0.8895,0.88985,4.50,1.00
2010.06.17 16:27:47.082,0.8895,0.8899,4.70,2.40
2010.06.17 16:27:50.986,0.8895,0.8899,4.70,1.00
2010.06.17 16:27:51.124,0.8896,0.8899,1.00,1.00
2010.06.17 16:27:51.626,0.88965,0.8899,1.60,1.00
2010.06.17 16:27:51.858,0.88965,0.89,10.50,2.40
2010.06.17 16:27:52.087,0.8896,0.8899,1.00,1.60
2010.06.17 16:27:52.314,0.88955,0.8899,2.40,1.60
2010.06.17 16:27:53.088,0.8896,0.89005,11.30,3.20
2010.06.17 16:27:53.428,0.8896,0.89,4.00,4.00
2010.06.17 16:27:53.673,0.88955,0.89,6.40,4.00
2010.06.17 16:27:54.277,0.88955,0.89,5.70,4.80
2010.06.17 16:27:54.979,0.88955,0.89,5.70,4.90
2010.06.17 16:27:55.272,0.8895,0.89,8.30,12.90
2010.06.17 16:27:55.562,0.88955,0.8899,1.60,1.60
2010.06.17 16:27:56.605,0.8895,0.8899,4.10,1.60
2010.06.17 16:27:56.826,0.8895,0.89,8.20,14.00
2010.06.17 16:27:57.043,0.8895,0.88995,8.20,1.00
2010.06.17 16:27:59.112,0.8895,0.88995,8.10,1.00
2010.06.17 16:27:59.383,0.8895,0.8899,1.00,12.80
2010.06.17 16:27:59.970,0.8894,0.8899,12.50,12.80
2010.06.17 16:28:00.273,0.8894,0.8899,8.10,12.80
2010.06.17 16:28:01.182,0.8894,0.8899,8.10,12.90
2010.06.17 16:28:04.181,0.8894,0.8899,8.10,13.30
2010.06.17 16:28:04.467,0.88935,0.88985,12.10,5.40
2010.06.17 16:28:05.178,0.8894,0.8898,8.80,2.40
2010.06.17 16:28:05.516,0.88935,0.88975,1.60,5.00
2010.06.17 16:28:05.855,0.88935,0.88975,1.60,5.80
2010.06.17 16:28:07.294,0.88925,0.8897,3.30,7.20
2010.06.17 16:28:08.206,0.88925,0.8897,3.50,7.20
2010.06.17 16:28:08.542,0.88925,0.8897,3.50,6.40
2010.06.17 16:28:09.238,0.88925,0.8897,3.50,6.50
2010.06.17 16:28:12.502,0.88925,0.8897,3.50,7.30
2010.06.17 16:28:12.592,0.88925,0.88965,1.70,1.00
2010.06.17 16:28:12.683,0.88925,0.8896,1.00,6.40
2010.06.17 16:28:12.773,0.88915,0.8896,3.70,6.40
2010.06.17 16:28:13.902,0.88915,0.8896,3.70,6.50
2010.06.17 16:28:14.242,0.88915,0.8896,2.50,6.50
2010.06.17 16:28:15.087,0.88915,0.88955,3.30,2.40
2010.06.17 16:28:15.426,0.88905,0.8894,1.00,1.60
2010.06.17 16:28:15.584,0.8891,0.8894,1.00,1.60
2010.06.17 16:28:15.743,0.8891,0.88945,6.10,1.60
2010.06.17 16:28:15.904,0.88915,0.88955,2.50,1.60
2010.06.17 16:28:16.524,0.8891,0.88955,1.00,5.60
2010.06.17 16:28:17.912,0.8891,0.88955,1.00,5.60
2010.06.17 16:28:19.492,0.8891,0.88955,9.60,1.60
2010.06.17 16:28:19.672,0.88915,0.8896,8.90,1.00
2010.06.17 16:28:19.964,0.88915,0.8896,9.70,1.00
2010.06.17 16:28:20.572,0.88915,0.88965,10.40,10.50
2010.06.17 16:28:20.857,0.8892,0.88955,1.00,1.60
2010.06.17 16:28:23.334,0.8892,0.88955,7.70,1.60
2010.06.17 16:28:23.544,0.8892,0.88965,9.30,2.50
2010.06.17 16:28:24.377,0.8892,0.88965,9.30,1.70
2010.06.17 16:28:26.753,0.8892,0.88965,9.50,1.70
2010.06.17 16:28:28.882,0.8892,0.88965,9.50,2.10
2010.06.17 16:28:29.032,0.8892,0.88965,9.30,2.10
2010.06.17 16:28:29.182,0.8892,0.88965,4.50,10.90
2010.06.17 16:28:29.333,0.8892,0.88955,1.60,1.60
2010.06.17 16:28:31.232,0.8892,0.88955,1.60,1.60
2010.06.17 16:28:32.285,0.8892,0.88965,4.70,2.80
2010.06.17 16:28:32.492,0.8892,0.88965,4.50,2.80
2010.06.17 16:28:32.592,0.8892,0.88965,4.50,2.90
2010.06.17 16:28:32.693,0.8892,0.88965,1.00,6.80
2010.06.17 16:28:32.793,0.8892,0.88965,1.00,10.40
2010.06.17 16:28:32.894,0.8892,0.88965,3.30,4.80
2010.06.17 16:28:33.003,0.8892,0.88965,3.30,1.00
2010.06.17 16:28:36.440,0.8892,0.88965,3.30,10.40
2010.06.17 16:28:36.570,0.88915,0.8896,4.90,1.00
2010.06.17 16:28:37.796,0.88915,0.8896,5.70,1.00
2010.06.17 16:28:44.814,0.8891,0.8896,6.00,12.80
2010.06.17 16:28:44.953,0.8891,0.8896,14.50,7.60
2010.06.17 16:28:45.423,0.8891,0.8896,14.50,7.50
2010.06.17 16:28:45.566,0.8891,0.8896,12.10,7.20
2010.06.17 16:28:47.023,0.88905,0.8895,1.00,2.40
2010.06.17 16:28:48.433,0.88905,0.8895,1.70,2.40
2010.06.17 16:28:48.696,0.8891,0.88955,1.00,4.80
2010.06.17 16:28:49.381,0.88915,0.8896,1.00,8.80
2010.06.17 16:28:49.727,0.88915,0.8896,4.00,7.20
2010.06.17 16:28:50.064,0.88915,0.88955,1.00,5.60
2010.06.17 16:28:50.544,0.88915,0.88955,4.80,5.60
2010.06.17 16:28:50.857,0.88915,0.8896,1.00,11.30
2010.06.17 16:28:53.012,0.88915,0.88955,1.00,9.60
2010.06.17 16:28:53.272,0.8891,0.88955,1.00,9.60
2010.06.17 16:28:53.872,0.88905,0.88955,9.70,10.40
2010.06.17 16:28:54.572,0.88905,0.88955,10.70,10.40
2010.06.17 16:28:54.749,0.88915,0.88955,2.50,1.60
2010.06.17 16:28:55.787,0.88915,0.88955,2.50,1.70
2010.06.17 16:28:56.624,0.8891,0.8896,12.10,11.20
2010.06.17 16:28:57.187,0.8891,0.8896,12.10,11.30
2010.06.17 16:28:58.246,0.8891,0.88955,7.20,1.60
2010.06.17 16:28:58.454,0.8891,0.88955,1.00,5.60
2010.06.17 16:28:59.262,0.8891,0.88955,1.00,5.70
2010.06.17 16:29:02.733,0.8891,0.8896,9.70,11.20
2010.06.17 16:29:02.892,0.8891,0.8896,12.10,11.20
2010.06.17 16:29:04.118,0.8891,0.8896,12.10,11.30
2010.06.17 16:29:06.066,0.8891,0.88955,7.20,4.00
2010.06.17 16:29:06.175,0.88905,0.88955,9.70,6.40
2010.06.17 16:29:07.087,0.88905,0.88955,9.70,6.50
2010.06.17 16:29:07.531,0.88905,0.88955,9.70,6.40
2010.06.17 16:29:08.077,0.88905,0.8895,9.70,1.60
2010.06.17 16:29:08.347,0.88905,0.88955,9.90,7.20
2010.06.17 16:29:08.494,0.88905,0.88955,9.60,7.20
2010.06.17 16:29:08.642,0.88905,0.88955,9.60,6.40
2010.06.17 16:29:08.782,0.88905,0.88955,9.90,6.40
2010.06.17 16:29:10.452,0.88905,0.88955,1.90,10.40
2010.06.17 16:29:10.753,0.88905,0.88945,1.00,1.60
2010.06.17 16:29:11.054,0.889,0.88945,11.20,1.60
2010.06.17 16:29:11.586,0.889,0.88945,4.80,1.60
2010.06.17 16:29:11.745,0.889,0.88945,1.00,5.60
2010.06.17 16:29:13.348,0.88905,0.8895,1.00,8.00
2010.06.17 16:29:13.585,0.88905,0.8895,1.70,4.00
2010.06.17 16:29:14.264,0.88905,0.88955,9.70,10.40
2010.06.17 16:29:14.494,0.88905,0.88955,9.70,10.80
2010.06.17 16:29:15.125,0.88905,0.8895,1.70,4.70
2010.06.17 16:29:15.423,0.88905,0.8895,1.90,4.70
2010.06.17 16:29:18.068,0.88905,0.8895,1.90,4.00
2010.06.17 16:29:18.952,0.8891,0.8895,3.50,4.00
2010.06.17 16:29:20.363,0.8891,0.88955,3.50,11.60
2010.06.17 16:29:20.678,0.8891,0.88955,3.50,10.80
2010.06.17 16:29:22.262,0.8891,0.88955,3.50,10.40
2010.06.17 16:29:22.513,0.8891,0.88955,13.10,2.40
2010.06.17 16:29:22.763,0.8891,0.88945,5.10,1.60
2010.06.17 16:29:23.804,0.8891,0.88945,9.20,1.60
2010.06.17 16:29:24.063,0.88915,0.88955,1.10,3.60
2010.06.17 16:29:25.191,0.88915,0.88955,1.10,3.70
2010.06.17 16:29:25.365,0.8891,0.88955,14.50,3.20
2010.06.17 16:29:25.534,0.88915,0.88955,1.00,1.00
2010.06.17 16:29:25.705,0.88915,0.8896,1.00,8.80
2010.06.17 16:29:25.874,0.88915,0.8896,4.80,1.00
2010.06.17 16:29:27.472,0.88915,0.8896,4.80,3.20
2010.06.17 16:29:27.562,0.88915,0.8896,4.00,3.20
2010.06.17 16:29:27.653,0.8891,0.8896,8.00,11.20
2010.06.17 16:29:27.752,0.8891,0.8896,8.00,11.60
2010.06.17 16:29:29.065,0.8891,0.8896,8.00,11.70
2010.06.17 16:29:35.053,0.88915,0.8896,1.00,11.20
2010.06.17 16:29:35.254,0.88915,0.88955,4.80,1.60
2010.06.17 16:29:35.464,0.8891,0.88955,8.90,2.40
2010.06.17 16:29:36.366,0.8891,0.8895,1.00,2.40
2010.06.17 16:29:36.702,0.88905,0.8895,4.80,2.40
2010.06.17 16:29:38.307,0.88905,0.8895,8.80,2.40
2010.06.17 16:29:38.625,0.8891,0.88955,2.40,2.50
2010.06.17 16:29:39.774,0.8891,0.8895,1.00,2.40
2010.06.17 16:29:40.603,0.88905,0.88955,5.60,10.40
2010.06.17 16:29:40.944,0.8891,0.88955,4.80,4.00
2010.06.17 16:29:41.182,0.8891,0.8896,4.80,11.20
2010.06.17 16:29:42.253,0.8891,0.8896,5.60,11.20
2010.06.17 16:29:42.485,0.8891,0.8896,12.00,1.00
2010.06.17 16:29:42.713,0.8891,0.8896,8.80,8.80
2010.06.17 16:29:42.943,0.8891,0.8896,8.80,4.80
2010.06.17 16:29:43.545,0.8891,0.8896,5.60,11.20
2010.06.17 16:29:43.783,0.8891,0.8896,4.80,11.20
2010.06.17 16:29:45.143,0.8891,0.8896,5.60,11.20
2010.06.17 16:29:45.424,0.88915,0.8896,8.80,1.00
2010.06.17 16:29:46.053,0.8892,0.88965,2.40,1.00
2010.06.17 16:29:46.303,0.88915,0.8896,1.60,8.00
2010.06.17 16:29:46.817,0.88915,0.8896,1.20,8.00
2010.06.17 16:29:47.025,0.8892,0.8896,4.00,4.00
2010.06.17 16:29:47.235,0.88925,0.88965,1.10,2.60
2010.06.17 16:29:47.444,0.8892,0.8896,1.00,1.00
2010.06.17 16:29:47.993,0.88915,0.8896,10.70,1.00
2010.06.17 16:29:48.233,0.88915,0.8896,9.10,1.90
2010.06.17 16:29:51.211,0.8891,0.8896,9.60,10.40
2010.06.17 16:29:51.334,0.8891,0.88955,9.60,1.00
2010.06.17 16:29:52.092,0.88915,0.88955,4.00,1.00
2010.06.17 16:29:52.433,0.88915,0.88955,5.10,1.00
2010.06.17 16:29:54.665,0.88915,0.88945,5.10,1.60
2010.06.17 16:29:55.229,0.8891,0.88945,5.60,1.60
2010.06.17 16:29:55.506,0.88915,0.8896,5.10,1.00
2010.06.17 16:30:00.880,0.8892,0.8896,2.40,1.00
2010.06.17 16:30:01.476,0.8892,0.8896,2.40,1.00
2010.06.17 16:30:01.763,0.8891,0.88955,4.80,8.00
2010.06.17 16:30:02.459,0.8891,0.88955,3.20,9.60
2010.06.17 16:30:04.386,0.8891,0.88955,4.80,5.70
2010.06.17 16:30:04.727,0.88915,0.8895,1.10,1.60
2010.06.17 16:30:04.935,0.8891,0.8895,5.90,1.60
2010.06.17 16:30:05.364,0.8891,0.8895,13.90,1.60
2010.06.17 16:30:05.576,0.8891,0.8895,4.80,5.60
2010.06.17 16:30:05.783,0.8891,0.8895,3.20,5.60
2010.06.17 16:30:06.269,0.8891,0.8895,3.00,5.60
2010.06.17 16:30:07.160,0.8891,0.8895,3.00,5.60
2010.06.17 16:30:07.442,0.8891,0.8895,3.00,4.00
2010.06.17 16:30:08.155,0.8891,0.88955,4.30,6.50
2010.06.17 16:30:09.303,0.8891,0.88945,1.00,1.60
2010.06.17 16:30:09.936,0.88905,0.88955,11.60,9.20
2010.06.17 16:30:10.218,0.88915,0.88955,2.30,2.40
2010.06.17 16:30:10.796,0.88915,0.88955,1.00,2.40
2010.06.17 16:30:11.084,0.8891,0.88955,3.90,6.40
2010.06.17 16:30:11.844,0.889,0.88945,3.90,5.60
2010.06.17 16:30:12.043,0.889,0.88945,1.50,5.60
2010.06.17 16:30:13.263,0.889,0.88945,11.10,1.60
2010.06.17 16:30:13.984,0.8891,0.88955,8.20,2.50
2010.06.17 16:30:14.103,0.8891,0.88955,8.00,2.50
2010.06.17 16:30:14.682,0.88915,0.88955,1.60,2.50
2010.06.17 16:30:14.793,0.88915,0.88955,2.30,2.50
2010.06.17 16:30:15.073,0.88915,0.88955,2.30,1.70
2010.06.17 16:30:15.632,0.88915,0.88955,2.30,1.60
2010.06.17 16:30:16.077,0.88915,0.8896,2.30,8.80
2010.06.17 16:30:16.214,0.8892,0.8896,3.10,1.00
2010.06.17 16:30:16.893,0.88915,0.8896,5.10,4.80
2010.06.17 16:30:17.352,0.88915,0.8896,1.10,8.80
2010.06.17 16:30:18.104,0.88915,0.8896,1.10,8.80
2010.06.17 16:30:23.452,0.88915,0.8896,1.10,8.80
2010.06.17 16:30:23.532,0.88915,0.8896,2.70,8.80
2010.06.17 16:30:23.612,0.88915,0.8896,10.70,1.00
2010.06.17 16:30:23.693,0.8892,0.8896,3.10,1.00
2010.06.17 16:30:24.071,0.8892,0.8896,3.10,1.60
2010.06.17 16:30:24.364,0.8892,0.8895,2.40,1.60
2010.06.17 16:30:24.664,0.88905,0.88945,5.20,1.60
2010.06.17 16:30:25.263,0.8891,0.8895,4.70,2.40
2010.06.17 16:30:25.403,0.8891,0.8895,2.30,2.40
2010.06.17 16:30:25.543,0.8891,0.88945,1.00,1.60
2010.06.17 16:30:25.683,0.88905,0.88945,5.10,1.60
2010.06.17 16:30:26.232,0.88905,0.88945,5.40,1.60
2010.06.17 16:30:27.952,0.88905,0.88945,5.60,1.60
2010.06.17 16:30:28.083,0.88905,0.88945,5.60,1.70
2010.06.17 16:30:29.193,0.88905,0.88945,1.60,1.70
2010.06.17 16:30:29.533,0.88905,0.88945,1.00,2.50
2010.06.17 16:30:30.614,0.88905,0.88945,1.00,1.70
2010.06.17 16:30:33.763,0.88905,0.88945,1.00,2.50
2010.06.17 16:30:34.587,0.88905,0.88945,1.00,1.70
2010.06.17 16:30:39.424,0.8891,0.88945,1.60,1.60
2010.06.17 16:30:39.860,0.88905,0.88945,1.00,1.60
2010.06.17 16:30:39.967,0.889,0.88945,7.10,9.60
2010.06.17 16:30:40.276,0.8891,0.88945,4.90,8.00
2010.06.17 16:30:40.584,0.8891,0.88955,4.90,10.80
2010.06.17 16:30:40.883,0.8891,0.88955,5.70,10.80
2010.06.17 16:30:41.575,0.8891,0.88955,6.90,1.70
2010.06.17 16:30:41.843,0.8891,0.88955,1.00,10.30
2010.06.17 16:30:46.871,0.88905,0.88955,10.50,11.10
2010.06.17 16:30:49.167,0.88905,0.88945,1.00,1.60
2010.06.17 16:30:49.515,0.88905,0.88945,1.00,1.60
2010.06.17 16:30:49.695,0.88905,0.8895,1.80,8.00
2010.06.17 16:30:53.652,0.88905,0.8895,5.80,4.00
2010.06.17 16:30:53.702,0.88905,0.88955,9.80,11.00
2010.06.17 16:30:54.393,0.88905,0.88955,10.60,11.00
2010.06.17 16:30:54.693,0.8891,0.88955,5.60,3.10
2010.06.17 16:30:54.995,0.8891,0.88955,4.00,2.90
2010.06.17 16:30:55.305,0.8891,0.88955,8.90,2.50
2010.06.17 16:30:55.614,0.8891,0.88955,8.00,2.90
2010.06.17 16:30:56.133,0.8891,0.88955,8.00,3.10
2010.06.17 16:30:56.476,0.8891,0.88955,4.90,11.20
2010.06.17 16:30:56.696,0.88905,0.88945,1.60,1.60
2010.06.17 16:30:56.992,0.88905,0.88945,1.00,1.60
2010.06.17 16:30:58.045,0.88905,0.8895,1.00,9.30
2010.06.17 16:30:58.346,0.88905,0.88955,9.70,11.60
2010.06.17 16:30:58.452,0.88905,0.88955,9.70,11.80
2010.06.17 16:30:58.553,0.88905,0.88955,9.70,11.90
2010.06.17 16:30:58.652,0.88905,0.88955,10.50,11.10
2010.06.17 16:31:01.695,0.88905,0.88955,10.50,10.90
2010.06.17 16:31:01.793,0.88905,0.88955,10.50,11.70
2010.06.17 16:31:01.852,0.88905,0.8895,10.00,1.00
2010.06.17 16:31:01.912,0.88905,0.8895,6.00,4.50
2010.06.17 16:31:01.972,0.88905,0.8895,2.00,8.50
2010.06.17 16:31:02.424,0.88905,0.88945,2.00,1.60
2010.06.17 16:31:05.402,0.88905,0.88945,1.70,1.60
2010.06.17 16:31:06.211,0.88905,0.88945,2.50,1.60
2010.06.17 16:31:06.302,0.88905,0.88945,2.60,1.60
2010.06.17 16:31:06.393,0.8891,0.88945,5.60,1.60
2010.06.17 16:31:06.482,0.8891,0.88945,9.60,1.60
2010.06.17 16:31:06.573,0.8891,0.88945,10.50,1.60
2010.06.17 16:31:06.663,0.88915,0.88945,1.00,1.60
2010.06.17 16:31:06.844,0.8891,0.88945,1.00,1.60
2010.06.17 16:31:06.933,0.8891,0.88945,4.90,1.60
2010.06.17 16:31:07.023,0.8891,0.88945,11.00,1.60
2010.06.17 16:31:07.113,0.8891,0.88945,13.40,1.60
2010.06.17 16:31:07.202,0.8891,0.88945,14.20,1.60
2010.06.17 16:31:07.542,0.8891,0.88945,14.10,1.60
2010.06.17 16:31:08.403,0.8891,0.88945,11.60,1.60
2010.06.17 16:31:08.663,0.88905,0.88945,2.40,1.60
2010.06.17 16:31:08.764,0.88905,0.88945,1.00,1.60
2010.06.17 16:31:08.972,0.88905,0.8895,1.70,8.00
2010.06.17 16:31:09.072,0.88905,0.8895,5.70,4.00
2010.06.17 16:31:09.173,0.88905,0.88955,9.70,11.30
2010.06.17 16:31:09.652,0.8891,0.88955,1.00,11.30
2010.06.17 16:31:10.564,0.8891,0.88955,1.00,11.50
2010.06.17 16:31:12.923,0.8891,0.88955,1.60,11.30
2010.06.17 16:31:12.982,0.8892,0.88955,1.60,7.30
2010.06.17 16:31:13.042,0.8892,0.88955,1.60,3.30
2010.06.17 16:31:13.102,0.8892,0.88955,1.60,2.40
2010.06.17 16:31:13.232,0.8892,0.88955,1.60,1.60
2010.06.17 16:31:14.533,0.8891,0.88955,9.90,2.40
2010.06.17 16:31:15.790,0.8891,0.88955,9.90,2.50
2010.06.17 16:31:19.389,0.8891,0.88955,9.90,1.70
2010.06.17 16:31:21.552,0.8891,0.88955,9.90,1.60
2010.06.17 16:31:21.743,0.8892,0.88955,1.60,1.60
2010.06.17 16:31:26.593,0.8892,0.88955,7.20,1.60
2010.06.17 16:31:26.784,0.88925,0.88955,4.00,1.60
2010.06.17 16:31:26.974,0.88925,0.88965,6.50,2.40
2010.06.17 16:31:27.526,0.88925,0.88965,7.10,1.60
2010.06.17 16:31:30.062,0.88925,0.88965,7.20,1.60
2010.06.17 16:31:35.124,0.88925,0.88965,1.00,1.60
2010.06.17 16:31:35.353,0.8892,0.88965,9.10,2.40
2010.06.17 16:31:36.043,0.8892,0.88965,9.90,2.40
2010.06.17 16:31:36.556,0.8892,0.88965,9.90,2.90
2010.06.17 16:31:36.865,0.8892,0.88965,9.10,3.70
2010.06.17 16:31:38.835,0.88925,0.88965,1.00,3.60
2010.06.17 16:31:38.983,0.8892,0.88965,9.90,3.20
2010.06.17 16:31:39.132,0.88925,0.88965,5.60,3.20
2010.06.17 16:31:39.283,0.88925,0.88965,6.50,3.20
2010.06.17 16:31:39.432,0.88925,0.88965,6.50,2.40
2010.06.17 16:31:40.432,0.88925,0.88965,6.70,2.40
2010.06.17 16:31:51.184,0.88925,0.88965,6.50,2.40
2010.06.17 16:31:51.396,0.88925,0.88965,4.00,7.30
2010.06.17 16:31:51.453,0.8892,0.88965,3.80,11.30
2010.06.17 16:31:51.514,0.8892,0.88965,1.40,11.30
2010.06.17 16:31:51.572,0.88915,0.88965,7.30,11.70
2010.06.17 16:31:51.633,0.88915,0.8896,1.70,8.00
2010.06.17 16:31:54.272,0.88915,0.88955,1.70,1.60
2010.06.17 16:31:54.593,0.88915,0.88955,1.00,1.60
2010.06.17 16:31:54.752,0.88915,0.8896,1.70,10.40
2010.06.17 16:31:54.912,0.88915,0.8896,1.70,8.00
2010.06.17 16:31:55.796,0.88915,0.88955,1.70,1.60
2010.06.17 16:31:56.035,0.88915,0.88955,1.00,1.60
2010.06.17 16:31:57.462,0.88915,0.8896,1.70,8.00
2010.06.17 16:31:57.724,0.88915,0.88965,1.70,12.80
2010.06.17 16:31:59.404,0.88915,0.88965,1.70,11.50
2010.06.17 16:32:02.220,0.88915,0.88965,1.70,12.30
2010.06.17 16:32:07.155,0.8892,0.88965,1.00,10.80
2010.06.17 16:32:07.427,0.8892,0.88965,8.90,2.80
2010.06.17 16:32:08.834,0.8892,0.88965,8.90,2.90
2010.06.17 16:32:09.084,0.8892,0.88965,8.90,2.50
2010.06.17 16:32:09.343,0.8892,0.88965,9.10,2.50
2010.06.17 16:32:10.799,0.8892,0.88965,8.90,2.50
2010.06.17 16:32:10.973,0.8892,0.88955,2.50,1.60
2010.06.17 16:32:11.154,0.8892,0.88965,8.90,3.70
2010.06.17 16:32:11.514,0.8892,0.88955,1.60,1.60
2010.06.17 16:32:12.320,0.88915,0.88955,1.00,1.60
2010.06.17 16:32:13.696,0.88915,0.8896,1.00,11.80
2010.06.17 16:32:13.986,0.88915,0.8896,5.70,1.00
2010.06.17 16:32:14.275,0.8892,0.88965,3.30,13.90
2010.06.17 16:32:14.555,0.8892,0.8896,3.30,1.00
2010.06.17 16:32:15.029,0.88915,0.8896,6.60,1.00
2010.06.17 16:32:15.303,0.88915,0.8896,6.60,1.00
2010.06.17 16:32:16.075,0.88915,0.8896,6.70,1.00
2010.06.17 16:32:20.735,0.88915,0.8896,6.50,1.00
2010.06.17 16:32:20.862,0.88915,0.8896,6.50,1.00
2010.06.17 16:32:21.204,0.88915,0.88955,5.60,1.60
2010.06.17 16:32:22.016,0.88915,0.8896,5.70,5.20
2010.06.17 16:32:22.173,0.88915,0.8896,4.80,5.10
2010.06.17 16:32:22.333,0.88915,0.8896,1.00,13.10
2010.06.17 16:32:22.493,0.88915,0.88955,1.00,1.60
2010.06.17 16:32:22.955,0.8891,0.88955,9.90,1.60
2010.06.17 16:32:23.114,0.8891,0.88955,9.90,1.70
2010.06.17 16:32:29.373,0.88915,0.88955,1.00,1.70
2010.06.17 16:32:36.253,0.88915,0.88955,1.30,1.60
2010.06.17 16:32:36.465,0.8892,0.88955,1.60,1.60
2010.06.17 16:32:37.030,0.8892,0.88965,9.50,3.90
2010.06.17 16:32:37.245,0.8892,0.88965,9.70,1.70
2010.06.17 16:32:38.061,0.8892,0.88965,9.70,1.60
2010.06.17 16:32:39.114,0.8892,0.88965,9.90,1.70
2010.06.17 16:32:40.083,0.8892,0.88965,10.60,2.50
2010.06.17 16:32:40.914,0.8892,0.88955,3.10,1.60
2010.06.17 16:32:41.222,0.8892,0.88955,2.40,1.60
2010.06.17 16:32:41.824,0.8892,0.88955,1.60,1.60
2010.06.17 16:32:42.455,0.88915,0.88955,1.00,1.60
2010.06.17 16:32:43.045,0.88915,0.88955,1.00,1.70
2010.06.17 16:32:43.223,0.88915,0.88955,1.00,1.60
2010.06.17 16:32:43.312,0.88915,0.88955,1.30,1.60
2010.06.17 16:32:43.403,0.8892,0.88955,1.60,1.60
2010.06.17 16:32:45.184,0.8892,0.88955,1.60,1.60
2010.06.17 16:32:46.774,0.8892,0.88955,1.60,1.70
2010.06.17 16:32:47.331,0.88915,0.88955,4.80,1.60
2010.06.17 16:32:47.466,0.88905,0.88955,10.70,11.50
2010.06.17 16:32:48.181,0.88905,0.8895,10.70,1.00
2010.06.17 16:32:49.393,0.88905,0.8895,11.50,1.00
2010.06.17 16:32:49.583,0.8892,0.88955,1.60,7.30
2010.06.17 16:32:49.683,0.8892,0.88955,1.60,1.70
2010.06.17 16:32:50.171,0.8892,0.88955,1.60,2.50
2010.06.17 16:32:50.277,0.88905,0.88945,2.10,1.60
2010.06.17 16:32:50.373,0.88905,0.88945,1.70,1.60
2010.06.17 16:32:50.473,0.88905,0.8895,2.50,8.10
2010.06.17 16:32:50.572,0.88905,0.8895,10.50,1.00
2010.06.17 16:32:50.701,0.8891,0.8895,1.00,1.00
2010.06.17 16:32:54.202,0.8891,0.88945,1.00,1.60
2010.06.17 16:32:54.353,0.88905,0.88945,1.00,1.60
2010.06.17 16:32:54.533,0.88905,0.88945,4.90,1.60
2010.06.17 16:32:54.624,0.88915,0.8895,1.60,1.00
2010.06.17 16:32:54.713,0.88915,0.88955,1.60,2.80
2010.06.17 16:32:54.802,0.88915,0.88955,1.60,2.00
2010.06.17 16:32:54.894,0.88915,0.88955,1.60,2.10
2010.06.17 16:32:54.983,0.8891,0.88955,10.30,1.70
2010.06.17 16:32:55.072,0.8891,0.88955,9.70,2.70
2010.06.17 16:32:55.163,0.8891,0.88955,5.60,6.70
2010.06.17 16:32:55.252,0.8891,0.88955,1.60,10.70
2010.06.17 16:32:55.721,0.8891,0.88955,2.00,10.70
2010.06.17 16:32:56.063,0.8891,0.88955,1.00,10.70
2010.06.17 16:32:56.403,0.8891,0.8895,1.00,1.00
2010.06.17 16:32:59.282,0.8891,0.88955,1.00,10.70
2010.06.17 16:32:59.432,0.8891,0.88955,5.70,5.70
2010.06.17 16:32:59.583,0.8891,0.88955,9.70,1.70
2010.06.17 16:32:59.772,0.88915,0.88955,1.00,1.70
2010.06.17 16:32:59.963,0.88915,0.8896,5.70,5.70
2010.06.17 16:33:00.153,0.88915,0.8896,5.70,1.00
2010.06.17 16:33:00.342,0.88915,0.8896,5.70,1.00
2010.06.17 16:33:01.094,0.88915,0.8896,5.70,1.00
2010.06.17 16:33:02.051,0.88915,0.8896,5.80,1.00
2010.06.17 16:33:02.333,0.88915,0.8896,5.90,1.00
2010.06.17 16:33:04.832,0.88915,0.8896,6.70,1.00
2010.06.17 16:33:05.327,0.88915,0.8896,6.70,4.10
2010.06.17 16:33:05.527,0.88915,0.88955,1.00,1.60
2010.06.17 16:33:06.123,0.88915,0.88955,1.00,1.70
2010.06.17 16:33:12.761,0.8892,0.88955,4.90,1.60
2010.06.17 16:33:13.107,0.8892,0.88955,2.50,1.60
2010.06.17 16:33:13.826,0.8893,0.88955,1.60,1.60
2010.06.17 16:33:14.165,0.88925,0.88965,1.60,10.10
2010.06.17 16:33:14.504,0.88925,0.88965,3.30,1.60
2010.06.17 16:33:15.185,0.8893,0.8897,1.00,4.00
2010.06.17 16:33:15.959,0.8893,0.88975,9.70,3.50
2010.06.17 16:33:16.125,0.8893,0.88975,3.40,11.40
2010.06.17 16:33:16.285,0.8893,0.88975,9.90,2.40
2010.06.17 16:33:16.445,0.8893,0.88975,13.70,2.70
2010.06.17 16:33:16.603,0.8893,0.88975,1.70,10.70
2010.06.17 16:33:18.125,0.8893,0.8897,1.70,1.00
2010.06.17 16:33:20.583,0.8893,0.8897,1.70,1.00
2010.06.17 16:33:20.834,0.88925,0.88965,4.10,1.60
2010.06.17 16:33:21.093,0.88925,0.88965,3.30,1.60
2010.06.17 16:33:22.442,0.88925,0.88965,3.50,1.60
2010.06.17 16:33:23.092,0.88925,0.88965,3.40,1.60
2010.06.17 16:33:23.753,0.88925,0.88965,3.50,1.60
2010.06.17 16:33:24.074,0.8893,0.8897,1.00,8.00
2010.06.17 16:33:24.530,0.8893,0.8897,1.00,4.00
2010.06.17 16:33:24.745,0.8893,0.88975,1.00,11.50
2010.06.17 16:33:25.374,0.8893,0.88975,1.10,11.50
2010.06.17 16:33:26.104,0.8893,0.8897,1.00,1.00
2010.06.17 16:33:33.035,0.8893,0.88975,1.00,11.50
2010.06.17 16:33:33.118,0.8893,0.88975,4.90,7.50
2010.06.17 16:33:33.183,0.8893,0.88975,8.90,3.50
2010.06.17 16:33:33.252,0.8893,0.88975,11.30,3.50
2010.06.17 16:33:33.326,0.8893,0.88975,12.90,3.50
2010.06.17 16:33:33.393,0.8893,0.88975,13.70,2.30
2010.06.17 16:33:33.812,0.8893,0.88975,13.70,1.70
2010.06.17 16:33:34.654,0.8893,0.88975,13.90,1.70
2010.06.17 16:33:36.782,0.8893,0.88975,13.70,1.70
2010.06.17 16:33:36.883,0.8893,0.88975,1.70,9.70
2010.06.17 16:33:36.982,0.8893,0.88975,1.70,10.30
2010.06.17 16:33:37.521,0.8893,0.88975,8.10,6.30
2010.06.17 16:33:37.740,0.8893,0.88975,2.30,10.70
2010.06.17 16:33:39.195,0.8893,0.8897,2.30,1.00
2010.06.17 16:33:40.225,0.88935,0.88975,2.50,9.60
2010.06.17 16:33:40.463,0.88935,0.88975,2.50,1.60
2010.06.17 16:33:40.703,0.88935,0.88975,3.30,1.60
2010.06.17 16:33:41.136,0.88935,0.88975,3.40,1.60
2010.06.17 16:33:41.373,0.88935,0.88975,3.50,1.60
2010.06.17 16:33:42.113,0.88935,0.88975,3.30,1.60
2010.06.17 16:33:42.553,0.88935,0.88975,3.30,1.70
2010.06.17 16:33:42.684,0.88935,0.88975,1.00,3.50
2010.06.17 16:33:42.825,0.8893,0.8897,1.00,4.90
2010.06.17 16:33:43.451,0.88925,0.8897,1.00,4.90
2010.06.17 16:33:43.588,0.88945,0.8897,1.00,4.00
2010.06.17 16:33:43.917,0.8893,0.88975,1.70,4.90
2010.06.17 16:33:44.246,0.8893,0.88975,9.70,1.00
2010.06.17 16:33:44.576,0.8893,0.8898,9.70,13.10
2010.06.17 16:33:44.908,0.88925,0.88975,4.80,12.10
2010.06.17 16:33:45.356,0.88925,0.8897,1.00,4.00
2010.06.17 16:33:47.101,0.88925,0.8897,1.00,4.10
2010.06.17 16:33:52.133,0.88925,0.8897,8.80,1.00
2010.06.17 16:33:53.593,0.88925,0.88975,9.70,11.50
2010.06.17 16:33:54.444,0.88925,0.88975,9.70,12.30
2010.06.17 16:33:54.866,0.88925,0.8897,1.00,4.00
2010.06.17 16:33:55.893,0.88925,0.88975,9.30,11.90
2010.06.17 16:33:56.112,0.88925,0.88975,9.30,11.10
2010.06.17 16:33:57.050,0.88925,0.88975,9.40,11.00
2010.06.17 16:33:57.723,0.88925,0.88975,9.30,11.10
2010.06.17 16:34:00.132,0.88925,0.88975,9.30,11.90
2010.06.17 16:34:00.343,0.88925,0.8897,1.00,4.00
2010.06.17 16:34:01.130,0.88925,0.8897,1.00,4.10
2010.06.17 16:34:01.504,0.88925,0.8897,1.00,7.30
2010.06.17 16:34:01.734,0.8892,0.8896,1.70,4.00
2010.06.17 16:34:01.965,0.8892,0.8896,8.10,4.00
2010.06.17 16:34:02.410,0.8892,0.88965,12.10,1.00
2010.06.17 16:34:02.645,0.8892,0.8897,12.10,8.80
2010.06.17 16:34:03.072,0.8892,0.8897,12.10,8.90
2010.06.17 16:34:07.525,0.8892,0.88965,8.10,4.00
2010.06.17 16:34:07.642,0.8892,0.88965,4.10,8.00
2010.06.17 16:34:10.839,0.8892,0.88965,8.10,4.00
2010.06.17 16:34:10.864,0.8892,0.88965,8.10,5.60
2010.06.17 16:34:11.124,0.88925,0.88965,3.30,1.60
2010.06.17 16:34:11.857,0.8893,0.88965,1.60,1.60
2010.06.17 16:34:12.198,0.88925,0.8896,2.40,1.60
2010.06.17 16:34:15.125,0.88925,0.8896,2.40,1.60
2010.06.17 16:34:16.584,0.88925,0.8896,2.40,1.00
2010.06.17 16:34:16.884,0.88925,0.88965,4.00,1.60
2010.06.17 16:34:18.866,0.88925,0.88965,3.50,1.60
2010.06.17 16:34:22.470,0.88925,0.88965,3.40,1.60
2010.06.17 16:34:22.673,0.88925,0.88965,7.50,1.60
2010.06.17 16:34:22.773,0.88925,0.8897,11.50,1.00
2010.06.17 16:34:22.973,0.88925,0.88975,11.50,7.60
2010.06.17 16:34:23.303,0.88925,0.88975,11.30,7.60
2010.06.17 16:34:23.737,0.88925,0.8897,11.30,1.60
2010.06.17 16:34:23.996,0.88925,0.8897,7.30,1.60
2010.06.17 16:34:24.513,0.88925,0.8897,7.50,1.60
2010.06.17 16:34:24.775,0.8893,0.8897,2.50,1.60
2010.06.17 16:34:25.533,0.8893,0.8897,1.00,1.60
2010.06.17 16:34:25.875,0.88925,0.8897,7.30,1.70
2010.06.17 16:34:26.083,0.88925,0.88975,11.50,2.90
2010.06.17 16:34:26.632,0.8893,0.88975,1.00,2.40
2010.06.17 16:34:27.592,0.8893,0.88975,4.90,2.40
2010.06.17 16:34:27.722,0.8893,0.88975,8.90,2.40
2010.06.17 16:34:28.671,0.88935,0.88975,1.60,2.40
2010.06.17 16:34:28.814,0.88935,0.88975,2.50,2.40
2010.06.17 16:34:31.113,0.88935,0.88975,2.70,2.40
2010.06.17 16:34:42.247,0.8893,0.88975,1.00,3.20
2010.06.17 16:34:42.353,0.8893,0.88975,1.00,4.00
2010.06.17 16:34:42.453,0.8893,0.88975,1.00,3.60
2010.06.17 16:34:42.653,0.8893,0.88975,1.00,3.70
2010.06.17 16:34:42.752,0.8893,0.88965,1.00,1.60
2010.06.17 16:34:43.002,0.88925,0.88965,3.30,1.60
2010.06.17 16:34:44.853,0.88925,0.88965,3.40,1.60
2010.06.17 16:34:44.933,0.88925,0.88965,3.50,1.60
2010.06.17 16:34:51.659,0.8893,0.88965,1.30,1.60
2010.06.17 16:34:51.896,0.88935,0.8897,1.60,1.60
2010.06.17 16:34:53.375,0.88935,0.88975,2.50,2.40
2010.06.17 16:34:54.033,0.88935,0.88975,2.50,2.10
2010.06.17 16:34:54.834,0.88935,0.88975,2.70,2.10
2010.06.17 16:35:03.432,0.88935,0.88975,2.70,1.60
2010.06.17 16:35:06.952,0.88935,0.88975,6.70,1.60
2010.06.17 16:35:07.154,0.8894,0.88975,1.00,1.60
2010.06.17 16:35:07.352,0.8894,0.88975,2.50,1.60
2010.06.17 16:35:08.684,0.88935,0.88975,3.40,1.60
2010.06.17 16:35:12.814,0.88925,0.88975,11.30,11.30
2010.06.17 16:35:12.973,0.88925,0.88975,10.50,11.30
2010.06.17 16:35:13.139,0.88925,0.8897,6.50,4.00
2010.06.17 16:35:13.653,0.88925,0.8897,2.50,8.00
2010.06.17 16:35:13.819,0.8894,0.8898,4.50,3.20
2010.06.17 16:35:14.165,0.88935,0.8898,1.00,8.80
2010.06.17 16:35:17.176,0.88935,0.8898,1.00,8.80
2010.06.17 16:35:17.314,0.88935,0.88975,1.00,8.00
2010.06.17 16:35:17.593,0.8893,0.88975,4.90,8.00
2010.06.17 16:35:17.733,0.8893,0.88975,4.20,8.00
2010.06.17 16:35:18.217,0.8893,0.88975,5.80,8.00
2010.06.17 16:35:18.324,0.88935,0.88975,1.00,1.00
2010.06.17 16:35:19.142,0.8893,0.88975,8.90,1.00
2010.06.17 16:35:19.252,0.8893,0.88975,3.30,8.80
2010.06.17 16:35:20.086,0.88925,0.8897,1.90,8.00
2010.06.17 16:35:21.124,0.88925,0.8897,1.70,8.00
2010.06.17 16:35:25.905,0.88925,0.8897,1.70,4.00
2010.06.17 16:35:26.143,0.88925,0.88975,5.70,11.10
2010.06.17 16:35:26.384,0.88925,0.88965,1.70,1.60
2010.06.17 16:35:26.624,0.88925,0.88965,1.00,1.60
2010.06.17 16:35:27.943,0.88925,0.88965,1.00,1.60
2010.06.17 16:35:28.559,0.88925,0.88975,9.80,11.40
2010.06.17 16:35:28.666,0.88925,0.88975,10.20,11.40
2010.06.17 16:35:29.073,0.88925,0.8897,10.30,1.00
2010.06.17 16:35:29.293,0.88925,0.8897,10.10,1.00
2010.06.17 16:35:29.443,0.88925,0.8897,2.10,8.10
2010.06.17 16:35:29.595,0.88925,0.88965,1.00,1.60
2010.06.17 16:35:31.093,0.88925,0.88965,1.00,1.70
2010.06.17 16:35:31.673,0.88925,0.88965,4.80,1.70
2010.06.17 16:35:31.814,0.8893,0.8897,8.50,1.00
2010.06.17 16:35:31.945,0.8893,0.88965,2.10,1.60
2010.06.17 16:35:32.205,0.88925,0.88965,2.40,1.60
2010.06.17 16:35:33.153,0.88925,0.88965,2.40,1.60
2010.06.17 16:35:34.196,0.88925,0.88965,2.40,1.70
2010.06.17 16:35:41.176,0.88925,0.88965,1.00,1.70
2010.06.17 16:35:44.873,0.88925,0.88965,1.00,1.60
2010.06.17 16:35:45.034,0.8893,0.88965,1.00,1.60
2010.06.17 16:35:45.195,0.8893,0.8897,1.00,1.60
2010.06.17 16:35:46.133,0.88925,0.8897,5.90,1.60
2010.06.17 16:35:47.068,0.88925,0.8897,5.90,1.70
2010.06.17 16:35:47.295,0.88925,0.8897,5.70,1.70
2010.06.17 16:35:47.604,0.8893,0.8896,1.00,1.60
2010.06.17 16:35:48.177,0.88935,0.8897,2.50,2.00
2010.06.17 16:35:48.344,0.88935,0.88965,1.00,1.60
2010.06.17 16:35:48.513,0.88925,0.88965,3.30,1.60
2010.06.17 16:35:48.683,0.88925,0.88965,4.30,1.60
2010.06.17 16:35:48.853,0.8893,0.88965,1.00,1.60
2010.06.17 16:35:49.434,0.8893,0.8897,1.00,1.60
2010.06.17 16:35:51.163,0.8893,0.8897,1.10,1.60
2010.06.17 16:35:53.067,0.88925,0.8897,1.90,5.60
2010.06.17 16:35:54.314,0.88925,0.8897,1.90,5.70
2010.06.17 16:35:55.874,0.8893,0.8897,1.00,1.60
2010.06.17 16:35:56.153,0.88925,0.8897,1.90,5.60
2010.06.17 16:35:57.042,0.88925,0.8897,1.80,5.60
2010.06.17 16:35:57.283,0.88925,0.8897,1.90,5.70
2010.06.17 16:35:58.493,0.88925,0.8897,1.10,6.50
2010.06.17 16:36:08.263,0.88925,0.8897,1.10,7.20
2010.06.17 16:36:08.383,0.88925,0.8897,1.10,8.40
2010.06.17 16:36:08.503,0.88925,0.8897,1.00,8.40
2010.06.17 16:36:08.624,0.88925,0.88965,1.00,1.60
2010.06.17 16:36:08.984,0.8892,0.88965,9.90,1.60
2010.06.17 16:36:09.499,0.88925,0.8897,1.00,10.50
2010.06.17 16:36:09.839,0.88925,0.8897,1.00,6.50
2010.06.17 16:36:10.189,0.88925,0.8897,1.10,6.50
2010.06.17 16:36:10.527,0.8893,0.8897,1.00,6.40
2010.06.17 16:36:11.162,0.88945,0.88975,1.60,1.00
2010.06.17 16:36:11.507,0.88935,0.8897,2.50,1.60
2010.06.17 16:36:12.902,0.88935,0.8897,2.70,1.60
2010.06.17 16:36:13.053,0.88935,0.8898,6.70,7.70
2010.06.17 16:36:13.203,0.88935,0.8898,10.70,2.50
2010.06.17 16:36:13.690,0.88935,0.8898,10.50,2.40
2010.06.17 16:36:13.758,0.88935,0.8898,1.80,10.40
2010.06.17 16:36:13.813,0.88935,0.8898,1.80,10.90
2010.06.17 16:36:13.992,0.88935,0.8898,1.00,13.30
2010.06.17 16:36:14.053,0.88935,0.8898,1.00,13.30
2010.06.17 16:36:14.172,0.88935,0.88975,1.00,4.00
2010.06.17 16:36:14.589,0.8893,0.88975,1.70,4.00
2010.06.17 16:36:15.466,0.8893,0.8897,1.00,6.10
2010.06.17 16:36:15.806,0.88925,0.8896,1.00,1.60
2010.06.17 16:36:16.045,0.88925,0.8896,1.00,1.60
2010.06.17 16:36:18.364,0.88925,0.8896,2.40,1.60
2010.06.17 16:36:18.564,0.88925,0.8896,2.90,1.60
2010.06.17 16:36:18.754,0.88925,0.8897,10.90,2.10
2010.06.17 16:36:18.954,0.88925,0.8897,10.90,1.70
2010.06.17 16:36:19.212,0.88925,0.8897,11.10,1.60
2010.06.17 16:36:20.303,0.88925,0.8897,10.90,1.70
2010.06.17 16:36:21.183,0.88925,0.8897,11.10,1.70
2010.06.17 16:36:23.096,0.8893,0.8897,1.00,1.70
2010.06.17 16:36:23.433,0.8893,0.8897,1.00,1.60
2010.06.17 16:36:23.533,0.88925,0.8897,11.70,1.70
2010.06.17 16:36:23.633,0.88925,0.8897,2.10,5.70
2010.06.17 16:36:23.747,0.88925,0.8897,2.50,6.70
2010.06.17 16:36:24.266,0.88925,0.8897,1.70,6.70
2010.06.17 16:36:25.073,0.88925,0.88965,1.70,1.00
2010.06.17 16:36:36.062,0.88925,0.8896,3.30,1.60
2010.06.17 16:36:36.159,0.88925,0.8896,2.40,1.60
2010.06.17 16:36:36.513,0.88925,0.8896,1.00,1.60
2010.06.17 16:36:36.809,0.8892,0.8896,1.00,1.60
2010.06.17 16:36:37.006,0.8892,0.8896,1.20,1.60
2010.06.17 16:36:37.433,0.8892,0.8896,2.00,1.60
2010.06.17 16:36:37.857,0.8892,0.8896,4.40,1.60
2010.06.17 16:36:38.198,0.88925,0.88965,1.60,1.70
2010.06.17 16:36:38.443,0.8892,0.8896,8.50,1.60
2010.06.17 16:36:38.502,0.8892,0.8896,4.50,1.60
2010.06.17 16:36:38.563,0.8892,0.8896,4.40,1.60
2010.06.17 16:36:38.623,0.8892,0.8896,2.00,1.60
2010.06.17 16:36:39.043,0.8892,0.88965,2.00,9.60
2010.06.17 16:36:39.163,0.88925,0.88965,1.00,9.60
2010.06.17 16:36:39.283,0.88925,0.88965,1.00,5.60
2010.06.17 16:36:39.544,0.88925,0.8897,1.00,11.50
2010.06.17 16:36:40.294,0.88925,0.88965,1.00,1.00
2010.06.17 16:36:40.414,0.88925,0.88965,1.00,1.00
2010.06.17 16:36:41.301,0.88925,0.8897,1.00,11.30
2010.06.17 16:36:41.422,0.8893,0.8897,1.00,10.40
2010.06.17 16:36:41.633,0.88935,0.8897,1.60,10.40
2010.06.17 16:36:41.844,0.88925,0.8896,3.20,1.60
2010.06.17 16:36:42.053,0.88925,0.8896,2.40,1.60
2010.06.17 16:36:42.263,0.88925,0.8897,3.50,9.70
2010.06.17 16:36:42.855,0.88925,0.8897,1.70,10.40
2010.06.17 16:36:43.097,0.88925,0.8897,1.70,10.70
2010.06.17 16:36:44.059,0.88925,0.88965,1.70,1.00
2010.06.17 16:36:46.888,0.8892,0.8896,12.00,1.60
2010.06.17 16:36:47.019,0.8892,0.8896,1.70,1.60
2010.06.17 16:36:47.489,0.8892,0.8896,1.00,1.60
2010.06.17 16:36:47.627,0.8892,0.88965,1.00,10.40
2010.06.17 16:36:47.756,0.8892,0.88965,3.20,8.80
2010.06.17 16:36:48.095,0.8892,0.8897,8.10,12.10
2010.06.17 16:36:48.863,0.8893,0.8897,1.00,5.60
2010.06.17 16:36:48.987,0.8893,0.8897,8.50,1.00
2010.06.17 16:36:49.106,0.8893,0.88965,8.00,2.10
2010.06.17 16:36:49.226,0.8892,0.88965,4.80,2.10
2010.06.17 16:36:49.463,0.8892,0.8897,5.70,12.30
2010.06.17 16:36:50.003,0.88925,0.8897,4.00,4.30
2010.06.17 16:36:51.142,0.88925,0.8897,4.00,4.20
2010.06.17 16:36:51.793,0.88925,0.8897,4.80,4.20
2010.06.17 16:36:52.613,0.88925,0.8897,4.80,4.10
2010.06.17 16:36:52.913,0.88925,0.8897,9.30,1.00
2010.06.17 16:36:53.453,0.88925,0.88975,9.30,7.90
2010.06.17 16:36:53.553,0.88925,0.8897,4.80,1.00
2010.06.17 16:36:53.654,0.88925,0.8897,4.80,3.40
2010.06.17 16:36:55.013,0.88925,0.8897,4.80,3.50
2010.06.17 16:36:55.323,0.88925,0.8897,1.00,11.50
2010.06.17 16:36:56.777,0.88925,0.8897,1.00,7.50
2010.06.17 16:36:56.994,0.8893,0.88975,4.90,4.80
2010.06.17 16:36:57.196,0.8893,0.8898,4.90,13.90
2010.06.17 16:36:57.393,0.8893,0.8898,5.70,13.90
2010.06.17 16:36:57.726,0.88935,0.8898,1.00,2.50
2010.06.17 16:37:00.183,0.88935,0.8898,1.00,2.40
2010.06.17 16:37:01.024,0.8893,0.8897,1.70,5.60
2010.06.17 16:37:01.294,0.8893,0.88975,1.00,1.00
2010.06.17 16:37:01.574,0.8893,0.8897,1.00,5.60
2010.06.17 16:37:02.053,0.88925,0.8897,1.70,5.60
2010.06.17 16:37:02.263,0.88925,0.8897,1.90,5.60
2010.06.17 16:37:02.960,0.88925,0.8897,1.00,13.70
2010.06.17 16:37:03.925,0.88925,0.8897,1.00,13.90
2010.06.17 16:37:04.154,0.88925,0.8897,1.70,6.50
2010.06.17 16:37:06.468,0.88925,0.8897,1.90,6.50
2010.06.17 16:37:08.728,0.88925,0.8897,3.50,6.40
2010.06.17 16:37:08.878,0.88935,0.8897,1.00,2.40
2010.06.17 16:37:09.026,0.8893,0.8897,1.00,1.60
2010.06.17 16:37:09.173,0.8893,0.8897,1.10,1.60
2010.06.17 16:37:09.821,0.8893,0.88975,1.10,5.30
2010.06.17 16:37:10.113,0.88935,0.88975,1.00,1.00
2010.06.17 16:37:12.113,0.88935,0.88975,1.10,1.00
2010.06.17 16:37:15.653,0.88935,0.88975,1.00,1.00
2010.06.17 16:37:17.973,0.88935,0.88975,1.00,1.00
2010.06.17 16:37:18.456,0.8893,0.8897,8.00,1.60
2010.06.17 16:37:18.567,0.88925,0.8897,1.70,5.60
2010.06.17 16:37:18.674,0.88925,0.88965,1.00,1.60
2010.06.17 16:37:18.863,0.8892,0.88965,9.90,1.60
2010.06.17 16:37:19.055,0.8892,0.88965,8.80,6.50
2010.06.17 16:37:19.253,0.88915,0.8896,5.40,1.00
2010.06.17 16:37:19.941,0.8892,0.8896,8.90,1.00
2010.06.17 16:37:20.181,0.8892,0.88965,8.90,2.40
2010.06.17 16:37:21.047,0.8892,0.88965,9.10,2.50
2010.06.17 16:37:22.166,0.88915,0.88965,6.70,11.50
2010.06.17 16:37:23.140,0.88915,0.88965,6.60,11.40
2010.06.17 16:37:24.014,0.88915,0.8896,7.20,1.00
2010.06.17 16:37:24.143,0.88915,0.8894,3.20,1.60
2010.06.17 16:37:24.274,0.88915,0.8894,1.00,1.60
2010.06.17 16:37:24.905,0.88905,0.88945,1.00,1.60
2010.06.17 16:37:25.458,0.88905,0.88945,1.70,1.60
2010.06.17 16:37:27.103,0.88905,0.88945,1.70,1.70
2010.06.17 16:37:30.663,0.88905,0.88945,1.70,1.60
2010.06.17 16:37:30.893,0.88905,0.8894,1.70,1.60
2010.06.17 16:37:31.124,0.8891,0.88945,1.60,1.60
2010.06.17 16:37:32.703,0.88905,0.88945,12.10,1.70
2010.06.17 16:37:32.913,0.88905,0.88945,1.70,1.70
2010.06.17 16:37:34.292,0.88905,0.88945,1.00,1.70
2010.06.17 16:37:34.453,0.88905,0.88945,1.00,1.60
2010.06.17 16:37:34.783,0.88905,0.8894,1.00,1.60
2010.06.17 16:37:35.003,0.889,0.8894,7.90,1.60
2010.06.17 16:37:35.115,0.889,0.8894,3.90,1.60
2010.06.17 16:37:36.284,0.889,0.8894,3.70,1.60
2010.06.17 16:37:36.475,0.889,0.8893,1.70,1.60
2010.06.17 16:37:36.675,0.88895,0.8894,1.60,13.70
2010.06.17 16:37:37.298,0.88895,0.8894,2.50,6.40
2010.06.17 16:37:38.863,0.88895,0.8894,3.30,5.60
2010.06.17 16:37:38.972,0.88895,0.8894,3.40,5.60
2010.06.17 16:37:39.083,0.88895,0.8894,3.50,5.60
2010.06.17 16:37:39.303,0.88895,0.88945,11.50,11.00
2010.06.17 16:37:39.413,0.889,0.88945,1.00,9.60
2010.06.17 16:37:46.959,0.88895,0.8894,3.30,5.60
2010.06.17 16:37:47.116,0.88905,0.8894,1.00,5.60
2010.06.17 16:37:47.425,0.88905,0.88945,1.00,4.90
2010.06.17 16:37:47.584,0.88895,0.8894,9.70,1.60
2010.06.17 16:37:47.734,0.88895,0.8894,3.30,5.60
2010.06.17 16:37:48.516,0.889,0.88945,1.00,8.80
2010.06.17 16:37:49.534,0.88895,0.8894,3.30,4.80
2010.06.17 16:37:49.763,0.88895,0.8894,3.10,6.40
2010.06.17 16:37:50.570,0.88895,0.8894,3.20,6.40
2010.06.17 16:37:50.814,0.889,0.8894,1.00,4.80
2010.06.17 16:37:51.383,0.88895,0.8894,10.50,1.00
2010.06.17 16:37:51.525,0.889,0.8894,2.50,1.60
2010.06.17 16:37:53.042,0.889,0.8894,1.60,4.90
2010.06.17 16:37:53.163,0.88895,0.8893,2.40,1.60
2010.06.17 16:37:53.283,0.88895,0.8893,1.60,1.60
2010.06.17 16:37:54.674,0.88895,0.88935,1.60,1.00
2010.06.17 16:37:54.907,0.88895,0.88935,2.70,1.00
2010.06.17 16:37:57.050,0.88895,0.88935,2.50,1.00
2010.06.17 16:37:57.333,0.88895,0.8893,1.60,1.60
2010.06.17 16:37:59.139,0.88895,0.8893,1.60,1.60
2010.06.17 16:38:03.103,0.88895,0.8893,1.60,1.60
2010.06.17 16:38:05.234,0.88895,0.8893,1.70,1.60
2010.06.17 16:38:05.393,0.88895,0.88935,1.70,1.00
2010.06.17 16:38:05.464,0.88895,0.88935,2.70,1.00
2010.06.17 16:38:10.688,0.88895,0.88935,2.70,4.80
2010.06.17 16:38:10.844,0.88895,0.8893,1.60,1.60
2010.06.17 16:38:12.523,0.88895,0.8893,1.60,1.70
2010.06.17 16:38:12.744,0.88885,0.8892,1.60,1.60
2010.06.17 16:38:14.120,0.88885,0.8892,1.70,1.60
2010.06.17 16:38:15.175,0.88885,0.8892,1.60,1.60
2010.06.17 16:38:17.534,0.88885,0.8892,1.70,1.60
2010.06.17 16:38:17.723,0.88885,0.88925,2.70,1.00
2010.06.17 16:38:19.453,0.88885,0.8893,2.70,7.30
2010.06.17 16:38:19.642,0.88885,0.8893,2.70,6.50
2010.06.17 16:38:20.758,0.88885,0.88925,2.50,1.00
2010.06.17 16:38:21.077,0.88875,0.8891,2.40,1.60
2010.06.17 16:38:21.314,0.88875,0.8891,1.60,1.60
2010.06.17 16:38:22.093,0.88875,0.8892,2.50,8.80
2010.06.17 16:38:22.314,0.88885,0.8892,1.60,1.00
2010.06.17 16:38:23.029,0.88885,0.88925,1.60,12.60
2010.06.17 16:38:23.324,0.88885,0.88925,2.00,1.70
2010.06.17 16:38:23.623,0.88885,0.88925,2.40,1.70
2010.06.17 16:38:32.003,0.88885,0.88925,2.40,1.60
2010.06.17 16:38:32.123,0.88885,0.88925,2.40,9.60
2010.06.17 16:38:32.243,0.88885,0.88925,1.60,9.60
2010.06.17 16:38:32.363,0.88885,0.88925,1.60,10.10
2010.06.17 16:38:33.630,0.88885,0.88925,1.60,10.30
2010.06.17 16:38:34.134,0.88885,0.8892,1.60,1.00
2010.06.17 16:38:36.193,0.88885,0.88925,1.60,10.30
2010.06.17 16:38:39.143,0.88885,0.88925,2.00,10.30
2010.06.17 16:38:43.696,0.88885,0.88925,2.00,10.20
2010.06.17 16:38:43.864,0.88885,0.88925,2.10,10.20
2010.06.17 16:38:43.943,0.88885,0.88925,3.10,9.60
2010.06.17 16:38:44.023,0.88885,0.88925,3.10,1.60
2010.06.17 16:38:44.104,0.88885,0.88925,3.10,1.70
2010.06.17 16:38:44.697,0.88885,0.8892,1.60,1.00
2010.06.17 16:38:44.860,0.88885,0.88925,2.80,1.70
2010.06.17 16:38:45.013,0.88885,0.88925,2.10,1.70
2010.06.17 16:38:46.485,0.88885,0.88925,2.10,5.70
2010.06.17 16:38:46.826,0.88885,0.88925,1.60,11.50
2010.06.17 16:38:47.164,0.88885,0.88925,2.20,11.50
2010.06.17 16:38:47.687,0.88885,0.88925,2.20,12.30
2010.06.17 16:38:47.903,0.88885,0.8892,2.20,1.00
2010.06.17 16:38:48.114,0.88875,0.88915,1.60,5.60
2010.06.17 16:38:48.716,0.88875,0.88915,1.60,5.60
2010.06.17 16:38:49.257,0.88875,0.88915,1.70,4.00
2010.06.17 16:38:49.380,0.88885,0.8892,1.60,1.00
2010.06.17 16:38:49.527,0.88885,0.8892,1.60,1.00
2010.06.17 16:38:49.706,0.88885,0.8892,1.60,1.00
2010.06.17 16:38:49.943,0.88885,0.8892,1.60,1.70
2010.06.17 16:38:50.064,0.8888,0.8892,1.00,10.70
2010.06.17 16:38:50.303,0.88885,0.8892,1.60,1.10
2010.06.17 16:38:50.645,0.88875,0.88915,3.30,5.60
2010.06.17 16:38:51.135,0.88875,0.88915,3.30,4.00
2010.06.17 16:38:51.477,0.88875,0.88915,3.50,1.00
2010.06.17 16:38:53.434,0.88875,0.8892,1.60,12.00
2010.06.17 16:38:53.604,0.88875,0.88915,1.60,5.60
2010.06.17 16:38:55.330,0.88875,0.8891,1.60,4.00
2010.06.17 16:38:55.476,0.8887,0.88905,2.40,1.60
2010.06.17 16:38:55.625,0.8887,0.88905,3.50,1.60
2010.06.17 16:38:56.063,0.8887,0.88905,2.40,1.60
2010.06.17 16:38:58.912,0.8887,0.88905,2.80,1.60
2010.06.17 16:38:59.081,0.8887,0.88905,2.60,1.60
2010.06.17 16:39:01.296,0.8887,0.88905,2.00,1.60
2010.06.17 16:39:03.771,0.8887,0.88905,1.60,1.60
2010.06.17 16:39:04.086,0.8887,0.88905,1.60,1.70
2010.06.17 16:39:05.063,0.8887,0.889,1.60,1.00
2010.06.17 16:39:05.653,0.8887,0.889,1.60,1.00
2010.06.17 16:39:05.783,0.8887,0.889,1.60,1.70
2010.06.17 16:39:06.306,0.8887,0.889,1.60,9.70
2010.06.17 16:39:06.598,0.88855,0.88895,3.60,1.60
2010.06.17 16:39:07.735,0.88855,0.8889,2.00,1.60
2010.06.17 16:39:08.075,0.8887,0.889,1.60,8.00
2010.06.17 16:39:08.854,0.8887,0.88905,1.60,1.60
2010.06.17 16:39:10.316,0.88875,0.8891,1.60,1.70
2010.06.17 16:39:10.656,0.8887,0.88905,1.00,1.60
2010.06.17 16:39:10.843,0.88865,0.88905,2.00,1.60
2010.06.17 16:39:11.632,0.88865,0.889,1.20,4.00
2010.06.17 16:39:11.817,0.88855,0.889,9.30,1.60
2010.06.17 16:39:12.156,0.88865,0.889,1.60,1.60
2010.06.17 16:39:14.641,0.88865,0.889,1.70,1.60
2010.06.17 16:39:15.393,0.88865,0.889,1.60,1.60
2010.06.17 16:39:17.057,0.88865,0.889,1.60,1.60
2010.06.17 16:39:17.243,0.88865,0.889,1.60,1.70
2010.06.17 16:39:17.424,0.8886,0.889,4.00,2.50
2010.06.17 16:39:17.962,0.88855,0.889,7.60,2.50
2010.06.17 16:39:18.226,0.88855,0.889,6.50,2.50
2010.06.17 16:39:19.184,0.88855,0.889,6.70,2.50
2010.06.17 16:39:20.783,0.88855,0.889,2.50,10.50
2010.06.17 16:39:20.964,0.8885,0.88895,8.90,1.00
2010.06.17 16:39:21.143,0.8885,0.88895,9.00,1.00
2010.06.17 16:39:22.285,0.88855,0.88895,6.10,1.00
2010.06.17 16:39:22.646,0.88855,0.88895,6.30,1.00
2010.06.17 16:39:22.856,0.88855,0.88895,6.10,1.00
2010.06.17 16:39:23.097,0.88855,0.8889,6.10,1.00
2010.06.17 16:39:23.217,0.88855,0.8889,2.10,8.40
2010.06.17 16:39:23.700,0.88845,0.88885,3.50,1.60
2010.06.17 16:39:23.938,0.88845,0.8889,12.00,1.60
2010.06.17 16:39:24.175,0.8885,0.88895,8.80,1.00
2010.06.17 16:39:24.415,0.8885,0.8889,8.80,1.00
2010.06.17 16:39:24.655,0.8885,0.88875,2.80,1.60
2010.06.17 16:39:24.895,0.88855,0.88885,5.60,1.00
2010.06.17 16:39:25.185,0.88855,0.8889,4.00,1.60
2010.06.17 16:39:25.839,0.88845,0.8889,8.90,3.30
2010.06.17 16:39:26.054,0.88845,0.8889,10.10,2.40
2010.06.17 16:39:26.924,0.88845,0.8889,10.30,2.40
2010.06.17 16:39:27.136,0.88845,0.88885,10.30,1.60
2010.06.17 16:39:27.426,0.88845,0.88885,2.30,2.40
2010.06.17 16:39:29.413,0.88845,0.88885,2.10,2.50
2010.06.17 16:39:29.684,0.88845,0.88875,1.00,1.60
2010.06.17 16:39:30.346,0.8884,0.8888,1.10,1.60
2010.06.17 16:39:32.374,0.8884,0.88875,1.00,1.60
2010.06.17 16:39:32.936,0.88835,0.88875,4.10,1.60
2010.06.17 16:39:33.236,0.88835,0.88875,3.60,1.60
2010.06.17 16:39:35.509,0.88835,0.88875,3.50,1.60
2010.06.17 16:39:35.688,0.8884,0.88875,1.00,1.60
2010.06.17 16:39:35.975,0.8884,0.88875,1.50,1.60
2010.06.17 16:39:36.063,0.8884,0.8888,1.50,1.60
2010.06.17 16:39:36.486,0.88845,0.88885,1.30,1.00
2010.06.17 16:39:37.138,0.88845,0.8889,2.10,11.50
2010.06.17 16:39:37.358,0.88845,0.8889,1.00,11.50
2010.06.17 16:39:38.234,0.88845,0.8888,1.00,4.50
2010.06.17 16:39:38.750,0.8884,0.88875,1.60,1.60
2010.06.17 16:39:39.094,0.8884,0.88875,1.00,1.60
2010.06.17 16:39:39.435,0.88835,0.88875,4.10,1.60
2010.06.17 16:39:40.303,0.8884,0.88875,1.00,1.60
2010.06.17 16:39:40.443,0.8884,0.88875,5.10,1.60
2010.06.17 16:39:40.583,0.8884,0.88885,11.50,1.00
2010.06.17 16:39:40.824,0.88845,0.88885,1.00,1.00
2010.06.17 16:39:41.463,0.88845,0.8889,1.20,11.30
2010.06.17 16:39:41.608,0.88845,0.8889,13.10,2.40
2010.06.17 16:39:42.126,0.88845,0.8889,12.90,2.50
2010.06.17 16:39:43.635,0.88845,0.88885,2.50,1.60
2010.06.17 16:39:43.824,0.88845,0.88885,1.70,1.60
2010.06.17 16:39:44.683,0.8884,0.8888,14.00,1.60
2010.06.17 16:39:45.152,0.8884,0.8888,3.60,1.60
2010.06.17 16:39:45.436,0.8884,0.8888,1.00,2.10
2010.06.17 16:39:45.723,0.8884,0.8888,1.00,2.10
2010.06.17 16:39:46.003,0.8884,0.8888,1.00,2.10
2010.06.17 16:39:46.184,0.88835,0.8888,4.20,2.10
2010.06.17 16:39:46.364,0.88835,0.88875,2.60,1.60
2010.06.17 16:39:46.546,0.88835,0.88875,2.20,2.50
2010.06.17 16:39:46.724,0.88835,0.8888,1.00,10.00
2010.06.17 16:39:46.904,0.88835,0.8888,1.00,4.50
2010.06.17 16:39:47.667,0.88835,0.8888,10.90,1.60
2010.06.17 16:39:47.924,0.88835,0.8888,2.90,1.60
2010.06.17 16:39:48.113,0.88835,0.8888,1.20,2.10
2010.06.17 16:39:48.874,0.88835,0.88875,1.20,1.60
2010.06.17 16:39:49.056,0.88835,0.88875,1.00,2.50
2010.06.17 16:39:49.153,0.8883,0.88875,7.40,2.50
2010.06.17 16:39:49.645,0.8883,0.88875,8.00,2.50
2010.06.17 16:39:51.353,0.8883,0.88875,8.00,2.70
2010.06.17 16:39:57.803,0.88835,0.88875,1.00,2.70
2010.06.17 16:39:58.053,0.88835,0.88875,1.20,2.70
2010.06.17 16:39:58.304,0.88835,0.88875,2.80,1.60
2010.06.17 16:39:59.214,0.88835,0.88875,3.30,1.70
2010.06.17 16:39:59.834,0.8884,0.88875,1.00,1.70
2010.06.17 16:40:00.094,0.8884,0.88875,1.70,1.60
2010.06.17 16:40:00.353,0.8884,0.88875,1.70,1.60
2010.06.17 16:40:02.634,0.88845,0.88875,1.00,1.60
2010.06.17 16:40:02.734,0.8885,0.8888,1.60,1.00
2010.06.17 16:40:02.843,0.8885,0.88885,1.60,6.70
2010.06.17 16:40:03.603,0.8885,0.88885,1.60,6.50
2010.06.17 16:40:03.796,0.8885,0.88885,1.60,1.60
2010.06.17 16:40:03.984,0.8885,0.88885,2.00,1.60
2010.06.17 16:40:04.163,0.8885,0.8889,2.80,1.60
2010.06.17 16:40:04.343,0.8885,0.8889,3.20,1.60
2010.06.17 16:40:04.857,0.88855,0.88895,1.60,11.30
2010.06.17 16:40:05.055,0.88855,0.88895,3.40,1.60
2010.06.17 16:40:05.765,0.88855,0.88885,1.60,1.60
2010.06.17 16:40:05.966,0.88855,0.8888,1.00,1.60
2010.06.17 16:40:06.745,0.8885,0.8888,2.90,1.60
2010.06.17 16:40:07.086,0.8884,0.88875,1.60,1.60
2010.06.17 16:40:07.426,0.8884,0.8888,1.60,1.60
2010.06.17 16:40:07.765,0.8884,0.8888,8.80,2.90
2010.06.17 16:40:08.546,0.8884,0.8888,2.00,1.60
2010.06.17 16:40:09.234,0.8884,0.8888,2.00,1.60
2010.06.17 16:40:10.235,0.8884,0.88885,2.00,8.70
2010.06.17 16:40:10.395,0.88845,0.88885,1.00,1.00
2010.06.17 16:40:10.696,0.88845,0.8888,1.00,1.60
2010.06.17 16:40:10.845,0.8884,0.8888,1.00,10.10
2010.06.17 16:40:10.994,0.88835,0.8888,1.20,12.50
2010.06.17 16:40:11.662,0.88835,0.8888,5.20,6.10
2010.06.17 16:40:12.006,0.88835,0.8888,1.20,12.50
2010.06.17 16:40:12.924,0.88835,0.88885,9.70,10.70
2010.06.17 16:40:13.134,0.88835,0.8888,1.20,12.50
2010.06.17 16:40:14.103,0.88835,0.8888,1.20,12.70
2010.06.17 16:40:15.868,0.88835,0.8888,2.80,12.70
2010.06.17 16:40:15.963,0.88835,0.8888,2.80,12.50
2010.06.17 16:40:16.057,0.88835,0.8888,10.80,4.50
2010.06.17 16:40:16.153,0.88835,0.8888,11.30,1.60
2010.06.17 16:40:16.493,0.88835,0.88875,11.30,1.60
2010.06.17 16:40:16.584,0.88835,0.88875,6.80,1.60
2010.06.17 16:40:16.864,0.88835,0.88875,3.60,1.60
2010.06.17 16:40:17.836,0.88835,0.8888,2.90,6.40
2010.06.17 16:40:18.044,0.88835,0.8888,3.40,6.40
2010.06.17 16:40:18.254,0.88835,0.8888,3.60,6.40
2010.06.17 16:40:18.655,0.88835,0.8888,3.40,6.40
2010.06.17 16:40:18.864,0.88835,0.8888,2.00,10.50
2010.06.17 16:40:18.974,0.88835,0.88875,2.00,4.00
2010.06.17 16:40:19.084,0.88835,0.8888,2.50,4.00
2010.06.17 16:40:20.530,0.88835,0.8888,2.50,5.60
2010.06.17 16:40:20.772,0.8883,0.88875,1.20,5.70
2010.06.17 16:40:21.006,0.8883,0.8887,1.00,2.40
2010.06.17 16:40:21.324,0.8883,0.8887,1.00,1.60
2010.06.17 16:40:21.486,0.88825,0.8887,12.50,1.60
2010.06.17 16:40:21.648,0.8883,0.88875,4.50,1.00
2010.06.17 16:40:22.102,0.8883,0.8887,4.50,1.60
2010.06.17 16:40:22.407,0.88825,0.8887,10.70,1.60
2010.06.17 16:40:23.374,0.88825,0.8887,5.20,6.10
2010.06.17 16:40:23.634,0.88825,0.8887,5.30,5.60
2010.06.17 16:40:23.893,0.88825,0.8887,9.30,1.60
2010.06.17 16:40:24.153,0.88825,0.8887,9.40,1.60
2010.06.17 16:40:24.415,0.88825,0.8886,1.00,1.60
2010.06.17 16:40:25.049,0.8882,0.8886,14.10,1.60
2010.06.17 16:40:25.224,0.88825,0.8886,1.00,1.60
2010.06.17 16:40:25.973,0.88825,0.8886,1.00,1.60
2010.06.17 16:40:26.253,0.88825,0.8886,2.90,1.60
2010.06.17 16:40:26.584,0.88825,0.8886,2.80,1.70
2010.06.17 16:40:26.834,0.88825,0.8886,1.20,1.70
2010.06.17 16:40:27.085,0.88825,0.8886,2.00,1.60
2010.06.17 16:40:27.514,0.88825,0.8886,2.80,1.60
2010.06.17 16:40:27.659,0.88825,0.8887,3.20,13.70
2010.06.17 16:40:27.804,0.88825,0.8887,3.20,11.30
2010.06.17 16:40:28.096,0.88825,0.8887,3.20,11.30
2010.06.17 16:40:31.675,0.88825,0.8887,11.50,1.00
2010.06.17 16:40:31.944,0.88825,0.8887,11.60,1.00
2010.06.17 16:40:32.203,0.88825,0.8887,11.70,1.00
2010.06.17 16:40:32.464,0.8883,0.8887,9.20,1.00
2010.06.17 16:40:32.905,0.8883,0.8887,9.60,1.00
2010.06.17 16:40:33.444,0.8883,0.8887,2.40,1.00
2010.06.17 16:40:33.563,0.8883,0.8887,1.00,1.00
2010.06.17 16:40:34.573,0.8883,0.8887,1.00,4.80
2010.06.17 16:40:34.704,0.8883,0.8887,1.00,5.70
2010.06.17 16:40:34.834,0.8883,0.8887,1.00,11.20
2010.06.17 16:40:35.381,0.8883,0.8887,1.00,7.20
2010.06.17 16:40:35.516,0.8883,0.8887,1.00,1.00
2010.06.17 16:40:36.823,0.8883,0.88865,1.00,4.00
2010.06.17 16:40:36.984,0.88825,0.88865,1.00,10.10
2010.06.17 16:40:38.275,0.88825,0.8886,1.00,4.00
2010.06.17 16:40:38.503,0.88825,0.8887,3.30,13.70
2010.06.17 16:40:38.733,0.88825,0.8887,3.60,13.70
2010.06.17 16:40:39.283,0.88825,0.8887,3.60,13.90
2010.06.17 16:40:39.493,0.88825,0.8887,3.20,13.70
2010.06.17 16:40:39.948,0.88825,0.8887,4.80,13.70
2010.06.17 16:40:40.169,0.88835,0.8887,2.00,1.60
2010.06.17 16:40:40.346,0.88835,0.8887,2.00,1.70
2010.06.17 16:40:40.527,0.88835,0.88875,1.60,1.30
2010.06.17 16:40:41.013,0.88835,0.88875,1.60,9.30
2010.06.17 16:40:41.191,0.8883,0.8887,1.60,1.60
2010.06.17 16:40:42.035,0.8883,0.8887,1.00,2.10
2010.06.17 16:40:42.609,0.8883,0.8887,1.00,1.60
2010.06.17 16:40:42.925,0.8883,0.8887,2.80,1.60
2010.06.17 16:40:43.607,0.88835,0.88875,1.60,11.10
2010.06.17 16:40:43.711,0.88835,0.88875,1.60,10.90
2010.06.17 16:40:43.898,0.88835,0.88875,2.00,10.40
2010.06.17 16:40:43.968,0.88835,0.88875,1.00,1.00
2010.06.17 16:40:44.622,0.88835,0.88865,1.10,1.60
2010.06.17 16:40:47.204,0.88835,0.88865,1.10,1.60
2010.06.17 16:40:49.854,0.8884,0.88865,1.00,1.60
2010.06.17 16:40:50.345,0.8884,0.8888,1.00,14.60
2010.06.17 16:40:50.668,0.88845,0.8888,2.80,1.60
2010.06.17 16:40:51.155,0.88845,0.8888,2.80,1.70
2010.06.17 16:40:52.044,0.88845,0.8888,2.80,1.60
2010.06.17 16:40:52.481,0.88845,0.8888,2.80,4.00
2010.06.17 16:40:52.660,0.88845,0.88875,1.00,1.60
2010.06.17 16:40:52.834,0.8884,0.88875,3.40,1.70
2010.06.17 16:40:53.004,0.8884,0.88875,3.40,9.70
2010.06.17 16:40:53.264,0.8884,0.8887,3.20,1.60
2010.06.17 16:40:53.534,0.8884,0.88875,3.20,9.60
2010.06.17 16:40:53.805,0.88845,0.8888,1.00,2.40
2010.06.17 16:40:54.337,0.88845,0.8888,2.70,2.40
2010.06.17 16:40:54.709,0.8885,0.8889,1.00,2.50
2010.06.17 16:40:54.865,0.8885,0.8889,3.20,2.50
2010.06.17 16:40:55.089,0.8885,0.8889,3.20,2.40
2010.06.17 16:40:56.281,0.8885,0.88885,3.20,1.00
2010.06.17 16:40:57.046,0.8885,0.88875,1.00,1.60
2010.06.17 16:40:57.244,0.8884,0.88875,3.20,1.60
2010.06.17 16:40:57.674,0.88845,0.88875,1.00,1.60
2010.06.17 16:40:57.864,0.88845,0.88885,1.00,1.00
2010.06.17 16:40:58.063,0.88845,0.88885,3.50,1.00
2010.06.17 16:40:59.363,0.88845,0.88885,3.60,1.00
2010.06.17 16:41:00.684,0.88845,0.88885,11.50,1.00
2010.06.17 16:41:00.825,0.88845,0.8888,3.60,1.60
2010.06.17 16:41:02.188,0.88845,0.88875,1.00,1.60
2010.06.17 16:41:02.236,0.8884,0.88875,3.30,1.60
2010.06.17 16:41:05.934,0.8884,0.88875,3.30,1.70
2010.06.17 16:41:06.505,0.8884,0.88865,2.40,1.60
2010.06.17 16:41:06.665,0.88835,0.88865,1.00,1.60
2010.06.17 16:41:07.504,0.88835,0.88875,1.00,3.50
2010.06.17 16:41:07.684,0.88835,0.88875,3.20,3.50
2010.06.17 16:41:09.055,0.88835,0.88875,3.20,3.30
2010.06.17 16:41:09.273,0.88835,0.88875,3.20,1.00
2010.06.17 16:41:09.546,0.88835,0.88875,3.20,2.10
2010.06.17 16:41:09.824,0.88835,0.88875,3.60,2.10
2010.06.17 16:41:11.397,0.88835,0.8888,3.30,7.50
2010.06.17 16:41:11.575,0.88835,0.88875,3.20,1.60
2010.06.17 16:41:11.754,0.88835,0.88875,3.60,2.10
2010.06.17 16:41:13.085,0.88835,0.88875,3.60,2.30
2010.06.17 16:41:13.593,0.88835,0.88875,3.60,2.10
2010.06.17 16:41:13.754,0.8884,0.88875,1.00,2.10
2010.06.17 16:41:13.834,0.8884,0.88875,2.00,2.10
2010.06.17 16:41:13.915,0.8884,0.88875,3.30,1.00
2010.06.17 16:41:14.407,0.88845,0.8888,1.00,2.40
2010.06.17 16:41:14.497,0.88845,0.88885,3.50,1.00
2010.06.17 16:41:14.966,0.8885,0.88885,1.20,1.00
2010.06.17 16:41:15.456,0.8885,0.88885,1.00,1.00
2010.06.17 16:41:16.357,0.8885,0.88885,3.60,1.00
2010.06.17 16:41:16.694,0.8885,0.8888,3.60,1.60
2010.06.17 16:41:16.944,0.8885,0.8888,3.20,1.60
2010.06.17 16:41:18.084,0.8885,0.8888,3.20,2.40
2010.06.17 16:41:18.659,0.8885,0.88865,3.20,1.60
2010.06.17 16:41:18.840,0.8883,0.88855,2.40,1.60
2010.06.17 16:41:19.015,0.8882,0.88855,4.90,1.60
2010.06.17 16:41:22.312,0.8882,0.88855,4.80,1.60
2010.06.17 16:41:22.436,0.88815,0.8885,3.30,1.60
2010.06.17 16:41:26.527,0.88815,0.8884,3.30,1.60
2010.06.17 16:41:26.600,0.88815,0.8884,1.70,1.60
2010.06.17 16:41:26.614,0.88815,0.8884,1.00,1.60
2010.06.17 16:41:26.633,0.88815,0.8884,1.00,1.60
2010.06.17 16:41:26.652,0.88805,0.8884,9.20,1.60
2010.06.17 16:41:26.995,0.88805,0.8884,8.80,1.60
2010.06.17 16:41:27.337,0.88805,0.8884,2.80,3.30
2010.06.17 16:41:28.634,0.88805,0.8884,3.30,2.50
2010.06.17 16:41:29.149,0.88805,0.8884,3.30,2.70
2010.06.17 16:41:31.504,0.88805,0.8884,1.70,2.70
2010.06.17 16:41:33.376,0.88805,0.8883,1.70,1.60
2010.06.17 16:41:34.116,0.88805,0.8884,3.60,2.50
2010.06.17 16:41:34.275,0.8881,0.8884,1.00,2.50
2010.06.17 16:41:34.434,0.8881,0.8884,2.80,2.50
2010.06.17 16:41:34.733,0.8881,0.8884,2.80,1.60
2010.06.17 16:41:38.714,0.88815,0.88845,2.80,1.00
2010.06.17 16:41:38.905,0.88815,0.8885,3.20,1.60
2010.06.17 16:41:39.104,0.88815,0.8884,2.40,1.60
2010.06.17 16:41:39.711,0.8881,0.8884,3.20,1.60
2010.06.17 16:41:39.927,0.8881,0.8884,3.20,1.60
2010.06.17 16:41:40.137,0.8881,0.8884,2.40,1.60
2010.06.17 16:41:40.494,0.8881,0.8884,1.00,1.60
2010.06.17 16:41:41.165,0.8881,0.8884,1.00,1.70
2010.06.17 16:41:41.874,0.8881,0.8884,1.00,1.60
2010.06.17 16:41:42.778,0.8881,0.88825,3.60,1.60
2010.06.17 16:41:43.054,0.8881,0.88825,2.40,1.60
2010.06.17 16:41:43.196,0.8881,0.88825,1.60,1.60
2010.06.17 16:41:43.334,0.88795,0.88825,1.00,1.60
2010.06.17 16:41:43.615,0.88795,0.8883,1.00,1.60
2010.06.17 16:41:44.370,0.88805,0.8884,1.00,1.60
2010.06.17 16:41:45.066,0.88805,0.8884,1.00,1.60
2010.06.17 16:41:45.373,0.88805,0.8884,1.00,1.60
2010.06.17 16:41:46.845,0.88805,0.88845,2.80,10.10
2010.06.17 16:41:48.048,0.88805,0.88845,2.80,10.30
2010.06.17 16:41:49.062,0.88805,0.8884,2.80,1.00
2010.06.17 16:41:49.248,0.88805,0.88835,1.20,1.60
2010.06.17 16:41:50.739,0.8881,0.88845,1.00,1.60
2010.06.17 16:41:50.986,0.8881,0.8885,1.00,6.40
2010.06.17 16:41:51.235,0.8881,0.8885,1.00,5.60
2010.06.17 16:41:51.714,0.8881,0.8884,1.00,1.60
2010.06.17 16:41:53.583,0.8881,0.8885,1.00,1.60
2010.06.17 16:41:53.673,0.8881,0.8885,1.20,1.60
2010.06.17 16:41:53.853,0.8881,0.8885,2.80,1.60
2010.06.17 16:41:54.144,0.8881,0.8885,2.80,1.70
2010.06.17 16:41:57.716,0.8881,0.8885,2.80,1.60
2010.06.17 16:41:58.034,0.8881,0.8884,2.80,1.60
2010.06.17 16:41:58.685,0.8881,0.8884,1.00,1.60
2010.06.17 16:41:59.575,0.88815,0.8885,2.70,1.70
2010.06.17 16:41:59.855,0.88815,0.8885,1.00,1.70
2010.06.17 16:42:00.153,0.8881,0.8885,1.20,1.70
2010.06.17 16:42:00.603,0.8881,0.8885,1.20,1.60
2010.06.17 16:42:01.274,0.8882,0.88855,1.00,4.00
2010.06.17 16:42:01.537,0.88815,0.8885,1.00,1.60
2010.06.17 16:42:02.494,0.88805,0.8883,1.00,1.60
2010.06.17 16:42:03.127,0.88805,0.8883,1.00,8.00
2010.06.17 16:42:03.409,0.8879,0.8883,5.30,4.80
2010.06.17 16:42:03.686,0.88795,0.8883,1.60,2.90
2010.06.17 16:42:03.964,0.88795,0.8883,1.60,2.40
2010.06.17 16:42:05.634,0.88795,0.8883,10.10,2.40
2010.06.17 16:42:05.764,0.888,0.8883,1.60,1.00
2010.06.17 16:42:06.603,0.888,0.88835,1.60,2.40
2010.06.17 16:42:08.800,0.888,0.88835,1.60,2.50
2010.06.17 16:42:09.287,0.88795,0.88825,4.00,1.60
2010.06.17 16:42:09.372,0.88785,0.8882,2.80,1.60
2010.06.17 16:42:09.456,0.88785,0.8882,10.80,1.60
2010.06.17 16:42:09.536,0.88785,0.8883,10.90,4.10
2010.06.17 16:42:09.625,0.88785,0.8883,10.90,3.30
2010.06.17 16:42:10.117,0.88785,0.8882,6.40,1.60
2010.06.17 16:42:10.455,0.88785,0.8882,1.60,1.60
2010.06.17 16:42:10.795,0.8878,0.8882,3.70,1.60
2010.06.17 16:42:11.134,0.8878,0.8882,1.00,1.60
2010.06.17 16:42:12.204,0.8878,0.8882,1.00,1.70
2010.06.17 16:42:16.724,0.88785,0.8882,1.60,1.60
2010.06.17 16:42:18.514,0.88785,0.8882,5.60,1.60
2010.06.17 16:42:18.694,0.88785,0.8883,6.50,3.50
2010.06.17 16:42:19.344,0.88785,0.8883,7.30,3.50
2010.06.17 16:42:20.095,0.88785,0.8883,7.50,3.50
2010.06.17 16:42:21.323,0.88785,0.8883,7.30,4.30
2010.06.17 16:42:21.665,0.88785,0.8882,1.60,1.60
2010.06.17 16:42:22.528,0.8878,0.8882,1.70,1.60
2010.06.17 16:42:22.754,0.88775,0.8882,11.70,1.60
2010.06.17 16:42:24.224,0.88775,0.8882,11.90,1.60
2010.06.17 16:42:24.784,0.88775,0.8881,11.90,1.60
2010.06.17 16:42:24.913,0.88785,0.88825,1.60,10.50
2010.06.17 16:42:25.451,0.8879,0.88825,1.60,4.80
2010.06.17 16:42:25.588,0.8879,0.88835,13.70,1.60
2010.06.17 16:42:26.065,0.88795,0.88835,8.00,1.60
2010.06.17 16:42:26.840,0.88805,0.8884,4.50,1.00
2010.06.17 16:42:27.067,0.88805,0.8885,5.30,1.00
2010.06.17 16:42:27.285,0.88805,0.88845,4.50,1.00
2010.06.17 16:42:27.507,0.888,0.8884,7.30,4.80
2010.06.17 16:42:27.727,0.8879,0.88835,3.70,4.00
2010.06.17 16:42:28.358,0.8879,0.88835,1.00,8.10
2010.06.17 16:42:28.697,0.88785,0.8883,1.70,4.00
2010.06.17 16:42:29.484,0.88785,0.8883,7.30,4.00
2010.06.17 16:42:29.596,0.8879,0.88835,1.00,7.30
2010.06.17 16:42:30.164,0.8879,0.88835,1.00,7.50
2010.06.17 16:42:32.024,0.88785,0.8883,11.50,1.00
2010.06.17 16:42:32.245,0.88785,0.8883,7.50,2.50
2010.06.17 16:42:32.926,0.88785,0.8882,1.60,1.60
2010.06.17 16:42:43.458,0.88775,0.8882,3.90,2.50
2010.06.17 16:42:43.672,0.88775,0.8882,3.30,6.80
2010.06.17 16:42:44.317,0.88775,0.8881,1.00,1.60
2010.06.17 16:42:44.526,0.88775,0.8882,3.60,3.10
2010.06.17 16:42:45.204,0.88775,0.8882,4.40,3.10
2010.06.17 16:42:45.717,0.88775,0.8882,5.30,2.10
2010.06.17 16:42:45.815,0.88775,0.8882,9.30,2.10
2010.06.17 16:42:45.906,0.88785,0.8882,1.60,1.60
2010.06.17 16:42:46.105,0.88785,0.8882,1.60,1.70
2010.06.17 16:42:46.474,0.88775,0.8882,9.90,1.70
2010.06.17 16:42:46.565,0.88775,0.8882,8.50,3.50
2010.06.17 16:42:46.745,0.88775,0.8882,4.50,3.50
2010.06.17 16:42:47.515,0.88775,0.8882,5.30,3.50
2010.06.17 16:42:55.565,0.8878,0.8882,1.00,3.50
2010.06.17 16:42:57.838,0.8878,0.8881,1.00,1.60
2010.06.17 16:42:58.059,0.88775,0.8881,1.90,1.60
2010.06.17 16:42:58.711,0.8878,0.8882,1.00,2.90
2010.06.17 16:42:59.062,0.8878,0.8882,2.80,3.10
2010.06.17 16:43:00.799,0.8878,0.8882,2.80,2.90
2010.06.17 16:43:01.142,0.8878,0.88825,14.30,2.40
2010.06.17 16:43:01.637,0.88785,0.88825,1.00,2.40
2010.06.17 16:43:02.134,0.8879,0.88825,2.00,1.00
2010.06.17 16:43:02.493,0.8879,0.88835,3.20,11.30
2010.06.17 16:43:02.841,0.8879,0.88825,1.00,1.60
2010.06.17 16:43:03.960,0.88795,0.88835,1.60,10.40
2010.06.17 16:43:04.297,0.88795,0.88835,1.60,2.40
2010.06.17 16:43:06.759,0.8879,0.8883,1.00,6.10
2010.06.17 16:43:07.039,0.8879,0.88835,1.00,6.90
2010.06.17 16:43:10.756,0.8879,0.88835,1.00,7.70
2010.06.17 16:43:10.895,0.8879,0.8883,1.00,1.60
2010.06.17 16:43:11.105,0.88785,0.8883,11.40,1.60
2010.06.17 16:43:11.316,0.88785,0.8883,2.00,4.80
2010.06.17 16:43:12.366,0.88785,0.8883,1.00,4.80
2010.06.17 16:43:13.086,0.88785,0.88835,11.30,10.90
2010.06.17 16:43:13.405,0.88785,0.88835,11.30,6.90
2010.06.17 16:43:13.595,0.8879,0.88815,2.40,1.00
2010.06.17 16:43:13.786,0.88795,0.88835,1.60,2.40
2010.06.17 16:43:13.975,0.88795,0.88835,2.80,1.60
2010.06.17 16:43:16.034,0.88795,0.88835,2.90,1.60
2010.06.17 16:43:16.669,0.88795,0.88835,2.90,5.60
2010.06.17 16:43:16.847,0.88795,0.8883,1.60,1.60
2010.06.17 16:43:17.846,0.88795,0.8883,1.70,1.60
2010.06.17 16:43:18.107,0.88795,0.88835,2.90,1.60
2010.06.17 16:43:18.756,0.88795,0.88835,3.30,1.60
2010.06.17 16:43:19.166,0.88795,0.8882,1.60,1.60
2010.06.17 16:43:19.325,0.88795,0.8882,1.20,1.60
2010.06.17 16:43:19.475,0.88785,0.8882,3.30,1.60
2010.06.17 16:43:19.625,0.88785,0.8882,3.50,1.60
2010.06.17 16:43:21.645,0.88785,0.8882,1.00,1.60
2010.06.17 16:43:29.455,0.8878,0.8882,5.20,1.60
2010.06.17 16:43:30.440,0.88785,0.8882,1.00,1.60
2010.06.17 16:43:30.737,0.88785,0.8882,1.60,1.60
2010.06.17 16:43:31.277,0.88785,0.88825,3.20,2.50
2010.06.17 16:43:31.528,0.8879,0.88825,1.00,1.60
2010.06.17 16:43:32.207,0.8879,0.88825,1.20,1.60
2010.06.17 16:43:32.718,0.8879,0.88835,1.20,11.80
2010.06.17 16:43:32.986,0.8879,0.88825,1.20,1.60
2010.06.17 16:43:33.255,0.8879,0.88825,1.00,1.60
2010.06.17 16:43:34.196,0.8879,0.88825,5.10,1.60
2010.06.17 16:43:34.535,0.8879,0.88825,3.50,1.60
2010.06.17 16:43:35.378,0.8879,0.88825,5.10,1.60
2010.06.17 16:43:35.815,0.8879,0.88835,9.10,7.50
2010.06.17 16:43:35.936,0.88795,0.88835,2.80,1.70
2010.06.17 16:43:37.765,0.888,0.88835,1.20,1.70
2010.06.17 16:43:37.917,0.888,0.8883,1.20,1.00
2010.06.17 16:43:38.076,0.888,0.88825,1.20,4.00
2010.06.17 16:43:38.227,0.888,0.8882,1.00,1.60
2010.06.17 16:43:38.387,0.8879,0.88825,1.20,1.60
2010.06.17 16:43:38.545,0.8879,0.8883,1.60,4.90
2010.06.17 16:43:39.039,0.8879,0.8883,1.60,1.10
2010.06.17 16:43:39.370,0.8879,0.88825,1.80,1.60
2010.06.17 16:43:42.476,0.88795,0.8884,9.30,3.30
2010.06.17 16:43:42.659,0.88795,0.8884,6.00,4.80
2010.06.17 16:43:42.837,0.88795,0.8884,1.90,9.70
2010.06.17 16:43:44.055,0.88795,0.8884,1.90,9.90
2010.06.17 16:43:46.136,0.88795,0.8884,1.90,9.70
2010.06.17 16:43:49.181,0.88795,0.8884,14.00,1.00
2010.06.17 16:43:49.527,0.888,0.8884,1.60,1.00
2010.06.17 16:43:49.867,0.8881,0.8884,1.00,1.00
2010.06.17 16:43:50.139,0.8881,0.88845,1.60,6.40
2010.06.17 16:43:50.845,0.888,0.88845,13.70,2.40
2010.06.17 16:43:51.110,0.888,0.88845,3.20,11.50
2010.06.17 16:43:51.815,0.888,0.88845,3.30,11.50
2010.06.17 16:43:52.926,0.888,0.88845,3.20,12.30
2010.06.17 16:43:53.038,0.88795,0.88835,5.00,1.60
2010.06.17 16:43:53.445,0.88795,0.88835,4.90,1.60
2010.06.17 16:43:53.745,0.88795,0.8884,12.90,1.70
2010.06.17 16:43:53.946,0.88795,0.88835,5.00,1.60
2010.06.17 16:43:54.135,0.888,0.8884,1.00,4.80
2010.06.17 16:43:54.326,0.888,0.88845,1.60,11.40
2010.06.17 16:43:55.053,0.888,0.88845,1.80,11.50
2010.06.17 16:43:55.245,0.888,0.88845,1.80,11.30
2010.06.17 16:43:55.425,0.888,0.88845,3.70,11.30
2010.06.17 16:43:56.026,0.888,0.88845,14.30,2.40
2010.06.17 16:43:56.565,0.888,0.88845,12.70,2.40
2010.06.17 16:43:57.033,0.888,0.88845,12.50,2.40
2010.06.17 16:43:57.696,0.888,0.88845,12.60,2.40
2010.06.17 16:43:57.895,0.888,0.88845,10.20,2.40
2010.06.17 16:43:57.995,0.888,0.88835,11.60,1.60
2010.06.17 16:43:58.095,0.888,0.88835,9.20,1.60
2010.06.17 16:43:58.196,0.888,0.88835,5.20,1.60
2010.06.17 16:43:58.975,0.888,0.88835,5.30,1.60
2010.06.17 16:44:00.075,0.888,0.88835,4.80,1.60
2010.06.17 16:44:00.236,0.888,0.8883,3.20,1.60
2010.06.17 16:44:00.396,0.888,0.8883,1.00,1.60
2010.06.17 16:44:00.566,0.88795,0.8883,5.20,1.60
2010.06.17 16:44:00.725,0.888,0.88835,2.80,1.60
2010.06.17 16:44:00.886,0.888,0.88835,4.80,1.60
2010.06.17 16:44:07.865,0.888,0.88835,4.40,1.60
2010.06.17 16:44:08.025,0.888,0.88835,2.40,1.60
2010.06.17 16:44:08.493,0.888,0.8883,2.40,1.60
2010.06.17 16:44:08.579,0.88795,0.88835,1.20,1.70
2010.06.17 16:44:08.672,0.88795,0.88835,1.70,1.70
2010.06.17 16:44:08.965,0.88795,0.88835,2.80,1.70
2010.06.17 16:44:11.460,0.88795,0.88835,3.60,1.70
2010.06.17 16:44:17.326,0.88795,0.88835,3.60,1.60
2010.06.17 16:44:17.818,0.8879,0.88825,5.00,1.60
2010.06.17 16:44:18.415,0.88795,0.88825,1.00,1.60
2010.06.17 16:44:18.756,0.88795,0.88835,1.80,1.70
2010.06.17 16:44:19.286,0.88795,0.88835,1.90,1.70
2010.06.17 16:44:20.895,0.88795,0.88835,1.90,5.70
2010.06.17 16:44:21.051,0.88795,0.88835,2.00,5.70
2010.06.17 16:44:21.514,0.88795,0.88835,2.00,5.60
2010.06.17 16:44:21.675,0.88795,0.88825,2.00,1.60
2010.06.17 16:44:21.938,0.8879,0.88825,5.20,1.60
2010.06.17 16:44:24.042,0.8879,0.88825,5.10,1.60
2010.06.17 16:44:24.185,0.8879,0.88825,5.00,1.60
2010.06.17 16:44:25.032,0.8879,0.88825,5.20,1.60
2010.06.17 16:44:28.188,0.8879,0.88825,4.80,1.60
2010.06.17 16:44:28.693,0.8879,0.8882,2.80,1.60
2010.06.17 16:44:29.040,0.88785,0.8882,3.20,1.60
2010.06.17 16:44:30.698,0.88785,0.8882,3.20,1.70
2010.06.17 16:44:32.078,0.88785,0.88815,1.20,1.60
2010.06.17 16:44:32.319,0.8878,0.88805,1.00,1.60
2010.06.17 16:44:32.908,0.8878,0.88805,1.00,1.60
2010.06.17 16:44:33.090,0.8877,0.88805,3.60,1.60
2010.06.17 16:44:34.611,0.8877,0.88805,3.70,1.60
2010.06.17 16:44:34.964,0.8877,0.888,5.10,1.60
2010.06.17 16:44:35.311,0.88785,0.8882,4.40,4.90
2010.06.17 16:44:35.933,0.8878,0.8882,4.90,1.00
2010.06.17 16:44:36.149,0.8878,0.88825,3.30,11.30
2010.06.17 16:44:36.696,0.8878,0.88825,3.30,11.50
2010.06.17 16:44:37.747,0.8878,0.88825,3.50,11.30
2010.06.17 16:44:38.092,0.8879,0.88825,3.20,1.60
2010.06.17 16:44:38.287,0.8879,0.88825,2.80,1.60
2010.06.17 16:44:38.478,0.88785,0.88825,12.90,1.60
2010.06.17 16:44:38.965,0.88785,0.88825,9.10,1.60
2010.06.17 16:44:39.306,0.88785,0.88825,5.10,1.70
2010.06.17 16:44:40.806,0.88785,0.88825,3.50,1.70
2010.06.17 16:44:41.418,0.88785,0.88825,1.90,2.30
2010.06.17 16:44:42.367,0.88785,0.8883,1.90,3.50
2010.06.17 16:44:42.697,0.88785,0.88825,1.70,2.10
2010.06.17 16:44:44.188,0.88785,0.88825,1.70,2.30
2010.06.17 16:44:48.637,0.8879,0.8883,1.00,2.90
2010.06.17 16:44:48.858,0.8879,0.8883,1.00,1.60
2010.06.17 16:44:49.087,0.88795,0.8883,1.20,1.60
2010.06.17 16:44:52.616,0.88805,0.88835,1.00,4.00
2010.06.17 16:44:53.707,0.888,0.88845,2.50,12.80
2010.06.17 16:44:53.871,0.888,0.8884,1.00,8.00
2010.06.17 16:44:56.850,0.888,0.88835,1.00,1.00
2010.06.17 16:44:57.179,0.88795,0.88825,1.00,1.60
2010.06.17 16:44:57.508,0.88805,0.88845,1.80,10.50
2010.06.17 16:44:57.836,0.88805,0.88845,1.60,10.40
2010.06.17 16:44:58.263,0.88805,0.8884,1.60,4.00
2010.06.17 16:44:58.512,0.88795,0.8884,3.30,8.80
2010.06.17 16:44:58.758,0.88795,0.8884,3.50,8.00
2010.06.17 16:44:59.002,0.88795,0.88835,3.60,2.40
2010.06.17 16:44:59.587,0.88795,0.8884,4.10,8.00
2010.06.17 16:44:59.849,0.8879,0.8884,14.10,5.70
2010.06.17 16:45:00.107,0.88795,0.8884,1.00,6.50
2010.06.17 16:45:00.887,0.88795,0.8884,1.00,12.50
2010.06.17 16:45:01.130,0.8879,0.88835,5.60,6.10
2010.06.17 16:45:01.367,0.8879,0.88835,8.80,2.10
2010.06.17 16:45:02.070,0.8879,0.88835,3.60,11.70
2010.06.17 16:45:02.408,0.8879,0.88835,7.20,6.90
2010.06.17 16:45:02.747,0.88795,0.88835,1.00,2.90
2010.06.17 16:45:03.557,0.88795,0.88835,1.00,1.30
2010.06.17 16:45:03.842,0.88795,0.8884,3.40,1.00
2010.06.17 16:45:04.335,0.88795,0.8884,3.40,1.00
2010.06.17 16:45:04.656,0.88795,0.8884,4.10,1.00
2010.06.17 16:45:05.413,0.888,0.8884,2.00,4.00
2010.06.17 16:45:06.098,0.888,0.88845,4.00,5.40
2010.06.17 16:45:06.363,0.888,0.8884,2.40,1.00
2010.06.17 16:45:06.711,0.88805,0.88845,1.60,1.30
2010.06.17 16:45:07.050,0.888,0.88845,12.70,1.00
2010.06.17 16:45:07.889,0.888,0.88845,1.70,7.90
2010.06.17 16:45:08.227,0.88805,0.88845,1.60,6.50
2010.06.17 16:45:08.712,0.88805,0.88845,1.60,2.50
2010.06.17 16:45:08.977,0.88805,0.88845,1.60,1.70
2010.06.17 16:45:10.336,0.88805,0.88845,1.70,1.60
2010.06.17 16:45:12.626,0.88805,0.8885,10.60,2.80
2010.06.17 16:45:15.691,0.88805,0.8885,10.70,2.80
2010.06.17 16:45:15.727,0.88805,0.88845,1.70,1.60
2010.06.17 16:45:17.016,0.88805,0.88845,1.60,2.50
2010.06.17 16:45:17.317,0.88795,0.88835,5.90,1.60
2010.06.17 16:45:17.616,0.88795,0.88835,3.40,1.60
2010.06.17 16:45:18.235,0.888,0.88835,1.00,1.60
2010.06.17 16:45:18.375,0.888,0.8884,1.70,2.80
2010.06.17 16:45:18.818,0.888,0.8884,1.70,2.40
2010.06.17 16:45:18.958,0.888,0.88845,1.70,7.50
2010.06.17 16:45:21.446,0.888,0.88845,6.10,6.50
2010.06.17 16:45:21.655,0.888,0.88845,12.50,2.50
2010.06.17 16:45:23.106,0.888,0.88845,12.70,2.50
2010.06.17 16:45:24.094,0.88805,0.88845,1.00,2.40
2010.06.17 16:45:27.226,0.88805,0.8885,3.30,10.40
2010.06.17 16:45:27.455,0.88805,0.8885,11.30,2.40
2010.06.17 16:45:29.230,0.88805,0.8885,11.40,2.40
2010.06.17 16:45:36.927,0.8881,0.8885,1.00,1.60
2010.06.17 16:45:37.107,0.8881,0.8885,4.30,1.60
2010.06.17 16:45:37.544,0.8881,0.88855,4.30,8.00
2010.06.17 16:45:37.721,0.88815,0.8886,10.40,2.80
2010.06.17 16:45:38.027,0.88815,0.8886,11.30,2.10
2010.06.17 16:45:38.776,0.88815,0.8886,9.70,1.60
2010.06.17 16:45:39.108,0.88815,0.8886,1.00,10.50
2010.06.17 16:45:40.227,0.88815,0.8886,1.20,10.50
2010.06.17 16:45:40.567,0.88815,0.8886,12.50,1.60
2010.06.17 16:45:40.906,0.88815,0.8886,12.10,1.60
2010.06.17 16:45:41.245,0.88815,0.8886,12.30,1.60
2010.06.17 16:45:42.126,0.8882,0.8886,1.00,1.60
2010.06.17 16:45:42.325,0.8882,0.8886,1.00,1.60
2010.06.17 16:45:43.123,0.8882,0.8886,1.00,1.60
2010.06.17 16:45:43.465,0.88815,0.8886,12.90,1.60
2010.06.17 16:45:44.885,0.88815,0.8886,13.00,1.60
2010.06.17 16:45:44.985,0.88815,0.88855,12.30,1.60
2010.06.17 16:45:45.085,0.88815,0.88855,4.30,1.60
2010.06.17 16:45:45.185,0.88815,0.88855,2.50,1.60
2010.06.17 16:45:47.185,0.88815,0.88855,2.40,1.70
2010.06.17 16:45:47.297,0.88815,0.88855,2.40,2.10
2010.06.17 16:45:47.416,0.88815,0.88855,1.00,6.90
2010.06.17 16:45:47.947,0.88815,0.88855,1.00,11.70
2010.06.17 16:45:48.248,0.88815,0.88855,1.00,11.60
2010.06.17 16:45:48.547,0.88815,0.88855,1.00,3.70
2010.06.17 16:45:51.448,0.88815,0.88855,1.00,3.30
2010.06.17 16:45:51.996,0.88815,0.88855,1.00,3.60
2010.06.17 16:45:53.117,0.88815,0.88855,1.00,4.40
2010.06.17 16:45:53.693,0.88815,0.88855,1.00,4.90
2010.06.17 16:45:53.799,0.88805,0.8885,8.80,1.00
2010.06.17 16:45:54.585,0.88805,0.8885,4.80,1.00
2010.06.17 16:45:56.535,0.88805,0.8885,8.80,1.00
2010.06.17 16:45:56.755,0.88805,0.8885,10.40,1.00
2010.06.17 16:45:56.865,0.88805,0.88855,11.30,3.70
2010.06.17 16:45:57.821,0.88805,0.88855,7.30,7.70
2010.06.17 16:45:58.266,0.88805,0.88855,7.30,7.90
2010.06.17 16:45:58.486,0.8881,0.8885,1.00,4.00
2010.06.17 16:46:03.433,0.8881,0.8885,1.00,4.00
2010.06.17 16:46:03.605,0.88815,0.8885,1.60,4.00
2010.06.17 16:46:03.777,0.88815,0.88855,1.60,2.50
2010.06.17 16:46:03.956,0.88815,0.88855,1.60,1.60
2010.06.17 16:46:05.218,0.88815,0.88855,1.60,1.70
2010.06.17 16:46:06.205,0.88815,0.88855,1.70,1.60
2010.06.17 16:46:08.553,0.88815,0.88855,1.70,2.40
2010.06.17 16:46:09.440,0.88815,0.88855,1.60,2.40
2010.06.17 16:46:12.086,0.88815,0.88855,1.60,2.50
2010.06.17 16:46:12.387,0.88815,0.88855,1.60,7.30
2010.06.17 16:46:12.687,0.8881,0.88855,6.20,3.50
2010.06.17 16:46:12.976,0.8881,0.88855,2.40,11.50
2010.06.17 16:46:13.432,0.8881,0.8885,2.40,1.00
2010.06.17 16:46:13.719,0.88805,0.88845,7.50,1.60
2010.06.17 16:46:14.660,0.8881,0.88845,6.50,1.60
2010.06.17 16:46:15.125,0.8881,0.88845,10.50,1.60
2010.06.17 16:46:15.397,0.88815,0.88855,1.60,1.60
2010.06.17 16:46:16.075,0.88815,0.88855,1.60,1.70
2010.06.17 16:46:17.062,0.88815,0.88855,1.70,1.60
2010.06.17 16:46:22.496,0.88815,0.88855,1.60,1.60
2010.06.17 16:46:25.507,0.8882,0.8886,1.00,3.20
2010.06.17 16:46:25.715,0.8882,0.8886,1.00,2.40
2010.06.17 16:46:26.897,0.8882,0.8885,1.00,1.60
2010.06.17 16:46:27.045,0.88815,0.8885,12.00,1.60
2010.06.17 16:46:27.578,0.88815,0.8885,4.00,1.60
2010.06.17 16:46:27.737,0.88815,0.8885,1.60,1.60
2010.06.17 16:46:28.991,0.88815,0.8886,7.20,4.90
2010.06.17 16:46:29.288,0.88815,0.88855,2.30,1.00
2010.06.17 16:46:29.587,0.88815,0.88855,1.60,1.50
2010.06.17 16:46:30.518,0.8881,0.8884,4.80,2.50
2010.06.17 16:46:30.759,0.88805,0.88845,1.60,1.70
2010.06.17 16:46:31.478,0.88805,0.88845,1.60,1.00
2010.06.17 16:46:31.821,0.88805,0.88845,1.60,4.00
2010.06.17 16:46:32.897,0.888,0.8884,1.00,6.50
2010.06.17 16:46:33.242,0.88795,0.8884,2.90,6.50
2010.06.17 16:46:34.026,0.88795,0.8884,2.40,6.50
2010.06.17 16:46:34.447,0.88795,0.8884,2.50,6.50
2010.06.17 16:46:34.785,0.88795,0.8884,2.50,6.70
2010.06.17 16:46:37.349,0.88795,0.8884,1.00,4.90
2010.06.17 16:46:37.640,0.88795,0.8884,5.30,1.00
2010.06.17 16:46:37.929,0.888,0.8884,11.30,1.00
2010.06.17 16:46:38.453,0.888,0.88845,1.00,6.40
2010.06.17 16:46:38.799,0.88795,0.88845,9.70,6.90
2010.06.17 16:46:39.136,0.888,0.88845,1.00,6.90
2010.06.17 16:46:39.476,0.888,0.88845,1.00,7.10
2010.06.17 16:46:43.267,0.888,0.8884,1.00,6.50
2010.06.17 16:46:43.526,0.88795,0.8884,1.00,6.50
2010.06.17 16:46:43.776,0.88795,0.8884,1.00,6.90
2010.06.17 16:46:45.116,0.888,0.8884,4.00,6.90
2010.06.17 16:46:45.258,0.888,0.88835,14.40,1.30
2010.06.17 16:46:45.406,0.8879,0.8883,3.30,1.60
2010.06.17 16:46:45.556,0.8879,0.8883,3.60,1.60
2010.06.17 16:46:46.557,0.88785,0.8882,1.00,1.60
2010.06.17 16:46:47.299,0.8878,0.8882,1.60,12.00
2010.06.17 16:46:47.752,0.8878,0.8882,1.60,12.10
2010.06.17 16:46:48.078,0.8878,0.8882,1.60,12.80
2010.06.17 16:46:49.309,0.8879,0.88825,1.60,1.60
2010.06.17 16:46:49.626,0.8878,0.88825,13.90,1.60
2010.06.17 16:46:50.374,0.88795,0.88825,1.00,1.60
2010.06.17 16:46:50.700,0.88785,0.88825,1.00,1.60
2010.06.17 16:46:51.406,0.8878,0.88825,14.70,1.60
2010.06.17 16:46:52.419,0.8878,0.88825,13.90,1.60
2010.06.17 16:46:52.555,0.8878,0.88815,13.90,1.60
2010.06.17 16:46:52.696,0.8878,0.88815,2.50,1.60
2010.06.17 16:46:52.836,0.8878,0.88825,13.90,1.60
2010.06.17 16:46:53.884,0.8878,0.8883,13.90,9.90
2010.06.17 16:46:54.230,0.88785,0.8883,8.90,1.00
2010.06.17 16:46:55.266,0.8878,0.88825,10.40,1.60
2010.06.17 16:46:55.467,0.8878,0.88825,13.70,1.60
2010.06.17 16:46:55.950,0.88785,0.88825,1.00,1.60
2010.06.17 16:46:56.118,0.88785,0.8883,8.90,1.00
2010.06.17 16:46:56.725,0.88785,0.8883,8.90,1.60
2010.06.17 16:46:56.886,0.88785,0.88825,8.00,3.30
2010.06.17 16:46:57.338,0.88785,0.88825,8.00,4.10
2010.06.17 16:46:57.676,0.88775,0.88825,9.80,11.30
2010.06.17 16:46:57.996,0.8878,0.88825,1.00,10.40
2010.06.17 16:46:58.317,0.8879,0.88825,1.60,1.00
2010.06.17 16:46:58.640,0.88785,0.88835,8.90,7.50
2010.06.17 16:46:59.224,0.88785,0.8883,1.00,1.80
2010.06.17 16:46:59.498,0.88785,0.8882,1.00,1.60
2010.06.17 16:46:59.802,0.88785,0.88825,1.00,1.60
2010.06.17 16:47:00.527,0.8878,0.88825,13.90,1.60
2010.06.17 16:47:00.866,0.8878,0.8882,9.60,1.00
2010.06.17 16:47:01.206,0.88775,0.88825,12.70,11.30
2010.06.17 16:47:01.679,0.8878,0.88825,1.00,11.30
2010.06.17 16:47:01.951,0.8879,0.88835,4.00,6.90
2010.06.17 16:47:02.216,0.88785,0.88835,9.70,10.90
2010.06.17 16:47:02.475,0.88785,0.88835,10.20,10.90
2010.06.17 16:47:02.956,0.88785,0.88835,10.20,11.90
2010.06.17 16:47:03.177,0.88785,0.8883,1.20,10.90
2010.06.17 16:47:03.660,0.88785,0.88825,1.00,1.60
2010.06.17 16:47:03.879,0.88785,0.8883,9.90,1.00
2010.06.17 16:47:04.155,0.88785,0.8883,9.70,1.00
2010.06.17 16:47:04.703,0.88785,0.8883,8.90,1.00
2010.06.17 16:47:05.126,0.88785,0.8883,8.90,1.00
2010.06.17 16:47:06.254,0.8879,0.8883,2.40,1.00
2010.06.17 16:47:06.352,0.8879,0.8883,8.50,1.00
2010.06.17 16:47:07.127,0.8879,0.8883,8.00,1.00
2010.06.17 16:47:07.216,0.88785,0.8883,10.20,1.00
2010.06.17 16:47:07.305,0.88785,0.8883,9.40,1.00
2010.06.17 16:47:07.636,0.8879,0.8883,2.50,1.00
2010.06.17 16:47:07.966,0.8879,0.8883,8.90,1.00
2010.06.17 16:47:08.531,0.8879,0.8883,9.10,1.00
2010.06.17 16:47:10.497,0.88795,0.8884,4.90,1.00
2010.06.17 16:47:10.817,0.888,0.88845,6.10,1.30
2010.06.17 16:47:11.519,0.888,0.88845,4.90,5.30
2010.06.17 16:47:11.838,0.888,0.88845,2.50,6.90
2010.06.17 16:47:12.148,0.888,0.88845,2.50,7.10
2010.06.17 16:47:12.706,0.888,0.88845,2.70,6.90
2010.06.17 16:47:12.986,0.888,0.88845,13.90,1.00
2010.06.17 16:47:14.121,0.888,0.88845,13.80,1.00
2010.06.17 16:47:14.346,0.888,0.88845,6.60,4.80
2010.06.17 16:47:14.636,0.88805,0.88845,2.50,2.40
2010.06.17 16:47:14.938,0.88805,0.88835,1.00,1.60
2010.06.17 16:47:15.499,0.888,0.8884,3.30,4.60
2010.06.17 16:47:15.681,0.888,0.8884,2.50,1.00
2010.06.17 16:47:15.856,0.888,0.8884,2.50,1.00
2010.06.17 16:47:16.117,0.888,0.8884,2.70,1.00
2010.06.17 16:47:18.052,0.888,0.88845,2.70,7.50
2010.06.17 16:47:18.235,0.888,0.88845,10.70,3.50
2010.06.17 16:47:18.415,0.888,0.88845,2.70,7.50
2010.06.17 16:47:19.546,0.888,0.88845,5.10,7.50
2010.06.17 16:47:19.827,0.888,0.88845,14.40,1.00
2010.06.17 16:47:20.552,0.888,0.8885,14.40,5.70
2010.06.17 16:47:20.976,0.88805,0.8885,8.00,1.70
2010.06.17 16:47:22.034,0.8881,0.8885,1.00,1.00
2010.06.17 16:47:22.320,0.8881,0.88845,2.50,1.60
2010.06.17 16:47:22.598,0.8881,0.88845,1.60,1.60
2010.06.17 16:47:24.127,0.8881,0.88855,11.70,3.30
2010.06.17 16:47:28.457,0.8882,0.88855,1.60,1.60
2010.06.17 16:47:31.571,0.8882,0.88855,1.60,1.60
2010.06.17 16:47:32.137,0.8882,0.88855,1.70,1.60
2010.06.17 16:47:32.318,0.8882,0.88865,4.70,2.80
2010.06.17 16:47:32.498,0.8883,0.88865,1.60,2.40
2010.06.17 16:47:32.678,0.8883,0.88865,1.60,1.60
2010.06.17 16:47:33.421,0.8883,0.88875,8.50,1.60
2010.06.17 16:47:33.757,0.8883,0.88875,9.30,1.60
2010.06.17 16:47:34.097,0.8883,0.88875,9.70,1.60
2010.06.17 16:47:34.783,0.8883,0.88875,9.70,5.60
2010.06.17 16:47:35.134,0.8883,0.88865,5.70,9.60
2010.06.17 16:47:35.477,0.8883,0.88865,1.60,9.60
2010.06.17 16:47:36.671,0.8881,0.88845,2.40,1.60
2010.06.17 16:47:36.937,0.8881,0.8885,3.30,8.00
2010.06.17 16:47:37.783,0.8882,0.8885,1.60,8.00
2010.06.17 16:47:38.129,0.8882,0.88855,1.60,9.60
2010.06.17 16:47:38.630,0.8882,0.88855,4.00,5.60
2010.06.17 16:47:39.073,0.8882,0.88855,4.70,9.60
2010.06.17 16:47:39.319,0.8882,0.8886,4.70,8.00
2010.06.17 16:47:40.798,0.8882,0.8886,4.70,4.00
2010.06.17 16:47:43.573,0.8882,0.88865,4.70,6.40
2010.06.17 16:47:43.725,0.8882,0.88865,4.70,2.40
2010.06.17 16:47:44.361,0.8882,0.88865,4.50,2.50
2010.06.17 16:47:44.487,0.8882,0.88865,4.00,3.50
2010.06.17 16:47:44.617,0.8882,0.88855,1.60,1.60
2010.06.17 16:47:45.668,0.8882,0.88855,1.70,1.60
2010.06.17 16:47:45.937,0.8882,0.88865,4.70,2.40
2010.06.17 16:47:46.207,0.8882,0.88865,3.90,2.00
2010.06.17 16:47:46.779,0.8882,0.88865,2.90,10.00
2010.06.17 16:47:47.100,0.8882,0.88865,4.90,1.60
2010.06.17 16:47:49.147,0.8882,0.88865,5.10,1.60
2010.06.17 16:47:54.498,0.8883,0.88865,1.60,1.60
2010.06.17 16:47:55.424,0.8883,0.8887,1.60,1.00
2010.06.17 16:47:55.618,0.8883,0.88875,8.00,2.90
2010.06.17 16:47:55.807,0.8883,0.88865,8.90,1.60
2010.06.17 16:47:55.999,0.8883,0.88865,5.60,1.60
2010.06.17 16:47:56.185,0.8883,0.88865,1.60,1.60
2010.06.17 16:47:56.816,0.8883,0.88875,1.70,10.90
2010.06.17 16:47:57.146,0.8883,0.88875,9.10,2.40
2010.06.17 16:47:57.477,0.8883,0.8887,2.40,1.00
2010.06.17 16:47:57.818,0.88825,0.88865,1.00,1.60
2010.06.17 16:47:58.386,0.8882,0.88865,9.80,1.60
2010.06.17 16:47:58.650,0.8882,0.88865,1.00,10.50
2010.06.17 16:47:58.979,0.8882,0.88865,1.00,11.30
2010.06.17 16:47:59.308,0.8882,0.88865,9.70,2.40
2010.06.17 16:47:59.639,0.8883,0.88865,1.60,2.40
2010.06.17 16:48:00.318,0.88825,0.88855,4.00,1.60
2010.06.17 16:48:00.641,0.88815,0.88865,11.30,12.00
2010.06.17 16:48:00.959,0.8882,0.88865,2.40,11.30
2010.06.17 16:48:01.188,0.8882,0.88865,3.30,8.80
2010.06.17 16:48:02.511,0.8882,0.88865,4.10,10.40
2010.06.17 16:48:02.709,0.8882,0.88865,1.00,10.40
2010.06.17 16:48:02.906,0.8882,0.88865,1.00,11.30
2010.06.17 16:48:03.467,0.8883,0.88865,1.60,6.40
2010.06.17 16:48:04.179,0.8883,0.88865,1.60,2.40
2010.06.17 16:48:04.419,0.8882,0.88865,9.90,1.60
2010.06.17 16:48:04.657,0.8882,0.88865,9.70,1.70
2010.06.17 16:48:04.896,0.8882,0.88865,1.70,9.70
2010.06.17 16:48:05.530,0.8882,0.88865,1.00,10.70
2010.06.17 16:48:05.868,0.8882,0.88865,1.00,11.50
2010.06.17 16:48:06.207,0.88815,0.88865,11.40,11.40
2010.06.17 16:48:07.175,0.88815,0.8886,11.50,1.00
2010.06.17 16:48:08.838,0.8882,0.88865,1.00,11.30
2010.06.17 16:48:09.056,0.88815,0.88865,12.80,9.70
2010.06.17 16:48:09.166,0.8882,0.88865,2.40,9.70
2010.06.17 16:48:09.366,0.88815,0.88865,12.80,9.70
2010.06.17 16:48:09.566,0.88815,0.88865,12.00,11.30
2010.06.17 16:48:09.765,0.88815,0.88865,12.20,11.30
2010.06.17 16:48:10.165,0.88815,0.88865,11.50,11.30
2010.06.17 16:48:11.159,0.88815,0.88865,11.50,11.50
2010.06.17 16:48:12.197,0.88815,0.8886,11.50,1.00
2010.06.17 16:48:13.558,0.8883,0.88865,1.60,1.60
2010.06.17 16:48:14.907,0.8883,0.8887,4.90,1.00
2010.06.17 16:48:15.165,0.8883,0.88875,4.90,10.40
2010.06.17 16:48:15.427,0.8883,0.88875,4.00,11.40
2010.06.17 16:48:15.961,0.8883,0.88865,1.60,1.60
2010.06.17 16:48:16.736,0.88825,0.8887,9.90,1.00
2010.06.17 16:48:17.489,0.88825,0.8887,9.90,1.00
2010.06.17 16:48:18.713,0.88825,0.8887,9.70,1.00
2010.06.17 16:48:19.056,0.88825,0.88865,1.00,1.60
2010.06.17 16:48:19.691,0.88825,0.8887,1.00,9.30
2010.06.17 16:48:19.928,0.8883,0.8887,3.30,8.80
2010.06.17 16:48:20.166,0.8883,0.8887,3.30,1.00
2010.06.17 16:48:21.575,0.88835,0.88875,4.50,1.00
2010.06.17 16:48:21.869,0.8883,0.88875,3.30,9.20
2010.06.17 16:48:22.096,0.8883,0.88875,3.30,8.80
2010.06.17 16:48:23.218,0.8883,0.88875,7.30,1.00
2010.06.17 16:48:23.457,0.8883,0.88875,7.30,1.00
2010.06.17 16:48:24.537,0.8883,0.88875,4.00,3.70
2010.06.17 16:48:24.990,0.88825,0.88875,9.70,7.70
2010.06.17 16:48:25.291,0.88825,0.88875,5.70,11.30
2010.06.17 16:48:25.586,0.88825,0.88875,5.70,11.50
2010.06.17 16:48:27.276,0.88825,0.8887,5.70,1.00
2010.06.17 16:48:27.457,0.88825,0.88855,1.70,1.60
2010.06.17 16:48:27.980,0.8883,0.88865,1.60,1.00
2010.06.17 16:48:28.089,0.8883,0.88875,7.20,2.20
2010.06.17 16:48:28.202,0.8883,0.88875,5.60,1.00
2010.06.17 16:48:28.318,0.8883,0.8888,8.10,14.10
2010.06.17 16:48:28.707,0.8883,0.8888,8.10,14.60
2010.06.17 16:48:30.225,0.8883,0.8888,8.10,15.40
2010.06.17 16:48:30.396,0.8883,0.8888,5.70,14.90
2010.06.17 16:48:30.565,0.8883,0.88875,1.00,10.10
2010.06.17 16:48:31.178,0.8883,0.88875,3.20,8.50
2010.06.17 16:48:31.387,0.8883,0.8888,9.70,12.40
2010.06.17 16:48:31.837,0.88835,0.8888,1.00,12.40
2010.06.17 16:48:31.987,0.88835,0.8888,4.90,2.10
2010.06.17 16:48:32.136,0.88835,0.8888,4.90,2.00
2010.06.17 16:48:33.068,0.88835,0.8888,4.90,2.10
2010.06.17 16:48:34.065,0.88835,0.8888,5.50,2.10
2010.06.17 16:48:34.295,0.88835,0.8888,5.50,1.70
2010.06.17 16:48:34.953,0.8884,0.8888,1.60,1.00
2010.06.17 16:48:35.189,0.8884,0.8888,2.10,1.00
2010.06.17 16:48:37.661,0.8884,0.8888,6.10,1.00
2010.06.17 16:48:37.798,0.88835,0.8888,11.10,1.00
2010.06.17 16:48:37.936,0.88835,0.8888,6.80,4.80
2010.06.17 16:48:38.077,0.88835,0.8888,2.80,8.80
2010.06.17 16:48:38.856,0.88835,0.8888,1.90,12.10
2010.06.17 16:48:39.195,0.88835,0.8888,1.90,12.30
2010.06.17 16:48:39.947,0.88835,0.8888,6.00,4.30
2010.06.17 16:48:42.345,0.88835,0.8888,2.10,12.30
2010.06.17 16:48:44.420,0.88835,0.8888,2.00,12.30
2010.06.17 16:48:44.430,0.88835,0.8888,1.20,12.30
2010.06.17 16:48:44.516,0.8883,0.88875,1.00,8.90
2010.06.17 16:48:45.495,0.8883,0.8887,1.00,2.40
2010.06.17 16:48:46.208,0.88835,0.8887,4.00,2.40
2010.06.17 16:48:46.427,0.8884,0.88875,1.60,1.00
2010.06.17 16:48:46.637,0.8883,0.88875,8.00,1.00
2010.06.17 16:48:46.877,0.8883,0.8887,1.00,2.40
2010.06.17 16:48:47.567,0.88835,0.8888,9.10,4.10
2010.06.17 16:48:47.806,0.88835,0.8888,4.40,4.10
2010.06.17 16:48:48.106,0.88835,0.8888,1.20,12.10
2010.06.17 16:48:49.083,0.88835,0.8888,1.20,12.30
2010.06.17 16:48:50.017,0.88835,0.8888,4.50,8.30
2010.06.17 16:48:50.116,0.88835,0.8888,1.00,12.30
2010.06.17 16:48:50.348,0.88835,0.8888,1.00,12.10
2010.06.17 16:48:50.446,0.8884,0.8888,1.60,12.10
2010.06.17 16:48:50.996,0.8884,0.8888,1.60,4.10
2010.06.17 16:48:52.047,0.8884,0.8888,1.70,4.10
2010.06.17 16:48:55.250,0.88835,0.8888,5.30,4.10
2010.06.17 16:48:56.665,0.88835,0.8888,5.10,4.30
2010.06.17 16:48:57.866,0.88835,0.8887,1.00,2.40
2010.06.17 16:48:58.620,0.88825,0.8887,10.50,3.30
2010.06.17 16:48:59.961,0.8883,0.8887,1.00,2.40
2010.06.17 16:49:00.567,0.8883,0.8887,2.00,2.40
2010.06.17 16:49:00.798,0.88835,0.88875,8.00,1.00
2010.06.17 16:49:01.818,0.8883,0.8887,10.40,2.40
2010.06.17 16:49:02.046,0.8883,0.8887,10.20,2.40
2010.06.17 16:49:03.140,0.88835,0.8887,8.00,2.40
2010.06.17 16:49:03.318,0.88835,0.88875,8.00,2.40
2010.06.17 16:49:03.499,0.8883,0.8887,10.40,2.40
2010.06.17 16:49:03.679,0.88835,0.88875,8.00,1.00
2010.06.17 16:49:04.118,0.88835,0.88875,4.00,1.00
2010.06.17 16:49:04.457,0.8883,0.88875,10.80,1.00
2010.06.17 16:49:04.796,0.88835,0.88875,8.00,1.00
2010.06.17 16:49:05.136,0.8883,0.8887,10.40,2.40
2010.06.17 16:49:05.889,0.88835,0.88875,8.00,1.30
2010.06.17 16:49:06.177,0.88835,0.88875,8.00,1.00
2010.06.17 16:49:07.215,0.88835,0.88875,8.10,1.00
2010.06.17 16:49:07.636,0.88835,0.88875,8.10,1.70
2010.06.17 16:49:07.757,0.8884,0.88875,1.60,3.30
2010.06.17 16:49:07.996,0.8884,0.88875,1.60,2.40
2010.06.17 16:49:08.540,0.8884,0.88875,1.60,1.00
2010.06.17 16:49:08.729,0.8884,0.88875,5.60,1.00
2010.06.17 16:49:09.122,0.8884,0.88875,5.70,1.00
2010.06.17 16:49:10.864,0.8884,0.88875,4.10,1.00
2010.06.17 16:49:11.038,0.88835,0.88875,8.10,1.00
2010.06.17 16:49:16.337,0.8883,0.88875,10.30,1.30
2010.06.17 16:49:16.397,0.8883,0.8887,10.30,2.40
2010.06.17 16:49:16.892,0.8883,0.8887,11.10,2.40
2010.06.17 16:49:18.036,0.8883,0.8887,10.30,2.40
2010.06.17 16:49:18.626,0.8883,0.8887,9.70,2.40
2010.06.17 16:49:19.905,0.8883,0.8887,9.60,2.40
2010.06.17 16:49:20.066,0.8883,0.8887,1.60,2.40
2010.06.17 16:49:20.225,0.88825,0.8887,10.90,4.10
2010.06.17 16:49:20.546,0.88825,0.8887,10.70,4.10
2010.06.17 16:49:21.277,0.88825,0.8887,10.70,4.30
2010.06.17 16:49:21.816,0.88825,0.88865,10.50,1.00
2010.06.17 16:49:22.086,0.88825,0.8886,1.00,2.40
2010.06.17 16:49:22.355,0.88825,0.8886,1.00,2.40
2010.06.17 16:49:23.395,0.8882,0.8886,12.00,2.40
2010.06.17 16:49:23.609,0.8882,0.8886,10.40,2.40
2010.06.17 16:49:25.391,0.88825,0.8887,8.00,4.10
2010.06.17 16:49:25.696,0.88825,0.8887,8.00,3.30
2010.06.17 16:49:26.006,0.8882,0.8887,12.40,11.30
2010.06.17 16:49:26.315,0.8882,0.8887,12.50,11.30
2010.06.17 16:49:27.236,0.88825,0.8887,8.00,3.30
2010.06.17 16:49:27.458,0.88825,0.8887,8.40,3.30
2010.06.17 16:49:28.080,0.8883,0.88865,1.00,1.60
2010.06.17 16:49:28.817,0.88825,0.8887,4.00,7.70
2010.06.17 16:49:29.086,0.8882,0.88865,4.80,1.00
2010.06.17 16:49:31.162,0.88825,0.88865,1.00,1.00
2010.06.17 16:49:32.255,0.8882,0.88865,4.90,1.00
2010.06.17 16:49:32.373,0.8882,0.88865,4.80,1.00
2010.06.17 16:49:32.489,0.88825,0.8886,1.00,1.00
2010.06.17 16:49:32.597,0.88825,0.8886,1.00,3.30
2010.06.17 16:49:32.708,0.88825,0.88865,1.00,1.00
2010.06.17 16:49:33.686,0.8882,0.88865,4.80,1.00
2010.06.17 16:49:34.022,0.88825,0.88865,5.60,1.70
2010.06.17 16:49:34.287,0.88825,0.88865,9.60,1.00
2010.06.17 16:49:34.676,0.88825,0.8887,9.60,4.10
2010.06.17 16:49:35.436,0.88825,0.8887,9.60,5.70
2010.06.17 16:49:35.926,0.88825,0.88865,5.60,1.00
2010.06.17 16:49:36.168,0.88825,0.8887,9.70,3.70
2010.06.17 16:49:37.258,0.88825,0.8887,10.50,2.90
2010.06.17 16:49:39.759,0.88825,0.88865,1.00,1.00
2010.06.17 16:49:39.926,0.8882,0.88865,4.90,1.00
2010.06.17 16:49:40.768,0.8882,0.88865,5.70,1.00
2010.06.17 16:49:41.456,0.88825,0.8887,8.00,4.10
2010.06.17 16:49:41.800,0.8882,0.88865,4.80,1.00
2010.06.17 16:49:42.089,0.8882,0.88865,4.90,1.00
2010.06.17 16:49:42.406,0.8882,0.8886,4.90,1.00
2010.06.17 16:49:43.038,0.88825,0.8887,11.20,3.30
2010.06.17 16:49:43.357,0.8883,0.88875,4.00,1.70
2010.06.17 16:49:44.330,0.88825,0.8887,10.40,3.30
2010.06.17 16:49:45.017,0.88825,0.88865,1.00,1.00
2010.06.17 16:49:49.069,0.88825,0.88865,1.00,1.00
2010.06.17 16:49:50.346,0.88825,0.88865,1.00,1.00
2010.06.17 16:49:50.416,0.8882,0.8886,1.00,4.00
2010.06.17 16:49:50.485,0.8882,0.8886,1.00,8.00
2010.06.17 16:49:50.556,0.8882,0.8886,1.00,10.90
2010.06.17 16:49:50.626,0.88815,0.8886,2.50,12.50
2010.06.17 16:49:51.087,0.88815,0.8886,1.00,12.50
2010.06.17 16:49:51.377,0.8881,0.8885,1.00,1.00
2010.06.17 16:49:51.676,0.8881,0.88855,1.00,4.50
2010.06.17 16:49:52.063,0.8881,0.88855,1.00,4.50
2010.06.17 16:49:53.726,0.8881,0.88855,1.00,4.50
2010.06.17 16:49:55.566,0.8881,0.88855,1.60,4.50
2010.06.17 16:49:55.766,0.8881,0.8886,10.00,13.60
2010.06.17 16:49:55.946,0.8881,0.8886,10.00,11.30
2010.06.17 16:49:56.126,0.8881,0.8886,9.20,11.30
2010.06.17 16:49:56.652,0.88815,0.8886,1.00,12.90
2010.06.17 16:49:56.851,0.8881,0.88855,1.20,4.50
2010.06.17 16:50:00.167,0.8881,0.88855,1.00,4.50
2010.06.17 16:50:01.119,0.8881,0.88855,1.00,4.60
2010.06.17 16:50:01.379,0.8881,0.88845,1.00,2.10
2010.06.17 16:50:01.954,0.8881,0.88845,1.60,2.10
2010.06.17 16:50:02.148,0.8881,0.88855,1.00,4.50
2010.06.17 16:50:04.178,0.8881,0.88855,1.60,4.50
2010.06.17 16:50:04.410,0.88815,0.8886,2.80,13.70
2010.06.17 16:50:04.634,0.88815,0.8886,11.60,2.40
2010.06.17 16:50:05.256,0.88815,0.88865,11.60,5.90
2010.06.17 16:50:05.569,0.8882,0.88865,1.00,5.70
2010.06.17 16:50:06.169,0.8882,0.88865,1.00,5.80
2010.06.17 16:50:07.248,0.8882,0.88865,1.00,5.90
2010.06.17 16:50:07.596,0.8882,0.88865,1.00,5.90
2010.06.17 16:50:08.611,0.8882,0.88865,1.00,5.90
2010.06.17 16:50:09.211,0.8882,0.8886,1.00,1.60
2010.06.17 16:50:09.418,0.8882,0.8886,1.00,4.50
2010.06.17 16:50:10.366,0.8882,0.8886,1.00,4.70
2010.06.17 16:50:12.047,0.8882,0.8886,1.00,4.50
2010.06.17 16:50:12.721,0.8882,0.8886,1.00,4.50
2010.06.17 16:50:22.677,0.8882,0.8886,1.60,1.00
2010.06.17 16:50:22.898,0.88825,0.88865,1.60,4.90
2010.06.17 16:50:23.117,0.88825,0.8887,1.60,9.90
2010.06.17 16:50:23.697,0.8882,0.88865,2.10,4.00
2010.06.17 16:50:23.846,0.8882,0.88865,2.00,4.90
2010.06.17 16:50:25.026,0.8882,0.88865,2.00,5.10
2010.06.17 16:50:30.562,0.8882,0.88865,1.20,5.10
2010.06.17 16:50:30.823,0.88825,0.8887,10.50,4.50
2010.06.17 16:50:30.959,0.88825,0.8887,11.60,4.50
2010.06.17 16:50:32.062,0.88825,0.8887,11.70,4.50
2010.06.17 16:50:32.397,0.8883,0.8887,4.10,2.40
2010.06.17 16:50:32.736,0.8883,0.88875,5.50,1.70
2010.06.17 16:50:32.957,0.8883,0.8887,1.30,4.00
2010.06.17 16:50:33.419,0.8883,0.8887,1.00,4.90
2010.06.17 16:50:34.160,0.8883,0.8887,1.00,5.10
2010.06.17 16:50:35.037,0.8883,0.8887,1.00,5.00
2010.06.17 16:50:35.666,0.88825,0.8887,12.00,5.00
2010.06.17 16:50:38.967,0.88825,0.8887,12.80,5.00
2010.06.17 16:50:39.217,0.8883,0.8887,1.00,2.40
2010.06.17 16:50:39.842,0.8883,0.8887,4.50,2.40
2010.06.17 16:50:40.095,0.8883,0.88875,9.40,1.70
2010.06.17 16:50:41.598,0.88835,0.88875,1.00,1.70
2010.06.17 16:50:41.990,0.8883,0.88875,9.40,1.70
2010.06.17 16:50:42.297,0.88835,0.88875,5.60,1.00
2010.06.17 16:50:42.990,0.88835,0.88875,9.60,1.00
2010.06.17 16:50:43.306,0.88835,0.8888,8.00,4.10
2010.06.17 16:50:47.343,0.8884,0.88885,4.00,1.90
2010.06.17 16:50:48.690,0.88835,0.8888,9.60,3.20
2010.06.17 16:50:49.345,0.88835,0.8888,8.00,4.10
2010.06.17 16:50:49.726,0.88835,0.8888,4.00,8.10
2010.06.17 16:50:49.916,0.8883,0.8888,8.80,12.10
2010.06.17 16:50:50.026,0.8883,0.88875,9.60,1.00
2010.06.17 16:50:50.597,0.88835,0.88875,4.00,1.00
2010.06.17 16:50:52.849,0.88835,0.8888,4.10,4.10
2010.06.17 16:50:53.137,0.8884,0.8888,4.00,1.00
2010.06.17 16:50:53.306,0.8884,0.88885,4.60,1.70
2010.06.17 16:50:54.313,0.8884,0.88885,4.60,1.90
2010.06.17 16:50:55.138,0.8884,0.88885,4.80,1.90
2010.06.17 16:51:07.749,0.88845,0.88885,7.40,1.70
2010.06.17 16:51:08.088,0.88845,0.88885,1.00,1.00
2010.06.17 16:51:08.226,0.88845,0.88885,1.00,1.70
2010.06.17 16:51:08.357,0.8884,0.88885,4.80,1.70
2010.06.17 16:51:09.058,0.8884,0.88885,4.80,1.90
2010.06.17 16:51:13.645,0.8884,0.88885,8.80,1.90
2010.06.17 16:51:13.726,0.8884,0.88885,8.80,1.70
2010.06.17 16:51:13.805,0.88845,0.88885,1.60,1.00
2010.06.17 16:51:14.046,0.88845,0.8889,5.60,5.50
2010.06.17 16:51:15.306,0.88845,0.8889,5.70,5.50
2010.06.17 16:51:24.566,0.88845,0.88885,5.70,1.00
2010.06.17 16:51:28.973,0.88845,0.8889,5.70,5.50
2010.06.17 16:51:31.152,0.88845,0.8889,5.70,3.90
2010.06.17 16:51:31.246,0.88845,0.88895,11.30,9.30
2010.06.17 16:51:31.688,0.88845,0.88895,11.20,9.40
2010.06.17 16:51:32.314,0.88845,0.8889,7.20,4.00
2010.06.17 16:51:32.647,0.88845,0.8889,5.60,4.50
2010.06.17 16:51:32.986,0.88845,0.8889,6.40,4.50
2010.06.17 16:51:33.326,0.88845,0.8889,6.50,4.50
2010.06.17 16:51:34.086,0.88845,0.8889,6.50,4.70
2010.06.17 16:51:35.060,0.88845,0.8889,5.70,5.50
2010.06.17 16:51:37.948,0.88845,0.8889,5.60,5.50
2010.06.17 16:51:38.237,0.88845,0.8888,1.60,1.60
2010.06.17 16:51:42.686,0.8884,0.8887,1.60,1.60
2010.06.17 16:51:42.967,0.88835,0.8887,3.20,1.60
2010.06.17 16:51:43.156,0.88835,0.8887,1.60,1.60
2010.06.17 16:51:44.570,0.8883,0.8887,5.70,1.60
2010.06.17 16:51:44.708,0.8883,0.8887,6.50,1.60
2010.06.17 16:51:44.846,0.8883,0.8887,6.90,1.60
2010.06.17 16:51:44.978,0.8883,0.8887,7.70,1.60
2010.06.17 16:51:45.117,0.88835,0.8887,1.00,1.60
2010.06.17 16:51:45.488,0.88835,0.8888,6.80,4.70
2010.06.17 16:51:47.157,0.88835,0.8888,6.90,4.70
2010.06.17 16:51:55.386,0.88835,0.88875,2.90,4.00
2010.06.17 16:51:55.935,0.88835,0.88875,3.70,4.00
2010.06.17 16:51:57.827,0.88835,0.88875,3.30,4.00
2010.06.17 16:51:58.018,0.88835,0.88875,2.50,4.00
2010.06.17 16:51:58.207,0.88835,0.8888,6.50,5.50
2010.06.17 16:52:00.053,0.88835,0.8888,6.50,9.50
2010.06.17 16:52:00.256,0.88835,0.88875,2.50,4.00
2010.06.17 16:52:04.316,0.88835,0.8888,6.50,5.50
2010.06.17 16:52:07.910,0.88835,0.8888,6.90,5.50
2010.06.17 16:52:08.545,0.88835,0.8888,2.90,9.50
2010.06.17 16:52:08.881,0.8883,0.8887,1.00,4.50
2010.06.17 16:52:09.556,0.88825,0.8887,3.60,12.50
2010.06.17 16:52:09.897,0.88825,0.8887,3.70,12.50
2010.06.17 16:52:10.817,0.8883,0.8887,1.00,1.60
2010.06.17 16:52:10.937,0.88835,0.88875,1.60,4.10
2010.06.17 16:52:11.056,0.88835,0.88875,1.60,3.30
2010.06.17 16:52:12.485,0.88835,0.88875,1.60,2.40
2010.06.17 16:52:13.606,0.88835,0.88875,1.70,2.40
2010.06.17 16:52:15.145,0.88835,0.88875,1.70,1.60
2010.06.17 16:52:28.708,0.88835,0.88875,1.60,1.60
2010.06.17 16:52:28.896,0.88835,0.88875,1.60,1.60
2010.06.17 16:52:29.276,0.88835,0.8888,2.60,1.00
2010.06.17 16:52:30.556,0.8884,0.8888,1.00,1.00
2010.06.17 16:52:31.176,0.88835,0.8888,2.60,1.00
2010.06.17 16:52:31.446,0.88835,0.8888,2.70,1.00
2010.06.17 16:52:31.881,0.88835,0.88875,2.70,1.60
2010.06.17 16:52:32.213,0.88835,0.88885,12.30,4.80
2010.06.17 16:52:32.576,0.8884,0.88885,1.00,4.80
2010.06.17 16:52:33.024,0.8884,0.88885,1.00,4.80
2010.06.17 16:52:33.656,0.88855,0.88885,2.40,4.80
2010.06.17 16:52:34.252,0.88855,0.8889,6.40,4.10
2010.06.17 16:52:34.412,0.8887,0.88905,1.00,8.00
2010.06.17 16:52:34.568,0.8887,0.88905,1.00,4.00
2010.06.17 16:52:34.730,0.8887,0.8891,1.00,9.30
2010.06.17 16:52:35.330,0.8887,0.88905,1.00,4.00
2010.06.17 16:52:35.669,0.8887,0.88905,1.00,1.00
2010.06.17 16:52:36.007,0.8887,0.8891,1.00,5.40
2010.06.17 16:52:36.348,0.8887,0.8891,1.00,3.20
2010.06.17 16:52:36.808,0.8887,0.8891,1.00,4.10
2010.06.17 16:52:37.317,0.8887,0.8891,1.00,4.10
2010.06.17 16:52:37.566,0.8887,0.8891,3.20,4.10
2010.06.17 16:52:38.228,0.8887,0.88905,3.20,1.00
2010.06.17 16:52:38.691,0.8887,0.88905,3.50,1.00
2010.06.17 16:52:38.870,0.8887,0.88905,3.60,1.00
2010.06.17 16:52:39.048,0.8887,0.8891,3.60,1.70
2010.06.17 16:52:40.187,0.88865,0.88905,3.40,6.50
2010.06.17 16:52:40.527,0.88865,0.88905,3.40,4.90
2010.06.17 16:52:41.193,0.8887,0.8891,1.20,5.70
2010.06.17 16:52:41.482,0.8887,0.88905,1.00,1.60
2010.06.17 16:52:41.753,0.8887,0.88905,2.80,4.00
2010.06.17 16:52:42.462,0.8887,0.8891,2.80,5.70
2010.06.17 16:52:46.637,0.88875,0.8891,1.60,4.90
2010.06.17 16:52:46.888,0.88885,0.88915,2.00,1.60
2010.06.17 16:52:47.117,0.88885,0.88915,1.00,1.60
2010.06.17 16:52:47.348,0.8888,0.88905,1.00,1.60
2010.06.17 16:52:48.019,0.88865,0.88915,13.10,7.50
2010.06.17 16:52:48.357,0.88865,0.8891,2.00,1.00
2010.06.17 16:52:48.698,0.88865,0.88905,1.20,1.00
2010.06.17 16:52:49.777,0.88865,0.88905,1.00,1.00
2010.06.17 16:52:50.048,0.88865,0.8891,1.00,5.70
2010.06.17 16:52:50.327,0.88865,0.8891,1.00,1.80
2010.06.17 16:52:51.440,0.88865,0.8891,1.00,1.70
2010.06.17 16:52:57.967,0.8887,0.8891,5.20,1.00
2010.06.17 16:52:58.137,0.8887,0.8891,5.70,1.00
2010.06.17 16:52:58.308,0.8887,0.88915,6.30,1.00
2010.06.17 16:52:58.477,0.8887,0.8891,5.30,1.00
2010.06.17 16:52:59.108,0.88865,0.88905,1.70,1.00
2010.06.17 16:53:00.226,0.88865,0.88905,1.70,8.50
2010.06.17 16:53:00.496,0.8886,0.889,1.90,1.60
2010.06.17 16:53:01.017,0.8886,0.889,5.90,1.60
2010.06.17 16:53:01.191,0.8888,0.8891,4.00,1.00
2010.06.17 16:53:01.367,0.88885,0.88915,1.60,1.00
2010.06.17 16:53:01.897,0.8888,0.88915,1.20,1.00
2010.06.17 16:53:02.070,0.88875,0.8892,6.50,7.30
2010.06.17 16:53:02.409,0.8888,0.8892,1.00,2.40
2010.06.17 16:53:02.747,0.88875,0.8892,2.50,3.30
2010.06.17 16:53:03.807,0.8887,0.8892,1.60,13.70
2010.06.17 16:53:04.106,0.8887,0.8892,1.60,13.90
2010.06.17 16:53:04.335,0.88875,0.8892,1.60,13.90
2010.06.17 16:53:04.566,0.88875,0.8892,1.60,5.80
2010.06.17 16:53:04.796,0.88875,0.8892,2.00,3.40
2010.06.17 16:53:05.027,0.88875,0.8892,2.40,3.40
2010.06.17 16:53:05.729,0.8888,0.8892,4.40,1.70
2010.06.17 16:53:05.859,0.8888,0.8892,5.30,1.00
2010.06.17 16:53:10.176,0.8888,0.8892,4.90,1.00
2010.06.17 16:53:11.464,0.88885,0.8892,1.60,2.40
2010.06.17 16:53:11.773,0.8888,0.88915,5.60,1.60
2010.06.17 16:53:11.880,0.8889,0.88925,1.60,2.40
2010.06.17 16:53:11.990,0.8889,0.88925,1.60,1.60
2010.06.17 16:53:12.614,0.88885,0.8892,2.10,1.60
2010.06.17 16:53:12.717,0.88885,0.8892,1.60,1.60
2010.06.17 16:53:13.127,0.88885,0.8892,1.70,1.60
2010.06.17 16:53:14.322,0.88885,0.8892,2.40,1.60
2010.06.17 16:53:15.757,0.88885,0.8892,2.30,1.60
2010.06.17 16:53:17.197,0.88885,0.8892,2.00,1.60
2010.06.17 16:53:19.623,0.88885,0.8892,2.30,1.60
2010.06.17 16:53:21.249,0.88885,0.8893,6.40,3.10
2010.06.17 16:53:21.396,0.88885,0.8893,6.70,3.50
2010.06.17 16:53:23.656,0.88885,0.8893,7.20,3.50
2010.06.17 16:53:30.347,0.88885,0.8893,7.10,3.50
2010.06.17 16:53:30.506,0.88885,0.8893,7.10,5.90
2010.06.17 16:53:30.586,0.88885,0.8893,6.50,5.90
2010.06.17 16:53:30.666,0.88885,0.8892,2.50,1.60
2010.06.17 16:53:30.836,0.88885,0.8892,1.60,1.60
2010.06.17 16:53:32.105,0.88885,0.8892,1.70,1.60
2010.06.17 16:53:32.649,0.88885,0.8892,1.60,1.70
2010.06.17 16:53:32.780,0.8888,0.8892,5.50,1.60
2010.06.17 16:53:32.998,0.88885,0.8892,1.60,1.60
2010.06.17 16:53:35.109,0.88885,0.8892,1.60,1.60
2010.06.17 16:53:38.886,0.88885,0.8892,1.70,1.60
2010.06.17 16:53:39.187,0.88885,0.8892,7.30,1.60
2010.06.17 16:53:39.717,0.88885,0.8893,7.30,3.50
2010.06.17 16:53:39.837,0.88885,0.8893,6.70,3.50
2010.06.17 16:53:43.188,0.88885,0.8893,5.60,3.10
2010.06.17 16:53:43.297,0.88885,0.8892,2.40,1.60
2010.06.17 16:53:44.436,0.88885,0.8892,2.50,1.60
2010.06.17 16:53:45.096,0.88885,0.8892,2.40,1.60
2010.06.17 16:53:48.711,0.8889,0.88925,1.60,1.70
2010.06.17 16:53:48.868,0.8889,0.88925,1.60,1.60
2010.06.17 16:53:49.027,0.8889,0.88925,2.50,1.60
2010.06.17 16:53:49.188,0.88905,0.88935,1.60,1.40
2010.06.17 16:53:49.815,0.88905,0.88945,1.00,1.00
2010.06.17 16:53:50.156,0.889,0.88945,5.00,1.00
2010.06.17 16:53:52.047,0.889,0.88945,4.90,1.00
2010.06.17 16:53:57.711,0.88905,0.8895,6.50,2.40
2010.06.17 16:53:57.928,0.88905,0.8895,6.70,2.40
2010.06.17 16:53:58.149,0.8891,0.8895,2.40,2.40
2010.06.17 16:53:58.407,0.88905,0.8895,6.50,2.40
2010.06.17 16:53:59.337,0.88905,0.8895,6.70,2.40
2010.06.17 16:53:59.707,0.88905,0.8895,6.70,3.20
2010.06.17 16:54:00.007,0.88905,0.88945,5.60,1.70
2010.06.17 16:54:00.307,0.889,0.88945,5.70,1.00
2010.06.17 16:54:01.276,0.889,0.88945,5.90,1.00
2010.06.17 16:54:07.469,0.88905,0.8895,2.40,13.90
2010.06.17 16:54:08.089,0.88905,0.88955,10.40,9.70
2010.06.17 16:54:08.288,0.88905,0.8895,1.60,10.90
2010.06.17 16:54:09.130,0.88905,0.8895,1.00,10.90
2010.06.17 16:54:10.745,0.889,0.8894,1.00,1.60
2010.06.17 16:54:11.071,0.889,0.8894,1.00,1.60
2010.06.17 16:54:12.046,0.889,0.8894,1.00,1.60
2010.06.17 16:54:15.269,0.889,0.8894,1.00,1.60
2010.06.17 16:54:15.566,0.889,0.8894,1.00,1.60
2010.06.17 16:54:15.849,0.889,0.88945,11.30,1.00
2010.06.17 16:54:16.117,0.889,0.8894,1.00,1.60
2010.06.17 16:54:17.280,0.889,0.8894,1.00,1.60
2010.06.17 16:54:17.916,0.889,0.8894,3.30,1.60
2010.06.17 16:54:18.056,0.889,0.8894,11.30,1.60
2010.06.17 16:54:18.196,0.889,0.88945,11.30,1.00
2010.06.17 16:54:18.335,0.889,0.8895,12.30,9.90
2010.06.17 16:54:19.087,0.889,0.88945,11.50,1.00
2010.06.17 16:54:19.428,0.88905,0.88945,1.00,1.00
2010.06.17 16:54:20.109,0.889,0.88945,11.40,1.00
2010.06.17 16:54:20.356,0.889,0.88945,11.30,1.00
2010.06.17 16:54:20.606,0.889,0.88945,8.00,1.70
2010.06.17 16:54:21.178,0.88895,0.8894,10.60,2.40
2010.06.17 16:54:21.818,0.889,0.8894,1.00,2.40
2010.06.17 16:54:22.169,0.889,0.8895,5.70,13.90
2010.06.17 16:54:23.119,0.889,0.88945,5.70,1.00
2010.06.17 16:54:24.212,0.889,0.88945,5.90,1.00
2010.06.17 16:54:25.578,0.889,0.8894,1.00,1.60
2010.06.17 16:54:26.047,0.889,0.8894,1.00,1.60
2010.06.17 16:54:26.348,0.88905,0.8895,9.00,2.40
2010.06.17 16:54:26.673,0.88905,0.8895,8.90,2.40
2010.06.17 16:54:26.849,0.889,0.88945,5.80,1.00
2010.06.17 16:54:28.147,0.889,0.88945,5.00,1.00
2010.06.17 16:54:28.487,0.88895,0.88945,10.10,9.70
2010.06.17 16:54:28.711,0.88895,0.88945,10.60,9.70
2010.06.17 16:54:29.077,0.88895,0.88945,10.40,9.90
2010.06.17 16:54:29.297,0.88895,0.88945,11.00,9.90
2010.06.17 16:54:29.810,0.88895,0.8894,7.00,4.00
2010.06.17 16:54:30.020,0.8889,0.8894,4.90,13.80
2010.06.17 16:54:30.277,0.88895,0.8894,1.00,11.20
2010.06.17 16:54:30.536,0.88895,0.8894,4.90,4.80
2010.06.17 16:54:31.087,0.88895,0.8894,8.90,1.00
2010.06.17 16:54:32.169,0.88895,0.8893,8.90,1.00
2010.06.17 16:54:32.276,0.88895,0.8893,4.90,4.80
2010.06.17 16:54:32.378,0.88885,0.88925,1.00,2.50
2010.06.17 16:54:32.486,0.88885,0.88925,1.00,6.50
2010.06.17 16:54:32.587,0.88885,0.88925,6.90,4.40
2010.06.17 16:54:32.687,0.88885,0.88925,11.90,1.00
2010.06.17 16:54:32.786,0.8889,0.88935,1.00,8.80
2010.06.17 16:54:32.886,0.8889,0.88935,4.90,1.00
2010.06.17 16:54:33.086,0.8889,0.88935,1.00,8.80
2010.06.17 16:54:33.186,0.88885,0.88935,11.40,9.70
2010.06.17 16:54:33.528,0.8889,0.88935,4.00,1.30
2010.06.17 16:54:34.339,0.88895,0.8894,8.90,1.00
2010.06.17 16:54:35.456,0.88895,0.8894,10.50,1.00
2010.06.17 16:54:36.216,0.889,0.8894,4.90,1.00
2010.06.17 16:54:36.339,0.889,0.88945,4.90,1.00
2010.06.17 16:54:36.459,0.889,0.88945,4.90,1.00
2010.06.17 16:54:36.800,0.88895,0.8894,12.10,1.60
2010.06.17 16:54:37.138,0.88895,0.8894,1.00,13.30
2010.06.17 16:54:38.155,0.88895,0.8894,1.00,13.50
2010.06.17 16:54:39.140,0.88895,0.88935,1.00,1.00
2010.06.17 16:54:42.461,0.8889,0.8893,1.70,1.60
2010.06.17 16:54:44.066,0.8889,0.8893,1.90,1.60
2010.06.17 16:54:46.088,0.8889,0.8893,1.80,1.60
2010.06.17 16:55:00.136,0.8889,0.8893,1.70,1.60
2010.06.17 16:55:00.228,0.8889,0.88925,1.00,1.60
2010.06.17 16:55:00.407,0.88895,0.8893,1.60,6.10
2010.06.17 16:55:00.497,0.88895,0.8893,2.00,1.60
2010.06.17 16:55:00.587,0.88895,0.8893,2.80,1.60
2010.06.17 16:55:01.281,0.88895,0.8893,1.00,1.60
2010.06.17 16:55:02.666,0.88895,0.8893,1.00,2.50
2010.06.17 16:55:02.878,0.8889,0.88925,1.60,1.60
2010.06.17 16:55:03.096,0.88885,0.88925,3.60,1.60
2010.06.17 16:55:05.104,0.88885,0.88925,3.50,1.60
2010.06.17 16:55:05.987,0.8889,0.88925,1.00,1.60
2010.06.17 16:55:06.286,0.8889,0.8893,1.00,1.60
2010.06.17 16:55:06.486,0.8889,0.8893,1.00,1.60
2010.06.17 16:55:06.586,0.8889,0.8893,1.00,1.60
2010.06.17 16:55:10.931,0.8889,0.8893,1.00,1.60
2010.06.17 16:55:11.086,0.8889,0.8893,3.20,1.60
2010.06.17 16:55:11.246,0.88895,0.8893,1.60,1.60
2010.06.17 16:55:13.116,0.88895,0.8893,1.70,1.60
2010.06.17 16:55:15.915,0.889,0.88935,1.60,1.60
2010.06.17 16:55:16.934,0.88895,0.8893,3.30,1.60
2010.06.17 16:55:19.136,0.88895,0.8893,7.30,1.60
2010.06.17 16:55:19.246,0.88895,0.8893,11.30,1.60
2010.06.17 16:55:19.769,0.88895,0.8894,12.20,2.40
2010.06.17 16:55:19.907,0.88895,0.8894,11.00,2.40
2010.06.17 16:55:32.946,0.88895,0.8894,10.90,3.30
2010.06.17 16:55:33.087,0.88895,0.88925,1.30,1.60
2010.06.17 16:55:33.227,0.8889,0.88925,1.00,1.60
2010.06.17 16:55:33.367,0.8889,0.88925,1.00,1.60
2010.06.17 16:55:36.188,0.8889,0.88925,1.00,1.60
2010.06.17 16:55:40.139,0.8889,0.88925,1.00,1.60
2010.06.17 16:55:45.566,0.88885,0.88925,3.50,1.60
2010.06.17 16:55:51.328,0.88885,0.88925,3.40,2.70
2010.06.17 16:55:51.396,0.88885,0.88925,1.80,2.70
2010.06.17 16:55:51.537,0.88885,0.88925,1.80,3.50
2010.06.17 16:55:53.648,0.8888,0.88925,3.60,4.10
2010.06.17 16:55:55.937,0.8888,0.88925,3.60,3.50
2010.06.17 16:56:06.934,0.8888,0.88925,3.60,3.30
2010.06.17 16:56:07.126,0.8888,0.88925,7.60,3.30
2010.06.17 16:56:07.186,0.8888,0.88925,11.60,3.30
2010.06.17 16:56:07.246,0.88885,0.88925,1.60,3.30
2010.06.17 16:56:07.306,0.88885,0.88925,2.00,2.40
2010.06.17 16:56:07.787,0.88885,0.88925,3.20,2.40
2010.06.17 16:56:08.032,0.88885,0.88925,3.20,2.40
2010.06.17 16:56:08.176,0.88885,0.88925,3.20,2.50
2010.06.17 16:56:09.188,0.88885,0.88925,3.30,2.40
2010.06.17 16:56:11.659,0.88885,0.88925,2.90,2.40
2010.06.17 16:56:11.777,0.88885,0.88925,2.10,2.40
2010.06.17 16:56:11.896,0.88885,0.88925,2.80,2.40
2010.06.17 16:56:12.016,0.88885,0.88925,3.60,2.40
2010.06.17 16:56:13.118,0.88885,0.88925,3.60,2.40
2010.06.17 16:56:14.857,0.88885,0.88925,3.60,1.60
2010.06.17 16:56:15.129,0.8889,0.8893,1.00,3.30
2010.06.17 16:56:15.417,0.8889,0.88935,7.50,4.00
2010.06.17 16:56:16.149,0.88895,0.8894,1.00,13.90
2010.06.17 16:56:17.228,0.8889,0.88935,13.10,1.00
2010.06.17 16:56:19.496,0.8889,0.88935,13.50,1.00
2010.06.17 16:56:19.924,0.88895,0.88935,1.60,1.00
2010.06.17 16:56:20.136,0.8889,0.88935,13.50,1.00
2010.06.17 16:56:25.978,0.889,0.8894,1.00,3.30
2010.06.17 16:56:26.297,0.889,0.8894,1.00,1.60
2010.06.17 16:56:27.316,0.889,0.8894,1.20,1.60
2010.06.17 16:56:28.539,0.889,0.8894,1.20,5.60
2010.06.17 16:56:28.610,0.88895,0.88925,1.70,1.60
2010.06.17 16:56:28.636,0.8889,0.88925,1.00,1.60
2010.06.17 16:56:28.707,0.88885,0.88925,4.40,1.60
2010.06.17 16:56:29.160,0.88885,0.88925,3.60,1.60
2010.06.17 16:56:31.124,0.88885,0.88925,3.50,1.60
2010.06.17 16:56:35.080,0.88885,0.88925,3.50,1.60
2010.06.17 16:56:35.966,0.88885,0.88925,2.70,1.60
2010.06.17 16:56:36.076,0.88885,0.88925,3.50,1.60
2010.06.17 16:56:36.607,0.88885,0.88925,3.60,1.60
2010.06.17 16:56:36.956,0.88885,0.88925,2.80,1.60
2010.06.17 16:56:37.706,0.88885,0.88925,3.30,1.60
2010.06.17 16:56:38.828,0.88885,0.88925,3.20,1.60
2010.06.17 16:56:39.137,0.88885,0.88925,2.40,1.60
2010.06.17 16:56:39.287,0.88885,0.88925,3.20,1.60
2010.06.17 16:56:39.668,0.88885,0.88925,3.30,1.60
2010.06.17 16:56:39.975,0.88885,0.88925,4.10,1.60
2010.06.17 16:56:40.272,0.88885,0.88925,3.20,1.60
2010.06.17 16:56:40.506,0.88885,0.88925,2.40,1.60
2010.06.17 16:56:40.707,0.88885,0.88925,2.60,1.60
2010.06.17 16:56:40.946,0.88885,0.88925,3.40,1.60
2010.06.17 16:56:45.848,0.88885,0.88925,1.00,2.30
2010.06.17 16:56:59.597,0.8888,0.88925,3.70,2.30
2010.06.17 16:57:15.350,0.8888,0.88925,4.50,2.30
2010.06.17 16:57:19.291,0.8888,0.88925,5.30,2.30
2010.06.17 16:57:19.793,0.88885,0.8893,2.10,12.80
2010.06.17 16:57:20.114,0.8889,0.88935,12.10,1.00
2010.06.17 16:57:21.138,0.88895,0.8894,1.60,11.70
2010.06.17 16:57:21.782,0.88895,0.88935,11.30,1.60
2010.06.17 16:57:21.928,0.88895,0.88935,3.30,1.60
2010.06.17 16:57:22.216,0.88895,0.88935,3.50,1.60
2010.06.17 16:57:24.593,0.88895,0.88935,3.40,1.60
2010.06.17 16:57:24.968,0.88895,0.8894,11.50,4.50
2010.06.17 16:57:25.151,0.88895,0.8893,6.00,1.60
2010.06.17 16:57:25.765,0.88895,0.8893,1.00,1.60
2010.06.17 16:57:26.119,0.8889,0.8894,14.20,13.90
2010.06.17 16:57:27.148,0.8889,0.88935,14.00,1.00
2010.06.17 16:57:28.020,0.8889,0.88935,14.10,1.00
2010.06.17 16:57:28.286,0.88895,0.8894,1.00,13.90
2010.06.17 16:57:29.136,0.8889,0.88935,14.20,1.00
2010.06.17 16:57:33.106,0.8889,0.8894,15.00,13.90
2010.06.17 16:57:33.429,0.88895,0.8894,11.50,1.70
2010.06.17 16:57:33.876,0.88895,0.8893,10.90,1.60
2010.06.17 16:57:34.202,0.8889,0.8893,1.00,1.60
2010.06.17 16:57:34.447,0.8889,0.8893,1.20,1.60
2010.06.17 16:57:36.126,0.8889,0.8893,1.20,1.70
2010.06.17 16:57:39.476,0.8889,0.8893,1.00,1.70
2010.06.17 16:57:39.707,0.8889,0.8892,1.00,1.60
2010.06.17 16:57:42.315,0.88885,0.8892,2.40,1.60
2010.06.17 16:57:42.521,0.88885,0.8892,2.10,1.60
2010.06.17 16:57:43.134,0.88885,0.8892,1.00,1.60
2010.06.17 16:57:43.150,0.8888,0.8892,1.00,1.60
2010.06.17 16:57:44.540,0.8888,0.8892,1.00,1.70
2010.06.17 16:57:51.778,0.88885,0.8892,1.60,1.60
2010.06.17 16:57:51.998,0.8888,0.8892,1.00,1.60
2010.06.17 16:57:52.507,0.8888,0.88925,1.70,8.80
2010.06.17 16:57:52.681,0.8888,0.8893,13.30,13.30
2010.06.17 16:57:52.860,0.8888,0.8893,13.10,13.30
2010.06.17 16:57:53.474,0.88885,0.8893,6.50,8.80
2010.06.17 16:57:53.651,0.88885,0.8893,10.50,2.40
2010.06.17 16:57:53.987,0.88885,0.8893,11.30,2.40
2010.06.17 16:57:54.327,0.88885,0.8893,11.50,2.40
2010.06.17 16:57:55.171,0.8889,0.8893,1.00,2.40
2010.06.17 16:57:57.718,0.88885,0.8893,1.00,8.50
2010.06.17 16:57:57.878,0.88885,0.8893,1.00,9.30
2010.06.17 16:57:59.578,0.88885,0.8893,1.00,9.50
2010.06.17 16:57:59.876,0.88885,0.88925,1.00,1.00
2010.06.17 16:58:04.438,0.8888,0.88925,13.70,1.00
2010.06.17 16:58:04.536,0.8888,0.88925,12.10,1.00
2010.06.17 16:58:05.031,0.8888,0.88925,11.20,1.30
2010.06.17 16:58:05.369,0.88885,0.8893,5.10,5.50
2010.06.17 16:58:05.707,0.88885,0.8893,1.00,9.50
2010.06.17 16:58:07.143,0.88885,0.8893,1.00,9.50
2010.06.17 16:58:12.447,0.88885,0.8893,1.00,9.50
2010.06.17 16:58:16.447,0.88885,0.8893,1.00,9.50
2010.06.17 16:58:19.157,0.88885,0.8893,8.50,2.90
2010.06.17 16:58:19.640,0.88885,0.88925,11.50,1.60
2010.06.17 16:58:19.819,0.88885,0.88925,3.60,1.60
2010.06.17 16:58:20.096,0.88885,0.88925,3.80,1.60
2010.06.17 16:58:21.709,0.88885,0.88925,1.10,2.10
2010.06.17 16:58:22.248,0.88885,0.88925,1.00,1.00
2010.06.17 16:58:22.467,0.88885,0.8893,1.00,9.90
2010.06.17 16:58:23.391,0.88885,0.8893,1.00,3.50
2010.06.17 16:58:23.651,0.88885,0.88925,4.30,1.60
2010.06.17 16:58:24.348,0.8889,0.8893,2.40,1.60
2010.06.17 16:58:24.876,0.88895,0.8893,4.00,1.60
2010.06.17 16:58:25.199,0.88895,0.8893,1.60,1.60
2010.06.17 16:58:25.520,0.8889,0.8893,6.00,1.60
2010.06.17 16:58:25.955,0.8889,0.8893,2.00,1.60
2010.06.17 16:58:27.083,0.8889,0.8893,2.10,1.60
2010.06.17 16:58:28.694,0.88895,0.8893,1.60,1.60
2010.06.17 16:58:30.750,0.8889,0.8893,1.60,4.50
2010.06.17 16:58:30.867,0.88885,0.8893,1.00,8.50
2010.06.17 16:58:30.977,0.88885,0.8893,1.00,9.30
2010.06.17 16:58:31.087,0.88885,0.8893,1.00,9.30
2010.06.17 16:58:32.628,0.88885,0.8893,1.00,9.50
2010.06.17 16:58:33.247,0.8889,0.8893,1.60,4.80
2010.06.17 16:58:33.517,0.8889,0.8893,1.60,2.40
2010.06.17 16:58:34.158,0.8889,0.8893,1.70,2.40
2010.06.17 16:58:34.766,0.8889,0.8893,2.50,2.40
2010.06.17 16:58:35.012,0.8889,0.8893,2.50,1.60
2010.06.17 16:58:35.739,0.88895,0.8894,1.00,7.10
2010.06.17 16:58:35.927,0.8889,0.8894,16.00,7.10
2010.06.17 16:58:37.100,0.88895,0.8894,1.00,7.10
2010.06.17 16:58:45.750,0.8889,0.8894,15.90,7.00
2010.06.17 16:58:45.996,0.8889,0.8894,16.00,7.10
2010.06.17 16:58:46.198,0.8889,0.88935,13.60,2.10
2010.06.17 16:58:46.407,0.8889,0.88935,8.80,2.10
2010.06.17 16:58:47.488,0.8889,0.88935,8.80,2.30
2010.06.17 16:58:51.269,0.88895,0.88935,4.90,1.70
2010.06.17 16:58:51.469,0.88895,0.88935,6.50,1.60
2010.06.17 16:58:52.081,0.889,0.88935,1.60,1.60
2010.06.17 16:58:52.428,0.88895,0.88935,7.30,1.60
2010.06.17 16:58:52.770,0.8889,0.88935,9.00,2.10
2010.06.17 16:58:53.008,0.8889,0.88935,8.30,2.10
2010.06.17 16:58:54.168,0.8889,0.88935,8.30,3.10
2010.06.17 16:58:57.162,0.8889,0.88935,10.70,3.10
2010.06.17 16:58:57.222,0.8889,0.8894,10.30,9.30
2010.06.17 16:58:57.268,0.88895,0.88935,2.50,1.60
2010.06.17 16:58:57.318,0.88895,0.88935,7.10,1.60
2010.06.17 16:58:58.122,0.88895,0.88935,7.90,1.60
2010.06.17 16:58:58.458,0.88895,0.88935,1.30,2.10
2010.06.17 16:58:58.637,0.8889,0.88935,7.50,2.10
2010.06.17 16:58:59.169,0.8889,0.88935,7.40,2.10
2010.06.17 16:59:00.381,0.8889,0.88935,7.50,2.30
2010.06.17 16:59:01.562,0.8889,0.88935,7.20,3.10
2010.06.17 16:59:02.296,0.8889,0.88935,6.70,3.10
2010.06.17 16:59:03.350,0.8889,0.8893,5.70,1.60
2010.06.17 16:59:03.509,0.8889,0.8893,1.60,1.60
2010.06.17 16:59:04.120,0.8889,0.8893,1.00,9.70
2010.06.17 16:59:06.190,0.8889,0.8893,1.00,9.90
2010.06.17 16:59:07.980,0.88885,0.88925,7.40,1.60
2010.06.17 16:59:08.197,0.88885,0.88925,3.60,1.60
2010.06.17 16:59:09.226,0.88885,0.88925,3.70,1.60
2010.06.17 16:59:10.359,0.88895,0.8893,1.60,1.30
2010.06.17 16:59:10.498,0.88895,0.8893,1.60,1.00
2010.06.17 16:59:10.638,0.889,0.88935,1.60,2.90
2010.06.17 16:59:10.778,0.889,0.88935,1.60,1.60
2010.06.17 16:59:12.006,0.88895,0.88935,7.40,1.60
2010.06.17 16:59:12.428,0.88895,0.88925,5.20,1.60
2010.06.17 16:59:12.647,0.88895,0.88925,1.00,1.60
2010.06.17 16:59:12.857,0.8889,0.88925,1.60,1.60
2010.06.17 16:59:29.429,0.88885,0.88925,8.80,1.60
2010.06.17 16:59:29.539,0.88885,0.88925,5.20,2.40
2010.06.17 16:59:30.051,0.88885,0.88925,1.20,2.40
2010.06.17 16:59:30.160,0.88885,0.88925,9.70,1.00
2010.06.17 16:59:30.497,0.88885,0.88925,9.90,1.00
2010.06.17 16:59:30.839,0.8889,0.88925,6.10,1.00
2010.06.17 16:59:31.178,0.8889,0.88925,5.60,1.00
2010.06.17 16:59:31.429,0.88885,0.88925,9.40,1.60
2010.06.17 16:59:31.862,0.88885,0.88925,5.40,1.60
2010.06.17 16:59:32.107,0.8888,0.88925,12.60,1.60
2010.06.17 16:59:34.068,0.8888,0.88925,12.60,1.70
2010.06.17 16:59:34.950,0.8888,0.88925,12.60,2.50
2010.06.17 16:59:35.327,0.8888,0.88925,12.60,1.70
2010.06.17 16:59:37.847,0.8888,0.88925,12.20,1.70
2010.06.17 16:59:38.118,0.8888,0.88925,11.80,1.70
2010.06.17 16:59:38.386,0.8888,0.88925,12.60,1.70
2010.06.17 16:59:44.710,0.8889,0.88925,1.60,1.60
2010.06.17 16:59:47.257,0.8889,0.88925,2.50,1.60
2010.06.17 16:59:47.378,0.8889,0.8893,2.50,1.00
2010.06.17 16:59:48.130,0.8889,0.8893,2.70,1.00
2010.06.17 16:59:48.700,0.8889,0.88925,1.70,1.60
2010.06.17 16:59:49.314,0.8889,0.8893,2.30,4.80
2010.06.17 16:59:49.662,0.88885,0.8893,1.40,8.80
2010.06.17 16:59:50.423,0.8889,0.8893,1.60,8.80
2010.06.17 16:59:50.777,0.88885,0.8893,1.30,5.50
2010.06.17 16:59:51.124,0.88885,0.8893,1.30,4.80
2010.06.17 16:59:51.874,0.8889,0.8893,1.00,4.00
2010.06.17 16:59:52.211,0.8889,0.88935,4.90,1.00
2010.06.17 16:59:53.511,0.88895,0.88935,8.00,2.40
2010.06.17 16:59:53.778,0.8889,0.88935,8.10,2.40
2010.06.17 16:59:54.038,0.8889,0.88935,6.10,1.00
2010.06.17 16:59:54.729,0.88895,0.88935,4.50,1.00
2010.06.17 16:59:55.068,0.88895,0.88935,1.00,1.00
2010.06.17 16:59:56.013,0.8889,0.88935,9.30,1.70
2010.06.17 16:59:56.349,0.8889,0.88935,8.70,1.70
2010.06.17 16:59:56.680,0.8889,0.88935,8.70,1.00
2010.06.17 16:59:57.909,0.8889,0.88935,6.90,3.30
2010.06.17 16:59:58.411,0.8889,0.88935,9.30,1.00
2010.06.17 16:59:59.111,0.8889,0.88935,8.70,2.40
2010.06.17 16:59:59.370,0.8889,0.8893,1.60,1.00
