2010.06.03 20:00:00.273,0.87785,0.8783,1.00,1.00
2010.06.03 20:00:01.502,0.87785,0.87835,1.00,2.30
2010.06.03 20:00:03.341,0.8779,0.87835,1.00,1.00
2010.06.03 20:00:03.459,0.8779,0.8783,1.00,1.00
2010.06.03 20:00:04.275,0.87785,0.8783,1.00,1.00
2010.06.03 20:00:04.474,0.8779,0.8783,1.00,1.00
2010.06.03 20:00:05.523,0.87795,0.87835,1.00,1.00
2010.06.03 20:00:05.850,0.87795,0.8784,1.00,1.00
2010.06.03 20:00:06.902,0.87795,0.87835,1.00,4.00
2010.06.03 20:00:07.241,0.8778,0.87825,1.60,1.00
2010.06.03 20:00:07.581,0.87775,0.8782,1.70,1.00
2010.06.03 20:00:08.722,0.87775,0.8782,1.00,1.00
2010.06.03 20:00:09.242,0.87775,0.8782,1.00,1.00
2010.06.03 20:00:09.656,0.8777,0.87815,1.00,1.00
2010.06.03 20:00:09.883,0.8777,0.87815,1.00,1.00
2010.06.03 20:00:10.299,0.8777,0.87815,1.70,1.00
2010.06.03 20:00:10.558,0.8777,0.87815,1.70,1.00
2010.06.03 20:00:11.205,0.87775,0.87815,1.00,1.00
2010.06.03 20:00:16.351,0.87775,0.87825,1.00,1.70
2010.06.03 20:00:18.299,0.87775,0.87825,1.00,2.50
2010.06.03 20:00:24.060,0.87775,0.87815,1.00,1.00
2010.06.03 20:00:25.291,0.8778,0.8782,1.00,2.40
2010.06.03 20:00:25.399,0.87785,0.87825,1.00,1.60
2010.06.03 20:00:25.699,0.87785,0.8783,1.00,1.00
2010.06.03 20:00:27.347,0.87785,0.8783,1.00,1.00
2010.06.03 20:00:28.300,0.8778,0.8783,1.00,4.00
2010.06.03 20:00:28.418,0.8778,0.8783,1.00,4.00
2010.06.03 20:00:28.558,0.8778,0.8783,3.30,1.00
2010.06.03 20:00:29.364,0.87785,0.8783,1.00,1.00
2010.06.03 20:00:30.460,0.87785,0.8783,1.00,1.00
2010.06.03 20:00:37.450,0.87785,0.87835,1.00,2.50
2010.06.03 20:00:37.561,0.87785,0.87835,1.00,1.70
2010.06.03 20:00:37.929,0.87785,0.87835,1.00,1.70
2010.06.03 20:00:38.101,0.87785,0.87835,1.00,2.50
2010.06.03 20:00:38.280,0.87785,0.8783,1.00,1.00
2010.06.03 20:00:39.475,0.87785,0.8783,1.00,1.00
2010.06.03 20:00:40.251,0.87785,0.8783,1.00,1.00
2010.06.03 20:00:40.357,0.87785,0.87825,1.00,1.00
2010.06.03 20:00:40.459,0.87785,0.87825,1.00,1.00
2010.06.03 20:00:42.093,0.87785,0.87825,1.00,1.00
2010.06.03 20:00:43.046,0.87775,0.87825,1.70,1.00
2010.06.03 20:00:43.389,0.87775,0.87825,1.60,1.00
2010.06.03 20:00:43.950,0.87775,0.87825,1.00,2.40
2010.06.03 20:00:45.134,0.8777,0.87815,1.70,1.00
2010.06.03 20:00:45.933,0.8777,0.87815,1.00,1.00
2010.06.03 20:00:46.379,0.8777,0.87815,1.00,1.00
2010.06.03 20:00:46.689,0.8777,0.87815,1.00,1.00
2010.06.03 20:00:46.999,0.87775,0.8782,1.00,1.60
2010.06.03 20:00:47.981,0.87775,0.87825,1.00,2.50
2010.06.03 20:00:48.109,0.87775,0.87825,1.00,1.70
2010.06.03 20:00:48.430,0.87775,0.87805,1.00,1.00
2010.06.03 20:00:48.590,0.8776,0.878,1.00,1.00
2010.06.03 20:00:48.749,0.8776,0.87805,1.00,1.60
2010.06.03 20:00:48.911,0.8776,0.87805,1.00,1.00
2010.06.03 20:00:49.079,0.8776,0.87805,1.00,1.00
2010.06.03 20:00:49.826,0.8776,0.8781,1.00,3.20
2010.06.03 20:00:50.161,0.8776,0.8782,3.70,4.00
2010.06.03 20:00:50.330,0.87765,0.8782,1.00,4.00
2010.06.03 20:00:55.550,0.87765,0.8782,1.00,4.00
2010.06.03 20:00:58.931,0.87775,0.8782,1.00,4.00
2010.06.03 20:00:59.134,0.8778,0.87835,2.40,1.00
2010.06.03 20:00:59.470,0.8778,0.87835,3.20,1.50
2010.06.03 20:01:00.821,0.8778,0.8783,1.00,6.40
2010.06.03 20:01:00.999,0.87775,0.8783,1.00,11.90
2010.06.03 20:01:01.360,0.87775,0.87815,1.00,1.00
2010.06.03 20:01:01.540,0.87765,0.87815,1.00,1.60
2010.06.03 20:01:02.590,0.87765,0.87815,1.00,2.40
2010.06.03 20:01:02.693,0.8776,0.87815,1.00,2.40
2010.06.03 20:01:03.311,0.8776,0.87815,1.00,2.50
2010.06.03 20:01:04.670,0.87765,0.87815,1.00,2.40
2010.06.03 20:01:04.773,0.87765,0.87825,1.80,1.70
2010.06.03 20:01:04.956,0.8777,0.87825,1.00,1.70
2010.06.03 20:01:05.369,0.8777,0.87825,1.00,1.60
2010.06.03 20:01:08.343,0.8777,0.87825,1.00,1.60
2010.06.03 20:01:09.163,0.8777,0.87825,3.20,1.60
2010.06.03 20:01:09.220,0.87775,0.87825,1.00,1.60
2010.06.03 20:01:09.329,0.87775,0.87825,1.20,1.00
2010.06.03 20:01:10.920,0.87775,0.87825,1.30,1.00
2010.06.03 20:01:11.380,0.87775,0.87825,1.20,1.00
2010.06.03 20:01:12.133,0.87775,0.8783,1.20,4.80
2010.06.03 20:01:12.469,0.8778,0.8783,1.00,4.90
2010.06.03 20:01:13.444,0.87775,0.87825,1.00,1.00
2010.06.03 20:01:14.344,0.87775,0.87825,1.00,1.00
2010.06.03 20:01:16.652,0.8778,0.87825,1.00,1.00
2010.06.03 20:01:16.839,0.87775,0.87825,1.00,1.00
2010.06.03 20:01:17.020,0.87775,0.8783,1.00,3.20
2010.06.03 20:01:17.902,0.87775,0.8783,1.00,3.20
2010.06.03 20:01:18.175,0.87775,0.8783,1.00,3.90
2010.06.03 20:01:20.674,0.87775,0.87825,1.00,1.00
2010.06.03 20:01:20.859,0.87775,0.8783,1.00,4.80
2010.06.03 20:01:21.039,0.87775,0.87825,1.00,1.00
2010.06.03 20:01:21.129,0.87775,0.8782,1.00,2.40
2010.06.03 20:01:21.220,0.87775,0.8782,1.00,3.20
2010.06.03 20:01:22.411,0.87775,0.8782,1.00,3.30
2010.06.03 20:01:23.139,0.8777,0.87815,1.00,1.50
2010.06.03 20:01:24.386,0.8777,0.87815,1.00,1.60
2010.06.03 20:01:25.029,0.8777,0.8781,1.00,1.00
2010.06.03 20:01:25.768,0.8777,0.8781,1.00,1.00
2010.06.03 20:01:25.800,0.87765,0.8781,1.00,1.00
2010.06.03 20:01:25.851,0.87765,0.87815,1.00,1.60
2010.06.03 20:01:26.398,0.87765,0.87815,1.00,1.60
2010.06.03 20:01:27.365,0.87765,0.87815,1.00,1.60
2010.06.03 20:01:28.180,0.87765,0.87815,1.00,2.40
2010.06.03 20:01:28.390,0.87765,0.87815,1.00,1.60
2010.06.03 20:01:28.809,0.87765,0.87815,1.00,1.00
2010.06.03 20:01:29.019,0.87765,0.87815,1.60,1.00
2010.06.03 20:01:29.422,0.8777,0.87815,1.00,1.00
2010.06.03 20:01:30.369,0.87775,0.87815,1.00,1.00
2010.06.03 20:01:30.475,0.87765,0.8781,1.60,1.00
2010.06.03 20:01:30.609,0.87765,0.8781,1.60,1.00
2010.06.03 20:01:30.669,0.87765,0.8781,1.60,2.80
2010.06.03 20:01:30.737,0.8776,0.8781,2.40,4.00
2010.06.03 20:01:30.801,0.8776,0.8781,1.60,4.60
2010.06.03 20:01:30.920,0.8776,0.8781,1.00,4.90
2010.06.03 20:01:31.993,0.8776,0.878,1.00,3.20
2010.06.03 20:01:32.337,0.8776,0.878,1.00,3.20
2010.06.03 20:01:32.680,0.8776,0.878,1.00,3.30
2010.06.03 20:01:34.395,0.8776,0.87795,1.00,1.00
2010.06.03 20:01:36.657,0.87755,0.87795,1.60,1.00
2010.06.03 20:01:37.889,0.87755,0.878,1.70,3.30
2010.06.03 20:01:38.060,0.87755,0.878,1.70,1.00
2010.06.03 20:01:38.230,0.8776,0.87805,1.00,1.00
2010.06.03 20:01:38.399,0.8776,0.8781,1.00,1.70
2010.06.03 20:01:38.569,0.87765,0.8781,1.00,1.70
2010.06.03 20:01:39.942,0.87765,0.87815,1.00,1.00
2010.06.03 20:01:40.379,0.8777,0.87815,1.00,1.00
2010.06.03 20:01:41.674,0.87775,0.87815,1.00,1.00
2010.06.03 20:01:56.095,0.87775,0.87815,1.00,1.00
2010.06.03 20:01:56.219,0.87775,0.8782,1.00,4.00
2010.06.03 20:01:56.339,0.87775,0.8782,1.00,3.20
2010.06.03 20:01:56.579,0.87775,0.87825,1.00,2.50
2010.06.03 20:02:02.269,0.87775,0.87825,1.00,1.70
2010.06.03 20:02:13.304,0.8778,0.8783,3.20,1.00
2010.06.03 20:02:13.419,0.8778,0.87835,4.00,2.50
2010.06.03 20:02:13.759,0.8778,0.8783,1.60,2.40
2010.06.03 20:02:13.879,0.8778,0.8783,1.00,3.20
2010.06.03 20:02:16.721,0.8778,0.8783,1.60,3.20
2010.06.03 20:02:16.979,0.8778,0.87835,4.00,2.50
2010.06.03 20:02:18.286,0.8779,0.87835,1.00,1.70
2010.06.03 20:02:18.418,0.8779,0.8784,3.20,1.00
2010.06.03 20:02:19.942,0.8779,0.8784,2.50,1.00
2010.06.03 20:02:20.279,0.8779,0.8784,3.30,1.00
2010.06.03 20:02:21.161,0.8779,0.87835,3.20,1.00
2010.06.03 20:02:21.929,0.8779,0.87835,3.20,1.60
2010.06.03 20:02:22.105,0.8779,0.8784,3.30,1.00
2010.06.03 20:02:22.374,0.8779,0.8784,3.20,1.00
2010.06.03 20:02:23.415,0.87795,0.8784,1.00,1.00
2010.06.03 20:02:24.995,0.87795,0.87845,1.00,2.50
2010.06.03 20:02:27.402,0.87795,0.87845,1.30,1.70
2010.06.03 20:02:28.379,0.878,0.87845,1.00,1.70
2010.06.03 20:02:29.171,0.87805,0.87845,1.00,1.60
2010.06.03 20:02:29.941,0.878,0.87845,1.00,1.60
2010.06.03 20:02:30.309,0.878,0.87845,1.00,2.40
2010.06.03 20:02:31.495,0.87795,0.8784,1.00,1.00
2010.06.03 20:02:32.784,0.878,0.87845,1.00,2.50
2010.06.03 20:02:32.969,0.878,0.87845,1.00,1.70
2010.06.03 20:02:33.149,0.878,0.87845,1.00,1.70
2010.06.03 20:02:34.101,0.87805,0.87845,1.00,1.60
2010.06.03 20:02:34.372,0.878,0.8785,4.20,1.00
2010.06.03 20:02:34.640,0.878,0.8785,1.00,1.60
2010.06.03 20:02:36.153,0.878,0.8785,1.00,1.70
2010.06.03 20:02:36.455,0.878,0.8784,1.00,1.00
2010.06.03 20:02:36.560,0.878,0.87835,1.00,1.00
2010.06.03 20:02:36.760,0.87795,0.87845,1.60,1.50
2010.06.03 20:02:36.859,0.87795,0.87845,2.00,1.00
2010.06.03 20:02:36.959,0.87795,0.87845,1.20,1.00
2010.06.03 20:02:37.060,0.87795,0.87845,1.00,1.50
2010.06.03 20:02:37.410,0.87795,0.87845,1.00,1.50
2010.06.03 20:02:39.215,0.87795,0.8784,1.00,1.00
2010.06.03 20:02:39.315,0.87795,0.8784,1.00,1.00
2010.06.03 20:02:41.339,0.87795,0.87835,1.00,1.00
2010.06.03 20:02:42.451,0.8779,0.87835,1.70,1.00
2010.06.03 20:02:43.342,0.8779,0.8784,1.70,3.30
2010.06.03 20:02:44.392,0.8779,0.87835,1.70,1.00
2010.06.03 20:02:45.020,0.8779,0.8783,1.60,1.00
2010.06.03 20:02:45.451,0.87795,0.87835,1.00,1.00
2010.06.03 20:02:45.680,0.87795,0.8784,1.00,3.20
2010.06.03 20:02:46.130,0.87795,0.8783,1.00,1.00
2010.06.03 20:02:46.349,0.8779,0.8783,1.60,1.00
2010.06.03 20:02:47.793,0.8779,0.87835,1.70,1.00
2010.06.03 20:02:48.049,0.8779,0.8784,4.50,1.00
2010.06.03 20:02:48.180,0.87805,0.8784,1.00,1.00
2010.06.03 20:02:49.225,0.87805,0.87845,1.00,1.70
2010.06.03 20:02:49.720,0.87805,0.87835,1.00,1.00
2010.06.03 20:02:50.388,0.8779,0.87835,4.10,1.00
2010.06.03 20:02:50.510,0.8779,0.87835,1.70,1.00
2010.06.03 20:02:50.991,0.8779,0.8783,1.60,1.00
2010.06.03 20:02:51.110,0.8779,0.87835,1.70,1.00
2010.06.03 20:02:51.230,0.8779,0.87835,1.00,1.00
2010.06.03 20:02:51.349,0.8779,0.8784,1.00,3.20
2010.06.03 20:02:51.472,0.8779,0.8784,1.00,3.20
2010.06.03 20:02:51.811,0.87795,0.8785,1.20,1.60
2010.06.03 20:02:52.479,0.878,0.8785,1.00,1.60
2010.06.03 20:02:53.420,0.87795,0.8785,1.20,1.60
2010.06.03 20:02:54.240,0.878,0.8785,1.00,1.60
2010.06.03 20:02:54.369,0.878,0.8785,1.00,4.80
2010.06.03 20:02:54.499,0.87795,0.8785,1.00,4.90
2010.06.03 20:02:55.410,0.878,0.8785,1.00,4.90
2010.06.03 20:02:57.741,0.878,0.8785,1.00,1.60
2010.06.03 20:02:58.357,0.87805,0.8785,1.00,1.60
2010.06.03 20:02:59.389,0.878,0.8785,1.00,1.70
2010.06.03 20:03:08.200,0.878,0.87845,1.00,1.00
2010.06.03 20:03:09.363,0.878,0.87845,1.00,1.00
2010.06.03 20:03:10.293,0.878,0.8784,1.00,1.00
2010.06.03 20:03:15.933,0.878,0.87845,1.00,1.00
2010.06.03 20:03:16.589,0.878,0.87845,1.00,1.00
2010.06.03 20:03:17.422,0.87805,0.8785,1.00,4.90
2010.06.03 20:03:18.529,0.87805,0.8785,1.00,4.00
2010.06.03 20:03:18.669,0.87805,0.8785,1.00,3.20
2010.06.03 20:03:18.810,0.87805,0.87855,1.80,1.00
2010.06.03 20:03:18.950,0.8781,0.8786,1.00,1.00
2010.06.03 20:03:21.701,0.87815,0.8786,1.00,1.00
2010.06.03 20:03:22.443,0.87815,0.8786,1.00,1.60
2010.06.03 20:03:22.553,0.87815,0.8786,1.00,4.80
2010.06.03 20:03:23.937,0.87815,0.8786,1.00,4.90
2010.06.03 20:03:24.350,0.8781,0.87855,1.00,1.00
2010.06.03 20:03:26.530,0.87815,0.8786,1.00,4.90
2010.06.03 20:03:26.672,0.87815,0.8786,1.00,4.90
2010.06.03 20:03:26.810,0.87815,0.8786,1.00,2.50
2010.06.03 20:03:26.949,0.87815,0.8786,1.00,1.70
2010.06.03 20:03:28.505,0.8782,0.8786,1.00,1.60
2010.06.03 20:03:33.604,0.87815,0.8786,1.00,2.50
2010.06.03 20:03:33.736,0.8781,0.8786,1.00,4.90
2010.06.03 20:03:37.141,0.87805,0.8785,1.70,1.00
2010.06.03 20:03:37.421,0.87805,0.8785,1.00,3.20
2010.06.03 20:03:38.359,0.87795,0.8785,1.70,4.00
2010.06.03 20:03:38.473,0.87795,0.87845,1.00,1.00
2010.06.03 20:03:38.591,0.87795,0.8784,1.00,1.00
2010.06.03 20:03:39.361,0.87795,0.8784,1.00,1.00
2010.06.03 20:03:41.479,0.87795,0.8784,1.00,1.00
2010.06.03 20:03:44.090,0.87795,0.8784,1.00,1.00
2010.06.03 20:04:10.829,0.878,0.8784,1.00,1.00
2010.06.03 20:04:11.272,0.878,0.8785,1.00,1.00
2010.06.03 20:04:11.501,0.87805,0.87855,1.00,1.60
2010.06.03 20:04:12.725,0.8781,0.8786,1.00,4.00
2010.06.03 20:04:12.863,0.8782,0.8787,2.40,1.00
2010.06.03 20:04:13.002,0.87815,0.8787,1.00,4.00
2010.06.03 20:04:13.140,0.8781,0.8787,3.30,4.00
2010.06.03 20:04:13.281,0.87815,0.8787,1.00,4.00
2010.06.03 20:04:14.459,0.87815,0.8787,1.00,4.10
2010.06.03 20:04:15.886,0.8782,0.8787,1.00,4.10
2010.06.03 20:04:17.009,0.87815,0.8787,1.80,4.10
2010.06.03 20:04:17.741,0.87815,0.87865,1.00,1.60
2010.06.03 20:04:18.080,0.87815,0.87865,1.00,2.40
2010.06.03 20:04:18.334,0.87815,0.87865,1.00,2.50
2010.06.03 20:04:29.289,0.87815,0.87865,1.00,2.40
2010.06.03 20:04:29.358,0.87815,0.87865,1.00,1.60
2010.06.03 20:04:29.500,0.8782,0.87865,1.00,1.00
2010.06.03 20:04:30.361,0.8782,0.87865,1.00,1.00
2010.06.03 20:04:31.380,0.8782,0.87865,1.00,1.00
2010.06.03 20:04:32.269,0.8782,0.87865,1.00,1.00
2010.06.03 20:04:32.560,0.87815,0.87865,1.00,1.70
2010.06.03 20:04:33.509,0.8782,0.87865,1.00,1.00
2010.06.03 20:04:34.562,0.8782,0.87865,1.00,1.00
2010.06.03 20:04:35.392,0.87825,0.87865,1.00,1.00
2010.06.03 20:04:45.489,0.8782,0.87865,1.00,1.00
2010.06.03 20:04:45.590,0.8782,0.87865,1.00,1.00
2010.06.03 20:04:45.689,0.87815,0.87865,3.20,1.00
2010.06.03 20:04:45.789,0.87815,0.87865,1.20,1.00
2010.06.03 20:04:45.890,0.8782,0.87865,1.00,1.00
2010.06.03 20:04:47.342,0.8782,0.87865,1.00,1.00
2010.06.03 20:04:48.331,0.87825,0.87865,1.00,1.00
2010.06.03 20:04:49.219,0.87815,0.87865,4.10,1.00
2010.06.03 20:04:49.429,0.87815,0.87865,1.00,1.00
2010.06.03 20:05:08.166,0.87815,0.87865,1.50,1.00
2010.06.03 20:05:08.269,0.8782,0.87865,1.00,1.00
2010.06.03 20:05:09.398,0.8782,0.87865,1.00,1.00
2010.06.03 20:05:10.454,0.87825,0.87865,1.00,1.00
2010.06.03 20:05:13.470,0.8782,0.87865,1.00,1.00
2010.06.03 20:05:13.589,0.8782,0.87865,1.00,1.70
2010.06.03 20:05:15.350,0.8782,0.8786,1.00,1.00
2010.06.03 20:05:16.845,0.8782,0.87865,1.00,1.70
2010.06.03 20:05:16.912,0.8782,0.87865,1.00,1.00
2010.06.03 20:05:17.219,0.8782,0.87865,1.00,1.00
2010.06.03 20:05:17.279,0.87815,0.87865,3.50,1.70
2010.06.03 20:05:17.409,0.87815,0.87865,2.90,1.70
2010.06.03 20:05:17.469,0.8782,0.87865,1.00,1.70
2010.06.03 20:05:17.669,0.8782,0.87865,1.00,1.00
2010.06.03 20:05:17.849,0.87815,0.87865,2.90,1.00
2010.06.03 20:05:18.132,0.8782,0.87865,1.00,1.00
2010.06.03 20:05:18.411,0.87815,0.87865,1.00,1.70
2010.06.03 20:05:18.692,0.8782,0.87865,1.00,1.00
2010.06.03 20:05:19.761,0.87815,0.87865,3.30,1.00
2010.06.03 20:05:19.889,0.87815,0.87865,1.30,1.00
2010.06.03 20:05:20.020,0.8782,0.87865,1.00,1.00
2010.06.03 20:05:20.150,0.8782,0.87865,1.00,1.70
2010.06.03 20:05:20.279,0.8782,0.87865,1.00,1.00
2010.06.03 20:05:21.341,0.8782,0.87865,1.00,1.00
2010.06.03 20:05:21.911,0.8782,0.87865,1.00,1.70
2010.06.03 20:05:22.747,0.8782,0.87865,1.00,1.00
2010.06.03 20:05:23.491,0.8782,0.87865,1.00,1.00
2010.06.03 20:05:24.450,0.87825,0.87865,1.00,1.00
2010.06.03 20:05:25.489,0.87815,0.87865,2.50,1.70
2010.06.03 20:05:25.732,0.87815,0.87865,1.00,1.70
2010.06.03 20:05:28.153,0.8782,0.87865,1.00,1.70
2010.06.03 20:05:28.429,0.8782,0.87865,1.00,1.00
2010.06.03 20:05:28.572,0.87815,0.87865,4.00,1.00
2010.06.03 20:05:28.711,0.87815,0.87865,1.00,1.70
2010.06.03 20:05:29.674,0.87815,0.87865,1.00,1.70
2010.06.03 20:05:29.790,0.8782,0.87865,1.00,1.70
2010.06.03 20:05:30.030,0.8782,0.87865,1.00,1.00
2010.06.03 20:05:30.150,0.87815,0.87865,1.30,1.00
2010.06.03 20:05:30.269,0.8782,0.87865,1.00,1.00
2010.06.03 20:05:31.269,0.87815,0.87865,3.20,1.00
2010.06.03 20:05:32.061,0.8782,0.87865,1.00,1.70
2010.06.03 20:05:32.289,0.87815,0.87865,2.80,1.70
2010.06.03 20:05:32.399,0.87815,0.87865,3.20,1.00
2010.06.03 20:05:32.510,0.8782,0.87865,1.00,1.00
2010.06.03 20:05:32.620,0.8782,0.87865,1.00,1.70
2010.06.03 20:05:32.839,0.8782,0.87865,1.00,1.00
2010.06.03 20:05:33.059,0.8782,0.87865,1.00,1.70
2010.06.03 20:05:33.339,0.8782,0.87865,1.00,1.00
2010.06.03 20:05:34.257,0.87815,0.87865,1.00,1.00
2010.06.03 20:05:34.381,0.8782,0.87865,1.00,1.70
2010.06.03 20:05:34.630,0.8782,0.87865,1.00,1.00
2010.06.03 20:05:34.870,0.87815,0.87855,3.50,1.00
2010.06.03 20:05:35.110,0.87815,0.87855,1.00,1.00
2010.06.03 20:05:35.229,0.8781,0.87855,1.00,1.00
2010.06.03 20:05:37.460,0.8781,0.87855,1.00,1.00
2010.06.03 20:05:38.059,0.8781,0.87855,1.60,1.00
2010.06.03 20:05:38.319,0.8781,0.87855,1.70,1.00
2010.06.03 20:05:38.581,0.8781,0.87855,1.60,1.00
2010.06.03 20:05:38.729,0.8781,0.87855,1.00,1.00
2010.06.03 20:05:39.928,0.8781,0.87855,1.00,1.00
2010.06.03 20:05:40.722,0.87805,0.8785,1.00,1.00
2010.06.03 20:05:41.361,0.87805,0.8785,1.00,1.00
2010.06.03 20:05:41.490,0.87805,0.8785,1.70,1.00
2010.06.03 20:05:41.731,0.87805,0.87855,1.60,1.50
2010.06.03 20:05:41.860,0.87805,0.8785,1.00,1.00
2010.06.03 20:05:42.101,0.87805,0.8785,1.70,1.00
2010.06.03 20:05:42.280,0.87805,0.8785,1.60,1.00
2010.06.03 20:05:42.460,0.87805,0.8785,1.00,1.00
2010.06.03 20:05:43.320,0.87805,0.87845,1.00,1.00
2010.06.03 20:05:43.497,0.87795,0.8785,1.60,8.40
2010.06.03 20:05:43.672,0.87795,0.8785,1.60,4.60
2010.06.03 20:05:44.451,0.878,0.8785,1.00,4.70
2010.06.03 20:05:45.180,0.878,0.8785,2.10,4.70
2010.06.03 20:05:45.521,0.878,0.87855,1.00,2.40
2010.06.03 20:05:46.360,0.878,0.87855,1.00,2.50
2010.06.03 20:05:46.972,0.87805,0.87855,1.00,2.50
2010.06.03 20:05:47.149,0.87805,0.87855,1.00,2.50
2010.06.03 20:05:47.509,0.87805,0.87855,2.50,1.70
2010.06.03 20:05:47.689,0.87805,0.87855,1.70,1.70
2010.06.03 20:05:48.459,0.8781,0.87855,1.00,1.70
2010.06.03 20:05:49.272,0.87805,0.8785,1.00,1.00
2010.06.03 20:06:03.399,0.87805,0.87855,1.70,2.50
2010.06.03 20:06:03.600,0.87805,0.87855,2.40,1.70
2010.06.03 20:06:03.699,0.87805,0.8785,2.30,1.00
2010.06.03 20:06:04.656,0.87805,0.8785,1.40,1.00
2010.06.03 20:06:04.931,0.87805,0.8785,1.20,1.00
2010.06.03 20:06:05.069,0.87805,0.8785,1.00,1.00
2010.06.03 20:06:11.626,0.8781,0.87865,4.80,2.50
2010.06.03 20:06:12.447,0.8781,0.87865,5.00,2.50
2010.06.03 20:06:13.689,0.8781,0.87865,4.90,2.40
2010.06.03 20:06:14.430,0.87815,0.87865,1.00,2.50
2010.06.03 20:06:19.892,0.8781,0.87865,4.80,2.50
2010.06.03 20:06:20.069,0.8781,0.87865,4.80,4.50
2010.06.03 20:06:20.140,0.8781,0.87865,4.80,6.50
2010.06.03 20:06:20.212,0.87805,0.8786,1.00,3.60
2010.06.03 20:06:20.362,0.87805,0.87855,1.00,2.00
2010.06.03 20:06:21.609,0.87805,0.87855,1.00,2.30
2010.06.03 20:06:22.470,0.87805,0.87855,1.00,2.20
2010.06.03 20:06:22.790,0.87805,0.87855,1.00,2.10
2010.06.03 20:06:22.992,0.8782,0.87865,1.60,2.80
2010.06.03 20:06:23.191,0.87815,0.8786,1.00,1.00
2010.06.03 20:06:23.391,0.8781,0.8786,1.00,3.20
2010.06.03 20:06:23.591,0.87805,0.8786,3.60,3.60
2010.06.03 20:06:24.474,0.87805,0.8786,4.40,3.20
2010.06.03 20:06:24.599,0.87805,0.8786,4.80,3.20
2010.06.03 20:06:24.840,0.87805,0.8786,4.90,3.30
2010.06.03 20:06:26.782,0.87805,0.8786,2.90,3.30
2010.06.03 20:06:26.801,0.87805,0.8786,2.50,3.20
2010.06.03 20:06:26.899,0.87805,0.87855,1.70,1.00
2010.06.03 20:06:27.392,0.87805,0.87855,1.70,1.00
2010.06.03 20:06:34.488,0.87805,0.87855,1.70,1.60
2010.06.03 20:06:34.519,0.87805,0.87855,1.60,1.60
2010.06.03 20:06:34.650,0.87805,0.87855,1.00,1.60
2010.06.03 20:06:34.904,0.87805,0.87855,1.00,2.40
2010.06.03 20:06:37.083,0.87805,0.8785,1.00,1.00
2010.06.03 20:06:42.549,0.87805,0.87855,1.00,2.30
2010.06.03 20:06:42.629,0.87805,0.87855,1.00,1.50
2010.06.03 20:06:42.789,0.8781,0.87855,1.00,1.50
2010.06.03 20:06:42.939,0.8781,0.87855,1.00,1.00
2010.06.03 20:06:44.952,0.8782,0.8786,1.00,1.00
2010.06.03 20:06:45.061,0.8782,0.8786,1.00,1.00
2010.06.03 20:06:46.397,0.87815,0.8786,1.00,1.00
2010.06.03 20:06:47.681,0.8782,0.8786,1.00,1.00
2010.06.03 20:06:49.380,0.8782,0.8786,1.00,1.00
2010.06.03 20:06:50.572,0.8783,0.87875,1.20,1.00
2010.06.03 20:06:50.870,0.8783,0.87875,1.00,1.00
2010.06.03 20:06:51.422,0.87835,0.8788,1.00,4.10
2010.06.03 20:06:52.462,0.87835,0.87875,1.00,1.00
2010.06.03 20:06:52.581,0.87835,0.87875,1.00,1.00
2010.06.03 20:06:54.470,0.8783,0.87865,1.00,1.00
2010.06.03 20:06:55.461,0.87825,0.87865,1.00,1.00
2010.06.03 20:06:57.260,0.8782,0.87865,3.60,1.00
2010.06.03 20:06:57.430,0.8782,0.87865,1.20,1.00
2010.06.03 20:06:57.600,0.8782,0.8786,1.00,1.00
2010.06.03 20:06:57.730,0.87815,0.8786,1.00,1.00
2010.06.03 20:06:58.562,0.87815,0.8786,1.00,1.00
2010.06.03 20:06:59.383,0.87815,0.87855,1.00,1.00
2010.06.03 20:07:00.374,0.8782,0.8786,1.00,1.00
2010.06.03 20:07:01.366,0.87815,0.8786,1.00,1.00
2010.06.03 20:07:01.409,0.87815,0.8786,1.00,1.60
2010.06.03 20:07:01.450,0.8781,0.87855,1.00,1.00
2010.06.03 20:07:01.661,0.8781,0.87855,1.00,1.00
2010.06.03 20:07:04.976,0.8781,0.87855,1.00,1.00
2010.06.03 20:07:05.003,0.8781,0.87855,1.00,1.00
2010.06.03 20:07:05.041,0.87815,0.8786,1.00,1.00
2010.06.03 20:07:05.339,0.87815,0.8786,1.00,1.00
2010.06.03 20:07:06.570,0.8782,0.8786,1.00,1.00
2010.06.03 20:07:29.620,0.87815,0.8786,1.00,3.30
2010.06.03 20:07:29.749,0.8781,0.87855,1.00,1.00
2010.06.03 20:07:29.879,0.8781,0.87855,1.00,1.00
2010.06.03 20:07:33.742,0.8781,0.8785,1.00,1.00
2010.06.03 20:07:33.871,0.8781,0.87855,1.00,1.60
2010.06.03 20:07:34.110,0.8781,0.8785,1.00,1.00
2010.06.03 20:07:36.380,0.87805,0.8785,1.00,1.00
2010.06.03 20:07:38.590,0.8781,0.8785,1.00,1.00
2010.06.03 20:07:38.619,0.8781,0.87855,1.00,1.70
2010.06.03 20:07:38.700,0.8781,0.87855,1.00,1.00
2010.06.03 20:07:38.731,0.8781,0.87855,1.00,1.00
2010.06.03 20:07:38.897,0.87805,0.87855,2.20,1.00
2010.06.03 20:07:39.583,0.87805,0.87855,1.40,1.00
2010.06.03 20:07:39.926,0.87805,0.87855,1.00,1.70
2010.06.03 20:07:42.359,0.87805,0.87855,1.80,1.00
2010.06.03 20:07:42.570,0.87805,0.87855,2.50,1.00
2010.06.03 20:07:42.779,0.87805,0.87855,2.30,1.00
2010.06.03 20:07:42.991,0.8781,0.87855,1.00,1.00
2010.06.03 20:07:43.991,0.8781,0.8785,1.00,2.40
2010.06.03 20:07:44.104,0.878,0.8785,4.50,1.60
2010.06.03 20:07:44.213,0.878,0.8785,1.70,1.00
2010.06.03 20:07:44.322,0.8781,0.8785,2.00,1.00
2010.06.03 20:07:44.433,0.87815,0.87855,2.00,1.00
2010.06.03 20:07:44.541,0.87815,0.87855,4.00,1.00
2010.06.03 20:07:44.652,0.87815,0.87855,4.80,1.00
2010.06.03 20:07:44.762,0.87805,0.87855,1.00,1.00
2010.06.03 20:07:45.569,0.8781,0.87865,2.80,2.00
2010.06.03 20:07:45.911,0.87815,0.8787,5.60,1.00
2010.06.03 20:07:46.251,0.8782,0.87875,7.00,1.00
2010.06.03 20:07:46.591,0.87825,0.8788,4.80,4.00
2010.06.03 20:07:47.529,0.8783,0.87875,1.00,1.00
2010.06.03 20:07:47.852,0.8783,0.87875,1.60,1.00
2010.06.03 20:07:48.012,0.8783,0.87885,4.80,1.00
2010.06.03 20:07:48.171,0.87835,0.87885,4.60,1.60
2010.06.03 20:07:48.332,0.87835,0.87885,1.00,2.30
2010.06.03 20:07:48.490,0.87835,0.87885,1.00,1.00
2010.06.03 20:07:49.342,0.87835,0.87875,1.00,1.00
2010.06.03 20:07:49.601,0.87835,0.8788,1.00,1.00
2010.06.03 20:07:49.860,0.87835,0.8788,1.00,4.70
2010.06.03 20:07:50.121,0.87835,0.87875,1.00,1.00
2010.06.03 20:07:50.691,0.87835,0.87875,1.00,1.00
2010.06.03 20:07:51.011,0.87835,0.8788,1.00,1.60
2010.06.03 20:07:51.331,0.87835,0.87875,1.00,1.00
2010.06.03 20:07:52.954,0.87835,0.87875,1.00,1.00
2010.06.03 20:07:52.993,0.8783,0.87875,1.00,1.00
2010.06.03 20:08:03.293,0.87825,0.87865,1.00,1.00
2010.06.03 20:08:04.297,0.87825,0.87865,1.00,1.00
2010.06.03 20:08:04.460,0.87825,0.87865,1.00,1.00
2010.06.03 20:08:04.880,0.87825,0.8787,1.00,3.20
2010.06.03 20:08:05.200,0.87825,0.8787,1.00,1.00
2010.06.03 20:08:06.390,0.8783,0.8787,1.00,1.00
2010.06.03 20:08:09.772,0.8783,0.87875,4.00,1.60
2010.06.03 20:08:10.006,0.87845,0.8788,4.00,1.40
2010.06.03 20:08:10.921,0.8785,0.879,4.00,3.20
2010.06.03 20:08:11.081,0.87855,0.87905,2.70,1.00
2010.06.03 20:08:11.240,0.87855,0.87905,1.00,1.00
2010.06.03 20:08:11.399,0.87855,0.87905,1.00,1.60
2010.06.03 20:08:11.561,0.8786,0.879,1.00,3.10
2010.06.03 20:08:11.720,0.87855,0.879,1.00,2.40
2010.06.03 20:08:12.061,0.8785,0.879,3.20,2.40
2010.06.03 20:08:12.400,0.8785,0.87905,5.30,1.60
2010.06.03 20:08:13.171,0.8785,0.87905,3.30,2.40
2010.06.03 20:08:13.512,0.8785,0.879,4.80,1.00
2010.06.03 20:08:13.629,0.8785,0.87905,4.40,1.60
2010.06.03 20:08:13.749,0.8785,0.87905,4.80,1.60
2010.06.03 20:08:14.421,0.8785,0.87905,5.00,1.60
2010.06.03 20:08:15.410,0.8785,0.87905,4.90,1.60
2010.06.03 20:08:17.341,0.8785,0.87905,4.90,1.60
2010.06.03 20:08:17.499,0.8785,0.87905,5.70,1.60
2010.06.03 20:08:17.659,0.87855,0.87905,1.00,1.60
2010.06.03 20:08:17.971,0.87855,0.87905,1.00,1.60
2010.06.03 20:08:19.569,0.8785,0.87905,1.00,1.60
2010.06.03 20:08:19.819,0.8785,0.87905,1.00,1.60
2010.06.03 20:08:20.070,0.8785,0.87895,1.40,1.00
2010.06.03 20:08:20.987,0.8785,0.87895,1.00,1.50
2010.06.03 20:08:21.725,0.87845,0.87895,1.30,1.50
2010.06.03 20:08:22.470,0.87845,0.87895,1.20,1.50
2010.06.03 20:08:23.328,0.87845,0.87895,1.30,1.50
2010.06.03 20:08:23.660,0.8785,0.87895,1.20,1.00
2010.06.03 20:08:23.774,0.8785,0.87895,2.00,1.00
2010.06.03 20:08:24.455,0.8785,0.87895,2.00,1.00
2010.06.03 20:08:25.421,0.8785,0.87895,2.10,1.00
2010.06.03 20:08:25.770,0.87855,0.87895,1.00,1.00
2010.06.03 20:08:25.880,0.8786,0.87905,1.00,1.00
2010.06.03 20:08:27.534,0.8786,0.87905,1.00,1.00
2010.06.03 20:08:27.761,0.87855,0.87905,1.00,1.60
2010.06.03 20:08:29.519,0.87855,0.87905,1.00,1.50
2010.06.03 20:08:29.680,0.8786,0.87905,1.00,1.00
2010.06.03 20:08:30.000,0.8786,0.87905,1.00,1.00
2010.06.03 20:08:30.829,0.87855,0.87905,1.30,1.00
2010.06.03 20:08:30.971,0.87855,0.87905,1.00,1.60
2010.06.03 20:08:32.596,0.87855,0.879,1.00,1.00
2010.06.03 20:08:32.789,0.87855,0.87895,1.00,1.00
2010.06.03 20:08:32.980,0.87855,0.87895,1.20,1.00
2010.06.03 20:08:34.450,0.87855,0.879,1.30,3.10
2010.06.03 20:08:35.216,0.87855,0.879,1.30,1.00
2010.06.03 20:08:35.312,0.87855,0.87905,1.30,1.60
2010.06.03 20:08:38.907,0.87855,0.87905,1.20,1.60
2010.06.03 20:08:39.190,0.87855,0.879,1.00,3.10
2010.06.03 20:08:39.349,0.8785,0.879,1.30,3.10
2010.06.03 20:08:40.211,0.8785,0.87895,1.20,1.50
2010.06.03 20:08:40.971,0.8785,0.87895,1.30,1.60
2010.06.03 20:08:42.650,0.8785,0.8789,1.20,1.00
2010.06.03 20:08:44.520,0.8785,0.87895,1.30,1.50
2010.06.03 20:08:44.650,0.87855,0.87895,1.00,1.00
2010.06.03 20:08:44.780,0.87855,0.87905,1.00,5.50
2010.06.03 20:08:44.992,0.87865,0.8791,1.00,4.80
2010.06.03 20:08:45.866,0.8787,0.8791,1.00,2.00
2010.06.03 20:08:46.084,0.87865,0.8791,1.00,1.00
2010.06.03 20:08:46.201,0.8787,0.87915,1.00,1.00
2010.06.03 20:08:46.310,0.8787,0.8792,1.20,3.20
2010.06.03 20:08:46.750,0.8787,0.8792,1.30,3.10
2010.06.03 20:08:46.971,0.87885,0.8792,1.00,2.40
2010.06.03 20:08:47.971,0.8788,0.87935,1.00,1.60
2010.06.03 20:08:48.103,0.87885,0.8792,1.00,2.40
2010.06.03 20:08:48.231,0.87885,0.87915,1.00,1.00
2010.06.03 20:08:48.360,0.87875,0.8792,1.20,3.10
2010.06.03 20:08:48.621,0.87875,0.8792,1.00,3.10
2010.06.03 20:08:50.362,0.87875,0.8792,1.00,3.20
2010.06.03 20:08:51.317,0.87875,0.8792,1.00,3.20
2010.06.03 20:08:51.499,0.87875,0.87915,1.00,1.00
2010.06.03 20:08:51.674,0.8787,0.8791,1.00,1.00
2010.06.03 20:08:51.750,0.87865,0.8791,1.00,3.10
2010.06.03 20:08:51.909,0.87865,0.87905,1.00,1.00
2010.06.03 20:08:52.491,0.87865,0.87905,1.00,1.50
2010.06.03 20:08:52.811,0.87865,0.87905,1.00,1.00
2010.06.03 20:08:53.141,0.8787,0.8791,1.00,1.00
2010.06.03 20:08:54.107,0.8787,0.87915,1.00,1.60
2010.06.03 20:08:55.411,0.8787,0.87915,1.00,1.60
2010.06.03 20:08:56.241,0.8787,0.87915,1.00,1.60
2010.06.03 20:08:56.994,0.8788,0.87915,1.00,1.00
2010.06.03 20:08:57.072,0.8788,0.87915,1.00,1.00
2010.06.03 20:08:57.150,0.8789,0.87915,1.00,1.00
2010.06.03 20:08:57.315,0.8789,0.87925,1.00,1.00
2010.06.03 20:08:57.390,0.8789,0.8793,1.00,2.40
2010.06.03 20:08:57.791,0.87885,0.8793,1.00,2.40
2010.06.03 20:08:57.950,0.87895,0.8793,1.00,2.40
2010.06.03 20:08:58.030,0.87895,0.87935,1.00,1.00
2010.06.03 20:08:59.359,0.8791,0.8794,1.00,1.00
2010.06.03 20:08:59.462,0.8791,0.87955,1.00,1.00
2010.06.03 20:08:59.572,0.87915,0.8796,1.00,3.90
2010.06.03 20:08:59.682,0.8791,0.8796,1.00,3.90
2010.06.03 20:08:59.791,0.8791,0.8796,1.00,3.20
2010.06.03 20:09:00.531,0.8791,0.8796,1.00,3.00
2010.06.03 20:09:00.873,0.87905,0.8796,1.00,3.90
2010.06.03 20:09:01.210,0.87905,0.8796,1.00,4.50
2010.06.03 20:09:01.550,0.87905,0.8796,1.00,4.70
2010.06.03 20:09:01.821,0.879,0.87955,3.20,1.00
2010.06.03 20:09:02.090,0.879,0.87955,4.00,1.00
2010.06.03 20:09:02.947,0.879,0.8796,4.00,4.00
2010.06.03 20:09:03.124,0.87905,0.8796,1.00,4.00
2010.06.03 20:09:03.291,0.879,0.87955,1.00,1.00
2010.06.03 20:09:03.629,0.879,0.87955,1.00,1.00
2010.06.03 20:09:05.208,0.879,0.87955,1.60,1.00
2010.06.03 20:09:05.312,0.879,0.87955,3.70,1.00
2010.06.03 20:09:06.210,0.87905,0.8796,1.00,4.00
2010.06.03 20:09:06.309,0.87905,0.8796,1.00,3.90
2010.06.03 20:09:06.651,0.879,0.8794,1.00,2.40
2010.06.03 20:09:06.991,0.87905,0.8796,1.00,3.90
2010.06.03 20:09:07.919,0.879,0.8796,4.80,4.40
2010.06.03 20:09:08.107,0.87905,0.87955,1.00,1.00
2010.06.03 20:09:08.292,0.87905,0.87945,1.00,1.00
2010.06.03 20:09:08.390,0.87905,0.87945,1.00,1.00
2010.06.03 20:09:08.480,0.87905,0.8795,1.00,1.30
2010.06.03 20:09:08.571,0.87905,0.8795,1.00,1.00
2010.06.03 20:09:08.660,0.87905,0.87945,1.00,1.00
2010.06.03 20:09:08.750,0.879,0.87945,1.00,1.00
2010.06.03 20:09:08.841,0.8791,0.8795,1.00,3.50
2010.06.03 20:09:08.930,0.8791,0.8795,1.00,1.00
2010.06.03 20:09:09.942,0.87905,0.8796,1.00,3.90
2010.06.03 20:09:10.243,0.87905,0.8795,1.00,2.40
2010.06.03 20:09:10.542,0.879,0.87945,1.00,1.00
2010.06.03 20:09:12.262,0.879,0.87945,1.00,1.00
2010.06.03 20:09:12.462,0.879,0.87945,1.00,1.00
2010.06.03 20:09:12.661,0.879,0.8795,1.00,1.20
2010.06.03 20:09:12.861,0.879,0.8795,1.00,1.00
2010.06.03 20:09:13.772,0.879,0.8795,1.00,3.20
2010.06.03 20:09:13.991,0.879,0.8795,1.00,4.00
2010.06.03 20:09:14.210,0.879,0.8795,1.00,3.90
2010.06.03 20:09:14.730,0.87895,0.87945,1.70,1.20
2010.06.03 20:09:14.890,0.879,0.8794,1.00,2.40
2010.06.03 20:09:15.051,0.879,0.8794,1.00,2.40
2010.06.03 20:09:15.210,0.879,0.8795,1.00,1.00
2010.06.03 20:09:16.807,0.879,0.8795,1.00,1.00
2010.06.03 20:09:16.842,0.87895,0.8795,3.10,1.00
2010.06.03 20:09:16.882,0.87895,0.8795,3.00,1.00
2010.06.03 20:09:16.920,0.87895,0.8795,1.30,1.60
2010.06.03 20:09:17.010,0.87895,0.8795,1.00,1.60
2010.06.03 20:09:17.079,0.87895,0.8795,1.00,4.00
2010.06.03 20:09:17.110,0.87895,0.8795,1.00,3.90
2010.06.03 20:09:17.161,0.87895,0.8795,1.00,1.50
2010.06.03 20:09:17.329,0.87895,0.8795,2.60,1.00
2010.06.03 20:09:17.409,0.87895,0.8795,2.30,1.00
2010.06.03 20:09:18.665,0.879,0.8795,2.40,1.00
2010.06.03 20:09:19.002,0.87905,0.87955,1.00,1.70
2010.06.03 20:09:19.340,0.87905,0.8795,1.00,1.00
2010.06.03 20:09:20.285,0.8791,0.8795,1.00,1.00
2010.06.03 20:09:20.440,0.87915,0.87955,1.00,1.50
2010.06.03 20:09:20.590,0.87915,0.87955,1.00,1.00
2010.06.03 20:09:20.739,0.87915,0.8796,1.00,1.00
2010.06.03 20:09:21.990,0.87915,0.8796,1.00,1.00
2010.06.03 20:09:22.378,0.8792,0.8796,1.00,1.00
2010.06.03 20:09:23.240,0.87915,0.8796,1.00,1.00
2010.06.03 20:09:23.461,0.87915,0.87955,1.00,1.00
2010.06.03 20:09:24.577,0.87915,0.8796,1.00,4.80
2010.06.03 20:09:24.721,0.8791,0.87955,1.00,1.00
2010.06.03 20:09:25.999,0.8791,0.87955,1.00,1.00
2010.06.03 20:09:26.189,0.8791,0.87955,1.70,1.00
2010.06.03 20:09:27.290,0.87915,0.87955,1.00,1.00
2010.06.03 20:09:28.241,0.87915,0.8796,1.00,1.00
2010.06.03 20:09:28.340,0.8792,0.8796,1.00,1.00
2010.06.03 20:09:29.088,0.87915,0.87955,1.00,1.00
2010.06.03 20:09:29.191,0.87915,0.8795,1.00,2.40
2010.06.03 20:09:29.370,0.87905,0.87945,1.00,1.00
2010.06.03 20:09:29.710,0.87905,0.87945,1.00,1.00
2010.06.03 20:09:29.880,0.87915,0.8795,1.00,2.40
2010.06.03 20:09:30.744,0.87915,0.8796,1.00,4.10
2010.06.03 20:09:31.472,0.8791,0.87955,1.00,1.00
2010.06.03 20:09:39.450,0.8791,0.87955,1.00,1.00
2010.06.03 20:09:39.631,0.8791,0.8795,1.00,1.00
2010.06.03 20:09:41.942,0.87905,0.8795,1.70,1.00
2010.06.03 20:09:55.290,0.8791,0.87955,1.00,1.60
2010.06.03 20:09:55.440,0.8791,0.87955,1.00,1.00
2010.06.03 20:09:56.326,0.87915,0.87955,1.00,1.00
2010.06.03 20:09:57.540,0.87915,0.8796,1.00,4.10
2010.06.03 20:09:58.442,0.87915,0.8796,1.00,1.00
2010.06.03 20:09:59.411,0.8792,0.8796,1.00,1.00
2010.06.03 20:09:59.828,0.8792,0.8796,1.00,1.00
2010.06.03 20:10:00.071,0.8792,0.87965,1.00,1.70
2010.06.03 20:10:00.200,0.8792,0.87965,1.00,1.00
2010.06.03 20:10:00.321,0.8792,0.87965,1.00,1.00
2010.06.03 20:10:00.452,0.8792,0.87965,1.00,1.00
2010.06.03 20:10:01.611,0.87925,0.8797,1.00,4.10
2010.06.03 20:10:02.432,0.8792,0.87965,1.00,1.00
2010.06.03 20:10:04.684,0.8792,0.87965,1.00,1.00
2010.06.03 20:10:04.920,0.8792,0.8796,1.00,1.00
2010.06.03 20:10:05.746,0.8792,0.8796,1.00,1.60
2010.06.03 20:10:05.821,0.8792,0.8796,1.00,1.00
2010.06.03 20:10:06.380,0.87915,0.8796,1.00,1.00
2010.06.03 20:10:07.691,0.87915,0.8796,1.00,1.00
2010.06.03 20:10:07.860,0.87915,0.8796,1.00,4.00
2010.06.03 20:10:09.306,0.8791,0.87955,1.00,1.00
2010.06.03 20:10:17.331,0.87915,0.8796,1.00,4.20
2010.06.03 20:10:17.450,0.87915,0.8796,1.00,3.20
2010.06.03 20:10:17.572,0.87915,0.8796,1.00,2.40
2010.06.03 20:10:17.690,0.87915,0.87965,1.00,1.00
2010.06.03 20:10:21.392,0.87915,0.8796,1.00,2.40
2010.06.03 20:10:21.543,0.87915,0.8796,1.00,4.90
2010.06.03 20:10:22.433,0.87915,0.8796,1.00,5.10
2010.06.03 20:10:23.433,0.8791,0.87955,1.00,1.00
2010.06.03 20:10:28.749,0.8791,0.87955,1.30,1.00
2010.06.03 20:10:33.011,0.8791,0.8795,1.20,2.50
2010.06.03 20:10:33.124,0.8791,0.8794,1.00,1.00
2010.06.03 20:10:33.230,0.87895,0.8794,1.70,1.00
2010.06.03 20:10:33.330,0.87895,0.87945,1.00,1.60
2010.06.03 20:10:34.434,0.879,0.87945,1.00,1.70
2010.06.03 20:10:36.076,0.87895,0.8794,1.00,1.00
2010.06.03 20:10:42.594,0.87895,0.8794,1.00,1.00
2010.06.03 20:10:42.650,0.87895,0.8794,1.00,1.00
2010.06.03 20:10:42.699,0.87895,0.8794,1.00,2.40
2010.06.03 20:10:42.749,0.87895,0.8794,1.00,3.50
2010.06.03 20:10:43.582,0.87895,0.87935,1.00,1.00
2010.06.03 20:10:43.701,0.8789,0.87935,1.00,1.00
2010.06.03 20:10:46.350,0.8789,0.87935,1.00,1.00
2010.06.03 20:10:46.495,0.8789,0.87935,1.00,1.00
2010.06.03 20:10:48.909,0.87895,0.8794,1.00,4.90
2010.06.03 20:10:48.989,0.87895,0.8794,1.00,5.00
2010.06.03 20:10:49.070,0.87895,0.8794,1.00,5.20
2010.06.03 20:10:49.763,0.87895,0.8794,1.00,5.20
2010.06.03 20:10:49.922,0.87895,0.8794,1.00,1.70
2010.06.03 20:10:50.115,0.879,0.8794,1.00,1.60
2010.06.03 20:11:01.393,0.879,0.8794,1.00,1.00
2010.06.03 20:11:01.560,0.879,0.8794,1.00,1.00
2010.06.03 20:11:01.720,0.879,0.87945,1.00,2.20
2010.06.03 20:11:02.040,0.879,0.87945,1.00,1.70
2010.06.03 20:11:02.828,0.87905,0.87945,1.00,1.00
2010.06.03 20:11:03.870,0.87905,0.87945,1.00,1.00
2010.06.03 20:11:10.180,0.87905,0.87945,1.00,1.00
2010.06.03 20:11:10.277,0.879,0.87945,1.00,1.40
2010.06.03 20:11:11.338,0.87895,0.8794,1.00,1.00
2010.06.03 20:11:14.792,0.87905,0.87945,1.00,1.00
2010.06.03 20:11:15.384,0.87905,0.87945,1.00,1.00
2010.06.03 20:11:19.140,0.87905,0.87945,1.00,1.00
2010.06.03 20:11:19.250,0.87915,0.87945,1.00,1.00
2010.06.03 20:11:22.570,0.87915,0.87945,1.00,1.00
2010.06.03 20:11:23.431,0.87915,0.87945,1.00,1.00
2010.06.03 20:11:38.138,0.87905,0.87945,1.00,1.00
2010.06.03 20:11:38.450,0.87905,0.87945,1.00,1.00
2010.06.03 20:11:38.561,0.879,0.8794,2.40,1.00
2010.06.03 20:11:39.315,0.8789,0.8794,4.70,1.00
2010.06.03 20:11:39.422,0.8789,0.8794,3.30,1.70
2010.06.03 20:11:40.543,0.87895,0.8794,1.00,1.60
2010.06.03 20:11:40.711,0.87895,0.8794,1.00,1.60
2010.06.03 20:11:40.880,0.87895,0.8794,1.00,1.00
2010.06.03 20:11:43.234,0.87895,0.87945,1.00,1.70
2010.06.03 20:11:54.799,0.87895,0.8793,1.00,1.00
2010.06.03 20:11:54.860,0.8789,0.8793,1.20,3.40
2010.06.03 20:11:54.920,0.8789,0.8792,1.00,1.00
2010.06.03 20:11:54.981,0.87875,0.8792,1.00,1.00
2010.06.03 20:11:58.100,0.87875,0.8792,1.00,1.80
2010.06.03 20:11:58.244,0.87865,0.87915,2.00,1.00
2010.06.03 20:11:59.110,0.8787,0.87915,1.00,1.00
2010.06.03 20:12:17.296,0.8787,0.87915,1.00,1.00
2010.06.03 20:12:17.466,0.8787,0.87915,1.00,1.00
2010.06.03 20:12:27.643,0.87865,0.87915,1.00,1.00
2010.06.03 20:12:28.293,0.87865,0.87915,1.00,1.00
2010.06.03 20:12:28.434,0.87865,0.87915,1.00,1.00
2010.06.03 20:12:32.430,0.87865,0.8791,1.00,1.00
2010.06.03 20:12:32.582,0.87865,0.8791,1.00,1.60
2010.06.03 20:12:33.322,0.87865,0.8791,1.00,1.70
2010.06.03 20:12:34.875,0.87865,0.87905,1.00,1.00
2010.06.03 20:12:37.420,0.87855,0.87905,1.40,1.00
2010.06.03 20:12:37.530,0.87855,0.87905,1.50,1.00
2010.06.03 20:12:37.650,0.87855,0.87905,1.00,1.00
2010.06.03 20:12:37.987,0.87855,0.87905,1.00,1.00
2010.06.03 20:12:38.544,0.87855,0.87905,1.00,1.00
2010.06.03 20:12:38.740,0.87855,0.87905,1.00,1.00
2010.06.03 20:12:39.575,0.8786,0.87915,3.90,2.00
2010.06.03 20:12:40.411,0.8786,0.87915,3.90,1.80
2010.06.03 20:12:40.496,0.87865,0.87915,1.60,1.00
2010.06.03 20:12:40.902,0.87865,0.87915,1.60,1.00
2010.06.03 20:12:41.230,0.87865,0.87915,1.00,1.10
2010.06.03 20:12:41.551,0.87865,0.87915,1.90,1.00
2010.06.03 20:12:42.390,0.87865,0.8792,2.70,4.70
2010.06.03 20:12:42.561,0.87865,0.8792,2.60,4.60
2010.06.03 20:12:42.691,0.8787,0.8792,1.00,4.50
2010.06.03 20:12:42.821,0.8787,0.8792,1.00,3.20
2010.06.03 20:12:42.951,0.8787,0.8792,1.00,2.40
2010.06.03 20:12:43.079,0.8787,0.87925,3.10,2.80
2010.06.03 20:12:43.210,0.8787,0.87925,3.80,2.80
2010.06.03 20:12:44.272,0.8787,0.87925,3.70,2.70
2010.06.03 20:12:45.432,0.87875,0.87925,1.00,2.80
2010.06.03 20:12:46.650,0.8787,0.87925,3.90,2.60
2010.06.03 20:12:46.951,0.8787,0.87925,3.70,1.80
2010.06.03 20:12:47.111,0.8787,0.87925,3.90,1.30
2010.06.03 20:12:47.260,0.8787,0.87925,3.90,2.10
2010.06.03 20:12:48.390,0.8787,0.87925,3.90,2.30
2010.06.03 20:12:49.245,0.8787,0.87925,3.60,2.30
2010.06.03 20:12:49.360,0.87875,0.87925,1.00,2.30
2010.06.03 20:12:50.350,0.87875,0.87925,1.00,2.20
2010.06.03 20:13:00.525,0.87875,0.8792,1.00,1.00
2010.06.03 20:13:16.511,0.8787,0.8792,3.90,1.00
2010.06.03 20:13:17.514,0.8787,0.87915,1.00,1.00
2010.06.03 20:13:17.700,0.8787,0.87915,1.00,1.00
2010.06.03 20:13:18.171,0.8786,0.87915,3.90,1.70
2010.06.03 20:13:18.360,0.8786,0.87915,3.90,2.30
2010.06.03 20:13:18.707,0.8786,0.87915,4.30,2.30
2010.06.03 20:13:20.190,0.8786,0.8791,4.30,1.00
2010.06.03 20:13:21.468,0.8786,0.8791,4.30,1.00
2010.06.03 20:13:21.994,0.87865,0.8791,1.00,1.00
2010.06.03 20:13:22.896,0.87865,0.8791,1.50,1.00
2010.06.03 20:13:23.036,0.87865,0.8791,1.30,1.00
2010.06.03 20:13:23.193,0.8786,0.87905,1.90,1.00
2010.06.03 20:13:23.353,0.8786,0.87905,1.00,1.00
2010.06.03 20:13:23.511,0.8786,0.87905,1.00,1.00
2010.06.03 20:13:24.941,0.8786,0.87905,1.00,1.00
2010.06.03 20:13:25.310,0.8786,0.87905,1.00,1.00
2010.06.03 20:13:25.621,0.87855,0.879,1.70,1.00
2010.06.03 20:13:25.750,0.87855,0.879,1.70,1.00
2010.06.03 20:13:25.880,0.87855,0.879,1.70,1.00
2010.06.03 20:13:26.010,0.87855,0.879,1.50,1.00
2010.06.03 20:13:27.484,0.8786,0.87905,1.00,1.00
2010.06.03 20:13:27.615,0.8786,0.879,1.00,1.00
2010.06.03 20:13:28.334,0.87855,0.879,1.00,1.00
2010.06.03 20:13:29.196,0.87855,0.879,1.00,4.80
2010.06.03 20:13:29.533,0.8784,0.8789,3.60,1.00
2010.06.03 20:13:31.315,0.8784,0.8789,4.30,1.00
2010.06.03 20:13:32.092,0.8784,0.87895,4.30,1.00
2010.06.03 20:13:32.162,0.8784,0.87895,3.90,1.00
2010.06.03 20:13:33.460,0.8784,0.87895,3.30,2.60
2010.06.03 20:13:33.801,0.8784,0.8789,3.30,1.00
2010.06.03 20:13:35.580,0.8784,0.8789,3.30,1.00
2010.06.03 20:13:36.673,0.8784,0.8789,3.10,1.00
2010.06.03 20:13:38.849,0.8784,0.87885,3.10,1.00
2010.06.03 20:13:38.940,0.8784,0.87885,3.00,1.00
2010.06.03 20:13:39.912,0.8784,0.87885,1.00,1.00
2010.06.03 20:13:40.387,0.8784,0.87885,1.00,1.00
2010.06.03 20:13:41.378,0.8784,0.8788,1.00,1.00
2010.06.03 20:13:47.812,0.8784,0.87885,1.00,1.30
2010.06.03 20:13:47.980,0.8784,0.8789,1.00,4.40
2010.06.03 20:13:48.140,0.8784,0.8789,2.50,1.00
2010.06.03 20:13:50.151,0.8784,0.8789,2.40,1.00
2010.06.03 20:13:50.411,0.8784,0.87885,2.40,1.00
2010.06.03 20:13:50.670,0.87835,0.87885,2.30,1.00
2010.06.03 20:13:51.550,0.87835,0.87885,2.30,1.00
2010.06.03 20:13:57.541,0.8784,0.87885,1.00,1.00
2010.06.03 20:13:57.673,0.87845,0.8789,1.00,2.00
2010.06.03 20:13:57.812,0.8784,0.8789,3.10,1.00
2010.06.03 20:13:58.740,0.8784,0.87895,3.30,1.80
2010.06.03 20:14:03.957,0.8784,0.87895,3.30,1.40
2010.06.03 20:14:13.861,0.87845,0.87895,1.30,1.00
2010.06.03 20:14:14.010,0.87845,0.87895,1.30,1.00
2010.06.03 20:14:15.430,0.87845,0.87895,1.50,1.00
2010.06.03 20:14:16.434,0.8785,0.87895,1.00,1.00
2010.06.03 20:14:21.271,0.87845,0.8789,1.30,1.20
2010.06.03 20:14:21.442,0.87845,0.87895,1.50,1.00
2010.06.03 20:14:22.314,0.8785,0.87895,1.00,1.00
2010.06.03 20:14:28.462,0.8786,0.8791,2.90,1.60
2010.06.03 20:14:30.621,0.8786,0.8791,3.10,1.60
2010.06.03 20:14:31.247,0.87865,0.8791,1.00,1.60
2010.06.03 20:14:31.492,0.8786,0.87915,4.30,1.80
2010.06.03 20:14:32.440,0.8786,0.87905,1.00,1.00
2010.06.03 20:14:32.646,0.8785,0.87905,4.20,1.00
2010.06.03 20:14:32.850,0.8785,0.87905,3.70,1.00
2010.06.03 20:14:33.393,0.8785,0.87905,3.90,1.00
2010.06.03 20:14:33.600,0.8785,0.87905,3.80,1.00
2010.06.03 20:14:34.498,0.87845,0.879,1.00,5.00
2010.06.03 20:14:34.603,0.8785,0.87905,3.60,1.00
2010.06.03 20:14:34.710,0.8785,0.87905,3.70,1.00
2010.06.03 20:14:35.410,0.8785,0.87905,3.90,1.00
2010.06.03 20:14:36.575,0.87855,0.87905,1.00,1.00
2010.06.03 20:14:36.692,0.87855,0.8791,2.90,4.10
2010.06.03 20:14:37.417,0.87855,0.8791,2.80,4.00
2010.06.03 20:14:37.556,0.8786,0.8791,1.00,4.00
2010.06.03 20:14:38.248,0.87865,0.8791,1.30,1.00
2010.06.03 20:14:38.536,0.87875,0.87915,1.00,1.00
2010.06.03 20:14:38.813,0.87865,0.8792,2.20,5.00
2010.06.03 20:14:39.091,0.8787,0.8792,2.40,1.80
2010.06.03 20:14:39.898,0.8787,0.8791,2.90,1.00
2010.06.03 20:14:40.152,0.8786,0.8791,1.00,2.00
2010.06.03 20:14:40.651,0.8786,0.87905,1.00,1.00
2010.06.03 20:14:41.230,0.8786,0.879,1.00,1.00
2010.06.03 20:14:41.522,0.87855,0.879,1.20,2.40
2010.06.03 20:14:41.811,0.87845,0.8789,2.00,1.00
2010.06.03 20:14:42.102,0.87835,0.8789,1.70,4.00
2010.06.03 20:14:42.953,0.87845,0.8789,1.00,1.40
2010.06.03 20:14:43.133,0.87845,0.8789,1.00,1.60
2010.06.03 20:14:43.621,0.87845,0.8789,1.00,4.00
2010.06.03 20:14:43.901,0.87835,0.8789,1.70,5.00
2010.06.03 20:14:44.041,0.87835,0.87885,1.00,1.00
2010.06.03 20:14:44.857,0.87835,0.8788,1.00,1.00
2010.06.03 20:14:49.813,0.87835,0.8788,1.00,1.00
2010.06.03 20:14:51.943,0.8784,0.8788,1.00,1.00
2010.06.03 20:14:51.994,0.8784,0.87885,1.00,1.00
2010.06.03 20:14:56.943,0.8784,0.8789,1.00,4.20
2010.06.03 20:14:57.470,0.87845,0.8789,1.00,4.20
2010.06.03 20:14:58.041,0.87845,0.8789,1.00,3.20
2010.06.03 20:14:58.580,0.87845,0.8789,1.00,3.60
2010.06.03 20:15:00.809,0.8784,0.8789,1.00,3.60
2010.06.03 20:15:01.761,0.8784,0.87885,1.00,1.00
2010.06.03 20:15:01.883,0.87835,0.87885,1.00,1.20
2010.06.03 20:15:03.551,0.8783,0.8788,2.90,1.20
2010.06.03 20:15:04.462,0.8783,0.8788,1.00,1.80
2010.06.03 20:15:04.678,0.8782,0.87875,1.00,2.40
2010.06.03 20:15:04.880,0.8782,0.87875,1.00,1.80
2010.06.03 20:15:05.490,0.8782,0.87875,1.00,1.80
2010.06.03 20:15:05.702,0.8782,0.87865,1.00,1.00
2010.06.03 20:15:05.922,0.87825,0.8787,1.00,3.60
2010.06.03 20:15:06.954,0.8782,0.87865,1.00,1.00
2010.06.03 20:15:07.511,0.8782,0.87865,1.00,2.20
2010.06.03 20:15:07.670,0.87815,0.8786,1.00,1.00
2010.06.03 20:15:08.897,0.8782,0.8786,1.00,1.00
2010.06.03 20:15:11.610,0.87815,0.8786,1.00,2.00
2010.06.03 20:15:11.681,0.87815,0.8786,1.00,4.40
2010.06.03 20:15:12.472,0.87815,0.8786,1.00,5.00
2010.06.03 20:15:13.279,0.87815,0.87855,1.00,1.00
2010.06.03 20:15:13.736,0.8781,0.87855,1.70,1.00
2010.06.03 20:15:13.911,0.8781,0.87855,1.00,1.00
2010.06.03 20:15:14.471,0.87815,0.87855,1.00,1.00
2010.06.03 20:15:15.291,0.87815,0.8785,1.00,1.00
2010.06.03 20:15:15.661,0.8781,0.8785,1.00,1.00
2010.06.03 20:15:15.762,0.8781,0.8785,1.00,1.60
2010.06.03 20:15:16.191,0.8781,0.87845,1.00,1.00
2010.06.03 20:15:16.371,0.87805,0.87845,1.00,1.00
2010.06.03 20:15:19.485,0.87805,0.87845,1.00,1.00
2010.06.03 20:15:23.510,0.87805,0.8784,1.00,1.00
2010.06.03 20:15:23.730,0.87805,0.87845,1.00,1.00
2010.06.03 20:15:24.111,0.87805,0.8784,1.00,1.00
2010.06.03 20:15:25.306,0.87805,0.8784,1.00,1.00
2010.06.03 20:15:25.955,0.878,0.8784,1.00,1.00
2010.06.03 20:15:28.308,0.8779,0.87835,2.80,1.00
2010.06.03 20:15:28.425,0.87785,0.8783,1.00,1.00
2010.06.03 20:15:30.162,0.87785,0.8783,1.00,1.00
2010.06.03 20:15:30.341,0.8779,0.8783,1.00,1.00
2010.06.03 20:15:31.452,0.8779,0.8783,1.00,1.00
2010.06.03 20:15:43.239,0.8779,0.8783,1.00,1.00
2010.06.03 20:15:43.751,0.87795,0.8783,1.00,1.00
2010.06.03 20:15:43.931,0.87795,0.87835,1.00,1.30
2010.06.03 20:15:44.091,0.87795,0.87835,1.00,1.00
2010.06.03 20:15:44.541,0.87795,0.8784,1.00,1.30
2010.06.03 20:15:45.333,0.87795,0.8784,1.00,1.00
2010.06.03 20:15:45.581,0.878,0.8784,1.00,1.00
2010.06.03 20:15:55.874,0.8779,0.8784,4.70,1.00
2010.06.03 20:15:55.929,0.8779,0.8784,3.90,1.00
2010.06.03 20:15:55.991,0.8779,0.8784,3.10,1.00
2010.06.03 20:15:56.110,0.8779,0.8784,1.00,3.20
2010.06.03 20:15:56.170,0.87785,0.8784,1.00,3.20
2010.06.03 20:15:56.351,0.87785,0.87835,1.00,1.00
2010.06.03 20:16:02.530,0.8779,0.87835,1.00,1.00
2010.06.03 20:16:02.691,0.8779,0.8784,1.00,1.00
2010.06.03 20:16:02.941,0.8779,0.8784,1.00,1.00
2010.06.03 20:16:08.566,0.87795,0.8784,1.00,1.00
2010.06.03 20:16:08.780,0.878,0.8784,1.00,1.00
2010.06.03 20:16:09.001,0.87805,0.87855,1.50,1.00
2010.06.03 20:16:09.899,0.87805,0.87855,1.60,1.00
2010.06.03 20:16:10.541,0.8781,0.87855,1.00,1.00
2010.06.03 20:16:11.363,0.87815,0.87855,1.00,1.00
2010.06.03 20:16:12.355,0.8782,0.87855,1.00,1.00
2010.06.03 20:16:27.572,0.8781,0.87855,1.00,1.70
2010.06.03 20:16:27.690,0.8781,0.87855,1.00,2.30
2010.06.03 20:16:29.357,0.87815,0.87855,1.00,2.20
2010.06.03 20:16:46.774,0.8781,0.87855,1.00,2.10
2010.06.03 20:16:46.941,0.8782,0.87855,1.00,1.30
2010.06.03 20:16:47.021,0.8782,0.87855,1.00,1.00
2010.06.03 20:16:47.181,0.8781,0.87855,2.90,1.00
2010.06.03 20:16:47.262,0.8781,0.87855,1.00,1.00
2010.06.03 20:16:48.223,0.8781,0.87855,1.00,2.10
2010.06.03 20:16:49.300,0.8781,0.87855,1.00,2.30
2010.06.03 20:16:50.288,0.87815,0.87855,1.00,2.20
2010.06.03 20:16:53.841,0.87805,0.8785,1.00,1.00
2010.06.03 20:16:53.910,0.87805,0.8785,1.00,3.30
2010.06.03 20:16:54.051,0.878,0.8785,1.60,3.90
2010.06.03 20:16:54.260,0.878,0.87845,1.60,1.00
2010.06.03 20:16:54.331,0.87795,0.8784,1.00,2.40
2010.06.03 20:16:54.541,0.8779,0.8784,1.00,2.40
2010.06.03 20:16:58.666,0.8779,0.8784,1.00,3.20
2010.06.03 20:16:58.720,0.8779,0.87835,1.00,1.00
2010.06.03 20:16:58.927,0.87785,0.87835,1.00,1.00
2010.06.03 20:17:01.626,0.87785,0.87835,1.00,1.00
2010.06.03 20:17:01.731,0.87785,0.87835,1.00,1.00
2010.06.03 20:17:06.279,0.87785,0.87835,1.00,1.00
2010.06.03 20:17:07.078,0.87785,0.8784,1.20,4.00
2010.06.03 20:17:07.253,0.8779,0.8784,1.00,4.00
2010.06.03 20:17:08.161,0.8779,0.8784,1.00,4.20
2010.06.03 20:17:08.361,0.8779,0.87835,1.00,1.00
2010.06.03 20:17:10.380,0.8779,0.87835,1.00,1.20
2010.06.03 20:17:15.087,0.8779,0.87835,1.00,1.00
2010.06.03 20:17:15.290,0.8779,0.8784,1.60,5.00
2010.06.03 20:17:16.203,0.8779,0.8784,1.60,4.40
2010.06.03 20:17:16.314,0.8779,0.8784,1.70,4.40
2010.06.03 20:17:40.938,0.8779,0.8784,1.60,4.30
2010.06.03 20:17:41.080,0.8779,0.8784,1.60,4.40
2010.06.03 20:17:41.220,0.8779,0.8784,1.00,4.40
2010.06.03 20:17:41.501,0.8779,0.87835,1.00,1.80
2010.06.03 20:17:41.680,0.8779,0.87835,1.00,1.00
2010.06.03 20:17:42.369,0.8779,0.87835,1.00,1.20
2010.06.03 20:17:56.391,0.8779,0.8783,1.00,2.40
2010.06.03 20:18:02.448,0.87785,0.8783,1.00,2.40
2010.06.03 20:18:37.556,0.8779,0.87835,1.00,1.00
2010.06.03 20:18:37.664,0.878,0.8785,1.00,4.10
2010.06.03 20:18:38.490,0.878,0.8785,1.00,4.00
2010.06.03 20:18:39.289,0.878,0.8785,1.00,4.10
2010.06.03 20:18:40.561,0.878,0.8785,1.00,8.10
2010.06.03 20:18:41.263,0.8779,0.8784,1.00,4.00
2010.06.03 20:18:42.320,0.8779,0.8784,1.00,4.00
2010.06.03 20:18:53.978,0.8779,0.8784,1.00,4.20
2010.06.03 20:18:54.194,0.8779,0.8784,1.00,5.00
2010.06.03 20:18:54.271,0.87785,0.87835,1.00,1.00
2010.06.03 20:18:56.311,0.87785,0.87835,1.00,1.20
2010.06.03 20:19:01.703,0.8779,0.87845,1.00,2.40
2010.06.03 20:19:01.831,0.8779,0.87835,1.00,1.00
2010.06.03 20:19:04.282,0.8779,0.87835,1.00,1.00
2010.06.03 20:19:04.403,0.8779,0.87835,1.00,1.00
2010.06.03 20:19:05.364,0.87785,0.87835,1.00,1.00
2010.06.03 20:19:13.308,0.87785,0.87835,1.00,1.00
2010.06.03 20:19:14.312,0.8779,0.8784,1.60,3.90
2010.06.03 20:19:14.551,0.8779,0.8784,1.60,3.80
2010.06.03 20:19:22.887,0.8779,0.8784,1.70,3.70
2010.06.03 20:19:23.081,0.87795,0.8784,1.00,3.20
2010.06.03 20:19:23.181,0.87795,0.8784,1.70,1.00
2010.06.03 20:19:23.280,0.87805,0.87845,1.00,1.00
2010.06.03 20:19:23.382,0.87805,0.8785,1.00,3.70
2010.06.03 20:19:23.591,0.87805,0.8785,1.00,4.40
2010.06.03 20:19:23.690,0.878,0.8785,1.00,4.40
2010.06.03 20:19:23.791,0.87795,0.8785,1.00,5.20
2010.06.03 20:19:24.507,0.87795,0.8785,1.00,9.20
2010.06.03 20:19:24.721,0.8779,0.8784,1.70,3.70
2010.06.03 20:19:26.297,0.8779,0.8784,1.70,3.90
2010.06.03 20:19:30.187,0.8779,0.8784,1.00,3.90
2010.06.03 20:19:31.781,0.8779,0.8784,1.00,3.90
2010.06.03 20:19:31.900,0.87785,0.87835,1.00,1.00
2010.06.03 20:19:33.337,0.87785,0.87835,1.00,1.00
2010.06.03 20:19:49.550,0.87785,0.87835,1.00,1.50
2010.06.03 20:20:20.171,0.87785,0.87835,1.00,1.30
2010.06.03 20:20:20.230,0.87785,0.87835,1.50,1.00
2010.06.03 20:20:20.352,0.87785,0.8784,1.50,3.70
2010.06.03 20:20:20.422,0.87785,0.8784,1.00,3.70
2010.06.03 20:20:27.180,0.8779,0.8784,1.00,3.70
2010.06.03 20:20:27.250,0.8779,0.8784,1.50,2.90
2010.06.03 20:20:27.390,0.8779,0.8784,1.50,1.00
2010.06.03 20:20:27.535,0.8779,0.87845,1.50,1.50
2010.06.03 20:20:29.356,0.87795,0.87845,1.00,1.50
2010.06.03 20:20:29.661,0.878,0.87845,1.00,1.30
2010.06.03 20:20:29.771,0.878,0.87845,1.00,1.30
2010.06.03 20:20:29.881,0.878,0.87845,1.00,1.00
2010.06.03 20:20:29.990,0.878,0.8785,1.00,4.00
2010.06.03 20:20:31.336,0.878,0.8785,1.00,4.10
2010.06.03 20:20:32.247,0.87805,0.8785,1.00,1.00
2010.06.03 20:20:32.491,0.87805,0.87855,1.00,1.00
2010.06.03 20:20:32.611,0.87805,0.8786,1.00,3.20
2010.06.03 20:20:33.328,0.8781,0.8786,1.00,3.20
2010.06.03 20:20:35.637,0.87805,0.8786,1.00,3.20
2010.06.03 20:20:35.736,0.8781,0.8786,1.00,3.20
2010.06.03 20:20:35.831,0.8781,0.8786,1.00,4.50
2010.06.03 20:20:36.011,0.8781,0.87855,1.00,1.00
2010.06.03 20:20:37.571,0.87805,0.87855,1.00,1.00
2010.06.03 20:20:38.785,0.87805,0.87855,1.00,1.00
2010.06.03 20:20:39.001,0.87805,0.87855,1.00,1.00
2010.06.03 20:20:47.124,0.878,0.87855,4.00,1.00
2010.06.03 20:20:47.280,0.878,0.87855,4.10,1.00
2010.06.03 20:20:47.441,0.878,0.87855,1.70,2.00
2010.06.03 20:20:47.601,0.878,0.87855,1.00,2.00
2010.06.03 20:20:47.771,0.878,0.87855,1.60,1.80
2010.06.03 20:20:47.942,0.878,0.8786,7.50,1.00
2010.06.03 20:20:48.843,0.878,0.87855,1.00,1.00
2010.06.03 20:20:50.005,0.878,0.87855,1.70,1.00
2010.06.03 20:20:50.206,0.8781,0.87855,1.00,1.00
2010.06.03 20:20:51.265,0.8781,0.8786,1.00,1.00
2010.06.03 20:20:51.504,0.87805,0.8786,1.00,1.00
2010.06.03 20:20:51.744,0.8781,0.87865,1.60,1.00
2010.06.03 20:20:51.982,0.8781,0.87865,1.20,1.00
2010.06.03 20:20:53.348,0.8781,0.87865,1.20,1.00
2010.06.03 20:20:53.690,0.8781,0.87865,1.30,1.00
2010.06.03 20:20:54.859,0.87815,0.87865,1.00,1.00
2010.06.03 20:21:03.331,0.8781,0.8786,1.00,2.40
2010.06.03 20:21:03.441,0.87805,0.8786,2.80,4.00
2010.06.03 20:21:03.551,0.87805,0.8786,1.00,4.00
2010.06.03 20:21:03.662,0.8781,0.8786,1.00,5.00
2010.06.03 20:21:03.771,0.8781,0.8786,1.00,2.60
2010.06.03 20:21:03.881,0.8781,0.8786,1.00,1.00
2010.06.03 20:21:04.046,0.8781,0.8786,1.20,1.00
2010.06.03 20:21:05.187,0.8781,0.87865,1.20,1.00
2010.06.03 20:21:05.490,0.8781,0.87865,1.30,1.00
2010.06.03 20:21:06.409,0.87815,0.87865,1.00,1.00
2010.06.03 20:21:08.214,0.8781,0.87865,1.20,1.00
2010.06.03 20:21:08.355,0.8781,0.87865,1.00,1.00
2010.06.03 20:21:08.450,0.8781,0.87865,1.00,2.90
2010.06.03 20:21:08.552,0.87805,0.87855,1.00,1.00
2010.06.03 20:21:08.651,0.87805,0.87855,2.00,1.00
2010.06.03 20:21:08.751,0.8781,0.8786,1.00,4.20
2010.06.03 20:21:08.850,0.8781,0.8786,1.00,3.20
2010.06.03 20:21:08.950,0.8781,0.8786,1.30,1.00
2010.06.03 20:21:09.065,0.8781,0.8786,1.00,1.00
2010.06.03 20:21:11.323,0.8781,0.8786,1.00,1.00
2010.06.03 20:21:12.295,0.87815,0.8786,1.00,1.00
2010.06.03 20:21:32.544,0.8781,0.8786,1.00,1.00
2010.06.03 20:21:32.636,0.8781,0.8786,1.00,1.00
2010.06.03 20:21:32.680,0.8781,0.8786,1.00,1.00
2010.06.03 20:21:33.029,0.8781,0.8786,1.00,1.00
2010.06.03 20:21:51.111,0.8781,0.8786,1.00,1.00
2010.06.03 20:21:51.271,0.87815,0.8786,1.00,1.00
2010.06.03 20:21:51.351,0.87815,0.8786,1.00,1.00
2010.06.03 20:21:51.512,0.8782,0.8786,1.00,1.00
2010.06.03 20:21:51.591,0.87825,0.87875,1.00,1.00
2010.06.03 20:21:51.751,0.8783,0.8788,1.00,1.00
2010.06.03 20:21:51.929,0.8783,0.8788,1.00,1.00
2010.06.03 20:21:53.351,0.8783,0.8788,1.00,1.00
2010.06.03 20:21:53.750,0.87825,0.8788,1.00,1.00
2010.06.03 20:21:57.708,0.87825,0.87865,1.00,1.00
2010.06.03 20:21:57.831,0.87825,0.8786,1.00,2.40
2010.06.03 20:21:58.592,0.87825,0.8786,1.00,4.40
2010.06.03 20:21:58.802,0.878,0.87855,1.00,1.80
2010.06.03 20:21:59.046,0.87795,0.87855,1.00,1.80
2010.06.03 20:22:00.382,0.87795,0.8785,1.00,1.00
2010.06.03 20:22:00.891,0.87795,0.87845,1.00,1.00
2010.06.03 20:22:05.132,0.8779,0.8784,1.00,1.00
2010.06.03 20:22:05.351,0.8779,0.8784,1.00,1.00
2010.06.03 20:22:13.217,0.8779,0.8784,1.00,1.00
2010.06.03 20:22:17.461,0.8779,0.8784,1.00,1.00
2010.06.03 20:22:39.291,0.8779,0.87845,1.00,1.50
2010.06.03 20:22:49.951,0.87785,0.87845,1.00,1.00
2010.06.03 20:23:12.760,0.87785,0.8784,1.00,1.00
2010.06.03 20:23:34.161,0.8779,0.87845,1.00,1.00
2010.06.03 20:23:58.481,0.87785,0.8784,1.00,1.00
2010.06.03 20:24:09.661,0.8778,0.87835,1.00,1.00
2010.06.03 20:24:12.115,0.8778,0.87835,1.00,1.00
2010.06.03 20:24:26.881,0.87775,0.8783,1.00,1.00
2010.06.03 20:24:39.362,0.87775,0.8783,1.00,1.00
2010.06.03 20:24:50.186,0.87775,0.8783,1.00,3.20
2010.06.03 20:24:50.413,0.8777,0.87825,1.00,1.00
2010.06.03 20:24:51.451,0.8777,0.87825,1.00,1.00
2010.06.03 20:24:57.116,0.8777,0.87825,1.00,1.60
2010.06.03 20:24:57.281,0.8777,0.87825,1.00,1.60
2010.06.03 20:24:57.393,0.8776,0.8781,1.00,3.30
2010.06.03 20:24:57.622,0.8776,0.878,1.00,2.80
2010.06.03 20:24:57.741,0.8776,0.87795,1.00,1.00
2010.06.03 20:24:57.851,0.8774,0.87795,4.80,1.20
2010.06.03 20:24:58.071,0.8774,0.87795,4.60,1.20
2010.06.03 20:24:58.182,0.8774,0.8779,1.00,2.40
2010.06.03 20:24:58.895,0.8774,0.87795,3.20,1.20
2010.06.03 20:24:59.233,0.87745,0.878,1.00,3.70
2010.06.03 20:24:59.401,0.87745,0.878,1.00,2.90
2010.06.03 20:24:59.562,0.8775,0.878,1.00,2.80
2010.06.03 20:24:59.722,0.87755,0.878,1.00,1.00
2010.06.03 20:24:59.892,0.8776,0.87815,1.00,1.00
2010.06.03 20:25:00.052,0.87765,0.87825,1.00,1.00
2010.06.03 20:25:00.591,0.8777,0.87825,1.00,1.00
2010.06.03 20:25:02.867,0.8777,0.87825,1.00,1.00
2010.06.03 20:25:04.554,0.8778,0.8783,1.00,1.00
2010.06.03 20:25:05.231,0.8778,0.87835,1.00,1.00
2010.06.03 20:25:05.597,0.8778,0.87835,1.00,1.00
2010.06.03 20:25:08.342,0.87785,0.8784,1.00,1.00
2010.06.03 20:25:15.539,0.87785,0.8783,1.00,2.40
2010.06.03 20:25:15.657,0.8778,0.87825,1.00,4.00
2010.06.03 20:25:15.773,0.8778,0.87835,1.00,1.00
2010.06.03 20:25:15.893,0.8778,0.87835,1.00,1.00
2010.06.03 20:25:16.122,0.8778,0.87835,1.00,1.00
2010.06.03 20:25:16.232,0.8778,0.87835,1.00,1.00
2010.06.03 20:25:18.846,0.87785,0.87835,1.00,1.00
2010.06.03 20:25:19.004,0.8779,0.87845,1.00,1.00
2010.06.03 20:25:19.531,0.8779,0.8784,1.00,1.00
2010.06.03 20:25:19.622,0.8779,0.8783,1.00,1.00
2010.06.03 20:25:19.804,0.8779,0.87825,1.00,1.00
2010.06.03 20:25:19.902,0.87775,0.87825,1.00,1.60
2010.06.03 20:25:20.003,0.87775,0.87825,1.00,1.00
2010.06.03 20:25:20.101,0.8778,0.87835,1.00,1.00
2010.06.03 20:25:21.513,0.8778,0.87825,1.00,1.00
2010.06.03 20:25:22.552,0.8778,0.87835,1.00,1.00
2010.06.03 20:25:22.952,0.87785,0.87835,1.00,1.00
2010.06.03 20:25:23.151,0.87785,0.87835,1.00,1.00
2010.06.03 20:25:24.842,0.8778,0.8783,1.00,1.00
2010.06.03 20:25:25.202,0.87775,0.8783,1.00,1.00
2010.06.03 20:25:28.972,0.87775,0.87825,1.00,1.00
2010.06.03 20:25:29.181,0.87785,0.87835,1.00,1.00
2010.06.03 20:25:30.475,0.87785,0.87835,1.00,1.00
2010.06.03 20:25:31.721,0.87785,0.87835,1.00,1.00
2010.06.03 20:25:32.620,0.87785,0.87835,1.00,1.00
2010.06.03 20:25:32.784,0.87785,0.87835,1.00,1.00
2010.06.03 20:25:33.242,0.87785,0.8784,1.00,1.00
2010.06.03 20:25:34.455,0.87785,0.8784,1.00,1.00
2010.06.03 20:25:35.552,0.87785,0.8784,1.00,1.00
2010.06.03 20:25:36.385,0.87785,0.8784,1.00,1.00
2010.06.03 20:25:42.022,0.87785,0.8783,1.00,1.00
2010.06.03 20:25:42.252,0.87785,0.8783,1.00,1.00
2010.06.03 20:25:47.354,0.87785,0.8783,1.00,1.20
2010.06.03 20:25:47.693,0.8778,0.8783,1.00,1.20
2010.06.03 20:25:50.552,0.8778,0.8783,1.00,2.30
2010.06.03 20:25:50.674,0.8778,0.8783,1.00,6.30
2010.06.03 20:25:50.791,0.8777,0.8782,1.00,1.00
2010.06.03 20:25:51.801,0.87765,0.8782,1.00,1.00
2010.06.03 20:26:05.666,0.87765,0.8782,1.00,1.00
2010.06.03 20:26:07.011,0.87765,0.8782,1.90,1.00
2010.06.03 20:26:07.211,0.8777,0.87825,1.00,1.00
2010.06.03 20:26:08.622,0.8777,0.87825,1.00,1.00
2010.06.03 20:26:08.752,0.87775,0.8783,1.00,1.60
2010.06.03 20:26:09.013,0.8778,0.87835,1.00,1.60
2010.06.03 20:26:09.152,0.8778,0.87835,1.00,1.00
2010.06.03 20:26:10.450,0.8778,0.8783,1.00,1.00
2010.06.03 20:26:10.594,0.8778,0.8784,1.50,1.00
2010.06.03 20:26:10.736,0.8778,0.8784,1.00,1.00
2010.06.03 20:26:10.871,0.8778,0.8784,1.00,2.80
2010.06.03 20:26:11.011,0.8778,0.8783,1.00,1.00
2010.06.03 20:26:25.452,0.87775,0.8783,1.00,1.60
2010.06.03 20:26:26.284,0.8777,0.8782,1.00,1.00
2010.06.03 20:26:28.517,0.8777,0.87825,1.00,1.00
2010.06.03 20:26:30.803,0.8777,0.87825,1.00,1.00
2010.06.03 20:26:32.091,0.87775,0.8783,1.00,1.00
2010.06.03 20:26:34.713,0.87775,0.8783,1.00,1.60
2010.06.03 20:26:34.816,0.8777,0.87825,1.00,1.00
2010.06.03 20:26:36.360,0.8777,0.87825,1.00,1.00
2010.06.03 20:26:38.337,0.8777,0.87825,1.00,1.00
2010.06.03 20:26:54.832,0.87775,0.8783,1.00,1.00
2010.06.03 20:26:55.132,0.87775,0.8783,1.00,1.00
2010.06.03 20:27:11.053,0.87775,0.8783,1.00,1.00
2010.06.03 20:27:11.122,0.87775,0.8783,1.00,3.70
2010.06.03 20:27:11.192,0.87775,0.8783,1.00,4.50
2010.06.03 20:27:12.155,0.8777,0.87825,1.00,1.00
2010.06.03 20:27:12.385,0.8777,0.87825,1.00,1.00
2010.06.03 20:27:13.262,0.8777,0.87825,1.00,1.60
2010.06.03 20:27:13.452,0.8777,0.87825,1.00,2.20
2010.06.03 20:27:13.693,0.8777,0.87815,1.00,1.00
2010.06.03 20:27:14.568,0.8777,0.878,1.00,1.00
2010.06.03 20:27:14.819,0.87745,0.87805,1.00,1.00
2010.06.03 20:27:15.072,0.8775,0.87805,1.00,1.00
2010.06.03 20:27:17.166,0.87755,0.8781,1.50,1.00
2010.06.03 20:27:17.443,0.87755,0.87815,1.50,1.00
2010.06.03 20:27:17.975,0.8776,0.87815,1.00,1.00
2010.06.03 20:27:19.128,0.8776,0.87815,1.00,2.80
2010.06.03 20:27:19.333,0.8776,0.87815,1.00,1.00
2010.06.03 20:27:19.533,0.8776,0.8781,1.00,1.00
2010.06.03 20:27:20.344,0.87765,0.8782,1.00,1.00
2010.06.03 20:27:28.317,0.8777,0.8782,1.00,1.00
2010.06.03 20:27:28.383,0.8777,0.8783,4.40,6.60
2010.06.03 20:27:29.125,0.87785,0.8784,1.60,1.00
2010.06.03 20:27:29.307,0.87785,0.8784,1.60,1.00
2010.06.03 20:27:32.404,0.8779,0.87845,3.20,1.00
2010.06.03 20:27:32.573,0.87795,0.8785,1.00,1.00
2010.06.03 20:27:32.732,0.87795,0.8785,1.50,1.00
2010.06.03 20:27:36.944,0.878,0.87855,1.60,1.00
2010.06.03 20:27:37.279,0.878,0.87855,1.60,1.00
2010.06.03 20:27:38.268,0.878,0.87855,1.60,1.00
2010.06.03 20:27:38.384,0.878,0.87855,1.70,1.00
2010.06.03 20:27:39.122,0.878,0.87855,1.00,1.00
2010.06.03 20:27:39.292,0.878,0.87855,1.00,1.70
2010.06.03 20:27:39.462,0.878,0.87855,1.00,2.70
2010.06.03 20:27:41.271,0.878,0.87855,1.60,2.70
2010.06.03 20:27:43.155,0.878,0.87855,1.60,1.00
2010.06.03 20:27:43.273,0.878,0.87855,1.60,1.00
2010.06.03 20:27:44.319,0.878,0.87855,1.70,1.00
2010.06.03 20:27:45.232,0.87805,0.87855,1.00,1.00
2010.06.03 20:27:45.343,0.87805,0.87855,1.20,1.00
2010.06.03 20:27:45.654,0.8782,0.87865,1.00,1.00
2010.06.03 20:27:46.063,0.8782,0.8787,1.00,1.70
2010.06.03 20:27:47.109,0.8782,0.8787,1.00,1.60
2010.06.03 20:27:47.451,0.8782,0.8787,1.00,1.70
2010.06.03 20:27:47.812,0.87815,0.87865,1.60,1.00
2010.06.03 20:27:47.932,0.87815,0.8786,1.00,1.00
2010.06.03 20:27:48.052,0.8781,0.8786,1.00,1.00
2010.06.03 20:27:48.407,0.8781,0.8786,1.00,1.60
2010.06.03 20:27:49.438,0.8781,0.8786,1.00,1.60
2010.06.03 20:27:50.494,0.87815,0.8786,1.00,1.00
2010.06.03 20:27:50.604,0.8782,0.87875,3.20,1.00
2010.06.03 20:27:50.749,0.8782,0.87875,4.00,1.00
2010.06.03 20:27:50.852,0.8782,0.87875,3.70,1.00
2010.06.03 20:27:51.345,0.8782,0.87875,3.90,1.00
2010.06.03 20:27:54.041,0.8782,0.87875,3.70,1.00
2010.06.03 20:27:54.262,0.87825,0.8788,1.20,1.00
2010.06.03 20:27:54.356,0.8783,0.8788,1.00,1.00
2010.06.03 20:27:55.733,0.8783,0.8788,1.00,1.20
2010.06.03 20:27:55.883,0.87825,0.8788,1.00,2.00
2010.06.03 20:27:56.033,0.87825,0.8788,1.00,2.00
2010.06.03 20:27:56.182,0.87825,0.8788,1.00,2.10
2010.06.03 20:27:56.333,0.8782,0.87875,1.00,1.20
2010.06.03 20:27:56.572,0.8782,0.8787,1.00,1.00
2010.06.03 20:27:57.503,0.8782,0.87875,1.70,1.00
2010.06.03 20:27:57.654,0.8782,0.87875,1.70,1.00
2010.06.03 20:27:59.192,0.8782,0.87875,1.60,1.00
2010.06.03 20:27:59.313,0.87825,0.87875,1.00,1.00
2010.06.03 20:28:00.104,0.8782,0.87875,1.00,1.20
2010.06.03 20:28:00.413,0.87815,0.8787,1.70,1.00
2010.06.03 20:28:06.473,0.8782,0.8787,1.00,1.00
2010.06.03 20:28:06.653,0.8782,0.87875,4.00,1.00
2010.06.03 20:28:06.922,0.8782,0.87875,3.70,1.00
2010.06.03 20:28:07.675,0.87815,0.8787,1.60,2.20
2010.06.03 20:28:07.965,0.87815,0.87865,1.00,1.00
2010.06.03 20:28:08.254,0.8781,0.87865,1.00,1.00
2010.06.03 20:28:08.542,0.8781,0.87865,1.00,1.20
2010.06.03 20:28:09.693,0.878,0.87855,1.00,1.40
2010.06.03 20:28:10.513,0.878,0.87855,1.00,2.00
2010.06.03 20:28:12.300,0.878,0.87855,1.00,2.10
2010.06.03 20:28:19.124,0.878,0.87855,1.00,2.00
2010.06.03 20:28:19.962,0.8781,0.8787,1.00,1.00
2010.06.03 20:28:24.231,0.8781,0.87865,1.00,1.00
2010.06.03 20:28:24.325,0.87805,0.8786,1.60,1.00
2010.06.03 20:28:25.926,0.87805,0.87855,1.60,1.00
2010.06.03 20:28:26.283,0.87805,0.87855,1.00,1.20
2010.06.03 20:28:26.522,0.878,0.87855,1.00,2.60
2010.06.03 20:28:27.002,0.878,0.87855,1.00,2.00
2010.06.03 20:28:28.360,0.878,0.87855,1.00,2.10
2010.06.03 20:28:37.883,0.87805,0.87855,1.00,1.00
2010.06.03 20:28:38.013,0.87805,0.8786,1.00,1.00
2010.06.03 20:28:38.273,0.87805,0.87855,1.00,1.00
2010.06.03 20:28:38.532,0.87805,0.87855,1.00,1.20
2010.06.03 20:28:40.360,0.87805,0.87855,1.00,1.30
2010.06.03 20:28:46.740,0.87805,0.87855,1.00,1.20
2010.06.03 20:28:46.952,0.87805,0.8786,1.00,2.90
2010.06.03 20:28:47.033,0.87805,0.8786,1.00,1.00
2010.06.03 20:28:47.855,0.87805,0.8786,1.00,1.00
2010.06.03 20:28:48.013,0.8781,0.8786,1.00,1.00
2010.06.03 20:29:01.932,0.8781,0.87855,1.00,1.00
2010.06.03 20:29:02.233,0.8781,0.8785,1.00,1.00
2010.06.03 20:29:02.384,0.8781,0.87845,1.00,1.00
2010.06.03 20:29:03.193,0.878,0.87845,1.00,1.00
2010.06.03 20:29:04.442,0.878,0.87845,1.00,1.00
2010.06.03 20:29:05.344,0.878,0.8784,1.00,1.00
2010.06.03 20:29:06.335,0.878,0.87845,1.00,1.00
2010.06.03 20:29:14.152,0.878,0.87845,1.00,1.30
2010.06.03 20:29:14.542,0.87795,0.87845,1.00,1.90
2010.06.03 20:29:15.349,0.87795,0.8784,1.00,1.00
2010.06.03 20:29:52.741,0.87795,0.87835,1.00,1.00
2010.06.03 20:29:52.899,0.8779,0.87835,1.60,1.00
2010.06.03 20:29:53.083,0.8779,0.87835,1.00,1.00
2010.06.03 20:29:54.528,0.8779,0.87825,1.00,1.00
2010.06.03 20:29:54.737,0.87785,0.87825,1.00,1.00
2010.06.03 20:29:56.004,0.8778,0.87825,1.00,1.00
2010.06.03 20:30:01.423,0.8778,0.8781,1.00,1.00
2010.06.03 20:30:01.624,0.8777,0.8781,1.00,1.00
2010.06.03 20:30:01.823,0.8777,0.8782,1.00,1.00
2010.06.03 20:30:02.023,0.8777,0.87825,1.00,2.60
2010.06.03 20:30:06.327,0.8777,0.8782,1.00,1.00
2010.06.03 20:30:07.613,0.87775,0.8782,1.00,1.00
2010.06.03 20:30:08.482,0.87775,0.87825,1.00,1.00
2010.06.03 20:30:10.934,0.87775,0.8782,1.00,1.00
2010.06.03 20:30:11.033,0.87775,0.8781,1.00,1.00
2010.06.03 20:30:11.123,0.8777,0.8781,1.00,1.00
2010.06.03 20:30:11.213,0.8777,0.8782,1.00,1.00
2010.06.03 20:30:11.482,0.8777,0.87825,1.50,1.70
2010.06.03 20:30:11.573,0.87775,0.87825,1.00,1.70
2010.06.03 20:30:13.633,0.87775,0.8782,1.00,1.00
2010.06.03 20:30:17.153,0.87775,0.87825,1.00,1.00
2010.06.03 20:30:17.263,0.87775,0.87825,2.30,1.00
2010.06.03 20:30:17.373,0.87775,0.87825,2.40,1.00
2010.06.03 20:30:18.336,0.87775,0.87825,2.30,1.00
2010.06.03 20:30:18.444,0.8778,0.87825,1.00,1.00
2010.06.03 20:30:18.664,0.87775,0.87815,1.00,1.00
2010.06.03 20:30:18.884,0.87775,0.87825,1.60,1.30
2010.06.03 20:30:19.103,0.87775,0.87825,2.40,1.00
2010.06.03 20:30:19.542,0.87775,0.87825,2.50,1.00
2010.06.03 20:30:20.289,0.8778,0.87825,1.00,1.00
2010.06.03 20:30:21.563,0.87775,0.87825,2.50,1.00
2010.06.03 20:30:24.862,0.8778,0.87825,1.00,1.00
2010.06.03 20:30:25.309,0.8778,0.87825,1.00,1.00
2010.06.03 20:30:25.522,0.8778,0.87825,1.00,1.00
2010.06.03 20:30:28.627,0.8778,0.87825,1.70,1.00
2010.06.03 20:30:28.722,0.8779,0.87825,2.40,1.00
2010.06.03 20:30:29.507,0.8779,0.87835,2.40,1.00
2010.06.03 20:30:29.675,0.8779,0.87845,1.40,1.00
2010.06.03 20:30:29.902,0.878,0.87845,2.40,1.00
2010.06.03 20:30:30.063,0.87805,0.87845,1.00,1.00
2010.06.03 20:30:30.223,0.87805,0.8785,1.00,1.00
2010.06.03 20:30:32.218,0.878,0.8785,1.00,1.60
2010.06.03 20:30:33.555,0.878,0.8785,1.00,1.70
2010.06.03 20:30:33.734,0.878,0.8784,1.00,1.00
2010.06.03 20:30:33.913,0.878,0.8784,1.00,1.60
2010.06.03 20:30:34.253,0.878,0.8784,1.00,1.00
2010.06.03 20:30:40.402,0.878,0.8784,3.20,1.00
2010.06.03 20:30:40.473,0.87805,0.8785,1.00,1.00
2010.06.03 20:30:40.692,0.87805,0.87855,1.00,1.00
2010.06.03 20:30:42.053,0.87805,0.8786,1.60,1.00
2010.06.03 20:30:46.108,0.8781,0.87865,1.00,1.00
2010.06.03 20:30:46.902,0.87815,0.87865,1.00,1.00
2010.06.03 20:30:47.122,0.8782,0.87865,1.00,1.00
2010.06.03 20:30:48.477,0.87815,0.87865,1.00,1.20
2010.06.03 20:30:49.670,0.87815,0.87865,1.00,1.30
2010.06.03 20:30:50.017,0.87815,0.87865,1.00,1.50
2010.06.03 20:30:50.353,0.87815,0.87865,1.00,1.60
2010.06.03 20:30:51.483,0.87815,0.8786,1.00,1.00
2010.06.03 20:30:58.034,0.87815,0.87865,1.00,1.60
2010.06.03 20:30:58.292,0.87815,0.87865,1.00,1.00
2010.06.03 20:30:59.064,0.87815,0.8786,1.00,1.00
2010.06.03 20:30:59.455,0.87815,0.87865,1.00,1.00
2010.06.03 20:30:59.642,0.87815,0.87865,1.00,1.00
2010.06.03 20:30:59.733,0.87815,0.8786,1.00,1.00
2010.06.03 20:31:01.366,0.87815,0.8786,1.00,1.00
2010.06.03 20:31:02.616,0.87805,0.8785,1.60,1.00
2010.06.03 20:31:02.867,0.87805,0.8786,1.60,1.70
2010.06.03 20:31:03.032,0.8781,0.8786,1.00,1.00
2010.06.03 20:31:03.083,0.8781,0.8786,1.60,1.00
2010.06.03 20:31:04.554,0.87815,0.8786,1.60,1.00
2010.06.03 20:31:05.503,0.87815,0.87855,1.60,1.00
2010.06.03 20:31:06.373,0.87815,0.8786,1.60,1.00
2010.06.03 20:31:07.573,0.87815,0.8786,1.70,1.00
2010.06.03 20:31:09.014,0.8781,0.87855,4.00,1.00
2010.06.03 20:31:09.274,0.8781,0.87855,1.60,1.00
2010.06.03 20:31:14.195,0.87805,0.8785,1.00,1.00
2010.06.03 20:31:16.145,0.8781,0.87855,1.00,1.00
2010.06.03 20:31:17.164,0.8781,0.87855,3.10,1.00
2010.06.03 20:31:17.306,0.87815,0.8786,1.50,1.00
2010.06.03 20:31:18.853,0.87815,0.8786,1.00,1.00
2010.06.03 20:31:18.893,0.87815,0.8786,1.00,1.00
2010.06.03 20:31:20.135,0.8781,0.8786,1.60,1.00
2010.06.03 20:31:20.349,0.8781,0.8786,1.60,1.00
2010.06.03 20:31:20.564,0.8781,0.8785,1.60,1.00
2010.06.03 20:31:20.774,0.8781,0.8785,1.00,1.00
2010.06.03 20:31:20.983,0.87805,0.8785,1.60,1.00
2010.06.03 20:31:27.456,0.87805,0.8785,1.60,1.00
2010.06.03 20:31:30.912,0.87805,0.8785,1.60,1.00
2010.06.03 20:31:30.987,0.8781,0.8785,1.00,1.00
2010.06.03 20:31:31.124,0.8781,0.87855,1.00,1.00
2010.06.03 20:31:33.933,0.8781,0.8785,1.00,1.00
2010.06.03 20:31:34.003,0.87805,0.8785,1.60,1.00
2010.06.03 20:31:37.304,0.87805,0.8785,1.60,1.00
2010.06.03 20:31:42.411,0.8781,0.87855,1.00,1.00
2010.06.03 20:31:42.740,0.8781,0.87855,1.60,1.00
2010.06.03 20:31:45.443,0.8781,0.8785,1.60,1.00
2010.06.03 20:31:45.543,0.8781,0.8785,1.00,1.00
2010.06.03 20:31:45.767,0.87805,0.8785,1.60,1.00
2010.06.03 20:31:48.403,0.87805,0.8785,1.60,1.00
2010.06.03 20:31:52.702,0.87805,0.8785,1.00,1.00
2010.06.03 20:31:52.853,0.87805,0.8784,1.00,1.00
2010.06.03 20:31:53.143,0.878,0.8784,1.60,1.00
2010.06.03 20:31:53.434,0.878,0.8785,1.60,1.00
2010.06.03 20:31:54.125,0.87805,0.8785,1.00,1.00
2010.06.03 20:31:54.244,0.87805,0.8785,1.60,1.00
2010.06.03 20:31:58.358,0.87805,0.8785,2.40,1.00
2010.06.03 20:31:58.597,0.8781,0.8785,1.00,1.00
2010.06.03 20:32:01.325,0.8781,0.8785,1.00,1.00
2010.06.03 20:32:02.585,0.8781,0.8785,1.40,1.00
2010.06.03 20:32:03.445,0.87815,0.8785,1.00,1.00
2010.06.03 20:32:03.584,0.87815,0.8785,1.60,1.00
2010.06.03 20:32:03.783,0.8782,0.8786,1.00,1.00
2010.06.03 20:32:05.290,0.8782,0.8786,1.00,1.00
2010.06.03 20:32:05.884,0.8782,0.8787,1.60,1.00
2010.06.03 20:32:06.122,0.87825,0.8787,1.00,1.00
2010.06.03 20:32:06.203,0.87825,0.8788,1.00,1.70
2010.06.03 20:32:06.983,0.87825,0.8788,1.60,1.70
2010.06.03 20:32:08.883,0.87825,0.8788,1.60,1.60
2010.06.03 20:32:09.104,0.8783,0.8788,1.00,1.60
2010.06.03 20:32:09.243,0.8783,0.8788,3.10,1.00
2010.06.03 20:32:09.383,0.87835,0.8788,1.00,1.00
2010.06.03 20:32:09.522,0.87835,0.87885,1.00,1.00
2010.06.03 20:32:10.887,0.8783,0.87885,2.80,1.70
2010.06.03 20:32:11.077,0.87825,0.87875,1.50,1.00
2010.06.03 20:32:11.376,0.87825,0.87875,1.50,1.00
2010.06.03 20:32:11.743,0.8782,0.87865,3.90,1.00
2010.06.03 20:32:11.923,0.8782,0.8787,1.00,1.00
2010.06.03 20:32:12.346,0.8782,0.8787,1.00,1.00
2010.06.03 20:32:13.364,0.8782,0.8787,1.00,1.00
2010.06.03 20:32:14.423,0.8782,0.8787,1.00,1.00
2010.06.03 20:32:16.314,0.8782,0.8787,1.00,1.00
2010.06.03 20:32:17.308,0.8782,0.8787,1.00,1.00
2010.06.03 20:32:17.453,0.8783,0.8787,1.00,1.00
2010.06.03 20:32:18.237,0.8783,0.8788,1.00,1.00
2010.06.03 20:32:19.203,0.87835,0.8788,1.00,1.00
2010.06.03 20:32:22.296,0.87835,0.8788,1.00,1.00
2010.06.03 20:32:23.053,0.8784,0.8788,1.00,1.00
2010.06.03 20:32:25.264,0.8784,0.87885,1.00,1.00
2010.06.03 20:32:25.384,0.8784,0.87885,1.00,1.00
2010.06.03 20:32:29.333,0.8784,0.87885,1.00,1.00
2010.06.03 20:32:32.867,0.87845,0.8789,1.00,1.00
2010.06.03 20:32:33.728,0.87845,0.8789,1.00,1.00
2010.06.03 20:32:33.800,0.87845,0.879,1.60,1.00
2010.06.03 20:32:36.793,0.8785,0.879,1.00,1.00
2010.06.03 20:32:36.872,0.87855,0.879,1.00,1.00
2010.06.03 20:32:37.841,0.8786,0.87905,1.00,1.00
2010.06.03 20:32:38.203,0.8786,0.87905,1.00,1.00
2010.06.03 20:32:38.383,0.8786,0.87905,1.00,1.00
2010.06.03 20:32:39.202,0.8786,0.87905,1.00,1.00
2010.06.03 20:32:42.373,0.8785,0.87905,1.00,1.00
2010.06.03 20:32:44.849,0.8785,0.87905,1.00,1.60
2010.06.03 20:32:45.012,0.8785,0.87895,1.00,1.00
2010.06.03 20:32:45.194,0.87845,0.87895,1.00,1.00
2010.06.03 20:32:45.372,0.8784,0.87895,1.70,1.00
2010.06.03 20:32:46.211,0.8784,0.87895,1.70,1.20
2010.06.03 20:32:47.373,0.8784,0.87895,1.60,1.30
2010.06.03 20:32:48.335,0.8784,0.87895,1.70,1.30
2010.06.03 20:32:50.790,0.8784,0.8789,1.70,1.00
2010.06.03 20:32:52.295,0.8784,0.87885,1.70,1.00
2010.06.03 20:32:53.283,0.8784,0.87885,1.60,1.00
2010.06.03 20:32:57.373,0.8784,0.87885,1.70,1.00
2010.06.03 20:33:03.956,0.87845,0.87895,1.00,1.20
2010.06.03 20:33:04.256,0.87845,0.87895,1.00,1.00
2010.06.03 20:33:04.394,0.87845,0.87895,1.50,1.00
2010.06.03 20:33:08.814,0.87845,0.87895,2.30,1.00
2010.06.03 20:33:08.973,0.87855,0.87905,1.00,1.00
2010.06.03 20:33:09.134,0.87865,0.87905,1.00,1.00
2010.06.03 20:33:09.553,0.87865,0.8791,1.00,1.00
2010.06.03 20:33:09.833,0.87855,0.8791,2.40,1.00
2010.06.03 20:33:11.324,0.87855,0.87905,2.40,1.00
2010.06.03 20:33:13.525,0.87855,0.87905,2.40,1.00
2010.06.03 20:33:13.704,0.87855,0.87905,2.50,1.00
2010.06.03 20:33:13.884,0.8786,0.87905,1.00,1.00
2010.06.03 20:33:20.839,0.8786,0.87905,1.00,1.00
2010.06.03 20:33:38.625,0.8786,0.8791,1.00,1.00
2010.06.03 20:33:38.753,0.87865,0.8791,1.60,1.00
2010.06.03 20:33:39.615,0.87865,0.8791,1.70,1.00
2010.06.03 20:33:41.000,0.87865,0.8791,2.00,1.00
2010.06.03 20:33:41.376,0.8787,0.87915,1.00,1.00
2010.06.03 20:33:41.552,0.87875,0.87915,1.00,1.00
2010.06.03 20:33:41.824,0.87875,0.8792,1.00,1.00
2010.06.03 20:33:43.383,0.87875,0.8792,1.00,1.00
2010.06.03 20:33:44.823,0.87875,0.87915,1.00,1.00
2010.06.03 20:33:44.903,0.8787,0.87915,1.20,1.00
2010.06.03 20:33:45.157,0.8787,0.8792,1.20,1.70
2010.06.03 20:33:47.343,0.8787,0.87915,1.20,1.00
2010.06.03 20:33:51.533,0.87865,0.87915,2.80,1.00
2010.06.03 20:33:51.804,0.87865,0.87915,2.00,1.70
2010.06.03 20:33:53.253,0.87865,0.8791,2.00,1.00
2010.06.03 20:34:07.529,0.87865,0.8791,1.00,1.00
2010.06.03 20:34:13.736,0.87865,0.8791,1.60,1.00
2010.06.03 20:34:23.344,0.87865,0.8791,1.50,1.00
2010.06.03 20:34:23.588,0.8786,0.87905,4.90,1.00
2010.06.03 20:34:23.703,0.8786,0.87905,2.50,1.00
2010.06.03 20:34:24.544,0.8786,0.87905,2.40,1.00
2010.06.03 20:34:26.543,0.8786,0.87905,2.50,1.00
2010.06.03 20:34:31.590,0.8786,0.879,1.00,1.00
2010.06.03 20:34:31.694,0.87855,0.879,2.50,1.00
2010.06.03 20:34:33.322,0.87855,0.879,2.40,1.00
2010.06.03 20:34:35.302,0.87855,0.879,2.50,1.00
2010.06.03 20:34:37.913,0.87855,0.879,2.40,1.00
2010.06.03 20:34:38.003,0.87855,0.879,1.60,1.00
2010.06.03 20:34:38.233,0.8785,0.87895,4.80,1.00
2010.06.03 20:34:39.983,0.87855,0.879,1.60,1.00
2010.06.03 20:34:40.800,0.87855,0.87895,1.50,1.00
2010.06.03 20:34:40.864,0.87855,0.87895,1.00,1.00
2010.06.03 20:34:41.263,0.8786,0.8791,1.00,1.20
2010.06.03 20:34:41.464,0.8786,0.87915,3.10,1.00
2010.06.03 20:34:41.674,0.8787,0.8792,1.00,1.00
2010.06.03 20:34:41.883,0.8787,0.87925,1.00,1.00
2010.06.03 20:34:42.858,0.8787,0.87925,1.20,1.00
2010.06.03 20:34:43.824,0.87875,0.87925,1.00,1.00
2010.06.03 20:34:43.953,0.8787,0.87925,1.00,1.00
2010.06.03 20:34:44.885,0.87875,0.87915,1.00,1.00
2010.06.03 20:34:45.003,0.8786,0.87905,4.00,1.00
2010.06.03 20:34:45.114,0.8786,0.87905,2.00,1.00
2010.06.03 20:34:45.224,0.8785,0.87905,1.00,1.00
2010.06.03 20:34:46.403,0.8785,0.87905,1.00,1.00
2010.06.03 20:34:47.295,0.8785,0.87905,1.00,1.00
2010.06.03 20:34:48.285,0.8785,0.87905,1.00,1.00
2010.06.03 20:34:49.273,0.8785,0.87905,1.00,1.00
2010.06.03 20:34:49.384,0.8785,0.87905,1.00,1.00
2010.06.03 20:34:50.413,0.8785,0.879,1.00,1.00
2010.06.03 20:34:51.343,0.8785,0.87905,1.00,1.00
2010.06.03 20:34:52.079,0.8785,0.87905,1.00,1.00
2010.06.03 20:34:52.353,0.8785,0.879,1.00,1.00
2010.06.03 20:34:54.333,0.8785,0.87895,1.00,1.00
2010.06.03 20:34:55.031,0.8785,0.8789,1.00,1.00
2010.06.03 20:34:55.321,0.8785,0.8789,1.00,1.00
2010.06.03 20:34:59.281,0.8785,0.8789,1.00,1.00
2010.06.03 20:35:19.201,0.87855,0.8789,1.00,1.00
2010.06.03 20:35:19.343,0.8786,0.8789,2.40,1.00
2010.06.03 20:35:19.483,0.8786,0.87905,2.40,1.00
2010.06.03 20:35:19.624,0.87865,0.8792,1.00,1.00
2010.06.03 20:35:20.064,0.87865,0.8792,1.00,1.00
2010.06.03 20:35:20.895,0.8787,0.87925,1.00,1.00
2010.06.03 20:35:24.676,0.87875,0.87925,1.00,1.00
2010.06.03 20:35:24.973,0.87875,0.87925,1.00,1.00
2010.06.03 20:35:28.533,0.8787,0.87925,1.00,1.00
2010.06.03 20:35:28.783,0.8787,0.87925,1.00,1.00
2010.06.03 20:35:29.004,0.87875,0.8793,1.00,1.00
2010.06.03 20:35:29.223,0.8787,0.8793,1.00,1.00
2010.06.03 20:35:30.893,0.87875,0.8793,1.00,1.00
2010.06.03 20:35:31.293,0.8787,0.8793,1.20,1.00
2010.06.03 20:35:31.393,0.8787,0.87925,1.20,1.00
2010.06.03 20:35:32.194,0.8787,0.87925,1.00,1.00
2010.06.03 20:35:34.272,0.8787,0.87925,1.00,1.00
2010.06.03 20:35:34.514,0.8787,0.8792,1.00,1.00
2010.06.03 20:35:34.634,0.8787,0.8791,1.00,1.00
2010.06.03 20:35:35.514,0.87855,0.8791,1.00,1.60
2010.06.03 20:35:36.493,0.87855,0.8791,1.00,1.60
2010.06.03 20:35:37.355,0.87855,0.8791,1.00,1.70
2010.06.03 20:35:38.345,0.87855,0.87905,1.00,1.00
2010.06.03 20:35:40.464,0.87855,0.879,1.00,1.00
2010.06.03 20:35:40.874,0.87855,0.8791,1.00,1.70
2010.06.03 20:35:40.972,0.87855,0.8791,1.70,1.00
2010.06.03 20:35:42.305,0.8786,0.87905,1.00,1.00
2010.06.03 20:35:43.675,0.8786,0.87915,4.10,1.70
2010.06.03 20:35:43.893,0.87865,0.87915,1.00,1.70
2010.06.03 20:35:47.250,0.87865,0.8791,1.00,1.00
2010.06.03 20:35:47.363,0.87865,0.8791,1.00,1.00
2010.06.03 20:35:53.862,0.87865,0.879,1.00,1.00
2010.06.03 20:35:54.699,0.87865,0.8789,1.00,1.00
2010.06.03 20:35:54.826,0.8783,0.87885,4.40,1.00
2010.06.03 20:35:57.272,0.8783,0.87885,4.30,1.00
2010.06.03 20:35:58.283,0.8783,0.87885,4.40,1.00
2010.06.03 20:36:01.554,0.8783,0.87885,4.40,1.00
2010.06.03 20:36:04.116,0.8783,0.8788,4.40,1.00
2010.06.03 20:36:05.914,0.8783,0.8788,4.40,1.00
2010.06.03 20:36:26.958,0.87835,0.8788,1.00,1.00
2010.06.03 20:36:28.943,0.87835,0.8788,1.30,1.00
2010.06.03 20:36:29.023,0.87835,0.8788,2.10,1.00
2010.06.03 20:36:29.104,0.8784,0.8788,1.00,1.00
2010.06.03 20:36:30.990,0.8784,0.8788,1.00,1.00
2010.06.03 20:36:31.143,0.8784,0.8788,1.60,1.00
2010.06.03 20:36:31.294,0.8785,0.8788,2.40,1.00
2010.06.03 20:36:31.445,0.8785,0.879,3.90,1.00
2010.06.03 20:36:31.645,0.8786,0.8791,1.00,1.00
2010.06.03 20:36:31.844,0.8786,0.87915,1.00,1.00
2010.06.03 20:36:32.044,0.87855,0.87915,1.00,1.00
2010.06.03 20:36:32.297,0.8786,0.87915,1.00,1.00
2010.06.03 20:36:34.298,0.8786,0.8792,1.00,1.00
2010.06.03 20:36:34.528,0.8786,0.8792,1.00,1.00
2010.06.03 20:36:34.673,0.8785,0.87905,3.20,1.00
2010.06.03 20:36:34.815,0.8785,0.879,1.00,1.00
2010.06.03 20:36:39.311,0.8785,0.879,1.00,1.00
2010.06.03 20:36:40.744,0.8785,0.87895,1.00,1.00
2010.06.03 20:36:41.084,0.8785,0.879,1.00,1.00
2010.06.03 20:36:41.426,0.87855,0.87905,1.00,1.00
2010.06.03 20:36:42.776,0.8785,0.87905,1.00,1.00
2010.06.03 20:36:42.955,0.8785,0.879,1.00,1.00
2010.06.03 20:36:44.386,0.8785,0.879,1.00,1.00
2010.06.03 20:36:44.661,0.8785,0.87895,1.00,1.00
2010.06.03 20:36:47.352,0.8785,0.87895,1.00,1.00
2010.06.03 20:36:51.312,0.8785,0.8789,1.00,1.00
2010.06.03 20:37:02.763,0.8785,0.87895,1.00,1.00
2010.06.03 20:37:14.682,0.8785,0.87895,1.00,1.00
2010.06.03 20:37:14.993,0.8785,0.879,1.00,1.00
2010.06.03 20:37:15.064,0.8785,0.879,1.00,1.00
2010.06.03 20:37:22.195,0.8785,0.879,3.70,1.00
2010.06.03 20:37:22.414,0.87855,0.879,1.00,1.00
2010.06.03 20:38:11.935,0.87845,0.87895,2.30,1.00
2010.06.03 20:38:14.328,0.87845,0.87895,2.30,1.00
2010.06.03 20:38:18.904,0.87845,0.87895,1.00,1.00
2010.06.03 20:38:23.349,0.87845,0.8789,1.00,1.00
2010.06.03 20:38:34.944,0.87845,0.87895,1.00,1.00
2010.06.03 20:38:58.540,0.87845,0.87895,1.70,1.00
2010.06.03 20:38:58.784,0.87845,0.87895,2.70,1.00
2010.06.03 20:39:00.480,0.87845,0.87895,1.90,1.00
2010.06.03 20:39:00.764,0.87855,0.879,1.00,1.70
2010.06.03 20:39:02.453,0.87855,0.879,1.00,1.70
2010.06.03 20:39:03.722,0.8786,0.87905,1.00,1.60
2010.06.03 20:39:03.986,0.8786,0.87905,3.60,1.60
2010.06.03 20:39:04.244,0.8786,0.87905,3.60,1.00
2010.06.03 20:39:07.322,0.87865,0.87905,1.00,1.00
2010.06.03 20:39:20.544,0.8787,0.87905,1.00,1.00
2010.06.03 20:39:21.057,0.8787,0.87895,1.00,1.00
2010.06.03 20:39:21.263,0.8787,0.8791,1.00,1.00
2010.06.03 20:39:24.163,0.8787,0.8791,1.20,1.00
2010.06.03 20:39:27.250,0.8787,0.8791,1.00,1.00
2010.06.03 20:39:27.433,0.87865,0.87905,1.20,1.00
2010.06.03 20:39:41.963,0.87865,0.87895,1.20,1.00
2010.06.03 20:39:43.254,0.87865,0.87905,1.20,1.00
2010.06.03 20:39:43.513,0.87865,0.879,1.20,1.00
2010.06.03 20:39:43.773,0.87865,0.87895,1.20,1.00
2010.06.03 20:39:44.034,0.87865,0.87905,1.20,1.00
2010.06.03 20:39:44.293,0.87865,0.87895,1.20,1.00
2010.06.03 20:39:44.494,0.87865,0.87905,1.20,1.00
2010.06.03 20:39:44.693,0.87865,0.879,1.20,1.00
2010.06.03 20:39:45.685,0.87865,0.87895,1.20,1.00
2010.06.03 20:39:46.329,0.87865,0.879,1.20,1.00
2010.06.03 20:39:48.080,0.87865,0.87895,1.20,1.00
2010.06.03 20:39:48.278,0.87865,0.87905,1.20,1.00
2010.06.03 20:39:48.478,0.87865,0.87895,1.20,1.00
2010.06.03 20:39:48.553,0.87865,0.879,1.20,1.00
2010.06.03 20:39:48.677,0.87865,0.87905,1.20,1.00
2010.06.03 20:39:48.879,0.87865,0.879,1.20,1.00
2010.06.03 20:39:48.953,0.87865,0.87905,1.20,1.00
2010.06.03 20:39:49.078,0.87865,0.87895,1.20,1.00
2010.06.03 20:39:49.253,0.87865,0.879,1.20,1.00
2010.06.03 20:39:49.433,0.87865,0.87905,1.20,1.00
2010.06.03 20:39:50.468,0.87865,0.879,1.20,1.00
2010.06.03 20:39:50.723,0.87865,0.87895,1.20,1.00
2010.06.03 20:39:50.916,0.87865,0.879,1.20,1.00
2010.06.03 20:39:51.318,0.87865,0.87895,1.20,1.00
2010.06.03 20:39:53.063,0.87865,0.879,1.20,1.00
2010.06.03 20:39:53.246,0.87865,0.87895,1.20,1.00
2010.06.03 20:39:53.446,0.87865,0.879,1.20,1.00
2010.06.03 20:39:53.864,0.8787,0.879,1.00,1.00
2010.06.03 20:39:54.004,0.8788,0.879,1.00,1.00
2010.06.03 20:39:54.124,0.8788,0.8792,1.00,1.60
2010.06.03 20:39:54.956,0.87875,0.8792,2.00,1.60
2010.06.03 20:39:55.366,0.87875,0.8792,1.80,1.70
2010.06.03 20:39:56.000,0.87875,0.87915,1.00,1.00
2010.06.03 20:39:56.144,0.87875,0.87915,1.00,1.00
2010.06.03 20:39:56.294,0.8787,0.87915,1.10,1.00
2010.06.03 20:39:57.340,0.8787,0.87915,1.20,1.00
2010.06.03 20:39:58.145,0.8787,0.87905,1.20,1.00
2010.06.03 20:39:58.464,0.87875,0.87905,1.00,1.00
2010.06.03 20:39:58.544,0.87875,0.87915,1.00,1.00
2010.06.03 20:39:58.624,0.87875,0.87915,1.00,1.00
2010.06.03 20:39:58.704,0.87875,0.87905,1.00,1.00
2010.06.03 20:39:58.864,0.8787,0.87905,1.10,1.00
2010.06.03 20:39:59.956,0.8787,0.8791,1.10,1.00
2010.06.03 20:40:00.293,0.8787,0.87905,1.10,1.00
2010.06.03 20:40:00.634,0.8787,0.87915,1.20,1.70
2010.06.03 20:40:03.430,0.8787,0.87915,2.00,1.70
2010.06.03 20:40:03.609,0.8787,0.87915,2.00,1.60
2010.06.03 20:40:03.803,0.8787,0.87915,4.40,1.60
2010.06.03 20:40:03.903,0.87875,0.87915,1.80,1.00
2010.06.03 20:40:04.151,0.87875,0.8792,1.80,1.70
2010.06.03 20:40:04.244,0.87875,0.8792,1.00,1.70
2010.06.03 20:40:05.375,0.87875,0.8792,1.20,1.70
2010.06.03 20:40:11.269,0.87875,0.8792,1.20,1.00
2010.06.03 20:40:17.304,0.87875,0.879,1.00,1.00
2010.06.03 20:40:17.474,0.8787,0.879,1.00,1.00
2010.06.03 20:40:17.645,0.87865,0.87905,1.00,1.00
2010.06.03 20:40:20.456,0.8786,0.87905,2.00,1.00
2010.06.03 20:40:25.984,0.8786,0.87905,1.80,1.00
2010.06.03 20:40:26.093,0.8786,0.87905,1.80,1.00
2010.06.03 20:40:26.204,0.8786,0.87905,1.00,1.00
2010.06.03 20:40:26.315,0.87855,0.879,1.00,1.00
2010.06.03 20:40:26.434,0.8785,0.8789,1.20,1.00
2010.06.03 20:40:28.345,0.8785,0.87885,1.00,1.00
2010.06.03 20:40:28.517,0.87845,0.87885,1.20,1.00
2010.06.03 20:40:29.634,0.8785,0.87885,1.00,1.00
2010.06.03 20:40:31.198,0.8785,0.87885,1.20,1.00
2010.06.03 20:40:31.565,0.87855,0.87885,1.00,1.00
2010.06.03 20:40:31.755,0.8785,0.87885,1.00,1.00
2010.06.03 20:40:33.223,0.8785,0.87875,1.00,1.00
2010.06.03 20:40:33.294,0.87845,0.87875,1.00,1.00
2010.06.03 20:40:33.354,0.87835,0.87875,1.80,1.00
2010.06.03 20:40:33.475,0.87835,0.87875,1.20,1.00
2010.06.03 20:40:33.546,0.87835,0.87885,1.20,1.00
2010.06.03 20:40:33.671,0.8784,0.87885,1.00,1.00
2010.06.03 20:40:37.586,0.8784,0.87885,1.80,1.00
2010.06.03 20:40:38.094,0.8784,0.87875,1.80,1.00
2010.06.03 20:40:38.384,0.8784,0.87875,1.00,1.00
2010.06.03 20:40:38.510,0.87835,0.87875,2.00,1.00
2010.06.03 20:40:39.525,0.8784,0.87885,1.00,1.00
2010.06.03 20:40:40.568,0.8783,0.87885,1.80,1.00
2010.06.03 20:40:41.173,0.87835,0.87885,1.00,1.00
2010.06.03 20:40:42.302,0.8783,0.87885,1.80,1.00
2010.06.03 20:40:56.831,0.8783,0.87875,1.80,1.00
2010.06.03 20:41:04.786,0.8783,0.87875,1.00,1.00
2010.06.03 20:41:04.984,0.8783,0.87865,1.00,1.00
2010.06.03 20:41:05.765,0.87825,0.87865,1.80,1.00
2010.06.03 20:41:10.325,0.87825,0.87865,2.00,1.00
2010.06.03 20:41:11.604,0.87825,0.87865,1.00,1.00
2010.06.03 20:41:11.814,0.8782,0.87865,1.20,1.00
2010.06.03 20:41:12.897,0.87825,0.8787,1.00,1.00
2010.06.03 20:41:13.108,0.8783,0.87875,1.00,1.00
2010.06.03 20:41:14.321,0.8783,0.87875,1.20,1.00
2010.06.03 20:41:15.309,0.8783,0.87875,1.00,1.00
2010.06.03 20:41:16.899,0.8784,0.87875,1.00,1.00
2010.06.03 20:41:16.985,0.87835,0.8788,1.80,1.00
2010.06.03 20:41:17.599,0.8784,0.8788,1.00,1.00
2010.06.03 20:41:19.115,0.87835,0.87875,1.80,1.00
2010.06.03 20:41:19.394,0.87835,0.87875,1.00,1.00
2010.06.03 20:41:20.570,0.8784,0.87875,1.00,1.00
2010.06.03 20:41:20.689,0.87845,0.8787,1.00,1.00
2010.06.03 20:41:20.806,0.8785,0.8787,1.00,1.00
2010.06.03 20:41:20.924,0.8785,0.87895,1.00,1.00
2010.06.03 20:41:21.034,0.8785,0.87905,1.00,1.00
2010.06.03 20:41:21.253,0.87845,0.87905,1.00,1.00
2010.06.03 20:41:21.548,0.8785,0.87905,1.00,1.00
2010.06.03 20:41:27.093,0.8785,0.87905,1.00,1.00
2010.06.03 20:41:28.194,0.8785,0.87905,1.00,1.00
2010.06.03 20:41:28.464,0.8785,0.8791,1.80,1.00
2010.06.03 20:41:28.796,0.8786,0.8791,1.00,1.00
2010.06.03 20:41:30.800,0.8786,0.87915,1.80,1.00
2010.06.03 20:41:31.294,0.87865,0.87915,1.00,1.00
2010.06.03 20:41:31.434,0.87865,0.8792,2.60,1.70
2010.06.03 20:41:31.713,0.87865,0.8792,1.80,1.70
2010.06.03 20:41:33.825,0.87865,0.8792,2.00,1.70
2010.06.03 20:41:36.960,0.87865,0.8792,2.80,1.70
2010.06.03 20:41:37.007,0.87865,0.8792,2.00,1.70
2010.06.03 20:41:37.234,0.87865,0.8792,2.80,1.70
2010.06.03 20:41:38.387,0.8787,0.8792,1.00,1.70
2010.06.03 20:41:39.095,0.87875,0.8792,1.00,1.00
2010.06.03 20:41:39.524,0.87875,0.87925,1.00,1.00
2010.06.03 20:41:41.185,0.87875,0.87925,1.00,1.00
2010.06.03 20:41:41.454,0.87875,0.87925,1.00,1.00
2010.06.03 20:41:41.624,0.87875,0.8793,2.00,1.00
2010.06.03 20:41:42.394,0.8788,0.87935,1.00,1.00
2010.06.03 20:41:44.497,0.8788,0.8793,1.00,1.00
2010.06.03 20:41:44.572,0.8788,0.8793,1.00,2.50
2010.06.03 20:41:44.677,0.8788,0.8792,1.00,1.00
2010.06.03 20:41:45.006,0.8787,0.87925,1.00,1.80
2010.06.03 20:41:45.784,0.87875,0.8792,1.00,1.00
2010.06.03 20:41:46.085,0.87875,0.8792,1.00,1.00
2010.06.03 20:41:46.821,0.87875,0.8792,1.00,1.00
2010.06.03 20:41:46.926,0.8787,0.8792,1.00,1.00
2010.06.03 20:41:47.234,0.8787,0.8792,1.00,1.00
2010.06.03 20:41:47.374,0.8787,0.8792,1.00,1.00
2010.06.03 20:41:48.475,0.87865,0.87915,2.00,1.00
2010.06.03 20:41:48.813,0.87865,0.87915,1.00,1.00
2010.06.03 20:41:57.474,0.87865,0.87915,1.00,1.00
2010.06.03 20:41:57.605,0.87865,0.8791,1.00,1.00
2010.06.03 20:41:59.197,0.8786,0.879,1.00,1.00
2010.06.03 20:41:59.514,0.87855,0.879,1.00,1.00
2010.06.03 20:42:01.212,0.87855,0.87905,1.00,1.00
2010.06.03 20:42:01.394,0.87855,0.8791,1.00,1.80
2010.06.03 20:42:01.483,0.87855,0.8791,2.00,1.00
2010.06.03 20:42:02.791,0.87855,0.8791,1.00,2.80
2010.06.03 20:42:03.135,0.87855,0.87905,1.00,1.00
2010.06.03 20:42:03.475,0.8785,0.879,1.00,1.00
2010.06.03 20:42:04.231,0.8785,0.87905,1.00,2.00
2010.06.03 20:42:05.774,0.8785,0.879,1.00,1.00
2010.06.03 20:42:06.374,0.8785,0.879,1.50,1.00
2010.06.03 20:42:06.674,0.87855,0.879,1.00,1.00
2010.06.03 20:42:07.954,0.87855,0.879,1.00,1.00
2010.06.03 20:42:08.151,0.87855,0.87905,2.30,1.00
2010.06.03 20:42:09.129,0.8786,0.8791,1.00,1.70
2010.06.03 20:42:10.120,0.87855,0.8789,1.00,1.00
2010.06.03 20:42:10.271,0.87855,0.87905,1.00,1.20
2010.06.03 20:42:10.385,0.8785,0.87905,1.50,1.00
2010.06.03 20:42:11.926,0.87855,0.87905,1.00,1.00
2010.06.03 20:42:12.625,0.87855,0.87905,1.20,1.00
2010.06.03 20:42:12.903,0.87855,0.8791,2.00,1.00
2010.06.03 20:42:20.426,0.87855,0.8791,1.90,1.00
2010.06.03 20:42:44.217,0.8786,0.8791,1.00,1.00
2010.06.03 20:42:44.454,0.8787,0.8791,1.30,1.00
2010.06.03 20:42:44.575,0.8787,0.87915,1.30,1.00
2010.06.03 20:42:47.664,0.8787,0.87915,1.00,1.00
2010.06.03 20:42:48.075,0.8786,0.8791,1.80,1.00
2010.06.03 20:42:48.335,0.87855,0.8791,2.80,2.60
2010.06.03 20:42:49.345,0.8785,0.87905,1.70,1.00
2010.06.03 20:42:51.273,0.87855,0.87905,1.00,1.00
2010.06.03 20:42:51.414,0.87855,0.87905,1.70,1.00
2010.06.03 20:42:51.884,0.87855,0.8791,1.70,1.60
2010.06.03 20:42:52.370,0.8786,0.8791,1.00,1.60
2010.06.03 20:42:53.434,0.87865,0.8791,1.00,1.70
2010.06.03 20:42:54.123,0.8786,0.8791,1.00,1.70
2010.06.03 20:42:56.767,0.87855,0.8791,1.70,1.70
2010.06.03 20:42:56.863,0.87855,0.8791,1.00,2.60
2010.06.03 20:42:56.963,0.87855,0.8791,1.00,2.60
2010.06.03 20:42:57.094,0.87855,0.87905,1.00,1.00
2010.06.03 20:42:57.871,0.87855,0.87905,1.00,1.00
2010.06.03 20:42:58.008,0.87855,0.8791,1.70,1.70
2010.06.03 20:42:58.338,0.87855,0.87905,1.70,1.00
2010.06.03 20:42:59.370,0.8786,0.87905,1.00,1.00
2010.06.03 20:43:01.886,0.87855,0.87905,1.00,1.00
2010.06.03 20:43:03.196,0.8785,0.8789,1.60,1.00
2010.06.03 20:43:03.408,0.8785,0.8789,1.00,1.00
2010.06.03 20:43:03.584,0.87845,0.8789,1.00,1.00
2010.06.03 20:43:04.127,0.87845,0.8789,1.70,1.00
2010.06.03 20:43:04.304,0.87845,0.8789,1.00,1.00
2010.06.03 20:43:04.484,0.8785,0.8789,1.00,1.00
2010.06.03 20:43:05.367,0.87845,0.8789,1.70,1.00
2010.06.03 20:43:06.102,0.87845,0.8789,1.00,1.00
2010.06.03 20:43:06.364,0.87845,0.8789,1.00,1.00
2010.06.03 20:43:07.576,0.87845,0.8789,1.70,1.00
2010.06.03 20:43:07.983,0.87845,0.8789,1.00,1.00
2010.06.03 20:43:08.183,0.87845,0.8789,1.70,1.00
2010.06.03 20:43:08.977,0.87845,0.8789,1.00,1.00
2010.06.03 20:43:09.113,0.87845,0.8789,1.70,1.00
2010.06.03 20:43:09.243,0.87845,0.8789,1.00,1.00
2010.06.03 20:43:09.377,0.87845,0.8789,1.70,1.00
2010.06.03 20:43:09.576,0.87845,0.8789,1.00,1.00
2010.06.03 20:43:09.776,0.87845,0.8789,1.70,1.00
2010.06.03 20:43:09.943,0.87845,0.8789,1.00,1.00
2010.06.03 20:43:10.715,0.87845,0.8789,1.70,1.00
2010.06.03 20:43:10.883,0.87845,0.8789,1.00,1.00
2010.06.03 20:43:11.077,0.87845,0.8789,1.70,1.00
2010.06.03 20:43:11.277,0.87845,0.8789,1.00,1.00
2010.06.03 20:43:11.476,0.87845,0.8789,1.70,1.00
2010.06.03 20:43:11.888,0.87845,0.8789,1.00,1.00
2010.06.03 20:43:11.983,0.87845,0.8789,1.00,1.00
2010.06.03 20:43:13.067,0.8784,0.8789,2.50,1.00
2010.06.03 20:43:13.263,0.8784,0.8788,1.70,1.00
2010.06.03 20:43:13.454,0.8784,0.8788,1.00,1.00
2010.06.03 20:43:14.358,0.8784,0.8788,1.00,1.00
2010.06.03 20:43:16.426,0.8784,0.8788,1.00,1.00
2010.06.03 20:43:20.272,0.8784,0.8787,1.00,1.00
2010.06.03 20:43:20.317,0.87825,0.8787,1.00,1.00
2010.06.03 20:43:20.994,0.87825,0.8787,1.70,1.00
2010.06.03 20:43:21.139,0.87825,0.8787,2.40,1.00
2010.06.03 20:43:21.185,0.8783,0.8788,1.00,1.70
2010.06.03 20:43:22.034,0.8783,0.8788,1.00,1.00
2010.06.03 20:43:23.242,0.8783,0.8788,1.60,1.00
2010.06.03 20:43:24.294,0.8783,0.8788,1.70,1.00
2010.06.03 20:43:37.874,0.87835,0.8789,1.00,3.60
2010.06.03 20:43:38.065,0.87835,0.87895,1.60,1.00
2010.06.03 20:43:38.444,0.8784,0.87895,1.00,1.00
2010.06.03 20:43:39.257,0.8784,0.87895,1.00,1.00
2010.06.03 20:43:40.468,0.8784,0.87895,1.00,1.00
2010.06.03 20:43:40.583,0.87835,0.8789,1.60,1.00
2010.06.03 20:43:40.834,0.87835,0.8789,1.60,2.40
2010.06.03 20:43:42.084,0.87835,0.8787,1.00,1.00
2010.06.03 20:43:43.154,0.8783,0.8787,1.00,1.00
2010.06.03 20:43:46.334,0.8783,0.8787,1.00,1.00
2010.06.03 20:43:47.273,0.8783,0.8787,1.00,1.00
2010.06.03 20:43:47.998,0.8783,0.87875,1.00,1.00
2010.06.03 20:43:48.316,0.8783,0.8788,1.00,1.80
2010.06.03 20:43:49.125,0.8783,0.8788,2.50,1.00
2010.06.03 20:43:49.254,0.8783,0.8788,2.40,1.00
2010.06.03 20:43:50.246,0.87835,0.8788,1.00,1.00
2010.06.03 20:43:50.414,0.87835,0.8788,1.00,1.00
2010.06.03 20:43:50.574,0.87835,0.8788,1.00,1.00
2010.06.03 20:43:51.364,0.87835,0.87885,1.00,1.00
2010.06.03 20:43:53.327,0.87835,0.87885,1.00,1.00
2010.06.03 20:43:55.304,0.8784,0.87885,1.00,1.00
2010.06.03 20:44:00.043,0.8784,0.87885,1.00,1.00
2010.06.03 20:44:00.354,0.8784,0.8789,1.70,1.00
2010.06.03 20:44:01.441,0.8784,0.8789,1.00,1.00
2010.06.03 20:44:02.042,0.8784,0.87885,1.00,1.00
2010.06.03 20:44:03.365,0.8784,0.87885,1.00,1.00
2010.06.03 20:44:04.277,0.8784,0.87885,1.00,1.00
2010.06.03 20:44:10.036,0.8785,0.8789,1.00,1.00
2010.06.03 20:44:10.174,0.8785,0.8789,1.00,1.00
2010.06.03 20:44:11.199,0.87855,0.8791,1.00,1.00
2010.06.03 20:44:11.266,0.8786,0.87915,1.00,1.00
2010.06.03 20:44:16.427,0.8786,0.8792,1.00,1.00
2010.06.03 20:44:16.594,0.8786,0.87925,1.00,1.00
2010.06.03 20:44:19.878,0.87855,0.87925,1.00,1.00
2010.06.03 20:44:20.055,0.87855,0.8792,1.00,1.00
2010.06.03 20:44:20.234,0.87855,0.87925,1.00,1.50
2010.06.03 20:44:21.564,0.87855,0.87925,1.00,1.60
2010.06.03 20:44:26.463,0.8787,0.87925,1.00,1.00
2010.06.03 20:44:27.253,0.8787,0.87925,1.00,1.00
2010.06.03 20:44:27.454,0.8787,0.87925,1.00,1.00
2010.06.03 20:44:29.135,0.87875,0.8793,1.00,1.00
2010.06.03 20:44:35.282,0.87875,0.87925,1.00,1.00
2010.06.03 20:44:36.273,0.87875,0.8793,1.00,1.00
2010.06.03 20:44:45.870,0.8787,0.87925,1.00,1.00
2010.06.03 20:44:47.644,0.87875,0.8793,1.00,1.00
2010.06.03 20:44:53.435,0.87865,0.8792,1.00,1.60
2010.06.03 20:44:57.404,0.8786,0.8792,1.00,1.60
2010.06.03 20:45:02.842,0.87865,0.8792,1.00,1.00
2010.06.03 20:45:03.097,0.87865,0.8792,1.60,1.00
2010.06.03 20:45:03.605,0.8787,0.8792,1.00,1.00
2010.06.03 20:45:04.883,0.87875,0.8792,1.00,1.00
2010.06.03 20:45:05.163,0.8789,0.8793,2.40,1.00
2010.06.03 20:45:05.367,0.87895,0.87935,1.00,1.00
2010.06.03 20:45:05.566,0.87895,0.87945,1.00,1.00
2010.06.03 20:45:08.385,0.8789,0.87945,1.00,1.00
2010.06.03 20:45:08.524,0.87895,0.87945,1.00,1.00
2010.06.03 20:45:10.755,0.879,0.8795,1.00,1.00
2010.06.03 20:45:11.675,0.879,0.87955,1.60,1.00
2010.06.03 20:45:12.394,0.879,0.87955,1.70,1.00
2010.06.03 20:45:12.674,0.879,0.87955,1.60,1.00
2010.06.03 20:45:12.814,0.87895,0.8795,1.00,1.00
2010.06.03 20:45:14.991,0.87895,0.8795,1.00,1.60
2010.06.03 20:45:15.080,0.87895,0.87945,1.00,1.00
2010.06.03 20:45:16.565,0.87895,0.8794,1.00,1.00
2010.06.03 20:45:16.804,0.8789,0.8794,1.00,1.00
2010.06.03 20:45:17.708,0.87885,0.8794,2.50,1.00
2010.06.03 20:45:18.278,0.8789,0.8794,1.00,1.00
2010.06.03 20:45:18.434,0.8789,0.87935,1.00,1.00
2010.06.03 20:45:20.347,0.8789,0.87935,1.00,1.00
2010.06.03 20:45:21.554,0.8789,0.8794,1.00,1.00
2010.06.03 20:45:21.917,0.8789,0.8794,1.00,1.00
2010.06.03 20:45:22.117,0.8789,0.8794,1.00,1.00
2010.06.03 20:45:22.326,0.8789,0.87935,1.00,1.00
2010.06.03 20:45:23.506,0.87885,0.87935,1.70,1.00
2010.06.03 20:45:23.675,0.87885,0.87935,2.50,1.00
2010.06.03 20:45:23.995,0.87885,0.87935,1.00,1.00
2010.06.03 20:45:24.155,0.8789,0.87935,1.00,1.00
2010.06.03 20:45:26.131,0.8789,0.8794,1.00,1.00
2010.06.03 20:45:26.228,0.87895,0.8794,1.00,1.00
2010.06.03 20:45:26.868,0.8789,0.8794,1.60,1.00
2010.06.03 20:45:29.755,0.8789,0.8794,1.00,1.00
2010.06.03 20:45:30.719,0.8789,0.8794,1.00,1.00
2010.06.03 20:45:30.918,0.8789,0.8794,1.00,1.00
2010.06.03 20:45:31.278,0.8789,0.8794,1.00,1.00
2010.06.03 20:45:31.395,0.87895,0.8794,1.00,1.00
2010.06.03 20:45:32.825,0.8789,0.8794,1.00,1.00
2010.06.03 20:45:34.354,0.87895,0.8794,1.00,1.00
2010.06.03 20:45:35.494,0.8789,0.8794,1.00,1.00
2010.06.03 20:45:37.574,0.87895,0.8794,1.00,1.00
2010.06.03 20:45:41.496,0.8789,0.8794,1.00,1.00
2010.06.03 20:45:41.745,0.87885,0.8794,1.00,1.80
2010.06.03 20:45:42.627,0.87885,0.8794,1.70,1.00
2010.06.03 20:45:43.284,0.8789,0.8794,1.00,1.00
2010.06.03 20:45:43.404,0.8789,0.87935,1.00,1.00
2010.06.03 20:45:43.765,0.8789,0.8793,1.00,1.00
2010.06.03 20:45:45.252,0.87885,0.8793,2.40,1.00
2010.06.03 20:45:45.365,0.87885,0.8793,2.50,1.00
2010.06.03 20:45:47.284,0.87885,0.8793,1.00,1.00
2010.06.03 20:45:47.484,0.87885,0.8793,1.70,1.00
2010.06.03 20:45:47.878,0.87885,0.8793,1.00,1.00
2010.06.03 20:45:49.384,0.8789,0.87935,1.00,1.00
2010.06.03 20:45:49.484,0.87885,0.8793,2.50,1.00
2010.06.03 20:45:52.291,0.8789,0.8793,1.00,1.00
2010.06.03 20:45:53.173,0.87885,0.8793,2.50,1.00
2010.06.03 20:45:53.694,0.87885,0.8793,1.00,1.00
2010.06.03 20:45:55.314,0.8789,0.87935,1.00,1.00
2010.06.03 20:45:56.584,0.8789,0.8793,1.00,1.00
2010.06.03 20:45:57.428,0.87895,0.8795,1.00,1.60
2010.06.03 20:45:57.615,0.87895,0.8795,1.60,1.60
2010.06.03 20:45:58.340,0.87895,0.8795,1.70,1.60
2010.06.03 20:45:59.224,0.87895,0.8795,1.60,1.60
2010.06.03 20:46:00.116,0.87895,0.8795,1.00,1.60
2010.06.03 20:46:01.390,0.87895,0.8795,1.60,1.60
2010.06.03 20:46:01.537,0.87895,0.8795,2.40,1.60
2010.06.03 20:46:01.674,0.87895,0.8795,1.60,1.60
2010.06.03 20:46:04.280,0.87895,0.8795,1.70,1.60
2010.06.03 20:46:05.284,0.87895,0.8795,1.60,1.60
2010.06.03 20:46:05.525,0.87895,0.87945,1.00,1.00
2010.06.03 20:46:07.214,0.879,0.87945,1.00,1.00
2010.06.03 20:46:07.374,0.879,0.8795,1.00,1.00
2010.06.03 20:46:07.534,0.87895,0.8795,2.40,1.00
2010.06.03 20:46:08.526,0.879,0.8795,1.00,1.00
2010.06.03 20:46:08.864,0.87895,0.87945,1.60,1.00
2010.06.03 20:46:09.232,0.87895,0.87945,1.70,1.00
2010.06.03 20:46:10.156,0.87905,0.87945,1.00,1.00
2010.06.03 20:46:10.336,0.87895,0.87945,1.00,1.00
2010.06.03 20:46:10.694,0.879,0.8795,1.00,1.00
2010.06.03 20:46:10.825,0.87905,0.8795,1.00,1.60
2010.06.03 20:46:11.085,0.87895,0.8795,1.00,1.60
2010.06.03 20:46:11.214,0.87895,0.8795,1.00,4.00
2010.06.03 20:46:11.345,0.87895,0.8794,1.00,1.00
2010.06.03 20:46:11.477,0.8789,0.8794,1.00,1.00
2010.06.03 20:46:12.074,0.8789,0.87945,1.00,1.20
2010.06.03 20:46:12.224,0.8789,0.87945,1.00,1.00
2010.06.03 20:46:13.156,0.87895,0.87945,1.00,1.00
2010.06.03 20:46:13.295,0.8789,0.87945,3.30,1.00
2010.06.03 20:46:13.425,0.87905,0.87945,1.00,1.00
2010.06.03 20:46:13.555,0.8789,0.87945,1.70,1.00
2010.06.03 20:46:14.237,0.8789,0.8794,1.70,1.00
2010.06.03 20:46:14.576,0.87895,0.87945,1.00,1.60
2010.06.03 20:46:15.303,0.87895,0.87945,1.00,1.70
2010.06.03 20:46:15.428,0.8788,0.8793,1.60,1.00
2010.06.03 20:46:15.794,0.87875,0.8793,1.00,1.60
2010.06.03 20:46:16.538,0.87875,0.8792,1.00,1.00
2010.06.03 20:46:17.377,0.87875,0.8792,1.00,1.00
2010.06.03 20:46:17.507,0.87875,0.8792,1.60,1.00
2010.06.03 20:46:18.052,0.87875,0.8792,1.00,1.00
2010.06.03 20:46:18.355,0.87875,0.8792,1.00,1.00
2010.06.03 20:46:19.866,0.8788,0.8793,1.00,1.60
2010.06.03 20:46:19.954,0.8788,0.8793,1.00,1.60
2010.06.03 20:46:20.045,0.8788,0.8793,1.00,1.60
2010.06.03 20:46:20.135,0.8788,0.8793,1.00,1.60
2010.06.03 20:46:20.314,0.87885,0.8793,1.00,1.00
2010.06.03 20:46:20.405,0.87885,0.8793,1.50,1.00
2010.06.03 20:46:20.494,0.87885,0.8793,1.00,1.00
2010.06.03 20:46:21.654,0.87885,0.8793,1.00,1.00
2010.06.03 20:46:23.035,0.8788,0.8793,3.20,1.00
2010.06.03 20:46:23.306,0.8787,0.8792,3.30,1.00
2010.06.03 20:46:23.576,0.87875,0.8792,1.00,1.00
2010.06.03 20:46:24.316,0.87875,0.8792,1.00,1.00
2010.06.03 20:46:28.326,0.87875,0.8792,1.00,1.00
2010.06.03 20:46:29.174,0.87875,0.8792,1.00,1.00
2010.06.03 20:46:31.004,0.8787,0.8792,1.00,1.00
2010.06.03 20:46:31.036,0.87875,0.8792,1.00,1.00
2010.06.03 20:46:31.240,0.87875,0.8792,1.00,1.00
2010.06.03 20:46:31.356,0.87875,0.8792,1.00,1.00
2010.06.03 20:46:31.620,0.87885,0.87925,1.00,1.00
2010.06.03 20:46:33.184,0.87875,0.87925,1.60,1.70
2010.06.03 20:46:33.434,0.87885,0.87925,1.00,1.00
2010.06.03 20:46:33.537,0.87875,0.87925,1.60,1.00
2010.06.03 20:46:33.635,0.87885,0.87925,1.00,1.00
2010.06.03 20:46:33.833,0.87875,0.87925,1.60,1.70
2010.06.03 20:46:33.937,0.87885,0.87925,1.00,1.00
2010.06.03 20:46:34.137,0.87875,0.87925,1.60,1.70
2010.06.03 20:46:34.325,0.8788,0.87925,1.00,1.60
2010.06.03 20:46:34.424,0.87885,0.87925,1.00,1.00
2010.06.03 20:46:35.120,0.87885,0.8793,1.00,1.60
2010.06.03 20:46:35.277,0.87885,0.8793,1.00,1.00
2010.06.03 20:46:35.436,0.87875,0.8793,1.60,1.00
2010.06.03 20:46:35.605,0.8788,0.8793,1.00,1.00
2010.06.03 20:46:37.303,0.8788,0.8793,1.00,1.00
2010.06.03 20:46:38.402,0.87885,0.8793,1.50,1.00
2010.06.03 20:46:40.273,0.87885,0.8793,1.60,1.00
2010.06.03 20:46:41.153,0.87885,0.8793,1.50,1.00
2010.06.03 20:46:41.434,0.87885,0.8793,1.00,1.00
2010.06.03 20:46:41.514,0.87875,0.8793,1.70,1.00
2010.06.03 20:46:41.595,0.8788,0.8793,1.00,1.00
2010.06.03 20:46:43.404,0.87875,0.8793,2.40,1.00
2010.06.03 20:46:43.564,0.8788,0.8793,2.40,1.00
2010.06.03 20:46:43.795,0.87885,0.8793,1.50,1.00
2010.06.03 20:46:47.224,0.87885,0.8793,1.60,1.00
2010.06.03 20:46:47.303,0.87885,0.8793,1.00,1.00
2010.06.03 20:46:47.424,0.87885,0.8793,1.00,1.00
2010.06.03 20:46:49.756,0.87885,0.8793,1.50,1.00
2010.06.03 20:46:53.396,0.87885,0.8793,1.00,1.00
2010.06.03 20:46:53.574,0.87885,0.8793,1.00,1.00
2010.06.03 20:46:55.404,0.87885,0.8793,1.00,1.00
2010.06.03 20:46:55.675,0.87885,0.87935,1.00,1.00
2010.06.03 20:46:59.254,0.87885,0.87935,1.00,1.00
2010.06.03 20:46:59.585,0.87885,0.8793,1.00,1.00
2010.06.03 20:47:00.616,0.8788,0.87925,1.00,1.00
2010.06.03 20:47:00.734,0.8787,0.87925,1.00,1.00
2010.06.03 20:47:04.379,0.87865,0.87925,1.60,1.00
2010.06.03 20:47:07.354,0.87865,0.8792,1.00,1.00
2010.06.03 20:47:07.464,0.87865,0.8792,1.00,1.60
2010.06.03 20:47:07.574,0.87865,0.8792,1.00,2.40
2010.06.03 20:47:07.690,0.87865,0.8792,1.00,2.40
2010.06.03 20:47:08.090,0.87865,0.87915,1.00,1.00
2010.06.03 20:47:08.324,0.8786,0.87915,1.60,1.00
2010.06.03 20:47:09.312,0.87865,0.87915,1.00,1.00
2010.06.03 20:47:10.514,0.87865,0.87915,1.00,1.00
2010.06.03 20:47:11.635,0.8786,0.8791,1.00,1.00
2010.06.03 20:47:11.805,0.8786,0.87905,1.00,1.00
2010.06.03 20:47:11.975,0.8786,0.87905,1.00,1.00
2010.06.03 20:47:14.273,0.8786,0.87905,1.00,1.00
2010.06.03 20:47:15.497,0.87855,0.87905,2.40,1.00
2010.06.03 20:47:15.624,0.87855,0.87905,2.40,1.00
2010.06.03 20:47:15.755,0.87855,0.87905,1.70,1.00
2010.06.03 20:47:15.935,0.87855,0.87905,1.00,1.70
2010.06.03 20:47:17.023,0.8785,0.87905,1.50,1.70
2010.06.03 20:47:17.204,0.8785,0.87905,1.00,2.60
2010.06.03 20:47:17.425,0.8785,0.87905,1.50,1.70
2010.06.03 20:47:18.445,0.8785,0.87905,1.60,1.70
2010.06.03 20:47:18.926,0.8785,0.87905,1.00,1.70
2010.06.03 20:47:20.020,0.87855,0.87905,1.50,1.60
2010.06.03 20:47:20.235,0.8787,0.8792,1.00,1.00
2010.06.03 20:47:23.594,0.87865,0.8792,1.60,1.00
2010.06.03 20:47:26.428,0.87865,0.8792,1.60,1.00
2010.06.03 20:47:29.136,0.87865,0.8792,1.50,1.00
2010.06.03 20:47:29.365,0.87865,0.8792,1.50,1.00
2010.06.03 20:47:31.505,0.8787,0.87925,1.00,1.60
2010.06.03 20:47:32.366,0.8787,0.87925,1.50,1.00
2010.06.03 20:47:35.072,0.8787,0.87925,1.50,1.00
2010.06.03 20:47:35.204,0.8787,0.87925,1.50,1.00
2010.06.03 20:47:36.225,0.8787,0.87925,1.00,1.80
2010.06.03 20:47:37.200,0.8787,0.87925,1.00,1.60
2010.06.03 20:47:37.625,0.8787,0.87925,1.50,1.00
2010.06.03 20:47:41.184,0.8787,0.87925,1.50,1.00
2010.06.03 20:47:41.321,0.8787,0.8792,1.00,1.00
2010.06.03 20:47:42.101,0.87865,0.8791,1.00,1.00
2010.06.03 20:47:42.207,0.8787,0.8792,1.00,1.00
2010.06.03 20:47:42.304,0.8787,0.87925,1.00,1.00
2010.06.03 20:47:43.477,0.8787,0.87925,3.10,1.00
2010.06.03 20:47:43.805,0.87875,0.87925,1.00,1.00
2010.06.03 20:47:46.400,0.87875,0.87925,1.00,1.00
2010.06.03 20:47:47.464,0.87875,0.87925,1.00,1.00
2010.06.03 20:47:49.193,0.8787,0.87925,1.00,1.00
2010.06.03 20:47:49.476,0.87865,0.87925,1.60,1.60
2010.06.03 20:47:49.635,0.8787,0.87925,1.00,1.00
2010.06.03 20:47:51.284,0.8787,0.87925,1.00,1.00
2010.06.03 20:47:52.062,0.87875,0.87925,1.50,1.00
2010.06.03 20:47:52.168,0.87875,0.87925,1.50,1.00
2010.06.03 20:47:52.394,0.87875,0.87925,1.00,1.00
2010.06.03 20:47:53.375,0.87875,0.87925,1.00,1.00
2010.06.03 20:47:54.554,0.87875,0.87925,1.00,1.00
2010.06.03 20:47:54.685,0.8787,0.87925,3.20,1.00
2010.06.03 20:47:54.814,0.87865,0.87925,1.50,1.80
2010.06.03 20:47:55.919,0.87865,0.87925,1.60,1.60
2010.06.03 20:47:56.070,0.8787,0.8792,1.00,1.00
2010.06.03 20:47:59.334,0.87865,0.8792,1.60,1.00
2010.06.03 20:48:10.834,0.87865,0.8792,1.00,1.80
2010.06.03 20:48:11.015,0.87865,0.8792,1.00,2.60
2010.06.03 20:48:11.290,0.8786,0.87915,1.60,1.00
2010.06.03 20:48:12.343,0.87865,0.87915,1.00,1.00
2010.06.03 20:48:13.628,0.87865,0.87915,1.00,1.00
2010.06.03 20:48:17.075,0.8786,0.8791,1.60,1.00
2010.06.03 20:48:17.235,0.8786,0.87905,1.00,1.00
2010.06.03 20:48:17.714,0.8786,0.87905,1.00,1.00
2010.06.03 20:48:19.844,0.8786,0.87905,1.00,1.00
2010.06.03 20:48:19.966,0.8786,0.8791,1.60,1.70
2010.06.03 20:48:22.185,0.87865,0.8791,1.00,1.70
2010.06.03 20:48:22.314,0.87865,0.8791,1.00,1.70
2010.06.03 20:48:22.457,0.87865,0.8791,1.00,1.70
2010.06.03 20:48:22.658,0.87865,0.8791,1.00,1.70
2010.06.03 20:48:23.057,0.87865,0.8791,1.00,1.70
2010.06.03 20:48:23.344,0.87865,0.8791,1.00,1.70
2010.06.03 20:48:23.525,0.8786,0.87905,1.00,1.00
2010.06.03 20:48:25.676,0.8786,0.8791,1.60,1.70
2010.06.03 20:48:26.594,0.87865,0.8791,1.00,1.70
2010.06.03 20:48:26.695,0.87865,0.8791,1.00,1.00
2010.06.03 20:48:27.580,0.8786,0.8791,2.40,1.00
2010.06.03 20:48:27.776,0.87865,0.8791,1.00,1.00
2010.06.03 20:48:28.010,0.87865,0.8791,1.60,1.00
2010.06.03 20:48:28.207,0.87865,0.8791,1.00,1.00
2010.06.03 20:48:28.404,0.87865,0.8791,1.00,1.00
2010.06.03 20:48:29.296,0.8786,0.8791,1.60,1.80
2010.06.03 20:48:29.536,0.8786,0.87905,1.00,1.00
2010.06.03 20:48:31.091,0.87845,0.87885,1.00,1.00
2010.06.03 20:48:31.395,0.87845,0.87885,1.00,1.00
2010.06.03 20:48:31.574,0.87845,0.87885,1.60,1.00
2010.06.03 20:48:32.585,0.8785,0.87885,1.00,1.00
2010.06.03 20:48:33.395,0.8785,0.8789,1.70,1.00
2010.06.03 20:48:34.419,0.87855,0.8789,1.00,1.00
2010.06.03 20:48:35.174,0.87855,0.87895,1.00,1.00
2010.06.03 20:48:35.325,0.87855,0.87895,1.00,1.00
2010.06.03 20:48:36.139,0.8787,0.8791,1.00,1.00
2010.06.03 20:48:36.311,0.8788,0.87935,1.20,1.00
2010.06.03 20:48:36.705,0.8788,0.87935,2.00,1.00
2010.06.03 20:48:36.936,0.8789,0.8794,1.00,1.00
2010.06.03 20:48:37.635,0.8789,0.8794,3.20,1.00
2010.06.03 20:48:38.557,0.87905,0.8796,1.60,1.00
2010.06.03 20:48:38.744,0.87905,0.87965,1.60,1.00
2010.06.03 20:48:38.934,0.8791,0.87965,1.00,1.00
2010.06.03 20:48:39.855,0.8791,0.87965,1.60,1.00
2010.06.03 20:48:40.057,0.8791,0.87965,1.60,1.00
2010.06.03 20:48:40.256,0.8791,0.8795,1.00,1.00
2010.06.03 20:48:40.456,0.8789,0.87935,1.00,1.00
2010.06.03 20:48:41.586,0.87865,0.87915,1.00,1.00
2010.06.03 20:48:47.342,0.87865,0.87915,1.00,1.30
2010.06.03 20:48:48.120,0.87865,0.87915,1.00,1.50
2010.06.03 20:48:48.367,0.87855,0.87905,1.00,1.70
2010.06.03 20:48:48.739,0.8785,0.87905,1.00,1.70
2010.06.03 20:48:50.156,0.8785,0.87905,1.00,2.50
2010.06.03 20:48:50.995,0.87855,0.87905,1.00,2.50
2010.06.03 20:48:51.074,0.87855,0.87905,1.00,1.70
2010.06.03 20:48:51.405,0.87855,0.87915,1.00,1.00
2010.06.03 20:48:52.367,0.8786,0.87915,1.00,1.00
2010.06.03 20:48:54.625,0.8786,0.8792,1.00,1.00
2010.06.03 20:48:56.118,0.8786,0.87915,1.00,1.00
2010.06.03 20:48:58.558,0.87855,0.8791,1.00,1.00
2010.06.03 20:48:59.825,0.87855,0.87905,1.00,1.80
2010.06.03 20:48:59.995,0.8785,0.87905,1.00,1.80
2010.06.03 20:49:00.166,0.87845,0.879,1.00,1.00
2010.06.03 20:49:01.740,0.87845,0.879,1.00,1.00
2010.06.03 20:49:01.925,0.87845,0.8789,1.00,1.00
2010.06.03 20:49:02.115,0.8784,0.8789,1.00,1.00
2010.06.03 20:49:03.505,0.8784,0.87895,1.00,1.40
2010.06.03 20:49:03.674,0.87845,0.87895,1.00,1.40
2010.06.03 20:49:04.475,0.87845,0.87895,1.00,1.50
2010.06.03 20:49:07.827,0.87845,0.8789,1.00,1.00
2010.06.03 20:49:08.244,0.8784,0.8789,1.00,1.00
2010.06.03 20:49:10.288,0.87855,0.8791,1.00,1.00
2010.06.03 20:49:10.464,0.87855,0.87915,1.00,1.00
2010.06.03 20:49:10.892,0.8786,0.87915,1.00,1.00
2010.06.03 20:49:16.464,0.87865,0.8792,1.00,1.00
2010.06.03 20:49:28.198,0.87865,0.87915,1.00,1.00
2010.06.03 20:49:31.260,0.87865,0.87915,1.60,1.00
2010.06.03 20:49:31.384,0.8787,0.87915,1.00,1.00
2010.06.03 20:49:31.485,0.8787,0.87915,1.30,1.00
2010.06.03 20:49:31.784,0.8787,0.87925,1.30,1.00
2010.06.03 20:49:31.984,0.8787,0.8793,1.30,1.00
2010.06.03 20:49:32.149,0.87875,0.8793,1.00,1.00
2010.06.03 20:49:33.816,0.8788,0.8793,1.00,1.00
2010.06.03 20:49:34.505,0.87875,0.87925,1.00,1.00
2010.06.03 20:49:34.854,0.8787,0.87925,1.00,1.00
2010.06.03 20:49:35.556,0.8787,0.87925,1.00,1.00
2010.06.03 20:49:35.748,0.87865,0.8792,1.00,1.00
2010.06.03 20:49:36.244,0.87865,0.87915,1.00,1.00
2010.06.03 20:49:37.175,0.87865,0.8792,1.00,1.00
2010.06.03 20:49:37.774,0.8786,0.87915,1.00,1.00
2010.06.03 20:49:41.277,0.8786,0.87915,1.60,1.00
2010.06.03 20:49:41.626,0.87865,0.87915,1.00,1.00
2010.06.03 20:49:41.874,0.87865,0.87915,1.00,1.00
2010.06.03 20:49:45.275,0.8786,0.87915,1.30,1.00
2010.06.03 20:49:46.258,0.8786,0.87915,1.40,1.00
2010.06.03 20:49:46.454,0.8786,0.87915,1.50,1.00
2010.06.03 20:49:47.274,0.8786,0.87915,1.30,1.00
2010.06.03 20:49:48.754,0.8786,0.87915,1.30,1.00
2010.06.03 20:49:49.084,0.87855,0.87915,1.00,1.00
2010.06.03 20:49:49.644,0.87855,0.8791,1.00,1.00
2010.06.03 20:50:06.964,0.8785,0.8791,1.00,1.00
2010.06.03 20:50:07.174,0.8785,0.87905,1.00,1.00
2010.06.03 20:50:07.315,0.87855,0.87905,1.00,1.00
2010.06.03 20:50:07.385,0.8786,0.8791,2.40,1.00
2010.06.03 20:50:07.695,0.87865,0.8791,1.00,1.00
2010.06.03 20:50:11.436,0.87865,0.879,1.00,2.40
2010.06.03 20:50:11.565,0.87865,0.879,1.00,3.20
2010.06.03 20:50:11.694,0.87845,0.879,1.00,4.20
2010.06.03 20:50:11.824,0.8784,0.879,1.00,4.20
2010.06.03 20:50:12.085,0.8784,0.87895,1.00,1.00
2010.06.03 20:50:19.054,0.87845,0.879,1.00,1.00
2010.06.03 20:50:24.945,0.87845,0.879,1.00,4.80
2010.06.03 20:50:26.495,0.87845,0.879,1.00,5.00
2010.06.03 20:50:27.295,0.87845,0.87895,1.00,1.00
2010.06.03 20:50:27.464,0.87845,0.87895,1.00,1.00
2010.06.03 20:50:27.635,0.8784,0.87895,1.00,1.80
2010.06.03 20:50:27.804,0.8784,0.87895,1.00,2.20
2010.06.03 20:50:34.205,0.87845,0.879,1.00,1.00
2010.06.03 20:50:48.599,0.87845,0.879,1.00,1.00
2010.06.03 20:50:48.724,0.87855,0.879,1.00,1.00
2010.06.03 20:50:48.965,0.87855,0.87905,1.00,1.00
2010.06.03 20:50:49.205,0.87855,0.8791,1.00,1.00
2010.06.03 20:50:49.444,0.87855,0.8791,1.50,1.00
2010.06.03 20:50:50.976,0.87855,0.8791,1.60,1.00
2010.06.03 20:50:52.366,0.8786,0.8791,1.00,1.00
2010.06.03 20:50:54.337,0.87855,0.8791,1.60,1.00
2010.06.03 20:50:57.087,0.8786,0.8791,1.00,1.00
2010.06.03 20:50:57.255,0.8786,0.87915,1.00,1.60
2010.06.03 20:50:57.415,0.8786,0.87915,1.60,1.00
2010.06.03 20:50:57.494,0.8786,0.87915,4.00,1.00
2010.06.03 20:50:59.887,0.87865,0.87915,1.00,1.00
2010.06.03 20:51:01.228,0.8786,0.87915,1.50,1.00
2010.06.03 20:51:01.364,0.8786,0.87915,1.00,1.00
2010.06.03 20:51:01.645,0.87855,0.87915,1.50,1.00
2010.06.03 20:51:01.785,0.87855,0.87915,1.00,1.00
2010.06.03 20:51:02.965,0.8786,0.87915,1.00,1.00
2010.06.03 20:51:04.824,0.87855,0.8791,1.00,1.00
2010.06.03 20:51:05.480,0.8785,0.8791,1.00,1.00
2010.06.03 20:51:08.285,0.8785,0.87905,1.00,1.00
2010.06.03 20:51:10.288,0.8785,0.87905,1.00,1.00
2010.06.03 20:51:10.754,0.8785,0.87905,1.00,1.00
2010.06.03 20:51:10.915,0.87845,0.879,2.40,1.00
2010.06.03 20:51:11.155,0.87845,0.879,1.00,1.00
2010.06.03 20:51:11.314,0.8784,0.87895,1.00,1.00
2010.06.03 20:51:15.716,0.8784,0.87895,1.60,1.00
2010.06.03 20:51:15.827,0.8784,0.87895,3.60,1.00
2010.06.03 20:51:16.045,0.8784,0.87895,4.40,1.00
2010.06.03 20:51:17.225,0.8784,0.87895,1.20,1.00
2010.06.03 20:51:17.425,0.8784,0.87895,1.00,1.00
2010.06.03 20:51:18.993,0.8782,0.8788,1.00,4.00
2010.06.03 20:51:19.925,0.87825,0.8788,1.00,1.60
2010.06.03 20:51:21.694,0.87825,0.8788,1.00,1.80
2010.06.03 20:51:22.064,0.8782,0.87875,1.00,1.00
2010.06.03 20:51:23.895,0.8782,0.87875,1.00,1.00
2010.06.03 20:51:24.632,0.8782,0.87875,1.00,1.00
2010.06.03 20:51:24.970,0.8781,0.87865,1.00,1.00
2010.06.03 20:51:27.076,0.87815,0.87865,1.00,1.00
2010.06.03 20:51:28.084,0.87815,0.8787,1.00,1.00
2010.06.03 20:51:28.375,0.87815,0.8787,1.60,1.00
2010.06.03 20:51:29.658,0.87815,0.8787,1.70,1.00
2010.06.03 20:51:29.830,0.8782,0.8787,1.00,1.00
2010.06.03 20:51:30.357,0.8782,0.8787,1.00,1.00
2010.06.03 20:51:33.065,0.8782,0.8787,1.00,1.00
2010.06.03 20:51:33.346,0.87825,0.8787,1.00,1.00
2010.06.03 20:51:33.687,0.87815,0.87865,1.60,1.60
2010.06.03 20:51:34.387,0.8782,0.87865,1.00,1.60
2010.06.03 20:51:34.560,0.8782,0.87865,1.00,1.60
2010.06.03 20:51:34.949,0.8782,0.87865,1.00,1.60
2010.06.03 20:51:35.115,0.8782,0.87865,1.00,1.60
2010.06.03 20:51:35.887,0.8781,0.87855,2.40,1.00
2010.06.03 20:51:36.177,0.8781,0.87855,1.00,1.60
2010.06.03 20:51:36.745,0.8781,0.87855,1.00,1.60
2010.06.03 20:51:37.025,0.87805,0.87855,1.00,2.40
2010.06.03 20:51:38.474,0.87805,0.87855,1.00,2.60
2010.06.03 20:51:39.115,0.87805,0.87855,1.00,1.80
2010.06.03 20:51:39.435,0.878,0.87855,1.70,1.80
2010.06.03 20:51:40.594,0.87805,0.8785,1.00,1.00
2010.06.03 20:51:44.610,0.87805,0.87855,1.00,2.60
2010.06.03 20:51:44.661,0.87805,0.87855,1.00,1.70
2010.06.03 20:51:44.706,0.878,0.8784,1.50,1.00
2010.06.03 20:51:44.917,0.878,0.8784,1.00,1.00
2010.06.03 20:51:45.105,0.878,0.87845,1.00,1.00
2010.06.03 20:51:46.676,0.878,0.87845,1.00,1.00
2010.06.03 20:51:47.617,0.878,0.8785,1.70,1.00
2010.06.03 20:51:47.834,0.878,0.87845,1.00,1.00
2010.06.03 20:51:48.358,0.878,0.87845,1.00,1.00
2010.06.03 20:51:48.705,0.878,0.87845,1.00,1.00
2010.06.03 20:51:48.875,0.878,0.8785,1.70,1.00
2010.06.03 20:51:49.767,0.8781,0.8786,1.00,1.70
2010.06.03 20:51:49.885,0.8781,0.8786,1.00,1.00
2010.06.03 20:51:50.215,0.8781,0.8786,1.60,1.00
2010.06.03 20:51:50.435,0.8781,0.8786,1.60,1.00
2010.06.03 20:51:50.544,0.8781,0.8786,1.00,1.00
2010.06.03 20:51:51.636,0.8781,0.8786,1.60,1.00
2010.06.03 20:51:52.795,0.8781,0.8786,1.70,1.00
2010.06.03 20:51:53.385,0.8781,0.8786,1.60,1.00
2010.06.03 20:51:54.315,0.8781,0.8786,1.00,1.00
2010.06.03 20:51:55.169,0.878,0.87855,1.00,1.00
2010.06.03 20:51:55.359,0.87795,0.8785,1.00,1.00
2010.06.03 20:51:58.257,0.878,0.87855,1.50,1.30
2010.06.03 20:51:59.455,0.878,0.87855,1.60,1.20
2010.06.03 20:52:00.693,0.87805,0.87855,1.00,1.20
2010.06.03 20:52:01.359,0.878,0.87855,1.60,1.30
2010.06.03 20:52:02.435,0.878,0.87855,1.60,1.20
2010.06.03 20:52:02.636,0.878,0.8785,1.00,1.00
2010.06.03 20:52:05.417,0.87805,0.8785,1.00,1.00
2010.06.03 20:52:05.574,0.87805,0.8785,1.00,1.00
2010.06.03 20:52:07.412,0.87805,0.87855,1.00,1.70
2010.06.03 20:52:08.928,0.87805,0.8785,1.00,1.60
2010.06.03 20:52:09.016,0.87805,0.8785,1.00,1.60
2010.06.03 20:52:09.095,0.87805,0.8785,1.00,1.00
2010.06.03 20:52:09.335,0.87805,0.87855,1.00,1.60
2010.06.03 20:52:10.346,0.878,0.8785,1.70,1.00
2010.06.03 20:52:10.676,0.87805,0.8785,1.00,1.00
2010.06.03 20:52:11.685,0.87805,0.8785,1.00,1.00
2010.06.03 20:52:12.415,0.87805,0.8785,1.00,1.60
2010.06.03 20:52:12.845,0.878,0.87845,1.00,1.00
2010.06.03 20:52:13.005,0.878,0.87845,1.00,1.00
2010.06.03 20:52:13.376,0.87795,0.87845,1.60,1.00
2010.06.03 20:52:13.545,0.87795,0.87845,1.70,1.00
2010.06.03 20:52:13.806,0.87795,0.8784,1.00,1.00
2010.06.03 20:52:15.245,0.87795,0.8784,1.00,1.00
2010.06.03 20:52:18.915,0.87795,0.8785,1.00,1.00
2010.06.03 20:52:19.798,0.878,0.8785,1.00,1.00
2010.06.03 20:52:31.251,0.87795,0.8785,1.00,1.00
2010.06.03 20:52:47.416,0.87795,0.87845,1.00,1.00
2010.06.03 20:52:47.507,0.87795,0.8783,1.00,1.00
2010.06.03 20:52:47.689,0.8779,0.8783,1.00,1.00
2010.06.03 20:52:47.926,0.87785,0.8783,1.00,1.00
2010.06.03 20:52:55.964,0.8779,0.8784,1.70,1.00
2010.06.03 20:52:57.377,0.87795,0.8784,1.00,1.00
2010.06.03 20:52:57.715,0.87795,0.8785,1.00,1.00
2010.06.03 20:52:58.518,0.87795,0.87845,1.00,1.00
2010.06.03 20:52:58.637,0.8779,0.8783,1.00,1.00
2010.06.03 20:53:03.645,0.8779,0.87835,1.60,1.00
2010.06.03 20:53:04.997,0.8779,0.87835,1.70,1.00
2010.06.03 20:53:06.408,0.8779,0.87835,1.60,1.00
2010.06.03 20:53:08.661,0.8779,0.87835,1.60,1.00
2010.06.03 20:53:10.254,0.8779,0.87835,1.70,1.00
2010.06.03 20:53:14.875,0.8779,0.87835,1.60,1.00
2010.06.03 20:53:15.035,0.8779,0.87835,1.70,1.00
2010.06.03 20:53:15.842,0.8779,0.8784,1.70,1.00
2010.06.03 20:53:17.405,0.87795,0.8784,1.00,1.00
2010.06.03 20:53:20.777,0.878,0.8784,1.00,1.00
2010.06.03 20:53:20.936,0.878,0.87845,1.00,1.00
2010.06.03 20:53:24.634,0.8779,0.87845,2.40,1.00
2010.06.03 20:53:24.835,0.8779,0.87845,2.40,1.00
2010.06.03 20:53:24.944,0.8779,0.87845,1.60,1.00
2010.06.03 20:53:25.054,0.8779,0.87845,1.00,1.00
2010.06.03 20:53:25.165,0.8779,0.87845,2.40,1.00
2010.06.03 20:53:26.375,0.87795,0.87845,1.00,1.00
2010.06.03 20:53:28.189,0.87795,0.8785,1.60,1.00
2010.06.03 20:53:28.755,0.878,0.8785,1.00,1.00
2010.06.03 20:53:29.646,0.878,0.87855,1.60,1.00
2010.06.03 20:53:32.407,0.87805,0.87855,1.00,1.00
2010.06.03 20:53:33.674,0.878,0.87855,1.50,1.00
2010.06.03 20:53:33.795,0.878,0.87855,1.50,1.00
2010.06.03 20:53:33.996,0.878,0.87855,1.00,1.00
2010.06.03 20:53:34.055,0.87795,0.8785,1.00,1.00
2010.06.03 20:53:34.496,0.87795,0.8785,1.60,1.00
2010.06.03 20:53:35.367,0.87795,0.8785,1.70,1.00
2010.06.03 20:53:40.313,0.878,0.8785,1.00,1.00
2010.06.03 20:53:47.531,0.878,0.87855,1.00,1.00
2010.06.03 20:53:49.945,0.878,0.87855,1.00,1.00
2010.06.03 20:54:08.717,0.87815,0.87855,1.00,1.00
2010.06.03 20:54:08.828,0.8782,0.8786,1.00,1.20
2010.06.03 20:54:09.626,0.8782,0.8786,1.00,1.00
2010.06.03 20:54:09.970,0.87825,0.8788,1.00,1.00
2010.06.03 20:54:12.254,0.87825,0.8788,1.00,1.00
2010.06.03 20:54:12.425,0.87825,0.8788,1.00,1.00
2010.06.03 20:54:19.967,0.87825,0.8788,1.00,1.00
2010.06.03 20:54:27.778,0.87825,0.8788,1.00,1.00
2010.06.03 20:54:32.265,0.87825,0.8788,1.00,1.00
2010.06.03 20:54:35.806,0.87825,0.8788,1.00,1.80
2010.06.03 20:54:36.995,0.87825,0.87875,1.00,1.00
2010.06.03 20:54:37.135,0.87825,0.87875,1.00,1.80
2010.06.03 20:54:37.416,0.8782,0.87875,1.00,2.60
2010.06.03 20:54:38.316,0.8782,0.8787,1.00,1.00
2010.06.03 20:54:39.306,0.8782,0.87865,1.00,1.00
2010.06.03 20:54:40.296,0.8782,0.8787,1.00,1.00
2010.06.03 20:54:43.046,0.8782,0.87875,1.00,2.40
2010.06.03 20:54:44.126,0.8782,0.87875,1.00,1.00
2010.06.03 20:54:54.716,0.8782,0.87875,1.50,1.00
2010.06.03 20:54:54.975,0.87825,0.8788,1.00,1.60
2010.06.03 20:54:56.498,0.87825,0.8788,1.50,1.00
2010.06.03 20:54:58.436,0.87825,0.8788,1.00,1.60
2010.06.03 20:55:02.314,0.87825,0.8788,1.00,1.80
2010.06.03 20:55:25.935,0.8782,0.87875,1.50,1.00
2010.06.03 20:55:26.236,0.8782,0.87875,1.00,1.00
2010.06.03 20:55:30.385,0.8782,0.87875,1.00,1.60
2010.06.03 20:55:30.689,0.8782,0.87875,1.00,2.40
2010.06.03 20:55:31.105,0.87815,0.87875,1.00,2.40
2010.06.03 20:55:31.938,0.87815,0.87875,1.70,1.60
2010.06.03 20:55:32.051,0.8782,0.87875,1.00,1.70
2010.06.03 20:55:32.945,0.8782,0.8787,1.00,1.00
2010.06.03 20:55:33.365,0.87815,0.8787,1.00,1.00
2010.06.03 20:55:34.264,0.87815,0.87875,1.00,2.50
2010.06.03 20:55:37.452,0.8782,0.87875,1.00,2.40
2010.06.03 20:55:37.604,0.87825,0.87875,1.00,2.40
2010.06.03 20:55:37.699,0.87825,0.87875,1.00,1.60
2010.06.03 20:55:37.827,0.87825,0.87875,1.00,1.70
2010.06.03 20:55:37.955,0.87825,0.87875,1.00,2.60
2010.06.03 20:55:38.015,0.87815,0.87875,1.00,2.60
2010.06.03 20:55:39.324,0.87815,0.8787,1.00,1.00
2010.06.03 20:55:41.301,0.87815,0.87875,1.00,2.50
2010.06.03 20:55:42.515,0.8782,0.87875,1.00,2.40
2010.06.03 20:55:42.595,0.87825,0.87875,1.00,1.60
2010.06.03 20:55:43.725,0.87825,0.87875,1.00,1.70
2010.06.03 20:55:43.945,0.87825,0.87875,1.00,1.60
2010.06.03 20:55:44.165,0.8782,0.87875,1.00,1.60
2010.06.03 20:55:44.386,0.87825,0.8788,1.00,1.80
2010.06.03 20:55:49.786,0.87825,0.8788,1.00,1.00
2010.06.03 20:55:52.304,0.87825,0.8788,1.00,1.00
2010.06.03 20:55:54.435,0.87825,0.8788,1.00,1.00
2010.06.03 20:55:57.646,0.87825,0.8788,1.00,1.00
2010.06.03 20:55:57.729,0.87825,0.8788,1.70,1.00
2010.06.03 20:55:57.759,0.87825,0.8788,2.50,1.00
2010.06.03 20:55:59.126,0.8783,0.8788,1.00,1.00
2010.06.03 20:56:00.398,0.87835,0.8788,1.00,1.00
2010.06.03 20:56:13.644,0.87825,0.8788,2.50,1.00
2010.06.03 20:56:13.794,0.87825,0.87875,2.50,1.00
2010.06.03 20:56:13.945,0.87825,0.8788,1.70,1.00
2010.06.03 20:56:15.294,0.8783,0.8788,1.00,1.00
2010.06.03 20:56:19.918,0.87825,0.87875,1.00,1.00
2010.06.03 20:56:21.050,0.87825,0.8787,1.00,1.00
2010.06.03 20:56:22.389,0.87825,0.87875,1.00,1.00
2010.06.03 20:56:31.134,0.87825,0.87875,1.70,1.00
2010.06.03 20:56:32.366,0.8783,0.87875,1.00,1.00
2010.06.03 20:56:33.283,0.87825,0.87875,1.70,1.00
2010.06.03 20:56:37.241,0.8783,0.87875,1.00,1.00
2010.06.03 20:56:37.356,0.8783,0.87875,1.00,1.00
2010.06.03 20:56:59.455,0.8783,0.8788,1.00,1.80
2010.06.03 20:56:59.615,0.8783,0.8788,1.00,1.00
2010.06.03 20:57:32.902,0.87835,0.8788,1.00,1.00
2010.06.03 20:57:33.749,0.87835,0.8788,1.00,1.00
2010.06.03 20:57:34.441,0.87835,0.8788,1.00,1.00
2010.06.03 20:57:34.656,0.87835,0.8788,1.00,1.00
2010.06.03 20:57:34.875,0.87835,0.8788,1.00,1.00
2010.06.03 20:57:34.986,0.87835,0.87885,1.00,1.00
2010.06.03 20:57:35.322,0.8784,0.87885,1.00,1.00
2010.06.03 20:57:44.265,0.87835,0.8788,1.00,1.00
2010.06.03 20:57:44.395,0.8783,0.8788,3.30,1.00
2010.06.03 20:57:50.070,0.8782,0.87875,3.30,1.00
2010.06.03 20:57:50.284,0.87825,0.87875,1.00,1.00
2010.06.03 20:57:50.505,0.8782,0.87875,3.30,1.00
2010.06.03 20:57:51.406,0.87825,0.87875,1.00,1.00
2010.06.03 20:57:52.059,0.87825,0.87875,1.00,1.00
2010.06.03 20:57:52.258,0.87825,0.87875,1.00,1.00
2010.06.03 20:57:53.090,0.8782,0.8787,2.50,1.00
2010.06.03 20:57:53.300,0.8782,0.8787,1.00,3.20
2010.06.03 20:57:53.447,0.8782,0.8787,1.00,3.40
2010.06.03 20:57:53.689,0.8782,0.8787,1.00,3.20
2010.06.03 20:57:54.016,0.8783,0.8787,2.40,1.00
2010.06.03 20:57:54.165,0.8783,0.8788,2.40,1.00
2010.06.03 20:57:54.305,0.8783,0.8788,2.80,1.00
2010.06.03 20:57:55.329,0.8783,0.8788,2.40,1.00
2010.06.03 20:57:55.386,0.8783,0.8788,2.50,1.00
2010.06.03 20:57:55.656,0.8783,0.8788,2.90,1.00
2010.06.03 20:57:55.715,0.8783,0.8788,2.50,1.00
2010.06.03 20:57:55.905,0.8783,0.8788,2.90,1.00
2010.06.03 20:57:56.039,0.8783,0.8788,2.50,1.00
2010.06.03 20:57:56.220,0.8783,0.87875,2.40,1.00
2010.06.03 20:57:56.275,0.8783,0.87875,2.80,1.00
2010.06.03 20:57:56.338,0.8783,0.87875,2.80,1.00
2010.06.03 20:57:56.677,0.87825,0.87875,1.30,1.00
2010.06.03 20:57:57.325,0.8783,0.8788,1.00,3.40
2010.06.03 20:57:59.415,0.8783,0.87875,1.00,1.00
2010.06.03 20:58:21.633,0.8783,0.8788,1.00,3.40
2010.06.03 20:58:21.916,0.8783,0.8788,2.50,1.00
2010.06.03 20:58:25.302,0.87835,0.8788,1.00,1.00
2010.06.03 20:58:33.438,0.87825,0.87875,1.00,1.00
2010.06.03 20:58:34.185,0.8783,0.87875,2.40,1.00
2010.06.03 20:58:34.306,0.8783,0.8788,2.50,1.00
2010.06.03 20:58:34.545,0.8783,0.8788,2.50,1.00
2010.06.03 20:58:36.405,0.87835,0.8788,1.00,1.00
2010.06.03 20:58:37.175,0.87825,0.87875,1.00,1.00
2010.06.03 20:58:43.191,0.8783,0.8788,1.00,3.40
2010.06.03 20:58:43.890,0.8783,0.8788,2.50,1.00
2010.06.03 20:58:43.989,0.8783,0.8788,2.50,1.00
2010.06.03 20:58:45.475,0.87835,0.8788,1.00,1.00
2010.06.03 20:58:47.555,0.8783,0.8788,2.50,1.00
2010.06.03 20:58:48.451,0.8783,0.8788,1.00,3.40
2010.06.03 20:58:51.365,0.8783,0.87875,1.00,1.00
2010.06.03 20:58:52.275,0.87825,0.87875,1.00,1.00
2010.06.03 20:58:52.405,0.87825,0.87875,1.00,1.00
2010.06.03 20:58:56.415,0.87825,0.87875,1.00,1.00
2010.06.03 20:58:58.297,0.87825,0.87875,1.00,1.00
2010.06.03 20:58:59.726,0.87825,0.87875,1.00,1.00
2010.06.03 20:59:00.186,0.87825,0.87875,1.00,1.00
2010.06.03 20:59:01.871,0.87825,0.87875,1.00,1.00
2010.06.03 20:59:02.567,0.87825,0.87875,1.00,1.00
2010.06.03 20:59:09.355,0.87825,0.8787,1.00,1.00
2010.06.03 20:59:10.181,0.87825,0.8787,1.00,1.00
2010.06.03 20:59:11.347,0.87825,0.87875,1.00,1.00
2010.06.03 20:59:12.146,0.8783,0.87875,2.40,1.00
2010.06.03 20:59:14.438,0.8783,0.8788,2.50,1.00
2010.06.03 20:59:14.826,0.8783,0.8788,1.70,1.00
2010.06.03 20:59:15.736,0.8783,0.8788,2.50,1.00
2010.06.03 20:59:17.269,0.8783,0.8788,1.00,2.50
2010.06.03 20:59:17.359,0.8782,0.87875,2.50,1.00
2010.06.03 20:59:19.225,0.8783,0.8788,2.40,1.00
2010.06.03 20:59:19.476,0.8783,0.87875,2.40,1.00
2010.06.03 20:59:19.716,0.8782,0.87875,2.50,1.00
2010.06.03 20:59:22.071,0.87825,0.8788,1.00,2.50
2010.06.03 20:59:22.385,0.8783,0.8788,2.40,1.00
2010.06.03 20:59:23.005,0.8783,0.87875,2.40,1.00
2010.06.03 20:59:23.175,0.8782,0.87875,2.50,1.00
2010.06.03 20:59:24.078,0.87825,0.87885,1.00,1.00
2010.06.03 20:59:24.215,0.87825,0.87885,1.00,1.00
2010.06.03 20:59:25.275,0.8783,0.87885,1.00,1.00
2010.06.03 20:59:25.566,0.8784,0.8789,2.40,1.00
2010.06.03 20:59:26.896,0.8785,0.879,2.40,1.00
2010.06.03 20:59:27.135,0.8785,0.879,2.40,1.00
2010.06.03 20:59:28.207,0.8784,0.879,2.40,2.50
2010.06.03 20:59:30.566,0.8783,0.8789,2.50,2.40
2010.06.03 20:59:33.316,0.8784,0.879,2.40,1.00
2010.06.03 20:59:33.627,0.8784,0.879,2.40,2.50
2010.06.03 20:59:34.365,0.8783,0.8789,3.30,2.40
2010.06.03 20:59:35.207,0.8783,0.8789,2.50,2.40
2010.06.03 20:59:35.346,0.8784,0.879,2.40,2.50
2010.06.03 20:59:35.484,0.8784,0.87895,2.40,1.00
2010.06.03 20:59:35.615,0.8784,0.8789,2.40,1.00
2010.06.03 20:59:35.745,0.8783,0.8789,2.40,2.90
2010.06.03 20:59:37.456,0.8784,0.879,2.40,2.50
2010.06.03 20:59:38.270,0.8784,0.879,2.40,2.40
2010.06.03 20:59:38.397,0.8784,0.879,2.40,2.50
2010.06.03 20:59:42.760,0.8784,0.87895,2.40,1.00
2010.06.03 20:59:42.825,0.8783,0.8789,2.90,2.40
2010.06.03 20:59:42.885,0.8783,0.8789,2.40,2.90
2010.06.03 20:59:43.415,0.8784,0.8789,2.40,1.00
2010.06.03 20:59:43.615,0.8784,0.879,2.40,2.50
2010.06.03 20:59:45.332,0.8783,0.8789,2.80,2.40
2010.06.03 20:59:45.465,0.8783,0.8789,2.40,2.80
2010.06.03 20:59:45.998,0.8783,0.8789,2.50,2.80
2010.06.03 20:59:46.125,0.8783,0.8789,2.50,1.00
2010.06.03 20:59:46.595,0.87835,0.8791,1.00,1.00
2010.06.03 20:59:51.291,0.8783,0.879,2.50,1.00
2010.06.03 20:59:51.605,0.8783,0.879,2.40,1.00
2010.06.03 20:59:52.086,0.8782,0.87895,2.50,1.00
2010.06.03 20:59:52.926,0.87825,0.87895,1.00,1.00
2010.06.03 20:59:53.267,0.8783,0.87905,3.10,1.00
2010.06.03 20:59:55.985,0.8783,0.87905,5.10,1.00
2010.06.03 20:59:56.135,0.87845,0.87915,1.00,1.00
2010.06.03 20:59:56.435,0.87845,0.8792,1.00,1.00
2010.06.03 20:59:57.927,0.87845,0.8792,1.00,1.00
