2016.10.11 03:00:00.070,0.99839,0.99866,1.50,2.25
2016.10.11 03:00:00.121,0.99839,0.99866,1.50,2.25
2016.10.11 03:00:00.172,0.99838,0.99865,2.25,1.12
2016.10.11 03:00:00.223,0.99838,0.99865,1.50,2.25
2016.10.11 03:00:00.279,0.99838,0.99865,1.50,1.75
2016.10.11 03:00:00.380,0.99838,0.99861,1.50,1.00
2016.10.11 03:00:00.975,0.99837,0.99856,1.75,1.00
2016.10.11 03:00:01.026,0.99837,0.99856,1.12,1.00
2016.10.11 03:00:01.180,0.99836,0.99857,1.50,1.00
2016.10.11 03:00:01.445,0.99835,0.99856,2.25,1.00
2016.10.11 03:00:02.357,0.99835,0.99861,2.25,1.50
2016.10.11 03:00:04.648,0.99837,0.99861,1.12,1.50
2016.10.11 03:00:05.780,0.99837,0.99856,1.12,1.00
2016.10.11 03:00:05.982,0.99834,0.99856,2.25,1.00
2016.10.11 03:00:06.033,0.99834,0.99856,1.12,1.00
2016.10.11 03:00:06.084,0.99834,0.99857,1.12,1.12
2016.10.11 03:00:07.435,0.99834,0.99857,1.00,1.75
2016.10.11 03:00:07.485,0.9983,0.99857,1.12,2.25
2016.10.11 03:00:07.536,0.9983,0.99856,1.00,1.75
2016.10.11 03:00:07.587,0.99829,0.99852,1.12,1.50
2016.10.11 03:00:07.908,0.99829,0.99851,1.12,1.12
2016.10.11 03:00:08.060,0.99831,0.99851,1.00,1.12
2016.10.11 03:00:08.154,0.99831,0.99852,1.12,1.00
2016.10.11 03:00:08.255,0.99832,0.99852,1.00,1.00
2016.10.11 03:00:08.667,0.9983,0.99851,1.00,1.00
2016.10.11 03:00:08.718,0.9983,0.99856,1.00,2.25
2016.10.11 03:00:08.972,0.99829,0.99851,1.12,1.00
2016.10.11 03:00:09.618,0.99829,0.99851,1.50,1.00
2016.10.11 03:00:09.669,0.99833,0.99851,1.00,1.00
2016.10.11 03:00:09.720,0.99833,0.99851,1.12,1.00
2016.10.11 03:00:09.980,0.99831,0.99851,1.75,1.00
2016.10.11 03:00:10.182,0.99833,0.99851,1.12,1.00
2016.10.11 03:00:10.395,0.9983,0.99851,1.75,1.00
2016.10.11 03:00:10.445,0.9983,0.99851,2.25,1.00
2016.10.11 03:00:10.496,0.99831,0.99851,1.75,1.00
2016.10.11 03:00:10.597,0.9983,0.99851,1.75,1.00
2016.10.11 03:00:10.813,0.99832,0.99852,1.00,1.00
2016.10.11 03:00:10.929,0.99833,0.99856,1.50,1.00
2016.10.11 03:00:10.980,0.99833,0.99856,1.87,1.00
2016.10.11 03:00:11.031,0.99833,0.99856,1.87,1.00
2016.10.11 03:00:11.082,0.99833,0.99856,1.75,1.00
2016.10.11 03:00:12.551,0.99833,0.99856,3.37,1.00
2016.10.11 03:00:12.602,0.99837,0.99856,1.50,1.00
2016.10.11 03:00:12.805,0.99838,0.99856,1.12,1.00
2016.10.11 03:00:13.292,0.99836,0.99856,1.75,1.00
2016.10.11 03:00:14.577,0.99836,0.99857,1.75,1.00
2016.10.11 03:00:14.810,0.99838,0.99856,1.12,1.00
2016.10.11 03:00:14.860,0.99838,0.99856,2.25,1.00
2016.10.11 03:00:14.911,0.9984,0.99861,1.50,1.00
2016.10.11 03:00:15.309,0.99841,0.99861,1.12,1.00
2016.10.11 03:00:15.612,0.9984,0.99861,1.50,1.00
2016.10.11 03:00:16.964,0.99838,0.99861,1.75,1.00
2016.10.11 03:00:17.148,0.99838,0.99861,1.50,1.00
2016.10.11 03:00:17.198,0.99838,0.99856,1.50,1.00
2016.10.11 03:00:17.328,0.99838,0.99856,1.75,1.00
2016.10.11 03:00:17.663,0.99838,0.99856,1.00,1.00
2016.10.11 03:00:18.715,0.99836,0.99856,1.37,1.00
2016.10.11 03:00:19.088,0.99836,0.99861,1.12,1.00
2016.10.11 03:00:19.140,0.99835,0.99861,2.25,1.75
2016.10.11 03:00:19.191,0.99835,0.99861,1.12,1.75
2016.10.11 03:00:19.293,0.99837,0.99861,1.00,1.75
2016.10.11 03:00:19.715,0.99836,0.99861,1.00,1.75
2016.10.11 03:00:20.288,0.99834,0.99857,1.50,1.00
2016.10.11 03:00:20.417,0.99834,0.99857,1.50,1.00
2016.10.11 03:00:20.468,0.99834,0.99857,1.00,1.37
2016.10.11 03:00:20.519,0.99829,0.99857,1.87,1.87
2016.10.11 03:00:20.569,0.99829,0.99855,1.12,1.75
2016.10.11 03:00:20.620,0.99828,0.99855,1.12,1.75
2016.10.11 03:00:20.724,0.99828,0.99855,1.12,1.75
2016.10.11 03:00:20.775,0.99828,0.99855,1.50,1.75
2016.10.11 03:00:20.826,0.99828,0.99851,1.50,1.00
2016.10.11 03:00:20.908,0.99826,0.99851,1.50,1.00
2016.10.11 03:00:21.125,0.99824,0.99849,1.00,1.00
2016.10.11 03:00:21.176,0.99824,0.99849,1.37,1.00
2016.10.11 03:00:21.269,0.99825,0.99849,1.12,1.00
2016.10.11 03:00:21.479,0.99824,0.99849,1.12,1.50
2016.10.11 03:00:21.530,0.99824,0.99846,1.12,1.00
2016.10.11 03:00:21.581,0.99824,0.99844,1.00,1.00
2016.10.11 03:00:21.631,0.99824,0.99844,1.00,1.00
2016.10.11 03:00:21.682,0.99817,0.99842,1.00,1.00
2016.10.11 03:00:21.783,0.9982,0.9984,1.00,1.00
2016.10.11 03:00:21.969,0.99822,0.99845,1.12,2.25
2016.10.11 03:00:22.019,0.99824,0.99846,1.12,1.00
2016.10.11 03:00:22.070,0.99824,0.99846,1.75,1.00
2016.10.11 03:00:22.121,0.99824,0.99846,1.75,1.00
2016.10.11 03:00:22.222,0.99824,0.9985,1.75,1.00
2016.10.11 03:00:22.273,0.99824,0.99851,2.25,1.00
2016.10.11 03:00:22.324,0.99824,0.99851,2.62,1.00
2016.10.11 03:00:22.425,0.99825,0.99851,1.75,1.00
2016.10.11 03:00:22.476,0.99825,0.99851,1.12,1.50
2016.10.11 03:00:22.527,0.99822,0.99851,2.25,1.50
2016.10.11 03:00:22.578,0.99822,0.99851,1.75,1.50
2016.10.11 03:00:22.682,0.99824,0.99851,1.50,1.50
2016.10.11 03:00:22.917,0.9982,0.99843,2.25,1.00
2016.10.11 03:00:22.968,0.99817,0.99843,1.12,1.12
2016.10.11 03:00:23.319,0.99816,0.99843,4.50,1.12
2016.10.11 03:00:23.370,0.99818,0.99842,1.12,1.00
2016.10.11 03:00:23.422,0.99817,0.99842,1.75,1.00
2016.10.11 03:00:23.472,0.99817,0.99842,1.50,1.12
2016.10.11 03:00:23.523,0.99817,0.99841,1.50,1.00
2016.10.11 03:00:24.230,0.99819,0.99841,1.87,1.00
2016.10.11 03:00:24.281,0.9982,0.99841,1.00,1.00
2016.10.11 03:00:24.332,0.9982,0.99844,1.00,1.00
2016.10.11 03:00:24.790,0.9982,0.99844,1.12,1.00
2016.10.11 03:00:24.891,0.99819,0.99844,1.87,1.00
2016.10.11 03:00:25.125,0.9982,0.99844,1.12,1.00
2016.10.11 03:00:25.176,0.99822,0.99847,1.12,1.50
2016.10.11 03:00:25.226,0.99822,0.99846,1.12,1.37
2016.10.11 03:00:25.328,0.99822,0.99847,1.12,1.50
2016.10.11 03:00:25.378,0.99821,0.99847,1.37,1.50
2016.10.11 03:00:25.581,0.9982,0.99847,1.50,2.25
2016.10.11 03:00:25.631,0.9982,0.99846,1.50,1.37
2016.10.11 03:00:25.998,0.99821,0.99846,1.37,1.37
2016.10.11 03:00:26.200,0.99821,0.99848,1.37,1.75
2016.10.11 03:00:26.301,0.99822,0.99847,1.00,1.50
2016.10.11 03:00:26.402,0.9982,0.99847,1.87,1.50
2016.10.11 03:00:26.873,0.99828,0.99851,1.12,1.12
2016.10.11 03:00:26.982,0.99826,0.99852,1.75,1.50
2016.10.11 03:00:27.033,0.99826,0.99851,1.87,1.12
2016.10.11 03:00:27.084,0.99826,0.99851,1.87,1.12
2016.10.11 03:00:27.134,0.99826,0.99851,1.75,1.12
2016.10.11 03:00:27.185,0.99828,0.99851,1.12,1.12
2016.10.11 03:00:27.287,0.99829,0.99851,1.00,1.12
2016.10.11 03:00:27.388,0.99826,0.99851,1.75,1.12
2016.10.11 03:00:28.354,0.99826,0.99851,1.75,1.12
2016.10.11 03:00:28.455,0.99826,0.99851,1.75,1.00
2016.10.11 03:00:28.506,0.99827,0.99851,2.25,1.00
2016.10.11 03:00:28.557,0.99827,0.99851,2.25,1.00
2016.10.11 03:00:28.608,0.99824,0.99852,2.62,1.00
2016.10.11 03:00:28.798,0.99824,0.99848,2.62,1.00
2016.10.11 03:00:28.849,0.99819,0.99848,1.75,1.75
2016.10.11 03:00:28.900,0.99819,0.99846,1.12,1.75
2016.10.11 03:00:29.104,0.99819,0.99846,1.12,2.25
2016.10.11 03:00:29.205,0.9982,0.99846,1.50,1.75
2016.10.11 03:00:29.307,0.99819,0.99846,1.87,2.25
2016.10.11 03:00:29.708,0.99821,0.99846,1.00,1.75
2016.10.11 03:00:29.759,0.9982,0.99847,1.87,1.75
2016.10.11 03:00:29.810,0.9982,0.99846,1.87,1.12
2016.10.11 03:00:29.861,0.9982,0.99846,1.87,1.12
2016.10.11 03:00:30.040,0.9982,0.99846,1.87,1.00
2016.10.11 03:00:30.103,0.99826,0.99847,1.00,1.00
2016.10.11 03:00:30.255,0.99824,0.99847,1.87,1.00
2016.10.11 03:00:30.306,0.99824,0.99847,1.87,1.00
2016.10.11 03:00:30.407,0.99825,0.99852,1.87,1.12
2016.10.11 03:00:30.508,0.99824,0.99851,1.75,1.00
2016.10.11 03:00:30.813,0.99828,0.99851,1.50,1.00
2016.10.11 03:00:31.050,0.99828,0.99857,1.75,1.75
2016.10.11 03:00:31.101,0.99826,0.99856,2.62,1.75
2016.10.11 03:00:31.204,0.99827,0.99852,1.00,1.00
2016.10.11 03:00:31.255,0.99827,0.99852,1.00,1.50
2016.10.11 03:00:31.306,0.99827,0.99852,1.00,1.50
2016.10.11 03:00:32.293,0.99827,0.99851,1.00,1.00
2016.10.11 03:00:32.344,0.99827,0.99851,1.00,1.00
2016.10.11 03:00:32.395,0.99825,0.99851,2.62,1.00
2016.10.11 03:00:32.445,0.99826,0.99851,1.75,1.00
2016.10.11 03:00:32.597,0.99826,0.99852,1.75,1.00
2016.10.11 03:00:32.648,0.99826,0.99856,1.75,1.75
2016.10.11 03:00:32.698,0.9983,0.99856,1.75,1.12
2016.10.11 03:00:32.749,0.9983,0.9986,1.75,1.87
2016.10.11 03:00:32.850,0.9983,0.99857,1.75,1.37
2016.10.11 03:00:32.952,0.9983,0.99851,1.75,1.00
2016.10.11 03:00:33.516,0.99829,0.99851,1.75,1.00
2016.10.11 03:00:33.613,0.99827,0.99851,1.75,1.00
2016.10.11 03:00:33.667,0.99827,0.99851,1.75,1.00
2016.10.11 03:00:33.718,0.99825,0.99852,2.62,1.12
2016.10.11 03:00:33.768,0.99823,0.99852,5.25,1.50
2016.10.11 03:00:33.819,0.99823,0.99852,2.62,2.25
2016.10.11 03:00:33.871,0.9982,0.99852,1.12,2.25
2016.10.11 03:00:33.921,0.99822,0.99851,1.87,1.75
2016.10.11 03:00:33.972,0.99822,0.99851,3.75,1.37
2016.10.11 03:00:34.024,0.99822,0.99846,3.75,1.00
2016.10.11 03:00:34.127,0.99822,0.99846,3.75,1.00
2016.10.11 03:00:34.457,0.99825,0.99847,2.62,1.00
2016.10.11 03:00:34.508,0.99825,0.99846,3.37,1.00
2016.10.11 03:00:34.609,0.99826,0.99846,1.12,1.00
2016.10.11 03:00:34.660,0.99826,0.99851,1.12,1.00
2016.10.11 03:00:34.712,0.99825,0.99851,3.37,1.00
2016.10.11 03:00:34.915,0.99826,0.99851,1.75,1.00
2016.10.11 03:00:34.966,0.99826,0.99856,1.75,1.87
2016.10.11 03:00:35.017,0.99826,0.99856,1.75,1.87
2016.10.11 03:00:35.118,0.99828,0.99851,1.00,1.00
2016.10.11 03:00:35.313,0.99828,0.99846,1.00,1.00
2016.10.11 03:00:35.845,0.99828,0.99847,1.00,1.00
2016.10.11 03:00:36.364,0.99828,0.99846,1.00,1.00
2016.10.11 03:00:36.465,0.99822,0.99846,3.75,1.00
2016.10.11 03:00:36.516,0.99821,0.99846,2.62,1.00
2016.10.11 03:00:36.752,0.99821,0.99849,2.25,1.50
2016.10.11 03:00:36.848,0.99817,0.99841,3.75,1.00
2016.10.11 03:00:36.898,0.99817,0.99841,1.87,1.00
2016.10.11 03:00:36.949,0.99816,0.99841,1.12,1.00
2016.10.11 03:00:37.050,0.99816,0.99841,1.75,1.00
2016.10.11 03:00:37.252,0.99814,0.99841,1.12,1.00
2016.10.11 03:00:37.303,0.99814,0.99841,1.12,1.12
2016.10.11 03:00:37.455,0.99814,0.99842,1.12,1.50
2016.10.11 03:00:37.506,0.99814,0.99842,1.12,1.50
2016.10.11 03:00:37.556,0.99815,0.99842,1.37,1.50
2016.10.11 03:00:37.894,0.99815,0.99842,1.37,1.50
2016.10.11 03:00:38.037,0.99814,0.99841,1.12,1.12
2016.10.11 03:00:38.277,0.99814,0.99841,1.12,1.12
2016.10.11 03:00:40.811,0.99814,0.99841,1.12,1.12
2016.10.11 03:00:42.115,0.99814,0.99841,1.12,1.12
2016.10.11 03:00:42.485,0.99814,0.99841,1.12,1.12
2016.10.11 03:00:42.536,0.99815,0.99841,1.37,1.12
2016.10.11 03:00:42.637,0.99813,0.99843,1.87,1.75
2016.10.11 03:00:42.688,0.99813,0.99841,1.12,2.62
2016.10.11 03:00:43.242,0.99809,0.99837,1.00,3.00
2016.10.11 03:00:43.293,0.99804,0.99832,1.12,1.12
2016.10.11 03:00:43.445,0.99806,0.99832,1.37,1.12
2016.10.11 03:00:43.722,0.99805,0.99832,1.12,1.12
2016.10.11 03:00:43.919,0.99805,0.99832,1.12,1.12
2016.10.11 03:00:43.970,0.99804,0.99832,1.12,1.12
2016.10.11 03:00:44.200,0.99804,0.99832,1.12,1.12
2016.10.11 03:00:45.674,0.99804,0.99836,1.12,1.75
2016.10.11 03:00:45.831,0.99804,0.99831,1.12,1.00
2016.10.11 03:00:45.966,0.99805,0.99831,1.12,1.00
2016.10.11 03:00:46.376,0.99806,0.99831,1.37,1.00
2016.10.11 03:00:46.477,0.99806,0.99835,1.37,1.75
2016.10.11 03:00:46.527,0.99807,0.99835,2.25,1.75
2016.10.11 03:00:46.578,0.99807,0.99831,2.25,1.00
2016.10.11 03:00:46.798,0.99807,0.9983,1.87,1.00
2016.10.11 03:00:48.095,0.99807,0.9983,1.87,1.00
2016.10.11 03:00:48.146,0.99806,0.9983,1.00,1.00
2016.10.11 03:00:48.197,0.99806,0.9983,1.00,1.00
2016.10.11 03:00:49.797,0.99806,0.9983,1.00,1.00
2016.10.11 03:00:49.848,0.99806,0.9983,1.00,1.00
2016.10.11 03:00:49.899,0.99806,0.9983,1.00,1.00
2016.10.11 03:00:50.051,0.99806,0.9983,1.00,1.00
2016.10.11 03:00:50.102,0.99806,0.9983,1.00,1.00
2016.10.11 03:00:50.316,0.99803,0.99829,1.50,2.62
2016.10.11 03:00:50.367,0.99797,0.99827,2.47,1.75
2016.10.11 03:00:50.469,0.998,0.99829,1.12,3.37
2016.10.11 03:00:50.520,0.99804,0.99829,1.00,1.50
2016.10.11 03:00:50.571,0.99804,0.99829,1.50,1.00
2016.10.11 03:00:50.622,0.99807,0.99831,1.00,1.00
2016.10.11 03:00:51.453,0.99807,0.99836,3.75,1.75
2016.10.11 03:00:51.504,0.99808,0.99836,2.62,1.12
2016.10.11 03:00:51.555,0.9981,0.99836,1.12,1.12
2016.10.11 03:00:51.606,0.99817,0.99836,1.00,1.00
2016.10.11 03:00:51.910,0.99814,0.99836,1.12,1.00
2016.10.11 03:00:52.155,0.99814,0.99841,1.12,1.75
2016.10.11 03:00:52.206,0.99803,0.99835,1.75,3.37
2016.10.11 03:00:52.256,0.99802,0.99831,3.00,1.50
2016.10.11 03:00:52.307,0.99802,0.99831,1.12,1.50
2016.10.11 03:00:52.358,0.998,0.99831,3.75,1.50
2016.10.11 03:00:52.459,0.998,0.99833,3.75,3.37
2016.10.11 03:00:52.662,0.998,0.99831,3.75,1.50
2016.10.11 03:00:52.713,0.998,0.99831,3.75,1.50
2016.10.11 03:00:52.966,0.998,0.99826,3.75,1.00
2016.10.11 03:00:53.262,0.99801,0.99827,1.75,1.00
2016.10.11 03:00:53.313,0.99803,0.99827,1.00,1.00
2016.10.11 03:00:53.869,0.99803,0.99828,1.00,1.00
2016.10.11 03:00:53.970,0.99803,0.99827,1.00,1.00
2016.10.11 03:00:54.448,0.99803,0.99828,1.00,1.00
2016.10.11 03:00:54.751,0.99803,0.99826,1.00,1.00
2016.10.11 03:00:54.802,0.99798,0.99826,3.75,1.37
2016.10.11 03:00:54.853,0.99798,0.99826,1.87,1.37
2016.10.11 03:00:55.351,0.99799,0.99826,1.12,1.00
2016.10.11 03:00:55.401,0.998,0.99826,1.12,1.00
2016.10.11 03:00:55.503,0.99799,0.99826,1.12,1.00
2016.10.11 03:00:56.337,0.99799,0.99826,1.87,1.00
2016.10.11 03:00:56.438,0.99799,0.99826,1.87,1.00
2016.10.11 03:00:56.539,0.99799,0.99826,1.87,1.50
2016.10.11 03:00:56.641,0.99799,0.99826,1.87,1.50
2016.10.11 03:00:56.692,0.99799,0.99826,1.75,1.50
2016.10.11 03:00:56.783,0.99799,0.99827,1.75,1.75
2016.10.11 03:00:56.884,0.99799,0.99829,1.75,1.75
2016.10.11 03:00:57.169,0.99799,0.99826,1.75,1.50
2016.10.11 03:00:58.104,0.99799,0.99827,1.75,1.75
2016.10.11 03:00:58.253,0.99799,0.99826,1.75,1.50
2016.10.11 03:00:58.925,0.99799,0.99826,1.75,1.50
2016.10.11 03:01:00.570,0.99801,0.99826,1.37,1.50
2016.10.11 03:01:00.671,0.99801,0.99828,1.37,1.75
2016.10.11 03:01:00.723,0.99802,0.99829,1.12,1.75
2016.10.11 03:01:00.774,0.99802,0.9983,2.25,2.62
2016.10.11 03:01:01.015,0.99808,0.99831,1.00,1.37
2016.10.11 03:01:01.066,0.99805,0.99831,1.75,1.37
2016.10.11 03:01:01.221,0.99805,0.99832,1.75,2.25
2016.10.11 03:01:01.272,0.99804,0.99832,2.25,2.25
2016.10.11 03:01:01.323,0.99805,0.99832,3.37,1.00
2016.10.11 03:01:01.374,0.99805,0.99831,4.12,1.00
2016.10.11 03:01:01.426,0.99808,0.99831,1.50,1.00
2016.10.11 03:01:01.476,0.9981,0.99831,1.12,1.00
2016.10.11 03:01:01.527,0.99811,0.99831,1.75,1.00
2016.10.11 03:01:01.578,0.99812,0.99832,1.50,1.00
2016.10.11 03:01:01.629,0.99812,0.99832,1.75,1.00
2016.10.11 03:01:02.052,0.9981,0.99836,1.75,1.12
2016.10.11 03:01:02.324,0.99809,0.99836,4.12,1.12
2016.10.11 03:01:02.626,0.99809,0.99836,3.37,1.87
2016.10.11 03:01:02.677,0.99809,0.99831,3.37,1.00
2016.10.11 03:01:02.728,0.99809,0.99831,1.75,1.00
2016.10.11 03:01:02.779,0.9981,0.99831,1.50,1.00
2016.10.11 03:01:03.164,0.9981,0.99831,1.50,1.00
2016.10.11 03:01:03.215,0.99807,0.99831,1.75,1.00
2016.10.11 03:01:03.266,0.99807,0.99831,1.75,1.00
2016.10.11 03:01:03.316,0.99803,0.99831,2.62,1.37
2016.10.11 03:01:03.367,0.99801,0.99826,3.75,1.00
2016.10.11 03:01:03.419,0.99802,0.99826,1.87,1.00
2016.10.11 03:01:03.520,0.99804,0.99826,1.00,1.00
2016.10.11 03:01:03.571,0.99802,0.99826,1.87,1.00
2016.10.11 03:01:03.677,0.99802,0.99828,1.87,1.50
2016.10.11 03:01:03.914,0.99802,0.99829,1.87,1.75
2016.10.11 03:01:04.117,0.99802,0.99829,1.75,1.75
2016.10.11 03:01:04.210,0.99802,0.99829,1.75,1.37
2016.10.11 03:01:04.261,0.99802,0.99829,1.75,1.00
2016.10.11 03:01:04.311,0.99802,0.99829,1.87,1.00
2016.10.11 03:01:04.413,0.99804,0.99829,1.00,1.37
2016.10.11 03:01:04.463,0.99802,0.99829,1.75,1.75
2016.10.11 03:01:04.880,0.99802,0.99831,1.75,1.87
2016.10.11 03:01:04.930,0.99805,0.99831,1.12,1.00
2016.10.11 03:01:04.981,0.99806,0.99831,1.87,1.00
2016.10.11 03:01:05.163,0.99806,0.99831,1.87,1.00
2016.10.11 03:01:05.214,0.99809,0.99831,1.00,1.00
2016.10.11 03:01:05.517,0.99809,0.99831,1.12,1.00
2016.10.11 03:01:05.568,0.99809,0.99836,1.37,2.25
2016.10.11 03:01:05.619,0.99809,0.99836,1.75,2.25
2016.10.11 03:01:05.722,0.99812,0.99836,1.00,1.00
2016.10.11 03:01:05.773,0.9981,0.99837,4.50,1.12
2016.10.11 03:01:05.824,0.99814,0.99837,1.00,1.00
2016.10.11 03:01:06.162,0.99811,0.99837,1.37,1.00
2016.10.11 03:01:06.213,0.99809,0.99836,1.87,1.00
2016.10.11 03:01:06.678,0.99809,0.99832,1.87,1.00
2016.10.11 03:01:06.729,0.99809,0.99831,1.50,1.00
2016.10.11 03:01:06.953,0.99809,0.99832,1.00,2.25
2016.10.11 03:01:07.006,0.99807,0.99832,1.00,2.25
2016.10.11 03:01:09.272,0.99807,0.99831,1.00,1.00
2016.10.11 03:01:11.661,0.99807,0.99831,1.00,1.50
2016.10.11 03:01:11.712,0.99807,0.99831,1.12,1.50
2016.10.11 03:01:11.876,0.99807,0.99831,1.12,1.50
2016.10.11 03:01:12.201,0.99807,0.99831,1.12,1.00
2016.10.11 03:01:12.302,0.99807,0.99831,1.12,1.00
2016.10.11 03:01:12.353,0.99807,0.99832,1.12,1.50
2016.10.11 03:01:12.689,0.99807,0.99832,1.00,1.50
2016.10.11 03:01:12.739,0.99804,0.99831,1.12,1.75
2016.10.11 03:01:12.790,0.99804,0.99831,1.12,1.37
2016.10.11 03:01:12.841,0.99807,0.99831,1.37,1.00
2016.10.11 03:01:12.891,0.99807,0.99834,1.12,1.37
2016.10.11 03:01:12.942,0.99808,0.99836,1.50,1.75
2016.10.11 03:01:12.993,0.9981,0.99837,2.62,1.87
2016.10.11 03:01:13.044,0.99816,0.99837,1.00,1.00
2016.10.11 03:01:13.253,0.99813,0.99837,1.75,1.00
2016.10.11 03:01:13.304,0.99813,0.99837,1.87,1.00
2016.10.11 03:01:13.355,0.99817,0.99837,1.00,1.00
2016.10.11 03:01:13.794,0.99817,0.99837,1.00,1.00
2016.10.11 03:01:13.997,0.99812,0.99837,2.62,1.00
2016.10.11 03:01:14.048,0.9981,0.99835,1.75,1.00
2016.10.11 03:01:14.099,0.99807,0.99831,3.00,1.00
2016.10.11 03:01:14.149,0.99808,0.99831,1.37,1.00
2016.10.11 03:01:14.200,0.99809,0.99831,1.87,1.00
2016.10.11 03:01:14.302,0.99811,0.99836,1.12,1.00
2016.10.11 03:01:14.804,0.99812,0.99836,1.12,1.00
2016.10.11 03:01:15.312,0.9981,0.99836,1.12,1.00
2016.10.11 03:01:15.646,0.9981,0.99836,1.87,1.00
2016.10.11 03:01:15.923,0.99816,0.99841,1.37,1.37
2016.10.11 03:01:15.974,0.99817,0.99841,1.50,1.00
2016.10.11 03:01:16.024,0.99817,0.99841,2.25,1.00
2016.10.11 03:01:16.126,0.99817,0.99841,1.75,1.00
2016.10.11 03:01:16.278,0.99816,0.99841,2.62,1.00
2016.10.11 03:01:16.329,0.99816,0.99841,2.25,1.00
2016.10.11 03:01:16.481,0.99816,0.99841,1.75,1.00
2016.10.11 03:01:16.532,0.99816,0.99842,1.75,1.12
2016.10.11 03:01:16.813,0.99813,0.99841,4.12,1.12
2016.10.11 03:01:16.917,0.99813,0.99841,4.12,1.12
2016.10.11 03:01:17.018,0.99813,0.99841,3.37,1.12
2016.10.11 03:01:17.120,0.99813,0.99841,4.12,1.12
2016.10.11 03:01:17.440,0.99813,0.99836,4.12,1.00
2016.10.11 03:01:17.491,0.99813,0.99836,2.25,1.00
2016.10.11 03:01:18.221,0.99813,0.99836,1.75,1.00
2016.10.11 03:01:18.322,0.99811,0.99836,2.62,1.00
2016.10.11 03:01:18.474,0.9981,0.99836,4.12,1.00
2016.10.11 03:01:18.823,0.99811,0.99839,1.75,1.75
2016.10.11 03:01:18.925,0.9981,0.99839,4.12,1.75
2016.10.11 03:01:18.975,0.9981,0.99839,3.37,1.75
2016.10.11 03:01:19.026,0.9981,0.99837,3.37,1.12
2016.10.11 03:01:19.077,0.9981,0.99837,3.37,1.50
2016.10.11 03:01:19.127,0.99811,0.99837,1.75,1.50
2016.10.11 03:01:19.178,0.99811,0.99837,1.75,1.37
2016.10.11 03:01:19.229,0.9981,0.99837,2.25,1.37
2016.10.11 03:01:19.279,0.99814,0.99837,1.00,1.00
2016.10.11 03:01:19.680,0.99814,0.99837,1.00,1.00
2016.10.11 03:01:20.651,0.99814,0.99836,1.00,1.00
2016.10.11 03:01:20.718,0.99814,0.99836,1.00,1.00
2016.10.11 03:01:20.769,0.99814,0.99837,1.00,1.50
2016.10.11 03:01:21.189,0.99814,0.99832,1.00,1.00
2016.10.11 03:01:21.291,0.99814,0.99836,1.00,1.00
2016.10.11 03:01:21.341,0.99814,0.99831,1.00,1.00
2016.10.11 03:01:21.798,0.99814,0.99835,1.00,1.00
2016.10.11 03:01:22.207,0.99814,0.99831,1.00,1.00
2016.10.11 03:01:22.308,0.99814,0.99831,1.00,1.00
2016.10.11 03:01:22.510,0.99814,0.99837,1.00,1.50
2016.10.11 03:01:22.561,0.99814,0.99835,1.00,1.00
2016.10.11 03:01:23.097,0.99814,0.99831,1.00,1.00
2016.10.11 03:01:23.198,0.99814,0.99836,1.00,1.00
2016.10.11 03:01:24.035,0.99813,0.99836,1.75,1.00
2016.10.11 03:01:24.086,0.99813,0.99837,1.50,1.00
2016.10.11 03:01:24.136,0.99814,0.99836,1.37,1.00
2016.10.11 03:01:24.187,0.99814,0.99836,1.50,1.00
2016.10.11 03:01:24.413,0.99815,0.99836,1.00,1.00
2016.10.11 03:01:24.515,0.99813,0.99836,1.00,1.00
2016.10.11 03:01:24.565,0.99813,0.99834,1.00,1.00
2016.10.11 03:01:24.868,0.99813,0.99831,1.00,1.00
2016.10.11 03:01:25.092,0.99813,0.99831,1.00,1.00
2016.10.11 03:01:25.850,0.99813,0.99834,1.00,1.00
2016.10.11 03:01:26.002,0.9981,0.99834,1.75,1.00
2016.10.11 03:01:26.103,0.99815,0.99831,1.00,1.00
2016.10.11 03:01:26.907,0.9981,0.99831,1.75,1.00
2016.10.11 03:01:27.510,0.99811,0.99832,1.75,1.00
2016.10.11 03:01:27.570,0.9981,0.99832,3.37,1.00
2016.10.11 03:01:27.621,0.99813,0.99833,1.00,1.00
2016.10.11 03:01:27.672,0.99813,0.99835,1.00,1.00
2016.10.11 03:01:28.307,0.99813,0.99832,1.00,1.00
2016.10.11 03:01:28.625,0.99813,0.99835,1.00,1.00
2016.10.11 03:01:28.676,0.99814,0.99837,1.37,1.00
2016.10.11 03:01:28.727,0.99817,0.99836,1.00,1.00
2016.10.11 03:01:28.979,0.99815,0.99836,3.37,1.00
2016.10.11 03:01:29.030,0.99819,0.99842,1.75,1.00
2016.10.11 03:01:29.081,0.99824,0.99842,1.37,1.00
2016.10.11 03:01:29.132,0.99824,0.99842,1.75,1.00
2016.10.11 03:01:29.416,0.99822,0.99842,1.00,1.00
2016.10.11 03:01:29.517,0.99822,0.99842,1.00,1.00
2016.10.11 03:01:32.051,0.99822,0.99841,1.00,1.00
2016.10.11 03:01:32.152,0.99822,0.99846,1.00,1.50
2016.10.11 03:01:32.203,0.99822,0.99845,1.00,1.00
2016.10.11 03:01:32.359,0.99822,0.99837,1.00,1.00
2016.10.11 03:01:32.561,0.99822,0.99842,1.00,1.00
2016.10.11 03:01:32.612,0.99819,0.99842,1.50,1.00
2016.10.11 03:01:32.815,0.99819,0.99842,1.75,1.00
2016.10.11 03:01:33.012,0.99819,0.99837,1.75,1.00
2016.10.11 03:01:33.062,0.99819,0.99841,1.75,1.00
2016.10.11 03:01:33.597,0.9982,0.99841,1.75,1.00
2016.10.11 03:01:34.283,0.9982,0.99842,1.75,1.00
2016.10.11 03:01:34.334,0.9982,0.99837,1.75,1.00
2016.10.11 03:01:34.892,0.99819,0.99837,1.75,1.00
2016.10.11 03:01:35.452,0.99819,0.99841,1.75,1.00
2016.10.11 03:01:35.987,0.99817,0.99842,3.37,1.00
2016.10.11 03:01:36.038,0.99817,0.99842,1.75,1.00
2016.10.11 03:01:37.353,0.99817,0.99842,1.12,1.00
2016.10.11 03:01:38.154,0.99816,0.99836,2.25,1.00
2016.10.11 03:01:38.664,0.99817,0.99842,1.75,1.00
2016.10.11 03:01:38.870,0.99816,0.99842,3.00,1.00
2016.10.11 03:01:39.096,0.99817,0.99842,1.12,1.00
2016.10.11 03:01:39.298,0.99818,0.99842,3.00,1.00
2016.10.11 03:01:39.349,0.99819,0.99842,1.12,1.00
2016.10.11 03:01:39.591,0.9982,0.99842,1.50,1.00
2016.10.11 03:01:40.601,0.99819,0.99842,1.75,1.00
2016.10.11 03:01:40.702,0.9982,0.99842,1.87,1.00
2016.10.11 03:01:40.960,0.99822,0.99849,1.87,1.37
2016.10.11 03:01:41.011,0.99825,0.99853,2.62,1.37
2016.10.11 03:01:41.062,0.99826,0.99853,1.75,1.00
2016.10.11 03:01:41.113,0.99826,0.99855,1.75,1.37
2016.10.11 03:01:41.215,0.99828,0.99856,1.75,1.50
2016.10.11 03:01:41.513,0.99831,0.99856,1.12,1.50
2016.10.11 03:01:42.189,0.99823,0.99848,1.50,1.00
2016.10.11 03:01:42.263,0.99823,0.99848,1.50,1.00
2016.10.11 03:01:42.314,0.99821,0.99846,1.00,1.00
2016.10.11 03:01:42.364,0.99821,0.99846,1.12,1.50
2016.10.11 03:01:42.415,0.99823,0.99846,1.00,1.00
2016.10.11 03:01:42.466,0.99823,0.99846,1.00,1.00
2016.10.11 03:01:42.518,0.99822,0.99846,1.75,1.00
2016.10.11 03:01:43.048,0.99823,0.99846,1.75,1.00
2016.10.11 03:01:45.833,0.99823,0.99842,1.75,1.00
2016.10.11 03:01:46.078,0.99823,0.99847,1.75,1.00
2016.10.11 03:01:48.839,0.99823,0.99847,1.75,1.00
2016.10.11 03:01:48.889,0.99826,0.99847,1.00,1.00
2016.10.11 03:01:48.940,0.99826,0.99851,1.50,1.00
2016.10.11 03:01:48.991,0.99827,0.99851,1.12,1.00
2016.10.11 03:01:49.436,0.99827,0.99851,3.37,1.00
2016.10.11 03:01:49.490,0.99829,0.99846,1.75,1.00
2016.10.11 03:01:49.972,0.99829,0.99851,1.75,1.00
2016.10.11 03:01:50.568,0.9983,0.99852,1.50,1.00
2016.10.11 03:01:51.289,0.99831,0.99852,1.37,1.00
2016.10.11 03:01:51.789,0.99829,0.99852,1.75,1.00
2016.10.11 03:01:53.536,0.99831,0.99852,1.37,1.00
2016.10.11 03:01:54.389,0.99833,0.99852,1.00,1.00
2016.10.11 03:01:54.443,0.99833,0.99852,1.37,1.00
2016.10.11 03:01:54.597,0.99831,0.99852,2.25,1.00
2016.10.11 03:01:55.004,0.99831,0.99851,1.75,1.00
2016.10.11 03:01:55.601,0.99831,0.99852,1.75,1.00
2016.10.11 03:01:56.555,0.99831,0.99852,1.75,1.00
2016.10.11 03:01:56.606,0.99831,0.99852,1.75,1.00
2016.10.11 03:01:56.805,0.99831,0.99852,2.25,1.00
2016.10.11 03:01:56.912,0.99831,0.99851,2.25,1.00
2016.10.11 03:01:56.963,0.99831,0.99851,2.25,1.00
2016.10.11 03:01:57.551,0.99832,0.99851,1.75,1.00
2016.10.11 03:01:57.708,0.99831,0.99851,2.25,1.00
2016.10.11 03:02:00.398,0.99833,0.99851,1.50,1.00
2016.10.11 03:02:02.316,0.99834,0.99851,1.12,1.00
2016.10.11 03:02:02.468,0.99834,0.99851,1.75,1.00
2016.10.11 03:02:02.570,0.99834,0.99857,1.75,1.00
2016.10.11 03:02:02.772,0.99833,0.99852,1.75,1.00
2016.10.11 03:02:02.873,0.99837,0.99852,1.00,1.00
2016.10.11 03:02:02.975,0.99837,0.99856,1.00,1.00
2016.10.11 03:02:03.390,0.99837,0.99851,1.00,1.00
2016.10.11 03:02:06.528,0.99831,0.99851,1.75,1.00
2016.10.11 03:02:06.579,0.99831,0.99856,1.75,1.12
2016.10.11 03:02:06.680,0.99831,0.99851,1.75,1.00
2016.10.11 03:02:06.888,0.99831,0.99856,1.75,1.12
2016.10.11 03:02:07.040,0.99833,0.99856,1.37,1.12
2016.10.11 03:02:12.794,0.99834,0.99857,1.00,1.37
2016.10.11 03:02:12.896,0.99833,0.99857,1.87,1.00
2016.10.11 03:02:14.457,0.99834,0.99857,1.37,1.00
2016.10.11 03:02:14.558,0.99833,0.99857,1.75,1.00
2016.10.11 03:02:14.948,0.99834,0.99857,1.37,1.00
2016.10.11 03:02:14.998,0.99834,0.99861,1.12,1.12
2016.10.11 03:02:15.049,0.99836,0.99862,1.37,1.12
2016.10.11 03:02:15.100,0.99839,0.99862,1.00,1.00
2016.10.11 03:02:15.150,0.99836,0.99862,1.50,1.37
2016.10.11 03:02:15.360,0.9984,0.99861,1.37,1.00
2016.10.11 03:02:15.411,0.9984,0.99861,1.50,1.00
2016.10.11 03:02:15.618,0.99841,0.99857,1.37,1.00
2016.10.11 03:02:15.675,0.99841,0.99861,1.37,1.00
2016.10.11 03:02:15.843,0.99841,0.99861,1.00,1.00
2016.10.11 03:02:16.369,0.99842,0.99861,1.00,1.00
2016.10.11 03:02:16.826,0.99843,0.99861,1.00,1.00
2016.10.11 03:02:17.761,0.99842,0.99862,1.00,1.00
2016.10.11 03:02:18.275,0.99843,0.99862,1.00,1.00
2016.10.11 03:02:18.790,0.99842,0.99861,1.00,1.00
2016.10.11 03:02:18.841,0.99844,0.99861,1.00,1.00
2016.10.11 03:02:23.629,0.99844,0.99862,1.00,1.00
2016.10.11 03:02:24.135,0.99844,0.99861,1.00,1.00
2016.10.11 03:02:26.527,0.99845,0.99861,1.00,1.00
2016.10.11 03:02:27.355,0.99844,0.99861,1.00,1.00
2016.10.11 03:02:27.700,0.99844,0.99867,1.00,1.50
2016.10.11 03:02:28.004,0.99845,0.99867,1.12,1.12
2016.10.11 03:02:28.055,0.99845,0.99867,1.12,1.00
2016.10.11 03:02:28.969,0.99845,0.99867,1.37,1.00
2016.10.11 03:02:29.019,0.99845,0.99867,1.75,1.00
2016.10.11 03:02:29.273,0.99846,0.99867,1.50,1.00
2016.10.11 03:02:30.844,0.99845,0.99867,1.75,1.00
2016.10.11 03:02:30.914,0.99845,0.99867,1.50,1.00
2016.10.11 03:02:30.965,0.99845,0.99867,1.12,1.00
2016.10.11 03:02:32.672,0.99845,0.99867,1.37,1.00
2016.10.11 03:02:32.723,0.99845,0.99867,1.75,1.00
2016.10.11 03:02:33.629,0.99845,0.99861,1.75,1.00
2016.10.11 03:02:33.681,0.99847,0.99861,1.00,1.00
2016.10.11 03:02:33.732,0.99846,0.99861,1.37,1.00
2016.10.11 03:02:33.782,0.99845,0.99861,1.50,1.00
2016.10.11 03:02:34.302,0.99845,0.99867,1.50,1.00
2016.10.11 03:02:34.796,0.99846,0.99867,1.37,1.00
2016.10.11 03:02:36.150,0.99846,0.99866,1.37,1.00
2016.10.11 03:02:36.205,0.99846,0.99861,1.37,1.00
2016.10.11 03:02:38.239,0.99846,0.99867,1.37,1.00
2016.10.11 03:02:38.745,0.99847,0.99866,1.00,1.00
2016.10.11 03:02:38.837,0.99847,0.99866,1.00,1.00
2016.10.11 03:02:38.938,0.99847,0.99866,1.50,1.00
2016.10.11 03:02:46.245,0.99847,0.99867,1.50,1.00
2016.10.11 03:02:50.043,0.99847,0.99866,1.50,1.00
2016.10.11 03:02:51.292,0.99847,0.99866,1.00,1.00
2016.10.11 03:02:52.291,0.99847,0.99866,1.00,1.00
2016.10.11 03:02:52.342,0.99848,0.99871,3.37,1.00
2016.10.11 03:02:52.393,0.99849,0.99871,1.12,1.00
2016.10.11 03:02:52.444,0.99847,0.99871,1.75,1.00
2016.10.11 03:02:52.494,0.9985,0.99871,1.37,1.00
2016.10.11 03:02:52.596,0.99851,0.99871,1.50,1.00
2016.10.11 03:02:52.646,0.99851,0.99876,1.50,1.50
2016.10.11 03:02:52.697,0.99851,0.99876,1.00,1.50
2016.10.11 03:02:52.919,0.99851,0.99876,1.50,1.50
2016.10.11 03:02:52.970,0.99851,0.99871,1.50,1.00
2016.10.11 03:02:55.098,0.99851,0.99871,1.00,1.00
2016.10.11 03:02:56.736,0.99851,0.99871,1.37,1.00
2016.10.11 03:02:56.992,0.99852,0.99871,1.50,1.00
2016.10.11 03:02:59.255,0.99852,0.99872,1.50,1.00
2016.10.11 03:03:00.985,0.99853,0.99872,1.12,1.00
2016.10.11 03:03:02.012,0.99853,0.9988,1.12,2.62
2016.10.11 03:03:03.450,0.99852,0.9988,1.50,3.37
2016.10.11 03:03:03.831,0.99853,0.99881,1.37,4.50
2016.10.11 03:03:03.881,0.99853,0.99881,1.50,2.62
2016.10.11 03:03:03.932,0.99853,0.99881,1.50,2.62
2016.10.11 03:03:04.033,0.99853,0.99879,1.50,1.12
2016.10.11 03:03:04.135,0.99853,0.99879,1.50,1.12
2016.10.11 03:03:04.291,0.99851,0.99879,1.75,1.12
2016.10.11 03:03:04.526,0.99851,0.99881,1.75,2.62
2016.10.11 03:03:04.577,0.99853,0.99871,1.50,1.00
2016.10.11 03:03:04.628,0.99856,0.99871,1.00,1.00
2016.10.11 03:03:04.729,0.99854,0.99871,2.25,1.00
2016.10.11 03:03:04.780,0.99858,0.99872,1.00,1.00
2016.10.11 03:03:04.831,0.99858,0.99872,1.00,1.00
2016.10.11 03:03:04.882,0.99859,0.99877,1.00,1.00
2016.10.11 03:03:04.933,0.99859,0.99877,1.12,1.00
2016.10.11 03:03:04.983,0.99861,0.99877,1.00,1.00
2016.10.11 03:03:05.034,0.99861,0.99877,1.00,1.00
2016.10.11 03:03:06.003,0.99861,0.99877,1.00,1.00
2016.10.11 03:03:07.107,0.99858,0.99877,1.50,1.00
2016.10.11 03:03:07.158,0.99857,0.99877,1.75,1.00
2016.10.11 03:03:07.208,0.99857,0.99877,1.37,1.37
2016.10.11 03:03:07.259,0.99852,0.99877,1.12,1.75
2016.10.11 03:03:07.310,0.99852,0.99877,1.50,1.37
2016.10.11 03:03:07.361,0.99852,0.99877,1.50,1.00
2016.10.11 03:03:07.412,0.9985,0.99877,1.87,1.37
2016.10.11 03:03:07.819,0.99851,0.99872,1.12,1.00
2016.10.11 03:03:08.170,0.99851,0.99877,1.12,1.75
2016.10.11 03:03:08.373,0.99851,0.99872,1.12,1.00
2016.10.11 03:03:08.472,0.9985,0.99872,1.50,1.00
2016.10.11 03:03:08.748,0.9985,0.99872,1.87,1.00
2016.10.11 03:03:08.983,0.9985,0.99872,1.50,1.00
2016.10.11 03:03:10.432,0.9985,0.99872,1.00,1.00
2016.10.11 03:03:12.376,0.99851,0.99872,1.00,1.00
2016.10.11 03:03:14.214,0.99853,0.99872,1.00,1.00
2016.10.11 03:03:16.780,0.99852,0.99872,1.00,1.00
2016.10.11 03:03:19.707,0.99851,0.99871,1.00,1.00
2016.10.11 03:03:19.758,0.99851,0.99871,1.12,1.00
2016.10.11 03:03:19.809,0.99849,0.99875,1.75,2.62
2016.10.11 03:03:20.041,0.99847,0.99867,1.00,1.00
2016.10.11 03:03:20.193,0.99843,0.99861,2.25,1.00
2016.10.11 03:03:20.244,0.99843,0.99861,2.25,1.00
2016.10.11 03:03:20.380,0.99843,0.99867,2.25,1.00
2016.10.11 03:03:20.532,0.99844,0.99867,1.50,1.00
2016.10.11 03:03:20.783,0.99846,0.99866,1.00,1.00
2016.10.11 03:03:20.834,0.99846,0.99866,1.37,1.00
2016.10.11 03:03:20.916,0.99847,0.99866,1.12,1.00
2016.10.11 03:03:20.966,0.99847,0.99871,1.12,1.37
2016.10.11 03:03:21.024,0.99847,0.99871,1.12,1.75
2016.10.11 03:03:21.075,0.99847,0.99866,1.00,1.00
2016.10.11 03:03:21.126,0.99845,0.99866,1.00,1.00
2016.10.11 03:03:21.750,0.99846,0.99866,1.00,1.00
2016.10.11 03:03:21.818,0.99846,0.99867,1.00,1.12
2016.10.11 03:03:21.985,0.99846,0.99866,1.00,1.00
2016.10.11 03:03:22.792,0.99845,0.99866,1.00,1.00
2016.10.11 03:03:23.089,0.99843,0.99866,1.50,1.00
2016.10.11 03:03:24.699,0.99843,0.99861,1.50,1.00
2016.10.11 03:03:27.873,0.99843,0.99866,1.50,1.00
2016.10.11 03:03:28.272,0.99843,0.99862,1.50,1.00
2016.10.11 03:03:28.901,0.99843,0.99866,1.50,1.00
2016.10.11 03:03:29.073,0.99843,0.99862,1.50,1.00
2016.10.11 03:03:29.910,0.99842,0.99862,1.75,1.00
2016.10.11 03:03:30.112,0.99846,0.99862,1.00,1.00
2016.10.11 03:03:30.163,0.99846,0.99862,1.12,1.00
2016.10.11 03:03:30.214,0.99845,0.99862,1.37,1.00
2016.10.11 03:03:30.265,0.99845,0.99871,1.37,1.50
2016.10.11 03:03:30.315,0.99843,0.99869,1.75,1.12
2016.10.11 03:03:30.366,0.99843,0.99869,1.00,1.75
2016.10.11 03:03:30.417,0.99843,0.99867,1.00,1.50
2016.10.11 03:03:30.468,0.99843,0.99867,1.50,1.00
2016.10.11 03:03:30.711,0.99847,0.99861,1.00,1.00
2016.10.11 03:03:30.762,0.99842,0.99861,1.50,1.00
2016.10.11 03:03:30.839,0.99847,0.99866,1.00,1.50
2016.10.11 03:03:30.890,0.99847,0.99866,1.00,1.00
2016.10.11 03:03:31.155,0.99851,0.99872,1.00,1.00
2016.10.11 03:03:31.413,0.99853,0.99872,1.00,1.00
2016.10.11 03:03:32.891,0.99854,0.99872,1.00,1.00
2016.10.11 03:03:33.416,0.99854,0.99871,1.00,1.00
2016.10.11 03:03:33.977,0.99854,0.99872,1.00,1.00
2016.10.11 03:03:34.810,0.99852,0.99872,1.00,1.00
2016.10.11 03:03:34.861,0.99852,0.99876,1.00,1.75
2016.10.11 03:03:34.963,0.99852,0.99876,1.37,1.37
2016.10.11 03:03:35.014,0.99852,0.99876,1.75,1.00
2016.10.11 03:03:35.065,0.99852,0.99877,1.37,1.00
2016.10.11 03:03:35.115,0.99854,0.99881,1.00,3.37
2016.10.11 03:03:35.222,0.99854,0.99872,1.00,1.00
2016.10.11 03:03:36.166,0.99854,0.99876,1.00,1.37
2016.10.11 03:03:37.351,0.99854,0.99872,1.00,1.00
2016.10.11 03:03:37.967,0.99854,0.99876,1.00,1.37
2016.10.11 03:03:38.240,0.99854,0.99871,1.00,1.00
2016.10.11 03:03:39.142,0.99852,0.99871,1.12,1.00
2016.10.11 03:03:39.315,0.99855,0.99871,1.00,1.00
2016.10.11 03:03:39.941,0.99853,0.99871,1.00,1.00
2016.10.11 03:03:40.534,0.99853,0.99872,1.00,1.00
2016.10.11 03:03:40.846,0.99853,0.99877,1.00,1.50
2016.10.11 03:03:40.947,0.99853,0.99872,1.00,1.00
2016.10.11 03:03:41.948,0.99853,0.99876,1.00,1.37
2016.10.11 03:03:42.050,0.99853,0.99872,1.00,1.00
2016.10.11 03:03:42.585,0.99853,0.99871,1.00,1.00
2016.10.11 03:03:42.636,0.99854,0.99876,1.00,1.37
2016.10.11 03:03:42.687,0.99854,0.99876,1.12,1.00
2016.10.11 03:03:42.737,0.99857,0.99876,1.00,1.00
2016.10.11 03:03:42.838,0.99859,0.99876,1.00,1.00
2016.10.11 03:03:42.939,0.99857,0.99876,1.00,1.00
2016.10.11 03:03:43.600,0.99855,0.99876,1.00,1.00
2016.10.11 03:03:44.915,0.99855,0.99876,1.12,1.00
2016.10.11 03:03:44.966,0.99857,0.99876,1.12,1.00
2016.10.11 03:03:45.016,0.99857,0.99876,1.00,1.00
2016.10.11 03:03:45.067,0.99855,0.99876,1.37,1.00
2016.10.11 03:03:45.118,0.99855,0.99876,1.00,1.00
2016.10.11 03:03:46.491,0.99856,0.99876,1.00,1.00
2016.10.11 03:03:47.160,0.99855,0.99876,1.00,1.00
2016.10.11 03:03:47.510,0.99857,0.99876,1.00,1.00
2016.10.11 03:03:49.612,0.99856,0.99876,1.00,1.00
2016.10.11 03:03:50.437,0.99857,0.99876,1.00,1.00
2016.10.11 03:03:50.976,0.99856,0.99876,1.00,1.00
2016.10.11 03:03:52.368,0.99857,0.99876,1.00,1.00
2016.10.11 03:03:53.573,0.99856,0.99877,1.00,1.50
2016.10.11 03:03:53.674,0.99854,0.99877,1.00,1.50
2016.10.11 03:03:53.776,0.99857,0.99877,1.00,1.50
2016.10.11 03:03:54.744,0.99855,0.99877,1.00,1.50
2016.10.11 03:03:54.795,0.99855,0.99872,1.00,1.00
2016.10.11 03:03:54.896,0.99855,0.99876,1.00,1.00
2016.10.11 03:03:54.946,0.99857,0.99876,1.00,1.00
2016.10.11 03:03:55.845,0.99859,0.99876,1.00,1.00
2016.10.11 03:03:57.435,0.99858,0.99876,1.00,1.00
2016.10.11 03:03:57.949,0.99855,0.99876,1.00,1.00
2016.10.11 03:03:58.412,0.99857,0.99876,1.00,1.00
2016.10.11 03:04:00.184,0.99858,0.99876,1.00,1.00
2016.10.11 03:04:00.234,0.99858,0.99876,1.00,1.12
2016.10.11 03:04:00.285,0.99858,0.99871,1.00,1.00
2016.10.11 03:04:01.255,0.99857,0.99876,1.00,1.12
2016.10.11 03:04:01.356,0.9986,0.99876,1.00,1.00
2016.10.11 03:04:01.659,0.99859,0.99871,1.00,1.00
2016.10.11 03:04:01.760,0.99859,0.99876,1.00,1.00
2016.10.11 03:04:01.964,0.99861,0.99876,1.00,1.00
2016.10.11 03:04:02.152,0.99859,0.99876,1.00,1.00
2016.10.11 03:04:03.970,0.99865,0.99882,1.00,1.75
2016.10.11 03:04:04.020,0.99865,0.99879,1.00,1.00
2016.10.11 03:04:04.071,0.99871,0.99883,1.00,2.62
2016.10.11 03:04:04.122,0.99871,0.99883,1.00,2.25
2016.10.11 03:04:04.173,0.99875,0.99892,1.00,1.00
2016.10.11 03:04:04.274,0.99873,0.99892,1.00,1.00
2016.10.11 03:04:04.695,0.99868,0.99887,1.00,1.00
2016.10.11 03:04:06.160,0.99866,0.99887,1.12,1.00
2016.10.11 03:04:06.261,0.99864,0.99882,1.50,1.00
2016.10.11 03:04:07.364,0.99866,0.99881,1.12,1.00
2016.10.11 03:04:08.577,0.99866,0.99887,1.12,1.00
2016.10.11 03:04:08.781,0.99868,0.99887,1.00,1.00
2016.10.11 03:04:09.670,0.99868,0.99886,1.00,1.00
2016.10.11 03:04:10.182,0.99868,0.99887,1.00,1.00
2016.10.11 03:04:10.463,0.99867,0.99887,1.50,1.00
2016.10.11 03:04:10.513,0.99867,0.99891,1.50,1.12
2016.10.11 03:04:10.564,0.99871,0.99891,1.00,1.12
2016.10.11 03:04:10.899,0.99873,0.99891,1.00,1.00
2016.10.11 03:04:11.404,0.99874,0.99891,1.00,1.00
2016.10.11 03:04:11.938,0.99875,0.99891,1.00,1.00
2016.10.11 03:04:13.164,0.99874,0.99891,1.00,1.00
2016.10.11 03:04:13.670,0.99873,0.99891,1.00,1.12
2016.10.11 03:04:14.770,0.99874,0.99891,1.00,1.12
2016.10.11 03:04:15.277,0.99874,0.99896,1.00,1.75
2016.10.11 03:04:17.624,0.99874,0.99892,1.00,1.50
2016.10.11 03:04:18.919,0.99874,0.99891,1.00,1.12
2016.10.11 03:04:20.221,0.99874,0.99891,1.00,1.00
2016.10.11 03:04:20.272,0.99876,0.99891,1.00,1.00
2016.10.11 03:04:21.724,0.99876,0.99896,1.00,1.50
2016.10.11 03:04:21.826,0.99876,0.99897,1.00,2.25
2016.10.11 03:04:23.517,0.99876,0.99897,1.00,1.75
2016.10.11 03:04:25.845,0.99876,0.99897,1.00,1.37
2016.10.11 03:04:25.914,0.99876,0.99897,1.00,1.12
2016.10.11 03:04:26.015,0.99876,0.99896,1.00,1.00
2016.10.11 03:04:31.489,0.99876,0.99891,1.00,1.00
2016.10.11 03:04:31.591,0.99869,0.99897,3.00,2.25
2016.10.11 03:04:31.643,0.99868,0.99895,1.12,2.62
2016.10.11 03:04:31.851,0.99868,0.99893,1.00,1.75
2016.10.11 03:04:31.901,0.9987,0.99886,1.00,1.00
2016.10.11 03:04:32.104,0.99871,0.99892,1.00,1.50
2016.10.11 03:04:32.476,0.99871,0.99892,1.00,1.12
2016.10.11 03:04:32.724,0.99872,0.99891,1.50,1.00
2016.10.11 03:04:32.775,0.99873,0.99891,1.37,1.00
2016.10.11 03:04:32.826,0.99873,0.99896,1.00,1.75
2016.10.11 03:04:32.927,0.99872,0.99894,1.00,1.50
2016.10.11 03:04:32.978,0.99872,0.99894,1.00,1.75
2016.10.11 03:04:33.029,0.99872,0.99891,1.00,1.37
2016.10.11 03:04:33.130,0.99876,0.99892,1.00,1.00
2016.10.11 03:04:33.231,0.99876,0.99896,1.00,1.00
2016.10.11 03:04:33.282,0.9988,0.99896,1.00,1.00
2016.10.11 03:04:35.532,0.9988,0.99896,1.00,1.37
2016.10.11 03:04:35.596,0.99872,0.99891,1.00,1.00
2016.10.11 03:04:35.647,0.99872,0.99892,1.00,1.00
2016.10.11 03:04:35.826,0.99872,0.99887,1.00,1.00
2016.10.11 03:04:36.595,0.99872,0.99886,1.00,1.00
2016.10.11 03:04:36.646,0.99872,0.99891,1.00,1.00
2016.10.11 03:04:37.177,0.99873,0.99892,1.00,1.00
2016.10.11 03:04:37.690,0.99872,0.99892,1.00,1.00
2016.10.11 03:04:42.813,0.99875,0.99892,1.00,1.00
2016.10.11 03:04:43.583,0.99874,0.99892,1.00,1.00
2016.10.11 03:04:45.420,0.99876,0.99892,1.00,1.00
2016.10.11 03:04:45.522,0.99878,0.99896,1.00,1.00
2016.10.11 03:04:46.111,0.99879,0.99896,1.00,1.00
2016.10.11 03:04:46.213,0.99879,0.99901,1.00,1.75
2016.10.11 03:04:46.314,0.99879,0.99902,1.00,2.62
2016.10.11 03:04:46.365,0.99879,0.99901,1.00,1.12
2016.10.11 03:04:46.415,0.99877,0.99897,1.00,1.00
2016.10.11 03:04:47.119,0.99878,0.99897,1.00,1.00
2016.10.11 03:04:48.789,0.99879,0.99897,1.00,1.00
2016.10.11 03:04:48.989,0.99877,0.99897,1.00,1.00
2016.10.11 03:04:49.155,0.99877,0.99901,1.00,1.75
2016.10.11 03:04:49.507,0.99877,0.99896,1.00,1.00
2016.10.11 03:04:49.558,0.99879,0.99896,1.00,1.00
2016.10.11 03:04:49.717,0.99877,0.999,1.00,1.75
2016.10.11 03:04:49.818,0.99872,0.99892,1.12,1.00
2016.10.11 03:04:49.869,0.99872,0.99892,1.00,1.00
2016.10.11 03:04:49.920,0.99877,0.99894,1.00,1.00
2016.10.11 03:04:50.021,0.99871,0.99896,1.00,4.12
2016.10.11 03:04:50.072,0.99871,0.99891,1.00,1.00
2016.10.11 03:04:50.241,0.99871,0.99891,1.00,1.00
2016.10.11 03:04:50.854,0.99871,0.99886,1.00,1.00
2016.10.11 03:04:50.905,0.99871,0.99891,1.00,1.75
2016.10.11 03:04:51.430,0.99872,0.99892,1.00,1.75
2016.10.11 03:04:52.680,0.99872,0.99892,1.00,1.37
2016.10.11 03:04:54.023,0.9987,0.99894,1.00,1.75
2016.10.11 03:04:54.074,0.9987,0.9989,1.00,1.00
2016.10.11 03:04:54.318,0.9987,0.99886,1.00,1.00
2016.10.11 03:04:54.396,0.99867,0.99886,1.00,1.00
2016.10.11 03:04:56.766,0.99867,0.99891,1.50,1.00
2016.10.11 03:04:56.817,0.99871,0.99891,1.00,1.00
2016.10.11 03:04:56.918,0.99871,0.99891,1.12,1.00
2016.10.11 03:04:56.969,0.99871,0.99891,1.50,1.00
2016.10.11 03:04:57.839,0.99871,0.99897,1.50,1.75
2016.10.11 03:04:57.890,0.99871,0.99897,1.50,1.75
2016.10.11 03:04:57.942,0.99874,0.99897,1.00,1.37
2016.10.11 03:04:57.993,0.99874,0.99897,1.12,1.12
2016.10.11 03:04:58.044,0.99876,0.99897,1.00,1.12
2016.10.11 03:04:58.246,0.99878,0.99897,1.00,1.12
2016.10.11 03:04:58.803,0.99878,0.99897,1.00,1.00
2016.10.11 03:04:59.026,0.99876,0.99896,1.50,1.00
2016.10.11 03:04:59.401,0.99876,0.99896,1.12,1.00
2016.10.11 03:05:00.773,0.99877,0.99901,1.00,1.75
2016.10.11 03:05:02.908,0.99875,0.99901,1.50,1.75
2016.10.11 03:05:02.960,0.99875,0.99896,1.50,1.00
2016.10.11 03:05:03.617,0.99876,0.99896,1.12,1.00
2016.10.11 03:05:03.819,0.99875,0.99896,1.50,1.00
2016.10.11 03:05:07.247,0.99875,0.99901,1.50,1.75
2016.10.11 03:05:07.297,0.99875,0.99901,1.50,1.87
2016.10.11 03:05:07.348,0.99876,0.99896,1.12,1.00
2016.10.11 03:05:07.450,0.99876,0.99901,1.12,1.75
2016.10.11 03:05:07.612,0.99876,0.99901,1.12,1.87
2016.10.11 03:05:07.764,0.99876,0.99897,1.12,1.00
2016.10.11 03:05:08.213,0.99874,0.99897,1.75,1.00
2016.10.11 03:05:08.893,0.99876,0.99897,1.12,1.00
2016.10.11 03:05:08.944,0.99874,0.99897,1.75,1.00
2016.10.11 03:05:09.146,0.99876,0.99897,1.12,1.00
2016.10.11 03:05:11.356,0.99876,0.99896,1.12,1.00
2016.10.11 03:05:11.881,0.99876,0.99897,1.12,1.00
2016.10.11 03:05:12.071,0.99876,0.99902,1.12,1.75
2016.10.11 03:05:12.121,0.99876,0.99902,1.12,1.87
2016.10.11 03:05:12.366,0.99876,0.99902,1.12,2.62
2016.10.11 03:05:12.456,0.99876,0.99896,1.12,1.00
2016.10.11 03:05:12.659,0.99871,0.99897,2.62,1.12
2016.10.11 03:05:12.710,0.99869,0.99895,1.75,1.00
2016.10.11 03:05:12.761,0.9987,0.99895,1.37,1.37
2016.10.11 03:05:12.811,0.9987,0.99892,1.00,1.00
2016.10.11 03:05:12.963,0.99871,0.99892,1.00,1.50
2016.10.11 03:05:13.551,0.99871,0.99891,1.00,1.00
2016.10.11 03:05:13.602,0.99869,0.99891,1.00,1.00
2016.10.11 03:05:13.652,0.99869,0.99892,1.00,1.00
2016.10.11 03:05:13.855,0.9987,0.99892,1.00,1.50
2016.10.11 03:05:14.146,0.99871,0.99891,1.00,1.00
2016.10.11 03:05:15.188,0.99871,0.99892,1.00,1.50
2016.10.11 03:05:15.339,0.99874,0.99892,1.00,1.12
2016.10.11 03:05:15.390,0.99874,0.99891,1.00,1.00
2016.10.11 03:05:15.981,0.99874,0.99896,1.00,1.00
2016.10.11 03:05:18.477,0.99874,0.99896,1.37,1.00
2016.10.11 03:05:18.527,0.99874,0.99896,1.75,1.00
2016.10.11 03:05:18.629,0.99875,0.99896,1.50,1.00
2016.10.11 03:05:18.777,0.99875,0.99901,1.50,1.75
2016.10.11 03:05:18.827,0.99875,0.99901,1.50,1.87
2016.10.11 03:05:18.929,0.99876,0.99901,1.12,1.75
2016.10.11 03:05:19.136,0.99876,0.99891,1.12,1.00
2016.10.11 03:05:20.785,0.99876,0.99896,1.12,1.00
2016.10.11 03:05:21.088,0.99876,0.99902,1.12,1.75
2016.10.11 03:05:21.139,0.99876,0.99902,1.12,1.87
2016.10.11 03:05:21.190,0.99876,0.99902,1.12,1.87
2016.10.11 03:05:21.291,0.99876,0.99902,1.12,1.87
2016.10.11 03:05:21.392,0.99876,0.99891,1.12,1.00
2016.10.11 03:05:21.746,0.99876,0.99891,1.00,1.00
2016.10.11 03:05:24.412,0.99876,0.99897,1.00,1.12
2016.10.11 03:05:24.564,0.99876,0.99902,1.00,1.75
2016.10.11 03:05:24.615,0.99876,0.99901,1.00,1.12
2016.10.11 03:05:25.009,0.99876,0.99891,1.00,1.00
2016.10.11 03:05:25.558,0.99876,0.99896,1.00,1.00
2016.10.11 03:05:30.403,0.99876,0.99896,1.00,1.00
2016.10.11 03:05:30.805,0.99876,0.99896,1.00,1.00
2016.10.11 03:05:38.898,0.9987,0.99891,1.00,1.00
2016.10.11 03:05:39.474,0.99871,0.99891,1.00,1.00
2016.10.11 03:05:39.775,0.99869,0.99891,1.12,1.00
2016.10.11 03:05:40.792,0.99869,0.99896,1.12,1.87
2016.10.11 03:05:40.995,0.99869,0.99891,1.12,1.00
2016.10.11 03:05:41.046,0.99868,0.99891,1.50,1.00
2016.10.11 03:05:41.097,0.99869,0.99892,1.50,1.12
2016.10.11 03:05:41.148,0.99874,0.99892,1.00,1.00
2016.10.11 03:05:41.770,0.9987,0.99891,1.50,1.00
2016.10.11 03:05:41.821,0.9987,0.99891,1.00,1.00
2016.10.11 03:05:42.078,0.9987,0.99892,1.00,1.12
2016.10.11 03:05:42.179,0.9987,0.99891,1.00,1.00
2016.10.11 03:05:42.382,0.9987,0.99892,1.00,1.12
2016.10.11 03:05:43.871,0.99873,0.99892,1.00,1.12
2016.10.11 03:05:43.972,0.99874,0.99892,1.00,1.00
2016.10.11 03:05:44.023,0.99874,0.99897,1.00,1.37
2016.10.11 03:05:44.074,0.99874,0.99897,1.12,1.12
2016.10.11 03:05:44.910,0.99874,0.99896,1.12,1.00
2016.10.11 03:05:45.082,0.99874,0.99897,1.12,1.12
2016.10.11 03:05:45.132,0.99874,0.99897,1.50,1.12
2016.10.11 03:05:45.183,0.99877,0.99897,1.00,1.00
2016.10.11 03:05:45.285,0.99877,0.99901,1.00,1.50
2016.10.11 03:05:45.436,0.99877,0.99901,1.00,1.75
2016.10.11 03:05:45.487,0.99877,0.99896,1.00,1.00
2016.10.11 03:05:45.797,0.99874,0.99896,1.50,1.00
2016.10.11 03:05:46.440,0.99877,0.99901,1.00,1.37
2016.10.11 03:05:46.490,0.99875,0.99901,1.75,1.12
2016.10.11 03:05:46.592,0.99875,0.99897,1.75,1.00
2016.10.11 03:05:46.643,0.99875,0.99897,1.75,1.00
2016.10.11 03:05:46.693,0.99874,0.99892,1.75,1.00
2016.10.11 03:05:47.504,0.99874,0.99897,1.75,1.00
2016.10.11 03:05:47.836,0.99874,0.99897,1.75,1.00
2016.10.11 03:05:48.227,0.99874,0.99897,1.75,1.00
2016.10.11 03:05:48.327,0.99874,0.99897,1.75,1.00
2016.10.11 03:05:50.157,0.99876,0.99897,1.50,1.00
2016.10.11 03:05:50.258,0.99876,0.99897,1.50,1.00
2016.10.11 03:05:50.309,0.99877,0.99896,1.00,1.00
2016.10.11 03:05:50.359,0.99875,0.99896,1.75,1.00
2016.10.11 03:05:50.410,0.99875,0.99896,2.25,1.00
2016.10.11 03:05:50.658,0.99877,0.99896,1.00,1.00
2016.10.11 03:05:50.875,0.99876,0.99896,1.12,1.00
2016.10.11 03:05:50.925,0.99876,0.99901,1.12,1.75
2016.10.11 03:05:50.976,0.99874,0.99901,1.75,1.87
2016.10.11 03:05:51.085,0.99874,0.999,1.00,1.75
2016.10.11 03:05:51.136,0.99874,0.99892,1.00,1.00
2016.10.11 03:05:51.921,0.99874,0.99897,1.00,1.12
2016.10.11 03:05:52.122,0.99874,0.99891,1.12,1.00
2016.10.11 03:05:52.173,0.99874,0.99891,1.50,1.00
2016.10.11 03:05:52.595,0.99874,0.99896,1.50,1.00
2016.10.11 03:05:52.899,0.99874,0.99892,1.50,1.00
2016.10.11 03:05:53.175,0.99872,0.99892,1.75,1.00
2016.10.11 03:05:53.226,0.99876,0.99897,1.00,1.00
2016.10.11 03:05:53.276,0.99875,0.99897,1.75,1.00
2016.10.11 03:05:53.633,0.99875,0.99891,1.37,1.00
2016.10.11 03:05:53.684,0.99874,0.99891,1.00,1.00
2016.10.11 03:05:53.904,0.99874,0.99891,1.12,1.00
2016.10.11 03:05:54.005,0.99874,0.99891,1.50,1.00
2016.10.11 03:05:54.107,0.99872,0.99891,2.25,1.00
2016.10.11 03:05:54.157,0.99872,0.99891,2.25,1.00
2016.10.11 03:05:54.259,0.99872,0.99891,2.25,1.00
2016.10.11 03:05:54.615,0.99872,0.99897,2.25,1.00
2016.10.11 03:05:54.666,0.99873,0.99897,1.75,1.00
2016.10.11 03:05:54.717,0.99873,0.99902,1.37,1.87
2016.10.11 03:05:54.768,0.99871,0.99898,1.50,1.50
2016.10.11 03:05:54.818,0.99869,0.99896,1.37,1.50
2016.10.11 03:05:54.870,0.99868,0.99896,1.50,1.75
2016.10.11 03:05:54.921,0.99868,0.99892,1.00,1.12
2016.10.11 03:05:55.073,0.99865,0.99892,1.75,1.12
2016.10.11 03:05:55.123,0.99865,0.99886,1.75,1.00
2016.10.11 03:05:56.243,0.99865,0.99886,1.75,1.00
2016.10.11 03:05:56.344,0.99865,0.99891,1.75,1.00
2016.10.11 03:05:56.546,0.99865,0.99886,1.75,1.00
2016.10.11 03:05:57.227,0.99865,0.99886,1.87,1.00
2016.10.11 03:05:57.280,0.99865,0.99886,1.75,1.00
2016.10.11 03:05:57.373,0.99865,0.99891,1.75,1.00
2016.10.11 03:05:57.536,0.99865,0.99887,1.75,1.00
2016.10.11 03:05:58.505,0.99865,0.99886,1.75,1.00
2016.10.11 03:05:59.632,0.99865,0.99887,1.75,1.00
2016.10.11 03:05:59.747,0.99865,0.99887,1.75,1.00
2016.10.11 03:05:59.803,0.99865,0.99891,1.75,1.00
2016.10.11 03:05:59.905,0.99865,0.99891,1.87,1.00
2016.10.11 03:06:00.395,0.99865,0.99886,1.75,1.00
2016.10.11 03:06:00.497,0.99868,0.99886,1.00,1.00
2016.10.11 03:06:00.547,0.99868,0.99886,1.37,1.00
2016.10.11 03:06:00.598,0.99871,0.99886,1.50,1.00
2016.10.11 03:06:00.700,0.99873,0.99892,1.00,1.00
2016.10.11 03:06:00.903,0.99873,0.99891,1.37,1.00
2016.10.11 03:06:01.451,0.99873,0.99891,1.37,1.00
2016.10.11 03:06:01.553,0.99873,0.99891,1.75,1.00
2016.10.11 03:06:01.654,0.99873,0.99891,1.50,1.00
2016.10.11 03:06:01.755,0.99873,0.99896,1.50,1.00
2016.10.11 03:06:01.907,0.99876,0.99896,1.00,1.00
2016.10.11 03:06:02.008,0.99876,0.99898,1.00,1.00
2016.10.11 03:06:02.207,0.99876,0.99891,1.00,1.00
2016.10.11 03:06:02.653,0.99876,0.99896,1.00,1.00
2016.10.11 03:06:02.856,0.99876,0.99898,1.00,1.00
2016.10.11 03:06:03.201,0.99876,0.99892,1.00,1.00
2016.10.11 03:06:04.387,0.99873,0.99892,1.50,1.00
2016.10.11 03:06:04.815,0.99873,0.99892,1.00,1.00
2016.10.11 03:06:04.966,0.99873,0.99892,1.00,1.00
2016.10.11 03:06:05.017,0.99874,0.99891,1.00,1.00
2016.10.11 03:06:05.252,0.99875,0.99896,1.00,1.00
2016.10.11 03:06:05.353,0.99875,0.99898,1.00,1.00
2016.10.11 03:06:05.509,0.99873,0.99898,1.50,1.00
2016.10.11 03:06:05.560,0.99873,0.99891,1.50,1.00
2016.10.11 03:06:05.711,0.99873,0.99897,1.50,1.00
2016.10.11 03:06:05.818,0.99874,0.99897,1.00,1.00
2016.10.11 03:06:06.020,0.99873,0.99897,1.50,1.00
2016.10.11 03:06:06.491,0.99875,0.99897,1.00,1.00
2016.10.11 03:06:07.112,0.99873,0.99897,1.50,1.00
2016.10.11 03:06:07.614,0.99875,0.99896,1.00,1.00
2016.10.11 03:06:08.041,0.99875,0.99896,1.75,1.00
2016.10.11 03:06:08.564,0.99875,0.99896,1.75,1.00
2016.10.11 03:06:08.865,0.99875,0.99896,1.75,1.00
2016.10.11 03:06:09.225,0.99877,0.99896,1.50,1.00
2016.10.11 03:06:10.880,0.99878,0.99896,1.12,1.00
2016.10.11 03:06:18.609,0.99879,0.99896,1.00,1.00
2016.10.11 03:06:18.710,0.99878,0.99896,1.12,1.00
2016.10.11 03:06:19.118,0.99878,0.99902,1.12,1.50
2016.10.11 03:06:19.169,0.99878,0.99897,1.12,1.00
2016.10.11 03:06:22.392,0.99879,0.99897,1.00,1.00
2016.10.11 03:06:24.448,0.9988,0.99897,1.12,1.00
2016.10.11 03:06:24.611,0.99877,0.99897,1.75,1.00
2016.10.11 03:06:24.843,0.9988,0.99902,1.12,1.00
2016.10.11 03:06:25.148,0.9988,0.99908,2.25,2.62
2016.10.11 03:06:25.355,0.99885,0.99909,1.00,2.62
2016.10.11 03:06:25.405,0.99885,0.99912,1.12,3.37
2016.10.11 03:06:25.457,0.99887,0.99907,1.00,1.00
2016.10.11 03:06:25.508,0.99887,0.99907,1.12,1.00
2016.10.11 03:06:25.558,0.99887,0.99907,1.50,1.00
2016.10.11 03:06:25.660,0.99888,0.99907,1.00,1.00
2016.10.11 03:06:26.196,0.99888,0.99907,1.00,1.00
2016.10.11 03:06:26.571,0.99887,0.99907,1.50,1.00
2016.10.11 03:06:30.217,0.99886,0.99907,1.75,1.00
2016.10.11 03:06:33.343,0.99886,0.99906,1.75,1.00
2016.10.11 03:06:35.545,0.99886,0.99907,1.75,1.00
2016.10.11 03:06:41.620,0.99888,0.99907,1.00,1.00
2016.10.11 03:06:42.587,0.99888,0.99906,1.00,1.00
2016.10.11 03:06:43.611,0.99887,0.99906,1.37,1.00
2016.10.11 03:06:44.038,0.99886,0.99906,1.12,1.00
2016.10.11 03:06:47.369,0.99885,0.99906,1.50,1.00
2016.10.11 03:06:47.439,0.99884,0.99906,1.37,1.37
2016.10.11 03:06:47.490,0.99884,0.99901,1.00,1.00
2016.10.11 03:06:47.541,0.99877,0.99901,1.75,1.00
2016.10.11 03:06:47.627,0.99877,0.99903,1.37,1.12
2016.10.11 03:06:47.678,0.99876,0.999,1.00,1.00
2016.10.11 03:06:47.729,0.99875,0.99904,1.37,2.62
2016.10.11 03:06:47.779,0.99876,0.99901,1.00,1.75
2016.10.11 03:06:47.881,0.99877,0.99897,1.00,1.00
2016.10.11 03:06:48.337,0.99879,0.99897,1.00,1.00
2016.10.11 03:06:48.548,0.9988,0.99897,1.12,1.00
2016.10.11 03:06:48.598,0.9988,0.99901,1.50,1.00
2016.10.11 03:06:48.649,0.99881,0.99901,1.12,1.00
2016.10.11 03:06:48.966,0.99881,0.99897,1.12,1.00
2016.10.11 03:06:49.199,0.9988,0.99897,1.50,1.00
2016.10.11 03:06:49.250,0.99882,0.99897,1.00,1.00
2016.10.11 03:06:49.453,0.99878,0.99896,1.75,1.00
2016.10.11 03:06:49.503,0.9988,0.99901,1.00,1.00
2016.10.11 03:06:49.756,0.99879,0.99901,1.37,1.00
2016.10.11 03:06:49.807,0.99879,0.99901,1.00,1.00
2016.10.11 03:06:50.153,0.99879,0.99897,1.00,1.00
2016.10.11 03:06:50.770,0.99879,0.99902,1.00,1.50
2016.10.11 03:06:51.435,0.9988,0.99902,1.00,1.50
2016.10.11 03:06:51.802,0.9988,0.99896,1.00,1.00
2016.10.11 03:06:52.004,0.9988,0.99901,1.00,1.00
2016.10.11 03:06:54.031,0.9988,0.99901,1.12,1.00
2016.10.11 03:06:55.186,0.99877,0.99901,1.75,1.00
2016.10.11 03:06:55.237,0.99877,0.99901,1.37,1.12
2016.10.11 03:06:55.287,0.99877,0.99901,1.12,1.50
2016.10.11 03:06:55.853,0.99877,0.99904,1.12,1.75
2016.10.11 03:06:55.918,0.99877,0.99901,1.12,1.50
2016.10.11 03:06:56.291,0.9988,0.99905,1.00,2.62
2016.10.11 03:06:56.393,0.99882,0.99904,1.00,1.00
2016.10.11 03:06:56.444,0.99882,0.99909,1.00,3.00
2016.10.11 03:06:56.494,0.99882,0.99907,1.12,1.12
2016.10.11 03:06:56.545,0.99881,0.99907,1.50,1.12
2016.10.11 03:06:56.647,0.99884,0.99907,1.00,1.12
2016.10.11 03:06:56.875,0.99884,0.99906,1.00,1.00
2016.10.11 03:06:56.976,0.99886,0.99906,1.00,1.00
2016.10.11 03:06:57.146,0.99884,0.99906,1.00,1.00
2016.10.11 03:06:57.826,0.99884,0.99906,1.37,1.00
2016.10.11 03:06:58.095,0.99884,0.99906,1.75,1.00
2016.10.11 03:06:58.751,0.99886,0.99906,1.37,1.00
2016.10.11 03:06:59.949,0.99885,0.99906,1.50,1.00
2016.10.11 03:07:01.702,0.99885,0.99902,1.50,1.00
2016.10.11 03:07:01.753,0.99883,0.99902,1.37,1.00
2016.10.11 03:07:01.804,0.99881,0.99902,1.12,1.00
2016.10.11 03:07:02.070,0.9988,0.99902,1.37,1.00
2016.10.11 03:07:03.149,0.9988,0.99901,1.37,1.00
2016.10.11 03:07:03.700,0.9988,0.99906,1.37,1.50
2016.10.11 03:07:03.859,0.99879,0.99906,1.50,1.50
2016.10.11 03:07:03.910,0.99879,0.99901,1.50,1.00
2016.10.11 03:07:03.960,0.99879,0.99901,1.37,1.00
2016.10.11 03:07:04.011,0.99879,0.99901,1.12,1.00
2016.10.11 03:07:04.685,0.99879,0.99897,1.12,1.00
2016.10.11 03:07:05.166,0.99876,0.99897,1.50,1.00
2016.10.11 03:07:05.216,0.99876,0.99901,1.50,1.00
2016.10.11 03:07:05.267,0.99878,0.99901,1.00,1.00
2016.10.11 03:07:05.823,0.9988,0.99901,1.00,1.00
2016.10.11 03:07:06.557,0.99879,0.99901,1.00,1.00
2016.10.11 03:07:06.688,0.99879,0.99901,1.00,1.00
2016.10.11 03:07:06.789,0.99879,0.99901,1.00,1.00
2016.10.11 03:07:06.991,0.99879,0.99901,1.00,1.50
2016.10.11 03:07:09.173,0.99877,0.99901,1.37,1.12
2016.10.11 03:07:09.224,0.99878,0.99901,1.00,1.00
2016.10.11 03:07:09.275,0.99877,0.99901,1.37,1.37
2016.10.11 03:07:09.325,0.99877,0.999,1.00,1.00
2016.10.11 03:07:10.494,0.99877,0.999,1.00,1.00
2016.10.11 03:07:11.894,0.99877,0.999,1.00,1.00
2016.10.11 03:07:14.309,0.99877,0.999,1.00,1.00
2016.10.11 03:07:15.597,0.99877,0.999,1.00,1.00
2016.10.11 03:07:21.914,0.99876,0.99901,1.37,1.37
2016.10.11 03:07:21.965,0.99876,0.99901,1.75,1.12
2016.10.11 03:07:22.016,0.99875,0.99903,1.75,1.75
2016.10.11 03:07:22.067,0.99876,0.99903,1.12,1.75
2016.10.11 03:07:22.474,0.9988,0.99906,2.25,1.12
2016.10.11 03:07:22.641,0.9988,0.99906,1.75,1.12
2016.10.11 03:07:22.692,0.9988,0.99906,1.75,1.12
2016.10.11 03:07:22.890,0.9988,0.99911,1.75,4.87
2016.10.11 03:07:23.093,0.9988,0.99911,1.75,4.87
2016.10.11 03:07:23.944,0.9988,0.9991,2.25,1.87
2016.10.11 03:07:25.375,0.9988,0.99907,1.75,1.37
2016.10.11 03:07:25.426,0.9988,0.99901,1.37,1.00
2016.10.11 03:07:25.476,0.99877,0.99901,1.75,1.00
2016.10.11 03:07:25.527,0.99877,0.99901,1.37,1.00
2016.10.11 03:07:25.752,0.99876,0.99901,1.12,1.12
2016.10.11 03:07:25.853,0.99878,0.99901,1.50,1.00
2016.10.11 03:07:25.904,0.99878,0.99901,1.37,1.00
2016.10.11 03:07:25.955,0.99878,0.99901,1.12,1.12
2016.10.11 03:07:27.901,0.99879,0.99901,1.12,1.12
2016.10.11 03:07:27.952,0.99879,0.99901,1.50,1.00
2016.10.11 03:07:28.821,0.99879,0.99906,1.50,1.75
2016.10.11 03:07:28.872,0.99879,0.99906,1.87,1.75
2016.10.11 03:07:28.973,0.99879,0.99906,2.62,1.75
2016.10.11 03:07:29.174,0.99886,0.99906,1.37,1.37
2016.10.11 03:07:29.227,0.99887,0.99911,1.00,1.00
2016.10.11 03:07:29.919,0.99887,0.99911,1.00,1.00
2016.10.11 03:07:31.910,0.99887,0.99911,1.00,1.00
2016.10.11 03:07:32.711,0.99886,0.99911,1.37,1.37
2016.10.11 03:07:32.762,0.99886,0.9991,1.00,1.00
2016.10.11 03:07:33.135,0.99887,0.99907,1.00,1.00
2016.10.11 03:07:34.166,0.99887,0.99912,1.37,1.37
2016.10.11 03:07:34.618,0.99887,0.99906,1.37,1.00
2016.10.11 03:07:34.669,0.99886,0.99906,1.50,1.00
2016.10.11 03:07:36.161,0.99886,0.99912,1.50,1.37
2016.10.11 03:07:38.195,0.99886,0.99912,1.87,1.37
2016.10.11 03:07:38.672,0.99886,0.99906,1.50,1.00
2016.10.11 03:07:38.898,0.99886,0.99906,1.12,1.37
2016.10.11 03:07:38.949,0.99886,0.99908,1.00,1.75
2016.10.11 03:07:39.051,0.99886,0.99906,1.00,1.75
2016.10.11 03:07:39.153,0.99886,0.99909,1.00,1.75
2016.10.11 03:07:39.254,0.99886,0.99911,1.00,1.75
2016.10.11 03:07:40.012,0.99885,0.99911,1.00,1.75
2016.10.11 03:07:40.156,0.99882,0.99911,1.75,1.75
2016.10.11 03:07:40.257,0.99883,0.99911,1.50,1.75
2016.10.11 03:07:42.132,0.99884,0.99911,1.12,1.75
2016.10.11 03:07:42.183,0.99884,0.99906,1.12,1.00
2016.10.11 03:07:42.233,0.99885,0.99906,1.00,1.00
2016.10.11 03:07:43.165,0.99883,0.99906,1.50,1.00
2016.10.11 03:07:43.216,0.99884,0.99906,1.12,1.00
2016.10.11 03:07:43.266,0.99884,0.99912,1.12,2.25
2016.10.11 03:07:43.317,0.99888,0.99912,1.00,1.75
2016.10.11 03:07:43.368,0.99888,0.99911,1.12,1.37
2016.10.11 03:07:43.419,0.99888,0.99911,1.50,1.00
2016.10.11 03:07:43.631,0.99886,0.99911,2.62,1.00
2016.10.11 03:07:43.682,0.99887,0.99911,1.00,1.50
2016.10.11 03:07:43.754,0.99886,0.99911,1.12,1.50
2016.10.11 03:07:43.906,0.99886,0.99911,1.87,1.50
2016.10.11 03:07:44.247,0.99886,0.99911,1.00,1.50
2016.10.11 03:07:45.238,0.99888,0.99911,1.12,1.12
2016.10.11 03:07:45.288,0.99888,0.99916,1.50,2.25
2016.10.11 03:07:45.339,0.9989,0.99916,1.37,1.37
2016.10.11 03:07:45.390,0.9989,0.99916,1.75,1.12
2016.10.11 03:07:45.440,0.99894,0.99916,1.37,1.12
2016.10.11 03:07:45.491,0.99894,0.99916,1.75,1.00
2016.10.11 03:07:45.693,0.99895,0.99916,1.00,1.00
2016.10.11 03:07:45.794,0.99894,0.99916,1.75,1.00
2016.10.11 03:07:46.024,0.99895,0.99921,1.50,1.37
2016.10.11 03:07:46.287,0.99895,0.99916,1.50,1.00
2016.10.11 03:07:47.620,0.99896,0.99916,1.37,1.00
2016.10.11 03:07:47.772,0.99896,0.99921,1.37,1.37
2016.10.11 03:07:48.160,0.99897,0.99921,1.00,1.37
2016.10.11 03:07:48.211,0.99896,0.99921,1.75,1.00
2016.10.11 03:07:50.535,0.99898,0.99921,1.37,1.00
2016.10.11 03:07:50.586,0.99898,0.99925,1.75,1.50
2016.10.11 03:07:50.637,0.999,0.99926,1.50,1.50
2016.10.11 03:07:50.858,0.999,0.99921,1.37,1.00
2016.10.11 03:07:50.937,0.99897,0.99921,1.75,1.00
2016.10.11 03:07:50.988,0.99897,0.99926,1.37,2.25
2016.10.11 03:07:51.039,0.99895,0.99924,1.75,1.12
2016.10.11 03:07:51.090,0.99895,0.9992,1.50,1.00
2016.10.11 03:07:51.601,0.99895,0.9992,1.87,1.00
2016.10.11 03:07:51.652,0.99897,0.9992,1.00,1.00
2016.10.11 03:07:53.842,0.99896,0.9992,1.00,1.00
2016.10.11 03:07:53.893,0.99896,0.99921,1.37,1.37
2016.10.11 03:07:53.943,0.99898,0.99921,1.12,1.12
2016.10.11 03:07:54.217,0.999,0.99921,1.00,1.00
2016.10.11 03:07:54.572,0.999,0.99921,1.00,1.00
2016.10.11 03:07:54.673,0.999,0.99921,1.00,1.00
2016.10.11 03:07:55.754,0.999,0.99925,1.00,1.00
2016.10.11 03:07:56.851,0.99901,0.99925,1.00,1.00
2016.10.11 03:07:57.340,0.99898,0.99925,1.12,1.12
2016.10.11 03:07:57.390,0.99898,0.99921,1.12,1.12
2016.10.11 03:07:57.441,0.99898,0.99921,1.00,1.50
2016.10.11 03:07:57.554,0.99896,0.99921,1.50,1.50
2016.10.11 03:07:58.288,0.99896,0.99921,1.50,1.00
2016.10.11 03:07:58.339,0.99896,0.99921,1.00,1.00
2016.10.11 03:07:58.440,0.99896,0.99921,1.00,1.12
2016.10.11 03:07:58.491,0.99896,0.99921,1.00,1.12
2016.10.11 03:07:58.735,0.99895,0.99921,1.37,1.37
2016.10.11 03:07:58.786,0.99895,0.99917,1.00,1.00
2016.10.11 03:07:58.836,0.99895,0.99917,1.37,1.00
2016.10.11 03:07:58.887,0.99895,0.99917,1.75,1.00
2016.10.11 03:07:59.090,0.99895,0.99921,1.75,1.50
2016.10.11 03:08:00.206,0.99895,0.99921,1.75,1.50
2016.10.11 03:08:00.307,0.99895,0.99921,1.75,1.50
2016.10.11 03:08:00.811,0.99895,0.99921,1.75,1.87
2016.10.11 03:08:01.177,0.99895,0.99917,1.75,1.00
2016.10.11 03:08:02.038,0.99896,0.99917,1.50,1.00
2016.10.11 03:08:03.486,0.99895,0.99917,1.75,1.00
2016.10.11 03:08:03.739,0.99894,0.99917,1.12,1.12
2016.10.11 03:08:15.690,0.99894,0.99917,1.12,1.50
2016.10.11 03:08:15.741,0.9989,0.99911,1.12,1.00
2016.10.11 03:08:15.792,0.9989,0.99911,1.50,1.00
2016.10.11 03:08:15.923,0.9989,0.99911,1.12,1.00
2016.10.11 03:08:15.974,0.9989,0.99911,1.00,1.00
2016.10.11 03:08:16.025,0.9989,0.99913,1.00,1.00
2016.10.11 03:08:17.955,0.9989,0.99916,1.50,1.75
2016.10.11 03:08:18.057,0.99892,0.99916,1.00,1.50
2016.10.11 03:08:18.863,0.99892,0.99916,1.50,1.00
2016.10.11 03:08:21.058,0.99893,0.99916,1.37,1.00
2016.10.11 03:08:23.691,0.99889,0.99917,2.62,1.50
2016.10.11 03:08:23.742,0.99889,0.99917,2.62,1.87
2016.10.11 03:08:23.793,0.99886,0.99911,2.62,1.00
2016.10.11 03:08:23.844,0.99886,0.99911,2.25,1.37
2016.10.11 03:08:23.894,0.99884,0.99912,1.75,2.25
2016.10.11 03:08:23.945,0.99884,0.99912,1.37,2.25
2016.10.11 03:08:23.996,0.99884,0.99911,1.00,1.75
2016.10.11 03:08:24.098,0.99884,0.99912,1.00,2.25
2016.10.11 03:08:24.480,0.99884,0.99911,1.00,1.75
2016.10.11 03:08:24.582,0.99884,0.99912,1.00,2.25
2016.10.11 03:08:24.764,0.99886,0.99912,1.00,2.25
2016.10.11 03:08:24.815,0.99886,0.99911,1.00,1.75
2016.10.11 03:08:25.017,0.99886,0.99911,1.00,2.25
2016.10.11 03:08:25.411,0.99886,0.99911,1.00,1.75
2016.10.11 03:08:25.513,0.99886,0.99911,1.00,2.25
2016.10.11 03:08:25.564,0.99884,0.99911,1.50,2.25
2016.10.11 03:08:25.615,0.99884,0.99911,1.50,2.25
2016.10.11 03:08:26.270,0.99884,0.99911,1.50,1.75
2016.10.11 03:08:26.613,0.99884,0.99911,1.50,1.75
2016.10.11 03:08:26.815,0.99882,0.99911,1.75,2.62
2016.10.11 03:08:26.866,0.99882,0.99911,1.50,2.62
2016.10.11 03:08:27.103,0.99882,0.99906,1.50,1.00
2016.10.11 03:08:27.967,0.99884,0.99906,1.00,1.00
2016.10.11 03:08:29.208,0.99883,0.99906,1.00,1.00
2016.10.11 03:08:29.627,0.99883,0.99906,1.00,1.50
2016.10.11 03:08:30.172,0.99884,0.99906,1.00,1.50
2016.10.11 03:08:30.222,0.99884,0.99907,1.00,1.75
2016.10.11 03:08:30.273,0.99884,0.99907,1.00,1.37
2016.10.11 03:08:30.708,0.99882,0.99907,1.37,1.37
2016.10.11 03:08:30.997,0.99882,0.99906,1.37,1.12
2016.10.11 03:08:35.489,0.99881,0.99906,1.50,1.12
2016.10.11 03:08:35.591,0.99881,0.99906,1.50,1.75
2016.10.11 03:08:43.524,0.99879,0.99906,1.75,1.75
2016.10.11 03:08:43.802,0.99882,0.99906,1.50,1.12
2016.10.11 03:08:43.853,0.99882,0.99907,1.50,1.50
2016.10.11 03:08:43.954,0.99882,0.99911,1.50,4.12
2016.10.11 03:08:44.106,0.99883,0.9991,1.12,1.75
2016.10.11 03:08:44.605,0.99883,0.99911,1.12,4.12
2016.10.11 03:08:46.146,0.99883,0.9991,1.12,1.75
2016.10.11 03:08:52.016,0.99883,0.99906,1.12,1.12
2016.10.11 03:08:52.189,0.99883,0.99904,1.12,1.37
2016.10.11 03:08:52.239,0.99876,0.99901,1.50,1.00
2016.10.11 03:08:52.534,0.99874,0.99902,1.12,1.75
2016.10.11 03:08:52.586,0.99874,0.99902,1.12,2.62
2016.10.11 03:08:52.637,0.99872,0.99902,1.75,2.62
2016.10.11 03:08:53.092,0.99874,0.99902,1.12,2.62
2016.10.11 03:08:53.360,0.99874,0.99902,1.12,2.25
2016.10.11 03:08:55.263,0.99874,0.99902,1.12,2.62
2016.10.11 03:08:57.366,0.99874,0.99902,1.12,1.75
2016.10.11 03:08:59.777,0.99874,0.99902,1.12,2.62
2016.10.11 03:09:00.181,0.99874,0.99902,1.12,2.25
2016.10.11 03:09:01.469,0.99874,0.999,1.37,1.00
2016.10.11 03:09:01.520,0.99874,0.99902,1.37,1.75
2016.10.11 03:09:01.621,0.99874,0.99902,1.37,2.25
2016.10.11 03:09:01.772,0.99874,0.99901,1.37,1.75
2016.10.11 03:09:03.329,0.99874,0.99903,1.87,4.12
2016.10.11 03:09:03.592,0.99874,0.99902,1.87,1.12
2016.10.11 03:09:03.693,0.99874,0.99903,1.87,4.12
2016.10.11 03:09:04.089,0.99874,0.99901,1.87,1.12
2016.10.11 03:09:04.190,0.99874,0.99902,1.87,1.75
2016.10.11 03:09:04.292,0.99874,0.99902,1.87,1.75
2016.10.11 03:09:04.482,0.99874,0.99902,1.87,1.75
2016.10.11 03:09:04.632,0.99874,0.99902,1.87,1.75
2016.10.11 03:09:04.986,0.99874,0.99903,1.87,3.37
2016.10.11 03:09:05.765,0.99874,0.99903,1.37,3.37
2016.10.11 03:09:05.815,0.99874,0.99902,1.37,1.87
2016.10.11 03:09:06.068,0.99874,0.99901,1.37,1.75
2016.10.11 03:09:06.495,0.99874,0.99901,1.50,1.75
2016.10.11 03:09:07.005,0.99874,0.99902,1.50,2.25
2016.10.11 03:09:07.385,0.99874,0.99902,1.37,2.25
2016.10.11 03:09:07.436,0.99874,0.99902,1.87,1.75
2016.10.11 03:09:07.538,0.99874,0.99902,1.87,1.75
2016.10.11 03:09:07.588,0.99874,0.99903,3.00,2.62
2016.10.11 03:09:07.639,0.99876,0.99901,1.00,1.00
2016.10.11 03:09:08.293,0.99876,0.99901,1.12,1.00
2016.10.11 03:09:09.216,0.99876,0.99901,1.00,1.00
2016.10.11 03:09:09.392,0.99876,0.99901,1.00,1.00
2016.10.11 03:09:09.443,0.99876,0.99901,1.00,1.50
2016.10.11 03:09:10.258,0.99876,0.99901,1.00,1.50
2016.10.11 03:09:10.309,0.99882,0.99901,1.00,1.00
2016.10.11 03:09:10.361,0.99882,0.99906,1.00,1.75
2016.10.11 03:09:10.412,0.99885,0.99906,1.00,1.37
2016.10.11 03:09:10.463,0.99885,0.9991,1.00,1.75
2016.10.11 03:09:10.514,0.99885,0.99912,1.37,3.00
2016.10.11 03:09:10.565,0.99885,0.99911,1.75,1.12
2016.10.11 03:09:10.616,0.99885,0.99911,1.75,1.12
2016.10.11 03:09:11.160,0.99885,0.99912,1.75,1.37
2016.10.11 03:09:16.500,0.99885,0.99912,1.87,1.37
2016.10.11 03:09:17.719,0.99886,0.99912,1.50,1.37
2016.10.11 03:09:20.865,0.99884,0.99912,2.25,1.37
2016.10.11 03:09:22.882,0.99884,0.99912,2.25,1.37
2016.10.11 03:09:22.985,0.99883,0.99912,1.75,1.50
2016.10.11 03:09:23.219,0.99884,0.99912,1.75,1.50
2016.10.11 03:09:23.320,0.99883,0.99912,1.75,1.37
2016.10.11 03:09:23.378,0.99883,0.99912,2.25,1.37
2016.10.11 03:09:23.997,0.99884,0.99912,1.75,1.50
2016.10.11 03:09:24.665,0.99884,0.99913,1.75,1.12
2016.10.11 03:09:24.716,0.99884,0.99911,1.75,1.00
2016.10.11 03:09:24.766,0.99884,0.99907,1.50,1.00
2016.10.11 03:09:24.817,0.99884,0.99907,1.50,1.37
2016.10.11 03:09:24.868,0.99884,0.99904,1.00,1.50
2016.10.11 03:09:24.918,0.99876,0.99904,1.12,1.50
2016.10.11 03:09:24.969,0.99876,0.99901,1.12,1.00
2016.10.11 03:09:25.210,0.99875,0.99901,1.12,1.75
2016.10.11 03:09:25.261,0.99874,0.99901,1.37,1.75
2016.10.11 03:09:25.416,0.99874,0.99902,1.37,1.12
2016.10.11 03:09:25.467,0.99874,0.99902,1.12,3.00
2016.10.11 03:09:25.568,0.99874,0.99901,1.12,1.75
2016.10.11 03:09:25.669,0.99874,0.99901,1.12,1.75
2016.10.11 03:09:25.777,0.99874,0.99902,1.75,2.25
2016.10.11 03:09:25.828,0.99875,0.99902,1.75,1.75
2016.10.11 03:09:26.341,0.99875,0.99901,1.75,1.75
2016.10.11 03:09:26.619,0.99874,0.99903,1.75,2.62
2016.10.11 03:09:26.670,0.99874,0.99902,1.75,1.75
2016.10.11 03:09:26.721,0.99874,0.99902,1.75,2.25
2016.10.11 03:09:26.771,0.99874,0.99898,1.00,1.00
2016.10.11 03:09:27.569,0.99874,0.99898,1.50,1.00
2016.10.11 03:09:27.671,0.99874,0.99903,2.25,2.25
2016.10.11 03:09:27.729,0.99875,0.99903,1.75,1.75
2016.10.11 03:09:28.353,0.99875,0.99902,1.75,1.75
2016.10.11 03:09:28.752,0.99873,0.99899,1.75,1.00
2016.10.11 03:09:28.803,0.99874,0.99899,1.00,1.00
2016.10.11 03:09:28.854,0.99874,0.99899,1.50,1.00
2016.10.11 03:09:29.114,0.99874,0.99899,2.25,1.00
2016.10.11 03:09:29.165,0.99874,0.99899,1.50,1.00
2016.10.11 03:09:31.378,0.99874,0.99899,1.00,1.00
2016.10.11 03:09:32.363,0.99874,0.99899,1.12,1.00
2016.10.11 03:09:32.465,0.99875,0.99901,1.00,1.50
2016.10.11 03:09:32.515,0.99875,0.99901,1.37,1.50
2016.10.11 03:09:32.566,0.99875,0.99902,1.37,1.75
2016.10.11 03:09:32.908,0.99874,0.99903,1.75,2.25
2016.10.11 03:09:33.012,0.99873,0.99901,1.87,2.25
2016.10.11 03:09:33.063,0.99874,0.99901,1.12,2.25
2016.10.11 03:09:33.165,0.99874,0.99902,1.87,1.75
2016.10.11 03:09:33.365,0.99874,0.99901,1.12,1.50
2016.10.11 03:09:36.185,0.99874,0.99901,1.12,1.50
2016.10.11 03:09:37.647,0.99874,0.99901,1.12,1.50
2016.10.11 03:09:38.939,0.99873,0.99901,1.12,1.50
2016.10.11 03:09:38.990,0.99873,0.99901,1.12,2.25
2016.10.11 03:09:39.040,0.99875,0.99901,1.37,2.25
2016.10.11 03:09:39.091,0.99875,0.99901,1.37,2.25
2016.10.11 03:09:39.381,0.99875,0.99901,1.12,1.50
2016.10.11 03:09:39.574,0.99875,0.99901,1.37,1.50
2016.10.11 03:09:39.881,0.99874,0.99901,1.87,1.50
2016.10.11 03:09:40.052,0.99874,0.99901,1.87,1.50
2016.10.11 03:09:40.542,0.99875,0.99901,1.37,1.50
2016.10.11 03:09:40.592,0.99875,0.99901,1.37,1.50
2016.10.11 03:09:40.753,0.99874,0.99901,1.87,1.50
2016.10.11 03:09:41.384,0.99875,0.99901,1.37,1.50
2016.10.11 03:09:44.999,0.99875,0.99901,1.37,1.50
2016.10.11 03:09:46.055,0.99875,0.99902,1.12,1.75
2016.10.11 03:09:46.852,0.99875,0.99902,1.37,1.75
2016.10.11 03:09:47.327,0.99875,0.99902,1.37,2.25
2016.10.11 03:09:47.497,0.99873,0.99902,2.62,2.25
2016.10.11 03:09:47.548,0.99873,0.99902,2.62,1.75
2016.10.11 03:09:48.262,0.99874,0.99902,1.75,1.75
2016.10.11 03:09:48.363,0.99875,0.99902,1.37,1.75
2016.10.11 03:09:48.580,0.99875,0.99901,1.37,1.50
2016.10.11 03:09:49.088,0.99875,0.99902,1.37,1.75
2016.10.11 03:09:51.152,0.99875,0.99901,1.37,1.50
2016.10.11 03:09:51.757,0.99874,0.99902,2.62,1.75
2016.10.11 03:09:51.908,0.99875,0.99902,1.12,1.75
2016.10.11 03:09:52.143,0.99875,0.99902,1.12,2.25
2016.10.11 03:09:52.653,0.99875,0.99902,1.12,1.75
2016.10.11 03:09:52.704,0.99876,0.99901,1.12,1.00
2016.10.11 03:09:53.468,0.99876,0.99901,1.12,1.50
2016.10.11 03:09:53.762,0.99876,0.99901,1.12,1.00
2016.10.11 03:09:55.166,0.99876,0.99901,1.00,1.00
2016.10.11 03:09:55.416,0.99876,0.99901,1.00,1.00
2016.10.11 03:09:57.181,0.99876,0.99901,1.00,1.00
2016.10.11 03:09:57.290,0.99876,0.99901,1.00,1.00
2016.10.11 03:09:58.072,0.99876,0.99901,1.00,1.00
2016.10.11 03:09:58.123,0.99876,0.99901,1.00,1.00
2016.10.11 03:09:58.225,0.99876,0.99901,1.00,1.00
2016.10.11 03:09:58.973,0.99876,0.99901,1.00,1.50
2016.10.11 03:09:59.560,0.99876,0.99901,1.00,2.25
2016.10.11 03:09:59.611,0.99876,0.99901,1.37,1.50
2016.10.11 03:10:00.378,0.99876,0.99901,1.37,1.00
2016.10.11 03:10:00.580,0.99876,0.99901,1.00,1.00
2016.10.11 03:10:00.631,0.99874,0.99899,1.87,1.00
2016.10.11 03:10:00.821,0.99874,0.99899,1.87,1.00
2016.10.11 03:10:00.872,0.99877,0.99899,1.00,1.00
2016.10.11 03:10:00.922,0.99878,0.99899,1.87,1.00
2016.10.11 03:10:00.973,0.99881,0.99899,1.12,1.00
2016.10.11 03:10:01.024,0.99883,0.99911,1.37,2.25
2016.10.11 03:10:01.267,0.99884,0.99911,1.12,2.25
2016.10.11 03:10:01.317,0.99884,0.99911,2.25,1.12
2016.10.11 03:10:01.418,0.99884,0.99911,1.75,1.12
2016.10.11 03:10:01.614,0.99883,0.99911,4.12,1.12
2016.10.11 03:10:03.097,0.99884,0.99911,1.75,1.12
2016.10.11 03:10:03.199,0.99884,0.99911,1.87,1.12
2016.10.11 03:10:03.249,0.99884,0.99911,2.62,1.12
2016.10.11 03:10:03.350,0.99884,0.99911,2.62,1.12
2016.10.11 03:10:03.401,0.99884,0.99912,2.62,1.50
2016.10.11 03:10:03.452,0.99884,0.99912,2.62,1.50
2016.10.11 03:10:03.597,0.99884,0.99912,1.75,1.50
2016.10.11 03:10:03.647,0.99884,0.99912,1.75,1.50
2016.10.11 03:10:04.200,0.99884,0.99912,1.87,1.50
2016.10.11 03:10:04.251,0.99885,0.99912,1.50,1.75
2016.10.11 03:10:04.302,0.99886,0.99914,1.00,3.37
2016.10.11 03:10:04.353,0.99887,0.99915,1.50,2.62
2016.10.11 03:10:04.404,0.99887,0.99912,2.25,1.50
2016.10.11 03:10:04.454,0.99887,0.99912,1.75,1.00
2016.10.11 03:10:04.708,0.99886,0.99911,2.62,1.00
2016.10.11 03:10:04.759,0.99885,0.99911,1.75,1.00
2016.10.11 03:10:04.911,0.99886,0.99911,1.87,1.00
2016.10.11 03:10:05.012,0.99888,0.99915,1.37,1.75
2016.10.11 03:10:05.114,0.99887,0.99915,1.87,1.37
2016.10.11 03:10:05.347,0.99895,0.99921,1.12,4.12
2016.10.11 03:10:05.449,0.99895,0.99921,1.75,1.12
2016.10.11 03:10:05.551,0.99893,0.99917,1.87,1.00
2016.10.11 03:10:05.602,0.99892,0.99917,2.62,1.00
2016.10.11 03:10:05.653,0.99892,0.99916,2.62,1.00
2016.10.11 03:10:05.720,0.99892,0.99916,2.25,1.87
2016.10.11 03:10:05.771,0.99887,0.99916,1.75,2.25
2016.10.11 03:10:05.822,0.99886,0.99915,1.75,1.50
2016.10.11 03:10:05.873,0.99886,0.99915,1.75,1.75
2016.10.11 03:10:05.924,0.99886,0.99914,1.12,3.37
2016.10.11 03:10:06.025,0.99886,0.99911,1.12,1.75
2016.10.11 03:10:06.224,0.99886,0.99913,1.50,1.75
2016.10.11 03:10:06.325,0.99887,0.99914,1.00,3.37
2016.10.11 03:10:07.036,0.99887,0.99914,1.50,1.75
2016.10.11 03:10:07.086,0.9989,0.99917,1.12,1.75
2016.10.11 03:10:07.203,0.9989,0.99917,1.12,2.25
2016.10.11 03:10:07.304,0.9989,0.99915,1.12,1.75
2016.10.11 03:10:07.355,0.99887,0.99912,1.00,1.00
2016.10.11 03:10:07.454,0.99887,0.99912,1.00,1.00
2016.10.11 03:10:07.781,0.99885,0.9991,1.50,1.00
2016.10.11 03:10:07.879,0.99887,0.99912,1.12,1.00
2016.10.11 03:10:07.929,0.99888,0.99913,1.00,1.00
2016.10.11 03:10:08.030,0.99888,0.99913,1.50,1.00
2016.10.11 03:10:08.081,0.99888,0.99913,1.50,1.00
2016.10.11 03:10:08.862,0.99888,0.99913,1.50,1.00
2016.10.11 03:10:08.913,0.99888,0.99913,1.87,1.00
2016.10.11 03:10:08.964,0.99888,0.99917,1.87,3.00
2016.10.11 03:10:09.015,0.99889,0.99917,1.75,2.25
2016.10.11 03:10:10.660,0.9989,0.99917,1.75,1.75
2016.10.11 03:10:10.934,0.99894,0.99921,1.75,1.50
2016.10.11 03:10:11.035,0.99894,0.99922,1.75,1.75
2016.10.11 03:10:11.086,0.99894,0.99922,1.75,1.75
2016.10.11 03:10:11.238,0.99894,0.99923,1.75,1.75
2016.10.11 03:10:11.339,0.99897,0.99921,1.00,1.00
2016.10.11 03:10:12.121,0.99897,0.99922,1.00,1.50
2016.10.11 03:10:12.324,0.99897,0.99922,1.00,1.00
2016.10.11 03:10:12.375,0.99897,0.99922,1.00,1.00
2016.10.11 03:10:12.426,0.99893,0.99921,3.37,1.37
2016.10.11 03:10:12.477,0.99893,0.99921,1.75,1.75
2016.10.11 03:10:12.578,0.99893,0.99921,1.75,1.75
2016.10.11 03:10:12.821,0.99893,0.99917,1.75,1.00
2016.10.11 03:10:13.285,0.99893,0.99921,1.75,2.25
2016.10.11 03:10:13.589,0.99893,0.99921,1.75,2.25
2016.10.11 03:10:13.864,0.99893,0.99921,2.25,1.50
2016.10.11 03:10:13.966,0.99896,0.99921,1.75,1.00
2016.10.11 03:10:14.016,0.99896,0.99924,1.75,1.50
2016.10.11 03:10:14.067,0.99896,0.99926,1.75,3.00
2016.10.11 03:10:14.169,0.999,0.99925,1.00,1.00
2016.10.11 03:10:19.573,0.999,0.99925,1.00,1.00
2016.10.11 03:10:19.776,0.999,0.99921,1.00,1.00
2016.10.11 03:10:22.558,0.999,0.99925,1.00,1.50
2016.10.11 03:10:22.659,0.99894,0.99921,1.75,1.50
2016.10.11 03:10:22.936,0.99886,0.99916,5.25,1.37
2016.10.11 03:10:23.008,0.99889,0.99916,1.75,1.12
2016.10.11 03:10:23.165,0.99889,0.99916,1.75,1.12
2016.10.11 03:10:23.266,0.99892,0.9992,1.75,1.50
2016.10.11 03:10:23.367,0.99897,0.99921,1.00,1.00
2016.10.11 03:10:23.670,0.99901,0.99922,1.00,1.00
2016.10.11 03:10:24.866,0.99897,0.99922,1.87,1.00
2016.10.11 03:10:26.168,0.99901,0.99922,1.37,1.00
2016.10.11 03:10:26.270,0.99901,0.99926,1.12,1.00
2016.10.11 03:10:26.379,0.99902,0.99926,1.12,1.00
2016.10.11 03:10:26.480,0.99902,0.99928,1.12,1.37
2016.10.11 03:10:26.894,0.99899,0.99928,2.62,1.37
2016.10.11 03:10:26.945,0.999,0.99928,1.87,1.75
2016.10.11 03:10:27.168,0.99899,0.99928,2.62,1.75
2016.10.11 03:10:27.280,0.99899,0.99928,2.25,1.75
2016.10.11 03:10:27.481,0.99898,0.99922,1.87,1.00
2016.10.11 03:10:27.532,0.99898,0.99926,1.87,2.25
2016.10.11 03:10:27.583,0.99898,0.99926,1.87,2.25
2016.10.11 03:10:27.735,0.99898,0.99926,1.87,1.75
2016.10.11 03:10:28.079,0.99898,0.99926,1.87,2.25
2016.10.11 03:10:28.648,0.99898,0.99926,1.50,2.25
2016.10.11 03:10:30.183,0.99898,0.99926,1.50,2.25
2016.10.11 03:10:32.654,0.99898,0.99926,1.87,2.25
2016.10.11 03:10:32.705,0.99899,0.99926,1.12,2.25
2016.10.11 03:10:32.806,0.99901,0.99926,1.12,1.87
2016.10.11 03:10:32.907,0.99901,0.99926,1.12,1.50
2016.10.11 03:10:32.958,0.99901,0.99929,1.12,1.50
2016.10.11 03:10:33.059,0.99899,0.99929,3.75,1.87
2016.10.11 03:10:33.160,0.99899,0.99927,3.00,1.00
2016.10.11 03:10:33.261,0.99899,0.99926,3.75,1.00
2016.10.11 03:10:33.539,0.99905,0.99928,1.00,1.00
2016.10.11 03:10:33.691,0.99903,0.99927,1.00,1.00
2016.10.11 03:10:34.200,0.99903,0.99926,1.00,1.00
2016.10.11 03:10:37.944,0.99903,0.99927,1.00,1.00
2016.10.11 03:10:38.544,0.99903,0.99926,1.00,1.50
2016.10.11 03:10:38.595,0.99903,0.99926,1.00,1.00
2016.10.11 03:10:39.755,0.99903,0.99926,1.00,1.50
2016.10.11 03:10:40.175,0.99903,0.99926,1.00,1.00
2016.10.11 03:10:40.276,0.99903,0.99926,1.00,1.50
2016.10.11 03:10:40.661,0.99903,0.99926,1.00,1.00
2016.10.11 03:10:41.523,0.99907,0.99925,2.62,1.00
2016.10.11 03:10:41.574,0.99909,0.99932,1.12,1.00
2016.10.11 03:10:41.624,0.99909,0.99932,1.12,1.00
2016.10.11 03:10:41.878,0.99909,0.99936,1.12,1.50
2016.10.11 03:10:42.058,0.99909,0.99935,1.12,1.12
2016.10.11 03:10:42.331,0.99907,0.99935,3.37,1.12
2016.10.11 03:10:42.382,0.99907,0.99936,3.37,2.25
2016.10.11 03:10:42.589,0.99907,0.99936,4.12,1.50
2016.10.11 03:10:42.640,0.99909,0.99936,1.12,1.50
2016.10.11 03:10:42.690,0.99909,0.99937,1.12,1.75
2016.10.11 03:10:42.741,0.99908,0.99937,1.87,1.75
2016.10.11 03:10:42.842,0.9991,0.99937,1.12,1.75
2016.10.11 03:10:43.532,0.99911,0.99937,1.37,1.75
2016.10.11 03:10:44.355,0.99911,0.99937,1.37,2.25
2016.10.11 03:10:44.555,0.99902,0.99928,1.75,1.50
2016.10.11 03:10:44.606,0.99904,0.99929,1.00,1.75
2016.10.11 03:10:44.683,0.99902,0.99926,1.12,1.00
2016.10.11 03:10:44.845,0.99904,0.99929,1.00,1.75
2016.10.11 03:10:44.896,0.99904,0.99929,1.12,1.12
2016.10.11 03:10:44.997,0.99904,0.9993,1.12,1.50
2016.10.11 03:10:45.282,0.99905,0.9993,1.12,1.37
2016.10.11 03:10:45.332,0.99907,0.9993,1.00,1.00
2016.10.11 03:10:46.460,0.99907,0.9993,1.00,1.00
2016.10.11 03:10:47.086,0.99907,0.99929,1.00,1.00
2016.10.11 03:10:47.137,0.99907,0.99926,1.00,1.00
2016.10.11 03:10:47.539,0.99902,0.99914,2.25,1.00
2016.10.11 03:10:47.590,0.9989,0.99915,1.87,1.00
2016.10.11 03:10:47.641,0.99891,0.99915,1.12,1.00
2016.10.11 03:10:47.692,0.99891,0.99915,1.12,1.00
2016.10.11 03:10:47.793,0.9989,0.99915,2.25,1.00
2016.10.11 03:10:47.844,0.9989,0.99915,2.25,1.37
2016.10.11 03:10:47.938,0.99891,0.99916,1.00,1.50
2016.10.11 03:10:47.989,0.99891,0.99915,1.37,1.37
2016.10.11 03:10:48.040,0.99892,0.99915,1.00,1.00
2016.10.11 03:10:48.295,0.99887,0.99913,1.75,1.00
2016.10.11 03:10:48.397,0.99887,0.99914,1.75,1.12
2016.10.11 03:10:48.447,0.99887,0.99914,1.75,1.00
2016.10.11 03:10:48.498,0.99887,0.9991,1.37,1.12
2016.10.11 03:10:48.549,0.99881,0.9991,1.75,1.50
2016.10.11 03:10:48.600,0.99881,0.99907,1.75,1.00
2016.10.11 03:10:48.651,0.99882,0.99907,1.50,1.12
2016.10.11 03:10:48.701,0.99882,0.99907,1.50,1.12
2016.10.11 03:10:48.924,0.99882,0.99907,1.50,1.12
2016.10.11 03:10:48.978,0.99882,0.99905,1.50,1.00
2016.10.11 03:10:49.079,0.99879,0.99905,2.62,1.00
2016.10.11 03:10:49.181,0.99879,0.99907,2.62,1.12
2016.10.11 03:10:49.282,0.99879,0.99911,3.00,1.75
2016.10.11 03:10:49.464,0.99879,0.99911,3.00,2.25
2016.10.11 03:10:49.666,0.99879,0.99911,3.00,2.25
2016.10.11 03:10:50.168,0.99881,0.99911,1.75,1.75
2016.10.11 03:10:50.544,0.99882,0.99911,1.50,1.75
2016.10.11 03:10:50.859,0.99882,0.99911,1.50,1.87
2016.10.11 03:10:51.473,0.99882,0.99911,1.50,1.75
2016.10.11 03:10:51.523,0.99886,0.99911,1.00,1.50
2016.10.11 03:10:51.574,0.99886,0.99911,1.00,1.00
2016.10.11 03:10:51.675,0.99886,0.99911,1.00,1.50
2016.10.11 03:10:53.255,0.99886,0.99911,1.00,1.00
2016.10.11 03:10:54.990,0.99886,0.99911,1.00,2.25
2016.10.11 03:10:55.041,0.99884,0.99911,1.12,2.25
2016.10.11 03:10:55.091,0.9988,0.99908,1.75,1.87
2016.10.11 03:10:55.142,0.9988,0.99907,1.00,2.62
2016.10.11 03:10:55.193,0.99874,0.99904,1.87,1.75
2016.10.11 03:10:55.345,0.99873,0.99901,1.87,1.00
2016.10.11 03:10:55.396,0.99875,0.99901,1.12,1.00
2016.10.11 03:10:55.879,0.99876,0.99901,1.37,1.00
2016.10.11 03:10:55.931,0.99876,0.99902,1.37,1.12
2016.10.11 03:10:56.086,0.99875,0.99902,1.12,1.12
2016.10.11 03:10:56.187,0.99875,0.99902,1.12,1.12
2016.10.11 03:10:56.289,0.99874,0.99902,1.87,1.12
2016.10.11 03:10:56.643,0.99875,0.99902,2.62,1.00
2016.10.11 03:10:56.694,0.99877,0.99902,1.75,1.00
2016.10.11 03:10:56.897,0.99876,0.99902,1.75,1.00
2016.10.11 03:10:56.948,0.99877,0.99902,1.00,1.50
2016.10.11 03:10:57.050,0.99877,0.99902,1.00,1.00
2016.10.11 03:10:57.312,0.99877,0.99906,1.50,1.75
2016.10.11 03:10:57.363,0.99876,0.99896,1.75,1.00
2016.10.11 03:10:58.057,0.99872,0.99897,1.75,1.00
2016.10.11 03:10:58.131,0.99871,0.99897,2.62,1.00
2016.10.11 03:10:58.181,0.9987,0.99897,1.75,1.12
2016.10.11 03:10:58.232,0.9987,0.99897,1.75,1.12
2016.10.11 03:10:58.507,0.9987,0.99896,1.75,1.00
2016.10.11 03:10:58.558,0.99875,0.99896,1.00,1.00
2016.10.11 03:10:59.248,0.99869,0.99896,3.75,1.00
2016.10.11 03:10:59.400,0.9987,0.99896,1.75,1.00
2016.10.11 03:10:59.697,0.99869,0.99896,3.75,1.00
2016.10.11 03:10:59.799,0.99871,0.99896,1.12,1.00
2016.10.11 03:11:00.998,0.99871,0.99896,1.12,1.00
2016.10.11 03:11:01.454,0.99871,0.99901,1.12,1.75
2016.10.11 03:11:01.505,0.9987,0.999,1.75,1.12
2016.10.11 03:11:01.607,0.9987,0.99901,1.87,1.87
2016.10.11 03:11:01.657,0.9987,0.99896,1.87,1.00
2016.10.11 03:11:01.708,0.99869,0.99896,3.75,1.00
2016.10.11 03:11:02.084,0.9987,0.99897,1.12,1.12
2016.10.11 03:11:02.135,0.9987,0.99897,1.87,1.12
2016.10.11 03:11:02.186,0.99869,0.99897,3.75,1.12
2016.10.11 03:11:03.059,0.99869,0.99896,3.37,1.00
2016.10.11 03:11:03.137,0.9987,0.99896,2.62,1.00
2016.10.11 03:11:03.199,0.99872,0.99896,1.12,1.00
2016.10.11 03:11:03.294,0.99873,0.99896,1.87,1.00
2016.10.11 03:11:03.460,0.99873,0.99902,1.87,1.75
2016.10.11 03:11:03.561,0.99873,0.99896,1.87,1.00
2016.10.11 03:11:03.612,0.99873,0.99896,1.75,1.00
2016.10.11 03:11:03.893,0.99873,0.99896,1.87,1.00
2016.10.11 03:11:06.525,0.99873,0.99896,1.87,1.00
2016.10.11 03:11:06.626,0.99874,0.99896,1.12,1.00
2016.10.11 03:11:06.677,0.99874,0.99901,1.12,1.75
2016.10.11 03:11:06.728,0.99876,0.99901,1.00,1.75
2016.10.11 03:11:06.778,0.99876,0.99902,1.37,1.37
2016.10.11 03:11:06.829,0.99876,0.99902,1.87,1.37
2016.10.11 03:11:06.879,0.99877,0.99902,1.12,1.00
2016.10.11 03:11:06.930,0.99881,0.99902,1.12,1.00
2016.10.11 03:11:06.981,0.99881,0.99902,1.75,1.00
2016.10.11 03:11:07.321,0.99883,0.99912,1.50,1.12
2016.10.11 03:11:07.371,0.99883,0.99912,1.75,1.87
2016.10.11 03:11:07.422,0.99884,0.99912,1.50,1.87
2016.10.11 03:11:07.523,0.99884,0.99912,1.50,1.75
2016.10.11 03:11:07.706,0.99884,0.99912,1.50,1.87
2016.10.11 03:11:07.811,0.99884,0.99911,1.50,1.37
2016.10.11 03:11:07.923,0.99883,0.99912,1.75,1.75
2016.10.11 03:11:08.043,0.99884,0.99912,1.50,1.75
2016.10.11 03:11:08.466,0.99882,0.99911,1.12,1.75
2016.10.11 03:11:08.708,0.99881,0.99911,3.37,1.75
2016.10.11 03:11:08.941,0.99881,0.99912,2.62,2.25
2016.10.11 03:11:09.812,0.99881,0.99911,3.37,1.87
2016.10.11 03:11:10.084,0.99881,0.99906,3.37,1.00
2016.10.11 03:11:10.435,0.99881,0.99906,2.62,1.00
2016.10.11 03:11:10.962,0.9988,0.99906,3.37,1.00
2016.10.11 03:11:11.014,0.99883,0.99908,1.00,1.00
2016.10.11 03:11:11.396,0.99883,0.99906,1.00,1.00
2016.10.11 03:11:14.601,0.99883,0.99901,1.00,1.00
2016.10.11 03:11:15.376,0.99883,0.99906,1.00,1.00
2016.10.11 03:11:15.427,0.99883,0.99906,1.00,1.00
2016.10.11 03:11:15.809,0.99884,0.99906,1.50,1.00
2016.10.11 03:11:15.872,0.99884,0.99907,1.87,1.00
2016.10.11 03:11:16.052,0.99884,0.99907,1.75,1.00
2016.10.11 03:11:16.178,0.99886,0.99906,1.00,1.00
2016.10.11 03:11:16.229,0.99881,0.99905,2.62,1.00
2016.10.11 03:11:16.280,0.99879,0.99905,3.37,1.00
2016.10.11 03:11:16.331,0.9988,0.99905,1.12,1.00
2016.10.11 03:11:16.452,0.99883,0.99905,1.00,1.00
2016.10.11 03:11:16.654,0.99881,0.99905,3.00,1.00
2016.10.11 03:11:16.705,0.99887,0.99906,1.00,1.00
2016.10.11 03:11:16.857,0.99884,0.99906,1.50,1.00
2016.10.11 03:11:16.959,0.99879,0.99905,2.62,1.00
2016.10.11 03:11:17.010,0.99878,0.99905,2.25,1.12
2016.10.11 03:11:17.060,0.99878,0.99905,1.87,1.12
2016.10.11 03:11:17.162,0.9988,0.99905,1.12,1.12
2016.10.11 03:11:17.430,0.9988,0.99905,1.12,1.12
2016.10.11 03:11:17.503,0.9988,0.99904,1.12,1.00
2016.10.11 03:11:17.554,0.99878,0.99904,1.87,1.00
2016.10.11 03:11:17.662,0.99878,0.99904,1.87,1.00
2016.10.11 03:11:17.713,0.99878,0.99906,1.87,2.25
2016.10.11 03:11:17.863,0.99878,0.99906,1.12,2.25
2016.10.11 03:11:17.914,0.99878,0.99901,1.12,1.00
2016.10.11 03:11:18.157,0.99878,0.99901,1.75,1.00
2016.10.11 03:11:18.365,0.99878,0.99901,1.75,1.00
2016.10.11 03:11:19.005,0.99878,0.99901,1.12,1.00
2016.10.11 03:11:19.056,0.99878,0.99901,1.75,1.00
2016.10.11 03:11:19.107,0.99878,0.99901,1.75,1.50
2016.10.11 03:11:19.158,0.99877,0.99901,1.75,1.50
2016.10.11 03:11:19.408,0.99878,0.99901,1.87,1.00
2016.10.11 03:11:19.510,0.99877,0.99901,2.62,1.00
2016.10.11 03:11:19.560,0.99881,0.99901,1.87,1.00
2016.10.11 03:11:19.712,0.99881,0.99906,1.87,1.00
2016.10.11 03:11:19.869,0.99881,0.99906,1.75,1.00
2016.10.11 03:11:20.868,0.99882,0.99906,1.12,1.00
2016.10.11 03:11:21.172,0.99881,0.99907,1.12,1.00
2016.10.11 03:11:21.222,0.99881,0.99907,1.12,1.50
2016.10.11 03:11:21.530,0.99881,0.99905,1.87,1.00
2016.10.11 03:11:23.050,0.99883,0.99906,1.75,1.00
2016.10.11 03:11:23.228,0.99884,0.99907,1.75,1.50
2016.10.11 03:11:23.411,0.99883,0.99906,1.75,1.00
2016.10.11 03:11:23.563,0.99881,0.99906,3.00,1.00
2016.10.11 03:11:23.614,0.99881,0.99906,1.12,1.00
2016.10.11 03:11:23.665,0.99882,0.99906,1.12,1.00
2016.10.11 03:11:23.940,0.99882,0.99906,1.75,1.00
2016.10.11 03:11:23.993,0.99882,0.99907,1.75,1.50
2016.10.11 03:11:24.084,0.99883,0.99907,1.75,1.00
2016.10.11 03:11:24.773,0.99883,0.99907,1.75,1.00
2016.10.11 03:11:24.824,0.99883,0.99907,1.87,1.00
2016.10.11 03:11:24.976,0.99883,0.99907,1.87,1.00
2016.10.11 03:11:25.086,0.99885,0.99907,1.00,1.00
2016.10.11 03:11:25.189,0.99884,0.99907,1.37,1.00
2016.10.11 03:11:25.415,0.99884,0.99911,1.37,1.50
2016.10.11 03:11:25.465,0.99883,0.99911,1.75,1.50
2016.10.11 03:11:25.587,0.99883,0.99906,1.75,1.00
2016.10.11 03:11:26.197,0.99874,0.99898,1.50,1.37
2016.10.11 03:11:26.248,0.99877,0.99902,1.50,1.50
2016.10.11 03:11:26.298,0.99877,0.99902,1.75,1.37
2016.10.11 03:11:26.349,0.99877,0.99903,1.75,1.00
2016.10.11 03:11:26.451,0.99877,0.99905,3.37,1.00
2016.10.11 03:11:26.552,0.99878,0.99905,1.75,1.00
2016.10.11 03:11:26.602,0.99878,0.99905,1.75,1.12
2016.10.11 03:11:26.653,0.99877,0.99906,1.87,2.25
2016.10.11 03:11:26.704,0.99881,0.99906,1.00,2.25
2016.10.11 03:11:26.912,0.99877,0.99906,3.75,2.25
2016.10.11 03:11:26.963,0.99878,0.99906,1.75,2.25
2016.10.11 03:11:27.014,0.99878,0.99901,1.75,1.00
2016.10.11 03:11:27.065,0.99878,0.99901,1.75,1.00
2016.10.11 03:11:27.116,0.99878,0.99904,1.75,1.50
2016.10.11 03:11:27.166,0.99876,0.99899,2.62,1.00
2016.10.11 03:11:27.217,0.99871,0.99899,1.87,1.50
2016.10.11 03:11:27.268,0.9987,0.99899,3.75,1.50
2016.10.11 03:11:27.318,0.9987,0.99897,3.75,1.00
2016.10.11 03:11:27.369,0.9987,0.99897,3.37,1.00
2016.10.11 03:11:27.470,0.99871,0.99896,1.87,1.00
2016.10.11 03:11:27.784,0.99871,0.99896,1.12,1.00
2016.10.11 03:11:27.885,0.99873,0.99896,1.75,1.00
2016.10.11 03:11:27.987,0.99874,0.99896,1.87,1.00
2016.10.11 03:11:28.038,0.99874,0.99901,1.87,1.12
2016.10.11 03:11:28.089,0.99875,0.99901,1.12,1.12
2016.10.11 03:11:28.140,0.99879,0.99901,1.00,1.00
2016.10.11 03:11:28.245,0.99879,0.99902,1.00,1.00
2016.10.11 03:11:28.296,0.99879,0.99902,1.50,1.00
2016.10.11 03:11:28.346,0.99879,0.99902,1.75,1.00
2016.10.11 03:11:28.768,0.99879,0.99902,1.87,1.00
2016.10.11 03:11:28.818,0.99883,0.99902,1.00,1.00
2016.10.11 03:11:28.920,0.99879,0.99906,1.75,1.50
2016.10.11 03:11:28.971,0.99883,0.99906,1.12,1.50
2016.10.11 03:11:29.021,0.99886,0.99906,1.00,1.00
2016.10.11 03:11:30.500,0.99886,0.99907,1.00,1.00
2016.10.11 03:11:31.646,0.99886,0.99906,1.00,1.00
2016.10.11 03:11:31.697,0.99883,0.99906,1.50,1.00
2016.10.11 03:11:31.798,0.99883,0.99906,1.87,1.00
2016.10.11 03:11:31.849,0.99885,0.99906,1.00,1.00
2016.10.11 03:11:33.504,0.99885,0.99907,1.00,1.00
2016.10.11 03:11:35.855,0.99887,0.9991,1.00,1.00
2016.10.11 03:11:35.921,0.99887,0.9991,1.00,1.00
2016.10.11 03:11:35.971,0.99887,0.99912,1.50,1.00
2016.10.11 03:11:36.022,0.99887,0.99911,1.50,1.00
2016.10.11 03:11:36.074,0.99886,0.99911,3.75,1.00
2016.10.11 03:11:36.125,0.99886,0.99914,3.75,1.00
2016.10.11 03:11:36.176,0.99889,0.99914,1.37,1.00
2016.10.11 03:11:36.227,0.99889,0.99912,1.37,1.00
2016.10.11 03:11:36.278,0.99887,0.99912,1.87,1.00
2016.10.11 03:11:37.228,0.99887,0.99914,1.87,1.00
2016.10.11 03:11:37.364,0.9989,0.99914,1.12,1.00
2016.10.11 03:11:37.415,0.9989,0.99914,1.50,1.00
2016.10.11 03:11:37.466,0.99889,0.99914,1.75,1.00
2016.10.11 03:11:37.517,0.99889,0.99911,1.75,1.00
2016.10.11 03:11:37.567,0.99892,0.99911,1.00,1.00
2016.10.11 03:11:38.071,0.99893,0.99911,1.00,1.00
2016.10.11 03:11:38.122,0.99893,0.99914,1.00,1.00
2016.10.11 03:11:40.470,0.9989,0.99916,1.87,1.12
2016.10.11 03:11:40.521,0.99892,0.99916,1.00,1.12
2016.10.11 03:11:40.572,0.9989,0.99917,1.87,1.50
2016.10.11 03:11:40.623,0.99891,0.99916,1.12,1.00
2016.10.11 03:11:40.723,0.99891,0.99916,1.12,1.00
2016.10.11 03:11:40.829,0.99891,0.99916,1.12,1.00
2016.10.11 03:11:41.012,0.9989,0.99915,1.75,1.00
2016.10.11 03:11:41.233,0.99887,0.99911,1.12,1.50
2016.10.11 03:11:41.481,0.99886,0.99911,1.87,1.50
2016.10.11 03:11:41.534,0.99886,0.99911,1.87,1.00
2016.10.11 03:11:41.585,0.99887,0.99911,1.12,1.00
2016.10.11 03:11:41.687,0.99888,0.99911,1.37,1.00
2016.10.11 03:11:41.889,0.99888,0.99911,1.37,1.00
2016.10.11 03:11:42.104,0.99888,0.99911,2.62,1.00
2016.10.11 03:11:42.484,0.99888,0.99912,1.37,1.00
2016.10.11 03:11:42.535,0.99888,0.99912,1.37,1.00
2016.10.11 03:11:42.585,0.99887,0.99914,1.75,1.12
2016.10.11 03:11:42.637,0.99887,0.99915,1.75,1.50
2016.10.11 03:11:42.687,0.99887,0.99913,1.12,1.00
2016.10.11 03:11:42.738,0.99887,0.99907,1.12,1.00
2016.10.11 03:11:43.173,0.99887,0.99907,2.62,1.00
2016.10.11 03:11:43.224,0.99878,0.99907,1.87,1.87
2016.10.11 03:11:43.307,0.99884,0.99907,1.00,1.87
2016.10.11 03:11:43.358,0.99881,0.99907,1.87,1.50
2016.10.11 03:11:43.459,0.99881,0.99907,1.87,1.00
2016.10.11 03:11:43.510,0.99881,0.99907,1.75,1.00
2016.10.11 03:11:43.561,0.99881,0.99907,1.75,1.50
2016.10.11 03:11:43.664,0.99881,0.99906,1.75,1.00
2016.10.11 03:11:43.883,0.99884,0.99906,1.00,1.50
2016.10.11 03:11:43.936,0.99882,0.99906,1.75,1.00
2016.10.11 03:11:44.139,0.99882,0.99907,1.75,1.12
2016.10.11 03:11:44.190,0.99881,0.99907,1.75,1.12
2016.10.11 03:11:44.241,0.99881,0.99906,1.75,1.00
2016.10.11 03:11:44.293,0.99882,0.99906,1.75,1.00
2016.10.11 03:11:44.394,0.99882,0.99906,1.87,1.00
2016.10.11 03:11:44.496,0.99881,0.99906,1.75,1.00
2016.10.11 03:11:44.546,0.99881,0.99907,1.75,1.87
2016.10.11 03:11:44.778,0.99882,0.99907,1.75,1.87
2016.10.11 03:11:44.829,0.99882,0.99906,1.75,1.00
2016.10.11 03:11:45.359,0.99882,0.99909,2.62,1.00
2016.10.11 03:11:45.410,0.99883,0.99909,1.12,1.00
2016.10.11 03:11:45.511,0.99882,0.99909,3.37,1.37
2016.10.11 03:11:45.749,0.99881,0.99905,1.00,1.00
2016.10.11 03:11:46.045,0.99881,0.99905,1.00,1.00
2016.10.11 03:11:46.401,0.99881,0.99902,1.00,1.00
2016.10.11 03:11:46.453,0.99881,0.99904,1.00,1.00
2016.10.11 03:11:46.655,0.99881,0.99901,1.00,1.00
2016.10.11 03:11:47.649,0.99881,0.99905,1.12,1.00
2016.10.11 03:11:47.751,0.99881,0.99905,1.00,1.00
2016.10.11 03:11:47.852,0.99881,0.99905,1.37,1.00
2016.10.11 03:11:48.243,0.99881,0.99905,1.00,1.00
2016.10.11 03:11:48.444,0.99881,0.99906,1.00,2.17
2016.10.11 03:11:48.811,0.99881,0.99906,1.00,2.17
2016.10.11 03:11:49.053,0.99881,0.99906,1.00,1.00
2016.10.11 03:11:49.330,0.99881,0.99906,1.00,1.50
2016.10.11 03:11:49.381,0.99881,0.99906,1.00,1.67
2016.10.11 03:11:49.432,0.99881,0.99901,1.00,1.00
2016.10.11 03:11:49.634,0.99877,0.99901,1.87,1.00
2016.10.11 03:11:49.685,0.99879,0.99901,1.00,1.00
2016.10.11 03:11:49.736,0.99879,0.99903,1.00,1.00
2016.10.11 03:11:49.787,0.99879,0.99904,1.00,1.50
2016.10.11 03:11:49.837,0.99879,0.99904,1.12,1.50
2016.10.11 03:11:49.888,0.99879,0.99904,1.12,1.00
2016.10.11 03:11:49.939,0.99879,0.99905,2.62,1.37
2016.10.11 03:11:50.332,0.99883,0.99906,1.00,1.50
2016.10.11 03:11:50.558,0.99883,0.99906,1.00,1.00
2016.10.11 03:11:51.020,0.99883,0.99906,1.87,1.00
2016.10.11 03:11:51.327,0.99884,0.99906,1.12,1.00
2016.10.11 03:11:51.460,0.99883,0.99906,1.87,1.00
2016.10.11 03:11:52.664,0.99882,0.99907,1.87,1.00
2016.10.11 03:11:52.766,0.99883,0.99907,1.50,1.00
2016.10.11 03:11:52.867,0.99881,0.99908,1.12,1.50
2016.10.11 03:11:53.290,0.99881,0.99908,1.12,1.50
2016.10.11 03:11:53.347,0.99879,0.99906,3.75,1.87
2016.10.11 03:11:53.824,0.99881,0.99906,1.12,1.87
2016.10.11 03:11:54.125,0.99882,0.99906,1.37,1.87
2016.10.11 03:11:56.239,0.99882,0.99906,1.37,1.87
2016.10.11 03:11:56.443,0.99881,0.99906,1.12,1.87
2016.10.11 03:11:56.542,0.99881,0.99902,1.12,1.00
2016.10.11 03:11:56.642,0.99881,0.99906,1.12,1.87
2016.10.11 03:11:56.963,0.9988,0.99906,1.12,1.12
2016.10.11 03:11:57.165,0.9988,0.99904,1.75,1.00
2016.10.11 03:11:57.279,0.99882,0.99903,1.37,1.00
2016.10.11 03:11:57.675,0.99882,0.99905,1.12,1.00
2016.10.11 03:11:57.726,0.99882,0.99905,1.12,1.00
2016.10.11 03:11:58.139,0.99882,0.99905,1.12,1.00
2016.10.11 03:11:58.816,0.99882,0.99907,1.12,1.00
2016.10.11 03:11:58.867,0.99887,0.99906,1.87,1.00
2016.10.11 03:11:58.982,0.99888,0.99907,1.00,1.00
2016.10.11 03:11:59.287,0.99888,0.99912,1.12,1.50
2016.10.11 03:11:59.490,0.99889,0.99911,1.12,1.00
2016.10.11 03:11:59.819,0.99889,0.99912,1.12,1.50
2016.10.11 03:11:59.943,0.99889,0.99912,1.37,1.50
2016.10.11 03:12:00.473,0.99889,0.99911,1.37,1.00
2016.10.11 03:12:00.523,0.99886,0.99911,1.12,1.00
2016.10.11 03:12:00.574,0.99886,0.99911,1.12,1.00
2016.10.11 03:12:00.737,0.99886,0.99911,1.12,1.00
2016.10.11 03:12:01.037,0.99885,0.99912,1.12,1.12
2016.10.11 03:12:01.088,0.99885,0.99912,1.87,1.12
2016.10.11 03:12:01.141,0.99885,0.99912,1.12,1.12
2016.10.11 03:12:01.192,0.99885,0.99911,1.87,1.00
2016.10.11 03:12:01.242,0.99886,0.99911,1.12,1.00
2016.10.11 03:12:01.293,0.99886,0.99906,1.87,1.00
2016.10.11 03:12:01.395,0.99886,0.99906,1.12,1.00
2016.10.11 03:12:01.446,0.99886,0.99906,1.12,1.00
2016.10.11 03:12:02.244,0.99885,0.99906,1.75,1.00
2016.10.11 03:12:02.842,0.99885,0.99911,1.75,1.00
2016.10.11 03:12:03.038,0.99884,0.99911,3.75,1.00
2016.10.11 03:12:03.108,0.99884,0.99906,3.75,1.00
2016.10.11 03:12:03.243,0.99884,0.99906,3.75,1.00
2016.10.11 03:12:03.546,0.99885,0.99906,1.87,1.00
2016.10.11 03:12:03.956,0.99884,0.99906,3.37,1.00
2016.10.11 03:12:04.453,0.99884,0.99906,3.37,1.00
2016.10.11 03:12:04.504,0.99887,0.99911,1.00,2.25
2016.10.11 03:12:04.555,0.99885,0.99908,1.37,1.37
2016.10.11 03:12:04.606,0.99885,0.99908,1.00,1.75
2016.10.11 03:12:04.657,0.99882,0.99906,1.00,1.37
2016.10.11 03:12:04.893,0.99877,0.99903,2.62,1.37
2016.10.11 03:12:04.948,0.99875,0.99903,1.75,1.75
2016.10.11 03:12:04.998,0.99875,0.99901,1.75,1.12
2016.10.11 03:12:05.049,0.99875,0.99901,2.25,1.12
2016.10.11 03:12:05.201,0.99879,0.99901,1.00,1.00
2016.10.11 03:12:06.066,0.99886,0.99901,1.00,1.00
2016.10.11 03:12:06.117,0.99886,0.99906,1.12,1.00
2016.10.11 03:12:06.168,0.99886,0.99907,1.00,1.00
2016.10.11 03:12:06.273,0.99886,0.99911,1.00,1.00
2016.10.11 03:12:06.402,0.99886,0.99912,1.75,1.00
2016.10.11 03:12:06.726,0.99891,0.99916,3.37,1.00
2016.10.11 03:12:06.959,0.99892,0.99916,2.25,1.00
2016.10.11 03:12:07.015,0.99894,0.99916,1.75,1.00
2016.10.11 03:12:07.065,0.99894,0.99916,1.75,1.00
2016.10.11 03:12:07.264,0.99894,0.99921,1.75,1.12
2016.10.11 03:12:07.374,0.99893,0.99921,3.75,1.12
2016.10.11 03:12:07.504,0.99894,0.99921,1.87,1.12
2016.10.11 03:12:07.868,0.99894,0.99921,1.87,1.12
2016.10.11 03:12:07.986,0.99894,0.99921,1.75,1.12
2016.10.11 03:12:09.171,0.99893,0.99917,2.62,1.00
2016.10.11 03:12:09.222,0.9989,0.99917,3.37,1.00
2016.10.11 03:12:09.398,0.9989,0.99917,1.75,1.37
2016.10.11 03:12:09.448,0.99883,0.99913,1.87,1.75
2016.10.11 03:12:09.499,0.99882,0.99913,2.62,1.75
2016.10.11 03:12:09.569,0.99882,0.99911,2.62,1.50
2016.10.11 03:12:09.670,0.99883,0.99911,1.87,1.50
2016.10.11 03:12:09.861,0.99882,0.99911,2.25,1.50
2016.10.11 03:12:10.161,0.99883,0.99911,1.87,1.50
2016.10.11 03:12:10.647,0.99883,0.99911,1.75,1.50
2016.10.11 03:12:12.131,0.99883,0.99911,1.75,2.25
2016.10.11 03:12:12.369,0.99883,0.99911,1.75,2.25
2016.10.11 03:12:12.471,0.99883,0.99911,1.87,2.25
2016.10.11 03:12:13.732,0.99883,0.99911,2.62,1.50
2016.10.11 03:12:13.783,0.99884,0.99911,1.12,1.50
2016.10.11 03:12:13.884,0.99884,0.99911,1.12,1.37
2016.10.11 03:12:13.935,0.99888,0.99911,1.00,1.00
2016.10.11 03:12:15.890,0.99888,0.99913,1.00,1.50
2016.10.11 03:12:15.943,0.99888,0.99913,1.00,1.87
2016.10.11 03:12:15.993,0.99882,0.99913,3.37,1.87
2016.10.11 03:12:16.095,0.99882,0.99912,3.75,1.75
2016.10.11 03:12:16.653,0.99882,0.99911,3.75,1.75
2016.10.11 03:12:16.704,0.99882,0.99911,3.75,1.75
2016.10.11 03:12:17.082,0.99882,0.99906,3.75,1.00
2016.10.11 03:12:17.374,0.99883,0.99906,1.12,1.00
2016.10.11 03:12:17.425,0.99883,0.99911,1.12,1.75
2016.10.11 03:12:17.475,0.99882,0.99911,3.37,1.75
2016.10.11 03:12:17.526,0.99882,0.99906,1.75,1.00
2016.10.11 03:12:17.627,0.99881,0.9991,1.75,1.50
2016.10.11 03:12:17.681,0.99881,0.9991,1.75,1.50
2016.10.11 03:12:17.782,0.99881,0.9991,2.25,1.50
2016.10.11 03:12:18.203,0.99881,0.99911,2.25,2.25
2016.10.11 03:12:18.275,0.99881,0.99912,1.75,1.75
2016.10.11 03:12:18.342,0.99882,0.99911,1.12,1.75
2016.10.11 03:12:18.476,0.99881,0.99911,2.62,1.75
2016.10.11 03:12:18.660,0.99881,0.99911,2.62,2.25
2016.10.11 03:12:18.777,0.99882,0.99911,1.12,2.25
2016.10.11 03:12:18.827,0.99882,0.99911,1.12,2.25
2016.10.11 03:12:18.945,0.99883,0.99911,1.75,1.75
2016.10.11 03:12:19.199,0.99883,0.99911,1.75,1.75
2016.10.11 03:12:21.106,0.99888,0.99912,1.00,1.00
2016.10.11 03:12:21.601,0.99888,0.99913,1.00,1.00
2016.10.11 03:12:21.803,0.99888,0.99911,1.00,1.00
2016.10.11 03:12:22.397,0.99888,0.99912,1.00,1.00
2016.10.11 03:12:23.458,0.99884,0.99912,1.87,1.37
2016.10.11 03:12:23.509,0.99884,0.99912,2.62,1.75
2016.10.11 03:12:23.986,0.99884,0.99912,2.25,1.75
2016.10.11 03:12:25.589,0.99884,0.99914,2.25,1.75
2016.10.11 03:12:25.640,0.99884,0.99913,2.25,1.12
2016.10.11 03:12:25.726,0.99884,0.99912,2.25,1.12
2016.10.11 03:12:25.828,0.99884,0.99912,1.75,2.62
2016.10.11 03:12:25.878,0.99883,0.99912,2.62,2.62
2016.10.11 03:12:25.929,0.99883,0.99911,2.62,1.50
2016.10.11 03:12:25.980,0.99884,0.99911,1.75,1.50
2016.10.11 03:12:26.031,0.99885,0.99911,1.75,1.50
2016.10.11 03:12:26.090,0.99884,0.99911,2.62,1.50
2016.10.11 03:12:26.307,0.99893,0.99916,1.37,3.75
2016.10.11 03:12:26.358,0.99893,0.99914,1.75,1.00
2016.10.11 03:12:26.410,0.9989,0.99914,2.62,1.00
2016.10.11 03:12:26.461,0.99887,0.99914,1.75,1.12
2016.10.11 03:12:26.512,0.99887,0.99911,1.75,1.00
2016.10.11 03:12:26.614,0.99886,0.99911,2.62,1.00
2016.10.11 03:12:26.665,0.99887,0.99911,1.00,1.00
2016.10.11 03:12:27.305,0.99887,0.99912,1.00,2.25
2016.10.11 03:12:27.499,0.99887,0.99912,1.00,2.25
2016.10.11 03:12:27.911,0.99887,0.99911,1.87,1.00
2016.10.11 03:12:28.014,0.99887,0.99911,1.87,1.00
2016.10.11 03:12:28.115,0.99887,0.99911,1.87,1.00
2016.10.11 03:12:29.103,0.99887,0.99911,1.87,1.00
2016.10.11 03:12:29.328,0.99887,0.99911,1.87,1.00
2016.10.11 03:12:29.429,0.99886,0.99911,4.50,1.00
2016.10.11 03:12:30.115,0.99886,0.99916,4.50,1.50
2016.10.11 03:12:30.216,0.99887,0.99916,1.87,1.50
2016.10.11 03:12:31.106,0.99887,0.99916,1.87,1.50
2016.10.11 03:12:31.333,0.99886,0.99914,3.37,1.50
2016.10.11 03:12:31.384,0.99884,0.99914,1.87,2.25
2016.10.11 03:12:31.435,0.99886,0.99914,1.37,2.25
2016.10.11 03:12:31.640,0.99887,0.99914,1.00,2.25
2016.10.11 03:12:31.691,0.99886,0.99914,1.12,2.25
2016.10.11 03:12:32.482,0.99885,0.99914,1.12,1.50
2016.10.11 03:12:33.245,0.99885,0.99914,1.12,1.50
2016.10.11 03:12:33.654,0.99885,0.99914,1.12,2.25
2016.10.11 03:12:33.705,0.99885,0.99914,1.12,2.62
2016.10.11 03:12:33.818,0.99885,0.99912,1.12,1.00
2016.10.11 03:12:34.106,0.99888,0.99912,1.00,1.00
2016.10.11 03:12:34.348,0.99888,0.99912,1.00,1.00
2016.10.11 03:12:34.507,0.9989,0.99912,1.87,1.00
2016.10.11 03:12:34.745,0.99895,0.99915,1.87,1.00
2016.10.11 03:12:34.798,0.99898,0.99923,1.00,1.50
2016.10.11 03:12:34.849,0.99898,0.99921,1.00,1.00
2016.10.11 03:12:34.950,0.99898,0.99916,1.00,1.00
2016.10.11 03:12:35.333,0.99899,0.99929,1.87,1.75
2016.10.11 03:12:35.434,0.99898,0.99929,3.75,1.75
2016.10.11 03:12:35.486,0.99899,0.99931,1.75,4.12
2016.10.11 03:12:35.536,0.999,0.99926,1.12,1.12
2016.10.11 03:12:35.784,0.999,0.99926,1.12,1.12
2016.10.11 03:12:35.835,0.99901,0.99931,1.75,4.12
2016.10.11 03:12:35.908,0.99902,0.99931,1.75,2.25
2016.10.11 03:12:35.959,0.99906,0.99931,1.00,1.37
2016.10.11 03:12:36.009,0.99902,0.99931,4.12,1.12
2016.10.11 03:12:36.060,0.99903,0.99931,1.75,1.50
2016.10.11 03:12:36.111,0.99903,0.99931,1.75,1.75
2016.10.11 03:12:36.161,0.99902,0.99931,2.25,1.75
2016.10.11 03:12:36.217,0.99902,0.99931,2.25,1.75
2016.10.11 03:12:36.268,0.99902,0.99933,2.25,1.12
2016.10.11 03:12:36.319,0.99902,0.99932,2.25,1.12
2016.10.11 03:12:36.370,0.99902,0.99932,2.25,3.00
2016.10.11 03:12:36.421,0.99903,0.99931,1.75,1.12
2016.10.11 03:12:36.522,0.99902,0.99932,2.25,2.62
2016.10.11 03:12:36.572,0.99902,0.99927,2.25,1.00
2016.10.11 03:12:37.264,0.99903,0.99922,1.37,1.00
2016.10.11 03:12:37.314,0.99903,0.99922,1.00,1.00
2016.10.11 03:12:37.365,0.99894,0.99922,2.62,1.87
2016.10.11 03:12:37.416,0.99893,0.99922,1.12,2.25
2016.10.11 03:12:37.466,0.99892,0.99922,1.87,2.25
2016.10.11 03:12:37.521,0.99893,0.99922,1.12,2.25
2016.10.11 03:12:37.622,0.99892,0.99922,1.87,1.75
2016.10.11 03:12:37.949,0.99892,0.99922,1.75,1.75
2016.10.11 03:12:39.209,0.99892,0.99916,1.75,1.00
2016.10.11 03:12:39.668,0.99891,0.99921,1.75,1.75
2016.10.11 03:12:39.769,0.99891,0.99917,1.75,1.00
2016.10.11 03:12:39.971,0.99892,0.99917,1.12,1.00
2016.10.11 03:12:40.308,0.99891,0.99917,1.87,1.00
2016.10.11 03:12:42.064,0.99891,0.99921,1.87,2.25
2016.10.11 03:12:42.115,0.99892,0.99921,1.12,2.25
2016.10.11 03:12:42.368,0.99892,0.99916,1.12,1.00
2016.10.11 03:12:42.469,0.99892,0.99921,1.12,1.75
2016.10.11 03:12:42.683,0.99894,0.99921,1.75,1.12
2016.10.11 03:12:42.734,0.99895,0.99921,1.50,1.12
2016.10.11 03:12:42.836,0.99895,0.99922,1.50,1.50
2016.10.11 03:12:42.886,0.99896,0.99922,1.12,1.50
2016.10.11 03:12:43.038,0.99896,0.99922,1.12,1.50
2016.10.11 03:12:43.089,0.99896,0.99922,1.75,1.00
2016.10.11 03:12:43.294,0.99897,0.99922,1.75,1.00
2016.10.11 03:12:43.770,0.99898,0.99928,1.75,3.37
2016.10.11 03:12:43.821,0.99898,0.99928,1.75,1.75
2016.10.11 03:12:43.872,0.99896,0.99926,2.62,1.75
2016.10.11 03:12:43.923,0.99898,0.99923,1.00,1.00
2016.10.11 03:12:43.973,0.99893,0.99924,3.37,1.75
2016.10.11 03:12:44.024,0.99893,0.99924,1.75,1.75
2016.10.11 03:12:44.075,0.99892,0.99921,3.37,1.75
2016.10.11 03:12:44.125,0.99892,0.99921,1.75,1.75
2016.10.11 03:12:44.176,0.99891,0.99917,1.50,1.12
2016.10.11 03:12:44.404,0.99891,0.99917,1.50,1.50
2016.10.11 03:12:44.455,0.99891,0.99919,1.50,1.75
2016.10.11 03:12:44.556,0.99892,0.99919,1.00,1.75
2016.10.11 03:12:44.657,0.99891,0.9992,1.50,3.37
2016.10.11 03:12:44.758,0.99891,0.9992,1.37,3.37
2016.10.11 03:12:44.859,0.99891,0.99919,1.50,1.75
2016.10.11 03:12:44.960,0.99895,0.9992,1.50,2.25
2016.10.11 03:12:45.011,0.99895,0.99922,1.87,1.12
2016.10.11 03:12:45.062,0.99894,0.99922,3.37,1.50
2016.10.11 03:12:45.112,0.99893,0.99922,2.25,1.75
2016.10.11 03:12:45.163,0.99893,0.99917,1.50,1.00
2016.10.11 03:12:45.531,0.99891,0.99917,2.25,1.12
2016.10.11 03:12:45.582,0.9989,0.99917,2.62,1.50
2016.10.11 03:12:45.683,0.9989,0.99917,1.50,1.50
2016.10.11 03:12:46.080,0.9989,0.99921,1.87,2.25
2016.10.11 03:12:46.181,0.99892,0.99921,1.00,2.25
2016.10.11 03:12:46.282,0.99892,0.99916,1.00,1.12
2016.10.11 03:12:47.070,0.9989,0.99916,1.87,1.12
2016.10.11 03:12:47.141,0.9989,0.99916,2.25,1.12
2016.10.11 03:12:47.192,0.9989,0.99916,2.25,1.12
2016.10.11 03:12:47.639,0.9989,0.9992,2.25,1.75
2016.10.11 03:12:47.740,0.9989,0.99917,2.25,1.50
2016.10.11 03:12:47.951,0.9989,0.99917,2.25,1.50
2016.10.11 03:12:48.002,0.9989,0.99917,1.50,1.50
2016.10.11 03:12:48.751,0.9989,0.99917,1.50,1.50
2016.10.11 03:12:48.802,0.9989,0.99917,2.25,1.50
2016.10.11 03:12:49.946,0.99891,0.99917,1.00,1.50
2016.10.11 03:12:50.467,0.9989,0.99917,1.50,1.37
2016.10.11 03:12:50.672,0.99887,0.99906,3.00,1.00
2016.10.11 03:12:50.752,0.99884,0.99906,1.12,1.00
2016.10.11 03:12:50.802,0.99884,0.99906,1.12,1.00
2016.10.11 03:12:50.904,0.99883,0.99906,1.50,1.00
2016.10.11 03:12:51.275,0.99884,0.99906,1.12,1.00
2016.10.11 03:12:51.632,0.99882,0.99906,1.75,1.00
2016.10.11 03:12:53.170,0.99882,0.99907,1.75,1.12
2016.10.11 03:12:54.671,0.99882,0.99907,1.87,1.12
2016.10.11 03:12:54.773,0.99883,0.99907,1.37,1.12
2016.10.11 03:12:54.823,0.99883,0.99907,1.87,1.00
2016.10.11 03:12:54.874,0.99883,0.99907,1.87,1.00
2016.10.11 03:12:54.975,0.99883,0.99912,1.87,2.25
2016.10.11 03:12:56.027,0.99883,0.99911,1.87,1.50
2016.10.11 03:12:56.078,0.99883,0.99911,1.75,1.50
2016.10.11 03:12:56.280,0.99882,0.99906,3.37,1.00
2016.10.11 03:12:57.166,0.99882,0.99906,3.37,1.00
2016.10.11 03:12:57.669,0.99882,0.99906,3.37,1.00
2016.10.11 03:12:57.771,0.99882,0.99906,1.75,1.00
2016.10.11 03:12:58.170,0.99882,0.99906,1.75,1.00
2016.10.11 03:12:59.270,0.99882,0.99906,1.75,1.00
2016.10.11 03:13:00.987,0.99882,0.99906,1.75,1.00
2016.10.11 03:13:01.187,0.99882,0.99906,1.75,1.00
2016.10.11 03:13:01.677,0.99882,0.99906,1.75,1.00
2016.10.11 03:13:01.778,0.9988,0.99906,4.12,1.00
2016.10.11 03:13:02.684,0.99881,0.99906,1.75,1.00
2016.10.11 03:13:03.192,0.99881,0.99906,1.75,1.00
2016.10.11 03:13:03.293,0.99881,0.99906,1.75,1.00
2016.10.11 03:13:03.654,0.9988,0.99906,2.25,1.37
2016.10.11 03:13:03.849,0.99879,0.99902,1.87,1.00
2016.10.11 03:13:03.913,0.9988,0.99907,1.75,1.50
2016.10.11 03:13:04.065,0.9988,0.99911,1.75,1.75
2016.10.11 03:13:04.166,0.9988,0.99906,1.75,1.12
2016.10.11 03:13:04.267,0.9988,0.99911,1.75,2.25
2016.10.11 03:13:04.318,0.9988,0.9991,1.75,1.75
2016.10.11 03:13:04.368,0.9988,0.99909,1.75,2.62
2016.10.11 03:13:04.419,0.9988,0.99909,1.37,2.62
2016.10.11 03:13:04.469,0.9988,0.99906,1.37,1.50
2016.10.11 03:13:04.520,0.99879,0.99906,1.50,1.50
2016.10.11 03:13:04.760,0.99879,0.99906,1.50,1.50
2016.10.11 03:13:04.810,0.99878,0.99902,1.75,1.00
2016.10.11 03:13:05.012,0.99878,0.99907,1.75,1.75
2016.10.11 03:13:05.273,0.99879,0.99907,1.50,1.75
2016.10.11 03:13:05.614,0.99879,0.99907,1.50,1.75
2016.10.11 03:13:05.699,0.99881,0.99907,1.12,1.75
2016.10.11 03:13:05.912,0.99881,0.99906,1.12,1.50
2016.10.11 03:13:06.071,0.99881,0.99909,1.12,2.62
2016.10.11 03:13:06.365,0.99881,0.99907,1.12,1.75
2016.10.11 03:13:06.568,0.99881,0.99906,1.12,1.50
2016.10.11 03:13:06.669,0.99881,0.99909,1.12,3.00
2016.10.11 03:13:06.720,0.99881,0.99909,1.12,2.62
2016.10.11 03:13:07.514,0.99881,0.99907,1.12,1.75
2016.10.11 03:13:08.825,0.99881,0.99907,1.12,1.75
2016.10.11 03:13:09.169,0.99881,0.99901,1.12,1.00
2016.10.11 03:13:10.244,0.99875,0.99897,1.37,1.12
2016.10.11 03:13:10.295,0.99871,0.99897,1.75,1.12
2016.10.11 03:13:10.696,0.99873,0.99897,1.37,1.12
2016.10.11 03:13:10.801,0.99873,0.99899,1.37,1.50
2016.10.11 03:13:11.905,0.99878,0.99901,1.00,1.75
2016.10.11 03:13:12.007,0.99882,0.99905,1.00,2.62
2016.10.11 03:13:12.057,0.99882,0.99906,1.00,3.37
2016.10.11 03:13:12.108,0.99882,0.99906,1.00,1.75
2016.10.11 03:13:12.210,0.99882,0.99908,1.00,3.37
2016.10.11 03:13:12.311,0.99881,0.99906,1.00,1.75
2016.10.11 03:13:12.522,0.99881,0.99902,1.00,1.00
2016.10.11 03:13:12.907,0.99884,0.99901,1.00,1.00
2016.10.11 03:13:13.009,0.99885,0.99907,1.00,1.75
2016.10.11 03:13:13.110,0.99885,0.99907,1.00,1.12
2016.10.11 03:13:13.161,0.99885,0.99907,1.00,1.37
2016.10.11 03:13:13.251,0.99882,0.99901,1.00,1.00
2016.10.11 03:13:13.510,0.99879,0.99902,1.00,1.75
2016.10.11 03:13:13.863,0.99878,0.99902,1.37,1.37
2016.10.11 03:13:13.914,0.99882,0.99904,1.00,1.00
2016.10.11 03:13:13.965,0.99882,0.99905,1.12,1.50
2016.10.11 03:13:14.585,0.99882,0.99906,1.12,1.50
2016.10.11 03:13:15.366,0.99882,0.99906,1.00,1.50
2016.10.11 03:13:15.417,0.99879,0.99902,1.00,1.00
2016.10.11 03:13:15.519,0.99879,0.99902,1.00,1.50
2016.10.11 03:13:15.800,0.99879,0.99901,1.00,1.00
2016.10.11 03:13:15.902,0.9988,0.99902,1.00,1.50
2016.10.11 03:13:16.003,0.99882,0.99902,1.00,1.00
2016.10.11 03:13:17.566,0.99885,0.99906,1.50,1.00
2016.10.11 03:13:17.617,0.99887,0.99912,1.00,2.25
2016.10.11 03:13:17.719,0.99887,0.99912,1.00,1.75
2016.10.11 03:13:18.023,0.99885,0.99911,1.00,1.75
2016.10.11 03:13:18.125,0.99885,0.99906,1.00,1.00
2016.10.11 03:13:19.625,0.99883,0.99906,1.00,1.00
2016.10.11 03:13:22.329,0.99885,0.99906,1.00,1.00
2016.10.11 03:13:22.431,0.99888,0.99907,1.00,1.12
2016.10.11 03:13:22.634,0.99888,0.99906,1.00,1.00
2016.10.11 03:13:22.736,0.99887,0.9991,1.00,1.75
2016.10.11 03:13:23.148,0.99887,0.99912,1.00,2.25
2016.10.11 03:13:23.226,0.99885,0.99911,1.12,1.75
2016.10.11 03:13:23.436,0.99885,0.99911,1.12,1.75
2016.10.11 03:13:23.637,0.99884,0.99911,1.50,1.75
2016.10.11 03:13:23.739,0.99884,0.99912,1.50,1.75
2016.10.11 03:13:23.790,0.99884,0.9991,1.12,2.62
2016.10.11 03:13:23.841,0.99884,0.99909,1.00,1.75
2016.10.11 03:13:24.060,0.99883,0.9991,1.00,3.37
2016.10.11 03:13:24.116,0.99883,0.99907,1.00,1.50
2016.10.11 03:13:24.218,0.99883,0.99906,1.00,1.37
2016.10.11 03:13:25.094,0.99883,0.99907,1.00,1.50
2016.10.11 03:13:25.359,0.99888,0.99911,1.00,1.00
2016.10.11 03:13:25.410,0.99888,0.99915,1.00,1.75
2016.10.11 03:13:25.460,0.99889,0.99914,1.00,1.75
2016.10.11 03:13:25.511,0.99889,0.99913,1.37,1.00
2016.10.11 03:13:25.562,0.99889,0.99917,1.50,1.75
2016.10.11 03:13:25.612,0.99889,0.99911,1.50,1.00
2016.10.11 03:13:25.683,0.99888,0.99911,1.75,1.00
2016.10.11 03:13:26.047,0.99888,0.99916,1.75,1.75
2016.10.11 03:13:26.098,0.99889,0.99912,1.50,1.00
2016.10.11 03:13:26.432,0.99891,0.99912,1.00,1.00
2016.10.11 03:13:26.844,0.99891,0.99917,1.00,2.25
2016.10.11 03:13:27.047,0.99891,0.99916,1.00,1.75
2016.10.11 03:13:27.197,0.99891,0.99917,1.00,2.25
2016.10.11 03:13:27.348,0.99891,0.99917,1.00,1.75
2016.10.11 03:13:27.628,0.99891,0.99917,1.00,2.25
2016.10.11 03:13:27.798,0.99891,0.99917,1.00,1.75
2016.10.11 03:13:27.848,0.99891,0.99918,1.00,3.37
2016.10.11 03:13:27.950,0.9989,0.99918,1.12,3.37
2016.10.11 03:13:28.000,0.9989,0.99912,1.12,1.00
2016.10.11 03:13:28.620,0.99889,0.99912,1.50,1.00
2016.10.11 03:13:29.330,0.9989,0.99912,1.12,1.00
2016.10.11 03:13:31.314,0.9989,0.99912,1.12,1.00
2016.10.11 03:13:32.760,0.9989,0.99912,1.12,1.00
2016.10.11 03:13:32.811,0.9989,0.99918,1.12,3.37
2016.10.11 03:13:33.060,0.9989,0.99917,1.12,1.75
2016.10.11 03:13:33.163,0.99891,0.99917,1.00,1.75
2016.10.11 03:13:33.563,0.99891,0.99917,1.00,1.75
2016.10.11 03:13:33.614,0.99891,0.99912,1.00,1.00
2016.10.11 03:13:34.108,0.99891,0.99917,1.00,2.25
2016.10.11 03:13:37.138,0.99891,0.99917,1.37,2.25
2016.10.11 03:13:37.189,0.99891,0.99917,1.50,1.75
2016.10.11 03:13:38.377,0.99891,0.99917,1.50,1.75
2016.10.11 03:13:39.898,0.99891,0.99917,1.50,1.75
2016.10.11 03:13:39.948,0.99894,0.99917,1.00,1.75
2016.10.11 03:13:40.050,0.99897,0.99922,1.00,3.37
2016.10.11 03:13:40.101,0.99897,0.99922,1.00,1.50
2016.10.11 03:13:40.203,0.99899,0.99922,1.00,1.12
2016.10.11 03:13:40.254,0.99896,0.99921,1.75,1.00
2016.10.11 03:13:40.356,0.99895,0.99921,1.75,1.00
2016.10.11 03:13:40.559,0.99894,0.9992,1.00,1.75
2016.10.11 03:13:40.889,0.99894,0.99921,1.00,3.37
2016.10.11 03:13:40.990,0.99894,0.99921,1.00,3.37
2016.10.11 03:13:41.049,0.99894,0.9992,1.00,1.75
2016.10.11 03:13:41.831,0.99893,0.9992,1.12,1.75
2016.10.11 03:13:42.058,0.99892,0.9992,1.37,1.75
2016.10.11 03:13:42.159,0.99893,0.9992,1.12,1.75
2016.10.11 03:13:42.553,0.99893,0.99921,1.12,3.37
2016.10.11 03:13:43.862,0.99892,0.99921,1.37,3.37
2016.10.11 03:13:44.964,0.99892,0.9992,1.37,1.75
2016.10.11 03:13:45.604,0.99892,0.9992,1.37,1.75
2016.10.11 03:13:47.436,0.99893,0.9992,1.12,1.75
2016.10.11 03:13:47.571,0.99893,0.9992,1.12,1.75
2016.10.11 03:13:47.737,0.99892,0.9992,1.37,1.75
2016.10.11 03:13:47.787,0.99892,0.99921,1.37,3.37
2016.10.11 03:13:55.690,0.99892,0.9992,1.37,1.75
2016.10.11 03:13:55.923,0.99892,0.99921,1.37,3.37
2016.10.11 03:13:55.974,0.99892,0.99916,1.37,1.12
2016.10.11 03:13:58.780,0.99892,0.99916,1.37,1.12
2016.10.11 03:13:59.882,0.99892,0.99916,1.37,1.12
2016.10.11 03:14:01.562,0.99892,0.99916,1.12,1.00
2016.10.11 03:14:03.450,0.99893,0.99916,1.00,1.00
2016.10.11 03:14:07.443,0.99893,0.99917,1.00,1.12
2016.10.11 03:14:13.282,0.99893,0.99916,1.00,1.00
2016.10.11 03:14:13.365,0.99893,0.99916,1.37,1.00
2016.10.11 03:14:13.415,0.99893,0.99916,1.75,1.00
2016.10.11 03:14:13.466,0.99895,0.99916,1.12,1.00
2016.10.11 03:14:13.658,0.99893,0.99917,1.75,1.00
2016.10.11 03:14:14.553,0.99893,0.9992,1.75,1.75
2016.10.11 03:14:14.604,0.99895,0.9992,1.12,1.75
2016.10.11 03:14:14.705,0.99898,0.99922,1.12,1.75
2016.10.11 03:14:14.756,0.99898,0.99921,1.12,1.12
2016.10.11 03:14:14.807,0.99899,0.99921,1.75,1.00
2016.10.11 03:14:14.908,0.99898,0.99921,2.25,1.00
2016.10.11 03:14:15.008,0.99898,0.99921,2.25,1.00
2016.10.11 03:14:15.109,0.99901,0.99921,1.75,1.00
2016.10.11 03:14:15.160,0.99901,0.99929,1.75,1.75
2016.10.11 03:14:15.664,0.99901,0.99928,1.75,1.75
2016.10.11 03:14:16.192,0.999,0.99928,1.75,1.75
2016.10.11 03:14:17.462,0.99902,0.99928,1.50,1.75
2016.10.11 03:14:18.437,0.99902,0.99929,1.50,1.75
2016.10.11 03:14:19.688,0.99901,0.99927,1.37,2.62
2016.10.11 03:14:19.739,0.99901,0.99924,1.00,1.12
2016.10.11 03:14:19.789,0.99895,0.99923,1.75,2.62
2016.10.11 03:14:19.840,0.99893,0.99921,1.75,1.12
2016.10.11 03:14:19.993,0.99893,0.99921,1.50,1.12
2016.10.11 03:14:20.043,0.99893,0.99918,1.50,1.00
2016.10.11 03:14:20.714,0.99893,0.99918,1.50,1.00
2016.10.11 03:14:20.815,0.99893,0.99916,1.50,1.00
2016.10.11 03:14:20.967,0.99893,0.99916,1.00,1.00
2016.10.11 03:14:21.018,0.99892,0.99916,1.00,1.50
2016.10.11 03:14:28.691,0.99891,0.99916,1.00,1.50
2016.10.11 03:14:29.628,0.99891,0.99916,1.00,1.50
2016.10.11 03:14:29.678,0.99896,0.9992,1.00,2.62
2016.10.11 03:14:29.729,0.99896,0.99921,1.12,3.37
2016.10.11 03:14:29.780,0.99893,0.99916,1.87,1.00
2016.10.11 03:14:29.999,0.99892,0.99916,2.25,1.37
2016.10.11 03:14:30.049,0.99892,0.99916,1.00,1.75
2016.10.11 03:14:30.201,0.99892,0.99919,1.00,2.62
2016.10.11 03:14:30.252,0.99892,0.99919,1.00,2.62
2016.10.11 03:14:30.303,0.99892,0.99917,1.00,1.75
2016.10.11 03:14:30.354,0.99892,0.99917,1.00,2.25
2016.10.11 03:14:30.405,0.99892,0.99917,1.00,1.75
2016.10.11 03:14:30.709,0.99892,0.99916,1.00,1.75
2016.10.11 03:14:31.000,0.99892,0.99916,1.00,1.75
2016.10.11 03:14:31.051,0.99892,0.99916,1.00,1.75
2016.10.11 03:14:31.102,0.99893,0.99917,1.00,1.75
2016.10.11 03:14:31.432,0.99893,0.99918,1.00,1.75
2016.10.11 03:14:31.632,0.99893,0.99917,1.00,1.75
2016.10.11 03:14:32.472,0.99893,0.99916,1.00,1.75
2016.10.11 03:14:32.808,0.99893,0.99918,1.00,1.75
2016.10.11 03:14:32.859,0.99893,0.99917,1.00,1.75
2016.10.11 03:14:33.011,0.99892,0.99917,1.00,2.25
2016.10.11 03:14:33.061,0.99892,0.99917,1.00,1.75
2016.10.11 03:14:33.163,0.99892,0.99917,1.00,2.25
2016.10.11 03:14:33.214,0.99892,0.99916,1.00,1.75
2016.10.11 03:14:33.277,0.99894,0.99916,1.00,1.75
2016.10.11 03:14:36.806,0.99893,0.99918,1.00,1.75
2016.10.11 03:14:37.060,0.99893,0.99917,1.00,1.75
2016.10.11 03:14:37.343,0.99893,0.99918,1.00,1.75
2016.10.11 03:14:37.865,0.99893,0.99917,1.00,1.75
2016.10.11 03:14:38.647,0.99893,0.99917,1.00,1.75
2016.10.11 03:14:39.503,0.99893,0.99917,1.12,1.75
2016.10.11 03:14:39.553,0.99893,0.9992,1.12,1.75
2016.10.11 03:14:40.147,0.99893,0.99919,1.12,1.75
2016.10.11 03:14:40.704,0.99893,0.99919,1.37,1.50
2016.10.11 03:14:40.919,0.99898,0.99919,1.37,1.37
2016.10.11 03:14:40.970,0.99898,0.99928,1.75,2.62
2016.10.11 03:14:41.071,0.99899,0.99923,1.00,1.00
2016.10.11 03:14:41.122,0.999,0.99923,1.00,1.00
2016.10.11 03:14:50.242,0.99899,0.99923,1.00,1.00
2016.10.11 03:14:50.902,0.99899,0.99923,1.50,1.00
2016.10.11 03:14:52.085,0.99899,0.99923,1.50,1.00
2016.10.11 03:14:53.883,0.99899,0.99923,1.50,1.00
2016.10.11 03:14:59.929,0.99899,0.99923,1.00,1.00
2016.10.11 03:15:00.880,0.99899,0.99923,1.50,1.00
2016.10.11 03:15:03.396,0.99899,0.99926,1.87,1.75
2016.10.11 03:15:03.465,0.99899,0.99924,1.87,1.00
2016.10.11 03:15:03.516,0.99899,0.99924,1.12,1.00
2016.10.11 03:15:03.718,0.99899,0.99924,1.00,1.00
2016.10.11 03:15:11.633,0.99898,0.99926,1.75,1.50
2016.10.11 03:15:11.683,0.99901,0.99926,1.00,1.50
2016.10.11 03:15:11.785,0.99901,0.99926,1.00,1.50
2016.10.11 03:15:12.929,0.99901,0.99926,1.50,1.50
2016.10.11 03:15:13.031,0.99903,0.99926,1.00,1.00
2016.10.11 03:15:13.132,0.99903,0.9993,1.00,2.62
2016.10.11 03:15:13.183,0.99903,0.99931,1.12,2.25
2016.10.11 03:15:13.234,0.99903,0.99931,1.50,1.75
2016.10.11 03:15:13.284,0.99905,0.99929,1.00,1.00
2016.10.11 03:15:13.335,0.99903,0.99929,1.37,1.00
2016.10.11 03:15:13.386,0.99903,0.99931,1.12,1.75
2016.10.11 03:15:17.320,0.99902,0.99931,1.50,1.75
2016.10.11 03:15:20.435,0.99902,0.99932,1.50,2.25
2016.10.11 03:15:20.855,0.99902,0.99931,1.50,1.87
2016.10.11 03:15:20.990,0.99902,0.99931,1.50,1.87
2016.10.11 03:15:21.041,0.99901,0.99931,1.75,1.87
2016.10.11 03:15:21.256,0.99901,0.99931,1.75,2.62
2016.10.11 03:15:21.391,0.99901,0.99931,1.75,2.62
2016.10.11 03:15:22.412,0.99903,0.99931,1.12,1.75
2016.10.11 03:15:22.462,0.99903,0.99931,1.50,1.37
2016.10.11 03:15:22.513,0.99903,0.99931,1.75,1.12
2016.10.11 03:15:22.593,0.99903,0.99931,1.75,1.12
2016.10.11 03:15:22.809,0.99903,0.99931,1.75,1.12
2016.10.11 03:15:23.275,0.99903,0.99926,1.75,1.00
2016.10.11 03:15:23.326,0.99903,0.99926,1.75,1.00
2016.10.11 03:15:23.377,0.99903,0.99931,1.75,1.12
2016.10.11 03:15:23.428,0.99907,0.99931,1.37,1.12
2016.10.11 03:15:23.508,0.99908,0.99933,1.00,1.50
2016.10.11 03:15:23.559,0.99908,0.99936,1.50,1.75
2016.10.11 03:15:23.609,0.99908,0.99936,1.75,2.62
2016.10.11 03:15:23.660,0.99908,0.99931,1.75,1.00
2016.10.11 03:15:23.711,0.99908,0.99931,1.75,1.00
2016.10.11 03:15:23.812,0.99904,0.99926,2.62,1.00
2016.10.11 03:15:23.863,0.99904,0.99931,2.25,1.87
2016.10.11 03:15:23.914,0.99901,0.99931,2.25,2.25
2016.10.11 03:15:23.965,0.99901,0.99927,1.50,1.00
2016.10.11 03:15:24.148,0.99902,0.99932,1.50,3.37
2016.10.11 03:15:24.250,0.99902,0.99932,1.50,4.12
2016.10.11 03:15:24.301,0.99902,0.99932,1.50,4.12
2016.10.11 03:15:24.352,0.99903,0.99931,1.37,1.75
2016.10.11 03:15:24.403,0.99903,0.99931,1.37,1.75
2016.10.11 03:15:24.555,0.99903,0.99931,1.37,2.25
2016.10.11 03:15:24.606,0.99903,0.99931,1.37,2.25
2016.10.11 03:15:24.656,0.99902,0.99931,1.50,2.25
2016.10.11 03:15:24.967,0.99902,0.99931,1.50,1.75
2016.10.11 03:15:25.018,0.99902,0.99931,1.50,1.75
2016.10.11 03:15:25.315,0.99902,0.99926,1.50,1.00
2016.10.11 03:15:25.467,0.99902,0.99931,1.37,1.75
2016.10.11 03:15:26.119,0.99903,0.99931,1.37,1.75
2016.10.11 03:15:26.271,0.99903,0.99932,1.37,4.12
2016.10.11 03:15:27.004,0.99903,0.99932,1.37,4.12
2016.10.11 03:15:27.477,0.99903,0.99931,1.37,1.75
2016.10.11 03:15:27.528,0.99903,0.99931,1.37,1.75
2016.10.11 03:15:27.578,0.99903,0.99931,1.37,2.25
2016.10.11 03:15:28.106,0.99903,0.99931,1.37,2.25
2016.10.11 03:15:28.157,0.99903,0.99927,1.37,1.12
2016.10.11 03:15:28.306,0.99903,0.99927,1.37,1.12
2016.10.11 03:15:28.438,0.99903,0.99931,1.37,1.75
2016.10.11 03:15:29.135,0.99905,0.99932,1.87,3.00
2016.10.11 03:15:29.186,0.99905,0.99931,2.25,1.00
2016.10.11 03:15:29.236,0.99905,0.99931,1.75,1.00
2016.10.11 03:15:29.287,0.99905,0.99931,3.37,1.00
2016.10.11 03:15:29.338,0.99905,0.99931,3.37,1.37
2016.10.11 03:15:29.389,0.99905,0.99931,1.50,1.75
2016.10.11 03:15:29.439,0.99903,0.99931,1.75,1.75
2016.10.11 03:15:29.508,0.99903,0.99931,1.75,1.75
2016.10.11 03:15:29.733,0.99902,0.99931,2.62,1.75
2016.10.11 03:15:29.784,0.99903,0.99931,1.75,1.75
2016.10.11 03:15:30.255,0.99903,0.99931,1.87,1.75
2016.10.11 03:15:30.310,0.99903,0.99931,1.87,1.75
2016.10.11 03:15:30.541,0.99903,0.99931,1.75,1.75
2016.10.11 03:15:30.655,0.99903,0.99931,1.75,1.75
2016.10.11 03:15:31.443,0.99903,0.99927,1.75,1.00
2016.10.11 03:15:32.012,0.99903,0.99927,1.75,1.00
2016.10.11 03:15:32.809,0.99904,0.99932,1.75,1.75
2016.10.11 03:15:32.860,0.99906,0.99932,1.37,1.50
2016.10.11 03:15:33.791,0.99906,0.99926,1.37,1.00
2016.10.11 03:15:33.844,0.99906,0.99932,1.37,1.50
2016.10.11 03:15:33.946,0.99906,0.99931,1.37,1.37
2016.10.11 03:15:34.066,0.99905,0.99931,1.50,1.37
2016.10.11 03:15:34.171,0.99905,0.99927,1.50,1.00
2016.10.11 03:15:34.700,0.99905,0.99926,1.50,1.00
2016.10.11 03:15:34.840,0.99906,0.99926,1.37,1.00
2016.10.11 03:15:35.239,0.99906,0.99926,1.00,1.00
2016.10.11 03:15:35.870,0.99906,0.99931,1.00,1.75
2016.10.11 03:15:35.971,0.99906,0.99926,1.12,1.00
2016.10.11 03:15:36.022,0.99906,0.99926,1.50,1.00
2016.10.11 03:15:36.351,0.99906,0.99931,1.50,1.00
2016.10.11 03:15:36.442,0.99906,0.99931,1.00,1.00
2016.10.11 03:15:37.250,0.99906,0.99927,1.00,1.00
2016.10.11 03:15:39.099,0.99904,0.99927,2.25,1.00
2016.10.11 03:15:40.100,0.99904,0.99932,2.25,1.00
2016.10.11 03:15:40.677,0.99904,0.99932,2.25,1.37
2016.10.11 03:15:40.748,0.99903,0.99926,1.50,1.00
2016.10.11 03:15:40.854,0.99903,0.99932,1.87,1.75
2016.10.11 03:15:41.246,0.99908,0.99932,1.37,1.37
2016.10.11 03:15:41.300,0.9991,0.99936,2.62,1.12
2016.10.11 03:15:41.351,0.99915,0.99936,1.00,1.00
2016.10.11 03:15:41.401,0.99912,0.99936,1.50,1.12
2016.10.11 03:15:41.454,0.9991,0.99936,1.75,1.12
2016.10.11 03:15:41.504,0.9991,0.99932,1.75,1.00
2016.10.11 03:15:41.780,0.99909,0.99932,2.25,1.00
2016.10.11 03:15:42.782,0.99909,0.99932,1.75,1.00
2016.10.11 03:15:42.857,0.99909,0.99937,1.75,1.50
2016.10.11 03:15:43.384,0.99909,0.99937,1.87,1.50
2016.10.11 03:15:43.485,0.9991,0.99937,1.12,1.50
2016.10.11 03:15:43.593,0.99909,0.99937,1.87,1.50
2016.10.11 03:15:49.597,0.99909,0.99937,1.87,1.75
2016.10.11 03:15:49.648,0.9991,0.99935,1.00,1.00
2016.10.11 03:15:49.699,0.99905,0.99932,3.00,1.00
2016.10.11 03:15:49.750,0.99905,0.99932,1.12,1.37
2016.10.11 03:15:49.801,0.99904,0.99935,1.87,2.25
2016.10.11 03:15:49.851,0.99904,0.99934,1.87,2.62
2016.10.11 03:15:49.952,0.99904,0.99934,1.87,2.62
2016.10.11 03:15:50.003,0.99904,0.99931,1.87,1.37
2016.10.11 03:15:50.054,0.99904,0.99931,1.87,1.37
2016.10.11 03:15:50.155,0.99904,0.99931,1.87,1.00
2016.10.11 03:15:50.206,0.99905,0.99931,1.12,1.00
2016.10.11 03:15:50.493,0.99906,0.99932,1.12,1.12
2016.10.11 03:15:50.544,0.99906,0.99932,1.12,1.00
2016.10.11 03:15:51.044,0.99907,0.99932,1.12,1.00
2016.10.11 03:15:52.607,0.99906,0.99932,1.12,1.00
2016.10.11 03:15:52.657,0.99906,0.99932,1.12,1.00
2016.10.11 03:15:52.708,0.99905,0.99935,1.87,2.25
2016.10.11 03:15:53.285,0.99906,0.99934,1.12,1.75
2016.10.11 03:15:53.358,0.99906,0.99934,1.12,1.75
2016.10.11 03:15:53.460,0.99906,0.99934,1.12,1.75
2016.10.11 03:15:53.561,0.99907,0.99935,1.37,1.75
2016.10.11 03:15:53.801,0.99907,0.99935,1.87,1.75
2016.10.11 03:15:54.166,0.99907,0.99935,1.37,1.75
2016.10.11 03:15:54.217,0.99906,0.99931,1.87,1.12
2016.10.11 03:15:54.963,0.99906,0.99931,1.87,1.12
2016.10.11 03:15:55.065,0.99906,0.99931,1.12,1.12
2016.10.11 03:15:55.263,0.99906,0.99931,1.87,1.12
2016.10.11 03:15:55.473,0.99906,0.99935,1.87,1.75
2016.10.11 03:15:55.564,0.99906,0.99935,1.87,1.75
2016.10.11 03:15:55.615,0.99908,0.99935,1.00,1.50
2016.10.11 03:15:56.245,0.99907,0.99931,1.75,1.00
2016.10.11 03:15:56.667,0.99907,0.99931,1.75,1.00
2016.10.11 03:15:58.583,0.99907,0.99931,1.87,1.00
2016.10.11 03:15:59.255,0.99907,0.99932,1.87,1.00
2016.10.11 03:15:59.306,0.99911,0.99936,1.00,2.25
2016.10.11 03:15:59.509,0.99911,0.99931,1.00,1.00
2016.10.11 03:16:00.017,0.99911,0.99936,1.00,2.25
2016.10.11 03:16:00.529,0.99911,0.99932,1.00,1.00
2016.10.11 03:16:01.020,0.99911,0.99936,1.00,2.25
2016.10.11 03:16:01.122,0.99911,0.99936,1.00,2.25
2016.10.11 03:16:01.615,0.99907,0.99935,1.75,1.50
2016.10.11 03:16:01.717,0.99907,0.99934,1.75,1.50
2016.10.11 03:16:02.122,0.99905,0.99934,2.62,1.87
2016.10.11 03:16:02.173,0.99907,0.99932,1.00,1.00
2016.10.11 03:16:02.379,0.99907,0.99932,1.00,1.00
2016.10.11 03:16:02.430,0.99907,0.99932,1.00,1.50
2016.10.11 03:16:06.127,0.99907,0.99932,2.62,1.50
2016.10.11 03:16:06.228,0.99907,0.99932,1.00,1.00
2016.10.11 03:16:06.887,0.99907,0.99932,1.00,1.00
2016.10.11 03:16:06.937,0.99906,0.99935,1.87,1.50
2016.10.11 03:16:06.988,0.99906,0.99935,3.75,1.50
2016.10.11 03:16:07.039,0.9991,0.99935,1.37,1.50
2016.10.11 03:16:07.275,0.9991,0.99936,1.37,1.75
2016.10.11 03:16:09.101,0.99909,0.99936,1.12,1.75
2016.10.11 03:16:09.152,0.99909,0.99933,1.12,1.00
2016.10.11 03:16:09.203,0.99909,0.99933,1.00,1.00
2016.10.11 03:16:09.304,0.99907,0.99935,1.12,1.75
2016.10.11 03:16:09.355,0.99907,0.99932,1.37,1.00
2016.10.11 03:16:09.406,0.99907,0.99932,1.37,1.50
2016.10.11 03:16:09.633,0.99907,0.99932,1.00,1.50
2016.10.11 03:16:10.129,0.99907,0.99932,1.37,1.50
2016.10.11 03:16:10.180,0.99907,0.99932,1.87,1.50
2016.10.11 03:16:10.231,0.99907,0.99935,1.87,1.50
2016.10.11 03:16:10.281,0.9991,0.99935,1.00,1.50
2016.10.11 03:16:10.332,0.9991,0.99935,1.00,1.00
2016.10.11 03:16:11.146,0.99906,0.99936,1.75,3.00
2016.10.11 03:16:11.331,0.99906,0.99936,1.50,4.87
2016.10.11 03:16:11.382,0.99898,0.99926,1.87,1.50
2016.10.11 03:16:11.535,0.99901,0.99926,1.75,1.87
2016.10.11 03:16:11.585,0.99901,0.99926,1.75,1.00
2016.10.11 03:16:11.636,0.99902,0.99926,1.50,1.00
2016.10.11 03:16:12.053,0.99902,0.99926,1.75,1.00
2016.10.11 03:16:12.105,0.99906,0.99931,3.00,1.37
2016.10.11 03:16:12.156,0.99909,0.99931,1.37,1.37
2016.10.11 03:16:12.206,0.99909,0.99932,1.75,1.00
2016.10.11 03:16:12.544,0.99909,0.99936,1.75,2.25
2016.10.11 03:16:12.645,0.99908,0.99931,1.75,1.00
2016.10.11 03:16:13.165,0.99909,0.99931,1.75,1.00
2016.10.11 03:16:13.726,0.99909,0.99932,1.75,1.00
2016.10.11 03:16:14.122,0.99909,0.99932,1.50,1.00
2016.10.11 03:16:15.767,0.99909,0.99936,1.50,2.62
2016.10.11 03:16:15.817,0.99908,0.99936,1.75,2.62
2016.10.11 03:16:15.969,0.99908,0.99931,1.75,1.00
2016.10.11 03:16:16.020,0.99906,0.99931,2.25,1.12
2016.10.11 03:16:16.071,0.99903,0.99932,1.75,1.87
2016.10.11 03:16:16.122,0.99901,0.99928,1.75,1.00
2016.10.11 03:16:16.173,0.99904,0.99928,1.00,1.00
2016.10.11 03:16:16.274,0.99904,0.99926,1.00,1.00
2016.10.11 03:16:16.648,0.99899,0.99926,3.37,1.12
2016.10.11 03:16:16.699,0.999,0.99922,1.50,1.00
2016.10.11 03:16:16.750,0.999,0.99926,1.50,1.87
2016.10.11 03:16:17.417,0.99899,0.99926,1.75,1.87
2016.10.11 03:16:17.468,0.99899,0.99921,1.75,1.00
2016.10.11 03:16:17.621,0.999,0.99921,1.50,1.00
2016.10.11 03:16:17.672,0.999,0.99926,1.50,1.87
2016.10.11 03:16:17.723,0.99901,0.99926,1.12,1.87
2016.10.11 03:16:17.926,0.999,0.99921,1.75,1.00
2016.10.11 03:16:17.980,0.999,0.99921,3.37,1.00
2016.10.11 03:16:18.031,0.999,0.99921,2.62,1.00
2016.10.11 03:16:18.132,0.999,0.99926,2.62,1.12
2016.10.11 03:16:18.183,0.99899,0.99926,1.75,1.50
2016.10.11 03:16:18.621,0.99899,0.99925,1.75,1.12
2016.10.11 03:16:19.560,0.99899,0.99926,1.75,2.25
2016.10.11 03:16:19.856,0.99899,0.99922,1.75,1.00
2016.10.11 03:16:20.275,0.99899,0.99926,1.75,2.25
2016.10.11 03:16:20.427,0.99902,0.99926,1.00,1.87
2016.10.11 03:16:20.477,0.99899,0.99926,3.75,1.50
2016.10.11 03:16:20.718,0.99901,0.99926,1.00,1.00
2016.10.11 03:16:20.817,0.99901,0.99926,1.00,1.50
2016.10.11 03:16:21.329,0.99901,0.99926,1.00,1.12
2016.10.11 03:16:21.379,0.99901,0.99921,1.00,1.00
2016.10.11 03:16:21.430,0.99897,0.99921,1.75,1.00
2016.10.11 03:16:22.008,0.99898,0.99921,1.00,1.00
2016.10.11 03:16:34.981,0.99898,0.99921,1.00,1.00
2016.10.11 03:16:35.494,0.99898,0.99921,1.00,1.00
2016.10.11 03:16:36.036,0.99896,0.99921,1.75,1.00
2016.10.11 03:16:36.086,0.99897,0.99921,1.75,1.00
2016.10.11 03:16:36.961,0.99896,0.99921,1.75,1.00
2016.10.11 03:16:37.284,0.99895,0.99921,2.62,1.00
2016.10.11 03:16:37.334,0.99894,0.99921,3.37,1.00
2016.10.11 03:16:42.775,0.99895,0.99921,1.87,1.00
2016.10.11 03:16:42.876,0.99895,0.99921,1.75,1.00
2016.10.11 03:16:43.694,0.99894,0.99921,3.37,1.00
2016.10.11 03:16:44.366,0.99894,0.99921,3.37,1.00
2016.10.11 03:16:46.462,0.99894,0.99922,3.37,1.12
2016.10.11 03:16:49.624,0.99895,0.99922,1.75,1.12
2016.10.11 03:16:50.777,0.99895,0.99922,2.25,1.12
2016.10.11 03:16:52.752,0.99895,0.99922,2.25,1.00
2016.10.11 03:16:55.129,0.99895,0.99922,1.75,1.00
2016.10.11 03:16:55.421,0.99895,0.99921,1.75,1.00
2016.10.11 03:16:58.862,0.99895,0.99916,1.00,1.00
2016.10.11 03:16:58.913,0.99889,0.99915,1.50,1.00
2016.10.11 03:16:58.984,0.99889,0.99915,1.50,1.37
2016.10.11 03:16:59.035,0.99888,0.99914,1.75,1.12
2016.10.11 03:16:59.085,0.99888,0.99911,1.37,1.00
2016.10.11 03:16:59.136,0.99885,0.99911,4.12,1.00
2016.10.11 03:16:59.187,0.99885,0.99911,2.25,1.00
2016.10.11 03:16:59.238,0.99886,0.99911,1.87,1.00
2016.10.11 03:16:59.289,0.99889,0.99915,1.00,1.87
2016.10.11 03:16:59.340,0.99887,0.99915,1.75,1.12
2016.10.11 03:16:59.441,0.99888,0.99916,1.75,2.25
2016.10.11 03:16:59.492,0.99887,0.99916,2.62,2.25
2016.10.11 03:16:59.792,0.99887,0.99915,2.62,1.00
2016.10.11 03:16:59.844,0.99887,0.99917,1.87,1.75
2016.10.11 03:16:59.895,0.99888,0.99915,1.75,1.37
2016.10.11 03:16:59.946,0.99888,0.99914,1.75,1.12
2016.10.11 03:17:00.048,0.99888,0.99914,1.75,1.12
2016.10.11 03:17:00.149,0.99887,0.99913,1.75,1.00
2016.10.11 03:17:00.200,0.99886,0.99911,2.62,1.00
2016.10.11 03:17:00.251,0.99884,0.99911,1.75,1.00
2016.10.11 03:17:00.302,0.99885,0.99911,1.75,1.00
2016.10.11 03:17:00.544,0.99885,0.99911,1.75,1.00
2016.10.11 03:17:03.759,0.99885,0.99907,1.75,1.00
2016.10.11 03:17:03.832,0.99883,0.99907,2.62,1.00
2016.10.11 03:17:03.883,0.99882,0.99907,1.75,1.00
2016.10.11 03:17:03.934,0.99882,0.99911,2.25,1.87
2016.10.11 03:17:03.985,0.99882,0.9991,1.75,1.50
2016.10.11 03:17:04.338,0.99882,0.9991,1.75,1.50
2016.10.11 03:17:04.664,0.99882,0.9991,1.75,1.37
2016.10.11 03:17:04.900,0.99882,0.9991,1.87,1.37
2016.10.11 03:17:06.235,0.99885,0.99911,1.12,1.37
2016.10.11 03:17:06.286,0.99885,0.99913,1.12,1.37
2016.10.11 03:17:06.336,0.99885,0.99914,1.75,1.87
2016.10.11 03:17:06.438,0.99885,0.99914,1.87,1.50
2016.10.11 03:17:06.489,0.99885,0.99915,1.87,1.75
2016.10.11 03:17:06.849,0.99885,0.99915,1.12,1.75
2016.10.11 03:17:07.716,0.99886,0.99915,1.12,1.75
2016.10.11 03:17:09.409,0.99885,0.99915,1.87,1.75
2016.10.11 03:17:09.770,0.99885,0.99915,1.87,1.87
2016.10.11 03:17:10.012,0.99885,0.99915,1.87,1.87
2016.10.11 03:17:10.344,0.99885,0.99915,1.87,1.87
2016.10.11 03:17:10.394,0.99885,0.99915,3.75,1.87
2016.10.11 03:17:10.446,0.99888,0.99915,1.75,1.50
2016.10.11 03:17:10.496,0.9989,0.99915,1.00,1.50
2016.10.11 03:17:14.658,0.9989,0.99915,1.00,1.50
2016.10.11 03:17:14.709,0.99888,0.99915,1.37,1.50
2016.10.11 03:17:14.760,0.99885,0.99915,2.62,2.62
2016.10.11 03:17:14.811,0.99887,0.99912,1.00,1.00
2016.10.11 03:17:14.862,0.99887,0.99912,1.00,1.00
2016.10.11 03:17:14.913,0.99887,0.99911,1.00,1.00
2016.10.11 03:17:14.964,0.99887,0.99911,1.00,1.00
2016.10.11 03:17:15.016,0.99885,0.99913,1.12,1.37
2016.10.11 03:17:15.067,0.99887,0.99915,2.25,1.50
2016.10.11 03:17:15.118,0.99887,0.99911,2.25,1.00
2016.10.11 03:17:15.220,0.99887,0.99915,4.12,1.12
2016.10.11 03:17:15.271,0.99887,0.99916,4.12,1.50
2016.10.11 03:17:15.423,0.99887,0.99916,3.37,1.50
2016.10.11 03:17:15.727,0.99887,0.99916,4.12,1.50
2016.10.11 03:17:16.123,0.99887,0.99916,4.12,1.50
2016.10.11 03:17:17.207,0.99887,0.99916,4.12,1.75
2016.10.11 03:17:17.420,0.99888,0.99913,1.00,1.00
2016.10.11 03:17:17.471,0.99888,0.99913,1.00,1.00
2016.10.11 03:17:17.623,0.99888,0.99912,1.00,1.00
2016.10.11 03:17:17.725,0.99887,0.99912,1.75,1.00
2016.10.11 03:17:17.775,0.99888,0.99912,1.50,1.00
2016.10.11 03:17:17.827,0.99891,0.99916,1.00,1.50
2016.10.11 03:17:17.878,0.99891,0.99916,1.00,1.50
2016.10.11 03:17:17.928,0.99893,0.99917,1.37,1.37
2016.10.11 03:17:18.030,0.99893,0.99917,1.75,1.00
2016.10.11 03:17:18.503,0.99893,0.99921,1.75,1.50
2016.10.11 03:17:18.816,0.99893,0.99921,1.75,1.37
2016.10.11 03:17:18.866,0.99892,0.99921,6.00,1.37
2016.10.11 03:17:18.918,0.99894,0.99921,2.62,1.12
2016.10.11 03:17:19.028,0.99894,0.99922,2.62,1.37
2016.10.11 03:17:19.078,0.99894,0.99922,3.37,1.37
2016.10.11 03:17:19.405,0.99894,0.99923,3.37,1.50
2016.10.11 03:17:19.530,0.99894,0.99923,3.75,1.50
2016.10.11 03:17:22.272,0.99894,0.99923,3.37,1.50
2016.10.11 03:17:23.777,0.99894,0.99923,3.75,1.50
2016.10.11 03:17:23.878,0.99896,0.99924,1.37,1.75
2016.10.11 03:17:23.979,0.99896,0.99925,1.87,1.75
2016.10.11 03:17:24.030,0.99896,0.99925,3.75,1.37
2016.10.11 03:17:24.080,0.99897,0.99925,1.87,1.37
2016.10.11 03:17:24.181,0.99896,0.99925,3.75,1.37
2016.10.11 03:17:24.522,0.99897,0.99925,1.75,1.37
2016.10.11 03:17:24.572,0.99897,0.99925,1.87,1.37
2016.10.11 03:17:24.982,0.99896,0.99925,3.75,1.37
2016.10.11 03:17:26.341,0.99897,0.99925,1.87,1.37
2016.10.11 03:17:27.750,0.99897,0.99925,1.75,1.37
2016.10.11 03:17:27.851,0.99896,0.99925,3.37,1.37
2016.10.11 03:17:28.045,0.99896,0.99925,3.37,1.37
2016.10.11 03:17:28.096,0.99897,0.99925,1.75,1.37
2016.10.11 03:17:29.397,0.99897,0.99925,1.75,1.50
2016.10.11 03:17:29.448,0.99897,0.99925,1.50,1.87
2016.10.11 03:17:31.304,0.99897,0.99924,1.50,1.37
2016.10.11 03:17:31.607,0.99897,0.99924,1.50,1.87
2016.10.11 03:17:31.657,0.99896,0.99924,1.75,1.87
2016.10.11 03:17:31.754,0.99897,0.99924,1.50,1.87
2016.10.11 03:17:31.854,0.99896,0.99924,1.75,1.50
2016.10.11 03:17:32.163,0.99896,0.99924,1.75,1.50
2016.10.11 03:17:32.688,0.99896,0.99924,1.75,1.50
2016.10.11 03:17:32.756,0.99895,0.99924,1.12,1.50
2016.10.11 03:17:36.062,0.99894,0.99924,3.75,1.50
2016.10.11 03:17:37.578,0.99894,0.99922,3.37,1.12
2016.10.11 03:17:38.339,0.99895,0.99922,1.75,1.50
2016.10.11 03:17:38.528,0.99896,0.99921,1.00,1.00
2016.10.11 03:17:38.578,0.99896,0.99921,1.00,1.50
2016.10.11 03:17:39.883,0.99896,0.99921,1.00,1.50
2016.10.11 03:17:43.181,0.99896,0.99921,1.00,2.25
2016.10.11 03:17:46.500,0.99896,0.99921,1.00,1.50
2016.10.11 03:17:46.551,0.99895,0.99921,1.75,1.00
2016.10.11 03:17:46.703,0.99895,0.99921,2.25,1.00
2016.10.11 03:17:47.882,0.99896,0.99921,1.12,1.00
2016.10.11 03:17:50.344,0.99896,0.99922,1.12,1.00
2016.10.11 03:17:50.394,0.99896,0.99925,1.87,2.25
2016.10.11 03:17:50.445,0.99896,0.99925,3.75,1.87
2016.10.11 03:17:50.496,0.99898,0.99923,1.12,1.00
2016.10.11 03:17:50.873,0.99905,0.99927,1.00,1.50
2016.10.11 03:17:50.924,0.99904,0.99931,2.25,1.12
2016.10.11 03:17:51.013,0.99905,0.99931,1.75,1.12
2016.10.11 03:17:51.121,0.99905,0.99933,1.75,1.75
2016.10.11 03:17:52.525,0.99905,0.99933,1.75,1.75
2016.10.11 03:17:52.626,0.99907,0.99936,1.50,4.50
2016.10.11 03:17:52.728,0.99905,0.99932,1.75,1.50
2016.10.11 03:17:52.830,0.99905,0.99932,2.25,1.50
2016.10.11 03:17:53.062,0.99905,0.99931,1.75,1.87
2016.10.11 03:17:53.113,0.99905,0.99931,2.25,1.12
2016.10.11 03:17:53.163,0.99909,0.99931,1.00,1.00
2016.10.11 03:17:56.211,0.99909,0.99931,1.00,1.00
2016.10.11 03:17:56.515,0.99909,0.99931,1.00,1.00
2016.10.11 03:17:56.565,0.99905,0.99932,1.50,2.25
2016.10.11 03:17:56.667,0.99905,0.99926,1.50,1.00
2016.10.11 03:17:56.717,0.99902,0.99926,1.75,1.00
2016.10.11 03:17:56.768,0.99902,0.99927,1.00,2.25
2016.10.11 03:17:56.819,0.99898,0.99927,1.75,3.00
2016.10.11 03:17:57.108,0.99897,0.99924,2.25,1.50
2016.10.11 03:17:57.210,0.99897,0.99924,2.25,1.50
2016.10.11 03:17:57.900,0.99897,0.99924,2.25,1.50
2016.10.11 03:17:59.202,0.99897,0.99924,2.25,1.50
2016.10.11 03:18:00.204,0.99897,0.99924,2.25,1.50
2016.10.11 03:18:00.698,0.99897,0.99924,1.75,1.50
2016.10.11 03:18:01.092,0.99893,0.99918,1.50,1.00
2016.10.11 03:18:01.199,0.99893,0.99918,1.00,1.00
2016.10.11 03:18:01.665,0.99891,0.99916,1.50,1.00
2016.10.11 03:18:01.716,0.99891,0.99916,1.50,1.00
2016.10.11 03:18:01.818,0.99891,0.99914,1.00,1.00
2016.10.11 03:18:01.868,0.99889,0.99914,1.37,1.37
2016.10.11 03:18:01.919,0.99884,0.99911,2.25,1.12
2016.10.11 03:18:01.970,0.99884,0.99911,2.25,1.75
2016.10.11 03:18:02.021,0.99883,0.9991,1.75,1.75
2016.10.11 03:18:02.072,0.99883,0.9991,1.00,3.37
2016.10.11 03:18:02.122,0.99883,0.99909,1.00,1.75
2016.10.11 03:18:02.442,0.99882,0.99909,1.12,1.75
2016.10.11 03:18:02.618,0.99881,0.99909,1.87,1.75
2016.10.11 03:18:02.910,0.99881,0.99909,1.87,1.75
2016.10.11 03:18:03.061,0.99881,0.9991,1.50,4.12
2016.10.11 03:18:03.912,0.99881,0.99909,1.50,1.75
2016.10.11 03:18:04.213,0.99881,0.9991,1.50,4.12
2016.10.11 03:18:04.914,0.99882,0.99909,1.00,1.75
2016.10.11 03:18:05.326,0.99881,0.9991,1.50,4.12
2016.10.11 03:18:08.925,0.99881,0.99908,1.50,1.75
2016.10.11 03:18:09.026,0.99881,0.99908,1.50,1.75
2016.10.11 03:18:10.973,0.99881,0.99906,1.50,1.50
2016.10.11 03:18:11.024,0.9988,0.99906,1.00,1.75
2016.10.11 03:18:11.242,0.9988,0.99902,1.00,1.75
2016.10.11 03:18:11.296,0.99876,0.99902,1.00,1.75
2016.10.11 03:18:11.448,0.99874,0.99901,1.50,1.75
2016.10.11 03:18:11.499,0.99873,0.99901,1.12,1.75
2016.10.11 03:18:11.550,0.99872,0.99898,1.75,1.12
2016.10.11 03:18:11.601,0.99872,0.99894,1.00,1.00
2016.10.11 03:18:11.652,0.99871,0.99894,1.00,1.00
2016.10.11 03:18:11.753,0.99869,0.99894,1.00,1.00
2016.10.11 03:18:11.804,0.99868,0.99891,1.00,1.00
2016.10.11 03:18:12.572,0.99868,0.99891,1.37,1.00
2016.10.11 03:18:12.623,0.99869,0.99897,1.37,2.25
2016.10.11 03:18:12.724,0.9987,0.99897,1.12,2.25
2016.10.11 03:18:12.912,0.99871,0.99897,1.00,1.75
2016.10.11 03:18:14.946,0.99871,0.99898,1.00,4.12
2016.10.11 03:18:16.236,0.99871,0.99897,1.00,1.75
2016.10.11 03:18:17.417,0.9987,0.99897,1.12,2.25
2016.10.11 03:18:17.569,0.9987,0.99897,1.12,1.75
2016.10.11 03:18:17.620,0.99868,0.99897,1.75,1.75
2016.10.11 03:18:18.534,0.99869,0.99898,1.50,4.12
2016.10.11 03:18:18.641,0.99869,0.99898,1.50,4.12
2016.10.11 03:18:18.692,0.9987,0.99897,1.00,1.75
2016.10.11 03:18:18.743,0.99872,0.99898,1.00,2.62
2016.10.11 03:18:18.820,0.99874,0.999,1.00,1.75
2016.10.11 03:18:19.251,0.99872,0.99898,1.75,1.12
2016.10.11 03:18:19.302,0.99872,0.99898,1.37,1.37
2016.10.11 03:18:19.352,0.9987,0.99894,1.00,1.00
2016.10.11 03:18:19.403,0.99868,0.99897,1.37,3.00
2016.10.11 03:18:19.454,0.99868,0.99892,1.00,1.00
2016.10.11 03:18:19.555,0.99867,0.99892,1.50,1.00
2016.10.11 03:18:19.769,0.99867,0.99892,4.12,1.00
2016.10.11 03:18:19.820,0.99869,0.99897,3.00,1.12
2016.10.11 03:18:20.007,0.99869,0.99897,3.75,1.12
2016.10.11 03:18:20.058,0.99871,0.99901,1.87,1.75
2016.10.11 03:18:20.109,0.99871,0.99901,1.87,2.25
2016.10.11 03:18:20.210,0.99872,0.99899,2.62,1.00
2016.10.11 03:18:20.261,0.99872,0.99901,3.37,1.75
2016.10.11 03:18:20.471,0.99872,0.99901,3.37,1.75
2016.10.11 03:18:20.522,0.99872,0.99901,1.75,1.75
2016.10.11 03:18:20.573,0.99872,0.99901,1.75,1.75
2016.10.11 03:18:20.623,0.99872,0.99901,1.12,4.12
2016.10.11 03:18:20.737,0.99867,0.99892,1.50,1.00
2016.10.11 03:18:20.977,0.99867,0.99892,1.00,1.00
2016.10.11 03:18:21.231,0.99867,0.99892,1.00,1.50
2016.10.11 03:18:21.435,0.99867,0.99892,1.00,1.00
2016.10.11 03:18:21.485,0.99867,0.99892,1.00,1.00
2016.10.11 03:18:22.027,0.99867,0.99891,1.00,1.00
2016.10.11 03:18:22.577,0.99867,0.99892,1.00,1.00
2016.10.11 03:18:22.951,0.99864,0.99895,2.25,3.37
2016.10.11 03:18:23.868,0.99864,0.99895,2.62,3.37
2016.10.11 03:18:23.919,0.99864,0.99892,1.87,1.75
2016.10.11 03:18:24.294,0.99864,0.99895,2.62,3.37
2016.10.11 03:18:24.395,0.99864,0.99895,2.25,3.37
2016.10.11 03:18:25.249,0.99865,0.99895,1.75,3.37
2016.10.11 03:18:25.300,0.99865,0.99895,1.75,3.37
2016.10.11 03:18:32.065,0.99867,0.99895,1.00,3.37
2016.10.11 03:18:32.116,0.99867,0.99892,1.00,1.00
2016.10.11 03:18:32.166,0.99867,0.99892,1.00,1.00
2016.10.11 03:18:34.620,0.99867,0.99892,1.00,1.00
2016.10.11 03:18:35.035,0.99865,0.99893,1.37,1.75
2016.10.11 03:18:35.135,0.99865,0.99894,1.37,4.12
2016.10.11 03:18:36.208,0.99865,0.99892,1.37,1.75
2016.10.11 03:18:36.260,0.99864,0.99892,1.50,1.75
2016.10.11 03:18:40.655,0.99864,0.99892,1.75,1.50
2016.10.11 03:18:40.775,0.99864,0.99892,1.75,1.75
2016.10.11 03:18:40.826,0.99864,0.99892,1.75,1.75
2016.10.11 03:18:42.286,0.99864,0.99892,1.75,1.75
2016.10.11 03:18:43.118,0.99864,0.99891,1.75,1.75
2016.10.11 03:18:43.646,0.99864,0.99892,1.75,1.75
2016.10.11 03:18:44.288,0.99864,0.99892,1.75,1.75
2016.10.11 03:18:45.420,0.99864,0.99893,1.75,1.75
2016.10.11 03:18:45.622,0.99864,0.99891,1.75,1.75
2016.10.11 03:18:46.207,0.99864,0.99893,2.25,1.75
2016.10.11 03:18:47.322,0.99864,0.99892,1.75,1.75
2016.10.11 03:18:49.761,0.99864,0.99892,1.87,1.75
2016.10.11 03:18:49.861,0.99865,0.99892,1.37,1.75
2016.10.11 03:18:49.962,0.99864,0.99892,1.75,1.75
2016.10.11 03:18:50.377,0.99864,0.99894,1.75,4.12
2016.10.11 03:18:51.163,0.99864,0.99893,1.75,1.75
2016.10.11 03:18:51.753,0.99865,0.99893,1.50,2.25
2016.10.11 03:18:51.954,0.99864,0.99893,1.75,1.75
2016.10.11 03:18:52.005,0.99864,0.99892,1.87,1.75
2016.10.11 03:18:52.161,0.99864,0.99892,1.87,2.25
2016.10.11 03:18:52.564,0.99864,0.99892,2.62,1.75
2016.10.11 03:18:52.641,0.99864,0.99891,1.75,1.75
2016.10.11 03:18:53.457,0.99864,0.99891,1.37,1.75
2016.10.11 03:18:53.508,0.99864,0.99891,1.12,1.75
2016.10.11 03:18:53.879,0.99864,0.99891,1.37,1.87
2016.10.11 03:18:53.930,0.99866,0.99891,1.00,1.75
2016.10.11 03:18:54.015,0.99866,0.99891,1.00,1.50
2016.10.11 03:18:54.166,0.99868,0.99891,1.00,1.50
2016.10.11 03:18:54.217,0.99868,0.99892,1.00,1.75
2016.10.11 03:18:54.732,0.99867,0.99892,1.00,1.75
2016.10.11 03:18:54.895,0.99867,0.99891,1.00,1.50
2016.10.11 03:18:55.883,0.99864,0.99891,1.12,2.25
2016.10.11 03:18:55.933,0.99862,0.99891,1.75,3.00
2016.10.11 03:18:55.984,0.99862,0.99888,1.00,1.75
2016.10.11 03:18:56.035,0.99862,0.99888,1.00,1.75
2016.10.11 03:18:56.186,0.99859,0.99886,1.50,2.25
2016.10.11 03:18:56.338,0.99859,0.99886,1.50,2.25
2016.10.11 03:18:56.440,0.99859,0.99886,1.50,1.50
2016.10.11 03:18:56.499,0.99859,0.99888,1.50,2.25
2016.10.11 03:18:56.601,0.99861,0.99888,1.00,2.25
2016.10.11 03:18:56.786,0.99858,0.9988,1.12,1.00
2016.10.11 03:18:56.837,0.99856,0.99883,1.12,1.75
2016.10.11 03:18:57.203,0.99856,0.99883,1.75,1.75
2016.10.11 03:18:57.352,0.99856,0.99883,1.75,1.75
2016.10.11 03:18:57.554,0.99856,0.99883,1.75,1.75
2016.10.11 03:18:58.165,0.99854,0.99882,1.75,1.75
2016.10.11 03:18:58.216,0.99854,0.99882,1.75,1.75
2016.10.11 03:18:58.428,0.99854,0.99882,1.75,1.75
2016.10.11 03:18:58.478,0.99854,0.99882,1.50,1.75
2016.10.11 03:18:58.529,0.99854,0.99882,1.50,1.75
2016.10.11 03:18:58.580,0.99855,0.99884,1.37,2.25
2016.10.11 03:18:58.887,0.99855,0.99884,1.37,1.75
2016.10.11 03:18:59.416,0.99855,0.99884,1.37,1.75
2016.10.11 03:18:59.716,0.99855,0.99884,1.37,1.75
2016.10.11 03:18:59.817,0.99855,0.99884,1.37,2.25
2016.10.11 03:18:59.868,0.99857,0.99884,1.00,2.25
2016.10.11 03:19:00.071,0.99855,0.99881,1.37,1.50
2016.10.11 03:19:06.280,0.99855,0.99881,1.37,2.25
2016.10.11 03:19:08.094,0.99855,0.99881,1.37,1.50
2016.10.11 03:19:09.999,0.99855,0.99881,1.37,1.50
2016.10.11 03:19:10.234,0.99855,0.99884,1.75,1.75
2016.10.11 03:19:10.395,0.99855,0.99881,1.75,1.37
2016.10.11 03:19:10.796,0.99855,0.99881,1.50,1.37
2016.10.11 03:19:10.847,0.99855,0.9988,1.50,1.00
2016.10.11 03:19:13.454,0.99855,0.9988,1.50,1.00
2016.10.11 03:19:14.032,0.99855,0.99878,1.00,1.00
2016.10.11 03:19:14.689,0.99854,0.99878,1.00,1.00
2016.10.11 03:19:15.873,0.99854,0.99876,1.12,1.12
2016.10.11 03:19:15.953,0.99851,0.99876,1.50,1.50
2016.10.11 03:19:16.106,0.99851,0.99878,1.50,1.37
2016.10.11 03:19:16.157,0.99854,0.99878,1.00,1.00
2016.10.11 03:19:16.309,0.99854,0.99879,1.00,1.00
2016.10.11 03:19:17.660,0.99854,0.99879,1.00,1.00
2016.10.11 03:19:17.761,0.99854,0.99879,1.12,1.00
2016.10.11 03:19:17.812,0.99855,0.99879,1.00,1.00
2016.10.11 03:19:17.913,0.99855,0.99882,1.37,1.50
2016.10.11 03:19:17.964,0.99855,0.99882,2.25,1.12
2016.10.11 03:19:18.209,0.99856,0.99883,1.75,1.50
2016.10.11 03:19:18.260,0.99856,0.99883,1.75,1.50
2016.10.11 03:19:19.104,0.99856,0.99883,1.37,1.50
2016.10.11 03:19:19.155,0.99856,0.9988,1.00,1.00
2016.10.11 03:19:19.306,0.99855,0.9988,1.00,1.00
2016.10.11 03:19:19.696,0.99855,0.9988,1.00,1.00
2016.10.11 03:19:19.797,0.99856,0.9988,1.00,1.00
2016.10.11 03:19:21.365,0.99856,0.9988,1.00,1.00
2016.10.11 03:19:21.415,0.99851,0.99876,3.37,1.37
2016.10.11 03:19:21.466,0.99849,0.99876,3.00,1.75
2016.10.11 03:19:21.517,0.9985,0.99877,1.75,2.25
2016.10.11 03:19:21.567,0.9985,0.99877,1.75,1.37
2016.10.11 03:19:21.618,0.99855,0.9988,1.00,1.75
2016.10.11 03:19:21.669,0.99855,0.9988,1.00,1.75
2016.10.11 03:19:21.770,0.99856,0.99879,1.00,1.50
2016.10.11 03:19:22.185,0.99856,0.99879,1.12,1.12
2016.10.11 03:19:22.236,0.99856,0.99881,1.00,1.00
2016.10.11 03:19:22.489,0.99856,0.99881,1.50,1.00
2016.10.11 03:19:24.880,0.99856,0.99881,1.00,1.00
2016.10.11 03:19:26.764,0.99852,0.99882,1.75,2.62
2016.10.11 03:19:27.011,0.99852,0.99881,1.37,3.37
2016.10.11 03:19:27.062,0.99851,0.99876,1.00,1.00
2016.10.11 03:19:27.315,0.99851,0.99876,1.00,1.00
2016.10.11 03:19:27.517,0.9985,0.99879,1.75,1.75
2016.10.11 03:19:27.568,0.9985,0.99879,1.75,1.50
2016.10.11 03:19:27.619,0.9985,0.99879,1.75,1.50
2016.10.11 03:19:27.669,0.9985,0.9988,1.75,1.75
2016.10.11 03:19:27.945,0.9985,0.9988,1.12,1.75
2016.10.11 03:19:28.365,0.99851,0.99879,1.12,1.50
2016.10.11 03:19:28.900,0.9985,0.99879,1.12,1.50
2016.10.11 03:19:29.051,0.9985,0.9988,1.12,1.75
2016.10.11 03:19:29.254,0.99849,0.99879,1.12,1.50
2016.10.11 03:19:29.849,0.99848,0.9988,1.12,1.75
2016.10.11 03:19:30.449,0.99847,0.9988,3.75,1.75
2016.10.11 03:19:30.726,0.99847,0.9988,3.75,1.75
2016.10.11 03:19:30.820,0.99848,0.99879,1.75,1.50
2016.10.11 03:19:31.052,0.99851,0.99881,1.75,2.25
2016.10.11 03:19:31.997,0.99851,0.99881,1.75,2.62
2016.10.11 03:19:32.099,0.99851,0.99881,1.75,2.25
2016.10.11 03:19:32.628,0.99852,0.9988,1.00,2.62
2016.10.11 03:19:32.679,0.99851,0.9988,1.50,2.62
2016.10.11 03:19:39.111,0.99851,0.9988,1.50,3.00
2016.10.11 03:19:42.290,0.99851,0.99881,1.75,3.75
2016.10.11 03:19:44.613,0.99851,0.99881,1.75,3.37
2016.10.11 03:19:44.903,0.9985,0.99881,1.75,2.62
2016.10.11 03:19:47.985,0.99851,0.99881,1.87,3.37
2016.10.11 03:19:49.019,0.9985,0.99881,1.75,2.62
2016.10.11 03:19:49.087,0.99851,0.99876,1.00,1.00
2016.10.11 03:19:49.428,0.99851,0.99876,1.00,1.50
2016.10.11 03:19:52.278,0.99849,0.99876,2.62,1.12
2016.10.11 03:19:52.564,0.99849,0.9988,3.37,1.75
2016.10.11 03:19:53.963,0.9985,0.99879,1.12,1.75
2016.10.11 03:19:54.396,0.99849,0.9988,3.37,1.75
2016.10.11 03:19:54.596,0.9985,0.99879,1.12,1.75
2016.10.11 03:19:55.927,0.99848,0.99876,1.12,1.50
2016.10.11 03:19:55.978,0.99847,0.99871,1.87,1.00
2016.10.11 03:19:56.029,0.99846,0.99871,1.00,1.00
2016.10.11 03:19:56.080,0.99844,0.99873,1.12,2.62
2016.10.11 03:19:56.289,0.99844,0.99869,1.00,1.75
2016.10.11 03:19:56.342,0.99842,0.99868,1.00,1.75
2016.10.11 03:19:56.443,0.99838,0.99868,2.62,1.75
2016.10.11 03:19:56.869,0.99839,0.99866,1.12,1.50
2016.10.11 03:19:56.971,0.99839,0.99868,1.12,1.75
2016.10.11 03:19:57.021,0.99838,0.99869,1.75,1.75
2016.10.11 03:19:57.101,0.99838,0.99868,2.62,1.75
2016.10.11 03:19:58.584,0.99839,0.99868,1.12,1.75
2016.10.11 03:19:58.635,0.99839,0.99868,1.12,1.75
2016.10.11 03:19:59.933,0.99839,0.99869,1.12,1.75
2016.10.11 03:20:00.862,0.9984,0.99868,1.12,1.75
2016.10.11 03:20:02.232,0.99839,0.99869,1.12,1.75
2016.10.11 03:20:02.283,0.99839,0.99869,1.12,1.75
2016.10.11 03:20:02.671,0.9984,0.99868,1.12,1.50
2016.10.11 03:20:02.773,0.9984,0.99868,1.12,1.50
2016.10.11 03:20:02.975,0.9984,0.99868,1.12,1.50
2016.10.11 03:20:03.178,0.9984,0.99868,1.12,1.50
2016.10.11 03:20:03.393,0.9984,0.99868,1.12,1.50
2016.10.11 03:20:04.137,0.99839,0.99868,1.12,1.50
2016.10.11 03:20:04.916,0.99839,0.99868,1.12,1.50
2016.10.11 03:20:05.017,0.9984,0.99868,1.12,1.50
2016.10.11 03:20:05.540,0.99839,0.99869,1.87,2.25
2016.10.11 03:20:07.059,0.99841,0.99868,1.12,1.50
2016.10.11 03:20:09.165,0.99839,0.99869,1.75,1.75
2016.10.11 03:20:09.216,0.99839,0.99869,1.75,1.75
2016.10.11 03:20:09.644,0.99839,0.99868,1.75,1.50
2016.10.11 03:20:10.798,0.99839,0.99869,1.87,1.75
2016.10.11 03:20:11.050,0.9984,0.99869,1.12,1.75
2016.10.11 03:20:11.170,0.9984,0.99869,1.12,2.25
2016.10.11 03:20:11.652,0.99841,0.99868,1.12,1.50
2016.10.11 03:20:12.152,0.99842,0.99868,1.12,1.50
2016.10.11 03:20:12.753,0.99842,0.99869,1.12,1.75
2016.10.11 03:20:13.955,0.99841,0.99869,1.12,1.75
2016.10.11 03:20:14.090,0.99841,0.99869,1.12,1.75
2016.10.11 03:20:14.191,0.99844,0.99871,1.12,3.37
2016.10.11 03:20:14.241,0.9985,0.99871,1.00,1.00
2016.10.11 03:20:14.481,0.9985,0.99875,1.00,1.00
2016.10.11 03:20:14.633,0.9985,0.99875,1.00,1.00
2016.10.11 03:20:14.734,0.9985,0.99875,1.00,1.00
2016.10.11 03:20:15.194,0.9985,0.99875,1.00,1.00
2016.10.11 03:20:15.245,0.99849,0.99879,4.12,1.75
2016.10.11 03:20:15.655,0.99849,0.99877,3.75,1.50
2016.10.11 03:20:16.189,0.9985,0.99877,1.75,1.50
2016.10.11 03:20:18.463,0.9985,0.99877,1.87,1.50
2016.10.11 03:20:20.466,0.9985,0.99877,1.75,1.50
2016.10.11 03:20:21.689,0.99849,0.99877,3.37,1.50
2016.10.11 03:20:21.868,0.99849,0.99877,3.75,1.50
2016.10.11 03:20:21.919,0.99854,0.99877,1.00,1.37
2016.10.11 03:20:22.199,0.99859,0.99882,1.00,3.37
2016.10.11 03:20:22.250,0.99859,0.99882,1.37,1.37
2016.10.11 03:20:22.300,0.99859,0.99884,1.87,2.25
2016.10.11 03:20:22.351,0.99859,0.99886,2.25,1.87
2016.10.11 03:20:22.402,0.99859,0.99886,2.25,1.12
2016.10.11 03:20:22.452,0.99859,0.99886,2.25,1.12
2016.10.11 03:20:22.503,0.99859,0.99886,1.75,1.12
2016.10.11 03:20:22.554,0.99859,0.99886,1.75,1.12
2016.10.11 03:20:22.604,0.99859,0.99886,2.25,1.12
2016.10.11 03:20:22.706,0.99859,0.99886,1.75,1.12
2016.10.11 03:20:22.807,0.99859,0.99886,2.25,1.12
2016.10.11 03:20:22.920,0.99859,0.99886,2.25,1.12
2016.10.11 03:20:23.021,0.99859,0.99886,2.25,1.12
2016.10.11 03:20:23.590,0.99858,0.99885,1.75,1.00
2016.10.11 03:20:23.640,0.9986,0.99885,1.00,1.50
2016.10.11 03:20:23.792,0.9986,0.99885,1.00,1.00
2016.10.11 03:20:24.147,0.9986,0.99885,1.00,1.00
2016.10.11 03:20:29.517,0.9986,0.99885,1.00,1.00
2016.10.11 03:20:31.420,0.9986,0.99885,1.00,1.00
2016.10.11 03:20:32.522,0.9986,0.99885,1.00,1.00
2016.10.11 03:20:32.722,0.9986,0.99885,1.00,1.00
2016.10.11 03:20:33.269,0.9986,0.99884,1.00,1.00
2016.10.11 03:20:33.526,0.9986,0.99884,1.00,1.00
2016.10.11 03:20:33.577,0.9986,0.99885,1.00,1.50
2016.10.11 03:20:33.627,0.9986,0.99885,1.00,1.50
2016.10.11 03:20:36.856,0.99858,0.99885,1.50,1.75
2016.10.11 03:20:36.907,0.99857,0.99884,1.75,1.75
2016.10.11 03:20:37.218,0.99858,0.99885,1.50,1.75
2016.10.11 03:20:39.685,0.99858,0.99885,1.50,1.75
2016.10.11 03:20:40.059,0.9986,0.99885,1.00,1.50
2016.10.11 03:20:40.111,0.99862,0.99885,1.00,1.00
2016.10.11 03:20:40.161,0.99858,0.99882,1.00,1.00
2016.10.11 03:20:40.364,0.99858,0.99885,1.50,1.50
2016.10.11 03:20:40.415,0.99859,0.99886,1.37,1.75
2016.10.11 03:20:41.842,0.99858,0.99886,1.50,1.75
2016.10.11 03:20:42.054,0.99858,0.99884,1.50,1.37
2016.10.11 03:20:43.814,0.99857,0.99886,1.75,1.75
2016.10.11 03:20:43.865,0.99857,0.99882,1.50,1.00
2016.10.11 03:20:44.278,0.99857,0.99884,1.00,2.62
2016.10.11 03:20:44.396,0.99855,0.99881,1.50,1.75
2016.10.11 03:20:44.561,0.99853,0.99881,2.25,1.75
2016.10.11 03:20:45.027,0.99855,0.99881,1.50,1.75
2016.10.11 03:20:45.078,0.99855,0.99881,2.25,1.12
2016.10.11 03:20:45.129,0.9986,0.99887,1.00,4.12
2016.10.11 03:20:45.180,0.9986,0.99887,1.75,2.25
2016.10.11 03:20:45.441,0.99859,0.99887,2.25,1.75
2016.10.11 03:20:45.745,0.9986,0.99887,1.37,1.75
2016.10.11 03:20:45.846,0.9986,0.99887,1.37,1.75
2016.10.11 03:20:47.493,0.9986,0.99886,1.37,1.50
2016.10.11 03:20:48.374,0.9986,0.99887,1.37,1.75
2016.10.11 03:20:48.425,0.99859,0.99887,2.25,1.75
2016.10.11 03:20:49.194,0.99859,0.99886,2.25,1.50
2016.10.11 03:20:50.268,0.99859,0.99886,2.25,1.50
2016.10.11 03:20:50.370,0.99858,0.99883,1.00,1.00
2016.10.11 03:20:50.420,0.99858,0.99881,1.00,1.00
2016.10.11 03:20:50.471,0.99857,0.99881,1.00,2.25
2016.10.11 03:20:50.522,0.99857,0.99879,1.00,1.00
2016.10.11 03:20:50.573,0.99853,0.99877,1.00,1.00
2016.10.11 03:20:50.623,0.99853,0.99877,1.00,1.50
2016.10.11 03:20:51.232,0.9985,0.99877,1.12,1.75
2016.10.11 03:20:51.297,0.99848,0.99876,1.12,2.25
2016.10.11 03:20:52.298,0.99848,0.99876,1.12,1.50
2016.10.11 03:20:52.562,0.9985,0.99876,1.00,1.50
2016.10.11 03:20:52.752,0.99849,0.99876,1.37,1.50
2016.10.11 03:20:52.803,0.99849,0.99876,1.37,1.75
2016.10.11 03:20:53.555,0.99849,0.99874,1.37,1.75
2016.10.11 03:20:54.308,0.99849,0.99874,1.37,1.75
2016.10.11 03:20:54.477,0.99849,0.99874,1.37,1.75
2016.10.11 03:20:54.709,0.99849,0.99874,1.37,1.75
2016.10.11 03:20:55.124,0.99848,0.99874,1.12,1.75
2016.10.11 03:20:55.175,0.99848,0.99874,1.12,1.75
2016.10.11 03:20:56.240,0.99849,0.99874,1.37,1.75
2016.10.11 03:20:56.967,0.99849,0.99875,1.37,1.75
2016.10.11 03:20:57.170,0.99848,0.99875,1.87,1.75
2016.10.11 03:20:57.638,0.99848,0.99875,1.87,1.75
2016.10.11 03:20:57.703,0.99849,0.99875,1.37,1.75
2016.10.11 03:20:58.569,0.99848,0.99875,1.75,1.75
2016.10.11 03:20:59.122,0.99848,0.99875,1.75,1.75
2016.10.11 03:20:59.860,0.99849,0.99877,1.50,3.37
2016.10.11 03:20:59.910,0.99849,0.99878,2.25,1.75
2016.10.11 03:20:59.977,0.9985,0.99879,1.50,2.25
2016.10.11 03:21:00.089,0.99851,0.99879,1.12,1.37
2016.10.11 03:21:00.190,0.9985,0.99879,1.87,1.37
2016.10.11 03:21:00.421,0.99851,0.9988,1.75,1.50
2016.10.11 03:21:00.573,0.99851,0.9988,1.75,2.25
2016.10.11 03:21:00.623,0.99851,0.99876,1.75,1.00
2016.10.11 03:21:00.810,0.99851,0.9988,1.75,2.25
2016.10.11 03:21:00.933,0.9985,0.99879,2.62,1.37
2016.10.11 03:21:01.077,0.9985,0.99879,1.75,1.37
2016.10.11 03:21:01.179,0.9985,0.99879,2.25,1.37
2016.10.11 03:21:01.331,0.9985,0.99876,2.25,1.00
2016.10.11 03:21:01.382,0.99849,0.99876,3.37,1.50
2016.10.11 03:21:01.591,0.99847,0.99872,1.00,1.00
2016.10.11 03:21:02.047,0.99847,0.99872,1.00,1.50
2016.10.11 03:21:02.199,0.99847,0.99872,1.00,1.50
2016.10.11 03:21:02.534,0.99847,0.99872,1.00,1.50
2016.10.11 03:21:02.988,0.99843,0.99871,1.75,1.87
2016.10.11 03:21:03.039,0.99846,0.9987,1.00,1.00
2016.10.11 03:21:03.090,0.99842,0.99871,1.75,2.25
2016.10.11 03:21:03.141,0.99841,0.99868,1.75,1.50
2016.10.11 03:21:03.191,0.99843,0.99868,1.00,1.50
2016.10.11 03:21:03.564,0.99841,0.99868,1.50,1.50
2016.10.11 03:21:03.615,0.9984,0.99868,1.75,1.50
2016.10.11 03:21:05.676,0.99839,0.99868,3.00,1.50
2016.10.11 03:21:06.151,0.99839,0.99866,3.00,1.12
2016.10.11 03:21:06.661,0.9984,0.99866,1.87,1.12
2016.10.11 03:21:06.763,0.9984,0.99867,1.87,1.37
2016.10.11 03:21:06.813,0.9984,0.99867,1.87,1.12
2016.10.11 03:21:07.941,0.99841,0.99868,1.75,1.50
2016.10.11 03:21:08.042,0.99841,0.99868,1.75,1.50
2016.10.11 03:21:10.544,0.9984,0.99867,1.87,1.12
2016.10.11 03:21:10.595,0.99841,0.99867,1.12,1.12
2016.10.11 03:21:10.645,0.99841,0.99867,1.12,1.12
2016.10.11 03:21:10.844,0.99841,0.99868,1.87,1.50
2016.10.11 03:21:10.945,0.99842,0.99871,1.75,2.25
2016.10.11 03:21:10.996,0.99842,0.99871,2.25,1.75
2016.10.11 03:21:11.047,0.9985,0.99874,1.00,1.75
2016.10.11 03:21:11.098,0.9985,0.99876,1.00,3.37
2016.10.11 03:21:11.148,0.9985,0.99876,1.75,1.00
2016.10.11 03:21:11.543,0.99852,0.99877,1.50,1.00
2016.10.11 03:21:11.594,0.99852,0.99877,1.50,1.00
2016.10.11 03:21:11.645,0.99852,0.99879,1.75,1.50
2016.10.11 03:21:11.747,0.99853,0.99882,1.75,2.25
2016.10.11 03:21:11.848,0.99855,0.99882,1.75,1.87
2016.10.11 03:21:11.950,0.99855,0.99882,1.75,1.12
2016.10.11 03:21:12.372,0.99856,0.99883,1.75,1.50
2016.10.11 03:21:12.974,0.99856,0.99882,1.75,1.12
2016.10.11 03:21:13.831,0.99856,0.99883,1.75,1.50
2016.10.11 03:21:14.630,0.99856,0.99882,1.75,1.12
2016.10.11 03:21:14.931,0.99856,0.99883,1.75,1.50
2016.10.11 03:21:15.355,0.99855,0.99882,2.25,1.12
2016.10.11 03:21:15.406,0.99855,0.99881,1.75,1.00
2016.10.11 03:21:16.478,0.99855,0.99881,2.25,1.00
2016.10.11 03:21:19.583,0.99855,0.99881,1.75,1.00
2016.10.11 03:21:19.784,0.99855,0.99881,2.25,1.00
2016.10.11 03:21:22.188,0.99855,0.99881,1.75,1.00
2016.10.11 03:21:26.164,0.99856,0.99883,1.75,1.50
2016.10.11 03:21:26.214,0.99858,0.99883,1.37,1.50
2016.10.11 03:21:26.265,0.99859,0.99886,1.12,3.37
2016.10.11 03:21:26.316,0.99862,0.99886,1.00,2.62
2016.10.11 03:21:26.367,0.99862,0.99888,1.75,1.00
2016.10.11 03:21:26.603,0.99861,0.99886,1.75,1.00
2016.10.11 03:21:26.704,0.99862,0.99888,1.75,1.12
2016.10.11 03:21:26.805,0.99861,0.9989,2.25,1.75
2016.10.11 03:21:26.856,0.99861,0.9989,4.12,1.12
2016.10.11 03:21:26.907,0.99864,0.9989,1.75,1.12
2016.10.11 03:21:27.008,0.99863,0.9989,2.25,1.12
2016.10.11 03:21:27.109,0.99864,0.9989,1.75,1.12
2016.10.11 03:21:27.210,0.99865,0.99892,1.75,2.25
2016.10.11 03:21:27.362,0.99865,0.99891,1.75,1.50
2016.10.11 03:21:27.659,0.99863,0.99891,1.75,1.50
2016.10.11 03:21:29.056,0.99863,0.9989,1.37,2.25
2016.10.11 03:21:29.107,0.99859,0.99884,1.00,1.00
2016.10.11 03:21:29.158,0.99859,0.99884,1.00,1.00
2016.10.11 03:21:29.531,0.99859,0.99884,1.00,1.00
2016.10.11 03:21:29.582,0.99858,0.99885,4.12,1.00
2016.10.11 03:21:29.781,0.99859,0.99886,1.75,1.87
2016.10.11 03:21:29.832,0.99859,0.99886,1.75,1.87
2016.10.11 03:21:30.072,0.9986,0.99886,2.62,1.00
2016.10.11 03:21:30.122,0.99861,0.99886,1.75,1.00
2016.10.11 03:21:30.372,0.99862,0.99886,2.25,1.00
2016.10.11 03:21:31.748,0.99862,0.99889,2.25,1.12
2016.10.11 03:21:32.666,0.99862,0.99891,2.25,2.25
2016.10.11 03:21:32.732,0.99862,0.99891,2.25,2.25
2016.10.11 03:21:32.966,0.99862,0.99889,2.25,1.12
2016.10.11 03:21:35.295,0.99862,0.99887,2.25,1.00
2016.10.11 03:21:38.423,0.99862,0.99887,1.75,1.00
2016.10.11 03:21:38.474,0.99865,0.99891,1.75,1.00
2016.10.11 03:21:38.525,0.99865,0.99891,2.25,1.00
2016.10.11 03:21:38.689,0.99865,0.99891,2.25,1.00
2016.10.11 03:21:38.740,0.99868,0.99891,1.75,1.00
2016.10.11 03:21:38.924,0.99868,0.99891,1.75,1.00
2016.10.11 03:21:38.975,0.99867,0.99895,3.37,1.12
2016.10.11 03:21:41.016,0.99865,0.99891,3.37,1.00
2016.10.11 03:21:41.134,0.99866,0.99891,1.75,1.00
2016.10.11 03:21:41.308,0.99866,0.99891,2.25,1.00
2016.10.11 03:21:41.359,0.99866,0.99891,1.75,1.00
2016.10.11 03:21:41.858,0.99866,0.99893,1.75,1.50
2016.10.11 03:21:41.959,0.99866,0.99893,2.25,1.50
2016.10.11 03:21:42.651,0.99866,0.99893,2.25,1.50
2016.10.11 03:21:42.751,0.99866,0.99893,2.25,1.50
2016.10.11 03:21:43.052,0.99866,0.99893,2.25,1.50
2016.10.11 03:21:43.953,0.99866,0.99893,2.25,1.50
2016.10.11 03:21:44.053,0.99866,0.99893,2.25,1.50
2016.10.11 03:21:44.153,0.99866,0.99893,2.25,1.50
2016.10.11 03:21:44.396,0.99866,0.99893,2.25,1.50
2016.10.11 03:21:44.483,0.99866,0.99891,2.25,1.00
2016.10.11 03:21:44.536,0.99866,0.99891,1.75,1.00
2016.10.11 03:21:44.654,0.99866,0.99891,1.75,1.00
2016.10.11 03:21:44.755,0.99866,0.99891,2.25,1.00
2016.10.11 03:21:45.237,0.99866,0.99891,1.75,1.00
2016.10.11 03:21:45.288,0.99868,0.99893,2.62,1.00
2016.10.11 03:21:45.339,0.99868,0.99893,3.37,1.00
2016.10.11 03:21:45.389,0.99875,0.99897,1.00,1.00
2016.10.11 03:21:51.296,0.99875,0.99899,1.00,1.00
2016.10.11 03:21:51.583,0.99875,0.99897,1.00,1.00
2016.10.11 03:21:53.692,0.99869,0.99896,1.75,1.12
2016.10.11 03:21:53.895,0.99868,0.99898,4.12,1.75
2016.10.11 03:21:56.754,0.99868,0.99898,3.37,1.75
2016.10.11 03:21:58.306,0.99868,0.99898,4.12,1.75
2016.10.11 03:21:59.036,0.99868,0.99896,4.12,1.12
2016.10.11 03:21:59.089,0.99868,0.99896,3.37,1.12
2016.10.11 03:21:59.139,0.99868,0.99896,2.62,1.12
2016.10.11 03:21:59.307,0.99868,0.99898,3.37,1.75
2016.10.11 03:22:00.591,0.99868,0.99899,3.37,2.62
2016.10.11 03:22:00.693,0.99868,0.99896,1.75,1.37
2016.10.11 03:22:01.161,0.99867,0.99896,3.37,1.37
2016.10.11 03:22:01.212,0.99867,0.99896,3.37,1.37
2016.10.11 03:22:02.263,0.99868,0.99896,1.75,1.37
2016.10.11 03:22:02.365,0.99867,0.99896,3.37,1.37
2016.10.11 03:22:02.415,0.99868,0.99896,2.62,1.12
2016.10.11 03:22:02.876,0.99868,0.99899,2.62,1.75
2016.10.11 03:22:02.926,0.99868,0.999,2.62,2.25
2016.10.11 03:22:03.980,0.99868,0.99897,2.62,1.50
2016.10.11 03:22:06.329,0.99868,0.99897,3.37,1.50
2016.10.11 03:22:07.240,0.99868,0.99897,4.12,1.50
2016.10.11 03:22:10.488,0.99868,0.99897,3.37,1.50
2016.10.11 03:22:10.589,0.99868,0.99896,3.37,1.12
2016.10.11 03:22:10.639,0.99868,0.99896,2.62,1.12
2016.10.11 03:22:11.389,0.99868,0.99896,3.37,1.12
2016.10.11 03:22:11.439,0.99868,0.99897,3.37,1.50
2016.10.11 03:22:11.589,0.99868,0.99897,2.62,1.50
2016.10.11 03:22:12.690,0.99869,0.99897,1.75,1.50
2016.10.11 03:22:15.094,0.9987,0.99897,1.75,1.50
2016.10.11 03:22:22.028,0.99869,0.99897,1.75,1.50
2016.10.11 03:22:23.528,0.99873,0.99897,1.00,1.12
2016.10.11 03:22:23.578,0.99873,0.99897,1.00,1.00
2016.10.11 03:22:31.107,0.99873,0.99898,1.00,1.00
2016.10.11 03:22:31.158,0.99873,0.99898,1.00,1.00
2016.10.11 03:22:31.240,0.99872,0.999,1.75,1.12
2016.10.11 03:22:31.290,0.99872,0.999,1.75,1.37
2016.10.11 03:22:31.341,0.99872,0.99896,1.75,1.00
2016.10.11 03:22:32.216,0.99871,0.99896,1.75,1.00
2016.10.11 03:22:32.652,0.99871,0.99896,1.75,1.00
2016.10.11 03:22:33.072,0.99869,0.99896,2.62,1.00
2016.10.11 03:22:40.677,0.99869,0.99896,2.62,1.00
2016.10.11 03:22:40.745,0.99869,0.99896,3.37,1.00
2016.10.11 03:22:45.091,0.99869,0.99896,3.37,1.00
2016.10.11 03:22:49.306,0.99869,0.99896,3.37,1.00
2016.10.11 03:22:49.357,0.99868,0.99896,1.75,1.12
2016.10.11 03:22:49.448,0.99868,0.99896,1.75,1.87
2016.10.11 03:22:49.500,0.99868,0.99896,1.75,1.87
2016.10.11 03:22:49.551,0.99867,0.99896,3.37,1.75
2016.10.11 03:22:50.548,0.99868,0.99896,1.75,1.75
2016.10.11 03:22:52.273,0.99867,0.99895,3.37,1.37
2016.10.11 03:22:57.859,0.99868,0.99895,1.75,2.62
2016.10.11 03:22:58.372,0.99868,0.99895,1.75,1.12
2016.10.11 03:23:01.566,0.99867,0.99896,3.37,1.75
2016.10.11 03:23:03.688,0.99868,0.99895,1.75,1.37
2016.10.11 03:23:09.677,0.99867,0.99896,3.37,1.87
2016.10.11 03:23:11.505,0.99868,0.99896,1.75,1.87
2016.10.11 03:23:12.212,0.99866,0.99896,3.37,2.62
2016.10.11 03:23:12.263,0.99869,0.99894,1.00,1.00
2016.10.11 03:23:19.901,0.99869,0.99894,1.00,1.12
2016.10.11 03:23:22.112,0.99869,0.99894,1.00,1.00
2016.10.11 03:23:22.162,0.99869,0.99891,1.00,1.00
2016.10.11 03:23:22.314,0.9987,0.99891,1.37,1.00
2016.10.11 03:23:22.365,0.99873,0.99897,1.00,1.00
2016.10.11 03:23:22.664,0.99873,0.99896,1.00,1.00
2016.10.11 03:23:22.715,0.9987,0.99896,1.75,1.00
2016.10.11 03:23:22.765,0.99875,0.999,1.00,1.50
2016.10.11 03:23:22.816,0.99875,0.999,1.00,1.12
2016.10.11 03:23:23.071,0.99875,0.99896,1.00,1.00
2016.10.11 03:23:23.273,0.99875,0.999,1.00,1.12
2016.10.11 03:23:23.323,0.99873,0.99901,1.50,1.87
2016.10.11 03:23:23.374,0.99873,0.99896,1.50,1.00
2016.10.11 03:23:23.425,0.99872,0.99896,1.75,1.00
2016.10.11 03:23:23.475,0.99872,0.99901,1.75,1.50
2016.10.11 03:23:23.526,0.99872,0.99901,1.75,1.87
2016.10.11 03:23:23.627,0.99873,0.99901,1.75,3.37
2016.10.11 03:23:23.756,0.99873,0.99897,1.75,1.00
2016.10.11 03:23:24.116,0.99873,0.99897,1.12,1.00
2016.10.11 03:23:24.168,0.9987,0.99897,1.75,1.00
2016.10.11 03:23:24.508,0.99869,0.99891,1.75,1.00
2016.10.11 03:23:24.559,0.99869,0.99891,1.75,1.00
2016.10.11 03:23:25.118,0.9987,0.99891,1.75,1.00
2016.10.11 03:23:29.270,0.9987,0.99896,1.75,1.00
2016.10.11 03:23:29.778,0.9987,0.99891,1.75,1.00
2016.10.11 03:23:30.582,0.9987,0.99897,1.75,1.00
2016.10.11 03:23:30.885,0.9987,0.99891,1.50,1.00
2016.10.11 03:23:30.936,0.99869,0.99891,1.75,1.00
2016.10.11 03:23:31.176,0.99873,0.99891,1.00,1.00
2016.10.11 03:23:31.277,0.99873,0.99891,1.00,1.00
2016.10.11 03:23:31.336,0.99873,0.99891,1.00,1.00
2016.10.11 03:23:31.387,0.99873,0.99897,1.00,1.00
2016.10.11 03:23:31.488,0.99873,0.99891,1.00,1.00
2016.10.11 03:23:31.539,0.99873,0.99891,1.00,1.00
2016.10.11 03:23:31.994,0.99873,0.99897,1.00,1.00
2016.10.11 03:23:32.368,0.99871,0.99897,1.75,1.00
2016.10.11 03:23:32.778,0.99874,0.99897,1.00,1.00
2016.10.11 03:23:32.829,0.99872,0.99897,3.37,1.00
2016.10.11 03:23:32.880,0.99873,0.99897,1.75,1.00
2016.10.11 03:23:32.931,0.99873,0.99897,3.37,1.00
2016.10.11 03:23:32.982,0.99873,0.99901,3.37,1.12
2016.10.11 03:23:33.083,0.99873,0.99901,4.12,1.12
2016.10.11 03:23:33.184,0.99873,0.99901,4.87,1.12
2016.10.11 03:23:33.340,0.99873,0.99901,4.12,1.12
2016.10.11 03:23:33.573,0.99869,0.99896,4.87,1.00
2016.10.11 03:23:33.684,0.99869,0.99896,4.12,1.00
2016.10.11 03:23:33.785,0.99869,0.99896,3.37,1.00
2016.10.11 03:23:37.464,0.9987,0.99896,1.75,1.00
2016.10.11 03:23:38.096,0.99869,0.99896,4.12,1.00
2016.10.11 03:23:38.298,0.99869,0.99896,3.37,1.00
2016.10.11 03:23:38.349,0.99871,0.99896,2.62,1.00
2016.10.11 03:23:38.400,0.99873,0.99896,1.75,1.00
2016.10.11 03:23:42.518,0.99873,0.99902,1.75,1.87
2016.10.11 03:23:42.570,0.99871,0.99901,2.62,1.75
2016.10.11 03:23:42.623,0.99871,0.99897,2.62,1.00
2016.10.11 03:23:42.674,0.9987,0.99897,1.75,1.00
2016.10.11 03:23:42.725,0.99873,0.99891,1.00,1.00
2016.10.11 03:23:42.878,0.99873,0.99891,1.00,1.00
2016.10.11 03:23:47.383,0.99873,0.99896,1.00,1.00
2016.10.11 03:23:47.886,0.99873,0.99891,1.00,1.00
2016.10.11 03:23:50.105,0.99873,0.99891,1.00,1.00
2016.10.11 03:23:50.207,0.99873,0.99897,1.00,1.00
2016.10.11 03:23:50.992,0.99873,0.99892,1.00,1.00
2016.10.11 03:23:51.093,0.99873,0.99892,1.00,1.00
2016.10.11 03:23:51.194,0.99873,0.99897,1.00,1.00
2016.10.11 03:23:51.471,0.99869,0.99891,1.75,1.00
2016.10.11 03:23:52.180,0.99869,0.99891,1.75,1.00
2016.10.11 03:23:52.231,0.9987,0.99891,1.75,1.00
2016.10.11 03:23:52.307,0.99869,0.99892,1.75,1.00
2016.10.11 03:23:52.358,0.99873,0.99892,1.00,1.00
2016.10.11 03:23:52.750,0.99869,0.99892,1.75,1.00
2016.10.11 03:23:54.246,0.99869,0.99891,1.75,1.00
2016.10.11 03:23:54.297,0.9987,0.99891,1.75,1.00
2016.10.11 03:23:57.430,0.99869,0.99891,1.75,1.00
2016.10.11 03:23:57.531,0.9987,0.99892,1.75,1.00
2016.10.11 03:23:57.833,0.9987,0.99892,1.75,1.00
2016.10.11 03:23:57.934,0.9987,0.99896,1.75,1.50
2016.10.11 03:23:59.497,0.99869,0.99896,1.75,1.50
2016.10.11 03:24:00.034,0.9987,0.99896,1.75,1.50
2016.10.11 03:24:00.929,0.99869,0.99896,1.75,1.50
2016.10.11 03:24:01.505,0.9987,0.99896,1.75,1.50
2016.10.11 03:24:04.815,0.9987,0.99897,1.75,1.75
2016.10.11 03:24:06.018,0.9987,0.99896,1.75,1.50
2016.10.11 03:24:06.458,0.9987,0.99896,1.75,1.37
2016.10.11 03:24:06.510,0.99873,0.99897,1.00,1.00
2016.10.11 03:24:06.903,0.99873,0.99897,1.00,1.00
2016.10.11 03:24:07.115,0.99873,0.99896,1.00,1.00
2016.10.11 03:24:07.216,0.99873,0.99896,1.00,1.00
2016.10.11 03:24:07.317,0.99873,0.99896,1.00,1.00
2016.10.11 03:24:07.469,0.99869,0.99896,1.75,1.50
2016.10.11 03:24:07.520,0.99869,0.99897,1.75,1.75
2016.10.11 03:24:08.255,0.99869,0.99897,1.75,1.87
2016.10.11 03:24:08.724,0.99867,0.99895,2.62,1.00
2016.10.11 03:24:08.775,0.99866,0.99895,2.25,1.12
2016.10.11 03:24:08.825,0.99866,0.99892,1.75,1.12
2016.10.11 03:24:08.876,0.99866,0.99892,3.37,1.00
2016.10.11 03:24:08.927,0.99866,0.99892,2.62,1.87
2016.10.11 03:24:08.978,0.99862,0.9989,3.37,1.00
2016.10.11 03:24:09.030,0.99862,0.99888,2.62,1.00
2016.10.11 03:24:09.235,0.99862,0.99888,2.25,1.37
2016.10.11 03:24:09.286,0.99861,0.99888,1.75,1.75
2016.10.11 03:24:09.336,0.99863,0.99888,1.12,1.75
2016.10.11 03:24:09.438,0.99863,0.99887,1.12,1.50
2016.10.11 03:24:09.728,0.99861,0.99887,1.75,1.50
2016.10.11 03:24:09.779,0.99861,0.99887,1.75,1.00
2016.10.11 03:24:09.931,0.99864,0.99891,1.12,1.75
2016.10.11 03:24:10.417,0.99864,0.99886,1.12,1.00
2016.10.11 03:24:11.618,0.99864,0.99891,1.12,2.25
2016.10.11 03:24:11.719,0.99867,0.99891,1.00,1.75
2016.10.11 03:24:11.770,0.99867,0.99891,1.12,1.37
2016.10.11 03:24:11.821,0.99868,0.99891,1.37,1.00
2016.10.11 03:24:11.872,0.99868,0.99891,1.75,1.00
2016.10.11 03:24:11.922,0.99868,0.99895,1.75,1.37
2016.10.11 03:24:11.973,0.99868,0.99895,1.50,1.75
2016.10.11 03:24:12.024,0.99866,0.99893,1.75,1.50
2016.10.11 03:24:12.075,0.99866,0.99892,1.50,1.00
2016.10.11 03:24:12.264,0.99866,0.99892,1.00,1.75
2016.10.11 03:24:12.314,0.99864,0.99891,1.50,1.50
2016.10.11 03:24:12.517,0.99866,0.99892,1.00,1.75
2016.10.11 03:24:12.618,0.99866,0.99891,1.00,1.50
2016.10.11 03:24:12.669,0.99866,0.99891,1.12,1.37
2016.10.11 03:24:12.720,0.99866,0.99891,1.50,1.37
2016.10.11 03:24:13.282,0.99866,0.99892,1.50,1.50
2016.10.11 03:24:13.863,0.99866,0.99893,1.50,2.25
2016.10.11 03:24:13.914,0.99863,0.99892,1.75,1.50
2016.10.11 03:24:14.167,0.99863,0.99891,1.75,1.37
2016.10.11 03:24:14.439,0.99866,0.99892,1.50,1.50
2016.10.11 03:24:14.591,0.99866,0.99892,1.75,1.12
2016.10.11 03:24:14.743,0.99867,0.99891,1.50,1.00
2016.10.11 03:24:15.467,0.99867,0.99891,1.50,1.12
2016.10.11 03:24:15.518,0.99867,0.99891,1.00,1.50
2016.10.11 03:24:15.569,0.99866,0.99891,1.37,1.50
2016.10.11 03:24:15.619,0.99866,0.99891,1.12,1.50
2016.10.11 03:24:15.670,0.99866,0.99892,1.12,1.75
2016.10.11 03:24:16.322,0.99868,0.99892,1.00,1.75
2016.10.11 03:24:16.524,0.9987,0.99893,1.00,1.75
2016.10.11 03:24:16.575,0.9987,0.99895,1.00,2.62
2016.10.11 03:24:16.626,0.99871,0.99897,1.00,2.25
2016.10.11 03:24:18.497,0.99871,0.99897,1.50,2.25
2016.10.11 03:24:19.127,0.99872,0.99897,1.12,1.75
2016.10.11 03:24:19.178,0.99872,0.99897,1.12,2.25
2016.10.11 03:24:19.638,0.99872,0.99897,1.12,1.75
2016.10.11 03:24:20.240,0.99872,0.99897,1.12,2.25
2016.10.11 03:24:21.040,0.99871,0.99897,1.50,2.25
2016.10.11 03:24:21.942,0.99871,0.99897,1.50,1.75
2016.10.11 03:24:22.758,0.99871,0.99897,1.50,2.25
2016.10.11 03:24:22.859,0.99871,0.99897,1.50,1.75
2016.10.11 03:24:23.128,0.99871,0.99896,1.50,1.50
2016.10.11 03:24:23.670,0.9987,0.99896,1.75,1.50
2016.10.11 03:24:24.770,0.9987,0.99892,1.75,1.00
2016.10.11 03:24:24.871,0.99868,0.99897,1.75,2.25
2016.10.11 03:24:24.972,0.99868,0.99897,1.75,2.25
2016.10.11 03:24:25.074,0.99869,0.99897,1.75,1.87
2016.10.11 03:24:25.594,0.9987,0.99897,1.75,1.87
2016.10.11 03:24:25.699,0.9987,0.99897,1.75,1.87
2016.10.11 03:24:25.749,0.9987,0.99897,1.75,1.87
2016.10.11 03:24:25.950,0.9987,0.99897,1.75,1.87
2016.10.11 03:24:26.027,0.9987,0.99897,1.75,1.12
2016.10.11 03:24:26.179,0.99869,0.99897,2.25,1.12
2016.10.11 03:24:27.230,0.99871,0.99897,1.75,1.12
2016.10.11 03:24:27.281,0.99871,0.99897,1.75,1.12
2016.10.11 03:24:27.382,0.99871,0.99897,1.75,1.12
2016.10.11 03:24:27.433,0.99871,0.99896,1.75,1.00
2016.10.11 03:24:28.190,0.9987,0.99896,2.25,1.00
2016.10.11 03:24:28.582,0.9987,0.99896,1.75,1.00
2016.10.11 03:24:28.633,0.99869,0.99896,2.25,1.50
2016.10.11 03:24:28.684,0.9987,0.99896,1.75,1.50
2016.10.11 03:24:32.700,0.9987,0.99896,1.75,1.87
2016.10.11 03:24:32.751,0.9987,0.99896,1.75,2.25
2016.10.11 03:24:32.852,0.9987,0.99896,1.75,1.50
2016.10.11 03:24:33.462,0.99871,0.99896,1.50,1.50
2016.10.11 03:24:34.255,0.9987,0.99896,2.25,1.50
2016.10.11 03:24:34.306,0.9987,0.99896,1.75,1.50
2016.10.11 03:24:34.407,0.9987,0.99896,2.25,1.50
2016.10.11 03:24:34.509,0.9987,0.99896,1.75,1.50
2016.10.11 03:24:34.794,0.99868,0.99895,1.75,1.12
2016.10.11 03:24:39.679,0.99867,0.99891,2.62,1.00
2016.10.11 03:24:39.729,0.99865,0.9989,1.00,1.00
2016.10.11 03:24:39.780,0.99865,0.99889,1.00,1.00
2016.10.11 03:24:40.074,0.99865,0.9989,1.00,1.50
2016.10.11 03:24:40.477,0.99865,0.9989,1.00,1.00
2016.10.11 03:24:41.472,0.99865,0.99889,1.00,1.00
2016.10.11 03:24:42.076,0.99865,0.9989,1.00,1.50
2016.10.11 03:24:43.063,0.99865,0.99886,1.00,1.00
2016.10.11 03:24:45.182,0.99865,0.9989,1.00,1.50
2016.10.11 03:24:45.283,0.99865,0.99888,1.00,1.00
2016.10.11 03:24:45.862,0.99865,0.99886,1.00,1.00
2016.10.11 03:24:46.735,0.99865,0.99886,1.00,1.00
2016.10.11 03:24:47.025,0.99854,0.99879,1.75,1.12
2016.10.11 03:24:47.076,0.99854,0.99876,1.75,1.00
2016.10.11 03:24:47.127,0.99854,0.99876,1.50,1.00
2016.10.11 03:24:47.177,0.99854,0.99876,1.00,1.00
2016.10.11 03:24:47.228,0.99849,0.99876,1.75,1.00
2016.10.11 03:24:47.279,0.9985,0.99877,1.75,1.12
2016.10.11 03:24:47.380,0.99853,0.9988,1.50,2.25
2016.10.11 03:24:47.431,0.99853,0.9988,2.25,1.12
2016.10.11 03:24:47.481,0.99853,0.9988,3.00,1.12
2016.10.11 03:24:47.714,0.99853,0.9988,2.25,1.12
2016.10.11 03:24:47.764,0.99853,0.99881,1.75,1.75
2016.10.11 03:24:47.815,0.99853,0.99877,1.37,1.00
2016.10.11 03:24:47.866,0.99851,0.99875,1.75,1.00
2016.10.11 03:24:47.917,0.99849,0.99875,1.75,1.00
2016.10.11 03:24:52.942,0.99848,0.99875,2.25,1.00
2016.10.11 03:24:53.044,0.99848,0.99875,1.75,1.00
2016.10.11 03:24:53.094,0.99853,0.99876,1.12,1.12
2016.10.11 03:24:53.145,0.99854,0.99876,1.00,1.00
2016.10.11 03:24:53.297,0.99854,0.99876,1.00,1.50
2016.10.11 03:24:53.823,0.99854,0.99876,1.00,1.50
2016.10.11 03:24:54.371,0.99854,0.99876,1.50,1.00
2016.10.11 03:24:56.058,0.99854,0.99873,1.50,1.00
2016.10.11 03:24:56.160,0.99854,0.99878,1.75,1.00
2016.10.11 03:24:56.210,0.99853,0.99878,2.25,1.00
2016.10.11 03:24:56.614,0.99853,0.99879,1.75,1.00
2016.10.11 03:24:57.019,0.99853,0.99879,2.25,1.00
2016.10.11 03:24:57.172,0.99854,0.99879,1.75,1.00
2016.10.11 03:24:57.274,0.99854,0.99877,1.50,1.00
2016.10.11 03:24:57.477,0.99854,0.99876,1.00,1.75
2016.10.11 03:24:57.528,0.99849,0.99876,1.75,2.25
2016.10.11 03:24:57.579,0.99849,0.99874,1.75,1.12
2016.10.11 03:24:57.908,0.9985,0.99874,1.50,1.12
2016.10.11 03:24:57.958,0.9985,0.99874,1.75,1.00
2016.10.11 03:24:58.009,0.99849,0.99874,4.12,1.00
2016.10.11 03:25:01.029,0.9985,0.99874,1.75,1.00
2016.10.11 03:25:12.658,0.9985,0.99874,1.75,1.00
2016.10.11 03:25:13.051,0.99849,0.99874,3.37,1.00
2016.10.11 03:25:13.102,0.99849,0.99874,1.75,1.00
2016.10.11 03:25:13.384,0.99848,0.99873,2.25,1.00
2016.10.11 03:25:14.441,0.99848,0.99873,1.75,1.00
2016.10.11 03:25:16.415,0.99848,0.99872,1.75,1.00
2016.10.11 03:25:16.466,0.99846,0.99872,2.62,1.00
2016.10.11 03:25:16.665,0.99845,0.99872,1.75,1.75
2016.10.11 03:25:16.716,0.99843,0.99865,1.75,1.00
2016.10.11 03:25:16.818,0.99843,0.99867,1.50,1.87
2016.10.11 03:25:16.969,0.9984,0.99866,1.75,1.00
2016.10.11 03:25:17.300,0.9984,0.99862,1.75,1.00
2016.10.11 03:25:17.565,0.9984,0.99865,1.75,1.00
2016.10.11 03:25:17.717,0.9984,0.99865,1.75,1.00
2016.10.11 03:25:17.818,0.9984,0.99865,1.75,1.00
2016.10.11 03:25:18.322,0.9984,0.99866,1.75,1.00
2016.10.11 03:25:19.668,0.9984,0.99867,1.75,1.12
2016.10.11 03:25:19.741,0.9984,0.99866,3.37,1.00
2016.10.11 03:25:19.791,0.9984,0.99866,2.62,1.00
2016.10.11 03:25:20.680,0.9984,0.99866,3.37,1.00
2016.10.11 03:25:21.055,0.9984,0.99866,2.62,1.00
2016.10.11 03:25:21.605,0.9984,0.99864,2.62,1.00
2016.10.11 03:25:21.774,0.9984,0.99864,2.62,1.00
2016.10.11 03:25:22.092,0.99839,0.99862,1.75,1.00
2016.10.11 03:25:22.294,0.9984,0.99861,1.75,1.00
2016.10.11 03:25:22.475,0.9984,0.99861,1.75,1.00
2016.10.11 03:25:23.075,0.99839,0.99861,1.75,1.00
2016.10.11 03:25:23.149,0.99839,0.99864,2.25,1.00
2016.10.11 03:25:23.429,0.99839,0.99862,1.75,1.00
2016.10.11 03:25:25.195,0.9984,0.99862,1.75,1.00
2016.10.11 03:25:25.601,0.99839,0.99862,1.75,1.00
2016.10.11 03:25:25.716,0.9984,0.99862,1.75,1.00
2016.10.11 03:25:26.251,0.99839,0.99862,1.75,1.00
2016.10.11 03:25:26.380,0.99839,0.99862,1.75,1.00
2016.10.11 03:25:26.517,0.99839,0.99862,1.75,1.00
2016.10.11 03:25:26.582,0.99839,0.99862,1.75,1.00
2016.10.11 03:25:26.684,0.99839,0.99862,1.75,1.00
2016.10.11 03:25:26.785,0.99839,0.99864,2.25,1.00
2016.10.11 03:25:27.048,0.99839,0.99861,1.75,1.00
2016.10.11 03:25:28.257,0.99839,0.99865,2.25,1.00
2016.10.11 03:25:28.308,0.9984,0.99865,1.75,1.00
2016.10.11 03:25:28.436,0.9984,0.99866,1.75,1.50
2016.10.11 03:25:28.487,0.99839,0.99866,2.25,1.50
2016.10.11 03:25:29.358,0.99839,0.99861,1.75,1.00
2016.10.11 03:25:30.314,0.99839,0.99861,2.25,1.00
2016.10.11 03:25:30.915,0.9984,0.99861,1.75,1.00
2016.10.11 03:25:31.436,0.9984,0.99861,1.75,1.00
2016.10.11 03:25:31.690,0.9984,0.99861,1.75,1.00
2016.10.11 03:25:32.676,0.99839,0.99861,2.25,1.00
2016.10.11 03:25:33.115,0.99839,0.99861,1.75,1.00
2016.10.11 03:25:33.216,0.99839,0.99861,2.25,1.00
2016.10.11 03:25:33.317,0.99839,0.99861,1.50,1.00
2016.10.11 03:25:33.629,0.99839,0.99861,1.50,1.00
2016.10.11 03:25:33.731,0.99837,0.99861,3.37,1.00
2016.10.11 03:25:33.832,0.99837,0.99861,3.37,1.00
2016.10.11 03:25:34.136,0.99837,0.99861,3.37,1.00
2016.10.11 03:25:34.530,0.99839,0.99861,1.50,1.00
2016.10.11 03:25:34.646,0.99837,0.99861,4.12,1.00
2016.10.11 03:25:34.697,0.99837,0.99861,3.37,1.00
2016.10.11 03:25:35.197,0.99837,0.99861,3.37,1.00
2016.10.11 03:25:36.198,0.99837,0.99861,4.12,1.00
2016.10.11 03:25:36.300,0.99837,0.99861,3.37,1.00
2016.10.11 03:25:38.903,0.99837,0.99861,3.37,1.00
2016.10.11 03:25:40.388,0.99837,0.99861,4.12,1.00
2016.10.11 03:25:42.097,0.99832,0.99858,3.37,1.00
2016.10.11 03:25:42.148,0.99832,0.99858,3.37,1.00
2016.10.11 03:25:42.249,0.99832,0.99854,1.12,1.00
2016.10.11 03:25:42.299,0.99829,0.99851,1.75,1.00
2016.10.11 03:25:42.401,0.99829,0.99854,2.25,1.00
2016.10.11 03:25:42.451,0.99829,0.99856,2.25,1.87
2016.10.11 03:25:42.502,0.99828,0.99851,2.62,1.00
2016.10.11 03:25:42.552,0.99827,0.99851,1.75,1.00
2016.10.11 03:25:42.972,0.99825,0.99851,1.75,1.00
2016.10.11 03:25:43.536,0.99826,0.99851,1.75,1.00
2016.10.11 03:25:44.204,0.99825,0.99851,1.75,1.00
2016.10.11 03:25:44.821,0.99825,0.99852,1.75,1.00
2016.10.11 03:25:45.333,0.99827,0.99851,2.62,1.00
2016.10.11 03:25:45.578,0.99829,0.99851,2.25,1.00
2016.10.11 03:25:45.629,0.99829,0.99856,2.25,1.12
2016.10.11 03:25:45.680,0.99829,0.99852,2.25,1.00
2016.10.11 03:25:45.956,0.99829,0.99851,1.75,1.00
2016.10.11 03:25:46.189,0.99829,0.99851,1.00,1.50
2016.10.11 03:25:46.240,0.99827,0.99851,1.00,1.50
2016.10.11 03:25:46.291,0.99827,0.99851,1.00,1.00
2016.10.11 03:25:46.644,0.99827,0.99852,1.00,1.00
2016.10.11 03:25:46.695,0.99827,0.99852,1.00,1.50
2016.10.11 03:25:46.745,0.99826,0.99852,1.75,1.00
2016.10.11 03:25:47.523,0.99826,0.99851,1.75,1.00
2016.10.11 03:25:48.476,0.99831,0.99851,1.00,1.00
2016.10.11 03:25:49.306,0.99831,0.99852,1.00,1.00
2016.10.11 03:25:49.357,0.99835,0.99852,1.00,1.00
2016.10.11 03:25:49.407,0.99835,0.99856,1.00,1.00
2016.10.11 03:25:49.458,0.99835,0.99857,2.62,1.00
2016.10.11 03:25:49.508,0.99835,0.99862,3.37,1.00
2016.10.11 03:25:49.559,0.99837,0.99862,2.62,1.00
2016.10.11 03:25:49.610,0.99839,0.99862,1.75,1.00
2016.10.11 03:25:50.085,0.99839,0.99857,1.75,1.00
2016.10.11 03:25:50.621,0.99837,0.99851,2.62,1.00
2016.10.11 03:25:50.672,0.99835,0.99851,1.75,1.00
2016.10.11 03:25:50.753,0.99823,0.9985,2.25,1.12
2016.10.11 03:25:50.854,0.99825,0.99846,1.00,1.00
2016.10.11 03:25:51.078,0.99819,0.99835,1.00,1.37
2016.10.11 03:25:51.133,0.99807,0.99832,1.87,1.00
2016.10.11 03:25:51.184,0.99807,0.99832,3.75,1.00
2016.10.11 03:25:51.259,0.9981,0.99832,1.00,1.00
2016.10.11 03:25:51.310,0.99812,0.99832,1.12,1.00
2016.10.11 03:25:51.361,0.99815,0.99836,1.00,1.00
2016.10.11 03:25:51.412,0.99815,0.99838,1.50,1.00
2016.10.11 03:25:51.462,0.99817,0.99841,1.00,1.00
2016.10.11 03:25:51.513,0.99817,0.99842,1.00,1.00
2016.10.11 03:25:51.564,0.99815,0.99843,3.37,1.12
2016.10.11 03:25:51.665,0.99815,0.99844,4.12,1.50
2016.10.11 03:25:51.904,0.99817,0.99844,1.75,1.50
2016.10.11 03:25:51.955,0.99817,0.99843,1.75,1.12
2016.10.11 03:25:52.492,0.99816,0.99843,1.75,1.12
2016.10.11 03:25:52.949,0.99817,0.99843,1.75,1.00
2016.10.11 03:25:53.448,0.99816,0.99843,1.75,1.12
2016.10.11 03:25:54.857,0.99817,0.99843,1.75,1.12
2016.10.11 03:25:55.746,0.99817,0.99841,1.75,1.00
2016.10.11 03:25:55.796,0.99817,0.99841,1.50,1.00
2016.10.11 03:25:55.847,0.99817,0.99841,1.00,1.00
2016.10.11 03:25:56.253,0.99814,0.99841,1.75,1.75
2016.10.11 03:25:56.421,0.99812,0.99841,1.75,1.75
2016.10.11 03:25:56.522,0.99812,0.99841,1.75,2.25
2016.10.11 03:25:56.674,0.99812,0.99841,1.75,2.25
2016.10.11 03:25:56.893,0.99812,0.99841,1.75,2.25
2016.10.11 03:25:56.943,0.99811,0.99841,3.37,1.75
2016.10.11 03:25:57.542,0.99811,0.99841,4.12,2.25
2016.10.11 03:25:57.897,0.99811,0.99841,4.12,2.25
2016.10.11 03:25:57.998,0.99811,0.99841,4.12,2.25
2016.10.11 03:25:58.049,0.99814,0.99842,1.75,1.75
2016.10.11 03:25:58.100,0.99814,0.99842,1.75,1.75
2016.10.11 03:25:58.633,0.99814,0.99843,1.75,1.75
2016.10.11 03:25:59.057,0.99814,0.99843,1.75,1.75
2016.10.11 03:25:59.158,0.99815,0.99841,2.62,1.37
2016.10.11 03:25:59.209,0.99815,0.99841,2.62,1.00
2016.10.11 03:25:59.260,0.99816,0.99844,1.75,1.50
2016.10.11 03:25:59.311,0.99816,0.99844,1.50,1.75
2016.10.11 03:25:59.362,0.99813,0.99844,3.37,1.87
2016.10.11 03:25:59.463,0.99813,0.99844,3.75,1.75
2016.10.11 03:25:59.961,0.99813,0.99845,2.62,1.75
2016.10.11 03:26:00.461,0.99815,0.99846,1.75,1.75
2016.10.11 03:26:00.680,0.99815,0.99846,1.75,1.75
2016.10.11 03:26:00.740,0.99815,0.99846,1.75,2.62
2016.10.11 03:26:00.791,0.99815,0.99846,1.75,2.62
2016.10.11 03:26:00.934,0.99815,0.99846,1.75,1.87
2016.10.11 03:26:01.057,0.99815,0.99846,1.75,1.75
2016.10.11 03:26:01.107,0.99815,0.9984,1.50,1.00
2016.10.11 03:26:01.158,0.99815,0.9984,1.00,1.00
2016.10.11 03:26:01.386,0.99808,0.99841,3.37,2.62
2016.10.11 03:26:01.487,0.99808,0.9984,3.37,1.12
2016.10.11 03:26:01.538,0.99809,0.99837,1.75,1.00
2016.10.11 03:26:02.144,0.99809,0.99831,1.75,1.00
2016.10.11 03:26:02.194,0.9981,0.99831,1.00,1.00
2016.10.11 03:26:02.517,0.99808,0.99836,3.37,1.00
2016.10.11 03:26:02.568,0.99811,0.99837,1.12,1.12
2016.10.11 03:26:02.619,0.99811,0.99837,1.12,1.00
2016.10.11 03:26:02.670,0.99812,0.99837,2.62,1.00
2016.10.11 03:26:02.720,0.99817,0.99836,1.00,1.00
2016.10.11 03:26:03.226,0.99817,0.99841,1.00,1.00
2016.10.11 03:26:04.069,0.99817,0.99841,1.00,1.00
2016.10.11 03:26:04.120,0.99817,0.99842,1.00,1.00
2016.10.11 03:26:04.170,0.99815,0.99845,2.62,1.75
2016.10.11 03:26:04.221,0.99819,0.99844,1.00,1.00
2016.10.11 03:26:04.272,0.99817,0.99846,3.37,1.75
2016.10.11 03:26:04.322,0.99817,0.99846,3.37,1.50
2016.10.11 03:26:04.373,0.99817,0.99846,2.62,1.50
2016.10.11 03:26:04.474,0.99817,0.99846,3.37,1.50
2016.10.11 03:26:05.371,0.99817,0.99846,3.75,1.50
2016.10.11 03:26:05.422,0.99817,0.99847,3.75,3.00
2016.10.11 03:26:05.472,0.99817,0.99846,3.75,1.37
2016.10.11 03:26:05.574,0.99817,0.99846,1.87,1.37
2016.10.11 03:26:05.624,0.99817,0.99842,1.87,1.00
2016.10.11 03:26:05.675,0.99816,0.99842,3.37,1.00
2016.10.11 03:26:06.926,0.99818,0.99845,1.50,1.50
2016.10.11 03:26:06.977,0.99819,0.99845,1.37,1.12
2016.10.11 03:26:07.028,0.99819,0.99845,1.75,1.00
2016.10.11 03:26:07.078,0.99819,0.99846,2.62,1.00
2016.10.11 03:26:07.180,0.99824,0.99846,1.75,1.00
2016.10.11 03:26:07.281,0.99823,0.99846,4.12,1.00
2016.10.11 03:26:07.332,0.99824,0.99851,1.75,1.12
2016.10.11 03:26:07.736,0.99824,0.99851,2.25,1.12
2016.10.11 03:26:08.580,0.99824,0.99851,1.75,1.37
2016.10.11 03:26:08.631,0.99824,0.99851,1.75,1.75
2016.10.11 03:26:08.846,0.99824,0.99851,2.25,1.75
2016.10.11 03:26:09.380,0.99824,0.99851,1.75,1.50
2016.10.11 03:26:09.431,0.99826,0.99851,1.00,1.50
2016.10.11 03:26:09.886,0.99829,0.99851,1.00,1.00
2016.10.11 03:26:10.410,0.99824,0.99851,2.25,1.37
2016.10.11 03:26:10.461,0.99824,0.99851,1.75,1.37
2016.10.11 03:26:10.512,0.99823,0.99846,4.12,1.00
2016.10.11 03:26:10.681,0.99824,0.99846,1.75,1.00
2016.10.11 03:26:10.849,0.99823,0.99846,4.12,1.00
2016.10.11 03:26:10.900,0.99823,0.99846,4.12,1.00
2016.10.11 03:26:11.086,0.99823,0.99846,3.37,1.00
2016.10.11 03:26:11.187,0.99824,0.99846,1.75,1.00
2016.10.11 03:26:11.238,0.99824,0.99851,1.75,1.37
2016.10.11 03:26:11.288,0.99822,0.99851,1.75,1.87
2016.10.11 03:26:11.673,0.99822,0.99849,1.00,3.37
2016.10.11 03:26:11.724,0.99817,0.99841,2.62,1.00
2016.10.11 03:26:11.926,0.99819,0.99844,1.00,1.00
2016.10.11 03:26:15.190,0.99819,0.99844,1.00,1.00
2016.10.11 03:26:15.445,0.99819,0.99844,1.00,1.00
2016.10.11 03:26:17.105,0.99819,0.99844,1.00,1.00
2016.10.11 03:26:17.156,0.99819,0.99842,1.00,1.00
2016.10.11 03:26:17.871,0.99819,0.99843,1.00,1.00
2016.10.11 03:26:20.445,0.99819,0.99842,1.00,1.00
2016.10.11 03:26:22.116,0.99819,0.99842,1.00,1.00
2016.10.11 03:26:22.621,0.99819,0.99842,1.00,1.00
2016.10.11 03:26:23.214,0.99819,0.99841,1.00,1.00
2016.10.11 03:26:23.264,0.99819,0.99842,1.00,1.00
2016.10.11 03:26:23.878,0.99819,0.99841,1.00,1.00
2016.10.11 03:26:24.614,0.99819,0.99842,1.00,1.00
2016.10.11 03:26:30.236,0.99819,0.99842,1.00,1.00
2016.10.11 03:26:32.650,0.99818,0.99844,4.12,1.00
2016.10.11 03:26:32.700,0.9982,0.99844,1.75,1.00
2016.10.11 03:26:32.751,0.99821,0.99844,2.62,1.00
2016.10.11 03:26:32.802,0.99822,0.99847,1.75,1.00
2016.10.11 03:26:32.852,0.99823,0.99847,2.62,1.00
2016.10.11 03:26:32.903,0.99825,0.99847,1.75,1.00
2016.10.11 03:26:33.258,0.9982,0.99842,2.25,1.00
2016.10.11 03:26:33.310,0.99819,0.99842,2.62,1.00
2016.10.11 03:26:33.361,0.99817,0.99842,1.75,1.00
2016.10.11 03:26:33.413,0.99816,0.99842,4.12,1.00
2016.10.11 03:26:33.464,0.99819,0.99844,1.50,1.12
2016.10.11 03:26:33.515,0.99819,0.99846,2.25,2.25
2016.10.11 03:26:33.566,0.99819,0.99841,1.75,1.00
2016.10.11 03:26:34.237,0.99819,0.99841,1.75,1.00
2016.10.11 03:26:34.288,0.99819,0.99841,2.25,1.00
2016.10.11 03:26:34.551,0.99819,0.99841,2.25,1.00
2016.10.11 03:26:34.641,0.99819,0.99846,3.00,1.12
2016.10.11 03:26:36.025,0.99819,0.99846,2.25,1.12
2016.10.11 03:26:37.262,0.99824,0.99847,1.75,1.00
2016.10.11 03:26:37.313,0.99824,0.99851,1.75,2.25
2016.10.11 03:26:37.364,0.99824,0.99851,3.37,1.50
2016.10.11 03:26:37.414,0.99826,0.99851,1.75,1.00
2016.10.11 03:26:37.964,0.99825,0.99851,1.75,1.00
2016.10.11 03:26:38.663,0.99826,0.99851,1.75,1.00
2016.10.11 03:26:39.045,0.99826,0.99847,1.75,1.00
2016.10.11 03:26:41.123,0.99825,0.99847,1.75,1.00
2016.10.11 03:26:41.744,0.99826,0.99847,1.75,1.00
2016.10.11 03:26:42.415,0.99825,0.99847,1.75,1.00
2016.10.11 03:26:42.819,0.99826,0.99847,1.75,1.00
2016.10.11 03:26:43.332,0.99825,0.99847,1.75,1.00
2016.10.11 03:26:43.677,0.99825,0.99847,1.75,1.00
2016.10.11 03:26:44.149,0.99823,0.99846,1.75,1.00
2016.10.11 03:26:44.355,0.99823,0.99847,3.37,1.00
2016.10.11 03:26:44.405,0.99823,0.99847,3.37,1.00
2016.10.11 03:26:44.695,0.99823,0.99845,3.37,1.00
2016.10.11 03:26:44.746,0.99822,0.99845,2.62,1.12
2016.10.11 03:26:44.797,0.99819,0.99833,1.75,1.00
2016.10.11 03:26:44.848,0.99816,0.99827,2.25,1.37
2016.10.11 03:26:45.086,0.99801,0.99827,1.75,1.87
2016.10.11 03:26:45.136,0.998,0.99827,2.62,1.87
2016.10.11 03:26:45.187,0.99802,0.99826,1.12,1.00
2016.10.11 03:26:45.238,0.99802,0.99826,1.87,1.00
2016.10.11 03:26:45.288,0.99802,0.99826,2.25,1.00
2016.10.11 03:26:45.390,0.99803,0.9983,2.62,1.12
2016.10.11 03:26:45.440,0.99803,0.99827,2.62,1.00
2016.10.11 03:26:45.491,0.99796,0.99824,1.75,1.50
2016.10.11 03:26:45.542,0.99796,0.99824,2.25,1.87
2016.10.11 03:26:45.593,0.99796,0.99824,1.75,1.87
2016.10.11 03:26:45.835,0.99799,0.99827,1.50,1.37
2016.10.11 03:26:45.949,0.99803,0.99827,2.62,1.00
2016.10.11 03:26:46.000,0.99803,0.99827,2.62,1.00
2016.10.11 03:26:46.051,0.99805,0.99827,1.75,1.00
2016.10.11 03:26:46.101,0.99805,0.99826,1.50,1.00
2016.10.11 03:26:46.152,0.99802,0.99826,1.37,1.37
2016.10.11 03:26:46.203,0.99804,0.99827,1.00,2.62
2016.10.11 03:26:46.254,0.99804,0.99823,1.00,1.00
2016.10.11 03:26:46.304,0.99796,0.99824,1.75,1.50
2016.10.11 03:26:46.677,0.99796,0.99821,1.75,1.00
2016.10.11 03:26:46.728,0.99795,0.99821,2.62,1.00
2016.10.11 03:26:47.223,0.99794,0.99821,1.75,1.00
2016.10.11 03:26:47.758,0.99795,0.99822,1.75,1.12
2016.10.11 03:26:47.892,0.99795,0.99822,1.75,1.87
2016.10.11 03:26:48.217,0.99794,0.99822,2.25,1.87
2016.10.11 03:26:48.518,0.99795,0.99822,1.75,1.87
2016.10.11 03:26:48.618,0.99794,0.99822,2.25,1.87
2016.10.11 03:26:50.167,0.99795,0.99822,1.75,1.87
2016.10.11 03:26:50.221,0.99794,0.99822,2.25,1.87
2016.10.11 03:26:50.852,0.99795,0.99822,1.75,1.87
2016.10.11 03:26:51.174,0.99795,0.99822,1.75,1.50
2016.10.11 03:26:51.224,0.99795,0.99822,1.75,1.00
2016.10.11 03:26:51.275,0.99795,0.99822,1.75,1.75
2016.10.11 03:26:51.326,0.99795,0.99822,1.75,1.75
2016.10.11 03:26:51.376,0.99798,0.99822,1.00,1.00
2016.10.11 03:26:51.937,0.99798,0.99822,1.50,1.00
2016.10.11 03:26:52.195,0.99799,0.99821,1.00,1.00
2016.10.11 03:26:52.504,0.99798,0.99821,1.00,1.00
2016.10.11 03:26:54.179,0.99798,0.99823,1.00,1.00
2016.10.11 03:26:54.821,0.99797,0.99822,1.75,1.00
2016.10.11 03:26:54.872,0.99802,0.99827,1.00,1.50
2016.10.11 03:26:54.952,0.99802,0.99827,1.50,1.00
2016.10.11 03:26:55.003,0.99804,0.99832,1.37,3.00
2016.10.11 03:26:55.110,0.99804,0.99832,1.37,3.00
2016.10.11 03:26:55.161,0.99804,0.99832,1.37,2.25
2016.10.11 03:26:55.212,0.99805,0.99833,1.12,2.25
2016.10.11 03:26:55.364,0.99805,0.99832,1.12,1.75
2016.10.11 03:26:55.631,0.99806,0.99831,1.00,1.75
2016.10.11 03:26:55.732,0.99806,0.99831,1.00,1.75
2016.10.11 03:26:55.934,0.99805,0.99831,1.12,1.75
2016.10.11 03:26:57.072,0.99805,0.99833,1.12,1.75
2016.10.11 03:26:57.123,0.99805,0.99833,1.12,2.25
2016.10.11 03:26:57.174,0.99805,0.99829,1.00,1.37
2016.10.11 03:26:57.224,0.99805,0.99829,1.00,1.75
2016.10.11 03:26:57.326,0.99803,0.99829,1.12,1.75
2016.10.11 03:26:57.376,0.99803,0.99826,1.12,1.50
2016.10.11 03:26:58.594,0.99801,0.99826,1.75,1.50
2016.10.11 03:26:59.021,0.99803,0.99826,1.50,1.00
2016.10.11 03:26:59.224,0.99803,0.99832,1.50,2.25
2016.10.11 03:26:59.274,0.99803,0.99832,1.50,2.62
2016.10.11 03:26:59.376,0.99803,0.99826,1.50,1.00
2016.10.11 03:27:03.880,0.99803,0.99827,1.50,1.00
2016.10.11 03:27:04.104,0.99801,0.99827,2.25,1.00
2016.10.11 03:27:04.256,0.99801,0.99827,1.75,1.00
2016.10.11 03:27:04.495,0.99799,0.99823,1.00,1.00
2016.10.11 03:27:04.546,0.99801,0.99823,1.00,1.00
2016.10.11 03:27:04.596,0.99801,0.99826,1.12,1.12
2016.10.11 03:27:04.647,0.998,0.99826,1.50,1.12
2016.10.11 03:27:04.748,0.99801,0.99826,1.12,1.12
2016.10.11 03:27:04.799,0.99801,0.99827,1.12,1.50
2016.10.11 03:27:04.951,0.998,0.99827,1.50,1.50
2016.10.11 03:27:05.561,0.998,0.99827,1.50,1.50
2016.10.11 03:27:05.978,0.99803,0.99826,1.00,1.00
2016.10.11 03:27:07.283,0.99803,0.99827,1.00,1.00
2016.10.11 03:27:07.486,0.99803,0.99828,1.00,1.00
2016.10.11 03:27:07.587,0.99803,0.99826,1.00,1.00
2016.10.11 03:27:10.397,0.99803,0.99827,1.00,1.00
2016.10.11 03:27:10.448,0.99803,0.99827,1.00,1.50
2016.10.11 03:27:10.499,0.99803,0.99827,1.00,1.87
2016.10.11 03:27:10.549,0.99803,0.99813,1.00,1.00
2016.10.11 03:27:10.600,0.99798,0.99813,2.25,1.00
2016.10.11 03:27:10.814,0.99787,0.99813,1.50,1.75
2016.10.11 03:27:10.865,0.99789,0.99816,1.00,3.37
2016.10.11 03:27:10.942,0.99791,0.99816,1.50,1.00
2016.10.11 03:27:10.992,0.99791,0.99819,2.25,1.75
2016.10.11 03:27:11.043,0.99791,0.99819,2.25,1.50
2016.10.11 03:27:11.094,0.99791,0.99816,1.37,1.50
2016.10.11 03:27:11.144,0.99786,0.99814,1.75,1.50
2016.10.11 03:27:11.195,0.99788,0.99811,1.00,1.12
2016.10.11 03:27:11.246,0.99786,0.99811,1.75,1.12
2016.10.11 03:27:11.296,0.99786,0.99814,1.75,1.87
2016.10.11 03:27:11.501,0.99786,0.99813,1.75,1.12
2016.10.11 03:27:11.747,0.99786,0.99813,1.75,1.12
2016.10.11 03:27:11.797,0.99786,0.99811,1.75,1.12
2016.10.11 03:27:11.899,0.99784,0.99811,1.75,1.12
2016.10.11 03:27:11.949,0.99784,0.99811,1.75,1.12
2016.10.11 03:27:12.837,0.99782,0.99798,1.00,1.00
2016.10.11 03:27:12.888,0.99779,0.99798,1.00,1.00
2016.10.11 03:27:12.939,0.99779,0.99799,1.00,1.75
2016.10.11 03:27:13.040,0.99778,0.99801,1.00,1.75
2016.10.11 03:27:13.091,0.99778,0.99802,1.00,2.62
2016.10.11 03:27:13.142,0.99774,0.99799,2.25,1.00
2016.10.11 03:27:13.193,0.99773,0.99799,1.75,2.25
2016.10.11 03:27:13.244,0.99773,0.99798,1.00,1.75
2016.10.11 03:27:13.295,0.99779,0.99798,1.00,1.75
2016.10.11 03:27:13.534,0.99779,0.99798,1.00,2.62
2016.10.11 03:27:13.585,0.99773,0.99793,1.00,1.12
2016.10.11 03:27:13.636,0.9977,0.99797,1.00,3.37
2016.10.11 03:27:13.838,0.99774,0.99797,1.00,4.12
2016.10.11 03:27:14.009,0.99774,0.99796,1.00,1.75
2016.10.11 03:27:14.171,0.99774,0.99797,1.00,3.37
2016.10.11 03:27:14.222,0.99769,0.99797,1.87,3.37
2016.10.11 03:27:14.414,0.99778,0.99797,1.00,3.37
2016.10.11 03:27:14.465,0.99778,0.99796,1.00,1.75
2016.10.11 03:27:14.516,0.99779,0.99797,1.00,3.37
2016.10.11 03:27:14.672,0.99779,0.99796,1.00,1.75
2016.10.11 03:27:14.722,0.99774,0.99796,1.00,1.75
2016.10.11 03:27:15.111,0.99774,0.99796,1.00,1.75
2016.10.11 03:27:15.969,0.99779,0.99796,1.00,1.75
2016.10.11 03:27:16.297,0.99774,0.99796,1.00,1.75
2016.10.11 03:27:16.876,0.99774,0.99797,1.00,3.37
2016.10.11 03:27:17.276,0.99774,0.99796,1.00,1.75
2016.10.11 03:27:18.695,0.99774,0.99797,1.00,2.62
2016.10.11 03:27:18.745,0.99773,0.998,1.12,1.75
2016.10.11 03:27:18.796,0.99773,0.99801,1.12,2.62
2016.10.11 03:27:18.847,0.99776,0.99801,1.00,1.00
2016.10.11 03:27:18.998,0.99776,0.99801,1.00,1.00
2016.10.11 03:27:19.049,0.99773,0.99802,1.75,2.25
2016.10.11 03:27:19.303,0.99773,0.99801,1.75,1.75
2016.10.11 03:27:19.354,0.99775,0.998,1.00,1.00
2016.10.11 03:27:20.234,0.99775,0.998,1.00,1.00
2016.10.11 03:27:20.954,0.99775,0.998,1.00,1.00
2016.10.11 03:27:21.234,0.99779,0.998,1.00,1.00
2016.10.11 03:27:21.335,0.99775,0.998,1.00,1.00
2016.10.11 03:27:21.436,0.99775,0.998,1.00,1.00
2016.10.11 03:27:22.005,0.99775,0.998,1.00,1.00
2016.10.11 03:27:22.813,0.99775,0.99797,1.00,1.87
2016.10.11 03:27:22.863,0.99772,0.99797,1.00,2.62
2016.10.11 03:27:22.914,0.99772,0.99789,1.00,1.12
2016.10.11 03:27:22.965,0.99765,0.99789,1.00,1.12
2016.10.11 03:27:23.015,0.99765,0.99786,1.00,1.00
2016.10.11 03:27:23.066,0.99756,0.99786,1.75,1.75
2016.10.11 03:27:23.117,0.99755,0.99787,1.87,3.37
2016.10.11 03:27:23.167,0.9976,0.99785,1.00,1.00
2016.10.11 03:27:23.218,0.99763,0.9979,1.37,2.62
2016.10.11 03:27:23.401,0.99764,0.99788,1.37,1.37
2016.10.11 03:27:23.452,0.99763,0.9979,1.75,2.62
2016.10.11 03:27:23.503,0.99762,0.99788,2.62,1.37
2016.10.11 03:27:23.554,0.99758,0.99786,1.75,1.37
2016.10.11 03:27:23.604,0.99758,0.99788,1.75,1.87
2016.10.11 03:27:23.655,0.99759,0.99787,1.12,2.62
2016.10.11 03:27:23.706,0.99759,0.99787,1.12,2.62
2016.10.11 03:27:23.756,0.99758,0.99787,1.37,2.62
2016.10.11 03:27:23.807,0.9976,0.99787,1.00,2.62
2016.10.11 03:27:23.858,0.9976,0.99793,1.75,3.75
2016.10.11 03:27:24.115,0.99763,0.99791,1.75,1.12
2016.10.11 03:27:24.320,0.99763,0.99791,1.75,1.12
2016.10.11 03:27:24.421,0.99763,0.99793,1.75,3.75
2016.10.11 03:27:24.522,0.99763,0.99792,1.75,1.75
2016.10.11 03:27:24.699,0.99763,0.99792,1.75,1.87
2016.10.11 03:27:25.134,0.99758,0.99781,3.37,1.00
2016.10.11 03:27:25.185,0.99758,0.99781,1.75,1.00
2016.10.11 03:27:25.235,0.99756,0.99773,2.25,1.37
2016.10.11 03:27:25.286,0.99748,0.99773,1.00,1.75
2016.10.11 03:27:25.337,0.99744,0.99774,1.75,1.87
2016.10.11 03:27:25.388,0.99744,0.99773,1.75,1.75
2016.10.11 03:27:25.438,0.9974,0.99771,2.62,4.12
2016.10.11 03:27:25.489,0.99739,0.99771,1.75,4.50
2016.10.11 03:27:25.890,0.99744,0.99766,1.12,1.00
2016.10.11 03:27:25.963,0.99744,0.99766,1.00,1.00
2016.10.11 03:27:26.037,0.99744,0.99766,1.00,1.00
2016.10.11 03:27:26.714,0.99744,0.99766,1.00,1.00
2016.10.11 03:27:26.998,0.99744,0.99766,1.00,1.00
2016.10.11 03:27:27.206,0.99744,0.99766,1.00,1.00
2016.10.11 03:27:27.357,0.99749,0.99766,1.00,1.00
2016.10.11 03:27:27.408,0.99749,0.99766,1.00,1.00
2016.10.11 03:27:27.459,0.99743,0.99767,1.00,1.12
2016.10.11 03:27:27.700,0.99743,0.99771,1.00,3.37
2016.10.11 03:27:29.610,0.99743,0.99771,1.00,4.12
2016.10.11 03:27:29.800,0.99743,0.9977,1.00,1.75
2016.10.11 03:27:29.943,0.99743,0.9977,1.00,2.25
2016.10.11 03:27:30.103,0.99743,0.99769,1.00,1.75
2016.10.11 03:27:30.212,0.99743,0.99765,1.00,1.00
2016.10.11 03:27:30.263,0.99743,0.99765,1.00,1.75
2016.10.11 03:27:30.673,0.99743,0.99757,1.00,1.00
2016.10.11 03:27:30.772,0.99743,0.9976,1.00,3.37
2016.10.11 03:27:30.874,0.99743,0.9976,1.00,1.12
2016.10.11 03:27:30.924,0.99744,0.99764,1.00,3.37
2016.10.11 03:27:30.975,0.99744,0.99764,1.00,1.50
2016.10.11 03:27:31.026,0.99735,0.99761,1.75,1.00
2016.10.11 03:27:31.076,0.99735,0.99761,1.50,1.37
2016.10.11 03:27:31.127,0.99734,0.99761,2.25,1.37
2016.10.11 03:27:31.228,0.99734,0.99762,1.75,1.50
2016.10.11 03:27:31.599,0.99734,0.99762,1.75,1.75
2016.10.11 03:27:31.650,0.99733,0.99762,1.75,3.37
2016.10.11 03:27:31.700,0.99733,0.99762,1.50,3.37
2016.10.11 03:27:31.751,0.99733,0.9976,1.50,1.75
2016.10.11 03:27:31.852,0.99734,0.9976,1.12,1.75
2016.10.11 03:27:32.155,0.99734,0.9976,1.37,1.75
2016.10.11 03:27:32.205,0.99734,0.9976,1.37,1.50
2016.10.11 03:27:32.357,0.99739,0.9976,1.00,1.50
2016.10.11 03:27:32.928,0.99739,0.99761,1.00,1.00
2016.10.11 03:27:33.030,0.99739,0.99761,1.00,1.00
2016.10.11 03:27:33.233,0.99736,0.99761,1.00,1.00
2016.10.11 03:27:33.357,0.99736,0.99761,1.00,1.00
2016.10.11 03:27:33.459,0.99735,0.99766,1.75,2.62
2016.10.11 03:27:33.509,0.99735,0.99767,1.75,2.25
2016.10.11 03:27:33.560,0.99738,0.99767,1.12,2.25
2016.10.11 03:27:34.258,0.99738,0.99767,1.00,4.12
2016.10.11 03:27:34.409,0.99738,0.99766,1.00,1.12
2016.10.11 03:27:34.560,0.99738,0.99762,1.00,1.37
2016.10.11 03:27:34.611,0.99738,0.99762,1.00,1.75
2016.10.11 03:27:35.582,0.99738,0.99762,1.12,1.50
2016.10.11 03:27:35.810,0.99738,0.99766,1.12,3.37
2016.10.11 03:27:36.705,0.99738,0.99765,1.12,1.75
2016.10.11 03:27:37.029,0.99734,0.99765,2.25,1.75
2016.10.11 03:27:37.131,0.99739,0.99766,1.00,2.62
2016.10.11 03:27:37.182,0.99742,0.99765,1.00,1.00
2016.10.11 03:27:37.233,0.99743,0.99765,2.62,1.00
2016.10.11 03:27:37.462,0.99747,0.9977,3.00,2.25
2016.10.11 03:27:37.513,0.99747,0.99779,3.37,1.75
2016.10.11 03:27:37.564,0.99751,0.99777,1.37,1.12
2016.10.11 03:27:37.615,0.99751,0.99777,1.75,1.00
2016.10.11 03:27:37.666,0.99751,0.99777,1.75,1.37
2016.10.11 03:27:37.716,0.9975,0.99777,1.75,1.50
2016.10.11 03:27:37.831,0.99748,0.99777,3.37,1.50
2016.10.11 03:27:37.881,0.99748,0.99777,1.75,1.75
2016.10.11 03:27:38.541,0.99748,0.99779,1.75,1.75
2016.10.11 03:27:38.643,0.99749,0.99776,1.50,1.50
2016.10.11 03:27:38.694,0.99753,0.99776,1.00,1.50
2016.10.11 03:27:39.036,0.99753,0.99777,1.00,1.75
2016.10.11 03:27:39.870,0.99754,0.99777,1.00,1.75
2016.10.11 03:27:39.972,0.99754,0.99777,1.00,1.50
2016.10.11 03:27:41.950,0.99753,0.99777,1.00,1.50
2016.10.11 03:27:42.494,0.99755,0.99777,1.00,1.50
2016.10.11 03:27:42.595,0.99753,0.99777,1.75,1.00
2016.10.11 03:27:42.797,0.99753,0.99777,1.00,1.75
2016.10.11 03:27:42.848,0.99753,0.99778,1.00,2.25
2016.10.11 03:27:42.949,0.99753,0.99779,1.00,1.75
2016.10.11 03:27:43.000,0.99751,0.99778,1.00,2.62
2016.10.11 03:27:43.050,0.99751,0.99778,1.00,3.37
2016.10.11 03:27:43.263,0.99751,0.99771,1.00,1.00
2016.10.11 03:27:43.346,0.99751,0.99777,1.00,1.75
2016.10.11 03:27:43.927,0.99752,0.99777,1.00,1.75
2016.10.11 03:27:44.079,0.99752,0.99777,1.37,1.37
2016.10.11 03:27:44.129,0.99754,0.99777,1.00,1.00
2016.10.11 03:27:44.368,0.99754,0.99779,1.50,1.00
2016.10.11 03:27:44.419,0.99754,0.99782,1.75,2.25
2016.10.11 03:27:44.469,0.99754,0.99781,1.75,1.37
2016.10.11 03:27:44.520,0.99757,0.99781,1.00,1.00
2016.10.11 03:27:44.874,0.99757,0.99781,1.00,1.37
2016.10.11 03:27:44.925,0.99756,0.99781,1.37,1.50
2016.10.11 03:27:45.050,0.99756,0.99776,1.37,1.00
2016.10.11 03:27:45.101,0.99755,0.99776,1.50,1.00
2016.10.11 03:27:45.152,0.99755,0.99782,1.50,1.75
2016.10.11 03:27:45.280,0.99755,0.99782,1.50,1.75
2016.10.11 03:27:45.738,0.99756,0.99777,1.37,1.00
2016.10.11 03:27:45.872,0.99755,0.99777,1.50,1.00
2016.10.11 03:27:46.568,0.99755,0.99776,1.12,1.37
2016.10.11 03:27:46.619,0.99755,0.99776,1.00,1.75
2016.10.11 03:27:46.670,0.99749,0.99775,1.00,2.62
2016.10.11 03:27:46.991,0.99753,0.99776,1.00,1.50
2016.10.11 03:27:47.042,0.99753,0.99776,1.00,1.50
2016.10.11 03:27:47.092,0.99753,0.99776,1.37,1.12
2016.10.11 03:27:47.143,0.99753,0.99776,1.50,1.00
2016.10.11 03:27:47.306,0.99754,0.99776,1.12,1.00
2016.10.11 03:27:48.889,0.99755,0.99781,1.00,2.62
2016.10.11 03:27:49.041,0.99755,0.99781,1.00,2.62
2016.10.11 03:27:49.091,0.99755,0.99776,1.00,1.00
2016.10.11 03:27:49.472,0.99752,0.99776,1.12,1.12
2016.10.11 03:27:50.802,0.99753,0.99776,1.37,1.00
2016.10.11 03:27:50.853,0.99753,0.99776,2.25,1.00
2016.10.11 03:27:51.005,0.99755,0.99776,1.50,1.00
2016.10.11 03:27:52.493,0.99753,0.99776,2.25,1.00
2016.10.11 03:27:52.543,0.99753,0.99782,3.00,1.75
2016.10.11 03:27:52.594,0.99757,0.99782,1.00,1.75
2016.10.11 03:27:52.644,0.99758,0.99785,1.00,2.62
2016.10.11 03:27:52.695,0.99759,0.99786,1.37,2.62
2016.10.11 03:27:52.746,0.99759,0.99786,1.75,1.37
2016.10.11 03:27:52.797,0.99761,0.99786,1.37,1.37
2016.10.11 03:27:52.847,0.99761,0.99787,1.37,1.50
2016.10.11 03:27:52.898,0.9976,0.99787,2.25,1.50
2016.10.11 03:27:53.293,0.9976,0.99786,3.37,1.00
2016.10.11 03:27:53.344,0.99759,0.99785,1.00,1.75
2016.10.11 03:27:53.496,0.99764,0.99787,1.37,1.37
2016.10.11 03:27:53.547,0.99764,0.99787,1.50,1.00
2016.10.11 03:27:53.648,0.99764,0.99791,1.50,1.75
2016.10.11 03:27:53.699,0.99765,0.99791,1.12,1.75
2016.10.11 03:27:53.800,0.99765,0.99792,1.37,1.50
2016.10.11 03:27:53.851,0.99765,0.99792,1.75,1.12
2016.10.11 03:27:54.061,0.99765,0.99792,2.25,1.12
2016.10.11 03:27:54.111,0.99767,0.99792,1.50,1.12
2016.10.11 03:27:54.343,0.99769,0.99792,1.12,1.12
2016.10.11 03:27:54.394,0.99769,0.99792,1.50,1.00
2016.10.11 03:27:55.803,0.99769,0.99792,1.12,1.12
2016.10.11 03:27:56.175,0.99767,0.99792,1.00,1.50
2016.10.11 03:27:56.226,0.99767,0.99791,1.00,1.12
2016.10.11 03:27:56.277,0.99766,0.99791,1.12,1.12
2016.10.11 03:27:56.435,0.99766,0.99792,1.12,2.25
2016.10.11 03:27:56.485,0.99766,0.99792,1.12,1.50
2016.10.11 03:27:56.596,0.99766,0.99792,1.12,2.25
2016.10.11 03:27:56.866,0.99766,0.99791,1.12,1.12
2016.10.11 03:27:58.500,0.99766,0.99791,1.12,1.12
2016.10.11 03:27:58.601,0.99766,0.99791,1.12,1.12
2016.10.11 03:27:58.857,0.99766,0.99791,1.12,1.12
2016.10.11 03:27:58.958,0.99766,0.99792,1.12,1.50
2016.10.11 03:27:59.110,0.99764,0.99792,1.50,1.50
2016.10.11 03:27:59.161,0.99764,0.99792,1.12,1.75
2016.10.11 03:27:59.212,0.99763,0.99792,1.50,1.75
2016.10.11 03:27:59.262,0.99763,0.99787,1.50,1.00
2016.10.11 03:27:59.313,0.99763,0.99787,1.12,1.12
2016.10.11 03:27:59.364,0.99763,0.99787,1.00,1.12
2016.10.11 03:27:59.414,0.99763,0.99787,1.37,1.00
2016.10.11 03:27:59.465,0.99763,0.99787,1.75,1.00
2016.10.11 03:28:00.041,0.99763,0.99786,1.75,1.00
2016.10.11 03:28:00.509,0.99765,0.99786,1.37,1.00
2016.10.11 03:28:00.560,0.99765,0.99791,1.75,1.50
2016.10.11 03:28:00.611,0.99765,0.99791,1.37,1.50
2016.10.11 03:28:01.037,0.99761,0.99782,2.25,1.00
2016.10.11 03:28:01.138,0.99759,0.99783,1.00,1.00
2016.10.11 03:28:01.189,0.99759,0.99783,1.00,1.00
2016.10.11 03:28:01.241,0.99759,0.99782,1.00,1.00
2016.10.11 03:28:01.411,0.99758,0.99782,1.00,1.00
2016.10.11 03:28:01.614,0.99756,0.99782,1.75,1.00
2016.10.11 03:28:01.665,0.9976,0.99781,1.00,1.00
2016.10.11 03:28:01.889,0.99758,0.99781,1.75,1.00
2016.10.11 03:28:02.387,0.99758,0.99785,1.75,1.50
2016.10.11 03:28:02.493,0.99756,0.99781,1.75,1.00
2016.10.11 03:28:02.596,0.99756,0.99781,2.25,1.00
2016.10.11 03:28:02.855,0.99756,0.99782,2.25,1.12
2016.10.11 03:28:02.906,0.99759,0.99782,1.12,1.12
2016.10.11 03:28:03.395,0.99758,0.99782,1.37,1.12
2016.10.11 03:28:03.446,0.99759,0.99786,1.12,2.25
2016.10.11 03:28:03.496,0.99763,0.99786,1.37,1.37
2016.10.11 03:28:03.547,0.99766,0.99786,1.00,1.00
2016.10.11 03:28:03.791,0.99763,0.99786,3.37,1.00
2016.10.11 03:28:03.842,0.99766,0.99792,1.50,1.37
2016.10.11 03:28:04.088,0.99766,0.99792,2.25,1.37
2016.10.11 03:28:04.140,0.99766,0.99786,2.25,1.00
2016.10.11 03:28:04.191,0.99766,0.99791,2.25,1.00
2016.10.11 03:28:04.292,0.99766,0.99791,2.25,1.00
2016.10.11 03:28:04.494,0.99767,0.99791,1.75,1.00
2016.10.11 03:28:05.023,0.99768,0.99791,1.75,1.00
2016.10.11 03:28:05.341,0.99768,0.99791,1.12,1.12
2016.10.11 03:28:06.549,0.99768,0.99786,1.12,1.00
2016.10.11 03:28:11.176,0.99768,0.99786,1.00,1.00
2016.10.11 03:28:11.379,0.99769,0.99791,1.00,1.00
2016.10.11 03:28:13.256,0.99769,0.99786,1.00,1.00
2016.10.11 03:28:13.306,0.99769,0.99786,1.37,1.00
2016.10.11 03:28:13.656,0.99769,0.99791,1.37,1.00
2016.10.11 03:28:13.707,0.99771,0.99791,1.00,1.00
2016.10.11 03:28:13.865,0.99771,0.99792,1.00,3.00
2016.10.11 03:28:14.083,0.99764,0.99786,2.25,1.00
2016.10.11 03:28:14.134,0.99763,0.99786,1.12,1.12
2016.10.11 03:28:14.285,0.99763,0.99787,1.12,1.50
2016.10.11 03:28:14.336,0.99764,0.99787,1.00,1.50
2016.10.11 03:28:16.099,0.99762,0.99787,1.50,1.50
2016.10.11 03:28:16.607,0.99762,0.99787,1.50,1.50
2016.10.11 03:28:16.840,0.99762,0.99787,1.50,1.50
2016.10.11 03:28:17.060,0.99764,0.99791,2.62,1.00
2016.10.11 03:28:17.111,0.99769,0.99792,1.12,1.12
2016.10.11 03:28:17.212,0.99766,0.99792,1.75,1.12
2016.10.11 03:28:17.314,0.99766,0.99792,1.75,1.12
2016.10.11 03:28:17.516,0.99765,0.99792,2.25,1.12
2016.10.11 03:28:18.303,0.99765,0.99792,2.25,1.12
2016.10.11 03:28:18.538,0.99765,0.99792,1.87,1.50
2016.10.11 03:28:18.589,0.99765,0.99792,1.37,1.75
2016.10.11 03:28:21.022,0.99765,0.99792,1.37,1.75
2016.10.11 03:28:21.113,0.99765,0.99792,1.37,1.75
2016.10.11 03:28:23.210,0.99765,0.99787,1.37,1.00
2016.10.11 03:28:25.211,0.99765,0.99792,1.37,1.75
2016.10.11 03:28:25.486,0.99765,0.99792,1.75,1.37
2016.10.11 03:28:25.537,0.99767,0.99794,1.37,1.75
2016.10.11 03:28:25.639,0.99765,0.99792,1.50,1.12
2016.10.11 03:28:25.757,0.99765,0.99787,1.50,1.00
2016.10.11 03:28:26.290,0.99766,0.99787,1.12,1.00
2016.10.11 03:28:30.405,0.99765,0.99787,1.50,1.00
2016.10.11 03:28:31.543,0.99766,0.99787,1.12,1.00
2016.10.11 03:28:32.946,0.99767,0.99787,1.00,1.00
2016.10.11 03:28:35.423,0.99767,0.99791,1.50,1.00
2016.10.11 03:28:35.625,0.99767,0.99786,1.50,1.00
2016.10.11 03:28:36.114,0.99767,0.99786,1.00,1.00
2016.10.11 03:28:36.164,0.99767,0.99792,1.00,1.50
2016.10.11 03:28:36.215,0.99766,0.99792,1.75,1.12
2016.10.11 03:28:36.266,0.99766,0.99792,1.75,1.00
2016.10.11 03:28:36.316,0.99764,0.99792,2.25,1.37
2016.10.11 03:28:36.367,0.99766,0.99791,1.00,1.00
2016.10.11 03:28:36.631,0.99766,0.99786,1.00,1.00
2016.10.11 03:28:36.891,0.99764,0.99786,2.25,1.00
2016.10.11 03:28:36.992,0.99764,0.99786,1.75,1.00
2016.10.11 03:28:37.165,0.99764,0.99786,1.75,1.00
2016.10.11 03:28:37.266,0.99764,0.99786,1.50,1.00
2016.10.11 03:28:37.317,0.99763,0.99786,1.37,1.00
2016.10.11 03:28:37.733,0.99759,0.99786,4.12,1.00
2016.10.11 03:28:37.784,0.99759,0.99786,4.87,1.12
2016.10.11 03:28:38.448,0.99759,0.99786,4.87,1.12
2016.10.11 03:28:40.185,0.99759,0.99786,4.87,1.12
2016.10.11 03:28:40.236,0.99759,0.99782,3.37,1.50
2016.10.11 03:28:40.478,0.99753,0.99781,1.75,2.25
2016.10.11 03:28:40.530,0.99753,0.99777,1.75,1.00
2016.10.11 03:28:40.732,0.99753,0.99781,2.25,1.75
2016.10.11 03:28:40.833,0.99753,0.99776,1.75,1.00
2016.10.11 03:28:41.375,0.99753,0.99776,1.75,1.00
2016.10.11 03:28:41.477,0.99753,0.99779,1.75,1.37
2016.10.11 03:28:41.691,0.99753,0.99779,1.00,4.50
2016.10.11 03:28:41.742,0.99749,0.99771,1.00,1.00
2016.10.11 03:28:41.793,0.99748,0.99771,1.75,1.00
2016.10.11 03:28:42.203,0.99742,0.99766,2.25,1.00
2016.10.11 03:28:42.305,0.99742,0.99766,1.75,1.00
2016.10.11 03:28:42.356,0.99744,0.99771,1.50,1.75
2016.10.11 03:28:42.407,0.99747,0.99771,1.00,1.37
2016.10.11 03:28:42.686,0.99744,0.99771,1.75,1.12
2016.10.11 03:28:44.008,0.99744,0.99771,1.37,2.25
2016.10.11 03:28:44.059,0.99743,0.99767,1.50,1.00
2016.10.11 03:28:44.109,0.99743,0.99767,1.50,1.12
2016.10.11 03:28:44.160,0.99741,0.99767,1.75,1.12
2016.10.11 03:28:44.211,0.99741,0.99767,1.75,1.12
2016.10.11 03:28:44.961,0.9974,0.99767,1.75,1.12
2016.10.11 03:28:45.062,0.99739,0.99767,4.12,1.12
2016.10.11 03:28:46.738,0.9974,0.99767,1.75,1.12
2016.10.11 03:28:47.339,0.9974,0.9977,1.75,1.75
2016.10.11 03:28:47.390,0.9974,0.9976,1.75,1.00
2016.10.11 03:28:47.441,0.99739,0.99756,2.62,1.00
2016.10.11 03:28:47.493,0.99738,0.99756,2.25,1.00
2016.10.11 03:28:47.544,0.99734,0.9976,1.00,1.75
2016.10.11 03:28:47.594,0.99734,0.99762,1.00,4.12
2016.10.11 03:28:47.646,0.99736,0.99762,1.00,3.37
2016.10.11 03:28:47.697,0.99736,0.99761,1.00,1.75
2016.10.11 03:28:47.799,0.99736,0.99758,1.12,1.00
2016.10.11 03:28:47.849,0.99736,0.99761,1.12,1.75
2016.10.11 03:28:48.189,0.99734,0.99756,1.50,1.00
2016.10.11 03:28:48.468,0.99734,0.99756,2.25,1.00
2016.10.11 03:28:48.883,0.99738,0.99762,1.50,1.00
2016.10.11 03:28:48.984,0.99741,0.99766,1.00,1.00
2016.10.11 03:28:49.249,0.99741,0.99766,1.50,1.50
2016.10.11 03:28:50.050,0.99742,0.99766,1.00,1.50
2016.10.11 03:28:50.431,0.99741,0.99766,1.50,1.12
2016.10.11 03:28:50.532,0.99743,0.99766,1.00,1.00
2016.10.11 03:28:50.684,0.99743,0.99766,1.00,1.00
2016.10.11 03:28:50.748,0.99741,0.99766,1.75,1.00
2016.10.11 03:28:50.799,0.99741,0.99766,1.75,1.12
2016.10.11 03:28:50.850,0.99742,0.99766,1.50,1.12
2016.10.11 03:28:51.298,0.99743,0.99766,1.75,1.00
2016.10.11 03:28:51.827,0.99744,0.99766,1.75,1.00
2016.10.11 03:28:52.656,0.99742,0.99766,2.25,1.00
2016.10.11 03:28:52.933,0.99743,0.99766,1.75,1.00
2016.10.11 03:28:54.465,0.99745,0.99766,1.50,1.00
2016.10.11 03:28:55.149,0.99745,0.99766,1.37,1.12
2016.10.11 03:28:55.421,0.9974,0.99761,1.37,1.00
2016.10.11 03:28:56.579,0.99739,0.99761,1.37,1.00
2016.10.11 03:28:56.630,0.99739,0.99761,1.00,1.50
2016.10.11 03:28:56.681,0.99737,0.99761,1.50,1.00
2016.10.11 03:28:56.731,0.99737,0.99765,1.50,1.87
2016.10.11 03:28:56.782,0.99737,0.99761,1.50,1.12
2016.10.11 03:28:56.832,0.99737,0.99761,1.37,1.50
2016.10.11 03:28:57.069,0.99739,0.99762,1.50,1.75
2016.10.11 03:28:57.120,0.99739,0.99766,2.25,1.75
2016.10.11 03:28:57.170,0.99737,0.99762,1.75,1.00
2016.10.11 03:28:57.221,0.99737,0.99762,1.75,1.00
2016.10.11 03:28:57.272,0.99737,0.99762,1.50,1.00
2016.10.11 03:28:57.322,0.99735,0.99762,1.75,1.00
2016.10.11 03:28:57.373,0.99735,0.99762,1.75,1.37
2016.10.11 03:28:57.423,0.99736,0.9976,1.00,1.00
2016.10.11 03:28:57.725,0.99736,0.9976,1.00,1.00
2016.10.11 03:28:57.776,0.99734,0.99762,1.37,2.25
2016.10.11 03:28:57.826,0.99734,0.9976,1.12,1.75
2016.10.11 03:28:58.274,0.99728,0.99755,1.12,3.37
2016.10.11 03:28:58.345,0.9973,0.99757,1.50,1.75
2016.10.11 03:28:58.396,0.9973,0.99757,1.50,1.75
2016.10.11 03:28:58.497,0.9973,0.99757,1.50,1.75
2016.10.11 03:28:58.548,0.99732,0.99756,1.00,1.00
2016.10.11 03:28:58.867,0.9973,0.99756,1.37,1.50
2016.10.11 03:28:58.918,0.9973,0.99754,1.00,3.75
2016.10.11 03:28:59.107,0.9973,0.99754,1.00,1.87
2016.10.11 03:28:59.158,0.99728,0.99754,1.00,1.87
2016.10.11 03:28:59.209,0.99729,0.99754,1.00,3.37
2016.10.11 03:28:59.310,0.99729,0.99754,1.00,3.00
2016.10.11 03:28:59.360,0.99729,0.99754,1.00,3.75
2016.10.11 03:28:59.923,0.99729,0.99754,1.00,2.25
2016.10.11 03:28:59.974,0.99724,0.99752,1.75,1.50
2016.10.11 03:29:00.025,0.99723,0.99752,2.25,1.87
2016.10.11 03:29:00.126,0.99723,0.99752,2.25,2.47
2016.10.11 03:29:00.226,0.99724,0.99751,2.25,1.37
2016.10.11 03:29:00.277,0.99724,0.99752,1.50,6.67
2016.10.11 03:29:00.328,0.99724,0.99749,1.00,1.12
2016.10.11 03:29:00.379,0.99725,0.99749,1.00,1.50
2016.10.11 03:29:00.430,0.99725,0.99748,1.00,1.75
2016.10.11 03:29:00.481,0.99723,0.99748,1.00,1.75
2016.10.11 03:29:00.714,0.99723,0.99747,1.00,1.12
2016.10.11 03:29:00.802,0.99723,0.99746,1.00,1.37
2016.10.11 03:29:00.905,0.99723,0.99746,1.00,1.37
2016.10.11 03:29:01.132,0.99723,0.99747,1.00,1.12
2016.10.11 03:29:01.335,0.99723,0.99746,1.00,1.37
2016.10.11 03:29:01.530,0.99723,0.99743,1.00,1.75
2016.10.11 03:29:02.039,0.99723,0.99744,1.00,1.75
2016.10.11 03:29:03.168,0.99719,0.99744,1.00,1.75
2016.10.11 03:29:03.320,0.99719,0.99743,1.00,1.87
2016.10.11 03:29:03.421,0.99719,0.99743,1.00,1.75
2016.10.11 03:29:03.542,0.99719,0.99743,1.00,1.75
2016.10.11 03:29:03.947,0.99719,0.99738,1.00,1.75
2016.10.11 03:29:04.008,0.99714,0.99736,1.00,3.37
2016.10.11 03:29:04.059,0.99714,0.99735,1.00,1.50
2016.10.11 03:29:04.110,0.99708,0.99734,1.75,1.00
2016.10.11 03:29:04.160,0.99708,0.99734,1.37,1.37
2016.10.11 03:29:04.211,0.99708,0.99733,1.37,1.37
2016.10.11 03:29:04.262,0.99708,0.99733,1.00,1.75
2016.10.11 03:29:04.312,0.99703,0.99732,2.25,2.25
2016.10.11 03:29:04.363,0.99703,0.99732,1.75,2.25
2016.10.11 03:29:04.414,0.99703,0.99732,1.75,2.25
2016.10.11 03:29:04.890,0.99717,0.99737,1.00,1.75
2016.10.11 03:29:04.941,0.99717,0.99733,1.00,1.00
2016.10.11 03:29:04.992,0.99717,0.99738,1.00,1.37
2016.10.11 03:29:05.081,0.99717,0.99742,1.00,2.25
2016.10.11 03:29:05.132,0.99717,0.9974,1.00,1.00
2016.10.11 03:29:05.231,0.99715,0.99737,1.00,1.12
2016.10.11 03:29:05.282,0.99716,0.99737,1.00,1.50
2016.10.11 03:29:05.333,0.99716,0.99737,1.00,1.75
2016.10.11 03:29:05.384,0.99721,0.99737,1.00,1.37
2016.10.11 03:29:05.639,0.99721,0.99743,1.00,1.75
2016.10.11 03:29:05.747,0.99721,0.99742,1.00,1.50
2016.10.11 03:29:05.798,0.99719,0.99742,1.00,1.75
2016.10.11 03:29:05.849,0.99719,0.99737,1.00,1.00
2016.10.11 03:29:05.950,0.99719,0.99735,1.00,1.00
2016.10.11 03:29:06.001,0.99714,0.99735,1.00,1.37
2016.10.11 03:29:06.051,0.99714,0.99733,1.00,1.37
2016.10.11 03:29:06.102,0.99714,0.99733,1.00,1.75
2016.10.11 03:29:06.364,0.99714,0.9973,1.50,1.00
2016.10.11 03:29:06.665,0.99714,0.9973,1.00,1.00
2016.10.11 03:29:06.716,0.99714,0.9973,1.00,1.00
2016.10.11 03:29:06.767,0.99714,0.99732,1.00,2.62
2016.10.11 03:29:06.817,0.99711,0.9973,1.00,1.50
2016.10.11 03:29:06.919,0.9971,0.9973,1.00,1.50
2016.10.11 03:29:07.121,0.9971,0.99732,1.12,1.37
2016.10.11 03:29:07.172,0.99708,0.9973,1.50,1.00
2016.10.11 03:29:07.938,0.99708,0.99724,1.50,1.00
2016.10.11 03:29:07.988,0.99702,0.99724,1.37,1.12
2016.10.11 03:29:08.188,0.99676,0.99701,1.12,1.12
2016.10.11 03:29:08.239,0.99677,0.99694,1.87,1.37
2016.10.11 03:29:08.290,0.99677,0.99694,1.87,1.75
2016.10.11 03:29:08.340,0.99677,0.99689,1.50,1.00
2016.10.11 03:29:08.442,0.99664,0.99691,1.00,1.87
2016.10.11 03:29:08.492,0.99664,0.99691,1.00,2.25
2016.10.11 03:29:08.543,0.99664,0.99696,1.00,1.87
2016.10.11 03:29:08.594,0.99664,0.99691,1.00,1.37
2016.10.11 03:29:08.835,0.99668,0.99699,1.00,2.25
2016.10.11 03:29:08.936,0.99668,0.99698,1.00,1.50
2016.10.11 03:29:08.987,0.99668,0.99698,1.00,1.75
2016.10.11 03:29:09.088,0.99668,0.99697,1.00,1.37
2016.10.11 03:29:09.139,0.99668,0.99699,1.00,1.50
2016.10.11 03:29:09.351,0.99668,0.99702,1.00,3.00
2016.10.11 03:29:09.402,0.99669,0.99701,1.67,1.00
2016.10.11 03:29:09.452,0.99669,0.99701,1.67,1.00
2016.10.11 03:29:09.503,0.99674,0.99701,1.00,1.00
2016.10.11 03:29:09.554,0.99674,0.99701,1.00,1.00
2016.10.11 03:29:09.706,0.99673,0.99706,1.00,1.00
2016.10.11 03:29:09.757,0.99673,0.99706,1.12,1.00
2016.10.11 03:29:09.808,0.99683,0.99706,1.00,1.00
2016.10.11 03:29:09.859,0.99675,0.99706,1.00,1.00
2016.10.11 03:29:09.909,0.99678,0.99712,1.00,1.00
2016.10.11 03:29:10.327,0.99684,0.99711,1.00,1.50
2016.10.11 03:29:10.533,0.99684,0.99711,1.00,1.00
2016.10.11 03:29:11.357,0.99684,0.99711,1.00,1.00
2016.10.11 03:29:11.408,0.99679,0.99715,1.00,1.12
2016.10.11 03:29:11.559,0.99679,0.99715,1.00,1.75
2016.10.11 03:29:11.610,0.99689,0.99715,1.00,1.75
2016.10.11 03:29:11.661,0.99689,0.99715,1.00,1.87
2016.10.11 03:29:11.713,0.99684,0.99715,1.00,1.87
2016.10.11 03:29:11.763,0.99684,0.99713,2.62,1.00
2016.10.11 03:29:11.959,0.99686,0.99716,1.12,1.37
2016.10.11 03:29:12.010,0.99689,0.99726,1.00,1.75
2016.10.11 03:29:12.061,0.99689,0.99724,1.50,1.00
2016.10.11 03:29:12.112,0.99689,0.99724,1.87,1.37
2016.10.11 03:29:12.163,0.99689,0.99724,1.87,1.75
2016.10.11 03:29:12.213,0.99694,0.99724,1.00,1.75
2016.10.11 03:29:12.315,0.99694,0.99721,1.00,1.50
2016.10.11 03:29:12.416,0.99693,0.99724,1.00,1.75
2016.10.11 03:29:12.517,0.99693,0.99724,1.12,1.75
2016.10.11 03:29:12.757,0.99693,0.99722,1.87,1.00
2016.10.11 03:29:12.807,0.99693,0.99723,1.50,1.75
2016.10.11 03:29:12.858,0.99693,0.99723,1.12,1.75
2016.10.11 03:29:12.927,0.99693,0.99723,1.00,1.75
2016.10.11 03:29:13.638,0.99693,0.99724,1.00,1.75
2016.10.11 03:29:13.688,0.99694,0.99721,1.00,1.75
2016.10.11 03:29:13.739,0.99694,0.99721,1.12,1.75
2016.10.11 03:29:13.790,0.99694,0.99721,1.12,1.37
2016.10.11 03:29:13.891,0.99694,0.99721,1.50,1.12
2016.10.11 03:29:13.941,0.99694,0.99721,1.12,1.12
2016.10.11 03:29:14.297,0.99694,0.99725,1.12,1.12
2016.10.11 03:29:14.348,0.99694,0.99724,1.12,1.12
2016.10.11 03:29:14.593,0.99694,0.99721,1.12,1.50
2016.10.11 03:29:14.644,0.99694,0.99721,1.12,1.87
2016.10.11 03:29:14.694,0.99689,0.99716,1.37,1.37
2016.10.11 03:29:14.796,0.99688,0.99718,1.37,3.75
2016.10.11 03:29:14.846,0.99689,0.99718,1.00,2.62
2016.10.11 03:29:14.897,0.9969,0.99721,1.00,1.87
2016.10.11 03:29:14.948,0.9969,0.99722,1.00,4.12
2016.10.11 03:29:14.999,0.99688,0.99722,1.87,2.25
2016.10.11 03:29:15.049,0.99688,0.99722,2.62,1.75
2016.10.11 03:29:15.100,0.99694,0.99721,1.00,1.50
2016.10.11 03:29:15.407,0.99694,0.99722,1.12,1.12
2016.10.11 03:29:15.458,0.99694,0.99719,1.12,1.00
2016.10.11 03:29:15.509,0.99692,0.99719,1.75,1.00
2016.10.11 03:29:15.560,0.99689,0.99721,3.37,1.75
2016.10.11 03:29:15.610,0.99693,0.99722,1.37,2.25
2016.10.11 03:29:15.661,0.99693,0.99719,1.00,1.12
2016.10.11 03:29:15.749,0.99689,0.99718,1.75,1.12
2016.10.11 03:29:15.800,0.99687,0.99716,2.62,1.50
2016.10.11 03:29:15.851,0.99687,0.99716,3.37,1.87
2016.10.11 03:29:15.902,0.99687,0.99711,1.75,1.00
2016.10.11 03:29:16.276,0.9969,0.99718,2.62,2.10
2016.10.11 03:29:16.327,0.9969,0.99717,3.37,1.00
2016.10.11 03:29:16.669,0.99692,0.99717,1.75,1.00
2016.10.11 03:29:16.885,0.99691,0.99717,1.75,1.00
2016.10.11 03:29:16.936,0.99692,0.99717,1.75,1.00
2016.10.11 03:29:17.198,0.99692,0.99717,1.37,1.00
2016.10.11 03:29:17.248,0.9969,0.99717,3.37,1.00
2016.10.11 03:29:17.299,0.9969,0.99717,1.75,1.12
2016.10.11 03:29:17.552,0.99689,0.99717,1.75,1.12
2016.10.11 03:29:17.654,0.99689,0.99717,1.75,1.12
2016.10.11 03:29:17.704,0.99689,0.99717,1.75,1.50
2016.10.11 03:29:17.755,0.99688,0.99717,1.75,1.50
2016.10.11 03:29:17.806,0.99688,0.99717,1.75,1.75
2016.10.11 03:29:18.053,0.9969,0.99716,1.87,1.37
2016.10.11 03:29:18.105,0.99694,0.99721,1.50,1.50
2016.10.11 03:29:18.207,0.99693,0.99721,1.75,1.37
2016.10.11 03:29:18.258,0.99694,0.99721,1.12,1.37
2016.10.11 03:29:18.309,0.99698,0.99721,1.00,1.00
2016.10.11 03:29:18.885,0.99694,0.99721,1.75,1.75
2016.10.11 03:29:19.452,0.99694,0.99721,1.75,1.75
2016.10.11 03:29:19.554,0.99694,0.99721,2.25,1.75
2016.10.11 03:29:19.604,0.99694,0.99722,1.37,1.87
2016.10.11 03:29:19.655,0.99691,0.9972,2.62,1.75
2016.10.11 03:29:19.706,0.9969,0.9972,1.75,1.75
2016.10.11 03:29:19.807,0.9969,0.99716,1.75,1.12
2016.10.11 03:29:19.908,0.99693,0.9972,1.50,1.50
2016.10.11 03:29:20.116,0.9969,0.99716,1.75,1.00
2016.10.11 03:29:20.166,0.99689,0.99716,4.12,1.00
2016.10.11 03:29:20.342,0.9969,0.99716,1.87,1.00
2016.10.11 03:29:20.544,0.99694,0.9972,1.37,1.50
2016.10.11 03:29:21.601,0.99694,0.9972,1.75,1.50
2016.10.11 03:29:21.652,0.99692,0.99722,1.75,1.75
2016.10.11 03:29:21.753,0.99693,0.99722,1.12,1.75
2016.10.11 03:29:21.854,0.99694,0.99721,1.75,1.75
2016.10.11 03:29:22.493,0.99694,0.9972,1.75,1.67
2016.10.11 03:29:22.544,0.99694,0.99719,1.50,1.00
2016.10.11 03:29:22.594,0.99694,0.99719,1.50,1.00
2016.10.11 03:29:22.645,0.99692,0.99721,1.75,2.47
2016.10.11 03:29:22.696,0.99696,0.9972,1.00,1.00
2016.10.11 03:29:22.746,0.99692,0.99721,1.50,1.87
2016.10.11 03:29:22.797,0.9969,0.99718,1.12,1.35
2016.10.11 03:29:22.848,0.99689,0.99717,1.12,1.75
2016.10.11 03:29:23.292,0.99689,0.99712,1.50,1.00
2016.10.11 03:29:23.361,0.99686,0.9971,1.37,2.25
2016.10.11 03:29:23.413,0.99689,0.99707,1.00,1.37
2016.10.11 03:29:23.515,0.99684,0.99712,2.25,2.25
2016.10.11 03:29:23.566,0.99684,0.99712,2.25,2.25
2016.10.11 03:29:23.617,0.99688,0.99715,1.00,1.75
2016.10.11 03:29:23.719,0.99689,0.99716,1.12,2.25
2016.10.11 03:29:23.974,0.99689,0.99713,1.50,1.00
2016.10.11 03:29:24.025,0.99684,0.99713,1.37,3.37
2016.10.11 03:29:24.076,0.99684,0.99711,1.37,1.12
2016.10.11 03:29:24.127,0.99684,0.99711,1.37,1.87
2016.10.11 03:29:24.179,0.99684,0.9971,1.37,1.37
2016.10.11 03:29:24.229,0.99684,0.9971,1.37,1.12
2016.10.11 03:29:24.280,0.99684,0.99709,1.37,1.87
2016.10.11 03:29:24.331,0.99679,0.99706,1.75,1.37
2016.10.11 03:29:26.225,0.99679,0.99706,1.75,1.37
2016.10.11 03:29:26.386,0.99679,0.99706,1.75,1.37
2016.10.11 03:29:27.074,0.99679,0.99706,1.37,1.75
2016.10.11 03:29:27.127,0.99679,0.99705,1.00,1.12
2016.10.11 03:29:27.178,0.99679,0.99706,1.00,2.62
2016.10.11 03:29:27.229,0.99678,0.99706,1.12,1.87
2016.10.11 03:29:27.280,0.99678,0.99705,1.12,1.12
2016.10.11 03:29:27.381,0.99678,0.99705,1.12,1.12
2016.10.11 03:29:27.432,0.99678,0.99703,1.12,1.00
2016.10.11 03:29:27.483,0.99678,0.99703,1.12,1.00
2016.10.11 03:29:27.534,0.99679,0.99705,1.00,1.12
2016.10.11 03:29:27.871,0.99679,0.99706,1.00,3.75
2016.10.11 03:29:28.191,0.99679,0.99705,1.00,1.12
2016.10.11 03:29:28.343,0.99679,0.99705,1.00,3.00
2016.10.11 03:29:28.393,0.99679,0.99703,1.00,1.12
2016.10.11 03:29:28.495,0.99679,0.99703,1.00,1.12
2016.10.11 03:29:28.596,0.99679,0.99704,1.00,3.37
2016.10.11 03:29:28.809,0.99679,0.99702,1.00,1.00
2016.10.11 03:29:28.860,0.99679,0.99706,1.37,1.37
2016.10.11 03:29:28.910,0.99679,0.99706,1.75,1.37
2016.10.11 03:29:29.112,0.99679,0.99706,1.75,1.37
2016.10.11 03:29:29.213,0.99679,0.99706,1.75,1.37
2016.10.11 03:29:29.264,0.99679,0.99705,1.37,1.00
2016.10.11 03:29:29.315,0.99679,0.99706,1.37,1.75
2016.10.11 03:29:30.149,0.99679,0.99706,1.75,1.50
2016.10.11 03:29:30.250,0.99679,0.99705,1.37,1.00
2016.10.11 03:29:30.313,0.99679,0.99706,1.12,1.75
2016.10.11 03:29:30.363,0.99679,0.99706,1.50,1.50
2016.10.11 03:29:30.414,0.99679,0.99706,1.75,1.50
2016.10.11 03:29:30.465,0.99679,0.99706,1.50,1.75
2016.10.11 03:29:30.516,0.99679,0.99706,1.50,1.75
2016.10.11 03:29:30.918,0.99679,0.99706,1.50,1.75
2016.10.11 03:29:30.972,0.99679,0.99706,1.50,1.75
2016.10.11 03:29:31.073,0.99678,0.99707,2.25,1.75
2016.10.11 03:29:31.225,0.99678,0.99707,1.75,1.75
2016.10.11 03:29:31.601,0.99678,0.99707,1.75,1.75
2016.10.11 03:29:31.652,0.9968,0.99707,1.00,1.50
2016.10.11 03:29:31.703,0.99678,0.99707,2.62,1.50
2016.10.11 03:29:32.160,0.99678,0.99707,1.87,1.50
2016.10.11 03:29:32.306,0.99678,0.99707,1.87,1.50
2016.10.11 03:29:32.407,0.99678,0.99707,1.87,1.50
2016.10.11 03:29:32.458,0.99679,0.99706,1.75,1.37
2016.10.11 03:29:32.847,0.99679,0.99706,1.75,1.37
2016.10.11 03:29:33.811,0.99679,0.99706,1.87,1.37
2016.10.11 03:29:34.055,0.99683,0.99709,1.00,3.37
2016.10.11 03:29:34.106,0.99683,0.99709,1.00,2.62
2016.10.11 03:29:34.159,0.99678,0.99708,3.37,2.62
2016.10.11 03:29:34.210,0.99682,0.99712,1.37,3.37
2016.10.11 03:29:34.260,0.99683,0.99712,1.50,2.62
2016.10.11 03:29:34.446,0.99688,0.99712,1.12,2.25
2016.10.11 03:29:34.497,0.99688,0.99714,1.12,2.62
2016.10.11 03:29:34.549,0.99688,0.99713,1.50,1.00
2016.10.11 03:29:34.650,0.99688,0.99716,1.50,1.87
2016.10.11 03:29:34.701,0.99688,0.99717,1.50,2.25
2016.10.11 03:29:34.752,0.99688,0.99717,1.75,2.25
2016.10.11 03:29:34.803,0.99689,0.99717,1.75,1.50
2016.10.11 03:29:34.854,0.99692,0.99716,1.00,1.00
2016.10.11 03:29:34.955,0.99689,0.99716,1.75,1.00
2016.10.11 03:29:35.006,0.9969,0.99716,1.75,1.00
2016.10.11 03:29:35.107,0.9969,0.99716,1.75,1.00
2016.10.11 03:29:35.608,0.9969,0.99717,1.75,1.00
2016.10.11 03:29:35.991,0.99691,0.99717,1.12,1.00
2016.10.11 03:29:36.092,0.99691,0.99717,1.12,1.00
2016.10.11 03:29:37.082,0.99691,0.99717,1.12,1.00
2016.10.11 03:29:37.133,0.99694,0.9972,1.12,1.50
2016.10.11 03:29:38.429,0.99694,0.9972,1.12,1.50
2016.10.11 03:29:38.530,0.99694,0.9972,1.12,1.50
2016.10.11 03:29:38.581,0.99691,0.99716,1.12,1.00
2016.10.11 03:29:38.632,0.9969,0.99716,1.75,1.00
2016.10.11 03:29:39.534,0.9969,0.99716,1.87,1.00
2016.10.11 03:29:39.635,0.9969,0.99716,1.75,1.00
2016.10.11 03:29:39.866,0.9969,0.99716,1.75,1.50
2016.10.11 03:29:40.246,0.99689,0.99715,1.75,1.12
2016.10.11 03:29:40.342,0.99689,0.99716,1.00,3.75
2016.10.11 03:29:40.393,0.99689,0.99716,1.00,3.75
2016.10.11 03:29:40.444,0.99689,0.99716,1.12,1.87
2016.10.11 03:29:40.646,0.99688,0.99716,1.50,1.12
2016.10.11 03:29:40.744,0.99688,0.99716,1.50,1.12
2016.10.11 03:29:41.006,0.99688,0.99717,1.50,2.62
2016.10.11 03:29:41.057,0.99688,0.99717,3.37,2.25
2016.10.11 03:29:41.108,0.99691,0.99717,1.37,1.50
2016.10.11 03:29:41.158,0.99691,0.99717,1.75,1.12
2016.10.11 03:29:41.209,0.9969,0.99717,1.75,1.00
2016.10.11 03:29:42.050,0.99691,0.99717,1.50,1.37
2016.10.11 03:29:42.236,0.99695,0.99717,1.00,1.00
2016.10.11 03:29:43.551,0.99695,0.99716,1.00,1.00
2016.10.11 03:29:43.855,0.99695,0.9972,1.00,1.00
2016.10.11 03:29:46.593,0.99695,0.9972,1.00,1.00
2016.10.11 03:29:47.561,0.99695,0.99716,1.00,1.00
2016.10.11 03:29:50.253,0.99695,0.9972,1.00,1.00
2016.10.11 03:29:50.358,0.99695,0.9972,1.00,1.00
2016.10.11 03:29:51.558,0.99703,0.9972,1.00,1.00
2016.10.11 03:29:51.660,0.99703,0.9972,2.62,1.00
2016.10.11 03:29:51.711,0.99703,0.99725,3.00,2.25
2016.10.11 03:29:51.762,0.99706,0.99733,1.00,2.62
2016.10.11 03:29:51.966,0.99707,0.99734,2.25,2.25
2016.10.11 03:29:52.016,0.99707,0.99736,2.62,1.50
2016.10.11 03:29:52.067,0.99707,0.99736,3.37,1.75
2016.10.11 03:29:52.169,0.99707,0.99737,2.62,1.87
2016.10.11 03:29:52.270,0.99707,0.99736,2.62,1.12
2016.10.11 03:29:52.321,0.99707,0.99736,2.62,1.12
2016.10.11 03:29:52.371,0.99706,0.99736,1.75,1.12
2016.10.11 03:29:52.625,0.99707,0.99735,1.75,1.12
2016.10.11 03:29:52.675,0.99707,0.99732,1.50,1.00
2016.10.11 03:29:52.902,0.99707,0.99732,1.50,1.00
2016.10.11 03:29:52.953,0.99707,0.99735,1.50,1.12
2016.10.11 03:29:53.289,0.99707,0.99731,1.50,1.12
2016.10.11 03:29:53.390,0.99707,0.99735,1.75,1.12
2016.10.11 03:29:53.441,0.99706,0.99736,1.75,1.75
2016.10.11 03:29:53.542,0.99707,0.99736,1.75,1.87
2016.10.11 03:29:53.644,0.99706,0.99736,1.75,1.75
2016.10.11 03:29:53.694,0.99706,0.99737,1.75,1.87
2016.10.11 03:29:53.947,0.99707,0.99734,1.75,1.12
2016.10.11 03:29:54.295,0.99706,0.99735,1.75,1.12
2016.10.11 03:29:54.431,0.99706,0.99735,1.75,1.12
2016.10.11 03:29:54.532,0.99706,0.99735,1.75,1.12
2016.10.11 03:29:54.583,0.99706,0.99737,3.37,1.75
2016.10.11 03:29:54.633,0.99709,0.99737,1.75,1.50
2016.10.11 03:29:54.684,0.99709,0.99737,1.75,1.12
2016.10.11 03:29:54.735,0.9971,0.99737,1.75,1.37
2016.10.11 03:29:55.620,0.9971,0.99736,1.75,1.00
2016.10.11 03:29:55.671,0.99712,0.99736,1.00,1.12
2016.10.11 03:29:56.130,0.99712,0.99736,1.00,1.00
2016.10.11 03:29:56.445,0.99712,0.99736,1.00,1.12
2016.10.11 03:29:56.546,0.99712,0.99734,1.00,1.00
2016.10.11 03:29:56.762,0.99706,0.99731,2.25,2.25
2016.10.11 03:29:56.813,0.997,0.9973,3.37,2.62
2016.10.11 03:29:56.863,0.99697,0.99726,1.75,1.75
2016.10.11 03:29:56.916,0.99697,0.99726,1.75,1.75
2016.10.11 03:29:57.198,0.99697,0.99727,1.75,1.87
2016.10.11 03:29:58.007,0.99697,0.99727,1.75,1.12
2016.10.11 03:29:58.057,0.99697,0.99727,1.75,1.12
2016.10.11 03:29:58.108,0.99697,0.99726,1.75,1.75
2016.10.11 03:29:58.159,0.99696,0.99726,3.37,1.75
2016.10.11 03:29:58.219,0.99696,0.99726,3.37,1.75
2016.10.11 03:29:58.336,0.99696,0.99726,3.75,1.75
2016.10.11 03:29:59.143,0.99697,0.99726,1.87,1.75
2016.10.11 03:29:59.195,0.99697,0.99726,1.87,1.75
2016.10.11 03:29:59.246,0.99697,0.99726,1.87,1.75
2016.10.11 03:29:59.347,0.99697,0.99726,1.87,1.75
2016.10.11 03:29:59.554,0.99697,0.99726,1.87,1.75
2016.10.11 03:30:00.356,0.99697,0.99726,1.75,1.75
2016.10.11 03:30:00.458,0.99697,0.99727,1.75,1.75
2016.10.11 03:30:00.898,0.99702,0.99727,1.37,1.00
2016.10.11 03:30:00.952,0.99701,0.99727,2.62,1.00
2016.10.11 03:30:01.002,0.997,0.9973,1.75,1.87
2016.10.11 03:30:01.103,0.99704,0.99727,1.00,1.00
2016.10.11 03:30:01.546,0.997,0.99727,1.75,1.37
2016.10.11 03:30:01.597,0.997,0.99726,1.50,1.50
2016.10.11 03:30:01.701,0.99699,0.99726,1.75,1.37
2016.10.11 03:30:01.945,0.997,0.99726,1.50,1.37
2016.10.11 03:30:02.487,0.997,0.99726,1.50,1.37
2016.10.11 03:30:02.766,0.997,0.99726,1.50,1.50
2016.10.11 03:30:02.818,0.997,0.99726,1.50,1.50
2016.10.11 03:30:03.365,0.99699,0.99726,1.75,1.37
2016.10.11 03:30:03.416,0.997,0.99726,2.62,1.37
2016.10.11 03:30:03.489,0.99701,0.99726,2.62,1.00
2016.10.11 03:30:03.591,0.99704,0.99726,1.75,1.00
2016.10.11 03:30:04.421,0.99704,0.99732,1.75,4.87
2016.10.11 03:30:04.656,0.99704,0.99732,1.75,3.37
2016.10.11 03:30:04.707,0.99706,0.99732,2.62,3.00
2016.10.11 03:30:04.758,0.99711,0.99732,1.37,2.62
2016.10.11 03:30:04.808,0.99711,0.99732,1.75,2.25
2016.10.11 03:30:05.218,0.99713,0.99732,1.75,2.25
2016.10.11 03:30:05.422,0.99713,0.99732,1.50,2.25
2016.10.11 03:30:05.523,0.99712,0.99732,1.75,2.25
2016.10.11 03:30:06.400,0.99714,0.99732,1.00,2.25
2016.10.11 03:30:06.465,0.99712,0.99732,1.75,2.25
2016.10.11 03:30:06.516,0.99711,0.99735,2.25,1.00
2016.10.11 03:30:06.990,0.99712,0.99736,1.75,1.00
2016.10.11 03:30:07.193,0.99711,0.99736,2.25,1.00
2016.10.11 03:30:07.244,0.99715,0.99736,1.50,1.00
2016.10.11 03:30:07.491,0.99716,0.99736,1.12,1.00
2016.10.11 03:30:07.542,0.99719,0.99736,2.62,1.00
2016.10.11 03:30:07.593,0.99722,0.99736,1.75,1.00
2016.10.11 03:30:07.643,0.99722,0.99736,1.37,1.00
2016.10.11 03:30:07.694,0.9972,0.99736,1.00,1.00
2016.10.11 03:30:07.745,0.99717,0.99736,1.37,1.00
2016.10.11 03:30:08.036,0.99714,0.99736,1.75,1.00
2016.10.11 03:30:08.137,0.99714,0.99736,2.25,1.00
2016.10.11 03:30:08.238,0.99714,0.99736,2.25,1.00
2016.10.11 03:30:08.289,0.99718,0.99736,1.12,1.00
2016.10.11 03:30:08.340,0.99718,0.99736,1.50,1.00
2016.10.11 03:30:08.391,0.99717,0.99736,2.25,1.00
2016.10.11 03:30:08.624,0.99717,0.99736,1.75,1.00
2016.10.11 03:30:08.675,0.99718,0.99736,1.50,1.00
2016.10.11 03:30:08.989,0.99716,0.99736,1.75,1.00
2016.10.11 03:30:09.040,0.99716,0.99736,1.75,1.00
2016.10.11 03:30:09.091,0.99718,0.99736,1.00,1.00
2016.10.11 03:30:09.328,0.99718,0.99741,1.00,1.00
2016.10.11 03:30:09.428,0.99718,0.99743,1.00,1.00
2016.10.11 03:30:10.440,0.99718,0.99742,1.00,1.00
2016.10.11 03:30:10.541,0.99716,0.99741,1.50,1.00
2016.10.11 03:30:10.592,0.99716,0.99741,1.50,1.12
2016.10.11 03:30:10.643,0.99716,0.99741,1.00,1.00
2016.10.11 03:30:11.000,0.99714,0.99739,1.50,1.00
2016.10.11 03:30:11.502,0.99714,0.99739,1.50,1.00
2016.10.11 03:30:11.603,0.99714,0.99739,1.50,1.00
2016.10.11 03:30:12.139,0.99714,0.99741,1.50,1.87
2016.10.11 03:30:12.557,0.99714,0.99737,1.50,1.00
2016.10.11 03:30:12.856,0.99714,0.9974,1.50,1.12
2016.10.11 03:30:13.160,0.99714,0.99736,1.50,1.00
2016.10.11 03:30:13.544,0.99714,0.99741,1.50,1.87
2016.10.11 03:30:13.699,0.99714,0.9974,1.50,1.12
2016.10.11 03:30:13.800,0.99714,0.99742,1.50,2.62
2016.10.11 03:30:13.851,0.99715,0.99742,1.12,2.62
2016.10.11 03:30:13.999,0.99715,0.99741,1.12,1.87
2016.10.11 03:30:14.199,0.99715,0.99739,1.12,1.37
2016.10.11 03:30:14.249,0.99713,0.99739,1.75,1.37
2016.10.11 03:30:14.300,0.99713,0.99734,1.75,2.62
2016.10.11 03:30:14.351,0.99711,0.99734,2.25,3.00
2016.10.11 03:30:14.596,0.99704,0.99731,1.75,1.12
2016.10.11 03:30:14.646,0.99704,0.99732,1.75,1.75
2016.10.11 03:30:14.748,0.99704,0.99732,1.75,1.87
2016.10.11 03:30:14.798,0.99704,0.99731,1.75,1.00
2016.10.11 03:30:14.849,0.99705,0.99731,1.75,1.50
2016.10.11 03:30:14.950,0.99705,0.99731,1.75,1.50
2016.10.11 03:30:15.499,0.99704,0.99731,1.75,1.50
2016.10.11 03:30:15.550,0.99703,0.99731,3.37,1.50
2016.10.11 03:30:15.651,0.99703,0.99731,3.37,1.12
2016.10.11 03:30:15.701,0.99703,0.99731,1.75,1.37
2016.10.11 03:30:16.451,0.99702,0.99729,3.37,1.00
2016.10.11 03:30:16.501,0.99702,0.99731,1.75,1.87
2016.10.11 03:30:16.552,0.99702,0.99729,1.75,1.37
2016.10.11 03:30:16.714,0.99702,0.99729,1.75,1.37
2016.10.11 03:30:16.803,0.99702,0.9973,1.75,1.12
2016.10.11 03:30:17.114,0.99704,0.99731,1.75,1.37
2016.10.11 03:30:17.317,0.99704,0.99731,1.75,1.37
2016.10.11 03:30:17.418,0.99704,0.99731,1.75,1.37
2016.10.11 03:30:17.721,0.99705,0.99732,1.75,1.87
2016.10.11 03:30:18.195,0.99705,0.99732,1.75,1.87
2016.10.11 03:30:18.246,0.99705,0.99731,1.75,1.50
2016.10.11 03:30:18.347,0.99705,0.9973,1.75,1.00
2016.10.11 03:30:18.448,0.99704,0.9973,1.37,1.12
2016.10.11 03:30:18.549,0.99701,0.99726,1.75,1.00
2016.10.11 03:30:18.709,0.997,0.99726,2.25,1.12
2016.10.11 03:30:19.191,0.997,0.99726,1.75,1.12
2016.10.11 03:30:20.452,0.997,0.99727,1.75,1.87
2016.10.11 03:30:20.622,0.997,0.99727,1.75,1.87
2016.10.11 03:30:21.946,0.997,0.99727,1.75,1.37
2016.10.11 03:30:22.156,0.99699,0.99721,3.37,1.00
2016.10.11 03:30:22.257,0.99699,0.99721,1.75,1.00
2016.10.11 03:30:22.425,0.99699,0.99721,1.75,1.00
2016.10.11 03:30:22.476,0.99699,0.99725,1.75,1.12
2016.10.11 03:30:22.527,0.99699,0.99724,1.75,1.00
2016.10.11 03:30:22.628,0.99699,0.99724,1.75,1.00
2016.10.11 03:30:22.729,0.99702,0.99726,1.00,1.37
2016.10.11 03:30:22.779,0.99702,0.99727,1.00,3.37
2016.10.11 03:30:22.830,0.99702,0.99727,1.00,1.87
2016.10.11 03:30:23.072,0.99702,0.99727,1.00,1.87
2016.10.11 03:30:23.267,0.99698,0.99727,2.25,1.87
2016.10.11 03:30:23.318,0.997,0.99725,1.00,1.00
2016.10.11 03:30:23.472,0.997,0.99725,1.00,1.00
2016.10.11 03:30:23.527,0.997,0.99725,1.00,1.00
2016.10.11 03:30:23.920,0.997,0.99725,1.00,1.00
2016.10.11 03:30:24.072,0.99699,0.99726,1.75,1.37
2016.10.11 03:30:24.122,0.99703,0.99726,1.00,1.00
2016.10.11 03:30:25.168,0.99703,0.99728,1.00,1.37
2016.10.11 03:30:25.219,0.99703,0.99728,1.00,1.12
2016.10.11 03:30:25.270,0.99703,0.99727,1.00,1.00
2016.10.11 03:30:25.321,0.99701,0.99727,3.37,1.00
2016.10.11 03:30:25.433,0.99699,0.99726,2.25,1.12
2016.10.11 03:30:25.856,0.99699,0.99726,3.00,1.50
2016.10.11 03:30:27.638,0.99699,0.99726,3.00,1.12
2016.10.11 03:30:27.740,0.99699,0.99727,2.62,1.50
2016.10.11 03:30:27.842,0.99699,0.99727,2.62,1.50
2016.10.11 03:30:27.943,0.99699,0.99727,2.25,1.50
2016.10.11 03:30:27.994,0.99701,0.99727,1.12,1.50
2016.10.11 03:30:28.146,0.99701,0.99726,1.12,1.12
2016.10.11 03:30:28.485,0.99707,0.99731,1.37,1.37
2016.10.11 03:30:28.670,0.9971,0.99731,1.00,1.37
2016.10.11 03:30:28.723,0.9971,0.99731,1.12,1.00
2016.10.11 03:30:29.077,0.99711,0.99736,1.00,2.25
2016.10.11 03:30:29.339,0.99711,0.99736,1.12,2.25
2016.10.11 03:30:29.440,0.99711,0.99736,1.12,2.25
2016.10.11 03:30:29.541,0.99711,0.99736,1.12,1.75
2016.10.11 03:30:29.642,0.99711,0.99732,1.00,1.37
2016.10.11 03:30:29.866,0.99705,0.99732,1.12,3.75
2016.10.11 03:30:29.923,0.99703,0.9973,2.25,1.12
2016.10.11 03:30:29.973,0.99703,0.9973,2.25,1.12
2016.10.11 03:30:30.075,0.99703,0.99732,2.25,4.50
2016.10.11 03:30:30.176,0.99705,0.99732,1.00,4.50
2016.10.11 03:30:30.277,0.99705,0.9973,1.00,1.00
2016.10.11 03:30:30.379,0.99705,0.9973,1.50,1.00
2016.10.11 03:30:30.438,0.99705,0.9973,1.50,1.00
2016.10.11 03:30:31.087,0.99706,0.99731,1.37,1.37
2016.10.11 03:30:31.138,0.99708,0.99733,1.50,1.00
2016.10.11 03:30:31.239,0.99708,0.99731,1.00,1.00
2016.10.11 03:30:31.481,0.99708,0.99731,1.00,1.00
2016.10.11 03:30:31.582,0.99708,0.99731,1.00,1.00
2016.10.11 03:30:31.780,0.99708,0.99732,1.00,1.00
2016.10.11 03:30:31.831,0.99708,0.99732,1.00,1.12
2016.10.11 03:30:32.245,0.99707,0.99732,1.00,1.75
2016.10.11 03:30:32.683,0.99707,0.99732,1.12,1.50
2016.10.11 03:30:32.734,0.99707,0.99731,1.12,1.37
2016.10.11 03:30:32.785,0.99708,0.99731,1.00,1.37
2016.10.11 03:30:32.836,0.99708,0.99731,1.00,3.00
2016.10.11 03:30:32.887,0.99703,0.99729,1.37,1.12
2016.10.11 03:30:32.938,0.99702,0.99727,1.00,1.75
2016.10.11 03:30:33.150,0.997,0.99727,1.50,1.75
2016.10.11 03:30:33.357,0.997,0.99726,1.50,1.12
2016.10.11 03:30:33.563,0.997,0.99726,1.50,1.12
2016.10.11 03:30:33.664,0.997,0.99727,1.50,1.87
2016.10.11 03:30:33.951,0.997,0.99726,1.50,1.75
2016.10.11 03:30:34.285,0.997,0.99724,1.50,1.00
2016.10.11 03:30:34.487,0.99699,0.99726,1.75,1.87
2016.10.11 03:30:34.758,0.99699,0.99723,1.00,1.00
2016.10.11 03:30:36.563,0.99699,0.99723,1.00,1.12
2016.10.11 03:30:36.664,0.99698,0.99722,1.00,1.12
2016.10.11 03:30:36.765,0.99695,0.99721,1.75,2.62
2016.10.11 03:30:36.816,0.99694,0.99721,2.25,2.62
2016.10.11 03:30:37.046,0.99693,0.99719,1.00,1.87
2016.10.11 03:30:37.198,0.99694,0.99718,1.00,1.12
2016.10.11 03:30:37.746,0.99693,0.99717,1.00,1.12
2016.10.11 03:30:37.821,0.99693,0.99718,1.50,1.75
2016.10.11 03:30:38.068,0.99694,0.99716,1.00,1.00
2016.10.11 03:30:38.169,0.99689,0.99712,1.50,1.00
2016.10.11 03:30:38.220,0.99689,0.99712,1.00,1.00
2016.10.11 03:30:38.569,0.99689,0.99713,1.00,1.12
2016.10.11 03:30:39.372,0.99689,0.99712,1.00,1.00
2016.10.11 03:30:39.423,0.99689,0.99712,1.00,1.00
2016.10.11 03:30:39.473,0.99689,0.99712,1.00,1.87
2016.10.11 03:30:39.575,0.99688,0.99711,1.00,1.12
2016.10.11 03:30:39.731,0.99684,0.99711,1.37,1.12
2016.10.11 03:30:39.781,0.99684,0.99709,1.00,3.37
2016.10.11 03:30:39.883,0.99684,0.99707,1.00,1.37
2016.10.11 03:30:40.035,0.99679,0.99707,1.75,1.37
2016.10.11 03:30:40.086,0.99679,0.99708,1.75,1.75
2016.10.11 03:30:40.187,0.99681,0.9971,1.75,1.75
2016.10.11 03:30:40.238,0.99684,0.99711,1.12,1.87
2016.10.11 03:30:40.289,0.99684,0.99711,1.12,1.87
2016.10.11 03:30:40.507,0.99684,0.99703,1.00,1.00
2016.10.11 03:30:40.564,0.99684,0.99705,1.00,1.12
2016.10.11 03:30:40.640,0.99678,0.99704,1.37,1.12
2016.10.11 03:30:40.737,0.99678,0.99703,1.00,1.87
2016.10.11 03:30:40.890,0.99678,0.99704,1.00,2.62
2016.10.11 03:30:41.069,0.99678,0.99703,1.00,1.75
2016.10.11 03:30:41.411,0.99679,0.99704,1.00,2.62
2016.10.11 03:30:41.614,0.99679,0.99703,1.00,1.87
2016.10.11 03:30:41.715,0.99679,0.99702,1.00,1.12
2016.10.11 03:30:41.766,0.99679,0.99702,1.00,1.12
2016.10.11 03:30:41.817,0.99679,0.99702,1.00,1.75
2016.10.11 03:30:41.869,0.99679,0.99702,1.00,1.75
2016.10.11 03:30:42.021,0.99679,0.99699,1.00,1.30
2016.10.11 03:30:42.418,0.99673,0.99694,1.37,2.25
2016.10.11 03:30:42.719,0.9967,0.99701,2.25,1.35
2016.10.11 03:30:42.770,0.99679,0.99701,1.00,1.35
2016.10.11 03:30:42.821,0.99679,0.99701,1.00,2.10
2016.10.11 03:30:42.923,0.99679,0.99701,1.00,1.35
2016.10.11 03:30:43.075,0.99679,0.99701,1.00,1.35
2016.10.11 03:30:43.125,0.99679,0.99702,1.00,1.75
2016.10.11 03:30:43.176,0.99678,0.99702,1.00,1.75
2016.10.11 03:30:43.811,0.99678,0.99702,1.00,1.75
2016.10.11 03:30:44.331,0.99679,0.99702,1.00,1.75
2016.10.11 03:30:44.868,0.99679,0.99703,1.00,1.75
2016.10.11 03:30:45.082,0.99679,0.99703,1.00,1.75
2016.10.11 03:30:45.284,0.99679,0.99703,1.00,1.12
2016.10.11 03:30:46.212,0.99683,0.99705,1.00,1.75
2016.10.11 03:30:46.264,0.99678,0.99705,1.87,1.75
2016.10.11 03:30:46.314,0.99678,0.99706,2.25,2.62
2016.10.11 03:30:46.365,0.99684,0.99706,1.00,2.62
2016.10.11 03:30:46.416,0.99684,0.9971,1.00,2.62
2016.10.11 03:30:46.517,0.99684,0.99714,1.37,3.75
2016.10.11 03:30:46.618,0.99684,0.99714,2.62,2.62
2016.10.11 03:30:46.720,0.99684,0.99714,2.25,2.62
2016.10.11 03:30:46.770,0.99689,0.99714,1.00,2.62
2016.10.11 03:30:46.960,0.99693,0.99714,1.00,2.62
2016.10.11 03:30:47.011,0.99693,0.99718,1.00,1.12
2016.10.11 03:30:47.062,0.99691,0.99718,1.12,1.12
2016.10.11 03:30:47.113,0.99692,0.99719,1.37,2.25
2016.10.11 03:30:47.214,0.99694,0.99723,1.87,1.75
2016.10.11 03:30:47.316,0.99698,0.99726,1.50,3.75
2016.10.11 03:30:47.417,0.99699,0.99727,1.75,1.75
2016.10.11 03:30:47.519,0.99701,0.99728,1.00,1.12
2016.10.11 03:30:47.620,0.99699,0.99726,1.75,1.37
2016.10.11 03:30:47.876,0.99699,0.99725,1.12,1.12
2016.10.11 03:30:48.261,0.99698,0.99725,1.50,1.12
2016.10.11 03:30:48.312,0.99698,0.99722,1.37,1.00
2016.10.11 03:30:48.413,0.99698,0.99724,1.00,1.12
2016.10.11 03:30:48.794,0.99698,0.99725,1.00,1.12
2016.10.11 03:30:48.845,0.99694,0.99721,2.25,1.12
2016.10.11 03:30:49.137,0.99695,0.99725,1.50,1.12
2016.10.11 03:30:49.187,0.99696,0.99726,1.12,2.62
2016.10.11 03:30:49.238,0.99699,0.99726,1.00,2.62
2016.10.11 03:30:49.514,0.99699,0.99726,1.00,3.37
2016.10.11 03:30:49.565,0.99698,0.99726,1.00,2.62
2016.10.11 03:30:49.867,0.99698,0.99724,1.00,1.12
2016.10.11 03:30:50.613,0.99698,0.99725,1.00,1.12
2016.10.11 03:30:50.714,0.99699,0.99725,1.12,1.12
2016.10.11 03:30:50.816,0.99699,0.99726,1.50,2.25
2016.10.11 03:30:51.025,0.99698,0.99726,1.75,1.75
2016.10.11 03:30:51.889,0.99698,0.99727,1.75,2.47
2016.10.11 03:30:52.916,0.99698,0.99724,1.75,1.00
2016.10.11 03:30:54.031,0.99698,0.99724,2.25,1.00
2016.10.11 03:30:54.505,0.99698,0.99724,1.75,1.00
2016.10.11 03:30:54.556,0.99699,0.99726,1.50,1.75
2016.10.11 03:30:55.025,0.99699,0.99726,1.50,1.87
2016.10.11 03:30:55.714,0.99699,0.99726,1.75,1.50
2016.10.11 03:30:55.816,0.99698,0.99727,1.75,1.87
2016.10.11 03:30:57.007,0.99703,0.99727,1.00,1.37
2016.10.11 03:30:57.353,0.99697,0.9972,3.00,2.25
2016.10.11 03:30:57.406,0.99693,0.99717,1.00,1.12
2016.10.11 03:30:57.507,0.99694,0.99718,1.00,1.87
2016.10.11 03:30:57.608,0.99694,0.99717,1.00,1.37
2016.10.11 03:30:57.709,0.99693,0.99717,1.00,1.87
2016.10.11 03:30:58.231,0.99689,0.99717,1.50,1.87
2016.10.11 03:30:58.421,0.99688,0.99717,1.75,2.25
2016.10.11 03:30:58.575,0.99694,0.99717,1.00,2.25
2016.10.11 03:30:59.735,0.99694,0.99717,1.00,1.50
2016.10.11 03:30:59.943,0.99693,0.99717,1.00,1.87
2016.10.11 03:31:00.457,0.99694,0.99717,1.00,1.87
2016.10.11 03:31:00.609,0.99694,0.99717,1.00,1.87
2016.10.11 03:31:00.660,0.99694,0.99717,1.00,1.50
2016.10.11 03:31:00.746,0.99693,0.99717,1.00,1.50
2016.10.11 03:31:00.848,0.99694,0.99717,1.12,1.37
2016.10.11 03:31:01.039,0.99694,0.99721,1.00,3.37
2016.10.11 03:31:01.089,0.99694,0.99721,1.37,1.87
2016.10.11 03:31:01.140,0.99694,0.9972,1.12,1.87
2016.10.11 03:31:01.464,0.99694,0.9972,1.12,1.12
2016.10.11 03:31:01.565,0.99699,0.99721,1.00,6.00
2016.10.11 03:31:01.616,0.99699,0.9972,1.00,1.75
2016.10.11 03:31:01.666,0.99699,0.99718,1.00,1.12
2016.10.11 03:31:01.767,0.99694,0.99718,1.12,1.12
2016.10.11 03:31:02.361,0.99693,0.99719,1.50,1.12
2016.10.11 03:31:02.412,0.99693,0.99719,1.50,1.87
2016.10.11 03:31:02.636,0.99693,0.99719,1.50,1.12
2016.10.11 03:31:02.939,0.9969,0.99718,1.75,1.12
2016.10.11 03:31:03.232,0.99691,0.99716,1.00,1.00
2016.10.11 03:31:03.286,0.99694,0.99716,1.00,1.00
2016.10.11 03:31:05.340,0.99698,0.99723,1.00,1.50
2016.10.11 03:31:05.391,0.99698,0.99724,1.00,3.00
2016.10.11 03:31:05.444,0.99698,0.99726,1.12,2.47
2016.10.11 03:31:05.546,0.99698,0.99726,1.87,2.47
2016.10.11 03:31:05.929,0.99698,0.99725,1.87,1.87
2016.10.11 03:31:06.242,0.99698,0.99725,1.87,1.75
2016.10.11 03:31:06.408,0.99698,0.99725,1.12,1.75
2016.10.11 03:31:06.459,0.99698,0.99723,1.12,1.87
2016.10.11 03:31:06.509,0.99698,0.99722,1.00,1.12
2016.10.11 03:31:06.560,0.99698,0.99722,1.00,1.87
2016.10.11 03:31:06.611,0.99698,0.99722,1.00,4.12
2016.10.11 03:31:06.662,0.99694,0.99718,1.37,1.37
2016.10.11 03:31:06.713,0.99694,0.99715,1.00,1.00
2016.10.11 03:31:06.764,0.99691,0.99715,1.00,1.00
2016.10.11 03:31:07.238,0.99692,0.99719,1.37,1.75
2016.10.11 03:31:07.288,0.99692,0.99718,1.37,1.50
2016.10.11 03:31:07.339,0.99695,0.99718,1.37,1.12
2016.10.11 03:31:07.390,0.99695,0.99722,1.37,1.87
2016.10.11 03:31:07.441,0.99698,0.99721,1.00,1.37
2016.10.11 03:31:07.542,0.99697,0.99721,1.37,1.00
2016.10.11 03:31:07.645,0.99699,0.99721,1.00,1.50
2016.10.11 03:31:08.048,0.99699,0.99721,1.00,1.00
2016.10.11 03:31:09.054,0.99699,0.9972,1.00,1.50
2016.10.11 03:31:09.105,0.99699,0.9972,1.00,1.87
2016.10.11 03:31:09.155,0.99696,0.99716,1.00,1.00
2016.10.11 03:31:09.206,0.99696,0.99717,1.00,1.12
2016.10.11 03:31:09.257,0.99691,0.99714,1.37,1.00
2016.10.11 03:31:09.308,0.99691,0.99714,1.00,1.37
2016.10.11 03:31:09.358,0.99691,0.99714,1.00,1.12
2016.10.11 03:31:09.894,0.99691,0.99711,1.00,1.00
2016.10.11 03:31:09.945,0.9969,0.99712,1.00,1.12
2016.10.11 03:31:10.157,0.9969,0.99714,1.00,1.37
2016.10.11 03:31:10.659,0.99691,0.99714,1.00,1.12
2016.10.11 03:31:10.750,0.9969,0.99714,1.00,1.12
2016.10.11 03:31:11.260,0.99691,0.99715,1.00,1.12
2016.10.11 03:31:12.174,0.99691,0.99713,1.00,1.37
2016.10.11 03:31:12.849,0.99688,0.99712,1.12,1.37
2016.10.11 03:31:12.965,0.99688,0.99711,1.12,1.00
2016.10.11 03:31:13.066,0.99688,0.99712,1.12,1.37
2016.10.11 03:31:13.117,0.9969,0.99712,1.00,1.37
2016.10.11 03:31:13.268,0.99691,0.99713,1.00,1.37
2016.10.11 03:31:13.554,0.99691,0.99711,1.00,1.00
2016.10.11 03:31:13.655,0.99692,0.99716,1.00,4.12
2016.10.11 03:31:13.768,0.99692,0.99716,1.00,3.37
2016.10.11 03:31:13.819,0.99696,0.99716,1.00,3.37
2016.10.11 03:31:13.870,0.99696,0.99715,1.00,1.00
2016.10.11 03:31:13.975,0.99696,0.99716,1.00,1.50
2016.10.11 03:31:14.076,0.99701,0.99713,1.00,1.00
2016.10.11 03:31:14.127,0.99701,0.99718,1.00,2.62
2016.10.11 03:31:14.177,0.99701,0.99721,1.00,1.75
2016.10.11 03:31:14.278,0.99701,0.99721,1.00,2.25
2016.10.11 03:31:14.821,0.99702,0.99721,1.00,2.25
2016.10.11 03:31:15.372,0.99702,0.99721,1.00,1.75
2016.10.11 03:31:15.523,0.99699,0.99721,1.00,1.75
2016.10.11 03:31:16.031,0.997,0.99721,1.00,1.75
2016.10.11 03:31:16.830,0.997,0.99721,1.00,2.25
2016.10.11 03:31:16.931,0.997,0.99721,1.00,1.75
2016.10.11 03:31:18.381,0.997,0.99721,1.00,1.75
2016.10.11 03:31:18.624,0.997,0.99721,1.00,1.50
2016.10.11 03:31:19.136,0.997,0.99722,1.00,1.50
2016.10.11 03:31:19.186,0.997,0.99722,1.00,1.50
2016.10.11 03:31:19.833,0.997,0.99722,1.00,1.50
2016.10.11 03:31:20.417,0.997,0.99722,1.00,1.50
2016.10.11 03:31:21.668,0.997,0.99722,1.00,1.50
2016.10.11 03:31:21.844,0.997,0.99722,1.00,1.50
2016.10.11 03:31:22.394,0.99701,0.99722,1.00,1.50
2016.10.11 03:31:22.445,0.99701,0.99721,1.00,1.12
2016.10.11 03:31:23.749,0.99701,0.99725,1.00,1.75
2016.10.11 03:31:23.937,0.99695,0.99721,1.37,2.25
2016.10.11 03:31:23.990,0.99695,0.99719,1.00,1.12
2016.10.11 03:31:24.092,0.99695,0.9972,1.00,1.75
2016.10.11 03:31:24.142,0.997,0.99717,1.00,1.00
2016.10.11 03:31:24.193,0.997,0.99722,1.00,1.75
2016.10.11 03:31:24.244,0.997,0.99721,1.00,1.50
2016.10.11 03:31:24.295,0.997,0.99721,1.00,1.12
2016.10.11 03:31:24.345,0.997,0.99722,1.00,1.50
2016.10.11 03:31:25.654,0.99701,0.99721,1.00,1.12
2016.10.11 03:31:25.751,0.99704,0.99721,1.00,1.00
2016.10.11 03:31:26.057,0.99702,0.99721,1.00,1.00
2016.10.11 03:31:31.738,0.99701,0.99721,1.00,1.00
2016.10.11 03:31:32.472,0.99702,0.99721,1.00,1.00
2016.10.11 03:31:32.574,0.99702,0.99727,1.00,2.25
2016.10.11 03:31:33.004,0.99702,0.99721,1.00,1.00
2016.10.11 03:31:33.054,0.99701,0.99721,1.00,1.37
2016.10.11 03:31:33.105,0.99701,0.99721,1.00,1.50
2016.10.11 03:31:33.156,0.99699,0.99721,1.00,1.50
2016.10.11 03:31:33.308,0.99699,0.99721,1.00,1.75
2016.10.11 03:31:33.359,0.997,0.99723,1.00,1.75
2016.10.11 03:31:33.409,0.997,0.99724,1.00,2.62
2016.10.11 03:31:33.460,0.99701,0.99725,1.00,2.62
2016.10.11 03:31:33.511,0.99701,0.99726,1.00,1.75
2016.10.11 03:31:33.562,0.99701,0.99726,1.12,1.50
2016.10.11 03:31:33.613,0.99701,0.99726,1.12,1.12
2016.10.11 03:31:34.003,0.99703,0.99726,1.00,1.12
2016.10.11 03:31:34.640,0.99702,0.99726,1.00,1.12
2016.10.11 03:31:35.826,0.99704,0.99726,1.00,1.12
2016.10.11 03:31:39.816,0.99703,0.99726,1.00,1.12
2016.10.11 03:31:39.867,0.99705,0.99726,1.00,1.00
2016.10.11 03:31:40.069,0.99712,0.99732,1.00,1.37
2016.10.11 03:31:40.120,0.99712,0.99732,1.00,1.00
2016.10.11 03:31:40.170,0.99711,0.99732,1.37,1.00
2016.10.11 03:31:40.389,0.99714,0.99731,1.12,1.00
2016.10.11 03:31:40.773,0.99714,0.99736,1.12,1.12
2016.10.11 03:31:40.858,0.99712,0.99736,1.75,1.12
2016.10.11 03:31:40.909,0.99712,0.99739,1.75,1.12
2016.10.11 03:31:40.960,0.99711,0.99739,2.25,1.12
2016.10.11 03:31:41.012,0.99711,0.99736,1.75,1.12
2016.10.11 03:31:41.063,0.99711,0.99736,1.50,1.12
2016.10.11 03:31:41.114,0.99711,0.9974,1.12,1.87
2016.10.11 03:31:41.165,0.99711,0.99732,1.12,1.00
2016.10.11 03:31:41.368,0.99709,0.99731,1.75,1.00
2016.10.11 03:31:41.604,0.99709,0.99731,1.00,1.50
2016.10.11 03:31:41.655,0.99705,0.99731,1.12,1.50
2016.10.11 03:31:41.706,0.99705,0.99731,1.12,1.50
2016.10.11 03:31:41.808,0.99705,0.99732,1.12,1.75
2016.10.11 03:31:41.862,0.99705,0.99731,1.12,1.50
2016.10.11 03:31:41.964,0.99706,0.99731,1.00,1.50
2016.10.11 03:31:42.065,0.99705,0.99732,1.12,2.25
2016.10.11 03:31:42.116,0.99705,0.99732,1.12,1.75
2016.10.11 03:31:42.166,0.99705,0.99731,1.12,1.50
2016.10.11 03:31:42.474,0.99707,0.99733,1.12,1.75
2016.10.11 03:31:42.525,0.99707,0.99732,1.50,1.00
2016.10.11 03:31:42.575,0.99707,0.99731,1.00,1.00
2016.10.11 03:31:42.778,0.99704,0.99731,1.75,1.37
2016.10.11 03:31:42.829,0.99705,0.99731,1.50,1.75
2016.10.11 03:31:42.880,0.99705,0.99731,1.50,1.37
2016.10.11 03:31:42.931,0.99708,0.99731,1.00,1.00
2016.10.11 03:31:42.996,0.99708,0.99731,1.00,1.00
2016.10.11 03:31:43.097,0.99708,0.99731,1.00,1.00
2016.10.11 03:31:43.330,0.99708,0.99733,1.00,1.00
2016.10.11 03:31:43.381,0.99705,0.99731,1.75,1.12
2016.10.11 03:31:43.432,0.99706,0.99731,1.00,1.50
2016.10.11 03:31:43.944,0.99707,0.99731,1.00,1.50
2016.10.11 03:31:44.096,0.99707,0.99731,1.00,1.00
2016.10.11 03:31:46.350,0.99709,0.99731,1.00,1.00
2016.10.11 03:31:46.401,0.99709,0.99731,1.00,1.50
2016.10.11 03:31:46.452,0.99709,0.99731,1.37,1.12
2016.10.11 03:31:46.503,0.9971,0.99731,1.00,1.00
2016.10.11 03:31:46.592,0.99712,0.99736,1.12,1.50
2016.10.11 03:31:46.693,0.99712,0.99731,1.12,1.00
2016.10.11 03:31:46.794,0.99712,0.99731,1.00,1.00
2016.10.11 03:31:46.996,0.99713,0.99736,1.00,1.12
2016.10.11 03:31:47.355,0.99716,0.99736,1.00,1.12
2016.10.11 03:31:47.507,0.99716,0.99736,1.00,1.00
2016.10.11 03:31:47.813,0.99718,0.99736,1.00,1.00
2016.10.11 03:31:47.863,0.99716,0.99736,1.00,1.00
2016.10.11 03:31:49.242,0.99718,0.99736,1.00,1.00
2016.10.11 03:31:49.292,0.99718,0.99739,1.00,1.00
2016.10.11 03:31:49.343,0.99714,0.99739,1.50,1.50
2016.10.11 03:31:49.394,0.99714,0.99737,1.12,1.37
2016.10.11 03:31:49.445,0.99714,0.99737,1.00,1.75
2016.10.11 03:31:49.547,0.99717,0.99736,1.00,1.50
2016.10.11 03:31:49.597,0.99717,0.99736,1.00,1.00
2016.10.11 03:31:49.699,0.99717,0.99737,1.00,1.37
2016.10.11 03:31:49.750,0.99717,0.99737,1.00,1.00
2016.10.11 03:31:49.801,0.99717,0.99739,1.00,1.00
2016.10.11 03:31:51.802,0.99717,0.99732,1.00,1.50
2016.10.11 03:31:51.857,0.99705,0.99729,1.50,2.47
2016.10.11 03:31:51.958,0.99702,0.9972,2.62,1.00
2016.10.11 03:31:52.009,0.997,0.9972,2.25,1.00
2016.10.11 03:31:52.060,0.99693,0.99714,1.37,1.37
2016.10.11 03:31:52.111,0.99693,0.99713,1.50,2.62
2016.10.11 03:31:52.162,0.99693,0.99713,1.50,2.25
2016.10.11 03:31:52.214,0.99693,0.99716,1.00,1.75
2016.10.11 03:31:52.315,0.99692,0.99717,1.00,1.75
2016.10.11 03:31:52.555,0.99688,0.9971,1.00,1.75
2016.10.11 03:31:52.607,0.99688,0.99706,1.00,1.00
2016.10.11 03:31:52.920,0.99698,0.9971,1.00,1.75
2016.10.11 03:31:53.022,0.99699,0.99711,1.00,1.37
2016.10.11 03:31:53.073,0.99699,0.99713,1.00,2.25
2016.10.11 03:31:53.124,0.99699,0.99718,1.00,1.12
2016.10.11 03:31:53.175,0.99699,0.99722,1.00,1.75
2016.10.11 03:31:53.425,0.99693,0.99721,1.05,1.75
2016.10.11 03:31:53.527,0.99693,0.99721,1.05,1.75
2016.10.11 03:31:53.628,0.99693,0.99721,1.05,1.75
2016.10.11 03:31:53.831,0.99693,0.99721,1.05,1.75
2016.10.11 03:31:53.932,0.99693,0.99722,1.05,1.75
2016.10.11 03:31:54.322,0.99699,0.99721,1.00,1.75
2016.10.11 03:31:54.963,0.99699,0.99721,1.00,1.75
2016.10.11 03:31:55.065,0.99699,0.99722,1.00,1.87
2016.10.11 03:31:55.225,0.99699,0.99721,1.00,2.62
2016.10.11 03:31:56.286,0.99699,0.99716,1.00,1.00
2016.10.11 03:31:56.835,0.99698,0.99716,1.00,1.00
2016.10.11 03:31:56.886,0.99698,0.99721,1.00,1.75
2016.10.11 03:31:57.040,0.997,0.99721,1.00,1.75
2016.10.11 03:31:57.553,0.99699,0.99721,1.00,1.12
2016.10.11 03:31:57.787,0.997,0.99722,1.00,1.75
2016.10.11 03:31:58.881,0.997,0.99724,1.00,1.75
2016.10.11 03:31:58.931,0.997,0.99724,1.00,3.37
2016.10.11 03:31:59.033,0.99698,0.99721,1.00,1.75
2016.10.11 03:31:59.827,0.99699,0.99721,1.00,1.75
2016.10.11 03:32:02.243,0.99699,0.99721,1.00,1.37
2016.10.11 03:32:03.039,0.99699,0.99721,1.00,1.37
2016.10.11 03:32:03.455,0.997,0.99722,1.00,1.50
2016.10.11 03:32:03.506,0.997,0.99723,1.00,1.75
2016.10.11 03:32:03.962,0.99702,0.99724,1.00,1.75
2016.10.11 03:32:04.013,0.99702,0.99721,1.00,1.37
2016.10.11 03:32:04.393,0.99695,0.99715,1.00,1.00
2016.10.11 03:32:04.495,0.99695,0.99715,1.00,1.00
2016.10.11 03:32:05.043,0.99698,0.99715,1.00,1.00
2016.10.11 03:32:05.346,0.99698,0.99716,1.00,2.25
2016.10.11 03:32:05.397,0.99698,0.99711,1.00,1.00
2016.10.11 03:32:05.447,0.99692,0.99711,1.00,1.37
2016.10.11 03:32:05.498,0.99692,0.99713,1.00,1.37
2016.10.11 03:32:05.549,0.99692,0.99709,1.00,1.00
2016.10.11 03:32:05.836,0.99696,0.99709,1.00,1.00
2016.10.11 03:32:05.912,0.99697,0.99716,1.00,1.00
2016.10.11 03:32:06.115,0.99698,0.99717,1.00,1.12
2016.10.11 03:32:06.216,0.99698,0.99716,1.00,1.00
2016.10.11 03:32:06.570,0.99699,0.99716,1.00,1.37
2016.10.11 03:32:06.803,0.99695,0.99714,1.00,1.37
2016.10.11 03:32:06.854,0.99696,0.99714,1.00,1.37
2016.10.11 03:32:06.905,0.99696,0.99717,1.00,1.50
2016.10.11 03:32:06.955,0.99696,0.99717,1.00,1.37
2016.10.11 03:32:07.006,0.99696,0.99721,1.12,2.25
2016.10.11 03:32:07.078,0.99698,0.99721,1.00,1.50
2016.10.11 03:32:07.128,0.99698,0.99716,1.00,1.00
2016.10.11 03:32:07.467,0.997,0.99716,1.00,1.00
2016.10.11 03:32:07.517,0.997,0.99717,1.00,1.12
2016.10.11 03:32:07.568,0.99697,0.99714,1.00,1.00
2016.10.11 03:32:08.025,0.9969,0.99712,1.12,1.37
2016.10.11 03:32:08.076,0.99691,0.99711,1.00,1.75
2016.10.11 03:32:08.127,0.99691,0.99706,1.00,1.00
2016.10.11 03:32:08.229,0.9969,0.9971,1.00,1.75
2016.10.11 03:32:08.280,0.9969,0.9971,1.00,1.87
2016.10.11 03:32:08.381,0.9969,0.99707,1.00,1.50
2016.10.11 03:32:08.432,0.9969,0.99707,1.00,1.75
2016.10.11 03:32:08.964,0.9969,0.99706,1.00,1.75
2016.10.11 03:32:09.065,0.9969,0.99707,1.00,1.50
2016.10.11 03:32:09.259,0.99689,0.99709,1.00,2.62
2016.10.11 03:32:09.311,0.99689,0.9971,1.00,1.75
2016.10.11 03:32:09.474,0.99689,0.9971,1.00,1.75
2016.10.11 03:32:09.975,0.99688,0.9971,1.00,1.75
2016.10.11 03:32:10.076,0.99688,0.9971,1.00,1.75
2016.10.11 03:32:10.127,0.99688,0.99706,1.00,1.00
2016.10.11 03:32:10.279,0.99684,0.99706,1.00,1.00
2016.10.11 03:32:10.475,0.99684,0.99706,1.00,1.37
2016.10.11 03:32:10.526,0.99684,0.99702,1.00,1.00
2016.10.11 03:32:10.949,0.99684,0.99707,1.00,2.25
2016.10.11 03:32:11.177,0.99684,0.99707,1.00,2.25
2016.10.11 03:32:11.279,0.99686,0.99707,1.00,1.75
2016.10.11 03:32:12.156,0.99686,0.99707,1.00,1.75
2016.10.11 03:32:12.705,0.99686,0.99706,1.00,1.50
2016.10.11 03:32:14.033,0.99686,0.99707,1.00,1.75
2016.10.11 03:32:14.084,0.99686,0.99704,1.00,1.37
2016.10.11 03:32:14.135,0.99686,0.99701,1.00,1.12
2016.10.11 03:32:14.185,0.99682,0.99701,1.00,1.50
2016.10.11 03:32:14.236,0.99682,0.99699,1.00,1.67
2016.10.11 03:32:14.287,0.99678,0.99699,1.00,1.67
2016.10.11 03:32:14.337,0.99678,0.99696,1.00,1.00
2016.10.11 03:32:14.388,0.99681,0.99696,1.00,1.00
2016.10.11 03:32:14.624,0.99683,0.99702,1.00,1.50
2016.10.11 03:32:14.675,0.99683,0.99702,1.00,1.37
2016.10.11 03:32:14.726,0.99683,0.99702,1.00,1.00
2016.10.11 03:32:14.837,0.99683,0.99707,1.00,3.37
2016.10.11 03:32:15.110,0.99683,0.99707,1.00,1.75
2016.10.11 03:32:15.212,0.99683,0.99707,1.00,1.75
2016.10.11 03:32:15.515,0.99685,0.99707,1.00,1.75
2016.10.11 03:32:15.566,0.99685,0.99705,1.00,1.00
2016.10.11 03:32:16.062,0.99685,0.99707,1.00,2.25
2016.10.11 03:32:16.322,0.99685,0.99708,1.00,1.87
2016.10.11 03:32:16.373,0.99685,0.99701,1.00,2.25
2016.10.11 03:32:16.424,0.99683,0.99695,1.00,1.00
2016.10.11 03:32:16.474,0.9968,0.99701,1.00,3.00
2016.10.11 03:32:16.525,0.9968,0.99698,1.00,1.00
2016.10.11 03:32:16.576,0.9968,0.99698,1.00,1.00
2016.10.11 03:32:16.779,0.99677,0.99698,1.00,1.87
2016.10.11 03:32:16.830,0.99677,0.99697,1.00,1.75
2016.10.11 03:32:17.074,0.99674,0.99697,1.00,3.37
2016.10.11 03:32:17.124,0.99674,0.99691,1.00,1.00
2016.10.11 03:32:17.276,0.99676,0.99695,1.00,1.37
2016.10.11 03:32:17.327,0.99676,0.99697,1.00,1.50
2016.10.11 03:32:17.378,0.99676,0.99696,1.00,1.00
2016.10.11 03:32:17.428,0.99676,0.99697,1.00,1.75
2016.10.11 03:32:17.479,0.99675,0.99697,1.00,1.75
2016.10.11 03:32:17.745,0.99676,0.997,1.00,3.37
2016.10.11 03:32:17.796,0.99676,0.99698,1.00,1.75
2016.10.11 03:32:17.897,0.99677,0.997,1.00,3.37
2016.10.11 03:32:17.948,0.99677,0.997,1.00,1.75
2016.10.11 03:32:17.999,0.99679,0.99702,1.00,2.62
2016.10.11 03:32:18.228,0.99679,0.99702,1.00,3.37
2016.10.11 03:32:18.338,0.9968,0.99702,1.00,1.75
2016.10.11 03:32:18.549,0.9968,0.99701,1.00,1.50
2016.10.11 03:32:18.977,0.9968,0.99701,1.00,1.37
2016.10.11 03:32:19.028,0.9968,0.99701,1.00,1.00
2016.10.11 03:32:20.253,0.99684,0.99701,1.00,1.00
2016.10.11 03:32:21.219,0.99684,0.99707,1.00,2.62
2016.10.11 03:32:21.321,0.99684,0.99701,1.00,1.00
2016.10.11 03:32:21.989,0.99685,0.99701,1.00,1.00
2016.10.11 03:32:23.082,0.99683,0.99701,1.00,1.00
2016.10.11 03:32:23.184,0.9968,0.99702,1.12,1.37
2016.10.11 03:32:23.234,0.9968,0.99702,1.00,1.75
2016.10.11 03:32:23.336,0.9968,0.99701,1.00,1.50
2016.10.11 03:32:23.386,0.9968,0.99701,1.00,1.37
2016.10.11 03:32:23.437,0.9968,0.99701,1.00,1.00
2016.10.11 03:32:23.890,0.99681,0.99702,1.00,1.50
2016.10.11 03:32:24.055,0.99679,0.99702,1.00,1.50
2016.10.11 03:32:24.208,0.9968,0.99702,1.00,2.10
2016.10.11 03:32:24.259,0.99678,0.99702,1.00,1.75
2016.10.11 03:32:24.309,0.99678,0.99699,1.00,1.37
2016.10.11 03:32:24.360,0.99675,0.99699,1.50,1.00
2016.10.11 03:32:24.453,0.99675,0.99697,1.00,1.75
2016.10.11 03:32:24.656,0.99673,0.99696,1.00,1.75
2016.10.11 03:32:24.992,0.99675,0.99696,1.00,1.75
2016.10.11 03:32:25.133,0.99675,0.99696,1.00,2.25
2016.10.11 03:32:25.572,0.99675,0.99696,1.00,1.87
2016.10.11 03:32:25.682,0.99679,0.99697,1.00,1.50
2016.10.11 03:32:25.733,0.99679,0.997,1.00,3.37
2016.10.11 03:32:25.990,0.99679,0.997,1.00,2.62
2016.10.11 03:32:26.042,0.99679,0.99701,1.00,2.25
2016.10.11 03:32:26.250,0.99679,0.99699,1.00,1.00
2016.10.11 03:32:26.803,0.99678,0.99699,1.00,1.00
2016.10.11 03:32:27.399,0.99682,0.99699,1.00,1.00
2016.10.11 03:32:27.450,0.99682,0.99699,1.00,1.00
2016.10.11 03:32:27.648,0.99682,0.99702,1.00,1.75
2016.10.11 03:32:27.698,0.99682,0.99701,1.00,1.00
2016.10.11 03:32:28.375,0.99682,0.99702,1.00,1.37
2016.10.11 03:32:28.477,0.99682,0.99704,1.00,1.50
2016.10.11 03:32:28.628,0.99682,0.99704,1.00,1.50
2016.10.11 03:32:28.730,0.99684,0.99708,1.00,3.37
2016.10.11 03:32:28.831,0.99687,0.99707,1.00,1.75
2016.10.11 03:32:28.881,0.99681,0.99706,1.00,1.35
2016.10.11 03:32:29.073,0.99681,0.99704,1.00,2.62
2016.10.11 03:32:29.123,0.99681,0.99702,1.00,1.75
2016.10.11 03:32:29.657,0.99681,0.99703,1.00,1.75
2016.10.11 03:32:30.869,0.99681,0.99701,1.00,1.50
2016.10.11 03:32:34.719,0.99682,0.99701,1.00,1.12
2016.10.11 03:32:37.270,0.99682,0.99702,1.00,2.25
2016.10.11 03:32:37.321,0.99682,0.99702,1.00,1.50
2016.10.11 03:32:37.648,0.99682,0.99702,1.00,1.50
2016.10.11 03:32:37.720,0.99682,0.99702,1.00,2.62
2016.10.11 03:32:37.822,0.99682,0.99702,1.00,2.25
2016.10.11 03:32:38.321,0.99682,0.99702,1.00,2.25
2016.10.11 03:32:38.422,0.99682,0.997,1.00,1.00
2016.10.11 03:32:38.574,0.99675,0.99696,1.12,1.00
2016.10.11 03:32:38.624,0.99675,0.99696,1.12,1.12
2016.10.11 03:32:38.675,0.99675,0.99696,1.00,1.50
2016.10.11 03:32:38.725,0.99675,0.99694,1.00,1.00
2016.10.11 03:32:38.776,0.99675,0.99696,1.00,1.75
2016.10.11 03:32:39.523,0.99675,0.99696,1.00,1.75
2016.10.11 03:32:39.775,0.99676,0.99697,1.00,1.87
2016.10.11 03:32:41.140,0.99676,0.99696,1.00,1.75
2016.10.11 03:32:41.241,0.99676,0.99691,1.00,1.37
2016.10.11 03:32:41.292,0.99673,0.9969,1.00,1.00
2016.10.11 03:32:41.471,0.99673,0.9969,1.00,1.00
2016.10.11 03:32:41.522,0.99673,0.99694,1.00,1.75
2016.10.11 03:32:41.573,0.99673,0.99696,1.00,3.75
2016.10.11 03:32:41.674,0.99673,0.99696,1.00,4.50
2016.10.11 03:32:41.776,0.99673,0.99692,1.00,1.12
2016.10.11 03:32:42.265,0.99673,0.99696,1.00,3.37
2016.10.11 03:32:43.466,0.99671,0.99696,1.00,3.37
2016.10.11 03:32:43.974,0.99673,0.99696,1.00,3.37
2016.10.11 03:32:44.268,0.99672,0.99694,1.00,1.12
2016.10.11 03:32:44.319,0.99668,0.99694,1.37,3.00
2016.10.11 03:32:44.369,0.99668,0.9969,1.00,1.75
2016.10.11 03:32:44.470,0.99669,0.9969,1.00,1.75
2016.10.11 03:32:44.521,0.99673,0.9969,1.00,1.50
2016.10.11 03:32:44.572,0.99673,0.99691,1.00,1.75
2016.10.11 03:32:44.622,0.99673,0.99691,1.00,1.37
2016.10.11 03:32:44.673,0.99673,0.99691,1.00,1.00
2016.10.11 03:32:45.690,0.99673,0.99692,1.00,1.00
2016.10.11 03:32:46.356,0.99672,0.99691,1.00,1.00
2016.10.11 03:32:47.137,0.99671,0.99691,1.00,1.00
2016.10.11 03:32:48.191,0.99671,0.99696,1.00,1.75
2016.10.11 03:32:48.841,0.99671,0.99696,1.00,2.25
2016.10.11 03:32:50.163,0.99671,0.99691,1.00,1.00
2016.10.11 03:32:52.184,0.99671,0.99696,1.00,2.25
2016.10.11 03:32:52.743,0.99671,0.99696,1.00,2.25
2016.10.11 03:32:54.585,0.99674,0.99696,1.00,2.25
2016.10.11 03:32:54.688,0.99674,0.99696,1.00,2.25
2016.10.11 03:32:54.801,0.99674,0.99691,1.00,1.00
2016.10.11 03:32:55.006,0.99672,0.99691,1.00,1.00
2016.10.11 03:32:56.687,0.99674,0.99691,1.00,1.00
2016.10.11 03:32:58.918,0.99676,0.99691,1.00,1.00
2016.10.11 03:32:58.973,0.99677,0.99697,1.00,1.00
2016.10.11 03:33:00.479,0.99674,0.99691,1.37,1.00
2016.10.11 03:33:00.531,0.99674,0.99691,1.00,1.00
2016.10.11 03:33:00.583,0.99674,0.99696,1.00,1.37
2016.10.11 03:33:00.633,0.99678,0.99696,1.00,1.37
2016.10.11 03:33:00.741,0.9968,0.99697,1.00,1.00
2016.10.11 03:33:00.792,0.9968,0.99696,1.12,1.00
2016.10.11 03:33:00.893,0.99681,0.99696,1.00,1.00
2016.10.11 03:33:01.212,0.9968,0.99696,1.12,1.00
2016.10.11 03:33:01.612,0.9968,0.99701,1.12,1.00
2016.10.11 03:33:01.663,0.9968,0.99701,1.12,1.12
2016.10.11 03:33:01.714,0.99676,0.99696,1.50,1.00
2016.10.11 03:33:01.765,0.99676,0.99696,2.25,1.00
2016.10.11 03:33:01.866,0.99676,0.99701,1.37,1.75
2016.10.11 03:33:01.917,0.99678,0.99701,1.00,1.75
2016.10.11 03:33:01.968,0.99678,0.99702,1.12,1.50
2016.10.11 03:33:02.019,0.99676,0.99702,1.75,1.50
2016.10.11 03:33:02.070,0.99676,0.99702,1.75,1.12
2016.10.11 03:33:02.171,0.99677,0.99701,1.37,1.12
2016.10.11 03:33:02.222,0.99677,0.99701,1.00,1.50
2016.10.11 03:33:02.424,0.99681,0.99701,1.00,1.50
2016.10.11 03:33:02.626,0.99681,0.99701,1.00,1.00
2016.10.11 03:33:03.147,0.9968,0.99701,1.00,1.37
2016.10.11 03:33:03.197,0.9968,0.99701,1.00,1.75
2016.10.11 03:33:03.500,0.99679,0.99701,1.00,1.75
2016.10.11 03:33:04.466,0.99679,0.99701,1.00,1.75
2016.10.11 03:33:07.411,0.9968,0.99701,1.00,1.75
2016.10.11 03:33:07.513,0.99678,0.99696,1.00,1.00
2016.10.11 03:33:08.059,0.99677,0.99696,1.00,1.00
2016.10.11 03:33:08.300,0.99677,0.99696,1.00,1.37
2016.10.11 03:33:08.392,0.99672,0.99696,1.37,1.50
2016.10.11 03:33:08.443,0.99672,0.99696,1.00,1.75
2016.10.11 03:33:08.494,0.99672,0.99696,1.00,1.75
2016.10.11 03:33:08.544,0.99674,0.99696,1.00,1.50
2016.10.11 03:33:08.595,0.99674,0.99697,1.00,3.37
2016.10.11 03:33:08.646,0.99674,0.99697,1.00,1.50
2016.10.11 03:33:08.953,0.99676,0.99697,1.00,1.50
2016.10.11 03:33:09.259,0.99676,0.99697,1.00,1.12
2016.10.11 03:33:09.310,0.99678,0.99701,1.00,1.50
2016.10.11 03:33:09.512,0.99678,0.99702,1.00,1.75
2016.10.11 03:33:10.716,0.99678,0.99702,1.00,1.75
2016.10.11 03:33:11.017,0.99678,0.99701,1.00,1.50
2016.10.11 03:33:11.169,0.99678,0.99701,1.00,1.75
2016.10.11 03:33:11.220,0.99681,0.99701,1.00,1.75
2016.10.11 03:33:11.422,0.99681,0.99702,1.00,3.37
2016.10.11 03:33:11.523,0.99681,0.99703,1.00,2.62
2016.10.11 03:33:11.625,0.99682,0.99703,1.00,3.37
2016.10.11 03:33:11.917,0.99682,0.99703,1.00,3.37
2016.10.11 03:33:11.968,0.99682,0.99703,1.00,3.00
2016.10.11 03:33:12.019,0.99682,0.99706,1.00,1.75
2016.10.11 03:33:12.120,0.99682,0.99706,1.00,1.75
2016.10.11 03:33:12.221,0.99684,0.99706,1.00,2.25
2016.10.11 03:33:12.323,0.99685,0.99705,1.00,1.75
2016.10.11 03:33:12.424,0.99685,0.99705,1.00,1.75
2016.10.11 03:33:12.633,0.99685,0.99706,1.00,1.75
2016.10.11 03:33:12.734,0.99685,0.99705,1.00,1.00
2016.10.11 03:33:14.607,0.99684,0.99705,1.00,1.00
2016.10.11 03:33:15.645,0.99685,0.99705,1.00,1.00
2016.10.11 03:33:15.748,0.99685,0.99706,1.00,1.37
2016.10.11 03:33:15.849,0.99686,0.99706,1.00,1.12
2016.10.11 03:33:16.329,0.99684,0.99706,1.12,1.12
2016.10.11 03:33:16.567,0.99682,0.99705,1.00,1.00
2016.10.11 03:33:19.207,0.99682,0.99702,1.00,1.00
2016.10.11 03:33:19.369,0.99682,0.99702,1.37,1.00
2016.10.11 03:33:19.420,0.99686,0.99707,1.00,1.37
2016.10.11 03:33:19.471,0.99686,0.99707,1.00,1.00
2016.10.11 03:33:19.521,0.99684,0.99707,1.50,1.00
2016.10.11 03:33:19.806,0.99683,0.99706,1.37,1.00
2016.10.11 03:33:19.857,0.99683,0.99706,1.12,1.12
2016.10.11 03:33:20.019,0.99683,0.99706,1.12,1.12
2016.10.11 03:33:20.163,0.99683,0.99703,1.12,2.25
2016.10.11 03:33:20.214,0.99683,0.997,1.12,1.37
2016.10.11 03:33:20.265,0.99683,0.997,1.00,1.75
2016.10.11 03:33:20.316,0.99677,0.99696,1.00,1.12
2016.10.11 03:33:20.469,0.9968,0.99696,1.00,1.00
2016.10.11 03:33:20.519,0.9968,0.997,1.00,1.00
2016.10.11 03:33:21.399,0.99679,0.997,1.00,1.00
2016.10.11 03:33:21.957,0.99677,0.997,1.00,1.00
2016.10.11 03:33:22.519,0.99678,0.997,1.00,1.00
2016.10.11 03:33:22.792,0.99678,0.99697,1.00,1.00
2016.10.11 03:33:22.843,0.99676,0.99697,1.00,1.00
2016.10.11 03:33:22.893,0.99676,0.997,1.00,1.00
2016.10.11 03:33:23.095,0.99676,0.99696,1.00,1.00
2016.10.11 03:33:23.441,0.99674,0.99696,1.00,1.00
2016.10.11 03:33:23.961,0.99675,0.99696,1.00,1.00
2016.10.11 03:33:24.163,0.99675,0.99696,1.00,1.37
2016.10.11 03:33:24.265,0.99673,0.99696,1.00,1.75
2016.10.11 03:33:24.505,0.99671,0.99696,1.12,1.75
2016.10.11 03:33:24.556,0.99671,0.99696,1.50,1.75
2016.10.11 03:33:26.000,0.99671,0.99697,1.50,1.75
2016.10.11 03:33:26.062,0.99673,0.99697,1.00,1.75
2016.10.11 03:33:26.315,0.99673,0.99697,1.00,1.75
2016.10.11 03:33:26.366,0.99673,0.99697,1.00,1.37
2016.10.11 03:33:26.417,0.99673,0.99697,1.00,1.37
2016.10.11 03:33:26.467,0.99673,0.99697,1.00,1.12
2016.10.11 03:33:26.836,0.99673,0.99697,1.00,1.12
2016.10.11 03:33:27.122,0.99674,0.99697,1.00,1.12
2016.10.11 03:33:27.340,0.99676,0.99698,1.00,1.50
2016.10.11 03:33:27.442,0.99676,0.99698,1.00,1.50
2016.10.11 03:33:27.518,0.99676,0.99698,1.00,1.50
2016.10.11 03:33:27.619,0.99676,0.99701,1.00,2.62
2016.10.11 03:33:27.821,0.99676,0.99701,1.00,2.25
2016.10.11 03:33:27.872,0.99676,0.997,1.00,1.00
2016.10.11 03:33:28.617,0.99677,0.997,1.00,1.00
2016.10.11 03:33:30.012,0.99677,0.99704,1.37,2.62
2016.10.11 03:33:30.063,0.99682,0.99706,1.00,1.75
2016.10.11 03:33:30.113,0.99682,0.99703,1.00,1.50
2016.10.11 03:33:30.164,0.9968,0.99703,1.00,3.37
2016.10.11 03:33:30.363,0.99678,0.99703,1.00,1.75
2016.10.11 03:33:30.924,0.99679,0.99704,1.00,1.75
2016.10.11 03:33:31.224,0.99679,0.99704,1.00,1.75
2016.10.11 03:33:32.164,0.99679,0.99704,1.00,1.75
2016.10.11 03:33:32.214,0.99679,0.99701,1.00,1.50
2016.10.11 03:33:32.265,0.99677,0.99701,1.00,1.50
2016.10.11 03:33:32.316,0.99677,0.99703,1.00,3.75
2016.10.11 03:33:32.368,0.99677,0.99702,1.00,2.62
2016.10.11 03:33:32.419,0.99677,0.99699,1.00,1.75
2016.10.11 03:33:32.469,0.99674,0.99699,1.00,1.75
2016.10.11 03:33:32.672,0.99674,0.99699,1.00,1.75
2016.10.11 03:33:32.823,0.99674,0.99697,1.00,1.75
2016.10.11 03:33:33.077,0.99674,0.99694,1.00,1.00
2016.10.11 03:33:33.868,0.99675,0.99694,1.00,1.00
2016.10.11 03:33:35.465,0.99674,0.99694,1.00,1.00
2016.10.11 03:33:35.724,0.99674,0.99691,1.00,1.00
2016.10.11 03:33:36.190,0.99673,0.99694,1.00,1.00
2016.10.11 03:33:38.771,0.99674,0.99694,1.00,1.00
2016.10.11 03:33:42.166,0.99673,0.99694,1.00,1.00
2016.10.11 03:33:42.267,0.99671,0.99694,1.00,1.00
2016.10.11 03:33:42.810,0.9967,0.99694,1.00,1.00
2016.10.11 03:33:43.650,0.99671,0.99694,1.00,1.00
2016.10.11 03:33:43.852,0.99669,0.99694,2.25,1.00
2016.10.11 03:33:44.870,0.99669,0.99694,1.50,1.00
2016.10.11 03:33:45.174,0.99669,0.99692,1.50,1.00
2016.10.11 03:33:45.830,0.99669,0.99691,1.50,1.00
2016.10.11 03:33:46.190,0.99669,0.99692,1.00,1.00
2016.10.11 03:33:46.443,0.99669,0.99694,1.00,1.00
2016.10.11 03:33:46.494,0.99669,0.99694,1.00,1.00
2016.10.11 03:33:46.747,0.99669,0.99694,1.00,1.00
2016.10.11 03:33:47.248,0.9967,0.99694,1.00,1.00
2016.10.11 03:33:49.198,0.9967,0.99696,1.00,1.75
2016.10.11 03:33:49.300,0.9967,0.99693,1.00,1.00
2016.10.11 03:33:49.775,0.99674,0.99693,1.00,1.00
2016.10.11 03:33:49.928,0.99675,0.99695,1.00,1.37
2016.10.11 03:33:49.979,0.99675,0.99699,1.00,1.75
2016.10.11 03:33:54.158,0.99675,0.997,1.00,3.37
2016.10.11 03:33:54.259,0.99675,0.99699,1.00,1.87
2016.10.11 03:33:54.462,0.99675,0.99698,1.00,1.12
2016.10.11 03:33:54.563,0.99675,0.99699,1.00,1.87
2016.10.11 03:33:54.614,0.99675,0.99695,1.00,1.00
2016.10.11 03:33:54.664,0.99675,0.99695,1.00,1.00
2016.10.11 03:33:54.715,0.99675,0.99696,1.00,1.75
2016.10.11 03:33:55.368,0.99674,0.99696,1.00,1.75
2016.10.11 03:33:56.044,0.99674,0.99697,1.00,1.75
2016.10.11 03:33:56.095,0.9967,0.99691,1.37,1.00
2016.10.11 03:33:56.196,0.99664,0.99688,2.25,1.00
2016.10.11 03:33:56.247,0.99664,0.99688,1.87,1.37
2016.10.11 03:33:56.656,0.99663,0.99687,1.50,1.75
2016.10.11 03:33:57.040,0.99663,0.99687,1.00,1.75
2016.10.11 03:33:57.091,0.99661,0.9968,1.00,1.60
2016.10.11 03:33:57.142,0.99661,0.99671,1.00,1.00
2016.10.11 03:33:57.192,0.99654,0.99671,2.62,1.00
2016.10.11 03:33:57.243,0.99654,0.99675,1.00,1.00
2016.10.11 03:33:57.294,0.99648,0.9967,3.00,1.37
2016.10.11 03:33:57.474,0.99648,0.99671,2.25,1.37
2016.10.11 03:33:57.525,0.99644,0.99666,1.00,1.00
2016.10.11 03:33:57.626,0.99644,0.99666,2.10,1.00
2016.10.11 03:33:57.677,0.99654,0.99666,1.00,1.00
2016.10.11 03:33:57.728,0.99654,0.99676,1.00,1.75
2016.10.11 03:33:57.778,0.99647,0.99666,1.75,1.00
2016.10.11 03:33:57.829,0.99647,0.99666,3.37,1.00
2016.10.11 03:33:57.880,0.99647,0.99667,2.62,1.87
2016.10.11 03:33:58.079,0.99645,0.99658,2.25,1.00
2016.10.11 03:33:58.131,0.99634,0.99658,1.12,1.00
2016.10.11 03:33:58.234,0.99634,0.99656,1.00,1.50
2016.10.11 03:33:58.284,0.99632,0.99655,1.00,1.00
2016.10.11 03:33:58.376,0.99629,0.99656,1.00,4.87
2016.10.11 03:33:58.427,0.99629,0.99656,1.00,5.62
2016.10.11 03:33:58.478,0.99634,0.99651,1.00,1.12
2016.10.11 03:33:58.529,0.99634,0.99651,1.00,1.75
2016.10.11 03:33:58.580,0.99629,0.99651,1.00,1.75
2016.10.11 03:33:58.774,0.99633,0.99653,1.00,2.62
2016.10.11 03:33:58.824,0.99633,0.99659,1.00,1.75
2016.10.11 03:33:58.926,0.99634,0.99659,1.00,1.75
2016.10.11 03:33:59.130,0.99634,0.9966,1.00,1.75
2016.10.11 03:33:59.764,0.9964,0.99661,1.00,2.25
2016.10.11 03:33:59.827,0.99641,0.99666,1.00,2.25
2016.10.11 03:33:59.928,0.99641,0.99664,1.00,1.00
2016.10.11 03:34:00.131,0.99641,0.99661,1.00,1.00
2016.10.11 03:34:00.333,0.99641,0.99663,1.00,1.00
2016.10.11 03:34:00.434,0.99642,0.99664,1.00,1.75
2016.10.11 03:34:00.485,0.99646,0.99665,1.00,2.62
2016.10.11 03:34:00.732,0.99641,0.99664,1.00,1.75
2016.10.11 03:34:00.934,0.99642,0.99662,1.00,1.00
2016.10.11 03:34:01.086,0.99636,0.99662,1.50,1.00
2016.10.11 03:34:01.137,0.99636,0.99657,1.00,1.00
2016.10.11 03:34:01.238,0.99637,0.9966,1.00,1.75
2016.10.11 03:34:01.480,0.99639,0.9966,1.00,1.50
2016.10.11 03:34:01.531,0.99639,0.9966,1.00,1.50
2016.10.11 03:34:01.683,0.99639,0.99661,1.00,1.75
2016.10.11 03:34:01.733,0.99639,0.99661,1.00,1.75
2016.10.11 03:34:01.784,0.99643,0.99663,1.00,2.62
2016.10.11 03:34:01.835,0.99643,0.99665,1.00,1.75
2016.10.11 03:34:01.936,0.99643,0.99665,1.00,1.75
2016.10.11 03:34:01.986,0.99642,0.99662,1.00,1.00
2016.10.11 03:34:02.037,0.99642,0.99662,1.00,1.75
2016.10.11 03:34:02.538,0.99637,0.99661,1.00,1.75
2016.10.11 03:34:02.639,0.99637,0.9966,1.00,1.75
2016.10.11 03:34:02.690,0.99639,0.9966,1.00,1.75
2016.10.11 03:34:02.904,0.99639,0.9966,1.00,1.75
2016.10.11 03:34:03.005,0.99639,0.9966,1.00,1.75
2016.10.11 03:34:03.695,0.99636,0.99657,1.00,2.25
2016.10.11 03:34:03.747,0.99636,0.99657,1.00,4.12
2016.10.11 03:34:03.798,0.99636,0.99656,1.00,2.25
2016.10.11 03:34:03.849,0.99636,0.99656,1.00,2.25
2016.10.11 03:34:04.001,0.9963,0.99652,1.00,3.00
2016.10.11 03:34:04.052,0.9963,0.99652,1.00,3.37
2016.10.11 03:34:04.154,0.9963,0.99652,1.00,3.37
2016.10.11 03:34:04.204,0.99629,0.99648,1.00,1.00
2016.10.11 03:34:04.428,0.99629,0.99652,1.50,3.37
2016.10.11 03:34:04.479,0.99633,0.9965,1.00,1.00
2016.10.11 03:34:04.529,0.99633,0.9965,1.00,1.37
2016.10.11 03:34:04.580,0.99633,0.9965,1.00,1.75
2016.10.11 03:34:04.682,0.99633,0.99646,1.00,1.37
2016.10.11 03:34:04.732,0.99633,0.99644,1.00,1.00
2016.10.11 03:34:04.834,0.99633,0.99649,1.00,1.75
2016.10.11 03:34:05.298,0.99631,0.99649,1.00,1.75
2016.10.11 03:34:05.594,0.99632,0.99649,1.00,1.75
2016.10.11 03:34:06.102,0.99631,0.99649,1.00,1.75
2016.10.11 03:34:06.153,0.99631,0.99649,1.00,1.75
2016.10.11 03:34:06.255,0.9963,0.99649,1.00,1.75
2016.10.11 03:34:06.305,0.9963,0.99648,1.00,2.62
2016.10.11 03:34:06.573,0.99626,0.99648,1.00,2.62
2016.10.11 03:34:06.640,0.99626,0.99648,1.00,2.62
2016.10.11 03:34:07.116,0.99626,0.99648,1.00,2.62
2016.10.11 03:34:07.217,0.99626,0.99649,1.00,2.62
2016.10.11 03:34:07.268,0.99626,0.99644,1.00,1.00
2016.10.11 03:34:07.319,0.99626,0.99645,1.00,1.75
2016.10.11 03:34:07.521,0.99626,0.99642,1.00,1.00
2016.10.11 03:34:07.756,0.99626,0.99646,1.00,1.75
2016.10.11 03:34:07.857,0.99626,0.99646,1.00,1.75
2016.10.11 03:34:07.908,0.99626,0.99644,1.00,1.00
2016.10.11 03:34:08.413,0.99625,0.99644,1.00,1.00
2016.10.11 03:34:08.876,0.99625,0.99648,1.00,1.75
2016.10.11 03:34:09.496,0.99627,0.99648,1.00,1.75
2016.10.11 03:34:09.587,0.99627,0.99649,1.00,3.37
2016.10.11 03:34:09.638,0.99627,0.99648,1.00,2.62
2016.10.11 03:34:09.689,0.99627,0.99648,1.00,3.37
2016.10.11 03:34:09.790,0.99627,0.99648,1.00,2.62
2016.10.11 03:34:09.841,0.99627,0.99648,1.00,2.62
2016.10.11 03:34:10.039,0.99627,0.99647,1.00,1.00
2016.10.11 03:34:10.140,0.99629,0.99647,1.00,1.00
2016.10.11 03:34:10.191,0.99629,0.99651,1.00,1.75
2016.10.11 03:34:10.412,0.99629,0.99651,1.00,3.37
2016.10.11 03:34:10.513,0.99629,0.9965,1.00,1.75
2016.10.11 03:34:10.564,0.99628,0.9965,1.00,1.75
2016.10.11 03:34:10.614,0.99628,0.99651,1.00,3.37
2016.10.11 03:34:11.125,0.99635,0.99657,1.00,1.12
2016.10.11 03:34:11.177,0.99635,0.99661,1.00,1.75
2016.10.11 03:34:11.731,0.99635,0.9966,1.00,1.75
2016.10.11 03:34:12.377,0.99634,0.9966,1.12,1.75
2016.10.11 03:34:12.579,0.99636,0.9966,1.00,1.75
2016.10.11 03:34:12.953,0.99635,0.99659,1.00,1.50
2016.10.11 03:34:13.054,0.99635,0.99661,1.00,2.25
2016.10.11 03:34:13.247,0.99635,0.99656,1.00,1.00
2016.10.11 03:34:13.297,0.99633,0.99656,1.37,1.00
2016.10.11 03:34:13.348,0.99633,0.99657,1.00,3.75
2016.10.11 03:34:13.399,0.99633,0.99655,1.00,1.50
2016.10.11 03:34:13.450,0.99633,0.99655,1.00,2.25
2016.10.11 03:34:13.501,0.99632,0.99654,1.00,1.75
2016.10.11 03:34:13.551,0.99629,0.99654,1.87,2.25
2016.10.11 03:34:13.766,0.99631,0.99654,1.00,2.25
2016.10.11 03:34:14.271,0.99633,0.99654,1.00,2.25
2016.10.11 03:34:14.325,0.99633,0.99654,1.50,2.25
2016.10.11 03:34:14.795,0.99634,0.99654,1.00,2.25
2016.10.11 03:34:14.846,0.99634,0.99654,1.00,1.75
2016.10.11 03:34:14.947,0.99634,0.99651,1.00,1.00
2016.10.11 03:34:15.048,0.99633,0.99655,1.00,1.75
2016.10.11 03:34:15.098,0.99631,0.99655,1.00,1.75
2016.10.11 03:34:15.235,0.9963,0.99651,1.00,1.00
2016.10.11 03:34:15.286,0.99625,0.9965,1.75,1.00
2016.10.11 03:34:15.336,0.99624,0.9965,1.87,1.37
2016.10.11 03:34:15.387,0.99624,0.99648,1.00,1.00
2016.10.11 03:34:15.438,0.99624,0.99648,1.00,1.50
2016.10.11 03:34:15.866,0.99626,0.99645,1.00,1.00
2016.10.11 03:34:16.573,0.99624,0.99645,1.00,1.00
2016.10.11 03:34:16.624,0.99626,0.99645,1.00,1.00
2016.10.11 03:34:17.131,0.99627,0.99645,1.00,1.00
2016.10.11 03:34:17.494,0.99625,0.99645,1.00,1.00
2016.10.11 03:34:17.596,0.99622,0.99645,1.00,1.00
2016.10.11 03:34:17.647,0.99622,0.99644,1.00,1.37
2016.10.11 03:34:17.698,0.99621,0.99642,1.00,1.00
2016.10.11 03:34:17.748,0.99621,0.99642,1.00,1.00
2016.10.11 03:34:17.850,0.99621,0.99645,1.00,3.37
2016.10.11 03:34:17.952,0.99621,0.99644,1.00,1.75
2016.10.11 03:34:18.053,0.9962,0.99645,1.00,3.37
2016.10.11 03:34:18.227,0.9962,0.99644,1.00,1.75
2016.10.11 03:34:18.626,0.99624,0.99644,1.00,1.75
2016.10.11 03:34:19.000,0.99627,0.99647,1.00,2.62
2016.10.11 03:34:19.051,0.99628,0.9965,1.00,2.62
2016.10.11 03:34:19.102,0.99625,0.9965,1.00,2.62
2016.10.11 03:34:19.152,0.99625,0.99651,1.12,2.62
2016.10.11 03:34:19.204,0.99626,0.99651,1.00,2.25
2016.10.11 03:34:19.254,0.99626,0.99645,1.50,1.37
2016.10.11 03:34:19.305,0.99635,0.99645,1.00,1.75
2016.10.11 03:34:19.356,0.99635,0.99648,1.00,2.62
2016.10.11 03:34:19.407,0.99631,0.99651,1.00,1.75
2016.10.11 03:34:19.458,0.99631,0.99651,1.00,1.75
2016.10.11 03:34:19.674,0.9963,0.99651,1.00,1.75
2016.10.11 03:34:19.725,0.99626,0.99649,1.00,1.75
2016.10.11 03:34:19.826,0.99626,0.9965,1.00,1.75
2016.10.11 03:34:19.877,0.99626,0.9965,1.00,1.75
2016.10.11 03:34:20.231,0.99626,0.99649,1.00,1.75
2016.10.11 03:34:20.281,0.99626,0.99649,1.00,1.50
2016.10.11 03:34:20.383,0.99626,0.99649,1.00,1.75
2016.10.11 03:34:20.726,0.99624,0.99644,1.00,1.00
2016.10.11 03:34:20.797,0.99624,0.99644,1.00,1.75
2016.10.11 03:34:20.898,0.9962,0.99644,1.00,1.75
2016.10.11 03:34:20.949,0.9962,0.9964,1.00,1.37
2016.10.11 03:34:20.999,0.99619,0.99638,1.00,1.00
2016.10.11 03:34:21.050,0.99619,0.99639,1.00,2.62
2016.10.11 03:34:21.151,0.99619,0.99636,1.00,1.00
2016.10.11 03:34:21.202,0.99619,0.9964,1.00,1.75
2016.10.11 03:34:21.303,0.99619,0.9964,1.50,1.75
2016.10.11 03:34:21.750,0.99619,0.9964,1.00,1.75
2016.10.11 03:34:21.981,0.99619,0.9964,1.50,1.75
2016.10.11 03:34:22.032,0.99619,0.99641,1.50,3.37
2016.10.11 03:34:22.083,0.99619,0.99641,1.50,3.37
2016.10.11 03:34:22.184,0.99619,0.99641,1.00,3.37
2016.10.11 03:34:22.286,0.99619,0.99641,1.00,1.75
2016.10.11 03:34:22.336,0.99617,0.9964,1.00,1.75
2016.10.11 03:34:22.438,0.99622,0.9964,1.00,1.75
2016.10.11 03:34:22.488,0.99624,0.9964,1.00,1.75
2016.10.11 03:34:22.539,0.99624,0.99643,1.00,2.62
2016.10.11 03:34:22.962,0.99623,0.99647,1.50,3.37
2016.10.11 03:34:23.012,0.99626,0.99647,1.00,3.37
2016.10.11 03:34:23.063,0.99626,0.99643,1.00,1.00
2016.10.11 03:34:23.114,0.99626,0.99647,1.00,1.75
2016.10.11 03:34:23.267,0.99627,0.99646,1.00,1.75
2016.10.11 03:34:23.369,0.99627,0.99646,1.00,1.75
2016.10.11 03:34:23.534,0.99628,0.99648,1.00,1.75
2016.10.11 03:34:23.768,0.99629,0.99649,1.00,1.75
2016.10.11 03:34:23.870,0.99627,0.99648,1.00,1.75
2016.10.11 03:34:24.111,0.99628,0.99649,1.00,1.75
2016.10.11 03:34:24.213,0.99629,0.99652,1.00,1.75
2016.10.11 03:34:24.264,0.99629,0.99653,1.00,3.37
2016.10.11 03:34:24.315,0.99629,0.99649,1.00,1.00
2016.10.11 03:34:25.067,0.99629,0.99653,1.00,5.25
2016.10.11 03:34:25.118,0.99629,0.99648,1.00,1.00
2016.10.11 03:34:25.830,0.99629,0.9965,1.00,1.00
2016.10.11 03:34:28.209,0.9963,0.9965,1.00,1.00
2016.10.11 03:34:29.491,0.9963,0.99656,1.00,1.75
2016.10.11 03:34:29.997,0.99632,0.99656,1.00,1.75
2016.10.11 03:34:30.713,0.99632,0.99655,1.00,1.75
2016.10.11 03:34:32.944,0.99632,0.99656,1.00,1.75
2016.10.11 03:34:33.481,0.99632,0.99655,1.00,1.75
2016.10.11 03:34:34.647,0.99632,0.99656,1.00,1.75
2016.10.11 03:34:35.134,0.99632,0.99656,1.00,1.75
2016.10.11 03:34:35.537,0.99632,0.99656,1.00,1.75
2016.10.11 03:34:36.322,0.99634,0.99656,1.00,1.75
2016.10.11 03:34:36.475,0.99634,0.99658,1.00,2.62
2016.10.11 03:34:36.525,0.99644,0.9966,1.00,3.37
2016.10.11 03:34:36.576,0.99644,0.99662,1.00,2.62
2016.10.11 03:34:36.627,0.99645,0.99666,1.00,1.75
2016.10.11 03:34:36.677,0.99645,0.99669,1.00,2.62
2016.10.11 03:34:36.728,0.99646,0.99669,1.00,1.00
2016.10.11 03:34:37.289,0.99646,0.99671,1.12,1.75
2016.10.11 03:34:37.340,0.99646,0.99671,1.12,1.50
2016.10.11 03:34:37.441,0.99648,0.99671,1.00,1.50
2016.10.11 03:34:37.743,0.99648,0.99671,1.00,2.25
2016.10.11 03:34:38.607,0.99648,0.99671,1.00,2.25
2016.10.11 03:34:39.348,0.99648,0.99671,1.00,2.25
2016.10.11 03:34:39.455,0.99648,0.99671,1.00,1.75
2016.10.11 03:34:39.505,0.99648,0.99671,1.00,1.75
2016.10.11 03:34:39.699,0.99648,0.99671,1.00,2.25
2016.10.11 03:34:39.895,0.99648,0.99671,1.00,2.25
2016.10.11 03:34:41.636,0.99645,0.99672,1.00,2.25
2016.10.11 03:34:41.801,0.99645,0.99671,1.00,1.75
2016.10.11 03:34:42.212,0.99648,0.99671,1.00,1.75
2016.10.11 03:34:42.313,0.99647,0.99671,1.00,1.75
2016.10.11 03:34:42.364,0.99647,0.99671,1.00,2.25
2016.10.11 03:34:42.414,0.99647,0.99671,1.00,1.75
2016.10.11 03:34:42.709,0.99647,0.99671,1.00,2.25
2016.10.11 03:34:43.284,0.99647,0.99671,1.00,1.75
2016.10.11 03:34:46.580,0.99647,0.9967,1.00,2.62
2016.10.11 03:34:46.631,0.99647,0.99669,1.00,1.75
2016.10.11 03:34:46.912,0.99647,0.99669,1.00,1.75
2016.10.11 03:34:47.014,0.99647,0.99668,1.00,1.75
2016.10.11 03:34:47.220,0.99648,0.99668,1.00,1.75
2016.10.11 03:34:47.272,0.99648,0.99669,1.00,1.75
2016.10.11 03:34:47.324,0.99646,0.99669,1.00,1.75
2016.10.11 03:34:47.426,0.99647,0.99669,1.00,1.75
2016.10.11 03:34:47.528,0.99647,0.99669,1.00,1.75
2016.10.11 03:34:47.760,0.99643,0.99669,1.87,2.25
2016.10.11 03:34:47.811,0.99643,0.99663,1.00,1.75
2016.10.11 03:34:47.915,0.99641,0.99663,1.00,1.75
2016.10.11 03:34:48.017,0.99642,0.99658,1.00,1.00
2016.10.11 03:34:48.121,0.9964,0.99658,1.00,1.00
2016.10.11 03:34:48.223,0.9964,0.99661,1.00,3.37
2016.10.11 03:34:48.274,0.9964,0.99661,1.00,2.62
2016.10.11 03:34:48.570,0.99639,0.99661,1.00,1.75
2016.10.11 03:34:48.622,0.99642,0.99661,1.00,1.75
2016.10.11 03:34:48.726,0.99639,0.99658,1.50,1.00
2016.10.11 03:34:48.879,0.99639,0.99658,1.50,1.50
2016.10.11 03:34:48.930,0.9964,0.99658,1.00,1.75
2016.10.11 03:34:49.032,0.9964,0.99658,1.00,1.50
2016.10.11 03:34:49.476,0.9964,0.99656,1.00,1.00
2016.10.11 03:34:49.628,0.99638,0.99656,1.50,1.00
2016.10.11 03:34:49.729,0.99637,0.99656,1.00,1.00
2016.10.11 03:34:50.272,0.99638,0.99656,1.00,1.00
2016.10.11 03:34:50.780,0.99639,0.99656,1.00,1.00
2016.10.11 03:34:51.236,0.99638,0.99656,1.50,1.00
2016.10.11 03:34:51.443,0.99639,0.99656,1.00,1.00
2016.10.11 03:34:51.646,0.99637,0.99656,1.00,1.00
2016.10.11 03:34:51.898,0.99637,0.9966,1.00,1.75
2016.10.11 03:34:51.949,0.99636,0.99658,1.00,1.00
2016.10.11 03:34:52.308,0.99636,0.9966,1.00,1.75
2016.10.11 03:34:52.359,0.99636,0.99658,1.00,1.00
2016.10.11 03:34:52.410,0.99636,0.99661,1.00,1.75
2016.10.11 03:34:52.460,0.99636,0.99659,1.00,1.00
2016.10.11 03:34:52.561,0.99636,0.99659,1.00,1.00
2016.10.11 03:34:52.829,0.99636,0.9966,1.00,1.75
2016.10.11 03:34:53.060,0.99634,0.9966,1.00,1.75
2016.10.11 03:34:53.740,0.99634,0.9966,1.50,1.75
2016.10.11 03:34:53.791,0.99632,0.9966,1.50,1.87
2016.10.11 03:34:53.842,0.99631,0.9966,1.75,1.87
2016.10.11 03:34:53.892,0.99631,0.99657,1.75,1.50
2016.10.11 03:34:53.943,0.99629,0.99657,1.12,1.75
2016.10.11 03:34:55.483,0.99629,0.99656,1.12,1.75
2016.10.11 03:34:55.534,0.99629,0.99656,1.87,1.75
2016.10.11 03:34:55.943,0.99629,0.99652,1.87,1.00
2016.10.11 03:34:56.019,0.99629,0.99655,1.00,1.75
2016.10.11 03:34:56.406,0.99629,0.99656,1.00,2.62
2016.10.11 03:34:56.457,0.99637,0.99661,1.00,2.62
2016.10.11 03:34:56.508,0.99637,0.99662,1.00,3.37
2016.10.11 03:34:56.559,0.99638,0.99662,1.00,1.75
2016.10.11 03:34:56.660,0.99638,0.99662,1.00,1.75
2016.10.11 03:34:56.913,0.99637,0.99662,1.12,1.50
2016.10.11 03:34:56.963,0.99637,0.99662,1.50,1.50
2016.10.11 03:34:57.228,0.99637,0.99661,1.50,1.00
2016.10.11 03:34:57.824,0.99637,0.99662,1.50,1.50
2016.10.11 03:34:58.434,0.99638,0.99662,1.00,1.50
2016.10.11 03:34:58.539,0.99639,0.99662,1.00,1.00
2016.10.11 03:34:58.755,0.99638,0.99662,1.00,1.50
2016.10.11 03:34:58.856,0.99638,0.99662,1.00,1.00
2016.10.11 03:34:59.358,0.99639,0.99662,1.00,1.00
2016.10.11 03:35:00.129,0.9964,0.99662,1.00,1.00
2016.10.11 03:35:00.231,0.99638,0.99666,1.87,1.75
2016.10.11 03:35:00.281,0.99639,0.99664,1.00,1.00
2016.10.11 03:35:00.669,0.99638,0.99664,1.87,1.37
2016.10.11 03:35:00.720,0.99639,0.99664,1.00,1.12
2016.10.11 03:35:00.792,0.99639,0.99664,1.00,1.12
2016.10.11 03:35:00.842,0.99639,0.99661,1.00,1.00
2016.10.11 03:35:01.112,0.99639,0.99663,1.00,1.12
2016.10.11 03:35:01.430,0.99635,0.99661,1.75,1.12
2016.10.11 03:35:01.480,0.99635,0.99661,1.50,1.50
2016.10.11 03:35:01.531,0.99637,0.99661,1.00,1.75
2016.10.11 03:35:01.733,0.99638,0.99665,1.00,3.00
2016.10.11 03:35:01.885,0.99638,0.99665,1.00,3.00
2016.10.11 03:35:02.321,0.99638,0.99665,1.12,1.12
2016.10.11 03:35:02.372,0.99638,0.99665,1.12,1.12
2016.10.11 03:35:02.477,0.99637,0.99665,1.37,1.12
2016.10.11 03:35:02.600,0.99637,0.99665,1.37,1.12
2016.10.11 03:35:02.651,0.99637,0.99665,1.37,1.87
2016.10.11 03:35:02.892,0.99639,0.99665,1.00,1.87
2016.10.11 03:35:02.943,0.99639,0.99665,1.00,1.75
2016.10.11 03:35:02.993,0.99639,0.99665,1.00,1.75
2016.10.11 03:35:04.135,0.99639,0.99665,1.50,1.75
2016.10.11 03:35:05.087,0.99639,0.99665,1.50,1.75
2016.10.11 03:35:06.618,0.99639,0.99666,1.50,3.37
2016.10.11 03:35:07.070,0.99639,0.99665,1.75,1.75
2016.10.11 03:35:07.690,0.99639,0.99665,1.75,1.75
2016.10.11 03:35:07.896,0.99639,0.99665,1.75,1.75
2016.10.11 03:35:08.098,0.99639,0.99665,1.75,1.75
2016.10.11 03:35:08.683,0.99639,0.99663,1.87,1.00
2016.10.11 03:35:08.784,0.99638,0.99665,1.50,1.75
2016.10.11 03:35:08.886,0.9964,0.99665,1.00,1.75
2016.10.11 03:35:09.029,0.9964,0.99665,1.00,1.87
2016.10.11 03:35:09.117,0.99638,0.99665,1.50,1.87
2016.10.11 03:35:09.168,0.99638,0.99666,1.50,2.62
2016.10.11 03:35:09.269,0.99638,0.99665,1.50,1.87
2016.10.11 03:35:11.608,0.99638,0.99665,1.50,1.87
2016.10.11 03:35:12.065,0.99638,0.99662,1.37,1.00
2016.10.11 03:35:12.115,0.99638,0.99662,1.37,1.00
2016.10.11 03:35:12.166,0.99637,0.99664,1.37,1.87
2016.10.11 03:35:12.267,0.99635,0.9966,1.37,1.12
2016.10.11 03:35:12.318,0.99635,0.9966,1.37,1.12
2016.10.11 03:35:12.368,0.99637,0.99661,1.00,1.75
2016.10.11 03:35:12.419,0.99637,0.99661,1.00,1.75
2016.10.11 03:35:12.690,0.99637,0.99664,1.00,3.37
2016.10.11 03:35:12.741,0.99637,0.99664,1.00,2.62
2016.10.11 03:35:12.830,0.99637,0.99665,1.50,3.37
2016.10.11 03:35:12.881,0.99638,0.99662,1.50,1.00
2016.10.11 03:35:12.982,0.9964,0.99667,1.00,2.62
2016.10.11 03:35:13.083,0.9964,0.99668,1.12,3.75
2016.10.11 03:35:14.267,0.99639,0.99668,1.50,3.75
2016.10.11 03:35:14.470,0.99641,0.99668,1.00,3.75
2016.10.11 03:35:15.241,0.99641,0.99666,1.00,1.12
2016.10.11 03:35:15.292,0.99639,0.99666,2.25,1.12
2016.10.11 03:35:15.393,0.99639,0.99667,2.25,1.12
2016.10.11 03:35:15.494,0.99639,0.99666,2.25,1.12
2016.10.11 03:35:15.550,0.99639,0.99666,2.25,1.87
2016.10.11 03:35:15.601,0.99639,0.99666,1.87,1.87
2016.10.11 03:35:15.702,0.99639,0.99666,1.50,1.87
2016.10.11 03:35:16.170,0.99639,0.99666,1.00,1.75
2016.10.11 03:35:16.242,0.99639,0.99665,1.00,1.12
2016.10.11 03:35:16.293,0.99639,0.99665,1.50,1.37
2016.10.11 03:35:16.394,0.99639,0.99665,1.12,1.37
2016.10.11 03:35:16.445,0.99639,0.99663,1.12,1.12
2016.10.11 03:35:16.496,0.99636,0.99663,1.50,1.50
2016.10.11 03:35:16.551,0.99635,0.99663,1.75,1.50
2016.10.11 03:35:16.602,0.99636,0.99661,1.00,1.00
2016.10.11 03:35:16.703,0.99635,0.99662,1.37,1.75
2016.10.11 03:35:16.754,0.99635,0.99661,1.37,1.50
2016.10.11 03:35:16.804,0.99635,0.99661,1.00,1.75
2016.10.11 03:35:17.028,0.99635,0.99661,1.00,1.75
2016.10.11 03:35:17.379,0.99637,0.99661,1.00,1.75
2016.10.11 03:35:17.852,0.99635,0.99661,1.00,1.75
2016.10.11 03:35:18.096,0.99635,0.99661,1.00,1.75
2016.10.11 03:35:18.979,0.99639,0.99661,1.00,1.50
2016.10.11 03:35:19.687,0.99637,0.99661,1.00,1.50
2016.10.11 03:35:20.156,0.99639,0.99661,1.00,1.00
2016.10.11 03:35:21.659,0.99637,0.99661,1.00,1.50
2016.10.11 03:35:22.166,0.99637,0.99661,1.00,1.00
2016.10.11 03:35:22.307,0.99639,0.99662,1.00,1.00
2016.10.11 03:35:22.950,0.99638,0.99661,1.00,1.75
2016.10.11 03:35:23.265,0.99636,0.99663,1.12,1.12
2016.10.11 03:35:23.316,0.99636,0.99663,1.50,3.22
2016.10.11 03:35:23.367,0.99634,0.99662,1.75,2.62
2016.10.11 03:35:23.418,0.99635,0.9966,1.00,1.72
2016.10.11 03:35:23.469,0.99635,0.99659,1.00,1.60
2016.10.11 03:35:23.520,0.9963,0.99659,1.12,2.10
2016.10.11 03:35:23.570,0.9963,0.99658,1.12,1.87
2016.10.11 03:35:23.672,0.9963,0.99659,1.12,2.47
2016.10.11 03:35:23.723,0.9963,0.99657,1.00,2.62
2016.10.11 03:35:23.824,0.9963,0.99659,1.12,3.37
2016.10.11 03:35:24.059,0.99631,0.99659,1.00,3.37
2016.10.11 03:35:24.112,0.99633,0.99659,1.00,3.37
2016.10.11 03:35:24.214,0.99633,0.99658,1.00,1.75
2016.10.11 03:35:24.664,0.99633,0.99659,1.00,3.37
2016.10.11 03:35:25.367,0.99632,0.99659,1.00,3.37
2016.10.11 03:35:25.482,0.99632,0.99658,1.00,1.87
2016.10.11 03:35:25.843,0.99632,0.99658,1.00,1.75
2016.10.11 03:35:26.190,0.99632,0.99655,1.00,2.25
2016.10.11 03:35:26.241,0.99632,0.99655,1.00,2.62
2016.10.11 03:35:26.292,0.9963,0.99651,1.00,1.00
2016.10.11 03:35:26.342,0.9963,0.99653,1.00,1.87
2016.10.11 03:35:26.393,0.99626,0.9965,1.37,2.25
2016.10.11 03:35:26.444,0.99626,0.9965,1.00,2.62
2016.10.11 03:35:26.674,0.99624,0.9965,1.50,3.37
2016.10.11 03:35:26.725,0.99624,0.9965,1.50,1.75
2016.10.11 03:35:27.203,0.99625,0.99649,1.00,1.75
2016.10.11 03:35:27.704,0.99626,0.99649,1.00,1.75
2016.10.11 03:35:29.606,0.99626,0.99649,1.00,1.75
2016.10.11 03:35:29.707,0.99625,0.99649,1.00,1.87
2016.10.11 03:35:29.808,0.99623,0.99649,1.12,1.12
2016.10.11 03:35:29.910,0.99623,0.99649,1.00,3.00
2016.10.11 03:35:30.112,0.99621,0.99646,1.12,1.12
2016.10.11 03:35:30.213,0.99615,0.99644,2.25,1.12
2016.10.11 03:35:30.634,0.99618,0.99647,1.75,1.37
2016.10.11 03:35:30.685,0.99624,0.99647,1.00,1.37
2016.10.11 03:35:30.787,0.99623,0.9965,1.00,1.75
2016.10.11 03:35:30.889,0.99623,0.99651,1.00,2.62
2016.10.11 03:35:30.939,0.99623,0.99652,1.75,3.75
2016.10.11 03:35:31.343,0.99623,0.99652,1.75,3.75
2016.10.11 03:35:31.394,0.99623,0.9965,1.75,1.12
2016.10.11 03:35:32.226,0.99623,0.9965,1.75,1.12
2016.10.11 03:35:32.328,0.99622,0.99649,1.00,1.12
2016.10.11 03:35:32.877,0.9962,0.9965,2.25,1.12
2016.10.11 03:35:33.121,0.99631,0.99654,1.00,1.50
2016.10.11 03:35:33.535,0.99629,0.99654,1.12,1.37
2016.10.11 03:35:33.587,0.99629,0.99655,1.50,1.12
2016.10.11 03:35:33.638,0.99629,0.99654,1.00,1.12
2016.10.11 03:35:33.689,0.99629,0.99653,1.00,1.87
2016.10.11 03:35:33.739,0.99629,0.99653,1.00,1.87
2016.10.11 03:35:33.790,0.99629,0.99653,1.00,1.12
2016.10.11 03:35:33.891,0.99629,0.99652,1.00,1.50
2016.10.11 03:35:34.015,0.99629,0.99652,1.00,1.50
2016.10.11 03:35:34.301,0.99626,0.99654,1.12,1.12
2016.10.11 03:35:34.352,0.99626,0.99654,1.75,1.12
2016.10.11 03:35:34.504,0.99628,0.99655,1.50,1.12
2016.10.11 03:35:34.605,0.99628,0.99653,1.50,1.37
2016.10.11 03:35:35.081,0.9963,0.99653,1.00,1.37
2016.10.11 03:35:35.132,0.9963,0.99656,1.00,2.25
2016.10.11 03:35:35.409,0.99632,0.99656,1.00,2.62
2016.10.11 03:35:35.520,0.99632,0.99656,1.00,2.62
2016.10.11 03:35:35.837,0.99632,0.99656,1.00,2.62
2016.10.11 03:35:35.888,0.99632,0.99656,1.00,1.75
2016.10.11 03:35:36.087,0.99632,0.99656,1.00,1.87
2016.10.11 03:35:36.138,0.99632,0.99656,1.00,1.87
2016.10.11 03:35:36.520,0.99629,0.99656,1.12,1.75
2016.10.11 03:35:36.571,0.99629,0.99656,1.50,1.50
2016.10.11 03:35:36.622,0.99632,0.99656,1.00,1.50
2016.10.11 03:35:36.723,0.99632,0.99656,1.00,1.50
2016.10.11 03:35:36.824,0.99634,0.99656,1.00,1.50
2016.10.11 03:35:36.926,0.99634,0.99656,1.00,1.50
2016.10.11 03:35:37.424,0.99634,0.99656,1.00,1.50
2016.10.11 03:35:38.125,0.99634,0.99656,1.00,1.50
2016.10.11 03:35:38.226,0.99632,0.99654,1.00,1.00
2016.10.11 03:35:38.277,0.99632,0.99656,1.00,1.75
2016.10.11 03:35:38.327,0.99632,0.99656,1.00,1.75
2016.10.11 03:35:38.429,0.99632,0.99656,1.00,1.75
2016.10.11 03:35:38.527,0.99632,0.99656,1.00,1.75
2016.10.11 03:35:38.628,0.99632,0.99656,1.00,1.75
2016.10.11 03:35:38.918,0.9963,0.99656,1.00,1.75
2016.10.11 03:35:39.025,0.9963,0.99656,1.12,1.75
2016.10.11 03:35:39.076,0.9963,0.99656,1.50,1.75
2016.10.11 03:35:39.127,0.99632,0.99656,1.00,1.75
2016.10.11 03:35:39.929,0.99632,0.99656,1.00,1.75
2016.10.11 03:35:40.264,0.99619,0.99642,1.00,1.00
2016.10.11 03:35:40.365,0.99619,0.99643,1.00,3.37
2016.10.11 03:35:40.467,0.99618,0.99643,1.00,3.37
2016.10.11 03:35:40.929,0.9962,0.99643,1.37,1.00
2016.10.11 03:35:41.007,0.99621,0.99648,1.12,1.75
2016.10.11 03:35:41.058,0.99621,0.99648,1.12,1.75
2016.10.11 03:35:41.108,0.99622,0.99648,1.00,1.75
2016.10.11 03:35:41.391,0.99624,0.99651,1.12,3.75
2016.10.11 03:35:41.442,0.99624,0.9965,1.00,2.62
2016.10.11 03:35:41.493,0.99622,0.9965,1.12,2.62
2016.10.11 03:35:41.605,0.99622,0.9965,1.12,3.37
2016.10.11 03:35:41.656,0.99622,0.9965,1.12,3.37
2016.10.11 03:35:41.807,0.99622,0.9965,1.12,3.75
2016.10.11 03:35:41.908,0.99624,0.9965,1.00,3.75
2016.10.11 03:35:42.010,0.99625,0.9965,1.00,3.37
2016.10.11 03:35:42.111,0.99625,0.9965,1.00,2.62
2016.10.11 03:35:42.610,0.99623,0.99649,1.00,1.12
2016.10.11 03:35:42.711,0.99622,0.99649,1.12,1.12
2016.10.11 03:35:42.762,0.99622,0.99649,1.50,1.37
2016.10.11 03:35:42.812,0.99624,0.99651,1.12,1.75
2016.10.11 03:35:42.913,0.99626,0.9965,1.00,1.75
2016.10.11 03:35:42.964,0.99626,0.99649,1.00,1.00
2016.10.11 03:35:43.065,0.99626,0.99651,1.00,3.37
2016.10.11 03:35:43.116,0.99626,0.9965,1.00,1.87
2016.10.11 03:35:43.217,0.99624,0.99651,1.00,3.37
2016.10.11 03:35:43.318,0.99624,0.99649,1.00,1.12
2016.10.11 03:35:43.419,0.99623,0.99649,1.87,1.12
2016.10.11 03:35:43.725,0.99623,0.99649,1.12,1.12
2016.10.11 03:35:43.911,0.99622,0.99649,1.37,1.12
2016.10.11 03:35:44.120,0.99621,0.99649,1.50,1.12
2016.10.11 03:35:44.221,0.99621,0.99651,1.50,3.75
2016.10.11 03:35:44.406,0.99621,0.99649,1.50,1.12
2016.10.11 03:35:44.513,0.99622,0.9965,1.37,1.12
2016.10.11 03:35:44.885,0.99621,0.9965,1.50,1.12
2016.10.11 03:35:45.268,0.99621,0.9965,1.50,1.12
2016.10.11 03:35:45.319,0.99623,0.9965,1.12,1.12
2016.10.11 03:35:45.559,0.99623,0.99649,1.12,1.12
2016.10.11 03:35:45.661,0.99623,0.99649,1.12,1.12
2016.10.11 03:35:46.341,0.99623,0.99649,1.12,1.12
2016.10.11 03:35:47.929,0.99625,0.99649,1.00,1.12
2016.10.11 03:35:47.980,0.99625,0.99648,1.00,1.00
2016.10.11 03:35:48.031,0.99624,0.99648,1.50,1.00
2016.10.11 03:35:48.183,0.99624,0.99646,1.50,1.00
2016.10.11 03:35:48.233,0.99625,0.99646,1.00,1.00
2016.10.11 03:35:48.385,0.99625,0.9965,1.00,1.75
2016.10.11 03:35:48.575,0.99625,0.9965,1.50,1.50
2016.10.11 03:35:48.626,0.99625,0.9965,1.50,1.00
2016.10.11 03:35:48.727,0.99626,0.9965,1.00,1.00
2016.10.11 03:35:49.077,0.99627,0.9965,1.00,1.00
2016.10.11 03:35:49.280,0.99627,0.9965,1.00,1.00
2016.10.11 03:35:49.447,0.99627,0.9965,1.00,1.00
2016.10.11 03:35:50.330,0.99626,0.9965,1.00,1.00
2016.10.11 03:35:51.936,0.99625,0.9965,1.50,1.00
2016.10.11 03:35:52.991,0.99625,0.9965,1.50,1.00
2016.10.11 03:35:53.042,0.99628,0.9965,1.00,1.00
2016.10.11 03:35:53.150,0.99628,0.99653,1.00,1.75
2016.10.11 03:35:53.200,0.99628,0.99653,1.87,1.75
2016.10.11 03:35:53.254,0.99628,0.99653,1.87,1.75
2016.10.11 03:35:53.439,0.99628,0.99653,1.12,1.75
2016.10.11 03:35:53.490,0.99628,0.99649,1.00,1.00
2016.10.11 03:35:53.541,0.99625,0.99649,1.00,1.00
2016.10.11 03:35:53.845,0.99625,0.99649,1.00,1.00
2016.10.11 03:35:55.900,0.99625,0.99654,1.50,3.37
2016.10.11 03:35:55.953,0.99625,0.99654,1.37,3.37
2016.10.11 03:35:56.004,0.99625,0.99654,1.00,3.37
2016.10.11 03:35:56.568,0.99626,0.99654,1.00,3.37
2016.10.11 03:35:56.672,0.99626,0.99653,1.00,1.75
2016.10.11 03:35:58.800,0.99627,0.99653,1.00,1.75
2016.10.11 03:35:58.851,0.99627,0.99654,1.00,2.62
2016.10.11 03:35:58.901,0.99628,0.99656,1.50,1.00
2016.10.11 03:35:59.082,0.99634,0.99656,3.37,1.00
2016.10.11 03:35:59.133,0.99635,0.99662,1.75,1.00
2016.10.11 03:35:59.456,0.99635,0.99666,1.75,1.35
2016.10.11 03:35:59.506,0.99635,0.99667,1.75,3.60
2016.10.11 03:35:59.765,0.99635,0.99666,1.75,1.35
2016.10.11 03:35:59.901,0.99636,0.99666,1.50,1.35
2016.10.11 03:36:00.107,0.99636,0.99667,1.50,2.85
2016.10.11 03:36:00.157,0.99636,0.99667,1.50,3.22
2016.10.11 03:36:00.208,0.99636,0.99667,1.50,2.47
2016.10.11 03:36:00.585,0.99637,0.99667,1.37,2.47
2016.10.11 03:36:00.637,0.99637,0.99661,1.75,1.00
2016.10.11 03:36:00.756,0.99637,0.99661,2.25,1.00
2016.10.11 03:36:00.807,0.99637,0.99661,1.87,1.00
2016.10.11 03:36:00.858,0.99637,0.99666,1.37,1.00
2016.10.11 03:36:01.313,0.99637,0.99666,1.50,1.00
2016.10.11 03:36:01.803,0.99638,0.99666,1.12,1.00
2016.10.11 03:36:01.904,0.99638,0.99666,1.50,1.00
2016.10.11 03:36:02.504,0.9964,0.99666,1.00,1.00
2016.10.11 03:36:03.029,0.99641,0.99666,1.00,1.00
2016.10.11 03:36:03.080,0.99641,0.99666,1.00,1.87
2016.10.11 03:36:03.424,0.99641,0.99666,1.00,4.12
2016.10.11 03:36:03.475,0.99641,0.99666,1.00,3.37
2016.10.11 03:36:03.677,0.99641,0.99665,1.00,1.75
2016.10.11 03:36:05.218,0.99641,0.99665,1.00,1.75
2016.10.11 03:36:05.370,0.99641,0.99665,1.00,1.87
2016.10.11 03:36:05.691,0.99642,0.99664,1.00,1.12
2016.10.11 03:36:05.870,0.99641,0.99664,1.00,1.37
2016.10.11 03:36:06.123,0.99639,0.99664,1.00,1.37
2016.10.11 03:36:06.225,0.99637,0.99662,1.50,1.00
2016.10.11 03:36:06.326,0.99637,0.9966,1.00,1.00
2016.10.11 03:36:06.619,0.99637,0.99663,1.12,1.12
2016.10.11 03:36:06.671,0.99637,0.99663,1.12,2.05
2016.10.11 03:36:06.722,0.99633,0.99663,2.25,2.05
2016.10.11 03:36:06.772,0.99632,0.99658,1.75,1.37
2016.10.11 03:36:06.823,0.99631,0.99657,1.12,1.12
2016.10.11 03:36:06.874,0.99632,0.99659,1.00,2.62
2016.10.11 03:36:06.925,0.99634,0.99661,1.75,1.75
2016.10.11 03:36:06.975,0.99634,0.99662,1.75,1.12
2016.10.11 03:36:07.026,0.99638,0.99662,1.00,1.12
2016.10.11 03:36:07.077,0.99638,0.99663,1.00,2.62
2016.10.11 03:36:07.128,0.99637,0.99662,1.50,1.00
2016.10.11 03:36:07.179,0.99637,0.99662,1.50,1.12
2016.10.11 03:36:07.601,0.99638,0.99662,1.00,1.12
2016.10.11 03:36:07.653,0.99638,0.99662,1.00,1.00
2016.10.11 03:36:09.012,0.99637,0.99662,1.50,1.00
2016.10.11 03:36:10.422,0.99639,0.99662,1.00,1.00
2016.10.11 03:36:12.725,0.99639,0.99665,1.37,1.75
2016.10.11 03:36:12.776,0.99639,0.99666,1.50,2.25
2016.10.11 03:36:13.416,0.99641,0.99666,1.00,2.25
2016.10.11 03:36:13.518,0.99641,0.99665,1.00,1.75
2016.10.11 03:36:13.770,0.99641,0.99666,1.00,2.25
2016.10.11 03:36:14.227,0.99642,0.99664,1.00,1.00
2016.10.11 03:36:14.329,0.99641,0.9967,1.75,1.12
2016.10.11 03:36:14.380,0.99641,0.99667,1.75,1.87
2016.10.11 03:36:14.431,0.99641,0.99667,1.00,1.87
2016.10.11 03:36:14.583,0.99641,0.99668,1.00,1.75
2016.10.11 03:36:14.749,0.99641,0.99668,1.00,1.75
2016.10.11 03:36:15.012,0.99641,0.99668,1.00,1.75
2016.10.11 03:36:15.375,0.99642,0.9967,1.00,2.62
2016.10.11 03:36:15.427,0.99642,0.99671,1.50,4.12
2016.10.11 03:36:15.543,0.99643,0.99671,1.12,4.12
2016.10.11 03:36:15.701,0.99643,0.99671,1.87,3.37
2016.10.11 03:36:15.753,0.99644,0.99671,1.00,3.37
2016.10.11 03:36:15.854,0.99644,0.99671,1.00,3.37
2016.10.11 03:36:16.542,0.99644,0.99671,1.00,3.37
2016.10.11 03:36:17.069,0.99644,0.99671,1.00,4.12
2016.10.11 03:36:17.407,0.99644,0.9967,1.00,1.12
2016.10.11 03:36:17.508,0.99644,0.99671,1.00,4.12
2016.10.11 03:36:17.899,0.99644,0.9967,1.00,1.12
2016.10.11 03:36:17.949,0.99644,0.9967,1.00,1.12
2016.10.11 03:36:18.000,0.99644,0.99671,1.00,4.12
2016.10.11 03:36:18.559,0.99644,0.99671,1.00,4.12
2016.10.11 03:36:19.080,0.99644,0.9967,1.00,1.75
2016.10.11 03:36:20.413,0.99644,0.9967,1.00,1.87
2016.10.11 03:36:20.687,0.99644,0.99671,1.00,4.12
2016.10.11 03:36:20.825,0.99644,0.9967,1.00,1.87
2016.10.11 03:36:21.015,0.99644,0.99671,1.00,4.50
2016.10.11 03:36:21.217,0.99644,0.9967,1.00,1.12
2016.10.11 03:36:21.795,0.99644,0.99671,1.00,4.50
2016.10.11 03:36:21.903,0.99644,0.9967,1.00,1.75
2016.10.11 03:36:22.985,0.99644,0.99671,1.00,4.12
2016.10.11 03:36:23.527,0.99644,0.99671,1.00,4.12
2016.10.11 03:36:23.629,0.99644,0.9967,1.00,1.75
2016.10.11 03:36:23.730,0.99644,0.9967,1.00,1.87
2016.10.11 03:36:23.831,0.99643,0.9967,1.12,1.87
2016.10.11 03:36:24.212,0.99643,0.99669,1.12,1.12
2016.10.11 03:36:24.612,0.99643,0.99669,1.12,1.12
2016.10.11 03:36:24.977,0.99641,0.99669,1.75,1.12
2016.10.11 03:36:25.028,0.99641,0.99666,1.37,1.00
2016.10.11 03:36:25.078,0.99641,0.99669,1.12,1.12
2016.10.11 03:36:25.180,0.99641,0.99669,1.12,1.12
2016.10.11 03:36:25.281,0.99641,0.99669,1.12,1.12
2016.10.11 03:36:25.332,0.99641,0.99667,1.12,1.75
2016.10.11 03:36:25.382,0.99641,0.99667,1.00,1.75
2016.10.11 03:36:25.433,0.99641,0.99667,1.00,1.75
2016.10.11 03:36:25.534,0.9964,0.99667,1.12,1.12
2016.10.11 03:36:25.778,0.9964,0.99666,1.12,1.75
2016.10.11 03:36:25.840,0.9964,0.99666,1.12,1.87
2016.10.11 03:36:25.941,0.99641,0.99666,1.00,1.87
2016.10.11 03:36:25.992,0.99641,0.99666,1.00,1.12
2016.10.11 03:36:26.042,0.99641,0.99666,1.00,1.12
2016.10.11 03:36:26.515,0.99641,0.99663,1.00,1.00
2016.10.11 03:36:26.565,0.99638,0.99663,1.50,2.25
2016.10.11 03:36:26.616,0.99633,0.9966,3.75,1.75
2016.10.11 03:36:26.667,0.99634,0.99659,1.00,1.12
2016.10.11 03:36:26.718,0.99634,0.99661,1.12,1.50
2016.10.11 03:36:26.939,0.99631,0.99658,1.37,1.37
2016.10.11 03:36:26.990,0.99633,0.99658,1.00,1.75
2016.10.11 03:36:27.092,0.99631,0.99658,1.12,1.75
2016.10.11 03:36:27.143,0.99629,0.99659,1.75,1.75
2016.10.11 03:36:27.244,0.99629,0.99659,1.75,1.75
2016.10.11 03:36:27.295,0.99634,0.99659,1.00,1.75
2016.10.11 03:36:27.498,0.9963,0.99658,1.50,1.75
2016.10.11 03:36:28.000,0.9963,0.99659,1.50,1.75
2016.10.11 03:36:28.740,0.99633,0.99659,1.00,1.50
2016.10.11 03:36:28.791,0.99633,0.99659,1.37,1.50
2016.10.11 03:36:28.842,0.99636,0.99661,1.00,2.25
2016.10.11 03:36:29.268,0.99633,0.99658,1.00,1.00
2016.10.11 03:36:29.370,0.99631,0.9966,1.50,3.75
2016.10.11 03:36:29.421,0.99631,0.9966,1.75,3.75
2016.10.11 03:36:29.472,0.99633,0.9966,1.50,1.87
2016.10.11 03:36:29.523,0.99634,0.99661,1.50,1.50
2016.10.11 03:36:29.574,0.99636,0.99661,1.50,1.50
2016.10.11 03:36:29.625,0.99636,0.99665,1.75,4.50
2016.10.11 03:36:29.676,0.99635,0.99665,1.75,1.87
2016.10.11 03:36:29.842,0.99633,0.99663,4.12,1.50
2016.10.11 03:36:29.893,0.99634,0.99663,1.75,1.50
2016.10.11 03:36:29.944,0.99634,0.9966,1.50,1.37
2016.10.11 03:36:29.995,0.99633,0.9966,1.75,1.50
2016.10.11 03:36:30.243,0.9963,0.99658,1.37,1.12
2016.10.11 03:36:30.294,0.9963,0.99658,1.00,1.12
2016.10.11 03:36:30.546,0.99628,0.99655,2.25,1.37
2016.10.11 03:36:30.648,0.99628,0.99654,1.37,1.87
2016.10.11 03:36:30.749,0.99628,0.99653,1.12,1.12
2016.10.11 03:36:30.800,0.99628,0.99653,1.00,1.12
2016.10.11 03:36:30.850,0.99622,0.99649,2.25,4.12
2016.10.11 03:36:30.901,0.99619,0.99647,2.25,1.12
2016.10.11 03:36:30.952,0.99618,0.99647,3.00,1.12
2016.10.11 03:36:31.142,0.99618,0.99642,1.87,1.00
2016.10.11 03:36:31.195,0.99617,0.99642,1.00,1.00
2016.10.11 03:36:31.257,0.99623,0.99642,1.00,1.00
2016.10.11 03:36:31.359,0.99624,0.99648,1.00,1.00
2016.10.11 03:36:31.461,0.99626,0.99653,1.75,1.67
2016.10.11 03:36:31.562,0.99625,0.99651,1.75,1.00
2016.10.11 03:36:31.613,0.99623,0.99647,2.62,1.87
2016.10.11 03:36:31.663,0.99624,0.99645,1.00,1.12
2016.10.11 03:36:31.765,0.99616,0.9964,1.00,1.00
2016.10.11 03:36:32.346,0.99615,0.99641,1.00,2.62
2016.10.11 03:36:32.407,0.99611,0.99636,1.00,1.00
2016.10.11 03:36:32.458,0.99611,0.99636,1.00,1.00
2016.10.11 03:36:32.559,0.99614,0.9964,1.00,1.87
2016.10.11 03:36:32.610,0.99614,0.99638,1.12,2.62
2016.10.11 03:36:32.660,0.99614,0.99637,1.12,1.12
2016.10.11 03:36:32.711,0.99614,0.99638,1.00,3.00
2016.10.11 03:36:32.762,0.99614,0.99638,1.00,3.00
2016.10.11 03:36:32.813,0.99609,0.99637,1.87,1.12
2016.10.11 03:36:32.864,0.99609,0.99637,2.25,1.12
2016.10.11 03:36:33.051,0.9961,0.99637,1.37,1.12
2016.10.11 03:36:33.103,0.99614,0.99638,1.00,3.00
2016.10.11 03:36:33.154,0.99614,0.99637,1.00,1.12
2016.10.11 03:36:33.255,0.99614,0.99638,1.00,3.00
2016.10.11 03:36:33.306,0.99614,0.99638,1.00,3.00
2016.10.11 03:36:33.357,0.99614,0.99634,1.00,1.37
2016.10.11 03:36:33.407,0.99608,0.99634,1.37,1.37
2016.10.11 03:36:33.458,0.99608,0.99632,1.37,1.50
2016.10.11 03:36:33.509,0.99607,0.99631,1.00,1.00
2016.10.11 03:36:33.560,0.99604,0.99632,1.37,1.12
2016.10.11 03:36:33.610,0.99603,0.99632,3.00,1.12
2016.10.11 03:36:33.661,0.99603,0.99634,2.25,3.75
2016.10.11 03:36:33.877,0.99604,0.99634,1.12,3.75
2016.10.11 03:36:33.932,0.99604,0.99632,1.12,1.12
2016.10.11 03:36:33.983,0.99604,0.99632,1.12,1.12
2016.10.11 03:36:34.034,0.99604,0.99631,1.12,1.87
2016.10.11 03:36:34.155,0.99604,0.99631,1.87,1.75
2016.10.11 03:36:34.508,0.99604,0.99631,1.87,1.75
2016.10.11 03:36:34.559,0.99604,0.99631,1.12,1.75
2016.10.11 03:36:34.953,0.99604,0.9963,1.12,1.50
2016.10.11 03:36:35.408,0.99603,0.9963,2.25,1.50
2016.10.11 03:36:35.458,0.99603,0.99631,2.25,1.75
2016.10.11 03:36:35.509,0.99604,0.99631,1.12,2.25
2016.10.11 03:36:35.560,0.99604,0.99631,1.12,1.75
2016.10.11 03:36:35.610,0.99604,0.99631,1.12,1.75
2016.10.11 03:36:35.661,0.99604,0.9963,1.12,1.37
2016.10.11 03:36:35.749,0.99604,0.9963,1.12,2.10
2016.10.11 03:36:35.800,0.99604,0.9963,1.00,2.10
2016.10.11 03:36:35.851,0.99604,0.9963,1.00,1.75
2016.10.11 03:36:35.901,0.99602,0.9963,1.12,1.75
2016.10.11 03:36:36.299,0.99602,0.99627,1.12,1.67
2016.10.11 03:36:36.382,0.99601,0.99627,1.37,1.67
2016.10.11 03:36:36.534,0.996,0.99627,1.50,1.67
2016.10.11 03:36:36.810,0.99601,0.99627,1.37,1.67
2016.10.11 03:36:37.314,0.99603,0.99627,1.00,1.67
2016.10.11 03:36:37.579,0.99603,0.99629,1.00,1.75
2016.10.11 03:36:38.968,0.99603,0.99629,1.50,1.75
2016.10.11 03:36:39.209,0.9961,0.99639,1.50,2.25
2016.10.11 03:36:39.261,0.99612,0.99641,1.37,4.50
2016.10.11 03:36:39.311,0.99612,0.99641,1.75,1.87
2016.10.11 03:36:39.619,0.99614,0.99641,1.50,1.12
2016.10.11 03:36:39.922,0.99614,0.99639,1.50,1.12
2016.10.11 03:36:40.470,0.99614,0.99641,1.50,1.87
2016.10.11 03:36:40.567,0.99613,0.99637,1.75,1.12
2016.10.11 03:36:40.617,0.99614,0.99637,1.50,1.12
2016.10.11 03:36:40.952,0.99613,0.99637,1.75,1.12
2016.10.11 03:36:41.205,0.99614,0.99637,1.00,1.50
2016.10.11 03:36:41.422,0.99614,0.99637,1.00,1.50
2016.10.11 03:36:41.523,0.99611,0.99637,1.12,1.50
2016.10.11 03:36:42.607,0.99612,0.99636,1.00,1.12
2016.10.11 03:36:43.331,0.99613,0.99636,1.00,1.12
2016.10.11 03:36:44.218,0.99613,0.99637,1.00,1.50
2016.10.11 03:36:44.420,0.99614,0.99639,1.00,1.87
2016.10.11 03:36:44.472,0.99614,0.9964,1.00,1.75
2016.10.11 03:36:44.523,0.99614,0.9964,1.87,1.75
2016.10.11 03:36:44.574,0.99614,0.99641,1.87,1.12
2016.10.11 03:36:44.627,0.99614,0.99641,1.12,1.12
2016.10.11 03:36:44.817,0.99614,0.99641,1.12,1.87
2016.10.11 03:36:44.970,0.99611,0.99639,1.50,1.87
2016.10.11 03:36:45.479,0.99613,0.99639,1.00,1.87
2016.10.11 03:36:45.530,0.99613,0.99639,1.00,1.12
2016.10.11 03:36:45.822,0.99613,0.99639,1.00,1.12
2016.10.11 03:36:47.403,0.99613,0.99639,1.37,1.37
2016.10.11 03:36:47.454,0.99613,0.99639,1.37,1.87
2016.10.11 03:36:47.505,0.99613,0.99639,1.37,3.75
2016.10.11 03:36:47.555,0.9961,0.99634,1.00,1.00
2016.10.11 03:36:47.606,0.9961,0.99637,1.00,2.62
2016.10.11 03:36:47.657,0.99611,0.99636,1.00,3.00
2016.10.11 03:36:47.708,0.99611,0.99635,1.00,2.62
2016.10.11 03:36:47.758,0.99608,0.99634,1.50,1.75
2016.10.11 03:36:47.860,0.99607,0.99636,1.75,3.37
2016.10.11 03:36:47.910,0.99607,0.99637,1.75,1.75
2016.10.11 03:36:47.961,0.99612,0.99638,1.50,1.75
2016.10.11 03:36:48.062,0.99615,0.99639,1.00,1.75
2016.10.11 03:36:48.300,0.99615,0.9964,1.00,2.62
2016.10.11 03:36:48.854,0.99614,0.9964,1.00,2.62
2016.10.11 03:36:50.609,0.99614,0.9964,1.00,2.62
2016.10.11 03:36:51.210,0.99614,0.9964,1.00,2.62
2016.10.11 03:36:51.312,0.99614,0.9964,1.00,2.62
2016.10.11 03:36:51.362,0.99613,0.9964,1.12,2.62
2016.10.11 03:36:51.464,0.99613,0.99639,1.12,1.12
2016.10.11 03:36:51.995,0.99611,0.99639,1.75,1.12
2016.10.11 03:36:52.618,0.99611,0.9964,1.75,3.22
2016.10.11 03:36:52.669,0.99613,0.9964,1.12,3.60
2016.10.11 03:36:52.770,0.99613,0.99639,1.12,1.12
2016.10.11 03:36:52.821,0.99613,0.99639,1.12,1.12
2016.10.11 03:36:53.115,0.99613,0.99639,1.12,1.12
2016.10.11 03:36:53.408,0.99613,0.99639,1.12,1.12
2016.10.11 03:36:53.767,0.99613,0.9964,1.12,2.62
2016.10.11 03:36:53.817,0.99613,0.9964,1.12,2.62
2016.10.11 03:36:53.868,0.99614,0.9964,1.00,2.62
2016.10.11 03:36:54.301,0.99614,0.9964,1.00,2.62
2016.10.11 03:36:55.167,0.99614,0.9964,1.00,3.22
2016.10.11 03:36:55.218,0.99614,0.9964,1.00,3.22
2016.10.11 03:36:55.269,0.9961,0.99637,1.75,1.50
2016.10.11 03:36:55.320,0.9961,0.99637,1.37,1.75
2016.10.11 03:36:55.370,0.99608,0.99633,1.50,1.12
2016.10.11 03:36:55.421,0.99607,0.99633,1.37,1.37
2016.10.11 03:36:55.628,0.99609,0.99633,1.00,1.12
2016.10.11 03:36:55.678,0.99609,0.9963,1.00,1.00
2016.10.11 03:36:55.747,0.99608,0.9963,1.50,1.00
2016.10.11 03:36:55.848,0.99609,0.9963,1.00,1.00
2016.10.11 03:36:56.819,0.99608,0.9963,1.00,1.00
2016.10.11 03:36:57.357,0.99609,0.9963,1.00,1.00
2016.10.11 03:37:00.414,0.99609,0.99632,1.00,1.37
2016.10.11 03:37:00.465,0.99614,0.99635,1.00,1.75
2016.10.11 03:37:00.664,0.99608,0.99635,1.12,1.75
2016.10.11 03:37:00.737,0.99609,0.99634,1.00,1.12
2016.10.11 03:37:00.788,0.99609,0.99633,1.00,3.75
2016.10.11 03:37:00.839,0.99608,0.99629,1.00,1.00
2016.10.11 03:37:01.053,0.99608,0.99629,1.00,1.00
2016.10.11 03:37:01.104,0.99608,0.99633,1.00,3.37
2016.10.11 03:37:01.208,0.99604,0.99633,2.25,1.87
2016.10.11 03:37:01.259,0.99604,0.99633,2.25,1.87
2016.10.11 03:37:01.360,0.99604,0.99633,2.25,1.87
2016.10.11 03:37:01.564,0.99606,0.99632,1.12,1.12
2016.10.11 03:37:01.615,0.99606,0.99633,1.12,1.87
2016.10.11 03:37:01.766,0.99605,0.99633,1.50,1.87
2016.10.11 03:37:01.817,0.99605,0.99634,1.50,3.37
2016.10.11 03:37:02.171,0.99605,0.99632,1.50,1.12
2016.10.11 03:37:03.032,0.99606,0.99632,1.12,1.12
2016.10.11 03:37:03.082,0.99606,0.99634,1.12,3.37
2016.10.11 03:37:03.133,0.99606,0.99634,1.12,3.37
2016.10.11 03:37:03.187,0.99606,0.99634,1.50,3.37
2016.10.11 03:37:03.237,0.99606,0.99634,1.50,3.37
2016.10.11 03:37:03.288,0.99606,0.99633,1.50,1.50
2016.10.11 03:37:04.611,0.99606,0.99634,1.50,1.75
2016.10.11 03:37:04.913,0.99608,0.99636,1.50,2.25
2016.10.11 03:37:04.964,0.99611,0.99637,1.12,1.50
2016.10.11 03:37:05.015,0.99611,0.99637,1.50,1.50
2016.10.11 03:37:05.066,0.99611,0.99637,1.75,1.50
2016.10.11 03:37:05.340,0.99612,0.99639,1.00,3.37
2016.10.11 03:37:05.391,0.9961,0.99639,1.37,3.37
2016.10.11 03:37:05.905,0.9961,0.99639,1.37,3.37
2016.10.11 03:37:05.955,0.9961,0.99639,1.37,3.37
2016.10.11 03:37:06.360,0.99611,0.9964,1.37,1.75
2016.10.11 03:37:06.411,0.99612,0.99637,1.00,1.00
2016.10.11 03:37:07.368,0.99614,0.99637,1.00,1.00
2016.10.11 03:37:07.419,0.99614,0.99639,1.00,1.75
2016.10.11 03:37:07.865,0.99614,0.9964,1.00,1.75
2016.10.11 03:37:07.916,0.99614,0.99639,1.00,1.87
2016.10.11 03:37:07.966,0.99611,0.99639,1.50,1.87
2016.10.11 03:37:08.017,0.99611,0.99636,1.37,1.37
2016.10.11 03:37:08.068,0.99611,0.99636,1.00,1.75
2016.10.11 03:37:08.502,0.99612,0.99635,1.00,3.22
2016.10.11 03:37:08.596,0.99604,0.99629,2.25,1.00
2016.10.11 03:37:08.646,0.99604,0.99629,1.50,1.00
2016.10.11 03:37:08.747,0.99604,0.99631,1.12,1.75
2016.10.11 03:37:08.798,0.99604,0.99631,1.12,3.37
2016.10.11 03:37:08.849,0.99604,0.99631,2.25,2.62
2016.10.11 03:37:08.899,0.99604,0.99633,2.25,1.75
2016.10.11 03:37:09.000,0.99605,0.99632,2.62,1.37
2016.10.11 03:37:09.418,0.99612,0.99636,1.00,1.50
2016.10.11 03:37:09.469,0.99613,0.99637,1.00,1.00
2016.10.11 03:37:10.456,0.99615,0.99637,1.00,1.00
2016.10.11 03:37:11.667,0.99615,0.99637,1.00,1.00
2016.10.11 03:37:11.718,0.99615,0.99633,1.00,1.37
2016.10.11 03:37:11.768,0.99608,0.99633,1.00,1.75
2016.10.11 03:37:11.819,0.99608,0.99632,1.00,1.37
2016.10.11 03:37:11.870,0.99613,0.99632,1.00,1.37
2016.10.11 03:37:11.920,0.99613,0.99636,1.00,3.37
2016.10.11 03:37:11.971,0.99613,0.99634,1.00,1.00
2016.10.11 03:37:12.750,0.99613,0.99634,1.00,1.00
2016.10.11 03:37:13.384,0.99611,0.99634,1.00,1.00
2016.10.11 03:37:13.485,0.99611,0.99634,1.00,1.50
2016.10.11 03:37:13.536,0.99611,0.99632,1.00,1.37
2016.10.11 03:37:13.779,0.99605,0.99626,1.00,1.00
2016.10.11 03:37:14.745,0.99609,0.9963,1.00,1.75
2016.10.11 03:37:14.796,0.99609,0.9963,1.00,1.75
2016.10.11 03:37:14.847,0.99609,0.9963,1.00,1.87
2016.10.11 03:37:14.948,0.99608,0.9963,1.00,1.75
2016.10.11 03:37:14.999,0.99608,0.9963,1.00,1.87
2016.10.11 03:37:15.201,0.99606,0.9963,1.00,1.87
2016.10.11 03:37:15.302,0.99606,0.9963,1.00,1.75
2016.10.11 03:37:15.353,0.99606,0.9963,1.00,3.37
2016.10.11 03:37:15.404,0.99606,0.99624,1.00,1.00
2016.10.11 03:37:15.556,0.99606,0.99624,1.00,1.00
2016.10.11 03:37:16.653,0.99606,0.99627,1.00,1.37
2016.10.11 03:37:16.704,0.99606,0.99627,1.00,1.37
2016.10.11 03:37:17.149,0.99608,0.99627,1.00,1.37
2016.10.11 03:37:17.665,0.9961,0.99627,1.00,1.37
2016.10.11 03:37:17.716,0.9961,0.99631,1.00,3.37
2016.10.11 03:37:17.918,0.99609,0.99626,1.00,1.00
2016.10.11 03:37:18.196,0.99609,0.99628,1.00,1.75
2016.10.11 03:37:18.497,0.99609,0.99628,1.00,1.75
2016.10.11 03:37:18.598,0.99609,0.99627,1.00,1.00
2016.10.11 03:37:18.933,0.99607,0.99627,1.00,1.00
2016.10.11 03:37:18.985,0.99609,0.99627,1.00,1.00
2016.10.11 03:37:19.200,0.99606,0.99627,1.00,1.00
2016.10.11 03:37:19.388,0.99606,0.99632,1.00,2.62
2016.10.11 03:37:19.439,0.99606,0.9963,1.00,1.00
2016.10.11 03:37:19.802,0.99605,0.9963,1.50,1.00
2016.10.11 03:37:20.101,0.99607,0.9963,1.00,1.00
2016.10.11 03:37:20.450,0.99607,0.9963,1.00,1.00
2016.10.11 03:37:20.603,0.99608,0.9963,1.00,1.00
2016.10.11 03:37:20.768,0.99606,0.9963,1.00,1.00
2016.10.11 03:37:21.367,0.99606,0.99633,1.37,2.10
2016.10.11 03:37:21.459,0.99606,0.99635,1.75,1.75
2016.10.11 03:37:21.562,0.99606,0.99635,1.75,1.50
2016.10.11 03:37:21.664,0.99607,0.99635,3.37,1.37
2016.10.11 03:37:21.714,0.9961,0.99636,1.75,1.37
2016.10.11 03:37:21.765,0.9961,0.99636,1.37,1.12
2016.10.11 03:37:21.816,0.99607,0.99635,1.50,1.75
2016.10.11 03:37:21.968,0.99609,0.99635,1.00,1.75
2016.10.11 03:37:22.019,0.99609,0.99636,1.00,3.37
2016.10.11 03:37:22.070,0.99609,0.99636,1.00,3.37
2016.10.11 03:37:22.559,0.99613,0.99639,1.00,2.62
2016.10.11 03:37:22.609,0.99615,0.99641,1.00,2.85
2016.10.11 03:37:22.660,0.99615,0.9964,1.00,1.87
2016.10.11 03:37:22.863,0.99615,0.9964,1.00,1.75
2016.10.11 03:37:23.014,0.99615,0.9964,1.12,1.75
2016.10.11 03:37:23.217,0.99617,0.9964,1.00,1.75
2016.10.11 03:37:23.819,0.99617,0.99643,1.00,2.62
2016.10.11 03:37:23.869,0.99617,0.99643,1.12,2.62
2016.10.11 03:37:23.920,0.99619,0.99645,1.00,2.62
2016.10.11 03:37:24.018,0.99627,0.99648,1.00,1.00
2016.10.11 03:37:24.120,0.99623,0.99648,1.00,1.00
2016.10.11 03:37:24.170,0.99622,0.99649,1.37,1.75
2016.10.11 03:37:24.221,0.99619,0.99648,1.75,1.12
2016.10.11 03:37:24.272,0.99619,0.99646,1.37,2.62
2016.10.11 03:37:24.323,0.99616,0.99642,1.12,1.75
2016.10.11 03:37:24.374,0.99616,0.99642,1.12,1.75
2016.10.11 03:37:25.415,0.99614,0.9964,1.00,1.75
2016.10.11 03:37:25.666,0.99614,0.99641,1.00,4.12
2016.10.11 03:37:26.127,0.99614,0.9964,1.00,1.75
2016.10.11 03:37:26.919,0.99611,0.9964,1.75,1.75
2016.10.11 03:37:26.970,0.99611,0.99641,1.75,3.37
2016.10.11 03:37:27.020,0.99611,0.99641,1.75,3.37
2016.10.11 03:37:27.071,0.99611,0.9964,1.75,1.75
2016.10.11 03:37:27.290,0.99609,0.99639,2.25,1.75
2016.10.11 03:37:27.341,0.99609,0.99637,1.75,1.12
2016.10.11 03:37:27.392,0.99609,0.99637,1.75,1.12
2016.10.11 03:37:27.443,0.99609,0.99637,1.37,1.12
2016.10.11 03:37:27.544,0.99609,0.99637,1.50,2.62
2016.10.11 03:37:27.645,0.99609,0.99639,1.75,1.75
2016.10.11 03:37:27.696,0.9961,0.9964,1.50,2.62
2016.10.11 03:37:27.746,0.9961,0.99641,1.75,3.00
2016.10.11 03:37:27.847,0.9961,0.9964,1.75,1.75
2016.10.11 03:37:27.949,0.9961,0.9964,1.37,3.00
2016.10.11 03:37:28.000,0.99609,0.99637,2.25,1.67
2016.10.11 03:37:28.051,0.99609,0.99633,1.87,1.00
2016.10.11 03:37:28.102,0.99609,0.99633,1.37,1.00
2016.10.11 03:37:28.152,0.99609,0.99636,1.00,3.37
2016.10.11 03:37:28.348,0.99609,0.99637,1.37,3.22
2016.10.11 03:37:28.399,0.99611,0.99641,1.37,4.50
2016.10.11 03:37:28.450,0.99611,0.99639,1.37,2.62
2016.10.11 03:37:28.501,0.99609,0.99639,2.25,2.62
2016.10.11 03:37:28.602,0.99611,0.99639,1.37,2.62
2016.10.11 03:37:29.635,0.99611,0.99635,1.50,1.00
2016.10.11 03:37:30.192,0.99611,0.99635,1.00,1.00
2016.10.11 03:37:30.444,0.9961,0.99635,1.37,1.00
2016.10.11 03:37:30.545,0.9961,0.99638,1.00,1.75
2016.10.11 03:37:31.090,0.99611,0.99638,1.00,1.75
2016.10.11 03:37:31.242,0.99611,0.99637,1.12,1.75
2016.10.11 03:37:31.343,0.99611,0.99634,1.37,1.00
2016.10.11 03:37:31.395,0.99611,0.99634,1.37,1.00
2016.10.11 03:37:31.446,0.99611,0.99634,1.00,1.00
2016.10.11 03:37:32.500,0.99611,0.99638,1.12,1.75
2016.10.11 03:37:32.552,0.99613,0.99635,1.00,1.00
2016.10.11 03:37:32.602,0.99613,0.99635,1.00,1.00
2016.10.11 03:37:32.653,0.99611,0.99635,1.50,1.00
2016.10.11 03:37:32.855,0.99611,0.99638,1.50,1.50
2016.10.11 03:37:32.956,0.9961,0.99638,1.75,1.50
2016.10.11 03:37:33.058,0.9961,0.99638,1.50,1.75
2016.10.11 03:37:33.334,0.9961,0.99635,1.50,1.00
2016.10.11 03:37:33.385,0.99611,0.99635,1.00,1.00
2016.10.11 03:37:36.753,0.99611,0.99639,1.37,1.12
2016.10.11 03:37:36.804,0.99611,0.99638,1.37,1.35
2016.10.11 03:37:36.855,0.99607,0.99634,2.25,1.87
2016.10.11 03:37:37.260,0.99605,0.99634,1.37,2.62
2016.10.11 03:37:37.363,0.99605,0.99629,1.00,1.00
2016.10.11 03:37:37.566,0.99606,0.99634,1.00,3.37
2016.10.11 03:37:37.668,0.99606,0.99635,1.12,3.37
2016.10.11 03:37:37.718,0.99606,0.99635,1.12,3.37
2016.10.11 03:37:37.820,0.99606,0.99635,1.12,3.37
2016.10.11 03:37:37.972,0.99606,0.99635,1.12,3.75
2016.10.11 03:37:38.161,0.99605,0.99634,1.50,1.87
2016.10.11 03:37:38.359,0.99605,0.99634,1.50,1.75
2016.10.11 03:37:38.646,0.99605,0.99635,1.50,3.37
2016.10.11 03:37:38.850,0.99605,0.99631,1.50,1.12
2016.10.11 03:37:38.901,0.99605,0.99631,1.37,1.50
2016.10.11 03:37:38.951,0.99603,0.99631,1.87,1.75
2016.10.11 03:37:39.053,0.99611,0.99633,1.00,2.62
2016.10.11 03:37:39.104,0.99611,0.99633,1.37,2.25
2016.10.11 03:37:39.155,0.99611,0.99638,1.37,1.75
2016.10.11 03:37:39.256,0.99609,0.99633,1.37,1.37
2016.10.11 03:37:39.467,0.99611,0.99633,1.00,2.25
2016.10.11 03:37:39.519,0.99611,0.99633,1.00,2.25
2016.10.11 03:37:39.569,0.99614,0.99637,1.00,1.87
2016.10.11 03:37:39.620,0.99614,0.99637,1.00,1.37
2016.10.11 03:37:39.671,0.99614,0.99639,1.12,1.37
2016.10.11 03:37:40.124,0.99616,0.99642,1.00,1.75
2016.10.11 03:37:41.416,0.99616,0.99642,1.00,1.75
2016.10.11 03:37:41.923,0.99616,0.99643,1.00,1.75
2016.10.11 03:37:42.264,0.99616,0.99643,1.00,1.87
2016.10.11 03:37:42.373,0.99617,0.99642,1.00,1.75
2016.10.11 03:37:42.424,0.99617,0.99642,1.00,1.75
2016.10.11 03:37:43.368,0.99617,0.99643,1.00,1.75
2016.10.11 03:37:43.562,0.99617,0.99643,1.00,1.50
2016.10.11 03:37:43.663,0.99618,0.99643,1.00,1.50
2016.10.11 03:37:43.714,0.99618,0.99642,1.00,1.12
2016.10.11 03:37:44.103,0.99621,0.99642,1.00,1.12
2016.10.11 03:37:44.155,0.99621,0.99644,1.00,1.00
2016.10.11 03:37:44.307,0.99621,0.99649,1.12,2.62
2016.10.11 03:37:44.358,0.99622,0.9965,1.12,1.87
2016.10.11 03:37:44.408,0.99622,0.99651,1.12,2.25
2016.10.11 03:37:44.459,0.99627,0.99651,1.00,2.25
2016.10.11 03:37:44.510,0.99627,0.99651,1.00,1.75
2016.10.11 03:37:44.561,0.99628,0.9965,1.00,1.00
2016.10.11 03:37:44.611,0.99629,0.99655,1.00,2.62
2016.10.11 03:37:44.662,0.99633,0.99656,1.00,1.75
2016.10.11 03:37:44.713,0.99633,0.99656,1.12,1.37
2016.10.11 03:37:44.764,0.99633,0.99656,1.50,1.00
2016.10.11 03:37:44.815,0.99633,0.99656,1.37,1.00
2016.10.11 03:37:44.866,0.99633,0.99656,1.12,1.12
2016.10.11 03:37:45.913,0.99633,0.99656,1.50,1.12
2016.10.11 03:37:45.964,0.99633,0.99656,1.50,1.00
2016.10.11 03:37:47.277,0.99631,0.99656,1.75,1.00
2016.10.11 03:37:47.529,0.9963,0.99656,3.37,1.00
2016.10.11 03:37:51.147,0.9963,0.99656,4.12,1.00
2016.10.11 03:37:52.803,0.99631,0.99656,1.75,1.00
2016.10.11 03:37:53.696,0.99631,0.99656,1.75,1.00
2016.10.11 03:37:53.747,0.99634,0.99661,1.37,2.25
2016.10.11 03:37:54.007,0.99631,0.99657,1.75,1.00
2016.10.11 03:37:54.279,0.99635,0.99657,1.00,1.00
2016.10.11 03:37:54.380,0.99632,0.99657,2.62,1.00
2016.10.11 03:37:54.431,0.99633,0.99657,1.75,1.00
2016.10.11 03:37:54.670,0.99635,0.99657,1.00,1.00
2016.10.11 03:37:55.211,0.9963,0.99657,2.62,1.50
2016.10.11 03:37:55.279,0.99629,0.99657,1.75,1.12
2016.10.11 03:37:55.330,0.99629,0.99658,2.25,1.50
2016.10.11 03:37:55.381,0.99633,0.99658,1.12,1.50
2016.10.11 03:37:55.432,0.99634,0.99661,1.37,1.75
2016.10.11 03:37:55.483,0.99635,0.9966,1.00,1.00
2016.10.11 03:37:55.927,0.99638,0.9966,1.00,1.00
2016.10.11 03:37:56.079,0.99638,0.9966,1.50,1.00
2016.10.11 03:37:56.129,0.99639,0.9966,1.00,1.00
2016.10.11 03:37:56.332,0.99639,0.99665,1.00,2.62
2016.10.11 03:37:56.382,0.99639,0.99666,1.12,2.62
2016.10.11 03:37:56.433,0.99637,0.99666,1.75,1.75
2016.10.11 03:37:56.484,0.99637,0.99666,1.75,1.75
2016.10.11 03:37:56.677,0.99639,0.99666,1.12,2.25
2016.10.11 03:37:56.885,0.99639,0.99666,1.50,2.25
2016.10.11 03:37:56.986,0.99639,0.99666,2.25,2.25
2016.10.11 03:37:57.037,0.99639,0.99666,3.00,1.50
2016.10.11 03:37:57.088,0.9964,0.99666,1.75,1.50
2016.10.11 03:37:57.138,0.9964,0.9967,1.75,3.75
2016.10.11 03:37:57.189,0.99643,0.9967,1.00,3.75
2016.10.11 03:37:57.240,0.99643,0.99666,1.00,1.50
2016.10.11 03:37:57.442,0.99641,0.99666,1.50,1.50
2016.10.11 03:37:57.623,0.99641,0.99669,1.50,1.12
2016.10.11 03:37:57.674,0.99643,0.99669,1.37,1.12
2016.10.11 03:37:57.725,0.99643,0.9967,1.75,1.37
2016.10.11 03:37:57.776,0.99644,0.9967,1.75,1.00
2016.10.11 03:37:57.827,0.99644,0.99671,1.75,1.12
2016.10.11 03:37:58.333,0.99645,0.99673,1.75,1.37
2016.10.11 03:37:58.384,0.99647,0.99673,1.37,1.37
2016.10.11 03:37:58.434,0.99647,0.99675,1.37,1.87
2016.10.11 03:37:58.816,0.99647,0.99671,1.37,1.12
2016.10.11 03:38:00.168,0.99644,0.99671,2.25,1.12
2016.10.11 03:38:00.408,0.99643,0.9967,1.00,3.75
2016.10.11 03:38:00.560,0.99642,0.9967,1.12,3.75
2016.10.11 03:38:00.612,0.99642,0.99669,1.12,1.87
2016.10.11 03:38:01.471,0.99642,0.99672,1.75,2.25
2016.10.11 03:38:01.532,0.99644,0.99671,1.12,1.75
2016.10.11 03:38:01.773,0.99644,0.99672,2.25,1.75
2016.10.11 03:38:02.186,0.99644,0.99672,2.25,1.75
2016.10.11 03:38:02.482,0.99644,0.99672,2.25,1.75
2016.10.11 03:38:03.531,0.99644,0.99672,2.25,1.75
2016.10.11 03:38:03.632,0.99644,0.99671,1.50,1.50
2016.10.11 03:38:03.683,0.99641,0.99671,1.75,1.50
2016.10.11 03:38:03.734,0.99641,0.9967,2.25,1.12
2016.10.11 03:38:03.785,0.99641,0.9967,2.25,1.12
2016.10.11 03:38:03.886,0.99641,0.9967,2.25,1.12
2016.10.11 03:38:03.987,0.99642,0.9967,1.50,1.12
2016.10.11 03:38:04.038,0.99643,0.9967,1.12,1.12
2016.10.11 03:38:04.364,0.99642,0.99666,1.50,1.00
2016.10.11 03:38:04.616,0.99642,0.99666,1.00,1.50
2016.10.11 03:38:05.875,0.99641,0.99666,1.50,1.50
2016.10.11 03:38:06.077,0.99646,0.99666,1.00,1.00
2016.10.11 03:38:06.128,0.99646,0.99675,1.87,1.12
2016.10.11 03:38:06.241,0.99646,0.99672,1.75,1.00
2016.10.11 03:38:06.535,0.99649,0.99677,1.37,1.75
2016.10.11 03:38:06.586,0.99648,0.99677,2.25,1.75
2016.10.11 03:38:06.637,0.99649,0.99676,1.37,1.75
2016.10.11 03:38:06.688,0.9965,0.99676,1.12,1.75
2016.10.11 03:38:06.738,0.9965,0.99676,2.25,1.00
2016.10.11 03:38:06.892,0.99651,0.99676,1.75,1.00
2016.10.11 03:38:06.943,0.99651,0.99681,1.75,4.50
2016.10.11 03:38:06.994,0.99652,0.99681,1.50,4.50
2016.10.11 03:38:07.149,0.99652,0.9968,1.50,1.12
2016.10.11 03:38:07.351,0.99652,0.9968,1.12,1.12
2016.10.11 03:38:07.545,0.9965,0.99676,2.25,1.50
2016.10.11 03:38:07.769,0.9965,0.99676,1.75,1.50
2016.10.11 03:38:07.922,0.9965,0.99676,2.25,1.50
2016.10.11 03:38:08.808,0.9965,0.99677,1.75,1.75
2016.10.11 03:38:09.035,0.99651,0.99677,1.50,1.75
2016.10.11 03:38:09.096,0.99651,0.99677,1.50,1.75
2016.10.11 03:38:09.197,0.99651,0.99677,1.50,1.75
2016.10.11 03:38:09.476,0.9965,0.99677,1.75,1.75
2016.10.11 03:38:09.577,0.9965,0.99676,1.75,1.50
2016.10.11 03:38:10.153,0.9965,0.99677,2.25,1.75
2016.10.11 03:38:10.960,0.9965,0.99677,1.75,1.75
2016.10.11 03:38:11.398,0.99649,0.99677,2.25,1.75
2016.10.11 03:38:11.550,0.99649,0.99676,2.25,1.50
2016.10.11 03:38:11.859,0.99649,0.99676,1.75,1.50
2016.10.11 03:38:12.113,0.99649,0.99676,1.75,1.50
2016.10.11 03:38:12.164,0.99647,0.99671,2.62,1.00
2016.10.11 03:38:12.592,0.99646,0.9967,2.25,1.37
2016.10.11 03:38:12.643,0.99642,0.99671,1.37,1.75
2016.10.11 03:38:12.694,0.99644,0.99671,1.00,1.75
2016.10.11 03:38:12.846,0.99644,0.9967,1.50,1.75
2016.10.11 03:38:12.897,0.99645,0.9967,1.00,1.75
2016.10.11 03:38:12.949,0.99645,0.99674,1.50,3.37
2016.10.11 03:38:13.100,0.99643,0.99673,2.25,1.75
2016.10.11 03:38:13.151,0.99643,0.99673,3.00,2.25
2016.10.11 03:38:13.253,0.99643,0.99671,2.25,1.75
2016.10.11 03:38:13.486,0.99643,0.99671,1.12,1.75
2016.10.11 03:38:13.538,0.99645,0.99673,1.75,1.50
2016.10.11 03:38:13.589,0.99646,0.99675,1.50,1.75
2016.10.11 03:38:13.639,0.99646,0.99675,1.50,1.87
2016.10.11 03:38:13.690,0.99645,0.99674,1.75,1.75
2016.10.11 03:38:13.741,0.99645,0.99674,1.12,1.75
2016.10.11 03:38:13.792,0.99645,0.99675,1.12,3.37
2016.10.11 03:38:13.843,0.99645,0.99675,1.75,1.75
2016.10.11 03:38:13.894,0.99645,0.99675,2.25,1.75
2016.10.11 03:38:14.003,0.99645,0.99675,2.25,3.37
2016.10.11 03:38:14.256,0.99645,0.9967,2.25,1.00
2016.10.11 03:38:14.307,0.99645,0.9967,1.75,1.50
2016.10.11 03:38:14.526,0.99639,0.99656,1.00,2.62
2016.10.11 03:38:14.577,0.99633,0.99658,1.00,1.00
2016.10.11 03:38:14.629,0.9963,0.99656,1.00,3.37
2016.10.11 03:38:14.682,0.99629,0.99653,1.00,1.75
2016.10.11 03:38:14.784,0.99623,0.99653,4.12,1.75
2016.10.11 03:38:14.835,0.99625,0.9965,1.00,1.00
2016.10.11 03:38:15.088,0.99634,0.99658,1.00,1.00
2016.10.11 03:38:15.310,0.99633,0.99658,1.00,1.00
2016.10.11 03:38:15.361,0.99634,0.99658,1.00,1.00
2016.10.11 03:38:15.599,0.99633,0.99658,1.00,1.00
2016.10.11 03:38:15.650,0.99633,0.99658,1.00,1.00
2016.10.11 03:38:15.853,0.99633,0.99658,1.00,1.00
2016.10.11 03:38:15.954,0.99633,0.99658,1.00,1.00
2016.10.11 03:38:16.842,0.99633,0.99658,1.00,1.00
2016.10.11 03:38:17.272,0.99633,0.99656,1.00,1.00
2016.10.11 03:38:17.323,0.99631,0.99656,1.37,1.37
2016.10.11 03:38:17.374,0.99631,0.99653,1.00,1.00
2016.10.11 03:38:17.425,0.99631,0.99656,1.00,1.75
2016.10.11 03:38:17.476,0.99631,0.99659,1.12,2.62
2016.10.11 03:38:17.549,0.99634,0.99659,1.00,2.62
2016.10.11 03:38:19.417,0.99634,0.99659,1.00,2.62
2016.10.11 03:38:19.717,0.99634,0.99659,1.00,2.62
2016.10.11 03:38:19.768,0.99634,0.99659,1.00,3.37
2016.10.11 03:38:20.177,0.99634,0.99663,1.50,3.37
2016.10.11 03:38:20.291,0.99634,0.99663,1.50,3.37
2016.10.11 03:38:21.151,0.99634,0.99663,1.50,3.75
2016.10.11 03:38:21.512,0.99634,0.99662,1.50,1.75
2016.10.11 03:38:21.954,0.99634,0.99662,1.12,3.37
2016.10.11 03:38:22.055,0.99633,0.99662,2.25,3.37
2016.10.11 03:38:22.156,0.99633,0.99662,2.25,3.37
2016.10.11 03:38:22.415,0.99634,0.99662,1.12,3.37
2016.10.11 03:38:22.466,0.99634,0.99663,2.25,1.75
2016.10.11 03:38:22.668,0.99634,0.99661,1.75,1.75
2016.10.11 03:38:22.739,0.99634,0.99661,1.75,1.75
2016.10.11 03:38:22.954,0.99634,0.99661,1.75,1.37
2016.10.11 03:38:23.005,0.99635,0.99661,1.75,1.00
2016.10.11 03:38:23.056,0.99635,0.99661,1.75,1.00
2016.10.11 03:38:23.157,0.99637,0.99661,1.00,1.00
2016.10.11 03:38:23.359,0.99637,0.99662,1.00,1.00
2016.10.11 03:38:23.410,0.99637,0.99665,1.00,1.00
2016.10.11 03:38:23.601,0.9964,0.99666,1.00,1.50
2016.10.11 03:38:23.652,0.99643,0.99671,1.75,1.00
2016.10.11 03:38:23.703,0.99646,0.99671,1.50,1.00
2016.10.11 03:38:23.754,0.99649,0.99671,1.00,1.00
2016.10.11 03:38:23.805,0.99649,0.99674,1.00,1.00
2016.10.11 03:38:23.958,0.99649,0.99672,1.00,1.00
2016.10.11 03:38:24.262,0.99641,0.99663,2.62,1.00
2016.10.11 03:38:24.536,0.99641,0.99667,2.25,1.00
2016.10.11 03:38:24.586,0.99642,0.99666,1.37,1.00
2016.10.11 03:38:24.637,0.99642,0.99666,1.75,1.00
2016.10.11 03:38:25.193,0.99641,0.99666,4.12,1.00
2016.10.11 03:38:25.373,0.99642,0.99671,1.75,1.00
2016.10.11 03:38:25.645,0.99644,0.99671,1.75,1.00
2016.10.11 03:38:25.711,0.99648,0.99672,1.00,1.00
2016.10.11 03:38:25.761,0.99649,0.99672,1.75,1.00
2016.10.11 03:38:25.812,0.99649,0.99676,1.75,1.00
2016.10.11 03:38:25.863,0.99649,0.99676,1.75,1.00
2016.10.11 03:38:25.965,0.99649,0.99676,1.75,1.00
2016.10.11 03:38:26.066,0.99649,0.99676,3.37,1.00
2016.10.11 03:38:26.168,0.99649,0.99677,2.62,1.00
2016.10.11 03:38:26.269,0.99649,0.99677,2.62,1.00
2016.10.11 03:38:26.779,0.99649,0.99676,2.62,1.00
2016.10.11 03:38:26.881,0.99649,0.99668,2.62,2.25
2016.10.11 03:38:26.982,0.99647,0.99668,1.00,1.00
2016.10.11 03:38:27.085,0.9964,0.99664,2.62,1.00
2016.10.11 03:38:27.187,0.99642,0.99664,1.00,1.00
2016.10.11 03:38:27.517,0.99642,0.99666,1.00,1.00
2016.10.11 03:38:27.669,0.99642,0.99666,1.00,1.00
2016.10.11 03:38:27.720,0.99642,0.99667,1.00,1.50
2016.10.11 03:38:27.771,0.99639,0.99667,2.62,1.50
2016.10.11 03:38:27.822,0.99639,0.99667,2.62,1.00
2016.10.11 03:38:27.872,0.99644,0.99666,1.75,1.00
2016.10.11 03:38:28.082,0.99644,0.99668,1.75,1.50
2016.10.11 03:38:28.360,0.99644,0.99667,1.75,1.00
2016.10.11 03:38:28.565,0.99643,0.99667,3.37,1.00
2016.10.11 03:38:28.616,0.99644,0.99666,2.25,1.00
2016.10.11 03:38:28.668,0.99651,0.99666,1.00,1.00
2016.10.11 03:38:28.721,0.99651,0.99672,1.00,1.00
2016.10.11 03:38:28.772,0.99651,0.99672,1.75,1.00
2016.10.11 03:38:28.974,0.9965,0.99672,1.50,1.00
2016.10.11 03:38:29.173,0.9965,0.99672,3.37,1.00
2016.10.11 03:38:29.477,0.99655,0.99677,1.00,1.00
2016.10.11 03:38:29.882,0.99654,0.99671,1.75,1.00
2016.10.11 03:38:30.362,0.9965,0.99671,1.75,1.00
2016.10.11 03:38:30.564,0.99649,0.99671,1.75,1.00
2016.10.11 03:38:30.615,0.99647,0.99671,1.75,1.00
2016.10.11 03:38:30.666,0.99648,0.99671,2.62,1.00
2016.10.11 03:38:31.001,0.99649,0.99671,1.00,1.00
2016.10.11 03:38:31.262,0.99647,0.99671,1.75,1.00
2016.10.11 03:38:31.515,0.99645,0.99671,1.75,1.00
2016.10.11 03:38:31.666,0.99645,0.99671,2.25,1.00
2016.10.11 03:38:31.717,0.9965,0.99671,1.12,1.00
2016.10.11 03:38:31.768,0.99654,0.99671,1.00,1.00
2016.10.11 03:38:32.071,0.99644,0.99668,1.75,1.00
2016.10.11 03:38:32.121,0.99644,0.99667,1.75,1.50
2016.10.11 03:38:32.319,0.99643,0.99667,3.37,1.50
2016.10.11 03:38:32.370,0.99643,0.99667,1.75,1.50
2016.10.11 03:38:32.421,0.99643,0.99666,1.75,1.00
2016.10.11 03:38:32.775,0.99644,0.99666,1.00,1.00
2016.10.11 03:38:32.876,0.99638,0.99665,3.37,1.00
2016.10.11 03:38:33.180,0.99639,0.99665,1.75,1.00
2016.10.11 03:38:33.797,0.99642,0.99665,1.00,1.00
2016.10.11 03:38:34.152,0.99642,0.99663,1.00,1.00
2016.10.11 03:38:34.253,0.99638,0.99662,1.75,1.00
2016.10.11 03:38:34.304,0.99638,0.99662,3.37,1.00
2016.10.11 03:38:34.406,0.99638,0.99661,1.75,1.00
2016.10.11 03:38:34.457,0.99638,0.99661,1.75,1.50
2016.10.11 03:38:34.662,0.99638,0.99661,1.75,1.50
2016.10.11 03:38:34.903,0.99639,0.99661,1.50,1.50
2016.10.11 03:38:34.953,0.99639,0.99661,1.50,1.00
2016.10.11 03:38:35.213,0.99635,0.99661,3.37,1.00
2016.10.11 03:38:35.805,0.99635,0.99661,1.75,1.00
2016.10.11 03:38:36.619,0.99635,0.99663,1.75,1.00
2016.10.11 03:38:36.670,0.99639,0.99666,3.37,1.00
2016.10.11 03:38:36.751,0.99642,0.99666,1.75,1.00
2016.10.11 03:38:36.802,0.99645,0.99666,1.75,1.00
2016.10.11 03:38:36.904,0.99644,0.9967,2.62,1.12
2016.10.11 03:38:37.006,0.99644,0.99667,1.00,1.00
2016.10.11 03:38:37.108,0.99644,0.99666,1.00,1.50
2016.10.11 03:38:37.309,0.99639,0.99666,2.62,1.75
2016.10.11 03:38:37.360,0.99638,0.99666,1.75,1.87
2016.10.11 03:38:37.411,0.99637,0.99666,1.75,2.25
2016.10.11 03:38:37.462,0.99637,0.99665,1.75,1.37
2016.10.11 03:38:37.971,0.99638,0.99665,1.75,1.37
2016.10.11 03:38:38.123,0.99638,0.99667,1.75,2.62
2016.10.11 03:38:38.336,0.99637,0.99667,1.75,2.25
2016.10.11 03:38:38.541,0.99637,0.99667,2.25,2.25
2016.10.11 03:38:38.693,0.99638,0.99667,1.75,2.25
2016.10.11 03:38:38.895,0.99638,0.99667,1.75,2.25
2016.10.11 03:38:38.996,0.99638,0.99667,2.25,1.75
2016.10.11 03:38:39.047,0.99638,0.99668,3.00,1.75
2016.10.11 03:38:39.221,0.99638,0.99666,2.25,1.50
2016.10.11 03:38:39.594,0.99637,0.99668,1.75,1.87
2016.10.11 03:38:39.674,0.99637,0.99664,1.50,1.00
2016.10.11 03:38:39.724,0.99637,0.99666,1.50,2.25
2016.10.11 03:38:39.775,0.99637,0.99666,1.50,2.25
2016.10.11 03:38:39.826,0.99637,0.99667,1.50,4.12
2016.10.11 03:38:39.877,0.99637,0.99667,1.50,4.12
2016.10.11 03:38:39.927,0.99638,0.99667,1.37,4.12
2016.10.11 03:38:39.978,0.99638,0.99667,1.75,4.12
2016.10.11 03:38:40.029,0.99638,0.99666,1.75,1.75
2016.10.11 03:38:40.079,0.99638,0.99666,3.37,1.12
2016.10.11 03:38:40.181,0.99638,0.99666,1.75,1.37
2016.10.11 03:38:40.231,0.99638,0.99662,1.75,1.00
2016.10.11 03:38:40.282,0.99638,0.99662,1.75,1.00
2016.10.11 03:38:40.333,0.99637,0.99666,3.37,1.37
2016.10.11 03:38:40.434,0.99637,0.99666,3.37,2.25
2016.10.11 03:38:40.637,0.99638,0.99667,1.75,1.50
2016.10.11 03:38:40.709,0.9964,0.99664,1.00,1.00
2016.10.11 03:38:40.811,0.99642,0.99666,1.00,1.00
2016.10.11 03:38:40.912,0.99642,0.99667,1.00,1.50
2016.10.11 03:38:41.014,0.99641,0.99667,1.75,1.12
2016.10.11 03:38:41.116,0.99638,0.99666,4.12,1.12
2016.10.11 03:38:41.167,0.99638,0.99666,3.37,1.12
2016.10.11 03:38:41.217,0.99638,0.99667,3.37,1.37
2016.10.11 03:38:41.494,0.99638,0.99667,2.62,1.37
2016.10.11 03:38:41.580,0.99641,0.99666,1.75,1.00
2016.10.11 03:38:41.631,0.99644,0.99671,1.12,1.75
2016.10.11 03:38:41.683,0.99644,0.99671,1.75,1.37
2016.10.11 03:38:41.784,0.99644,0.99671,1.75,1.00
2016.10.11 03:38:41.886,0.99646,0.99671,1.75,1.00
2016.10.11 03:38:41.936,0.99645,0.99671,1.75,1.00
2016.10.11 03:38:42.805,0.99646,0.99671,1.75,1.00
2016.10.11 03:38:43.125,0.99646,0.99672,1.75,1.50
2016.10.11 03:38:43.176,0.99646,0.99672,1.75,1.50
2016.10.11 03:38:43.227,0.99646,0.99671,1.75,1.00
2016.10.11 03:38:43.277,0.99646,0.99671,1.75,1.00
2016.10.11 03:38:43.328,0.99646,0.99675,1.75,1.12
2016.10.11 03:38:43.379,0.9965,0.99673,1.00,1.12
2016.10.11 03:38:43.429,0.99647,0.99671,1.75,1.00
2016.10.11 03:38:43.480,0.99647,0.99671,1.75,1.00
2016.10.11 03:38:43.728,0.99647,0.99675,1.75,1.87
2016.10.11 03:38:43.944,0.99647,0.99671,1.75,1.00
2016.10.11 03:38:44.228,0.99645,0.99672,1.75,1.00
2016.10.11 03:38:45.127,0.99645,0.99671,1.75,1.00
2016.10.11 03:38:46.631,0.99646,0.99672,1.75,1.37
2016.10.11 03:38:46.910,0.99645,0.99672,1.75,1.00
2016.10.11 03:38:47.181,0.99645,0.99672,1.75,1.00
2016.10.11 03:38:47.282,0.99646,0.99672,1.75,1.00
2016.10.11 03:38:47.333,0.99646,0.99672,1.75,1.12
2016.10.11 03:38:47.384,0.99646,0.99672,1.75,1.12
2016.10.11 03:38:47.684,0.99646,0.99672,1.75,1.12
2016.10.11 03:38:47.735,0.99645,0.99672,1.75,1.00
2016.10.11 03:38:47.937,0.99648,0.99671,1.75,1.00
2016.10.11 03:38:48.581,0.99649,0.99671,1.75,1.00
2016.10.11 03:38:49.236,0.99649,0.99676,1.75,1.87
2016.10.11 03:38:49.388,0.99649,0.99676,1.75,1.87
2016.10.11 03:38:49.439,0.99648,0.99676,1.75,1.75
2016.10.11 03:38:49.926,0.99649,0.99672,1.75,1.00
2016.10.11 03:38:50.027,0.99649,0.99677,1.75,1.87
2016.10.11 03:38:50.129,0.99649,0.99676,1.75,1.75
2016.10.11 03:38:51.297,0.99648,0.99677,2.25,1.75
2016.10.11 03:38:51.559,0.99649,0.99677,1.75,1.00
2016.10.11 03:38:51.723,0.99648,0.99677,4.12,1.00
2016.10.11 03:38:52.169,0.99649,0.99677,1.75,1.00
2016.10.11 03:38:52.220,0.99653,0.99677,1.12,1.00
2016.10.11 03:38:52.321,0.99653,0.99676,1.75,1.00
2016.10.11 03:38:52.422,0.99653,0.99676,3.37,1.00
2016.10.11 03:38:52.523,0.99653,0.99676,2.62,1.00
2016.10.11 03:38:52.961,0.99653,0.99676,3.37,1.00
2016.10.11 03:38:53.062,0.99653,0.99676,2.62,1.00
2016.10.11 03:38:54.264,0.99653,0.99676,3.37,1.00
2016.10.11 03:38:54.593,0.99653,0.99676,3.37,1.00
2016.10.11 03:38:54.723,0.9965,0.99676,1.75,1.50
2016.10.11 03:38:54.825,0.9965,0.9968,2.25,1.37
2016.10.11 03:38:54.926,0.9965,0.99681,2.25,1.87
2016.10.11 03:38:55.027,0.99651,0.99681,1.75,1.87
2016.10.11 03:38:55.131,0.99656,0.9968,1.00,1.00
2016.10.11 03:38:56.019,0.99658,0.9968,1.00,1.00
2016.10.11 03:38:56.116,0.99659,0.99684,1.50,1.50
2016.10.11 03:38:56.368,0.9966,0.99684,1.12,1.50
2016.10.11 03:38:56.419,0.9966,0.99684,1.12,1.50
2016.10.11 03:38:56.828,0.9966,0.99687,1.12,1.87
2016.10.11 03:38:57.298,0.9966,0.99687,1.50,1.87
2016.10.11 03:38:57.348,0.99662,0.99687,1.00,1.87
2016.10.11 03:38:57.596,0.99662,0.99687,1.00,1.12
2016.10.11 03:38:57.647,0.99662,0.99687,1.00,1.50
2016.10.11 03:38:59.532,0.99662,0.99686,1.00,1.00
2016.10.11 03:38:59.915,0.99662,0.99687,1.00,1.50
2016.10.11 03:39:00.001,0.99662,0.99687,1.00,1.50
2016.10.11 03:39:00.151,0.99662,0.99686,1.00,1.00
2016.10.11 03:39:00.253,0.99662,0.99686,1.00,1.12
2016.10.11 03:39:00.441,0.99662,0.99686,1.00,1.37
2016.10.11 03:39:00.542,0.99662,0.99686,1.00,1.12
2016.10.11 03:39:00.896,0.99662,0.99686,1.00,1.00
2016.10.11 03:39:02.850,0.9966,0.99686,2.25,1.00
2016.10.11 03:39:03.153,0.9966,0.99681,2.25,1.00
2016.10.11 03:39:03.254,0.9966,0.99681,1.75,1.00
2016.10.11 03:39:03.935,0.9966,0.99686,1.75,1.12
2016.10.11 03:39:04.039,0.9966,0.99681,1.75,1.00
2016.10.11 03:39:05.360,0.99659,0.99681,1.75,1.00
2016.10.11 03:39:06.259,0.99659,0.99681,1.75,1.00
2016.10.11 03:39:06.365,0.99659,0.99686,2.25,1.12
2016.10.11 03:39:06.783,0.9966,0.99682,1.75,1.00
2016.10.11 03:39:07.265,0.9966,0.99682,2.25,1.00
2016.10.11 03:39:07.368,0.9966,0.99682,1.75,1.00
2016.10.11 03:39:07.648,0.9966,0.99686,1.75,1.12
2016.10.11 03:39:09.928,0.9966,0.99682,1.75,1.00
2016.10.11 03:39:10.587,0.9966,0.99682,2.25,1.00
2016.10.11 03:39:10.688,0.9966,0.99682,1.75,1.00
2016.10.11 03:39:11.226,0.99659,0.99682,1.75,1.00
2016.10.11 03:39:12.921,0.99657,0.99682,4.12,1.00
2016.10.11 03:39:13.431,0.99657,0.99681,4.12,1.00
2016.10.11 03:39:13.482,0.99658,0.99681,1.75,1.00
2016.10.11 03:39:13.584,0.99657,0.99681,4.12,1.00
2016.10.11 03:39:15.933,0.99658,0.99681,1.75,1.00
2016.10.11 03:39:15.984,0.99658,0.99686,1.75,1.12
2016.10.11 03:39:16.085,0.99657,0.99682,4.12,1.00
2016.10.11 03:39:16.135,0.99657,0.99686,3.37,1.00
2016.10.11 03:39:16.186,0.99658,0.99685,1.75,1.30
2016.10.11 03:39:16.237,0.99658,0.99681,1.75,1.00
2016.10.11 03:39:16.338,0.99658,0.99682,1.50,1.00
2016.10.11 03:39:16.389,0.99655,0.99682,2.62,1.00
2016.10.11 03:39:16.475,0.99657,0.99682,1.75,1.12
2016.10.11 03:39:16.576,0.99656,0.99681,2.25,1.00
2016.10.11 03:39:16.760,0.99657,0.99686,1.75,1.50
2016.10.11 03:39:16.962,0.99657,0.99686,1.75,1.50
2016.10.11 03:39:17.063,0.99657,0.99686,3.37,1.12
2016.10.11 03:39:17.164,0.9966,0.99686,1.75,1.12
2016.10.11 03:39:17.528,0.99663,0.99686,1.00,1.12
2016.10.11 03:39:17.578,0.9966,0.99686,1.75,1.00
2016.10.11 03:39:18.377,0.9966,0.99687,1.75,1.12
2016.10.11 03:39:18.632,0.9966,0.99687,1.75,1.12
2016.10.11 03:39:19.443,0.9966,0.99687,1.75,1.87
2016.10.11 03:39:19.664,0.9966,0.99687,1.75,1.12
2016.10.11 03:39:19.715,0.99659,0.99687,1.75,1.00
2016.10.11 03:39:19.765,0.99659,0.99687,1.75,1.50
2016.10.11 03:39:19.934,0.99659,0.99687,1.75,1.50
2016.10.11 03:39:20.146,0.99659,0.99687,1.75,1.50
2016.10.11 03:39:20.196,0.99658,0.99687,3.37,1.50
2016.10.11 03:39:20.247,0.99658,0.99686,1.75,1.75
2016.10.11 03:39:20.348,0.99661,0.99686,1.12,1.75
2016.10.11 03:39:20.449,0.99661,0.99686,1.12,1.75
2016.10.11 03:39:20.551,0.99661,0.99689,1.12,1.75
2016.10.11 03:39:20.601,0.99661,0.99688,1.12,1.87
2016.10.11 03:39:21.034,0.99661,0.99686,1.12,1.75
2016.10.11 03:39:21.569,0.99661,0.99685,1.12,1.37
2016.10.11 03:39:21.638,0.99661,0.99685,1.12,1.37
2016.10.11 03:39:22.139,0.99661,0.99685,1.12,1.37
2016.10.11 03:39:22.477,0.99661,0.99685,1.12,1.37
2016.10.11 03:39:23.319,0.99661,0.99687,1.12,1.75
2016.10.11 03:39:23.741,0.99659,0.99685,1.75,1.37
2016.10.11 03:39:24.191,0.99659,0.99686,1.75,1.75
2016.10.11 03:39:24.242,0.99659,0.99686,1.75,1.75
2016.10.11 03:39:24.343,0.99661,0.99686,1.12,1.75
2016.10.11 03:39:24.444,0.99661,0.99687,1.12,1.75
2016.10.11 03:39:24.647,0.99663,0.99687,1.75,1.00
2016.10.11 03:39:24.900,0.99661,0.99687,4.12,1.00
2016.10.11 03:39:24.951,0.99663,0.99687,1.00,1.00
2016.10.11 03:39:25.299,0.9966,0.99688,1.50,1.12
2016.10.11 03:39:25.351,0.9966,0.99688,1.12,3.00
2016.10.11 03:39:25.453,0.99659,0.99688,1.37,3.00
2016.10.11 03:39:25.554,0.99659,0.99688,1.37,3.00
2016.10.11 03:39:25.605,0.99658,0.99687,2.25,1.12
2016.10.11 03:39:25.656,0.99658,0.99686,2.25,1.75
2016.10.11 03:39:25.747,0.9966,0.99686,1.00,1.37
2016.10.11 03:39:25.798,0.99659,0.99687,1.75,1.37
2016.10.11 03:39:25.849,0.99659,0.99687,1.75,1.87
2016.10.11 03:39:25.899,0.99658,0.99687,2.25,1.50
2016.10.11 03:39:25.950,0.99658,0.99688,2.25,1.12
2016.10.11 03:39:26.129,0.99658,0.99688,1.75,1.12
2016.10.11 03:39:26.179,0.99659,0.99687,1.75,1.37
2016.10.11 03:39:26.847,0.99659,0.99687,1.75,1.37
2016.10.11 03:39:26.948,0.99659,0.99685,1.37,1.00
2016.10.11 03:39:26.999,0.99658,0.99688,1.50,3.75
2016.10.11 03:39:27.050,0.99658,0.99688,2.25,3.00
2016.10.11 03:39:27.151,0.99658,0.99688,2.25,3.00
2016.10.11 03:39:27.598,0.99658,0.99688,2.25,3.00
2016.10.11 03:39:28.214,0.99659,0.99687,1.37,1.12
2016.10.11 03:39:29.773,0.99659,0.99687,1.37,1.12
2016.10.11 03:39:30.265,0.9966,0.99686,1.75,1.00
2016.10.11 03:39:30.468,0.9966,0.99688,1.75,1.12
2016.10.11 03:39:30.970,0.99661,0.99688,1.75,1.12
2016.10.11 03:39:31.366,0.99661,0.99687,1.75,1.50
2016.10.11 03:39:31.472,0.99661,0.99688,1.75,1.12
2016.10.11 03:39:31.812,0.99661,0.99686,1.75,1.12
2016.10.11 03:39:31.863,0.99661,0.99686,1.75,1.12
2016.10.11 03:39:32.357,0.99661,0.99686,1.75,1.12
2016.10.11 03:39:32.574,0.9966,0.99686,1.75,1.12
2016.10.11 03:39:32.657,0.9966,0.99686,1.75,1.12
2016.10.11 03:39:32.758,0.9966,0.99686,1.75,1.00
2016.10.11 03:39:33.411,0.9966,0.99686,1.75,1.12
2016.10.11 03:39:33.462,0.99661,0.99686,1.75,1.12
2016.10.11 03:39:33.513,0.99661,0.99686,1.75,1.00
2016.10.11 03:39:33.563,0.99661,0.99687,1.75,1.00
2016.10.11 03:39:33.816,0.99663,0.99686,1.12,1.00
2016.10.11 03:39:33.867,0.99663,0.99686,1.75,1.00
2016.10.11 03:39:33.968,0.99662,0.99687,3.37,1.00
2016.10.11 03:39:34.464,0.99662,0.99687,1.75,1.00
2016.10.11 03:39:34.517,0.99659,0.99687,3.37,1.00
2016.10.11 03:39:34.568,0.99659,0.99687,2.25,1.50
2016.10.11 03:39:34.619,0.99659,0.99687,1.75,1.50
2016.10.11 03:39:34.770,0.99661,0.99686,1.75,1.00
2016.10.11 03:39:34.821,0.9966,0.99686,3.37,1.00
2016.10.11 03:39:34.872,0.9966,0.99686,3.37,1.00
2016.10.11 03:39:34.973,0.9966,0.99692,3.37,2.62
2016.10.11 03:39:35.024,0.9966,0.99692,3.37,3.37
2016.10.11 03:39:35.075,0.9966,0.99692,4.12,3.37
2016.10.11 03:39:35.126,0.9966,0.99692,4.12,2.62
2016.10.11 03:39:35.227,0.9966,0.99692,4.12,3.37
2016.10.11 03:39:35.329,0.9966,0.99692,4.12,2.62
2016.10.11 03:39:35.380,0.9966,0.99692,4.12,1.87
2016.10.11 03:39:35.430,0.9966,0.99692,4.12,2.62
2016.10.11 03:39:35.621,0.99661,0.99691,1.75,1.75
2016.10.11 03:39:35.706,0.99664,0.99691,1.87,1.75
2016.10.11 03:39:35.808,0.99664,0.99693,4.12,1.00
2016.10.11 03:39:35.860,0.99664,0.99693,3.37,1.50
2016.10.11 03:39:35.910,0.99664,0.99692,2.62,3.37
2016.10.11 03:39:35.962,0.99664,0.99692,2.25,5.25
2016.10.11 03:39:36.014,0.99661,0.99686,1.75,1.00
2016.10.11 03:39:36.065,0.99662,0.99686,1.00,1.00
2016.10.11 03:39:36.115,0.99662,0.99686,1.00,1.00
2016.10.11 03:39:36.167,0.99662,0.99687,1.00,1.00
2016.10.11 03:39:36.379,0.99668,0.99691,1.00,1.00
2016.10.11 03:39:37.581,0.99668,0.99692,1.00,1.87
2016.10.11 03:39:38.125,0.99668,0.99692,1.00,1.50
2016.10.11 03:39:38.176,0.99665,0.99691,2.25,1.00
2016.10.11 03:39:38.479,0.99665,0.99691,1.75,1.00
2016.10.11 03:39:38.770,0.99665,0.99691,1.75,1.00
2016.10.11 03:39:39.072,0.99667,0.99692,1.75,1.00
2016.10.11 03:39:39.275,0.99665,0.99692,1.75,1.00
2016.10.11 03:39:39.719,0.99665,0.99691,2.25,1.00
2016.10.11 03:39:40.955,0.99666,0.99691,1.75,1.00
2016.10.11 03:39:41.375,0.99667,0.99695,3.37,1.12
2016.10.11 03:39:41.426,0.99668,0.99696,1.75,1.50
2016.10.11 03:39:41.549,0.99668,0.99696,2.25,1.50
2016.10.11 03:39:42.559,0.99669,0.99696,1.75,1.50
2016.10.11 03:39:42.610,0.99669,0.99696,1.75,1.50
2016.10.11 03:39:43.006,0.99668,0.99696,1.75,1.50
2016.10.11 03:39:43.057,0.99669,0.99696,1.75,3.00
2016.10.11 03:39:43.108,0.99669,0.99696,1.75,3.00
2016.10.11 03:39:43.209,0.99669,0.99696,1.75,3.00
2016.10.11 03:39:43.540,0.99667,0.99696,2.62,1.50
2016.10.11 03:39:43.591,0.99666,0.99696,1.75,1.87
2016.10.11 03:39:44.565,0.99667,0.99696,1.75,1.87
2016.10.11 03:39:44.615,0.99667,0.99696,1.75,1.87
2016.10.11 03:39:45.325,0.99667,0.99695,1.75,1.12
2016.10.11 03:39:46.429,0.99668,0.99692,1.75,1.00
2016.10.11 03:39:46.701,0.99668,0.99692,1.75,1.00
2016.10.11 03:39:46.853,0.99668,0.99694,1.75,1.37
2016.10.11 03:39:47.005,0.99667,0.99692,1.50,1.00
2016.10.11 03:39:47.156,0.99667,0.99692,1.50,1.87
2016.10.11 03:39:47.970,0.99667,0.99692,1.00,1.50
2016.10.11 03:39:48.479,0.99667,0.99692,1.50,1.50
2016.10.11 03:39:48.530,0.99667,0.99692,1.50,1.50
2016.10.11 03:39:48.580,0.99667,0.99692,1.50,1.12
2016.10.11 03:39:48.631,0.99667,0.99692,1.75,1.00
2016.10.11 03:39:48.732,0.99667,0.99692,1.75,1.00
2016.10.11 03:39:49.151,0.99673,0.99692,1.00,1.00
2016.10.11 03:39:49.201,0.99673,0.99696,1.00,1.75
2016.10.11 03:39:49.252,0.99673,0.99697,1.00,2.62
2016.10.11 03:39:49.303,0.99677,0.99698,1.00,1.00
2016.10.11 03:39:49.404,0.99676,0.99704,1.75,1.37
2016.10.11 03:39:49.455,0.99676,0.99702,2.25,1.12
2016.10.11 03:39:49.506,0.99676,0.99702,1.75,1.12
2016.10.11 03:39:49.557,0.99676,0.99704,1.75,1.37
2016.10.11 03:39:49.770,0.99677,0.99703,1.50,1.87
2016.10.11 03:39:49.872,0.99675,0.99702,1.75,1.50
2016.10.11 03:39:49.923,0.99675,0.99702,1.75,1.50
2016.10.11 03:39:50.024,0.99675,0.99702,1.50,1.75
2016.10.11 03:39:51.238,0.99675,0.99702,1.50,1.75
2016.10.11 03:39:51.288,0.99673,0.99702,2.25,1.75
2016.10.11 03:39:51.339,0.99673,0.99702,2.25,1.75
2016.10.11 03:39:51.739,0.99674,0.99703,1.75,1.12
2016.10.11 03:39:51.994,0.99674,0.99699,1.37,1.37
2016.10.11 03:39:52.045,0.99673,0.99696,1.00,1.00
2016.10.11 03:39:54.705,0.99672,0.99696,1.50,1.00
2016.10.11 03:39:54.857,0.99672,0.99695,1.50,1.87
2016.10.11 03:39:54.907,0.99673,0.99693,1.00,1.37
2016.10.11 03:39:55.147,0.99667,0.99688,1.00,1.00
2016.10.11 03:39:55.351,0.99666,0.99688,1.00,1.00
2016.10.11 03:39:55.402,0.99666,0.99693,1.12,1.75
2016.10.11 03:39:56.170,0.99666,0.99692,1.12,1.12
2016.10.11 03:39:56.272,0.99666,0.99693,1.12,1.75
2016.10.11 03:40:00.127,0.99666,0.99691,1.12,1.50
2016.10.11 03:40:00.178,0.99661,0.99689,3.37,1.12
2016.10.11 03:40:00.228,0.99661,0.99689,1.12,1.75
2016.10.11 03:40:00.279,0.99659,0.99688,1.75,1.12
2016.10.11 03:40:00.382,0.99659,0.99688,1.75,1.75
2016.10.11 03:40:00.432,0.99659,0.99688,1.75,1.75
2016.10.11 03:40:00.483,0.99659,0.99686,1.75,1.75
2016.10.11 03:40:00.674,0.99659,0.99686,1.75,2.25
2016.10.11 03:40:00.744,0.99659,0.99686,1.50,2.25
2016.10.11 03:40:00.798,0.99659,0.99685,1.50,1.87
2016.10.11 03:40:01.074,0.99659,0.99685,1.50,1.87
2016.10.11 03:40:01.276,0.99659,0.99685,1.50,1.75
2016.10.11 03:40:01.326,0.99657,0.99685,1.75,1.75
2016.10.11 03:40:01.577,0.99657,0.99685,1.75,1.12
2016.10.11 03:40:01.698,0.99656,0.99685,1.75,1.12
2016.10.11 03:40:01.751,0.99656,0.99685,1.75,1.12
2016.10.11 03:40:02.064,0.99655,0.99683,1.75,1.12
2016.10.11 03:40:02.115,0.99655,0.99683,1.75,1.12
2016.10.11 03:40:02.165,0.99655,0.99683,1.75,1.12
2016.10.11 03:40:02.968,0.99655,0.99683,1.75,1.12
2016.10.11 03:40:03.070,0.99655,0.99684,2.25,1.12
2016.10.11 03:40:03.170,0.99655,0.99684,2.25,1.12
2016.10.11 03:40:03.487,0.99655,0.99684,2.25,1.12
2016.10.11 03:40:03.589,0.99655,0.99685,1.50,2.62
2016.10.11 03:40:03.691,0.99657,0.99685,1.12,2.62
2016.10.11 03:40:03.792,0.99657,0.99685,1.12,3.00
2016.10.11 03:40:04.272,0.99658,0.99685,1.00,3.00
2016.10.11 03:40:04.323,0.99658,0.99682,1.00,1.00
2016.10.11 03:40:04.374,0.99659,0.99682,1.50,1.00
2016.10.11 03:40:04.425,0.99662,0.99687,1.50,1.00
2016.10.11 03:40:04.476,0.99662,0.99687,1.50,1.00
2016.10.11 03:40:04.527,0.99665,0.99687,1.00,1.00
2016.10.11 03:40:04.628,0.99665,0.99692,1.75,1.75
2016.10.11 03:40:04.679,0.99665,0.99694,1.75,1.75
2016.10.11 03:40:04.730,0.99667,0.99692,1.00,1.00
2016.10.11 03:40:04.931,0.99667,0.99694,1.12,1.75
2016.10.11 03:40:05.035,0.99667,0.99692,1.50,1.00
2016.10.11 03:40:06.140,0.99667,0.99692,1.50,1.00
2016.10.11 03:40:07.679,0.99667,0.99692,1.50,1.00
2016.10.11 03:40:08.881,0.99667,0.99692,1.50,1.00
2016.10.11 03:40:10.114,0.99667,0.99692,1.50,1.00
2016.10.11 03:40:10.619,0.99667,0.99692,1.00,1.00
2016.10.11 03:40:10.670,0.99667,0.99692,1.00,1.50
2016.10.11 03:40:10.761,0.99667,0.99692,1.00,1.50
2016.10.11 03:40:10.812,0.99667,0.99692,1.00,1.50
2016.10.11 03:40:10.863,0.99665,0.99692,1.12,1.75
2016.10.11 03:40:10.914,0.99665,0.99692,1.12,1.87
2016.10.11 03:40:11.141,0.99663,0.99692,1.50,1.12
2016.10.11 03:40:11.192,0.99663,0.99691,2.25,1.12
2016.10.11 03:40:11.293,0.99663,0.99691,2.25,1.87
2016.10.11 03:40:11.395,0.99663,0.99691,2.25,1.87
2016.10.11 03:40:11.496,0.99663,0.99691,1.50,1.87
2016.10.11 03:40:11.592,0.99663,0.99691,1.50,2.62
2016.10.11 03:40:11.794,0.99663,0.99691,1.50,2.62
2016.10.11 03:40:12.798,0.99663,0.99691,1.50,1.87
2016.10.11 03:40:12.926,0.99663,0.99688,1.50,1.00
2016.10.11 03:40:17.294,0.99663,0.99688,1.50,1.00
2016.10.11 03:40:17.345,0.99662,0.99688,1.75,1.00
2016.10.11 03:40:17.395,0.99662,0.99688,1.75,1.00
2016.10.11 03:40:17.446,0.99662,0.99686,1.00,1.00
2016.10.11 03:40:17.497,0.99662,0.99686,1.00,1.12
2016.10.11 03:40:17.548,0.99662,0.99685,1.00,1.00
2016.10.11 03:40:17.598,0.99662,0.99685,1.00,1.00
2016.10.11 03:40:17.649,0.9966,0.99683,1.00,1.00
2016.10.11 03:40:17.953,0.99663,0.99689,1.00,1.87
2016.10.11 03:40:18.320,0.99664,0.99689,1.75,1.12
2016.10.11 03:40:18.371,0.99664,0.99689,1.50,1.00
2016.10.11 03:40:18.472,0.99664,0.99691,1.00,2.62
2016.10.11 03:40:18.524,0.99664,0.99691,1.00,3.00
2016.10.11 03:40:18.575,0.99663,0.99691,1.12,3.75
2016.10.11 03:40:18.731,0.99663,0.99691,1.12,3.75
2016.10.11 03:40:18.833,0.99662,0.99689,1.37,1.12
2016.10.11 03:40:19.125,0.99662,0.99691,1.37,2.62
2016.10.11 03:40:19.447,0.99664,0.99691,1.00,2.62
2016.10.11 03:40:19.548,0.99664,0.99691,1.00,3.00
2016.10.11 03:40:20.101,0.99664,0.99691,1.00,3.00
2016.10.11 03:40:20.296,0.99664,0.99691,1.00,2.62
2016.10.11 03:40:20.347,0.99664,0.99691,1.00,2.62
2016.10.11 03:40:20.448,0.99664,0.99692,1.50,1.75
2016.10.11 03:40:20.499,0.99664,0.99693,1.50,3.37
2016.10.11 03:40:20.549,0.99664,0.99692,1.12,2.62
2016.10.11 03:40:20.600,0.99664,0.99691,1.12,1.75
2016.10.11 03:40:20.752,0.99665,0.9969,1.00,1.00
2016.10.11 03:40:21.241,0.99664,0.99688,1.00,1.00
2016.10.11 03:40:21.840,0.99663,0.99688,1.00,1.00
2016.10.11 03:40:21.941,0.99663,0.99688,1.50,1.00
2016.10.11 03:40:22.144,0.99663,0.99688,1.00,1.00
2016.10.11 03:40:22.346,0.99663,0.99688,1.00,1.00
2016.10.11 03:40:27.112,0.99663,0.99688,1.00,1.00
2016.10.11 03:40:27.719,0.99663,0.99688,1.00,1.37
2016.10.11 03:40:27.827,0.99663,0.99688,1.00,1.00
2016.10.11 03:40:27.979,0.99662,0.99689,1.12,1.87
2016.10.11 03:40:29.302,0.99662,0.99689,1.12,1.87
2016.10.11 03:40:29.916,0.99662,0.9969,1.12,1.87
2016.10.11 03:40:30.164,0.9966,0.9969,1.75,1.87
2016.10.11 03:40:30.437,0.9966,0.99688,1.75,1.12
2016.10.11 03:40:30.866,0.9966,0.99688,1.75,1.12
2016.10.11 03:40:31.968,0.9966,0.99688,1.75,1.12
2016.10.11 03:40:32.019,0.9966,0.99688,1.75,1.12
2016.10.11 03:40:32.070,0.99661,0.99688,1.50,1.12
2016.10.11 03:40:32.222,0.99661,0.99689,1.50,1.12
2016.10.11 03:40:32.273,0.99661,0.99688,1.50,1.75
2016.10.11 03:40:32.324,0.99661,0.99688,1.50,1.75
2016.10.11 03:40:32.374,0.99661,0.99688,1.00,3.37
2016.10.11 03:40:32.425,0.99661,0.99688,1.00,3.37
2016.10.11 03:40:32.476,0.99661,0.99688,1.50,1.75
2016.10.11 03:40:32.627,0.99661,0.99688,1.50,1.75
2016.10.11 03:40:34.540,0.99659,0.99688,1.75,1.75
2016.10.11 03:40:35.048,0.99661,0.99688,1.50,1.75
2016.10.11 03:40:36.575,0.9966,0.99689,1.75,1.87
2016.10.11 03:40:36.676,0.9966,0.99687,1.75,1.12
2016.10.11 03:40:36.778,0.99658,0.99687,1.50,1.75
2016.10.11 03:40:36.828,0.99658,0.99687,1.50,1.75
2016.10.11 03:40:37.218,0.99658,0.99685,1.50,1.37
2016.10.11 03:40:38.134,0.99658,0.99685,1.50,1.37
2016.10.11 03:40:38.530,0.99658,0.99685,1.50,1.37
2016.10.11 03:40:38.581,0.99658,0.99686,1.50,1.12
2016.10.11 03:40:39.057,0.99661,0.99686,1.00,1.12
2016.10.11 03:40:39.158,0.99659,0.99686,1.37,1.12
2016.10.11 03:40:39.259,0.9966,0.99688,1.12,3.75
2016.10.11 03:40:39.310,0.9966,0.99688,1.50,1.87
2016.10.11 03:40:39.360,0.99659,0.99687,1.37,1.87
2016.10.11 03:40:39.411,0.99659,0.99687,1.12,3.75
2016.10.11 03:40:39.462,0.9966,0.99687,1.00,3.75
2016.10.11 03:40:39.563,0.9966,0.99685,1.00,1.12
2016.10.11 03:40:39.664,0.9966,0.99682,1.00,1.00
2016.10.11 03:40:39.715,0.9966,0.99684,1.00,1.75
2016.10.11 03:40:39.765,0.9966,0.99684,1.00,1.75
2016.10.11 03:40:39.968,0.99661,0.99684,1.00,1.50
2016.10.11 03:40:40.255,0.99663,0.99684,1.00,1.50
2016.10.11 03:40:40.457,0.99663,0.99685,1.00,1.75
2016.10.11 03:40:40.558,0.99664,0.99684,1.00,1.50
2016.10.11 03:40:40.963,0.99664,0.99685,1.00,1.75
2016.10.11 03:40:41.064,0.99666,0.99687,1.00,2.62
2016.10.11 03:40:41.216,0.99666,0.9969,1.00,1.75
2016.10.11 03:40:41.267,0.99664,0.9969,1.00,1.75
2016.10.11 03:40:41.714,0.99666,0.99689,1.00,1.75
2016.10.11 03:40:41.812,0.99666,0.99687,1.00,1.50
2016.10.11 03:40:41.913,0.99666,0.99684,1.00,1.00
2016.10.11 03:40:42.369,0.99666,0.99684,1.00,1.00
2016.10.11 03:40:42.470,0.99666,0.99684,1.00,1.00
2016.10.11 03:40:45.544,0.99664,0.99684,1.00,1.00
2016.10.11 03:40:45.761,0.99662,0.99684,1.00,1.00
2016.10.11 03:40:45.965,0.99664,0.99684,1.00,1.00
2016.10.11 03:40:46.117,0.99664,0.99686,1.00,1.75
2016.10.11 03:40:46.167,0.99667,0.99689,1.00,2.62
2016.10.11 03:40:46.218,0.99667,0.9969,1.00,3.37
2016.10.11 03:40:46.370,0.99667,0.99689,1.00,1.75
2016.10.11 03:40:46.669,0.99667,0.99692,1.00,3.75
2016.10.11 03:40:46.756,0.99667,0.99692,1.00,1.87
2016.10.11 03:40:47.268,0.99668,0.99693,1.00,1.87
2016.10.11 03:40:47.670,0.99669,0.99693,1.00,1.75
2016.10.11 03:40:48.598,0.9967,0.99693,1.00,1.75
2016.10.11 03:40:48.975,0.99668,0.99693,1.00,1.75
2016.10.11 03:40:49.575,0.9967,0.99693,1.00,1.75
2016.10.11 03:40:50.080,0.99668,0.99692,1.00,1.75
2016.10.11 03:40:50.470,0.99668,0.99692,1.00,1.87
2016.10.11 03:40:52.512,0.99668,0.99693,1.00,1.87
2016.10.11 03:40:53.242,0.99668,0.99692,1.00,1.87
2016.10.11 03:40:53.292,0.99667,0.99692,1.12,1.87
2016.10.11 03:40:54.558,0.99667,0.99692,1.12,1.87
2016.10.11 03:40:56.390,0.99667,0.99693,1.12,1.75
2016.10.11 03:40:56.472,0.99668,0.99693,1.00,1.75
2016.10.11 03:40:56.908,0.99668,0.99693,1.00,1.75
2016.10.11 03:40:59.213,0.99666,0.99692,1.50,1.87
2016.10.11 03:40:59.263,0.99666,0.99692,1.12,1.87
2016.10.11 03:40:59.314,0.99666,0.99693,1.00,3.75
2016.10.11 03:41:00.462,0.99666,0.99692,1.00,1.87
2016.10.11 03:41:03.422,0.99666,0.99692,1.00,1.75
2016.10.11 03:41:04.914,0.99666,0.99691,1.00,1.87
2016.10.11 03:41:05.015,0.99666,0.99689,1.00,1.37
2016.10.11 03:41:05.116,0.99663,0.99687,1.50,1.00
2016.10.11 03:41:05.218,0.99663,0.99687,1.00,1.00
2016.10.11 03:41:05.659,0.99662,0.99688,1.37,1.75
2016.10.11 03:41:05.710,0.99662,0.99688,1.00,1.75
2016.10.11 03:41:06.281,0.99661,0.99688,1.12,1.75
2016.10.11 03:41:13.438,0.99662,0.99688,1.00,1.75
2016.10.11 03:41:13.711,0.99662,0.99688,1.00,1.87
2016.10.11 03:41:14.225,0.99661,0.99683,1.00,1.00
2016.10.11 03:41:14.326,0.99661,0.99683,1.00,1.00
2016.10.11 03:41:14.389,0.99661,0.99683,1.00,1.00
2016.10.11 03:41:15.291,0.99659,0.99683,1.00,1.00
2016.10.11 03:41:15.735,0.9966,0.99683,1.00,1.00
2016.10.11 03:41:16.117,0.9966,0.99683,1.00,1.12
2016.10.11 03:41:16.293,0.9966,0.99683,1.00,1.12
2016.10.11 03:41:16.710,0.9966,0.99683,1.00,1.12
2016.10.11 03:41:19.236,0.99659,0.99683,1.00,1.12
2016.10.11 03:41:20.039,0.99659,0.99683,1.00,1.00
2016.10.11 03:41:21.148,0.99659,0.99683,1.00,1.00
2016.10.11 03:41:22.221,0.9966,0.99683,1.00,1.00
2016.10.11 03:41:23.479,0.99658,0.99683,1.50,1.00
2016.10.11 03:41:23.731,0.99658,0.99683,1.50,1.00
2016.10.11 03:41:23.832,0.9966,0.99683,1.00,1.00
2016.10.11 03:41:25.904,0.99659,0.99683,1.00,1.00
2016.10.11 03:41:25.955,0.99659,0.99683,1.00,1.00
2016.10.11 03:41:26.056,0.99659,0.99683,1.00,1.00
2016.10.11 03:41:30.126,0.99658,0.99685,1.12,3.00
2016.10.11 03:41:30.177,0.99658,0.99682,1.00,1.12
2016.10.11 03:41:30.228,0.99655,0.99682,1.75,1.12
2016.10.11 03:41:30.279,0.99656,0.99683,1.00,3.00
2016.10.11 03:41:30.380,0.99655,0.99683,1.37,3.00
2016.10.11 03:41:30.431,0.99655,0.99683,1.37,3.00
2016.10.11 03:41:30.482,0.99655,0.99683,1.37,2.62
2016.10.11 03:41:30.532,0.99655,0.99683,1.37,2.62
2016.10.11 03:41:30.634,0.99654,0.99683,1.50,2.62
2016.10.11 03:41:32.098,0.99654,0.99681,1.50,1.00
2016.10.11 03:41:32.500,0.99654,0.99684,1.75,1.75
2016.10.11 03:41:32.781,0.99655,0.9968,1.00,1.00
2016.10.11 03:41:33.031,0.99655,0.9968,1.00,1.00
2016.10.11 03:41:33.132,0.99653,0.99681,1.50,1.75
2016.10.11 03:41:33.351,0.99653,0.99681,1.12,1.75
2016.10.11 03:41:34.025,0.99652,0.99681,1.50,1.75
2016.10.11 03:41:36.007,0.99652,0.99681,1.50,1.75
2016.10.11 03:41:36.482,0.99652,0.99682,1.50,1.75
2016.10.11 03:41:39.418,0.99654,0.99682,1.00,1.75
2016.10.11 03:41:39.468,0.99654,0.99681,1.00,1.87
2016.10.11 03:41:39.640,0.99652,0.99681,1.50,1.87
2016.10.11 03:41:40.101,0.99652,0.99681,1.50,1.87
2016.10.11 03:41:40.550,0.99652,0.99681,1.00,2.62
2016.10.11 03:41:40.608,0.99652,0.99681,1.00,4.12
2016.10.11 03:41:40.865,0.99652,0.99681,1.00,3.37
2016.10.11 03:41:40.966,0.99652,0.9968,1.00,1.12
2016.10.11 03:41:41.067,0.99654,0.99681,1.00,3.37
2016.10.11 03:41:41.118,0.99654,0.99681,1.37,1.75
2016.10.11 03:41:41.169,0.99655,0.99682,1.75,1.75
2016.10.11 03:41:41.574,0.99655,0.99677,1.75,1.00
2016.10.11 03:41:41.625,0.99657,0.99677,1.12,1.00
2016.10.11 03:41:41.972,0.99657,0.99682,1.12,1.75
2016.10.11 03:41:42.300,0.99657,0.99676,1.12,1.00
2016.10.11 03:41:42.951,0.99654,0.99676,1.75,1.00
2016.10.11 03:41:43.053,0.99654,0.99681,2.25,1.50
2016.10.11 03:41:43.264,0.99654,0.99681,2.25,1.50
2016.10.11 03:41:44.267,0.99654,0.99681,2.25,1.50
2016.10.11 03:41:44.831,0.99655,0.99681,1.75,1.50
2016.10.11 03:41:45.162,0.99654,0.99681,2.25,1.50
2016.10.11 03:41:46.276,0.99659,0.99685,1.00,3.37
2016.10.11 03:41:46.718,0.99658,0.99683,1.00,1.12
2016.10.11 03:41:46.791,0.99654,0.99683,2.25,1.12
2016.10.11 03:41:46.894,0.99654,0.9968,1.75,1.12
2016.10.11 03:41:46.945,0.99654,0.9968,1.50,1.37
2016.10.11 03:41:47.195,0.99654,0.9968,1.12,1.75
2016.10.11 03:41:48.621,0.99654,0.9968,1.12,1.50
2016.10.11 03:41:49.120,0.9965,0.9968,2.25,1.50
2016.10.11 03:41:49.171,0.99653,0.9968,1.00,1.50
2016.10.11 03:41:49.222,0.99653,0.99677,1.00,1.00
2016.10.11 03:41:49.323,0.99652,0.99681,1.75,1.75
2016.10.11 03:41:49.927,0.99653,0.99681,1.75,1.75
2016.10.11 03:41:50.724,0.99652,0.99681,1.75,2.25
2016.10.11 03:41:50.796,0.99656,0.99681,1.00,1.75
2016.10.11 03:41:51.301,0.99656,0.99682,1.00,2.62
2016.10.11 03:41:51.352,0.99658,0.99682,1.00,2.62
2016.10.11 03:41:51.770,0.99658,0.99683,1.50,3.75
2016.10.11 03:41:51.829,0.99658,0.99682,1.50,1.00
2016.10.11 03:41:51.887,0.99663,0.9969,1.00,2.62
2016.10.11 03:41:51.937,0.99665,0.99687,1.12,1.00
2016.10.11 03:41:51.988,0.99665,0.99691,1.12,1.87
2016.10.11 03:41:52.039,0.99663,0.99691,2.25,1.87
2016.10.11 03:41:52.089,0.99663,0.99691,1.50,1.87
2016.10.11 03:41:52.191,0.99663,0.9969,1.50,1.75
2016.10.11 03:41:52.241,0.99661,0.9969,1.75,1.75
2016.10.11 03:41:52.292,0.99661,0.99689,1.37,1.75
2016.10.11 03:41:52.343,0.99664,0.99689,1.00,1.75
2016.10.11 03:41:52.835,0.99666,0.9969,1.00,1.75
2016.10.11 03:41:53.744,0.99665,0.9969,1.00,1.75
2016.10.11 03:41:54.991,0.99665,0.99689,1.00,1.75
2016.10.11 03:41:55.276,0.99665,0.99689,1.00,1.75
2016.10.11 03:41:55.428,0.99664,0.99688,1.00,1.12
2016.10.11 03:41:55.478,0.99663,0.99688,1.87,3.00
2016.10.11 03:41:55.529,0.99663,0.99687,1.50,1.12
2016.10.11 03:41:55.579,0.99663,0.99687,1.00,1.12
2016.10.11 03:41:55.630,0.99664,0.99687,1.00,1.12
2016.10.11 03:41:55.899,0.99669,0.99688,1.00,2.62
2016.10.11 03:41:55.950,0.9967,0.9969,1.00,5.25
2016.10.11 03:41:56.129,0.99669,0.9969,1.00,3.00
2016.10.11 03:41:56.186,0.99665,0.99694,1.50,3.75
2016.10.11 03:41:56.241,0.99667,0.99692,1.00,1.87
2016.10.11 03:41:56.291,0.99667,0.99692,1.00,1.12
2016.10.11 03:41:56.342,0.99672,0.99691,1.00,1.75
2016.10.11 03:41:56.393,0.99672,0.99691,1.00,3.37
2016.10.11 03:41:56.443,0.9967,0.99691,1.00,2.62
2016.10.11 03:41:56.494,0.9967,0.99696,1.00,1.75
2016.10.11 03:41:56.545,0.99675,0.99697,1.00,2.62
2016.10.11 03:41:56.596,0.99675,0.99701,1.00,2.62
2016.10.11 03:41:56.697,0.99675,0.997,1.37,1.37
2016.10.11 03:41:56.971,0.99674,0.99701,1.50,1.37
2016.10.11 03:41:57.022,0.99676,0.99702,1.00,2.62
2016.10.11 03:41:57.073,0.99675,0.99703,1.37,3.37
2016.10.11 03:41:57.124,0.99677,0.99702,1.00,1.00
2016.10.11 03:41:57.427,0.99677,0.99702,1.00,1.00
2016.10.11 03:41:57.528,0.99677,0.99702,1.00,1.00
2016.10.11 03:41:57.629,0.99677,0.99702,1.00,1.00
2016.10.11 03:41:57.695,0.99677,0.99702,1.00,1.00
2016.10.11 03:41:58.304,0.99677,0.99702,1.00,1.00
2016.10.11 03:41:58.758,0.99677,0.99702,1.50,1.00
2016.10.11 03:41:58.809,0.99677,0.99702,1.50,1.00
2016.10.11 03:41:58.860,0.99682,0.99702,1.00,1.00
2016.10.11 03:41:58.911,0.99682,0.99707,1.00,2.62
2016.10.11 03:41:58.962,0.99682,0.99709,1.37,2.62
2016.10.11 03:41:59.013,0.99682,0.99711,1.50,1.75
2016.10.11 03:41:59.063,0.99684,0.99711,1.12,1.75
2016.10.11 03:41:59.115,0.99684,0.99712,1.12,3.37
2016.10.11 03:41:59.347,0.99685,0.99712,1.00,2.62
2016.10.11 03:41:59.424,0.99685,0.99714,1.75,3.37
2016.10.11 03:42:00.111,0.99685,0.9971,1.75,1.12
2016.10.11 03:42:00.161,0.99682,0.9971,1.50,3.00
2016.10.11 03:42:00.375,0.99682,0.99707,1.87,2.25
2016.10.11 03:42:00.426,0.99683,0.99707,1.00,2.62
2016.10.11 03:42:00.478,0.99685,0.99709,1.37,2.25
2016.10.11 03:42:00.528,0.99689,0.99714,1.00,1.75
2016.10.11 03:42:00.630,0.99689,0.99714,1.00,1.75
2016.10.11 03:42:00.731,0.99688,0.99713,1.00,1.00
2016.10.11 03:42:01.167,0.99688,0.99713,1.00,1.00
2016.10.11 03:42:01.505,0.99686,0.99712,1.00,3.00
2016.10.11 03:42:01.556,0.99683,0.99712,1.87,3.00
2016.10.11 03:42:01.607,0.99683,0.99711,1.87,2.62
2016.10.11 03:42:01.708,0.99684,0.99706,1.00,1.00
2016.10.11 03:42:01.816,0.99684,0.99706,1.00,1.00
2016.10.11 03:42:01.918,0.99681,0.99701,1.12,1.37
2016.10.11 03:42:01.968,0.99675,0.99701,1.00,1.75
2016.10.11 03:42:02.070,0.99672,0.99699,1.00,1.75
2016.10.11 03:42:02.305,0.99674,0.99698,1.00,1.75
2016.10.11 03:42:02.919,0.99678,0.99699,1.00,1.75
2016.10.11 03:42:03.887,0.99674,0.99693,1.00,1.37
2016.10.11 03:42:03.939,0.99669,0.99691,1.00,1.50
2016.10.11 03:42:03.990,0.99669,0.9969,1.00,2.25
2016.10.11 03:42:04.041,0.99669,0.9969,1.00,2.62
2016.10.11 03:42:04.142,0.99669,0.99687,1.00,1.75
2016.10.11 03:42:05.346,0.99669,0.99686,1.00,1.00
2016.10.11 03:42:07.020,0.99663,0.99686,1.00,1.00
2016.10.11 03:42:07.121,0.99663,0.99688,1.00,3.37
2016.10.11 03:42:07.222,0.99663,0.99687,1.00,2.62
2016.10.11 03:42:07.328,0.99663,0.99687,1.00,3.37
2016.10.11 03:42:07.379,0.99663,0.99687,1.00,1.75
2016.10.11 03:42:07.556,0.99663,0.99688,1.00,1.75
2016.10.11 03:42:08.236,0.99664,0.99687,1.00,1.75
2016.10.11 03:42:08.337,0.99664,0.99687,1.00,1.75
2016.10.11 03:42:08.882,0.99664,0.99688,1.00,1.75
2016.10.11 03:42:09.301,0.99668,0.99688,1.00,1.75
2016.10.11 03:42:09.352,0.99668,0.99689,1.00,2.25
2016.10.11 03:42:09.404,0.99668,0.99692,1.00,1.75
2016.10.11 03:42:09.455,0.99668,0.99693,1.00,1.75
2016.10.11 03:42:09.556,0.99668,0.99692,1.00,1.75
2016.10.11 03:42:09.659,0.99669,0.99694,1.00,2.62
2016.10.11 03:42:09.709,0.99669,0.99695,1.00,1.87
2016.10.11 03:42:09.761,0.99669,0.99695,1.00,2.25
2016.10.11 03:42:09.812,0.99668,0.99695,1.12,2.25
2016.10.11 03:42:09.863,0.99668,0.99693,1.12,1.75
2016.10.11 03:42:09.913,0.99668,0.99693,1.00,1.75
2016.10.11 03:42:09.964,0.99668,0.9969,1.00,1.75
2016.10.11 03:42:10.189,0.99668,0.9969,1.00,3.37
2016.10.11 03:42:10.239,0.99668,0.9969,1.00,3.37
2016.10.11 03:42:10.341,0.99664,0.9969,1.00,2.62
2016.10.11 03:42:10.644,0.99669,0.9969,1.00,3.75
2016.10.11 03:42:10.827,0.99663,0.9969,1.00,3.75
2016.10.11 03:42:11.071,0.99663,0.9969,1.00,3.75
2016.10.11 03:42:11.529,0.99658,0.99684,2.25,1.75
2016.10.11 03:42:11.611,0.99658,0.99682,2.25,1.00
2016.10.11 03:42:11.683,0.99658,0.99682,1.50,1.00
2016.10.11 03:42:11.733,0.99659,0.99685,1.00,3.37
2016.10.11 03:42:11.841,0.99659,0.99679,1.00,2.62
2016.10.11 03:42:11.943,0.99657,0.99676,1.00,2.25
2016.10.11 03:42:11.994,0.99653,0.99676,1.00,2.25
2016.10.11 03:42:12.044,0.99648,0.99675,1.50,1.75
2016.10.11 03:42:12.095,0.99653,0.99675,1.00,1.75
2016.10.11 03:42:12.313,0.99656,0.99678,1.00,2.25
2016.10.11 03:42:12.367,0.99658,0.99682,1.00,1.50
2016.10.11 03:42:12.468,0.99662,0.99686,1.00,1.75
2016.10.11 03:42:12.520,0.99664,0.99686,1.00,3.37
2016.10.11 03:42:12.571,0.99664,0.99686,1.37,2.25
2016.10.11 03:42:12.622,0.99663,0.99693,2.25,2.25
2016.10.11 03:42:12.673,0.99664,0.99691,1.37,1.75
2016.10.11 03:42:12.724,0.99664,0.99691,1.12,1.75
2016.10.11 03:42:14.456,0.99663,0.99691,1.87,1.75
2016.10.11 03:42:14.699,0.99663,0.9969,1.00,2.62
2016.10.11 03:42:14.750,0.99661,0.99688,1.12,2.62
2016.10.11 03:42:14.801,0.99659,0.99687,1.12,2.62
2016.10.11 03:42:14.852,0.99659,0.99685,1.12,1.87
2016.10.11 03:42:14.903,0.99659,0.99685,1.00,3.75
2016.10.11 03:42:14.954,0.99659,0.99685,1.00,3.37
2016.10.11 03:42:15.004,0.9966,0.99685,1.00,1.75
2016.10.11 03:42:15.055,0.9966,0.99685,1.37,1.37
2016.10.11 03:42:15.106,0.99659,0.99685,1.75,1.12
2016.10.11 03:42:15.157,0.99657,0.99685,1.50,1.50
2016.10.11 03:42:15.207,0.99659,0.99685,1.00,1.75
2016.10.11 03:42:15.258,0.99659,0.99685,1.87,1.37
2016.10.11 03:42:15.496,0.99661,0.99691,1.75,4.50
2016.10.11 03:42:15.547,0.99662,0.99691,1.75,3.00
2016.10.11 03:42:15.597,0.99662,0.99691,1.75,1.37
2016.10.11 03:42:15.648,0.99663,0.99693,1.75,1.12
2016.10.11 03:42:15.742,0.99664,0.99693,1.50,3.00
2016.10.11 03:42:15.793,0.99663,0.99693,1.75,3.00
2016.10.11 03:42:15.844,0.99663,0.99691,1.75,1.75
2016.10.11 03:42:15.945,0.99664,0.99694,1.37,1.75
2016.10.11 03:42:15.996,0.99664,0.99694,1.12,3.37
2016.10.11 03:42:16.046,0.99664,0.99693,1.87,1.75
2016.10.11 03:42:16.476,0.99665,0.99693,1.00,1.75
2016.10.11 03:42:16.678,0.99664,0.99693,1.12,1.75
2016.10.11 03:42:17.487,0.99664,0.99692,1.50,2.62
2016.10.11 03:42:17.538,0.99664,0.9969,1.50,1.75
2016.10.11 03:42:17.589,0.99664,0.99691,1.50,1.75
2016.10.11 03:42:17.893,0.99664,0.99691,2.25,1.75
2016.10.11 03:42:17.994,0.99664,0.9969,1.50,1.75
2016.10.11 03:42:18.146,0.99663,0.99687,1.87,1.00
2016.10.11 03:42:18.374,0.99663,0.9969,1.87,1.75
2016.10.11 03:42:18.425,0.99669,0.99693,2.25,1.00
2016.10.11 03:42:18.475,0.9967,0.997,1.75,3.75
2016.10.11 03:42:18.526,0.99675,0.997,1.00,1.87
2016.10.11 03:42:18.577,0.99671,0.99701,2.25,1.12
2016.10.11 03:42:18.628,0.99673,0.99698,1.00,1.00
2016.10.11 03:42:18.678,0.99673,0.99698,1.00,1.00
2016.10.11 03:42:19.491,0.99673,0.99698,1.00,1.00
2016.10.11 03:42:19.542,0.99672,0.99698,1.37,2.62
2016.10.11 03:42:19.593,0.99668,0.99697,3.37,2.25
2016.10.11 03:42:19.644,0.99668,0.99695,1.37,2.62
2016.10.11 03:42:19.694,0.99668,0.99692,1.37,1.87
2016.10.11 03:42:19.745,0.99665,0.99693,1.12,3.75
2016.10.11 03:42:19.796,0.99665,0.99693,1.12,3.75
2016.10.11 03:42:19.847,0.99665,0.99688,1.12,1.00
2016.10.11 03:42:19.898,0.99664,0.99688,1.37,1.00
2016.10.11 03:42:19.949,0.99664,0.99691,1.00,2.62
2016.10.11 03:42:20.388,0.99664,0.99691,1.00,2.62
2016.10.11 03:42:20.819,0.99665,0.99689,1.00,1.00
2016.10.11 03:42:22.007,0.99666,0.99689,1.00,1.00
2016.10.11 03:42:22.058,0.99669,0.99694,1.00,3.37
2016.10.11 03:42:22.108,0.99669,0.99694,1.00,1.75
2016.10.11 03:42:22.159,0.99669,0.99692,1.00,1.87
2016.10.11 03:42:22.260,0.99667,0.99692,1.00,1.75
2016.10.11 03:42:22.311,0.99666,0.99691,1.00,1.00
2016.10.11 03:42:22.463,0.99665,0.99692,1.37,1.75
2016.10.11 03:42:22.667,0.99664,0.99692,1.12,3.37
2016.10.11 03:42:22.718,0.99664,0.99692,1.12,3.37
2016.10.11 03:42:22.870,0.99664,0.99692,1.50,3.37
2016.10.11 03:42:22.920,0.99665,0.9969,1.50,1.00
2016.10.11 03:42:23.022,0.99665,0.9969,1.00,1.00
2016.10.11 03:42:23.174,0.99665,0.9969,1.00,1.00
2016.10.11 03:42:23.895,0.99663,0.99692,1.50,3.75
2016.10.11 03:42:23.946,0.99664,0.99691,1.12,1.75
2016.10.11 03:42:26.150,0.99663,0.99692,1.50,4.50
2016.10.11 03:42:26.302,0.99663,0.9969,1.50,1.12
2016.10.11 03:42:26.988,0.99664,0.9969,1.12,1.12
2016.10.11 03:42:28.390,0.99664,0.99689,1.12,1.12
2016.10.11 03:42:28.591,0.99663,0.99689,1.50,1.12
2016.10.11 03:42:29.067,0.99663,0.99686,1.37,1.00
2016.10.11 03:42:29.168,0.99663,0.99689,1.00,1.12
2016.10.11 03:42:29.927,0.99663,0.99689,1.00,3.00
2016.10.11 03:42:29.977,0.99664,0.99687,1.00,1.75
2016.10.11 03:42:30.028,0.99662,0.99687,1.00,3.37
2016.10.11 03:42:30.079,0.99662,0.99685,1.00,1.12
2016.10.11 03:42:30.204,0.99659,0.99685,1.12,1.12
2016.10.11 03:42:30.255,0.99657,0.99681,1.50,1.00
2016.10.11 03:42:30.306,0.99657,0.99681,1.50,1.00
2016.10.11 03:42:30.407,0.99659,0.99681,1.00,1.00
2016.10.11 03:42:30.458,0.99659,0.99681,1.50,1.00
2016.10.11 03:42:30.508,0.99659,0.99681,1.50,1.00
2016.10.11 03:42:30.559,0.99659,0.99681,1.00,1.00
2016.10.11 03:42:30.610,0.99659,0.99682,1.00,1.75
2016.10.11 03:42:30.711,0.99656,0.99682,1.12,1.75
2016.10.11 03:42:31.262,0.99656,0.99683,1.12,1.75
2016.10.11 03:42:31.364,0.99658,0.99682,1.00,1.75
2016.10.11 03:42:32.284,0.99658,0.99684,1.00,2.62
2016.10.11 03:42:32.512,0.99658,0.99684,1.50,3.00
2016.10.11 03:42:32.563,0.99656,0.9968,1.00,1.00
2016.10.11 03:42:32.817,0.99659,0.9968,1.00,1.00
2016.10.11 03:42:32.868,0.99659,0.99682,1.00,1.50
2016.10.11 03:42:32.919,0.9966,0.99684,1.00,1.12
2016.10.11 03:42:33.072,0.9966,0.99686,1.00,4.12
2016.10.11 03:42:33.123,0.9966,0.99686,1.00,4.12
2016.10.11 03:42:33.275,0.9966,0.99686,1.00,4.50
2016.10.11 03:42:33.377,0.99659,0.99685,1.00,1.87
2016.10.11 03:42:34.082,0.9966,0.99685,1.00,1.87
2016.10.11 03:42:34.402,0.9966,0.99685,1.00,1.75
2016.10.11 03:42:35.066,0.9966,0.99685,1.00,1.87
2016.10.11 03:42:35.218,0.99659,0.99686,1.00,3.75
2016.10.11 03:42:35.319,0.99659,0.99686,1.00,3.75
2016.10.11 03:42:35.716,0.99659,0.99686,1.50,3.75
2016.10.11 03:42:36.023,0.99662,0.99685,1.00,1.75
2016.10.11 03:42:36.074,0.99662,0.99685,1.00,1.75
2016.10.11 03:42:36.254,0.99664,0.99685,1.00,1.75
2016.10.11 03:42:37.272,0.99664,0.99685,1.00,1.75
2016.10.11 03:42:37.609,0.99664,0.99686,1.00,3.37
2016.10.11 03:42:37.660,0.9966,0.99686,1.12,1.75
2016.10.11 03:42:37.710,0.9966,0.99685,1.12,1.12
2016.10.11 03:42:37.811,0.99658,0.99683,1.87,1.37
2016.10.11 03:42:37.862,0.99658,0.99681,1.50,1.00
2016.10.11 03:42:38.892,0.99658,0.99681,1.00,1.00
2016.10.11 03:42:38.994,0.99658,0.99681,1.00,1.00
2016.10.11 03:42:39.323,0.99658,0.99681,1.00,1.00
2016.10.11 03:42:42.289,0.99658,0.99681,1.00,1.00
2016.10.11 03:42:42.492,0.99658,0.99681,1.00,1.00
2016.10.11 03:42:42.593,0.99658,0.99681,1.00,1.00
2016.10.11 03:42:43.484,0.99658,0.99683,1.00,1.75
2016.10.11 03:42:43.636,0.99658,0.99683,1.00,1.75
2016.10.11 03:42:43.801,0.99659,0.99679,1.00,1.00
2016.10.11 03:42:43.852,0.99659,0.99682,1.00,1.75
2016.10.11 03:42:44.728,0.99659,0.99682,1.00,1.75
2016.10.11 03:42:45.233,0.99659,0.99683,1.00,1.75
2016.10.11 03:42:45.617,0.99658,0.99684,1.50,2.62
2016.10.11 03:42:46.015,0.99668,0.99684,1.00,2.25
2016.10.11 03:42:46.119,0.99669,0.9969,1.00,1.00
2016.10.11 03:42:46.472,0.99665,0.9969,1.50,1.00
2016.10.11 03:42:47.317,0.99666,0.9969,1.00,1.00
2016.10.11 03:42:51.575,0.99669,0.9969,1.00,1.00
2016.10.11 03:42:53.216,0.99665,0.9969,1.50,1.00
2016.10.11 03:42:53.318,0.99665,0.9969,1.00,1.00
2016.10.11 03:42:53.419,0.99664,0.99692,1.87,1.12
2016.10.11 03:42:53.470,0.99664,0.99691,1.50,1.75
2016.10.11 03:42:53.520,0.99664,0.99691,1.50,2.25
2016.10.11 03:42:53.998,0.99664,0.99691,1.00,2.25
2016.10.11 03:42:54.537,0.99664,0.9969,1.00,1.75
2016.10.11 03:42:55.039,0.99664,0.99691,1.00,2.25
2016.10.11 03:42:55.292,0.99666,0.99691,2.25,1.37
2016.10.11 03:42:55.381,0.9967,0.99693,1.00,1.00
2016.10.11 03:42:55.438,0.99671,0.99696,1.12,1.50
2016.10.11 03:42:55.489,0.99671,0.99696,1.50,1.50
2016.10.11 03:42:55.643,0.99672,0.99696,1.00,1.50
2016.10.11 03:42:55.822,0.99671,0.99696,1.00,1.50
2016.10.11 03:42:56.195,0.99673,0.99696,1.00,1.00
2016.10.11 03:42:58.884,0.99671,0.99696,1.00,1.50
2016.10.11 03:42:58.935,0.99672,0.99696,1.37,1.12
2016.10.11 03:42:58.986,0.99674,0.99699,1.50,1.00
2016.10.11 03:42:59.037,0.99674,0.99699,2.25,1.00
2016.10.11 03:42:59.138,0.99676,0.99701,1.12,1.87
2016.10.11 03:42:59.189,0.99676,0.99701,1.50,1.12
2016.10.11 03:42:59.422,0.99675,0.99701,1.37,1.50
2016.10.11 03:42:59.473,0.99674,0.99699,1.50,1.12
2016.10.11 03:42:59.523,0.99671,0.99697,1.37,1.50
2016.10.11 03:42:59.574,0.9967,0.99697,1.00,2.25
2016.10.11 03:42:59.675,0.99672,0.99697,1.12,1.50
2016.10.11 03:42:59.726,0.99671,0.99697,1.37,1.50
2016.10.11 03:42:59.776,0.99671,0.99697,1.37,1.50
2016.10.11 03:42:59.827,0.99671,0.99699,1.37,1.35
2016.10.11 03:42:59.928,0.99672,0.99699,1.12,1.35
2016.10.11 03:42:59.979,0.99672,0.99699,1.12,2.47
2016.10.11 03:43:00.030,0.99672,0.99696,1.12,1.37
2016.10.11 03:43:00.131,0.99669,0.99696,1.87,1.75
2016.10.11 03:43:00.181,0.99669,0.99696,1.87,1.75
2016.10.11 03:43:00.232,0.99669,0.99696,1.37,1.75
2016.10.11 03:43:00.283,0.99669,0.99695,1.37,1.12
2016.10.11 03:43:00.333,0.99669,0.99692,1.37,1.00
2016.10.11 03:43:00.511,0.99669,0.99695,1.50,1.12
2016.10.11 03:43:00.561,0.99669,0.99694,1.50,1.37
2016.10.11 03:43:01.804,0.99669,0.99693,1.50,1.00
2016.10.11 03:43:02.258,0.99669,0.99694,1.50,1.37
2016.10.11 03:43:02.555,0.99669,0.99695,1.50,1.12
2016.10.11 03:43:02.905,0.99668,0.99695,1.75,2.05
2016.10.11 03:43:02.956,0.99667,0.99695,1.50,2.05
2016.10.11 03:43:03.007,0.99667,0.99694,1.50,1.12
2016.10.11 03:43:03.108,0.99669,0.99693,1.00,1.12
2016.10.11 03:43:03.209,0.99667,0.99692,1.50,1.12
2016.10.11 03:43:03.260,0.99667,0.99692,1.75,1.00
2016.10.11 03:43:03.678,0.99667,0.99692,1.75,1.37
2016.10.11 03:43:03.729,0.99667,0.99694,1.37,1.12
2016.10.11 03:43:03.780,0.99667,0.99695,1.37,1.37
2016.10.11 03:43:03.830,0.99665,0.99695,1.75,2.10
2016.10.11 03:43:03.881,0.99667,0.99695,1.00,4.35
2016.10.11 03:43:03.932,0.99667,0.99692,1.00,1.50
2016.10.11 03:43:04.033,0.99667,0.99692,1.50,1.00
2016.10.11 03:43:04.492,0.99665,0.99695,2.25,2.62
2016.10.11 03:43:04.543,0.99665,0.99693,1.37,1.87
2016.10.11 03:43:05.213,0.99665,0.9969,1.00,3.00
2016.10.11 03:43:05.263,0.99664,0.9969,1.00,4.12
2016.10.11 03:43:05.314,0.99664,0.9969,1.37,1.87
2016.10.11 03:43:05.365,0.99664,0.9969,1.50,1.00
2016.10.11 03:43:05.416,0.99661,0.99689,1.50,1.50
2016.10.11 03:43:05.466,0.99661,0.99686,1.00,1.00
2016.10.11 03:43:05.517,0.99664,0.99687,1.00,1.75
2016.10.11 03:43:05.757,0.99664,0.99683,1.00,1.00
2016.10.11 03:43:05.808,0.99664,0.99688,1.00,3.37
2016.10.11 03:43:05.872,0.99664,0.99689,1.00,1.75
2016.10.11 03:43:06.463,0.99664,0.99688,1.00,1.75
2016.10.11 03:43:06.588,0.99664,0.99691,1.37,4.12
2016.10.11 03:43:06.809,0.99663,0.99691,1.37,3.37
2016.10.11 03:43:06.860,0.9967,0.99695,1.00,1.00
2016.10.11 03:43:06.940,0.9967,0.99695,1.00,1.00
2016.10.11 03:43:08.571,0.9967,0.99695,1.50,1.00
2016.10.11 03:43:08.903,0.99674,0.99695,1.00,1.00
2016.10.11 03:43:09.703,0.9967,0.99695,1.50,1.00
2016.10.11 03:43:11.324,0.99673,0.99695,1.00,1.00
2016.10.11 03:43:17.286,0.99673,0.99695,1.00,1.00
2016.10.11 03:43:18.213,0.99673,0.99695,1.00,1.00
2016.10.11 03:43:21.901,0.99673,0.99695,1.00,1.00
2016.10.11 03:43:22.018,0.99673,0.99695,1.00,1.00
2016.10.11 03:43:23.557,0.99673,0.99698,1.00,1.87
2016.10.11 03:43:23.608,0.99673,0.99696,1.00,1.00
2016.10.11 03:43:24.854,0.99673,0.99696,1.00,1.00
2016.10.11 03:43:28.634,0.99673,0.99696,1.00,1.00
2016.10.11 03:43:29.124,0.99673,0.99696,1.00,1.00
2016.10.11 03:43:29.226,0.99673,0.99696,1.00,1.00
2016.10.11 03:43:29.378,0.99673,0.99696,1.50,1.00
2016.10.11 03:43:29.479,0.99674,0.99696,1.00,1.00
2016.10.11 03:43:29.836,0.99674,0.99701,1.37,2.62
2016.10.11 03:43:29.886,0.99675,0.997,1.00,1.00
2016.10.11 03:43:29.937,0.99675,0.997,1.00,1.00
2016.10.11 03:43:30.405,0.99675,0.997,1.00,1.00
2016.10.11 03:43:30.456,0.99675,0.997,1.50,1.00
2016.10.11 03:43:30.948,0.99675,0.997,1.87,1.00
2016.10.11 03:43:30.998,0.99679,0.997,1.00,1.00
2016.10.11 03:43:31.049,0.99679,0.99705,1.12,2.62
2016.10.11 03:43:31.100,0.99681,0.99706,1.00,1.75
2016.10.11 03:43:31.151,0.99681,0.99706,1.00,2.25
2016.10.11 03:43:31.201,0.99681,0.99705,1.00,1.00
2016.10.11 03:43:31.252,0.99681,0.99705,1.00,1.00
2016.10.11 03:43:31.303,0.99682,0.99705,1.00,1.00
2016.10.11 03:43:31.536,0.99675,0.99701,3.00,1.37
2016.10.11 03:43:31.587,0.99675,0.99698,1.00,1.00
2016.10.11 03:43:31.738,0.99676,0.99703,1.37,2.62
2016.10.11 03:43:31.789,0.99677,0.99702,1.00,1.00
2016.10.11 03:43:31.840,0.99678,0.99702,1.50,1.00
2016.10.11 03:43:31.943,0.99678,0.99706,1.87,1.75
2016.10.11 03:43:32.000,0.99678,0.99706,2.25,1.75
2016.10.11 03:43:32.239,0.9968,0.99706,1.12,1.75
2016.10.11 03:43:32.289,0.9968,0.99706,1.12,1.50
2016.10.11 03:43:32.340,0.99683,0.99709,1.00,1.75
2016.10.11 03:43:32.758,0.99681,0.99708,1.00,1.75
2016.10.11 03:43:33.024,0.99685,0.99708,1.00,1.00
2016.10.11 03:43:33.078,0.99685,0.99711,1.37,1.50
2016.10.11 03:43:33.129,0.99686,0.99711,1.50,1.50
2016.10.11 03:43:33.492,0.99686,0.99711,1.00,1.50
2016.10.11 03:43:33.745,0.99686,0.99711,1.50,1.50
2016.10.11 03:43:33.846,0.99686,0.99711,1.00,1.50
2016.10.11 03:43:34.265,0.99686,0.99711,1.00,1.87
2016.10.11 03:43:34.366,0.99686,0.99711,1.00,1.50
2016.10.11 03:43:34.536,0.99686,0.99707,1.00,1.00
2016.10.11 03:43:34.636,0.99686,0.99711,1.00,1.00
2016.10.11 03:43:35.364,0.99684,0.99712,1.75,1.87
2016.10.11 03:43:35.575,0.99684,0.99712,1.37,1.87
2016.10.11 03:43:35.916,0.99685,0.99712,1.12,1.87
2016.10.11 03:43:35.967,0.99685,0.99712,1.12,1.75
2016.10.11 03:43:36.271,0.99685,0.99711,1.12,1.12
2016.10.11 03:43:36.423,0.99684,0.99711,1.37,1.12
2016.10.11 03:43:36.625,0.99683,0.99711,3.00,1.12
2016.10.11 03:43:36.852,0.99683,0.99711,2.25,1.87
2016.10.11 03:43:36.971,0.99683,0.99712,2.25,2.62
2016.10.11 03:43:37.274,0.99683,0.99711,2.25,1.87
2016.10.11 03:43:37.473,0.99683,0.99711,2.25,1.87
2016.10.11 03:43:37.524,0.99683,0.99711,1.50,1.87
2016.10.11 03:43:37.575,0.99683,0.99711,1.50,1.87
2016.10.11 03:43:38.258,0.99684,0.99711,1.37,1.75
2016.10.11 03:43:38.361,0.99684,0.99711,1.37,1.87
2016.10.11 03:43:38.578,0.99683,0.99711,1.50,1.12
2016.10.11 03:43:38.679,0.99683,0.99712,1.50,2.62
2016.10.11 03:43:38.831,0.99683,0.99712,1.50,3.37
2016.10.11 03:43:38.882,0.99684,0.99711,1.37,2.25
2016.10.11 03:43:40.184,0.99684,0.99711,1.37,1.75
2016.10.11 03:43:41.440,0.99684,0.9971,1.37,1.37
2016.10.11 03:43:41.869,0.99681,0.9971,1.75,1.37
2016.10.11 03:43:41.939,0.99681,0.99711,1.75,1.75
2016.10.11 03:43:42.053,0.99681,0.99711,1.75,1.75
2016.10.11 03:43:42.332,0.99683,0.99711,1.50,1.75
2016.10.11 03:43:42.383,0.99684,0.99711,1.37,2.25
2016.10.11 03:43:42.484,0.99684,0.99711,1.37,2.62
2016.10.11 03:43:42.945,0.99684,0.99711,1.37,1.75
2016.10.11 03:43:43.046,0.99684,0.99711,1.37,2.62
2016.10.11 03:43:43.350,0.99684,0.9971,1.87,1.37
2016.10.11 03:43:43.443,0.99684,0.99711,1.87,1.75
2016.10.11 03:43:43.658,0.99684,0.99711,1.87,3.37
2016.10.11 03:43:43.760,0.99684,0.99711,1.12,4.50
2016.10.11 03:43:43.963,0.99684,0.9971,1.12,1.12
2016.10.11 03:43:46.048,0.99684,0.99709,1.12,1.12
2016.10.11 03:43:46.098,0.99684,0.99709,1.00,1.12
2016.10.11 03:43:46.250,0.99684,0.9971,1.00,3.00
2016.10.11 03:43:48.160,0.99679,0.99706,1.37,3.75
2016.10.11 03:43:48.211,0.99679,0.99704,1.00,1.37
2016.10.11 03:43:48.262,0.99676,0.99703,1.75,1.00
2016.10.11 03:43:48.363,0.99675,0.99703,1.50,1.50
2016.10.11 03:43:48.413,0.99675,0.99703,1.12,1.87
2016.10.11 03:43:48.743,0.99679,0.99703,1.00,1.87
2016.10.11 03:43:48.869,0.99674,0.997,1.50,1.37
2016.10.11 03:43:48.920,0.99674,0.997,1.12,1.75
2016.10.11 03:43:48.971,0.99674,0.997,1.12,1.75
2016.10.11 03:43:49.173,0.99672,0.997,1.75,1.75
2016.10.11 03:43:49.375,0.99672,0.99701,1.75,1.75
2016.10.11 03:43:50.055,0.99672,0.997,1.75,1.75
2016.10.11 03:43:51.671,0.99672,0.99701,1.75,1.75
2016.10.11 03:43:52.360,0.99672,0.997,1.75,1.75
2016.10.11 03:43:52.736,0.99671,0.997,1.50,1.75
2016.10.11 03:43:53.863,0.99671,0.99697,1.50,1.12
2016.10.11 03:43:54.237,0.99672,0.99697,1.12,1.12
2016.10.11 03:43:55.742,0.99671,0.99697,1.50,1.12
2016.10.11 03:43:55.793,0.99671,0.99698,1.50,3.00
2016.10.11 03:43:55.844,0.99671,0.99698,1.12,3.00
2016.10.11 03:43:55.894,0.99671,0.99697,1.12,1.12
2016.10.11 03:43:56.209,0.99671,0.99698,1.12,3.00
2016.10.11 03:43:56.267,0.99671,0.99698,1.12,3.75
2016.10.11 03:43:58.794,0.99671,0.99698,1.12,3.37
2016.10.11 03:43:59.169,0.9968,0.99699,2.25,2.25
2016.10.11 03:43:59.220,0.99684,0.99711,1.50,1.75
2016.10.11 03:43:59.372,0.99684,0.99711,1.50,2.25
2016.10.11 03:44:00.186,0.99683,0.99712,1.75,2.25
2016.10.11 03:44:00.287,0.99686,0.99711,1.37,1.37
2016.10.11 03:44:00.338,0.99686,0.99711,1.75,1.00
2016.10.11 03:44:01.106,0.99685,0.99711,1.75,1.00
2016.10.11 03:44:02.209,0.99686,0.99711,1.75,1.00
2016.10.11 03:44:02.470,0.99686,0.99711,1.75,1.00
2016.10.11 03:44:03.714,0.99685,0.99711,1.75,1.00
2016.10.11 03:44:04.276,0.99686,0.99711,1.75,1.00
2016.10.11 03:44:06.886,0.99685,0.99711,1.75,1.00
2016.10.11 03:44:07.632,0.99686,0.99711,1.75,1.00
2016.10.11 03:44:08.100,0.99685,0.99711,2.25,1.00
2016.10.11 03:44:08.491,0.99686,0.99711,1.75,1.00
2016.10.11 03:44:09.591,0.99686,0.99711,1.75,1.00
2016.10.11 03:44:09.793,0.99688,0.99711,1.00,1.00
2016.10.11 03:44:10.544,0.99685,0.99711,1.75,1.00
2016.10.11 03:44:10.595,0.99685,0.99711,1.75,1.00
2016.10.11 03:44:10.732,0.99685,0.99711,1.75,1.00
2016.10.11 03:44:10.783,0.99684,0.99711,2.25,1.00
2016.10.11 03:44:10.833,0.99684,0.99711,1.75,1.12
2016.10.11 03:44:10.905,0.99682,0.99711,2.62,1.00
2016.10.11 03:44:11.006,0.99681,0.99712,1.75,2.62
2016.10.11 03:44:11.057,0.99683,0.99712,1.00,2.62
2016.10.11 03:44:11.108,0.99683,0.99712,1.00,1.00
2016.10.11 03:44:11.319,0.9968,0.99711,1.75,1.00
2016.10.11 03:44:11.370,0.99682,0.99711,1.00,1.00
2016.10.11 03:44:11.692,0.99682,0.99711,1.00,1.00
2016.10.11 03:44:11.743,0.9968,0.99711,2.62,1.00
2016.10.11 03:44:11.794,0.9968,0.99706,3.37,1.00
2016.10.11 03:44:11.895,0.9968,0.99711,2.62,1.00
2016.10.11 03:44:12.046,0.99679,0.99711,4.12,1.00
2016.10.11 03:44:12.097,0.99679,0.99712,3.37,1.87
2016.10.11 03:44:12.148,0.99679,0.99712,1.75,1.87
2016.10.11 03:44:12.198,0.99679,0.99712,1.75,2.62
2016.10.11 03:44:12.301,0.99678,0.9971,4.12,1.12
2016.10.11 03:44:12.352,0.99678,0.9971,2.25,1.87
2016.10.11 03:44:13.094,0.99678,0.9971,2.25,1.87
2016.10.11 03:44:13.240,0.99678,0.9971,2.25,1.87
2016.10.11 03:44:13.607,0.99678,0.99708,3.00,1.12
2016.10.11 03:44:13.657,0.99679,0.99708,2.62,1.12
2016.10.11 03:44:13.708,0.99679,0.99708,3.37,1.12
2016.10.11 03:44:14.009,0.99679,0.99708,2.62,1.12
2016.10.11 03:44:14.505,0.99679,0.99708,2.62,1.12
2016.10.11 03:44:16.312,0.99679,0.99708,2.62,1.12
2016.10.11 03:44:16.565,0.99681,0.99706,1.00,1.00
2016.10.11 03:44:22.406,0.99678,0.99703,1.50,1.00
2016.10.11 03:44:22.474,0.99678,0.99703,2.25,1.00
2016.10.11 03:44:22.525,0.99681,0.99703,1.00,1.00
2016.10.11 03:44:22.576,0.99681,0.9971,1.75,1.75
2016.10.11 03:44:22.677,0.99684,0.99707,1.00,1.00
2016.10.11 03:44:22.728,0.99684,0.99707,1.00,1.00
2016.10.11 03:44:22.779,0.99688,0.99711,1.00,1.50
2016.10.11 03:44:22.829,0.99688,0.99716,1.00,4.12
2016.10.11 03:44:22.880,0.99689,0.99716,1.00,2.25
2016.10.11 03:44:22.931,0.99689,0.99719,1.37,3.37
2016.10.11 03:44:22.982,0.99689,0.99719,1.75,1.75
2016.10.11 03:44:23.032,0.99689,0.99716,3.37,1.00
2016.10.11 03:44:23.083,0.99689,0.99719,3.37,1.75
2016.10.11 03:44:23.527,0.99689,0.99719,3.37,2.25
2016.10.11 03:44:24.472,0.9969,0.99719,1.75,2.25
2016.10.11 03:44:25.580,0.99689,0.99719,3.37,2.25
2016.10.11 03:44:25.631,0.99689,0.99717,3.37,1.50
2016.10.11 03:44:25.732,0.99689,0.99717,3.37,1.50
2016.10.11 03:44:27.213,0.99689,0.99717,2.62,1.50
2016.10.11 03:44:27.279,0.99689,0.99717,2.62,1.50
2016.10.11 03:44:27.330,0.99689,0.99713,2.62,1.00
2016.10.11 03:44:27.381,0.99684,0.99713,1.75,2.25
2016.10.11 03:44:27.431,0.99685,0.99712,1.50,1.75
2016.10.11 03:44:27.482,0.99689,0.99712,1.00,1.00
2016.10.11 03:44:27.533,0.99689,0.99714,1.00,1.00
2016.10.11 03:44:27.583,0.99687,0.99716,1.50,3.37
2016.10.11 03:44:27.684,0.99687,0.99716,3.37,1.75
2016.10.11 03:44:27.735,0.99687,0.99716,3.37,2.25
2016.10.11 03:44:27.837,0.99687,0.99716,3.37,1.75
2016.10.11 03:44:28.270,0.99688,0.99716,1.75,1.75
2016.10.11 03:44:28.375,0.99687,0.99716,3.37,1.75
2016.10.11 03:44:29.722,0.99687,0.99716,3.37,1.75
2016.10.11 03:44:30.175,0.99687,0.99714,1.37,1.37
2016.10.11 03:44:30.229,0.99687,0.99714,1.00,1.75
2016.10.11 03:44:30.448,0.99687,0.99715,1.00,1.75
2016.10.11 03:44:30.651,0.99687,0.99715,1.00,1.75
2016.10.11 03:44:30.762,0.99687,0.99712,1.37,1.00
2016.10.11 03:44:30.813,0.99687,0.99716,1.75,2.25
2016.10.11 03:44:30.951,0.99687,0.99717,1.75,2.25
2016.10.11 03:44:31.194,0.99688,0.99718,2.25,1.75
2016.10.11 03:44:31.245,0.99688,0.99718,1.75,1.75
2016.10.11 03:44:31.352,0.99688,0.99718,1.75,1.75
2016.10.11 03:44:31.403,0.99688,0.99717,1.50,1.75
2016.10.11 03:44:31.454,0.99688,0.99717,2.25,2.25
2016.10.11 03:44:31.556,0.99688,0.99715,1.50,1.37
2016.10.11 03:44:31.608,0.99688,0.99715,1.50,1.87
2016.10.11 03:44:31.659,0.99689,0.99715,1.00,1.50
2016.10.11 03:44:31.710,0.99689,0.99712,1.00,1.00
2016.10.11 03:44:32.394,0.99687,0.99711,1.00,1.00
2016.10.11 03:44:33.026,0.99684,0.99711,2.25,1.37
2016.10.11 03:44:33.077,0.99685,0.9971,1.00,1.00
2016.10.11 03:44:34.066,0.99685,0.9971,1.00,1.00
2016.10.11 03:44:38.284,0.99684,0.9971,1.00,1.75
2016.10.11 03:44:39.798,0.99684,0.9971,1.50,1.75
2016.10.11 03:44:39.849,0.99684,0.99709,1.00,1.75
2016.10.11 03:44:40.499,0.99683,0.99709,1.50,1.75
2016.10.11 03:44:40.857,0.99683,0.99709,1.00,1.75
2016.10.11 03:44:41.113,0.99684,0.99708,1.00,1.12
2016.10.11 03:44:41.737,0.99685,0.99708,1.00,1.12
2016.10.11 03:44:42.199,0.99685,0.99708,1.00,1.12
2016.10.11 03:44:42.250,0.99685,0.99708,1.00,1.12
2016.10.11 03:44:42.311,0.99685,0.99709,1.00,1.87
2016.10.11 03:44:42.366,0.99685,0.99709,1.00,1.75
2016.10.11 03:44:42.790,0.99685,0.9971,1.00,1.75
2016.10.11 03:44:43.077,0.9968,0.99704,1.00,2.62
2016.10.11 03:44:43.127,0.99679,0.99706,1.12,1.75
2016.10.11 03:44:43.178,0.99677,0.99706,1.37,3.37
2016.10.11 03:44:43.229,0.99678,0.99706,1.00,3.37
2016.10.11 03:44:43.280,0.99678,0.99707,2.62,2.62
2016.10.11 03:44:43.330,0.99682,0.9971,1.12,2.25
2016.10.11 03:44:43.381,0.99682,0.9971,1.00,1.37
2016.10.11 03:44:43.432,0.99684,0.9971,1.00,1.00
2016.10.11 03:44:43.483,0.99684,0.99711,1.37,1.00
2016.10.11 03:44:43.533,0.99684,0.99712,1.50,1.00
2016.10.11 03:44:43.908,0.99684,0.99708,1.50,1.00
2016.10.11 03:44:43.959,0.99684,0.99711,1.00,1.00
2016.10.11 03:44:44.060,0.99684,0.99712,1.00,1.00
2016.10.11 03:44:44.111,0.99684,0.99714,1.00,1.00
2016.10.11 03:44:44.162,0.99683,0.99714,1.12,1.50
2016.10.11 03:44:44.264,0.99683,0.99714,1.12,1.00
2016.10.11 03:44:44.433,0.99684,0.99714,1.00,1.00
2016.10.11 03:44:44.685,0.99684,0.99714,1.12,1.00
2016.10.11 03:44:44.736,0.99689,0.99714,1.00,1.00
2016.10.11 03:44:45.557,0.99689,0.99715,1.00,1.00
2016.10.11 03:44:46.732,0.99689,0.99714,1.00,1.00
2016.10.11 03:44:47.256,0.99689,0.99715,1.00,1.00
2016.10.11 03:44:47.553,0.99684,0.99714,1.75,1.00
2016.10.11 03:44:47.604,0.99684,0.99711,1.50,1.75
2016.10.11 03:44:48.203,0.99684,0.99712,1.50,1.75
2016.10.11 03:44:48.557,0.99684,0.99712,1.50,1.75
2016.10.11 03:44:49.057,0.99683,0.99711,2.25,1.75
2016.10.11 03:44:49.107,0.99683,0.99711,2.25,1.75
2016.10.11 03:44:49.209,0.99683,0.99711,2.25,1.87
2016.10.11 03:44:49.259,0.99684,0.99711,1.50,1.87
2016.10.11 03:44:49.486,0.99684,0.99707,1.00,1.50
2016.10.11 03:44:49.536,0.99684,0.99707,1.00,1.12
2016.10.11 03:44:49.587,0.9968,0.99709,1.75,1.75
2016.10.11 03:44:49.638,0.99683,0.99709,1.00,1.75
2016.10.11 03:44:49.688,0.99683,0.99709,1.00,1.75
2016.10.11 03:44:49.808,0.99683,0.99712,1.50,1.75
2016.10.11 03:44:49.859,0.99688,0.99712,1.00,1.75
2016.10.11 03:44:50.062,0.99684,0.99712,1.87,1.75
2016.10.11 03:44:50.264,0.99689,0.99713,1.00,1.75
2016.10.11 03:44:53.321,0.99684,0.99713,1.87,1.75
2016.10.11 03:44:53.423,0.99686,0.9971,1.00,1.00
2016.10.11 03:44:53.473,0.99686,0.9971,1.00,1.00
2016.10.11 03:44:53.574,0.99688,0.9971,1.00,1.00
2016.10.11 03:44:54.849,0.99693,0.9971,1.00,1.00
2016.10.11 03:44:55.792,0.99688,0.9971,1.00,1.00
2016.10.11 03:44:55.893,0.99688,0.9971,1.00,1.00
2016.10.11 03:44:55.943,0.99688,0.99713,1.00,1.75
2016.10.11 03:44:55.994,0.99688,0.99713,1.00,1.75
2016.10.11 03:44:57.632,0.99688,0.99712,1.00,1.75
2016.10.11 03:44:58.180,0.99688,0.99712,1.00,1.75
2016.10.11 03:44:58.380,0.99688,0.99712,1.00,1.75
2016.10.11 03:44:58.431,0.99688,0.9971,1.00,1.00
2016.10.11 03:44:59.559,0.99689,0.9971,1.00,1.00
2016.10.11 03:45:00.291,0.99689,0.9971,1.00,1.00
2016.10.11 03:45:00.687,0.99689,0.99711,1.00,1.75
2016.10.11 03:45:00.792,0.99685,0.99711,1.00,1.00
2016.10.11 03:45:00.843,0.99685,0.99716,2.25,1.00
2016.10.11 03:45:01.075,0.99693,0.99717,1.12,2.25
2016.10.11 03:45:01.196,0.99693,0.99717,1.00,1.00
2016.10.11 03:45:01.348,0.99694,0.99719,1.00,1.00
2016.10.11 03:45:01.399,0.99694,0.99719,1.00,1.50
2016.10.11 03:45:01.501,0.99694,0.99717,1.00,1.00
2016.10.11 03:45:01.602,0.99689,0.99716,1.50,1.00
2016.10.11 03:45:01.653,0.99689,0.99713,1.00,1.00
2016.10.11 03:45:01.904,0.99693,0.99715,1.00,1.00
2016.10.11 03:45:02.060,0.99694,0.99717,1.00,1.00
2016.10.11 03:45:02.162,0.99692,0.9972,1.00,1.00
2016.10.11 03:45:02.213,0.99691,0.9972,2.25,1.00
2016.10.11 03:45:02.263,0.99693,0.9972,1.75,1.00
2016.10.11 03:45:02.314,0.99693,0.9972,1.50,1.00
2016.10.11 03:45:02.365,0.99694,0.9972,1.00,1.00
2016.10.11 03:45:02.913,0.99694,0.99723,1.00,1.67
2016.10.11 03:45:03.422,0.99694,0.99724,1.00,1.67
2016.10.11 03:45:03.472,0.99688,0.99718,1.75,2.55
2016.10.11 03:45:03.523,0.99688,0.99718,1.00,2.92
2016.10.11 03:45:03.916,0.99688,0.99714,1.00,1.00
2016.10.11 03:45:03.967,0.99689,0.99714,1.00,1.50
2016.10.11 03:45:04.119,0.99689,0.99713,1.00,1.00
2016.10.11 03:45:04.967,0.99689,0.99713,1.00,1.12
2016.10.11 03:45:05.018,0.99689,0.9971,1.00,2.25
2016.10.11 03:45:05.069,0.99689,0.9971,1.00,3.37
2016.10.11 03:45:06.148,0.99689,0.9971,1.00,3.37
2016.10.11 03:45:07.148,0.99689,0.9971,1.00,3.37
2016.10.11 03:45:07.248,0.99689,0.9971,1.00,3.37
2016.10.11 03:45:07.603,0.99689,0.99709,1.00,1.75
2016.10.11 03:45:09.973,0.99689,0.9971,1.00,3.37
2016.10.11 03:45:10.360,0.99689,0.9971,1.00,3.37
2016.10.11 03:45:10.411,0.99689,0.99709,1.00,1.75
2016.10.11 03:45:10.512,0.99684,0.99709,1.00,1.75
2016.10.11 03:45:10.776,0.99684,0.99709,1.00,1.75
2016.10.11 03:45:10.827,0.99684,0.99708,1.00,2.62
2016.10.11 03:45:10.878,0.99684,0.99704,1.00,1.00
2016.10.11 03:45:13.366,0.99684,0.99704,1.00,1.00
2016.10.11 03:45:14.246,0.99684,0.99704,1.00,1.00
2016.10.11 03:45:14.297,0.99689,0.99704,1.00,1.00
2016.10.11 03:45:14.519,0.99684,0.99704,1.00,1.00
2016.10.11 03:45:15.022,0.99688,0.99704,1.00,1.00
2016.10.11 03:45:15.101,0.99688,0.99704,1.00,1.00
2016.10.11 03:45:15.335,0.99684,0.99704,1.00,1.00
2016.10.11 03:45:15.386,0.99689,0.99704,1.00,1.00
2016.10.11 03:45:17.181,0.99684,0.99704,1.00,1.00
2016.10.11 03:45:18.345,0.99684,0.99706,1.00,3.37
2016.10.11 03:45:18.396,0.99684,0.99706,1.00,2.62
2016.10.11 03:45:18.497,0.99684,0.99706,1.00,3.37
2016.10.11 03:45:18.699,0.99684,0.99706,1.00,2.62
2016.10.11 03:45:19.984,0.99684,0.99706,1.00,2.62
2016.10.11 03:45:20.085,0.99684,0.99707,1.00,1.75
2016.10.11 03:45:20.591,0.99684,0.99706,1.00,1.75
2016.10.11 03:45:21.239,0.99684,0.99707,1.00,1.75
2016.10.11 03:45:22.242,0.99684,0.99707,1.00,3.37
2016.10.11 03:45:22.292,0.99678,0.99702,1.00,1.00
2016.10.11 03:45:22.518,0.99678,0.99698,1.50,1.50
2016.10.11 03:45:22.575,0.99678,0.99698,1.00,2.25
2016.10.11 03:45:22.626,0.99674,0.99699,1.00,3.00
2016.10.11 03:45:22.676,0.99674,0.99696,1.00,2.62
2016.10.11 03:45:22.727,0.99674,0.99695,1.00,1.75
2016.10.11 03:45:22.778,0.99674,0.99695,2.25,1.00
2016.10.11 03:45:22.829,0.99674,0.99701,2.25,1.75
2016.10.11 03:45:22.930,0.99679,0.99701,1.00,1.75
2016.10.11 03:45:23.118,0.99679,0.99701,1.00,1.75
2016.10.11 03:45:23.279,0.99679,0.99701,1.00,1.75
2016.10.11 03:45:23.330,0.99674,0.99702,1.50,1.75
2016.10.11 03:45:23.626,0.99684,0.99702,1.00,1.75
2016.10.11 03:45:23.785,0.99679,0.99702,1.00,1.75
2016.10.11 03:45:24.221,0.99679,0.99701,1.00,1.75
2016.10.11 03:45:24.749,0.99678,0.99701,1.00,1.75
2016.10.11 03:45:25.240,0.99679,0.99702,1.00,2.25
2016.10.11 03:45:25.341,0.99679,0.99701,1.00,1.75
2016.10.11 03:45:25.863,0.99679,0.99694,1.00,2.62
2016.10.11 03:45:25.914,0.99674,0.99693,1.00,1.75
2016.10.11 03:45:25.964,0.99674,0.99693,1.50,1.75
2016.10.11 03:45:26.015,0.99674,0.9969,1.50,1.50
2016.10.11 03:45:26.260,0.99674,0.9969,1.00,1.75
2016.10.11 03:45:26.311,0.99673,0.99691,1.00,3.37
2016.10.11 03:45:26.412,0.99673,0.9969,1.00,1.75
2016.10.11 03:45:26.614,0.99669,0.9969,1.00,1.75
2016.10.11 03:45:27.005,0.99669,0.99691,1.00,3.37
2016.10.11 03:45:27.433,0.99674,0.9969,1.00,1.75
2016.10.11 03:45:27.534,0.99674,0.9969,1.00,1.75
2016.10.11 03:45:28.108,0.99674,0.99691,1.00,2.62
2016.10.11 03:45:28.159,0.99674,0.99692,1.00,3.37
2016.10.11 03:45:28.210,0.99674,0.99693,1.00,1.75
2016.10.11 03:45:28.624,0.99674,0.99693,1.00,1.37
2016.10.11 03:45:28.674,0.99673,0.99697,1.00,3.37
2016.10.11 03:45:28.725,0.99673,0.99696,1.00,1.75
2016.10.11 03:45:28.826,0.99673,0.99696,1.00,1.75
2016.10.11 03:45:28.978,0.99673,0.99696,1.50,1.75
2016.10.11 03:45:29.495,0.99673,0.99696,1.50,1.75
2016.10.11 03:45:29.546,0.99673,0.99697,1.00,3.37
2016.10.11 03:45:29.597,0.99679,0.99696,1.00,2.62
2016.10.11 03:45:29.647,0.99679,0.99696,1.00,3.37
2016.10.11 03:45:29.698,0.99679,0.99696,1.00,1.75
2016.10.11 03:45:29.901,0.99673,0.99699,1.37,1.37
2016.10.11 03:45:29.952,0.99673,0.99699,2.25,1.00
2016.10.11 03:45:30.003,0.99679,0.99699,1.00,1.00
2016.10.11 03:45:30.068,0.99679,0.99704,1.00,1.75
2016.10.11 03:45:30.119,0.99678,0.99703,1.00,1.00
2016.10.11 03:45:30.170,0.9968,0.99703,1.00,1.00
2016.10.11 03:45:30.323,0.99683,0.99703,1.00,1.00
2016.10.11 03:45:30.425,0.99679,0.99703,1.50,1.00
2016.10.11 03:45:30.526,0.99679,0.99703,1.50,1.00
2016.10.11 03:45:30.577,0.9968,0.99703,1.00,1.00
2016.10.11 03:45:31.075,0.99679,0.99703,1.50,1.00
2016.10.11 03:45:31.227,0.99684,0.99703,1.00,1.00
2016.10.11 03:45:31.590,0.99684,0.99707,1.00,2.62
2016.10.11 03:45:31.640,0.99682,0.99706,1.00,1.00
2016.10.11 03:45:32.289,0.99683,0.99706,1.00,1.00
2016.10.11 03:45:32.357,0.99683,0.99706,1.00,1.00
2016.10.11 03:45:32.407,0.99683,0.99708,1.00,1.75
2016.10.11 03:45:32.458,0.99683,0.99709,1.50,3.37
2016.10.11 03:45:32.509,0.99684,0.99709,1.00,3.37
2016.10.11 03:45:32.559,0.99684,0.99708,1.00,1.75
2016.10.11 03:45:32.610,0.99684,0.99708,1.00,1.50
2016.10.11 03:45:32.661,0.99684,0.99707,1.00,1.37
2016.10.11 03:45:32.711,0.99684,0.99707,1.00,1.75
2016.10.11 03:45:32.914,0.99684,0.99706,1.00,1.75
2016.10.11 03:45:33.122,0.99684,0.99706,1.00,1.75
2016.10.11 03:45:33.534,0.99684,0.99707,1.00,1.75
2016.10.11 03:45:33.635,0.99684,0.99707,1.00,1.75
2016.10.11 03:45:33.838,0.99684,0.99706,1.00,1.75
2016.10.11 03:45:33.939,0.99684,0.99707,1.00,1.75
2016.10.11 03:45:34.041,0.99679,0.99706,1.50,1.50
2016.10.11 03:45:34.091,0.99681,0.99706,1.00,1.50
2016.10.11 03:45:34.142,0.99681,0.99707,1.00,1.75
2016.10.11 03:45:34.244,0.99683,0.99707,1.00,1.75
2016.10.11 03:45:34.345,0.99684,0.99707,1.00,1.75
2016.10.11 03:45:34.395,0.99684,0.99707,1.50,1.75
2016.10.11 03:45:34.884,0.99684,0.99708,1.50,1.00
2016.10.11 03:45:35.148,0.99684,0.99708,1.00,1.00
2016.10.11 03:45:35.249,0.99684,0.99708,1.00,1.00
2016.10.11 03:45:36.082,0.99684,0.99705,1.00,1.00
2016.10.11 03:45:36.457,0.99684,0.99707,1.00,3.37
2016.10.11 03:45:36.509,0.99678,0.99706,1.12,1.75
2016.10.11 03:45:37.003,0.99679,0.99705,1.00,1.75
2016.10.11 03:45:37.155,0.99679,0.99705,1.00,1.75
2016.10.11 03:45:37.335,0.99677,0.99705,1.50,1.75
2016.10.11 03:45:37.386,0.99677,0.99699,1.00,2.62
2016.10.11 03:45:37.436,0.99679,0.99699,1.00,2.62
2016.10.11 03:45:37.658,0.99674,0.99697,1.00,1.75
2016.10.11 03:45:37.710,0.9967,0.99697,1.00,1.75
2016.10.11 03:45:37.761,0.99672,0.99696,1.00,1.75
2016.10.11 03:45:37.915,0.99679,0.99696,1.00,1.00
2016.10.11 03:45:37.966,0.99679,0.99703,1.00,4.12
2016.10.11 03:45:38.017,0.99679,0.99703,1.00,4.12
2016.10.11 03:45:38.068,0.99679,0.99702,1.00,1.75
2016.10.11 03:45:38.119,0.99679,0.99702,1.00,1.75
2016.10.11 03:45:38.170,0.99679,0.99703,1.00,3.37
2016.10.11 03:45:38.430,0.99674,0.99697,1.50,1.75
2016.10.11 03:45:38.480,0.99674,0.99697,1.00,1.75
2016.10.11 03:45:38.719,0.99674,0.99695,1.00,1.75
2016.10.11 03:45:38.820,0.99668,0.99694,1.00,1.75
2016.10.11 03:45:39.419,0.99668,0.99694,1.00,1.75
2016.10.11 03:45:39.643,0.99668,0.99689,1.00,1.00
2016.10.11 03:45:40.419,0.99668,0.99694,1.00,1.75
2016.10.11 03:45:40.470,0.99668,0.99695,1.00,3.37
2016.10.11 03:45:40.520,0.99674,0.99693,1.00,1.00
2016.10.11 03:45:40.823,0.99673,0.99694,1.00,1.75
2016.10.11 03:45:40.874,0.99673,0.99695,1.00,3.37
2016.10.11 03:45:41.026,0.99673,0.99693,1.00,2.62
2016.10.11 03:45:41.332,0.99674,0.99692,1.00,1.50
2016.10.11 03:45:41.383,0.99674,0.99696,1.00,4.12
2016.10.11 03:45:41.433,0.99674,0.9969,1.00,1.00
2016.10.11 03:45:41.838,0.99668,0.9969,1.00,1.00
2016.10.11 03:45:42.227,0.99674,0.9969,1.00,1.00
2016.10.11 03:45:42.328,0.99668,0.9969,1.00,1.00
2016.10.11 03:45:42.958,0.99673,0.9969,1.00,1.00
2016.10.11 03:45:43.380,0.99669,0.9969,1.00,1.00
2016.10.11 03:45:43.867,0.99669,0.99686,1.00,1.00
2016.10.11 03:45:43.918,0.99668,0.99686,1.00,1.75
2016.10.11 03:45:43.968,0.99668,0.99689,1.00,2.62
2016.10.11 03:45:44.019,0.99663,0.99686,1.00,1.00
2016.10.11 03:45:44.070,0.99663,0.99686,1.00,1.00
2016.10.11 03:45:44.172,0.99664,0.99686,1.00,1.00
2016.10.11 03:45:44.420,0.99666,0.99693,1.00,1.75
2016.10.11 03:45:44.473,0.99668,0.99693,1.00,1.75
2016.10.11 03:45:44.821,0.99666,0.99688,1.00,2.62
2016.10.11 03:45:44.872,0.99664,0.99687,1.00,1.75
2016.10.11 03:45:45.219,0.99663,0.99686,1.00,3.37
2016.10.11 03:45:45.457,0.99663,0.99684,1.00,1.75
2016.10.11 03:45:45.507,0.99659,0.99684,1.00,1.75
2016.10.11 03:45:45.722,0.99664,0.99684,1.00,1.75
2016.10.11 03:45:45.772,0.99664,0.99684,1.00,1.75
2016.10.11 03:45:45.874,0.99664,0.99684,1.00,1.75
2016.10.11 03:45:46.555,0.99664,0.99685,1.00,1.75
2016.10.11 03:45:47.378,0.99664,0.99684,1.00,1.75
2016.10.11 03:45:48.130,0.99663,0.99684,1.00,1.75
2016.10.11 03:45:48.432,0.99663,0.99683,1.00,2.62
2016.10.11 03:45:49.737,0.99664,0.99683,1.00,2.62
2016.10.11 03:45:51.736,0.99664,0.99683,1.00,2.62
2016.10.11 03:45:52.638,0.99664,0.99683,1.00,2.62
2016.10.11 03:45:53.781,0.99664,0.99682,1.00,1.75
2016.10.11 03:45:54.678,0.99664,0.99681,1.00,1.75
2016.10.11 03:45:54.941,0.99664,0.99681,1.00,1.75
2016.10.11 03:45:56.044,0.99664,0.99678,1.00,1.00
2016.10.11 03:45:59.232,0.99663,0.99678,1.00,1.00
2016.10.11 03:45:59.769,0.99659,0.99678,1.00,1.00
2016.10.11 03:45:59.870,0.99663,0.99678,1.00,1.00
2016.10.11 03:46:00.055,0.99663,0.99682,1.00,1.75
2016.10.11 03:46:00.156,0.99664,0.99682,1.00,1.75
2016.10.11 03:46:01.359,0.99664,0.99686,1.00,3.37
2016.10.11 03:46:01.460,0.99664,0.99686,1.00,3.37
2016.10.11 03:46:01.883,0.99664,0.9969,1.00,1.00
2016.10.11 03:46:01.985,0.99664,0.99691,1.00,1.00
2016.10.11 03:46:02.086,0.99664,0.99691,1.00,1.00
2016.10.11 03:46:02.578,0.99664,0.99691,1.00,1.00
2016.10.11 03:46:02.874,0.99664,0.99691,1.00,1.00
2016.10.11 03:46:04.711,0.99664,0.99691,1.00,1.12
2016.10.11 03:46:04.997,0.99664,0.9969,1.00,1.00
2016.10.11 03:46:05.643,0.99664,0.99691,1.00,1.00
2016.10.11 03:46:06.260,0.99664,0.9969,1.00,1.00
2016.10.11 03:46:06.540,0.99664,0.9969,1.37,1.00
2016.10.11 03:46:06.591,0.99668,0.99695,1.00,1.00
2016.10.11 03:46:06.641,0.99668,0.99695,1.75,1.00
2016.10.11 03:46:06.692,0.99668,0.99693,1.75,1.00
2016.10.11 03:46:06.743,0.99673,0.99693,1.00,1.00
2016.10.11 03:46:07.180,0.99669,0.99693,1.00,1.00
2016.10.11 03:46:07.250,0.99669,0.99695,1.50,1.00
2016.10.11 03:46:07.452,0.99669,0.99695,1.12,1.00
2016.10.11 03:46:07.666,0.99669,0.99694,1.00,1.00
2016.10.11 03:46:07.718,0.99669,0.99691,1.00,1.00
2016.10.11 03:46:07.769,0.99669,0.99691,1.00,1.00
2016.10.11 03:46:07.870,0.99669,0.99691,1.00,1.00
2016.10.11 03:46:08.152,0.99669,0.99691,1.50,1.00
2016.10.11 03:46:08.355,0.99669,0.9969,1.00,1.00
2016.10.11 03:46:08.406,0.99669,0.99689,1.00,1.00
2016.10.11 03:46:08.608,0.99669,0.99689,1.00,1.00
2016.10.11 03:46:08.659,0.99664,0.99689,1.00,1.00
2016.10.11 03:46:08.884,0.99663,0.99689,1.00,4.12
2016.10.11 03:46:09.074,0.99663,0.99689,1.00,4.87
2016.10.11 03:46:09.472,0.99663,0.99689,1.00,4.12
2016.10.11 03:46:09.749,0.99663,0.99688,1.00,1.75
2016.10.11 03:46:09.966,0.99663,0.99687,1.00,2.62
2016.10.11 03:46:10.118,0.99663,0.99685,1.00,1.75
2016.10.11 03:46:12.656,0.99663,0.99681,1.00,1.00
2016.10.11 03:46:14.159,0.99659,0.99681,1.00,1.00
2016.10.11 03:46:14.310,0.99659,0.99681,1.00,1.00
2016.10.11 03:46:14.462,0.99659,0.99682,1.50,1.12
2016.10.11 03:46:14.512,0.99659,0.99685,1.50,1.75
2016.10.11 03:46:14.974,0.99664,0.99685,1.00,1.75
2016.10.11 03:46:18.142,0.99664,0.99684,1.00,2.62
2016.10.11 03:46:18.193,0.99664,0.99684,1.00,3.37
2016.10.11 03:46:18.724,0.99664,0.99684,1.00,4.12
2016.10.11 03:46:18.926,0.99664,0.99684,1.00,3.37
2016.10.11 03:46:19.941,0.99664,0.99684,1.00,2.62
2016.10.11 03:46:20.202,0.99664,0.99684,1.00,3.37
2016.10.11 03:46:20.905,0.99664,0.99684,1.00,2.62
2016.10.11 03:46:21.392,0.99664,0.99684,1.00,3.37
2016.10.11 03:46:22.341,0.99664,0.99684,1.00,4.12
2016.10.11 03:46:22.543,0.99664,0.99684,1.00,3.37
2016.10.11 03:46:23.326,0.99664,0.99684,1.00,2.62
2016.10.11 03:46:23.427,0.99664,0.99684,1.00,3.37
2016.10.11 03:46:23.744,0.99664,0.99684,1.00,2.62
2016.10.11 03:46:23.845,0.99664,0.99684,1.00,3.37
2016.10.11 03:46:23.947,0.99664,0.99684,1.00,2.62
2016.10.11 03:46:24.839,0.99664,0.99684,1.00,3.37
2016.10.11 03:46:24.889,0.99664,0.99682,1.00,1.00
2016.10.11 03:46:24.940,0.99664,0.99682,1.00,1.00
2016.10.11 03:46:25.042,0.99664,0.99682,1.00,1.00
2016.10.11 03:46:25.245,0.99664,0.99682,1.00,1.00
2016.10.11 03:46:25.982,0.99664,0.99681,1.00,1.00
2016.10.11 03:46:26.197,0.99664,0.99681,1.00,1.00
2016.10.11 03:46:26.248,0.99663,0.99681,1.00,1.00
2016.10.11 03:46:29.412,0.99659,0.99681,1.00,1.00
2016.10.11 03:46:31.405,0.99659,0.99681,1.00,1.00
2016.10.11 03:46:31.507,0.99659,0.99684,1.00,2.62
2016.10.11 03:46:31.558,0.99659,0.99682,1.00,1.75
2016.10.11 03:46:31.608,0.99663,0.99682,1.00,1.75
2016.10.11 03:46:31.710,0.99663,0.99681,1.00,2.62
2016.10.11 03:46:31.761,0.99663,0.99681,1.00,3.37
2016.10.11 03:46:31.812,0.99659,0.99681,1.00,3.37
2016.10.11 03:46:31.863,0.99659,0.99681,1.00,2.62
2016.10.11 03:46:32.121,0.99659,0.99681,1.00,3.37
2016.10.11 03:46:32.908,0.99659,0.99681,1.00,3.37
2016.10.11 03:46:32.958,0.99659,0.99678,1.00,1.50
2016.10.11 03:46:33.009,0.99659,0.99678,1.00,1.50
2016.10.11 03:46:33.464,0.99659,0.99679,1.00,4.12
2016.10.11 03:46:33.514,0.99659,0.99678,1.00,1.75
2016.10.11 03:46:33.617,0.99659,0.99678,1.00,1.75
2016.10.11 03:46:33.853,0.99654,0.99678,1.00,1.75
2016.10.11 03:46:33.955,0.99654,0.99679,1.00,4.12
2016.10.11 03:46:34.213,0.99654,0.99679,1.00,4.12
2016.10.11 03:46:34.365,0.99654,0.99678,1.00,1.75
2016.10.11 03:46:34.416,0.99659,0.99678,1.00,1.75
2016.10.11 03:46:34.517,0.99659,0.99676,1.00,1.00
2016.10.11 03:46:34.614,0.99659,0.99678,1.00,1.50
2016.10.11 03:46:34.664,0.99659,0.99679,1.00,1.75
2016.10.11 03:46:34.715,0.99659,0.99679,1.00,1.50
2016.10.11 03:46:34.825,0.99659,0.99679,1.00,1.50
2016.10.11 03:46:35.085,0.99659,0.99679,1.00,1.75
2016.10.11 03:46:35.474,0.99654,0.99679,1.00,1.75
2016.10.11 03:46:35.617,0.99654,0.99678,1.00,2.62
2016.10.11 03:46:35.668,0.99654,0.99677,1.00,1.37
2016.10.11 03:46:35.762,0.99654,0.99677,1.00,1.75
2016.10.11 03:46:35.964,0.99654,0.99677,1.00,1.75
2016.10.11 03:46:36.015,0.99658,0.99677,1.00,1.75
2016.10.11 03:46:36.538,0.99658,0.99678,1.00,3.37
2016.10.11 03:46:42.070,0.99658,0.99677,1.00,1.75
2016.10.11 03:46:42.171,0.99658,0.99678,1.00,3.37
2016.10.11 03:46:42.382,0.99653,0.99678,1.00,3.37
2016.10.11 03:46:42.483,0.99653,0.99677,1.00,1.75
2016.10.11 03:46:42.533,0.99653,0.99677,1.00,1.75
2016.10.11 03:46:42.685,0.99659,0.99677,1.00,1.75
2016.10.11 03:46:42.874,0.99659,0.99678,1.00,2.25
2016.10.11 03:46:42.925,0.99659,0.99679,1.00,1.50
2016.10.11 03:46:44.627,0.99659,0.99679,1.00,1.50
2016.10.11 03:46:44.729,0.99659,0.99679,1.00,1.50
2016.10.11 03:46:46.149,0.99659,0.99679,1.00,1.50
2016.10.11 03:46:49.589,0.99653,0.99679,1.37,1.50
2016.10.11 03:46:51.372,0.99653,0.99679,1.37,1.50
2016.10.11 03:46:51.591,0.99659,0.99679,1.00,1.50
2016.10.11 03:46:51.642,0.99659,0.99679,1.00,1.50
2016.10.11 03:46:52.343,0.99659,0.99679,1.00,1.50
2016.10.11 03:46:52.394,0.99659,0.99676,1.00,1.00
2016.10.11 03:46:52.445,0.99659,0.99676,1.00,1.75
2016.10.11 03:46:52.815,0.99651,0.99676,1.00,1.75
2016.10.11 03:46:52.866,0.99651,0.99678,1.00,2.62
2016.10.11 03:46:52.917,0.99651,0.99678,1.12,2.62
2016.10.11 03:46:52.968,0.99651,0.99676,1.00,1.00
2016.10.11 03:46:53.019,0.99653,0.99676,1.00,1.00
2016.10.11 03:46:53.069,0.99653,0.99673,1.00,1.50
2016.10.11 03:46:53.148,0.99648,0.99673,1.00,2.25
2016.10.11 03:46:53.562,0.99648,0.99674,1.50,1.75
2016.10.11 03:46:53.615,0.99649,0.99676,1.37,2.62
2016.10.11 03:46:53.665,0.9965,0.99675,1.00,1.00
2016.10.11 03:46:53.716,0.99653,0.99675,1.00,1.00
2016.10.11 03:46:53.817,0.99653,0.99678,1.00,2.25
2016.10.11 03:46:53.868,0.99653,0.99678,1.00,1.50
2016.10.11 03:46:53.948,0.99653,0.99678,1.00,1.50
2016.10.11 03:46:53.999,0.99653,0.99678,1.00,2.25
2016.10.11 03:46:54.049,0.99653,0.99678,1.00,1.50
2016.10.11 03:46:54.151,0.99653,0.99678,1.00,1.50
2016.10.11 03:46:54.201,0.99654,0.99679,1.00,1.75
2016.10.11 03:46:54.430,0.99654,0.99678,1.00,1.50
2016.10.11 03:46:54.701,0.99659,0.99679,1.00,1.75
2016.10.11 03:46:54.751,0.99659,0.99679,1.00,3.37
2016.10.11 03:46:54.802,0.99658,0.99679,1.00,2.62
2016.10.11 03:46:54.853,0.99658,0.99682,1.00,1.75
2016.10.11 03:46:55.004,0.99658,0.99683,1.00,2.25
2016.10.11 03:46:55.055,0.99658,0.99681,1.00,1.75
2016.10.11 03:46:55.276,0.99658,0.99677,1.00,1.00
2016.10.11 03:46:55.327,0.99653,0.99677,1.00,1.00
2016.10.11 03:46:55.378,0.99653,0.99677,1.00,1.00
2016.10.11 03:46:55.429,0.99653,0.99678,1.00,1.75
2016.10.11 03:46:55.694,0.99653,0.99678,1.00,1.75
2016.10.11 03:46:57.574,0.99653,0.99678,1.00,1.75
2016.10.11 03:46:57.676,0.99653,0.99679,1.00,1.75
2016.10.11 03:46:57.782,0.99653,0.9968,1.00,3.37
2016.10.11 03:46:57.832,0.99653,0.9968,1.12,3.37
2016.10.11 03:46:57.883,0.99653,0.99678,1.50,1.00
2016.10.11 03:46:57.984,0.99653,0.99678,1.50,1.00
2016.10.11 03:46:59.788,0.99653,0.99678,1.50,1.00
2016.10.11 03:46:59.838,0.99653,0.99679,1.12,1.75
2016.10.11 03:47:00.261,0.99653,0.99675,1.00,1.00
2016.10.11 03:47:01.161,0.99653,0.99679,1.12,1.75
2016.10.11 03:47:01.212,0.99653,0.99677,1.12,1.50
2016.10.11 03:47:01.263,0.99653,0.99677,1.00,1.75
2016.10.11 03:47:01.516,0.99653,0.99678,1.00,3.37
2016.10.11 03:47:01.770,0.99654,0.99678,1.00,4.12
2016.10.11 03:47:01.975,0.99654,0.99678,1.00,3.37
2016.10.11 03:47:02.681,0.99654,0.99667,1.00,1.00
2016.10.11 03:47:02.732,0.9965,0.99663,1.12,2.25
2016.10.11 03:47:02.922,0.9965,0.99666,1.12,2.25
2016.10.11 03:47:02.973,0.99644,0.99665,1.00,1.12
2016.10.11 03:47:03.346,0.99644,0.9966,1.00,3.37
2016.10.11 03:47:03.397,0.99644,0.9966,1.00,1.50
2016.10.11 03:47:03.500,0.99644,0.99662,1.00,1.75
2016.10.11 03:47:04.242,0.99644,0.99662,1.00,2.25
2016.10.11 03:47:04.394,0.99644,0.99663,1.00,4.12
2016.10.11 03:47:04.495,0.99644,0.99662,1.00,1.50
2016.10.11 03:47:04.596,0.99643,0.99662,1.00,1.50
2016.10.11 03:47:04.831,0.99644,0.99663,1.00,1.75
2016.10.11 03:47:05.288,0.99644,0.99662,1.00,1.75
2016.10.11 03:47:05.491,0.99644,0.99662,1.00,2.25
2016.10.11 03:47:05.755,0.99644,0.99662,1.00,1.75
2016.10.11 03:47:06.111,0.99644,0.99663,1.00,2.25
2016.10.11 03:47:06.162,0.99644,0.99662,1.00,1.75
2016.10.11 03:47:06.213,0.99644,0.99662,1.00,2.25
2016.10.11 03:47:06.314,0.99644,0.99662,1.00,1.75
2016.10.11 03:47:07.530,0.99639,0.99662,1.00,1.75
2016.10.11 03:47:07.582,0.99639,0.99663,1.12,1.00
2016.10.11 03:47:07.633,0.99644,0.99667,1.00,1.75
2016.10.11 03:47:07.861,0.99633,0.99654,4.12,1.00
2016.10.11 03:47:07.914,0.99633,0.99654,1.75,1.00
2016.10.11 03:47:07.964,0.99631,0.9965,1.75,1.00
2016.10.11 03:47:08.015,0.9963,0.99649,2.62,1.00
2016.10.11 03:47:08.066,0.9963,0.99649,2.25,1.00
2016.10.11 03:47:08.117,0.99628,0.9965,1.00,1.50
2016.10.11 03:47:08.168,0.99629,0.99649,1.00,1.37
2016.10.11 03:47:08.219,0.99629,0.99647,1.00,1.00
2016.10.11 03:47:08.301,0.99629,0.99648,1.00,3.37
2016.10.11 03:47:08.352,0.99629,0.99648,1.00,2.25
2016.10.11 03:47:08.404,0.99629,0.99649,1.00,1.12
2016.10.11 03:47:08.640,0.99629,0.99647,1.00,1.00
2016.10.11 03:47:08.792,0.99629,0.99647,1.00,1.00
2016.10.11 03:47:08.843,0.99629,0.99647,1.00,1.50
2016.10.11 03:47:08.894,0.99629,0.99645,1.00,1.00
2016.10.11 03:47:09.046,0.99628,0.99648,1.00,1.75
2016.10.11 03:47:09.096,0.99628,0.99648,1.00,4.12
2016.10.11 03:47:09.204,0.99629,0.99647,1.00,1.75
2016.10.11 03:47:09.496,0.99629,0.99648,1.00,3.37
2016.10.11 03:47:10.290,0.99629,0.99648,1.00,1.75
2016.10.11 03:47:10.541,0.99629,0.99648,1.00,2.25
2016.10.11 03:47:14.314,0.99629,0.99647,1.00,1.75
2016.10.11 03:47:14.911,0.99629,0.99647,1.00,1.75
2016.10.11 03:47:15.124,0.99634,0.99649,1.00,1.37
2016.10.11 03:47:15.175,0.99634,0.99656,1.00,2.62
2016.10.11 03:47:15.226,0.99634,0.99657,1.00,2.25
2016.10.11 03:47:15.328,0.99634,0.99657,1.00,1.75
2016.10.11 03:47:15.918,0.99633,0.99657,1.00,1.75
2016.10.11 03:47:16.019,0.99633,0.99657,1.00,2.25
2016.10.11 03:47:16.318,0.99633,0.99657,1.00,1.75
2016.10.11 03:47:16.401,0.99633,0.99657,1.00,1.75
2016.10.11 03:47:17.374,0.99633,0.99658,1.00,1.75
2016.10.11 03:47:18.852,0.99633,0.99657,1.00,1.75
2016.10.11 03:47:19.356,0.99633,0.99658,1.00,1.75
2016.10.11 03:47:19.457,0.99633,0.9966,1.00,3.37
2016.10.11 03:47:20.310,0.99633,0.9966,1.00,3.37
2016.10.11 03:47:20.720,0.99633,0.9966,1.00,3.37
2016.10.11 03:47:20.834,0.99633,0.9966,1.00,2.62
2016.10.11 03:47:20.986,0.99639,0.9966,1.00,2.62
2016.10.11 03:47:21.240,0.99639,0.9966,1.00,3.37
2016.10.11 03:47:21.291,0.99634,0.9966,1.00,3.37
2016.10.11 03:47:21.560,0.99638,0.9966,1.00,3.37
2016.10.11 03:47:21.756,0.99633,0.9966,1.00,3.37
2016.10.11 03:47:21.962,0.99629,0.9966,2.25,3.37
2016.10.11 03:47:22.013,0.99629,0.99655,1.87,2.62
2016.10.11 03:47:22.063,0.99626,0.99655,1.75,4.50
2016.10.11 03:47:22.114,0.99626,0.99651,1.00,2.62
2016.10.11 03:47:22.165,0.99622,0.99651,1.75,2.62
2016.10.11 03:47:22.266,0.99623,0.99652,2.25,2.62
2016.10.11 03:47:22.317,0.99626,0.99651,1.00,1.00
2016.10.11 03:47:22.582,0.99634,0.99651,1.00,1.00
2016.10.11 03:47:23.078,0.99628,0.99651,1.00,1.00
2016.10.11 03:47:23.333,0.99628,0.99651,1.00,1.00
2016.10.11 03:47:23.384,0.99633,0.99651,1.00,1.00
2016.10.11 03:47:25.333,0.99633,0.99651,1.00,1.00
2016.10.11 03:47:25.384,0.99629,0.99654,1.37,1.37
2016.10.11 03:47:25.434,0.9963,0.99654,1.00,1.00
2016.10.11 03:47:25.485,0.9963,0.99655,1.00,1.00
2016.10.11 03:47:25.535,0.9963,0.99655,1.00,1.00
2016.10.11 03:47:25.720,0.9963,0.9966,1.50,3.37
2016.10.11 03:47:25.770,0.99639,0.99662,1.00,1.75
2016.10.11 03:47:25.824,0.99639,0.99662,1.00,1.75
2016.10.11 03:47:25.962,0.99633,0.99662,1.50,1.75
2016.10.11 03:47:26.735,0.99633,0.99661,1.50,1.75
2016.10.11 03:47:27.195,0.99633,0.99661,1.50,1.75
2016.10.11 03:47:27.740,0.99633,0.99662,1.50,1.75
2016.10.11 03:47:27.892,0.99631,0.99661,1.75,1.75
2016.10.11 03:47:28.144,0.99631,0.99661,1.75,1.75
2016.10.11 03:47:28.195,0.99639,0.99661,1.00,1.75
2016.10.11 03:47:29.042,0.99639,0.99662,1.00,1.75
2016.10.11 03:47:29.330,0.99644,0.99661,1.00,1.75
2016.10.11 03:47:29.381,0.99639,0.99663,1.00,2.25
2016.10.11 03:47:29.432,0.99639,0.99666,1.37,1.75
2016.10.11 03:47:29.666,0.99644,0.99666,1.12,1.50
2016.10.11 03:47:29.720,0.99644,0.99671,1.12,3.37
2016.10.11 03:47:29.771,0.99643,0.9967,1.37,1.87
2016.10.11 03:47:29.872,0.99644,0.99671,1.12,3.37
2016.10.11 03:47:29.923,0.99644,0.99669,1.00,2.62
2016.10.11 03:47:30.075,0.99639,0.99669,2.25,2.62
2016.10.11 03:47:30.346,0.9964,0.99669,1.50,2.62
2016.10.11 03:47:30.462,0.99644,0.99669,1.00,2.62
2016.10.11 03:47:32.072,0.9964,0.99661,1.50,1.00
2016.10.11 03:47:32.279,0.99631,0.99651,2.25,1.00
2016.10.11 03:47:32.330,0.99629,0.99651,1.00,1.75
2016.10.11 03:47:32.382,0.99629,0.99651,1.00,1.75
2016.10.11 03:47:32.483,0.99629,0.99652,1.00,1.75
2016.10.11 03:47:32.534,0.99629,0.99651,1.00,2.62
2016.10.11 03:47:32.585,0.99629,0.99651,1.00,2.62
2016.10.11 03:47:32.686,0.99629,0.99651,1.00,3.37
2016.10.11 03:47:33.361,0.99629,0.99652,1.00,3.37
2016.10.11 03:47:33.462,0.99629,0.99651,1.00,1.75
2016.10.11 03:47:33.513,0.99625,0.99651,1.00,1.75
2016.10.11 03:47:33.563,0.99625,0.9965,1.00,1.00
2016.10.11 03:47:33.715,0.99633,0.99653,1.00,1.37
2016.10.11 03:47:33.765,0.99633,0.99653,1.00,1.12
2016.10.11 03:47:33.816,0.99633,0.99653,1.00,1.50
2016.10.11 03:47:34.063,0.99633,0.99653,1.00,1.50
2016.10.11 03:47:34.387,0.99629,0.99654,1.00,1.50
2016.10.11 03:47:34.438,0.99631,0.99656,1.00,1.00
2016.10.11 03:47:34.489,0.99633,0.99656,1.00,1.00
2016.10.11 03:47:34.540,0.99633,0.99655,1.00,1.00
2016.10.11 03:47:34.590,0.99631,0.99655,1.00,1.00
2016.10.11 03:47:34.641,0.99631,0.99653,1.00,1.00
2016.10.11 03:47:35.053,0.99629,0.9965,1.37,1.37
2016.10.11 03:47:35.104,0.99629,0.9965,1.00,1.75
2016.10.11 03:47:35.363,0.99629,0.99649,1.00,1.50
2016.10.11 03:47:35.667,0.99629,0.99651,1.00,2.25
2016.10.11 03:47:35.964,0.99629,0.9965,1.00,1.75
2016.10.11 03:47:36.234,0.99623,0.9965,1.37,1.75
2016.10.11 03:47:36.284,0.99629,0.9965,1.00,1.75
2016.10.11 03:47:36.645,0.99629,0.9965,1.00,1.75
2016.10.11 03:47:38.797,0.99628,0.9965,1.00,1.75
2016.10.11 03:47:39.499,0.99634,0.99651,1.00,1.00
2016.10.11 03:47:39.550,0.99634,0.99658,1.12,1.50
2016.10.11 03:47:39.601,0.99634,0.99659,1.12,1.75
2016.10.11 03:47:39.652,0.99634,0.99659,1.12,1.75
2016.10.11 03:47:39.753,0.99634,0.99658,1.12,1.50
2016.10.11 03:47:41.130,0.99634,0.99656,1.12,1.00
2016.10.11 03:47:41.181,0.99634,0.99656,1.12,1.00
2016.10.11 03:47:41.282,0.99624,0.9965,4.12,1.00
2016.10.11 03:47:41.333,0.99624,0.9965,3.00,1.87
2016.10.11 03:47:41.384,0.99624,0.99644,1.00,1.00
2016.10.11 03:47:41.435,0.99624,0.99644,1.00,1.37
2016.10.11 03:47:41.873,0.99618,0.99638,1.00,1.00
2016.10.11 03:47:42.134,0.99618,0.99641,1.00,2.25
2016.10.11 03:47:42.185,0.99618,0.99641,1.00,1.50
2016.10.11 03:47:42.286,0.99618,0.99641,1.00,1.50
2016.10.11 03:47:42.439,0.99618,0.99639,1.00,1.00
2016.10.11 03:47:42.499,0.99618,0.99641,1.00,1.75
2016.10.11 03:47:42.835,0.99624,0.99643,1.00,1.75
2016.10.11 03:47:43.038,0.99624,0.99645,1.00,4.12
2016.10.11 03:47:43.140,0.99624,0.99645,1.00,3.37
2016.10.11 03:47:43.191,0.99628,0.99645,1.00,2.62
2016.10.11 03:47:43.242,0.99628,0.99645,1.00,2.25
2016.10.11 03:47:43.292,0.99628,0.99648,1.00,1.75
2016.10.11 03:47:43.968,0.99628,0.9965,1.00,2.25
2016.10.11 03:47:45.190,0.99628,0.9965,1.00,2.25
2016.10.11 03:47:45.413,0.99628,0.9965,1.00,1.75
2016.10.11 03:47:45.464,0.99629,0.99647,1.00,1.00
2016.10.11 03:47:45.515,0.99623,0.99647,1.37,1.12
2016.10.11 03:47:45.565,0.99623,0.99649,1.00,3.37
2016.10.11 03:47:45.667,0.99624,0.99649,1.12,1.50
2016.10.11 03:47:45.806,0.99623,0.99649,1.37,1.50
2016.10.11 03:47:45.857,0.99623,0.99651,1.37,4.12
2016.10.11 03:47:45.907,0.9962,0.9965,1.75,1.75
2016.10.11 03:47:45.958,0.9962,0.9965,1.75,2.25
2016.10.11 03:47:46.009,0.99619,0.9965,2.25,3.37
2016.10.11 03:47:46.059,0.99621,0.99646,1.00,1.00
2016.10.11 03:47:46.110,0.99619,0.99647,1.50,1.75
2016.10.11 03:47:46.161,0.99619,0.99644,1.50,1.00
2016.10.11 03:47:46.612,0.99624,0.99644,1.00,1.00
2016.10.11 03:47:46.787,0.99619,0.99644,1.50,1.00
2016.10.11 03:47:46.888,0.99619,0.99643,1.00,1.00
2016.10.11 03:47:46.939,0.99618,0.99643,1.37,1.37
2016.10.11 03:47:47.053,0.99619,0.99639,1.00,1.75
2016.10.11 03:47:47.104,0.99619,0.9964,1.00,2.25
2016.10.11 03:47:47.290,0.99619,0.99639,1.00,1.75
2016.10.11 03:47:47.391,0.99614,0.99639,1.00,1.75
2016.10.11 03:47:47.491,0.99614,0.9964,1.00,1.75
2016.10.11 03:47:47.542,0.99614,0.9964,1.37,1.50
2016.10.11 03:47:47.593,0.99618,0.9964,1.00,1.50
2016.10.11 03:47:48.428,0.99618,0.9964,1.00,1.75
2016.10.11 03:47:48.811,0.99618,0.9964,1.00,1.75
2016.10.11 03:47:48.862,0.99618,0.99639,1.00,1.50
2016.10.11 03:47:49.064,0.99619,0.9964,1.00,1.75
2016.10.11 03:47:49.166,0.99618,0.99639,1.00,1.50
2016.10.11 03:47:49.218,0.99618,0.99639,1.00,1.75
2016.10.11 03:47:49.457,0.99618,0.9964,1.00,2.25
2016.10.11 03:47:49.508,0.99618,0.99639,1.00,1.75
2016.10.11 03:47:49.764,0.99618,0.99639,1.00,2.25
2016.10.11 03:47:50.331,0.99619,0.99639,1.00,1.75
2016.10.11 03:47:50.382,0.99619,0.99633,1.00,1.00
2016.10.11 03:47:50.432,0.99614,0.99633,1.00,1.12
2016.10.11 03:47:50.534,0.99614,0.99631,1.00,1.50
2016.10.11 03:47:50.635,0.99614,0.99629,1.00,1.37
2016.10.11 03:47:50.686,0.99614,0.99627,1.00,1.00
2016.10.11 03:47:50.772,0.99609,0.99627,1.00,1.00
2016.10.11 03:47:51.026,0.99609,0.99627,1.00,1.37
2016.10.11 03:47:51.594,0.99609,0.99625,1.00,1.00
2016.10.11 03:47:51.649,0.99614,0.99633,1.00,1.75
2016.10.11 03:47:51.700,0.99614,0.99632,1.00,1.00
2016.10.11 03:47:51.806,0.99614,0.99632,1.00,1.00
2016.10.11 03:47:51.856,0.99614,0.99634,1.00,1.50
2016.10.11 03:47:51.907,0.99609,0.99634,1.50,1.50
2016.10.11 03:47:52.092,0.99609,0.99634,1.75,1.12
2016.10.11 03:47:52.143,0.99609,0.99637,1.75,2.25
2016.10.11 03:47:52.194,0.99609,0.99636,1.75,1.50
2016.10.11 03:47:52.245,0.99614,0.99636,1.00,1.50
2016.10.11 03:47:52.346,0.99608,0.99636,1.75,1.50
2016.10.11 03:47:52.399,0.99609,0.99637,1.75,1.75
2016.10.11 03:47:52.519,0.99608,0.99637,2.25,1.75
2016.10.11 03:47:52.728,0.99608,0.99636,1.50,1.75
2016.10.11 03:47:52.778,0.99608,0.99633,1.50,1.00
2016.10.11 03:47:56.935,0.99608,0.99635,1.12,1.75
2016.10.11 03:47:56.986,0.99608,0.99631,1.00,1.00
2016.10.11 03:48:00.610,0.99609,0.99631,1.00,1.00
2016.10.11 03:48:00.661,0.99609,0.99633,1.00,2.25
2016.10.11 03:48:00.817,0.99609,0.99633,1.00,1.75
2016.10.11 03:48:00.919,0.99608,0.99633,1.00,2.25
2016.10.11 03:48:00.969,0.99608,0.99633,1.00,1.75
2016.10.11 03:48:01.323,0.99604,0.99633,1.12,1.75
2016.10.11 03:48:01.604,0.99614,0.99633,1.00,1.75
2016.10.11 03:48:02.298,0.99614,0.99633,1.00,1.75
2016.10.11 03:48:03.015,0.99614,0.99633,1.00,1.75
2016.10.11 03:48:03.991,0.99614,0.99633,1.00,1.75
2016.10.11 03:48:07.002,0.99614,0.99634,1.00,1.75
2016.10.11 03:48:07.356,0.99614,0.99633,1.00,1.75
2016.10.11 03:48:07.411,0.99614,0.99633,1.00,1.75
2016.10.11 03:48:07.462,0.99618,0.99633,1.00,1.75
2016.10.11 03:48:07.774,0.99619,0.99636,1.00,3.37
2016.10.11 03:48:07.824,0.99619,0.99636,1.00,1.75
2016.10.11 03:48:08.228,0.99618,0.99637,1.00,3.37
2016.10.11 03:48:10.632,0.99619,0.99637,1.00,3.37
2016.10.11 03:48:10.683,0.99613,0.99636,1.00,1.75
2016.10.11 03:48:11.823,0.99618,0.99636,1.00,1.75
2016.10.11 03:48:12.539,0.99618,0.99636,1.00,1.75
2016.10.11 03:48:12.641,0.99618,0.99636,1.00,1.75
2016.10.11 03:48:13.256,0.99618,0.9963,1.00,1.50
2016.10.11 03:48:13.307,0.99613,0.99626,1.00,1.00
2016.10.11 03:48:13.358,0.99608,0.99626,1.00,1.00
2016.10.11 03:48:13.459,0.99608,0.99626,1.00,1.00
2016.10.11 03:48:13.510,0.99608,0.99628,1.00,3.37
2016.10.11 03:48:13.748,0.99608,0.99627,1.00,1.75
2016.10.11 03:48:14.001,0.99608,0.99627,1.00,2.25
2016.10.11 03:48:14.052,0.99603,0.99626,1.00,1.75
2016.10.11 03:48:14.255,0.99604,0.99626,1.00,1.75
2016.10.11 03:48:14.305,0.99604,0.99626,1.00,1.12
2016.10.11 03:48:14.356,0.99604,0.99629,1.00,1.75
2016.10.11 03:48:14.426,0.99604,0.99623,1.00,1.00
2016.10.11 03:48:14.658,0.99609,0.99623,1.00,1.00
2016.10.11 03:48:15.702,0.99609,0.99627,1.00,1.75
2016.10.11 03:48:15.953,0.99608,0.99627,1.00,1.75
2016.10.11 03:48:17.613,0.99608,0.99626,1.00,1.75
2016.10.11 03:48:18.224,0.99609,0.99626,1.00,1.75
2016.10.11 03:48:18.275,0.99609,0.99626,1.00,2.25
2016.10.11 03:48:18.699,0.99609,0.99626,1.00,1.75
2016.10.11 03:48:19.243,0.99609,0.99626,1.00,2.25
2016.10.11 03:48:19.345,0.99609,0.99626,1.00,1.75
2016.10.11 03:48:19.511,0.99609,0.99627,1.00,2.25
2016.10.11 03:48:19.562,0.99609,0.99626,1.00,1.75
2016.10.11 03:48:19.814,0.99609,0.99625,1.00,1.50
2016.10.11 03:48:20.580,0.99609,0.99626,1.00,2.25
2016.10.11 03:48:21.246,0.99604,0.99626,1.00,4.12
2016.10.11 03:48:21.297,0.99604,0.99625,1.00,1.75
2016.10.11 03:48:21.399,0.99604,0.99624,1.00,1.50
2016.10.11 03:48:21.450,0.99604,0.99624,1.00,1.00
2016.10.11 03:48:21.501,0.99604,0.99625,1.00,1.75
2016.10.11 03:48:21.638,0.99598,0.99625,1.12,1.75
2016.10.11 03:48:21.890,0.99598,0.99624,1.12,2.25
2016.10.11 03:48:21.941,0.99598,0.99624,1.00,2.25
2016.10.11 03:48:22.820,0.99598,0.99624,1.50,2.25
2016.10.11 03:48:22.922,0.99598,0.99623,1.50,1.50
2016.10.11 03:48:23.023,0.99598,0.99622,1.50,1.12
2016.10.11 03:48:23.124,0.99598,0.99622,1.00,1.50
2016.10.11 03:48:23.226,0.99603,0.99624,1.00,2.25
2016.10.11 03:48:23.468,0.99598,0.99622,1.37,1.37
2016.10.11 03:48:23.824,0.99598,0.99623,1.37,1.50
2016.10.11 03:48:28.146,0.99596,0.99623,1.75,1.50
2016.10.11 03:48:28.286,0.99596,0.99623,1.75,1.50
2016.10.11 03:48:28.488,0.99603,0.99623,1.00,1.50
2016.10.11 03:48:29.459,0.99609,0.99627,1.00,1.50
2016.10.11 03:48:29.509,0.99609,0.9963,1.00,1.75
2016.10.11 03:48:29.712,0.99609,0.99629,1.00,1.50
2016.10.11 03:48:29.763,0.99603,0.99629,1.75,1.50
2016.10.11 03:48:30.117,0.99603,0.99629,1.37,1.75
2016.10.11 03:48:30.167,0.99603,0.99629,1.12,1.75
2016.10.11 03:48:30.218,0.99603,0.99629,1.50,1.50
2016.10.11 03:48:30.410,0.99603,0.99628,1.50,1.37
2016.10.11 03:48:30.461,0.99603,0.99628,1.50,1.00
2016.10.11 03:48:30.797,0.99603,0.99629,1.37,1.50
2016.10.11 03:48:30.848,0.99603,0.99629,1.12,1.75
2016.10.11 03:48:32.305,0.99603,0.99628,1.12,1.50
2016.10.11 03:48:32.406,0.99603,0.99628,1.12,1.75
2016.10.11 03:48:32.459,0.99603,0.99628,1.00,3.37
2016.10.11 03:48:32.510,0.99603,0.99623,1.00,1.00
2016.10.11 03:48:32.561,0.99603,0.99627,1.00,3.37
2016.10.11 03:48:33.470,0.99604,0.99624,1.00,1.75
2016.10.11 03:48:33.521,0.99604,0.99622,1.00,1.00
2016.10.11 03:48:33.572,0.99604,0.99623,1.00,1.75
2016.10.11 03:48:33.623,0.99604,0.99623,1.00,1.75
2016.10.11 03:48:33.674,0.99598,0.99623,1.00,3.37
2016.10.11 03:48:33.775,0.99599,0.99622,1.00,1.75
2016.10.11 03:48:33.827,0.99599,0.99622,1.00,2.25
2016.10.11 03:48:33.877,0.99599,0.99621,1.00,1.75
2016.10.11 03:48:33.928,0.99599,0.99621,1.00,2.25
2016.10.11 03:48:35.898,0.99599,0.99621,1.00,1.75
2016.10.11 03:48:37.078,0.99599,0.99621,1.00,1.75
2016.10.11 03:48:37.129,0.99599,0.99621,1.00,1.37
2016.10.11 03:48:37.180,0.99599,0.99622,1.00,1.50
2016.10.11 03:48:38.220,0.99599,0.99623,1.00,1.75
2016.10.11 03:48:38.570,0.99599,0.99623,1.00,2.25
2016.10.11 03:48:38.899,0.99604,0.99623,1.00,2.25
2016.10.11 03:48:39.001,0.99604,0.99623,1.00,1.75
2016.10.11 03:48:39.052,0.99604,0.99623,1.00,1.12
2016.10.11 03:48:39.103,0.99604,0.99625,1.00,1.75
2016.10.11 03:48:39.154,0.99604,0.99625,1.00,1.00
2016.10.11 03:48:39.205,0.99604,0.99626,1.00,1.50
2016.10.11 03:48:40.211,0.99608,0.99626,1.00,1.50
2016.10.11 03:48:40.727,0.99608,0.99626,1.00,1.50
2016.10.11 03:48:40.777,0.99608,0.99626,1.00,1.75
2016.10.11 03:48:40.985,0.99608,0.99626,1.00,1.75
2016.10.11 03:48:41.582,0.99608,0.99627,1.00,1.75
2016.10.11 03:48:41.842,0.99608,0.99626,1.00,1.50
2016.10.11 03:48:41.893,0.99599,0.99626,1.50,2.25
2016.10.11 03:48:41.944,0.99599,0.99626,1.50,1.50
2016.10.11 03:48:41.995,0.99599,0.99627,1.50,1.75
2016.10.11 03:48:42.064,0.99609,0.99627,1.00,1.75
2016.10.11 03:48:42.179,0.99609,0.99626,1.00,1.50
2016.10.11 03:48:42.393,0.99604,0.99626,1.00,1.50
2016.10.11 03:48:42.856,0.99604,0.99626,1.00,1.50
2016.10.11 03:48:43.151,0.99604,0.99626,1.00,1.75
2016.10.11 03:48:43.881,0.99604,0.99626,1.00,2.25
2016.10.11 03:48:45.168,0.99603,0.99626,1.00,2.25
2016.10.11 03:48:45.219,0.99603,0.99622,1.00,1.50
2016.10.11 03:48:45.270,0.99598,0.99622,1.00,1.75
2016.10.11 03:48:45.320,0.99598,0.99618,1.00,1.00
2016.10.11 03:48:45.371,0.99603,0.99618,1.00,1.00
2016.10.11 03:48:45.680,0.99604,0.99616,1.00,1.00
2016.10.11 03:48:45.731,0.99604,0.99619,1.00,2.25
2016.10.11 03:48:47.099,0.99604,0.99619,1.00,1.75
2016.10.11 03:48:47.150,0.99604,0.9962,1.00,3.37
2016.10.11 03:48:47.255,0.99604,0.9962,1.00,1.75
2016.10.11 03:48:47.306,0.99604,0.9962,1.00,1.75
2016.10.11 03:48:47.407,0.99604,0.99621,1.00,2.25
2016.10.11 03:48:48.299,0.99604,0.99621,1.00,2.25
2016.10.11 03:48:48.350,0.99604,0.99621,1.00,1.37
2016.10.11 03:48:48.400,0.99604,0.99622,1.00,1.00
2016.10.11 03:48:48.451,0.99604,0.99623,1.00,3.37
2016.10.11 03:48:48.502,0.99598,0.99619,1.00,1.12
2016.10.11 03:48:48.553,0.99598,0.99618,1.00,1.50
2016.10.11 03:48:48.704,0.99594,0.99618,1.12,1.50
2016.10.11 03:48:48.912,0.99603,0.99622,1.00,1.75
2016.10.11 03:48:48.963,0.99603,0.99622,1.00,1.00
2016.10.11 03:48:49.491,0.99603,0.99622,1.00,1.50
2016.10.11 03:48:49.543,0.99599,0.99624,1.00,1.75
2016.10.11 03:48:49.853,0.99608,0.99624,1.00,1.75
2016.10.11 03:48:50.104,0.99608,0.99624,1.00,2.25
2016.10.11 03:48:51.317,0.99608,0.99624,1.00,1.75
2016.10.11 03:48:51.857,0.99609,0.99624,1.00,1.75
2016.10.11 03:48:51.908,0.99609,0.99624,1.00,1.75
2016.10.11 03:48:52.212,0.99609,0.99624,1.00,1.75
2016.10.11 03:48:52.767,0.99604,0.99624,1.00,1.75
2016.10.11 03:48:52.817,0.99593,0.9962,1.75,1.87
2016.10.11 03:48:52.868,0.99593,0.9962,1.00,4.12
2016.10.11 03:48:52.919,0.99593,0.99617,1.00,1.75
2016.10.11 03:48:53.071,0.99594,0.99618,1.12,1.00
2016.10.11 03:48:53.121,0.9959,0.9962,1.75,1.50
2016.10.11 03:48:53.222,0.99603,0.9962,1.00,1.50
2016.10.11 03:48:54.077,0.99598,0.9962,1.00,1.75
2016.10.11 03:48:54.282,0.99603,0.9962,1.00,1.75
2016.10.11 03:48:54.582,0.99598,0.9962,1.00,1.75
2016.10.11 03:48:54.884,0.99604,0.9962,1.00,1.75
2016.10.11 03:48:56.314,0.99604,0.99622,1.00,2.25
2016.10.11 03:48:56.772,0.99599,0.99622,1.00,1.75
2016.10.11 03:48:57.080,0.99604,0.99622,1.00,1.75
2016.10.11 03:48:57.386,0.99599,0.99622,1.00,1.75
2016.10.11 03:48:57.538,0.99599,0.9962,1.00,1.75
2016.10.11 03:48:59.033,0.99598,0.9962,1.00,1.75
2016.10.11 03:49:02.240,0.99598,0.99621,1.00,1.75
2016.10.11 03:49:02.820,0.99598,0.99621,1.00,2.25
2016.10.11 03:49:03.021,0.99598,0.99621,1.00,1.75
2016.10.11 03:49:05.094,0.99599,0.99621,1.00,1.75
2016.10.11 03:49:05.601,0.99598,0.99622,1.00,1.75
2016.10.11 03:49:06.002,0.99604,0.99622,1.00,1.75
2016.10.11 03:49:06.053,0.99604,0.99623,1.00,2.25
2016.10.11 03:49:06.104,0.99604,0.99625,1.00,1.00
2016.10.11 03:49:06.559,0.99603,0.99631,1.00,1.00
2016.10.11 03:49:06.660,0.99604,0.99631,1.37,1.00
2016.10.11 03:49:06.894,0.99605,0.99634,1.75,1.00
2016.10.11 03:49:06.945,0.99608,0.99636,1.37,1.00
2016.10.11 03:49:09.973,0.99608,0.99628,1.37,1.00
2016.10.11 03:49:10.024,0.99604,0.99628,1.00,1.00
2016.10.11 03:49:10.380,0.99604,0.99627,1.00,1.00
2016.10.11 03:49:10.431,0.99601,0.9963,1.75,1.00
2016.10.11 03:49:10.482,0.99601,0.99631,1.75,1.00
2016.10.11 03:49:10.532,0.99605,0.99633,1.00,1.50
2016.10.11 03:49:10.583,0.99605,0.99633,1.37,1.50
2016.10.11 03:49:10.990,0.99609,0.99633,1.37,1.00
2016.10.11 03:49:11.041,0.99609,0.99635,1.75,1.00
2016.10.11 03:49:11.313,0.99609,0.99635,1.50,1.00
2016.10.11 03:49:12.712,0.99609,0.99635,1.12,1.00
2016.10.11 03:49:14.250,0.99609,0.99635,1.37,1.00
2016.10.11 03:49:14.434,0.99609,0.99635,1.37,1.50
2016.10.11 03:49:14.485,0.99609,0.99635,1.37,1.87
2016.10.11 03:49:14.535,0.99609,0.99635,1.12,2.25
2016.10.11 03:49:15.126,0.99614,0.99635,1.00,2.25
2016.10.11 03:49:15.177,0.99614,0.99636,1.00,1.75
2016.10.11 03:49:15.228,0.9961,0.99635,1.00,1.00
2016.10.11 03:49:15.279,0.99609,0.99638,1.75,2.25
2016.10.11 03:49:15.681,0.99609,0.99634,1.00,1.75
2016.10.11 03:49:15.784,0.99613,0.99634,1.00,1.75
2016.10.11 03:49:17.878,0.99613,0.99636,1.00,2.62
2016.10.11 03:49:17.929,0.99613,0.99637,1.00,4.12
2016.10.11 03:49:18.378,0.99613,0.99634,1.00,1.75
2016.10.11 03:49:18.592,0.99613,0.99634,1.00,1.75
2016.10.11 03:49:18.757,0.99613,0.99634,1.00,1.75
2016.10.11 03:49:21.982,0.99613,0.99633,1.00,1.00
2016.10.11 03:49:22.033,0.99613,0.99637,1.00,4.12
2016.10.11 03:49:22.303,0.99613,0.99637,1.37,3.75
2016.10.11 03:49:22.353,0.99613,0.99637,1.75,1.00
2016.10.11 03:49:22.405,0.99613,0.99637,1.75,1.00
2016.10.11 03:49:22.455,0.99614,0.9964,1.75,1.00
2016.10.11 03:49:22.557,0.99615,0.99641,1.75,1.00
2016.10.11 03:49:22.608,0.99615,0.99642,1.75,1.00
2016.10.11 03:49:22.658,0.99618,0.99642,1.00,1.00
2016.10.11 03:49:22.709,0.99615,0.99642,1.75,1.00
2016.10.11 03:49:22.861,0.99618,0.9964,1.75,1.00
2016.10.11 03:49:23.271,0.99618,0.9964,1.37,1.00
2016.10.11 03:49:23.389,0.99615,0.99639,1.50,1.00
2016.10.11 03:49:23.440,0.99615,0.99639,1.75,1.00
2016.10.11 03:49:23.592,0.99615,0.99639,1.75,1.00
2016.10.11 03:49:23.693,0.99613,0.99639,2.25,1.00
2016.10.11 03:49:23.931,0.99616,0.9964,1.00,1.00
2016.10.11 03:49:24.280,0.99613,0.9964,2.25,1.00
2016.10.11 03:49:24.618,0.99614,0.9964,1.75,1.00
2016.10.11 03:49:25.193,0.99614,0.9964,1.75,1.00
2016.10.11 03:49:25.244,0.99614,0.9964,1.75,1.50
2016.10.11 03:49:26.018,0.99614,0.9964,1.75,1.00
2016.10.11 03:49:26.209,0.99614,0.9964,1.75,1.50
2016.10.11 03:49:26.259,0.99614,0.9964,1.75,1.00
2016.10.11 03:49:26.318,0.99614,0.9964,1.75,1.50
2016.10.11 03:49:26.420,0.99614,0.9964,1.75,1.00
2016.10.11 03:49:26.920,0.99614,0.9964,1.75,1.50
2016.10.11 03:49:27.222,0.99614,0.9964,1.75,1.00
2016.10.11 03:49:27.374,0.99614,0.9964,1.75,1.50
2016.10.11 03:49:27.876,0.99614,0.9964,1.75,1.00
2016.10.11 03:49:27.926,0.99614,0.9964,1.75,1.50
2016.10.11 03:49:29.281,0.99614,0.9964,1.75,1.00
2016.10.11 03:49:29.332,0.99612,0.9964,3.37,1.00
2016.10.11 03:49:29.382,0.99613,0.9964,1.75,1.00
2016.10.11 03:49:29.474,0.99618,0.9964,1.00,1.00
2016.10.11 03:49:29.525,0.99616,0.9964,1.50,1.00
2016.10.11 03:49:29.575,0.99616,0.99641,1.00,1.00
2016.10.11 03:49:29.626,0.99613,0.99641,1.50,1.00
2016.10.11 03:49:29.677,0.99613,0.99641,2.25,1.00
2016.10.11 03:49:30.173,0.99619,0.99642,1.00,2.25
2016.10.11 03:49:30.224,0.99614,0.99642,1.50,1.00
2016.10.11 03:49:30.276,0.99614,0.99642,1.75,1.00
2016.10.11 03:49:30.724,0.99619,0.99642,1.00,1.00
2016.10.11 03:49:30.878,0.99619,0.99642,1.00,1.50
2016.10.11 03:49:30.928,0.99613,0.99642,1.50,1.50
2016.10.11 03:49:30.979,0.99613,0.99637,1.00,1.00
2016.10.11 03:49:31.372,0.99613,0.99635,1.00,1.00
2016.10.11 03:49:31.423,0.99613,0.99635,1.00,1.00
2016.10.11 03:49:31.474,0.99613,0.99637,1.00,1.00
2016.10.11 03:49:32.770,0.99613,0.99638,1.00,1.00
2016.10.11 03:49:34.800,0.99613,0.99638,1.00,1.50
2016.10.11 03:49:34.901,0.99613,0.99638,1.00,1.00
2016.10.11 03:49:35.053,0.99609,0.99638,3.37,1.00
2016.10.11 03:49:35.104,0.99611,0.99641,1.50,1.50
2016.10.11 03:49:35.155,0.99611,0.99641,1.50,1.00
2016.10.11 03:49:35.206,0.99611,0.99641,1.00,1.00
2016.10.11 03:49:35.444,0.99613,0.99639,1.00,1.00
2016.10.11 03:49:36.061,0.99614,0.99639,1.00,1.00
2016.10.11 03:49:36.948,0.99613,0.99639,1.00,1.00
2016.10.11 03:49:37.207,0.99613,0.99639,1.00,1.50
2016.10.11 03:49:37.611,0.99613,0.99639,1.00,1.00
2016.10.11 03:49:38.132,0.99609,0.99639,1.00,1.00
2016.10.11 03:49:38.183,0.99609,0.99637,1.00,1.00
2016.10.11 03:49:38.436,0.99608,0.99637,1.00,1.50
2016.10.11 03:49:38.609,0.99608,0.99637,1.00,1.00
2016.10.11 03:49:38.902,0.99608,0.99636,1.00,1.00
2016.10.11 03:49:38.953,0.99608,0.99634,1.00,2.62
2016.10.11 03:49:39.003,0.99608,0.99632,1.00,1.75
2016.10.11 03:49:39.111,0.99608,0.99632,1.00,1.75
2016.10.11 03:49:41.415,0.99608,0.99632,1.00,1.75
2016.10.11 03:49:41.516,0.99609,0.99628,1.00,1.00
2016.10.11 03:49:41.567,0.99609,0.99631,1.00,2.62
2016.10.11 03:49:41.669,0.99609,0.99632,1.00,1.75
2016.10.11 03:49:41.821,0.99609,0.99632,1.00,1.75
2016.10.11 03:49:42.113,0.99609,0.99633,1.00,1.75
2016.10.11 03:49:42.181,0.99605,0.99632,1.50,1.75
2016.10.11 03:49:42.434,0.99608,0.99633,1.00,1.75
2016.10.11 03:49:43.168,0.99608,0.99629,1.00,1.00
2016.10.11 03:49:43.521,0.99608,0.99632,1.00,1.75
2016.10.11 03:49:43.572,0.99608,0.99627,1.00,1.00
2016.10.11 03:49:43.622,0.99608,0.99632,1.00,1.75
2016.10.11 03:49:43.673,0.99613,0.99631,1.00,1.00
2016.10.11 03:49:43.724,0.99613,0.99633,1.00,1.37
2016.10.11 03:49:43.775,0.99613,0.99633,1.00,1.00
2016.10.11 03:49:43.826,0.99613,0.99639,1.00,2.25
2016.10.11 03:49:44.225,0.99613,0.99638,1.00,2.62
2016.10.11 03:49:44.281,0.99613,0.99635,1.00,2.62
2016.10.11 03:49:44.332,0.99613,0.99635,1.00,3.75
2016.10.11 03:49:44.433,0.99613,0.99635,1.00,2.62
2016.10.11 03:49:45.086,0.99613,0.99635,1.00,3.37
2016.10.11 03:49:46.432,0.99609,0.99635,1.00,3.37
2016.10.11 03:49:46.534,0.99609,0.99635,1.00,3.75
2016.10.11 03:49:47.235,0.99614,0.99635,1.00,3.75
2016.10.11 03:49:47.286,0.99614,0.99635,1.00,4.50
2016.10.11 03:49:47.438,0.99608,0.99635,1.00,3.37
2016.10.11 03:49:47.633,0.99608,0.99635,1.00,4.12
2016.10.11 03:49:47.726,0.99608,0.99635,1.12,3.37
2016.10.11 03:49:47.776,0.9961,0.99635,1.12,1.50
2016.10.11 03:49:47.827,0.9961,0.99636,1.12,1.75
2016.10.11 03:49:47.929,0.9961,0.99636,1.12,1.75
2016.10.11 03:49:48.211,0.99613,0.99632,1.00,1.00
2016.10.11 03:49:50.239,0.99613,0.99632,1.00,1.00
2016.10.11 03:49:50.721,0.99614,0.99635,1.00,1.75
2016.10.11 03:49:50.772,0.99608,0.99633,1.00,2.25
2016.10.11 03:49:50.849,0.99608,0.99632,1.00,1.75
2016.10.11 03:49:51.154,0.99608,0.99628,1.00,1.00
2016.10.11 03:49:51.538,0.99608,0.99628,1.00,1.00
2016.10.11 03:49:51.793,0.99608,0.9963,1.00,1.50
2016.10.11 03:49:51.843,0.99608,0.99632,1.00,1.75
2016.10.11 03:49:52.147,0.99609,0.99631,1.00,2.25
2016.10.11 03:49:52.299,0.99609,0.9963,1.00,1.75
2016.10.11 03:49:52.350,0.99609,0.99626,1.00,1.00
2016.10.11 03:49:56.656,0.99609,0.99626,1.00,1.00
2016.10.11 03:49:56.706,0.99609,0.99628,1.00,3.37
2016.10.11 03:49:56.808,0.99609,0.99628,1.00,2.62
2016.10.11 03:50:00.170,0.99609,0.99628,1.00,2.62
2016.10.11 03:50:00.873,0.99609,0.99624,1.00,1.75
2016.10.11 03:50:01.853,0.99609,0.99625,1.00,1.75
2016.10.11 03:50:02.487,0.99609,0.99624,1.00,1.75
2016.10.11 03:50:02.809,0.99609,0.99624,1.00,1.75
2016.10.11 03:50:02.961,0.99609,0.99627,1.00,1.75
2016.10.11 03:50:03.012,0.99609,0.99623,1.00,1.00
2016.10.11 03:50:03.113,0.99609,0.99627,1.00,1.75
2016.10.11 03:50:03.164,0.99609,0.99628,1.00,2.62
2016.10.11 03:50:03.215,0.99609,0.99627,1.00,1.50
2016.10.11 03:50:03.412,0.99609,0.99628,1.00,1.75
2016.10.11 03:50:03.462,0.99608,0.99628,1.00,2.25
2016.10.11 03:50:03.513,0.99608,0.99625,1.00,1.00
2016.10.11 03:50:03.614,0.99608,0.99628,1.00,1.75
2016.10.11 03:50:03.665,0.99608,0.99629,1.00,1.75
2016.10.11 03:50:04.604,0.99608,0.99629,1.00,1.75
2016.10.11 03:50:04.708,0.99609,0.99628,1.00,1.75
2016.10.11 03:50:04.758,0.99609,0.99628,1.00,2.25
2016.10.11 03:50:04.809,0.99609,0.99628,1.00,2.25
2016.10.11 03:50:04.860,0.99609,0.99628,1.00,1.75
2016.10.11 03:50:05.406,0.99608,0.99629,1.00,3.37
2016.10.11 03:50:05.815,0.99609,0.99628,1.00,1.75
2016.10.11 03:50:05.995,0.99609,0.99629,1.00,3.37
2016.10.11 03:50:06.449,0.99609,0.99628,1.00,1.75
2016.10.11 03:50:07.168,0.99608,0.99628,1.00,1.75
2016.10.11 03:50:07.224,0.99608,0.99628,1.00,2.25
2016.10.11 03:50:07.325,0.99608,0.99628,1.00,1.75
2016.10.11 03:50:07.746,0.99614,0.99627,1.00,1.00
2016.10.11 03:50:09.806,0.99619,0.99631,1.00,2.25
2016.10.11 03:50:09.973,0.99619,0.9963,1.00,1.50
2016.10.11 03:50:10.074,0.99614,0.9963,1.00,1.50
2016.10.11 03:50:10.715,0.99619,0.9963,1.00,1.50
2016.10.11 03:50:10.879,0.99613,0.9963,1.00,1.50
2016.10.11 03:50:11.183,0.99613,0.99631,1.00,1.75
2016.10.11 03:50:11.284,0.99613,0.9963,1.00,1.50
2016.10.11 03:50:12.488,0.99613,0.9963,1.00,1.50
2016.10.11 03:50:12.690,0.99613,0.9963,1.00,1.50
2016.10.11 03:50:13.183,0.99613,0.99633,1.00,3.37
2016.10.11 03:50:13.285,0.99613,0.99633,1.00,3.37
2016.10.11 03:50:13.398,0.99613,0.99633,1.00,1.75
2016.10.11 03:50:13.745,0.99614,0.99634,1.00,1.37
2016.10.11 03:50:14.172,0.99613,0.99639,1.00,1.75
2016.10.11 03:50:14.223,0.99613,0.99637,1.37,1.00
2016.10.11 03:50:14.274,0.99619,0.99637,1.00,1.00
2016.10.11 03:50:14.325,0.99619,0.99639,1.00,1.50
2016.10.11 03:50:14.375,0.99619,0.99638,1.00,1.00
2016.10.11 03:50:14.426,0.99619,0.99637,1.00,1.37
2016.10.11 03:50:14.527,0.99619,0.99635,1.00,1.00
2016.10.11 03:50:28.688,0.99611,0.99635,1.00,1.00
2016.10.11 03:50:28.739,0.9961,0.99642,1.75,3.75
2016.10.11 03:50:28.790,0.9961,0.99642,1.75,3.00
2016.10.11 03:50:28.843,0.99613,0.99642,1.75,1.75
2016.10.11 03:50:28.894,0.99624,0.99642,1.00,1.75
2016.10.11 03:50:28.945,0.99624,0.99644,1.00,2.25
2016.10.11 03:50:29.147,0.99623,0.99644,1.00,1.75
2016.10.11 03:50:31.855,0.99623,0.99643,1.00,3.00
2016.10.11 03:50:31.906,0.99619,0.99639,1.00,1.00
2016.10.11 03:50:31.957,0.99619,0.99636,1.00,1.75
2016.10.11 03:50:32.008,0.99613,0.99636,1.00,1.87
2016.10.11 03:50:32.167,0.99613,0.99632,1.00,1.37
2016.10.11 03:50:32.218,0.99614,0.99631,1.00,1.00
2016.10.11 03:50:32.269,0.99614,0.99633,1.00,1.75
2016.10.11 03:50:32.421,0.99614,0.99633,1.00,1.50
2016.10.11 03:50:32.825,0.99614,0.99633,1.00,1.50
2016.10.11 03:50:33.022,0.99619,0.99633,1.00,1.50
2016.10.11 03:50:33.126,0.99619,0.99636,1.00,1.75
2016.10.11 03:50:33.177,0.99619,0.99636,1.00,1.75
2016.10.11 03:50:33.227,0.99619,0.99637,1.00,3.37
2016.10.11 03:50:33.278,0.99619,0.99634,1.00,1.00
2016.10.11 03:50:33.329,0.99619,0.99634,1.00,1.00
2016.10.11 03:50:33.430,0.99619,0.99636,1.00,1.75
2016.10.11 03:50:33.657,0.99619,0.99632,1.00,1.00
2016.10.11 03:50:35.128,0.99614,0.99632,1.00,1.00
2016.10.11 03:50:35.316,0.99624,0.99632,1.00,1.00
2016.10.11 03:50:35.367,0.99624,0.99644,1.00,1.75
2016.10.11 03:50:35.418,0.99618,0.99643,1.00,1.12
2016.10.11 03:50:35.470,0.99618,0.99642,1.00,1.75
2016.10.11 03:50:35.571,0.99624,0.99639,1.00,1.00
2016.10.11 03:50:35.880,0.99624,0.99639,1.00,1.00
2016.10.11 03:50:36.212,0.99618,0.99637,1.00,1.00
2016.10.11 03:50:36.532,0.99624,0.99639,1.00,1.50
2016.10.11 03:50:36.583,0.99624,0.99639,1.00,1.50
2016.10.11 03:50:36.633,0.99624,0.99639,1.00,1.75
2016.10.11 03:50:37.314,0.99624,0.9964,1.00,1.75
2016.10.11 03:50:37.921,0.99619,0.99636,1.00,1.00
2016.10.11 03:50:37.972,0.99619,0.99639,1.00,3.75
2016.10.11 03:50:38.023,0.99619,0.99636,1.00,1.50
2016.10.11 03:50:38.124,0.99619,0.99634,1.00,1.37
2016.10.11 03:50:38.175,0.99619,0.99634,1.00,1.75
2016.10.11 03:50:38.756,0.99619,0.99635,1.00,1.75
2016.10.11 03:50:39.239,0.99614,0.99634,1.00,1.75
2016.10.11 03:50:39.341,0.99614,0.99636,1.00,2.62
2016.10.11 03:50:39.392,0.99614,0.99633,1.00,1.00
2016.10.11 03:50:43.207,0.99613,0.99633,1.00,1.00
2016.10.11 03:50:43.258,0.99613,0.99633,1.00,1.00
2016.10.11 03:50:43.309,0.99608,0.99632,2.25,1.00
2016.10.11 03:50:43.360,0.99608,0.9963,1.00,2.25
2016.10.11 03:50:43.411,0.99604,0.9963,1.00,2.25
2016.10.11 03:50:43.462,0.99604,0.99629,1.00,2.62
2016.10.11 03:50:43.645,0.99604,0.99629,1.00,1.87
2016.10.11 03:50:43.696,0.99609,0.99629,1.00,1.75
2016.10.11 03:50:43.797,0.99609,0.99629,1.00,1.75
2016.10.11 03:50:43.848,0.99609,0.99629,1.00,1.75
2016.10.11 03:50:43.952,0.99609,0.99629,1.00,2.62
2016.10.11 03:50:44.053,0.99603,0.99628,1.00,2.62
2016.10.11 03:50:44.154,0.99603,0.99624,1.00,1.75
2016.10.11 03:50:44.357,0.99603,0.99625,1.00,1.75
2016.10.11 03:50:44.613,0.99599,0.99625,1.00,1.75
2016.10.11 03:50:44.664,0.99604,0.99625,1.00,1.75
2016.10.11 03:50:44.714,0.99609,0.99625,1.00,1.75
2016.10.11 03:50:44.765,0.99609,0.99628,1.00,2.62
2016.10.11 03:50:44.866,0.99609,0.99633,1.00,2.62
2016.10.11 03:50:44.967,0.99609,0.99633,1.00,3.37
2016.10.11 03:50:45.157,0.99609,0.99633,1.00,3.37
2016.10.11 03:50:45.259,0.99608,0.99633,1.00,1.75
2016.10.11 03:50:45.361,0.99608,0.99633,1.00,1.50
2016.10.11 03:50:45.880,0.99608,0.99636,1.50,3.37
2016.10.11 03:50:46.162,0.99608,0.99636,1.00,3.37
2016.10.11 03:50:47.466,0.99608,0.99635,1.00,1.75
2016.10.11 03:50:48.317,0.99609,0.99636,1.00,3.37
2016.10.11 03:50:48.748,0.99609,0.99636,1.12,1.75
2016.10.11 03:50:48.799,0.99609,0.99636,1.12,1.75
2016.10.11 03:50:48.900,0.99609,0.99635,1.12,1.75
2016.10.11 03:50:49.370,0.99609,0.99635,1.12,1.75
2016.10.11 03:50:49.663,0.99609,0.99635,1.12,1.75
2016.10.11 03:50:49.870,0.99609,0.99635,1.12,1.75
2016.10.11 03:50:50.477,0.9961,0.99635,1.00,1.00
2016.10.11 03:50:50.578,0.99609,0.99636,1.12,1.12
2016.10.11 03:50:50.874,0.99608,0.99636,1.37,1.75
2016.10.11 03:50:51.424,0.99608,0.99635,1.37,1.75
2016.10.11 03:50:52.342,0.99608,0.99635,1.87,1.75
2016.10.11 03:50:53.022,0.99614,0.99635,1.00,1.75
2016.10.11 03:50:53.651,0.99614,0.99639,1.00,2.62
2016.10.11 03:50:53.703,0.99612,0.9964,1.50,1.75
2016.10.11 03:50:53.754,0.99612,0.99641,1.37,3.37
2016.10.11 03:50:53.805,0.99612,0.9964,1.12,2.62
2016.10.11 03:50:53.957,0.99608,0.99635,1.75,1.00
2016.10.11 03:50:54.007,0.99608,0.99637,1.75,1.75
2016.10.11 03:50:54.159,0.99614,0.99633,1.00,1.50
2016.10.11 03:50:54.210,0.99614,0.9963,1.00,1.00
2016.10.11 03:50:54.933,0.99619,0.9963,1.00,1.00
2016.10.11 03:50:54.984,0.99619,0.99633,1.00,1.00
2016.10.11 03:50:55.085,0.99619,0.99644,1.00,1.75
2016.10.11 03:50:55.369,0.99619,0.99644,1.12,1.75
2016.10.11 03:50:55.484,0.99619,0.99644,1.00,1.87
2016.10.11 03:50:55.585,0.99619,0.99644,1.00,1.87
2016.10.11 03:50:55.686,0.99618,0.99644,1.00,1.75
2016.10.11 03:50:56.720,0.99619,0.99637,1.00,1.75
2016.10.11 03:50:56.771,0.99618,0.99638,1.00,2.62
2016.10.11 03:50:56.822,0.99618,0.9964,1.00,1.12
2016.10.11 03:50:56.873,0.99618,0.99638,1.00,1.75
2016.10.11 03:50:56.939,0.99618,0.99638,1.00,1.75
2016.10.11 03:50:57.091,0.99618,0.99639,1.00,1.75
2016.10.11 03:50:57.142,0.99613,0.99639,1.00,1.75
2016.10.11 03:50:57.379,0.99613,0.99635,1.00,3.37
2016.10.11 03:50:57.992,0.99613,0.99637,1.00,1.75
2016.10.11 03:50:58.093,0.99613,0.9964,1.12,1.75
2016.10.11 03:50:58.279,0.99613,0.99636,1.12,1.12
2016.10.11 03:50:58.330,0.99613,0.99636,1.12,1.12
2016.10.11 03:50:58.380,0.99618,0.99639,1.00,3.37
2016.10.11 03:50:58.431,0.99618,0.99637,1.00,2.62
2016.10.11 03:50:58.482,0.99613,0.99637,1.00,2.62
2016.10.11 03:50:58.533,0.99613,0.99639,1.00,1.75
2016.10.11 03:50:58.680,0.99613,0.99639,1.00,1.75
2016.10.11 03:50:59.135,0.99618,0.99639,1.00,1.75
2016.10.11 03:50:59.383,0.99614,0.99639,1.00,1.75
2016.10.11 03:50:59.899,0.99614,0.99639,1.00,1.87
2016.10.11 03:51:00.000,0.99614,0.99636,1.00,1.75
2016.10.11 03:51:00.732,0.99614,0.99636,1.00,1.75
2016.10.11 03:51:00.783,0.99614,0.99635,1.00,2.25
2016.10.11 03:51:00.834,0.99614,0.99635,1.00,4.12
2016.10.11 03:51:00.935,0.99614,0.99635,1.00,4.12
2016.10.11 03:51:01.199,0.99614,0.99631,1.00,1.50
2016.10.11 03:51:01.250,0.99609,0.9963,1.00,1.12
2016.10.11 03:51:01.301,0.99609,0.99628,1.00,2.25
2016.10.11 03:51:01.504,0.99609,0.99623,1.00,1.00
2016.10.11 03:51:01.555,0.99598,0.99623,1.50,1.00
2016.10.11 03:51:01.606,0.99598,0.99623,1.00,1.00
2016.10.11 03:51:01.758,0.99609,0.99623,1.00,1.00
2016.10.11 03:51:01.809,0.99609,0.99623,1.00,1.00
2016.10.11 03:51:01.961,0.99604,0.99623,1.00,1.00
2016.10.11 03:51:02.011,0.99604,0.99624,1.00,1.12
2016.10.11 03:51:02.265,0.99609,0.99625,1.00,1.50
2016.10.11 03:51:02.492,0.99614,0.99628,1.00,1.75
2016.10.11 03:51:02.600,0.99614,0.99629,1.00,2.25
2016.10.11 03:51:02.650,0.99613,0.99632,1.00,1.75
2016.10.11 03:51:02.701,0.99613,0.99634,1.00,2.25
2016.10.11 03:51:02.803,0.99614,0.99634,1.00,1.50
2016.10.11 03:51:02.904,0.99614,0.99635,1.00,1.75
2016.10.11 03:51:03.522,0.99614,0.99636,1.00,2.25
2016.10.11 03:51:03.699,0.99614,0.99635,1.00,1.75
2016.10.11 03:51:03.750,0.99614,0.99635,1.00,2.25
2016.10.11 03:51:03.855,0.99614,0.99635,1.00,1.75
2016.10.11 03:51:03.905,0.99614,0.99635,1.00,3.37
2016.10.11 03:51:03.956,0.99614,0.99634,1.00,2.62
2016.10.11 03:51:04.057,0.99614,0.99635,1.00,1.75
2016.10.11 03:51:04.864,0.99613,0.99635,1.00,1.75
2016.10.11 03:51:05.015,0.99613,0.99636,1.00,4.12
2016.10.11 03:51:05.066,0.99608,0.99634,1.12,1.75
2016.10.11 03:51:05.218,0.99608,0.99634,1.12,1.75
2016.10.11 03:51:05.369,0.99614,0.99634,1.00,1.75
2016.10.11 03:51:05.420,0.99614,0.99634,1.00,1.75
2016.10.11 03:51:05.957,0.99614,0.99635,1.00,1.75
2016.10.11 03:51:06.162,0.99614,0.99633,1.00,1.50
2016.10.11 03:51:06.212,0.99614,0.99631,1.00,1.00
2016.10.11 03:51:06.263,0.99614,0.99633,1.00,1.75
2016.10.11 03:51:06.314,0.99614,0.99632,1.00,1.75
2016.10.11 03:51:06.465,0.99614,0.99632,1.00,2.25
2016.10.11 03:51:07.305,0.99614,0.99632,1.00,1.75
2016.10.11 03:51:07.407,0.99609,0.99632,1.00,1.50
2016.10.11 03:51:07.868,0.99609,0.9963,1.00,1.00
2016.10.11 03:51:15.284,0.99604,0.9963,1.50,1.50
2016.10.11 03:51:15.334,0.99604,0.9963,1.12,1.75
2016.10.11 03:51:15.536,0.99604,0.9963,1.12,1.75
2016.10.11 03:51:16.218,0.99604,0.9963,1.12,1.75
2016.10.11 03:51:16.382,0.99604,0.99631,1.12,2.25
2016.10.11 03:51:17.149,0.99604,0.99631,1.37,2.25
2016.10.11 03:51:17.199,0.99604,0.99629,1.50,1.00
2016.10.11 03:51:18.744,0.99604,0.99629,1.50,1.00
2016.10.11 03:51:18.795,0.99603,0.9963,1.75,1.12
2016.10.11 03:51:18.846,0.99607,0.9963,2.25,1.00
2016.10.11 03:51:18.896,0.99609,0.99632,1.75,1.00
2016.10.11 03:51:18.947,0.99609,0.99637,2.25,1.50
2016.10.11 03:51:19.048,0.99609,0.99637,1.75,1.50
2016.10.11 03:51:19.150,0.99609,0.99637,2.25,1.50
2016.10.11 03:51:19.201,0.99609,0.99637,1.75,2.25
2016.10.11 03:51:19.302,0.99609,0.99637,1.50,2.25
2016.10.11 03:51:19.353,0.99608,0.99637,1.75,3.00
2016.10.11 03:51:19.557,0.99608,0.99637,1.75,3.00
2016.10.11 03:51:20.347,0.99609,0.99637,1.50,2.25
2016.10.11 03:51:20.397,0.99609,0.99637,1.75,1.87
2016.10.11 03:51:20.448,0.99609,0.99637,1.75,1.87
2016.10.11 03:51:20.498,0.99609,0.99637,2.25,1.12
2016.10.11 03:51:20.599,0.99614,0.99638,1.00,1.50
2016.10.11 03:51:21.489,0.99614,0.9964,1.00,2.25
2016.10.11 03:51:21.800,0.99614,0.99639,1.00,1.75
2016.10.11 03:51:23.231,0.99609,0.99637,1.75,1.12
2016.10.11 03:51:23.333,0.99609,0.99637,2.25,1.12
2016.10.11 03:51:24.348,0.99609,0.99637,1.75,1.12
2016.10.11 03:51:24.637,0.99609,0.99637,1.75,1.12
2016.10.11 03:51:24.739,0.99609,0.99637,1.75,1.12
2016.10.11 03:51:29.470,0.99609,0.99637,2.25,1.12
2016.10.11 03:51:31.171,0.99609,0.99637,2.25,3.00
2016.10.11 03:51:31.222,0.99609,0.99637,2.25,3.37
2016.10.11 03:51:31.420,0.99604,0.99633,3.37,2.62
2016.10.11 03:51:31.471,0.99604,0.99633,1.50,1.75
2016.10.11 03:51:31.572,0.99604,0.99633,1.50,2.25
2016.10.11 03:51:31.623,0.99608,0.99633,1.00,2.25
2016.10.11 03:51:31.724,0.99608,0.99631,1.00,1.50
2016.10.11 03:51:31.775,0.99608,0.99631,1.12,1.50
2016.10.11 03:51:31.826,0.99608,0.99631,1.12,1.37
2016.10.11 03:51:32.129,0.99608,0.99632,1.12,1.50
2016.10.11 03:51:32.734,0.99608,0.9963,1.12,1.00
2016.10.11 03:51:32.786,0.99608,0.9963,1.00,1.00
2016.10.11 03:51:34.255,0.99608,0.9963,1.00,1.00
2016.10.11 03:51:34.569,0.99608,0.9963,1.12,1.00
2016.10.11 03:51:34.776,0.99608,0.99635,1.37,1.50
2016.10.11 03:51:34.827,0.99609,0.99635,1.75,1.12
2016.10.11 03:51:34.928,0.99609,0.99636,1.75,2.25
2016.10.11 03:51:35.029,0.99613,0.99636,1.00,1.50
2016.10.11 03:51:35.235,0.99613,0.99636,1.00,2.25
2016.10.11 03:51:35.759,0.99613,0.99636,1.00,1.75
2016.10.11 03:51:36.281,0.99609,0.99635,1.87,1.50
2016.10.11 03:51:36.331,0.99609,0.99635,1.00,1.75
2016.10.11 03:51:37.185,0.99613,0.99635,1.00,1.75
2016.10.11 03:51:37.287,0.99613,0.99635,1.00,1.75
2016.10.11 03:51:37.338,0.99613,0.99636,1.00,1.75
2016.10.11 03:51:37.389,0.99613,0.99635,1.00,1.00
2016.10.11 03:51:37.440,0.99613,0.99637,1.00,1.75
2016.10.11 03:51:37.593,0.99613,0.99639,1.00,2.25
2016.10.11 03:51:38.842,0.99613,0.99638,1.00,1.75
2016.10.11 03:51:39.248,0.99614,0.99633,1.00,1.00
2016.10.11 03:51:39.299,0.99609,0.99633,1.00,1.50
2016.10.11 03:51:39.350,0.99609,0.99633,1.00,1.75
2016.10.11 03:51:40.251,0.99609,0.99633,1.00,2.25
2016.10.11 03:51:43.371,0.99609,0.99633,1.00,2.25
2016.10.11 03:51:43.719,0.99609,0.99631,1.00,1.50
2016.10.11 03:51:43.921,0.99604,0.99632,1.50,1.75
2016.10.11 03:51:44.022,0.99608,0.99633,1.00,2.25
2016.10.11 03:51:44.123,0.99609,0.99631,1.00,1.00
2016.10.11 03:51:44.174,0.99611,0.99636,1.00,2.62
2016.10.11 03:51:44.225,0.99614,0.99637,1.12,2.25
2016.10.11 03:51:44.275,0.99614,0.9964,1.12,3.00
2016.10.11 03:51:44.326,0.99611,0.99633,1.75,1.00
2016.10.11 03:51:44.377,0.99608,0.99633,2.62,1.00
2016.10.11 03:51:44.427,0.99607,0.99633,2.25,1.37
2016.10.11 03:51:44.478,0.99604,0.99633,3.00,1.75
2016.10.11 03:51:44.908,0.99609,0.99638,1.37,3.37
2016.10.11 03:51:44.959,0.99614,0.99637,1.00,1.00
2016.10.11 03:51:45.465,0.99613,0.99637,1.00,1.00
2016.10.11 03:51:46.884,0.99613,0.99637,1.00,1.00
2016.10.11 03:51:47.086,0.99613,0.99637,1.00,1.00
2016.10.11 03:51:48.131,0.99614,0.99637,1.00,1.00
2016.10.11 03:51:48.334,0.99619,0.9964,1.00,1.37
2016.10.11 03:51:48.384,0.99619,0.99642,1.00,1.50
2016.10.11 03:51:49.136,0.99613,0.99642,3.00,2.25
2016.10.11 03:51:49.187,0.99613,0.99642,3.00,2.25
2016.10.11 03:51:49.288,0.99613,0.99642,3.00,2.25
2016.10.11 03:51:49.338,0.99613,0.99641,2.25,1.12
2016.10.11 03:51:49.561,0.99614,0.99641,1.75,1.87
2016.10.11 03:51:49.612,0.99614,0.99641,2.25,1.87
2016.10.11 03:51:49.662,0.99614,0.99641,1.75,1.12
2016.10.11 03:51:49.713,0.99614,0.99641,1.75,1.37
2016.10.11 03:51:49.764,0.99615,0.9964,1.00,1.00
2016.10.11 03:51:49.815,0.99615,0.99641,1.00,2.25
2016.10.11 03:51:49.866,0.99614,0.99641,1.37,2.25
2016.10.11 03:51:49.917,0.99614,0.9964,1.37,1.75
2016.10.11 03:51:50.697,0.99614,0.9964,1.37,1.75
2016.10.11 03:51:52.321,0.99614,0.99641,1.37,1.75
2016.10.11 03:51:52.372,0.99614,0.99641,1.37,1.87
2016.10.11 03:51:52.423,0.99614,0.9964,1.37,1.75
2016.10.11 03:51:52.474,0.99614,0.99639,1.37,1.37
2016.10.11 03:51:52.524,0.99614,0.99639,1.37,1.00
2016.10.11 03:51:52.575,0.99614,0.9964,1.50,1.12
2016.10.11 03:51:52.626,0.99614,0.9964,1.50,1.12
2016.10.11 03:51:52.727,0.99614,0.9964,1.50,1.12
2016.10.11 03:51:53.726,0.99614,0.99641,1.50,3.00
2016.10.11 03:51:54.317,0.99614,0.99641,1.50,3.00
2016.10.11 03:51:56.398,0.99614,0.99641,1.50,3.00
2016.10.11 03:51:57.399,0.99614,0.99641,1.50,3.00
2016.10.11 03:51:57.682,0.99614,0.99641,1.50,2.25
2016.10.11 03:51:59.487,0.99614,0.99641,1.50,3.00
2016.10.11 03:52:00.311,0.99614,0.99641,1.50,2.25
2016.10.11 03:52:01.062,0.99613,0.9964,1.75,1.12
2016.10.11 03:52:01.316,0.99613,0.99641,1.75,2.25
2016.10.11 03:52:02.274,0.99613,0.99641,1.75,2.25
2016.10.11 03:52:03.221,0.99613,0.99641,1.75,2.25
2016.10.11 03:52:03.937,0.99616,0.99642,1.37,1.87
2016.10.11 03:52:03.987,0.99618,0.99642,1.00,1.50
2016.10.11 03:52:04.139,0.99613,0.99642,4.87,1.87
2016.10.11 03:52:04.190,0.99613,0.99642,3.00,2.25
2016.10.11 03:52:04.240,0.99613,0.99642,2.25,2.25
2016.10.11 03:52:04.341,0.99613,0.99642,2.25,2.25
2016.10.11 03:52:04.417,0.99613,0.99642,2.25,2.25
2016.10.11 03:52:04.620,0.99613,0.99642,1.75,2.25
2016.10.11 03:52:04.941,0.99615,0.99642,1.50,1.50
2016.10.11 03:52:04.992,0.99615,0.99642,1.12,1.75
2016.10.11 03:52:05.043,0.99618,0.99642,1.87,1.37
2016.10.11 03:52:05.093,0.99618,0.99642,2.25,1.00
2016.10.11 03:52:05.144,0.99618,0.99642,1.75,1.00
2016.10.11 03:52:05.245,0.99621,0.99642,1.00,1.50
2016.10.11 03:52:05.296,0.99618,0.99642,1.75,1.50
2016.10.11 03:52:05.347,0.99619,0.99641,1.00,1.00
2016.10.11 03:52:05.397,0.99615,0.99641,3.37,1.00
2016.10.11 03:52:05.448,0.99618,0.99639,1.00,1.00
2016.10.11 03:52:05.691,0.99613,0.99639,3.00,1.37
2016.10.11 03:52:05.773,0.99611,0.99641,2.62,1.75
2016.10.11 03:52:05.823,0.99614,0.99642,1.75,2.25
2016.10.11 03:52:05.874,0.99614,0.99642,1.75,1.37
2016.10.11 03:52:05.925,0.99613,0.9964,1.75,1.00
2016.10.11 03:52:06.035,0.99613,0.9964,1.75,1.12
2016.10.11 03:52:06.086,0.99615,0.9964,1.00,1.50
2016.10.11 03:52:06.798,0.99613,0.9964,1.75,1.12
2016.10.11 03:52:06.851,0.99613,0.99641,1.75,1.12
2016.10.11 03:52:07.237,0.99613,0.99642,1.75,1.50
2016.10.11 03:52:07.803,0.99614,0.99642,1.75,1.50
2016.10.11 03:52:10.646,0.99613,0.99641,1.75,1.12
2016.10.11 03:52:10.759,0.99613,0.99641,1.75,1.87
2016.10.11 03:52:11.009,0.99612,0.99641,3.37,2.62
2016.10.11 03:52:11.111,0.99611,0.99641,1.75,3.00
2016.10.11 03:52:11.161,0.99611,0.99639,1.75,1.50
2016.10.11 03:52:11.690,0.99611,0.99639,1.75,1.75
2016.10.11 03:52:12.161,0.99611,0.9964,1.75,1.75
2016.10.11 03:52:12.364,0.99611,0.99639,1.75,1.75
2016.10.11 03:52:12.667,0.99611,0.99639,1.75,1.75
2016.10.11 03:52:12.819,0.9961,0.99639,1.75,1.75
2016.10.11 03:52:14.723,0.9961,0.99639,1.75,1.75
2016.10.11 03:52:16.116,0.99611,0.99639,1.75,1.75
2016.10.11 03:52:16.167,0.99611,0.99639,1.75,1.75
2016.10.11 03:52:16.466,0.99611,0.9964,1.75,1.75
2016.10.11 03:52:17.369,0.9961,0.9964,1.75,1.75
2016.10.11 03:52:19.263,0.99611,0.99641,2.25,4.12
2016.10.11 03:52:19.366,0.9961,0.99637,1.75,1.00
2016.10.11 03:52:19.417,0.9961,0.9964,1.75,1.75
2016.10.11 03:52:19.662,0.9961,0.9964,1.75,1.75
2016.10.11 03:52:19.764,0.9961,0.99641,1.75,4.12
2016.10.11 03:52:19.967,0.9961,0.99641,2.25,3.37
2016.10.11 03:52:20.369,0.99612,0.99641,1.50,4.12
2016.10.11 03:52:21.547,0.99612,0.99637,1.50,1.00
2016.10.11 03:52:21.598,0.99612,0.99641,1.75,2.25
2016.10.11 03:52:21.700,0.99613,0.99641,1.50,1.75
2016.10.11 03:52:22.101,0.99613,0.99641,1.50,2.25
2016.10.11 03:52:22.576,0.99613,0.9964,1.50,1.75
2016.10.11 03:52:22.677,0.99611,0.9964,1.75,1.75
2016.10.11 03:52:22.881,0.99611,0.9964,1.75,1.75
2016.10.11 03:52:23.104,0.99611,0.9964,2.25,1.75
2016.10.11 03:52:23.168,0.99611,0.99639,1.75,1.50
2016.10.11 03:52:23.281,0.99613,0.99639,1.50,1.50
2016.10.11 03:52:23.383,0.99613,0.99639,1.50,1.50
2016.10.11 03:52:23.779,0.99613,0.99639,1.50,1.50
2016.10.11 03:52:23.881,0.99613,0.9964,1.50,1.75
2016.10.11 03:52:23.982,0.99613,0.9964,1.50,1.75
2016.10.11 03:52:24.425,0.99613,0.99639,1.50,1.50
2016.10.11 03:52:25.052,0.99613,0.9964,1.75,1.50
2016.10.11 03:52:25.233,0.99613,0.9964,1.50,1.75
2016.10.11 03:52:25.384,0.99613,0.99641,1.50,1.75
2016.10.11 03:52:26.190,0.99613,0.99641,1.50,1.75
2016.10.11 03:52:26.240,0.99613,0.99639,1.50,1.50
2016.10.11 03:52:26.291,0.99613,0.99639,1.50,1.50
2016.10.11 03:52:26.359,0.99613,0.99639,1.50,1.50
2016.10.11 03:52:26.688,0.99613,0.99639,1.50,1.50
2016.10.11 03:52:26.760,0.99613,0.99639,1.50,1.50
2016.10.11 03:52:26.991,0.99613,0.99639,1.50,1.50
2016.10.11 03:52:27.092,0.99613,0.99641,1.50,1.75
2016.10.11 03:52:27.604,0.99613,0.9964,1.50,1.75
2016.10.11 03:52:28.143,0.99613,0.99641,1.50,1.75
2016.10.11 03:52:28.902,0.99614,0.99641,1.12,2.25
2016.10.11 03:52:31.193,0.99619,0.99641,1.00,1.75
2016.10.11 03:52:31.702,0.99613,0.99641,1.50,1.75
2016.10.11 03:52:32.169,0.99613,0.99641,1.50,1.75
2016.10.11 03:52:32.692,0.99612,0.99634,1.75,1.00
2016.10.11 03:52:32.794,0.99612,0.99627,1.37,1.37
2016.10.11 03:52:32.845,0.99612,0.99627,1.00,1.75
2016.10.11 03:52:33.224,0.99604,0.99625,1.00,1.00
2016.10.11 03:52:33.291,0.99603,0.99628,1.37,1.37
2016.10.11 03:52:33.348,0.99603,0.9963,1.75,1.37
2016.10.11 03:52:33.580,0.99602,0.99629,1.75,1.37
2016.10.11 03:52:33.631,0.99609,0.9963,1.00,1.37
2016.10.11 03:52:33.751,0.99609,0.99632,1.00,1.75
2016.10.11 03:52:34.711,0.99604,0.99632,1.00,1.75
2016.10.11 03:52:34.762,0.99603,0.99632,1.50,1.75
2016.10.11 03:52:35.646,0.99603,0.99631,1.50,1.75
2016.10.11 03:52:36.126,0.99609,0.99631,1.00,1.75
2016.10.11 03:52:36.177,0.99609,0.99631,1.00,1.75
2016.10.11 03:52:37.216,0.99609,0.99631,1.00,1.75
2016.10.11 03:52:37.786,0.99603,0.99631,1.50,1.75
2016.10.11 03:52:37.903,0.99603,0.99631,1.50,1.75
2016.10.11 03:52:38.018,0.99603,0.99631,1.50,1.75
2016.10.11 03:52:38.675,0.99603,0.9963,1.50,1.75
2016.10.11 03:52:40.421,0.99604,0.9963,1.12,1.75
2016.10.11 03:52:40.624,0.99602,0.9963,1.75,1.75
2016.10.11 03:52:41.106,0.99604,0.9963,1.12,1.75
2016.10.11 03:52:41.158,0.99604,0.99632,1.12,1.75
2016.10.11 03:52:43.623,0.99604,0.99632,1.12,1.75
2016.10.11 03:52:45.934,0.99603,0.99632,1.50,1.75
2016.10.11 03:52:46.352,0.99604,0.99632,1.12,1.75
2016.10.11 03:52:47.141,0.99604,0.99632,1.12,1.75
2016.10.11 03:52:47.335,0.99604,0.9963,1.12,1.75
2016.10.11 03:52:47.537,0.99603,0.9963,1.37,1.75
2016.10.11 03:52:47.640,0.996,0.99629,2.62,1.50
2016.10.11 03:52:47.792,0.996,0.99629,3.37,1.50
2016.10.11 03:52:48.198,0.996,0.99628,3.37,1.12
2016.10.11 03:52:48.299,0.99599,0.99629,4.12,1.50
2016.10.11 03:52:48.535,0.99602,0.99627,1.00,1.00
2016.10.11 03:52:48.742,0.99602,0.99627,1.00,1.00
2016.10.11 03:52:49.067,0.99602,0.99627,1.00,1.00
2016.10.11 03:52:50.502,0.99603,0.99627,1.00,1.00
2016.10.11 03:52:51.304,0.99602,0.99627,1.00,1.00
2016.10.11 03:52:52.202,0.99604,0.99627,1.00,1.00
2016.10.11 03:52:53.103,0.99602,0.99627,1.00,1.00
2016.10.11 03:52:53.895,0.99604,0.99627,1.00,1.00
2016.10.11 03:52:58.247,0.99604,0.99627,1.00,1.00
2016.10.11 03:53:00.130,0.99602,0.99627,1.00,1.00
2016.10.11 03:53:00.231,0.99599,0.99627,1.75,1.50
2016.10.11 03:53:00.282,0.996,0.99625,1.00,1.00
2016.10.11 03:53:00.333,0.996,0.99625,1.00,1.00
2016.10.11 03:53:01.158,0.996,0.99625,1.00,1.00
2016.10.11 03:53:01.432,0.996,0.99625,1.00,1.00
2016.10.11 03:53:01.871,0.996,0.99625,1.00,1.00
2016.10.11 03:53:02.937,0.99604,0.99625,1.00,1.00
2016.10.11 03:53:03.439,0.99604,0.99629,1.00,1.75
2016.10.11 03:53:04.156,0.99604,0.99629,1.50,1.00
2016.10.11 03:53:04.213,0.99604,0.99629,1.50,1.50
2016.10.11 03:53:04.700,0.99604,0.99629,1.50,1.00
2016.10.11 03:53:04.952,0.99604,0.99629,1.50,1.00
2016.10.11 03:53:05.187,0.99604,0.99629,1.00,1.00
2016.10.11 03:53:10.698,0.99604,0.99629,1.50,1.00
2016.10.11 03:53:13.187,0.99604,0.99633,1.50,3.37
2016.10.11 03:53:13.264,0.99604,0.99633,1.75,1.75
2016.10.11 03:53:13.923,0.99603,0.99633,1.75,1.75
2016.10.11 03:53:18.242,0.99603,0.99633,1.75,2.25
2016.10.11 03:53:19.527,0.99603,0.99632,1.75,1.50
2016.10.11 03:53:19.747,0.99602,0.99632,3.37,1.50
2016.10.11 03:53:19.798,0.99602,0.99634,3.37,2.25
2016.10.11 03:53:19.848,0.99605,0.99634,1.50,1.75
2016.10.11 03:53:20.199,0.99605,0.99632,1.50,1.00
2016.10.11 03:53:20.268,0.99605,0.99635,1.75,2.25
2016.10.11 03:53:20.398,0.99605,0.99633,1.75,1.50
2016.10.11 03:53:20.464,0.99605,0.99633,1.75,1.50
2016.10.11 03:53:20.887,0.99605,0.99633,1.75,1.50
2016.10.11 03:53:21.163,0.99605,0.99633,1.75,1.50
2016.10.11 03:53:21.964,0.99605,0.99633,1.75,1.50
2016.10.11 03:53:28.559,0.99604,0.99633,2.25,1.50
2016.10.11 03:53:29.367,0.99605,0.99633,1.75,1.50
2016.10.11 03:53:29.418,0.99605,0.99632,1.75,1.12
2016.10.11 03:53:30.055,0.99605,0.99634,1.75,1.75
2016.10.11 03:53:32.724,0.99605,0.99634,1.75,1.75
2016.10.11 03:53:32.775,0.99606,0.99631,1.00,1.00
2016.10.11 03:53:35.246,0.99609,0.99631,1.00,1.00
2016.10.11 03:53:36.163,0.99606,0.99631,1.00,1.00
2016.10.11 03:53:36.315,0.99601,0.99631,4.12,1.50
2016.10.11 03:53:36.366,0.99601,0.99631,2.25,1.75
2016.10.11 03:53:36.417,0.99602,0.99623,1.75,1.00
2016.10.11 03:53:36.519,0.99601,0.9962,1.37,1.12
2016.10.11 03:53:36.570,0.99601,0.9962,1.00,1.50
2016.10.11 03:53:36.620,0.99595,0.9962,1.00,1.50
2016.10.11 03:53:36.671,0.99595,0.9962,1.00,1.50
2016.10.11 03:53:36.722,0.99592,0.9962,1.75,1.50
2016.10.11 03:53:36.773,0.99591,0.9962,1.75,1.75
2016.10.11 03:53:36.966,0.99598,0.9962,1.00,1.75
2016.10.11 03:53:37.016,0.99598,0.99621,1.00,2.25
2016.10.11 03:53:37.119,0.99598,0.99621,1.00,2.25
2016.10.11 03:53:37.285,0.99598,0.99621,1.00,2.25
2016.10.11 03:53:37.387,0.99594,0.99621,1.12,2.25
2016.10.11 03:53:37.488,0.99594,0.99621,1.12,2.25
2016.10.11 03:53:37.539,0.99594,0.99619,1.12,1.75
2016.10.11 03:53:37.591,0.99594,0.99619,1.00,1.75
2016.10.11 03:53:37.642,0.99594,0.99616,1.00,1.00
2016.10.11 03:53:38.695,0.99594,0.99619,1.12,1.75
2016.10.11 03:53:38.746,0.99594,0.99619,1.12,1.75
2016.10.11 03:53:38.860,0.9959,0.99619,1.75,1.75
2016.10.11 03:53:39.091,0.9959,0.99619,1.75,1.75
2016.10.11 03:53:39.142,0.9959,0.9962,1.75,2.25
2016.10.11 03:53:39.192,0.99598,0.9962,1.00,2.25
2016.10.11 03:53:39.995,0.99599,0.9962,1.00,2.25
2016.10.11 03:53:40.046,0.99599,0.9962,1.00,1.75
2016.10.11 03:53:40.097,0.99599,0.99622,1.00,1.75
2016.10.11 03:53:41.795,0.99593,0.99622,1.75,1.75
2016.10.11 03:53:41.846,0.99593,0.99621,1.50,1.75
2016.10.11 03:53:41.897,0.99593,0.99621,1.50,1.75
2016.10.11 03:53:42.048,0.99593,0.99616,1.00,1.00
2016.10.11 03:53:42.448,0.99594,0.9962,1.12,2.25
2016.10.11 03:53:46.259,0.9959,0.9962,1.75,2.25
2016.10.11 03:53:46.360,0.9959,0.9962,2.25,1.75
2016.10.11 03:53:46.411,0.9959,0.99621,1.75,2.25
2016.10.11 03:53:46.559,0.99594,0.99621,1.12,2.25
2016.10.11 03:53:51.474,0.99594,0.9962,1.12,1.75
2016.10.11 03:53:53.313,0.99594,0.9962,1.37,1.50
2016.10.11 03:53:53.363,0.99595,0.9962,1.00,1.00
2016.10.11 03:53:53.414,0.99598,0.9962,1.00,1.00
2016.10.11 03:53:53.981,0.99599,0.9962,1.00,1.00
2016.10.11 03:53:54.189,0.99599,0.99622,1.00,1.75
2016.10.11 03:53:54.243,0.99599,0.99622,1.00,2.62
2016.10.11 03:53:55.160,0.99599,0.99622,1.00,2.62
2016.10.11 03:53:55.261,0.99599,0.99622,1.00,2.62
2016.10.11 03:53:55.436,0.99599,0.99622,1.00,2.62
2016.10.11 03:53:55.642,0.99599,0.99622,1.00,2.62
2016.10.11 03:53:55.693,0.99594,0.99623,1.75,2.25
2016.10.11 03:53:55.762,0.99594,0.9962,1.75,1.00
2016.10.11 03:53:56.256,0.99594,0.99619,1.50,1.12
2016.10.11 03:53:56.306,0.99594,0.99619,1.12,1.12
2016.10.11 03:53:57.122,0.99594,0.99619,1.12,1.12
2016.10.11 03:53:57.322,0.99594,0.99619,1.12,1.12
2016.10.11 03:53:57.623,0.99594,0.99619,1.12,1.12
2016.10.11 03:53:57.823,0.99594,0.99619,1.12,1.12
2016.10.11 03:53:57.924,0.99594,0.99619,1.12,1.12
2016.10.11 03:53:58.449,0.99594,0.99619,1.12,1.12
2016.10.11 03:53:58.524,0.99594,0.99619,1.12,1.12
2016.10.11 03:53:59.025,0.99594,0.99619,1.12,1.12
2016.10.11 03:53:59.426,0.99594,0.99619,1.12,1.12
2016.10.11 03:53:59.526,0.99594,0.99619,1.12,1.12
2016.10.11 03:53:59.647,0.99594,0.99619,1.12,1.12
2016.10.11 03:53:59.748,0.99594,0.9962,1.37,1.00
2016.10.11 03:53:59.978,0.99598,0.99623,1.37,1.87
2016.10.11 03:54:00.029,0.99598,0.99623,1.37,1.37
2016.10.11 03:54:00.080,0.99598,0.99625,1.37,1.75
2016.10.11 03:54:00.375,0.99599,0.99625,1.12,1.75
2016.10.11 03:54:00.426,0.99599,0.99625,1.37,1.50
2016.10.11 03:54:00.477,0.996,0.99625,1.00,1.00
2016.10.11 03:54:00.888,0.996,0.99625,1.00,1.00
2016.10.11 03:54:01.532,0.996,0.99625,1.00,1.00
2016.10.11 03:54:15.313,0.99603,0.99629,2.25,1.12
2016.10.11 03:54:15.364,0.99603,0.9963,2.25,1.50
2016.10.11 03:54:15.415,0.99604,0.9963,1.75,1.50
2016.10.11 03:54:15.719,0.99608,0.9963,1.00,1.50
2016.10.11 03:54:15.770,0.99608,0.99631,1.00,1.75
2016.10.11 03:54:16.607,0.99608,0.99633,1.00,1.75
2016.10.11 03:54:16.684,0.99608,0.99631,1.00,1.75
2016.10.11 03:54:18.289,0.99608,0.99633,1.00,1.75
2016.10.11 03:54:18.595,0.99603,0.99633,1.75,1.75
2016.10.11 03:54:18.656,0.99603,0.99632,1.75,1.50
2016.10.11 03:54:18.707,0.99603,0.99632,1.75,1.12
2016.10.11 03:54:18.809,0.99603,0.99632,1.75,1.12
2016.10.11 03:54:19.106,0.99603,0.99632,1.75,1.12
2016.10.11 03:54:19.662,0.99604,0.99633,1.75,1.50
2016.10.11 03:54:19.763,0.99604,0.9963,1.37,1.37
2016.10.11 03:54:19.814,0.99601,0.9963,1.75,1.75
2016.10.11 03:54:19.864,0.99599,0.9963,4.87,1.75
2016.10.11 03:54:19.966,0.99599,0.9963,4.12,1.75
2016.10.11 03:54:20.016,0.99603,0.9963,1.12,1.75
2016.10.11 03:54:20.118,0.99604,0.9963,1.00,1.75
2016.10.11 03:54:20.169,0.99604,0.99631,1.00,1.75
2016.10.11 03:54:20.472,0.99604,0.99631,1.00,1.75
2016.10.11 03:54:20.783,0.99604,0.99631,1.00,2.25
2016.10.11 03:54:21.162,0.99604,0.9963,1.00,1.75
2016.10.11 03:54:22.258,0.99604,0.99631,1.00,2.25
2016.10.11 03:54:22.715,0.99604,0.99631,1.00,2.25
2016.10.11 03:54:22.817,0.99603,0.99631,1.12,2.25
2016.10.11 03:54:22.918,0.99603,0.9963,1.12,1.75
2016.10.11 03:54:23.204,0.99603,0.99629,1.12,1.75
2016.10.11 03:54:23.305,0.99603,0.99629,1.12,1.75
2016.10.11 03:54:23.407,0.99603,0.99629,1.12,1.75
2016.10.11 03:54:23.509,0.99603,0.99629,1.12,1.75
2016.10.11 03:54:23.819,0.99603,0.99629,1.12,1.75
2016.10.11 03:54:23.869,0.99603,0.9963,1.12,2.25
2016.10.11 03:54:23.975,0.99603,0.9963,1.12,2.25
2016.10.11 03:54:24.493,0.99603,0.99629,1.12,1.75
2016.10.11 03:54:25.112,0.99603,0.99629,1.12,1.75
2016.10.11 03:54:25.632,0.99603,0.99628,1.12,1.75
2016.10.11 03:54:25.683,0.99603,0.99628,1.00,1.75
2016.10.11 03:54:25.912,0.99604,0.99628,1.00,2.25
2016.10.11 03:54:26.362,0.99604,0.99626,1.00,1.50
2016.10.11 03:54:26.763,0.99604,0.99625,1.00,1.37
2016.10.11 03:54:27.015,0.99604,0.99625,1.00,1.75
2016.10.11 03:54:27.167,0.99604,0.99624,1.00,1.00
2016.10.11 03:54:27.218,0.99604,0.99627,1.00,2.25
2016.10.11 03:54:27.269,0.99604,0.99623,1.00,1.37
2016.10.11 03:54:27.319,0.99598,0.99623,1.50,1.50
2016.10.11 03:54:27.370,0.99598,0.99616,1.12,1.12
2016.10.11 03:54:27.421,0.99594,0.99616,1.00,1.12
2016.10.11 03:54:27.664,0.99594,0.99616,1.00,1.37
2016.10.11 03:54:27.766,0.99593,0.99619,1.00,1.75
2016.10.11 03:54:27.817,0.99598,0.9962,1.00,4.12
2016.10.11 03:54:27.918,0.99594,0.9962,1.00,4.12
2016.10.11 03:54:27.969,0.99594,0.9962,1.12,2.25
2016.10.11 03:54:28.020,0.99594,0.9962,1.12,1.50
2016.10.11 03:54:28.121,0.99599,0.9962,1.00,1.50
2016.10.11 03:54:28.172,0.99599,0.9962,1.00,1.00
2016.10.11 03:54:28.446,0.99603,0.99621,1.00,1.00
2016.10.11 03:54:28.665,0.99603,0.99623,1.00,1.50
2016.10.11 03:54:28.876,0.99603,0.99621,1.00,1.00
2016.10.11 03:54:29.592,0.99599,0.99621,1.12,1.00
2016.10.11 03:54:29.693,0.99599,0.99624,1.12,1.75
2016.10.11 03:54:29.744,0.99604,0.99624,1.00,1.75
2016.10.11 03:54:29.795,0.99604,0.99624,1.12,1.37
2016.10.11 03:54:29.846,0.99599,0.99624,2.25,1.00
2016.10.11 03:54:29.896,0.99602,0.99625,1.00,1.12
2016.10.11 03:54:29.947,0.99599,0.99625,2.25,1.12
2016.10.11 03:54:30.099,0.996,0.99625,1.50,1.12
2016.10.11 03:54:31.389,0.99599,0.99625,1.75,1.12
2016.10.11 03:54:31.616,0.996,0.99625,1.50,1.12
2016.10.11 03:54:31.998,0.99599,0.99625,1.75,1.12
2016.10.11 03:54:32.625,0.996,0.99625,1.50,1.12
2016.10.11 03:54:32.738,0.99598,0.99625,1.75,1.12
2016.10.11 03:54:32.889,0.99598,0.99627,1.75,1.50
2016.10.11 03:54:33.129,0.99598,0.99627,1.75,1.50
2016.10.11 03:54:34.706,0.99598,0.99627,1.75,1.50
2016.10.11 03:54:36.199,0.99598,0.99627,1.75,1.50
2016.10.11 03:54:39.286,0.996,0.99625,1.00,1.37
2016.10.11 03:54:39.337,0.99598,0.99625,1.75,1.75
2016.10.11 03:54:40.111,0.99598,0.99625,1.75,1.75
2016.10.11 03:54:43.829,0.99598,0.99625,1.75,1.75
2016.10.11 03:54:43.960,0.99598,0.99625,1.75,1.75
2016.10.11 03:54:44.217,0.99598,0.99625,1.75,1.75
2016.10.11 03:54:44.331,0.99598,0.99625,1.75,1.75
2016.10.11 03:54:48.594,0.99598,0.99628,1.75,1.75
2016.10.11 03:54:48.822,0.996,0.99629,1.37,3.37
2016.10.11 03:54:48.873,0.99604,0.99629,1.00,1.75
2016.10.11 03:54:49.046,0.99604,0.99629,1.12,1.75
2016.10.11 03:54:49.096,0.99604,0.9963,1.12,1.75
2016.10.11 03:54:49.147,0.99604,0.9963,1.50,1.75
2016.10.11 03:54:50.388,0.99604,0.99629,1.50,1.75
2016.10.11 03:54:51.250,0.99604,0.9963,1.50,1.75
2016.10.11 03:54:51.904,0.99604,0.99632,1.50,2.25
2016.10.11 03:54:51.955,0.99604,0.99632,1.50,2.25
2016.10.11 03:54:52.265,0.99604,0.99632,1.75,2.25
2016.10.11 03:54:52.486,0.99604,0.99632,1.75,1.75
2016.10.11 03:54:53.218,0.99604,0.99633,1.75,1.75
2016.10.11 03:54:56.164,0.99604,0.99632,1.75,1.75
2016.10.11 03:54:56.366,0.99605,0.99632,2.62,1.12
2016.10.11 03:54:56.417,0.99606,0.99632,1.75,1.12
2016.10.11 03:54:56.468,0.99607,0.99637,1.75,1.75
2016.10.11 03:54:56.519,0.9961,0.99637,1.37,1.75
2016.10.11 03:54:56.569,0.99611,0.99641,1.75,1.75
2016.10.11 03:54:56.620,0.99611,0.9964,2.25,1.50
2016.10.11 03:54:56.671,0.99611,0.9964,2.25,1.50
2016.10.11 03:54:56.909,0.99611,0.99642,4.12,2.25
2016.10.11 03:54:57.374,0.99612,0.99642,1.75,3.00
2016.10.11 03:54:57.576,0.99613,0.99642,1.75,2.25
2016.10.11 03:54:57.778,0.99613,0.99642,1.50,2.25
2016.10.11 03:54:58.357,0.99612,0.99642,1.75,3.00
2016.10.11 03:55:00.882,0.99612,0.99642,1.75,3.75
2016.10.11 03:55:00.984,0.99612,0.99642,1.75,3.00
2016.10.11 03:55:01.085,0.99612,0.99642,1.75,3.75
2016.10.11 03:55:01.791,0.99612,0.99642,1.75,3.00
2016.10.11 03:55:01.989,0.99611,0.99642,4.12,3.00
2016.10.11 03:55:02.177,0.99611,0.99642,4.12,2.25
2016.10.11 03:55:02.979,0.99611,0.99642,4.12,3.00
2016.10.11 03:55:03.290,0.99612,0.99642,1.75,3.75
2016.10.11 03:55:03.580,0.99612,0.99642,1.75,3.00
2016.10.11 03:55:04.382,0.99612,0.99642,1.75,3.75
2016.10.11 03:55:04.610,0.99611,0.99642,4.12,2.25
2016.10.11 03:55:05.698,0.99611,0.99642,4.12,3.00
2016.10.11 03:55:05.995,0.99612,0.99642,1.75,3.00
2016.10.11 03:55:06.789,0.99612,0.99642,1.75,3.75
2016.10.11 03:55:06.891,0.99612,0.99642,1.75,3.00
2016.10.11 03:55:07.654,0.99612,0.99642,1.75,3.75
2016.10.11 03:55:09.300,0.99612,0.99642,1.75,3.00
2016.10.11 03:55:09.500,0.99612,0.99642,1.75,3.75
2016.10.11 03:55:09.551,0.99612,0.99642,2.25,3.00
2016.10.11 03:55:10.829,0.99612,0.99642,2.25,2.25
2016.10.11 03:55:11.118,0.99612,0.99642,1.75,2.25
2016.10.11 03:55:11.180,0.99611,0.99642,4.12,1.75
2016.10.11 03:55:11.597,0.99612,0.99642,1.75,2.25
2016.10.11 03:55:12.709,0.99611,0.99642,3.37,1.75
2016.10.11 03:55:14.751,0.99611,0.99642,3.37,2.25
2016.10.11 03:55:14.852,0.99611,0.99642,3.37,1.75
2016.10.11 03:55:15.016,0.99611,0.99641,4.12,1.50
2016.10.11 03:55:15.169,0.99611,0.99642,4.12,2.25
2016.10.11 03:55:15.314,0.99613,0.99642,1.75,2.25
2016.10.11 03:55:15.415,0.99613,0.99642,1.75,1.75
2016.10.11 03:55:18.774,0.99613,0.99642,1.75,2.25
2016.10.11 03:55:19.877,0.99613,0.99642,1.75,1.75
2016.10.11 03:55:19.927,0.99613,0.99642,1.75,2.25
2016.10.11 03:55:20.472,0.99614,0.99642,1.50,1.75
2016.10.11 03:55:21.473,0.99613,0.99642,1.75,2.25
2016.10.11 03:55:21.524,0.99612,0.99642,1.75,3.00
2016.10.11 03:55:21.625,0.99613,0.99638,1.00,1.00
2016.10.11 03:55:21.675,0.99613,0.99638,1.50,1.00
2016.10.11 03:55:22.727,0.99613,0.99638,1.50,1.00
2016.10.11 03:55:23.396,0.99613,0.99638,1.50,1.00
2016.10.11 03:55:30.107,0.99613,0.99638,1.00,1.00
2016.10.11 03:55:30.158,0.99613,0.99638,1.00,1.00
2016.10.11 03:55:30.209,0.99612,0.99641,1.75,2.25
2016.10.11 03:55:30.310,0.99612,0.99641,1.50,2.25
2016.10.11 03:55:30.361,0.99612,0.99641,1.50,1.75
2016.10.11 03:55:30.462,0.99612,0.99641,2.25,1.75
2016.10.11 03:55:30.512,0.99614,0.99642,1.12,4.12
2016.10.11 03:55:30.719,0.99614,0.9964,1.12,1.75
2016.10.11 03:55:31.412,0.99612,0.9964,1.50,1.75
2016.10.11 03:55:31.462,0.99609,0.9964,3.37,2.25
2016.10.11 03:55:31.513,0.99609,0.9964,3.37,2.25
2016.10.11 03:55:31.710,0.99609,0.9964,3.37,2.25
2016.10.11 03:55:32.512,0.99609,0.9964,3.37,2.25
2016.10.11 03:55:32.713,0.99609,0.9964,3.37,2.25
2016.10.11 03:55:33.714,0.99609,0.9964,3.37,2.25
2016.10.11 03:55:35.431,0.99609,0.99638,3.37,1.37
2016.10.11 03:55:35.482,0.99609,0.99637,4.12,1.12
2016.10.11 03:55:35.532,0.99609,0.99637,2.25,1.75
2016.10.11 03:55:35.583,0.99609,0.99637,1.75,1.75
2016.10.11 03:55:35.634,0.99609,0.99638,1.50,3.37
2016.10.11 03:55:35.836,0.99614,0.99636,1.00,1.00
2016.10.11 03:55:35.937,0.99614,0.99636,1.00,1.00
2016.10.11 03:55:39.815,0.99611,0.99636,1.00,1.00
2016.10.11 03:55:41.170,0.99611,0.99636,1.00,1.00
2016.10.11 03:55:41.271,0.99611,0.99636,1.00,1.00
2016.10.11 03:55:41.549,0.99611,0.99636,1.50,1.00
2016.10.11 03:55:43.179,0.99612,0.99636,1.00,1.00
2016.10.11 03:55:43.230,0.99613,0.99638,1.00,1.00
2016.10.11 03:55:43.432,0.99612,0.99641,2.25,1.75
2016.10.11 03:55:43.483,0.99613,0.99641,1.75,1.75
2016.10.11 03:55:43.775,0.99613,0.99641,1.75,2.25
2016.10.11 03:55:43.826,0.99613,0.99637,1.00,1.00
2016.10.11 03:55:45.342,0.99614,0.99637,1.00,1.00
2016.10.11 03:55:51.072,0.99613,0.99637,1.00,1.00
2016.10.11 03:55:51.622,0.99614,0.99637,1.00,1.00
2016.10.11 03:55:52.369,0.99616,0.9964,1.00,1.00
2016.10.11 03:55:52.420,0.99616,0.9964,1.00,1.00
2016.10.11 03:55:52.571,0.99619,0.99643,1.00,1.75
2016.10.11 03:55:52.622,0.9962,0.99648,1.37,2.62
2016.10.11 03:55:52.673,0.99619,0.99649,2.25,1.75
2016.10.11 03:55:52.776,0.9962,0.99649,2.25,1.75
2016.10.11 03:55:52.826,0.99621,0.99649,2.62,1.12
2016.10.11 03:55:52.877,0.99621,0.9965,2.62,4.50
2016.10.11 03:55:52.928,0.99621,0.9965,2.62,3.75
2016.10.11 03:55:52.978,0.99621,0.99649,2.62,1.12
2016.10.11 03:55:53.029,0.99619,0.99649,1.75,1.75
2016.10.11 03:55:53.273,0.99625,0.9965,1.75,1.00
2016.10.11 03:55:53.324,0.99623,0.9965,3.37,1.00
2016.10.11 03:55:53.375,0.99622,0.99647,1.75,1.00
2016.10.11 03:55:53.425,0.9962,0.99644,2.62,1.00
2016.10.11 03:55:53.476,0.99619,0.99644,1.00,1.75
2016.10.11 03:55:53.527,0.99617,0.99644,1.12,1.75
2016.10.11 03:55:53.578,0.99617,0.99647,1.87,3.37
2016.10.11 03:55:53.628,0.99617,0.99647,2.25,1.75
2016.10.11 03:55:54.240,0.9962,0.99648,1.50,1.75
2016.10.11 03:55:54.290,0.9962,0.99648,1.50,1.75
2016.10.11 03:55:57.420,0.9962,0.99649,1.50,3.37
2016.10.11 03:55:57.471,0.9962,0.99649,1.50,3.37
2016.10.11 03:55:57.623,0.9962,0.99647,1.50,1.75
2016.10.11 03:55:58.645,0.9962,0.99649,1.50,3.37
2016.10.11 03:55:58.695,0.9962,0.99648,1.50,1.75
2016.10.11 03:55:58.856,0.99622,0.99648,1.00,1.75
2016.10.11 03:56:00.107,0.99622,0.99649,1.00,3.37
2016.10.11 03:56:00.157,0.99622,0.99649,1.50,1.75
2016.10.11 03:56:00.461,0.99623,0.99649,1.12,1.75
2016.10.11 03:56:01.667,0.99623,0.9965,1.12,3.37
2016.10.11 03:56:02.309,0.99621,0.9965,1.75,3.37
2016.10.11 03:56:02.360,0.99622,0.9965,1.50,2.62
2016.10.11 03:56:02.462,0.99622,0.9965,1.50,2.62
2016.10.11 03:56:02.563,0.99622,0.99651,1.50,1.75
2016.10.11 03:56:02.876,0.99623,0.9965,1.37,1.75
2016.10.11 03:56:03.180,0.99622,0.9965,1.50,1.75
2016.10.11 03:56:03.382,0.99622,0.9965,1.50,1.75
2016.10.11 03:56:03.478,0.9962,0.9965,3.37,1.75
2016.10.11 03:56:03.529,0.9962,0.99651,2.62,1.75
2016.10.11 03:56:03.579,0.99621,0.99646,1.00,1.00
2016.10.11 03:56:03.964,0.99621,0.99646,1.00,1.00
2016.10.11 03:56:04.167,0.99615,0.99645,1.75,1.75
2016.10.11 03:56:04.218,0.99614,0.99646,2.25,3.37
2016.10.11 03:56:04.619,0.99615,0.99645,1.75,1.75
2016.10.11 03:56:04.669,0.99615,0.99645,4.12,1.75
2016.10.11 03:56:04.770,0.99615,0.99645,2.25,1.75
2016.10.11 03:56:04.821,0.99615,0.99646,1.75,3.00
2016.10.11 03:56:05.107,0.99616,0.99646,1.75,2.25
2016.10.11 03:56:06.827,0.99619,0.99646,1.12,1.75
2016.10.11 03:56:06.877,0.99619,0.99646,1.12,1.75
2016.10.11 03:56:08.577,0.99616,0.99646,1.75,1.75
2016.10.11 03:56:08.678,0.99616,0.99645,1.75,1.75
2016.10.11 03:56:08.779,0.99615,0.99646,1.75,2.25
2016.10.11 03:56:08.830,0.99615,0.99646,1.75,3.00
2016.10.11 03:56:08.881,0.99617,0.99641,1.00,1.00
2016.10.11 03:56:09.368,0.99618,0.99643,1.00,1.00
2016.10.11 03:56:09.419,0.99619,0.99643,1.00,1.00
2016.10.11 03:56:10.031,0.99618,0.99643,1.00,1.00
2016.10.11 03:56:10.788,0.99619,0.99643,1.00,1.00
2016.10.11 03:56:12.759,0.99619,0.99643,1.50,1.00
2016.10.11 03:56:20.724,0.99619,0.99643,1.00,1.00
2016.10.11 03:56:22.466,0.99618,0.99643,1.00,1.00
2016.10.11 03:56:22.517,0.99617,0.99645,2.62,1.37
2016.10.11 03:56:22.919,0.99626,0.99646,1.00,1.00
2016.10.11 03:56:22.969,0.99626,0.99651,1.00,1.50
2016.10.11 03:56:23.020,0.99626,0.99651,1.00,1.50
2016.10.11 03:56:23.324,0.99626,0.99651,1.00,1.50
2016.10.11 03:56:23.425,0.99626,0.99651,1.00,1.50
2016.10.11 03:56:23.510,0.99626,0.99651,1.00,2.25
2016.10.11 03:56:24.404,0.99626,0.99651,1.00,2.25
2016.10.11 03:56:24.559,0.99626,0.99651,1.00,1.50
2016.10.11 03:56:24.610,0.99626,0.99651,1.00,1.50
2016.10.11 03:56:25.252,0.99626,0.99651,1.00,1.00
2016.10.11 03:56:28.459,0.99626,0.99651,1.00,1.00
2016.10.11 03:56:29.553,0.99626,0.99651,1.00,1.00
2016.10.11 03:56:32.292,0.99626,0.9965,1.00,1.00
2016.10.11 03:56:43.422,0.99622,0.9965,1.75,1.12
2016.10.11 03:56:43.473,0.99622,0.9965,3.37,1.50
2016.10.11 03:56:44.787,0.99622,0.9965,2.62,1.50
2016.10.11 03:56:45.119,0.99622,0.9965,3.37,1.50
2016.10.11 03:56:45.290,0.99622,0.9965,2.62,1.50
2016.10.11 03:56:47.057,0.99622,0.9965,2.62,1.50
2016.10.11 03:56:47.107,0.99622,0.99648,2.62,1.00
2016.10.11 03:56:47.523,0.99622,0.99645,2.25,1.12
2016.10.11 03:56:47.574,0.99621,0.99645,1.00,1.50
2016.10.11 03:56:47.625,0.99619,0.99645,1.37,1.50
2016.10.11 03:56:47.777,0.99616,0.99645,3.37,1.50
2016.10.11 03:56:47.828,0.99616,0.99645,2.62,1.50
2016.10.11 03:56:48.654,0.99616,0.99645,2.62,1.50
2016.10.11 03:56:48.704,0.99616,0.99645,3.37,1.50
2016.10.11 03:56:48.875,0.99616,0.99645,3.37,1.50
2016.10.11 03:56:49.076,0.99616,0.99645,3.37,1.50
2016.10.11 03:56:49.126,0.99616,0.99645,2.62,1.50
2016.10.11 03:56:49.265,0.99616,0.99645,2.62,1.50
2016.10.11 03:56:49.316,0.99616,0.99642,3.37,1.00
2016.10.11 03:56:49.529,0.99616,0.99642,2.62,1.00
2016.10.11 03:56:49.579,0.99616,0.99642,2.62,1.00
2016.10.11 03:56:49.630,0.99616,0.99642,3.37,1.00
2016.10.11 03:56:49.681,0.99616,0.99642,3.37,1.00
2016.10.11 03:56:49.732,0.99616,0.99643,3.37,1.12
2016.10.11 03:56:49.977,0.99616,0.99643,3.37,1.12
2016.10.11 03:56:50.028,0.9962,0.99643,1.00,1.12
2016.10.11 03:56:50.286,0.99619,0.99646,1.75,1.12
2016.10.11 03:56:50.410,0.99619,0.99645,1.75,1.00
2016.10.11 03:56:52.513,0.99619,0.99644,1.75,1.00
2016.10.11 03:56:52.614,0.99618,0.99644,4.12,1.00
2016.10.11 03:56:52.816,0.99618,0.99644,2.25,1.12
2016.10.11 03:56:53.413,0.99619,0.99644,1.75,1.12
2016.10.11 03:56:53.612,0.99619,0.99644,2.25,1.12
2016.10.11 03:56:53.713,0.99619,0.99644,1.75,1.12
2016.10.11 03:56:53.764,0.99619,0.99646,1.75,1.75
2016.10.11 03:56:54.831,0.99619,0.99645,1.75,1.50
2016.10.11 03:56:54.883,0.99622,0.99645,1.00,1.00
2016.10.11 03:56:56.977,0.99619,0.99645,1.75,1.12
2016.10.11 03:56:57.028,0.99619,0.99645,1.75,1.50
2016.10.11 03:56:57.441,0.99619,0.99645,2.62,1.00
2016.10.11 03:56:57.492,0.99622,0.99648,1.75,1.00
2016.10.11 03:56:57.679,0.99621,0.99648,1.75,1.00
2016.10.11 03:56:57.946,0.99622,0.9965,1.75,1.37
2016.10.11 03:56:57.997,0.99622,0.9965,1.75,1.37
2016.10.11 03:56:58.225,0.99622,0.99649,1.75,1.12
2016.10.11 03:56:59.480,0.99622,0.99649,1.75,1.12
2016.10.11 03:56:59.940,0.99622,0.99649,1.75,1.12
2016.10.11 03:57:01.884,0.99622,0.99649,1.75,1.12
2016.10.11 03:57:04.204,0.99622,0.9965,1.75,1.37
2016.10.11 03:57:05.194,0.99624,0.9965,1.50,1.37
2016.10.11 03:57:05.599,0.99622,0.9965,1.75,1.37
2016.10.11 03:57:06.135,0.99621,0.9965,1.75,1.37
2016.10.11 03:57:06.818,0.99622,0.9965,1.75,1.37
2016.10.11 03:57:09.433,0.99622,0.99649,1.75,1.12
2016.10.11 03:57:11.353,0.99622,0.99649,1.75,1.12
2016.10.11 03:57:11.877,0.99621,0.99649,1.75,1.12
2016.10.11 03:57:12.014,0.99621,0.99649,1.75,1.12
2016.10.11 03:57:12.115,0.99621,0.99649,2.25,1.12
2016.10.11 03:57:12.166,0.99622,0.99652,4.12,2.25
2016.10.11 03:57:12.217,0.99622,0.99652,4.12,2.25
2016.10.11 03:57:12.268,0.99626,0.99652,1.75,1.37
2016.10.11 03:57:12.319,0.99626,0.99652,1.75,1.37
2016.10.11 03:57:12.369,0.99626,0.99653,2.62,1.00
2016.10.11 03:57:12.421,0.99628,0.99653,1.75,1.00
2016.10.11 03:57:12.472,0.99631,0.99657,1.50,1.37
2016.10.11 03:57:12.523,0.99631,0.99657,1.50,1.37
2016.10.11 03:57:12.757,0.99629,0.99651,1.75,1.00
2016.10.11 03:57:12.809,0.99629,0.99651,1.75,1.00
2016.10.11 03:57:12.860,0.99629,0.99655,1.37,1.50
2016.10.11 03:57:12.911,0.99629,0.99655,1.37,1.50
2016.10.11 03:57:12.961,0.99628,0.99655,1.75,1.37
2016.10.11 03:57:13.012,0.99629,0.99655,1.50,1.37
2016.10.11 03:57:13.062,0.99631,0.99655,1.00,1.00
2016.10.11 03:57:13.315,0.99631,0.99655,1.00,1.00
2016.10.11 03:57:13.417,0.99631,0.99655,1.00,1.00
2016.10.11 03:57:13.762,0.99633,0.99657,1.00,1.00
2016.10.11 03:57:17.865,0.99633,0.99658,1.00,1.00
2016.10.11 03:57:18.636,0.99633,0.99658,1.00,1.00
2016.10.11 03:57:18.737,0.99633,0.99658,1.00,1.00
2016.10.11 03:57:19.460,0.99633,0.99658,1.00,1.00
2016.10.11 03:57:19.667,0.99632,0.99661,4.12,1.87
2016.10.11 03:57:19.722,0.99633,0.99661,2.62,1.87
2016.10.11 03:57:19.857,0.99633,0.99661,2.62,1.12
2016.10.11 03:57:23.760,0.99633,0.99661,3.37,1.87
2016.10.11 03:57:23.935,0.99633,0.99661,4.12,1.12
2016.10.11 03:57:24.017,0.99633,0.99657,3.37,1.00
2016.10.11 03:57:29.116,0.99633,0.99657,2.62,1.00
2016.10.11 03:57:29.269,0.99633,0.99662,3.37,1.50
2016.10.11 03:57:29.320,0.99633,0.99662,3.37,1.75
2016.10.11 03:57:29.370,0.99635,0.9966,1.00,1.50
2016.10.11 03:57:29.472,0.99633,0.9966,3.37,1.12
2016.10.11 03:57:29.523,0.99639,0.9966,1.00,1.00
2016.10.11 03:57:29.573,0.99633,0.99659,3.37,1.12
2016.10.11 03:57:29.624,0.99633,0.99659,1.75,1.12
2016.10.11 03:57:30.447,0.99632,0.99659,1.75,1.12
2016.10.11 03:57:31.123,0.99633,0.99659,1.75,1.12
2016.10.11 03:57:32.363,0.99633,0.99659,2.25,1.12
2016.10.11 03:57:32.597,0.99633,0.99658,1.75,1.00
2016.10.11 03:57:32.699,0.99633,0.99658,1.50,1.50
2016.10.11 03:57:33.151,0.9963,0.99658,1.75,1.50
2016.10.11 03:57:33.254,0.99633,0.99658,1.50,1.50
2016.10.11 03:57:33.356,0.99633,0.9966,1.50,1.75
2016.10.11 03:57:33.406,0.99633,0.9966,1.50,2.25
2016.10.11 03:57:33.508,0.99633,0.9966,1.75,1.37
2016.10.11 03:57:34.094,0.99633,0.9966,1.75,1.87
2016.10.11 03:57:36.830,0.99634,0.9966,1.50,1.87
2016.10.11 03:57:37.602,0.99634,0.99659,1.50,1.12
2016.10.11 03:57:38.685,0.99634,0.9966,1.50,1.87
2016.10.11 03:57:39.407,0.99634,0.99658,1.50,1.00
2016.10.11 03:57:39.768,0.99634,0.9966,1.50,1.87
2016.10.11 03:57:40.434,0.99633,0.9966,1.75,1.87
2016.10.11 03:57:41.614,0.99634,0.9966,1.50,1.87
2016.10.11 03:57:41.967,0.99634,0.9966,1.50,1.37
2016.10.11 03:57:42.069,0.99633,0.99659,1.75,1.12
2016.10.11 03:57:42.221,0.99633,0.99659,1.37,1.75
2016.10.11 03:57:42.519,0.99633,0.99659,1.50,1.75
2016.10.11 03:57:42.570,0.99633,0.9966,1.50,1.75
2016.10.11 03:57:42.621,0.99633,0.99662,1.75,2.25
2016.10.11 03:57:42.773,0.99633,0.99662,2.25,3.00
2016.10.11 03:57:42.824,0.99633,0.99662,2.25,4.12
2016.10.11 03:57:42.875,0.99633,0.9966,1.50,1.75
2016.10.11 03:57:42.981,0.99633,0.9966,1.50,2.25
2016.10.11 03:57:43.082,0.99633,0.9966,1.50,2.25
2016.10.11 03:57:43.134,0.99633,0.99658,1.50,1.37
2016.10.11 03:57:43.366,0.99632,0.99657,1.00,1.00
2016.10.11 03:57:43.821,0.99632,0.99657,1.00,1.00
2016.10.11 03:57:44.252,0.99634,0.99657,1.00,1.00
2016.10.11 03:57:47.052,0.99632,0.99657,1.00,1.00
2016.10.11 03:57:47.153,0.99634,0.99657,1.00,1.00
2016.10.11 03:57:47.379,0.99632,0.99657,1.00,1.00
2016.10.11 03:57:47.531,0.99632,0.99657,1.00,1.00
2016.10.11 03:57:47.633,0.9963,0.99661,3.37,2.25
2016.10.11 03:57:47.684,0.99633,0.99661,1.75,1.75
2016.10.11 03:57:47.785,0.99632,0.99661,1.75,2.25
2016.10.11 03:57:48.031,0.99632,0.9966,1.75,1.75
2016.10.11 03:57:48.082,0.99633,0.9966,1.50,1.75
2016.10.11 03:57:48.813,0.99633,0.9966,1.75,1.12
2016.10.11 03:57:48.922,0.99633,0.99661,1.75,2.25
2016.10.11 03:57:49.033,0.99633,0.99661,1.75,1.50
2016.10.11 03:57:51.104,0.99633,0.9966,1.75,1.12
2016.10.11 03:57:55.113,0.99633,0.99661,1.75,1.50
2016.10.11 03:57:56.400,0.99633,0.99661,1.75,2.25
2016.10.11 03:57:56.619,0.99633,0.99658,1.50,1.00
2016.10.11 03:57:56.670,0.99633,0.99658,1.00,1.00
2016.10.11 03:57:56.869,0.99634,0.99658,1.00,1.00
2016.10.11 03:58:00.906,0.99634,0.99658,1.00,1.00
2016.10.11 03:58:01.007,0.99634,0.99658,1.00,1.00
2016.10.11 03:58:01.108,0.99633,0.99658,1.00,1.00
2016.10.11 03:58:01.260,0.9963,0.9966,1.75,4.12
2016.10.11 03:58:01.311,0.9963,0.99658,1.75,1.75
2016.10.11 03:58:01.557,0.99629,0.99655,1.00,1.75
2016.10.11 03:58:01.727,0.99629,0.99651,1.00,1.12
2016.10.11 03:58:01.777,0.99626,0.99651,1.50,1.87
2016.10.11 03:58:01.828,0.99621,0.99647,2.25,1.00
2016.10.11 03:58:01.879,0.99621,0.99647,1.75,1.00
2016.10.11 03:58:01.929,0.99619,0.99644,1.50,1.50
2016.10.11 03:58:02.030,0.99619,0.99644,1.00,1.75
2016.10.11 03:58:02.548,0.99624,0.99644,1.00,1.75
2016.10.11 03:58:02.599,0.99624,0.99644,1.00,1.75
2016.10.11 03:58:02.650,0.99624,0.99644,1.00,1.75
2016.10.11 03:58:04.137,0.99624,0.99644,1.00,1.75
2016.10.11 03:58:05.262,0.99624,0.99645,1.00,4.12
2016.10.11 03:58:05.524,0.99624,0.99645,1.00,3.37
2016.10.11 03:58:05.575,0.99623,0.99644,1.00,1.75
2016.10.11 03:58:05.730,0.99623,0.99645,1.00,2.62
2016.10.11 03:58:05.831,0.99623,0.99646,1.00,1.75
2016.10.11 03:58:07.133,0.99623,0.99646,1.00,2.25
2016.10.11 03:58:09.413,0.99618,0.99646,1.50,2.25
2016.10.11 03:58:09.463,0.99618,0.99646,1.50,2.25
2016.10.11 03:58:09.514,0.99618,0.99646,2.25,1.75
2016.10.11 03:58:09.565,0.99618,0.99646,2.25,1.75
2016.10.11 03:58:09.941,0.99624,0.99648,1.00,2.62
2016.10.11 03:58:12.736,0.99624,0.99645,1.00,1.00
2016.10.11 03:58:12.786,0.99624,0.9965,1.00,1.75
2016.10.11 03:58:16.748,0.99624,0.99649,1.00,1.75
2016.10.11 03:58:19.055,0.99624,0.99649,1.00,2.25
2016.10.11 03:58:19.136,0.99624,0.99649,1.00,2.25
2016.10.11 03:58:19.638,0.99624,0.99649,1.00,1.75
2016.10.11 03:58:19.689,0.99624,0.9965,1.37,1.35
2016.10.11 03:58:19.742,0.99624,0.99647,1.37,1.30
2016.10.11 03:58:19.792,0.99622,0.99649,1.75,2.47
2016.10.11 03:58:19.843,0.99622,0.99643,1.75,1.00
2016.10.11 03:58:19.895,0.99619,0.99643,1.00,1.75
2016.10.11 03:58:20.127,0.99623,0.99645,1.00,2.62
2016.10.11 03:58:20.178,0.99623,0.99646,1.00,1.75
2016.10.11 03:58:20.279,0.99623,0.99647,1.00,1.75
2016.10.11 03:58:20.330,0.99623,0.99647,1.00,2.25
2016.10.11 03:58:20.482,0.99623,0.99647,1.00,2.25
2016.10.11 03:58:20.533,0.99623,0.99646,1.00,1.75
2016.10.11 03:58:21.231,0.99624,0.99646,1.00,1.75
2016.10.11 03:58:21.977,0.99624,0.99645,1.00,1.50
2016.10.11 03:58:22.028,0.99624,0.99639,1.00,1.00
2016.10.11 03:58:22.079,0.99624,0.99639,1.00,1.75
2016.10.11 03:58:22.130,0.99613,0.99639,1.50,1.75
2016.10.11 03:58:22.181,0.99613,0.99635,1.00,1.00
2016.10.11 03:58:22.536,0.9961,0.99635,1.00,1.00
2016.10.11 03:58:23.132,0.99614,0.99635,1.00,1.00
2016.10.11 03:58:24.387,0.9961,0.99635,1.00,1.00
2016.10.11 03:58:25.082,0.9961,0.99635,1.00,1.00
2016.10.11 03:58:27.881,0.9961,0.99635,1.00,1.00
2016.10.11 03:58:27.982,0.99609,0.99631,3.37,1.00
2016.10.11 03:58:28.084,0.99609,0.99631,1.00,1.75
2016.10.11 03:58:28.185,0.99613,0.99633,1.00,2.62
2016.10.11 03:58:28.236,0.99609,0.99633,1.00,2.62
2016.10.11 03:58:28.287,0.99609,0.99632,1.00,1.00
2016.10.11 03:58:28.388,0.99609,0.99638,1.75,1.75
2016.10.11 03:58:28.606,0.99609,0.99637,1.75,1.50
2016.10.11 03:58:28.758,0.99612,0.99639,1.00,1.75
2016.10.11 03:58:28.809,0.99612,0.99641,1.75,1.75
2016.10.11 03:58:28.860,0.99611,0.99641,4.12,1.75
2016.10.11 03:58:28.910,0.99612,0.99641,1.75,1.75
2016.10.11 03:58:28.961,0.99614,0.99643,1.75,1.75
2016.10.11 03:58:29.012,0.99624,0.99643,1.00,2.25
2016.10.11 03:58:29.114,0.99619,0.9964,1.00,1.00
2016.10.11 03:58:29.165,0.99619,0.9964,1.00,1.37
2016.10.11 03:58:29.359,0.99619,0.99638,1.00,1.75
2016.10.11 03:58:29.599,0.99618,0.99638,1.00,1.75
2016.10.11 03:58:30.136,0.99614,0.99638,1.00,4.12
2016.10.11 03:58:30.237,0.99609,0.99638,1.37,3.37
2016.10.11 03:58:30.592,0.99608,0.99639,1.75,2.25
2016.10.11 03:58:30.643,0.99613,0.99639,1.00,1.75
2016.10.11 03:58:30.695,0.99613,0.99641,1.37,2.62
2016.10.11 03:58:30.776,0.99614,0.99641,1.12,2.62
2016.10.11 03:58:30.878,0.99614,0.99642,1.50,1.75
2016.10.11 03:58:31.081,0.99614,0.99642,1.50,1.75
2016.10.11 03:58:31.616,0.99613,0.99642,1.75,1.75
2016.10.11 03:58:31.851,0.99619,0.99642,1.00,1.75
2016.10.11 03:58:33.253,0.99619,0.99642,1.00,1.75
2016.10.11 03:58:34.562,0.99619,0.99642,1.00,1.75
2016.10.11 03:58:34.613,0.99614,0.99642,1.50,1.75
2016.10.11 03:58:35.809,0.99618,0.99641,1.00,1.12
2016.10.11 03:58:35.875,0.99618,0.99641,1.00,1.12
2016.10.11 03:58:35.926,0.99614,0.9964,1.00,1.75
2016.10.11 03:58:35.977,0.99614,0.99639,1.00,2.62
2016.10.11 03:58:36.028,0.99614,0.99636,1.00,1.75
2016.10.11 03:58:36.281,0.99614,0.99636,1.00,1.75
2016.10.11 03:58:36.382,0.99614,0.99636,1.00,1.75
2016.10.11 03:58:36.433,0.99609,0.99637,1.12,3.37
2016.10.11 03:58:36.484,0.99609,0.99634,1.00,1.75
2016.10.11 03:58:36.774,0.99609,0.99634,1.00,1.75
2016.10.11 03:58:36.926,0.99614,0.99634,1.00,1.75
2016.10.11 03:58:37.465,0.99614,0.99633,1.00,1.75
2016.10.11 03:58:38.232,0.99609,0.99633,1.00,1.75
2016.10.11 03:58:38.285,0.99609,0.99633,1.00,1.75
2016.10.11 03:58:38.476,0.99609,0.99633,1.00,1.75
2016.10.11 03:58:38.527,0.99609,0.99632,1.00,2.62
2016.10.11 03:58:38.730,0.99609,0.99633,1.00,1.75
2016.10.11 03:58:39.416,0.99609,0.99634,1.00,1.75
2016.10.11 03:58:40.413,0.99609,0.99633,1.00,2.62
2016.10.11 03:58:40.626,0.99609,0.99632,1.00,1.75
2016.10.11 03:58:40.828,0.99609,0.99631,1.00,1.75
2016.10.11 03:58:41.366,0.99609,0.99632,1.00,1.75
2016.10.11 03:58:41.910,0.99609,0.99631,1.00,1.75
2016.10.11 03:58:45.513,0.99609,0.99632,1.00,1.75
2016.10.11 03:58:46.289,0.99609,0.99632,1.00,1.75
2016.10.11 03:58:46.339,0.99609,0.99633,1.00,2.62
2016.10.11 03:58:46.441,0.99609,0.99635,1.00,2.25
2016.10.11 03:58:48.230,0.99609,0.99635,1.00,2.25
2016.10.11 03:58:48.620,0.99609,0.99634,1.00,1.75
2016.10.11 03:58:48.794,0.99609,0.99634,1.00,1.75
2016.10.11 03:58:48.845,0.99609,0.99635,1.00,2.25
2016.10.11 03:58:52.852,0.99609,0.99635,1.00,2.25
2016.10.11 03:58:53.430,0.99609,0.99634,1.00,1.75
2016.10.11 03:58:53.644,0.99614,0.99636,1.00,1.75
2016.10.11 03:58:54.038,0.99614,0.99636,1.00,1.50
2016.10.11 03:58:54.129,0.99614,0.99636,1.00,1.12
2016.10.11 03:58:54.180,0.99614,0.99639,1.00,1.75
2016.10.11 03:58:54.281,0.99614,0.9964,1.00,2.25
2016.10.11 03:58:54.606,0.99614,0.9964,1.00,2.25
2016.10.11 03:58:55.069,0.99613,0.9964,1.12,2.25
2016.10.11 03:58:56.698,0.99613,0.9964,1.12,2.25
2016.10.11 03:58:56.749,0.99614,0.99639,1.00,1.75
2016.10.11 03:58:56.953,0.99613,0.99638,1.12,1.75
2016.10.11 03:58:57.055,0.99614,0.99638,1.00,1.75
2016.10.11 03:58:57.156,0.99614,0.9964,1.00,1.75
2016.10.11 03:58:57.258,0.99614,0.9964,1.00,2.25
2016.10.11 03:58:59.625,0.99614,0.9964,1.00,1.75
2016.10.11 03:59:00.669,0.99613,0.9964,1.12,2.25
2016.10.11 03:59:00.765,0.99613,0.9964,1.12,1.75
2016.10.11 03:59:00.866,0.99613,0.9964,1.12,2.25
2016.10.11 03:59:00.968,0.99613,0.9964,1.12,1.75
2016.10.11 03:59:01.018,0.99613,0.9964,1.50,1.75
2016.10.11 03:59:01.069,0.99613,0.99641,2.25,1.75
2016.10.11 03:59:01.284,0.99615,0.99641,1.12,1.75
2016.10.11 03:59:01.335,0.99619,0.99644,1.12,1.50
2016.10.11 03:59:01.437,0.99619,0.99644,1.75,1.50
2016.10.11 03:59:01.538,0.99619,0.99644,1.75,1.50
2016.10.11 03:59:01.640,0.99619,0.99644,1.75,1.50
2016.10.11 03:59:01.764,0.99619,0.99648,1.75,3.37
2016.10.11 03:59:01.865,0.99619,0.99648,2.25,2.62
2016.10.11 03:59:01.966,0.99621,0.99651,1.75,2.25
2016.10.11 03:59:02.258,0.9962,0.99651,1.75,1.75
2016.10.11 03:59:02.359,0.9962,0.99649,1.75,1.50
2016.10.11 03:59:04.260,0.99619,0.99647,2.25,1.00
2016.10.11 03:59:04.361,0.99619,0.99646,1.75,1.75
2016.10.11 03:59:04.572,0.99618,0.99643,1.50,1.00
2016.10.11 03:59:05.427,0.99618,0.99643,1.50,1.00
2016.10.11 03:59:05.967,0.99618,0.99643,1.00,1.00
2016.10.11 03:59:06.076,0.9962,0.99644,1.00,1.00
2016.10.11 03:59:06.296,0.99624,0.99647,1.00,1.75
2016.10.11 03:59:06.347,0.99624,0.99646,1.00,1.00
2016.10.11 03:59:06.926,0.99624,0.99646,1.00,1.00
2016.10.11 03:59:08.682,0.99621,0.99643,1.00,1.00
2016.10.11 03:59:08.732,0.99618,0.99643,1.37,1.37
2016.10.11 03:59:08.937,0.99618,0.99643,1.00,1.75
2016.10.11 03:59:09.032,0.99619,0.99645,1.00,3.37
2016.10.11 03:59:09.082,0.99619,0.99643,1.00,1.00
2016.10.11 03:59:09.184,0.99624,0.99643,1.00,1.00
2016.10.11 03:59:09.285,0.99624,0.99643,1.00,1.00
2016.10.11 03:59:09.437,0.99624,0.99648,1.00,2.62
2016.10.11 03:59:09.488,0.99624,0.99649,1.00,2.25
2016.10.11 03:59:10.097,0.99624,0.99649,1.00,1.75
2016.10.11 03:59:12.857,0.99624,0.99649,1.00,1.75
2016.10.11 03:59:14.639,0.99624,0.99649,1.00,3.37
2016.10.11 03:59:14.690,0.99624,0.99644,1.00,1.00
2016.10.11 03:59:14.857,0.99624,0.99647,1.00,3.37
2016.10.11 03:59:14.908,0.99624,0.99647,1.00,2.62
2016.10.11 03:59:15.139,0.99624,0.99647,1.00,2.62
2016.10.11 03:59:15.190,0.99623,0.99648,1.00,1.75
2016.10.11 03:59:15.463,0.99623,0.99648,1.00,1.75
2016.10.11 03:59:17.112,0.99623,0.99648,1.00,1.75
2016.10.11 03:59:17.213,0.99623,0.99647,1.00,1.75
2016.10.11 03:59:17.893,0.99628,0.99647,1.00,1.75
2016.10.11 03:59:18.213,0.99629,0.99647,1.00,1.75
2016.10.11 03:59:18.315,0.99629,0.99647,1.00,1.75
2016.10.11 03:59:18.365,0.99629,0.99647,1.00,1.50
2016.10.11 03:59:18.416,0.99629,0.99647,1.00,1.50
2016.10.11 03:59:18.971,0.99628,0.99647,1.00,1.50
2016.10.11 03:59:19.102,0.99628,0.99647,1.00,1.50
2016.10.11 03:59:21.814,0.99624,0.99648,1.00,1.75
2016.10.11 03:59:22.339,0.99624,0.99649,1.00,2.25
2016.10.11 03:59:22.568,0.99624,0.99646,1.00,1.37
2016.10.11 03:59:23.166,0.99629,0.99646,1.00,1.37
2016.10.11 03:59:25.400,0.99623,0.99646,1.00,1.37
2016.10.11 03:59:25.684,0.99623,0.99647,1.00,1.50
2016.10.11 03:59:26.585,0.99623,0.99647,1.00,1.50
2016.10.11 03:59:26.904,0.99624,0.99647,1.00,1.50
2016.10.11 03:59:28.193,0.99624,0.99649,1.00,1.75
2016.10.11 03:59:28.810,0.99624,0.99649,1.00,1.75
2016.10.11 03:59:30.213,0.99624,0.99649,1.00,2.25
2016.10.11 03:59:30.462,0.99624,0.99646,1.00,1.37
2016.10.11 03:59:30.513,0.99624,0.99646,1.00,1.75
2016.10.11 03:59:35.253,0.99624,0.99646,1.00,1.75
2016.10.11 03:59:35.521,0.99624,0.99646,1.00,1.50
2016.10.11 03:59:37.960,0.99624,0.99646,1.00,1.50
2016.10.11 03:59:38.317,0.99624,0.99646,1.00,1.50
2016.10.11 03:59:43.475,0.99624,0.99647,1.00,1.75
2016.10.11 03:59:44.223,0.99618,0.99647,1.75,2.25
2016.10.11 03:59:44.274,0.99618,0.99646,1.75,1.50
2016.10.11 03:59:44.325,0.99618,0.99646,1.75,2.25
2016.10.11 03:59:44.444,0.99618,0.99646,1.75,2.25
2016.10.11 03:59:44.596,0.99624,0.99646,1.00,2.25
2016.10.11 03:59:46.111,0.99624,0.99645,1.00,1.12
2016.10.11 03:59:48.061,0.99624,0.99644,1.00,1.00
2016.10.11 03:59:48.511,0.99619,0.99644,1.50,1.00
2016.10.11 03:59:48.562,0.99619,0.99642,1.50,1.00
2016.10.11 03:59:52.706,0.99619,0.99642,1.75,1.00
2016.10.11 03:59:52.757,0.99619,0.99642,2.25,1.00
2016.10.11 03:59:54.348,0.99623,0.99644,1.00,1.75
2016.10.11 03:59:54.450,0.99617,0.99645,1.37,1.75
2016.10.11 03:59:54.500,0.99619,0.99646,1.00,4.12
2016.10.11 03:59:54.551,0.99619,0.99644,1.00,1.75
2016.10.11 03:59:54.652,0.99623,0.99645,1.00,2.25
2016.10.11 03:59:54.703,0.99623,0.99645,1.12,1.12
2016.10.11 03:59:54.804,0.99624,0.99646,1.12,1.00
2016.10.11 03:59:55.396,0.99629,0.99646,1.00,1.00
2016.10.11 03:59:55.447,0.99623,0.99649,1.50,1.12
2016.10.11 03:59:55.549,0.99623,0.99647,1.00,1.50
2016.10.11 03:59:55.650,0.99623,0.99647,1.00,1.50
