2010.04.28 02:00:00.410,0.93145,0.932,1.00,3.20
2010.04.28 02:00:01.004,0.93135,0.9319,1.00,2.40
2010.04.28 02:00:01.340,0.93135,0.9319,1.00,3.20
2010.04.28 02:00:02.021,0.93145,0.932,1.00,3.20
2010.04.28 02:00:02.361,0.9315,0.932,2.40,3.20
2010.04.28 02:00:02.702,0.93145,0.932,1.00,3.20
2010.04.28 02:00:04.285,0.9314,0.9319,2.40,1.00
2010.04.28 02:00:05.070,0.9314,0.93195,3.20,1.00
2010.04.28 02:00:06.019,0.9315,0.93195,2.40,1.00
2010.04.28 02:00:06.249,0.9315,0.932,2.40,1.00
2010.04.28 02:00:06.881,0.9315,0.93205,3.20,1.00
2010.04.28 02:00:07.338,0.9315,0.9321,3.20,3.20
2010.04.28 02:00:08.451,0.93145,0.932,1.00,2.40
2010.04.28 02:00:08.765,0.9315,0.93205,2.40,1.00
2010.04.28 02:00:09.070,0.9315,0.932,2.40,1.00
2010.04.28 02:00:09.693,0.93145,0.932,1.00,3.20
2010.04.28 02:00:09.999,0.9316,0.93195,2.40,1.00
2010.04.28 02:00:10.290,0.93155,0.9321,1.00,3.20
2010.04.28 02:00:11.270,0.93155,0.9321,1.00,2.40
2010.04.28 02:00:15.840,0.9316,0.9321,1.00,2.40
2010.04.28 02:00:15.987,0.9316,0.93215,3.20,1.00
2010.04.28 02:00:22.285,0.9316,0.9321,1.00,2.40
2010.04.28 02:00:22.395,0.93155,0.9321,1.00,2.40
2010.04.28 02:00:23.275,0.9316,0.93215,2.40,1.00
2010.04.28 02:00:24.086,0.9315,0.9321,3.20,3.20
2010.04.28 02:00:25.404,0.9316,0.9321,2.40,1.00
2010.04.28 02:00:25.744,0.93155,0.9321,1.00,2.40
2010.04.28 02:00:26.054,0.9315,0.9321,3.20,3.20
2010.04.28 02:00:30.524,0.93155,0.9321,1.00,3.20
2010.04.28 02:00:36.053,0.9316,0.9321,2.40,1.00
2010.04.28 02:00:39.083,0.93155,0.9321,1.00,3.20
2010.04.28 02:00:42.000,0.9316,0.9321,2.40,1.00
2010.04.28 02:00:44.519,0.93155,0.9321,1.00,3.20
2010.04.28 02:00:44.800,0.9315,0.93205,3.20,1.00
2010.04.28 02:00:53.899,0.93145,0.932,1.00,2.40
2010.04.28 02:00:54.008,0.9314,0.93195,3.20,1.00
2010.04.28 02:00:55.501,0.93135,0.9319,1.00,2.40
2010.04.28 02:00:55.829,0.93135,0.9319,1.00,3.20
2010.04.28 02:00:56.637,0.9314,0.9319,2.40,1.00
2010.04.28 02:00:59.514,0.9314,0.9319,3.20,1.00
2010.04.28 02:00:59.757,0.9315,0.932,2.40,1.00
2010.04.28 02:01:00.199,0.9315,0.93205,2.40,1.00
2010.04.28 02:01:00.836,0.9315,0.93205,3.20,1.00
2010.04.28 02:01:01.057,0.9316,0.93205,2.40,1.00
2010.04.28 02:01:02.667,0.9315,0.93205,3.20,1.00
2010.04.28 02:01:03.277,0.9314,0.93195,3.20,1.00
2010.04.28 02:01:03.515,0.9314,0.9319,2.40,1.00
2010.04.28 02:01:04.235,0.9314,0.93185,2.40,1.00
2010.04.28 02:01:08.214,0.9314,0.9319,2.40,1.00
2010.04.28 02:01:13.683,0.9314,0.93195,3.20,1.00
2010.04.28 02:01:19.262,0.93145,0.932,1.00,3.20
2010.04.28 02:01:22.873,0.9315,0.932,2.40,3.20
2010.04.28 02:01:23.415,0.9316,0.93205,2.40,1.00
2010.04.28 02:01:23.752,0.9316,0.9321,2.40,3.20
2010.04.28 02:01:26.580,0.9316,0.9321,2.40,1.00
2010.04.28 02:01:26.762,0.9316,0.93215,2.40,1.00
2010.04.28 02:01:27.169,0.9317,0.93215,2.40,1.00
2010.04.28 02:01:27.411,0.9316,0.93215,3.20,1.00
2010.04.28 02:01:28.077,0.9316,0.9321,2.40,1.00
2010.04.28 02:01:28.989,0.9315,0.932,1.00,2.40
2010.04.28 02:01:29.449,0.9315,0.93205,3.20,1.00
2010.04.28 02:01:34.197,0.9315,0.932,3.20,2.40
2010.04.28 02:01:34.868,0.9315,0.932,2.40,2.40
2010.04.28 02:01:35.039,0.9315,0.93205,2.40,1.00
2010.04.28 02:01:41.549,0.9316,0.93205,2.40,1.00
2010.04.28 02:01:43.915,0.9316,0.9321,2.40,1.00
2010.04.28 02:01:53.145,0.9317,0.93225,2.40,1.00
2010.04.28 02:01:53.413,0.9317,0.93225,3.20,1.00
2010.04.28 02:01:56.267,0.9317,0.9323,3.20,3.20
2010.04.28 02:01:58.827,0.9317,0.9322,1.00,2.40
2010.04.28 02:02:00.622,0.93165,0.9322,1.00,2.40
2010.04.28 02:02:00.831,0.93165,0.9322,1.00,3.20
2010.04.28 02:02:01.881,0.9316,0.93215,3.20,1.00
2010.04.28 02:02:03.692,0.9316,0.9321,1.00,2.40
2010.04.28 02:02:04.031,0.9316,0.93215,3.20,1.00
2010.04.28 02:02:10.601,0.9316,0.9321,1.00,2.40
2010.04.28 02:02:10.940,0.9316,0.93215,3.20,1.00
2010.04.28 02:02:11.519,0.9316,0.9321,1.00,2.40
2010.04.28 02:02:11.959,0.9316,0.93215,3.20,1.00
2010.04.28 02:02:21.631,0.9316,0.9321,3.20,1.00
2010.04.28 02:02:23.615,0.9316,0.9321,2.40,1.00
2010.04.28 02:02:28.685,0.93155,0.9321,1.00,3.20
2010.04.28 02:02:29.005,0.9315,0.93205,3.20,1.00
2010.04.28 02:02:32.174,0.9315,0.932,1.00,2.40
2010.04.28 02:02:32.304,0.93145,0.932,1.00,3.20
2010.04.28 02:02:32.600,0.9314,0.932,3.20,3.20
2010.04.28 02:02:33.084,0.9314,0.93195,3.20,1.00
2010.04.28 02:02:43.116,0.9315,0.93205,2.40,1.00
2010.04.28 02:02:43.790,0.9315,0.93205,3.20,1.00
2010.04.28 02:02:47.490,0.9315,0.932,3.20,2.40
2010.04.28 02:02:48.331,0.9314,0.932,3.20,3.20
2010.04.28 02:02:48.911,0.9314,0.9319,2.40,3.20
2010.04.28 02:02:53.149,0.93135,0.9319,1.00,3.20
2010.04.28 02:02:59.960,0.93135,0.9318,1.00,2.40
2010.04.28 02:03:00.027,0.9313,0.9318,3.20,2.40
2010.04.28 02:03:01.648,0.9313,0.93185,3.20,1.00
2010.04.28 02:03:06.224,0.9313,0.9319,3.20,3.20
2010.04.28 02:03:07.206,0.93135,0.9319,1.00,3.20
2010.04.28 02:03:08.085,0.9313,0.9319,3.20,3.20
2010.04.28 02:03:13.205,0.9314,0.9319,2.40,3.20
2010.04.28 02:03:13.805,0.9315,0.9319,2.40,1.00
2010.04.28 02:03:14.266,0.9315,0.932,2.40,1.00
2010.04.28 02:03:14.556,0.9315,0.93205,3.20,1.00
2010.04.28 02:03:16.465,0.9315,0.932,2.40,1.00
2010.04.28 02:03:17.113,0.93145,0.932,1.00,3.20
2010.04.28 02:03:17.573,0.9314,0.93195,3.20,1.00
2010.04.28 02:03:18.813,0.9314,0.93195,2.40,1.00
2010.04.28 02:03:19.032,0.93135,0.9319,1.00,2.40
2010.04.28 02:03:19.723,0.9314,0.9319,1.00,2.40
2010.04.28 02:03:23.293,0.93145,0.9319,1.00,2.40
2010.04.28 02:03:25.263,0.9314,0.9319,1.00,2.40
2010.04.28 02:04:15.730,0.9314,0.9319,3.20,2.40
2010.04.28 02:04:16.070,0.93145,0.932,1.00,2.40
2010.04.28 02:04:18.230,0.9315,0.932,1.00,2.40
2010.04.28 02:04:19.298,0.93145,0.932,1.00,3.20
2010.04.28 02:04:22.638,0.9315,0.932,1.00,2.40
2010.04.28 02:04:23.767,0.93145,0.932,1.00,3.20
2010.04.28 02:04:36.501,0.9314,0.93195,3.20,1.00
2010.04.28 02:04:37.944,0.9314,0.9319,1.00,2.40
2010.04.28 02:04:45.062,0.93135,0.9319,1.00,2.40
2010.04.28 02:04:45.442,0.93135,0.9319,1.00,3.20
2010.04.28 02:04:55.710,0.9314,0.9319,2.40,1.00
2010.04.28 02:04:56.050,0.9314,0.93195,2.40,1.00
2010.04.28 02:05:01.295,0.9314,0.93195,3.20,1.00
2010.04.28 02:05:07.087,0.93135,0.9319,1.00,2.40
2010.04.28 02:05:07.718,0.9314,0.9319,1.00,2.40
2010.04.28 02:05:12.166,0.93135,0.9319,1.00,3.20
2010.04.28 02:05:16.174,0.9314,0.9319,1.00,2.40
2010.04.28 02:05:16.307,0.9314,0.932,3.20,3.20
2010.04.28 02:05:16.444,0.93145,0.932,1.00,3.20
2010.04.28 02:05:17.394,0.9314,0.9319,1.00,2.40
2010.04.28 02:05:33.351,0.9314,0.932,3.20,3.20
2010.04.28 02:05:35.290,0.9314,0.9319,1.00,2.40
2010.04.28 02:05:36.089,0.9314,0.9319,1.00,3.20
2010.04.28 02:05:36.687,0.93135,0.9319,1.00,3.20
2010.04.28 02:05:38.511,0.9314,0.932,3.20,3.20
2010.04.28 02:05:38.610,0.9314,0.9319,1.00,2.40
2010.04.28 02:05:38.700,0.93135,0.9319,1.00,2.40
2010.04.28 02:05:39.449,0.93135,0.9319,1.00,3.20
2010.04.28 02:05:42.149,0.9313,0.9319,3.20,3.20
2010.04.28 02:05:42.689,0.9313,0.9318,1.00,2.40
2010.04.28 02:05:49.636,0.9313,0.93185,3.20,1.00
2010.04.28 02:05:50.226,0.9313,0.9319,3.20,3.20
2010.04.28 02:05:51.472,0.9314,0.9319,2.40,1.00
2010.04.28 02:05:51.810,0.9314,0.9319,1.00,2.40
2010.04.28 02:05:58.335,0.93145,0.9319,1.00,2.40
2010.04.28 02:05:58.526,0.9315,0.932,2.40,1.00
2010.04.28 02:05:58.715,0.9315,0.93205,3.20,1.00
2010.04.28 02:05:59.554,0.9315,0.9321,3.20,3.20
2010.04.28 02:05:59.774,0.93155,0.9321,1.00,3.20
2010.04.28 02:06:08.223,0.9316,0.9321,1.00,3.20
2010.04.28 02:06:13.762,0.9316,0.9321,3.20,1.00
2010.04.28 02:06:14.061,0.9316,0.9322,3.20,3.20
2010.04.28 02:06:16.370,0.93165,0.9322,1.00,3.20
2010.04.28 02:06:22.528,0.9316,0.93215,3.20,1.00
2010.04.28 02:06:22.698,0.9316,0.9321,1.00,2.40
2010.04.28 02:06:23.991,0.9316,0.93215,3.20,1.00
2010.04.28 02:06:24.229,0.9316,0.9322,3.20,3.20
2010.04.28 02:06:24.468,0.9317,0.9322,2.40,3.20
2010.04.28 02:06:24.867,0.9316,0.9322,3.20,3.20
2010.04.28 02:06:25.451,0.9316,0.9321,1.00,2.40
2010.04.28 02:06:35.496,0.9316,0.93215,3.20,1.00
2010.04.28 02:06:36.176,0.9316,0.9321,1.00,2.40
2010.04.28 02:06:37.674,0.9316,0.93215,3.20,1.00
2010.04.28 02:06:38.725,0.9316,0.9321,3.20,2.40
2010.04.28 02:06:40.055,0.93165,0.93215,1.00,1.00
2010.04.28 02:06:40.245,0.9317,0.9322,2.40,3.20
2010.04.28 02:06:45.334,0.9317,0.9322,2.40,1.00
2010.04.28 02:06:45.593,0.9317,0.93225,3.20,1.00
2010.04.28 02:06:46.633,0.9318,0.9323,3.20,3.20
2010.04.28 02:06:46.972,0.9318,0.9323,3.20,2.40
2010.04.28 02:07:05.119,0.9318,0.9324,3.20,3.20
2010.04.28 02:07:06.468,0.9318,0.9323,3.20,2.40
2010.04.28 02:07:07.248,0.9318,0.9323,1.00,2.40
2010.04.28 02:07:12.698,0.9318,0.9323,3.20,2.40
2010.04.28 02:07:13.012,0.9318,0.93235,3.20,1.00
2010.04.28 02:07:14.496,0.9319,0.93235,2.40,1.00
2010.04.28 02:07:14.687,0.9319,0.9324,2.40,3.20
2010.04.28 02:07:14.876,0.93185,0.9324,1.00,3.20
2010.04.28 02:07:15.066,0.9319,0.9324,2.40,3.20
2010.04.28 02:07:16.146,0.9318,0.9324,3.20,3.20
2010.04.28 02:07:16.886,0.9319,0.9324,2.40,1.00
2010.04.28 02:07:17.346,0.9319,0.93245,3.20,1.00
2010.04.28 02:07:18.319,0.93185,0.9323,1.00,2.40
2010.04.28 02:07:18.615,0.9318,0.9323,3.20,2.40
2010.04.28 02:07:18.905,0.9318,0.93235,3.20,1.00
2010.04.28 02:07:19.655,0.9319,0.93235,2.40,1.00
2010.04.28 02:07:20.975,0.9319,0.9324,2.40,1.00
2010.04.28 02:07:21.296,0.9319,0.93245,2.40,1.00
2010.04.28 02:07:21.476,0.9319,0.93245,3.20,1.00
2010.04.28 02:07:34.046,0.9319,0.9325,3.20,3.20
2010.04.28 02:07:35.312,0.93195,0.9325,1.00,3.20
2010.04.28 02:07:42.449,0.93195,0.9324,1.00,2.40
2010.04.28 02:07:42.689,0.9319,0.9324,1.00,2.40
2010.04.28 02:07:42.908,0.9319,0.9323,1.00,2.40
2010.04.28 02:07:43.019,0.9318,0.9323,1.00,2.40
2010.04.28 02:07:43.365,0.9318,0.9324,3.20,3.20
2010.04.28 02:07:43.469,0.93185,0.9324,1.00,3.20
2010.04.28 02:07:43.729,0.93185,0.9324,1.00,2.40
2010.04.28 02:07:45.592,0.9319,0.93245,2.40,1.00
2010.04.28 02:07:46.040,0.9319,0.93245,3.20,1.00
2010.04.28 02:07:47.645,0.93195,0.9325,1.00,3.20
2010.04.28 02:07:50.020,0.93195,0.9325,1.00,2.40
2010.04.28 02:07:52.898,0.93195,0.9324,1.00,2.40
2010.04.28 02:07:54.047,0.9319,0.9324,3.20,2.40
2010.04.28 02:07:54.406,0.9319,0.9324,1.00,2.40
2010.04.28 02:07:56.696,0.93185,0.9324,1.00,2.40
2010.04.28 02:07:57.558,0.93175,0.9323,1.00,2.40
2010.04.28 02:07:58.216,0.9317,0.9323,3.20,3.20
2010.04.28 02:07:59.975,0.93175,0.9323,1.00,2.40
2010.04.28 02:08:00.315,0.9318,0.9323,1.00,2.40
2010.04.28 02:08:01.675,0.93185,0.9323,1.00,2.40
2010.04.28 02:08:02.016,0.9318,0.9323,1.00,2.40
2010.04.28 02:08:02.952,0.93175,0.9323,1.00,2.40
2010.04.28 02:08:04.934,0.93175,0.9323,1.00,3.20
2010.04.28 02:08:07.785,0.93175,0.9322,1.00,2.40
2010.04.28 02:08:07.983,0.9317,0.9322,1.00,2.40
2010.04.28 02:08:08.864,0.93175,0.9323,1.00,3.20
2010.04.28 02:08:22.249,0.9318,0.9323,2.40,1.00
2010.04.28 02:08:22.670,0.9318,0.93235,3.20,1.00
2010.04.28 02:08:24.661,0.9318,0.9324,3.20,3.20
2010.04.28 02:08:25.249,0.9318,0.9323,1.00,2.40
2010.04.28 02:08:29.396,0.93175,0.9323,1.00,2.40
2010.04.28 02:08:31.299,0.93175,0.9323,1.00,3.20
2010.04.28 02:08:38.116,0.9318,0.9323,2.40,1.00
2010.04.28 02:08:38.703,0.93175,0.9323,1.00,2.40
2010.04.28 02:08:38.898,0.93175,0.9321,1.00,2.40
2010.04.28 02:08:39.086,0.93165,0.9321,1.00,2.40
2010.04.28 02:08:40.266,0.9316,0.9321,1.00,2.40
2010.04.28 02:08:40.605,0.9316,0.9321,3.20,2.40
2010.04.28 02:08:41.328,0.9316,0.93215,3.20,1.00
2010.04.28 02:08:41.515,0.9316,0.9322,3.20,3.20
2010.04.28 02:08:41.695,0.93165,0.9322,1.00,3.20
2010.04.28 02:08:42.055,0.93165,0.9322,1.00,2.40
2010.04.28 02:08:42.422,0.93165,0.9321,1.00,2.40
2010.04.28 02:08:43.058,0.93165,0.9322,1.00,2.40
2010.04.28 02:08:43.535,0.9317,0.9322,2.40,2.40
2010.04.28 02:08:45.304,0.9317,0.93225,3.20,1.00
2010.04.28 02:08:51.106,0.9317,0.9322,3.20,2.40
2010.04.28 02:08:52.961,0.9317,0.93225,3.20,1.00
2010.04.28 02:08:57.181,0.9317,0.9322,3.20,2.40
2010.04.28 02:08:59.451,0.9317,0.93225,3.20,1.00
2010.04.28 02:09:00.010,0.9317,0.9322,1.00,2.40
2010.04.28 02:09:00.092,0.93165,0.9322,1.00,3.20
2010.04.28 02:09:00.912,0.9316,0.9321,1.00,2.40
2010.04.28 02:09:07.817,0.9315,0.932,1.00,2.40
2010.04.28 02:09:14.196,0.9315,0.93205,3.20,1.00
2010.04.28 02:09:14.338,0.93155,0.9321,1.00,3.20
2010.04.28 02:09:15.167,0.93155,0.9321,1.00,2.40
2010.04.28 02:09:15.344,0.93155,0.932,1.00,2.40
2010.04.28 02:09:15.979,0.93155,0.9321,1.00,3.20
2010.04.28 02:09:18.418,0.9316,0.9322,3.20,3.20
2010.04.28 02:09:19.470,0.93165,0.9322,1.00,3.20
2010.04.28 02:09:21.536,0.93165,0.9322,1.00,2.40
2010.04.28 02:09:21.735,0.9317,0.9322,2.40,2.40
2010.04.28 02:09:22.155,0.9317,0.9322,3.20,2.40
2010.04.28 02:09:26.804,0.9317,0.93225,3.20,1.00
2010.04.28 02:09:31.176,0.9318,0.9323,2.40,3.20
2010.04.28 02:09:34.210,0.93175,0.9322,1.00,2.40
2010.04.28 02:09:34.606,0.93165,0.9322,1.00,2.40
2010.04.28 02:09:34.855,0.93165,0.9322,1.00,3.20
2010.04.28 02:09:38.442,0.93165,0.9322,1.00,4.00
2010.04.28 02:09:39.254,0.93155,0.9321,1.00,2.40
2010.04.28 02:09:39.572,0.9316,0.93215,3.20,1.00
2010.04.28 02:09:41.653,0.9316,0.9322,3.20,3.20
2010.04.28 02:09:42.712,0.9317,0.9322,2.40,3.20
2010.04.28 02:09:42.962,0.9317,0.9322,1.00,2.40
2010.04.28 02:09:43.460,0.9317,0.93225,3.20,1.00
2010.04.28 02:09:44.160,0.9317,0.9323,3.20,3.20
2010.04.28 02:09:44.840,0.9317,0.9322,1.00,2.40
2010.04.28 02:09:46.251,0.93165,0.9322,1.00,2.40
2010.04.28 02:09:46.910,0.9317,0.9322,2.40,3.20
2010.04.28 02:09:48.671,0.9316,0.93215,3.20,1.00
2010.04.28 02:09:49.030,0.9317,0.93215,2.40,1.00
2010.04.28 02:09:49.859,0.9317,0.9322,2.40,3.20
2010.04.28 02:09:50.539,0.93165,0.9322,1.00,3.20
2010.04.28 02:09:51.199,0.9317,0.9322,3.20,2.40
2010.04.28 02:09:57.428,0.9317,0.93225,3.20,1.00
2010.04.28 02:09:57.767,0.93175,0.9323,1.00,3.20
2010.04.28 02:10:04.841,0.9318,0.9323,1.00,2.40
2010.04.28 02:10:05.177,0.9318,0.9324,3.20,3.20
2010.04.28 02:10:05.456,0.9319,0.9324,2.40,3.20
2010.04.28 02:10:05.738,0.9319,0.9324,2.40,2.40
2010.04.28 02:10:06.725,0.9319,0.93245,3.20,1.00
2010.04.28 02:10:07.725,0.9319,0.9325,3.20,3.20
2010.04.28 02:10:08.018,0.93185,0.9324,1.00,2.40
2010.04.28 02:10:08.564,0.93185,0.9324,1.00,3.20
2010.04.28 02:10:12.783,0.93185,0.93235,1.00,1.00
2010.04.28 02:10:14.873,0.9318,0.93235,3.20,1.00
2010.04.28 02:10:18.884,0.9318,0.9323,3.20,2.40
2010.04.28 02:10:32.859,0.9319,0.9324,2.40,3.20
2010.04.28 02:10:35.668,0.93185,0.9323,1.00,2.40
2010.04.28 02:10:40.427,0.9318,0.9323,1.00,2.40
2010.04.28 02:10:40.556,0.9318,0.9323,3.20,2.40
2010.04.28 02:10:44.695,0.9318,0.9323,1.00,2.40
2010.04.28 02:10:47.897,0.9318,0.93235,3.20,1.00
2010.04.28 02:10:47.986,0.93185,0.93235,1.00,1.00
2010.04.28 02:10:51.953,0.9319,0.93235,2.40,1.00
2010.04.28 02:10:52.163,0.9319,0.9324,2.40,3.20
2010.04.28 02:10:52.374,0.9319,0.9324,2.40,2.40
2010.04.28 02:10:52.979,0.9319,0.9324,3.20,2.40
2010.04.28 02:10:56.034,0.9319,0.9324,1.00,2.40
2010.04.28 02:10:56.537,0.93185,0.9324,1.00,2.40
2010.04.28 02:10:56.875,0.93185,0.9324,1.00,3.20
2010.04.28 02:10:57.553,0.9318,0.9323,1.00,2.40
2010.04.28 02:10:58.792,0.9318,0.9324,3.20,3.20
2010.04.28 02:10:59.477,0.93185,0.9324,1.00,3.20
2010.04.28 02:10:59.819,0.93185,0.9324,1.60,3.20
2010.04.28 02:11:00.155,0.932,0.9325,3.20,2.40
2010.04.28 02:11:01.087,0.932,0.93255,3.20,1.00
2010.04.28 02:11:05.400,0.932,0.9325,3.20,2.40
2010.04.28 02:11:05.582,0.932,0.9325,2.40,3.20
2010.04.28 02:11:06.929,0.932,0.9325,2.40,2.40
2010.04.28 02:11:07.570,0.932,0.9325,3.20,2.40
2010.04.28 02:11:08.629,0.932,0.93255,3.20,1.00
2010.04.28 02:11:10.490,0.9321,0.9326,2.40,3.20
2010.04.28 02:11:15.389,0.9321,0.9326,3.20,2.40
2010.04.28 02:11:15.507,0.9322,0.93265,2.40,1.00
2010.04.28 02:11:15.888,0.9322,0.9327,2.40,3.20
2010.04.28 02:11:17.688,0.9322,0.93265,2.40,1.00
2010.04.28 02:11:23.496,0.9322,0.9326,2.40,1.00
2010.04.28 02:11:23.556,0.9321,0.9326,2.40,3.20
2010.04.28 02:11:23.736,0.9321,0.9325,2.40,1.00
2010.04.28 02:11:24.056,0.932,0.9325,2.40,1.00
2010.04.28 02:11:24.187,0.93195,0.9325,1.00,3.20
2010.04.28 02:11:24.316,0.9319,0.9325,3.20,3.20
2010.04.28 02:11:24.576,0.9319,0.9325,2.40,3.20
2010.04.28 02:11:24.835,0.9319,0.9324,2.40,1.00
2010.04.28 02:11:29.670,0.9319,0.9324,3.20,1.00
2010.04.28 02:11:35.532,0.9319,0.93245,3.20,1.00
2010.04.28 02:11:36.733,0.9319,0.9325,3.20,3.20
2010.04.28 02:11:38.594,0.9319,0.93245,3.20,1.00
2010.04.28 02:11:49.142,0.9319,0.9324,2.40,3.20
2010.04.28 02:11:49.271,0.93185,0.9324,1.00,3.20
2010.04.28 02:11:49.363,0.9318,0.9324,3.20,3.20
2010.04.28 02:11:49.833,0.9318,0.93235,3.20,1.00
2010.04.28 02:11:53.129,0.93185,0.93235,1.00,1.00
2010.04.28 02:11:53.329,0.932,0.93235,2.40,1.00
2010.04.28 02:11:53.440,0.932,0.9325,2.40,3.20
2010.04.28 02:11:53.549,0.932,0.9325,2.40,2.40
2010.04.28 02:11:53.859,0.932,0.93255,2.40,1.00
2010.04.28 02:11:53.969,0.932,0.93255,3.20,1.00
2010.04.28 02:12:01.882,0.93205,0.93255,1.00,1.00
2010.04.28 02:12:02.098,0.9322,0.93275,3.20,1.00
2010.04.28 02:12:02.757,0.9322,0.9328,3.20,3.20
2010.04.28 02:12:03.416,0.93225,0.9328,1.00,3.20
2010.04.28 02:12:05.897,0.9324,0.9329,2.40,2.40
2010.04.28 02:12:06.197,0.93245,0.9329,1.00,2.40
2010.04.28 02:12:07.128,0.9324,0.9329,3.20,2.40
2010.04.28 02:12:07.805,0.9324,0.9329,1.00,2.40
2010.04.28 02:12:08.485,0.9324,0.9329,3.20,2.40
2010.04.28 02:12:13.195,0.93245,0.9329,1.00,2.40
2010.04.28 02:12:13.364,0.93245,0.933,1.00,3.20
2010.04.28 02:12:13.827,0.93245,0.9329,1.00,2.40
2010.04.28 02:12:14.002,0.9324,0.9329,1.00,2.40
2010.04.28 02:12:15.426,0.93235,0.9329,1.00,2.40
2010.04.28 02:12:18.296,0.9324,0.93295,2.40,1.00
2010.04.28 02:12:18.626,0.93235,0.9329,1.00,2.40
2010.04.28 02:12:19.003,0.93235,0.9329,1.00,3.20
2010.04.28 02:12:19.394,0.9324,0.9329,2.40,1.00
2010.04.28 02:12:19.736,0.93245,0.933,1.00,3.20
2010.04.28 02:12:21.502,0.9325,0.933,1.00,2.40
2010.04.28 02:12:29.704,0.93255,0.933,1.00,2.40
2010.04.28 02:12:29.796,0.93255,0.9331,1.00,3.20
2010.04.28 02:12:37.881,0.9326,0.9331,2.40,3.20
2010.04.28 02:12:38.109,0.9326,0.93305,2.40,1.00
2010.04.28 02:12:38.798,0.9325,0.933,1.00,2.40
2010.04.28 02:12:38.918,0.93245,0.933,1.00,2.40
2010.04.28 02:12:39.518,0.9324,0.93295,2.40,1.00
2010.04.28 02:12:42.667,0.9324,0.9329,2.40,1.00
2010.04.28 02:12:43.167,0.93235,0.9329,1.00,3.20
2010.04.28 02:12:43.257,0.9323,0.93285,3.20,1.00
2010.04.28 02:12:43.346,0.9323,0.93285,4.00,1.00
2010.04.28 02:12:43.822,0.9324,0.93285,2.40,1.00
2010.04.28 02:12:46.206,0.9324,0.9329,2.40,1.00
2010.04.28 02:12:47.846,0.9325,0.9329,2.40,1.00
2010.04.28 02:12:48.213,0.9325,0.93295,2.40,1.00
2010.04.28 02:12:48.306,0.9324,0.93295,2.40,1.00
2010.04.28 02:12:50.131,0.9324,0.9329,2.40,1.00
2010.04.28 02:12:52.374,0.9325,0.9329,2.40,1.00
2010.04.28 02:12:52.614,0.9324,0.9329,2.40,1.00
2010.04.28 02:12:53.156,0.9324,0.93295,3.20,1.00
2010.04.28 02:12:59.196,0.9324,0.9329,3.20,2.40
2010.04.28 02:12:59.354,0.9324,0.93295,3.20,1.00
2010.04.28 02:13:00.053,0.9324,0.93295,4.00,1.00
2010.04.28 02:13:00.394,0.9325,0.93305,3.20,1.00
2010.04.28 02:13:01.894,0.9324,0.93295,3.20,1.00
2010.04.28 02:13:02.903,0.9324,0.9329,3.20,2.40
2010.04.28 02:13:04.534,0.9325,0.93295,2.40,1.00
2010.04.28 02:13:04.752,0.9325,0.933,2.40,1.00
2010.04.28 02:13:04.972,0.9325,0.93305,2.40,1.00
2010.04.28 02:13:05.687,0.9325,0.93305,3.20,1.00
2010.04.28 02:13:08.152,0.9325,0.9331,3.20,3.20
2010.04.28 02:13:10.351,0.9325,0.933,3.20,2.40
2010.04.28 02:13:10.470,0.9325,0.9329,1.00,2.40
2010.04.28 02:13:10.711,0.9325,0.933,1.00,2.40
2010.04.28 02:13:11.273,0.9325,0.933,3.20,2.40
2010.04.28 02:13:13.010,0.9325,0.93305,3.20,1.00
2010.04.28 02:13:14.699,0.9326,0.93305,2.40,1.00
2010.04.28 02:13:14.949,0.9326,0.93315,2.40,1.00
2010.04.28 02:13:15.764,0.9326,0.9331,2.40,1.00
2010.04.28 02:13:19.618,0.9326,0.9331,2.40,3.20
2010.04.28 02:13:20.939,0.9327,0.9331,2.40,1.00
2010.04.28 02:13:21.260,0.9328,0.93325,2.40,1.00
2010.04.28 02:13:21.457,0.9328,0.9333,2.40,3.20
2010.04.28 02:13:25.240,0.9326,0.9331,3.20,2.40
2010.04.28 02:13:25.537,0.9326,0.9331,2.40,3.20
2010.04.28 02:13:29.495,0.9325,0.9331,3.20,3.20
2010.04.28 02:13:29.526,0.9325,0.93305,3.20,1.00
2010.04.28 02:13:29.712,0.9325,0.93305,2.40,1.00
2010.04.28 02:13:29.737,0.9325,0.933,2.40,2.40
2010.04.28 02:13:30.341,0.9325,0.933,2.40,3.20
2010.04.28 02:13:30.686,0.9325,0.933,3.20,2.40
2010.04.28 02:13:33.885,0.9327,0.9332,2.40,2.40
2010.04.28 02:13:34.145,0.9327,0.93325,3.20,1.00
2010.04.28 02:13:34.405,0.9327,0.9333,3.20,3.20
2010.04.28 02:13:35.204,0.93275,0.9333,1.00,3.20
2010.04.28 02:13:39.505,0.93275,0.9332,1.00,2.40
2010.04.28 02:13:40.903,0.9327,0.9332,3.20,2.40
2010.04.28 02:13:46.704,0.9327,0.9333,3.20,3.20
2010.04.28 02:13:47.042,0.9326,0.93315,3.20,1.00
2010.04.28 02:13:47.576,0.9326,0.9331,3.20,2.40
2010.04.28 02:13:50.210,0.9326,0.9331,1.00,2.40
2010.04.28 02:13:52.270,0.9326,0.933,1.00,2.40
2010.04.28 02:13:52.611,0.9326,0.9331,1.00,2.40
2010.04.28 02:13:52.941,0.9326,0.933,1.00,2.40
2010.04.28 02:13:53.829,0.9326,0.9331,1.00,2.40
2010.04.28 02:13:56.584,0.93255,0.933,1.00,2.40
2010.04.28 02:13:56.928,0.93255,0.9331,1.00,3.20
2010.04.28 02:13:59.588,0.9326,0.9331,2.40,3.20
2010.04.28 02:14:00.218,0.9326,0.9331,3.20,2.40
2010.04.28 02:14:00.898,0.93255,0.9331,1.00,3.20
2010.04.28 02:14:01.929,0.9325,0.93305,3.20,1.00
2010.04.28 02:14:02.270,0.93245,0.9329,1.00,2.40
2010.04.28 02:14:03.289,0.93255,0.93305,1.00,1.00
2010.04.28 02:14:03.548,0.9326,0.93305,2.40,1.00
2010.04.28 02:14:03.809,0.9326,0.9331,3.20,2.40
2010.04.28 02:14:05.117,0.93265,0.9331,1.00,2.40
2010.04.28 02:14:05.878,0.9327,0.9331,1.00,2.40
2010.04.28 02:14:06.127,0.93265,0.9331,1.00,2.40
2010.04.28 02:14:07.189,0.9327,0.9332,3.20,2.40
2010.04.28 02:14:07.527,0.9327,0.9332,1.00,2.40
2010.04.28 02:14:08.498,0.93275,0.9332,1.00,2.40
2010.04.28 02:14:10.098,0.9327,0.9332,1.00,2.40
2010.04.28 02:14:11.855,0.9327,0.9331,1.00,2.40
2010.04.28 02:14:12.197,0.93265,0.9332,1.00,3.20
2010.04.28 02:14:13.213,0.93265,0.9331,1.00,2.40
2010.04.28 02:14:14.216,0.9326,0.9331,3.20,2.40
2010.04.28 02:14:15.216,0.93265,0.9332,1.00,3.20
2010.04.28 02:14:15.555,0.9327,0.9332,2.40,2.40
2010.04.28 02:14:15.894,0.9327,0.9332,3.20,2.40
2010.04.28 02:14:16.485,0.93255,0.933,1.00,2.40
2010.04.28 02:14:17.642,0.93255,0.9331,1.00,1.00
2010.04.28 02:14:17.986,0.9326,0.9331,1.00,2.40
2010.04.28 02:14:18.604,0.9326,0.9331,3.20,2.40
2010.04.28 02:14:19.115,0.9326,0.9331,1.00,2.40
2010.04.28 02:14:19.241,0.93265,0.9331,1.00,2.40
2010.04.28 02:14:19.695,0.93265,0.9332,1.00,3.20
2010.04.28 02:14:20.374,0.9327,0.9332,1.00,2.40
2010.04.28 02:14:20.833,0.93265,0.9332,1.00,3.20
2010.04.28 02:14:23.184,0.9327,0.9331,1.00,2.40
2010.04.28 02:14:23.513,0.93265,0.9331,1.00,2.40
2010.04.28 02:14:26.712,0.9326,0.9331,1.00,2.40
2010.04.28 02:14:27.063,0.9326,0.933,1.00,2.40
2010.04.28 02:14:27.405,0.93255,0.933,1.00,2.40
2010.04.28 02:14:28.130,0.9325,0.933,3.20,2.40
2010.04.28 02:14:28.463,0.93255,0.933,1.00,2.40
2010.04.28 02:14:35.440,0.9325,0.933,1.00,2.40
2010.04.28 02:14:40.298,0.9325,0.933,1.60,2.40
2010.04.28 02:14:40.478,0.9326,0.93305,2.40,1.00
2010.04.28 02:14:40.935,0.9326,0.9331,2.40,3.20
2010.04.28 02:14:41.125,0.9326,0.9331,2.40,2.40
2010.04.28 02:14:48.212,0.9326,0.9331,3.20,2.40
2010.04.28 02:14:49.947,0.9326,0.9331,2.40,3.20
2010.04.28 02:14:50.527,0.9325,0.9331,3.20,3.20
2010.04.28 02:14:51.368,0.9326,0.9331,2.40,1.00
2010.04.28 02:14:51.656,0.9326,0.93315,2.40,1.00
2010.04.28 02:14:52.216,0.9326,0.93315,3.20,1.00
2010.04.28 02:14:53.473,0.9326,0.9331,3.20,2.40
2010.04.28 02:14:53.786,0.9326,0.9331,2.40,3.20
2010.04.28 02:14:55.094,0.9326,0.9331,2.40,1.00
2010.04.28 02:14:55.616,0.9326,0.93315,3.20,1.00
2010.04.28 02:14:58.365,0.9326,0.93315,4.00,1.00
2010.04.28 02:14:58.604,0.93275,0.9333,1.00,3.20
2010.04.28 02:14:58.844,0.9328,0.93335,4.00,1.00
2010.04.28 02:14:59.203,0.9328,0.93335,3.20,1.00
2010.04.28 02:15:01.085,0.9327,0.93325,3.20,1.00
2010.04.28 02:15:02.471,0.9327,0.9332,2.40,3.20
2010.04.28 02:15:02.908,0.93265,0.9332,1.00,3.20
2010.04.28 02:15:03.204,0.9327,0.9332,2.40,3.20
2010.04.28 02:15:04.584,0.93265,0.9332,1.00,3.20
2010.04.28 02:15:04.842,0.9326,0.9332,3.20,3.20
2010.04.28 02:15:05.103,0.9326,0.9331,3.20,2.40
2010.04.28 02:15:05.622,0.9326,0.93315,3.20,1.00
2010.04.28 02:15:06.712,0.9326,0.9332,3.20,3.20
2010.04.28 02:15:06.962,0.93265,0.9332,1.00,3.20
2010.04.28 02:15:09.782,0.9327,0.9332,3.20,2.40
2010.04.28 02:15:17.989,0.9327,0.93325,3.20,1.00
2010.04.28 02:15:19.520,0.93275,0.9333,1.00,3.20
2010.04.28 02:15:20.259,0.9327,0.9332,3.20,2.40
2010.04.28 02:15:21.120,0.9327,0.9333,3.20,3.20
2010.04.28 02:15:23.458,0.9327,0.9332,3.20,2.40
2010.04.28 02:15:25.000,0.9328,0.93335,3.20,1.00
2010.04.28 02:15:30.927,0.9328,0.9333,3.20,2.40
2010.04.28 02:15:35.186,0.93285,0.9334,1.00,3.20
2010.04.28 02:15:35.386,0.93285,0.9333,1.00,2.40
2010.04.28 02:15:35.585,0.9328,0.9333,3.20,2.40
2010.04.28 02:15:36.166,0.9328,0.9333,1.00,2.40
2010.04.28 02:15:39.720,0.93275,0.9333,1.00,3.20
2010.04.28 02:15:42.154,0.9328,0.9333,3.20,2.40
2010.04.28 02:15:42.494,0.93275,0.9333,1.00,3.20
2010.04.28 02:15:44.876,0.93265,0.9332,1.00,2.40
2010.04.28 02:15:45.593,0.9327,0.9332,2.40,2.40
2010.04.28 02:15:46.324,0.93265,0.9332,1.00,2.40
2010.04.28 02:15:48.214,0.93265,0.9331,1.00,2.40
2010.04.28 02:15:48.762,0.93265,0.9332,1.00,3.20
2010.04.28 02:15:48.982,0.9327,0.9332,2.40,1.00
2010.04.28 02:15:49.355,0.9327,0.93325,2.40,1.00
2010.04.28 02:15:49.693,0.93265,0.9332,1.00,2.40
2010.04.28 02:15:50.032,0.93265,0.9332,1.00,3.20
2010.04.28 02:15:52.501,0.93265,0.9332,1.60,3.20
2010.04.28 02:15:52.772,0.9327,0.93325,3.20,1.00
2010.04.28 02:15:54.463,0.93265,0.9332,1.00,3.20
2010.04.28 02:16:00.792,0.93265,0.9331,1.00,2.40
2010.04.28 02:16:00.978,0.93265,0.9332,1.00,3.20
2010.04.28 02:16:03.103,0.9327,0.9332,2.40,3.20
2010.04.28 02:16:03.401,0.9327,0.9332,2.40,2.40
2010.04.28 02:16:05.200,0.93265,0.9332,1.00,2.40
2010.04.28 02:16:05.529,0.93265,0.9332,1.00,3.20
2010.04.28 02:16:14.913,0.93265,0.9332,1.00,2.40
2010.04.28 02:16:23.439,0.93265,0.9332,1.00,3.20
2010.04.28 02:16:34.542,0.93255,0.9331,1.00,2.40
2010.04.28 02:16:34.872,0.93255,0.9331,1.00,3.20
2010.04.28 02:16:51.418,0.9325,0.93305,3.20,1.00
2010.04.28 02:16:51.538,0.9325,0.933,1.00,2.40
2010.04.28 02:16:54.516,0.9325,0.933,3.20,2.40
2010.04.28 02:16:54.736,0.9326,0.93305,2.40,1.00
2010.04.28 02:16:54.956,0.9326,0.9331,2.40,2.40
2010.04.28 02:16:55.266,0.93255,0.9331,1.00,2.40
2010.04.28 02:16:55.378,0.9326,0.9331,3.20,2.40
2010.04.28 02:16:55.486,0.9326,0.9331,4.00,2.40
2010.04.28 02:16:55.826,0.9327,0.9333,3.20,3.20
2010.04.28 02:16:56.165,0.93275,0.9333,1.00,3.20
2010.04.28 02:17:01.030,0.93275,0.9333,1.00,2.40
2010.04.28 02:17:01.739,0.9328,0.9333,2.40,2.40
2010.04.28 02:17:01.767,0.9328,0.9333,3.20,2.40
2010.04.28 02:17:02.448,0.93285,0.9333,1.00,2.40
2010.04.28 02:17:05.306,0.93285,0.9334,1.00,3.20
2010.04.28 02:17:05.484,0.9329,0.9334,1.00,2.40
2010.04.28 02:17:06.853,0.9328,0.9333,3.20,2.40
2010.04.28 02:17:10.962,0.9328,0.9333,1.00,2.40
2010.04.28 02:17:11.462,0.9328,0.9333,1.00,3.20
2010.04.28 02:17:15.559,0.93275,0.9333,1.00,3.20
2010.04.28 02:17:21.300,0.93275,0.9332,1.00,2.40
2010.04.28 02:17:21.510,0.9327,0.9332,1.00,2.40
2010.04.28 02:17:22.339,0.9327,0.9332,1.00,3.20
2010.04.28 02:17:22.550,0.9326,0.933,1.00,2.40
2010.04.28 02:17:22.810,0.93265,0.9332,1.00,3.20
2010.04.28 02:17:23.070,0.93265,0.9332,1.00,2.40
2010.04.28 02:17:23.659,0.9327,0.9332,1.00,2.40
2010.04.28 02:17:32.968,0.9327,0.9333,3.20,3.20
2010.04.28 02:17:33.437,0.93275,0.9332,1.00,2.40
2010.04.28 02:17:51.114,0.9327,0.9332,1.00,2.40
2010.04.28 02:17:58.751,0.9327,0.9331,1.00,2.40
2010.04.28 02:17:59.363,0.93265,0.9331,1.00,2.40
2010.04.28 02:18:00.821,0.93265,0.9332,1.00,3.20
2010.04.28 02:18:01.162,0.93265,0.9331,1.00,2.40
2010.04.28 02:18:01.501,0.93265,0.933,1.00,2.40
2010.04.28 02:18:04.012,0.9327,0.9331,1.00,2.40
2010.04.28 02:18:08.219,0.93265,0.9331,1.00,2.40
2010.04.28 02:18:10.688,0.9326,0.9331,1.00,2.40
2010.04.28 02:18:15.489,0.93255,0.933,1.00,2.40
2010.04.28 02:18:20.821,0.9325,0.933,1.00,2.40
2010.04.28 02:18:25.414,0.9325,0.933,3.20,2.40
2010.04.28 02:18:30.046,0.9325,0.933,4.00,2.40
2010.04.28 02:18:30.363,0.9325,0.933,3.20,2.40
2010.04.28 02:18:32.553,0.9325,0.9331,4.00,3.20
2010.04.28 02:18:32.834,0.93255,0.9331,1.00,3.20
2010.04.28 02:18:34.052,0.9326,0.9331,1.00,3.20
2010.04.28 02:18:34.195,0.9326,0.9331,3.20,1.00
2010.04.28 02:18:34.272,0.9326,0.9331,2.40,1.00
2010.04.28 02:18:34.414,0.9326,0.9332,1.00,3.20
2010.04.28 02:18:34.708,0.93265,0.9332,1.00,3.20
2010.04.28 02:18:39.341,0.9327,0.9332,2.40,3.20
2010.04.28 02:18:39.491,0.9327,0.9332,3.20,2.40
2010.04.28 02:18:40.177,0.93275,0.9332,1.00,2.40
2010.04.28 02:18:43.167,0.9325,0.9331,5.60,3.20
2010.04.28 02:18:43.352,0.9325,0.933,3.20,2.40
2010.04.28 02:18:46.064,0.93245,0.9328,1.00,2.40
2010.04.28 02:18:46.270,0.9323,0.9328,3.20,2.40
2010.04.28 02:18:46.830,0.9323,0.9329,3.20,1.00
2010.04.28 02:18:47.040,0.9324,0.93295,1.00,1.00
2010.04.28 02:18:49.524,0.9323,0.9328,3.20,2.40
2010.04.28 02:18:50.579,0.93235,0.9328,1.00,2.40
2010.04.28 02:18:52.447,0.93235,0.9329,1.00,3.20
2010.04.28 02:18:52.789,0.93235,0.9329,1.60,2.40
2010.04.28 02:18:53.129,0.9324,0.9329,1.00,2.40
2010.04.28 02:18:53.469,0.9323,0.9328,1.00,2.40
2010.04.28 02:18:54.669,0.93225,0.9328,1.00,3.20
2010.04.28 02:18:56.627,0.93225,0.9327,1.00,2.40
2010.04.28 02:18:56.994,0.9322,0.9327,1.00,2.40
2010.04.28 02:18:57.094,0.9322,0.9327,3.20,2.40
2010.04.28 02:19:01.016,0.9322,0.93275,4.00,1.00
2010.04.28 02:19:01.488,0.9323,0.9328,1.00,2.40
2010.04.28 02:19:01.675,0.9323,0.9328,1.60,2.40
2010.04.28 02:19:01.765,0.9323,0.9328,4.00,2.40
2010.04.28 02:19:01.856,0.93235,0.9328,1.00,2.40
2010.04.28 02:19:04.957,0.93255,0.9329,1.00,2.40
2010.04.28 02:19:05.270,0.93245,0.9329,1.00,2.40
2010.04.28 02:19:05.528,0.93265,0.9331,1.00,2.40
2010.04.28 02:19:05.788,0.9326,0.9331,3.20,2.40
2010.04.28 02:19:06.647,0.93265,0.9331,1.00,2.40
2010.04.28 02:19:10.004,0.93265,0.9332,1.00,3.20
2010.04.28 02:19:10.104,0.9327,0.9332,1.00,2.40
2010.04.28 02:19:11.024,0.93275,0.9332,1.00,2.40
2010.04.28 02:19:14.004,0.93275,0.9331,1.00,2.40
2010.04.28 02:19:14.144,0.93265,0.9331,1.00,2.40
2010.04.28 02:19:15.103,0.9326,0.9331,1.00,2.40
2010.04.28 02:19:15.782,0.93255,0.9331,1.00,3.20
2010.04.28 02:19:18.474,0.9326,0.93315,3.20,1.00
2010.04.28 02:19:18.863,0.93265,0.9332,1.00,3.20
2010.04.28 02:19:21.955,0.9327,0.9332,1.00,2.40
2010.04.28 02:19:22.167,0.93265,0.9332,1.00,2.40
2010.04.28 02:19:22.948,0.93265,0.9332,1.00,3.20
2010.04.28 02:19:27.962,0.93275,0.9332,1.00,2.40
2010.04.28 02:19:29.050,0.9327,0.9332,1.00,2.40
2010.04.28 02:19:29.489,0.93275,0.9332,1.00,2.40
2010.04.28 02:19:48.384,0.93275,0.9333,1.00,3.20
2010.04.28 02:19:48.475,0.9328,0.9333,1.00,2.40
2010.04.28 02:19:56.492,0.9328,0.93335,3.20,1.00
2010.04.28 02:19:56.563,0.93285,0.9334,1.00,3.20
2010.04.28 02:19:56.703,0.93285,0.9334,1.00,2.40
2010.04.28 02:19:56.909,0.9329,0.9334,1.00,2.40
2010.04.28 02:20:00.712,0.9328,0.9334,3.20,3.20
2010.04.28 02:20:00.992,0.9328,0.9333,1.00,2.40
2010.04.28 02:20:01.771,0.9328,0.9334,3.20,3.20
2010.04.28 02:20:01.953,0.9328,0.9333,2.40,1.00
2010.04.28 02:20:02.376,0.93275,0.9332,1.00,2.40
2010.04.28 02:20:02.558,0.93275,0.9333,1.00,3.20
2010.04.28 02:20:02.742,0.9328,0.9333,1.00,2.40
2010.04.28 02:20:09.981,0.93285,0.9334,1.00,3.20
2010.04.28 02:20:12.499,0.93285,0.9333,1.00,2.40
2010.04.28 02:20:13.829,0.9328,0.9332,1.00,2.40
2010.04.28 02:20:15.279,0.9328,0.9333,1.00,2.40
2010.04.28 02:20:16.670,0.9328,0.9333,3.20,2.40
2010.04.28 02:20:17.638,0.93285,0.9333,1.00,2.40
2010.04.28 02:20:18.179,0.93285,0.9334,1.00,3.20
2010.04.28 02:20:24.346,0.93285,0.9333,1.00,2.40
2010.04.28 02:20:25.067,0.9328,0.9333,3.20,2.40
2010.04.28 02:20:27.178,0.9328,0.9333,2.40,2.40
2010.04.28 02:20:28.127,0.9327,0.9332,3.20,2.40
2010.04.28 02:20:28.935,0.9327,0.93325,3.20,1.00
2010.04.28 02:20:29.105,0.9327,0.9332,3.20,2.40
2010.04.28 02:20:31.247,0.9327,0.9331,1.00,2.40
2010.04.28 02:20:31.478,0.93265,0.9331,1.00,2.40
2010.04.28 02:20:31.818,0.9326,0.9331,1.00,2.40
2010.04.28 02:20:33.547,0.9327,0.9332,2.40,3.20
2010.04.28 02:20:33.716,0.9327,0.9332,2.40,2.40
2010.04.28 02:20:34.054,0.9327,0.9332,3.20,2.40
2010.04.28 02:20:36.043,0.9327,0.9332,1.00,2.40
2010.04.28 02:20:36.834,0.9327,0.9331,1.00,2.40
2010.04.28 02:20:37.113,0.93265,0.9331,1.00,2.40
2010.04.28 02:20:51.865,0.9326,0.9331,3.20,2.40
2010.04.28 02:20:54.179,0.9326,0.9331,1.00,2.40
2010.04.28 02:20:57.170,0.9326,0.9331,3.20,2.40
2010.04.28 02:20:57.949,0.9326,0.9331,1.00,2.40
2010.04.28 02:20:58.630,0.93265,0.9332,1.00,3.20
2010.04.28 02:21:00.818,0.93265,0.9331,1.00,2.40
2010.04.28 02:21:04.859,0.9326,0.9331,1.00,2.40
2010.04.28 02:21:07.885,0.9326,0.9331,3.20,2.40
2010.04.28 02:21:14.675,0.9326,0.933,1.00,2.40
2010.04.28 02:21:15.754,0.9326,0.9331,1.00,2.40
2010.04.28 02:21:16.095,0.9326,0.9331,3.20,2.40
2010.04.28 02:21:24.411,0.93265,0.9331,1.00,2.40
2010.04.28 02:21:31.141,0.93265,0.9332,1.00,3.20
2010.04.28 02:21:52.425,0.9326,0.9332,3.20,3.20
2010.04.28 02:22:02.614,0.9326,0.9332,4.00,3.20
2010.04.28 02:22:02.712,0.93265,0.9332,1.00,3.20
2010.04.28 02:22:02.802,0.9327,0.9332,2.40,3.20
2010.04.28 02:22:03.852,0.93265,0.9332,1.00,3.20
2010.04.28 02:22:13.319,0.9327,0.9332,2.40,3.20
2010.04.28 02:22:13.692,0.9327,0.9332,3.20,2.40
2010.04.28 02:22:13.930,0.93275,0.9332,1.00,2.40
2010.04.28 02:22:25.577,0.9327,0.9331,1.00,2.40
2010.04.28 02:22:26.057,0.9327,0.9332,3.20,2.40
2010.04.28 02:22:26.308,0.93275,0.9332,1.00,2.40
2010.04.28 02:22:30.545,0.93275,0.9333,1.00,3.20
2010.04.28 02:22:32.745,0.93275,0.9333,1.00,2.40
2010.04.28 02:22:33.325,0.9328,0.9333,1.00,2.40
2010.04.28 02:22:40.645,0.93285,0.9334,1.00,3.20
2010.04.28 02:22:44.723,0.9329,0.9334,2.40,3.20
2010.04.28 02:22:48.630,0.9329,0.9334,3.20,2.40
2010.04.28 02:22:48.939,0.9329,0.9334,1.00,2.40
2010.04.28 02:22:49.143,0.93285,0.9334,1.00,2.40
2010.04.28 02:22:57.381,0.93285,0.9333,1.00,2.40
2010.04.28 02:23:02.971,0.9328,0.9333,1.00,2.40
2010.04.28 02:23:06.097,0.9328,0.93335,3.20,1.00
2010.04.28 02:23:07.403,0.9328,0.9333,1.00,2.40
2010.04.28 02:23:07.731,0.93275,0.9333,1.00,2.40
2010.04.28 02:23:07.987,0.93275,0.9333,1.00,3.20
2010.04.28 02:23:15.886,0.9327,0.93325,3.20,1.00
2010.04.28 02:23:16.364,0.9327,0.9332,3.20,2.40
2010.04.28 02:23:20.146,0.93275,0.9333,1.00,3.20
2010.04.28 02:23:22.813,0.93275,0.9332,1.00,2.40
2010.04.28 02:23:25.308,0.93275,0.9333,1.00,3.20
2010.04.28 02:24:01.062,0.9328,0.9334,3.20,3.20
2010.04.28 02:24:12.341,0.9328,0.9333,1.00,2.40
2010.04.28 02:24:16.760,0.9328,0.93335,3.20,1.00
2010.04.28 02:24:16.840,0.93285,0.9334,1.00,3.20
2010.04.28 02:24:24.154,0.93295,0.9334,1.00,3.20
2010.04.28 02:24:24.311,0.9331,0.9336,2.40,2.40
2010.04.28 02:24:24.475,0.9331,0.9337,3.20,3.20
2010.04.28 02:24:25.285,0.9331,0.9336,1.00,2.40
2010.04.28 02:24:31.619,0.933,0.9335,2.40,2.40
2010.04.28 02:24:31.957,0.933,0.9335,2.40,3.20
2010.04.28 02:24:32.907,0.9329,0.93345,3.20,1.00
2010.04.28 02:24:33.618,0.93285,0.9334,1.00,3.20
2010.04.28 02:24:35.367,0.9329,0.9334,2.40,1.00
2010.04.28 02:24:35.846,0.9329,0.93345,3.20,1.00
2010.04.28 02:24:40.674,0.9329,0.9334,3.20,2.40
2010.04.28 02:24:40.794,0.9329,0.9334,2.40,3.20
2010.04.28 02:24:41.274,0.9329,0.9334,2.40,1.00
2010.04.28 02:24:41.594,0.9329,0.9334,3.20,1.00
2010.04.28 02:24:47.903,0.9329,0.93345,3.20,1.00
2010.04.28 02:24:48.927,0.9329,0.93345,4.00,1.00
2010.04.28 02:24:49.144,0.933,0.9335,2.40,3.20
2010.04.28 02:25:01.010,0.9329,0.93345,3.20,1.00
2010.04.28 02:25:02.919,0.9329,0.9334,2.40,3.20
2010.04.28 02:25:05.268,0.93285,0.9334,1.00,3.20
2010.04.28 02:25:07.279,0.93285,0.9334,1.60,3.20
2010.04.28 02:25:07.618,0.9329,0.93345,3.20,1.00
2010.04.28 02:25:14.736,0.9329,0.9334,1.00,2.40
2010.04.28 02:25:20.844,0.9329,0.93345,3.20,1.00
2010.04.28 02:25:20.945,0.9329,0.93345,4.00,1.00
2010.04.28 02:25:21.045,0.93295,0.9335,1.00,2.40
2010.04.28 02:25:21.144,0.93295,0.9335,1.60,2.40
2010.04.28 02:25:21.344,0.933,0.9335,2.40,2.40
2010.04.28 02:25:23.794,0.933,0.93355,2.40,1.00
2010.04.28 02:25:24.208,0.93305,0.9336,1.00,3.20
2010.04.28 02:25:25.233,0.933,0.9336,3.20,3.20
2010.04.28 02:25:42.900,0.9331,0.9336,2.40,1.00
2010.04.28 02:25:43.100,0.93305,0.9336,1.00,3.20
2010.04.28 02:25:43.299,0.9331,0.9336,2.40,1.00
2010.04.28 02:25:45.120,0.93305,0.9336,1.00,3.20
2010.04.28 02:25:47.838,0.9331,0.9336,2.40,1.00
2010.04.28 02:25:48.628,0.9331,0.93365,3.20,1.00
2010.04.28 02:25:52.338,0.9331,0.9336,2.40,2.40
2010.04.28 02:25:54.262,0.9331,0.9336,2.40,3.20
2010.04.28 02:25:54.698,0.9332,0.93365,2.40,1.00
2010.04.28 02:25:54.916,0.9331,0.93365,3.20,1.00
2010.04.28 02:25:56.466,0.9331,0.9336,3.20,2.40
2010.04.28 02:25:57.156,0.9331,0.93365,3.20,1.00
2010.04.28 02:26:00.756,0.9331,0.9336,2.40,2.40
2010.04.28 02:26:00.916,0.93305,0.9336,1.00,2.40
2010.04.28 02:26:01.415,0.933,0.93355,3.20,1.00
2010.04.28 02:26:02.555,0.93305,0.9336,1.00,3.20
2010.04.28 02:26:06.495,0.9331,0.9336,2.40,2.40
2010.04.28 02:26:11.653,0.9331,0.9336,3.20,2.40
2010.04.28 02:26:13.504,0.9331,0.93365,3.20,1.00
2010.04.28 02:26:13.784,0.93315,0.9337,1.00,3.20
2010.04.28 02:26:21.052,0.9332,0.9337,3.20,2.40
2010.04.28 02:26:21.900,0.9332,0.9337,1.00,2.40
2010.04.28 02:26:22.579,0.9332,0.9337,3.20,2.40
2010.04.28 02:26:24.480,0.9333,0.93375,2.40,1.00
2010.04.28 02:26:24.615,0.9333,0.9338,3.20,2.40
2010.04.28 02:26:26.291,0.9333,0.9338,1.00,2.40
2010.04.28 02:26:35.577,0.9333,0.9338,3.20,2.40
2010.04.28 02:26:40.656,0.9333,0.9338,1.00,2.40
2010.04.28 02:27:00.565,0.93325,0.9338,1.00,3.20
2010.04.28 02:27:00.603,0.93325,0.9337,1.00,2.40
2010.04.28 02:27:06.930,0.9331,0.9336,1.00,2.40
2010.04.28 02:27:07.355,0.93305,0.9336,1.00,3.20
2010.04.28 02:27:09.769,0.933,0.9335,3.20,2.40
2010.04.28 02:27:13.198,0.93305,0.9336,1.00,3.20
2010.04.28 02:27:16.246,0.9331,0.9336,2.40,3.20
2010.04.28 02:27:16.509,0.93315,0.9336,1.00,2.40
2010.04.28 02:27:18.937,0.9332,0.9336,1.00,2.40
2010.04.28 02:27:34.764,0.9332,0.9337,3.20,2.40
2010.04.28 02:27:35.443,0.93325,0.9337,1.00,2.40
2010.04.28 02:27:42.961,0.93325,0.9338,1.00,3.20
2010.04.28 02:27:44.113,0.93325,0.9338,1.00,2.40
2010.04.28 02:28:08.089,0.93325,0.9336,1.00,2.40
2010.04.28 02:28:08.964,0.93325,0.9337,1.00,2.40
2010.04.28 02:28:10.184,0.9333,0.9337,1.00,2.40
2010.04.28 02:28:18.212,0.93325,0.9337,1.00,2.40
2010.04.28 02:28:20.592,0.93325,0.9336,1.00,2.40
2010.04.28 02:28:23.611,0.9332,0.9336,1.00,2.40
2010.04.28 02:28:28.539,0.9332,0.9337,1.00,2.40
2010.04.28 02:28:33.668,0.9332,0.9336,1.00,2.40
2010.04.28 02:28:48.565,0.9332,0.9335,1.00,2.40
2010.04.28 02:28:49.195,0.933,0.9335,1.00,2.40
2010.04.28 02:28:53.083,0.933,0.9334,1.00,2.40
2010.04.28 02:28:54.114,0.93295,0.9334,1.00,2.40
2010.04.28 02:28:54.753,0.93295,0.9335,1.00,3.20
2010.04.28 02:28:59.022,0.93295,0.9334,1.00,2.40
2010.04.28 02:28:59.758,0.933,0.9334,1.00,2.40
2010.04.28 02:29:06.669,0.93295,0.9334,1.00,2.40
2010.04.28 02:29:06.807,0.933,0.9334,1.00,2.40
2010.04.28 02:29:20.186,0.93295,0.9334,1.00,2.40
2010.04.28 02:29:20.947,0.93295,0.9335,1.00,3.20
2010.04.28 02:29:22.127,0.933,0.9335,1.00,2.40
2010.04.28 02:29:22.467,0.93295,0.9334,1.00,2.40
2010.04.28 02:29:24.016,0.93295,0.9333,1.00,2.40
2010.04.28 02:29:24.306,0.9329,0.9333,1.00,2.40
2010.04.28 02:29:24.466,0.9329,0.9334,1.00,2.40
2010.04.28 02:29:29.435,0.9329,0.9334,3.20,2.40
2010.04.28 02:29:29.635,0.93295,0.9334,1.00,2.40
2010.04.28 02:29:40.113,0.93295,0.9333,1.00,2.40
2010.04.28 02:29:40.253,0.9329,0.9333,1.00,2.40
2010.04.28 02:29:43.482,0.9329,0.9334,1.00,2.40
2010.04.28 02:30:09.915,0.9329,0.93345,3.20,1.00
2010.04.28 02:30:15.928,0.93295,0.9335,1.00,2.40
2010.04.28 02:30:16.265,0.933,0.9335,1.00,2.40
2010.04.28 02:30:22.592,0.933,0.93355,3.20,1.00
2010.04.28 02:30:23.542,0.93305,0.9336,1.00,3.20
2010.04.28 02:30:26.132,0.933,0.9335,1.00,2.40
2010.04.28 02:30:26.573,0.933,0.93355,3.20,1.00
2010.04.28 02:30:26.802,0.93305,0.9336,1.00,3.20
2010.04.28 02:30:28.381,0.93305,0.9335,1.00,2.40
2010.04.28 02:30:30.520,0.93305,0.9336,1.00,3.20
2010.04.28 02:30:31.570,0.93305,0.9335,1.00,2.40
2010.04.28 02:30:39.619,0.933,0.93355,3.20,1.00
2010.04.28 02:30:39.768,0.933,0.9336,3.20,3.20
2010.04.28 02:30:40.068,0.93305,0.9336,1.00,3.20
2010.04.28 02:30:42.617,0.93305,0.9335,1.00,2.40
2010.04.28 02:30:43.597,0.93305,0.9336,1.00,3.20
2010.04.28 02:30:51.125,0.93305,0.9335,1.00,2.40
2010.04.28 02:30:51.999,0.933,0.9335,3.20,2.40
2010.04.28 02:30:55.574,0.933,0.9335,1.00,2.40
2010.04.28 02:30:55.774,0.933,0.9334,1.00,2.40
2010.04.28 02:30:56.406,0.93295,0.9334,1.00,2.40
2010.04.28 02:30:58.925,0.93295,0.9335,1.00,3.20
2010.04.28 02:30:59.284,0.933,0.9335,1.00,2.40
2010.04.28 02:31:00.712,0.933,0.9334,1.00,2.40
2010.04.28 02:31:01.853,0.933,0.9335,1.00,2.40
2010.04.28 02:31:03.392,0.933,0.9334,1.00,2.40
2010.04.28 02:31:11.441,0.93295,0.9334,1.00,2.40
2010.04.28 02:31:11.681,0.93295,0.9335,1.00,2.40
2010.04.28 02:31:12.028,0.933,0.9335,1.00,2.40
2010.04.28 02:31:16.869,0.93295,0.9335,1.00,3.20
2010.04.28 02:31:23.267,0.93295,0.9334,1.00,2.40
2010.04.28 02:31:23.347,0.9329,0.9334,3.20,2.40
2010.04.28 02:31:26.907,0.9329,0.9334,1.00,2.40
2010.04.28 02:31:27.431,0.9329,0.9334,3.20,2.40
2010.04.28 02:31:27.761,0.9329,0.9334,1.00,2.40
2010.04.28 02:31:30.085,0.93295,0.9334,1.00,2.40
2010.04.28 02:31:30.427,0.933,0.9335,2.40,3.20
2010.04.28 02:31:31.955,0.93295,0.9335,1.00,3.20
2010.04.28 02:31:32.706,0.9329,0.9333,1.00,2.40
2010.04.28 02:31:33.235,0.93285,0.9333,1.00,2.40
2010.04.28 02:31:34.324,0.93285,0.9334,1.00,3.20
2010.04.28 02:31:35.355,0.93285,0.9333,1.00,2.40
2010.04.28 02:31:35.637,0.9328,0.9333,1.00,2.40
2010.04.28 02:31:35.925,0.9328,0.93335,3.20,1.00
2010.04.28 02:31:36.205,0.93285,0.9334,1.00,3.20
2010.04.28 02:31:38.104,0.93275,0.9333,1.00,2.40
2010.04.28 02:31:38.966,0.9328,0.93335,3.20,1.00
2010.04.28 02:31:39.134,0.93285,0.9334,1.00,2.40
2010.04.28 02:31:40.183,0.9329,0.9334,1.00,2.40
2010.04.28 02:31:40.704,0.9329,0.93345,3.20,1.00
2010.04.28 02:31:41.899,0.9329,0.9334,1.00,2.40
2010.04.28 02:31:45.701,0.9329,0.93345,3.20,1.00
2010.04.28 02:31:45.788,0.93295,0.9335,1.00,3.20
2010.04.28 02:31:46.451,0.93295,0.9334,1.00,2.40
2010.04.28 02:31:46.782,0.9329,0.9334,1.00,2.40
2010.04.28 02:31:47.449,0.9328,0.9333,1.00,2.40
2010.04.28 02:31:48.136,0.93285,0.9333,1.00,2.40
2010.04.28 02:31:50.960,0.93285,0.9334,1.00,3.20
2010.04.28 02:31:57.929,0.93285,0.9333,1.00,2.40
2010.04.28 02:32:03.330,0.93285,0.9334,1.00,3.20
2010.04.28 02:32:03.668,0.93285,0.9334,1.00,2.40
2010.04.28 02:32:08.427,0.9329,0.9334,1.00,2.40
2010.04.28 02:32:17.335,0.93285,0.9334,1.00,2.40
2010.04.28 02:32:17.615,0.93285,0.9334,1.00,3.20
2010.04.28 02:32:20.253,0.9329,0.9334,2.40,3.20
2010.04.28 02:32:20.794,0.9329,0.9334,3.20,2.40
2010.04.28 02:32:26.493,0.9329,0.93345,3.20,1.00
2010.04.28 02:32:29.218,0.93295,0.9335,1.00,3.20
2010.04.28 02:32:31.431,0.933,0.9335,2.40,3.20
2010.04.28 02:32:32.883,0.93295,0.9335,1.00,3.20
2010.04.28 02:32:42.388,0.933,0.9335,2.40,3.20
2010.04.28 02:32:43.478,0.933,0.9335,2.40,1.00
2010.04.28 02:32:43.730,0.93295,0.9335,1.00,3.20
2010.04.28 02:32:44.388,0.933,0.9335,2.40,3.20
2010.04.28 02:32:49.197,0.93295,0.9335,1.00,3.20
2010.04.28 02:33:07.984,0.93295,0.9334,1.00,2.40
2010.04.28 02:33:13.362,0.93295,0.9335,1.00,3.20
2010.04.28 02:33:28.669,0.933,0.9335,1.00,2.40
2010.04.28 02:33:44.493,0.93295,0.9335,1.00,3.20
2010.04.28 02:33:44.516,0.93295,0.9334,1.00,2.40
2010.04.28 02:33:45.064,0.93295,0.9335,1.00,3.20
2010.04.28 02:33:47.173,0.93295,0.9334,1.00,2.40
2010.04.28 02:33:47.863,0.93295,0.9335,1.00,3.20
2010.04.28 02:33:53.274,0.93295,0.9335,1.00,2.40
2010.04.28 02:34:06.848,0.93295,0.9335,1.00,3.20
2010.04.28 02:34:12.487,0.9329,0.9335,3.20,3.20
2010.04.28 02:34:14.877,0.9329,0.93345,3.20,1.00
2010.04.28 02:34:15.608,0.9329,0.9334,1.00,2.40
2010.04.28 02:34:15.838,0.9329,0.9335,3.20,3.20
2010.04.28 02:34:16.077,0.933,0.9335,2.40,3.20
2010.04.28 02:34:16.416,0.9329,0.9335,3.20,3.20
2010.04.28 02:34:16.756,0.9329,0.9335,4.00,3.20
2010.04.28 02:34:17.096,0.93305,0.9336,1.00,3.20
2010.04.28 02:34:18.947,0.933,0.9335,3.20,2.40
2010.04.28 02:34:19.476,0.933,0.9335,2.40,3.20
2010.04.28 02:34:32.049,0.933,0.93355,3.20,1.00
2010.04.28 02:34:35.934,0.93305,0.9336,1.00,3.20
2010.04.28 02:34:35.992,0.9331,0.9336,2.40,3.20
2010.04.28 02:34:36.043,0.9331,0.93355,2.40,1.00
2010.04.28 02:34:36.404,0.93295,0.9334,1.00,2.40
2010.04.28 02:34:36.455,0.933,0.9335,2.40,1.00
2010.04.28 02:34:37.150,0.93295,0.9335,1.00,3.20
2010.04.28 02:34:37.481,0.9329,0.9334,3.20,2.40
2010.04.28 02:34:37.821,0.9329,0.93345,3.20,1.00
2010.04.28 02:34:40.650,0.93295,0.9335,1.00,3.20
2010.04.28 02:34:47.345,0.9329,0.93345,3.20,1.00
2010.04.28 02:34:49.728,0.933,0.93345,2.40,1.00
2010.04.28 02:34:50.239,0.933,0.9335,2.40,3.20
2010.04.28 02:34:50.438,0.933,0.9335,2.40,1.00
2010.04.28 02:34:50.838,0.933,0.9335,2.40,3.20
2010.04.28 02:34:51.348,0.933,0.9335,2.40,1.00
2010.04.28 02:34:51.690,0.93305,0.9336,1.00,3.20
2010.04.28 02:34:53.417,0.933,0.93355,3.20,1.00
2010.04.28 02:34:56.246,0.933,0.9336,3.20,3.20
2010.04.28 02:34:58.980,0.933,0.93355,3.20,1.00
2010.04.28 02:35:14.042,0.933,0.9335,3.20,2.40
2010.04.28 02:35:14.812,0.933,0.93355,3.20,1.00
2010.04.28 02:35:17.419,0.933,0.9335,1.00,2.40
2010.04.28 02:35:21.492,0.933,0.9335,3.20,2.40
2010.04.28 02:35:29.064,0.933,0.9335,1.00,2.40
2010.04.28 02:35:29.559,0.93295,0.9334,1.00,2.40
2010.04.28 02:35:30.058,0.93295,0.9335,1.00,2.40
2010.04.28 02:35:30.999,0.933,0.9335,1.00,2.40
2010.04.28 02:35:34.345,0.933,0.9334,1.00,2.40
2010.04.28 02:35:34.916,0.933,0.9335,1.00,2.40
2010.04.28 02:35:38.367,0.93305,0.9335,1.00,2.40
2010.04.28 02:35:42.145,0.93305,0.9334,1.00,2.40
2010.04.28 02:35:45.837,0.93295,0.9333,1.00,2.40
2010.04.28 02:35:45.975,0.93295,0.9334,1.00,2.40
2010.04.28 02:35:50.534,0.93295,0.9335,1.00,3.20
2010.04.28 02:35:55.562,0.93295,0.9334,1.00,2.40
2010.04.28 02:35:57.482,0.9329,0.9334,1.00,2.40
2010.04.28 02:36:00.550,0.9329,0.93345,3.20,1.00
2010.04.28 02:36:00.701,0.93295,0.9335,1.00,3.20
2010.04.28 02:36:06.152,0.933,0.9335,1.00,2.40
2010.04.28 02:36:08.589,0.933,0.9334,1.00,2.40
2010.04.28 02:36:08.789,0.93295,0.9334,1.00,2.40
2010.04.28 02:36:09.291,0.933,0.9335,1.00,2.40
2010.04.28 02:36:14.079,0.933,0.9334,1.00,2.40
2010.04.28 02:36:24.395,0.933,0.9335,1.00,2.40
2010.04.28 02:36:31.352,0.933,0.9335,3.20,2.40
2010.04.28 02:36:32.983,0.933,0.9335,1.00,2.40
2010.04.28 02:36:37.683,0.93295,0.9335,1.00,2.40
2010.04.28 02:36:38.024,0.93295,0.9334,1.00,2.40
2010.04.28 02:36:39.202,0.933,0.9334,1.00,2.40
2010.04.28 02:36:46.142,0.93295,0.9334,1.00,2.40
2010.04.28 02:36:49.620,0.933,0.9335,1.00,2.40
2010.04.28 02:36:51.159,0.93295,0.9335,1.00,3.20
2010.04.28 02:36:52.618,0.933,0.9335,1.00,2.40
2010.04.28 02:36:53.979,0.93295,0.9335,1.00,2.40
2010.04.28 02:36:57.858,0.933,0.9335,1.00,2.40
2010.04.28 02:37:20.064,0.93295,0.9335,1.00,3.20
2010.04.28 02:37:20.701,0.933,0.9335,2.40,3.20
2010.04.28 02:37:21.042,0.933,0.9335,3.20,2.40
2010.04.28 02:37:21.801,0.933,0.9335,1.00,2.40
2010.04.28 02:37:23.661,0.93295,0.9335,1.00,3.20
2010.04.28 02:37:29.981,0.933,0.9335,2.40,3.20
2010.04.28 02:37:34.190,0.9329,0.9334,3.20,2.40
2010.04.28 02:37:35.608,0.9329,0.9334,2.40,3.20
2010.04.28 02:37:39.903,0.9329,0.9334,2.40,1.00
2010.04.28 02:37:43.618,0.9329,0.93345,3.20,1.00
2010.04.28 02:37:46.336,0.9329,0.9334,3.20,2.40
2010.04.28 02:37:47.716,0.933,0.9335,2.40,3.20
2010.04.28 02:37:48.028,0.93295,0.9335,1.00,3.20
2010.04.28 02:37:58.700,0.933,0.9335,2.40,3.20
2010.04.28 02:37:58.999,0.93295,0.9335,1.00,3.20
2010.04.28 02:38:17.500,0.9329,0.9334,3.20,2.40
2010.04.28 02:38:21.617,0.93295,0.9335,1.00,3.20
2010.04.28 02:38:28.736,0.933,0.93355,2.40,1.00
2010.04.28 02:38:44.602,0.933,0.93355,3.20,1.00
2010.04.28 02:38:54.810,0.9331,0.93365,2.40,1.00
2010.04.28 02:38:55.142,0.93305,0.9336,1.00,2.40
2010.04.28 02:38:55.361,0.9331,0.9336,2.40,1.00
2010.04.28 02:39:01.868,0.9331,0.9336,2.40,3.20
2010.04.28 02:39:12.621,0.9331,0.9336,2.40,2.40
2010.04.28 02:39:15.396,0.9331,0.9336,3.20,2.40
2010.04.28 02:39:19.923,0.93305,0.9336,1.00,3.20
2010.04.28 02:39:20.093,0.933,0.9336,3.20,3.20
2010.04.28 02:39:49.127,0.9331,0.93355,2.40,1.00
2010.04.28 02:39:49.597,0.933,0.93355,3.20,1.00
2010.04.28 02:39:49.937,0.933,0.93355,2.40,1.00
2010.04.28 02:39:54.546,0.933,0.9335,2.40,3.20
2010.04.28 02:39:59.898,0.93295,0.9335,1.00,3.20
2010.04.28 02:40:03.633,0.933,0.9335,2.40,1.00
2010.04.28 02:40:03.743,0.933,0.93355,3.20,1.00
2010.04.28 02:40:05.692,0.93305,0.9336,1.00,3.20
2010.04.28 02:40:10.271,0.9331,0.9336,2.40,3.20
2010.04.28 02:40:10.432,0.93305,0.9336,1.00,3.20
2010.04.28 02:40:10.641,0.9331,0.9336,2.40,1.00
2010.04.28 02:40:11.068,0.9331,0.93365,3.20,1.00
2010.04.28 02:40:11.851,0.9332,0.9337,2.40,3.20
2010.04.28 02:40:12.161,0.9332,0.9337,2.40,1.00
2010.04.28 02:40:12.648,0.9332,0.93375,2.40,1.00
2010.04.28 02:40:12.941,0.9332,0.93375,3.20,1.00
2010.04.28 02:40:16.583,0.9332,0.9337,2.40,3.20
2010.04.28 02:40:17.223,0.9331,0.9336,3.20,2.40
2010.04.28 02:40:17.746,0.9331,0.9335,1.00,2.40
2010.04.28 02:40:18.073,0.93305,0.9336,1.00,3.20
2010.04.28 02:40:19.548,0.93305,0.9335,1.00,2.40
2010.04.28 02:40:19.994,0.93305,0.9336,1.00,3.20
2010.04.28 02:40:21.300,0.93305,0.9335,1.00,2.40
2010.04.28 02:40:21.520,0.933,0.9335,1.00,2.40
2010.04.28 02:40:22.097,0.933,0.9335,3.20,2.40
2010.04.28 02:40:25.818,0.9331,0.9336,2.40,3.20
2010.04.28 02:40:26.037,0.93305,0.9336,1.00,3.20
2010.04.28 02:40:27.138,0.9331,0.9336,3.20,2.40
2010.04.28 02:40:30.007,0.93305,0.9336,1.00,3.20
2010.04.28 02:40:31.116,0.9331,0.9336,2.40,3.20
2010.04.28 02:40:32.996,0.9331,0.9336,3.20,2.40
2010.04.28 02:40:35.754,0.9331,0.93365,3.20,1.00
2010.04.28 02:40:35.946,0.9331,0.9336,3.20,2.40
2010.04.28 02:40:39.315,0.93315,0.9337,1.00,3.20
2010.04.28 02:40:39.624,0.9332,0.9337,2.40,1.00
2010.04.28 02:40:39.935,0.93325,0.9338,1.00,3.20
2010.04.28 02:40:41.627,0.9332,0.9337,3.20,2.40
2010.04.28 02:40:41.963,0.9332,0.9337,2.40,3.20
2010.04.28 02:40:45.950,0.93315,0.9337,1.00,3.20
2010.04.28 02:40:48.542,0.9332,0.9337,2.40,1.00
2010.04.28 02:40:50.212,0.9332,0.93375,3.20,1.00
2010.04.28 02:41:00.339,0.9332,0.9337,1.00,2.40
2010.04.28 02:41:00.931,0.9332,0.93375,3.20,1.00
2010.04.28 02:41:02.998,0.93325,0.9338,1.00,3.20
2010.04.28 02:41:03.717,0.9333,0.9338,1.00,3.20
2010.04.28 02:41:04.252,0.9333,0.9338,1.00,2.40
2010.04.28 02:41:04.479,0.9334,0.93395,3.20,1.00
2010.04.28 02:41:04.698,0.9334,0.9339,1.00,2.40
2010.04.28 02:41:08.207,0.9334,0.93395,3.20,1.00
2010.04.28 02:41:08.497,0.93345,0.934,1.00,3.20
2010.04.28 02:41:09.247,0.9335,0.934,1.00,2.40
2010.04.28 02:41:09.498,0.93355,0.934,1.00,2.40
2010.04.28 02:41:10.826,0.93355,0.9339,1.00,2.40
2010.04.28 02:41:11.118,0.9335,0.9339,1.00,2.40
2010.04.28 02:41:12.325,0.9335,0.934,1.00,2.40
2010.04.28 02:41:12.471,0.93345,0.934,1.00,2.40
2010.04.28 02:41:12.617,0.9335,0.934,1.00,2.40
2010.04.28 02:41:14.083,0.9335,0.9339,1.00,2.40
2010.04.28 02:41:14.390,0.93345,0.9339,1.00,2.40
2010.04.28 02:41:14.697,0.9333,0.9339,3.20,3.20
2010.04.28 02:41:15.657,0.93335,0.9339,1.00,3.20
2010.04.28 02:41:16.529,0.9334,0.9339,2.40,1.00
2010.04.28 02:41:16.665,0.9334,0.93395,3.20,1.00
2010.04.28 02:41:16.795,0.93345,0.934,1.00,3.20
2010.04.28 02:41:17.396,0.9335,0.9341,3.20,3.20
2010.04.28 02:41:17.535,0.93355,0.9341,1.00,2.40
2010.04.28 02:41:17.875,0.9336,0.93415,3.20,1.00
2010.04.28 02:41:18.555,0.9336,0.9341,1.00,2.40
2010.04.28 02:41:25.314,0.93365,0.9342,1.00,3.20
2010.04.28 02:41:25.440,0.93365,0.9341,1.00,2.40
2010.04.28 02:41:25.659,0.93365,0.9342,1.00,2.40
2010.04.28 02:41:26.534,0.9337,0.9342,1.00,2.40
2010.04.28 02:41:27.093,0.9337,0.934,1.00,2.40
2010.04.28 02:41:27.529,0.9337,0.9341,1.00,2.40
2010.04.28 02:41:27.862,0.9336,0.9341,1.00,2.40
2010.04.28 02:41:30.182,0.93355,0.9341,1.00,3.20
2010.04.28 02:41:30.502,0.9336,0.9341,3.20,2.40
2010.04.28 02:41:30.821,0.9336,0.9341,1.00,2.40
2010.04.28 02:41:33.582,0.93355,0.9341,1.00,3.20
2010.04.28 02:41:35.093,0.9335,0.9341,3.20,3.20
2010.04.28 02:41:36.032,0.93355,0.9341,1.00,3.20
2010.04.28 02:41:36.528,0.9336,0.9341,2.40,1.00
2010.04.28 02:41:36.782,0.9336,0.9341,1.00,2.40
2010.04.28 02:41:37.790,0.9336,0.9341,3.20,2.40
2010.04.28 02:41:39.000,0.93365,0.9341,1.00,2.40
2010.04.28 02:41:40.679,0.9337,0.9341,1.00,2.40
2010.04.28 02:41:41.539,0.93365,0.9341,1.00,2.40
2010.04.28 02:41:47.757,0.93365,0.9342,1.00,2.40
2010.04.28 02:41:52.417,0.9337,0.9342,1.00,2.40
2010.04.28 02:41:53.659,0.93365,0.9341,1.00,2.40
2010.04.28 02:42:01.039,0.93365,0.9342,1.00,3.20
2010.04.28 02:42:09.976,0.9337,0.9343,3.20,3.20
2010.04.28 02:42:10.582,0.93375,0.9343,1.00,3.20
2010.04.28 02:42:14.405,0.93375,0.9343,1.00,2.40
2010.04.28 02:42:16.097,0.9338,0.9343,1.00,2.40
2010.04.28 02:42:17.361,0.9338,0.93435,3.20,1.00
2010.04.28 02:42:17.480,0.9338,0.9344,3.20,3.20
2010.04.28 02:42:17.720,0.93385,0.9344,1.00,3.20
2010.04.28 02:42:18.690,0.93385,0.9343,1.00,2.40
2010.04.28 02:42:19.510,0.93385,0.9344,1.00,3.20
2010.04.28 02:42:22.870,0.9339,0.9344,2.40,1.00
2010.04.28 02:42:23.100,0.9339,0.9345,3.20,3.20
2010.04.28 02:42:23.789,0.9339,0.93445,3.20,1.00
2010.04.28 02:42:24.829,0.93385,0.9344,1.00,3.20
2010.04.28 02:42:38.215,0.9338,0.93435,3.20,1.00
2010.04.28 02:42:39.936,0.93385,0.9344,1.00,3.20
2010.04.28 02:42:43.833,0.93385,0.9344,1.60,3.20
2010.04.28 02:42:44.133,0.9339,0.9344,1.00,3.20
2010.04.28 02:42:45.656,0.93405,0.9344,1.00,3.20
2010.04.28 02:42:45.844,0.93405,0.9345,1.00,3.20
2010.04.28 02:42:46.113,0.934,0.9345,3.20,3.20
2010.04.28 02:42:46.418,0.934,0.93445,1.00,1.00
2010.04.28 02:42:47.016,0.934,0.93445,3.20,1.00
2010.04.28 02:42:47.613,0.93395,0.93445,1.00,1.00
2010.04.28 02:42:49.771,0.934,0.9345,3.20,3.20
2010.04.28 02:42:51.352,0.934,0.9345,1.00,3.20
2010.04.28 02:42:51.532,0.934,0.9345,1.00,2.40
2010.04.28 02:42:51.712,0.93395,0.9345,1.60,2.40
2010.04.28 02:42:55.882,0.934,0.9345,1.00,2.40
2010.04.28 02:42:58.201,0.9341,0.9346,3.20,1.00
2010.04.28 02:42:58.291,0.93415,0.9346,1.00,2.40
2010.04.28 02:42:58.800,0.9341,0.9346,1.60,2.40
2010.04.28 02:42:59.131,0.934,0.9346,4.00,2.40
2010.04.28 02:42:59.462,0.934,0.93455,4.00,1.00
2010.04.28 02:43:00.643,0.93395,0.9345,1.60,3.20
2010.04.28 02:43:00.749,0.93395,0.9345,1.00,3.20
2010.04.28 02:43:03.140,0.9339,0.9345,3.20,3.20
2010.04.28 02:43:03.330,0.9339,0.9344,1.00,2.40
2010.04.28 02:43:06.013,0.9339,0.9344,1.60,2.40
2010.04.28 02:43:06.179,0.9339,0.9345,4.00,3.20
2010.04.28 02:43:09.570,0.9339,0.9344,1.00,2.40
2010.04.28 02:43:15.876,0.9339,0.93445,3.20,1.00
2010.04.28 02:43:28.055,0.93385,0.9344,1.60,3.20
2010.04.28 02:43:28.394,0.9339,0.93445,2.40,1.00
2010.04.28 02:43:29.613,0.9339,0.93445,3.20,1.00
2010.04.28 02:43:32.634,0.9339,0.9344,1.00,2.40
2010.04.28 02:43:33.175,0.93385,0.9344,1.00,3.20
2010.04.28 02:43:34.522,0.9339,0.9344,2.40,1.00
2010.04.28 02:43:34.723,0.9339,0.93445,3.20,1.00
2010.04.28 02:43:36.272,0.93385,0.9344,1.00,3.20
2010.04.28 02:43:37.831,0.93385,0.9344,1.00,2.40
2010.04.28 02:43:41.460,0.93385,0.9343,1.00,2.40
2010.04.28 02:43:41.692,0.93385,0.9344,1.00,3.20
2010.04.28 02:43:41.922,0.9339,0.93445,3.20,1.00
2010.04.28 02:43:42.450,0.9339,0.9345,3.20,3.20
2010.04.28 02:43:43.430,0.9339,0.9344,3.20,2.40
2010.04.28 02:43:44.000,0.93395,0.9344,1.00,2.40
2010.04.28 02:43:45.381,0.93385,0.9343,1.00,2.40
2010.04.28 02:43:46.810,0.93385,0.9344,1.00,2.40
2010.04.28 02:43:46.989,0.9338,0.93435,3.20,1.00
2010.04.28 02:43:47.169,0.9338,0.9344,3.20,3.20
2010.04.28 02:43:47.491,0.93385,0.9344,1.00,3.20
2010.04.28 02:43:49.138,0.93385,0.9343,1.00,2.40
2010.04.28 02:43:49.453,0.9338,0.9343,1.00,2.40
2010.04.28 02:43:49.599,0.93375,0.9343,1.00,2.40
2010.04.28 02:43:54.197,0.93375,0.9342,1.00,2.40
2010.04.28 02:44:00.116,0.9338,0.9343,3.20,2.40
2010.04.28 02:44:02.064,0.9338,0.9343,1.00,2.40
2010.04.28 02:44:03.434,0.93375,0.9343,1.00,3.20
2010.04.28 02:44:04.345,0.93375,0.9342,1.00,2.40
2010.04.28 02:44:08.404,0.9337,0.9342,1.00,2.40
2010.04.28 02:44:14.372,0.9337,0.9342,3.20,2.40
2010.04.28 02:44:15.012,0.9337,0.9343,3.20,3.20
2010.04.28 02:44:16.067,0.9337,0.9342,1.00,2.40
2010.04.28 02:44:16.653,0.93375,0.9342,1.00,2.40
2010.04.28 02:44:16.991,0.93375,0.9343,1.00,3.20
2010.04.28 02:44:18.561,0.93375,0.9342,1.00,2.40
2010.04.28 02:44:21.354,0.9338,0.9343,2.40,1.00
2010.04.28 02:44:21.600,0.9338,0.9343,1.00,2.40
2010.04.28 02:44:23.771,0.93375,0.9343,1.00,2.40
2010.04.28 02:44:24.517,0.9338,0.9343,1.00,2.40
2010.04.28 02:44:30.049,0.9338,0.9343,2.40,3.20
2010.04.28 02:44:30.530,0.9338,0.9343,2.40,1.00
2010.04.28 02:44:30.870,0.9338,0.93435,2.40,1.00
2010.04.28 02:44:31.039,0.93375,0.9343,1.00,2.40
2010.04.28 02:44:31.358,0.9338,0.93435,2.40,1.00
2010.04.28 02:44:32.189,0.9338,0.9343,2.40,2.40
2010.04.28 02:44:33.180,0.93375,0.9343,1.00,2.40
2010.04.28 02:44:33.979,0.93375,0.9343,1.00,3.20
2010.04.28 02:44:46.025,0.93375,0.9342,1.00,2.40
2010.04.28 02:44:46.525,0.9337,0.9342,1.00,2.40
2010.04.28 02:44:48.749,0.93365,0.9342,1.00,3.20
2010.04.28 02:44:52.274,0.93365,0.9341,1.00,2.40
2010.04.28 02:44:53.853,0.93365,0.9342,1.00,3.20
2010.04.28 02:45:01.422,0.93365,0.9342,1.00,2.40
2010.04.28 02:45:01.761,0.9337,0.9342,1.00,2.40
2010.04.28 02:45:02.473,0.9337,0.9342,3.20,2.40
2010.04.28 02:45:08.260,0.93375,0.9342,1.00,2.40
2010.04.28 02:45:08.399,0.93375,0.9343,1.00,3.20
2010.04.28 02:45:08.609,0.93375,0.9342,1.00,2.40
2010.04.28 02:45:12.249,0.9337,0.9342,1.00,2.40
2010.04.28 02:45:16.637,0.9337,0.93425,3.20,1.00
2010.04.28 02:45:16.917,0.9337,0.9342,1.00,2.40
2010.04.28 02:45:17.338,0.93365,0.9342,1.00,2.40
2010.04.28 02:45:17.997,0.9337,0.9342,1.60,2.40
2010.04.28 02:45:18.415,0.9337,0.93425,4.00,1.00
2010.04.28 02:45:18.562,0.93375,0.9342,1.00,2.40
2010.04.28 02:45:21.486,0.9337,0.9341,1.00,2.40
2010.04.28 02:45:21.566,0.9337,0.9342,1.00,2.40
2010.04.28 02:45:22.786,0.93365,0.9341,1.00,2.40
2010.04.28 02:45:23.026,0.9336,0.9341,1.00,2.40
2010.04.28 02:45:25.956,0.9336,0.9341,3.20,2.40
2010.04.28 02:45:26.628,0.9336,0.9341,1.00,2.40
2010.04.28 02:45:26.866,0.93355,0.9341,1.00,3.20
2010.04.28 02:45:27.655,0.9336,0.9341,1.00,2.40
2010.04.28 02:45:27.995,0.93365,0.9342,1.00,3.20
2010.04.28 02:45:28.334,0.93365,0.9342,1.00,2.40
2010.04.28 02:45:29.715,0.9337,0.9342,1.00,2.40
2010.04.28 02:45:30.056,0.93375,0.9342,1.00,2.40
2010.04.28 02:45:30.536,0.9337,0.9342,1.00,2.40
2010.04.28 02:45:30.684,0.93375,0.9342,1.00,2.40
2010.04.28 02:45:30.834,0.93375,0.93425,1.00,1.00
2010.04.28 02:45:31.164,0.93375,0.9343,1.00,3.20
2010.04.28 02:45:31.832,0.9338,0.93435,2.40,1.00
2010.04.28 02:45:32.274,0.9338,0.93435,3.20,1.00
2010.04.28 02:45:32.507,0.9338,0.9344,3.20,3.20
2010.04.28 02:45:37.152,0.9338,0.9343,1.00,2.40
2010.04.28 02:45:52.599,0.9338,0.9343,1.60,2.40
2010.04.28 02:45:53.149,0.9339,0.9345,3.20,3.20
2010.04.28 02:45:53.556,0.93395,0.9345,1.00,3.20
2010.04.28 02:45:55.549,0.9339,0.93445,2.40,1.00
2010.04.28 02:45:55.728,0.93385,0.9344,1.00,2.40
2010.04.28 02:45:55.878,0.9339,0.9344,1.00,2.40
2010.04.28 02:45:58.543,0.9339,0.9344,1.60,2.40
2010.04.28 02:45:58.745,0.934,0.93445,2.40,1.00
2010.04.28 02:45:59.067,0.93405,0.9346,1.00,3.20
2010.04.28 02:45:59.708,0.93395,0.9344,1.00,2.40
2010.04.28 02:45:59.988,0.9339,0.9344,1.00,2.40
2010.04.28 02:46:01.356,0.934,0.9345,3.20,2.40
2010.04.28 02:46:01.753,0.93405,0.9345,1.00,2.40
2010.04.28 02:46:02.016,0.934,0.9345,2.40,3.20
2010.04.28 02:46:02.146,0.93395,0.9344,1.00,2.40
2010.04.28 02:46:02.663,0.9339,0.9344,1.00,2.40
2010.04.28 02:46:04.239,0.9339,0.93445,3.20,1.00
2010.04.28 02:46:04.546,0.93395,0.9345,1.00,3.20
2010.04.28 02:46:06.295,0.93395,0.9344,1.00,2.40
2010.04.28 02:46:07.221,0.9339,0.9344,1.00,2.40
2010.04.28 02:46:13.124,0.9339,0.9343,1.00,2.40
2010.04.28 02:46:14.385,0.93385,0.9343,1.00,2.40
2010.04.28 02:46:16.263,0.93385,0.9343,1.60,2.40
2010.04.28 02:46:16.604,0.934,0.9345,1.00,2.40
2010.04.28 02:46:16.922,0.934,0.9345,3.20,2.40
2010.04.28 02:46:18.085,0.934,0.9345,2.40,3.20
2010.04.28 02:46:19.532,0.934,0.9345,3.20,2.40
2010.04.28 02:46:19.762,0.93415,0.9346,1.00,2.40
2010.04.28 02:46:19.992,0.9342,0.9347,3.20,2.40
2010.04.28 02:46:20.222,0.93425,0.9347,1.00,2.40
2010.04.28 02:46:21.202,0.93415,0.9347,1.00,2.40
2010.04.28 02:46:21.807,0.93415,0.9347,1.00,3.20
2010.04.28 02:46:25.011,0.9342,0.9347,2.40,3.20
2010.04.28 02:46:25.803,0.9342,0.9347,2.40,2.40
2010.04.28 02:46:28.941,0.93425,0.9348,1.00,3.20
2010.04.28 02:46:29.700,0.9342,0.9347,3.20,2.40
2010.04.28 02:46:30.679,0.9342,0.93475,3.20,1.00
2010.04.28 02:46:30.959,0.9342,0.9347,3.20,2.40
2010.04.28 02:46:34.609,0.93425,0.9347,1.00,2.40
2010.04.28 02:46:35.288,0.9342,0.9347,3.20,2.40
2010.04.28 02:46:41.626,0.9342,0.9347,2.40,3.20
2010.04.28 02:46:50.613,0.9342,0.9347,3.20,2.40
2010.04.28 02:46:53.139,0.9342,0.9347,2.40,3.20
2010.04.28 02:46:57.809,0.9342,0.9347,3.20,2.40
2010.04.28 02:46:58.224,0.9342,0.9348,3.20,3.20
2010.04.28 02:46:58.318,0.93425,0.9348,1.00,3.20
2010.04.28 02:47:00.753,0.9342,0.9348,3.20,3.20
2010.04.28 02:47:00.853,0.9342,0.9347,2.40,2.40
2010.04.28 02:47:07.433,0.9342,0.9347,2.40,3.20
2010.04.28 02:47:07.682,0.9341,0.9347,3.20,3.20
2010.04.28 02:47:07.811,0.9342,0.9347,2.40,3.20
2010.04.28 02:47:08.049,0.9341,0.9347,3.20,3.20
2010.04.28 02:47:08.171,0.9341,0.93465,3.20,1.00
2010.04.28 02:47:10.231,0.93415,0.9346,1.00,2.40
2010.04.28 02:47:10.320,0.9341,0.9346,2.40,3.20
2010.04.28 02:47:12.429,0.9341,0.9346,2.40,1.00
2010.04.28 02:47:12.440,0.9341,0.93465,3.20,1.00
2010.04.28 02:47:19.158,0.9341,0.9346,3.20,2.40
2010.04.28 02:47:21.727,0.9341,0.9346,2.40,2.40
2010.04.28 02:47:28.346,0.93405,0.9346,1.00,2.40
2010.04.28 02:47:28.505,0.934,0.9346,3.20,3.20
2010.04.28 02:47:29.325,0.9341,0.9346,2.40,3.20
2010.04.28 02:47:29.904,0.934,0.9346,3.20,3.20
2010.04.28 02:47:32.835,0.9341,0.9346,2.40,3.20
2010.04.28 02:47:33.074,0.934,0.9346,3.20,3.20
2010.04.28 02:47:33.224,0.934,0.9346,4.00,3.20
2010.04.28 02:47:33.275,0.9341,0.9346,2.40,1.00
2010.04.28 02:47:33.795,0.934,0.9346,3.20,3.20
2010.04.28 02:47:34.136,0.93405,0.9346,1.00,3.20
2010.04.28 02:47:34.474,0.934,0.9346,3.20,3.20
2010.04.28 02:47:37.664,0.934,0.9346,4.00,3.20
2010.04.28 02:47:37.745,0.9341,0.9346,2.40,1.00
2010.04.28 02:47:38.194,0.9341,0.93465,3.20,1.00
2010.04.28 02:47:38.513,0.9342,0.93465,2.40,1.00
2010.04.28 02:47:38.853,0.9341,0.93465,3.20,1.00
2010.04.28 02:47:40.353,0.9341,0.9346,3.20,2.40
2010.04.28 02:47:42.161,0.9341,0.9346,2.40,3.20
2010.04.28 02:47:50.580,0.9341,0.9346,2.40,1.00
2010.04.28 02:47:58.280,0.9341,0.9346,2.40,3.20
2010.04.28 02:48:00.827,0.93405,0.9345,1.00,2.40
2010.04.28 02:48:01.067,0.934,0.9345,3.20,2.40
2010.04.28 02:48:03.213,0.934,0.9344,2.40,1.00
2010.04.28 02:48:03.256,0.93385,0.9344,1.00,3.20
2010.04.28 02:48:03.456,0.9338,0.93435,3.20,1.00
2010.04.28 02:48:05.438,0.93385,0.9344,1.00,3.20
2010.04.28 02:48:05.577,0.9339,0.9344,2.40,1.00
2010.04.28 02:48:08.652,0.9339,0.93445,2.40,1.00
2010.04.28 02:48:12.523,0.9339,0.9344,2.40,1.00
2010.04.28 02:48:15.763,0.9339,0.9344,2.40,3.20
2010.04.28 02:48:19.244,0.93385,0.9343,1.00,2.40
2010.04.28 02:48:19.856,0.9339,0.9344,3.20,2.40
2010.04.28 02:48:20.703,0.9339,0.93445,3.20,1.00
2010.04.28 02:48:21.044,0.9339,0.9344,2.40,2.40
2010.04.28 02:48:23.852,0.93385,0.9344,1.00,2.40
2010.04.28 02:48:24.754,0.93385,0.9344,1.00,3.20
2010.04.28 02:48:25.042,0.9339,0.9344,2.40,3.20
2010.04.28 02:48:25.323,0.9339,0.9344,2.40,1.00
2010.04.28 02:48:25.797,0.9339,0.93445,3.20,1.00
2010.04.28 02:48:25.995,0.9339,0.9344,3.20,2.40
2010.04.28 02:48:26.195,0.9339,0.93445,3.20,1.00
2010.04.28 02:48:27.078,0.934,0.93445,2.40,1.00
2010.04.28 02:48:27.417,0.934,0.9345,2.40,3.20
2010.04.28 02:48:28.798,0.93395,0.9345,1.00,3.20
2010.04.28 02:48:35.072,0.934,0.9345,2.40,3.20
2010.04.28 02:48:40.958,0.9341,0.9345,2.40,1.00
2010.04.28 02:48:41.069,0.9341,0.9346,2.40,2.40
2010.04.28 02:48:42.024,0.9341,0.9346,3.20,2.40
2010.04.28 02:48:42.858,0.9341,0.93465,3.20,1.00
2010.04.28 02:48:43.705,0.93415,0.9347,1.00,3.20
2010.04.28 02:48:44.728,0.9342,0.9347,2.40,2.40
2010.04.28 02:48:45.547,0.9342,0.9347,3.20,2.40
2010.04.28 02:48:47.188,0.9342,0.93475,3.20,1.00
2010.04.28 02:48:50.137,0.9342,0.9347,3.20,2.40
2010.04.28 02:48:51.352,0.9342,0.9347,2.40,3.20
2010.04.28 02:48:51.855,0.9342,0.9347,2.40,2.40
2010.04.28 02:48:52.881,0.9342,0.9347,3.20,2.40
2010.04.28 02:48:58.404,0.9342,0.9347,1.00,2.40
2010.04.28 02:48:58.684,0.93415,0.9347,1.00,2.40
2010.04.28 02:49:00.999,0.9342,0.9347,2.40,2.40
2010.04.28 02:49:01.155,0.9342,0.9347,3.20,2.40
2010.04.28 02:49:03.178,0.9342,0.9347,3.20,3.20
2010.04.28 02:49:03.303,0.9342,0.9347,2.40,3.20
2010.04.28 02:49:04.003,0.9341,0.9346,3.20,2.40
2010.04.28 02:49:04.343,0.9341,0.9346,2.40,2.40
2010.04.28 02:49:04.993,0.93405,0.9346,1.00,2.40
2010.04.28 02:49:05.593,0.9341,0.9346,2.40,1.00
2010.04.28 02:49:07.875,0.9341,0.9346,2.40,3.20
2010.04.28 02:49:09.280,0.9341,0.9346,2.40,1.00
2010.04.28 02:49:11.370,0.9341,0.9346,2.40,3.20
2010.04.28 02:49:12.593,0.9342,0.9347,3.20,2.40
2010.04.28 02:49:12.912,0.9342,0.9348,3.20,3.20
2010.04.28 02:49:13.157,0.93425,0.9348,1.00,3.20
2010.04.28 02:49:13.665,0.9343,0.9348,2.40,3.20
2010.04.28 02:49:14.001,0.93425,0.9347,1.00,2.40
2010.04.28 02:49:14.340,0.93425,0.9348,1.00,3.20
2010.04.28 02:49:14.680,0.93425,0.9347,1.00,2.40
2010.04.28 02:49:15.696,0.9342,0.9347,3.20,2.40
2010.04.28 02:49:19.308,0.9342,0.9347,1.00,2.40
2010.04.28 02:49:20.279,0.9342,0.9345,1.00,2.40
2010.04.28 02:49:20.619,0.934,0.9346,3.20,3.20
2010.04.28 02:49:20.958,0.9341,0.9346,2.40,3.20
2010.04.28 02:49:23.038,0.9342,0.9346,2.40,1.00
2010.04.28 02:49:23.218,0.9342,0.9347,2.40,3.20
2010.04.28 02:49:23.399,0.93415,0.9347,1.00,3.20
2010.04.28 02:49:23.580,0.93415,0.9347,1.00,2.40
2010.04.28 02:49:24.153,0.9342,0.9347,1.00,2.40
2010.04.28 02:49:24.450,0.9341,0.9346,3.20,2.40
2010.04.28 02:49:28.268,0.9341,0.93465,3.20,1.00
2010.04.28 02:49:28.547,0.9342,0.9347,2.40,3.20
2010.04.28 02:49:28.616,0.9342,0.9347,2.40,2.40
2010.04.28 02:49:29.227,0.9342,0.9347,2.40,3.20
2010.04.28 02:49:30.126,0.9341,0.9347,3.20,3.20
2010.04.28 02:49:31.825,0.9342,0.9347,2.40,3.20
2010.04.28 02:49:37.091,0.9341,0.9347,3.20,3.20
2010.04.28 02:49:38.144,0.9342,0.9347,2.40,3.20
2010.04.28 02:49:41.943,0.93415,0.9347,1.00,3.20
2010.04.28 02:49:42.253,0.9341,0.9347,3.20,3.20
2010.04.28 02:49:45.353,0.9341,0.93465,3.20,1.00
2010.04.28 02:49:45.700,0.9341,0.9346,3.20,2.40
2010.04.28 02:49:46.045,0.93405,0.9346,1.00,3.20
2010.04.28 02:49:47.793,0.93405,0.9345,1.00,2.40
2010.04.28 02:49:47.882,0.934,0.9345,3.20,2.40
2010.04.28 02:49:51.521,0.934,0.9346,3.20,3.20
2010.04.28 02:49:52.710,0.93405,0.9346,1.00,3.20
2010.04.28 02:49:53.161,0.9341,0.9346,2.40,3.20
2010.04.28 02:49:53.642,0.9341,0.9346,2.40,2.40
2010.04.28 02:49:55.841,0.9341,0.9346,3.20,2.40
2010.04.28 02:49:56.600,0.9341,0.9346,1.00,2.40
2010.04.28 02:49:58.676,0.93405,0.9346,1.00,3.20
2010.04.28 02:50:00.770,0.9341,0.9346,1.00,2.40
2010.04.28 02:50:03.288,0.9341,0.9346,3.20,2.40
2010.04.28 02:50:04.331,0.93415,0.9346,1.00,2.40
2010.04.28 02:50:12.905,0.93415,0.9347,1.00,3.20
2010.04.28 02:50:18.937,0.9342,0.9347,2.40,3.20
2010.04.28 02:50:19.155,0.9342,0.9347,3.20,2.40
2010.04.28 02:50:19.594,0.93425,0.9347,1.00,2.40
2010.04.28 02:50:28.334,0.9342,0.9347,1.00,2.40
2010.04.28 02:50:29.212,0.93425,0.9347,1.00,2.40
2010.04.28 02:50:30.322,0.9343,0.9348,1.00,2.40
2010.04.28 02:50:30.681,0.9343,0.9347,1.00,2.40
2010.04.28 02:50:33.540,0.9343,0.9348,1.00,2.40
2010.04.28 02:50:40.020,0.9343,0.9348,3.20,2.40
2010.04.28 02:50:40.240,0.93425,0.9347,1.00,2.40
2010.04.28 02:50:40.459,0.9342,0.9347,3.20,2.40
2010.04.28 02:50:42.281,0.93425,0.9348,1.00,3.20
2010.04.28 02:50:43.669,0.93425,0.9347,1.00,2.40
2010.04.28 02:50:44.490,0.9342,0.9347,3.20,2.40
2010.04.28 02:50:51.688,0.93425,0.9348,1.00,3.20
2010.04.28 02:50:56.026,0.9342,0.9347,3.20,2.40
2010.04.28 02:50:56.415,0.9342,0.93475,3.20,1.00
2010.04.28 02:50:56.705,0.93425,0.9348,1.00,3.20
2010.04.28 02:50:59.996,0.9342,0.9347,2.40,2.40
2010.04.28 02:51:05.124,0.9342,0.93475,3.20,1.00
2010.04.28 02:51:07.549,0.9342,0.9347,3.20,2.40
2010.04.28 02:51:07.764,0.9342,0.93475,3.20,1.00
2010.04.28 02:51:07.985,0.9342,0.9348,3.20,3.20
2010.04.28 02:51:09.262,0.93425,0.9348,1.00,3.20
2010.04.28 02:51:09.943,0.9342,0.93475,3.20,1.00
2010.04.28 02:51:10.133,0.93425,0.9348,1.00,3.20
2010.04.28 02:51:21.191,0.9342,0.93475,3.20,1.00
2010.04.28 02:51:23.505,0.9342,0.9347,1.00,2.40
2010.04.28 02:51:23.640,0.93415,0.9347,1.00,3.20
2010.04.28 02:51:24.879,0.9342,0.9347,3.20,2.40
2010.04.28 02:51:26.478,0.9342,0.9347,1.00,2.40
2010.04.28 02:51:29.158,0.9342,0.9347,3.20,2.40
2010.04.28 02:51:30.707,0.9342,0.9347,1.00,2.40
2010.04.28 02:51:32.759,0.9342,0.9347,3.20,2.40
2010.04.28 02:51:34.666,0.9342,0.9347,1.00,2.40
2010.04.28 02:51:35.120,0.93415,0.9347,1.00,3.20
2010.04.28 02:51:36.915,0.9342,0.9347,2.40,3.20
2010.04.28 02:51:41.375,0.9342,0.93475,3.20,1.00
2010.04.28 02:51:43.754,0.9342,0.9347,3.20,2.40
2010.04.28 02:51:43.974,0.9342,0.9347,2.40,2.40
2010.04.28 02:52:14.803,0.9342,0.9347,3.20,2.40
2010.04.28 02:52:27.433,0.9342,0.93475,3.20,1.00
2010.04.28 02:52:27.633,0.9342,0.9347,3.20,2.40
2010.04.28 02:52:29.474,0.9343,0.9348,2.40,3.20
2010.04.28 02:52:33.023,0.9343,0.93475,2.40,1.00
2010.04.28 02:53:34.498,0.9344,0.9348,2.40,1.00
2010.04.28 02:53:35.178,0.9343,0.9348,2.40,1.00
2010.04.28 02:53:35.397,0.9342,0.9348,3.20,1.00
2010.04.28 02:53:35.616,0.9342,0.9348,3.20,3.20
2010.04.28 02:53:35.943,0.9342,0.93475,3.20,1.00
2010.04.28 02:53:36.247,0.9342,0.9347,2.40,1.00
2010.04.28 02:53:39.307,0.9343,0.93475,2.40,1.00
2010.04.28 02:53:41.546,0.9343,0.9347,2.40,1.00
2010.04.28 02:53:41.755,0.9342,0.9347,2.40,1.00
2010.04.28 02:53:45.825,0.9343,0.9347,2.40,1.00
2010.04.28 02:53:47.483,0.9342,0.9347,2.40,1.00
2010.04.28 02:53:51.402,0.93415,0.9347,1.00,1.00
2010.04.28 02:53:51.782,0.9341,0.9347,3.20,1.00
2010.04.28 02:53:59.351,0.9342,0.9347,2.40,1.00
2010.04.28 02:54:02.030,0.9341,0.9347,3.20,1.00
2010.04.28 02:54:05.789,0.9341,0.9347,1.00,3.20
2010.04.28 02:54:07.691,0.9341,0.9347,1.00,4.00
2010.04.28 02:54:07.890,0.9341,0.9346,1.00,2.40
2010.04.28 02:54:07.990,0.934,0.9346,3.20,3.20
2010.04.28 02:54:13.268,0.934,0.9345,3.20,2.40
2010.04.28 02:54:17.206,0.934,0.9345,1.00,2.40
2010.04.28 02:54:18.217,0.9339,0.9345,3.20,3.20
2010.04.28 02:54:19.016,0.934,0.9345,2.40,3.20
2010.04.28 02:54:20.126,0.934,0.9345,2.40,2.40
2010.04.28 02:54:21.586,0.93395,0.9345,1.00,2.40
2010.04.28 02:54:21.775,0.9339,0.9345,3.20,3.20
2010.04.28 02:54:28.443,0.934,0.9345,2.40,3.20
2010.04.28 02:54:28.804,0.934,0.9345,2.40,2.40
2010.04.28 02:54:35.631,0.9339,0.9345,3.20,3.20
2010.04.28 02:54:41.960,0.9339,0.9344,3.20,2.40
2010.04.28 02:54:42.391,0.9339,0.9344,2.40,2.40
2010.04.28 02:54:42.567,0.9339,0.9344,2.40,3.20
2010.04.28 02:54:43.470,0.9339,0.9344,2.40,1.00
2010.04.28 02:54:50.029,0.9339,0.9344,2.40,3.20
2010.04.28 02:54:50.229,0.9339,0.9344,2.40,1.00
2010.04.28 02:55:22.163,0.9339,0.93445,2.40,1.00
2010.04.28 02:55:24.602,0.9339,0.9344,2.40,1.00
2010.04.28 02:55:28.779,0.9339,0.9344,2.40,3.20
2010.04.28 02:55:30.689,0.93385,0.9344,1.00,3.20
2010.04.28 02:55:30.849,0.9338,0.93435,3.20,1.00
2010.04.28 02:55:31.309,0.9338,0.93435,2.40,1.00
2010.04.28 02:55:31.484,0.93375,0.9343,1.00,1.00
2010.04.28 02:55:31.820,0.93375,0.9343,1.00,3.20
2010.04.28 02:55:32.300,0.9337,0.93425,3.20,1.00
2010.04.28 02:55:34.281,0.9338,0.93425,2.40,1.00
2010.04.28 02:55:34.500,0.9338,0.9343,2.40,3.20
2010.04.28 02:55:36.967,0.9338,0.9343,2.40,1.00
2010.04.28 02:55:38.308,0.9338,0.9344,2.40,4.80
2010.04.28 02:55:38.827,0.9339,0.9344,2.40,2.40
2010.04.28 02:55:39.170,0.9339,0.93445,3.20,1.00
2010.04.28 02:55:39.509,0.9339,0.9344,2.40,1.00
2010.04.28 02:55:41.137,0.934,0.93445,2.40,1.00
2010.04.28 02:55:42.166,0.9339,0.93445,3.20,1.00
2010.04.28 02:55:44.042,0.9339,0.9344,2.40,1.00
2010.04.28 02:55:49.596,0.9339,0.93445,3.20,1.00
2010.04.28 02:55:51.865,0.934,0.9345,2.40,3.20
2010.04.28 02:55:59.754,0.9339,0.9345,3.20,3.20
2010.04.28 02:56:00.094,0.9339,0.93445,1.00,1.00
2010.04.28 02:56:00.608,0.93385,0.93445,1.00,1.00
2010.04.28 02:56:00.943,0.9338,0.9344,3.20,3.20
2010.04.28 02:56:03.233,0.9338,0.9343,3.20,2.40
2010.04.28 02:56:04.093,0.9339,0.9343,1.00,2.40
2010.04.28 02:56:04.262,0.934,0.93445,2.40,1.00
2010.04.28 02:56:06.860,0.93395,0.93445,1.00,1.00
2010.04.28 02:56:07.713,0.9339,0.93445,1.00,1.00
2010.04.28 02:56:07.971,0.934,0.93445,2.40,1.00
2010.04.28 02:56:11.300,0.9339,0.93445,3.20,1.00
2010.04.28 02:56:11.609,0.934,0.93445,2.40,1.00
2010.04.28 02:56:15.148,0.934,0.93455,2.40,1.00
2010.04.28 02:56:17.858,0.934,0.9345,2.40,3.20
2010.04.28 02:56:20.279,0.934,0.9345,3.20,3.20
2010.04.28 02:56:20.498,0.9341,0.93455,2.40,1.00
2010.04.28 02:56:20.707,0.9341,0.9345,2.40,1.00
2010.04.28 02:56:21.057,0.934,0.9345,2.40,3.20
2010.04.28 02:56:21.467,0.934,0.93445,2.40,1.00
2010.04.28 02:56:22.217,0.934,0.9345,2.40,1.00
2010.04.28 02:56:23.548,0.9341,0.9346,2.40,1.00
2010.04.28 02:56:23.726,0.934,0.9345,3.20,2.40
2010.04.28 02:56:23.906,0.934,0.9345,2.40,2.40
2010.04.28 02:56:24.487,0.934,0.93455,2.40,1.00
2010.04.28 02:56:27.975,0.934,0.9345,2.40,2.40
2010.04.28 02:56:31.775,0.934,0.93455,3.20,1.00
2010.04.28 02:56:37.573,0.934,0.93455,4.00,1.00
2010.04.28 02:56:37.774,0.9341,0.93455,2.40,1.00
2010.04.28 02:56:38.214,0.9341,0.9346,2.40,2.40
2010.04.28 02:56:38.343,0.9341,0.9346,3.20,2.40
2010.04.28 02:56:40.543,0.9341,0.93465,3.20,1.00
2010.04.28 02:56:47.227,0.93415,0.9347,1.00,3.20
2010.04.28 02:56:47.530,0.93415,0.9346,1.00,2.40
2010.04.28 02:56:48.707,0.9341,0.9346,3.20,2.40
2010.04.28 02:57:01.936,0.9341,0.93465,3.20,1.00
2010.04.28 02:57:07.785,0.9342,0.93465,2.40,1.00
2010.04.28 02:57:18.193,0.9341,0.93465,3.20,1.00
2010.04.28 02:57:22.554,0.9342,0.93465,2.40,1.00
2010.04.28 02:57:22.662,0.9342,0.9346,2.40,1.00
2010.04.28 02:57:22.754,0.9341,0.9346,2.40,1.00
2010.04.28 02:57:38.279,0.9341,0.9346,3.20,1.00
2010.04.28 02:57:38.598,0.9342,0.9346,2.40,1.00
2010.04.28 02:57:38.759,0.9342,0.93465,2.40,1.00
2010.04.28 02:57:39.468,0.9342,0.9347,2.40,3.20
2010.04.28 02:57:41.038,0.9341,0.93465,3.20,1.00
2010.04.28 02:57:43.937,0.9341,0.9346,3.20,2.40
2010.04.28 02:57:44.438,0.9341,0.93455,2.40,1.00
2010.04.28 02:57:44.710,0.934,0.93455,3.20,1.00
2010.04.28 02:57:54.575,0.9341,0.93455,2.40,1.00
2010.04.28 02:57:54.824,0.9341,0.9346,2.40,3.20
2010.04.28 02:58:01.676,0.9341,0.93465,3.20,1.00
2010.04.28 02:58:04.502,0.9341,0.9346,3.20,2.40
2010.04.28 02:58:19.398,0.9341,0.93465,3.20,1.00
2010.04.28 02:58:22.408,0.9342,0.9347,2.40,3.20
2010.04.28 02:58:23.967,0.93415,0.9347,1.00,3.20
2010.04.28 02:58:26.657,0.9342,0.9347,2.40,3.20
2010.04.28 02:58:29.987,0.9342,0.9347,2.40,2.40
2010.04.28 02:58:30.145,0.9342,0.93475,2.40,1.00
2010.04.28 02:58:30.665,0.9342,0.9347,2.40,2.40
2010.04.28 02:58:38.947,0.9342,0.9347,2.40,3.20
2010.04.28 02:58:40.473,0.93415,0.9347,1.00,3.20
2010.04.28 02:58:42.114,0.9341,0.9347,3.20,3.20
2010.04.28 02:58:44.426,0.9341,0.9346,2.40,2.40
2010.04.28 02:58:44.582,0.9341,0.9346,2.40,3.20
2010.04.28 02:58:51.330,0.93405,0.9346,1.00,3.20
2010.04.28 02:58:52.600,0.934,0.9346,3.20,3.20
2010.04.28 02:58:57.044,0.934,0.93455,3.20,1.00
2010.04.28 02:59:02.808,0.9341,0.93455,2.40,1.00
2010.04.28 02:59:10.819,0.93405,0.9346,1.00,3.20
2010.04.28 02:59:13.734,0.934,0.93455,3.20,1.00
2010.04.28 02:59:22.253,0.934,0.9345,3.20,2.40
2010.04.28 02:59:22.964,0.934,0.93455,3.20,1.00
2010.04.28 02:59:24.421,0.934,0.9345,3.20,2.40
2010.04.28 02:59:24.646,0.934,0.93455,3.20,1.00
2010.04.28 02:59:29.052,0.934,0.9345,2.40,3.20
2010.04.28 02:59:29.311,0.93395,0.9345,1.00,3.20
2010.04.28 02:59:29.572,0.9339,0.9345,3.20,3.20
2010.04.28 02:59:29.833,0.9339,0.93445,3.20,1.00
2010.04.28 02:59:37.980,0.934,0.93455,2.40,1.00
2010.04.28 02:59:39.599,0.934,0.9345,2.40,2.40
2010.04.28 02:59:39.939,0.934,0.9345,2.40,3.20
