2010.04.26 15:00:00.606,0.92745,0.9279,1.00,3.20
2010.04.26 15:00:00.946,0.92745,0.9279,1.00,2.80
2010.04.26 15:00:01.866,0.9274,0.92785,3.10,1.00
2010.04.26 15:00:02.207,0.9274,0.9278,2.90,2.40
2010.04.26 15:00:02.818,0.9274,0.9278,1.00,2.40
2010.04.26 15:00:03.159,0.92735,0.92775,1.00,1.00
2010.04.26 15:00:03.496,0.9274,0.92775,2.40,1.00
2010.04.26 15:00:04.371,0.9274,0.9278,2.40,1.00
2010.04.26 15:00:06.128,0.9274,0.92785,1.00,1.00
2010.04.26 15:00:06.424,0.92735,0.9278,1.00,1.00
2010.04.26 15:00:06.604,0.9274,0.9278,1.00,1.00
2010.04.26 15:00:07.584,0.92735,0.9278,1.00,1.00
2010.04.26 15:00:07.903,0.92735,0.9278,1.00,1.00
2010.04.26 15:00:08.224,0.9274,0.92785,1.00,1.00
2010.04.26 15:00:09.074,0.9273,0.9278,3.20,1.00
2010.04.26 15:00:10.035,0.9273,0.92775,3.20,1.00
2010.04.26 15:00:10.514,0.9274,0.9278,2.40,1.00
2010.04.26 15:00:10.854,0.92745,0.9279,1.00,3.20
2010.04.26 15:00:11.725,0.92745,0.9279,1.50,3.20
2010.04.26 15:00:12.067,0.9274,0.92785,3.20,1.00
2010.04.26 15:00:14.134,0.92745,0.9279,1.00,1.20
2010.04.26 15:00:14.436,0.92745,0.9279,1.00,3.60
2010.04.26 15:00:15.006,0.9274,0.92785,1.00,1.00
2010.04.26 15:00:15.272,0.9275,0.9279,2.40,1.00
2010.04.26 15:00:16.403,0.92745,0.9279,1.00,1.00
2010.04.26 15:00:16.743,0.9275,0.9279,2.40,1.00
2010.04.26 15:00:18.033,0.92745,0.9279,1.00,3.60
2010.04.26 15:00:18.714,0.92745,0.9279,1.00,1.00
2010.04.26 15:00:21.431,0.92745,0.9279,1.00,3.20
2010.04.26 15:00:22.352,0.9274,0.92785,1.20,1.00
2010.04.26 15:00:22.600,0.9274,0.92785,3.20,1.00
2010.04.26 15:00:23.376,0.9274,0.92785,1.00,1.00
2010.04.26 15:00:24.049,0.9274,0.92785,3.20,1.00
2010.04.26 15:00:24.778,0.9274,0.92785,3.20,1.00
2010.04.26 15:00:25.128,0.9274,0.9278,2.40,1.00
2010.04.26 15:00:25.471,0.9274,0.92785,2.40,1.00
2010.04.26 15:00:26.665,0.9274,0.9278,2.40,1.00
2010.04.26 15:00:26.999,0.9274,0.92785,2.40,1.00
2010.04.26 15:00:28.034,0.9274,0.92785,3.20,1.00
2010.04.26 15:00:28.374,0.9274,0.9279,1.00,3.20
2010.04.26 15:00:28.709,0.9274,0.9279,1.00,3.20
2010.04.26 15:00:29.260,0.9274,0.9279,3.20,3.20
2010.04.26 15:00:29.909,0.9274,0.9279,1.00,3.20
2010.04.26 15:00:30.574,0.9274,0.9279,3.20,3.20
2010.04.26 15:00:30.910,0.92745,0.9279,1.00,3.00
2010.04.26 15:00:31.248,0.9275,0.92785,1.00,1.00
2010.04.26 15:00:31.851,0.9274,0.92785,3.20,1.00
2010.04.26 15:00:32.118,0.92745,0.9279,1.60,1.00
2010.04.26 15:00:32.387,0.92745,0.9279,1.00,1.00
2010.04.26 15:00:32.928,0.9275,0.92795,3.20,1.00
2010.04.26 15:00:33.199,0.9275,0.92795,1.00,1.00
2010.04.26 15:00:34.108,0.9275,0.92795,3.90,1.00
2010.04.26 15:00:35.140,0.92755,0.928,1.00,3.20
2010.04.26 15:00:35.437,0.9276,0.928,2.40,1.00
2010.04.26 15:00:35.737,0.9276,0.92805,3.10,1.00
2010.04.26 15:00:36.038,0.92765,0.9281,1.00,1.00
2010.04.26 15:00:36.847,0.9277,0.92815,1.00,1.00
2010.04.26 15:00:37.469,0.9277,0.9281,1.00,2.40
2010.04.26 15:00:38.349,0.92765,0.9281,1.00,3.20
2010.04.26 15:00:38.687,0.92765,0.928,1.00,2.40
2010.04.26 15:00:39.026,0.9276,0.928,1.00,2.40
2010.04.26 15:00:39.917,0.92745,0.9279,1.00,2.40
2010.04.26 15:00:40.257,0.9274,0.9278,1.00,2.40
2010.04.26 15:00:40.575,0.9274,0.92785,1.00,1.00
2010.04.26 15:00:41.167,0.9274,0.92785,1.00,1.00
2010.04.26 15:00:41.487,0.92745,0.9279,1.00,3.20
2010.04.26 15:00:42.686,0.9275,0.92795,3.20,1.00
2010.04.26 15:00:43.456,0.9275,0.92795,2.80,1.00
2010.04.26 15:00:43.675,0.9275,0.92795,3.90,1.00
2010.04.26 15:00:45.086,0.9276,0.92805,3.20,1.00
2010.04.26 15:00:45.284,0.9276,0.9281,3.20,3.20
2010.04.26 15:00:45.485,0.92765,0.9281,1.00,3.20
2010.04.26 15:00:47.215,0.92755,0.928,1.00,3.20
2010.04.26 15:00:48.824,0.92755,0.928,1.00,3.60
2010.04.26 15:00:50.235,0.9275,0.92795,1.00,1.00
2010.04.26 15:00:51.715,0.9275,0.9279,1.00,2.40
2010.04.26 15:00:51.822,0.9275,0.92795,1.00,1.00
2010.04.26 15:00:52.843,0.9275,0.92795,3.20,1.00
2010.04.26 15:00:53.592,0.92755,0.92795,1.00,1.00
2010.04.26 15:00:54.713,0.9275,0.9279,1.00,2.40
2010.04.26 15:00:55.017,0.9276,0.928,1.00,2.40
2010.04.26 15:00:55.223,0.92755,0.928,1.60,2.40
2010.04.26 15:00:55.434,0.92755,0.928,1.00,2.80
2010.04.26 15:00:56.015,0.92755,0.928,1.00,3.20
2010.04.26 15:00:56.353,0.92755,0.928,1.00,2.80
2010.04.26 15:00:57.611,0.92755,0.928,1.00,2.80
2010.04.26 15:00:57.953,0.92755,0.928,1.00,2.90
2010.04.26 15:00:58.633,0.9275,0.928,1.00,3.20
2010.04.26 15:00:59.591,0.9275,0.92795,1.00,1.00
2010.04.26 15:01:01.442,0.9275,0.928,3.20,3.20
2010.04.26 15:01:06.209,0.9275,0.928,3.20,1.00
2010.04.26 15:01:06.329,0.92755,0.928,1.00,1.00
2010.04.26 15:01:07.841,0.92755,0.928,1.00,3.20
2010.04.26 15:01:08.109,0.9276,0.928,1.00,2.40
2010.04.26 15:01:08.365,0.9276,0.92805,1.00,1.00
2010.04.26 15:01:10.418,0.9276,0.928,1.00,2.40
2010.04.26 15:01:11.408,0.92755,0.928,1.00,3.20
2010.04.26 15:01:12.811,0.92755,0.9279,1.00,2.40
2010.04.26 15:01:12.997,0.9275,0.9279,1.00,2.40
2010.04.26 15:01:13.188,0.92745,0.9279,1.00,1.00
2010.04.26 15:01:14.011,0.92755,0.928,1.00,3.20
2010.04.26 15:01:15.621,0.9275,0.928,3.20,3.20
2010.04.26 15:01:15.964,0.9275,0.928,1.00,3.60
2010.04.26 15:01:16.368,0.9275,0.928,1.00,3.20
2010.04.26 15:01:19.500,0.92755,0.928,1.00,3.20
2010.04.26 15:01:20.238,0.9275,0.928,1.00,3.20
2010.04.26 15:01:20.576,0.9275,0.928,3.20,3.20
2010.04.26 15:01:23.217,0.92755,0.928,1.00,3.20
2010.04.26 15:01:25.282,0.92745,0.9279,1.00,1.00
2010.04.26 15:01:25.375,0.92745,0.9279,1.00,1.00
2010.04.26 15:01:25.456,0.92745,0.9279,1.00,3.20
2010.04.26 15:01:25.615,0.92745,0.9279,1.00,3.20
2010.04.26 15:01:26.655,0.9274,0.9279,3.10,3.20
2010.04.26 15:01:26.994,0.9274,0.9279,3.20,3.20
2010.04.26 15:01:27.334,0.92745,0.9279,1.00,3.20
2010.04.26 15:01:28.675,0.9274,0.92785,1.00,1.00
2010.04.26 15:01:29.377,0.9274,0.92785,1.20,1.00
2010.04.26 15:01:29.894,0.9274,0.92785,3.60,1.00
2010.04.26 15:01:30.154,0.9274,0.92785,3.80,1.00
2010.04.26 15:01:30.910,0.9274,0.9278,1.40,2.40
2010.04.26 15:01:31.250,0.9274,0.9278,1.00,2.40
2010.04.26 15:01:33.173,0.92735,0.9278,1.20,3.20
2010.04.26 15:01:33.355,0.9273,0.9277,1.00,2.40
2010.04.26 15:01:39.467,0.92725,0.9277,1.00,3.20
2010.04.26 15:01:39.795,0.9273,0.92775,1.00,1.00
2010.04.26 15:01:40.452,0.92725,0.9277,1.60,3.20
2010.04.26 15:01:41.322,0.9273,0.9277,1.00,3.20
2010.04.26 15:01:41.662,0.9273,0.9277,1.00,2.40
2010.04.26 15:01:41.812,0.9273,0.9277,1.00,2.40
2010.04.26 15:01:41.960,0.9273,0.9276,1.00,2.40
2010.04.26 15:01:42.511,0.92725,0.9276,1.00,2.40
2010.04.26 15:01:42.742,0.9272,0.9277,1.50,3.20
2010.04.26 15:01:42.970,0.92725,0.9277,1.00,3.20
2010.04.26 15:01:43.200,0.92725,0.9277,1.00,3.20
2010.04.26 15:01:43.431,0.92725,0.9277,1.00,1.00
2010.04.26 15:01:43.979,0.92725,0.9277,1.00,3.20
2010.04.26 15:01:44.322,0.92725,0.92765,1.00,1.00
2010.04.26 15:01:44.660,0.92725,0.9276,1.00,2.40
2010.04.26 15:01:45.001,0.9272,0.9276,1.00,2.40
2010.04.26 15:01:48.760,0.9272,0.92765,1.00,1.00
2010.04.26 15:01:50.171,0.92725,0.9277,1.00,3.70
2010.04.26 15:01:50.880,0.92725,0.9277,1.00,3.60
2010.04.26 15:01:51.209,0.92725,0.9277,1.00,1.00
2010.04.26 15:01:51.410,0.92725,0.9277,1.00,2.40
2010.04.26 15:01:52.067,0.92725,0.9277,1.00,1.00
2010.04.26 15:01:52.554,0.92725,0.9277,1.00,3.20
2010.04.26 15:01:52.868,0.92725,0.9277,1.00,3.20
2010.04.26 15:01:54.957,0.9272,0.9277,1.00,3.20
2010.04.26 15:01:56.747,0.9272,0.9277,1.20,3.20
2010.04.26 15:01:57.862,0.92725,0.9277,1.00,3.80
2010.04.26 15:01:58.119,0.92725,0.9277,1.00,3.20
2010.04.26 15:02:08.125,0.9273,0.9277,1.00,1.00
2010.04.26 15:02:14.963,0.9273,0.9277,1.00,3.20
2010.04.26 15:02:15.845,0.9272,0.92765,3.20,1.00
2010.04.26 15:02:16.184,0.9272,0.92765,2.90,1.00
2010.04.26 15:02:17.105,0.9272,0.92765,3.00,1.00
2010.04.26 15:02:17.532,0.9272,0.92765,3.20,1.00
2010.04.26 15:02:17.952,0.9272,0.92765,2.80,1.00
2010.04.26 15:02:18.754,0.9272,0.9276,1.00,2.40
2010.04.26 15:02:19.432,0.92715,0.9276,1.00,3.20
2010.04.26 15:02:19.772,0.9272,0.9276,1.00,3.20
2010.04.26 15:02:20.662,0.92715,0.9276,1.00,3.20
2010.04.26 15:02:23.342,0.9272,0.92765,2.40,3.20
2010.04.26 15:02:23.681,0.9272,0.92765,3.20,2.40
2010.04.26 15:02:24.633,0.92715,0.9276,1.00,3.20
2010.04.26 15:02:26.181,0.9271,0.9275,1.00,2.40
2010.04.26 15:02:27.384,0.9271,0.92755,1.00,1.00
2010.04.26 15:02:27.632,0.9271,0.92755,2.40,1.00
2010.04.26 15:02:28.693,0.9271,0.9275,1.00,2.40
2010.04.26 15:02:29.029,0.92705,0.9275,1.60,3.20
2010.04.26 15:02:29.632,0.92705,0.9275,1.00,3.20
2010.04.26 15:02:29.973,0.9271,0.9275,2.80,1.00
2010.04.26 15:02:30.240,0.9271,0.92755,3.20,1.00
2010.04.26 15:02:31.910,0.9271,0.9275,1.00,2.40
2010.04.26 15:02:32.229,0.92705,0.9275,1.00,3.20
2010.04.26 15:02:33.200,0.92705,0.9275,1.00,3.20
2010.04.26 15:02:33.379,0.92705,0.9275,1.00,3.20
2010.04.26 15:02:34.100,0.92705,0.9275,1.00,3.20
2010.04.26 15:02:34.440,0.927,0.92745,3.20,1.00
2010.04.26 15:02:34.729,0.927,0.9274,1.00,2.40
2010.04.26 15:02:35.590,0.927,0.92745,3.20,1.00
2010.04.26 15:02:37.190,0.92705,0.9275,1.00,3.20
2010.04.26 15:02:37.648,0.9271,0.9275,1.00,2.40
2010.04.26 15:02:39.190,0.92705,0.9274,1.00,2.40
2010.04.26 15:02:39.260,0.92705,0.9274,1.00,2.40
2010.04.26 15:02:39.328,0.92705,0.9274,1.00,2.40
2010.04.26 15:02:40.277,0.927,0.9274,1.00,2.40
2010.04.26 15:02:48.197,0.92705,0.92745,1.00,1.00
2010.04.26 15:02:49.635,0.927,0.92745,3.00,1.00
2010.04.26 15:02:51.277,0.927,0.92745,2.80,1.00
2010.04.26 15:02:51.588,0.92705,0.92745,1.00,1.00
2010.04.26 15:02:52.385,0.927,0.92745,2.80,1.00
2010.04.26 15:02:53.648,0.927,0.92745,3.10,1.00
2010.04.26 15:02:54.305,0.92705,0.92745,1.00,1.00
2010.04.26 15:02:55.595,0.92705,0.92745,1.00,1.00
2010.04.26 15:02:55.674,0.927,0.92745,3.20,1.00
2010.04.26 15:02:56.029,0.927,0.92745,2.90,1.00
2010.04.26 15:02:56.844,0.927,0.92745,3.00,1.00
2010.04.26 15:02:57.964,0.92705,0.9275,1.00,3.20
2010.04.26 15:02:59.694,0.927,0.9275,3.20,3.20
2010.04.26 15:03:01.973,0.927,0.9274,1.00,2.40
2010.04.26 15:03:02.183,0.92695,0.9274,1.00,2.40
2010.04.26 15:03:02.393,0.92695,0.92745,1.00,1.00
2010.04.26 15:03:02.622,0.927,0.92745,1.00,1.00
2010.04.26 15:03:03.734,0.927,0.92745,3.20,1.00
2010.04.26 15:03:05.463,0.927,0.92745,1.00,1.00
2010.04.26 15:03:07.682,0.927,0.92745,3.20,1.00
2010.04.26 15:03:10.281,0.9271,0.9275,2.40,1.00
2010.04.26 15:03:10.481,0.9271,0.9275,1.00,3.20
2010.04.26 15:03:10.681,0.9271,0.9275,1.00,1.00
2010.04.26 15:03:11.220,0.9271,0.92755,1.00,1.00
2010.04.26 15:03:12.361,0.9271,0.92755,1.00,1.50
2010.04.26 15:03:13.051,0.9271,0.92755,1.00,1.20
2010.04.26 15:03:13.490,0.9271,0.92755,1.00,1.00
2010.04.26 15:03:13.830,0.92705,0.9275,1.00,2.90
2010.04.26 15:03:15.200,0.92705,0.9275,1.00,3.70
2010.04.26 15:03:15.349,0.92705,0.9275,1.00,3.20
2010.04.26 15:03:15.499,0.9271,0.92755,1.00,1.00
2010.04.26 15:03:15.949,0.9271,0.92755,1.00,1.20
2010.04.26 15:03:16.779,0.9271,0.92755,1.00,1.00
2010.04.26 15:03:17.298,0.9271,0.92755,1.00,1.00
2010.04.26 15:03:20.310,0.9271,0.9276,3.20,3.60
2010.04.26 15:03:21.269,0.9271,0.92755,3.20,1.00
2010.04.26 15:03:21.589,0.92705,0.92755,1.40,1.00
2010.04.26 15:03:21.928,0.92705,0.92755,1.00,1.00
2010.04.26 15:03:22.268,0.9271,0.92755,2.40,1.00
2010.04.26 15:03:23.417,0.9271,0.92755,3.00,1.00
2010.04.26 15:03:23.737,0.9271,0.92755,1.00,1.00
2010.04.26 15:03:24.569,0.92705,0.9275,1.00,3.20
2010.04.26 15:03:25.829,0.92705,0.9275,1.00,1.00
2010.04.26 15:03:26.168,0.92705,0.92755,1.00,1.00
2010.04.26 15:03:26.507,0.9271,0.92755,1.00,1.00
2010.04.26 15:03:27.081,0.9271,0.92755,3.20,1.00
2010.04.26 15:03:30.727,0.92715,0.9276,1.00,1.00
2010.04.26 15:03:31.942,0.92715,0.9276,1.00,3.20
2010.04.26 15:03:32.166,0.9271,0.92755,1.00,1.00
2010.04.26 15:03:34.166,0.9271,0.92755,3.20,1.00
2010.04.26 15:03:35.172,0.92715,0.9276,1.00,3.20
2010.04.26 15:03:35.451,0.92715,0.9276,1.00,1.00
2010.04.26 15:03:37.815,0.92715,0.92765,1.00,1.00
2010.04.26 15:03:39.094,0.9272,0.92765,1.00,1.00
2010.04.26 15:03:39.434,0.92715,0.92765,1.00,1.00
2010.04.26 15:03:40.056,0.92715,0.9275,1.00,2.40
2010.04.26 15:03:40.394,0.9271,0.92755,1.00,1.00
2010.04.26 15:03:42.008,0.9271,0.9276,3.80,3.20
2010.04.26 15:03:43.334,0.92715,0.9276,1.00,3.20
2010.04.26 15:03:44.844,0.9271,0.9275,1.00,2.40
2010.04.26 15:03:50.282,0.9271,0.92755,3.80,1.00
2010.04.26 15:03:51.003,0.9271,0.92755,3.20,1.00
2010.04.26 15:03:51.343,0.9271,0.92755,1.00,1.00
2010.04.26 15:03:51.693,0.9271,0.9275,1.00,2.40
2010.04.26 15:03:52.241,0.9271,0.92755,1.00,1.50
2010.04.26 15:03:52.560,0.92705,0.9275,1.00,3.10
2010.04.26 15:03:52.880,0.92705,0.9275,1.00,3.20
2010.04.26 15:03:53.200,0.92705,0.9275,1.00,1.00
2010.04.26 15:03:54.080,0.92705,0.9275,1.00,3.20
2010.04.26 15:03:54.420,0.92705,0.9275,1.50,3.20
2010.04.26 15:03:56.042,0.92705,0.9275,1.00,2.40
2010.04.26 15:03:57.381,0.9271,0.92755,1.00,1.00
2010.04.26 15:03:57.738,0.9271,0.92755,3.20,1.00
2010.04.26 15:03:58.612,0.9272,0.9276,2.40,1.00
2010.04.26 15:03:58.951,0.9272,0.92765,3.80,1.00
2010.04.26 15:03:59.869,0.92725,0.9276,1.00,2.40
2010.04.26 15:04:00.208,0.9272,0.9276,1.00,2.40
2010.04.26 15:04:01.127,0.9272,0.92765,1.00,1.00
2010.04.26 15:04:01.469,0.9272,0.9276,1.00,2.40
2010.04.26 15:04:02.510,0.9272,0.92765,3.20,1.00
2010.04.26 15:04:03.189,0.9272,0.9276,3.20,1.00
2010.04.26 15:04:03.348,0.9272,0.92765,3.20,1.00
2010.04.26 15:04:04.348,0.9272,0.92765,3.20,1.00
2010.04.26 15:04:04.688,0.9272,0.92765,3.20,1.00
2010.04.26 15:04:05.027,0.9272,0.92765,3.20,1.00
2010.04.26 15:04:07.796,0.9272,0.92765,3.20,1.40
2010.04.26 15:04:11.095,0.9272,0.92765,3.20,1.00
2010.04.26 15:04:11.635,0.9272,0.9276,1.00,2.40
2010.04.26 15:04:12.398,0.92715,0.9276,1.00,3.20
2010.04.26 15:04:12.675,0.9272,0.9276,2.40,1.00
2010.04.26 15:04:14.146,0.9272,0.92765,3.20,1.00
2010.04.26 15:04:15.480,0.9272,0.92765,3.80,1.00
2010.04.26 15:04:15.831,0.9272,0.92765,3.20,1.00
2010.04.26 15:04:16.168,0.9272,0.92765,2.80,1.00
2010.04.26 15:04:17.305,0.9272,0.9276,1.00,2.40
2010.04.26 15:04:18.645,0.9272,0.92765,3.70,1.00
2010.04.26 15:04:20.395,0.92725,0.9277,1.00,3.10
2010.04.26 15:04:21.391,0.92725,0.9277,1.00,2.80
2010.04.26 15:04:21.714,0.9272,0.92765,3.20,1.00
2010.04.26 15:04:22.946,0.9272,0.92765,2.80,1.00
2010.04.26 15:04:23.206,0.92725,0.92765,1.00,1.00
2010.04.26 15:04:24.213,0.9273,0.92765,2.40,1.00
2010.04.26 15:04:24.552,0.92725,0.9277,1.00,1.00
2010.04.26 15:04:25.244,0.9273,0.92775,1.00,1.40
2010.04.26 15:04:25.575,0.9273,0.92775,1.00,1.00
2010.04.26 15:04:27.103,0.9272,0.9277,3.20,3.00
2010.04.26 15:04:27.441,0.9272,0.9277,3.20,3.20
2010.04.26 15:04:31.642,0.9272,0.9277,1.00,3.20
2010.04.26 15:04:32.533,0.9271,0.92755,1.00,1.00
2010.04.26 15:04:38.561,0.9271,0.92755,2.40,1.00
2010.04.26 15:04:39.519,0.92715,0.9276,1.00,3.20
2010.04.26 15:04:42.742,0.92715,0.9276,1.00,1.00
2010.04.26 15:04:43.190,0.92715,0.9276,1.00,3.20
2010.04.26 15:04:44.071,0.9271,0.9276,2.80,3.20
2010.04.26 15:04:44.748,0.9271,0.9276,2.80,1.00
2010.04.26 15:04:45.635,0.92715,0.9276,1.00,2.90
2010.04.26 15:04:45.978,0.92715,0.9276,1.00,3.20
2010.04.26 15:04:46.317,0.92715,0.9276,1.00,1.00
2010.04.26 15:04:47.159,0.92715,0.9276,1.00,3.20
2010.04.26 15:04:47.357,0.92715,0.9276,1.00,1.00
2010.04.26 15:04:48.110,0.92715,0.9276,1.50,1.00
2010.04.26 15:04:48.308,0.9272,0.92765,3.20,1.00
2010.04.26 15:04:49.567,0.9272,0.92765,2.80,1.00
2010.04.26 15:04:49.837,0.9272,0.92765,3.10,1.00
2010.04.26 15:04:50.396,0.9272,0.92765,2.80,1.00
2010.04.26 15:04:51.559,0.9272,0.92765,1.00,1.00
2010.04.26 15:04:52.157,0.9272,0.9276,1.00,1.00
2010.04.26 15:04:52.695,0.9272,0.9276,1.00,3.20
2010.04.26 15:04:54.557,0.92715,0.9276,1.00,3.20
2010.04.26 15:04:55.317,0.92715,0.9276,1.00,3.20
2010.04.26 15:04:56.106,0.9272,0.9276,2.40,1.00
2010.04.26 15:04:56.415,0.9272,0.92765,1.00,1.00
2010.04.26 15:04:56.731,0.9272,0.92765,1.00,1.00
2010.04.26 15:04:57.519,0.9272,0.92765,3.10,1.00
2010.04.26 15:04:57.776,0.9272,0.92765,3.60,1.00
2010.04.26 15:04:58.036,0.9273,0.9277,2.40,1.00
2010.04.26 15:04:58.802,0.92725,0.9277,1.00,3.00
2010.04.26 15:04:59.128,0.9272,0.92765,3.20,1.00
2010.04.26 15:04:59.464,0.9272,0.9276,1.00,2.40
2010.04.26 15:05:00.152,0.9272,0.92765,3.20,1.00
2010.04.26 15:05:01.897,0.92725,0.9277,1.00,3.20
2010.04.26 15:05:02.233,0.9273,0.9277,2.40,1.00
2010.04.26 15:05:03.107,0.92725,0.92775,1.00,1.50
2010.04.26 15:05:03.405,0.9273,0.92775,1.00,1.00
2010.04.26 15:05:03.977,0.92725,0.9277,1.00,1.00
2010.04.26 15:05:04.265,0.92725,0.9277,1.00,3.20
2010.04.26 15:05:05.577,0.92725,0.9277,1.00,3.20
2010.04.26 15:05:05.914,0.9272,0.92765,3.20,1.00
2010.04.26 15:05:07.114,0.9272,0.92765,1.00,1.00
2010.04.26 15:05:07.453,0.9272,0.92765,3.80,1.00
2010.04.26 15:05:08.041,0.9273,0.92765,2.40,1.00
2010.04.26 15:05:08.305,0.9273,0.92775,3.20,1.00
2010.04.26 15:05:08.562,0.9273,0.9278,3.20,3.20
2010.04.26 15:05:09.549,0.9272,0.9277,3.20,1.00
2010.04.26 15:05:09.833,0.9272,0.92765,3.20,1.00
2010.04.26 15:05:10.073,0.9272,0.92765,2.80,1.00
2010.04.26 15:05:11.653,0.9273,0.9277,1.00,1.00
2010.04.26 15:05:12.051,0.9273,0.9277,1.00,3.20
2010.04.26 15:05:12.631,0.92725,0.9277,1.00,1.00
2010.04.26 15:05:13.021,0.92725,0.9277,1.00,1.00
2010.04.26 15:05:13.334,0.9273,0.9277,2.90,1.00
2010.04.26 15:05:14.920,0.9273,0.92775,2.90,1.00
2010.04.26 15:05:15.261,0.9274,0.92775,2.40,1.00
2010.04.26 15:05:19.600,0.9274,0.9278,2.40,1.00
2010.04.26 15:05:20.008,0.92735,0.9278,1.00,3.20
2010.04.26 15:05:20.159,0.9273,0.9278,3.20,3.20
2010.04.26 15:05:20.459,0.9273,0.92775,3.20,1.00
2010.04.26 15:05:22.348,0.9273,0.92775,3.10,1.00
2010.04.26 15:05:23.000,0.9273,0.92775,3.20,1.00
2010.04.26 15:05:23.458,0.9273,0.92775,3.10,1.00
2010.04.26 15:05:26.877,0.9273,0.92775,3.20,1.00
2010.04.26 15:05:27.238,0.9273,0.92775,2.40,1.00
2010.04.26 15:05:30.782,0.9274,0.92775,2.40,1.00
2010.04.26 15:05:31.072,0.9274,0.9278,2.40,1.00
2010.04.26 15:05:31.626,0.92735,0.9278,1.00,3.20
2010.04.26 15:05:32.187,0.92735,0.92775,1.00,1.00
2010.04.26 15:05:32.508,0.92735,0.9278,1.00,3.60
2010.04.26 15:05:33.147,0.92735,0.9278,1.00,3.20
2010.04.26 15:05:34.697,0.9273,0.92775,3.20,1.00
2010.04.26 15:05:37.745,0.9274,0.92775,2.40,1.00
2010.04.26 15:05:38.225,0.9274,0.9278,2.40,1.00
2010.04.26 15:05:41.295,0.92735,0.9278,1.20,3.20
2010.04.26 15:05:41.753,0.92735,0.9278,1.00,3.20
2010.04.26 15:05:42.565,0.9274,0.9278,2.40,1.00
2010.04.26 15:05:43.756,0.9274,0.9278,1.00,2.40
2010.04.26 15:05:44.095,0.9273,0.92775,3.20,1.00
2010.04.26 15:05:44.434,0.9273,0.92775,3.20,1.00
2010.04.26 15:05:49.544,0.9273,0.9277,1.00,2.40
2010.04.26 15:05:49.865,0.92725,0.9277,1.00,3.20
2010.04.26 15:05:50.543,0.9273,0.9277,2.40,1.00
2010.04.26 15:05:51.413,0.92725,0.9277,1.00,3.20
2010.04.26 15:05:51.752,0.9272,0.92765,3.90,1.00
2010.04.26 15:05:55.331,0.9272,0.9277,3.20,3.20
2010.04.26 15:05:56.259,0.92725,0.9277,1.00,3.20
2010.04.26 15:05:56.791,0.9272,0.9277,3.20,3.20
2010.04.26 15:05:57.610,0.92725,0.9277,1.00,3.20
2010.04.26 15:05:58.703,0.9273,0.9277,1.00,2.40
2010.04.26 15:05:59.042,0.92735,0.9278,1.00,3.00
2010.04.26 15:06:00.510,0.9274,0.9278,2.40,1.00
2010.04.26 15:06:01.580,0.9273,0.9278,3.60,3.20
2010.04.26 15:06:02.526,0.92735,0.9278,1.00,1.00
2010.04.26 15:06:04.788,0.92735,0.9278,1.00,3.20
2010.04.26 15:06:05.365,0.9273,0.92775,3.60,1.00
2010.04.26 15:06:05.549,0.9273,0.92775,3.20,1.00
2010.04.26 15:06:08.503,0.92735,0.9278,1.00,4.00
2010.04.26 15:06:08.838,0.92735,0.9278,1.00,3.20
2010.04.26 15:06:09.177,0.92735,0.9278,1.00,3.60
2010.04.26 15:06:10.258,0.92735,0.9278,1.00,3.20
2010.04.26 15:06:10.498,0.92735,0.9277,1.00,2.40
2010.04.26 15:06:10.738,0.92735,0.92775,1.00,1.00
2010.04.26 15:06:11.570,0.92735,0.9278,1.00,3.20
2010.04.26 15:06:17.767,0.92735,0.9278,1.00,4.00
2010.04.26 15:06:22.264,0.9274,0.9278,2.40,1.60
2010.04.26 15:06:23.057,0.9274,0.9278,2.40,1.00
2010.04.26 15:06:25.353,0.9274,0.9278,1.00,2.40
2010.04.26 15:06:25.503,0.9274,0.92785,3.20,1.00
2010.04.26 15:06:26.300,0.92735,0.9277,1.00,2.40
2010.04.26 15:06:26.635,0.92735,0.9278,1.00,3.60
2010.04.26 15:06:27.899,0.92735,0.9278,1.00,2.80
2010.04.26 15:06:28.443,0.92735,0.9278,1.00,2.80
2010.04.26 15:06:29.245,0.92735,0.92775,1.00,1.00
2010.04.26 15:06:33.724,0.9274,0.9278,3.20,1.00
2010.04.26 15:06:34.171,0.9274,0.9278,3.20,1.00
2010.04.26 15:06:35.072,0.9274,0.9278,1.00,3.60
2010.04.26 15:06:35.381,0.92735,0.92775,1.00,1.00
2010.04.26 15:06:38.221,0.9273,0.92775,3.20,1.00
2010.04.26 15:06:41.864,0.9273,0.92775,3.20,1.00
2010.04.26 15:06:42.214,0.9273,0.92775,3.20,1.00
2010.04.26 15:06:43.221,0.9273,0.9278,3.20,3.20
2010.04.26 15:06:44.101,0.92735,0.9278,1.00,2.80
2010.04.26 15:06:44.549,0.92735,0.9278,1.00,3.00
2010.04.26 15:06:44.769,0.92735,0.9278,1.00,2.80
2010.04.26 15:06:46.020,0.92735,0.9278,1.00,4.00
2010.04.26 15:06:46.199,0.9274,0.9278,1.00,4.00
2010.04.26 15:06:46.378,0.9274,0.9278,1.00,3.20
2010.04.26 15:06:47.689,0.9274,0.92785,3.20,1.00
2010.04.26 15:06:48.029,0.9274,0.9278,1.00,3.20
2010.04.26 15:06:48.722,0.9274,0.9278,3.20,1.00
2010.04.26 15:06:49.063,0.9276,0.92785,2.40,1.00
2010.04.26 15:06:49.399,0.9275,0.9279,1.00,2.40
2010.04.26 15:06:49.738,0.9275,0.9279,2.40,1.00
2010.04.26 15:06:50.349,0.9275,0.92785,2.40,1.00
2010.04.26 15:06:50.716,0.9275,0.9279,3.20,1.00
2010.04.26 15:06:51.064,0.9275,0.92795,3.20,1.20
2010.04.26 15:06:52.056,0.9275,0.92795,3.20,1.00
2010.04.26 15:06:52.318,0.9275,0.92795,3.20,1.20
2010.04.26 15:06:52.507,0.9275,0.92795,3.20,1.20
2010.04.26 15:06:53.768,0.9275,0.92795,3.20,1.00
2010.04.26 15:06:55.838,0.9275,0.92795,3.20,1.40
2010.04.26 15:06:56.006,0.9275,0.92795,3.20,1.00
2010.04.26 15:06:56.736,0.9275,0.9279,1.00,2.40
2010.04.26 15:06:57.398,0.9275,0.9279,3.20,1.00
2010.04.26 15:06:58.025,0.9275,0.9279,1.00,2.90
2010.04.26 15:06:58.307,0.9275,0.9279,1.00,2.40
2010.04.26 15:06:58.586,0.92735,0.92785,1.00,1.00
2010.04.26 15:06:58.865,0.9274,0.92785,2.40,1.00
2010.04.26 15:07:00.079,0.9274,0.92785,3.20,1.00
2010.04.26 15:07:00.377,0.9274,0.9278,1.00,1.00
2010.04.26 15:07:01.186,0.9274,0.9278,3.20,1.00
2010.04.26 15:07:01.527,0.92745,0.92785,1.00,1.00
2010.04.26 15:07:01.866,0.92745,0.92785,1.00,1.00
2010.04.26 15:07:02.206,0.9274,0.92785,1.00,1.00
2010.04.26 15:07:03.107,0.9274,0.92785,1.00,1.00
2010.04.26 15:07:04.978,0.9274,0.92785,3.20,1.00
2010.04.26 15:07:05.184,0.9274,0.92785,1.00,1.00
2010.04.26 15:07:05.603,0.9274,0.92785,1.00,1.60
2010.04.26 15:07:08.993,0.9274,0.92785,3.20,1.00
2010.04.26 15:07:09.293,0.9274,0.92785,3.20,1.20
2010.04.26 15:07:11.173,0.9274,0.92785,1.00,1.20
2010.04.26 15:07:11.722,0.9274,0.92785,1.00,1.00
2010.04.26 15:07:12.062,0.92735,0.92775,1.00,1.00
2010.04.26 15:07:12.402,0.92735,0.9278,1.00,2.80
2010.04.26 15:07:12.639,0.92735,0.92775,1.00,1.00
2010.04.26 15:07:13.558,0.9273,0.92775,1.00,1.00
2010.04.26 15:07:16.634,0.9273,0.92775,1.00,1.00
2010.04.26 15:07:16.872,0.9274,0.92785,1.00,1.20
2010.04.26 15:07:20.172,0.9274,0.92785,3.20,1.00
2010.04.26 15:07:21.031,0.9274,0.92785,1.00,1.00
2010.04.26 15:07:21.370,0.9274,0.92785,3.20,1.00
2010.04.26 15:07:21.570,0.9274,0.92785,3.20,1.00
2010.04.26 15:07:23.041,0.92745,0.9279,1.00,1.00
2010.04.26 15:07:24.380,0.92745,0.9279,1.00,1.00
2010.04.26 15:07:25.330,0.9275,0.92795,3.20,1.00
2010.04.26 15:07:26.088,0.9275,0.92795,1.00,1.00
2010.04.26 15:07:26.428,0.9275,0.92795,1.00,1.00
2010.04.26 15:07:30.131,0.9275,0.9279,1.00,1.00
2010.04.26 15:07:30.408,0.9275,0.92795,1.00,1.00
2010.04.26 15:07:30.679,0.9275,0.92795,1.00,1.00
2010.04.26 15:07:31.157,0.92755,0.92795,1.00,1.00
2010.04.26 15:07:36.509,0.92755,0.928,1.00,3.70
2010.04.26 15:07:40.077,0.92755,0.928,1.00,3.60
2010.04.26 15:07:40.526,0.92755,0.92795,1.00,1.00
2010.04.26 15:07:42.768,0.92755,0.92795,1.00,1.00
2010.04.26 15:07:44.438,0.92755,0.92795,1.00,1.00
2010.04.26 15:07:45.905,0.92755,0.928,1.00,3.20
2010.04.26 15:07:47.684,0.92755,0.92795,1.00,1.00
2010.04.26 15:07:50.255,0.92755,0.92795,1.00,1.00
2010.04.26 15:07:50.464,0.92755,0.928,1.00,3.20
2010.04.26 15:07:51.423,0.92755,0.928,1.00,1.00
2010.04.26 15:07:51.762,0.9276,0.928,1.00,1.00
2010.04.26 15:07:52.103,0.9276,0.92805,1.00,1.20
2010.04.26 15:07:52.787,0.9276,0.92805,3.20,1.20
2010.04.26 15:07:53.123,0.9276,0.9281,3.20,3.20
2010.04.26 15:07:53.372,0.9276,0.9281,1.00,3.20
2010.04.26 15:07:53.622,0.9276,0.928,1.00,2.40
2010.04.26 15:07:54.693,0.92755,0.92805,1.00,1.00
2010.04.26 15:07:55.032,0.92755,0.928,1.00,2.40
2010.04.26 15:07:55.451,0.92755,0.928,1.00,3.20
2010.04.26 15:07:59.462,0.92745,0.9279,1.00,1.00
2010.04.26 15:07:59.802,0.9275,0.9279,2.40,1.00
2010.04.26 15:08:00.141,0.9275,0.92795,3.10,1.00
2010.04.26 15:08:00.481,0.92755,0.92795,1.00,1.00
2010.04.26 15:08:01.140,0.92745,0.9279,1.00,1.00
2010.04.26 15:08:04.360,0.92745,0.9279,1.00,3.20
2010.04.26 15:08:04.699,0.9274,0.92785,3.10,1.00
2010.04.26 15:08:06.099,0.92745,0.9279,1.00,3.20
2010.04.26 15:08:06.409,0.9274,0.9279,3.20,3.20
2010.04.26 15:08:07.202,0.92745,0.9279,1.00,2.90
2010.04.26 15:08:07.560,0.92745,0.9279,1.00,3.20
2010.04.26 15:08:07.970,0.92745,0.9279,1.00,2.80
2010.04.26 15:08:08.664,0.92745,0.9279,1.00,3.10
2010.04.26 15:08:08.911,0.9274,0.9279,1.00,3.20
2010.04.26 15:08:09.160,0.9274,0.9279,3.20,3.20
2010.04.26 15:08:09.954,0.9275,0.9279,2.40,1.00
2010.04.26 15:08:10.280,0.92755,0.928,1.00,3.20
2010.04.26 15:08:11.268,0.9275,0.92795,1.00,1.00
2010.04.26 15:08:11.527,0.9275,0.9279,1.00,2.40
2010.04.26 15:08:11.788,0.92745,0.9279,1.00,3.20
2010.04.26 15:08:12.588,0.9274,0.92785,1.00,1.00
2010.04.26 15:08:12.927,0.9274,0.92785,3.20,1.00
2010.04.26 15:08:13.268,0.9274,0.9279,3.20,3.20
2010.04.26 15:08:13.608,0.92745,0.9279,1.00,1.00
2010.04.26 15:08:14.229,0.92745,0.9279,1.00,3.20
2010.04.26 15:08:16.127,0.92745,0.9279,1.00,1.00
2010.04.26 15:08:16.957,0.92745,0.92795,1.00,1.00
2010.04.26 15:08:17.745,0.92745,0.9279,1.00,1.00
2010.04.26 15:08:18.018,0.92745,0.9279,1.00,1.00
2010.04.26 15:08:19.767,0.92745,0.9279,1.00,3.20
2010.04.26 15:08:19.956,0.92745,0.9279,1.00,2.90
2010.04.26 15:08:22.206,0.9275,0.92795,1.00,1.00
2010.04.26 15:08:23.138,0.9275,0.92795,3.20,1.00
2010.04.26 15:08:23.284,0.9275,0.92795,1.00,1.00
2010.04.26 15:08:24.016,0.9275,0.92795,3.20,1.00
2010.04.26 15:08:25.224,0.9275,0.92795,1.00,1.00
2010.04.26 15:08:27.534,0.9275,0.92795,1.00,1.00
2010.04.26 15:08:28.360,0.9275,0.9279,1.00,2.40
2010.04.26 15:08:31.013,0.9275,0.92795,1.00,1.40
2010.04.26 15:08:31.516,0.9275,0.92795,1.00,1.00
2010.04.26 15:08:34.035,0.92745,0.9279,1.00,2.40
2010.04.26 15:08:35.587,0.9275,0.92795,1.00,1.00
2010.04.26 15:08:35.873,0.9275,0.92795,3.70,1.00
2010.04.26 15:08:36.452,0.9275,0.92795,3.20,1.00
2010.04.26 15:08:37.363,0.9275,0.92795,3.80,1.00
2010.04.26 15:08:39.113,0.9275,0.928,3.20,3.20
2010.04.26 15:08:40.511,0.9276,0.928,2.40,1.00
2010.04.26 15:08:40.851,0.9276,0.928,1.00,2.40
2010.04.26 15:08:42.162,0.9276,0.92805,3.20,1.00
2010.04.26 15:08:42.501,0.9276,0.92805,3.20,1.50
2010.04.26 15:08:42.661,0.9276,0.92805,3.20,1.20
2010.04.26 15:08:42.820,0.9276,0.92805,3.20,1.00
2010.04.26 15:08:43.700,0.9277,0.9281,2.40,1.00
2010.04.26 15:08:44.159,0.92765,0.9281,1.00,3.20
2010.04.26 15:08:44.390,0.9276,0.92805,3.90,1.00
2010.04.26 15:08:44.620,0.9276,0.92805,3.20,1.00
2010.04.26 15:08:46.070,0.9276,0.92805,1.00,1.00
2010.04.26 15:08:46.882,0.9276,0.92805,3.20,1.00
2010.04.26 15:08:47.179,0.9277,0.9281,2.40,1.00
2010.04.26 15:08:48.049,0.92765,0.9281,1.00,3.20
2010.04.26 15:08:48.809,0.9276,0.92805,3.20,1.00
2010.04.26 15:08:50.911,0.92765,0.9281,1.00,3.20
2010.04.26 15:08:51.228,0.92765,0.9281,1.00,1.00
2010.04.26 15:08:53.038,0.9277,0.92815,3.20,1.00
2010.04.26 15:08:53.158,0.9277,0.92815,3.20,1.00
2010.04.26 15:08:54.498,0.9277,0.92815,3.20,1.00
2010.04.26 15:08:54.829,0.9277,0.92815,3.20,1.00
2010.04.26 15:08:55.128,0.9277,0.92815,3.20,1.00
2010.04.26 15:08:56.468,0.9277,0.92815,3.20,1.00
2010.04.26 15:08:57.064,0.9277,0.92815,3.20,1.00
2010.04.26 15:08:59.707,0.9277,0.92815,3.20,1.00
2010.04.26 15:09:01.427,0.9277,0.9281,2.40,1.00
2010.04.26 15:09:04.626,0.92765,0.9281,1.00,3.20
2010.04.26 15:09:05.766,0.9276,0.92805,3.20,1.00
2010.04.26 15:09:07.396,0.9277,0.9281,2.40,1.00
2010.04.26 15:09:07.735,0.9277,0.92815,2.40,1.00
2010.04.26 15:09:08.616,0.92765,0.9281,1.00,3.20
2010.04.26 15:09:12.328,0.9276,0.92805,3.20,1.00
2010.04.26 15:09:12.568,0.9276,0.92805,3.20,1.00
2010.04.26 15:09:13.034,0.92765,0.9281,1.00,3.20
2010.04.26 15:09:14.367,0.92765,0.9281,1.00,1.00
2010.04.26 15:09:14.694,0.9277,0.9281,2.40,1.00
2010.04.26 15:09:15.474,0.92765,0.9281,1.00,1.00
2010.04.26 15:09:20.127,0.92765,0.9281,1.00,3.20
2010.04.26 15:09:20.286,0.9276,0.9281,3.20,3.20
2010.04.26 15:09:20.442,0.9276,0.9281,3.20,3.90
2010.04.26 15:09:22.263,0.9276,0.928,1.00,2.40
2010.04.26 15:09:22.593,0.92755,0.928,1.00,3.20
2010.04.26 15:09:22.991,0.92755,0.928,1.00,3.90
2010.04.26 15:09:23.817,0.92755,0.928,1.00,3.20
2010.04.26 15:09:24.230,0.92755,0.928,1.00,2.80
2010.04.26 15:09:27.159,0.92755,0.928,1.00,3.20
2010.04.26 15:09:30.732,0.92755,0.928,1.00,1.00
2010.04.26 15:09:31.050,0.9276,0.92805,2.40,1.00
2010.04.26 15:09:31.359,0.9276,0.92805,3.20,1.00
2010.04.26 15:09:31.668,0.9276,0.92805,1.00,1.00
2010.04.26 15:09:32.250,0.9276,0.92805,3.20,1.00
2010.04.26 15:09:34.809,0.9276,0.92805,3.80,1.00
2010.04.26 15:09:35.407,0.9276,0.92805,3.20,1.00
2010.04.26 15:09:35.597,0.9276,0.9281,3.90,3.20
2010.04.26 15:09:36.658,0.9276,0.9281,3.20,1.20
2010.04.26 15:09:36.928,0.92765,0.9281,1.00,1.20
2010.04.26 15:09:37.878,0.92765,0.9281,1.00,1.20
2010.04.26 15:09:38.187,0.9277,0.9281,2.40,1.20
2010.04.26 15:09:38.307,0.9277,0.9281,2.40,1.00
2010.04.26 15:09:38.427,0.92765,0.9281,1.00,3.20
2010.04.26 15:09:38.548,0.92765,0.9281,1.00,2.90
2010.04.26 15:09:39.116,0.92765,0.9281,1.00,1.00
2010.04.26 15:09:39.238,0.92765,0.9281,1.00,1.00
2010.04.26 15:09:44.715,0.92765,0.9281,1.00,3.20
2010.04.26 15:09:45.567,0.92765,0.9281,1.00,2.40
2010.04.26 15:09:45.755,0.92765,0.9281,1.00,3.20
2010.04.26 15:09:48.679,0.92765,0.9281,1.00,1.00
2010.04.26 15:09:48.778,0.9277,0.92815,3.20,1.00
2010.04.26 15:09:56.043,0.9278,0.92815,2.40,1.00
2010.04.26 15:09:56.193,0.92775,0.9282,1.20,3.20
2010.04.26 15:09:57.024,0.9277,0.92815,3.20,1.00
2010.04.26 15:09:58.507,0.92775,0.9282,1.00,3.20
2010.04.26 15:09:58.793,0.9277,0.92815,3.20,1.00
2010.04.26 15:10:00.573,0.9277,0.92815,3.20,1.60
2010.04.26 15:10:00.771,0.9277,0.92815,3.20,1.40
2010.04.26 15:10:00.973,0.9277,0.92815,3.20,1.00
2010.04.26 15:10:01.172,0.9277,0.92815,2.40,1.00
2010.04.26 15:10:02.091,0.9276,0.92805,3.20,1.00
2010.04.26 15:10:02.761,0.9276,0.9281,3.20,3.20
2010.04.26 15:10:05.890,0.9276,0.9281,3.20,3.10
2010.04.26 15:10:08.532,0.9277,0.9281,1.00,1.00
2010.04.26 15:10:10.559,0.9277,0.92815,3.20,1.00
2010.04.26 15:10:15.298,0.9277,0.92815,3.20,1.40
2010.04.26 15:10:15.558,0.9277,0.92815,3.20,1.00
2010.04.26 15:10:16.530,0.9277,0.9281,2.40,2.40
2010.04.26 15:10:16.628,0.92765,0.9281,1.00,4.80
2010.04.26 15:10:16.729,0.92765,0.9281,1.00,1.00
2010.04.26 15:10:16.828,0.92765,0.92815,1.00,1.00
2010.04.26 15:10:17.479,0.9277,0.92815,1.00,1.00
2010.04.26 15:10:17.818,0.9277,0.9281,1.00,2.40
2010.04.26 15:10:18.158,0.9277,0.92815,1.00,1.00
2010.04.26 15:10:18.497,0.9277,0.92815,3.20,1.00
2010.04.26 15:10:20.597,0.9277,0.92815,3.20,1.20
2010.04.26 15:10:20.856,0.9277,0.92815,3.20,1.00
2010.04.26 15:10:26.530,0.9277,0.9281,1.00,2.40
2010.04.26 15:10:26.856,0.92765,0.9281,1.30,3.20
2010.04.26 15:10:27.501,0.9276,0.9281,3.20,3.20
2010.04.26 15:10:27.665,0.92765,0.9281,1.00,3.20
2010.04.26 15:10:28.005,0.92765,0.9281,1.00,3.20
2010.04.26 15:10:32.523,0.9277,0.9281,2.40,1.00
2010.04.26 15:10:32.754,0.9277,0.92815,2.40,1.00
2010.04.26 15:10:36.324,0.92765,0.9281,1.00,2.40
2010.04.26 15:10:36.463,0.92765,0.9281,1.00,3.20
2010.04.26 15:10:36.624,0.9277,0.9281,2.40,1.00
2010.04.26 15:10:36.693,0.9277,0.92815,2.40,1.00
2010.04.26 15:10:37.827,0.9277,0.9281,2.40,1.00
2010.04.26 15:10:40.522,0.92765,0.9281,1.00,3.80
2010.04.26 15:10:40.834,0.9276,0.92805,3.20,1.00
2010.04.26 15:10:41.436,0.9277,0.92805,2.40,1.00
2010.04.26 15:10:41.774,0.9277,0.92815,2.40,1.00
2010.04.26 15:10:42.382,0.9277,0.92815,2.90,1.00
2010.04.26 15:10:42.684,0.9277,0.92815,3.20,1.00
2010.04.26 15:10:43.512,0.9277,0.92815,2.80,1.00
2010.04.26 15:10:44.781,0.9277,0.92815,3.20,1.00
2010.04.26 15:10:47.140,0.9277,0.9281,2.40,1.00
2010.04.26 15:10:48.150,0.92765,0.9281,1.00,3.20
2010.04.26 15:10:48.270,0.9276,0.9281,3.20,3.20
2010.04.26 15:10:48.899,0.9276,0.9281,3.20,2.80
2010.04.26 15:10:49.015,0.9277,0.92815,3.60,1.00
2010.04.26 15:10:49.204,0.9277,0.92815,3.20,1.00
2010.04.26 15:10:50.370,0.92775,0.9282,1.00,3.20
2010.04.26 15:10:51.369,0.92775,0.9282,1.00,1.20
2010.04.26 15:10:53.759,0.92775,0.9282,1.00,1.60
2010.04.26 15:10:54.358,0.92775,0.9282,1.00,1.50
2010.04.26 15:10:54.859,0.9278,0.9282,2.40,1.00
2010.04.26 15:10:56.707,0.92775,0.9282,1.00,1.00
2010.04.26 15:10:57.938,0.9278,0.92825,3.20,1.40
2010.04.26 15:10:58.137,0.9278,0.92825,3.20,1.00
2010.04.26 15:11:00.558,0.9279,0.92835,3.20,1.00
2010.04.26 15:11:00.748,0.928,0.92835,2.40,1.00
2010.04.26 15:11:01.108,0.928,0.92845,3.20,1.00
2010.04.26 15:11:02.379,0.928,0.9284,1.00,2.40
2010.04.26 15:11:02.639,0.928,0.92845,2.40,1.60
2010.04.26 15:11:03.439,0.928,0.9284,2.40,1.00
2010.04.26 15:11:03.778,0.92795,0.9284,1.00,3.20
2010.04.26 15:11:05.818,0.92795,0.9284,1.00,3.60
2010.04.26 15:11:07.985,0.92795,0.9284,1.00,3.10
2010.04.26 15:11:08.165,0.9279,0.9284,3.20,3.20
2010.04.26 15:11:09.006,0.92795,0.9284,1.00,3.20
2010.04.26 15:11:09.967,0.92805,0.92845,1.00,1.00
2010.04.26 15:11:10.195,0.92805,0.9285,1.00,3.20
2010.04.26 15:11:10.965,0.92805,0.9285,1.00,3.00
2010.04.26 15:11:11.255,0.92805,0.9285,1.00,2.80
2010.04.26 15:11:11.834,0.92805,0.9285,1.00,4.00
2010.04.26 15:11:15.084,0.92805,0.9285,1.00,3.20
2010.04.26 15:11:16.204,0.928,0.92845,3.20,1.00
2010.04.26 15:11:16.466,0.92805,0.9285,1.00,3.20
2010.04.26 15:11:17.973,0.9281,0.9285,2.40,1.00
2010.04.26 15:11:18.392,0.9281,0.92855,2.40,1.00
2010.04.26 15:11:21.853,0.9281,0.92855,3.20,1.00
2010.04.26 15:11:22.814,0.9281,0.92855,3.20,1.00
2010.04.26 15:11:24.014,0.9281,0.92855,3.20,1.00
2010.04.26 15:11:24.274,0.92815,0.9286,1.00,3.20
2010.04.26 15:11:25.622,0.92815,0.9286,1.20,1.00
2010.04.26 15:11:26.522,0.9282,0.92865,1.00,1.00
2010.04.26 15:11:28.444,0.9282,0.92865,3.20,1.00
2010.04.26 15:11:28.720,0.9282,0.92865,1.00,1.00
2010.04.26 15:11:29.270,0.92815,0.9286,1.00,3.20
2010.04.26 15:11:30.121,0.92815,0.9286,1.00,1.00
2010.04.26 15:11:32.190,0.9281,0.9286,3.20,3.20
2010.04.26 15:11:32.531,0.92815,0.9286,1.00,1.00
2010.04.26 15:11:41.489,0.92815,0.9286,1.00,3.20
2010.04.26 15:11:41.590,0.92815,0.9286,1.00,4.00
2010.04.26 15:11:41.688,0.92815,0.9286,1.00,3.20
2010.04.26 15:11:41.870,0.9281,0.9286,1.00,3.20
2010.04.26 15:11:42.717,0.9281,0.92855,1.00,1.00
2010.04.26 15:11:43.075,0.9281,0.92855,3.20,1.00
2010.04.26 15:11:44.613,0.9281,0.92855,1.00,1.00
2010.04.26 15:11:45.601,0.9281,0.9285,1.00,2.40
2010.04.26 15:11:45.818,0.92805,0.9285,1.00,3.20
2010.04.26 15:11:46.037,0.92805,0.9285,1.00,3.20
2010.04.26 15:11:46.774,0.92805,0.9285,1.00,3.20
2010.04.26 15:11:50.187,0.92805,0.9285,1.00,1.00
2010.04.26 15:11:51.185,0.92805,0.9285,1.00,3.20
2010.04.26 15:11:52.036,0.9281,0.9285,1.00,1.00
2010.04.26 15:11:52.205,0.9281,0.9285,1.00,3.20
2010.04.26 15:11:52.916,0.9281,0.9285,1.00,3.60
2010.04.26 15:11:53.256,0.9281,0.9285,3.20,1.00
2010.04.26 15:11:53.615,0.9281,0.92855,1.00,1.00
2010.04.26 15:11:55.215,0.9281,0.92855,1.00,1.20
2010.04.26 15:11:56.164,0.9281,0.92855,1.00,1.50
2010.04.26 15:11:57.695,0.9281,0.92855,3.20,1.00
2010.04.26 15:11:57.934,0.92815,0.9286,1.00,3.20
2010.04.26 15:11:58.995,0.9281,0.9286,1.00,4.60
2010.04.26 15:11:59.244,0.9281,0.9285,1.00,2.40
2010.04.26 15:12:03.568,0.9281,0.92855,1.00,1.20
2010.04.26 15:12:03.655,0.9281,0.92855,1.00,1.30
2010.04.26 15:12:04.397,0.9281,0.9285,1.00,2.40
2010.04.26 15:12:04.735,0.92805,0.9285,1.00,2.40
2010.04.26 15:12:07.530,0.92805,0.9285,1.00,3.20
2010.04.26 15:12:08.771,0.92805,0.9285,1.00,1.00
2010.04.26 15:12:09.532,0.92805,0.9285,1.00,2.40
2010.04.26 15:12:10.522,0.92805,0.9285,1.00,3.20
2010.04.26 15:12:11.223,0.92805,0.9285,1.00,1.00
2010.04.26 15:12:11.771,0.92805,0.9285,1.00,3.20
2010.04.26 15:12:12.471,0.928,0.92845,1.00,1.00
2010.04.26 15:12:13.360,0.92795,0.9284,1.00,2.80
2010.04.26 15:12:13.621,0.92795,0.9284,1.60,2.80
2010.04.26 15:12:14.303,0.92795,0.9284,1.60,1.00
2010.04.26 15:12:14.644,0.92795,0.9284,1.00,3.20
2010.04.26 15:12:14.985,0.928,0.9284,1.00,1.00
2010.04.26 15:12:15.900,0.92795,0.9284,1.60,3.20
2010.04.26 15:12:16.149,0.92795,0.9284,1.00,3.20
2010.04.26 15:12:17.756,0.92795,0.9284,1.60,1.00
2010.04.26 15:12:17.801,0.92795,0.9284,1.00,3.20
2010.04.26 15:12:18.348,0.92795,0.9284,1.60,3.20
2010.04.26 15:12:18.479,0.928,0.9284,2.40,1.00
2010.04.26 15:12:18.697,0.92795,0.9284,1.00,3.20
2010.04.26 15:12:19.311,0.92795,0.9284,1.60,3.20
2010.04.26 15:12:19.650,0.928,0.9284,2.40,1.00
2010.04.26 15:12:19.990,0.92795,0.9284,1.00,3.20
2010.04.26 15:12:20.241,0.9279,0.9284,4.00,3.20
2010.04.26 15:12:20.489,0.9279,0.9284,3.20,3.20
2010.04.26 15:12:20.739,0.92795,0.9284,1.00,3.20
2010.04.26 15:12:22.039,0.92795,0.9284,1.60,3.20
2010.04.26 15:12:22.147,0.928,0.9284,2.40,1.00
2010.04.26 15:12:22.479,0.92795,0.9284,1.00,3.20
2010.04.26 15:12:23.369,0.9279,0.9284,4.00,3.20
2010.04.26 15:12:23.708,0.9279,0.92835,1.00,1.00
2010.04.26 15:12:24.368,0.9279,0.92835,1.40,1.00
2010.04.26 15:12:25.220,0.92785,0.9283,1.00,2.40
2010.04.26 15:12:25.577,0.92785,0.9283,1.00,2.80
2010.04.26 15:12:26.521,0.9279,0.92835,3.20,1.00
2010.04.26 15:12:26.697,0.9279,0.92835,2.40,1.00
2010.04.26 15:12:27.207,0.92785,0.92835,1.60,1.00
2010.04.26 15:12:28.566,0.9279,0.92835,2.40,1.00
2010.04.26 15:12:30.114,0.92785,0.9283,1.60,2.40
2010.04.26 15:12:30.197,0.92785,0.9283,1.60,3.00
2010.04.26 15:12:30.285,0.92785,0.9283,1.60,1.00
2010.04.26 15:12:30.375,0.92785,0.9283,1.60,1.00
2010.04.26 15:12:30.556,0.9279,0.92835,2.40,1.00
2010.04.26 15:12:30.736,0.92785,0.9283,1.00,2.40
2010.04.26 15:12:30.916,0.92785,0.9283,1.60,2.40
2010.04.26 15:12:31.005,0.92785,0.92835,1.60,1.00
2010.04.26 15:12:31.186,0.9279,0.92835,2.40,1.60
2010.04.26 15:12:33.196,0.92785,0.9283,1.00,2.40
2010.04.26 15:12:33.405,0.92785,0.9283,1.00,3.20
2010.04.26 15:12:37.416,0.92785,0.9283,2.20,3.20
2010.04.26 15:12:37.645,0.9279,0.9283,2.40,1.00
2010.04.26 15:12:37.875,0.92785,0.92835,1.00,1.00
2010.04.26 15:12:38.685,0.92785,0.9283,1.00,1.00
2010.04.26 15:12:39.377,0.9279,0.9283,2.40,1.00
2010.04.26 15:12:40.380,0.92785,0.9283,1.00,1.00
2010.04.26 15:12:40.718,0.9279,0.9283,2.40,1.00
2010.04.26 15:12:41.055,0.92785,0.9283,1.20,3.20
2010.04.26 15:12:41.923,0.92785,0.9283,1.00,3.20
2010.04.26 15:12:42.263,0.92785,0.9283,1.00,3.20
2010.04.26 15:12:44.063,0.92785,0.9283,1.60,3.20
2010.04.26 15:12:44.273,0.92785,0.9283,1.00,3.20
2010.04.26 15:12:46.193,0.9278,0.9283,3.80,3.20
2010.04.26 15:12:47.066,0.9278,0.92825,3.20,1.00
2010.04.26 15:12:48.533,0.9278,0.9283,3.20,3.20
2010.04.26 15:12:48.842,0.9278,0.9282,1.00,2.40
2010.04.26 15:12:49.151,0.9278,0.9282,1.00,2.80
2010.04.26 15:12:50.032,0.9278,0.9282,1.60,2.80
2010.04.26 15:12:50.372,0.9278,0.9282,2.40,1.00
2010.04.26 15:12:50.712,0.9278,0.92825,1.00,1.00
2010.04.26 15:12:51.302,0.9278,0.92825,3.20,1.00
2010.04.26 15:12:51.533,0.9278,0.92825,2.40,1.00
2010.04.26 15:12:51.762,0.92775,0.92825,1.00,1.00
2010.04.26 15:12:52.231,0.9278,0.92825,1.00,1.00
2010.04.26 15:12:53.011,0.9278,0.92825,3.20,1.00
2010.04.26 15:12:53.311,0.9278,0.92825,1.00,1.00
2010.04.26 15:12:53.611,0.92775,0.9282,1.00,3.20
2010.04.26 15:12:54.587,0.92775,0.9282,1.00,2.90
2010.04.26 15:12:54.841,0.92775,0.9282,1.00,1.00
2010.04.26 15:12:55.120,0.92775,0.9282,1.00,3.20
2010.04.26 15:12:55.400,0.92775,0.9282,1.00,2.40
2010.04.26 15:12:55.968,0.92775,0.9282,1.00,3.20
2010.04.26 15:12:56.922,0.9278,0.92825,3.20,1.00
2010.04.26 15:12:57.518,0.9278,0.92825,1.00,1.00
2010.04.26 15:12:57.861,0.9278,0.92825,3.20,1.00
2010.04.26 15:12:58.370,0.92775,0.9282,1.00,4.40
2010.04.26 15:12:58.539,0.92765,0.9281,1.00,1.40
2010.04.26 15:12:59.143,0.92765,0.9281,1.00,3.80
2010.04.26 15:12:59.340,0.9276,0.928,2.40,1.00
2010.04.26 15:13:03.938,0.9276,0.92805,2.40,1.00
2010.04.26 15:13:06.297,0.9276,0.92805,3.10,1.00
2010.04.26 15:13:06.717,0.9276,0.92805,3.20,1.00
2010.04.26 15:13:08.329,0.9277,0.92805,2.40,1.00
2010.04.26 15:13:09.126,0.9276,0.92805,3.20,1.00
2010.04.26 15:13:10.846,0.92765,0.92805,1.00,1.00
2010.04.26 15:13:11.657,0.92765,0.9281,1.00,3.20
2010.04.26 15:13:11.789,0.9276,0.9281,3.20,3.20
2010.04.26 15:13:12.129,0.92765,0.92805,1.00,1.00
2010.04.26 15:13:13.088,0.9276,0.928,1.00,2.40
2010.04.26 15:13:13.768,0.9276,0.92805,3.20,1.40
2010.04.26 15:13:14.348,0.92765,0.9281,1.00,3.20
2010.04.26 15:13:14.936,0.92765,0.9281,1.00,1.00
2010.04.26 15:13:23.210,0.92765,0.92815,1.00,1.00
2010.04.26 15:13:23.303,0.9277,0.92815,2.40,1.00
2010.04.26 15:13:23.998,0.92765,0.9281,1.00,2.40
2010.04.26 15:13:24.047,0.92765,0.9281,1.00,3.20
2010.04.26 15:13:27.068,0.9276,0.9281,3.20,2.80
2010.04.26 15:13:27.464,0.9276,0.92805,3.20,1.00
2010.04.26 15:13:29.745,0.9276,0.92805,3.90,1.00
2010.04.26 15:13:30.082,0.9276,0.92805,3.20,1.00
2010.04.26 15:13:37.710,0.9276,0.92805,3.20,1.50
2010.04.26 15:13:38.029,0.9276,0.92805,3.20,1.40
2010.04.26 15:13:38.631,0.9276,0.92805,3.20,1.00
2010.04.26 15:13:38.830,0.9276,0.92805,3.20,1.60
2010.04.26 15:13:40.110,0.9276,0.92805,3.20,1.20
2010.04.26 15:13:41.652,0.9276,0.92805,3.20,1.40
2010.04.26 15:13:41.859,0.9276,0.92805,3.20,1.00
2010.04.26 15:13:42.159,0.9276,0.92805,3.20,1.00
2010.04.26 15:13:42.358,0.9276,0.92805,3.20,1.50
2010.04.26 15:13:43.492,0.9277,0.9281,2.40,1.00
2010.04.26 15:13:43.728,0.9277,0.9281,2.40,1.20
2010.04.26 15:13:44.088,0.92765,0.9281,1.00,3.20
2010.04.26 15:13:45.384,0.9277,0.9281,2.40,1.00
2010.04.26 15:13:47.149,0.92765,0.9281,1.00,3.20
2010.04.26 15:13:50.271,0.92765,0.9281,1.00,2.80
2010.04.26 15:13:51.223,0.92765,0.9281,1.00,1.00
2010.04.26 15:13:51.488,0.92765,0.9281,1.00,1.00
2010.04.26 15:13:53.146,0.92765,0.9281,1.00,3.20
2010.04.26 15:13:54.526,0.9276,0.92805,3.20,1.00
2010.04.26 15:14:01.375,0.9276,0.928,1.00,2.40
2010.04.26 15:14:01.940,0.92755,0.928,1.00,3.20
2010.04.26 15:14:01.997,0.9275,0.928,3.20,3.20
2010.04.26 15:14:05.302,0.9275,0.92795,3.20,1.00
2010.04.26 15:14:14.433,0.92755,0.928,1.00,3.20
2010.04.26 15:14:16.113,0.92755,0.928,1.00,1.00
2010.04.26 15:14:16.882,0.9276,0.928,2.40,1.00
2010.04.26 15:14:17.204,0.92755,0.928,1.00,3.20
2010.04.26 15:14:18.732,0.92755,0.92805,1.00,1.00
2010.04.26 15:14:19.310,0.9276,0.92805,2.40,1.00
2010.04.26 15:14:20.460,0.9276,0.92805,3.20,1.00
2010.04.26 15:14:21.369,0.9276,0.92805,1.00,1.00
2010.04.26 15:14:23.414,0.9276,0.92805,3.20,1.00
2010.04.26 15:14:24.844,0.9276,0.92805,3.60,1.00
2010.04.26 15:14:26.061,0.92765,0.9281,1.00,3.20
2010.04.26 15:14:27.940,0.9277,0.9281,2.40,1.00
2010.04.26 15:14:28.087,0.9277,0.92805,2.40,1.00
2010.04.26 15:14:28.227,0.9277,0.9281,2.40,1.00
2010.04.26 15:14:28.368,0.9277,0.92815,2.40,1.00
2010.04.26 15:14:29.068,0.9277,0.92815,2.90,1.00
2010.04.26 15:14:29.647,0.9277,0.92815,1.00,1.00
2010.04.26 15:14:29.938,0.9277,0.92815,2.40,1.00
2010.04.26 15:14:31.188,0.92765,0.92815,1.00,1.00
2010.04.26 15:14:32.857,0.9277,0.92815,3.20,1.00
2010.04.26 15:14:33.188,0.9277,0.92815,2.40,1.00
2010.04.26 15:14:33.789,0.9277,0.92815,3.20,1.00
2010.04.26 15:14:36.677,0.9277,0.9281,2.40,1.00
2010.04.26 15:14:41.086,0.92755,0.928,1.60,2.40
2010.04.26 15:14:41.425,0.9276,0.9281,3.20,3.20
2010.04.26 15:14:42.378,0.92765,0.92805,1.00,1.00
2010.04.26 15:14:42.717,0.9277,0.9281,1.00,1.30
2010.04.26 15:14:44.304,0.9277,0.92815,1.00,1.00
2010.04.26 15:14:45.024,0.9277,0.92815,1.00,1.00
2010.04.26 15:14:45.244,0.9277,0.92815,1.00,1.00
2010.04.26 15:14:45.935,0.9277,0.92815,1.00,1.00
2010.04.26 15:14:46.454,0.9277,0.92815,1.00,1.40
2010.04.26 15:14:46.725,0.9277,0.92815,3.20,1.00
2010.04.26 15:14:47.439,0.9277,0.9281,1.00,2.40
2010.04.26 15:14:47.645,0.9277,0.9281,1.00,2.80
2010.04.26 15:14:48.082,0.9277,0.9281,1.00,3.10
2010.04.26 15:14:49.879,0.92765,0.9281,1.00,3.10
2010.04.26 15:14:51.484,0.9276,0.9281,1.00,4.00
2010.04.26 15:14:51.662,0.92765,0.9281,1.00,3.20
2010.04.26 15:14:53.683,0.9276,0.9281,1.00,4.00
2010.04.26 15:14:54.370,0.9276,0.9281,1.00,3.90
2010.04.26 15:14:54.717,0.9276,0.928,1.00,1.00
2010.04.26 15:14:58.689,0.9276,0.928,3.20,1.00
2010.04.26 15:14:58.920,0.9276,0.92805,3.20,1.00
2010.04.26 15:14:59.821,0.9277,0.9281,2.40,1.00
2010.04.26 15:15:01.531,0.92755,0.92795,1.00,1.00
2010.04.26 15:15:02.950,0.9275,0.928,4.00,3.20
2010.04.26 15:15:05.560,0.9275,0.9279,1.00,2.80
2010.04.26 15:15:05.918,0.9275,0.9279,1.00,2.40
2010.04.26 15:15:08.179,0.9275,0.9279,1.60,2.40
2010.04.26 15:15:08.318,0.9275,0.92795,4.00,1.00
2010.04.26 15:15:09.329,0.9275,0.9279,1.00,2.40
2010.04.26 15:15:10.299,0.9275,0.9279,2.40,1.00
2010.04.26 15:15:10.638,0.9275,0.92795,3.20,1.00
2010.04.26 15:15:10.977,0.92755,0.928,1.00,3.20
2010.04.26 15:15:13.737,0.9275,0.9279,1.00,2.90
2010.04.26 15:15:14.040,0.9275,0.9279,1.00,2.40
2010.04.26 15:15:14.497,0.92745,0.9279,1.00,2.80
2010.04.26 15:15:15.577,0.92745,0.9279,1.00,2.90
2010.04.26 15:15:15.916,0.92745,0.9279,1.00,2.80
2010.04.26 15:15:16.587,0.92745,0.9279,1.00,3.00
2010.04.26 15:15:16.847,0.92745,0.9278,1.00,2.40
2010.04.26 15:15:17.107,0.9274,0.92785,3.20,1.00
2010.04.26 15:15:17.345,0.9274,0.92785,3.20,1.00
2010.04.26 15:15:18.375,0.92745,0.9279,1.00,2.90
2010.04.26 15:15:19.007,0.92745,0.9279,1.00,3.20
2010.04.26 15:15:20.654,0.92745,0.92785,1.00,1.00
2010.04.26 15:15:20.796,0.9274,0.9278,1.00,2.40
2010.04.26 15:15:21.806,0.9275,0.92785,2.40,1.00
2010.04.26 15:15:22.970,0.9275,0.92795,2.40,1.00
2010.04.26 15:15:23.318,0.9275,0.92795,3.20,1.00
2010.04.26 15:15:23.656,0.92755,0.928,1.00,3.20
2010.04.26 15:15:23.996,0.9275,0.92795,3.20,1.00
2010.04.26 15:15:26.996,0.9275,0.9279,2.40,1.00
2010.04.26 15:15:28.905,0.92745,0.9279,1.00,3.90
2010.04.26 15:15:29.561,0.92745,0.9279,1.00,4.70
2010.04.26 15:15:29.855,0.9274,0.9278,2.40,1.00
2010.04.26 15:15:30.991,0.9274,0.92785,3.20,1.00
2010.04.26 15:15:32.794,0.92735,0.9278,1.00,3.20
2010.04.26 15:15:33.133,0.92735,0.9278,1.00,3.60
2010.04.26 15:15:33.472,0.92735,0.9278,1.00,3.20
2010.04.26 15:15:34.394,0.9274,0.9278,2.40,1.00
2010.04.26 15:15:34.732,0.9274,0.92785,3.20,1.00
2010.04.26 15:15:35.052,0.9275,0.9279,2.40,1.00
2010.04.26 15:15:35.212,0.92745,0.9279,1.00,3.20
2010.04.26 15:15:35.531,0.92745,0.9279,1.00,3.60
2010.04.26 15:15:36.865,0.92745,0.9279,1.00,4.40
2010.04.26 15:15:37.974,0.9274,0.9278,2.40,1.00
2010.04.26 15:15:43.331,0.9273,0.92775,3.20,1.00
2010.04.26 15:15:44.429,0.9273,0.92775,3.20,1.00
2010.04.26 15:15:45.352,0.9273,0.92775,3.20,1.20
2010.04.26 15:15:45.691,0.92725,0.9277,1.00,2.40
2010.04.26 15:15:45.980,0.9273,0.92775,2.40,1.00
2010.04.26 15:15:46.269,0.9273,0.9278,3.20,3.20
2010.04.26 15:15:50.700,0.9274,0.9278,2.40,1.00
2010.04.26 15:15:51.038,0.9274,0.92785,2.40,1.00
2010.04.26 15:15:51.868,0.92735,0.9278,1.00,2.40
2010.04.26 15:15:52.080,0.92735,0.9278,1.00,3.20
2010.04.26 15:15:52.420,0.9274,0.9278,2.40,1.00
2010.04.26 15:15:53.099,0.92735,0.9278,1.00,3.20
2010.04.26 15:15:53.878,0.9274,0.9278,2.40,1.00
2010.04.26 15:15:56.499,0.92735,0.9278,1.00,3.90
2010.04.26 15:15:56.767,0.9273,0.9278,3.20,3.90
2010.04.26 15:15:57.037,0.9273,0.92775,3.20,1.00
2010.04.26 15:15:57.865,0.9273,0.9277,1.00,2.40
2010.04.26 15:15:58.210,0.9273,0.9277,2.40,1.00
2010.04.26 15:15:59.476,0.9273,0.9277,3.20,1.00
2010.04.26 15:16:01.307,0.9274,0.92775,2.40,1.00
2010.04.26 15:16:08.075,0.9274,0.9278,2.40,1.00
2010.04.26 15:16:08.936,0.9274,0.92775,2.40,1.00
2010.04.26 15:16:09.197,0.9275,0.9278,2.40,1.60
2010.04.26 15:16:09.794,0.9274,0.9278,2.40,1.60
2010.04.26 15:16:10.135,0.92735,0.9278,1.00,3.10
2010.04.26 15:16:10.475,0.9274,0.9278,2.40,1.00
2010.04.26 15:16:11.373,0.9274,0.9278,2.40,3.20
2010.04.26 15:16:11.700,0.9274,0.9278,2.40,1.00
2010.04.26 15:16:16.122,0.9274,0.9278,2.40,1.20
2010.04.26 15:16:16.382,0.9274,0.9278,2.40,1.00
2010.04.26 15:16:20.462,0.9274,0.92785,2.40,1.20
2010.04.26 15:16:21.741,0.9274,0.92785,3.20,1.50
2010.04.26 15:16:21.980,0.9274,0.92785,3.20,1.00
2010.04.26 15:16:22.280,0.9274,0.92785,3.20,1.00
2010.04.26 15:16:24.322,0.9275,0.9279,2.40,1.00
2010.04.26 15:16:27.211,0.9275,0.92785,2.40,1.00
2010.04.26 15:16:28.572,0.9275,0.9279,2.40,1.00
2010.04.26 15:16:28.901,0.9276,0.928,2.40,1.00
2010.04.26 15:16:30.200,0.9277,0.92805,2.40,1.00
2010.04.26 15:16:30.538,0.9277,0.928,2.40,1.00
2010.04.26 15:16:31.711,0.9276,0.928,2.40,1.00
2010.04.26 15:16:32.197,0.9277,0.928,2.40,1.00
2010.04.26 15:16:33.337,0.9276,0.928,2.40,1.00
2010.04.26 15:16:33.679,0.92755,0.92795,1.00,1.20
2010.04.26 15:16:34.018,0.92745,0.9279,1.00,4.00
2010.04.26 15:16:34.838,0.9275,0.9279,2.40,1.00
2010.04.26 15:16:35.166,0.9274,0.92785,2.40,1.00
2010.04.26 15:16:35.465,0.9275,0.9278,2.40,1.00
2010.04.26 15:16:36.269,0.9274,0.9278,2.40,1.00
2010.04.26 15:16:36.553,0.9274,0.92775,2.40,1.00
2010.04.26 15:16:36.838,0.9275,0.92775,2.40,1.00
2010.04.26 15:16:37.420,0.9275,0.9278,2.40,1.00
2010.04.26 15:16:37.706,0.9274,0.9278,2.40,1.00
2010.04.26 15:16:38.046,0.9275,0.9278,2.40,1.00
2010.04.26 15:16:39.582,0.9274,0.92785,2.40,1.00
2010.04.26 15:16:39.829,0.9275,0.92785,2.40,1.00
2010.04.26 15:16:41.816,0.9274,0.92785,2.40,1.00
2010.04.26 15:16:42.075,0.9275,0.92785,2.40,1.00
2010.04.26 15:16:43.147,0.9274,0.92785,2.40,1.00
2010.04.26 15:16:45.514,0.9275,0.92785,2.40,1.00
2010.04.26 15:16:46.446,0.9274,0.92785,2.40,1.00
2010.04.26 15:16:46.717,0.9274,0.9278,2.40,1.00
2010.04.26 15:16:46.994,0.9274,0.92775,2.40,1.00
2010.04.26 15:16:54.194,0.9274,0.9278,3.20,1.00
2010.04.26 15:16:54.415,0.9275,0.92785,2.40,1.00
2010.04.26 15:16:56.044,0.9274,0.92785,3.20,1.00
2010.04.26 15:16:56.969,0.9274,0.92785,3.20,1.20
2010.04.26 15:17:02.788,0.9274,0.92785,4.00,1.20
2010.04.26 15:17:03.062,0.9275,0.92785,2.40,1.00
2010.04.26 15:17:04.972,0.9274,0.92785,3.20,1.50
2010.04.26 15:17:05.779,0.9274,0.9278,2.40,1.00
2010.04.26 15:17:06.123,0.9274,0.9278,2.40,1.60
2010.04.26 15:17:06.460,0.9274,0.9278,2.40,1.00
2010.04.26 15:17:07.649,0.9274,0.92775,2.40,1.00
2010.04.26 15:17:16.549,0.9273,0.92775,3.20,1.00
2010.04.26 15:17:17.178,0.9274,0.92775,2.40,1.00
2010.04.26 15:17:17.296,0.9273,0.92775,3.20,1.00
2010.04.26 15:17:17.637,0.9273,0.92775,3.20,1.60
2010.04.26 15:17:23.787,0.9273,0.92775,3.20,2.40
2010.04.26 15:17:23.986,0.9273,0.92775,3.20,1.60
2010.04.26 15:17:24.186,0.9273,0.9277,3.20,1.00
2010.04.26 15:17:24.385,0.9273,0.92775,3.20,2.00
2010.04.26 15:17:24.545,0.9273,0.9277,2.40,1.00
2010.04.26 15:17:28.305,0.9273,0.9277,3.20,1.00
2010.04.26 15:17:28.645,0.9273,0.9277,2.40,1.00
2010.04.26 15:17:30.884,0.9273,0.9277,2.40,1.00
2010.04.26 15:17:32.030,0.9274,0.92765,2.40,1.00
2010.04.26 15:17:32.354,0.9273,0.92765,2.40,1.00
2010.04.26 15:17:32.674,0.9274,0.9277,2.40,1.00
2010.04.26 15:17:33.479,0.9273,0.92775,3.20,1.00
2010.04.26 15:17:33.817,0.9274,0.92775,2.40,1.00
2010.04.26 15:17:36.542,0.9274,0.92775,2.40,1.00
2010.04.26 15:17:36.723,0.9275,0.9278,2.40,1.00
2010.04.26 15:17:36.902,0.9274,0.9278,2.40,1.00
2010.04.26 15:17:37.262,0.9274,0.92775,2.40,1.00
2010.04.26 15:17:39.791,0.9274,0.9278,2.40,1.00
2010.04.26 15:17:40.501,0.9274,0.92785,3.20,1.60
2010.04.26 15:17:40.831,0.9274,0.92785,3.20,1.30
2010.04.26 15:17:41.491,0.9274,0.9278,2.40,1.00
2010.04.26 15:17:44.653,0.9275,0.92785,2.40,1.00
2010.04.26 15:17:48.251,0.9275,0.9279,2.40,1.00
2010.04.26 15:17:48.420,0.9276,0.9279,2.40,1.00
2010.04.26 15:17:48.590,0.9276,0.92805,2.40,1.00
2010.04.26 15:17:49.321,0.9276,0.92805,3.20,1.60
2010.04.26 15:17:49.589,0.9276,0.92805,3.20,1.50
2010.04.26 15:17:49.859,0.9276,0.928,3.20,1.00
2010.04.26 15:17:50.722,0.9276,0.92805,3.20,1.00
2010.04.26 15:17:51.322,0.9277,0.92805,2.40,1.00
2010.04.26 15:17:51.999,0.9276,0.92805,3.20,1.00
2010.04.26 15:17:52.240,0.9277,0.92805,2.40,1.30
2010.04.26 15:17:53.063,0.9277,0.92805,2.40,1.50
2010.04.26 15:17:54.068,0.9277,0.92805,2.40,2.30
2010.04.26 15:17:54.247,0.9276,0.92805,3.20,2.30
2010.04.26 15:17:54.959,0.9276,0.92805,3.20,1.60
2010.04.26 15:17:55.138,0.9276,0.92805,3.20,1.00
2010.04.26 15:17:55.378,0.9277,0.92805,2.40,1.00
2010.04.26 15:17:59.288,0.9277,0.92805,2.40,1.50
2010.04.26 15:17:59.808,0.9277,0.92805,2.40,1.40
2010.04.26 15:18:00.028,0.9277,0.92805,2.40,1.00
2010.04.26 15:18:02.778,0.9276,0.92805,3.20,1.40
2010.04.26 15:18:03.989,0.9276,0.92805,3.20,1.00
2010.04.26 15:18:06.299,0.9276,0.92805,3.20,1.60
2010.04.26 15:18:09.212,0.9276,0.92805,3.20,1.20
2010.04.26 15:18:09.837,0.9276,0.92805,3.20,1.00
2010.04.26 15:18:13.253,0.9277,0.9281,2.40,1.00
2010.04.26 15:18:14.359,0.92765,0.9281,1.00,3.20
2010.04.26 15:18:15.427,0.9276,0.92805,3.20,1.00
2010.04.26 15:18:15.763,0.9276,0.9281,3.20,3.20
2010.04.26 15:18:16.633,0.9276,0.9281,3.20,3.60
2010.04.26 15:18:16.928,0.9276,0.92805,3.70,1.00
2010.04.26 15:18:17.183,0.9276,0.92805,3.20,1.00
2010.04.26 15:18:18.256,0.9275,0.9279,2.40,1.00
2010.04.26 15:18:18.544,0.9274,0.92785,3.20,1.00
2010.04.26 15:18:19.594,0.9275,0.9279,2.40,1.00
2010.04.26 15:18:20.122,0.9274,0.92785,3.20,1.00
2010.04.26 15:18:20.689,0.9274,0.92785,3.20,1.60
2010.04.26 15:18:20.953,0.9274,0.9278,2.40,1.00
2010.04.26 15:18:22.894,0.9274,0.9278,2.40,1.00
2010.04.26 15:18:23.142,0.9274,0.9278,2.40,1.00
2010.04.26 15:18:26.034,0.9275,0.9278,2.40,1.00
2010.04.26 15:18:26.321,0.9274,0.9278,2.40,1.00
2010.04.26 15:18:28.101,0.9275,0.9278,2.40,1.00
2010.04.26 15:18:28.760,0.9274,0.9278,2.40,1.00
2010.04.26 15:18:31.157,0.9274,0.9278,2.40,1.00
2010.04.26 15:18:32.059,0.9274,0.9278,2.40,1.00
2010.04.26 15:18:33.460,0.9274,0.92775,2.40,1.00
2010.04.26 15:18:37.856,0.9274,0.9278,2.40,1.00
2010.04.26 15:18:38.090,0.9275,0.9278,2.40,1.00
2010.04.26 15:18:38.319,0.9275,0.92785,2.40,1.00
2010.04.26 15:18:40.627,0.9275,0.9279,2.40,1.00
2010.04.26 15:18:41.864,0.9275,0.92785,2.40,1.00
2010.04.26 15:18:42.727,0.9274,0.92785,3.20,1.00
2010.04.26 15:18:44.581,0.9274,0.92785,3.20,1.00
2010.04.26 15:18:44.704,0.9274,0.92785,2.40,1.00
2010.04.26 15:18:44.786,0.9275,0.92785,2.40,1.00
2010.04.26 15:18:52.554,0.9274,0.92785,3.20,1.00
2010.04.26 15:18:54.364,0.9275,0.92785,2.40,1.00
2010.04.26 15:19:02.123,0.9276,0.928,2.40,1.30
2010.04.26 15:19:02.362,0.9276,0.928,2.40,1.00
2010.04.26 15:19:03.602,0.9276,0.928,3.20,1.00
2010.04.26 15:19:03.912,0.9276,0.92805,3.20,1.60
2010.04.26 15:19:04.221,0.9276,0.928,2.40,1.00
2010.04.26 15:19:09.420,0.9275,0.928,3.20,3.20
2010.04.26 15:19:10.078,0.9275,0.928,3.20,3.60
2010.04.26 15:19:10.370,0.9275,0.92795,3.20,1.00
2010.04.26 15:19:11.150,0.92745,0.9279,1.00,2.90
2010.04.26 15:19:11.339,0.9275,0.9279,2.40,1.00
2010.04.26 15:19:11.529,0.9275,0.9279,2.40,1.00
2010.04.26 15:19:11.720,0.9275,0.9279,3.20,1.00
2010.04.26 15:19:13.799,0.9275,0.92795,3.20,1.00
2010.04.26 15:19:13.919,0.9276,0.92795,2.40,1.00
2010.04.26 15:19:14.279,0.9276,0.928,2.40,1.00
2010.04.26 15:19:15.168,0.9276,0.928,2.40,1.20
2010.04.26 15:19:15.398,0.9276,0.928,2.40,1.00
2010.04.26 15:19:18.147,0.9275,0.928,3.20,3.20
2010.04.26 15:19:18.833,0.9275,0.92795,3.20,1.00
2010.04.26 15:19:19.777,0.9275,0.92795,3.20,1.00
2010.04.26 15:19:20.598,0.9275,0.92795,3.20,1.00
2010.04.26 15:19:21.367,0.9275,0.92795,3.20,1.50
2010.04.26 15:19:21.617,0.9275,0.9279,3.20,1.00
2010.04.26 15:19:22.627,0.9275,0.9279,3.20,1.00
2010.04.26 15:19:22.879,0.9275,0.92795,3.20,1.00
2010.04.26 15:19:27.767,0.9275,0.92795,3.20,1.00
2010.04.26 15:19:28.107,0.9275,0.92795,3.20,1.20
2010.04.26 15:19:28.446,0.9276,0.92795,2.40,1.00
2010.04.26 15:19:31.226,0.9275,0.928,3.20,2.80
2010.04.26 15:19:31.486,0.9275,0.928,3.70,3.20
2010.04.26 15:19:31.745,0.9275,0.9279,1.00,2.40
2010.04.26 15:19:32.555,0.92745,0.9279,1.00,2.80
2010.04.26 15:19:34.219,0.9276,0.92795,2.40,1.00
2010.04.26 15:19:34.555,0.9276,0.928,3.20,1.00
2010.04.26 15:19:34.794,0.92765,0.9281,1.00,4.00
2010.04.26 15:19:35.033,0.9276,0.92805,3.20,1.00
2010.04.26 15:19:35.815,0.9276,0.928,2.40,1.00
2010.04.26 15:19:36.694,0.9277,0.92805,2.40,1.00
2010.04.26 15:19:37.533,0.9277,0.9281,2.40,1.00
2010.04.26 15:19:38.393,0.9277,0.92815,3.20,1.00
2010.04.26 15:19:38.653,0.9277,0.9281,2.40,1.00
2010.04.26 15:19:39.704,0.9278,0.92815,2.40,1.00
2010.04.26 15:19:39.824,0.9278,0.92815,2.40,1.60
2010.04.26 15:19:39.932,0.9277,0.92815,2.40,1.60
2010.04.26 15:19:40.272,0.9277,0.92815,2.40,1.00
2010.04.26 15:19:41.123,0.9276,0.9281,3.20,3.20
2010.04.26 15:19:41.333,0.9276,0.92805,3.20,1.00
2010.04.26 15:19:44.887,0.9277,0.92805,2.40,1.00
2010.04.26 15:19:45.432,0.9276,0.92805,3.20,1.00
2010.04.26 15:19:45.773,0.9276,0.9281,3.20,3.20
2010.04.26 15:19:46.623,0.9277,0.9281,2.40,1.00
2010.04.26 15:19:48.980,0.9277,0.9281,2.40,1.20
2010.04.26 15:19:50.270,0.92765,0.9281,1.00,3.60
2010.04.26 15:19:50.341,0.92765,0.9281,1.00,2.80
2010.04.26 15:19:50.970,0.92765,0.92805,1.00,1.00
2010.04.26 15:19:51.040,0.9276,0.92805,3.20,1.00
2010.04.26 15:19:52.310,0.9276,0.92805,3.20,1.00
2010.04.26 15:19:53.839,0.9276,0.92805,3.20,1.30
2010.04.26 15:19:54.961,0.9276,0.92805,3.20,1.00
2010.04.26 15:19:55.771,0.9276,0.92805,3.20,1.00
2010.04.26 15:19:57.438,0.9276,0.92805,3.20,1.30
2010.04.26 15:19:58.259,0.9276,0.92805,3.20,1.00
2010.04.26 15:19:58.599,0.9276,0.92805,3.20,1.00
2010.04.26 15:20:00.607,0.9276,0.92805,3.20,1.00
2010.04.26 15:20:00.787,0.9276,0.92805,3.20,1.00
2010.04.26 15:20:05.168,0.9276,0.92805,3.20,1.00
2010.04.26 15:20:11.647,0.9276,0.92805,3.20,1.20
2010.04.26 15:20:15.516,0.9276,0.92805,3.20,1.00
2010.04.26 15:20:17.674,0.9276,0.92805,3.20,1.30
2010.04.26 15:20:18.014,0.9277,0.9281,2.40,1.00
2010.04.26 15:20:21.252,0.9277,0.92815,3.20,1.00
2010.04.26 15:20:23.912,0.9277,0.92815,3.20,1.60
2010.04.26 15:20:24.000,0.9277,0.9281,1.00,2.40
2010.04.26 15:20:24.112,0.92765,0.9281,1.00,3.20
2010.04.26 15:20:24.695,0.9277,0.9281,2.40,1.00
2010.04.26 15:20:28.450,0.92765,0.9281,1.00,3.20
2010.04.26 15:20:28.700,0.92765,0.9281,1.00,2.90
2010.04.26 15:20:34.199,0.9277,0.9281,2.40,1.00
2010.04.26 15:20:34.829,0.92765,0.9281,1.00,3.20
2010.04.26 15:20:35.320,0.92765,0.92805,1.00,1.00
2010.04.26 15:20:36.147,0.9276,0.92805,3.20,1.00
2010.04.26 15:20:37.430,0.9277,0.9281,2.40,1.00
2010.04.26 15:20:44.682,0.9276,0.9281,3.20,3.20
2010.04.26 15:20:44.817,0.9276,0.92805,3.20,1.00
2010.04.26 15:20:46.107,0.9277,0.9281,2.40,1.00
2010.04.26 15:20:46.786,0.9277,0.9281,2.40,3.20
2010.04.26 15:20:48.536,0.9277,0.9281,2.40,1.00
2010.04.26 15:20:48.876,0.9278,0.92815,2.40,1.00
2010.04.26 15:21:01.995,0.9278,0.92825,3.20,1.20
2010.04.26 15:21:02.302,0.9278,0.9283,3.20,3.20
2010.04.26 15:21:09.950,0.9278,0.9283,3.20,4.00
2010.04.26 15:21:10.191,0.9278,0.9282,1.00,2.40
2010.04.26 15:21:10.431,0.9278,0.92825,3.20,1.00
2010.04.26 15:21:11.029,0.9278,0.92825,3.20,1.00
2010.04.26 15:21:11.362,0.9278,0.9282,1.00,2.40
2010.04.26 15:21:11.701,0.9278,0.9282,1.00,3.20
2010.04.26 15:21:13.151,0.9278,0.9282,1.00,2.40
2010.04.26 15:21:13.450,0.9278,0.9282,1.00,3.10
2010.04.26 15:21:13.750,0.9278,0.92825,3.20,1.20
2010.04.26 15:21:14.622,0.9278,0.9282,1.00,2.40
2010.04.26 15:21:20.098,0.9278,0.92825,3.20,1.20
2010.04.26 15:21:21.704,0.9278,0.9282,3.20,1.00
2010.04.26 15:21:23.830,0.9278,0.92825,3.20,1.00
2010.04.26 15:21:27.053,0.9278,0.92825,3.20,1.00
2010.04.26 15:21:28.846,0.9278,0.9282,3.20,1.00
2010.04.26 15:21:32.476,0.9278,0.92825,3.20,1.50
2010.04.26 15:21:37.604,0.9278,0.9282,3.20,1.00
2010.04.26 15:21:39.695,0.9278,0.92825,3.20,1.30
2010.04.26 15:21:40.094,0.9278,0.92825,3.20,1.00
2010.04.26 15:21:40.293,0.9278,0.9282,3.20,1.00
2010.04.26 15:21:45.842,0.9278,0.92825,3.20,1.00
2010.04.26 15:21:46.023,0.9278,0.9282,3.20,1.00
2010.04.26 15:21:47.132,0.9278,0.92825,3.20,1.20
2010.04.26 15:21:47.472,0.9278,0.9282,3.20,1.00
2010.04.26 15:21:49.432,0.9278,0.9282,3.20,1.00
2010.04.26 15:21:59.148,0.9278,0.9282,1.00,2.90
2010.04.26 15:22:01.538,0.9278,0.9282,3.20,1.00
2010.04.26 15:22:01.799,0.9278,0.92825,3.20,1.00
2010.04.26 15:22:02.058,0.92785,0.9283,1.00,3.20
2010.04.26 15:22:04.078,0.9279,0.9283,2.40,1.00
2010.04.26 15:22:04.807,0.92785,0.9283,1.00,2.80
2010.04.26 15:22:05.189,0.92785,0.9283,1.00,3.10
2010.04.26 15:22:06.257,0.92785,0.9283,1.00,2.80
2010.04.26 15:22:12.856,0.92785,0.9283,1.00,3.00
2010.04.26 15:22:13.672,0.92785,0.9283,1.00,3.80
2010.04.26 15:22:15.425,0.92785,0.9283,1.00,3.70
2010.04.26 15:22:22.185,0.92785,0.9283,1.00,3.20
2010.04.26 15:22:27.552,0.92785,0.92825,1.00,1.00
2010.04.26 15:22:29.542,0.92785,0.9283,1.00,2.80
2010.04.26 15:22:30.873,0.92785,0.9283,1.00,3.70
2010.04.26 15:22:31.714,0.9278,0.92825,3.20,1.00
2010.04.26 15:22:32.044,0.9278,0.9283,3.20,3.20
2010.04.26 15:22:32.430,0.9278,0.9283,3.20,4.00
2010.04.26 15:22:32.580,0.9278,0.9282,1.00,2.40
2010.04.26 15:22:35.587,0.92775,0.9282,1.00,2.40
2010.04.26 15:22:36.050,0.92775,0.9282,1.00,3.10
2010.04.26 15:22:39.442,0.92775,0.9282,1.00,3.00
2010.04.26 15:22:41.732,0.92775,0.9282,1.00,2.90
2010.04.26 15:22:43.389,0.9277,0.9281,1.00,2.40
2010.04.26 15:22:43.728,0.9277,0.9281,1.00,3.00
2010.04.26 15:22:44.617,0.9277,0.9281,3.20,1.00
2010.04.26 15:22:44.830,0.9277,0.92815,3.20,1.00
2010.04.26 15:22:54.707,0.92775,0.9282,1.00,2.80
2010.04.26 15:22:55.015,0.92775,0.9282,1.00,2.40
2010.04.26 15:22:57.025,0.9277,0.9281,1.00,2.40
2010.04.26 15:22:57.155,0.9277,0.9281,1.00,2.40
2010.04.26 15:23:00.388,0.9277,0.9282,3.20,3.20
2010.04.26 15:23:00.575,0.92775,0.9282,1.00,3.20
2010.04.26 15:23:02.236,0.9277,0.9282,3.20,3.20
2010.04.26 15:23:02.394,0.9277,0.92815,3.20,1.00
2010.04.26 15:23:04.224,0.92765,0.928,1.60,2.40
2010.04.26 15:23:04.494,0.92765,0.9281,1.00,3.10
2010.04.26 15:23:04.593,0.92765,0.9281,1.00,2.40
2010.04.26 15:23:04.793,0.9277,0.9281,1.00,2.40
2010.04.26 15:23:06.533,0.92765,0.9281,1.00,2.40
2010.04.26 15:23:08.003,0.9277,0.92815,2.40,1.00
2010.04.26 15:23:08.761,0.9277,0.92815,3.20,1.00
2010.04.26 15:23:10.344,0.92775,0.92815,1.00,1.00
2010.04.26 15:23:11.834,0.92775,0.9282,1.00,2.80
2010.04.26 15:23:17.150,0.92775,0.9282,1.00,3.80
2010.04.26 15:23:18.279,0.9277,0.92815,3.20,1.40
2010.04.26 15:23:18.622,0.9277,0.9281,1.00,2.40
2010.04.26 15:23:19.649,0.9277,0.92815,3.20,1.00
2010.04.26 15:23:22.632,0.9277,0.92815,2.90,1.00
2010.04.26 15:23:22.690,0.92775,0.9282,1.00,3.20
2010.04.26 15:23:34.207,0.9278,0.9282,1.00,2.40
2010.04.26 15:23:35.927,0.9278,0.9282,1.00,2.80
2010.04.26 15:23:37.987,0.9278,0.9281,1.00,2.40
2010.04.26 15:23:38.131,0.92775,0.92815,1.00,1.00
2010.04.26 15:23:38.267,0.9277,0.92815,3.20,1.00
2010.04.26 15:23:38.655,0.92765,0.92815,1.50,1.00
2010.04.26 15:23:38.784,0.92765,0.9281,1.50,2.40
2010.04.26 15:23:38.916,0.92765,0.9281,1.00,2.40
2010.04.26 15:23:39.897,0.92765,0.9281,1.00,3.20
2010.04.26 15:23:40.235,0.92765,0.9281,1.00,2.40
2010.04.26 15:23:41.107,0.9277,0.92815,2.40,1.00
2010.04.26 15:23:41.381,0.9277,0.92815,3.20,1.00
2010.04.26 15:23:44.444,0.9277,0.92815,3.20,1.00
2010.04.26 15:23:44.733,0.9278,0.92815,2.40,1.00
2010.04.26 15:23:45.023,0.9278,0.92825,3.20,1.00
2010.04.26 15:23:50.135,0.9278,0.92825,3.20,1.00
2010.04.26 15:23:53.961,0.9278,0.9282,1.00,2.40
2010.04.26 15:23:56.676,0.9278,0.92825,3.20,1.00
2010.04.26 15:23:57.202,0.9278,0.92825,4.00,1.00
2010.04.26 15:24:02.979,0.92785,0.9283,1.00,3.00
2010.04.26 15:24:04.350,0.92785,0.92825,1.00,1.00
2010.04.26 15:24:04.509,0.9278,0.92825,3.20,1.00
2010.04.26 15:24:17.433,0.9278,0.92825,3.20,1.00
2010.04.26 15:24:18.499,0.9278,0.92825,3.20,1.00
2010.04.26 15:24:23.486,0.9278,0.92825,3.20,1.00
2010.04.26 15:24:26.164,0.9278,0.92825,3.20,1.00
2010.04.26 15:24:26.930,0.9278,0.9283,3.20,3.80
2010.04.26 15:24:30.474,0.9278,0.9283,2.90,3.20
2010.04.26 15:24:30.703,0.92785,0.9283,1.00,3.20
2010.04.26 15:24:31.391,0.92785,0.92825,1.00,1.00
2010.04.26 15:24:32.163,0.92785,0.92825,1.00,1.00
2010.04.26 15:24:32.502,0.9278,0.92825,3.20,1.00
2010.04.26 15:24:33.931,0.9278,0.92825,3.20,1.00
2010.04.26 15:24:44.979,0.9278,0.92825,2.40,1.00
2010.04.26 15:24:45.571,0.92775,0.9282,1.00,2.40
2010.04.26 15:24:47.084,0.92775,0.9282,1.00,2.80
2010.04.26 15:24:53.455,0.92775,0.9282,1.00,2.40
2010.04.26 15:24:54.578,0.92775,0.9282,1.00,3.20
2010.04.26 15:24:54.886,0.9278,0.9282,2.40,1.00
2010.04.26 15:24:56.089,0.92775,0.9282,1.00,3.20
2010.04.26 15:24:58.177,0.9278,0.9282,2.40,1.00
2010.04.26 15:25:00.416,0.92775,0.9282,1.00,3.20
2010.04.26 15:25:01.765,0.9278,0.9282,2.40,1.00
2010.04.26 15:25:01.926,0.92775,0.9282,1.00,3.20
2010.04.26 15:25:02.195,0.92775,0.9282,1.00,2.80
2010.04.26 15:25:02.856,0.92775,0.92815,1.00,1.00
2010.04.26 15:25:06.844,0.9277,0.9281,1.00,2.40
2010.04.26 15:25:07.430,0.9277,0.9282,3.20,2.80
2010.04.26 15:25:07.734,0.9277,0.92815,3.20,1.00
2010.04.26 15:25:08.004,0.9277,0.92815,3.20,1.00
2010.04.26 15:25:09.676,0.9277,0.92815,1.00,1.00
2010.04.26 15:25:10.603,0.9277,0.92815,1.60,1.00
2010.04.26 15:25:10.752,0.92775,0.92815,1.00,1.00
2010.04.26 15:25:11.626,0.9278,0.92825,1.00,1.00
2010.04.26 15:25:11.963,0.9278,0.92825,3.20,1.00
2010.04.26 15:25:13.523,0.9278,0.92825,3.00,1.00
2010.04.26 15:25:13.942,0.9278,0.92825,2.40,1.00
2010.04.26 15:25:18.860,0.9278,0.92825,3.20,1.00
2010.04.26 15:25:19.101,0.9278,0.92825,2.40,1.00
2010.04.26 15:25:19.221,0.92785,0.9283,1.00,1.00
2010.04.26 15:25:19.340,0.92785,0.9283,1.00,3.20
2010.04.26 15:25:20.261,0.9278,0.92825,3.20,1.00
2010.04.26 15:25:21.920,0.9278,0.92825,3.20,1.00
2010.04.26 15:25:25.497,0.92785,0.9283,1.00,3.20
2010.04.26 15:25:25.592,0.92785,0.92825,1.00,1.00
2010.04.26 15:25:30.152,0.92785,0.9283,1.00,3.20
2010.04.26 15:25:33.037,0.92785,0.9283,1.00,2.80
2010.04.26 15:25:34.309,0.92785,0.9283,1.00,2.80
2010.04.26 15:25:36.748,0.92785,0.9283,1.00,2.80
2010.04.26 15:25:37.677,0.92785,0.9283,1.00,2.90
2010.04.26 15:25:37.778,0.92785,0.9283,1.00,3.90
2010.04.26 15:25:38.516,0.92785,0.9283,1.00,3.20
2010.04.26 15:25:41.236,0.92785,0.9283,1.60,3.20
2010.04.26 15:25:41.575,0.9279,0.9283,2.40,1.00
2010.04.26 15:25:42.463,0.9279,0.9283,1.00,2.90
2010.04.26 15:25:42.758,0.9279,0.9283,1.00,1.00
2010.04.26 15:25:43.046,0.9279,0.92835,1.00,1.00
2010.04.26 15:25:44.745,0.9279,0.9284,3.20,3.20
2010.04.26 15:25:45.783,0.9279,0.9284,1.00,3.20
2010.04.26 15:25:47.924,0.9279,0.92835,1.00,1.00
2010.04.26 15:25:49.585,0.9279,0.9284,1.00,3.20
2010.04.26 15:25:51.492,0.9279,0.9283,1.00,2.40
2010.04.26 15:25:54.971,0.9279,0.9284,3.20,3.20
2010.04.26 15:25:56.754,0.9279,0.9284,3.20,4.00
2010.04.26 15:25:57.073,0.9279,0.9283,1.00,2.40
2010.04.26 15:26:01.003,0.9279,0.9283,1.00,2.80
2010.04.26 15:26:12.668,0.9279,0.9283,1.00,3.10
2010.04.26 15:26:16.205,0.9279,0.9283,1.00,2.40
2010.04.26 15:26:17.112,0.92785,0.9283,1.00,3.20
2010.04.26 15:26:17.447,0.9278,0.92825,3.20,1.00
2010.04.26 15:26:17.787,0.92785,0.9283,1.00,3.20
2010.04.26 15:26:20.086,0.92785,0.9283,1.00,3.60
2010.04.26 15:26:27.545,0.9279,0.92835,1.00,1.00
2010.04.26 15:26:27.725,0.9279,0.92835,3.20,1.00
2010.04.26 15:26:28.433,0.92795,0.9284,1.00,4.00
2010.04.26 15:26:31.614,0.92795,0.9284,1.00,3.20
2010.04.26 15:26:32.594,0.92795,0.9284,1.00,1.00
2010.04.26 15:26:33.033,0.92795,0.9284,1.00,3.20
2010.04.26 15:26:35.243,0.9281,0.9284,2.40,1.00
2010.04.26 15:26:35.993,0.92805,0.9285,1.00,4.00
2010.04.26 15:26:36.297,0.928,0.92845,3.20,1.00
2010.04.26 15:26:38.492,0.928,0.9285,3.20,1.00
2010.04.26 15:26:39.074,0.92805,0.9285,1.00,1.00
2010.04.26 15:26:39.412,0.92805,0.9285,1.00,1.00
2010.04.26 15:26:39.752,0.928,0.9285,2.90,3.20
2010.04.26 15:26:40.415,0.928,0.9285,2.80,3.20
2010.04.26 15:26:40.721,0.928,0.92845,3.20,1.00
2010.04.26 15:26:41.901,0.928,0.92845,3.00,1.00
2010.04.26 15:26:43.007,0.928,0.92845,2.90,1.00
2010.04.26 15:26:43.193,0.92805,0.9285,1.00,3.20
2010.04.26 15:26:43.380,0.92805,0.9285,1.00,2.80
2010.04.26 15:26:44.463,0.92805,0.92845,1.00,1.00
2010.04.26 15:26:44.551,0.92805,0.9285,1.00,3.00
2010.04.26 15:26:44.710,0.92805,0.9285,1.00,3.20
2010.04.26 15:26:45.472,0.928,0.92845,3.70,1.00
2010.04.26 15:26:47.339,0.928,0.92845,3.20,1.00
2010.04.26 15:26:48.612,0.928,0.92845,4.00,1.00
2010.04.26 15:26:48.924,0.9281,0.9285,2.40,1.20
2010.04.26 15:26:49.209,0.9281,0.92855,3.20,1.00
2010.04.26 15:26:49.789,0.9281,0.92855,1.00,1.00
2010.04.26 15:26:50.778,0.9281,0.92855,1.20,1.00
2010.04.26 15:26:51.717,0.9281,0.92855,3.60,1.00
2010.04.26 15:26:52.059,0.9281,0.92855,2.90,1.00
2010.04.26 15:26:52.399,0.9281,0.92855,3.70,1.00
2010.04.26 15:26:52.740,0.9282,0.92855,2.40,1.00
2010.04.26 15:26:53.382,0.9281,0.92855,1.00,1.00
2010.04.26 15:26:53.710,0.92805,0.92855,1.00,1.00
2010.04.26 15:26:56.267,0.92805,0.92855,1.00,1.00
2010.04.26 15:27:01.373,0.92805,0.92855,1.00,1.60
2010.04.26 15:27:01.646,0.92805,0.9285,1.00,2.40
2010.04.26 15:27:01.916,0.92805,0.9285,1.00,3.20
2010.04.26 15:27:02.868,0.92805,0.9285,1.20,3.20
2010.04.26 15:27:02.988,0.92805,0.9285,1.00,3.20
2010.04.26 15:27:04.485,0.9281,0.9285,3.00,1.00
2010.04.26 15:27:06.511,0.9281,0.9285,3.20,1.00
2010.04.26 15:27:08.882,0.9281,0.92855,3.20,1.00
2010.04.26 15:27:09.284,0.9281,0.92855,1.00,1.00
2010.04.26 15:27:09.484,0.92815,0.92855,1.00,1.00
2010.04.26 15:27:09.685,0.9281,0.92855,1.00,1.00
2010.04.26 15:27:10.024,0.9281,0.92855,1.20,1.00
2010.04.26 15:27:10.365,0.9281,0.9285,1.00,2.40
2010.04.26 15:27:11.385,0.92805,0.9285,1.00,3.20
2010.04.26 15:27:13.983,0.92805,0.9285,1.00,1.00
2010.04.26 15:27:14.103,0.9281,0.9285,1.00,1.00
2010.04.26 15:27:14.343,0.9281,0.9285,1.00,1.00
2010.04.26 15:27:15.015,0.9281,0.92855,1.00,1.00
2010.04.26 15:27:21.161,0.9281,0.92855,1.20,1.00
2010.04.26 15:27:23.192,0.9281,0.9285,1.20,2.40
2010.04.26 15:27:23.904,0.9281,0.9285,1.00,2.40
2010.04.26 15:27:24.212,0.9281,0.92855,2.80,1.00
2010.04.26 15:27:24.490,0.9281,0.9285,3.20,1.00
2010.04.26 15:27:24.770,0.9281,0.9285,2.40,1.00
2010.04.26 15:27:30.061,0.92805,0.9285,1.00,1.00
2010.04.26 15:27:30.391,0.92805,0.9285,1.00,1.00
2010.04.26 15:27:32.281,0.9281,0.9285,1.00,1.00
2010.04.26 15:27:35.098,0.92805,0.9285,1.50,1.00
2010.04.26 15:27:37.627,0.92805,0.9285,1.00,1.00
2010.04.26 15:27:38.991,0.92805,0.9285,1.00,1.00
2010.04.26 15:27:40.977,0.92805,0.9285,1.00,1.00
2010.04.26 15:27:41.569,0.92805,0.9285,1.50,1.00
2010.04.26 15:27:45.936,0.9281,0.9285,2.80,1.00
2010.04.26 15:27:46.136,0.9281,0.92855,3.20,1.00
2010.04.26 15:27:46.335,0.9281,0.92855,3.00,1.00
2010.04.26 15:27:47.077,0.9282,0.92855,2.40,1.00
2010.04.26 15:27:47.416,0.9282,0.9286,2.40,1.00
2010.04.26 15:27:50.044,0.92815,0.9286,1.00,1.00
2010.04.26 15:27:50.554,0.92815,0.9286,1.00,3.20
2010.04.26 15:27:50.835,0.92815,0.92855,1.00,1.00
2010.04.26 15:27:51.114,0.9281,0.92855,1.00,1.00
2010.04.26 15:28:02.180,0.9281,0.92855,1.00,1.00
2010.04.26 15:28:10.339,0.9281,0.9285,1.00,1.00
2010.04.26 15:28:12.691,0.9281,0.9285,3.20,1.00
2010.04.26 15:28:12.942,0.9281,0.9285,3.20,1.00
2010.04.26 15:28:13.048,0.9281,0.9285,1.00,1.00
2010.04.26 15:28:13.189,0.9281,0.9285,1.00,1.00
2010.04.26 15:28:15.485,0.92805,0.92845,1.00,1.00
2010.04.26 15:28:15.650,0.92805,0.92845,1.00,1.00
2010.04.26 15:28:20.327,0.92805,0.92845,1.00,1.00
2010.04.26 15:28:23.468,0.928,0.92845,1.00,1.00
2010.04.26 15:28:23.657,0.928,0.92845,3.20,1.00
2010.04.26 15:28:23.846,0.92805,0.92845,1.00,1.00
2010.04.26 15:28:27.368,0.92805,0.9285,1.00,3.00
2010.04.26 15:28:27.466,0.92805,0.9285,1.00,2.80
2010.04.26 15:28:27.565,0.92805,0.9285,1.00,1.00
2010.04.26 15:28:27.766,0.92805,0.92855,1.00,1.00
2010.04.26 15:28:28.105,0.9281,0.9285,1.00,1.00
2010.04.26 15:28:41.633,0.9281,0.9285,3.20,1.00
2010.04.26 15:28:41.942,0.9281,0.92855,3.20,1.00
2010.04.26 15:28:42.832,0.9281,0.92855,1.00,1.00
2010.04.26 15:28:43.481,0.9281,0.9285,1.00,1.00
2010.04.26 15:28:43.933,0.9281,0.9284,1.00,2.40
2010.04.26 15:28:46.211,0.9281,0.9285,1.00,2.40
2010.04.26 15:28:48.695,0.92815,0.9285,1.00,2.40
2010.04.26 15:29:06.261,0.9281,0.9285,1.00,2.40
2010.04.26 15:29:10.327,0.9281,0.9284,1.00,2.40
2010.04.26 15:29:10.665,0.92805,0.9284,1.00,2.40
2010.04.26 15:29:14.014,0.9281,0.9284,1.00,2.40
2010.04.26 15:29:15.774,0.92805,0.9284,1.00,2.40
2010.04.26 15:29:16.834,0.9281,0.9284,1.00,2.40
2010.04.26 15:29:17.571,0.9281,0.92855,3.20,1.00
2010.04.26 15:29:17.827,0.92815,0.9285,1.00,2.40
2010.04.26 15:29:18.065,0.9281,0.9285,1.00,2.40
2010.04.26 15:29:26.645,0.92825,0.9286,1.00,2.40
2010.04.26 15:29:28.920,0.92825,0.9285,1.00,2.40
2010.04.26 15:29:29.621,0.92825,0.9286,1.00,2.40
2010.04.26 15:29:29.964,0.9282,0.9286,1.00,2.40
2010.04.26 15:29:30.300,0.92825,0.9286,1.00,2.40
2010.04.26 15:29:33.000,0.92825,0.9287,1.00,3.20
2010.04.26 15:29:34.820,0.92825,0.9286,1.00,2.40
2010.04.26 15:29:37.956,0.9282,0.9286,1.00,2.40
2010.04.26 15:29:40.880,0.9282,0.9285,1.00,2.40
2010.04.26 15:29:43.050,0.9282,0.9286,1.00,2.40
2010.04.26 15:29:43.568,0.9282,0.9285,1.00,2.40
2010.04.26 15:29:50.228,0.92815,0.9285,1.00,2.40
2010.04.26 15:29:53.403,0.92815,0.9286,1.00,2.40
2010.04.26 15:29:54.530,0.92815,0.9286,1.00,3.20
2010.04.26 15:30:00.755,0.92815,0.9285,1.00,2.40
2010.04.26 15:30:01.083,0.9281,0.9285,1.00,2.40
2010.04.26 15:30:03.981,0.92805,0.9284,1.60,2.40
2010.04.26 15:30:04.172,0.928,0.9284,1.00,2.40
2010.04.26 15:30:05.804,0.928,0.9284,1.00,2.40
2010.04.26 15:30:05.992,0.928,0.9284,1.50,2.40
2010.04.26 15:30:06.172,0.928,0.9284,1.00,2.40
2010.04.26 15:30:08.092,0.92805,0.9284,1.00,2.40
2010.04.26 15:30:11.880,0.928,0.9284,1.00,2.40
2010.04.26 15:30:12.090,0.928,0.92845,1.00,1.00
2010.04.26 15:30:15.050,0.928,0.92845,1.00,1.00
2010.04.26 15:30:20.229,0.928,0.92845,1.00,1.00
2010.04.26 15:30:22.454,0.92805,0.9285,1.00,3.20
2010.04.26 15:30:22.799,0.92805,0.9284,1.00,2.40
2010.04.26 15:30:22.919,0.92805,0.9284,1.60,2.40
2010.04.26 15:30:23.544,0.92805,0.92845,1.60,1.00
2010.04.26 15:30:23.658,0.9281,0.9285,1.00,2.40
2010.04.26 15:30:23.998,0.9281,0.92855,1.00,1.00
2010.04.26 15:30:25.067,0.9281,0.9286,1.00,3.20
2010.04.26 15:30:26.023,0.92815,0.9286,1.00,3.20
2010.04.26 15:30:26.657,0.92815,0.9285,1.00,2.40
2010.04.26 15:30:27.966,0.92815,0.9286,1.00,3.20
2010.04.26 15:30:28.307,0.92815,0.9285,1.00,2.40
2010.04.26 15:30:31.974,0.9281,0.9285,1.00,2.40
2010.04.26 15:30:41.284,0.9281,0.9286,1.00,3.20
2010.04.26 15:30:45.082,0.9281,0.9285,1.00,2.40
2010.04.26 15:30:48.912,0.9281,0.9286,1.00,3.20
2010.04.26 15:30:49.022,0.9281,0.92855,3.20,1.60
2010.04.26 15:30:49.291,0.9281,0.92855,3.20,1.00
2010.04.26 15:30:49.561,0.9281,0.9285,1.00,2.40
2010.04.26 15:30:50.122,0.92815,0.9285,1.00,2.40
2010.04.26 15:30:50.462,0.928,0.9284,1.00,2.40
2010.04.26 15:31:06.656,0.928,0.92845,1.00,1.00
2010.04.26 15:31:07.176,0.928,0.92845,1.60,1.00
2010.04.26 15:31:07.343,0.9281,0.9285,1.00,2.40
2010.04.26 15:31:18.208,0.9281,0.9285,3.20,1.00
2010.04.26 15:31:18.811,0.9281,0.92855,3.20,1.00
2010.04.26 15:31:18.867,0.9281,0.9285,1.00,2.40
2010.04.26 15:31:18.935,0.9281,0.9285,1.40,2.40
2010.04.26 15:31:19.278,0.9281,0.92855,4.00,1.00
2010.04.26 15:31:20.260,0.9281,0.9285,1.00,2.40
2010.04.26 15:31:32.915,0.9281,0.9284,1.00,2.40
2010.04.26 15:31:33.052,0.92805,0.9284,1.00,2.40
2010.04.26 15:31:39.142,0.92805,0.9285,1.60,2.80
2010.04.26 15:31:39.721,0.9281,0.9285,1.00,2.80
2010.04.26 15:31:40.061,0.92815,0.9285,1.00,2.40
2010.04.26 15:31:41.745,0.9281,0.9285,1.00,2.40
2010.04.26 15:31:44.516,0.92815,0.9285,1.00,2.40
2010.04.26 15:31:49.368,0.9281,0.9285,1.00,2.40
2010.04.26 15:31:55.445,0.9281,0.9285,1.60,2.40
2010.04.26 15:31:55.595,0.92815,0.9286,1.00,2.90
2010.04.26 15:31:56.410,0.92815,0.9285,1.00,2.40
2010.04.26 15:31:56.955,0.9282,0.9285,1.00,2.40
2010.04.26 15:31:57.164,0.9282,0.9286,1.00,2.40
2010.04.26 15:31:57.375,0.9282,0.9285,1.00,2.40
2010.04.26 15:31:58.457,0.92815,0.9285,1.00,2.40
2010.04.26 15:31:58.895,0.92815,0.9286,1.00,3.60
2010.04.26 15:31:59.869,0.9282,0.9286,1.00,2.40
2010.04.26 15:32:00.214,0.9282,0.9286,1.00,2.80
2010.04.26 15:32:03.795,0.9282,0.9286,1.00,2.40
2010.04.26 15:32:04.383,0.92815,0.9286,1.00,3.60
2010.04.26 15:32:05.534,0.92815,0.9286,1.00,3.70
2010.04.26 15:32:05.805,0.9282,0.9286,1.00,3.20
2010.04.26 15:32:06.074,0.9282,0.9286,1.00,2.40
2010.04.26 15:32:07.194,0.9282,0.9286,1.00,3.10
2010.04.26 15:32:07.538,0.92815,0.9285,1.00,2.40
2010.04.26 15:32:09.414,0.9281,0.92855,1.00,1.00
2010.04.26 15:32:09.753,0.9281,0.92855,1.00,1.00
2010.04.26 15:32:10.642,0.9281,0.9286,1.20,3.20
2010.04.26 15:32:10.982,0.9281,0.9286,1.00,3.20
2010.04.26 15:32:21.856,0.9281,0.9286,4.00,3.20
2010.04.26 15:32:22.051,0.92815,0.9285,1.00,2.40
2010.04.26 15:32:23.479,0.9281,0.9285,1.00,2.40
2010.04.26 15:32:28.597,0.92805,0.9285,1.00,2.40
2010.04.26 15:32:31.914,0.92805,0.9285,1.00,3.20
2010.04.26 15:32:34.917,0.92805,0.9285,1.00,3.10
2010.04.26 15:32:35.026,0.92805,0.9285,1.00,3.20
2010.04.26 15:32:35.666,0.92805,0.9285,1.00,3.60
2010.04.26 15:32:35.787,0.9281,0.9285,1.00,3.20
2010.04.26 15:32:36.467,0.9281,0.9285,1.00,2.40
2010.04.26 15:32:38.036,0.9281,0.9285,1.00,3.10
2010.04.26 15:32:38.837,0.92815,0.9285,1.00,2.40
2010.04.26 15:32:39.106,0.92815,0.9286,1.00,3.00
2010.04.26 15:32:39.784,0.9282,0.9286,1.00,3.00
2010.04.26 15:32:40.626,0.9282,0.92855,1.00,1.00
2010.04.26 15:32:43.390,0.9282,0.92855,1.00,1.00
2010.04.26 15:32:43.556,0.92815,0.92855,1.00,1.00
2010.04.26 15:32:44.455,0.92815,0.9285,1.00,2.40
2010.04.26 15:32:45.866,0.92815,0.92855,1.00,1.00
2010.04.26 15:32:45.985,0.9282,0.9286,1.00,2.80
2010.04.26 15:32:51.393,0.92815,0.9285,1.00,2.40
2010.04.26 15:32:59.091,0.92815,0.92855,1.00,1.00
2010.04.26 15:32:59.431,0.92815,0.9285,1.00,2.40
2010.04.26 15:33:00.552,0.92815,0.92855,1.00,1.00
2010.04.26 15:33:00.871,0.9282,0.92855,1.00,1.00
2010.04.26 15:33:01.032,0.92815,0.92855,1.00,1.00
2010.04.26 15:33:01.912,0.9281,0.92855,1.00,1.50
2010.04.26 15:33:03.773,0.9281,0.92855,1.00,1.00
2010.04.26 15:33:07.494,0.9281,0.92855,1.00,1.00
2010.04.26 15:33:08.018,0.9281,0.9285,1.00,2.40
2010.04.26 15:33:08.848,0.9281,0.92855,1.00,1.00
2010.04.26 15:33:10.348,0.9281,0.92855,1.00,1.20
2010.04.26 15:33:17.157,0.9281,0.92855,3.20,1.20
2010.04.26 15:33:17.449,0.92815,0.9286,1.00,4.00
2010.04.26 15:33:18.016,0.9281,0.9285,1.00,2.40
2010.04.26 15:33:18.846,0.9281,0.92855,1.00,1.00
2010.04.26 15:33:21.756,0.92815,0.9286,1.00,3.70
2010.04.26 15:33:23.405,0.92815,0.9286,1.00,3.00
2010.04.26 15:33:26.174,0.92815,0.9286,1.00,3.20
2010.04.26 15:33:26.633,0.9281,0.92855,1.00,1.00
2010.04.26 15:33:28.694,0.9281,0.9285,1.00,1.00
2010.04.26 15:33:28.786,0.9281,0.9285,3.20,1.00
2010.04.26 15:33:28.873,0.9281,0.92855,3.20,1.00
2010.04.26 15:33:30.103,0.9281,0.92855,1.00,1.00
2010.04.26 15:33:31.135,0.9281,0.92855,1.00,1.00
2010.04.26 15:33:31.374,0.9281,0.92855,1.00,1.00
2010.04.26 15:33:37.271,0.9281,0.92855,1.00,1.60
2010.04.26 15:33:37.432,0.9281,0.9285,1.00,3.20
2010.04.26 15:33:37.601,0.9281,0.9285,1.00,2.80
2010.04.26 15:33:38.394,0.9281,0.9285,1.00,2.90
2010.04.26 15:33:51.563,0.9281,0.9285,1.00,3.20
2010.04.26 15:33:56.178,0.9281,0.9285,1.00,2.40
2010.04.26 15:33:56.526,0.9281,0.9285,1.00,3.20
2010.04.26 15:33:56.867,0.92805,0.9285,1.00,3.10
2010.04.26 15:33:57.746,0.92805,0.9285,1.00,2.40
2010.04.26 15:33:59.447,0.92805,0.9285,1.00,3.10
2010.04.26 15:34:00.362,0.92805,0.9285,1.00,3.20
2010.04.26 15:34:02.956,0.92805,0.9285,1.00,2.80
2010.04.26 15:34:03.295,0.92805,0.9285,1.00,2.40
2010.04.26 15:34:04.207,0.92805,0.9285,1.00,2.80
2010.04.26 15:34:04.545,0.92805,0.9285,1.00,2.40
2010.04.26 15:34:04.884,0.92805,0.9285,1.00,3.20
2010.04.26 15:34:11.333,0.92805,0.9285,1.00,2.40
2010.04.26 15:34:11.892,0.92805,0.9285,1.00,3.00
2010.04.26 15:34:15.133,0.92805,0.9285,1.00,2.40
2010.04.26 15:34:16.513,0.92805,0.9285,1.00,3.20
2010.04.26 15:34:32.591,0.9281,0.92855,1.00,1.20
2010.04.26 15:34:32.940,0.9281,0.9286,4.00,3.20
2010.04.26 15:34:33.831,0.9282,0.9286,1.00,3.20
2010.04.26 15:34:34.709,0.9282,0.9286,1.00,2.40
2010.04.26 15:34:39.756,0.9282,0.92865,1.00,1.00
2010.04.26 15:34:40.559,0.9282,0.92865,3.20,1.20
2010.04.26 15:34:40.797,0.92825,0.9287,1.00,3.20
2010.04.26 15:34:41.026,0.92825,0.9287,1.00,3.60
2010.04.26 15:34:42.807,0.92825,0.9287,1.00,3.70
2010.04.26 15:34:45.525,0.92825,0.9287,1.00,3.20
2010.04.26 15:34:45.644,0.92825,0.9287,1.00,4.00
2010.04.26 15:34:45.764,0.9282,0.92865,1.00,1.00
2010.04.26 15:34:45.884,0.9282,0.9286,1.00,2.40
2010.04.26 15:34:46.726,0.92825,0.92865,1.00,1.00
2010.04.26 15:34:46.965,0.92825,0.9287,1.00,1.00
2010.04.26 15:34:49.274,0.92825,0.9287,1.00,2.80
2010.04.26 15:34:49.806,0.92825,0.9286,1.00,2.40
2010.04.26 15:34:50.136,0.9282,0.9286,1.00,1.00
2010.04.26 15:34:50.335,0.9282,0.9286,1.00,1.00
2010.04.26 15:34:52.556,0.92815,0.9286,1.00,1.20
2010.04.26 15:34:52.788,0.92815,0.9286,1.00,1.30
2010.04.26 15:34:53.015,0.9282,0.9286,2.40,1.00
2010.04.26 15:34:53.982,0.9282,0.9287,3.20,3.70
2010.04.26 15:34:56.361,0.9282,0.9287,3.20,3.20
2010.04.26 15:34:57.973,0.9282,0.9286,1.00,2.40
2010.04.26 15:34:58.243,0.9281,0.9286,3.20,1.00
2010.04.26 15:34:58.511,0.92815,0.9286,1.00,3.20
2010.04.26 15:34:58.771,0.92815,0.92855,1.00,1.00
2010.04.26 15:35:01.141,0.92815,0.9286,1.00,1.30
2010.04.26 15:35:01.400,0.92815,0.9286,1.00,1.00
2010.04.26 15:35:03.511,0.92815,0.9286,1.00,1.00
2010.04.26 15:35:04.316,0.9282,0.9286,1.00,1.00
2010.04.26 15:35:05.479,0.92815,0.9286,1.00,1.00
2010.04.26 15:35:09.989,0.92815,0.9286,1.00,1.00
2010.04.26 15:35:12.853,0.9282,0.9286,1.00,2.40
2010.04.26 15:35:13.189,0.92815,0.9286,1.00,3.20
2010.04.26 15:35:18.587,0.92815,0.9286,1.30,3.20
2010.04.26 15:35:19.718,0.92815,0.9286,1.00,3.20
2010.04.26 15:35:23.495,0.92815,0.9286,1.00,1.00
2010.04.26 15:35:24.524,0.92815,0.9286,1.00,3.20
2010.04.26 15:35:31.494,0.9281,0.92855,3.20,1.00
2010.04.26 15:35:35.134,0.92805,0.9285,1.00,3.20
2010.04.26 15:35:38.625,0.92805,0.9285,1.00,3.20
2010.04.26 15:35:39.718,0.92805,0.9285,1.00,3.20
2010.04.26 15:35:40.855,0.92805,0.9285,1.00,1.00
2010.04.26 15:35:41.571,0.92805,0.9285,1.00,1.00
2010.04.26 15:35:42.732,0.92805,0.9285,1.00,1.00
2010.04.26 15:35:43.390,0.92805,0.9285,1.00,1.00
2010.04.26 15:35:43.850,0.92805,0.9285,1.00,1.00
2010.04.26 15:35:44.457,0.92805,0.9285,1.00,1.00
2010.04.26 15:35:50.209,0.9281,0.9285,2.40,1.00
2010.04.26 15:35:53.186,0.9281,0.92855,1.00,1.00
2010.04.26 15:35:53.340,0.9281,0.9285,1.00,2.40
2010.04.26 15:35:54.189,0.9281,0.9285,1.00,1.00
2010.04.26 15:35:55.391,0.9281,0.9285,1.60,1.00
2010.04.26 15:35:55.708,0.9281,0.92855,4.00,1.00
2010.04.26 15:35:56.338,0.9281,0.92855,3.20,1.00
2010.04.26 15:35:57.657,0.9281,0.92855,3.00,1.00
2010.04.26 15:35:59.473,0.9281,0.92855,3.20,1.00
2010.04.26 15:36:01.226,0.9281,0.92855,3.00,1.00
2010.04.26 15:36:03.705,0.9281,0.92855,3.20,1.00
2010.04.26 15:36:03.824,0.9281,0.92855,2.80,1.00
2010.04.26 15:36:05.845,0.9281,0.92855,2.80,1.00
2010.04.26 15:36:06.185,0.9281,0.92855,3.20,1.00
2010.04.26 15:36:07.631,0.9281,0.92855,2.90,1.00
2010.04.26 15:36:08.237,0.9281,0.92855,3.70,1.00
2010.04.26 15:36:08.286,0.92815,0.92855,1.00,1.00
2010.04.26 15:36:09.025,0.9281,0.92855,4.00,1.00
2010.04.26 15:36:09.364,0.9281,0.9286,4.70,3.20
2010.04.26 15:36:09.685,0.9281,0.9286,4.70,1.00
2010.04.26 15:36:10.535,0.92815,0.9286,1.30,1.00
2010.04.26 15:36:15.384,0.92815,0.9286,1.00,1.00
2010.04.26 15:36:19.103,0.92815,0.9286,1.00,1.00
2010.04.26 15:36:19.192,0.92815,0.9286,1.00,1.00
2010.04.26 15:36:19.534,0.92815,0.9286,1.60,1.00
2010.04.26 15:36:20.393,0.92825,0.9286,1.00,1.00
2010.04.26 15:36:20.584,0.92825,0.9287,1.00,1.00
2010.04.26 15:36:21.852,0.92825,0.9287,1.50,1.00
2010.04.26 15:36:22.532,0.92825,0.9287,1.00,1.00
2010.04.26 15:36:23.740,0.92825,0.9287,1.00,3.20
2010.04.26 15:36:24.650,0.9282,0.9287,3.20,3.20
2010.04.26 15:36:30.191,0.9282,0.92865,3.20,1.00
2010.04.26 15:36:34.789,0.9282,0.92865,1.00,1.00
2010.04.26 15:36:35.519,0.9282,0.92865,3.20,1.00
2010.04.26 15:36:42.087,0.9282,0.92865,1.00,1.00
2010.04.26 15:36:44.022,0.9282,0.92865,1.60,1.00
2010.04.26 15:36:44.127,0.9282,0.92865,1.00,1.00
2010.04.26 15:36:44.226,0.9282,0.92865,3.20,1.00
2010.04.26 15:36:44.937,0.92825,0.9287,1.60,1.00
2010.04.26 15:36:45.037,0.92825,0.9287,1.60,1.00
2010.04.26 15:36:45.994,0.9283,0.92875,1.00,1.00
2010.04.26 15:36:46.347,0.9283,0.92875,1.00,1.00
2010.04.26 15:36:47.791,0.9283,0.9287,1.00,2.40
2010.04.26 15:36:48.125,0.92825,0.9287,1.00,2.90
2010.04.26 15:36:49.025,0.9282,0.9287,4.00,3.20
2010.04.26 15:36:51.544,0.9282,0.9287,3.20,3.20
2010.04.26 15:36:54.835,0.9282,0.9287,4.00,3.20
2010.04.26 15:36:55.079,0.92825,0.9287,1.00,3.00
2010.04.26 15:36:55.324,0.92825,0.9287,1.00,3.10
2010.04.26 15:37:00.035,0.92825,0.9287,1.60,3.10
2010.04.26 15:37:00.672,0.92825,0.9287,1.60,3.20
2010.04.26 15:37:07.843,0.92825,0.9287,1.00,3.20
2010.04.26 15:37:09.371,0.92825,0.9287,1.00,3.90
2010.04.26 15:37:09.889,0.92825,0.9287,1.00,3.20
2010.04.26 15:37:10.474,0.92825,0.9287,1.00,4.00
2010.04.26 15:37:10.651,0.92825,0.92865,1.00,1.00
2010.04.26 15:37:12.612,0.92825,0.9287,1.00,4.00
2010.04.26 15:37:20.726,0.92825,0.9287,1.00,3.20
2010.04.26 15:37:20.809,0.92825,0.92865,1.00,1.00
2010.04.26 15:37:21.603,0.9283,0.92865,2.40,1.00
2010.04.26 15:37:21.697,0.9283,0.9287,3.20,1.00
2010.04.26 15:37:22.042,0.9283,0.92875,3.20,1.00
2010.04.26 15:37:22.939,0.9283,0.9287,2.40,1.00
2010.04.26 15:37:23.239,0.9283,0.92875,3.20,1.00
2010.04.26 15:37:33.859,0.9283,0.9287,1.00,2.40
2010.04.26 15:37:40.153,0.92825,0.9287,1.00,2.80
2010.04.26 15:37:43.314,0.92825,0.92865,1.00,1.00
2010.04.26 15:37:49.070,0.92825,0.9287,1.00,2.80
2010.04.26 15:37:50.301,0.92825,0.92865,1.00,1.00
2010.04.26 15:37:50.500,0.9282,0.9287,3.20,3.20
2010.04.26 15:37:51.679,0.9282,0.9287,4.00,3.20
2010.04.26 15:37:52.353,0.9283,0.9287,2.40,1.00
2010.04.26 15:37:52.397,0.9283,0.92875,3.20,1.00
2010.04.26 15:37:52.892,0.9283,0.9287,3.20,1.00
2010.04.26 15:37:53.231,0.92825,0.9287,1.00,3.20
2010.04.26 15:37:56.939,0.9282,0.92865,3.20,1.00
2010.04.26 15:38:03.308,0.92825,0.9287,1.00,3.20
2010.04.26 15:38:08.669,0.9282,0.9287,3.20,3.20
2010.04.26 15:38:09.338,0.9282,0.92865,3.20,1.00
2010.04.26 15:38:40.775,0.9282,0.92865,3.90,1.00
2010.04.26 15:38:41.115,0.9282,0.92865,3.20,1.00
2010.04.26 15:38:48.607,0.9283,0.9287,2.40,1.00
2010.04.26 15:38:48.866,0.9283,0.92875,2.40,1.00
2010.04.26 15:38:49.386,0.9283,0.92875,3.20,1.00
2010.04.26 15:38:50.329,0.9283,0.92875,3.20,1.20
2010.04.26 15:38:58.501,0.9283,0.92875,3.20,1.40
2010.04.26 15:38:59.464,0.9283,0.92875,3.20,1.00
2010.04.26 15:39:02.463,0.9283,0.92875,3.20,1.50
2010.04.26 15:39:07.418,0.92825,0.9287,1.00,3.20
2010.04.26 15:39:16.210,0.92825,0.9287,1.00,2.80
2010.04.26 15:39:17.540,0.92825,0.9287,1.00,3.00
2010.04.26 15:39:18.260,0.92825,0.9287,1.00,3.20
2010.04.26 15:39:18.409,0.9283,0.9287,2.40,1.00
2010.04.26 15:39:19.171,0.92825,0.9287,1.00,3.20
2010.04.26 15:39:19.514,0.9282,0.9287,3.20,3.20
2010.04.26 15:39:20.289,0.9282,0.9286,1.00,2.40
2010.04.26 15:39:21.037,0.92815,0.9286,1.00,3.00
2010.04.26 15:39:21.284,0.92815,0.9286,1.00,3.20
2010.04.26 15:39:21.609,0.9281,0.9286,3.20,3.20
2010.04.26 15:39:21.928,0.9281,0.9285,1.00,2.40
2010.04.26 15:39:23.498,0.9281,0.9285,1.60,2.40
2010.04.26 15:39:23.658,0.9281,0.92855,4.00,1.00
2010.04.26 15:39:24.364,0.9281,0.9286,4.00,3.20
2010.04.26 15:39:28.196,0.92815,0.9286,1.00,3.20
2010.04.26 15:39:28.877,0.9281,0.92855,3.20,1.00
2010.04.26 15:39:29.648,0.9281,0.9285,1.00,2.80
2010.04.26 15:39:29.987,0.9281,0.9285,1.00,2.40
2010.04.26 15:39:32.856,0.9281,0.9285,1.00,2.90
2010.04.26 15:39:33.511,0.9281,0.9285,1.00,2.40
2010.04.26 15:39:33.871,0.9281,0.92855,2.40,1.00
2010.04.26 15:39:34.028,0.9281,0.92855,2.40,1.00
2010.04.26 15:39:34.745,0.9281,0.92855,2.40,1.20
2010.04.26 15:39:34.916,0.9281,0.9285,1.00,2.40
2010.04.26 15:39:38.166,0.92805,0.92845,1.00,1.00
2010.04.26 15:39:40.207,0.92805,0.9285,1.00,3.20
2010.04.26 15:39:48.572,0.92805,0.9285,1.00,3.80
2010.04.26 15:39:48.932,0.928,0.92845,1.00,1.00
2010.04.26 15:39:49.714,0.928,0.92845,3.60,1.00
2010.04.26 15:39:54.118,0.92805,0.9285,1.00,3.20
2010.04.26 15:40:00.550,0.9281,0.9285,2.40,3.20
2010.04.26 15:40:00.639,0.9281,0.92855,3.20,1.00
2010.04.26 15:40:05.269,0.9281,0.9286,3.20,3.20
2010.04.26 15:40:07.047,0.92815,0.9286,1.00,3.90
2010.04.26 15:40:07.427,0.92815,0.9286,1.00,3.20
2010.04.26 15:40:08.383,0.92815,0.9285,1.00,2.40
2010.04.26 15:40:08.827,0.9281,0.9285,1.00,2.40
2010.04.26 15:40:11.332,0.9281,0.92855,3.20,1.00
2010.04.26 15:40:12.168,0.9281,0.9285,1.00,2.40
2010.04.26 15:40:20.604,0.9281,0.9286,3.80,3.20
2010.04.26 15:40:20.834,0.92815,0.92855,1.00,1.00
2010.04.26 15:40:21.530,0.9281,0.9286,4.00,3.20
2010.04.26 15:40:21.866,0.92815,0.9286,1.00,3.20
2010.04.26 15:40:25.645,0.9281,0.92855,3.20,1.00
2010.04.26 15:40:25.985,0.9281,0.9285,1.00,2.40
2010.04.26 15:40:29.482,0.9281,0.9285,1.20,2.40
2010.04.26 15:40:30.336,0.9281,0.9285,1.50,2.40
2010.04.26 15:40:34.871,0.9281,0.9285,1.00,2.40
2010.04.26 15:40:49.067,0.9281,0.92855,3.20,1.00
2010.04.26 15:40:49.267,0.9281,0.92855,3.20,1.00
2010.04.26 15:40:49.445,0.92815,0.9286,1.00,3.60
2010.04.26 15:40:52.868,0.9281,0.92855,3.20,1.00
2010.04.26 15:40:53.076,0.9281,0.9285,1.00,2.80
2010.04.26 15:40:54.007,0.9281,0.92855,3.20,1.00
2010.04.26 15:40:54.346,0.9281,0.92855,3.20,1.20
2010.04.26 15:40:55.216,0.9281,0.92855,3.20,1.00
2010.04.26 15:40:57.277,0.9281,0.9285,1.00,2.40
2010.04.26 15:40:57.796,0.92805,0.9285,1.00,3.20
2010.04.26 15:40:59.013,0.92805,0.9285,1.30,3.20
2010.04.26 15:40:59.435,0.92805,0.9285,1.30,4.00
2010.04.26 15:41:00.012,0.92805,0.92845,1.30,1.00
2010.04.26 15:41:00.345,0.92795,0.9284,1.00,2.40
2010.04.26 15:41:01.024,0.92795,0.9284,1.50,3.20
2010.04.26 15:41:02.934,0.92795,0.9284,1.00,3.20
2010.04.26 15:41:05.315,0.92795,0.9284,1.60,3.20
2010.04.26 15:41:05.654,0.92795,0.9284,1.00,3.20
2010.04.26 15:41:21.320,0.92795,0.9283,1.00,2.40
2010.04.26 15:41:21.640,0.9279,0.9284,3.10,4.00
2010.04.26 15:41:22.190,0.9279,0.92835,3.20,1.00
2010.04.26 15:41:22.511,0.9279,0.9284,3.20,4.00
2010.04.26 15:41:24.897,0.9279,0.9284,3.20,4.40
2010.04.26 15:41:26.572,0.92795,0.9284,1.00,3.20
2010.04.26 15:41:31.536,0.92795,0.92835,1.00,1.00
2010.04.26 15:41:31.877,0.92795,0.9283,1.00,2.40
2010.04.26 15:41:32.531,0.92795,0.9284,1.00,3.20
2010.04.26 15:41:32.871,0.92795,0.9284,1.00,3.20
2010.04.26 15:41:33.209,0.92795,0.9284,1.00,3.00
2010.04.26 15:41:34.072,0.92795,0.9284,1.00,2.40
2010.04.26 15:41:35.870,0.92795,0.9284,1.00,3.20
2010.04.26 15:41:37.465,0.92795,0.9284,1.00,2.40
2010.04.26 15:41:39.096,0.928,0.92845,2.40,1.20
2010.04.26 15:41:39.395,0.928,0.92845,3.20,1.00
2010.04.26 15:41:39.635,0.928,0.9284,1.00,2.40
2010.04.26 15:41:40.755,0.928,0.9284,1.00,3.20
2010.04.26 15:41:43.475,0.92795,0.9284,1.00,2.80
2010.04.26 15:41:43.695,0.92795,0.9284,1.00,2.40
2010.04.26 15:41:44.424,0.92795,0.9284,1.00,2.90
2010.04.26 15:41:44.604,0.92795,0.9284,1.00,2.80
2010.04.26 15:41:45.945,0.92795,0.92835,1.00,1.00
2010.04.26 15:41:46.034,0.92795,0.92835,1.00,1.00
2010.04.26 15:41:46.253,0.92795,0.92835,1.00,1.00
2010.04.26 15:41:47.995,0.92795,0.92835,1.00,1.00
2010.04.26 15:41:48.153,0.92795,0.92835,1.00,1.50
2010.04.26 15:41:48.313,0.92795,0.9283,1.00,2.40
2010.04.26 15:41:48.473,0.9279,0.9283,1.00,2.40
2010.04.26 15:41:48.633,0.9279,0.9283,1.00,3.20
2010.04.26 15:41:49.311,0.92785,0.9283,1.00,3.20
2010.04.26 15:41:51.333,0.92785,0.9283,1.00,3.60
2010.04.26 15:41:52.303,0.92785,0.9282,1.00,1.00
2010.04.26 15:41:52.878,0.92785,0.92825,1.00,1.00
2010.04.26 15:41:53.185,0.92775,0.9282,1.00,3.60
2010.04.26 15:41:53.797,0.92775,0.9282,1.00,3.20
2010.04.26 15:41:54.061,0.9278,0.92825,3.20,1.00
2010.04.26 15:41:55.642,0.9278,0.9283,3.20,3.20
2010.04.26 15:41:57.131,0.9278,0.92825,3.20,1.00
2010.04.26 15:41:59.169,0.9278,0.92825,3.20,1.30
2010.04.26 15:41:59.744,0.9278,0.9282,1.00,2.40
2010.04.26 15:41:59.943,0.9278,0.9282,1.00,2.90
2010.04.26 15:42:01.329,0.9278,0.9282,1.00,3.00
2010.04.26 15:42:03.401,0.9278,0.9282,1.00,2.40
2010.04.26 15:42:03.743,0.9277,0.9282,3.20,2.90
2010.04.26 15:42:04.080,0.92775,0.9282,1.00,2.90
2010.04.26 15:42:05.492,0.9277,0.9282,3.20,3.70
2010.04.26 15:42:06.660,0.92775,0.9282,1.00,2.90
2010.04.26 15:42:10.193,0.92775,0.9281,1.00,2.40
2010.04.26 15:42:10.380,0.92765,0.92805,1.00,1.00
2010.04.26 15:42:10.570,0.92765,0.9281,1.00,2.80
2010.04.26 15:42:10.758,0.92765,0.9281,1.00,3.60
2010.04.26 15:42:10.937,0.92765,0.92805,1.00,1.00
2010.04.26 15:42:13.487,0.92765,0.9281,1.00,2.90
2010.04.26 15:42:13.827,0.92765,0.92805,1.00,1.00
2010.04.26 15:42:14.609,0.92765,0.928,1.00,2.40
2010.04.26 15:42:15.118,0.92765,0.928,1.00,1.00
2010.04.26 15:42:15.306,0.92765,0.9281,1.00,3.20
2010.04.26 15:42:16.776,0.92765,0.928,1.00,2.40
2010.04.26 15:42:16.976,0.92755,0.928,1.60,2.40
2010.04.26 15:42:17.176,0.92755,0.92795,1.00,1.00
2010.04.26 15:42:17.797,0.9276,0.92805,3.20,1.00
2010.04.26 15:42:18.136,0.92765,0.92805,1.00,1.00
2010.04.26 15:42:20.645,0.92765,0.92805,1.00,1.00
2010.04.26 15:42:22.530,0.9276,0.92795,1.00,1.00
2010.04.26 15:42:22.746,0.9276,0.928,1.00,3.00
2010.04.26 15:42:23.584,0.9276,0.928,1.00,2.80
2010.04.26 15:42:27.236,0.9276,0.928,3.20,1.00
2010.04.26 15:42:27.803,0.92765,0.9281,1.00,4.60
2010.04.26 15:42:30.560,0.92765,0.9281,1.00,4.80
2010.04.26 15:42:32.289,0.92765,0.928,1.00,2.40
2010.04.26 15:42:32.428,0.9276,0.928,1.00,2.40
2010.04.26 15:42:32.474,0.9276,0.928,1.00,3.20
2010.04.26 15:42:33.333,0.92755,0.92795,1.00,1.00
2010.04.26 15:42:33.672,0.9277,0.928,2.40,1.00
2010.04.26 15:42:34.586,0.92765,0.9281,1.00,3.70
2010.04.26 15:42:34.761,0.9277,0.9281,1.00,3.20
2010.04.26 15:42:35.102,0.9277,0.92805,2.40,1.00
2010.04.26 15:42:36.013,0.9277,0.9281,2.40,1.20
2010.04.26 15:42:36.812,0.9277,0.9281,2.40,2.00
2010.04.26 15:42:36.933,0.9276,0.92805,3.20,1.00
2010.04.26 15:42:37.271,0.9276,0.92805,3.20,1.30
2010.04.26 15:42:39.761,0.9276,0.92805,3.20,1.20
2010.04.26 15:42:40.615,0.9277,0.92805,2.40,1.00
2010.04.26 15:42:40.805,0.92765,0.92805,1.00,1.00
2010.04.26 15:42:40.994,0.92765,0.92805,1.00,1.00
2010.04.26 15:42:41.691,0.92765,0.9281,1.00,4.00
2010.04.26 15:42:42.030,0.92765,0.9281,1.00,4.80
2010.04.26 15:42:44.250,0.92765,0.9281,1.00,4.00
2010.04.26 15:42:44.290,0.92765,0.9281,1.00,3.20
2010.04.26 15:42:46.543,0.92765,0.9281,1.00,2.80
2010.04.26 15:42:48.870,0.92765,0.9281,1.00,3.60
2010.04.26 15:42:48.998,0.9276,0.9281,3.20,3.60
2010.04.26 15:42:49.669,0.9277,0.9281,2.40,1.00
2010.04.26 15:42:50.240,0.9277,0.9281,2.40,1.60
2010.04.26 15:42:50.398,0.92765,0.9281,1.00,4.00
2010.04.26 15:42:51.072,0.92765,0.92805,1.00,1.00
2010.04.26 15:42:51.338,0.9276,0.928,1.00,2.40
2010.04.26 15:42:51.617,0.9276,0.928,1.00,3.20
2010.04.26 15:42:52.540,0.92765,0.9281,1.00,2.80
2010.04.26 15:42:53.848,0.92765,0.92805,1.00,1.00
2010.04.26 15:42:54.718,0.9277,0.92805,1.00,1.00
2010.04.26 15:42:54.878,0.9277,0.9281,3.20,1.20
2010.04.26 15:42:56.746,0.9277,0.92815,3.20,1.30
2010.04.26 15:42:56.916,0.9277,0.9281,3.20,1.00
2010.04.26 15:42:57.979,0.9277,0.92805,1.00,1.00
2010.04.26 15:43:01.828,0.9277,0.9281,1.00,3.20
2010.04.26 15:43:01.985,0.9277,0.9281,1.00,2.90
2010.04.26 15:43:02.220,0.9277,0.9281,1.00,2.80
2010.04.26 15:43:02.525,0.9277,0.92815,3.20,1.60
2010.04.26 15:43:02.825,0.9277,0.9281,1.00,2.40
2010.04.26 15:43:03.165,0.9277,0.9281,1.00,3.00
2010.04.26 15:43:04.125,0.9277,0.9281,3.20,1.00
2010.04.26 15:43:06.914,0.9277,0.9281,3.20,1.00
2010.04.26 15:43:07.954,0.9277,0.9281,3.20,1.00
2010.04.26 15:43:09.999,0.9277,0.9281,1.00,1.00
2010.04.26 15:43:10.063,0.9277,0.9281,1.00,1.00
2010.04.26 15:43:12.489,0.9277,0.9281,1.00,1.00
2010.04.26 15:43:12.783,0.9277,0.92815,3.20,1.00
2010.04.26 15:43:14.279,0.9278,0.92815,2.40,1.00
2010.04.26 15:43:14.464,0.9278,0.92815,2.40,1.00
2010.04.26 15:43:15.872,0.9278,0.92815,2.40,1.00
2010.04.26 15:43:17.533,0.9278,0.9282,2.40,1.00
2010.04.26 15:43:18.764,0.9277,0.92815,3.20,1.00
2010.04.26 15:43:19.101,0.9277,0.9281,3.20,1.00
2010.04.26 15:43:26.593,0.92775,0.92815,1.00,1.00
2010.04.26 15:43:27.839,0.92775,0.92815,1.00,1.00
2010.04.26 15:43:29.089,0.92775,0.92815,1.00,1.00
2010.04.26 15:43:31.255,0.9278,0.9282,3.20,1.00
2010.04.26 15:43:31.449,0.9278,0.92825,3.20,1.00
2010.04.26 15:43:31.638,0.9278,0.92825,3.20,1.20
2010.04.26 15:43:33.963,0.92785,0.92825,1.00,1.00
2010.04.26 15:43:41.008,0.9278,0.9282,1.00,2.40
2010.04.26 15:43:41.346,0.9278,0.9282,1.00,2.80
2010.04.26 15:43:41.686,0.9278,0.9282,1.00,3.10
2010.04.26 15:43:42.553,0.92775,0.9282,1.00,3.10
2010.04.26 15:43:42.898,0.92775,0.92815,1.00,1.00
2010.04.26 15:43:44.235,0.92775,0.9282,1.00,2.90
2010.04.26 15:43:44.836,0.9278,0.9282,1.00,3.10
2010.04.26 15:43:46.755,0.92775,0.92815,1.00,1.00
2010.04.26 15:43:47.635,0.92775,0.9281,1.00,2.40
2010.04.26 15:43:50.444,0.9277,0.9281,1.00,2.80
2010.04.26 15:43:52.133,0.9277,0.9281,1.00,2.40
2010.04.26 15:44:00.712,0.9277,0.9282,3.20,3.70
2010.04.26 15:44:00.993,0.92775,0.9282,1.00,3.20
2010.04.26 15:44:02.934,0.9278,0.9282,2.40,1.00
2010.04.26 15:44:03.142,0.9278,0.92825,3.20,1.00
2010.04.26 15:44:03.350,0.9278,0.9282,1.00,2.40
2010.04.26 15:44:03.560,0.9278,0.9282,1.00,3.10
2010.04.26 15:44:12.759,0.9278,0.9282,1.00,3.20
2010.04.26 15:44:14.089,0.9278,0.9282,1.00,3.10
2010.04.26 15:44:14.748,0.92775,0.9282,1.00,3.10
2010.04.26 15:44:15.748,0.92775,0.9282,1.00,3.20
2010.04.26 15:44:17.639,0.92775,0.9282,1.00,3.60
2010.04.26 15:44:17.957,0.92775,0.9282,1.00,3.20
2010.04.26 15:44:22.416,0.9277,0.92815,3.20,1.00
2010.04.26 15:44:23.226,0.9277,0.9281,1.00,2.40
2010.04.26 15:44:24.187,0.9277,0.92815,2.80,1.00
2010.04.26 15:44:26.635,0.92775,0.9282,1.00,3.20
2010.04.26 15:44:26.715,0.92775,0.92815,1.00,1.00
2010.04.26 15:44:26.806,0.92775,0.9281,1.00,2.40
2010.04.26 15:44:26.867,0.9277,0.9281,1.00,2.40
2010.04.26 15:44:27.100,0.9277,0.9281,1.00,2.40
2010.04.26 15:44:32.674,0.92765,0.9281,1.00,2.40
2010.04.26 15:44:32.893,0.92765,0.9281,1.00,3.20
2010.04.26 15:44:34.717,0.92765,0.928,1.00,2.40
2010.04.26 15:44:37.433,0.9277,0.9281,1.00,2.40
2010.04.26 15:44:37.773,0.9277,0.92815,3.20,1.00
2010.04.26 15:44:38.992,0.9277,0.92815,3.20,1.60
2010.04.26 15:44:39.333,0.9277,0.9281,1.00,2.40
2010.04.26 15:44:39.452,0.9277,0.92815,2.40,1.20
2010.04.26 15:44:39.692,0.9277,0.92815,2.40,1.00
2010.04.26 15:44:40.374,0.9277,0.92815,3.20,1.00
2010.04.26 15:44:43.611,0.92775,0.9282,1.00,3.60
2010.04.26 15:44:43.750,0.92775,0.9282,1.00,3.20
2010.04.26 15:44:54.821,0.92775,0.9281,1.00,2.40
2010.04.26 15:44:57.048,0.92775,0.9282,1.00,3.20
2010.04.26 15:44:59.066,0.92775,0.9281,1.00,2.40
2010.04.26 15:44:59.889,0.92775,0.9282,1.00,3.20
2010.04.26 15:45:03.579,0.92775,0.9282,1.00,3.20
2010.04.26 15:45:04.546,0.92775,0.9282,1.30,3.20
2010.04.26 15:45:05.206,0.92775,0.9282,1.00,3.20
2010.04.26 15:45:11.876,0.92775,0.9281,1.00,2.40
2010.04.26 15:45:17.409,0.9277,0.9281,1.00,2.40
2010.04.26 15:45:24.361,0.92765,0.9281,1.00,2.40
2010.04.26 15:45:24.503,0.92765,0.928,1.00,2.40
2010.04.26 15:45:25.236,0.92765,0.9281,1.00,2.40
2010.04.26 15:45:26.935,0.92765,0.928,1.00,2.40
2010.04.26 15:45:27.360,0.92765,0.9281,1.00,2.80
2010.04.26 15:45:27.572,0.92765,0.9281,1.00,2.40
2010.04.26 15:45:28.941,0.92765,0.9281,1.00,3.20
2010.04.26 15:45:30.980,0.92765,0.928,1.00,2.40
2010.04.26 15:45:31.921,0.92765,0.9281,1.00,2.40
2010.04.26 15:45:32.469,0.9277,0.9281,1.00,2.40
2010.04.26 15:45:40.648,0.9277,0.928,1.00,2.40
2010.04.26 15:45:41.400,0.9277,0.9281,1.00,3.20
2010.04.26 15:45:50.106,0.9277,0.9281,1.40,3.20
2010.04.26 15:45:53.057,0.9277,0.9281,1.00,3.20
2010.04.26 15:46:01.761,0.9277,0.9281,1.00,4.00
2010.04.26 15:46:02.052,0.9277,0.9281,1.00,3.20
2010.04.26 15:46:04.238,0.92775,0.9281,1.00,2.40
2010.04.26 15:46:05.573,0.9277,0.9282,3.20,3.20
2010.04.26 15:46:05.811,0.9278,0.9282,1.00,2.40
2010.04.26 15:46:06.052,0.9278,0.9282,1.00,3.20
2010.04.26 15:46:06.533,0.9278,0.9282,1.00,2.40
2010.04.26 15:46:12.864,0.92775,0.9282,1.00,3.20
2010.04.26 15:46:15.654,0.92775,0.9281,1.00,2.40
2010.04.26 15:46:15.830,0.9277,0.9281,1.00,2.40
2010.04.26 15:46:20.698,0.9277,0.9281,1.30,2.40
2010.04.26 15:46:21.687,0.9277,0.9281,1.00,2.40
2010.04.26 15:46:24.313,0.9277,0.92815,3.20,1.00
2010.04.26 15:46:24.649,0.9278,0.9282,3.20,1.00
2010.04.26 15:46:24.988,0.9278,0.9282,1.00,2.40
2010.04.26 15:46:29.952,0.92775,0.9282,1.00,2.40
2010.04.26 15:46:30.046,0.92775,0.9282,1.00,3.20
2010.04.26 15:46:31.085,0.9278,0.9282,2.80,1.00
2010.04.26 15:46:31.430,0.9278,0.9282,1.00,2.40
2010.04.26 15:46:35.364,0.92775,0.9282,1.00,2.40
2010.04.26 15:46:35.876,0.9278,0.9282,2.40,1.00
2010.04.26 15:46:36.406,0.9278,0.9282,3.10,1.00
2010.04.26 15:46:36.803,0.9278,0.9282,1.00,3.20
2010.04.26 15:46:37.023,0.92775,0.9282,1.20,3.20
2010.04.26 15:46:37.093,0.92775,0.9282,1.00,3.20
2010.04.26 15:46:45.403,0.92775,0.9282,1.00,2.40
2010.04.26 15:47:00.269,0.92775,0.9282,1.00,3.20
2010.04.26 15:47:01.611,0.92775,0.9281,1.00,2.40
2010.04.26 15:47:05.739,0.92775,0.92815,1.00,1.00
2010.04.26 15:47:05.939,0.92775,0.9282,1.00,3.20
2010.04.26 15:47:16.685,0.92775,0.9282,1.00,3.60
2010.04.26 15:47:17.443,0.92775,0.9282,1.00,3.20
2010.04.26 15:47:21.064,0.9278,0.92825,3.20,1.00
2010.04.26 15:47:21.332,0.9278,0.92825,3.20,1.00
2010.04.26 15:47:24.848,0.92775,0.9282,1.00,3.20
2010.04.26 15:47:27.941,0.92775,0.9282,1.00,3.20
2010.04.26 15:47:31.070,0.9277,0.92815,3.20,1.00
2010.04.26 15:47:31.398,0.9277,0.92815,3.80,1.00
2010.04.26 15:47:33.211,0.92775,0.92815,1.00,1.00
2010.04.26 15:47:34.821,0.9277,0.92815,3.20,1.00
2010.04.26 15:47:53.855,0.9277,0.9281,1.00,2.40
2010.04.26 15:47:54.395,0.92765,0.9281,1.00,3.20
2010.04.26 15:48:00.673,0.92765,0.9281,1.00,3.00
2010.04.26 15:48:01.283,0.9277,0.9281,1.00,2.40
2010.04.26 15:48:03.253,0.92765,0.9281,1.00,2.40
2010.04.26 15:48:06.513,0.92765,0.9281,1.00,3.20
2010.04.26 15:48:11.501,0.9276,0.928,1.00,2.40
2010.04.26 15:48:13.262,0.9276,0.928,1.60,2.40
2010.04.26 15:48:13.935,0.9276,0.92805,4.00,1.00
2010.04.26 15:48:14.271,0.92765,0.9281,1.20,3.20
2010.04.26 15:48:16.208,0.92765,0.9281,2.00,3.20
2010.04.26 15:48:20.560,0.9277,0.9281,3.20,1.00
2010.04.26 15:48:20.638,0.9277,0.92815,3.20,1.00
2010.04.26 15:48:21.649,0.92775,0.9281,1.00,2.40
2010.04.26 15:48:21.978,0.92765,0.9281,1.00,3.10
2010.04.26 15:48:23.710,0.92765,0.9281,1.00,2.80
2010.04.26 15:48:24.047,0.92765,0.9281,1.00,4.00
2010.04.26 15:48:25.150,0.92765,0.9281,1.00,2.80
2010.04.26 15:48:26.451,0.92765,0.9281,1.00,3.00
2010.04.26 15:48:26.710,0.92765,0.9281,1.00,3.20
2010.04.26 15:48:30.288,0.92765,0.9281,1.00,3.60
2010.04.26 15:48:31.277,0.92765,0.92805,1.00,1.00
2010.04.26 15:48:32.235,0.92765,0.928,1.00,2.40
2010.04.26 15:48:32.435,0.9276,0.928,1.00,2.40
2010.04.26 15:48:34.304,0.9276,0.92805,3.20,1.00
2010.04.26 15:48:34.658,0.9276,0.928,1.00,2.40
2010.04.26 15:48:35.839,0.9275,0.9279,1.00,2.40
2010.04.26 15:48:36.176,0.9275,0.92795,3.20,1.00
2010.04.26 15:48:36.515,0.92755,0.928,1.00,3.20
2010.04.26 15:48:39.205,0.92755,0.928,1.00,3.20
2010.04.26 15:48:41.384,0.9275,0.92795,3.20,1.00
2010.04.26 15:48:43.447,0.92755,0.928,1.00,3.20
2010.04.26 15:48:45.115,0.9276,0.928,2.40,1.00
2010.04.26 15:48:45.974,0.9276,0.92805,2.80,1.00
2010.04.26 15:48:47.943,0.92755,0.928,1.00,2.40
2010.04.26 15:48:48.262,0.9276,0.92805,2.40,1.00
2010.04.26 15:48:48.582,0.92755,0.928,1.00,2.40
2010.04.26 15:48:51.624,0.9276,0.92805,2.40,1.00
2010.04.26 15:48:51.831,0.9276,0.92805,3.00,1.00
2010.04.26 15:48:56.051,0.9276,0.92805,2.40,1.00
2010.04.26 15:48:56.530,0.9276,0.92805,3.00,1.00
2010.04.26 15:49:03.536,0.9276,0.92805,3.80,1.00
2010.04.26 15:49:03.958,0.9276,0.92805,3.20,1.00
2010.04.26 15:49:04.588,0.9276,0.928,1.00,2.40
2010.04.26 15:49:13.560,0.9276,0.92805,3.20,1.00
2010.04.26 15:49:14.905,0.9276,0.92805,2.80,1.00
2010.04.26 15:49:17.065,0.9276,0.92805,3.20,1.00
2010.04.26 15:49:17.549,0.9276,0.92805,4.00,1.00
2010.04.26 15:49:18.266,0.92765,0.9281,1.00,3.20
2010.04.26 15:49:23.224,0.92765,0.9281,1.00,3.60
2010.04.26 15:49:24.372,0.92765,0.9281,1.00,3.20
2010.04.26 15:49:24.608,0.9276,0.9281,4.00,3.10
2010.04.26 15:49:25.334,0.92765,0.9281,1.00,2.90
2010.04.26 15:49:25.673,0.92765,0.9281,1.00,3.20
2010.04.26 15:49:31.481,0.92765,0.9281,1.00,2.40
2010.04.26 15:49:32.261,0.92765,0.9281,1.60,2.40
2010.04.26 15:49:33.162,0.9277,0.9282,3.60,3.20
2010.04.26 15:49:33.381,0.9277,0.9281,1.20,2.40
2010.04.26 15:49:34.228,0.9277,0.9281,1.00,2.40
2010.04.26 15:49:34.573,0.92765,0.9281,1.00,3.20
2010.04.26 15:49:36.464,0.9276,0.928,1.00,2.40
2010.04.26 15:49:36.999,0.9276,0.92805,1.00,1.00
2010.04.26 15:49:37.180,0.9276,0.92805,1.00,1.00
2010.04.26 15:49:39.654,0.9276,0.9281,3.20,3.20
2010.04.26 15:49:39.969,0.9276,0.9281,4.00,3.20
2010.04.26 15:49:41.172,0.9276,0.9281,3.20,2.80
2010.04.26 15:49:43.209,0.9276,0.92805,3.20,1.00
2010.04.26 15:49:52.091,0.9276,0.92805,3.20,1.50
2010.04.26 15:49:52.791,0.9276,0.928,1.00,2.40
2010.04.26 15:49:58.245,0.9276,0.928,1.00,2.90
2010.04.26 15:49:59.036,0.9276,0.928,1.00,2.40
2010.04.26 15:49:59.495,0.9276,0.9281,3.20,4.00
2010.04.26 15:50:00.736,0.92765,0.9281,1.00,3.20
2010.04.26 15:50:01.332,0.92765,0.928,1.00,2.40
2010.04.26 15:50:01.795,0.9276,0.928,1.00,2.40
2010.04.26 15:50:04.357,0.9276,0.92805,3.20,1.00
2010.04.26 15:50:04.575,0.9276,0.9281,4.00,3.20
2010.04.26 15:50:05.286,0.92765,0.9281,1.00,2.40
2010.04.26 15:50:05.793,0.9277,0.9281,1.00,2.40
2010.04.26 15:50:12.614,0.9277,0.9282,3.20,3.20
2010.04.26 15:50:12.862,0.9277,0.9282,3.20,4.00
2010.04.26 15:50:13.101,0.9277,0.9281,1.00,2.40
2010.04.26 15:50:19.690,0.9277,0.9281,1.00,3.10
2010.04.26 15:50:19.790,0.9277,0.9281,1.00,3.20
2010.04.26 15:50:20.761,0.9277,0.92815,3.20,1.00
2010.04.26 15:50:21.099,0.9277,0.92815,3.20,1.30
2010.04.26 15:50:21.808,0.9277,0.92815,3.20,1.00
2010.04.26 15:50:22.150,0.9277,0.92815,3.20,1.00
2010.04.26 15:50:23.129,0.9277,0.92815,3.20,1.30
2010.04.26 15:50:23.830,0.9277,0.92815,4.00,1.30
2010.04.26 15:50:24.051,0.92775,0.9282,1.00,3.20
2010.04.26 15:50:25.838,0.9277,0.92815,3.20,1.00
2010.04.26 15:50:27.849,0.9277,0.9281,1.00,2.40
2010.04.26 15:50:38.834,0.92765,0.9281,1.00,2.40
2010.04.26 15:50:39.375,0.92765,0.928,1.00,2.40
2010.04.26 15:50:40.235,0.9277,0.9281,1.00,2.40
2010.04.26 15:50:44.000,0.9277,0.92815,3.20,1.00
2010.04.26 15:50:44.186,0.9277,0.92815,3.00,1.00
2010.04.26 15:50:47.994,0.9277,0.9281,1.00,2.40
2010.04.26 15:50:48.094,0.9277,0.9281,1.00,2.40
2010.04.26 15:50:48.865,0.9277,0.9281,1.00,2.40
2010.04.26 15:50:50.824,0.9277,0.9282,3.20,3.20
2010.04.26 15:50:51.252,0.92775,0.9282,1.00,3.20
2010.04.26 15:50:57.211,0.92775,0.9282,1.00,3.20
2010.04.26 15:50:58.200,0.92775,0.9282,1.00,3.20
2010.04.26 15:51:00.580,0.92775,0.9282,1.00,3.20
2010.04.26 15:51:01.759,0.9278,0.9282,2.40,1.00
2010.04.26 15:51:02.102,0.92775,0.9282,1.40,3.20
2010.04.26 15:51:02.270,0.92775,0.9282,1.00,3.20
2010.04.26 15:51:02.439,0.92775,0.9282,1.50,3.20
2010.04.26 15:51:03.325,0.92775,0.9282,1.00,3.20
2010.04.26 15:51:05.838,0.92775,0.9282,1.00,3.20
2010.04.26 15:51:07.638,0.92775,0.9282,1.40,3.20
2010.04.26 15:51:13.058,0.9278,0.9282,2.40,1.00
2010.04.26 15:51:13.963,0.92785,0.9283,1.00,3.20
2010.04.26 15:51:14.297,0.92785,0.9283,1.00,3.20
2010.04.26 15:51:22.399,0.92785,0.9283,1.60,3.20
2010.04.26 15:51:22.495,0.9279,0.9283,2.40,1.00
2010.04.26 15:51:22.697,0.9279,0.92835,2.40,1.00
2010.04.26 15:51:22.795,0.9279,0.92835,2.90,1.00
2010.04.26 15:51:22.995,0.9279,0.92835,3.20,1.00
2010.04.26 15:51:24.994,0.92795,0.92835,1.00,1.00
2010.04.26 15:51:27.324,0.92795,0.92835,1.00,1.00
2010.04.26 15:51:27.366,0.92795,0.92835,1.00,1.30
2010.04.26 15:51:27.422,0.9279,0.92835,3.20,1.30
2010.04.26 15:51:28.190,0.9279,0.92835,3.20,1.00
2010.04.26 15:51:32.533,0.92785,0.9283,1.00,2.40
2010.04.26 15:51:41.237,0.92785,0.9283,1.00,3.20
2010.04.26 15:51:41.440,0.92785,0.9283,1.00,4.00
2010.04.26 15:51:41.640,0.92775,0.9282,1.00,3.20
2010.04.26 15:51:43.661,0.9278,0.92825,3.20,1.60
2010.04.26 15:51:44.140,0.9278,0.92825,3.20,1.00
2010.04.26 15:51:45.011,0.9278,0.9283,3.20,3.20
2010.04.26 15:51:46.119,0.9278,0.92825,4.00,1.00
2010.04.26 15:51:46.894,0.9278,0.9283,4.00,3.20
2010.04.26 15:51:47.174,0.9278,0.92825,3.20,1.00
2010.04.26 15:51:47.569,0.9278,0.92825,3.20,1.00
2010.04.26 15:51:48.571,0.9278,0.9282,1.00,2.40
2010.04.26 15:51:48.878,0.92775,0.9282,1.00,3.20
2010.04.26 15:51:50.594,0.9277,0.92815,3.20,1.00
2010.04.26 15:51:54.498,0.9278,0.9282,2.40,1.00
2010.04.26 15:51:54.837,0.9278,0.92825,2.40,1.00
2010.04.26 15:51:56.639,0.92775,0.9282,1.00,2.40
2010.04.26 15:51:56.919,0.9278,0.9282,2.40,1.00
2010.04.26 15:51:57.893,0.92775,0.9282,1.00,3.20
2010.04.26 15:51:58.208,0.9278,0.9282,2.40,1.00
2010.04.26 15:52:01.528,0.9278,0.92825,3.20,1.00
2010.04.26 15:52:02.316,0.9278,0.9283,4.00,3.20
2010.04.26 15:52:02.515,0.9279,0.92835,2.40,1.00
2010.04.26 15:52:03.394,0.9279,0.92835,3.20,1.00
2010.04.26 15:52:11.864,0.9279,0.9284,3.20,3.20
2010.04.26 15:52:13.473,0.9279,0.9284,2.80,3.20
2010.04.26 15:52:14.165,0.9279,0.9283,1.00,2.40
2010.04.26 15:52:14.454,0.9279,0.9283,1.00,2.40
2010.04.26 15:52:15.653,0.9279,0.92835,3.20,1.00
2010.04.26 15:52:17.084,0.9279,0.92835,4.00,1.00
2010.04.26 15:52:17.174,0.92795,0.92835,1.00,1.00
2010.04.26 15:52:17.351,0.92795,0.9284,1.00,3.20
2010.04.26 15:52:17.531,0.928,0.9284,2.40,1.00
2010.04.26 15:52:18.554,0.92795,0.9284,1.00,3.80
2010.04.26 15:52:18.893,0.9279,0.9284,3.20,3.20
2010.04.26 15:52:19.232,0.9279,0.92835,3.20,1.00
2010.04.26 15:52:20.423,0.9279,0.92835,3.20,1.00
2010.04.26 15:52:21.970,0.9279,0.92835,3.20,1.00
2010.04.26 15:52:22.330,0.9279,0.92835,3.20,1.00
2010.04.26 15:52:22.570,0.9279,0.92835,3.20,1.00
2010.04.26 15:52:23.252,0.92795,0.9284,1.00,3.60
2010.04.26 15:52:23.511,0.92795,0.9284,1.00,3.20
2010.04.26 15:52:24.031,0.928,0.9284,2.40,1.00
2010.04.26 15:52:24.291,0.92795,0.9284,1.00,3.20
2010.04.26 15:52:25.953,0.928,0.9284,2.40,1.00
2010.04.26 15:52:26.377,0.928,0.9284,2.80,1.00
2010.04.26 15:52:26.689,0.928,0.92845,3.00,1.00
2010.04.26 15:52:27.559,0.928,0.92845,3.20,1.00
2010.04.26 15:52:27.904,0.9281,0.9285,2.40,1.00
2010.04.26 15:52:28.529,0.928,0.9285,3.20,3.20
2010.04.26 15:52:29.921,0.9281,0.9285,2.40,1.00
2010.04.26 15:52:42.236,0.92805,0.9285,1.00,3.20
2010.04.26 15:52:42.875,0.92805,0.9284,1.00,2.40
2010.04.26 15:52:43.577,0.92795,0.9284,1.00,3.20
2010.04.26 15:52:43.895,0.928,0.92845,3.20,1.20
2010.04.26 15:52:44.056,0.928,0.92845,3.20,1.00
2010.04.26 15:52:46.495,0.928,0.9285,3.20,3.20
2010.04.26 15:52:47.755,0.928,0.9285,3.80,3.20
2010.04.26 15:52:49.611,0.928,0.9285,3.20,3.20
2010.04.26 15:52:51.376,0.928,0.9285,4.00,3.20
2010.04.26 15:52:52.394,0.928,0.9285,3.20,3.20
2010.04.26 15:52:59.201,0.928,0.92845,3.20,1.00
2010.04.26 15:52:59.601,0.928,0.9284,1.00,2.40
2010.04.26 15:52:59.801,0.92795,0.9284,1.00,3.20
2010.04.26 15:53:05.913,0.928,0.9284,2.40,1.00
2010.04.26 15:53:08.139,0.928,0.9284,3.10,1.00
2010.04.26 15:53:09.050,0.928,0.92845,3.10,1.00
2010.04.26 15:53:10.468,0.928,0.92845,3.60,1.00
2010.04.26 15:53:10.559,0.928,0.92845,3.20,1.00
2010.04.26 15:53:16.828,0.9281,0.9285,2.40,1.00
2010.04.26 15:53:18.487,0.92805,0.9285,1.00,3.20
2010.04.26 15:53:18.728,0.92805,0.9285,1.40,3.20
2010.04.26 15:53:22.317,0.92805,0.9285,1.00,3.20
2010.04.26 15:53:25.515,0.92805,0.9284,1.00,2.40
2010.04.26 15:53:25.796,0.92795,0.9283,1.00,2.40
2010.04.26 15:53:26.075,0.9279,0.9283,1.00,2.40
2010.04.26 15:53:26.415,0.92785,0.9283,1.00,2.40
2010.04.26 15:53:26.754,0.92785,0.9283,1.00,3.20
2010.04.26 15:53:27.820,0.92785,0.9283,1.00,2.80
2010.04.26 15:53:28.316,0.92785,0.9283,1.00,3.20
2010.04.26 15:53:32.534,0.92785,0.92825,1.00,1.00
2010.04.26 15:53:33.673,0.92785,0.9282,1.00,2.40
2010.04.26 15:53:33.863,0.9278,0.9282,1.00,2.40
2010.04.26 15:53:34.115,0.9278,0.92825,3.20,1.00
2010.04.26 15:53:35.104,0.92785,0.9283,1.00,3.20
2010.04.26 15:53:37.976,0.92785,0.92825,1.00,1.00
2010.04.26 15:53:39.885,0.9278,0.9282,1.00,2.40
2010.04.26 15:53:52.948,0.9278,0.92825,3.20,1.00
2010.04.26 15:53:58.317,0.9278,0.92825,3.60,1.00
2010.04.26 15:53:58.508,0.9278,0.92825,2.90,1.00
2010.04.26 15:53:58.707,0.9278,0.92825,3.20,1.00
2010.04.26 15:54:02.776,0.9278,0.9283,3.20,3.20
2010.04.26 15:54:03.098,0.92785,0.9283,1.00,3.20
2010.04.26 15:54:10.454,0.9278,0.9283,3.90,3.20
2010.04.26 15:54:13.195,0.92785,0.9283,1.00,3.20
2010.04.26 15:54:17.313,0.9279,0.9283,2.40,1.00
2010.04.26 15:54:17.865,0.9279,0.92825,2.40,1.00
2010.04.26 15:54:18.556,0.9278,0.92825,3.20,1.00
2010.04.26 15:54:18.892,0.9278,0.92825,3.20,1.00
2010.04.26 15:54:19.232,0.9278,0.9283,3.20,3.20
2010.04.26 15:54:19.572,0.9278,0.92825,3.20,1.00
2010.04.26 15:54:32.839,0.9278,0.9282,3.20,1.00
2010.04.26 15:54:33.039,0.9278,0.9282,2.40,1.00
2010.04.26 15:54:33.697,0.9278,0.92825,2.40,1.00
2010.04.26 15:54:33.893,0.92785,0.9283,1.00,3.20
2010.04.26 15:54:35.692,0.9278,0.92825,3.20,1.00
2010.04.26 15:54:36.858,0.9278,0.92825,3.20,1.00
2010.04.26 15:54:38.120,0.9278,0.92825,3.20,1.00
2010.04.26 15:54:38.228,0.9278,0.92825,3.20,1.20
2010.04.26 15:54:38.569,0.92775,0.9282,1.00,3.20
2010.04.26 15:54:39.488,0.9278,0.9282,2.40,1.00
2010.04.26 15:54:39.947,0.9279,0.92825,2.40,1.00
2010.04.26 15:54:40.176,0.9278,0.92825,4.00,1.00
2010.04.26 15:54:40.820,0.9278,0.9283,4.00,3.20
2010.04.26 15:54:41.048,0.92785,0.9283,1.00,3.20
2010.04.26 15:54:41.276,0.9278,0.9283,3.20,3.20
2010.04.26 15:54:42.840,0.92795,0.92825,1.00,1.00
2010.04.26 15:54:46.342,0.92795,0.9283,1.00,3.60
2010.04.26 15:54:46.615,0.9279,0.92825,1.00,1.00
2010.04.26 15:54:47.717,0.9279,0.9282,1.00,1.00
2010.04.26 15:54:47.796,0.92795,0.92825,1.00,1.00
2010.04.26 15:54:49.146,0.92795,0.9283,1.00,1.50
2010.04.26 15:54:49.376,0.92795,0.92835,1.00,1.00
2010.04.26 15:54:50.398,0.928,0.92835,1.00,1.00
2010.04.26 15:54:51.221,0.92795,0.92835,1.00,1.00
2010.04.26 15:54:51.269,0.92805,0.92835,1.00,1.00
2010.04.26 15:54:51.281,0.92805,0.92835,1.00,1.00
2010.04.26 15:54:52.016,0.92805,0.9283,1.00,2.40
2010.04.26 15:54:52.766,0.92795,0.92825,1.00,1.00
2010.04.26 15:54:53.106,0.9279,0.9283,1.00,3.20
2010.04.26 15:54:54.186,0.92795,0.9283,1.00,3.20
2010.04.26 15:54:58.214,0.92795,0.9283,1.00,1.00
2010.04.26 15:54:59.034,0.9279,0.92825,1.00,1.00
2010.04.26 15:54:59.262,0.9279,0.92825,1.00,1.00
2010.04.26 15:54:59.722,0.92795,0.92825,1.00,1.00
2010.04.26 15:55:00.477,0.92795,0.92825,1.00,1.00
2010.04.26 15:55:01.866,0.92795,0.92825,1.00,1.00
2010.04.26 15:55:02.202,0.92795,0.9283,1.00,3.60
2010.04.26 15:55:02.542,0.92795,0.9283,1.00,3.20
2010.04.26 15:55:02.882,0.92795,0.92825,1.00,1.00
2010.04.26 15:55:03.714,0.92795,0.92825,1.00,1.00
2010.04.26 15:55:03.993,0.9279,0.92825,1.00,1.00
2010.04.26 15:55:09.063,0.9279,0.9282,1.00,2.40
2010.04.26 15:55:10.160,0.92785,0.9282,1.00,3.20
2010.04.26 15:55:10.840,0.92785,0.9282,1.00,3.20
2010.04.26 15:55:12.940,0.92785,0.9282,1.00,3.20
2010.04.26 15:55:13.601,0.92785,0.92815,1.00,1.00
2010.04.26 15:55:14.459,0.92785,0.92815,1.00,1.00
2010.04.26 15:55:15.323,0.92785,0.92815,1.00,1.00
2010.04.26 15:55:15.659,0.92785,0.9281,1.00,2.40
2010.04.26 15:55:16.000,0.9277,0.928,1.00,1.00
2010.04.26 15:55:16.952,0.92755,0.92795,1.00,1.00
2010.04.26 15:55:18.559,0.92765,0.92795,1.00,1.00
2010.04.26 15:55:18.728,0.9276,0.92795,1.00,1.00
2010.04.26 15:55:20.308,0.92765,0.92795,1.00,1.00
2010.04.26 15:55:21.767,0.92755,0.92795,1.00,1.00
2010.04.26 15:55:21.947,0.92765,0.92795,1.00,1.00
2010.04.26 15:55:22.307,0.92765,0.92795,1.00,1.00
2010.04.26 15:55:24.726,0.92765,0.92795,1.00,1.00
2010.04.26 15:55:25.781,0.92765,0.928,1.00,1.00
2010.04.26 15:55:26.659,0.9277,0.928,1.00,1.00
2010.04.26 15:55:26.978,0.92765,0.928,1.00,1.00
2010.04.26 15:55:27.317,0.9277,0.928,1.00,2.80
2010.04.26 15:55:27.596,0.92765,0.928,1.00,3.60
2010.04.26 15:55:28.428,0.92765,0.92795,1.00,1.00
2010.04.26 15:55:28.705,0.9276,0.92795,1.00,1.00
2010.04.26 15:55:29.795,0.9276,0.9279,1.00,2.40
2010.04.26 15:55:30.135,0.92755,0.9279,1.00,2.80
2010.04.26 15:55:30.815,0.9276,0.92795,1.00,1.00
2010.04.26 15:55:31.454,0.9276,0.9279,1.00,2.40
2010.04.26 15:55:31.761,0.92765,0.9279,1.00,3.20
2010.04.26 15:55:31.996,0.92755,0.9279,1.00,3.20
2010.04.26 15:55:32.875,0.9276,0.9279,1.00,1.00
2010.04.26 15:55:33.076,0.9276,0.9279,1.00,3.20
2010.04.26 15:55:33.274,0.9276,0.9279,1.00,3.20
2010.04.26 15:55:35.383,0.9276,0.9279,1.00,3.20
2010.04.26 15:55:35.908,0.92755,0.9279,1.00,3.20
2010.04.26 15:55:37.355,0.9276,0.9279,1.00,3.20
2010.04.26 15:55:38.025,0.9276,0.92785,1.00,1.00
2010.04.26 15:55:38.705,0.9276,0.9278,1.00,2.40
2010.04.26 15:55:38.997,0.9276,0.9279,1.00,1.00
2010.04.26 15:55:40.876,0.9276,0.9279,1.00,3.20
2010.04.26 15:55:40.932,0.92755,0.9279,1.00,3.20
2010.04.26 15:55:41.367,0.92755,0.9279,1.00,3.20
2010.04.26 15:55:43.702,0.9275,0.9279,1.00,3.20
2010.04.26 15:55:43.891,0.92755,0.9279,1.00,3.20
2010.04.26 15:55:44.271,0.92755,0.9279,1.00,3.10
2010.04.26 15:55:46.912,0.92755,0.9279,1.00,2.80
2010.04.26 15:55:47.351,0.92755,0.9279,1.00,3.60
2010.04.26 15:55:48.366,0.9275,0.92785,1.00,1.00
2010.04.26 15:55:48.880,0.9275,0.9279,1.00,1.00
2010.04.26 15:55:49.040,0.92755,0.9279,1.00,1.00
2010.04.26 15:55:50.221,0.92755,0.9279,1.00,2.40
2010.04.26 15:55:50.360,0.92755,0.9279,1.00,3.20
2010.04.26 15:55:51.071,0.92755,0.92785,1.00,1.00
2010.04.26 15:55:51.770,0.92755,0.92785,1.00,1.00
2010.04.26 15:55:53.046,0.9275,0.92785,1.00,1.00
2010.04.26 15:55:53.380,0.9275,0.92785,1.00,1.00
2010.04.26 15:55:57.319,0.9275,0.9278,1.00,2.40
2010.04.26 15:55:57.528,0.9275,0.9278,1.00,2.40
2010.04.26 15:56:02.487,0.9275,0.9277,1.00,2.40
2010.04.26 15:56:02.643,0.9274,0.92775,1.00,1.00
2010.04.26 15:56:02.780,0.9274,0.92775,1.00,1.00
2010.04.26 15:56:02.918,0.92745,0.92775,1.00,1.00
2010.04.26 15:56:03.684,0.92745,0.92775,1.00,1.00
2010.04.26 15:56:09.638,0.92745,0.9278,1.00,3.20
2010.04.26 15:56:10.617,0.92745,0.9278,1.00,4.00
2010.04.26 15:56:11.277,0.92745,0.9278,1.00,3.20
2010.04.26 15:56:12.146,0.92745,0.9278,1.00,3.20
2010.04.26 15:56:13.464,0.92745,0.9278,1.00,1.00
2010.04.26 15:56:14.346,0.92755,0.9279,1.00,4.50
2010.04.26 15:56:15.154,0.92755,0.92785,1.00,1.00
2010.04.26 15:56:15.594,0.92755,0.92785,1.00,1.00
2010.04.26 15:56:16.362,0.92755,0.92785,1.00,1.60
2010.04.26 15:56:16.541,0.92755,0.9278,1.00,2.40
2010.04.26 15:56:16.716,0.92745,0.9278,1.00,2.40
2010.04.26 15:56:16.886,0.92745,0.92785,1.00,1.00
2010.04.26 15:56:17.737,0.92745,0.9278,1.00,3.20
2010.04.26 15:56:17.960,0.92745,0.9277,1.00,2.40
2010.04.26 15:56:18.174,0.92745,0.9277,1.00,2.40
2010.04.26 15:56:18.393,0.92735,0.9277,1.00,2.40
2010.04.26 15:56:18.976,0.92735,0.9277,1.00,2.40
2010.04.26 15:56:19.314,0.9274,0.92775,1.00,1.60
2010.04.26 15:56:19.994,0.92745,0.9278,1.00,3.20
2010.04.26 15:56:20.890,0.92745,0.9278,1.00,3.90
2010.04.26 15:56:21.223,0.92745,0.9278,1.00,2.80
2010.04.26 15:56:21.563,0.9274,0.9278,1.00,3.20
2010.04.26 15:56:22.284,0.92745,0.92775,1.00,1.00
2010.04.26 15:56:23.392,0.9275,0.92775,1.00,1.00
2010.04.26 15:56:23.732,0.9275,0.9278,1.00,3.60
2010.04.26 15:56:25.472,0.9275,0.92775,1.00,1.00
2010.04.26 15:56:25.661,0.92745,0.92775,1.00,1.00
2010.04.26 15:56:26.041,0.92745,0.92775,1.00,1.00
2010.04.26 15:56:27.084,0.9274,0.9278,1.00,3.20
2010.04.26 15:56:27.363,0.9275,0.9278,1.00,3.20
2010.04.26 15:56:27.642,0.9275,0.9278,1.00,1.00
2010.04.26 15:56:28.452,0.92745,0.9278,1.00,3.90
2010.04.26 15:56:28.671,0.9275,0.9278,1.00,3.20
2010.04.26 15:56:35.899,0.9274,0.9278,1.00,3.60
2010.04.26 15:56:38.018,0.92735,0.9278,1.00,3.20
2010.04.26 15:56:42.977,0.9274,0.9278,1.00,3.20
2010.04.26 15:56:49.778,0.92735,0.92775,1.00,1.00
2010.04.26 15:56:49.958,0.9273,0.92775,1.00,1.00
2010.04.26 15:56:51.703,0.9273,0.9277,1.00,2.40
2010.04.26 15:56:52.017,0.92725,0.9277,1.00,3.20
2010.04.26 15:56:54.111,0.92725,0.9277,1.00,3.60
2010.04.26 15:57:06.521,0.92725,0.9277,1.00,3.20
2010.04.26 15:57:06.941,0.92725,0.9277,1.00,3.20
2010.04.26 15:57:08.821,0.92735,0.92775,1.00,1.00
2010.04.26 15:57:09.271,0.92735,0.92775,1.00,1.00
2010.04.26 15:57:10.212,0.92735,0.9277,1.00,2.40
2010.04.26 15:57:10.551,0.92735,0.9277,1.00,2.40
2010.04.26 15:57:11.762,0.92735,0.9277,1.00,2.40
2010.04.26 15:57:12.081,0.9274,0.9277,1.00,2.40
2010.04.26 15:57:13.110,0.92735,0.9277,1.00,2.40
2010.04.26 15:57:15.465,0.92735,0.92775,1.00,1.00
2010.04.26 15:57:15.800,0.92745,0.92775,1.00,1.00
2010.04.26 15:57:16.600,0.9274,0.92775,1.00,1.00
2010.04.26 15:57:16.933,0.9274,0.92775,1.00,1.00
2010.04.26 15:57:21.540,0.92745,0.92775,1.00,1.00
2010.04.26 15:57:22.086,0.9274,0.92775,1.00,1.00
2010.04.26 15:57:29.917,0.92735,0.9277,1.00,3.20
2010.04.26 15:57:30.237,0.9273,0.9277,1.00,4.00
2010.04.26 15:57:33.616,0.9273,0.9277,1.00,3.20
2010.04.26 15:57:33.745,0.9273,0.9277,1.00,3.20
2010.04.26 15:57:38.394,0.9274,0.9277,1.00,3.20
2010.04.26 15:57:38.693,0.9273,0.9277,1.00,3.20
2010.04.26 15:57:38.896,0.92735,0.9277,1.00,3.20
2010.04.26 15:57:39.106,0.9273,0.9277,1.00,3.20
2010.04.26 15:57:40.306,0.92735,0.92765,1.00,1.00
2010.04.26 15:57:41.195,0.9273,0.92765,1.00,1.00
2010.04.26 15:57:42.123,0.92735,0.92765,1.00,1.60
2010.04.26 15:57:43.269,0.92735,0.9277,1.00,3.20
2010.04.26 15:57:43.464,0.92735,0.92765,1.00,1.00
2010.04.26 15:57:45.048,0.92735,0.9277,1.00,3.20
2010.04.26 15:57:47.320,0.92735,0.9277,1.00,3.20
2010.04.26 15:57:47.634,0.9274,0.9277,1.00,3.20
2010.04.26 15:57:48.951,0.9274,0.9277,1.00,3.20
2010.04.26 15:57:49.220,0.9274,0.9277,1.00,4.00
2010.04.26 15:57:49.491,0.92735,0.92765,1.00,1.00
2010.04.26 15:57:49.761,0.92735,0.92765,1.00,1.00
2010.04.26 15:57:52.300,0.9274,0.9277,1.00,1.00
2010.04.26 15:57:52.470,0.9274,0.9277,1.00,1.00
2010.04.26 15:57:54.912,0.9274,0.9277,1.00,1.00
2010.04.26 15:57:55.670,0.9274,0.9277,1.00,3.20
2010.04.26 15:57:57.869,0.9274,0.9277,1.00,3.20
2010.04.26 15:57:59.828,0.92735,0.9277,1.00,3.20
2010.04.26 15:58:00.498,0.92735,0.9277,1.00,1.00
2010.04.26 15:58:00.689,0.92745,0.9277,1.00,1.00
2010.04.26 15:58:00.878,0.92745,0.9277,1.00,1.00
2010.04.26 15:58:01.448,0.92745,0.9277,1.00,1.00
2010.04.26 15:58:06.298,0.92745,0.92775,1.00,1.00
2010.04.26 15:58:06.568,0.92745,0.92775,1.00,1.00
2010.04.26 15:58:06.829,0.9275,0.92775,1.00,1.00
2010.04.26 15:58:07.090,0.9275,0.9278,1.00,1.00
2010.04.26 15:58:07.349,0.92745,0.9278,1.00,1.00
2010.04.26 15:58:07.497,0.92745,0.9278,1.00,3.20
2010.04.26 15:58:08.217,0.92745,0.9278,1.00,3.20
2010.04.26 15:58:09.066,0.92745,0.9278,1.00,3.20
2010.04.26 15:58:10.377,0.9275,0.9278,1.00,1.00
2010.04.26 15:58:10.717,0.92755,0.92785,1.00,1.00
2010.04.26 15:58:10.816,0.92755,0.92785,1.00,1.00
2010.04.26 15:58:11.117,0.92755,0.92785,1.00,1.00
2010.04.26 15:58:14.115,0.92755,0.92785,1.00,1.00
2010.04.26 15:58:15.257,0.9275,0.92785,1.00,1.00
2010.04.26 15:58:15.616,0.9276,0.92785,1.00,1.00
2010.04.26 15:58:18.202,0.9276,0.9279,1.00,2.80
2010.04.26 15:58:18.495,0.9276,0.9279,1.00,1.00
2010.04.26 15:58:18.734,0.92755,0.9279,1.00,3.20
2010.04.26 15:58:18.854,0.92755,0.9279,1.00,2.80
2010.04.26 15:58:19.040,0.92755,0.9279,1.00,3.00
2010.04.26 15:58:20.387,0.9276,0.9279,1.00,3.00
2010.04.26 15:58:20.544,0.9275,0.9279,1.00,3.20
2010.04.26 15:58:21.395,0.92745,0.92785,1.00,1.00
2010.04.26 15:58:22.414,0.9275,0.92785,1.00,1.00
2010.04.26 15:58:23.513,0.9275,0.92785,3.00,1.00
2010.04.26 15:58:23.673,0.92755,0.92795,1.00,1.00
2010.04.26 15:58:23.833,0.92765,0.928,1.00,3.20
2010.04.26 15:58:23.993,0.92765,0.928,1.00,3.20
2010.04.26 15:58:24.153,0.9277,0.928,1.00,3.20
2010.04.26 15:58:24.473,0.92765,0.928,1.00,3.20
2010.04.26 15:58:26.352,0.92765,0.928,1.00,1.00
2010.04.26 15:58:26.523,0.92775,0.928,1.00,1.00
2010.04.26 15:58:26.693,0.92765,0.928,1.00,3.20
2010.04.26 15:58:27.734,0.9276,0.9279,1.00,2.40
2010.04.26 15:58:28.078,0.92765,0.9279,1.00,2.40
2010.04.26 15:58:28.891,0.9276,0.9279,1.00,2.80
2010.04.26 15:58:29.211,0.9276,0.9279,1.00,2.40
2010.04.26 15:58:30.443,0.92765,0.928,1.00,3.20
2010.04.26 15:58:31.210,0.92765,0.928,1.00,3.20
2010.04.26 15:58:31.300,0.92765,0.928,1.00,3.20
2010.04.26 15:58:32.200,0.92765,0.9279,1.00,2.40
2010.04.26 15:58:32.760,0.9276,0.9279,1.00,2.40
2010.04.26 15:58:33.851,0.9276,0.9279,1.00,2.40
2010.04.26 15:58:33.990,0.9276,0.9279,1.00,2.40
2010.04.26 15:58:34.270,0.9276,0.92795,1.00,1.00
2010.04.26 15:58:34.951,0.92765,0.928,1.00,3.20
2010.04.26 15:58:35.260,0.92765,0.928,1.00,3.20
2010.04.26 15:58:35.570,0.92765,0.928,1.00,3.20
2010.04.26 15:58:36.190,0.9277,0.92805,1.00,1.00
2010.04.26 15:58:36.410,0.9277,0.92805,1.00,1.00
2010.04.26 15:58:37.361,0.92775,0.92805,1.00,1.00
2010.04.26 15:58:37.939,0.9278,0.9281,1.00,1.00
2010.04.26 15:58:38.109,0.92775,0.92815,1.00,1.00
2010.04.26 15:58:39.438,0.9278,0.92815,1.00,1.00
2010.04.26 15:58:39.610,0.9278,0.9281,1.00,2.40
2010.04.26 15:58:39.779,0.92775,0.9281,1.00,3.20
2010.04.26 15:58:40.739,0.92775,0.9281,1.00,1.00
2010.04.26 15:58:41.010,0.92775,0.9281,1.00,2.40
2010.04.26 15:58:41.791,0.92775,0.9281,1.00,1.00
2010.04.26 15:58:41.992,0.92775,0.9281,1.00,2.40
2010.04.26 15:58:42.190,0.92775,0.9281,1.00,2.40
2010.04.26 15:58:42.948,0.92775,0.9281,1.00,3.20
2010.04.26 15:58:43.148,0.9278,0.9281,1.00,1.00
2010.04.26 15:58:43.348,0.9278,0.92815,1.00,1.00
2010.04.26 15:58:44.440,0.9278,0.92815,1.00,1.00
2010.04.26 15:58:45.948,0.9278,0.92815,1.00,1.00
2010.04.26 15:58:47.308,0.9278,0.92815,1.00,1.60
2010.04.26 15:58:47.970,0.92785,0.9282,1.00,1.00
2010.04.26 15:58:48.149,0.92785,0.9282,1.00,1.00
2010.04.26 15:58:50.039,0.92785,0.9282,1.00,4.00
2010.04.26 15:58:50.566,0.92785,0.9282,1.00,3.20
2010.04.26 15:58:52.747,0.92785,0.9282,1.00,4.00
2010.04.26 15:58:52.887,0.92785,0.92815,1.00,1.00
2010.04.26 15:58:53.626,0.9278,0.92815,1.00,1.00
2010.04.26 15:58:56.171,0.9278,0.92815,1.00,1.00
2010.04.26 15:58:58.854,0.92785,0.92815,1.00,1.00
2010.04.26 15:58:59.635,0.9278,0.92815,1.00,1.00
2010.04.26 15:58:59.955,0.9278,0.92815,1.00,1.00
2010.04.26 15:59:00.114,0.9278,0.92815,1.00,1.00
2010.04.26 15:59:01.174,0.9278,0.92815,1.00,1.00
2010.04.26 15:59:05.663,0.9278,0.92815,1.00,1.00
2010.04.26 15:59:06.073,0.9278,0.92815,1.00,1.00
2010.04.26 15:59:07.902,0.9278,0.92815,1.00,1.00
2010.04.26 15:59:08.202,0.9278,0.9281,1.00,1.00
2010.04.26 15:59:10.115,0.92775,0.92805,1.00,1.00
2010.04.26 15:59:11.262,0.92775,0.92805,1.00,1.00
2010.04.26 15:59:12.354,0.92785,0.9282,1.00,3.70
2010.04.26 15:59:12.622,0.9278,0.92815,1.00,1.00
2010.04.26 15:59:12.881,0.9278,0.92815,1.00,1.00
2010.04.26 15:59:13.694,0.92785,0.92815,1.00,1.00
2010.04.26 15:59:16.241,0.92785,0.9281,1.00,2.40
2010.04.26 15:59:16.503,0.9278,0.92815,1.00,1.00
2010.04.26 15:59:16.892,0.92785,0.92815,1.00,1.00
2010.04.26 15:59:17.643,0.9278,0.9281,1.00,2.40
2010.04.26 15:59:17.981,0.9278,0.9281,1.00,3.00
2010.04.26 15:59:18.090,0.9278,0.9281,1.00,2.40
2010.04.26 15:59:18.530,0.92785,0.9281,1.00,2.40
2010.04.26 15:59:18.642,0.9278,0.9281,1.00,2.80
2010.04.26 15:59:20.831,0.9278,0.9281,1.00,2.40
2010.04.26 15:59:22.940,0.9278,0.92805,1.00,1.00
2010.04.26 15:59:23.948,0.9278,0.9281,1.00,2.40
2010.04.26 15:59:24.998,0.9278,0.92815,1.00,1.00
2010.04.26 15:59:25.248,0.92785,0.9282,1.00,3.20
2010.04.26 15:59:25.498,0.9278,0.92815,1.00,1.00
2010.04.26 15:59:29.420,0.9278,0.9281,1.00,2.40
2010.04.26 15:59:31.067,0.9278,0.9282,1.00,3.20
2010.04.26 15:59:31.318,0.92785,0.9282,1.00,3.20
2010.04.26 15:59:31.567,0.9278,0.9282,1.00,3.20
2010.04.26 15:59:32.119,0.9278,0.92815,1.00,1.00
2010.04.26 15:59:32.408,0.9277,0.928,1.00,2.40
2010.04.26 15:59:32.517,0.92775,0.9281,1.00,3.20
2010.04.26 15:59:32.716,0.92775,0.9281,1.00,1.00
2010.04.26 15:59:32.766,0.9278,0.9281,1.00,1.00
2010.04.26 15:59:32.977,0.92775,0.9281,1.00,3.00
2010.04.26 15:59:33.212,0.92775,0.9281,1.00,2.40
2010.04.26 15:59:33.677,0.92775,0.9281,1.00,3.20
2010.04.26 15:59:34.258,0.9278,0.9281,1.00,2.40
2010.04.26 15:59:34.508,0.92785,0.9282,1.00,1.00
2010.04.26 15:59:34.826,0.92785,0.92825,1.00,1.00
2010.04.26 15:59:37.256,0.9279,0.92825,2.40,1.00
2010.04.26 15:59:37.596,0.9281,0.9284,1.00,1.00
2010.04.26 15:59:37.935,0.9281,0.9284,1.00,1.00
2010.04.26 15:59:40.810,0.92805,0.92835,1.00,1.00
2010.04.26 15:59:41.045,0.92805,0.92835,1.00,1.00
2010.04.26 15:59:41.285,0.92805,0.92835,1.00,1.00
2010.04.26 15:59:42.066,0.92805,0.92835,1.00,1.00
2010.04.26 15:59:42.374,0.92805,0.92835,1.00,1.00
2010.04.26 15:59:42.995,0.92805,0.92835,1.00,1.00
2010.04.26 15:59:43.814,0.92805,0.9284,1.00,1.00
2010.04.26 15:59:44.633,0.92805,0.9284,1.00,1.00
2010.04.26 15:59:45.493,0.9281,0.9284,1.00,1.00
2010.04.26 15:59:45.733,0.92815,0.9284,1.00,1.00
2010.04.26 15:59:45.974,0.92815,0.92845,1.00,1.00
2010.04.26 15:59:46.094,0.92815,0.92845,1.00,1.00
2010.04.26 15:59:46.744,0.92815,0.92845,1.00,1.30
2010.04.26 15:59:49.645,0.9281,0.92845,1.00,1.00
2010.04.26 15:59:49.832,0.92815,0.92845,1.00,1.00
2010.04.26 15:59:50.022,0.9281,0.92845,1.00,1.00
2010.04.26 15:59:50.262,0.9281,0.92845,1.00,1.00
2010.04.26 15:59:50.502,0.9281,0.9284,1.00,1.00
2010.04.26 15:59:51.132,0.9281,0.9284,1.00,3.20
2010.04.26 15:59:51.373,0.92805,0.9284,1.00,3.20
2010.04.26 15:59:52.712,0.9281,0.92845,1.00,1.00
2010.04.26 15:59:52.971,0.9281,0.92845,1.00,1.00
2010.04.26 15:59:53.599,0.9282,0.92845,1.00,1.00
2010.04.26 15:59:53.861,0.92815,0.92845,1.00,1.00
2010.04.26 15:59:56.952,0.9282,0.9285,1.00,3.20
2010.04.26 15:59:56.973,0.92815,0.9285,1.00,3.20
2010.04.26 15:59:57.553,0.9281,0.92845,1.00,1.00
2010.04.26 15:59:57.584,0.9281,0.92845,1.00,1.00
2010.04.26 15:59:57.640,0.9281,0.9284,1.00,1.00
2010.04.26 15:59:57.669,0.9281,0.9284,1.00,3.20
2010.04.26 15:59:57.867,0.9281,0.9284,1.00,3.20
2010.04.26 15:59:58.721,0.92795,0.9283,1.00,3.20
2010.04.26 15:59:59.060,0.928,0.9283,1.00,3.20
2010.04.26 15:59:59.741,0.92805,0.9283,1.00,3.20
2010.04.26 15:59:59.890,0.92805,0.9283,1.00,2.40
