2013.11.05 23:00:00.202,0.99291,0.99339,1.35,1.88
2013.11.05 23:00:00.547,0.99291,0.99339,1.35,1.13
2013.11.05 23:00:00.872,0.9929,0.99338,1.35,1.13
2013.11.05 23:00:00.992,0.9929,0.99337,1.35,1.13
2013.11.05 23:00:02.292,0.99286,0.99336,1.50,1.13
2013.11.05 23:00:06.732,0.99291,0.99328,1.13,1.13
2013.11.05 23:00:07.407,0.9929,0.99328,1.13,1.13
2013.11.05 23:00:10.162,0.99287,0.99328,2.25,1.13
2013.11.05 23:00:10.521,0.99296,0.99334,1.13,1.50
2013.11.05 23:00:11.024,0.99293,0.99334,1.88,1.50
2013.11.05 23:00:11.382,0.993,0.99335,1.13,1.50
2013.11.05 23:00:11.702,0.99294,0.99333,1.73,1.13
2013.11.05 23:00:12.705,0.99294,0.99334,1.35,1.13
2013.11.05 23:00:12.765,0.99304,0.99337,1.13,1.13
2013.11.05 23:00:13.167,0.99293,0.99333,1.65,1.13
2013.11.05 23:00:13.362,0.99294,0.99334,5.40,1.13
2013.11.05 23:00:13.911,0.99292,0.99336,1.65,1.50
2013.11.05 23:00:18.121,0.99292,0.99332,1.65,1.13
2013.11.05 23:00:18.302,0.99289,0.99321,1.13,1.13
2013.11.05 23:00:19.091,0.99286,0.9933,1.50,1.13
2013.11.05 23:00:20.071,0.99292,0.99331,1.50,1.13
2013.11.05 23:00:20.311,0.99284,0.99326,1.13,1.13
2013.11.05 23:00:21.476,0.99286,0.99326,1.50,1.13
2013.11.05 23:00:21.979,0.99287,0.99326,1.13,1.13
2013.11.05 23:00:22.784,0.99286,0.99325,1.13,1.13
2013.11.05 23:00:23.802,0.99288,0.99325,1.13,1.13
2013.11.05 23:00:24.493,0.99286,0.99325,1.13,1.13
2013.11.05 23:00:25.923,0.99286,0.99326,1.50,1.13
2013.11.05 23:00:26.042,0.99286,0.99325,1.13,1.13
2013.11.05 23:00:27.523,0.99288,0.99325,1.13,1.13
2013.11.05 23:00:31.982,0.99284,0.99326,1.50,1.13
2013.11.05 23:00:37.712,0.99286,0.99326,1.50,1.13
2013.11.05 23:00:37.772,0.99288,0.99328,1.50,1.13
2013.11.05 23:00:39.172,0.99289,0.9933,1.50,1.13
2013.11.05 23:00:39.351,0.9929,0.99331,1.13,1.13
2013.11.05 23:00:40.116,0.99291,0.99331,1.50,1.13
2013.11.05 23:00:40.521,0.99293,0.99334,1.50,1.88
2013.11.05 23:00:41.298,0.99293,0.99329,1.50,1.13
2013.11.05 23:00:42.501,0.99294,0.99329,1.50,1.13
2013.11.05 23:00:46.512,0.99293,0.99329,1.13,1.13
2013.11.05 23:00:46.992,0.99291,0.99329,1.50,1.13
2013.11.05 23:00:47.512,0.99293,0.99329,1.13,1.13
2013.11.05 23:00:47.631,0.99293,0.99331,1.13,2.25
2013.11.05 23:00:47.692,0.9929,0.99336,1.88,1.50
2013.11.05 23:00:47.752,0.99297,0.99336,1.50,1.50
2013.11.05 23:00:51.862,0.99296,0.99339,1.50,1.88
2013.11.05 23:00:53.122,0.993,0.99339,1.50,1.13
2013.11.05 23:00:53.242,0.99296,0.99336,1.50,1.13
2013.11.05 23:00:53.422,0.99297,0.99338,1.50,1.13
2013.11.05 23:00:53.542,0.99302,0.99342,1.13,1.13
2013.11.05 23:00:54.191,0.99298,0.99339,1.13,1.88
2013.11.05 23:00:54.501,0.99302,0.99334,1.13,1.50
2013.11.05 23:00:55.271,0.99304,0.99339,1.13,1.95
2013.11.05 23:00:55.512,0.99303,0.99333,1.13,1.13
2013.11.05 23:00:58.213,0.99303,0.99333,1.13,1.50
2013.11.05 23:01:24.543,0.99298,0.9933,1.13,1.50
2013.11.05 23:01:30.413,0.99302,0.99331,1.88,1.58
2013.11.05 23:01:30.592,0.99303,0.99333,1.13,5.25
2013.11.05 23:01:32.273,0.99303,0.99333,1.13,1.13
2013.11.05 23:01:36.110,0.99302,0.99333,2.63,1.50
2013.11.05 23:01:36.292,0.99302,0.9933,1.88,1.50
2013.11.05 23:01:38.563,0.99302,0.99331,1.13,1.95
2013.11.05 23:01:38.922,0.99292,0.99323,1.88,1.50
2013.11.05 23:01:39.042,0.99295,0.99326,1.50,1.50
2013.11.05 23:01:40.180,0.99294,0.99328,1.13,1.13
2013.11.05 23:01:40.284,0.99294,0.99325,1.13,1.13
2013.11.05 23:01:57.472,0.99294,0.99324,1.50,1.13
2013.11.05 23:01:57.982,0.99289,0.99326,1.50,1.95
2013.11.05 23:02:00.140,0.9929,0.99325,1.50,1.50
2013.11.05 23:02:00.822,0.9929,0.99319,1.50,1.13
2013.11.05 23:02:01.362,0.9929,0.99313,1.50,1.13
2013.11.05 23:02:01.453,0.99289,0.99313,1.88,1.13
2013.11.05 23:02:01.692,0.99289,0.99319,1.88,1.13
2013.11.05 23:02:14.582,0.99289,0.9932,1.88,1.50
2013.11.05 23:02:17.872,0.99291,0.99323,1.50,2.03
2013.11.05 23:02:18.302,0.99293,0.99324,1.50,1.50
2013.11.05 23:02:34.902,0.99297,0.99324,1.50,1.13
2013.11.05 23:02:35.022,0.99296,0.99324,1.50,1.13
2013.11.05 23:02:35.142,0.99296,0.99324,1.50,1.13
2013.11.05 23:02:35.846,0.99296,0.99324,1.50,1.13
2013.11.05 23:02:40.122,0.99296,0.99324,1.50,1.13
2013.11.05 23:02:56.602,0.99294,0.99324,1.50,2.03
2013.11.05 23:02:56.842,0.99298,0.99324,1.50,1.13
2013.11.05 23:02:57.612,0.99299,0.99326,1.50,1.35
2013.11.05 23:03:05.829,0.99301,0.99324,1.50,1.13
2013.11.05 23:03:06.823,0.993,0.99323,1.50,1.13
2013.11.05 23:03:08.672,0.99302,0.99323,1.50,1.13
2013.11.05 23:03:14.442,0.99298,0.99328,1.50,1.50
2013.11.05 23:03:16.322,0.99301,0.99327,1.50,1.13
2013.11.05 23:03:16.938,0.99301,0.99324,1.50,1.13
2013.11.05 23:03:17.542,0.99301,0.99324,1.50,1.13
2013.11.05 23:03:21.982,0.99303,0.99324,1.50,1.13
2013.11.05 23:03:22.162,0.99306,0.99334,1.50,1.13
2013.11.05 23:03:22.222,0.99307,0.99339,1.50,1.13
2013.11.05 23:03:22.582,0.99304,0.99329,1.50,1.13
2013.11.05 23:03:22.883,0.99299,0.99313,1.13,1.13
2013.11.05 23:03:22.943,0.99292,0.99313,4.35,1.13
2013.11.05 23:03:23.003,0.99287,0.99313,2.25,1.13
2013.11.05 23:03:23.244,0.9928,0.9931,1.50,1.13
2013.11.05 23:03:23.303,0.9928,0.99309,1.50,1.13
2013.11.05 23:03:23.823,0.9928,0.99308,1.50,1.13
2013.11.05 23:03:27.552,0.9928,0.99308,1.50,1.13
2013.11.05 23:03:28.242,0.9928,0.99308,1.50,1.13
2013.11.05 23:03:29.152,0.99279,0.99309,1.50,1.13
2013.11.05 23:03:34.892,0.99281,0.99308,1.50,1.13
2013.11.05 23:03:35.903,0.99282,0.99308,1.50,1.13
2013.11.05 23:03:36.576,0.99282,0.99308,1.50,1.13
2013.11.05 23:03:38.912,0.99282,0.99308,1.50,1.13
2013.11.05 23:03:40.502,0.99283,0.99308,1.13,1.13
2013.11.05 23:03:47.413,0.99283,0.99308,1.50,1.13
2013.11.05 23:03:47.702,0.99283,0.99308,1.13,1.13
2013.11.05 23:03:49.132,0.99282,0.99308,1.58,1.13
2013.11.05 23:03:49.981,0.99282,0.99308,1.95,1.13
2013.11.05 23:03:50.532,0.99282,0.99308,1.50,1.13
2013.11.05 23:03:51.095,0.99282,0.99308,1.50,1.13
2013.11.05 23:03:51.809,0.99282,0.99308,1.50,1.13
2013.11.05 23:03:52.352,0.99282,0.99308,1.13,1.13
2013.11.05 23:03:52.412,0.99282,0.99308,1.50,1.13
2013.11.05 23:04:06.912,0.99282,0.99313,1.50,1.13
2013.11.05 23:04:09.742,0.99287,0.99314,1.50,1.13
2013.11.05 23:04:09.922,0.99287,0.99314,1.50,1.13
2013.11.05 23:04:11.692,0.99287,0.99314,2.25,1.13
2013.11.05 23:04:12.202,0.99291,0.99319,1.50,1.13
2013.11.05 23:04:12.382,0.99291,0.99319,1.50,1.50
2013.11.05 23:04:12.908,0.99289,0.99314,1.50,1.13
2013.11.05 23:04:19.982,0.99291,0.9932,1.50,1.50
2013.11.05 23:04:20.102,0.99295,0.99323,1.50,1.50
2013.11.05 23:04:20.222,0.99297,0.99324,1.50,1.13
2013.11.05 23:04:27.313,0.99297,0.99324,1.50,1.13
2013.11.05 23:05:00.392,0.99299,0.99324,1.50,1.13
2013.11.05 23:05:00.822,0.993,0.99325,1.50,1.13
2013.11.05 23:05:07.842,0.99297,0.99325,1.88,1.13
2013.11.05 23:05:08.472,0.993,0.99325,1.50,1.13
2013.11.05 23:05:14.131,0.993,0.99325,1.50,1.13
2013.11.05 23:05:21.182,0.99299,0.99325,1.50,1.13
2013.11.05 23:05:21.363,0.99293,0.99319,1.20,1.13
2013.11.05 23:05:21.482,0.99291,0.99319,2.25,1.13
2013.11.05 23:05:21.542,0.99291,0.99319,1.88,1.13
2013.11.05 23:05:21.844,0.99297,0.99324,2.25,1.13
2013.11.05 23:05:42.473,0.99296,0.99324,1.50,1.13
2013.11.05 23:05:42.712,0.99294,0.9932,1.50,1.13
2013.11.05 23:05:43.013,0.99291,0.99314,1.50,1.13
2013.11.05 23:05:44.502,0.9929,0.99314,1.50,1.13
2013.11.05 23:05:45.056,0.9929,0.99314,1.50,1.13
2013.11.05 23:05:45.682,0.99286,0.99314,2.25,1.13
2013.11.05 23:05:46.222,0.99286,0.99314,2.25,1.13
2013.11.05 23:05:47.512,0.99287,0.99314,1.50,1.13
2013.11.05 23:05:48.112,0.99288,0.99318,1.50,1.35
2013.11.05 23:05:48.232,0.99289,0.99319,1.50,2.10
2013.11.05 23:05:48.412,0.99287,0.99315,1.50,1.13
2013.11.05 23:05:49.140,0.99286,0.99315,2.25,1.13
2013.11.05 23:05:53.212,0.99286,0.99315,1.50,1.13
2013.11.05 23:05:57.732,0.9929,0.99318,1.50,1.13
2013.11.05 23:05:57.793,0.9929,0.99321,1.50,1.50
2013.11.05 23:06:03.067,0.99291,0.99321,1.50,1.50
2013.11.05 23:06:04.092,0.9929,0.99321,1.50,2.25
2013.11.05 23:06:04.782,0.99289,0.99321,1.50,2.25
2013.11.05 23:06:06.423,0.99289,0.99321,1.50,2.25
2013.11.05 23:06:09.422,0.99287,0.99315,1.50,1.13
2013.11.05 23:06:09.482,0.99286,0.99315,2.25,1.13
2013.11.05 23:06:10.105,0.99284,0.99315,1.50,1.13
2013.11.05 23:06:15.652,0.99283,0.99315,1.50,1.13
2013.11.05 23:06:15.712,0.99284,0.99316,1.50,1.88
2013.11.05 23:06:16.306,0.9929,0.99321,1.50,1.13
2013.11.05 23:06:16.422,0.99292,0.99321,1.50,1.13
2013.11.05 23:06:16.602,0.99292,0.99324,1.50,1.50
2013.11.05 23:06:16.962,0.99293,0.99329,1.13,1.50
2013.11.05 23:06:18.796,0.99294,0.99327,1.50,1.13
2013.11.05 23:06:20.162,0.99297,0.99325,1.50,1.13
2013.11.05 23:06:20.739,0.99297,0.9933,1.50,1.50
2013.11.05 23:06:34.972,0.99295,0.99319,1.50,1.13
2013.11.05 23:06:35.104,0.99287,0.99318,1.20,1.50
2013.11.05 23:06:35.163,0.99284,0.99318,1.50,1.50
2013.11.05 23:06:37.673,0.99285,0.99319,1.50,2.25
2013.11.05 23:06:38.622,0.99284,0.99315,1.50,1.13
2013.11.05 23:06:40.234,0.99284,0.99315,1.50,1.13
2013.11.05 23:06:40.652,0.99282,0.99317,1.50,1.50
2013.11.05 23:06:41.469,0.99283,0.99315,1.50,1.88
2013.11.05 23:07:01.584,0.99284,0.99315,1.50,1.88
2013.11.05 23:07:03.194,0.99283,0.99314,1.50,1.88
2013.11.05 23:07:03.881,0.99282,0.99314,1.50,1.88
2013.11.05 23:07:04.906,0.99282,0.99316,1.50,1.13
2013.11.05 23:07:05.633,0.99285,0.99316,1.13,1.13
2013.11.05 23:07:05.753,0.99289,0.9932,1.50,1.50
2013.11.05 23:07:06.662,0.99288,0.99319,1.50,1.65
2013.11.05 23:07:07.277,0.99289,0.9932,1.50,1.50
2013.11.05 23:07:08.602,0.99287,0.99319,2.25,1.88
2013.11.05 23:07:08.783,0.99285,0.99318,1.50,1.50
2013.11.05 23:07:09.319,0.99286,0.99318,1.88,1.50
2013.11.05 23:07:10.105,0.99286,0.99317,1.13,1.50
2013.11.05 23:07:11.096,0.99286,0.99318,1.88,1.50
2013.11.05 23:07:12.542,0.99288,0.99321,1.50,1.88
2013.11.05 23:07:12.843,0.99289,0.99321,1.50,1.13
2013.11.05 23:07:12.962,0.99287,0.9932,1.50,1.50
2013.11.05 23:07:13.503,0.99287,0.99318,1.50,1.13
2013.11.05 23:07:14.433,0.99288,0.99318,1.50,1.13
2013.11.05 23:07:14.972,0.99292,0.99321,1.50,1.13
2013.11.05 23:07:15.744,0.99293,0.99326,1.50,1.88
2013.11.05 23:07:17.463,0.99292,0.99326,2.25,1.13
2013.11.05 23:07:17.642,0.99296,0.99326,1.50,1.13
2013.11.05 23:07:18.252,0.99298,0.99326,1.13,1.13
2013.11.05 23:07:19.722,0.99299,0.99326,1.13,1.13
2013.11.05 23:07:20.672,0.99295,0.99326,1.50,1.13
2013.11.05 23:07:20.853,0.99293,0.99325,1.65,1.50
2013.11.05 23:07:41.464,0.99292,0.9932,1.65,1.13
2013.11.05 23:07:49.586,0.99296,0.99326,1.13,1.13
2013.11.05 23:07:52.133,0.99296,0.99326,1.88,1.13
2013.11.05 23:07:52.252,0.99297,0.9933,1.88,1.50
2013.11.05 23:07:57.662,0.99296,0.99326,1.88,1.13
2013.11.05 23:07:59.843,0.99297,0.99326,1.13,1.13
2013.11.05 23:08:18.663,0.99296,0.99324,1.50,1.13
2013.11.05 23:08:18.723,0.99296,0.99326,1.50,1.13
2013.11.05 23:08:19.225,0.99296,0.99326,1.58,1.13
2013.11.05 23:08:26.923,0.99296,0.99326,1.58,1.13
2013.11.05 23:08:27.591,0.99295,0.99326,1.50,1.13
2013.11.05 23:08:29.052,0.99296,0.99326,1.50,1.13
2013.11.05 23:08:30.073,0.99296,0.99326,1.50,1.13
2013.11.05 23:08:30.627,0.99297,0.99326,1.13,1.13
2013.11.05 23:08:32.092,0.99297,0.99326,1.13,1.13
2013.11.05 23:08:39.344,0.99296,0.99327,1.13,1.50
2013.11.05 23:08:40.572,0.99297,0.99327,1.13,1.50
2013.11.05 23:08:40.692,0.99297,0.9933,1.50,2.25
2013.11.05 23:08:41.863,0.99301,0.9933,1.13,1.50
2013.11.05 23:08:52.513,0.99297,0.9933,2.25,1.88
2013.11.05 23:09:06.622,0.993,0.9933,1.50,1.88
2013.11.05 23:09:06.962,0.99301,0.99331,1.50,1.13
2013.11.05 23:09:07.572,0.99301,0.99331,1.50,1.13
2013.11.05 23:09:10.522,0.99302,0.99331,1.50,1.13
2013.11.05 23:09:15.952,0.99302,0.99331,2.25,1.13
2013.11.05 23:09:17.133,0.99302,0.99334,1.50,2.25
2013.11.05 23:09:18.203,0.99302,0.99333,1.50,1.13
2013.11.05 23:09:22.553,0.99303,0.99333,1.50,1.13
2013.11.05 23:09:24.406,0.99306,0.99337,1.50,2.67
2013.11.05 23:09:24.784,0.99307,0.99337,1.50,1.54
2013.11.05 23:09:24.902,0.99307,0.99337,1.50,1.54
2013.11.05 23:09:26.144,0.9931,0.99337,1.13,1.54
2013.11.05 23:09:26.923,0.99307,0.99338,1.50,1.54
2013.11.05 23:09:29.483,0.99311,0.99338,1.50,1.54
2013.11.05 23:09:29.842,0.99308,0.99337,1.50,1.54
2013.11.05 23:09:37.063,0.99307,0.99337,1.50,1.54
2013.11.05 23:09:39.043,0.99307,0.99337,1.50,1.54
2013.11.05 23:09:42.102,0.99306,0.99338,2.25,2.67
2013.11.05 23:09:48.433,0.99308,0.99334,1.50,1.13
2013.11.05 23:10:10.102,0.99306,0.99338,1.88,1.54
2013.11.05 23:10:10.403,0.99311,0.99338,1.13,1.17
2013.11.05 23:10:10.670,0.99311,0.99338,1.13,1.17
2013.11.05 23:10:15.596,0.99312,0.99337,1.13,1.17
2013.11.05 23:10:29.061,0.99315,0.99337,1.13,1.17
2013.11.05 23:10:38.203,0.99314,0.99338,1.13,1.17
2013.11.05 23:10:45.433,0.99313,0.99338,1.13,1.17
2013.11.05 23:10:45.873,0.99314,0.99337,2.25,1.17
2013.11.05 23:10:46.212,0.99317,0.99338,1.13,2.29
2013.11.05 23:10:46.333,0.99317,0.99339,2.63,1.54
2013.11.05 23:10:54.004,0.99317,0.99339,1.50,2.29
2013.11.05 23:10:54.853,0.99317,0.99339,1.50,2.67
2013.11.05 23:10:56.488,0.99317,0.99339,1.50,2.67
2013.11.05 23:11:01.023,0.99317,0.99339,1.50,2.67
2013.11.05 23:11:01.640,0.99317,0.99339,1.50,1.50
2013.11.05 23:11:02.263,0.99317,0.99339,1.50,2.29
2013.11.05 23:11:06.613,0.99318,0.99338,1.50,1.17
2013.11.05 23:11:07.054,0.99318,0.99336,1.50,1.54
2013.11.05 23:11:23.303,0.9932,0.99336,1.50,1.54
2013.11.05 23:11:30.544,0.99317,0.99337,1.50,1.54
2013.11.05 23:11:34.564,0.99317,0.99336,1.50,1.54
2013.11.05 23:11:35.064,0.99314,0.99336,1.50,3.04
2013.11.05 23:11:36.302,0.99314,0.99336,1.50,3.04
2013.11.05 23:11:39.603,0.99314,0.99336,1.50,3.04
2013.11.05 23:11:39.784,0.99314,0.99336,1.50,1.50
2013.11.05 23:11:40.124,0.99316,0.99336,1.50,1.13
2013.11.05 23:11:41.445,0.99319,0.99336,1.50,1.54
2013.11.05 23:11:43.342,0.99319,0.99336,1.50,1.54
2013.11.05 23:11:43.524,0.99316,0.99336,1.50,1.54
2013.11.05 23:11:43.643,0.99314,0.99335,1.50,1.50
2013.11.05 23:11:44.183,0.99314,0.99335,1.50,1.50
2013.11.05 23:11:51.703,0.9931,0.99333,2.25,2.25
2013.11.05 23:11:52.894,0.9931,0.99333,1.50,2.25
2013.11.05 23:11:54.444,0.99307,0.9933,1.50,2.25
2013.11.05 23:11:54.564,0.99307,0.9933,1.50,2.25
2013.11.05 23:11:58.301,0.99307,0.9933,1.50,2.25
2013.11.05 23:12:00.105,0.99307,0.9933,3.00,1.50
2013.11.05 23:12:01.843,0.99305,0.99326,1.50,1.50
2013.11.05 23:12:01.963,0.99312,0.99334,1.50,2.25
2013.11.05 23:12:02.093,0.99312,0.99334,1.50,2.25
2013.11.05 23:12:02.333,0.99313,0.99337,1.50,2.67
2013.11.05 23:12:04.573,0.99313,0.99336,1.50,1.54
2013.11.05 23:12:07.583,0.99313,0.99336,1.50,1.54
2013.11.05 23:12:12.062,0.99313,0.99336,1.50,1.54
2013.11.05 23:12:19.343,0.99313,0.99336,1.50,1.54
2013.11.05 23:12:19.644,0.99312,0.99334,1.50,1.50
2013.11.05 23:12:19.704,0.99312,0.99334,1.50,2.25
2013.11.05 23:12:20.354,0.99312,0.99334,1.50,2.25
2013.11.05 23:12:26.374,0.99312,0.99334,1.50,2.25
2013.11.05 23:12:27.184,0.99309,0.9933,1.50,1.50
2013.11.05 23:12:38.093,0.99305,0.99325,2.25,1.50
2013.11.05 23:12:38.153,0.99303,0.99325,1.50,1.50
2013.11.05 23:12:38.633,0.99303,0.99327,3.00,1.50
2013.11.05 23:12:38.813,0.99304,0.99326,1.50,2.25
2013.11.05 23:12:38.873,0.99304,0.99326,1.50,2.25
2013.11.05 23:12:38.994,0.99304,0.99326,2.25,1.50
2013.11.05 23:12:39.684,0.99308,0.99329,1.50,1.50
2013.11.05 23:12:42.343,0.99308,0.99329,1.50,1.50
2013.11.05 23:12:49.352,0.99308,0.99329,1.50,1.50
2013.11.05 23:12:49.594,0.99304,0.99325,1.50,1.50
2013.11.05 23:12:54.333,0.99304,0.99325,1.50,1.50
2013.11.05 23:12:54.454,0.99299,0.99323,1.50,1.50
2013.11.05 23:12:55.223,0.99302,0.99324,1.50,1.50
2013.11.05 23:12:57.203,0.99306,0.99329,1.50,2.25
2013.11.05 23:12:57.264,0.99306,0.99329,1.50,2.25
2013.11.05 23:13:04.644,0.99309,0.99331,1.50,2.25
2013.11.05 23:13:25.624,0.99309,0.99331,1.50,2.25
2013.11.05 23:13:33.104,0.99309,0.99331,1.50,1.50
2013.11.05 23:13:33.284,0.99305,0.99328,1.50,2.25
2013.11.05 23:13:53.696,0.99304,0.99326,1.50,2.25
2013.11.05 23:14:00.350,0.99304,0.99326,1.50,2.25
2013.11.05 23:14:00.594,0.99301,0.99323,1.13,1.50
2013.11.05 23:14:01.784,0.99301,0.99323,1.13,1.50
2013.11.05 23:14:01.904,0.99301,0.99323,1.50,1.50
2013.11.05 23:14:02.323,0.99303,0.99325,1.50,1.50
2013.11.05 23:14:22.874,0.99301,0.99324,1.50,1.50
2013.11.05 23:14:36.349,0.99306,0.99329,1.50,2.63
2013.11.05 23:14:36.704,0.99306,0.99329,1.50,2.63
2013.11.05 23:14:37.004,0.99308,0.99329,1.50,1.13
2013.11.05 23:14:37.364,0.99306,0.99327,1.50,1.50
2013.11.05 23:15:17.655,0.99306,0.99324,1.50,1.13
2013.11.05 23:15:30.344,0.99306,0.99324,1.50,1.13
2013.11.05 23:15:38.664,0.99309,0.99324,1.50,1.13
2013.11.05 23:15:59.684,0.99307,0.99329,1.50,1.13
2013.11.05 23:16:06.454,0.99306,0.99326,1.50,1.50
2013.11.05 23:16:06.824,0.99308,0.99329,1.50,1.13
2013.11.05 23:16:07.094,0.99304,0.99326,1.50,1.50
2013.11.05 23:16:13.534,0.99306,0.99329,1.50,1.13
2013.11.05 23:16:14.714,0.99304,0.99326,1.50,1.50
2013.11.05 23:16:14.774,0.99304,0.99326,1.50,2.25
2013.11.05 23:16:24.674,0.99304,0.99326,1.50,1.50
2013.11.05 23:16:24.734,0.99307,0.99329,1.50,3.00
2013.11.05 23:16:25.114,0.99307,0.99325,1.50,1.13
2013.11.05 23:16:25.604,0.99305,0.99325,1.50,1.13
2013.11.05 23:16:25.664,0.99304,0.99325,1.50,1.13
2013.11.05 23:16:43.647,0.99301,0.99323,1.50,2.25
2013.11.05 23:16:43.714,0.99301,0.99323,1.50,2.25
2013.11.05 23:16:45.124,0.99301,0.99314,1.50,1.13
2013.11.05 23:16:45.364,0.99295,0.99314,1.50,1.13
2013.11.05 23:16:45.665,0.99295,0.99316,1.50,1.13
2013.11.05 23:16:46.984,0.99291,0.99314,1.50,1.13
2013.11.05 23:17:01.264,0.99292,0.99318,2.63,1.50
2013.11.05 23:17:01.324,0.99297,0.99319,1.50,2.25
2013.11.05 23:17:01.384,0.99294,0.99318,1.50,1.50
2013.11.05 23:17:01.459,0.99294,0.99316,1.50,1.50
2013.11.05 23:17:08.154,0.99294,0.9932,1.50,1.50
2013.11.05 23:17:08.274,0.99294,0.9932,1.50,1.50
2013.11.05 23:17:08.410,0.99294,0.99318,1.50,1.50
2013.11.05 23:17:28.634,0.99292,0.99317,1.88,1.50
2013.11.05 23:17:30.694,0.99296,0.99319,1.50,1.50
2013.11.05 23:17:31.002,0.99292,0.99316,1.88,1.50
2013.11.05 23:17:32.723,0.99294,0.9932,1.50,2.25
2013.11.05 23:17:32.784,0.99296,0.99321,1.50,2.25
2013.11.05 23:17:32.844,0.99295,0.99321,1.50,2.25
2013.11.05 23:17:33.385,0.99293,0.99318,1.50,1.50
2013.11.05 23:17:35.135,0.99293,0.9932,1.50,1.50
2013.11.05 23:17:35.194,0.99297,0.99321,1.50,1.50
2013.11.05 23:17:35.254,0.99293,0.99316,1.50,1.50
2013.11.05 23:17:38.334,0.99294,0.9932,1.50,1.50
2013.11.05 23:17:52.034,0.99298,0.99322,1.50,1.50
2013.11.05 23:17:52.575,0.99294,0.9932,1.50,1.50
2013.11.05 23:17:53.654,0.99295,0.9932,1.50,1.50
2013.11.05 23:17:54.014,0.99303,0.99327,1.50,1.50
2013.11.05 23:18:13.265,0.993,0.99326,1.50,1.50
2013.11.05 23:18:21.096,0.993,0.99326,1.50,1.50
2013.11.05 23:18:24.254,0.99296,0.99322,2.25,1.50
2013.11.05 23:18:31.014,0.99296,0.99319,1.50,1.50
2013.11.05 23:18:32.854,0.99295,0.99319,1.50,1.50
2013.11.05 23:18:38.157,0.99294,0.99316,1.50,1.50
2013.11.05 23:18:38.839,0.99292,0.99316,2.25,1.50
2013.11.05 23:19:01.014,0.99289,0.99311,2.63,1.50
2013.11.05 23:19:01.134,0.99289,0.99308,1.88,1.50
2013.11.05 23:19:01.494,0.9929,0.99314,1.50,1.50
2013.11.05 23:19:04.451,0.99289,0.99312,1.50,1.50
2013.11.05 23:19:05.162,0.99288,0.99312,1.50,1.50
2013.11.05 23:19:32.840,0.99288,0.99313,1.50,1.50
2013.11.05 23:19:48.934,0.99288,0.99315,3.00,1.50
2013.11.05 23:19:48.994,0.99293,0.99316,1.50,1.50
2013.11.05 23:19:52.046,0.99289,0.99312,1.50,1.50
2013.11.05 23:20:12.913,0.99289,0.99313,1.50,2.25
2013.11.05 23:20:13.740,0.99288,0.99313,1.50,1.50
2013.11.05 23:20:32.614,0.99288,0.99313,1.50,2.25
2013.11.05 23:20:36.534,0.99288,0.99311,1.50,1.50
2013.11.05 23:20:36.594,0.99284,0.99308,1.88,2.25
2013.11.05 23:20:36.834,0.99282,0.99304,1.50,1.50
2013.11.05 23:20:47.106,0.99283,0.99304,1.50,1.50
2013.11.05 23:20:47.645,0.99285,0.99307,1.50,1.50
2013.11.05 23:20:47.824,0.99285,0.99308,1.50,1.50
2013.11.05 23:20:48.064,0.99287,0.9931,1.50,1.50
2013.11.05 23:21:07.064,0.99289,0.9931,1.50,1.50
2013.11.05 23:21:08.634,0.99291,0.99314,1.50,2.25
2013.11.05 23:21:20.414,0.99291,0.99314,1.50,1.50
2013.11.05 23:21:20.655,0.99293,0.99318,1.50,2.63
2013.11.05 23:21:20.834,0.99293,0.99316,1.50,1.50
2013.11.05 23:21:22.389,0.99293,0.99318,1.50,1.88
2013.11.05 23:21:27.987,0.99293,0.99316,1.50,1.50
2013.11.05 23:21:28.164,0.99287,0.9931,3.00,1.50
2013.11.05 23:21:28.284,0.99291,0.99315,1.50,1.50
2013.11.05 23:21:48.664,0.9929,0.99314,1.50,1.50
2013.11.05 23:21:54.884,0.9929,0.99314,1.50,1.50
2013.11.05 23:21:55.004,0.99288,0.99311,1.88,2.25
2013.11.05 23:21:56.374,0.99289,0.99314,1.50,1.50
2013.11.05 23:22:08.542,0.99289,0.99315,1.50,1.50
2013.11.05 23:22:08.724,0.99292,0.99318,1.50,1.13
2013.11.05 23:22:09.025,0.99296,0.99319,1.50,1.88
2013.11.05 23:22:09.644,0.99296,0.99319,1.50,1.50
2013.11.05 23:22:13.074,0.99293,0.99319,1.50,1.50
2013.11.05 23:22:13.134,0.99292,0.99317,1.50,1.50
2013.11.05 23:22:18.442,0.99292,0.99316,1.50,1.50
2013.11.05 23:22:19.322,0.99292,0.99317,2.25,1.50
2013.11.05 23:22:19.872,0.99292,0.99316,1.50,1.50
2013.11.05 23:22:21.302,0.99292,0.99317,1.50,1.50
2013.11.05 23:22:22.715,0.99292,0.99316,1.50,1.50
2013.11.05 23:22:23.014,0.99287,0.99309,1.88,1.50
2013.11.05 23:22:23.074,0.99287,0.99309,1.88,1.50
2013.11.05 23:22:23.194,0.99284,0.99307,1.88,1.50
2013.11.05 23:22:23.694,0.99282,0.99304,1.50,1.50
2013.11.05 23:22:23.754,0.99283,0.99306,1.50,1.50
2013.11.05 23:22:23.874,0.99281,0.99304,2.25,2.25
2013.11.05 23:22:44.605,0.99281,0.99304,2.25,1.50
2013.11.05 23:22:47.592,0.9928,0.99303,1.88,1.50
2013.11.05 23:22:47.654,0.9928,0.99302,1.13,1.50
2013.11.05 23:22:47.835,0.99277,0.993,1.13,1.50
2013.11.05 23:22:50.122,0.99277,0.993,1.88,1.50
2013.11.05 23:22:50.244,0.99281,0.99303,1.13,2.25
2013.11.05 23:22:53.645,0.99283,0.99307,1.50,1.50
2013.11.05 23:23:03.323,0.99283,0.99306,1.50,1.50
2013.11.05 23:23:03.445,0.9928,0.99298,1.13,1.88
2013.11.05 23:23:03.564,0.99277,0.993,2.25,2.25
2013.11.05 23:23:03.744,0.99276,0.99298,1.50,1.50
2013.11.05 23:23:04.105,0.99281,0.99302,1.50,1.50
2013.11.05 23:23:09.675,0.9928,0.99301,1.50,1.50
2013.11.05 23:23:16.355,0.99281,0.99302,1.50,1.50
2013.11.05 23:23:16.474,0.99284,0.99306,2.25,3.00
2013.11.05 23:23:16.534,0.99287,0.99306,1.13,1.50
2013.11.05 23:23:16.655,0.99287,0.99311,1.88,1.50
2013.11.05 23:23:27.004,0.99291,0.99313,1.50,2.25
2013.11.05 23:23:27.124,0.99287,0.9931,1.88,1.50
2013.11.05 23:23:27.245,0.99291,0.99313,1.13,1.50
2013.11.05 23:23:27.664,0.99287,0.9931,1.50,1.50
2013.11.05 23:23:34.674,0.99286,0.99309,1.50,1.88
2013.11.05 23:23:34.734,0.99283,0.99306,1.88,2.25
2013.11.05 23:23:34.854,0.99281,0.99301,1.13,1.50
2013.11.05 23:23:35.044,0.99279,0.99301,2.25,1.50
2013.11.05 23:23:54.493,0.99279,0.99301,1.50,1.88
2013.11.05 23:23:57.030,0.99279,0.99301,2.25,1.88
2013.11.05 23:24:01.614,0.99281,0.99304,1.50,1.88
2013.11.05 23:24:01.674,0.99282,0.99304,1.50,1.88
2013.11.05 23:24:11.314,0.99282,0.99303,1.50,1.13
2013.11.05 23:24:16.494,0.99282,0.99304,1.50,1.50
2013.11.05 23:24:45.824,0.99284,0.99306,1.50,1.13
2013.11.05 23:24:45.885,0.99284,0.99308,1.50,1.13
2013.11.05 23:24:45.944,0.99284,0.99309,1.50,1.50
2013.11.05 23:24:49.396,0.99284,0.99309,1.50,1.50
2013.11.05 23:25:07.571,0.9928,0.99304,1.88,1.50
2013.11.05 23:25:07.886,0.99277,0.993,1.13,1.13
2013.11.05 23:25:08.166,0.99277,0.993,1.13,1.88
2013.11.05 23:25:11.604,0.99276,0.993,1.50,1.88
2013.11.05 23:25:11.904,0.99276,0.99298,2.25,1.50
2013.11.05 23:25:40.295,0.9928,0.99301,1.50,1.13
2013.11.05 23:26:00.735,0.99278,0.99301,1.50,1.13
2013.11.05 23:26:04.385,0.99278,0.99303,3.00,1.13
2013.11.05 23:26:10.895,0.99282,0.99305,1.50,1.50
2013.11.05 23:26:11.194,0.99282,0.99304,1.50,1.13
2013.11.05 23:26:11.435,0.9928,0.99302,1.50,1.88
2013.11.05 23:26:22.985,0.99282,0.99304,1.50,1.13
2013.11.05 23:26:23.225,0.99282,0.99306,1.88,1.50
2013.11.05 23:26:23.285,0.99282,0.99307,1.88,1.50
2013.11.05 23:26:23.646,0.99287,0.99311,2.25,1.13
2013.11.05 23:26:35.368,0.99287,0.9931,1.50,1.50
2013.11.05 23:26:36.358,0.99287,0.99311,2.25,1.13
2013.11.05 23:26:37.128,0.99287,0.9931,1.50,1.50
2013.11.05 23:26:38.558,0.99287,0.99311,2.25,1.13
2013.11.05 23:26:39.329,0.99287,0.9931,1.50,1.50
2013.11.05 23:26:40.318,0.99287,0.99311,1.50,1.13
2013.11.05 23:26:41.315,0.99287,0.9931,1.50,1.50
2013.11.05 23:26:42.305,0.99287,0.99311,1.50,1.13
2013.11.05 23:26:43.334,0.99287,0.9931,1.50,1.50
2013.11.05 23:26:43.655,0.99287,0.99311,1.50,1.88
2013.11.05 23:26:44.305,0.9929,0.99311,1.50,1.13
2013.11.05 23:26:44.874,0.9929,0.99311,1.50,1.88
2013.11.05 23:26:57.055,0.9929,0.99311,1.50,1.13
2013.11.05 23:26:57.464,0.99286,0.99311,1.50,1.88
2013.11.05 23:26:57.705,0.99285,0.99309,1.50,2.25
2013.11.05 23:26:58.625,0.99286,0.99309,1.50,1.50
2013.11.05 23:26:59.154,0.99285,0.99309,1.50,2.25
2013.11.05 23:27:01.344,0.99286,0.99309,1.50,1.50
2013.11.05 23:27:01.885,0.99285,0.99309,1.50,2.25
2013.11.05 23:27:17.565,0.99287,0.99311,1.50,1.88
2013.11.05 23:27:21.615,0.99291,0.99313,1.50,1.88
2013.11.05 23:27:21.735,0.99291,0.99313,1.50,1.50
2013.11.05 23:27:22.035,0.99286,0.9931,2.25,1.50
2013.11.05 23:27:41.245,0.9929,0.99311,1.50,1.13
2013.11.05 23:28:01.594,0.99289,0.99311,1.50,2.63
2013.11.05 23:28:21.086,0.99289,0.99311,1.50,1.88
2013.11.05 23:28:21.602,0.99288,0.99311,1.50,1.88
2013.11.05 23:28:22.151,0.99288,0.9931,1.50,1.50
2013.11.05 23:28:43.636,0.99288,0.9931,1.88,1.88
2013.11.05 23:28:47.405,0.99292,0.9931,1.50,1.13
2013.11.05 23:28:47.525,0.99292,0.99314,1.50,1.13
2013.11.05 23:28:57.826,0.99295,0.99316,1.50,1.13
2013.11.05 23:29:13.145,0.99302,0.99318,1.50,1.13
2013.11.05 23:29:13.265,0.99301,0.99323,1.50,2.33
2013.11.05 23:29:13.815,0.99297,0.9932,1.13,1.13
2013.11.05 23:29:16.037,0.99302,0.99321,1.13,1.50
2013.11.05 23:29:19.655,0.99298,0.99321,1.13,1.50
2013.11.05 23:29:19.715,0.99296,0.9932,1.88,1.50
2013.11.05 23:29:21.415,0.99296,0.99321,1.88,1.50
2013.11.05 23:29:31.865,0.99302,0.99324,1.13,1.13
2013.11.05 23:29:31.985,0.99302,0.99324,1.13,1.13
2013.11.05 23:29:32.165,0.99302,0.99323,1.13,1.50
2013.11.05 23:29:32.625,0.99296,0.9932,1.50,1.50
2013.11.05 23:29:32.745,0.99295,0.99317,1.13,1.50
2013.11.05 23:29:41.165,0.99294,0.99318,1.50,2.25
2013.11.05 23:29:41.226,0.99294,0.99318,1.50,1.50
2013.11.05 23:29:41.655,0.99294,0.99317,1.50,1.50
2013.11.05 23:29:41.715,0.99293,0.99317,1.50,1.50
2013.11.05 23:29:52.875,0.99293,0.99318,1.50,2.63
2013.11.05 23:29:53.056,0.99293,0.99318,1.88,1.50
2013.11.05 23:30:00.455,0.99297,0.99322,1.50,1.50
2013.11.05 23:30:03.386,0.99296,0.99318,2.25,1.50
2013.11.05 23:30:06.665,0.99297,0.99319,1.50,2.25
2013.11.05 23:30:14.085,0.99299,0.9932,1.50,1.50
2013.11.05 23:30:18.185,0.99302,0.99325,1.50,1.50
2013.11.05 23:30:47.047,0.99304,0.99324,1.50,1.88
2013.11.05 23:30:59.255,0.99305,0.99326,1.50,2.25
2013.11.05 23:31:18.239,0.99304,0.99326,1.13,1.50
2013.11.05 23:31:19.608,0.99304,0.99326,1.13,1.50
2013.11.05 23:31:31.045,0.99304,0.99327,1.88,1.50
2013.11.05 23:31:51.555,0.99304,0.99326,1.88,1.50
2013.11.05 23:32:12.728,0.99302,0.99325,1.88,1.50
2013.11.05 23:32:16.035,0.99302,0.99324,1.88,1.50
2013.11.05 23:32:16.216,0.993,0.99321,1.50,1.50
2013.11.05 23:32:16.276,0.99298,0.99321,1.50,1.50
2013.11.05 23:32:16.396,0.99296,0.99318,1.13,2.25
2013.11.05 23:32:28.155,0.99295,0.99318,1.50,2.25
2013.11.05 23:32:28.275,0.99293,0.99315,1.50,2.25
2013.11.05 23:32:30.605,0.99293,0.99315,2.25,2.25
2013.11.05 23:32:41.115,0.99301,0.99321,2.25,1.13
2013.11.05 23:32:41.475,0.99298,0.99319,1.50,1.50
2013.11.05 23:32:42.018,0.99296,0.99316,1.13,1.50
2013.11.05 23:32:44.303,0.99294,0.99316,1.13,1.50
2013.11.05 23:32:44.565,0.99291,0.99314,2.25,2.25
2013.11.05 23:32:44.745,0.99291,0.99314,2.25,2.25
2013.11.05 23:32:49.297,0.99291,0.99314,1.88,2.25
2013.11.05 23:32:54.093,0.99291,0.99314,1.88,2.25
2013.11.05 23:32:54.215,0.99293,0.99316,1.50,1.50
2013.11.05 23:33:05.155,0.99292,0.99316,1.50,1.50
2013.11.05 23:33:14.540,0.99292,0.99314,1.50,1.50
2013.11.05 23:33:16.175,0.99292,0.99314,2.25,2.25
2013.11.05 23:33:21.813,0.99292,0.99314,1.88,2.25
2013.11.05 23:33:36.565,0.99292,0.99314,1.50,2.25
2013.11.05 23:33:36.626,0.99292,0.99314,2.25,2.25
2013.11.05 23:33:48.653,0.99288,0.99312,1.50,1.50
2013.11.05 23:33:49.776,0.99289,0.99312,1.50,1.50
2013.11.05 23:34:02.096,0.99289,0.99312,1.50,1.50
2013.11.05 23:34:02.585,0.99286,0.99308,1.50,1.50
2013.11.05 23:34:03.056,0.99282,0.99305,2.25,1.50
2013.11.05 23:34:20.005,0.99283,0.99306,1.50,1.50
2013.11.05 23:34:20.595,0.99282,0.99305,1.88,1.50
2013.11.05 23:34:23.645,0.99283,0.99305,1.88,1.50
2013.11.05 23:34:24.283,0.99284,0.99306,1.50,1.50
2013.11.05 23:34:25.895,0.99284,0.99306,1.50,1.50
2013.11.05 23:34:26.076,0.99281,0.99303,1.50,1.50
2013.11.05 23:34:26.255,0.99284,0.99305,1.50,1.50
2013.11.05 23:34:26.436,0.99284,0.99305,1.50,1.50
2013.11.05 23:34:39.920,0.99284,0.99306,1.50,1.50
2013.11.05 23:34:40.476,0.99284,0.99306,1.50,1.50
2013.11.05 23:34:41.005,0.99283,0.99306,1.88,1.50
2013.11.05 23:34:45.715,0.99283,0.99307,1.88,1.50
2013.11.05 23:34:46.666,0.99284,0.99306,1.50,2.25
2013.11.05 23:34:47.699,0.99284,0.99306,1.50,1.50
2013.11.05 23:34:47.755,0.99285,0.99308,1.50,1.50
2013.11.05 23:34:53.012,0.99284,0.99306,1.50,2.25
2013.11.05 23:34:54.225,0.99284,0.99306,1.50,1.50
2013.11.05 23:34:54.963,0.99285,0.99309,1.50,1.50
2013.11.05 23:34:55.576,0.99284,0.99305,1.50,1.50
2013.11.05 23:34:56.765,0.99286,0.99309,1.50,2.25
2013.11.05 23:34:57.516,0.99283,0.99306,1.50,1.50
2013.11.05 23:34:59.016,0.99285,0.99308,1.50,1.50
2013.11.05 23:35:00.185,0.99285,0.99305,1.50,1.50
2013.11.05 23:35:01.725,0.99285,0.99309,1.50,1.50
2013.11.05 23:35:02.185,0.99283,0.99306,1.50,1.50
2013.11.05 23:35:03.646,0.99286,0.99309,1.50,2.25
2013.11.05 23:35:08.646,0.99282,0.99306,3.38,1.50
2013.11.05 23:35:08.766,0.99282,0.99305,2.25,1.50
2013.11.05 23:35:08.886,0.99282,0.99305,2.25,1.50
2013.11.05 23:35:10.065,0.99282,0.99305,1.50,1.50
2013.11.05 23:35:10.645,0.99282,0.99305,1.50,1.50
2013.11.05 23:35:11.196,0.99282,0.99305,2.25,1.50
2013.11.05 23:35:28.298,0.99282,0.99306,2.63,1.50
2013.11.05 23:35:32.845,0.99284,0.99307,1.50,1.50
2013.11.05 23:35:45.447,0.99286,0.99309,1.50,2.63
2013.11.05 23:35:45.566,0.99289,0.99309,1.50,1.50
2013.11.05 23:35:48.146,0.99283,0.99305,2.25,1.50
2013.11.05 23:35:48.206,0.99282,0.99304,2.25,1.50
2013.11.05 23:35:48.266,0.99281,0.99298,1.50,1.13
2013.11.05 23:35:48.816,0.99281,0.99302,1.50,1.88
2013.11.05 23:35:57.360,0.9928,0.99301,1.50,1.50
2013.11.05 23:35:58.907,0.99281,0.99302,1.50,1.50
2013.11.05 23:35:59.340,0.99281,0.99301,1.50,1.50
2013.11.05 23:35:59.645,0.99281,0.99298,1.50,1.13
2013.11.05 23:36:00.526,0.99282,0.99298,2.25,1.13
2013.11.05 23:36:00.706,0.99282,0.99299,2.25,1.13
2013.11.05 23:36:01.306,0.99281,0.99299,1.50,1.13
2013.11.05 23:36:01.366,0.99281,0.99298,1.50,1.13
2013.11.05 23:36:09.416,0.99281,0.99301,1.50,1.13
2013.11.05 23:36:09.536,0.99281,0.99302,1.50,1.13
2013.11.05 23:36:10.337,0.99281,0.99304,1.50,2.63
2013.11.05 23:36:11.024,0.99282,0.99304,1.50,1.50
2013.11.05 23:36:13.446,0.9928,0.99303,1.50,1.50
2013.11.05 23:36:33.595,0.99281,0.99303,2.25,1.50
2013.11.05 23:36:50.196,0.99281,0.99303,1.50,1.88
2013.11.05 23:37:09.686,0.99278,0.99301,2.25,1.50
2013.11.05 23:37:10.016,0.99287,0.99309,1.50,2.63
2013.11.05 23:37:10.556,0.99284,0.99304,1.50,1.50
2013.11.05 23:37:31.675,0.99282,0.99303,1.13,2.25
2013.11.05 23:37:35.346,0.99281,0.99302,1.13,1.50
2013.11.05 23:37:35.546,0.9928,0.99299,1.13,1.13
2013.11.05 23:37:35.847,0.99277,0.99296,1.50,1.13
2013.11.05 23:37:45.326,0.99277,0.99298,1.50,1.88
2013.11.05 23:37:45.686,0.99277,0.99298,1.50,1.88
2013.11.05 23:37:45.865,0.99277,0.99298,1.50,1.50
2013.11.05 23:37:46.236,0.99278,0.99299,1.13,1.50
2013.11.05 23:37:50.236,0.9928,0.99302,1.50,1.50
2013.11.05 23:37:52.827,0.99278,0.99299,1.13,1.50
2013.11.05 23:37:52.886,0.99276,0.99299,2.25,2.25
2013.11.05 23:37:53.066,0.99276,0.99299,1.88,2.25
2013.11.05 23:37:53.426,0.99269,0.99292,2.33,1.50
2013.11.05 23:37:53.488,0.99269,0.99291,2.33,1.50
2013.11.05 23:37:57.126,0.99271,0.99294,2.25,1.50
2013.11.05 23:37:57.246,0.99273,0.99296,1.50,1.50
2013.11.05 23:37:58.858,0.99275,0.99298,1.50,1.50
2013.11.05 23:38:01.816,0.99275,0.99296,1.50,1.50
2013.11.05 23:38:02.056,0.99272,0.99293,1.13,1.50
2013.11.05 23:38:02.611,0.99271,0.99293,2.25,1.50
2013.11.05 23:38:17.951,0.99271,0.99292,2.25,1.13
2013.11.05 23:38:18.566,0.99271,0.99293,2.25,1.50
2013.11.05 23:38:22.706,0.99271,0.99292,1.50,1.50
2013.11.05 23:38:46.597,0.9927,0.99291,1.50,1.50
2013.11.05 23:39:03.645,0.99268,0.9929,1.50,1.50
2013.11.05 23:39:46.841,0.99268,0.99292,1.50,1.50
2013.11.05 23:39:51.537,0.9927,0.99292,1.50,1.50
2013.11.05 23:39:51.596,0.99274,0.99296,1.50,1.88
2013.11.05 23:39:51.896,0.99273,0.99292,1.50,1.13
2013.11.05 23:39:52.136,0.9927,0.99293,3.83,1.50
2013.11.05 23:39:55.316,0.99271,0.99294,1.50,1.50
2013.11.05 23:39:55.946,0.99272,0.99293,1.50,1.88
2013.11.05 23:39:56.187,0.99272,0.9929,1.50,1.50
2013.11.05 23:39:56.726,0.99269,0.9929,1.50,1.50
2013.11.05 23:40:16.736,0.99271,0.99292,1.50,1.50
2013.11.05 23:40:24.156,0.9927,0.99291,1.50,1.50
2013.11.05 23:40:24.617,0.99271,0.99292,1.50,1.50
2013.11.05 23:40:57.557,0.99272,0.99292,1.50,1.50
2013.11.05 23:41:00.576,0.9927,0.99292,1.50,1.50
2013.11.05 23:41:01.856,0.99272,0.99293,1.50,1.50
2013.11.05 23:41:14.897,0.99273,0.99293,1.50,1.13
2013.11.05 23:41:15.256,0.9927,0.99292,1.50,1.50
2013.11.05 23:41:15.316,0.9927,0.99292,1.50,2.25
2013.11.05 23:41:15.496,0.9927,0.99292,2.25,1.50
2013.11.05 23:41:18.176,0.9927,0.99292,1.50,2.25
2013.11.05 23:41:26.055,0.9927,0.99292,2.25,2.25
2013.11.05 23:42:10.636,0.9927,0.99292,1.50,1.88
2013.11.05 23:42:16.567,0.99271,0.99292,1.50,1.88
2013.11.05 23:42:38.146,0.99271,0.99293,1.50,1.50
2013.11.05 23:43:05.316,0.99271,0.99291,1.50,1.50
2013.11.05 23:43:05.626,0.99267,0.99288,1.50,1.13
2013.11.05 23:43:05.806,0.99267,0.99288,1.50,1.13
2013.11.05 23:43:15.247,0.99267,0.99288,1.50,1.13
2013.11.05 23:43:15.306,0.99268,0.99289,1.50,1.13
2013.11.05 23:43:15.557,0.9927,0.99292,2.25,1.50
2013.11.05 23:43:28.456,0.9927,0.99289,1.50,1.13
2013.11.05 23:43:28.877,0.9927,0.99292,2.25,1.88
2013.11.05 23:43:29.056,0.9927,0.99292,2.25,1.50
2013.11.05 23:43:35.646,0.99273,0.99294,1.50,1.50
2013.11.05 23:43:56.682,0.99274,0.99296,1.50,1.13
2013.11.05 23:44:10.227,0.99273,0.99296,1.50,1.13
2013.11.05 23:44:29.007,0.99271,0.99293,1.50,1.50
2013.11.05 23:44:30.726,0.99269,0.99294,1.50,1.50
2013.11.05 23:44:50.600,0.99272,0.99295,1.50,1.50
2013.11.05 23:44:51.367,0.99272,0.99294,1.50,1.50
2013.11.05 23:44:51.487,0.9927,0.9929,1.50,1.13
2013.11.05 23:44:51.608,0.99267,0.9929,1.88,2.63
2013.11.05 23:44:52.156,0.99267,0.99289,1.50,1.13
2013.11.05 23:45:06.236,0.99267,0.99289,1.50,1.13
2013.11.05 23:45:11.686,0.99266,0.99288,1.50,1.13
2013.11.05 23:45:16.218,0.99266,0.99288,1.50,1.13
2013.11.05 23:45:30.356,0.99266,0.99288,1.50,1.13
2013.11.05 23:45:32.550,0.99266,0.99288,2.25,1.13
2013.11.05 23:45:33.264,0.99267,0.99289,1.50,1.88
2013.11.05 23:45:43.436,0.99267,0.99289,1.50,1.88
2013.11.05 23:45:44.937,0.99267,0.99289,1.50,1.88
2013.11.05 23:45:54.278,0.99267,0.99289,1.50,1.13
2013.11.05 23:46:04.297,0.99267,0.99289,1.50,1.13
2013.11.05 23:46:04.951,0.99267,0.99289,1.50,1.13
2013.11.05 23:46:08.801,0.99267,0.99289,1.50,1.13
2013.11.05 23:46:13.286,0.99264,0.99287,1.50,1.13
2013.11.05 23:46:17.966,0.99264,0.99286,1.50,1.13
2013.11.05 23:46:29.107,0.99264,0.99286,1.50,1.13
2013.11.05 23:46:38.697,0.99267,0.99289,1.50,1.88
2013.11.05 23:46:41.160,0.99266,0.99289,1.50,1.88
2013.11.05 23:47:04.137,0.99264,0.99286,1.50,1.13
2013.11.05 23:47:11.717,0.99261,0.99284,1.50,1.50
2013.11.05 23:47:17.038,0.99262,0.99284,1.50,1.50
2013.11.05 23:47:17.681,0.99264,0.99286,1.50,1.88
2013.11.05 23:47:20.268,0.99267,0.99288,1.50,1.88
2013.11.05 23:47:21.137,0.99267,0.99288,1.50,1.13
2013.11.05 23:47:27.817,0.99267,0.99288,1.50,1.88
2013.11.05 23:47:33.830,0.99267,0.99287,2.25,1.13
2013.11.05 23:47:34.187,0.99269,0.99289,1.50,1.13
2013.11.05 23:47:46.810,0.9927,0.99291,1.50,1.88
2013.11.05 23:47:47.387,0.9927,0.99292,1.50,1.50
2013.11.05 23:47:47.447,0.99271,0.99294,1.50,1.50
2013.11.05 23:47:47.507,0.99274,0.99297,1.50,1.50
2013.11.05 23:47:48.129,0.99275,0.99298,1.50,1.50
2013.11.05 23:47:48.488,0.99276,0.99299,1.50,1.50
2013.11.05 23:47:48.547,0.99278,0.993,1.50,2.25
2013.11.05 23:47:48.917,0.99278,0.99299,1.50,1.13
2013.11.05 23:47:49.457,0.99278,0.99299,1.50,1.13
2013.11.05 23:47:49.577,0.99275,0.99296,1.50,1.13
2013.11.05 23:47:50.202,0.99275,0.99296,1.50,1.13
2013.11.05 23:48:00.137,0.99274,0.99295,1.50,1.13
2013.11.05 23:48:04.297,0.99272,0.99293,2.25,1.50
2013.11.05 23:48:06.441,0.99272,0.99294,2.25,1.88
2013.11.05 23:48:10.156,0.99275,0.99297,1.50,1.13
2013.11.05 23:48:10.716,0.99275,0.99297,1.50,1.13
2013.11.05 23:48:15.189,0.99274,0.99297,1.50,1.88
2013.11.05 23:48:23.177,0.99271,0.99295,2.25,1.50
2013.11.05 23:48:30.177,0.99277,0.99297,2.25,1.13
2013.11.05 23:48:39.797,0.99279,0.99299,1.50,1.88
2013.11.05 23:48:40.097,0.99285,0.99307,1.50,1.50
2013.11.05 23:49:38.507,0.99286,0.99306,1.50,1.50
2013.11.05 23:49:38.628,0.99282,0.99303,2.25,1.50
2013.11.05 23:49:38.687,0.99282,0.99303,1.50,1.50
2013.11.05 23:50:11.179,0.99277,0.993,1.50,1.50
2013.11.05 23:50:11.239,0.99275,0.99296,1.88,1.50
2013.11.05 23:50:11.358,0.99273,0.99296,1.88,2.25
2013.11.05 23:50:15.307,0.99273,0.99296,1.50,2.25
2013.11.05 23:50:23.400,0.99273,0.99294,1.50,1.13
2013.11.05 23:50:23.474,0.99267,0.99291,1.88,1.50
2013.11.05 23:50:23.540,0.99265,0.99286,1.88,1.50
2013.11.05 23:50:23.897,0.99265,0.99285,1.50,1.50
2013.11.05 23:50:24.017,0.99256,0.99278,2.25,1.50
2013.11.05 23:50:24.137,0.99256,0.99278,2.25,1.50
2013.11.05 23:50:24.257,0.9926,0.99282,1.50,1.50
2013.11.05 23:50:27.318,0.99259,0.99281,1.50,1.50
2013.11.05 23:50:27.727,0.99257,0.99278,2.25,1.50
2013.11.05 23:50:27.847,0.99259,0.99281,1.50,1.50
2013.11.05 23:50:28.407,0.99261,0.99281,1.50,1.50
2013.11.05 23:51:01.856,0.99261,0.99283,1.50,2.25
2013.11.05 23:51:01.917,0.99264,0.99283,1.50,1.50
2013.11.05 23:51:02.897,0.99263,0.99284,1.50,1.13
2013.11.05 23:51:20.388,0.99264,0.99284,1.50,1.13
2013.11.05 23:51:39.787,0.99262,0.99284,1.50,2.25
2013.11.05 23:52:00.691,0.99263,0.99284,1.50,1.50
2013.11.05 23:52:02.358,0.99262,0.99283,1.50,1.50
2013.11.05 23:52:21.737,0.99261,0.99283,1.50,1.50
2013.11.05 23:52:31.038,0.99262,0.99283,1.50,1.50
2013.11.05 23:52:31.158,0.99265,0.99285,1.50,1.13
2013.11.05 23:52:46.417,0.99262,0.99284,1.50,2.25
2013.11.05 23:52:53.567,0.99266,0.99288,1.50,2.25
2013.11.05 23:52:53.627,0.99267,0.9929,1.50,1.50
2013.11.05 23:52:54.047,0.99265,0.99286,1.13,1.50
2013.11.05 23:52:54.107,0.99265,0.99285,1.13,1.50
2013.11.05 23:52:59.647,0.99267,0.99286,1.50,1.50
2013.11.05 23:53:00.366,0.99266,0.99287,1.50,1.50
2013.11.05 23:53:00.427,0.99266,0.99288,1.50,1.50
2013.11.05 23:53:07.277,0.99261,0.99283,2.25,1.50
2013.11.05 23:53:24.138,0.99266,0.99284,1.50,1.50
2013.11.05 23:53:24.437,0.99269,0.99289,1.50,1.50
2013.11.05 23:53:24.558,0.99269,0.99289,2.25,1.50
2013.11.05 23:53:24.677,0.99266,0.99284,1.50,1.50
2013.11.05 23:53:24.917,0.99267,0.99289,1.50,1.88
2013.11.05 23:53:29.594,0.99267,0.99287,1.50,1.50
2013.11.05 23:53:34.778,0.99267,0.99287,2.25,1.50
2013.11.05 23:53:34.899,0.9927,0.99289,1.50,1.13
2013.11.05 23:53:35.567,0.9927,0.99292,1.50,1.50
2013.11.05 23:53:35.808,0.99272,0.99295,2.25,2.25
2013.11.05 23:53:37.318,0.99274,0.99296,1.50,1.50
2013.11.05 23:53:38.678,0.99277,0.99298,1.50,2.25
2013.11.05 23:53:40.598,0.99279,0.99299,1.50,1.13
2013.11.05 23:53:47.187,0.99275,0.99297,2.25,1.50
2013.11.05 23:53:48.858,0.9928,0.993,1.50,1.13
2013.11.05 23:53:49.284,0.99275,0.99297,2.25,1.50
2013.11.05 23:53:49.647,0.99275,0.99297,2.25,1.50
2013.11.05 23:53:52.618,0.99275,0.99297,2.25,1.50
2013.11.05 23:53:54.564,0.99275,0.99297,2.25,1.50
2013.11.05 23:53:58.138,0.99275,0.99297,2.25,1.50
2013.11.05 23:53:59.607,0.99272,0.99296,1.50,1.50
2013.11.05 23:53:59.727,0.99276,0.99298,1.50,2.25
2013.11.05 23:54:01.927,0.99275,0.99297,1.50,1.13
2013.11.05 23:54:02.048,0.9927,0.99293,1.50,2.25
2013.11.05 23:54:14.887,0.99269,0.99289,1.50,1.13
2013.11.05 23:54:22.227,0.99266,0.99289,2.25,1.88
2013.11.05 23:54:42.698,0.99266,0.99289,1.50,1.13
2013.11.05 23:55:02.589,0.99267,0.99289,1.50,1.13
2013.11.05 23:55:37.077,0.99266,0.99289,2.25,1.50
2013.11.05 23:55:37.438,0.99266,0.99289,1.50,1.50
2013.11.05 23:55:49.542,0.99266,0.99289,1.50,1.50
2013.11.05 23:55:49.718,0.99273,0.99292,1.88,1.13
2013.11.05 23:55:49.778,0.99273,0.99296,1.88,1.88
2013.11.05 23:55:51.328,0.99273,0.99296,1.88,1.50
2013.11.05 23:55:51.447,0.99272,0.99296,1.50,3.00
2013.11.05 23:56:31.617,0.99269,0.99291,1.13,1.50
2013.11.05 23:56:51.330,0.99267,0.99289,2.25,1.50
2013.11.05 23:57:12.207,0.99267,0.99289,1.88,1.50
2013.11.05 23:57:33.652,0.99268,0.99291,1.88,1.50
2013.11.05 23:58:09.391,0.99268,0.99291,2.63,1.50
2013.11.05 23:58:25.418,0.99268,0.99291,1.50,1.50
2013.11.05 23:58:31.328,0.9927,0.99293,1.50,2.25
2013.11.05 23:58:32.828,0.99266,0.9929,1.50,1.50
2013.11.05 23:58:48.439,0.99265,0.9929,1.50,3.08
2013.11.05 23:58:48.618,0.99262,0.99284,2.63,1.50
2013.11.05 23:58:48.679,0.99262,0.99283,1.50,1.50
2013.11.05 23:58:49.038,0.99264,0.99285,1.50,1.50
2013.11.05 23:58:49.279,0.99265,0.99286,1.50,1.50
2013.11.05 23:58:49.458,0.99262,0.99283,1.50,1.50
2013.11.05 23:59:03.060,0.99262,0.99283,1.50,2.25
2013.11.05 23:59:25.610,0.99261,0.99283,1.50,2.25
2013.11.05 23:59:46.678,0.99258,0.99281,1.50,1.50
