2013.08.13 23:00:00.734,0.94076,0.94103,3.19,1.69
2013.08.13 23:00:01.223,0.94081,0.94106,1.32,1.69
2013.08.13 23:00:01.344,0.94081,0.94107,2.82,1.69
2013.08.13 23:00:02.433,0.94082,0.94108,3.19,1.69
2013.08.13 23:00:03.644,0.94081,0.94106,1.32,1.69
2013.08.13 23:00:04.193,0.94081,0.94108,2.82,1.69
2013.08.13 23:00:04.923,0.94083,0.94108,1.69,1.69
2013.08.13 23:00:10.921,0.94087,0.94113,2.44,3.19
2013.08.13 23:00:15.630,0.94085,0.94113,1.69,1.69
2013.08.13 23:00:16.983,0.94086,0.94113,1.69,3.19
2013.08.13 23:00:19.546,0.94085,0.94109,1.69,1.69
2013.08.13 23:00:22.613,0.94085,0.9411,1.69,1.69
2013.08.13 23:00:22.947,0.94087,0.94111,1.69,1.69
2013.08.13 23:00:26.689,0.9409,0.94114,1.32,2.44
2013.08.13 23:00:26.804,0.94097,0.9412,1.69,2.82
2013.08.13 23:00:27.323,0.94092,0.94118,1.69,3.19
2013.08.13 23:00:31.203,0.94088,0.94113,1.32,1.69
2013.08.13 23:00:33.873,0.94088,0.94113,1.32,1.69
2013.08.13 23:00:33.934,0.94085,0.94104,3.19,1.13
2013.08.13 23:00:34.054,0.94085,0.94102,2.25,1.32
2013.08.13 23:00:34.425,0.94085,0.941,1.50,1.69
2013.08.13 23:00:35.314,0.94078,0.941,3.19,1.69
2013.08.13 23:00:35.694,0.94076,0.941,1.32,1.69
2013.08.13 23:00:40.709,0.94076,0.94098,1.32,1.69
2013.08.13 23:00:45.954,0.94078,0.94103,2.44,1.32
2013.08.13 23:00:46.014,0.94081,0.94104,1.32,1.69
2013.08.13 23:00:46.368,0.94083,0.9411,1.32,2.44
2013.08.13 23:00:48.608,0.94083,0.94108,1.32,1.69
2013.08.13 23:00:48.729,0.94083,0.94106,1.32,1.32
2013.08.13 23:00:49.323,0.94083,0.94105,1.32,1.69
2013.08.13 23:00:49.445,0.94084,0.94107,1.32,1.69
2013.08.13 23:00:50.588,0.94084,0.94107,1.32,1.69
2013.08.13 23:00:50.768,0.94082,0.94106,1.32,2.44
2013.08.13 23:00:53.319,0.94083,0.94106,2.07,2.07
2013.08.13 23:00:53.558,0.94089,0.94111,1.32,2.07
2013.08.13 23:00:53.983,0.94092,0.94111,1.69,1.69
2013.08.13 23:00:55.450,0.94088,0.94111,1.32,2.07
2013.08.13 23:00:55.768,0.94092,0.94113,2.07,1.69
2013.08.13 23:00:56.421,0.94092,0.94115,2.07,1.69
2013.08.13 23:00:56.540,0.94092,0.94114,1.69,1.32
2013.08.13 23:00:57.090,0.94092,0.94113,1.69,1.69
2013.08.13 23:00:57.629,0.94092,0.94114,1.69,1.32
2013.08.13 23:00:58.659,0.94097,0.94114,1.13,1.13
2013.08.13 23:00:58.859,0.94095,0.94118,1.32,1.32
2013.08.13 23:00:59.098,0.94092,0.94115,1.69,1.32
2013.08.13 23:00:59.638,0.94092,0.94113,1.69,1.32
2013.08.13 23:01:01.190,0.94092,0.94114,1.69,1.69
2013.08.13 23:01:01.508,0.94092,0.94115,2.07,1.69
2013.08.13 23:01:02.498,0.94096,0.94115,1.69,1.50
2013.08.13 23:01:03.658,0.94096,0.94115,1.69,1.88
2013.08.13 23:01:04.028,0.94092,0.94114,1.69,1.32
2013.08.13 23:01:04.379,0.94096,0.94115,2.44,1.13
2013.08.13 23:01:04.558,0.94097,0.94116,2.07,1.69
2013.08.13 23:01:05.688,0.94092,0.94115,1.69,2.07
2013.08.13 23:01:09.219,0.94096,0.94115,1.69,1.32
2013.08.13 23:01:16.388,0.94096,0.94117,2.07,1.32
2013.08.13 23:01:16.628,0.941,0.9412,1.69,1.32
2013.08.13 23:01:16.710,0.941,0.94119,1.69,1.32
2013.08.13 23:01:16.849,0.94096,0.94118,1.32,1.32
2013.08.13 23:01:16.968,0.94092,0.94116,3.19,1.32
2013.08.13 23:01:17.928,0.94092,0.94114,1.69,1.32
2013.08.13 23:01:21.308,0.94094,0.94114,1.32,1.32
2013.08.13 23:01:21.668,0.94099,0.94118,1.69,1.32
2013.08.13 23:01:22.348,0.94097,0.9412,1.32,1.32
2013.08.13 23:01:22.768,0.94092,0.94116,1.69,1.69
2013.08.13 23:01:27.124,0.94091,0.94114,1.32,2.07
2013.08.13 23:01:28.583,0.94092,0.94115,1.69,2.82
2013.08.13 23:01:28.638,0.94098,0.94116,1.69,1.32
2013.08.13 23:01:29.187,0.94097,0.94116,1.69,1.32
2013.08.13 23:01:29.758,0.94093,0.94116,2.44,2.07
2013.08.13 23:01:31.835,0.94092,0.94115,1.69,1.32
2013.08.13 23:01:35.448,0.94089,0.94114,1.32,2.44
2013.08.13 23:01:37.950,0.94091,0.94114,1.69,2.07
2013.08.13 23:01:39.178,0.94089,0.94114,1.32,2.82
2013.08.13 23:01:39.418,0.94091,0.94114,1.69,2.07
2013.08.13 23:01:40.793,0.94093,0.94114,1.69,2.07
2013.08.13 23:01:40.969,0.94094,0.94114,1.69,1.13
2013.08.13 23:01:41.527,0.94094,0.94116,1.69,1.69
2013.08.13 23:01:42.102,0.94096,0.94116,1.69,2.44
2013.08.13 23:01:43.168,0.94093,0.94115,1.32,1.69
2013.08.13 23:01:45.303,0.94095,0.94115,1.69,2.07
2013.08.13 23:01:45.419,0.94098,0.94115,1.69,1.13
2013.08.13 23:01:46.129,0.94097,0.94118,1.32,1.32
2013.08.13 23:01:46.329,0.94097,0.94118,1.32,1.32
2013.08.13 23:01:46.808,0.94092,0.94114,2.07,1.32
2013.08.13 23:01:52.168,0.94096,0.94114,1.13,1.32
2013.08.13 23:01:52.230,0.94096,0.94115,1.32,2.07
2013.08.13 23:01:52.939,0.94096,0.94115,1.32,1.69
2013.08.13 23:01:53.728,0.94092,0.94115,1.69,2.07
2013.08.13 23:01:56.028,0.94089,0.94112,1.32,2.44
2013.08.13 23:01:56.500,0.94092,0.94114,1.69,2.07
2013.08.13 23:01:58.063,0.94093,0.94114,1.69,2.07
2013.08.13 23:01:58.119,0.94098,0.94114,1.69,1.13
2013.08.13 23:01:58.419,0.94097,0.94118,2.07,2.07
2013.08.13 23:01:58.729,0.94092,0.94115,3.19,1.69
2013.08.13 23:02:02.620,0.94091,0.94114,2.07,2.44
2013.08.13 23:02:03.938,0.94091,0.94114,2.07,2.82
2013.08.13 23:02:04.021,0.94095,0.94115,1.69,1.32
2013.08.13 23:02:14.348,0.94094,0.94115,1.69,1.32
2013.08.13 23:02:14.468,0.94098,0.94118,2.07,1.32
2013.08.13 23:02:14.588,0.94098,0.94118,2.07,1.32
2013.08.13 23:02:15.113,0.94098,0.94119,1.32,1.32
2013.08.13 23:02:15.348,0.94097,0.94118,2.07,1.32
2013.08.13 23:02:17.953,0.94091,0.94119,1.69,2.82
2013.08.13 23:02:18.302,0.9409,0.94115,2.44,1.13
2013.08.13 23:02:18.478,0.94089,0.94114,1.32,1.69
2013.08.13 23:02:24.135,0.94091,0.94114,1.69,1.32
2013.08.13 23:02:24.199,0.94097,0.94115,2.07,1.13
2013.08.13 23:02:24.800,0.94098,0.94117,1.69,1.50
2013.08.13 23:02:25.515,0.94097,0.94115,2.07,1.13
2013.08.13 23:02:25.698,0.94092,0.94115,1.69,1.32
2013.08.13 23:02:26.248,0.94092,0.94115,1.69,1.32
2013.08.13 23:02:28.929,0.9409,0.94114,1.32,2.07
2013.08.13 23:02:31.119,0.94096,0.94115,1.13,3.57
2013.08.13 23:02:31.238,0.94096,0.94115,2.07,1.13
2013.08.13 23:02:31.629,0.94096,0.94118,2.07,1.69
2013.08.13 23:02:32.418,0.94093,0.94116,1.32,1.32
2013.08.13 23:02:32.984,0.94092,0.94115,1.69,1.32
2013.08.13 23:02:33.901,0.94092,0.94116,1.69,1.32
2013.08.13 23:02:37.869,0.94093,0.94117,1.32,2.07
2013.08.13 23:02:38.297,0.94098,0.94118,1.69,2.07
2013.08.13 23:02:38.733,0.94092,0.94117,2.07,1.32
2013.08.13 23:02:42.230,0.94091,0.94115,1.69,1.32
2013.08.13 23:02:46.131,0.9409,0.94114,2.07,2.82
2013.08.13 23:02:46.551,0.94092,0.94115,1.69,1.32
2013.08.13 23:02:48.937,0.94097,0.94115,1.13,1.32
2013.08.13 23:02:48.998,0.94098,0.94117,1.69,1.13
2013.08.13 23:02:49.119,0.94098,0.94117,1.69,1.13
2013.08.13 23:02:49.500,0.94092,0.94117,1.69,2.07
2013.08.13 23:02:49.739,0.94091,0.94114,2.44,1.13
2013.08.13 23:02:49.798,0.94089,0.94114,3.19,1.32
2013.08.13 23:02:51.708,0.94091,0.94116,1.69,1.32
2013.08.13 23:02:51.862,0.94091,0.94116,1.69,1.32
2013.08.13 23:02:52.039,0.94097,0.94118,2.07,1.32
2013.08.13 23:02:53.072,0.94097,0.9412,1.32,1.32
2013.08.13 23:02:53.378,0.94095,0.94119,1.32,1.32
2013.08.13 23:02:53.798,0.94089,0.94114,3.19,1.13
2013.08.13 23:02:54.305,0.94091,0.94117,1.69,1.32
2013.08.13 23:02:57.065,0.94091,0.94116,1.69,1.32
2013.08.13 23:03:01.219,0.94088,0.94114,1.69,1.69
2013.08.13 23:03:01.539,0.94091,0.94116,1.69,1.32
2013.08.13 23:03:08.297,0.94091,0.94117,1.69,1.32
2013.08.13 23:03:11.007,0.94091,0.94115,1.69,1.32
2013.08.13 23:03:12.059,0.94089,0.94113,1.32,2.44
2013.08.13 23:03:12.118,0.94091,0.94114,1.69,1.32
2013.08.13 23:03:18.811,0.94092,0.94114,1.69,1.32
2013.08.13 23:03:18.993,0.94095,0.94115,1.69,1.32
2013.08.13 23:03:22.169,0.94098,0.94115,1.69,1.13
2013.08.13 23:03:22.289,0.94098,0.94119,1.69,2.44
2013.08.13 23:03:23.015,0.94097,0.94117,1.69,1.32
2013.08.13 23:03:24.168,0.94093,0.94117,1.32,2.07
2013.08.13 23:03:24.689,0.94094,0.94117,1.69,2.07
2013.08.13 23:03:27.753,0.94094,0.94116,1.69,1.32
2013.08.13 23:03:29.219,0.94092,0.94116,1.32,1.32
2013.08.13 23:03:29.378,0.94092,0.94115,2.07,1.32
2013.08.13 23:03:32.121,0.94093,0.94116,1.32,1.32
2013.08.13 23:03:32.179,0.94098,0.94118,2.07,2.07
2013.08.13 23:03:32.709,0.94098,0.9412,1.32,2.07
2013.08.13 23:03:33.249,0.94098,0.94118,1.32,2.07
2013.08.13 23:03:33.792,0.94095,0.94115,1.69,1.32
2013.08.13 23:03:36.908,0.9409,0.94113,1.32,1.69
2013.08.13 23:03:37.269,0.94092,0.94114,1.69,1.32
2013.08.13 23:03:40.139,0.94092,0.94116,1.69,1.32
2013.08.13 23:03:41.401,0.94091,0.94115,1.69,1.32
2013.08.13 23:03:41.729,0.94089,0.94111,2.07,1.69
2013.08.13 23:03:43.069,0.94089,0.94111,1.32,1.69
2013.08.13 23:03:44.909,0.94089,0.94111,2.07,1.69
2013.08.13 23:03:44.969,0.94095,0.94114,1.69,2.25
2013.08.13 23:03:45.029,0.94094,0.94114,1.69,2.44
2013.08.13 23:03:45.629,0.94089,0.94113,1.32,3.19
2013.08.13 23:03:46.522,0.94088,0.9411,1.32,1.32
2013.08.13 23:03:46.959,0.94083,0.94109,2.07,3.19
2013.08.13 23:03:47.530,0.94083,0.94109,1.32,4.69
2013.08.13 23:03:48.073,0.94081,0.94104,3.94,1.32
2013.08.13 23:03:48.696,0.94085,0.94104,1.50,1.32
2013.08.13 23:03:48.819,0.94081,0.94104,2.44,1.32
2013.08.13 23:03:50.650,0.9408,0.94104,1.32,1.32
2013.08.13 23:03:51.240,0.9408,0.94103,1.32,2.44
2013.08.13 23:03:52.559,0.94081,0.94104,1.69,1.32
2013.08.13 23:03:55.389,0.94086,0.94105,1.13,2.44
2013.08.13 23:03:55.509,0.94086,0.94108,2.07,2.44
2013.08.13 23:03:56.101,0.94086,0.94108,2.44,1.69
2013.08.13 23:03:56.709,0.94081,0.94104,1.32,1.69
2013.08.13 23:03:57.960,0.94079,0.94103,2.82,1.69
2013.08.13 23:03:59.319,0.94079,0.94103,1.32,3.19
2013.08.13 23:03:59.509,0.94076,0.94101,2.07,2.82
2013.08.13 23:03:59.750,0.94075,0.94098,1.69,1.32
2013.08.13 23:04:00.229,0.94073,0.94098,2.44,1.32
2013.08.13 23:04:01.181,0.94073,0.94098,2.44,1.32
2013.08.13 23:04:01.978,0.94076,0.94099,1.69,1.69
2013.08.13 23:04:02.381,0.94077,0.941,3.19,1.69
2013.08.13 23:04:03.196,0.94077,0.941,1.69,1.69
2013.08.13 23:04:06.229,0.94077,0.94098,1.32,1.69
2013.08.13 23:04:08.014,0.94076,0.94099,3.94,1.32
2013.08.13 23:04:08.435,0.94083,0.94103,1.69,1.32
2013.08.13 23:04:08.919,0.94081,0.94104,1.69,1.32
2013.08.13 23:04:10.680,0.9408,0.94102,1.32,1.32
2013.08.13 23:04:11.039,0.94077,0.941,1.69,1.32
2013.08.13 23:04:11.218,0.94077,0.94099,1.69,1.32
2013.08.13 23:04:11.927,0.94076,0.94099,1.32,2.82
2013.08.13 23:04:14.769,0.94077,0.941,1.32,1.69
2013.08.13 23:04:18.069,0.94078,0.94102,1.32,3.57
2013.08.13 23:04:18.451,0.94081,0.94102,2.07,2.07
2013.08.13 23:04:25.466,0.94081,0.94104,1.32,2.82
2013.08.13 23:04:27.170,0.94081,0.94106,2.07,2.44
2013.08.13 23:04:31.328,0.94082,0.94106,1.32,1.69
2013.08.13 23:04:31.729,0.9408,0.94104,1.69,2.07
2013.08.13 23:04:33.086,0.94078,0.94103,1.32,2.82
2013.08.13 23:04:35.692,0.94078,0.94103,1.32,1.32
2013.08.13 23:04:36.892,0.94081,0.94104,1.69,2.82
2013.08.13 23:04:38.009,0.94077,0.94102,4.69,1.69
2013.08.13 23:04:43.009,0.9408,0.94103,2.07,1.69
2013.08.13 23:04:48.012,0.94081,0.94105,1.69,1.32
2013.08.13 23:04:56.749,0.9408,0.94105,2.07,2.82
2013.08.13 23:04:58.089,0.94082,0.94106,1.69,3.57
2013.08.13 23:05:05.051,0.94082,0.94106,1.69,1.32
2013.08.13 23:05:11.969,0.94082,0.94105,1.69,1.32
2013.08.13 23:05:14.197,0.94082,0.94106,1.69,1.32
2013.08.13 23:05:17.129,0.94085,0.94108,1.69,1.32
2013.08.13 23:05:17.309,0.94086,0.94108,1.69,1.32
2013.08.13 23:05:17.489,0.9409,0.94113,1.69,2.44
2013.08.13 23:05:18.019,0.94088,0.94113,1.69,3.19
2013.08.13 23:05:19.319,0.94092,0.94114,1.69,1.32
2013.08.13 23:05:19.439,0.94092,0.94117,3.19,1.32
2013.08.13 23:05:20.126,0.94095,0.94118,1.69,1.32
2013.08.13 23:05:20.192,0.94096,0.94118,2.44,1.69
2013.08.13 23:05:21.201,0.94095,0.94118,2.44,1.32
2013.08.13 23:05:24.388,0.94098,0.94118,2.07,1.69
2013.08.13 23:05:24.689,0.94098,0.94119,1.32,1.32
2013.08.13 23:05:26.229,0.94092,0.94116,3.19,1.32
2013.08.13 23:05:28.039,0.94092,0.94116,1.69,2.44
2013.08.13 23:05:31.126,0.94092,0.94117,1.69,3.19
2013.08.13 23:05:36.310,0.94092,0.94115,3.19,1.32
2013.08.13 23:05:37.369,0.94092,0.94115,1.69,2.82
2013.08.13 23:05:39.669,0.94091,0.94115,1.69,1.32
2013.08.13 23:05:48.829,0.94092,0.94115,1.69,1.32
2013.08.13 23:05:53.303,0.94092,0.94115,1.69,1.32
2013.08.13 23:05:57.411,0.94092,0.94115,1.69,1.32
2013.08.13 23:06:01.423,0.94092,0.94117,1.69,2.07
2013.08.13 23:06:04.899,0.94092,0.94115,1.69,2.44
2013.08.13 23:06:11.959,0.94092,0.94115,2.44,1.32
2013.08.13 23:06:29.209,0.9409,0.94115,3.57,1.32
2013.08.13 23:06:30.939,0.94087,0.94112,2.44,1.32
2013.08.13 23:06:38.110,0.94088,0.94112,1.69,1.32
2013.08.13 23:06:42.620,0.94089,0.94112,2.44,1.32
2013.08.13 23:06:43.621,0.94088,0.94112,1.69,1.32
2013.08.13 23:06:47.149,0.94087,0.94112,1.69,2.07
2013.08.13 23:06:47.746,0.94087,0.94112,1.69,2.07
2013.08.13 23:06:51.746,0.94087,0.94111,1.69,1.32
2013.08.13 23:06:58.050,0.94086,0.94112,3.94,2.07
2013.08.13 23:06:59.961,0.94087,0.94111,2.44,1.32
2013.08.13 23:07:03.479,0.94086,0.94109,1.69,1.32
2013.08.13 23:07:06.219,0.94084,0.94108,2.44,1.69
2013.08.13 23:07:06.500,0.94083,0.94108,1.69,1.69
2013.08.13 23:07:08.072,0.94083,0.94107,1.69,1.32
2013.08.13 23:07:12.681,0.94082,0.94108,2.82,2.07
2013.08.13 23:07:15.884,0.94082,0.94107,2.07,1.32
2013.08.13 23:07:17.229,0.94082,0.94107,2.07,2.82
2013.08.13 23:07:28.010,0.94082,0.94105,1.69,2.82
2013.08.13 23:07:31.930,0.94082,0.94105,1.69,1.32
2013.08.13 23:07:33.289,0.94082,0.94105,1.69,1.32
2013.08.13 23:07:40.442,0.94082,0.94105,1.69,1.32
2013.08.13 23:07:44.148,0.94082,0.94105,1.69,1.32
2013.08.13 23:07:45.689,0.94082,0.94105,2.44,1.32
2013.08.13 23:07:48.170,0.94082,0.94104,2.44,1.32
2013.08.13 23:07:51.830,0.94082,0.94104,1.69,1.32
2013.08.13 23:07:51.891,0.94084,0.94106,1.69,1.32
2013.08.13 23:07:54.679,0.94083,0.94107,2.07,1.32
2013.08.13 23:07:54.739,0.94083,0.94106,2.07,1.32
2013.08.13 23:07:56.339,0.94084,0.94106,2.07,1.32
2013.08.13 23:07:59.992,0.94081,0.94107,2.82,2.44
2013.08.13 23:08:05.429,0.94082,0.94109,1.32,2.82
2013.08.13 23:08:05.670,0.94081,0.94107,2.07,1.32
2013.08.13 23:08:11.112,0.94082,0.94107,2.82,1.32
2013.08.13 23:08:11.469,0.94082,0.94107,2.82,1.32
2013.08.13 23:08:16.280,0.94082,0.94107,3.19,2.07
2013.08.13 23:08:16.339,0.94082,0.94105,1.69,1.69
2013.08.13 23:08:17.941,0.94082,0.94105,1.69,1.69
2013.08.13 23:08:20.389,0.94082,0.94104,1.69,1.32
2013.08.13 23:08:20.450,0.94078,0.94094,1.32,1.13
2013.08.13 23:08:20.630,0.9408,0.94101,1.69,1.32
2013.08.13 23:08:21.151,0.9408,0.94104,1.69,3.19
2013.08.13 23:08:21.489,0.9408,0.94105,1.69,1.69
2013.08.13 23:08:33.571,0.94079,0.94104,2.07,1.69
2013.08.13 23:08:35.070,0.94079,0.94105,2.07,1.69
2013.08.13 23:08:41.629,0.9408,0.94106,3.57,1.69
2013.08.13 23:08:42.280,0.94083,0.94106,1.69,1.69
2013.08.13 23:08:46.692,0.94081,0.94106,1.69,1.69
2013.08.13 23:08:48.729,0.94083,0.94106,1.69,1.69
2013.08.13 23:09:02.336,0.94082,0.94106,1.32,1.32
2013.08.13 23:09:03.636,0.94083,0.94106,1.32,1.32
2013.08.13 23:09:04.143,0.94083,0.94106,2.07,1.32
2013.08.13 23:09:04.199,0.94085,0.94109,1.69,1.69
2013.08.13 23:09:11.279,0.94084,0.9411,2.44,1.69
2013.08.13 23:09:12.264,0.94086,0.94109,1.69,1.69
2013.08.13 23:09:22.575,0.94083,0.94107,2.44,1.32
2013.08.13 23:09:23.100,0.94086,0.94107,1.69,1.32
2013.08.13 23:09:28.109,0.94086,0.94111,3.19,2.82
2013.08.13 23:09:29.376,0.94088,0.94111,1.69,2.82
2013.08.13 23:09:29.439,0.94089,0.94111,1.69,1.32
2013.08.13 23:09:34.206,0.9409,0.94114,2.07,1.32
2013.08.13 23:09:37.559,0.94092,0.94112,1.69,1.32
2013.08.13 23:09:39.819,0.94091,0.94115,1.69,1.32
2013.08.13 23:09:39.939,0.94091,0.94115,1.69,1.32
2013.08.13 23:09:40.508,0.94091,0.94115,1.69,1.32
2013.08.13 23:09:40.569,0.94092,0.94115,1.69,1.32
2013.08.13 23:09:41.199,0.94093,0.94118,1.69,2.82
2013.08.13 23:09:41.549,0.94097,0.94118,1.69,1.32
2013.08.13 23:09:48.419,0.94098,0.9412,1.69,1.32
2013.08.13 23:09:48.479,0.94099,0.94121,1.69,1.32
2013.08.13 23:09:48.961,0.94101,0.94121,1.69,1.32
2013.08.13 23:09:54.255,0.941,0.94121,1.69,1.32
2013.08.13 23:10:01.190,0.94101,0.94123,1.69,1.32
2013.08.13 23:10:02.699,0.941,0.94121,2.07,1.32
2013.08.13 23:10:06.660,0.941,0.94122,2.82,1.32
2013.08.13 23:10:10.620,0.94101,0.94121,1.69,1.32
2013.08.13 23:10:13.423,0.94101,0.94122,1.69,1.32
2013.08.13 23:10:18.740,0.94099,0.94122,2.82,3.57
2013.08.13 23:10:28.180,0.94099,0.94121,2.82,2.44
2013.08.13 23:10:33.530,0.941,0.9412,1.69,1.69
2013.08.13 23:10:34.850,0.94098,0.94119,2.07,1.32
2013.08.13 23:10:35.430,0.94099,0.9412,1.69,1.69
2013.08.13 23:10:38.109,0.94101,0.94121,1.69,2.44
2013.08.13 23:10:43.140,0.94099,0.94121,2.44,2.44
2013.08.13 23:10:45.380,0.94101,0.94121,1.69,1.69
2013.08.13 23:10:48.125,0.94102,0.94122,1.69,2.07
2013.08.13 23:10:49.660,0.94101,0.94122,1.69,2.82
2013.08.13 23:10:50.900,0.941,0.94121,2.44,1.32
2013.08.13 23:10:51.453,0.94098,0.94119,1.32,1.32
2013.08.13 23:10:58.170,0.94099,0.94119,1.69,1.32
2013.08.13 23:10:58.510,0.94099,0.94122,2.44,2.07
2013.08.13 23:11:06.800,0.94099,0.94119,2.44,1.32
2013.08.13 23:11:12.262,0.94099,0.94119,2.44,1.32
2013.08.13 23:11:14.790,0.941,0.94119,1.50,1.32
2013.08.13 23:11:16.299,0.941,0.94119,1.50,1.32
2013.08.13 23:11:31.823,0.941,0.94119,1.50,1.32
2013.08.13 23:11:35.190,0.94101,0.94121,1.69,1.32
2013.08.13 23:11:38.180,0.941,0.94122,2.44,2.07
2013.08.13 23:11:43.745,0.941,0.94122,2.44,2.07
2013.08.13 23:11:51.432,0.94102,0.94122,1.69,2.07
2013.08.13 23:12:11.450,0.94099,0.94121,2.44,2.44
2013.08.13 23:12:18.235,0.941,0.9412,1.69,1.69
2013.08.13 23:12:20.800,0.94099,0.94121,2.44,2.44
2013.08.13 23:12:47.080,0.94097,0.94119,1.69,1.69
2013.08.13 23:12:47.460,0.94096,0.94116,1.69,1.50
2013.08.13 23:13:00.548,0.94096,0.94115,1.69,1.13
2013.08.13 23:13:00.610,0.94095,0.94114,2.44,1.13
2013.08.13 23:13:01.030,0.94092,0.94113,2.97,1.32
2013.08.13 23:13:04.636,0.94094,0.94114,1.32,2.44
2013.08.13 23:13:04.972,0.94097,0.94118,1.32,1.69
2013.08.13 23:13:10.240,0.94097,0.94118,1.32,1.50
2013.08.13 23:13:21.210,0.94097,0.94118,1.32,1.50
2013.08.13 23:13:25.400,0.94098,0.94119,1.32,1.50
2013.08.13 23:13:26.772,0.94098,0.94119,1.32,1.50
2013.08.13 23:13:27.630,0.94098,0.94119,1.32,2.44
2013.08.13 23:13:28.179,0.94098,0.94115,1.32,1.50
2013.08.13 23:13:30.611,0.94098,0.94115,1.32,1.50
2013.08.13 23:13:34.391,0.94098,0.94115,1.32,1.50
2013.08.13 23:13:39.210,0.94095,0.94115,2.07,1.69
2013.08.13 23:13:44.106,0.94094,0.94115,1.32,1.69
2013.08.13 23:13:45.210,0.94095,0.94117,2.07,1.69
2013.08.13 23:13:47.450,0.94096,0.94118,1.69,2.44
2013.08.13 23:13:52.044,0.94097,0.94118,1.69,1.69
2013.08.13 23:14:37.822,0.94097,0.94118,1.69,1.69
2013.08.13 23:14:49.668,0.94095,0.9412,2.82,1.32
2013.08.13 23:14:55.781,0.94095,0.9412,2.82,1.32
2013.08.13 23:15:03.030,0.94096,0.94121,1.32,2.82
2013.08.13 23:15:07.513,0.94098,0.94119,1.69,1.69
2013.08.13 23:15:31.081,0.94098,0.9412,2.82,2.44
2013.08.13 23:15:37.685,0.94098,0.9412,2.82,1.69
2013.08.13 23:15:41.697,0.94101,0.94123,2.82,2.07
2013.08.13 23:15:45.311,0.94101,0.94123,2.82,2.82
2013.08.13 23:15:49.514,0.94101,0.94123,2.82,2.82
2013.08.13 23:15:50.720,0.94103,0.94124,2.07,1.32
2013.08.13 23:15:51.210,0.94104,0.94124,1.32,1.32
2013.08.13 23:15:51.812,0.94107,0.94127,1.32,1.32
2013.08.13 23:15:55.911,0.94107,0.94127,1.32,1.32
2013.08.13 23:15:58.901,0.94107,0.94124,1.32,1.13
2013.08.13 23:16:06.340,0.94106,0.94127,2.07,2.07
2013.08.13 23:16:06.942,0.94106,0.94126,2.07,1.69
2013.08.13 23:16:12.691,0.94107,0.94128,1.69,2.82
2013.08.13 23:16:13.016,0.94111,0.94129,2.07,1.32
2013.08.13 23:16:14.388,0.94111,0.94129,2.07,1.13
2013.08.13 23:16:22.155,0.94111,0.94131,2.07,1.50
2013.08.13 23:16:22.391,0.94111,0.94133,2.07,3.19
2013.08.13 23:16:22.451,0.94114,0.94133,1.13,2.44
2013.08.13 23:16:22.572,0.94116,0.94135,1.32,1.32
2013.08.13 23:16:22.691,0.94117,0.94135,1.32,1.32
2013.08.13 23:16:22.871,0.94121,0.94139,1.32,2.82
2013.08.13 23:16:23.250,0.94122,0.94144,2.07,2.82
2013.08.13 23:16:34.850,0.94121,0.94143,2.44,1.32
2013.08.13 23:16:37.995,0.94122,0.94144,1.69,2.82
2013.08.13 23:16:38.063,0.94122,0.94144,2.07,1.69
2013.08.13 23:16:38.181,0.94125,0.94145,1.32,2.07
2013.08.13 23:16:38.682,0.94126,0.94147,2.44,1.69
2013.08.13 23:16:38.800,0.94126,0.94148,3.19,1.69
2013.08.13 23:16:39.301,0.94129,0.94148,1.32,1.50
2013.08.13 23:16:40.660,0.9413,0.94151,1.32,2.44
2013.08.13 23:16:42.075,0.9413,0.94151,1.32,3.19
2013.08.13 23:16:42.190,0.9413,0.9415,1.32,1.69
2013.08.13 23:16:42.491,0.94127,0.94147,1.69,1.69
2013.08.13 23:16:47.312,0.94127,0.94148,2.07,1.69
2013.08.13 23:17:00.719,0.94128,0.94148,1.32,2.44
2013.08.13 23:17:03.731,0.94127,0.94147,1.32,2.44
2013.08.13 23:17:15.850,0.94127,0.94147,1.32,1.69
2013.08.13 23:17:38.298,0.94128,0.94149,1.69,2.07
2013.08.13 23:17:43.206,0.94128,0.9415,1.69,2.07
2013.08.13 23:17:49.201,0.94128,0.9415,1.69,1.69
2013.08.13 23:17:53.633,0.94128,0.9415,2.44,1.69
2013.08.13 23:17:57.062,0.94128,0.9415,2.44,2.82
2013.08.13 23:18:01.934,0.94128,0.9415,1.69,2.07
2013.08.13 23:18:03.339,0.94128,0.9415,2.44,2.82
2013.08.13 23:18:08.248,0.94128,0.9415,2.44,2.07
2013.08.13 23:18:09.383,0.94128,0.9415,2.44,2.82
2013.08.13 23:18:12.663,0.94127,0.94148,2.44,2.07
2013.08.13 23:18:12.783,0.94126,0.94143,1.69,1.13
2013.08.13 23:18:14.492,0.94123,0.94143,2.44,1.32
2013.08.13 23:18:20.383,0.94123,0.94145,2.44,2.07
2013.08.13 23:18:28.333,0.94125,0.94145,1.32,1.88
2013.08.13 23:18:30.365,0.94125,0.94145,1.32,1.50
2013.08.13 23:18:30.928,0.94126,0.94148,1.69,1.69
2013.08.13 23:18:36.103,0.94127,0.94149,1.69,3.94
2013.08.13 23:18:47.115,0.94127,0.94147,1.69,1.69
2013.08.13 23:18:47.174,0.94125,0.94147,2.82,2.44
2013.08.13 23:18:48.093,0.94122,0.94143,3.19,1.69
2013.08.13 23:18:48.453,0.94118,0.94138,1.69,2.07
2013.08.13 23:18:58.262,0.94116,0.94138,2.44,2.82
2013.08.13 23:18:59.468,0.94117,0.94138,1.69,2.82
2013.08.13 23:19:04.092,0.94115,0.94136,1.32,2.44
2013.08.13 23:19:04.821,0.94112,0.94133,3.19,1.88
2013.08.13 23:19:08.343,0.94112,0.94133,1.69,2.07
2013.08.13 23:19:10.263,0.94114,0.94133,1.69,1.32
2013.08.13 23:19:17.903,0.94114,0.94133,1.69,1.32
2013.08.13 23:19:19.134,0.94114,0.94135,2.44,1.69
2013.08.13 23:19:23.284,0.94114,0.94135,2.44,1.32
2013.08.13 23:19:23.463,0.94115,0.94135,1.69,2.07
2013.08.13 23:19:24.717,0.94114,0.94135,2.44,2.07
2013.08.13 23:19:26.453,0.94114,0.94134,2.44,1.69
2013.08.13 23:19:26.833,0.94111,0.94131,3.94,1.13
2013.08.13 23:19:26.953,0.94111,0.94131,1.69,1.32
2013.08.13 23:19:28.385,0.94109,0.94131,2.07,1.69
2013.08.13 23:19:31.636,0.9411,0.94131,1.32,1.69
2013.08.13 23:19:37.154,0.9411,0.94131,1.32,1.69
2013.08.13 23:19:38.109,0.94109,0.94131,1.32,2.07
2013.08.13 23:19:44.513,0.94109,0.94131,1.69,2.44
2013.08.13 23:19:47.296,0.94109,0.94131,1.69,2.44
2013.08.13 23:19:47.894,0.9411,0.94131,1.69,1.69
2013.08.13 23:19:50.176,0.9411,0.94132,1.69,2.07
2013.08.13 23:19:52.980,0.9411,0.94131,2.44,1.32
2013.08.13 23:19:53.109,0.9411,0.9413,2.44,1.32
2013.08.13 23:19:53.908,0.9411,0.94129,1.69,1.32
2013.08.13 23:19:55.089,0.9411,0.94131,1.69,1.32
2013.08.13 23:19:56.013,0.9411,0.9413,1.69,1.32
2013.08.13 23:20:04.304,0.9411,0.94131,1.69,2.07
2013.08.13 23:20:08.313,0.9411,0.9413,2.44,1.32
2013.08.13 23:20:10.513,0.9411,0.9413,1.69,2.07
2013.08.13 23:20:16.623,0.9411,0.94131,1.69,1.32
2013.08.13 23:20:22.632,0.9411,0.9413,1.69,1.32
2013.08.13 23:20:37.261,0.9411,0.9413,1.69,1.32
2013.08.13 23:20:40.903,0.9411,0.9413,1.50,2.07
2013.08.13 23:20:47.627,0.94107,0.9413,1.69,1.69
2013.08.13 23:20:48.381,0.94107,0.94131,1.69,2.07
2013.08.13 23:20:51.423,0.94108,0.94128,1.69,1.69
2013.08.13 23:20:51.543,0.94108,0.9413,1.69,2.07
2013.08.13 23:20:55.170,0.94107,0.94128,1.69,1.69
2013.08.13 23:21:21.043,0.94107,0.94129,2.82,1.69
2013.08.13 23:21:22.143,0.94107,0.94129,2.07,1.69
2013.08.13 23:21:26.364,0.94106,0.94126,1.32,1.50
2013.08.13 23:21:31.153,0.94108,0.94128,1.69,1.69
2013.08.13 23:21:32.870,0.94108,0.94128,1.69,1.69
2013.08.13 23:21:43.086,0.94108,0.9413,2.07,1.69
2013.08.13 23:21:48.393,0.94108,0.9413,2.07,1.69
2013.08.13 23:21:49.733,0.94108,0.9413,1.69,2.07
2013.08.13 23:21:51.733,0.94109,0.94133,1.69,3.57
2013.08.13 23:21:51.853,0.9411,0.94133,1.69,3.57
2013.08.13 23:21:52.140,0.94109,0.94132,1.69,1.32
2013.08.13 23:21:54.155,0.94107,0.94128,2.44,1.69
2013.08.13 23:21:55.423,0.94106,0.94128,3.19,1.69
2013.08.13 23:21:56.573,0.9411,0.94131,1.69,1.69
2013.08.13 23:21:57.423,0.9411,0.9413,1.69,2.07
2013.08.13 23:22:01.673,0.94108,0.94128,1.69,1.69
2013.08.13 23:22:06.663,0.94106,0.94127,1.32,1.69
2013.08.13 23:22:10.473,0.94109,0.94127,1.32,1.50
2013.08.13 23:22:10.803,0.9411,0.94132,1.32,2.44
2013.08.13 23:22:11.264,0.94107,0.94128,1.69,1.69
2013.08.13 23:22:15.993,0.94106,0.94129,1.69,2.44
2013.08.13 23:22:18.370,0.94106,0.94129,3.57,1.69
2013.08.13 23:22:20.233,0.94107,0.94129,1.69,1.69
2013.08.13 23:22:21.423,0.9411,0.9413,1.69,2.44
2013.08.13 23:22:21.757,0.94111,0.94132,1.69,2.82
2013.08.13 23:22:22.687,0.9411,0.9413,2.44,1.32
2013.08.13 23:22:28.183,0.94112,0.94132,1.69,1.69
2013.08.13 23:22:28.243,0.94113,0.94135,2.44,2.82
2013.08.13 23:22:28.363,0.94116,0.94135,1.13,2.44
2013.08.13 23:22:28.733,0.94117,0.94138,2.44,4.69
2013.08.13 23:22:30.643,0.94119,0.94138,2.44,3.19
2013.08.13 23:22:31.261,0.94122,0.94138,2.44,3.00
2013.08.13 23:22:31.608,0.94122,0.94141,2.44,2.44
2013.08.13 23:22:32.263,0.94127,0.94141,1.69,1.50
2013.08.13 23:22:32.564,0.94128,0.94141,2.44,1.50
2013.08.13 23:22:33.243,0.94131,0.94141,2.63,1.50
2013.08.13 23:22:33.749,0.94132,0.94141,1.69,1.50
2013.08.13 23:22:34.517,0.94132,0.94151,1.69,3.00
2013.08.13 23:22:34.600,0.94132,0.94151,1.69,3.00
2013.08.13 23:22:35.024,0.94132,0.94153,1.69,1.88
2013.08.13 23:22:37.945,0.94133,0.94153,1.32,1.50
2013.08.13 23:22:38.063,0.94141,0.94158,1.13,2.44
2013.08.13 23:22:38.183,0.94142,0.94158,1.32,2.25
2013.08.13 23:22:38.543,0.94142,0.9416,1.32,1.50
2013.08.13 23:22:39.064,0.94142,0.94162,2.07,1.13
2013.08.13 23:22:39.648,0.94142,0.94163,2.07,1.32
2013.08.13 23:22:43.653,0.94151,0.94165,1.13,1.32
2013.08.13 23:22:43.714,0.94151,0.94167,2.07,2.63
2013.08.13 23:22:43.774,0.94151,0.94167,2.07,2.25
2013.08.13 23:22:43.893,0.94152,0.94167,2.44,1.50
2013.08.13 23:22:44.014,0.94151,0.94167,2.07,1.50
2013.08.13 23:22:45.084,0.94151,0.94169,1.32,1.13
2013.08.13 23:22:45.690,0.94149,0.94169,1.32,2.07
2013.08.13 23:22:47.994,0.94147,0.94168,2.44,1.32
2013.08.13 23:22:49.602,0.94147,0.94168,1.13,1.32
2013.08.13 23:22:52.714,0.94147,0.94168,1.13,2.82
2013.08.13 23:22:53.016,0.94147,0.94166,1.13,2.44
2013.08.13 23:22:58.851,0.94146,0.94166,1.50,2.44
2013.08.13 23:22:58.973,0.94146,0.94168,2.44,1.32
2013.08.13 23:23:03.434,0.94146,0.94168,1.32,1.32
2013.08.13 23:23:13.249,0.94146,0.94166,1.13,2.44
2013.08.13 23:23:16.143,0.94142,0.94166,1.32,2.44
2013.08.13 23:23:16.203,0.94142,0.94165,2.07,2.82
2013.08.13 23:23:20.643,0.94143,0.94165,1.32,2.44
2013.08.13 23:23:20.704,0.94146,0.94169,1.32,3.94
2013.08.13 23:23:23.913,0.94146,0.94169,1.32,3.19
2013.08.13 23:23:25.378,0.94147,0.94169,1.69,1.69
2013.08.13 23:23:27.234,0.94151,0.94172,2.44,3.19
2013.08.13 23:23:28.288,0.94145,0.94169,1.50,1.69
2013.08.13 23:23:28.413,0.94147,0.94169,3.00,1.69
2013.08.13 23:23:28.663,0.94147,0.94166,2.25,2.07
2013.08.13 23:23:28.723,0.94147,0.94169,2.25,3.19
2013.08.13 23:23:31.796,0.94147,0.94169,2.44,4.69
2013.08.13 23:23:33.914,0.94142,0.94165,2.44,1.69
2013.08.13 23:23:34.634,0.9414,0.94162,1.50,1.69
2013.08.13 23:23:38.410,0.94139,0.94161,2.44,2.44
2013.08.13 23:23:44.722,0.9414,0.94161,2.44,1.69
2013.08.13 23:23:45.729,0.94139,0.9416,4.35,1.69
2013.08.13 23:23:47.664,0.94139,0.94158,2.10,1.32
2013.08.13 23:23:47.965,0.9414,0.94156,2.44,1.50
2013.08.13 23:23:48.233,0.9414,0.94159,2.44,2.07
2013.08.13 23:23:51.244,0.94139,0.94159,2.67,2.07
2013.08.13 23:23:52.444,0.94139,0.94159,2.44,2.44
2013.08.13 23:24:01.264,0.94137,0.94159,2.44,2.44
2013.08.13 23:24:08.225,0.94137,0.94158,2.44,1.69
2013.08.13 23:24:09.474,0.9414,0.94156,2.25,1.50
2013.08.13 23:24:11.677,0.94138,0.94156,2.44,1.69
2013.08.13 23:24:14.183,0.94135,0.94156,2.44,1.69
2013.08.13 23:24:18.434,0.94137,0.94156,2.44,1.50
2013.08.13 23:24:20.795,0.94136,0.94156,2.44,1.50
2013.08.13 23:24:28.408,0.94136,0.94156,2.44,1.88
2013.08.13 23:24:29.303,0.94136,0.94155,2.44,1.88
2013.08.13 23:24:31.515,0.94141,0.94155,2.44,1.88
2013.08.13 23:24:32.825,0.94139,0.94155,2.44,1.88
2013.08.13 23:24:48.449,0.94141,0.94155,1.69,1.88
2013.08.13 23:24:50.192,0.94141,0.94155,1.69,1.88
2013.08.13 23:24:51.273,0.94137,0.94155,2.44,1.13
2013.08.13 23:24:51.751,0.94139,0.94155,2.44,1.13
2013.08.13 23:25:04.381,0.94135,0.94155,1.69,1.32
2013.08.13 23:25:08.488,0.94137,0.94155,2.44,1.13
2013.08.13 23:25:14.124,0.94134,0.94154,2.82,1.69
2013.08.13 23:25:14.483,0.94137,0.94152,2.44,1.50
2013.08.13 23:25:15.218,0.94137,0.94156,2.44,1.13
2013.08.13 23:25:16.086,0.94137,0.94155,2.44,1.13
2013.08.13 23:25:20.112,0.94139,0.94154,2.44,1.50
2013.08.13 23:25:21.563,0.94137,0.94154,2.44,1.50
2013.08.13 23:25:36.293,0.94137,0.94153,2.44,1.50
2013.08.13 23:25:38.554,0.94137,0.94152,2.25,1.50
2013.08.13 23:25:38.673,0.94138,0.94152,2.44,1.50
2013.08.13 23:25:40.413,0.94142,0.94156,2.44,1.88
2013.08.13 23:25:40.673,0.94142,0.94156,2.44,1.88
2013.08.13 23:25:41.063,0.94144,0.94158,2.44,1.50
2013.08.13 23:25:41.124,0.94144,0.94159,2.44,3.00
2013.08.13 23:25:44.203,0.94144,0.94161,2.44,1.50
2013.08.13 23:25:46.223,0.94143,0.94161,2.44,1.50
2013.08.13 23:25:48.475,0.94144,0.94161,2.44,1.50
2013.08.13 23:25:49.976,0.94146,0.94161,2.25,1.50
2013.08.13 23:25:50.923,0.94146,0.9416,2.25,1.50
2013.08.13 23:25:51.104,0.94142,0.9416,2.44,1.50
2013.08.13 23:25:52.324,0.94143,0.9416,2.44,1.50
2013.08.13 23:26:03.402,0.94141,0.94158,2.44,1.50
2013.08.13 23:26:09.324,0.94144,0.94158,2.25,1.50
2013.08.13 23:26:11.520,0.94137,0.94158,2.82,1.50
2013.08.13 23:26:14.044,0.94137,0.94158,1.32,1.50
2013.08.13 23:26:16.240,0.94137,0.94158,1.32,1.50
2013.08.13 23:26:22.153,0.94139,0.94157,2.44,1.50
2013.08.13 23:26:29.904,0.9414,0.94157,1.69,1.50
2013.08.13 23:26:29.964,0.94141,0.94162,2.44,1.69
2013.08.13 23:26:30.504,0.9414,0.94157,2.44,1.50
2013.08.13 23:26:30.993,0.94138,0.94157,1.32,1.50
2013.08.13 23:26:36.971,0.94138,0.94157,1.32,1.50
2013.08.13 23:26:38.480,0.94138,0.94157,1.32,1.50
2013.08.13 23:26:51.393,0.94137,0.94155,2.44,1.50
2013.08.13 23:26:55.855,0.94138,0.94159,1.69,1.50
2013.08.13 23:26:55.914,0.94139,0.94159,2.44,1.50
2013.08.13 23:26:57.111,0.94139,0.9416,2.44,1.69
2013.08.13 23:26:57.425,0.94137,0.94157,2.07,1.69
2013.08.13 23:26:57.723,0.94135,0.94157,2.44,1.69
2013.08.13 23:26:57.845,0.94135,0.94153,2.07,1.13
2013.08.13 23:26:58.204,0.9413,0.9415,2.82,1.50
2013.08.13 23:27:06.335,0.9413,0.9415,2.82,1.50
2013.08.13 23:27:14.164,0.94132,0.9415,1.69,1.50
2013.08.13 23:27:15.848,0.94132,0.9415,1.69,1.50
2013.08.13 23:27:18.323,0.94132,0.94152,1.69,1.50
2013.08.13 23:27:19.504,0.94132,0.94152,1.69,1.50
2013.08.13 23:27:22.224,0.94132,0.94152,1.69,1.50
2013.08.13 23:27:26.724,0.94134,0.94152,1.32,1.50
2013.08.13 23:27:34.014,0.94132,0.94152,1.69,1.50
2013.08.13 23:27:35.424,0.94132,0.94152,1.69,1.50
2013.08.13 23:27:45.554,0.94132,0.94152,1.69,1.50
2013.08.13 23:27:52.029,0.94132,0.94152,1.69,1.50
2013.08.13 23:27:53.731,0.94132,0.94152,1.69,1.50
2013.08.13 23:28:00.303,0.94133,0.94152,1.32,1.50
2013.08.13 23:28:03.254,0.94131,0.94152,1.69,1.50
2013.08.13 23:28:07.659,0.94133,0.94152,1.32,1.50
2013.08.13 23:28:12.381,0.94133,0.94152,1.32,1.50
2013.08.13 23:28:18.301,0.94132,0.94159,1.69,1.32
2013.08.13 23:28:18.503,0.94132,0.94159,1.69,2.07
2013.08.13 23:28:18.889,0.94132,0.94159,1.69,2.07
2013.08.13 23:28:20.747,0.94133,0.94159,1.32,2.07
2013.08.13 23:28:21.533,0.94132,0.94158,1.32,2.07
2013.08.13 23:28:22.063,0.94131,0.94154,1.32,1.69
2013.08.13 23:28:27.643,0.94131,0.94155,1.32,2.07
2013.08.13 23:28:28.353,0.94131,0.94155,1.69,1.32
2013.08.13 23:28:31.722,0.94132,0.94155,1.32,1.13
2013.08.13 23:28:39.783,0.94132,0.94155,1.32,1.32
2013.08.13 23:28:42.215,0.94132,0.94155,1.32,2.07
2013.08.13 23:28:46.214,0.94131,0.94151,1.69,1.50
2013.08.13 23:28:46.455,0.94132,0.94155,1.69,1.69
2013.08.13 23:28:58.477,0.94132,0.94155,2.44,1.69
2013.08.13 23:28:59.404,0.94132,0.94155,1.69,1.50
2013.08.13 23:29:07.334,0.94131,0.94155,2.44,1.50
2013.08.13 23:29:07.844,0.94132,0.94153,1.69,1.50
2013.08.13 23:29:17.015,0.94132,0.94153,1.69,1.50
2013.08.13 23:29:17.915,0.94132,0.94153,1.69,2.44
2013.08.13 23:29:21.274,0.94132,0.94153,1.69,1.69
2013.08.13 23:29:26.082,0.94133,0.94153,1.69,1.69
2013.08.13 23:29:26.324,0.94138,0.94156,1.32,1.50
2013.08.13 23:29:26.515,0.94138,0.94159,2.07,1.32
2013.08.13 23:29:27.332,0.94138,0.9416,2.07,1.32
2013.08.13 23:29:28.233,0.94138,0.9416,2.07,2.07
2013.08.13 23:29:28.414,0.94138,0.94159,1.32,1.32
2013.08.13 23:29:32.474,0.94138,0.94157,1.32,1.50
2013.08.13 23:29:37.655,0.9414,0.94157,1.32,1.50
2013.08.13 23:29:42.305,0.94138,0.94157,1.69,1.50
2013.08.13 23:29:45.474,0.94139,0.94157,1.32,1.50
2013.08.13 23:29:50.124,0.94138,0.94158,1.69,1.69
2013.08.13 23:30:01.508,0.94139,0.94158,1.32,1.69
2013.08.13 23:30:10.416,0.94138,0.94159,1.32,2.44
2013.08.13 23:30:10.655,0.94141,0.94159,1.32,1.50
2013.08.13 23:30:10.715,0.94141,0.94161,2.07,1.50
2013.08.13 23:30:10.895,0.94141,0.94163,2.82,2.82
2013.08.13 23:30:17.935,0.94144,0.94165,1.13,1.69
2013.08.13 23:30:17.995,0.94145,0.94166,1.32,1.69
2013.08.13 23:30:18.551,0.94145,0.94167,2.07,2.44
2013.08.13 23:30:18.854,0.94143,0.94165,2.07,1.69
2013.08.13 23:30:19.751,0.94144,0.94161,1.32,1.50
2013.08.13 23:30:22.664,0.94144,0.94161,1.32,1.50
2013.08.13 23:30:26.060,0.94141,0.94161,2.44,1.69
2013.08.13 23:30:26.124,0.94141,0.94158,2.07,1.88
2013.08.13 23:30:26.305,0.94137,0.94158,2.07,2.07
2013.08.13 23:30:26.675,0.94136,0.94155,1.32,1.50
2013.08.13 23:30:28.175,0.94137,0.94155,2.44,1.50
2013.08.13 23:30:33.215,0.94135,0.94155,1.32,2.44
2013.08.13 23:30:33.335,0.94135,0.9415,1.32,1.50
2013.08.13 23:30:33.824,0.94135,0.94154,1.32,1.69
2013.08.13 23:30:34.355,0.94134,0.94154,1.32,1.50
2013.08.13 23:30:37.554,0.94135,0.94157,1.32,2.44
2013.08.13 23:30:40.345,0.94135,0.94157,1.32,1.69
2013.08.13 23:30:40.855,0.94136,0.94157,1.32,1.69
2013.08.13 23:30:53.774,0.94137,0.94157,1.32,1.69
2013.08.13 23:30:54.036,0.94134,0.94157,1.32,1.69
2013.08.13 23:30:55.784,0.94135,0.94157,1.32,2.44
2013.08.13 23:31:03.652,0.94137,0.94157,1.32,1.69
2013.08.13 23:31:04.377,0.94133,0.94157,2.82,1.69
2013.08.13 23:31:05.634,0.94137,0.94157,1.32,1.69
2013.08.13 23:31:10.234,0.94134,0.94157,1.32,2.44
2013.08.13 23:31:10.295,0.94134,0.94157,1.32,3.19
2013.08.13 23:31:10.479,0.94134,0.94157,1.32,2.44
2013.08.13 23:31:10.870,0.94134,0.94157,1.32,2.44
2013.08.13 23:31:10.995,0.94138,0.94157,1.32,1.50
2013.08.13 23:31:14.665,0.94138,0.94157,1.32,2.25
2013.08.13 23:31:15.214,0.94135,0.94157,1.32,2.44
2013.08.13 23:31:16.674,0.94135,0.94156,1.32,1.50
2013.08.13 23:31:17.254,0.94137,0.94156,1.32,1.69
2013.08.13 23:31:19.830,0.94134,0.94156,2.44,2.44
2013.08.13 23:31:19.955,0.94133,0.94154,3.19,1.50
2013.08.13 23:31:20.075,0.9413,0.9415,3.94,1.13
2013.08.13 23:31:20.134,0.9413,0.9415,2.44,1.32
2013.08.13 23:31:20.426,0.94127,0.94148,2.44,1.69
2013.08.13 23:31:20.934,0.94126,0.94144,1.69,1.50
2013.08.13 23:31:20.994,0.94126,0.94144,1.69,1.50
2013.08.13 23:31:22.250,0.94127,0.94142,1.50,1.50
2013.08.13 23:31:23.958,0.94125,0.94142,1.69,1.50
2013.08.13 23:31:24.263,0.94123,0.94142,2.44,1.50
2013.08.13 23:31:24.765,0.94122,0.94142,1.32,1.50
2013.08.13 23:31:28.546,0.94122,0.94142,1.32,1.50
2013.08.13 23:31:30.351,0.94122,0.94142,1.32,1.50
2013.08.13 23:31:34.657,0.94122,0.94142,1.32,1.50
2013.08.13 23:31:41.182,0.94122,0.94144,2.07,2.25
2013.08.13 23:31:41.244,0.94122,0.94144,2.07,1.50
2013.08.13 23:31:41.885,0.94122,0.94144,2.07,1.69
2013.08.13 23:31:44.695,0.94122,0.94145,3.57,1.50
2013.08.13 23:31:45.015,0.94128,0.94149,2.44,2.07
2013.08.13 23:31:45.194,0.94129,0.94149,1.32,1.69
2013.08.13 23:31:45.255,0.94131,0.9415,1.50,1.69
2013.08.13 23:31:45.375,0.94132,0.94152,1.69,1.69
2013.08.13 23:31:45.435,0.94134,0.94153,1.13,1.69
2013.08.13 23:31:51.436,0.94135,0.94157,1.69,3.57
2013.08.13 23:31:52.954,0.94135,0.94157,1.69,2.82
2013.08.13 23:31:53.634,0.94136,0.94157,1.32,2.44
2013.08.13 23:31:53.754,0.94136,0.94157,1.32,1.50
2013.08.13 23:31:55.261,0.94138,0.94157,1.32,1.69
2013.08.13 23:31:58.676,0.94136,0.94157,1.32,1.69
2013.08.13 23:32:02.927,0.94136,0.94157,1.32,2.44
2013.08.13 23:32:11.060,0.94138,0.94154,1.32,1.50
2013.08.13 23:32:14.714,0.94138,0.94157,1.69,1.69
2013.08.13 23:32:15.204,0.94141,0.94157,1.69,1.50
2013.08.13 23:32:15.745,0.94146,0.94164,1.32,2.44
2013.08.13 23:32:16.255,0.94146,0.94164,1.32,1.69
2013.08.13 23:32:16.834,0.94144,0.94164,1.69,2.44
2013.08.13 23:32:17.434,0.94144,0.94161,1.32,1.50
2013.08.13 23:32:17.855,0.94144,0.94159,1.32,1.50
2013.08.13 23:32:19.105,0.94142,0.94163,2.44,2.44
2013.08.13 23:32:20.914,0.94146,0.94163,1.32,1.50
2013.08.13 23:32:21.374,0.94146,0.94165,2.07,1.50
2013.08.13 23:32:24.204,0.94147,0.94165,1.32,1.50
2013.08.13 23:32:29.912,0.94147,0.94165,1.32,1.50
2013.08.13 23:32:35.234,0.94147,0.94165,2.07,1.50
2013.08.13 23:32:36.244,0.94146,0.94165,1.32,1.50
2013.08.13 23:32:36.364,0.94146,0.94163,1.32,1.50
2013.08.13 23:32:43.894,0.94147,0.94166,1.13,2.44
2013.08.13 23:32:45.804,0.94146,0.94166,2.07,1.69
2013.08.13 23:32:47.270,0.94147,0.94166,1.69,1.69
2013.08.13 23:32:48.575,0.94147,0.94166,1.32,1.69
2013.08.13 23:32:49.809,0.94145,0.94165,2.07,1.69
2013.08.13 23:32:50.066,0.94144,0.94164,1.69,1.69
2013.08.13 23:32:50.429,0.94143,0.94161,1.32,1.50
2013.08.13 23:32:51.568,0.94144,0.94161,1.69,1.50
2013.08.13 23:32:51.944,0.94146,0.94164,1.32,1.69
2013.08.13 23:33:02.910,0.94146,0.94164,1.69,1.50
2013.08.13 23:33:06.425,0.94146,0.94162,1.32,1.50
2013.08.13 23:33:06.545,0.94145,0.9416,1.32,1.50
2013.08.13 23:33:06.724,0.94138,0.94159,2.07,1.32
2013.08.13 23:33:06.904,0.94138,0.94158,2.07,1.50
2013.08.13 23:33:07.324,0.94136,0.94155,1.32,1.50
2013.08.13 23:33:07.444,0.94136,0.94153,1.32,1.50
2013.08.13 23:33:07.774,0.94136,0.94148,1.32,1.50
2013.08.13 23:33:09.236,0.94133,0.94148,3.00,1.50
2013.08.13 23:33:09.886,0.94133,0.94147,3.00,1.50
2013.08.13 23:33:10.804,0.94134,0.94145,2.25,1.50
2013.08.13 23:33:12.544,0.94134,0.94149,2.25,1.50
2013.08.13 23:33:12.709,0.94134,0.94148,2.25,1.50
2013.08.13 23:33:12.952,0.9413,0.94146,1.69,1.50
2013.08.13 23:33:15.815,0.94131,0.94146,1.32,1.50
2013.08.13 23:33:17.274,0.94131,0.94149,1.32,1.50
2013.08.13 23:33:18.657,0.9413,0.94149,1.69,1.50
2013.08.13 23:33:22.834,0.9413,0.94148,1.32,1.50
2013.08.13 23:33:23.338,0.94128,0.94145,1.32,1.50
2013.08.13 23:33:30.281,0.94128,0.94145,1.32,1.50
2013.08.13 23:33:32.182,0.94127,0.94145,1.32,1.50
2013.08.13 23:33:40.800,0.94124,0.94145,2.44,1.50
2013.08.13 23:33:41.034,0.94123,0.94143,1.69,1.50
2013.08.13 23:33:41.154,0.94123,0.94143,1.69,1.50
2013.08.13 23:33:41.515,0.94121,0.94143,1.32,1.69
2013.08.13 23:33:44.184,0.94123,0.94143,1.32,1.69
2013.08.13 23:33:45.384,0.94123,0.94143,1.32,1.50
2013.08.13 23:33:46.165,0.94123,0.94145,3.19,2.44
2013.08.13 23:33:47.194,0.94126,0.94145,2.44,2.25
2013.08.13 23:33:50.757,0.94127,0.94147,1.69,1.69
2013.08.13 23:33:58.669,0.94127,0.94147,1.69,1.50
2013.08.13 23:34:11.696,0.94127,0.94147,1.69,2.07
2013.08.13 23:34:13.101,0.94126,0.94147,1.69,2.07
2013.08.13 23:34:17.514,0.94126,0.94147,2.44,2.07
2013.08.13 23:34:18.665,0.94127,0.94147,1.69,1.50
2013.08.13 23:34:27.234,0.94127,0.94147,1.69,1.69
2013.08.13 23:34:29.846,0.94127,0.94147,1.69,1.50
2013.08.13 23:34:38.951,0.94127,0.94147,1.69,1.50
2013.08.13 23:34:43.313,0.94127,0.94148,1.69,1.50
2013.08.13 23:34:47.324,0.94126,0.94149,3.19,1.13
2013.08.13 23:34:47.827,0.94126,0.94153,2.44,2.07
2013.08.13 23:34:48.455,0.94127,0.9415,2.44,1.69
2013.08.13 23:34:51.604,0.94129,0.94149,2.44,1.13
2013.08.13 23:34:52.201,0.94131,0.9415,1.69,1.69
2013.08.13 23:34:54.214,0.94133,0.94153,2.44,1.50
2013.08.13 23:34:54.335,0.94134,0.94154,1.69,1.69
2013.08.13 23:34:54.820,0.94137,0.94157,1.69,1.50
2013.08.13 23:34:55.152,0.94138,0.94157,2.44,1.50
2013.08.13 23:34:55.624,0.9414,0.94158,1.69,2.25
2013.08.13 23:34:55.875,0.9414,0.94162,1.69,1.32
2013.08.13 23:34:57.172,0.9414,0.9416,1.69,1.32
2013.08.13 23:34:57.231,0.94138,0.94159,2.44,1.50
2013.08.13 23:35:04.792,0.94137,0.94159,1.69,2.44
2013.08.13 23:35:08.038,0.94136,0.94159,1.69,3.57
2013.08.13 23:35:08.102,0.94136,0.94159,1.69,4.32
2013.08.13 23:35:18.735,0.94136,0.94156,1.69,1.69
2013.08.13 23:35:22.836,0.94134,0.94154,2.82,1.69
2013.08.13 23:35:23.952,0.94136,0.94153,1.69,1.50
2013.08.13 23:35:28.422,0.94133,0.94153,1.32,3.00
2013.08.13 23:35:28.722,0.9413,0.94152,1.13,1.69
2013.08.13 23:35:29.022,0.94127,0.94144,2.82,1.50
2013.08.13 23:35:29.082,0.94127,0.94144,2.07,1.50
2013.08.13 23:35:29.202,0.94123,0.94144,2.44,1.50
2013.08.13 23:35:29.714,0.94123,0.94144,1.69,1.50
2013.08.13 23:35:31.082,0.94122,0.94144,3.94,1.50
2013.08.13 23:35:33.152,0.94122,0.94144,3.94,1.50
2013.08.13 23:35:36.093,0.94122,0.94143,2.44,1.50
2013.08.13 23:35:36.332,0.94122,0.94143,1.69,1.50
2013.08.13 23:35:36.762,0.94122,0.94143,1.32,1.50
2013.08.13 23:35:38.651,0.94121,0.94141,1.69,1.50
2013.08.13 23:35:39.642,0.94121,0.9414,1.32,1.50
2013.08.13 23:35:39.704,0.94119,0.9414,1.32,2.44
2013.08.13 23:35:43.064,0.94116,0.94136,1.69,1.69
2013.08.13 23:35:44.002,0.94119,0.94138,1.32,1.69
2013.08.13 23:35:45.132,0.94121,0.94141,1.50,2.82
2013.08.13 23:35:45.192,0.94121,0.94143,1.69,3.94
2013.08.13 23:35:45.555,0.94124,0.94143,1.69,1.13
2013.08.13 23:35:47.222,0.94124,0.94143,1.69,1.13
2013.08.13 23:35:49.793,0.94124,0.94143,1.69,1.13
2013.08.13 23:35:50.342,0.94122,0.94143,1.69,1.32
2013.08.13 23:35:55.796,0.94122,0.94144,1.69,2.44
2013.08.13 23:35:56.142,0.94122,0.94139,1.50,1.69
2013.08.13 23:35:56.921,0.94118,0.94139,2.82,2.07
2013.08.13 23:35:57.672,0.94118,0.94139,2.82,2.07
2013.08.13 23:35:57.792,0.94118,0.94139,2.82,2.07
2013.08.13 23:36:05.938,0.94118,0.94139,2.82,1.13
2013.08.13 23:36:08.655,0.94118,0.94137,1.32,1.69
2013.08.13 23:36:12.312,0.94117,0.94139,1.69,2.82
2013.08.13 23:36:17.472,0.94119,0.94139,2.44,2.07
2013.08.13 23:36:18.676,0.94119,0.94137,2.44,1.13
2013.08.13 23:36:23.481,0.94119,0.94137,1.69,1.13
2013.08.13 23:36:32.124,0.94119,0.94137,2.44,1.13
2013.08.13 23:36:37.614,0.94117,0.94137,1.69,1.13
2013.08.13 23:36:38.717,0.94117,0.94138,3.19,1.32
2013.08.13 23:36:41.592,0.94117,0.94138,3.94,1.32
2013.08.13 23:36:41.952,0.94123,0.94143,1.32,2.25
2013.08.13 23:36:43.473,0.94127,0.94146,1.32,1.69
2013.08.13 23:36:43.652,0.94133,0.9415,1.32,1.50
2013.08.13 23:36:43.842,0.94133,0.94153,1.69,2.44
2013.08.13 23:36:46.663,0.94135,0.94155,2.07,1.50
2013.08.13 23:36:50.212,0.94135,0.94155,2.07,1.69
2013.08.13 23:36:54.403,0.94135,0.94155,1.13,2.44
2013.08.13 23:36:54.522,0.94133,0.94153,1.32,1.69
2013.08.13 23:36:55.092,0.94131,0.94154,1.32,3.19
2013.08.13 23:36:58.673,0.9413,0.94151,1.32,1.50
2013.08.13 23:36:59.661,0.94129,0.94151,1.69,1.50
2013.08.13 23:37:00.333,0.94129,0.94151,1.69,2.44
2013.08.13 23:37:06.293,0.94129,0.94151,1.69,1.50
2013.08.13 23:37:11.752,0.94132,0.94151,1.69,1.50
2013.08.13 23:37:12.112,0.94135,0.94154,1.32,1.69
2013.08.13 23:37:12.624,0.94136,0.94155,1.69,2.07
2013.08.13 23:37:14.222,0.94135,0.94156,1.32,2.07
2013.08.13 23:37:20.843,0.94136,0.94156,2.07,1.50
2013.08.13 23:37:35.402,0.94136,0.94156,2.07,1.69
2013.08.13 23:37:36.773,0.94136,0.94156,1.69,1.50
2013.08.13 23:37:43.882,0.94133,0.94153,3.57,1.13
2013.08.13 23:37:43.942,0.94133,0.94151,1.32,1.13
2013.08.13 23:37:44.002,0.94129,0.94149,4.32,1.32
2013.08.13 23:37:44.062,0.94129,0.94149,3.57,2.07
2013.08.13 23:37:44.362,0.94129,0.94147,2.63,1.69
2013.08.13 23:37:45.166,0.94129,0.94144,2.25,3.19
2013.08.13 23:37:46.112,0.94129,0.94143,2.25,1.69
2013.08.13 23:37:49.162,0.94126,0.94142,1.50,1.69
2013.08.13 23:37:49.916,0.94122,0.94142,1.32,1.69
2013.08.13 23:37:50.829,0.94121,0.94142,1.69,1.69
2013.08.13 23:37:54.692,0.94122,0.94142,1.32,1.69
2013.08.13 23:37:56.232,0.94121,0.94142,1.69,2.44
2013.08.13 23:38:11.063,0.94122,0.94142,1.32,1.69
2013.08.13 23:38:18.702,0.94121,0.94142,2.07,1.69
2013.08.13 23:38:20.732,0.94121,0.94141,2.07,1.69
2013.08.13 23:38:23.584,0.94121,0.94142,2.07,2.44
2013.08.13 23:38:28.309,0.94121,0.94142,1.32,2.44
2013.08.13 23:38:42.172,0.94122,0.9414,1.69,1.50
2013.08.13 23:38:48.302,0.94122,0.94143,1.32,3.19
2013.08.13 23:38:59.443,0.94122,0.94143,1.69,2.44
2013.08.13 23:39:02.388,0.94122,0.94143,1.69,2.44
2013.08.13 23:39:07.006,0.94122,0.94143,1.69,2.44
2013.08.13 23:39:07.642,0.94126,0.94146,1.32,2.44
2013.08.13 23:39:07.822,0.94128,0.94148,2.44,1.69
2013.08.13 23:39:08.329,0.94131,0.94148,1.50,1.69
2013.08.13 23:39:08.401,0.94133,0.94153,1.32,2.44
2013.08.13 23:39:08.712,0.94133,0.94153,2.07,1.69
2013.08.13 23:39:09.432,0.94133,0.94153,1.32,1.69
2013.08.13 23:39:10.232,0.94132,0.94154,1.69,3.19
2013.08.13 23:39:14.178,0.94131,0.94154,2.82,1.69
2013.08.13 23:39:17.529,0.94131,0.9415,1.32,1.50
2013.08.13 23:39:17.652,0.9413,0.9415,2.07,1.69
2013.08.13 23:39:17.913,0.94129,0.94146,1.69,1.50
2013.08.13 23:39:17.973,0.94127,0.94146,1.69,1.69
2013.08.13 23:39:18.272,0.94126,0.94145,1.69,1.69
2013.08.13 23:39:18.454,0.94125,0.94143,2.44,1.69
2013.08.13 23:39:18.962,0.94126,0.94146,1.69,1.69
2013.08.13 23:39:20.363,0.94126,0.94146,1.69,1.69
2013.08.13 23:39:24.982,0.94123,0.94144,1.32,3.19
2013.08.13 23:39:27.383,0.94123,0.94144,1.32,2.44
2013.08.13 23:39:32.753,0.94125,0.94144,1.32,2.25
2013.08.13 23:39:37.212,0.94126,0.94146,2.07,1.50
2013.08.13 23:39:43.939,0.94126,0.94146,1.32,1.50
2013.08.13 23:39:59.226,0.94126,0.94146,1.32,2.25
2013.08.13 23:40:00.553,0.94126,0.94146,1.32,2.25
2013.08.13 23:40:00.679,0.94124,0.94143,2.07,1.69
2013.08.13 23:40:01.231,0.94123,0.9414,1.32,1.50
2013.08.13 23:40:02.877,0.94123,0.94142,1.32,1.69
2013.08.13 23:40:03.062,0.94123,0.94143,1.32,1.69
2013.08.13 23:40:03.122,0.94123,0.94142,1.32,1.50
2013.08.13 23:40:07.023,0.94122,0.94141,1.69,1.69
2013.08.13 23:40:07.705,0.94119,0.94139,3.19,1.50
2013.08.13 23:40:24.754,0.94119,0.94139,1.69,1.69
2013.08.13 23:40:27.613,0.94119,0.94139,1.69,1.69
2013.08.13 23:40:27.673,0.94117,0.94138,2.82,1.69
2013.08.13 23:40:28.222,0.94117,0.94138,3.57,2.44
2013.08.13 23:40:28.282,0.94119,0.94138,1.69,1.69
2013.08.13 23:40:36.849,0.9412,0.9414,1.69,1.69
2013.08.13 23:40:37.421,0.94117,0.94139,2.07,1.69
2013.08.13 23:40:45.342,0.94117,0.94139,2.07,1.50
2013.08.13 23:40:46.592,0.94117,0.94139,2.82,1.50
2013.08.13 23:40:47.383,0.94118,0.94139,1.32,1.69
2013.08.13 23:40:48.772,0.94118,0.94139,1.32,1.50
2013.08.13 23:41:00.872,0.94119,0.94139,3.19,1.50
2013.08.13 23:41:01.053,0.94117,0.94137,1.32,2.25
2013.08.13 23:41:02.875,0.94118,0.94137,1.32,2.44
2013.08.13 23:41:10.169,0.94116,0.94137,1.69,2.44
2013.08.13 23:41:10.352,0.94116,0.94134,1.32,1.13
2013.08.13 23:41:10.592,0.94115,0.94134,2.44,1.32
2013.08.13 23:41:12.602,0.94112,0.94133,2.07,3.19
2013.08.13 23:41:15.212,0.94112,0.94133,2.07,3.19
2013.08.13 23:41:18.233,0.94112,0.94133,1.32,2.44
2013.08.13 23:41:20.028,0.94112,0.94133,1.69,2.44
2013.08.13 23:41:20.598,0.94112,0.94133,1.32,1.69
2013.08.13 23:41:21.382,0.94112,0.94133,1.32,2.44
2013.08.13 23:41:21.443,0.94111,0.94133,2.82,2.44
2013.08.13 23:41:21.563,0.94109,0.94129,1.32,1.69
2013.08.13 23:41:21.833,0.94108,0.94127,1.32,1.50
2013.08.13 23:41:22.193,0.94107,0.94123,1.32,1.50
2013.08.13 23:41:28.144,0.94103,0.94123,1.69,2.44
2013.08.13 23:41:29.196,0.94103,0.94123,1.32,2.44
2013.08.13 23:41:29.255,0.94103,0.94122,1.32,1.69
2013.08.13 23:41:29.613,0.94095,0.94114,4.32,1.32
2013.08.13 23:41:29.853,0.94099,0.94114,1.50,1.32
2013.08.13 23:41:30.033,0.94095,0.94114,3.19,1.32
2013.08.13 23:41:30.563,0.94096,0.94114,1.69,1.13
2013.08.13 23:41:32.902,0.94098,0.94118,2.44,1.69
2013.08.13 23:41:33.022,0.94098,0.9412,2.82,2.82
2013.08.13 23:41:33.599,0.94101,0.9412,1.32,1.13
2013.08.13 23:41:35.872,0.94101,0.94122,2.07,1.32
2013.08.13 23:41:35.938,0.94102,0.94122,1.32,1.32
2013.08.13 23:41:36.243,0.94104,0.94123,1.50,2.44
2013.08.13 23:41:36.652,0.94103,0.94123,1.69,3.19
2013.08.13 23:41:37.261,0.94102,0.94123,2.07,3.19
2013.08.13 23:41:37.613,0.94102,0.94123,2.07,2.82
2013.08.13 23:41:38.223,0.94103,0.94123,1.69,1.32
2013.08.13 23:41:44.901,0.94103,0.94123,2.07,1.32
2013.08.13 23:41:45.267,0.94106,0.94128,1.32,2.44
2013.08.13 23:41:45.623,0.9411,0.94129,1.32,1.13
2013.08.13 23:41:46.274,0.94112,0.94129,1.50,1.13
2013.08.13 23:41:49.834,0.94106,0.94127,1.32,2.44
2013.08.13 23:41:50.482,0.94106,0.94123,1.32,2.25
2013.08.13 23:41:51.197,0.94106,0.94125,1.32,1.50
2013.08.13 23:42:02.193,0.94109,0.94128,1.32,1.69
2013.08.13 23:42:07.803,0.94109,0.94128,1.32,1.69
2013.08.13 23:42:10.770,0.94109,0.94128,1.69,1.69
2013.08.13 23:42:12.633,0.94109,0.94129,1.69,2.07
2013.08.13 23:42:18.003,0.94106,0.94126,2.07,1.69
2013.08.13 23:42:22.004,0.94106,0.94126,2.07,1.50
2013.08.13 23:42:27.115,0.94107,0.94126,1.32,1.50
2013.08.13 23:42:28.724,0.94106,0.94126,2.07,1.50
2013.08.13 23:42:31.333,0.94107,0.94126,1.32,1.50
2013.08.13 23:42:37.147,0.94106,0.94126,1.32,1.50
2013.08.13 23:42:38.275,0.94106,0.94128,1.32,1.50
2013.08.13 23:42:40.856,0.94107,0.94127,1.32,1.69
2013.08.13 23:42:45.003,0.94107,0.94128,1.32,1.69
2013.08.13 23:42:47.369,0.94106,0.94128,2.07,1.50
2013.08.13 23:42:47.918,0.94106,0.94128,1.32,1.69
2013.08.13 23:42:50.272,0.94108,0.94128,1.13,1.69
2013.08.13 23:42:50.622,0.9411,0.94129,1.50,1.32
2013.08.13 23:42:51.003,0.94112,0.94133,1.32,2.44
2013.08.13 23:42:51.122,0.94112,0.94133,1.32,2.44
2013.08.13 23:42:51.731,0.94115,0.94133,1.69,1.69
2013.08.13 23:42:53.344,0.94115,0.94133,2.07,1.69
2013.08.13 23:42:59.774,0.94115,0.94133,2.25,1.69
2013.08.13 23:43:00.013,0.94115,0.94133,1.50,1.69
2013.08.13 23:43:00.253,0.94111,0.94133,2.07,1.69
2013.08.13 23:43:03.833,0.94111,0.9413,1.32,1.69
2013.08.13 23:43:05.631,0.94108,0.9413,2.07,1.69
2013.08.13 23:43:06.184,0.94108,0.9413,1.69,1.69
2013.08.13 23:43:08.941,0.94107,0.9413,2.44,1.69
2013.08.13 23:43:18.073,0.94107,0.94129,2.44,1.69
2013.08.13 23:43:27.571,0.94109,0.94131,2.07,1.69
2013.08.13 23:43:32.380,0.94109,0.94131,1.32,1.69
2013.08.13 23:43:50.521,0.94108,0.94131,2.07,1.69
2013.08.13 23:43:54.720,0.94108,0.94129,2.07,1.69
2013.08.13 23:43:55.427,0.94109,0.94131,1.32,2.44
2013.08.13 23:44:07.945,0.94109,0.94131,1.32,2.44
2013.08.13 23:44:08.063,0.9411,0.94131,1.32,1.69
2013.08.13 23:44:11.457,0.94107,0.94131,2.44,1.69
2013.08.13 23:44:28.300,0.94108,0.94132,2.82,2.82
2013.08.13 23:44:32.622,0.94108,0.94132,2.07,2.82
2013.08.13 23:44:48.373,0.94108,0.9413,2.82,1.69
2013.08.13 23:44:48.982,0.94109,0.94131,1.69,1.69
2013.08.13 23:44:56.967,0.94109,0.94132,3.19,2.07
2013.08.13 23:44:58.523,0.94112,0.94133,1.69,1.69
2013.08.13 23:44:59.096,0.94112,0.94134,1.69,1.69
2013.08.13 23:45:00.285,0.94112,0.94133,1.69,1.69
2013.08.13 23:45:06.494,0.94111,0.94134,2.44,2.07
2013.08.13 23:45:13.044,0.94112,0.94133,1.69,1.69
2013.08.13 23:45:18.527,0.94112,0.94133,1.69,1.69
2013.08.13 23:45:22.139,0.94114,0.94133,1.50,1.69
2013.08.13 23:45:27.173,0.94114,0.94134,1.69,1.69
2013.08.13 23:45:35.182,0.94114,0.94134,2.44,1.69
2013.08.13 23:45:54.794,0.94114,0.94135,2.82,1.69
2013.08.13 23:45:58.846,0.94114,0.94136,2.82,2.44
2013.08.13 23:46:03.953,0.94115,0.94136,1.50,1.69
2013.08.13 23:46:07.962,0.94112,0.94136,2.07,1.69
2013.08.13 23:46:08.866,0.94114,0.94136,1.32,1.69
2013.08.13 23:46:11.270,0.94114,0.94136,1.32,1.69
2013.08.13 23:46:24.913,0.94113,0.94133,1.32,1.69
2013.08.13 23:46:25.623,0.94116,0.94137,2.07,1.69
2013.08.13 23:46:26.163,0.94116,0.94136,2.82,1.69
2013.08.13 23:46:35.226,0.94116,0.94136,2.07,1.69
2013.08.13 23:46:45.374,0.94117,0.94138,1.32,1.69
2013.08.13 23:46:46.202,0.94117,0.94138,1.32,1.69
2013.08.13 23:46:50.665,0.94117,0.94139,2.82,2.44
2013.08.13 23:47:00.503,0.94117,0.94138,1.88,1.69
2013.08.13 23:47:03.823,0.94117,0.94137,1.88,2.44
2013.08.13 23:47:06.910,0.94117,0.94138,2.82,1.69
2013.08.13 23:47:13.350,0.94119,0.94138,1.32,1.69
2013.08.13 23:47:13.473,0.94121,0.94143,2.25,3.57
2013.08.13 23:47:14.083,0.94118,0.94138,1.69,1.69
2013.08.13 23:47:14.144,0.94118,0.94138,1.69,1.69
2013.08.13 23:47:16.635,0.94118,0.94139,2.07,2.44
2013.08.13 23:47:16.973,0.94119,0.94139,1.13,2.44
2013.08.13 23:47:29.557,0.94122,0.94141,1.13,2.44
2013.08.13 23:47:29.673,0.94124,0.94143,1.13,1.32
2013.08.13 23:47:30.316,0.94124,0.94142,1.13,1.69
2013.08.13 23:47:30.613,0.94121,0.94141,1.69,1.69
2013.08.13 23:47:30.673,0.9412,0.94141,2.07,1.69
2013.08.13 23:47:31.244,0.9412,0.94139,1.50,1.69
2013.08.13 23:47:37.724,0.9412,0.94138,1.69,1.69
2013.08.13 23:47:38.933,0.9412,0.9414,1.69,1.32
2013.08.13 23:47:39.733,0.94121,0.9414,1.13,1.32
2013.08.13 23:47:50.343,0.94121,0.94141,1.13,2.44
2013.08.13 23:47:50.644,0.94117,0.94138,1.69,1.69
2013.08.13 23:47:52.210,0.94117,0.94137,1.69,1.69
2013.08.13 23:47:55.883,0.94117,0.94138,2.07,1.69
2013.08.13 23:47:56.063,0.94117,0.94138,2.82,1.69
2013.08.13 23:47:56.774,0.94118,0.94138,1.32,1.69
2013.08.13 23:47:57.325,0.94121,0.94138,1.13,1.69
2013.08.13 23:47:58.963,0.9412,0.94139,1.69,1.69
2013.08.13 23:47:59.503,0.94122,0.94142,1.88,3.19
2013.08.13 23:48:00.522,0.94122,0.94142,1.50,3.19
2013.08.13 23:48:02.453,0.94121,0.9414,1.32,1.69
2013.08.13 23:48:04.936,0.9412,0.94139,1.69,1.69
2013.08.13 23:48:06.867,0.94118,0.94139,1.69,2.44
2013.08.13 23:48:12.203,0.94117,0.94139,1.69,2.82
2013.08.13 23:48:12.323,0.94116,0.94137,2.44,1.69
2013.08.13 23:48:12.624,0.94112,0.94125,1.50,1.13
2013.08.13 23:48:12.983,0.9411,0.94119,2.25,1.32
2013.08.13 23:48:13.394,0.94109,0.94121,1.50,2.07
2013.08.13 23:48:15.155,0.94101,0.94121,1.69,2.82
2013.08.13 23:48:20.813,0.94102,0.94123,1.69,1.32
2013.08.13 23:48:22.763,0.94103,0.94123,1.13,1.32
2013.08.13 23:48:50.133,0.94102,0.94123,2.44,2.07
2013.08.13 23:48:50.193,0.94102,0.94123,2.44,2.07
2013.08.13 23:48:54.088,0.94102,0.94122,1.50,2.07
2013.08.13 23:49:13.051,0.94102,0.94124,1.50,2.44
2013.08.13 23:49:14.851,0.94102,0.94122,1.50,1.32
2013.08.13 23:49:20.793,0.94102,0.94123,2.25,1.69
2013.08.13 23:49:26.753,0.94102,0.94124,1.69,3.00
2013.08.13 23:49:27.104,0.94105,0.94124,1.50,1.13
2013.08.13 23:49:35.051,0.94106,0.94123,1.13,1.32
2013.08.13 23:49:36.840,0.94105,0.94123,2.25,1.69
2013.08.13 23:49:36.974,0.94106,0.94126,1.69,1.32
2013.08.13 23:49:37.759,0.94106,0.94128,1.69,2.07
2013.08.13 23:49:38.025,0.94107,0.94127,1.69,1.69
2013.08.13 23:49:45.854,0.94107,0.94129,2.44,3.19
2013.08.13 23:49:46.034,0.94111,0.94129,2.44,2.25
2013.08.13 23:49:46.394,0.94116,0.94135,2.07,2.63
2013.08.13 23:49:46.513,0.94113,0.94135,2.44,2.63
2013.08.13 23:49:46.573,0.94117,0.94135,1.50,1.13
2013.08.13 23:49:46.834,0.94114,0.94135,1.69,1.50
2013.08.13 23:49:48.896,0.94111,0.94133,2.44,1.50
2013.08.13 23:49:50.302,0.94111,0.94133,2.44,1.50
2013.08.13 23:49:50.484,0.94115,0.94135,1.50,1.69
2013.08.13 23:49:50.785,0.94125,0.94135,1.32,1.13
2013.08.13 23:49:51.325,0.94122,0.94137,2.44,1.88
2013.08.13 23:49:51.384,0.94123,0.94137,1.69,1.88
2013.08.13 23:49:51.752,0.94126,0.94137,1.69,1.88
2013.08.13 23:49:52.245,0.94125,0.94145,2.44,1.69
2013.08.13 23:49:52.513,0.94125,0.94145,2.44,1.69
2013.08.13 23:49:53.026,0.94125,0.94145,2.44,1.69
2013.08.13 23:49:53.544,0.94126,0.94147,1.32,2.44
2013.08.13 23:49:56.243,0.94126,0.94145,1.69,1.69
2013.08.13 23:49:57.244,0.94126,0.94145,1.50,2.07
2013.08.13 23:50:00.941,0.94126,0.94144,1.50,1.32
2013.08.13 23:50:01.750,0.94127,0.94146,1.69,1.69
2013.08.13 23:50:02.528,0.94126,0.94143,1.69,1.50
2013.08.13 23:50:06.223,0.94125,0.94145,1.69,1.69
2013.08.13 23:50:12.996,0.94125,0.94145,1.69,2.44
2013.08.13 23:50:18.283,0.94125,0.94146,2.44,2.07
2013.08.13 23:50:18.474,0.94126,0.94146,1.69,1.88
2013.08.13 23:50:18.664,0.94124,0.94146,2.82,1.69
2013.08.13 23:50:18.844,0.94124,0.94145,2.44,1.69
2013.08.13 23:50:26.103,0.94123,0.94144,2.44,1.69
2013.08.13 23:50:28.162,0.94124,0.94144,1.69,1.69
2013.08.13 23:50:29.134,0.94121,0.94143,3.19,2.25
2013.08.13 23:50:39.014,0.94121,0.94143,2.44,3.57
2013.08.13 23:50:40.584,0.94121,0.94142,2.44,1.69
2013.08.13 23:50:41.688,0.94121,0.94143,2.44,3.57
2013.08.13 23:50:43.183,0.94121,0.94141,1.69,1.69
2013.08.13 23:50:43.243,0.94119,0.94139,2.07,1.69
2013.08.13 23:50:43.484,0.94119,0.94138,1.32,2.25
2013.08.13 23:50:43.848,0.94113,0.94134,3.19,1.69
2013.08.13 23:50:43.914,0.94113,0.94128,2.25,1.32
2013.08.13 23:50:44.285,0.94112,0.94128,1.13,1.32
2013.08.13 23:50:49.647,0.94109,0.94128,1.50,1.32
2013.08.13 23:50:49.764,0.94106,0.94128,2.44,1.32
2013.08.13 23:50:50.064,0.94107,0.94129,1.69,1.32
2013.08.13 23:50:50.244,0.94109,0.94129,1.69,1.13
2013.08.13 23:50:50.794,0.94112,0.94133,1.69,1.32
2013.08.13 23:50:53.034,0.94113,0.94134,1.69,1.32
2013.08.13 23:50:53.273,0.94116,0.94138,1.69,3.94
2013.08.13 23:50:54.784,0.94114,0.94134,1.69,2.44
2013.08.13 23:50:58.814,0.94113,0.94134,1.69,2.07
2013.08.13 23:50:59.865,0.94114,0.94134,1.69,2.44
2013.08.13 23:51:00.183,0.94114,0.94134,1.69,2.44
2013.08.13 23:51:01.253,0.94111,0.94133,3.94,2.07
2013.08.13 23:51:06.081,0.94111,0.94133,2.44,2.07
2013.08.13 23:51:08.693,0.94111,0.94133,3.94,2.07
2013.08.13 23:51:09.688,0.94114,0.94134,1.69,2.44
2013.08.13 23:51:10.043,0.94114,0.94134,1.69,2.44
2013.08.13 23:51:10.139,0.94114,0.94134,1.69,2.44
2013.08.13 23:51:15.873,0.94114,0.94134,2.44,2.44
2013.08.13 23:51:24.853,0.94111,0.94132,2.44,2.82
2013.08.13 23:51:24.973,0.9411,0.94128,2.44,1.13
2013.08.13 23:51:25.623,0.9411,0.94128,2.44,1.13
2013.08.13 23:51:25.744,0.9411,0.94128,1.50,2.07
2013.08.13 23:51:25.874,0.94106,0.94128,2.44,2.07
2013.08.13 23:51:25.934,0.94106,0.94128,2.44,2.07
2013.08.13 23:51:27.074,0.94107,0.94128,1.69,2.07
2013.08.13 23:51:27.709,0.94109,0.94128,1.50,2.07
2013.08.13 23:51:28.997,0.94108,0.94128,1.69,2.44
2013.08.13 23:51:29.502,0.94107,0.94128,1.69,2.44
2013.08.13 23:51:30.439,0.94107,0.94128,1.69,2.44
2013.08.13 23:51:32.854,0.94107,0.94128,2.44,1.69
2013.08.13 23:51:32.973,0.94107,0.9413,2.44,2.44
2013.08.13 23:51:33.034,0.94107,0.9413,2.44,1.69
2013.08.13 23:51:40.281,0.94112,0.94134,1.69,2.07
2013.08.13 23:51:47.714,0.94112,0.94127,1.50,1.32
2013.08.13 23:51:47.834,0.94109,0.94127,1.50,1.32
2013.08.13 23:51:52.707,0.94109,0.9413,1.69,1.69
2013.08.13 23:51:52.824,0.9411,0.9413,1.69,1.50
2013.08.13 23:51:56.921,0.94111,0.94134,1.69,2.82
2013.08.13 23:51:59.098,0.94111,0.94133,1.69,1.69
2013.08.13 23:52:00.084,0.94112,0.94133,1.32,1.32
2013.08.13 23:52:00.729,0.94112,0.94134,2.07,1.69
2013.08.13 23:52:01.984,0.94112,0.94131,1.32,1.32
2013.08.13 23:52:02.536,0.9411,0.9413,2.07,2.07
2013.08.13 23:52:04.884,0.94108,0.94128,3.57,2.07
2013.08.13 23:52:05.452,0.94108,0.94128,3.57,2.07
2013.08.13 23:52:07.025,0.94108,0.9413,3.19,1.69
2013.08.13 23:52:08.955,0.94108,0.9413,2.07,1.69
2013.08.13 23:52:11.134,0.9411,0.9413,1.32,1.32
2013.08.13 23:52:11.314,0.94111,0.94132,2.07,1.32
2013.08.13 23:52:16.504,0.94111,0.94134,5.07,2.07
2013.08.13 23:52:16.759,0.94114,0.94135,2.44,1.32
2013.08.13 23:52:18.384,0.94117,0.94134,1.50,2.07
2013.08.13 23:52:18.444,0.94114,0.94134,2.44,2.82
2013.08.13 23:52:18.984,0.94114,0.94134,1.69,2.82
2013.08.13 23:52:19.949,0.94114,0.94134,1.69,2.82
2013.08.13 23:52:20.004,0.94112,0.9413,1.69,1.32
2013.08.13 23:52:20.125,0.94111,0.9413,1.69,1.32
2013.08.13 23:52:25.424,0.9411,0.94131,1.32,1.32
2013.08.13 23:52:25.484,0.9411,0.94131,1.32,1.32
2013.08.13 23:52:26.464,0.94109,0.94129,2.44,1.32
2013.08.13 23:52:27.054,0.94109,0.94128,1.69,1.32
2013.08.13 23:52:27.114,0.94109,0.94128,1.69,1.32
2013.08.13 23:52:27.234,0.94109,0.94131,2.44,1.32
2013.08.13 23:52:27.354,0.94112,0.94131,1.50,1.32
2013.08.13 23:52:28.087,0.94112,0.94131,1.50,1.32
2013.08.13 23:52:45.584,0.94112,0.94129,1.50,1.13
2013.08.13 23:52:46.044,0.9411,0.94128,1.69,1.13
2013.08.13 23:52:58.384,0.9411,0.94128,1.50,1.32
2013.08.13 23:53:13.234,0.9411,0.94128,1.69,1.13
2013.08.13 23:53:18.150,0.9411,0.94128,1.69,1.32
2013.08.13 23:53:25.884,0.9411,0.94128,1.69,1.32
2013.08.13 23:53:26.655,0.94108,0.94128,1.69,1.88
2013.08.13 23:53:26.776,0.94107,0.94128,2.44,1.13
2013.08.13 23:53:26.834,0.94107,0.94129,1.50,2.44
2013.08.13 23:53:26.895,0.94106,0.94126,1.69,1.50
2013.08.13 23:53:27.074,0.94104,0.94126,1.69,1.13
2013.08.13 23:53:28.504,0.94106,0.94129,1.69,2.44
2013.08.13 23:53:28.805,0.94106,0.94127,1.69,1.69
2013.08.13 23:53:29.044,0.94105,0.94127,1.69,2.44
2013.08.13 23:53:31.754,0.94107,0.94127,1.69,1.69
2013.08.13 23:53:34.214,0.94107,0.94127,1.69,1.32
2013.08.13 23:53:46.904,0.9411,0.94128,1.69,1.50
2013.08.13 23:53:47.304,0.9411,0.94132,2.82,1.69
2013.08.13 23:53:48.280,0.9411,0.94132,2.82,1.69
2013.08.13 23:53:51.494,0.94111,0.94133,1.69,2.44
2013.08.13 23:53:56.547,0.94111,0.94133,1.69,2.44
2013.08.13 23:53:56.724,0.94112,0.94133,2.07,1.69
2013.08.13 23:53:57.894,0.94112,0.94133,1.69,2.44
2013.08.13 23:53:58.424,0.94111,0.94133,2.07,3.19
2013.08.13 23:54:00.736,0.94111,0.94129,2.07,1.50
2013.08.13 23:54:08.237,0.94111,0.94129,2.07,1.50
2013.08.13 23:54:11.968,0.94111,0.94129,2.07,1.69
2013.08.13 23:54:12.754,0.9411,0.94129,1.32,3.19
2013.08.13 23:54:13.120,0.94106,0.94124,2.44,1.50
2013.08.13 23:54:14.024,0.94106,0.94128,3.19,1.69
2013.08.13 23:54:14.324,0.94106,0.94123,2.44,1.50
2013.08.13 23:54:14.385,0.94105,0.94123,1.32,1.69
2013.08.13 23:54:15.854,0.94105,0.94125,2.07,1.69
2013.08.13 23:54:17.348,0.94105,0.94125,2.07,1.69
2013.08.13 23:54:17.468,0.94104,0.94123,1.50,1.69
2013.08.13 23:54:24.827,0.94104,0.94124,1.69,2.07
2013.08.13 23:54:25.064,0.94105,0.94125,1.69,2.44
2013.08.13 23:54:27.165,0.94105,0.94123,1.69,1.32
2013.08.13 23:54:27.226,0.94104,0.94123,1.69,1.32
2013.08.13 23:54:27.975,0.94102,0.94121,2.44,1.13
2013.08.13 23:54:28.376,0.94102,0.94124,1.69,2.82
2013.08.13 23:54:28.915,0.94104,0.94124,1.69,2.07
2013.08.13 23:54:29.365,0.94104,0.94124,2.07,2.07
2013.08.13 23:54:30.474,0.94107,0.94124,1.50,1.32
2013.08.13 23:54:30.864,0.94107,0.94128,1.32,3.19
2013.08.13 23:54:30.924,0.94108,0.94128,1.13,2.44
2013.08.13 23:54:31.045,0.94109,0.9413,1.69,1.32
2013.08.13 23:54:41.005,0.9411,0.94132,1.69,2.82
2013.08.13 23:54:42.779,0.9411,0.94132,1.69,2.07
2013.08.13 23:54:43.345,0.94109,0.94131,2.44,1.69
2013.08.13 23:54:43.984,0.94109,0.94129,2.44,2.07
2013.08.13 23:54:47.615,0.94108,0.94127,1.69,1.69
2013.08.13 23:54:48.614,0.94103,0.94123,1.69,1.32
2013.08.13 23:54:48.794,0.94101,0.94121,3.57,1.69
2013.08.13 23:54:49.295,0.94098,0.94119,1.69,2.07
2013.08.13 23:54:50.113,0.94098,0.94119,1.69,1.13
2013.08.13 23:54:50.335,0.94101,0.94122,1.50,1.32
2013.08.13 23:54:56.545,0.94102,0.94122,2.44,1.32
2013.08.13 23:54:56.795,0.94102,0.9412,1.69,1.13
2013.08.13 23:54:56.974,0.94102,0.94119,2.07,1.13
2013.08.13 23:54:57.574,0.94102,0.94123,2.82,1.69
2013.08.13 23:54:58.285,0.94104,0.94126,2.07,2.44
2013.08.13 23:55:02.250,0.94106,0.94126,1.32,2.44
2013.08.13 23:55:02.633,0.94106,0.94126,2.07,1.69
2013.08.13 23:55:02.814,0.94108,0.94128,1.32,1.50
2013.08.13 23:55:03.154,0.94108,0.94128,1.32,1.50
2013.08.13 23:55:09.403,0.9411,0.94131,2.44,1.69
2013.08.13 23:55:10.089,0.9411,0.94131,2.07,1.69
2013.08.13 23:55:12.178,0.9411,0.94131,1.88,1.69
2013.08.13 23:55:15.514,0.9411,0.94131,2.82,1.69
2013.08.13 23:55:15.574,0.9411,0.94131,2.82,1.69
2013.08.13 23:55:16.134,0.94111,0.94131,1.69,1.32
2013.08.13 23:55:26.019,0.94112,0.94131,2.44,1.13
2013.08.13 23:55:29.037,0.94112,0.94131,1.69,1.32
2013.08.13 23:55:31.744,0.94112,0.94133,2.44,2.44
2013.08.13 23:55:31.805,0.94113,0.94133,1.69,1.69
2013.08.13 23:55:33.425,0.94112,0.94132,2.44,1.69
2013.08.13 23:55:33.605,0.94112,0.94132,1.69,1.69
2013.08.13 23:55:34.136,0.94112,0.94132,2.07,1.69
2013.08.13 23:55:34.779,0.94112,0.94129,2.07,1.13
2013.08.13 23:55:35.135,0.94106,0.94125,2.44,1.32
2013.08.13 23:55:35.194,0.94106,0.94125,2.44,1.32
2013.08.13 23:55:42.285,0.94106,0.94125,2.07,1.32
2013.08.13 23:55:44.214,0.94106,0.94125,2.82,1.32
2013.08.13 23:55:47.925,0.94106,0.94125,2.07,2.07
2013.08.13 23:55:48.415,0.94107,0.94127,1.32,1.32
2013.08.13 23:55:48.946,0.94109,0.94129,2.82,1.32
2013.08.13 23:55:49.276,0.94109,0.94129,2.82,1.32
2013.08.13 23:55:50.444,0.94109,0.9413,2.82,2.07
2013.08.13 23:55:51.115,0.94111,0.9413,1.32,1.13
2013.08.13 23:55:59.085,0.94112,0.9413,1.32,1.13
2013.08.13 23:56:04.144,0.94109,0.9413,2.82,1.13
2013.08.13 23:56:12.714,0.94111,0.94131,1.32,1.88
2013.08.13 23:56:14.124,0.94116,0.94134,1.32,2.07
2013.08.13 23:56:15.679,0.94117,0.94134,1.32,1.88
2013.08.13 23:56:19.096,0.94115,0.94134,2.82,1.88
2013.08.13 23:56:22.145,0.94117,0.94135,1.32,1.50
2013.08.13 23:56:22.685,0.94118,0.94134,1.32,1.50
2013.08.13 23:56:26.297,0.94116,0.94134,1.32,1.69
2013.08.13 23:56:27.335,0.94114,0.94133,2.07,1.13
2013.08.13 23:56:27.455,0.94113,0.94131,2.07,1.32
2013.08.13 23:56:27.515,0.9411,0.94131,3.57,1.32
2013.08.13 23:56:28.040,0.9411,0.94129,2.07,2.25
2013.08.13 23:56:40.585,0.94112,0.94131,1.32,1.13
2013.08.13 23:56:43.095,0.94111,0.94131,1.32,1.50
2013.08.13 23:56:43.800,0.9411,0.94129,1.32,1.50
2013.08.13 23:56:46.025,0.94111,0.94131,1.32,1.50
2013.08.13 23:56:47.845,0.94111,0.94133,2.07,1.69
2013.08.13 23:56:48.376,0.94112,0.94133,1.32,1.50
2013.08.13 23:56:59.099,0.94111,0.94133,2.07,1.69
2013.08.13 23:57:03.005,0.94112,0.94133,1.32,2.44
2013.08.13 23:57:08.720,0.94112,0.94133,2.07,1.69
2013.08.13 23:57:11.429,0.94112,0.94133,2.07,1.69
2013.08.13 23:57:17.773,0.94112,0.94133,1.32,1.69
2013.08.13 23:57:20.204,0.94112,0.94132,2.07,1.69
2013.08.13 23:57:25.187,0.94112,0.94133,1.32,1.69
2013.08.13 23:57:27.375,0.94111,0.94131,2.07,1.50
2013.08.13 23:57:27.925,0.9411,0.94131,1.32,1.69
2013.08.13 23:57:29.956,0.94112,0.94133,1.69,2.07
2013.08.13 23:57:32.585,0.94112,0.94133,1.50,1.69
2013.08.13 23:57:37.105,0.94113,0.94133,1.13,1.69
2013.08.13 23:57:37.165,0.94116,0.94134,1.32,1.69
2013.08.13 23:57:37.525,0.94119,0.94136,1.50,1.69
2013.08.13 23:57:39.095,0.94119,0.94137,1.50,1.69
2013.08.13 23:57:41.654,0.94119,0.94139,1.69,1.32
2013.08.13 23:57:43.860,0.94119,0.94139,1.69,1.32
2013.08.13 23:57:45.075,0.94119,0.9414,1.69,2.44
2013.08.13 23:57:46.184,0.94119,0.94141,2.44,2.82
2013.08.13 23:57:50.176,0.94119,0.94141,1.69,4.32
2013.08.13 23:57:53.584,0.94119,0.94141,1.69,4.32
2013.08.13 23:57:55.105,0.94119,0.94141,2.44,2.82
2013.08.13 23:57:56.315,0.94119,0.94139,2.44,1.32
2013.08.13 23:57:56.435,0.94117,0.94133,2.44,1.13
2013.08.13 23:57:56.555,0.94115,0.94133,1.69,1.32
2013.08.13 23:57:57.126,0.94116,0.94134,1.69,1.32
2013.08.13 23:57:57.635,0.94116,0.94134,1.69,1.69
2013.08.13 23:58:01.416,0.94115,0.94134,1.69,2.44
2013.08.13 23:58:05.425,0.94115,0.94133,1.50,1.32
2013.08.13 23:58:11.465,0.94115,0.94134,1.50,2.44
2013.08.13 23:58:12.555,0.94115,0.94134,1.50,2.07
2013.08.13 23:58:12.943,0.94115,0.94134,1.69,1.13
2013.08.13 23:58:17.247,0.94115,0.94134,1.50,1.32
2013.08.13 23:58:19.063,0.94115,0.94134,1.50,2.07
2013.08.13 23:58:23.915,0.94115,0.94133,1.50,1.32
2013.08.13 23:58:24.035,0.94112,0.94131,1.69,1.32
2013.08.13 23:58:26.086,0.94111,0.9413,1.32,1.32
2013.08.13 23:58:26.265,0.94109,0.94129,2.07,1.32
2013.08.13 23:58:27.594,0.94111,0.94131,1.13,2.82
2013.08.13 23:58:28.142,0.94112,0.9413,1.69,1.32
2013.08.13 23:58:36.635,0.94111,0.94126,1.50,1.69
2013.08.13 23:58:36.820,0.94107,0.94126,1.69,2.07
2013.08.13 23:58:37.515,0.94107,0.94128,2.44,1.69
2013.08.13 23:58:37.840,0.9411,0.94128,1.50,1.69
2013.08.13 23:58:37.965,0.9411,0.94129,1.50,1.69
2013.08.13 23:58:40.615,0.94111,0.94131,1.69,1.32
2013.08.13 23:58:48.055,0.94111,0.94133,1.69,2.07
2013.08.13 23:58:49.115,0.94111,0.94132,1.69,1.69
2013.08.13 23:58:49.565,0.94111,0.94133,1.69,1.32
2013.08.13 23:58:49.745,0.94115,0.94134,1.50,2.07
2013.08.13 23:58:51.793,0.94115,0.94134,1.50,1.69
2013.08.13 23:58:52.569,0.94112,0.94132,1.69,1.69
2013.08.13 23:58:53.285,0.94112,0.94133,2.44,1.69
2013.08.13 23:58:53.885,0.94112,0.94133,3.19,1.69
2013.08.13 23:58:53.946,0.94112,0.94133,2.25,1.69
2013.08.13 23:58:56.145,0.94112,0.94129,1.50,2.07
2013.08.13 23:58:56.325,0.94108,0.94128,2.07,1.32
2013.08.13 23:58:59.151,0.94106,0.94126,2.82,1.32
2013.08.13 23:58:59.538,0.94106,0.94126,2.44,1.32
2013.08.13 23:58:59.977,0.94103,0.94124,1.69,2.82
2013.08.13 23:59:00.623,0.94101,0.94121,2.07,1.69
2013.08.13 23:59:01.210,0.94103,0.94123,1.69,1.69
2013.08.13 23:59:02.605,0.94106,0.94125,1.69,1.88
2013.08.13 23:59:02.965,0.94115,0.94129,2.44,1.13
2013.08.13 23:59:03.107,0.94115,0.94134,2.44,3.75
2013.08.13 23:59:09.366,0.94115,0.94135,2.44,1.50
2013.08.13 23:59:13.110,0.94116,0.94137,2.44,2.82
2013.08.13 23:59:15.320,0.94115,0.94137,2.44,2.44
2013.08.13 23:59:16.850,0.94116,0.94137,2.44,2.44
2013.08.13 23:59:17.836,0.94116,0.94137,2.44,2.44
2013.08.13 23:59:17.955,0.94115,0.94128,1.69,1.13
2013.08.13 23:59:18.075,0.94112,0.94128,1.69,1.13
2013.08.13 23:59:18.197,0.94112,0.94128,1.69,1.13
2013.08.13 23:59:18.965,0.94114,0.94135,1.69,2.44
2013.08.13 23:59:19.559,0.94114,0.94135,1.69,1.69
2013.08.13 23:59:21.875,0.94114,0.94135,1.69,1.69
2013.08.13 23:59:22.476,0.94111,0.94132,1.32,3.19
2013.08.13 23:59:24.907,0.94111,0.94132,1.32,2.44
2013.08.13 23:59:42.255,0.94109,0.94129,2.07,2.44
2013.08.13 23:59:54.050,0.9411,0.94131,2.44,1.69
2013.08.13 23:59:56.296,0.94113,0.94132,3.94,2.44
2013.08.13 23:59:56.355,0.94114,0.94132,1.69,1.69
2013.08.13 23:59:57.014,0.94115,0.94134,1.32,1.69
2013.08.13 23:59:57.567,0.94117,0.94134,1.50,1.69
2013.08.13 23:59:57.795,0.94117,0.94138,1.69,2.07
2013.08.13 23:59:59.194,0.94118,0.94139,1.69,1.69
