2011.10.03 10:00:00.771,1.00854,1.00878,2.06,1.50
2011.10.03 10:00:00.998,1.00853,1.00878,2.06,1.50
2011.10.03 10:00:01.344,1.00852,1.00876,1.31,1.50
2011.10.03 10:00:01.571,1.00845,1.00871,1.50,1.50
2011.10.03 10:00:06.017,1.00846,1.00871,1.31,1.50
2011.10.03 10:00:06.632,1.00846,1.0087,1.31,1.35
2011.10.03 10:00:06.979,1.00841,1.00868,1.69,1.50
2011.10.03 10:00:07.103,1.00851,1.00878,1.50,2.25
2011.10.03 10:00:07.223,1.00856,1.00879,1.50,1.50
2011.10.03 10:00:07.451,1.00856,1.00882,1.50,1.35
2011.10.03 10:00:07.571,1.00856,1.00884,1.50,2.25
2011.10.03 10:00:10.211,1.00858,1.00884,1.91,1.50
2011.10.03 10:00:10.835,1.00864,1.00889,1.35,1.50
2011.10.03 10:00:10.949,1.00867,1.00893,1.35,1.50
2011.10.03 10:00:11.179,1.00871,1.00896,1.50,1.50
2011.10.03 10:00:11.744,1.00867,1.00889,1.16,1.50
2011.10.03 10:00:11.858,1.00864,1.00889,2.06,1.50
2011.10.03 10:00:12.410,1.00863,1.00889,1.31,1.50
2011.10.03 10:00:13.169,1.00861,1.00889,1.91,1.50
2011.10.03 10:00:13.399,1.00864,1.00886,1.31,1.50
2011.10.03 10:00:13.520,1.00864,1.00888,1.31,1.50
2011.10.03 10:00:14.080,1.00859,1.00884,1.31,1.50
2011.10.03 10:00:14.568,1.00857,1.00884,1.31,1.50
2011.10.03 10:00:17.460,1.00857,1.00878,1.31,1.50
2011.10.03 10:00:17.947,1.00857,1.00882,2.06,1.50
2011.10.03 10:00:18.735,1.00852,1.00881,1.31,1.50
2011.10.03 10:00:18.851,1.00856,1.00882,1.50,1.50
2011.10.03 10:00:21.501,1.00845,1.00871,2.06,1.50
2011.10.03 10:00:21.841,1.00839,1.00869,1.50,1.50
2011.10.03 10:00:22.212,1.00845,1.00871,1.50,1.50
2011.10.03 10:00:25.401,1.00852,1.00878,1.50,1.50
2011.10.03 10:00:25.738,1.00846,1.00874,1.50,1.50
2011.10.03 10:00:26.543,1.00853,1.00879,1.50,1.50
2011.10.03 10:00:26.774,1.00845,1.0087,1.31,1.50
2011.10.03 10:00:27.109,1.00844,1.0087,2.06,1.50
2011.10.03 10:00:28.121,1.00845,1.0087,1.13,1.50
2011.10.03 10:00:28.356,1.00859,1.00884,1.50,1.50
2011.10.03 10:00:28.471,1.00848,1.00876,3.75,1.50
2011.10.03 10:00:28.809,1.00853,1.00881,1.50,1.50
2011.10.03 10:00:28.930,1.00851,1.00881,2.06,1.50
2011.10.03 10:00:29.049,1.00851,1.00876,1.31,1.50
2011.10.03 10:00:33.470,1.00851,1.00876,1.31,1.50
2011.10.03 10:00:34.130,1.00851,1.00876,1.31,1.50
2011.10.03 10:00:34.580,1.00854,1.00876,1.50,1.50
2011.10.03 10:00:34.918,1.00854,1.00876,2.06,1.50
2011.10.03 10:00:35.332,1.00854,1.0088,1.50,1.50
2011.10.03 10:00:36.200,1.00845,1.00871,1.69,1.50
2011.10.03 10:00:36.431,1.00844,1.00871,2.81,1.50
2011.10.03 10:00:38.670,1.0085,1.00876,1.50,1.50
2011.10.03 10:00:38.793,1.00844,1.0087,2.06,1.50
2011.10.03 10:00:38.920,1.00851,1.00879,1.50,1.50
2011.10.03 10:00:39.942,1.00858,1.00884,1.50,1.50
2011.10.03 10:00:41.802,1.00853,1.00879,1.50,1.50
2011.10.03 10:00:42.031,1.00849,1.00875,1.31,1.50
2011.10.03 10:00:42.551,1.00847,1.00875,1.50,1.50
2011.10.03 10:00:46.588,1.00844,1.0087,1.31,1.50
2011.10.03 10:00:46.713,1.00847,1.00875,1.50,1.50
2011.10.03 10:00:54.321,1.00852,1.00879,1.13,1.50
2011.10.03 10:00:54.551,1.00859,1.00883,1.50,1.50
2011.10.03 10:00:54.890,1.00851,1.00879,2.06,1.50
2011.10.03 10:00:58.142,1.00847,1.00871,2.06,1.50
2011.10.03 10:00:58.261,1.00846,1.00871,2.06,1.50
2011.10.03 10:01:00.286,1.00847,1.00871,2.10,1.50
2011.10.03 10:01:00.510,1.0085,1.00877,1.35,1.50
2011.10.03 10:01:00.740,1.00852,1.00881,1.50,1.50
2011.10.03 10:01:00.950,1.00855,1.00881,1.50,1.50
2011.10.03 10:01:08.566,1.00856,1.00881,1.50,1.50
2011.10.03 10:01:12.767,1.00855,1.00881,1.50,2.10
2011.10.03 10:01:17.718,1.00856,1.00881,1.50,1.50
2011.10.03 10:01:18.290,1.00855,1.00881,1.50,1.50
2011.10.03 10:01:29.433,1.00859,1.00888,2.85,1.50
2011.10.03 10:01:29.551,1.00869,1.00893,1.50,2.25
2011.10.03 10:01:29.984,1.00864,1.00889,1.50,1.35
2011.10.03 10:01:30.105,1.00863,1.00889,1.50,2.10
2011.10.03 10:01:31.060,1.00858,1.00884,1.50,1.50
2011.10.03 10:01:33.830,1.00862,1.0089,1.50,1.50
2011.10.03 10:01:34.629,1.00858,1.00884,1.50,1.50
2011.10.03 10:01:36.971,1.00858,1.00892,3.23,2.10
2011.10.03 10:01:37.093,1.00869,1.00892,1.50,1.35
2011.10.03 10:01:37.430,1.00869,1.00895,1.50,1.50
2011.10.03 10:01:47.467,1.00869,1.00894,1.50,1.50
2011.10.03 10:01:48.111,1.00864,1.0089,1.50,1.50
2011.10.03 10:01:49.770,1.00866,1.00896,1.50,1.50
2011.10.03 10:01:49.891,1.00868,1.00896,1.50,1.50
2011.10.03 10:01:56.249,1.00873,1.00898,1.50,1.50
2011.10.03 10:02:04.582,1.00869,1.00895,1.50,1.50
2011.10.03 10:02:04.701,1.00869,1.00898,1.50,1.50
2011.10.03 10:02:04.817,1.00874,1.009,1.50,1.50
2011.10.03 10:02:18.159,1.00878,1.00906,1.50,1.50
2011.10.03 10:02:20.710,1.00885,1.00909,1.50,1.50
2011.10.03 10:02:21.540,1.00885,1.0091,1.50,1.50
2011.10.03 10:02:21.773,1.00879,1.00905,1.50,1.50
2011.10.03 10:02:28.950,1.00878,1.00903,1.31,1.50
2011.10.03 10:02:29.069,1.00875,1.009,1.31,1.50
2011.10.03 10:02:29.298,1.00874,1.009,1.50,1.50
2011.10.03 10:02:31.966,1.00872,1.009,1.31,1.50
2011.10.03 10:02:32.081,1.00868,1.00896,2.06,1.50
2011.10.03 10:02:32.357,1.00868,1.00899,2.06,1.50
2011.10.03 10:02:32.487,1.00874,1.009,1.50,1.50
2011.10.03 10:02:32.859,1.00869,1.00895,1.50,1.50
2011.10.03 10:02:33.571,1.00869,1.00898,1.50,1.50
2011.10.03 10:02:33.689,1.00874,1.009,1.50,1.50
2011.10.03 10:02:35.617,1.00878,1.00904,1.50,1.35
2011.10.03 10:02:35.741,1.00874,1.009,1.50,1.50
2011.10.03 10:02:36.442,1.00872,1.00898,1.31,1.50
2011.10.03 10:02:36.613,1.00871,1.00895,1.31,1.50
2011.10.03 10:02:37.113,1.00869,1.00895,1.50,1.50
2011.10.03 10:02:38.559,1.00874,1.009,1.50,1.50
2011.10.03 10:02:48.750,1.0087,1.00895,1.31,1.50
2011.10.03 10:02:49.774,1.0087,1.00895,1.31,1.50
2011.10.03 10:02:51.714,1.0087,1.00895,1.31,1.50
2011.10.03 10:02:52.268,1.00874,1.009,2.06,1.50
2011.10.03 10:02:52.500,1.00878,1.00906,1.31,1.50
2011.10.03 10:02:52.621,1.00879,1.00906,1.31,1.50
2011.10.03 10:02:55.540,1.0088,1.00906,1.35,1.50
2011.10.03 10:02:55.879,1.00883,1.00911,1.50,1.50
2011.10.03 10:02:56.217,1.00886,1.00911,1.31,1.50
2011.10.03 10:02:56.818,1.00889,1.00917,1.50,1.50
2011.10.03 10:03:05.210,1.00895,1.00923,1.50,2.25
2011.10.03 10:03:07.601,1.00892,1.00918,1.31,1.50
2011.10.03 10:03:10.471,1.00893,1.00924,1.50,2.25
2011.10.03 10:03:10.591,1.00896,1.00924,1.50,2.25
2011.10.03 10:03:11.461,1.00891,1.00917,1.50,1.50
2011.10.03 10:03:11.912,1.00888,1.00917,2.06,1.50
2011.10.03 10:03:12.032,1.00888,1.00912,1.31,1.50
2011.10.03 10:03:14.261,1.00892,1.00918,1.50,1.50
2011.10.03 10:03:15.802,1.00888,1.00913,1.91,1.50
2011.10.03 10:03:15.920,1.00888,1.00913,1.35,1.50
2011.10.03 10:03:16.041,1.00888,1.00917,1.35,1.50
2011.10.03 10:03:16.161,1.00892,1.00918,1.50,1.50
2011.10.03 10:03:18.620,1.00887,1.00911,1.31,1.35
2011.10.03 10:03:18.960,1.00886,1.00913,1.31,1.50
2011.10.03 10:03:19.082,1.00891,1.00919,1.31,1.50
2011.10.03 10:03:19.642,1.00887,1.00915,1.50,1.50
2011.10.03 10:03:22.730,1.00896,1.00922,1.50,1.50
2011.10.03 10:03:23.081,1.00892,1.00918,1.50,1.50
2011.10.03 10:03:25.271,1.00897,1.00924,1.50,1.50
2011.10.03 10:03:25.729,1.00891,1.00917,2.06,1.50
2011.10.03 10:03:33.381,1.00891,1.00921,2.06,1.50
2011.10.03 10:03:33.723,1.009,1.00926,1.50,1.50
2011.10.03 10:03:33.952,1.009,1.00928,1.50,1.50
2011.10.03 10:03:37.280,1.00906,1.00928,1.50,1.35
2011.10.03 10:03:37.619,1.00895,1.00919,1.31,1.50
2011.10.03 10:03:37.970,1.00889,1.00914,1.31,1.50
2011.10.03 10:03:38.089,1.00889,1.00914,1.31,1.50
2011.10.03 10:03:38.572,1.00894,1.00921,1.35,1.50
2011.10.03 10:03:38.691,1.00895,1.00921,1.50,1.50
2011.10.03 10:03:38.812,1.00893,1.00915,1.16,1.50
2011.10.03 10:03:39.155,1.00894,1.00922,1.50,1.50
2011.10.03 10:03:39.274,1.00889,1.00915,1.31,1.50
2011.10.03 10:03:39.829,1.00889,1.00915,1.31,1.50
2011.10.03 10:03:40.179,1.00887,1.00915,2.06,1.50
2011.10.03 10:03:53.480,1.00893,1.00919,1.50,1.35
2011.10.03 10:03:54.149,1.00893,1.00921,1.50,1.50
2011.10.03 10:03:54.878,1.00904,1.00921,1.35,1.50
2011.10.03 10:03:55.110,1.00917,1.00933,1.50,3.00
2011.10.03 10:03:55.340,1.00909,1.00934,1.50,1.50
2011.10.03 10:03:55.463,1.00909,1.00935,2.06,1.50
2011.10.03 10:03:55.910,1.00905,1.0093,1.31,1.50
2011.10.03 10:03:56.359,1.00903,1.0093,1.31,1.50
2011.10.03 10:04:04.076,1.00905,1.0093,1.31,1.50
2011.10.03 10:04:04.198,1.00913,1.00938,1.50,1.50
2011.10.03 10:04:04.429,1.00913,1.00937,1.50,1.35
2011.10.03 10:04:04.555,1.00907,1.00933,1.50,1.50
2011.10.03 10:04:06.653,1.00913,1.00936,1.50,1.50
2011.10.03 10:04:06.921,1.00913,1.00939,1.50,1.50
2011.10.03 10:04:07.499,1.00909,1.00939,1.50,1.50
2011.10.03 10:04:07.622,1.00907,1.00935,1.50,1.50
2011.10.03 10:04:07.965,1.00904,1.00929,1.31,1.50
2011.10.03 10:04:08.300,1.00908,1.00934,1.50,1.50
2011.10.03 10:04:10.089,1.00904,1.00928,1.31,1.50
2011.10.03 10:04:10.762,1.00904,1.00928,1.31,1.50
2011.10.03 10:04:12.099,1.00904,1.00928,1.31,1.50
2011.10.03 10:04:13.278,1.00904,1.00928,1.31,1.50
2011.10.03 10:04:13.732,1.00895,1.00919,1.31,1.50
2011.10.03 10:04:13.850,1.00894,1.00919,1.31,1.50
2011.10.03 10:04:13.970,1.00895,1.00919,1.50,1.50
2011.10.03 10:04:14.774,1.00897,1.00927,1.50,1.50
2011.10.03 10:04:14.896,1.00899,1.00927,1.50,1.50
2011.10.03 10:04:19.851,1.00901,1.00929,1.13,1.50
2011.10.03 10:04:20.290,1.00904,1.00932,1.50,1.50
2011.10.03 10:04:20.738,1.00904,1.00934,1.50,2.25
2011.10.03 10:04:20.858,1.00909,1.00934,1.50,1.50
2011.10.03 10:04:22.878,1.00909,1.00937,1.50,1.50
2011.10.03 10:04:23.219,1.00914,1.00942,1.50,2.25
2011.10.03 10:04:23.826,1.00916,1.00943,2.10,1.50
2011.10.03 10:04:23.957,1.00923,1.00948,1.50,1.50
2011.10.03 10:04:24.411,1.00916,1.00942,1.50,1.50
2011.10.03 10:04:24.748,1.00922,1.00949,1.50,1.50
2011.10.03 10:04:26.149,1.00922,1.00948,1.50,1.50
2011.10.03 10:04:26.389,1.00922,1.00948,1.50,1.50
2011.10.03 10:04:27.907,1.00922,1.00948,1.50,1.50
2011.10.03 10:04:28.530,1.00922,1.00949,1.50,2.25
2011.10.03 10:04:28.650,1.00922,1.00948,1.50,1.50
2011.10.03 10:04:30.329,1.00922,1.00948,1.50,1.50
2011.10.03 10:04:31.751,1.00928,1.0095,1.50,1.50
2011.10.03 10:04:31.869,1.00928,1.00954,1.50,2.85
2011.10.03 10:04:32.098,1.00923,1.00951,1.50,1.50
2011.10.03 10:04:32.481,1.00929,1.00953,1.50,1.50
2011.10.03 10:04:33.699,1.00929,1.00953,1.50,1.35
2011.10.03 10:04:35.612,1.00929,1.00953,1.50,1.50
2011.10.03 10:04:36.257,1.00929,1.00953,1.50,1.50
2011.10.03 10:04:37.998,1.00929,1.00953,1.50,1.50
2011.10.03 10:04:47.238,1.00929,1.00953,1.50,2.10
2011.10.03 10:04:49.480,1.00922,1.00948,1.50,2.25
2011.10.03 10:04:50.929,1.00922,1.00947,1.50,1.50
2011.10.03 10:04:51.411,1.00922,1.00948,1.50,1.50
2011.10.03 10:04:51.753,1.00924,1.00949,1.13,1.50
2011.10.03 10:04:51.872,1.00932,1.00952,1.50,1.50
2011.10.03 10:04:52.099,1.00932,1.00958,1.50,2.10
2011.10.03 10:04:52.330,1.00927,1.00952,1.50,1.35
2011.10.03 10:04:52.889,1.00927,1.00953,1.50,1.50
2011.10.03 10:04:53.230,1.00928,1.00958,1.50,1.50
2011.10.03 10:04:53.352,1.00935,1.00959,1.50,1.50
2011.10.03 10:04:53.471,1.00941,1.00963,1.50,1.50
2011.10.03 10:04:53.592,1.00941,1.00963,1.50,1.50
2011.10.03 10:04:53.962,1.00941,1.00966,1.50,2.63
2011.10.03 10:04:56.200,1.00941,1.00965,1.50,1.50
2011.10.03 10:04:56.432,1.00941,1.00965,1.50,1.35
2011.10.03 10:04:56.665,1.00941,1.00967,1.50,2.25
2011.10.03 10:04:56.821,1.00937,1.00963,1.50,1.50
2011.10.03 10:04:56.944,1.00938,1.00963,1.35,1.50
2011.10.03 10:04:57.289,1.00944,1.0097,1.50,1.50
2011.10.03 10:04:58.073,1.0095,1.00975,1.50,1.50
2011.10.03 10:04:58.409,1.00946,1.00976,1.50,2.10
2011.10.03 10:04:58.871,1.00944,1.00968,1.50,1.50
2011.10.03 10:04:58.981,1.00932,1.00957,1.31,1.50
2011.10.03 10:05:01.739,1.00938,1.00965,1.50,1.50
2011.10.03 10:05:02.083,1.0094,1.00965,1.50,1.50
2011.10.03 10:05:02.419,1.00945,1.0097,1.50,1.50
2011.10.03 10:05:02.537,1.00945,1.00972,1.50,1.50
2011.10.03 10:05:02.771,1.00938,1.00966,1.50,1.50
2011.10.03 10:05:04.230,1.00941,1.00968,1.50,1.35
2011.10.03 10:05:04.353,1.00944,1.0097,1.50,1.50
2011.10.03 10:05:04.701,1.00946,1.00972,1.50,1.50
2011.10.03 10:05:04.822,1.00949,1.00975,1.50,1.50
2011.10.03 10:05:05.158,1.00949,1.00976,1.50,1.50
2011.10.03 10:05:05.500,1.00957,1.00982,1.50,2.25
2011.10.03 10:05:05.728,1.00957,1.00982,1.50,2.25
2011.10.03 10:05:09.164,1.00957,1.00983,1.50,2.25
2011.10.03 10:05:09.720,1.00957,1.00983,1.50,2.25
2011.10.03 10:05:11.079,1.00957,1.00979,1.50,1.50
2011.10.03 10:05:11.310,1.00949,1.00975,1.50,1.50
2011.10.03 10:05:11.540,1.00954,1.00978,1.50,1.50
2011.10.03 10:05:12.091,1.00954,1.00978,1.50,1.50
2011.10.03 10:05:13.667,1.00954,1.00979,1.50,2.25
2011.10.03 10:05:14.519,1.00954,1.00977,1.50,1.13
2011.10.03 10:05:14.747,1.00948,1.00976,1.50,1.50
2011.10.03 10:05:16.898,1.00943,1.00971,1.50,1.13
2011.10.03 10:05:17.020,1.00943,1.00971,1.50,1.88
2011.10.03 10:05:17.249,1.00945,1.00972,1.50,3.00
2011.10.03 10:05:17.369,1.00949,1.00973,1.50,1.50
2011.10.03 10:05:37.299,1.00949,1.00976,1.50,1.50
2011.10.03 10:05:37.418,1.00953,1.00979,1.50,2.85
2011.10.03 10:05:37.928,1.00953,1.00979,1.50,2.85
2011.10.03 10:05:38.576,1.00953,1.00979,1.50,2.10
2011.10.03 10:05:41.620,1.00953,1.00979,1.50,2.10
2011.10.03 10:05:45.849,1.00953,1.00979,1.50,1.35
2011.10.03 10:05:45.968,1.00953,1.00981,1.50,2.10
2011.10.03 10:05:46.198,1.00958,1.00983,1.50,1.50
2011.10.03 10:05:46.322,1.00964,1.00984,1.50,1.50
2011.10.03 10:05:46.548,1.00964,1.00986,1.50,1.50
2011.10.03 10:05:46.729,1.00964,1.00987,1.50,1.50
2011.10.03 10:05:47.658,1.00964,1.00987,1.50,1.50
2011.10.03 10:05:49.117,1.00964,1.00988,1.50,1.50
2011.10.03 10:05:49.817,1.00964,1.00988,1.50,1.50
2011.10.03 10:05:50.708,1.00964,1.00988,1.50,1.50
2011.10.03 10:05:51.557,1.0096,1.00988,1.50,1.50
2011.10.03 10:05:51.678,1.00959,1.00985,1.50,1.50
2011.10.03 10:05:51.798,1.00959,1.00985,1.50,1.50
2011.10.03 10:05:53.230,1.00964,1.00988,1.50,1.50
2011.10.03 10:05:53.348,1.00964,1.00987,1.50,1.50
2011.10.03 10:06:01.727,1.00964,1.00988,1.50,2.10
2011.10.03 10:06:05.427,1.00964,1.00988,1.50,1.50
2011.10.03 10:06:05.953,1.00964,1.00988,1.50,2.25
2011.10.03 10:06:07.830,1.00964,1.00987,1.50,1.50
2011.10.03 10:06:08.993,1.00964,1.00988,1.50,2.25
2011.10.03 10:06:09.109,1.00969,1.00988,1.50,1.50
2011.10.03 10:06:09.623,1.00966,1.00988,1.50,1.50
2011.10.03 10:06:09.739,1.00963,1.00988,1.50,1.50
2011.10.03 10:06:10.700,1.00969,1.00991,1.50,1.35
2011.10.03 10:06:12.858,1.00963,1.00988,1.50,2.10
2011.10.03 10:06:15.748,1.00963,1.00988,1.50,2.85
2011.10.03 10:06:16.429,1.00963,1.00988,1.50,1.35
2011.10.03 10:06:18.670,1.00963,1.00988,1.50,2.10
2011.10.03 10:06:24.548,1.00963,1.00988,1.50,1.35
2011.10.03 10:06:28.043,1.00968,1.00994,1.50,2.85
2011.10.03 10:06:28.576,1.00968,1.00994,1.50,2.85
2011.10.03 10:06:28.708,1.00975,1.00996,1.50,1.50
2011.10.03 10:06:28.831,1.00975,1.01001,1.50,2.10
2011.10.03 10:06:28.951,1.00975,1.00999,1.50,2.85
2011.10.03 10:06:29.287,1.00975,1.01,1.50,1.35
2011.10.03 10:06:32.557,1.00975,1.00999,1.50,2.10
2011.10.03 10:06:32.790,1.00966,1.00992,1.31,1.50
2011.10.03 10:06:33.018,1.0098,1.00997,1.50,1.13
2011.10.03 10:06:33.351,1.0098,1.01003,1.50,1.50
2011.10.03 10:06:33.470,1.0098,1.01002,1.50,1.50
2011.10.03 10:06:33.869,1.0098,1.01003,1.50,1.50
2011.10.03 10:06:34.572,1.0098,1.01003,1.50,1.50
2011.10.03 10:06:35.688,1.0098,1.01004,1.50,1.50
2011.10.03 10:06:36.261,1.0098,1.01005,1.50,1.50
2011.10.03 10:06:39.660,1.0098,1.01003,1.50,1.50
2011.10.03 10:06:40.160,1.0098,1.01004,1.50,1.50
2011.10.03 10:06:41.397,1.0098,1.01004,1.50,1.50
2011.10.03 10:06:44.678,1.0098,1.00999,1.50,2.10
2011.10.03 10:06:44.799,1.00968,1.00993,2.25,2.10
2011.10.03 10:06:45.030,1.00961,1.00986,1.50,1.35
2011.10.03 10:06:45.370,1.00952,1.00976,1.50,1.35
2011.10.03 10:06:45.928,1.00951,1.00976,1.50,1.50
2011.10.03 10:06:46.159,1.00954,1.00976,1.50,1.50
2011.10.03 10:06:46.698,1.00958,1.00983,1.50,1.50
2011.10.03 10:06:50.599,1.00958,1.00984,1.50,1.50
2011.10.03 10:06:51.769,1.00958,1.00986,1.50,1.50
2011.10.03 10:06:51.888,1.00966,1.00987,1.50,1.50
2011.10.03 10:06:52.462,1.00966,1.00992,1.50,2.10
2011.10.03 10:06:52.917,1.00964,1.00988,1.35,1.50
2011.10.03 10:06:53.312,1.00975,1.01,1.50,1.50
2011.10.03 10:06:53.658,1.00981,1.01002,1.50,1.50
2011.10.03 10:06:53.890,1.00976,1.01001,1.50,1.50
2011.10.03 10:06:54.119,1.00987,1.01002,1.50,1.50
2011.10.03 10:06:54.238,1.00983,1.01002,1.50,1.50
2011.10.03 10:06:54.584,1.0098,1.01002,1.50,1.50
2011.10.03 10:06:54.699,1.00976,1.01001,1.50,1.50
2011.10.03 10:06:55.304,1.00986,1.01002,1.50,1.50
2011.10.03 10:06:55.423,1.0098,1.01008,1.50,1.50
2011.10.03 10:06:55.541,1.0098,1.01006,1.50,1.50
2011.10.03 10:06:55.662,1.0098,1.01008,1.50,1.50
2011.10.03 10:06:56.220,1.00986,1.01006,1.50,1.35
2011.10.03 10:06:56.564,1.00991,1.01012,1.50,1.35
2011.10.03 10:06:56.683,1.00986,1.01012,1.50,2.85
2011.10.03 10:06:57.001,1.00986,1.01012,1.50,2.10
2011.10.03 10:06:57.229,1.00981,1.01009,1.50,1.50
2011.10.03 10:06:57.681,1.00976,1.01002,1.50,1.50
2011.10.03 10:06:58.030,1.00976,1.01,1.50,1.35
2011.10.03 10:06:58.149,1.00976,1.01002,1.50,1.50
2011.10.03 10:06:59.460,1.00978,1.01001,1.50,1.50
2011.10.03 10:06:59.688,1.00987,1.01007,1.50,1.35
2011.10.03 10:07:04.390,1.00987,1.01007,1.50,2.10
2011.10.03 10:07:04.511,1.00983,1.01005,1.50,1.35
2011.10.03 10:07:04.632,1.00976,1.01,1.50,1.35
2011.10.03 10:07:05.204,1.00971,1.00997,2.10,1.50
2011.10.03 10:07:05.323,1.00981,1.01006,1.50,1.50
2011.10.03 10:07:05.547,1.00981,1.01007,1.50,2.85
2011.10.03 10:07:05.780,1.00976,1.01002,1.50,1.50
2011.10.03 10:07:06.119,1.00982,1.01007,1.50,1.73
2011.10.03 10:07:06.458,1.00971,1.00997,2.06,1.50
2011.10.03 10:07:07.019,1.00967,1.00996,1.50,1.50
2011.10.03 10:07:07.138,1.0097,1.00996,1.50,1.50
2011.10.03 10:07:08.088,1.00965,1.00993,1.50,1.50
2011.10.03 10:07:12.730,1.0097,1.00998,1.50,2.10
2011.10.03 10:07:12.957,1.00966,1.00996,2.25,1.50
2011.10.03 10:07:13.077,1.00966,1.00992,2.25,1.50
2011.10.03 10:07:13.479,1.0097,1.00998,1.50,2.10
2011.10.03 10:07:13.821,1.00976,1.01001,1.50,1.35
2011.10.03 10:07:14.159,1.0098,1.01006,1.50,1.50
2011.10.03 10:07:14.794,1.0098,1.01006,1.50,2.25
2011.10.03 10:07:15.249,1.00974,1.01002,1.50,1.50
2011.10.03 10:07:15.368,1.00976,1.01007,1.50,2.85
2011.10.03 10:07:15.488,1.00981,1.01006,1.50,1.50
2011.10.03 10:07:15.718,1.00981,1.01006,1.50,2.25
2011.10.03 10:07:15.979,1.00974,1.01002,1.50,1.50
2011.10.03 10:07:19.688,1.00981,1.01005,1.50,1.50
2011.10.03 10:07:19.921,1.00981,1.01007,1.50,2.85
2011.10.03 10:07:20.041,1.00976,1.01002,1.50,1.50
2011.10.03 10:07:22.209,1.0097,1.00997,1.31,1.50
2011.10.03 10:07:22.660,1.00976,1.00999,1.50,1.35
2011.10.03 10:07:23.313,1.00976,1.00999,1.50,1.35
2011.10.03 10:07:24.200,1.00965,1.00997,2.70,1.35
2011.10.03 10:07:24.324,1.00964,1.00992,2.06,1.50
2011.10.03 10:07:25.739,1.00964,1.00989,1.50,1.35
2011.10.03 10:07:25.862,1.00959,1.00985,1.50,1.35
2011.10.03 10:07:25.980,1.00957,1.00982,1.31,1.50
2011.10.03 10:07:26.320,1.0096,1.00984,1.50,1.50
2011.10.03 10:07:26.662,1.00969,1.00989,1.50,1.35
2011.10.03 10:07:26.906,1.00969,1.00992,1.50,1.73
2011.10.03 10:07:27.184,1.00969,1.00989,1.50,1.35
2011.10.03 10:07:27.314,1.00958,1.00985,1.50,1.35
2011.10.03 10:07:28.790,1.00958,1.00989,2.85,1.50
2011.10.03 10:07:29.091,1.00969,1.00992,1.50,1.35
2011.10.03 10:07:29.214,1.00969,1.00994,1.50,1.35
2011.10.03 10:07:29.441,1.00969,1.00994,1.50,2.10
2011.10.03 10:07:29.559,1.0096,1.00985,1.31,1.50
2011.10.03 10:07:30.123,1.00959,1.00985,1.50,1.50
2011.10.03 10:07:30.461,1.0096,1.00985,1.73,1.50
2011.10.03 10:07:30.802,1.00977,1.01002,1.50,3.00
2011.10.03 10:07:33.065,1.00984,1.01003,1.50,1.50
2011.10.03 10:07:33.181,1.00979,1.01003,1.50,1.50
2011.10.03 10:07:33.301,1.00977,1.01003,1.50,2.25
2011.10.03 10:07:35.942,1.00968,1.00996,2.06,1.50
2011.10.03 10:07:36.282,1.00973,1.01,1.50,2.10
2011.10.03 10:07:39.449,1.00985,1.01009,1.50,2.85
2011.10.03 10:07:39.791,1.0098,1.01006,1.50,1.50
2011.10.03 10:07:39.911,1.00974,1.01005,1.50,1.50
2011.10.03 10:07:40.030,1.00974,1.01,1.50,1.50
2011.10.03 10:07:40.148,1.00978,1.01004,1.50,1.50
2011.10.03 10:07:41.599,1.0098,1.01005,1.50,1.50
2011.10.03 10:07:41.981,1.00985,1.01005,1.50,1.50
2011.10.03 10:07:43.701,1.00985,1.01004,1.50,1.50
2011.10.03 10:07:44.039,1.00982,1.01004,1.50,2.25
2011.10.03 10:07:44.160,1.0098,1.01004,1.50,1.50
2011.10.03 10:07:44.280,1.00972,1.01,1.50,1.35
2011.10.03 10:07:44.400,1.00969,1.00997,1.50,1.50
2011.10.03 10:07:44.630,1.00965,1.00991,1.50,1.50
2011.10.03 10:07:53.854,1.00967,1.00992,2.10,1.50
2011.10.03 10:07:53.971,1.00977,1.01002,1.50,2.25
2011.10.03 10:07:54.090,1.00977,1.01001,1.50,2.25
2011.10.03 10:07:54.454,1.00972,1.01001,1.50,1.50
2011.10.03 10:07:54.572,1.0097,1.00998,1.50,1.50
2011.10.03 10:07:55.020,1.00965,1.00991,1.50,1.50
2011.10.03 10:07:56.702,1.00965,1.00996,1.50,2.25
2011.10.03 10:07:56.821,1.00972,1.00996,1.50,1.50
2011.10.03 10:07:57.194,1.00966,1.00992,1.50,1.50
2011.10.03 10:08:04.953,1.0096,1.00988,1.50,1.50
2011.10.03 10:08:05.293,1.00967,1.00991,1.50,1.50
2011.10.03 10:08:05.852,1.00967,1.00991,1.50,1.50
2011.10.03 10:08:06.534,1.00964,1.00991,1.50,1.50
2011.10.03 10:08:06.649,1.00962,1.00988,1.50,1.50
2011.10.03 10:08:08.419,1.00962,1.00991,1.50,1.50
2011.10.03 10:08:08.538,1.00969,1.00993,1.50,1.50
2011.10.03 10:08:10.261,1.00959,1.00987,1.50,1.50
2011.10.03 10:08:16.972,1.00955,1.00981,1.50,1.50
2011.10.03 10:08:17.312,1.0095,1.00976,1.50,1.50
2011.10.03 10:08:17.673,1.00955,1.00979,1.50,1.35
2011.10.03 10:08:18.331,1.00955,1.00981,1.50,1.50
2011.10.03 10:08:22.430,1.00949,1.00975,1.50,1.50
2011.10.03 10:08:24.250,1.00953,1.00979,1.50,1.50
2011.10.03 10:08:24.591,1.00956,1.00982,1.50,1.35
2011.10.03 10:08:24.823,1.00958,1.00983,1.50,1.35
2011.10.03 10:08:27.782,1.00964,1.00985,1.50,1.35
2011.10.03 10:08:29.201,1.00954,1.00982,1.50,2.10
2011.10.03 10:08:30.159,1.00956,1.00984,1.50,1.50
2011.10.03 10:08:30.280,1.00963,1.00988,1.50,1.35
2011.10.03 10:08:32.036,1.00965,1.00989,1.50,1.35
2011.10.03 10:08:32.386,1.00969,1.00988,1.50,1.35
2011.10.03 10:08:32.499,1.00963,1.00988,1.50,1.35
2011.10.03 10:08:35.961,1.00963,1.00991,1.50,1.35
2011.10.03 10:08:36.728,1.0097,1.00994,1.50,2.85
2011.10.03 10:08:37.769,1.0097,1.00992,1.50,1.35
2011.10.03 10:08:39.168,1.0097,1.00996,1.50,1.50
2011.10.03 10:08:39.621,1.00966,1.00992,1.50,1.50
2011.10.03 10:08:39.870,1.00967,1.00992,1.50,1.50
2011.10.03 10:08:39.990,1.00971,1.00993,1.50,1.35
2011.10.03 10:08:41.408,1.00971,1.00993,1.50,1.35
2011.10.03 10:08:41.529,1.00965,1.00992,1.50,1.50
2011.10.03 10:08:43.021,1.0096,1.00988,1.50,1.50
2011.10.03 10:08:43.566,1.0096,1.00986,1.50,1.50
2011.10.03 10:08:44.117,1.0096,1.00986,1.50,1.50
2011.10.03 10:08:45.459,1.00966,1.00988,1.50,1.35
2011.10.03 10:08:45.798,1.00961,1.00985,1.50,1.50
2011.10.03 10:08:46.590,1.00961,1.00987,1.50,1.50
2011.10.03 10:08:49.090,1.00967,1.00991,1.50,1.50
2011.10.03 10:08:49.209,1.00961,1.00987,1.50,1.50
2011.10.03 10:08:56.448,1.00963,1.00989,1.50,2.25
2011.10.03 10:08:56.767,1.00967,1.00989,1.50,1.50
2011.10.03 10:08:56.895,1.00967,1.00993,1.50,1.50
2011.10.03 10:08:57.950,1.00967,1.00991,1.50,1.50
2011.10.03 10:08:58.608,1.00967,1.00991,1.50,1.50
2011.10.03 10:08:59.380,1.00967,1.00993,1.50,2.25
2011.10.03 10:09:01.466,1.00967,1.00991,1.50,1.50
2011.10.03 10:09:03.328,1.00967,1.00988,1.50,1.35
2011.10.03 10:09:03.448,1.0096,1.00987,1.50,1.35
2011.10.03 10:09:04.507,1.0096,1.00985,1.50,1.50
2011.10.03 10:09:05.055,1.0096,1.00987,1.50,1.35
2011.10.03 10:09:05.508,1.00963,1.00987,1.50,1.35
2011.10.03 10:09:05.630,1.00966,1.00987,1.50,1.35
2011.10.03 10:09:07.630,1.0096,1.00987,1.50,1.35
2011.10.03 10:09:08.298,1.0096,1.00988,1.50,1.50
2011.10.03 10:09:08.920,1.00966,1.00989,1.50,1.50
2011.10.03 10:09:09.263,1.0097,1.00991,1.50,1.50
2011.10.03 10:09:09.855,1.0097,1.00992,1.50,1.35
2011.10.03 10:09:11.337,1.0097,1.00991,1.50,1.50
2011.10.03 10:09:11.457,1.0097,1.00994,1.50,1.50
2011.10.03 10:09:13.897,1.0097,1.00994,1.50,1.50
2011.10.03 10:09:14.461,1.0097,1.00993,1.50,1.50
2011.10.03 10:09:14.817,1.00965,1.00992,1.50,1.50
2011.10.03 10:09:14.932,1.00968,1.00992,1.50,1.50
2011.10.03 10:09:15.631,1.00971,1.00996,1.50,1.50
2011.10.03 10:09:19.209,1.00965,1.00993,1.50,2.25
2011.10.03 10:09:19.329,1.00965,1.00991,1.50,1.35
2011.10.03 10:09:19.778,1.00971,1.00992,1.50,1.35
2011.10.03 10:09:23.358,1.00971,1.00996,1.50,1.50
2011.10.03 10:09:28.228,1.00971,1.00997,1.50,1.50
2011.10.03 10:09:30.143,1.00976,1.00996,1.50,1.50
2011.10.03 10:09:30.264,1.00963,1.00989,1.50,1.50
2011.10.03 10:09:31.218,1.00964,1.00992,1.13,1.50
2011.10.03 10:09:31.564,1.00973,1.00998,1.50,1.50
2011.10.03 10:09:31.678,1.00973,1.01001,1.50,1.50
2011.10.03 10:09:36.656,1.0097,1.00996,1.31,1.50
2011.10.03 10:09:36.778,1.00968,1.00996,1.50,1.50
2011.10.03 10:09:37.010,1.0097,1.01001,1.50,1.50
2011.10.03 10:09:37.131,1.00973,1.01001,1.50,1.50
2011.10.03 10:09:42.698,1.00973,1.01001,1.50,1.50
2011.10.03 10:09:42.930,1.00981,1.01005,1.50,1.50
2011.10.03 10:09:43.051,1.00983,1.01005,1.50,1.50
2011.10.03 10:09:43.389,1.00985,1.01007,1.50,1.35
2011.10.03 10:09:43.730,1.00985,1.01014,1.50,1.50
2011.10.03 10:09:43.960,1.0099,1.01017,1.50,1.35
2011.10.03 10:09:44.299,1.00988,1.01014,2.06,1.50
2011.10.03 10:09:44.419,1.00988,1.01014,2.06,1.50
2011.10.03 10:09:44.542,1.00983,1.01011,2.06,1.50
2011.10.03 10:09:44.896,1.00989,1.01014,1.50,1.50
2011.10.03 10:09:45.228,1.00989,1.01014,1.50,1.50
2011.10.03 10:09:45.350,1.00989,1.01014,1.50,1.50
2011.10.03 10:09:46.951,1.00989,1.01014,1.50,1.50
2011.10.03 10:09:48.713,1.00998,1.0102,1.50,1.50
2011.10.03 10:09:49.067,1.00986,1.01012,1.31,1.50
2011.10.03 10:09:49.196,1.00984,1.0101,1.50,1.13
2011.10.03 10:09:49.314,1.00977,1.01001,2.81,1.50
2011.10.03 10:09:49.704,1.00975,1.01001,1.50,1.50
2011.10.03 10:09:49.828,1.0097,1.00996,2.10,1.50
2011.10.03 10:09:52.637,1.00971,1.00996,1.50,1.50
2011.10.03 10:09:53.144,1.00971,1.00996,1.50,1.50
2011.10.03 10:09:53.576,1.00975,1.01001,1.50,1.50
2011.10.03 10:09:54.240,1.00976,1.01001,1.50,1.50
2011.10.03 10:09:55.713,1.00976,1.01001,1.50,1.50
2011.10.03 10:09:56.311,1.00976,1.01001,1.50,1.50
2011.10.03 10:09:57.710,1.00977,1.01009,2.10,1.50
2011.10.03 10:09:57.831,1.00985,1.01011,1.50,1.50
2011.10.03 10:10:07.770,1.00981,1.01006,1.31,1.50
2011.10.03 10:10:08.552,1.00984,1.01012,1.50,1.50
2011.10.03 10:10:10.270,1.00989,1.01015,1.50,1.35
2011.10.03 10:10:10.829,1.00989,1.01017,1.50,1.50
2011.10.03 10:10:14.103,1.0099,1.01017,1.31,2.10
2011.10.03 10:10:14.559,1.00986,1.01012,1.50,1.50
2011.10.03 10:10:14.900,1.00986,1.01015,1.50,1.50
2011.10.03 10:10:15.019,1.00987,1.01017,1.50,1.35
2011.10.03 10:10:15.140,1.00985,1.01013,1.50,1.50
2011.10.03 10:10:15.950,1.0099,1.0102,1.35,2.25
2011.10.03 10:10:16.080,1.00995,1.0102,1.50,1.50
2011.10.03 10:10:16.616,1.01002,1.01026,1.50,1.50
2011.10.03 10:10:16.841,1.01002,1.01028,1.50,1.50
2011.10.03 10:10:20.271,1.00997,1.01026,1.50,1.50
2011.10.03 10:10:20.392,1.00997,1.01023,2.25,1.50
2011.10.03 10:10:21.218,1.00997,1.01022,1.50,1.35
2011.10.03 10:10:21.559,1.00986,1.01014,2.06,1.50
2011.10.03 10:10:21.964,1.00992,1.01018,1.50,1.50
2011.10.03 10:10:26.514,1.00997,1.01023,1.50,1.50
2011.10.03 10:10:27.072,1.00987,1.01015,1.50,1.50
2011.10.03 10:10:35.007,1.00984,1.01016,1.50,1.50
2011.10.03 10:10:35.121,1.00991,1.01017,1.50,1.50
2011.10.03 10:10:35.239,1.00981,1.01016,2.85,1.50
2011.10.03 10:10:35.360,1.00981,1.01009,1.50,1.50
2011.10.03 10:10:38.994,1.00988,1.01013,1.50,1.35
2011.10.03 10:10:39.330,1.00982,1.01008,1.50,1.50
2011.10.03 10:10:40.107,1.00984,1.01011,1.50,1.50
2011.10.03 10:10:40.225,1.00988,1.01014,1.50,1.50
2011.10.03 10:10:40.339,1.00988,1.01016,1.50,1.50
2011.10.03 10:10:40.681,1.00994,1.0102,1.50,1.50
2011.10.03 10:10:41.293,1.00987,1.01015,1.50,1.50
2011.10.03 10:10:42.587,1.00981,1.01007,1.31,1.50
2011.10.03 10:10:42.728,1.00985,1.01011,1.50,1.50
2011.10.03 10:10:45.209,1.00979,1.01005,1.31,1.50
2011.10.03 10:10:45.439,1.00983,1.01009,1.50,1.50
2011.10.03 10:10:47.072,1.0099,1.01016,1.50,2.25
2011.10.03 10:10:48.186,1.00986,1.01016,1.50,1.50
2011.10.03 10:10:48.307,1.00984,1.01012,2.06,1.50
2011.10.03 10:10:51.722,1.00991,1.01017,1.50,2.10
2011.10.03 10:10:52.392,1.00995,1.01021,1.50,2.10
2011.10.03 10:10:52.515,1.00991,1.01017,1.50,2.10
2011.10.03 10:10:53.334,1.00986,1.01012,2.10,1.50
2011.10.03 10:10:53.562,1.00987,1.01016,1.50,1.35
2011.10.03 10:10:53.681,1.00991,1.01016,1.50,1.35
2011.10.03 10:10:54.259,1.00985,1.01013,1.50,1.50
2011.10.03 10:10:56.235,1.00982,1.01007,1.50,1.50
2011.10.03 10:10:56.463,1.00991,1.01016,1.50,3.00
2011.10.03 10:10:57.020,1.00986,1.01012,1.50,1.50
2011.10.03 10:11:03.873,1.00986,1.01011,1.50,1.50
2011.10.03 10:11:05.848,1.00986,1.01011,1.50,3.00
2011.10.03 10:11:05.969,1.00986,1.01012,1.50,1.50
2011.10.03 10:11:09.252,1.00987,1.01016,1.50,2.25
2011.10.03 10:11:09.368,1.00993,1.01017,1.50,1.50
2011.10.03 10:11:09.491,1.00989,1.01017,1.50,1.50
2011.10.03 10:11:09.610,1.00987,1.01015,1.50,1.50
2011.10.03 10:11:09.732,1.00992,1.01018,1.50,2.10
2011.10.03 10:11:10.369,1.00992,1.01018,1.50,2.10
2011.10.03 10:11:10.922,1.00992,1.01018,1.50,2.10
2011.10.03 10:11:11.591,1.00992,1.01019,1.50,1.50
2011.10.03 10:11:11.930,1.00992,1.0102,1.50,1.50
2011.10.03 10:11:13.034,1.00998,1.01024,1.50,1.50
2011.10.03 10:11:13.566,1.00998,1.01024,1.50,1.50
2011.10.03 10:11:14.008,1.01006,1.01027,1.50,2.25
2011.10.03 10:11:14.130,1.01002,1.01026,1.50,1.50
2011.10.03 10:11:14.249,1.01002,1.01027,1.50,1.50
2011.10.03 10:11:14.588,1.01002,1.01026,1.50,1.50
2011.10.03 10:11:14.928,1.01007,1.01029,1.50,1.50
2011.10.03 10:11:15.048,1.01007,1.01029,1.50,1.50
2011.10.03 10:11:15.620,1.01007,1.01027,1.50,1.50
2011.10.03 10:11:16.089,1.01002,1.01026,1.50,1.50
2011.10.03 10:11:16.420,1.00992,1.01022,2.10,1.35
2011.10.03 10:11:16.559,1.00991,1.01017,1.50,1.50
2011.10.03 10:11:17.123,1.00993,1.01018,1.13,1.50
2011.10.03 10:11:17.463,1.0101,1.01027,1.50,2.25
2011.10.03 10:11:17.581,1.0101,1.01029,1.50,1.50
2011.10.03 10:11:17.810,1.01,1.01026,1.50,2.10
2011.10.03 10:11:18.343,1.01006,1.01026,1.50,2.25
2011.10.03 10:11:19.682,1.01006,1.01027,1.50,2.85
2011.10.03 10:11:19.805,1.00995,1.01023,1.50,1.50
2011.10.03 10:11:20.140,1.01001,1.01025,1.50,1.50
2011.10.03 10:11:20.483,1.01001,1.01026,1.50,2.25
2011.10.03 10:11:20.940,1.00998,1.01022,1.50,1.50
2011.10.03 10:11:21.062,1.00996,1.01022,1.50,2.25
2011.10.03 10:11:21.295,1.01005,1.01026,1.50,2.25
2011.10.03 10:11:21.527,1.00998,1.01026,1.50,1.50
2011.10.03 10:11:21.753,1.00993,1.01021,1.50,1.50
2011.10.03 10:11:21.984,1.00995,1.01026,1.50,1.50
2011.10.03 10:11:22.098,1.01,1.01026,1.50,1.50
2011.10.03 10:11:22.474,1.01004,1.01029,1.50,1.50
2011.10.03 10:11:22.699,1.00995,1.01021,1.50,1.50
2011.10.03 10:11:23.062,1.00999,1.01027,1.50,2.10
2011.10.03 10:11:23.460,1.01005,1.0103,1.50,1.50
2011.10.03 10:11:23.801,1.01,1.01026,1.50,1.50
2011.10.03 10:11:24.249,1.01001,1.01031,1.50,1.50
2011.10.03 10:11:24.369,1.01007,1.01031,1.50,1.50
2011.10.03 10:11:24.995,1.01007,1.01031,1.50,1.50
2011.10.03 10:11:25.711,1.01002,1.0103,1.50,1.50
2011.10.03 10:11:25.833,1.01002,1.01028,1.50,1.50
2011.10.03 10:11:26.282,1.01006,1.01031,1.50,2.10
2011.10.03 10:11:26.619,1.00999,1.01025,1.50,1.50
2011.10.03 10:11:27.128,1.01,1.0103,1.50,1.50
2011.10.03 10:11:27.252,1.01005,1.01031,1.50,2.85
2011.10.03 10:11:28.448,1.01005,1.01029,1.50,1.50
2011.10.03 10:11:28.850,1.00995,1.01028,2.10,1.50
2011.10.03 10:11:28.971,1.00993,1.0102,1.31,1.50
2011.10.03 10:11:29.528,1.00998,1.01025,1.50,1.50
2011.10.03 10:11:29.873,1.01003,1.01031,1.50,2.85
2011.10.03 10:11:30.209,1.01001,1.01026,1.50,1.50
2011.10.03 10:11:30.329,1.00999,1.01025,1.50,1.50
2011.10.03 10:11:30.810,1.00999,1.01026,1.50,1.50
2011.10.03 10:11:31.344,1.01004,1.01029,1.50,1.50
2011.10.03 10:11:31.691,1.01,1.01026,1.50,1.50
2011.10.03 10:11:31.812,1.00999,1.01025,1.50,1.50
2011.10.03 10:11:39.941,1.01,1.01031,1.35,1.50
2011.10.03 10:11:40.059,1.01009,1.01032,1.50,1.50
2011.10.03 10:11:40.618,1.01009,1.01035,1.50,2.25
2011.10.03 10:11:44.823,1.01003,1.01029,1.31,1.50
2011.10.03 10:11:45.502,1.01001,1.01029,1.50,1.50
2011.10.03 10:11:55.102,1.01001,1.01027,1.50,1.50
2011.10.03 10:11:55.335,1.00995,1.01021,1.50,1.50
2011.10.03 10:11:56.202,1.00995,1.0102,1.50,1.35
2011.10.03 10:11:56.718,1.00995,1.01019,1.50,1.35
2011.10.03 10:11:57.280,1.00995,1.0102,1.50,1.50
2011.10.03 10:11:57.840,1.00995,1.01021,1.50,1.50
2011.10.03 10:11:58.403,1.01007,1.01026,1.50,1.50
2011.10.03 10:11:58.523,1.01007,1.01031,1.50,1.50
2011.10.03 10:11:58.912,1.01007,1.01028,1.50,1.13
2011.10.03 10:11:59.035,1.00993,1.01019,1.50,1.50
2011.10.03 10:12:00.533,1.00987,1.01015,2.10,1.50
2011.10.03 10:12:02.047,1.00987,1.01013,1.50,1.50
2011.10.03 10:12:02.503,1.00997,1.01015,1.50,1.35
2011.10.03 10:12:02.733,1.00997,1.01017,1.50,2.10
2011.10.03 10:12:02.853,1.00997,1.01017,1.50,2.25
2011.10.03 10:12:03.392,1.00999,1.01023,1.35,1.50
2011.10.03 10:12:03.510,1.00999,1.01025,1.35,1.50
2011.10.03 10:12:05.150,1.00997,1.01024,1.50,1.50
2011.10.03 10:12:05.273,1.00997,1.01025,1.50,1.50
2011.10.03 10:12:05.609,1.00998,1.01021,1.50,2.25
2011.10.03 10:12:06.479,1.00993,1.01018,1.50,1.50
2011.10.03 10:12:06.599,1.0099,1.01018,1.50,1.50
2011.10.03 10:12:06.719,1.0099,1.01015,1.50,1.50
2011.10.03 10:12:07.475,1.0099,1.01015,1.50,1.50
2011.10.03 10:12:07.821,1.0099,1.01011,1.50,2.25
2011.10.03 10:12:08.430,1.0099,1.01011,1.50,1.50
2011.10.03 10:12:08.553,1.0099,1.01015,1.50,1.50
2011.10.03 10:12:10.707,1.00992,1.01017,2.10,2.25
2011.10.03 10:12:10.825,1.00992,1.01016,1.50,2.25
2011.10.03 10:12:11.054,1.00992,1.01016,1.50,1.50
2011.10.03 10:12:11.389,1.00996,1.01017,1.50,2.25
2011.10.03 10:12:11.956,1.00989,1.01015,1.50,1.50
2011.10.03 10:12:12.074,1.00989,1.01015,1.50,1.50
2011.10.03 10:12:12.660,1.00989,1.01012,1.50,2.25
2011.10.03 10:12:13.152,1.0098,1.0101,1.50,1.50
2011.10.03 10:12:13.273,1.0098,1.01008,1.50,1.50
2011.10.03 10:12:13.723,1.00991,1.01012,1.50,2.25
2011.10.03 10:12:14.059,1.00991,1.01017,1.50,1.50
2011.10.03 10:12:14.571,1.00991,1.01017,1.50,1.50
2011.10.03 10:12:15.109,1.00991,1.01017,1.50,1.50
2011.10.03 10:12:15.230,1.00997,1.01018,1.50,1.50
2011.10.03 10:12:15.795,1.01001,1.01021,1.50,2.25
2011.10.03 10:12:16.022,1.01001,1.01021,1.50,2.25
2011.10.03 10:12:16.139,1.00992,1.01018,1.50,1.50
2011.10.03 10:12:16.589,1.00997,1.01018,1.50,2.10
2011.10.03 10:12:17.970,1.00997,1.01022,1.50,2.25
2011.10.03 10:12:19.201,1.00999,1.01022,1.50,2.25
2011.10.03 10:12:19.543,1.01009,1.01024,1.50,1.50
2011.10.03 10:12:19.660,1.00996,1.01023,1.50,1.50
2011.10.03 10:12:20.857,1.01008,1.01032,1.50,2.25
2011.10.03 10:12:20.995,1.01008,1.01034,1.50,1.50
2011.10.03 10:12:21.112,1.01001,1.01027,1.50,1.50
2011.10.03 10:12:21.448,1.01011,1.01037,1.50,1.50
2011.10.03 10:12:21.567,1.01011,1.01039,1.50,2.25
2011.10.03 10:12:21.921,1.01,1.01023,1.31,1.50
2011.10.03 10:12:22.261,1.01002,1.01027,1.31,1.50
2011.10.03 10:12:22.385,1.01001,1.01027,1.50,1.50
2011.10.03 10:12:24.262,1.00996,1.01022,1.50,1.50
2011.10.03 10:12:26.002,1.00996,1.0103,1.50,1.50
2011.10.03 10:12:26.120,1.01004,1.01032,1.50,2.25
2011.10.03 10:12:29.698,1.01011,1.01036,1.50,3.00
2011.10.03 10:12:29.929,1.01011,1.01036,1.50,1.50
2011.10.03 10:12:30.400,1.01009,1.01035,1.50,1.50
2011.10.03 10:12:30.519,1.01007,1.01033,1.50,1.50
2011.10.03 10:12:30.749,1.00999,1.01027,2.06,1.50
2011.10.03 10:12:31.320,1.00991,1.01019,1.50,1.50
2011.10.03 10:12:31.661,1.00984,1.0101,2.81,1.50
2011.10.03 10:12:32.003,1.0099,1.01016,1.50,1.50
2011.10.03 10:12:32.339,1.00985,1.01011,1.50,1.50
2011.10.03 10:12:33.712,1.0098,1.01006,2.06,1.50
2011.10.03 10:12:34.089,1.00986,1.0101,1.50,1.50
2011.10.03 10:12:34.346,1.0098,1.01006,1.50,1.50
2011.10.03 10:12:38.732,1.00973,1.01005,2.10,1.13
2011.10.03 10:12:38.849,1.00973,1.00997,1.35,1.50
2011.10.03 10:12:40.311,1.00976,1.01002,1.50,1.50
2011.10.03 10:12:41.020,1.0098,1.01006,1.50,1.50
2011.10.03 10:12:41.472,1.0099,1.01016,1.50,3.00
2011.10.03 10:12:41.922,1.0099,1.01018,1.50,1.50
2011.10.03 10:12:42.041,1.00985,1.01011,1.50,1.50
2011.10.03 10:12:42.373,1.00985,1.0101,1.50,1.50
2011.10.03 10:12:42.711,1.0097,1.00996,1.50,1.50
2011.10.03 10:12:43.049,1.00977,1.01003,1.50,1.50
2011.10.03 10:12:43.726,1.00972,1.01003,1.50,1.50
2011.10.03 10:12:43.845,1.00972,1.01,1.50,1.50
2011.10.03 10:12:43.961,1.00974,1.01004,1.50,1.50
2011.10.03 10:12:44.285,1.00978,1.01004,1.50,1.50
2011.10.03 10:12:47.317,1.00979,1.01004,1.35,1.50
2011.10.03 10:12:47.548,1.00988,1.01009,1.50,1.50
2011.10.03 10:12:47.905,1.00985,1.01009,1.50,1.50
2011.10.03 10:12:48.026,1.00984,1.0101,1.50,1.50
2011.10.03 10:12:48.255,1.00985,1.01009,1.50,1.50
2011.10.03 10:12:48.373,1.00984,1.01009,1.50,1.50
2011.10.03 10:12:48.491,1.00984,1.0101,1.50,1.50
2011.10.03 10:12:48.877,1.00995,1.01018,1.50,1.50
2011.10.03 10:12:49.330,1.0099,1.01014,1.50,1.50
2011.10.03 10:12:49.449,1.00988,1.01014,1.50,2.25
2011.10.03 10:12:51.711,1.00983,1.01009,1.50,1.50
2011.10.03 10:12:54.788,1.00975,1.01003,2.10,1.50
2011.10.03 10:12:55.240,1.00972,1.01001,1.31,1.35
2011.10.03 10:12:55.359,1.00971,1.00994,1.16,1.50
2011.10.03 10:12:55.590,1.00976,1.01002,1.50,1.50
2011.10.03 10:12:55.708,1.00974,1.01001,1.50,1.50
2011.10.03 10:12:55.829,1.00973,1.00998,1.35,1.50
2011.10.03 10:12:56.169,1.00974,1.00998,1.13,1.50
2011.10.03 10:12:56.511,1.00985,1.01007,1.50,2.25
2011.10.03 10:12:56.633,1.00982,1.0101,1.50,1.50
2011.10.03 10:13:01.311,1.00976,1.01007,1.50,1.50
2011.10.03 10:13:01.428,1.00976,1.01004,1.50,1.50
2011.10.03 10:13:03.255,1.00971,1.01,1.50,2.10
2011.10.03 10:13:03.593,1.00964,1.00998,3.41,2.10
2011.10.03 10:13:03.713,1.00964,1.00993,1.50,1.50
2011.10.03 10:13:03.834,1.00961,1.00991,1.50,1.50
2011.10.03 10:13:03.949,1.00966,1.00994,1.50,1.50
2011.10.03 10:13:05.190,1.00962,1.00988,1.50,1.50
2011.10.03 10:13:05.424,1.00968,1.00991,1.13,1.50
2011.10.03 10:13:05.544,1.00977,1.00996,1.50,2.25
2011.10.03 10:13:05.770,1.00973,1.00996,1.50,2.25
2011.10.03 10:13:05.895,1.00972,1.00996,1.50,1.50
2011.10.03 10:13:06.450,1.00972,1.00998,1.50,1.50
2011.10.03 10:13:06.679,1.00972,1.01006,1.88,1.50
2011.10.03 10:13:06.799,1.0098,1.01007,1.50,1.50
2011.10.03 10:13:14.650,1.00985,1.01008,1.13,1.50
2011.10.03 10:13:14.774,1.00995,1.01018,1.50,1.50
2011.10.03 10:13:15.000,1.00986,1.01017,2.85,1.35
2011.10.03 10:13:15.121,1.00986,1.01012,1.50,1.50
2011.10.03 10:13:15.460,1.00986,1.01015,1.50,1.50
2011.10.03 10:13:15.580,1.00991,1.01017,1.50,2.85
2011.10.03 10:13:16.473,1.00991,1.01015,1.50,1.50
2011.10.03 10:13:17.087,1.00991,1.01017,1.50,2.10
2011.10.03 10:13:17.565,1.00991,1.01015,1.50,1.50
2011.10.03 10:13:18.960,1.00991,1.01017,1.50,2.10
2011.10.03 10:13:19.630,1.00991,1.01015,1.50,1.50
2011.10.03 10:13:21.068,1.00991,1.01017,1.50,2.10
2011.10.03 10:13:21.303,1.00985,1.01012,1.91,1.50
2011.10.03 10:13:22.045,1.00979,1.01004,1.31,1.50
2011.10.03 10:13:22.560,1.00979,1.01004,1.31,1.50
2011.10.03 10:13:26.040,1.00976,1.01004,1.50,1.50
2011.10.03 10:13:28.530,1.00983,1.01007,1.50,1.50
2011.10.03 10:13:28.865,1.00977,1.01005,1.50,1.50
2011.10.03 10:13:43.487,1.00982,1.0101,1.50,1.50
2011.10.03 10:13:43.611,1.00984,1.0101,1.35,1.50
2011.10.03 10:13:43.954,1.00995,1.01017,1.50,2.25
2011.10.03 10:13:44.075,1.00995,1.01017,1.50,1.50
2011.10.03 10:13:44.190,1.00995,1.01019,1.50,1.50
2011.10.03 10:13:44.841,1.00988,1.01016,1.50,1.50
2011.10.03 10:13:45.071,1.00985,1.01011,1.35,1.50
2011.10.03 10:13:45.304,1.00983,1.01011,2.06,1.50
2011.10.03 10:13:48.881,1.00983,1.01009,1.50,1.73
2011.10.03 10:13:49.219,1.00973,1.00999,1.50,1.50
2011.10.03 10:13:49.785,1.0097,1.00997,1.31,1.50
2011.10.03 10:13:49.898,1.00968,1.00993,1.31,1.50
2011.10.03 10:13:50.022,1.00964,1.00984,2.06,1.50
2011.10.03 10:13:50.251,1.00972,1.00993,1.50,2.25
2011.10.03 10:13:50.371,1.00982,1.01007,1.50,1.50
2011.10.03 10:13:50.492,1.00974,1.01,1.50,2.25
2011.10.03 10:13:52.452,1.00974,1.01008,1.50,1.50
2011.10.03 10:13:52.574,1.00983,1.01009,1.50,3.00
2011.10.03 10:13:55.779,1.0098,1.01009,1.50,2.25
2011.10.03 10:13:55.898,1.00978,1.01004,1.50,1.50
2011.10.03 10:13:59.845,1.00986,1.0101,1.50,1.50
2011.10.03 10:14:00.071,1.0098,1.01008,1.50,1.50
2011.10.03 10:14:08.439,1.00974,1.01,1.31,1.50
2011.10.03 10:14:08.669,1.00977,1.01005,1.50,1.50
2011.10.03 10:14:12.498,1.00982,1.0101,2.10,1.50
2011.10.03 10:14:13.484,1.0098,1.0101,2.10,1.50
2011.10.03 10:14:13.604,1.0098,1.01005,1.35,1.50
2011.10.03 10:14:14.612,1.0098,1.01005,1.35,1.50
2011.10.03 10:14:14.840,1.00982,1.0101,2.10,1.50
2011.10.03 10:14:19.973,1.00993,1.01018,1.50,1.50
2011.10.03 10:14:20.317,1.00987,1.01015,1.50,1.50
2011.10.03 10:14:28.032,1.00992,1.01018,1.50,1.50
2011.10.03 10:14:28.589,1.00994,1.01018,1.50,1.50
2011.10.03 10:14:28.819,1.00998,1.01024,1.50,2.25
2011.10.03 10:14:33.942,1.00999,1.01028,1.50,1.50
2011.10.03 10:14:34.062,1.01003,1.01029,1.50,1.50
2011.10.03 10:14:40.360,1.01004,1.01029,1.13,2.25
2011.10.03 10:14:40.482,1.01003,1.01029,1.50,1.50
2011.10.03 10:14:40.933,1.01004,1.01029,1.50,1.50
2011.10.03 10:14:41.279,1.01008,1.01034,1.50,1.50
2011.10.03 10:14:43.500,1.01014,1.01033,1.50,1.50
2011.10.03 10:14:46.771,1.01009,1.01033,2.10,1.50
2011.10.03 10:14:49.241,1.0101,1.01035,1.35,1.50
2011.10.03 10:14:50.818,1.01014,1.01038,1.50,1.50
2011.10.03 10:14:51.368,1.01014,1.01038,1.50,1.50
2011.10.03 10:14:51.495,1.01014,1.01039,1.50,1.50
2011.10.03 10:14:53.280,1.01009,1.01036,1.35,1.50
2011.10.03 10:14:53.950,1.01006,1.0103,1.35,1.50
2011.10.03 10:14:54.286,1.01004,1.0103,1.50,1.50
2011.10.03 10:14:54.414,1.01002,1.01028,1.35,1.50
2011.10.03 10:14:54.654,1.01003,1.01031,1.50,2.25
2011.10.03 10:14:55.003,1.01008,1.01033,1.50,2.25
2011.10.03 10:14:55.491,1.01008,1.01033,1.50,1.50
2011.10.03 10:14:56.540,1.01014,1.01038,1.50,2.25
2011.10.03 10:14:56.883,1.01014,1.01039,1.50,1.50
2011.10.03 10:14:57.222,1.01008,1.01036,1.50,2.10
2011.10.03 10:14:57.911,1.01004,1.0103,1.50,1.50
2011.10.03 10:14:59.134,1.00998,1.01026,1.50,1.50
2011.10.03 10:14:59.471,1.00992,1.0102,1.50,1.50
2011.10.03 10:15:01.479,1.00995,1.01021,1.50,1.50
2011.10.03 10:15:01.599,1.00999,1.01023,1.50,1.50
2011.10.03 10:15:03.981,1.00999,1.01024,1.50,2.25
2011.10.03 10:15:07.733,1.00989,1.01023,2.85,1.50
2011.10.03 10:15:07.853,1.00989,1.01017,1.50,1.50
2011.10.03 10:15:07.973,1.0099,1.01016,1.50,1.50
2011.10.03 10:15:08.090,1.0099,1.01016,1.50,2.25
2011.10.03 10:15:08.217,1.00985,1.01016,1.50,1.50
2011.10.03 10:15:08.331,1.00984,1.0101,1.50,1.50
2011.10.03 10:15:08.453,1.0099,1.01018,1.50,1.50
2011.10.03 10:15:10.789,1.00993,1.01023,1.50,2.25
2011.10.03 10:15:10.912,1.00997,1.01023,1.50,2.25
2011.10.03 10:15:11.442,1.00997,1.01023,1.50,2.25
2011.10.03 10:15:12.028,1.00997,1.01022,1.50,1.50
2011.10.03 10:15:12.259,1.00997,1.01023,1.50,1.35
2011.10.03 10:15:12.488,1.00997,1.01024,1.50,1.50
2011.10.03 10:15:18.312,1.00993,1.01024,1.50,1.50
2011.10.03 10:15:18.650,1.00991,1.01019,1.50,1.50
2011.10.03 10:15:23.315,1.00991,1.01017,1.50,1.50
2011.10.03 10:15:23.428,1.00987,1.01013,2.06,1.50
2011.10.03 10:15:24.027,1.00986,1.01011,1.31,1.50
2011.10.03 10:15:24.146,1.00982,1.01009,2.06,1.50
2011.10.03 10:15:26.703,1.00977,1.01006,2.81,1.50
2011.10.03 10:15:26.820,1.00978,1.01003,1.31,1.50
2011.10.03 10:15:26.943,1.00978,1.01002,1.50,1.50
2011.10.03 10:15:27.061,1.00972,1.00997,1.91,1.50
2011.10.03 10:15:27.485,1.00972,1.00997,1.35,1.50
2011.10.03 10:15:28.890,1.00972,1.00997,2.10,1.50
2011.10.03 10:15:29.121,1.00975,1.01003,1.50,1.50
2011.10.03 10:15:29.241,1.00977,1.01009,1.50,1.50
2011.10.03 10:15:29.472,1.00977,1.01003,1.50,1.50
2011.10.03 10:15:30.186,1.00975,1.00997,1.31,1.50
2011.10.03 10:15:30.303,1.00977,1.01002,1.50,1.50
2011.10.03 10:15:32.900,1.00972,1.00995,1.31,2.10
2011.10.03 10:15:33.240,1.00968,1.00988,1.50,1.50
2011.10.03 10:15:33.362,1.00963,1.00988,1.31,1.50
2011.10.03 10:15:33.479,1.00963,1.00988,2.06,1.50
2011.10.03 10:15:33.819,1.00967,1.00993,1.50,1.50
2011.10.03 10:15:38.498,1.00962,1.00987,2.06,1.50
2011.10.03 10:15:39.266,1.00963,1.0099,1.31,1.50
2011.10.03 10:15:39.387,1.00965,1.00993,1.50,1.50
2011.10.03 10:15:39.504,1.00962,1.00987,1.31,1.50
2011.10.03 10:15:42.329,1.00962,1.00987,1.31,1.50
2011.10.03 10:15:43.118,1.00962,1.00986,1.31,1.50
2011.10.03 10:15:43.548,1.00957,1.0098,1.31,1.35
2011.10.03 10:15:43.791,1.00952,1.00977,1.31,1.50
2011.10.03 10:15:43.910,1.00949,1.00977,3.41,1.50
2011.10.03 10:15:44.144,1.00957,1.00983,1.50,1.50
2011.10.03 10:15:44.266,1.00965,1.0099,1.50,1.50
2011.10.03 10:15:44.602,1.00959,1.00987,2.10,1.50
2011.10.03 10:15:44.721,1.00965,1.00991,1.50,1.50
2011.10.03 10:15:48.002,1.00955,1.00981,1.50,1.50
2011.10.03 10:15:48.233,1.0096,1.00986,1.50,1.50
2011.10.03 10:15:48.671,1.00954,1.00982,1.50,1.50
2011.10.03 10:15:49.670,1.00954,1.00985,1.50,1.50
2011.10.03 10:15:49.796,1.0096,1.00986,1.50,1.50
2011.10.03 10:15:49.909,1.00956,1.00986,1.50,1.50
2011.10.03 10:15:50.032,1.00954,1.00982,1.50,1.50
2011.10.03 10:15:52.952,1.00959,1.00987,1.50,1.50
2011.10.03 10:15:53.289,1.00965,1.0099,1.50,1.50
2011.10.03 10:15:53.742,1.00967,1.00993,1.50,1.50
2011.10.03 10:15:53.860,1.00965,1.00996,2.10,1.50
2011.10.03 10:15:53.982,1.00971,1.00997,1.50,1.50
2011.10.03 10:15:54.427,1.00964,1.00987,1.16,1.50
2011.10.03 10:15:54.542,1.00966,1.00992,1.50,1.50
2011.10.03 10:15:55.431,1.00959,1.0099,1.31,1.50
2011.10.03 10:15:55.660,1.0096,1.00986,1.35,1.50
2011.10.03 10:15:55.782,1.00973,1.00996,1.50,1.50
2011.10.03 10:15:56.009,1.00961,1.00987,1.50,1.50
2011.10.03 10:15:56.704,1.00959,1.00988,1.31,1.50
2011.10.03 10:15:56.823,1.0096,1.00988,1.50,1.50
2011.10.03 10:15:56.942,1.00965,1.00991,1.50,1.50
2011.10.03 10:15:57.931,1.00963,1.00993,2.06,1.50
2011.10.03 10:15:58.051,1.0096,1.00988,1.50,1.50
2011.10.03 10:15:58.610,1.00965,1.00993,1.50,1.50
2011.10.03 10:15:59.367,1.00964,1.00991,1.31,1.50
2011.10.03 10:15:59.481,1.00961,1.00991,1.50,1.50
2011.10.03 10:15:59.600,1.00961,1.00987,1.50,1.50
2011.10.03 10:15:59.720,1.00962,1.00993,1.50,2.25
2011.10.03 10:15:59.839,1.00967,1.00993,1.50,2.25
2011.10.03 10:15:59.961,1.0096,1.00992,1.50,1.50
2011.10.03 10:16:00.080,1.00961,1.00988,1.31,1.50
2011.10.03 10:16:00.199,1.00963,1.00994,1.50,1.50
2011.10.03 10:16:00.319,1.00966,1.00994,1.50,1.50
2011.10.03 10:16:00.879,1.00966,1.00996,1.50,1.50
2011.10.03 10:16:01.004,1.00972,1.00998,1.50,1.50
2011.10.03 10:16:02.407,1.00985,1.01007,1.50,1.50
2011.10.03 10:16:02.635,1.00981,1.01006,1.50,1.13
2011.10.03 10:16:02.752,1.00973,1.00999,1.50,1.50
2011.10.03 10:16:05.931,1.00967,1.00993,1.31,1.50
2011.10.03 10:16:07.479,1.0097,1.00996,1.50,1.50
2011.10.03 10:16:08.570,1.0097,1.00996,1.50,1.50
2011.10.03 10:16:09.318,1.0097,1.00996,1.50,1.50
2011.10.03 10:16:10.013,1.00976,1.01,1.50,1.50
2011.10.03 10:16:10.130,1.00976,1.01002,1.50,1.50
2011.10.03 10:16:10.920,1.00972,1.01002,1.50,1.50
2011.10.03 10:16:11.043,1.0097,1.00998,1.50,1.50
2011.10.03 10:16:11.975,1.00976,1.01002,1.50,2.25
2011.10.03 10:16:12.311,1.00976,1.01002,1.50,1.50
2011.10.03 10:16:12.430,1.00982,1.01007,1.50,3.60
2011.10.03 10:16:13.200,1.00982,1.01007,1.50,1.35
2011.10.03 10:16:13.658,1.00976,1.01004,1.50,1.50
2011.10.03 10:16:16.354,1.00978,1.0101,1.13,2.25
2011.10.03 10:16:16.473,1.00985,1.0101,1.50,1.50
2011.10.03 10:16:16.814,1.0099,1.01018,1.50,2.25
2011.10.03 10:16:17.149,1.00983,1.01009,1.50,1.50
2011.10.03 10:16:17.491,1.00992,1.01017,1.50,1.50
2011.10.03 10:16:18.420,1.00998,1.01022,1.50,1.50
2011.10.03 10:16:18.986,1.01003,1.01029,1.50,1.50
2011.10.03 10:16:19.553,1.00997,1.01025,1.50,1.50
2011.10.03 10:16:20.126,1.00997,1.01029,1.50,1.50
2011.10.03 10:16:20.246,1.01004,1.0103,1.50,1.50
2011.10.03 10:16:20.583,1.00999,1.0103,1.50,1.50
2011.10.03 10:16:20.702,1.00996,1.01025,1.31,1.50
2011.10.03 10:16:20.820,1.00995,1.0102,1.31,1.50
2011.10.03 10:16:21.383,1.00982,1.0101,1.50,1.50
2011.10.03 10:16:23.722,1.00993,1.01021,1.50,1.50
2011.10.03 10:16:24.060,1.00989,1.01015,1.50,1.50
2011.10.03 10:16:28.282,1.00985,1.01015,1.50,1.50
2011.10.03 10:16:28.825,1.00974,1.01,3.19,1.50
2011.10.03 10:16:28.958,1.00979,1.01005,1.50,1.50
2011.10.03 10:16:39.171,1.00988,1.01005,2.10,1.50
2011.10.03 10:16:39.293,1.00994,1.01018,1.50,1.50
2011.10.03 10:16:39.520,1.00989,1.01014,1.35,2.25
2011.10.03 10:16:41.445,1.00989,1.01014,1.35,1.50
2011.10.03 10:16:41.564,1.00993,1.01019,1.50,1.50
2011.10.03 10:16:41.900,1.00998,1.01024,1.50,2.25
2011.10.03 10:16:42.491,1.00998,1.01023,1.50,1.50
2011.10.03 10:16:42.938,1.00995,1.01023,1.50,2.25
2011.10.03 10:16:43.058,1.00994,1.0102,1.50,1.50
2011.10.03 10:16:43.289,1.00999,1.01023,1.50,1.50
2011.10.03 10:16:43.807,1.00999,1.01025,1.50,1.50
2011.10.03 10:16:47.453,1.01003,1.01028,1.35,1.50
2011.10.03 10:16:47.903,1.01009,1.01034,1.50,1.35
2011.10.03 10:16:48.529,1.01002,1.01033,1.50,1.35
2011.10.03 10:16:48.664,1.00997,1.01021,1.16,1.50
2011.10.03 10:16:48.892,1.00995,1.0102,1.50,1.35
2011.10.03 10:16:49.013,1.00991,1.01017,1.31,1.50
2011.10.03 10:16:49.242,1.00989,1.01017,1.50,1.50
2011.10.03 10:16:52.911,1.00991,1.0102,1.50,2.10
2011.10.03 10:16:53.030,1.00995,1.01019,1.50,1.50
2011.10.03 10:16:53.265,1.00982,1.01006,1.31,1.50
2011.10.03 10:16:53.494,1.00978,1.01006,5.25,1.50
2011.10.03 10:16:53.616,1.0099,1.01015,1.50,1.50
2011.10.03 10:16:53.974,1.0099,1.01016,1.50,1.50
2011.10.03 10:16:54.214,1.00985,1.01011,1.50,1.50
2011.10.03 10:16:56.205,1.00981,1.01011,1.50,2.10
2011.10.03 10:16:56.322,1.0098,1.01006,1.50,1.50
2011.10.03 10:16:56.765,1.00975,1.01004,1.31,1.13
2011.10.03 10:16:56.900,1.00969,1.00991,1.16,1.50
2011.10.03 10:16:57.024,1.00973,1.01003,1.31,5.10
2011.10.03 10:16:57.256,1.00978,1.01,1.50,2.10
2011.10.03 10:16:57.374,1.00971,1.00997,1.50,1.35
2011.10.03 10:16:57.492,1.00971,1.00999,1.50,1.50
2011.10.03 10:16:58.992,1.00977,1.01004,1.50,1.35
2011.10.03 10:16:59.344,1.00983,1.01007,1.50,1.50
2011.10.03 10:16:59.792,1.00977,1.01005,1.50,1.50
2011.10.03 10:17:00.021,1.00972,1.01,1.50,1.50
2011.10.03 10:17:00.363,1.00983,1.01006,1.50,2.25
2011.10.03 10:17:00.483,1.00973,1.01001,1.50,1.50
2011.10.03 10:17:00.966,1.00968,1.00996,1.50,1.50
2011.10.03 10:17:02.961,1.00974,1.01,1.50,2.25
2011.10.03 10:17:04.614,1.00988,1.0101,1.50,1.13
2011.10.03 10:17:04.848,1.00978,1.01003,1.31,1.50
2011.10.03 10:17:05.183,1.00975,1.01003,1.50,2.25
2011.10.03 10:17:06.003,1.0097,1.01002,1.50,1.50
2011.10.03 10:17:06.124,1.00969,1.00995,1.50,1.50
2011.10.03 10:17:09.180,1.00976,1.01002,1.50,2.25
2011.10.03 10:17:14.338,1.00978,1.01002,1.35,1.50
2011.10.03 10:17:14.573,1.00989,1.01014,1.50,1.50
2011.10.03 10:17:14.802,1.00989,1.01017,1.50,1.50
2011.10.03 10:17:15.141,1.00989,1.01017,1.50,1.50
2011.10.03 10:17:17.622,1.00994,1.01022,1.50,2.25
2011.10.03 10:17:20.158,1.00994,1.01022,1.50,1.50
2011.10.03 10:17:20.724,1.01001,1.01026,1.50,2.25
2011.10.03 10:17:22.411,1.01004,1.01026,1.35,1.50
2011.10.03 10:17:22.760,1.01007,1.01032,1.50,2.25
2011.10.03 10:17:22.993,1.01014,1.01038,1.50,2.25
2011.10.03 10:17:23.119,1.01004,1.0103,1.50,1.50
2011.10.03 10:17:24.542,1.00995,1.0102,1.31,1.50
2011.10.03 10:17:24.772,1.00992,1.0102,1.50,1.50
2011.10.03 10:17:27.180,1.00995,1.01026,1.50,1.50
2011.10.03 10:17:27.299,1.01,1.01026,1.50,1.50
2011.10.03 10:17:34.512,1.00994,1.01026,1.50,1.50
2011.10.03 10:17:34.632,1.00992,1.0102,1.50,1.50
2011.10.03 10:17:36.430,1.00993,1.01027,1.13,1.50
2011.10.03 10:17:36.550,1.01002,1.01028,1.50,1.50
2011.10.03 10:17:37.321,1.01002,1.01028,1.50,1.50
2011.10.03 10:17:37.956,1.01004,1.01028,1.13,1.50
2011.10.03 10:17:38.229,1.01004,1.01028,1.88,1.50
2011.10.03 10:17:38.366,1.01003,1.01031,1.50,1.50
2011.10.03 10:17:43.396,1.01005,1.01028,1.35,2.25
2011.10.03 10:17:43.625,1.01004,1.0103,1.50,1.50
2011.10.03 10:17:43.855,1.01015,1.01037,1.50,1.35
2011.10.03 10:17:43.971,1.01015,1.01039,1.50,2.10
2011.10.03 10:17:44.090,1.0101,1.01037,1.50,1.35
2011.10.03 10:17:44.213,1.01018,1.01042,1.50,3.75
2011.10.03 10:17:44.484,1.01008,1.01035,1.31,1.50
2011.10.03 10:17:48.733,1.01002,1.01027,1.31,1.50
2011.10.03 10:17:49.288,1.01001,1.01027,1.50,1.50
2011.10.03 10:17:50.210,1.01001,1.01031,1.50,1.50
2011.10.03 10:17:50.331,1.01006,1.01034,1.50,3.00
2011.10.03 10:17:55.901,1.01009,1.01034,1.35,1.50
2011.10.03 10:17:56.241,1.01016,1.0104,1.50,1.50
2011.10.03 10:17:56.361,1.01016,1.01042,1.50,1.50
2011.10.03 10:17:56.921,1.01008,1.01034,2.06,1.50
2011.10.03 10:17:57.513,1.01006,1.01034,1.50,1.50
2011.10.03 10:18:00.640,1.01001,1.01027,1.50,1.50
2011.10.03 10:18:01.749,1.00995,1.01026,2.06,1.50
2011.10.03 10:18:01.873,1.00995,1.01023,1.50,1.50
2011.10.03 10:18:08.429,1.00993,1.01023,1.50,1.50
2011.10.03 10:18:08.548,1.00992,1.01018,1.31,1.50
2011.10.03 10:18:18.532,1.00988,1.01012,1.16,1.50
2011.10.03 10:18:19.219,1.00987,1.01012,1.31,1.50
2011.10.03 10:18:22.199,1.00991,1.01017,1.50,1.50
2011.10.03 10:18:22.539,1.00988,1.01016,1.31,1.50
2011.10.03 10:18:22.659,1.00986,1.01012,1.31,1.50
2011.10.03 10:18:22.889,1.00984,1.01012,1.50,1.50
2011.10.03 10:18:28.252,1.00979,1.01002,2.06,1.50
2011.10.03 10:18:28.372,1.0098,1.01006,1.50,1.50
2011.10.03 10:18:28.491,1.00985,1.01011,1.50,1.50
2011.10.03 10:18:30.287,1.00981,1.01007,1.31,1.50
2011.10.03 10:18:30.624,1.00976,1.01002,1.31,1.50
2011.10.03 10:18:30.958,1.00976,1.01002,1.31,1.50
2011.10.03 10:18:31.722,1.00972,1.00992,1.31,1.50
2011.10.03 10:18:32.171,1.00968,1.00992,1.91,1.50
2011.10.03 10:18:33.042,1.00971,1.00992,1.31,1.50
2011.10.03 10:18:33.276,1.00978,1.01002,1.35,1.50
2011.10.03 10:18:33.813,1.00974,1.01,1.31,1.50
2011.10.03 10:18:33.930,1.00979,1.01006,1.31,1.50
2011.10.03 10:18:34.050,1.0098,1.01008,1.50,1.50
2011.10.03 10:18:36.732,1.00996,1.01016,2.48,2.25
2011.10.03 10:18:36.853,1.01005,1.01022,1.50,3.00
2011.10.03 10:18:37.226,1.01005,1.01029,1.50,1.50
2011.10.03 10:18:37.342,1.00999,1.01025,1.31,1.50
2011.10.03 10:18:40.796,1.00993,1.01018,1.31,1.50
2011.10.03 10:18:41.329,1.0099,1.01018,1.50,1.50
2011.10.03 10:18:41.670,1.00987,1.01011,1.35,1.50
2011.10.03 10:18:49.766,1.00991,1.01017,1.50,1.50
2011.10.03 10:18:58.338,1.00993,1.01017,1.31,1.50
2011.10.03 10:18:59.860,1.00993,1.01017,1.31,1.50
2011.10.03 10:19:00.202,1.00986,1.01007,1.31,1.50
2011.10.03 10:19:00.438,1.00987,1.01007,1.35,1.50
2011.10.03 10:19:00.564,1.00994,1.01022,1.50,2.25
2011.10.03 10:19:00.682,1.00986,1.01022,1.50,2.85
2011.10.03 10:19:00.912,1.00986,1.01011,1.31,1.50
2011.10.03 10:19:01.300,1.00986,1.01011,1.31,1.50
2011.10.03 10:19:02.309,1.00986,1.0101,1.31,1.35
2011.10.03 10:19:02.653,1.00979,1.00993,2.06,1.50
2011.10.03 10:19:02.771,1.0097,1.00993,1.31,1.50
2011.10.03 10:19:03.108,1.00968,1.00993,2.06,1.50
2011.10.03 10:19:03.340,1.00971,1.00997,1.50,1.50
2011.10.03 10:19:03.898,1.00973,1.00997,1.31,1.50
2011.10.03 10:19:04.532,1.00973,1.00997,1.31,1.50
2011.10.03 10:19:06.613,1.00973,1.00997,1.31,1.50
2011.10.03 10:19:06.733,1.00981,1.01008,1.35,1.50
2011.10.03 10:19:14.364,1.00991,1.01013,2.10,1.50
2011.10.03 10:19:14.485,1.00998,1.01016,1.35,1.50
2011.10.03 10:19:14.606,1.00998,1.01021,1.35,1.50
2011.10.03 10:19:14.722,1.00998,1.01022,1.35,1.88
2011.10.03 10:19:14.844,1.00993,1.01019,1.35,1.50
2011.10.03 10:19:15.185,1.00995,1.01019,1.16,1.50
2011.10.03 10:19:15.414,1.00991,1.01019,1.50,1.50
2011.10.03 10:19:15.860,1.00983,1.01013,2.10,1.50
2011.10.03 10:19:15.975,1.00981,1.01009,2.06,1.50
2011.10.03 10:19:22.920,1.00977,1.01007,1.50,1.50
2011.10.03 10:19:23.041,1.00977,1.01003,1.50,1.50
2011.10.03 10:19:25.950,1.0097,1.00995,1.31,1.50
2011.10.03 10:19:26.313,1.00968,1.00995,2.25,1.50
2011.10.03 10:19:26.902,1.00974,1.01,1.50,1.50
2011.10.03 10:19:27.683,1.00973,1.00999,1.31,1.50
2011.10.03 10:19:27.910,1.00968,1.00995,1.31,1.50
2011.10.03 10:19:28.361,1.0097,1.00995,1.35,1.50
2011.10.03 10:19:28.485,1.00978,1.01006,1.50,2.25
2011.10.03 10:19:28.859,1.0099,1.01012,1.50,2.25
2011.10.03 10:19:28.981,1.0099,1.01012,1.50,1.50
2011.10.03 10:19:29.101,1.0099,1.01016,1.50,1.50
2011.10.03 10:19:30.004,1.00986,1.01011,1.31,1.50
2011.10.03 10:19:30.778,1.00989,1.01015,1.50,1.50
2011.10.03 10:19:32.754,1.00985,1.01011,1.31,1.50
2011.10.03 10:19:33.342,1.00983,1.01011,1.50,1.50
2011.10.03 10:19:33.680,1.00983,1.01014,1.88,1.50
2011.10.03 10:19:33.800,1.00988,1.01016,1.50,1.50
2011.10.03 10:19:33.925,1.00983,1.01011,1.88,1.50
2011.10.03 10:19:34.477,1.00985,1.01011,1.31,1.50
2011.10.03 10:19:35.679,1.00985,1.01011,1.31,1.50
2011.10.03 10:19:36.440,1.00985,1.01011,1.31,1.50
2011.10.03 10:19:38.011,1.00983,1.01011,1.50,1.50
2011.10.03 10:19:39.037,1.00985,1.01011,1.35,1.50
2011.10.03 10:19:41.834,1.00989,1.01017,1.50,1.50
2011.10.03 10:19:44.264,1.00979,1.01003,1.16,1.50
2011.10.03 10:19:44.491,1.00979,1.01003,1.50,1.50
2011.10.03 10:19:44.720,1.00979,1.01011,1.13,1.50
2011.10.03 10:19:44.843,1.00985,1.01011,1.50,1.50
2011.10.03 10:19:47.150,1.00985,1.01014,1.50,1.50
2011.10.03 10:19:47.272,1.0099,1.01015,1.50,1.50
2011.10.03 10:19:47.500,1.00985,1.01011,1.50,1.50
2011.10.03 10:19:50.284,1.0099,1.01016,1.50,1.50
2011.10.03 10:19:50.737,1.00984,1.0101,2.06,1.50
2011.10.03 10:19:51.080,1.00983,1.0101,1.31,2.85
2011.10.03 10:19:51.208,1.00974,1.01001,1.31,1.50
2011.10.03 10:19:52.092,1.00975,1.01003,1.91,1.50
2011.10.03 10:19:52.213,1.00984,1.0101,1.50,1.50
2011.10.03 10:19:59.785,1.00979,1.01005,1.31,1.50
2011.10.03 10:20:00.383,1.00979,1.01005,1.31,1.50
2011.10.03 10:20:00.507,1.0098,1.01012,1.91,1.50
2011.10.03 10:20:00.743,1.00987,1.01015,1.50,1.50
2011.10.03 10:20:00.973,1.00984,1.01012,1.31,1.50
2011.10.03 10:20:01.090,1.00984,1.0101,1.31,1.50
2011.10.03 10:20:04.921,1.00977,1.01005,1.50,1.50
2011.10.03 10:20:09.181,1.00976,1.01002,1.31,1.50
2011.10.03 10:20:09.300,1.00972,1.00996,1.31,1.50
2011.10.03 10:20:09.414,1.0097,1.00996,1.50,1.50
2011.10.03 10:20:19.052,1.00965,1.0099,1.31,1.50
2011.10.03 10:20:19.389,1.00963,1.0099,1.31,1.50
2011.10.03 10:20:20.091,1.00967,1.00995,1.50,1.50
2011.10.03 10:20:21.739,1.00967,1.00993,1.31,1.50
2011.10.03 10:20:22.080,1.00963,1.0099,1.31,1.50
2011.10.03 10:20:24.182,1.00972,1.00999,1.50,1.50
2011.10.03 10:20:24.521,1.00968,1.01,1.31,2.85
2011.10.03 10:20:24.753,1.00963,1.00989,2.06,1.50
2011.10.03 10:20:26.679,1.00964,1.00989,1.50,1.50
2011.10.03 10:20:26.910,1.00978,1.01002,1.50,1.50
2011.10.03 10:20:27.031,1.00975,1.00999,1.31,1.50
2011.10.03 10:20:30.671,1.00969,1.00991,2.25,1.50
2011.10.03 10:20:31.121,1.00966,1.00991,2.06,1.50
2011.10.03 10:20:31.683,1.00967,1.00991,1.31,1.50
2011.10.03 10:20:31.912,1.00968,1.00996,1.50,1.50
2011.10.03 10:20:32.343,1.00974,1.01,1.50,1.50
2011.10.03 10:20:32.904,1.00976,1.01,1.35,1.50
2011.10.03 10:20:33.247,1.00983,1.0101,1.50,1.50
2011.10.03 10:20:33.363,1.00983,1.01009,2.06,1.50
2011.10.03 10:20:34.241,1.00992,1.01018,1.50,1.50
2011.10.03 10:20:35.019,1.00994,1.0102,1.13,1.50
2011.10.03 10:20:35.957,1.00998,1.0102,1.50,1.50
2011.10.03 10:20:36.074,1.00995,1.0102,1.50,1.50
2011.10.03 10:20:36.463,1.00995,1.0102,1.50,1.50
2011.10.03 10:20:37.019,1.00995,1.01023,1.50,1.50
2011.10.03 10:20:37.442,1.00993,1.01023,1.31,1.50
2011.10.03 10:20:37.561,1.00991,1.01017,1.50,1.50
2011.10.03 10:20:40.321,1.00992,1.01017,1.35,1.50
2011.10.03 10:20:40.665,1.00996,1.01024,1.50,2.10
2011.10.03 10:20:40.784,1.00996,1.01023,1.50,1.35
2011.10.03 10:20:41.109,1.00993,1.01017,1.31,1.50
2011.10.03 10:20:41.245,1.00995,1.01023,1.50,2.10
2011.10.03 10:20:42.424,1.00997,1.01023,1.69,1.50
2011.10.03 10:20:42.804,1.01002,1.01025,1.31,1.50
2011.10.03 10:20:42.941,1.00994,1.01021,2.25,1.50
2011.10.03 10:20:43.391,1.00993,1.01024,1.50,1.50
2011.10.03 10:20:43.593,1.00998,1.01026,1.50,1.50
2011.10.03 10:20:44.864,1.00995,1.01025,1.50,1.35
2011.10.03 10:20:44.985,1.00987,1.01012,1.31,1.50
2011.10.03 10:20:46.514,1.00987,1.0102,2.06,1.50
2011.10.03 10:20:46.636,1.00992,1.0102,1.50,1.50
2011.10.03 10:20:46.969,1.00988,1.01017,1.50,1.50
2011.10.03 10:20:47.202,1.00988,1.01014,1.50,1.50
2011.10.03 10:20:47.982,1.00992,1.0102,1.50,1.50
2011.10.03 10:20:48.212,1.00998,1.01023,1.50,1.50
2011.10.03 10:20:49.981,1.00995,1.01024,1.50,1.50
2011.10.03 10:20:50.101,1.00993,1.01019,2.10,1.50
2011.10.03 10:20:51.100,1.00993,1.01022,1.50,1.50
2011.10.03 10:20:51.382,1.00998,1.01024,1.50,1.50
2011.10.03 10:20:52.911,1.01003,1.01029,1.50,1.50
2011.10.03 10:20:53.468,1.01003,1.01031,1.50,1.50
2011.10.03 10:20:55.059,1.01005,1.01031,1.35,1.50
2011.10.03 10:20:55.401,1.01013,1.01039,1.50,1.50
2011.10.03 10:20:55.524,1.01013,1.01041,1.50,1.50
2011.10.03 10:20:55.750,1.0101,1.01035,1.35,1.50
2011.10.03 10:20:59.560,1.01,1.0102,1.31,1.50
2011.10.03 10:20:59.792,1.01004,1.0103,1.50,1.50
2011.10.03 10:21:00.130,1.00999,1.01025,1.50,1.50
2011.10.03 10:21:00.626,1.00995,1.01021,1.31,1.50
2011.10.03 10:21:01.132,1.00997,1.01026,1.31,1.50
2011.10.03 10:21:01.249,1.00998,1.01026,1.50,1.50
2011.10.03 10:21:03.413,1.00998,1.01023,1.50,1.35
2011.10.03 10:21:03.972,1.01001,1.01026,1.31,1.50
2011.10.03 10:21:04.531,1.00998,1.01026,1.50,1.50
2011.10.03 10:21:04.980,1.00997,1.01023,1.31,1.50
2011.10.03 10:21:05.104,1.00994,1.0102,1.91,1.50
2011.10.03 10:21:05.551,1.00992,1.0102,1.50,1.50
2011.10.03 10:21:08.395,1.00998,1.01024,1.50,1.50
2011.10.03 10:21:14.026,1.00994,1.01019,1.31,1.50
2011.10.03 10:21:14.142,1.00994,1.01019,1.31,1.50
2011.10.03 10:21:14.261,1.00996,1.01022,1.50,1.50
2011.10.03 10:21:14.382,1.00997,1.01025,1.50,1.50
2011.10.03 10:21:18.710,1.01003,1.01029,1.50,1.50
2011.10.03 10:21:19.052,1.00994,1.0102,2.25,1.50
2011.10.03 10:21:19.503,1.00998,1.01024,1.50,1.50
2011.10.03 10:21:20.160,1.00993,1.01019,2.06,1.50
2011.10.03 10:21:21.193,1.0099,1.01015,1.31,1.50
2011.10.03 10:21:21.330,1.00993,1.01018,1.35,1.50
2011.10.03 10:21:21.561,1.00993,1.0102,1.35,1.50
2011.10.03 10:21:23.151,1.00994,1.0102,1.13,1.50
2011.10.03 10:21:23.663,1.00997,1.01026,3.75,1.50
2011.10.03 10:21:23.775,1.00998,1.01023,1.31,1.50
2011.10.03 10:21:24.332,1.00993,1.01018,1.31,1.50
2011.10.03 10:21:24.970,1.00993,1.01018,1.31,1.50
2011.10.03 10:21:27.798,1.00993,1.01018,1.31,1.50
2011.10.03 10:21:28.373,1.00993,1.01018,1.31,1.50
2011.10.03 10:21:30.790,1.00993,1.01018,1.31,1.50
2011.10.03 10:21:31.136,1.00996,1.01022,1.50,1.35
2011.10.03 10:21:31.476,1.00992,1.01017,1.31,1.50
2011.10.03 10:21:33.713,1.01,1.01023,2.10,1.50
2011.10.03 10:21:33.833,1.00997,1.01023,1.35,1.50
2011.10.03 10:21:34.268,1.00991,1.01017,1.91,1.50
2011.10.03 10:21:34.823,1.00986,1.01011,1.31,1.50
2011.10.03 10:21:35.104,1.0099,1.01016,1.50,1.50
2011.10.03 10:21:36.420,1.00995,1.01021,1.50,1.50
2011.10.03 10:21:37.211,1.00986,1.01012,1.31,1.50
2011.10.03 10:21:37.331,1.00986,1.01012,1.31,1.50
2011.10.03 10:21:40.940,1.00984,1.01012,1.31,1.50
2011.10.03 10:21:42.126,1.00986,1.01009,1.31,1.50
2011.10.03 10:21:42.241,1.00986,1.01011,1.31,1.50
2011.10.03 10:21:43.511,1.00991,1.01015,1.35,1.50
2011.10.03 10:21:43.632,1.00991,1.01017,1.35,1.50
2011.10.03 10:21:45.475,1.01,1.01027,1.50,1.50
2011.10.03 10:21:45.703,1.01006,1.01032,1.50,3.75
2011.10.03 10:21:47.722,1.00996,1.01021,1.31,1.50
2011.10.03 10:21:48.063,1.00995,1.01021,2.66,1.50
2011.10.03 10:21:48.998,1.00995,1.01022,1.31,1.50
2011.10.03 10:21:49.222,1.00992,1.01017,1.31,1.50
2011.10.03 10:21:49.780,1.00987,1.01011,1.16,1.50
2011.10.03 10:21:50.384,1.00986,1.01011,1.91,1.50
2011.10.03 10:21:50.983,1.00986,1.01011,1.31,1.50
2011.10.03 10:21:56.242,1.00987,1.01011,2.25,1.50
2011.10.03 10:21:56.810,1.00985,1.01011,1.50,1.50
2011.10.03 10:21:57.590,1.00987,1.01011,2.81,1.50
2011.10.03 10:21:58.324,1.00987,1.01011,3.79,1.50
2011.10.03 10:21:58.553,1.00993,1.01021,1.50,1.50
2011.10.03 10:22:03.655,1.0099,1.01012,1.16,1.50
2011.10.03 10:22:03.882,1.00986,1.01012,1.50,1.50
2011.10.03 10:22:07.870,1.00982,1.0101,1.31,1.50
2011.10.03 10:22:07.991,1.00981,1.01002,1.31,1.50
2011.10.03 10:22:08.220,1.00979,1.01002,1.50,1.50
2011.10.03 10:22:08.340,1.00977,1.01002,1.31,1.50
2011.10.03 10:22:08.922,1.00977,1.01002,1.13,1.50
2011.10.03 10:22:09.040,1.00984,1.01011,1.50,1.35
2011.10.03 10:22:28.745,1.00982,1.01007,1.16,1.50
2011.10.03 10:22:29.302,1.00979,1.01007,1.50,1.50
2011.10.03 10:22:34.753,1.00976,1.01002,2.66,2.10
2011.10.03 10:22:34.884,1.00969,1.0099,1.50,1.50
2011.10.03 10:22:35.009,1.0097,1.00994,1.35,1.50
2011.10.03 10:22:35.134,1.0097,1.00996,2.10,1.50
2011.10.03 10:22:35.582,1.00967,1.00996,1.50,1.50
2011.10.03 10:22:35.702,1.00965,1.00991,1.50,1.50
2011.10.03 10:22:35.823,1.00961,1.00986,2.06,1.50
2011.10.03 10:22:36.383,1.00964,1.0099,1.50,2.10
2011.10.03 10:22:38.674,1.00961,1.0099,2.06,1.50
2011.10.03 10:22:38.798,1.0096,1.00985,1.31,1.50
2011.10.03 10:22:39.136,1.00955,1.0098,1.31,1.50
2011.10.03 10:22:39.254,1.00955,1.0098,1.13,1.50
2011.10.03 10:22:39.372,1.00959,1.00987,1.50,1.50
2011.10.03 10:22:40.806,1.00965,1.00993,1.50,1.50
2011.10.03 10:22:41.250,1.00963,1.00993,1.31,1.50
2011.10.03 10:22:41.371,1.00962,1.00987,1.31,1.50
2011.10.03 10:22:42.057,1.00961,1.00987,1.50,1.50
2011.10.03 10:22:42.330,1.00961,1.00991,1.50,1.50
2011.10.03 10:22:42.556,1.00965,1.00993,1.50,1.50
2011.10.03 10:22:51.758,1.00967,1.00991,2.06,1.50
2011.10.03 10:22:52.199,1.00965,1.00991,1.31,1.50
2011.10.03 10:22:52.740,1.00969,1.00995,1.50,1.50
2011.10.03 10:22:55.981,1.00965,1.00991,1.31,1.50
2011.10.03 10:22:56.539,1.00963,1.00991,1.50,1.50
2011.10.03 10:23:02.950,1.00959,1.00991,1.50,1.50
2011.10.03 10:23:03.071,1.00957,1.00984,3.56,1.50
2011.10.03 10:23:06.661,1.00959,1.00984,1.35,1.50
2011.10.03 10:23:06.783,1.00962,1.00988,1.50,1.50
2011.10.03 10:23:11.500,1.00968,1.00996,1.50,1.50
2011.10.03 10:23:11.625,1.00968,1.00994,1.50,1.50
2011.10.03 10:23:12.624,1.00973,1.01001,1.50,1.50
2011.10.03 10:23:12.961,1.00979,1.01005,1.50,1.50
2011.10.03 10:23:13.896,1.00971,1.00996,1.69,1.50
2011.10.03 10:23:14.340,1.00968,1.00996,2.06,1.50
2011.10.03 10:23:17.552,1.00968,1.00998,2.44,1.50
2011.10.03 10:23:17.893,1.00983,1.01009,1.50,1.50
2011.10.03 10:23:18.015,1.00983,1.01011,1.50,1.50
2011.10.03 10:23:18.137,1.00977,1.01007,1.50,1.35
2011.10.03 10:23:18.252,1.00976,1.01002,2.06,1.50
2011.10.03 10:23:18.796,1.00971,1.00997,1.31,1.50
2011.10.03 10:23:21.201,1.00965,1.00991,1.31,1.50
2011.10.03 10:23:22.557,1.00964,1.0099,2.06,1.50
2011.10.03 10:23:33.063,1.00961,1.00986,1.91,1.50
2011.10.03 10:23:33.290,1.00961,1.00986,1.35,1.50
2011.10.03 10:23:34.804,1.00963,1.00991,1.50,1.50
2011.10.03 10:23:37.493,1.00959,1.00985,1.50,1.50
2011.10.03 10:23:47.700,1.0096,1.00989,1.31,1.50
2011.10.03 10:23:47.820,1.00964,1.0099,1.50,1.50
2011.10.03 10:23:48.729,1.0096,1.00989,1.31,1.50
2011.10.03 10:23:48.842,1.00964,1.0099,1.50,1.50
2011.10.03 10:23:48.962,1.00959,1.00984,1.31,1.50
2011.10.03 10:23:49.300,1.00963,1.00989,1.50,1.50
2011.10.03 10:23:52.251,1.0096,1.00984,2.06,1.50
2011.10.03 10:23:53.482,1.0096,1.00984,1.31,1.50
2011.10.03 10:23:54.340,1.0096,1.00984,1.31,1.50
2011.10.03 10:23:56.484,1.00964,1.0099,1.50,1.50
2011.10.03 10:23:56.608,1.00961,1.00986,2.06,1.50
2011.10.03 10:23:56.940,1.00965,1.0099,1.35,1.50
2011.10.03 10:23:59.433,1.00966,1.0099,1.50,1.50
2011.10.03 10:23:59.991,1.00965,1.0099,1.35,1.50
2011.10.03 10:24:00.554,1.00967,1.00994,1.35,1.50
2011.10.03 10:24:00.675,1.00968,1.00996,1.50,1.50
2011.10.03 10:24:03.296,1.00965,1.00993,1.31,1.13
2011.10.03 10:24:03.411,1.00964,1.00989,1.31,1.50
2011.10.03 10:24:04.182,1.00963,1.00989,1.50,1.50
2011.10.03 10:24:04.755,1.00953,1.00976,2.06,1.50
2011.10.03 10:24:04.984,1.00965,1.00991,1.50,2.10
2011.10.03 10:24:05.215,1.00961,1.00987,1.31,1.50
2011.10.03 10:24:05.794,1.00966,1.00992,1.50,1.50
2011.10.03 10:24:06.451,1.00961,1.00991,1.50,1.50
2011.10.03 10:24:06.570,1.00961,1.00987,1.50,1.50
2011.10.03 10:24:10.544,1.00962,1.00987,2.06,1.50
2011.10.03 10:24:12.042,1.00968,1.00994,1.50,1.50
2011.10.03 10:24:18.352,1.0097,1.00992,1.31,1.35
2011.10.03 10:24:18.749,1.00963,1.00987,1.31,1.50
2011.10.03 10:24:18.882,1.00974,1.01,1.50,1.50
2011.10.03 10:24:19.342,1.00964,1.00989,1.31,1.50
2011.10.03 10:24:19.910,1.00964,1.00989,1.31,1.50
2011.10.03 10:24:23.279,1.00964,1.00989,1.31,1.50
2011.10.03 10:24:26.682,1.00964,1.00989,2.06,1.50
2011.10.03 10:24:26.801,1.00964,1.00989,1.31,1.50
2011.10.03 10:24:29.262,1.00959,1.00988,1.31,1.50
2011.10.03 10:24:29.380,1.00959,1.00985,1.31,1.50
2011.10.03 10:24:37.273,1.00963,1.00991,1.50,1.50
2011.10.03 10:24:40.124,1.00966,1.00995,2.06,1.50
2011.10.03 10:24:40.446,1.00969,1.00995,1.50,1.50
2011.10.03 10:24:40.570,1.0097,1.00996,1.50,1.50
2011.10.03 10:24:46.964,1.00964,1.00992,1.50,1.50
2011.10.03 10:24:48.962,1.0096,1.00986,1.50,1.50
2011.10.03 10:24:49.526,1.00964,1.0099,1.50,1.50
2011.10.03 10:24:49.643,1.00964,1.00992,1.50,3.00
2011.10.03 10:24:51.645,1.00964,1.00988,1.50,1.13
2011.10.03 10:24:51.765,1.00959,1.00987,1.50,2.25
2011.10.03 10:24:52.215,1.00955,1.00981,1.50,1.50
2011.10.03 10:24:59.952,1.00956,1.00987,1.50,1.50
2011.10.03 10:25:00.072,1.00959,1.00987,1.50,1.50
2011.10.03 10:25:00.191,1.00959,1.00989,1.88,1.50
2011.10.03 10:25:00.421,1.00965,1.00991,1.50,2.25
2011.10.03 10:25:01.022,1.0096,1.00986,1.50,1.50
2011.10.03 10:25:01.143,1.00955,1.00981,2.06,1.50
2011.10.03 10:25:01.691,1.00955,1.00985,2.06,1.50
2011.10.03 10:25:01.810,1.00959,1.00987,1.50,1.50
2011.10.03 10:25:04.679,1.00959,1.00989,1.50,1.50
2011.10.03 10:25:04.801,1.00965,1.00991,1.50,2.25
2011.10.03 10:25:13.233,1.00978,1.01003,1.50,1.50
2011.10.03 10:25:13.683,1.00969,1.00995,1.50,1.50
2011.10.03 10:25:18.197,1.00969,1.01,2.85,1.50
2011.10.03 10:25:18.314,1.0098,1.01005,1.50,1.50
2011.10.03 10:25:18.542,1.0098,1.01006,1.50,1.50
2011.10.03 10:25:18.771,1.0098,1.01013,3.23,1.50
2011.10.03 10:25:18.892,1.0099,1.01014,1.50,1.50
2011.10.03 10:25:19.454,1.0099,1.01016,1.50,2.48
2011.10.03 10:25:19.575,1.00983,1.01008,1.31,1.50
2011.10.03 10:25:20.100,1.0098,1.01008,1.50,1.50
2011.10.03 10:25:35.472,1.00983,1.01016,2.10,1.50
2011.10.03 10:25:35.590,1.00988,1.01016,1.50,1.50
2011.10.03 10:25:44.042,1.01005,1.01023,1.50,1.50
2011.10.03 10:25:44.166,1.00997,1.01022,3.60,1.50
2011.10.03 10:25:44.286,1.00997,1.01014,2.25,1.50
2011.10.03 10:25:44.403,1.00989,1.01014,3.00,1.50
2011.10.03 10:25:44.524,1.00993,1.01019,1.50,1.50
2011.10.03 10:25:44.642,1.00991,1.01018,1.31,1.50
2011.10.03 10:25:44.984,1.00992,1.0102,1.35,1.50
2011.10.03 10:25:45.106,1.00994,1.0102,1.35,1.50
2011.10.03 10:25:47.471,1.00992,1.0102,1.50,1.50
2011.10.03 10:25:49.287,1.00985,1.01011,1.31,1.50
2011.10.03 10:25:52.013,1.00985,1.01011,1.31,1.50
2011.10.03 10:25:55.695,1.00977,1.01001,1.31,1.50
2011.10.03 10:25:56.216,1.00975,1.01001,1.50,1.50
2011.10.03 10:26:02.246,1.00975,1.01004,1.50,1.50
2011.10.03 10:26:02.367,1.00974,1.01,1.50,1.50
2011.10.03 10:26:02.486,1.0097,1.00994,1.31,1.50
2011.10.03 10:26:02.881,1.00968,1.00994,2.06,1.50
2011.10.03 10:26:13.744,1.00972,1.00999,1.50,1.35
2011.10.03 10:26:17.093,1.00972,1.00997,1.50,2.85
2011.10.03 10:26:17.321,1.00964,1.0099,1.31,1.50
2011.10.03 10:26:17.880,1.00962,1.0099,1.50,1.50
2011.10.03 10:26:18.475,1.00953,1.00984,1.31,1.35
2011.10.03 10:26:18.596,1.00952,1.00979,1.31,1.50
2011.10.03 10:26:19.040,1.00956,1.00984,1.50,1.50
2011.10.03 10:26:25.702,1.00953,1.00979,1.31,1.50
2011.10.03 10:26:32.797,1.00963,1.00988,1.50,1.35
2011.10.03 10:26:39.219,1.00968,1.00993,1.50,2.25
2011.10.03 10:26:39.555,1.00968,1.00994,1.50,1.50
2011.10.03 10:26:39.677,1.00964,1.0099,1.35,1.50
2011.10.03 10:26:39.905,1.00968,1.00994,1.50,1.50
2011.10.03 10:26:40.160,1.00974,1.00999,1.50,1.50
2011.10.03 10:26:40.492,1.00979,1.01004,1.50,2.10
2011.10.03 10:26:40.853,1.00965,1.00993,1.50,1.50
2011.10.03 10:26:43.536,1.00959,1.00983,3.41,1.50
2011.10.03 10:26:46.200,1.00959,1.00983,1.91,1.50
2011.10.03 10:26:52.213,1.00959,1.00983,1.91,1.50
2011.10.03 10:26:54.042,1.00961,1.00987,1.31,1.50
2011.10.03 10:26:54.161,1.00962,1.0099,1.50,1.50
2011.10.03 10:26:57.500,1.00962,1.00993,1.50,2.25
2011.10.03 10:26:57.623,1.00969,1.00993,1.50,1.50
2011.10.03 10:26:58.076,1.00973,1.01001,1.50,1.50
2011.10.03 10:26:59.144,1.00976,1.01003,1.50,1.50
2011.10.03 10:26:59.262,1.00979,1.01005,1.50,1.50
2011.10.03 10:27:00.225,1.00984,1.0101,1.50,1.50
2011.10.03 10:27:00.352,1.00978,1.01006,3.75,1.50
2011.10.03 10:27:01.217,1.00977,1.01003,1.31,1.50
2011.10.03 10:27:01.440,1.00976,1.01,1.31,1.50
2011.10.03 10:27:01.982,1.00979,1.01007,1.50,1.50
2011.10.03 10:27:02.245,1.00984,1.01012,1.50,1.50
2011.10.03 10:27:02.583,1.00977,1.01003,1.50,1.50
2011.10.03 10:27:03.235,1.00977,1.01003,1.31,1.50
2011.10.03 10:27:05.694,1.00979,1.01007,1.31,1.50
2011.10.03 10:27:05.814,1.00981,1.01007,1.50,1.50
2011.10.03 10:27:08.226,1.00983,1.01007,2.10,1.50
2011.10.03 10:27:08.344,1.00989,1.01017,1.50,1.50
2011.10.03 10:27:11.456,1.00983,1.01009,1.50,1.50
2011.10.03 10:27:23.168,1.00983,1.01008,1.50,1.35
2011.10.03 10:27:23.504,1.00976,1.01003,1.50,1.73
2011.10.03 10:27:23.623,1.0097,1.00994,1.50,1.50
2011.10.03 10:27:23.956,1.00967,1.0099,1.31,1.50
2011.10.03 10:27:24.073,1.00965,1.0099,1.50,1.50
2011.10.03 10:27:24.191,1.00963,1.0099,1.31,1.50
2011.10.03 10:27:27.230,1.00962,1.00992,2.06,1.50
2011.10.03 10:27:27.352,1.00967,1.00995,1.50,1.50
2011.10.03 10:27:29.102,1.0097,1.00999,1.50,1.50
2011.10.03 10:27:29.221,1.00973,1.00999,1.50,1.50
2011.10.03 10:27:30.964,1.00969,1.00999,1.50,1.50
2011.10.03 10:27:31.084,1.00967,1.00993,1.50,1.50
2011.10.03 10:27:31.753,1.00967,1.00998,1.50,1.50
2011.10.03 10:27:31.872,1.00973,1.00999,1.50,1.50
2011.10.03 10:27:31.992,1.00967,1.00993,1.50,1.50
2011.10.03 10:27:36.327,1.00964,1.00992,1.50,1.35
2011.10.03 10:27:36.816,1.00954,1.00985,1.31,1.13
2011.10.03 10:27:37.046,1.00961,1.00989,1.50,1.50
2011.10.03 10:27:38.712,1.00958,1.00984,1.31,1.50
2011.10.03 10:27:39.142,1.00959,1.00988,1.31,1.50
2011.10.03 10:27:39.261,1.00962,1.00988,1.50,1.50
2011.10.03 10:27:40.475,1.00958,1.00983,1.31,1.50
2011.10.03 10:27:40.814,1.00959,1.00981,1.31,1.50
2011.10.03 10:27:41.040,1.00953,1.00978,1.31,1.50
2011.10.03 10:27:41.381,1.00953,1.00978,2.06,1.50
2011.10.03 10:27:41.754,1.00953,1.00978,1.31,1.50
2011.10.03 10:27:41.984,1.00953,1.00978,1.31,1.50
2011.10.03 10:27:42.208,1.0096,1.00988,1.50,1.50
2011.10.03 10:27:43.092,1.00962,1.00988,1.31,1.50
2011.10.03 10:27:43.981,1.00962,1.00988,1.31,1.50
2011.10.03 10:27:44.914,1.0096,1.00988,1.50,1.50
2011.10.03 10:27:46.144,1.00966,1.00992,1.50,1.50
2011.10.03 10:27:49.332,1.00964,1.00992,1.31,1.50
2011.10.03 10:27:49.565,1.00962,1.00988,1.31,1.50
2011.10.03 10:27:49.682,1.00967,1.00995,1.50,1.50
2011.10.03 10:27:50.021,1.00962,1.00987,2.06,1.50
2011.10.03 10:27:50.782,1.00962,1.00987,1.31,1.50
2011.10.03 10:27:50.909,1.00968,1.00994,1.50,1.50
2011.10.03 10:27:51.242,1.00963,1.00987,1.31,1.50
2011.10.03 10:27:51.911,1.00963,1.00987,1.31,1.50
2011.10.03 10:27:52.461,1.00966,1.00992,1.50,1.50
2011.10.03 10:27:54.282,1.00963,1.00988,1.31,1.50
2011.10.03 10:27:55.722,1.0097,1.00998,1.50,2.25
2011.10.03 10:27:56.615,1.00963,1.00987,1.31,1.50
2011.10.03 10:27:57.173,1.00963,1.00987,1.31,1.50
2011.10.03 10:27:57.896,1.00961,1.00987,1.50,1.50
2011.10.03 10:28:04.661,1.00975,1.00997,1.50,1.50
2011.10.03 10:28:04.895,1.00967,1.00992,3.56,1.50
2011.10.03 10:28:05.235,1.00963,1.00987,1.31,1.50
2011.10.03 10:28:05.467,1.0097,1.00998,1.50,1.50
2011.10.03 10:28:11.390,1.0097,1.01001,1.50,1.50
2011.10.03 10:28:11.514,1.00976,1.01002,1.50,1.50
2011.10.03 10:28:12.333,1.0098,1.01005,1.50,1.50
2011.10.03 10:28:14.454,1.0098,1.01007,1.50,1.50
2011.10.03 10:28:26.266,1.00983,1.01009,2.10,1.50
2011.10.03 10:28:26.804,1.00993,1.01017,1.50,3.00
2011.10.03 10:28:27.335,1.00986,1.01009,1.50,1.13
2011.10.03 10:28:27.563,1.00978,1.01004,1.50,1.50
2011.10.03 10:28:28.013,1.00978,1.01008,1.50,2.25
2011.10.03 10:28:28.132,1.00983,1.01008,1.50,1.50
2011.10.03 10:28:30.977,1.00983,1.01008,1.50,1.13
2011.10.03 10:28:31.100,1.00975,1.01003,1.50,1.50
2011.10.03 10:28:31.622,1.0098,1.01008,1.50,1.88
2011.10.03 10:28:32.186,1.00981,1.01007,1.50,1.50
2011.10.03 10:28:32.524,1.00991,1.01015,1.50,1.50
2011.10.03 10:28:33.080,1.00991,1.01017,1.50,2.10
2011.10.03 10:28:38.890,1.00993,1.01019,1.50,2.25
2011.10.03 10:28:39.232,1.00997,1.01022,1.50,2.10
2011.10.03 10:28:39.791,1.00997,1.0102,1.50,1.35
2011.10.03 10:28:42.372,1.00991,1.01017,1.50,1.35
2011.10.03 10:28:46.785,1.00997,1.01021,1.50,1.50
2011.10.03 10:28:46.904,1.0099,1.01018,1.50,2.25
2011.10.03 10:28:47.351,1.00996,1.01018,1.50,1.50
2011.10.03 10:28:48.385,1.00996,1.01024,1.50,2.10
2011.10.03 10:28:49.192,1.00996,1.01021,1.50,1.13
2011.10.03 10:28:49.313,1.00988,1.01014,1.50,1.50
2011.10.03 10:28:59.996,1.00981,1.01009,1.50,1.50
2011.10.03 10:29:00.625,1.00981,1.01007,1.50,1.35
2011.10.03 10:29:00.750,1.00973,1.00999,1.31,1.50
2011.10.03 10:29:04.165,1.00979,1.01003,1.50,1.35
2011.10.03 10:29:06.040,1.00979,1.01004,1.50,1.35
2011.10.03 10:29:06.482,1.00972,1.01,2.06,1.50
2011.10.03 10:29:06.953,1.00975,1.01003,1.50,1.50
2011.10.03 10:29:07.077,1.00978,1.01003,1.50,1.50
2011.10.03 10:29:07.634,1.00978,1.01004,1.50,1.50
2011.10.03 10:29:10.212,1.00975,1.01003,1.31,1.50
2011.10.03 10:29:10.582,1.00974,1.00999,1.31,1.50
2011.10.03 10:29:10.704,1.00977,1.01003,1.50,1.50
2011.10.03 10:29:27.170,1.00977,1.01001,1.50,1.50
2011.10.03 10:29:27.900,1.00977,1.01003,1.50,2.25
2011.10.03 10:29:31.144,1.00977,1.01001,1.50,1.50
2011.10.03 10:29:31.744,1.00971,1.00997,1.50,1.50
2011.10.03 10:29:35.035,1.00965,1.00993,1.50,1.50
2011.10.03 10:29:41.284,1.0097,1.00997,1.50,1.50
2011.10.03 10:29:41.512,1.00965,1.00991,1.50,1.50
2011.10.03 10:29:42.051,1.00961,1.00986,1.31,1.50
2011.10.03 10:29:42.394,1.00964,1.00992,1.50,1.50
2011.10.03 10:29:44.623,1.0097,1.00998,1.50,2.25
2011.10.03 10:29:50.543,1.00964,1.00996,1.50,1.50
2011.10.03 10:29:50.666,1.00964,1.00992,1.50,1.50
2011.10.03 10:29:51.293,1.00966,1.00996,1.50,1.50
2011.10.03 10:29:51.411,1.0097,1.00996,1.50,1.50
2011.10.03 10:30:02.562,1.0097,1.00995,1.50,1.50
2011.10.03 10:30:03.122,1.0097,1.00996,1.50,1.50
2011.10.03 10:30:09.294,1.00976,1.01,1.50,1.50
2011.10.03 10:30:09.632,1.00976,1.01001,1.50,1.50
2011.10.03 10:30:11.663,1.00976,1.01002,1.50,1.50
2011.10.03 10:30:13.182,1.00981,1.01007,1.50,1.50
2011.10.03 10:30:13.743,1.00981,1.01007,1.50,1.50
2011.10.03 10:30:13.971,1.00981,1.01008,1.50,1.50
2011.10.03 10:30:15.101,1.00981,1.01007,1.50,1.50
2011.10.03 10:30:15.332,1.00976,1.01004,1.50,2.25
2011.10.03 10:30:17.139,1.00976,1.01002,1.50,1.35
2011.10.03 10:30:17.703,1.00976,1.01002,1.50,1.50
2011.10.03 10:30:18.282,1.00976,1.01002,1.50,1.50
2011.10.03 10:30:18.732,1.00974,1.01001,1.50,1.50
2011.10.03 10:30:19.293,1.00972,1.00998,1.50,1.50
2011.10.03 10:30:19.761,1.00974,1.01005,1.50,1.50
2011.10.03 10:30:19.886,1.00978,1.01005,1.50,1.50
2011.10.03 10:30:20.772,1.00985,1.01005,2.10,1.50
2011.10.03 10:30:21.004,1.00991,1.01012,1.50,1.50
2011.10.03 10:30:21.232,1.00991,1.01016,1.50,1.50
2011.10.03 10:30:21.354,1.01001,1.01017,1.50,1.35
2011.10.03 10:30:21.694,1.01001,1.01023,1.50,1.50
2011.10.03 10:30:22.033,1.00995,1.01019,1.50,1.50
2011.10.03 10:30:22.564,1.01,1.01023,1.50,1.50
2011.10.03 10:30:22.689,1.00995,1.01023,1.50,1.50
2011.10.03 10:30:23.895,1.01,1.01026,1.50,1.50
2011.10.03 10:30:24.780,1.01,1.01026,1.50,1.50
2011.10.03 10:30:31.881,1.01006,1.01029,1.50,1.50
2011.10.03 10:30:33.292,1.01,1.01024,1.50,1.35
2011.10.03 10:30:33.412,1.00994,1.01019,1.50,1.35
2011.10.03 10:30:33.753,1.0099,1.01016,1.50,1.50
2011.10.03 10:30:35.481,1.0099,1.01016,1.50,1.50
2011.10.03 10:30:35.821,1.00998,1.01022,1.50,1.35
2011.10.03 10:30:36.164,1.00994,1.01019,1.50,1.35
2011.10.03 10:30:36.284,1.00992,1.01019,1.50,1.35
2011.10.03 10:30:37.932,1.00988,1.01014,1.50,1.50
2011.10.03 10:30:41.221,1.00982,1.01008,2.06,2.10
2011.10.03 10:30:41.632,1.00981,1.01005,1.50,1.13
2011.10.03 10:30:41.762,1.00971,1.00996,1.31,1.50
2011.10.03 10:30:41.992,1.0097,1.00996,1.50,1.50
2011.10.03 10:30:45.683,1.0097,1.00998,1.50,1.50
2011.10.03 10:30:46.007,1.00978,1.01004,1.50,1.50
2011.10.03 10:30:47.582,1.00978,1.01005,1.50,1.50
2011.10.03 10:30:48.034,1.00982,1.01007,1.50,1.50
2011.10.03 10:30:50.197,1.00982,1.0101,1.50,1.50
2011.10.03 10:30:50.533,1.00985,1.01011,1.50,1.50
2011.10.03 10:30:50.655,1.00988,1.01012,1.50,1.50
2011.10.03 10:30:55.523,1.00993,1.01018,1.50,2.10
2011.10.03 10:30:55.951,1.00992,1.01018,1.50,1.35
2011.10.03 10:31:09.452,1.00992,1.01017,1.50,1.50
2011.10.03 10:31:10.033,1.00992,1.01016,1.50,2.25
2011.10.03 10:31:13.761,1.00992,1.01016,1.50,2.25
2011.10.03 10:31:14.403,1.00987,1.01013,1.50,1.50
2011.10.03 10:31:14.517,1.00987,1.01012,1.50,1.50
2011.10.03 10:31:15.775,1.00993,1.01013,1.50,1.50
2011.10.03 10:31:16.852,1.00993,1.01017,1.50,3.00
2011.10.03 10:31:17.088,1.00982,1.01008,1.50,1.50
2011.10.03 10:31:17.533,1.00988,1.01014,1.50,1.50
2011.10.03 10:31:18.145,1.00988,1.01014,1.50,1.50
2011.10.03 10:31:21.442,1.00988,1.01014,1.50,1.50
2011.10.03 10:31:22.500,1.00993,1.01018,1.50,1.50
2011.10.03 10:31:23.685,1.00993,1.01018,1.50,1.50
2011.10.03 10:31:25.082,1.00993,1.01019,1.50,1.50
2011.10.03 10:31:28.693,1.00993,1.01019,1.50,2.25
2011.10.03 10:31:31.904,1.00988,1.01018,1.50,1.50
2011.10.03 10:31:32.026,1.00988,1.01014,1.50,1.50
2011.10.03 10:31:32.255,1.00982,1.01013,2.06,1.50
2011.10.03 10:31:32.483,1.00982,1.01008,1.50,1.50
2011.10.03 10:31:35.383,1.00987,1.01012,1.50,2.10
2011.10.03 10:31:36.769,1.00981,1.01007,1.50,1.50
2011.10.03 10:31:37.543,1.0099,1.01015,1.50,1.50
2011.10.03 10:31:37.664,1.0099,1.01017,1.50,1.50
2011.10.03 10:31:37.785,1.00985,1.01013,1.50,1.50
2011.10.03 10:31:38.239,1.0098,1.01006,2.06,1.50
2011.10.03 10:31:39.236,1.00986,1.01012,1.50,2.25
2011.10.03 10:31:41.065,1.00986,1.01011,1.50,1.50
2011.10.03 10:31:41.403,1.00975,1.01004,1.31,1.50
2011.10.03 10:31:41.523,1.00978,1.01004,1.50,1.50
2011.10.03 10:31:45.344,1.00985,1.01012,1.50,1.50
2011.10.03 10:31:50.906,1.00985,1.01011,1.50,1.50
2011.10.03 10:31:51.151,1.00985,1.01012,1.50,1.50
2011.10.03 10:31:51.693,1.00985,1.01011,1.50,1.50
2011.10.03 10:31:54.513,1.00985,1.01011,1.50,1.50
2011.10.03 10:31:54.866,1.00987,1.01012,1.35,1.50
2011.10.03 10:31:54.984,1.00989,1.01013,1.13,2.25
2011.10.03 10:31:55.323,1.00998,1.01023,1.50,1.50
2011.10.03 10:31:55.446,1.00998,1.01023,1.50,1.50
2011.10.03 10:31:56.004,1.00993,1.01021,1.50,1.50
2011.10.03 10:31:56.342,1.00989,1.01015,1.50,1.50
2011.10.03 10:32:03.163,1.00986,1.01015,1.50,1.50
2011.10.03 10:32:03.284,1.00984,1.0101,1.50,1.50
2011.10.03 10:32:03.513,1.00989,1.01017,1.50,2.25
2011.10.03 10:32:04.203,1.00989,1.01014,1.50,1.50
2011.10.03 10:32:04.863,1.00989,1.01014,1.50,1.50
2011.10.03 10:32:07.607,1.00985,1.01014,1.50,1.50
2011.10.03 10:32:07.728,1.00983,1.01011,1.50,1.50
2011.10.03 10:32:11.267,1.00983,1.01009,1.50,1.50
2011.10.03 10:32:11.381,1.00978,1.01008,2.06,1.50
2011.10.03 10:32:11.503,1.00978,1.01006,2.06,1.50
2011.10.03 10:32:12.064,1.00985,1.01011,1.50,1.50
2011.10.03 10:32:13.690,1.0098,1.01006,1.50,1.50
2011.10.03 10:32:14.045,1.00978,1.01006,1.50,2.25
2011.10.03 10:32:14.381,1.00973,1.01001,2.06,1.50
2011.10.03 10:32:14.942,1.00978,1.01006,1.50,1.50
2011.10.03 10:32:15.174,1.00974,1.01,1.50,1.50
2011.10.03 10:32:23.025,1.00966,1.00994,1.50,1.50
2011.10.03 10:32:24.806,1.00962,1.00988,1.50,1.50
2011.10.03 10:32:25.363,1.00957,1.00983,2.06,1.50
2011.10.03 10:32:25.480,1.00956,1.00983,1.50,1.50
2011.10.03 10:32:27.283,1.00952,1.00978,2.06,1.50
2011.10.03 10:32:28.066,1.00955,1.00983,1.50,1.50
2011.10.03 10:32:30.687,1.00962,1.00987,1.50,1.50
2011.10.03 10:32:31.263,1.00962,1.00988,1.50,1.50
2011.10.03 10:32:34.803,1.00957,1.00986,1.50,1.13
2011.10.03 10:32:35.142,1.00943,1.00966,1.50,1.50
2011.10.03 10:32:35.264,1.00949,1.00977,1.50,2.25
2011.10.03 10:32:35.496,1.0094,1.00966,1.91,1.50
2011.10.03 10:32:36.010,1.00945,1.00971,1.50,1.50
2011.10.03 10:32:38.522,1.00949,1.00975,1.50,1.50
2011.10.03 10:32:40.008,1.00949,1.00977,1.50,1.50
2011.10.03 10:32:40.344,1.00944,1.00975,2.10,1.50
2011.10.03 10:32:40.465,1.00944,1.00972,2.10,1.50
2011.10.03 10:32:45.036,1.00951,1.00979,1.50,1.50
2011.10.03 10:32:45.971,1.00948,1.00979,1.50,1.50
2011.10.03 10:32:46.092,1.00947,1.00973,2.06,1.50
2011.10.03 10:32:46.736,1.00951,1.00979,1.50,1.50
2011.10.03 10:32:47.077,1.00953,1.00979,1.50,1.50
2011.10.03 10:32:49.166,1.00947,1.00973,1.50,1.50
2011.10.03 10:32:49.286,1.00951,1.00979,1.50,1.50
2011.10.03 10:32:49.623,1.00956,1.00983,1.50,1.50
2011.10.03 10:32:51.004,1.00968,1.00992,1.50,2.25
2011.10.03 10:32:51.234,1.00963,1.00988,1.50,1.50
2011.10.03 10:32:53.195,1.00955,1.00981,2.06,1.50
2011.10.03 10:32:55.916,1.00956,1.00986,1.13,1.50
2011.10.03 10:32:56.254,1.00961,1.00987,1.50,1.50
2011.10.03 10:33:09.392,1.00952,1.00986,1.50,1.50
2011.10.03 10:33:09.513,1.00952,1.0098,1.50,1.50
2011.10.03 10:33:11.961,1.00945,1.00978,1.50,1.50
2011.10.03 10:33:12.081,1.00945,1.00971,1.50,1.50
2011.10.03 10:33:14.463,1.00949,1.00977,1.50,1.50
2011.10.03 10:33:18.721,1.00959,1.00984,1.50,1.50
2011.10.03 10:33:18.841,1.00959,1.00985,1.50,1.50
2011.10.03 10:33:19.292,1.0095,1.00978,1.50,1.50
2011.10.03 10:33:22.724,1.00957,1.00983,1.50,1.50
2011.10.03 10:33:23.503,1.00952,1.00978,1.50,1.50
2011.10.03 10:33:26.035,1.0096,1.00986,1.50,1.50
2011.10.03 10:33:26.863,1.00955,1.00983,1.50,1.50
2011.10.03 10:33:38.184,1.00949,1.00975,1.31,1.50
2011.10.03 10:33:46.683,1.00949,1.00975,1.50,1.50
2011.10.03 10:33:47.036,1.00973,1.00998,1.50,1.50
2011.10.03 10:33:47.301,1.00987,1.01001,1.50,1.50
2011.10.03 10:33:47.418,1.00987,1.01013,1.50,1.88
2011.10.03 10:33:47.756,1.00974,1.00999,2.06,1.50
2011.10.03 10:33:48.091,1.00977,1.01003,1.50,1.50
2011.10.03 10:33:48.437,1.00974,1.00997,1.31,1.13
2011.10.03 10:33:48.553,1.00968,1.00993,1.31,1.50
2011.10.03 10:33:48.783,1.00967,1.00993,1.50,1.50
2011.10.03 10:33:50.982,1.00963,1.00989,1.31,1.50
2011.10.03 10:33:52.466,1.00957,1.00983,1.31,1.50
2011.10.03 10:33:52.804,1.00955,1.00983,1.50,1.50
2011.10.03 10:33:53.753,1.0097,1.00989,1.50,1.35
2011.10.03 10:33:53.982,1.00967,1.00991,1.50,1.50
2011.10.03 10:33:54.102,1.00966,1.00991,1.50,1.50
2011.10.03 10:33:54.224,1.00966,1.00992,1.50,1.50
2011.10.03 10:33:54.348,1.0096,1.00991,1.50,1.50
2011.10.03 10:33:54.686,1.00957,1.00982,1.31,1.50
2011.10.03 10:33:54.802,1.00954,1.00982,1.50,1.50
2011.10.03 10:33:55.253,1.00955,1.00988,2.48,1.50
2011.10.03 10:33:55.474,1.00964,1.00989,1.50,1.50
2011.10.03 10:33:56.125,1.00964,1.00992,1.50,1.50
2011.10.03 10:33:57.405,1.00967,1.00994,1.50,1.50
2011.10.03 10:33:57.522,1.00969,1.00996,1.50,2.10
2011.10.03 10:33:57.963,1.00964,1.00992,1.50,1.50
2011.10.03 10:33:58.301,1.00958,1.00989,4.31,1.50
2011.10.03 10:33:58.421,1.00958,1.00986,2.06,1.50
2011.10.03 10:34:02.706,1.00958,1.0099,1.50,1.50
2011.10.03 10:34:02.826,1.00965,1.00991,1.50,2.25
2011.10.03 10:34:04.763,1.00957,1.00984,3.00,1.50
2011.10.03 10:34:07.115,1.00965,1.00991,1.50,2.25
2011.10.03 10:34:07.932,1.00965,1.0099,1.50,1.50
2011.10.03 10:34:08.502,1.00955,1.00981,2.06,1.50
2011.10.03 10:34:10.415,1.00955,1.00984,2.06,1.50
2011.10.03 10:34:10.535,1.0096,1.00986,1.50,1.50
2011.10.03 10:34:11.017,1.0096,1.00989,1.88,1.50
2011.10.03 10:34:11.351,1.0097,1.00995,1.50,1.50
2011.10.03 10:34:11.584,1.0097,1.00998,1.50,1.50
2011.10.03 10:34:11.817,1.00979,1.01005,1.50,1.50
2011.10.03 10:34:14.744,1.00971,1.00999,1.50,1.50
2011.10.03 10:34:19.096,1.00971,1.01002,2.06,1.50
2011.10.03 10:34:19.543,1.00978,1.01004,1.50,1.50
2011.10.03 10:34:19.672,1.00971,1.01004,1.50,2.63
2011.10.03 10:34:19.795,1.00969,1.00995,1.50,1.50
2011.10.03 10:34:21.074,1.00973,1.01001,1.50,2.10
2011.10.03 10:34:22.545,1.00976,1.01007,1.50,2.25
2011.10.03 10:34:22.666,1.00979,1.01007,1.50,2.25
2011.10.03 10:34:24.485,1.00975,1.01001,1.50,1.50
2011.10.03 10:34:24.823,1.00969,1.00994,2.25,1.50
2011.10.03 10:34:25.164,1.00963,1.00989,1.50,1.50
2011.10.03 10:34:28.484,1.00956,1.0098,1.16,1.50
2011.10.03 10:34:28.601,1.00955,1.0098,1.35,1.50
2011.10.03 10:34:29.161,1.00952,1.0098,2.06,1.50
2011.10.03 10:34:30.062,1.00955,1.0098,1.31,1.50
2011.10.03 10:34:30.517,1.00964,1.0099,1.50,1.50
2011.10.03 10:34:32.362,1.00965,1.0099,1.31,1.50
2011.10.03 10:34:32.931,1.00965,1.0099,1.31,1.50
2011.10.03 10:34:33.712,1.00971,1.00996,1.31,1.50
2011.10.03 10:34:35.046,1.00971,1.00996,1.31,1.50
2011.10.03 10:34:36.355,1.00973,1.00999,1.31,1.50
2011.10.03 10:34:36.478,1.00974,1.00999,1.50,1.50
2011.10.03 10:34:37.031,1.00975,1.00999,1.31,1.50
2011.10.03 10:34:38.014,1.00984,1.01009,1.50,1.50
2011.10.03 10:34:38.344,1.00973,1.00999,1.50,1.50
2011.10.03 10:34:38.912,1.00973,1.01004,1.50,1.50
2011.10.03 10:34:39.032,1.00981,1.01006,1.50,1.50
2011.10.03 10:34:39.153,1.00976,1.01004,1.50,1.50
2011.10.03 10:34:39.272,1.00974,1.01,1.50,1.50
2011.10.03 10:34:43.574,1.00978,1.01004,1.50,1.50
2011.10.03 10:34:44.336,1.00978,1.01006,1.50,1.50
2011.10.03 10:34:47.207,1.00974,1.01004,2.10,1.50
2011.10.03 10:34:47.322,1.00974,1.01,2.10,1.50
2011.10.03 10:34:49.383,1.00976,1.01007,2.10,1.35
2011.10.03 10:34:49.505,1.00981,1.01007,1.50,2.10
2011.10.03 10:34:50.285,1.00976,1.01007,1.50,2.10
2011.10.03 10:34:50.402,1.00973,1.01001,1.50,1.50
2011.10.03 10:34:52.166,1.00969,1.00995,1.50,1.50
2011.10.03 10:34:52.287,1.00963,1.00991,2.06,1.50
2011.10.03 10:34:52.637,1.00974,1.01,1.50,1.50
2011.10.03 10:34:54.176,1.00976,1.01,1.35,1.50
2011.10.03 10:34:54.514,1.00989,1.01014,1.50,1.50
2011.10.03 10:34:54.964,1.00989,1.01015,1.50,1.50
2011.10.03 10:34:55.755,1.00989,1.01014,1.50,1.50
2011.10.03 10:34:56.477,1.00989,1.01015,1.50,1.50
2011.10.03 10:34:56.587,1.00998,1.01023,1.50,1.50
2011.10.03 10:34:56.812,1.00993,1.01021,1.50,1.50
2011.10.03 10:34:57.485,1.0099,1.01018,1.50,1.50
2011.10.03 10:34:57.602,1.00989,1.01015,1.50,1.50
2011.10.03 10:34:57.726,1.00989,1.01019,1.50,2.25
2011.10.03 10:34:57.847,1.00993,1.01019,1.50,1.50
2011.10.03 10:34:57.970,1.00987,1.01016,1.31,1.50
2011.10.03 10:34:58.207,1.00983,1.01011,1.50,1.50
2011.10.03 10:34:59.795,1.00989,1.01015,1.50,1.50
2011.10.03 10:35:00.353,1.00989,1.01015,1.50,1.50
2011.10.03 10:35:00.683,1.00989,1.01017,1.50,1.50
2011.10.03 10:35:00.925,1.00986,1.01012,1.50,1.50
2011.10.03 10:35:01.156,1.00992,1.01019,1.50,1.50
2011.10.03 10:35:01.715,1.00987,1.01012,1.50,1.13
2011.10.03 10:35:01.947,1.00975,1.01003,1.50,1.50
2011.10.03 10:35:02.070,1.00984,1.0101,1.50,1.50
2011.10.03 10:35:02.570,1.00975,1.01003,1.50,1.50
2011.10.03 10:35:02.794,1.00983,1.01009,1.50,1.50
2011.10.03 10:35:03.025,1.00975,1.01009,1.50,2.25
2011.10.03 10:35:03.142,1.00975,1.01003,1.50,1.50
2011.10.03 10:35:03.262,1.00985,1.01011,1.50,1.50
2011.10.03 10:35:03.602,1.00992,1.01016,1.50,1.50
2011.10.03 10:35:03.835,1.00997,1.01022,1.50,1.13
2011.10.03 10:35:03.957,1.00988,1.01013,3.56,1.50
2011.10.03 10:35:04.674,1.00987,1.01013,1.50,1.50
2011.10.03 10:35:05.525,1.00991,1.01019,1.50,1.50
2011.10.03 10:35:07.499,1.00996,1.01024,1.50,1.50
2011.10.03 10:35:07.615,1.00992,1.01018,1.31,1.50
2011.10.03 10:35:08.391,1.00995,1.01021,1.50,1.50
2011.10.03 10:35:09.062,1.01005,1.01025,1.50,1.50
2011.10.03 10:35:09.293,1.01005,1.0103,1.50,1.50
2011.10.03 10:35:10.230,1.01005,1.01029,1.50,1.50
2011.10.03 10:35:10.972,1.01011,1.01029,1.50,1.50
2011.10.03 10:35:11.098,1.01002,1.01027,1.35,1.50
2011.10.03 10:35:12.295,1.01011,1.01035,1.50,2.25
2011.10.03 10:35:13.010,1.01011,1.01035,1.50,1.50
2011.10.03 10:35:13.882,1.01011,1.01035,1.50,2.25
2011.10.03 10:35:14.004,1.01011,1.01035,1.50,1.50
2011.10.03 10:35:20.285,1.01013,1.01045,1.50,1.50
2011.10.03 10:35:20.401,1.01017,1.01045,1.50,1.50
2011.10.03 10:35:22.054,1.01011,1.01043,1.31,1.50
2011.10.03 10:35:22.188,1.01011,1.01044,2.06,1.50
2011.10.03 10:35:22.329,1.01016,1.01044,1.50,1.50
2011.10.03 10:35:22.773,1.01018,1.01049,1.50,2.25
2011.10.03 10:35:22.896,1.01027,1.01049,1.50,1.50
2011.10.03 10:35:23.012,1.01018,1.01046,1.50,1.50
2011.10.03 10:35:28.714,1.01018,1.01044,1.50,1.50
2011.10.03 10:35:29.433,1.01018,1.01039,1.50,2.10
2011.10.03 10:35:29.556,1.01007,1.01027,2.81,1.50
2011.10.03 10:35:29.783,1.01004,1.01032,1.50,2.10
2011.10.03 10:35:31.245,1.00994,1.01022,2.06,1.50
2011.10.03 10:35:32.333,1.00992,1.01022,1.50,1.50
2011.10.03 10:35:32.675,1.0099,1.01018,1.50,1.50
2011.10.03 10:35:34.496,1.00995,1.01023,1.50,2.25
2011.10.03 10:35:35.274,1.00991,1.01017,2.06,1.50
2011.10.03 10:35:35.614,1.00995,1.01023,1.50,1.50
2011.10.03 10:35:35.966,1.00997,1.01028,1.50,2.25
2011.10.03 10:35:36.085,1.01002,1.01027,1.50,1.50
2011.10.03 10:35:38.544,1.00996,1.01024,1.50,1.50
2011.10.03 10:35:38.774,1.0099,1.01018,2.06,1.50
2011.10.03 10:35:39.112,1.00986,1.01012,1.50,1.50
2011.10.03 10:35:39.820,1.0099,1.01016,1.50,1.50
2011.10.03 10:35:39.938,1.00995,1.0102,1.50,1.50
2011.10.03 10:35:40.055,1.00995,1.0102,1.50,1.50
2011.10.03 10:35:40.284,1.00998,1.0102,1.50,1.50
2011.10.03 10:35:40.403,1.01001,1.01028,1.50,1.50
2011.10.03 10:35:42.144,1.01001,1.01027,1.50,1.13
2011.10.03 10:35:42.483,1.00995,1.01029,1.50,3.60
2011.10.03 10:35:42.604,1.00993,1.01019,1.50,1.50
2011.10.03 10:35:42.876,1.00993,1.01028,1.50,1.50
2011.10.03 10:35:42.997,1.01002,1.01028,1.50,2.25
2011.10.03 10:35:46.705,1.01002,1.01028,1.50,1.50
2011.10.03 10:35:46.821,1.01002,1.01029,1.50,1.50
2011.10.03 10:35:55.555,1.01002,1.01028,1.50,1.50
2011.10.03 10:35:58.273,1.01002,1.0103,1.50,1.50
2011.10.03 10:35:58.504,1.01009,1.01034,1.50,2.25
2011.10.03 10:35:58.843,1.01003,1.01031,1.50,1.50
2011.10.03 10:36:00.212,1.01008,1.01033,1.50,1.50
2011.10.03 10:36:00.775,1.01008,1.01036,1.50,1.50
2011.10.03 10:36:01.335,1.01011,1.01036,1.35,1.50
2011.10.03 10:36:01.672,1.0102,1.01044,1.35,1.50
2011.10.03 10:36:02.513,1.01019,1.01044,1.31,1.50
2011.10.03 10:36:02.635,1.01018,1.01044,1.50,1.50
2011.10.03 10:36:02.974,1.01015,1.01041,1.31,1.50
2011.10.03 10:36:07.410,1.01011,1.01041,1.31,1.50
2011.10.03 10:36:07.533,1.01009,1.01035,1.31,1.50
2011.10.03 10:36:07.983,1.01007,1.01035,1.31,1.50
2011.10.03 10:36:08.317,1.01004,1.01032,1.31,1.50
2011.10.03 10:36:08.435,1.01007,1.01035,1.50,1.50
2011.10.03 10:36:09.213,1.01011,1.01044,1.69,1.50
2011.10.03 10:36:09.333,1.01019,1.01047,1.50,1.50
2011.10.03 10:36:12.601,1.01014,1.01042,1.50,1.50
2011.10.03 10:36:13.173,1.01024,1.01048,1.13,1.50
2011.10.03 10:36:13.515,1.01035,1.01056,1.50,1.50
2011.10.03 10:36:13.632,1.01035,1.01061,1.50,1.50
2011.10.03 10:36:13.752,1.01031,1.01061,1.50,1.50
2011.10.03 10:36:14.063,1.01035,1.01061,1.50,1.50
2011.10.03 10:36:14.182,1.0103,1.0106,1.50,1.50
2011.10.03 10:36:14.301,1.01034,1.01062,1.50,1.50
2011.10.03 10:36:14.715,1.0103,1.01056,1.50,1.50
2011.10.03 10:36:15.885,1.01027,1.01056,1.50,1.50
2011.10.03 10:36:16.004,1.01025,1.01052,1.31,1.50
2011.10.03 10:36:16.235,1.01025,1.01058,3.04,1.35
2011.10.03 10:36:16.355,1.01034,1.01059,1.50,1.35
2011.10.03 10:36:16.473,1.01029,1.01056,1.31,1.13
2011.10.03 10:36:16.594,1.01024,1.01047,1.31,1.50
2011.10.03 10:36:16.825,1.01021,1.01047,1.50,1.50
2011.10.03 10:36:18.273,1.01025,1.01053,1.50,1.50
2011.10.03 10:36:18.506,1.01031,1.01057,1.50,1.50
2011.10.03 10:36:27.957,1.01025,1.01055,1.50,1.35
2011.10.03 10:36:28.075,1.01025,1.01051,1.50,1.50
2011.10.03 10:36:31.263,1.01019,1.01045,2.81,1.50
2011.10.03 10:36:31.725,1.01017,1.01045,1.50,1.50
2011.10.03 10:36:36.319,1.01024,1.01052,1.50,1.50
2011.10.03 10:36:36.896,1.01025,1.01052,1.31,1.50
2011.10.03 10:36:38.026,1.01025,1.01054,1.31,1.50
2011.10.03 10:36:38.145,1.01029,1.01057,1.50,1.50
2011.10.03 10:36:45.753,1.01024,1.0105,1.50,1.50
2011.10.03 10:36:46.428,1.01035,1.01055,1.35,1.50
2011.10.03 10:36:46.547,1.01036,1.01054,1.35,1.50
2011.10.03 10:36:46.884,1.01036,1.01062,1.35,1.50
2011.10.03 10:36:51.198,1.0103,1.0106,1.69,1.50
2011.10.03 10:36:51.320,1.01029,1.01056,1.31,1.50
2011.10.03 10:36:51.747,1.01023,1.01053,1.31,1.88
2011.10.03 10:36:51.876,1.01018,1.01045,1.13,1.50
2011.10.03 10:36:51.998,1.01028,1.01053,1.50,1.50
2011.10.03 10:36:52.113,1.01028,1.01056,1.50,1.50
2011.10.03 10:36:55.203,1.01021,1.01053,1.31,1.35
2011.10.03 10:36:55.329,1.01019,1.01045,1.31,1.50
2011.10.03 10:36:55.896,1.01017,1.01045,1.50,1.50
2011.10.03 10:37:12.202,1.01014,1.01045,1.50,1.50
2011.10.03 10:37:12.324,1.01012,1.0104,1.50,1.50
2011.10.03 10:37:13.855,1.01009,1.0104,1.50,1.50
2011.10.03 10:37:14.177,1.01007,1.01035,1.50,1.50
2011.10.03 10:37:14.299,1.01013,1.01039,1.50,2.25
2011.10.03 10:37:14.651,1.01013,1.01037,1.50,1.50
2011.10.03 10:37:15.533,1.01013,1.01039,1.50,2.25
2011.10.03 10:37:15.762,1.01008,1.01034,1.50,1.50
2011.10.03 10:37:16.703,1.01005,1.01034,1.50,1.50
2011.10.03 10:37:17.025,1.01004,1.0103,1.31,1.50
2011.10.03 10:37:17.265,1.01002,1.01032,1.50,1.50
2011.10.03 10:37:17.383,1.01007,1.01033,1.50,1.50
2011.10.03 10:37:20.663,1.01002,1.0103,1.50,1.50
2011.10.03 10:37:20.897,1.01002,1.01036,1.88,1.50
2011.10.03 10:37:21.121,1.01011,1.01036,1.50,1.50
2011.10.03 10:37:21.241,1.01011,1.01037,1.50,3.00
2011.10.03 10:37:22.971,1.01011,1.01036,1.50,1.50
2011.10.03 10:37:23.765,1.01006,1.01033,1.50,1.50
2011.10.03 10:37:23.881,1.01006,1.01032,1.50,1.50
2011.10.03 10:37:30.801,1.01008,1.01032,1.35,1.50
2011.10.03 10:37:31.142,1.0102,1.01035,1.50,1.50
2011.10.03 10:37:31.383,1.01008,1.0103,2.81,1.50
2011.10.03 10:37:31.603,1.01008,1.01034,3.56,1.50
2011.10.03 10:37:31.844,1.01002,1.01028,2.66,1.50
2011.10.03 10:37:32.433,1.01003,1.01028,1.31,1.50
2011.10.03 10:37:32.735,1.01002,1.01028,1.91,1.50
2011.10.03 10:37:34.301,1.01002,1.01028,1.35,1.50
2011.10.03 10:37:35.015,1.00998,1.01026,1.31,1.50
2011.10.03 10:37:35.141,1.00998,1.01023,1.31,1.50
2011.10.03 10:37:35.267,1.00993,1.01018,1.31,1.50
2011.10.03 10:37:35.908,1.00992,1.01018,1.35,1.50
2011.10.03 10:37:37.891,1.00993,1.01018,1.31,1.50
2011.10.03 10:37:38.208,1.00993,1.01015,1.31,1.50
2011.10.03 10:37:38.543,1.00988,1.01019,1.50,1.50
2011.10.03 10:37:38.664,1.00991,1.01018,1.50,1.35
2011.10.03 10:37:38.786,1.00984,1.01009,2.06,1.50
2011.10.03 10:37:38.904,1.00982,1.01009,1.50,1.50
2011.10.03 10:37:39.025,1.00984,1.01009,1.35,1.50
2011.10.03 10:37:39.832,1.00983,1.01009,1.31,1.50
2011.10.03 10:37:41.002,1.00988,1.01016,1.50,1.50
2011.10.03 10:37:41.344,1.00983,1.01011,2.06,1.50
2011.10.03 10:37:43.685,1.00983,1.01013,1.31,3.00
2011.10.03 10:37:43.802,1.00982,1.01004,1.31,1.50
2011.10.03 10:37:43.924,1.00984,1.01008,1.31,1.50
2011.10.03 10:37:44.046,1.00983,1.01009,1.50,1.50
2011.10.03 10:37:48.694,1.00981,1.01003,1.50,3.00
2011.10.03 10:37:48.911,1.00979,1.00994,1.35,1.50
2011.10.03 10:37:49.047,1.00973,1.00997,1.31,1.50
2011.10.03 10:37:49.164,1.00973,1.00999,1.50,1.50
2011.10.03 10:37:49.832,1.00975,1.00999,1.31,1.50
2011.10.03 10:37:50.172,1.0098,1.01006,1.50,1.50
2011.10.03 10:37:54.053,1.00972,1.00999,1.31,1.50
2011.10.03 10:37:54.393,1.00968,1.00999,2.06,1.50
2011.10.03 10:37:54.514,1.00968,1.00993,1.31,1.50
2011.10.03 10:37:55.163,1.00967,1.00993,2.25,1.50
2011.10.03 10:37:56.495,1.00962,1.00988,1.50,1.50
2011.10.03 10:38:01.545,1.00966,1.00994,1.50,1.50
2011.10.03 10:38:02.315,1.00972,1.00998,1.50,1.50
2011.10.03 10:38:03.483,1.0097,1.00998,1.31,1.50
2011.10.03 10:38:03.603,1.00969,1.00994,1.16,1.50
2011.10.03 10:38:03.724,1.00969,1.00997,1.91,1.50
2011.10.03 10:38:03.843,1.00972,1.00998,1.50,1.50
2011.10.03 10:38:06.392,1.00968,1.00998,2.06,1.50
2011.10.03 10:38:06.515,1.00968,1.00994,1.31,1.50
2011.10.03 10:38:07.054,1.00968,1.00994,1.31,1.50
2011.10.03 10:38:07.283,1.00971,1.00999,1.50,1.50
2011.10.03 10:38:13.164,1.00969,1.00994,1.31,1.50
2011.10.03 10:38:13.839,1.00965,1.00991,1.31,1.50
2011.10.03 10:38:13.958,1.00963,1.00988,1.31,1.50
2011.10.03 10:38:14.185,1.00962,1.00988,1.50,1.50
2011.10.03 10:38:14.308,1.00955,1.0098,1.31,1.50
2011.10.03 10:38:14.426,1.00955,1.00981,1.31,1.50
2011.10.03 10:38:14.545,1.00953,1.00981,1.50,1.50
2011.10.03 10:38:19.306,1.00949,1.00975,1.50,1.50
2011.10.03 10:38:20.443,1.00945,1.00969,1.31,1.50
2011.10.03 10:38:20.786,1.00938,1.00967,2.25,1.50
2011.10.03 10:38:20.902,1.00942,1.00969,1.50,1.35
2011.10.03 10:38:21.023,1.00937,1.00965,2.06,1.50
2011.10.03 10:38:24.956,1.00942,1.0097,1.73,1.50
2011.10.03 10:38:25.076,1.00952,1.00977,1.88,1.50
2011.10.03 10:38:25.193,1.00961,1.00983,1.50,1.50
2011.10.03 10:38:25.313,1.00961,1.00986,1.50,1.50
2011.10.03 10:38:25.432,1.00961,1.00989,1.50,1.50
2011.10.03 10:38:25.662,1.00959,1.00989,1.50,2.25
2011.10.03 10:38:25.784,1.00957,1.00983,1.50,1.50
2011.10.03 10:38:27.701,1.00952,1.00983,1.50,1.50
2011.10.03 10:38:27.825,1.00951,1.00977,2.06,1.50
2011.10.03 10:38:29.936,1.00952,1.00977,2.10,1.50
2011.10.03 10:38:30.274,1.00963,1.00987,1.50,1.50
2011.10.03 10:38:30.504,1.00956,1.0098,1.31,1.50
2011.10.03 10:38:30.841,1.00962,1.0099,1.50,1.50
2011.10.03 10:38:31.804,1.00955,1.0098,1.31,1.50
2011.10.03 10:38:32.472,1.00954,1.0098,1.50,1.50
2011.10.03 10:38:37.562,1.00954,1.00979,1.50,1.35
2011.10.03 10:38:37.903,1.00942,1.00968,1.50,1.50
2011.10.03 10:38:38.350,1.00939,1.00968,2.06,1.50
2011.10.03 10:38:38.473,1.00939,1.00963,1.31,1.50
2011.10.03 10:38:38.593,1.00941,1.00969,1.50,2.10
2011.10.03 10:38:40.959,1.00947,1.00973,1.50,1.50
2011.10.03 10:38:41.299,1.00951,1.00979,1.50,1.50
2011.10.03 10:38:41.750,1.00957,1.00985,1.50,1.50
2011.10.03 10:38:51.109,1.00968,1.00992,1.50,1.50
2011.10.03 10:38:51.563,1.00968,1.00994,1.50,1.50
2011.10.03 10:38:54.719,1.00968,1.00996,1.50,1.50
2011.10.03 10:38:54.837,1.00973,1.00998,1.50,1.50
2011.10.03 10:38:55.933,1.00969,1.00997,1.35,2.85
2011.10.03 10:38:56.085,1.00969,1.00996,1.35,1.50
2011.10.03 10:38:56.208,1.0097,1.00996,1.50,1.50
2011.10.03 10:38:56.336,1.00969,1.00999,1.35,1.50
2011.10.03 10:38:56.455,1.00974,1.01001,1.50,1.50
2011.10.03 10:38:56.573,1.00979,1.01002,1.50,3.00
2011.10.03 10:38:56.801,1.00976,1.01002,1.50,1.50
2011.10.03 10:38:56.923,1.00974,1.01,1.50,1.50
2011.10.03 10:38:57.152,1.00976,1.01001,1.35,1.50
2011.10.03 10:38:57.690,1.00999,1.01019,1.50,2.25
2011.10.03 10:38:57.819,1.00989,1.01013,1.50,1.50
2011.10.03 10:38:57.945,1.00983,1.01014,1.50,1.50
2011.10.03 10:38:58.060,1.00981,1.01008,1.31,1.50
2011.10.03 10:39:02.350,1.00983,1.01008,1.35,1.50
2011.10.03 10:39:02.581,1.00988,1.01014,1.50,1.50
2011.10.03 10:39:04.150,1.00985,1.01013,2.06,1.50
2011.10.03 10:39:04.271,1.00984,1.0101,1.50,1.50
2011.10.03 10:39:07.597,1.0098,1.0101,2.10,1.50
2011.10.03 10:39:07.722,1.00979,1.01005,1.50,1.50
2011.10.03 10:39:08.232,1.00977,1.01005,1.50,1.50
2011.10.03 10:39:08.349,1.00977,1.01004,1.50,1.50
2011.10.03 10:39:08.472,1.00979,1.01005,1.50,1.50
2011.10.03 10:39:08.812,1.00974,1.01,1.50,1.50
2011.10.03 10:39:09.149,1.00974,1.01002,1.50,1.50
2011.10.03 10:39:09.503,1.00979,1.01007,1.50,2.85
2011.10.03 10:39:09.959,1.00966,1.00991,1.31,1.50
2011.10.03 10:39:10.093,1.00965,1.00991,1.50,1.50
2011.10.03 10:39:11.999,1.0097,1.00996,1.50,2.10
2011.10.03 10:39:12.365,1.00975,1.01001,1.50,1.50
2011.10.03 10:39:12.479,1.00971,1.00997,1.50,1.50
2011.10.03 10:39:22.939,1.00966,1.00992,2.06,1.50
2011.10.03 10:39:23.833,1.00976,1.01002,1.50,1.50
2011.10.03 10:39:24.059,1.00969,1.00997,1.50,1.50
2011.10.03 10:39:24.925,1.00965,1.00991,1.31,1.50
2011.10.03 10:39:25.561,1.0096,1.00984,1.31,1.50
2011.10.03 10:39:34.662,1.00959,1.00987,2.10,1.50
2011.10.03 10:39:35.542,1.00954,1.00978,1.31,1.50
2011.10.03 10:39:35.902,1.00949,1.00974,1.31,1.50
2011.10.03 10:39:36.470,1.00949,1.00974,1.31,1.50
2011.10.03 10:39:36.699,1.00946,1.00974,1.50,1.50
2011.10.03 10:39:40.792,1.00952,1.00978,1.50,1.50
2011.10.03 10:39:50.699,1.00952,1.00977,1.50,1.35
2011.10.03 10:39:51.140,1.00952,1.00978,1.50,1.50
2011.10.03 10:39:59.701,1.00952,1.00981,1.50,2.10
2011.10.03 10:39:59.820,1.00957,1.00981,1.50,1.35
2011.10.03 10:40:02.149,1.0095,1.00981,1.31,1.35
2011.10.03 10:40:02.271,1.00949,1.00973,2.06,1.50
2011.10.03 10:40:02.719,1.00952,1.00977,1.50,1.35
2011.10.03 10:40:03.254,1.00952,1.0098,1.50,1.50
2011.10.03 10:40:06.440,1.00949,1.0098,1.31,1.50
2011.10.03 10:40:06.560,1.00948,1.00973,1.31,1.50
2011.10.03 10:40:08.109,1.00949,1.00976,1.31,1.50
2011.10.03 10:40:08.234,1.00951,1.00979,1.50,1.50
2011.10.03 10:40:09.430,1.00947,1.00973,1.31,1.50
2011.10.03 10:40:13.249,1.00945,1.00973,1.50,1.50
2011.10.03 10:40:13.809,1.0094,1.00967,1.91,1.50
2011.10.03 10:40:14.455,1.00945,1.00971,1.50,1.50
2011.10.03 10:40:15.007,1.00945,1.00975,1.50,1.50
2011.10.03 10:40:15.134,1.00951,1.00977,1.50,1.50
2011.10.03 10:40:22.192,1.00947,1.00977,2.06,1.50
2011.10.03 10:40:22.310,1.00947,1.00973,1.31,1.50
2011.10.03 10:40:22.433,1.00946,1.00973,1.31,1.50
2011.10.03 10:40:22.795,1.00946,1.00973,2.06,1.50
2011.10.03 10:40:24.192,1.00942,1.00972,1.50,3.60
2011.10.03 10:40:24.529,1.00939,1.00967,3.00,1.50
2011.10.03 10:40:25.713,1.00939,1.00967,1.50,1.50
2011.10.03 10:40:26.052,1.00934,1.00962,1.50,1.50
2011.10.03 10:40:26.719,1.0094,1.00966,1.50,1.50
2011.10.03 10:40:27.059,1.00935,1.00961,1.50,1.50
2011.10.03 10:40:31.989,1.00936,1.00966,1.50,1.50
2011.10.03 10:40:32.112,1.0094,1.00966,1.50,1.50
2011.10.03 10:40:37.638,1.00941,1.00966,1.50,1.50
2011.10.03 10:40:38.202,1.00945,1.00971,1.50,1.50
2011.10.03 10:40:41.289,1.0095,1.00976,1.50,1.50
2011.10.03 10:40:52.544,1.00946,1.00971,2.06,1.50
2011.10.03 10:40:52.990,1.00956,1.00981,1.50,1.50
2011.10.03 10:40:53.328,1.0095,1.00977,1.31,1.50
2011.10.03 10:40:54.751,1.00945,1.00972,1.31,1.50
2011.10.03 10:40:55.112,1.00945,1.0097,1.31,1.50
2011.10.03 10:40:55.234,1.00938,1.00966,2.06,1.50
2011.10.03 10:41:02.403,1.00944,1.00971,1.50,1.50
2011.10.03 10:41:02.763,1.00939,1.00966,1.31,1.50
2011.10.03 10:41:06.159,1.00946,1.00972,1.50,4.50
2011.10.03 10:41:19.061,1.00937,1.00963,2.06,1.50
2011.10.03 10:41:19.404,1.00951,1.00975,1.50,1.50
2011.10.03 10:41:19.744,1.00951,1.00977,1.50,2.85
2011.10.03 10:41:19.976,1.00948,1.00977,1.50,2.85
2011.10.03 10:41:20.094,1.00946,1.00972,1.50,1.50
2011.10.03 10:41:20.488,1.00946,1.00976,1.50,1.50
2011.10.03 10:41:20.608,1.00947,1.00977,1.50,2.10
2011.10.03 10:41:20.729,1.00945,1.00973,1.50,1.50
2011.10.03 10:41:21.070,1.0095,1.00977,1.50,1.50
2011.10.03 10:41:23.990,1.00953,1.00978,1.35,1.50
2011.10.03 10:41:24.354,1.00961,1.00987,1.50,3.75
2011.10.03 10:41:29.961,1.00958,1.00983,1.50,1.50
2011.10.03 10:41:30.079,1.00955,1.00983,1.50,2.25
2011.10.03 10:41:30.313,1.0095,1.00976,1.50,1.35
2011.10.03 10:41:30.651,1.0094,1.00964,1.50,1.35
2011.10.03 10:41:31.380,1.00936,1.00961,1.50,1.50
2011.10.03 10:41:32.053,1.00943,1.00969,1.50,1.50
2011.10.03 10:41:32.291,1.00938,1.00966,1.50,1.50
2011.10.03 10:41:38.460,1.00936,1.00961,1.31,1.50
2011.10.03 10:41:39.020,1.00933,1.00961,1.50,1.50
2011.10.03 10:41:39.968,1.0094,1.00966,1.50,1.50
2011.10.03 10:41:40.099,1.00949,1.00973,1.50,1.50
2011.10.03 10:41:40.220,1.00944,1.0097,1.50,1.50
2011.10.03 10:41:40.339,1.00944,1.00972,1.50,2.10
2011.10.03 10:41:42.813,1.0094,1.00966,2.06,1.50
2011.10.03 10:41:43.148,1.00935,1.00961,1.31,1.50
2011.10.03 10:41:43.268,1.00933,1.00961,3.00,1.50
2011.10.03 10:41:44.997,1.00935,1.00961,1.50,1.50
2011.10.03 10:41:45.859,1.00939,1.00965,1.50,1.50
2011.10.03 10:41:48.691,1.00938,1.00965,1.35,1.50
2011.10.03 10:41:48.926,1.00947,1.00974,1.50,1.35
2011.10.03 10:41:49.421,1.00954,1.00978,1.50,2.25
2011.10.03 10:41:51.060,1.00948,1.00976,1.50,1.50
2011.10.03 10:41:51.513,1.00953,1.00981,1.50,2.10
2011.10.03 10:41:52.183,1.00959,1.00985,1.50,1.50
2011.10.03 10:41:52.410,1.0096,1.00988,1.50,1.35
2011.10.03 10:41:52.530,1.00963,1.00988,1.50,1.35
2011.10.03 10:41:58.338,1.00958,1.00986,1.50,1.50
2011.10.03 10:42:20.583,1.00949,1.00973,1.31,1.50
2011.10.03 10:42:20.811,1.00947,1.00973,1.50,1.50
2011.10.03 10:42:21.041,1.00952,1.0098,1.50,1.50
2011.10.03 10:42:21.380,1.00947,1.00973,1.50,1.50
2011.10.03 10:42:23.302,1.00941,1.00963,1.31,1.50
2011.10.03 10:42:23.422,1.00939,1.00963,1.50,1.50
2011.10.03 10:42:23.764,1.00941,1.00966,1.50,1.50
2011.10.03 10:42:24.538,1.00941,1.00966,1.50,1.50
2011.10.03 10:42:24.666,1.00933,1.00967,1.50,1.50
2011.10.03 10:42:24.783,1.00933,1.00958,1.31,1.50
2011.10.03 10:42:24.904,1.00937,1.00964,1.50,1.50
2011.10.03 10:42:26.270,1.00941,1.00969,1.50,2.85
2011.10.03 10:42:32.712,1.00941,1.00964,1.50,1.35
2011.10.03 10:42:33.051,1.00939,1.00964,1.50,2.10
2011.10.03 10:42:33.171,1.00936,1.00961,1.50,1.50
2011.10.03 10:42:33.291,1.00942,1.00966,1.50,1.50
2011.10.03 10:42:33.412,1.00942,1.0097,1.50,1.50
2011.10.03 10:42:33.531,1.00947,1.00971,1.50,1.35
2011.10.03 10:42:33.650,1.00944,1.00971,1.50,1.50
2011.10.03 10:42:33.769,1.00941,1.00969,1.50,1.50
2011.10.03 10:42:37.530,1.00943,1.00973,1.35,2.25
2011.10.03 10:42:37.650,1.00949,1.00974,1.50,1.50
2011.10.03 10:42:38.314,1.00949,1.00977,1.50,1.50
2011.10.03 10:42:42.303,1.00944,1.00969,1.31,1.50
2011.10.03 10:42:42.863,1.00943,1.00969,1.50,1.50
2011.10.03 10:42:43.104,1.00943,1.00973,1.35,1.50
2011.10.03 10:42:43.229,1.0094,1.00965,1.31,1.50
2011.10.03 10:42:43.459,1.00939,1.00965,1.31,1.50
2011.10.03 10:42:43.691,1.00939,1.00965,1.50,1.50
2011.10.03 10:42:43.812,1.00933,1.00961,1.50,1.50
2011.10.03 10:42:44.549,1.00933,1.00959,1.50,1.35
2011.10.03 10:42:44.674,1.00925,1.00953,2.06,1.50
2011.10.03 10:42:46.781,1.00934,1.00959,1.50,1.35
2011.10.03 10:42:48.980,1.00934,1.00959,1.50,1.35
2011.10.03 10:42:49.104,1.00925,1.0095,1.31,1.50
2011.10.03 10:42:49.991,1.00923,1.00951,1.50,1.50
2011.10.03 10:42:50.332,1.00918,1.00946,2.10,1.50
2011.10.03 10:42:50.450,1.00924,1.0095,1.50,2.10
2011.10.03 10:42:51.307,1.0092,1.00948,1.31,1.50
2011.10.03 10:42:51.435,1.00924,1.0095,1.50,2.10
2011.10.03 10:42:52.153,1.00921,1.0095,1.50,1.50
2011.10.03 10:42:52.383,1.0092,1.00946,1.31,1.50
2011.10.03 10:42:53.231,1.00916,1.0094,1.50,1.50
2011.10.03 10:42:53.788,1.00914,1.0094,1.50,1.50
2011.10.03 10:42:55.268,1.00918,1.00946,1.50,1.50
2011.10.03 10:42:56.490,1.00916,1.0094,1.31,1.50
2011.10.03 10:42:58.753,1.00918,1.00946,1.50,1.50
2011.10.03 10:42:59.752,1.00923,1.00951,1.50,1.50
2011.10.03 10:43:00.099,1.00928,1.00953,1.50,1.35
2011.10.03 10:43:00.333,1.00928,1.00956,1.50,1.50
2011.10.03 10:43:01.130,1.00923,1.00951,1.50,1.50
2011.10.03 10:43:01.384,1.00929,1.00957,1.50,1.50
2011.10.03 10:43:02.776,1.00939,1.00964,1.50,1.50
2011.10.03 10:43:03.122,1.00939,1.00967,1.50,3.75
2011.10.03 10:43:03.253,1.00935,1.00961,1.50,1.50
2011.10.03 10:43:03.609,1.00941,1.00967,1.50,1.50
2011.10.03 10:43:03.952,1.00944,1.00972,1.50,2.25
2011.10.03 10:43:05.057,1.00939,1.00967,1.50,1.50
2011.10.03 10:43:08.676,1.00935,1.00961,1.50,1.50
2011.10.03 10:43:19.114,1.00939,1.00965,1.50,1.35
2011.10.03 10:43:19.448,1.00936,1.00967,1.50,1.50
2011.10.03 10:43:19.568,1.00935,1.00961,2.10,1.50
2011.10.03 10:43:20.120,1.00939,1.00964,1.50,1.35
2011.10.03 10:43:20.470,1.00939,1.00966,1.50,1.35
2011.10.03 10:43:22.996,1.00934,1.00962,1.50,1.50
2011.10.03 10:43:24.484,1.00932,1.00957,1.31,1.35
2011.10.03 10:43:24.602,1.00927,1.00951,1.31,1.50
2011.10.03 10:43:24.722,1.00926,1.00941,1.31,1.50
2011.10.03 10:43:24.842,1.00918,1.00941,2.81,1.50
2011.10.03 10:43:24.962,1.00918,1.00941,1.50,1.50
2011.10.03 10:43:25.086,1.00918,1.00946,2.06,1.50
2011.10.03 10:43:25.313,1.00916,1.00941,1.50,1.50
2011.10.03 10:43:25.821,1.00908,1.00931,2.06,1.50
2011.10.03 10:43:26.160,1.00906,1.00931,1.50,1.50
2011.10.03 10:43:26.654,1.00907,1.00931,1.35,1.50
2011.10.03 10:43:26.883,1.00918,1.00943,1.50,1.50
2011.10.03 10:43:27.002,1.00919,1.00943,1.73,1.50
2011.10.03 10:43:27.233,1.00933,1.00956,1.50,1.50
2011.10.03 10:43:27.460,1.00935,1.00963,1.50,1.50
2011.10.03 10:43:27.691,1.00938,1.00963,1.50,1.50
2011.10.03 10:43:29.330,1.00943,1.00968,1.50,1.50
2011.10.03 10:43:29.844,1.00943,1.00969,1.50,1.50
2011.10.03 10:43:31.488,1.0094,1.00969,1.50,2.25
2011.10.03 10:43:31.610,1.00939,1.00965,1.35,1.50
2011.10.03 10:43:31.841,1.00943,1.00968,1.50,1.50
2011.10.03 10:43:33.776,1.00938,1.00964,1.50,1.50
2011.10.03 10:43:34.311,1.00935,1.00964,2.06,1.50
2011.10.03 10:43:34.432,1.00933,1.00959,1.50,1.50
2011.10.03 10:43:34.551,1.00938,1.00964,1.50,1.50
2011.10.03 10:43:35.115,1.00938,1.00968,1.50,3.00
2011.10.03 10:43:35.229,1.00943,1.00968,1.50,2.25
2011.10.03 10:43:35.683,1.00934,1.00967,2.10,1.50
2011.10.03 10:43:36.014,1.00937,1.00965,1.50,1.50
2011.10.03 10:43:36.700,1.00932,1.00962,1.50,1.50
2011.10.03 10:43:36.821,1.00932,1.0096,1.50,1.50
2011.10.03 10:43:39.709,1.00934,1.0096,1.50,1.50
2011.10.03 10:43:40.049,1.00937,1.00965,1.50,1.50
2011.10.03 10:43:42.081,1.00939,1.00965,1.35,1.50
2011.10.03 10:43:42.312,1.00942,1.00968,1.50,1.50
2011.10.03 10:43:42.650,1.00936,1.00961,1.35,1.50
2011.10.03 10:43:43.470,1.0094,1.00966,1.35,1.50
2011.10.03 10:43:43.701,1.00943,1.00969,1.50,1.50
2011.10.03 10:43:44.259,1.00943,1.00971,1.50,1.50
2011.10.03 10:43:45.980,1.00938,1.00964,1.31,1.50
2011.10.03 10:43:46.213,1.00941,1.00969,1.50,1.50
2011.10.03 10:43:46.441,1.00949,1.00975,1.50,2.25
2011.10.03 10:43:46.781,1.00951,1.00978,1.50,1.50
2011.10.03 10:43:46.900,1.00953,1.00979,1.50,1.50
2011.10.03 10:43:48.731,1.00953,1.00978,1.50,1.50
2011.10.03 10:43:49.189,1.00956,1.00979,1.50,1.50
2011.10.03 10:43:49.313,1.00958,1.00982,1.50,1.50
2011.10.03 10:43:49.652,1.00953,1.00979,1.50,1.50
2011.10.03 10:43:52.560,1.00953,1.00979,1.50,1.50
2011.10.03 10:43:53.121,1.00953,1.00981,1.50,1.50
2011.10.03 10:43:53.652,1.00953,1.00979,1.50,1.50
2011.10.03 10:43:57.239,1.00946,1.0097,1.31,1.50
2011.10.03 10:43:59.874,1.00939,1.00965,1.50,1.50
2011.10.03 10:43:59.992,1.00934,1.00961,1.35,1.50
2011.10.03 10:44:00.654,1.00931,1.00954,1.31,1.50
2011.10.03 10:44:00.775,1.00928,1.00954,1.50,1.50
2011.10.03 10:44:01.001,1.00925,1.00949,2.66,1.50
2011.10.03 10:44:01.340,1.00938,1.00964,1.50,1.35
2011.10.03 10:44:01.461,1.0093,1.00958,2.06,1.50
2011.10.03 10:44:01.911,1.0093,1.00964,1.50,1.50
2011.10.03 10:44:02.032,1.00939,1.00965,1.50,1.50
2011.10.03 10:44:02.263,1.00933,1.00961,1.50,1.50
2011.10.03 10:44:02.890,1.00939,1.00965,1.50,1.50
2011.10.03 10:44:03.709,1.00936,1.00965,1.50,1.50
2011.10.03 10:44:03.829,1.00935,1.0096,1.50,1.50
2011.10.03 10:44:04.370,1.00934,1.0096,2.06,1.50
2011.10.03 10:44:07.189,1.0093,1.0096,1.31,1.50
2011.10.03 10:44:07.310,1.00929,1.00955,1.31,1.50
2011.10.03 10:44:07.911,1.00927,1.00958,1.50,1.50
2011.10.03 10:44:08.029,1.00933,1.00961,1.50,1.50
2011.10.03 10:44:08.262,1.0093,1.00961,1.50,1.50
2011.10.03 10:44:08.564,1.00927,1.00955,2.81,1.50
2011.10.03 10:44:11.266,1.00932,1.0096,1.50,1.50
2011.10.03 10:44:11.493,1.00937,1.00963,1.50,1.50
2011.10.03 10:44:12.051,1.00939,1.00965,1.91,1.50
2011.10.03 10:44:14.303,1.00942,1.0097,1.50,1.50
2011.10.03 10:44:19.801,1.00942,1.00973,1.50,1.50
2011.10.03 10:44:20.138,1.00947,1.00975,1.50,1.50
2011.10.03 10:44:20.615,1.00947,1.00973,1.50,1.35
2011.10.03 10:44:20.961,1.00939,1.00964,2.25,1.50
2011.10.03 10:44:21.086,1.00941,1.00969,1.50,1.50
2011.10.03 10:44:22.731,1.00952,1.00977,1.50,1.50
2011.10.03 10:44:22.960,1.00952,1.00978,1.50,2.10
2011.10.03 10:44:23.531,1.00945,1.00973,1.50,1.50
2011.10.03 10:44:25.506,1.00939,1.0097,1.50,1.50
2011.10.03 10:44:25.620,1.00939,1.00965,1.50,1.50
2011.10.03 10:44:26.701,1.00935,1.00962,1.50,1.13
2011.10.03 10:44:26.824,1.00932,1.0096,1.31,1.50
2011.10.03 10:44:26.943,1.00928,1.00954,1.50,1.50
2011.10.03 10:44:40.719,1.0093,1.00958,1.50,1.50
2011.10.03 10:44:40.852,1.00934,1.00959,1.50,1.50
2011.10.03 10:44:40.975,1.0094,1.00963,1.50,1.50
2011.10.03 10:44:41.094,1.0094,1.00964,1.50,1.50
2011.10.03 10:44:41.517,1.00937,1.00966,1.50,1.50
2011.10.03 10:44:41.747,1.00936,1.00962,1.50,1.50
2011.10.03 10:44:41.974,1.00936,1.00959,1.50,1.13
2011.10.03 10:44:42.202,1.00923,1.00948,2.81,1.50
2011.10.03 10:44:42.320,1.00925,1.00953,1.50,1.50
2011.10.03 10:44:42.997,1.00928,1.00958,1.50,1.50
2011.10.03 10:44:43.123,1.00932,1.00958,1.50,1.50
2011.10.03 10:44:45.341,1.00934,1.00963,2.06,1.50
2011.10.03 10:44:45.461,1.00937,1.00963,1.50,1.50
2011.10.03 10:44:46.503,1.00933,1.00962,1.31,1.50
2011.10.03 10:44:46.625,1.00933,1.00959,1.31,1.50
2011.10.03 10:44:47.355,1.00933,1.00959,1.31,1.50
2011.10.03 10:44:47.478,1.00933,1.00957,1.31,1.50
2011.10.03 10:44:47.809,1.00926,1.00954,2.06,1.50
2011.10.03 10:44:48.260,1.00924,1.00948,1.31,1.50
2011.10.03 10:44:48.489,1.00922,1.00948,2.25,1.50
2011.10.03 10:44:59.071,1.0093,1.00956,1.50,1.50
2011.10.03 10:45:05.820,1.00923,1.00947,1.31,1.50
2011.10.03 10:45:18.943,1.00923,1.00947,1.50,1.50
2011.10.03 10:45:19.170,1.00926,1.00952,1.50,1.50
2011.10.03 10:45:19.290,1.00931,1.00959,1.50,2.25
2011.10.03 10:45:19.847,1.00923,1.00948,1.16,1.50
2011.10.03 10:45:20.113,1.00922,1.00948,1.91,1.50
2011.10.03 10:45:22.870,1.00922,1.00948,1.31,1.50
2011.10.03 10:45:25.326,1.00922,1.00946,1.50,1.35
2011.10.03 10:45:25.673,1.00917,1.00941,1.50,1.35
2011.10.03 10:45:26.024,1.00909,1.00922,1.50,1.50
2011.10.03 10:45:26.153,1.00909,1.00935,1.50,1.35
2011.10.03 10:45:26.834,1.00914,1.0094,1.13,1.50
2011.10.03 10:45:26.970,1.00914,1.00942,2.10,1.50
2011.10.03 10:45:27.094,1.00914,1.00942,2.10,1.50
2011.10.03 10:45:33.891,1.0091,1.00936,1.31,1.50
2011.10.03 10:45:34.122,1.00915,1.00941,1.50,1.50
2011.10.03 10:45:41.611,1.00909,1.00934,1.31,1.50
2011.10.03 10:45:41.730,1.00908,1.00934,2.66,1.50
2011.10.03 10:45:43.521,1.00913,1.00939,1.50,1.50
2011.10.03 10:45:43.862,1.00918,1.00945,1.31,1.50
2011.10.03 10:45:44.859,1.00914,1.00942,1.31,1.50
2011.10.03 10:45:44.980,1.00913,1.0094,1.31,1.50
2011.10.03 10:45:45.612,1.00917,1.00945,1.50,1.50
2011.10.03 10:45:46.501,1.00913,1.00938,1.31,1.50
2011.10.03 10:45:46.732,1.00917,1.00945,1.50,1.50
2011.10.03 10:45:48.041,1.00923,1.0095,1.50,1.50
2011.10.03 10:45:53.535,1.00934,1.00952,1.50,2.25
2011.10.03 10:45:53.765,1.00929,1.00955,1.50,2.10
2011.10.03 10:45:55.004,1.0092,1.00946,1.31,1.50
2011.10.03 10:45:55.671,1.00921,1.00955,1.88,2.10
2011.10.03 10:45:55.791,1.00929,1.00957,1.50,1.50
2011.10.03 10:45:56.466,1.0094,1.00966,1.50,3.00
2011.10.03 10:45:59.520,1.00941,1.00966,1.31,1.50
2011.10.03 10:45:59.641,1.00945,1.00971,1.50,1.50
2011.10.03 10:46:00.441,1.0095,1.00978,1.50,2.25
2011.10.03 10:46:00.827,1.00952,1.00978,1.50,2.25
2011.10.03 10:46:00.970,1.00955,1.00983,1.50,1.50
2011.10.03 10:46:01.420,1.0095,1.00981,1.50,1.35
2011.10.03 10:46:01.543,1.00948,1.00976,1.50,1.50
2011.10.03 10:46:01.992,1.00953,1.00979,1.50,1.50
2011.10.03 10:46:02.551,1.00953,1.00981,1.50,1.50
2011.10.03 10:46:03.057,1.00948,1.00979,1.50,2.25
2011.10.03 10:46:03.181,1.00943,1.00971,1.50,1.50
2011.10.03 10:46:05.665,1.00943,1.00974,1.50,1.50
2011.10.03 10:46:05.783,1.00949,1.00977,1.50,1.50
2011.10.03 10:46:06.882,1.00945,1.00971,1.50,1.50
2011.10.03 10:46:07.661,1.0095,1.00976,1.50,1.50
2011.10.03 10:46:08.111,1.00945,1.00971,1.50,1.50
2011.10.03 10:46:08.784,1.00942,1.00967,1.31,1.50
2011.10.03 10:46:09.301,1.00934,1.0096,1.50,1.50
2011.10.03 10:46:10.972,1.0093,1.0096,1.50,1.50
2011.10.03 10:46:11.256,1.00928,1.00956,1.50,1.50
2011.10.03 10:46:12.689,1.0093,1.00956,1.50,1.50
2011.10.03 10:46:13.252,1.00931,1.00956,1.31,1.50
2011.10.03 10:46:13.812,1.00929,1.00955,1.50,1.50
2011.10.03 10:46:13.931,1.00925,1.00949,1.31,1.50
2011.10.03 10:46:14.534,1.00924,1.00949,1.31,1.50
2011.10.03 10:46:14.994,1.00928,1.00956,1.50,1.50
2011.10.03 10:46:15.114,1.0092,1.00944,1.31,1.50
2011.10.03 10:46:15.230,1.00919,1.00944,2.06,1.50
2011.10.03 10:46:20.541,1.00922,1.0095,1.50,1.50
2011.10.03 10:46:24.831,1.00919,1.00944,1.31,1.50
2011.10.03 10:46:26.170,1.0092,1.00952,1.50,2.25
2011.10.03 10:46:26.292,1.00924,1.00952,1.50,1.50
2011.10.03 10:46:26.739,1.00918,1.00952,1.88,3.00
2011.10.03 10:46:26.862,1.00926,1.00954,1.50,1.50
2011.10.03 10:46:27.430,1.00921,1.00951,1.50,1.50
2011.10.03 10:46:27.551,1.00921,1.00949,1.50,1.50
2011.10.03 10:46:30.320,1.00924,1.00953,1.50,1.50
2011.10.03 10:46:30.439,1.00927,1.00953,1.50,1.50
2011.10.03 10:46:31.959,1.00936,1.00961,1.50,1.50
2011.10.03 10:46:32.079,1.00936,1.00964,1.50,2.25
2011.10.03 10:46:32.312,1.0093,1.00956,1.50,1.50
2011.10.03 10:46:32.432,1.00936,1.00964,1.50,1.50
2011.10.03 10:46:40.460,1.00932,1.00962,1.50,1.50
2011.10.03 10:46:40.777,1.00932,1.00958,1.50,1.50
2011.10.03 10:46:47.431,1.00926,1.00954,1.31,1.50
2011.10.03 10:46:47.557,1.00928,1.00954,1.50,1.50
2011.10.03 10:46:47.783,1.00925,1.0095,1.31,1.50
2011.10.03 10:46:48.341,1.00922,1.0095,2.06,1.50
2011.10.03 10:46:48.460,1.0092,1.00945,1.31,1.50
2011.10.03 10:46:48.800,1.00924,1.0095,1.50,1.50
2011.10.03 10:46:50.399,1.00923,1.00948,1.31,1.50
2011.10.03 10:46:50.520,1.00919,1.00944,2.06,1.50
2011.10.03 10:46:51.165,1.00918,1.00944,1.31,1.50
2011.10.03 10:46:51.528,1.00927,1.00953,1.50,1.50
2011.10.03 10:46:53.030,1.00921,1.00949,1.50,1.50
2011.10.03 10:46:54.048,1.00926,1.00952,1.50,1.50
2011.10.03 10:46:54.381,1.00921,1.00949,1.50,1.50
2011.10.03 10:46:55.292,1.00917,1.00943,2.06,1.50
2011.10.03 10:46:55.633,1.00911,1.00933,1.31,1.50
2011.10.03 10:46:55.971,1.00905,1.00933,1.50,1.50
2011.10.03 10:46:56.749,1.009,1.00928,2.06,1.50
2011.10.03 10:46:58.290,1.00905,1.00933,1.50,1.50
2011.10.03 10:46:58.741,1.00913,1.00938,1.50,1.50
2011.10.03 10:47:03.500,1.00913,1.00937,1.50,1.35
2011.10.03 10:47:03.730,1.00902,1.00927,1.31,1.50
2011.10.03 10:47:04.059,1.00906,1.00932,1.50,1.50
2011.10.03 10:47:04.305,1.00907,1.00937,1.50,1.50
2011.10.03 10:47:04.423,1.00911,1.00937,1.50,1.50
2011.10.03 10:47:05.063,1.00907,1.00935,1.31,1.50
2011.10.03 10:47:05.179,1.00907,1.00932,1.31,1.50
2011.10.03 10:47:05.782,1.00907,1.00932,1.31,1.50
2011.10.03 10:47:07.167,1.0091,1.00938,1.50,1.50
2011.10.03 10:47:11.694,1.0091,1.00941,1.50,1.50
2011.10.03 10:47:11.815,1.00916,1.00942,1.50,1.50
2011.10.03 10:47:13.774,1.00908,1.00932,1.31,1.50
2011.10.03 10:47:13.891,1.00908,1.00932,1.31,1.50
2011.10.03 10:47:14.333,1.0091,1.00938,1.50,1.50
2011.10.03 10:47:17.530,1.00908,1.00932,1.31,1.50
2011.10.03 10:47:18.102,1.00908,1.00932,1.31,1.50
2011.10.03 10:47:20.505,1.00908,1.00932,1.31,1.50
2011.10.03 10:47:20.960,1.00906,1.00932,1.50,1.50
2011.10.03 10:47:21.301,1.00902,1.00926,1.31,1.50
2011.10.03 10:47:25.560,1.00896,1.00921,1.50,1.50
2011.10.03 10:47:26.204,1.00897,1.00921,2.06,1.50
2011.10.03 10:47:27.048,1.00897,1.00921,1.31,1.50
2011.10.03 10:47:28.235,1.00897,1.00921,2.06,1.50
2011.10.03 10:47:28.862,1.00895,1.00921,2.06,1.50
2011.10.03 10:47:29.208,1.00897,1.00921,2.06,1.50
2011.10.03 10:47:29.891,1.00897,1.00921,1.31,1.50
2011.10.03 10:47:35.635,1.00897,1.00921,1.31,1.50
2011.10.03 10:47:35.762,1.00903,1.00927,1.50,1.35
2011.10.03 10:47:35.994,1.00899,1.00925,1.31,1.50
2011.10.03 10:47:36.338,1.00898,1.00925,1.31,1.50
2011.10.03 10:47:38.879,1.00898,1.00923,1.31,1.35
2011.10.03 10:47:39.013,1.00893,1.00919,2.81,1.50
2011.10.03 10:47:39.135,1.00896,1.00922,1.50,1.35
2011.10.03 10:47:39.480,1.00898,1.00924,1.31,1.50
2011.10.03 10:47:40.051,1.00901,1.00926,1.31,1.50
2011.10.03 10:47:40.681,1.00901,1.00926,1.31,1.50
2011.10.03 10:47:41.240,1.00908,1.00934,1.50,1.50
2011.10.03 10:47:41.801,1.00908,1.00936,1.50,1.50
2011.10.03 10:47:42.763,1.0091,1.00936,1.31,1.50
2011.10.03 10:47:46.131,1.00908,1.00936,3.56,1.50
2011.10.03 10:47:47.815,1.00903,1.00928,1.31,1.50
2011.10.03 10:47:48.040,1.00903,1.00928,1.31,1.50
2011.10.03 10:47:49.964,1.00903,1.00928,1.31,1.50
2011.10.03 10:47:50.081,1.00904,1.00936,1.31,1.50
2011.10.03 10:47:50.314,1.00911,1.00938,1.31,1.50
2011.10.03 10:47:57.534,1.00916,1.00941,1.50,1.50
2011.10.03 10:47:57.650,1.00916,1.00943,1.50,1.50
2011.10.03 10:48:00.562,1.00922,1.0095,1.50,1.50
2011.10.03 10:48:00.980,1.00918,1.00949,2.06,1.13
2011.10.03 10:48:01.105,1.00918,1.00944,1.31,1.50
2011.10.03 10:48:01.443,1.00919,1.00954,1.13,2.25
2011.10.03 10:48:01.562,1.00928,1.00954,1.50,1.50
2011.10.03 10:48:02.760,1.00928,1.00956,1.31,1.50
2011.10.03 10:48:03.119,1.00924,1.0095,1.50,1.50
2011.10.03 10:48:03.350,1.00924,1.00949,1.50,1.35
2011.10.03 10:48:03.840,1.00914,1.00934,2.06,1.50
2011.10.03 10:48:03.963,1.00913,1.00934,2.06,1.50
2011.10.03 10:48:04.879,1.0091,1.00934,1.31,1.50
2011.10.03 10:48:08.241,1.00914,1.0094,1.50,1.50
2011.10.03 10:48:09.688,1.00919,1.00943,1.50,1.35
2011.10.03 10:48:09.924,1.00919,1.00945,1.50,1.50
2011.10.03 10:48:10.043,1.00923,1.00951,1.50,1.50
2011.10.03 10:48:11.024,1.00924,1.00945,1.50,1.50
2011.10.03 10:48:11.361,1.00924,1.0094,1.50,1.50
2011.10.03 10:48:12.000,1.00923,1.0094,1.50,1.50
2011.10.03 10:48:12.123,1.00916,1.0094,1.31,1.50
2011.10.03 10:48:12.522,1.00918,1.00946,2.06,1.50
2011.10.03 10:48:12.975,1.00921,1.00946,1.31,1.50
2011.10.03 10:48:13.656,1.00923,1.00946,2.06,1.50
2011.10.03 10:48:13.989,1.00923,1.00946,1.50,1.50
2011.10.03 10:48:15.520,1.00924,1.00952,1.50,2.10
2011.10.03 10:48:15.645,1.00924,1.00946,1.50,1.50
2011.10.03 10:48:15.982,1.00924,1.00946,2.06,1.50
2011.10.03 10:48:17.981,1.00924,1.00946,2.06,1.50
2011.10.03 10:48:18.612,1.00923,1.00946,2.06,1.50
2011.10.03 10:48:19.598,1.00923,1.00943,1.50,1.50
2011.10.03 10:48:19.721,1.00918,1.00943,2.06,1.50
2011.10.03 10:48:24.064,1.00914,1.00938,2.81,1.50
2011.10.03 10:48:24.939,1.00914,1.00938,2.81,1.50
2011.10.03 10:48:25.517,1.00914,1.00938,1.31,1.50
2011.10.03 10:48:26.021,1.00914,1.00938,1.31,1.50
2011.10.03 10:48:27.840,1.00912,1.00938,1.50,1.50
2011.10.03 10:48:32.231,1.00908,1.00936,1.31,1.50
2011.10.03 10:48:32.355,1.00908,1.00933,1.31,1.50
2011.10.03 10:48:32.582,1.00903,1.00928,2.25,1.50
2011.10.03 10:48:32.960,1.00907,1.00935,1.50,1.50
2011.10.03 10:48:34.260,1.00924,1.00939,1.50,1.35
2011.10.03 10:48:34.380,1.00907,1.00935,2.06,1.50
2011.10.03 10:48:36.364,1.00909,1.00938,1.50,1.35
2011.10.03 10:48:36.483,1.00914,1.00939,1.50,1.35
2011.10.03 10:48:36.865,1.00907,1.00935,2.06,1.50
2011.10.03 10:48:37.903,1.00907,1.00933,2.06,1.35
2011.10.03 10:48:38.350,1.00903,1.00929,2.06,1.50
2011.10.03 10:48:38.470,1.00905,1.00935,1.50,1.50
2011.10.03 10:48:38.590,1.00907,1.00935,1.50,1.50
2011.10.03 10:48:38.821,1.00903,1.00933,1.31,1.50
2011.10.03 10:48:38.940,1.00903,1.0093,1.31,1.50
2011.10.03 10:48:40.550,1.00902,1.00929,1.31,2.10
2011.10.03 10:48:41.111,1.009,1.00925,1.31,1.50
2011.10.03 10:48:41.460,1.00897,1.00925,1.50,1.50
2011.10.03 10:48:45.972,1.00903,1.00929,1.50,1.50
2011.10.03 10:48:47.619,1.00905,1.00933,1.50,2.10
2011.10.03 10:48:47.747,1.00908,1.00933,1.50,2.10
2011.10.03 10:48:55.943,1.00909,1.00934,1.31,1.50
2011.10.03 10:48:56.542,1.00908,1.00934,1.50,1.50
2011.10.03 10:49:04.454,1.00905,1.0093,1.31,1.50
2011.10.03 10:49:04.575,1.00913,1.00938,1.50,2.25
2011.10.03 10:49:04.693,1.00907,1.00935,1.50,1.50
2011.10.03 10:49:05.332,1.00907,1.00933,1.50,1.35
2011.10.03 10:49:05.675,1.00904,1.00929,1.31,2.10
2011.10.03 10:49:05.793,1.00899,1.00921,2.06,1.50
2011.10.03 10:49:06.440,1.00896,1.00921,1.31,1.50
2011.10.03 10:49:06.786,1.00895,1.00921,1.50,1.50
2011.10.03 10:49:06.903,1.00888,1.00914,2.81,1.50
2011.10.03 10:49:07.533,1.00892,1.00918,1.50,1.50
2011.10.03 10:49:07.872,1.00897,1.00925,1.50,2.10
2011.10.03 10:49:09.650,1.00902,1.0093,1.50,1.50
2011.10.03 10:49:09.993,1.00899,1.00924,1.31,1.50
2011.10.03 10:49:10.667,1.00899,1.00924,1.31,1.50
2011.10.03 10:49:12.161,1.00899,1.00924,1.31,1.50
2011.10.03 10:49:13.319,1.00899,1.00924,1.31,1.50
2011.10.03 10:49:13.440,1.00899,1.00928,1.31,1.50
2011.10.03 10:49:13.563,1.00903,1.00929,1.50,1.50
2011.10.03 10:49:18.248,1.00904,1.00929,1.31,1.50
2011.10.03 10:49:18.379,1.00908,1.00934,1.50,1.50
2011.10.03 10:49:24.779,1.0091,1.00938,1.50,1.50
2011.10.03 10:49:24.901,1.00912,1.00938,1.50,1.50
2011.10.03 10:49:37.730,1.00907,1.00935,2.06,1.50
2011.10.03 10:49:39.474,1.00908,1.00933,1.31,1.50
2011.10.03 10:49:39.810,1.00905,1.0093,1.31,1.50
2011.10.03 10:49:40.317,1.00907,1.00932,1.31,1.50
2011.10.03 10:49:40.447,1.00908,1.00934,2.06,1.50
2011.10.03 10:49:49.749,1.0091,1.00938,1.50,1.50
2011.10.03 10:49:49.871,1.00914,1.0094,1.50,1.50
2011.10.03 10:49:51.243,1.00918,1.00946,1.50,1.50
2011.10.03 10:49:52.783,1.00918,1.00944,1.50,1.50
2011.10.03 10:49:53.295,1.00918,1.00946,1.50,1.50
2011.10.03 10:50:00.474,1.00915,1.00939,1.31,1.50
2011.10.03 10:50:00.606,1.00909,1.00934,2.81,1.50
2011.10.03 10:50:01.215,1.00923,1.00946,1.50,1.35
2011.10.03 10:50:01.332,1.00913,1.00941,2.06,1.50
2011.10.03 10:50:01.560,1.00909,1.00934,1.31,1.50
2011.10.03 10:50:02.217,1.00909,1.00934,1.31,1.50
2011.10.03 10:50:07.121,1.00913,1.00938,1.31,1.50
2011.10.03 10:50:07.241,1.00913,1.00939,2.06,1.50
2011.10.03 10:50:07.472,1.00914,1.00941,1.35,1.50
2011.10.03 10:50:07.595,1.00919,1.00943,1.50,1.50
2011.10.03 10:50:15.966,1.00923,1.0095,1.50,1.35
2011.10.03 10:50:16.863,1.00926,1.00951,1.35,1.50
2011.10.03 10:50:17.217,1.00933,1.00958,1.50,2.10
2011.10.03 10:50:17.345,1.00929,1.00956,1.31,1.50
2011.10.03 10:50:19.566,1.00929,1.00954,1.31,1.50
2011.10.03 10:50:21.529,1.00928,1.00954,1.50,1.50
2011.10.03 10:50:21.946,1.00928,1.00954,1.50,1.50
2011.10.03 10:50:24.180,1.00923,1.00954,1.50,2.25
2011.10.03 10:50:24.299,1.00923,1.00951,1.50,1.50
2011.10.03 10:50:24.420,1.00925,1.00954,1.50,1.50
2011.10.03 10:50:24.540,1.00928,1.00954,1.50,1.50
2011.10.03 10:50:24.663,1.00924,1.0095,1.50,1.50
2011.10.03 10:50:28.816,1.00924,1.00948,1.50,2.10
2011.10.03 10:50:30.614,1.00924,1.0095,1.50,1.50
2011.10.03 10:50:56.770,1.00919,1.00948,1.31,2.10
2011.10.03 10:50:56.890,1.00919,1.00945,1.31,1.50
2011.10.03 10:50:57.375,1.00913,1.00945,1.50,1.88
2011.10.03 10:50:57.492,1.00911,1.00939,1.50,1.50
2011.10.03 10:51:01.670,1.00913,1.00939,1.31,1.50
2011.10.03 10:51:03.480,1.00919,1.00945,1.50,1.50
2011.10.03 10:51:12.631,1.00921,1.00952,1.50,2.10
2011.10.03 10:51:12.752,1.00926,1.00952,1.50,2.10
2011.10.03 10:51:13.090,1.0092,1.00948,1.50,1.50
2011.10.03 10:51:18.482,1.0092,1.0095,1.50,2.25
2011.10.03 10:51:18.729,1.00925,1.0095,1.50,1.50
2011.10.03 10:51:23.199,1.00921,1.0095,1.50,1.50
2011.10.03 10:51:23.320,1.00921,1.00947,1.50,1.50
2011.10.03 10:51:27.520,1.00921,1.00951,2.06,1.50
2011.10.03 10:51:27.643,1.00926,1.00952,1.50,2.10
2011.10.03 10:51:27.982,1.00923,1.00952,1.50,2.10
2011.10.03 10:51:28.100,1.00921,1.00947,2.06,1.50
2011.10.03 10:51:32.549,1.00926,1.00952,1.50,2.10
2011.10.03 10:51:34.311,1.00921,1.00948,1.31,1.50
2011.10.03 10:51:36.292,1.00926,1.00951,1.50,2.10
2011.10.03 10:51:36.629,1.00923,1.00948,1.31,1.50
2011.10.03 10:51:39.803,1.00926,1.0095,1.50,1.50
2011.10.03 10:51:40.142,1.0093,1.00951,1.50,1.35
2011.10.03 10:51:40.902,1.0093,1.00953,1.50,1.35
2011.10.03 10:51:41.671,1.0093,1.00955,1.50,1.50
2011.10.03 10:51:43.485,1.00919,1.00947,1.50,1.50
2011.10.03 10:51:43.603,1.00924,1.00952,1.50,1.50
2011.10.03 10:51:44.494,1.00924,1.00955,1.50,1.50
2011.10.03 10:51:44.611,1.0093,1.00956,1.50,1.50
2011.10.03 10:51:44.920,1.00927,1.00956,1.50,1.50
2011.10.03 10:51:45.041,1.00931,1.00957,1.50,2.25
2011.10.03 10:51:45.271,1.00927,1.00955,1.50,1.50
2011.10.03 10:51:45.393,1.00924,1.00952,1.50,1.50
2011.10.03 10:51:45.972,1.00931,1.00955,2.10,1.50
2011.10.03 10:51:46.311,1.0094,1.00964,1.50,1.50
2011.10.03 10:51:46.655,1.00935,1.00963,1.50,1.50
2011.10.03 10:51:47.122,1.00935,1.0096,1.50,2.85
2011.10.03 10:51:47.240,1.00931,1.00955,1.50,1.35
2011.10.03 10:51:49.842,1.00931,1.00955,1.50,1.50
2011.10.03 10:51:50.724,1.00926,1.00952,2.06,1.50
2011.10.03 10:51:51.771,1.00919,1.00948,1.50,1.35
2011.10.03 10:51:51.890,1.00919,1.00947,1.50,1.50
2011.10.03 10:51:54.535,1.00914,1.00942,2.06,1.50
2011.10.03 10:51:54.871,1.00919,1.00947,1.50,1.50
2011.10.03 10:51:55.430,1.00922,1.00949,1.50,1.50
2011.10.03 10:51:55.552,1.00925,1.00951,1.50,1.50
2011.10.03 10:51:55.780,1.00925,1.00953,1.50,2.85
2011.10.03 10:51:57.405,1.00927,1.00954,1.50,1.50
2011.10.03 10:51:57.521,1.00931,1.00956,1.50,1.50
2011.10.03 10:51:57.751,1.00931,1.00957,1.50,2.10
2011.10.03 10:51:59.659,1.00931,1.00956,1.50,1.50
2011.10.03 10:52:04.764,1.00931,1.00957,1.50,2.10
2011.10.03 10:52:07.230,1.00931,1.00956,1.50,1.35
2011.10.03 10:52:08.734,1.00925,1.00951,1.50,1.73
2011.10.03 10:52:09.074,1.0093,1.0095,1.50,1.35
2011.10.03 10:52:09.304,1.00917,1.00942,1.50,1.50
2011.10.03 10:52:09.535,1.00922,1.00947,1.50,1.35
2011.10.03 10:52:12.220,1.0092,1.00948,1.50,2.85
2011.10.03 10:52:12.453,1.00918,1.00948,1.31,1.50
2011.10.03 10:52:12.578,1.00917,1.00947,2.06,1.35
2011.10.03 10:52:12.695,1.00917,1.00943,1.31,1.50
2011.10.03 10:52:12.811,1.0092,1.00947,1.50,1.35
2011.10.03 10:52:28.990,1.00936,1.00953,1.50,1.50
2011.10.03 10:52:29.440,1.00936,1.00962,1.50,3.00
2011.10.03 10:52:29.570,1.00931,1.00957,1.50,1.50
2011.10.03 10:52:29.935,1.00931,1.00956,1.50,1.50
2011.10.03 10:52:30.097,1.00931,1.00957,1.50,1.50
2011.10.03 10:52:30.489,1.00931,1.00956,1.50,1.50
2011.10.03 10:52:30.952,1.00931,1.00956,1.50,1.50
2011.10.03 10:52:31.523,1.00931,1.00956,1.50,1.50
2011.10.03 10:52:36.783,1.00936,1.00961,1.50,2.25
2011.10.03 10:52:37.121,1.00936,1.0096,1.50,1.50
2011.10.03 10:52:40.972,1.00936,1.00961,1.50,1.50
2011.10.03 10:52:41.312,1.00936,1.00962,1.50,1.50
2011.10.03 10:52:42.662,1.00936,1.00961,1.50,1.50
2011.10.03 10:52:45.261,1.00936,1.00962,1.50,1.50
2011.10.03 10:52:46.262,1.00931,1.00961,1.50,1.50
2011.10.03 10:52:46.862,1.00936,1.0096,1.50,1.50
2011.10.03 10:52:47.632,1.00936,1.00962,1.50,1.50
2011.10.03 10:52:47.759,1.00941,1.00966,1.50,1.50
2011.10.03 10:52:47.885,1.00935,1.00963,1.50,1.50
2011.10.03 10:52:48.450,1.00935,1.0096,1.50,1.35
2011.10.03 10:52:48.900,1.0093,1.00956,1.50,1.50
2011.10.03 10:52:52.024,1.00935,1.00963,1.50,2.25
2011.10.03 10:52:52.252,1.00941,1.00966,1.50,1.50
2011.10.03 10:52:52.486,1.00931,1.00964,2.06,1.50
2011.10.03 10:52:52.604,1.00931,1.00957,2.06,1.50
2011.10.03 10:52:52.724,1.00933,1.00962,1.50,1.50
2011.10.03 10:52:52.842,1.00936,1.00962,1.50,1.50
2011.10.03 10:52:56.462,1.00933,1.00959,1.50,1.50
2011.10.03 10:52:56.580,1.0093,1.00958,1.50,1.50
2011.10.03 10:52:58.329,1.00933,1.00959,1.50,1.35
2011.10.03 10:52:58.454,1.00935,1.00961,1.50,1.50
2011.10.03 10:52:58.793,1.0093,1.00958,1.50,1.50
2011.10.03 10:53:00.780,1.0093,1.00955,1.50,1.50
2011.10.03 10:53:02.652,1.0093,1.00958,1.50,2.25
2011.10.03 10:53:06.971,1.00933,1.00959,1.50,2.25
2011.10.03 10:53:07.090,1.00936,1.00959,1.50,1.50
2011.10.03 10:53:08.962,1.00936,1.00959,1.50,1.50
2011.10.03 10:53:10.446,1.00927,1.00953,3.00,1.50
2011.10.03 10:53:10.572,1.00931,1.00957,1.50,1.50
2011.10.03 10:53:13.552,1.00935,1.00959,1.50,1.50
2011.10.03 10:53:15.151,1.00935,1.00963,1.50,2.25
2011.10.03 10:53:16.916,1.00932,1.0096,1.50,1.35
2011.10.03 10:53:17.144,1.00936,1.00961,1.50,2.10
2011.10.03 10:53:17.553,1.00924,1.00951,1.31,1.50
2011.10.03 10:53:17.892,1.00922,1.00947,1.50,1.50
2011.10.03 10:53:18.234,1.00924,1.00952,1.50,1.50
2011.10.03 10:53:19.670,1.00931,1.00955,1.50,1.50
2011.10.03 10:53:20.513,1.00931,1.00957,1.50,1.50
2011.10.03 10:53:21.661,1.00931,1.00955,1.50,1.50
2011.10.03 10:53:22.289,1.00931,1.00955,1.50,1.50
2011.10.03 10:53:22.714,1.00924,1.00952,1.50,1.50
2011.10.03 10:53:25.359,1.00926,1.00952,1.50,1.50
2011.10.03 10:53:25.889,1.00924,1.00952,1.50,1.50
2011.10.03 10:53:30.443,1.00926,1.00952,1.50,1.50
2011.10.03 10:53:32.012,1.00924,1.00952,2.06,1.50
2011.10.03 10:53:33.019,1.00929,1.00957,1.50,1.50
2011.10.03 10:53:34.862,1.00926,1.00957,1.50,1.50
2011.10.03 10:53:34.982,1.00924,1.00952,2.06,1.50
2011.10.03 10:53:35.214,1.00926,1.00955,1.31,1.50
2011.10.03 10:53:35.332,1.00929,1.00957,1.50,1.50
2011.10.03 10:53:37.304,1.00931,1.00958,1.50,1.50
2011.10.03 10:53:37.427,1.00934,1.00959,1.50,1.35
2011.10.03 10:53:37.696,1.00936,1.00959,1.50,1.35
2011.10.03 10:53:37.843,1.0094,1.00965,1.50,1.35
2011.10.03 10:53:38.885,1.00935,1.00964,1.50,2.25
2011.10.03 10:53:39.003,1.00935,1.00961,1.50,1.50
2011.10.03 10:53:40.044,1.0093,1.00956,1.50,1.50
2011.10.03 10:53:42.430,1.00927,1.00956,1.50,1.50
2011.10.03 10:53:42.551,1.00925,1.00951,1.50,1.50
2011.10.03 10:53:42.927,1.0093,1.00956,1.50,1.50
2011.10.03 10:53:44.009,1.0093,1.0096,1.50,2.10
2011.10.03 10:53:44.133,1.00935,1.0096,1.50,1.50
2011.10.03 10:53:46.402,1.00926,1.0096,1.50,1.35
2011.10.03 10:53:46.523,1.00925,1.00951,2.06,1.50
2011.10.03 10:53:47.080,1.00929,1.00957,1.50,1.50
2011.10.03 10:53:51.690,1.00927,1.00955,1.50,1.50
2011.10.03 10:53:51.811,1.00926,1.00952,1.50,1.50
2011.10.03 10:53:52.041,1.0093,1.00956,1.50,1.50
2011.10.03 10:53:53.952,1.00923,1.00951,1.50,1.50
2011.10.03 10:54:08.722,1.00924,1.00948,1.31,1.35
2011.10.03 10:54:08.952,1.00923,1.00949,1.50,1.50
2011.10.03 10:54:09.375,1.00919,1.00949,1.50,1.50
2011.10.03 10:54:09.496,1.00919,1.00945,1.31,1.50
2011.10.03 10:54:16.800,1.00919,1.00945,1.31,1.50
2011.10.03 10:54:16.927,1.00923,1.00949,1.50,1.50
2011.10.03 10:54:21.990,1.00928,1.00953,1.50,1.50
2011.10.03 10:54:23.581,1.00925,1.0095,1.31,1.50
2011.10.03 10:54:24.120,1.00925,1.0095,1.31,1.50
2011.10.03 10:54:25.220,1.00925,1.0095,1.31,1.50
2011.10.03 10:54:25.605,1.00926,1.00953,1.31,1.50
2011.10.03 10:54:25.727,1.00928,1.00954,1.50,1.50
2011.10.03 10:54:31.275,1.00925,1.0095,1.31,1.50
2011.10.03 10:54:31.850,1.00925,1.0095,1.31,1.50
2011.10.03 10:54:32.982,1.00926,1.00954,1.31,1.50
2011.10.03 10:54:33.100,1.00928,1.00954,1.50,1.50
2011.10.03 10:54:35.005,1.00925,1.0095,1.91,1.50
2011.10.03 10:54:38.479,1.00925,1.0095,1.91,1.50
2011.10.03 10:54:39.302,1.00925,1.0095,1.91,1.50
2011.10.03 10:54:45.449,1.00927,1.0095,1.31,1.50
2011.10.03 10:54:47.050,1.00927,1.0095,1.31,1.50
2011.10.03 10:54:49.811,1.00927,1.0095,1.31,1.50
2011.10.03 10:54:52.489,1.00925,1.0095,1.31,1.50
2011.10.03 10:54:58.548,1.00922,1.0095,2.06,1.50
2011.10.03 10:55:08.491,1.00925,1.00953,1.50,1.50
2011.10.03 10:55:08.611,1.00927,1.00953,1.50,1.50
2011.10.03 10:55:09.060,1.00923,1.00949,2.06,1.50
2011.10.03 10:55:17.659,1.00924,1.00949,1.31,1.50
2011.10.03 10:55:18.740,1.00924,1.00949,1.31,1.50
2011.10.03 10:55:19.312,1.00924,1.00948,1.31,1.50
2011.10.03 10:55:19.539,1.00924,1.00949,1.31,1.50
2011.10.03 10:55:23.818,1.00924,1.00949,1.31,1.50
2011.10.03 10:55:25.179,1.00924,1.00949,1.31,1.50
2011.10.03 10:55:25.299,1.00924,1.00949,1.31,1.50
2011.10.03 10:55:26.540,1.00926,1.00953,1.31,1.50
2011.10.03 10:55:26.662,1.00927,1.00955,1.50,1.50
2011.10.03 10:55:26.786,1.00932,1.00959,1.50,1.50
2011.10.03 10:55:27.124,1.00929,1.00954,1.31,1.50
2011.10.03 10:55:27.682,1.00928,1.00954,1.50,1.50
2011.10.03 10:55:28.240,1.00928,1.00954,1.50,1.50
2011.10.03 10:55:29.521,1.00925,1.00952,1.35,1.50
2011.10.03 10:55:29.642,1.00924,1.00949,1.91,1.50
2011.10.03 10:55:29.761,1.00925,1.00953,1.35,1.50
2011.10.03 10:55:29.992,1.00927,1.00955,1.50,1.50
2011.10.03 10:55:30.221,1.00922,1.0095,1.50,1.50
2011.10.03 10:55:38.742,1.00914,1.00935,2.06,1.50
2011.10.03 10:55:38.862,1.00914,1.00935,1.50,1.50
2011.10.03 10:55:38.981,1.00917,1.00945,1.50,1.50
2011.10.03 10:55:39.215,1.00915,1.00945,1.50,1.50
2011.10.03 10:55:39.330,1.00913,1.00939,1.50,1.50
2011.10.03 10:55:41.661,1.00912,1.00937,1.31,1.50
2011.10.03 10:55:41.781,1.0091,1.00935,1.31,1.50
2011.10.03 10:55:41.902,1.00911,1.00935,1.16,1.50
2011.10.03 10:55:42.130,1.00913,1.00939,2.10,1.50
2011.10.03 10:55:43.003,1.00911,1.00937,1.31,1.50
2011.10.03 10:55:43.122,1.00909,1.00935,1.31,1.50
2011.10.03 10:55:43.353,1.00912,1.0094,2.06,1.50
2011.10.03 10:55:43.477,1.00908,1.00934,1.91,1.50
2011.10.03 10:55:43.814,1.00906,1.00934,1.50,1.50
2011.10.03 10:55:47.204,1.00906,1.0094,2.85,1.50
2011.10.03 10:55:47.316,1.00917,1.00942,1.50,1.35
2011.10.03 10:55:47.436,1.00917,1.00942,1.50,2.10
2011.10.03 10:55:47.785,1.00904,1.00929,1.31,1.50
2011.10.03 10:55:47.908,1.0091,1.00938,1.50,2.25
2011.10.03 10:56:17.793,1.00913,1.00938,1.31,1.50
2011.10.03 10:56:17.912,1.00917,1.00945,2.06,1.50
2011.10.03 10:56:21.301,1.00912,1.0094,1.50,1.50
2011.10.03 10:56:24.195,1.00907,1.0093,1.31,1.50
2011.10.03 10:56:24.422,1.00905,1.0093,1.31,1.50
2011.10.03 10:56:27.286,1.009,1.00924,1.31,1.50
2011.10.03 10:56:27.404,1.009,1.00924,1.31,1.50
2011.10.03 10:56:27.934,1.00894,1.00919,2.06,1.50
2011.10.03 10:56:28.383,1.00894,1.00919,1.50,1.50
2011.10.03 10:56:28.504,1.00903,1.00929,1.50,2.25
2011.10.03 10:56:29.057,1.00899,1.00929,1.50,1.50
2011.10.03 10:56:29.274,1.00898,1.00925,1.31,1.50
2011.10.03 10:56:29.774,1.00899,1.00927,1.50,1.35
2011.10.03 10:56:29.893,1.00902,1.00928,1.50,1.35
2011.10.03 10:56:30.452,1.00904,1.00935,2.10,1.50
2011.10.03 10:56:30.573,1.00907,1.00935,2.06,1.50
2011.10.03 10:56:33.512,1.00904,1.00928,1.31,1.50
2011.10.03 10:56:33.634,1.00902,1.00928,2.06,1.50
2011.10.03 10:56:36.915,1.00894,1.00919,1.31,1.50
2011.10.03 10:56:37.016,1.00898,1.00924,1.50,1.50
2011.10.03 10:56:37.243,1.00894,1.00924,1.50,1.50
2011.10.03 10:56:37.365,1.00894,1.0092,1.31,1.50
2011.10.03 10:56:37.485,1.00903,1.00929,1.50,1.50
2011.10.03 10:56:37.826,1.00899,1.00925,1.31,1.50
2011.10.03 10:56:38.563,1.00899,1.00925,1.31,1.50
2011.10.03 10:56:41.352,1.009,1.00929,1.31,1.50
2011.10.03 10:56:41.471,1.00903,1.00929,1.50,1.50
2011.10.03 10:56:43.214,1.00907,1.00933,1.50,1.50
2011.10.03 10:56:43.554,1.00903,1.0093,1.31,1.50
2011.10.03 10:56:50.025,1.009,1.00924,1.31,1.35
2011.10.03 10:56:50.254,1.00898,1.00924,2.81,1.35
2011.10.03 10:56:52.987,1.009,1.0093,1.50,1.50
2011.10.03 10:56:53.102,1.00902,1.0093,1.50,1.50
2011.10.03 10:56:58.264,1.00909,1.00937,1.50,1.50
2011.10.03 10:56:59.382,1.00904,1.00934,1.50,1.50
2011.10.03 10:56:59.695,1.00904,1.0093,1.50,1.50
2011.10.03 10:57:01.174,1.00904,1.00934,1.50,1.50
2011.10.03 10:57:01.297,1.0091,1.00936,1.50,1.50
2011.10.03 10:57:01.673,1.00903,1.00931,2.06,1.50
2011.10.03 10:57:04.245,1.0091,1.00936,1.50,1.50
2011.10.03 10:57:04.548,1.00906,1.00936,1.50,1.50
2011.10.03 10:57:04.670,1.00905,1.00931,1.50,1.50
2011.10.03 10:57:07.212,1.00905,1.0093,1.50,1.50
2011.10.03 10:57:07.536,1.00905,1.00931,1.50,1.50
2011.10.03 10:57:15.224,1.00902,1.00931,1.31,1.50
2011.10.03 10:57:15.343,1.00898,1.00924,2.81,1.50
2011.10.03 10:57:15.464,1.00897,1.00924,1.31,1.50
2011.10.03 10:57:21.594,1.00898,1.00924,1.31,1.50
2011.10.03 10:57:23.683,1.00901,1.00927,1.31,1.50
2011.10.03 10:57:23.804,1.00902,1.0093,1.50,1.50
2011.10.03 10:57:24.033,1.00901,1.0093,1.31,1.50
2011.10.03 10:57:25.362,1.00899,1.00925,1.31,1.50
2011.10.03 10:57:30.904,1.00899,1.00925,1.91,1.50
2011.10.03 10:57:31.133,1.00913,1.00938,1.50,1.13
2011.10.03 10:57:31.257,1.00913,1.00938,1.50,3.23
2011.10.03 10:57:31.375,1.00902,1.0093,1.50,1.50
2011.10.03 10:57:31.603,1.00899,1.00925,1.31,1.50
2011.10.03 10:57:31.943,1.00904,1.0093,1.50,1.50
2011.10.03 10:57:34.898,1.00897,1.00925,2.25,1.50
2011.10.03 10:57:43.433,1.00894,1.0092,1.31,1.50
2011.10.03 10:57:43.776,1.00897,1.00925,2.06,1.50
2011.10.03 10:57:44.121,1.00904,1.00928,1.50,1.50
2011.10.03 10:57:44.393,1.00899,1.00925,1.50,2.25
2011.10.03 10:57:46.837,1.00901,1.0093,1.50,1.35
2011.10.03 10:57:46.968,1.00906,1.00934,1.50,1.50
2011.10.03 10:57:47.305,1.00902,1.00928,1.50,1.50
2011.10.03 10:57:47.863,1.0091,1.00938,1.50,2.25
2011.10.03 10:57:48.202,1.0091,1.00933,1.50,2.25
2011.10.03 10:57:48.323,1.00898,1.00923,1.73,1.50
2011.10.03 10:57:48.553,1.00907,1.00932,1.50,1.50
2011.10.03 10:57:48.784,1.00912,1.00936,1.50,1.50
2011.10.03 10:57:49.343,1.00907,1.00933,1.50,1.50
2011.10.03 10:57:49.574,1.00912,1.00937,1.50,1.50
2011.10.03 10:57:50.075,1.00901,1.00926,1.35,1.50
2011.10.03 10:57:50.308,1.00904,1.00932,1.50,2.25
2011.10.03 10:57:50.427,1.0091,1.00935,1.50,1.50
2011.10.03 10:57:50.545,1.00904,1.0093,1.50,1.50
2011.10.03 10:57:51.103,1.0091,1.00935,1.50,1.50
2011.10.03 10:57:51.228,1.00905,1.00931,1.50,1.50
2011.10.03 10:57:51.894,1.00905,1.00929,1.50,1.35
2011.10.03 10:57:52.125,1.00898,1.00926,1.50,1.50
2011.10.03 10:57:56.758,1.00898,1.00924,1.50,2.10
2011.10.03 10:57:57.092,1.00892,1.0092,1.50,1.50
2011.10.03 10:58:22.963,1.00899,1.00926,1.35,1.50
2011.10.03 10:58:23.085,1.00903,1.00928,1.50,1.50
2011.10.03 10:58:23.202,1.00903,1.00931,1.50,3.75
2011.10.03 10:58:23.653,1.00909,1.00931,1.50,2.85
2011.10.03 10:58:23.775,1.00899,1.00925,1.50,1.50
2011.10.03 10:58:24.273,1.00896,1.0092,1.31,1.50
2011.10.03 10:58:24.613,1.0089,1.00914,1.31,1.50
2011.10.03 10:58:25.503,1.00892,1.00917,1.50,1.50
2011.10.03 10:58:26.496,1.00898,1.00922,1.50,1.50
2011.10.03 10:58:26.834,1.00902,1.00926,1.50,1.50
2011.10.03 10:58:27.385,1.00902,1.0093,1.50,1.50
2011.10.03 10:58:32.655,1.00902,1.00927,1.50,1.50
2011.10.03 10:58:33.603,1.00895,1.00921,2.06,1.50
2011.10.03 10:58:33.833,1.00901,1.00926,1.50,1.50
2011.10.03 10:58:35.672,1.00901,1.00926,1.50,1.50
2011.10.03 10:58:39.027,1.00901,1.00929,1.50,2.25
2011.10.03 10:58:39.409,1.00901,1.00926,1.50,1.50
2011.10.03 10:58:42.493,1.00901,1.00929,1.50,2.25
2011.10.03 10:58:46.582,1.00901,1.00926,1.50,1.50
2011.10.03 10:58:47.833,1.00901,1.00929,1.50,1.50
2011.10.03 10:58:50.549,1.00901,1.00926,1.50,2.85
2011.10.03 10:58:51.994,1.00914,1.00926,1.50,1.50
2011.10.03 10:58:52.332,1.00904,1.00931,1.50,1.35
2011.10.03 10:58:52.455,1.00901,1.00926,1.31,1.50
2011.10.03 10:58:55.205,1.00904,1.0093,1.50,1.35
2011.10.03 10:58:56.612,1.00904,1.00932,1.50,1.50
2011.10.03 10:58:57.514,1.00909,1.00934,1.50,2.25
2011.10.03 10:58:58.473,1.00904,1.00932,1.50,1.50
2011.10.03 10:58:58.703,1.00899,1.00925,3.56,1.50
2011.10.03 10:58:59.044,1.00904,1.00929,1.50,1.35
2011.10.03 10:59:00.223,1.00901,1.00929,1.50,1.35
2011.10.03 10:59:00.343,1.00899,1.00925,2.06,1.50
2011.10.03 10:59:02.067,1.00901,1.00929,1.50,1.35
2011.10.03 10:59:02.295,1.00915,1.0094,1.50,1.50
2011.10.03 10:59:02.416,1.00909,1.0094,1.50,1.50
2011.10.03 10:59:02.535,1.00909,1.00937,1.50,1.50
2011.10.03 10:59:02.764,1.00904,1.00932,2.06,1.50
2011.10.03 10:59:02.998,1.00904,1.0093,1.31,1.50
2011.10.03 10:59:03.115,1.00895,1.00923,2.06,1.50
2011.10.03 10:59:07.630,1.00897,1.00927,2.25,1.50
2011.10.03 10:59:07.744,1.009,1.00927,1.50,1.50
2011.10.03 10:59:09.107,1.00905,1.00931,1.50,3.00
2011.10.03 10:59:09.338,1.00901,1.00927,1.50,1.50
2011.10.03 10:59:09.453,1.00902,1.00932,1.50,3.00
2011.10.03 10:59:09.572,1.00905,1.00933,1.50,2.85
2011.10.03 10:59:10.025,1.009,1.00929,1.50,1.35
2011.10.03 10:59:10.143,1.00897,1.00926,1.31,1.50
2011.10.03 10:59:10.263,1.00897,1.00921,1.31,1.35
2011.10.03 10:59:11.154,1.00891,1.00922,1.50,1.35
2011.10.03 10:59:11.278,1.00895,1.00923,1.50,1.50
2011.10.03 10:59:13.932,1.009,1.00926,1.35,1.50
2011.10.03 10:59:14.055,1.009,1.00927,2.10,1.50
2011.10.03 10:59:14.175,1.009,1.00927,1.35,1.50
2011.10.03 10:59:14.704,1.00895,1.00923,1.50,1.50
2011.10.03 10:59:15.434,1.00897,1.00924,1.50,1.50
2011.10.03 10:59:15.564,1.00895,1.00923,1.50,1.50
2011.10.03 10:59:16.003,1.0089,1.00917,1.31,1.50
2011.10.03 10:59:16.566,1.00895,1.00921,1.50,1.50
2011.10.03 10:59:16.907,1.00887,1.00911,1.31,1.50
2011.10.03 10:59:17.244,1.00895,1.0092,1.50,1.50
2011.10.03 10:59:17.630,1.00899,1.00925,1.50,1.50
2011.10.03 10:59:17.746,1.00899,1.00927,1.50,1.50
2011.10.03 10:59:18.283,1.00901,1.00932,1.50,1.50
2011.10.03 10:59:18.514,1.00909,1.00934,1.50,1.50
2011.10.03 10:59:19.143,1.00904,1.00933,1.50,1.50
2011.10.03 10:59:19.270,1.00904,1.0093,1.50,1.50
2011.10.03 10:59:21.757,1.00909,1.00934,1.50,1.35
2011.10.03 10:59:22.095,1.00904,1.00929,1.50,1.50
2011.10.03 10:59:29.473,1.00904,1.00928,1.31,1.50
2011.10.03 10:59:29.705,1.00899,1.00926,2.25,1.50
2011.10.03 10:59:42.095,1.00909,1.00935,1.50,2.25
2011.10.03 10:59:47.776,1.00918,1.00944,1.50,1.50
2011.10.03 10:59:49.189,1.00915,1.00943,1.50,1.50
2011.10.03 10:59:49.307,1.00913,1.00939,1.50,1.50
2011.10.03 10:59:49.892,1.00909,1.00935,2.06,1.50
2011.10.03 10:59:50.747,1.00908,1.00935,1.31,1.50
2011.10.03 10:59:51.422,1.00904,1.0093,2.81,1.50
2011.10.03 10:59:51.546,1.00903,1.00925,1.50,1.50
2011.10.03 10:59:51.663,1.00898,1.00925,1.91,1.50
2011.10.03 10:59:52.369,1.00905,1.00931,1.50,1.50
2011.10.03 10:59:53.256,1.00907,1.00934,1.50,1.35
2011.10.03 10:59:53.374,1.00911,1.00936,1.50,1.35
2011.10.03 10:59:54.006,1.00899,1.00923,2.06,1.50
2011.10.03 10:59:54.367,1.0091,1.00934,1.50,1.50
2011.10.03 10:59:54.816,1.00914,1.00938,1.50,1.35
2011.10.03 10:59:55.375,1.00914,1.0094,1.50,1.50
2011.10.03 10:59:56.056,1.00914,1.00938,1.50,2.85
2011.10.03 10:59:56.395,1.00907,1.00932,1.50,1.35
2011.10.03 10:59:57.834,1.009,1.00931,1.31,1.88
2011.10.03 10:59:57.954,1.009,1.00925,1.31,1.50
2011.10.03 10:59:59.665,1.00894,1.0092,1.31,1.50
