2016.07.13 11:00:00.169,0.99343,0.99371,1.72,1.00
2016.07.13 11:00:00.335,0.99347,0.99374,1.00,1.00
2016.07.13 11:00:00.559,0.99347,0.99377,1.00,1.00
2016.07.13 11:00:00.661,0.99349,0.99377,1.00,1.00
2016.07.13 11:00:00.963,0.99351,0.99378,1.00,1.00
2016.07.13 11:00:02.666,0.9935,0.99377,1.00,1.00
2016.07.13 11:00:02.998,0.99349,0.99379,1.00,1.00
2016.07.13 11:00:03.268,0.99349,0.99377,1.00,1.00
2016.07.13 11:00:03.661,0.99349,0.99379,1.00,1.00
2016.07.13 11:00:04.371,0.99349,0.99377,1.00,1.00
2016.07.13 11:00:05.602,0.99349,0.99376,1.00,1.00
2016.07.13 11:00:06.404,0.99346,0.99376,1.35,1.00
2016.07.13 11:00:06.505,0.99348,0.99375,1.00,1.00
2016.07.13 11:00:06.827,0.99351,0.99376,1.00,1.00
2016.07.13 11:00:07.328,0.99351,0.99377,1.00,1.50
2016.07.13 11:00:07.930,0.99352,0.99377,1.00,1.00
2016.07.13 11:00:08.462,0.99354,0.99376,1.00,1.00
2016.07.13 11:00:08.959,0.99354,0.9938,1.00,1.00
2016.07.13 11:00:09.074,0.99351,0.99376,1.00,1.00
2016.07.13 11:00:09.175,0.99348,0.99376,1.50,1.00
2016.07.13 11:00:09.277,0.99351,0.99371,1.00,1.00
2016.07.13 11:00:09.378,0.99349,0.99376,1.00,1.00
2016.07.13 11:00:09.886,0.99348,0.99376,1.35,1.50
2016.07.13 11:00:10.168,0.99349,0.99377,1.50,2.25
2016.07.13 11:00:10.535,0.99349,0.99371,1.50,1.00
2016.07.13 11:00:10.737,0.99349,0.99375,1.50,1.12
2016.07.13 11:00:10.985,0.9935,0.99373,1.00,1.00
2016.07.13 11:00:11.336,0.9935,0.99371,1.00,1.00
2016.07.13 11:00:11.564,0.9935,0.99373,1.00,1.00
2016.07.13 11:00:12.874,0.99351,0.99373,2.10,1.00
2016.07.13 11:00:12.925,0.9935,0.99373,1.60,1.00
2016.07.13 11:00:13.076,0.99355,0.9938,1.75,1.12
2016.07.13 11:00:13.178,0.99354,0.99377,2.10,1.00
2016.07.13 11:00:13.379,0.99355,0.99381,1.35,2.25
2016.07.13 11:00:13.691,0.99351,0.99378,1.35,1.37
2016.07.13 11:00:14.195,0.99355,0.99381,1.50,2.25
2016.07.13 11:00:14.296,0.99355,0.99381,1.75,1.12
2016.07.13 11:00:14.498,0.99355,0.99379,1.75,1.00
2016.07.13 11:00:14.785,0.99352,0.99376,1.35,1.12
2016.07.13 11:00:17.756,0.99353,0.99377,1.35,1.50
2016.07.13 11:00:17.908,0.99356,0.99382,2.10,2.50
2016.07.13 11:00:18.977,0.99356,0.9938,1.35,1.00
2016.07.13 11:00:19.128,0.99356,0.9938,1.67,1.75
2016.07.13 11:00:20.713,0.99356,0.99381,2.10,1.00
2016.07.13 11:00:21.230,0.99356,0.9938,2.10,1.00
2016.07.13 11:00:21.970,0.99356,0.99381,1.35,1.00
2016.07.13 11:00:22.478,0.99356,0.99379,1.35,1.00
2016.07.13 11:00:23.124,0.99356,0.99379,1.75,1.00
2016.07.13 11:00:23.648,0.99356,0.9938,1.75,1.00
2016.07.13 11:00:23.817,0.99353,0.9938,2.25,1.37
2016.07.13 11:00:24.886,0.99353,0.99378,1.87,1.12
2016.07.13 11:00:24.937,0.99353,0.99378,1.87,1.50
2016.07.13 11:00:25.284,0.9935,0.99374,3.00,1.00
2016.07.13 11:00:25.335,0.9935,0.99374,1.37,1.37
2016.07.13 11:00:25.860,0.9935,0.99376,1.87,1.50
2016.07.13 11:00:31.381,0.99353,0.99379,1.75,1.75
2016.07.13 11:00:31.532,0.99354,0.9938,1.75,1.37
2016.07.13 11:00:32.040,0.99355,0.99378,1.00,1.00
2016.07.13 11:00:32.606,0.99355,0.99381,1.50,2.25
2016.07.13 11:00:32.708,0.99356,0.99381,1.75,1.87
2016.07.13 11:00:32.758,0.99356,0.99381,1.75,1.87
2016.07.13 11:00:32.859,0.99355,0.99381,1.75,2.25
2016.07.13 11:00:32.960,0.99355,0.99378,1.00,1.00
2016.07.13 11:00:33.331,0.99354,0.99381,1.12,2.25
2016.07.13 11:00:33.722,0.99357,0.99383,1.75,1.50
2016.07.13 11:00:33.936,0.99357,0.9938,1.00,1.00
2016.07.13 11:00:34.238,0.99356,0.99377,1.00,1.75
2016.07.13 11:00:34.382,0.99353,0.99381,1.12,2.25
2016.07.13 11:00:34.434,0.99358,0.99379,1.00,1.50
2016.07.13 11:00:34.536,0.99359,0.99383,1.00,1.00
2016.07.13 11:00:34.637,0.99358,0.99383,1.12,1.75
2016.07.13 11:00:34.939,0.99357,0.99384,1.75,2.08
2016.07.13 11:00:35.323,0.99357,0.9938,1.00,1.00
2016.07.13 11:00:35.525,0.99352,0.99375,1.37,1.00
2016.07.13 11:00:35.827,0.99346,0.99371,1.12,1.75
2016.07.13 11:00:36.329,0.99345,0.99371,1.00,1.75
2016.07.13 11:00:36.895,0.99346,0.99371,1.00,1.75
2016.07.13 11:00:37.093,0.99344,0.99371,1.12,2.25
2016.07.13 11:00:37.446,0.99346,0.99371,1.12,1.75
2016.07.13 11:00:37.749,0.99349,0.99375,1.00,2.50
2016.07.13 11:00:38.086,0.99348,0.99375,1.75,2.00
2016.07.13 11:00:38.137,0.99344,0.99371,1.87,1.50
2016.07.13 11:00:38.239,0.99344,0.99371,1.75,1.75
2016.07.13 11:00:38.341,0.99346,0.9937,1.00,1.00
2016.07.13 11:00:38.543,0.99344,0.99372,1.75,1.75
2016.07.13 11:00:38.860,0.99354,0.99382,1.12,2.00
2016.07.13 11:00:38.911,0.99354,0.9938,1.12,1.50
2016.07.13 11:00:38.962,0.99354,0.9938,1.12,1.75
2016.07.13 11:00:39.264,0.99349,0.99377,1.75,2.00
2016.07.13 11:00:39.566,0.99349,0.99377,1.37,2.00
2016.07.13 11:00:39.877,0.99346,0.99376,1.75,2.50
2016.07.13 11:00:39.979,0.99346,0.99375,1.87,1.75
2016.07.13 11:00:40.080,0.99349,0.99377,1.75,1.62
2016.07.13 11:00:41.038,0.99349,0.99376,2.62,1.37
2016.07.13 11:00:41.340,0.99352,0.99378,1.75,1.25
2016.07.13 11:00:41.864,0.99353,0.9938,2.62,1.25
2016.07.13 11:00:41.915,0.99353,0.9938,2.25,1.00
2016.07.13 11:00:42.755,0.99353,0.99382,2.62,1.50
2016.07.13 11:00:42.856,0.99356,0.99382,2.25,1.12
2016.07.13 11:00:43.158,0.99356,0.99384,3.37,1.37
2016.07.13 11:00:43.260,0.99356,0.99384,1.75,1.50
2016.07.13 11:00:45.709,0.99357,0.99381,1.75,1.00
2016.07.13 11:00:46.183,0.99357,0.99381,1.75,1.00
2016.07.13 11:00:46.284,0.99355,0.99378,1.87,1.00
2016.07.13 11:00:46.385,0.99355,0.99378,1.75,1.00
2016.07.13 11:00:46.487,0.99353,0.99377,1.00,1.00
2016.07.13 11:00:46.689,0.99351,0.99378,1.12,1.37
2016.07.13 11:00:46.790,0.9935,0.9938,3.00,2.25
2016.07.13 11:00:46.840,0.99353,0.9938,1.75,1.75
2016.07.13 11:00:46.891,0.99353,0.9938,1.75,1.75
2016.07.13 11:00:48.800,0.99357,0.9938,1.00,1.00
2016.07.13 11:00:49.681,0.99353,0.9938,2.25,1.75
2016.07.13 11:00:50.977,0.99358,0.99381,1.00,1.75
2016.07.13 11:00:51.673,0.99356,0.9938,1.00,1.00
2016.07.13 11:00:52.977,0.99359,0.99382,1.00,2.50
2016.07.13 11:00:53.679,0.99359,0.99381,1.00,1.00
2016.07.13 11:00:53.981,0.99355,0.99379,1.75,1.00
2016.07.13 11:00:54.631,0.99356,0.99383,1.50,2.00
2016.07.13 11:00:54.933,0.99356,0.99383,1.75,1.75
2016.07.13 11:00:56.286,0.99357,0.99383,1.12,1.75
2016.07.13 11:00:56.380,0.99357,0.99383,1.50,1.37
2016.07.13 11:00:56.431,0.99358,0.99383,1.75,1.00
2016.07.13 11:00:56.532,0.99357,0.9938,3.37,1.00
2016.07.13 11:00:56.633,0.99359,0.9938,1.00,1.00
2016.07.13 11:00:57.141,0.99355,0.9938,1.75,1.12
2016.07.13 11:01:00.203,0.99355,0.99382,1.75,1.87
2016.07.13 11:01:00.867,0.99355,0.99381,1.75,1.00
2016.07.13 11:01:01.018,0.99356,0.9938,1.00,1.00
2016.07.13 11:01:03.260,0.99356,0.99379,1.00,1.00
2016.07.13 11:01:03.784,0.99356,0.9938,1.00,1.00
2016.07.13 11:01:08.078,0.99353,0.9938,1.75,1.50
2016.07.13 11:01:08.128,0.99354,0.99378,1.00,1.00
2016.07.13 11:01:08.284,0.99353,0.9938,2.25,1.75
2016.07.13 11:01:08.930,0.99352,0.99379,2.25,1.50
2016.07.13 11:01:11.586,0.99355,0.99379,1.12,1.37
2016.07.13 11:01:11.687,0.99355,0.9938,1.87,1.00
2016.07.13 11:01:11.788,0.99355,0.9938,1.87,1.12
2016.07.13 11:01:15.755,0.99353,0.99379,1.87,1.00
2016.07.13 11:01:16.349,0.99353,0.9938,1.75,1.12
2016.07.13 11:01:16.981,0.99353,0.99379,1.75,1.00
2016.07.13 11:01:17.948,0.99353,0.99379,1.75,1.37
2016.07.13 11:01:18.341,0.99355,0.99382,1.50,1.50
2016.07.13 11:01:18.442,0.99359,0.99382,1.00,1.50
2016.07.13 11:01:18.962,0.99359,0.99381,1.00,1.00
2016.07.13 11:01:19.454,0.99355,0.99382,4.12,1.12
2016.07.13 11:01:19.964,0.99356,0.99385,2.25,2.50
2016.07.13 11:01:21.657,0.99356,0.99383,2.25,2.08
2016.07.13 11:01:21.707,0.99357,0.99381,1.00,1.00
2016.07.13 11:01:22.781,0.99356,0.9938,1.75,1.00
2016.07.13 11:01:22.932,0.99355,0.9938,1.75,1.00
2016.07.13 11:01:23.172,0.99356,0.99381,1.50,1.12
2016.07.13 11:01:23.374,0.99356,0.99383,4.12,1.33
2016.07.13 11:01:23.475,0.99357,0.99385,3.37,1.37
2016.07.13 11:01:24.047,0.99358,0.99386,1.75,1.75
2016.07.13 11:01:24.148,0.99357,0.99386,1.75,2.00
2016.07.13 11:01:24.487,0.99354,0.99382,1.87,1.37
2016.07.13 11:01:24.537,0.99354,0.99382,1.87,1.75
2016.07.13 11:01:24.649,0.99355,0.99382,1.37,1.50
2016.07.13 11:01:24.750,0.99358,0.99382,1.00,1.50
2016.07.13 11:01:24.850,0.99356,0.99384,2.62,2.08
2016.07.13 11:01:25.281,0.99357,0.99383,2.62,1.00
2016.07.13 11:01:25.824,0.9936,0.99388,1.75,1.75
2016.07.13 11:01:26.132,0.99358,0.99382,1.75,1.00
2016.07.13 11:01:26.256,0.99358,0.99384,1.12,1.75
2016.07.13 11:01:26.458,0.99356,0.99384,1.50,1.75
2016.07.13 11:01:26.761,0.99357,0.99385,1.50,1.75
2016.07.13 11:01:28.479,0.99357,0.99381,1.50,1.37
2016.07.13 11:01:28.783,0.99354,0.99381,1.87,2.25
2016.07.13 11:01:28.934,0.99354,0.99381,1.12,2.25
2016.07.13 11:01:31.871,0.99357,0.99381,1.00,1.75
2016.07.13 11:01:32.396,0.99356,0.99382,1.12,2.25
2016.07.13 11:01:32.498,0.99356,0.99379,1.37,1.00
2016.07.13 11:01:34.481,0.99356,0.99382,2.25,1.50
2016.07.13 11:01:34.532,0.99356,0.99382,2.25,1.12
2016.07.13 11:01:36.653,0.99356,0.99381,1.75,1.00
2016.07.13 11:01:37.193,0.99356,0.99383,1.75,1.50
2016.07.13 11:01:37.395,0.99356,0.99381,1.75,1.00
2016.07.13 11:01:37.687,0.99358,0.99383,1.00,1.50
2016.07.13 11:01:38.002,0.99356,0.99385,2.25,2.25
2016.07.13 11:01:38.103,0.99356,0.99384,1.50,1.75
2016.07.13 11:01:38.154,0.99357,0.99384,1.75,1.75
2016.07.13 11:01:38.398,0.99357,0.99384,3.37,1.75
2016.07.13 11:01:38.801,0.9936,0.99383,1.00,1.37
2016.07.13 11:01:39.003,0.99357,0.99383,3.37,1.12
2016.07.13 11:01:39.335,0.99358,0.9938,1.00,1.37
2016.07.13 11:01:39.977,0.99354,0.99378,1.75,1.00
2016.07.13 11:01:40.027,0.99356,0.99378,1.00,1.12
2016.07.13 11:01:40.561,0.99356,0.99382,1.50,1.75
2016.07.13 11:01:40.612,0.99357,0.99381,1.50,1.00
2016.07.13 11:01:40.663,0.99357,0.99385,2.25,1.50
2016.07.13 11:01:40.713,0.99358,0.99385,1.75,1.50
2016.07.13 11:01:40.910,0.99358,0.99385,2.25,1.75
2016.07.13 11:01:40.960,0.99358,0.99385,1.75,1.37
2016.07.13 11:01:41.263,0.99357,0.99381,2.25,1.87
2016.07.13 11:01:41.313,0.99352,0.99381,4.50,2.25
2016.07.13 11:01:41.832,0.99352,0.99378,1.75,1.12
2016.07.13 11:01:41.883,0.99352,0.99376,1.75,1.00
2016.07.13 11:01:42.236,0.99353,0.99378,1.75,1.12
2016.07.13 11:01:42.287,0.99353,0.99378,1.50,1.50
2016.07.13 11:01:42.811,0.9935,0.99376,1.75,1.00
2016.07.13 11:01:43.013,0.9935,0.99377,1.75,1.50
2016.07.13 11:01:43.667,0.9935,0.99375,1.50,1.00
2016.07.13 11:01:43.768,0.99347,0.99375,1.75,1.12
2016.07.13 11:01:44.662,0.99348,0.99375,1.37,1.50
2016.07.13 11:01:44.713,0.99348,0.99375,1.37,1.75
2016.07.13 11:01:45.171,0.99347,0.99373,1.87,1.12
2016.07.13 11:01:45.574,0.9935,0.99375,1.75,1.37
2016.07.13 11:01:45.699,0.99349,0.99376,2.62,1.50
2016.07.13 11:01:46.522,0.99349,0.99378,4.12,1.50
2016.07.13 11:01:48.479,0.9935,0.99379,1.75,2.25
2016.07.13 11:01:48.530,0.9935,0.99378,1.75,1.75
2016.07.13 11:01:50.729,0.99347,0.99377,2.62,1.75
2016.07.13 11:01:51.257,0.99352,0.99376,1.00,1.00
2016.07.13 11:01:53.086,0.99348,0.99377,1.87,1.75
2016.07.13 11:01:53.137,0.9935,0.99374,1.00,1.00
2016.07.13 11:01:53.964,0.9935,0.99374,1.37,1.00
2016.07.13 11:01:54.065,0.9935,0.99378,1.87,1.75
2016.07.13 11:01:54.368,0.9935,0.99379,4.50,1.75
2016.07.13 11:01:54.972,0.99348,0.99377,2.25,1.75
2016.07.13 11:01:55.290,0.99348,0.99377,1.75,1.75
2016.07.13 11:01:56.045,0.99347,0.99375,1.75,2.25
2016.07.13 11:01:57.540,0.99346,0.99375,1.75,1.75
2016.07.13 11:01:59.283,0.99346,0.99375,1.87,2.62
2016.07.13 11:01:59.770,0.99346,0.99375,1.87,1.50
2016.07.13 11:02:00.225,0.99345,0.99374,3.37,1.37
2016.07.13 11:02:00.527,0.99347,0.99373,1.00,1.37
2016.07.13 11:02:00.830,0.99345,0.99374,2.25,1.75
2016.07.13 11:02:01.359,0.99347,0.9937,1.00,1.00
2016.07.13 11:02:02.845,0.99347,0.99375,1.87,2.25
2016.07.13 11:02:02.896,0.99348,0.99372,1.00,1.00
2016.07.13 11:02:03.799,0.99347,0.99375,1.50,2.62
2016.07.13 11:02:04.320,0.99347,0.9937,1.50,1.00
2016.07.13 11:02:04.855,0.99348,0.99375,1.12,3.37
2016.07.13 11:02:05.503,0.99347,0.99374,1.75,1.75
2016.07.13 11:02:06.008,0.99349,0.99375,1.12,1.75
2016.07.13 11:02:06.299,0.99347,0.99376,1.75,2.25
2016.07.13 11:02:06.558,0.99347,0.99375,1.50,2.62
2016.07.13 11:02:12.862,0.99348,0.99374,1.75,1.50
2016.07.13 11:02:12.912,0.99348,0.99374,1.75,1.50
2016.07.13 11:02:19.842,0.99349,0.99374,1.37,1.12
2016.07.13 11:02:19.893,0.99349,0.99374,1.12,1.12
2016.07.13 11:02:24.779,0.99347,0.99374,1.75,1.50
2016.07.13 11:02:24.829,0.9935,0.99373,1.00,1.00
2016.07.13 11:02:24.880,0.99347,0.99373,1.50,1.37
2016.07.13 11:02:24.931,0.99344,0.9937,1.75,1.50
2016.07.13 11:02:25.032,0.99346,0.99373,1.12,1.50
2016.07.13 11:02:25.133,0.99347,0.99373,1.75,1.00
2016.07.13 11:02:25.247,0.99349,0.99375,1.50,2.08
2016.07.13 11:02:25.427,0.99352,0.99374,1.00,1.00
2016.07.13 11:02:25.529,0.99348,0.99374,1.75,1.75
2016.07.13 11:02:25.831,0.99351,0.99377,1.50,2.00
2016.07.13 11:02:26.603,0.99346,0.99374,4.12,1.75
2016.07.13 11:02:26.654,0.99348,0.99372,1.00,1.00
2016.07.13 11:02:26.705,0.99346,0.99372,1.75,1.37
2016.07.13 11:02:27.209,0.99344,0.99371,1.75,1.75
2016.07.13 11:02:27.440,0.9934,0.99368,1.12,2.25
2016.07.13 11:02:27.944,0.99341,0.99367,1.00,1.75
2016.07.13 11:02:28.230,0.99339,0.99365,1.87,1.50
2016.07.13 11:02:29.500,0.99343,0.99367,1.12,1.75
2016.07.13 11:02:29.550,0.9934,0.99363,1.50,1.00
2016.07.13 11:02:29.802,0.99337,0.99364,1.50,2.25
2016.07.13 11:02:29.853,0.99335,0.99361,1.12,1.50
2016.07.13 11:02:30.155,0.99334,0.99362,2.62,1.75
2016.07.13 11:02:30.475,0.9934,0.99366,1.87,1.50
2016.07.13 11:02:30.799,0.9934,0.99366,1.87,2.10
2016.07.13 11:02:31.052,0.99336,0.9936,1.00,1.75
2016.07.13 11:02:32.504,0.99335,0.99361,1.75,1.37
2016.07.13 11:02:32.555,0.99335,0.99361,1.75,1.37
2016.07.13 11:02:32.932,0.99335,0.99361,1.50,1.50
2016.07.13 11:02:33.134,0.99338,0.99365,1.50,1.75
2016.07.13 11:02:33.235,0.99338,0.99365,2.25,1.37
2016.07.13 11:02:34.021,0.99336,0.99363,2.62,1.75
2016.07.13 11:02:34.071,0.99337,0.99361,1.00,1.00
2016.07.13 11:02:34.429,0.99337,0.99364,1.75,1.75
2016.07.13 11:02:36.092,0.9934,0.99366,1.37,2.08
2016.07.13 11:02:36.143,0.99341,0.99365,1.00,1.00
2016.07.13 11:02:36.194,0.99341,0.99367,1.12,2.00
2016.07.13 11:02:36.456,0.99341,0.99365,1.50,1.00
2016.07.13 11:02:36.506,0.99341,0.99367,1.12,2.00
2016.07.13 11:02:37.112,0.9934,0.99363,1.00,1.00
2016.07.13 11:02:38.491,0.99338,0.99367,2.62,2.00
2016.07.13 11:02:38.541,0.99341,0.99365,1.00,1.00
2016.07.13 11:02:40.193,0.99338,0.99365,2.25,1.75
2016.07.13 11:02:40.358,0.99334,0.99361,1.37,1.75
2016.07.13 11:02:40.510,0.99334,0.99361,1.37,2.25
2016.07.13 11:02:40.561,0.99333,0.99356,1.12,1.00
2016.07.13 11:02:40.662,0.99333,0.9936,1.12,2.25
2016.07.13 11:02:40.863,0.99331,0.99359,1.12,1.75
2016.07.13 11:02:43.563,0.9933,0.99355,1.75,1.00
2016.07.13 11:02:43.613,0.9933,0.99355,1.50,1.37
2016.07.13 11:02:43.752,0.99328,0.99354,1.75,1.75
2016.07.13 11:02:45.240,0.99329,0.99356,2.62,1.75
2016.07.13 11:02:45.341,0.9933,0.99356,1.12,1.75
2016.07.13 11:02:45.492,0.99334,0.99358,1.00,1.50
2016.07.13 11:02:46.034,0.99333,0.99358,1.12,1.12
2016.07.13 11:02:46.387,0.99334,0.99361,2.62,1.50
2016.07.13 11:02:46.727,0.99331,0.99354,1.12,1.00
2016.07.13 11:02:46.944,0.99329,0.99356,3.37,1.12
2016.07.13 11:02:47.347,0.99334,0.99358,1.50,1.37
2016.07.13 11:02:47.398,0.99337,0.99359,1.00,1.00
2016.07.13 11:02:47.499,0.99337,0.99361,1.00,2.25
2016.07.13 11:02:48.424,0.99334,0.99363,1.75,2.10
2016.07.13 11:02:48.475,0.99333,0.99361,2.25,1.75
2016.07.13 11:02:48.788,0.99338,0.99362,1.00,1.35
2016.07.13 11:02:53.419,0.99336,0.99362,1.50,1.67
2016.07.13 11:02:53.520,0.99336,0.99362,1.50,1.35
2016.07.13 11:02:54.322,0.99336,0.99362,1.87,1.30
2016.07.13 11:02:54.625,0.99336,0.99363,3.37,1.72
2016.07.13 11:02:54.726,0.99339,0.99365,2.62,1.85
2016.07.13 11:02:55.150,0.99341,0.99367,1.75,1.75
2016.07.13 11:02:55.337,0.99341,0.99367,2.25,1.62
2016.07.13 11:02:56.044,0.99343,0.9937,1.75,1.62
2016.07.13 11:02:56.347,0.99346,0.99372,2.25,1.60
2016.07.13 11:02:59.809,0.99347,0.99369,1.75,1.25
2016.07.13 11:02:59.910,0.99342,0.99369,2.62,1.37
2016.07.13 11:03:00.628,0.99343,0.99368,1.75,1.37
2016.07.13 11:03:00.930,0.99342,0.99365,1.00,1.25
2016.07.13 11:03:00.980,0.99342,0.99365,1.50,1.37
2016.07.13 11:03:01.132,0.99339,0.99365,1.75,1.70
2016.07.13 11:03:01.334,0.99338,0.99363,1.75,1.50
2016.07.13 11:03:01.645,0.99338,0.99364,1.87,1.13
2016.07.13 11:03:01.960,0.99337,0.99353,1.37,2.10
2016.07.13 11:03:02.011,0.9933,0.99353,3.37,2.10
2016.07.13 11:03:02.112,0.9933,0.99351,1.75,1.00
2016.07.13 11:03:02.414,0.99331,0.99354,1.00,1.60
2016.07.13 11:03:03.438,0.99328,0.99353,1.75,1.00
2016.07.13 11:03:03.539,0.99328,0.99355,2.62,1.12
2016.07.13 11:03:04.338,0.99328,0.99353,3.37,1.00
2016.07.13 11:03:04.389,0.99329,0.99356,1.75,1.67
2016.07.13 11:03:05.353,0.99329,0.99356,1.75,1.92
2016.07.13 11:03:06.273,0.9933,0.99356,1.75,1.22
2016.07.13 11:03:06.807,0.99329,0.99355,3.37,1.25
2016.07.13 11:03:07.324,0.9933,0.99356,1.75,1.55
2016.07.13 11:03:08.908,0.99335,0.99357,1.00,1.85
2016.07.13 11:03:09.059,0.99328,0.99352,1.00,1.33
2016.07.13 11:03:10.985,0.99328,0.99352,1.50,1.12
2016.07.13 11:03:11.288,0.99329,0.99353,1.75,1.93
2016.07.13 11:03:12.939,0.99328,0.99353,1.75,1.60
2016.07.13 11:03:13.090,0.9933,0.99353,1.00,2.35
2016.07.13 11:03:13.262,0.99324,0.99351,2.25,1.75
2016.07.13 11:03:13.363,0.99326,0.9935,1.00,1.00
2016.07.13 11:03:16.516,0.99326,0.9935,1.00,1.36
2016.07.13 11:03:19.144,0.99325,0.99351,1.75,1.86
2016.07.13 11:03:19.928,0.99324,0.99351,4.50,1.48
2016.07.13 11:03:21.002,0.99325,0.99351,1.75,1.48
2016.07.13 11:03:22.093,0.99325,0.9935,1.75,2.46
2016.07.13 11:03:22.295,0.99321,0.99347,1.75,1.71
2016.07.13 11:03:23.888,0.99322,0.99346,2.25,1.30
2016.07.13 11:03:24.957,0.99323,0.99347,1.50,1.60
2016.07.13 11:03:25.210,0.99322,0.99346,1.75,1.30
2016.07.13 11:03:26.880,0.99323,0.99349,1.50,1.11
2016.07.13 11:03:27.234,0.99327,0.9935,1.00,1.36
2016.07.13 11:03:27.536,0.99329,0.99355,3.37,1.36
2016.07.13 11:03:27.587,0.99329,0.99354,1.75,1.36
2016.07.13 11:03:27.808,0.99324,0.99351,2.25,1.86
2016.07.13 11:03:28.412,0.99324,0.9935,1.75,1.73
2016.07.13 11:03:28.961,0.99324,0.9935,1.87,1.73
2016.07.13 11:03:31.678,0.99323,0.9935,2.62,1.73
2016.07.13 11:03:32.223,0.99324,0.9935,1.37,1.86
2016.07.13 11:03:34.110,0.99322,0.99349,1.12,1.37
2016.07.13 11:03:34.778,0.99324,0.99349,1.37,1.37
2016.07.13 11:03:35.357,0.99325,0.9935,1.00,1.75
2016.07.13 11:03:35.896,0.99324,0.9935,1.37,1.75
2016.07.13 11:03:36.630,0.99324,0.9935,1.12,1.75
2016.07.13 11:03:37.193,0.99325,0.9935,1.00,1.75
2016.07.13 11:03:39.527,0.99323,0.99349,1.37,2.00
2016.07.13 11:03:41.202,0.9932,0.99349,2.62,2.00
2016.07.13 11:03:48.386,0.99321,0.9935,1.75,2.12
2016.07.13 11:03:49.024,0.99321,0.9935,1.75,2.12
2016.07.13 11:03:50.504,0.99321,0.99348,1.75,1.66
2016.07.13 11:03:50.806,0.99319,0.99346,1.75,1.91
2016.07.13 11:03:50.857,0.99319,0.99343,1.00,1.00
2016.07.13 11:03:53.767,0.99322,0.99345,1.00,1.66
2016.07.13 11:03:54.069,0.99318,0.99346,1.12,2.41
2016.07.13 11:03:54.170,0.99318,0.99346,1.12,2.41
2016.07.13 11:03:54.739,0.99319,0.99346,1.12,1.91
2016.07.13 11:03:55.240,0.99321,0.99346,1.75,1.91
2016.07.13 11:03:55.391,0.99319,0.99346,1.50,2.03
2016.07.13 11:03:57.352,0.99319,0.99347,1.75,2.41
2016.07.13 11:03:57.403,0.99319,0.99347,1.75,2.41
2016.07.13 11:03:57.666,0.9932,0.99343,1.00,1.00
2016.07.13 11:04:00.352,0.99324,0.99343,1.00,1.00
2016.07.13 11:04:00.654,0.99326,0.9935,1.37,1.05
2016.07.13 11:04:01.172,0.99326,0.9935,1.37,1.05
2016.07.13 11:04:01.673,0.99326,0.99352,1.87,1.91
2016.07.13 11:04:01.724,0.99326,0.99351,1.87,1.11
2016.07.13 11:04:01.775,0.9933,0.99352,1.50,1.48
2016.07.13 11:04:02.077,0.99331,0.99351,1.75,1.11
2016.07.13 11:04:03.410,0.99331,0.99352,1.75,1.11
2016.07.13 11:04:04.113,0.9933,0.99352,1.75,1.11
2016.07.13 11:04:05.114,0.99331,0.99353,1.75,1.36
2016.07.13 11:04:05.629,0.9933,0.99354,1.75,1.36
2016.07.13 11:04:06.517,0.99332,0.9936,1.75,1.75
2016.07.13 11:04:06.618,0.99333,0.99361,1.75,2.62
2016.07.13 11:04:06.719,0.99337,0.99361,1.75,1.12
2016.07.13 11:04:06.820,0.99337,0.99361,1.75,1.00
2016.07.13 11:04:07.324,0.99337,0.99362,1.75,1.87
2016.07.13 11:04:07.723,0.99338,0.99361,1.00,1.50
2016.07.13 11:04:08.955,0.99337,0.99362,1.75,1.37
2016.07.13 11:04:09.207,0.99345,0.99369,1.00,2.25
2016.07.13 11:04:09.257,0.99343,0.99369,2.62,1.12
2016.07.13 11:04:09.510,0.99346,0.99372,1.75,2.25
2016.07.13 11:04:09.719,0.99347,0.99371,1.75,1.00
2016.07.13 11:04:10.236,0.99347,0.99371,1.75,1.00
2016.07.13 11:04:11.574,0.99347,0.99372,1.75,1.87
2016.07.13 11:04:12.987,0.99347,0.99371,1.75,1.00
2016.07.13 11:04:13.482,0.99347,0.99373,2.25,1.12
2016.07.13 11:04:14.099,0.99348,0.99372,1.75,1.00
2016.07.13 11:04:14.640,0.99347,0.99373,2.25,1.12
2016.07.13 11:04:14.691,0.99349,0.99372,1.00,1.00
2016.07.13 11:04:16.596,0.99345,0.99372,1.87,1.50
2016.07.13 11:04:16.798,0.99343,0.9937,2.25,1.75
2016.07.13 11:04:17.202,0.99348,0.99371,1.00,1.00
2016.07.13 11:04:17.821,0.99344,0.99373,2.62,1.75
2016.07.13 11:04:18.129,0.99345,0.99371,1.75,1.37
2016.07.13 11:04:18.330,0.99345,0.99374,1.75,2.25
2016.07.13 11:04:18.846,0.99345,0.99371,1.75,1.00
2016.07.13 11:04:19.304,0.99346,0.9937,1.00,1.00
2016.07.13 11:04:19.405,0.99345,0.99374,1.75,2.25
2016.07.13 11:04:19.904,0.99346,0.9937,1.00,1.00
2016.07.13 11:04:20.912,0.99347,0.9937,1.00,1.00
2016.07.13 11:04:21.013,0.99347,0.99373,2.25,1.00
2016.07.13 11:04:21.559,0.99347,0.99375,1.75,1.50
2016.07.13 11:04:22.891,0.99347,0.99373,1.75,1.00
2016.07.13 11:04:23.430,0.99348,0.99374,1.75,1.12
2016.07.13 11:04:23.735,0.99347,0.99376,3.37,2.85
2016.07.13 11:04:24.240,0.99348,0.99375,1.75,1.75
2016.07.13 11:04:24.820,0.99347,0.99371,1.75,1.00
2016.07.13 11:04:24.921,0.99347,0.99375,1.75,1.75
2016.07.13 11:04:25.023,0.99347,0.99371,1.75,1.00
2016.07.13 11:04:25.919,0.99346,0.99373,2.62,1.12
2016.07.13 11:04:26.020,0.99346,0.99371,2.25,1.00
2016.07.13 11:04:26.227,0.99348,0.99371,1.00,1.00
2016.07.13 11:04:31.300,0.99349,0.99371,1.37,1.12
2016.07.13 11:04:31.804,0.99348,0.99371,1.75,1.00
2016.07.13 11:04:32.348,0.99349,0.99376,1.75,2.85
2016.07.13 11:04:34.153,0.9935,0.99371,1.50,1.00
2016.07.13 11:04:35.154,0.9935,0.99376,1.50,2.47
2016.07.13 11:04:41.160,0.99348,0.99376,1.37,2.10
2016.07.13 11:04:43.476,0.99348,0.99373,1.12,1.75
2016.07.13 11:04:45.154,0.99349,0.99376,1.50,2.25
2016.07.13 11:04:45.306,0.99349,0.99376,1.87,2.25
2016.07.13 11:04:45.829,0.99352,0.99378,1.12,4.12
2016.07.13 11:04:45.880,0.99352,0.99378,1.87,2.25
2016.07.13 11:04:45.981,0.99354,0.99377,1.00,1.00
2016.07.13 11:04:46.462,0.99352,0.99376,1.00,1.50
2016.07.13 11:04:46.664,0.99351,0.99374,1.00,1.00
2016.07.13 11:04:46.967,0.9935,0.99376,1.75,1.37
2016.07.13 11:04:49.641,0.99354,0.99379,1.00,1.75
2016.07.13 11:04:49.842,0.99353,0.99377,1.50,1.00
2016.07.13 11:04:52.849,0.99356,0.99377,1.00,1.00
2016.07.13 11:04:53.352,0.99355,0.99382,1.12,2.62
2016.07.13 11:04:53.655,0.99357,0.99382,1.00,2.62
2016.07.13 11:04:56.445,0.99352,0.99379,1.75,1.50
2016.07.13 11:04:58.397,0.99352,0.9938,1.87,1.75
2016.07.13 11:05:00.821,0.99351,0.99377,1.50,1.87
2016.07.13 11:05:01.144,0.99347,0.99373,1.37,1.75
2016.07.13 11:05:01.518,0.99347,0.99373,1.00,1.75
2016.07.13 11:05:02.044,0.99348,0.99374,1.00,3.37
2016.07.13 11:05:02.900,0.99346,0.99374,1.50,2.62
2016.07.13 11:05:03.526,0.99346,0.99374,1.87,3.37
2016.07.13 11:05:03.677,0.99349,0.99373,1.00,1.00
2016.07.13 11:05:05.753,0.99351,0.99373,1.00,1.00
2016.07.13 11:05:07.433,0.99349,0.99373,1.87,1.00
2016.07.13 11:05:11.355,0.99347,0.99373,1.50,1.75
2016.07.13 11:05:13.416,0.99347,0.99371,1.50,1.00
2016.07.13 11:05:13.467,0.99349,0.99373,1.00,1.00
2016.07.13 11:05:17.244,0.99348,0.99373,1.75,1.00
2016.07.13 11:05:17.551,0.99348,0.99376,1.75,3.75
2016.07.13 11:05:18.123,0.99347,0.99376,1.75,3.37
2016.07.13 11:05:18.546,0.99349,0.99375,1.50,1.75
2016.07.13 11:05:19.873,0.99347,0.99374,1.50,1.75
2016.07.13 11:05:22.355,0.99347,0.99372,1.50,1.37
2016.07.13 11:05:22.879,0.99348,0.99372,1.00,1.00
2016.07.13 11:05:24.384,0.99348,0.99371,1.00,1.00
2016.07.13 11:05:24.997,0.99348,0.99372,1.00,1.00
2016.07.13 11:05:25.950,0.99347,0.99375,1.75,1.87
2016.07.13 11:05:26.454,0.99347,0.99376,2.62,2.62
2016.07.13 11:05:26.921,0.99346,0.99371,2.25,1.00
2016.07.13 11:05:27.073,0.99344,0.99371,2.25,1.37
2016.07.13 11:05:27.575,0.99345,0.99369,1.00,1.00
2016.07.13 11:05:29.076,0.99344,0.99369,1.75,1.00
2016.07.13 11:05:29.228,0.99348,0.99371,1.00,1.00
2016.07.13 11:05:30.194,0.99348,0.99372,1.00,1.87
2016.07.13 11:05:31.645,0.99346,0.99372,1.75,1.87
2016.07.13 11:05:32.214,0.99343,0.99371,1.75,1.75
2016.07.13 11:05:32.515,0.99348,0.99372,1.00,1.50
2016.07.13 11:05:32.566,0.99343,0.99371,1.75,1.37
2016.07.13 11:05:32.617,0.99343,0.99371,1.75,2.25
2016.07.13 11:05:37.137,0.99344,0.99369,1.87,1.37
2016.07.13 11:05:37.187,0.99344,0.99372,1.87,2.25
2016.07.13 11:05:37.486,0.99351,0.99378,1.75,1.37
2016.07.13 11:05:39.734,0.99355,0.99382,1.75,1.75
2016.07.13 11:05:40.737,0.99354,0.99381,1.75,1.75
2016.07.13 11:05:40.788,0.99354,0.99381,1.75,1.75
2016.07.13 11:05:41.015,0.99354,0.99381,2.25,1.37
2016.07.13 11:05:41.116,0.99358,0.99381,1.00,1.00
2016.07.13 11:05:43.125,0.99357,0.99381,1.50,1.37
2016.07.13 11:05:43.428,0.99358,0.99382,1.00,1.50
2016.07.13 11:05:46.227,0.99359,0.99384,1.37,1.87
2016.07.13 11:05:46.754,0.9936,0.99383,1.00,1.00
2016.07.13 11:05:47.212,0.9936,0.99381,1.00,1.00
2016.07.13 11:05:47.714,0.99362,0.99381,1.00,1.00
2016.07.13 11:05:48.313,0.99362,0.99383,1.00,1.00
2016.07.13 11:05:48.559,0.99362,0.99381,1.00,1.00
2016.07.13 11:05:49.382,0.99361,0.99381,1.00,1.00
2016.07.13 11:05:49.583,0.99359,0.99381,1.12,1.12
2016.07.13 11:05:50.117,0.99359,0.9938,1.00,1.00
2016.07.13 11:05:51.720,0.99359,0.99386,1.50,2.10
2016.07.13 11:05:52.221,0.99359,0.99382,1.50,1.00
2016.07.13 11:05:52.673,0.99359,0.99382,1.00,1.75
2016.07.13 11:05:52.970,0.99359,0.99382,1.00,1.87
2016.07.13 11:05:53.494,0.9936,0.99382,1.00,1.50
2016.07.13 11:05:54.083,0.9936,0.99381,1.00,1.00
2016.07.13 11:05:54.622,0.99361,0.99382,1.12,1.12
2016.07.13 11:05:54.823,0.99361,0.99386,1.37,2.25
2016.07.13 11:05:54.924,0.99361,0.99386,1.75,1.72
2016.07.13 11:05:55.230,0.99361,0.99381,1.00,1.12
2016.07.13 11:05:55.737,0.99362,0.99381,1.12,1.00
2016.07.13 11:05:55.951,0.99362,0.99388,1.12,1.87
2016.07.13 11:05:56.553,0.99363,0.99386,1.00,1.75
2016.07.13 11:05:57.056,0.99364,0.99386,1.00,1.75
2016.07.13 11:05:57.539,0.99361,0.99386,1.50,1.75
2016.07.13 11:05:58.734,0.99366,0.99388,1.00,1.75
2016.07.13 11:05:58.835,0.99368,0.99392,1.00,1.50
2016.07.13 11:05:58.886,0.99365,0.99392,1.87,1.50
2016.07.13 11:05:58.936,0.99366,0.99389,1.00,1.00
2016.07.13 11:05:59.138,0.99364,0.9939,1.37,1.75
2016.07.13 11:05:59.542,0.99363,0.9939,1.50,1.75
2016.07.13 11:06:01.412,0.99365,0.99388,1.00,1.75
2016.07.13 11:06:02.018,0.99364,0.99389,1.00,1.75
2016.07.13 11:06:03.100,0.99366,0.99388,1.00,1.75
2016.07.13 11:06:03.606,0.99364,0.99389,1.00,1.75
2016.07.13 11:06:04.908,0.99365,0.99388,1.00,1.75
2016.07.13 11:06:05.412,0.99363,0.99388,1.12,1.75
2016.07.13 11:06:06.004,0.99364,0.99388,1.00,1.75
2016.07.13 11:06:06.513,0.99365,0.99388,1.00,1.75
2016.07.13 11:06:07.558,0.99365,0.99389,1.12,1.75
2016.07.13 11:06:07.609,0.99372,0.99388,1.00,1.00
2016.07.13 11:06:07.710,0.99371,0.99392,1.37,1.00
2016.07.13 11:06:07.811,0.99369,0.99393,1.87,1.00
2016.07.13 11:06:07.862,0.99369,0.99395,1.12,2.62
2016.07.13 11:06:08.186,0.99368,0.99391,1.00,1.75
2016.07.13 11:06:08.489,0.99373,0.99396,1.00,2.25
2016.07.13 11:06:13.281,0.99373,0.99396,1.12,1.50
2016.07.13 11:06:14.146,0.99371,0.99397,1.00,1.75
2016.07.13 11:06:14.635,0.99373,0.99397,1.00,1.75
2016.07.13 11:06:15.164,0.99372,0.99396,1.00,1.75
2016.07.13 11:06:15.468,0.99373,0.99396,1.00,1.75
2016.07.13 11:06:17.011,0.99373,0.99394,1.00,1.00
2016.07.13 11:06:17.464,0.99375,0.99394,1.00,1.00
2016.07.13 11:06:17.606,0.99372,0.99394,1.00,1.00
2016.07.13 11:06:18.144,0.99371,0.99394,1.00,1.00
2016.07.13 11:06:18.245,0.99373,0.99396,1.00,1.75
2016.07.13 11:06:18.397,0.99373,0.99399,1.12,1.12
2016.07.13 11:06:18.447,0.99373,0.99399,1.12,1.12
2016.07.13 11:06:18.999,0.99373,0.99399,1.00,1.12
2016.07.13 11:06:20.494,0.99373,0.99397,1.00,1.75
2016.07.13 11:06:20.797,0.99373,0.99398,1.00,1.75
2016.07.13 11:06:23.845,0.99373,0.99398,1.00,1.75
2016.07.13 11:06:24.719,0.99373,0.99394,1.00,3.22
2016.07.13 11:06:24.770,0.9937,0.99394,1.00,2.62
2016.07.13 11:06:24.821,0.9937,0.99392,1.00,2.62
2016.07.13 11:06:24.922,0.9937,0.99392,1.00,1.50
2016.07.13 11:06:24.973,0.99372,0.99392,1.00,1.00
2016.07.13 11:06:25.305,0.99376,0.99399,1.00,1.35
2016.07.13 11:06:25.813,0.99376,0.99396,1.00,1.50
2016.07.13 11:06:25.864,0.9937,0.99396,1.75,1.75
2016.07.13 11:06:25.915,0.9937,0.99396,1.37,1.75
2016.07.13 11:06:26.016,0.9937,0.99392,1.00,1.00
2016.07.13 11:06:26.117,0.9937,0.99395,1.00,1.35
2016.07.13 11:06:26.667,0.9937,0.99395,1.00,3.75
2016.07.13 11:06:27.121,0.9937,0.99396,1.00,2.62
2016.07.13 11:06:27.497,0.9937,0.99395,1.12,1.75
2016.07.13 11:06:27.548,0.99372,0.99395,1.00,1.75
2016.07.13 11:06:28.053,0.99372,0.99394,1.00,1.00
2016.07.13 11:06:28.154,0.9937,0.99394,1.50,1.00
2016.07.13 11:06:28.457,0.9937,0.99395,1.12,1.75
2016.07.13 11:06:28.984,0.99371,0.99395,1.00,1.75
2016.07.13 11:06:31.358,0.99373,0.99395,1.00,1.75
2016.07.13 11:06:33.541,0.99372,0.99395,1.00,1.75
2016.07.13 11:06:33.642,0.99372,0.99396,1.00,1.87
2016.07.13 11:06:33.743,0.9937,0.99391,1.00,1.00
2016.07.13 11:06:38.247,0.99367,0.99391,1.00,1.00
2016.07.13 11:06:38.348,0.99365,0.9939,1.50,1.35
2016.07.13 11:06:38.650,0.99364,0.99387,1.00,3.22
2016.07.13 11:06:39.131,0.99362,0.99387,1.12,1.35
2016.07.13 11:06:39.181,0.99366,0.99389,1.00,3.37
2016.07.13 11:06:39.232,0.99366,0.99389,1.00,1.75
2016.07.13 11:06:39.333,0.99367,0.99392,1.37,2.62
2016.07.13 11:06:39.384,0.99368,0.99394,1.50,1.87
2016.07.13 11:06:39.636,0.99368,0.99394,1.12,1.87
2016.07.13 11:06:40.286,0.99369,0.99395,1.00,3.00
2016.07.13 11:06:43.051,0.99367,0.99392,1.12,1.75
2016.07.13 11:06:44.272,0.99363,0.99388,1.00,1.12
2016.07.13 11:06:44.455,0.99361,0.99387,1.12,1.12
2016.07.13 11:06:46.879,0.99361,0.99387,1.12,1.75
2016.07.13 11:06:47.182,0.99361,0.99387,1.12,1.75
2016.07.13 11:06:47.726,0.99362,0.99388,1.00,2.25
2016.07.13 11:06:48.371,0.99361,0.99386,1.50,1.30
2016.07.13 11:06:51.300,0.99361,0.99386,1.50,1.35
2016.07.13 11:06:52.965,0.99363,0.99389,1.12,1.75
2016.07.13 11:06:53.066,0.99363,0.99388,1.37,1.87
2016.07.13 11:06:53.167,0.99364,0.9939,1.50,1.87
2016.07.13 11:06:53.268,0.99367,0.99392,1.50,1.87
2016.07.13 11:06:57.312,0.99363,0.99392,2.25,1.75
2016.07.13 11:06:59.609,0.99367,0.99391,1.00,1.50
2016.07.13 11:06:59.810,0.99364,0.99391,1.50,1.75
2016.07.13 11:07:01.701,0.99365,0.9939,1.12,1.12
2016.07.13 11:07:01.803,0.99366,0.99389,1.50,1.00
2016.07.13 11:07:02.004,0.99366,0.99393,1.75,1.75
2016.07.13 11:07:02.923,0.99364,0.99391,1.87,2.25
2016.07.13 11:07:04.677,0.9936,0.99386,3.75,1.00
2016.07.13 11:07:04.728,0.9936,0.99386,1.75,1.75
2016.07.13 11:07:04.829,0.9936,0.99386,1.75,1.50
2016.07.13 11:07:04.930,0.9936,0.99386,1.87,1.75
2016.07.13 11:07:05.469,0.9936,0.99384,1.00,1.00
2016.07.13 11:07:08.004,0.99363,0.99388,1.37,1.87
2016.07.13 11:07:08.106,0.99364,0.99388,1.37,1.37
2016.07.13 11:07:08.207,0.99365,0.99389,1.00,1.00
2016.07.13 11:07:08.332,0.99364,0.99391,1.75,1.50
2016.07.13 11:07:09.510,0.99362,0.99385,1.75,1.00
2016.07.13 11:07:09.561,0.99363,0.99385,1.00,1.60
2016.07.13 11:07:09.612,0.99361,0.99382,1.37,1.37
2016.07.13 11:07:09.663,0.99356,0.99382,1.75,1.37
2016.07.13 11:07:09.713,0.99355,0.99381,1.87,1.37
2016.07.13 11:07:09.764,0.99355,0.99381,1.00,2.25
2016.07.13 11:07:09.815,0.99356,0.99381,1.75,1.12
2016.07.13 11:07:10.327,0.99355,0.99382,1.87,2.25
2016.07.13 11:07:10.921,0.99361,0.99383,1.00,1.50
2016.07.13 11:07:11.122,0.99363,0.99387,1.50,1.50
2016.07.13 11:07:13.259,0.99363,0.99391,1.75,1.75
2016.07.13 11:07:13.870,0.99362,0.99387,1.75,1.00
2016.07.13 11:07:14.173,0.9936,0.99386,1.75,1.75
2016.07.13 11:07:15.146,0.9936,0.99386,1.12,1.75
2016.07.13 11:07:19.072,0.99358,0.99384,1.87,1.75
2016.07.13 11:07:19.401,0.99357,0.99378,1.12,1.00
2016.07.13 11:07:19.452,0.99352,0.99378,1.87,1.12
2016.07.13 11:07:19.553,0.99352,0.99378,1.87,1.75
2016.07.13 11:07:22.550,0.9935,0.99376,1.87,1.75
2016.07.13 11:07:23.347,0.99353,0.99379,1.00,3.37
2016.07.13 11:07:23.499,0.99353,0.99376,1.00,1.00
2016.07.13 11:07:24.002,0.99351,0.99375,1.00,1.00
2016.07.13 11:07:28.569,0.9935,0.99378,1.50,1.12
2016.07.13 11:07:28.670,0.99347,0.99373,1.00,2.25
2016.07.13 11:07:29.217,0.99349,0.99374,1.12,1.75
2016.07.13 11:07:29.318,0.99351,0.99378,1.00,4.12
2016.07.13 11:07:29.656,0.99352,0.99377,1.50,1.50
2016.07.13 11:07:30.598,0.9935,0.99377,1.75,1.75
2016.07.13 11:07:31.412,0.99353,0.99376,1.00,1.00
2016.07.13 11:07:32.527,0.99353,0.99372,1.00,1.00
2016.07.13 11:07:32.628,0.99348,0.99372,1.00,1.00
2016.07.13 11:07:32.832,0.99345,0.99373,1.50,1.75
2016.07.13 11:07:33.166,0.99346,0.99373,1.12,1.75
2016.07.13 11:07:34.233,0.99347,0.99376,1.75,2.25
2016.07.13 11:07:34.288,0.99348,0.99376,1.87,1.75
2016.07.13 11:07:34.618,0.9935,0.99378,1.75,1.75
2016.07.13 11:07:40.133,0.99346,0.99372,1.75,1.12
2016.07.13 11:07:40.234,0.99345,0.99371,1.75,1.50
2016.07.13 11:07:40.723,0.99346,0.99372,1.87,1.12
2016.07.13 11:07:41.180,0.99347,0.99372,1.37,1.50
2016.07.13 11:07:44.651,0.99349,0.99373,1.00,1.00
2016.07.13 11:07:47.815,0.99346,0.99374,1.75,1.37
2016.07.13 11:07:48.344,0.99348,0.99374,1.12,1.00
2016.07.13 11:07:49.051,0.99348,0.99375,1.87,1.12
2016.07.13 11:07:49.394,0.99347,0.99372,1.12,1.00
2016.07.13 11:07:49.445,0.99348,0.99371,1.00,1.00
2016.07.13 11:07:49.646,0.99345,0.9937,1.12,1.50
2016.07.13 11:07:54.376,0.99344,0.99369,1.37,1.50
2016.07.13 11:07:54.669,0.99344,0.99369,1.12,1.12
2016.07.13 11:07:58.741,0.99344,0.99367,1.12,1.00
2016.07.13 11:07:58.959,0.99345,0.99371,1.50,1.50
2016.07.13 11:07:59.060,0.99347,0.99373,1.75,1.50
2016.07.13 11:07:59.161,0.99348,0.99376,1.75,2.62
2016.07.13 11:08:00.367,0.99351,0.99374,1.00,1.00
2016.07.13 11:08:00.518,0.99351,0.99371,1.00,1.00
2016.07.13 11:08:00.569,0.99344,0.99371,1.50,2.25
2016.07.13 11:08:00.669,0.99343,0.99369,1.37,1.75
2016.07.13 11:08:00.972,0.99343,0.99369,1.12,1.50
2016.07.13 11:08:01.284,0.99342,0.99369,1.87,1.75
2016.07.13 11:08:01.883,0.99342,0.99369,1.87,1.37
2016.07.13 11:08:03.015,0.99342,0.99369,1.87,1.50
2016.07.13 11:08:05.261,0.99343,0.99369,1.87,1.50
2016.07.13 11:08:05.765,0.99345,0.99371,1.50,1.50
2016.07.13 11:08:10.889,0.99344,0.9937,1.75,1.75
2016.07.13 11:08:10.940,0.99345,0.99368,1.00,1.00
2016.07.13 11:08:11.232,0.99347,0.9937,1.00,1.00
2016.07.13 11:08:12.462,0.99347,0.99371,1.00,1.00
2016.07.13 11:08:12.764,0.99351,0.99377,1.37,1.75
2016.07.13 11:08:13.085,0.99351,0.99378,1.75,1.75
2016.07.13 11:08:17.560,0.99351,0.9938,1.50,3.37
2016.07.13 11:08:18.026,0.99351,0.9938,1.75,1.75
2016.07.13 11:08:20.167,0.9935,0.99377,1.75,1.75
2016.07.13 11:08:20.269,0.99351,0.99377,1.12,1.75
2016.07.13 11:08:23.670,0.99348,0.99376,1.75,1.75
2016.07.13 11:08:26.044,0.99348,0.99375,1.37,3.37
2016.07.13 11:08:26.095,0.99346,0.99372,1.50,1.75
2016.07.13 11:08:26.602,0.99344,0.99367,1.00,1.00
2016.07.13 11:08:26.754,0.99343,0.99368,1.00,1.75
2016.07.13 11:08:27.375,0.99344,0.99368,1.00,1.75
2016.07.13 11:08:28.283,0.99344,0.9937,1.12,1.75
2016.07.13 11:08:28.384,0.99341,0.9937,2.25,1.75
2016.07.13 11:08:28.877,0.99345,0.99371,1.50,1.75
2016.07.13 11:08:29.381,0.99347,0.99371,1.00,1.75
2016.07.13 11:08:29.873,0.99343,0.99369,1.00,1.75
2016.07.13 11:08:30.787,0.99343,0.99366,1.50,1.00
2016.07.13 11:08:31.028,0.99345,0.99366,1.00,1.00
2016.07.13 11:08:31.415,0.99343,0.99366,1.00,1.00
2016.07.13 11:08:32.590,0.99344,0.99366,1.00,1.00
2016.07.13 11:08:32.891,0.99344,0.99369,1.00,3.37
2016.07.13 11:08:33.392,0.99343,0.99368,1.00,1.75
2016.07.13 11:08:34.310,0.99344,0.99368,1.00,1.75
2016.07.13 11:08:34.676,0.99344,0.99368,1.50,1.75
2016.07.13 11:08:36.884,0.99344,0.99367,1.50,1.00
2016.07.13 11:08:39.051,0.99345,0.99367,1.00,1.00
2016.07.13 11:08:39.390,0.99345,0.99369,1.50,1.00
2016.07.13 11:08:39.491,0.99346,0.9937,1.37,1.37
2016.07.13 11:08:39.942,0.99346,0.9937,1.50,1.00
2016.07.13 11:08:39.992,0.99346,0.9937,1.50,1.00
2016.07.13 11:08:40.316,0.99345,0.99372,2.25,1.12
2016.07.13 11:08:45.597,0.99345,0.99372,1.37,3.97
2016.07.13 11:08:45.749,0.99342,0.99366,1.75,1.00
2016.07.13 11:08:46.128,0.99345,0.9937,1.00,1.75
2016.07.13 11:08:46.234,0.99345,0.9937,1.37,1.75
2016.07.13 11:08:46.762,0.99345,0.9937,1.50,1.75
2016.07.13 11:08:59.656,0.99345,0.99371,1.00,2.25
2016.07.13 11:09:00.195,0.99343,0.99371,1.50,1.75
2016.07.13 11:09:02.452,0.99344,0.99371,1.12,2.25
2016.07.13 11:09:02.553,0.99344,0.99371,1.00,2.25
2016.07.13 11:09:07.665,0.99345,0.99371,1.00,1.75
2016.07.13 11:09:08.152,0.99345,0.99371,1.50,1.75
2016.07.13 11:09:08.549,0.99347,0.99371,1.50,1.00
2016.07.13 11:09:09.666,0.99344,0.99371,1.75,1.75
2016.07.13 11:09:09.887,0.99344,0.99372,1.75,1.50
2016.07.13 11:09:15.582,0.99348,0.99374,1.50,1.75
2016.07.13 11:09:15.684,0.99349,0.99374,1.37,1.75
2016.07.13 11:09:15.785,0.99348,0.99374,1.87,1.12
2016.07.13 11:09:18.070,0.99352,0.9938,1.75,2.10
2016.07.13 11:09:18.373,0.99352,0.9938,1.75,2.10
2016.07.13 11:09:18.593,0.99352,0.9938,1.75,2.10
2016.07.13 11:09:19.372,0.99352,0.9938,2.62,2.10
2016.07.13 11:09:19.473,0.99354,0.99378,1.00,1.00
2016.07.13 11:09:20.074,0.99354,0.99377,1.12,1.00
2016.07.13 11:09:20.175,0.99354,0.99377,1.00,1.00
2016.07.13 11:09:23.576,0.99354,0.99377,1.37,1.00
2016.07.13 11:09:24.152,0.99356,0.99377,1.00,1.00
2016.07.13 11:09:25.608,0.99351,0.99376,1.75,1.00
2016.07.13 11:09:25.709,0.99353,0.99375,1.00,1.00
2016.07.13 11:09:25.854,0.99348,0.99375,1.12,1.12
2016.07.13 11:09:25.905,0.9935,0.99372,1.00,1.00
2016.07.13 11:09:26.410,0.99347,0.99371,1.12,1.00
2016.07.13 11:09:26.713,0.99353,0.99379,1.75,1.37
2016.07.13 11:09:27.896,0.99352,0.99378,1.75,1.75
2016.07.13 11:09:30.612,0.99351,0.99372,1.12,1.12
2016.07.13 11:09:30.915,0.99345,0.99368,1.75,1.00
2016.07.13 11:09:31.016,0.99342,0.99368,2.62,1.00
2016.07.13 11:09:35.647,0.99345,0.99368,1.00,1.50
2016.07.13 11:09:35.937,0.99343,0.99368,1.87,1.00
2016.07.13 11:09:39.015,0.99344,0.99369,1.12,1.12
2016.07.13 11:09:40.452,0.99343,0.99369,1.75,1.50
2016.07.13 11:09:41.334,0.99343,0.99363,1.75,1.00
2016.07.13 11:09:41.435,0.99339,0.99362,1.00,1.00
2016.07.13 11:09:41.637,0.9934,0.99365,1.00,2.62
2016.07.13 11:09:41.809,0.99341,0.99367,1.75,1.50
2016.07.13 11:09:41.860,0.99342,0.99366,1.00,1.00
2016.07.13 11:09:42.543,0.99344,0.99366,1.00,1.00
2016.07.13 11:09:44.421,0.99344,0.99365,1.00,1.00
2016.07.13 11:09:45.928,0.99341,0.99362,1.00,1.00
2016.07.13 11:09:46.129,0.99338,0.99361,1.00,1.50
2016.07.13 11:09:48.238,0.99338,0.9936,1.00,1.00
2016.07.13 11:09:51.200,0.99338,0.99361,1.00,1.50
2016.07.13 11:09:53.806,0.99338,0.99358,1.00,1.00
2016.07.13 11:09:53.917,0.99336,0.99359,1.00,1.00
2016.07.13 11:09:54.650,0.99336,0.99358,1.00,1.00
2016.07.13 11:09:56.908,0.99336,0.99359,1.00,1.00
2016.07.13 11:09:57.563,0.99332,0.99359,1.75,1.50
2016.07.13 11:10:01.322,0.9933,0.99354,3.37,1.00
2016.07.13 11:10:01.372,0.99328,0.99354,3.37,1.00
2016.07.13 11:10:01.473,0.99328,0.99354,1.75,2.25
2016.07.13 11:10:01.524,0.99325,0.99352,1.87,1.37
2016.07.13 11:10:01.575,0.99325,0.99352,1.87,1.75
2016.07.13 11:10:01.676,0.99325,0.99353,1.12,2.25
2016.07.13 11:10:01.876,0.99327,0.99352,1.12,1.12
2016.07.13 11:10:01.926,0.99327,0.99354,1.87,1.37
2016.07.13 11:10:01.977,0.99328,0.99354,1.75,1.00
2016.07.13 11:10:02.520,0.99333,0.99359,1.12,3.00
2016.07.13 11:10:02.621,0.99331,0.99359,1.75,1.50
2016.07.13 11:10:02.672,0.99331,0.9936,2.62,1.75
2016.07.13 11:10:02.773,0.99333,0.9936,1.75,1.37
2016.07.13 11:10:03.703,0.99334,0.99362,1.75,1.50
2016.07.13 11:10:03.855,0.99333,0.99359,3.37,1.00
2016.07.13 11:10:04.007,0.99331,0.99357,1.37,1.87
2016.07.13 11:10:04.108,0.99331,0.99357,1.12,1.75
2016.07.13 11:10:04.928,0.99331,0.99357,1.50,1.37
2016.07.13 11:10:04.979,0.99331,0.99359,2.25,1.75
2016.07.13 11:10:05.480,0.99331,0.99357,2.25,1.50
2016.07.13 11:10:06.491,0.99335,0.99357,1.00,1.00
2016.07.13 11:10:06.804,0.99335,0.9936,3.37,1.00
2016.07.13 11:10:06.905,0.99341,0.99363,1.00,1.00
2016.07.13 11:10:07.548,0.99341,0.99361,1.00,1.00
2016.07.13 11:10:07.702,0.99338,0.99361,1.00,1.00
2016.07.13 11:10:08.326,0.99338,0.99357,1.00,1.00
2016.07.13 11:10:08.590,0.99333,0.99357,1.75,1.00
2016.07.13 11:10:11.905,0.99333,0.99356,1.75,1.00
2016.07.13 11:10:15.089,0.99332,0.99357,2.25,1.00
2016.07.13 11:10:15.140,0.99332,0.99357,2.25,1.12
2016.07.13 11:10:15.790,0.99332,0.99356,1.75,1.00
2016.07.13 11:10:17.898,0.99333,0.99359,1.50,1.75
2016.07.13 11:10:20.435,0.99332,0.99356,1.75,1.00
2016.07.13 11:10:20.637,0.99328,0.99356,1.75,1.75
2016.07.13 11:10:22.030,0.99329,0.99356,1.75,1.50
2016.07.13 11:10:22.080,0.99329,0.99356,1.75,1.12
2016.07.13 11:10:25.163,0.99329,0.99356,2.25,1.75
2016.07.13 11:10:25.729,0.99331,0.99356,1.50,1.75
2016.07.13 11:10:26.238,0.99331,0.99358,1.75,1.75
2016.07.13 11:10:26.552,0.99326,0.99347,1.12,1.00
2016.07.13 11:10:26.653,0.99324,0.99348,1.12,1.50
2016.07.13 11:10:27.056,0.99326,0.99352,1.75,1.75
2016.07.13 11:10:27.157,0.99327,0.99354,1.75,1.75
2016.07.13 11:10:28.681,0.99331,0.99355,1.00,1.00
2016.07.13 11:10:28.782,0.99333,0.99356,1.00,1.50
2016.07.13 11:10:31.372,0.9933,0.99359,1.50,2.25
2016.07.13 11:10:31.473,0.99334,0.99357,1.00,1.00
2016.07.13 11:10:31.574,0.99333,0.9936,1.75,1.37
2016.07.13 11:10:35.483,0.99334,0.99363,1.75,1.75
2016.07.13 11:10:38.272,0.99334,0.99363,1.75,2.25
2016.07.13 11:10:45.213,0.99333,0.99357,1.00,1.00
2016.07.13 11:10:45.314,0.99331,0.99359,1.75,1.75
2016.07.13 11:10:45.716,0.99329,0.99358,2.25,1.87
2016.07.13 11:10:46.396,0.9933,0.99358,1.50,1.75
2016.07.13 11:10:54.114,0.99327,0.99357,2.25,2.62
2016.07.13 11:10:55.522,0.99331,0.99354,1.00,1.00
2016.07.13 11:10:55.623,0.99329,0.99357,1.87,1.50
2016.07.13 11:10:56.905,0.99331,0.99357,1.00,1.87
2016.07.13 11:11:01.017,0.99327,0.99358,2.25,1.75
2016.07.13 11:11:01.068,0.99327,0.99358,2.25,1.87
2016.07.13 11:11:01.334,0.99327,0.99358,4.50,1.75
2016.07.13 11:11:04.332,0.99328,0.99357,2.62,1.87
2016.07.13 11:11:04.433,0.99328,0.99357,1.75,2.62
2016.07.13 11:11:07.672,0.99326,0.99356,1.75,3.75
2016.07.13 11:11:08.075,0.99326,0.99349,1.00,1.00
2016.07.13 11:11:08.966,0.99325,0.99349,1.00,1.00
2016.07.13 11:11:09.168,0.99325,0.99352,3.37,1.12
2016.07.13 11:11:09.370,0.99332,0.99356,1.00,1.00
2016.07.13 11:11:09.672,0.99331,0.99354,1.00,1.00
2016.07.13 11:11:10.229,0.9933,0.99354,1.00,1.00
2016.07.13 11:11:10.855,0.99328,0.99356,1.75,1.12
2016.07.13 11:11:11.171,0.99332,0.99359,1.75,1.37
2016.07.13 11:11:13.575,0.99332,0.99358,1.50,1.75
2016.07.13 11:11:14.361,0.99333,0.9936,1.75,1.75
2016.07.13 11:11:14.794,0.99333,0.99356,1.00,1.00
2016.07.13 11:11:14.895,0.9933,0.99356,1.50,1.50
2016.07.13 11:11:15.399,0.99331,0.99354,1.00,1.00
2016.07.13 11:11:15.931,0.99332,0.99354,1.00,1.00
2016.07.13 11:11:19.876,0.99332,0.99356,1.00,1.75
2016.07.13 11:11:19.977,0.99328,0.99356,2.10,1.87
2016.07.13 11:11:21.949,0.99331,0.99357,1.00,3.00
2016.07.13 11:11:22.101,0.99331,0.99356,1.12,1.75
2016.07.13 11:11:25.762,0.99331,0.99358,1.37,2.25
2016.07.13 11:11:26.285,0.99332,0.99355,1.00,1.00
2016.07.13 11:11:27.681,0.99329,0.99357,2.25,2.62
2016.07.13 11:11:29.094,0.99326,0.99349,1.87,1.00
2016.07.13 11:11:29.218,0.99326,0.99352,1.37,1.75
2016.07.13 11:11:29.319,0.99327,0.99352,1.87,1.12
2016.07.13 11:11:29.928,0.99327,0.99352,1.50,1.12
2016.07.13 11:11:30.437,0.99327,0.99351,1.87,1.00
2016.07.13 11:11:30.857,0.99331,0.99356,1.00,2.25
2016.07.13 11:11:31.109,0.99334,0.99356,1.00,1.00
2016.07.13 11:11:32.290,0.99332,0.99356,1.00,1.50
2016.07.13 11:11:32.491,0.99329,0.99356,1.50,3.00
2016.07.13 11:11:33.375,0.99327,0.99352,1.12,1.75
2016.07.13 11:11:34.393,0.99327,0.99351,1.87,1.00
2016.07.13 11:11:35.207,0.99327,0.99355,1.87,2.25
2016.07.13 11:11:38.701,0.99331,0.99356,1.00,1.75
2016.07.13 11:11:39.288,0.9933,0.99356,1.12,1.75
2016.07.13 11:11:40.018,0.9933,0.99357,1.75,2.25
2016.07.13 11:11:41.819,0.99329,0.99356,2.25,1.12
2016.07.13 11:11:44.718,0.99329,0.99356,1.12,4.12
2016.07.13 11:11:51.519,0.99329,0.99355,1.50,1.12
2016.07.13 11:11:53.896,0.99329,0.99356,1.00,1.00
2016.07.13 11:11:54.428,0.99329,0.99357,1.00,1.12
2016.07.13 11:11:54.978,0.99329,0.99356,1.00,1.00
2016.07.13 11:11:55.381,0.99332,0.99356,1.00,1.00
2016.07.13 11:11:55.687,0.99333,0.9936,1.37,1.75
2016.07.13 11:11:56.420,0.99335,0.99361,1.00,3.37
2016.07.13 11:12:01.498,0.99336,0.9936,1.00,1.75
2016.07.13 11:12:01.700,0.99334,0.9936,1.12,1.75
2016.07.13 11:12:02.297,0.99333,0.99357,1.00,1.87
2016.07.13 11:12:02.623,0.99335,0.99359,1.00,1.75
2016.07.13 11:12:02.673,0.99335,0.99359,1.37,1.37
2016.07.13 11:12:02.875,0.99336,0.99361,1.87,1.12
2016.07.13 11:12:05.981,0.99336,0.99361,1.75,1.75
2016.07.13 11:12:16.260,0.99336,0.99361,1.12,1.75
2016.07.13 11:12:29.152,0.99338,0.99361,1.00,1.75
2016.07.13 11:12:29.657,0.99337,0.99361,1.00,1.75
2016.07.13 11:12:30.261,0.99345,0.99362,1.00,1.75
2016.07.13 11:12:30.312,0.99345,0.99367,1.00,1.75
2016.07.13 11:12:30.363,0.99347,0.99367,1.00,1.75
2016.07.13 11:12:30.414,0.99347,0.99367,1.00,1.50
2016.07.13 11:12:30.961,0.99348,0.99367,1.00,1.00
2016.07.13 11:12:31.264,0.99346,0.99366,1.12,1.00
2016.07.13 11:12:31.768,0.99344,0.99367,1.50,1.00
2016.07.13 11:12:33.560,0.99345,0.99366,1.37,1.00
2016.07.13 11:12:34.305,0.99347,0.9937,1.00,1.00
2016.07.13 11:12:35.581,0.99345,0.99371,1.50,2.25
2016.07.13 11:12:35.632,0.99345,0.99371,1.12,2.25
2016.07.13 11:12:37.023,0.99347,0.99371,1.00,1.75
2016.07.13 11:12:37.568,0.99346,0.99371,1.00,1.87
2016.07.13 11:12:37.931,0.99346,0.99371,1.50,1.50
2016.07.13 11:12:38.106,0.99347,0.99373,1.50,1.37
2016.07.13 11:12:38.157,0.99351,0.99373,1.00,1.50
2016.07.13 11:12:38.257,0.99351,0.99376,1.50,1.75
2016.07.13 11:12:39.914,0.99351,0.99373,1.00,1.00
2016.07.13 11:12:40.015,0.99351,0.99375,1.50,1.00
2016.07.13 11:12:40.816,0.99351,0.99376,1.12,2.25
2016.07.13 11:12:41.891,0.9935,0.99376,1.50,2.25
2016.07.13 11:12:42.719,0.9935,0.99376,1.75,2.62
2016.07.13 11:12:43.184,0.9935,0.99371,1.75,1.00
2016.07.13 11:12:43.335,0.99349,0.99373,1.00,1.75
2016.07.13 11:12:43.625,0.99349,0.99373,1.75,1.12
2016.07.13 11:12:43.676,0.9935,0.99371,1.50,1.00
2016.07.13 11:12:44.225,0.9935,0.99372,1.12,1.50
2016.07.13 11:12:45.834,0.99351,0.99376,1.00,2.25
2016.07.13 11:12:46.398,0.9935,0.99376,1.12,2.25
2016.07.13 11:12:46.449,0.9935,0.99374,1.50,1.00
2016.07.13 11:12:46.802,0.9935,0.99374,1.50,1.00
2016.07.13 11:12:47.136,0.99353,0.99377,1.75,1.50
2016.07.13 11:12:49.850,0.99356,0.99377,1.00,1.50
2016.07.13 11:12:50.002,0.99357,0.99381,1.00,1.50
2016.07.13 11:12:52.242,0.99354,0.9938,1.75,1.37
2016.07.13 11:12:52.545,0.99355,0.99376,1.00,1.12
2016.07.13 11:12:52.847,0.99355,0.99377,1.00,1.37
2016.07.13 11:12:52.948,0.99355,0.99377,1.00,1.37
2016.07.13 11:12:54.547,0.99356,0.99377,1.12,1.00
2016.07.13 11:12:56.625,0.99356,0.9938,1.12,1.75
2016.07.13 11:12:56.675,0.99358,0.99382,1.00,1.75
2016.07.13 11:12:56.827,0.99358,0.9938,1.00,1.00
2016.07.13 11:12:59.496,0.99357,0.9938,1.50,1.00
2016.07.13 11:12:59.849,0.99357,0.99383,1.75,2.25
2016.07.13 11:13:00.953,0.99357,0.99382,1.37,1.75
2016.07.13 11:13:01.328,0.99353,0.99377,1.12,1.75
2016.07.13 11:13:02.466,0.99355,0.99379,1.00,1.75
2016.07.13 11:13:02.768,0.99355,0.9938,1.12,1.75
2016.07.13 11:13:03.137,0.99356,0.99383,1.12,2.62
2016.07.13 11:13:03.187,0.9936,0.99383,1.00,1.75
2016.07.13 11:13:03.339,0.9936,0.99383,1.00,1.50
2016.07.13 11:13:04.258,0.99359,0.99383,1.12,1.50
2016.07.13 11:13:04.460,0.99359,0.99383,1.00,1.75
2016.07.13 11:13:06.331,0.99359,0.99382,1.50,1.00
2016.07.13 11:13:06.894,0.99359,0.99383,1.00,1.75
2016.07.13 11:13:07.650,0.99359,0.99383,1.50,1.75
2016.07.13 11:13:08.750,0.99359,0.99383,1.00,1.75
2016.07.13 11:13:08.950,0.99357,0.99382,1.00,2.25
2016.07.13 11:13:09.475,0.99353,0.99376,1.12,1.00
2016.07.13 11:13:09.778,0.9935,0.99374,1.00,1.75
2016.07.13 11:13:10.331,0.99351,0.99375,1.00,1.75
2016.07.13 11:13:12.687,0.99351,0.99375,1.12,1.50
2016.07.13 11:13:13.770,0.99351,0.99375,1.00,1.75
2016.07.13 11:13:16.505,0.99349,0.99373,1.37,2.10
2016.07.13 11:13:16.607,0.99345,0.99371,1.87,1.75
2016.07.13 11:13:16.758,0.99345,0.99369,1.87,1.37
2016.07.13 11:13:17.290,0.99347,0.99372,1.00,2.62
2016.07.13 11:13:17.341,0.99347,0.99373,1.00,3.37
2016.07.13 11:13:17.492,0.99349,0.99373,1.12,1.75
2016.07.13 11:13:17.807,0.99349,0.99373,1.37,1.37
2016.07.13 11:13:19.013,0.99352,0.99378,1.00,3.37
2016.07.13 11:13:19.114,0.99352,0.99378,1.75,1.75
2016.07.13 11:13:19.165,0.99352,0.99377,1.75,1.00
2016.07.13 11:13:19.669,0.99354,0.99378,1.12,1.37
2016.07.13 11:13:22.678,0.99352,0.99376,1.00,1.00
2016.07.13 11:13:22.880,0.99349,0.99375,1.50,1.75
2016.07.13 11:13:23.462,0.99351,0.99375,1.00,1.75
2016.07.13 11:13:23.798,0.9935,0.9937,1.00,1.00
2016.07.13 11:13:24.316,0.99347,0.99374,1.00,2.62
2016.07.13 11:13:26.720,0.99348,0.99372,1.00,1.75
2016.07.13 11:13:26.820,0.99344,0.99368,1.75,1.00
2016.07.13 11:13:27.127,0.99345,0.99369,1.12,1.75
2016.07.13 11:13:27.177,0.99345,0.99369,1.00,1.75
2016.07.13 11:13:27.379,0.99343,0.99368,1.00,2.25
2016.07.13 11:13:27.531,0.99341,0.99365,1.50,1.00
2016.07.13 11:13:27.883,0.99341,0.99367,1.50,1.50
2016.07.13 11:13:27.934,0.99344,0.99367,1.00,1.50
2016.07.13 11:13:28.290,0.99341,0.99367,1.50,1.75
2016.07.13 11:13:34.131,0.99343,0.99366,1.12,1.35
2016.07.13 11:13:34.232,0.99338,0.99362,1.75,1.12
2016.07.13 11:13:34.333,0.99338,0.99361,1.00,1.00
2016.07.13 11:13:34.636,0.99336,0.9936,1.00,1.75
2016.07.13 11:13:34.738,0.99336,0.99359,1.00,1.00
2016.07.13 11:13:35.143,0.99336,0.99357,1.75,1.00
2016.07.13 11:13:35.345,0.99336,0.99361,1.37,1.50
2016.07.13 11:13:35.701,0.99334,0.99358,1.12,1.12
2016.07.13 11:13:35.927,0.99334,0.99358,1.75,1.12
2016.07.13 11:13:36.028,0.99334,0.99358,1.12,1.12
2016.07.13 11:13:36.523,0.99332,0.99356,1.75,1.00
2016.07.13 11:13:37.074,0.99332,0.99358,1.75,1.50
2016.07.13 11:13:37.377,0.99331,0.99356,1.75,1.87
2016.07.13 11:13:37.731,0.99329,0.99352,1.75,1.00
2016.07.13 11:13:37.832,0.99332,0.99352,1.00,1.00
2016.07.13 11:13:37.933,0.99327,0.99351,1.87,1.00
2016.07.13 11:13:38.122,0.99335,0.99356,1.00,1.12
2016.07.13 11:13:38.223,0.99337,0.99361,1.50,1.12
2016.07.13 11:13:38.526,0.99342,0.99365,1.00,1.00
2016.07.13 11:13:38.750,0.99342,0.99365,1.75,1.00
2016.07.13 11:13:39.079,0.99342,0.99367,2.62,1.00
2016.07.13 11:13:39.316,0.99341,0.99365,1.50,1.37
2016.07.13 11:13:39.367,0.99339,0.99365,1.87,1.75
2016.07.13 11:13:39.468,0.99339,0.99362,1.50,1.00
2016.07.13 11:13:39.519,0.9934,0.99366,1.37,1.75
2016.07.13 11:13:39.720,0.9934,0.99366,1.37,1.50
2016.07.13 11:13:40.283,0.99339,0.99365,2.25,1.37
2016.07.13 11:13:42.550,0.99342,0.99366,1.50,1.37
2016.07.13 11:13:43.048,0.99347,0.99366,1.00,1.00
2016.07.13 11:13:43.149,0.99344,0.99366,1.00,1.00
2016.07.13 11:13:43.249,0.99342,0.99366,2.25,1.00
2016.07.13 11:13:44.331,0.99343,0.99366,1.00,1.00
2016.07.13 11:13:44.417,0.99343,0.99364,1.00,1.00
2016.07.13 11:13:44.832,0.99343,0.99366,1.00,1.00
2016.07.13 11:13:46.871,0.99343,0.99365,1.00,1.00
2016.07.13 11:13:47.621,0.99343,0.99366,1.00,1.00
2016.07.13 11:13:47.822,0.99343,0.99364,1.00,1.00
2016.07.13 11:13:48.222,0.99343,0.99366,1.00,1.00
2016.07.13 11:13:50.245,0.99343,0.99366,1.00,2.10
2016.07.13 11:13:50.548,0.99334,0.99359,1.37,1.35
2016.07.13 11:13:50.842,0.99334,0.99358,1.37,1.00
2016.07.13 11:13:52.264,0.99338,0.99361,1.87,1.00
2016.07.13 11:13:52.567,0.99342,0.99366,1.75,1.12
2016.07.13 11:13:52.821,0.99342,0.99368,1.75,1.12
2016.07.13 11:13:53.089,0.99342,0.99368,1.50,1.75
2016.07.13 11:13:53.653,0.99342,0.99367,1.50,1.50
2016.07.13 11:13:59.169,0.99341,0.99366,1.75,1.00
2016.07.13 11:13:59.472,0.99343,0.99367,1.12,1.75
2016.07.13 11:13:59.882,0.9934,0.99363,1.50,1.00
2016.07.13 11:14:00.374,0.99341,0.99368,1.50,1.75
2016.07.13 11:14:08.702,0.9934,0.99367,1.75,1.75
2016.07.13 11:14:08.993,0.9934,0.99367,1.75,1.12
2016.07.13 11:14:09.044,0.9934,0.99367,1.75,1.12
2016.07.13 11:14:09.196,0.9934,0.99366,1.75,1.37
2016.07.13 11:14:09.806,0.99342,0.99368,1.75,1.12
2016.07.13 11:14:10.715,0.99342,0.99368,1.75,1.50
2016.07.13 11:14:11.029,0.99342,0.99368,2.25,1.12
2016.07.13 11:14:14.552,0.99343,0.99367,1.75,1.00
2016.07.13 11:14:15.057,0.99343,0.9937,1.75,1.50
2016.07.13 11:14:15.807,0.99345,0.99366,1.37,1.00
2016.07.13 11:14:16.919,0.99343,0.99371,1.75,1.75
2016.07.13 11:14:17.020,0.99346,0.99372,1.75,2.25
2016.07.13 11:14:17.141,0.99346,0.99372,2.25,1.12
2016.07.13 11:14:17.419,0.99348,0.99372,1.00,1.37
2016.07.13 11:14:18.643,0.99345,0.9937,1.75,1.00
2016.07.13 11:14:18.744,0.99347,0.99374,1.00,1.12
2016.07.13 11:14:19.046,0.99347,0.99367,1.00,1.00
2016.07.13 11:14:19.355,0.99351,0.99372,1.00,1.75
2016.07.13 11:14:19.959,0.99352,0.99372,1.00,1.75
2016.07.13 11:14:20.362,0.9935,0.99372,1.00,1.75
2016.07.13 11:14:20.872,0.99351,0.99372,1.00,1.75
2016.07.13 11:14:20.973,0.99349,0.99372,1.00,1.75
2016.07.13 11:14:21.475,0.99351,0.99372,1.00,1.75
2016.07.13 11:14:25.136,0.99351,0.99372,1.00,1.75
2016.07.13 11:14:25.709,0.99351,0.9937,1.00,1.00
2016.07.13 11:14:26.252,0.9935,0.99369,1.00,1.72
2016.07.13 11:14:26.353,0.99346,0.99369,1.00,2.10
2016.07.13 11:14:30.489,0.99348,0.99366,1.00,1.50
2016.07.13 11:14:30.801,0.9935,0.99366,1.00,1.50
2016.07.13 11:14:32.265,0.9935,0.99366,1.00,1.00
2016.07.13 11:14:32.316,0.99348,0.99366,1.00,1.00
2016.07.13 11:14:33.119,0.99348,0.99371,1.00,1.75
2016.07.13 11:14:34.350,0.99348,0.99369,1.12,1.00
2016.07.13 11:14:34.755,0.99347,0.99367,1.37,1.00
2016.07.13 11:14:34.934,0.99349,0.99371,1.12,1.12
2016.07.13 11:14:35.645,0.99349,0.99371,1.37,1.00
2016.07.13 11:14:35.857,0.99349,0.99371,1.00,1.37
2016.07.13 11:14:36.949,0.99348,0.99372,1.87,1.87
2016.07.13 11:14:37.100,0.99348,0.99374,1.75,1.50
2016.07.13 11:14:37.352,0.99352,0.99376,1.37,1.87
2016.07.13 11:14:37.403,0.99353,0.99376,1.00,1.87
2016.07.13 11:14:37.453,0.99352,0.99371,1.75,1.00
2016.07.13 11:14:37.676,0.99356,0.99377,1.00,1.72
2016.07.13 11:14:37.827,0.99358,0.99376,1.00,1.00
2016.07.13 11:14:38.130,0.99361,0.99377,1.00,1.30
2016.07.13 11:14:38.405,0.99358,0.9938,1.00,1.75
2016.07.13 11:14:38.506,0.99358,0.9938,1.00,1.75
2016.07.13 11:14:38.695,0.9936,0.99382,1.00,2.10
2016.07.13 11:14:39.406,0.99361,0.99381,1.00,1.75
2016.07.13 11:14:39.782,0.99359,0.99382,1.00,2.10
2016.07.13 11:14:40.790,0.9936,0.99381,1.00,1.75
2016.07.13 11:14:41.125,0.99361,0.99386,1.00,2.85
2016.07.13 11:14:41.429,0.99365,0.99385,1.00,1.12
2016.07.13 11:14:41.681,0.99365,0.99386,1.00,2.10
2016.07.13 11:14:41.732,0.99362,0.99386,1.50,2.10
2016.07.13 11:14:41.833,0.99361,0.99386,1.37,3.22
2016.07.13 11:14:41.883,0.99361,0.99382,1.00,1.00
2016.07.13 11:14:42.486,0.99361,0.99381,1.00,1.00
2016.07.13 11:14:43.903,0.99359,0.99381,1.50,1.00
2016.07.13 11:14:44.255,0.99356,0.99376,2.25,1.00
2016.07.13 11:14:44.356,0.99356,0.99379,1.50,1.00
2016.07.13 11:14:44.891,0.99354,0.99381,1.75,2.25
2016.07.13 11:14:45.294,0.99352,0.99378,1.75,2.62
2016.07.13 11:14:45.395,0.99351,0.99377,1.12,1.87
2016.07.13 11:14:45.616,0.99351,0.99376,1.12,2.10
2016.07.13 11:14:45.855,0.99351,0.99376,1.12,1.50
2016.07.13 11:14:46.314,0.99352,0.99376,1.87,1.37
2016.07.13 11:14:46.365,0.99352,0.99378,2.25,1.87
2016.07.13 11:14:47.096,0.99351,0.99376,1.75,2.10
2016.07.13 11:14:47.197,0.99351,0.99375,1.50,1.35
2016.07.13 11:14:47.348,0.9935,0.99374,1.75,1.12
2016.07.13 11:14:47.702,0.99353,0.99376,1.50,1.00
2016.07.13 11:14:48.078,0.99353,0.99375,1.00,1.60
2016.07.13 11:14:48.281,0.99343,0.9937,1.75,2.10
2016.07.13 11:14:48.484,0.99347,0.99372,1.50,2.85
2016.07.13 11:14:48.536,0.99351,0.99372,1.00,1.50
2016.07.13 11:14:48.788,0.99352,0.99376,1.50,1.00
2016.07.13 11:14:48.839,0.99349,0.99376,1.75,1.67
2016.07.13 11:14:49.157,0.99349,0.99376,1.00,4.72
2016.07.13 11:14:49.474,0.99351,0.99375,1.00,1.75
2016.07.13 11:14:49.877,0.99351,0.99375,1.00,1.75
2016.07.13 11:14:50.381,0.99347,0.99371,1.37,1.50
2016.07.13 11:14:50.729,0.99351,0.99371,1.00,1.12
2016.07.13 11:14:51.330,0.99351,0.9937,1.00,1.00
2016.07.13 11:14:51.661,0.99351,0.99375,1.00,1.75
2016.07.13 11:14:51.966,0.99351,0.99374,1.50,1.00
2016.07.13 11:14:52.017,0.9935,0.99376,2.25,1.50
2016.07.13 11:14:52.170,0.99353,0.99377,1.00,1.50
2016.07.13 11:14:52.221,0.99351,0.99378,1.50,3.22
2016.07.13 11:14:55.003,0.99351,0.99377,1.50,1.12
2016.07.13 11:14:55.576,0.99351,0.99376,1.75,1.87
2016.07.13 11:14:55.972,0.99351,0.99375,1.12,1.37
2016.07.13 11:14:56.306,0.99354,0.99375,1.00,1.37
2016.07.13 11:14:56.408,0.99352,0.99378,1.00,1.35
2016.07.13 11:15:01.257,0.99351,0.99376,1.12,1.75
2016.07.13 11:15:02.911,0.99351,0.99375,1.00,1.37
2016.07.13 11:15:03.552,0.99349,0.99374,1.50,1.75
2016.07.13 11:15:04.102,0.99349,0.99372,1.00,1.50
2016.07.13 11:15:04.404,0.99351,0.99376,1.00,1.87
2016.07.13 11:15:05.101,0.9935,0.99376,1.00,3.37
2016.07.13 11:15:05.659,0.99351,0.99376,1.00,2.62
2016.07.13 11:15:05.810,0.99351,0.99375,1.50,1.00
2016.07.13 11:15:05.926,0.99349,0.99375,1.75,2.10
2016.07.13 11:15:06.454,0.99348,0.99372,1.50,1.37
2016.07.13 11:15:07.012,0.99348,0.99371,1.00,1.37
2016.07.13 11:15:07.513,0.99346,0.99371,2.25,1.50
2016.07.13 11:15:07.765,0.99349,0.99375,1.75,1.87
2016.07.13 11:15:08.118,0.99353,0.99375,1.00,1.12
2016.07.13 11:15:09.024,0.99353,0.99376,1.00,2.47
2016.07.13 11:15:09.669,0.99353,0.99376,1.00,2.47
2016.07.13 11:15:10.110,0.99351,0.99374,1.00,1.00
2016.07.13 11:15:10.923,0.99351,0.99373,1.00,1.00
2016.07.13 11:15:11.025,0.99349,0.99373,1.12,1.50
2016.07.13 11:15:11.626,0.9935,0.99374,1.00,1.75
2016.07.13 11:15:16.395,0.99347,0.99371,1.37,1.37
2016.07.13 11:15:16.446,0.99345,0.99369,1.75,1.12
2016.07.13 11:15:16.597,0.99346,0.99366,1.00,1.00
2016.07.13 11:15:16.698,0.99345,0.99368,1.12,1.00
2016.07.13 11:15:16.749,0.99345,0.99369,1.00,2.10
2016.07.13 11:15:17.273,0.99343,0.99366,1.37,1.12
2016.07.13 11:15:17.990,0.99346,0.9937,1.00,2.25
2016.07.13 11:15:18.087,0.99346,0.99369,1.50,1.00
2016.07.13 11:15:18.138,0.99347,0.99373,1.50,2.25
2016.07.13 11:15:18.775,0.99352,0.99373,1.00,1.75
2016.07.13 11:15:19.334,0.99352,0.99376,1.00,2.85
2016.07.13 11:15:19.847,0.9935,0.99375,1.50,1.00
2016.07.13 11:15:20.351,0.9935,0.99373,1.00,1.50
2016.07.13 11:15:22.468,0.9935,0.99371,1.00,1.00
2016.07.13 11:15:22.569,0.9935,0.99373,1.00,1.50
2016.07.13 11:15:23.623,0.9935,0.99373,1.00,2.10
2016.07.13 11:15:23.700,0.9935,0.99369,1.00,1.00
2016.07.13 11:15:23.751,0.99343,0.99368,1.75,1.12
2016.07.13 11:15:23.853,0.99344,0.99369,1.75,2.10
2016.07.13 11:15:24.255,0.99343,0.99366,1.75,1.00
2016.07.13 11:15:24.357,0.99343,0.99366,1.75,1.00
2016.07.13 11:15:25.386,0.99347,0.99366,1.00,1.00
2016.07.13 11:15:25.437,0.99347,0.9937,1.50,1.00
2016.07.13 11:15:25.538,0.99347,0.99371,1.75,2.47
2016.07.13 11:15:26.140,0.99349,0.99372,1.75,2.10
2016.07.13 11:15:29.987,0.99349,0.99371,1.75,1.35
2016.07.13 11:15:30.088,0.99349,0.99371,1.50,1.35
2016.07.13 11:15:30.600,0.99352,0.99372,1.00,1.60
2016.07.13 11:15:33.000,0.99347,0.99372,1.75,2.47
2016.07.13 11:15:33.102,0.99346,0.9937,1.00,1.50
2016.07.13 11:15:33.561,0.99346,0.99367,1.00,1.00
2016.07.13 11:15:34.262,0.99346,0.9937,1.50,1.00
2016.07.13 11:15:34.364,0.99346,0.9937,1.75,1.12
2016.07.13 11:15:34.566,0.99348,0.99372,1.75,1.12
2016.07.13 11:15:38.691,0.99343,0.99367,1.75,1.50
2016.07.13 11:15:38.792,0.99344,0.99367,1.00,2.25
2016.07.13 11:15:38.893,0.99338,0.99364,1.75,1.37
2016.07.13 11:15:39.196,0.99344,0.99368,1.00,2.62
2016.07.13 11:15:39.297,0.99341,0.99365,2.25,1.00
2016.07.13 11:15:39.398,0.99343,0.99369,1.50,1.50
2016.07.13 11:15:39.499,0.99343,0.99366,1.50,1.00
2016.07.13 11:15:39.823,0.99345,0.99366,1.00,1.00
2016.07.13 11:15:40.624,0.99345,0.99369,1.12,1.87
2016.07.13 11:15:40.927,0.99343,0.99368,1.50,1.75
2016.07.13 11:15:40.977,0.99344,0.9937,1.50,1.50
2016.07.13 11:15:41.495,0.99347,0.99371,1.50,1.37
2016.07.13 11:15:46.484,0.99343,0.99367,2.25,1.00
2016.07.13 11:15:46.635,0.99343,0.99367,1.50,1.50
2016.07.13 11:15:46.787,0.99345,0.99369,1.37,1.75
2016.07.13 11:15:47.199,0.99345,0.99369,1.75,1.12
2016.07.13 11:15:48.555,0.99345,0.99367,1.75,1.00
2016.07.13 11:15:48.757,0.99343,0.99369,2.25,1.12
2016.07.13 11:15:52.367,0.99343,0.99367,1.75,1.00
2016.07.13 11:15:52.519,0.99345,0.99367,1.12,1.12
2016.07.13 11:15:53.672,0.99344,0.99366,1.37,1.00
2016.07.13 11:15:54.825,0.99343,0.99366,1.12,1.50
2016.07.13 11:15:54.875,0.99343,0.99361,1.12,1.00
2016.07.13 11:15:54.976,0.99343,0.99366,1.12,1.50
2016.07.13 11:15:56.151,0.99345,0.99367,1.00,1.50
2016.07.13 11:15:56.483,0.99346,0.99367,1.50,1.00
2016.07.13 11:15:57.034,0.99346,0.99366,1.50,1.00
2016.07.13 11:15:57.889,0.99347,0.99371,1.12,2.25
2016.07.13 11:15:58.311,0.99347,0.99371,2.25,1.50
2016.07.13 11:15:58.842,0.99348,0.99372,1.75,1.87
2016.07.13 11:15:59.694,0.99348,0.99371,1.75,1.00
2016.07.13 11:16:00.927,0.9935,0.99371,1.00,1.37
2016.07.13 11:16:01.450,0.99349,0.99371,1.12,1.37
2016.07.13 11:16:01.972,0.9935,0.99372,1.00,1.75
2016.07.13 11:16:02.352,0.9935,0.99372,1.12,1.00
2016.07.13 11:16:02.655,0.9935,0.99372,1.00,1.50
2016.07.13 11:16:03.606,0.99347,0.99371,1.37,1.37
2016.07.13 11:16:03.758,0.99347,0.99371,1.00,2.25
2016.07.13 11:16:04.010,0.99346,0.9937,1.50,1.50
2016.07.13 11:16:04.111,0.99346,0.99366,1.50,1.00
2016.07.13 11:16:04.212,0.99346,0.9937,1.50,1.50
2016.07.13 11:16:04.373,0.99346,0.9937,1.00,1.75
2016.07.13 11:16:04.910,0.99344,0.99368,1.37,1.50
2016.07.13 11:16:06.764,0.99342,0.99369,1.87,1.37
2016.07.13 11:16:07.076,0.99346,0.99371,1.75,1.50
2016.07.13 11:16:07.177,0.99348,0.99373,1.50,1.50
2016.07.13 11:16:07.228,0.99352,0.99377,1.00,1.75
2016.07.13 11:16:07.379,0.99355,0.9938,1.37,1.50
2016.07.13 11:16:07.682,0.99353,0.99379,1.12,1.75
2016.07.13 11:16:08.007,0.99353,0.99379,1.50,2.25
2016.07.13 11:16:08.260,0.99351,0.99377,1.75,1.75
2016.07.13 11:16:09.023,0.99355,0.99379,1.00,1.75
2016.07.13 11:16:11.278,0.99355,0.99379,1.12,2.25
2016.07.13 11:16:12.836,0.99356,0.9938,1.00,2.25
2016.07.13 11:16:12.987,0.99356,0.9938,1.50,1.37
2016.07.13 11:16:15.083,0.99356,0.99381,1.12,1.12
2016.07.13 11:16:16.544,0.99358,0.99382,1.00,1.87
2016.07.13 11:16:16.645,0.99356,0.99382,1.12,1.12
2016.07.13 11:16:17.017,0.99358,0.99382,1.00,1.87
2016.07.13 11:16:20.809,0.99357,0.99381,1.00,1.75
2016.07.13 11:16:21.339,0.99358,0.99383,1.00,3.37
2016.07.13 11:16:21.390,0.99358,0.99383,1.00,1.75
2016.07.13 11:16:21.807,0.99358,0.99384,1.50,2.85
2016.07.13 11:16:22.111,0.99358,0.99384,1.37,2.47
2016.07.13 11:16:23.874,0.99359,0.99383,1.00,1.87
2016.07.13 11:16:24.075,0.9936,0.99381,1.00,1.00
2016.07.13 11:16:24.500,0.99359,0.99384,1.12,1.37
2016.07.13 11:16:25.122,0.99359,0.99381,1.12,1.00
2016.07.13 11:16:25.436,0.9936,0.99386,1.75,1.75
2016.07.13 11:16:25.788,0.9936,0.99384,1.12,1.50
2016.07.13 11:16:25.889,0.9936,0.99384,1.75,1.00
2016.07.13 11:16:27.219,0.99361,0.99385,1.50,1.12
2016.07.13 11:16:28.977,0.99359,0.99385,1.75,1.00
2016.07.13 11:16:29.234,0.9936,0.99385,1.12,1.75
2016.07.13 11:16:29.758,0.99361,0.99385,1.00,1.75
2016.07.13 11:16:30.293,0.99358,0.99382,1.50,1.12
2016.07.13 11:16:32.770,0.99361,0.99385,1.00,1.75
2016.07.13 11:16:33.293,0.9936,0.99384,1.00,1.87
2016.07.13 11:16:33.394,0.9936,0.99383,1.00,1.75
2016.07.13 11:16:33.644,0.99358,0.99384,1.00,2.25
2016.07.13 11:16:33.795,0.99356,0.9938,1.12,1.37
2016.07.13 11:16:34.329,0.99356,0.9938,1.00,2.25
2016.07.13 11:16:35.599,0.99356,0.99378,1.12,1.00
2016.07.13 11:16:38.624,0.99357,0.9938,1.00,1.50
2016.07.13 11:16:39.508,0.99357,0.99381,1.12,2.25
2016.07.13 11:16:40.009,0.99356,0.9938,1.12,1.50
2016.07.13 11:16:40.574,0.99355,0.9938,1.00,2.25
2016.07.13 11:16:41.959,0.99354,0.9938,1.12,1.75
2016.07.13 11:16:45.265,0.99355,0.99379,1.00,1.00
2016.07.13 11:16:45.567,0.99355,0.99381,1.75,1.75
2016.07.13 11:16:45.668,0.99355,0.99381,1.75,1.12
2016.07.13 11:16:45.870,0.99355,0.99381,1.75,1.50
2016.07.13 11:16:46.661,0.99358,0.99382,1.00,1.50
2016.07.13 11:16:46.862,0.99361,0.99382,1.00,1.00
2016.07.13 11:16:47.366,0.99356,0.99382,1.75,1.75
2016.07.13 11:16:47.467,0.99356,0.99382,1.75,1.50
2016.07.13 11:16:47.733,0.99359,0.99383,1.00,2.25
2016.07.13 11:16:47.834,0.99359,0.99381,1.12,1.00
2016.07.13 11:16:47.885,0.99361,0.99383,1.00,1.50
2016.07.13 11:16:47.936,0.99361,0.99383,1.12,1.00
2016.07.13 11:16:48.087,0.99363,0.99385,1.00,1.37
2016.07.13 11:16:48.289,0.99359,0.99385,1.12,1.75
2016.07.13 11:16:48.793,0.99359,0.99383,1.00,1.75
2016.07.13 11:16:49.274,0.99354,0.99378,2.25,1.00
2016.07.13 11:16:49.376,0.99357,0.99383,1.75,3.22
2016.07.13 11:16:49.477,0.99357,0.9938,1.00,1.35
2016.07.13 11:16:49.808,0.99359,0.9938,1.00,1.67
2016.07.13 11:16:50.174,0.99359,0.99383,1.12,1.50
2016.07.13 11:16:50.376,0.99359,0.99381,1.00,1.12
2016.07.13 11:16:50.775,0.99357,0.99384,1.50,1.87
2016.07.13 11:16:51.077,0.99361,0.99384,1.00,1.00
2016.07.13 11:16:52.559,0.9936,0.99384,1.00,1.50
2016.07.13 11:16:52.662,0.99361,0.99386,1.00,2.62
2016.07.13 11:16:52.813,0.99362,0.99387,1.00,1.75
2016.07.13 11:16:53.195,0.99365,0.99389,1.00,1.75
2016.07.13 11:16:53.549,0.99366,0.9939,1.37,1.75
2016.07.13 11:16:53.600,0.99366,0.99391,1.75,1.75
2016.07.13 11:16:53.703,0.99366,0.99389,1.00,1.00
2016.07.13 11:16:53.955,0.99366,0.99389,1.37,1.00
2016.07.13 11:16:55.259,0.99365,0.99389,1.50,1.37
2016.07.13 11:16:57.069,0.99363,0.9939,1.50,1.75
2016.07.13 11:16:57.697,0.99364,0.99389,1.00,1.87
2016.07.13 11:16:58.050,0.99366,0.99389,1.00,1.75
2016.07.13 11:16:58.380,0.99367,0.99388,1.00,1.00
2016.07.13 11:16:58.861,0.99367,0.99389,1.00,1.75
2016.07.13 11:16:59.382,0.99367,0.99388,1.00,1.00
2016.07.13 11:17:00.134,0.99368,0.99388,1.00,1.00
2016.07.13 11:17:02.416,0.99367,0.99388,1.00,1.00
2016.07.13 11:17:03.246,0.99366,0.99388,1.00,1.00
2016.07.13 11:17:06.231,0.99369,0.99388,1.00,1.00
2016.07.13 11:17:06.333,0.99367,0.99388,1.00,1.00
2016.07.13 11:17:06.837,0.99364,0.99388,1.50,1.00
2016.07.13 11:17:07.089,0.99363,0.99388,1.50,2.25
2016.07.13 11:17:07.514,0.99364,0.99389,1.50,1.75
2016.07.13 11:17:07.887,0.99364,0.99389,1.50,1.50
2016.07.13 11:17:07.937,0.99365,0.99391,2.25,1.75
2016.07.13 11:17:08.488,0.99365,0.99391,2.25,1.37
2016.07.13 11:17:09.214,0.99367,0.99392,1.12,1.75
2016.07.13 11:17:09.315,0.99367,0.99392,1.37,1.75
2016.07.13 11:17:13.376,0.99368,0.99392,1.75,1.00
2016.07.13 11:17:13.953,0.99369,0.99394,1.87,1.50
2016.07.13 11:17:14.003,0.99369,0.99394,1.87,1.50
2016.07.13 11:17:19.431,0.99371,0.99395,1.00,1.50
2016.07.13 11:17:22.230,0.99368,0.99394,1.75,1.75
2016.07.13 11:17:22.779,0.99368,0.99394,1.75,1.75
2016.07.13 11:17:23.334,0.99369,0.99393,1.87,1.12
2016.07.13 11:17:24.764,0.9937,0.99394,1.75,1.12
2016.07.13 11:17:26.616,0.9937,0.99394,1.75,1.37
2016.07.13 11:17:26.667,0.9937,0.99394,1.50,1.50
2016.07.13 11:17:30.139,0.9937,0.99394,1.50,1.50
2016.07.13 11:17:32.231,0.99369,0.99393,1.50,1.50
2016.07.13 11:17:32.761,0.99369,0.99393,1.75,1.12
2016.07.13 11:17:35.344,0.99369,0.99393,1.75,1.00
2016.07.13 11:17:35.495,0.9937,0.99393,1.00,1.50
2016.07.13 11:17:35.999,0.9937,0.99392,1.00,1.00
2016.07.13 11:17:36.506,0.9937,0.99393,1.00,1.50
2016.07.13 11:17:38.959,0.99369,0.99395,1.75,1.75
2016.07.13 11:17:39.460,0.99369,0.99395,1.75,1.50
2016.07.13 11:17:40.022,0.99369,0.99393,1.75,1.00
2016.07.13 11:17:40.608,0.9937,0.99394,1.75,1.12
2016.07.13 11:17:41.533,0.99371,0.99394,1.00,1.37
2016.07.13 11:17:41.734,0.99368,0.99394,1.75,1.50
2016.07.13 11:17:44.960,0.9937,0.99394,1.12,2.25
2016.07.13 11:17:45.464,0.99369,0.99393,1.00,1.75
2016.07.13 11:17:45.969,0.99368,0.99393,1.00,1.75
2016.07.13 11:17:46.815,0.9937,0.99394,1.00,2.25
2016.07.13 11:17:47.019,0.99368,0.99392,1.00,1.50
2016.07.13 11:17:47.387,0.99371,0.99394,1.00,1.00
2016.07.13 11:17:47.689,0.9937,0.99394,1.50,1.75
2016.07.13 11:17:48.023,0.99369,0.99393,1.00,1.75
2016.07.13 11:17:48.126,0.99369,0.99393,1.12,1.50
2016.07.13 11:17:48.917,0.9937,0.99394,1.00,1.75
2016.07.13 11:17:55.276,0.9937,0.99393,1.37,1.00
2016.07.13 11:17:56.373,0.9937,0.99395,1.12,1.50
2016.07.13 11:17:56.884,0.99367,0.99394,1.75,1.87
2016.07.13 11:17:58.026,0.9937,0.99394,1.00,1.75
2016.07.13 11:18:00.417,0.99369,0.99393,1.12,1.50
2016.07.13 11:18:01.186,0.99369,0.99395,1.37,1.75
2016.07.13 11:18:01.287,0.9937,0.99395,1.00,1.37
2016.07.13 11:18:01.438,0.99369,0.99395,1.87,1.12
2016.07.13 11:18:01.996,0.9937,0.99395,1.37,1.37
2016.07.13 11:18:02.248,0.99371,0.99395,1.87,1.00
2016.07.13 11:18:02.798,0.99372,0.99396,1.12,1.12
2016.07.13 11:18:05.103,0.99372,0.99396,1.00,1.37
2016.07.13 11:18:06.499,0.99372,0.99396,1.37,1.75
2016.07.13 11:18:06.550,0.99372,0.99396,1.50,1.50
2016.07.13 11:18:06.913,0.99371,0.99395,1.50,1.37
2016.07.13 11:18:07.564,0.99371,0.99395,1.12,1.75
2016.07.13 11:18:14.832,0.99372,0.99396,1.00,1.75
2016.07.13 11:18:15.344,0.9937,0.99394,1.50,1.50
2016.07.13 11:18:17.907,0.99372,0.99396,1.00,1.75
2016.07.13 11:18:19.956,0.9937,0.99395,1.50,1.75
2016.07.13 11:18:26.424,0.99369,0.99395,1.75,1.75
2016.07.13 11:18:29.939,0.99374,0.99398,1.00,2.25
2016.07.13 11:18:30.041,0.99375,0.99399,1.12,1.12
2016.07.13 11:18:30.091,0.99375,0.99399,1.50,1.12
2016.07.13 11:18:30.243,0.99376,0.99402,1.75,2.25
2016.07.13 11:18:30.746,0.99379,0.99402,1.00,1.50
2016.07.13 11:18:31.698,0.99379,0.99402,1.00,1.75
2016.07.13 11:18:31.849,0.99377,0.99402,1.12,1.75
2016.07.13 11:18:31.951,0.99377,0.99402,1.75,1.37
2016.07.13 11:18:32.052,0.99376,0.994,1.37,1.37
2016.07.13 11:18:32.153,0.99376,0.994,1.00,1.75
2016.07.13 11:18:32.450,0.99377,0.99401,1.12,3.00
2016.07.13 11:18:32.989,0.99378,0.99401,1.00,1.75
2016.07.13 11:18:33.360,0.99376,0.99402,1.12,2.62
2016.07.13 11:18:33.841,0.99376,0.99402,1.75,1.75
2016.07.13 11:18:34.504,0.99376,0.994,1.50,1.50
2016.07.13 11:18:34.554,0.99376,0.994,1.50,1.75
2016.07.13 11:18:34.655,0.99376,0.99402,1.50,1.50
2016.07.13 11:18:34.887,0.99376,0.994,1.12,1.50
2016.07.13 11:18:35.596,0.99376,0.99402,1.50,1.37
2016.07.13 11:18:35.646,0.99379,0.99402,1.00,1.00
2016.07.13 11:18:36.971,0.99378,0.99402,1.37,1.50
2016.07.13 11:18:38.358,0.99378,0.99402,1.75,1.12
2016.07.13 11:18:38.459,0.99378,0.99402,1.50,1.75
2016.07.13 11:18:38.560,0.99378,0.99402,1.50,1.12
2016.07.13 11:18:38.959,0.99378,0.99401,1.00,2.25
2016.07.13 11:18:39.289,0.99378,0.99401,1.75,1.12
2016.07.13 11:18:39.692,0.99376,0.994,1.37,1.50
2016.07.13 11:18:39.793,0.99376,0.994,1.12,1.50
2016.07.13 11:18:40.487,0.99376,0.99397,1.12,1.00
2016.07.13 11:18:41.198,0.99376,0.994,1.12,1.50
2016.07.13 11:18:41.714,0.99376,0.99397,1.12,1.00
2016.07.13 11:18:43.790,0.99376,0.994,1.12,1.50
2016.07.13 11:18:44.891,0.99376,0.99397,1.12,1.00
2016.07.13 11:18:45.822,0.99376,0.994,1.12,1.87
2016.07.13 11:18:47.394,0.99376,0.99397,1.12,1.00
2016.07.13 11:18:48.430,0.99376,0.99396,1.12,1.00
2016.07.13 11:18:51.637,0.99374,0.99397,1.50,1.00
2016.07.13 11:18:54.843,0.99374,0.99396,1.50,1.00
2016.07.13 11:18:54.944,0.99374,0.99399,1.50,1.50
2016.07.13 11:18:54.995,0.99374,0.99398,1.12,1.37
2016.07.13 11:18:55.247,0.99375,0.99401,1.12,2.25
2016.07.13 11:18:55.348,0.99376,0.99396,1.00,1.00
2016.07.13 11:18:55.842,0.99376,0.99401,1.00,1.75
2016.07.13 11:18:56.503,0.99376,0.99396,1.00,1.00
2016.07.13 11:18:57.805,0.99376,0.99397,1.00,1.00
2016.07.13 11:18:58.404,0.99376,0.99401,1.00,2.25
2016.07.13 11:18:58.647,0.99376,0.994,1.50,1.00
2016.07.13 11:19:00.509,0.99374,0.994,1.75,1.50
2016.07.13 11:19:00.610,0.99374,0.994,1.75,1.12
2016.07.13 11:19:01.077,0.99374,0.99398,1.75,1.00
2016.07.13 11:19:01.410,0.99373,0.99396,1.75,1.00
2016.07.13 11:19:04.604,0.99373,0.99396,1.75,1.00
2016.07.13 11:19:04.958,0.99372,0.99396,1.50,1.50
2016.07.13 11:19:06.108,0.99374,0.99396,1.00,1.50
2016.07.13 11:19:06.612,0.99375,0.99396,1.12,1.00
2016.07.13 11:19:07.134,0.99375,0.99399,1.12,1.75
2016.07.13 11:19:09.469,0.99373,0.99397,1.75,1.50
2016.07.13 11:19:09.570,0.9937,0.99395,1.12,1.12
2016.07.13 11:19:09.621,0.9937,0.99395,1.37,1.37
2016.07.13 11:19:09.672,0.9937,0.99391,1.12,1.00
2016.07.13 11:19:09.847,0.99372,0.99394,1.00,1.00
2016.07.13 11:19:09.900,0.99374,0.99394,1.00,1.00
2016.07.13 11:19:10.001,0.99375,0.99399,2.25,1.00
2016.07.13 11:19:10.339,0.99375,0.99398,1.50,1.50
2016.07.13 11:19:10.688,0.99374,0.994,2.25,1.50
2016.07.13 11:19:12.771,0.99376,0.994,1.12,1.50
2016.07.13 11:19:13.874,0.99376,0.994,1.50,1.37
2016.07.13 11:19:14.073,0.99376,0.994,1.12,1.87
2016.07.13 11:19:14.789,0.99376,0.994,1.75,1.50
2016.07.13 11:19:16.778,0.99371,0.99392,1.75,1.00
2016.07.13 11:19:16.980,0.99369,0.99395,1.50,1.75
2016.07.13 11:19:17.082,0.99374,0.99398,1.00,1.75
2016.07.13 11:19:17.183,0.99375,0.994,1.50,1.75
2016.07.13 11:19:17.488,0.99375,0.994,2.25,1.12
2016.07.13 11:19:17.984,0.99375,0.99398,1.75,1.00
2016.07.13 11:19:18.085,0.99375,0.99399,1.37,1.50
2016.07.13 11:19:19.300,0.99376,0.99398,1.00,1.00
2016.07.13 11:19:20.108,0.99376,0.994,1.00,1.50
2016.07.13 11:19:20.810,0.99376,0.99399,1.00,1.00
2016.07.13 11:19:20.961,0.99376,0.99401,1.50,1.50
2016.07.13 11:19:21.683,0.99377,0.99402,1.75,1.75
2016.07.13 11:19:22.815,0.99374,0.99399,2.25,1.00
2016.07.13 11:19:22.916,0.99376,0.99398,1.00,1.00
2016.07.13 11:19:23.471,0.99376,0.99397,1.00,1.00
2016.07.13 11:19:23.992,0.99374,0.99397,1.00,1.00
2016.07.13 11:19:24.735,0.99372,0.99397,1.00,2.62
2016.07.13 11:19:25.037,0.99373,0.99391,1.00,1.00
2016.07.13 11:19:25.589,0.9937,0.99393,1.75,1.00
2016.07.13 11:19:26.098,0.9937,0.99396,2.25,1.75
2016.07.13 11:19:26.440,0.9937,0.99396,2.25,1.12
2016.07.13 11:19:30.894,0.99369,0.99392,3.37,1.00
2016.07.13 11:19:30.945,0.99369,0.99392,1.75,1.00
2016.07.13 11:19:31.046,0.99365,0.99392,1.75,1.00
2016.07.13 11:19:31.096,0.99365,0.99392,1.75,1.37
2016.07.13 11:19:31.147,0.99365,0.99392,1.75,1.75
2016.07.13 11:19:31.406,0.99366,0.99394,3.37,1.75
2016.07.13 11:19:32.007,0.99369,0.99396,1.75,1.50
2016.07.13 11:19:35.050,0.9937,0.99397,1.75,1.75
2016.07.13 11:19:35.100,0.99371,0.99395,1.00,1.00
2016.07.13 11:19:35.616,0.99369,0.99396,3.37,1.50
2016.07.13 11:19:36.135,0.9937,0.99397,1.87,1.50
2016.07.13 11:19:36.953,0.99368,0.99396,2.62,1.75
2016.07.13 11:19:37.004,0.99367,0.99395,1.75,1.12
2016.07.13 11:19:37.766,0.99367,0.99394,2.25,1.87
2016.07.13 11:19:37.867,0.9937,0.99394,1.00,1.37
2016.07.13 11:19:38.018,0.99368,0.99396,1.75,1.87
2016.07.13 11:19:38.774,0.99367,0.99395,1.75,1.50
2016.07.13 11:19:39.319,0.99367,0.99394,1.50,1.75
2016.07.13 11:19:39.821,0.99368,0.99391,1.00,1.00
2016.07.13 11:19:41.076,0.99368,0.99393,1.37,1.75
2016.07.13 11:19:41.633,0.99368,0.99393,1.75,1.50
2016.07.13 11:19:42.636,0.99368,0.99393,1.75,1.12
2016.07.13 11:19:43.138,0.99368,0.99396,1.75,1.50
2016.07.13 11:19:45.443,0.99369,0.99393,1.75,1.00
2016.07.13 11:19:48.633,0.99368,0.99392,1.75,1.00
2016.07.13 11:19:48.683,0.99368,0.99392,1.87,1.12
2016.07.13 11:19:48.784,0.99368,0.99392,1.50,1.00
2016.07.13 11:19:49.087,0.9937,0.99391,1.00,1.00
2016.07.13 11:19:49.605,0.99367,0.9939,1.75,1.00
2016.07.13 11:19:49.706,0.99367,0.99386,1.75,1.00
2016.07.13 11:19:49.807,0.99367,0.9939,1.75,1.00
2016.07.13 11:19:49.958,0.99369,0.99395,1.37,1.75
2016.07.13 11:19:50.318,0.9937,0.99391,1.00,1.00
2016.07.13 11:19:50.831,0.99371,0.99393,1.00,1.00
2016.07.13 11:19:50.932,0.99371,0.99391,1.00,1.00
2016.07.13 11:19:51.458,0.99371,0.99392,1.00,1.00
2016.07.13 11:19:52.913,0.99371,0.99391,1.00,1.00
2016.07.13 11:19:53.496,0.99371,0.99392,1.00,1.00
2016.07.13 11:19:53.799,0.99368,0.99391,4.12,1.00
2016.07.13 11:19:54.499,0.99369,0.99392,1.75,1.00
2016.07.13 11:19:55.118,0.99369,0.99391,1.75,1.00
2016.07.13 11:19:55.564,0.99372,0.99391,1.00,1.00
2016.07.13 11:20:01.253,0.99369,0.99391,1.75,1.00
2016.07.13 11:20:04.608,0.99371,0.99395,1.75,1.12
2016.07.13 11:20:05.189,0.99374,0.99396,1.12,1.12
2016.07.13 11:20:07.143,0.99375,0.99396,1.00,1.12
2016.07.13 11:20:07.845,0.99374,0.99396,1.00,1.12
2016.07.13 11:20:08.346,0.99371,0.99395,1.87,1.00
2016.07.13 11:20:09.525,0.99372,0.99396,1.75,1.00
2016.07.13 11:20:10.098,0.99373,0.99397,1.12,1.00
2016.07.13 11:20:10.701,0.99373,0.99396,1.75,1.00
2016.07.13 11:20:11.220,0.99371,0.99397,1.75,1.50
2016.07.13 11:20:11.321,0.99373,0.99396,1.50,1.00
2016.07.13 11:20:15.268,0.99373,0.99391,1.50,1.00
2016.07.13 11:20:15.369,0.99373,0.99397,1.12,2.62
2016.07.13 11:20:15.671,0.99371,0.99391,1.50,1.00
2016.07.13 11:20:16.439,0.99371,0.99391,1.00,1.00
2016.07.13 11:20:17.027,0.9937,0.99391,1.75,1.00
2016.07.13 11:20:18.027,0.99368,0.99392,1.75,1.50
2016.07.13 11:20:18.128,0.99368,0.99392,1.75,1.87
2016.07.13 11:20:18.697,0.99368,0.99392,1.75,1.12
2016.07.13 11:20:19.235,0.99368,0.99392,1.75,1.00
2016.07.13 11:20:19.443,0.9937,0.99391,2.25,1.00
2016.07.13 11:20:20.466,0.99371,0.99396,1.75,1.87
2016.07.13 11:20:22.231,0.99371,0.99391,1.75,1.00
2016.07.13 11:20:22.631,0.99371,0.99396,1.75,1.87
2016.07.13 11:20:26.432,0.99374,0.99397,1.50,1.12
2016.07.13 11:20:27.156,0.99374,0.99396,1.50,1.00
2016.07.13 11:20:27.702,0.99374,0.99397,1.50,1.12
2016.07.13 11:20:28.538,0.99374,0.99396,1.50,1.00
2016.07.13 11:20:30.941,0.99374,0.99396,1.12,1.12
2016.07.13 11:20:31.042,0.99371,0.99395,1.00,1.00
2016.07.13 11:20:31.143,0.9937,0.99396,1.12,2.10
2016.07.13 11:20:31.662,0.99371,0.99392,1.00,1.00
2016.07.13 11:20:33.165,0.99371,0.99391,1.00,1.00
2016.07.13 11:20:33.565,0.99371,0.99391,1.50,1.00
2016.07.13 11:20:34.090,0.99372,0.99392,1.00,1.00
2016.07.13 11:20:34.368,0.99372,0.99394,1.00,1.00
2016.07.13 11:20:34.883,0.99372,0.99396,1.50,1.75
2016.07.13 11:20:35.193,0.99373,0.99398,1.75,1.50
2016.07.13 11:20:35.345,0.99372,0.994,1.37,3.75
2016.07.13 11:20:36.071,0.99372,0.99394,1.00,1.00
2016.07.13 11:20:38.026,0.99372,0.99396,1.37,1.37
2016.07.13 11:20:38.077,0.99372,0.99396,1.75,1.00
2016.07.13 11:20:39.351,0.99372,0.99398,1.75,1.50
2016.07.13 11:20:46.093,0.99374,0.99396,1.50,1.00
2016.07.13 11:20:46.892,0.99374,0.99396,1.12,1.50
2016.07.13 11:20:48.597,0.99371,0.99396,1.37,2.25
2016.07.13 11:20:50.458,0.99371,0.99398,1.75,2.25
2016.07.13 11:20:50.509,0.99371,0.99398,1.75,2.25
2016.07.13 11:20:50.813,0.99381,0.99397,1.00,1.00
2016.07.13 11:20:51.403,0.99379,0.99397,1.75,1.00
2016.07.13 11:20:51.709,0.99379,0.99401,1.75,1.00
2016.07.13 11:20:52.766,0.99378,0.99402,1.75,1.50
2016.07.13 11:20:55.205,0.99378,0.99402,1.75,2.25
2016.07.13 11:20:55.612,0.99378,0.99402,1.50,2.62
2016.07.13 11:20:58.873,0.99378,0.99397,1.50,1.00
2016.07.13 11:20:59.413,0.99378,0.99396,1.50,1.00
2016.07.13 11:20:59.585,0.99378,0.99401,1.50,1.50
2016.07.13 11:20:59.636,0.99378,0.99401,1.00,1.75
2016.07.13 11:20:59.687,0.99374,0.99398,1.87,1.50
2016.07.13 11:20:59.788,0.99372,0.99396,1.12,1.75
2016.07.13 11:21:00.191,0.99372,0.99397,1.37,1.50
2016.07.13 11:21:00.421,0.99377,0.99399,1.12,1.12
2016.07.13 11:21:01.677,0.99378,0.99401,1.00,1.50
2016.07.13 11:21:01.935,0.99378,0.99401,1.12,1.00
2016.07.13 11:21:02.036,0.99377,0.99401,1.37,1.50
2016.07.13 11:21:02.640,0.99378,0.99402,1.12,1.75
2016.07.13 11:21:02.942,0.99377,0.99402,1.00,1.75
2016.07.13 11:21:03.168,0.99379,0.99405,1.37,1.75
2016.07.13 11:21:03.672,0.99379,0.99401,1.00,1.00
2016.07.13 11:21:04.257,0.99379,0.99405,1.00,1.87
2016.07.13 11:21:04.783,0.99379,0.99401,1.00,1.00
2016.07.13 11:21:05.246,0.99379,0.99401,1.00,1.37
2016.07.13 11:21:06.078,0.99378,0.99401,1.00,1.50
2016.07.13 11:21:06.381,0.99374,0.99398,1.12,1.75
2016.07.13 11:21:06.573,0.99376,0.994,1.00,2.25
2016.07.13 11:21:06.674,0.99375,0.994,1.37,1.50
2016.07.13 11:21:06.927,0.99374,0.99398,1.12,1.37
2016.07.13 11:21:07.028,0.99374,0.99398,1.12,1.50
2016.07.13 11:21:07.331,0.99374,0.99397,1.50,1.37
2016.07.13 11:21:07.527,0.99373,0.994,1.75,1.50
2016.07.13 11:21:08.031,0.99376,0.99401,1.00,1.75
2016.07.13 11:21:08.233,0.99376,0.99401,1.37,2.25
2016.07.13 11:21:08.384,0.99376,0.99401,1.12,1.75
2016.07.13 11:21:09.349,0.99374,0.99399,1.50,1.50
2016.07.13 11:21:09.904,0.99376,0.994,1.12,1.75
2016.07.13 11:21:11.012,0.99377,0.994,1.00,1.75
2016.07.13 11:21:13.265,0.99377,0.99401,1.37,1.50
2016.07.13 11:21:13.316,0.99378,0.99401,1.00,1.50
2016.07.13 11:21:15.162,0.99378,0.99401,1.00,2.62
2016.07.13 11:21:16.753,0.99375,0.99399,1.75,1.12
2016.07.13 11:21:17.293,0.99374,0.994,2.25,1.50
2016.07.13 11:21:22.352,0.99378,0.99401,1.12,1.37
2016.07.13 11:21:22.453,0.99376,0.99399,1.00,1.00
2016.07.13 11:21:24.051,0.99375,0.99399,1.50,1.50
2016.07.13 11:21:24.152,0.99375,0.99399,1.50,1.12
2016.07.13 11:21:24.253,0.99379,0.99402,1.00,1.50
2016.07.13 11:21:24.455,0.99381,0.99406,1.00,2.62
2016.07.13 11:21:24.556,0.99381,0.99404,1.37,1.00
2016.07.13 11:21:25.060,0.99383,0.99406,1.00,1.50
2016.07.13 11:21:25.588,0.9938,0.99406,1.50,2.25
2016.07.13 11:21:25.891,0.99381,0.99405,1.12,1.37
2016.07.13 11:21:26.042,0.99381,0.99405,1.12,1.12
2016.07.13 11:21:29.272,0.99381,0.99405,1.00,1.37
2016.07.13 11:21:29.373,0.99378,0.99401,1.00,1.12
2016.07.13 11:21:29.909,0.99378,0.994,1.00,1.00
2016.07.13 11:21:31.508,0.99376,0.994,1.50,1.50
2016.07.13 11:21:35.092,0.99376,0.99399,1.12,1.37
2016.07.13 11:21:35.617,0.99375,0.99396,1.00,1.00
2016.07.13 11:21:35.768,0.99373,0.99396,1.50,1.00
2016.07.13 11:21:36.460,0.99374,0.99396,1.00,1.00
2016.07.13 11:21:36.563,0.99379,0.99396,1.00,1.00
2016.07.13 11:21:36.716,0.99378,0.99401,1.50,1.00
2016.07.13 11:21:36.767,0.9938,0.99401,1.00,1.00
2016.07.13 11:21:37.129,0.9938,0.99399,1.00,1.00
2016.07.13 11:21:37.680,0.99377,0.99396,1.00,1.00
2016.07.13 11:21:37.780,0.99375,0.99396,1.00,1.37
2016.07.13 11:21:39.165,0.99377,0.99398,1.00,1.75
2016.07.13 11:21:39.815,0.99377,0.99397,1.00,1.00
2016.07.13 11:21:40.405,0.99376,0.994,1.00,1.75
2016.07.13 11:21:40.907,0.99376,0.99401,1.12,2.62
2016.07.13 11:21:41.719,0.99376,0.99401,1.00,2.62
2016.07.13 11:21:42.070,0.99376,0.994,1.00,1.75
2016.07.13 11:21:43.178,0.99374,0.994,1.12,1.75
2016.07.13 11:21:43.380,0.99377,0.99401,1.00,3.37
2016.07.13 11:21:44.275,0.99374,0.994,1.12,1.75
2016.07.13 11:21:45.415,0.99373,0.99398,1.12,1.37
2016.07.13 11:21:45.718,0.99372,0.99398,1.00,4.12
2016.07.13 11:21:45.768,0.9937,0.99396,1.12,1.75
2016.07.13 11:21:46.141,0.99371,0.99394,1.00,1.00
2016.07.13 11:21:47.908,0.9937,0.99396,1.50,1.75
2016.07.13 11:21:48.476,0.9937,0.99396,1.12,1.75
2016.07.13 11:21:48.711,0.9937,0.99394,1.37,1.00
2016.07.13 11:21:49.232,0.9937,0.99397,1.50,1.75
2016.07.13 11:21:49.512,0.99373,0.99398,1.37,1.75
2016.07.13 11:21:50.053,0.99374,0.99397,1.00,1.50
2016.07.13 11:21:54.556,0.99374,0.99396,1.00,1.00
2016.07.13 11:21:54.871,0.9937,0.99396,1.75,1.75
2016.07.13 11:21:56.963,0.99371,0.99396,1.75,1.50
2016.07.13 11:21:57.649,0.99369,0.99396,1.75,1.50
2016.07.13 11:21:57.700,0.99371,0.99396,1.12,1.75
2016.07.13 11:22:00.367,0.99367,0.99394,1.50,1.75
2016.07.13 11:22:00.468,0.99368,0.99395,1.50,1.75
2016.07.13 11:22:01.577,0.99374,0.99396,1.00,1.75
2016.07.13 11:22:01.788,0.99375,0.99402,1.50,1.75
2016.07.13 11:22:01.889,0.99378,0.99401,1.00,1.50
2016.07.13 11:22:01.990,0.99376,0.99402,1.37,2.25
2016.07.13 11:22:06.466,0.99376,0.994,1.00,1.75
2016.07.13 11:22:07.473,0.99376,0.994,1.37,1.50
2016.07.13 11:22:07.998,0.99377,0.994,1.00,1.50
2016.07.13 11:22:08.327,0.99374,0.99398,1.87,1.00
2016.07.13 11:22:08.378,0.99374,0.99398,1.87,1.00
2016.07.13 11:22:10.423,0.99378,0.994,1.00,1.00
2016.07.13 11:22:10.938,0.99378,0.99401,1.00,1.50
2016.07.13 11:22:13.018,0.9938,0.99403,1.00,1.50
2016.07.13 11:22:13.343,0.99382,0.99406,1.50,3.00
2016.07.13 11:22:16.082,0.99384,0.99406,1.00,1.75
2016.07.13 11:22:16.133,0.99384,0.99406,1.12,1.00
2016.07.13 11:22:16.234,0.99384,0.99406,1.75,1.00
2016.07.13 11:22:16.687,0.99384,0.99408,1.75,1.12
2016.07.13 11:22:17.737,0.99383,0.99408,1.00,1.50
2016.07.13 11:22:18.036,0.99384,0.99408,1.12,1.37
2016.07.13 11:22:18.305,0.99382,0.99408,1.50,1.75
2016.07.13 11:22:18.406,0.99383,0.99408,1.12,1.75
2016.07.13 11:22:18.911,0.99384,0.99406,1.00,1.00
2016.07.13 11:22:19.493,0.99383,0.99406,1.00,1.00
2016.07.13 11:22:20.108,0.99384,0.99406,1.00,1.00
2016.07.13 11:22:20.632,0.99385,0.99408,1.00,1.00
2016.07.13 11:22:20.733,0.99384,0.99406,1.12,1.12
2016.07.13 11:22:21.037,0.99386,0.99406,1.00,1.00
2016.07.13 11:22:21.442,0.99385,0.99408,1.00,1.00
2016.07.13 11:22:23.392,0.99385,0.99406,1.00,1.00
2016.07.13 11:22:23.544,0.99382,0.99406,1.50,1.12
2016.07.13 11:22:24.853,0.99382,0.99406,2.62,1.00
2016.07.13 11:22:25.432,0.99382,0.99406,1.50,1.12
2016.07.13 11:22:25.835,0.99383,0.99407,1.75,1.00
2016.07.13 11:22:25.937,0.99384,0.99405,1.00,1.00
2016.07.13 11:22:26.488,0.99384,0.99406,1.00,1.00
2016.07.13 11:22:26.839,0.99384,0.99408,1.50,1.50
2016.07.13 11:22:30.153,0.99382,0.99408,2.25,1.12
2016.07.13 11:22:31.254,0.99382,0.99406,2.62,1.00
2016.07.13 11:22:39.569,0.99382,0.99406,1.50,1.50
2016.07.13 11:22:40.069,0.99384,0.99406,1.50,1.00
2016.07.13 11:22:40.297,0.99382,0.99406,1.12,1.50
2016.07.13 11:22:47.881,0.99381,0.99405,1.12,1.75
2016.07.13 11:22:48.457,0.99379,0.99405,1.87,1.75
2016.07.13 11:22:49.115,0.99381,0.99407,1.00,3.97
2016.07.13 11:22:49.166,0.99381,0.99405,1.50,1.00
2016.07.13 11:22:50.295,0.99379,0.99405,1.50,1.75
2016.07.13 11:22:50.597,0.99377,0.994,1.12,1.00
2016.07.13 11:22:50.749,0.9938,0.99404,1.50,1.50
2016.07.13 11:22:51.114,0.99382,0.99406,1.50,1.75
2016.07.13 11:22:51.618,0.99376,0.99403,1.75,1.50
2016.07.13 11:22:52.406,0.99378,0.99401,1.00,1.00
2016.07.13 11:22:53.623,0.99376,0.99402,1.87,1.12
2016.07.13 11:22:53.938,0.99378,0.99403,1.12,1.75
2016.07.13 11:22:53.988,0.99378,0.99403,1.12,1.75
2016.07.13 11:22:54.090,0.99375,0.99401,2.25,1.75
2016.07.13 11:22:54.509,0.99376,0.994,1.12,1.75
2016.07.13 11:22:54.610,0.99379,0.99402,1.00,1.50
2016.07.13 11:22:55.014,0.99379,0.99401,1.75,1.00
2016.07.13 11:22:56.760,0.99379,0.99402,1.75,1.00
2016.07.13 11:22:57.863,0.99376,0.99401,2.62,1.00
2016.07.13 11:22:57.914,0.99375,0.99401,1.87,1.50
2016.07.13 11:22:58.015,0.99377,0.99401,1.12,1.75
2016.07.13 11:22:58.116,0.99379,0.994,1.00,1.00
2016.07.13 11:22:58.217,0.99377,0.994,1.12,1.00
2016.07.13 11:22:58.318,0.99376,0.994,1.87,1.00
2016.07.13 11:22:58.833,0.99378,0.99404,1.75,1.75
2016.07.13 11:22:59.904,0.99379,0.99402,1.75,1.00
2016.07.13 11:23:00.438,0.99379,0.99402,1.50,1.50
2016.07.13 11:23:04.963,0.99375,0.994,1.75,1.00
2016.07.13 11:23:05.064,0.99377,0.99399,1.00,1.00
2016.07.13 11:23:05.215,0.99376,0.99402,1.87,2.25
2016.07.13 11:23:06.162,0.99377,0.99402,1.75,1.12
2016.07.13 11:23:06.325,0.99377,0.99402,1.50,1.50
2016.07.13 11:23:07.425,0.99375,0.99401,1.75,1.75
2016.07.13 11:23:08.628,0.99377,0.99401,1.75,1.50
2016.07.13 11:23:11.247,0.99376,0.99396,1.87,1.00
2016.07.13 11:23:11.348,0.99374,0.99396,1.75,1.00
2016.07.13 11:23:11.550,0.99374,0.99397,1.87,1.00
2016.07.13 11:23:11.651,0.99377,0.994,1.00,1.50
2016.07.13 11:23:12.042,0.99378,0.99397,1.00,1.00
2016.07.13 11:23:12.544,0.99377,0.99396,1.00,1.00
2016.07.13 11:23:13.340,0.99375,0.99396,1.75,1.00
2016.07.13 11:23:13.848,0.99375,0.99396,2.62,1.00
2016.07.13 11:23:14.494,0.99375,0.99396,2.62,1.00
2016.07.13 11:23:15.042,0.99375,0.99399,1.50,1.12
2016.07.13 11:23:15.553,0.99378,0.99399,1.00,1.00
2016.07.13 11:23:16.656,0.99378,0.99397,1.00,1.00
2016.07.13 11:23:16.757,0.99378,0.99399,1.00,1.00
2016.07.13 11:23:16.899,0.99375,0.99399,2.25,1.00
2016.07.13 11:23:17.082,0.99375,0.99396,2.62,1.00
2016.07.13 11:23:17.373,0.99375,0.99399,2.62,1.00
2016.07.13 11:23:17.910,0.99375,0.99399,2.62,1.00
2016.07.13 11:23:18.898,0.99377,0.99401,1.75,1.50
2016.07.13 11:23:27.070,0.99375,0.99397,1.75,1.00
2016.07.13 11:23:27.121,0.99375,0.99397,1.75,1.00
2016.07.13 11:23:27.400,0.99373,0.99397,2.62,1.50
2016.07.13 11:23:27.501,0.99371,0.99397,1.75,1.87
2016.07.13 11:23:27.904,0.99377,0.99398,1.00,1.00
2016.07.13 11:23:28.664,0.99377,0.99397,1.00,1.00
2016.07.13 11:23:29.102,0.99373,0.99397,1.75,1.12
2016.07.13 11:23:29.650,0.99372,0.99396,1.75,1.00
2016.07.13 11:23:31.489,0.99373,0.99398,1.75,1.50
2016.07.13 11:23:31.916,0.9938,0.99401,1.00,1.00
2016.07.13 11:23:32.378,0.99378,0.99402,1.00,2.25
2016.07.13 11:23:32.929,0.99378,0.99401,1.00,1.00
2016.07.13 11:23:34.211,0.99378,0.99402,1.00,2.25
2016.07.13 11:23:35.734,0.99378,0.99401,1.75,1.00
2016.07.13 11:23:36.074,0.99378,0.99399,1.12,1.00
2016.07.13 11:23:36.125,0.99376,0.99399,1.12,1.00
2016.07.13 11:23:36.225,0.99377,0.99401,1.87,1.12
2016.07.13 11:23:39.612,0.99379,0.99402,1.75,1.37
2016.07.13 11:23:40.046,0.99381,0.99403,1.00,1.00
2016.07.13 11:23:40.097,0.99381,0.99401,1.00,1.00
2016.07.13 11:23:40.248,0.99375,0.99401,1.75,2.25
2016.07.13 11:23:49.455,0.99375,0.99401,1.75,1.87
2016.07.13 11:23:53.136,0.99375,0.99396,1.87,1.00
2016.07.13 11:23:53.399,0.99377,0.99401,1.37,2.25
2016.07.13 11:23:53.450,0.99378,0.99396,1.12,1.00
2016.07.13 11:23:53.652,0.99378,0.994,1.50,1.00
2016.07.13 11:23:53.702,0.99378,0.99398,1.50,1.00
2016.07.13 11:23:54.081,0.99374,0.99398,2.62,1.12
2016.07.13 11:23:55.564,0.99374,0.99397,1.75,1.00
2016.07.13 11:23:56.062,0.99373,0.99397,1.00,1.50
2016.07.13 11:23:57.168,0.99373,0.99396,1.00,1.00
2016.07.13 11:23:57.991,0.99373,0.99397,1.00,2.25
2016.07.13 11:23:58.092,0.99371,0.99397,2.25,1.87
2016.07.13 11:24:01.224,0.99371,0.99397,1.75,1.37
2016.07.13 11:24:01.275,0.99371,0.99397,1.37,1.75
2016.07.13 11:24:01.326,0.9937,0.99392,1.00,1.00
2016.07.13 11:24:01.427,0.9937,0.99397,1.50,1.75
2016.07.13 11:24:01.679,0.99371,0.99395,1.50,1.12
2016.07.13 11:24:02.327,0.99372,0.99398,1.50,1.75
2016.07.13 11:24:04.217,0.99372,0.99398,1.75,1.12
2016.07.13 11:24:04.829,0.99371,0.99395,2.25,1.00
2016.07.13 11:24:05.029,0.99373,0.99397,1.00,1.50
2016.07.13 11:24:05.858,0.99373,0.99396,1.00,1.00
2016.07.13 11:24:06.376,0.99373,0.99395,1.00,1.00
2016.07.13 11:24:07.010,0.99373,0.99397,1.00,1.50
2016.07.13 11:24:07.212,0.99373,0.99395,1.00,1.00
2016.07.13 11:24:07.720,0.99373,0.99396,1.00,1.00
2016.07.13 11:24:09.009,0.99372,0.99396,1.00,1.50
2016.07.13 11:24:09.319,0.99372,0.99396,1.50,1.37
2016.07.13 11:24:10.115,0.9937,0.99396,1.12,1.75
2016.07.13 11:24:11.141,0.99373,0.99395,1.00,1.00
2016.07.13 11:24:12.317,0.99373,0.99396,1.00,1.50
2016.07.13 11:24:12.719,0.9937,0.99395,1.87,1.00
2016.07.13 11:24:13.230,0.99371,0.99395,1.75,1.12
2016.07.13 11:24:13.836,0.99371,0.99394,1.75,1.00
2016.07.13 11:24:14.728,0.99369,0.99394,1.37,1.50
2016.07.13 11:24:15.608,0.9937,0.99395,1.50,1.75
2016.07.13 11:24:16.172,0.9937,0.99395,1.75,1.75
2016.07.13 11:24:18.353,0.99372,0.99396,1.50,1.50
2016.07.13 11:24:21.769,0.99372,0.99397,1.12,1.75
2016.07.13 11:24:22.607,0.99373,0.99398,1.00,1.75
2016.07.13 11:24:23.373,0.99374,0.994,1.00,1.75
2016.07.13 11:24:23.474,0.99374,0.99396,1.75,1.00
2016.07.13 11:24:23.742,0.99374,0.99397,1.50,1.00
2016.07.13 11:24:24.278,0.99374,0.99396,1.50,1.00
2016.07.13 11:24:25.926,0.99372,0.99396,2.62,1.00
2016.07.13 11:24:25.976,0.99372,0.99396,2.62,1.00
2016.07.13 11:24:26.620,0.99372,0.99397,2.62,1.00
2016.07.13 11:24:26.885,0.99374,0.99397,1.37,1.12
2016.07.13 11:24:27.536,0.99373,0.99397,1.37,2.25
2016.07.13 11:24:27.587,0.99373,0.99395,1.00,1.00
2016.07.13 11:24:27.859,0.9937,0.99393,1.50,1.00
2016.07.13 11:24:32.647,0.9937,0.99395,1.50,1.50
2016.07.13 11:24:32.698,0.99371,0.99395,1.00,1.50
2016.07.13 11:24:35.356,0.9937,0.99395,1.37,1.50
2016.07.13 11:24:35.407,0.9937,0.99395,1.37,1.87
2016.07.13 11:24:35.670,0.99368,0.99394,1.12,1.75
2016.07.13 11:24:38.359,0.99368,0.99394,1.50,1.75
2016.07.13 11:24:38.704,0.9937,0.9939,1.00,1.00
2016.07.13 11:24:38.906,0.99369,0.99393,1.50,1.00
2016.07.13 11:24:39.367,0.99372,0.99393,1.00,1.00
2016.07.13 11:24:40.802,0.99369,0.99394,1.37,1.50
2016.07.13 11:24:41.301,0.99369,0.99394,1.75,1.37
2016.07.13 11:24:42.676,0.99369,0.99393,1.50,1.00
2016.07.13 11:24:42.815,0.99369,0.99393,1.50,1.00
2016.07.13 11:24:45.562,0.99368,0.99392,1.75,1.00
2016.07.13 11:24:45.814,0.99372,0.99396,1.00,1.75
2016.07.13 11:24:46.039,0.9937,0.99393,1.00,1.00
2016.07.13 11:24:46.089,0.9937,0.99391,1.00,1.00
2016.07.13 11:24:46.614,0.99368,0.99391,2.25,1.00
2016.07.13 11:24:47.287,0.99371,0.99391,1.00,1.00
2016.07.13 11:24:47.889,0.99373,0.99391,1.00,1.00
2016.07.13 11:24:48.468,0.99371,0.99391,1.12,1.00
2016.07.13 11:24:48.991,0.99371,0.99392,1.50,1.00
2016.07.13 11:24:49.521,0.99371,0.99392,1.00,1.00
2016.07.13 11:24:50.326,0.99371,0.99392,2.10,1.00
2016.07.13 11:24:50.427,0.99372,0.99397,2.10,1.12
2016.07.13 11:24:50.478,0.99377,0.994,1.00,2.62
2016.07.13 11:24:50.781,0.99383,0.99396,1.00,1.00
2016.07.13 11:24:51.189,0.9938,0.99396,1.00,1.00
2016.07.13 11:24:51.693,0.99381,0.99396,1.00,1.00
2016.07.13 11:24:52.062,0.99383,0.99396,1.00,1.00
2016.07.13 11:24:52.585,0.99382,0.99396,1.00,1.00
2016.07.13 11:24:52.636,0.99382,0.99401,1.00,1.75
2016.07.13 11:24:54.004,0.99383,0.994,1.00,1.00
2016.07.13 11:24:54.105,0.99383,0.99401,1.00,1.75
2016.07.13 11:24:54.618,0.99382,0.99401,1.00,1.75
2016.07.13 11:24:55.416,0.99382,0.99401,1.00,1.50
2016.07.13 11:24:56.220,0.99382,0.99401,1.00,1.00
2016.07.13 11:24:56.322,0.99382,0.99401,1.00,1.50
2016.07.13 11:24:56.423,0.99382,0.99404,1.00,1.75
2016.07.13 11:24:57.040,0.99383,0.99405,1.00,1.12
2016.07.13 11:24:58.324,0.99382,0.99402,1.00,1.50
2016.07.13 11:24:58.826,0.99381,0.99401,1.00,1.12
2016.07.13 11:25:02.737,0.99381,0.99406,1.12,1.75
2016.07.13 11:25:03.140,0.99381,0.99405,1.00,1.75
2016.07.13 11:25:03.688,0.9938,0.99404,1.12,1.75
2016.07.13 11:25:04.541,0.9938,0.99404,1.50,1.50
2016.07.13 11:25:04.642,0.9938,0.99404,1.00,1.75
2016.07.13 11:25:05.995,0.99383,0.99407,1.00,3.00
2016.07.13 11:25:06.831,0.99383,0.99401,1.00,1.00
2016.07.13 11:25:06.983,0.99381,0.99402,1.12,1.12
2016.07.13 11:25:07.721,0.99381,0.99406,1.12,1.75
2016.07.13 11:25:07.772,0.99381,0.99401,1.12,1.00
2016.07.13 11:25:08.133,0.99382,0.99406,1.00,1.50
2016.07.13 11:25:09.335,0.99382,0.99406,1.50,2.25
2016.07.13 11:25:09.931,0.99382,0.99404,1.00,2.47
2016.07.13 11:25:10.032,0.99379,0.99402,1.00,1.35
2016.07.13 11:25:10.298,0.99376,0.99402,1.37,1.75
2016.07.13 11:25:10.550,0.99378,0.99401,1.37,1.00
2016.07.13 11:25:11.399,0.9938,0.99404,1.00,2.25
2016.07.13 11:25:11.711,0.99379,0.99403,1.00,2.25
2016.07.13 11:25:12.440,0.99379,0.99403,1.00,1.75
2016.07.13 11:25:12.565,0.99379,0.99403,1.12,1.75
2016.07.13 11:25:13.106,0.9938,0.99402,1.00,1.00
2016.07.13 11:25:13.261,0.9938,0.99404,1.00,1.75
2016.07.13 11:25:13.814,0.9938,0.99404,1.12,1.75
2016.07.13 11:25:16.503,0.9938,0.99404,1.50,1.75
2016.07.13 11:25:16.654,0.9938,0.99406,1.87,2.25
2016.07.13 11:25:21.913,0.99382,0.99405,1.00,2.47
2016.07.13 11:25:22.015,0.99379,0.99404,1.75,1.00
2016.07.13 11:25:22.066,0.99379,0.99404,1.50,1.37
2016.07.13 11:25:22.247,0.99382,0.99404,1.12,1.00
2016.07.13 11:25:22.298,0.99381,0.99405,1.50,1.50
2016.07.13 11:25:22.859,0.9938,0.99406,1.50,1.75
2016.07.13 11:25:23.385,0.9938,0.99406,1.87,1.50
2016.07.13 11:25:24.475,0.99383,0.99406,1.37,1.00
2016.07.13 11:25:25.462,0.99381,0.99406,1.37,1.50
2016.07.13 11:25:26.866,0.99389,0.99411,1.37,1.37
2016.07.13 11:25:26.967,0.99393,0.99412,1.00,1.00
2016.07.13 11:25:27.070,0.9939,0.99415,1.00,1.50
2016.07.13 11:25:27.171,0.99387,0.99413,2.25,1.50
2016.07.13 11:25:27.757,0.99387,0.99411,1.12,1.12
2016.07.13 11:25:28.191,0.99388,0.99412,1.37,1.50
2016.07.13 11:25:28.642,0.99384,0.99408,2.25,1.00
2016.07.13 11:25:28.793,0.99383,0.99407,1.87,1.00
2016.07.13 11:25:29.096,0.99384,0.9941,1.37,2.25
2016.07.13 11:25:29.297,0.99385,0.99409,1.50,1.50
2016.07.13 11:25:29.789,0.99383,0.99406,1.00,1.37
2016.07.13 11:25:31.810,0.99382,0.99406,1.50,1.50
2016.07.13 11:25:32.626,0.99383,0.99407,1.30,1.37
2016.07.13 11:25:32.677,0.99385,0.9941,1.00,1.75
2016.07.13 11:25:32.879,0.99389,0.99412,1.00,1.75
2016.07.13 11:25:33.423,0.99388,0.99413,1.00,1.75
2016.07.13 11:25:34.277,0.99389,0.99413,1.00,2.25
2016.07.13 11:25:36.335,0.99389,0.99413,1.50,1.50
2016.07.13 11:25:36.385,0.99392,0.99414,1.00,1.50
2016.07.13 11:25:36.937,0.99392,0.99414,1.00,1.00
2016.07.13 11:25:37.657,0.99391,0.99414,1.00,1.00
2016.07.13 11:25:41.150,0.99391,0.99415,1.50,1.37
2016.07.13 11:25:41.558,0.99393,0.99416,1.00,1.00
2016.07.13 11:25:42.245,0.9939,0.99417,2.25,1.50
2016.07.13 11:25:42.718,0.9939,0.99417,2.25,1.50
2016.07.13 11:25:47.044,0.99396,0.99419,1.12,1.75
2016.07.13 11:25:47.196,0.99391,0.99416,1.50,1.37
2016.07.13 11:25:47.249,0.99391,0.99416,1.12,1.37
2016.07.13 11:25:47.753,0.9939,0.99416,1.37,1.75
2016.07.13 11:25:47.854,0.99392,0.99416,1.37,1.75
2016.07.13 11:25:55.545,0.99392,0.99416,1.12,1.75
2016.07.13 11:25:56.365,0.99392,0.99416,1.37,1.75
2016.07.13 11:25:56.873,0.99393,0.99417,1.00,1.50
2016.07.13 11:25:57.452,0.99393,0.99417,1.37,1.75
2016.07.13 11:25:57.965,0.99394,0.99418,1.50,1.75
2016.07.13 11:25:58.149,0.99394,0.99418,1.50,1.00
2016.07.13 11:25:58.462,0.99393,0.99417,1.75,1.37
2016.07.13 11:25:58.614,0.99391,0.99415,1.50,1.00
2016.07.13 11:25:59.074,0.99389,0.99414,1.75,1.37
2016.07.13 11:25:59.612,0.99389,0.99414,1.50,1.75
2016.07.13 11:26:00.510,0.99388,0.99412,1.12,2.25
2016.07.13 11:26:00.918,0.99388,0.99412,1.00,1.00
2016.07.13 11:26:01.487,0.99388,0.99413,1.50,1.00
2016.07.13 11:26:02.519,0.9939,0.99413,1.00,1.00
2016.07.13 11:26:03.046,0.99389,0.99413,1.00,1.00
2016.07.13 11:26:04.377,0.99389,0.99414,1.12,1.75
2016.07.13 11:26:04.879,0.99389,0.99414,1.37,1.50
2016.07.13 11:26:04.930,0.99392,0.99415,1.35,1.50
2016.07.13 11:26:05.452,0.99393,0.99417,1.00,2.25
2016.07.13 11:26:11.528,0.99389,0.99412,1.00,1.72
2016.07.13 11:26:11.629,0.99389,0.99412,1.75,1.30
2016.07.13 11:26:12.156,0.99389,0.99413,1.50,1.12
2016.07.13 11:26:13.051,0.99391,0.99415,1.00,1.75
2016.07.13 11:26:14.231,0.99389,0.99413,1.50,1.12
2016.07.13 11:26:14.533,0.99387,0.99413,1.12,1.75
2016.07.13 11:26:14.936,0.99389,0.99413,1.00,1.75
2016.07.13 11:26:15.845,0.99387,0.99413,1.12,1.75
2016.07.13 11:26:16.564,0.99387,0.99413,1.50,1.37
2016.07.13 11:26:16.615,0.9939,0.99413,1.00,1.00
2016.07.13 11:26:17.462,0.9939,0.99414,1.50,1.12
2016.07.13 11:26:17.613,0.99394,0.99417,1.50,1.00
2016.07.13 11:26:17.714,0.99392,0.99418,1.12,1.75
2016.07.13 11:26:17.765,0.99393,0.99419,1.37,1.37
2016.07.13 11:26:17.815,0.99393,0.99419,1.75,1.12
2016.07.13 11:26:18.322,0.99396,0.99422,1.00,3.37
2016.07.13 11:26:18.372,0.99399,0.99422,1.00,2.62
2016.07.13 11:26:19.006,0.99398,0.99421,1.00,1.75
2016.07.13 11:26:21.761,0.99399,0.99424,1.00,1.75
2016.07.13 11:26:22.138,0.99395,0.99419,1.00,1.00
2016.07.13 11:26:22.239,0.99394,0.9942,1.37,2.25
2016.07.13 11:26:22.542,0.99398,0.9942,1.00,1.75
2016.07.13 11:26:22.643,0.99399,0.99421,1.00,1.35
2016.07.13 11:26:22.744,0.99399,0.99423,1.12,1.12
2016.07.13 11:26:22.845,0.99399,0.99424,1.75,1.12
2016.07.13 11:26:23.166,0.99399,0.99423,1.00,1.50
2016.07.13 11:26:24.227,0.99399,0.99423,1.00,2.25
2016.07.13 11:26:24.921,0.99399,0.99423,1.00,2.25
2016.07.13 11:26:25.837,0.99397,0.99423,1.50,2.25
2016.07.13 11:26:26.842,0.99397,0.99423,1.75,1.75
2016.07.13 11:26:27.786,0.99397,0.99421,1.50,1.50
2016.07.13 11:26:27.933,0.99397,0.99421,1.00,1.75
2016.07.13 11:26:27.984,0.99395,0.99421,1.12,1.75
2016.07.13 11:26:28.135,0.99395,0.99421,1.50,1.75
2016.07.13 11:26:29.175,0.99395,0.99421,1.37,3.00
2016.07.13 11:26:29.926,0.99395,0.99421,1.12,2.25
2016.07.13 11:26:30.878,0.99395,0.99421,1.50,3.00
2016.07.13 11:26:31.686,0.99395,0.99421,1.12,2.25
2016.07.13 11:26:32.681,0.99395,0.99416,1.50,1.00
2016.07.13 11:26:32.782,0.99395,0.99421,1.75,3.00
2016.07.13 11:26:33.000,0.99394,0.99416,1.00,1.00
2016.07.13 11:26:33.152,0.9939,0.99416,1.37,2.25
2016.07.13 11:26:33.454,0.99389,0.99415,1.00,1.75
2016.07.13 11:26:34.195,0.99389,0.99415,1.50,1.75
2016.07.13 11:26:34.985,0.99389,0.99415,1.12,1.75
2016.07.13 11:26:40.523,0.9939,0.99415,2.85,1.75
2016.07.13 11:26:40.725,0.99403,0.99421,1.00,1.00
2016.07.13 11:26:40.826,0.99403,0.99424,1.00,1.00
2016.07.13 11:26:40.977,0.99403,0.99426,1.00,2.62
2016.07.13 11:26:41.096,0.99401,0.99425,1.00,1.75
2016.07.13 11:26:41.197,0.994,0.99422,1.00,1.37
2016.07.13 11:26:41.399,0.99396,0.9942,1.12,1.75
2016.07.13 11:26:41.500,0.99398,0.99422,1.00,1.75
2016.07.13 11:26:42.013,0.99397,0.99422,1.00,2.25
2016.07.13 11:26:42.424,0.99397,0.99422,1.12,2.25
2016.07.13 11:26:42.947,0.99397,0.99422,1.00,1.75
2016.07.13 11:26:43.051,0.99399,0.99421,1.00,1.50
2016.07.13 11:26:43.353,0.99401,0.99423,1.00,1.75
2016.07.13 11:26:45.782,0.99403,0.99424,1.00,1.75
2016.07.13 11:26:48.774,0.99401,0.99424,1.12,1.75
2016.07.13 11:26:48.825,0.99401,0.99423,1.12,1.00
2016.07.13 11:26:48.926,0.99401,0.99424,1.12,1.75
2016.07.13 11:26:49.495,0.994,0.99422,1.12,1.75
2016.07.13 11:26:50.766,0.99401,0.99423,1.00,1.75
2016.07.13 11:26:51.294,0.994,0.99423,1.00,1.75
2016.07.13 11:26:51.846,0.994,0.99421,1.00,1.00
2016.07.13 11:26:51.977,0.99403,0.99421,1.00,1.00
2016.07.13 11:26:53.581,0.99402,0.99421,1.00,1.00
2016.07.13 11:26:54.147,0.99403,0.99426,1.00,1.75
2016.07.13 11:26:54.687,0.99402,0.99425,1.00,1.75
2016.07.13 11:26:58.777,0.99404,0.99425,1.00,1.75
2016.07.13 11:27:00.476,0.99402,0.99425,1.12,1.75
2016.07.13 11:27:00.577,0.99404,0.99425,1.00,1.75
2016.07.13 11:27:01.176,0.99405,0.99425,1.00,1.75
2016.07.13 11:27:02.978,0.99403,0.99426,1.00,1.75
2016.07.13 11:27:03.525,0.99404,0.99425,1.00,1.75
2016.07.13 11:27:05.326,0.99404,0.99425,1.00,1.37
2016.07.13 11:27:05.377,0.99404,0.99426,1.00,1.12
2016.07.13 11:27:05.427,0.99406,0.99426,1.00,1.12
2016.07.13 11:27:05.682,0.99401,0.99427,1.50,2.25
2016.07.13 11:27:05.783,0.99399,0.99421,1.87,1.00
2016.07.13 11:27:05.884,0.99395,0.99419,1.12,1.75
2016.07.13 11:27:06.188,0.99393,0.99417,1.12,1.75
2016.07.13 11:27:06.506,0.99394,0.99418,1.00,1.50
2016.07.13 11:27:07.987,0.99394,0.99417,1.00,1.00
2016.07.13 11:27:08.088,0.99393,0.99415,1.00,1.00
2016.07.13 11:27:08.538,0.99392,0.99417,1.00,2.25
2016.07.13 11:27:09.120,0.99392,0.99416,1.60,1.75
2016.07.13 11:27:09.423,0.99396,0.99416,1.00,1.50
2016.07.13 11:27:10.007,0.99393,0.99416,1.50,1.00
2016.07.13 11:27:10.058,0.9939,0.99417,1.50,2.62
2016.07.13 11:27:10.108,0.9939,0.99415,1.12,1.75
2016.07.13 11:27:10.323,0.99394,0.99415,1.00,1.75
2016.07.13 11:27:10.844,0.99393,0.99416,1.00,1.75
2016.07.13 11:27:11.313,0.99394,0.99418,1.00,2.25
2016.07.13 11:27:12.262,0.99394,0.99418,1.00,2.25
2016.07.13 11:27:12.448,0.99394,0.99418,1.00,2.25
2016.07.13 11:27:13.081,0.99394,0.99418,1.00,2.25
2016.07.13 11:27:14.107,0.99394,0.99416,2.10,1.00
2016.07.13 11:27:14.460,0.99397,0.9942,1.72,1.75
2016.07.13 11:27:14.961,0.99397,0.99421,1.35,1.75
2016.07.13 11:27:15.343,0.99397,0.99419,1.00,1.00
2016.07.13 11:27:15.495,0.99399,0.99419,1.00,1.00
2016.07.13 11:27:16.604,0.99399,0.99422,1.00,3.75
2016.07.13 11:27:17.105,0.99397,0.99416,1.00,1.00
2016.07.13 11:27:18.904,0.99398,0.99417,1.00,1.00
2016.07.13 11:27:19.156,0.99399,0.99421,1.60,1.75
2016.07.13 11:27:19.257,0.99404,0.99425,1.00,2.62
2016.07.13 11:27:19.308,0.99403,0.99426,1.00,2.25
2016.07.13 11:27:19.435,0.994,0.99425,1.12,1.75
2016.07.13 11:27:19.485,0.994,0.99425,1.00,3.37
2016.07.13 11:27:19.788,0.99402,0.99423,1.00,1.75
2016.07.13 11:27:20.109,0.99404,0.99423,1.00,1.50
2016.07.13 11:27:20.669,0.99403,0.99423,1.00,1.50
2016.07.13 11:27:25.223,0.99404,0.99426,1.00,1.75
2016.07.13 11:27:25.324,0.99406,0.99426,1.00,1.50
2016.07.13 11:27:30.236,0.99404,0.99426,1.00,1.50
2016.07.13 11:27:30.447,0.99406,0.99428,1.00,1.00
2016.07.13 11:27:30.498,0.99406,0.99432,1.37,1.75
2016.07.13 11:27:31.002,0.99406,0.99433,1.75,1.75
2016.07.13 11:27:33.114,0.99405,0.9943,1.50,1.50
2016.07.13 11:27:33.165,0.99405,0.99428,1.50,1.00
2016.07.13 11:27:34.752,0.99405,0.99428,1.87,1.00
2016.07.13 11:27:35.291,0.99405,0.99428,1.50,1.00
2016.07.13 11:27:35.604,0.99405,0.9943,1.12,1.75
2016.07.13 11:27:35.955,0.99408,0.99428,1.00,1.00
2016.07.13 11:27:36.156,0.99405,0.99428,1.50,1.00
2016.07.13 11:27:43.644,0.99405,0.99428,1.87,1.00
2016.07.13 11:27:45.648,0.99405,0.99428,1.50,1.00
2016.07.13 11:27:47.596,0.99405,0.99428,1.87,1.00
2016.07.13 11:27:49.199,0.99405,0.99428,1.00,1.00
2016.07.13 11:27:49.840,0.99406,0.99428,1.00,1.00
2016.07.13 11:27:50.377,0.99403,0.9943,1.12,2.25
2016.07.13 11:27:50.732,0.99403,0.99428,1.00,1.75
2016.07.13 11:27:50.783,0.99401,0.99428,1.12,1.75
2016.07.13 11:27:51.132,0.99402,0.99425,1.00,1.00
2016.07.13 11:27:57.448,0.99401,0.99428,1.50,3.37
2016.07.13 11:27:57.989,0.99401,0.99428,1.75,1.75
2016.07.13 11:27:58.340,0.99404,0.99428,1.00,1.00
2016.07.13 11:27:58.391,0.99404,0.99428,1.50,1.00
2016.07.13 11:28:00.395,0.99407,0.99432,1.37,2.25
2016.07.13 11:28:00.945,0.99404,0.99431,1.75,1.50
2016.07.13 11:28:01.046,0.99404,0.99431,1.75,1.75
2016.07.13 11:28:01.499,0.99406,0.9943,1.00,1.50
2016.07.13 11:28:02.018,0.99406,0.9943,1.50,1.50
2016.07.13 11:28:03.047,0.99409,0.9943,1.00,1.00
2016.07.13 11:28:03.561,0.99409,0.99433,1.00,1.75
2016.07.13 11:28:03.899,0.99409,0.99433,1.00,1.75
2016.07.13 11:28:10.675,0.9941,0.99434,1.00,3.37
2016.07.13 11:28:11.192,0.9941,0.99435,1.00,1.75
2016.07.13 11:28:11.709,0.99408,0.99434,1.50,1.75
2016.07.13 11:28:14.551,0.99408,0.99434,1.75,1.75
2016.07.13 11:28:14.601,0.99408,0.99434,1.75,1.75
2016.07.13 11:28:15.228,0.99411,0.99435,1.37,1.37
2016.07.13 11:28:15.430,0.99411,0.99435,1.00,1.75
2016.07.13 11:28:17.063,0.9941,0.99434,1.12,1.50
2016.07.13 11:28:18.185,0.99411,0.99435,1.00,1.75
2016.07.13 11:28:18.437,0.99418,0.99441,1.00,1.00
2016.07.13 11:28:18.487,0.9942,0.99441,1.00,1.00
2016.07.13 11:28:21.966,0.9942,0.99441,1.12,1.50
2016.07.13 11:28:22.017,0.99418,0.9944,1.00,1.00
2016.07.13 11:28:28.019,0.99416,0.99441,1.75,1.12
2016.07.13 11:28:28.070,0.99416,0.99441,1.37,1.50
2016.07.13 11:28:28.120,0.99416,0.99441,1.12,1.75
2016.07.13 11:28:28.171,0.99416,0.99441,1.12,3.37
2016.07.13 11:28:28.272,0.99411,0.99437,1.37,1.75
2016.07.13 11:28:29.293,0.99412,0.99436,1.50,1.37
2016.07.13 11:28:29.344,0.99412,0.99436,1.75,1.12
2016.07.13 11:28:29.847,0.99415,0.99438,1.00,1.75
2016.07.13 11:28:29.898,0.99411,0.99437,1.12,1.75
2016.07.13 11:28:30.439,0.99412,0.99435,1.00,1.00
2016.07.13 11:28:33.495,0.99412,0.99437,1.12,3.37
2016.07.13 11:28:33.596,0.9941,0.99436,1.50,2.62
2016.07.13 11:28:33.697,0.9941,0.99434,1.50,1.00
2016.07.13 11:28:34.206,0.99411,0.99434,1.00,1.00
2016.07.13 11:28:35.298,0.99412,0.99434,1.00,1.00
2016.07.13 11:28:39.011,0.99413,0.99434,1.00,1.00
2016.07.13 11:28:40.850,0.99414,0.99434,1.00,1.00
2016.07.13 11:28:41.022,0.99412,0.99434,1.00,1.00
2016.07.13 11:28:41.324,0.99412,0.99436,1.00,1.75
2016.07.13 11:28:41.576,0.99411,0.99435,1.37,1.37
2016.07.13 11:28:46.932,0.99408,0.9943,1.75,1.00
2016.07.13 11:28:46.982,0.99407,0.9943,1.75,1.00
2016.07.13 11:28:47.083,0.99406,0.9943,1.75,1.37
2016.07.13 11:28:47.364,0.99411,0.99436,1.12,2.10
2016.07.13 11:28:47.515,0.99411,0.99438,1.87,1.75
2016.07.13 11:28:47.566,0.99412,0.99438,1.75,1.50
2016.07.13 11:28:47.841,0.99415,0.99438,1.37,1.00
2016.07.13 11:28:51.223,0.99416,0.9944,1.50,1.50
2016.07.13 11:28:51.773,0.99416,0.9944,1.75,1.12
2016.07.13 11:28:53.039,0.99417,0.99441,1.00,1.50
2016.07.13 11:28:53.190,0.99416,0.99441,1.50,1.37
2016.07.13 11:28:53.937,0.99416,0.99441,1.50,1.37
2016.07.13 11:28:55.609,0.99415,0.9944,1.00,1.50
2016.07.13 11:28:57.832,0.99414,0.99438,1.00,1.37
2016.07.13 11:28:57.882,0.99412,0.99435,1.50,1.00
2016.07.13 11:28:59.109,0.99412,0.99437,1.50,1.50
2016.07.13 11:28:59.210,0.99413,0.99437,1.12,1.12
2016.07.13 11:28:59.823,0.99413,0.99437,1.37,1.00
2016.07.13 11:29:00.111,0.99413,0.99437,1.50,1.12
2016.07.13 11:29:00.212,0.99414,0.99438,1.37,1.50
2016.07.13 11:29:00.515,0.99413,0.99436,1.50,1.50
2016.07.13 11:29:02.864,0.99412,0.99439,1.87,1.75
2016.07.13 11:29:02.926,0.99412,0.99439,1.87,1.50
2016.07.13 11:29:03.027,0.99412,0.99439,1.75,1.50
2016.07.13 11:29:03.194,0.99414,0.99436,1.00,1.00
2016.07.13 11:29:03.245,0.99414,0.99438,1.00,1.50
2016.07.13 11:29:03.446,0.99414,0.99436,1.00,1.00
2016.07.13 11:29:03.960,0.99414,0.99437,1.00,1.00
2016.07.13 11:29:04.538,0.99414,0.99438,1.00,1.50
2016.07.13 11:29:06.693,0.99414,0.99437,1.00,1.00
2016.07.13 11:29:07.015,0.99405,0.99429,1.37,1.12
2016.07.13 11:29:07.066,0.99405,0.99429,1.12,1.50
2016.07.13 11:29:07.268,0.99405,0.99429,1.00,1.75
2016.07.13 11:29:07.848,0.99405,0.99429,1.12,1.75
2016.07.13 11:29:08.799,0.99405,0.99429,1.12,1.75
2016.07.13 11:29:11.066,0.99406,0.99426,1.00,1.00
2016.07.13 11:29:11.167,0.99406,0.99428,1.00,1.00
2016.07.13 11:29:11.268,0.99404,0.99428,1.50,1.00
2016.07.13 11:29:11.420,0.99404,0.9943,1.12,2.10
2016.07.13 11:29:13.380,0.99403,0.99426,1.50,1.50
2016.07.13 11:29:14.051,0.99404,0.99425,1.00,1.00
2016.07.13 11:29:14.328,0.99403,0.99429,2.25,1.75
2016.07.13 11:29:15.958,0.99406,0.9943,1.00,1.75
2016.07.13 11:29:16.468,0.99408,0.99427,1.00,1.00
2016.07.13 11:29:16.518,0.99408,0.99431,1.00,1.35
2016.07.13 11:29:16.771,0.99406,0.99432,1.12,2.25
2016.07.13 11:29:17.100,0.9941,0.99433,1.00,1.00
2016.07.13 11:29:17.421,0.99411,0.99435,1.50,1.50
2016.07.13 11:29:22.890,0.99411,0.99434,1.00,1.37
2016.07.13 11:29:23.884,0.99408,0.99434,1.37,2.25
2016.07.13 11:29:23.935,0.99408,0.9943,1.00,1.00
2016.07.13 11:29:24.038,0.99408,0.99432,1.50,1.00
2016.07.13 11:29:24.088,0.99408,0.99432,1.50,1.00
2016.07.13 11:29:25.190,0.99409,0.99435,1.37,4.12
2016.07.13 11:29:25.833,0.99409,0.99434,1.00,1.75
2016.07.13 11:29:26.401,0.99408,0.99432,1.12,1.50
2016.07.13 11:29:26.752,0.9941,0.99434,1.00,2.25
2016.07.13 11:29:27.268,0.99409,0.99433,1.00,1.75
2016.07.13 11:29:27.419,0.99404,0.99428,1.75,1.12
2016.07.13 11:29:27.520,0.99404,0.99427,1.00,1.50
2016.07.13 11:29:28.173,0.99407,0.99427,1.00,1.00
2016.07.13 11:29:28.224,0.99407,0.99429,1.00,1.00
2016.07.13 11:29:28.624,0.9941,0.99433,1.00,1.00
2016.07.13 11:29:28.726,0.9941,0.99434,1.75,1.50
2016.07.13 11:29:29.608,0.9941,0.99434,1.50,1.50
2016.07.13 11:29:29.729,0.99408,0.99434,1.12,2.25
2016.07.13 11:29:29.830,0.99408,0.99434,1.00,4.12
2016.07.13 11:29:29.932,0.99408,0.99434,1.12,2.25
2016.07.13 11:29:30.362,0.99409,0.99432,1.00,1.00
2016.07.13 11:29:30.413,0.99411,0.99434,1.00,1.75
2016.07.13 11:29:30.514,0.99411,0.99436,1.12,2.25
2016.07.13 11:29:30.565,0.99411,0.99435,1.50,1.00
2016.07.13 11:29:31.127,0.99408,0.99435,1.50,2.25
2016.07.13 11:29:31.530,0.99408,0.99435,1.75,1.75
2016.07.13 11:29:35.104,0.99408,0.99435,1.50,1.75
2016.07.13 11:29:35.424,0.99412,0.99431,1.00,1.50
2016.07.13 11:29:35.929,0.99412,0.99434,1.00,1.67
2016.07.13 11:29:36.632,0.99412,0.99431,1.00,1.00
2016.07.13 11:29:39.022,0.99411,0.99431,1.00,1.00
2016.07.13 11:29:39.324,0.99411,0.99429,1.00,1.00
2016.07.13 11:29:40.122,0.99409,0.99431,1.00,1.75
2016.07.13 11:29:40.274,0.99409,0.99431,1.12,1.12
2016.07.13 11:29:40.324,0.9941,0.99431,1.37,1.00
2016.07.13 11:29:42.418,0.99409,0.99431,1.37,1.37
2016.07.13 11:29:42.849,0.99409,0.99432,1.00,1.75
2016.07.13 11:29:52.079,0.99405,0.99431,1.12,2.25
2016.07.13 11:29:52.180,0.99408,0.99431,1.12,1.50
2016.07.13 11:29:52.483,0.99412,0.99432,1.00,1.50
2016.07.13 11:29:55.101,0.9941,0.99431,1.50,1.00
2016.07.13 11:29:55.697,0.99409,0.9943,1.00,1.00
2016.07.13 11:29:55.798,0.99409,0.99431,1.00,1.75
2016.07.13 11:29:56.500,0.99409,0.99431,1.00,1.50
2016.07.13 11:29:58.638,0.99409,0.99426,1.00,1.00
2016.07.13 11:29:59.968,0.99409,0.99429,1.00,1.00
2016.07.13 11:30:00.384,0.99404,0.99427,1.00,1.00
2016.07.13 11:30:00.485,0.994,0.99422,1.37,1.00
2016.07.13 11:30:00.536,0.99399,0.99422,1.12,1.00
2016.07.13 11:30:00.688,0.99405,0.99425,1.00,1.00
2016.07.13 11:30:01.021,0.9941,0.99434,1.75,1.50
2016.07.13 11:30:08.520,0.99408,0.99434,1.75,1.75
2016.07.13 11:30:10.726,0.9941,0.99434,1.00,1.50
2016.07.13 11:30:14.207,0.99409,0.99435,1.75,1.37
2016.07.13 11:30:15.611,0.99412,0.99436,1.12,2.25
2016.07.13 11:30:17.494,0.99412,0.99436,1.12,2.62
2016.07.13 11:30:17.796,0.99415,0.99437,1.00,1.75
2016.07.13 11:30:22.153,0.99416,0.99438,1.00,1.75
2016.07.13 11:30:22.254,0.99414,0.99437,1.00,1.75
2016.07.13 11:30:22.355,0.99418,0.99437,1.00,1.75
2016.07.13 11:30:22.456,0.99419,0.99441,1.12,1.37
2016.07.13 11:30:22.824,0.99422,0.99443,1.00,1.75
2016.07.13 11:30:23.029,0.9942,0.99439,1.00,1.00
2016.07.13 11:30:23.306,0.9942,0.99436,1.00,1.00
2016.07.13 11:30:28.778,0.9942,0.99439,1.00,1.00
2016.07.13 11:30:39.183,0.99421,0.99439,1.00,1.00
2016.07.13 11:30:42.729,0.99421,0.99436,1.00,1.00
2016.07.13 11:30:43.897,0.99421,0.99437,1.00,1.00
2016.07.13 11:30:44.599,0.99421,0.99436,1.00,1.00
2016.07.13 11:30:45.643,0.99421,0.99439,1.00,1.00
2016.07.13 11:30:45.951,0.99415,0.99438,1.00,1.00
2016.07.13 11:30:46.052,0.99415,0.99433,1.00,1.35
2016.07.13 11:30:46.204,0.99404,0.9943,1.12,1.75
2016.07.13 11:30:46.254,0.99404,0.99426,1.12,1.75
2016.07.13 11:30:46.563,0.99403,0.99426,1.12,2.85
2016.07.13 11:30:46.765,0.99404,0.9943,1.00,2.25
2016.07.13 11:30:48.252,0.99404,0.99428,1.00,1.75
2016.07.13 11:30:49.552,0.99403,0.99426,1.12,1.75
2016.07.13 11:30:50.854,0.99405,0.99429,1.00,1.75
2016.07.13 11:30:51.970,0.99406,0.99429,1.00,1.75
2016.07.13 11:30:53.057,0.99403,0.99429,1.37,2.25
2016.07.13 11:30:53.158,0.99403,0.99428,1.00,2.62
2016.07.13 11:30:53.561,0.99405,0.99428,1.00,2.62
2016.07.13 11:30:53.738,0.99403,0.99427,1.00,1.75
2016.07.13 11:30:53.789,0.99405,0.99428,1.00,2.62
2016.07.13 11:30:54.310,0.99404,0.99427,1.00,1.75
2016.07.13 11:30:55.602,0.99404,0.99428,1.00,1.75
2016.07.13 11:30:56.356,0.99404,0.99428,1.37,1.50
2016.07.13 11:30:56.406,0.99404,0.99428,1.00,1.50
2016.07.13 11:30:56.457,0.99404,0.99428,1.00,1.75
2016.07.13 11:30:56.759,0.99403,0.99427,1.00,2.25
2016.07.13 11:30:57.067,0.99403,0.99426,1.00,2.62
2016.07.13 11:30:57.382,0.99403,0.99427,1.00,4.12
2016.07.13 11:30:58.213,0.994,0.99426,1.12,1.75
2016.07.13 11:31:01.212,0.99402,0.99425,1.00,1.75
2016.07.13 11:31:01.313,0.99402,0.99425,1.00,1.75
2016.07.13 11:31:09.022,0.99404,0.99427,1.00,1.75
2016.07.13 11:31:09.490,0.99404,0.99428,1.00,1.75
2016.07.13 11:31:10.392,0.99403,0.99427,1.12,1.50
2016.07.13 11:31:10.515,0.99403,0.99427,1.50,1.12
2016.07.13 11:31:10.919,0.99405,0.99429,1.50,1.00
2016.07.13 11:31:11.020,0.99405,0.99431,1.87,1.12
2016.07.13 11:31:13.901,0.99409,0.99433,1.00,2.25
2016.07.13 11:31:16.984,0.9941,0.99434,1.00,2.25
2016.07.13 11:31:24.513,0.99409,0.99433,1.00,2.25
2016.07.13 11:31:24.902,0.99409,0.99428,1.00,1.00
2016.07.13 11:31:26.566,0.99407,0.99428,1.00,1.00
2016.07.13 11:31:33.222,0.99407,0.9943,1.00,1.00
2016.07.13 11:31:35.648,0.99407,0.99433,1.50,1.75
2016.07.13 11:31:41.841,0.99404,0.99431,1.75,2.25
2016.07.13 11:31:42.162,0.99403,0.9943,1.50,1.75
2016.07.13 11:31:46.323,0.99404,0.99431,1.50,1.75
2016.07.13 11:31:47.137,0.99405,0.9943,1.37,1.75
2016.07.13 11:31:47.338,0.99404,0.99427,1.50,1.00
2016.07.13 11:31:49.239,0.99405,0.99427,1.00,1.00
2016.07.13 11:31:57.947,0.99404,0.99427,1.50,1.00
2016.07.13 11:31:58.495,0.99406,0.99427,1.00,1.00
2016.07.13 11:32:00.149,0.99407,0.99427,1.00,1.00
2016.07.13 11:32:00.857,0.99408,0.99427,1.00,1.00
2016.07.13 11:32:04.371,0.99407,0.99429,1.00,1.75
2016.07.13 11:32:04.916,0.99406,0.99426,1.00,1.00
2016.07.13 11:32:07.124,0.99406,0.99428,1.00,1.00
2016.07.13 11:32:07.666,0.99405,0.99427,1.00,1.00
2016.07.13 11:32:09.201,0.99405,0.99425,1.00,1.00
2016.07.13 11:32:10.302,0.99405,0.99429,1.12,2.25
2016.07.13 11:32:11.487,0.99405,0.99431,1.50,2.25
2016.07.13 11:32:11.538,0.99405,0.99431,1.75,2.25
2016.07.13 11:32:11.639,0.99405,0.99431,1.75,1.12
2016.07.13 11:32:15.738,0.99405,0.99431,1.50,2.25
2016.07.13 11:32:20.589,0.99407,0.99432,1.75,1.75
2016.07.13 11:32:20.892,0.99407,0.99432,1.00,1.75
2016.07.13 11:32:23.200,0.99408,0.99433,1.00,1.75
2016.07.13 11:32:23.758,0.99407,0.99432,1.00,1.12
2016.07.13 11:32:24.103,0.99406,0.9943,1.00,3.37
2016.07.13 11:32:26.804,0.99407,0.9943,1.00,3.37
2016.07.13 11:32:29.177,0.99405,0.9943,1.00,3.37
2016.07.13 11:32:31.119,0.99406,0.9943,1.00,3.37
2016.07.13 11:32:31.287,0.99406,0.99429,1.00,1.00
2016.07.13 11:32:31.543,0.99407,0.99431,1.00,1.75
2016.07.13 11:32:31.644,0.99409,0.99429,1.00,1.00
2016.07.13 11:32:32.205,0.99408,0.99429,1.00,1.00
2016.07.13 11:32:32.691,0.99406,0.99428,1.00,1.00
2016.07.13 11:32:32.792,0.99406,0.99425,1.00,1.35
2016.07.13 11:32:32.843,0.99401,0.99425,1.12,1.75
2016.07.13 11:32:32.944,0.99399,0.99421,1.00,1.75
2016.07.13 11:32:33.045,0.99399,0.99425,1.12,2.25
2016.07.13 11:32:33.765,0.99399,0.99421,1.00,1.75
2016.07.13 11:32:34.073,0.994,0.99424,1.00,2.25
2016.07.13 11:32:37.425,0.99399,0.99423,1.12,2.25
2016.07.13 11:32:37.476,0.99399,0.99423,1.00,1.75
2016.07.13 11:32:37.577,0.99399,0.99423,1.12,1.75
2016.07.13 11:32:37.678,0.99397,0.9942,1.00,1.00
2016.07.13 11:32:39.417,0.99396,0.99419,1.00,1.00
2016.07.13 11:32:39.468,0.99395,0.99419,1.00,1.75
2016.07.13 11:32:39.836,0.99392,0.99415,1.00,1.00
2016.07.13 11:32:39.988,0.99394,0.99415,1.00,1.00
2016.07.13 11:32:40.140,0.99399,0.99423,1.00,1.75
2016.07.13 11:32:40.543,0.99396,0.9942,1.50,1.00
2016.07.13 11:32:44.343,0.99397,0.9942,1.00,1.00
2016.07.13 11:32:46.341,0.99396,0.99416,1.00,1.00
2016.07.13 11:32:46.594,0.99389,0.99415,1.37,1.75
2016.07.13 11:32:46.644,0.99389,0.99415,1.37,3.37
2016.07.13 11:32:47.148,0.99389,0.99412,1.00,1.75
2016.07.13 11:32:47.400,0.99386,0.99412,1.50,2.25
2016.07.13 11:32:47.553,0.99386,0.99412,1.75,2.25
2016.07.13 11:32:49.468,0.99387,0.99412,1.12,1.75
2016.07.13 11:32:49.771,0.99391,0.99415,1.00,1.75
2016.07.13 11:32:50.503,0.99391,0.99414,1.00,1.00
2016.07.13 11:32:52.976,0.99391,0.99416,1.00,2.25
2016.07.13 11:32:53.560,0.9939,0.99416,1.12,2.25
2016.07.13 11:32:55.013,0.9939,0.99415,1.12,1.50
2016.07.13 11:32:55.562,0.99391,0.99415,1.00,2.25
2016.07.13 11:32:55.902,0.99392,0.99415,1.37,2.25
2016.07.13 11:32:56.305,0.99391,0.99415,1.00,1.75
2016.07.13 11:32:57.022,0.99391,0.99416,1.50,1.75
2016.07.13 11:32:57.123,0.9939,0.99416,1.75,1.37
2016.07.13 11:32:57.224,0.99391,0.99415,1.00,1.00
2016.07.13 11:33:00.206,0.9939,0.99417,1.75,1.50
2016.07.13 11:33:00.420,0.99391,0.99415,1.00,1.00
2016.07.13 11:33:00.523,0.9939,0.99417,1.37,4.87
2016.07.13 11:33:01.822,0.9939,0.99416,1.50,3.00
2016.07.13 11:33:06.448,0.99389,0.99416,1.50,2.25
2016.07.13 11:33:06.952,0.99391,0.99416,1.00,2.25
2016.07.13 11:33:13.732,0.99393,0.99416,1.00,2.25
2016.07.13 11:33:14.363,0.99392,0.99417,1.12,2.25
2016.07.13 11:33:14.414,0.99392,0.99416,1.12,2.25
2016.07.13 11:33:16.741,0.99391,0.99416,1.12,2.62
2016.07.13 11:33:17.176,0.99393,0.99416,1.00,3.37
2016.07.13 11:33:18.844,0.99388,0.99414,1.37,1.75
2016.07.13 11:33:18.945,0.99387,0.99411,1.50,1.37
2016.07.13 11:33:19.046,0.99387,0.99411,1.12,1.75
2016.07.13 11:33:19.360,0.99387,0.99411,1.12,1.50
2016.07.13 11:33:19.894,0.99387,0.99411,1.50,1.50
2016.07.13 11:33:25.389,0.99387,0.9941,1.00,1.00
2016.07.13 11:33:25.551,0.99389,0.99411,1.00,1.00
2016.07.13 11:33:25.753,0.99391,0.99414,1.00,1.00
2016.07.13 11:33:25.904,0.99389,0.99415,1.75,1.75
2016.07.13 11:33:26.422,0.99388,0.99412,1.75,1.12
2016.07.13 11:33:26.725,0.9939,0.99414,1.50,1.12
2016.07.13 11:33:27.872,0.9939,0.99415,2.25,1.12
2016.07.13 11:33:28.024,0.99391,0.99419,4.12,1.37
2016.07.13 11:33:28.075,0.99394,0.99419,1.00,1.37
2016.07.13 11:33:28.176,0.9939,0.99414,2.25,1.12
2016.07.13 11:33:28.227,0.9939,0.99414,1.50,1.50
2016.07.13 11:33:28.378,0.99389,0.99413,1.37,1.37
2016.07.13 11:33:28.926,0.99389,0.99413,1.00,1.75
2016.07.13 11:33:29.128,0.9939,0.99414,1.00,1.00
2016.07.13 11:33:29.178,0.99392,0.99414,1.00,1.00
2016.07.13 11:33:29.649,0.9939,0.99411,1.00,1.00
2016.07.13 11:33:29.801,0.99387,0.99411,2.25,1.12
2016.07.13 11:33:30.200,0.99386,0.99411,1.75,1.00
2016.07.13 11:33:31.424,0.99388,0.99413,1.50,1.12
2016.07.13 11:33:31.550,0.99389,0.99414,1.50,1.37
2016.07.13 11:33:31.701,0.99389,0.99413,1.37,1.00
2016.07.13 11:33:33.513,0.99387,0.99413,2.25,1.37
2016.07.13 11:33:34.061,0.99389,0.99412,1.00,1.00
2016.07.13 11:33:45.915,0.99387,0.99413,2.25,1.75
2016.07.13 11:33:46.653,0.9939,0.99414,1.00,1.75
2016.07.13 11:33:47.453,0.99389,0.99413,1.00,1.75
2016.07.13 11:33:47.857,0.99388,0.99412,1.00,1.75
2016.07.13 11:33:48.456,0.99389,0.99413,1.00,1.75
2016.07.13 11:33:49.169,0.99389,0.99413,1.12,1.50
2016.07.13 11:33:49.708,0.99389,0.9941,1.00,1.00
2016.07.13 11:33:50.523,0.99388,0.9941,1.00,1.00
2016.07.13 11:33:50.574,0.99388,0.99412,1.50,1.00
2016.07.13 11:33:50.841,0.99387,0.99411,1.75,1.37
2016.07.13 11:33:50.942,0.99387,0.99411,1.12,1.37
2016.07.13 11:33:51.144,0.99384,0.9941,1.75,1.00
2016.07.13 11:33:51.716,0.99386,0.99412,2.25,1.75
2016.07.13 11:33:52.276,0.99386,0.99412,1.75,1.37
2016.07.13 11:33:52.737,0.99387,0.99412,1.00,1.37
2016.07.13 11:33:53.905,0.99387,0.99411,1.75,1.00
2016.07.13 11:33:54.225,0.99389,0.99413,1.75,1.12
2016.07.13 11:33:55.469,0.9939,0.99414,1.50,1.50
2016.07.13 11:33:55.975,0.99389,0.99413,1.50,1.50
2016.07.13 11:33:57.981,0.99389,0.99413,1.50,1.50
2016.07.13 11:33:58.224,0.99381,0.99404,1.00,1.50
2016.07.13 11:33:58.477,0.99381,0.99407,1.50,1.75
2016.07.13 11:33:58.528,0.99381,0.99407,1.75,1.50
2016.07.13 11:33:58.780,0.99383,0.99407,1.50,1.50
2016.07.13 11:34:03.586,0.99387,0.99411,1.00,1.75
2016.07.13 11:34:04.118,0.99388,0.99412,1.00,2.25
2016.07.13 11:34:06.800,0.99388,0.99412,1.50,1.75
2016.07.13 11:34:07.460,0.9939,0.99413,1.00,1.75
2016.07.13 11:34:07.667,0.9939,0.99414,1.75,1.12
2016.07.13 11:34:08.242,0.99389,0.99413,1.75,1.00
2016.07.13 11:34:08.596,0.99389,0.99413,1.00,1.75
2016.07.13 11:34:09.158,0.99389,0.99413,1.50,1.75
2016.07.13 11:34:18.398,0.99391,0.99414,1.00,1.75
2016.07.13 11:34:18.903,0.99388,0.9941,1.00,1.00
2016.07.13 11:34:19.034,0.99389,0.99412,1.00,1.50
2016.07.13 11:34:19.191,0.99387,0.99411,1.00,1.60
2016.07.13 11:34:19.696,0.99387,0.99409,1.12,1.67
2016.07.13 11:34:20.039,0.99389,0.99411,1.00,1.67
2016.07.13 11:34:20.342,0.99387,0.99411,1.50,2.10
2016.07.13 11:34:20.644,0.99387,0.99411,1.75,1.72
2016.07.13 11:34:20.980,0.9939,0.99414,1.37,1.97
2016.07.13 11:34:21.232,0.99389,0.99413,1.00,1.75
2016.07.13 11:34:21.965,0.99388,0.99412,1.12,1.50
2016.07.13 11:34:22.514,0.99386,0.99409,1.00,1.00
2016.07.13 11:34:23.725,0.99385,0.99411,1.12,1.75
2016.07.13 11:34:26.630,0.99385,0.99409,1.37,2.10
2016.07.13 11:34:26.988,0.99384,0.99408,1.50,1.12
2016.07.13 11:34:28.441,0.99384,0.99408,1.12,1.37
2016.07.13 11:34:29.242,0.99384,0.9941,1.50,1.50
2016.07.13 11:34:29.394,0.99383,0.99407,1.50,1.12
2016.07.13 11:34:29.744,0.99385,0.99408,1.75,1.00
2016.07.13 11:34:29.997,0.99383,0.9941,1.12,1.75
2016.07.13 11:34:30.249,0.99382,0.99409,1.50,1.75
2016.07.13 11:34:32.249,0.99382,0.99407,1.75,1.37
2016.07.13 11:34:32.300,0.99383,0.99406,1.00,1.00
2016.07.13 11:34:33.277,0.99383,0.99405,1.00,1.00
2016.07.13 11:34:33.753,0.9938,0.99405,4.12,1.00
2016.07.13 11:34:34.273,0.99381,0.99406,1.75,1.00
2016.07.13 11:34:35.155,0.9938,0.99406,1.75,1.12
2016.07.13 11:34:35.205,0.99382,0.99406,1.00,1.50
2016.07.13 11:34:36.523,0.99382,0.99405,1.00,1.00
2016.07.13 11:34:37.089,0.99382,0.99406,1.00,1.00
2016.07.13 11:34:37.791,0.99382,0.99405,1.00,1.00
2016.07.13 11:34:37.842,0.99381,0.99405,1.75,1.00
2016.07.13 11:34:38.363,0.99382,0.99408,2.25,1.75
2016.07.13 11:34:38.593,0.99383,0.99407,1.75,1.12
2016.07.13 11:34:39.284,0.99384,0.9941,1.50,1.75
2016.07.13 11:34:39.788,0.99384,0.99408,1.75,1.50
2016.07.13 11:34:40.292,0.99383,0.99408,1.75,1.12
2016.07.13 11:34:41.303,0.99384,0.99409,1.75,1.12
2016.07.13 11:34:41.677,0.99384,0.99409,1.12,1.75
2016.07.13 11:34:42.284,0.99385,0.99409,1.00,1.75
2016.07.13 11:34:42.817,0.99382,0.99406,1.75,1.00
2016.07.13 11:34:43.259,0.99383,0.99407,1.12,1.37
2016.07.13 11:34:43.882,0.99384,0.99405,1.00,1.50
2016.07.13 11:34:44.034,0.99381,0.99407,1.75,1.12
2016.07.13 11:34:44.135,0.99386,0.99409,1.00,1.50
2016.07.13 11:34:45.374,0.99386,0.9941,1.12,1.75
2016.07.13 11:34:45.660,0.99384,0.99408,1.50,1.00
2016.07.13 11:34:46.076,0.99384,0.99408,1.50,1.00
2016.07.13 11:34:51.808,0.99384,0.99408,1.37,1.87
2016.07.13 11:34:51.858,0.99382,0.99406,1.00,1.50
2016.07.13 11:34:52.552,0.9938,0.99406,1.50,1.50
2016.07.13 11:34:53.233,0.99382,0.99406,1.00,1.50
2016.07.13 11:34:53.785,0.99382,0.99406,1.37,1.50
2016.07.13 11:34:54.109,0.99384,0.99408,1.37,1.37
2016.07.13 11:34:54.311,0.99383,0.99407,1.50,1.00
2016.07.13 11:34:54.623,0.99381,0.99408,1.75,1.12
2016.07.13 11:34:55.235,0.99384,0.99408,1.00,1.50
2016.07.13 11:34:55.994,0.99384,0.99408,1.50,1.50
2016.07.13 11:34:56.993,0.99384,0.99408,1.50,1.37
2016.07.13 11:34:57.044,0.99383,0.99407,1.50,1.12
2016.07.13 11:34:57.145,0.99386,0.9941,1.00,1.50
2016.07.13 11:34:57.704,0.99385,0.99409,1.75,1.00
2016.07.13 11:34:58.396,0.99385,0.99409,1.37,1.37
2016.07.13 11:34:59.141,0.99385,0.99411,1.75,1.37
2016.07.13 11:35:02.919,0.99388,0.99413,1.37,1.75
2016.07.13 11:35:03.070,0.99388,0.99412,1.12,1.50
2016.07.13 11:35:03.524,0.99386,0.99412,1.50,1.50
2016.07.13 11:35:05.476,0.99383,0.99406,1.75,1.00
2016.07.13 11:35:05.577,0.99382,0.99406,1.50,1.12
2016.07.13 11:35:05.628,0.99382,0.99406,1.50,1.37
2016.07.13 11:35:06.132,0.99381,0.99405,1.37,1.00
2016.07.13 11:35:06.182,0.99381,0.99407,1.75,1.12
2016.07.13 11:35:06.233,0.99381,0.99407,3.37,1.00
2016.07.13 11:35:06.787,0.99384,0.9941,1.75,1.75
2016.07.13 11:35:07.784,0.99383,0.99407,2.25,1.00
2016.07.13 11:35:08.265,0.99382,0.99406,1.50,1.00
2016.07.13 11:35:09.651,0.99382,0.99406,1.50,1.50
2016.07.13 11:35:10.954,0.99382,0.99406,1.37,1.37
2016.07.13 11:35:11.005,0.99382,0.99406,1.75,1.00
2016.07.13 11:35:11.530,0.99383,0.99407,1.50,1.00
2016.07.13 11:35:12.175,0.99382,0.99403,1.00,1.75
2016.07.13 11:35:12.276,0.99377,0.99401,1.75,1.50
2016.07.13 11:35:12.377,0.99377,0.99399,1.00,1.00
2016.07.13 11:35:12.578,0.99379,0.99403,1.00,1.75
2016.07.13 11:35:12.679,0.99381,0.99404,1.00,1.00
2016.07.13 11:35:13.243,0.9938,0.99404,1.00,1.50
2016.07.13 11:35:13.833,0.9938,0.99403,1.00,1.00
2016.07.13 11:35:13.883,0.99379,0.99403,1.75,1.00
2016.07.13 11:35:14.314,0.99379,0.99403,1.12,1.12
2016.07.13 11:35:14.818,0.99381,0.99405,1.00,1.75
2016.07.13 11:35:15.145,0.99381,0.99405,1.00,1.75
2016.07.13 11:35:17.691,0.99381,0.99405,1.00,2.25
2016.07.13 11:35:19.000,0.9938,0.99404,1.00,2.25
2016.07.13 11:35:19.604,0.99378,0.99404,1.50,2.85
2016.07.13 11:35:19.700,0.99378,0.99401,1.37,1.37
2016.07.13 11:35:19.751,0.99377,0.99401,1.00,2.25
2016.07.13 11:35:20.003,0.99378,0.99399,1.50,1.00
2016.07.13 11:35:20.306,0.99379,0.99402,1.00,1.50
2016.07.13 11:35:21.272,0.99381,0.99402,1.00,1.00
2016.07.13 11:35:21.575,0.99381,0.99407,1.37,1.75
2016.07.13 11:35:22.139,0.99382,0.99408,1.50,1.37
2016.07.13 11:35:22.191,0.99386,0.9941,1.12,1.75
2016.07.13 11:35:22.342,0.99387,0.99411,1.37,1.37
2016.07.13 11:35:22.393,0.99387,0.99411,1.75,1.12
2016.07.13 11:35:22.796,0.99386,0.99412,1.50,1.50
2016.07.13 11:35:22.897,0.99389,0.99413,1.12,1.72
2016.07.13 11:35:23.221,0.99387,0.99413,1.75,2.10
2016.07.13 11:35:23.523,0.99386,0.9941,1.37,1.50
2016.07.13 11:35:23.893,0.99385,0.99411,1.00,1.75
2016.07.13 11:35:24.315,0.99385,0.99411,1.50,1.50
2016.07.13 11:35:24.865,0.99385,0.99411,1.75,1.50
2016.07.13 11:35:25.367,0.99385,0.99411,1.75,1.50
2016.07.13 11:35:25.517,0.99385,0.99411,1.75,2.10
2016.07.13 11:35:25.719,0.99382,0.99407,2.25,1.67
2016.07.13 11:35:25.820,0.99382,0.99407,1.50,1.35
2016.07.13 11:35:26.217,0.99383,0.99409,1.75,1.50
2016.07.13 11:35:26.726,0.99387,0.99411,1.12,1.75
2016.07.13 11:35:26.827,0.99388,0.99414,1.50,1.75
2016.07.13 11:35:27.906,0.99385,0.99406,1.75,1.00
2016.07.13 11:35:28.057,0.9938,0.99406,2.25,1.75
2016.07.13 11:35:28.280,0.9938,0.99406,1.75,1.87
2016.07.13 11:35:28.331,0.9938,0.99406,1.00,4.12
2016.07.13 11:35:28.382,0.99382,0.99406,1.00,4.12
2016.07.13 11:35:28.433,0.99382,0.99406,1.00,2.25
2016.07.13 11:35:28.825,0.99383,0.99407,1.37,1.37
2016.07.13 11:35:31.728,0.99384,0.99408,1.50,1.12
2016.07.13 11:35:34.591,0.99386,0.99411,1.00,1.75
2016.07.13 11:35:34.695,0.99386,0.9941,1.37,1.37
2016.07.13 11:35:34.750,0.99386,0.9941,1.75,1.00
2016.07.13 11:35:34.851,0.99384,0.99409,1.75,1.12
2016.07.13 11:35:34.952,0.99383,0.99409,1.75,1.75
2016.07.13 11:35:35.859,0.99385,0.99409,1.75,1.50
2016.07.13 11:35:36.162,0.99385,0.99409,1.00,1.75
2016.07.13 11:35:37.025,0.99383,0.99406,1.37,1.12
2016.07.13 11:35:37.566,0.99384,0.99408,1.50,1.12
2016.07.13 11:35:37.869,0.99388,0.99412,1.12,1.50
2016.07.13 11:35:38.430,0.99388,0.99412,1.12,1.75
2016.07.13 11:35:38.938,0.99388,0.99412,1.00,1.75
2016.07.13 11:35:39.584,0.99386,0.99411,1.50,1.75
2016.07.13 11:35:40.469,0.99386,0.9941,1.75,1.12
2016.07.13 11:35:40.570,0.99385,0.99408,1.00,1.00
2016.07.13 11:35:43.741,0.99383,0.99409,2.25,1.37
2016.07.13 11:35:43.792,0.99387,0.9941,1.00,1.00
2016.07.13 11:35:44.349,0.99387,0.99411,1.50,1.00
2016.07.13 11:35:44.766,0.99386,0.9941,1.12,1.75
2016.07.13 11:35:45.666,0.99386,0.99409,1.50,1.00
2016.07.13 11:35:50.165,0.99386,0.9941,1.12,1.75
2016.07.13 11:35:50.266,0.99384,0.99408,1.50,1.00
2016.07.13 11:35:50.467,0.99383,0.99408,1.75,1.12
2016.07.13 11:35:51.004,0.99383,0.99407,1.75,1.12
2016.07.13 11:35:52.197,0.99384,0.99408,1.75,1.12
2016.07.13 11:35:52.700,0.99383,0.99409,1.37,1.75
2016.07.13 11:35:52.802,0.99385,0.99409,1.37,1.50
2016.07.13 11:35:56.816,0.99386,0.99408,1.00,1.00
2016.07.13 11:35:57.640,0.99386,0.99409,1.00,1.00
2016.07.13 11:36:01.545,0.99386,0.99407,1.00,1.00
2016.07.13 11:36:02.131,0.99386,0.9941,1.00,1.50
2016.07.13 11:36:03.029,0.99385,0.9941,1.75,1.12
2016.07.13 11:36:05.987,0.99388,0.99413,1.75,1.87
2016.07.13 11:36:06.038,0.99388,0.99413,1.75,1.50
2016.07.13 11:36:06.139,0.99389,0.99413,1.12,1.75
2016.07.13 11:36:06.353,0.99386,0.9941,1.50,1.00
2016.07.13 11:36:06.505,0.99386,0.99412,1.12,1.75
2016.07.13 11:36:07.190,0.99387,0.9941,1.00,1.75
2016.07.13 11:36:07.625,0.99387,0.9941,1.12,1.37
2016.07.13 11:36:08.192,0.99388,0.99412,1.00,1.75
2016.07.13 11:36:10.097,0.99387,0.9941,1.12,1.37
2016.07.13 11:36:10.938,0.99387,0.99412,1.00,1.75
2016.07.13 11:36:11.500,0.99386,0.99411,1.00,1.75
2016.07.13 11:36:12.055,0.99386,0.99409,1.37,1.00
2016.07.13 11:36:15.964,0.99386,0.99412,1.50,1.50
2016.07.13 11:36:16.015,0.99388,0.99412,1.00,1.50
2016.07.13 11:36:16.363,0.99388,0.99413,1.00,1.75
2016.07.13 11:36:16.915,0.99389,0.99413,1.00,1.75
2016.07.13 11:36:17.445,0.99388,0.99412,1.12,1.75
2016.07.13 11:36:18.695,0.99389,0.99413,1.00,1.75
2016.07.13 11:36:20.718,0.99388,0.99412,1.12,1.75
2016.07.13 11:36:20.972,0.99387,0.99412,1.75,1.12
2016.07.13 11:36:22.887,0.99387,0.99412,1.75,1.37
2016.07.13 11:36:24.594,0.99387,0.99412,1.50,1.75
2016.07.13 11:36:24.846,0.99389,0.99412,1.00,1.00
2016.07.13 11:36:25.797,0.99385,0.9941,1.75,1.37
2016.07.13 11:36:25.847,0.99385,0.9941,1.75,1.50
2016.07.13 11:36:25.898,0.99386,0.9941,1.00,1.50
2016.07.13 11:36:26.049,0.99386,0.99412,1.50,2.25
2016.07.13 11:36:28.715,0.99386,0.9941,1.12,1.50
2016.07.13 11:36:29.257,0.99385,0.99409,1.12,1.75
2016.07.13 11:36:31.894,0.99384,0.9941,1.50,1.75
2016.07.13 11:36:31.945,0.99384,0.9941,1.75,1.50
2016.07.13 11:36:34.132,0.99386,0.99411,1.75,1.12
2016.07.13 11:36:36.132,0.99384,0.99411,2.25,1.50
2016.07.13 11:36:40.642,0.99385,0.99408,1.00,1.00
2016.07.13 11:36:41.143,0.99385,0.99411,1.75,1.50
2016.07.13 11:36:42.925,0.99385,0.99409,1.75,1.00
2016.07.13 11:36:43.227,0.99385,0.99409,1.50,1.50
2016.07.13 11:36:43.626,0.99383,0.99409,2.25,1.50
2016.07.13 11:36:44.200,0.99383,0.99409,2.25,1.12
2016.07.13 11:36:45.004,0.99383,0.99408,2.25,1.00
2016.07.13 11:36:45.115,0.99385,0.99408,1.00,1.37
2016.07.13 11:36:45.267,0.99383,0.99409,2.25,1.12
2016.07.13 11:36:45.318,0.99384,0.99409,1.35,1.00
2016.07.13 11:36:45.469,0.99386,0.99412,2.62,1.00
2016.07.13 11:36:45.822,0.99386,0.99411,1.50,1.37
2016.07.13 11:36:45.873,0.99386,0.99411,1.12,1.50
2016.07.13 11:36:46.016,0.99383,0.99408,2.25,1.37
2016.07.13 11:36:46.469,0.99386,0.99411,2.25,1.37
2016.07.13 11:36:46.520,0.99386,0.99411,1.75,1.50
2016.07.13 11:36:51.558,0.99385,0.99411,2.25,1.50
2016.07.13 11:36:51.760,0.99388,0.99413,1.75,1.37
2016.07.13 11:36:51.862,0.99388,0.99414,2.25,1.00
2016.07.13 11:36:52.411,0.99388,0.99415,2.25,1.50
2016.07.13 11:36:56.400,0.99388,0.99413,2.25,1.12
2016.07.13 11:36:56.551,0.99387,0.99411,2.62,1.00
2016.07.13 11:36:56.652,0.99386,0.99411,1.75,1.12
2016.07.13 11:36:57.452,0.99385,0.9941,1.75,1.00
2016.07.13 11:36:57.553,0.99384,0.99409,1.75,1.50
2016.07.13 11:36:58.346,0.99384,0.99409,1.75,1.00
2016.07.13 11:36:59.138,0.99384,0.99408,1.75,1.00
2016.07.13 11:36:59.642,0.99383,0.9941,1.75,1.00
2016.07.13 11:37:00.241,0.99384,0.99409,1.75,1.00
2016.07.13 11:37:02.430,0.99386,0.9941,1.50,1.00
2016.07.13 11:37:03.037,0.99387,0.99413,1.12,1.75
2016.07.13 11:37:03.138,0.99391,0.99415,1.00,2.25
2016.07.13 11:37:03.447,0.99394,0.99416,1.00,1.37
2016.07.13 11:37:03.498,0.99394,0.99418,1.50,1.37
2016.07.13 11:37:03.599,0.99394,0.99418,1.75,1.12
2016.07.13 11:37:07.061,0.9939,0.99415,2.62,1.00
2016.07.13 11:37:07.112,0.99391,0.99415,1.00,1.50
2016.07.13 11:37:07.163,0.99391,0.99411,1.00,1.00
2016.07.13 11:37:07.314,0.99386,0.99408,1.00,1.00
2016.07.13 11:37:07.474,0.99388,0.99408,1.00,1.00
2016.07.13 11:37:08.060,0.99386,0.99408,1.00,1.00
2016.07.13 11:37:09.413,0.99386,0.99412,1.50,1.75
2016.07.13 11:37:09.514,0.99386,0.99412,1.75,1.12
2016.07.13 11:37:09.666,0.99386,0.9941,1.75,1.00
2016.07.13 11:37:09.832,0.99386,0.99412,1.75,1.12
2016.07.13 11:37:10.277,0.99388,0.99412,1.00,1.37
2016.07.13 11:37:10.478,0.99386,0.9941,1.50,1.00
2016.07.13 11:37:16.640,0.99387,0.9941,1.00,1.00
2016.07.13 11:37:20.374,0.99386,0.9941,1.00,1.00
2016.07.13 11:37:20.476,0.9939,0.9941,1.00,1.00
2016.07.13 11:37:20.628,0.9939,0.99414,1.00,1.50
2016.07.13 11:37:20.829,0.99389,0.99412,1.50,1.00
2016.07.13 11:37:21.147,0.99392,0.99412,1.00,1.00
2016.07.13 11:37:21.450,0.99394,0.99417,1.00,1.75
2016.07.13 11:37:22.303,0.9939,0.99415,1.75,1.37
2016.07.13 11:37:22.354,0.9939,0.99415,1.37,1.50
2016.07.13 11:37:26.056,0.99392,0.99416,1.00,1.00
2016.07.13 11:37:31.168,0.99393,0.99416,1.00,1.00
2016.07.13 11:37:31.919,0.99394,0.99417,1.00,1.00
2016.07.13 11:37:35.646,0.99392,0.99417,1.12,1.50
2016.07.13 11:37:38.881,0.9939,0.99415,1.75,1.00
2016.07.13 11:37:38.982,0.99389,0.99415,1.50,1.50
2016.07.13 11:37:39.300,0.99385,0.99411,1.12,2.25
2016.07.13 11:37:40.307,0.99386,0.99411,1.00,2.25
2016.07.13 11:37:41.044,0.99385,0.99411,1.12,2.25
2016.07.13 11:37:42.686,0.99384,0.99411,1.75,2.25
2016.07.13 11:37:43.690,0.99388,0.99411,1.00,1.50
2016.07.13 11:37:44.391,0.99385,0.99411,2.25,1.50
2016.07.13 11:37:58.208,0.99383,0.99409,1.75,1.00
2016.07.13 11:37:58.413,0.99385,0.99409,1.00,1.75
2016.07.13 11:37:58.731,0.99387,0.99411,1.50,1.00
2016.07.13 11:37:58.833,0.99388,0.99413,1.72,1.75
2016.07.13 11:37:58.984,0.99391,0.99418,1.87,1.75
2016.07.13 11:37:59.237,0.9939,0.99416,3.00,1.37
2016.07.13 11:37:59.287,0.9939,0.99416,1.12,1.75
2016.07.13 11:37:59.513,0.99389,0.99413,1.12,1.75
2016.07.13 11:38:00.169,0.99386,0.99412,1.50,1.50
2016.07.13 11:38:00.219,0.99385,0.99409,1.50,1.12
2016.07.13 11:38:00.270,0.99385,0.99409,1.12,1.37
2016.07.13 11:38:00.812,0.99384,0.9941,1.75,1.50
2016.07.13 11:38:00.963,0.99384,0.9941,1.75,1.50
2016.07.13 11:38:03.505,0.99385,0.99411,1.37,2.25
2016.07.13 11:38:03.656,0.99382,0.99408,1.50,1.75
2016.07.13 11:38:04.192,0.99382,0.99405,1.50,1.00
2016.07.13 11:38:04.323,0.99384,0.99405,1.00,1.00
2016.07.13 11:38:04.626,0.99389,0.99414,1.50,1.50
2016.07.13 11:38:04.677,0.99389,0.99414,1.12,1.50
2016.07.13 11:38:05.546,0.9939,0.99413,1.37,1.00
2016.07.13 11:38:06.867,0.99386,0.99413,1.75,1.37
2016.07.13 11:38:06.968,0.99386,0.99413,1.12,2.25
2016.07.13 11:38:07.422,0.9939,0.99414,1.00,3.37
2016.07.13 11:38:07.675,0.99393,0.99418,1.12,1.75
2016.07.13 11:38:07.896,0.99392,0.99415,1.75,1.00
2016.07.13 11:38:07.998,0.99393,0.99415,1.00,1.00
2016.07.13 11:38:08.641,0.99393,0.99416,1.00,1.00
2016.07.13 11:38:12.099,0.99392,0.99416,1.00,1.00
2016.07.13 11:38:12.603,0.99391,0.99416,1.50,1.37
2016.07.13 11:38:12.866,0.99391,0.99415,1.00,1.37
2016.07.13 11:38:13.068,0.99387,0.9941,1.00,1.00
2016.07.13 11:38:13.119,0.99387,0.9941,1.60,1.00
2016.07.13 11:38:13.270,0.99393,0.99418,1.37,1.37
2016.07.13 11:38:13.321,0.99396,0.99419,1.00,1.00
2016.07.13 11:38:13.495,0.99397,0.99423,2.25,1.87
2016.07.13 11:38:13.797,0.99394,0.99421,2.85,1.75
2016.07.13 11:38:14.206,0.99395,0.9942,1.00,1.12
2016.07.13 11:38:14.307,0.99395,0.99422,1.37,2.25
2016.07.13 11:38:14.638,0.99393,0.99419,1.75,1.75
2016.07.13 11:38:14.739,0.99393,0.99416,1.50,1.00
2016.07.13 11:38:19.667,0.99394,0.99416,1.00,1.00
2016.07.13 11:38:20.389,0.99394,0.99419,1.37,1.50
2016.07.13 11:38:20.440,0.99394,0.99419,1.75,1.87
2016.07.13 11:38:20.490,0.99394,0.99419,1.75,1.87
2016.07.13 11:38:20.863,0.99397,0.99421,1.00,1.12
2016.07.13 11:38:20.914,0.99394,0.99422,1.75,1.50
2016.07.13 11:38:21.166,0.99397,0.99421,1.50,1.00
2016.07.13 11:38:21.420,0.99396,0.99421,1.75,1.00
2016.07.13 11:38:21.941,0.99395,0.9942,1.75,1.00
2016.07.13 11:38:22.042,0.99393,0.99418,1.75,1.00
2016.07.13 11:38:22.447,0.99393,0.99417,1.50,1.00
2016.07.13 11:38:23.031,0.99393,0.99418,1.75,1.12
2016.07.13 11:38:23.133,0.99396,0.99423,1.75,1.75
2016.07.13 11:38:23.184,0.994,0.99425,1.00,2.25
2016.07.13 11:38:23.286,0.99404,0.99427,1.00,1.00
2016.07.13 11:38:23.437,0.99406,0.99427,1.00,1.00
2016.07.13 11:38:23.538,0.99404,0.99427,1.00,1.87
2016.07.13 11:38:23.589,0.99401,0.99427,1.75,1.87
2016.07.13 11:38:23.693,0.99401,0.99427,1.75,2.25
2016.07.13 11:38:23.749,0.99403,0.99426,1.00,1.00
2016.07.13 11:38:24.119,0.994,0.99425,1.75,1.50
2016.07.13 11:38:24.271,0.99398,0.99423,2.25,1.37
2016.07.13 11:38:24.674,0.99401,0.99424,1.00,1.00
2016.07.13 11:38:24.825,0.994,0.99425,1.75,1.87
2016.07.13 11:38:27.230,0.994,0.99425,1.75,1.37
2016.07.13 11:38:27.281,0.994,0.99425,1.37,1.50
2016.07.13 11:38:29.235,0.99398,0.99423,1.50,1.37
2016.07.13 11:38:29.542,0.99396,0.99419,1.50,1.00
2016.07.13 11:38:29.846,0.99396,0.99421,2.25,1.37
2016.07.13 11:38:29.947,0.99397,0.99422,1.75,1.12
2016.07.13 11:38:30.048,0.994,0.99424,1.00,1.50
2016.07.13 11:38:33.643,0.994,0.99424,1.60,1.00
2016.07.13 11:38:33.946,0.99405,0.99429,2.10,1.00
2016.07.13 11:38:34.047,0.99408,0.99432,1.30,1.87
2016.07.13 11:38:34.199,0.99405,0.99429,1.75,1.00
2016.07.13 11:38:34.350,0.99403,0.99428,1.35,1.12
2016.07.13 11:38:34.451,0.99401,0.99428,2.25,1.75
2016.07.13 11:38:35.659,0.99401,0.99427,2.25,1.12
2016.07.13 11:38:36.159,0.99401,0.99424,1.75,1.00
2016.07.13 11:38:36.236,0.99401,0.99424,1.75,1.00
2016.07.13 11:38:36.448,0.99402,0.99424,1.00,1.00
2016.07.13 11:38:36.498,0.99401,0.99429,1.37,1.75
2016.07.13 11:38:36.549,0.99401,0.99429,1.75,2.25
2016.07.13 11:38:37.497,0.99402,0.99429,1.75,1.87
2016.07.13 11:38:37.613,0.99403,0.99426,1.00,1.00
2016.07.13 11:38:39.050,0.99402,0.99429,1.75,1.50
2016.07.13 11:38:40.308,0.99402,0.99427,1.75,1.37
2016.07.13 11:38:40.359,0.99403,0.99426,1.00,1.00
2016.07.13 11:38:42.212,0.99399,0.99427,2.25,1.87
2016.07.13 11:38:42.297,0.99399,0.99427,2.25,1.87
2016.07.13 11:38:42.700,0.99401,0.99426,1.50,1.87
2016.07.13 11:38:42.751,0.99401,0.99426,1.87,1.00
2016.07.13 11:38:43.248,0.99405,0.9943,1.37,1.37
2016.07.13 11:38:43.308,0.99408,0.99432,1.00,1.50
2016.07.13 11:38:44.030,0.99408,0.99431,1.00,1.00
2016.07.13 11:38:45.718,0.99405,0.99431,2.25,1.37
2016.07.13 11:38:45.769,0.99406,0.9943,1.00,1.00
2016.07.13 11:38:46.420,0.99406,0.99429,1.00,1.12
2016.07.13 11:38:47.222,0.99406,0.9943,1.00,1.00
2016.07.13 11:38:47.735,0.99406,0.99429,1.00,1.00
2016.07.13 11:38:47.937,0.99408,0.9943,1.00,1.00
2016.07.13 11:38:48.374,0.99406,0.9943,1.50,1.00
2016.07.13 11:38:48.553,0.99408,0.9943,1.00,1.00
2016.07.13 11:38:48.604,0.99408,0.99432,1.00,2.25
2016.07.13 11:38:48.655,0.99408,0.99432,1.12,1.75
2016.07.13 11:38:48.756,0.99405,0.99432,1.75,1.87
2016.07.13 11:38:48.957,0.99405,0.99432,1.75,2.25
2016.07.13 11:38:50.046,0.99405,0.9943,1.75,1.75
2016.07.13 11:38:50.162,0.99405,0.99428,1.00,1.00
2016.07.13 11:38:50.665,0.99403,0.99427,1.75,1.00
2016.07.13 11:38:50.867,0.994,0.99427,2.25,1.37
2016.07.13 11:38:50.918,0.994,0.99424,1.75,1.00
2016.07.13 11:38:51.411,0.99399,0.99426,2.25,1.12
2016.07.13 11:38:51.563,0.99401,0.99425,1.00,1.00
2016.07.13 11:38:53.458,0.99399,0.99427,2.85,1.50
2016.07.13 11:38:53.995,0.99404,0.99428,1.00,1.50
2016.07.13 11:38:55.097,0.99403,0.99428,1.72,1.50
2016.07.13 11:38:55.601,0.99399,0.99426,1.75,1.00
2016.07.13 11:38:56.219,0.99399,0.99425,1.75,1.00
2016.07.13 11:38:56.522,0.99403,0.99428,1.12,1.50
2016.07.13 11:38:56.573,0.99406,0.99428,1.00,1.00
2016.07.13 11:38:56.884,0.99406,0.99426,1.00,1.00
2016.07.13 11:38:57.441,0.99406,0.99427,1.00,1.00
2016.07.13 11:38:57.794,0.99402,0.99427,1.75,1.87
2016.07.13 11:38:57.895,0.99402,0.99427,1.50,2.25
2016.07.13 11:38:58.197,0.99398,0.99423,2.25,1.12
2016.07.13 11:38:58.298,0.99398,0.99423,2.25,1.50
2016.07.13 11:38:58.463,0.99403,0.99425,1.00,1.00
2016.07.13 11:38:58.770,0.99403,0.99426,1.75,1.00
2016.07.13 11:38:59.278,0.99403,0.99426,1.75,1.00
2016.07.13 11:38:59.803,0.99403,0.99428,1.75,1.50
2016.07.13 11:39:00.407,0.99402,0.99427,1.50,1.50
2016.07.13 11:39:00.709,0.99404,0.99429,1.00,1.50
2016.07.13 11:39:00.760,0.99402,0.99429,1.75,1.50
2016.07.13 11:39:01.287,0.99402,0.99429,1.75,1.75
2016.07.13 11:39:02.002,0.99402,0.99429,1.75,1.50
2016.07.13 11:39:03.804,0.99402,0.99427,1.75,1.00
2016.07.13 11:39:04.903,0.99402,0.99427,1.50,1.12
2016.07.13 11:39:05.417,0.99403,0.99428,1.75,1.12
2016.07.13 11:39:07.002,0.99402,0.99427,1.75,1.00
2016.07.13 11:39:07.204,0.994,0.99426,2.10,1.12
2016.07.13 11:39:07.868,0.994,0.99428,2.10,1.50
2016.07.13 11:39:07.919,0.99403,0.99428,1.75,1.12
2016.07.13 11:39:08.239,0.99404,0.99428,1.00,1.87
2016.07.13 11:39:08.900,0.99401,0.99425,1.00,1.00
2016.07.13 11:39:10.309,0.994,0.99427,2.05,1.37
2016.07.13 11:39:11.271,0.994,0.99428,2.10,1.75
2016.07.13 11:39:11.322,0.99401,0.99425,1.00,1.00
2016.07.13 11:39:12.846,0.99402,0.99425,1.00,1.00
2016.07.13 11:39:15.131,0.99401,0.99425,1.50,1.00
2016.07.13 11:39:15.282,0.99401,0.99427,1.50,1.37
2016.07.13 11:39:15.954,0.99401,0.99427,1.75,1.12
2016.07.13 11:39:17.615,0.994,0.99426,1.75,1.00
2016.07.13 11:39:17.716,0.994,0.99425,1.12,1.37
2016.07.13 11:39:18.337,0.99398,0.99423,1.75,1.00
2016.07.13 11:39:18.839,0.994,0.99425,1.12,1.50
2016.07.13 11:39:19.333,0.994,0.99425,1.75,1.12
2016.07.13 11:39:20.028,0.994,0.99425,1.12,1.75
2016.07.13 11:39:20.685,0.99399,0.99424,1.50,1.50
2016.07.13 11:39:20.735,0.99399,0.99424,1.75,1.12
2016.07.13 11:39:21.021,0.99399,0.99424,1.50,1.50
2016.07.13 11:39:21.230,0.99399,0.99424,1.50,1.50
2016.07.13 11:39:21.633,0.994,0.99422,1.00,1.00
2016.07.13 11:39:22.163,0.99398,0.99423,1.50,1.50
2016.07.13 11:39:22.873,0.99397,0.99424,1.50,1.75
2016.07.13 11:39:22.924,0.99397,0.99424,1.75,1.50
2016.07.13 11:39:23.672,0.99397,0.99423,1.50,1.37
2016.07.13 11:39:24.216,0.99398,0.99421,1.00,1.00
2016.07.13 11:39:24.921,0.99397,0.99421,1.50,1.00
2016.07.13 11:39:27.645,0.99397,0.99421,1.50,1.00
2016.07.13 11:39:27.832,0.99398,0.99425,2.62,1.37
2016.07.13 11:39:27.889,0.99398,0.99425,2.62,1.37
2016.07.13 11:39:28.866,0.99399,0.99425,1.87,1.75
2016.07.13 11:39:29.382,0.99399,0.99425,1.75,1.37
2016.07.13 11:39:30.978,0.994,0.99425,1.00,1.37
2016.07.13 11:39:31.130,0.99399,0.99425,1.75,1.12
2016.07.13 11:39:31.953,0.994,0.99425,1.00,1.37
2016.07.13 11:39:32.455,0.99399,0.99425,1.50,1.75
2016.07.13 11:39:32.556,0.994,0.99425,1.00,1.37
2016.07.13 11:39:33.085,0.99399,0.99425,1.50,1.50
2016.07.13 11:39:33.136,0.99401,0.99425,1.00,1.50
2016.07.13 11:39:33.688,0.99399,0.99426,1.75,1.75
2016.07.13 11:39:34.157,0.99399,0.99426,1.75,1.50
2016.07.13 11:39:34.773,0.994,0.99426,1.35,1.50
2016.07.13 11:39:34.974,0.99404,0.9943,1.37,1.75
2016.07.13 11:39:35.025,0.99405,0.99428,1.00,1.00
2016.07.13 11:39:35.176,0.99408,0.99433,1.00,1.75
2016.07.13 11:39:35.227,0.99408,0.99433,1.00,1.75
2016.07.13 11:39:35.328,0.99409,0.99432,1.00,1.00
2016.07.13 11:39:35.580,0.99407,0.99431,1.35,1.37
2016.07.13 11:39:36.138,0.99405,0.99432,2.25,1.50
2016.07.13 11:39:36.542,0.99405,0.99426,1.75,1.50
2016.07.13 11:39:36.592,0.99404,0.99426,1.50,1.50
2016.07.13 11:39:36.643,0.99404,0.99426,1.12,1.00
2016.07.13 11:39:36.744,0.99402,0.99426,1.00,1.50
2016.07.13 11:39:37.115,0.994,0.99427,2.25,1.87
2016.07.13 11:39:37.165,0.994,0.99426,1.12,1.75
2016.07.13 11:39:37.887,0.99399,0.99426,1.00,1.75
2016.07.13 11:39:38.697,0.99399,0.99424,1.37,1.50
2016.07.13 11:39:38.955,0.99398,0.99423,1.50,1.00
2016.07.13 11:39:41.709,0.99398,0.99424,1.50,1.37
2016.07.13 11:39:41.861,0.99401,0.99426,2.10,1.50
2016.07.13 11:39:41.911,0.99401,0.99426,2.10,1.12
2016.07.13 11:39:41.962,0.99407,0.99434,1.00,1.75
2016.07.13 11:39:42.013,0.99407,0.99434,1.37,1.75
2016.07.13 11:39:42.063,0.99407,0.99434,1.75,1.75
2016.07.13 11:39:42.284,0.99408,0.99434,1.12,1.87
2016.07.13 11:39:42.612,0.99407,0.99433,1.12,1.37
2016.07.13 11:39:43.066,0.99405,0.9943,1.50,1.00
2016.07.13 11:39:44.524,0.99405,0.9943,1.50,1.00
2016.07.13 11:39:44.675,0.99407,0.99432,1.50,1.12
2016.07.13 11:39:46.288,0.99405,0.99432,2.25,1.50
2016.07.13 11:39:46.829,0.99405,0.99432,1.75,1.50
2016.07.13 11:39:47.411,0.99407,0.99433,1.12,1.12
2016.07.13 11:39:50.087,0.99407,0.99433,1.12,1.12
2016.07.13 11:39:50.188,0.99407,0.99433,1.12,1.12
2016.07.13 11:39:52.179,0.99407,0.99433,1.12,1.12
2016.07.13 11:39:54.093,0.99407,0.99432,1.12,1.00
2016.07.13 11:39:55.295,0.99407,0.99433,1.12,1.12
2016.07.13 11:39:56.217,0.99406,0.99433,1.50,1.87
2016.07.13 11:39:56.369,0.99405,0.9943,1.50,1.50
2016.07.13 11:39:56.671,0.99406,0.99431,1.50,1.50
2016.07.13 11:39:57.480,0.99408,0.99433,1.00,2.62
2016.07.13 11:39:57.984,0.99404,0.99429,1.75,1.12
2016.07.13 11:39:58.359,0.99402,0.99429,1.75,1.75
2016.07.13 11:39:59.604,0.99406,0.99431,1.50,1.75
2016.07.13 11:39:59.705,0.99407,0.99434,1.75,1.75
2016.07.13 11:40:00.062,0.99409,0.99434,1.12,1.75
2016.07.13 11:40:00.113,0.99407,0.99432,1.12,1.75
2016.07.13 11:40:00.163,0.99404,0.9943,1.75,1.12
2016.07.13 11:40:00.264,0.99402,0.9943,2.25,1.37
2016.07.13 11:40:00.315,0.99402,0.9943,1.87,2.25
2016.07.13 11:40:00.366,0.99403,0.99429,1.37,1.37
2016.07.13 11:40:00.567,0.99402,0.99426,1.50,1.00
2016.07.13 11:40:00.696,0.99402,0.99431,1.75,1.75
2016.07.13 11:40:01.351,0.99404,0.99432,1.75,2.25
2016.07.13 11:40:01.653,0.99407,0.99432,1.37,1.00
2016.07.13 11:40:01.993,0.99405,0.9943,1.00,1.00
2016.07.13 11:40:04.571,0.99402,0.99431,1.75,1.75
2016.07.13 11:40:05.105,0.99404,0.99431,1.12,1.75
2016.07.13 11:40:11.072,0.99407,0.99434,1.37,1.75
2016.07.13 11:40:11.122,0.99407,0.99434,1.50,1.75
2016.07.13 11:40:11.407,0.99407,0.99433,1.00,1.75
2016.07.13 11:40:11.710,0.99404,0.99428,1.00,1.00
2016.07.13 11:40:15.492,0.99403,0.99431,1.75,1.75
2016.07.13 11:40:15.543,0.99403,0.99431,2.25,1.50
2016.07.13 11:40:15.594,0.99405,0.99431,1.00,1.50
2016.07.13 11:40:15.909,0.99406,0.9943,1.00,1.00
2016.07.13 11:40:20.248,0.99403,0.9943,1.37,1.75
2016.07.13 11:40:22.001,0.99405,0.9943,1.00,1.75
2016.07.13 11:40:22.052,0.99405,0.9943,1.12,1.50
2016.07.13 11:40:22.152,0.99407,0.9943,1.50,1.12
2016.07.13 11:40:22.555,0.99406,0.99431,1.12,1.75
2016.07.13 11:40:23.151,0.99403,0.99431,1.75,1.75
2016.07.13 11:40:23.540,0.994,0.99428,2.25,1.75
2016.07.13 11:40:23.742,0.994,0.99426,1.00,1.75
2016.07.13 11:40:25.287,0.99403,0.99428,1.00,3.37
2016.07.13 11:40:25.338,0.99403,0.99428,1.75,1.12
2016.07.13 11:40:25.439,0.99403,0.99427,1.50,1.00
2016.07.13 11:40:25.641,0.99402,0.99427,1.75,1.12
2016.07.13 11:40:25.916,0.99402,0.99427,1.50,1.37
2016.07.13 11:40:27.563,0.99399,0.99426,1.75,1.50
2016.07.13 11:40:27.866,0.99402,0.99427,1.50,1.12
2016.07.13 11:40:28.254,0.99399,0.99426,2.25,1.75
2016.07.13 11:40:29.067,0.99402,0.99426,1.00,1.50
2016.07.13 11:40:30.813,0.99403,0.99426,1.50,1.00
2016.07.13 11:40:30.925,0.99403,0.99428,1.75,1.00
2016.07.13 11:40:32.721,0.99403,0.99429,1.75,1.75
2016.07.13 11:40:33.274,0.99401,0.99426,2.25,1.00
2016.07.13 11:40:33.823,0.99402,0.99427,1.75,1.12
2016.07.13 11:40:36.029,0.99404,0.9943,1.75,1.37
2016.07.13 11:40:36.539,0.99404,0.9943,1.75,1.00
2016.07.13 11:40:36.738,0.99404,0.99432,1.75,1.12
2016.07.13 11:40:36.991,0.99404,0.99432,1.75,1.75
2016.07.13 11:40:37.730,0.99403,0.99429,1.87,1.00
2016.07.13 11:40:38.309,0.99405,0.9943,1.75,1.12
2016.07.13 11:40:39.788,0.99403,0.99431,1.75,1.75
2016.07.13 11:40:40.298,0.99403,0.99431,1.75,1.75
2016.07.13 11:40:40.849,0.99403,0.99431,1.75,1.75
2016.07.13 11:40:41.390,0.99403,0.99431,1.75,1.75
2016.07.13 11:40:42.401,0.99409,0.99431,1.00,1.00
2016.07.13 11:40:43.793,0.99405,0.99431,1.75,1.37
2016.07.13 11:40:43.844,0.99407,0.9943,1.00,1.00
2016.07.13 11:40:46.364,0.99406,0.99431,2.62,1.37
2016.07.13 11:40:46.465,0.9941,0.99436,1.75,2.25
2016.07.13 11:40:46.566,0.99412,0.99437,1.75,1.37
2016.07.13 11:40:46.617,0.99413,0.99439,1.75,1.00
2016.07.13 11:40:46.719,0.99414,0.99439,1.75,1.00
2016.07.13 11:40:47.245,0.99411,0.99438,1.75,1.50
2016.07.13 11:40:47.346,0.99411,0.99438,2.25,1.75
2016.07.13 11:40:47.548,0.99409,0.99434,1.75,1.00
2016.07.13 11:40:48.098,0.99412,0.99435,1.00,1.50
2016.07.13 11:40:52.655,0.99407,0.99432,1.75,1.00
2016.07.13 11:40:52.706,0.9941,0.99432,1.00,1.00
2016.07.13 11:40:52.757,0.99407,0.9943,1.37,1.37
2016.07.13 11:40:52.808,0.99407,0.99429,1.00,1.00
2016.07.13 11:40:53.309,0.99406,0.99429,1.00,1.50
2016.07.13 11:40:53.859,0.99406,0.99428,1.00,1.00
2016.07.13 11:40:55.262,0.99403,0.99428,1.75,1.37
2016.07.13 11:40:55.313,0.99404,0.99427,1.00,1.00
2016.07.13 11:40:59.073,0.99403,0.99429,1.75,1.37
2016.07.13 11:40:59.124,0.99403,0.99429,1.75,1.00
2016.07.13 11:40:59.625,0.99404,0.99428,1.75,1.00
2016.07.13 11:41:00.254,0.99404,0.9943,2.25,1.00
2016.07.13 11:41:00.784,0.99403,0.99429,1.75,1.00
2016.07.13 11:41:01.328,0.99405,0.9943,1.75,1.00
2016.07.13 11:41:02.775,0.99406,0.9943,1.00,1.37
2016.07.13 11:41:05.594,0.99406,0.9943,1.37,1.00
2016.07.13 11:41:05.695,0.99406,0.99431,1.50,1.00
2016.07.13 11:41:06.098,0.99408,0.99431,1.00,1.37
2016.07.13 11:41:08.417,0.99405,0.99431,3.75,1.00
2016.07.13 11:41:08.672,0.99407,0.99433,1.75,1.00
2016.07.13 11:41:11.789,0.99406,0.9943,1.75,1.00
2016.07.13 11:41:11.941,0.99408,0.9943,1.00,1.00
2016.07.13 11:41:11.991,0.99408,0.99428,1.00,1.00
2016.07.13 11:41:12.510,0.99404,0.99428,1.75,1.12
2016.07.13 11:41:14.170,0.99402,0.99427,1.75,1.00
2016.07.13 11:41:14.478,0.99405,0.99431,1.75,1.12
2016.07.13 11:41:14.831,0.99404,0.99432,2.25,1.75
2016.07.13 11:41:15.357,0.99405,0.99429,1.50,1.00
2016.07.13 11:41:16.512,0.99405,0.99429,1.50,1.00
2016.07.13 11:41:17.102,0.99405,0.99429,1.75,1.12
2016.07.13 11:41:18.791,0.99406,0.99431,1.00,1.75
2016.07.13 11:41:20.324,0.99402,0.99427,1.50,1.37
2016.07.13 11:41:20.375,0.994,0.99425,1.50,1.37
2016.07.13 11:41:23.949,0.99402,0.99429,1.75,1.50
2016.07.13 11:41:24.050,0.99404,0.99429,1.37,1.50
2016.07.13 11:41:24.415,0.99406,0.99433,1.75,1.75
2016.07.13 11:41:24.926,0.99405,0.99429,1.75,1.00
2016.07.13 11:41:25.348,0.99407,0.99431,1.00,1.37
2016.07.13 11:41:29.785,0.99405,0.99431,1.75,1.37
2016.07.13 11:41:29.836,0.99405,0.99431,1.75,1.12
2016.07.13 11:41:30.138,0.99405,0.99433,1.75,1.75
2016.07.13 11:41:30.239,0.99406,0.99433,1.75,1.75
2016.07.13 11:41:30.341,0.99407,0.99434,1.37,1.75
2016.07.13 11:41:30.392,0.9941,0.99435,1.37,1.75
2016.07.13 11:41:30.443,0.9941,0.99435,1.75,1.75
2016.07.13 11:41:30.616,0.99407,0.99432,1.75,1.37
2016.07.13 11:41:32.895,0.9941,0.99435,1.50,1.50
2016.07.13 11:41:32.946,0.9941,0.99435,1.75,1.50
2016.07.13 11:41:33.218,0.99412,0.99437,1.50,1.12
2016.07.13 11:41:33.319,0.99413,0.99437,1.50,1.12
2016.07.13 11:41:33.824,0.99414,0.9944,1.75,1.75
2016.07.13 11:41:34.946,0.99414,0.99438,1.00,1.50
2016.07.13 11:41:35.453,0.99414,0.99437,1.00,1.00
2016.07.13 11:41:35.956,0.99414,0.99436,1.00,1.00
2016.07.13 11:41:36.501,0.99414,0.99437,1.00,1.00
2016.07.13 11:41:36.859,0.9941,0.99437,1.75,1.75
2016.07.13 11:41:37.162,0.9941,0.99437,4.12,1.12
2016.07.13 11:41:37.313,0.99416,0.99442,1.37,1.37
2016.07.13 11:41:37.364,0.99416,0.99442,1.75,1.37
2016.07.13 11:41:37.465,0.9942,0.99443,1.00,1.42
2016.07.13 11:41:37.566,0.9942,0.99441,1.00,1.00
2016.07.13 11:41:37.878,0.99415,0.99438,1.75,1.05
2016.07.13 11:41:37.980,0.99406,0.99433,3.37,1.05
2016.07.13 11:41:38.031,0.99406,0.99432,2.62,1.05
2016.07.13 11:41:38.081,0.99405,0.99432,1.12,1.42
2016.07.13 11:41:38.182,0.99404,0.99432,2.25,1.42
2016.07.13 11:41:38.334,0.99404,0.99427,1.50,1.00
2016.07.13 11:41:38.636,0.99405,0.99429,1.00,1.50
2016.07.13 11:41:39.027,0.99405,0.99431,1.50,1.50
2016.07.13 11:41:39.078,0.99408,0.99431,1.00,1.50
2016.07.13 11:41:39.179,0.99406,0.9943,1.00,1.50
2016.07.13 11:41:39.583,0.99405,0.99432,2.25,1.50
2016.07.13 11:41:41.928,0.99404,0.99435,3.37,1.87
2016.07.13 11:41:41.978,0.99405,0.99435,2.62,1.87
2016.07.13 11:41:42.029,0.99405,0.99433,3.37,1.87
2016.07.13 11:41:42.080,0.99405,0.99433,1.50,1.87
2016.07.13 11:41:42.495,0.99404,0.99432,1.75,1.75
2016.07.13 11:41:43.000,0.99404,0.99431,1.75,1.50
2016.07.13 11:41:43.272,0.99409,0.99433,1.00,1.00
2016.07.13 11:41:43.999,0.99405,0.99432,1.50,1.37
2016.07.13 11:41:44.049,0.99403,0.99432,1.75,2.25
2016.07.13 11:41:44.831,0.99401,0.99432,1.75,1.87
2016.07.13 11:41:44.982,0.99405,0.99429,1.00,1.00
2016.07.13 11:41:45.335,0.99401,0.99432,4.12,1.75
2016.07.13 11:41:45.470,0.99405,0.99428,1.00,1.00
2016.07.13 11:41:45.573,0.99406,0.9943,1.00,1.00
2016.07.13 11:41:45.674,0.99401,0.99433,1.75,4.12
2016.07.13 11:41:46.305,0.99402,0.99431,1.75,1.75
2016.07.13 11:41:46.361,0.99406,0.9943,1.00,1.00
2016.07.13 11:41:46.704,0.99402,0.99431,1.75,1.75
2016.07.13 11:41:47.209,0.99406,0.99432,1.75,1.37
2016.07.13 11:41:47.260,0.99407,0.99438,1.75,1.87
2016.07.13 11:41:47.310,0.99407,0.99438,3.37,1.87
2016.07.13 11:41:47.706,0.99408,0.99435,1.75,1.12
2016.07.13 11:41:49.615,0.99408,0.99437,4.12,2.62
2016.07.13 11:41:49.665,0.99409,0.99437,2.62,2.25
2016.07.13 11:41:49.993,0.99408,0.99437,1.75,1.75
2016.07.13 11:41:50.094,0.99408,0.99437,1.75,1.75
2016.07.13 11:41:50.890,0.99405,0.99434,1.75,1.75
2016.07.13 11:41:51.099,0.99405,0.99434,1.75,2.62
2016.07.13 11:41:51.402,0.99401,0.99432,4.50,1.75
2016.07.13 11:41:51.604,0.99402,0.99431,3.37,1.12
2016.07.13 11:41:52.726,0.99403,0.99428,1.75,1.00
2016.07.13 11:41:55.035,0.99406,0.99431,1.75,1.37
2016.07.13 11:41:55.086,0.99406,0.99431,1.75,1.00
2016.07.13 11:41:55.136,0.99407,0.99432,1.75,1.00
2016.07.13 11:41:55.711,0.99406,0.99431,3.37,1.00
2016.07.13 11:41:55.762,0.99409,0.99431,1.00,1.00
2016.07.13 11:41:56.027,0.99403,0.99428,3.37,1.37
2016.07.13 11:41:56.128,0.99401,0.99426,2.25,1.00
2016.07.13 11:41:56.229,0.99402,0.99425,1.37,1.37
2016.07.13 11:41:56.330,0.99399,0.99426,1.50,1.75
2016.07.13 11:41:56.431,0.99402,0.99424,1.00,1.00
2016.07.13 11:41:56.933,0.99402,0.99425,1.00,1.50
2016.07.13 11:41:57.135,0.99399,0.99423,1.00,1.00
2016.07.13 11:41:57.437,0.99399,0.99421,1.00,1.00
2016.07.13 11:41:58.842,0.99394,0.99421,1.75,1.50
2016.07.13 11:41:58.944,0.99396,0.9942,1.00,1.00
2016.07.13 11:41:59.095,0.99394,0.9942,1.75,1.00
2016.07.13 11:42:06.047,0.99396,0.9942,1.50,1.00
2016.07.13 11:42:07.750,0.99396,0.99421,2.25,1.00
2016.07.13 11:42:14.243,0.99396,0.99419,1.75,1.00
2016.07.13 11:42:14.394,0.99392,0.99418,1.75,1.37
2016.07.13 11:42:15.086,0.99392,0.99414,1.00,1.00
2016.07.13 11:42:15.700,0.99392,0.99416,1.50,1.00
2016.07.13 11:42:16.103,0.99394,0.99416,1.00,1.00
2016.07.13 11:42:19.008,0.99393,0.99416,1.00,1.50
2016.07.13 11:42:19.544,0.99392,0.99416,1.50,1.00
2016.07.13 11:42:20.179,0.99394,0.9942,1.50,1.75
2016.07.13 11:42:20.280,0.99396,0.99421,1.75,1.00
2016.07.13 11:42:20.482,0.99395,0.99419,1.75,1.00
2016.07.13 11:42:21.031,0.99395,0.9942,1.75,1.00
2016.07.13 11:42:21.849,0.99397,0.99422,1.50,1.87
2016.07.13 11:42:22.627,0.99397,0.99421,1.50,1.00
2016.07.13 11:42:23.135,0.99395,0.9942,2.25,1.00
2016.07.13 11:42:24.570,0.99393,0.99417,1.75,1.00
2016.07.13 11:42:24.671,0.99392,0.99416,1.50,1.00
2016.07.13 11:42:25.238,0.99392,0.99415,1.00,1.00
2016.07.13 11:42:25.782,0.99392,0.99416,1.00,1.00
2016.07.13 11:42:25.883,0.99391,0.99416,1.75,1.00
2016.07.13 11:42:26.207,0.99391,0.99416,1.75,1.12
2016.07.13 11:42:26.858,0.99391,0.99416,1.75,1.00
2016.07.13 11:42:27.258,0.99394,0.99416,1.00,1.00
2016.07.13 11:42:30.545,0.99388,0.99415,4.12,1.00
2016.07.13 11:42:30.646,0.99388,0.99415,2.25,1.00
2016.07.13 11:42:34.271,0.99391,0.99414,1.00,1.12
2016.07.13 11:42:34.935,0.99391,0.99413,1.00,1.00
2016.07.13 11:42:35.250,0.99391,0.99409,1.00,1.00
2016.07.13 11:42:35.301,0.99385,0.99409,1.75,1.12
2016.07.13 11:42:35.603,0.99385,0.99409,3.75,1.00
2016.07.13 11:42:40.196,0.99384,0.99408,1.75,1.00
2016.07.13 11:42:42.182,0.99384,0.99409,1.75,1.00
2016.07.13 11:42:46.063,0.99384,0.99407,1.75,1.00
2016.07.13 11:42:46.113,0.99384,0.99407,1.50,1.00
2016.07.13 11:42:50.973,0.99383,0.99408,1.75,1.12
2016.07.13 11:42:51.475,0.99391,0.99411,1.00,1.75
2016.07.13 11:42:51.526,0.99391,0.99413,1.75,1.00
2016.07.13 11:42:51.678,0.99391,0.99416,1.75,1.12
2016.07.13 11:42:52.276,0.99389,0.99414,3.37,1.00
2016.07.13 11:42:52.327,0.99389,0.99414,1.75,1.50
2016.07.13 11:42:52.680,0.99389,0.99411,1.75,1.00
2016.07.13 11:42:55.054,0.99389,0.99411,1.50,1.00
2016.07.13 11:42:55.580,0.99389,0.99409,1.00,1.00
2016.07.13 11:42:56.101,0.99385,0.99408,1.75,1.00
2016.07.13 11:42:56.584,0.99385,0.99412,2.25,1.87
2016.07.13 11:42:56.635,0.99385,0.99411,2.25,1.00
2016.07.13 11:42:56.967,0.99389,0.99413,1.50,3.75
2016.07.13 11:42:57.105,0.99385,0.99412,2.25,1.50
2016.07.13 11:42:57.156,0.99385,0.99406,1.00,1.00
2016.07.13 11:42:57.257,0.99383,0.99405,1.00,1.00
2016.07.13 11:42:57.718,0.99383,0.99407,1.00,1.00
2016.07.13 11:42:58.259,0.99383,0.99406,1.00,1.00
2016.07.13 11:42:58.769,0.99383,0.99405,1.00,1.00
2016.07.13 11:42:59.597,0.99383,0.99403,1.00,1.00
2016.07.13 11:42:59.799,0.99383,0.99405,1.00,1.00
2016.07.13 11:43:01.696,0.99383,0.99406,1.00,1.00
2016.07.13 11:43:02.344,0.99383,0.99407,1.00,1.50
2016.07.13 11:43:03.487,0.99383,0.99409,2.25,1.50
2016.07.13 11:43:03.789,0.99384,0.99408,2.62,1.00
2016.07.13 11:43:04.290,0.99384,0.99409,4.12,1.12
2016.07.13 11:43:04.670,0.99384,0.99409,1.75,1.12
2016.07.13 11:43:04.771,0.99384,0.99411,1.75,1.50
2016.07.13 11:43:05.543,0.99383,0.99411,2.25,1.50
2016.07.13 11:43:06.241,0.99383,0.99411,1.75,1.75
2016.07.13 11:43:21.108,0.99388,0.9941,1.00,1.00
2016.07.13 11:43:21.543,0.99385,0.9941,1.75,1.87
2016.07.13 11:43:23.018,0.99382,0.99407,2.62,1.00
2016.07.13 11:43:23.119,0.99382,0.99409,1.75,1.50
2016.07.13 11:43:23.691,0.99383,0.9941,1.75,1.37
2016.07.13 11:43:27.314,0.99383,0.99405,1.75,1.00
2016.07.13 11:43:27.563,0.99382,0.99406,1.00,1.75
2016.07.13 11:43:27.614,0.99384,0.99405,1.00,1.00
2016.07.13 11:43:27.715,0.99384,0.99408,1.50,1.00
2016.07.13 11:43:28.684,0.99386,0.9941,1.00,1.50
2016.07.13 11:43:28.835,0.99386,0.99409,1.00,1.00
2016.07.13 11:43:29.371,0.99386,0.9941,1.00,1.50
2016.07.13 11:43:30.749,0.99386,0.99408,1.00,1.00
2016.07.13 11:43:30.850,0.99384,0.99408,1.50,1.50
2016.07.13 11:43:31.380,0.99384,0.99407,1.50,1.00
2016.07.13 11:43:31.918,0.99384,0.99406,1.00,1.00
2016.07.13 11:43:34.206,0.99382,0.99406,1.00,1.00
2016.07.13 11:43:34.307,0.99384,0.99406,1.00,1.00
2016.07.13 11:43:34.695,0.99384,0.99404,1.00,1.00
2016.07.13 11:43:35.711,0.99383,0.99404,1.00,1.00
2016.07.13 11:43:36.215,0.99384,0.99404,1.00,1.00
2016.07.13 11:43:36.905,0.99381,0.99404,1.00,1.00
2016.07.13 11:43:36.956,0.99383,0.99406,1.00,1.00
2016.07.13 11:43:37.258,0.99383,0.99409,4.87,1.00
2016.07.13 11:43:37.543,0.99384,0.9941,1.75,1.37
2016.07.13 11:43:37.657,0.99384,0.9941,1.75,1.12
2016.07.13 11:43:38.244,0.99384,0.99409,1.75,1.00
2016.07.13 11:43:38.360,0.99384,0.99409,1.75,1.12
2016.07.13 11:43:39.117,0.99384,0.99409,1.75,1.00
2016.07.13 11:43:39.218,0.99384,0.99409,1.75,1.00
2016.07.13 11:43:39.729,0.99385,0.99409,1.50,1.00
2016.07.13 11:43:41.118,0.99385,0.99409,1.50,1.00
2016.07.13 11:43:42.971,0.99385,0.99412,1.50,1.75
2016.07.13 11:43:45.530,0.99385,0.9941,1.50,1.00
2016.07.13 11:43:46.078,0.99388,0.99411,1.00,1.50
2016.07.13 11:43:46.179,0.99386,0.99411,1.12,1.50
2016.07.13 11:43:47.283,0.99384,0.99409,1.75,1.00
2016.07.13 11:43:50.740,0.99383,0.99408,3.00,1.00
2016.07.13 11:43:51.242,0.99383,0.99407,1.75,1.12
2016.07.13 11:43:51.858,0.99382,0.99407,1.75,1.12
2016.07.13 11:43:51.959,0.99383,0.99407,1.00,1.50
2016.07.13 11:43:52.707,0.99383,0.99406,1.00,1.00
2016.07.13 11:43:54.245,0.99383,0.99407,1.00,1.50
2016.07.13 11:43:54.854,0.9938,0.99407,3.37,1.12
2016.07.13 11:43:55.678,0.99384,0.99407,1.50,1.00
2016.07.13 11:43:55.780,0.99386,0.99406,1.00,1.00
2016.07.13 11:43:56.075,0.99387,0.99408,2.25,1.37
2016.07.13 11:43:56.132,0.99388,0.99413,1.75,1.00
2016.07.13 11:43:56.183,0.99387,0.99414,1.75,1.50
2016.07.13 11:43:56.284,0.99389,0.99413,1.37,1.00
2016.07.13 11:43:56.385,0.9939,0.99414,1.00,1.50
2016.07.13 11:43:56.486,0.99386,0.99413,2.25,1.12
2016.07.13 11:43:57.076,0.9939,0.99412,1.00,1.00
2016.07.13 11:43:57.391,0.9939,0.99414,1.50,1.00
2016.07.13 11:44:02.603,0.99392,0.99414,1.00,1.00
2016.07.13 11:44:07.369,0.99393,0.99414,1.00,1.00
2016.07.13 11:44:07.871,0.99399,0.99414,1.00,1.00
2016.07.13 11:44:10.555,0.99398,0.99414,1.00,1.00
2016.07.13 11:44:12.638,0.99394,0.99414,1.00,1.00
2016.07.13 11:44:13.760,0.99399,0.99414,1.00,1.12
2016.07.13 11:44:15.599,0.99399,0.99414,1.00,1.37
2016.07.13 11:44:16.754,0.99393,0.99414,1.00,1.12
2016.07.13 11:44:20.144,0.99389,0.99415,1.37,1.87
2016.07.13 11:44:21.046,0.9939,0.99415,1.37,1.50
2016.07.13 11:44:21.568,0.99392,0.99415,1.00,1.50
2016.07.13 11:44:21.871,0.99391,0.99415,1.12,1.50
2016.07.13 11:44:22.173,0.9939,0.99416,1.00,3.75
2016.07.13 11:44:22.370,0.99388,0.99414,1.87,1.87
2016.07.13 11:44:23.705,0.99389,0.99413,1.00,2.25
2016.07.13 11:44:23.933,0.99388,0.99414,1.87,1.75
2016.07.13 11:44:24.437,0.99388,0.99414,1.87,1.87
2016.07.13 11:44:24.980,0.99389,0.99411,1.00,1.00
2016.07.13 11:44:25.232,0.99388,0.99413,1.50,1.87
2016.07.13 11:44:25.737,0.99389,0.99412,1.00,1.87
2016.07.13 11:44:30.937,0.99389,0.99412,1.12,1.37
2016.07.13 11:44:31.244,0.9939,0.99414,1.00,1.87
2016.07.13 11:44:31.399,0.99389,0.99414,1.87,1.87
2016.07.13 11:44:31.501,0.99391,0.99415,1.00,1.87
2016.07.13 11:44:31.602,0.99389,0.99414,1.12,1.75
2016.07.13 11:44:31.771,0.99389,0.99414,1.50,1.50
2016.07.13 11:44:32.844,0.99389,0.99414,1.50,1.37
2016.07.13 11:44:33.146,0.99388,0.99412,1.37,1.50
2016.07.13 11:44:33.247,0.99391,0.99418,1.37,2.25
2016.07.13 11:44:33.298,0.99395,0.99418,1.00,1.75
2016.07.13 11:44:33.500,0.99393,0.99416,1.50,1.50
2016.07.13 11:44:34.282,0.99392,0.99416,1.75,1.00
2016.07.13 11:44:35.069,0.99392,0.99416,1.75,1.12
2016.07.13 11:44:35.222,0.99394,0.99417,1.00,1.12
2016.07.13 11:44:35.273,0.99391,0.99418,1.50,2.62
2016.07.13 11:44:35.324,0.99391,0.99415,1.50,1.00
2016.07.13 11:44:35.585,0.9939,0.99416,1.75,1.37
2016.07.13 11:44:35.636,0.99395,0.99417,1.00,1.00
2016.07.13 11:44:36.162,0.99396,0.9942,1.12,1.75
2016.07.13 11:44:36.364,0.99396,0.9942,1.37,1.50
2016.07.13 11:44:36.918,0.99396,0.9942,1.75,1.12
2016.07.13 11:44:38.717,0.99394,0.99418,1.75,1.00
2016.07.13 11:44:38.829,0.99394,0.9942,1.50,1.50
2016.07.13 11:44:38.879,0.99394,0.9942,1.50,1.50
2016.07.13 11:44:38.980,0.99393,0.99418,2.25,1.12
2016.07.13 11:44:39.031,0.99394,0.99418,1.00,1.50
2016.07.13 11:44:39.385,0.99394,0.99419,1.50,1.37
2016.07.13 11:44:39.536,0.99398,0.99421,1.00,1.00
2016.07.13 11:44:40.175,0.99395,0.99421,1.75,1.37
2016.07.13 11:44:40.226,0.99395,0.9942,1.50,1.75
2016.07.13 11:44:40.327,0.99395,0.9942,1.75,1.50
2016.07.13 11:44:41.179,0.99395,0.9942,1.75,1.00
2016.07.13 11:44:42.352,0.99395,0.99419,1.75,1.00
2016.07.13 11:44:42.453,0.99393,0.99419,1.87,1.37
2016.07.13 11:44:44.702,0.99395,0.99421,2.25,1.50
2016.07.13 11:44:45.024,0.99395,0.99422,4.12,1.12
2016.07.13 11:44:45.530,0.99398,0.99421,1.00,1.50
2016.07.13 11:44:46.357,0.99398,0.9942,1.00,1.00
2016.07.13 11:44:46.913,0.99398,0.99421,1.00,1.00
2016.07.13 11:44:48.386,0.99397,0.99422,1.50,1.75
2016.07.13 11:44:49.048,0.99395,0.9942,1.75,1.00
2016.07.13 11:44:51.921,0.99395,0.99419,1.75,1.00
2016.07.13 11:44:52.173,0.99394,0.9942,1.75,1.75
2016.07.13 11:44:52.375,0.99396,0.99421,1.50,1.87
2016.07.13 11:44:52.476,0.99396,0.99421,1.75,1.50
2016.07.13 11:44:53.421,0.99398,0.99421,1.00,1.87
2016.07.13 11:44:54.357,0.99393,0.99419,1.50,1.50
2016.07.13 11:44:54.408,0.99393,0.99418,1.50,1.00
2016.07.13 11:44:54.560,0.99394,0.99417,1.12,1.37
2016.07.13 11:44:55.066,0.99394,0.99417,1.12,1.75
2016.07.13 11:44:55.413,0.99394,0.99418,1.50,1.00
2016.07.13 11:44:55.565,0.99397,0.9942,1.00,1.37
2016.07.13 11:44:56.116,0.99396,0.99424,1.50,2.25
2016.07.13 11:44:58.448,0.99398,0.99424,1.50,1.75
2016.07.13 11:44:58.499,0.99398,0.99424,1.75,2.62
2016.07.13 11:44:59.954,0.99396,0.99423,1.75,1.12
2016.07.13 11:45:00.562,0.99396,0.99423,1.75,1.12
2016.07.13 11:45:01.107,0.99396,0.99424,1.75,1.75
2016.07.13 11:45:01.878,0.99396,0.99423,1.75,1.12
2016.07.13 11:45:02.386,0.99397,0.99423,1.75,1.87
2016.07.13 11:45:05.341,0.994,0.99425,1.00,1.75
2016.07.13 11:45:05.442,0.994,0.99425,1.50,1.50
2016.07.13 11:45:05.694,0.99397,0.99422,2.25,1.37
2016.07.13 11:45:05.854,0.99396,0.99419,1.00,1.00
2016.07.13 11:45:06.207,0.99397,0.99424,1.50,1.75
2016.07.13 11:45:06.358,0.99402,0.99426,1.12,1.00
2016.07.13 11:45:06.409,0.99404,0.99427,1.00,1.87
2016.07.13 11:45:06.818,0.99402,0.99427,2.25,1.50
2016.07.13 11:45:09.317,0.99403,0.99427,1.75,1.00
2016.07.13 11:45:09.628,0.99405,0.99427,1.00,1.00
2016.07.13 11:45:09.812,0.99403,0.99427,1.75,1.00
2016.07.13 11:45:09.913,0.99403,0.99427,1.75,1.50
2016.07.13 11:45:15.627,0.99402,0.99425,1.75,1.12
2016.07.13 11:45:15.797,0.99401,0.99425,1.00,1.12
2016.07.13 11:45:15.949,0.99399,0.99421,1.00,1.00
2016.07.13 11:45:16.049,0.99397,0.99421,1.50,1.50
2016.07.13 11:45:17.493,0.99398,0.99421,1.00,1.00
2016.07.13 11:45:17.998,0.99397,0.99421,1.50,1.00
2016.07.13 11:45:18.723,0.99397,0.9942,1.00,1.00
2016.07.13 11:45:19.227,0.99397,0.99421,1.00,1.00
2016.07.13 11:45:21.151,0.99397,0.9942,1.00,1.00
2016.07.13 11:45:21.742,0.99396,0.9942,1.75,1.00
2016.07.13 11:45:23.140,0.99397,0.99421,1.12,1.50
2016.07.13 11:45:23.191,0.99399,0.99421,1.00,1.50
2016.07.13 11:45:23.494,0.994,0.99424,2.62,1.00
2016.07.13 11:45:24.010,0.99401,0.99425,2.25,1.00
2016.07.13 11:45:24.342,0.99401,0.99423,1.75,1.00
2016.07.13 11:45:24.444,0.994,0.99423,1.00,1.00
2016.07.13 11:45:24.964,0.994,0.99422,1.00,1.00
2016.07.13 11:45:25.466,0.994,0.99424,1.12,1.75
2016.07.13 11:45:27.372,0.99401,0.99426,1.12,1.75
2016.07.13 11:45:27.423,0.99401,0.99426,1.50,1.37
2016.07.13 11:45:27.520,0.99401,0.99426,1.75,1.00
2016.07.13 11:45:28.124,0.99401,0.99428,1.75,1.50
2016.07.13 11:45:32.249,0.99404,0.99427,1.00,1.50
2016.07.13 11:45:32.992,0.99403,0.99427,1.12,1.50
2016.07.13 11:45:33.496,0.99403,0.99427,1.00,2.25
2016.07.13 11:45:34.342,0.99403,0.99427,1.37,1.50
2016.07.13 11:45:34.393,0.99403,0.99427,1.75,1.50
2016.07.13 11:45:34.773,0.99403,0.99425,1.00,1.00
2016.07.13 11:45:36.141,0.99404,0.99428,1.12,1.50
2016.07.13 11:45:36.263,0.99404,0.99428,1.50,1.50
2016.07.13 11:45:37.540,0.99405,0.99431,1.37,1.75
2016.07.13 11:45:37.591,0.99404,0.9943,1.12,1.87
2016.07.13 11:45:37.692,0.99404,0.99426,1.50,1.00
2016.07.13 11:45:37.793,0.99403,0.99427,1.12,1.50
2016.07.13 11:45:37.944,0.99403,0.99424,1.12,1.37
2016.07.13 11:45:38.167,0.99406,0.99431,1.75,1.87
2016.07.13 11:45:39.046,0.99404,0.99428,2.25,1.00
2016.07.13 11:45:40.349,0.99404,0.99427,1.75,1.00
2016.07.13 11:45:41.080,0.99403,0.99427,1.75,1.00
2016.07.13 11:45:41.181,0.99403,0.99425,1.12,1.00
2016.07.13 11:45:41.703,0.99402,0.99427,1.75,1.12
2016.07.13 11:45:45.066,0.99403,0.99428,1.00,1.37
2016.07.13 11:45:46.901,0.994,0.99424,1.37,1.37
2016.07.13 11:45:47.222,0.994,0.99424,1.00,1.75
2016.07.13 11:45:47.730,0.99399,0.99424,1.00,1.75
2016.07.13 11:45:49.177,0.99399,0.99422,1.37,1.00
2016.07.13 11:45:58.621,0.99398,0.9942,2.47,1.00
2016.07.13 11:45:58.949,0.99397,0.99415,1.00,1.00
2016.07.13 11:45:58.999,0.99394,0.99415,1.12,1.12
2016.07.13 11:45:59.504,0.99395,0.99418,1.00,1.50
2016.07.13 11:46:00.211,0.99394,0.9942,1.75,1.50
2016.07.13 11:46:00.514,0.99395,0.99418,1.00,1.00
2016.07.13 11:46:01.038,0.99393,0.99419,1.75,1.75
2016.07.13 11:46:04.164,0.99399,0.99419,1.00,1.75
2016.07.13 11:46:04.417,0.99408,0.99431,1.00,1.75
2016.07.13 11:46:04.823,0.99405,0.99429,1.50,1.75
2016.07.13 11:46:05.248,0.99404,0.99427,1.75,1.00
2016.07.13 11:46:05.776,0.99404,0.99428,2.25,1.00
2016.07.13 11:46:06.381,0.99404,0.99429,1.75,1.50
2016.07.13 11:46:06.924,0.99404,0.99427,1.75,1.00
2016.07.13 11:46:07.426,0.99403,0.99426,1.75,1.00
2016.07.13 11:46:07.993,0.99404,0.99427,1.75,1.00
2016.07.13 11:46:08.295,0.99404,0.99425,1.75,1.00
2016.07.13 11:46:08.684,0.99409,0.99425,1.00,1.00
2016.07.13 11:46:08.944,0.99404,0.99426,1.75,1.00
2016.07.13 11:46:09.045,0.99409,0.99428,1.00,1.12
2016.07.13 11:46:09.346,0.99409,0.99428,1.00,1.87
2016.07.13 11:46:10.156,0.99404,0.99428,1.12,1.75
2016.07.13 11:46:10.257,0.99405,0.99428,1.00,1.50
2016.07.13 11:46:11.062,0.99405,0.99427,1.00,1.00
2016.07.13 11:46:12.079,0.99405,0.99428,1.00,1.50
2016.07.13 11:46:12.180,0.99408,0.99428,1.00,1.50
2016.07.13 11:46:12.948,0.99405,0.99428,1.00,1.50
2016.07.13 11:46:13.532,0.99405,0.99427,1.00,1.00
2016.07.13 11:46:18.125,0.99403,0.99427,2.25,1.37
2016.07.13 11:46:18.663,0.99403,0.99426,1.37,1.00
2016.07.13 11:46:19.267,0.99409,0.99428,1.00,1.87
2016.07.13 11:46:20.056,0.99403,0.99428,1.37,1.87
2016.07.13 11:46:20.169,0.99409,0.99428,1.00,1.87
2016.07.13 11:46:20.471,0.99404,0.99427,1.00,1.12
2016.07.13 11:46:20.668,0.99401,0.99426,1.75,1.00
2016.07.13 11:46:20.769,0.99404,0.99428,1.50,1.12
2016.07.13 11:46:21.041,0.99409,0.9943,1.00,1.00
2016.07.13 11:46:21.389,0.99409,0.99425,1.00,1.00
2016.07.13 11:46:21.541,0.99401,0.99425,2.25,1.00
2016.07.13 11:46:22.229,0.99402,0.99424,1.75,1.00
2016.07.13 11:46:24.400,0.99401,0.99425,1.75,1.00
2016.07.13 11:46:25.458,0.99402,0.99423,1.75,1.00
2016.07.13 11:46:25.694,0.99402,0.99425,1.75,1.00
2016.07.13 11:46:26.197,0.99399,0.99424,1.75,1.12
2016.07.13 11:46:26.663,0.99399,0.99424,1.50,1.75
2016.07.13 11:46:30.869,0.99399,0.99424,1.12,1.75
2016.07.13 11:46:31.175,0.99404,0.99428,2.25,1.12
2016.07.13 11:46:31.953,0.99404,0.9943,1.75,1.50
2016.07.13 11:46:32.494,0.99404,0.9943,1.75,1.50
2016.07.13 11:46:33.603,0.99404,0.9943,1.75,1.75
2016.07.13 11:46:35.114,0.99404,0.9943,1.75,1.37
2016.07.13 11:46:35.316,0.99404,0.9943,1.50,1.87
2016.07.13 11:46:44.348,0.99409,0.9943,1.60,1.37
2016.07.13 11:46:44.500,0.99413,0.99438,1.60,3.37
2016.07.13 11:46:44.601,0.99418,0.99437,1.00,1.50
2016.07.13 11:46:44.702,0.99415,0.99439,1.72,1.75
2016.07.13 11:46:45.221,0.99412,0.99436,1.75,1.12
2016.07.13 11:46:45.321,0.99412,0.99436,1.50,1.50
2016.07.13 11:46:45.481,0.99413,0.99439,2.10,1.75
2016.07.13 11:46:45.532,0.99413,0.99439,1.75,1.75
2016.07.13 11:46:46.065,0.99413,0.99439,1.75,1.50
2016.07.13 11:46:46.989,0.99413,0.99436,1.75,1.00
2016.07.13 11:46:47.090,0.99413,0.99437,1.12,1.12
2016.07.13 11:46:47.140,0.99409,0.99435,2.25,1.00
2016.07.13 11:46:47.443,0.99418,0.99436,1.00,1.00
2016.07.13 11:46:47.494,0.99419,0.99442,1.50,1.00
2016.07.13 11:46:47.695,0.99419,0.99442,1.00,1.00
2016.07.13 11:46:47.921,0.99417,0.99441,1.12,1.12
2016.07.13 11:46:48.445,0.99418,0.99442,1.00,1.50
2016.07.13 11:46:49.652,0.99416,0.99442,1.50,1.50
2016.07.13 11:46:51.347,0.99418,0.99442,1.00,1.50
2016.07.13 11:46:51.858,0.99419,0.99442,1.00,1.50
2016.07.13 11:46:52.609,0.99419,0.99443,1.37,1.37
2016.07.13 11:46:53.130,0.99419,0.99443,1.12,1.75
2016.07.13 11:47:01.617,0.9942,0.99444,1.00,1.75
2016.07.13 11:47:01.930,0.99423,0.99444,1.00,1.75
2016.07.13 11:47:02.312,0.9942,0.99444,1.12,2.25
2016.07.13 11:47:10.371,0.99419,0.99441,1.00,1.00
2016.07.13 11:47:10.721,0.99419,0.99441,1.00,1.50
2016.07.13 11:47:11.248,0.99419,0.99441,1.00,1.75
2016.07.13 11:47:11.556,0.99419,0.99441,1.00,1.37
2016.07.13 11:47:15.240,0.99418,0.99442,1.12,1.50
2016.07.13 11:47:15.442,0.9942,0.99442,1.37,1.37
2016.07.13 11:47:15.492,0.99423,0.99442,1.00,1.00
2016.07.13 11:47:15.543,0.99423,0.99446,1.00,1.00
2016.07.13 11:47:15.843,0.99419,0.99445,1.50,1.50
2016.07.13 11:47:16.195,0.99419,0.99445,2.25,1.00
2016.07.13 11:47:16.726,0.99423,0.99445,1.00,1.00
2016.07.13 11:47:17.267,0.99421,0.99445,1.50,1.00
2016.07.13 11:47:17.570,0.9942,0.99444,1.75,1.50
2016.07.13 11:47:18.229,0.99419,0.99442,1.75,1.00
2016.07.13 11:47:19.330,0.99418,0.99443,2.25,1.12
2016.07.13 11:47:19.481,0.99419,0.99443,1.12,1.75
2016.07.13 11:47:21.650,0.99415,0.99441,1.75,1.50
2016.07.13 11:47:21.874,0.99415,0.99441,1.75,1.75
2016.07.13 11:47:23.151,0.99419,0.99441,1.00,1.75
2016.07.13 11:47:24.954,0.99415,0.99441,1.75,1.75
2016.07.13 11:47:25.954,0.99419,0.99441,1.00,1.75
2016.07.13 11:47:26.956,0.99415,0.99441,1.75,1.75
2016.07.13 11:47:27.686,0.99418,0.99441,1.00,1.75
2016.07.13 11:47:28.958,0.99416,0.99442,1.50,1.75
2016.07.13 11:47:29.558,0.99419,0.99442,1.00,1.75
2016.07.13 11:47:30.405,0.99418,0.99442,1.00,1.87
2016.07.13 11:47:30.914,0.99418,0.99442,1.50,1.75
2016.07.13 11:47:31.718,0.99419,0.99441,1.00,1.00
2016.07.13 11:47:34.538,0.99417,0.99441,1.50,1.12
2016.07.13 11:47:37.569,0.99419,0.9944,1.00,1.00
2016.07.13 11:47:38.111,0.99415,0.99439,2.62,1.00
2016.07.13 11:47:38.634,0.99415,0.99439,2.25,1.12
2016.07.13 11:47:43.510,0.99419,0.99441,1.00,1.50
2016.07.13 11:47:44.286,0.99418,0.99442,1.00,1.75
2016.07.13 11:47:46.016,0.99418,0.99441,2.25,1.00
2016.07.13 11:47:46.566,0.99419,0.99441,1.00,1.00
2016.07.13 11:47:47.908,0.99419,0.9944,1.00,1.00
2016.07.13 11:47:48.511,0.99418,0.9944,1.00,1.00
2016.07.13 11:47:49.043,0.99416,0.9944,1.75,1.37
2016.07.13 11:47:49.563,0.99415,0.99439,1.75,1.12
2016.07.13 11:47:49.614,0.99415,0.99439,1.75,1.00
2016.07.13 11:47:50.134,0.99419,0.99441,1.12,1.50
2016.07.13 11:47:57.138,0.99419,0.99441,1.12,1.12
2016.07.13 11:47:57.673,0.99419,0.99441,1.12,1.50
2016.07.13 11:47:59.944,0.99418,0.99441,1.50,1.12
2016.07.13 11:48:01.046,0.99418,0.99441,1.50,1.37
2016.07.13 11:48:01.747,0.99418,0.99441,1.75,1.00
2016.07.13 11:48:03.953,0.99419,0.99441,1.00,1.37
2016.07.13 11:48:20.195,0.99419,0.9944,1.37,1.12
2016.07.13 11:48:21.594,0.99419,0.99441,1.50,1.50
2016.07.13 11:48:28.747,0.99416,0.9944,1.75,1.00
2016.07.13 11:48:28.949,0.99414,0.99438,1.37,1.37
2016.07.13 11:48:29.280,0.99414,0.99438,1.37,1.12
2016.07.13 11:48:29.791,0.99414,0.9944,1.75,1.12
2016.07.13 11:48:30.745,0.99419,0.99441,1.00,1.50
2016.07.13 11:48:32.944,0.99416,0.99442,1.75,1.75
2016.07.13 11:48:33.948,0.99419,0.99441,1.00,1.50
2016.07.13 11:48:33.999,0.99419,0.99441,1.00,1.50
2016.07.13 11:48:34.050,0.99414,0.9944,1.87,1.75
2016.07.13 11:48:34.283,0.99414,0.99437,1.00,1.75
2016.07.13 11:48:35.622,0.99414,0.99437,1.00,1.50
2016.07.13 11:48:35.824,0.99418,0.99438,1.00,1.00
2016.07.13 11:48:35.976,0.99418,0.99445,2.62,1.50
2016.07.13 11:48:38.104,0.9942,0.99444,1.12,1.00
2016.07.13 11:48:38.205,0.99422,0.99446,2.62,1.12
2016.07.13 11:48:43.123,0.99424,0.99447,1.00,1.37
2016.07.13 11:48:43.374,0.99429,0.99447,1.00,1.87
2016.07.13 11:48:44.978,0.99423,0.99447,1.00,1.87
2016.07.13 11:48:45.348,0.99429,0.99447,1.00,1.87
2016.07.13 11:48:45.967,0.99424,0.99447,1.37,1.50
2016.07.13 11:48:46.583,0.99423,0.99445,1.75,1.00
2016.07.13 11:48:47.337,0.99424,0.99447,1.50,1.87
2016.07.13 11:48:47.691,0.99422,0.99449,2.25,1.12
2016.07.13 11:48:47.742,0.99422,0.99447,2.25,1.37
2016.07.13 11:48:48.290,0.99421,0.99445,1.75,1.00
2016.07.13 11:48:48.489,0.99419,0.99444,1.75,1.12
2016.07.13 11:48:53.278,0.99422,0.99446,1.50,1.00
2016.07.13 11:48:54.174,0.99421,0.99447,1.75,1.37
2016.07.13 11:48:54.705,0.99422,0.99446,1.00,1.50
2016.07.13 11:48:58.763,0.99422,0.99445,1.00,1.00
2016.07.13 11:48:59.116,0.99422,0.99446,1.60,1.00
2016.07.13 11:48:59.427,0.99428,0.99452,3.00,1.00
2016.07.13 11:48:59.529,0.99428,0.9945,1.00,1.50
2016.07.13 11:48:59.630,0.99426,0.9945,1.00,1.50
2016.07.13 11:48:59.681,0.99423,0.99447,2.25,1.37
2016.07.13 11:48:59.731,0.99423,0.99447,1.50,1.50
2016.07.13 11:49:04.102,0.99421,0.99446,1.37,1.50
2016.07.13 11:49:04.253,0.9942,0.99446,1.12,2.25
2016.07.13 11:49:05.533,0.9942,0.99446,1.50,2.25
2016.07.13 11:49:06.037,0.9942,0.99443,1.00,1.00
2016.07.13 11:49:17.382,0.99422,0.99446,1.00,2.62
2016.07.13 11:49:18.084,0.99421,0.99445,1.37,1.37
2016.07.13 11:49:18.386,0.99417,0.99442,1.37,1.50
2016.07.13 11:49:18.437,0.99417,0.99442,1.12,1.75
2016.07.13 11:49:18.548,0.99417,0.99442,1.75,2.25
2016.07.13 11:49:18.649,0.99417,0.99442,1.50,2.25
2016.07.13 11:49:19.002,0.99422,0.99445,1.00,3.37
2016.07.13 11:49:19.052,0.99422,0.99445,1.00,1.75
2016.07.13 11:49:19.103,0.9942,0.99445,1.12,1.75
2016.07.13 11:49:19.204,0.99422,0.99446,1.00,1.37
2016.07.13 11:49:19.255,0.99422,0.99446,1.12,1.12
2016.07.13 11:49:19.305,0.9942,0.99446,1.75,1.12
2016.07.13 11:49:19.657,0.9942,0.99444,1.50,1.37
2016.07.13 11:49:21.282,0.99417,0.99442,2.62,1.12
2016.07.13 11:49:21.332,0.99416,0.99442,1.75,1.50
2016.07.13 11:49:21.434,0.99415,0.9944,1.12,1.50
2016.07.13 11:49:24.380,0.99419,0.99443,1.00,2.25
2016.07.13 11:49:24.532,0.99419,0.99443,1.50,1.50
2016.07.13 11:49:25.128,0.99419,0.99443,1.00,1.60
2016.07.13 11:49:25.280,0.99415,0.99439,1.87,1.50
2016.07.13 11:49:25.437,0.99413,0.99439,2.25,1.75
2016.07.13 11:49:25.588,0.99413,0.99438,1.12,1.75
2016.07.13 11:49:25.740,0.99413,0.99437,2.25,1.12
2016.07.13 11:49:27.369,0.99416,0.9944,1.00,1.75
2016.07.13 11:49:27.672,0.99422,0.99448,1.50,1.75
2016.07.13 11:49:27.813,0.99422,0.99448,1.75,1.75
2016.07.13 11:49:29.134,0.99427,0.9945,1.00,1.00
2016.07.13 11:49:29.386,0.99424,0.9945,1.50,1.50
2016.07.13 11:49:29.436,0.99424,0.99448,1.50,1.00
2016.07.13 11:49:31.407,0.99424,0.99447,1.00,1.00
2016.07.13 11:49:36.482,0.99427,0.99448,1.00,1.00
2016.07.13 11:49:36.583,0.99429,0.99451,1.00,1.12
2016.07.13 11:49:37.358,0.99427,0.99451,1.00,1.87
2016.07.13 11:49:39.136,0.99427,0.9945,1.37,1.00
2016.07.13 11:49:39.488,0.99437,0.99451,1.00,1.37
2016.07.13 11:49:39.589,0.99438,0.99461,1.50,1.00
2016.07.13 11:49:39.691,0.99435,0.99459,1.37,1.50
2016.07.13 11:49:40.211,0.99439,0.99463,1.00,1.75
2016.07.13 11:49:40.413,0.99437,0.99461,1.12,1.50
2016.07.13 11:49:40.614,0.99439,0.99464,1.00,1.75
2016.07.13 11:49:40.665,0.99439,0.99462,1.00,1.00
2016.07.13 11:49:41.220,0.99444,0.99462,1.00,1.00
2016.07.13 11:49:41.291,0.99441,0.99462,1.00,1.00
2016.07.13 11:49:41.392,0.99438,0.99462,1.50,1.00
2016.07.13 11:49:41.494,0.9944,0.99462,1.00,1.00
2016.07.13 11:49:41.993,0.99438,0.99462,1.87,1.50
2016.07.13 11:49:42.485,0.99443,0.99464,1.00,2.25
2016.07.13 11:49:42.536,0.99443,0.99461,1.00,1.00
2016.07.13 11:49:43.022,0.9944,0.99461,1.00,1.00
2016.07.13 11:49:43.322,0.99444,0.99461,1.00,1.00
2016.07.13 11:49:43.724,0.99442,0.99461,1.00,1.00
2016.07.13 11:49:43.793,0.99438,0.99461,1.12,1.00
2016.07.13 11:49:44.020,0.99444,0.99461,1.00,1.00
2016.07.13 11:49:46.027,0.99441,0.99461,1.00,1.00
2016.07.13 11:49:46.128,0.99438,0.99461,1.00,1.00
2016.07.13 11:49:46.311,0.99439,0.99462,1.00,1.75
2016.07.13 11:49:47.391,0.99438,0.99459,1.00,1.00
2016.07.13 11:49:47.908,0.99436,0.99459,1.00,1.00
2016.07.13 11:49:48.312,0.99438,0.99459,1.00,1.00
2016.07.13 11:49:48.831,0.99437,0.99459,1.00,1.00
2016.07.13 11:49:49.133,0.99439,0.99459,1.00,1.00
2016.07.13 11:49:49.335,0.99436,0.99457,1.00,1.00
2016.07.13 11:49:49.436,0.99438,0.99461,1.00,2.25
2016.07.13 11:49:49.916,0.99444,0.99463,1.00,1.75
2016.07.13 11:49:50.017,0.99442,0.99466,1.00,2.62
2016.07.13 11:49:50.118,0.99442,0.99469,1.12,2.25
2016.07.13 11:49:50.219,0.99444,0.99468,1.00,2.62
2016.07.13 11:49:51.016,0.99448,0.99468,1.00,2.62
2016.07.13 11:49:51.419,0.99444,0.99466,1.00,1.75
2016.07.13 11:49:53.023,0.99443,0.99466,1.00,1.75
2016.07.13 11:49:54.166,0.99442,0.99466,1.00,2.25
2016.07.13 11:49:54.817,0.99439,0.99465,1.75,1.75
2016.07.13 11:49:57.342,0.99442,0.99466,1.00,2.62
2016.07.13 11:49:59.032,0.99444,0.99466,1.00,2.62
2016.07.13 11:49:59.549,0.99442,0.99466,1.00,2.62
2016.07.13 11:50:00.106,0.9944,0.99466,1.50,2.62
2016.07.13 11:50:00.231,0.99443,0.99466,1.00,2.62
2016.07.13 11:50:00.739,0.9944,0.99466,1.50,2.62
2016.07.13 11:50:02.556,0.9944,0.99466,2.25,1.37
2016.07.13 11:50:02.860,0.9944,0.99465,2.25,1.50
2016.07.13 11:50:02.961,0.99438,0.99463,1.75,1.50
2016.07.13 11:50:03.290,0.99442,0.99466,1.50,1.75
2016.07.13 11:50:03.341,0.99442,0.99466,1.75,1.12
2016.07.13 11:50:03.855,0.99445,0.99469,1.00,2.25
2016.07.13 11:50:07.555,0.99443,0.99468,2.25,1.75
2016.07.13 11:50:08.369,0.99442,0.99467,1.00,1.75
2016.07.13 11:50:08.873,0.99441,0.99466,1.12,2.25
2016.07.13 11:50:09.355,0.99443,0.99466,1.00,1.75
2016.07.13 11:50:09.657,0.9944,0.99465,1.00,1.75
2016.07.13 11:50:10.069,0.9944,0.99465,1.00,2.25
2016.07.13 11:50:10.271,0.99444,0.99464,1.00,1.75
2016.07.13 11:50:11.074,0.99443,0.99464,1.00,1.35
2016.07.13 11:50:11.175,0.9944,0.99465,1.37,2.47
2016.07.13 11:50:11.276,0.99439,0.99464,1.12,2.10
2016.07.13 11:50:11.578,0.99444,0.99464,1.00,1.87
2016.07.13 11:50:15.591,0.99444,0.99462,1.00,1.75
2016.07.13 11:50:16.962,0.99441,0.99462,1.00,1.50
2016.07.13 11:50:17.073,0.99442,0.99462,1.00,1.12
2016.07.13 11:50:17.583,0.99442,0.99464,1.00,1.75
2016.07.13 11:50:17.785,0.99442,0.99463,1.00,1.12
2016.07.13 11:50:18.087,0.99444,0.99464,1.00,1.00
2016.07.13 11:50:19.062,0.99443,0.99464,1.00,1.00
2016.07.13 11:50:19.622,0.99442,0.99467,1.00,1.75
2016.07.13 11:50:20.331,0.99443,0.99467,1.00,2.25
2016.07.13 11:50:21.794,0.99443,0.99467,1.00,2.25
2016.07.13 11:50:22.147,0.99441,0.99465,1.00,1.75
2016.07.13 11:50:23.272,0.9944,0.99464,1.00,1.75
2016.07.13 11:50:23.804,0.99441,0.99465,1.00,1.75
2016.07.13 11:50:26.474,0.99441,0.99466,1.12,1.50
2016.07.13 11:50:26.978,0.99442,0.99466,1.00,1.50
2016.07.13 11:50:27.198,0.99442,0.99463,1.00,1.00
2016.07.13 11:50:27.872,0.99441,0.99463,1.00,1.00
2016.07.13 11:50:28.187,0.99443,0.99463,1.00,1.00
2016.07.13 11:50:28.716,0.99443,0.99462,1.00,1.00
2016.07.13 11:50:30.028,0.99445,0.99466,1.00,1.75
2016.07.13 11:50:30.079,0.99447,0.9947,1.00,1.76
2016.07.13 11:50:30.180,0.99447,0.99469,1.00,1.50
2016.07.13 11:50:30.683,0.99447,0.99471,1.12,1.75
2016.07.13 11:50:30.784,0.99447,0.99471,1.00,1.87
2016.07.13 11:50:31.065,0.99441,0.99467,1.75,1.12
2016.07.13 11:50:31.116,0.99441,0.99467,1.12,1.75
2016.07.13 11:50:31.419,0.99443,0.99467,1.00,2.25
2016.07.13 11:50:31.700,0.99443,0.99467,1.00,1.75
2016.07.13 11:50:32.003,0.99442,0.99462,1.00,1.00
2016.07.13 11:50:32.312,0.99441,0.99464,1.00,1.75
2016.07.13 11:50:32.363,0.99439,0.99463,1.00,2.25
2016.07.13 11:50:32.514,0.9944,0.99463,1.00,1.75
2016.07.13 11:50:33.113,0.9944,0.99463,1.00,1.75
2016.07.13 11:50:33.705,0.99439,0.99463,1.00,1.75
2016.07.13 11:50:35.526,0.99439,0.99464,1.12,2.25
2016.07.13 11:50:35.727,0.99441,0.99465,1.00,1.00
2016.07.13 11:50:35.828,0.99443,0.99466,1.00,1.50
2016.07.13 11:50:36.140,0.9944,0.99467,1.50,2.25
2016.07.13 11:50:36.483,0.99442,0.99467,1.50,2.25
2016.07.13 11:50:37.521,0.99441,0.99464,1.00,1.00
2016.07.13 11:50:37.792,0.99441,0.99465,1.00,2.25
2016.07.13 11:50:38.044,0.99443,0.99467,1.12,1.75
2016.07.13 11:50:38.498,0.99443,0.99462,1.00,1.12
2016.07.13 11:50:38.814,0.99438,0.99461,1.00,2.25
2016.07.13 11:50:39.016,0.99435,0.99461,1.12,2.25
2016.07.13 11:50:39.217,0.99434,0.99459,1.75,1.12
2016.07.13 11:50:39.710,0.99437,0.99462,1.12,1.12
2016.07.13 11:50:40.703,0.99439,0.99463,1.00,1.50
2016.07.13 11:50:41.010,0.99444,0.99461,1.00,1.00
2016.07.13 11:50:41.715,0.99444,0.99464,1.00,2.25
2016.07.13 11:50:41.816,0.9944,0.99459,1.00,1.00
2016.07.13 11:50:42.031,0.99439,0.99457,1.00,1.00
2016.07.13 11:50:42.443,0.99439,0.99461,1.00,1.75
2016.07.13 11:50:42.595,0.99437,0.9946,1.00,1.50
2016.07.13 11:50:43.171,0.99436,0.99461,1.12,1.75
2016.07.13 11:50:43.224,0.99439,0.99461,1.00,1.75
2016.07.13 11:50:43.426,0.99446,0.99469,1.00,1.00
2016.07.13 11:50:43.527,0.99449,0.9947,1.00,1.75
2016.07.13 11:50:43.728,0.99446,0.99469,1.00,1.75
2016.07.13 11:50:43.779,0.99444,0.99469,1.50,1.75
2016.07.13 11:50:43.931,0.99444,0.99467,1.00,2.25
2016.07.13 11:50:44.900,0.99439,0.99466,2.25,1.75
2016.07.13 11:50:45.001,0.99444,0.99463,1.00,1.00
2016.07.13 11:50:45.152,0.99444,0.99466,1.00,1.00
2016.07.13 11:50:45.203,0.99448,0.99466,1.00,1.00
2016.07.13 11:50:45.422,0.99444,0.99469,1.50,3.37
2016.07.13 11:50:45.725,0.99449,0.99469,1.00,1.75
2016.07.13 11:50:46.229,0.99449,0.9947,1.00,1.75
2016.07.13 11:50:46.700,0.99446,0.99469,1.00,1.75
2016.07.13 11:50:47.238,0.99449,0.9947,1.00,2.25
2016.07.13 11:50:47.339,0.99449,0.99469,1.00,1.00
2016.07.13 11:50:47.641,0.9945,0.99474,1.12,1.75
2016.07.13 11:50:48.502,0.99451,0.99475,1.00,1.75
2016.07.13 11:50:48.908,0.99453,0.99476,1.00,2.62
2016.07.13 11:50:48.959,0.99453,0.99477,1.00,1.75
2016.07.13 11:50:50.305,0.9945,0.99473,1.75,1.12
2016.07.13 11:50:50.356,0.9945,0.9947,1.00,1.00
2016.07.13 11:50:50.666,0.99449,0.99468,1.00,1.35
2016.07.13 11:50:50.717,0.99443,0.99466,1.50,1.75
2016.07.13 11:50:50.919,0.99445,0.99469,1.00,2.25
2016.07.13 11:50:50.969,0.99445,0.99466,1.00,1.00
2016.07.13 11:50:51.121,0.99454,0.99466,1.00,1.00
2016.07.13 11:50:52.902,0.99454,0.99473,1.00,3.37
2016.07.13 11:50:52.953,0.99453,0.99477,1.00,2.25
2016.07.13 11:50:53.054,0.99452,0.99478,1.12,1.75
2016.07.13 11:50:53.155,0.99452,0.99478,1.00,1.75
2016.07.13 11:50:53.457,0.99454,0.99478,1.00,1.75
2016.07.13 11:50:53.759,0.99456,0.99479,1.00,4.50
2016.07.13 11:50:53.961,0.99454,0.99479,1.00,4.50
2016.07.13 11:50:54.505,0.99453,0.99478,1.00,1.75
2016.07.13 11:50:54.657,0.99455,0.99479,1.00,3.37
2016.07.13 11:50:57.764,0.99454,0.99479,1.00,3.37
2016.07.13 11:50:58.279,0.99455,0.99479,1.00,3.75
2016.07.13 11:50:58.819,0.99454,0.99477,1.00,1.75
2016.07.13 11:50:59.121,0.99454,0.99471,1.00,1.75
2016.07.13 11:50:59.476,0.99454,0.99473,1.00,3.00
2016.07.13 11:50:59.818,0.99452,0.99474,1.00,2.62
2016.07.13 11:50:59.869,0.99453,0.99477,1.00,2.62
2016.07.13 11:50:59.970,0.99459,0.99477,1.00,1.37
2016.07.13 11:51:00.071,0.9946,0.99478,1.00,1.00
2016.07.13 11:51:00.592,0.99459,0.99478,1.00,1.00
2016.07.13 11:51:07.257,0.99455,0.99478,1.00,1.00
2016.07.13 11:51:07.358,0.99459,0.99478,1.00,1.00
2016.07.13 11:51:07.867,0.99459,0.99477,1.00,1.00
2016.07.13 11:51:08.371,0.9946,0.99483,1.00,1.75
2016.07.13 11:51:08.647,0.99456,0.99481,1.50,1.50
2016.07.13 11:51:08.698,0.99456,0.99481,1.12,1.75
2016.07.13 11:51:08.749,0.99454,0.99481,1.12,1.75
2016.07.13 11:51:09.052,0.99458,0.99479,1.00,1.75
2016.07.13 11:51:09.596,0.99458,0.99479,1.00,1.00
2016.07.13 11:51:09.646,0.9946,0.99479,1.00,1.00
2016.07.13 11:51:09.963,0.99464,0.99479,1.00,1.00
2016.07.13 11:51:10.164,0.9946,0.99479,1.00,1.00
2016.07.13 11:51:10.684,0.99459,0.99479,1.00,1.00
2016.07.13 11:51:12.237,0.99458,0.99479,1.00,1.00
2016.07.13 11:51:15.561,0.99459,0.99483,1.00,1.87
2016.07.13 11:51:16.779,0.99463,0.99483,1.00,1.75
2016.07.13 11:51:18.584,0.99459,0.99481,1.00,1.00
2016.07.13 11:51:19.478,0.99463,0.99481,1.00,1.00
2016.07.13 11:51:22.198,0.99463,0.99482,1.00,1.75
2016.07.13 11:51:26.385,0.99463,0.99483,1.00,1.75
2016.07.13 11:51:26.965,0.99463,0.99481,1.00,1.00
2016.07.13 11:51:28.953,0.99459,0.99481,1.00,1.00
2016.07.13 11:51:29.169,0.99463,0.99481,1.00,1.00
2016.07.13 11:51:29.775,0.99463,0.99482,1.00,1.75
2016.07.13 11:51:31.909,0.99463,0.99483,1.00,1.75
2016.07.13 11:51:32.010,0.99463,0.99484,1.00,1.50
2016.07.13 11:51:32.517,0.99463,0.99485,1.12,1.50
2016.07.13 11:51:33.050,0.99463,0.99486,1.50,1.50
2016.07.13 11:51:33.216,0.99464,0.99486,1.50,1.00
2016.07.13 11:51:33.761,0.99465,0.99489,1.12,1.75
2016.07.13 11:51:34.063,0.99465,0.99489,1.75,1.50
2016.07.13 11:51:37.159,0.99466,0.9949,1.50,1.00
2016.07.13 11:51:37.210,0.99464,0.99488,1.75,1.00
2016.07.13 11:51:37.512,0.99463,0.99488,1.12,1.75
2016.07.13 11:51:39.214,0.99464,0.99488,1.00,1.75
2016.07.13 11:51:42.475,0.99465,0.99489,1.12,1.12
2016.07.13 11:51:42.626,0.99469,0.99489,1.00,1.12
2016.07.13 11:51:42.677,0.99465,0.99489,1.12,1.12
2016.07.13 11:51:43.072,0.99464,0.99486,1.50,1.00
2016.07.13 11:51:43.577,0.99464,0.99486,1.75,1.00
2016.07.13 11:51:44.174,0.99463,0.99488,1.75,1.12
2016.07.13 11:51:45.077,0.99465,0.9949,1.75,1.00
2016.07.13 11:51:45.178,0.99464,0.99491,1.75,1.87
2016.07.13 11:51:45.322,0.99464,0.99491,1.75,1.12
2016.07.13 11:51:49.715,0.99464,0.99489,1.75,1.00
2016.07.13 11:51:49.887,0.99466,0.99491,1.50,1.75
2016.07.13 11:51:50.852,0.99466,0.99492,1.37,1.87
2016.07.13 11:51:51.082,0.99465,0.99488,1.00,1.00
2016.07.13 11:51:52.884,0.99466,0.99488,1.00,1.00
2016.07.13 11:51:54.802,0.99464,0.99488,1.50,1.50
2016.07.13 11:51:54.903,0.99464,0.99488,1.00,1.75
2016.07.13 11:51:55.325,0.99469,0.99491,1.00,2.25
2016.07.13 11:51:55.427,0.99467,0.99492,1.00,2.62
2016.07.13 11:51:55.528,0.99467,0.99491,1.50,1.50
2016.07.13 11:51:55.831,0.9947,0.99494,1.00,1.75
2016.07.13 11:51:55.882,0.9947,0.99494,1.00,1.50
2016.07.13 11:51:55.932,0.99474,0.99495,1.00,1.75
2016.07.13 11:51:56.433,0.99474,0.99497,1.00,1.75
2016.07.13 11:51:56.485,0.99474,0.99494,1.00,1.00
2016.07.13 11:51:56.789,0.99474,0.99496,1.50,3.00
2016.07.13 11:51:56.992,0.99474,0.99493,1.00,1.00
2016.07.13 11:51:57.093,0.9947,0.99496,1.75,1.50
2016.07.13 11:51:58.311,0.99469,0.99494,1.75,1.00
2016.07.13 11:51:58.448,0.99471,0.99494,1.00,1.50
2016.07.13 11:51:59.776,0.99471,0.99492,1.00,1.00
2016.07.13 11:51:59.928,0.99469,0.99491,1.00,1.00
2016.07.13 11:52:00.029,0.99474,0.9949,1.00,1.00
2016.07.13 11:52:00.552,0.99469,0.99493,1.00,1.75
2016.07.13 11:52:00.603,0.99469,0.99493,1.00,1.75
2016.07.13 11:52:00.704,0.99469,0.99492,1.00,1.75
2016.07.13 11:52:00.806,0.99469,0.99491,1.00,1.00
2016.07.13 11:52:01.354,0.99468,0.99491,2.25,1.00
2016.07.13 11:52:01.940,0.99469,0.99491,1.00,1.00
2016.07.13 11:52:02.306,0.99466,0.99492,1.37,1.75
2016.07.13 11:52:02.631,0.99468,0.99494,2.25,2.25
2016.07.13 11:52:04.336,0.99474,0.99494,1.00,2.25
2016.07.13 11:52:04.537,0.99474,0.99498,1.00,2.25
2016.07.13 11:52:04.638,0.99479,0.99496,1.00,1.75
2016.07.13 11:52:04.739,0.99474,0.99495,1.50,1.75
2016.07.13 11:52:06.067,0.99471,0.99496,1.00,1.75
2016.07.13 11:52:06.118,0.99469,0.99495,3.00,1.50
2016.07.13 11:52:06.552,0.99474,0.99496,1.00,2.25
2016.07.13 11:52:07.383,0.99473,0.99496,1.00,2.25
2016.07.13 11:52:07.486,0.9947,0.99492,1.00,1.00
2016.07.13 11:52:07.536,0.9947,0.99494,1.00,2.62
2016.07.13 11:52:07.637,0.9947,0.99494,1.00,1.50
2016.07.13 11:52:07.735,0.99469,0.99494,1.37,1.50
2016.07.13 11:52:07.787,0.99468,0.99494,1.50,1.75
2016.07.13 11:52:07.837,0.99468,0.99494,1.50,2.25
2016.07.13 11:52:08.328,0.9947,0.99494,1.00,2.25
2016.07.13 11:52:08.429,0.9947,0.99492,1.00,1.00
2016.07.13 11:52:08.581,0.99473,0.99494,1.00,1.50
2016.07.13 11:52:08.851,0.99469,0.99493,1.00,1.75
2016.07.13 11:52:08.952,0.99469,0.99494,1.50,1.75
2016.07.13 11:52:09.462,0.99469,0.99491,1.00,1.75
2016.07.13 11:52:10.843,0.99468,0.99491,1.50,1.75
2016.07.13 11:52:11.492,0.99469,0.99491,1.00,1.75
2016.07.13 11:52:11.997,0.99469,0.99492,1.00,1.75
2016.07.13 11:52:12.546,0.99468,0.99492,1.50,2.25
2016.07.13 11:52:13.891,0.99469,0.99491,1.00,1.00
2016.07.13 11:52:14.941,0.99469,0.9949,1.50,1.00
2016.07.13 11:52:16.952,0.99468,0.9949,1.50,1.00
2016.07.13 11:52:17.597,0.99469,0.9949,1.00,1.00
2016.07.13 11:52:19.586,0.99466,0.9949,1.00,1.00
2016.07.13 11:52:23.252,0.99466,0.99488,1.00,1.00
2016.07.13 11:52:24.019,0.99466,0.99489,1.00,1.00
2016.07.13 11:52:24.872,0.99466,0.9949,1.50,1.50
2016.07.13 11:52:25.174,0.9947,0.99494,1.12,1.75
2016.07.13 11:52:25.275,0.99471,0.99494,1.00,1.50
2016.07.13 11:52:27.887,0.99471,0.99494,1.00,1.87
2016.07.13 11:52:27.938,0.99471,0.9949,1.00,1.00
2016.07.13 11:52:28.089,0.99466,0.9949,1.12,1.75
2016.07.13 11:52:28.190,0.99467,0.9949,1.00,1.00
2016.07.13 11:52:28.291,0.99469,0.9949,1.00,1.00
2016.07.13 11:52:29.000,0.99468,0.9949,1.00,1.00
2016.07.13 11:52:29.303,0.99466,0.99489,1.00,1.00
2016.07.13 11:52:29.872,0.99466,0.99488,1.00,1.00
2016.07.13 11:52:29.973,0.99465,0.99488,1.75,1.00
2016.07.13 11:52:31.388,0.99464,0.99488,1.75,1.12
2016.07.13 11:52:31.590,0.99466,0.9949,1.50,1.12
2016.07.13 11:52:31.690,0.99466,0.99488,1.00,1.00
2016.07.13 11:52:32.031,0.99468,0.99491,1.00,1.50
2016.07.13 11:52:32.546,0.99464,0.9949,1.75,1.37
2016.07.13 11:52:40.083,0.99469,0.9949,1.00,1.37
2016.07.13 11:52:40.622,0.99469,0.9949,1.12,1.12
2016.07.13 11:52:41.126,0.99465,0.99489,2.25,1.00
2016.07.13 11:52:41.177,0.99467,0.99491,1.75,1.12
2016.07.13 11:52:41.696,0.99471,0.99492,1.00,1.00
2016.07.13 11:52:45.590,0.99471,0.99494,1.00,1.50
2016.07.13 11:52:45.853,0.99471,0.99492,1.00,1.00
2016.07.13 11:52:46.155,0.99474,0.99495,1.00,1.35
2016.07.13 11:52:46.358,0.99474,0.995,1.75,1.50
2016.07.13 11:52:46.610,0.99475,0.995,1.00,1.50
2016.07.13 11:52:47.669,0.99478,0.99501,1.00,1.12
2016.07.13 11:52:47.770,0.99478,0.99502,1.75,1.50
2016.07.13 11:52:47.961,0.99476,0.995,2.25,1.00
2016.07.13 11:52:49.263,0.99475,0.99498,2.62,1.00
2016.07.13 11:52:49.364,0.99473,0.99497,1.75,1.00
2016.07.13 11:52:49.465,0.99473,0.99497,1.50,1.50
2016.07.13 11:52:49.516,0.99473,0.99497,1.50,1.12
2016.07.13 11:52:49.566,0.99476,0.995,1.00,1.00
2016.07.13 11:52:49.617,0.99475,0.99501,1.75,1.50
2016.07.13 11:52:50.221,0.99478,0.99501,1.00,1.50
2016.07.13 11:52:50.645,0.99479,0.99503,1.37,1.50
2016.07.13 11:52:50.695,0.9948,0.99503,1.00,1.50
2016.07.13 11:52:51.199,0.9948,0.99502,1.00,1.00
2016.07.13 11:52:52.303,0.99477,0.99501,1.50,1.00
2016.07.13 11:52:52.354,0.99477,0.99501,1.50,1.37
2016.07.13 11:52:52.656,0.99473,0.99496,1.75,1.00
2016.07.13 11:52:53.619,0.99473,0.99496,1.50,1.12
2016.07.13 11:52:54.201,0.99472,0.99496,1.50,1.12
2016.07.13 11:52:54.716,0.99474,0.99496,1.00,1.00
2016.07.13 11:53:00.265,0.99475,0.99498,1.00,1.00
2016.07.13 11:53:00.966,0.99474,0.99498,1.50,1.00
2016.07.13 11:53:02.378,0.99471,0.99495,2.62,1.00
2016.07.13 11:53:02.882,0.99472,0.99496,1.75,1.12
2016.07.13 11:53:03.033,0.99472,0.99496,1.75,1.12
2016.07.13 11:53:03.537,0.99469,0.99495,3.37,1.00
2016.07.13 11:53:03.679,0.99468,0.99493,1.87,1.00
2016.07.13 11:53:03.831,0.99467,0.99491,1.87,1.12
2016.07.13 11:53:04.184,0.99467,0.99491,1.50,1.37
2016.07.13 11:53:04.712,0.99467,0.99491,1.12,1.50
2016.07.13 11:53:05.886,0.99465,0.99491,1.87,1.12
2016.07.13 11:53:06.170,0.99468,0.99492,1.37,1.00
2016.07.13 11:53:06.698,0.99467,0.99493,1.75,1.37
2016.07.13 11:53:09.695,0.99471,0.99495,1.00,2.25
2016.07.13 11:53:10.204,0.99469,0.99491,1.37,1.00
2016.07.13 11:53:11.501,0.99469,0.99495,1.87,1.75
2016.07.13 11:53:15.339,0.99469,0.99493,1.75,1.37
2016.07.13 11:53:15.908,0.9947,0.99493,1.00,1.50
2016.07.13 11:53:16.419,0.99469,0.99494,1.75,1.12
2016.07.13 11:53:18.461,0.99474,0.99494,1.00,1.12
2016.07.13 11:53:18.979,0.99474,0.99493,1.00,1.00
2016.07.13 11:53:20.342,0.9947,0.99493,1.50,1.00
2016.07.13 11:53:29.669,0.99469,0.99494,1.75,1.37
2016.07.13 11:53:30.421,0.99471,0.99494,1.00,1.00
2016.07.13 11:53:31.616,0.99469,0.99494,1.75,1.37
2016.07.13 11:53:32.609,0.9947,0.99494,1.50,1.75
2016.07.13 11:53:35.101,0.99469,0.99494,1.37,1.75
2016.07.13 11:53:35.152,0.99469,0.99494,1.00,1.75
2016.07.13 11:53:35.253,0.99469,0.99492,1.00,1.75
2016.07.13 11:53:35.756,0.99468,0.99491,1.00,1.75
2016.07.13 11:53:36.974,0.99466,0.99491,1.00,1.75
2016.07.13 11:53:38.276,0.99469,0.99491,1.00,1.75
2016.07.13 11:53:38.753,0.99468,0.99491,1.00,2.25
2016.07.13 11:53:39.128,0.99468,0.99491,1.00,2.62
2016.07.13 11:53:41.110,0.99467,0.99488,1.00,1.00
2016.07.13 11:53:41.211,0.99465,0.99488,1.50,1.00
2016.07.13 11:53:41.522,0.99464,0.99488,1.87,1.50
2016.07.13 11:53:41.825,0.99468,0.99487,1.00,1.75
2016.07.13 11:53:42.960,0.99468,0.9949,1.00,1.75
2016.07.13 11:53:44.121,0.99469,0.99491,1.00,2.25
2016.07.13 11:53:44.721,0.99468,0.9949,1.00,1.75
2016.07.13 11:53:45.226,0.99469,0.9949,1.00,1.75
2016.07.13 11:53:46.985,0.99468,0.9949,1.00,1.75
2016.07.13 11:53:48.989,0.99469,0.99491,1.00,2.25
2016.07.13 11:53:55.674,0.99469,0.99489,1.00,1.00
2016.07.13 11:53:56.260,0.99468,0.99489,1.50,1.00
2016.07.13 11:53:56.997,0.99469,0.99489,1.00,1.00
2016.07.13 11:53:57.812,0.99468,0.99489,1.50,1.00
2016.07.13 11:53:58.414,0.99469,0.99492,1.00,1.75
2016.07.13 11:53:58.464,0.99469,0.9949,1.00,2.25
2016.07.13 11:53:58.900,0.99469,0.99489,1.00,1.75
2016.07.13 11:53:59.416,0.99468,0.99489,1.00,1.75
2016.07.13 11:54:00.395,0.99468,0.9949,1.00,2.25
2016.07.13 11:54:00.546,0.99464,0.99488,1.37,2.25
2016.07.13 11:54:00.597,0.99464,0.99488,1.00,2.25
2016.07.13 11:54:00.849,0.99466,0.99489,1.00,1.75
2016.07.13 11:54:00.950,0.99464,0.99488,1.50,1.75
2016.07.13 11:54:01.315,0.99465,0.99488,1.00,1.50
2016.07.13 11:54:01.836,0.99464,0.99486,1.00,1.00
2016.07.13 11:54:02.751,0.99463,0.99488,1.12,1.37
2016.07.13 11:54:02.802,0.99463,0.99488,1.50,1.12
2016.07.13 11:54:02.911,0.99464,0.99488,1.00,1.37
2016.07.13 11:54:03.015,0.99462,0.99486,1.50,1.50
2016.07.13 11:54:03.219,0.99468,0.99486,1.00,1.00
2016.07.13 11:54:03.807,0.99469,0.99486,1.00,1.00
2016.07.13 11:54:04.824,0.99468,0.99486,1.00,1.00
2016.07.13 11:54:05.356,0.99469,0.99487,1.00,1.00
2016.07.13 11:54:12.350,0.99463,0.99487,1.50,1.00
2016.07.13 11:54:12.724,0.99469,0.99487,1.00,1.00
2016.07.13 11:54:13.556,0.99468,0.99487,1.00,1.00
2016.07.13 11:54:15.421,0.99469,0.99487,1.00,1.00
2016.07.13 11:54:16.762,0.99464,0.99487,1.50,1.00
2016.07.13 11:54:16.965,0.99464,0.99485,1.00,1.00
2016.07.13 11:54:17.565,0.99464,0.99486,1.00,1.50
2016.07.13 11:54:17.968,0.99468,0.99488,1.00,1.50
2016.07.13 11:54:18.478,0.99464,0.99488,1.00,2.25
2016.07.13 11:54:18.630,0.99467,0.99489,1.12,1.00
2016.07.13 11:54:18.882,0.99469,0.99491,1.00,1.50
2016.07.13 11:54:21.029,0.99467,0.99491,1.12,2.25
2016.07.13 11:54:21.531,0.99469,0.99491,1.00,1.50
2016.07.13 11:54:22.432,0.99467,0.99491,1.12,2.25
2016.07.13 11:54:23.636,0.99467,0.99491,1.00,2.62
2016.07.13 11:54:24.256,0.99465,0.99491,1.50,1.87
2016.07.13 11:54:24.636,0.99465,0.99489,1.00,1.75
2016.07.13 11:54:25.012,0.99464,0.99488,1.50,1.12
2016.07.13 11:54:25.062,0.99461,0.99483,1.00,1.00
2016.07.13 11:54:25.163,0.99461,0.99486,1.00,3.37
2016.07.13 11:54:25.466,0.99462,0.99486,1.12,2.25
2016.07.13 11:54:26.000,0.99463,0.99487,1.00,1.75
2016.07.13 11:54:26.051,0.99463,0.99486,1.00,1.00
2016.07.13 11:54:26.102,0.99462,0.99486,1.12,1.50
2016.07.13 11:54:26.405,0.99469,0.99485,1.00,1.75
2016.07.13 11:54:27.046,0.99463,0.99485,1.00,1.75
2016.07.13 11:54:27.138,0.99468,0.99485,1.00,1.75
2016.07.13 11:54:27.376,0.99463,0.99485,1.00,1.75
2016.07.13 11:54:28.239,0.99469,0.99485,1.00,1.75
2016.07.13 11:54:29.049,0.99464,0.99485,1.00,1.75
2016.07.13 11:54:29.341,0.99469,0.99485,1.00,1.75
2016.07.13 11:54:31.055,0.99464,0.99485,1.00,1.75
2016.07.13 11:54:31.361,0.99469,0.99485,1.00,1.75
2016.07.13 11:54:31.664,0.99464,0.99486,1.50,1.75
2016.07.13 11:54:31.765,0.99466,0.99489,1.00,2.62
2016.07.13 11:54:31.914,0.99466,0.9949,1.75,1.50
2016.07.13 11:54:32.356,0.99464,0.99489,2.25,1.37
2016.07.13 11:54:32.659,0.99461,0.99485,1.00,1.75
2016.07.13 11:54:33.046,0.99464,0.99481,1.00,1.00
2016.07.13 11:54:33.509,0.99464,0.99485,1.00,2.25
2016.07.13 11:54:33.560,0.99464,0.99485,1.00,2.25
2016.07.13 11:54:34.291,0.99461,0.99483,1.00,1.75
2016.07.13 11:54:34.392,0.99459,0.99483,1.50,1.75
2016.07.13 11:54:34.921,0.99459,0.99482,1.00,1.75
2016.07.13 11:54:35.022,0.99459,0.99482,1.12,1.50
2016.07.13 11:54:35.568,0.99469,0.9948,1.00,1.00
2016.07.13 11:54:35.719,0.99469,0.99482,1.00,1.00
2016.07.13 11:54:36.595,0.9946,0.99482,1.00,1.00
2016.07.13 11:54:36.696,0.99459,0.99483,1.00,1.75
2016.07.13 11:54:37.402,0.99458,0.99483,1.12,2.25
2016.07.13 11:54:37.701,0.99458,0.99483,1.50,1.75
2016.07.13 11:54:38.205,0.99458,0.99481,1.00,2.25
2016.07.13 11:54:39.089,0.99455,0.99481,1.12,1.75
2016.07.13 11:54:39.554,0.99459,0.99481,1.00,1.75
2016.07.13 11:54:39.875,0.99455,0.99481,1.12,1.75
2016.07.13 11:54:40.284,0.99457,0.99478,1.12,1.00
2016.07.13 11:54:42.376,0.99455,0.99481,1.00,1.87
2016.07.13 11:54:43.469,0.99455,0.9948,1.00,2.62
2016.07.13 11:54:43.621,0.99451,0.99475,2.25,1.00
2016.07.13 11:54:43.672,0.99451,0.99475,3.00,1.00
2016.07.13 11:54:45.649,0.99458,0.9948,1.00,2.62
2016.07.13 11:54:45.750,0.99458,0.9948,1.00,1.75
2016.07.13 11:54:45.801,0.99458,0.99481,1.87,1.75
2016.07.13 11:54:46.053,0.99464,0.99484,1.00,3.37
2016.07.13 11:54:46.447,0.99458,0.99484,1.50,4.50
2016.07.13 11:54:46.498,0.99458,0.9948,1.00,1.37
2016.07.13 11:54:46.548,0.99456,0.99477,1.00,1.00
2016.07.13 11:54:47.088,0.99456,0.99476,1.00,1.00
2016.07.13 11:54:47.951,0.99458,0.99476,1.00,1.00
2016.07.13 11:54:50.149,0.99459,0.9948,1.00,1.75
2016.07.13 11:54:50.693,0.99459,0.99483,1.00,2.10
2016.07.13 11:54:50.903,0.99459,0.99481,1.00,1.00
2016.07.13 11:54:51.004,0.99458,0.99483,1.00,3.22
2016.07.13 11:54:51.306,0.99459,0.99479,1.00,3.37
2016.07.13 11:54:52.126,0.99454,0.99479,1.50,3.37
2016.07.13 11:54:52.996,0.99454,0.99479,1.00,1.75
2016.07.13 11:54:53.745,0.99454,0.9948,1.00,2.25
2016.07.13 11:54:54.178,0.99459,0.99479,1.00,1.75
2016.07.13 11:54:55.069,0.99454,0.99479,1.37,1.75
2016.07.13 11:54:55.271,0.99458,0.99479,1.00,1.75
2016.07.13 11:54:56.941,0.99454,0.99479,1.37,1.75
2016.07.13 11:54:57.295,0.9946,0.99479,1.00,1.00
2016.07.13 11:54:57.346,0.9946,0.99482,1.00,1.00
2016.07.13 11:54:57.447,0.99463,0.99482,1.00,1.00
2016.07.13 11:54:58.346,0.99465,0.99482,1.00,1.00
2016.07.13 11:54:58.497,0.99466,0.9949,1.00,3.75
2016.07.13 11:54:58.548,0.99468,0.9949,1.00,1.87
2016.07.13 11:54:58.650,0.99468,0.99488,1.00,1.00
2016.07.13 11:54:59.003,0.99461,0.99485,2.62,1.00
2016.07.13 11:54:59.279,0.99458,0.9948,1.50,1.00
2016.07.13 11:54:59.786,0.99456,0.99482,1.37,1.75
2016.07.13 11:54:59.938,0.99456,0.99481,1.37,1.00
2016.07.13 11:55:00.322,0.99457,0.99477,1.00,1.00
2016.07.13 11:55:00.473,0.99454,0.99477,1.00,1.75
2016.07.13 11:55:00.524,0.99454,0.99476,1.00,1.50
2016.07.13 11:55:01.937,0.99453,0.99476,1.00,1.75
2016.07.13 11:55:02.475,0.99454,0.99476,1.00,2.25
2016.07.13 11:55:07.274,0.99453,0.99477,1.00,1.75
2016.07.13 11:55:09.755,0.99453,0.99474,1.12,1.00
2016.07.13 11:55:10.285,0.99454,0.99474,1.00,1.12
2016.07.13 11:55:17.538,0.99454,0.99477,1.75,1.00
2016.07.13 11:55:17.853,0.99454,0.99475,1.75,1.00
2016.07.13 11:55:21.831,0.99453,0.99476,1.75,1.00
2016.07.13 11:55:22.363,0.99452,0.99475,1.75,1.00
2016.07.13 11:55:22.666,0.99459,0.99483,1.37,1.37
2016.07.13 11:55:22.767,0.99459,0.99482,1.75,1.00
2016.07.13 11:55:24.124,0.99458,0.99481,1.75,1.00
2016.07.13 11:55:24.448,0.99458,0.99481,1.75,1.00
2016.07.13 11:55:25.626,0.99458,0.99483,1.75,1.12
2016.07.13 11:55:26.136,0.99458,0.9948,1.75,1.00
2016.07.13 11:55:26.541,0.99458,0.99482,1.75,1.00
2016.07.13 11:55:27.353,0.99459,0.99482,3.37,1.00
2016.07.13 11:55:27.454,0.99462,0.99486,1.75,1.00
2016.07.13 11:55:29.297,0.9946,0.99486,1.75,1.37
2016.07.13 11:55:29.348,0.99459,0.99483,2.25,1.12
2016.07.13 11:55:29.864,0.99458,0.99482,2.25,1.00
2016.07.13 11:55:30.958,0.99458,0.99482,3.37,1.00
2016.07.13 11:55:32.867,0.99459,0.99482,2.62,1.00
2016.07.13 11:55:32.968,0.99464,0.99484,1.00,1.00
2016.07.13 11:55:33.069,0.99464,0.99486,1.00,1.00
2016.07.13 11:55:33.570,0.99464,0.99487,1.50,1.00
2016.07.13 11:55:35.393,0.99464,0.99486,1.00,1.00
2016.07.13 11:55:35.982,0.99469,0.99485,1.00,1.12
2016.07.13 11:55:36.083,0.99463,0.99485,1.00,1.12
2016.07.13 11:55:37.817,0.99461,0.99485,1.12,1.50
2016.07.13 11:55:38.170,0.99461,0.99481,1.00,1.00
2016.07.13 11:55:38.741,0.99459,0.99482,1.75,1.12
2016.07.13 11:55:40.482,0.99459,0.99483,1.75,1.12
2016.07.13 11:55:41.890,0.99458,0.99481,1.50,1.00
2016.07.13 11:55:42.311,0.99461,0.99483,1.00,1.00
2016.07.13 11:55:42.613,0.99463,0.99487,1.75,1.00
2016.07.13 11:55:43.092,0.99464,0.99486,1.00,1.12
2016.07.13 11:55:44.237,0.99459,0.99486,2.25,1.12
2016.07.13 11:55:44.872,0.99464,0.99486,1.00,1.12
2016.07.13 11:55:45.433,0.99463,0.99486,1.12,1.12
2016.07.13 11:55:46.116,0.99464,0.99486,1.00,1.12
2016.07.13 11:55:46.688,0.99464,0.99484,1.00,1.00
2016.07.13 11:55:46.790,0.99459,0.99484,3.00,1.00
2016.07.13 11:55:47.338,0.99461,0.99484,1.00,1.00
2016.07.13 11:55:48.699,0.99464,0.99484,1.00,1.00
2016.07.13 11:55:48.999,0.99461,0.99484,1.00,1.00
2016.07.13 11:55:51.123,0.99461,0.99483,1.00,1.00
2016.07.13 11:55:51.224,0.99459,0.99483,1.50,1.50
2016.07.13 11:55:52.622,0.99464,0.99484,1.00,1.37
2016.07.13 11:55:53.007,0.99459,0.99484,1.87,1.37
2016.07.13 11:55:53.529,0.99458,0.99484,1.87,1.75
2016.07.13 11:55:54.031,0.99458,0.99484,2.25,1.50
2016.07.13 11:55:54.224,0.99463,0.99484,1.00,1.50
2016.07.13 11:55:54.728,0.99464,0.99485,1.00,1.12
2016.07.13 11:55:54.912,0.99469,0.99485,1.00,1.12
2016.07.13 11:55:55.013,0.99461,0.99485,1.50,1.12
2016.07.13 11:55:55.193,0.99461,0.99483,1.37,1.00
2016.07.13 11:55:55.445,0.99459,0.99482,1.75,1.00
2016.07.13 11:55:55.647,0.99463,0.99482,1.00,1.00
2016.07.13 11:55:56.050,0.99456,0.9948,1.75,1.00
2016.07.13 11:55:56.224,0.9946,0.99484,1.37,1.50
2016.07.13 11:55:56.433,0.99463,0.99486,1.75,1.00
2016.07.13 11:55:56.736,0.99463,0.99484,1.75,1.00
2016.07.13 11:55:56.837,0.99461,0.99487,2.25,1.00
2016.07.13 11:55:57.039,0.99469,0.99489,1.00,1.12
2016.07.13 11:55:58.458,0.99468,0.99489,1.12,1.00
2016.07.13 11:55:58.772,0.99468,0.99491,1.50,1.00
2016.07.13 11:55:59.317,0.99474,0.99491,1.00,1.37
2016.07.13 11:56:00.027,0.99469,0.99492,1.12,1.50
2016.07.13 11:56:00.128,0.99469,0.99493,1.87,1.37
2016.07.13 11:56:00.229,0.99474,0.99494,1.12,1.12
2016.07.13 11:56:01.754,0.99471,0.99495,1.50,1.50
2016.07.13 11:56:01.956,0.99474,0.99495,1.00,1.50
2016.07.13 11:56:02.586,0.99474,0.99495,1.00,1.50
2016.07.13 11:56:03.022,0.99471,0.99495,1.50,1.50
2016.07.13 11:56:03.717,0.99471,0.99495,1.75,1.12
2016.07.13 11:56:06.641,0.99473,0.99494,1.12,1.12
2016.07.13 11:56:06.945,0.99468,0.99493,1.50,1.75
2016.07.13 11:56:07.448,0.99469,0.99494,1.87,1.75
2016.07.13 11:56:07.672,0.99474,0.99496,1.00,1.50
2016.07.13 11:56:08.162,0.99473,0.99494,1.00,1.00
2016.07.13 11:56:09.277,0.99469,0.99494,2.62,1.50
2016.07.13 11:56:09.378,0.99469,0.99494,1.87,1.75
2016.07.13 11:56:09.630,0.99466,0.9949,1.75,1.00
2016.07.13 11:56:09.932,0.99469,0.99492,1.12,1.12
2016.07.13 11:56:10.620,0.99467,0.99492,1.87,1.12
2016.07.13 11:56:10.771,0.99469,0.99492,1.12,1.50
2016.07.13 11:56:11.174,0.99464,0.99492,2.25,1.75
2016.07.13 11:56:13.266,0.99466,0.99491,1.50,1.50
2016.07.13 11:56:13.577,0.99473,0.99495,1.00,2.10
2016.07.13 11:56:15.016,0.99469,0.99492,1.00,1.00
2016.07.13 11:56:15.338,0.99474,0.99492,1.00,1.00
2016.07.13 11:56:15.641,0.99469,0.99492,1.00,1.00
2016.07.13 11:56:18.119,0.99473,0.99492,1.00,1.00
2016.07.13 11:56:18.444,0.99469,0.99492,1.00,1.00
2016.07.13 11:56:18.597,0.99474,0.99492,1.00,1.00
2016.07.13 11:56:18.820,0.99468,0.99492,2.25,1.00
2016.07.13 11:56:19.329,0.99469,0.99492,1.00,1.00
2016.07.13 11:56:19.845,0.99468,0.99492,1.50,1.00
2016.07.13 11:56:20.622,0.99474,0.99492,1.00,1.00
2016.07.13 11:56:21.451,0.99474,0.99493,1.00,1.50
2016.07.13 11:56:22.451,0.99474,0.99493,1.00,1.50
2016.07.13 11:56:24.134,0.99469,0.99493,1.50,1.50
2016.07.13 11:56:24.346,0.99474,0.99493,1.00,1.50
2016.07.13 11:56:25.071,0.99468,0.99493,1.12,1.50
2016.07.13 11:56:25.328,0.99474,0.99493,1.00,1.50
2016.07.13 11:56:25.429,0.99468,0.99493,1.12,1.50
2016.07.13 11:56:25.808,0.99474,0.99492,1.00,1.12
2016.07.13 11:56:26.855,0.99473,0.99493,1.00,1.50
2016.07.13 11:56:27.456,0.99474,0.99493,1.00,1.50
2016.07.13 11:56:28.944,0.99469,0.99493,1.50,1.50
2016.07.13 11:56:29.045,0.99479,0.99493,1.00,1.50
2016.07.13 11:56:29.146,0.99475,0.995,1.37,1.75
2016.07.13 11:56:29.197,0.99477,0.99501,1.37,1.50
2016.07.13 11:56:29.247,0.99477,0.99501,1.75,1.12
2016.07.13 11:56:29.298,0.99476,0.99499,1.75,1.00
2016.07.13 11:56:29.442,0.99476,0.995,1.50,1.12
2016.07.13 11:56:31.344,0.99477,0.99501,1.37,1.75
2016.07.13 11:56:31.862,0.99477,0.99501,1.12,1.75
2016.07.13 11:56:34.624,0.99477,0.99501,1.50,1.75
2016.07.13 11:56:34.725,0.99478,0.99501,1.37,1.12
2016.07.13 11:56:35.376,0.99477,0.99501,1.37,1.50
2016.07.13 11:56:35.477,0.99477,0.99501,1.00,1.75
2016.07.13 11:56:36.177,0.99477,0.99501,1.37,1.37
2016.07.13 11:56:40.347,0.99477,0.99501,1.37,2.47
2016.07.13 11:56:40.397,0.99475,0.99498,1.12,1.35
2016.07.13 11:56:40.498,0.99474,0.99495,1.00,1.75
2016.07.13 11:56:41.034,0.99474,0.99495,1.00,1.50
2016.07.13 11:56:42.191,0.99473,0.99495,1.00,1.50
2016.07.13 11:56:43.995,0.99474,0.99493,1.00,1.00
2016.07.13 11:56:44.096,0.99469,0.99492,1.00,1.50
2016.07.13 11:56:44.197,0.99465,0.99491,2.25,1.50
2016.07.13 11:56:44.516,0.99469,0.99492,1.00,1.75
2016.07.13 11:56:44.617,0.99469,0.99492,1.00,1.75
2016.07.13 11:56:45.124,0.99468,0.99492,1.12,1.75
2016.07.13 11:56:45.599,0.99465,0.99491,1.37,2.25
2016.07.13 11:56:46.215,0.99464,0.99491,2.62,1.37
2016.07.13 11:56:46.677,0.99464,0.99491,1.87,2.25
2016.07.13 11:56:46.977,0.99465,0.99491,1.50,1.37
2016.07.13 11:56:47.028,0.99465,0.99492,2.25,1.12
2016.07.13 11:56:47.129,0.99467,0.99492,1.00,1.37
2016.07.13 11:56:48.146,0.99464,0.99491,2.62,1.75
2016.07.13 11:56:48.196,0.99465,0.99489,1.00,1.00
2016.07.13 11:56:48.348,0.99464,0.99488,1.37,1.37
2016.07.13 11:56:48.692,0.99464,0.99485,1.00,1.50
2016.07.13 11:56:49.136,0.99464,0.99485,1.12,1.50
2016.07.13 11:56:51.012,0.99464,0.99486,1.37,1.00
2016.07.13 11:56:52.109,0.99464,0.99486,1.12,1.12
2016.07.13 11:56:52.369,0.99469,0.99486,1.00,1.12
2016.07.13 11:56:53.056,0.99463,0.99486,1.12,1.12
2016.07.13 11:56:53.208,0.99469,0.99486,1.00,1.12
2016.07.13 11:56:53.549,0.99469,0.99484,1.00,1.00
2016.07.13 11:56:54.218,0.99469,0.99486,1.00,1.00
2016.07.13 11:56:54.314,0.99469,0.99486,1.00,1.60
2016.07.13 11:56:54.416,0.99459,0.99481,1.37,1.72
2016.07.13 11:56:54.921,0.99458,0.99481,1.50,1.00
2016.07.13 11:56:55.522,0.99458,0.99482,2.25,1.00
2016.07.13 11:56:56.324,0.99459,0.99481,1.75,1.00
2016.07.13 11:56:56.835,0.99459,0.99481,1.50,1.00
2016.07.13 11:56:57.443,0.99459,0.99481,1.50,1.00
2016.07.13 11:57:01.552,0.99459,0.99483,1.87,1.50
2016.07.13 11:57:01.653,0.99464,0.99488,1.12,1.75
2016.07.13 11:57:01.955,0.99469,0.99488,1.00,1.50
2016.07.13 11:57:02.298,0.99469,0.99486,1.00,1.00
2016.07.13 11:57:03.603,0.99463,0.99486,2.25,1.00
2016.07.13 11:57:04.155,0.99463,0.99485,1.75,1.00
2016.07.13 11:57:04.306,0.99469,0.99485,1.00,1.00
2016.07.13 11:57:04.407,0.99463,0.99486,1.75,1.00
2016.07.13 11:57:04.726,0.99469,0.99485,1.00,1.00
2016.07.13 11:57:05.009,0.99464,0.99485,1.50,1.00
2016.07.13 11:57:05.513,0.99464,0.99485,1.12,1.00
2016.07.13 11:57:05.789,0.99469,0.99485,1.00,1.00
2016.07.13 11:57:05.890,0.99463,0.99485,1.50,1.00
2016.07.13 11:57:06.129,0.99463,0.99487,1.75,1.00
2016.07.13 11:57:06.719,0.99463,0.99488,1.75,1.12
2016.07.13 11:57:07.021,0.99464,0.99486,1.50,1.00
2016.07.13 11:57:07.324,0.99469,0.99487,1.00,1.50
2016.07.13 11:57:07.917,0.99464,0.99487,1.50,1.50
2016.07.13 11:57:08.525,0.99469,0.99487,1.00,1.50
2016.07.13 11:57:08.627,0.99464,0.99487,1.50,1.50
2016.07.13 11:57:08.790,0.99469,0.99487,1.00,1.87
2016.07.13 11:57:09.028,0.99464,0.99487,1.50,1.87
2016.07.13 11:57:09.531,0.99468,0.99487,1.00,1.87
2016.07.13 11:57:09.733,0.99464,0.99487,1.50,1.50
2016.07.13 11:57:09.900,0.99463,0.99487,1.75,1.12
2016.07.13 11:57:10.505,0.99464,0.99488,1.75,1.00
2016.07.13 11:57:11.097,0.99463,0.9949,3.00,1.72
2016.07.13 11:57:15.043,0.99464,0.9949,2.25,1.35
2016.07.13 11:57:15.544,0.99464,0.99489,2.25,1.75
2016.07.13 11:57:16.146,0.99464,0.99489,2.25,1.37
2016.07.13 11:57:16.197,0.99467,0.99489,1.00,1.00
2016.07.13 11:57:18.284,0.99464,0.99489,2.25,1.37
2016.07.13 11:57:18.801,0.99465,0.99489,1.00,1.50
2016.07.13 11:57:18.952,0.99464,0.99488,1.50,1.37
2016.07.13 11:57:19.516,0.99464,0.99488,1.00,1.75
2016.07.13 11:57:20.939,0.99463,0.99488,1.00,1.75
2016.07.13 11:57:21.305,0.99463,0.99488,1.75,1.12
2016.07.13 11:57:21.690,0.99464,0.9949,2.25,1.72
2016.07.13 11:57:21.791,0.99465,0.99489,1.00,1.00
2016.07.13 11:57:21.954,0.99464,0.9949,3.00,1.30
2016.07.13 11:57:22.381,0.99466,0.99491,1.37,2.10
2016.07.13 11:57:22.482,0.99466,0.9949,1.75,1.30
2016.07.13 11:57:22.809,0.99465,0.9949,1.75,2.10
2016.07.13 11:57:24.044,0.99464,0.99488,1.75,1.00
2016.07.13 11:57:24.095,0.99464,0.99487,1.00,1.00
2016.07.13 11:57:24.196,0.99461,0.99488,1.50,1.75
2016.07.13 11:57:24.297,0.99461,0.99488,1.75,2.25
2016.07.13 11:57:24.398,0.99462,0.99485,1.00,1.00
2016.07.13 11:57:26.300,0.99462,0.99487,1.50,1.37
2016.07.13 11:57:30.306,0.99464,0.99486,1.00,2.62
2016.07.13 11:57:31.055,0.99459,0.99485,1.87,1.75
2016.07.13 11:57:31.156,0.99464,0.99485,1.00,1.75
2016.07.13 11:57:32.228,0.99464,0.99485,1.00,1.75
2016.07.13 11:57:32.631,0.99463,0.99485,1.50,1.12
2016.07.13 11:57:33.666,0.99464,0.99484,1.00,1.00
2016.07.13 11:57:33.717,0.99464,0.99482,1.00,1.00
2016.07.13 11:57:34.451,0.99463,0.99482,1.00,1.00
2016.07.13 11:57:34.602,0.99463,0.99486,1.00,2.25
2016.07.13 11:57:35.432,0.99463,0.99483,1.00,1.00
2016.07.13 11:57:36.619,0.99464,0.99483,1.00,1.00
2016.07.13 11:57:38.042,0.99463,0.99483,1.00,1.00
2016.07.13 11:57:38.344,0.99463,0.99485,1.00,1.75
2016.07.13 11:57:39.036,0.99464,0.99484,1.00,1.75
2016.07.13 11:57:40.129,0.99464,0.99484,1.00,1.75
2016.07.13 11:57:40.331,0.99464,0.99485,1.00,1.50
2016.07.13 11:57:40.683,0.99468,0.99487,1.00,2.10
2016.07.13 11:57:41.455,0.99464,0.99487,1.00,2.47
2016.07.13 11:57:41.606,0.99464,0.99485,1.00,2.85
2016.07.13 11:57:41.657,0.99461,0.99485,1.00,2.85
2016.07.13 11:57:41.808,0.99455,0.99479,2.25,1.37
2016.07.13 11:57:41.859,0.99454,0.99479,1.00,1.75
2016.07.13 11:57:41.960,0.99458,0.99479,1.00,2.85
2016.07.13 11:57:42.112,0.99453,0.99475,1.00,1.00
2016.07.13 11:57:42.339,0.99453,0.99477,1.37,1.00
2016.07.13 11:57:43.013,0.99454,0.99478,1.50,1.75
2016.07.13 11:57:43.330,0.99454,0.99477,1.50,1.00
2016.07.13 11:57:43.980,0.99455,0.99477,1.00,1.00
2016.07.13 11:57:44.132,0.99455,0.99479,1.00,2.10
2016.07.13 11:57:44.847,0.99454,0.99479,1.00,2.10
2016.07.13 11:57:44.948,0.99454,0.99479,1.37,1.67
2016.07.13 11:57:45.048,0.99454,0.99479,1.12,1.35
2016.07.13 11:57:49.255,0.99454,0.99478,1.00,2.25
2016.07.13 11:57:50.654,0.99452,0.99478,1.50,2.25
2016.07.13 11:57:51.856,0.99454,0.99477,1.00,1.50
2016.07.13 11:57:53.440,0.99454,0.99477,1.00,1.75
2016.07.13 11:57:53.941,0.99453,0.99474,1.00,1.50
2016.07.13 11:57:54.442,0.99454,0.99475,1.00,1.37
2016.07.13 11:57:54.492,0.99454,0.99477,1.37,1.30
2016.07.13 11:58:02.101,0.99454,0.99476,1.37,1.00
2016.07.13 11:58:02.409,0.99454,0.99477,1.37,1.35
2016.07.13 11:58:05.717,0.99456,0.99477,1.00,1.35
2016.07.13 11:58:05.919,0.99453,0.99475,1.75,1.00
2016.07.13 11:58:06.321,0.99454,0.99474,1.00,1.00
2016.07.13 11:58:06.870,0.99454,0.99475,1.00,1.00
2016.07.13 11:58:06.920,0.99459,0.99475,1.00,1.00
2016.07.13 11:58:07.256,0.99459,0.99476,1.00,1.75
2016.07.13 11:58:07.775,0.99453,0.99476,1.00,1.75
2016.07.13 11:58:08.124,0.99458,0.99475,1.00,1.00
2016.07.13 11:58:08.426,0.99464,0.99482,1.00,1.75
2016.07.13 11:58:08.777,0.99464,0.99482,1.00,1.75
2016.07.13 11:58:08.827,0.99464,0.99483,1.00,1.12
2016.07.13 11:58:08.878,0.99464,0.99481,1.00,1.12
2016.07.13 11:58:08.929,0.99464,0.99481,1.00,1.37
2016.07.13 11:58:09.030,0.99464,0.99484,1.00,1.75
2016.07.13 11:58:09.081,0.99464,0.99483,1.00,1.50
2016.07.13 11:58:09.131,0.99464,0.99482,1.00,1.37
2016.07.13 11:58:09.435,0.99469,0.99482,1.00,1.75
2016.07.13 11:58:09.928,0.99469,0.99482,1.00,1.50
2016.07.13 11:58:10.029,0.99469,0.99482,1.00,1.12
2016.07.13 11:58:10.690,0.99464,0.99483,1.00,1.50
2016.07.13 11:58:11.781,0.99469,0.99483,1.00,1.50
2016.07.13 11:58:13.083,0.99464,0.99483,1.00,1.50
2016.07.13 11:58:13.234,0.99464,0.99483,1.00,2.62
2016.07.13 11:58:13.537,0.99468,0.99483,1.00,2.25
2016.07.13 11:58:13.588,0.99464,0.99483,1.00,1.75
2016.07.13 11:58:13.809,0.99464,0.99482,1.00,1.00
2016.07.13 11:58:13.911,0.99469,0.99486,1.00,1.00
2016.07.13 11:58:14.239,0.99469,0.99486,1.00,1.75
2016.07.13 11:58:15.233,0.99463,0.99486,1.00,1.75
2016.07.13 11:58:15.742,0.99464,0.99487,1.00,1.87
2016.07.13 11:58:17.937,0.99461,0.99485,1.12,1.37
2016.07.13 11:58:18.019,0.99464,0.99485,1.00,1.37
2016.07.13 11:58:18.238,0.99464,0.99488,1.50,1.75
2016.07.13 11:58:18.389,0.99464,0.99485,1.00,1.97
2016.07.13 11:58:18.698,0.99468,0.99485,1.00,1.60
2016.07.13 11:58:18.802,0.99463,0.99485,1.50,1.60
2016.07.13 11:58:18.903,0.99468,0.99486,1.00,1.72
2016.07.13 11:58:19.293,0.99464,0.99486,1.12,1.72
2016.07.13 11:58:20.926,0.99464,0.99486,1.12,3.22
2016.07.13 11:58:22.374,0.99464,0.99484,1.00,1.00
2016.07.13 11:58:22.425,0.99461,0.99485,1.12,1.50
2016.07.13 11:58:22.545,0.99463,0.99485,1.00,1.50
2016.07.13 11:58:22.909,0.99463,0.99485,1.75,1.00
2016.07.13 11:58:23.060,0.99462,0.99485,1.00,1.00
2016.07.13 11:58:23.111,0.99464,0.99485,1.00,1.00
2016.07.13 11:58:23.822,0.99462,0.99482,1.00,1.00
2016.07.13 11:58:23.923,0.99458,0.99482,1.75,1.50
2016.07.13 11:58:24.124,0.99456,0.99481,1.12,1.75
2016.07.13 11:58:24.225,0.99455,0.99481,1.75,1.00
2016.07.13 11:58:24.601,0.99456,0.99482,1.75,1.12
2016.07.13 11:58:25.224,0.9946,0.99483,1.00,1.50
2016.07.13 11:58:26.426,0.99463,0.99483,1.00,1.00
2016.07.13 11:58:26.527,0.99464,0.99485,1.00,1.00
2016.07.13 11:58:26.629,0.99464,0.99488,1.00,1.75
2016.07.13 11:58:27.032,0.99462,0.99487,1.00,1.75
2016.07.13 11:58:27.536,0.99459,0.99486,2.25,1.50
2016.07.13 11:58:27.709,0.99459,0.99486,2.25,1.75
2016.07.13 11:58:28.255,0.99461,0.99486,1.00,1.35
2016.07.13 11:58:28.416,0.99462,0.99486,1.50,2.10
2016.07.13 11:58:28.466,0.99464,0.99486,1.00,2.10
2016.07.13 11:58:28.623,0.99462,0.99486,1.50,2.10
2016.07.13 11:58:28.724,0.99464,0.99488,1.00,1.75
2016.07.13 11:58:29.269,0.99464,0.99489,1.12,1.75
2016.07.13 11:58:29.776,0.99464,0.99485,1.50,1.00
2016.07.13 11:58:32.166,0.99462,0.99485,1.00,1.50
2016.07.13 11:58:32.217,0.99462,0.99485,1.37,1.50
2016.07.13 11:58:32.469,0.99467,0.99493,1.50,1.75
2016.07.13 11:58:32.724,0.99466,0.9949,1.00,1.50
2016.07.13 11:58:33.235,0.99467,0.99489,1.00,1.00
2016.07.13 11:58:33.564,0.99464,0.99487,1.12,1.75
2016.07.13 11:58:34.262,0.99461,0.99487,1.50,1.75
2016.07.13 11:58:34.313,0.99461,0.99487,1.12,1.87
2016.07.13 11:58:35.126,0.99464,0.99487,1.00,1.87
2016.07.13 11:58:36.328,0.99461,0.99487,1.12,1.87
2016.07.13 11:58:37.070,0.99464,0.99488,1.12,1.75
2016.07.13 11:58:37.867,0.99464,0.99487,1.00,1.75
2016.07.13 11:58:37.969,0.99461,0.99482,1.00,1.00
2016.07.13 11:58:38.070,0.99463,0.99485,1.00,1.00
2016.07.13 11:58:38.171,0.99459,0.99482,1.87,1.00
2016.07.13 11:58:38.665,0.99458,0.99484,1.50,1.75
2016.07.13 11:58:39.170,0.99457,0.99479,1.00,1.00
2016.07.13 11:58:39.483,0.99464,0.99482,1.00,1.00
2016.07.13 11:58:39.584,0.99459,0.99482,1.00,1.75
2016.07.13 11:58:40.118,0.99455,0.99481,1.75,1.50
2016.07.13 11:58:40.572,0.99463,0.99481,1.00,1.50
2016.07.13 11:58:40.770,0.99464,0.99483,1.00,1.00
2016.07.13 11:58:41.310,0.99464,0.99484,1.00,1.72
2016.07.13 11:58:41.668,0.99458,0.99479,2.25,1.00
2016.07.13 11:58:41.719,0.99458,0.99479,2.25,1.00
2016.07.13 11:58:41.819,0.99458,0.99479,1.00,1.00
2016.07.13 11:58:41.920,0.99458,0.99482,1.87,1.37
2016.07.13 11:58:44.245,0.99463,0.99485,1.00,2.25
2016.07.13 11:58:44.347,0.99459,0.99483,1.12,1.50
2016.07.13 11:58:44.549,0.99463,0.99484,1.00,1.75
2016.07.13 11:58:46.352,0.99458,0.99482,1.37,1.37
2016.07.13 11:58:46.604,0.99456,0.9948,1.50,1.00
2016.07.13 11:58:46.856,0.99456,0.99474,1.00,1.00
2016.07.13 11:58:46.957,0.99454,0.99479,1.75,1.37
2016.07.13 11:58:47.082,0.99459,0.99483,1.12,1.87
2016.07.13 11:58:47.133,0.99459,0.99483,1.50,1.12
2016.07.13 11:58:47.284,0.99464,0.99484,1.00,1.37
2016.07.13 11:58:47.386,0.99459,0.99484,1.50,1.37
2016.07.13 11:58:47.907,0.99459,0.99482,1.12,1.50
2016.07.13 11:58:48.646,0.99464,0.99481,1.00,1.12
2016.07.13 11:58:49.185,0.99458,0.99482,2.25,1.50
2016.07.13 11:58:50.088,0.99457,0.9948,1.87,1.00
2016.07.13 11:58:50.592,0.99459,0.9948,1.00,1.37
2016.07.13 11:58:51.479,0.99457,0.99481,1.37,1.50
2016.07.13 11:58:54.083,0.99454,0.99479,1.50,1.50
2016.07.13 11:58:54.184,0.99454,0.99476,1.50,1.00
2016.07.13 11:58:55.350,0.99454,0.99477,1.50,1.00
2016.07.13 11:58:55.852,0.99454,0.99476,1.50,1.00
2016.07.13 11:58:56.383,0.99452,0.99477,1.12,1.50
2016.07.13 11:58:56.534,0.99452,0.99477,1.37,1.50
2016.07.13 11:58:56.686,0.99452,0.99476,1.00,1.50
2016.07.13 11:58:57.358,0.99452,0.99475,1.00,1.00
2016.07.13 11:59:01.173,0.99452,0.99473,1.00,1.00
2016.07.13 11:59:01.787,0.99449,0.99473,1.00,1.50
2016.07.13 11:59:01.966,0.99449,0.99471,1.00,1.00
2016.07.13 11:59:02.379,0.99449,0.99471,1.00,1.75
2016.07.13 11:59:02.682,0.99454,0.99468,1.00,1.00
2016.07.13 11:59:03.084,0.99449,0.99468,1.00,1.00
2016.07.13 11:59:03.185,0.99449,0.99471,1.50,1.00
2016.07.13 11:59:03.357,0.99449,0.99473,1.00,1.50
2016.07.13 11:59:04.005,0.99449,0.99472,1.00,1.00
2016.07.13 11:59:05.507,0.99449,0.99473,1.00,1.50
2016.07.13 11:59:06.361,0.9945,0.99473,1.00,1.00
2016.07.13 11:59:08.407,0.99452,0.99474,1.00,1.00
2016.07.13 11:59:09.288,0.9945,0.99474,1.50,1.50
2016.07.13 11:59:09.611,0.99453,0.99474,1.00,1.50
2016.07.13 11:59:10.416,0.99449,0.99474,1.75,1.50
2016.07.13 11:59:11.623,0.99454,0.99474,1.00,1.50
2016.07.13 11:59:12.376,0.9945,0.99476,1.50,1.75
2016.07.13 11:59:12.427,0.9945,0.99476,1.75,1.50
2016.07.13 11:59:12.578,0.99458,0.99476,1.00,1.50
2016.07.13 11:59:13.395,0.99451,0.99476,1.00,1.50
2016.07.13 11:59:15.106,0.99449,0.99475,1.75,1.50
2016.07.13 11:59:15.658,0.99454,0.99475,1.00,1.50
2016.07.13 11:59:15.965,0.99454,0.99475,1.00,1.75
2016.07.13 11:59:16.015,0.99449,0.99471,1.00,1.00
2016.07.13 11:59:16.116,0.99447,0.99471,1.50,1.00
2016.07.13 11:59:16.218,0.99447,0.99473,1.00,2.25
2016.07.13 11:59:16.524,0.99453,0.99473,1.00,1.75
2016.07.13 11:59:18.309,0.99453,0.99471,1.00,1.00
2016.07.13 11:59:18.410,0.99449,0.99471,1.00,1.00
2016.07.13 11:59:18.559,0.99447,0.99471,1.50,1.50
2016.07.13 11:59:18.610,0.99449,0.99469,1.50,1.00
2016.07.13 11:59:18.712,0.99449,0.99472,1.12,2.25
2016.07.13 11:59:21.846,0.99449,0.99472,1.00,1.75
2016.07.13 11:59:22.248,0.99449,0.9947,1.00,1.75
2016.07.13 11:59:23.702,0.99446,0.9947,1.12,1.75
2016.07.13 11:59:23.954,0.99443,0.99469,2.25,1.75
2016.07.13 11:59:25.850,0.99444,0.99465,1.00,1.00
2016.07.13 11:59:25.901,0.99442,0.99465,1.00,1.50
2016.07.13 11:59:25.952,0.99441,0.99465,1.12,1.75
2016.07.13 11:59:26.491,0.99439,0.9946,1.37,1.00
2016.07.13 11:59:26.542,0.99439,0.9946,1.12,1.12
2016.07.13 11:59:26.743,0.99439,0.99459,1.00,1.37
2016.07.13 11:59:28.917,0.99439,0.9946,1.00,1.00
2016.07.13 11:59:29.699,0.99438,0.9946,1.00,1.00
2016.07.13 11:59:30.002,0.99437,0.99458,1.00,1.00
2016.07.13 11:59:30.420,0.99439,0.9946,1.00,1.50
2016.07.13 11:59:31.844,0.99439,0.9946,1.00,1.75
2016.07.13 11:59:32.109,0.99433,0.99458,1.75,1.12
2016.07.13 11:59:32.210,0.99434,0.99456,1.50,1.00
2016.07.13 11:59:32.512,0.99434,0.99454,1.00,1.12
2016.07.13 11:59:32.825,0.99434,0.99452,1.00,1.00
2016.07.13 11:59:33.337,0.99433,0.99452,1.00,1.00
2016.07.13 11:59:33.876,0.99429,0.99452,2.25,1.00
2016.07.13 11:59:35.541,0.99429,0.9945,1.75,1.00
2016.07.13 11:59:36.516,0.99428,0.99451,2.05,1.00
2016.07.13 11:59:36.567,0.99428,0.99451,1.72,1.00
2016.07.13 11:59:36.668,0.9943,0.99456,1.37,1.75
2016.07.13 11:59:36.970,0.99439,0.99456,1.00,1.75
2016.07.13 11:59:37.064,0.99439,0.99456,1.00,1.50
2016.07.13 11:59:37.215,0.99434,0.99456,1.00,1.50
2016.07.13 11:59:37.367,0.99434,0.99456,1.00,1.75
2016.07.13 11:59:37.417,0.99432,0.99458,1.00,3.22
2016.07.13 11:59:37.938,0.99429,0.99452,1.50,1.00
2016.07.13 11:59:39.214,0.99432,0.99456,1.00,1.75
2016.07.13 11:59:39.316,0.99434,0.99454,1.00,1.00
2016.07.13 11:59:39.568,0.99429,0.99455,3.00,1.12
2016.07.13 11:59:39.619,0.99429,0.99453,3.00,1.00
2016.07.13 11:59:39.943,0.99434,0.99452,1.00,1.00
2016.07.13 11:59:40.145,0.99431,0.99451,1.00,1.00
2016.07.13 11:59:40.448,0.99429,0.99453,1.50,1.12
2016.07.13 11:59:40.745,0.99429,0.99451,1.50,1.00
2016.07.13 11:59:42.049,0.99429,0.99452,1.50,1.00
2016.07.13 11:59:42.415,0.99429,0.99449,1.50,1.00
2016.07.13 11:59:42.617,0.99429,0.99451,1.50,1.00
2016.07.13 11:59:43.540,0.99433,0.99449,1.00,1.00
2016.07.13 11:59:43.641,0.99433,0.99451,1.00,1.00
2016.07.13 11:59:44.104,0.99433,0.99448,1.00,1.00
2016.07.13 11:59:45.705,0.99433,0.9945,1.00,1.00
2016.07.13 11:59:46.358,0.99429,0.9945,1.00,1.00
2016.07.13 11:59:46.521,0.9943,0.99452,1.00,1.00
2016.07.13 11:59:46.571,0.99432,0.99454,1.00,1.00
2016.07.13 11:59:47.009,0.99433,0.99451,1.00,1.00
2016.07.13 11:59:47.211,0.99428,0.99449,1.50,1.00
2016.07.13 11:59:47.743,0.99429,0.99448,1.00,1.00
2016.07.13 11:59:48.313,0.99429,0.9945,1.00,1.50
2016.07.13 11:59:49.117,0.99425,0.99447,1.12,1.00
2016.07.13 11:59:49.269,0.99428,0.99453,1.37,1.75
2016.07.13 11:59:49.715,0.99426,0.9945,3.00,1.00
2016.07.13 11:59:49.766,0.99426,0.99452,3.00,1.00
2016.07.13 11:59:50.309,0.99427,0.99451,1.75,1.00
2016.07.13 11:59:50.961,0.99427,0.99452,1.75,1.00
2016.07.13 11:59:52.250,0.99429,0.99451,1.75,1.00
2016.07.13 11:59:52.301,0.99429,0.99451,1.50,1.00
2016.07.13 11:59:52.403,0.99429,0.99451,1.75,1.00
2016.07.13 11:59:52.597,0.99428,0.99453,1.75,1.00
2016.07.13 11:59:52.748,0.99429,0.99451,1.75,1.00
2016.07.13 11:59:53.011,0.99427,0.99451,1.75,1.12
2016.07.13 11:59:53.427,0.99429,0.99449,1.37,1.00
2016.07.13 11:59:53.746,0.99426,0.99451,1.75,1.12
2016.07.13 11:59:54.150,0.99425,0.99447,1.87,1.00
2016.07.13 11:59:54.200,0.99423,0.99447,2.25,1.00
2016.07.13 11:59:54.316,0.99423,0.99447,2.25,1.50
2016.07.13 11:59:54.467,0.99428,0.99447,1.00,1.50
2016.07.13 11:59:54.633,0.99424,0.99447,1.12,1.50
2016.07.13 11:59:54.936,0.99424,0.99448,1.87,1.12
2016.07.13 11:59:54.987,0.99424,0.99448,1.50,1.00
2016.07.13 11:59:55.534,0.99425,0.99449,1.50,1.75
2016.07.13 11:59:56.246,0.99428,0.99449,1.00,1.75
2016.07.13 11:59:56.346,0.99425,0.99449,1.50,1.75
2016.07.13 11:59:57.089,0.99425,0.9945,1.50,1.50
2016.07.13 11:59:57.140,0.99425,0.9945,1.50,1.12
2016.07.13 11:59:57.600,0.99426,0.99449,1.12,1.37
2016.07.13 11:59:57.952,0.99429,0.99449,1.00,1.75
2016.07.13 11:59:58.122,0.99424,0.99449,1.75,1.75
