2017.08.03 22:00:00.164,1.00037,1.00071,0.75,0.75
2017.08.03 22:00:00.266,1.00031,1.00071,0.75,0.75
2017.08.03 22:00:00.772,1.00031,1.00072,1.50,0.75
2017.08.03 22:00:00.823,1.00031,1.0007,1.50,0.75
2017.08.03 22:00:01.353,1.00031,1.00072,1.50,0.75
2017.08.03 22:00:01.404,1.00031,1.0007,1.50,0.75
2017.08.03 22:00:01.607,1.00034,1.00075,0.75,0.75
2017.08.03 22:00:01.880,1.00033,1.00073,0.75,0.75
2017.08.03 22:00:01.931,1.00031,1.00072,0.75,0.75
2017.08.03 22:00:01.982,1.00031,1.0007,0.75,0.75
2017.08.03 22:00:02.184,1.0003,1.00072,0.75,0.75
2017.08.03 22:00:02.700,1.00032,1.00073,0.75,0.75
2017.08.03 22:00:03.263,1.00033,1.00073,0.75,0.75
2017.08.03 22:00:03.994,1.00029,1.00073,0.75,0.75
2017.08.03 22:00:04.247,1.00028,1.0007,0.75,0.75
2017.08.03 22:00:04.551,1.00026,1.0007,0.19,0.75
2017.08.03 22:00:04.652,1.00028,1.00069,0.75,0.75
2017.08.03 22:00:05.019,1.00028,1.00067,0.75,0.75
2017.08.03 22:00:07.304,1.00026,1.00067,0.75,0.75
2017.08.03 22:00:07.355,1.00024,1.00067,2.25,0.75
2017.08.03 22:00:07.504,1.00027,1.00067,0.75,0.75
2017.08.03 22:00:07.555,1.00024,1.00067,1.50,0.75
2017.08.03 22:00:07.606,1.0003,1.00068,0.75,0.75
2017.08.03 22:00:07.808,1.00027,1.00067,0.75,0.75
2017.08.03 22:00:07.993,1.00026,1.00065,0.75,0.75
2017.08.03 22:00:08.044,1.00024,1.00066,0.75,0.75
2017.08.03 22:00:08.094,1.00024,1.00064,0.75,0.75
2017.08.03 22:00:08.606,1.00023,1.00058,0.75,0.75
2017.08.03 22:00:09.386,1.00024,1.00058,0.75,0.75
2017.08.03 22:00:10.095,1.00023,1.00058,0.75,1.50
2017.08.03 22:00:10.399,1.00023,1.00056,0.75,0.75
2017.08.03 22:00:11.035,1.00023,1.00055,0.75,0.75
2017.08.03 22:00:11.437,1.00023,1.00057,0.75,0.75
2017.08.03 22:00:12.026,1.00024,1.00057,0.75,0.75
2017.08.03 22:00:12.189,1.00024,1.00054,0.75,0.75
2017.08.03 22:00:12.869,1.00023,1.00054,0.75,0.75
2017.08.03 22:00:13.443,1.00023,1.00055,0.75,0.75
2017.08.03 22:00:13.775,1.00024,1.00053,0.75,0.75
2017.08.03 22:00:14.846,1.00024,1.00052,0.75,0.75
2017.08.03 22:00:14.947,1.00019,1.00054,0.37,0.75
2017.08.03 22:00:14.998,1.00017,1.00054,0.37,0.75
2017.08.03 22:00:15.099,1.00019,1.00052,0.75,0.75
2017.08.03 22:00:15.442,1.00027,1.0006,0.37,0.75
2017.08.03 22:00:15.947,1.00027,1.00061,0.37,0.75
2017.08.03 22:00:16.554,1.00024,1.00061,1.12,0.75
2017.08.03 22:00:16.656,1.00019,1.00057,0.75,0.75
2017.08.03 22:00:16.707,1.00019,1.00054,0.75,0.75
2017.08.03 22:00:17.046,1.00021,1.00056,0.75,0.75
2017.08.03 22:00:17.096,1.00019,1.00057,1.87,0.75
2017.08.03 22:00:17.198,1.00021,1.00057,0.75,0.75
2017.08.03 22:00:17.248,1.00019,1.00059,0.37,0.75
2017.08.03 22:00:17.400,1.00019,1.00057,0.75,0.75
2017.08.03 22:00:17.965,1.00019,1.00058,0.75,0.75
2017.08.03 22:00:18.551,1.00018,1.00058,0.75,0.75
2017.08.03 22:00:19.164,1.00019,1.00058,0.75,0.75
2017.08.03 22:00:19.617,1.00023,1.00058,0.75,0.75
2017.08.03 22:00:20.226,1.00024,1.00058,0.75,0.75
2017.08.03 22:00:21.025,1.00024,1.00059,0.75,1.50
2017.08.03 22:00:21.713,1.00023,1.00059,0.75,1.50
2017.08.03 22:00:22.575,1.00024,1.00058,0.75,0.75
2017.08.03 22:00:23.551,1.00023,1.00058,0.75,0.75
2017.08.03 22:00:24.076,1.00024,1.00058,0.75,0.75
2017.08.03 22:00:24.177,1.00025,1.00065,0.37,0.75
2017.08.03 22:00:24.228,1.00028,1.00065,0.37,0.75
2017.08.03 22:00:24.278,1.00024,1.00067,1.12,0.75
2017.08.03 22:00:24.531,1.00024,1.00065,0.37,0.75
2017.08.03 22:00:24.582,1.00024,1.00067,1.12,0.75
2017.08.03 22:00:24.829,1.00024,1.00064,1.12,0.75
2017.08.03 22:00:25.311,1.00024,1.00061,0.75,0.75
2017.08.03 22:00:26.005,1.00024,1.0006,0.75,0.75
2017.08.03 22:00:26.555,1.00023,1.0006,0.75,0.75
2017.08.03 22:00:27.274,1.00024,1.0006,0.75,0.75
2017.08.03 22:00:27.655,1.00028,1.0006,0.75,0.75
2017.08.03 22:00:28.286,1.00029,1.0006,0.75,0.75
2017.08.03 22:00:28.975,1.00028,1.0006,0.75,0.75
2017.08.03 22:00:30.053,1.00029,1.0006,0.75,0.75
2017.08.03 22:00:32.545,1.00028,1.0006,0.75,0.75
2017.08.03 22:00:33.072,1.00029,1.0006,0.75,0.75
2017.08.03 22:00:34.601,1.00028,1.0006,0.75,0.75
2017.08.03 22:00:35.247,1.00029,1.0006,0.75,0.75
2017.08.03 22:00:37.989,1.00028,1.0006,0.75,0.75
2017.08.03 22:00:38.805,1.00029,1.0006,0.75,0.75
2017.08.03 22:00:39.539,1.00028,1.0006,0.75,0.75
2017.08.03 22:00:40.171,1.00029,1.0006,0.75,0.75
2017.08.03 22:00:40.685,1.00028,1.0006,0.75,0.75
2017.08.03 22:00:41.192,1.00029,1.00059,0.75,0.75
2017.08.03 22:00:42.905,1.00029,1.0006,0.75,0.75
2017.08.03 22:00:43.414,1.00028,1.0006,0.75,0.75
2017.08.03 22:00:44.003,1.00029,1.00059,0.75,0.75
2017.08.03 22:00:47.473,1.00028,1.00059,0.75,0.75
2017.08.03 22:00:47.792,1.00019,1.00058,1.12,0.75
2017.08.03 22:00:47.894,1.00019,1.0006,0.75,0.75
2017.08.03 22:00:48.592,1.00018,1.00059,1.87,0.75
2017.08.03 22:00:48.825,1.00026,1.00063,0.37,0.75
2017.08.03 22:00:49.240,1.00026,1.00065,0.37,0.75
2017.08.03 22:00:49.365,1.00029,1.00064,0.37,0.75
2017.08.03 22:00:49.915,1.00028,1.00064,0.37,0.75
2017.08.03 22:01:00.716,1.00028,1.00066,0.37,1.50
2017.08.03 22:01:03.129,1.00029,1.00066,0.37,0.75
2017.08.03 22:01:04.079,1.00027,1.00066,0.37,1.50
2017.08.03 22:01:04.666,1.00028,1.00066,0.37,1.50
2017.08.03 22:01:05.170,1.00027,1.00066,0.37,1.50
2017.08.03 22:01:10.993,1.00028,1.00066,0.37,0.75
2017.08.03 22:01:17.393,1.00027,1.00066,0.37,1.50
2017.08.03 22:01:18.548,1.00028,1.00066,0.37,1.50
2017.08.03 22:01:19.049,1.00029,1.00066,0.37,1.50
2017.08.03 22:01:25.031,1.00028,1.00066,0.37,0.75
2017.08.03 22:01:28.288,1.0003,1.00066,0.37,0.75
2017.08.03 22:01:28.949,1.00029,1.00065,0.37,0.75
2017.08.03 22:01:37.824,1.00029,1.00066,0.37,0.75
2017.08.03 22:01:50.225,1.00028,1.00066,0.37,0.75
2017.08.03 22:01:50.770,1.00029,1.00066,0.37,0.75
2017.08.03 22:01:51.724,1.00028,1.00066,0.37,0.75
2017.08.03 22:01:57.926,1.00028,1.00067,0.37,1.12
2017.08.03 22:01:58.538,1.00028,1.00066,0.37,0.75
2017.08.03 22:02:05.257,1.0003,1.00066,0.37,0.75
2017.08.03 22:02:05.778,1.00029,1.00066,0.37,0.75
2017.08.03 22:02:11.133,1.0003,1.00066,0.37,0.75
2017.08.03 22:02:12.707,1.00029,1.00066,0.37,0.75
2017.08.03 22:02:30.147,1.0003,1.00066,0.37,0.75
2017.08.03 22:02:41.939,1.00029,1.00066,0.37,1.50
2017.08.03 22:02:42.711,1.0003,1.00066,0.37,1.50
2017.08.03 22:02:49.249,1.00034,1.00066,0.75,0.75
2017.08.03 22:03:03.863,1.00032,1.00066,0.75,0.75
2017.08.03 22:03:05.374,1.00032,1.00065,0.75,0.37
2017.08.03 22:03:21.462,1.00028,1.00066,1.12,0.75
2017.08.03 22:03:21.513,1.00028,1.00062,0.75,0.75
2017.08.03 22:03:21.614,1.0003,1.00065,0.75,0.37
2017.08.03 22:03:21.665,1.0003,1.00061,0.75,0.37
2017.08.03 22:03:22.054,1.00032,1.00061,0.75,0.37
2017.08.03 22:03:22.105,1.00032,1.00063,0.75,0.37
2017.08.03 22:03:22.617,1.00032,1.00064,0.75,0.37
2017.08.03 22:03:23.266,1.00033,1.00064,0.75,0.37
2017.08.03 22:03:24.167,1.00032,1.00064,0.75,0.37
2017.08.03 22:03:37.084,1.00032,1.00063,0.75,0.37
2017.08.03 22:03:37.609,1.00032,1.00062,0.75,0.37
2017.08.03 22:03:48.463,1.00032,1.00064,0.75,0.37
2017.08.03 22:03:50.467,1.00032,1.00063,0.75,0.37
2017.08.03 22:03:57.667,1.00032,1.00062,0.75,0.37
2017.08.03 22:04:03.053,1.00033,1.0007,1.00,1.87
2017.08.03 22:04:11.567,1.00032,1.0007,1.00,2.25
2017.08.03 22:04:18.523,1.00032,1.0007,1.00,1.50
2017.08.03 22:04:21.994,1.00032,1.0007,1.00,1.37
2017.08.03 22:04:22.724,1.00032,1.00071,1.00,2.25
2017.08.03 22:04:23.385,1.00032,1.0007,1.00,1.37
2017.08.03 22:04:33.894,1.00031,1.00066,1.00,1.87
2017.08.03 22:04:35.554,1.00031,1.00066,1.00,1.37
2017.08.03 22:04:38.802,1.00033,1.00066,1.00,1.87
2017.08.03 22:04:39.405,1.00032,1.00066,1.00,1.37
2017.08.03 22:04:39.658,1.00029,1.00067,1.00,3.56
2017.08.03 22:04:40.926,1.00029,1.00062,1.00,1.37
2017.08.03 22:04:41.505,1.00029,1.00063,1.00,2.62
2017.08.03 22:04:44.594,1.0003,1.00066,1.00,1.87
2017.08.03 22:04:44.748,1.0003,1.00066,1.00,1.37
2017.08.03 22:04:48.443,1.0003,1.00066,1.00,1.87
2017.08.03 22:04:53.729,1.00029,1.00062,1.00,1.37
2017.08.03 22:04:54.270,1.00029,1.00062,1.00,1.87
2017.08.03 22:04:57.731,1.0003,1.00063,1.00,1.37
2017.08.03 22:04:58.560,1.00031,1.00066,1.00,1.37
2017.08.03 22:05:04.203,1.00031,1.00066,1.00,1.37
2017.08.03 22:05:06.493,1.00031,1.00067,1.00,2.25
2017.08.03 22:05:14.163,1.00031,1.00062,1.00,1.37
2017.08.03 22:05:14.214,1.00029,1.00062,1.50,1.87
2017.08.03 22:05:14.791,1.00029,1.00062,1.50,1.37
2017.08.03 22:05:15.900,1.00031,1.00062,1.00,1.37
2017.08.03 22:05:15.951,1.00029,1.00062,1.50,1.37
2017.08.03 22:05:16.228,1.00029,1.00062,1.00,1.87
2017.08.03 22:05:17.984,1.00031,1.00064,1.00,1.69
2017.08.03 22:05:18.503,1.0003,1.00065,1.00,1.37
2017.08.03 22:05:19.035,1.0003,1.00066,1.00,1.87
2017.08.03 22:05:21.549,1.0003,1.00066,1.00,1.87
2017.08.03 22:05:30.560,1.0003,1.00066,1.00,1.87
2017.08.03 22:05:32.495,1.0003,1.00066,1.00,2.62
2017.08.03 22:05:35.451,1.00032,1.00066,1.00,1.87
2017.08.03 22:05:36.070,1.00032,1.00066,1.00,1.87
2017.08.03 22:05:36.810,1.00032,1.00066,1.00,1.87
2017.08.03 22:05:51.753,1.00032,1.00067,1.00,1.50
2017.08.03 22:05:52.613,1.00036,1.00067,1.00,1.50
2017.08.03 22:05:52.960,1.00038,1.00066,1.00,1.50
2017.08.03 22:05:54.611,1.00038,1.00067,1.00,1.50
2017.08.03 22:05:55.351,1.00038,1.00066,1.00,1.00
2017.08.03 22:05:58.400,1.00039,1.00066,1.00,1.00
2017.08.03 22:06:04.433,1.00039,1.00067,1.00,1.50
2017.08.03 22:06:04.956,1.00039,1.00066,1.00,1.00
2017.08.03 22:06:17.572,1.0004,1.00067,1.00,1.50
2017.08.03 22:06:18.535,1.0004,1.00066,1.00,1.00
2017.08.03 22:06:18.903,1.0004,1.00071,1.00,1.50
2017.08.03 22:06:19.423,1.0004,1.0007,1.00,1.00
2017.08.03 22:06:20.039,1.00042,1.0007,1.00,1.00
2017.08.03 22:06:22.600,1.00043,1.0007,1.00,1.50
2017.08.03 22:06:27.613,1.00043,1.00071,1.00,1.50
2017.08.03 22:06:30.641,1.00042,1.00071,1.00,1.50
2017.08.03 22:06:31.307,1.00042,1.0007,1.00,1.00
2017.08.03 22:06:34.843,1.0004,1.0007,1.00,1.00
2017.08.03 22:06:38.092,1.0004,1.00071,1.00,1.50
2017.08.03 22:06:38.756,1.00037,1.0007,1.00,1.00
2017.08.03 22:06:44.632,1.00037,1.0007,1.00,1.87
2017.08.03 22:06:49.918,1.00037,1.0007,1.00,1.12
2017.08.03 22:06:52.228,1.0004,1.00071,1.00,1.00
2017.08.03 22:06:52.279,1.00038,1.00071,1.00,1.12
2017.08.03 22:06:52.406,1.0004,1.00074,1.00,1.87
2017.08.03 22:06:53.167,1.00039,1.00071,1.00,1.37
2017.08.03 22:06:54.232,1.00039,1.00071,1.00,1.12
2017.08.03 22:06:57.737,1.00042,1.00071,1.00,1.12
2017.08.03 22:06:57.787,1.00042,1.00078,1.00,1.37
2017.08.03 22:06:57.838,1.00045,1.00079,1.00,1.37
2017.08.03 22:06:58.453,1.00046,1.00079,1.00,1.37
2017.08.03 22:07:00.041,1.00045,1.00079,1.00,1.37
2017.08.03 22:07:00.762,1.00045,1.00079,1.00,1.37
2017.08.03 22:07:01.888,1.00049,1.00082,1.00,2.81
2017.08.03 22:07:02.040,1.0005,1.00082,1.00,1.37
2017.08.03 22:07:08.297,1.00049,1.00082,1.00,1.87
2017.08.03 22:07:09.020,1.00049,1.00082,1.00,1.12
2017.08.03 22:07:17.761,1.00049,1.00082,1.00,1.37
2017.08.03 22:07:18.261,1.00049,1.00082,1.00,1.37
2017.08.03 22:07:26.365,1.0005,1.00082,1.00,1.87
2017.08.03 22:07:26.809,1.00048,1.00082,1.50,1.12
2017.08.03 22:07:26.859,1.00048,1.00081,1.00,1.37
2017.08.03 22:07:27.012,1.00045,1.00079,1.00,1.00
2017.08.03 22:07:27.064,1.00042,1.00077,1.00,1.37
2017.08.03 22:07:27.115,1.00044,1.0008,1.00,1.87
2017.08.03 22:07:27.166,1.00043,1.00075,1.00,1.00
2017.08.03 22:07:27.217,1.00043,1.00079,1.00,1.00
2017.08.03 22:07:27.318,1.00043,1.00077,1.00,1.00
2017.08.03 22:07:27.845,1.00044,1.00078,1.00,1.00
2017.08.03 22:07:28.192,1.00048,1.00081,1.00,1.87
2017.08.03 22:07:28.765,1.00048,1.00081,1.00,1.37
2017.08.03 22:07:29.448,1.00048,1.00081,1.00,1.87
2017.08.03 22:07:30.172,1.00048,1.00081,1.00,1.87
2017.08.03 22:07:34.253,1.00047,1.00081,1.00,1.87
2017.08.03 22:07:34.860,1.00047,1.00081,1.00,2.62
2017.08.03 22:07:35.600,1.00047,1.00081,1.00,2.62
2017.08.03 22:07:36.181,1.00047,1.00081,1.00,1.87
2017.08.03 22:07:37.373,1.00048,1.00082,1.00,1.37
2017.08.03 22:07:38.163,1.00049,1.00083,1.00,1.37
2017.08.03 22:07:48.409,1.00049,1.00083,1.00,1.37
2017.08.03 22:07:49.589,1.00048,1.00083,1.00,1.37
2017.08.03 22:07:49.923,1.00048,1.00081,1.00,1.37
2017.08.03 22:07:50.615,1.00048,1.00084,1.50,2.81
2017.08.03 22:08:00.845,1.0005,1.00084,1.00,2.81
2017.08.03 22:08:01.662,1.0005,1.00084,1.00,2.06
2017.08.03 22:08:03.970,1.0005,1.00084,1.00,2.06
2017.08.03 22:08:05.765,1.0005,1.00084,1.00,2.81
2017.08.03 22:08:11.446,1.00049,1.00084,1.00,2.06
2017.08.03 22:08:18.622,1.00048,1.00084,1.50,3.19
2017.08.03 22:08:18.859,1.00049,1.00084,1.00,1.62
2017.08.03 22:08:19.561,1.00049,1.00083,1.00,1.62
2017.08.03 22:08:24.094,1.00049,1.00082,1.00,1.87
2017.08.03 22:08:24.145,1.00049,1.00082,1.00,1.87
2017.08.03 22:08:25.336,1.00049,1.00082,1.00,1.87
2017.08.03 22:08:26.163,1.00048,1.00078,1.50,1.37
2017.08.03 22:08:26.487,1.00048,1.00078,1.50,1.87
2017.08.03 22:08:27.067,1.00047,1.00078,1.00,1.87
2017.08.03 22:08:28.102,1.00047,1.00078,1.00,1.87
2017.08.03 22:08:29.597,1.00047,1.00078,1.00,1.87
2017.08.03 22:08:30.125,1.00047,1.00078,1.00,1.37
2017.08.03 22:08:32.108,1.00048,1.00078,1.00,1.37
2017.08.03 22:08:32.766,1.00049,1.00078,1.00,1.37
2017.08.03 22:08:34.027,1.00049,1.00078,1.00,1.87
2017.08.03 22:08:36.577,1.0005,1.00081,1.00,2.06
2017.08.03 22:08:41.566,1.0005,1.00081,1.00,1.62
2017.08.03 22:08:42.180,1.00051,1.00082,1.00,1.87
2017.08.03 22:08:42.943,1.00051,1.00081,1.00,1.37
2017.08.03 22:08:45.547,1.00051,1.00082,1.00,1.37
2017.08.03 22:08:46.058,1.00049,1.00082,1.00,2.81
2017.08.03 22:08:46.602,1.00049,1.00078,1.00,1.37
2017.08.03 22:08:48.055,1.0005,1.00081,1.00,1.37
2017.08.03 22:08:48.158,1.00051,1.00082,1.00,1.87
2017.08.03 22:08:49.209,1.00051,1.00085,1.00,2.81
2017.08.03 22:08:49.954,1.00051,1.00084,1.00,1.37
2017.08.03 22:08:51.065,1.00051,1.00084,1.00,1.37
2017.08.03 22:08:53.894,1.00051,1.00085,1.00,2.81
2017.08.03 22:08:54.924,1.00051,1.00084,1.00,2.06
2017.08.03 22:08:56.954,1.00051,1.00084,1.00,1.62
2017.08.03 22:09:18.940,1.00052,1.00084,1.00,1.62
2017.08.03 22:09:23.057,1.00051,1.00084,1.00,1.62
2017.08.03 22:09:24.051,1.00051,1.00085,1.00,2.06
2017.08.03 22:09:27.889,1.00051,1.00085,1.00,2.06
2017.08.03 22:09:30.852,1.00051,1.00084,1.00,1.62
2017.08.03 22:09:31.033,1.0005,1.00084,1.00,1.62
2017.08.03 22:09:31.880,1.0005,1.00084,1.00,1.62
2017.08.03 22:09:32.250,1.00052,1.00085,1.00,2.06
2017.08.03 22:09:32.914,1.00052,1.00085,1.00,2.06
2017.08.03 22:09:36.290,1.00051,1.00084,1.00,1.37
2017.08.03 22:09:36.843,1.00051,1.00084,1.00,2.06
2017.08.03 22:09:38.045,1.0005,1.00084,1.00,2.06
2017.08.03 22:09:38.410,1.00049,1.00082,1.00,1.87
2017.08.03 22:09:41.795,1.00049,1.00078,1.00,1.87
2017.08.03 22:09:42.913,1.00049,1.00078,1.00,1.37
2017.08.03 22:09:49.062,1.00049,1.00083,1.00,3.56
2017.08.03 22:09:52.348,1.00049,1.00082,1.00,1.87
2017.08.03 22:10:01.828,1.00049,1.00082,1.00,1.37
2017.08.03 22:10:02.344,1.00049,1.00082,1.00,1.37
2017.08.03 22:10:06.217,1.00049,1.00082,1.00,1.37
2017.08.03 22:10:06.856,1.00049,1.00082,1.00,1.87
2017.08.03 22:10:12.244,1.00048,1.00082,1.50,1.87
2017.08.03 22:10:16.807,1.00048,1.00082,1.50,1.37
2017.08.03 22:10:19.263,1.00048,1.00082,1.00,2.62
2017.08.03 22:10:34.273,1.00048,1.00082,1.00,1.37
2017.08.03 22:10:39.915,1.00049,1.00082,1.00,1.87
2017.08.03 22:10:40.440,1.00048,1.00082,1.00,2.06
2017.08.03 22:10:43.335,1.00048,1.00078,1.00,1.87
2017.08.03 22:10:46.138,1.00048,1.00079,1.00,1.87
2017.08.03 22:10:51.344,1.00048,1.00079,1.00,3.19
2017.08.03 22:10:51.769,1.00045,1.00078,1.00,1.87
2017.08.03 22:10:52.726,1.00045,1.00078,1.00,1.87
2017.08.03 22:10:53.251,1.00046,1.00078,1.00,1.87
2017.08.03 22:10:53.487,1.00044,1.00078,1.00,1.37
2017.08.03 22:10:54.111,1.00044,1.00078,1.00,1.87
2017.08.03 22:11:04.069,1.00044,1.00078,1.00,1.37
2017.08.03 22:11:06.064,1.00044,1.00078,1.00,1.37
2017.08.03 22:11:08.074,1.00044,1.00078,1.00,1.37
2017.08.03 22:11:10.069,1.00044,1.00079,1.00,3.56
2017.08.03 22:11:11.980,1.00044,1.00078,1.00,1.37
2017.08.03 22:11:21.369,1.00044,1.00078,1.00,1.37
2017.08.03 22:11:30.945,1.00046,1.00078,1.00,2.81
2017.08.03 22:11:31.504,1.00046,1.00078,1.00,1.87
2017.08.03 22:11:40.204,1.00046,1.00078,1.00,1.62
2017.08.03 22:11:41.726,1.00045,1.00078,1.00,1.37
2017.08.03 22:11:45.324,1.00045,1.00078,1.00,1.37
2017.08.03 22:11:45.934,1.00045,1.00078,1.00,1.37
2017.08.03 22:11:49.524,1.00045,1.00078,1.00,1.37
2017.08.03 22:11:50.098,1.00046,1.00079,1.00,1.37
2017.08.03 22:11:52.503,1.00046,1.00079,1.00,1.37
2017.08.03 22:11:54.833,1.00047,1.0008,1.00,1.37
2017.08.03 22:11:55.509,1.00047,1.0008,1.00,1.37
2017.08.03 22:12:11.123,1.00047,1.00081,1.00,1.87
2017.08.03 22:12:16.091,1.00047,1.00081,1.00,1.50
2017.08.03 22:12:16.636,1.00046,1.00081,1.00,1.87
2017.08.03 22:12:19.340,1.00048,1.0008,1.00,1.37
2017.08.03 22:12:19.937,1.00048,1.0008,1.00,1.37
2017.08.03 22:12:23.425,1.00047,1.0008,1.00,1.87
2017.08.03 22:12:24.322,1.00047,1.0008,1.00,1.87
2017.08.03 22:12:28.122,1.00047,1.0008,1.00,1.87
2017.08.03 22:12:41.849,1.00046,1.0008,1.00,1.87
2017.08.03 22:12:42.388,1.00047,1.0008,1.00,1.12
2017.08.03 22:12:45.059,1.00045,1.0008,1.37,1.87
2017.08.03 22:12:47.091,1.00046,1.00078,1.37,1.00
2017.08.03 22:12:48.505,1.00046,1.0008,1.37,1.50
2017.08.03 22:12:49.544,1.00046,1.0008,1.37,1.50
2017.08.03 22:12:51.683,1.00046,1.00081,1.37,1.75
2017.08.03 22:12:58.885,1.00046,1.00082,1.37,4.12
2017.08.03 22:13:03.031,1.00047,1.0008,1.37,1.37
2017.08.03 22:13:04.867,1.00043,1.00079,1.87,1.37
2017.08.03 22:13:05.130,1.00041,1.00076,1.00,1.87
2017.08.03 22:13:05.181,1.00039,1.00073,1.37,1.87
2017.08.03 22:13:05.434,1.00034,1.00068,1.50,1.50
2017.08.03 22:13:06.625,1.00034,1.00068,1.00,1.50
2017.08.03 22:13:14.387,1.00034,1.00068,1.00,1.50
2017.08.03 22:13:20.272,1.00034,1.00068,1.00,1.12
2017.08.03 22:13:21.096,1.00034,1.00068,1.00,1.50
2017.08.03 22:13:40.183,1.00034,1.00065,1.00,1.00
2017.08.03 22:13:42.712,1.00034,1.00064,1.00,1.00
2017.08.03 22:13:47.724,1.00034,1.00062,1.00,1.00
2017.08.03 22:13:59.999,1.00034,1.00063,1.00,1.00
2017.08.03 22:14:02.155,1.00034,1.00067,1.00,1.50
2017.08.03 22:14:06.699,1.00034,1.00068,1.50,1.12
2017.08.03 22:14:08.758,1.00034,1.00068,1.50,1.12
2017.08.03 22:14:09.514,1.00034,1.00068,1.50,1.12
2017.08.03 22:14:19.725,1.00034,1.00064,1.00,1.12
2017.08.03 22:14:22.855,1.00034,1.00064,1.00,1.37
2017.08.03 22:14:23.648,1.00034,1.00067,1.00,1.50
2017.08.03 22:14:25.882,1.00034,1.00067,1.00,1.50
2017.08.03 22:14:33.138,1.00034,1.00067,1.00,1.50
2017.08.03 22:14:33.870,1.00034,1.00067,1.00,1.50
2017.08.03 22:14:42.408,1.00034,1.00065,1.00,1.37
2017.08.03 22:14:42.509,1.00034,1.00066,1.00,1.37
2017.08.03 22:14:44.525,1.00033,1.00066,1.50,1.37
2017.08.03 22:14:44.661,1.00033,1.00066,1.50,1.37
2017.08.03 22:14:49.888,1.00033,1.00066,1.50,1.37
2017.08.03 22:14:50.497,1.00033,1.00066,1.00,1.37
2017.08.03 22:14:51.787,1.00033,1.00066,1.00,1.37
2017.08.03 22:14:59.281,1.00033,1.00067,1.00,1.37
2017.08.03 22:14:59.967,1.00033,1.00067,1.00,1.37
2017.08.03 22:15:00.729,1.00033,1.00067,1.00,1.37
2017.08.03 22:15:01.295,1.00034,1.00068,1.00,2.25
2017.08.03 22:15:01.851,1.00033,1.00068,1.50,1.87
2017.08.03 22:15:02.017,1.00033,1.00069,1.50,2.62
2017.08.03 22:15:02.169,1.00036,1.00069,1.00,1.12
2017.08.03 22:15:02.325,1.00036,1.0007,1.00,1.50
2017.08.03 22:15:03.088,1.00036,1.0007,1.00,1.50
2017.08.03 22:15:05.105,1.00033,1.00064,1.12,1.00
2017.08.03 22:15:05.763,1.00034,1.00064,1.00,1.00
2017.08.03 22:15:08.426,1.00033,1.00064,1.12,1.00
2017.08.03 22:15:11.850,1.00033,1.00063,1.12,1.00
2017.08.03 22:15:12.368,1.00033,1.00062,1.12,1.00
2017.08.03 22:15:14.093,1.00033,1.00061,1.12,1.00
2017.08.03 22:15:16.104,1.00033,1.00062,1.12,1.00
2017.08.03 22:15:16.712,1.00033,1.00063,1.12,1.00
2017.08.03 22:15:17.142,1.00033,1.00061,1.12,1.00
2017.08.03 22:15:20.066,1.00033,1.00063,1.00,1.00
2017.08.03 22:15:23.038,1.00033,1.00061,1.00,1.00
2017.08.03 22:15:23.646,1.00033,1.0006,1.00,1.00
2017.08.03 22:15:25.273,1.00034,1.00061,1.00,1.00
2017.08.03 22:15:25.658,1.00034,1.00058,1.00,1.00
2017.08.03 22:15:29.790,1.00034,1.00057,1.00,1.00
2017.08.03 22:15:30.094,1.00033,1.00055,1.00,1.00
2017.08.03 22:15:34.205,1.00033,1.00058,1.00,1.00
2017.08.03 22:15:35.380,1.00033,1.00057,1.00,1.00
2017.08.03 22:15:49.905,1.00034,1.00058,1.00,1.00
2017.08.03 22:16:03.247,1.00029,1.00057,1.00,1.00
2017.08.03 22:16:03.470,1.00034,1.00058,1.00,1.00
2017.08.03 22:16:12.826,1.00034,1.0006,1.00,1.12
2017.08.03 22:16:30.490,1.00034,1.00058,1.00,1.00
2017.08.03 22:16:33.181,1.00034,1.00059,1.00,1.00
2017.08.03 22:16:39.716,1.00034,1.0006,1.00,1.00
2017.08.03 22:16:57.752,1.00033,1.0006,1.00,1.00
2017.08.03 22:16:59.297,1.00029,1.00056,1.00,1.00
2017.08.03 22:16:59.907,1.00028,1.00057,1.00,1.12
2017.08.03 22:17:00.059,1.00025,1.00055,1.00,1.00
2017.08.03 22:17:00.313,1.00029,1.00055,1.00,1.00
2017.08.03 22:17:03.178,1.00029,1.00056,1.00,1.00
2017.08.03 22:17:04.432,1.00028,1.00056,1.12,1.00
2017.08.03 22:17:04.973,1.00028,1.00056,1.37,1.00
2017.08.03 22:17:05.296,1.00029,1.00054,1.00,1.00
2017.08.03 22:17:10.123,1.00029,1.00055,1.00,1.00
2017.08.03 22:17:18.346,1.00026,1.00055,1.12,1.00
2017.08.03 22:17:18.397,1.00026,1.00056,2.62,1.00
2017.08.03 22:17:18.700,1.00039,1.00069,1.00,1.37
2017.08.03 22:17:19.265,1.00039,1.00069,1.00,1.37
2017.08.03 22:17:20.966,1.0004,1.00069,1.00,1.12
2017.08.03 22:17:26.425,1.0004,1.0007,1.00,2.25
2017.08.03 22:17:37.505,1.0004,1.00071,1.00,2.62
2017.08.03 22:17:50.141,1.0004,1.0007,1.00,2.62
2017.08.03 22:17:50.710,1.00041,1.0007,1.00,1.87
2017.08.03 22:17:52.298,1.00041,1.0007,1.00,1.87
2017.08.03 22:17:52.969,1.00041,1.00073,1.12,1.37
2017.08.03 22:18:05.168,1.00041,1.00073,1.87,1.37
2017.08.03 22:18:07.896,1.00043,1.00073,1.00,1.37
2017.08.03 22:18:11.837,1.00043,1.00074,1.00,1.50
2017.08.03 22:18:15.211,1.00043,1.00071,1.00,1.00
2017.08.03 22:18:15.803,1.00043,1.00072,1.00,1.12
2017.08.03 22:18:16.512,1.00043,1.00073,1.00,1.37
2017.08.03 22:18:17.072,1.00042,1.00073,1.00,1.37
2017.08.03 22:18:26.516,1.00042,1.00071,1.00,1.00
2017.08.03 22:18:41.495,1.00043,1.00071,1.00,1.12
2017.08.03 22:18:46.908,1.00042,1.00071,1.00,1.12
2017.08.03 22:18:47.211,1.00043,1.00073,1.00,1.69
2017.08.03 22:18:47.313,1.00042,1.00073,1.00,2.06
2017.08.03 22:18:48.044,1.00042,1.00069,1.00,1.00
2017.08.03 22:18:59.493,1.00042,1.0007,1.00,1.00
2017.08.03 22:19:09.143,1.00042,1.0007,1.00,1.37
2017.08.03 22:19:10.466,1.00042,1.0007,1.00,1.12
2017.08.03 22:19:11.020,1.00043,1.00072,1.00,1.37
2017.08.03 22:19:11.681,1.00044,1.00072,1.00,1.37
2017.08.03 22:19:23.285,1.00044,1.00072,1.00,1.12
2017.08.03 22:19:25.747,1.00041,1.00072,1.00,1.37
2017.08.03 22:19:26.537,1.00041,1.0007,1.00,1.00
2017.08.03 22:19:48.565,1.00041,1.0007,1.00,1.37
2017.08.03 22:19:50.251,1.00041,1.0007,1.00,1.12
2017.08.03 22:19:50.865,1.0004,1.0007,1.12,1.37
2017.08.03 22:19:57.199,1.00042,1.0007,1.00,1.37
2017.08.03 22:19:57.452,1.00044,1.00073,1.00,1.37
2017.08.03 22:20:00.504,1.00044,1.00073,1.00,1.37
2017.08.03 22:20:02.214,1.00044,1.00073,1.00,1.37
2017.08.03 22:20:07.023,1.00044,1.00071,1.00,1.00
2017.08.03 22:20:27.350,1.00044,1.0007,1.00,1.00
2017.08.03 22:20:27.725,1.00042,1.0007,1.00,1.00
2017.08.03 22:20:28.393,1.00042,1.0007,1.00,1.37
2017.08.03 22:20:28.901,1.00041,1.0007,1.12,1.00
2017.08.03 22:20:29.058,1.00043,1.0007,1.00,1.12
2017.08.03 22:20:29.854,1.00042,1.0007,1.00,1.00
2017.08.03 22:20:30.364,1.00043,1.0007,1.00,1.12
2017.08.03 22:20:31.242,1.00041,1.0007,1.12,1.12
2017.08.03 22:20:31.468,1.00044,1.0007,1.00,1.00
2017.08.03 22:20:31.764,1.00042,1.0007,1.12,1.00
2017.08.03 22:20:31.950,1.00044,1.0007,1.00,1.37
2017.08.03 22:20:32.000,1.00042,1.0007,1.00,1.37
2017.08.03 22:20:32.537,1.00043,1.0007,1.00,1.12
2017.08.03 22:20:32.588,1.00041,1.0007,1.12,1.00
2017.08.03 22:20:33.116,1.00042,1.0007,1.12,1.00
2017.08.03 22:20:34.729,1.00039,1.0007,1.00,2.62
2017.08.03 22:20:34.831,1.00037,1.00067,1.00,1.37
2017.08.03 22:20:34.932,1.00035,1.00064,1.00,1.37
2017.08.03 22:20:35.757,1.00034,1.00061,1.00,1.37
2017.08.03 22:20:36.986,1.00037,1.00062,1.00,1.00
2017.08.03 22:20:37.275,1.00037,1.00064,1.00,1.12
2017.08.03 22:20:40.112,1.00038,1.00064,1.00,1.00
2017.08.03 22:20:40.722,1.00038,1.00065,1.00,1.00
2017.08.03 22:20:50.437,1.00037,1.00065,1.00,1.37
2017.08.03 22:20:50.952,1.00036,1.00064,1.00,1.12
2017.08.03 22:20:51.531,1.00036,1.00064,1.00,1.37
2017.08.03 22:20:52.464,1.00036,1.00064,1.00,1.12
2017.08.03 22:20:54.326,1.00031,1.00061,1.87,1.37
2017.08.03 22:20:54.428,1.0003,1.00058,1.00,1.87
2017.08.03 22:20:54.682,1.00025,1.00053,1.00,1.12
2017.08.03 22:20:54.783,1.00025,1.00051,1.00,1.00
2017.08.03 22:20:57.974,1.00025,1.00053,1.00,1.00
2017.08.03 22:20:58.597,1.00025,1.00052,1.00,1.00
2017.08.03 22:20:59.191,1.00025,1.00053,1.00,1.00
2017.08.03 22:21:00.934,1.00027,1.00053,1.00,1.00
2017.08.03 22:21:01.598,1.00027,1.00054,1.00,1.00
2017.08.03 22:21:02.287,1.00027,1.00055,1.00,1.00
2017.08.03 22:21:08.402,1.00026,1.00055,1.00,1.00
2017.08.03 22:21:08.887,1.00025,1.00053,1.00,1.00
2017.08.03 22:21:12.895,1.00026,1.00053,1.00,1.00
2017.08.03 22:21:13.691,1.00026,1.00054,1.00,1.00
2017.08.03 22:21:16.322,1.00023,1.00054,1.00,1.12
2017.08.03 22:21:16.815,1.00025,1.00053,1.00,1.00
2017.08.03 22:21:27.142,1.00027,1.00053,1.00,1.00
2017.08.03 22:21:27.243,1.00027,1.00056,1.00,1.00
2017.08.03 22:21:30.712,1.00027,1.00058,1.00,1.00
2017.08.03 22:21:32.014,1.00028,1.00058,1.00,1.00
2017.08.03 22:21:32.714,1.00028,1.00057,1.00,1.00
2017.08.03 22:21:33.230,1.00028,1.00056,1.00,1.00
2017.08.03 22:21:33.777,1.00028,1.00057,1.00,1.00
2017.08.03 22:21:34.583,1.00027,1.00057,1.00,1.00
2017.08.03 22:21:34.867,1.00029,1.00057,1.00,1.00
2017.08.03 22:21:35.375,1.0003,1.00058,1.00,1.00
2017.08.03 22:21:36.036,1.0003,1.00059,1.00,1.00
2017.08.03 22:21:37.047,1.0003,1.00057,1.00,1.00
2017.08.03 22:21:37.579,1.0003,1.00058,1.00,1.00
2017.08.03 22:21:38.280,1.00029,1.00058,1.00,1.00
2017.08.03 22:21:39.129,1.0003,1.00058,1.00,1.00
2017.08.03 22:21:39.675,1.00029,1.00058,1.00,1.00
2017.08.03 22:21:42.675,1.0003,1.00058,1.00,1.00
2017.08.03 22:21:42.879,1.00028,1.00058,1.00,1.00
2017.08.03 22:21:43.549,1.00028,1.00059,1.00,1.00
2017.08.03 22:21:44.097,1.00029,1.00059,1.00,1.00
2017.08.03 22:21:44.619,1.0003,1.00059,1.00,1.00
2017.08.03 22:21:45.128,1.0003,1.0006,1.00,1.00
2017.08.03 22:21:49.255,1.00028,1.00058,1.00,1.00
2017.08.03 22:21:49.643,1.00028,1.00056,1.00,1.00
2017.08.03 22:21:50.182,1.00028,1.00057,1.00,1.00
2017.08.03 22:21:50.664,1.00034,1.00058,1.00,1.12
2017.08.03 22:21:50.714,1.00032,1.00058,1.00,1.12
2017.08.03 22:21:50.967,1.00035,1.00067,1.00,1.50
2017.08.03 22:21:51.555,1.00035,1.00066,1.00,1.00
2017.08.03 22:21:52.402,1.00035,1.00067,1.00,1.00
2017.08.03 22:21:52.453,1.00034,1.00065,1.00,1.00
2017.08.03 22:21:53.444,1.00036,1.00068,1.00,1.00
2017.08.03 22:22:02.721,1.00037,1.00069,1.00,1.50
2017.08.03 22:22:02.993,1.00036,1.00071,1.50,1.12
2017.08.03 22:22:03.044,1.00038,1.0007,1.00,1.00
2017.08.03 22:22:04.639,1.00037,1.00069,1.00,1.00
2017.08.03 22:22:06.459,1.00038,1.0007,1.00,1.50
2017.08.03 22:22:06.762,1.00037,1.00067,1.00,1.00
2017.08.03 22:22:07.066,1.00034,1.00065,1.50,1.00
2017.08.03 22:22:07.596,1.00034,1.00065,1.50,1.00
2017.08.03 22:22:10.232,1.00033,1.00065,3.75,1.00
2017.08.03 22:22:13.551,1.00035,1.00065,1.37,1.00
2017.08.03 22:22:15.317,1.00036,1.00064,1.00,1.00
2017.08.03 22:22:15.819,1.00036,1.00065,1.00,1.00
2017.08.03 22:22:22.109,1.00035,1.00065,1.87,1.00
2017.08.03 22:22:22.681,1.00035,1.00065,1.87,1.00
2017.08.03 22:22:26.734,1.00035,1.00065,1.87,1.00
2017.08.03 22:22:27.172,1.00037,1.00065,1.00,1.00
2017.08.03 22:22:29.532,1.00034,1.00064,1.37,1.00
2017.08.03 22:22:29.583,1.00034,1.00064,1.12,1.00
2017.08.03 22:22:34.890,1.00034,1.00063,1.00,1.00
2017.08.03 22:22:38.023,1.00033,1.00063,1.12,1.00
2017.08.03 22:22:38.783,1.00033,1.00064,1.37,1.00
2017.08.03 22:22:39.298,1.00034,1.00064,1.37,1.00
2017.08.03 22:22:45.950,1.00034,1.00065,1.37,1.00
2017.08.03 22:22:46.216,1.00033,1.00065,1.87,1.00
2017.08.03 22:22:47.821,1.00033,1.00065,2.25,1.00
2017.08.03 22:23:00.458,1.00034,1.00065,1.50,1.00
2017.08.03 22:23:03.173,1.00035,1.00066,1.12,1.00
2017.08.03 22:23:03.325,1.00035,1.00066,1.87,1.00
2017.08.03 22:23:04.169,1.00035,1.00066,1.37,1.00
2017.08.03 22:23:28.147,1.00036,1.00067,1.00,1.00
2017.08.03 22:23:35.829,1.00035,1.00067,1.00,1.00
2017.08.03 22:23:36.514,1.00034,1.00067,1.87,1.00
2017.08.03 22:23:52.569,1.00036,1.00066,1.00,1.00
2017.08.03 22:23:53.091,1.00036,1.00067,1.00,1.00
2017.08.03 22:23:55.535,1.00035,1.00067,1.87,1.00
2017.08.03 22:23:56.147,1.00036,1.00067,1.00,1.00
2017.08.03 22:24:06.810,1.00036,1.00067,1.37,1.00
2017.08.03 22:24:07.366,1.00034,1.00067,1.50,1.00
2017.08.03 22:24:07.890,1.00034,1.00067,1.50,1.00
2017.08.03 22:24:20.953,1.00033,1.00067,2.62,1.00
2017.08.03 22:24:23.868,1.00033,1.00066,2.62,1.00
2017.08.03 22:24:30.033,1.00034,1.00064,1.12,1.00
2017.08.03 22:24:46.278,1.00034,1.00064,1.37,1.00
2017.08.03 22:24:47.179,1.00034,1.00064,1.00,1.00
2017.08.03 22:24:49.204,1.00033,1.00064,2.62,1.00
2017.08.03 22:24:51.925,1.00034,1.00064,1.00,1.00
2017.08.03 22:25:02.150,1.00033,1.00064,1.87,1.00
2017.08.03 22:25:05.317,1.00033,1.00065,1.87,1.00
2017.08.03 22:25:06.008,1.00033,1.00065,1.87,1.00
2017.08.03 22:25:09.744,1.00033,1.00066,2.81,1.00
2017.08.03 22:25:09.845,1.00033,1.00068,3.56,1.00
2017.08.03 22:25:10.491,1.00036,1.00068,1.00,1.00
2017.08.03 22:25:20.014,1.00036,1.00066,1.00,1.00
2017.08.03 22:25:26.182,1.00034,1.00066,1.87,1.00
2017.08.03 22:25:32.363,1.00035,1.00067,1.12,1.00
2017.08.03 22:25:32.699,1.00035,1.00065,1.00,1.00
2017.08.03 22:25:35.617,1.00034,1.00065,1.87,1.00
2017.08.03 22:25:36.242,1.00035,1.00065,1.00,1.00
2017.08.03 22:25:37.057,1.00035,1.00067,1.00,1.00
2017.08.03 22:25:37.564,1.00034,1.00066,1.87,1.00
2017.08.03 22:25:48.254,1.00034,1.00066,1.37,1.00
2017.08.03 22:26:03.338,1.00033,1.00066,1.87,1.00
2017.08.03 22:26:06.043,1.00033,1.00064,1.87,1.00
2017.08.03 22:26:08.107,1.00034,1.00063,1.12,1.00
2017.08.03 22:26:10.169,1.00033,1.00057,1.75,1.00
2017.08.03 22:26:10.372,1.00025,1.00056,1.62,1.00
2017.08.03 22:26:11.106,1.00024,1.00055,1.12,1.00
2017.08.03 22:26:11.159,1.00025,1.00055,1.00,1.00
2017.08.03 22:26:13.138,1.00025,1.00054,1.00,1.00
2017.08.03 22:26:13.718,1.00024,1.00053,1.12,1.00
2017.08.03 22:26:20.071,1.00024,1.00056,1.37,1.00
2017.08.03 22:26:20.622,1.00025,1.00057,2.06,1.00
2017.08.03 22:26:23.932,1.00025,1.00056,1.62,1.00
2017.08.03 22:26:24.483,1.00025,1.00056,1.62,1.00
2017.08.03 22:26:33.519,1.00024,1.00056,1.69,1.00
2017.08.03 22:26:34.214,1.00025,1.00057,2.81,1.00
2017.08.03 22:26:35.364,1.00026,1.00057,1.37,1.00
2017.08.03 22:26:38.847,1.00025,1.00057,2.81,1.00
2017.08.03 22:26:39.174,1.00026,1.00059,1.37,1.37
2017.08.03 22:26:39.827,1.00026,1.00059,1.37,1.00
2017.08.03 22:26:43.266,1.00026,1.0006,1.87,1.00
2017.08.03 22:26:47.589,1.00027,1.0006,1.62,1.00
2017.08.03 22:26:51.339,1.00027,1.0006,1.62,1.00
2017.08.03 22:26:51.949,1.00026,1.0006,2.81,1.00
2017.08.03 22:26:52.460,1.00026,1.0006,2.06,1.00
2017.08.03 22:26:55.645,1.00026,1.00059,1.62,1.00
2017.08.03 22:27:06.244,1.00026,1.00059,1.62,1.00
2017.08.03 22:27:11.188,1.00027,1.00058,1.62,1.00
2017.08.03 22:27:11.759,1.00027,1.00057,1.31,1.00
2017.08.03 22:27:12.290,1.00025,1.00056,1.69,1.00
2017.08.03 22:27:12.342,1.00025,1.00056,1.31,1.00
2017.08.03 22:27:21.486,1.00023,1.00056,2.06,1.00
2017.08.03 22:27:21.757,1.00023,1.00055,2.06,1.00
2017.08.03 22:27:22.326,1.00022,1.00055,1.87,1.00
2017.08.03 22:27:23.281,1.00022,1.00055,1.37,1.00
2017.08.03 22:27:26.436,1.00022,1.00055,1.37,1.00
2017.08.03 22:27:38.310,1.00022,1.00055,1.37,1.00
2017.08.03 22:27:49.870,1.00022,1.00054,1.37,1.00
2017.08.03 22:27:49.971,1.00022,1.00056,2.06,1.00
2017.08.03 22:27:50.122,1.00023,1.00054,1.37,1.00
2017.08.03 22:27:50.274,1.00023,1.00056,1.37,1.00
2017.08.03 22:27:53.104,1.00024,1.00056,1.37,1.00
2017.08.03 22:27:55.068,1.00024,1.00056,1.37,1.00
2017.08.03 22:27:55.271,1.00024,1.00055,1.37,1.00
2017.08.03 22:27:55.321,1.00023,1.00053,1.37,1.00
2017.08.03 22:27:57.046,1.00023,1.00054,1.37,1.00
2017.08.03 22:27:57.940,1.00023,1.00053,1.37,1.00
2017.08.03 22:27:58.560,1.00023,1.00053,1.37,1.00
2017.08.03 22:27:59.082,1.00021,1.00052,1.37,1.00
2017.08.03 22:27:59.685,1.00021,1.00052,1.12,1.00
2017.08.03 22:28:25.144,1.00021,1.00053,1.00,1.00
2017.08.03 22:28:25.308,1.00023,1.00053,1.00,1.00
2017.08.03 22:28:28.348,1.00022,1.00054,1.00,1.00
2017.08.03 22:28:28.882,1.00024,1.00054,1.00,1.00
2017.08.03 22:28:31.718,1.00023,1.00054,1.00,1.00
2017.08.03 22:28:32.050,1.00023,1.00052,1.00,1.00
2017.08.03 22:28:36.455,1.00022,1.00052,1.00,1.00
2017.08.03 22:28:40.760,1.00021,1.00052,2.06,1.00
2017.08.03 22:28:45.367,1.00022,1.00052,1.00,1.00
2017.08.03 22:28:46.420,1.00022,1.00053,1.00,1.00
2017.08.03 22:28:46.968,1.00023,1.00054,1.00,1.00
2017.08.03 22:28:47.325,1.00023,1.00052,1.00,1.00
2017.08.03 22:28:51.913,1.00023,1.00054,1.00,1.00
2017.08.03 22:28:52.014,1.00024,1.00052,1.00,1.00
2017.08.03 22:28:52.065,1.00022,1.00052,1.00,1.00
2017.08.03 22:28:52.166,1.00023,1.00054,1.00,1.00
2017.08.03 22:28:57.403,1.00024,1.00054,1.00,1.00
2017.08.03 22:28:57.555,1.00022,1.00053,1.00,1.00
2017.08.03 22:28:58.062,1.00023,1.00053,1.00,1.00
2017.08.03 22:29:02.825,1.00023,1.00052,1.50,1.00
2017.08.03 22:29:03.407,1.00021,1.00052,2.06,1.00
2017.08.03 22:29:04.715,1.00021,1.00055,1.75,1.00
2017.08.03 22:29:08.491,1.00024,1.00055,1.62,1.00
2017.08.03 22:29:09.332,1.00024,1.00055,1.31,1.00
2017.08.03 22:29:11.812,1.00023,1.00055,1.12,1.50
2017.08.03 22:29:13.774,1.00023,1.00055,1.37,1.87
2017.08.03 22:29:20.826,1.00024,1.00055,1.37,1.00
2017.08.03 22:29:21.341,1.00024,1.00055,1.12,1.12
2017.08.03 22:29:21.463,1.00024,1.00053,1.00,1.00
2017.08.03 22:29:21.514,1.00024,1.00055,1.37,1.00
2017.08.03 22:29:22.056,1.00025,1.00055,1.37,1.00
2017.08.03 22:29:22.409,1.00024,1.00054,1.12,1.00
2017.08.03 22:29:35.486,1.00024,1.00055,1.12,1.00
2017.08.03 22:29:35.537,1.00025,1.00057,1.12,1.87
2017.08.03 22:29:36.019,1.00027,1.00057,1.00,1.00
2017.08.03 22:29:40.361,1.00027,1.00056,1.00,1.00
2017.08.03 22:29:40.563,1.00027,1.00058,1.00,1.12
2017.08.03 22:29:41.208,1.00026,1.00059,1.12,1.37
2017.08.03 22:29:42.662,1.00026,1.00059,1.00,1.37
2017.08.03 22:29:44.467,1.00026,1.00059,1.12,1.37
2017.08.03 22:29:45.463,1.00026,1.00059,1.12,1.37
2017.08.03 22:29:48.548,1.00026,1.00059,1.12,1.37
2017.08.03 22:29:49.418,1.00027,1.00059,1.00,1.37
2017.08.03 22:29:49.469,1.00028,1.0006,1.00,1.37
2017.08.03 22:29:49.520,1.00029,1.00061,1.00,1.87
2017.08.03 22:29:50.026,1.00028,1.00061,1.00,1.87
2017.08.03 22:29:54.294,1.00028,1.00061,1.00,1.87
2017.08.03 22:30:03.203,1.00028,1.00061,1.12,1.87
2017.08.03 22:30:03.762,1.00028,1.00061,1.00,1.12
2017.08.03 22:30:05.798,1.00028,1.00061,1.37,1.87
2017.08.03 22:30:06.665,1.00028,1.00061,1.37,1.37
2017.08.03 22:30:15.577,1.00028,1.00061,1.37,1.12
2017.08.03 22:30:17.888,1.00028,1.00061,1.12,1.12
2017.08.03 22:30:23.649,1.00028,1.00061,1.37,1.87
2017.08.03 22:30:24.390,1.00028,1.00061,1.37,1.87
2017.08.03 22:30:26.909,1.00028,1.00061,1.12,1.87
2017.08.03 22:30:39.398,1.00028,1.00061,1.50,1.87
2017.08.03 22:30:41.894,1.00028,1.00061,1.50,1.12
2017.08.03 22:30:42.703,1.00028,1.00061,1.50,1.00
2017.08.03 22:30:44.791,1.00028,1.00061,1.37,1.12
2017.08.03 22:30:46.128,1.00028,1.00061,1.37,1.37
2017.08.03 22:30:52.566,1.00027,1.00062,1.50,1.87
2017.08.03 22:30:52.878,1.0003,1.00063,1.37,1.87
2017.08.03 22:30:53.673,1.00028,1.00061,1.37,1.12
2017.08.03 22:30:54.336,1.00028,1.00061,1.37,1.37
2017.08.03 22:30:59.043,1.00028,1.00062,1.12,1.37
2017.08.03 22:30:59.616,1.00028,1.00062,1.12,1.37
2017.08.03 22:30:59.962,1.0003,1.00062,1.00,1.37
2017.08.03 22:31:00.063,1.0003,1.00063,1.37,1.12
2017.08.03 22:31:00.165,1.00028,1.00062,1.50,1.37
2017.08.03 22:31:02.387,1.00028,1.00061,1.50,1.37
2017.08.03 22:31:06.824,1.00028,1.00061,1.37,1.87
2017.08.03 22:31:07.334,1.00028,1.00061,1.37,1.37
2017.08.03 22:31:07.909,1.00028,1.00061,1.12,1.37
2017.08.03 22:31:09.043,1.00027,1.00062,1.37,1.87
2017.08.03 22:31:09.598,1.00029,1.00064,1.37,1.37
2017.08.03 22:31:09.730,1.00029,1.00064,1.37,1.37
2017.08.03 22:31:09.831,1.00028,1.00063,1.37,1.37
2017.08.03 22:31:10.588,1.00028,1.00063,1.37,1.37
2017.08.03 22:31:11.158,1.00031,1.00064,1.12,2.62
2017.08.03 22:31:11.845,1.00031,1.00064,1.37,1.37
2017.08.03 22:31:12.416,1.00031,1.00064,1.12,1.37
2017.08.03 22:31:13.004,1.00031,1.00064,1.37,1.37
2017.08.03 22:31:13.770,1.00031,1.00064,1.12,1.37
2017.08.03 22:31:14.273,1.00031,1.00064,1.37,1.37
2017.08.03 22:31:15.124,1.00031,1.00064,1.12,1.37
2017.08.03 22:31:15.377,1.00029,1.00062,1.12,1.12
2017.08.03 22:31:16.725,1.00029,1.00062,1.37,1.37
2017.08.03 22:31:16.777,1.00028,1.00061,1.37,1.37
2017.08.03 22:31:16.928,1.00025,1.00058,1.12,1.12
2017.08.03 22:31:16.979,1.00025,1.00056,1.00,1.37
2017.08.03 22:31:17.131,1.00021,1.00057,1.87,1.87
2017.08.03 22:31:18.552,1.00021,1.00057,1.87,1.37
2017.08.03 22:31:19.127,1.00021,1.00057,1.87,1.37
2017.08.03 22:31:19.491,1.00021,1.00054,1.37,1.37
2017.08.03 22:31:20.097,1.0002,1.00053,2.62,1.12
2017.08.03 22:31:20.299,1.0002,1.00053,1.12,1.12
2017.08.03 22:31:21.375,1.0002,1.00053,1.12,1.37
2017.08.03 22:31:21.917,1.0002,1.00053,1.37,1.37
2017.08.03 22:31:23.566,1.0002,1.00053,1.12,1.37
2017.08.03 22:31:27.038,1.00019,1.00053,1.87,1.37
2017.08.03 22:31:28.190,1.00019,1.00053,1.50,1.12
2017.08.03 22:31:30.500,1.00019,1.00053,1.37,1.37
2017.08.03 22:31:30.828,1.00019,1.00053,1.12,1.37
2017.08.03 22:31:32.529,1.00019,1.00053,1.37,1.37
2017.08.03 22:31:33.090,1.00019,1.00053,1.00,1.37
2017.08.03 22:31:34.546,1.00018,1.00052,2.62,1.12
2017.08.03 22:31:35.231,1.00018,1.00052,2.62,1.12
2017.08.03 22:31:36.801,1.00018,1.00052,2.62,1.37
2017.08.03 22:31:38.801,1.00018,1.00052,2.62,1.12
2017.08.03 22:31:48.606,1.00018,1.00051,2.62,1.00
2017.08.03 22:31:55.457,1.00018,1.00051,2.62,1.12
2017.08.03 22:32:12.007,1.00019,1.00052,1.50,1.50
2017.08.03 22:32:18.736,1.00019,1.00051,2.25,1.00
2017.08.03 22:32:18.837,1.00018,1.00054,2.25,1.87
2017.08.03 22:32:18.888,1.00024,1.00054,1.00,1.37
2017.08.03 22:32:19.478,1.00024,1.00057,1.00,3.00
2017.08.03 22:32:20.039,1.00024,1.00057,1.00,3.00
2017.08.03 22:32:24.991,1.00024,1.00056,1.00,1.37
2017.08.03 22:32:32.152,1.00024,1.00056,1.00,1.37
2017.08.03 22:32:39.961,1.00024,1.00056,1.00,1.12
2017.08.03 22:32:46.024,1.00024,1.00056,1.00,1.37
2017.08.03 22:32:46.584,1.00024,1.00056,1.00,1.12
2017.08.03 22:32:51.502,1.00024,1.00056,1.00,1.37
2017.08.03 22:32:52.048,1.00024,1.00056,1.00,1.37
2017.08.03 22:32:53.047,1.00024,1.00056,1.00,1.37
2017.08.03 22:32:56.915,1.00024,1.00056,1.00,1.00
2017.08.03 22:32:57.667,1.00024,1.00058,1.12,1.87
2017.08.03 22:32:57.847,1.00026,1.00058,1.00,1.87
2017.08.03 22:32:58.277,1.00026,1.00056,1.00,1.00
2017.08.03 22:33:00.252,1.00024,1.00056,1.12,1.87
2017.08.03 22:33:09.935,1.00026,1.00057,1.00,1.37
2017.08.03 22:33:10.440,1.00027,1.0006,1.00,1.12
2017.08.03 22:33:11.127,1.00027,1.0006,1.00,1.87
2017.08.03 22:33:11.431,1.00025,1.00057,1.00,1.50
2017.08.03 22:33:11.582,1.00021,1.00055,1.12,1.50
2017.08.03 22:33:11.633,1.00023,1.00051,1.00,1.00
2017.08.03 22:33:12.008,1.00021,1.0005,1.00,1.12
2017.08.03 22:33:12.539,1.0002,1.00051,1.00,2.62
2017.08.03 22:33:13.577,1.0002,1.00051,1.00,1.87
2017.08.03 22:33:13.628,1.0002,1.00051,1.00,1.00
2017.08.03 22:33:14.154,1.0002,1.00052,1.00,1.50
2017.08.03 22:33:14.705,1.0002,1.00053,1.00,1.75
2017.08.03 22:33:15.467,1.0002,1.00052,1.00,1.50
2017.08.03 22:33:16.125,1.0002,1.00053,1.00,1.75
2017.08.03 22:33:16.378,1.00021,1.00052,1.37,1.12
2017.08.03 22:33:16.479,1.00024,1.00056,1.37,2.25
2017.08.03 22:33:16.580,1.00024,1.00058,1.87,1.12
2017.08.03 22:33:17.115,1.00025,1.00058,1.37,1.00
2017.08.03 22:33:19.455,1.00025,1.00056,1.37,1.00
2017.08.03 22:33:19.657,1.00024,1.00059,1.00,1.00
2017.08.03 22:33:19.758,1.00025,1.00059,1.37,1.00
2017.08.03 22:33:21.640,1.00029,1.00059,1.00,1.00
2017.08.03 22:33:31.783,1.00029,1.00061,1.50,1.12
2017.08.03 22:33:52.939,1.00028,1.00061,1.00,2.62
2017.08.03 22:33:53.091,1.00026,1.00056,1.37,1.00
2017.08.03 22:33:53.141,1.00026,1.00059,1.37,1.37
2017.08.03 22:33:53.192,1.00026,1.00056,1.37,1.00
2017.08.03 22:33:54.074,1.00026,1.00056,1.00,1.00
2017.08.03 22:34:01.592,1.00025,1.00056,1.12,1.00
2017.08.03 22:34:09.113,1.00024,1.00056,2.62,1.00
2017.08.03 22:34:09.721,1.00024,1.00056,2.62,1.00
2017.08.03 22:34:10.023,1.00023,1.00051,1.00,1.50
2017.08.03 22:34:10.074,1.00018,1.00049,2.62,1.00
2017.08.03 22:34:10.845,1.00018,1.00049,2.62,1.12
2017.08.03 22:34:11.810,1.00018,1.00049,2.62,1.12
2017.08.03 22:34:12.074,1.00018,1.00051,2.62,1.50
2017.08.03 22:34:18.755,1.0002,1.0005,1.12,1.00
2017.08.03 22:34:19.158,1.0002,1.0005,1.37,1.00
2017.08.03 22:34:22.129,1.00019,1.0005,1.87,1.00
2017.08.03 22:34:24.904,1.00019,1.0005,2.62,1.00
2017.08.03 22:34:25.160,1.00019,1.00052,1.87,1.50
2017.08.03 22:34:28.233,1.00019,1.00052,1.37,1.50
2017.08.03 22:34:28.747,1.00018,1.00051,1.37,1.00
2017.08.03 22:34:28.797,1.00019,1.00049,1.37,1.00
2017.08.03 22:34:29.686,1.00018,1.00049,1.37,1.00
2017.08.03 22:34:30.169,1.00019,1.0005,1.37,1.00
2017.08.03 22:34:31.969,1.00018,1.00051,1.87,1.00
2017.08.03 22:34:32.272,1.00013,1.00043,1.00,1.00
2017.08.03 22:34:32.614,1.00011,1.00041,2.62,1.00
2017.08.03 22:34:32.715,1.00011,1.00041,1.87,1.00
2017.08.03 22:34:33.268,1.00011,1.00042,1.87,1.00
2017.08.03 22:34:42.721,1.00011,1.00042,1.87,1.00
2017.08.03 22:34:48.257,1.00011,1.00042,1.87,1.00
2017.08.03 22:34:52.035,1.00011,1.00042,1.37,1.00
2017.08.03 22:34:52.137,1.00013,1.00044,1.12,1.00
2017.08.03 22:34:52.403,1.00013,1.00042,1.12,1.00
2017.08.03 22:35:00.114,1.00013,1.00044,1.12,1.00
2017.08.03 22:35:01.828,1.00013,1.00042,1.12,1.00
2017.08.03 22:35:02.382,1.00013,1.00043,1.00,1.00
2017.08.03 22:35:04.914,1.00013,1.00042,1.00,1.00
2017.08.03 22:35:05.685,1.00012,1.00041,1.00,1.00
2017.08.03 22:35:07.385,1.00013,1.00041,1.00,1.00
2017.08.03 22:35:07.437,1.0001,1.00043,1.00,1.37
2017.08.03 22:35:07.539,1.0001,1.00043,1.12,1.00
2017.08.03 22:35:07.640,1.00009,1.00041,1.12,1.00
2017.08.03 22:35:07.692,1.00007,1.00042,1.12,1.00
2017.08.03 22:35:07.844,1.00009,1.00041,1.00,1.00
2017.08.03 22:35:08.502,1.00009,1.00042,1.00,1.50
2017.08.03 22:35:09.038,1.00009,1.00041,1.00,1.00
2017.08.03 22:35:09.638,1.00008,1.00042,1.12,1.00
2017.08.03 22:35:10.244,1.00008,1.00042,1.00,1.87
2017.08.03 22:35:19.695,1.00008,1.00042,1.37,1.00
2017.08.03 22:35:19.998,1.00011,1.00042,1.00,1.00
2017.08.03 22:35:20.955,1.00011,1.00043,1.00,3.75
2017.08.03 22:35:21.527,1.00011,1.00042,1.00,1.00
2017.08.03 22:35:21.796,1.00009,1.00042,1.00,1.12
2017.08.03 22:35:22.474,1.0001,1.00042,1.00,1.87
2017.08.03 22:35:23.179,1.0001,1.00041,1.00,1.00
2017.08.03 22:35:24.984,1.0001,1.00042,1.00,2.62
2017.08.03 22:35:32.415,1.00006,1.00042,1.31,1.87
2017.08.03 22:35:32.466,1.00006,1.0004,1.12,1.00
2017.08.03 22:35:32.769,1.00006,1.00038,1.00,1.00
2017.08.03 22:35:34.508,1.00008,1.00041,1.00,1.87
2017.08.03 22:35:38.175,1.00009,1.00041,1.00,1.50
2017.08.03 22:35:38.749,1.00009,1.00042,1.00,1.87
2017.08.03 22:35:42.479,1.00009,1.00041,1.00,1.00
2017.08.03 22:35:43.040,1.0001,1.00041,1.00,1.00
2017.08.03 22:35:44.203,1.0001,1.00042,1.00,3.75
2017.08.03 22:35:44.406,1.00014,1.00046,1.37,1.87
2017.08.03 22:35:44.456,1.00017,1.00049,1.00,3.19
2017.08.03 22:35:44.558,1.0002,1.00049,1.00,1.00
2017.08.03 22:35:44.659,1.00019,1.00052,1.00,2.62
2017.08.03 22:35:45.264,1.0002,1.00052,1.00,1.50
2017.08.03 22:35:46.012,1.0002,1.00051,1.00,1.00
2017.08.03 22:35:46.724,1.0002,1.00052,1.00,1.50
2017.08.03 22:35:52.214,1.0002,1.00051,1.00,1.00
2017.08.03 22:35:52.703,1.00023,1.00052,1.00,1.00
2017.08.03 22:35:53.234,1.00023,1.00051,1.00,1.00
2017.08.03 22:35:53.494,1.00025,1.00055,1.00,1.50
2017.08.03 22:35:54.008,1.00026,1.00056,1.00,1.00
2017.08.03 22:35:54.903,1.00024,1.00056,1.37,1.00
2017.08.03 22:35:55.500,1.00025,1.00056,1.37,1.50
2017.08.03 22:35:56.328,1.00025,1.00056,1.12,1.50
2017.08.03 22:35:59.040,1.00026,1.00056,1.00,1.50
2017.08.03 22:36:00.934,1.00024,1.00056,1.50,1.00
2017.08.03 22:36:02.540,1.00024,1.00056,1.50,1.00
2017.08.03 22:36:04.823,1.00024,1.00056,1.50,1.50
2017.08.03 22:36:06.690,1.00025,1.00056,1.37,1.50
2017.08.03 22:36:15.544,1.00025,1.00056,2.06,1.50
2017.08.03 22:36:33.103,1.00027,1.00057,1.00,1.50
2017.08.03 22:36:33.154,1.00024,1.00054,1.25,2.25
2017.08.03 22:36:33.256,1.00022,1.00054,2.44,1.50
2017.08.03 22:36:34.900,1.00023,1.00055,1.00,1.00
2017.08.03 22:36:35.414,1.00024,1.00057,1.12,1.50
2017.08.03 22:36:35.465,1.00024,1.00057,1.37,1.50
2017.08.03 22:36:36.384,1.00026,1.00056,1.12,1.00
2017.08.03 22:36:37.646,1.00026,1.00056,1.37,1.00
2017.08.03 22:36:38.180,1.00026,1.00057,1.37,1.50
2017.08.03 22:36:38.697,1.00026,1.00056,1.12,1.00
2017.08.03 22:36:39.583,1.00026,1.00057,1.12,1.50
2017.08.03 22:36:41.725,1.00026,1.00056,1.12,1.00
2017.08.03 22:36:44.884,1.00026,1.00056,1.37,1.00
2017.08.03 22:36:45.582,1.00026,1.00057,1.37,1.50
2017.08.03 22:36:46.147,1.00026,1.00056,1.37,1.00
2017.08.03 22:37:00.270,1.00029,1.00056,1.00,1.50
2017.08.03 22:37:00.371,1.00027,1.00056,1.00,1.50
2017.08.03 22:37:04.919,1.00026,1.00056,1.12,1.00
2017.08.03 22:37:05.455,1.00026,1.00056,1.37,1.00
2017.08.03 22:37:06.764,1.00023,1.00051,1.25,1.00
2017.08.03 22:37:06.814,1.00021,1.00053,1.50,1.00
2017.08.03 22:37:06.865,1.00019,1.00049,1.00,1.00
2017.08.03 22:37:07.169,1.00028,1.00056,1.12,1.00
2017.08.03 22:37:08.145,1.00025,1.0005,2.44,1.00
2017.08.03 22:37:08.196,1.00024,1.00055,1.12,1.50
2017.08.03 22:37:08.398,1.00028,1.00057,1.00,1.00
2017.08.03 22:37:08.925,1.00028,1.00057,1.37,1.00
2017.08.03 22:37:21.466,1.0003,1.00057,1.12,1.00
2017.08.03 22:37:22.458,1.00029,1.00057,1.12,1.00
2017.08.03 22:37:24.461,1.0003,1.00057,1.00,1.00
2017.08.03 22:37:25.071,1.00029,1.00057,1.12,1.00
2017.08.03 22:37:26.443,1.00029,1.00057,1.37,1.00
2017.08.03 22:37:39.509,1.00028,1.00057,1.37,1.00
2017.08.03 22:37:41.196,1.00028,1.00062,1.37,1.50
2017.08.03 22:37:44.489,1.00027,1.00061,1.37,1.00
2017.08.03 22:37:45.247,1.00027,1.00061,1.37,1.00
2017.08.03 22:37:46.545,1.00027,1.00057,1.37,1.00
2017.08.03 22:37:47.115,1.00026,1.00057,1.50,1.00
2017.08.03 22:37:51.330,1.00026,1.00056,1.37,1.00
2017.08.03 22:37:52.320,1.00025,1.00057,1.37,1.50
2017.08.03 22:37:52.633,1.00025,1.00057,1.37,1.50
2017.08.03 22:37:53.573,1.00025,1.00057,1.37,1.50
2017.08.03 22:37:54.632,1.00025,1.00057,1.37,1.50
2017.08.03 22:37:55.190,1.00025,1.00057,1.37,1.50
2017.08.03 22:37:55.723,1.00027,1.00056,1.37,1.00
2017.08.03 22:37:56.245,1.00025,1.00056,1.37,1.00
2017.08.03 22:37:56.891,1.00025,1.00057,1.37,1.50
2017.08.03 22:37:58.261,1.00025,1.00056,1.37,1.00
2017.08.03 22:38:05.015,1.00026,1.00056,1.12,1.00
2017.08.03 22:38:05.527,1.00025,1.00057,1.37,1.00
2017.08.03 22:38:06.244,1.00025,1.00056,1.37,1.00
2017.08.03 22:38:07.024,1.00025,1.00057,1.37,1.00
2017.08.03 22:38:09.572,1.00025,1.00057,1.37,1.00
2017.08.03 22:38:10.784,1.00025,1.00056,1.37,1.00
2017.08.03 22:38:21.261,1.00025,1.00056,1.37,1.00
2017.08.03 22:38:21.312,1.00025,1.00056,1.12,1.00
2017.08.03 22:38:22.596,1.00025,1.00056,1.37,1.00
2017.08.03 22:38:22.647,1.00025,1.00059,1.37,1.00
2017.08.03 22:38:23.868,1.00026,1.00058,1.37,1.00
2017.08.03 22:38:25.636,1.00026,1.00058,1.12,1.00
2017.08.03 22:38:26.463,1.00026,1.00057,1.12,1.00
2017.08.03 22:38:29.158,1.00026,1.00056,1.00,1.00
2017.08.03 22:38:33.309,1.00025,1.00056,1.12,1.00
2017.08.03 22:38:33.460,1.00021,1.00053,1.69,1.00
2017.08.03 22:38:33.612,1.00017,1.00051,1.37,1.00
2017.08.03 22:38:34.167,1.00016,1.0005,1.37,1.00
2017.08.03 22:38:34.873,1.00016,1.0005,1.37,1.00
2017.08.03 22:38:35.515,1.00016,1.0005,1.37,1.00
2017.08.03 22:38:35.618,1.00018,1.0005,1.37,1.00
2017.08.03 22:38:36.795,1.00018,1.00052,1.37,1.00
2017.08.03 22:38:37.315,1.00018,1.00052,1.87,1.00
2017.08.03 22:38:37.963,1.00018,1.00052,1.37,1.00
2017.08.03 22:38:39.668,1.00018,1.00052,1.37,1.00
2017.08.03 22:38:45.986,1.00018,1.00052,1.37,1.00
2017.08.03 22:38:48.056,1.0002,1.00051,1.37,1.00
2017.08.03 22:38:48.871,1.0002,1.00052,1.37,1.12
2017.08.03 22:38:49.634,1.0002,1.00051,1.37,1.00
2017.08.03 22:38:51.003,1.0002,1.00051,1.37,1.00
2017.08.03 22:38:51.104,1.0002,1.00054,1.37,1.87
2017.08.03 22:38:51.840,1.0002,1.00054,1.37,1.50
2017.08.03 22:38:53.806,1.00018,1.00046,1.00,1.50
2017.08.03 22:38:53.907,1.00018,1.00048,1.00,1.00
2017.08.03 22:38:54.118,1.00016,1.00048,1.12,1.00
2017.08.03 22:38:54.219,1.00016,1.00049,1.37,1.00
2017.08.03 22:38:54.371,1.00017,1.00051,1.37,1.50
2017.08.03 22:38:54.422,1.00018,1.00049,1.37,1.00
2017.08.03 22:38:54.640,1.0002,1.00051,1.00,1.50
2017.08.03 22:38:55.176,1.00021,1.00052,1.00,1.50
2017.08.03 22:38:55.840,1.00021,1.00051,1.37,1.00
2017.08.03 22:38:56.496,1.0002,1.00051,1.50,1.50
2017.08.03 22:38:59.074,1.0002,1.00052,1.50,1.00
2017.08.03 22:38:59.817,1.0002,1.00052,1.50,1.00
2017.08.03 22:39:02.571,1.0002,1.00052,1.00,1.00
2017.08.03 22:39:02.996,1.00019,1.00053,1.75,1.00
2017.08.03 22:39:03.540,1.0002,1.00053,1.00,1.00
2017.08.03 22:39:03.741,1.0002,1.00051,1.00,1.00
2017.08.03 22:39:04.072,1.0002,1.00051,1.87,1.00
2017.08.03 22:39:11.542,1.00021,1.00055,1.87,1.00
2017.08.03 22:39:12.830,1.00022,1.00053,1.50,1.00
2017.08.03 22:39:18.087,1.00021,1.00051,1.87,1.00
2017.08.03 22:39:25.329,1.0002,1.00052,1.87,1.50
2017.08.03 22:39:25.478,1.0002,1.00052,1.87,1.50
2017.08.03 22:39:25.817,1.0002,1.0005,1.00,1.00
2017.08.03 22:39:27.378,1.00018,1.00049,1.50,1.00
2017.08.03 22:39:30.331,1.00019,1.0005,1.37,1.00
2017.08.03 22:39:31.620,1.00019,1.00049,1.37,1.00
2017.08.03 22:39:33.169,1.00019,1.00048,1.37,1.00
2017.08.03 22:39:33.321,1.00015,1.00046,1.50,1.00
2017.08.03 22:39:34.378,1.00016,1.00046,1.37,1.00
2017.08.03 22:39:41.111,1.00015,1.00046,1.12,1.00
2017.08.03 22:39:41.615,1.00014,1.00046,1.50,1.00
2017.08.03 22:39:42.397,1.00013,1.00048,1.87,1.37
2017.08.03 22:39:46.415,1.00015,1.00047,1.12,1.37
2017.08.03 22:39:53.104,1.00013,1.00048,1.87,1.37
2017.08.03 22:39:53.155,1.00012,1.0004,1.75,1.00
2017.08.03 22:39:53.357,1.00009,1.0004,2.81,1.00
2017.08.03 22:39:53.777,1.00009,1.00042,2.62,1.12
2017.08.03 22:39:54.445,1.00009,1.00042,1.12,1.37
2017.08.03 22:39:55.190,1.00012,1.00044,1.37,1.12
2017.08.03 22:39:55.293,1.00014,1.00046,1.37,1.12
2017.08.03 22:39:55.802,1.00015,1.00047,1.87,1.37
2017.08.03 22:39:56.304,1.00015,1.00047,1.87,1.00
2017.08.03 22:40:02.059,1.00016,1.00048,1.50,1.12
2017.08.03 22:40:02.780,1.00016,1.00048,1.50,1.00
2017.08.03 22:40:11.086,1.00016,1.00048,1.50,1.12
2017.08.03 22:40:16.263,1.00016,1.00048,1.00,1.00
2017.08.03 22:40:16.975,1.00015,1.00047,1.37,1.12
2017.08.03 22:40:17.408,1.00015,1.00049,1.37,1.12
2017.08.03 22:40:19.152,1.00015,1.00049,1.37,1.37
2017.08.03 22:40:19.669,1.00016,1.00048,1.00,1.12
2017.08.03 22:40:19.726,1.00014,1.00049,1.12,1.37
2017.08.03 22:40:19.945,1.00015,1.00047,1.37,1.12
2017.08.03 22:40:20.426,1.00014,1.00044,1.12,1.00
2017.08.03 22:40:20.528,1.00012,1.00044,1.87,1.00
2017.08.03 22:40:21.136,1.0001,1.00044,1.87,1.12
2017.08.03 22:40:23.135,1.00011,1.00044,1.50,1.00
2017.08.03 22:40:23.879,1.00011,1.00044,1.50,1.12
2017.08.03 22:40:24.428,1.00011,1.00044,1.12,1.37
2017.08.03 22:40:26.226,1.00011,1.00043,1.50,1.37
2017.08.03 22:40:27.493,1.00011,1.00043,1.12,1.12
2017.08.03 22:40:33.312,1.0001,1.00042,1.37,1.00
2017.08.03 22:40:33.464,1.00009,1.00041,1.75,1.37
2017.08.03 22:40:33.616,1.00009,1.00042,2.25,1.87
2017.08.03 22:40:33.666,1.00009,1.00042,2.25,1.87
2017.08.03 22:40:34.600,1.00009,1.00042,1.75,1.87
2017.08.03 22:40:35.309,1.00009,1.00042,1.87,1.87
2017.08.03 22:40:35.360,1.00011,1.00045,1.00,1.37
2017.08.03 22:40:35.461,1.00012,1.00044,1.37,1.00
2017.08.03 22:40:37.868,1.00012,1.00044,1.50,1.37
2017.08.03 22:40:39.231,1.00012,1.00044,1.37,1.12
2017.08.03 22:40:50.558,1.00012,1.00044,1.37,1.12
2017.08.03 22:40:51.639,1.00012,1.00044,1.87,1.37
2017.08.03 22:40:55.046,1.00012,1.00044,2.25,1.12
2017.08.03 22:41:05.582,1.00013,1.00044,1.00,1.12
2017.08.03 22:41:13.826,1.00013,1.00043,1.00,1.00
2017.08.03 22:41:18.343,1.0001,1.00041,1.37,1.00
2017.08.03 22:41:34.005,1.00009,1.00042,1.87,1.12
2017.08.03 22:41:34.308,1.00007,1.00037,1.12,1.50
2017.08.03 22:41:34.409,1.00007,1.00037,1.12,1.00
2017.08.03 22:41:35.046,1.00007,1.00041,1.12,1.37
2017.08.03 22:41:35.186,1.00007,1.00041,1.12,1.37
2017.08.03 22:41:36.518,1.00007,1.00041,1.00,1.37
2017.08.03 22:41:37.165,1.00007,1.00041,1.37,1.37
2017.08.03 22:41:38.870,1.00007,1.00041,1.12,1.37
2017.08.03 22:41:40.183,1.00008,1.00042,1.37,1.37
2017.08.03 22:41:40.881,1.00008,1.00042,1.12,1.37
2017.08.03 22:41:41.540,1.00008,1.00042,1.37,1.37
2017.08.03 22:41:50.684,1.00009,1.00041,1.00,1.12
2017.08.03 22:41:51.335,1.00009,1.00041,1.12,1.37
2017.08.03 22:41:54.846,1.00009,1.00041,1.00,1.12
2017.08.03 22:41:55.361,1.00009,1.00043,1.12,1.37
2017.08.03 22:41:55.823,1.00012,1.00044,1.00,1.50
2017.08.03 22:41:59.556,1.00012,1.00044,1.00,1.50
2017.08.03 22:42:00.100,1.00012,1.00044,1.00,1.50
2017.08.03 22:42:00.438,1.0001,1.00045,1.00,1.87
2017.08.03 22:42:01.112,1.00011,1.00043,1.00,1.37
2017.08.03 22:42:03.068,1.0001,1.00042,1.00,1.37
2017.08.03 22:42:03.745,1.00011,1.00043,1.00,1.37
2017.08.03 22:42:05.121,1.00011,1.00043,1.00,1.37
2017.08.03 22:42:07.095,1.00011,1.00043,1.00,1.37
2017.08.03 22:42:08.322,1.00009,1.00038,1.00,1.00
2017.08.03 22:42:08.840,1.00008,1.00038,1.00,1.00
2017.08.03 22:42:09.355,1.00008,1.00039,1.37,1.50
2017.08.03 22:42:10.016,1.00008,1.00038,1.37,1.00
2017.08.03 22:42:13.941,1.00005,1.00037,1.75,1.00
2017.08.03 22:42:15.389,1.00004,1.00034,1.75,1.50
2017.08.03 22:42:15.440,1.00005,1.00034,1.75,2.25
2017.08.03 22:42:15.541,1.00005,1.00038,1.37,2.62
2017.08.03 22:42:16.122,1.00008,1.00038,1.00,1.00
2017.08.03 22:42:22.119,1.00008,1.0004,1.00,1.00
2017.08.03 22:42:22.221,1.0001,1.00042,1.00,1.50
2017.08.03 22:42:22.574,1.00012,1.00046,1.00,3.00
2017.08.03 22:42:23.246,1.00012,1.00046,1.00,1.87
2017.08.03 22:42:24.023,1.00008,1.00042,1.12,1.87
2017.08.03 22:42:24.073,1.00007,1.00038,1.12,1.00
2017.08.03 22:42:24.448,1.00004,1.00035,1.75,1.00
2017.08.03 22:42:24.549,1.00001,1.00035,1.75,1.00
2017.08.03 22:42:24.650,1.00001,1.00035,1.00,1.50
2017.08.03 22:42:25.173,1.00002,1.00034,1.00,1.00
2017.08.03 22:42:25.874,1.00003,1.00035,1.00,1.00
2017.08.03 22:42:26.799,1.00003,1.00035,1.00,1.37
2017.08.03 22:42:29.019,1.00001,1.00034,1.12,1.87
2017.08.03 22:42:29.170,0.99999,1.00033,1.87,1.37
2017.08.03 22:42:29.502,1.00009,1.00041,1.12,1.75
2017.08.03 22:42:30.008,1.00007,1.00039,1.50,1.00
2017.08.03 22:42:30.453,1.00006,1.00037,1.50,1.37
2017.08.03 22:42:30.554,1.00003,1.00034,1.62,1.37
2017.08.03 22:42:30.656,1.00002,1.00034,1.00,1.37
2017.08.03 22:42:31.292,1.00002,1.00034,1.00,1.00
2017.08.03 22:42:33.717,1.00002,1.00036,1.00,1.50
2017.08.03 22:42:34.167,1.00003,1.00034,1.00,1.00
2017.08.03 22:42:34.714,1.00001,1.00033,1.12,1.00
2017.08.03 22:42:35.327,0.99999,1.00032,1.12,1.00
2017.08.03 22:42:35.429,0.99998,1.0003,1.37,1.00
2017.08.03 22:42:36.058,0.99998,1.0003,1.37,1.00
2017.08.03 22:42:36.573,0.99999,1.00031,1.12,1.00
2017.08.03 22:42:40.144,0.99998,1.00032,1.12,1.00
2017.08.03 22:42:42.074,0.99998,1.00032,1.37,1.00
2017.08.03 22:42:42.844,0.99999,1.00031,1.00,1.00
2017.08.03 22:42:44.061,0.99998,1.00031,1.12,1.00
2017.08.03 22:42:44.824,0.99999,1.00031,1.12,1.00
2017.08.03 22:42:48.052,0.99997,1.00031,1.50,1.00
2017.08.03 22:42:50.058,0.99996,1.00029,1.87,1.00
2017.08.03 22:42:52.066,0.99997,1.0003,1.00,1.00
2017.08.03 22:42:52.752,0.99997,1.00029,1.50,1.00
2017.08.03 22:42:53.535,0.99997,1.00031,1.37,1.00
2017.08.03 22:42:53.966,0.99996,1.0003,2.06,1.00
2017.08.03 22:42:54.736,0.99996,1.00029,1.37,1.00
2017.08.03 22:42:54.963,0.99995,1.00027,1.37,1.00
2017.08.03 22:42:55.116,0.99995,1.0003,1.87,1.00
2017.08.03 22:43:01.966,0.99995,1.00027,1.87,1.00
2017.08.03 22:43:02.386,0.99999,1.0003,1.00,1.50
2017.08.03 22:43:02.601,1.00001,1.0003,1.00,1.50
2017.08.03 22:43:03.049,1.00001,1.00033,1.00,1.00
2017.08.03 22:43:03.587,1.00001,1.00034,1.00,3.00
2017.08.03 22:43:04.370,1.00001,1.0003,1.00,1.50
2017.08.03 22:43:04.898,1.0,1.0003,1.00,1.50
2017.08.03 22:43:05.407,1.0,1.00031,1.00,1.50
2017.08.03 22:43:05.956,1.0,1.0003,1.00,1.00
2017.08.03 22:43:06.451,1.00002,1.0003,1.00,1.00
2017.08.03 22:43:06.959,1.00001,1.0003,1.00,1.00
2017.08.03 22:43:07.389,1.00004,1.00032,1.00,1.00
2017.08.03 22:43:07.624,1.00009,1.00039,1.00,1.25
2017.08.03 22:43:08.008,1.00009,1.00043,1.00,3.75
2017.08.03 22:43:10.185,1.0001,1.00042,1.00,1.50
2017.08.03 22:43:10.570,1.00012,1.00042,1.00,1.12
2017.08.03 22:43:10.964,1.00012,1.00044,1.00,1.75
2017.08.03 22:43:15.468,1.00013,1.00045,1.00,1.87
2017.08.03 22:43:18.399,1.00014,1.00045,1.50,2.25
2017.08.03 22:43:18.450,1.00022,1.00046,1.00,2.25
2017.08.03 22:43:18.501,1.00019,1.00046,1.00,2.25
2017.08.03 22:43:18.602,1.00019,1.00046,1.00,2.25
2017.08.03 22:43:20.216,1.00016,1.00046,1.00,1.12
2017.08.03 22:43:20.318,1.00014,1.00046,1.00,1.87
2017.08.03 22:43:20.851,1.00014,1.00046,1.00,1.50
2017.08.03 22:43:21.231,1.00012,1.00046,1.00,1.50
2017.08.03 22:43:23.410,1.00012,1.00046,1.00,2.25
2017.08.03 22:43:25.553,1.00013,1.00046,1.00,3.75
2017.08.03 22:43:33.520,1.00014,1.00046,1.00,3.00
2017.08.03 22:43:34.050,1.00014,1.00046,1.00,3.00
2017.08.03 22:43:35.109,1.00014,1.00046,1.00,2.25
2017.08.03 22:43:35.219,1.00014,1.00046,1.00,2.25
2017.08.03 22:43:35.320,1.00005,1.00038,1.75,1.12
2017.08.03 22:43:35.703,1.0001,1.00039,1.00,1.50
2017.08.03 22:43:35.956,1.00012,1.00042,1.00,1.00
2017.08.03 22:43:36.812,1.00012,1.00042,1.00,1.37
2017.08.03 22:43:49.277,1.00013,1.00043,1.00,2.25
2017.08.03 22:43:49.883,1.00014,1.00042,1.00,1.50
2017.08.03 22:43:55.696,1.00013,1.00042,1.00,1.50
2017.08.03 22:43:55.876,1.0001,1.00042,1.37,2.25
2017.08.03 22:43:55.978,1.00013,1.00042,1.00,1.00
2017.08.03 22:43:56.990,1.00014,1.00046,1.00,2.25
2017.08.03 22:43:57.192,1.00014,1.00046,1.00,1.50
2017.08.03 22:43:57.489,1.00016,1.00046,1.00,1.87
2017.08.03 22:43:59.525,1.00016,1.00047,1.00,1.50
2017.08.03 22:44:00.046,1.00016,1.00046,1.00,1.00
2017.08.03 22:44:02.239,1.00016,1.00047,1.00,2.25
2017.08.03 22:44:02.813,1.00016,1.00046,1.00,1.50
2017.08.03 22:44:03.188,1.00014,1.00046,1.00,1.87
2017.08.03 22:44:03.784,1.00013,1.00046,1.00,1.87
2017.08.03 22:44:04.460,1.00013,1.00046,1.00,1.87
2017.08.03 22:44:05.230,1.00013,1.00046,1.00,1.12
2017.08.03 22:44:07.235,1.00013,1.00046,1.00,1.87
2017.08.03 22:44:11.250,1.00015,1.00046,1.00,1.87
2017.08.03 22:44:13.307,1.00015,1.00046,1.00,2.62
2017.08.03 22:44:18.050,1.00015,1.00046,1.00,1.87
2017.08.03 22:44:21.835,1.00015,1.00046,1.00,2.62
2017.08.03 22:44:25.569,1.00016,1.00046,1.00,2.62
2017.08.03 22:44:26.306,1.00016,1.00046,1.00,1.87
2017.08.03 22:44:28.339,1.00016,1.00046,1.00,1.87
2017.08.03 22:44:32.139,1.00015,1.00046,1.00,1.87
2017.08.03 22:44:32.514,1.00014,1.00046,1.00,1.87
2017.08.03 22:44:33.136,1.00014,1.00046,1.00,1.87
2017.08.03 22:44:33.930,1.00014,1.00046,1.00,2.62
2017.08.03 22:44:35.823,1.00014,1.00046,1.00,2.62
2017.08.03 22:44:36.356,1.00014,1.00046,1.00,1.37
2017.08.03 22:44:36.930,1.00014,1.00046,1.00,2.62
2017.08.03 22:44:38.346,1.00014,1.00046,1.00,1.87
2017.08.03 22:44:38.828,1.00013,1.00045,1.00,1.37
2017.08.03 22:44:39.701,1.00013,1.00045,1.00,1.37
2017.08.03 22:44:40.248,1.00013,1.00045,1.00,1.37
2017.08.03 22:44:40.875,1.00013,1.00045,1.00,1.37
2017.08.03 22:44:42.710,1.00013,1.00045,1.00,1.37
2017.08.03 22:44:44.420,1.00013,1.00045,1.00,1.37
2017.08.03 22:44:45.070,1.00013,1.00045,1.00,1.37
2017.08.03 22:44:45.425,1.00014,1.00046,1.00,1.87
2017.08.03 22:44:46.133,1.00014,1.00046,1.00,2.62
2017.08.03 22:44:47.736,1.00014,1.00046,1.00,2.62
2017.08.03 22:44:50.523,1.00014,1.00046,1.00,1.87
2017.08.03 22:44:51.422,1.00012,1.00046,1.00,1.87
2017.08.03 22:44:51.523,1.00014,1.00046,1.00,2.62
2017.08.03 22:44:55.896,1.00013,1.00045,1.00,1.37
2017.08.03 22:44:56.973,1.00013,1.00046,1.00,1.37
2017.08.03 22:44:57.482,1.00013,1.00046,1.00,1.87
2017.08.03 22:45:00.452,1.00013,1.00046,1.00,2.06
2017.08.03 22:45:01.924,1.00013,1.00046,1.00,2.06
2017.08.03 22:45:02.710,1.00013,1.00047,1.00,3.37
2017.08.03 22:45:04.094,1.00015,1.00047,1.00,2.62
2017.08.03 22:45:04.830,1.00015,1.00046,1.00,1.37
2017.08.03 22:45:04.981,1.00013,1.00046,1.00,2.81
2017.08.03 22:45:10.026,1.00013,1.00045,1.00,1.37
2017.08.03 22:45:11.695,1.00014,1.00046,1.00,1.37
2017.08.03 22:45:12.286,1.00014,1.00046,1.00,1.37
2017.08.03 22:45:21.185,1.00014,1.00046,1.00,1.37
2017.08.03 22:45:21.883,1.00013,1.00046,1.00,1.37
2017.08.03 22:45:23.430,1.00013,1.00046,1.00,2.62
2017.08.03 22:45:27.041,1.00014,1.00046,1.00,3.37
2017.08.03 22:45:27.715,1.00014,1.00046,1.00,2.62
2017.08.03 22:45:29.136,1.00014,1.00046,1.00,3.37
2017.08.03 22:45:38.172,1.00014,1.00046,1.00,3.37
2017.08.03 22:45:41.074,1.00013,1.00046,1.00,1.87
2017.08.03 22:45:41.578,1.00013,1.00046,1.00,2.62
2017.08.03 22:45:45.396,1.00013,1.00046,1.00,1.87
2017.08.03 22:45:51.291,1.00014,1.00046,1.00,1.87
2017.08.03 22:45:51.800,1.00015,1.00046,1.00,1.00
2017.08.03 22:45:52.343,1.00016,1.00046,1.00,1.12
2017.08.03 22:46:00.411,1.00015,1.00046,1.00,1.87
2017.08.03 22:46:04.263,1.00015,1.00047,1.00,2.62
2017.08.03 22:46:06.157,1.00015,1.00046,1.00,1.00
2017.08.03 22:46:09.681,1.00016,1.00046,1.00,1.50
2017.08.03 22:46:13.817,1.00016,1.00047,1.00,1.50
2017.08.03 22:46:14.462,1.00015,1.00046,1.00,1.00
2017.08.03 22:46:19.794,1.00015,1.00047,1.00,1.12
2017.08.03 22:46:20.405,1.00014,1.00047,1.00,1.12
2017.08.03 22:46:20.564,1.00016,1.00047,1.00,1.12
2017.08.03 22:46:24.153,1.00016,1.00046,1.00,1.87
2017.08.03 22:46:24.764,1.00015,1.00046,1.00,1.12
2017.08.03 22:46:31.143,1.00015,1.00047,1.00,3.37
2017.08.03 22:46:33.273,1.00016,1.00047,1.00,1.37
2017.08.03 22:46:33.790,1.00016,1.00047,1.00,1.12
2017.08.03 22:46:40.163,1.00017,1.00047,1.00,1.12
2017.08.03 22:46:45.012,1.00015,1.00046,1.00,1.00
2017.08.03 22:46:45.623,1.00014,1.00046,1.00,2.62
2017.08.03 22:46:46.145,1.00014,1.00046,1.00,2.62
2017.08.03 22:46:46.779,1.00014,1.00046,1.00,1.12
2017.08.03 22:46:47.707,1.00013,1.00045,1.00,1.37
2017.08.03 22:46:48.262,1.00012,1.00043,1.00,1.00
2017.08.03 22:46:48.773,1.00012,1.00042,1.00,1.50
2017.08.03 22:46:50.118,1.00011,1.00042,1.00,1.50
2017.08.03 22:46:50.168,1.00009,1.00042,1.00,1.00
2017.08.03 22:46:50.669,1.00007,1.00042,1.12,1.87
2017.08.03 22:46:52.195,1.00007,1.00042,1.00,1.87
2017.08.03 22:46:52.885,1.00008,1.00042,1.00,1.12
2017.08.03 22:46:53.545,1.00008,1.00041,1.00,1.00
2017.08.03 22:46:56.707,1.00008,1.00042,1.00,1.87
2017.08.03 22:47:01.064,1.0001,1.00042,1.00,1.50
2017.08.03 22:47:02.212,1.0001,1.00041,1.00,1.00
2017.08.03 22:47:03.172,1.0001,1.00042,1.00,2.62
2017.08.03 22:47:09.917,1.00009,1.00042,1.00,1.87
2017.08.03 22:47:15.071,1.00009,1.00041,1.00,1.00
2017.08.03 22:47:31.102,1.00009,1.00042,1.00,1.00
2017.08.03 22:47:32.095,1.00009,1.00041,1.00,1.00
2017.08.03 22:47:34.143,1.00009,1.00042,1.00,1.87
2017.08.03 22:47:37.122,1.00009,1.00041,1.00,1.00
2017.08.03 22:47:38.288,1.0001,1.00041,1.00,1.00
2017.08.03 22:47:38.958,1.0001,1.00042,1.00,1.87
2017.08.03 22:47:39.617,1.0001,1.00041,1.00,1.00
2017.08.03 22:47:40.279,1.0001,1.00042,1.00,1.87
2017.08.03 22:47:40.938,1.0001,1.00041,1.00,1.00
2017.08.03 22:47:42.662,1.0001,1.00042,1.00,1.87
2017.08.03 22:47:43.727,1.00013,1.00043,1.62,1.69
2017.08.03 22:47:43.879,1.0002,1.0005,1.00,1.00
2017.08.03 22:47:44.031,1.00018,1.0005,1.12,1.00
2017.08.03 22:47:44.569,1.00018,1.00051,1.00,2.62
2017.08.03 22:47:45.311,1.00018,1.00051,1.37,2.62
2017.08.03 22:47:47.036,1.00018,1.00051,1.12,2.62
2017.08.03 22:47:47.539,1.00018,1.0005,1.12,1.00
2017.08.03 22:47:49.392,1.00018,1.00046,1.12,1.00
2017.08.03 22:47:49.645,1.00018,1.00051,1.37,1.12
2017.08.03 22:47:50.260,1.00019,1.00051,1.37,1.50
2017.08.03 22:47:52.212,1.00019,1.00051,1.31,1.50
2017.08.03 22:47:52.746,1.00019,1.00051,1.31,1.50
2017.08.03 22:47:53.746,1.00019,1.00051,1.56,1.00
2017.08.03 22:47:53.797,1.00019,1.00051,1.31,1.00
2017.08.03 22:47:54.943,1.00019,1.00051,2.06,1.50
2017.08.03 22:47:55.597,1.00019,1.00051,2.06,1.50
2017.08.03 22:47:56.163,1.0002,1.00051,1.19,1.50
2017.08.03 22:47:58.768,1.0002,1.00051,1.19,1.50
2017.08.03 22:47:59.768,1.0002,1.00051,1.19,1.50
2017.08.03 22:48:08.253,1.00019,1.00051,2.06,1.00
2017.08.03 22:48:09.224,1.00019,1.00051,1.69,1.00
2017.08.03 22:48:09.772,1.00015,1.00042,2.44,1.00
2017.08.03 22:48:09.874,1.00016,1.00048,1.62,1.00
2017.08.03 22:48:09.924,1.00012,1.00044,1.19,1.12
2017.08.03 22:48:10.026,1.00011,1.00042,1.00,1.00
2017.08.03 22:48:10.715,1.0001,1.00042,1.25,2.25
2017.08.03 22:48:11.374,1.0001,1.00042,1.19,2.25
2017.08.03 22:48:12.133,1.00011,1.00042,1.19,3.37
2017.08.03 22:48:14.941,1.00011,1.00041,1.19,1.00
2017.08.03 22:48:15.539,1.00011,1.00041,1.19,1.00
2017.08.03 22:48:15.640,1.00015,1.00044,1.19,1.25
2017.08.03 22:48:15.792,1.00013,1.00045,1.19,1.87
2017.08.03 22:48:15.893,1.00011,1.00042,1.94,1.00
2017.08.03 22:48:16.442,1.00011,1.00042,1.19,1.00
2017.08.03 22:48:17.093,1.00011,1.00041,1.19,1.00
2017.08.03 22:48:17.432,1.00015,1.00046,1.31,1.00
2017.08.03 22:48:17.765,1.00019,1.00046,1.19,1.50
2017.08.03 22:48:18.569,1.00019,1.00046,1.31,1.50
2017.08.03 22:48:19.083,1.00018,1.00046,1.56,1.00
2017.08.03 22:48:19.773,1.00016,1.00046,2.06,1.50
2017.08.03 22:48:23.268,1.00018,1.00047,1.31,1.50
2017.08.03 22:48:23.319,1.00018,1.00049,1.56,1.00
2017.08.03 22:48:24.074,1.00018,1.00049,1.31,1.00
2017.08.03 22:48:25.933,1.00017,1.00049,1.69,1.00
2017.08.03 22:48:26.436,1.00017,1.00049,2.44,1.00
2017.08.03 22:48:27.046,1.00019,1.00049,1.56,1.00
2017.08.03 22:48:27.673,1.00017,1.00049,1.69,1.00
2017.08.03 22:48:28.627,1.00021,1.00049,1.19,1.00
2017.08.03 22:48:31.389,1.0002,1.00049,1.19,1.00
2017.08.03 22:48:37.237,1.0002,1.00049,1.19,1.00
2017.08.03 22:48:38.668,1.00019,1.00049,1.31,1.00
2017.08.03 22:48:40.690,1.0002,1.00049,1.19,1.00
2017.08.03 22:48:41.815,1.00019,1.00049,1.19,1.00
2017.08.03 22:48:42.339,1.00021,1.00049,1.19,1.00
2017.08.03 22:48:44.258,1.00021,1.00046,1.19,1.00
2017.08.03 22:48:44.309,1.0002,1.00049,1.19,1.00
2017.08.03 22:48:45.438,1.00018,1.00049,1.31,1.00
2017.08.03 22:48:45.941,1.00019,1.00048,1.19,1.00
2017.08.03 22:48:48.429,1.00019,1.00048,1.19,1.00
2017.08.03 22:48:50.722,1.00017,1.00048,1.31,1.00
2017.08.03 22:48:54.751,1.00017,1.0005,1.31,1.00
2017.08.03 22:48:55.106,1.00017,1.0005,1.00,1.00
2017.08.03 22:48:55.691,1.00018,1.0005,1.00,1.00
2017.08.03 22:48:55.895,1.00018,1.0005,1.31,1.00
2017.08.03 22:48:56.690,1.00019,1.0005,1.19,1.00
2017.08.03 22:48:57.317,1.00019,1.00048,1.19,1.00
2017.08.03 22:48:57.729,1.00018,1.0005,1.19,1.00
2017.08.03 22:48:57.881,1.00018,1.00049,1.19,1.12
2017.08.03 22:48:59.221,1.00017,1.00048,1.69,1.00
2017.08.03 22:48:59.373,1.00018,1.00049,1.19,1.00
2017.08.03 22:48:59.902,1.00019,1.00049,1.19,1.00
2017.08.03 22:49:00.655,1.00019,1.00049,1.19,1.00
2017.08.03 22:49:01.691,1.00018,1.00049,1.19,1.00
2017.08.03 22:49:02.645,1.00018,1.00049,2.06,1.00
2017.08.03 22:49:02.827,1.00017,1.00048,1.69,1.00
2017.08.03 22:49:04.366,1.00019,1.0005,1.25,1.50
2017.08.03 22:49:04.923,1.00018,1.0005,1.25,1.12
2017.08.03 22:49:05.505,1.00018,1.00049,1.19,1.12
2017.08.03 22:49:06.007,1.00018,1.0005,1.25,1.12
2017.08.03 22:49:06.467,1.00018,1.00046,1.19,1.00
2017.08.03 22:49:06.995,1.00018,1.00046,1.25,1.00
2017.08.03 22:49:11.669,1.00018,1.00046,1.19,1.00
2017.08.03 22:49:12.182,1.00016,1.00046,1.19,1.00
2017.08.03 22:49:17.568,1.00016,1.00046,1.19,3.00
2017.08.03 22:49:18.133,1.00016,1.00046,1.25,1.00
2017.08.03 22:49:18.879,1.00016,1.00046,1.19,1.50
2017.08.03 22:49:19.663,1.00016,1.00046,1.19,1.50
2017.08.03 22:49:21.340,1.00016,1.00046,1.19,2.25
2017.08.03 22:49:21.849,1.00015,1.00046,1.19,2.25
2017.08.03 22:49:22.912,1.00015,1.00046,1.69,2.25
2017.08.03 22:49:27.003,1.00015,1.00046,1.69,2.44
2017.08.03 22:49:27.525,1.00018,1.00049,1.19,2.44
2017.08.03 22:49:28.030,1.00018,1.00046,1.25,1.00
2017.08.03 22:49:36.318,1.00018,1.00046,1.19,1.00
2017.08.03 22:49:39.818,1.00017,1.00046,1.19,1.00
2017.08.03 22:49:40.578,1.00017,1.00047,1.19,1.00
2017.08.03 22:49:41.933,1.00019,1.00047,1.00,1.00
2017.08.03 22:49:42.922,1.00019,1.00047,1.19,1.00
2017.08.03 22:49:44.778,1.00017,1.00047,1.12,1.00
2017.08.03 22:49:46.939,1.00018,1.00047,1.37,1.00
2017.08.03 22:49:46.990,1.00022,1.00056,1.37,3.19
2017.08.03 22:49:47.041,1.00025,1.00055,1.12,1.69
2017.08.03 22:49:47.194,1.00025,1.00051,1.37,1.00
2017.08.03 22:49:47.834,1.00022,1.00051,1.37,1.00
2017.08.03 22:49:48.134,1.00021,1.00051,2.25,1.50
2017.08.03 22:49:49.493,1.00022,1.00052,1.00,1.00
2017.08.03 22:49:49.963,1.00023,1.00053,1.37,1.00
2017.08.03 22:49:50.014,1.00022,1.00055,1.37,1.00
2017.08.03 22:49:50.065,1.00022,1.00053,1.37,1.00
2017.08.03 22:49:51.628,1.00024,1.00053,1.37,1.00
2017.08.03 22:49:52.160,1.00024,1.00053,1.12,1.00
2017.08.03 22:49:52.639,1.0003,1.00057,2.81,1.25
2017.08.03 22:49:52.690,1.00032,1.0006,1.37,1.62
2017.08.03 22:49:52.741,1.00032,1.00059,1.87,1.31
2017.08.03 22:49:52.842,1.00033,1.00061,1.37,2.25
2017.08.03 22:49:52.893,1.00033,1.00056,1.00,1.00
2017.08.03 22:49:53.045,1.00029,1.00053,1.12,1.00
2017.08.03 22:49:53.573,1.00024,1.00053,1.37,1.00
2017.08.03 22:49:54.088,1.00023,1.00053,2.62,1.00
2017.08.03 22:49:55.496,1.00023,1.00053,1.87,1.00
2017.08.03 22:49:57.631,1.00023,1.00052,1.37,1.00
2017.08.03 22:49:58.325,1.00023,1.00052,1.87,1.00
2017.08.03 22:50:01.967,1.00023,1.00052,1.37,1.00
2017.08.03 22:50:02.480,1.00023,1.00052,1.87,1.00
2017.08.03 22:50:04.113,1.00023,1.00052,1.87,1.00
2017.08.03 22:50:04.763,1.00023,1.0005,1.87,1.00
2017.08.03 22:50:04.965,1.00017,1.00045,1.37,1.00
2017.08.03 22:50:05.442,1.00016,1.00046,1.12,1.00
2017.08.03 22:50:05.543,1.00016,1.00046,1.37,1.00
2017.08.03 22:50:06.989,1.00018,1.00048,1.37,1.00
2017.08.03 22:50:09.929,1.00018,1.0005,1.37,1.00
2017.08.03 22:50:10.339,1.00018,1.0005,1.50,1.00
2017.08.03 22:50:11.524,1.00018,1.0005,1.50,1.00
2017.08.03 22:50:12.075,1.00018,1.0005,1.50,1.00
2017.08.03 22:50:12.584,1.00018,1.0005,1.50,1.00
2017.08.03 22:50:15.124,1.0002,1.0005,1.37,1.00
2017.08.03 22:50:15.718,1.00019,1.0005,1.37,1.00
2017.08.03 22:50:19.798,1.00019,1.00051,1.37,1.00
2017.08.03 22:50:20.352,1.00019,1.00051,1.37,1.00
2017.08.03 22:50:21.114,1.00019,1.00051,1.37,1.00
2017.08.03 22:50:24.138,1.00019,1.00051,1.37,1.00
2017.08.03 22:50:26.039,1.00019,1.00051,1.37,1.00
2017.08.03 22:50:28.126,1.00019,1.00051,1.37,1.00
2017.08.03 22:50:30.839,1.00019,1.0005,1.37,1.00
2017.08.03 22:50:31.574,1.00019,1.0005,1.37,1.00
2017.08.03 22:50:32.236,1.0002,1.0005,1.37,1.00
2017.08.03 22:50:32.287,1.0002,1.0005,1.37,1.00
2017.08.03 22:50:32.846,1.00018,1.0005,2.62,1.00
2017.08.03 22:50:34.835,1.00019,1.0005,1.37,1.00
2017.08.03 22:50:36.245,1.00019,1.00051,1.37,1.00
2017.08.03 22:50:36.854,1.00019,1.00051,1.37,1.00
2017.08.03 22:50:39.065,1.00019,1.00051,1.12,1.00
2017.08.03 22:50:39.896,1.00019,1.00051,1.37,1.00
2017.08.03 22:50:40.774,1.00019,1.0005,1.37,1.00
2017.08.03 22:50:41.363,1.00019,1.0005,1.12,1.00
2017.08.03 22:50:41.930,1.00019,1.00051,1.87,1.00
2017.08.03 22:50:42.719,1.00019,1.00049,1.87,1.00
2017.08.03 22:50:43.253,1.00019,1.00049,1.87,1.00
2017.08.03 22:50:45.256,1.00019,1.00048,1.37,1.00
2017.08.03 22:50:47.507,1.00019,1.00047,1.37,1.00
2017.08.03 22:50:49.717,1.00019,1.00048,1.37,1.00
2017.08.03 22:50:50.357,1.00019,1.00047,1.37,1.00
2017.08.03 22:50:51.177,1.00018,1.00047,1.37,1.00
2017.08.03 22:50:51.889,1.00018,1.00048,2.62,1.00
2017.08.03 22:50:52.808,1.00018,1.00048,1.87,1.00
2017.08.03 22:50:54.113,1.00018,1.00048,1.87,1.00
2017.08.03 22:50:54.809,1.00018,1.00047,1.87,1.00
2017.08.03 22:50:55.196,1.00019,1.00047,1.12,1.00
2017.08.03 22:50:55.722,1.00019,1.00047,1.37,1.00
2017.08.03 22:50:56.244,1.00019,1.00047,1.12,1.00
2017.08.03 22:50:56.745,1.00019,1.00047,1.37,1.00
2017.08.03 22:50:56.796,1.00023,1.00047,1.00,1.00
2017.08.03 22:50:57.940,1.00023,1.00048,1.00,1.00
2017.08.03 22:50:58.752,1.00023,1.0005,1.00,1.00
2017.08.03 22:51:00.827,1.00023,1.00052,1.37,1.00
2017.08.03 22:51:00.878,1.00023,1.00054,1.87,1.12
2017.08.03 22:51:01.437,1.00023,1.00054,1.87,1.00
2017.08.03 22:51:06.185,1.00024,1.00054,1.37,1.00
2017.08.03 22:51:09.136,1.00024,1.00054,1.37,1.00
2017.08.03 22:51:09.237,1.00023,1.00055,2.62,1.00
2017.08.03 22:51:09.816,1.00024,1.00055,1.37,1.00
2017.08.03 22:51:10.636,1.00024,1.00055,1.37,1.00
2017.08.03 22:51:11.566,1.00024,1.00055,1.37,1.00
2017.08.03 22:51:12.110,1.00024,1.00056,1.37,1.00
2017.08.03 22:51:12.664,1.00023,1.00056,2.62,1.00
2017.08.03 22:51:14.499,1.00023,1.00054,2.62,1.00
2017.08.03 22:51:14.827,1.00024,1.00054,1.37,1.00
2017.08.03 22:51:15.078,1.00029,1.00057,1.87,1.00
2017.08.03 22:51:15.230,1.00034,1.00065,1.37,1.00
2017.08.03 22:51:15.382,1.00035,1.00067,1.37,1.00
2017.08.03 22:51:15.634,1.00041,1.00072,2.25,1.00
2017.08.03 22:51:15.837,1.00043,1.0007,1.12,1.00
2017.08.03 22:51:15.888,1.00041,1.00071,1.00,1.00
2017.08.03 22:51:16.560,1.00035,1.00065,1.87,1.00
2017.08.03 22:51:16.863,1.0003,1.00059,1.37,1.00
2017.08.03 22:51:19.234,1.00029,1.00059,1.87,1.00
2017.08.03 22:51:19.436,1.0003,1.00059,1.37,1.00
2017.08.03 22:51:19.974,1.0003,1.00059,1.37,1.00
2017.08.03 22:51:20.901,1.0003,1.00057,1.87,1.00
2017.08.03 22:51:21.781,1.0003,1.00059,1.87,1.00
2017.08.03 22:51:22.056,1.00034,1.00064,1.87,1.37
2017.08.03 22:51:22.309,1.00038,1.00069,1.87,1.00
2017.08.03 22:51:22.804,1.00043,1.00073,1.00,1.00
2017.08.03 22:51:23.566,1.00041,1.00074,1.12,1.37
2017.08.03 22:51:23.668,1.00037,1.00067,1.00,1.00
2017.08.03 22:51:23.971,1.00034,1.00064,1.00,1.00
2017.08.03 22:51:24.022,1.00032,1.00065,1.00,1.87
2017.08.03 22:51:24.566,1.00032,1.00063,1.12,1.12
2017.08.03 22:51:25.137,1.00033,1.00063,1.00,1.12
2017.08.03 22:51:25.516,1.0003,1.0006,2.62,1.00
2017.08.03 22:51:26.161,1.0003,1.0006,1.87,1.00
2017.08.03 22:51:27.620,1.0003,1.0006,1.12,1.00
2017.08.03 22:51:28.229,1.0003,1.0006,2.62,1.00
2017.08.03 22:51:28.517,1.00029,1.00061,1.50,1.00
2017.08.03 22:51:28.619,1.0003,1.0006,1.87,1.00
2017.08.03 22:51:29.158,1.0003,1.00061,1.12,1.00
2017.08.03 22:51:30.627,1.00034,1.00061,1.00,1.00
2017.08.03 22:51:30.880,1.00038,1.0007,1.87,1.00
2017.08.03 22:51:30.981,1.00049,1.0007,1.00,1.00
2017.08.03 22:51:31.032,1.0005,1.00076,1.00,1.99
2017.08.03 22:51:31.314,1.00042,1.0007,1.12,1.00
2017.08.03 22:51:31.466,1.00042,1.00068,1.12,1.00
2017.08.03 22:51:31.587,1.00042,1.00068,1.87,1.00
2017.08.03 22:51:31.804,1.00042,1.0007,1.12,1.00
2017.08.03 22:51:34.398,1.00038,1.0007,1.37,1.00
2017.08.03 22:51:34.929,1.00038,1.00069,1.37,1.00
2017.08.03 22:51:35.407,1.00037,1.00067,1.37,1.00
2017.08.03 22:51:35.783,1.00034,1.00063,1.12,1.00
2017.08.03 22:51:35.986,1.00029,1.00059,1.37,1.00
2017.08.03 22:51:36.554,1.0003,1.00059,1.37,1.00
2017.08.03 22:51:38.088,1.0003,1.00059,1.00,1.00
2017.08.03 22:51:39.358,1.00038,1.00059,1.50,1.00
2017.08.03 22:51:39.410,1.00038,1.00063,1.50,1.00
2017.08.03 22:51:39.591,1.00042,1.00066,1.50,1.00
2017.08.03 22:51:39.642,1.00042,1.00069,1.87,1.12
2017.08.03 22:51:39.945,1.00035,1.00062,1.31,1.00
2017.08.03 22:51:40.252,1.0003,1.00058,1.87,1.00
2017.08.03 22:51:40.462,1.0003,1.00059,1.00,1.00
2017.08.03 22:51:43.048,1.00029,1.00059,1.87,1.00
2017.08.03 22:51:43.562,1.0003,1.00058,1.00,1.00
2017.08.03 22:51:44.189,1.00029,1.00058,1.87,1.00
2017.08.03 22:51:44.740,1.0003,1.00058,1.00,1.00
2017.08.03 22:51:45.487,1.0003,1.00058,1.37,1.00
2017.08.03 22:51:46.016,1.0003,1.00059,1.87,1.00
2017.08.03 22:51:46.537,1.0003,1.00058,1.87,1.00
2017.08.03 22:51:46.787,1.0003,1.0006,1.87,1.00
2017.08.03 22:51:47.799,1.0003,1.00059,1.87,1.00
2017.08.03 22:51:48.416,1.0003,1.0006,1.37,1.00
2017.08.03 22:51:48.918,1.0003,1.0006,1.87,1.00
2017.08.03 22:51:53.456,1.00029,1.0006,2.62,1.00
2017.08.03 22:51:53.995,1.0003,1.0006,1.37,1.00
2017.08.03 22:51:54.487,1.00029,1.0006,2.62,1.00
2017.08.03 22:51:55.108,1.0003,1.0006,1.37,1.00
2017.08.03 22:51:55.539,1.0003,1.0006,1.37,1.00
2017.08.03 22:51:55.610,1.0003,1.0006,1.37,1.00
2017.08.03 22:51:56.355,1.00029,1.0006,2.62,1.00
2017.08.03 22:51:57.039,1.0003,1.0006,1.87,1.00
2017.08.03 22:51:58.410,1.00029,1.00059,1.87,1.00
2017.08.03 22:52:00.941,1.00029,1.00058,1.87,1.00
2017.08.03 22:52:07.755,1.0003,1.00058,1.87,1.00
2017.08.03 22:52:08.318,1.00038,1.00064,1.50,1.50
2017.08.03 22:52:08.520,1.00031,1.00062,2.25,1.00
2017.08.03 22:52:08.571,1.00033,1.00061,1.00,1.00
2017.08.03 22:52:09.106,1.0003,1.0006,1.37,1.00
2017.08.03 22:52:09.677,1.0003,1.00059,1.87,1.00
2017.08.03 22:52:10.256,1.0003,1.00059,1.87,1.00
2017.08.03 22:52:10.901,1.00029,1.00059,1.87,1.00
2017.08.03 22:52:11.626,1.0003,1.00059,1.37,1.00
2017.08.03 22:52:12.353,1.00029,1.00058,1.87,1.00
2017.08.03 22:52:12.896,1.0003,1.00058,1.87,1.00
2017.08.03 22:52:13.413,1.0003,1.00058,1.87,1.00
2017.08.03 22:52:15.070,1.00038,1.00058,1.00,1.00
2017.08.03 22:52:15.121,1.00037,1.00064,1.50,1.75
2017.08.03 22:52:15.350,1.00037,1.00068,2.62,1.00
2017.08.03 22:52:15.654,1.00038,1.00069,2.62,1.00
2017.08.03 22:52:16.045,1.00039,1.0007,1.37,1.00
2017.08.03 22:52:16.190,1.00039,1.0007,1.37,1.00
2017.08.03 22:52:16.736,1.00039,1.0007,1.37,1.00
2017.08.03 22:52:19.399,1.00042,1.0007,1.37,1.00
2017.08.03 22:52:19.500,1.00042,1.00072,1.37,1.00
2017.08.03 22:52:19.653,1.00045,1.00075,1.00,1.00
2017.08.03 22:52:19.704,1.0005,1.00075,1.00,1.00
2017.08.03 22:52:19.755,1.00046,1.00075,1.37,1.00
2017.08.03 22:52:19.907,1.00045,1.00072,1.87,1.00
2017.08.03 22:52:20.447,1.00045,1.00071,1.87,1.00
2017.08.03 22:52:20.997,1.00042,1.0007,1.87,1.00
2017.08.03 22:52:22.373,1.00042,1.0007,1.37,1.00
2017.08.03 22:52:23.156,1.00042,1.00069,1.87,1.00
2017.08.03 22:52:24.857,1.00042,1.00069,1.37,1.00
2017.08.03 22:52:25.948,1.00041,1.0007,1.87,1.00
2017.08.03 22:52:26.486,1.00042,1.0007,1.37,1.00
2017.08.03 22:52:26.593,1.00042,1.0007,1.37,1.00
2017.08.03 22:52:26.796,1.00038,1.00068,1.75,1.00
2017.08.03 22:52:27.372,1.00038,1.00069,1.87,1.00
2017.08.03 22:52:30.907,1.00037,1.00068,1.37,1.00
2017.08.03 22:52:31.466,1.00038,1.00068,1.37,1.00
2017.08.03 22:52:32.426,1.00037,1.00068,1.37,1.00
2017.08.03 22:52:34.332,1.00036,1.00067,1.37,1.00
2017.08.03 22:52:34.634,1.00036,1.00069,1.37,1.12
2017.08.03 22:52:35.180,1.00034,1.00067,2.44,1.00
2017.08.03 22:52:35.483,1.00028,1.00059,1.37,1.00
2017.08.03 22:52:36.171,1.00027,1.00059,1.37,1.00
2017.08.03 22:52:41.225,1.00027,1.00059,1.37,1.00
2017.08.03 22:52:41.987,1.00027,1.00059,1.37,1.00
2017.08.03 22:52:42.341,1.00027,1.00059,1.37,1.00
2017.08.03 22:52:42.986,1.00027,1.00059,1.37,1.00
2017.08.03 22:52:43.678,1.00027,1.00059,1.37,1.00
2017.08.03 22:52:44.257,1.00027,1.00058,1.37,1.00
2017.08.03 22:52:44.849,1.00027,1.00058,1.37,1.00
2017.08.03 22:52:48.566,1.00027,1.00058,1.50,1.00
2017.08.03 22:52:54.879,1.00027,1.00059,1.50,1.00
2017.08.03 22:52:54.980,1.00027,1.00059,1.50,1.00
2017.08.03 22:52:55.586,1.00027,1.00059,1.50,1.00
2017.08.03 22:52:56.661,1.00028,1.0006,1.37,1.00
2017.08.03 22:52:56.762,1.00033,1.00063,1.37,1.12
2017.08.03 22:52:56.989,1.00035,1.00068,1.37,1.00
2017.08.03 22:53:01.084,1.00036,1.00067,1.37,1.00
2017.08.03 22:53:01.692,1.00036,1.00067,1.50,1.00
2017.08.03 22:53:02.310,1.00034,1.00067,3.19,1.00
2017.08.03 22:53:03.049,1.00034,1.00067,3.19,1.00
2017.08.03 22:53:03.202,1.00034,1.00064,2.44,1.00
2017.08.03 22:53:03.414,1.0003,1.00058,1.00,1.00
2017.08.03 22:53:03.686,1.00024,1.00057,4.12,1.00
2017.08.03 22:53:04.247,1.00024,1.00057,2.62,1.00
2017.08.03 22:53:04.948,1.00026,1.00057,1.37,1.00
2017.08.03 22:53:05.049,1.00026,1.00059,1.87,1.00
2017.08.03 22:53:05.729,1.00027,1.00059,1.87,1.00
2017.08.03 22:53:06.382,1.00027,1.00058,1.87,1.00
2017.08.03 22:53:12.002,1.00027,1.00058,1.37,1.00
2017.08.03 22:53:14.879,1.00029,1.00059,1.12,1.00
2017.08.03 22:53:19.982,1.00029,1.00058,1.12,1.00
2017.08.03 22:53:29.629,1.00029,1.00058,1.37,1.00
2017.08.03 22:53:30.249,1.00029,1.00058,1.12,1.00
2017.08.03 22:53:30.574,1.00029,1.00058,1.37,1.00
2017.08.03 22:53:31.530,1.00029,1.00058,1.37,1.00
2017.08.03 22:53:32.444,1.00029,1.00058,1.37,1.00
2017.08.03 22:53:32.545,1.00025,1.00058,1.87,1.00
2017.08.03 22:53:35.764,1.00025,1.00058,1.37,1.00
2017.08.03 22:53:36.374,1.00025,1.00058,1.37,1.00
2017.08.03 22:53:36.952,1.00025,1.00057,1.37,1.00
2017.08.03 22:53:38.755,1.00024,1.00057,2.62,1.00
2017.08.03 22:53:39.288,1.00024,1.00058,2.62,1.00
2017.08.03 22:53:39.339,1.00024,1.00056,2.62,1.00
2017.08.03 22:53:39.951,1.00024,1.00057,2.62,1.00
2017.08.03 22:53:40.092,1.00024,1.00055,3.37,1.00
2017.08.03 22:53:40.394,1.00024,1.00056,1.87,1.00
2017.08.03 22:53:40.920,1.00024,1.00056,1.87,1.00
2017.08.03 22:53:41.431,1.00024,1.00056,1.87,1.00
2017.08.03 22:53:41.960,1.00024,1.00056,1.87,1.00
2017.08.03 22:53:43.052,1.00024,1.00056,1.87,1.00
2017.08.03 22:53:43.103,1.00024,1.00056,1.87,1.00
2017.08.03 22:53:43.154,1.00024,1.00056,1.87,1.00
2017.08.03 22:53:43.601,1.00024,1.00056,1.87,1.00
2017.08.03 22:53:44.106,1.00024,1.00056,1.87,1.00
2017.08.03 22:53:46.536,1.00024,1.00056,1.87,1.00
2017.08.03 22:53:46.839,1.0003,1.00062,1.37,1.75
2017.08.03 22:53:46.890,1.0003,1.00063,1.37,1.75
2017.08.03 22:53:47.098,1.00029,1.00059,1.37,1.00
2017.08.03 22:53:47.633,1.00029,1.00058,1.37,1.00
2017.08.03 22:53:47.735,1.00029,1.00059,1.37,1.00
2017.08.03 22:53:48.254,1.00029,1.00059,1.37,1.00
2017.08.03 22:53:49.608,1.00029,1.00059,1.87,1.00
2017.08.03 22:53:54.778,1.00029,1.00059,1.87,1.00
2017.08.03 22:53:56.567,1.0003,1.0006,1.87,1.00
2017.08.03 22:53:56.618,1.00029,1.00063,3.37,1.50
2017.08.03 22:53:57.207,1.00034,1.00063,1.12,1.00
2017.08.03 22:54:02.378,1.00034,1.00063,1.87,1.00
2017.08.03 22:54:07.617,1.00034,1.00065,1.37,1.00
2017.08.03 22:54:08.189,1.00034,1.00065,1.37,1.00
2017.08.03 22:54:11.874,1.00034,1.00063,1.00,1.00
2017.08.03 22:54:11.925,1.00032,1.00063,1.00,1.50
2017.08.03 22:54:12.177,1.00031,1.00062,1.00,1.37
2017.08.03 22:54:12.681,1.0003,1.00061,1.12,1.37
2017.08.03 22:54:13.473,1.0003,1.00062,1.37,2.62
2017.08.03 22:54:15.502,1.0003,1.00062,1.12,2.25
2017.08.03 22:54:18.512,1.0003,1.00062,1.37,3.37
2017.08.03 22:54:19.513,1.0003,1.00062,1.12,2.25
2017.08.03 22:54:20.454,1.0003,1.00062,1.37,1.87
2017.08.03 22:54:21.065,1.0003,1.00062,1.12,1.75
2017.08.03 22:54:22.157,1.00029,1.00061,1.12,1.50
2017.08.03 22:54:26.552,1.00029,1.00061,1.37,1.50
2017.08.03 22:54:27.125,1.00029,1.00061,1.87,1.12
2017.08.03 22:54:33.678,1.00029,1.00061,1.37,1.00
2017.08.03 22:54:33.881,1.00029,1.00063,1.37,1.12
2017.08.03 22:54:40.097,1.00029,1.00063,1.37,1.00
2017.08.03 22:54:40.648,1.0003,1.00062,1.37,1.00
2017.08.03 22:54:41.550,1.0003,1.00062,1.37,1.12
2017.08.03 22:54:46.285,1.0003,1.00062,1.37,1.12
2017.08.03 22:54:46.896,1.0003,1.00062,1.37,1.12
2017.08.03 22:54:50.744,1.0003,1.00062,1.12,1.12
2017.08.03 22:54:51.352,1.00029,1.00062,1.87,1.50
2017.08.03 22:54:52.008,1.0003,1.00062,1.12,1.12
2017.08.03 22:54:52.692,1.0003,1.00062,1.37,1.50
2017.08.03 22:54:56.581,1.0003,1.00062,1.37,1.00
2017.08.03 22:55:00.376,1.0003,1.00061,1.37,1.00
2017.08.03 22:55:00.427,1.0003,1.00061,1.37,1.00
2017.08.03 22:55:00.528,1.00029,1.00058,1.37,1.00
2017.08.03 22:55:01.274,1.00029,1.00058,1.37,1.00
2017.08.03 22:55:01.933,1.00029,1.00058,1.37,1.00
2017.08.03 22:55:02.168,1.00026,1.00058,1.87,1.00
2017.08.03 22:55:02.218,1.00026,1.00058,2.62,1.00
2017.08.03 22:55:02.720,1.00028,1.00057,1.37,1.00
2017.08.03 22:55:03.401,1.00028,1.00057,1.37,1.00
2017.08.03 22:55:05.466,1.00028,1.00057,1.00,1.00
2017.08.03 22:55:06.212,1.00028,1.00058,1.00,1.00
2017.08.03 22:55:09.245,1.00026,1.00058,2.25,1.00
2017.08.03 22:55:09.296,1.00026,1.00058,3.00,1.00
2017.08.03 22:55:10.046,1.00026,1.00058,1.37,1.00
2017.08.03 22:55:10.386,1.00029,1.00058,1.00,1.00
2017.08.03 22:55:12.472,1.00029,1.00058,1.37,1.00
2017.08.03 22:55:13.215,1.00029,1.00058,1.12,1.00
2017.08.03 22:55:16.417,1.00026,1.00058,1.50,1.00
2017.08.03 22:55:17.916,1.00028,1.00058,1.00,1.00
2017.08.03 22:55:22.128,1.00026,1.00058,3.00,1.00
2017.08.03 22:55:23.252,1.00029,1.00057,1.00,1.00
2017.08.03 22:55:23.303,1.00025,1.00057,2.44,1.00
2017.08.03 22:55:23.843,1.00024,1.00056,2.62,1.00
2017.08.03 22:55:24.944,1.00024,1.00056,1.87,1.00
2017.08.03 22:55:25.096,1.00029,1.00056,1.00,1.00
2017.08.03 22:55:28.333,1.00029,1.00057,1.00,1.00
2017.08.03 22:55:28.853,1.00029,1.00058,1.00,1.00
2017.08.03 22:55:31.000,1.00029,1.00057,1.50,1.00
2017.08.03 22:55:31.533,1.00029,1.00056,1.00,1.00
2017.08.03 22:55:33.178,1.00029,1.00055,1.00,1.00
2017.08.03 22:55:33.844,1.00029,1.00056,1.00,1.00
2017.08.03 22:55:35.266,1.00024,1.00056,1.87,1.00
2017.08.03 22:55:35.417,1.00024,1.00056,1.37,1.00
2017.08.03 22:55:36.204,1.00024,1.00056,1.37,1.00
2017.08.03 22:55:36.864,1.00024,1.00056,1.87,1.50
2017.08.03 22:55:37.583,1.00023,1.00057,1.87,1.50
2017.08.03 22:55:37.707,1.00024,1.00056,1.37,1.00
2017.08.03 22:55:37.811,1.00024,1.00057,1.37,1.00
2017.08.03 22:55:38.365,1.00024,1.00057,1.37,1.00
2017.08.03 22:55:38.960,1.00024,1.00056,1.37,1.00
2017.08.03 22:55:39.903,1.00024,1.00056,1.87,1.50
2017.08.03 22:55:39.954,1.00024,1.00056,1.87,1.50
2017.08.03 22:55:40.534,1.00023,1.00056,2.25,1.00
2017.08.03 22:55:41.298,1.00023,1.00057,3.00,1.50
2017.08.03 22:55:41.956,1.00023,1.00056,2.25,1.00
2017.08.03 22:55:42.455,1.00024,1.00056,1.37,1.50
2017.08.03 22:55:43.483,1.00023,1.00053,1.50,1.00
2017.08.03 22:55:43.775,1.00023,1.00056,1.50,1.00
2017.08.03 22:55:43.876,1.00028,1.00056,1.00,1.50
2017.08.03 22:55:44.086,1.00024,1.00056,1.12,1.50
2017.08.03 22:55:44.602,1.00024,1.00055,1.12,1.12
2017.08.03 22:55:45.104,1.00024,1.00056,1.87,1.12
2017.08.03 22:55:45.712,1.00023,1.00055,1.50,1.12
2017.08.03 22:55:45.813,1.00021,1.00052,1.87,1.00
2017.08.03 22:55:46.747,1.00019,1.00052,2.62,1.00
2017.08.03 22:55:49.138,1.00021,1.00054,1.87,1.00
2017.08.03 22:55:49.240,1.00024,1.00056,1.87,1.00
2017.08.03 22:55:49.718,1.00024,1.00056,2.62,1.00
2017.08.03 22:55:50.231,1.00024,1.00056,1.87,1.00
2017.08.03 22:55:51.334,1.00024,1.00055,1.87,1.00
2017.08.03 22:55:51.435,1.00024,1.00055,1.87,1.00
2017.08.03 22:55:52.222,1.00024,1.00052,1.50,1.00
2017.08.03 22:55:52.424,1.00021,1.00053,1.50,1.87
2017.08.03 22:55:52.525,1.00026,1.00053,1.00,1.87
2017.08.03 22:55:52.627,1.00022,1.00051,1.12,1.00
2017.08.03 22:55:52.728,1.00019,1.00051,1.00,1.00
2017.08.03 22:55:52.779,1.00019,1.00049,1.00,1.00
2017.08.03 22:55:54.092,1.00019,1.00048,1.12,1.00
2017.08.03 22:55:54.593,1.00019,1.00048,1.37,1.00
2017.08.03 22:55:55.133,1.00019,1.00048,1.12,1.00
2017.08.03 22:55:57.975,1.00019,1.00049,1.12,1.00
2017.08.03 22:56:00.143,1.00026,1.00053,1.50,1.00
2017.08.03 22:56:03.414,1.00026,1.00052,1.00,1.00
2017.08.03 22:56:03.946,1.00025,1.00053,1.50,1.00
2017.08.03 22:56:04.713,1.00026,1.00053,1.50,1.12
2017.08.03 22:56:05.730,1.00024,1.00052,1.00,1.12
2017.08.03 22:56:05.831,1.00019,1.0005,1.87,1.00
2017.08.03 22:56:08.302,1.00019,1.0005,1.12,1.00
2017.08.03 22:56:09.750,1.00019,1.0005,1.37,1.00
2017.08.03 22:56:10.742,1.00019,1.0005,1.87,1.00
2017.08.03 22:56:11.731,1.00019,1.00048,1.00,1.00
2017.08.03 22:56:12.340,1.00016,1.00048,2.62,1.00
2017.08.03 22:56:14.052,1.00016,1.00047,1.37,1.00
2017.08.03 22:56:14.651,1.00016,1.00046,1.37,1.00
2017.08.03 22:56:17.936,1.00017,1.00047,1.37,1.00
2017.08.03 22:56:18.453,1.00019,1.00048,1.12,1.00
2017.08.03 22:56:23.242,1.00018,1.00048,1.12,1.00
2017.08.03 22:56:23.683,1.00019,1.00046,1.00,1.00
2017.08.03 22:56:24.194,1.00018,1.00046,1.00,1.00
2017.08.03 22:56:25.512,1.00019,1.00046,1.00,1.00
2017.08.03 22:56:27.166,1.00018,1.00046,1.00,1.00
2017.08.03 22:56:27.858,1.00019,1.00046,1.00,1.00
2017.08.03 22:56:33.872,1.00018,1.00046,1.00,1.00
2017.08.03 22:56:34.272,1.00014,1.00046,3.00,1.00
2017.08.03 22:56:34.374,1.00014,1.00044,2.25,1.00
2017.08.03 22:56:35.097,1.00014,1.00043,3.00,1.00
2017.08.03 22:56:41.682,1.00013,1.00038,1.50,1.00
2017.08.03 22:56:41.732,1.00013,1.0004,1.50,1.00
2017.08.03 22:56:41.783,1.0001,1.00037,1.37,1.00
2017.08.03 22:56:41.834,1.0001,1.00036,1.00,1.00
2017.08.03 22:56:41.986,1.00006,1.00036,1.00,1.00
2017.08.03 22:56:42.210,1.00007,1.00039,1.00,1.87
2017.08.03 22:56:42.763,1.00008,1.00039,1.00,1.37
2017.08.03 22:56:43.863,1.00008,1.00036,1.00,1.87
2017.08.03 22:56:44.475,1.00007,1.00036,1.00,1.50
2017.08.03 22:56:46.244,1.00006,1.00036,1.00,1.00
2017.08.03 22:56:55.091,1.00008,1.00036,1.00,1.00
2017.08.03 22:56:55.355,1.00006,1.00036,1.00,1.00
2017.08.03 22:56:59.276,1.00008,1.00037,1.00,1.00
2017.08.03 22:57:00.061,1.00009,1.00038,1.00,1.12
2017.08.03 22:57:09.805,1.0001,1.00039,1.00,1.87
2017.08.03 22:57:10.415,1.00009,1.00039,1.00,1.87
2017.08.03 22:57:11.843,1.00009,1.00039,1.00,1.87
2017.08.03 22:57:16.743,1.00009,1.00039,1.00,1.87
2017.08.03 22:57:17.374,1.0001,1.00039,1.00,1.37
2017.08.03 22:57:17.793,1.00013,1.00039,1.00,1.37
2017.08.03 22:57:18.789,1.00013,1.00039,1.00,1.12
2017.08.03 22:57:24.027,1.00013,1.00038,1.00,1.00
2017.08.03 22:57:29.042,1.00009,1.00038,1.50,1.12
2017.08.03 22:57:29.813,1.00009,1.00037,1.50,1.00
2017.08.03 22:57:37.898,1.00009,1.00038,1.50,1.12
2017.08.03 22:57:38.559,1.00009,1.00038,1.50,1.37
2017.08.03 22:57:39.125,1.00009,1.00036,1.50,1.00
2017.08.03 22:57:39.880,1.00009,1.00035,1.50,1.00
2017.08.03 22:57:42.450,1.00009,1.00034,1.50,1.00
2017.08.03 22:57:43.900,1.00009,1.00035,1.00,1.87
2017.08.03 22:57:43.951,1.00006,1.0003,1.00,1.00
2017.08.03 22:57:44.001,1.00006,1.00035,1.00,1.50
2017.08.03 22:57:44.104,1.00009,1.00036,1.00,1.87
2017.08.03 22:57:44.885,1.00009,1.00037,1.00,1.12
2017.08.03 22:57:45.449,1.00009,1.00036,1.00,1.00
2017.08.03 22:57:53.924,1.00009,1.00037,1.00,1.50
2017.08.03 22:57:59.966,1.00008,1.00037,1.00,1.00
2017.08.03 22:58:00.269,1.0001,1.00038,1.00,1.00
2017.08.03 22:58:00.883,1.0001,1.0004,1.00,1.12
2017.08.03 22:58:03.255,1.0001,1.00038,1.00,1.00
2017.08.03 22:58:04.334,1.0001,1.00034,1.00,1.00
2017.08.03 22:58:04.435,1.00008,1.00034,1.00,1.00
2017.08.03 22:58:04.486,1.00008,1.00037,1.00,1.00
2017.08.03 22:58:05.530,1.00009,1.00037,1.00,1.00
2017.08.03 22:58:06.116,1.00009,1.00039,1.50,2.62
2017.08.03 22:58:06.672,1.00009,1.00039,1.00,1.87
2017.08.03 22:58:07.332,1.00009,1.00039,1.50,1.87
2017.08.03 22:58:08.906,1.00009,1.00036,1.50,1.00
2017.08.03 22:58:11.111,1.00009,1.0003,1.00,1.00
2017.08.03 22:58:11.262,1.00003,1.00033,1.12,1.00
2017.08.03 22:58:11.435,1.00007,1.00035,1.00,1.00
2017.08.03 22:58:11.755,1.00009,1.00035,1.50,1.00
2017.08.03 22:58:15.817,1.00009,1.00036,1.00,1.00
2017.08.03 22:58:15.918,1.00009,1.00038,1.00,1.00
2017.08.03 22:58:15.968,1.00011,1.00038,1.00,1.00
2017.08.03 22:58:16.576,1.00011,1.00039,1.00,1.00
2017.08.03 22:58:21.893,1.00011,1.00038,1.00,1.00
2017.08.03 22:58:22.195,1.00009,1.00036,1.00,1.00
2017.08.03 22:58:24.358,1.00009,1.00034,1.00,1.00
2017.08.03 22:58:31.257,1.00007,1.00034,1.00,1.00
2017.08.03 22:58:36.008,1.00007,1.00032,1.00,1.00
2017.08.03 22:58:36.734,1.00006,1.00032,1.00,1.00
2017.08.03 22:58:37.393,1.00006,1.00033,1.00,1.00
2017.08.03 22:58:38.017,1.00006,1.00032,1.00,1.00
2017.08.03 22:58:38.808,1.00006,1.00034,1.00,1.00
2017.08.03 22:58:41.739,1.00006,1.00033,1.00,1.00
2017.08.03 22:58:44.388,1.00005,1.00033,1.00,1.00
2017.08.03 22:58:44.899,1.00005,1.00034,1.00,1.00
2017.08.03 22:58:45.906,1.00004,1.00034,1.50,1.00
2017.08.03 22:58:48.465,1.00004,1.00033,1.50,1.00
2017.08.03 22:58:52.215,1.00008,1.00033,1.00,1.00
2017.08.03 22:58:52.967,1.00008,1.00034,1.00,1.00
2017.08.03 22:58:58.463,1.00007,1.00034,1.00,1.00
2017.08.03 22:58:59.702,1.00007,1.00033,1.00,1.00
2017.08.03 22:59:02.564,1.00007,1.00034,1.00,1.00
2017.08.03 22:59:06.214,1.00006,1.00034,1.00,1.00
2017.08.03 22:59:15.524,1.00004,1.00032,1.00,1.00
2017.08.03 22:59:16.253,1.00004,1.00031,1.00,1.00
2017.08.03 22:59:25.026,1.00004,1.0003,1.00,1.00
2017.08.03 22:59:25.573,1.00004,1.00033,1.00,1.00
2017.08.03 22:59:28.275,1.00004,1.00032,1.00,1.00
2017.08.03 22:59:28.789,1.00004,1.00031,1.00,1.00
2017.08.03 22:59:29.323,1.00003,1.00031,1.00,1.00
2017.08.03 22:59:31.119,1.00004,1.00031,1.00,1.00
2017.08.03 22:59:34.003,1.00004,1.00032,1.00,1.00
2017.08.03 22:59:34.512,1.00005,1.00032,1.00,1.00
2017.08.03 22:59:36.873,1.00004,1.00032,1.00,1.00
2017.08.03 22:59:37.484,1.00005,1.00032,1.00,1.00
2017.08.03 22:59:38.965,1.00004,1.00032,1.00,1.00
2017.08.03 22:59:39.178,1.00009,1.00032,1.00,1.00
2017.08.03 22:59:43.774,1.00004,1.00032,1.50,1.00
2017.08.03 22:59:44.733,1.00004,1.00029,1.00,1.00
2017.08.03 22:59:44.834,1.00004,1.00033,1.00,1.00
2017.08.03 22:59:44.935,1.00005,1.00035,1.00,1.00
2017.08.03 22:59:45.036,1.00004,1.00033,1.00,1.00
2017.08.03 22:59:45.353,1.00008,1.00033,1.00,1.00
2017.08.03 22:59:45.590,1.00008,1.00036,1.00,1.00
2017.08.03 22:59:45.641,1.00006,1.00036,1.00,1.00
2017.08.03 22:59:46.236,1.00005,1.00036,1.00,1.00
2017.08.03 22:59:46.504,1.00008,1.00037,1.00,1.12
2017.08.03 22:59:55.253,1.00007,1.00037,1.00,1.00
2017.08.03 22:59:57.249,1.00007,1.00035,1.00,1.00
