2015.02.18 04:00:04.082,0.96953,0.96983,1.00,2.02
2015.02.18 04:00:04.507,0.96954,0.96982,1.00,1.57
2015.02.18 04:00:04.612,0.96958,0.96987,1.00,1.52
2015.02.18 04:00:04.915,0.96958,0.96992,1.00,4.27
2015.02.18 04:00:05.419,0.96958,0.96988,1.00,1.20
2015.02.18 04:00:05.636,0.96958,0.96987,1.00,1.20
2015.02.18 04:00:06.145,0.96954,0.96987,1.00,1.65
2015.02.18 04:00:06.246,0.96956,0.96987,1.00,1.65
2015.02.18 04:00:06.551,0.96959,0.96987,1.00,2.02
2015.02.18 04:00:07.367,0.96959,0.96987,1.00,6.37
2015.02.18 04:00:09.544,0.96954,0.96986,1.50,2.02
2015.02.18 04:00:14.899,0.96953,0.9698,1.00,1.00
2015.02.18 04:00:14.950,0.96953,0.9698,1.00,1.07
2015.02.18 04:00:15.353,0.96948,0.96978,1.00,1.15
2015.02.18 04:00:15.403,0.96948,0.96977,1.00,2.70
2015.02.18 04:00:21.144,0.96945,0.96976,1.00,1.52
2015.02.18 04:00:21.671,0.96944,0.96975,1.50,2.77
2015.02.18 04:00:22.220,0.96943,0.96973,1.50,1.27
2015.02.18 04:00:24.114,0.96944,0.96973,1.00,1.17
2015.02.18 04:00:34.230,0.96944,0.96975,1.57,2.02
2015.02.18 04:00:34.394,0.96945,0.96976,1.00,1.65
2015.02.18 04:00:34.715,0.96949,0.96977,1.00,2.02
2015.02.18 04:00:43.803,0.96943,0.96977,1.17,1.15
2015.02.18 04:00:49.710,0.96944,0.96976,1.10,1.55
2015.02.18 04:00:50.319,0.96945,0.96976,1.00,1.55
2015.02.18 04:00:50.659,0.96945,0.96976,1.00,1.17
2015.02.18 04:00:54.784,0.96945,0.96977,1.15,1.12
2015.02.18 04:00:56.184,0.96945,0.96976,1.15,1.00
2015.02.18 04:00:59.195,0.96945,0.96977,1.15,1.50
2015.02.18 04:01:02.208,0.96943,0.96976,1.65,1.00
2015.02.18 04:01:02.758,0.96943,0.96976,1.65,1.37
2015.02.18 04:01:03.212,0.96943,0.96974,1.00,1.55
2015.02.18 04:01:03.835,0.96944,0.96972,1.00,1.00
2015.02.18 04:01:03.987,0.96944,0.96972,1.00,2.25
2015.02.18 04:01:07.042,0.96944,0.96969,1.00,1.00
2015.02.18 04:01:07.143,0.96944,0.96972,1.00,1.12
2015.02.18 04:01:09.064,0.96944,0.96973,1.00,1.20
2015.02.18 04:01:09.642,0.96944,0.96972,1.00,1.12
2015.02.18 04:01:11.924,0.96944,0.96972,1.00,1.57
2015.02.18 04:01:12.227,0.96939,0.96967,1.00,1.27
2015.02.18 04:01:12.736,0.96939,0.96965,1.00,1.55
2015.02.18 04:01:13.248,0.96934,0.96965,1.00,1.55
2015.02.18 04:01:15.079,0.96934,0.96963,1.00,1.95
2015.02.18 04:01:16.400,0.96934,0.96962,1.00,1.12
2015.02.18 04:01:17.057,0.96934,0.96963,1.00,1.95
2015.02.18 04:01:17.620,0.96934,0.96962,1.00,1.00
2015.02.18 04:01:18.708,0.96934,0.96962,1.00,1.20
2015.02.18 04:01:18.759,0.9693,0.96961,1.00,1.15
2015.02.18 04:01:19.469,0.96929,0.96961,1.50,1.65
2015.02.18 04:01:38.846,0.96929,0.96962,1.00,1.15
2015.02.18 04:02:38.590,0.96929,0.96959,1.50,1.00
2015.02.18 04:02:39.060,0.96929,0.96961,1.50,1.00
2015.02.18 04:02:39.962,0.96929,0.96959,1.50,1.00
2015.02.18 04:02:41.179,0.96929,0.96961,1.50,1.00
2015.02.18 04:02:49.934,0.9693,0.96961,1.00,1.00
2015.02.18 04:03:39.002,0.96929,0.96961,1.50,1.20
2015.02.18 04:03:46.240,0.96932,0.96961,1.00,1.65
2015.02.18 04:03:46.559,0.96924,0.96955,1.00,1.15
2015.02.18 04:03:47.079,0.96923,0.96954,1.00,1.27
2015.02.18 04:03:48.551,0.96923,0.96955,1.00,1.65
2015.02.18 04:03:51.370,0.96924,0.96954,1.00,1.52
2015.02.18 04:03:56.168,0.96924,0.96953,1.00,1.55
2015.02.18 04:04:00.669,0.96924,0.96951,1.00,1.00
2015.02.18 04:04:01.478,0.96924,0.96952,1.00,1.20
2015.02.18 04:04:03.438,0.96924,0.96952,1.00,1.47
2015.02.18 04:04:07.260,0.96924,0.96952,1.00,1.20
2015.02.18 04:04:09.055,0.96924,0.96951,1.00,1.00
2015.02.18 04:04:09.571,0.96924,0.96952,1.00,1.20
2015.02.18 04:04:14.711,0.96924,0.96955,1.00,1.90
2015.02.18 04:04:24.289,0.96924,0.96954,1.00,1.65
2015.02.18 04:04:27.869,0.96924,0.96954,1.00,1.95
2015.02.18 04:04:33.628,0.96924,0.96952,1.00,1.00
2015.02.18 04:04:34.572,0.96924,0.96953,1.00,1.00
2015.02.18 04:04:35.115,0.96924,0.96952,1.00,1.00
2015.02.18 04:04:35.629,0.96921,0.96952,1.15,1.00
2015.02.18 04:04:38.106,0.9692,0.96951,1.15,1.00
2015.02.18 04:04:38.855,0.9692,0.96952,1.15,1.50
2015.02.18 04:04:39.574,0.9692,0.96951,1.15,1.00
2015.02.18 04:04:40.082,0.9692,0.96952,1.15,1.50
2015.02.18 04:04:42.109,0.9692,0.96951,1.15,1.00
2015.02.18 04:04:42.767,0.9692,0.96952,1.15,1.00
2015.02.18 04:04:44.734,0.9692,0.96951,1.15,1.00
2015.02.18 04:04:45.746,0.9692,0.96952,1.15,1.50
2015.02.18 04:04:46.583,0.9692,0.96951,1.15,1.00
2015.02.18 04:04:47.733,0.9692,0.96952,1.17,1.50
2015.02.18 04:04:47.783,0.9692,0.96952,1.17,1.57
2015.02.18 04:04:51.486,0.9692,0.96952,1.17,1.95
2015.02.18 04:04:51.869,0.96916,0.96947,1.15,1.00
2015.02.18 04:04:53.850,0.96919,0.96951,1.15,1.12
2015.02.18 04:04:57.149,0.96918,0.96946,1.15,1.00
2015.02.18 04:05:03.140,0.96918,0.96951,1.15,1.00
2015.02.18 04:05:03.744,0.96919,0.96951,1.65,1.37
2015.02.18 04:05:08.819,0.96919,0.96951,1.65,1.37
2015.02.18 04:05:13.549,0.96919,0.96951,1.20,1.87
2015.02.18 04:05:14.495,0.96919,0.9695,1.20,1.00
2015.02.18 04:05:15.080,0.96919,0.96951,1.20,1.87
2015.02.18 04:05:15.618,0.96919,0.9695,1.20,1.00
2015.02.18 04:05:16.841,0.96917,0.96946,1.15,1.00
2015.02.18 04:05:29.807,0.96917,0.96946,1.10,1.00
2015.02.18 04:05:30.412,0.96919,0.96951,1.00,1.65
2015.02.18 04:05:32.484,0.96918,0.96952,1.00,2.40
2015.02.18 04:05:33.167,0.96917,0.96952,1.10,2.77
2015.02.18 04:05:33.342,0.96924,0.96952,1.00,1.27
2015.02.18 04:05:47.749,0.96919,0.96951,1.00,1.55
2015.02.18 04:05:54.939,0.96923,0.9695,1.00,1.20
2015.02.18 04:05:55.144,0.96918,0.96947,1.00,1.12
2015.02.18 04:06:16.585,0.96919,0.96946,1.00,1.00
2015.02.18 04:06:17.559,0.96918,0.96947,1.50,1.12
2015.02.18 04:06:19.667,0.96919,0.96946,1.00,1.00
2015.02.18 04:06:33.099,0.96923,0.96948,1.00,1.20
2015.02.18 04:06:35.928,0.96919,0.96946,1.00,1.00
2015.02.18 04:06:36.369,0.96924,0.96951,1.00,2.77
2015.02.18 04:06:38.769,0.96924,0.9695,1.00,1.00
2015.02.18 04:06:38.920,0.96926,0.96957,1.00,1.95
2015.02.18 04:06:39.141,0.96929,0.96956,1.00,1.00
2015.02.18 04:06:42.750,0.96929,0.96957,1.00,1.10
2015.02.18 04:06:43.628,0.96929,0.96956,1.50,1.00
2015.02.18 04:06:53.858,0.96929,0.96957,1.00,1.10
2015.02.18 04:06:55.879,0.96929,0.96956,1.57,1.00
2015.02.18 04:06:57.818,0.96929,0.96951,1.10,1.00
2015.02.18 04:06:58.072,0.96929,0.96956,1.57,1.00
2015.02.18 04:07:09.188,0.96929,0.96963,1.10,1.15
2015.02.18 04:07:14.000,0.96929,0.96965,1.17,1.17
2015.02.18 04:07:14.051,0.96929,0.96965,1.15,1.17
2015.02.18 04:07:14.101,0.96933,0.96967,1.17,1.07
2015.02.18 04:07:14.152,0.96933,0.96967,1.15,1.00
2015.02.18 04:07:14.353,0.96939,0.96962,1.00,1.00
2015.02.18 04:07:14.655,0.96939,0.96967,1.00,1.00
2015.02.18 04:07:14.879,0.96939,0.96961,1.00,1.00
2015.02.18 04:07:16.865,0.96939,0.96966,1.50,1.00
2015.02.18 04:07:16.947,0.96941,0.96966,1.00,1.00
2015.02.18 04:07:21.160,0.96941,0.96967,1.00,1.00
2015.02.18 04:07:22.376,0.96941,0.96966,1.00,1.00
2015.02.18 04:07:23.887,0.96941,0.96967,1.00,1.00
2015.02.18 04:07:30.587,0.96942,0.96967,1.00,1.00
2015.02.18 04:07:32.111,0.96942,0.96966,1.00,1.00
2015.02.18 04:07:35.027,0.96941,0.96966,1.00,1.00
2015.02.18 04:07:35.922,0.96941,0.96967,1.00,1.00
2015.02.18 04:07:36.322,0.96941,0.96971,1.00,1.00
2015.02.18 04:07:36.422,0.96943,0.96971,1.00,1.00
2015.02.18 04:07:36.975,0.96944,0.96972,1.00,1.00
2015.02.18 04:07:49.418,0.96939,0.96977,2.40,2.02
2015.02.18 04:07:49.927,0.96941,0.96977,1.00,2.77
2015.02.18 04:07:54.794,0.96941,0.96978,1.17,2.77
2015.02.18 04:08:15.754,0.9694,0.96977,1.17,1.52
2015.02.18 04:08:15.855,0.9694,0.96977,1.17,1.52
2015.02.18 04:08:22.367,0.96939,0.96975,1.07,2.32
2015.02.18 04:08:22.670,0.96938,0.96973,1.00,3.07
2015.02.18 04:08:22.871,0.96934,0.96971,1.17,1.27
2015.02.18 04:08:24.650,0.96938,0.96973,1.00,3.45
2015.02.18 04:08:25.070,0.96933,0.96973,1.65,3.45
2015.02.18 04:08:25.834,0.96939,0.96972,1.00,2.77
2015.02.18 04:08:26.806,0.96934,0.96971,1.17,1.52
2015.02.18 04:08:27.310,0.9693,0.96966,3.07,1.00
2015.02.18 04:08:28.218,0.9693,0.96967,2.32,1.20
2015.02.18 04:08:28.322,0.9693,0.96964,2.32,1.00
2015.02.18 04:08:28.473,0.96932,0.96966,1.15,1.50
2015.02.18 04:08:28.574,0.96939,0.96966,1.00,2.25
2015.02.18 04:08:31.316,0.96938,0.96966,1.00,1.00
2015.02.18 04:08:31.643,0.96938,0.96964,1.00,1.00
2015.02.18 04:08:32.187,0.96939,0.96964,1.00,1.00
2015.02.18 04:08:36.816,0.96933,0.96964,1.15,1.00
2015.02.18 04:08:37.924,0.96934,0.96967,1.17,1.10
2015.02.18 04:08:39.046,0.96934,0.96966,1.17,1.00
2015.02.18 04:08:39.567,0.96934,0.96967,1.17,1.95
2015.02.18 04:08:40.666,0.9693,0.96966,3.07,1.00
2015.02.18 04:08:42.768,0.96929,0.96966,1.15,1.00
2015.02.18 04:08:45.416,0.96933,0.96963,1.17,1.00
2015.02.18 04:08:45.748,0.96934,0.96961,1.10,1.00
2015.02.18 04:08:51.293,0.96934,0.96961,1.15,1.00
2015.02.18 04:08:51.344,0.96939,0.96966,1.10,1.00
2015.02.18 04:08:51.885,0.96938,0.96967,1.07,1.00
2015.02.18 04:08:52.143,0.96939,0.96971,1.10,1.45
2015.02.18 04:08:52.244,0.96939,0.96971,1.65,1.20
2015.02.18 04:08:52.748,0.9694,0.96971,1.15,1.00
2015.02.18 04:09:00.364,0.9694,0.96972,1.65,1.00
2015.02.18 04:09:04.737,0.9694,0.96971,1.15,1.00
2015.02.18 04:09:06.226,0.9694,0.96972,1.15,1.00
2015.02.18 04:09:12.126,0.9694,0.96971,1.15,1.00
2015.02.18 04:09:13.178,0.9694,0.96971,1.15,1.12
2015.02.18 04:09:18.876,0.96939,0.96971,1.07,1.20
2015.02.18 04:09:18.926,0.96939,0.96971,1.00,1.27
2015.02.18 04:09:18.977,0.96939,0.96971,1.00,2.40
2015.02.18 04:09:19.179,0.96933,0.96967,1.65,1.52
2015.02.18 04:09:19.381,0.96933,0.96967,1.65,1.52
2015.02.18 04:09:19.685,0.96933,0.96962,1.65,1.00
2015.02.18 04:09:26.448,0.96929,0.96961,1.15,1.00
2015.02.18 04:09:26.801,0.96929,0.96961,1.17,1.95
2015.02.18 04:09:47.329,0.96929,0.96956,1.17,1.00
2015.02.18 04:09:47.683,0.96934,0.96961,1.00,1.47
2015.02.18 04:09:47.885,0.96934,0.96961,1.00,1.10
2015.02.18 04:09:48.226,0.96934,0.96961,1.00,1.47
2015.02.18 04:09:48.637,0.96934,0.96961,1.00,1.10
2015.02.18 04:09:50.295,0.96929,0.96962,1.17,1.27
2015.02.18 04:09:50.875,0.96929,0.96961,1.17,1.47
2015.02.18 04:09:51.615,0.96927,0.96956,1.65,1.00
2015.02.18 04:10:03.648,0.96926,0.96958,1.15,1.00
2015.02.18 04:10:03.749,0.96925,0.96952,1.17,1.00
2015.02.18 04:10:03.850,0.96923,0.96952,1.00,1.00
2015.02.18 04:10:04.158,0.96928,0.96954,1.00,1.57
2015.02.18 04:10:04.519,0.96929,0.96955,1.00,1.37
2015.02.18 04:10:04.620,0.96928,0.96958,1.00,2.62
2015.02.18 04:10:04.721,0.96928,0.96962,1.15,3.07
2015.02.18 04:10:04.821,0.96933,0.96962,1.00,2.70
2015.02.18 04:10:05.124,0.96933,0.96962,1.00,1.47
2015.02.18 04:10:05.599,0.96933,0.96956,1.00,1.00
2015.02.18 04:10:05.901,0.96934,0.96951,1.00,1.00
2015.02.18 04:10:06.705,0.96929,0.96957,1.00,1.00
2015.02.18 04:10:06.807,0.96929,0.96951,1.00,1.00
2015.02.18 04:10:07.228,0.96929,0.96949,1.00,1.00
2015.02.18 04:10:07.587,0.96924,0.9695,1.17,1.00
2015.02.18 04:10:07.898,0.96924,0.96948,1.10,1.00
2015.02.18 04:10:08.563,0.96923,0.96948,1.10,1.00
2015.02.18 04:10:09.328,0.96924,0.96948,1.00,1.00
2015.02.18 04:10:09.697,0.96917,0.96952,2.32,1.87
2015.02.18 04:10:10.095,0.96921,0.96952,2.32,1.12
2015.02.18 04:10:10.347,0.96926,0.96956,1.17,1.37
2015.02.18 04:10:10.448,0.96921,0.96947,2.25,1.00
2015.02.18 04:10:10.499,0.96918,0.96947,1.15,1.00
2015.02.18 04:10:11.706,0.96919,0.96953,1.15,1.00
2015.02.18 04:10:11.757,0.96924,0.96955,1.00,1.20
2015.02.18 04:10:12.660,0.96924,0.96958,1.07,2.32
2015.02.18 04:10:12.711,0.96924,0.96958,1.15,1.87
2015.02.18 04:10:12.812,0.96928,0.9696,1.00,1.95
2015.02.18 04:10:12.863,0.96939,0.9696,1.00,1.95
2015.02.18 04:10:13.319,0.96934,0.96962,1.00,1.52
2015.02.18 04:10:13.638,0.96928,0.96959,1.00,1.12
2015.02.18 04:10:14.167,0.96928,0.96959,1.00,1.37
2015.02.18 04:10:14.851,0.96933,0.96959,1.00,1.37
2015.02.18 04:10:15.193,0.96933,0.96956,1.00,1.00
2015.02.18 04:10:16.480,0.96929,0.96956,1.00,1.00
2015.02.18 04:10:19.337,0.96928,0.96956,1.00,1.00
2015.02.18 04:10:25.724,0.96928,0.96956,1.00,1.07
2015.02.18 04:10:34.417,0.96928,0.96954,1.00,1.00
2015.02.18 04:10:34.619,0.96928,0.96952,1.00,1.00
2015.02.18 04:10:34.670,0.96919,0.96952,1.65,1.00
2015.02.18 04:10:34.771,0.96919,0.96947,1.17,1.00
2015.02.18 04:10:34.821,0.96919,0.96947,1.20,1.00
2015.02.18 04:10:34.872,0.96914,0.96952,1.15,1.65
2015.02.18 04:10:35.073,0.96918,0.96952,1.15,1.27
2015.02.18 04:10:35.265,0.96918,0.96952,1.15,1.57
2015.02.18 04:10:38.438,0.96916,0.96953,1.15,1.65
2015.02.18 04:10:39.353,0.96915,0.96954,1.15,1.52
2015.02.18 04:10:39.828,0.96916,0.96953,1.15,2.02
2015.02.18 04:10:46.283,0.96914,0.96954,1.15,1.52
2015.02.18 04:10:47.234,0.96916,0.96953,1.15,2.40
2015.02.18 04:10:54.762,0.96917,0.96953,1.15,1.55
2015.02.18 04:10:59.783,0.96917,0.96951,1.17,1.07
2015.02.18 04:10:59.834,0.96917,0.96949,1.10,1.00
2015.02.18 04:11:00.785,0.96914,0.96946,1.15,1.00
2015.02.18 04:11:01.288,0.96914,0.96947,1.10,1.27
2015.02.18 04:11:01.400,0.96914,0.96947,1.07,1.20
2015.02.18 04:11:01.964,0.96914,0.96948,1.15,1.37
2015.02.18 04:11:02.604,0.96914,0.96948,1.15,1.00
2015.02.18 04:11:03.437,0.96913,0.96951,1.65,1.55
2015.02.18 04:11:05.591,0.96917,0.96952,1.15,1.12
2015.02.18 04:11:09.357,0.96919,0.96955,2.32,1.57
2015.02.18 04:11:09.459,0.96921,0.96955,2.32,1.00
2015.02.18 04:11:09.610,0.96922,0.96951,1.15,1.00
2015.02.18 04:11:09.862,0.96926,0.96956,1.07,1.00
2015.02.18 04:11:10.407,0.96928,0.96956,1.00,1.00
2015.02.18 04:11:10.637,0.96929,0.96961,1.00,1.52
2015.02.18 04:11:11.894,0.96929,0.96961,1.00,2.40
2015.02.18 04:11:12.404,0.96929,0.96961,1.00,1.27
2015.02.18 04:11:13.265,0.96929,0.96961,1.00,2.40
2015.02.18 04:11:14.181,0.96925,0.96957,1.17,1.12
2015.02.18 04:11:14.690,0.96924,0.96958,1.15,1.10
2015.02.18 04:11:15.112,0.96929,0.96957,1.00,1.12
2015.02.18 04:11:15.326,0.96925,0.96957,1.17,1.00
2015.02.18 04:11:20.013,0.96924,0.96956,1.15,1.00
2015.02.18 04:11:20.114,0.96924,0.96954,1.15,1.00
2015.02.18 04:11:20.266,0.96924,0.96956,1.15,1.00
2015.02.18 04:11:20.419,0.96923,0.96954,1.65,1.00
2015.02.18 04:11:22.417,0.96923,0.96958,1.15,1.57
2015.02.18 04:11:23.104,0.96924,0.96957,1.15,1.12
2015.02.18 04:11:24.524,0.96924,0.96958,1.15,1.57
2015.02.18 04:11:25.440,0.96923,0.96957,1.15,1.12
2015.02.18 04:11:26.460,0.96923,0.96958,1.65,1.57
2015.02.18 04:11:27.590,0.96923,0.96957,1.15,1.12
2015.02.18 04:11:29.727,0.96923,0.96961,1.65,3.15
2015.02.18 04:11:30.234,0.96926,0.96961,1.17,2.02
2015.02.18 04:11:41.641,0.96927,0.96963,1.65,3.00
2015.02.18 04:11:41.742,0.96927,0.96966,1.65,2.40
2015.02.18 04:11:41.893,0.96934,0.96968,1.00,1.52
2015.02.18 04:11:42.196,0.96934,0.9696,1.00,1.10
2015.02.18 04:11:42.398,0.96929,0.96962,1.10,1.27
2015.02.18 04:11:51.231,0.96925,0.96957,1.15,1.00
2015.02.18 04:11:53.626,0.96931,0.96961,1.00,1.27
2015.02.18 04:11:54.356,0.96934,0.96962,1.00,1.52
2015.02.18 04:11:54.608,0.96929,0.96957,1.00,1.00
2015.02.18 04:11:57.278,0.96929,0.96955,1.00,1.00
2015.02.18 04:11:57.379,0.96929,0.96957,1.00,1.00
2015.02.18 04:11:57.598,0.96928,0.96955,1.20,1.00
2015.02.18 04:11:57.952,0.96929,0.96961,1.00,2.77
2015.02.18 04:12:06.568,0.96929,0.9696,1.15,1.00
2015.02.18 04:12:06.618,0.96929,0.96964,1.15,1.20
2015.02.18 04:12:07.158,0.96929,0.96965,1.15,1.55
2015.02.18 04:12:08.484,0.96929,0.9696,1.00,1.00
2015.02.18 04:12:08.585,0.96925,0.96959,1.00,1.52
2015.02.18 04:12:08.887,0.96924,0.9695,1.00,1.10
2015.02.18 04:12:08.938,0.96918,0.96956,1.07,3.82
2015.02.18 04:12:14.087,0.96924,0.9695,1.00,1.10
2015.02.18 04:12:15.408,0.96923,0.9695,1.00,1.10
2015.02.18 04:12:17.365,0.96929,0.9695,1.00,1.10
2015.02.18 04:12:17.995,0.96928,0.9695,1.00,1.10
2015.02.18 04:12:20.212,0.96923,0.9695,1.00,1.10
2015.02.18 04:12:21.514,0.96924,0.9695,1.00,1.10
2015.02.18 04:12:22.345,0.96924,0.96949,1.00,1.50
2015.02.18 04:12:22.614,0.96924,0.96949,1.15,1.50
2015.02.18 04:12:22.816,0.96926,0.96958,1.00,1.27
2015.02.18 04:12:22.917,0.96929,0.96956,1.00,1.15
2015.02.18 04:12:23.118,0.96919,0.96954,1.15,1.15
2015.02.18 04:12:23.320,0.96929,0.96955,1.00,1.65
2015.02.18 04:12:23.639,0.96924,0.9695,1.00,1.00
2015.02.18 04:12:24.295,0.96923,0.96949,1.00,1.00
2015.02.18 04:12:25.254,0.96923,0.9695,1.00,1.00
2015.02.18 04:12:26.660,0.96923,0.96949,1.00,1.00
2015.02.18 04:12:27.369,0.96923,0.9695,1.00,1.00
2015.02.18 04:12:28.540,0.96923,0.96949,1.00,1.00
2015.02.18 04:12:29.691,0.96923,0.9695,1.00,1.00
2015.02.18 04:12:30.058,0.96923,0.96945,1.00,1.00
2015.02.18 04:12:30.159,0.96918,0.96944,1.00,1.17
2015.02.18 04:12:30.209,0.96918,0.96944,1.00,1.15
2015.02.18 04:12:30.360,0.96914,0.96941,1.00,1.15
2015.02.18 04:12:30.566,0.96918,0.96942,1.00,2.02
2015.02.18 04:12:33.320,0.96914,0.96938,1.00,1.10
2015.02.18 04:12:34.087,0.96914,0.96938,1.00,1.95
2015.02.18 04:12:37.526,0.96914,0.96936,1.00,1.00
2015.02.18 04:12:38.036,0.96914,0.96937,1.00,1.12
2015.02.18 04:12:38.606,0.96914,0.96936,1.00,1.00
2015.02.18 04:12:42.455,0.96914,0.96938,1.00,1.20
2015.02.18 04:12:42.979,0.96914,0.96937,1.00,1.00
2015.02.18 04:12:43.497,0.96914,0.96936,1.00,1.00
2015.02.18 04:12:44.013,0.96914,0.96937,1.00,1.00
2015.02.18 04:12:44.944,0.96914,0.96938,1.00,1.20
2015.02.18 04:12:44.995,0.96914,0.96936,1.00,1.00
2015.02.18 04:12:45.353,0.96909,0.96936,1.00,1.00
2015.02.18 04:12:49.596,0.96914,0.96936,1.00,1.00
2015.02.18 04:12:49.953,0.96914,0.96938,1.65,1.00
2015.02.18 04:12:50.054,0.96916,0.96945,1.00,1.37
2015.02.18 04:12:50.155,0.96916,0.96946,1.00,1.00
2015.02.18 04:12:50.206,0.96919,0.96946,1.00,1.00
2015.02.18 04:12:50.257,0.96919,0.96949,1.00,1.65
2015.02.18 04:12:50.408,0.96919,0.96954,1.07,1.90
2015.02.18 04:12:50.510,0.96925,0.96956,1.00,1.52
2015.02.18 04:12:50.560,0.96925,0.96956,1.00,1.00
2015.02.18 04:12:51.080,0.96923,0.96957,1.17,1.20
2015.02.18 04:12:51.791,0.96923,0.96958,1.00,2.70
2015.02.18 04:12:52.404,0.96924,0.96955,1.00,1.15
2015.02.18 04:12:54.014,0.96926,0.96962,1.00,3.45
2015.02.18 04:12:54.556,0.96925,0.96962,1.57,2.32
2015.02.18 04:12:54.817,0.96929,0.96962,1.00,3.07
2015.02.18 04:12:54.974,0.96929,0.96964,1.10,2.40
2015.02.18 04:13:02.640,0.96931,0.96965,1.15,1.65
2015.02.18 04:13:02.690,0.96931,0.96966,1.15,1.52
2015.02.18 04:13:02.791,0.96928,0.96967,2.02,2.40
2015.02.18 04:13:02.993,0.96928,0.96968,1.65,3.52
2015.02.18 04:13:08.483,0.96932,0.96963,1.20,1.00
2015.02.18 04:13:08.890,0.96939,0.96965,1.00,2.02
2015.02.18 04:13:09.564,0.96935,0.96965,1.00,1.27
2015.02.18 04:13:11.873,0.96938,0.96966,1.00,2.02
2015.02.18 04:13:12.412,0.96939,0.96966,1.00,1.52
2015.02.18 04:13:18.128,0.96939,0.96965,1.00,1.57
2015.02.18 04:13:18.483,0.96939,0.96965,1.00,1.57
2015.02.18 04:13:25.621,0.96935,0.96966,1.00,2.02
2015.02.18 04:13:25.835,0.96938,0.96965,1.00,2.02
2015.02.18 04:13:25.986,0.96938,0.96965,1.00,1.65
2015.02.18 04:13:26.037,0.96943,0.96966,1.00,1.15
2015.02.18 04:13:29.535,0.96939,0.96965,1.00,1.27
2015.02.18 04:13:35.212,0.96934,0.96965,1.50,1.27
2015.02.18 04:13:36.721,0.96933,0.96966,1.50,1.52
2015.02.18 04:13:36.833,0.96939,0.96966,1.00,2.02
2015.02.18 04:13:37.838,0.96936,0.96966,1.00,2.02
2015.02.18 04:13:37.939,0.96934,0.96965,1.50,1.55
2015.02.18 04:13:38.040,0.96944,0.96966,1.00,1.15
2015.02.18 04:13:40.934,0.96938,0.96966,1.00,1.27
2015.02.18 04:13:41.452,0.96939,0.96964,1.00,1.20
2015.02.18 04:13:43.816,0.96939,0.96964,1.00,1.12
2015.02.18 04:13:44.939,0.96939,0.96966,1.00,1.20
2015.02.18 04:13:57.273,0.96938,0.96969,1.00,2.02
2015.02.18 04:14:01.380,0.96938,0.96969,1.00,2.40
2015.02.18 04:14:01.682,0.96929,0.96962,1.00,2.02
2015.02.18 04:14:01.783,0.96929,0.96958,1.00,2.70
2015.02.18 04:14:02.094,0.96933,0.96957,1.00,2.02
2015.02.18 04:14:02.698,0.96924,0.96953,1.00,1.15
2015.02.18 04:14:03.246,0.96923,0.96956,1.00,1.65
2015.02.18 04:14:04.678,0.96919,0.96955,1.20,1.90
2015.02.18 04:14:06.438,0.96918,0.96955,1.15,1.52
2015.02.18 04:14:06.876,0.96924,0.96952,1.00,1.27
2015.02.18 04:14:07.279,0.96923,0.9695,1.00,1.00
2015.02.18 04:14:08.259,0.96923,0.96949,1.00,1.00
2015.02.18 04:14:08.604,0.96919,0.9695,1.20,1.00
2015.02.18 04:14:09.854,0.96923,0.96952,1.00,1.27
2015.02.18 04:14:10.394,0.96922,0.96953,1.00,2.02
2015.02.18 04:14:10.920,0.96923,0.96954,1.50,1.27
2015.02.18 04:14:11.774,0.96923,0.96954,1.57,1.12
2015.02.18 04:14:11.931,0.96929,0.96954,1.00,1.12
2015.02.18 04:14:12.124,0.96924,0.96954,1.00,1.12
2015.02.18 04:14:12.387,0.96934,0.96954,1.00,1.12
2015.02.18 04:14:18.393,0.96928,0.96954,1.00,1.00
2015.02.18 04:14:18.901,0.96929,0.96953,1.00,1.00
2015.02.18 04:14:25.103,0.96928,0.96953,1.00,1.00
2015.02.18 04:14:25.873,0.96929,0.96953,1.00,1.00
2015.02.18 04:14:28.033,0.96928,0.96953,1.00,1.37
2015.02.18 04:14:28.714,0.96928,0.96951,1.00,1.00
2015.02.18 04:14:37.732,0.96928,0.96954,1.00,1.52
2015.02.18 04:14:38.902,0.96929,0.96954,1.00,1.52
2015.02.18 04:14:39.411,0.96928,0.96954,1.00,1.15
2015.02.18 04:14:52.818,0.96928,0.96954,1.00,1.10
2015.02.18 04:14:57.607,0.96929,0.96956,1.00,1.55
2015.02.18 04:14:58.127,0.96934,0.96955,1.00,1.07
2015.02.18 04:15:08.498,0.96943,0.9696,1.00,2.32
2015.02.18 04:15:08.549,0.96943,0.96967,1.00,2.40
2015.02.18 04:15:09.095,0.96944,0.96967,1.00,1.65
2015.02.18 04:15:09.599,0.96938,0.96968,1.00,1.52
2015.02.18 04:15:10.322,0.96943,0.96967,1.00,1.27
2015.02.18 04:15:11.863,0.96938,0.96967,1.00,2.02
2015.02.18 04:15:12.671,0.96939,0.96966,1.00,1.65
2015.02.18 04:15:13.403,0.96934,0.96966,1.00,1.15
2015.02.18 04:15:13.655,0.96944,0.96968,1.00,2.02
2015.02.18 04:15:13.841,0.96939,0.96966,1.00,1.15
2015.02.18 04:15:14.105,0.96944,0.96968,1.00,1.27
2015.02.18 04:15:14.884,0.96939,0.96966,1.00,1.27
2015.02.18 04:15:17.621,0.96934,0.96965,1.50,1.52
2015.02.18 04:15:17.823,0.96939,0.96964,1.00,1.55
2015.02.18 04:15:17.928,0.96933,0.96964,1.00,1.55
2015.02.18 04:15:18.079,0.96933,0.96964,1.00,1.55
2015.02.18 04:15:18.180,0.96934,0.96961,1.00,1.00
2015.02.18 04:15:19.601,0.96933,0.96966,1.00,1.90
2015.02.18 04:15:19.803,0.96938,0.96965,1.00,1.52
2015.02.18 04:15:22.044,0.96939,0.96966,1.00,2.02
2015.02.18 04:15:23.887,0.96933,0.96967,1.00,2.77
2015.02.18 04:15:24.088,0.96943,0.96967,1.00,1.65
2015.02.18 04:15:25.653,0.96944,0.96969,1.00,3.82
2015.02.18 04:15:26.553,0.96944,0.96968,1.00,1.20
2015.02.18 04:15:26.805,0.96944,0.96971,1.00,1.00
2015.02.18 04:15:27.368,0.96944,0.96969,1.00,1.15
2015.02.18 04:15:27.419,0.96939,0.96969,3.00,1.15
2015.02.18 04:15:27.621,0.96937,0.96967,1.12,1.15
2015.02.18 04:15:27.831,0.96939,0.96968,1.00,1.15
2015.02.18 04:15:28.389,0.96934,0.96966,1.50,1.20
2015.02.18 04:15:28.857,0.96939,0.96966,1.00,1.20
2015.02.18 04:15:35.637,0.96938,0.96967,1.12,1.65
2015.02.18 04:15:35.944,0.96944,0.9697,1.00,1.17
2015.02.18 04:15:36.831,0.96943,0.9697,1.00,1.17
2015.02.18 04:15:37.367,0.96943,0.9697,1.00,1.15
2015.02.18 04:15:37.418,0.96939,0.96966,1.50,1.10
2015.02.18 04:15:37.830,0.96944,0.96971,1.00,1.15
2015.02.18 04:15:37.881,0.96944,0.96971,1.00,1.17
2015.02.18 04:15:39.152,0.96941,0.96966,1.00,1.00
2015.02.18 04:15:39.581,0.96944,0.96971,1.00,1.17
2015.02.18 04:15:41.121,0.96942,0.96967,1.00,1.00
2015.02.18 04:15:41.671,0.96941,0.96967,1.00,1.00
2015.02.18 04:15:45.301,0.96943,0.96972,1.00,1.15
2015.02.18 04:15:48.610,0.96944,0.9697,1.00,1.07
2015.02.18 04:15:48.863,0.96937,0.96966,1.00,1.15
2015.02.18 04:15:48.964,0.96934,0.96965,1.50,1.17
2015.02.18 04:15:49.065,0.96938,0.96965,1.00,1.17
2015.02.18 04:15:51.141,0.96931,0.96966,1.47,1.65
2015.02.18 04:15:51.653,0.96929,0.96965,2.77,1.17
2015.02.18 04:15:51.992,0.96928,0.96965,1.95,4.20
2015.02.18 04:15:52.165,0.96928,0.96965,1.57,4.20
2015.02.18 04:15:53.882,0.96929,0.9696,1.00,1.07
2015.02.18 04:15:54.134,0.96939,0.9696,1.00,1.07
2015.02.18 04:15:54.910,0.96933,0.96962,1.00,1.15
2015.02.18 04:15:55.112,0.96939,0.96962,1.00,1.15
2015.02.18 04:15:59.420,0.96938,0.96964,1.00,1.15
2015.02.18 04:16:04.370,0.96934,0.96962,1.00,1.15
2015.02.18 04:16:04.873,0.96933,0.9696,1.12,1.07
2015.02.18 04:16:05.409,0.96934,0.9696,1.00,1.07
2015.02.18 04:16:05.562,0.96939,0.96965,1.00,3.82
2015.02.18 04:16:06.871,0.96934,0.96961,1.00,1.17
2015.02.18 04:16:10.316,0.96939,0.96962,1.00,1.15
2015.02.18 04:16:11.379,0.96934,0.96961,1.00,1.17
2015.02.18 04:16:12.463,0.96934,0.96961,1.00,1.50
2015.02.18 04:16:15.099,0.96939,0.96964,1.00,1.15
2015.02.18 04:16:19.411,0.96934,0.96961,1.00,1.00
2015.02.18 04:16:22.410,0.96933,0.96963,1.12,1.55
2015.02.18 04:16:22.612,0.96939,0.96963,1.00,1.17
2015.02.18 04:16:28.648,0.96934,0.96965,1.00,1.27
2015.02.18 04:16:28.749,0.96934,0.96965,1.00,4.95
2015.02.18 04:16:29.120,0.9693,0.96961,1.00,1.27
2015.02.18 04:16:29.170,0.9693,0.96957,1.00,2.32
2015.02.18 04:16:29.324,0.96923,0.96952,1.00,1.17
2015.02.18 04:16:29.790,0.96923,0.96951,1.00,1.47
2015.02.18 04:16:30.340,0.96924,0.96951,1.00,1.47
2015.02.18 04:16:32.021,0.96924,0.96952,1.00,1.55
2015.02.18 04:16:32.530,0.96924,0.96951,1.00,1.20
2015.02.18 04:16:32.631,0.96919,0.96951,1.65,1.20
2015.02.18 04:16:32.851,0.96923,0.9695,1.00,1.00
2015.02.18 04:16:34.117,0.96923,0.9695,1.00,1.37
2015.02.18 04:16:37.297,0.96923,0.96952,1.00,1.55
2015.02.18 04:16:38.368,0.96923,0.96952,1.00,2.40
2015.02.18 04:16:50.247,0.96929,0.96952,1.00,1.65
2015.02.18 04:16:58.339,0.96924,0.96951,1.00,1.17
2015.02.18 04:17:10.564,0.96919,0.96952,1.10,3.15
2015.02.18 04:17:10.615,0.96921,0.96952,1.00,3.15
2015.02.18 04:17:11.042,0.96924,0.96951,1.00,1.17
2015.02.18 04:17:23.858,0.96923,0.96952,1.00,1.15
2015.02.18 04:17:39.589,0.96924,0.96956,1.00,4.57
2015.02.18 04:17:40.107,0.96923,0.96952,1.00,1.52
2015.02.18 04:17:42.559,0.96919,0.96951,1.10,1.17
2015.02.18 04:17:42.811,0.96923,0.96952,1.00,1.27
2015.02.18 04:17:46.320,0.9692,0.96951,1.00,1.17
2015.02.18 04:17:46.577,0.96922,0.96951,1.00,1.17
2015.02.18 04:17:46.940,0.96929,0.96953,1.00,1.27
2015.02.18 04:17:50.411,0.96929,0.96956,1.00,2.25
2015.02.18 04:17:55.110,0.96924,0.96951,1.00,1.00
2015.02.18 04:17:57.879,0.96923,0.96952,1.00,1.00
2015.02.18 04:17:58.427,0.96924,0.96951,1.00,1.00
2015.02.18 04:18:00.269,0.96923,0.96952,1.00,1.12
2015.02.18 04:18:00.553,0.96925,0.96951,1.00,1.00
2015.02.18 04:18:00.854,0.96927,0.96961,1.00,1.52
2015.02.18 04:18:00.905,0.96921,0.96956,1.50,3.07
2015.02.18 04:18:02.146,0.96921,0.96952,1.00,1.15
2015.02.18 04:18:02.448,0.96923,0.96956,1.00,2.70
2015.02.18 04:18:02.700,0.96923,0.96957,1.17,1.52
2015.02.18 04:18:03.564,0.96921,0.96956,1.15,1.55
2015.02.18 04:18:03.615,0.96921,0.96951,1.15,1.00
2015.02.18 04:18:04.127,0.96923,0.96957,1.17,1.65
2015.02.18 04:18:04.690,0.96923,0.96957,1.27,1.90
2015.02.18 04:18:05.254,0.96923,0.96957,1.17,1.90
2015.02.18 04:18:09.592,0.96924,0.96956,1.10,1.65
2015.02.18 04:18:10.985,0.96924,0.96956,1.10,1.92
2015.02.18 04:18:15.893,0.96924,0.96956,1.10,1.55
2015.02.18 04:18:16.879,0.96924,0.96956,1.10,1.55
2015.02.18 04:18:18.616,0.96924,0.96956,1.07,1.47
2015.02.18 04:18:18.984,0.96924,0.96964,1.15,1.90
2015.02.18 04:18:20.368,0.96928,0.9696,1.10,2.40
2015.02.18 04:18:25.168,0.96923,0.96961,1.15,1.90
2015.02.18 04:18:25.809,0.96924,0.96965,1.15,3.82
2015.02.18 04:18:29.399,0.96927,0.96961,1.17,2.40
2015.02.18 04:18:29.450,0.96927,0.96961,1.17,2.02
2015.02.18 04:18:29.501,0.96932,0.96961,1.00,1.52
2015.02.18 04:18:29.551,0.96932,0.96961,1.10,1.00
2015.02.18 04:18:29.602,0.96934,0.96961,1.00,1.00
2015.02.18 04:18:29.653,0.96934,0.96966,1.50,1.27
2015.02.18 04:18:30.057,0.96937,0.96967,1.00,1.52
2015.02.18 04:18:33.160,0.96937,0.96967,1.00,1.12
2015.02.18 04:18:33.690,0.96936,0.96967,1.10,1.12
2015.02.18 04:18:36.717,0.96937,0.96967,1.00,1.12
2015.02.18 04:18:37.239,0.96937,0.96966,1.00,1.00
2015.02.18 04:18:38.020,0.96936,0.96966,1.10,1.00
2015.02.18 04:18:40.171,0.96937,0.96966,1.00,1.00
2015.02.18 04:18:40.897,0.96936,0.96966,1.10,1.00
2015.02.18 04:18:48.864,0.96938,0.96966,1.00,1.12
2015.02.18 04:18:51.517,0.96947,0.96976,1.00,1.20
2015.02.18 04:18:52.021,0.96945,0.96982,1.52,1.65
2015.02.18 04:18:54.717,0.96944,0.96981,1.52,1.52
2015.02.18 04:18:55.192,0.96945,0.96981,1.52,1.52
2015.02.18 04:18:55.293,0.96945,0.96981,1.52,1.52
2015.02.18 04:18:58.328,0.96945,0.96981,1.45,1.52
2015.02.18 04:18:58.378,0.96945,0.96981,1.00,1.52
2015.02.18 04:18:58.787,0.96941,0.96981,2.77,1.90
2015.02.18 04:19:01.080,0.96939,0.96981,2.77,1.90
2015.02.18 04:19:01.488,0.96939,0.96977,2.02,1.55
2015.02.18 04:19:06.247,0.96941,0.96979,1.52,1.65
2015.02.18 04:19:06.352,0.96941,0.96979,1.52,1.52
2015.02.18 04:19:06.961,0.9694,0.96981,1.52,2.40
2015.02.18 04:19:07.474,0.9694,0.96981,1.52,2.40
2015.02.18 04:19:07.996,0.9694,0.96981,2.02,1.90
2015.02.18 04:19:08.781,0.96941,0.9698,1.52,1.90
2015.02.18 04:19:09.919,0.96941,0.96981,2.02,2.40
2015.02.18 04:19:10.521,0.96942,0.9698,1.55,3.15
2015.02.18 04:19:14.269,0.96944,0.96981,1.00,1.65
2015.02.18 04:19:15.412,0.96943,0.96981,1.10,2.40
2015.02.18 04:19:15.513,0.96943,0.96977,1.10,1.17
2015.02.18 04:19:15.865,0.96944,0.96981,1.07,1.65
2015.02.18 04:19:17.672,0.96945,0.96981,1.52,1.65
2015.02.18 04:19:18.439,0.96944,0.96979,1.52,1.20
2015.02.18 04:19:21.048,0.96945,0.96979,1.52,1.47
2015.02.18 04:19:23.303,0.96945,0.9698,1.52,1.65
2015.02.18 04:19:24.107,0.96946,0.96979,1.52,1.10
2015.02.18 04:19:24.309,0.96947,0.9698,1.27,1.07
2015.02.18 04:19:24.360,0.96947,0.96982,1.27,1.00
2015.02.18 04:19:24.952,0.96947,0.96983,1.27,1.20
2015.02.18 04:19:25.512,0.96949,0.96982,1.15,1.00
2015.02.18 04:19:25.918,0.96954,0.96982,1.00,1.50
2015.02.18 04:19:26.514,0.96954,0.96984,1.50,1.17
2015.02.18 04:19:26.830,0.96958,0.96986,1.00,1.45
2015.02.18 04:19:26.880,0.96958,0.96986,1.00,1.37
2015.02.18 04:19:27.031,0.96958,0.96987,1.00,1.00
2015.02.18 04:19:27.551,0.96959,0.96987,1.00,1.00
2015.02.18 04:19:27.703,0.9696,0.96986,1.17,1.00
2015.02.18 04:19:28.677,0.96962,0.96986,1.00,1.00
2015.02.18 04:19:29.642,0.96961,0.96986,1.10,1.00
2015.02.18 04:19:30.657,0.96964,0.96986,1.00,1.00
2015.02.18 04:19:31.786,0.96962,0.96986,1.00,1.00
2015.02.18 04:19:35.068,0.96962,0.96992,1.00,1.12
2015.02.18 04:19:36.657,0.96963,0.96992,1.00,1.00
2015.02.18 04:19:37.436,0.96964,0.96992,1.00,1.00
2015.02.18 04:19:37.974,0.96964,0.96991,1.00,1.12
2015.02.18 04:19:38.535,0.96964,0.96992,1.00,1.12
2015.02.18 04:19:39.154,0.96963,0.96992,1.00,1.12
2015.02.18 04:19:42.636,0.96964,0.96992,1.00,1.00
2015.02.18 04:19:42.939,0.96972,0.96992,1.00,1.00
2015.02.18 04:19:42.990,0.96972,0.96997,1.00,1.57
2015.02.18 04:19:43.041,0.96972,0.96997,1.00,1.00
2015.02.18 04:19:43.142,0.96972,0.97001,1.10,1.00
2015.02.18 04:19:43.192,0.96968,0.96997,1.07,1.00
2015.02.18 04:19:43.243,0.96965,0.96997,1.15,1.00
2015.02.18 04:19:43.394,0.96969,0.96999,1.00,1.12
2015.02.18 04:19:43.646,0.96969,0.97007,1.15,1.52
2015.02.18 04:19:43.848,0.96968,0.96998,1.15,1.00
2015.02.18 04:19:44.050,0.96968,0.96998,1.12,1.10
2015.02.18 04:19:45.802,0.96967,0.97001,2.70,1.15
2015.02.18 04:19:46.418,0.96966,0.97002,1.55,1.27
2015.02.18 04:19:47.107,0.96968,0.97,1.07,1.07
2015.02.18 04:19:47.258,0.96969,0.97006,1.52,2.02
2015.02.18 04:19:47.901,0.96972,0.97006,1.45,1.07
2015.02.18 04:19:47.952,0.96972,0.97006,1.52,1.00
2015.02.18 04:20:06.870,0.96973,0.97007,3.15,1.65
2015.02.18 04:20:06.921,0.96979,0.97007,1.00,1.20
2015.02.18 04:20:07.496,0.9698,0.97007,1.00,1.20
2015.02.18 04:20:08.031,0.96981,0.97007,1.10,1.00
2015.02.18 04:20:08.568,0.96982,0.97007,1.00,1.00
2015.02.18 04:20:09.639,0.96984,0.97011,1.00,1.00
2015.02.18 04:20:09.840,0.96982,0.97007,1.00,1.00
2015.02.18 04:20:10.093,0.96983,0.97012,1.00,1.57
2015.02.18 04:20:10.194,0.96977,0.97012,2.02,1.10
2015.02.18 04:20:10.705,0.96975,0.97012,2.32,1.47
2015.02.18 04:20:11.903,0.96975,0.9701,2.32,1.00
2015.02.18 04:20:12.620,0.96975,0.97012,2.32,1.47
2015.02.18 04:20:13.229,0.96978,0.97009,1.07,1.07
2015.02.18 04:20:13.280,0.96978,0.97009,1.00,1.17
2015.02.18 04:20:13.381,0.96979,0.97001,1.00,1.00
2015.02.18 04:20:13.431,0.96977,0.97001,1.10,1.00
2015.02.18 04:20:13.582,0.96978,0.97007,1.00,1.50
2015.02.18 04:20:14.104,0.96979,0.97007,1.00,1.00
2015.02.18 04:20:20.247,0.96978,0.97007,1.87,1.00
2015.02.18 04:20:20.759,0.96979,0.97006,1.00,1.00
2015.02.18 04:20:32.075,0.96979,0.97006,1.00,3.00
2015.02.18 04:20:32.277,0.96971,0.97003,1.00,1.15
2015.02.18 04:20:32.378,0.9697,0.96997,1.24,1.00
2015.02.18 04:20:32.885,0.9697,0.96996,1.24,1.00
2015.02.18 04:20:33.194,0.96971,0.97001,1.24,1.55
2015.02.18 04:20:33.719,0.9697,0.97002,1.24,1.52
2015.02.18 04:20:34.262,0.96966,0.97002,1.52,2.77
2015.02.18 04:20:46.214,0.96968,0.97001,2.40,1.00
2015.02.18 04:20:50.586,0.96975,0.97001,1.00,1.00
2015.02.18 04:20:51.097,0.96976,0.97002,1.00,1.00
2015.02.18 04:20:51.877,0.96977,0.97002,1.00,1.00
2015.02.18 04:20:56.690,0.96979,0.97006,1.00,1.15
2015.02.18 04:21:06.706,0.96979,0.97006,1.00,1.17
2015.02.18 04:21:07.216,0.96979,0.97006,1.00,1.10
2015.02.18 04:21:10.308,0.96979,0.97006,1.00,1.47
2015.02.18 04:21:10.359,0.96974,0.97006,1.65,1.47
2015.02.18 04:21:10.629,0.96974,0.97005,1.17,1.37
2015.02.18 04:21:11.954,0.96975,0.97006,1.10,1.47
2015.02.18 04:21:13.121,0.96975,0.97006,1.10,1.10
2015.02.18 04:21:20.355,0.96979,0.97006,1.00,1.10
2015.02.18 04:21:27.736,0.96979,0.97006,1.00,1.07
2015.02.18 04:21:38.420,0.96975,0.97007,1.00,1.15
2015.02.18 04:21:38.622,0.96974,0.97002,1.10,1.00
2015.02.18 04:21:39.080,0.96972,0.97001,1.00,1.10
2015.02.18 04:21:39.181,0.96969,0.97001,1.57,1.10
2015.02.18 04:21:39.282,0.96969,0.97001,1.10,1.17
2015.02.18 04:21:39.815,0.96969,0.97001,1.00,1.27
2015.02.18 04:21:39.966,0.9697,0.97001,1.00,1.10
2015.02.18 04:21:40.117,0.96972,0.97001,1.00,1.10
2015.02.18 04:21:41.955,0.96973,0.97001,1.00,1.10
2015.02.18 04:21:45.411,0.96974,0.97001,1.00,1.10
2015.02.18 04:21:45.937,0.96975,0.97006,1.00,1.52
2015.02.18 04:21:45.987,0.96975,0.97006,1.00,1.45
2015.02.18 04:21:48.115,0.96974,0.97006,1.57,1.45
2015.02.18 04:21:48.555,0.96976,0.97006,1.00,1.45
2015.02.18 04:21:49.078,0.96977,0.97007,1.00,1.55
2015.02.18 04:22:04.216,0.96976,0.97006,1.00,1.45
2015.02.18 04:22:04.613,0.96979,0.97006,1.00,1.07
2015.02.18 04:22:05.379,0.96979,0.97006,1.00,1.00
2015.02.18 04:22:18.694,0.9698,0.97006,1.00,1.00
2015.02.18 04:22:18.953,0.96986,0.97016,1.00,1.15
2015.02.18 04:22:19.003,0.96986,0.97016,1.37,1.15
2015.02.18 04:22:19.312,0.96994,0.97019,1.00,2.70
2015.02.18 04:22:19.564,0.96994,0.97019,1.00,1.00
2015.02.18 04:22:20.075,0.96994,0.97021,1.00,1.15
2015.02.18 04:22:38.612,0.96994,0.97021,1.00,1.52
2015.02.18 04:22:38.874,0.96991,0.97016,1.00,1.00
2015.02.18 04:22:46.194,0.96992,0.97016,1.00,1.00
2015.02.18 04:22:49.840,0.96991,0.97016,1.00,1.00
2015.02.18 04:22:52.380,0.96993,0.97016,1.00,1.00
2015.02.18 04:23:04.453,0.96992,0.97016,1.00,1.00
2015.02.18 04:23:20.123,0.96993,0.97022,1.00,1.17
2015.02.18 04:23:37.373,0.96994,0.97021,1.00,1.10
2015.02.18 04:23:50.296,0.96993,0.97022,1.00,1.55
2015.02.18 04:23:51.143,0.96994,0.97024,1.00,1.52
2015.02.18 04:23:51.360,0.96998,0.97024,1.00,1.52
2015.02.18 04:23:55.303,0.96994,0.97021,1.00,1.20
2015.02.18 04:23:56.083,0.96993,0.97022,1.00,1.55
2015.02.18 04:24:01.989,0.96993,0.97022,1.00,1.50
2015.02.18 04:24:02.504,0.96993,0.97022,1.00,1.55
2015.02.18 04:24:08.502,0.96993,0.97022,1.00,2.02
2015.02.18 04:24:09.008,0.96993,0.97022,1.00,2.02
2015.02.18 04:24:09.516,0.96993,0.97022,1.00,1.55
2015.02.18 04:24:09.870,0.96993,0.97022,1.00,1.65
2015.02.18 04:24:15.652,0.96994,0.97021,1.00,1.47
2015.02.18 04:24:21.715,0.96994,0.97021,1.00,1.20
2015.02.18 04:24:28.650,0.96999,0.97023,1.00,1.52
2015.02.18 04:24:28.854,0.96994,0.97021,1.00,1.10
2015.02.18 04:24:29.073,0.96999,0.97025,1.00,1.52
2015.02.18 04:24:30.612,0.96998,0.97026,1.00,2.02
2015.02.18 04:24:31.393,0.96993,0.97023,1.15,1.37
2015.02.18 04:24:31.494,0.96996,0.97025,1.00,1.37
2015.02.18 04:24:31.595,0.96997,0.97027,1.00,1.50
2015.02.18 04:24:31.696,0.96993,0.97027,1.65,1.00
2015.02.18 04:24:32.050,0.96999,0.97027,1.00,1.00
2015.02.18 04:24:32.408,0.96994,0.97028,1.15,1.27
2015.02.18 04:24:32.923,0.96994,0.97029,1.15,1.90
2015.02.18 04:24:33.256,0.96994,0.97027,1.07,1.20
2015.02.18 04:24:33.559,0.96998,0.97027,1.00,1.52
2015.02.18 04:24:34.153,0.96999,0.97026,1.00,1.52
2015.02.18 04:24:39.127,0.96998,0.97025,1.00,1.52
2015.02.18 04:24:39.852,0.96994,0.97021,1.00,1.00
2015.02.18 04:24:42.382,0.96999,0.97026,1.00,2.77
2015.02.18 04:24:43.900,0.96993,0.97022,1.50,1.00
2015.02.18 04:24:46.342,0.96998,0.97026,1.00,2.02
2015.02.18 04:24:53.593,0.96998,0.97026,1.00,1.52
2015.02.18 04:24:53.822,0.96994,0.97021,1.00,1.10
2015.02.18 04:25:02.093,0.96999,0.97024,1.00,1.52
2015.02.18 04:25:03.327,0.96994,0.97027,1.00,2.32
2015.02.18 04:25:03.428,0.96995,0.97028,1.10,1.15
2015.02.18 04:25:03.630,0.97004,0.97029,1.00,1.15
2015.02.18 04:25:06.751,0.97003,0.97032,1.00,2.70
2015.02.18 04:25:06.852,0.97001,0.97026,1.00,1.10
2015.02.18 04:25:07.394,0.97,0.97026,1.00,1.10
2015.02.18 04:25:19.583,0.97003,0.97032,1.00,3.82
2015.02.18 04:25:19.826,0.97,0.97032,1.00,4.57
2015.02.18 04:25:20.128,0.97003,0.97032,1.00,3.82
2015.02.18 04:25:20.381,0.97003,0.97032,1.00,1.55
2015.02.18 04:25:20.934,0.97004,0.97031,1.00,1.45
2015.02.18 04:25:22.885,0.97003,0.9703,1.00,1.20
2015.02.18 04:25:24.247,0.97008,0.97037,1.00,1.90
2015.02.18 04:25:26.453,0.97008,0.97036,1.00,3.45
2015.02.18 04:25:26.654,0.97,0.97032,1.00,2.32
2015.02.18 04:25:27.167,0.96999,0.97026,1.00,1.10
2015.02.18 04:25:30.620,0.96998,0.97027,1.00,1.57
2015.02.18 04:25:35.393,0.96998,0.97029,1.00,3.07
2015.02.18 04:25:35.645,0.96994,0.97026,1.00,1.27
2015.02.18 04:25:35.856,0.96998,0.97027,1.00,3.15
2015.02.18 04:25:36.367,0.96999,0.97026,1.00,1.27
2015.02.18 04:25:37.600,0.96998,0.97027,1.00,3.52
2015.02.18 04:25:39.615,0.96999,0.97026,1.00,1.15
2015.02.18 04:25:43.332,0.96998,0.97027,1.00,3.15
2015.02.18 04:25:48.296,0.96993,0.97022,1.00,1.00
2015.02.18 04:25:55.714,0.96993,0.97022,1.00,1.07
2015.02.18 04:26:04.563,0.9699,0.97022,1.00,1.15
2015.02.18 04:26:04.664,0.96992,0.97021,1.00,1.27
2015.02.18 04:26:05.177,0.96991,0.97022,1.00,2.02
2015.02.18 04:26:09.149,0.96992,0.97022,1.00,1.65
2015.02.18 04:26:12.371,0.96994,0.97021,1.00,1.20
2015.02.18 04:26:19.632,0.96998,0.97026,1.00,2.40
2015.02.18 04:26:22.392,0.96994,0.97026,1.50,1.52
2015.02.18 04:26:25.129,0.96999,0.97027,1.00,1.52
2015.02.18 04:26:27.901,0.96998,0.97028,1.00,4.57
2015.02.18 04:26:30.631,0.96994,0.97027,1.00,1.52
2015.02.18 04:26:37.767,0.96994,0.97026,1.00,2.02
2015.02.18 04:26:57.848,0.96994,0.97027,1.00,2.02
2015.02.18 04:27:15.745,0.96999,0.97027,1.00,2.02
2015.02.18 04:27:18.840,0.96994,0.97027,1.00,2.40
2015.02.18 04:27:19.142,0.96999,0.97028,1.00,3.07
2015.02.18 04:27:24.870,0.96996,0.97028,1.00,3.07
2015.02.18 04:27:24.971,0.96994,0.97027,1.00,1.52
2015.02.18 04:27:33.917,0.96993,0.97027,1.00,3.90
2015.02.18 04:27:34.427,0.96994,0.97026,1.00,1.65
2015.02.18 04:27:38.313,0.96993,0.97022,1.00,1.10
2015.02.18 04:27:39.801,0.96993,0.97022,1.00,1.27
2015.02.18 04:27:42.355,0.96999,0.97026,1.00,5.32
2015.02.18 04:27:45.676,0.96993,0.97022,1.00,1.27
2015.02.18 04:27:46.640,0.96992,0.97016,1.00,1.00
2015.02.18 04:27:46.691,0.96989,0.97016,1.10,1.00
2015.02.18 04:27:46.893,0.96987,0.97012,1.17,1.00
2015.02.18 04:28:00.059,0.96989,0.97017,1.10,1.00
2015.02.18 04:28:01.709,0.96988,0.97017,1.50,1.00
2015.02.18 04:28:03.543,0.96988,0.97017,1.00,1.27
2015.02.18 04:28:03.593,0.96984,0.97012,1.00,1.00
2015.02.18 04:28:03.799,0.96989,0.97016,1.00,1.27
2015.02.18 04:28:04.457,0.96988,0.97016,1.00,1.17
2015.02.18 04:28:04.966,0.96989,0.97016,1.00,1.27
2015.02.18 04:28:06.909,0.96984,0.97016,1.00,2.02
2015.02.18 04:28:07.111,0.96978,0.97016,2.02,1.17
2015.02.18 04:28:07.215,0.96978,0.97015,2.02,1.15
2015.02.18 04:28:08.491,0.9698,0.97016,1.00,2.70
2015.02.18 04:28:09.470,0.96979,0.97016,1.10,2.70
2015.02.18 04:28:10.077,0.9698,0.97016,1.00,2.70
2015.02.18 04:28:10.433,0.96981,0.97017,1.15,2.77
2015.02.18 04:28:10.640,0.96984,0.97017,1.00,1.27
2015.02.18 04:28:11.195,0.96983,0.97021,1.50,4.87
2015.02.18 04:28:15.464,0.96984,0.97021,1.00,5.25
2015.02.18 04:28:17.090,0.96983,0.97021,1.00,5.25
2015.02.18 04:28:24.627,0.96984,0.97021,1.00,6.75
2015.02.18 04:28:50.812,0.96984,0.97021,1.20,2.02
2015.02.18 04:28:55.909,0.96984,0.97017,1.20,2.02
2015.02.18 04:28:56.009,0.96984,0.97015,1.00,1.27
2015.02.18 04:28:56.412,0.96984,0.97011,1.17,1.00
2015.02.18 04:28:56.614,0.96984,0.97018,1.17,1.95
2015.02.18 04:28:58.273,0.96983,0.97017,1.07,1.27
2015.02.18 04:28:58.323,0.96983,0.97017,1.00,1.27
2015.02.18 04:29:04.179,0.96983,0.97017,1.07,1.57
2015.02.18 04:29:04.229,0.96983,0.97018,1.15,1.65
2015.02.18 04:29:04.756,0.96983,0.97017,2.40,1.50
2015.02.18 04:29:07.388,0.96983,0.97018,2.40,1.65
2015.02.18 04:29:08.266,0.96983,0.97017,2.40,1.12
2015.02.18 04:29:09.221,0.96983,0.97018,2.40,1.65
2015.02.18 04:29:09.755,0.96983,0.97017,2.40,1.12
2015.02.18 04:29:10.298,0.96983,0.97018,2.40,1.65
2015.02.18 04:29:10.838,0.96983,0.97017,2.40,1.12
2015.02.18 04:29:17.358,0.96983,0.97018,3.15,1.65
2015.02.18 04:29:18.056,0.96983,0.97017,3.15,1.12
2015.02.18 04:29:23.619,0.96983,0.97018,2.40,1.65
2015.02.18 04:29:25.242,0.96983,0.97017,2.40,1.12
2015.02.18 04:29:25.953,0.96983,0.97018,2.40,1.65
2015.02.18 04:29:27.268,0.96983,0.97017,2.40,1.12
2015.02.18 04:29:29.232,0.96983,0.97018,2.40,1.65
2015.02.18 04:29:30.245,0.96983,0.97017,2.40,1.12
2015.02.18 04:29:30.747,0.96986,0.97022,1.00,2.40
2015.02.18 04:29:31.278,0.96983,0.97022,2.02,3.15
2015.02.18 04:29:37.970,0.96984,0.97021,1.15,1.65
2015.02.18 04:29:39.209,0.96985,0.97022,1.20,2.40
2015.02.18 04:29:39.360,0.96985,0.97018,1.00,2.32
2015.02.18 04:29:39.410,0.96983,0.97018,1.00,3.07
2015.02.18 04:29:39.534,0.96979,0.97018,1.17,7.20
2015.02.18 04:29:59.756,0.96976,0.97013,1.65,1.27
2015.02.18 04:29:59.857,0.96977,0.97012,1.15,1.27
2015.02.18 04:30:10.297,0.96984,0.97016,1.00,2.70
2015.02.18 04:30:10.882,0.96978,0.97016,1.65,2.70
2015.02.18 04:30:12.697,0.9698,0.97016,1.00,2.70
2015.02.18 04:30:13.813,0.96979,0.97016,1.10,3.45
2015.02.18 04:30:13.863,0.96984,0.97016,1.00,3.45
2015.02.18 04:30:14.122,0.96983,0.9702,1.00,3.15
2015.02.18 04:30:16.661,0.96984,0.97021,1.00,3.07
2015.02.18 04:30:28.858,0.96983,0.97021,1.50,2.70
2015.02.18 04:30:30.330,0.96984,0.97021,1.00,2.70
2015.02.18 04:30:31.468,0.96983,0.97021,1.50,2.70
2015.02.18 04:30:31.523,0.96983,0.97021,1.57,2.62
2015.02.18 04:30:31.573,0.96984,0.97022,3.82,2.32
2015.02.18 04:30:31.784,0.96992,0.97022,1.00,1.07
2015.02.18 04:30:32.305,0.96993,0.97022,1.00,1.57
2015.02.18 04:30:32.845,0.96994,0.97021,1.00,1.10
2015.02.18 04:30:33.348,0.96993,0.97026,1.00,1.52
2015.02.18 04:30:33.651,0.96986,0.97022,1.15,1.07
2015.02.18 04:30:33.802,0.96986,0.97022,1.15,1.57
2015.02.18 04:30:33.903,0.96985,0.97022,1.15,1.57
2015.02.18 04:30:36.461,0.96986,0.97022,1.10,1.65
2015.02.18 04:30:38.139,0.96985,0.97012,1.07,1.00
2015.02.18 04:30:42.145,0.96986,0.97011,1.10,1.00
2015.02.18 04:30:46.377,0.96987,0.97011,1.00,1.00
2015.02.18 04:30:49.247,0.96986,0.97011,1.10,1.00
2015.02.18 04:30:51.108,0.96986,0.97012,1.10,1.00
2015.02.18 04:30:51.633,0.96987,0.97012,1.00,1.00
2015.02.18 04:31:01.117,0.96985,0.97012,1.57,1.00
2015.02.18 04:31:11.910,0.96984,0.97011,1.65,1.00
2015.02.18 04:31:13.107,0.96983,0.97012,3.15,1.12
2015.02.18 04:31:18.004,0.96984,0.97012,1.10,1.00
2015.02.18 04:31:23.346,0.96985,0.97012,1.00,1.00
2015.02.18 04:31:27.687,0.96984,0.97012,1.10,1.00
2015.02.18 04:31:29.936,0.96984,0.97011,1.57,1.00
2015.02.18 04:31:31.604,0.96979,0.97007,1.00,1.00
2015.02.18 04:31:31.856,0.96974,0.97011,1.15,2.02
2015.02.18 04:31:32.407,0.96978,0.97012,1.00,1.65
2015.02.18 04:31:32.923,0.96978,0.97013,1.00,2.40
2015.02.18 04:31:39.383,0.96978,0.97012,1.00,2.77
2015.02.18 04:31:39.895,0.96974,0.97012,1.15,4.27
2015.02.18 04:31:51.723,0.96975,0.97012,1.20,3.15
2015.02.18 04:31:53.285,0.96974,0.97012,1.65,1.90
2015.02.18 04:31:53.366,0.96979,0.97012,1.00,1.90
2015.02.18 04:31:54.796,0.96978,0.97012,1.00,3.15
2015.02.18 04:31:55.170,0.96974,0.97011,1.17,1.65
2015.02.18 04:31:55.271,0.96974,0.9701,1.17,1.55
2015.02.18 04:31:57.376,0.96978,0.97012,1.00,3.90
2015.02.18 04:31:57.609,0.96978,0.9701,1.00,1.55
2015.02.18 04:31:57.660,0.96984,0.9701,1.00,3.15
2015.02.18 04:31:58.809,0.96984,0.97012,1.00,1.37
2015.02.18 04:31:58.860,0.96989,0.97017,1.00,3.52
2015.02.18 04:31:59.162,0.96993,0.97022,1.00,4.20
2015.02.18 04:31:59.314,0.96989,0.97016,1.00,1.10
2015.02.18 04:31:59.616,0.96992,0.97016,1.00,1.00
2015.02.18 04:32:02.107,0.96991,0.97016,1.00,1.00
2015.02.18 04:32:10.261,0.96989,0.97016,1.57,1.00
2015.02.18 04:32:10.722,0.96989,0.97016,1.00,1.07
2015.02.18 04:32:11.704,0.96989,0.97016,1.00,1.52
2015.02.18 04:32:11.754,0.96988,0.97017,1.00,1.65
2015.02.18 04:32:11.856,0.96994,0.9702,1.00,3.82
2015.02.18 04:32:13.119,0.96994,0.97018,1.00,2.02
2015.02.18 04:32:13.170,0.96989,0.97014,1.00,1.57
2015.02.18 04:32:13.270,0.96989,0.97012,1.00,1.37
2015.02.18 04:32:13.787,0.96989,0.97014,1.00,1.90
2015.02.18 04:32:14.846,0.96989,0.97017,1.00,5.32
2015.02.18 04:32:14.896,0.96989,0.97017,1.00,2.77
2015.02.18 04:32:15.047,0.96984,0.97013,1.00,1.00
2015.02.18 04:32:15.378,0.96988,0.97017,1.00,2.77
2015.02.18 04:32:16.905,0.96989,0.97016,1.00,1.52
2015.02.18 04:32:25.596,0.96988,0.97017,1.00,1.52
2015.02.18 04:32:27.386,0.96984,0.97018,1.00,3.90
2015.02.18 04:32:27.486,0.96978,0.97017,1.17,3.07
2015.02.18 04:32:27.537,0.96978,0.97017,1.10,3.07
2015.02.18 04:32:28.158,0.96979,0.97015,1.00,1.65
2015.02.18 04:32:30.086,0.96979,0.97017,1.00,5.32
2015.02.18 04:32:30.704,0.96978,0.97017,1.10,4.57
2015.02.18 04:32:32.337,0.96979,0.97017,1.00,3.07
2015.02.18 04:32:41.525,0.96979,0.97015,1.15,1.12
2015.02.18 04:32:41.676,0.9698,0.97016,1.15,1.85
2015.02.18 04:32:41.777,0.96979,0.97016,2.40,1.47
2015.02.18 04:32:46.076,0.96979,0.97016,1.15,1.85
2015.02.18 04:32:46.379,0.96979,0.97016,1.15,3.07
2015.02.18 04:32:49.460,0.96979,0.97016,1.15,1.85
2015.02.18 04:33:01.737,0.96978,0.97017,1.15,3.15
2015.02.18 04:33:02.577,0.96983,0.97017,1.00,1.90
2015.02.18 04:33:03.145,0.96978,0.97017,1.15,3.15
2015.02.18 04:33:05.911,0.96983,0.97018,1.00,3.15
2015.02.18 04:33:06.438,0.96978,0.97017,1.65,2.40
2015.02.18 04:33:09.401,0.96978,0.97016,1.65,1.52
2015.02.18 04:33:16.784,0.96978,0.97016,1.65,1.90
2015.02.18 04:33:24.311,0.96978,0.97012,1.15,1.50
2015.02.18 04:33:24.724,0.96978,0.97013,1.00,1.90
2015.02.18 04:33:24.927,0.96978,0.97009,1.00,1.52
2015.02.18 04:33:25.331,0.96984,0.97011,1.00,1.52
2015.02.18 04:33:25.584,0.96975,0.97009,1.10,1.15
2015.02.18 04:33:26.243,0.96979,0.9701,1.00,1.52
2015.02.18 04:33:26.802,0.96978,0.97011,1.00,1.52
2015.02.18 04:33:27.855,0.96979,0.97011,1.00,1.52
2015.02.18 04:33:30.071,0.96976,0.97013,1.65,2.02
2015.02.18 04:33:30.121,0.96976,0.97016,3.82,1.07
2015.02.18 04:33:30.172,0.96981,0.97017,1.15,1.17
2015.02.18 04:33:30.808,0.96989,0.97021,1.00,1.65
2015.02.18 04:33:34.372,0.96986,0.97022,1.00,2.70
2015.02.18 04:33:34.578,0.96998,0.97018,1.00,1.15
2015.02.18 04:33:34.904,0.96993,0.97018,1.00,1.15
2015.02.18 04:33:43.364,0.96988,0.97016,1.10,1.00
2015.02.18 04:33:43.600,0.96994,0.97016,1.00,1.00
2015.02.18 04:33:43.853,0.96989,0.97016,1.00,1.00
2015.02.18 04:33:43.904,0.96989,0.97022,1.00,3.52
2015.02.18 04:33:44.621,0.96988,0.97022,1.10,2.77
2015.02.18 04:34:00.835,0.96988,0.97022,1.00,1.52
2015.02.18 04:34:01.347,0.96989,0.97021,1.00,1.52
2015.02.18 04:34:03.439,0.96988,0.97022,1.00,2.02
2015.02.18 04:34:04.840,0.96984,0.97021,2.40,1.27
2015.02.18 04:34:07.719,0.96989,0.97022,1.00,1.52
2015.02.18 04:34:07.924,0.96984,0.97022,2.40,2.40
2015.02.18 04:34:08.128,0.96994,0.9702,1.00,1.17
2015.02.18 04:34:08.382,0.9699,0.97021,1.00,2.02
2015.02.18 04:34:08.901,0.96989,0.9702,1.00,1.55
2015.02.18 04:34:09.415,0.96989,0.9702,1.00,2.02
2015.02.18 04:34:10.435,0.96988,0.97017,1.00,1.12
2015.02.18 04:34:11.026,0.96981,0.97017,3.07,1.12
2015.02.18 04:34:12.170,0.96984,0.97021,1.65,1.52
2015.02.18 04:34:13.616,0.96984,0.97016,1.65,1.00
2015.02.18 04:34:13.940,0.96994,0.97021,1.00,1.52
2015.02.18 04:34:20.762,0.96994,0.97021,1.00,1.15
2015.02.18 04:34:22.633,0.96993,0.97022,1.00,1.27
2015.02.18 04:34:23.183,0.96994,0.97021,1.00,1.07
2015.02.18 04:34:30.654,0.96992,0.97025,1.00,1.27
2015.02.18 04:34:30.705,0.97003,0.97035,1.00,1.52
2015.02.18 04:34:30.906,0.97,0.97035,1.00,1.52
2015.02.18 04:34:31.884,0.96999,0.97036,1.57,3.45
2015.02.18 04:34:46.219,0.97004,0.97036,1.00,2.70
2015.02.18 04:34:50.760,0.97004,0.97037,1.00,2.02
2015.02.18 04:34:57.627,0.97004,0.97031,1.50,1.00
2015.02.18 04:35:00.369,0.97004,0.97032,1.00,1.20
2015.02.18 04:35:00.889,0.97004,0.97031,1.50,1.00
2015.02.18 04:35:03.647,0.97005,0.97031,1.00,1.00
2015.02.18 04:35:04.609,0.97006,0.97031,1.00,1.00
2015.02.18 04:35:05.255,0.97004,0.97031,1.50,1.00
2015.02.18 04:35:09.334,0.97006,0.97031,1.00,1.00
2015.02.18 04:35:10.705,0.97006,0.97032,1.00,1.20
2015.02.18 04:35:11.334,0.97005,0.97032,1.00,1.10
2015.02.18 04:35:14.165,0.97004,0.97032,1.10,1.00
2015.02.18 04:35:25.909,0.97004,0.97032,1.07,1.00
2015.02.18 04:35:26.111,0.97007,0.97041,1.07,2.02
2015.02.18 04:35:26.624,0.97009,0.97045,1.00,2.70
2015.02.18 04:35:27.842,0.9701,0.97045,1.00,2.70
2015.02.18 04:35:31.737,0.9701,0.97046,1.07,2.02
2015.02.18 04:35:31.788,0.9701,0.97046,1.15,2.02
2015.02.18 04:35:38.514,0.97013,0.97046,2.32,1.07
2015.02.18 04:35:38.565,0.97013,0.97047,4.50,1.50
2015.02.18 04:35:38.666,0.97014,0.97049,1.15,1.12
2015.02.18 04:35:38.716,0.97021,0.97049,1.00,1.12
2015.02.18 04:35:38.871,0.97021,0.97053,1.00,1.52
2015.02.18 04:35:38.922,0.97018,0.97053,1.27,1.52
2015.02.18 04:35:39.176,0.97018,0.97053,2.02,1.52
2015.02.18 04:35:39.230,0.97018,0.97053,2.02,1.15
2015.02.18 04:35:47.415,0.97015,0.97055,1.52,1.90
2015.02.18 04:35:47.516,0.97017,0.97052,1.15,1.20
2015.02.18 04:35:49.816,0.97016,0.97056,1.15,2.40
2015.02.18 04:35:50.018,0.97016,0.97054,1.15,1.52
2015.02.18 04:35:52.265,0.97016,0.97053,1.15,1.52
2015.02.18 04:35:52.783,0.97017,0.97053,1.15,1.27
2015.02.18 04:35:52.884,0.97017,0.97056,1.15,1.90
2015.02.18 04:35:58.785,0.97017,0.97055,3.07,1.27
2015.02.18 04:35:58.836,0.97017,0.97055,3.07,1.20
2015.02.18 04:35:59.804,0.97022,0.97055,1.07,1.57
2015.02.18 04:36:00.486,0.97019,0.97048,1.15,1.00
2015.02.18 04:36:00.538,0.97019,0.97048,1.00,1.12
2015.02.18 04:36:00.639,0.97019,0.97048,1.00,1.65
2015.02.18 04:36:00.690,0.97014,0.97046,1.00,1.27
2015.02.18 04:36:00.905,0.97018,0.97047,1.00,2.02
2015.02.18 04:36:01.207,0.97018,0.97042,1.00,1.27
2015.02.18 04:36:01.510,0.97019,0.97038,1.00,1.00
2015.02.18 04:36:01.662,0.97009,0.97038,1.00,1.27
2015.02.18 04:36:01.712,0.97009,0.97037,1.00,1.57
2015.02.18 04:36:02.851,0.97009,0.97036,1.17,1.00
2015.02.18 04:36:02.903,0.97014,0.97046,1.00,1.52
2015.02.18 04:36:04.106,0.97007,0.97047,1.52,3.82
2015.02.18 04:36:04.157,0.97009,0.97047,4.50,1.50
2015.02.18 04:36:06.634,0.97012,0.97045,1.15,1.00
2015.02.18 04:36:07.958,0.97018,0.97045,1.00,1.00
2015.02.18 04:36:09.180,0.97018,0.97046,1.00,1.00
2015.02.18 04:36:09.529,0.97024,0.97046,1.00,1.00
2015.02.18 04:36:12.069,0.97024,0.97044,1.00,1.00
2015.02.18 04:36:12.272,0.97024,0.97048,1.00,1.00
2015.02.18 04:36:12.323,0.97019,0.97048,1.17,1.00
2015.02.18 04:36:12.374,0.97019,0.97052,1.17,1.27
2015.02.18 04:36:12.680,0.97024,0.97057,1.00,2.70
2015.02.18 04:36:12.882,0.97024,0.9706,1.00,2.02
2015.02.18 04:36:21.915,0.97021,0.97057,1.15,1.15
2015.02.18 04:36:22.418,0.97019,0.97054,1.15,1.00
2015.02.18 04:36:22.721,0.97019,0.97057,1.17,3.07
2015.02.18 04:36:40.004,0.97018,0.97054,1.12,5.62
2015.02.18 04:36:40.181,0.97016,0.97054,1.00,5.62
2015.02.18 04:36:41.103,0.97015,0.97054,2.40,5.62
2015.02.18 04:36:47.553,0.97016,0.97054,1.00,5.62
2015.02.18 04:36:48.129,0.97017,0.97054,1.07,3.45
2015.02.18 04:36:48.179,0.97017,0.97053,1.15,1.15
2015.02.18 04:36:50.576,0.97021,0.97055,1.50,1.15
2015.02.18 04:37:06.233,0.97021,0.97057,1.57,1.27
2015.02.18 04:37:06.291,0.97021,0.97057,1.65,1.27
2015.02.18 04:37:14.481,0.97027,0.97057,1.00,1.15
2015.02.18 04:37:30.507,0.97028,0.97057,1.00,1.27
2015.02.18 04:37:36.912,0.97028,0.97057,1.10,1.12
2015.02.18 04:37:37.610,0.97028,0.97058,1.07,1.37
2015.02.18 04:37:37.761,0.97031,0.97061,1.10,1.00
2015.02.18 04:37:37.912,0.97031,0.97056,1.10,1.00
2015.02.18 04:37:38.196,0.97035,0.97062,1.00,1.00
2015.02.18 04:37:38.416,0.97037,0.97062,1.00,1.00
2015.02.18 04:37:39.221,0.97039,0.97062,1.00,1.00
2015.02.18 04:37:39.777,0.9704,0.97062,1.00,1.00
2015.02.18 04:37:40.525,0.97042,0.97062,1.00,1.00
2015.02.18 04:37:41.404,0.97041,0.97062,1.00,1.00
2015.02.18 04:37:41.982,0.97043,0.97062,1.00,1.00
2015.02.18 04:37:43.488,0.9704,0.97062,1.00,1.00
2015.02.18 04:37:45.610,0.97044,0.97062,1.00,1.00
2015.02.18 04:37:46.442,0.97045,0.97062,1.00,1.00
2015.02.18 04:37:46.594,0.97044,0.97069,1.00,1.17
2015.02.18 04:37:46.695,0.97041,0.97069,1.00,1.17
2015.02.18 04:37:47.202,0.9704,0.97069,1.00,1.17
2015.02.18 04:37:47.303,0.97036,0.97066,1.10,1.00
2015.02.18 04:37:47.614,0.97037,0.97064,1.00,1.00
2015.02.18 04:37:47.715,0.97037,0.97068,1.00,1.57
2015.02.18 04:37:47.922,0.97037,0.97065,1.00,1.00
2015.02.18 04:37:48.358,0.97037,0.97071,1.00,2.02
2015.02.18 04:37:48.661,0.97035,0.97065,1.07,1.00
2015.02.18 04:37:48.862,0.97037,0.97067,1.00,1.10
2015.02.18 04:37:49.064,0.97037,0.97065,1.00,1.00
2015.02.18 04:37:49.165,0.97037,0.97067,1.00,1.20
2015.02.18 04:37:50.433,0.97041,0.97067,1.00,1.20
2015.02.18 04:37:50.780,0.97041,0.97062,1.00,1.00
2015.02.18 04:37:51.289,0.97042,0.97062,1.00,1.00
2015.02.18 04:37:51.440,0.9704,0.97062,1.00,1.00
2015.02.18 04:37:51.980,0.97038,0.97062,1.00,1.00
2015.02.18 04:37:52.508,0.97037,0.97061,1.00,1.00
2015.02.18 04:37:53.422,0.97037,0.97056,1.00,1.00
2015.02.18 04:37:53.574,0.97033,0.97056,1.00,1.00
2015.02.18 04:37:53.825,0.97031,0.97056,1.00,1.00
2015.02.18 04:37:59.311,0.9703,0.97056,1.00,1.00
2015.02.18 04:38:06.583,0.97031,0.97056,1.00,1.00
2015.02.18 04:38:08.484,0.97029,0.97056,1.00,1.00
2015.02.18 04:38:09.044,0.9703,0.97056,1.00,1.00
2015.02.18 04:38:11.636,0.97029,0.97057,1.00,1.20
2015.02.18 04:38:13.883,0.97029,0.97056,1.00,1.00
2015.02.18 04:38:20.015,0.97031,0.97056,1.00,1.00
2015.02.18 04:38:22.001,0.9703,0.97056,1.00,1.00
2015.02.18 04:38:22.551,0.9703,0.97057,1.00,1.12
2015.02.18 04:38:23.102,0.97031,0.97057,1.00,1.00
2015.02.18 04:38:23.651,0.97031,0.97056,1.00,1.00
2015.02.18 04:38:30.955,0.9703,0.97056,1.00,1.00
2015.02.18 04:38:38.060,0.97032,0.97056,1.00,1.00
2015.02.18 04:38:39.487,0.9703,0.97056,1.00,1.00
2015.02.18 04:38:53.799,0.97029,0.97056,1.00,1.00
2015.02.18 04:38:54.001,0.97031,0.97056,1.00,1.10
2015.02.18 04:38:54.688,0.9703,0.97056,1.00,1.10
2015.02.18 04:38:55.199,0.97031,0.97056,1.00,1.10
2015.02.18 04:39:00.002,0.97031,0.97057,1.00,1.10
2015.02.18 04:39:00.254,0.97034,0.97062,1.00,1.20
2015.02.18 04:39:00.406,0.97037,0.97061,1.00,1.10
2015.02.18 04:39:00.607,0.97037,0.97067,1.00,2.02
2015.02.18 04:39:00.658,0.97037,0.97067,1.00,2.02
2015.02.18 04:39:00.809,0.97037,0.97062,1.00,1.00
2015.02.18 04:39:01.112,0.9704,0.97062,1.00,1.00
2015.02.18 04:39:05.041,0.97039,0.97062,1.00,1.00
2015.02.18 04:39:05.550,0.9704,0.97062,1.00,1.00
2015.02.18 04:39:09.330,0.97038,0.97062,1.00,1.00
2015.02.18 04:39:16.040,0.97039,0.97062,1.00,1.00
2015.02.18 04:39:16.296,0.97036,0.97062,1.00,1.00
2015.02.18 04:39:16.598,0.97036,0.9706,1.00,1.00
2015.02.18 04:39:17.263,0.97036,0.97061,1.00,1.00
2015.02.18 04:39:25.208,0.97039,0.97061,1.00,1.00
2015.02.18 04:39:31.155,0.97037,0.97061,1.00,1.00
2015.02.18 04:39:46.611,0.9704,0.97061,1.00,1.00
2015.02.18 04:39:48.409,0.97041,0.97061,1.00,1.00
2015.02.18 04:39:48.920,0.9704,0.97062,1.00,1.00
2015.02.18 04:39:50.103,0.97035,0.97062,1.20,1.00
2015.02.18 04:39:50.401,0.9704,0.97062,1.00,1.00
2015.02.18 04:39:51.500,0.97041,0.97062,1.00,1.00
2015.02.18 04:39:52.487,0.97042,0.97062,1.00,1.00
2015.02.18 04:39:52.990,0.97042,0.97066,1.00,1.15
2015.02.18 04:39:53.527,0.97041,0.97062,1.00,1.00
2015.02.18 04:39:56.228,0.97039,0.97062,1.00,1.00
2015.02.18 04:40:00.504,0.9704,0.97062,1.00,1.00
2015.02.18 04:40:01.080,0.9704,0.97061,1.00,1.00
2015.02.18 04:40:01.628,0.97039,0.97061,1.00,1.00
2015.02.18 04:40:04.269,0.97039,0.97062,1.00,1.00
2015.02.18 04:40:05.810,0.97039,0.97061,1.00,1.00
2015.02.18 04:40:06.359,0.97039,0.97062,1.00,1.00
2015.02.18 04:40:13.640,0.97039,0.97067,1.00,2.02
2015.02.18 04:40:13.691,0.97034,0.97067,2.40,2.02
2015.02.18 04:40:14.266,0.97033,0.97064,1.15,1.00
2015.02.18 04:40:15.505,0.97033,0.97065,1.15,1.00
2015.02.18 04:40:17.237,0.97033,0.97064,1.15,1.00
2015.02.18 04:40:17.756,0.97033,0.97065,1.15,1.00
2015.02.18 04:40:18.267,0.97033,0.97066,1.15,1.87
2015.02.18 04:40:18.783,0.97033,0.97065,1.15,1.00
2015.02.18 04:40:19.450,0.97033,0.97066,1.15,1.87
2015.02.18 04:40:20.771,0.97033,0.97067,1.15,1.20
2015.02.18 04:40:21.370,0.97033,0.97066,2.40,1.00
2015.02.18 04:40:21.904,0.97033,0.97069,1.15,1.90
2015.02.18 04:40:22.589,0.97038,0.97069,1.00,1.65
2015.02.18 04:40:22.903,0.97037,0.97062,1.00,1.00
2015.02.18 04:40:23.260,0.97039,0.97062,1.00,1.00
2015.02.18 04:40:25.785,0.97037,0.97062,1.00,1.00
2015.02.18 04:40:34.079,0.97037,0.97061,1.00,1.07
2015.02.18 04:40:34.180,0.97031,0.97061,1.00,1.15
2015.02.18 04:40:34.684,0.9703,0.9706,1.00,1.15
2015.02.18 04:40:34.835,0.97032,0.9706,1.00,1.15
2015.02.18 04:40:34.936,0.97035,0.97061,1.00,1.10
2015.02.18 04:40:35.037,0.97037,0.97061,1.00,1.10
2015.02.18 04:40:35.138,0.97033,0.97066,1.00,1.52
2015.02.18 04:40:39.187,0.97037,0.97067,1.00,3.07
2015.02.18 04:40:41.399,0.97036,0.97061,1.00,1.10
2015.02.18 04:40:41.994,0.97038,0.97061,1.00,1.10
2015.02.18 04:40:44.119,0.97038,0.97062,1.00,1.00
2015.02.18 04:40:45.362,0.97033,0.9707,1.15,1.27
2015.02.18 04:40:49.699,0.97036,0.97072,1.00,4.57
2015.02.18 04:40:52.504,0.97035,0.97072,1.10,4.20
2015.02.18 04:40:53.168,0.97037,0.97072,1.00,3.82
2015.02.18 04:40:54.344,0.97037,0.97071,1.07,1.17
2015.02.18 04:40:54.395,0.97037,0.97071,1.15,1.20
2015.02.18 04:40:55.144,0.97036,0.9707,1.15,1.00
2015.02.18 04:40:55.961,0.97036,0.97071,1.15,1.65
2015.02.18 04:41:00.970,0.97041,0.97074,1.00,3.15
2015.02.18 04:41:01.282,0.97041,0.97061,1.00,1.00
2015.02.18 04:41:01.792,0.9704,0.97061,1.00,1.00
2015.02.18 04:41:04.386,0.9704,0.97062,1.00,1.00
2015.02.18 04:41:04.912,0.9704,0.97061,1.00,1.00
2015.02.18 04:41:11.290,0.97038,0.97066,1.20,1.00
2015.02.18 04:41:11.391,0.97041,0.97066,1.00,1.00
2015.02.18 04:41:12.166,0.97041,0.97067,1.00,1.00
2015.02.18 04:41:13.030,0.97042,0.97067,1.00,1.00
2015.02.18 04:41:13.483,0.97045,0.97066,1.00,1.00
2015.02.18 04:41:13.989,0.97046,0.97066,1.00,1.00
2015.02.18 04:41:14.600,0.97046,0.97067,1.00,1.00
2015.02.18 04:41:15.124,0.97048,0.97066,1.00,1.00
2015.02.18 04:41:15.175,0.97048,0.97071,1.00,1.00
2015.02.18 04:41:15.729,0.97048,0.97072,1.00,1.00
2015.02.18 04:41:16.803,0.97047,0.97072,1.00,1.00
2015.02.18 04:41:23.180,0.97046,0.97072,1.00,1.10
2015.02.18 04:41:24.583,0.97046,0.97072,1.00,1.17
2015.02.18 04:41:25.277,0.97045,0.97072,1.00,1.17
2015.02.18 04:41:25.834,0.97042,0.97072,1.00,1.17
2015.02.18 04:41:26.137,0.97038,0.97069,1.57,1.07
2015.02.18 04:41:26.238,0.97037,0.97068,1.37,1.15
2015.02.18 04:41:26.741,0.97037,0.97067,1.00,1.17
2015.02.18 04:41:27.059,0.97037,0.97067,1.00,1.15
2015.02.18 04:41:27.674,0.97036,0.97066,1.00,1.65
2015.02.18 04:41:39.647,0.97036,0.97066,1.00,1.00
2015.02.18 04:41:39.697,0.9704,0.9707,1.00,1.27
2015.02.18 04:41:39.999,0.97038,0.97069,1.00,1.15
2015.02.18 04:41:40.151,0.97038,0.97067,1.00,1.07
2015.02.18 04:41:41.117,0.97038,0.97069,1.00,1.65
2015.02.18 04:41:41.168,0.97038,0.97069,1.00,1.65
2015.02.18 04:41:41.219,0.97042,0.97072,1.00,1.27
2015.02.18 04:41:41.420,0.9704,0.97071,1.00,1.15
2015.02.18 04:41:41.924,0.97039,0.97067,1.00,1.00
2015.02.18 04:41:42.469,0.97039,0.97066,1.00,1.00
2015.02.18 04:41:48.251,0.97038,0.97066,1.00,1.00
2015.02.18 04:41:48.319,0.97038,0.97066,1.00,1.07
2015.02.18 04:41:51.103,0.97035,0.97065,1.00,1.07
2015.02.18 04:41:51.858,0.97034,0.97063,1.00,1.00
2015.02.18 04:41:51.959,0.97029,0.97063,1.07,1.07
2015.02.18 04:41:52.009,0.97029,0.97063,1.00,1.15
2015.02.18 04:41:52.362,0.97025,0.97056,1.15,1.00
2015.02.18 04:41:52.677,0.97028,0.97059,1.00,1.17
2015.02.18 04:42:04.655,0.97025,0.97057,1.15,1.00
2015.02.18 04:42:13.148,0.97024,0.97056,1.65,1.00
2015.02.18 04:42:14.778,0.97029,0.97058,1.00,1.15
2015.02.18 04:42:14.879,0.97024,0.9706,1.65,1.15
2015.02.18 04:42:15.332,0.97028,0.97058,1.00,1.52
2015.02.18 04:42:16.418,0.97028,0.97056,1.00,1.00
2015.02.18 04:42:16.720,0.97023,0.97053,1.00,1.15
2015.02.18 04:42:17.805,0.97024,0.97054,1.00,1.15
2015.02.18 04:42:17.922,0.97024,0.97054,1.00,1.07
2015.02.18 04:42:19.397,0.97023,0.97055,1.00,1.17
2015.02.18 04:42:19.600,0.97028,0.97054,1.00,1.07
2015.02.18 04:42:27.077,0.97025,0.97056,1.00,1.65
2015.02.18 04:42:27.178,0.97023,0.97055,1.00,1.17
2015.02.18 04:42:27.715,0.97024,0.97055,1.00,1.17
2015.02.18 04:42:28.867,0.97025,0.97056,1.00,1.65
2015.02.18 04:42:34.688,0.97026,0.97057,1.00,2.40
2015.02.18 04:42:35.118,0.97028,0.97057,1.00,1.27
2015.02.18 04:42:35.320,0.97028,0.97059,1.00,1.52
2015.02.18 04:42:35.828,0.97029,0.97059,1.00,1.52
2015.02.18 04:42:36.445,0.97029,0.97059,1.00,1.15
2015.02.18 04:42:39.961,0.97028,0.97059,1.00,1.65
2015.02.18 04:42:46.254,0.97028,0.97059,1.00,1.52
2015.02.18 04:42:47.769,0.97028,0.97059,1.00,1.52
2015.02.18 04:42:48.456,0.97028,0.97059,1.00,1.52
2015.02.18 04:42:48.992,0.97028,0.97059,1.00,1.52
2015.02.18 04:42:49.627,0.97028,0.97059,1.00,1.52
2015.02.18 04:42:50.295,0.97028,0.97059,1.00,1.52
2015.02.18 04:42:51.426,0.97028,0.97059,1.00,1.52
2015.02.18 04:42:51.974,0.97028,0.97059,1.00,1.15
2015.02.18 04:42:54.911,0.97026,0.97061,1.00,1.27
2015.02.18 04:42:55.113,0.97028,0.97062,1.00,2.02
2015.02.18 04:42:55.778,0.97028,0.9706,1.00,1.15
2015.02.18 04:42:56.561,0.97028,0.9706,1.00,1.15
2015.02.18 04:43:01.562,0.97029,0.9706,1.00,1.15
2015.02.18 04:43:02.109,0.9703,0.9706,1.00,1.15
2015.02.18 04:43:06.077,0.97034,0.9706,1.00,1.15
2015.02.18 04:43:06.127,0.97034,0.9706,1.00,1.07
2015.02.18 04:43:06.178,0.9703,0.97061,1.00,1.17
2015.02.18 04:43:06.279,0.9703,0.97063,1.07,1.17
2015.02.18 04:43:07.052,0.9703,0.97063,1.15,1.10
2015.02.18 04:43:07.103,0.97036,0.97066,1.00,1.15
2015.02.18 04:43:07.673,0.97037,0.97066,1.00,1.15
2015.02.18 04:43:07.977,0.97039,0.97066,1.00,1.15
2015.02.18 04:43:08.945,0.97038,0.97066,1.00,1.15
2015.02.18 04:43:10.391,0.97039,0.97066,1.00,1.15
2015.02.18 04:43:16.616,0.9704,0.97066,1.00,1.15
2015.02.18 04:43:20.469,0.9704,0.97067,1.00,1.10
2015.02.18 04:43:20.922,0.97039,0.97067,1.00,1.15
2015.02.18 04:43:21.038,0.97037,0.97067,1.00,1.15
2015.02.18 04:43:21.705,0.97039,0.97067,1.00,1.65
2015.02.18 04:43:21.755,0.97039,0.97067,1.00,1.57
2015.02.18 04:43:21.856,0.97043,0.97069,1.00,1.17
2015.02.18 04:43:22.359,0.97044,0.97071,1.00,1.65
2015.02.18 04:43:22.510,0.97042,0.97072,1.00,2.40
2015.02.18 04:43:22.561,0.9704,0.97071,1.00,1.15
2015.02.18 04:43:23.105,0.9704,0.97066,1.00,1.00
2015.02.18 04:43:28.636,0.9704,0.97067,1.00,1.00
2015.02.18 04:43:29.303,0.97042,0.97067,1.00,1.00
2015.02.18 04:43:37.375,0.97044,0.97071,1.00,1.10
2015.02.18 04:43:38.488,0.97042,0.97066,1.00,1.00
2015.02.18 04:43:49.653,0.97044,0.97072,1.00,1.20
2015.02.18 04:43:50.156,0.97044,0.97071,1.00,1.00
2015.02.18 04:43:55.257,0.97042,0.97071,1.00,1.00
2015.02.18 04:43:55.366,0.97042,0.97066,1.00,1.00
2015.02.18 04:44:03.376,0.9704,0.97066,1.00,1.00
2015.02.18 04:44:05.248,0.97039,0.97066,1.57,1.00
2015.02.18 04:44:10.673,0.9704,0.97066,1.00,1.00
2015.02.18 04:44:11.541,0.97041,0.97066,1.00,1.00
2015.02.18 04:44:13.756,0.9704,0.97066,1.00,1.00
2015.02.18 04:44:14.372,0.97039,0.97066,1.50,1.00
2015.02.18 04:44:17.370,0.97043,0.97071,1.00,1.15
2015.02.18 04:44:18.552,0.97041,0.97072,1.00,1.15
2015.02.18 04:44:19.534,0.97042,0.97072,1.00,1.15
2015.02.18 04:44:19.840,0.97042,0.97072,1.00,1.00
2015.02.18 04:44:20.373,0.97042,0.97071,1.00,1.00
2015.02.18 04:44:23.164,0.97045,0.97071,1.00,1.00
2015.02.18 04:44:24.595,0.97044,0.97071,1.00,1.00
2015.02.18 04:44:25.773,0.97049,0.97076,1.00,1.15
2015.02.18 04:44:27.105,0.97044,0.97071,1.00,1.17
2015.02.18 04:44:27.630,0.97043,0.97072,1.00,2.40
2015.02.18 04:44:27.835,0.97039,0.97067,1.00,1.00
2015.02.18 04:44:28.445,0.97037,0.97067,1.10,1.00
2015.02.18 04:44:28.969,0.97036,0.97066,1.17,1.00
2015.02.18 04:44:29.515,0.97037,0.97067,1.10,1.00
2015.02.18 04:44:29.574,0.97039,0.97066,1.00,1.00
2015.02.18 04:44:32.124,0.97044,0.97071,1.00,1.17
2015.02.18 04:44:45.414,0.97046,0.97072,1.00,1.00
2015.02.18 04:44:45.763,0.97049,0.97076,1.00,1.15
2015.02.18 04:44:47.348,0.97049,0.97075,1.00,2.32
2015.02.18 04:44:47.398,0.97046,0.97074,1.00,4.20
2015.02.18 04:44:47.499,0.97043,0.97073,1.00,2.77
2015.02.18 04:44:47.651,0.97041,0.97072,1.00,1.57
2015.02.18 04:44:47.701,0.97045,0.97072,1.00,1.50
2015.02.18 04:44:48.212,0.97045,0.97071,1.00,1.00
2015.02.18 04:44:48.738,0.97044,0.97071,1.50,1.00
2015.02.18 04:44:54.240,0.97049,0.97076,1.00,1.15
2015.02.18 04:44:54.694,0.97043,0.97072,1.00,1.07
2015.02.18 04:44:54.745,0.97043,0.97071,1.00,1.15
2015.02.18 04:44:55.249,0.97044,0.97072,1.00,2.70
2015.02.18 04:44:55.350,0.97048,0.97072,1.00,1.07
2015.02.18 04:44:55.655,0.9704,0.97071,1.10,1.10
2015.02.18 04:44:55.705,0.9704,0.97071,1.00,1.15
2015.02.18 04:44:56.115,0.9704,0.97071,1.00,1.00
2015.02.18 04:44:56.165,0.97042,0.97072,1.00,1.27
2015.02.18 04:44:56.669,0.97043,0.97072,1.00,1.20
2015.02.18 04:44:56.824,0.97041,0.97072,1.00,1.20
2015.02.18 04:44:57.923,0.97044,0.97072,1.00,1.20
2015.02.18 04:44:59.182,0.97043,0.97071,1.00,1.00
2015.02.18 04:44:59.283,0.97041,0.97071,1.00,1.00
2015.02.18 04:45:00.481,0.97043,0.97072,1.00,1.65
2015.02.18 04:45:00.999,0.97042,0.97072,1.00,1.27
2015.02.18 04:45:04.805,0.97043,0.97073,1.00,1.52
2015.02.18 04:45:13.365,0.97044,0.97074,1.00,1.15
2015.02.18 04:45:13.466,0.97045,0.97076,1.00,1.20
2015.02.18 04:45:13.574,0.97049,0.97076,1.00,1.20
2015.02.18 04:45:16.901,0.97045,0.97077,1.00,1.65
2015.02.18 04:45:17.002,0.97043,0.97076,1.65,1.20
2015.02.18 04:45:17.354,0.97043,0.97072,1.20,1.00
2015.02.18 04:45:17.556,0.97044,0.97076,1.00,2.02
2015.02.18 04:45:18.146,0.97044,0.97075,1.50,1.00
2015.02.18 04:45:18.681,0.97048,0.97077,1.00,2.02
2015.02.18 04:45:21.363,0.97045,0.97077,1.00,1.65
2015.02.18 04:45:21.888,0.97044,0.97075,1.50,1.50
2015.02.18 04:45:22.950,0.97045,0.97075,1.00,1.50
2015.02.18 04:45:23.051,0.97048,0.97075,1.00,1.00
2015.02.18 04:45:23.557,0.97048,0.97076,1.00,1.20
2015.02.18 04:45:26.191,0.97046,0.97076,1.00,1.65
2015.02.18 04:45:26.693,0.97045,0.97075,1.00,1.00
2015.02.18 04:45:27.973,0.97045,0.97074,1.00,1.00
2015.02.18 04:45:28.479,0.97044,0.97074,1.50,1.50
2015.02.18 04:45:30.943,0.97046,0.97075,1.00,1.00
2015.02.18 04:45:31.374,0.97049,0.97076,1.00,1.65
2015.02.18 04:45:33.813,0.97046,0.97076,1.00,1.20
2015.02.18 04:45:34.819,0.97045,0.97075,1.00,1.00
2015.02.18 04:45:35.389,0.97044,0.97075,1.00,1.00
2015.02.18 04:45:35.846,0.97044,0.97075,1.00,1.07
2015.02.18 04:45:36.153,0.97044,0.97075,1.00,1.15
2015.02.18 04:45:37.234,0.97044,0.97075,1.10,1.10
2015.02.18 04:45:39.602,0.97045,0.97076,1.00,1.07
2015.02.18 04:45:43.629,0.97046,0.97076,1.00,1.07
2015.02.18 04:45:43.967,0.97044,0.97076,1.57,1.07
2015.02.18 04:45:46.014,0.97045,0.97076,1.00,1.57
2015.02.18 04:45:47.114,0.97047,0.97077,1.00,2.02
2015.02.18 04:45:48.164,0.97048,0.97077,1.00,1.17
2015.02.18 04:45:50.093,0.97049,0.97076,1.00,1.07
2015.02.18 04:45:50.717,0.97048,0.97077,1.50,1.17
2015.02.18 04:45:51.232,0.97049,0.97077,1.00,1.17
2015.02.18 04:45:53.138,0.97048,0.97077,1.00,1.17
2015.02.18 04:45:54.384,0.97054,0.97079,1.00,1.15
2015.02.18 04:45:57.353,0.97049,0.97076,1.00,1.07
2015.02.18 04:45:57.961,0.97049,0.97076,1.00,1.10
2015.02.18 04:46:01.895,0.97048,0.97077,1.50,1.17
2015.02.18 04:46:02.197,0.97045,0.97077,1.10,1.17
2015.02.18 04:46:02.298,0.97045,0.97077,1.00,1.15
2015.02.18 04:46:04.822,0.97047,0.97076,1.00,1.15
2015.02.18 04:46:08.106,0.97047,0.97076,1.00,1.10
2015.02.18 04:46:10.579,0.97049,0.97078,1.00,1.17
2015.02.18 04:46:18.802,0.97045,0.97077,1.10,1.57
2015.02.18 04:46:20.033,0.97046,0.97077,1.00,1.07
2015.02.18 04:46:20.084,0.97054,0.9708,1.00,1.15
2015.02.18 04:46:20.742,0.97053,0.97079,1.00,1.15
2015.02.18 04:46:22.235,0.97054,0.97079,1.00,1.65
2015.02.18 04:46:43.152,0.97053,0.97082,1.00,3.07
2015.02.18 04:46:43.203,0.97053,0.97082,1.00,1.17
2015.02.18 04:46:44.381,0.97054,0.97084,1.00,1.15
2015.02.18 04:47:03.764,0.97054,0.97085,1.00,1.15
2015.02.18 04:47:04.310,0.97054,0.97085,1.00,1.15
2015.02.18 04:47:10.623,0.97053,0.97085,1.00,1.15
2015.02.18 04:47:23.616,0.97054,0.97085,1.00,1.15
2015.02.18 04:47:23.868,0.97059,0.97085,1.00,1.17
2015.02.18 04:47:36.599,0.97054,0.97085,1.00,1.17
2015.02.18 04:47:43.624,0.97058,0.97085,1.00,1.17
2015.02.18 04:47:49.596,0.97059,0.97085,1.00,1.17
2015.02.18 04:47:53.952,0.97053,0.97086,1.00,1.65
2015.02.18 04:47:56.663,0.97053,0.97081,1.00,1.00
2015.02.18 04:47:57.382,0.97053,0.9708,1.00,1.00
2015.02.18 04:47:58.035,0.97053,0.97081,1.00,1.50
2015.02.18 04:47:59.609,0.97053,0.9708,1.00,1.00
2015.02.18 04:48:00.411,0.97053,0.97081,1.00,1.50
2015.02.18 04:48:01.341,0.97053,0.9708,1.00,1.00
2015.02.18 04:48:02.392,0.97053,0.97085,1.00,1.65
2015.02.18 04:48:08.086,0.97059,0.97087,1.00,1.15
2015.02.18 04:48:08.940,0.97058,0.97086,1.00,1.15
2015.02.18 04:48:09.490,0.97059,0.97086,1.00,1.15
2015.02.18 04:48:10.935,0.97054,0.97087,1.15,1.50
2015.02.18 04:48:11.161,0.97059,0.97089,1.00,1.95
2015.02.18 04:48:14.553,0.97059,0.97086,1.00,1.00
2015.02.18 04:48:16.012,0.97059,0.97087,1.00,1.00
2015.02.18 04:48:16.551,0.97059,0.97088,1.00,1.10
2015.02.18 04:48:17.458,0.97059,0.97087,1.00,1.00
2015.02.18 04:48:17.962,0.97059,0.97088,1.00,1.10
2015.02.18 04:48:19.300,0.97059,0.97087,1.00,1.00
2015.02.18 04:48:21.198,0.97059,0.97087,1.00,1.07
2015.02.18 04:48:21.390,0.97053,0.97087,1.00,1.65
2015.02.18 04:48:21.592,0.97059,0.97089,1.00,3.15
2015.02.18 04:48:21.643,0.97059,0.97089,1.00,3.15
2015.02.18 04:48:21.744,0.97059,0.97089,1.00,1.65
2015.02.18 04:48:29.637,0.97053,0.97088,1.00,1.65
2015.02.18 04:48:29.850,0.97059,0.97088,1.00,1.52
2015.02.18 04:48:30.410,0.97054,0.97088,1.00,1.65
2015.02.18 04:48:30.623,0.97058,0.97089,1.00,1.15
2015.02.18 04:48:41.750,0.97058,0.97086,1.00,1.17
2015.02.18 04:48:42.800,0.97058,0.97087,1.00,3.15
2015.02.18 04:48:51.183,0.97058,0.97089,1.00,3.52
2015.02.18 04:48:51.385,0.97063,0.97089,1.00,1.00
2015.02.18 04:48:51.435,0.97063,0.97096,1.00,1.52
2015.02.18 04:48:51.601,0.97059,0.97096,1.00,2.02
2015.02.18 04:48:51.854,0.97064,0.97096,1.00,1.15
2015.02.18 04:48:52.740,0.97063,0.97097,1.00,7.12
2015.02.18 04:48:56.332,0.97064,0.97096,1.00,1.15
2015.02.18 04:48:58.678,0.97063,0.97097,1.00,5.25
2015.02.18 04:48:59.593,0.97063,0.97097,1.10,2.40
2015.02.18 04:49:00.080,0.97069,0.97097,1.00,1.27
2015.02.18 04:49:03.369,0.97068,0.97097,1.00,1.27
2015.02.18 04:49:03.920,0.97069,0.97097,1.00,1.27
2015.02.18 04:49:06.929,0.97068,0.97097,1.00,1.52
2015.02.18 04:49:15.814,0.97069,0.97097,1.00,1.52
2015.02.18 04:49:15.915,0.97069,0.97097,1.00,1.07
2015.02.18 04:49:16.117,0.97069,0.97098,1.00,1.50
2015.02.18 04:49:16.168,0.97067,0.97098,1.00,1.00
2015.02.18 04:49:16.319,0.97067,0.97105,1.07,2.32
2015.02.18 04:49:16.576,0.97073,0.97106,1.00,1.15
2015.02.18 04:49:16.940,0.97069,0.97105,1.65,1.15
2015.02.18 04:49:17.153,0.97074,0.97104,1.00,1.15
2015.02.18 04:49:17.662,0.97073,0.97106,1.00,1.90
2015.02.18 04:49:19.319,0.97074,0.97107,1.00,1.65
2015.02.18 04:49:20.329,0.97069,0.97107,1.15,1.65
2015.02.18 04:49:20.380,0.97069,0.97108,1.52,3.15
2015.02.18 04:49:20.481,0.97073,0.9711,1.15,1.15
2015.02.18 04:49:20.532,0.97079,0.9711,1.00,1.15
2015.02.18 04:49:20.884,0.97084,0.97112,1.00,2.02
2015.02.18 04:49:20.935,0.97084,0.97113,1.00,2.02
2015.02.18 04:49:21.187,0.97087,0.97112,1.00,1.27
2015.02.18 04:49:21.238,0.97087,0.97114,1.00,1.00
2015.02.18 04:49:21.339,0.97089,0.97117,1.00,1.27
2015.02.18 04:49:21.919,0.97088,0.97117,1.00,1.65
2015.02.18 04:49:22.172,0.97084,0.97121,2.32,2.70
2015.02.18 04:49:23.008,0.97089,0.97117,1.00,5.32
2015.02.18 04:49:23.160,0.97089,0.97116,1.00,1.17
2015.02.18 04:49:23.311,0.97094,0.9712,1.00,1.52
2015.02.18 04:49:23.833,0.97088,0.97116,1.00,1.17
2015.02.18 04:49:25.391,0.97089,0.97117,1.00,1.27
2015.02.18 04:49:25.597,0.97093,0.97117,1.00,1.15
2015.02.18 04:49:26.579,0.97088,0.97117,1.00,1.15
2015.02.18 04:49:28.339,0.97094,0.97117,1.00,1.15
2015.02.18 04:49:32.313,0.97089,0.97117,1.00,1.15
2015.02.18 04:49:32.411,0.97094,0.97117,1.00,1.15
2015.02.18 04:49:35.388,0.97089,0.97113,1.00,2.32
2015.02.18 04:49:35.691,0.97088,0.97113,1.00,1.00
2015.02.18 04:49:35.742,0.97088,0.97108,1.00,1.00
2015.02.18 04:49:35.843,0.97084,0.97108,1.00,1.00
2015.02.18 04:49:35.944,0.97084,0.97108,1.00,1.07
2015.02.18 04:49:36.829,0.97079,0.97112,1.00,5.62
2015.02.18 04:49:41.846,0.97079,0.97105,1.00,1.00
2015.02.18 04:49:41.897,0.97084,0.97108,1.00,1.15
2015.02.18 04:49:42.687,0.97083,0.97108,1.00,1.15
2015.02.18 04:49:43.128,0.97078,0.97108,1.00,1.15
2015.02.18 04:49:43.667,0.97078,0.97105,1.00,1.00
2015.02.18 04:49:53.303,0.97078,0.97106,1.00,1.20
2015.02.18 04:49:54.752,0.97078,0.97104,1.00,1.00
2015.02.18 04:49:57.086,0.97078,0.97103,1.00,1.00
2015.02.18 04:49:58.264,0.97078,0.97104,1.00,1.10
2015.02.18 04:49:58.809,0.97079,0.97104,1.00,1.10
2015.02.18 04:49:59.848,0.97074,0.97104,1.00,1.10
2015.02.18 04:49:59.899,0.97074,0.97097,1.00,1.20
2015.02.18 04:50:00.202,0.97069,0.97092,1.00,1.00
2015.02.18 04:50:00.252,0.97069,0.97094,1.00,1.00
2015.02.18 04:50:00.353,0.97074,0.97094,1.00,1.00
2015.02.18 04:50:00.454,0.97074,0.97096,1.00,1.12
2015.02.18 04:50:01.900,0.97074,0.97094,1.00,1.00
2015.02.18 04:50:02.768,0.97073,0.97094,1.00,1.15
2015.02.18 04:50:03.150,0.97069,0.97094,1.00,1.15
2015.02.18 04:50:03.201,0.97069,0.97091,1.00,1.00
2015.02.18 04:50:03.705,0.97068,0.97091,1.00,1.00
2015.02.18 04:50:04.207,0.97068,0.9709,1.00,1.00
2015.02.18 04:50:04.724,0.97068,0.97089,1.00,1.00
2015.02.18 04:50:05.333,0.97069,0.97089,1.00,1.00
2015.02.18 04:50:06.815,0.97068,0.97089,1.00,1.00
2015.02.18 04:50:07.466,0.97068,0.97088,1.00,1.00
2015.02.18 04:50:11.570,0.97068,0.97086,1.00,1.00
2015.02.18 04:50:11.621,0.97059,0.97086,1.00,1.17
2015.02.18 04:50:11.823,0.97058,0.97088,1.57,1.00
2015.02.18 04:50:11.974,0.97059,0.97093,1.00,1.52
2015.02.18 04:50:12.125,0.97064,0.97095,1.00,1.65
2015.02.18 04:50:12.716,0.97064,0.97093,1.00,3.45
2015.02.18 04:50:12.918,0.97058,0.9709,1.00,1.52
2015.02.18 04:50:13.119,0.97054,0.97089,1.10,4.20
2015.02.18 04:50:13.816,0.97054,0.97088,1.00,3.07
2015.02.18 04:50:16.727,0.97054,0.9709,1.15,1.37
2015.02.18 04:50:16.828,0.97054,0.97091,1.20,1.27
2015.02.18 04:50:17.096,0.97064,0.97089,1.00,1.65
2015.02.18 04:50:17.351,0.97064,0.97092,1.00,1.95
2015.02.18 04:50:17.859,0.97059,0.97097,1.10,4.57
2015.02.18 04:50:20.560,0.97059,0.97092,1.00,1.15
2015.02.18 04:50:21.162,0.97054,0.9709,1.17,1.15
2015.02.18 04:50:21.616,0.97063,0.97089,1.00,1.55
2015.02.18 04:50:22.176,0.97059,0.97089,1.00,2.02
2015.02.18 04:50:24.622,0.97059,0.97088,1.00,1.20
2015.02.18 04:50:26.640,0.97058,0.97088,1.00,1.27
2015.02.18 04:50:26.949,0.97063,0.9709,1.00,4.20
2015.02.18 04:50:27.526,0.97063,0.97096,1.00,2.02
2015.02.18 04:50:27.627,0.97059,0.97096,1.20,1.52
2015.02.18 04:50:27.677,0.97064,0.97098,1.00,6.00
2015.02.18 04:50:27.983,0.97069,0.97097,1.00,1.15
2015.02.18 04:50:28.089,0.97063,0.97098,1.00,5.62
2015.02.18 04:50:29.197,0.97064,0.97098,1.00,7.50
2015.02.18 04:50:29.298,0.97069,0.97096,1.00,1.52
2015.02.18 04:50:31.854,0.97064,0.97096,1.00,1.52
2015.02.18 04:50:34.601,0.97068,0.97096,1.00,1.52
2015.02.18 04:50:39.854,0.97069,0.97097,1.00,1.52
2015.02.18 04:50:40.413,0.97068,0.97097,1.00,1.65
2015.02.18 04:50:40.931,0.97069,0.97097,1.00,1.65
2015.02.18 04:50:44.166,0.97063,0.97097,1.00,1.27
2015.02.18 04:50:44.378,0.97074,0.97093,1.00,1.15
2015.02.18 04:50:44.570,0.97068,0.97093,1.00,1.15
2015.02.18 04:50:45.610,0.97063,0.97093,1.50,1.15
2015.02.18 04:50:47.905,0.97063,0.97098,1.00,2.02
2015.02.18 04:50:56.156,0.97079,0.97098,1.00,1.37
2015.02.18 04:50:56.207,0.97079,0.97104,1.00,1.15
2015.02.18 04:50:57.335,0.97079,0.97101,1.00,1.00
2015.02.18 04:51:01.105,0.97079,0.97103,1.00,1.15
2015.02.18 04:51:05.052,0.97073,0.97102,1.00,1.20
2015.02.18 04:51:05.405,0.97069,0.97105,1.20,1.15
2015.02.18 04:51:05.506,0.97069,0.97103,1.00,2.70
2015.02.18 04:51:07.601,0.97073,0.97102,1.00,2.77
2015.02.18 04:51:08.350,0.97074,0.97103,1.00,4.20
2015.02.18 04:51:08.894,0.97073,0.97103,1.00,4.57
2015.02.18 04:51:09.748,0.97074,0.97103,1.00,4.57
2015.02.18 04:51:10.061,0.97079,0.97103,1.00,2.70
2015.02.18 04:51:10.112,0.97074,0.97103,1.00,2.32
2015.02.18 04:51:11.610,0.97074,0.97107,1.00,1.27
2015.02.18 04:51:11.661,0.97079,0.97109,1.00,2.32
2015.02.18 04:51:12.013,0.97078,0.97112,1.00,1.65
2015.02.18 04:51:12.517,0.97074,0.97113,1.15,1.65
2015.02.18 04:51:18.141,0.97075,0.97118,3.82,4.95
2015.02.18 04:51:18.242,0.97075,0.97113,1.00,4.50
2015.02.18 04:51:18.393,0.97078,0.97113,1.00,4.50
2015.02.18 04:51:19.599,0.97073,0.97112,1.15,1.65
2015.02.18 04:51:19.901,0.97083,0.97113,1.00,6.00
2015.02.18 04:51:29.159,0.97078,0.97112,1.00,1.65
2015.02.18 04:51:29.699,0.97079,0.97112,1.00,1.65
2015.02.18 04:51:34.829,0.97079,0.97105,1.00,2.32
2015.02.18 04:51:34.879,0.97073,0.97105,1.00,2.32
2015.02.18 04:51:35.329,0.97069,0.97101,1.00,1.15
2015.02.18 04:51:35.628,0.97073,0.97101,1.00,1.15
2015.02.18 04:51:36.286,0.97074,0.97101,1.00,1.15
2015.02.18 04:51:39.998,0.97074,0.97094,1.00,1.00
2015.02.18 04:51:40.150,0.97064,0.97092,1.00,1.15
2015.02.18 04:51:42.170,0.97063,0.97094,1.00,4.50
2015.02.18 04:51:42.221,0.97063,0.97097,1.00,3.82
2015.02.18 04:51:43.679,0.97064,0.97097,1.00,2.32
2015.02.18 04:51:43.881,0.97074,0.97097,1.00,2.32
2015.02.18 04:51:48.361,0.97074,0.97091,1.00,1.15
2015.02.18 04:51:48.412,0.97069,0.97091,1.00,1.15
2015.02.18 04:51:49.779,0.97069,0.97095,1.00,1.52
2015.02.18 04:51:50.183,0.97064,0.97097,1.00,3.07
2015.02.18 04:51:50.384,0.97074,0.97097,1.00,3.07
2015.02.18 04:51:53.545,0.97074,0.97099,1.00,2.32
2015.02.18 04:51:53.596,0.97074,0.97101,1.00,1.27
2015.02.18 04:52:01.164,0.97069,0.971,1.00,1.65
2015.02.18 04:52:02.359,0.97068,0.971,1.00,1.65
2015.02.18 04:52:02.949,0.97069,0.97096,1.00,1.20
2015.02.18 04:52:03.658,0.97069,0.97095,1.00,1.00
2015.02.18 04:52:04.964,0.97069,0.97095,1.00,1.07
2015.02.18 04:52:06.648,0.97064,0.97094,1.00,1.15
2015.02.18 04:52:06.699,0.97064,0.9709,1.00,1.15
2015.02.18 04:52:06.900,0.97059,0.97085,1.00,1.10
2015.02.18 04:52:07.118,0.97054,0.97085,1.10,1.10
2015.02.18 04:52:07.554,0.97058,0.97087,1.00,1.17
2015.02.18 04:52:07.872,0.97063,0.97085,1.00,1.10
2015.02.18 04:52:09.677,0.97068,0.97094,1.00,1.52
2015.02.18 04:52:09.843,0.97064,0.97094,1.00,1.52
2015.02.18 04:52:10.196,0.97063,0.9709,1.00,1.15
2015.02.18 04:52:10.398,0.97059,0.97089,1.00,1.15
2015.02.18 04:52:10.650,0.97069,0.9709,1.00,1.15
2015.02.18 04:52:11.898,0.97069,0.9709,1.00,1.07
2015.02.18 04:52:18.456,0.97063,0.9709,1.00,1.07
2015.02.18 04:52:23.022,0.97063,0.9709,1.00,1.15
2015.02.18 04:52:23.325,0.97069,0.97094,1.00,1.52
2015.02.18 04:52:26.558,0.97064,0.97093,1.00,1.65
2015.02.18 04:52:26.810,0.97068,0.97093,1.00,1.15
2015.02.18 04:52:27.422,0.97068,0.97092,1.00,1.00
2015.02.18 04:52:27.629,0.97068,0.97096,1.00,1.17
2015.02.18 04:52:27.679,0.97074,0.97096,1.00,1.17
2015.02.18 04:52:43.734,0.97074,0.97101,1.00,3.15
2015.02.18 04:52:43.834,0.97078,0.97101,1.00,1.65
2015.02.18 04:52:46.294,0.97073,0.97101,1.00,1.15
2015.02.18 04:52:47.566,0.97073,0.97104,1.00,1.17
2015.02.18 04:52:47.616,0.97079,0.97104,1.00,1.17
2015.02.18 04:52:48.603,0.97078,0.97104,1.00,1.17
2015.02.18 04:52:49.774,0.97069,0.97101,1.00,1.65
2015.02.18 04:52:50.870,0.97068,0.97101,1.00,2.40
2015.02.18 04:52:51.692,0.97069,0.97101,1.00,2.40
2015.02.18 04:53:00.329,0.97068,0.97103,1.00,2.02
2015.02.18 04:53:00.581,0.97078,0.97099,1.00,1.17
2015.02.18 04:53:01.086,0.97079,0.97099,1.00,1.17
2015.02.18 04:53:01.904,0.97078,0.97098,1.00,1.10
2015.02.18 04:53:02.307,0.97073,0.97098,1.00,1.10
2015.02.18 04:53:05.653,0.97074,0.97098,1.00,1.10
2015.02.18 04:53:06.167,0.97079,0.97098,1.00,1.10
2015.02.18 04:53:08.750,0.97079,0.97098,1.00,1.17
2015.02.18 04:53:09.388,0.97079,0.97098,1.00,1.15
2015.02.18 04:53:12.158,0.97068,0.97101,1.00,1.65
2015.02.18 04:53:21.919,0.97065,0.97101,1.10,1.15
2015.02.18 04:53:28.748,0.97064,0.97101,1.10,2.32
2015.02.18 04:53:30.697,0.97064,0.97094,1.10,1.00
2015.02.18 04:53:30.748,0.97073,0.97097,1.00,1.15
2015.02.18 04:53:39.424,0.97073,0.97095,1.00,1.15
2015.02.18 04:53:55.570,0.97079,0.97095,1.00,1.15
2015.02.18 04:54:01.699,0.97074,0.97098,1.00,2.32
2015.02.18 04:54:08.959,0.97074,0.97096,1.00,1.00
2015.02.18 04:54:09.160,0.97074,0.97099,1.00,3.07
2015.02.18 04:54:09.412,0.97069,0.97099,1.00,6.00
2015.02.18 04:54:15.128,0.97073,0.97096,1.00,1.15
2015.02.18 04:54:15.332,0.97068,0.97096,1.00,1.15
2015.02.18 04:54:15.533,0.97073,0.97099,1.00,6.00
2015.02.18 04:54:19.038,0.97073,0.97099,1.00,1.15
2015.02.18 04:54:19.985,0.97073,0.97097,1.00,1.00
2015.02.18 04:54:20.035,0.97073,0.97097,1.00,1.15
2015.02.18 04:54:21.615,0.97074,0.97097,1.00,1.15
2015.02.18 04:54:34.598,0.97073,0.971,1.00,3.07
2015.02.18 04:54:36.132,0.97068,0.97099,1.00,1.15
2015.02.18 04:54:36.383,0.97069,0.97091,1.00,1.00
2015.02.18 04:54:36.434,0.97063,0.97091,1.00,1.00
2015.02.18 04:54:36.585,0.97074,0.97091,1.00,1.00
2015.02.18 04:54:36.816,0.97074,0.97094,1.00,1.10
2015.02.18 04:54:38.537,0.9706,0.97084,1.15,1.57
2015.02.18 04:54:38.588,0.97044,0.97067,1.00,1.00
2015.02.18 04:54:38.639,0.97039,0.97067,1.00,1.00
2015.02.18 04:54:38.689,0.97039,0.97065,1.00,1.00
2015.02.18 04:54:38.992,0.97039,0.97065,1.00,1.17
2015.02.18 04:54:40.606,0.97044,0.97065,1.00,1.17
2015.02.18 04:54:41.021,0.97043,0.97066,1.00,1.00
2015.02.18 04:54:41.122,0.97043,0.97069,1.00,1.15
2015.02.18 04:54:41.377,0.97039,0.97069,1.00,1.15
2015.02.18 04:54:41.629,0.97048,0.97068,1.00,1.20
2015.02.18 04:54:44.739,0.97048,0.97067,1.00,1.00
2015.02.18 04:54:45.276,0.97048,0.97068,1.00,1.20
2015.02.18 04:54:47.866,0.97043,0.97068,1.00,1.10
2015.02.18 04:54:47.917,0.97043,0.97068,1.07,1.00
2015.02.18 04:54:47.968,0.97043,0.97072,1.07,1.00
2015.02.18 04:54:48.068,0.97045,0.97076,1.20,1.00
2015.02.18 04:54:48.119,0.97053,0.97076,1.00,1.00
2015.02.18 04:54:48.170,0.97053,0.97078,1.00,1.20
2015.02.18 04:54:48.321,0.97049,0.97078,1.00,1.20
2015.02.18 04:54:48.674,0.97053,0.9708,1.00,1.15
2015.02.18 04:54:48.979,0.97058,0.9708,1.00,1.15
2015.02.18 04:55:00.689,0.97053,0.97077,1.00,1.00
2015.02.18 04:55:12.131,0.97053,0.97076,1.00,1.00
2015.02.18 04:55:12.621,0.97059,0.97077,1.00,1.00
2015.02.18 04:55:16.970,0.97059,0.97078,1.00,1.00
2015.02.18 04:55:24.658,0.97054,0.97078,1.00,1.00
2015.02.18 04:55:25.404,0.97053,0.97078,1.00,1.00
2015.02.18 04:55:27.651,0.97053,0.97074,1.00,1.00
2015.02.18 04:55:27.802,0.97049,0.97074,1.00,1.00
2015.02.18 04:55:27.953,0.97049,0.97076,1.00,1.00
2015.02.18 04:55:28.572,0.97053,0.97076,1.00,1.00
2015.02.18 04:55:30.331,0.97049,0.97076,1.00,1.00
2015.02.18 04:55:30.431,0.97049,0.97078,1.00,1.10
2015.02.18 04:55:30.482,0.97049,0.97078,1.17,1.00
2015.02.18 04:55:30.808,0.97059,0.97078,1.00,1.00
2015.02.18 04:55:33.595,0.97059,0.97079,1.00,1.00
2015.02.18 04:55:33.696,0.97058,0.97081,1.00,1.00
2015.02.18 04:55:34.116,0.97064,0.97083,1.00,1.07
2015.02.18 04:55:34.444,0.97064,0.9708,1.00,1.00
2015.02.18 04:55:36.197,0.97058,0.9708,1.00,1.00
2015.02.18 04:55:36.820,0.97059,0.9708,1.00,1.00
2015.02.18 04:55:37.002,0.97059,0.97078,1.00,1.00
2015.02.18 04:55:50.095,0.97059,0.97083,1.00,1.07
2015.02.18 04:55:50.798,0.97059,0.97083,1.00,1.07
2015.02.18 04:55:52.297,0.97059,0.97078,1.00,1.00
2015.02.18 04:55:54.303,0.97059,0.97082,1.00,1.15
2015.02.18 04:55:54.521,0.97059,0.97078,1.00,1.00
2015.02.18 04:55:59.320,0.97059,0.97079,1.00,1.00
2015.02.18 04:56:00.641,0.97059,0.97083,1.00,1.15
2015.02.18 04:56:09.466,0.97059,0.97086,1.00,1.20
2015.02.18 04:56:09.970,0.97059,0.97085,1.00,1.00
2015.02.18 04:56:10.551,0.97059,0.97086,1.00,1.20
2015.02.18 04:56:10.760,0.97059,0.97084,1.00,1.00
2015.02.18 04:56:11.902,0.97059,0.97084,1.00,1.15
2015.02.18 04:56:18.410,0.97054,0.97085,1.00,1.15
2015.02.18 04:56:22.995,0.97054,0.97083,1.00,3.07
2015.02.18 04:56:23.297,0.97054,0.97077,1.00,2.40
2015.02.18 04:56:23.600,0.97059,0.97076,1.00,1.52
2015.02.18 04:56:23.852,0.97059,0.97077,1.00,2.40
2015.02.18 04:56:25.370,0.97048,0.97074,1.00,1.52
2015.02.18 04:56:25.427,0.97048,0.97071,1.00,1.17
2015.02.18 04:56:26.100,0.97048,0.97069,1.00,1.00
2015.02.18 04:56:27.881,0.97043,0.97069,1.00,1.00
2015.02.18 04:56:28.139,0.97044,0.97067,1.00,1.00
2015.02.18 04:56:28.629,0.97049,0.97067,1.00,1.00
2015.02.18 04:56:28.850,0.97044,0.97067,1.00,1.00
2015.02.18 04:56:28.950,0.97044,0.9707,1.00,1.20
2015.02.18 04:56:29.102,0.97048,0.9707,1.00,1.10
2015.02.18 04:56:29.569,0.97049,0.97068,1.00,1.00
2015.02.18 04:56:31.119,0.97049,0.97071,1.00,1.65
2015.02.18 04:56:31.170,0.97038,0.97071,1.00,1.17
2015.02.18 04:56:31.321,0.97041,0.97072,1.00,2.02
2015.02.18 04:56:31.623,0.97053,0.97071,1.00,1.17
2015.02.18 04:56:31.724,0.97053,0.97076,1.00,1.45
2015.02.18 04:56:31.825,0.97054,0.9708,1.00,1.50
2015.02.18 04:56:31.926,0.97054,0.97073,1.00,1.00
2015.02.18 04:56:32.328,0.97054,0.9707,1.00,1.00
2015.02.18 04:56:32.819,0.97049,0.9707,1.00,1.00
2015.02.18 04:56:33.333,0.97054,0.9707,1.00,1.00
2015.02.18 04:56:34.607,0.97044,0.9707,1.00,3.00
2015.02.18 04:56:34.708,0.97044,0.97066,1.00,2.32
2015.02.18 04:56:34.809,0.97039,0.9706,1.00,1.10
2015.02.18 04:56:35.119,0.97043,0.97061,1.00,1.07
2015.02.18 04:56:35.753,0.97043,0.97059,1.00,1.00
2015.02.18 04:56:36.071,0.97048,0.97059,1.00,1.00
2015.02.18 04:56:36.613,0.97048,0.97061,1.00,1.07
2015.02.18 04:56:37.219,0.97048,0.97059,1.00,1.00
2015.02.18 04:56:39.176,0.97048,0.97061,1.00,1.07
2015.02.18 04:56:41.610,0.97044,0.97061,1.00,1.07
2015.02.18 04:56:41.711,0.97044,0.97068,1.00,2.70
2015.02.18 04:56:41.812,0.97044,0.97067,1.00,1.27
2015.02.18 04:56:41.862,0.97049,0.97067,1.00,1.27
2015.02.18 04:56:42.367,0.97048,0.97067,1.00,1.27
2015.02.18 04:56:42.887,0.97048,0.97067,1.00,1.12
2015.02.18 04:56:43.038,0.97048,0.97072,1.00,1.27
2015.02.18 04:56:43.190,0.97044,0.97072,1.00,1.27
2015.02.18 04:56:43.391,0.97054,0.97071,1.00,1.15
2015.02.18 04:56:45.556,0.97043,0.97075,1.00,1.90
2015.02.18 04:56:46.562,0.97043,0.97076,1.00,1.90
2015.02.18 04:56:46.715,0.97049,0.97075,1.00,1.90
2015.02.18 04:56:47.667,0.97048,0.97074,1.00,1.15
2015.02.18 04:56:53.599,0.97043,0.97075,1.00,2.70
2015.02.18 04:56:55.145,0.97039,0.97071,1.00,1.17
2015.02.18 04:56:55.296,0.97044,0.97071,1.00,1.17
2015.02.18 04:56:55.911,0.97054,0.97073,1.00,1.15
2015.02.18 04:57:01.239,0.97044,0.97073,1.00,1.27
2015.02.18 04:57:01.340,0.97049,0.97072,1.00,1.27
2015.02.18 04:57:03.829,0.97043,0.97072,1.00,1.27
2015.02.18 04:57:04.090,0.97057,0.97071,1.00,1.17
2015.02.18 04:57:11.190,0.97059,0.97071,1.00,1.00
2015.02.18 04:57:11.292,0.97059,0.97073,1.00,1.20
2015.02.18 04:57:11.443,0.97054,0.97077,1.00,1.20
2015.02.18 04:57:11.494,0.97054,0.97077,1.00,1.12
2015.02.18 04:57:11.645,0.97048,0.97077,1.00,1.20
2015.02.18 04:57:11.695,0.97048,0.97077,1.00,1.27
2015.02.18 04:57:16.373,0.97049,0.97077,1.00,2.02
2015.02.18 04:57:16.676,0.97054,0.97078,1.00,2.02
2015.02.18 04:57:17.598,0.97049,0.97077,1.00,1.65
2015.02.18 04:57:17.648,0.97049,0.97072,1.00,1.07
2015.02.18 04:57:17.967,0.97049,0.97067,1.00,1.27
2015.02.18 04:57:18.428,0.97048,0.97067,1.00,1.27
2015.02.18 04:57:18.580,0.97044,0.97068,1.00,1.27
2015.02.18 04:57:19.822,0.97044,0.97067,1.00,1.27
2015.02.18 04:57:19.873,0.97044,0.97068,1.00,1.20
2015.02.18 04:57:19.923,0.97049,0.97068,1.00,1.20
2015.02.18 04:57:20.125,0.97044,0.97069,1.00,1.17
2015.02.18 04:57:20.535,0.97044,0.97064,1.00,1.00
2015.02.18 04:57:24.593,0.97044,0.97065,1.00,1.00
2015.02.18 04:57:25.668,0.97044,0.97064,1.00,1.00
2015.02.18 04:57:26.365,0.97044,0.97065,1.00,1.00
2015.02.18 04:57:28.615,0.97039,0.97065,1.00,1.00
2015.02.18 04:57:28.666,0.97039,0.97067,1.00,1.20
2015.02.18 04:57:28.817,0.97049,0.9707,1.00,1.00
2015.02.18 04:57:28.970,0.97049,0.97073,1.00,2.02
2015.02.18 04:57:29.382,0.97053,0.97077,1.00,2.02
2015.02.18 04:57:32.327,0.97049,0.97075,1.00,1.15
2015.02.18 04:57:33.797,0.97048,0.97069,1.00,1.00
2015.02.18 04:57:34.329,0.97048,0.9707,1.00,1.00
2015.02.18 04:57:34.918,0.97048,0.97069,1.00,1.00
2015.02.18 04:57:37.903,0.97048,0.97067,1.00,1.00
2015.02.18 04:57:38.155,0.97043,0.97067,1.00,1.00
2015.02.18 04:57:39.465,0.97043,0.97066,1.00,1.00
2015.02.18 04:57:39.617,0.97034,0.97066,1.15,1.00
2015.02.18 04:57:40.529,0.97034,0.97067,1.15,1.87
2015.02.18 04:57:41.160,0.97034,0.97068,1.15,1.57
2015.02.18 04:57:41.699,0.97034,0.97067,1.15,1.50
2015.02.18 04:57:42.626,0.97034,0.9707,1.15,1.90
2015.02.18 04:57:43.436,0.97034,0.97069,1.15,1.55
2015.02.18 04:57:45.281,0.97034,0.97068,1.15,1.10
2015.02.18 04:57:45.385,0.97034,0.9707,1.15,1.90
2015.02.18 04:57:45.691,0.97039,0.97062,1.00,1.00
2015.02.18 04:57:47.362,0.97039,0.97065,1.20,1.00
2015.02.18 04:57:47.908,0.97033,0.97064,5.25,1.00
2015.02.18 04:57:50.614,0.97044,0.97064,1.00,1.00
2015.02.18 04:57:51.643,0.97044,0.97065,1.00,1.00
2015.02.18 04:57:51.848,0.97044,0.97067,1.00,1.00
2015.02.18 04:57:51.899,0.97039,0.97067,1.20,1.12
2015.02.18 04:57:52.419,0.97039,0.97068,1.20,1.12
2015.02.18 04:57:56.144,0.97039,0.97068,1.20,2.25
2015.02.18 04:58:00.773,0.97043,0.97067,1.00,1.12
2015.02.18 04:58:00.925,0.97039,0.97069,1.20,1.37
2015.02.18 04:58:01.126,0.97039,0.9707,1.20,1.12
2015.02.18 04:58:01.177,0.97049,0.9707,1.00,1.12
2015.02.18 04:58:01.711,0.97049,0.97069,1.00,1.00
2015.02.18 04:58:02.916,0.97049,0.9707,1.00,1.00
2015.02.18 04:58:03.865,0.97049,0.97069,1.00,1.00
2015.02.18 04:58:05.424,0.97049,0.97067,1.00,1.00
2015.02.18 04:58:05.475,0.97044,0.97067,1.00,1.00
2015.02.18 04:58:05.576,0.97048,0.97073,1.00,1.57
2015.02.18 04:58:08.682,0.97048,0.9707,1.00,1.00
2015.02.18 04:58:19.017,0.97048,0.97072,1.00,1.10
2015.02.18 04:58:29.596,0.97048,0.97071,1.00,1.00
2015.02.18 04:58:30.101,0.97044,0.97071,1.00,1.00
2015.02.18 04:58:30.469,0.97044,0.97068,1.00,1.00
2015.02.18 04:58:30.802,0.97049,0.97068,1.00,1.00
2015.02.18 04:58:31.057,0.97044,0.97068,1.00,1.00
2015.02.18 04:58:34.096,0.97044,0.97072,1.00,1.50
2015.02.18 04:58:44.537,0.97044,0.97073,1.00,1.50
2015.02.18 04:58:45.427,0.97044,0.97072,1.00,1.50
2015.02.18 04:58:45.906,0.97049,0.97073,1.00,1.50
2015.02.18 04:58:46.599,0.97044,0.97076,1.00,2.02
2015.02.18 04:58:46.750,0.97044,0.97075,1.00,1.27
2015.02.18 04:58:46.801,0.97049,0.97075,1.00,1.27
2015.02.18 04:58:47.593,0.97049,0.97075,1.00,1.65
2015.02.18 04:58:48.629,0.97049,0.97075,1.00,1.55
2015.02.18 04:58:49.520,0.97048,0.97075,1.00,1.55
2015.02.18 04:58:49.994,0.97048,0.97075,1.00,1.92
2015.02.18 04:58:53.149,0.97048,0.97075,1.00,1.50
2015.02.18 04:58:54.731,0.97048,0.97075,1.00,1.75
2015.02.18 04:58:55.576,0.97048,0.97073,1.00,1.00
2015.02.18 04:58:56.090,0.97048,0.97072,1.00,1.50
2015.02.18 04:58:58.136,0.97048,0.97073,1.00,1.50
2015.02.18 04:58:59.714,0.97048,0.97072,1.00,1.50
2015.02.18 04:59:00.376,0.97048,0.97073,1.00,1.50
2015.02.18 04:59:01.216,0.97048,0.97072,1.00,1.50
2015.02.18 04:59:03.983,0.97048,0.97073,1.00,1.50
2015.02.18 04:59:04.682,0.97048,0.97072,1.00,1.50
2015.02.18 04:59:05.377,0.97043,0.97072,1.00,1.50
2015.02.18 04:59:05.984,0.97043,0.97073,1.00,1.50
2015.02.18 04:59:06.595,0.97043,0.97072,1.00,1.50
2015.02.18 04:59:08.135,0.97049,0.97077,1.00,1.87
2015.02.18 04:59:08.337,0.97049,0.97077,1.10,1.50
2015.02.18 04:59:08.850,0.97049,0.97078,1.10,1.00
2015.02.18 04:59:08.901,0.97054,0.97083,1.00,2.25
2015.02.18 04:59:08.952,0.97054,0.97083,1.00,1.87
2015.02.18 04:59:09.153,0.97054,0.97083,1.00,1.87
2015.02.18 04:59:09.355,0.97059,0.97087,1.00,1.75
2015.02.18 04:59:09.878,0.97059,0.97087,1.00,1.87
2015.02.18 04:59:11.304,0.97059,0.97088,1.00,3.37
2015.02.18 04:59:13.446,0.97059,0.97087,1.00,1.87
2015.02.18 04:59:14.569,0.97059,0.97087,1.00,1.75
2015.02.18 04:59:15.216,0.97059,0.97087,1.00,2.62
2015.02.18 04:59:15.890,0.97059,0.97087,1.00,1.75
2015.02.18 04:59:16.687,0.97059,0.97085,1.00,1.75
2015.02.18 04:59:19.485,0.97059,0.97085,1.00,1.75
2015.02.18 04:59:19.994,0.97059,0.97085,1.00,1.75
2015.02.18 04:59:22.497,0.97059,0.97085,1.00,1.75
2015.02.18 04:59:23.028,0.97059,0.97084,1.00,1.50
2015.02.18 04:59:24.786,0.97059,0.97084,1.00,1.50
2015.02.18 04:59:25.346,0.97058,0.97084,1.00,1.50
2015.02.18 04:59:25.997,0.97058,0.97086,1.00,1.75
2015.02.18 04:59:26.537,0.97058,0.97084,1.00,1.50
2015.02.18 04:59:27.040,0.97058,0.97084,1.00,1.50
2015.02.18 04:59:27.554,0.97058,0.97087,1.00,1.37
2015.02.18 04:59:27.605,0.97064,0.97087,1.00,1.37
2015.02.18 04:59:27.656,0.97064,0.97088,1.00,1.00
2015.02.18 04:59:27.757,0.97064,0.9709,1.00,1.00
2015.02.18 04:59:28.289,0.97063,0.97089,1.00,1.00
2015.02.18 04:59:30.396,0.97064,0.97091,1.00,1.00
2015.02.18 04:59:30.699,0.97064,0.97093,1.00,2.25
2015.02.18 04:59:30.800,0.97069,0.97093,1.00,2.25
2015.02.18 04:59:31.310,0.97069,0.97092,1.00,1.12
2015.02.18 04:59:32.635,0.97069,0.97093,1.00,1.87
2015.02.18 04:59:34.112,0.97069,0.97094,1.00,1.37
2015.02.18 04:59:35.261,0.97069,0.97095,1.00,1.00
2015.02.18 04:59:38.125,0.97069,0.97097,1.00,1.12
2015.02.18 04:59:40.979,0.97069,0.97096,1.00,1.00
2015.02.18 04:59:42.404,0.97069,0.97097,1.00,2.62
2015.02.18 04:59:44.086,0.97069,0.97097,1.00,2.62
2015.02.18 04:59:44.603,0.97069,0.97095,1.00,1.37
2015.02.18 04:59:45.124,0.97068,0.97093,1.00,1.37
2015.02.18 04:59:45.276,0.97068,0.97096,1.00,1.00
2015.02.18 04:59:45.680,0.97069,0.97099,1.00,1.37
2015.02.18 04:59:46.202,0.97069,0.97099,1.00,1.12
2015.02.18 04:59:46.711,0.97069,0.971,1.07,1.37
2015.02.18 04:59:47.620,0.97073,0.971,1.00,1.37
2015.02.18 04:59:49.101,0.97073,0.971,1.00,1.00
2015.02.18 04:59:51.582,0.97074,0.971,1.00,1.00
2015.02.18 04:59:52.128,0.97074,0.971,1.00,1.37
2015.02.18 04:59:53.540,0.97074,0.971,1.00,1.00
2015.02.18 04:59:54.851,0.97074,0.97099,1.00,1.00
2015.02.18 04:59:55.489,0.97074,0.971,1.00,1.00
2015.02.18 04:59:55.949,0.97074,0.97098,1.00,1.00
2015.02.18 04:59:57.946,0.97069,0.97094,1.00,1.00
2015.02.18 04:59:58.795,0.97069,0.97091,1.00,1.00
2015.02.18 04:59:58.846,0.97064,0.97091,1.07,1.00
2015.02.18 04:59:58.947,0.97064,0.97091,1.00,1.00
2015.02.18 04:59:59.148,0.97057,0.97086,2.25,1.10
2015.02.18 04:59:59.249,0.97054,0.9708,1.00,1.00
2015.02.18 04:59:59.350,0.97056,0.9708,1.00,1.00
2015.02.18 04:59:59.606,0.97048,0.97078,1.15,1.00
2015.02.18 04:59:59.707,0.97048,0.97081,1.15,1.00
2015.02.18 04:59:59.858,0.97059,0.97081,1.00,1.00
