2010.09.30 04:00:00.151,0.9996,1.00005,1.00,1.00
2010.09.30 04:00:01.235,0.9996,1.00005,1.00,1.00
2010.09.30 04:00:02.516,0.9996,1.00005,1.00,1.00
2010.09.30 04:00:08.363,0.99955,1.0,8.00,1.00
2010.09.30 04:00:08.516,0.99955,1.0,8.00,1.60
2010.09.30 04:00:09.253,0.99955,0.99995,8.00,1.00
2010.09.30 04:00:12.070,0.99955,0.99995,8.40,1.00
2010.09.30 04:00:12.398,0.99955,0.99995,10.00,1.00
2010.09.30 04:00:13.618,0.99955,0.99995,10.00,1.00
2010.09.30 04:00:16.176,0.9996,1.0,1.00,1.60
2010.09.30 04:00:18.127,0.99955,0.99995,10.10,1.00
2010.09.30 04:00:18.316,0.99955,0.99995,9.70,1.00
2010.09.30 04:00:19.689,0.99955,0.9999,9.70,1.00
2010.09.30 04:00:20.250,0.99955,0.99995,9.70,1.00
2010.09.30 04:00:25.578,0.99955,0.9999,9.70,1.00
2010.09.30 04:00:25.837,0.99955,0.9999,8.00,1.80
2010.09.30 04:00:26.606,0.99955,0.9999,8.00,1.00
2010.09.30 04:00:27.127,0.99955,0.9999,8.00,1.00
2010.09.30 04:00:28.227,0.99955,0.9999,8.00,1.00
2010.09.30 04:00:30.100,0.99955,0.9999,8.00,1.00
2010.09.30 04:00:31.185,0.99955,0.9999,8.40,1.00
2010.09.30 04:00:32.697,0.99955,0.9999,8.40,4.00
2010.09.30 04:00:33.328,0.99955,0.9999,8.40,1.60
2010.09.30 04:00:33.616,0.99955,0.9999,10.00,1.60
2010.09.30 04:00:34.180,0.99955,0.9999,10.00,1.60
2010.09.30 04:00:34.876,0.99955,0.9999,8.40,4.00
2010.09.30 04:00:36.223,0.99955,0.99985,8.40,1.00
2010.09.30 04:00:49.896,0.99955,0.9999,8.40,1.60
2010.09.30 04:00:51.307,0.99955,0.99985,8.40,1.00
2010.09.30 04:01:00.104,0.99955,0.9999,8.40,1.60
2010.09.30 04:01:00.387,0.99955,0.9999,10.00,1.60
2010.09.30 04:01:00.668,0.99955,0.9999,10.10,1.60
2010.09.30 04:01:01.875,0.99955,0.9999,2.10,1.60
2010.09.30 04:01:02.898,0.99955,0.9999,1.00,1.60
2010.09.30 04:01:05.565,0.99955,0.9999,2.00,1.60
2010.09.30 04:01:05.672,0.99965,1.0,1.60,1.60
2010.09.30 04:01:07.213,0.99965,1.0,1.60,1.70
2010.09.30 04:01:08.736,0.9996,1.0,1.00,1.70
2010.09.30 04:01:08.927,0.9996,1.0,1.00,1.00
2010.09.30 04:01:10.067,0.9996,1.0,1.00,4.10
2010.09.30 04:01:10.339,0.9996,0.9999,1.00,1.60
2010.09.30 04:01:11.298,0.99955,0.9999,6.10,1.60
2010.09.30 04:01:11.514,0.99955,0.99995,6.10,1.00
2010.09.30 04:01:15.096,0.99955,0.9999,6.10,1.60
2010.09.30 04:01:19.816,0.99955,0.99995,6.10,1.70
2010.09.30 04:01:22.113,0.99955,0.99995,6.10,1.00
2010.09.30 04:01:22.448,0.99955,0.99995,6.10,1.70
2010.09.30 04:01:24.635,0.99955,0.99995,6.00,1.60
2010.09.30 04:01:24.757,0.99955,0.99995,4.40,1.60
2010.09.30 04:01:25.627,0.99955,0.99995,6.00,1.60
2010.09.30 04:01:25.831,0.99955,0.99995,6.00,1.60
2010.09.30 04:01:29.906,0.99955,0.9999,4.40,1.70
2010.09.30 04:01:30.417,0.99955,0.9999,4.40,4.10
2010.09.30 04:01:31.936,0.99955,0.99985,4.40,1.00
2010.09.30 04:01:32.070,0.99955,0.9998,4.40,1.70
2010.09.30 04:01:33.169,0.99955,0.9998,4.40,1.60
2010.09.30 04:01:34.566,0.99955,0.9998,4.40,1.70
2010.09.30 04:01:35.918,0.99955,0.99975,4.40,1.00
2010.09.30 04:01:39.328,0.99955,0.9998,4.40,1.60
2010.09.30 04:01:39.476,0.99955,0.99985,4.40,1.90
2010.09.30 04:01:39.687,0.99955,0.99985,4.40,1.00
2010.09.30 04:01:39.867,0.99955,0.99985,4.40,1.00
2010.09.30 04:01:40.604,0.99955,0.9999,4.40,4.00
2010.09.30 04:01:40.842,0.99955,0.9999,4.40,4.00
2010.09.30 04:01:40.928,0.99955,0.9999,4.60,4.00
2010.09.30 04:01:41.017,0.9996,0.9999,1.60,2.40
2010.09.30 04:01:41.108,0.9996,0.99995,1.60,1.00
2010.09.30 04:01:41.197,0.9996,1.0,1.60,1.70
2010.09.30 04:01:41.366,0.9996,1.0,1.60,4.00
2010.09.30 04:01:41.456,0.99955,0.99995,6.60,1.60
2010.09.30 04:01:42.066,0.9996,0.99995,1.60,1.60
2010.09.30 04:01:42.591,0.99955,0.99995,6.60,1.60
2010.09.30 04:01:42.852,0.99955,0.9999,4.40,3.00
2010.09.30 04:01:43.108,0.99955,0.9999,4.40,4.60
2010.09.30 04:01:44.578,0.99955,0.9999,4.40,4.60
2010.09.30 04:01:44.704,0.99955,0.9999,4.40,3.00
2010.09.30 04:01:45.136,0.99955,0.99985,4.40,1.00
2010.09.30 04:01:47.705,0.99955,1.00005,4.40,2.20
2010.09.30 04:01:47.925,0.99955,1.00005,6.00,2.00
2010.09.30 04:01:47.997,0.99955,1.00005,6.00,1.60
2010.09.30 04:01:49.548,0.99955,0.99995,6.00,1.00
2010.09.30 04:01:50.273,0.9996,0.99995,1.00,1.00
2010.09.30 04:01:51.588,0.99955,0.99995,6.00,1.00
2010.09.30 04:01:51.896,0.99955,0.99995,4.40,1.00
2010.09.30 04:01:53.369,0.9996,1.0,1.60,1.60
2010.09.30 04:01:53.706,0.9996,1.0,1.60,1.60
2010.09.30 04:01:54.447,0.9996,1.0,4.40,1.60
2010.09.30 04:01:54.752,0.99965,1.00005,1.60,1.00
2010.09.30 04:01:56.571,0.99965,1.00005,1.70,1.00
2010.09.30 04:01:57.403,0.99965,1.00005,1.00,1.00
2010.09.30 04:01:57.623,0.99965,1.00005,1.70,1.00
2010.09.30 04:02:07.558,0.99965,1.00005,1.60,1.00
2010.09.30 04:02:07.635,0.99965,1.00005,1.60,1.00
2010.09.30 04:02:07.917,0.99955,1.0,4.40,2.00
2010.09.30 04:02:08.158,0.99955,1.0,4.40,4.40
2010.09.30 04:02:09.236,0.99955,0.99995,4.40,1.00
2010.09.30 04:02:10.200,0.99955,0.9999,4.40,1.00
2010.09.30 04:02:11.187,0.99955,0.99995,4.50,1.00
2010.09.30 04:02:13.279,0.99955,0.9999,4.40,1.00
2010.09.30 04:02:14.615,0.99955,0.9999,6.00,1.00
2010.09.30 04:02:15.727,0.99955,0.9999,4.40,1.00
2010.09.30 04:02:17.269,0.99955,0.9999,4.40,1.00
2010.09.30 04:02:17.799,0.99955,0.9999,4.40,1.00
2010.09.30 04:02:57.425,0.99955,0.9999,4.40,1.00
2010.09.30 04:02:58.676,0.99955,0.9999,4.40,1.00
2010.09.30 04:03:00.498,0.99955,1.0,4.40,1.00
2010.09.30 04:03:01.090,0.99955,1.0,6.00,1.00
2010.09.30 04:03:02.019,0.99955,1.0001,6.20,4.40
2010.09.30 04:03:02.357,0.99955,1.00005,14.20,1.00
2010.09.30 04:03:03.050,0.99955,1.00005,6.20,1.00
2010.09.30 04:03:03.389,0.99955,1.0001,6.30,4.50
2010.09.30 04:03:03.727,0.99955,1.0001,6.30,4.70
2010.09.30 04:03:04.352,0.9996,1.0001,1.00,4.60
2010.09.30 04:03:05.243,0.99965,1.0001,1.00,4.60
2010.09.30 04:03:05.899,0.99965,1.00005,1.00,1.00
2010.09.30 04:03:06.846,0.99965,1.00005,1.70,1.00
2010.09.30 04:03:07.155,0.99965,1.0001,1.70,1.70
2010.09.30 04:03:07.376,0.99965,1.0001,2.10,1.00
2010.09.30 04:03:07.757,0.9997,1.0001,1.00,1.00
2010.09.30 04:03:08.961,0.9997,1.0001,1.00,1.00
2010.09.30 04:03:09.073,0.99975,1.00015,1.60,1.60
2010.09.30 04:03:09.187,0.99975,1.0002,2.00,1.00
2010.09.30 04:03:09.406,0.99975,1.0002,2.00,1.00
2010.09.30 04:03:12.218,0.9998,1.0002,1.00,1.00
2010.09.30 04:03:35.135,0.9998,1.0002,1.00,1.60
2010.09.30 04:03:35.159,0.99975,1.00015,2.00,1.00
2010.09.30 04:03:35.216,0.99975,1.00015,1.60,1.00
2010.09.30 04:03:36.356,0.99975,1.0001,1.60,1.00
2010.09.30 04:03:40.021,0.9997,1.0001,1.00,1.00
2010.09.30 04:03:40.055,0.9997,1.0001,1.00,1.00
2010.09.30 04:03:40.716,0.99965,1.00005,2.20,1.00
2010.09.30 04:03:41.047,0.99965,1.00005,1.80,1.00
2010.09.30 04:03:43.100,0.99965,1.0,1.80,1.00
2010.09.30 04:04:42.273,0.99965,1.0,1.60,1.00
2010.09.30 04:04:43.265,0.99965,1.0001,1.60,4.80
2010.09.30 04:04:45.813,0.99965,1.0001,1.60,4.40
2010.09.30 04:04:49.907,0.99965,1.00005,1.00,1.00
2010.09.30 04:04:51.311,0.9996,1.0,1.00,1.00
2010.09.30 04:04:52.266,0.9996,1.0,1.00,1.70
2010.09.30 04:04:52.347,0.9996,1.0,1.00,4.10
2010.09.30 04:04:54.660,0.9996,0.99995,1.00,1.00
2010.09.30 04:04:55.297,0.9996,0.99995,1.00,1.00
2010.09.30 04:04:58.786,0.9996,0.99995,2.00,1.70
2010.09.30 04:04:59.550,0.9996,0.9999,1.00,1.60
2010.09.30 04:05:01.249,0.9996,0.99985,1.00,1.00
2010.09.30 04:05:02.590,0.9996,0.9999,1.00,1.60
2010.09.30 04:05:03.132,0.9996,0.9999,1.00,1.00
2010.09.30 04:05:08.856,0.9996,0.9999,1.00,1.60
2010.09.30 04:05:09.360,0.9996,0.9999,1.00,4.00
2010.09.30 04:05:09.550,0.99965,1.0,1.60,1.60
2010.09.30 04:05:10.116,0.99965,1.0,1.60,1.70
2010.09.30 04:05:10.497,0.9996,0.99995,1.00,1.70
2010.09.30 04:05:12.188,0.9996,0.9999,1.00,1.00
2010.09.30 04:05:12.487,0.9996,0.99995,1.00,1.60
2010.09.30 04:05:12.637,0.99965,0.99995,1.00,1.60
2010.09.30 04:05:12.786,0.99965,1.0,1.00,1.00
2010.09.30 04:05:13.465,0.99965,1.00005,1.00,1.00
2010.09.30 04:05:15.444,0.99965,1.0,1.00,1.00
2010.09.30 04:05:15.590,0.99965,1.00005,1.00,1.00
2010.09.30 04:05:16.008,0.99975,1.0001,1.00,2.40
2010.09.30 04:05:16.208,0.99975,1.00015,1.00,1.00
2010.09.30 04:05:16.406,0.99975,1.0002,1.00,4.50
2010.09.30 04:05:17.071,0.99975,1.0002,1.00,2.00
2010.09.30 04:05:17.269,0.99975,1.0002,1.00,1.00
2010.09.30 04:05:18.366,0.99975,1.00015,1.00,1.00
2010.09.30 04:05:20.396,0.9998,1.0002,1.00,1.00
2010.09.30 04:05:21.928,0.99975,1.00015,1.00,1.00
2010.09.30 04:05:22.160,0.99975,1.00015,1.00,1.00
2010.09.30 04:05:24.219,0.99965,1.0,6.00,1.60
2010.09.30 04:05:24.461,0.9996,1.0001,4.40,4.40
2010.09.30 04:05:25.423,0.9996,0.99995,2.00,1.60
2010.09.30 04:05:25.987,0.9997,0.99995,1.00,1.60
2010.09.30 04:05:26.898,0.9997,1.0001,1.60,4.00
2010.09.30 04:05:27.067,0.99975,1.0001,1.60,1.60
2010.09.30 04:05:27.238,0.99975,1.0001,1.60,1.70
2010.09.30 04:05:28.357,0.99975,1.0001,1.60,1.60
2010.09.30 04:05:28.647,0.99965,1.0001,6.00,4.00
2010.09.30 04:05:28.936,0.99965,1.0001,2.00,4.00
2010.09.30 04:05:29.486,0.99965,1.00005,2.10,1.00
2010.09.30 04:05:30.466,0.99965,1.00005,1.00,1.00
2010.09.30 04:05:30.946,0.9996,1.0,8.40,1.60
2010.09.30 04:05:31.066,0.9996,1.0,6.40,1.60
2010.09.30 04:05:31.198,0.9996,1.0,2.40,1.60
2010.09.30 04:05:32.272,0.9996,1.0,2.40,1.60
2010.09.30 04:05:32.382,0.9996,1.0,2.00,1.60
2010.09.30 04:05:32.667,0.9996,1.0,4.50,1.60
2010.09.30 04:05:32.766,0.9996,1.00005,4.50,1.00
2010.09.30 04:05:33.066,0.9996,1.00005,8.50,1.00
2010.09.30 04:05:33.266,0.9996,1.0,8.40,1.00
2010.09.30 04:05:33.553,0.9996,1.0,8.40,1.60
2010.09.30 04:05:34.547,0.9996,1.0,8.40,1.00
2010.09.30 04:05:35.270,0.99965,1.0,1.00,1.00
2010.09.30 04:05:35.610,0.9996,1.0,8.50,1.00
2010.09.30 04:05:36.358,0.9996,1.0,8.50,1.70
2010.09.30 04:05:36.551,0.9996,1.0,2.10,1.70
2010.09.30 04:05:38.265,0.9996,0.99995,2.00,1.00
2010.09.30 04:05:52.124,0.9996,1.0,2.00,1.60
2010.09.30 04:05:52.745,0.9996,1.0,2.00,1.00
2010.09.30 04:05:52.974,0.9996,1.0,6.10,1.70
2010.09.30 04:05:53.197,0.9996,1.0,2.00,1.60
2010.09.30 04:05:54.140,0.9996,0.99995,2.00,1.00
2010.09.30 04:05:58.330,0.9996,1.0,2.00,1.60
2010.09.30 04:05:58.557,0.9996,1.0,4.40,1.60
2010.09.30 04:05:58.787,0.99965,1.0,1.60,1.00
2010.09.30 04:05:59.016,0.9996,1.0,8.40,1.00
2010.09.30 04:06:00.197,0.99965,1.00005,1.00,1.00
2010.09.30 04:06:11.384,0.99965,1.00005,1.60,1.00
2010.09.30 04:06:18.053,0.99965,1.00005,1.80,1.00
2010.09.30 04:06:18.446,0.99975,1.00005,1.60,1.00
2010.09.30 04:06:18.866,0.99965,1.00005,2.20,1.00
2010.09.30 04:06:19.286,0.99965,1.00005,1.80,1.00
2010.09.30 04:06:20.647,0.99965,1.00005,1.00,1.00
2010.09.30 04:06:23.800,0.99975,1.00005,1.60,1.00
2010.09.30 04:06:24.222,0.99965,1.00005,1.60,1.00
2010.09.30 04:06:24.441,0.9996,1.0,2.00,4.00
2010.09.30 04:06:25.226,0.9996,1.0,1.00,4.40
2010.09.30 04:06:25.897,0.9996,0.99995,1.00,1.00
2010.09.30 04:06:34.683,0.9996,0.9999,1.00,1.00
2010.09.30 04:06:39.225,0.9996,0.99995,1.00,1.00
2010.09.30 04:07:07.937,0.9996,0.9999,1.00,1.60
2010.09.30 04:07:07.986,0.9996,0.9999,1.00,1.60
2010.09.30 04:07:08.156,0.9996,0.9999,1.00,1.00
2010.09.30 04:07:09.359,0.9996,0.99995,1.00,1.00
2010.09.30 04:07:39.718,0.9996,0.99995,2.00,1.00
2010.09.30 04:07:40.249,0.9996,1.0,4.40,1.00
2010.09.30 04:07:40.936,0.99965,1.00005,1.00,1.00
2010.09.30 04:07:47.050,0.99965,1.00005,1.00,1.00
2010.09.30 04:07:47.206,0.99975,1.00005,1.60,1.00
2010.09.30 04:07:48.487,0.99975,1.0001,1.60,1.70
2010.09.30 04:07:49.718,0.99975,1.0001,1.60,1.00
2010.09.30 04:07:50.738,0.99975,1.00015,1.70,1.00
2010.09.30 04:07:53.195,0.99975,1.0001,1.60,1.00
2010.09.30 04:07:53.314,0.99975,1.0001,1.60,1.70
2010.09.30 04:07:54.256,0.99975,1.00005,1.60,1.00
2010.09.30 04:07:54.803,0.99975,1.0001,1.60,1.60
2010.09.30 04:07:55.678,0.99975,1.00015,1.60,1.00
2010.09.30 04:08:08.583,0.99975,1.0001,1.60,1.00
2010.09.30 04:08:09.282,0.9997,1.0001,2.80,1.00
2010.09.30 04:08:09.401,0.99965,1.0001,1.90,1.70
2010.09.30 04:08:09.718,0.99965,1.0001,1.60,4.20
2010.09.30 04:08:09.887,0.99965,1.0,1.60,1.60
2010.09.30 04:08:10.647,0.99965,1.00005,1.60,1.00
2010.09.30 04:08:11.487,0.99965,1.00005,1.70,1.00
2010.09.30 04:08:11.747,0.99965,1.0,1.60,1.60
2010.09.30 04:08:12.157,0.99965,1.0,1.60,1.60
2010.09.30 04:08:14.232,0.99965,0.99995,1.60,1.00
2010.09.30 04:08:15.226,0.99965,1.0,1.60,1.70
2010.09.30 04:08:19.228,0.99965,1.0,1.60,1.00
2010.09.30 04:08:20.288,0.99965,1.00005,1.60,1.00
2010.09.30 04:08:24.660,0.99965,1.0,1.60,1.70
2010.09.30 04:08:26.555,0.99965,1.0,1.60,1.00
2010.09.30 04:08:27.214,0.99965,1.00005,1.60,1.00
2010.09.30 04:08:31.346,0.99965,1.0,1.60,1.00
2010.09.30 04:08:31.526,0.99965,1.0,1.60,1.70
2010.09.30 04:08:32.246,0.99965,1.00005,1.70,1.00
2010.09.30 04:08:32.426,0.99965,1.00005,1.70,1.00
2010.09.30 04:08:36.149,0.99965,1.0,1.60,1.70
2010.09.30 04:08:37.110,0.99965,1.00005,1.60,1.00
2010.09.30 04:09:09.345,0.99965,1.00005,1.80,1.00
2010.09.30 04:09:09.413,0.99965,1.00005,2.20,1.00
2010.09.30 04:09:09.466,0.99975,1.00005,1.60,1.00
2010.09.30 04:09:09.687,0.99965,1.00005,2.20,1.00
2010.09.30 04:09:11.244,0.9997,1.0001,1.00,1.70
2010.09.30 04:09:12.404,0.99975,1.0001,1.60,1.70
2010.09.30 04:09:13.335,0.99975,1.0001,1.60,1.60
2010.09.30 04:09:13.616,0.99975,1.0001,1.60,1.00
2010.09.30 04:09:14.548,0.99975,1.0001,1.60,1.60
2010.09.30 04:09:14.730,0.99975,1.00015,1.70,1.00
2010.09.30 04:09:14.907,0.99975,1.00015,1.70,1.00
2010.09.30 04:09:15.313,0.99975,1.0001,1.70,1.00
2010.09.30 04:09:17.181,0.99975,1.00015,1.70,1.00
2010.09.30 04:09:17.298,0.99975,1.00015,1.60,1.00
2010.09.30 04:09:45.698,0.99975,1.00015,1.80,1.00
2010.09.30 04:09:45.828,0.99975,1.00015,2.20,1.00
2010.09.30 04:09:46.039,0.99975,1.0001,1.60,1.60
2010.09.30 04:09:46.248,0.99975,1.00015,1.60,1.00
2010.09.30 04:09:46.457,0.99975,1.00015,1.60,1.00
2010.09.30 04:09:47.443,0.99975,1.0001,1.60,1.00
2010.09.30 04:09:48.330,0.99975,1.00015,1.60,1.00
2010.09.30 04:10:00.756,0.99975,1.0001,1.60,1.00
2010.09.30 04:10:00.906,0.99975,1.0001,1.60,1.70
2010.09.30 04:10:02.301,0.99975,1.00005,1.60,1.00
2010.09.30 04:10:10.109,0.99975,1.0001,1.60,1.60
2010.09.30 04:10:14.697,0.99975,1.00015,1.60,1.00
2010.09.30 04:10:14.837,0.99975,1.00015,1.70,1.00
2010.09.30 04:10:14.977,0.99975,1.00015,1.70,1.00
2010.09.30 04:10:18.569,0.99975,1.00015,1.90,1.00
2010.09.30 04:10:18.586,0.9998,1.0002,1.00,2.00
2010.09.30 04:10:18.860,0.99985,1.0002,1.60,2.00
2010.09.30 04:10:18.876,0.99985,1.0002,1.60,1.60
2010.09.30 04:10:21.908,0.99985,1.0002,1.80,1.00
2010.09.30 04:10:22.248,0.99985,1.00025,2.20,1.00
2010.09.30 04:10:22.996,0.99985,1.00025,1.80,1.00
2010.09.30 04:10:24.378,0.99985,1.0002,1.80,1.00
2010.09.30 04:10:25.179,0.99985,1.0002,1.60,1.00
2010.09.30 04:10:25.328,0.99985,1.0002,1.60,1.60
2010.09.30 04:10:25.478,0.99985,1.00025,1.60,1.00
2010.09.30 04:10:25.657,0.99985,1.00025,1.60,1.00
2010.09.30 04:10:27.188,0.99985,1.0002,1.60,1.00
2010.09.30 04:10:27.887,0.99985,1.0002,1.60,1.00
2010.09.30 04:10:28.481,0.99985,1.0002,1.60,1.70
2010.09.30 04:10:28.560,0.99985,1.00025,1.60,1.00
2010.09.30 04:10:28.637,0.99985,1.00025,1.60,1.00
2010.09.30 04:10:30.297,0.9999,1.00025,1.00,1.00
2010.09.30 04:10:30.637,0.99985,1.0002,1.60,1.00
2010.09.30 04:10:30.938,0.9998,1.0002,1.00,1.00
2010.09.30 04:10:31.236,0.9998,1.0002,1.00,1.00
2010.09.30 04:10:32.100,0.99985,1.00025,1.00,1.00
2010.09.30 04:10:32.218,0.99985,1.00025,1.00,1.00
2010.09.30 04:10:32.791,0.99985,1.0002,1.00,1.00
2010.09.30 04:10:33.997,0.9998,1.0002,1.00,1.00
2010.09.30 04:11:34.791,0.99975,1.0003,2.00,4.40
2010.09.30 04:12:15.096,0.99975,1.00025,2.00,1.00
2010.09.30 04:12:15.335,0.99975,1.0003,2.00,4.40
2010.09.30 04:12:19.269,0.99975,1.00015,1.70,1.00
2010.09.30 04:12:20.291,0.99975,1.0001,1.60,1.00
2010.09.30 04:12:22.637,0.99975,1.00015,1.60,1.00
2010.09.30 04:12:22.956,0.99975,1.00015,2.00,1.00
2010.09.30 04:12:24.107,0.9998,1.0002,1.00,1.00
2010.09.30 04:12:27.116,0.99975,1.0002,2.00,1.00
2010.09.30 04:12:27.186,0.99975,1.0002,1.00,1.00
2010.09.30 04:12:27.256,0.99975,1.0002,1.00,1.00
2010.09.30 04:12:31.156,0.99975,1.0002,1.60,1.00
2010.09.30 04:12:31.809,0.99975,1.00015,1.60,1.00
2010.09.30 04:12:31.910,0.99975,1.00015,2.00,1.00
2010.09.30 04:12:32.097,0.9998,1.0002,1.00,1.60
2010.09.30 04:12:32.197,0.99985,1.0002,1.60,2.00
2010.09.30 04:12:32.546,0.99985,1.0002,1.60,1.60
2010.09.30 04:12:33.547,0.99985,1.0002,1.60,1.60
2010.09.30 04:12:34.809,0.99985,1.00015,1.60,1.00
2010.09.30 04:12:35.306,0.99985,1.00015,1.60,1.00
2010.09.30 04:12:36.007,0.99985,1.00025,1.70,1.00
2010.09.30 04:12:36.247,0.99985,1.0002,1.60,1.00
2010.09.30 04:12:37.347,0.99985,1.00025,1.70,1.00
2010.09.30 04:12:39.988,0.99995,1.0003,1.60,1.70
2010.09.30 04:12:40.077,0.99995,1.0003,1.80,1.70
2010.09.30 04:12:40.159,1.0,1.00035,1.60,2.40
2010.09.30 04:12:40.248,1.0,1.00035,1.60,1.60
2010.09.30 04:12:40.928,0.99995,1.0003,1.60,1.00
2010.09.30 04:12:41.019,0.9999,1.0003,1.00,1.00
2010.09.30 04:12:41.357,0.9999,1.0003,1.00,1.00
2010.09.30 04:12:42.461,0.99985,1.0003,1.70,1.00
2010.09.30 04:12:45.137,0.99985,1.0003,1.70,1.70
2010.09.30 04:12:45.179,0.99985,1.00025,1.60,1.00
2010.09.30 04:12:45.820,0.99985,1.0003,1.60,1.60
2010.09.30 04:12:46.458,0.99985,1.0003,1.80,1.00
2010.09.30 04:12:47.397,0.9999,1.00035,1.00,2.00
2010.09.30 04:12:47.477,0.99995,1.00035,1.60,2.00
2010.09.30 04:12:47.637,0.9999,1.00035,2.80,1.00
2010.09.30 04:12:47.717,0.9999,1.00035,6.80,1.00
2010.09.30 04:12:48.449,0.99995,1.00035,1.00,1.00
2010.09.30 04:12:48.567,0.99995,1.0003,1.60,1.60
2010.09.30 04:12:48.797,0.99995,1.00035,1.60,1.00
2010.09.30 04:12:49.246,0.99995,1.00035,1.60,1.00
2010.09.30 04:12:49.357,0.99995,1.0003,1.60,1.00
2010.09.30 04:12:50.187,0.9999,1.0003,4.20,1.00
2010.09.30 04:12:50.481,0.99985,1.0003,1.70,1.70
2010.09.30 04:12:51.100,0.99985,1.00025,1.60,1.00
2010.09.30 04:12:54.907,0.99985,1.0002,1.60,1.00
2010.09.30 04:12:55.066,0.99985,1.0002,1.60,1.70
2010.09.30 04:12:55.307,0.99985,1.0002,1.60,1.00
2010.09.30 04:12:56.193,0.99985,1.00025,1.70,1.00
2010.09.30 04:12:58.407,0.99985,1.0002,1.60,1.00
2010.09.30 04:12:58.706,0.99975,1.0002,9.70,1.00
2010.09.30 04:12:58.807,0.99975,1.0002,5.70,1.00
2010.09.30 04:12:58.907,0.99975,1.0002,1.70,1.00
2010.09.30 04:13:00.778,0.99975,1.0002,1.70,2.50
2010.09.30 04:13:01.779,0.99985,1.00015,1.60,1.00
2010.09.30 04:13:02.211,0.99985,1.00015,1.60,1.00
2010.09.30 04:13:03.769,0.99985,1.0002,1.60,1.70
2010.09.30 04:13:06.297,0.99975,1.00015,2.10,1.00
2010.09.30 04:13:06.547,0.99975,1.00015,1.70,1.00
2010.09.30 04:13:08.678,0.99985,1.00015,1.60,1.00
2010.09.30 04:13:09.956,0.99985,1.0002,1.60,1.70
2010.09.30 04:13:10.281,0.9998,1.0002,1.00,4.10
2010.09.30 04:13:10.397,0.99975,1.00015,1.70,1.00
2010.09.30 04:13:10.516,0.99985,1.00015,1.60,1.00
2010.09.30 04:13:11.166,0.99985,1.00015,1.60,1.00
2010.09.30 04:13:12.598,0.99985,1.0002,1.60,1.60
2010.09.30 04:13:12.717,0.99985,1.00025,1.70,1.00
2010.09.30 04:13:12.776,0.99985,1.00025,1.70,1.00
2010.09.30 04:13:16.238,0.9999,1.00025,1.00,1.00
2010.09.30 04:13:19.266,0.99985,1.0002,1.60,1.00
2010.09.30 04:13:19.599,0.99985,1.00025,1.60,1.00
2010.09.30 04:13:19.907,0.9998,1.0002,2.70,1.00
2010.09.30 04:13:20.006,0.9998,1.0002,1.00,1.00
2010.09.30 04:13:20.894,0.9998,1.0002,2.70,1.00
2010.09.30 04:13:21.069,0.9998,1.0002,1.00,1.00
2010.09.30 04:13:21.246,0.99985,1.0002,1.60,1.00
2010.09.30 04:13:21.597,0.9998,1.0002,1.00,1.00
2010.09.30 04:13:25.078,0.99985,1.0003,2.00,1.00
2010.09.30 04:13:25.247,0.9999,1.0003,1.00,1.00
2010.09.30 04:13:25.468,0.9999,1.00035,1.00,1.00
2010.09.30 04:13:25.697,0.9999,1.0003,1.00,1.00
2010.09.30 04:13:27.190,0.99995,1.00035,1.00,1.00
2010.09.30 04:13:27.366,0.99995,1.00035,1.00,1.00
2010.09.30 04:13:27.588,0.9999,1.0003,1.00,1.00
2010.09.30 04:13:28.437,0.99985,1.00035,1.70,1.00
2010.09.30 04:13:28.666,0.99985,1.0003,1.70,1.60
2010.09.30 04:13:28.898,0.99985,1.0003,1.60,4.10
2010.09.30 04:13:29.559,0.9998,1.0003,1.00,4.10
2010.09.30 04:13:29.848,0.99975,1.0002,1.60,4.00
2010.09.30 04:13:30.179,0.99975,1.0002,1.70,4.10
2010.09.30 04:13:30.467,0.99975,1.0002,1.60,4.00
2010.09.30 04:13:30.757,0.99975,1.00015,1.70,1.00
2010.09.30 04:13:31.917,0.99975,1.00015,2.10,1.00
2010.09.30 04:13:33.096,0.99975,1.00015,2.30,1.00
2010.09.30 04:13:34.278,0.9998,1.00015,1.00,1.00
2010.09.30 04:13:35.125,0.9998,1.0002,1.00,1.00
2010.09.30 04:13:36.474,0.99975,1.00015,2.30,1.00
2010.09.30 04:13:36.779,0.99985,1.00025,1.60,2.10
2010.09.30 04:13:37.088,0.99985,1.00025,1.60,1.70
2010.09.30 04:13:37.399,0.99985,1.0003,2.20,1.00
2010.09.30 04:13:38.286,0.99985,1.0003,1.80,1.60
2010.09.30 04:13:40.270,0.99985,1.0002,1.90,1.00
2010.09.30 04:13:40.580,0.9999,1.0003,1.00,1.00
2010.09.30 04:13:41.536,0.99985,1.0003,1.90,2.10
2010.09.30 04:13:42.219,0.99985,1.0003,1.90,4.50
2010.09.30 04:13:43.233,0.9999,1.00025,1.00,1.00
2010.09.30 04:13:43.669,0.99985,1.0002,1.80,1.00
2010.09.30 04:13:45.210,0.99985,1.00025,1.90,1.00
2010.09.30 04:13:47.463,0.99985,1.00025,1.70,1.00
2010.09.30 04:13:47.522,0.9998,1.0003,2.90,1.00
2010.09.30 04:13:47.679,0.9998,1.0003,2.80,1.00
2010.09.30 04:13:48.290,0.9998,1.0003,4.40,1.90
2010.09.30 04:13:48.600,0.9998,1.00025,4.00,1.00
2010.09.30 04:13:48.906,0.99975,1.00025,1.00,2.00
2010.09.30 04:13:49.890,0.99975,1.0002,1.00,4.50
2010.09.30 04:13:50.229,0.99975,1.00015,1.00,1.00
2010.09.30 04:13:51.188,0.9998,1.0002,1.00,1.00
2010.09.30 04:13:52.779,0.99985,1.0002,1.00,1.00
2010.09.30 04:13:53.013,0.9999,1.00035,1.00,6.30
2010.09.30 04:13:53.277,0.9999,1.00035,1.00,2.30
2010.09.30 04:13:54.176,0.9999,1.0003,1.00,1.00
2010.09.30 04:13:57.318,0.9999,1.00025,1.00,1.00
2010.09.30 04:13:59.058,1.0,1.00025,1.00,1.00
2010.09.30 04:13:59.158,1.0,1.0003,3.20,1.00
2010.09.30 04:13:59.426,1.0,1.00025,3.20,1.00
2010.09.30 04:13:59.585,1.0,1.00025,1.00,1.00
2010.09.30 04:13:59.666,0.99995,1.00025,1.00,1.00
2010.09.30 04:14:01.268,0.99995,1.00025,1.00,1.00
2010.09.30 04:14:13.618,0.9999,1.0002,3.20,1.60
2010.09.30 04:14:15.259,0.9999,1.00015,3.20,1.00
2010.09.30 04:14:27.108,0.99995,1.00015,1.00,1.00
2010.09.30 04:14:27.147,0.99995,1.0003,1.00,5.60
2010.09.30 04:14:27.297,1.0,1.0003,3.20,1.60
2010.09.30 04:14:27.458,1.0,1.00035,3.20,1.00
2010.09.30 04:14:27.619,1.00005,1.00035,1.00,1.00
2010.09.30 04:14:29.387,1.00005,1.0003,1.00,1.00
2010.09.30 04:14:29.817,1.00005,1.00035,1.00,1.00
2010.09.30 04:14:29.930,1.00005,1.00035,1.00,1.00
2010.09.30 04:14:30.590,1.00005,1.0003,1.00,1.00
2010.09.30 04:14:31.292,1.0,1.0003,3.20,1.00
2010.09.30 04:14:31.526,1.0,1.0003,3.20,1.60
2010.09.30 04:14:32.263,1.0,1.0003,3.20,1.70
2010.09.30 04:14:33.304,1.0,1.00025,3.20,1.00
2010.09.30 04:14:33.491,1.0,1.0003,3.20,1.70
2010.09.30 04:14:34.028,1.0,1.0003,2.40,1.60
2010.09.30 04:14:34.278,0.99995,1.0003,1.00,1.60
2010.09.30 04:14:35.664,0.99995,1.00025,1.00,1.00
2010.09.30 04:14:37.873,1.0,1.00025,3.20,1.00
2010.09.30 04:14:39.269,1.0,1.0003,3.20,1.00
2010.09.30 04:14:51.336,1.00005,1.0003,1.00,1.00
2010.09.30 04:15:02.477,1.00005,1.00025,1.00,1.00
2010.09.30 04:15:02.788,1.0,1.00025,3.20,1.00
2010.09.30 04:15:05.007,1.0,1.00025,3.20,1.00
2010.09.30 04:15:05.448,1.0001,1.0003,1.00,1.60
2010.09.30 04:15:05.559,1.0001,1.00035,1.00,4.10
2010.09.30 04:15:05.670,1.0001,1.0004,3.20,2.40
2010.09.30 04:15:06.307,1.0001,1.0004,3.20,1.00
2010.09.30 04:15:06.671,1.0001,1.00045,3.20,2.10
2010.09.30 04:15:06.802,1.0001,1.00045,3.20,1.60
2010.09.30 04:15:07.291,1.00015,1.00045,1.00,1.60
2010.09.30 04:15:07.884,1.0001,1.00045,3.20,1.60
2010.09.30 04:15:08.329,1.0002,1.00045,1.00,1.00
2010.09.30 04:15:08.549,1.0002,1.00045,3.20,1.00
2010.09.30 04:15:09.691,1.0002,1.0004,3.20,1.00
2010.09.30 04:15:10.598,1.0002,1.0004,3.20,1.00
2010.09.30 04:15:10.837,1.0002,1.00045,3.20,1.00
2010.09.30 04:15:11.819,1.0002,1.0004,3.20,1.00
2010.09.30 04:15:12.357,1.0002,1.00045,3.20,1.00
2010.09.30 04:15:19.108,1.00015,1.0004,1.00,1.70
2010.09.30 04:15:20.531,1.0001,1.0004,3.20,1.70
2010.09.30 04:15:21.281,1.0001,1.00035,3.20,1.00
2010.09.30 04:15:26.548,1.0001,1.0004,3.20,1.00
2010.09.30 04:15:26.855,1.00015,1.0004,1.00,1.00
2010.09.30 04:15:27.139,1.00015,1.00045,1.00,1.00
2010.09.30 04:15:30.089,1.0002,1.00045,1.00,1.00
2010.09.30 04:15:30.319,1.0002,1.00045,3.20,1.00
2010.09.30 04:15:31.727,1.0001,1.0004,3.20,1.60
2010.09.30 04:15:32.982,1.0001,1.0004,3.20,2.00
2010.09.30 04:15:33.357,1.0001,1.0004,3.20,2.00
2010.09.30 04:15:34.358,1.0001,1.00035,3.20,1.00
2010.09.30 04:15:35.287,1.0001,1.0004,3.20,1.60
2010.09.30 04:15:35.959,1.00015,1.0004,1.00,1.00
2010.09.30 04:15:36.589,1.00015,1.00045,1.00,1.00
2010.09.30 04:15:36.818,1.0002,1.0005,1.00,1.00
2010.09.30 04:15:37.048,1.0002,1.0005,3.20,1.00
2010.09.30 04:15:37.278,1.0002,1.0005,3.20,1.00
2010.09.30 04:15:37.954,1.0002,1.0005,1.00,1.00
2010.09.30 04:15:38.200,1.00015,1.0005,1.00,1.00
2010.09.30 04:15:39.118,1.00015,1.0005,1.00,1.00
2010.09.30 04:15:40.218,1.00015,1.0005,1.00,1.00
2010.09.30 04:15:43.059,1.0002,1.0005,1.00,1.00
2010.09.30 04:15:44.758,1.00015,1.0005,1.00,1.00
2010.09.30 04:15:45.088,1.00015,1.0005,1.00,1.00
2010.09.30 04:15:46.743,1.00015,1.00045,1.00,1.00
2010.09.30 04:15:47.697,1.00015,1.0005,1.00,1.00
2010.09.30 04:15:47.987,1.0002,1.0005,1.00,1.00
2010.09.30 04:15:49.386,1.00015,1.0005,1.00,1.00
2010.09.30 04:15:50.331,1.00015,1.00045,1.00,1.00
2010.09.30 04:15:51.858,1.00015,1.0005,1.00,1.00
2010.09.30 04:15:52.589,1.00015,1.00045,1.00,1.00
2010.09.30 04:15:59.507,1.00015,1.0005,1.00,1.00
2010.09.30 04:16:00.367,1.00015,1.00045,1.00,1.00
2010.09.30 04:16:00.837,1.00015,1.0005,1.00,1.00
2010.09.30 04:16:01.577,1.00015,1.00045,1.00,1.00
2010.09.30 04:16:07.678,1.00015,1.0005,1.00,1.00
2010.09.30 04:16:07.737,1.0002,1.0005,1.00,1.00
2010.09.30 04:16:08.555,1.0002,1.0005,1.00,1.00
2010.09.30 04:16:09.861,1.0002,1.0005,1.00,1.00
2010.09.30 04:16:18.478,1.0002,1.0005,1.00,1.00
2010.09.30 04:16:22.227,1.0001,1.0004,4.00,1.00
2010.09.30 04:16:22.328,1.0001,1.0004,2.40,2.00
2010.09.30 04:16:22.427,1.00005,1.0004,1.00,2.00
2010.09.30 04:16:23.551,1.00005,1.0004,1.00,2.10
2010.09.30 04:16:24.467,1.00005,1.0004,1.00,2.00
2010.09.30 04:16:24.558,1.0001,1.0004,1.00,1.00
2010.09.30 04:16:34.328,1.0001,1.00045,1.00,1.00
2010.09.30 04:16:35.175,1.0001,1.00045,1.00,1.00
2010.09.30 04:16:36.637,1.0001,1.0004,1.00,1.00
2010.09.30 04:16:54.269,1.00015,1.00045,1.00,1.00
2010.09.30 04:16:55.000,1.00015,1.00045,1.00,1.00
2010.09.30 04:16:55.309,1.00015,1.00045,1.00,1.00
2010.09.30 04:16:55.859,1.00015,1.00045,1.00,1.00
2010.09.30 04:16:57.269,1.0002,1.0005,1.00,1.00
2010.09.30 04:17:08.089,1.0002,1.0005,1.00,2.00
2010.09.30 04:17:08.187,1.00015,1.0005,1.00,2.00
2010.09.30 04:17:08.983,1.00005,1.0004,1.00,1.60
2010.09.30 04:17:09.088,1.00005,1.0004,1.00,1.60
2010.09.30 04:17:10.875,1.00005,1.00035,1.00,1.00
2010.09.30 04:17:11.777,1.00005,1.0004,1.00,1.00
2010.09.30 04:17:12.419,1.0001,1.0004,1.00,1.00
2010.09.30 04:17:13.458,1.00015,1.00045,1.00,1.00
2010.09.30 04:17:13.588,1.00015,1.00045,1.00,1.00
2010.09.30 04:17:15.209,1.0001,1.00045,1.00,1.00
2010.09.30 04:17:16.244,1.0001,1.0004,1.00,1.00
2010.09.30 04:17:17.209,1.0001,1.00045,1.00,1.00
2010.09.30 04:17:19.420,1.0001,1.00045,1.00,1.00
2010.09.30 04:17:19.574,1.0001,1.0004,1.00,1.00
2010.09.30 04:17:21.373,1.0001,1.0004,2.40,1.00
2010.09.30 04:17:21.719,1.00015,1.00045,1.00,1.00
2010.09.30 04:17:23.184,1.00015,1.00045,1.00,1.00
2010.09.30 04:17:23.797,1.0001,1.00045,1.00,1.00
2010.09.30 04:17:24.534,1.0001,1.00045,1.00,1.00
2010.09.30 04:17:24.881,1.0001,1.0004,1.00,1.00
2010.09.30 04:17:25.217,1.0001,1.0004,1.00,1.60
2010.09.30 04:17:25.559,1.00005,1.0004,1.00,2.00
2010.09.30 04:17:27.276,1.00005,1.00035,1.00,1.00
2010.09.30 04:17:34.857,1.00005,1.00035,1.00,1.00
2010.09.30 04:17:34.907,1.00005,1.00035,1.00,1.00
2010.09.30 04:17:35.091,0.99995,1.0003,2.40,1.00
2010.09.30 04:17:35.944,0.99995,1.0003,1.00,2.00
2010.09.30 04:17:36.629,0.99995,1.00025,1.00,1.00
2010.09.30 04:17:40.143,0.99995,1.0003,1.00,2.10
2010.09.30 04:17:53.918,0.99995,1.0003,1.00,2.00
2010.09.30 04:17:54.542,0.99995,1.0003,1.00,1.00
2010.09.30 04:17:54.669,0.99995,1.0003,1.00,1.00
2010.09.30 04:17:55.289,0.99995,1.00035,1.00,1.00
2010.09.30 04:17:57.086,0.99995,1.00035,1.20,1.00
2010.09.30 04:17:57.193,1.00005,1.00035,1.00,1.00
2010.09.30 04:17:57.824,1.00005,1.00035,1.00,1.00
2010.09.30 04:17:58.749,0.99995,1.00035,1.10,1.00
2010.09.30 04:17:59.262,0.99995,1.0003,1.00,1.00
2010.09.30 04:18:00.978,0.99995,1.0003,1.00,1.00
2010.09.30 04:18:06.298,0.99995,1.0003,1.00,2.00
2010.09.30 04:18:07.299,0.99995,1.00025,1.00,1.00
2010.09.30 04:18:08.291,0.99995,1.0003,1.00,2.10
2010.09.30 04:18:11.480,0.99995,1.0003,1.00,2.00
2010.09.30 04:18:11.631,0.99995,1.0003,1.00,1.00
2010.09.30 04:18:13.347,0.99995,1.0003,1.00,1.00
2010.09.30 04:18:25.428,0.99995,1.0003,1.00,2.00
2010.09.30 04:18:26.758,0.99995,1.00025,1.00,1.00
2010.09.30 04:18:33.439,0.9999,1.00025,4.00,1.00
2010.09.30 04:18:33.567,0.9999,1.00025,2.40,1.00
2010.09.30 04:18:33.687,0.99995,1.00025,1.00,1.00
2010.09.30 04:18:44.020,0.99985,1.00025,1.00,1.00
2010.09.30 04:18:44.138,0.99985,1.00025,2.50,1.00
2010.09.30 04:18:44.589,0.99985,1.0002,2.40,1.00
2010.09.30 04:18:56.489,0.99985,1.0003,2.50,2.00
2010.09.30 04:18:57.186,0.9999,1.0003,1.00,1.00
2010.09.30 04:18:57.419,0.9999,1.0003,3.20,1.00
2010.09.30 04:19:01.888,0.9999,1.0003,3.20,1.60
2010.09.30 04:19:01.958,0.9999,1.0003,2.40,1.60
2010.09.30 04:19:02.139,0.99985,1.0003,2.50,1.60
2010.09.30 04:19:02.179,0.99985,1.0003,2.50,2.00
2010.09.30 04:19:02.655,0.99985,1.00025,2.60,1.00
2010.09.30 04:19:04.817,0.99985,1.0002,2.40,1.00
2010.09.30 04:19:09.183,0.99985,1.0002,1.00,1.00
2010.09.30 04:19:09.248,0.99985,1.0002,1.00,2.90
2010.09.30 04:19:09.428,0.99985,1.0002,1.00,2.10
2010.09.30 04:19:09.549,0.99985,1.0002,1.00,1.70
2010.09.30 04:19:10.239,0.99985,1.0002,1.00,1.00
2010.09.30 04:19:11.262,0.99985,1.0002,1.00,1.00
2010.09.30 04:19:16.863,0.9998,1.0002,4.00,1.00
2010.09.30 04:19:16.984,0.99975,1.0001,1.60,2.00
2010.09.30 04:19:17.027,0.9997,1.0001,5.00,2.00
2010.09.30 04:19:17.199,0.99975,1.0001,1.60,2.00
2010.09.30 04:19:17.238,0.9997,1.0001,5.00,2.00
2010.09.30 04:19:17.398,0.9997,1.0001,5.20,2.00
2010.09.30 04:19:17.438,0.9998,1.0001,2.40,1.00
2010.09.30 04:19:18.052,0.9998,1.00015,3.20,1.00
2010.09.30 04:19:18.402,0.9998,1.00015,3.20,1.00
2010.09.30 04:19:20.930,0.99985,1.0002,1.00,1.00
2010.09.30 04:19:34.407,0.99985,1.0002,2.40,1.00
2010.09.30 04:19:35.002,0.99985,1.00025,2.50,1.00
2010.09.30 04:19:36.688,0.99995,1.00025,1.00,1.00
2010.09.30 04:19:36.854,0.99985,1.0002,2.40,1.00
2010.09.30 04:19:38.110,0.99985,1.00025,2.60,1.00
2010.09.30 04:19:39.338,0.99985,1.0002,2.40,1.00
2010.09.30 04:19:40.302,0.99985,1.00025,2.50,1.00
2010.09.30 04:19:40.419,0.99985,1.00025,2.60,1.00
2010.09.30 04:19:41.778,0.9999,1.00025,1.00,1.00
2010.09.30 04:19:42.502,0.99995,1.00025,1.00,1.00
2010.09.30 04:19:42.560,0.99995,1.0003,1.00,1.00
2010.09.30 04:19:47.397,0.99995,1.0003,1.00,1.60
2010.09.30 04:19:47.475,0.99995,1.0003,1.00,2.00
2010.09.30 04:19:47.577,0.99995,1.00025,1.00,1.00
2010.09.30 04:19:47.698,0.99995,1.00025,1.00,1.00
2010.09.30 04:19:47.740,0.9999,1.00025,4.00,1.00
2010.09.30 04:19:48.022,0.99985,1.00025,2.50,1.00
2010.09.30 04:19:56.586,0.9999,1.00025,1.60,1.00
2010.09.30 04:19:56.772,0.99995,1.00025,1.00,1.00
2010.09.30 04:20:23.332,0.99995,1.0003,1.00,2.10
2010.09.30 04:20:24.087,0.99995,1.0003,1.00,2.10
2010.09.30 04:20:24.148,1.0,1.0003,2.40,2.00
2010.09.30 04:20:24.218,1.0,1.0003,4.00,1.00
2010.09.30 04:20:24.349,1.00005,1.0003,1.00,1.00
2010.09.30 04:20:24.990,1.00005,1.00035,1.00,1.00
2010.09.30 04:20:25.222,0.99995,1.00035,1.10,1.00
2010.09.30 04:20:25.448,0.99995,1.0003,1.10,1.00
2010.09.30 04:20:25.973,0.99995,1.0003,1.00,1.00
2010.09.30 04:20:27.429,0.99995,1.0003,2.60,1.00
2010.09.30 04:20:29.355,0.99995,1.0003,1.00,1.00
2010.09.30 04:20:31.362,0.99995,1.0003,1.10,1.00
2010.09.30 04:20:37.678,1.00005,1.00035,1.00,1.00
2010.09.30 04:20:38.448,1.0,1.00035,4.00,1.00
2010.09.30 04:20:38.458,1.0,1.00035,1.60,1.00
2010.09.30 04:20:38.476,0.99995,1.00035,1.20,1.00
2010.09.30 04:20:39.238,0.99995,1.00035,1.20,1.00
2010.09.30 04:20:40.160,0.99995,1.0003,1.00,1.00
2010.09.30 04:20:40.417,0.99995,1.0003,1.10,1.00
2010.09.30 04:20:41.592,0.99995,1.0003,1.00,1.00
2010.09.30 04:20:41.690,1.0,1.0003,1.00,1.00
2010.09.30 04:20:41.847,1.0,1.0003,3.20,1.00
2010.09.30 04:20:41.933,1.00005,1.00035,1.00,1.00
2010.09.30 04:20:42.255,1.00005,1.00035,1.00,1.00
2010.09.30 04:20:47.717,1.0,1.00035,3.20,1.00
2010.09.30 04:20:49.213,1.0,1.0003,3.20,1.00
2010.09.30 04:20:55.678,0.99995,1.0003,1.00,2.10
2010.09.30 04:20:57.837,0.99995,1.00025,1.00,1.00
2010.09.30 04:20:59.247,0.99995,1.0003,1.00,2.10
2010.09.30 04:21:02.103,0.99995,1.0002,1.00,1.00
2010.09.30 04:21:02.428,0.9999,1.0002,1.60,1.00
2010.09.30 04:21:03.669,0.99985,1.00015,2.40,1.00
2010.09.30 04:21:04.436,0.9999,1.00015,1.60,1.00
2010.09.30 04:21:08.504,0.9999,1.0002,4.80,1.00
2010.09.30 04:21:08.678,0.9999,1.0002,4.80,1.00
2010.09.30 04:21:09.126,0.9999,1.0002,3.20,1.00
2010.09.30 04:21:09.339,0.9999,1.0002,2.40,1.00
2010.09.30 04:21:10.055,0.9998,1.0002,2.40,2.20
2010.09.30 04:21:10.264,0.99975,1.0001,2.40,1.60
2010.09.30 04:21:11.228,0.9997,1.0,3.20,1.60
2010.09.30 04:21:11.678,0.9997,1.00005,3.20,1.60
2010.09.30 04:21:12.569,0.9997,1.00005,4.80,1.60
2010.09.30 04:21:13.225,0.9997,1.00005,4.80,1.70
2010.09.30 04:21:13.348,0.9997,1.00005,4.80,1.60
2010.09.30 04:21:14.213,0.9997,1.00005,5.00,1.60
2010.09.30 04:21:14.870,0.9997,1.00005,4.80,1.70
2010.09.30 04:21:14.997,0.9997,1.00005,3.20,1.70
2010.09.30 04:21:15.806,0.9997,1.00005,3.20,1.60
2010.09.30 04:21:17.078,0.9997,1.0,3.20,1.60
2010.09.30 04:21:18.090,0.99975,1.00005,1.00,1.60
2010.09.30 04:21:20.319,0.9997,1.0,3.20,1.60
2010.09.30 04:21:20.520,0.9997,1.00005,4.90,1.60
2010.09.30 04:21:20.719,0.99975,1.00005,1.00,1.60
2010.09.30 04:21:22.068,0.99975,1.0001,2.60,1.60
2010.09.30 04:21:22.298,0.9998,1.0001,3.20,1.60
2010.09.30 04:21:24.142,0.9998,1.00015,3.20,1.70
2010.09.30 04:21:24.408,0.9998,1.00015,3.40,1.60
2010.09.30 04:21:24.497,0.9998,1.0002,5.00,2.10
2010.09.30 04:21:24.768,0.99985,1.0002,1.00,1.70
2010.09.30 04:21:28.276,0.99985,1.0002,1.00,1.60
2010.09.30 04:21:59.873,0.99985,1.0002,1.00,1.70
2010.09.30 04:22:00.871,0.99975,1.0001,1.00,1.60
2010.09.30 04:22:01.208,0.99975,1.0001,1.00,1.60
2010.09.30 04:22:02.703,0.9998,1.00015,3.20,1.00
2010.09.30 04:22:03.457,0.9998,1.0002,3.40,1.70
2010.09.30 04:22:04.228,0.9998,1.0002,1.00,1.70
2010.09.30 04:22:05.348,0.9998,1.00015,1.00,1.00
2010.09.30 04:22:05.548,0.99975,1.0001,1.00,1.60
2010.09.30 04:22:05.748,0.99975,1.0001,1.00,1.60
2010.09.30 04:22:06.599,0.9997,1.0001,4.50,1.60
2010.09.30 04:22:07.311,0.9997,1.0001,4.40,1.60
2010.09.30 04:22:09.217,0.9997,1.0001,4.40,1.00
2010.09.30 04:22:09.298,0.99975,1.0001,1.00,1.00
2010.09.30 04:22:09.379,0.99975,1.00015,1.00,2.30
2010.09.30 04:22:09.468,0.99975,1.00015,1.00,1.00
2010.09.30 04:22:09.558,0.99975,1.00015,1.00,1.00
2010.09.30 04:22:10.598,0.99975,1.00015,1.00,1.00
2010.09.30 04:22:11.043,0.9998,1.00015,1.00,1.00
2010.09.30 04:22:13.370,0.99975,1.00015,1.00,1.00
2010.09.30 04:22:18.628,0.99975,1.00015,1.00,1.00
2010.09.30 04:22:18.654,0.99975,1.0002,1.00,1.60
2010.09.30 04:22:18.988,0.9998,1.0002,1.00,1.60
2010.09.30 04:22:20.300,0.99985,1.0002,1.00,1.60
2010.09.30 04:22:20.640,0.99985,1.0002,1.00,1.60
2010.09.30 04:22:21.464,0.9998,1.0002,4.40,1.60
2010.09.30 04:22:21.637,0.9998,1.0002,1.00,1.70
2010.09.30 04:22:21.938,0.99975,1.0002,1.00,1.60
2010.09.30 04:22:23.089,0.99975,1.0002,2.00,1.60
2010.09.30 04:22:23.298,0.99975,1.00015,1.00,1.00
2010.09.30 04:22:27.629,0.99975,1.00015,2.00,1.00
2010.09.30 04:22:27.747,0.99975,1.00015,1.00,1.00
2010.09.30 04:22:28.834,0.99975,1.00015,1.00,1.00
2010.09.30 04:22:29.183,0.9997,1.0001,4.50,1.60
2010.09.30 04:22:29.522,0.99975,1.00015,1.00,1.00
2010.09.30 04:22:30.136,0.99975,1.00015,1.00,1.00
2010.09.30 04:22:30.435,0.99975,1.00015,1.00,1.00
2010.09.30 04:22:32.083,0.99975,1.00015,1.00,1.00
2010.09.30 04:22:32.228,0.9998,1.00015,1.00,1.00
2010.09.30 04:22:32.600,0.9998,1.00015,1.00,1.00
2010.09.30 04:22:32.749,0.9998,1.0002,4.40,1.70
2010.09.30 04:22:32.898,0.99985,1.0002,1.00,1.70
2010.09.30 04:22:33.048,0.9998,1.0002,2.00,1.70
2010.09.30 04:22:33.198,0.9998,1.0002,2.80,1.70
2010.09.30 04:22:33.844,0.99985,1.0002,1.00,1.70
2010.09.30 04:22:36.500,0.9998,1.0002,4.40,1.70
2010.09.30 04:22:36.658,0.9998,1.0002,2.00,1.70
2010.09.30 04:22:36.817,0.9998,1.0002,4.40,1.70
2010.09.30 04:22:37.493,0.99985,1.0002,1.00,1.70
2010.09.30 04:22:40.338,0.99985,1.0002,1.00,1.60
2010.09.30 04:22:40.728,0.99985,1.0002,1.00,1.60
2010.09.30 04:22:42.069,0.99985,1.0002,1.00,1.60
2010.09.30 04:22:43.124,0.9998,1.0002,4.40,1.60
2010.09.30 04:22:43.194,0.9998,1.00015,1.00,1.00
2010.09.30 04:22:43.370,0.9997,1.0,1.00,1.60
2010.09.30 04:22:43.538,0.9997,1.0,2.90,1.60
2010.09.30 04:22:43.629,0.9998,1.00015,1.00,1.80
2010.09.30 04:22:44.360,0.9997,1.0,1.00,1.60
2010.09.30 04:22:45.287,0.9997,1.0,1.00,1.60
2010.09.30 04:22:46.671,0.99965,1.0,1.00,1.60
2010.09.30 04:22:46.779,0.9997,1.0,1.00,1.60
2010.09.30 04:22:46.888,0.9997,1.0001,1.00,5.90
2010.09.30 04:22:46.998,0.9997,1.0001,1.00,1.90
2010.09.30 04:22:47.338,0.9997,1.0001,1.00,1.80
2010.09.30 04:22:47.438,0.9997,1.00005,1.00,1.00
2010.09.30 04:22:47.538,0.9997,1.00005,1.00,1.00
2010.09.30 04:22:48.610,0.99965,1.00005,1.00,1.00
2010.09.30 04:22:48.670,0.99965,1.0,2.10,1.60
2010.09.30 04:22:48.837,0.99965,1.0,1.00,1.60
2010.09.30 04:22:48.959,0.99965,1.0,1.00,1.60
2010.09.30 04:22:49.018,0.9996,1.0,4.90,2.00
2010.09.30 04:22:49.078,0.9996,0.99995,1.00,1.60
2010.09.30 04:22:49.989,0.9996,0.99995,1.00,1.60
2010.09.30 04:22:51.905,0.9997,1.0,1.60,1.00
2010.09.30 04:22:52.083,0.99975,1.0001,1.00,1.70
2010.09.30 04:22:52.619,0.9997,1.0001,4.40,1.70
2010.09.30 04:22:52.798,0.9997,1.0,1.00,1.60
2010.09.30 04:22:53.690,0.9997,1.0,2.80,1.60
2010.09.30 04:22:53.958,0.99975,1.0001,1.00,1.60
2010.09.30 04:22:54.500,0.9997,1.0001,4.40,1.70
2010.09.30 04:22:54.748,0.9997,1.0001,1.00,1.70
2010.09.30 04:22:55.340,0.9997,1.0001,2.00,1.70
2010.09.30 04:22:55.591,0.9997,1.0001,1.00,1.60
2010.09.30 04:22:55.899,0.99975,1.0001,1.00,1.60
2010.09.30 04:22:57.373,0.9998,1.0002,1.00,2.10
2010.09.30 04:22:57.599,0.9998,1.0001,1.00,1.60
2010.09.30 04:22:57.819,0.99975,1.0001,1.00,1.60
2010.09.30 04:22:58.820,0.99975,1.0001,1.00,1.60
2010.09.30 04:22:59.910,0.99975,1.0001,1.00,1.60
2010.09.30 04:23:00.339,0.99975,1.0001,1.00,1.60
2010.09.30 04:23:02.406,0.9998,1.0001,1.00,1.60
2010.09.30 04:23:02.452,0.9998,1.0002,1.00,1.70
2010.09.30 04:23:04.158,0.99975,1.0002,1.00,1.70
2010.09.30 04:23:04.242,0.99975,1.00015,1.00,1.00
2010.09.30 04:23:04.989,0.99975,1.0001,1.00,1.60
2010.09.30 04:23:12.341,0.99985,1.00015,1.00,1.60
2010.09.30 04:23:15.409,0.9998,1.00015,1.00,1.60
2010.09.30 04:23:16.371,0.9998,1.0002,1.00,1.70
2010.09.30 04:23:18.258,0.9998,1.0002,1.00,1.70
2010.09.30 04:23:18.426,0.99975,1.0001,1.00,1.60
2010.09.30 04:23:21.488,0.9998,1.00015,1.00,1.60
2010.09.30 04:23:21.668,0.9998,1.0002,1.00,1.70
2010.09.30 04:23:22.427,0.9998,1.0002,1.00,1.70
2010.09.30 04:23:23.850,0.9998,1.00015,1.00,1.00
2010.09.30 04:23:27.607,0.9998,1.00015,1.00,1.60
2010.09.30 04:23:27.827,0.9998,1.00015,1.00,1.70
2010.09.30 04:23:29.353,0.9998,1.0001,1.00,1.00
2010.09.30 04:23:31.440,0.9998,1.0001,1.00,1.00
2010.09.30 04:23:32.249,0.9997,1.0001,2.40,1.60
2010.09.30 04:23:32.421,0.99965,1.0001,2.00,1.60
2010.09.30 04:23:33.143,0.9997,1.0001,4.40,1.60
2010.09.30 04:23:33.252,0.9997,1.00005,4.40,1.00
2010.09.30 04:23:34.748,0.9997,1.0001,4.40,1.60
2010.09.30 04:23:35.178,0.9997,1.00005,4.40,1.00
2010.09.30 04:23:37.101,0.9997,1.00005,4.40,1.00
2010.09.30 04:23:39.032,0.9998,1.0001,2.40,1.60
2010.09.30 04:23:39.293,0.9998,1.00015,2.40,1.70
2010.09.30 04:23:40.005,0.99975,1.00015,1.00,1.70
2010.09.30 04:23:40.269,0.9998,1.00015,4.40,1.70
2010.09.30 04:23:40.840,0.99975,1.00015,1.00,1.60
2010.09.30 04:23:41.765,0.9997,1.0001,4.40,1.60
2010.09.30 04:23:42.149,0.9997,1.00015,4.50,1.00
2010.09.30 04:23:43.082,0.99975,1.00015,1.00,1.00
2010.09.30 04:23:44.696,0.9997,1.0001,4.40,1.60
2010.09.30 04:23:45.398,0.9997,1.0001,4.50,1.70
2010.09.30 04:23:47.729,0.99975,1.00015,1.00,1.00
2010.09.30 04:23:49.162,0.99975,1.00015,1.00,1.00
2010.09.30 04:23:49.379,0.99975,1.0001,1.00,1.00
2010.09.30 04:23:52.837,0.9997,1.0001,4.50,1.60
2010.09.30 04:23:54.289,0.9997,1.0001,4.50,1.70
2010.09.30 04:23:55.039,0.9997,1.0001,4.40,1.00
2010.09.30 04:23:55.289,0.99975,1.0001,1.00,1.00
2010.09.30 04:23:56.230,0.99975,1.0001,1.00,1.00
2010.09.30 04:24:00.971,0.9998,1.00015,4.40,1.70
2010.09.30 04:24:01.159,0.99975,1.00015,1.00,1.70
2010.09.30 04:24:01.349,0.9998,1.00015,2.80,1.70
2010.09.30 04:24:02.579,0.99975,1.00015,1.00,1.70
2010.09.30 04:24:02.858,0.99975,1.0001,1.00,1.00
2010.09.30 04:24:03.128,0.99975,1.0001,1.00,1.00
2010.09.30 04:24:03.399,0.9997,1.0001,4.40,1.60
2010.09.30 04:24:03.829,0.99975,1.0001,1.00,1.00
2010.09.30 04:24:09.868,0.9998,1.0001,1.00,1.00
2010.09.30 04:24:11.630,0.99975,1.0001,1.00,1.60
2010.09.30 04:24:12.056,0.99975,1.0001,1.00,1.70
2010.09.30 04:24:13.140,0.9997,1.00005,1.00,1.00
2010.09.30 04:24:14.522,0.9997,1.0,1.00,1.00
2010.09.30 04:24:15.141,0.9997,1.00005,1.00,1.00
2010.09.30 04:24:15.898,0.9997,1.0,1.00,1.00
2010.09.30 04:24:16.924,0.9997,1.0,1.00,1.60
2010.09.30 04:24:17.089,0.99965,1.0,1.00,1.60
2010.09.30 04:24:18.677,0.99965,1.0,1.00,1.70
2010.09.30 04:24:20.486,0.99965,0.99995,1.00,1.00
2010.09.30 04:24:40.252,0.9997,1.00005,1.60,1.00
2010.09.30 04:24:40.366,0.99975,1.00005,1.00,1.00
2010.09.30 04:24:42.508,0.99975,1.00005,1.00,1.60
2010.09.30 04:24:44.908,0.99975,1.00005,1.00,1.70
2010.09.30 04:24:45.074,0.9997,1.00005,1.00,1.70
2010.09.30 04:24:45.108,0.9997,1.00005,1.00,1.60
2010.09.30 04:24:45.919,0.9997,1.0,1.00,1.00
2010.09.30 04:24:46.388,0.9997,1.0,2.00,1.00
2010.09.30 04:24:47.030,0.99975,1.0,1.00,1.00
2010.09.30 04:24:47.143,0.9997,1.0,1.00,1.00
2010.09.30 04:24:48.316,0.9997,1.00005,1.00,1.70
2010.09.30 04:24:50.150,0.99965,1.0,1.00,1.60
2010.09.30 04:24:50.467,0.99965,0.99995,1.00,1.00
2010.09.30 04:24:52.150,0.9997,1.0,1.00,1.00
2010.09.30 04:24:53.279,0.9997,1.00005,1.00,1.70
2010.09.30 04:24:54.157,0.9997,1.0,1.00,1.00
2010.09.30 04:24:54.268,0.9997,1.00005,1.00,1.60
2010.09.30 04:24:55.614,0.9997,1.0,1.00,1.60
2010.09.30 04:24:55.741,0.99965,1.0,1.00,1.60
2010.09.30 04:24:56.143,0.99965,1.0,1.00,1.70
2010.09.30 04:24:57.770,0.99965,1.0,1.00,1.60
2010.09.30 04:24:59.049,0.9996,0.99995,1.00,1.60
2010.09.30 04:24:59.210,0.9996,0.99995,2.00,1.00
2010.09.30 04:24:59.899,0.9996,1.0,4.40,1.70
2010.09.30 04:25:00.059,0.99965,1.0,1.00,1.70
2010.09.30 04:25:01.748,0.9997,1.0,1.00,1.70
2010.09.30 04:25:01.899,0.9997,1.0,1.00,1.00
2010.09.30 04:25:02.981,0.9997,1.00005,1.00,1.70
2010.09.30 04:25:05.427,0.9997,1.0,1.00,1.00
2010.09.30 04:25:05.577,0.99965,1.0,1.00,1.00
2010.09.30 04:25:05.628,0.99965,0.99995,1.00,1.60
2010.09.30 04:25:07.758,0.9997,0.99995,1.00,1.60
2010.09.30 04:25:08.168,0.9997,1.00005,1.00,1.60
2010.09.30 04:25:10.113,0.9997,1.00005,2.80,1.60
2010.09.30 04:25:12.069,0.9998,1.0001,4.40,1.00
2010.09.30 04:25:12.849,0.9998,1.0001,2.80,1.00
2010.09.30 04:25:13.242,0.9998,1.00015,2.80,1.00
2010.09.30 04:25:14.474,0.9998,1.0001,2.80,1.00
2010.09.30 04:25:14.887,0.9998,1.00015,2.80,1.00
2010.09.30 04:25:16.227,0.9998,1.0001,2.80,1.00
2010.09.30 04:25:19.370,0.99985,1.00015,1.00,1.00
2010.09.30 04:25:20.397,0.99985,1.0002,1.00,1.70
2010.09.30 04:25:21.571,0.9998,1.0001,2.80,1.60
2010.09.30 04:25:21.728,0.9998,1.00015,2.80,1.00
2010.09.30 04:25:23.809,0.9998,1.00015,2.80,1.00
2010.09.30 04:25:24.359,0.9998,1.0001,2.80,1.00
2010.09.30 04:25:27.169,0.9998,1.0001,2.80,1.00
2010.09.30 04:25:35.430,0.9998,1.00005,2.80,1.00
2010.09.30 04:25:35.775,0.99965,1.0,2.00,1.60
2010.09.30 04:25:37.628,0.99965,1.0,2.00,1.70
2010.09.30 04:25:37.778,0.99965,1.0,2.00,1.60
2010.09.30 04:25:40.038,0.9997,1.00005,1.00,1.60
2010.09.30 04:25:40.127,0.9997,1.00005,2.80,1.60
2010.09.30 04:25:40.875,0.9997,0.99995,2.80,1.00
2010.09.30 04:25:43.278,0.9997,1.0,2.80,1.00
2010.09.30 04:25:45.452,0.9997,1.0,1.00,1.00
2010.09.30 04:25:49.341,0.9997,1.0,1.00,1.00
2010.09.30 04:25:49.477,0.99965,1.0,2.00,1.00
2010.09.30 04:25:49.547,0.99965,1.0,2.00,1.70
2010.09.30 04:25:51.323,0.99965,0.99995,2.00,1.00
2010.09.30 04:26:01.647,0.99965,0.99995,2.00,1.00
2010.09.30 04:26:01.909,0.9996,0.99995,1.00,1.00
2010.09.30 04:26:02.958,0.9996,0.99995,1.00,1.00
2010.09.30 04:26:03.045,0.9996,0.9999,1.00,1.60
2010.09.30 04:26:03.316,0.9996,0.9999,1.00,1.70
2010.09.30 04:26:04.189,0.9996,0.9999,1.00,1.60
2010.09.30 04:26:04.419,0.99965,0.99995,1.60,1.00
2010.09.30 04:26:04.650,0.99965,0.99995,1.60,1.00
2010.09.30 04:26:04.879,0.99965,0.99995,2.00,1.00
2010.09.30 04:26:05.328,0.99965,0.99995,2.00,1.00
2010.09.30 04:26:06.299,0.99965,0.99995,2.00,1.00
2010.09.30 04:26:06.619,0.9996,0.99995,1.00,1.00
2010.09.30 04:26:08.317,0.9996,0.9999,1.00,1.00
2010.09.30 04:26:10.367,0.9996,0.99995,1.00,1.00
2010.09.30 04:26:10.406,0.99965,0.99995,1.60,1.00
2010.09.30 04:26:11.063,0.99965,0.99995,2.00,1.00
2010.09.30 04:26:12.326,0.99965,0.99995,2.00,1.00
2010.09.30 04:26:12.508,0.99965,0.99995,1.60,1.00
2010.09.30 04:26:12.688,0.9996,1.0,1.00,2.10
2010.09.30 04:26:13.403,0.9996,1.0,2.00,2.10
2010.09.30 04:26:13.509,0.99965,1.0,1.00,2.10
2010.09.30 04:26:13.868,0.99965,0.99995,1.00,1.00
2010.09.30 04:26:42.926,0.9996,0.99995,4.40,1.00
2010.09.30 04:26:43.117,0.9996,0.99995,2.00,1.00
2010.09.30 04:26:43.127,0.9996,1.0,2.00,2.10
2010.09.30 04:26:43.819,0.99965,1.0,1.00,1.70
2010.09.30 04:26:43.897,0.99965,1.0,1.00,1.60
2010.09.30 04:26:45.854,0.99965,0.99995,1.00,1.00
2010.09.30 04:26:46.028,0.99965,0.99995,1.00,1.00
2010.09.30 04:26:46.756,0.99965,0.99995,2.00,1.00
2010.09.30 04:26:50.605,0.99965,1.0,2.00,1.70
2010.09.30 04:26:54.837,0.99965,1.0,1.00,1.70
2010.09.30 04:27:05.788,0.99965,1.0,2.00,1.00
2010.09.30 04:27:06.018,0.9997,1.0,1.00,1.00
2010.09.30 04:27:10.407,0.99965,1.0,2.00,1.00
2010.09.30 04:27:11.090,0.9997,1.0,2.00,1.00
2010.09.30 04:27:11.575,0.9997,1.00005,2.00,1.00
2010.09.30 04:27:11.779,0.9997,1.00005,1.60,1.00
2010.09.30 04:27:11.887,0.99965,1.0,2.00,1.60
2010.09.30 04:27:11.988,0.99965,0.99995,2.00,1.00
2010.09.30 04:27:12.794,0.99965,0.99995,1.60,1.00
2010.09.30 04:27:13.020,0.9996,0.99995,1.00,1.00
2010.09.30 04:27:13.236,0.9996,1.0,1.00,2.00
2010.09.30 04:27:15.192,0.9996,0.99995,1.00,1.00
2010.09.30 04:27:15.307,0.9996,0.99995,1.00,1.00
2010.09.30 04:27:19.640,0.9996,0.99995,1.00,1.00
2010.09.30 04:27:20.018,0.9996,0.9999,1.00,1.60
2010.09.30 04:27:20.607,0.9996,0.99985,1.00,1.00
2010.09.30 04:27:22.993,0.9996,0.9999,1.00,1.60
2010.09.30 04:27:25.958,0.9996,0.99995,1.00,1.00
2010.09.30 04:27:26.198,0.9996,0.99995,1.00,2.10
2010.09.30 04:27:26.328,0.9996,0.99995,1.00,1.70
2010.09.30 04:27:26.449,0.9996,0.9999,1.00,1.00
2010.09.30 04:27:27.363,0.9996,0.9999,1.00,1.00
2010.09.30 04:27:30.405,0.9996,0.99995,1.00,1.60
2010.09.30 04:27:32.002,0.9996,0.9999,1.00,1.00
2010.09.30 04:27:36.680,0.99965,0.99995,1.00,1.00
2010.09.30 04:27:49.760,0.9996,0.9999,1.00,2.00
2010.09.30 04:27:51.359,0.9996,0.9999,1.00,1.00
2010.09.30 04:27:51.589,0.9996,0.9999,1.00,1.60
2010.09.30 04:27:53.174,0.9996,0.9999,1.00,1.60
2010.09.30 04:27:53.369,0.9996,0.9999,1.00,1.70
2010.09.30 04:27:55.420,0.9996,0.99985,1.00,1.00
2010.09.30 04:27:55.848,0.9996,0.9999,1.00,1.00
2010.09.30 04:28:03.646,0.9996,0.9999,1.00,1.70
2010.09.30 04:28:04.279,0.9996,0.99985,1.00,1.00
2010.09.30 04:28:05.371,0.9996,0.99985,1.00,1.00
2010.09.30 04:28:08.318,0.9996,0.99985,1.00,1.00
2010.09.30 04:28:08.521,0.9996,0.99985,1.00,1.00
2010.09.30 04:28:11.878,0.9996,0.9998,1.00,1.00
2010.09.30 04:28:14.641,0.9996,0.9998,1.00,1.00
2010.09.30 04:28:14.959,0.9996,0.9998,1.00,1.70
2010.09.30 04:28:15.648,0.9996,0.9998,1.00,1.00
2010.09.30 04:28:15.802,0.9996,0.9998,1.00,1.00
2010.09.30 04:28:16.323,0.9996,0.9998,1.00,1.00
2010.09.30 04:28:16.582,0.9996,0.9998,1.00,2.10
2010.09.30 04:28:17.873,0.9996,0.99975,1.00,1.00
2010.09.30 04:28:22.382,0.9996,0.9998,1.00,2.10
2010.09.30 04:28:22.509,0.9996,0.9998,1.00,2.00
2010.09.30 04:28:22.629,0.9996,0.9998,1.00,1.60
2010.09.30 04:28:23.257,0.9996,0.9998,1.00,1.00
2010.09.30 04:28:23.483,0.9996,0.99985,1.00,1.00
2010.09.30 04:28:25.466,0.9996,0.9998,1.00,1.00
2010.09.30 04:29:04.671,0.9996,0.99985,1.00,1.00
2010.09.30 04:29:05.716,0.9996,0.99985,1.00,1.00
2010.09.30 04:29:07.160,0.9996,0.9998,1.00,1.00
2010.09.30 04:29:08.358,0.9996,0.9998,1.00,1.00
2010.09.30 04:29:27.840,0.9996,0.99985,1.00,1.00
2010.09.30 04:29:27.993,0.9996,0.99985,1.00,1.00
2010.09.30 04:29:30.267,0.9996,0.9998,1.00,1.00
2010.09.30 04:29:31.151,0.9996,0.99985,1.00,1.00
2010.09.30 04:29:32.690,0.9996,0.9998,1.00,1.00
2010.09.30 04:29:36.413,0.9996,0.99985,1.00,1.00
2010.09.30 04:29:38.120,0.9996,0.99985,1.00,1.00
2010.09.30 04:29:38.353,0.9996,0.9998,1.00,1.00
2010.09.30 04:29:38.579,0.9996,0.99975,1.00,1.60
2010.09.30 04:29:42.273,0.9996,0.99975,1.00,1.70
2010.09.30 04:29:43.183,0.9996,0.99975,1.00,1.60
2010.09.30 04:29:45.211,0.9996,0.99975,1.00,1.60
2010.09.30 04:29:46.711,0.9996,0.99975,1.00,1.70
2010.09.30 04:29:48.656,0.9996,0.9997,1.00,1.00
2010.09.30 04:29:50.067,0.9996,0.9997,1.00,1.70
2010.09.30 04:29:51.536,0.9996,0.99965,1.00,1.00
2010.09.30 04:29:51.874,0.9996,0.9997,1.00,1.70
2010.09.30 04:29:52.212,0.9996,0.9997,1.00,1.90
2010.09.30 04:29:52.421,0.9996,0.99965,1.00,1.00
2010.09.30 04:29:53.105,0.99955,0.99965,4.00,1.00
2010.09.30 04:29:53.273,0.9996,0.99965,1.00,1.00
2010.09.30 04:29:53.778,0.9996,0.99965,1.00,1.00
2010.09.30 04:29:54.845,0.9996,0.9997,1.00,1.90
2010.09.30 04:29:56.172,0.9996,0.99965,1.00,1.00
2010.09.30 04:29:56.729,0.9996,0.99965,1.00,1.60
2010.09.30 04:29:58.299,0.9996,0.99965,1.00,1.00
2010.09.30 04:29:58.440,0.9996,0.9997,1.00,1.60
2010.09.30 04:29:58.579,0.9996,0.99975,1.00,2.00
2010.09.30 04:29:58.820,0.9996,0.9997,1.00,1.60
2010.09.30 04:29:59.452,0.9996,0.9997,1.00,2.00
2010.09.30 04:29:59.681,0.99955,0.99975,3.60,2.10
2010.09.30 04:29:59.840,0.99955,0.9997,3.60,1.00
2010.09.30 04:30:00.439,0.99955,0.99975,3.60,2.00
2010.09.30 04:30:00.599,0.99955,0.99975,3.60,1.00
2010.09.30 04:30:02.246,0.99955,0.9997,3.60,1.00
2010.09.30 04:30:02.361,0.99955,0.99975,3.60,1.00
2010.09.30 04:30:03.513,0.99955,0.99975,3.60,1.70
2010.09.30 04:30:03.779,0.99955,0.9997,3.60,1.00
2010.09.30 04:30:04.233,0.99955,0.9997,3.60,1.00
2010.09.30 04:30:10.877,0.99955,0.99975,3.60,1.00
2010.09.30 04:30:11.398,0.99955,0.99975,3.60,1.70
2010.09.30 04:30:12.739,0.99955,0.9997,3.60,1.00
2010.09.30 04:30:28.052,0.99955,0.9997,3.60,1.00
2010.09.30 04:30:28.831,0.99955,0.9997,3.60,1.80
2010.09.30 04:30:30.289,0.99955,0.99965,3.60,1.00
2010.09.30 04:30:32.302,0.99955,0.9996,3.60,1.00
2010.09.30 04:30:34.177,0.99955,0.99965,3.60,1.00
2010.09.30 04:30:34.614,0.99955,0.9996,3.60,1.00
2010.09.30 04:30:36.769,0.99955,0.99965,3.60,1.00
2010.09.30 04:30:42.885,0.99955,0.9996,3.60,1.00
2010.09.30 04:30:59.356,0.99955,0.99965,3.60,1.00
2010.09.30 04:31:02.960,0.99955,0.99965,2.80,1.00
2010.09.30 04:31:04.303,0.99955,0.9996,2.80,1.00
2010.09.30 04:31:06.009,0.99955,0.9996,2.00,1.00
2010.09.30 04:31:06.966,0.99955,0.99965,2.00,1.00
2010.09.30 04:31:07.878,0.99955,0.9996,2.00,1.00
2010.09.30 04:31:09.045,0.99955,0.9996,1.60,1.00
2010.09.30 04:31:18.020,0.99955,0.99965,1.60,1.00
2010.09.30 04:31:18.659,0.99955,0.9996,1.60,1.00
2010.09.30 04:31:19.644,0.99955,0.99965,1.60,1.00
2010.09.30 04:31:20.120,0.99955,0.99965,1.30,1.00
2010.09.30 04:31:20.308,0.99955,0.99965,1.70,1.00
2010.09.30 04:31:21.291,0.99955,0.9996,1.70,1.00
2010.09.30 04:31:26.301,0.99955,0.99965,1.70,1.00
2010.09.30 04:31:28.512,0.99955,0.99965,1.00,1.00
2010.09.30 04:31:29.836,0.99955,0.99965,1.00,1.00
2010.09.30 04:31:34.241,0.99955,0.99965,1.00,1.00
2010.09.30 04:31:35.070,0.99955,0.9997,1.00,1.00
2010.09.30 04:31:37.300,0.99955,0.99965,1.00,1.00
2010.09.30 04:31:37.741,0.99955,0.9997,1.00,1.00
2010.09.30 04:31:37.938,0.99955,0.99965,1.00,1.00
2010.09.30 04:31:38.941,0.99955,0.9997,1.00,1.00
2010.09.30 04:31:40.945,0.99955,0.99965,1.00,1.00
2010.09.30 04:31:41.229,0.99955,0.9997,1.00,2.00
2010.09.30 04:31:41.379,0.99955,0.9997,1.00,1.00
2010.09.30 04:31:41.529,0.99955,0.9997,1.00,1.00
2010.09.30 04:31:41.809,0.99955,0.9997,1.00,1.00
2010.09.30 04:31:43.351,0.99955,0.99965,1.00,1.00
2010.09.30 04:31:45.233,0.99955,0.99965,1.00,1.00
2010.09.30 04:31:46.328,0.99955,0.9997,1.00,1.00
2010.09.30 04:31:46.498,0.99955,0.9997,4.40,1.00
2010.09.30 04:31:54.569,0.99955,0.9997,4.40,1.00
2010.09.30 04:31:54.680,0.99955,0.9997,4.40,1.00
2010.09.30 04:31:54.789,0.99955,0.99965,4.40,1.00
2010.09.30 04:31:54.899,0.99955,0.99965,3.60,1.00
2010.09.30 04:31:55.220,0.99955,0.99965,2.80,1.00
2010.09.30 04:31:55.430,0.99955,0.9997,2.80,1.00
2010.09.30 04:32:00.191,0.99955,0.99965,2.80,1.00
2010.09.30 04:32:18.759,0.99955,0.99965,2.60,1.00
2010.09.30 04:32:24.593,0.99955,0.9997,2.60,1.90
2010.09.30 04:32:24.990,0.99955,0.9997,1.80,1.90
2010.09.30 04:32:25.190,0.99955,0.9997,1.00,1.90
2010.09.30 04:32:26.951,0.99955,0.99965,1.00,1.00
2010.09.30 04:32:28.760,0.99955,0.99965,1.00,1.00
2010.09.30 04:32:41.299,0.99955,0.99965,2.80,1.00
2010.09.30 04:32:46.061,0.99955,0.9997,2.80,1.60
2010.09.30 04:32:46.168,0.99955,0.9997,2.80,1.00
2010.09.30 04:32:46.804,0.99955,0.9997,2.80,1.00
2010.09.30 04:32:55.451,0.99955,0.99975,2.80,1.00
2010.09.30 04:32:56.321,0.99955,0.99975,2.80,1.00
2010.09.30 04:33:03.209,0.99955,0.99975,2.80,1.00
2010.09.30 04:33:04.884,0.99955,0.9998,2.70,1.60
2010.09.30 04:33:06.306,0.99955,0.99985,2.70,8.10
2010.09.30 04:33:07.109,0.99955,0.99985,2.70,8.00
2010.09.30 04:33:07.417,0.99955,0.99975,2.70,1.00
2010.09.30 04:33:08.365,0.99955,0.9998,2.70,2.50
2010.09.30 04:33:08.665,0.99955,0.99975,2.70,1.00
2010.09.30 04:33:09.850,0.99955,0.9997,2.70,1.00
2010.09.30 04:33:10.943,0.99955,0.99965,2.70,1.00
2010.09.30 04:33:12.031,0.99955,0.9996,1.00,1.00
2010.09.30 04:33:17.099,0.99955,0.9996,1.00,1.00
2010.09.30 04:33:17.855,0.9992,0.9995,1.00,1.60
2010.09.30 04:33:18.109,0.9994,0.9997,1.00,2.40
2010.09.30 04:33:18.371,0.9994,0.99975,1.00,1.00
2010.09.30 04:33:19.000,0.9994,0.99975,1.00,1.00
2010.09.30 04:33:19.343,0.99935,0.9997,1.00,1.60
2010.09.30 04:33:20.021,0.9993,0.9997,2.80,1.60
2010.09.30 04:33:20.988,0.9992,0.99965,1.00,1.00
2010.09.30 04:33:22.196,0.99915,0.99965,2.10,1.00
2010.09.30 04:33:23.273,0.99915,0.99965,2.10,1.00
2010.09.30 04:33:23.611,0.9992,0.9996,2.80,1.60
2010.09.30 04:33:24.460,0.9992,0.99955,1.00,1.00
2010.09.30 04:33:24.806,0.9991,0.9995,2.80,1.60
2010.09.30 04:33:26.706,0.99915,0.99955,1.00,1.60
2010.09.30 04:33:27.961,0.99915,0.9996,1.00,2.00
2010.09.30 04:33:28.299,0.9992,0.9996,1.00,2.00
2010.09.30 04:33:30.245,0.99915,0.9995,1.00,1.60
2010.09.30 04:33:31.394,0.99915,0.99955,1.70,1.00
2010.09.30 04:33:31.700,0.99915,0.99955,1.00,1.00
2010.09.30 04:33:32.012,0.9992,0.99955,1.00,1.00
2010.09.30 04:33:32.640,0.9992,0.99955,2.80,1.00
2010.09.30 04:33:32.957,0.9992,0.9996,1.00,1.60
2010.09.30 04:33:33.586,0.99915,0.99955,1.00,1.00
2010.09.30 04:33:34.189,0.99915,0.9995,1.00,1.60
2010.09.30 04:33:34.482,0.99915,0.99955,1.00,1.00
2010.09.30 04:33:35.666,0.9992,0.9996,2.80,1.60
2010.09.30 04:33:35.958,0.99915,0.9996,1.00,1.70
2010.09.30 04:33:37.413,0.99925,0.9997,1.00,1.90
2010.09.30 04:33:37.701,0.99925,0.99965,1.00,1.00
2010.09.30 04:33:38.671,0.9992,0.9996,1.00,1.60
2010.09.30 04:33:39.009,0.99915,0.99955,1.00,1.00
2010.09.30 04:33:39.985,0.99915,0.99955,1.00,1.00
2010.09.30 04:33:40.274,0.999,0.99945,12.80,1.00
2010.09.30 04:33:41.057,0.999,0.9994,4.80,1.60
2010.09.30 04:33:41.363,0.9991,0.9995,1.00,1.70
2010.09.30 04:33:42.536,0.9991,0.9995,1.00,1.60
2010.09.30 04:33:42.848,0.99915,0.9995,1.00,1.00
2010.09.30 04:33:43.154,0.99915,0.9995,1.00,1.00
2010.09.30 04:33:44.271,0.99915,0.99955,1.00,1.00
2010.09.30 04:33:45.597,0.99915,0.9995,1.00,1.00
2010.09.30 04:33:47.311,0.9991,0.9995,1.00,1.60
2010.09.30 04:33:47.642,0.99915,0.9995,1.00,1.00
2010.09.30 04:33:48.601,0.99915,0.99955,1.00,1.00
2010.09.30 04:33:49.459,0.99915,0.99955,1.00,1.00
2010.09.30 04:33:51.472,0.9991,0.9995,1.00,1.60
2010.09.30 04:33:51.809,0.9991,0.9995,1.00,1.70
2010.09.30 04:33:53.318,0.9991,0.9995,1.00,1.70
2010.09.30 04:33:53.574,0.9991,0.9995,1.00,1.60
2010.09.30 04:33:54.999,0.9991,0.99945,1.00,1.00
2010.09.30 04:33:55.564,0.9991,0.9995,1.00,1.60
2010.09.30 04:33:57.740,0.99915,0.9995,1.00,1.60
2010.09.30 04:33:57.919,0.99915,0.99955,1.00,1.60
2010.09.30 04:33:58.760,0.99925,0.99955,1.00,1.60
2010.09.30 04:33:58.919,0.99925,0.99965,1.00,1.70
2010.09.30 04:33:59.081,0.9993,0.99965,1.00,1.70
2010.09.30 04:33:59.759,0.9993,0.99965,1.00,1.60
2010.09.30 04:33:59.939,0.9993,0.99965,1.00,1.70
2010.09.30 04:34:00.846,0.99925,0.9996,1.00,1.60
2010.09.30 04:34:02.239,0.99925,0.9996,1.00,1.60
2010.09.30 04:34:03.403,0.99925,0.9996,1.00,1.70
2010.09.30 04:34:03.669,0.99925,0.9996,1.00,1.00
2010.09.30 04:34:03.729,0.99925,0.99965,1.00,1.60
2010.09.30 04:34:03.848,0.9993,0.99965,1.00,1.60
2010.09.30 04:34:04.389,0.9993,0.99965,1.00,1.70
2010.09.30 04:34:05.652,0.9993,0.99965,1.00,1.60
2010.09.30 04:34:05.778,0.99925,0.99965,1.00,1.60
2010.09.30 04:34:05.910,0.99925,0.9996,1.00,1.60
2010.09.30 04:34:07.410,0.9993,0.9996,2.40,1.60
2010.09.30 04:34:07.751,0.99935,0.9997,1.00,1.60
2010.09.30 04:34:08.031,0.99935,0.9996,1.00,1.60
2010.09.30 04:34:08.921,0.9993,0.99965,1.00,1.00
2010.09.30 04:34:09.290,0.99925,0.9996,1.00,1.60
2010.09.30 04:34:09.779,0.99925,0.9996,1.00,1.60
2010.09.30 04:34:10.541,0.99925,0.9996,1.00,1.60
2010.09.30 04:34:11.419,0.99925,0.9996,1.00,1.60
2010.09.30 04:34:12.309,0.99935,0.9996,1.00,1.00
2010.09.30 04:34:12.633,0.99935,0.9997,1.00,1.70
2010.09.30 04:34:13.199,0.99935,0.9997,1.00,1.60
2010.09.30 04:34:13.812,0.9993,0.9997,2.80,1.60
2010.09.30 04:34:14.054,0.99935,0.9997,1.00,1.60
2010.09.30 04:34:15.700,0.9993,0.9997,1.00,1.60
2010.09.30 04:34:17.263,0.9993,0.99965,1.00,1.00
2010.09.30 04:34:17.989,0.99925,0.9996,1.00,1.60
2010.09.30 04:34:19.382,0.99925,0.9996,1.00,1.70
2010.09.30 04:34:21.988,0.99925,0.9996,1.00,1.00
2010.09.30 04:34:22.348,0.99915,0.9996,1.00,1.00
2010.09.30 04:34:24.019,0.99915,0.9995,1.00,1.60
2010.09.30 04:34:24.151,0.99915,0.9995,1.00,1.70
2010.09.30 04:34:24.400,0.99915,0.9995,1.00,1.60
2010.09.30 04:34:25.025,0.99915,0.99955,1.00,1.00
2010.09.30 04:34:25.361,0.99925,0.99955,1.00,1.00
2010.09.30 04:34:25.700,0.99935,0.9997,1.60,1.60
2010.09.30 04:34:26.611,0.9993,0.99965,1.00,1.60
2010.09.30 04:34:26.899,0.99935,0.9997,1.60,1.60
2010.09.30 04:34:28.091,0.99935,0.9997,1.60,1.60
2010.09.30 04:34:31.490,0.99935,0.9997,1.60,1.70
2010.09.30 04:34:35.979,0.99925,0.9997,3.10,1.70
2010.09.30 04:34:36.169,0.99925,0.9997,2.30,1.70
2010.09.30 04:34:38.746,0.99925,0.99965,2.30,1.00
2010.09.30 04:34:39.249,0.99925,0.99965,2.20,1.00
2010.09.30 04:34:51.698,0.99935,0.99965,1.60,1.00
2010.09.30 04:34:53.209,0.99935,0.9997,1.60,1.00
2010.09.30 04:34:55.273,0.99935,0.9997,1.60,1.00
2010.09.30 04:34:57.127,0.9993,0.9997,2.80,1.00
2010.09.30 04:35:10.266,0.9993,0.9997,3.20,1.00
2010.09.30 04:35:12.832,0.99925,0.9997,2.30,1.70
2010.09.30 04:35:13.390,0.99925,0.99965,2.30,1.00
2010.09.30 04:35:15.858,0.99925,0.9997,2.30,1.00
2010.09.30 04:35:16.096,0.9993,0.9997,2.80,1.00
2010.09.30 04:35:16.302,0.9993,0.9997,2.90,1.00
2010.09.30 04:35:17.115,0.9993,0.9997,1.00,1.00
2010.09.30 04:35:17.391,0.99925,0.9997,1.00,1.00
2010.09.30 04:35:19.461,0.9992,0.9997,1.00,1.00
2010.09.30 04:35:19.589,0.99925,0.9997,1.00,1.00
2010.09.30 04:35:21.383,0.99925,0.9997,1.00,1.00
2010.09.30 04:35:21.710,0.9992,0.9997,2.90,2.10
2010.09.30 04:35:21.869,0.9992,0.9997,1.00,2.10
2010.09.30 04:35:23.576,0.99925,0.99965,2.00,1.00
2010.09.30 04:35:25.321,0.99925,0.99965,2.10,1.00
2010.09.30 04:35:26.259,0.99925,0.99965,2.00,1.00
2010.09.30 04:35:26.901,0.9993,0.99965,1.00,1.00
2010.09.30 04:35:28.944,0.99925,0.9996,2.00,1.00
2010.09.30 04:35:30.230,0.99925,0.99965,2.00,1.00
2010.09.30 04:35:31.559,0.99925,0.9996,2.00,1.00
2010.09.30 04:35:31.740,0.99925,0.9996,1.60,1.00
2010.09.30 04:35:31.828,0.9992,0.99955,1.00,1.60
2010.09.30 04:35:32.483,0.99935,0.9996,1.60,1.00
2010.09.30 04:35:32.734,0.9993,0.9997,1.00,1.70
2010.09.30 04:35:34.252,0.9993,0.9997,1.00,1.90
2010.09.30 04:35:34.594,0.99925,0.99965,1.00,1.00
2010.09.30 04:35:36.023,0.99925,0.9996,1.00,1.00
2010.09.30 04:35:36.184,0.99925,0.9996,1.00,1.00
2010.09.30 04:35:37.220,0.99925,0.99965,2.00,1.00
2010.09.30 04:35:37.871,0.99925,0.99965,2.10,1.00
2010.09.30 04:35:38.270,0.99925,0.99965,2.00,1.00
2010.09.30 04:35:39.085,0.9993,0.99965,1.00,1.00
2010.09.30 04:35:39.207,0.9993,0.99965,2.80,1.60
2010.09.30 04:35:39.552,0.9993,0.99965,1.00,1.70
2010.09.30 04:35:40.261,0.9993,0.99965,1.00,1.60
2010.09.30 04:35:41.312,0.9993,0.99965,1.00,1.70
2010.09.30 04:35:42.248,0.9993,0.99965,1.00,1.60
2010.09.30 04:35:46.982,0.9993,0.99965,1.00,1.60
2010.09.30 04:35:47.321,0.99935,0.99975,2.00,1.70
2010.09.30 04:35:49.071,0.99935,0.9997,1.00,1.60
2010.09.30 04:35:49.329,0.99935,0.9997,1.00,1.60
2010.09.30 04:35:57.900,0.99935,0.9997,2.00,1.00
2010.09.30 04:35:58.221,0.9994,0.99975,1.00,1.70
2010.09.30 04:35:59.811,0.9994,0.99975,1.00,1.60
2010.09.30 04:35:59.953,0.9994,0.99975,1.00,1.00
2010.09.30 04:36:00.090,0.9994,0.99975,2.00,1.00
2010.09.30 04:36:00.230,0.9994,0.99975,4.40,1.00
2010.09.30 04:36:00.943,0.9994,0.99975,1.00,1.00
2010.09.30 04:36:01.221,0.9994,0.99975,1.00,1.00
2010.09.30 04:36:02.208,0.9994,0.99975,1.00,1.00
2010.09.30 04:36:10.704,0.9994,0.99975,2.80,1.00
2010.09.30 04:36:11.315,0.9994,0.99975,4.40,1.00
2010.09.30 04:36:13.859,0.9994,0.9998,4.40,1.60
2010.09.30 04:36:14.079,0.9994,0.9998,4.80,1.60
2010.09.30 04:36:17.308,0.99945,0.9998,1.60,1.60
2010.09.30 04:36:17.508,0.9994,0.9998,4.80,1.60
2010.09.30 04:36:25.150,0.9994,0.99975,4.80,1.00
2010.09.30 04:36:25.239,0.9994,0.99975,4.40,1.00
2010.09.30 04:36:29.159,0.99935,0.99975,2.10,1.00
2010.09.30 04:36:30.198,0.99935,0.99975,2.00,1.00
2010.09.30 04:36:30.965,0.99935,0.9997,2.00,1.00
2010.09.30 04:36:32.263,0.9994,0.9997,2.40,1.00
2010.09.30 04:36:32.428,0.9994,0.9997,2.80,1.00
2010.09.30 04:36:39.109,0.9994,0.99975,2.80,1.00
2010.09.30 04:36:42.279,0.9994,0.9997,2.80,1.00
2010.09.30 04:36:46.660,0.9994,0.99975,2.80,1.00
2010.09.30 04:36:53.639,0.9994,0.9997,2.80,1.00
2010.09.30 04:36:54.421,0.99935,0.9997,2.00,1.00
2010.09.30 04:36:54.692,0.99935,0.9997,2.00,1.70
2010.09.30 04:36:55.230,0.99935,0.99965,2.00,1.00
2010.09.30 04:36:55.881,0.99935,0.9997,2.00,1.60
2010.09.30 04:36:56.350,0.9994,0.9997,1.00,1.00
2010.09.30 04:36:56.591,0.9994,0.9997,2.80,1.00
2010.09.30 04:36:57.319,0.9994,0.99975,2.80,1.70
2010.09.30 04:36:59.306,0.99935,0.9997,2.00,1.60
2010.09.30 04:36:59.388,0.99935,0.9997,2.00,1.60
2010.09.30 04:36:59.419,0.99935,0.99975,2.00,1.60
2010.09.30 04:36:59.552,0.9994,0.99975,1.00,1.60
2010.09.30 04:36:59.659,0.9994,0.99975,2.80,1.60
2010.09.30 04:37:00.979,0.9994,0.99975,2.80,1.70
2010.09.30 04:37:01.920,0.9994,0.99975,2.80,1.00
2010.09.30 04:37:02.783,0.99945,0.99975,1.00,1.00
2010.09.30 04:37:03.276,0.99945,0.9998,1.00,1.70
2010.09.30 04:37:03.490,0.99945,0.99975,1.00,1.70
2010.09.30 04:37:04.262,0.9994,0.99975,2.80,1.70
2010.09.30 04:37:04.552,0.9994,0.99975,2.80,1.60
2010.09.30 04:37:04.841,0.9994,0.9997,2.40,1.70
2010.09.30 04:37:04.941,0.99935,0.9997,2.00,1.70
2010.09.30 04:37:05.489,0.99935,0.9997,2.00,1.60
2010.09.30 04:37:05.670,0.99935,0.9997,2.00,1.60
2010.09.30 04:37:06.354,0.9994,0.9997,2.40,1.60
2010.09.30 04:37:06.490,0.9994,0.99975,2.80,1.00
2010.09.30 04:37:07.149,0.9994,0.99975,2.80,1.00
2010.09.30 04:37:10.274,0.9994,0.99975,3.60,1.00
2010.09.30 04:37:10.371,0.99945,0.99975,1.00,1.00
2010.09.30 04:37:11.340,0.99945,0.9998,1.00,1.70
2010.09.30 04:37:12.211,0.99945,0.99975,1.00,1.00
2010.09.30 04:37:13.331,0.9995,0.9998,2.40,1.00
2010.09.30 04:37:13.579,0.9995,0.9998,2.80,1.00
2010.09.30 04:37:14.679,0.9995,0.9998,2.80,1.00
2010.09.30 04:37:15.609,0.9995,0.9998,1.00,1.60
2010.09.30 04:37:15.820,0.99945,0.9998,1.00,1.60
2010.09.30 04:37:16.299,0.99945,0.99975,1.00,1.00
2010.09.30 04:37:17.309,0.99945,0.99975,1.00,1.00
2010.09.30 04:37:18.058,0.99945,0.9998,1.00,1.60
2010.09.30 04:37:19.600,0.99945,0.9998,1.00,1.60
2010.09.30 04:37:19.831,0.9995,0.9998,2.40,1.60
2010.09.30 04:37:19.880,0.9995,0.9998,2.80,1.60
2010.09.30 04:37:19.941,0.9995,0.99985,2.80,1.00
2010.09.30 04:37:20.608,0.9995,0.9998,1.00,1.00
2010.09.30 04:37:20.854,0.99945,0.9998,1.00,1.00
2010.09.30 04:37:23.200,0.99945,0.99975,1.00,1.00
2010.09.30 04:37:23.721,0.99945,0.9998,1.00,1.00
2010.09.30 04:37:23.831,0.99945,0.99975,1.00,1.00
2010.09.30 04:37:24.671,0.9994,0.99975,2.80,1.00
2010.09.30 04:37:25.280,0.9994,0.9998,2.80,1.70
2010.09.30 04:37:25.822,0.9994,0.9997,2.80,1.00
2010.09.30 04:37:26.683,0.9994,0.99975,2.80,1.00
2010.09.30 04:37:33.130,0.9994,0.99975,3.20,1.00
2010.09.30 04:37:37.930,0.9994,0.99975,2.80,1.00
2010.09.30 04:37:46.098,0.9994,0.9998,2.80,1.60
2010.09.30 04:37:46.209,0.9994,0.9998,2.80,1.00
2010.09.30 04:37:46.629,0.99945,0.9998,1.00,1.00
2010.09.30 04:37:46.830,0.99945,0.99975,1.00,1.00
2010.09.30 04:37:47.498,0.99945,0.99985,1.00,1.00
2010.09.30 04:37:47.596,0.99955,0.99985,1.00,1.00
2010.09.30 04:37:48.101,0.99955,0.99985,1.00,1.00
2010.09.30 04:37:50.296,0.99955,0.9999,1.00,1.00
2010.09.30 04:37:51.181,0.9996,0.9999,2.80,1.00
2010.09.30 04:37:51.310,0.9996,0.9999,2.40,1.00
2010.09.30 04:37:51.442,0.99955,0.99985,1.00,1.00
2010.09.30 04:37:51.570,0.9995,0.99985,2.40,1.00
2010.09.30 04:37:51.700,0.99945,0.9999,1.00,1.60
2010.09.30 04:37:52.383,0.9995,0.9999,2.40,1.00
2010.09.30 04:37:52.725,0.99955,0.99995,1.00,1.00
2010.09.30 04:37:53.412,0.99955,0.9999,1.00,1.00
2010.09.30 04:37:55.806,0.99955,0.9999,1.00,1.00
2010.09.30 04:37:59.560,0.99955,0.99985,1.00,1.00
2010.09.30 04:38:00.106,0.99955,0.9999,1.00,1.00
2010.09.30 04:38:09.213,0.9996,0.9999,2.40,1.00
2010.09.30 04:38:09.514,0.99965,0.99995,1.00,1.00
2010.09.30 04:38:11.260,0.9996,0.99995,2.80,4.00
2010.09.30 04:38:11.344,0.9996,0.99995,2.80,8.00
2010.09.30 04:38:11.500,0.9996,0.99995,1.00,8.00
2010.09.30 04:38:11.661,0.99955,0.9999,1.00,4.00
2010.09.30 04:38:11.740,0.99955,0.9999,1.00,8.00
2010.09.30 04:38:11.820,0.9996,0.9999,2.40,4.00
2010.09.30 04:38:11.900,0.9996,0.99995,2.80,8.00
2010.09.30 04:38:12.633,0.9995,0.9999,2.80,8.00
2010.09.30 04:38:12.921,0.99955,0.99995,1.00,1.00
2010.09.30 04:38:13.210,0.9995,0.99995,2.80,1.00
2010.09.30 04:38:14.615,0.9995,0.9999,2.80,1.00
2010.09.30 04:38:18.595,0.9995,0.9999,1.00,1.00
2010.09.30 04:38:18.735,0.99945,0.99985,1.00,1.00
2010.09.30 04:38:19.260,0.99955,0.9999,1.00,1.70
2010.09.30 04:38:20.141,0.9995,0.9999,2.80,1.70
2010.09.30 04:38:20.372,0.9995,0.9999,2.80,1.00
2010.09.30 04:38:20.601,0.9995,0.9999,2.80,1.70
2010.09.30 04:38:20.830,0.99955,0.9999,1.00,1.00
2010.09.30 04:38:21.060,0.9995,0.9999,2.80,1.70
2010.09.30 04:38:22.046,0.99955,0.9999,1.00,1.00
2010.09.30 04:38:25.890,0.99955,0.9998,1.00,1.60
2010.09.30 04:38:26.467,0.99945,0.9998,1.00,1.60
2010.09.30 04:38:26.591,0.9995,0.99985,2.80,1.00
2010.09.30 04:38:28.012,0.9995,0.9999,2.80,2.00
2010.09.30 04:38:28.300,0.9995,0.99985,2.80,1.00
2010.09.30 04:38:29.795,0.9995,0.99985,2.80,1.60
2010.09.30 04:38:30.704,0.9995,0.99985,2.80,1.70
2010.09.30 04:38:31.954,0.9995,0.99985,2.80,1.90
2010.09.30 04:38:32.273,0.99945,0.9998,1.00,1.70
2010.09.30 04:38:33.275,0.99945,0.99975,1.00,1.00
2010.09.30 04:38:34.184,0.99945,0.9998,1.00,1.60
2010.09.30 04:39:34.159,0.99945,0.9998,1.00,1.70
2010.09.30 04:39:34.341,0.9994,0.9998,4.40,1.70
2010.09.30 04:39:34.430,0.9994,0.99975,2.80,1.60
2010.09.30 04:39:34.520,0.99945,0.9998,1.00,1.70
2010.09.30 04:39:37.859,0.99945,0.9998,1.00,1.60
2010.09.30 04:39:51.348,0.99945,0.9998,1.00,1.60
2010.09.30 04:39:57.729,0.99945,0.9998,2.40,1.60
2010.09.30 04:40:01.941,0.99945,0.99975,2.40,1.00
2010.09.30 04:40:02.299,0.99945,0.99975,2.00,1.00
2010.09.30 04:40:02.992,0.9994,0.9998,2.00,1.70
2010.09.30 04:40:04.252,0.9994,0.99975,2.00,1.00
2010.09.30 04:40:05.125,0.9994,0.9998,2.00,1.70
2010.09.30 04:40:05.861,0.9994,0.9998,4.40,1.70
2010.09.30 04:40:06.237,0.9994,0.9997,1.60,1.00
2010.09.30 04:40:06.311,0.9994,0.9997,2.00,1.00
2010.09.30 04:40:07.232,0.99945,0.99975,2.00,1.00
2010.09.30 04:40:08.558,0.99945,0.9998,2.00,1.70
2010.09.30 04:40:09.207,0.99945,0.9998,2.00,1.60
2010.09.30 04:40:09.704,0.99945,0.9998,1.00,1.60
2010.09.30 04:40:20.602,0.99945,0.9998,1.00,1.60
2010.09.30 04:40:20.760,0.99945,0.9998,1.00,1.60
2010.09.30 04:40:20.871,0.9996,0.9998,1.00,1.60
2010.09.30 04:40:20.980,0.9996,0.9999,1.00,1.00
2010.09.30 04:40:22.084,0.9996,0.9999,1.00,1.00
2010.09.30 04:40:23.519,0.9996,0.9999,1.00,1.00
2010.09.30 04:40:24.284,0.9996,0.99995,1.00,1.70
2010.09.30 04:40:28.344,0.9996,0.9999,1.00,1.00
2010.09.30 04:40:35.371,0.9996,0.99995,1.00,1.60
2010.09.30 04:40:49.642,0.9996,0.99995,2.00,1.00
2010.09.30 04:40:49.769,0.99965,0.99995,1.60,1.00
2010.09.30 04:40:50.250,0.99965,0.99995,1.00,1.00
2010.09.30 04:40:50.610,0.99965,0.99995,2.40,1.00
2010.09.30 04:40:50.730,0.99965,1.0,2.40,1.70
2010.09.30 04:40:51.558,0.99965,1.0,1.00,1.70
2010.09.30 04:40:52.362,0.99965,1.0,1.00,1.60
2010.09.30 04:41:16.030,0.99965,1.0,1.00,1.60
2010.09.30 04:41:33.889,0.99965,0.99995,1.00,1.00
2010.09.30 04:41:33.959,0.9996,0.99995,4.80,1.00
2010.09.30 04:41:34.171,0.9996,1.0,2.00,2.00
2010.09.30 04:41:34.240,0.9996,1.0,4.40,2.00
2010.09.30 04:41:34.922,0.99965,0.99995,1.00,1.00
2010.09.30 04:41:35.907,0.99965,1.0,1.00,1.60
2010.09.30 04:41:38.588,0.99965,1.0,2.00,1.60
2010.09.30 04:41:39.203,0.99965,1.0,1.00,1.60
2010.09.30 04:41:42.339,0.99965,1.0,1.00,1.70
2010.09.30 04:41:43.061,0.9997,1.0,1.00,1.00
2010.09.30 04:41:43.884,0.9997,1.00005,1.00,1.70
2010.09.30 04:41:44.219,0.9997,1.00005,2.00,1.70
2010.09.30 04:41:45.203,0.9997,1.00005,2.00,1.60
2010.09.30 04:41:48.850,0.9997,1.0,2.00,1.00
2010.09.30 04:41:48.960,0.9997,1.0,1.00,1.00
2010.09.30 04:41:49.070,0.99965,1.0,1.60,1.00
2010.09.30 04:41:49.784,0.99965,1.0,1.60,2.10
2010.09.30 04:41:49.985,0.9997,1.0,1.00,1.00
2010.09.30 04:41:51.313,0.9997,1.00005,1.00,1.70
2010.09.30 04:41:52.270,0.9997,1.0,1.00,1.60
2010.09.30 04:41:52.480,0.99965,1.0,1.00,1.60
2010.09.30 04:41:52.800,0.99965,1.0,1.00,1.70
2010.09.30 04:41:55.679,0.99965,1.0,2.00,1.00
2010.09.30 04:41:55.770,0.9997,1.00005,1.00,1.70
2010.09.30 04:41:57.638,0.9997,1.00005,1.00,1.60
2010.09.30 04:41:57.984,0.9997,1.0,1.00,1.00
2010.09.30 04:41:58.322,0.9997,1.0,1.00,1.70
2010.09.30 04:41:58.661,0.99965,1.0,1.00,1.70
2010.09.30 04:42:00.949,0.9997,1.0,1.00,1.70
2010.09.30 04:42:01.030,0.9997,1.00005,1.00,1.70
2010.09.30 04:42:01.260,0.9997,1.00005,2.00,1.60
2010.09.30 04:42:01.490,0.9997,1.00005,2.00,1.00
2010.09.30 04:42:02.267,0.9997,1.00005,4.40,1.00
2010.09.30 04:42:02.343,0.99975,1.00005,1.00,1.00
2010.09.30 04:42:02.700,0.99975,1.0001,1.00,1.70
2010.09.30 04:42:02.772,0.9997,1.0001,2.00,1.70
2010.09.30 04:42:03.733,0.9997,1.00005,1.00,1.70
2010.09.30 04:42:06.439,0.9997,1.00005,2.00,1.70
2010.09.30 04:42:08.146,0.9997,1.00005,1.00,1.70
2010.09.30 04:42:09.249,0.9997,1.00005,2.00,1.00
2010.09.30 04:42:18.651,0.9997,1.0,2.00,1.00
2010.09.30 04:42:19.712,0.99965,1.0,1.00,1.60
2010.09.30 04:42:20.071,0.99965,1.0,1.00,1.70
2010.09.30 04:42:20.863,0.99965,1.0,1.00,1.60
2010.09.30 04:42:21.202,0.9997,1.00005,2.00,1.00
2010.09.30 04:42:23.102,0.99965,1.0,1.00,1.70
2010.09.30 04:42:25.171,0.99965,0.99995,1.00,1.00
2010.09.30 04:42:25.800,0.9996,0.99995,3.20,1.00
2010.09.30 04:42:25.990,0.9996,0.99995,1.00,1.00
2010.09.30 04:42:26.559,0.9996,0.99995,1.00,1.00
2010.09.30 04:42:27.224,0.9996,1.0,1.00,1.80
2010.09.30 04:42:28.265,0.9996,0.99995,1.00,1.00
2010.09.30 04:42:34.894,0.99965,0.99995,1.00,1.00
2010.09.30 04:42:34.933,0.99965,1.0,1.00,1.90
2010.09.30 04:42:36.192,0.99965,1.0,1.00,1.80
2010.09.30 04:42:40.152,0.99965,0.99995,1.00,1.00
2010.09.30 04:42:41.141,0.99965,1.0,1.00,1.80
2010.09.30 04:42:45.103,0.99965,0.99995,1.00,1.00
2010.09.30 04:42:46.381,0.99965,1.0,1.00,1.80
2010.09.30 04:42:59.473,0.99965,1.0,1.00,1.80
2010.09.30 04:42:59.641,0.99965,1.0,2.00,1.80
2010.09.30 04:42:59.670,0.99965,1.0,1.00,1.80
2010.09.30 04:43:14.419,0.99965,1.0,1.00,1.80
2010.09.30 04:43:14.819,0.99965,1.0,1.00,1.90
2010.09.30 04:43:21.761,0.9996,0.99995,1.00,1.60
2010.09.30 04:43:21.912,0.99965,1.0,1.00,2.30
2010.09.30 04:43:22.060,0.9996,1.0,2.80,1.80
2010.09.30 04:43:22.210,0.9996,1.0,1.00,1.80
2010.09.30 04:43:22.360,0.9996,0.99995,1.00,1.00
2010.09.30 04:43:24.899,0.9996,1.0,1.00,1.80
2010.09.30 04:43:24.942,0.9996,1.0,2.00,1.80
2010.09.30 04:43:25.068,0.9996,1.0,4.40,1.80
2010.09.30 04:43:25.109,0.99965,1.0,1.00,1.80
2010.09.30 04:43:26.705,0.99965,1.0,1.00,1.70
2010.09.30 04:43:28.250,0.9996,1.0,1.00,2.10
2010.09.30 04:43:28.490,0.9996,1.0,1.00,2.10
2010.09.30 04:43:29.592,0.9996,0.99995,1.00,1.00
2010.09.30 04:43:34.277,0.9996,0.99995,1.00,1.70
2010.09.30 04:43:41.201,0.9996,1.0,2.00,1.70
2010.09.30 04:43:41.379,0.99965,1.0,1.00,1.70
2010.09.30 04:44:12.009,0.9996,1.0,2.80,1.70
2010.09.30 04:44:12.089,0.9996,1.0,1.00,1.70
2010.09.30 04:44:14.220,0.9996,0.99995,1.00,1.00
2010.09.30 04:44:36.919,0.99965,0.99995,1.00,1.00
2010.09.30 04:44:37.546,0.99965,1.0,1.00,1.70
2010.09.30 04:44:37.634,0.9996,0.99995,1.00,1.60
2010.09.30 04:44:39.803,0.9996,0.99995,1.00,1.60
2010.09.30 04:44:39.838,0.9996,0.99995,1.00,1.70
2010.09.30 04:44:40.219,0.9996,0.99995,1.00,1.60
2010.09.30 04:44:41.099,0.9996,0.99995,1.00,1.60
2010.09.30 04:44:41.219,0.9996,1.0,2.10,2.10
2010.09.30 04:44:41.339,0.9996,1.0,2.00,2.00
2010.09.30 04:44:41.460,0.9996,0.99995,2.80,1.60
2010.09.30 04:44:42.271,0.9996,0.99995,1.00,1.60
2010.09.30 04:44:42.409,0.9996,1.0,1.00,1.70
2010.09.30 04:44:43.212,0.9996,1.0,1.00,1.60
2010.09.30 04:44:44.549,0.9996,0.99995,1.00,1.00
2010.09.30 04:44:45.400,0.9996,0.99995,1.00,1.00
2010.09.30 04:45:06.829,0.9996,0.99995,1.00,1.00
2010.09.30 04:45:06.970,0.99955,0.99995,1.20,1.70
2010.09.30 04:45:08.242,0.99955,0.9999,1.20,1.80
2010.09.30 04:45:08.372,0.99955,0.9999,1.00,1.80
2010.09.30 04:45:08.501,0.9995,0.9999,1.20,1.80
2010.09.30 04:45:08.630,0.99955,0.9999,1.00,1.80
2010.09.30 04:45:10.312,0.99955,0.9999,1.00,1.80
2010.09.30 04:45:10.867,0.99955,0.9999,1.00,1.60
2010.09.30 04:45:11.070,0.99955,0.99995,1.00,1.60
2010.09.30 04:45:11.730,0.99955,0.99995,1.00,1.60
2010.09.30 04:45:12.219,0.99955,0.99995,1.00,1.70
2010.09.30 04:45:12.291,0.99955,0.99995,1.00,1.60
2010.09.30 04:45:14.269,0.99955,0.9999,1.00,1.00
2010.09.30 04:45:17.903,0.99955,0.99995,1.00,1.70
2010.09.30 04:45:18.608,0.99955,0.99995,1.00,1.00
2010.09.30 04:45:19.230,0.9996,0.99995,1.00,1.00
2010.09.30 04:45:20.141,0.99955,0.99995,1.00,1.00
2010.09.30 04:45:20.759,0.99955,0.9999,1.00,1.00
2010.09.30 04:45:23.291,0.99955,0.99995,1.00,1.00
2010.09.30 04:45:33.850,0.99955,0.99995,1.00,1.00
2010.09.30 04:45:33.959,0.99955,0.9999,1.00,1.60
2010.09.30 04:45:34.129,0.9995,0.9999,3.30,1.60
2010.09.30 04:45:34.299,0.9995,0.9999,1.00,1.60
2010.09.30 04:45:34.471,0.99955,0.99995,1.60,1.60
2010.09.30 04:45:34.651,0.9996,0.99995,2.80,1.60
2010.09.30 04:45:35.329,0.9996,1.0,2.80,1.60
2010.09.30 04:45:36.210,0.9996,0.99995,2.80,1.00
2010.09.30 04:45:37.945,0.99955,0.9999,1.00,1.60
2010.09.30 04:45:38.221,0.99955,0.9999,1.60,1.60
2010.09.30 04:45:38.639,0.99955,0.9999,2.00,1.60
2010.09.30 04:45:38.780,0.99955,0.9999,2.00,1.60
2010.09.30 04:45:39.985,0.9996,0.99995,2.80,1.00
2010.09.30 04:45:41.758,0.9996,0.99995,1.00,1.00
2010.09.30 04:45:41.912,0.99955,0.9999,2.10,1.60
2010.09.30 04:45:42.069,0.99955,0.9999,2.00,1.60
2010.09.30 04:45:43.890,0.99955,0.9999,2.00,1.60
2010.09.30 04:46:10.396,0.99955,1.0,2.00,2.00
2010.09.30 04:46:10.507,0.9996,1.0,1.00,2.00
2010.09.30 04:46:10.640,0.99965,1.0,1.60,2.00
2010.09.30 04:46:11.391,0.99965,1.0,2.00,1.60
2010.09.30 04:46:12.230,0.99965,1.0,2.00,1.60
2010.09.30 04:46:13.219,0.99965,1.0,2.00,1.60
2010.09.30 04:46:13.349,0.99965,1.0,2.00,1.70
2010.09.30 04:46:14.432,0.9996,1.0,2.90,2.10
2010.09.30 04:46:15.199,0.9996,0.99995,2.80,1.00
2010.09.30 04:46:15.459,0.9996,0.99995,2.80,1.00
2010.09.30 04:46:25.589,0.9996,1.0,2.80,2.10
2010.09.30 04:46:25.679,0.9996,0.9999,2.80,1.60
2010.09.30 04:46:26.440,0.99955,0.9999,2.10,1.60
2010.09.30 04:46:27.135,0.9996,0.9999,1.00,1.60
2010.09.30 04:46:27.718,0.9996,0.9999,1.00,1.60
2010.09.30 04:46:28.693,0.9996,1.0,2.90,2.00
2010.09.30 04:46:29.450,0.9996,1.0,2.90,2.10
2010.09.30 04:46:30.179,0.9996,1.0,4.50,2.10
2010.09.30 04:46:30.248,0.9996,1.0,2.90,2.10
2010.09.30 04:46:30.373,0.9996,1.0,2.90,2.00
2010.09.30 04:46:30.970,0.99965,1.0,1.00,1.60
2010.09.30 04:46:31.032,0.99965,1.0,2.00,1.60
2010.09.30 04:46:31.700,0.99965,1.0,1.60,1.60
2010.09.30 04:46:31.759,0.9996,1.0,2.90,1.60
2010.09.30 04:46:32.469,0.9996,1.0,4.50,1.60
2010.09.30 04:46:32.929,0.9996,1.0,2.90,1.70
2010.09.30 04:46:35.691,0.9996,1.0,2.90,1.60
2010.09.30 04:46:36.220,0.9996,1.0,2.90,1.70
2010.09.30 04:46:48.888,0.9996,1.0,2.90,2.10
2010.09.30 04:47:00.636,0.9996,1.0,4.50,2.10
2010.09.30 04:47:01.484,0.9996,1.0,2.90,2.10
2010.09.30 04:47:01.789,0.9996,1.0,4.50,2.10
2010.09.30 04:47:01.960,0.9996,1.0,2.90,2.10
2010.09.30 04:47:02.108,0.9996,1.0,4.50,2.10
2010.09.30 04:47:03.208,0.9996,1.0,2.90,2.10
2010.09.30 04:47:03.937,0.9996,1.0,4.50,2.10
2010.09.30 04:47:04.513,0.9996,1.0,2.90,2.10
2010.09.30 04:47:04.819,0.9996,1.0,4.50,2.10
2010.09.30 04:47:04.899,0.9996,1.0,2.90,2.10
2010.09.30 04:47:05.039,0.9996,1.0,4.50,2.10
2010.09.30 04:47:05.118,0.9996,1.0,2.90,2.10
2010.09.30 04:47:05.260,0.9996,1.0,4.50,2.10
2010.09.30 04:47:05.338,0.9996,1.0,2.90,2.10
2010.09.30 04:47:05.559,0.9996,1.0,4.50,2.10
2010.09.30 04:47:06.139,0.9996,1.0,2.90,2.10
2010.09.30 04:47:06.761,0.9996,1.0,4.50,2.10
2010.09.30 04:47:06.880,0.9996,1.0,2.90,2.10
2010.09.30 04:47:07.299,0.9996,1.0,4.50,2.10
2010.09.30 04:47:07.509,0.9996,1.0,2.90,2.10
2010.09.30 04:47:07.719,0.9996,1.0,4.50,2.10
2010.09.30 04:47:07.929,0.9996,1.0,2.90,2.10
2010.09.30 04:47:08.117,0.9996,1.0,4.50,2.10
2010.09.30 04:47:08.337,0.9996,1.0,2.90,2.10
2010.09.30 04:47:08.488,0.9996,1.0,4.50,2.10
2010.09.30 04:47:09.148,0.9996,1.0,2.90,2.10
2010.09.30 04:47:10.023,0.9996,1.0,4.50,2.10
2010.09.30 04:47:10.148,0.9996,1.0,2.90,2.10
2010.09.30 04:47:10.319,0.9996,1.0,4.50,2.10
2010.09.30 04:47:10.688,0.9996,1.0,2.90,2.10
2010.09.30 04:47:10.988,0.9996,1.0,4.50,2.10
2010.09.30 04:47:11.209,0.9996,1.0,2.90,2.10
2010.09.30 04:47:11.349,0.9996,1.0,4.50,2.10
2010.09.30 04:47:11.649,0.9996,1.0,2.90,2.10
2010.09.30 04:47:11.788,0.9996,1.0,4.50,2.10
2010.09.30 04:47:12.088,0.9996,1.0,2.90,2.10
2010.09.30 04:47:12.529,0.9996,1.0,4.50,2.10
2010.09.30 04:47:12.588,0.9996,1.0,2.90,2.10
2010.09.30 04:47:13.248,0.9996,1.0,4.50,2.10
2010.09.30 04:47:13.407,0.9996,1.0,2.90,2.10
2010.09.30 04:47:13.579,0.9996,1.0,4.50,2.10
2010.09.30 04:47:13.690,0.9996,1.0,4.50,2.00
2010.09.30 04:47:13.799,0.99965,1.0,1.60,2.00
2010.09.30 04:47:13.910,0.99965,1.0,2.00,1.60
2010.09.30 04:47:14.240,0.99965,1.0,1.00,1.60
2010.09.30 04:47:14.350,0.9996,1.0,2.00,2.00
2010.09.30 04:47:14.460,0.9996,1.0,2.80,2.00
2010.09.30 04:47:14.640,0.9996,1.0,2.90,2.10
2010.09.30 04:47:15.296,0.9996,1.0,1.00,2.10
2010.09.30 04:47:15.481,0.9996,1.0,2.40,2.00
2010.09.30 04:47:15.661,0.9996,1.0,1.00,2.00
2010.09.30 04:47:15.912,0.9996,1.0,1.00,2.00
2010.09.30 04:47:16.041,0.9996,1.0,1.00,2.00
2010.09.30 04:47:16.172,0.9996,1.0,2.90,2.00
2010.09.30 04:47:16.871,0.9996,1.0,2.50,2.10
2010.09.30 04:47:17.209,0.9996,1.0,1.00,2.10
2010.09.30 04:47:18.715,0.99955,1.0,1.00,2.10
2010.09.30 04:47:19.200,0.99955,0.99995,1.00,1.00
2010.09.30 04:47:19.612,0.9996,0.99995,2.40,1.00
2010.09.30 04:47:19.669,0.9996,1.0,2.40,2.00
2010.09.30 04:47:19.720,0.9996,1.0,2.80,2.00
2010.09.30 04:47:21.220,0.9996,1.0,2.90,2.10
2010.09.30 04:47:21.769,0.9996,1.0,2.80,2.10
2010.09.30 04:47:21.950,0.99955,1.0,1.00,2.10
2010.09.30 04:47:22.828,0.99955,1.0,1.00,1.00
2010.09.30 04:47:23.637,0.99955,0.99995,1.00,1.00
2010.09.30 04:47:23.742,0.99955,0.99995,1.00,1.00
2010.09.30 04:47:25.606,0.99955,0.99995,1.00,1.00
2010.09.30 04:47:26.220,0.99955,0.99995,1.00,1.00
2010.09.30 04:47:26.321,0.9995,0.9999,2.90,2.00
2010.09.30 04:47:28.269,0.99955,0.9999,1.00,2.00
2010.09.30 04:47:28.806,0.9995,0.9999,2.80,2.00
2010.09.30 04:47:29.650,0.9995,0.99985,1.00,1.00
2010.09.30 04:47:29.724,0.9995,0.9999,2.90,2.10
2010.09.30 04:47:29.790,0.9995,0.9999,2.90,2.00
2010.09.30 04:47:31.285,0.99965,1.0,1.00,1.00
2010.09.30 04:47:32.968,0.99965,1.0,1.00,2.00
2010.09.30 04:47:33.253,0.9996,1.0,1.00,2.00
2010.09.30 04:47:34.230,0.9996,1.0,1.00,2.10
2010.09.30 04:47:34.803,0.9996,1.0,1.00,2.10
2010.09.30 04:47:34.929,0.99965,1.0,1.00,2.00
2010.09.30 04:47:35.049,0.9997,1.0,1.00,1.60
2010.09.30 04:47:35.171,0.9997,1.0001,2.80,2.10
2010.09.30 04:47:36.239,0.9997,1.0001,2.90,2.10
2010.09.30 04:47:37.299,0.9997,1.0001,2.80,2.10
2010.09.30 04:47:37.741,0.9997,1.0,2.90,1.60
2010.09.30 04:47:38.415,0.9997,1.0,1.00,1.60
2010.09.30 04:47:39.409,0.99965,1.0,2.10,1.60
2010.09.30 04:47:40.283,0.99965,1.0,2.00,1.60
2010.09.30 04:47:44.810,0.9997,1.0,1.00,1.60
2010.09.30 04:47:45.701,0.99975,1.0001,2.00,1.60
2010.09.30 04:47:46.665,0.99975,1.0001,1.00,1.60
2010.09.30 04:47:47.341,0.9997,1.0001,2.90,1.70
2010.09.30 04:47:48.251,0.9997,1.0001,2.80,1.60
2010.09.30 04:47:50.145,0.9997,1.0001,2.80,1.80
2010.09.30 04:47:50.280,0.99965,1.0001,2.10,2.30
2010.09.30 04:47:50.471,0.99965,1.0001,1.00,6.30
2010.09.30 04:47:51.510,0.99965,1.00005,1.00,1.00
2010.09.30 04:47:52.401,0.99965,1.00005,1.00,1.00
2010.09.30 04:47:53.410,0.99965,1.00005,1.00,1.00
2010.09.30 04:47:53.560,0.9996,1.0,2.90,1.60
2010.09.30 04:47:55.403,0.99965,1.0,1.00,1.60
2010.09.30 04:47:55.576,0.9996,1.0,2.80,1.60
2010.09.30 04:47:57.886,0.99965,1.0,1.00,1.60
2010.09.30 04:48:00.800,0.9997,1.0,2.40,1.60
2010.09.30 04:48:01.015,0.9997,1.0001,2.80,1.80
2010.09.30 04:48:01.516,0.9997,1.0001,2.80,1.80
2010.09.30 04:48:02.391,0.9997,1.0001,1.00,2.30
2010.09.30 04:48:02.621,0.9997,1.0001,1.00,6.30
2010.09.30 04:48:03.608,0.99965,1.00005,1.00,1.00
2010.09.30 04:48:06.711,0.9997,1.0001,1.00,6.30
2010.09.30 04:48:06.830,0.9997,1.0001,2.80,6.30
2010.09.30 04:48:06.952,0.9997,1.0001,2.80,2.30
2010.09.30 04:48:07.180,0.9997,1.0001,2.80,1.90
2010.09.30 04:48:08.232,0.9997,1.0001,2.90,1.90
2010.09.30 04:48:15.710,0.9997,1.0001,2.80,1.90
2010.09.30 04:48:16.303,0.9997,1.0001,2.40,2.30
2010.09.30 04:48:16.385,0.99965,1.0001,1.00,6.30
2010.09.30 04:48:17.340,0.99965,1.00005,1.00,1.00
2010.09.30 04:48:35.530,0.9997,1.0001,1.00,6.20
2010.09.30 04:48:35.593,0.9997,1.0001,2.80,1.80
2010.09.30 04:48:36.001,0.9997,1.0001,2.80,1.80
2010.09.30 04:48:36.341,0.9997,1.0001,2.80,1.80
2010.09.30 04:48:37.232,0.9997,1.0001,2.80,1.80
2010.09.30 04:48:37.660,0.9997,1.0001,2.80,1.80
2010.09.30 04:48:38.332,0.9997,1.0001,2.90,1.90
2010.09.30 04:48:43.481,0.9997,1.0,1.00,1.60
2010.09.30 04:48:52.782,0.9997,1.0001,1.00,2.00
2010.09.30 04:48:52.960,0.9997,1.0001,2.80,2.00
2010.09.30 04:48:54.271,0.9997,1.0001,2.90,2.10
2010.09.30 04:48:54.851,0.99965,1.0,2.10,1.60
2010.09.30 04:48:56.461,0.9997,1.0,1.00,1.60
2010.09.30 04:48:56.741,0.99965,1.0,2.00,1.60
2010.09.30 04:48:56.841,0.99965,1.0,1.00,1.60
2010.09.30 04:48:56.941,0.99965,1.0,1.00,1.60
2010.09.30 04:48:57.043,0.99965,1.0,1.00,1.60
2010.09.30 04:48:57.702,0.99965,1.0,2.00,1.60
2010.09.30 04:48:58.048,0.99975,1.0001,2.10,1.60
2010.09.30 04:48:58.393,0.9997,1.0,1.00,1.60
2010.09.30 04:48:59.750,0.99965,1.0,2.10,1.60
2010.09.30 04:49:00.322,0.99965,1.0,2.00,1.60
2010.09.30 04:49:01.251,0.99975,1.0001,1.60,2.00
2010.09.30 04:49:01.320,0.99975,1.0001,2.00,1.60
2010.09.30 04:49:02.521,0.99975,1.0001,2.00,1.60
2010.09.30 04:49:03.111,0.99975,1.0001,1.00,1.60
2010.09.30 04:49:04.312,0.9997,1.0001,2.90,1.70
2010.09.30 04:49:08.445,0.9997,1.0001,2.70,1.70
2010.09.30 04:49:08.969,0.9997,1.0001,2.80,1.70
2010.09.30 04:49:10.152,0.9997,1.0001,3.00,1.70
2010.09.30 04:49:10.939,0.9997,1.0001,3.20,1.70
2010.09.30 04:49:11.969,0.9997,1.0001,2.90,1.70
2010.09.30 04:49:14.282,0.9997,1.0,2.50,1.60
2010.09.30 04:49:14.512,0.99965,1.0,2.10,1.60
2010.09.30 04:49:15.634,0.99975,1.0001,1.00,2.00
2010.09.30 04:49:15.892,0.9997,1.0001,2.90,2.00
2010.09.30 04:49:16.152,0.9997,1.0001,2.80,2.00
2010.09.30 04:49:17.390,0.9997,1.0001,2.90,2.10
2010.09.30 04:49:22.151,0.9997,1.0001,1.00,2.10
2010.09.30 04:49:22.350,0.99965,1.0,2.10,1.60
2010.09.30 04:49:23.213,0.9997,1.0,1.00,1.60
2010.09.30 04:49:26.095,0.9997,1.0,1.00,1.60
2010.09.30 04:49:26.381,0.99965,1.0,2.10,1.60
2010.09.30 04:49:26.460,0.99965,1.0001,2.10,2.10
2010.09.30 04:49:26.532,0.9997,1.0001,2.80,2.10
2010.09.30 04:49:26.681,0.9997,1.0,2.80,1.60
2010.09.30 04:49:26.763,0.9997,1.0,1.00,1.60
2010.09.30 04:49:27.741,0.99975,1.0001,2.00,1.60
2010.09.30 04:49:28.351,0.99975,1.0001,2.10,1.60
2010.09.30 04:49:28.913,0.9997,1.0001,2.90,1.60
2010.09.30 04:49:29.583,0.99975,1.0001,1.00,1.60
2010.09.30 04:49:30.232,0.9997,1.0001,2.90,1.60
2010.09.30 04:49:31.354,0.99975,1.0001,1.00,1.60
2010.09.30 04:49:32.195,0.9997,1.0001,2.80,1.60
2010.09.30 04:49:44.568,0.9997,1.0001,2.90,1.60
2010.09.30 04:49:44.852,0.9997,1.0001,2.50,1.60
2010.09.30 04:49:45.143,0.9997,1.0001,1.00,1.60
2010.09.30 04:49:46.002,0.9997,1.0001,1.00,1.60
2010.09.30 04:49:58.340,0.9997,1.0001,1.00,1.60
2010.09.30 04:49:59.075,0.99975,1.0001,1.60,1.60
2010.09.30 04:50:00.304,0.99965,1.0,2.10,1.60
2010.09.30 04:50:01.663,0.99975,1.0001,2.00,1.60
2010.09.30 04:50:03.485,0.99975,1.0001,2.00,1.60
2010.09.30 04:50:04.218,0.9998,1.0001,1.00,1.60
2010.09.30 04:50:07.162,0.99975,1.0001,1.60,1.60
2010.09.30 04:50:08.102,0.99975,1.0001,1.60,1.70
2010.09.30 04:50:11.164,0.99975,1.0001,1.60,1.60
2010.09.30 04:50:11.300,0.99975,1.0001,1.70,1.60
2010.09.30 04:50:26.090,0.99975,1.0001,1.00,1.60
2010.09.30 04:50:30.238,0.99975,1.0001,1.70,1.60
2010.09.30 04:50:30.307,0.99975,1.0001,2.10,1.60
2010.09.30 04:50:31.399,0.99975,1.0001,1.70,1.60
2010.09.30 04:50:31.462,0.99975,1.0001,1.00,1.60
2010.09.30 04:50:32.470,0.99975,1.0001,1.00,1.60
2010.09.30 04:50:33.841,0.99975,1.0001,2.10,1.60
2010.09.30 04:50:34.271,0.99975,1.0,1.00,1.60
2010.09.30 04:50:34.492,0.9997,1.0,1.00,1.60
2010.09.30 04:50:34.711,0.9997,1.0001,1.00,1.60
2010.09.30 04:50:35.531,0.9997,1.0001,2.90,1.00
2010.09.30 04:50:35.750,0.99975,1.00015,1.00,1.00
2010.09.30 04:50:35.973,0.99975,1.00015,1.00,1.00
2010.09.30 04:50:37.302,0.99975,1.00015,1.00,1.00
2010.09.30 04:50:38.668,0.9998,1.0002,1.00,2.00
2010.09.30 04:50:38.793,0.99975,1.0001,1.00,2.00
2010.09.30 04:50:39.351,0.99975,1.0001,1.00,1.00
2010.09.30 04:50:40.155,0.99975,1.0001,1.00,2.00
2010.09.30 04:50:40.751,0.9997,1.0001,2.90,2.00
2010.09.30 04:50:42.228,0.99965,1.0001,1.00,2.10
2010.09.30 04:50:42.273,0.99965,1.0001,1.00,1.00
2010.09.30 04:50:42.322,0.99965,1.0001,1.00,1.00
2010.09.30 04:50:42.591,0.99965,1.0001,1.00,1.00
2010.09.30 04:50:42.641,0.99975,1.00015,1.00,1.00
2010.09.30 04:50:42.742,0.9998,1.00015,2.80,1.00
2010.09.30 04:50:43.553,0.99975,1.00015,1.00,1.00
2010.09.30 04:50:45.164,0.99975,1.00015,1.00,1.00
2010.09.30 04:50:46.955,0.99975,1.00015,1.00,1.00
2010.09.30 04:50:48.750,0.99975,1.0001,1.00,1.60
2010.09.30 04:50:48.861,0.99975,1.0001,1.00,1.60
2010.09.30 04:50:48.971,0.9997,1.0001,2.80,2.00
2010.09.30 04:50:49.080,0.9997,1.0001,2.90,2.00
2010.09.30 04:50:50.275,0.9997,1.0001,2.90,2.10
2010.09.30 04:51:01.308,0.9997,1.0001,2.50,2.10
2010.09.30 04:51:02.023,0.9997,1.0001,1.00,2.10
2010.09.30 04:51:02.574,0.99975,1.0001,1.00,2.00
2010.09.30 04:51:02.730,0.99975,1.0001,1.00,2.00
2010.09.30 04:51:02.810,0.99975,1.0001,1.00,1.60
2010.09.30 04:51:02.891,0.99975,1.00015,1.00,1.80
2010.09.30 04:51:03.762,0.9997,1.00015,2.90,1.00
2010.09.30 04:51:05.322,0.99975,1.00015,1.00,1.00
2010.09.30 04:51:06.254,0.9997,1.0001,2.90,1.60
2010.09.30 04:51:06.352,0.9997,1.0001,2.50,2.00
2010.09.30 04:51:06.452,0.9997,1.0001,1.00,2.00
2010.09.30 04:51:07.722,0.9997,1.0001,1.00,2.10
2010.09.30 04:51:09.104,0.9997,1.0001,1.00,2.00
2010.09.30 04:51:31.968,0.99975,1.0001,1.60,2.00
2010.09.30 04:51:32.101,0.99975,1.0001,1.70,2.00
2010.09.30 04:51:32.232,0.99975,1.0001,2.10,1.60
2010.09.30 04:51:32.490,0.99975,1.0002,2.10,1.70
2010.09.30 04:51:33.382,0.9998,1.0002,1.00,1.60
2010.09.30 04:51:34.204,0.9998,1.00015,1.00,1.00
2010.09.30 04:51:35.492,0.9998,1.0002,1.00,1.60
2010.09.30 04:51:38.237,0.9998,1.0002,1.00,2.00
2010.09.30 04:51:48.944,0.9998,1.0002,1.00,4.40
2010.09.30 04:51:49.092,0.99975,1.0002,1.00,4.40
2010.09.30 04:51:49.392,0.99975,1.0002,1.00,4.40
2010.09.30 04:51:50.351,0.99975,1.00015,1.00,1.00
2010.09.30 04:52:10.261,0.99975,1.0002,1.00,4.50
2010.09.30 04:52:10.883,0.99975,1.0002,1.00,2.10
2010.09.30 04:52:11.045,0.99975,1.0002,1.00,4.40
2010.09.30 04:52:11.202,0.99975,1.00015,1.00,1.00
2010.09.30 04:52:28.981,0.9997,1.0001,1.00,1.00
2010.09.30 04:52:29.182,0.9997,1.0001,1.00,1.60
2010.09.30 04:52:29.282,0.9997,1.0001,1.00,4.40
2010.09.30 04:52:30.085,0.99965,1.0001,1.00,4.40
2010.09.30 04:52:30.341,0.99965,1.00005,1.00,1.00
2010.09.30 04:52:31.381,0.99965,1.00005,1.00,1.00
2010.09.30 04:52:39.968,0.9997,1.0001,1.00,2.00
2010.09.30 04:52:40.316,0.9996,1.0,1.00,1.60
2010.09.30 04:52:40.434,0.99965,1.0,1.00,1.60
2010.09.30 04:52:40.552,0.99965,1.00005,1.00,1.00
2010.09.30 04:52:40.671,0.99965,1.00005,1.00,1.00
2010.09.30 04:52:41.278,0.99965,1.00005,1.00,1.80
2010.09.30 04:52:42.243,0.9997,1.00005,1.00,1.80
2010.09.30 04:52:43.641,0.99965,1.00005,1.00,1.80
2010.09.30 04:52:44.820,0.99965,1.00005,1.00,1.60
2010.09.30 04:52:45.013,0.99965,1.00005,2.10,1.60
2010.09.30 04:52:46.742,0.99965,1.00005,1.00,1.00
2010.09.30 04:52:47.252,0.99965,1.00005,1.00,1.00
2010.09.30 04:52:51.693,0.99965,1.00005,1.00,1.00
2010.09.30 04:53:04.281,0.99965,1.00005,2.00,1.00
2010.09.30 04:53:05.291,0.99965,1.00005,2.10,1.00
2010.09.30 04:53:14.470,0.99965,1.00005,2.10,1.00
2010.09.30 04:53:14.661,0.9997,1.0001,1.00,2.10
2010.09.30 04:53:15.739,0.9997,1.0001,1.00,2.00
2010.09.30 04:53:16.408,0.9997,1.0001,1.00,1.00
2010.09.30 04:53:18.842,0.99965,1.00005,2.00,1.00
2010.09.30 04:53:25.460,0.9997,1.0001,1.00,1.00
2010.09.30 04:53:32.048,0.99965,1.00005,2.00,1.00
2010.09.30 04:53:33.633,0.9997,1.0001,2.80,1.00
2010.09.30 04:53:34.180,0.9997,1.0001,2.80,1.00
2010.09.30 04:53:34.401,0.99975,1.0001,1.00,1.00
2010.09.30 04:53:34.900,0.99975,1.00015,1.00,1.90
2010.09.30 04:53:38.661,0.9997,1.0001,2.90,1.00
2010.09.30 04:53:47.947,0.99965,1.0001,2.10,2.10
2010.09.30 04:53:48.909,0.99965,1.0,2.10,1.60
2010.09.30 04:53:49.099,0.99965,1.0,1.70,1.60
2010.09.30 04:53:54.392,0.9997,1.0,1.00,1.60
2010.09.30 04:53:54.693,0.99965,1.00005,2.00,1.60
2010.09.30 04:53:56.511,0.9997,1.00005,1.00,1.60
2010.09.30 04:53:56.811,0.99965,1.00005,2.00,1.60
2010.09.30 04:53:56.950,0.99965,1.00005,2.10,1.70
2010.09.30 04:53:57.800,0.9997,1.00005,1.00,1.60
2010.09.30 04:53:58.671,0.9997,1.00005,1.00,1.60
2010.09.30 04:54:04.108,0.99965,1.00005,2.10,1.70
2010.09.30 04:54:04.511,0.9997,1.00005,1.00,1.60
2010.09.30 04:54:10.395,0.9997,1.0001,1.00,1.90
2010.09.30 04:54:15.613,0.99965,1.0001,1.00,4.30
2010.09.30 04:54:17.244,0.99965,1.00005,1.00,1.00
2010.09.30 04:54:23.011,0.99965,1.0001,1.00,1.90
2010.09.30 04:54:23.161,0.99965,1.0001,2.10,1.90
2010.09.30 04:54:24.521,0.99965,1.0001,2.30,1.70
2010.09.30 04:54:24.742,0.99965,1.0001,2.00,4.30
2010.09.30 04:54:25.555,0.99975,1.0001,1.60,2.00
2010.09.30 04:54:25.792,0.9997,1.0001,1.00,1.60
2010.09.30 04:54:26.640,0.99965,1.0001,2.30,1.60
2010.09.30 04:54:27.394,0.99975,1.0001,1.60,1.60
2010.09.30 04:54:28.151,0.9997,1.0001,2.90,1.60
2010.09.30 04:54:28.460,0.99975,1.0001,1.00,1.60
2010.09.30 04:54:29.223,0.99975,1.0001,1.00,1.60
2010.09.30 04:54:30.161,0.9997,1.0001,1.00,1.70
2010.09.30 04:54:33.057,0.9997,1.0001,1.00,1.90
2010.09.30 04:54:33.191,0.99965,1.0,1.70,1.60
2010.09.30 04:54:33.321,0.99965,1.0,1.60,1.60
2010.09.30 04:54:34.037,0.9996,0.99995,4.10,1.60
2010.09.30 04:54:34.171,0.99965,1.0,1.60,1.60
2010.09.30 04:54:35.525,0.99965,1.0,1.60,1.60
2010.09.30 04:54:37.310,0.99965,1.0,1.70,1.60
2010.09.30 04:54:38.180,0.99965,1.0,1.60,1.60
2010.09.30 04:54:45.665,0.99965,1.0,1.60,1.60
2010.09.30 04:54:46.353,0.9996,1.0,1.00,2.00
2010.09.30 04:54:46.391,0.9996,1.0,1.00,1.60
2010.09.30 04:54:47.150,0.9996,1.0,1.00,1.70
2010.09.30 04:55:19.807,0.9996,1.0,1.00,1.90
2010.09.30 04:55:20.122,0.99955,0.99995,1.60,1.00
2010.09.30 04:55:20.990,0.99955,0.9999,1.70,1.60
2010.09.30 04:55:23.370,0.99955,0.9999,1.60,1.60
2010.09.30 04:55:24.921,0.99955,0.9999,1.60,1.60
2010.09.30 04:55:28.662,0.9995,0.9999,1.00,1.60
2010.09.30 04:55:29.653,0.9995,0.9999,1.00,1.60
2010.09.30 04:55:30.249,0.9995,0.9999,1.00,1.70
2010.09.30 04:55:34.382,0.99955,0.9999,1.60,1.60
2010.09.30 04:55:35.233,0.99955,0.9999,1.70,1.60
2010.09.30 04:55:35.914,0.99955,0.9999,1.60,1.70
2010.09.30 04:55:36.885,0.99955,0.9999,1.70,1.60
2010.09.30 04:55:42.411,0.99955,1.0,2.30,1.70
2010.09.30 04:55:44.095,0.99955,0.9999,2.30,1.60
2010.09.30 04:55:44.434,0.99955,0.99995,2.10,1.00
2010.09.30 04:55:44.572,0.99955,1.0,2.10,1.90
2010.09.30 04:55:44.852,0.9996,1.0,1.00,1.90
2010.09.30 04:55:45.803,0.99955,0.9999,1.60,1.60
2010.09.30 04:55:46.223,0.99955,0.9999,1.70,1.60
2010.09.30 04:55:47.196,0.99955,0.9999,1.60,1.70
2010.09.30 04:55:48.312,0.99955,0.9999,1.60,1.60
2010.09.30 04:55:48.532,0.99955,0.9999,1.60,1.60
2010.09.30 04:55:49.244,0.9995,0.9999,1.00,1.60
2010.09.30 04:55:49.602,0.9995,0.9999,1.00,1.60
2010.09.30 04:55:49.742,0.99955,0.9999,1.60,1.60
2010.09.30 04:55:50.945,0.99955,0.9999,1.70,1.60
2010.09.30 04:55:53.837,0.99955,0.9999,1.90,1.60
2010.09.30 04:55:54.063,0.9996,0.9999,1.00,1.60
2010.09.30 04:55:54.789,0.99965,1.0,1.60,1.70
2010.09.30 04:55:55.067,0.9996,1.0,2.80,1.60
2010.09.30 04:55:56.975,0.99965,1.0,1.60,1.60
2010.09.30 04:55:57.202,0.99965,1.0,2.00,1.60
2010.09.30 04:55:57.762,0.9997,1.0001,2.00,1.70
2010.09.30 04:55:57.982,0.9997,1.0001,4.00,2.30
2010.09.30 04:55:58.694,0.99965,1.00005,2.00,1.00
2010.09.30 04:55:58.942,0.99965,1.00005,1.00,1.00
2010.09.30 04:55:59.031,0.9996,1.00005,2.40,1.00
2010.09.30 04:55:59.111,0.9996,1.00005,1.00,1.00
2010.09.30 04:56:00.065,0.99965,1.00005,2.00,1.00
2010.09.30 04:56:00.402,0.99965,1.0001,2.00,2.00
2010.09.30 04:56:00.742,0.99965,1.00005,2.10,1.00
2010.09.30 04:56:01.081,0.99965,1.0,1.70,1.60
2010.09.30 04:56:02.382,0.99965,1.0,1.60,1.00
2010.09.30 04:56:03.234,0.99965,1.0,1.60,1.00
2010.09.30 04:56:04.237,0.99965,1.0,1.60,1.60
2010.09.30 04:56:06.711,0.99965,1.0,1.60,1.70
2010.09.30 04:56:06.831,0.99965,1.0,1.60,2.10
2010.09.30 04:56:06.951,0.99955,0.99995,2.10,1.60
2010.09.30 04:56:08.332,0.99955,0.99995,2.10,1.70
2010.09.30 04:56:09.973,0.9996,0.99995,2.90,1.60
2010.09.30 04:56:10.151,0.99965,1.0,1.60,1.70
2010.09.30 04:56:10.914,0.9996,1.0,2.90,1.70
2010.09.30 04:56:11.272,0.9996,1.0,2.90,1.60
2010.09.30 04:56:11.493,0.99965,1.0,1.00,1.60
2010.09.30 04:56:15.536,0.99965,1.0,1.60,1.60
2010.09.30 04:56:18.902,0.99965,1.0,1.70,1.60
2010.09.30 04:56:19.490,0.99965,1.0,2.10,1.60
2010.09.30 04:56:19.627,0.99975,1.0001,1.60,2.00
2010.09.30 04:56:19.761,0.9997,1.0001,1.00,2.00
2010.09.30 04:56:23.151,0.99965,1.00005,2.00,1.00
2010.09.30 04:57:09.873,0.99965,1.0,1.60,1.60
2010.09.30 04:57:10.638,0.99965,1.0,1.60,1.70
2010.09.30 04:57:22.416,0.99955,1.0,2.10,1.70
2010.09.30 04:57:23.311,0.99955,0.99995,2.00,1.00
2010.09.30 04:57:52.391,0.99955,0.9999,2.00,1.00
2010.09.30 04:57:52.473,0.99955,0.9999,1.60,1.70
2010.09.30 04:57:53.238,0.99955,0.9999,1.60,1.60
2010.09.30 04:57:54.200,0.99955,0.9999,1.60,1.70
2010.09.30 04:58:03.306,0.99955,0.9999,1.60,1.90
2010.09.30 04:58:03.442,0.99955,0.99985,1.60,1.00
2010.09.30 04:58:03.563,0.99945,0.9998,2.00,1.60
2010.09.30 04:58:03.684,0.99955,0.9998,1.00,1.60
2010.09.30 04:58:03.913,0.99955,0.9999,2.00,1.60
2010.09.30 04:58:04.142,0.9995,0.9999,1.00,1.70
2010.09.30 04:58:04.836,0.9995,0.9999,2.40,1.70
2010.09.30 04:58:05.097,0.99955,0.99995,2.00,1.00
2010.09.30 04:58:07.320,0.99955,0.99995,2.00,1.00
2010.09.30 04:58:09.471,0.99955,0.99995,2.00,1.00
2010.09.30 04:58:09.611,0.99955,0.9999,2.00,1.60
2010.09.30 04:58:09.892,0.99955,0.99995,2.00,1.00
2010.09.30 04:58:10.763,0.9996,0.99995,2.40,1.00
2010.09.30 04:58:10.935,0.99965,1.0,2.00,1.70
2010.09.30 04:58:12.227,0.99965,1.0,2.00,1.60
2010.09.30 04:58:13.861,0.99965,1.0,1.60,1.60
2010.09.30 04:58:26.962,0.9996,0.99995,2.80,1.00
2010.09.30 04:58:27.084,0.99955,1.0,2.30,2.10
2010.09.30 04:58:28.015,0.99955,1.0,2.20,2.00
2010.09.30 04:58:29.156,0.99955,0.99995,2.30,1.00
2010.09.30 04:58:29.441,0.99955,0.99995,2.20,1.00
2010.09.30 04:58:34.741,0.99955,0.99995,1.80,1.00
2010.09.30 04:58:40.382,0.99955,1.0,1.90,2.10
2010.09.30 04:58:40.512,0.99965,1.0,1.60,2.10
2010.09.30 04:58:40.710,0.99965,1.0,1.60,1.70
2010.09.30 04:58:42.755,0.99965,0.99995,1.60,1.00
2010.09.30 04:58:43.092,0.99955,0.99995,1.80,1.00
2010.09.30 04:58:43.431,0.99955,0.99995,1.90,1.00
2010.09.30 04:58:45.912,0.99955,0.99995,1.70,1.00
2010.09.30 04:58:46.002,0.99955,0.9999,1.60,1.60
2010.09.30 04:58:47.941,0.99955,0.9999,1.60,1.60
2010.09.30 04:58:52.954,0.99955,0.9999,1.60,1.00
2010.09.30 04:58:53.043,0.99955,0.99995,1.60,1.70
2010.09.30 04:58:53.382,0.99955,0.99995,1.60,1.00
2010.09.30 04:58:54.316,0.99955,0.99995,1.60,1.00
2010.09.30 04:58:59.643,0.99955,0.9999,1.60,1.60
2010.09.30 04:59:00.472,0.99955,0.9999,1.60,1.60
2010.09.30 04:59:03.001,0.99955,0.99995,1.60,1.00
2010.09.30 04:59:04.239,0.99955,0.99995,1.70,1.00
2010.09.30 04:59:14.093,0.99955,1.0,1.90,1.70
2010.09.30 04:59:14.242,0.99965,1.0,1.60,1.70
2010.09.30 04:59:15.659,0.99965,1.0,1.60,1.60
2010.09.30 04:59:15.967,0.99955,0.99995,1.80,1.00
2010.09.30 04:59:16.278,0.99955,0.99995,1.80,1.60
2010.09.30 04:59:17.580,0.99955,0.99995,1.90,1.70
2010.09.30 04:59:19.931,0.99955,0.99995,1.90,1.60
2010.09.30 04:59:20.104,0.99965,1.0,1.60,1.70
2010.09.30 04:59:21.193,0.99955,0.99995,2.30,1.60
2010.09.30 04:59:21.378,0.9996,0.99995,1.00,1.60
2010.09.30 04:59:21.482,0.9996,1.0,1.00,1.60
2010.09.30 04:59:36.328,0.99955,1.0,1.90,1.70
2010.09.30 04:59:37.303,0.99955,0.99995,1.90,1.00
2010.09.30 04:59:42.942,0.99955,0.9999,1.60,1.00
2010.09.30 04:59:43.738,0.99955,0.9999,1.60,1.60
2010.09.30 04:59:44.235,0.99955,0.9999,1.60,1.70
2010.09.30 04:59:49.022,0.9995,0.9999,1.00,1.00
