2016.05.25 22:00:00.182,0.93603,0.93654,0.37,0.37
2016.05.25 22:00:00.284,0.93612,0.93668,0.37,0.37
2016.05.25 22:00:00.385,0.93612,0.93672,0.37,0.75
2016.05.25 22:00:00.486,0.93616,0.93674,0.37,1.12
2016.05.25 22:00:00.808,0.93624,0.93678,0.75,0.37
2016.05.25 22:00:01.011,0.9363,0.93689,0.37,0.37
2016.05.25 22:00:01.062,0.93639,0.93689,0.37,0.37
2016.05.25 22:00:01.112,0.93639,0.93695,0.75,0.75
2016.05.25 22:00:01.213,0.93635,0.93693,0.37,0.37
2016.05.25 22:00:01.264,0.9364,0.93693,0.37,0.37
2016.05.25 22:00:01.315,0.93641,0.93699,0.37,0.37
2016.05.25 22:00:01.466,0.93641,0.93687,0.37,0.37
2016.05.25 22:00:01.517,0.93631,0.93686,0.75,0.37
2016.05.25 22:00:01.567,0.93635,0.93686,0.37,0.37
2016.05.25 22:00:01.651,0.93638,0.93696,0.37,0.37
2016.05.25 22:00:02.162,0.93639,0.93697,0.37,0.37
2016.05.25 22:00:02.314,0.93641,0.93699,0.37,0.37
2016.05.25 22:00:03.188,0.93639,0.93697,0.37,0.37
2016.05.25 22:00:05.393,0.93636,0.93695,0.37,0.37
2016.05.25 22:00:07.487,0.93636,0.93693,0.37,0.37
2016.05.25 22:00:07.537,0.93634,0.93692,0.37,0.37
2016.05.25 22:00:13.034,0.93634,0.93691,0.37,0.75
2016.05.25 22:00:13.135,0.93633,0.93689,0.75,1.12
2016.05.25 22:00:13.450,0.93633,0.93686,0.75,0.75
2016.05.25 22:00:14.011,0.93632,0.93686,0.75,0.37
2016.05.25 22:00:14.757,0.93633,0.93686,0.75,0.37
2016.05.25 22:00:15.292,0.93632,0.93686,0.75,0.75
2016.05.25 22:00:15.595,0.9363,0.93684,1.12,0.75
2016.05.25 22:00:15.645,0.9363,0.93686,1.12,0.37
2016.05.25 22:00:16.163,0.9363,0.93685,1.12,0.75
2016.05.25 22:00:16.415,0.93632,0.93685,1.50,0.75
2016.05.25 22:00:16.466,0.93632,0.93687,1.50,0.75
2016.05.25 22:00:16.576,0.93638,0.93693,0.37,0.75
2016.05.25 22:00:16.677,0.93638,0.93696,0.37,1.12
2016.05.25 22:00:17.191,0.93639,0.93696,0.37,0.37
2016.05.25 22:00:17.292,0.9364,0.93698,0.37,0.75
2016.05.25 22:00:17.594,0.93642,0.93699,0.37,1.12
2016.05.25 22:00:17.956,0.93639,0.93699,0.75,1.12
2016.05.25 22:00:18.057,0.93639,0.93697,0.75,0.37
2016.05.25 22:00:18.568,0.93639,0.93698,0.75,0.75
2016.05.25 22:00:19.619,0.93639,0.93697,0.75,0.75
2016.05.25 22:00:22.209,0.93639,0.93699,1.50,2.25
2016.05.25 22:00:23.936,0.93639,0.93698,1.50,1.50
2016.05.25 22:00:25.175,0.93639,0.93699,1.50,3.00
2016.05.25 22:00:26.446,0.9364,0.93698,1.50,0.75
2016.05.25 22:00:26.496,0.93643,0.93698,0.37,0.75
2016.05.25 22:00:26.648,0.93644,0.937,0.37,2.25
2016.05.25 22:00:26.967,0.93644,0.93702,0.37,1.50
2016.05.25 22:00:37.785,0.93643,0.93698,0.37,0.37
2016.05.25 22:00:37.835,0.93641,0.93698,0.75,0.37
2016.05.25 22:00:38.893,0.9364,0.93698,1.50,0.37
2016.05.25 22:00:39.376,0.93642,0.93699,1.12,0.37
2016.05.25 22:00:39.426,0.93643,0.93703,0.75,0.75
2016.05.25 22:00:41.707,0.93642,0.93703,1.50,0.75
2016.05.25 22:00:42.332,0.93643,0.937,0.75,0.37
2016.05.25 22:00:42.533,0.93643,0.93702,0.75,0.37
2016.05.25 22:00:43.102,0.93642,0.93702,1.50,0.37
2016.05.25 22:00:43.536,0.93642,0.93699,2.25,0.37
2016.05.25 22:00:44.114,0.93645,0.93698,0.75,0.37
2016.05.25 22:00:44.215,0.93645,0.93702,0.75,0.37
2016.05.25 22:00:44.706,0.93644,0.93699,0.75,0.37
2016.05.25 22:00:45.055,0.93651,0.93696,0.37,0.37
2016.05.25 22:00:45.510,0.93654,0.93698,0.37,0.37
2016.05.25 22:00:45.560,0.93654,0.93701,0.75,0.75
2016.05.25 22:00:45.762,0.93654,0.93697,0.37,0.37
2016.05.25 22:00:45.863,0.93652,0.93697,0.37,0.37
2016.05.25 22:00:46.992,0.93654,0.93698,0.37,0.37
2016.05.25 22:00:47.042,0.93654,0.93701,0.75,0.75
2016.05.25 22:00:47.193,0.93658,0.93701,0.37,0.37
2016.05.25 22:00:47.244,0.93658,0.93703,0.37,0.37
2016.05.25 22:00:48.597,0.93661,0.93704,0.37,0.37
2016.05.25 22:00:48.648,0.93661,0.93706,0.37,0.37
2016.05.25 22:00:50.668,0.93666,0.93708,0.37,0.37
2016.05.25 22:00:50.769,0.93666,0.93711,0.37,0.37
2016.05.25 22:00:51.816,0.93665,0.93708,0.37,0.37
2016.05.25 22:00:51.867,0.93663,0.93708,0.37,0.37
2016.05.25 22:00:52.673,0.93665,0.93709,0.37,0.37
2016.05.25 22:00:52.774,0.93665,0.93712,0.75,0.75
2016.05.25 22:00:58.214,0.93665,0.93709,0.37,0.37
2016.05.25 22:00:58.265,0.93662,0.93709,0.37,0.37
2016.05.25 22:01:02.128,0.93666,0.9371,0.37,0.37
2016.05.25 22:01:02.279,0.93669,0.93716,0.75,0.75
2016.05.25 22:01:06.733,0.93673,0.93716,0.37,0.37
2016.05.25 22:01:06.784,0.93673,0.93718,0.37,0.37
2016.05.25 22:01:07.434,0.93671,0.93715,0.37,0.37
2016.05.25 22:01:07.967,0.9367,0.93715,0.37,0.37
2016.05.25 22:01:10.044,0.93673,0.93717,0.37,0.37
2016.05.25 22:01:10.608,0.93673,0.93718,0.37,0.37
2016.05.25 22:01:11.941,0.93677,0.93718,0.37,0.75
2016.05.25 22:01:12.042,0.93675,0.93718,0.37,1.12
2016.05.25 22:01:12.093,0.93673,0.93717,0.37,0.75
2016.05.25 22:01:14.233,0.93673,0.93718,0.37,1.87
2016.05.25 22:01:14.335,0.93676,0.93718,0.37,2.25
2016.05.25 22:01:15.033,0.9368,0.93717,0.75,0.75
2016.05.25 22:01:16.933,0.9368,0.93716,0.75,0.75
2016.05.25 22:01:17.459,0.9368,0.93717,0.75,0.75
2016.05.25 22:01:18.093,0.9368,0.93715,0.75,0.75
2016.05.25 22:01:18.650,0.9368,0.93716,0.75,0.75
2016.05.25 22:01:19.235,0.9368,0.93717,0.75,1.50
2016.05.25 22:01:19.554,0.9368,0.93715,0.75,0.75
2016.05.25 22:01:19.607,0.93677,0.93715,0.37,0.75
2016.05.25 22:01:19.708,0.93675,0.93712,0.75,0.75
2016.05.25 22:01:20.212,0.93675,0.93711,0.75,0.75
2016.05.25 22:01:20.726,0.93678,0.93712,0.37,0.75
2016.05.25 22:01:21.040,0.93681,0.93712,0.37,0.75
2016.05.25 22:01:21.091,0.93679,0.93712,1.87,0.75
2016.05.25 22:01:21.142,0.93681,0.93712,0.75,0.75
2016.05.25 22:01:21.444,0.93691,0.93712,1.12,0.75
2016.05.25 22:01:21.545,0.93689,0.93712,1.12,0.75
2016.05.25 22:01:22.350,0.93688,0.93712,0.75,0.75
2016.05.25 22:01:22.551,0.9369,0.93712,0.75,0.75
2016.05.25 22:01:22.602,0.9369,0.93729,0.75,0.37
2016.05.25 22:01:22.754,0.93689,0.93732,0.75,0.37
2016.05.25 22:01:22.956,0.93689,0.93729,1.12,0.37
2016.05.25 22:01:23.258,0.93692,0.93729,0.75,0.37
2016.05.25 22:01:23.439,0.93694,0.93733,0.75,0.37
2016.05.25 22:01:23.542,0.93688,0.93733,0.37,0.37
2016.05.25 22:01:23.646,0.9369,0.93733,0.75,0.37
2016.05.25 22:01:24.158,0.93691,0.93734,0.75,0.75
2016.05.25 22:01:24.661,0.9369,0.93734,0.75,0.75
2016.05.25 22:01:25.199,0.93691,0.93734,0.75,0.75
2016.05.25 22:01:25.517,0.9369,0.93729,0.75,0.37
2016.05.25 22:01:25.618,0.93684,0.93729,0.75,0.37
2016.05.25 22:01:28.949,0.93694,0.93732,0.37,0.37
2016.05.25 22:01:29.156,0.93687,0.93732,0.37,0.37
2016.05.25 22:01:29.257,0.9369,0.93735,0.37,0.37
2016.05.25 22:01:38.015,0.93691,0.93735,0.75,0.37
2016.05.25 22:01:38.608,0.93694,0.93735,0.75,0.37
2016.05.25 22:01:41.357,0.93696,0.93735,0.75,1.12
2016.05.25 22:01:42.345,0.93695,0.93735,0.75,0.37
2016.05.25 22:01:42.446,0.93693,0.93735,0.75,0.37
2016.05.25 22:01:43.513,0.93695,0.93735,0.75,0.37
2016.05.25 22:01:43.614,0.93693,0.93734,0.75,0.75
2016.05.25 22:01:45.298,0.93693,0.93733,0.75,0.37
2016.05.25 22:01:46.516,0.93694,0.93733,0.75,0.37
2016.05.25 22:01:49.289,0.93694,0.93727,0.75,0.37
2016.05.25 22:01:49.390,0.93694,0.9373,0.75,0.37
2016.05.25 22:01:50.403,0.93694,0.93734,0.75,1.87
2016.05.25 22:01:51.151,0.93693,0.93731,0.75,0.37
2016.05.25 22:01:51.302,0.93693,0.93733,0.75,1.12
2016.05.25 22:01:51.561,0.93694,0.9373,0.75,0.37
2016.05.25 22:01:51.813,0.93694,0.93733,0.75,0.37
2016.05.25 22:01:52.021,0.93696,0.93733,0.75,0.37
2016.05.25 22:01:52.597,0.93696,0.93734,0.75,0.37
2016.05.25 22:01:52.917,0.93698,0.93734,0.75,0.37
2016.05.25 22:01:53.427,0.93699,0.93734,0.75,0.37
2016.05.25 22:01:53.736,0.93709,0.93741,0.75,0.37
2016.05.25 22:01:54.240,0.9371,0.93742,0.75,0.75
2016.05.25 22:01:54.428,0.93708,0.93742,0.75,0.75
2016.05.25 22:01:54.529,0.93706,0.93743,0.75,0.75
2016.05.25 22:01:54.728,0.93708,0.93743,0.75,0.75
2016.05.25 22:01:54.930,0.93708,0.93746,0.75,0.75
2016.05.25 22:01:55.542,0.93709,0.93746,0.75,0.75
2016.05.25 22:01:56.828,0.93706,0.93744,0.75,0.75
2016.05.25 22:01:56.929,0.93709,0.93746,0.75,0.75
2016.05.25 22:01:57.131,0.93709,0.93749,0.75,0.75
2016.05.25 22:01:57.232,0.93712,0.9375,0.75,1.12
2016.05.25 22:01:57.530,0.93709,0.93749,0.75,0.75
2016.05.25 22:01:57.631,0.93708,0.93746,0.75,0.75
2016.05.25 22:01:57.933,0.93712,0.9375,0.75,0.75
2016.05.25 22:01:58.335,0.93709,0.93749,0.75,0.75
2016.05.25 22:01:58.436,0.93709,0.93747,0.75,0.75
2016.05.25 22:01:58.982,0.93708,0.93746,0.75,0.75
2016.05.25 22:01:59.436,0.93712,0.9375,0.75,1.12
2016.05.25 22:01:59.738,0.93712,0.93752,0.75,1.50
2016.05.25 22:01:59.940,0.93714,0.93752,0.75,0.75
2016.05.25 22:02:00.452,0.93712,0.9375,0.75,0.75
2016.05.25 22:02:00.922,0.93711,0.93746,0.75,0.75
2016.05.25 22:02:00.972,0.93709,0.93746,0.75,0.75
2016.05.25 22:02:01.023,0.93709,0.93749,0.75,0.75
2016.05.25 22:02:01.073,0.93711,0.93751,0.75,1.50
2016.05.25 22:02:01.420,0.93714,0.93751,0.75,0.75
2016.05.25 22:02:01.940,0.93709,0.93748,0.75,0.75
2016.05.25 22:02:02.468,0.9371,0.93749,0.75,0.75
2016.05.25 22:02:02.975,0.93708,0.9375,0.75,0.75
2016.05.25 22:02:04.041,0.93708,0.93749,0.75,0.75
2016.05.25 22:02:05.244,0.93706,0.93749,0.75,0.75
2016.05.25 22:02:05.539,0.93705,0.93747,0.75,0.75
2016.05.25 22:02:05.858,0.93705,0.93745,0.75,0.75
2016.05.25 22:02:06.041,0.93705,0.93748,0.75,1.12
2016.05.25 22:02:06.278,0.93707,0.93748,0.75,1.12
2016.05.25 22:02:06.787,0.93701,0.93738,0.37,0.75
2016.05.25 22:02:06.838,0.93698,0.93736,0.75,0.75
2016.05.25 22:02:06.939,0.93699,0.93734,0.75,0.75
2016.05.25 22:02:07.949,0.93699,0.93729,0.75,0.75
2016.05.25 22:02:08.000,0.93694,0.93729,0.75,0.75
2016.05.25 22:02:08.252,0.93691,0.93727,0.75,0.75
2016.05.25 22:02:08.353,0.9369,0.93725,0.37,0.75
2016.05.25 22:02:08.403,0.93686,0.93725,0.75,0.75
2016.05.25 22:02:08.454,0.93686,0.93723,0.75,0.75
2016.05.25 22:02:09.037,0.93686,0.93724,0.75,0.75
2016.05.25 22:02:09.375,0.93684,0.93722,0.75,0.75
2016.05.25 22:02:09.890,0.93686,0.93723,0.75,0.75
2016.05.25 22:02:10.195,0.93689,0.93725,0.75,0.75
2016.05.25 22:02:10.691,0.93689,0.93727,0.75,0.75
2016.05.25 22:02:11.242,0.93689,0.93726,0.75,0.75
2016.05.25 22:02:11.349,0.93687,0.93726,0.75,0.75
2016.05.25 22:02:12.343,0.93686,0.93723,0.75,0.75
2016.05.25 22:02:13.444,0.93685,0.93723,0.75,0.75
2016.05.25 22:02:14.745,0.93686,0.93723,0.75,0.75
2016.05.25 22:02:16.692,0.93687,0.93723,0.75,0.75
2016.05.25 22:02:17.484,0.93685,0.93724,0.75,0.75
2016.05.25 22:02:17.585,0.93683,0.93722,1.50,0.75
2016.05.25 22:02:18.110,0.93684,0.93722,0.75,0.75
2016.05.25 22:02:18.718,0.9368,0.93719,0.75,0.75
2016.05.25 22:02:18.819,0.93683,0.93722,0.75,0.75
2016.05.25 22:02:19.733,0.93681,0.9372,1.50,0.75
2016.05.25 22:02:19.835,0.93682,0.93723,0.75,0.75
2016.05.25 22:02:20.096,0.93682,0.93721,0.75,0.75
2016.05.25 22:02:22.032,0.93681,0.93718,0.75,0.75
2016.05.25 22:02:22.133,0.93682,0.93721,0.75,0.75
2016.05.25 22:02:22.907,0.93681,0.93721,0.75,0.75
2016.05.25 22:02:23.678,0.93682,0.93721,0.75,0.75
2016.05.25 22:02:25.893,0.93681,0.93721,0.75,0.75
2016.05.25 22:02:25.994,0.93683,0.93722,0.75,0.75
2016.05.25 22:02:26.662,0.93684,0.93722,0.75,0.75
2016.05.25 22:02:27.180,0.93683,0.93721,0.75,0.75
2016.05.25 22:02:27.230,0.93682,0.93723,0.75,0.75
2016.05.25 22:02:27.504,0.93682,0.93721,0.75,0.75
2016.05.25 22:02:28.321,0.93684,0.93723,0.75,0.75
2016.05.25 22:02:28.709,0.93682,0.93723,1.12,0.75
2016.05.25 22:02:29.333,0.93683,0.93723,0.75,0.75
2016.05.25 22:02:30.338,0.93683,0.93722,0.75,0.75
2016.05.25 22:02:30.825,0.93682,0.93719,0.37,0.75
2016.05.25 22:02:30.876,0.9368,0.93719,0.75,0.75
2016.05.25 22:02:30.926,0.93678,0.93716,1.12,0.75
2016.05.25 22:02:31.239,0.93684,0.93716,0.75,0.75
2016.05.25 22:02:31.941,0.93684,0.93714,0.75,0.75
2016.05.25 22:02:32.042,0.93679,0.93711,0.75,0.75
2016.05.25 22:02:32.144,0.93679,0.93713,0.75,0.75
2016.05.25 22:02:32.206,0.93679,0.9371,0.75,0.75
2016.05.25 22:02:32.609,0.93674,0.93709,0.75,0.75
2016.05.25 22:02:32.811,0.93679,0.9371,0.75,0.75
2016.05.25 22:02:33.423,0.93679,0.93709,0.75,0.75
2016.05.25 22:02:34.230,0.93674,0.93709,0.75,0.75
2016.05.25 22:02:34.938,0.93674,0.93708,0.75,0.75
2016.05.25 22:02:38.711,0.93674,0.93709,0.75,0.75
2016.05.25 22:02:39.231,0.93673,0.93709,0.75,0.75
2016.05.25 22:02:41.316,0.93679,0.93709,0.75,0.75
2016.05.25 22:02:42.957,0.93679,0.93707,0.75,0.75
2016.05.25 22:02:43.128,0.93674,0.9371,0.75,0.75
2016.05.25 22:02:43.330,0.93679,0.9371,0.75,0.75
2016.05.25 22:02:44.942,0.93679,0.93708,0.75,0.75
2016.05.25 22:02:45.933,0.93674,0.93708,0.75,0.75
2016.05.25 22:02:47.253,0.93679,0.93708,0.75,0.75
2016.05.25 22:02:47.758,0.93679,0.9371,0.75,0.75
2016.05.25 22:02:47.964,0.93673,0.9371,0.75,0.75
2016.05.25 22:02:48.065,0.93668,0.93709,1.12,0.75
2016.05.25 22:02:48.166,0.93668,0.93706,0.37,0.75
2016.05.25 22:02:48.304,0.93664,0.93707,0.75,0.75
2016.05.25 22:02:48.355,0.93666,0.93707,0.37,0.75
2016.05.25 22:02:48.658,0.93667,0.93709,0.37,0.75
2016.05.25 22:02:48.709,0.93665,0.93709,0.75,1.12
2016.05.25 22:02:48.922,0.93667,0.93709,0.75,0.37
2016.05.25 22:02:49.583,0.93666,0.93709,0.75,0.37
2016.05.25 22:02:49.963,0.93664,0.93709,1.12,0.37
2016.05.25 22:02:52.132,0.93664,0.93708,0.37,0.75
2016.05.25 22:02:52.283,0.9366,0.93705,0.37,0.37
2016.05.25 22:02:53.997,0.93664,0.93707,0.37,0.37
2016.05.25 22:02:54.299,0.93655,0.937,0.37,0.37
2016.05.25 22:02:54.566,0.93657,0.937,0.37,0.37
2016.05.25 22:02:54.617,0.93657,0.93704,0.75,0.75
2016.05.25 22:02:54.818,0.93657,0.93702,0.75,0.37
2016.05.25 22:02:55.221,0.93657,0.93704,0.75,0.75
2016.05.25 22:02:55.372,0.93657,0.93701,0.37,0.37
2016.05.25 22:02:55.423,0.93655,0.937,0.37,0.37
2016.05.25 22:02:55.474,0.93657,0.937,0.37,0.37
2016.05.25 22:02:55.524,0.93657,0.93704,0.75,0.75
2016.05.25 22:02:56.453,0.93664,0.93704,0.75,0.75
2016.05.25 22:02:56.806,0.93664,0.93702,0.75,0.75
2016.05.25 22:02:57.125,0.93664,0.93699,0.75,0.37
2016.05.25 22:02:57.350,0.93658,0.93699,0.75,0.37
2016.05.25 22:02:57.882,0.93663,0.93699,0.75,0.37
2016.05.25 22:02:58.151,0.93658,0.93699,0.75,0.37
2016.05.25 22:03:01.965,0.93658,0.93698,0.75,0.75
2016.05.25 22:03:02.674,0.93658,0.93697,0.75,0.75
2016.05.25 22:03:03.085,0.93658,0.93699,0.75,1.12
2016.05.25 22:03:03.247,0.93658,0.93697,0.75,0.75
2016.05.25 22:03:03.751,0.93658,0.93698,0.75,0.75
2016.05.25 22:03:04.053,0.93663,0.93697,0.75,0.75
2016.05.25 22:03:04.163,0.93663,0.93699,0.75,0.37
2016.05.25 22:03:04.700,0.93664,0.937,0.75,0.75
2016.05.25 22:03:04.751,0.93664,0.93697,0.75,0.75
2016.05.25 22:03:06.340,0.93664,0.93699,0.75,0.75
2016.05.25 22:03:06.441,0.93663,0.93701,0.75,0.75
2016.05.25 22:03:06.542,0.93665,0.93703,0.75,1.12
2016.05.25 22:03:07.656,0.93663,0.937,0.75,0.75
2016.05.25 22:03:08.231,0.93664,0.937,0.75,0.75
2016.05.25 22:03:09.764,0.93664,0.93699,0.75,0.75
2016.05.25 22:03:10.478,0.93663,0.93701,0.75,0.75
2016.05.25 22:03:10.579,0.93663,0.93699,0.75,0.75
2016.05.25 22:03:10.963,0.93663,0.93697,0.75,0.75
2016.05.25 22:03:11.964,0.93663,0.93699,0.75,0.75
2016.05.25 22:03:12.788,0.93663,0.93698,0.75,0.75
2016.05.25 22:03:13.684,0.93664,0.93698,0.75,0.75
2016.05.25 22:03:13.835,0.93664,0.93694,0.75,0.75
2016.05.25 22:03:14.088,0.93659,0.93692,0.75,0.75
2016.05.25 22:03:14.289,0.93659,0.93695,0.75,0.75
2016.05.25 22:03:15.171,0.93659,0.93697,0.75,0.75
2016.05.25 22:03:18.479,0.93659,0.93695,0.75,0.75
2016.05.25 22:03:18.782,0.93664,0.93698,0.75,0.75
2016.05.25 22:03:18.883,0.93658,0.93696,1.87,0.75
2016.05.25 22:03:18.984,0.93658,0.93698,1.87,0.75
2016.05.25 22:03:21.197,0.93663,0.93698,0.75,0.75
2016.05.25 22:03:21.702,0.93663,0.93699,0.75,0.75
2016.05.25 22:03:24.372,0.93663,0.93696,0.75,0.75
2016.05.25 22:03:24.891,0.93663,0.93694,0.75,0.75
2016.05.25 22:03:25.093,0.93663,0.93699,0.75,0.75
2016.05.25 22:03:25.495,0.93663,0.93701,1.50,0.75
2016.05.25 22:03:25.798,0.93665,0.93703,0.75,0.37
2016.05.25 22:03:30.104,0.93667,0.93703,0.75,0.37
2016.05.25 22:03:30.155,0.93667,0.93705,0.75,0.75
2016.05.25 22:03:30.925,0.93668,0.93706,0.75,0.75
2016.05.25 22:03:31.509,0.93667,0.93705,0.75,0.75
2016.05.25 22:03:32.171,0.93666,0.93704,0.75,0.75
2016.05.25 22:03:34.703,0.93664,0.93703,0.75,0.75
2016.05.25 22:03:35.215,0.93664,0.93702,0.75,0.75
2016.05.25 22:03:36.118,0.93663,0.93702,0.75,0.75
2016.05.25 22:03:37.803,0.93662,0.93702,0.75,0.75
2016.05.25 22:03:37.973,0.93666,0.93703,0.37,0.75
2016.05.25 22:03:38.074,0.93666,0.93705,0.37,0.75
2016.05.25 22:03:38.124,0.93668,0.93705,0.75,0.75
2016.05.25 22:03:38.477,0.93666,0.93706,0.75,0.75
2016.05.25 22:03:38.679,0.93666,0.93704,0.75,0.75
2016.05.25 22:03:39.260,0.93665,0.93703,1.12,0.75
2016.05.25 22:03:41.209,0.93666,0.93706,0.75,0.75
2016.05.25 22:03:41.815,0.93667,0.93707,0.75,0.75
2016.05.25 22:03:43.238,0.93673,0.93707,0.75,0.75
2016.05.25 22:03:43.288,0.93673,0.93709,0.75,0.75
2016.05.25 22:03:43.339,0.93673,0.93704,0.75,0.37
2016.05.25 22:03:43.639,0.93671,0.93704,0.75,0.37
2016.05.25 22:03:43.711,0.93671,0.93709,0.75,1.12
2016.05.25 22:03:44.294,0.93672,0.93709,0.75,0.37
2016.05.25 22:03:44.344,0.93674,0.9371,0.75,0.75
2016.05.25 22:03:44.395,0.93674,0.93712,1.50,2.25
2016.05.25 22:03:45.220,0.93673,0.93711,0.75,0.75
2016.05.25 22:03:45.321,0.93671,0.93711,0.75,1.12
2016.05.25 22:03:48.420,0.93671,0.93709,0.75,0.37
2016.05.25 22:03:48.818,0.93671,0.93711,0.75,0.75
2016.05.25 22:03:49.125,0.93673,0.93712,0.75,0.75
2016.05.25 22:03:49.427,0.93675,0.93712,0.75,1.12
2016.05.25 22:03:49.949,0.93676,0.93712,0.75,1.12
2016.05.25 22:03:52.331,0.93675,0.93712,0.75,1.12
2016.05.25 22:03:53.332,0.93676,0.93712,0.75,1.12
2016.05.25 22:04:00.132,0.93674,0.93712,0.75,0.75
2016.05.25 22:04:00.754,0.93674,0.93711,0.75,0.37
2016.05.25 22:04:00.934,0.93677,0.93711,0.75,0.37
2016.05.25 22:04:02.510,0.93675,0.93711,0.75,0.37
2016.05.25 22:04:03.611,0.93674,0.93711,0.75,0.37
2016.05.25 22:04:03.844,0.93672,0.93716,1.00,2.62
2016.05.25 22:04:06.127,0.93665,0.93708,1.37,1.00
2016.05.25 22:04:06.350,0.93667,0.93712,1.00,1.75
2016.05.25 22:04:06.853,0.93665,0.93712,1.00,2.25
2016.05.25 22:04:08.320,0.93667,0.93712,1.00,1.87
2016.05.25 22:04:08.832,0.93664,0.93712,1.00,1.75
2016.05.25 22:04:09.384,0.93663,0.93712,1.00,1.75
2016.05.25 22:04:09.967,0.93664,0.93707,1.00,1.12
2016.05.25 22:04:10.068,0.93666,0.93711,1.00,3.00
2016.05.25 22:04:11.167,0.93667,0.93712,1.00,2.62
2016.05.25 22:04:11.367,0.93665,0.93712,1.00,2.62
2016.05.25 22:04:12.167,0.93666,0.93712,1.00,2.62
2016.05.25 22:04:12.671,0.93665,0.93708,1.00,1.12
2016.05.25 22:04:13.273,0.93666,0.93706,1.00,1.37
2016.05.25 22:04:14.006,0.93666,0.93706,1.00,1.12
2016.05.25 22:04:14.564,0.93667,0.93706,1.00,1.12
2016.05.25 22:04:15.169,0.93667,0.93704,1.00,1.00
2016.05.25 22:04:15.640,0.93665,0.93706,1.00,1.12
2016.05.25 22:04:16.023,0.93663,0.93706,1.00,1.12
2016.05.25 22:04:16.328,0.9367,0.93707,1.00,2.62
2016.05.25 22:04:16.494,0.9367,0.93707,1.00,1.50
2016.05.25 22:04:16.544,0.93674,0.93707,1.00,1.00
2016.05.25 22:04:17.230,0.93674,0.93711,1.00,1.00
2016.05.25 22:04:17.331,0.93674,0.93709,1.00,1.00
2016.05.25 22:04:17.432,0.93671,0.93709,1.00,1.50
2016.05.25 22:04:17.483,0.93674,0.93709,1.00,1.50
2016.05.25 22:04:18.076,0.93669,0.93709,1.00,1.00
2016.05.25 22:04:18.228,0.93667,0.93709,1.00,1.00
2016.05.25 22:04:18.754,0.93666,0.93708,1.00,1.00
2016.05.25 22:04:21.028,0.93666,0.93706,1.00,1.00
2016.05.25 22:04:21.336,0.93665,0.93706,1.00,1.37
2016.05.25 22:04:21.738,0.93663,0.93701,1.00,1.00
2016.05.25 22:04:21.839,0.93661,0.93701,1.00,1.12
2016.05.25 22:04:22.375,0.93662,0.937,1.00,1.00
2016.05.25 22:04:26.233,0.93658,0.93694,1.00,1.00
2016.05.25 22:04:26.284,0.93656,0.93694,1.00,1.00
2016.05.25 22:04:26.334,0.93655,0.93692,1.00,1.50
2016.05.25 22:04:26.642,0.93659,0.93698,1.00,1.50
2016.05.25 22:04:26.983,0.93661,0.93699,1.00,1.37
2016.05.25 22:04:27.034,0.93661,0.93699,1.00,1.37
2016.05.25 22:04:27.379,0.93663,0.93701,1.00,3.00
2016.05.25 22:04:27.999,0.93664,0.93701,1.00,1.50
2016.05.25 22:04:28.050,0.93661,0.93701,1.00,1.50
2016.05.25 22:04:28.101,0.93661,0.93701,1.00,1.12
2016.05.25 22:04:28.255,0.93661,0.93697,1.00,1.00
2016.05.25 22:04:28.481,0.93661,0.93699,1.00,1.00
2016.05.25 22:04:28.582,0.93665,0.93703,1.00,1.50
2016.05.25 22:04:28.885,0.93669,0.937,1.00,1.00
2016.05.25 22:04:30.438,0.93669,0.93699,1.00,1.00
2016.05.25 22:04:31.753,0.93663,0.93696,1.00,1.00
2016.05.25 22:04:32.294,0.93663,0.93697,1.00,1.00
2016.05.25 22:04:38.095,0.93668,0.93698,1.00,1.00
2016.05.25 22:04:38.296,0.93663,0.93697,1.50,1.00
2016.05.25 22:04:38.397,0.93668,0.93698,1.00,1.00
2016.05.25 22:04:38.549,0.93668,0.937,1.00,1.00
2016.05.25 22:04:38.867,0.93664,0.93699,1.00,1.00
2016.05.25 22:04:39.108,0.93669,0.93699,1.00,1.00
2016.05.25 22:04:39.668,0.93668,0.93699,1.00,1.00
2016.05.25 22:04:39.746,0.93668,0.93701,1.00,1.50
2016.05.25 22:04:40.169,0.93674,0.93701,1.00,1.50
2016.05.25 22:04:40.669,0.93669,0.93701,1.00,2.25
2016.05.25 22:04:41.207,0.93669,0.937,1.00,1.00
2016.05.25 22:04:44.974,0.93668,0.937,1.00,1.00
2016.05.25 22:04:45.496,0.93669,0.937,1.00,1.00
2016.05.25 22:04:45.692,0.93662,0.937,1.00,1.00
2016.05.25 22:04:45.793,0.93664,0.93703,1.00,1.00
2016.05.25 22:04:45.894,0.93668,0.93704,1.00,1.00
2016.05.25 22:04:46.197,0.93669,0.93706,1.00,1.00
2016.05.25 22:04:46.720,0.9367,0.93707,1.00,1.00
2016.05.25 22:04:48.495,0.9367,0.93707,1.00,1.37
2016.05.25 22:04:49.155,0.9367,0.93707,1.00,1.00
2016.05.25 22:04:52.972,0.9367,0.93707,1.00,1.37
2016.05.25 22:04:53.124,0.93664,0.93699,1.00,1.87
2016.05.25 22:04:53.174,0.93664,0.93695,1.00,1.00
2016.05.25 22:04:53.693,0.93664,0.93694,1.00,1.00
2016.05.25 22:04:56.089,0.93658,0.93694,1.00,3.37
2016.05.25 22:04:56.190,0.93664,0.93694,1.00,1.50
2016.05.25 22:04:56.311,0.93659,0.93696,1.87,1.00
2016.05.25 22:04:56.362,0.93667,0.93699,1.00,1.00
2016.05.25 22:04:56.412,0.93668,0.93702,1.00,1.50
2016.05.25 22:04:56.866,0.93669,0.93704,1.00,1.50
2016.05.25 22:04:57.018,0.93667,0.93703,1.00,1.00
2016.05.25 22:04:57.069,0.93672,0.93703,1.00,1.00
2016.05.25 22:04:57.119,0.93672,0.93705,1.00,1.00
2016.05.25 22:04:57.170,0.93673,0.93708,1.00,1.00
2016.05.25 22:04:57.221,0.93678,0.93707,1.00,1.00
2016.05.25 22:04:57.788,0.93679,0.93707,1.00,1.00
2016.05.25 22:04:58.391,0.93678,0.93707,1.00,1.00
2016.05.25 22:04:59.321,0.93676,0.93707,1.00,1.00
2016.05.25 22:04:59.840,0.93675,0.93707,1.00,1.00
2016.05.25 22:05:00.410,0.93674,0.93707,1.00,1.00
2016.05.25 22:05:00.592,0.93674,0.9371,1.00,1.50
2016.05.25 22:05:01.190,0.93674,0.93709,1.00,1.00
2016.05.25 22:05:02.472,0.93675,0.93709,1.00,1.00
2016.05.25 22:05:03.189,0.93674,0.93709,1.00,1.00
2016.05.25 22:05:03.701,0.93674,0.93708,1.00,1.00
2016.05.25 22:05:04.205,0.93674,0.93707,1.00,1.00
2016.05.25 22:05:04.455,0.93669,0.93706,1.00,1.00
2016.05.25 22:05:04.606,0.93669,0.93704,1.00,1.00
2016.05.25 22:05:05.107,0.93669,0.93703,1.00,1.00
2016.05.25 22:05:05.422,0.93674,0.93702,1.00,1.12
2016.05.25 22:05:05.523,0.93668,0.93702,1.00,1.87
2016.05.25 22:05:06.062,0.93668,0.937,1.00,1.00
2016.05.25 22:05:06.172,0.93668,0.93698,1.00,1.00
2016.05.25 22:05:06.913,0.93668,0.93695,1.00,1.00
2016.05.25 22:05:07.627,0.93664,0.93695,1.00,1.00
2016.05.25 22:05:07.744,0.93669,0.93695,1.00,1.00
2016.05.25 22:05:07.795,0.93669,0.93697,1.00,1.00
2016.05.25 22:05:08.324,0.93669,0.93699,1.00,1.00
2016.05.25 22:05:08.425,0.93669,0.93701,1.00,1.00
2016.05.25 22:05:08.925,0.93669,0.93699,1.00,1.00
2016.05.25 22:05:09.470,0.93669,0.937,1.00,1.00
2016.05.25 22:05:22.639,0.93669,0.93694,1.00,1.00
2016.05.25 22:05:22.955,0.93669,0.93691,1.00,1.00
2016.05.25 22:05:23.326,0.93669,0.93689,1.00,1.00
2016.05.25 22:05:24.660,0.93668,0.93689,1.00,1.00
2016.05.25 22:05:24.710,0.93668,0.93691,1.00,1.00
2016.05.25 22:05:24.761,0.93664,0.93691,1.00,1.00
2016.05.25 22:05:24.883,0.93673,0.93694,1.00,1.00
2016.05.25 22:05:24.934,0.93673,0.93698,1.00,1.00
2016.05.25 22:05:25.035,0.93673,0.937,1.00,1.00
2016.05.25 22:05:25.243,0.93668,0.937,1.00,1.00
2016.05.25 22:05:25.798,0.93668,0.93702,1.00,1.00
2016.05.25 22:05:26.335,0.93669,0.93702,1.00,1.00
2016.05.25 22:05:26.386,0.93669,0.93699,1.00,1.00
2016.05.25 22:05:26.945,0.93663,0.93698,1.12,1.00
2016.05.25 22:05:27.658,0.93663,0.93697,1.12,1.00
2016.05.25 22:05:27.746,0.93669,0.93697,1.00,1.00
2016.05.25 22:05:29.004,0.93669,0.93694,1.00,1.00
2016.05.25 22:05:29.677,0.93669,0.93693,1.00,1.00
2016.05.25 22:05:30.249,0.93669,0.93692,1.00,1.00
2016.05.25 22:05:31.108,0.93669,0.93689,1.00,1.00
2016.05.25 22:05:32.047,0.93669,0.93692,1.00,1.00
2016.05.25 22:05:32.311,0.93669,0.9369,1.00,1.00
2016.05.25 22:05:33.754,0.93664,0.9369,1.00,1.00
2016.05.25 22:05:33.956,0.93663,0.93694,1.00,1.00
2016.05.25 22:05:34.107,0.93663,0.93696,1.00,1.00
2016.05.25 22:05:34.657,0.93663,0.93697,1.00,1.00
2016.05.25 22:05:34.708,0.93663,0.93699,1.50,1.00
2016.05.25 22:05:35.010,0.93667,0.93699,1.00,1.00
2016.05.25 22:05:35.335,0.93674,0.937,1.00,1.00
2016.05.25 22:05:36.472,0.93667,0.937,1.00,1.00
2016.05.25 22:05:36.624,0.93664,0.93697,1.50,1.00
2016.05.25 22:05:39.212,0.93663,0.93699,1.75,1.00
2016.05.25 22:05:39.563,0.93668,0.93699,1.00,1.00
2016.05.25 22:05:39.815,0.93658,0.93692,1.00,1.00
2016.05.25 22:05:40.017,0.93658,0.93694,1.00,1.00
2016.05.25 22:05:40.226,0.93658,0.93697,1.00,1.00
2016.05.25 22:05:40.697,0.93664,0.93697,1.00,1.00
2016.05.25 22:05:41.587,0.93669,0.93697,1.00,1.12
2016.05.25 22:05:41.925,0.93664,0.93692,1.00,1.00
2016.05.25 22:05:42.328,0.93664,0.93689,1.00,1.00
2016.05.25 22:05:42.722,0.93664,0.93691,1.00,1.12
2016.05.25 22:05:43.592,0.93663,0.93691,1.00,1.00
2016.05.25 22:05:43.693,0.93663,0.93694,1.00,1.12
2016.05.25 22:05:43.794,0.93655,0.93694,1.12,1.00
2016.05.25 22:05:43.845,0.93658,0.93696,1.12,1.00
2016.05.25 22:05:43.896,0.93668,0.93696,1.00,1.00
2016.05.25 22:05:43.947,0.93668,0.937,1.00,1.00
2016.05.25 22:05:44.048,0.93663,0.93701,1.50,1.00
2016.05.25 22:05:44.148,0.93665,0.93703,1.00,1.00
2016.05.25 22:05:44.596,0.93663,0.93702,1.00,1.00
2016.05.25 22:05:44.647,0.93663,0.93699,1.00,1.00
2016.05.25 22:05:45.156,0.93664,0.93698,1.00,1.00
2016.05.25 22:05:45.257,0.93664,0.937,1.00,1.00
2016.05.25 22:05:45.847,0.93664,0.93701,1.00,1.00
2016.05.25 22:05:46.373,0.93669,0.93701,1.00,1.00
2016.05.25 22:05:46.524,0.93663,0.93699,1.00,1.50
2016.05.25 22:05:46.920,0.93664,0.93701,1.00,1.12
2016.05.25 22:05:47.500,0.93664,0.937,1.00,1.00
2016.05.25 22:05:47.944,0.93663,0.93698,1.00,1.00
2016.05.25 22:05:48.552,0.93663,0.93699,1.00,1.00
2016.05.25 22:05:49.104,0.93663,0.937,1.00,1.00
2016.05.25 22:05:49.287,0.9366,0.937,1.50,1.00
2016.05.25 22:05:53.593,0.93659,0.93702,1.87,1.00
2016.05.25 22:05:55.257,0.9366,0.93702,1.50,1.37
2016.05.25 22:05:57.725,0.9366,0.93702,1.50,1.12
2016.05.25 22:05:58.127,0.93668,0.93702,1.00,1.12
2016.05.25 22:05:59.170,0.93668,0.93701,1.00,1.00
2016.05.25 22:06:00.340,0.93668,0.93703,1.00,1.12
2016.05.25 22:06:01.099,0.93669,0.93703,1.00,1.12
2016.05.25 22:06:01.642,0.93669,0.93699,1.00,1.12
2016.05.25 22:06:02.163,0.93669,0.93699,1.00,1.37
2016.05.25 22:06:02.748,0.93668,0.93698,1.00,1.00
2016.05.25 22:06:04.141,0.93669,0.93698,1.00,1.00
2016.05.25 22:06:04.242,0.93664,0.937,1.50,1.00
2016.05.25 22:06:04.294,0.93669,0.937,1.00,1.00
2016.05.25 22:06:04.345,0.93669,0.93704,1.00,1.00
2016.05.25 22:06:04.496,0.93667,0.93705,1.00,1.00
2016.05.25 22:06:04.547,0.93666,0.93699,1.00,1.00
2016.05.25 22:06:04.849,0.93669,0.93702,1.00,1.00
2016.05.25 22:06:05.065,0.93668,0.93704,1.00,1.00
2016.05.25 22:06:05.116,0.93674,0.93704,1.00,1.00
2016.05.25 22:06:05.699,0.93674,0.93705,1.00,1.00
2016.05.25 22:06:05.897,0.93669,0.93705,1.00,1.00
2016.05.25 22:06:05.948,0.93669,0.93697,1.00,1.00
2016.05.25 22:06:06.150,0.93669,0.937,1.00,1.00
2016.05.25 22:06:06.200,0.93673,0.937,1.00,1.00
2016.05.25 22:06:06.369,0.93673,0.93702,1.00,1.00
2016.05.25 22:06:06.571,0.93673,0.93705,1.00,1.00
2016.05.25 22:06:13.206,0.93674,0.93705,1.00,1.00
2016.05.25 22:06:14.207,0.93673,0.93707,1.00,1.37
2016.05.25 22:06:14.942,0.93674,0.93706,1.00,1.37
2016.05.25 22:06:15.670,0.93674,0.93706,1.00,1.12
2016.05.25 22:06:20.770,0.93674,0.93706,1.00,1.37
2016.05.25 22:06:24.218,0.93669,0.93706,1.00,1.87
2016.05.25 22:06:24.573,0.93679,0.93708,1.00,1.12
2016.05.25 22:06:26.059,0.93679,0.93707,1.00,1.00
2016.05.25 22:06:26.922,0.93678,0.93707,1.00,1.00
2016.05.25 22:06:27.023,0.93678,0.93709,1.00,1.00
2016.05.25 22:06:27.608,0.93678,0.93709,1.00,1.37
2016.05.25 22:06:39.737,0.93674,0.93706,1.00,1.00
2016.05.25 22:06:40.537,0.93679,0.93708,1.00,1.00
2016.05.25 22:06:42.131,0.93679,0.93708,1.00,1.37
2016.05.25 22:06:42.182,0.93674,0.93706,1.00,1.87
2016.05.25 22:06:52.375,0.93678,0.93708,1.00,1.00
2016.05.25 22:06:52.677,0.93684,0.93709,1.00,1.00
2016.05.25 22:06:52.738,0.93684,0.93712,1.00,1.00
2016.05.25 22:06:52.789,0.93689,0.93712,1.00,1.00
2016.05.25 22:06:53.067,0.93684,0.93712,1.00,1.00
2016.05.25 22:06:54.109,0.93684,0.93713,1.00,1.00
2016.05.25 22:06:54.260,0.93689,0.93713,1.00,1.00
2016.05.25 22:06:54.361,0.93684,0.93713,1.00,1.00
2016.05.25 22:06:54.513,0.93684,0.93711,1.00,1.00
2016.05.25 22:06:54.886,0.93689,0.93711,1.00,1.00
2016.05.25 22:06:55.599,0.93684,0.93711,1.00,1.00
2016.05.25 22:06:56.003,0.93678,0.93712,1.50,1.00
2016.05.25 22:06:56.756,0.93684,0.93712,1.00,1.00
2016.05.25 22:06:57.030,0.93684,0.93715,1.00,1.00
2016.05.25 22:06:57.131,0.93684,0.93721,1.00,1.00
2016.05.25 22:06:57.635,0.93683,0.93721,1.00,1.00
2016.05.25 22:06:58.189,0.93683,0.93722,1.12,1.00
2016.05.25 22:06:58.694,0.93683,0.93721,1.00,1.00
2016.05.25 22:06:58.900,0.93683,0.93723,1.00,1.12
2016.05.25 22:06:59.231,0.93683,0.93722,1.00,1.37
2016.05.25 22:07:01.658,0.93683,0.93723,1.00,1.00
2016.05.25 22:07:02.293,0.93683,0.93724,1.00,1.50
2016.05.25 22:07:03.393,0.93688,0.93724,1.00,1.50
2016.05.25 22:07:05.352,0.93684,0.93724,1.00,1.00
2016.05.25 22:07:06.806,0.93688,0.93724,1.00,1.00
2016.05.25 22:07:06.957,0.93688,0.93726,1.00,1.00
2016.05.25 22:07:07.484,0.93684,0.93727,1.12,1.50
2016.05.25 22:07:11.673,0.93683,0.93727,1.00,1.00
2016.05.25 22:07:11.724,0.93683,0.93724,1.00,1.00
2016.05.25 22:07:12.063,0.93682,0.93725,1.00,1.75
2016.05.25 22:07:13.195,0.93682,0.93727,1.00,1.87
2016.05.25 22:07:13.347,0.93687,0.93728,1.00,1.12
2016.05.25 22:07:13.397,0.93687,0.93732,1.37,1.75
2016.05.25 22:07:13.498,0.9369,0.93734,1.00,1.00
2016.05.25 22:07:15.506,0.9369,0.93734,1.00,1.37
2016.05.25 22:07:16.107,0.9369,0.93732,1.00,1.00
2016.05.25 22:07:16.158,0.93685,0.93732,2.62,1.00
2016.05.25 22:07:16.209,0.93685,0.93732,1.37,1.37
2016.05.25 22:07:16.474,0.93682,0.93729,2.25,1.00
2016.05.25 22:07:16.625,0.93681,0.93727,3.00,1.00
2016.05.25 22:07:17.168,0.93681,0.93726,1.87,1.00
2016.05.25 22:07:19.336,0.9368,0.93725,1.12,1.00
2016.05.25 22:07:19.386,0.9368,0.93725,1.00,1.00
2016.05.25 22:07:19.931,0.93679,0.93725,1.12,1.00
2016.05.25 22:07:20.387,0.93678,0.93725,1.87,1.37
2016.05.25 22:07:20.891,0.93676,0.93724,1.12,1.50
2016.05.25 22:07:21.126,0.93676,0.93718,1.37,1.00
2016.05.25 22:07:21.328,0.93673,0.93717,2.25,1.00
2016.05.25 22:07:22.620,0.93674,0.93716,1.12,1.00
2016.05.25 22:07:23.328,0.93674,0.93715,1.50,1.00
2016.05.25 22:07:25.333,0.93674,0.93716,1.12,1.00
2016.05.25 22:07:25.447,0.93678,0.93719,1.00,1.12
2016.05.25 22:07:25.749,0.9367,0.93717,2.62,1.50
2016.05.25 22:07:25.973,0.93674,0.93716,1.12,1.00
2016.05.25 22:07:26.409,0.93679,0.93716,1.00,1.50
2016.05.25 22:07:27.410,0.93674,0.93717,1.12,1.87
2016.05.25 22:07:27.557,0.93679,0.93717,1.00,1.87
2016.05.25 22:07:27.658,0.93674,0.93716,1.12,1.50
2016.05.25 22:07:28.411,0.93678,0.93716,1.00,1.50
2016.05.25 22:07:28.912,0.93674,0.93716,1.12,1.50
2016.05.25 22:07:29.725,0.93674,0.93716,1.12,1.50
2016.05.25 22:07:31.724,0.93674,0.93714,1.75,1.37
2016.05.25 22:07:32.726,0.93673,0.93714,1.75,1.37
2016.05.25 22:07:38.370,0.93674,0.93711,1.75,1.00
2016.05.25 22:07:38.887,0.93674,0.9371,1.75,1.12
2016.05.25 22:07:40.038,0.93673,0.93712,2.25,1.12
2016.05.25 22:07:40.574,0.93673,0.93712,1.50,1.37
2016.05.25 22:07:41.191,0.93673,0.9371,1.50,1.00
2016.05.25 22:07:44.545,0.93672,0.93711,1.75,1.00
2016.05.25 22:07:47.956,0.93674,0.93712,1.12,1.00
2016.05.25 22:07:48.190,0.93675,0.93715,1.00,1.12
2016.05.25 22:07:48.442,0.93672,0.93707,1.12,1.00
2016.05.25 22:07:48.543,0.93671,0.93709,1.00,1.00
2016.05.25 22:07:48.644,0.9367,0.9371,1.75,1.12
2016.05.25 22:07:48.992,0.9367,0.93708,1.75,1.00
2016.05.25 22:07:49.493,0.9367,0.93709,1.75,1.00
2016.05.25 22:07:50.107,0.9367,0.93709,1.75,1.37
2016.05.25 22:07:50.743,0.9367,0.93709,1.75,1.12
2016.05.25 22:07:51.807,0.93669,0.93709,2.25,1.37
2016.05.25 22:07:52.595,0.9367,0.9371,1.75,1.37
2016.05.25 22:07:52.646,0.93669,0.93705,1.75,1.00
2016.05.25 22:07:52.812,0.93667,0.93705,1.75,1.37
2016.05.25 22:07:52.963,0.93667,0.93705,1.00,1.37
2016.05.25 22:07:53.114,0.93667,0.93705,1.00,1.37
2016.05.25 22:07:54.791,0.93667,0.93705,1.00,1.37
2016.05.25 22:07:55.387,0.93668,0.93706,1.00,1.37
2016.05.25 22:07:55.750,0.93668,0.93707,2.25,1.37
2016.05.25 22:07:55.801,0.93669,0.93707,1.75,1.12
2016.05.25 22:07:56.098,0.93668,0.93707,3.00,1.37
2016.05.25 22:07:56.466,0.93668,0.93707,2.25,1.37
2016.05.25 22:07:57.399,0.93668,0.93707,1.75,1.37
2016.05.25 22:08:01.600,0.93672,0.9371,1.12,1.37
2016.05.25 22:08:01.802,0.93672,0.9371,1.12,1.12
2016.05.25 22:08:01.852,0.93676,0.9371,1.00,1.12
2016.05.25 22:08:02.648,0.93676,0.93711,1.00,1.87
2016.05.25 22:08:03.844,0.93673,0.93711,1.50,1.87
2016.05.25 22:08:03.894,0.93673,0.93711,1.00,1.87
2016.05.25 22:08:05.585,0.93673,0.93711,1.00,1.87
2016.05.25 22:08:10.621,0.93673,0.93709,1.00,1.37
2016.05.25 22:08:11.094,0.93673,0.93709,1.00,1.12
2016.05.25 22:08:11.144,0.93673,0.93707,1.00,1.00
2016.05.25 22:08:11.856,0.93673,0.93708,1.00,1.00
2016.05.25 22:08:12.381,0.93673,0.93709,1.00,1.00
2016.05.25 22:08:20.409,0.9367,0.93709,1.75,1.00
2016.05.25 22:08:28.124,0.9367,0.9371,1.75,1.12
2016.05.25 22:08:28.794,0.9367,0.93709,1.75,1.00
2016.05.25 22:08:29.325,0.93671,0.93708,1.50,1.00
2016.05.25 22:08:29.525,0.93671,0.9371,1.50,1.12
2016.05.25 22:08:29.984,0.93671,0.9371,1.75,1.12
2016.05.25 22:08:30.296,0.93677,0.93716,1.00,1.37
2016.05.25 22:08:30.888,0.93677,0.93716,1.00,1.37
2016.05.25 22:08:31.427,0.93679,0.93717,1.00,1.37
2016.05.25 22:08:31.478,0.93679,0.93717,1.00,1.37
2016.05.25 22:08:31.927,0.93681,0.93718,1.00,1.50
2016.05.25 22:08:32.468,0.93682,0.93718,1.12,1.37
2016.05.25 22:08:33.085,0.93682,0.93718,1.12,1.37
2016.05.25 22:08:36.153,0.93682,0.93718,1.12,1.37
2016.05.25 22:08:37.537,0.93679,0.93718,1.75,1.87
2016.05.25 22:08:38.184,0.93681,0.93718,1.37,1.37
2016.05.25 22:08:42.765,0.93682,0.93718,1.00,1.37
2016.05.25 22:08:43.639,0.93679,0.93718,1.12,1.87
2016.05.25 22:08:43.690,0.93679,0.93718,1.12,1.87
2016.05.25 22:08:43.740,0.93681,0.93718,1.00,1.12
2016.05.25 22:08:44.329,0.93682,0.93718,1.00,1.12
2016.05.25 22:08:45.379,0.93685,0.93718,1.00,1.00
2016.05.25 22:08:45.570,0.93683,0.93718,1.00,1.37
2016.05.25 22:08:46.542,0.93682,0.93718,1.00,1.37
2016.05.25 22:08:49.444,0.9368,0.93718,1.00,1.37
2016.05.25 22:08:49.495,0.9368,0.93718,1.00,1.37
2016.05.25 22:08:50.478,0.9368,0.93718,1.00,1.37
2016.05.25 22:08:51.079,0.9368,0.93718,1.00,1.37
2016.05.25 22:08:51.592,0.93679,0.93717,1.75,1.37
2016.05.25 22:08:53.131,0.93679,0.93717,1.75,1.12
2016.05.25 22:09:08.753,0.9368,0.93717,1.50,1.00
2016.05.25 22:09:15.604,0.93681,0.93717,1.00,1.00
2016.05.25 22:09:40.803,0.9368,0.93717,1.12,1.00
2016.05.25 22:09:41.105,0.93677,0.93718,1.00,2.25
2016.05.25 22:09:41.550,0.93677,0.93718,1.00,2.25
2016.05.25 22:09:41.601,0.93672,0.93711,2.25,1.12
2016.05.25 22:09:41.904,0.93669,0.93708,2.25,1.00
2016.05.25 22:09:42.055,0.93669,0.93708,1.12,1.12
2016.05.25 22:09:42.106,0.93669,0.93708,1.12,1.37
2016.05.25 22:09:42.307,0.93668,0.93707,2.25,1.12
2016.05.25 22:09:42.559,0.93668,0.93706,1.50,1.37
2016.05.25 22:09:42.660,0.93667,0.93706,1.00,1.12
2016.05.25 22:09:43.193,0.93667,0.93706,1.00,1.37
2016.05.25 22:09:51.528,0.93665,0.93706,2.25,1.12
2016.05.25 22:09:59.495,0.93665,0.93706,1.50,1.37
2016.05.25 22:10:00.496,0.93665,0.93706,1.50,1.37
2016.05.25 22:10:02.632,0.93665,0.93704,1.50,1.37
2016.05.25 22:10:04.107,0.93666,0.93706,1.00,1.37
2016.05.25 22:10:04.457,0.93663,0.93698,1.37,1.00
2016.05.25 22:10:04.759,0.93659,0.93698,1.00,1.12
2016.05.25 22:10:10.949,0.93659,0.93697,2.25,1.00
2016.05.25 22:10:11.621,0.93659,0.93698,1.50,1.00
2016.05.25 22:10:11.984,0.93663,0.93698,1.00,1.00
2016.05.25 22:10:15.041,0.93662,0.93698,1.00,1.12
2016.05.25 22:10:16.443,0.93664,0.93698,1.00,1.00
2016.05.25 22:10:19.372,0.93664,0.93699,1.00,1.00
2016.05.25 22:10:22.374,0.93662,0.93699,1.00,1.00
2016.05.25 22:10:31.473,0.93662,0.93699,1.00,1.37
2016.05.25 22:10:31.989,0.93658,0.93699,2.62,1.37
2016.05.25 22:10:32.575,0.93659,0.93697,1.00,1.00
2016.05.25 22:10:33.682,0.93658,0.93697,2.62,1.00
2016.05.25 22:10:35.615,0.93657,0.93697,1.50,1.00
2016.05.25 22:10:36.466,0.93657,0.93695,2.25,1.00
2016.05.25 22:10:37.349,0.93657,0.93694,1.00,1.00
2016.05.25 22:10:37.577,0.93655,0.93696,1.50,1.00
2016.05.25 22:10:37.745,0.93657,0.93695,1.00,1.00
2016.05.25 22:10:37.952,0.93658,0.93699,1.12,1.37
2016.05.25 22:10:38.756,0.93658,0.93699,1.12,1.00
2016.05.25 22:10:42.029,0.93658,0.93699,1.12,1.37
2016.05.25 22:10:42.332,0.93657,0.93695,1.00,1.00
2016.05.25 22:10:42.960,0.93657,0.93696,1.00,1.00
2016.05.25 22:10:43.282,0.93657,0.93694,1.00,1.00
2016.05.25 22:10:43.951,0.93657,0.93695,1.00,1.00
2016.05.25 22:10:45.787,0.93657,0.93696,1.00,1.00
2016.05.25 22:10:46.853,0.93658,0.93696,1.00,1.00
2016.05.25 22:10:47.368,0.93659,0.93699,1.12,1.00
2016.05.25 22:10:47.888,0.93661,0.937,1.00,1.00
2016.05.25 22:10:48.292,0.93664,0.93703,1.50,1.00
2016.05.25 22:10:48.343,0.93664,0.93705,1.50,1.00
2016.05.25 22:10:48.393,0.93667,0.93706,1.12,1.12
2016.05.25 22:10:48.718,0.93667,0.93706,1.50,1.37
2016.05.25 22:10:48.830,0.93667,0.93707,1.50,1.37
2016.05.25 22:10:49.244,0.93667,0.93706,1.50,1.37
2016.05.25 22:10:49.345,0.93665,0.93701,1.12,1.12
2016.05.25 22:10:49.610,0.93663,0.93701,1.75,1.37
2016.05.25 22:10:49.763,0.93662,0.93701,1.50,1.37
2016.05.25 22:10:54.161,0.93663,0.93701,1.12,1.37
2016.05.25 22:10:54.988,0.93663,0.93701,1.12,1.37
2016.05.25 22:10:55.264,0.93665,0.93701,1.00,1.37
2016.05.25 22:10:58.829,0.93665,0.93701,1.00,1.12
2016.05.25 22:11:01.890,0.93667,0.93701,1.00,1.00
2016.05.25 22:11:02.579,0.93668,0.93701,1.00,1.00
2016.05.25 22:11:03.784,0.93667,0.93701,1.00,1.00
2016.05.25 22:11:03.834,0.93667,0.93706,1.00,2.25
2016.05.25 22:11:03.885,0.93664,0.93703,1.00,1.12
2016.05.25 22:11:03.936,0.93664,0.93701,1.00,1.00
2016.05.25 22:11:04.087,0.93661,0.93699,1.00,1.00
2016.05.25 22:11:04.378,0.93659,0.93699,1.50,1.37
2016.05.25 22:11:04.681,0.93658,0.93696,1.00,1.37
2016.05.25 22:11:05.198,0.93657,0.93693,1.00,1.00
2016.05.25 22:11:05.299,0.93654,0.93693,1.37,1.37
2016.05.25 22:11:05.400,0.93653,0.93691,1.50,1.00
2016.05.25 22:11:06.209,0.93652,0.9369,1.12,1.00
2016.05.25 22:11:08.708,0.93652,0.93692,1.12,1.37
2016.05.25 22:11:10.336,0.93654,0.93692,1.00,1.37
2016.05.25 22:11:11.111,0.93652,0.93692,1.12,1.37
2016.05.25 22:11:11.212,0.93654,0.93692,1.00,1.37
2016.05.25 22:11:11.414,0.93654,0.93693,1.50,1.12
2016.05.25 22:11:11.951,0.93654,0.93692,1.00,1.00
2016.05.25 22:11:12.641,0.93655,0.93694,1.00,1.37
2016.05.25 22:11:13.282,0.93656,0.93694,1.00,1.00
2016.05.25 22:11:15.993,0.93656,0.93693,1.00,1.00
2016.05.25 22:11:16.602,0.93656,0.93694,1.00,1.00
2016.05.25 22:11:17.623,0.93656,0.93695,1.00,1.12
2016.05.25 22:11:18.921,0.93656,0.93696,1.00,1.50
2016.05.25 22:11:19.466,0.93657,0.93696,1.50,1.00
2016.05.25 22:11:20.892,0.93658,0.93697,1.00,1.00
2016.05.25 22:11:25.486,0.93658,0.93697,1.00,1.37
2016.05.25 22:11:26.606,0.93658,0.93697,1.00,1.00
2016.05.25 22:11:29.191,0.93658,0.93698,1.00,1.00
2016.05.25 22:11:29.892,0.93657,0.93698,1.50,1.00
2016.05.25 22:11:30.041,0.93659,0.93697,1.00,1.00
2016.05.25 22:11:30.571,0.93658,0.93697,1.50,1.00
2016.05.25 22:11:30.934,0.93661,0.93699,1.00,1.37
2016.05.25 22:11:31.093,0.93659,0.93699,1.00,1.37
2016.05.25 22:11:31.834,0.93659,0.93699,1.00,1.37
2016.05.25 22:11:32.394,0.9366,0.93698,1.00,1.12
2016.05.25 22:11:33.095,0.93661,0.93699,1.00,1.12
2016.05.25 22:11:33.894,0.9366,0.93698,1.00,1.00
2016.05.25 22:11:35.020,0.93658,0.93697,1.50,1.37
2016.05.25 22:11:36.607,0.93658,0.93696,1.50,1.50
2016.05.25 22:11:37.440,0.93659,0.93696,1.00,1.50
2016.05.25 22:11:38.510,0.93659,0.93696,1.00,1.50
2016.05.25 22:11:39.118,0.93658,0.93696,1.50,1.12
2016.05.25 22:11:39.412,0.93658,0.93696,1.50,1.50
2016.05.25 22:11:40.166,0.93658,0.93696,1.00,1.37
2016.05.25 22:11:40.826,0.93658,0.93696,1.00,1.37
2016.05.25 22:11:41.866,0.93658,0.93696,1.00,1.12
2016.05.25 22:11:42.104,0.93655,0.93696,1.50,1.50
2016.05.25 22:11:42.526,0.93657,0.93696,1.00,1.50
2016.05.25 22:11:43.230,0.93657,0.93696,1.00,1.50
2016.05.25 22:11:43.518,0.93655,0.93694,1.00,1.12
2016.05.25 22:11:43.569,0.93655,0.93694,1.00,1.37
2016.05.25 22:11:43.720,0.93653,0.93692,1.00,1.12
2016.05.25 22:11:43.821,0.93652,0.93692,1.87,1.37
2016.05.25 22:11:44.456,0.93652,0.93692,1.87,1.37
2016.05.25 22:11:45.035,0.93653,0.93691,1.00,1.12
2016.05.25 22:11:50.296,0.93653,0.93692,1.00,1.12
2016.05.25 22:11:51.081,0.93652,0.93692,1.00,1.12
2016.05.25 22:11:51.626,0.93652,0.93692,1.00,1.37
2016.05.25 22:11:53.030,0.93653,0.93692,1.00,1.37
2016.05.25 22:11:55.362,0.93653,0.93692,1.50,1.00
2016.05.25 22:11:56.620,0.93653,0.93691,2.62,1.00
2016.05.25 22:12:05.472,0.93654,0.93691,1.00,1.00
2016.05.25 22:12:07.432,0.93654,0.93693,1.00,1.37
2016.05.25 22:12:09.352,0.93654,0.93692,1.00,1.37
2016.05.25 22:12:14.585,0.93653,0.93693,1.50,1.87
2016.05.25 22:12:14.686,0.93653,0.93693,1.00,1.12
2016.05.25 22:12:14.736,0.93653,0.93691,1.00,1.00
2016.05.25 22:12:15.089,0.93653,0.9369,1.00,1.37
2016.05.25 22:12:15.626,0.93653,0.93689,1.00,1.12
2016.05.25 22:12:15.969,0.93652,0.93687,1.00,1.00
2016.05.25 22:12:16.258,0.93653,0.93689,1.00,1.12
2016.05.25 22:12:20.099,0.93649,0.93689,2.25,1.00
2016.05.25 22:12:37.310,0.9365,0.93689,1.75,1.37
2016.05.25 22:12:40.105,0.93649,0.93687,1.75,1.00
2016.05.25 22:12:40.302,0.93649,0.93687,1.12,1.00
2016.05.25 22:12:40.850,0.93648,0.93686,2.25,1.00
2016.05.25 22:12:42.773,0.93648,0.93687,1.50,1.12
2016.05.25 22:12:43.061,0.9365,0.93689,1.37,1.12
2016.05.25 22:12:43.470,0.93651,0.93691,1.50,1.00
2016.05.25 22:12:43.863,0.93653,0.93691,1.50,1.00
2016.05.25 22:12:49.563,0.93653,0.93691,1.12,1.00
2016.05.25 22:12:50.867,0.93653,0.93693,1.00,1.00
2016.05.25 22:12:51.193,0.93655,0.93694,1.50,1.37
2016.05.25 22:12:53.169,0.93655,0.93695,1.50,1.37
2016.05.25 22:12:53.689,0.93654,0.93694,1.37,1.37
2016.05.25 22:12:53.997,0.93653,0.93691,1.87,1.00
2016.05.25 22:12:55.299,0.93654,0.93692,1.00,1.37
2016.05.25 22:12:55.472,0.93653,0.93694,1.12,1.37
2016.05.25 22:12:58.447,0.93653,0.93694,1.12,1.37
2016.05.25 22:12:59.750,0.93652,0.93692,1.50,1.12
2016.05.25 22:13:06.365,0.93653,0.93692,1.12,1.37
2016.05.25 22:13:06.667,0.93651,0.9369,1.12,1.37
2016.05.25 22:13:16.437,0.93652,0.9369,1.00,1.37
2016.05.25 22:13:18.631,0.93653,0.9369,1.00,1.12
2016.05.25 22:13:19.091,0.93654,0.93693,1.00,1.12
2016.05.25 22:13:19.142,0.93655,0.93694,1.37,1.37
2016.05.25 22:13:19.450,0.93658,0.93695,1.00,1.37
2016.05.25 22:13:19.500,0.93655,0.93696,1.37,1.87
2016.05.25 22:13:20.788,0.93656,0.93694,1.12,1.37
2016.05.25 22:13:21.913,0.93654,0.93695,1.12,1.87
2016.05.25 22:13:22.290,0.93653,0.93691,1.00,1.37
2016.05.25 22:13:22.900,0.93652,0.9369,1.12,1.12
2016.05.25 22:13:27.503,0.93652,0.9369,1.00,1.37
2016.05.25 22:13:27.768,0.93644,0.93682,1.00,1.12
2016.05.25 22:13:27.870,0.93644,0.93676,1.00,1.00
2016.05.25 22:13:28.506,0.93639,0.93671,1.12,1.00
2016.05.25 22:13:28.581,0.93638,0.93676,1.50,1.50
2016.05.25 22:13:28.732,0.93636,0.93674,1.75,1.12
2016.05.25 22:13:29.537,0.93643,0.93676,1.00,1.00
2016.05.25 22:13:30.039,0.93645,0.93677,1.00,1.00
2016.05.25 22:13:30.193,0.93645,0.93681,1.00,1.12
2016.05.25 22:13:30.243,0.93647,0.93681,1.00,1.12
2016.05.25 22:13:31.108,0.93645,0.93681,1.12,1.00
2016.05.25 22:13:31.936,0.93645,0.93677,1.12,1.00
2016.05.25 22:13:32.887,0.93645,0.93676,1.12,1.00
2016.05.25 22:13:33.493,0.93645,0.93677,1.12,1.00
2016.05.25 22:13:33.937,0.93646,0.93681,1.00,1.00
2016.05.25 22:13:44.120,0.93644,0.93681,1.37,1.00
2016.05.25 22:13:44.221,0.93642,0.9368,1.00,1.00
2016.05.25 22:13:44.423,0.9364,0.9368,1.50,1.00
2016.05.25 22:13:44.574,0.9364,0.9368,1.50,1.37
2016.05.25 22:13:45.228,0.9364,0.9368,1.50,1.37
2016.05.25 22:13:46.334,0.9364,0.9368,1.50,1.37
2016.05.25 22:13:46.879,0.9364,0.93678,1.50,1.12
2016.05.25 22:13:50.449,0.93642,0.9368,1.00,1.50
2016.05.25 22:13:51.627,0.93643,0.9368,1.00,1.00
2016.05.25 22:13:52.030,0.93643,0.93683,1.00,1.37
2016.05.25 22:13:52.081,0.93643,0.93683,1.00,1.37
2016.05.25 22:13:52.282,0.93644,0.93681,1.00,1.00
2016.05.25 22:13:54.524,0.93644,0.93682,1.00,1.12
2016.05.25 22:13:55.760,0.93644,0.93677,1.00,1.00
2016.05.25 22:13:56.113,0.93649,0.93681,1.00,1.00
2016.05.25 22:13:57.825,0.93644,0.93676,1.50,1.00
2016.05.25 22:13:59.083,0.93645,0.93676,1.00,1.00
2016.05.25 22:13:59.591,0.93646,0.93676,1.00,1.00
2016.05.25 22:14:00.136,0.93645,0.93677,1.00,1.00
2016.05.25 22:14:00.812,0.93646,0.93676,1.00,1.00
2016.05.25 22:14:01.119,0.93648,0.93682,1.00,1.00
2016.05.25 22:14:05.562,0.93648,0.93686,1.00,1.37
2016.05.25 22:14:05.612,0.93656,0.93686,1.00,1.00
2016.05.25 22:14:05.954,0.93671,0.93696,1.00,1.00
2016.05.25 22:14:06.156,0.9367,0.93701,1.00,1.00
2016.05.25 22:14:06.526,0.93668,0.93696,1.05,1.00
2016.05.25 22:14:06.987,0.93664,0.93696,1.00,1.00
2016.05.25 22:14:07.038,0.93661,0.93701,1.05,1.37
2016.05.25 22:14:07.089,0.9366,0.93699,1.05,1.12
2016.05.25 22:14:07.190,0.93657,0.93699,1.67,1.37
2016.05.25 22:14:07.449,0.93657,0.93696,1.67,1.00
2016.05.25 22:14:07.550,0.93657,0.93696,1.67,1.00
2016.05.25 22:14:08.083,0.93657,0.93696,1.67,1.00
2016.05.25 22:14:08.134,0.93657,0.937,1.67,1.37
2016.05.25 22:14:08.732,0.93661,0.93699,1.00,1.37
2016.05.25 22:14:09.603,0.93661,0.93699,1.00,1.37
2016.05.25 22:14:09.654,0.93659,0.937,1.00,1.37
2016.05.25 22:14:10.624,0.93659,0.937,1.00,1.37
2016.05.25 22:14:11.321,0.93659,0.937,1.00,1.37
2016.05.25 22:14:11.473,0.93661,0.93701,1.00,1.00
2016.05.25 22:14:11.977,0.93659,0.93699,1.50,1.00
2016.05.25 22:14:14.487,0.9366,0.937,1.12,1.37
2016.05.25 22:14:15.590,0.9366,0.937,1.12,1.37
2016.05.25 22:14:16.492,0.9366,0.937,1.12,1.37
2016.05.25 22:14:20.380,0.9366,0.937,1.37,1.37
2016.05.25 22:14:22.505,0.9366,0.937,1.75,1.37
2016.05.25 22:14:23.507,0.9366,0.937,1.75,1.37
2016.05.25 22:14:24.811,0.9366,0.937,1.75,1.37
2016.05.25 22:14:33.629,0.9366,0.937,1.75,1.00
2016.05.25 22:14:40.390,0.9366,0.937,1.75,1.00
2016.05.25 22:14:41.853,0.9366,0.937,1.75,1.37
2016.05.25 22:14:42.754,0.9366,0.937,1.75,1.00
2016.05.25 22:14:43.291,0.93659,0.93699,1.75,1.00
2016.05.25 22:14:43.837,0.93659,0.93699,1.75,1.37
2016.05.25 22:14:44.446,0.93659,0.93699,1.75,1.37
2016.05.25 22:14:48.464,0.93659,0.93699,1.75,1.37
2016.05.25 22:14:49.670,0.93659,0.93699,1.75,1.00
2016.05.25 22:14:51.581,0.93659,0.93699,1.75,1.37
2016.05.25 22:14:52.303,0.93661,0.93701,1.75,1.87
2016.05.25 22:14:52.863,0.93659,0.93699,1.75,1.37
2016.05.25 22:14:53.410,0.93659,0.93699,1.75,1.12
2016.05.25 22:15:00.208,0.93658,0.93701,1.12,1.00
2016.05.25 22:15:01.114,0.93658,0.93705,1.12,1.12
2016.05.25 22:15:01.724,0.93657,0.93705,1.12,1.12
2016.05.25 22:15:04.927,0.93663,0.93706,1.37,1.50
2016.05.25 22:15:05.028,0.93665,0.93709,1.00,1.00
2016.05.25 22:15:05.079,0.93662,0.93713,1.12,1.12
2016.05.25 22:15:05.130,0.93669,0.93713,1.00,1.00
2016.05.25 22:15:05.331,0.93667,0.93716,1.12,1.12
2016.05.25 22:15:05.382,0.93673,0.93716,1.00,1.37
2016.05.25 22:15:05.925,0.93673,0.93716,1.00,1.00
2016.05.25 22:15:06.285,0.93672,0.93717,1.75,1.50
2016.05.25 22:15:06.788,0.93672,0.93717,1.75,1.00
2016.05.25 22:15:07.294,0.93672,0.93717,1.75,1.37
2016.05.25 22:15:08.722,0.93672,0.93717,1.75,1.37
2016.05.25 22:15:09.200,0.93671,0.93717,1.75,1.12
2016.05.25 22:15:10.009,0.93672,0.93717,1.75,1.37
2016.05.25 22:15:10.535,0.93672,0.93717,1.75,1.37
2016.05.25 22:15:10.737,0.93679,0.93718,1.00,1.12
2016.05.25 22:15:11.286,0.93679,0.93717,1.00,1.00
2016.05.25 22:15:12.806,0.93672,0.93717,1.75,1.00
2016.05.25 22:15:13.443,0.93671,0.93718,1.75,1.12
2016.05.25 22:15:14.356,0.93671,0.93717,1.75,1.00
2016.05.25 22:15:15.938,0.93671,0.93718,1.75,1.12
2016.05.25 22:15:16.954,0.93672,0.93717,1.75,1.00
2016.05.25 22:15:17.156,0.93671,0.93717,1.75,1.00
2016.05.25 22:15:17.408,0.93676,0.93717,1.00,1.00
2016.05.25 22:15:17.828,0.93671,0.93717,1.75,1.00
2016.05.25 22:15:18.155,0.93672,0.93717,1.75,1.00
2016.05.25 22:15:19.974,0.93672,0.93718,1.75,1.00
2016.05.25 22:15:20.597,0.93672,0.93717,1.75,1.00
2016.05.25 22:15:21.030,0.93671,0.93718,1.75,1.50
2016.05.25 22:15:21.867,0.93667,0.93718,1.75,1.50
2016.05.25 22:15:23.629,0.93668,0.93718,1.75,1.50
2016.05.25 22:15:23.973,0.93667,0.93717,2.25,1.12
2016.05.25 22:15:27.448,0.93668,0.93707,1.75,1.00
2016.05.25 22:15:27.649,0.9366,0.93703,1.00,1.00
2016.05.25 22:15:27.750,0.93657,0.93708,1.87,1.75
2016.05.25 22:15:28.289,0.93655,0.93702,1.75,1.50
2016.05.25 22:15:40.007,0.93657,0.93702,1.75,2.25
2016.05.25 22:15:40.725,0.93659,0.93702,1.37,1.87
2016.05.25 22:15:42.668,0.93659,0.93702,1.37,2.25
2016.05.25 22:15:43.218,0.93659,0.93702,1.37,2.25
2016.05.25 22:15:44.384,0.93657,0.93702,2.62,2.25
2016.05.25 22:15:46.591,0.93657,0.93702,1.87,1.50
2016.05.25 22:15:47.123,0.93658,0.93701,1.12,1.12
2016.05.25 22:15:50.504,0.93657,0.93701,1.75,1.37
2016.05.25 22:15:51.064,0.93657,0.93701,1.75,1.12
2016.05.25 22:15:52.435,0.93657,0.93701,1.75,1.37
2016.05.25 22:15:52.892,0.93657,0.93701,2.25,1.00
2016.05.25 22:15:54.596,0.93657,0.93701,2.25,1.37
2016.05.25 22:15:55.104,0.93655,0.93701,2.62,1.37
2016.05.25 22:15:55.405,0.93655,0.93701,2.25,1.50
2016.05.25 22:15:55.699,0.93655,0.93701,2.25,1.50
2016.05.25 22:15:56.255,0.93655,0.93701,2.25,1.50
2016.05.25 22:16:00.357,0.93655,0.93698,1.75,1.37
2016.05.25 22:16:01.613,0.93655,0.93698,1.75,1.00
2016.05.25 22:16:02.189,0.93656,0.93698,1.75,1.12
2016.05.25 22:16:02.240,0.93657,0.93701,1.50,1.50
2016.05.25 22:16:02.753,0.93655,0.93702,2.62,2.25
2016.05.25 22:16:03.297,0.93655,0.93702,1.75,2.25
2016.05.25 22:16:03.830,0.93656,0.93702,1.75,2.25
2016.05.25 22:16:04.343,0.93657,0.93701,1.75,1.37
2016.05.25 22:16:04.945,0.93657,0.93701,1.75,1.37
2016.05.25 22:16:05.474,0.93657,0.93701,1.75,1.00
2016.05.25 22:16:05.725,0.93657,0.93701,1.75,1.37
2016.05.25 22:16:05.825,0.93657,0.93701,1.75,1.12
2016.05.25 22:16:12.148,0.93656,0.93701,1.75,1.37
2016.05.25 22:16:14.047,0.93655,0.93701,2.25,1.37
2016.05.25 22:16:14.949,0.93657,0.93701,1.12,1.00
2016.05.25 22:16:15.915,0.93657,0.93702,1.12,1.87
2016.05.25 22:16:15.966,0.93657,0.93702,1.12,2.25
2016.05.25 22:16:17.356,0.93656,0.93702,1.75,2.25
2016.05.25 22:16:17.871,0.93657,0.93702,1.75,2.25
2016.05.25 22:16:19.977,0.93656,0.93702,1.75,2.25
2016.05.25 22:16:20.635,0.9366,0.93702,1.00,1.87
2016.05.25 22:16:22.212,0.9366,0.93697,1.00,1.00
2016.05.25 22:16:31.410,0.9366,0.93697,1.00,1.37
2016.05.25 22:16:32.399,0.9366,0.93697,1.00,1.00
2016.05.25 22:16:39.962,0.93659,0.93697,1.00,1.00
2016.05.25 22:16:42.904,0.93659,0.93697,1.00,1.37
2016.05.25 22:16:43.445,0.93659,0.93697,1.00,1.00
2016.05.25 22:16:46.117,0.93659,0.93702,1.00,2.62
2016.05.25 22:16:48.024,0.93659,0.93702,1.00,1.87
2016.05.25 22:16:50.246,0.93659,0.93701,1.00,1.00
2016.05.25 22:16:50.947,0.93659,0.93702,1.00,1.12
2016.05.25 22:16:51.448,0.93659,0.93702,1.12,1.50
2016.05.25 22:16:51.986,0.93657,0.93702,1.75,1.87
2016.05.25 22:16:52.487,0.93657,0.93702,1.75,1.87
2016.05.25 22:16:55.731,0.93657,0.93701,1.75,1.37
2016.05.25 22:16:56.547,0.93656,0.93702,1.12,1.37
2016.05.25 22:16:57.107,0.93655,0.93702,1.75,1.87
2016.05.25 22:17:00.370,0.93657,0.93706,1.75,2.62
2016.05.25 22:17:00.471,0.93656,0.93706,1.75,2.62
2016.05.25 22:17:00.862,0.93657,0.93704,1.75,1.37
2016.05.25 22:17:02.441,0.93657,0.93704,1.75,1.37
2016.05.25 22:17:04.845,0.93657,0.93704,1.75,1.37
2016.05.25 22:17:06.068,0.93657,0.93704,1.87,1.12
2016.05.25 22:17:06.169,0.93657,0.93704,2.25,1.37
2016.05.25 22:17:06.348,0.93657,0.93705,1.75,1.50
2016.05.25 22:17:09.700,0.93657,0.93705,2.25,1.50
2016.05.25 22:17:10.692,0.93657,0.93705,3.00,1.50
2016.05.25 22:17:11.567,0.93657,0.93705,3.37,1.50
2016.05.25 22:17:12.570,0.93659,0.93705,1.12,1.50
2016.05.25 22:17:12.675,0.93657,0.93705,3.00,1.50
2016.05.25 22:17:13.291,0.93657,0.93705,3.00,1.50
2016.05.25 22:17:20.820,0.93657,0.93705,1.75,2.25
2016.05.25 22:17:22.992,0.93656,0.93705,2.62,1.50
2016.05.25 22:17:23.520,0.93657,0.93705,1.75,1.50
2016.05.25 22:17:24.045,0.93656,0.93702,1.12,1.37
2016.05.25 22:17:26.695,0.93655,0.93701,1.87,1.37
2016.05.25 22:17:27.206,0.93654,0.93702,1.87,1.37
2016.05.25 22:17:28.402,0.93655,0.93702,1.75,1.37
2016.05.25 22:17:28.704,0.93654,0.93701,2.25,1.37
2016.05.25 22:17:29.345,0.93657,0.93701,1.12,1.00
2016.05.25 22:17:33.001,0.93657,0.93701,1.12,1.00
2016.05.25 22:17:33.526,0.93657,0.93704,1.12,1.12
2016.05.25 22:17:33.627,0.93658,0.93702,1.12,1.12
2016.05.25 22:17:36.559,0.93658,0.93704,1.12,1.12
2016.05.25 22:17:36.711,0.93657,0.93701,1.37,1.37
2016.05.25 22:17:36.761,0.93657,0.93701,1.00,1.37
2016.05.25 22:17:37.208,0.93656,0.93702,1.12,1.75
2016.05.25 22:17:37.320,0.9366,0.93702,1.00,1.37
2016.05.25 22:17:38.024,0.9366,0.93702,1.00,1.37
2016.05.25 22:17:38.655,0.9366,0.93702,1.00,1.37
2016.05.25 22:17:39.188,0.9366,0.93702,1.00,1.37
2016.05.25 22:17:39.924,0.9366,0.93703,1.00,1.87
2016.05.25 22:17:40.274,0.9366,0.93691,1.00,1.00
2016.05.25 22:17:40.324,0.9366,0.93697,1.00,1.00
2016.05.25 22:17:40.613,0.9366,0.93691,1.00,1.00
2016.05.25 22:17:41.914,0.9366,0.93692,1.00,1.00
2016.05.25 22:17:42.015,0.9366,0.93696,1.00,1.00
2016.05.25 22:17:42.234,0.9366,0.93692,1.00,1.00
2016.05.25 22:17:43.426,0.9366,0.93697,1.00,1.00
2016.05.25 22:17:43.527,0.9366,0.93691,1.00,1.00
2016.05.25 22:17:56.349,0.93658,0.93691,1.12,1.00
2016.05.25 22:18:03.240,0.93656,0.93696,1.75,1.00
2016.05.25 22:18:03.737,0.93658,0.93691,1.12,1.00
2016.05.25 22:18:04.260,0.93656,0.93698,1.75,1.00
2016.05.25 22:18:04.412,0.93658,0.93701,1.12,1.50
2016.05.25 22:18:04.613,0.9366,0.93702,1.00,1.12
2016.05.25 22:18:04.815,0.93663,0.93706,1.37,1.50
2016.05.25 22:18:04.866,0.93664,0.93707,1.00,1.00
2016.05.25 22:18:05.503,0.93664,0.93708,1.50,1.12
2016.05.25 22:18:06.291,0.93665,0.93708,1.00,1.12
2016.05.25 22:18:08.607,0.93664,0.93708,1.50,1.00
2016.05.25 22:18:10.996,0.93666,0.93708,1.00,1.00
2016.05.25 22:18:11.306,0.93668,0.93713,2.25,1.12
2016.05.25 22:18:12.777,0.93663,0.93712,3.00,1.12
2016.05.25 22:18:14.900,0.93669,0.93711,1.12,1.00
2016.05.25 22:18:20.538,0.93669,0.93711,1.12,1.50
2016.05.25 22:18:21.084,0.93669,0.93706,1.12,1.00
2016.05.25 22:18:28.494,0.93669,0.93711,1.12,1.50
2016.05.25 22:18:28.545,0.93669,0.93711,1.12,1.50
2016.05.25 22:18:28.746,0.93665,0.93707,1.12,1.37
2016.05.25 22:18:28.797,0.93665,0.93707,1.12,1.37
2016.05.25 22:18:29.090,0.93661,0.93711,1.75,1.50
2016.05.25 22:18:29.803,0.93661,0.93713,1.87,1.12
2016.05.25 22:18:32.620,0.93672,0.93716,1.00,1.37
2016.05.25 22:18:32.721,0.93672,0.93716,1.00,1.87
2016.05.25 22:18:33.232,0.93672,0.93716,1.00,1.50
2016.05.25 22:18:34.522,0.93673,0.93716,1.50,1.50
2016.05.25 22:18:34.623,0.93675,0.93717,1.00,1.00
2016.05.25 22:18:36.628,0.93675,0.93718,1.00,1.12
2016.05.25 22:18:36.938,0.93671,0.93717,1.37,1.75
2016.05.25 22:18:37.254,0.93671,0.93712,1.00,1.00
2016.05.25 22:18:40.337,0.93671,0.93717,1.50,2.62
2016.05.25 22:18:41.809,0.93671,0.93717,1.75,1.12
2016.05.25 22:18:42.311,0.93671,0.93716,1.75,1.00
2016.05.25 22:18:42.880,0.93671,0.93717,1.75,1.12
2016.05.25 22:18:45.417,0.93671,0.93717,3.00,1.00
2016.05.25 22:18:49.205,0.93672,0.93716,1.75,1.00
2016.05.25 22:18:49.255,0.93672,0.93716,1.75,1.00
2016.05.25 22:18:49.762,0.93671,0.93717,1.75,1.00
2016.05.25 22:18:51.159,0.93673,0.93718,1.75,1.12
2016.05.25 22:18:51.209,0.93673,0.93718,1.75,1.00
2016.05.25 22:18:51.614,0.93675,0.93717,2.25,1.00
2016.05.25 22:18:53.133,0.93675,0.93717,2.25,1.00
2016.05.25 22:18:55.450,0.93674,0.93724,2.25,1.12
2016.05.25 22:18:56.347,0.93675,0.93724,1.75,1.12
2016.05.25 22:18:56.852,0.93674,0.93721,1.75,1.12
2016.05.25 22:18:57.420,0.93675,0.93721,1.75,1.37
2016.05.25 22:18:58.071,0.93675,0.93721,1.75,1.37
2016.05.25 22:18:58.787,0.93674,0.93721,1.75,1.00
2016.05.25 22:19:01.526,0.93675,0.93721,1.75,1.37
2016.05.25 22:19:01.577,0.93672,0.93721,1.75,1.37
2016.05.25 22:19:01.679,0.93675,0.93719,1.00,1.37
2016.05.25 22:19:02.229,0.93675,0.93716,1.00,1.00
2016.05.25 22:19:02.530,0.93675,0.93719,1.00,1.37
2016.05.25 22:19:03.193,0.93675,0.93719,1.00,1.37
2016.05.25 22:19:06.905,0.93675,0.93717,1.00,1.37
2016.05.25 22:19:06.956,0.9367,0.93714,2.25,1.37
2016.05.25 22:19:07.007,0.9367,0.93714,1.00,1.37
2016.05.25 22:19:07.158,0.93664,0.9371,2.62,1.50
2016.05.25 22:19:07.209,0.93662,0.9371,1.75,1.75
2016.05.25 22:19:07.718,0.9366,0.93708,2.25,1.12
2016.05.25 22:19:07.878,0.93661,0.93706,1.75,1.00
2016.05.25 22:19:08.409,0.93661,0.93705,1.75,1.00
2016.05.25 22:19:11.581,0.93658,0.93706,1.12,1.50
2016.05.25 22:19:14.560,0.9366,0.93704,2.25,1.00
2016.05.25 22:19:15.782,0.9366,0.93706,2.25,1.50
2016.05.25 22:19:16.260,0.93658,0.93705,2.25,1.50
2016.05.25 22:19:16.310,0.9366,0.93704,1.00,1.00
2016.05.25 22:19:16.361,0.93659,0.93705,1.75,1.12
2016.05.25 22:19:20.067,0.93659,0.93705,1.50,1.50
2016.05.25 22:19:21.972,0.93659,0.93705,1.75,1.12
2016.05.25 22:19:24.778,0.93658,0.93706,1.75,1.12
2016.05.25 22:19:25.349,0.93659,0.93705,1.75,1.00
2016.05.25 22:19:25.702,0.93657,0.93704,3.00,1.12
2016.05.25 22:19:26.212,0.93657,0.93704,2.25,1.12
2016.05.25 22:19:28.905,0.93657,0.93704,2.25,1.37
2016.05.25 22:19:31.194,0.93654,0.93702,1.12,1.75
2016.05.25 22:19:31.508,0.93648,0.93695,2.25,1.50
2016.05.25 22:19:31.810,0.93649,0.93685,1.00,1.00
2016.05.25 22:19:32.117,0.93648,0.93682,1.00,1.00
2016.05.25 22:19:49.051,0.93644,0.93676,1.00,1.00
2016.05.25 22:19:49.553,0.93648,0.93682,1.00,1.50
2016.05.25 22:19:53.525,0.93644,0.93676,1.00,1.00
2016.05.25 22:19:58.364,0.93644,0.93681,1.00,1.00
2016.05.25 22:19:58.476,0.93649,0.93681,1.00,1.00
2016.05.25 22:19:58.627,0.93649,0.93688,1.50,2.62
2016.05.25 22:19:58.728,0.93652,0.9369,1.00,1.00
2016.05.25 22:19:59.030,0.93649,0.93681,1.00,1.00
2016.05.25 22:19:59.333,0.93648,0.93684,1.50,1.00
2016.05.25 22:19:59.848,0.93648,0.93682,1.00,1.00
2016.05.25 22:20:00.618,0.93649,0.93681,1.00,1.00
2016.05.25 22:20:04.432,0.93645,0.93685,2.25,1.87
2016.05.25 22:20:04.533,0.93649,0.93687,1.00,2.62
2016.05.25 22:20:04.835,0.9365,0.93681,1.00,1.00
2016.05.25 22:20:05.300,0.9365,0.93687,1.00,2.25
2016.05.25 22:20:05.401,0.93644,0.93687,1.00,1.50
2016.05.25 22:20:05.503,0.93647,0.93687,1.00,1.50
2016.05.25 22:20:05.827,0.93654,0.93686,1.00,1.00
2016.05.25 22:20:05.928,0.93654,0.93688,1.00,1.00
2016.05.25 22:20:06.129,0.93649,0.93681,1.00,1.00
2016.05.25 22:20:10.339,0.93648,0.93686,1.12,1.50
2016.05.25 22:20:10.862,0.93649,0.93681,1.00,1.00
2016.05.25 22:20:16.661,0.93646,0.93676,1.75,1.00
2016.05.25 22:20:17.138,0.93649,0.93681,1.00,1.00
2016.05.25 22:20:19.440,0.93646,0.93682,1.75,1.00
2016.05.25 22:20:19.541,0.93648,0.93685,1.12,1.00
2016.05.25 22:20:19.642,0.93649,0.93689,1.00,1.00
2016.05.25 22:20:19.693,0.93657,0.93689,1.00,1.00
2016.05.25 22:20:19.744,0.93658,0.93693,1.00,1.50
2016.05.25 22:20:19.795,0.93658,0.93693,2.25,1.00
2016.05.25 22:20:19.846,0.9366,0.93696,1.12,1.00
2016.05.25 22:20:20.282,0.93656,0.93696,1.12,1.00
2016.05.25 22:20:20.333,0.93658,0.93696,1.00,1.00
2016.05.25 22:20:20.882,0.93657,0.93696,1.00,1.00
2016.05.25 22:20:21.387,0.93655,0.93696,1.75,1.00
2016.05.25 22:20:21.930,0.9366,0.93696,1.00,1.00
2016.05.25 22:20:22.533,0.9366,0.93697,1.00,1.00
2016.05.25 22:20:24.266,0.9366,0.93696,1.00,1.00
2016.05.25 22:20:28.245,0.93658,0.93696,1.12,1.00
2016.05.25 22:20:29.980,0.93658,0.93696,1.50,1.00
2016.05.25 22:20:30.513,0.93658,0.93696,1.75,1.00
2016.05.25 22:20:47.139,0.93659,0.93696,1.75,1.00
2016.05.25 22:20:54.591,0.93658,0.93697,1.12,1.00
2016.05.25 22:21:00.698,0.93661,0.93701,1.37,1.00
2016.05.25 22:21:00.799,0.93661,0.93701,1.87,1.00
2016.05.25 22:21:01.102,0.93667,0.93701,1.00,1.00
2016.05.25 22:21:01.608,0.93667,0.93701,1.37,1.00
2016.05.25 22:21:02.218,0.93667,0.93701,1.00,1.00
2016.05.25 22:21:03.921,0.93667,0.93706,1.00,1.00
2016.05.25 22:21:10.231,0.93667,0.93705,1.00,1.12
2016.05.25 22:21:10.332,0.93659,0.93704,2.25,1.87
2016.05.25 22:21:10.640,0.93659,0.93691,2.25,1.00
2016.05.25 22:21:24.632,0.93662,0.93692,1.00,1.00
2016.05.25 22:21:24.834,0.93661,0.93697,1.12,1.00
2016.05.25 22:21:24.935,0.93661,0.937,1.87,1.00
2016.05.25 22:21:24.986,0.93663,0.93701,1.12,1.00
2016.05.25 22:21:30.773,0.93663,0.93702,1.12,1.00
2016.05.25 22:21:31.374,0.93663,0.93704,1.12,1.00
2016.05.25 22:21:32.503,0.93661,0.93705,1.12,1.12
2016.05.25 22:21:33.108,0.93661,0.93705,1.00,1.12
2016.05.25 22:21:33.635,0.93661,0.93706,1.50,1.75
2016.05.25 22:21:34.255,0.9366,0.93707,1.37,1.87
2016.05.25 22:21:35.358,0.9366,0.93707,1.12,1.87
2016.05.25 22:21:37.976,0.9366,0.93706,1.37,1.12
2016.05.25 22:21:44.376,0.9366,0.93706,1.12,1.12
2016.05.25 22:21:49.602,0.9366,0.93706,1.12,1.37
2016.05.25 22:21:49.653,0.93662,0.93706,1.37,1.12
2016.05.25 22:21:50.286,0.93662,0.93706,1.12,1.00
2016.05.25 22:21:53.186,0.93663,0.93706,1.00,1.00
2016.05.25 22:21:53.237,0.93665,0.93709,1.12,1.00
2016.05.25 22:21:53.558,0.9367,0.93715,1.12,1.37
2016.05.25 22:22:01.924,0.93671,0.93717,1.37,1.50
2016.05.25 22:22:01.974,0.93675,0.93717,1.00,1.12
2016.05.25 22:22:04.703,0.93675,0.93718,1.00,1.00
2016.05.25 22:22:05.316,0.93675,0.93717,1.37,1.00
2016.05.25 22:22:05.917,0.93675,0.93717,1.12,1.00
2016.05.25 22:22:06.836,0.93671,0.93717,1.12,1.75
2016.05.25 22:22:06.886,0.93671,0.93716,1.12,1.12
2016.05.25 22:22:06.937,0.93666,0.93709,1.87,1.37
2016.05.25 22:22:06.988,0.93666,0.93709,1.00,1.75
2016.05.25 22:22:07.039,0.93669,0.93709,1.00,1.12
2016.05.25 22:22:07.140,0.93666,0.93708,1.37,1.00
2016.05.25 22:22:07.342,0.93668,0.93714,1.12,1.12
2016.05.25 22:22:07.442,0.93669,0.93715,1.00,2.62
2016.05.25 22:22:07.637,0.93666,0.93709,1.37,1.50
2016.05.25 22:22:08.040,0.93664,0.93709,1.75,1.12
2016.05.25 22:22:08.191,0.93664,0.93707,1.12,1.12
2016.05.25 22:22:08.338,0.93664,0.93706,1.12,1.00
2016.05.25 22:22:08.539,0.93664,0.93707,1.12,1.12
2016.05.25 22:22:13.723,0.93664,0.93707,1.12,1.87
2016.05.25 22:22:17.775,0.93664,0.93707,1.12,1.87
2016.05.25 22:22:18.276,0.93664,0.93707,1.12,1.87
2016.05.25 22:22:21.869,0.93664,0.93707,1.12,1.37
2016.05.25 22:22:23.256,0.93664,0.93707,1.12,1.12
2016.05.25 22:22:24.474,0.93664,0.93707,1.12,1.37
2016.05.25 22:22:25.963,0.93664,0.93706,1.50,1.00
2016.05.25 22:22:26.474,0.93664,0.93707,1.12,1.12
2016.05.25 22:22:27.208,0.93664,0.93706,1.50,1.00
2016.05.25 22:22:27.867,0.93666,0.93706,1.00,1.00
2016.05.25 22:22:28.240,0.93668,0.93709,1.00,1.12
2016.05.25 22:22:28.290,0.93668,0.93709,1.00,1.37
2016.05.25 22:22:28.740,0.93669,0.93711,1.00,1.87
2016.05.25 22:22:28.791,0.93669,0.93711,1.00,1.87
2016.05.25 22:22:28.976,0.93669,0.93711,1.00,1.87
2016.05.25 22:22:32.019,0.93669,0.93711,1.37,1.12
2016.05.25 22:22:33.584,0.93669,0.93711,1.37,1.00
2016.05.25 22:22:33.685,0.93674,0.93711,1.00,1.00
2016.05.25 22:22:33.786,0.93672,0.93717,1.50,1.12
2016.05.25 22:22:34.089,0.93674,0.93716,1.37,1.37
2016.05.25 22:22:34.199,0.93675,0.93718,1.50,1.50
2016.05.25 22:22:34.351,0.93678,0.93717,1.00,1.12
2016.05.25 22:22:34.669,0.93673,0.93717,1.12,1.37
2016.05.25 22:22:35.185,0.93672,0.93717,1.87,1.37
2016.05.25 22:22:39.194,0.93673,0.93717,1.75,1.37
2016.05.25 22:22:39.434,0.93674,0.93717,1.50,1.37
2016.05.25 22:22:39.735,0.93674,0.93717,1.50,1.12
2016.05.25 22:22:39.836,0.93673,0.93717,1.75,1.37
2016.05.25 22:22:39.887,0.93673,0.93717,1.37,1.75
2016.05.25 22:22:39.988,0.93673,0.93717,1.37,1.50
2016.05.25 22:22:40.573,0.93673,0.93717,1.87,1.00
2016.05.25 22:22:44.647,0.93676,0.93717,1.12,1.37
2016.05.25 22:22:44.983,0.93684,0.93717,1.00,1.00
2016.05.25 22:22:45.386,0.93683,0.93718,1.37,1.00
2016.05.25 22:22:49.620,0.93682,0.93717,1.75,1.00
2016.05.25 22:22:57.512,0.93684,0.93718,1.12,1.00
2016.05.25 22:22:57.814,0.93686,0.93718,1.87,1.00
2016.05.25 22:22:58.117,0.93688,0.93718,1.12,1.00
2016.05.25 22:22:58.632,0.93688,0.93717,1.12,1.00
2016.05.25 22:22:59.234,0.93688,0.93718,1.12,1.00
2016.05.25 22:23:00.933,0.93689,0.93717,1.37,1.00
2016.05.25 22:23:04.412,0.93688,0.93717,1.12,1.00
2016.05.25 22:23:07.254,0.93692,0.93736,1.00,1.37
2016.05.25 22:23:08.856,0.93692,0.93736,1.00,1.37
2016.05.25 22:23:09.257,0.93692,0.93736,1.00,1.37
2016.05.25 22:23:10.465,0.93692,0.93736,1.12,1.37
2016.05.25 22:23:10.559,0.93692,0.93736,1.00,1.37
2016.05.25 22:23:12.666,0.93692,0.93736,1.00,1.37
2016.05.25 22:23:14.215,0.93692,0.93736,1.00,1.37
2016.05.25 22:23:15.767,0.93692,0.93736,1.00,1.37
2016.05.25 22:23:16.168,0.93692,0.93736,1.00,1.37
2016.05.25 22:23:16.571,0.93688,0.93733,1.12,1.37
2016.05.25 22:23:16.672,0.93688,0.93736,1.12,1.50
2016.05.25 22:23:17.021,0.93688,0.93737,1.12,1.12
2016.05.25 22:23:18.075,0.93689,0.93737,1.12,1.12
2016.05.25 22:23:18.500,0.93689,0.93736,1.87,1.00
2016.05.25 22:23:18.551,0.93689,0.93737,1.87,1.87
2016.05.25 22:23:19.224,0.9369,0.93737,1.87,1.50
2016.05.25 22:23:21.632,0.93692,0.93738,1.75,1.75
2016.05.25 22:23:21.733,0.93695,0.93739,1.50,1.87
2016.05.25 22:23:21.796,0.937,0.9374,1.00,1.37
2016.05.25 22:23:22.133,0.937,0.93739,1.00,1.37
2016.05.25 22:23:22.285,0.93694,0.93734,1.00,1.12
2016.05.25 22:23:22.335,0.93694,0.93734,1.00,1.37
2016.05.25 22:23:22.386,0.93688,0.93734,1.87,1.00
2016.05.25 22:23:22.566,0.93688,0.93737,1.87,1.50
2016.05.25 22:23:22.667,0.93689,0.93736,1.87,1.12
2016.05.25 22:23:25.931,0.93689,0.93736,1.87,1.12
2016.05.25 22:23:27.994,0.9369,0.93736,1.37,1.12
2016.05.25 22:23:28.534,0.9369,0.93736,1.12,1.12
2016.05.25 22:23:33.549,0.9369,0.93735,1.12,1.00
2016.05.25 22:23:33.650,0.9369,0.93736,1.37,1.12
2016.05.25 22:23:34.541,0.9369,0.93736,1.37,1.12
2016.05.25 22:23:35.146,0.9369,0.93736,1.37,1.12
2016.05.25 22:23:35.311,0.93688,0.93736,1.12,1.87
2016.05.25 22:23:35.814,0.93688,0.93735,1.12,1.50
2016.05.25 22:23:36.039,0.93689,0.93735,1.12,1.00
2016.05.25 22:23:36.450,0.9369,0.93736,1.37,1.12
2016.05.25 22:23:36.791,0.93688,0.93737,1.87,1.50
2016.05.25 22:23:37.151,0.93693,0.93737,1.37,1.00
2016.05.25 22:23:37.201,0.93693,0.93742,1.12,1.87
2016.05.25 22:23:37.353,0.93696,0.93742,1.12,2.62
2016.05.25 22:23:38.211,0.93697,0.93741,1.75,1.12
2016.05.25 22:23:39.217,0.93697,0.93741,1.75,1.37
2016.05.25 22:23:39.527,0.93698,0.93746,1.12,1.12
2016.05.25 22:23:39.704,0.93698,0.93747,1.12,2.25
2016.05.25 22:23:39.919,0.93698,0.93747,1.12,2.25
2016.05.25 22:23:42.705,0.93698,0.93741,1.12,1.00
2016.05.25 22:23:42.806,0.93698,0.93747,1.12,2.25
2016.05.25 22:23:42.856,0.93698,0.93747,1.12,2.25
2016.05.25 22:23:42.918,0.93698,0.93747,1.12,2.25
2016.05.25 22:23:44.145,0.93699,0.93747,1.12,2.25
2016.05.25 22:23:44.607,0.93699,0.93742,1.12,1.00
2016.05.25 22:23:47.688,0.93699,0.93742,1.12,1.00
2016.05.25 22:23:47.738,0.93699,0.93742,1.12,1.00
2016.05.25 22:23:48.094,0.93699,0.93746,1.12,1.50
2016.05.25 22:23:48.310,0.93702,0.93741,1.00,1.00
2016.05.25 22:23:48.367,0.93702,0.93741,1.00,1.37
2016.05.25 22:23:48.417,0.93694,0.93741,1.75,2.62
2016.05.25 22:23:49.616,0.93691,0.93737,1.12,1.37
2016.05.25 22:23:52.822,0.93692,0.93741,1.12,1.87
2016.05.25 22:23:53.239,0.93693,0.9374,1.12,1.00
2016.05.25 22:23:53.340,0.93696,0.93741,1.00,1.87
2016.05.25 22:23:54.347,0.93695,0.93741,1.37,2.62
2016.05.25 22:23:54.459,0.93694,0.93741,1.12,2.62
2016.05.25 22:23:54.842,0.93696,0.9374,1.00,1.00
2016.05.25 22:23:55.617,0.93695,0.93741,1.37,2.62
2016.05.25 22:23:58.548,0.93696,0.9374,1.00,1.00
2016.05.25 22:23:59.081,0.93695,0.93741,1.37,1.87
2016.05.25 22:23:59.383,0.93694,0.93741,1.12,1.87
2016.05.25 22:24:04.658,0.93694,0.9374,1.12,1.00
2016.05.25 22:24:05.567,0.93695,0.9374,1.12,1.00
2016.05.25 22:24:06.136,0.93695,0.93741,1.37,1.87
2016.05.25 22:24:09.169,0.93694,0.93741,1.12,1.87
2016.05.25 22:24:09.371,0.93694,0.93741,1.12,2.25
2016.05.25 22:24:09.693,0.93691,0.93728,1.12,1.00
2016.05.25 22:24:09.744,0.93691,0.93728,1.12,1.00
2016.05.25 22:24:10.246,0.93691,0.93727,1.12,1.00
2016.05.25 22:24:14.976,0.93693,0.93728,1.50,1.00
2016.05.25 22:24:15.355,0.93693,0.93727,1.75,1.00
2016.05.25 22:24:20.579,0.93695,0.93727,1.00,1.00
2016.05.25 22:24:20.680,0.93693,0.93727,1.12,1.00
2016.05.25 22:24:32.288,0.9369,0.93728,1.12,1.00
2016.05.25 22:24:32.490,0.93693,0.93727,1.12,1.00
2016.05.25 22:24:33.240,0.93694,0.93727,1.12,1.00
2016.05.25 22:24:33.754,0.93694,0.93727,1.12,1.00
2016.05.25 22:24:33.955,0.93695,0.93727,1.00,1.00
2016.05.25 22:24:34.624,0.93695,0.93728,1.12,1.00
2016.05.25 22:24:35.156,0.93695,0.93727,1.12,1.00
2016.05.25 22:24:35.800,0.93695,0.93727,1.37,1.00
2016.05.25 22:24:37.338,0.93695,0.93727,1.12,1.00
2016.05.25 22:24:38.113,0.93695,0.93728,1.00,1.00
2016.05.25 22:24:38.745,0.93695,0.93727,1.00,1.00
2016.05.25 22:24:40.440,0.93695,0.93739,1.00,1.37
2016.05.25 22:24:40.636,0.93689,0.93736,1.87,1.00
2016.05.25 22:24:44.737,0.93691,0.93737,1.50,1.12
2016.05.25 22:24:45.039,0.93696,0.9374,1.00,1.12
2016.05.25 22:24:45.817,0.93696,0.9374,1.00,1.37
2016.05.25 22:24:45.919,0.93696,0.93736,1.00,1.00
2016.05.25 22:24:46.020,0.9369,0.93736,1.12,1.50
2016.05.25 22:24:46.171,0.93689,0.93736,1.75,1.87
2016.05.25 22:24:46.721,0.9369,0.93736,1.12,1.87
2016.05.25 22:24:47.182,0.93691,0.93741,1.12,1.87
2016.05.25 22:24:47.233,0.93694,0.93741,1.12,1.50
2016.05.25 22:24:47.742,0.93693,0.9374,1.12,1.37
2016.05.25 22:24:48.351,0.93693,0.93741,1.12,1.50
2016.05.25 22:24:48.893,0.93694,0.93741,1.12,1.50
2016.05.25 22:24:49.614,0.93693,0.93741,1.12,1.50
2016.05.25 22:24:49.735,0.93693,0.93741,1.12,1.50
2016.05.25 22:24:50.436,0.93693,0.93742,1.12,1.12
2016.05.25 22:24:51.037,0.93693,0.93742,1.12,1.87
2016.05.25 22:24:51.738,0.93693,0.93742,1.12,1.87
2016.05.25 22:24:51.939,0.93693,0.93742,1.12,1.87
2016.05.25 22:24:52.640,0.93692,0.93742,1.12,1.87
2016.05.25 22:24:54.217,0.93692,0.93739,1.12,1.12
2016.05.25 22:24:56.364,0.93692,0.93738,1.12,1.12
2016.05.25 22:24:57.116,0.93692,0.93738,1.12,1.37
2016.05.25 22:24:59.466,0.93694,0.9374,1.12,1.12
2016.05.25 22:24:59.772,0.93697,0.93742,1.12,1.12
2016.05.25 22:25:00.273,0.93696,0.93743,1.12,1.00
2016.05.25 22:25:00.802,0.93696,0.93744,1.87,1.12
2016.05.25 22:25:00.853,0.93697,0.93744,1.12,1.12
2016.05.25 22:25:01.981,0.93695,0.93742,1.87,1.37
2016.05.25 22:25:02.133,0.93694,0.93739,1.37,1.00
2016.05.25 22:25:02.313,0.93693,0.9374,1.12,1.12
2016.05.25 22:25:02.726,0.93694,0.93739,1.37,1.00
2016.05.25 22:25:02.828,0.93694,0.93736,1.37,1.00
2016.05.25 22:25:08.511,0.93695,0.93737,1.00,1.00
2016.05.25 22:25:08.814,0.93697,0.93741,1.12,1.00
2016.05.25 22:25:09.117,0.93698,0.93742,1.12,1.00
2016.05.25 22:25:09.554,0.93698,0.93742,1.75,1.37
2016.05.25 22:25:09.756,0.93696,0.93744,1.12,1.12
2016.05.25 22:25:10.399,0.93696,0.93741,1.12,1.12
2016.05.25 22:25:11.539,0.93695,0.93741,2.62,1.37
2016.05.25 22:25:11.739,0.93695,0.93741,1.87,1.00
2016.05.25 22:25:11.840,0.93695,0.93741,2.62,1.37
2016.05.25 22:25:12.040,0.93695,0.93741,1.87,1.00
2016.05.25 22:25:12.157,0.93695,0.93741,2.62,1.37
2016.05.25 22:25:12.343,0.93695,0.93741,1.87,1.00
2016.05.25 22:25:12.553,0.93695,0.93741,2.62,1.37
2016.05.25 22:25:12.786,0.93696,0.93741,1.12,1.12
2016.05.25 22:25:16.568,0.93696,0.93741,1.12,1.37
2016.05.25 22:25:17.085,0.93695,0.93741,1.87,1.37
2016.05.25 22:25:17.717,0.93694,0.93741,1.87,1.37
2016.05.25 22:25:18.356,0.93695,0.93741,1.75,1.37
2016.05.25 22:25:18.917,0.93695,0.93737,1.75,1.00
2016.05.25 22:25:19.912,0.93694,0.93742,1.87,1.50
2016.05.25 22:25:20.520,0.93694,0.93742,1.75,1.50
2016.05.25 22:25:21.070,0.93695,0.93741,2.25,1.37
2016.05.25 22:25:21.172,0.93695,0.93741,2.25,1.37
2016.05.25 22:25:21.273,0.93695,0.93741,1.12,1.12
2016.05.25 22:25:21.576,0.93695,0.93741,1.75,1.37
2016.05.25 22:25:21.878,0.93696,0.93736,1.00,1.00
2016.05.25 22:25:22.414,0.93696,0.9374,1.00,1.00
2016.05.25 22:25:23.001,0.93693,0.93741,1.12,1.12
2016.05.25 22:25:23.445,0.93694,0.93742,1.12,2.62
2016.05.25 22:25:23.992,0.93699,0.93742,1.00,2.62
2016.05.25 22:25:24.625,0.93699,0.93742,1.00,2.62
2016.05.25 22:25:24.676,0.93699,0.93742,1.00,2.62
2016.05.25 22:25:24.962,0.93699,0.93742,1.00,2.62
2016.05.25 22:25:25.268,0.93696,0.93742,1.12,1.50
2016.05.25 22:25:25.806,0.93696,0.93741,1.12,1.00
2016.05.25 22:25:26.330,0.93695,0.93741,1.87,1.37
2016.05.25 22:25:26.733,0.93698,0.93742,2.62,1.00
2016.05.25 22:25:27.186,0.93699,0.93741,1.12,1.00
2016.05.25 22:25:27.589,0.93699,0.93741,1.75,1.12
2016.05.25 22:25:29.678,0.93697,0.93741,1.75,1.37
2016.05.25 22:25:29.796,0.93697,0.93741,1.75,1.37
2016.05.25 22:25:30.643,0.93697,0.93737,1.75,1.00
2016.05.25 22:25:30.846,0.93696,0.93741,1.75,1.12
2016.05.25 22:25:31.078,0.93702,0.93741,1.00,1.12
2016.05.25 22:25:32.676,0.93702,0.93741,1.00,1.37
2016.05.25 22:25:33.082,0.93694,0.93738,1.37,1.37
2016.05.25 22:25:33.284,0.93694,0.93737,1.00,1.37
2016.05.25 22:25:33.436,0.93694,0.93738,1.12,1.00
2016.05.25 22:25:38.217,0.93694,0.93738,1.87,1.00
2016.05.25 22:25:39.130,0.93694,0.93738,1.50,1.00
2016.05.25 22:25:41.149,0.93695,0.93738,1.00,1.00
2016.05.25 22:25:42.142,0.93694,0.93738,1.87,1.00
2016.05.25 22:25:43.143,0.93696,0.93738,1.00,1.00
2016.05.25 22:25:45.163,0.93694,0.93738,1.87,1.00
2016.05.25 22:25:46.552,0.93698,0.93738,1.00,1.00
2016.05.25 22:25:46.854,0.93708,0.93742,1.00,1.00
2016.05.25 22:25:47.358,0.93709,0.93741,1.00,1.00
2016.05.25 22:25:47.862,0.93708,0.93742,1.00,1.00
2016.05.25 22:25:49.042,0.93709,0.93741,1.00,1.00
2016.05.25 22:25:49.851,0.93709,0.93742,1.00,1.00
2016.05.25 22:25:50.460,0.9371,0.93742,1.00,1.00
2016.05.25 22:25:52.081,0.93709,0.93742,1.00,1.00
2016.05.25 22:25:56.496,0.93708,0.93742,1.50,1.00
2016.05.25 22:26:03.763,0.93709,0.93742,1.00,1.00
2016.05.25 22:26:05.779,0.93708,0.93742,1.50,1.00
2016.05.25 22:26:06.120,0.9371,0.93742,1.00,1.00
2016.05.25 22:26:09.687,0.9371,0.93739,1.00,1.00
2016.05.25 22:26:10.243,0.9371,0.93738,1.00,1.00
2016.05.25 22:26:10.393,0.9371,0.93742,1.00,1.00
2016.05.25 22:26:15.721,0.93709,0.93742,1.00,1.12
2016.05.25 22:26:16.815,0.9371,0.93742,1.00,1.12
2016.05.25 22:26:17.339,0.93709,0.93742,1.00,1.12
2016.05.25 22:26:24.003,0.93708,0.93742,1.00,1.12
2016.05.25 22:26:26.863,0.93708,0.9374,1.00,1.00
2016.05.25 22:26:26.974,0.93708,0.93742,1.00,1.12
2016.05.25 22:26:27.024,0.93708,0.93737,1.00,1.00
2016.05.25 22:26:29.824,0.93708,0.93738,1.00,1.00
2016.05.25 22:26:40.341,0.93708,0.93742,1.00,1.00
2016.05.25 22:26:53.780,0.93709,0.93741,1.00,1.00
2016.05.25 22:26:56.453,0.93709,0.9374,1.00,1.00
2016.05.25 22:26:57.754,0.93709,0.93741,1.00,1.00
2016.05.25 22:27:00.588,0.93709,0.93741,1.00,1.37
2016.05.25 22:27:03.923,0.93709,0.93739,1.00,1.00
2016.05.25 22:27:05.526,0.93709,0.93738,1.00,1.00
2016.05.25 22:27:05.927,0.93709,0.9374,1.00,1.12
2016.05.25 22:27:06.183,0.93709,0.9374,1.00,1.37
2016.05.25 22:27:09.014,0.93703,0.93737,1.00,1.00
2016.05.25 22:27:14.302,0.93709,0.93738,1.00,1.00
2016.05.25 22:27:19.707,0.93708,0.93738,1.00,1.00
2016.05.25 22:27:26.258,0.93708,0.9374,1.00,1.50
2016.05.25 22:27:26.573,0.93704,0.93736,1.00,1.12
2016.05.25 22:27:26.624,0.93699,0.93736,1.50,1.50
2016.05.25 22:27:26.776,0.93704,0.93736,1.00,1.00
2016.05.25 22:27:26.928,0.93708,0.93742,1.50,1.12
2016.05.25 22:27:27.180,0.93705,0.93743,1.00,1.50
2016.05.25 22:27:27.281,0.937,0.9374,1.87,1.37
2016.05.25 22:27:27.632,0.93698,0.93735,1.00,1.12
2016.05.25 22:27:27.884,0.93696,0.93735,1.00,1.00
2016.05.25 22:27:28.459,0.93696,0.93734,1.00,1.00
2016.05.25 22:27:29.471,0.93696,0.93734,1.00,1.37
2016.05.25 22:27:31.481,0.93697,0.93735,1.00,1.12
2016.05.25 22:27:31.632,0.93699,0.93735,1.00,1.00
2016.05.25 22:27:31.683,0.93699,0.93737,1.50,1.00
2016.05.25 22:27:31.784,0.93708,0.93741,1.00,1.12
2016.05.25 22:27:31.885,0.93705,0.93742,1.50,1.37
2016.05.25 22:27:32.013,0.937,0.93738,1.37,1.37
2016.05.25 22:27:32.164,0.93703,0.93742,1.00,1.37
2016.05.25 22:27:32.215,0.93703,0.93742,1.00,1.37
2016.05.25 22:27:32.494,0.93704,0.93742,1.00,1.37
2016.05.25 22:27:32.696,0.93704,0.93741,1.00,1.12
2016.05.25 22:27:32.884,0.93704,0.93741,1.00,1.37
2016.05.25 22:27:33.407,0.93703,0.93741,1.00,1.87
2016.05.25 22:27:36.090,0.93704,0.93742,1.00,1.87
2016.05.25 22:27:37.344,0.93702,0.93742,1.00,1.37
2016.05.25 22:27:37.854,0.93702,0.93742,1.00,1.37
2016.05.25 22:27:41.214,0.93702,0.93742,1.00,1.37
2016.05.25 22:27:41.265,0.93704,0.93742,1.00,1.37
2016.05.25 22:27:41.571,0.93704,0.93742,1.00,1.87
2016.05.25 22:27:41.622,0.93704,0.93742,1.00,1.87
2016.05.25 22:27:42.204,0.93703,0.93741,1.00,1.37
2016.05.25 22:27:46.107,0.93703,0.93736,1.00,1.37
2016.05.25 22:27:46.208,0.93703,0.93741,1.00,2.25
2016.05.25 22:27:46.259,0.93706,0.93741,1.00,1.87
2016.05.25 22:27:46.309,0.93706,0.9374,1.00,1.00
2016.05.25 22:27:46.460,0.93704,0.93741,1.00,1.37
2016.05.25 22:27:46.609,0.93704,0.93741,1.00,1.37
2016.05.25 22:27:47.119,0.93703,0.93741,1.12,1.87
2016.05.25 22:27:47.926,0.93704,0.93741,1.00,1.37
2016.05.25 22:27:48.128,0.93705,0.93743,1.00,1.37
2016.05.25 22:27:48.654,0.93705,0.93741,1.00,1.37
2016.05.25 22:27:49.406,0.93705,0.93741,1.00,1.00
2016.05.25 22:27:50.083,0.93704,0.93741,1.00,1.00
2016.05.25 22:27:51.267,0.93703,0.93741,1.12,1.87
2016.05.25 22:27:53.172,0.93704,0.93741,1.00,1.12
2016.05.25 22:27:53.695,0.93703,0.93741,1.12,1.87
2016.05.25 22:27:54.597,0.93705,0.93741,1.00,1.12
2016.05.25 22:27:54.899,0.93707,0.93741,1.00,1.37
2016.05.25 22:27:54.961,0.93705,0.93741,1.00,1.37
2016.05.25 22:27:55.498,0.93704,0.93741,1.00,1.37
2016.05.25 22:27:57.322,0.93704,0.93741,1.00,1.37
2016.05.25 22:27:59.078,0.93702,0.9374,1.50,1.37
2016.05.25 22:27:59.430,0.93702,0.93736,1.00,1.00
2016.05.25 22:27:59.994,0.93704,0.93736,1.00,1.00
2016.05.25 22:28:00.580,0.93702,0.93736,1.00,1.00
2016.05.25 22:28:00.681,0.93702,0.93741,1.50,1.12
2016.05.25 22:28:01.068,0.93705,0.93741,1.00,1.12
2016.05.25 22:28:01.170,0.93703,0.93741,1.12,1.00
2016.05.25 22:28:03.460,0.93703,0.93742,1.12,1.12
2016.05.25 22:28:04.010,0.93703,0.93741,1.12,1.12
2016.05.25 22:28:05.072,0.93704,0.93741,1.00,1.12
2016.05.25 22:28:09.003,0.93703,0.93741,1.12,1.87
2016.05.25 22:28:09.514,0.93704,0.93741,1.00,1.37
2016.05.25 22:28:14.858,0.93704,0.93741,1.00,1.37
2016.05.25 22:28:15.438,0.93704,0.93741,1.00,1.37
2016.05.25 22:28:17.079,0.93704,0.93741,1.00,1.37
2016.05.25 22:28:17.747,0.93704,0.93741,1.00,1.37
2016.05.25 22:28:23.079,0.93704,0.93741,1.00,1.37
2016.05.25 22:28:23.314,0.937,0.9374,1.50,1.37
2016.05.25 22:28:25.085,0.93702,0.9374,1.00,1.37
2016.05.25 22:28:25.186,0.937,0.9374,1.37,1.37
2016.05.25 22:28:25.237,0.937,0.9374,1.12,1.37
2016.05.25 22:28:27.494,0.93703,0.93741,1.00,1.87
2016.05.25 22:28:28.057,0.93703,0.93741,1.00,1.87
2016.05.25 22:28:29.955,0.93703,0.93736,1.00,1.00
2016.05.25 22:28:32.895,0.93703,0.93741,1.00,1.50
2016.05.25 22:28:32.946,0.93701,0.93741,1.00,1.50
2016.05.25 22:28:33.460,0.93702,0.93741,1.00,1.00
2016.05.25 22:28:34.061,0.93702,0.93742,1.00,1.50
2016.05.25 22:28:35.461,0.93702,0.93741,1.00,1.00
2016.05.25 22:28:37.406,0.93702,0.93742,1.12,1.00
2016.05.25 22:28:38.786,0.93702,0.93743,1.12,1.12
2016.05.25 22:28:41.305,0.93702,0.93741,1.00,1.37
2016.05.25 22:28:42.007,0.93701,0.93741,1.00,1.37
2016.05.25 22:28:42.566,0.93701,0.93741,1.00,1.00
2016.05.25 22:28:43.098,0.937,0.93741,1.12,1.00
2016.05.25 22:28:43.639,0.937,0.93742,1.12,1.12
2016.05.25 22:28:44.269,0.937,0.93742,1.12,1.37
2016.05.25 22:28:48.602,0.937,0.93742,1.87,1.37
2016.05.25 22:28:51.911,0.93703,0.93742,1.00,1.37
2016.05.25 22:28:52.062,0.937,0.93742,1.12,1.00
2016.05.25 22:28:52.224,0.937,0.93742,1.00,1.37
2016.05.25 22:28:55.524,0.93701,0.93742,1.00,1.12
2016.05.25 22:28:57.528,0.93702,0.93744,1.00,1.37
2016.05.25 22:28:58.047,0.93703,0.93741,1.00,1.00
2016.05.25 22:28:58.696,0.93703,0.93742,1.00,1.00
2016.05.25 22:28:58.898,0.93703,0.93742,1.37,1.00
2016.05.25 22:28:59.207,0.93704,0.93742,1.12,1.00
2016.05.25 22:28:59.283,0.93704,0.93747,1.12,1.87
2016.05.25 22:29:01.686,0.93705,0.93741,1.87,1.00
2016.05.25 22:29:03.014,0.93705,0.93746,1.87,1.12
2016.05.25 22:29:05.691,0.93705,0.93741,1.87,1.00
2016.05.25 22:29:09.694,0.93705,0.93746,1.87,1.12
2016.05.25 22:29:11.996,0.93706,0.93746,1.37,1.12
2016.05.25 22:29:12.047,0.93708,0.93746,1.00,1.50
2016.05.25 22:29:12.700,0.93706,0.93746,1.12,1.75
2016.05.25 22:29:14.699,0.93706,0.93742,1.12,1.00
2016.05.25 22:29:15.600,0.93705,0.93745,1.87,1.12
2016.05.25 22:29:16.112,0.93703,0.93742,1.75,1.00
2016.05.25 22:29:17.502,0.93703,0.93745,1.12,1.12
2016.05.25 22:29:18.754,0.93703,0.93741,1.12,1.00
2016.05.25 22:29:19.409,0.93703,0.93745,1.12,1.12
2016.05.25 22:29:49.564,0.93707,0.93746,1.12,1.50
2016.05.25 22:29:49.740,0.93706,0.93746,1.12,1.50
2016.05.25 22:30:00.583,0.93707,0.93743,1.12,1.00
2016.05.25 22:30:00.735,0.93705,0.93743,1.12,1.12
2016.05.25 22:30:00.886,0.93701,0.93741,1.87,1.00
2016.05.25 22:30:00.936,0.93701,0.93741,1.87,1.37
2016.05.25 22:30:09.666,0.93704,0.93741,1.12,1.37
2016.05.25 22:30:10.389,0.93705,0.93741,1.12,1.00
2016.05.25 22:30:11.367,0.93705,0.93744,1.12,1.00
2016.05.25 22:30:12.101,0.93705,0.93742,1.12,1.00
2016.05.25 22:30:12.716,0.93704,0.93742,1.87,1.37
2016.05.25 22:30:13.269,0.93704,0.93744,1.87,1.12
2016.05.25 22:30:18.031,0.93706,0.93747,1.87,1.75
2016.05.25 22:30:18.081,0.93706,0.93746,1.87,1.75
2016.05.25 22:30:23.497,0.93707,0.93746,1.12,1.75
2016.05.25 22:30:23.999,0.93706,0.93746,1.12,2.25
2016.05.25 22:30:24.539,0.93707,0.93746,1.12,1.75
2016.05.25 22:30:24.643,0.93708,0.93746,1.00,1.75
2016.05.25 22:30:30.210,0.93707,0.93746,1.12,1.75
2016.05.25 22:30:30.311,0.9371,0.93747,1.12,1.37
2016.05.25 22:30:33.944,0.93712,0.93751,1.12,1.37
2016.05.25 22:30:33.995,0.93713,0.93752,1.12,1.87
2016.05.25 22:30:34.197,0.93713,0.93751,1.00,1.87
2016.05.25 22:30:34.310,0.93712,0.93751,1.12,1.12
2016.05.25 22:30:34.613,0.9371,0.9375,1.87,1.12
2016.05.25 22:30:35.834,0.93706,0.93746,1.87,1.50
2016.05.25 22:30:35.885,0.93706,0.93743,1.87,1.00
2016.05.25 22:30:49.273,0.93705,0.93745,1.87,1.12
2016.05.25 22:30:50.470,0.93706,0.93743,1.12,1.00
2016.05.25 22:30:56.817,0.93706,0.93741,1.12,1.00
2016.05.25 22:30:57.018,0.93706,0.93743,1.12,1.00
2016.05.25 22:31:00.280,0.93709,0.93745,1.00,1.12
2016.05.25 22:31:00.990,0.93707,0.93746,1.50,1.75
2016.05.25 22:31:03.794,0.93706,0.93746,1.12,1.75
2016.05.25 22:31:04.482,0.93706,0.93746,1.12,1.75
2016.05.25 22:31:07.112,0.93707,0.93746,1.50,1.75
2016.05.25 22:31:08.936,0.93708,0.93745,1.37,1.00
2016.05.25 22:31:09.339,0.93709,0.93747,1.37,2.62
2016.05.25 22:31:09.641,0.93713,0.93747,1.75,1.00
2016.05.25 22:31:09.742,0.93706,0.93747,2.62,1.75
2016.05.25 22:31:27.666,0.93707,0.93746,1.12,1.37
2016.05.25 22:31:31.767,0.93707,0.93747,1.00,1.87
2016.05.25 22:31:36.184,0.93707,0.93747,1.12,2.62
2016.05.25 22:31:36.285,0.93707,0.93743,1.12,1.00
2016.05.25 22:31:40.679,0.93707,0.93747,1.12,1.87
2016.05.25 22:31:40.780,0.93707,0.93746,1.00,1.12
2016.05.25 22:31:42.281,0.93706,0.93747,1.87,1.87
2016.05.25 22:31:42.591,0.93705,0.93746,1.87,1.87
2016.05.25 22:31:47.903,0.93705,0.93746,3.37,1.75
2016.05.25 22:31:48.004,0.93713,0.93751,1.50,1.50
2016.05.25 22:31:48.055,0.93713,0.93751,1.75,1.37
2016.05.25 22:31:48.106,0.93713,0.93752,1.87,1.12
2016.05.25 22:31:48.308,0.93715,0.93751,1.12,1.00
2016.05.25 22:31:48.461,0.93715,0.93752,1.37,1.37
2016.05.25 22:31:48.987,0.93715,0.93752,1.12,1.00
2016.05.25 22:31:54.299,0.93716,0.93751,1.12,1.00
2016.05.25 22:32:00.616,0.93712,0.93746,1.75,1.00
2016.05.25 22:32:00.817,0.93712,0.93746,1.12,1.00
2016.05.25 22:32:01.086,0.93714,0.93746,1.12,1.00
2016.05.25 22:32:02.028,0.93713,0.93746,1.00,1.00
2016.05.25 22:32:02.129,0.93713,0.93746,1.50,1.00
2016.05.25 22:32:02.331,0.93715,0.93751,1.00,1.50
2016.05.25 22:32:04.812,0.93711,0.93751,1.12,1.75
2016.05.25 22:32:05.061,0.93707,0.93743,1.12,1.00
2016.05.25 22:32:14.325,0.93707,0.93743,1.00,1.37
2016.05.25 22:32:16.816,0.93707,0.93743,1.00,1.12
2016.05.25 22:32:20.336,0.93703,0.93744,1.12,1.12
2016.05.25 22:32:29.632,0.93709,0.93741,1.00,1.00
2016.05.25 22:32:32.630,0.93709,0.93742,1.00,1.00
2016.05.25 22:32:33.133,0.93709,0.93741,1.00,1.00
2016.05.25 22:32:34.153,0.93709,0.93745,1.00,1.00
2016.05.25 22:32:37.658,0.93709,0.93742,1.00,1.00
2016.05.25 22:32:39.218,0.93709,0.93745,1.00,1.00
2016.05.25 22:32:39.518,0.93709,0.93742,1.00,1.00
2016.05.25 22:32:39.639,0.93709,0.93745,1.00,1.00
2016.05.25 22:32:42.321,0.93709,0.93741,1.00,1.00
2016.05.25 22:32:43.422,0.93709,0.93745,1.00,1.00
2016.05.25 22:32:43.722,0.93709,0.93741,1.00,1.00
2016.05.25 22:32:45.023,0.93709,0.93745,1.00,1.00
2016.05.25 22:32:45.524,0.93709,0.93741,1.00,1.00
2016.05.25 22:32:46.725,0.93709,0.93745,1.00,1.00
2016.05.25 22:32:47.025,0.93709,0.93741,1.00,1.00
2016.05.25 22:32:47.145,0.93709,0.93745,1.00,1.00
2016.05.25 22:32:47.325,0.93709,0.93741,1.00,1.00
2016.05.25 22:32:48.627,0.93709,0.93745,1.00,1.00
2016.05.25 22:32:48.927,0.93709,0.93741,1.00,1.00
2016.05.25 22:32:49.271,0.93709,0.93745,1.00,1.00
2016.05.25 22:32:49.467,0.93709,0.93741,1.00,1.00
2016.05.25 22:32:51.029,0.93709,0.93745,1.00,1.00
2016.05.25 22:32:54.160,0.93709,0.93742,1.00,1.00
2016.05.25 22:32:55.345,0.93709,0.93745,1.00,1.00
2016.05.25 22:32:59.270,0.93709,0.93742,1.00,1.00
2016.05.25 22:32:59.371,0.93705,0.93745,1.75,1.12
2016.05.25 22:33:02.490,0.93701,0.93736,1.12,1.00
2016.05.25 22:33:02.590,0.93701,0.93742,1.12,1.50
2016.05.25 22:33:04.757,0.93699,0.93741,1.75,2.62
2016.05.25 22:33:04.808,0.93699,0.93741,1.75,2.62
2016.05.25 22:33:05.171,0.937,0.9374,1.75,1.50
2016.05.25 22:33:05.222,0.937,0.9374,1.75,1.12
2016.05.25 22:33:05.323,0.93703,0.93739,1.00,1.00
2016.05.25 22:33:05.693,0.93703,0.93737,1.00,1.50
2016.05.25 22:33:06.030,0.93693,0.93737,1.87,2.25
2016.05.25 22:33:07.797,0.93693,0.93737,1.87,2.62
2016.05.25 22:33:14.627,0.93691,0.93732,1.12,1.87
2016.05.25 22:33:15.347,0.93691,0.93733,1.87,1.12
2016.05.25 22:33:16.108,0.93691,0.93731,1.50,1.75
2016.05.25 22:33:16.310,0.93687,0.93726,1.12,1.12
2016.05.25 22:33:16.411,0.93684,0.93724,1.37,1.12
2016.05.25 22:33:16.512,0.93682,0.93718,1.00,1.00
2016.05.25 22:33:17.707,0.93683,0.93718,1.00,1.00
2016.05.25 22:33:19.310,0.93684,0.93718,1.00,1.00
2016.05.25 22:33:19.862,0.93683,0.93718,1.00,1.00
2016.05.25 22:33:20.205,0.93683,0.93722,1.00,1.75
2016.05.25 22:33:20.508,0.9367,0.93709,1.12,1.75
2016.05.25 22:33:21.214,0.93671,0.93709,1.12,1.75
2016.05.25 22:33:22.116,0.93672,0.93709,1.00,1.75
2016.05.25 22:33:23.216,0.93671,0.93709,1.12,1.75
2016.05.25 22:33:23.930,0.93672,0.93709,1.00,1.75
2016.05.25 22:33:24.791,0.93672,0.93709,1.37,1.75
2016.05.25 22:33:27.089,0.93669,0.9371,1.50,1.75
2016.05.25 22:33:28.190,0.93669,0.93709,1.50,1.75
2016.05.25 22:33:28.992,0.9367,0.9371,1.12,1.75
2016.05.25 22:33:29.641,0.93671,0.9371,1.00,1.75
2016.05.25 22:33:29.692,0.93676,0.9371,1.00,1.75
2016.05.25 22:33:29.743,0.93676,0.93714,1.00,1.75
2016.05.25 22:33:29.886,0.93674,0.93717,1.75,1.75
2016.05.25 22:33:29.987,0.93678,0.93714,1.00,1.00
2016.05.25 22:33:30.038,0.93674,0.93715,1.37,1.75
2016.05.25 22:33:30.088,0.93674,0.93715,1.00,1.75
2016.05.25 22:33:30.139,0.93676,0.93717,1.37,2.25
2016.05.25 22:33:30.189,0.93678,0.93714,1.00,1.00
2016.05.25 22:33:30.341,0.93675,0.93717,1.12,1.12
2016.05.25 22:33:30.391,0.93675,0.93711,1.37,1.50
2016.05.25 22:33:30.442,0.93675,0.93711,1.00,1.50
2016.05.25 22:33:30.593,0.93677,0.93716,1.12,1.75
2016.05.25 22:33:30.644,0.93677,0.93716,1.37,1.75
2016.05.25 22:33:30.795,0.93674,0.93716,1.12,1.75
2016.05.25 22:33:30.846,0.93673,0.93714,1.37,1.75
2016.05.25 22:33:31.217,0.93678,0.93711,1.12,1.00
2016.05.25 22:33:31.376,0.93679,0.93716,1.12,1.00
2016.05.25 22:33:31.584,0.93679,0.93711,1.12,1.00
2016.05.25 22:33:31.635,0.93678,0.93711,1.75,1.00
2016.05.25 22:33:31.837,0.93678,0.93711,1.12,1.12
2016.05.25 22:33:31.938,0.93677,0.93712,1.00,1.50
2016.05.25 22:33:32.240,0.9367,0.93709,1.12,1.75
2016.05.25 22:33:32.341,0.93668,0.93709,1.87,1.75
2016.05.25 22:33:32.883,0.93669,0.9371,1.00,1.75
2016.05.25 22:33:33.710,0.93671,0.93707,1.00,1.75
2016.05.25 22:33:41.942,0.93669,0.93706,1.00,1.75
2016.05.25 22:33:43.749,0.93671,0.93706,1.00,1.75
2016.05.25 22:33:48.574,0.93671,0.93709,1.00,1.75
2016.05.25 22:33:48.625,0.93671,0.93707,1.00,1.00
2016.05.25 22:33:52.361,0.93672,0.93707,1.00,1.00
2016.05.25 22:33:52.664,0.93673,0.93712,1.00,1.75
2016.05.25 22:33:53.316,0.93672,0.93713,1.00,1.12
2016.05.25 22:33:54.129,0.93674,0.93714,1.00,3.00
2016.05.25 22:33:55.557,0.93673,0.93714,1.00,3.00
2016.05.25 22:33:56.050,0.93675,0.93714,1.00,3.00
2016.05.25 22:33:58.634,0.93674,0.93714,1.00,3.00
2016.05.25 22:34:00.543,0.93673,0.93714,1.00,2.25
2016.05.25 22:34:00.644,0.93671,0.93714,1.50,3.00
2016.05.25 22:34:01.187,0.93668,0.9371,1.37,1.75
2016.05.25 22:34:01.237,0.93668,0.93703,1.00,1.00
2016.05.25 22:34:01.758,0.93669,0.93703,1.00,1.00
2016.05.25 22:34:02.261,0.93667,0.93703,1.87,1.00
2016.05.25 22:34:04.761,0.93667,0.93703,1.37,1.00
2016.05.25 22:34:05.262,0.93667,0.93703,1.12,1.00
2016.05.25 22:34:06.164,0.93667,0.93703,1.37,1.00
2016.05.25 22:34:06.665,0.93667,0.93703,1.12,1.00
2016.05.25 22:34:07.167,0.93667,0.93703,1.37,1.00
2016.05.25 22:34:07.768,0.93667,0.93703,1.12,1.00
2016.05.25 22:34:08.415,0.93667,0.93703,1.37,1.00
2016.05.25 22:34:08.566,0.93665,0.93705,1.50,1.75
2016.05.25 22:34:09.073,0.93665,0.93705,1.12,1.75
2016.05.25 22:34:11.071,0.93666,0.93706,1.00,2.25
2016.05.25 22:34:11.679,0.93667,0.93705,1.00,1.75
2016.05.25 22:34:12.548,0.93668,0.93706,1.00,1.75
2016.05.25 22:34:18.366,0.93669,0.93705,1.00,1.75
2016.05.25 22:34:18.871,0.93668,0.93705,1.12,1.75
2016.05.25 22:34:19.876,0.93669,0.93705,1.00,1.75
2016.05.25 22:34:21.286,0.93669,0.93706,1.00,1.75
2016.05.25 22:34:21.357,0.93667,0.93706,1.50,1.75
2016.05.25 22:34:21.408,0.93667,0.93705,1.12,1.75
2016.05.25 22:34:33.928,0.93665,0.93704,1.37,1.50
2016.05.25 22:34:34.028,0.93664,0.93704,1.87,1.87
2016.05.25 22:34:34.542,0.93665,0.93705,1.00,1.87
2016.05.25 22:34:38.026,0.93665,0.93705,1.37,1.87
2016.05.25 22:34:38.136,0.93665,0.93705,1.75,1.75
2016.05.25 22:34:43.667,0.93667,0.93702,1.12,1.12
2016.05.25 22:34:43.819,0.93663,0.937,1.12,1.37
2016.05.25 22:34:43.942,0.93664,0.93695,1.00,1.00
2016.05.25 22:34:44.144,0.93664,0.93701,1.00,1.75
2016.05.25 22:34:44.532,0.93664,0.93697,1.00,1.00
2016.05.25 22:34:44.732,0.93664,0.93701,1.00,1.75
2016.05.25 22:34:45.250,0.93664,0.93697,1.00,1.00
2016.05.25 22:34:45.502,0.93661,0.937,1.50,1.87
2016.05.25 22:34:45.630,0.93659,0.93697,1.12,1.12
2016.05.25 22:34:45.731,0.93663,0.93696,1.00,1.50
2016.05.25 22:34:46.034,0.93663,0.93701,1.50,1.50
2016.05.25 22:34:46.084,0.93663,0.93701,1.12,1.50
2016.05.25 22:34:46.804,0.93661,0.93697,1.00,1.00
2016.05.25 22:34:46.955,0.9366,0.93701,1.50,1.12
2016.05.25 22:34:47.243,0.93656,0.93696,1.00,1.12
2016.05.25 22:34:47.575,0.93656,0.93694,1.37,1.12
2016.05.25 22:34:48.076,0.93656,0.93695,1.75,1.12
2016.05.25 22:34:48.891,0.93654,0.93692,1.37,2.25
2016.05.25 22:34:49.000,0.93654,0.93692,1.00,2.62
2016.05.25 22:34:49.051,0.93651,0.93687,1.00,1.12
2016.05.25 22:34:49.102,0.93645,0.93687,2.25,1.12
2016.05.25 22:34:49.454,0.93649,0.93688,1.00,2.25
2016.05.25 22:34:49.555,0.93647,0.93689,1.12,2.62
2016.05.25 22:34:50.079,0.93648,0.93688,1.00,1.87
2016.05.25 22:34:50.602,0.93647,0.93689,1.50,2.25
2016.05.25 22:34:50.854,0.93646,0.93687,1.00,1.12
2016.05.25 22:34:51.380,0.93645,0.93686,1.12,1.87
2016.05.25 22:34:52.333,0.93646,0.93687,1.00,1.12
2016.05.25 22:34:52.903,0.93644,0.93685,2.25,1.75
2016.05.25 22:34:53.436,0.93647,0.93684,1.00,1.75
2016.05.25 22:34:54.738,0.93645,0.93684,1.12,1.75
2016.05.25 22:34:55.090,0.93647,0.93683,1.00,1.00
2016.05.25 22:35:03.794,0.93643,0.93684,2.62,1.75
2016.05.25 22:35:08.397,0.93645,0.93686,1.75,1.75
2016.05.25 22:35:17.209,0.93645,0.93686,1.50,1.75
2016.05.25 22:35:18.836,0.93644,0.93686,1.12,1.75
2016.05.25 22:35:19.037,0.93647,0.93683,1.00,1.00
2016.05.25 22:35:21.364,0.93647,0.93683,1.37,1.00
2016.05.25 22:35:23.075,0.93647,0.93683,1.00,1.00
2016.05.25 22:35:24.034,0.93647,0.93688,1.87,1.75
2016.05.25 22:35:24.593,0.9365,0.93691,1.75,1.75
2016.05.25 22:35:24.744,0.93654,0.9369,1.00,1.00
2016.05.25 22:35:26.050,0.93652,0.93691,1.00,1.75
2016.05.25 22:35:26.848,0.93651,0.93689,1.00,1.75
2016.05.25 22:35:26.899,0.93645,0.93686,1.12,1.75
2016.05.25 22:35:27.051,0.93647,0.93688,1.12,1.87
2016.05.25 22:35:27.151,0.93645,0.93687,1.75,1.75
2016.05.25 22:35:28.243,0.93647,0.93686,1.87,1.75
2016.05.25 22:35:28.344,0.93647,0.93682,1.37,1.00
2016.05.25 22:35:28.445,0.93646,0.93682,1.12,1.00
2016.05.25 22:35:28.895,0.93646,0.93682,1.37,1.00
2016.05.25 22:35:29.460,0.93646,0.93682,1.00,1.00
2016.05.25 22:35:29.662,0.93646,0.93682,1.87,1.00
2016.05.25 22:35:29.964,0.93655,0.93694,1.00,2.25
2016.05.25 22:35:30.065,0.93655,0.93696,1.37,1.75
2016.05.25 22:35:30.569,0.93653,0.93696,1.12,1.75
2016.05.25 22:35:31.351,0.93651,0.93697,2.25,1.75
2016.05.25 22:35:40.393,0.93651,0.93696,2.25,1.75
2016.05.25 22:35:54.965,0.93651,0.93696,2.25,1.75
2016.05.25 22:35:55.016,0.93651,0.93696,2.25,1.75
2016.05.25 22:36:09.606,0.93649,0.93694,1.75,1.12
2016.05.25 22:36:25.473,0.93649,0.93693,1.75,1.75
2016.05.25 22:36:31.860,0.9365,0.93698,4.50,1.75
2016.05.25 22:36:36.139,0.93659,0.93704,1.50,3.00
2016.05.25 22:36:36.190,0.93659,0.93703,1.75,1.75
2016.05.25 22:36:36.643,0.9366,0.93705,2.25,1.75
2016.05.25 22:36:40.232,0.93663,0.93709,1.75,1.75
2016.05.25 22:36:40.282,0.93663,0.93709,3.00,1.75
2016.05.25 22:36:40.971,0.93669,0.93713,1.75,2.25
2016.05.25 22:36:41.072,0.93671,0.93713,1.75,1.87
2016.05.25 22:36:42.055,0.93671,0.93716,1.75,1.87
2016.05.25 22:36:42.257,0.93671,0.93716,1.75,1.12
2016.05.25 22:36:42.798,0.93679,0.93715,1.00,1.00
2016.05.25 22:36:45.077,0.93675,0.93722,1.75,1.75
2016.05.25 22:36:45.178,0.93675,0.93722,2.25,1.75
2016.05.25 22:36:49.171,0.93679,0.93725,1.75,1.75
2016.05.25 22:36:49.246,0.93679,0.93725,1.75,1.75
2016.05.25 22:36:50.106,0.93679,0.93725,1.75,1.50
2016.05.25 22:36:50.157,0.93679,0.93728,1.75,1.75
2016.05.25 22:36:57.517,0.93679,0.93727,1.75,1.75
2016.05.25 22:36:57.618,0.9368,0.93727,1.00,1.75
2016.05.25 22:36:57.769,0.93676,0.93718,1.00,1.00
2016.05.25 22:36:57.841,0.93674,0.93725,1.75,1.87
2016.05.25 22:36:57.905,0.93673,0.93725,1.75,1.87
2016.05.25 22:36:58.056,0.93673,0.93717,1.75,1.00
2016.05.25 22:36:59.871,0.93674,0.93722,1.75,2.62
2016.05.25 22:37:00.171,0.93674,0.93717,1.75,1.00
2016.05.25 22:37:05.002,0.93683,0.93717,1.00,1.00
2016.05.25 22:37:05.153,0.93681,0.93723,1.12,1.00
2016.05.25 22:37:05.509,0.93684,0.93723,1.75,1.00
2016.05.25 22:37:05.663,0.93684,0.93728,1.75,1.00
2016.05.25 22:37:06.393,0.93683,0.93727,1.75,1.00
2016.05.25 22:37:08.099,0.93683,0.93729,1.75,1.00
2016.05.25 22:37:08.352,0.93684,0.93732,1.75,2.25
2016.05.25 22:37:08.905,0.93686,0.93729,1.00,1.00
2016.05.25 22:37:13.407,0.93684,0.93731,1.75,1.37
2016.05.25 22:37:18.103,0.93684,0.93728,1.75,1.00
2016.05.25 22:37:19.243,0.93683,0.93728,1.75,1.12
2016.05.25 22:37:19.344,0.93684,0.93727,1.37,1.50
2016.05.25 22:37:19.821,0.93679,0.93726,1.75,1.00
2016.05.25 22:37:20.073,0.93679,0.93728,1.75,1.12
2016.05.25 22:37:20.970,0.93683,0.93727,1.75,1.00
2016.05.25 22:37:28.524,0.93683,0.93728,1.75,1.12
2016.05.25 22:37:28.827,0.9369,0.93728,1.37,1.00
2016.05.25 22:37:29.129,0.93693,0.93738,1.75,1.00
2016.05.25 22:37:29.230,0.93701,0.93738,1.00,1.00
2016.05.25 22:37:29.432,0.93692,0.93734,1.50,1.00
2016.05.25 22:37:30.447,0.93688,0.93736,2.25,1.00
2016.05.25 22:37:31.510,0.93691,0.93732,1.75,1.00
2016.05.25 22:37:33.130,0.93688,0.93729,1.12,1.75
2016.05.25 22:37:36.249,0.93683,0.93727,1.75,1.75
2016.05.25 22:37:37.426,0.93683,0.93728,1.75,2.62
2016.05.25 22:37:37.477,0.93682,0.93728,1.75,1.87
2016.05.25 22:37:41.061,0.93683,0.93722,1.75,1.00
2016.05.25 22:37:41.313,0.93686,0.93728,1.75,1.75
2016.05.25 22:37:42.173,0.93692,0.93727,1.00,1.00
2016.05.25 22:37:42.778,0.93692,0.93728,1.00,1.00
2016.05.25 22:37:43.109,0.93689,0.93734,1.75,1.12
2016.05.25 22:37:43.636,0.93694,0.93736,1.75,1.12
2016.05.25 22:37:48.897,0.93695,0.9374,1.75,2.62
2016.05.25 22:37:48.947,0.93695,0.93739,1.75,1.75
2016.05.25 22:37:51.600,0.93694,0.93739,1.75,1.12
2016.05.25 22:37:51.651,0.93694,0.93739,1.75,1.12
2016.05.25 22:37:57.215,0.93691,0.93734,1.75,1.12
2016.05.25 22:37:57.750,0.9369,0.93737,1.75,1.75
2016.05.25 22:37:58.103,0.93694,0.93738,1.75,1.12
2016.05.25 22:38:04.366,0.9369,0.93728,3.00,1.00
2016.05.25 22:38:04.417,0.93687,0.93728,1.75,1.50
2016.05.25 22:38:04.467,0.93686,0.93731,2.25,3.75
2016.05.25 22:38:04.518,0.93687,0.93732,1.75,1.75
2016.05.25 22:38:04.569,0.93691,0.93732,1.37,1.75
2016.05.25 22:38:04.620,0.93692,0.93728,1.00,1.00
2016.05.25 22:38:04.670,0.93691,0.93736,2.25,1.12
2016.05.25 22:38:04.721,0.93691,0.93736,2.25,1.12
2016.05.25 22:38:12.039,0.93696,0.93737,1.50,1.75
2016.05.25 22:38:12.090,0.93696,0.93737,1.75,1.37
2016.05.25 22:38:12.499,0.93696,0.93737,1.75,1.37
2016.05.25 22:38:13.022,0.93691,0.93737,2.25,1.87
2016.05.25 22:38:21.224,0.93693,0.93729,1.00,1.00
2016.05.25 22:38:21.325,0.93691,0.93739,1.75,1.75
2016.05.25 22:38:29.107,0.93692,0.93738,3.75,1.75
2016.05.25 22:38:29.158,0.93692,0.93739,3.00,1.75
2016.05.25 22:38:38.224,0.93696,0.93733,1.75,1.00
2016.05.25 22:38:38.325,0.93695,0.93728,1.00,1.00
2016.05.25 22:38:38.417,0.93689,0.93728,1.75,1.37
2016.05.25 22:38:38.468,0.93686,0.93727,1.75,1.37
2016.05.25 22:38:39.173,0.93686,0.93719,1.50,1.00
2016.05.25 22:38:39.274,0.9368,0.93718,1.50,1.37
2016.05.25 22:38:39.375,0.9368,0.93716,1.00,1.50
2016.05.25 22:38:41.587,0.93674,0.93722,3.00,1.75
2016.05.25 22:38:41.637,0.93674,0.93722,3.00,1.75
2016.05.25 22:38:42.383,0.93674,0.93721,1.75,1.75
2016.05.25 22:38:45.386,0.93675,0.93721,3.75,1.75
2016.05.25 22:38:45.487,0.93678,0.93724,1.75,1.12
2016.05.25 22:38:48.750,0.93678,0.93725,1.75,1.12
2016.05.25 22:38:48.801,0.93679,0.93725,1.75,1.87
2016.05.25 22:38:57.266,0.93674,0.93717,1.75,2.25
2016.05.25 22:38:57.317,0.93674,0.93717,1.75,2.25
2016.05.25 22:39:07.118,0.93674,0.93718,1.75,1.12
2016.05.25 22:39:07.360,0.93683,0.93719,1.00,1.00
2016.05.25 22:39:07.428,0.93678,0.93724,1.75,1.75
2016.05.25 22:39:07.478,0.93681,0.93726,1.75,1.75
2016.05.25 22:39:09.213,0.93682,0.93721,1.75,1.00
2016.05.25 22:39:09.314,0.93678,0.93721,2.25,1.37
2016.05.25 22:39:09.415,0.93678,0.93721,3.00,1.75
2016.05.25 22:39:10.001,0.93681,0.93724,1.75,1.75
2016.05.25 22:39:10.513,0.93682,0.93727,1.75,2.25
2016.05.25 22:39:14.211,0.93682,0.93726,1.75,1.87
2016.05.25 22:39:14.520,0.93678,0.93723,3.75,1.75
2016.05.25 22:39:14.621,0.93682,0.93727,1.75,1.87
2016.05.25 22:39:15.634,0.93679,0.93724,1.75,1.75
2016.05.25 22:39:15.685,0.93679,0.93724,1.75,1.75
2016.05.25 22:39:17.651,0.93677,0.93723,1.75,1.75
2016.05.25 22:39:17.852,0.93676,0.93722,1.75,1.12
2016.05.25 22:39:17.903,0.93676,0.93721,1.75,1.75
2016.05.25 22:39:18.822,0.93677,0.93721,2.25,1.50
2016.05.25 22:39:24.621,0.93676,0.93724,3.37,1.75
2016.05.25 22:39:24.722,0.93676,0.93724,1.75,1.75
2016.05.25 22:39:29.012,0.93678,0.93724,2.25,1.75
2016.05.25 22:39:29.062,0.93687,0.93723,1.00,1.00
2016.05.25 22:39:29.214,0.93682,0.93726,1.50,1.75
2016.05.25 22:39:29.305,0.93677,0.93723,1.75,1.75
2016.05.25 22:39:32.698,0.93686,0.93722,1.00,1.00
2016.05.25 22:39:34.816,0.93681,0.93727,1.75,2.25
2016.05.25 22:39:34.867,0.93681,0.93727,1.75,2.25
2016.05.25 22:39:35.151,0.93681,0.93727,1.75,2.25
2016.05.25 22:39:39.624,0.9368,0.93726,3.00,1.50
2016.05.25 22:39:39.675,0.9369,0.93726,1.00,1.50
2016.05.25 22:39:41.433,0.93685,0.93727,1.87,1.37
2016.05.25 22:39:41.601,0.93689,0.9373,1.12,1.75
2016.05.25 22:39:44.161,0.9369,0.93731,1.00,1.75
2016.05.25 22:39:44.268,0.9369,0.93726,1.75,1.00
2016.05.25 22:39:44.369,0.93689,0.9373,1.50,1.75
2016.05.25 22:39:47.443,0.93689,0.9373,1.75,1.75
2016.05.25 22:39:47.526,0.93689,0.9373,1.75,1.75
2016.05.25 22:39:51.547,0.93688,0.93726,1.37,1.37
2016.05.25 22:39:51.598,0.93688,0.93723,1.00,1.00
2016.05.25 22:39:52.396,0.93687,0.93723,1.00,1.00
2016.05.25 22:39:52.447,0.93685,0.93726,1.37,2.25
2016.05.25 22:39:52.497,0.93685,0.93726,1.00,3.00
2016.05.25 22:39:53.005,0.93684,0.93723,1.12,1.75
2016.05.25 22:39:57.069,0.93684,0.93723,1.00,1.75
2016.05.25 22:39:57.170,0.93681,0.93721,1.50,1.75
2016.05.25 22:39:58.450,0.93683,0.93721,1.00,1.75
2016.05.25 22:39:59.167,0.93684,0.93723,1.00,1.75
2016.05.25 22:40:00.414,0.93682,0.93721,1.12,1.75
2016.05.25 22:40:08.805,0.93681,0.93721,1.50,1.75
2016.05.25 22:40:08.906,0.93685,0.93721,1.00,1.75
2016.05.25 22:40:08.957,0.93687,0.93722,1.00,1.75
2016.05.25 22:40:09.058,0.93684,0.93725,1.87,1.75
2016.05.25 22:40:12.934,0.93686,0.93725,1.00,1.75
2016.05.25 22:40:13.090,0.93686,0.93722,1.50,1.00
2016.05.25 22:40:13.905,0.93684,0.93725,2.25,1.75
2016.05.25 22:40:14.106,0.93681,0.9372,1.12,1.75
2016.05.25 22:40:14.207,0.93681,0.9372,1.00,1.75
2016.05.25 22:40:14.308,0.93678,0.93713,1.50,1.00
2016.05.25 22:40:15.845,0.93679,0.93713,1.00,1.00
2016.05.25 22:40:18.159,0.93678,0.93713,1.00,1.00
2016.05.25 22:40:18.698,0.93679,0.93713,1.00,2.25
2016.05.25 22:40:18.749,0.93679,0.93711,1.00,1.00
2016.05.25 22:40:19.049,0.93679,0.93713,1.00,1.50
2016.05.25 22:40:19.766,0.93677,0.93713,1.00,1.50
2016.05.25 22:40:20.068,0.93679,0.93713,1.00,1.00
2016.05.25 22:40:27.935,0.93678,0.93713,1.00,1.00
2016.05.25 22:40:29.237,0.93679,0.93713,1.00,1.00
2016.05.25 22:40:29.566,0.93679,0.93715,1.00,2.25
2016.05.25 22:40:29.837,0.93675,0.93711,1.00,1.75
2016.05.25 22:40:29.938,0.93678,0.93715,1.00,3.00
2016.05.25 22:40:34.361,0.93679,0.93715,1.00,3.00
2016.05.25 22:40:45.352,0.93678,0.93713,1.00,2.25
2016.05.25 22:40:48.555,0.93676,0.93712,1.00,1.75
2016.05.25 22:40:49.156,0.93679,0.93714,1.00,2.25
2016.05.25 22:40:49.833,0.93679,0.93709,1.00,1.00
2016.05.25 22:41:02.097,0.93678,0.93709,1.00,1.00
2016.05.25 22:41:06.169,0.93678,0.93714,1.37,1.75
2016.05.25 22:41:06.270,0.93679,0.93715,1.12,1.37
2016.05.25 22:41:06.422,0.93682,0.93717,1.00,1.75
2016.05.25 22:41:06.673,0.93685,0.93721,1.00,1.87
2016.05.25 22:41:06.792,0.93683,0.93721,1.50,1.12
2016.05.25 22:41:06.943,0.93679,0.93718,1.75,1.12
2016.05.25 22:41:06.994,0.93677,0.93714,1.87,1.00
2016.05.25 22:41:07.397,0.93672,0.93712,2.25,1.12
2016.05.25 22:41:07.498,0.93672,0.9371,2.62,1.00
2016.05.25 22:41:07.894,0.93673,0.93708,1.75,1.00
2016.05.25 22:41:08.210,0.9367,0.93708,1.87,1.00
2016.05.25 22:41:09.697,0.93671,0.93709,1.12,1.12
2016.05.25 22:41:21.116,0.93671,0.93711,2.25,1.50
2016.05.25 22:41:21.167,0.93677,0.93712,1.87,1.00
2016.05.25 22:41:21.217,0.93677,0.93711,1.75,1.00
2016.05.25 22:41:21.318,0.93682,0.93716,1.00,1.12
2016.05.25 22:41:21.470,0.93679,0.93716,1.00,1.00
2016.05.25 22:41:21.520,0.93676,0.93717,1.75,1.87
2016.05.25 22:41:21.822,0.9368,0.93718,1.12,1.12
2016.05.25 22:41:22.361,0.93679,0.93716,1.12,1.00
2016.05.25 22:41:22.675,0.9367,0.93713,1.12,1.75
2016.05.25 22:41:23.242,0.93673,0.93714,2.25,1.12
2016.05.25 22:41:23.394,0.93677,0.93721,1.12,3.00
2016.05.25 22:41:23.545,0.9368,0.93719,1.12,1.00
2016.05.25 22:41:24.125,0.93683,0.93727,1.87,1.87
2016.05.25 22:41:24.276,0.93686,0.93729,1.75,1.50
2016.05.25 22:41:26.198,0.93686,0.93721,1.75,1.00
2016.05.25 22:41:26.249,0.9369,0.93721,1.00,1.00
2016.05.25 22:41:26.612,0.93687,0.93727,1.75,1.75
2016.05.25 22:41:29.668,0.93687,0.93731,1.75,1.75
2016.05.25 22:41:29.719,0.93687,0.93732,1.75,1.75
2016.05.25 22:41:33.558,0.93688,0.93729,1.12,1.00
2016.05.25 22:41:38.366,0.93687,0.93733,1.75,1.87
2016.05.25 22:41:38.927,0.93687,0.93733,1.75,1.87
2016.05.25 22:42:00.285,0.9369,0.93733,1.37,1.75
2016.05.25 22:42:04.193,0.93691,0.93733,1.12,1.75
2016.05.25 22:42:04.470,0.93695,0.93731,1.00,1.00
2016.05.25 22:42:10.333,0.93695,0.93731,1.37,1.00
2016.05.25 22:42:10.484,0.93696,0.93736,1.12,1.75
2016.05.25 22:42:10.585,0.93694,0.93734,1.87,1.37
2016.05.25 22:42:10.686,0.93694,0.93737,1.37,3.00
2016.05.25 22:42:10.837,0.93692,0.93733,1.37,1.75
2016.05.25 22:42:10.988,0.9369,0.93732,1.12,1.00
2016.05.25 22:42:15.772,0.93692,0.93731,1.87,1.00
2016.05.25 22:42:20.371,0.93691,0.93732,1.87,1.12
2016.05.25 22:42:23.658,0.93691,0.93731,1.75,1.00
2016.05.25 22:42:23.810,0.93694,0.9373,1.00,1.00
2016.05.25 22:42:28.258,0.93694,0.9373,1.37,1.00
2016.05.25 22:42:28.762,0.93694,0.9373,1.00,1.00
2016.05.25 22:42:29.838,0.937,0.93736,1.00,1.75
2016.05.25 22:42:29.889,0.937,0.9374,1.00,1.75
2016.05.25 22:42:29.940,0.93698,0.93737,1.12,1.00
2016.05.25 22:42:30.091,0.93705,0.93741,1.00,1.00
2016.05.25 22:42:49.627,0.93705,0.93747,1.37,1.75
2016.05.25 22:42:50.174,0.93705,0.93747,1.12,1.75
2016.05.25 22:43:00.248,0.93698,0.93743,3.75,1.75
2016.05.25 22:43:00.298,0.93699,0.93743,1.75,1.75
2016.05.25 22:43:04.857,0.93702,0.93747,1.12,1.75
2016.05.25 22:43:04.908,0.93706,0.93742,1.00,1.00
2016.05.25 22:43:20.430,0.93706,0.93743,1.00,1.00
2016.05.25 22:43:28.074,0.93701,0.93748,1.75,1.75
2016.05.25 22:43:28.595,0.93704,0.93749,1.75,1.75
2016.05.25 22:43:38.916,0.93711,0.93748,1.00,1.00
2016.05.25 22:43:39.350,0.93711,0.93746,1.00,1.00
2016.05.25 22:43:40.279,0.93705,0.93746,1.75,1.37
2016.05.25 22:43:40.329,0.93709,0.93745,1.00,1.00
2016.05.25 22:43:55.116,0.93707,0.93753,1.75,1.75
2016.05.25 22:43:55.166,0.93707,0.93755,1.75,2.25
2016.05.25 22:43:55.217,0.93708,0.93749,1.75,1.37
2016.05.25 22:43:55.678,0.93708,0.93745,1.75,1.00
2016.05.25 22:43:55.779,0.93702,0.93745,1.87,1.75
2016.05.25 22:44:10.051,0.93699,0.9374,2.25,1.37
2016.05.25 22:44:10.102,0.93697,0.93737,2.62,1.12
2016.05.25 22:44:10.304,0.93697,0.93742,1.75,1.75
2016.05.25 22:44:11.051,0.93698,0.93743,1.12,3.00
2016.05.25 22:44:11.102,0.93703,0.93739,1.00,1.00
2016.05.25 22:44:11.253,0.93702,0.93748,1.87,3.75
2016.05.25 22:44:11.304,0.93702,0.93748,1.87,1.75
2016.05.25 22:44:18.801,0.93699,0.93743,1.75,1.75
2016.05.25 22:44:19.104,0.937,0.93748,1.75,3.00
2016.05.25 22:44:25.942,0.93701,0.93739,1.75,1.00
2016.05.25 22:44:26.043,0.93696,0.93739,1.75,1.50
2016.05.25 22:44:26.093,0.93695,0.93737,1.37,1.50
2016.05.25 22:44:26.144,0.93695,0.93737,1.87,1.75
2016.05.25 22:44:26.295,0.93699,0.93741,1.75,3.00
2016.05.25 22:44:26.597,0.93699,0.93746,1.12,1.75
2016.05.25 22:44:29.580,0.937,0.93745,1.12,1.75
2016.05.25 22:44:29.631,0.937,0.93745,1.12,1.75
2016.05.25 22:44:29.782,0.937,0.93745,1.12,1.75
2016.05.25 22:44:29.833,0.937,0.93745,1.12,1.75
2016.05.25 22:44:30.743,0.93702,0.9375,1.75,1.75
2016.05.25 22:44:31.055,0.93703,0.93749,1.75,1.75
2016.05.25 22:44:31.106,0.93708,0.93744,1.00,1.00
2016.05.25 22:44:31.282,0.93699,0.93746,1.75,1.75
2016.05.25 22:44:31.333,0.93698,0.93746,3.37,1.75
2016.05.25 22:44:31.384,0.93702,0.93749,1.75,2.25
2016.05.25 22:44:31.434,0.93708,0.93744,1.00,1.00
2016.05.25 22:44:31.679,0.93703,0.93749,1.75,1.75
2016.05.25 22:44:32.294,0.93703,0.93749,1.75,1.75
2016.05.25 22:44:33.134,0.93702,0.9375,1.87,2.25
2016.05.25 22:44:33.185,0.93702,0.9375,1.87,1.75
2016.05.25 22:44:33.240,0.93708,0.93744,1.00,1.00
2016.05.25 22:44:33.290,0.93706,0.9375,1.12,1.75
2016.05.25 22:44:33.542,0.93706,0.93749,1.12,1.75
2016.05.25 22:44:33.593,0.93706,0.93749,1.12,1.75
2016.05.25 22:44:33.643,0.93711,0.93747,1.00,1.00
2016.05.25 22:44:33.795,0.93705,0.93749,1.12,1.75
2016.05.25 22:44:33.846,0.93705,0.93749,1.12,1.75
2016.05.25 22:44:34.703,0.93703,0.9374,1.75,1.00
2016.05.25 22:44:34.754,0.93705,0.93738,1.00,1.00
2016.05.25 22:44:34.805,0.937,0.93736,1.37,1.37
2016.05.25 22:44:34.856,0.93697,0.93736,1.00,1.75
2016.05.25 22:44:35.057,0.93694,0.93736,1.75,1.50
2016.05.25 22:44:35.209,0.93694,0.93739,1.75,2.25
2016.05.25 22:44:35.740,0.93694,0.9374,1.75,1.75
2016.05.25 22:44:36.080,0.93694,0.93739,1.37,2.25
2016.05.25 22:44:36.132,0.93693,0.93729,1.12,1.00
2016.05.25 22:44:36.183,0.93693,0.93734,1.37,1.75
2016.05.25 22:44:36.233,0.93697,0.93733,1.00,1.00
2016.05.25 22:44:37.914,0.93691,0.93736,1.75,2.25
2016.05.25 22:44:38.166,0.93699,0.93735,1.00,1.00
2016.05.25 22:44:38.991,0.93692,0.93732,1.75,1.37
2016.05.25 22:44:39.042,0.93692,0.93732,1.75,1.75
2016.05.25 22:44:39.092,0.93688,0.9373,1.75,1.75
2016.05.25 22:44:39.222,0.9369,0.93726,1.00,1.00
2016.05.25 22:44:43.601,0.93688,0.93733,1.75,1.75
2016.05.25 22:44:43.652,0.93688,0.93732,1.75,1.75
2016.05.25 22:44:43.702,0.93688,0.93732,1.75,1.75
2016.05.25 22:44:43.753,0.93688,0.93731,1.75,1.75
2016.05.25 22:44:45.810,0.9369,0.93735,1.12,1.75
2016.05.25 22:44:45.861,0.9369,0.93735,1.12,1.75
2016.05.25 22:44:46.711,0.93686,0.9373,2.25,2.25
2016.05.25 22:44:46.761,0.93684,0.9373,1.87,2.25
2016.05.25 22:44:47.013,0.93689,0.93733,1.87,2.25
2016.05.25 22:44:47.064,0.93692,0.93728,1.00,1.00
2016.05.25 22:44:49.609,0.93689,0.93735,1.87,3.00
2016.05.25 22:44:49.660,0.93695,0.93731,1.00,1.00
2016.05.25 22:45:00.827,0.93688,0.93731,1.75,1.50
2016.05.25 22:45:00.877,0.93688,0.93729,1.00,1.75
2016.05.25 22:45:10.640,0.93682,0.9373,1.75,2.25
2016.05.25 22:45:10.742,0.93682,0.93729,1.75,1.75
2016.05.25 22:45:14.893,0.93681,0.93729,1.75,1.87
2016.05.25 22:45:18.274,0.93682,0.93727,1.75,2.25
2016.05.25 22:45:18.333,0.93682,0.93727,1.75,2.25
2016.05.25 22:45:29.711,0.93691,0.93726,1.12,1.00
2016.05.25 22:45:29.762,0.93696,0.93726,1.00,1.00
2016.05.25 22:45:29.813,0.93696,0.93732,1.12,1.00
2016.05.25 22:45:29.914,0.93696,0.93737,1.75,1.75
2016.05.25 22:45:49.614,0.93691,0.93739,3.75,1.75
2016.05.25 22:45:49.665,0.93691,0.93739,3.75,1.75
2016.05.25 22:46:00.657,0.93692,0.93738,1.75,1.75
2016.05.25 22:46:06.444,0.93691,0.93739,3.75,1.75
2016.05.25 22:46:06.495,0.93691,0.93739,3.75,1.75
2016.05.25 22:46:27.874,0.93692,0.93738,2.25,1.75
2016.05.25 22:46:31.566,0.93692,0.93737,2.25,1.75
2016.05.25 22:46:31.617,0.93692,0.93737,2.25,1.75
2016.05.25 22:46:47.691,0.93693,0.93738,1.75,1.75
2016.05.25 22:46:48.195,0.93692,0.93738,2.25,1.75
2016.05.25 22:46:49.117,0.93693,0.93739,2.25,1.75
2016.05.25 22:47:19.274,0.93693,0.93736,1.75,1.37
2016.05.25 22:47:19.426,0.9369,0.93736,1.75,2.25
2016.05.25 22:47:19.577,0.9369,0.93736,1.75,1.75
2016.05.25 22:47:19.628,0.93697,0.93734,1.00,1.00
2016.05.25 22:47:19.980,0.9369,0.93732,1.75,1.87
2016.05.25 22:47:20.232,0.93691,0.93727,1.00,1.00
2016.05.25 22:47:20.407,0.93685,0.93731,1.75,1.75
2016.05.25 22:47:20.458,0.93685,0.93731,1.75,1.75
2016.05.25 22:47:29.395,0.93691,0.93728,1.87,1.75
2016.05.25 22:47:29.549,0.93694,0.93736,1.75,1.75
2016.05.25 22:47:29.701,0.93694,0.93734,1.75,1.00
2016.05.25 22:47:46.724,0.93694,0.93735,1.75,1.00
2016.05.25 22:47:46.977,0.93704,0.9374,1.00,1.00
2016.05.25 22:47:47.958,0.93701,0.93738,1.00,1.00
2016.05.25 22:47:49.129,0.93697,0.93742,1.75,1.75
2016.05.25 22:47:49.280,0.93698,0.93746,1.75,1.75
2016.05.25 22:47:49.431,0.93698,0.93746,3.00,1.75
2016.05.25 22:47:50.104,0.93699,0.93745,3.75,1.75
2016.05.25 22:48:01.085,0.937,0.93745,1.75,1.75
2016.05.25 22:48:01.287,0.93706,0.93742,1.00,1.00
2016.05.25 22:48:01.856,0.937,0.93744,1.75,1.75
2016.05.25 22:48:01.906,0.93703,0.93739,1.00,1.00
2016.05.25 22:48:02.015,0.93696,0.93741,1.75,1.75
2016.05.25 22:48:06.396,0.93695,0.93742,1.75,1.75
2016.05.25 22:48:06.697,0.93699,0.93746,1.75,1.87
2016.05.25 22:48:06.798,0.93704,0.93747,1.75,2.25
2016.05.25 22:48:09.996,0.93704,0.9374,1.00,1.00
2016.05.25 22:48:10.097,0.93706,0.9374,1.00,1.00
2016.05.25 22:48:10.434,0.93705,0.93753,1.75,1.75
2016.05.25 22:48:13.628,0.93708,0.93744,1.00,1.00
2016.05.25 22:48:19.433,0.93709,0.93744,1.00,1.50
2016.05.25 22:48:20.087,0.93709,0.93743,1.00,1.00
2016.05.25 22:48:20.545,0.93708,0.93741,1.00,1.00
2016.05.25 22:48:25.237,0.93709,0.93741,1.00,1.00
2016.05.25 22:48:25.825,0.93708,0.93741,1.50,1.00
2016.05.25 22:48:26.436,0.93709,0.93741,1.00,1.50
2016.05.25 22:48:26.737,0.93709,0.93739,1.00,1.00
2016.05.25 22:48:27.288,0.93709,0.9374,1.00,1.00
2016.05.25 22:48:30.218,0.93714,0.9374,1.00,1.12
2016.05.25 22:48:30.330,0.93709,0.9374,1.00,1.12
2016.05.25 22:48:31.105,0.93708,0.9374,1.00,1.12
2016.05.25 22:48:33.895,0.93708,0.93739,1.00,1.00
2016.05.25 22:48:34.405,0.93709,0.93739,1.00,1.00
2016.05.25 22:48:35.212,0.93709,0.93741,1.00,1.37
2016.05.25 22:48:35.565,0.93706,0.93743,1.12,1.75
2016.05.25 22:48:35.767,0.93702,0.93739,1.75,1.00
2016.05.25 22:48:35.968,0.93698,0.9373,1.37,1.00
2016.05.25 22:48:36.119,0.93698,0.93735,1.37,1.50
2016.05.25 22:48:36.717,0.93701,0.93738,1.00,1.75
2016.05.25 22:48:37.118,0.93703,0.93739,1.00,1.75
2016.05.25 22:48:37.708,0.93702,0.9374,1.00,1.75
2016.05.25 22:48:38.301,0.93701,0.93738,1.00,1.75
2016.05.25 22:48:44.007,0.937,0.93738,1.00,1.75
2016.05.25 22:48:44.607,0.93699,0.9374,1.12,2.25
2016.05.25 22:48:46.457,0.93699,0.93741,1.75,1.75
2016.05.25 22:48:49.159,0.93699,0.93739,1.87,1.75
2016.05.25 22:48:58.121,0.93699,0.93743,2.25,3.37
2016.05.25 22:48:58.172,0.937,0.93743,1.12,1.75
2016.05.25 22:48:58.272,0.937,0.93743,1.12,1.75
2016.05.25 22:49:19.120,0.93703,0.93744,1.12,1.50
2016.05.25 22:49:24.481,0.93702,0.93742,1.12,1.00
2016.05.25 22:49:24.990,0.937,0.9374,1.37,1.37
2016.05.25 22:49:25.040,0.937,0.9374,1.37,1.75
2016.05.25 22:49:39.825,0.93699,0.93737,1.37,1.75
2016.05.25 22:49:39.876,0.93699,0.93737,1.00,1.75
2016.05.25 22:49:39.927,0.93695,0.93737,1.87,1.75
2016.05.25 22:49:40.078,0.93695,0.93729,1.12,1.00
2016.05.25 22:49:40.230,0.93684,0.93728,3.00,1.75
2016.05.25 22:49:40.390,0.93688,0.93729,1.37,1.75
2016.05.25 22:49:40.541,0.93694,0.9373,1.00,1.00
2016.05.25 22:49:40.642,0.93692,0.93732,1.12,1.12
2016.05.25 22:49:40.743,0.93691,0.93728,1.00,1.00
2016.05.25 22:49:41.254,0.93691,0.93728,1.37,1.00
2016.05.25 22:49:41.718,0.93691,0.93735,1.12,1.75
2016.05.25 22:49:41.834,0.93692,0.93735,1.12,1.75
2016.05.25 22:49:49.846,0.93698,0.93734,1.00,1.00
2016.05.25 22:49:50.170,0.93693,0.93736,1.12,1.87
2016.05.25 22:50:00.428,0.93691,0.93735,1.12,2.25
2016.05.25 22:50:00.479,0.93691,0.93734,1.87,1.37
2016.05.25 22:50:00.745,0.93692,0.93733,1.75,3.00
2016.05.25 22:50:00.796,0.93689,0.93733,1.75,2.25
2016.05.25 22:50:00.846,0.93688,0.93731,1.87,2.25
2016.05.25 22:50:00.897,0.9369,0.93726,1.00,1.00
2016.05.25 22:50:01.048,0.9369,0.93733,1.87,2.62
2016.05.25 22:50:01.099,0.93691,0.93732,1.12,1.37
2016.05.25 22:50:16.728,0.93691,0.93727,1.12,1.12
2016.05.25 22:50:16.778,0.93691,0.93727,1.37,1.12
2016.05.25 22:50:16.879,0.93692,0.93732,1.37,1.37
2016.05.25 22:50:16.930,0.93692,0.93732,1.12,1.87
2016.05.25 22:50:16.981,0.93692,0.93732,1.12,1.50
2016.05.25 22:50:17.031,0.93693,0.93729,1.00,1.00
2016.05.25 22:50:31.745,0.93693,0.93728,1.00,1.00
2016.05.25 22:50:32.353,0.93693,0.93729,1.00,1.50
2016.05.25 22:50:36.148,0.93688,0.93729,1.87,1.50
2016.05.25 22:50:36.199,0.93688,0.93729,1.87,1.75
2016.05.25 22:50:39.377,0.93688,0.93729,1.87,1.75
2016.05.25 22:50:39.428,0.93693,0.9373,1.37,1.75
2016.05.25 22:50:39.529,0.93694,0.93731,1.50,1.75
2016.05.25 22:50:39.631,0.93699,0.93734,1.00,1.37
2016.05.25 22:50:39.984,0.93699,0.93736,1.00,2.25
2016.05.25 22:50:40.516,0.93698,0.93734,1.00,2.25
2016.05.25 22:50:40.678,0.93694,0.93731,1.50,1.75
2016.05.25 22:50:41.017,0.93699,0.93734,1.00,1.75
2016.05.25 22:50:43.823,0.93694,0.9373,1.50,1.50
2016.05.25 22:50:43.873,0.93694,0.93727,1.12,1.12
2016.05.25 22:50:45.175,0.93694,0.93726,1.00,1.00
2016.05.25 22:50:47.029,0.93694,0.93725,1.00,1.00
2016.05.25 22:50:47.929,0.93693,0.93725,1.00,1.00
2016.05.25 22:50:48.452,0.93693,0.93726,1.00,1.00
2016.05.25 22:50:51.904,0.93694,0.93726,1.00,1.00
2016.05.25 22:50:52.412,0.93694,0.93725,1.00,1.00
2016.05.25 22:50:55.843,0.93694,0.93726,1.00,1.00
2016.05.25 22:50:56.374,0.93694,0.93725,1.00,1.00
2016.05.25 22:51:07.023,0.93689,0.93725,2.62,1.00
2016.05.25 22:51:09.910,0.93694,0.93725,1.00,1.00
2016.05.25 22:51:17.817,0.93693,0.93725,1.00,1.00
2016.05.25 22:51:17.969,0.93694,0.93728,1.50,1.00
2016.05.25 22:51:18.553,0.93694,0.93727,1.50,1.00
2016.05.25 22:51:19.214,0.93694,0.93728,1.50,1.00
2016.05.25 22:51:21.162,0.93694,0.93725,1.50,1.00
2016.05.25 22:51:21.665,0.93693,0.93724,1.00,1.00
2016.05.25 22:51:25.127,0.93689,0.93724,1.75,1.00
2016.05.25 22:51:27.476,0.93693,0.93726,1.00,1.12
2016.05.25 22:51:28.188,0.93693,0.93727,1.12,1.00
2016.05.25 22:51:28.714,0.93693,0.93726,1.12,1.00
2016.05.25 22:51:29.509,0.93693,0.93727,1.12,1.00
2016.05.25 22:51:30.936,0.93693,0.93726,1.12,1.00
2016.05.25 22:51:31.463,0.93693,0.93728,1.12,1.00
2016.05.25 22:51:32.139,0.93693,0.93727,1.12,1.00
2016.05.25 22:51:32.666,0.93693,0.93728,1.12,1.00
2016.05.25 22:51:33.523,0.93693,0.93727,1.12,1.00
2016.05.25 22:51:34.134,0.93693,0.93728,1.12,1.00
2016.05.25 22:51:34.718,0.93693,0.93726,1.12,1.00
2016.05.25 22:51:35.242,0.93693,0.93727,1.12,1.00
2016.05.25 22:51:36.351,0.93693,0.93728,1.12,1.00
2016.05.25 22:51:36.876,0.93693,0.93727,1.12,1.00
2016.05.25 22:51:38.758,0.93693,0.93728,1.12,1.00
2016.05.25 22:51:39.548,0.93693,0.93726,1.12,1.00
2016.05.25 22:51:39.922,0.93693,0.93728,1.12,1.00
2016.05.25 22:51:40.462,0.93693,0.93726,1.12,1.00
2016.05.25 22:51:41.023,0.93693,0.93728,1.12,1.00
2016.05.25 22:51:41.680,0.93693,0.93726,1.12,1.00
2016.05.25 22:51:42.370,0.93693,0.93727,1.12,1.00
2016.05.25 22:51:43.566,0.93693,0.93728,1.12,1.00
2016.05.25 22:51:44.074,0.93693,0.93726,1.12,1.00
2016.05.25 22:51:44.749,0.93693,0.93728,1.12,1.00
2016.05.25 22:51:45.227,0.93693,0.93726,1.12,1.00
2016.05.25 22:51:45.828,0.93693,0.93728,1.12,1.00
2016.05.25 22:51:46.447,0.93693,0.93726,1.12,1.00
2016.05.25 22:51:47.129,0.93693,0.93727,1.12,1.00
2016.05.25 22:51:47.648,0.93693,0.93726,1.12,1.00
2016.05.25 22:51:48.335,0.93693,0.93728,1.12,1.00
2016.05.25 22:51:48.831,0.93693,0.93726,1.12,1.00
2016.05.25 22:51:49.432,0.93693,0.93728,1.12,1.00
2016.05.25 22:51:50.028,0.93693,0.93728,1.12,1.50
2016.05.25 22:51:51.233,0.93693,0.93726,1.12,1.00
2016.05.25 22:51:51.834,0.93693,0.93728,1.12,1.50
2016.05.25 22:51:59.211,0.93693,0.93728,1.50,1.50
2016.05.25 22:52:00.916,0.93693,0.93729,1.50,1.75
2016.05.25 22:52:03.618,0.93693,0.93728,1.50,1.50
2016.05.25 22:52:05.066,0.93698,0.93728,1.00,1.50
2016.05.25 22:52:06.277,0.93694,0.93728,1.00,1.50
2016.05.25 22:52:06.968,0.93699,0.93727,1.00,1.12
2016.05.25 22:52:08.100,0.93693,0.93728,1.12,1.50
2016.05.25 22:52:08.750,0.93693,0.9373,1.00,1.75
2016.05.25 22:52:14.750,0.93693,0.93729,1.37,1.75
2016.05.25 22:52:15.087,0.93697,0.93731,1.00,1.75
2016.05.25 22:52:15.289,0.93699,0.93732,1.50,1.50
2016.05.25 22:52:15.710,0.93704,0.93735,1.00,1.37
2016.05.25 22:52:17.360,0.93709,0.93739,1.00,1.75
2016.05.25 22:52:17.421,0.93705,0.93737,1.12,1.75
2016.05.25 22:52:17.522,0.93704,0.93737,1.12,1.50
2016.05.25 22:52:17.573,0.93703,0.93734,1.37,1.00
2016.05.25 22:52:17.639,0.93701,0.93734,1.87,1.00
2016.05.25 22:52:17.759,0.93702,0.93736,1.37,1.75
2016.05.25 22:52:17.816,0.93702,0.93736,1.12,1.75
2016.05.25 22:52:18.282,0.937,0.93737,1.05,1.75
2016.05.25 22:52:18.447,0.937,0.93732,1.05,1.00
2016.05.25 22:52:18.809,0.93701,0.93732,1.05,1.00
2016.05.25 22:52:19.411,0.93701,0.93732,1.12,1.00
2016.05.25 22:52:20.739,0.93699,0.93732,1.00,1.00
2016.05.25 22:52:21.273,0.93697,0.93732,1.00,1.00
2016.05.25 22:52:22.477,0.93698,0.93732,1.00,1.00
2016.05.25 22:52:23.099,0.93697,0.93732,1.00,1.00
2016.05.25 22:52:24.208,0.93696,0.93732,1.87,1.00
2016.05.25 22:52:24.259,0.93698,0.93732,1.37,1.00
2016.05.25 22:52:24.360,0.937,0.93737,1.37,1.00
2016.05.25 22:52:24.901,0.93697,0.93736,1.75,1.75
2016.05.25 22:52:25.265,0.93693,0.93732,1.75,1.50
2016.05.25 22:52:25.366,0.93691,0.93732,1.87,1.75
2016.05.25 22:52:25.572,0.93689,0.93732,2.62,1.75
2016.05.25 22:52:26.005,0.93688,0.93726,1.12,1.00
2016.05.25 22:52:26.106,0.93687,0.93726,1.00,1.75
2016.05.25 22:52:30.781,0.93686,0.93726,1.12,1.75
2016.05.25 22:52:31.851,0.93687,0.93726,1.00,1.75
2016.05.25 22:52:32.667,0.93687,0.93726,1.37,1.50
2016.05.25 22:52:32.724,0.93687,0.93726,1.12,1.50
2016.05.25 22:52:43.291,0.93685,0.93726,1.87,1.75
2016.05.25 22:52:43.596,0.93685,0.93721,1.37,1.00
2016.05.25 22:52:47.569,0.93685,0.93721,1.00,1.00
2016.05.25 22:52:51.849,0.93689,0.93721,1.00,1.00
2016.05.25 22:52:53.646,0.93689,0.93726,1.12,1.12
2016.05.25 22:52:54.049,0.93689,0.93729,1.87,1.12
2016.05.25 22:52:54.450,0.9369,0.93729,1.75,1.00
2016.05.25 22:53:00.213,0.93693,0.93728,1.12,1.00
2016.05.25 22:53:00.314,0.93688,0.93727,1.12,1.87
2016.05.25 22:53:00.895,0.93688,0.93727,1.37,1.75
2016.05.25 22:53:02.035,0.93692,0.93729,1.00,1.12
2016.05.25 22:53:02.086,0.93693,0.93726,1.00,1.00
2016.05.25 22:53:02.137,0.93694,0.93732,1.50,1.50
2016.05.25 22:53:02.187,0.93694,0.93732,1.87,1.50
2016.05.25 22:53:08.034,0.93693,0.93732,1.75,1.87
2016.05.25 22:53:08.085,0.93691,0.93727,1.50,1.00
2016.05.25 22:53:08.951,0.93689,0.93728,1.37,1.12
2016.05.25 22:53:09.002,0.93689,0.93728,1.00,1.12
2016.05.25 22:53:14.254,0.93689,0.9373,1.37,1.12
2016.05.25 22:53:14.565,0.93694,0.93729,1.00,1.37
2016.05.25 22:53:15.073,0.93693,0.93729,1.12,1.37
2016.05.25 22:53:15.376,0.9369,0.93726,1.37,1.12
2016.05.25 22:53:15.426,0.9369,0.93726,1.37,1.50
2016.05.25 22:53:15.477,0.93694,0.93731,1.00,1.75
2016.05.25 22:53:15.720,0.93691,0.93727,1.00,1.75
2016.05.25 22:53:16.537,0.9369,0.93727,1.12,1.75
2016.05.25 22:53:17.045,0.93691,0.93727,1.00,1.75
2016.05.25 22:53:17.276,0.93693,0.9373,1.00,1.12
2016.05.25 22:53:17.716,0.93691,0.93727,1.00,1.75
2016.05.25 22:53:17.767,0.93691,0.93727,1.50,1.75
2016.05.25 22:53:18.738,0.93691,0.93727,1.50,1.75
2016.05.25 22:53:19.039,0.93691,0.93727,1.50,1.75
2016.05.25 22:53:19.719,0.93692,0.93727,1.37,1.75
2016.05.25 22:53:20.423,0.93692,0.93727,1.12,1.75
2016.05.25 22:53:21.721,0.93693,0.93727,1.00,1.75
2016.05.25 22:53:26.416,0.93694,0.93729,1.00,1.75
2016.05.25 22:53:29.935,0.93692,0.93727,1.12,1.75
2016.05.25 22:53:30.219,0.93694,0.93727,1.00,1.75
2016.05.25 22:53:34.041,0.93694,0.93727,1.00,1.00
2016.05.25 22:53:38.035,0.93693,0.93727,1.50,1.00
2016.05.25 22:53:39.585,0.93694,0.93727,1.00,1.00
2016.05.25 22:53:42.999,0.93694,0.93728,1.50,1.00
2016.05.25 22:53:44.955,0.93694,0.93726,1.00,1.00
2016.05.25 22:53:47.755,0.93694,0.93725,1.00,1.00
2016.05.25 22:53:47.906,0.93692,0.93725,1.00,1.00
2016.05.25 22:53:47.957,0.93688,0.93723,1.12,1.00
2016.05.25 22:53:48.685,0.93686,0.93721,1.75,1.00
2016.05.25 22:53:49.397,0.93688,0.93721,1.00,1.00
2016.05.25 22:53:49.907,0.93688,0.93722,1.00,1.00
2016.05.25 22:53:51.374,0.93688,0.93721,1.00,1.00
2016.05.25 22:53:51.908,0.93683,0.93722,1.75,1.50
2016.05.25 22:53:53.967,0.9368,0.93719,1.75,1.00
2016.05.25 22:53:54.018,0.9368,0.93719,1.75,1.37
2016.05.25 22:53:54.220,0.93675,0.93711,1.87,1.00
2016.05.25 22:53:57.347,0.93674,0.93715,1.75,1.87
2016.05.25 22:53:57.448,0.93674,0.93714,1.50,1.12
2016.05.25 22:53:57.499,0.93674,0.93713,1.50,1.12
2016.05.25 22:53:57.621,0.93672,0.93706,1.12,1.00
2016.05.25 22:53:57.722,0.93669,0.93706,1.12,1.75
2016.05.25 22:53:58.226,0.93669,0.93706,1.00,1.87
2016.05.25 22:54:00.530,0.93664,0.93703,1.87,1.50
2016.05.25 22:54:00.903,0.93664,0.93703,1.87,1.50
2016.05.25 22:54:01.106,0.93666,0.93704,1.00,1.75
2016.05.25 22:54:02.059,0.93664,0.937,1.12,1.00
2016.05.25 22:54:02.760,0.93664,0.93699,1.87,1.00
2016.05.25 22:54:03.398,0.93665,0.937,1.37,1.00
2016.05.25 22:54:04.061,0.93665,0.93701,1.37,1.12
2016.05.25 22:54:04.663,0.93664,0.937,1.87,1.00
2016.05.25 22:54:05.663,0.93664,0.93702,1.87,1.87
2016.05.25 22:54:09.125,0.93664,0.93702,1.12,1.37
2016.05.25 22:54:09.327,0.93668,0.93704,1.00,1.00
2016.05.25 22:54:15.638,0.93671,0.93707,1.00,1.00
2016.05.25 22:54:16.140,0.93665,0.93709,1.87,1.75
2016.05.25 22:54:19.176,0.93665,0.93705,1.00,1.50
2016.05.25 22:54:24.207,0.93665,0.93705,1.37,1.50
2016.05.25 22:54:26.212,0.93665,0.93705,1.12,1.50
2016.05.25 22:54:39.556,0.93665,0.93705,1.37,1.50
2016.05.25 22:54:39.858,0.93665,0.93709,1.87,1.75
2016.05.25 22:54:40.060,0.93669,0.93712,1.00,3.37
2016.05.25 22:54:40.568,0.93669,0.93709,1.87,1.00
2016.05.25 22:54:43.743,0.93669,0.93709,1.87,1.00
2016.05.25 22:54:45.164,0.93669,0.93709,1.37,1.00
2016.05.25 22:54:47.771,0.93669,0.93709,1.37,1.00
2016.05.25 22:54:48.452,0.93669,0.93709,1.37,1.00
2016.05.25 22:54:48.955,0.93669,0.93709,1.37,1.00
2016.05.25 22:54:49.510,0.93669,0.93709,1.37,1.00
2016.05.25 22:54:55.272,0.93669,0.93709,1.37,1.00
2016.05.25 22:54:55.861,0.93669,0.9371,1.12,1.75
2016.05.25 22:54:56.580,0.93669,0.9371,1.12,1.75
2016.05.25 22:54:56.837,0.9367,0.9371,1.00,1.75
2016.05.25 22:54:57.369,0.93669,0.9371,1.12,1.75
2016.05.25 22:55:00.317,0.9367,0.93711,1.00,1.87
2016.05.25 22:55:00.868,0.93669,0.93711,1.12,1.75
2016.05.25 22:55:04.845,0.93669,0.93711,1.12,1.87
2016.05.25 22:55:09.359,0.93669,0.93711,1.12,1.87
2016.05.25 22:55:10.144,0.93669,0.9371,1.12,1.12
2016.05.25 22:55:10.805,0.93668,0.93711,1.75,1.75
2016.05.25 22:55:20.872,0.93671,0.93712,1.37,1.00
2016.05.25 22:55:21.174,0.93673,0.93715,1.50,1.50
2016.05.25 22:55:21.275,0.93673,0.93715,1.87,1.50
2016.05.25 22:55:22.040,0.93676,0.93717,1.12,2.62
2016.05.25 22:55:22.141,0.93676,0.93716,1.37,1.12
2016.05.25 22:55:22.858,0.93676,0.93717,1.37,2.25
2016.05.25 22:55:24.233,0.93676,0.93716,1.37,1.00
2016.05.25 22:55:25.418,0.93674,0.93717,1.12,3.00
2016.05.25 22:55:30.178,0.93674,0.93715,1.12,1.00
2016.05.25 22:55:35.892,0.93674,0.93717,1.12,1.87
2016.05.25 22:55:40.386,0.93676,0.93718,1.12,1.12
2016.05.25 22:55:40.895,0.93676,0.93717,1.12,1.00
2016.05.25 22:55:51.080,0.93678,0.93718,1.12,1.12
2016.05.25 22:55:56.010,0.93678,0.93718,1.75,1.12
2016.05.25 22:56:00.398,0.93679,0.93719,1.75,1.50
2016.05.25 22:56:01.089,0.93679,0.93719,1.50,1.75
2016.05.25 22:56:11.254,0.93675,0.93716,1.12,1.75
2016.05.25 22:56:11.745,0.93679,0.93714,1.00,1.50
2016.05.25 22:56:12.047,0.93673,0.93709,1.00,1.12
2016.05.25 22:56:12.399,0.93669,0.93711,1.12,1.75
2016.05.25 22:56:12.500,0.93671,0.93714,1.00,2.25
2016.05.25 22:56:12.619,0.93673,0.93715,1.87,1.75
2016.05.25 22:56:12.829,0.93673,0.93712,1.00,1.12
2016.05.25 22:56:12.930,0.93669,0.93712,2.25,1.12
2016.05.25 22:56:17.481,0.93673,0.93715,1.87,1.75
2016.05.25 22:56:17.633,0.93681,0.93717,1.00,1.00
2016.05.25 22:56:17.684,0.93683,0.93718,1.00,1.00
2016.05.25 22:56:18.034,0.93685,0.93728,1.75,2.62
2016.05.25 22:56:18.556,0.93684,0.93721,1.75,1.00
2016.05.25 22:56:28.640,0.93685,0.93722,1.75,1.12
2016.05.25 22:56:29.653,0.93685,0.93722,1.12,1.75
2016.05.25 22:56:30.796,0.93685,0.93716,1.12,1.00
2016.05.25 22:56:30.916,0.93684,0.93723,1.37,1.87
2016.05.25 22:56:31.540,0.93681,0.93724,1.37,2.62
2016.05.25 22:56:31.590,0.93681,0.93716,1.00,1.00
2016.05.25 22:56:32.096,0.9368,0.93716,1.00,1.00
2016.05.25 22:56:35.382,0.93677,0.93722,1.75,1.12
2016.05.25 22:56:43.562,0.93685,0.93728,1.37,1.87
2016.05.25 22:56:43.612,0.93689,0.93728,1.50,1.87
2016.05.25 22:56:45.068,0.93688,0.93732,1.75,1.75
2016.05.25 22:56:45.466,0.93688,0.93732,1.75,1.75
2016.05.25 22:56:45.517,0.93688,0.93732,1.75,1.75
2016.05.25 22:56:45.567,0.93689,0.93733,1.75,1.75
2016.05.25 22:56:46.072,0.93693,0.93736,1.75,1.75
2016.05.25 22:56:46.313,0.93701,0.93737,1.00,1.50
2016.05.25 22:56:49.285,0.93701,0.93736,1.00,1.50
2016.05.25 22:56:49.386,0.93695,0.93732,1.00,1.00
2016.05.25 22:56:49.487,0.93689,0.93735,2.25,2.62
2016.05.25 22:57:09.598,0.93687,0.93732,1.75,2.25
2016.05.25 22:57:09.945,0.93691,0.93727,1.00,1.00
2016.05.25 22:57:29.539,0.93687,0.93731,1.75,1.12
2016.05.25 22:57:33.730,0.93685,0.9373,1.75,1.12
2016.05.25 22:57:33.817,0.93685,0.9373,1.75,1.12
2016.05.25 22:57:36.760,0.93687,0.93731,1.12,1.75
2016.05.25 22:57:36.861,0.93691,0.93727,1.00,1.00
2016.05.25 22:57:53.060,0.93688,0.93734,1.87,2.25
2016.05.25 22:57:53.216,0.93688,0.93734,1.87,2.25
2016.05.25 22:58:00.267,0.93688,0.93734,1.12,1.50
2016.05.25 22:58:12.469,0.93687,0.93735,1.00,1.50
2016.05.25 22:58:17.199,0.93688,0.93734,1.00,1.00
2016.05.25 22:58:17.795,0.93688,0.93734,1.37,1.00
2016.05.25 22:58:19.295,0.93692,0.93736,1.00,1.50
2016.05.25 22:58:19.496,0.93687,0.93732,1.00,1.00
2016.05.25 22:58:30.441,0.93686,0.93733,1.00,1.00
2016.05.25 22:58:32.129,0.93687,0.93731,1.00,1.00
2016.05.25 22:58:32.237,0.93679,0.93727,1.00,1.00
2016.05.25 22:58:32.738,0.9368,0.93724,1.00,1.00
2016.05.25 22:58:33.334,0.93679,0.93724,1.00,1.00
2016.05.25 22:58:33.863,0.93679,0.93725,1.00,1.00
2016.05.25 22:58:35.266,0.9368,0.93725,1.00,1.00
2016.05.25 22:58:35.843,0.9368,0.93726,1.00,1.00
2016.05.25 22:58:38.120,0.93679,0.93727,1.00,1.50
2016.05.25 22:58:45.274,0.9368,0.93726,1.00,1.00
2016.05.25 22:58:49.585,0.93678,0.93726,1.00,1.00
2016.05.25 22:58:55.595,0.93679,0.93726,1.00,1.50
2016.05.25 22:58:56.107,0.93679,0.93725,1.00,1.00
2016.05.25 22:58:57.470,0.93678,0.93726,1.00,2.25
2016.05.25 22:58:59.819,0.93679,0.93725,1.00,1.00
2016.05.25 22:59:09.565,0.93679,0.93724,1.00,1.00
2016.05.25 22:59:09.844,0.93677,0.93723,1.00,1.00
2016.05.25 22:59:14.610,0.93677,0.93722,1.00,1.00
2016.05.25 22:59:20.344,0.93676,0.93722,1.00,1.00
2016.05.25 22:59:20.885,0.93676,0.93722,1.37,1.00
2016.05.25 22:59:21.146,0.93681,0.93725,1.00,1.00
2016.05.25 22:59:21.771,0.93681,0.93724,1.00,1.00
2016.05.25 22:59:22.096,0.93681,0.93726,1.00,1.00
2016.05.25 22:59:22.761,0.9368,0.93727,1.00,1.00
2016.05.25 22:59:23.300,0.93681,0.93727,1.00,2.25
2016.05.25 22:59:26.113,0.93681,0.93725,1.00,1.00
2016.05.25 22:59:29.137,0.9368,0.93725,1.00,1.00
2016.05.25 22:59:29.697,0.93681,0.93725,1.00,1.00
2016.05.25 22:59:36.202,0.93681,0.93726,1.00,1.00
2016.05.25 22:59:36.580,0.93679,0.93725,1.00,1.00
2016.05.25 22:59:40.801,0.93678,0.93726,1.00,1.00
2016.05.25 22:59:46.269,0.93679,0.93725,1.00,1.00
2016.05.25 22:59:52.184,0.93678,0.93726,1.00,1.00
2016.05.25 22:59:52.860,0.93679,0.93725,1.00,1.00
2016.05.25 22:59:56.722,0.93678,0.93726,1.00,1.00
