2012.06.19 11:00:00.231,1.0378,1.03803,1.66,2.25
2012.06.19 11:00:00.543,1.03778,1.03801,1.66,1.50
2012.06.19 11:00:00.855,1.03778,1.03801,1.66,1.50
2012.06.19 11:00:00.986,1.0378,1.03801,2.25,1.50
2012.06.19 11:00:01.056,1.03783,1.03803,2.25,2.25
2012.06.19 11:00:01.425,1.03786,1.03808,2.25,3.75
2012.06.19 11:00:01.552,1.03786,1.03802,2.25,2.25
2012.06.19 11:00:01.959,1.03789,1.03811,1.50,2.40
2012.06.19 11:00:02.103,1.03792,1.03813,1.50,3.00
2012.06.19 11:00:02.232,1.0379,1.03813,1.50,3.00
2012.06.19 11:00:02.301,1.03788,1.03812,1.50,2.25
2012.06.19 11:00:02.432,1.03788,1.03812,2.25,2.25
2012.06.19 11:00:02.784,1.03793,1.03813,1.50,3.00
2012.06.19 11:00:03.314,1.03794,1.03818,1.50,2.25
2012.06.19 11:00:03.502,1.03796,1.0382,1.50,2.25
2012.06.19 11:00:03.813,1.03798,1.03822,1.50,2.25
2012.06.19 11:00:03.943,1.03795,1.03817,1.50,2.25
2012.06.19 11:00:04.614,1.03793,1.03815,1.50,1.50
2012.06.19 11:00:04.991,1.03797,1.03816,1.50,1.50
2012.06.19 11:00:05.070,1.03797,1.03819,1.50,2.25
2012.06.19 11:00:05.324,1.03795,1.03817,2.25,1.50
2012.06.19 11:00:05.516,1.03797,1.03819,3.01,1.50
2012.06.19 11:00:05.702,1.03799,1.03821,1.50,1.50
2012.06.19 11:00:05.833,1.03796,1.03818,2.41,1.50
2012.06.19 11:00:06.382,1.03796,1.03818,1.50,1.50
2012.06.19 11:00:07.262,1.03798,1.03818,2.25,1.50
2012.06.19 11:00:07.450,1.038,1.03822,1.50,3.00
2012.06.19 11:00:07.960,1.03799,1.03821,3.00,2.25
2012.06.19 11:00:08.497,1.03801,1.03823,1.50,2.85
2012.06.19 11:00:08.823,1.03796,1.0382,1.66,1.50
2012.06.19 11:00:09.140,1.03801,1.03822,1.50,2.25
2012.06.19 11:00:09.272,1.03799,1.03822,1.50,2.25
2012.06.19 11:00:09.581,1.03798,1.0382,1.66,1.50
2012.06.19 11:00:09.652,1.038,1.03822,1.50,3.00
2012.06.19 11:00:10.543,1.038,1.03812,1.50,2.25
2012.06.19 11:00:10.675,1.03792,1.03812,2.41,2.25
2012.06.19 11:00:10.802,1.03792,1.03812,2.25,2.25
2012.06.19 11:00:11.353,1.03794,1.03812,1.50,2.25
2012.06.19 11:00:12.213,1.03793,1.03812,1.50,2.25
2012.06.19 11:00:12.784,1.03794,1.03812,1.50,2.25
2012.06.19 11:00:13.792,1.03792,1.03812,3.75,2.25
2012.06.19 11:00:14.043,1.03792,1.03808,2.25,1.50
2012.06.19 11:00:14.232,1.03791,1.03812,2.41,2.25
2012.06.19 11:00:14.424,1.03789,1.03813,2.79,1.50
2012.06.19 11:00:14.851,1.03795,1.03818,1.29,1.50
2012.06.19 11:00:14.921,1.03794,1.03813,2.04,2.25
2012.06.19 11:00:15.172,1.03788,1.03811,3.31,3.00
2012.06.19 11:00:15.242,1.03788,1.03809,1.81,1.50
2012.06.19 11:00:15.733,1.03795,1.03809,1.35,1.50
2012.06.19 11:00:15.803,1.03795,1.03816,1.35,1.50
2012.06.19 11:00:15.990,1.03795,1.0382,2.25,2.25
2012.06.19 11:00:16.428,1.03794,1.03818,1.50,2.25
2012.06.19 11:00:16.702,1.03791,1.03817,2.79,1.50
2012.06.19 11:00:17.122,1.03794,1.03818,1.50,2.25
2012.06.19 11:00:17.478,1.03792,1.03816,2.25,1.50
2012.06.19 11:00:17.782,1.0379,1.03812,3.01,2.25
2012.06.19 11:00:17.913,1.0379,1.03812,2.26,2.25
2012.06.19 11:00:18.730,1.03789,1.03812,1.66,2.25
2012.06.19 11:00:19.500,1.03787,1.03811,2.41,1.50
2012.06.19 11:00:20.112,1.03788,1.03812,2.41,2.25
2012.06.19 11:00:22.264,1.03787,1.03812,1.66,3.75
2012.06.19 11:00:22.392,1.03787,1.03812,2.41,3.75
2012.06.19 11:00:26.213,1.0379,1.03815,2.25,1.50
2012.06.19 11:00:26.286,1.03786,1.03812,2.41,3.75
2012.06.19 11:00:26.601,1.03786,1.03809,1.29,1.50
2012.06.19 11:00:26.672,1.03791,1.03812,2.25,2.25
2012.06.19 11:00:27.364,1.03791,1.03815,1.13,2.25
2012.06.19 11:00:27.421,1.0379,1.03813,1.13,1.50
2012.06.19 11:00:28.263,1.0379,1.03812,1.29,1.50
2012.06.19 11:00:28.522,1.03791,1.03814,2.25,1.50
2012.06.19 11:00:28.663,1.03791,1.03814,2.85,1.50
2012.06.19 11:00:30.565,1.03792,1.03816,2.10,2.25
2012.06.19 11:00:30.694,1.03793,1.03816,1.51,1.50
2012.06.19 11:00:30.824,1.03793,1.03817,2.26,1.50
2012.06.19 11:00:30.893,1.03798,1.03816,2.10,1.50
2012.06.19 11:00:31.148,1.03793,1.03814,1.06,1.50
2012.06.19 11:00:31.282,1.03791,1.03813,2.26,1.50
2012.06.19 11:00:31.616,1.03791,1.03815,2.26,1.50
2012.06.19 11:00:31.683,1.03789,1.03813,3.46,3.75
2012.06.19 11:00:31.999,1.03789,1.0381,1.21,1.50
2012.06.19 11:00:32.343,1.03789,1.03808,1.21,1.50
2012.06.19 11:00:32.642,1.03786,1.03811,1.66,1.50
2012.06.19 11:00:32.890,1.03784,1.03809,2.26,1.50
2012.06.19 11:00:32.963,1.03784,1.03809,2.26,1.50
2012.06.19 11:00:34.024,1.03784,1.03809,1.66,1.50
2012.06.19 11:00:35.072,1.03784,1.03809,1.66,1.50
2012.06.19 11:00:35.663,1.03784,1.03809,1.66,1.50
2012.06.19 11:00:37.065,1.03784,1.03809,1.66,1.50
2012.06.19 11:00:38.031,1.03784,1.03809,2.41,1.50
2012.06.19 11:00:38.815,1.03783,1.03807,3.16,1.50
2012.06.19 11:00:39.364,1.03788,1.03808,2.41,1.50
2012.06.19 11:00:39.613,1.03788,1.03811,2.41,1.50
2012.06.19 11:00:40.274,1.03788,1.03809,2.41,1.50
2012.06.19 11:00:40.828,1.03788,1.03808,2.41,1.50
2012.06.19 11:00:41.202,1.03788,1.03812,3.91,3.75
2012.06.19 11:00:41.546,1.03785,1.03809,2.41,1.50
2012.06.19 11:00:42.128,1.03784,1.0381,3.16,1.50
2012.06.19 11:00:42.453,1.03784,1.03807,1.66,1.50
2012.06.19 11:00:42.523,1.03784,1.03809,3.16,1.50
2012.06.19 11:00:42.591,1.03784,1.03809,2.41,1.50
2012.06.19 11:00:43.146,1.03783,1.03808,1.29,1.50
2012.06.19 11:00:43.433,1.03781,1.03806,1.29,1.50
2012.06.19 11:00:43.935,1.03783,1.03807,1.66,1.50
2012.06.19 11:00:44.662,1.03783,1.03807,1.66,1.50
2012.06.19 11:00:45.282,1.03783,1.03807,1.66,1.50
2012.06.19 11:00:45.811,1.03783,1.03807,1.29,1.50
2012.06.19 11:00:46.121,1.03788,1.03809,2.25,1.50
2012.06.19 11:00:46.460,1.03788,1.03807,2.25,1.50
2012.06.19 11:00:46.985,1.03788,1.03808,2.25,1.50
2012.06.19 11:00:48.444,1.03788,1.03809,2.25,1.50
2012.06.19 11:00:48.514,1.03786,1.03809,2.25,1.50
2012.06.19 11:00:48.881,1.03783,1.03807,2.41,1.50
2012.06.19 11:00:49.202,1.03778,1.03802,4.66,2.25
2012.06.19 11:00:49.846,1.0378,1.03802,1.66,2.25
2012.06.19 11:00:50.170,1.03781,1.03802,1.14,2.25
2012.06.19 11:00:50.361,1.03783,1.03807,2.10,2.25
2012.06.19 11:00:50.431,1.03783,1.03807,2.85,2.25
2012.06.19 11:00:50.950,1.03785,1.03808,2.25,1.50
2012.06.19 11:00:51.682,1.03783,1.03804,2.41,1.50
2012.06.19 11:00:51.751,1.03783,1.03804,1.66,1.50
2012.06.19 11:00:52.002,1.03783,1.03801,1.66,1.50
2012.06.19 11:00:52.366,1.03778,1.03798,3.16,1.50
2012.06.19 11:00:52.543,1.03778,1.038,3.16,3.00
2012.06.19 11:00:52.702,1.03778,1.03802,4.66,3.75
2012.06.19 11:00:53.232,1.03778,1.03801,3.16,1.50
2012.06.19 11:00:53.770,1.03778,1.03802,3.16,2.25
2012.06.19 11:00:53.839,1.03778,1.03802,2.41,2.25
2012.06.19 11:00:54.970,1.03778,1.03802,4.66,3.75
2012.06.19 11:00:55.504,1.03778,1.03802,3.91,3.75
2012.06.19 11:00:55.570,1.03778,1.038,2.41,1.50
2012.06.19 11:00:55.944,1.03778,1.038,3.16,1.50
2012.06.19 11:00:56.483,1.03778,1.03801,4.66,1.50
2012.06.19 11:00:56.999,1.03778,1.038,3.16,1.50
2012.06.19 11:00:58.563,1.03778,1.03801,4.66,1.50
2012.06.19 11:00:59.086,1.03779,1.03805,2.41,1.50
2012.06.19 11:00:59.751,1.03782,1.03806,2.25,2.25
2012.06.19 11:00:59.821,1.03784,1.03806,1.50,2.25
2012.06.19 11:00:59.951,1.03782,1.03806,1.13,3.75
2012.06.19 11:01:00.084,1.03783,1.03807,1.66,1.50
2012.06.19 11:01:00.391,1.03787,1.03809,1.50,1.50
2012.06.19 11:01:00.642,1.03784,1.03808,1.66,1.50
2012.06.19 11:01:01.583,1.03784,1.03808,1.66,1.50
2012.06.19 11:01:02.072,1.03783,1.03805,1.66,1.50
2012.06.19 11:01:02.590,1.03781,1.03804,1.29,1.50
2012.06.19 11:01:03.800,1.03784,1.03808,1.66,1.50
2012.06.19 11:01:03.874,1.03784,1.03808,1.88,2.25
2012.06.19 11:01:04.173,1.03788,1.03807,2.25,1.50
2012.06.19 11:01:04.954,1.03788,1.03806,2.25,1.50
2012.06.19 11:01:05.824,1.03782,1.03806,1.66,1.50
2012.06.19 11:01:05.892,1.03781,1.03803,1.66,1.50
2012.06.19 11:01:06.635,1.03781,1.03803,2.04,1.50
2012.06.19 11:01:06.951,1.03778,1.03799,2.41,1.50
2012.06.19 11:01:07.330,1.03778,1.03802,4.66,3.75
2012.06.19 11:01:07.407,1.03778,1.03802,4.66,3.75
2012.06.19 11:01:08.342,1.03778,1.03799,3.16,1.50
2012.06.19 11:01:08.594,1.03778,1.03799,2.41,1.50
2012.06.19 11:01:08.982,1.03781,1.03802,2.25,1.50
2012.06.19 11:01:09.115,1.03782,1.03806,2.25,2.25
2012.06.19 11:01:09.650,1.03783,1.03805,1.50,1.50
2012.06.19 11:01:10.942,1.03782,1.03806,2.25,2.25
2012.06.19 11:01:11.387,1.03782,1.03806,2.25,2.25
2012.06.19 11:01:11.754,1.03785,1.03807,1.50,2.25
2012.06.19 11:01:11.823,1.03783,1.03805,1.50,2.25
2012.06.19 11:01:16.314,1.0378,1.03804,2.41,1.50
2012.06.19 11:01:16.681,1.03779,1.03801,3.91,1.50
2012.06.19 11:01:17.484,1.03781,1.03803,2.25,1.50
2012.06.19 11:01:18.344,1.03781,1.03804,2.25,2.25
2012.06.19 11:01:19.961,1.0378,1.03803,2.63,2.25
2012.06.19 11:01:20.151,1.03779,1.03801,2.41,1.50
2012.06.19 11:01:20.222,1.03777,1.03799,4.51,1.50
2012.06.19 11:01:20.732,1.03777,1.03799,4.51,1.50
2012.06.19 11:01:21.646,1.03777,1.03799,4.51,1.50
2012.06.19 11:01:21.719,1.03778,1.03802,2.41,1.50
2012.06.19 11:01:22.862,1.03778,1.03802,1.66,1.50
2012.06.19 11:01:22.935,1.03778,1.03802,2.41,1.50
2012.06.19 11:01:23.044,1.03778,1.03802,1.66,1.50
2012.06.19 11:01:23.113,1.03777,1.03799,6.01,1.50
2012.06.19 11:01:23.241,1.03779,1.03801,1.66,1.50
2012.06.19 11:01:23.513,1.03781,1.03803,1.50,2.25
2012.06.19 11:01:23.843,1.03779,1.03801,1.66,1.50
2012.06.19 11:01:25.154,1.03778,1.03799,2.41,1.50
2012.06.19 11:01:25.462,1.0377,1.03793,1.29,1.50
2012.06.19 11:01:25.593,1.0377,1.03793,1.29,1.50
2012.06.19 11:01:25.662,1.03778,1.03799,1.50,1.13
2012.06.19 11:01:25.972,1.03778,1.03795,2.25,1.50
2012.06.19 11:01:26.046,1.03778,1.03797,2.25,1.50
2012.06.19 11:01:26.463,1.03771,1.03793,1.29,1.50
2012.06.19 11:01:26.531,1.03771,1.03793,1.29,1.50
2012.06.19 11:01:27.025,1.03773,1.03795,1.66,1.50
2012.06.19 11:01:27.151,1.03773,1.03795,2.41,1.50
2012.06.19 11:01:28.912,1.03773,1.03795,1.50,1.50
2012.06.19 11:01:28.982,1.03771,1.03794,1.13,1.50
2012.06.19 11:01:29.647,1.03771,1.03794,1.13,1.50
2012.06.19 11:01:30.857,1.03771,1.03794,1.13,1.50
2012.06.19 11:01:32.463,1.03778,1.03794,2.25,1.50
2012.06.19 11:01:32.538,1.03778,1.038,2.25,1.50
2012.06.19 11:01:32.742,1.03778,1.03798,2.25,1.50
2012.06.19 11:01:33.046,1.03778,1.03795,2.25,1.50
2012.06.19 11:01:35.957,1.03773,1.03795,2.63,1.50
2012.06.19 11:01:36.562,1.03774,1.03797,2.25,1.50
2012.06.19 11:01:36.871,1.03778,1.038,3.75,3.00
2012.06.19 11:01:37.453,1.03778,1.03799,2.25,1.50
2012.06.19 11:01:38.075,1.03778,1.03798,2.25,1.50
2012.06.19 11:01:38.145,1.03778,1.03796,2.25,1.50
2012.06.19 11:01:38.506,1.03775,1.03794,1.13,1.50
2012.06.19 11:01:38.577,1.0377,1.03794,2.63,1.50
2012.06.19 11:01:38.943,1.03767,1.0379,1.35,1.50
2012.06.19 11:01:39.134,1.03767,1.03791,5.10,1.50
2012.06.19 11:01:39.203,1.03769,1.03793,1.50,3.75
2012.06.19 11:01:39.512,1.03771,1.03793,1.50,2.25
2012.06.19 11:01:39.642,1.03768,1.03793,1.50,3.75
2012.06.19 11:01:39.713,1.03768,1.03793,2.25,3.75
2012.06.19 11:01:39.964,1.03768,1.03793,1.50,3.75
2012.06.19 11:01:40.100,1.03768,1.03793,2.25,3.75
2012.06.19 11:01:40.352,1.03768,1.03793,1.50,3.75
2012.06.19 11:01:40.531,1.03766,1.03791,1.66,1.50
2012.06.19 11:01:41.385,1.03766,1.03791,1.66,1.50
2012.06.19 11:01:42.013,1.03766,1.03791,1.66,1.50
2012.06.19 11:01:42.551,1.03767,1.0379,1.66,1.50
2012.06.19 11:01:45.224,1.03765,1.03788,2.41,1.50
2012.06.19 11:01:48.550,1.03762,1.03787,3.75,1.50
2012.06.19 11:01:48.622,1.03762,1.03787,1.50,1.50
2012.06.19 11:01:49.283,1.03764,1.03788,1.50,1.50
2012.06.19 11:01:49.591,1.03766,1.03791,1.50,2.25
2012.06.19 11:01:50.141,1.03766,1.03791,2.25,2.25
2012.06.19 11:01:50.992,1.03766,1.03791,2.25,2.25
2012.06.19 11:01:51.651,1.03766,1.03791,2.25,2.25
2012.06.19 11:01:51.782,1.03765,1.03788,3.75,1.50
2012.06.19 11:01:52.338,1.03769,1.0379,1.50,1.50
2012.06.19 11:01:52.405,1.03769,1.03792,1.50,2.25
2012.06.19 11:01:52.474,1.03769,1.03792,2.25,2.25
2012.06.19 11:01:52.602,1.03772,1.03794,2.25,2.25
2012.06.19 11:01:52.733,1.03773,1.03797,1.50,3.00
2012.06.19 11:01:53.711,1.03772,1.03794,1.50,1.50
2012.06.19 11:01:55.273,1.03772,1.03793,1.50,2.25
2012.06.19 11:01:55.461,1.0377,1.03792,1.66,1.50
2012.06.19 11:01:56.033,1.03771,1.03793,1.50,2.25
2012.06.19 11:01:59.400,1.03769,1.03793,1.66,3.75
2012.06.19 11:02:00.022,1.03769,1.03793,1.66,3.75
2012.06.19 11:02:02.856,1.03769,1.03793,1.50,4.35
2012.06.19 11:02:03.175,1.03765,1.0379,1.66,3.00
2012.06.19 11:02:03.537,1.03764,1.03787,2.04,1.50
2012.06.19 11:02:03.934,1.03766,1.03789,1.66,1.50
2012.06.19 11:02:04.879,1.03763,1.03788,2.04,1.50
2012.06.19 11:02:05.409,1.03766,1.03789,1.50,1.50
2012.06.19 11:02:10.051,1.03763,1.03788,3.54,1.50
2012.06.19 11:02:10.313,1.03765,1.0379,2.41,2.25
2012.06.19 11:02:10.635,1.03764,1.03787,2.41,1.50
2012.06.19 11:02:10.944,1.03766,1.03789,2.41,3.00
2012.06.19 11:02:12.062,1.03767,1.03792,2.25,6.00
2012.06.19 11:02:12.622,1.03767,1.03792,2.25,4.50
2012.06.19 11:02:13.124,1.03764,1.03787,3.91,1.50
2012.06.19 11:02:13.193,1.03764,1.03787,1.66,1.50
2012.06.19 11:02:13.324,1.03764,1.03782,1.66,2.25
2012.06.19 11:02:13.514,1.03762,1.03785,2.79,1.50
2012.06.19 11:02:13.586,1.03762,1.03785,2.79,1.50
2012.06.19 11:02:13.712,1.03762,1.03787,2.63,2.25
2012.06.19 11:02:13.782,1.03763,1.03787,1.13,2.25
2012.06.19 11:02:14.853,1.03765,1.03788,2.41,1.50
2012.06.19 11:02:15.810,1.03763,1.03787,2.79,1.50
2012.06.19 11:02:16.313,1.03765,1.03788,2.25,1.50
2012.06.19 11:02:16.511,1.03766,1.03791,2.25,2.25
2012.06.19 11:02:17.154,1.03766,1.03791,2.25,2.25
2012.06.19 11:02:18.106,1.03765,1.03788,1.50,1.50
2012.06.19 11:02:19.056,1.03766,1.03791,1.50,2.25
2012.06.19 11:02:19.252,1.03763,1.03786,2.04,1.50
2012.06.19 11:02:19.386,1.03764,1.03789,1.66,2.25
2012.06.19 11:02:20.000,1.03763,1.03786,2.04,1.50
2012.06.19 11:02:20.532,1.03763,1.03786,2.04,1.50
2012.06.19 11:02:21.155,1.03763,1.03786,2.04,1.50
2012.06.19 11:02:21.221,1.03765,1.03788,1.50,1.50
2012.06.19 11:02:21.934,1.03765,1.03788,2.25,1.50
2012.06.19 11:02:22.295,1.03766,1.03791,2.25,3.75
2012.06.19 11:02:22.901,1.03766,1.03791,2.25,2.25
2012.06.19 11:02:23.089,1.03764,1.03789,1.66,1.50
2012.06.19 11:02:23.220,1.03763,1.03786,3.54,1.50
2012.06.19 11:02:23.553,1.03764,1.03789,1.66,2.25
2012.06.19 11:02:24.081,1.03765,1.03788,1.50,1.50
2012.06.19 11:02:24.593,1.03765,1.03788,1.66,3.75
2012.06.19 11:02:24.662,1.03765,1.03783,1.66,2.25
2012.06.19 11:02:25.153,1.03762,1.03783,1.66,2.25
2012.06.19 11:02:27.252,1.03765,1.03783,1.50,2.25
2012.06.19 11:02:27.504,1.03765,1.03788,1.50,2.25
2012.06.19 11:02:28.092,1.03765,1.03788,1.66,1.50
2012.06.19 11:02:30.053,1.03765,1.03788,1.66,1.50
2012.06.19 11:02:30.603,1.03765,1.03788,1.66,1.50
2012.06.19 11:02:31.591,1.03765,1.03788,1.66,1.50
2012.06.19 11:02:32.325,1.03765,1.03788,1.66,1.50
2012.06.19 11:02:32.470,1.03767,1.0379,1.50,3.00
2012.06.19 11:02:32.799,1.03765,1.03788,1.66,1.50
2012.06.19 11:02:35.023,1.03765,1.03788,1.66,1.50
2012.06.19 11:02:35.391,1.03765,1.03783,1.66,2.25
2012.06.19 11:02:35.825,1.03763,1.03786,2.04,1.50
2012.06.19 11:02:36.071,1.03767,1.03789,1.50,1.50
2012.06.19 11:02:36.721,1.03764,1.03789,3.54,1.50
2012.06.19 11:02:37.848,1.03764,1.03789,2.04,1.50
2012.06.19 11:02:38.154,1.03767,1.03783,1.50,2.25
2012.06.19 11:02:38.221,1.03761,1.03783,1.66,2.25
2012.06.19 11:02:40.422,1.03766,1.03783,1.50,2.25
2012.06.19 11:02:42.203,1.03764,1.03783,1.66,2.25
2012.06.19 11:02:43.534,1.03764,1.03787,3.16,1.50
2012.06.19 11:02:43.605,1.03766,1.03789,2.25,1.50
2012.06.19 11:02:43.732,1.03766,1.03791,2.25,2.85
2012.06.19 11:02:43.802,1.03766,1.03783,2.25,2.25
2012.06.19 11:02:44.052,1.03765,1.03783,1.66,2.25
2012.06.19 11:02:44.583,1.03766,1.03791,1.50,2.85
2012.06.19 11:02:45.144,1.03769,1.03792,1.50,3.00
2012.06.19 11:02:45.644,1.03766,1.03791,1.66,2.25
2012.06.19 11:02:45.776,1.03765,1.03788,1.66,1.50
2012.06.19 11:02:46.218,1.03765,1.03783,1.66,2.25
2012.06.19 11:02:46.895,1.03767,1.03783,1.50,2.25
2012.06.19 11:02:47.021,1.03765,1.03783,1.66,2.25
2012.06.19 11:02:47.576,1.03765,1.03783,1.66,2.25
2012.06.19 11:02:50.320,1.03765,1.03783,1.50,2.25
2012.06.19 11:02:50.910,1.03762,1.03783,1.66,2.25
2012.06.19 11:02:51.243,1.03767,1.03783,1.50,2.25
2012.06.19 11:02:51.492,1.0377,1.03792,1.50,4.50
2012.06.19 11:02:52.444,1.03766,1.03791,1.66,2.25
2012.06.19 11:02:53.291,1.03766,1.03791,1.66,1.50
2012.06.19 11:02:54.125,1.03768,1.03791,2.25,1.50
2012.06.19 11:02:54.433,1.03772,1.03792,1.50,3.00
2012.06.19 11:02:54.785,1.03774,1.03792,1.50,3.00
2012.06.19 11:02:54.913,1.03772,1.03792,1.50,3.00
2012.06.19 11:02:55.203,1.0377,1.03792,1.50,4.50
2012.06.19 11:02:55.764,1.0377,1.03792,1.50,4.50
2012.06.19 11:02:56.773,1.0377,1.03792,1.50,4.50
2012.06.19 11:03:01.584,1.0377,1.03792,1.50,4.50
2012.06.19 11:03:02.252,1.0377,1.03792,1.50,4.50
2012.06.19 11:03:02.844,1.0377,1.03792,1.50,4.50
2012.06.19 11:03:06.946,1.0377,1.03792,1.50,4.50
2012.06.19 11:03:09.118,1.0377,1.03792,1.50,4.50
2012.06.19 11:03:12.265,1.0377,1.03792,1.50,4.50
2012.06.19 11:03:13.361,1.03772,1.03792,1.50,3.00
2012.06.19 11:03:22.680,1.03771,1.03792,3.00,2.25
2012.06.19 11:03:23.391,1.03772,1.03792,1.50,2.25
2012.06.19 11:03:26.653,1.03775,1.03792,1.50,2.25
2012.06.19 11:03:27.542,1.03773,1.03792,1.50,2.25
2012.06.19 11:03:28.062,1.03771,1.03792,1.50,2.25
2012.06.19 11:03:28.401,1.03774,1.03792,1.50,2.25
2012.06.19 11:03:28.840,1.03772,1.03792,1.50,2.25
2012.06.19 11:03:30.421,1.03769,1.03792,2.04,2.25
2012.06.19 11:03:30.549,1.03769,1.03792,2.04,2.85
2012.06.19 11:03:30.853,1.03762,1.03783,2.79,2.25
2012.06.19 11:03:30.981,1.03763,1.03787,1.66,1.50
2012.06.19 11:03:31.052,1.03764,1.03789,1.66,2.25
2012.06.19 11:03:31.551,1.03766,1.0379,1.50,1.35
2012.06.19 11:03:31.682,1.03764,1.03789,1.88,1.50
2012.06.19 11:03:32.001,1.03764,1.03789,2.79,2.25
2012.06.19 11:03:32.563,1.03767,1.03792,1.50,4.50
2012.06.19 11:03:33.512,1.03767,1.03792,3.75,2.25
2012.06.19 11:03:33.831,1.03774,1.03793,1.50,3.00
2012.06.19 11:03:34.381,1.03771,1.03793,3.91,2.25
2012.06.19 11:03:34.913,1.03771,1.03793,1.50,2.25
2012.06.19 11:03:40.072,1.0377,1.03792,1.66,1.50
2012.06.19 11:03:40.731,1.03771,1.03793,1.66,2.25
2012.06.19 11:03:41.882,1.03776,1.03793,1.50,2.25
2012.06.19 11:03:41.951,1.03778,1.03799,1.50,1.13
2012.06.19 11:03:42.144,1.03782,1.03803,1.50,3.00
2012.06.19 11:03:42.274,1.03778,1.038,1.66,1.50
2012.06.19 11:03:42.545,1.03776,1.03798,1.66,1.50
2012.06.19 11:03:42.673,1.03776,1.03798,1.50,1.50
2012.06.19 11:03:43.861,1.03773,1.03797,2.04,1.50
2012.06.19 11:03:44.511,1.03776,1.038,1.50,3.60
2012.06.19 11:03:45.632,1.03775,1.03797,1.88,1.50
2012.06.19 11:03:45.941,1.03776,1.03793,1.50,2.25
2012.06.19 11:03:46.192,1.03771,1.03793,1.66,2.25
2012.06.19 11:03:46.503,1.03774,1.03793,1.50,2.25
2012.06.19 11:03:46.691,1.03775,1.03798,1.50,2.25
2012.06.19 11:03:47.083,1.03777,1.03799,1.50,1.50
2012.06.19 11:03:47.641,1.03773,1.03797,2.04,1.50
2012.06.19 11:03:47.961,1.03777,1.03801,1.50,2.25
2012.06.19 11:03:48.667,1.03777,1.03801,1.50,2.25
2012.06.19 11:03:49.315,1.0378,1.03802,1.50,4.50
2012.06.19 11:03:49.621,1.03782,1.03802,1.50,3.00
2012.06.19 11:03:49.693,1.03779,1.03801,1.50,2.25
2012.06.19 11:03:49.821,1.03777,1.03801,1.50,2.25
2012.06.19 11:03:52.211,1.03777,1.03801,1.88,2.25
2012.06.19 11:03:52.765,1.03778,1.03802,1.88,2.25
2012.06.19 11:03:53.646,1.03776,1.038,2.79,2.25
2012.06.19 11:03:53.970,1.0378,1.03801,1.50,2.25
2012.06.19 11:03:54.512,1.0378,1.03802,1.50,2.25
2012.06.19 11:03:55.026,1.03778,1.03802,3.91,3.75
2012.06.19 11:03:55.574,1.03779,1.03801,1.66,1.50
2012.06.19 11:03:55.943,1.03777,1.03799,1.50,1.50
2012.06.19 11:03:56.416,1.03772,1.03796,2.04,1.50
2012.06.19 11:03:56.661,1.03777,1.03799,1.50,1.50
2012.06.19 11:03:56.734,1.03778,1.038,2.25,1.05
2012.06.19 11:03:56.981,1.03782,1.03804,1.66,1.50
2012.06.19 11:03:58.307,1.03782,1.03804,1.66,1.50
2012.06.19 11:04:00.301,1.03783,1.03807,1.50,3.00
2012.06.19 11:04:00.436,1.03786,1.03808,1.50,2.25
2012.06.19 11:04:01.303,1.03786,1.03808,1.50,2.25
2012.06.19 11:04:01.453,1.03783,1.03807,2.04,2.25
2012.06.19 11:04:02.084,1.03782,1.03804,2.79,1.50
2012.06.19 11:04:02.554,1.03784,1.03806,1.50,1.50
2012.06.19 11:04:03.965,1.03782,1.03804,2.04,1.50
2012.06.19 11:04:04.455,1.03781,1.03801,1.14,1.50
2012.06.19 11:04:04.585,1.03778,1.03798,2.41,1.50
2012.06.19 11:04:04.983,1.03778,1.038,2.41,1.50
2012.06.19 11:04:05.593,1.03778,1.03801,2.41,1.50
2012.06.19 11:04:07.773,1.03778,1.03799,2.41,1.50
2012.06.19 11:04:07.962,1.03778,1.03801,2.41,3.00
2012.06.19 11:04:08.654,1.03778,1.03799,2.41,1.50
2012.06.19 11:04:09.204,1.03775,1.03799,1.66,1.50
2012.06.19 11:04:09.276,1.03775,1.03796,1.66,1.50
2012.06.19 11:04:09.594,1.03772,1.03794,2.79,1.50
2012.06.19 11:04:10.057,1.03772,1.03794,1.88,2.10
2012.06.19 11:04:12.087,1.0377,1.03792,2.04,1.50
2012.06.19 11:04:12.286,1.03771,1.03795,2.04,3.60
2012.06.19 11:04:12.585,1.03771,1.03792,1.66,2.25
2012.06.19 11:04:12.654,1.03771,1.03795,2.04,1.50
2012.06.19 11:04:12.965,1.0377,1.03793,2.04,1.50
2012.06.19 11:04:13.274,1.03775,1.03796,1.50,1.05
2012.06.19 11:04:15.148,1.03775,1.03799,1.50,3.00
2012.06.19 11:04:15.757,1.03773,1.03797,3.38,2.25
2012.06.19 11:04:16.124,1.03772,1.03795,1.66,1.50
2012.06.19 11:04:16.633,1.03774,1.03796,1.50,2.25
2012.06.19 11:04:16.863,1.03771,1.03795,2.79,1.50
2012.06.19 11:04:16.995,1.03771,1.03795,2.79,1.50
2012.06.19 11:04:17.124,1.03774,1.03798,1.88,2.25
2012.06.19 11:04:17.314,1.03777,1.03795,2.25,1.50
2012.06.19 11:04:18.187,1.03773,1.03795,1.88,1.50
2012.06.19 11:04:18.380,1.03771,1.03793,1.66,1.50
2012.06.19 11:04:18.845,1.03769,1.03791,2.41,1.50
2012.06.19 11:04:18.986,1.03769,1.03791,1.88,1.50
2012.06.19 11:04:19.055,1.0377,1.03793,1.88,3.00
2012.06.19 11:04:19.368,1.03772,1.03793,1.50,3.00
2012.06.19 11:04:20.236,1.03771,1.03793,2.25,4.50
2012.06.19 11:04:20.751,1.03771,1.03793,2.25,4.50
2012.06.19 11:04:21.225,1.03771,1.03793,2.25,4.50
2012.06.19 11:04:21.798,1.03772,1.03793,2.25,3.00
2012.06.19 11:04:22.854,1.03775,1.03797,2.25,2.25
2012.06.19 11:04:23.767,1.03775,1.03797,2.25,2.25
2012.06.19 11:04:25.292,1.03774,1.03798,2.25,2.25
2012.06.19 11:04:26.397,1.03774,1.03798,1.50,2.25
2012.06.19 11:04:26.642,1.03773,1.03795,2.25,2.25
2012.06.19 11:04:26.956,1.03774,1.03798,1.50,2.25
2012.06.19 11:04:27.026,1.03773,1.03792,1.50,2.25
2012.06.19 11:04:27.154,1.03771,1.03792,2.25,2.25
2012.06.19 11:04:27.356,1.03772,1.03796,1.50,2.25
2012.06.19 11:04:27.427,1.03772,1.03796,4.35,2.25
2012.06.19 11:04:27.738,1.03768,1.03792,5.04,3.75
2012.06.19 11:04:28.209,1.03772,1.03796,2.25,3.75
2012.06.19 11:04:28.276,1.03772,1.03793,1.50,2.25
2012.06.19 11:04:28.423,1.0377,1.03793,3.00,2.25
2012.06.19 11:04:28.731,1.0377,1.03793,2.25,2.25
2012.06.19 11:04:29.115,1.03769,1.03791,2.25,1.50
2012.06.19 11:04:29.446,1.03771,1.03794,1.13,2.25
2012.06.19 11:04:29.694,1.03772,1.03796,2.63,3.75
2012.06.19 11:04:30.005,1.03772,1.03793,2.25,2.25
2012.06.19 11:04:30.074,1.03769,1.0379,2.41,1.50
2012.06.19 11:04:30.514,1.03769,1.03793,2.25,6.00
2012.06.19 11:04:30.584,1.03769,1.03793,1.50,6.00
2012.06.19 11:04:30.654,1.03769,1.03793,1.88,4.50
2012.06.19 11:04:31.173,1.03772,1.03794,1.88,2.25
2012.06.19 11:04:31.697,1.0377,1.03792,2.25,3.75
2012.06.19 11:04:32.336,1.0377,1.03792,1.50,3.75
2012.06.19 11:04:33.115,1.0377,1.03792,2.25,3.75
2012.06.19 11:04:34.003,1.03774,1.03792,1.50,2.25
2012.06.19 11:04:34.394,1.03772,1.03792,2.25,2.25
2012.06.19 11:04:35.743,1.03772,1.03794,2.63,2.25
2012.06.19 11:04:35.884,1.03774,1.03796,1.50,2.25
2012.06.19 11:04:37.075,1.03774,1.03796,2.25,2.25
2012.06.19 11:04:37.322,1.03774,1.03796,1.50,2.25
2012.06.19 11:04:37.495,1.03774,1.03796,2.25,2.25
2012.06.19 11:04:37.617,1.03774,1.03796,1.50,2.25
2012.06.19 11:04:38.717,1.03774,1.03796,2.25,2.25
2012.06.19 11:04:38.838,1.03774,1.03796,1.50,2.25
2012.06.19 11:04:41.155,1.03772,1.03794,1.88,1.50
2012.06.19 11:04:42.403,1.03773,1.03797,1.50,2.25
2012.06.19 11:04:43.139,1.03771,1.03795,2.63,1.50
2012.06.19 11:04:43.657,1.03771,1.03794,1.13,1.50
2012.06.19 11:04:44.206,1.03769,1.03795,2.04,2.25
2012.06.19 11:04:44.276,1.03768,1.03792,4.29,1.50
2012.06.19 11:04:45.032,1.03769,1.03794,2.04,1.50
2012.06.19 11:04:45.899,1.03772,1.03795,1.88,2.25
2012.06.19 11:04:46.217,1.03773,1.03798,1.50,2.25
2012.06.19 11:04:46.493,1.03772,1.03795,2.04,1.50
2012.06.19 11:04:48.044,1.0377,1.03794,2.04,1.50
2012.06.19 11:04:48.116,1.03772,1.03796,2.04,2.25
2012.06.19 11:04:48.486,1.03772,1.03792,1.29,2.25
2012.06.19 11:04:48.615,1.03772,1.03794,1.29,1.50
2012.06.19 11:04:48.690,1.03772,1.03797,2.04,2.25
2012.06.19 11:04:48.874,1.03771,1.03794,2.04,1.50
2012.06.19 11:04:49.183,1.03769,1.03791,1.14,1.50
2012.06.19 11:04:49.739,1.03769,1.03792,1.14,2.25
2012.06.19 11:04:50.444,1.03771,1.03796,2.04,2.25
2012.06.19 11:04:51.724,1.03772,1.03798,2.63,2.25
2012.06.19 11:04:51.795,1.03774,1.03799,1.50,2.25
2012.06.19 11:04:52.323,1.03773,1.03796,1.50,1.50
2012.06.19 11:04:52.880,1.03772,1.03795,1.29,1.50
2012.06.19 11:04:54.117,1.03772,1.03795,1.13,1.50
2012.06.19 11:04:54.337,1.03772,1.03798,2.79,2.25
2012.06.19 11:04:55.294,1.03772,1.03796,1.29,2.25
2012.06.19 11:04:55.842,1.03772,1.03796,1.29,1.50
2012.06.19 11:04:56.187,1.03772,1.03795,1.13,1.50
2012.06.19 11:04:56.314,1.03772,1.03792,1.13,1.50
2012.06.19 11:04:56.387,1.03772,1.03794,1.13,3.00
2012.06.19 11:04:57.355,1.03772,1.03796,1.13,2.25
2012.06.19 11:04:57.727,1.03772,1.03796,1.29,1.50
2012.06.19 11:04:57.853,1.03777,1.03798,2.25,1.50
2012.06.19 11:04:58.647,1.03777,1.03797,2.25,1.50
2012.06.19 11:04:58.774,1.0377,1.03795,3.54,1.50
2012.06.19 11:04:59.308,1.03773,1.03796,2.04,1.50
2012.06.19 11:05:00.035,1.03773,1.03796,2.04,1.50
2012.06.19 11:05:00.461,1.03773,1.03795,1.50,1.50
2012.06.19 11:05:00.542,1.03772,1.03792,1.13,1.50
2012.06.19 11:05:00.734,1.03772,1.03795,1.13,1.50
2012.06.19 11:05:00.998,1.03774,1.03797,1.50,2.25
2012.06.19 11:05:01.296,1.03772,1.03795,2.63,1.50
2012.06.19 11:05:01.788,1.03773,1.03795,2.04,1.50
2012.06.19 11:05:02.035,1.03772,1.03796,2.79,1.50
2012.06.19 11:05:02.166,1.03778,1.03795,2.25,1.50
2012.06.19 11:05:02.479,1.03774,1.03797,1.88,1.50
2012.06.19 11:05:02.547,1.03774,1.03797,1.66,1.50
2012.06.19 11:05:02.915,1.0377,1.03792,2.04,2.25
2012.06.19 11:05:03.225,1.03768,1.03789,2.79,1.50
2012.06.19 11:05:03.595,1.03768,1.03789,2.63,1.50
2012.06.19 11:05:04.613,1.03768,1.03788,2.63,1.50
2012.06.19 11:05:04.680,1.03762,1.03786,1.14,1.50
2012.06.19 11:05:04.810,1.03764,1.03789,2.04,1.50
2012.06.19 11:05:04.936,1.03768,1.03791,2.63,1.50
2012.06.19 11:05:05.006,1.0377,1.03792,1.50,2.25
2012.06.19 11:05:05.615,1.03771,1.03792,1.50,2.25
2012.06.19 11:05:06.104,1.03768,1.0379,2.79,1.50
2012.06.19 11:05:06.435,1.03765,1.03782,1.13,2.25
2012.06.19 11:05:06.684,1.03762,1.03785,1.29,1.50
2012.06.19 11:05:06.754,1.03766,1.03788,1.50,1.50
2012.06.19 11:05:08.676,1.03763,1.03787,2.04,1.50
2012.06.19 11:05:09.270,1.03763,1.03787,2.04,1.50
2012.06.19 11:05:10.313,1.03766,1.03788,1.50,1.50
2012.06.19 11:05:11.613,1.03764,1.03786,2.04,1.50
2012.06.19 11:05:11.743,1.03765,1.03789,1.88,3.00
2012.06.19 11:05:11.872,1.03768,1.0379,1.50,3.00
2012.06.19 11:05:12.187,1.03775,1.03792,2.25,2.25
2012.06.19 11:05:12.315,1.03777,1.03798,1.13,2.25
2012.06.19 11:05:12.506,1.03773,1.03797,1.88,1.50
2012.06.19 11:05:12.755,1.03774,1.03793,1.50,2.25
2012.06.19 11:05:12.944,1.03774,1.03796,1.88,1.50
2012.06.19 11:05:13.207,1.03776,1.03798,1.50,1.50
2012.06.19 11:05:18.244,1.03773,1.03797,2.04,1.50
2012.06.19 11:05:18.688,1.03773,1.03797,2.04,1.50
2012.06.19 11:05:19.915,1.03773,1.03797,2.04,1.50
2012.06.19 11:05:20.615,1.03773,1.03797,2.04,1.50
2012.06.19 11:05:20.802,1.03772,1.03794,3.54,1.50
2012.06.19 11:05:20.998,1.03776,1.03798,1.50,3.00
2012.06.19 11:05:21.064,1.03778,1.03799,1.50,1.50
2012.06.19 11:05:22.007,1.03778,1.03799,1.50,1.50
2012.06.19 11:05:22.072,1.03775,1.03799,1.50,3.00
2012.06.19 11:05:22.528,1.03777,1.03799,1.50,1.50
2012.06.19 11:05:22.974,1.03774,1.03798,1.50,1.50
2012.06.19 11:05:23.273,1.03772,1.03796,2.79,1.50
2012.06.19 11:05:23.856,1.03773,1.03795,2.04,1.50
2012.06.19 11:05:24.477,1.03773,1.03795,2.04,1.50
2012.06.19 11:05:24.674,1.03775,1.03797,1.50,1.50
2012.06.19 11:05:24.782,1.03773,1.03795,2.04,1.50
2012.06.19 11:05:25.343,1.03773,1.03795,2.04,1.50
2012.06.19 11:05:26.340,1.03772,1.03796,2.04,1.50
2012.06.19 11:05:26.582,1.03776,1.038,1.50,2.25
2012.06.19 11:05:27.016,1.03775,1.03797,2.63,1.50
2012.06.19 11:05:27.618,1.03775,1.03797,1.88,1.50
2012.06.19 11:05:27.744,1.03773,1.03795,1.66,1.50
2012.06.19 11:05:28.056,1.03771,1.03793,2.79,3.75
2012.06.19 11:05:30.612,1.0377,1.03793,3.54,2.25
2012.06.19 11:05:31.392,1.03772,1.03793,1.66,2.25
2012.06.19 11:05:33.857,1.03772,1.03793,1.66,2.25
2012.06.19 11:05:34.795,1.03773,1.03793,1.50,2.25
2012.06.19 11:05:36.835,1.03775,1.03793,1.50,2.25
2012.06.19 11:05:37.084,1.03773,1.03793,1.66,2.25
2012.06.19 11:05:38.778,1.03775,1.03793,1.50,2.25
2012.06.19 11:05:39.103,1.03773,1.03793,1.50,2.25
2012.06.19 11:05:39.833,1.03772,1.03793,2.04,2.25
2012.06.19 11:05:40.155,1.03774,1.03793,1.50,2.25
2012.06.19 11:05:40.699,1.03773,1.03793,1.66,2.25
2012.06.19 11:05:41.011,1.03773,1.03795,1.88,1.50
2012.06.19 11:05:41.235,1.03774,1.03798,1.88,2.25
2012.06.19 11:05:41.826,1.03774,1.03798,1.50,2.25
2012.06.19 11:05:42.017,1.03773,1.03795,1.66,1.50
2012.06.19 11:05:42.367,1.03771,1.03792,1.29,2.25
2012.06.19 11:05:43.007,1.03771,1.03794,1.29,1.50
2012.06.19 11:05:43.324,1.03772,1.03792,3.91,2.25
2012.06.19 11:05:43.646,1.03772,1.03794,1.29,1.50
2012.06.19 11:05:43.898,1.03776,1.03798,1.50,1.50
2012.06.19 11:05:44.143,1.03774,1.03798,1.50,3.00
2012.06.19 11:05:44.736,1.03773,1.03795,1.88,1.50
2012.06.19 11:05:45.285,1.03775,1.03797,1.50,3.75
2012.06.19 11:05:45.843,1.03772,1.03796,1.88,2.25
2012.06.19 11:05:46.486,1.03772,1.03796,1.88,2.25
2012.06.19 11:05:47.476,1.03772,1.03796,1.88,2.25
2012.06.19 11:05:47.986,1.03772,1.03796,1.88,2.25
2012.06.19 11:05:48.530,1.03772,1.03796,1.88,2.25
2012.06.19 11:05:49.819,1.03772,1.03796,1.88,2.25
2012.06.19 11:05:50.882,1.03772,1.03796,1.88,2.25
2012.06.19 11:05:51.465,1.03772,1.03796,1.88,2.25
2012.06.19 11:05:52.436,1.03772,1.03796,1.88,2.25
2012.06.19 11:05:52.701,1.03775,1.03797,1.50,3.75
2012.06.19 11:05:52.832,1.03773,1.03795,3.38,2.25
2012.06.19 11:05:53.474,1.03777,1.03795,2.25,2.25
2012.06.19 11:05:53.605,1.03777,1.038,2.63,3.75
2012.06.19 11:05:54.184,1.03777,1.03798,2.25,2.25
2012.06.19 11:05:54.258,1.03774,1.03798,1.66,2.25
2012.06.19 11:05:54.384,1.03772,1.03796,2.04,1.50
2012.06.19 11:05:54.902,1.03775,1.03797,1.50,1.50
2012.06.19 11:05:55.675,1.03772,1.03796,2.04,1.50
2012.06.19 11:05:56.222,1.03772,1.03796,2.79,1.50
2012.06.19 11:05:58.451,1.03772,1.03796,2.79,1.50
2012.06.19 11:05:58.793,1.03774,1.03798,1.50,1.50
2012.06.19 11:05:59.012,1.03773,1.03795,2.04,1.50
2012.06.19 11:05:59.322,1.03774,1.03798,1.66,2.25
2012.06.19 11:05:59.453,1.03772,1.03796,2.79,1.50
2012.06.19 11:05:59.525,1.03774,1.03798,1.50,1.50
2012.06.19 11:05:59.594,1.03774,1.03798,2.25,1.50
2012.06.19 11:05:59.967,1.03773,1.03795,2.79,1.50
2012.06.19 11:06:00.437,1.03778,1.03797,2.63,3.00
2012.06.19 11:06:00.946,1.03778,1.03799,2.25,2.25
2012.06.19 11:06:01.374,1.03778,1.03796,2.25,1.50
2012.06.19 11:06:01.447,1.03772,1.03793,1.66,2.25
2012.06.19 11:06:02.007,1.03771,1.03793,1.29,1.50
2012.06.19 11:06:02.077,1.03773,1.03795,1.88,1.50
2012.06.19 11:06:02.146,1.03775,1.03797,1.13,1.50
2012.06.19 11:06:03.133,1.03775,1.03796,1.13,1.50
2012.06.19 11:06:03.676,1.03775,1.03798,2.63,2.25
2012.06.19 11:06:06.633,1.03777,1.03799,1.50,2.25
2012.06.19 11:06:06.973,1.03775,1.03798,1.88,2.25
2012.06.19 11:06:07.235,1.03773,1.03796,1.88,1.50
2012.06.19 11:06:08.054,1.03775,1.03797,1.88,1.50
2012.06.19 11:06:10.807,1.03777,1.03798,1.50,1.50
2012.06.19 11:06:11.304,1.03775,1.03797,1.88,2.25
2012.06.19 11:06:11.433,1.03775,1.03793,1.50,2.25
2012.06.19 11:06:11.505,1.03772,1.03793,1.66,2.25
2012.06.19 11:06:11.757,1.03778,1.03793,1.50,2.25
2012.06.19 11:06:11.949,1.0378,1.038,1.88,1.50
2012.06.19 11:06:12.076,1.03777,1.03799,1.66,2.25
2012.06.19 11:06:12.586,1.03775,1.03797,1.66,1.50
2012.06.19 11:06:13.234,1.03774,1.03798,2.04,2.25
2012.06.19 11:06:13.859,1.03774,1.03798,2.04,2.25
2012.06.19 11:06:14.406,1.03777,1.03799,1.50,2.25
2012.06.19 11:06:15.142,1.03777,1.03799,1.50,1.50
2012.06.19 11:06:15.277,1.03777,1.03799,2.04,1.50
2012.06.19 11:06:15.465,1.03779,1.03802,1.88,3.00
2012.06.19 11:06:16.156,1.03778,1.03801,2.63,1.50
2012.06.19 11:06:17.856,1.03778,1.03801,2.25,2.25
2012.06.19 11:06:17.926,1.03778,1.03801,2.25,1.50
2012.06.19 11:06:17.994,1.03778,1.03799,2.25,1.50
2012.06.19 11:06:18.063,1.03775,1.03799,1.66,1.50
2012.06.19 11:06:18.577,1.03775,1.03799,1.66,2.25
2012.06.19 11:06:20.025,1.03775,1.03799,2.04,2.25
2012.06.19 11:06:20.775,1.03775,1.03799,2.04,2.25
2012.06.19 11:06:21.227,1.03775,1.03799,2.04,1.50
2012.06.19 11:06:21.812,1.03778,1.038,1.88,1.50
2012.06.19 11:06:22.314,1.03778,1.038,1.50,2.25
2012.06.19 11:06:22.823,1.03778,1.038,1.50,1.50
2012.06.19 11:06:22.953,1.03775,1.03799,2.04,1.50
2012.06.19 11:06:23.023,1.0378,1.03802,1.50,4.50
2012.06.19 11:06:23.382,1.03778,1.038,1.50,1.50
2012.06.19 11:06:23.903,1.03779,1.03802,1.50,3.00
2012.06.19 11:06:24.631,1.03778,1.038,1.50,1.50
2012.06.19 11:06:24.836,1.03778,1.038,1.88,1.50
2012.06.19 11:06:25.377,1.03781,1.03803,1.50,3.00
2012.06.19 11:06:25.687,1.03785,1.0381,1.50,2.25
2012.06.19 11:06:26.016,1.03788,1.03811,1.50,3.75
2012.06.19 11:06:26.149,1.03788,1.03811,1.50,3.75
2012.06.19 11:06:26.345,1.03786,1.03809,1.50,2.25
2012.06.19 11:06:26.818,1.03784,1.03808,2.04,2.25
2012.06.19 11:06:27.084,1.03781,1.03805,2.04,1.50
2012.06.19 11:06:27.417,1.03783,1.03808,2.04,2.25
2012.06.19 11:06:28.332,1.03786,1.03809,1.50,2.25
2012.06.19 11:06:28.915,1.03784,1.03807,2.04,1.50
2012.06.19 11:06:29.694,1.03785,1.0381,1.50,2.25
2012.06.19 11:06:29.944,1.03783,1.03808,2.04,2.25
2012.06.19 11:06:30.078,1.03786,1.03803,1.50,2.25
2012.06.19 11:06:30.269,1.03781,1.03803,1.50,3.00
2012.06.19 11:06:30.339,1.03781,1.03801,1.50,1.50
2012.06.19 11:06:30.405,1.03776,1.038,2.79,1.50
2012.06.19 11:06:30.476,1.03781,1.038,1.88,1.50
2012.06.19 11:06:30.605,1.03785,1.03808,1.50,1.65
2012.06.19 11:06:30.675,1.03785,1.03808,1.50,1.50
2012.06.19 11:06:32.395,1.03782,1.03804,2.04,1.50
2012.06.19 11:06:32.564,1.03783,1.03807,2.04,2.25
2012.06.19 11:06:33.669,1.03786,1.03808,1.50,3.00
2012.06.19 11:06:34.226,1.03783,1.03807,2.04,2.25
2012.06.19 11:06:35.085,1.03786,1.03808,1.50,2.25
2012.06.19 11:06:36.762,1.03786,1.03808,1.50,2.25
2012.06.19 11:06:37.304,1.03783,1.03807,1.88,1.50
2012.06.19 11:06:37.733,1.03782,1.03805,1.29,1.50
2012.06.19 11:06:38.048,1.03786,1.03807,1.50,1.50
2012.06.19 11:06:39.065,1.03783,1.03807,2.04,2.25
2012.06.19 11:06:39.830,1.03784,1.03806,3.38,1.50
2012.06.19 11:06:41.194,1.03786,1.03808,1.50,1.50
2012.06.19 11:06:41.767,1.03783,1.03807,2.04,1.50
2012.06.19 11:06:42.688,1.03781,1.03805,3.54,1.50
2012.06.19 11:06:43.204,1.03784,1.03806,2.04,1.50
2012.06.19 11:06:43.335,1.03786,1.03808,1.50,2.25
2012.06.19 11:06:43.865,1.03785,1.03809,1.88,2.25
2012.06.19 11:06:44.945,1.03785,1.03809,2.63,2.25
2012.06.19 11:06:45.739,1.03785,1.03809,4.13,2.25
2012.06.19 11:06:46.362,1.03785,1.03809,2.63,2.25
2012.06.19 11:06:49.420,1.03785,1.03809,2.63,2.25
2012.06.19 11:06:50.085,1.03786,1.03809,1.35,2.25
2012.06.19 11:06:50.218,1.03786,1.03809,3.23,2.25
2012.06.19 11:06:50.767,1.03786,1.0381,1.13,2.25
2012.06.19 11:06:51.504,1.03787,1.03812,1.50,2.25
2012.06.19 11:06:52.253,1.03786,1.03809,1.50,2.25
2012.06.19 11:06:52.959,1.03788,1.03811,1.50,2.25
2012.06.19 11:06:53.084,1.03785,1.0381,1.50,2.25
2012.06.19 11:06:54.446,1.03786,1.03809,1.50,3.00
2012.06.19 11:06:54.755,1.03784,1.03807,1.88,1.50
2012.06.19 11:06:55.490,1.03781,1.03805,3.54,1.50
2012.06.19 11:06:55.804,1.03782,1.03802,2.04,2.25
2012.06.19 11:06:56.077,1.03782,1.03804,2.04,1.50
2012.06.19 11:06:56.266,1.03778,1.03798,2.79,1.50
2012.06.19 11:06:56.397,1.03779,1.03803,2.04,4.50
2012.06.19 11:06:56.537,1.03777,1.03801,2.79,1.50
2012.06.19 11:06:56.608,1.03777,1.03799,1.29,1.50
2012.06.19 11:06:56.676,1.03775,1.03799,2.04,1.50
2012.06.19 11:06:57.214,1.03778,1.038,1.50,2.25
2012.06.19 11:06:57.605,1.03778,1.038,2.25,1.50
2012.06.19 11:06:58.187,1.0378,1.03802,2.25,4.50
2012.06.19 11:06:58.695,1.0378,1.03802,2.25,4.50
2012.06.19 11:06:59.447,1.0378,1.03802,2.25,4.50
2012.06.19 11:06:59.904,1.03778,1.038,1.88,1.50
2012.06.19 11:07:01.712,1.03778,1.038,2.63,1.50
2012.06.19 11:07:02.042,1.03777,1.03801,2.63,2.25
2012.06.19 11:07:02.236,1.03777,1.03799,1.13,1.50
2012.06.19 11:07:02.303,1.03777,1.03801,2.25,2.25
2012.06.19 11:07:03.056,1.03777,1.03801,2.63,2.25
2012.06.19 11:07:03.558,1.03776,1.03799,1.29,1.50
2012.06.19 11:07:04.808,1.03775,1.03797,1.29,1.50
2012.06.19 11:07:05.235,1.03776,1.03795,1.13,1.50
2012.06.19 11:07:05.365,1.03776,1.03798,1.13,1.50
2012.06.19 11:07:05.433,1.03777,1.03798,1.13,1.50
2012.06.19 11:07:05.948,1.03778,1.03801,4.13,1.35
2012.06.19 11:07:06.174,1.03778,1.03802,4.13,4.35
2012.06.19 11:07:07.117,1.03778,1.03799,2.63,1.50
2012.06.19 11:07:07.738,1.03778,1.03802,4.13,4.35
2012.06.19 11:07:08.275,1.03778,1.038,2.63,1.50
2012.06.19 11:07:08.409,1.03778,1.03798,2.79,1.50
2012.06.19 11:07:08.904,1.03774,1.03792,2.04,2.25
2012.06.19 11:07:09.099,1.03772,1.03792,1.50,2.25
2012.06.19 11:07:09.227,1.03772,1.03796,1.88,2.25
2012.06.19 11:07:12.279,1.03775,1.03797,2.04,1.50
2012.06.19 11:07:12.464,1.03777,1.03799,1.88,3.00
2012.06.19 11:07:12.865,1.03775,1.03797,3.54,1.50
2012.06.19 11:07:13.211,1.03776,1.03799,2.04,1.50
2012.06.19 11:07:13.335,1.03775,1.03797,2.04,1.50
2012.06.19 11:07:14.056,1.03772,1.03796,2.79,1.50
2012.06.19 11:07:14.296,1.03774,1.03798,2.04,1.50
2012.06.19 11:07:15.136,1.03774,1.03798,2.04,1.50
2012.06.19 11:07:15.509,1.03778,1.038,2.63,1.50
2012.06.19 11:07:16.021,1.03778,1.03802,4.29,3.75
2012.06.19 11:07:16.086,1.03778,1.03799,2.79,1.50
2012.06.19 11:07:16.275,1.03778,1.03802,4.29,3.75
2012.06.19 11:07:16.344,1.03778,1.038,2.79,1.50
2012.06.19 11:07:17.793,1.03778,1.03802,4.29,3.75
2012.06.19 11:07:18.313,1.03778,1.038,2.79,1.50
2012.06.19 11:07:19.197,1.03778,1.038,2.79,1.50
2012.06.19 11:07:19.505,1.03773,1.03797,2.04,1.50
2012.06.19 11:07:19.816,1.03779,1.03803,1.66,6.23
2012.06.19 11:07:19.884,1.03779,1.03803,1.50,6.23
2012.06.19 11:07:20.389,1.03775,1.03799,3.00,1.50
2012.06.19 11:07:21.894,1.03778,1.03799,2.25,2.25
2012.06.19 11:07:22.444,1.03779,1.03802,1.50,3.00
2012.06.19 11:07:22.695,1.03773,1.03797,2.04,1.50
2012.06.19 11:07:22.836,1.03778,1.03799,2.25,1.50
2012.06.19 11:07:23.145,1.0378,1.03802,1.50,4.50
2012.06.19 11:07:23.719,1.0378,1.03802,1.50,4.50
2012.06.19 11:07:23.886,1.03778,1.038,5.63,2.25
2012.06.19 11:07:24.266,1.03776,1.03798,1.50,1.50
2012.06.19 11:07:24.591,1.03775,1.03799,2.04,1.50
2012.06.19 11:07:24.664,1.03779,1.03802,1.50,3.00
2012.06.19 11:07:25.193,1.03778,1.03801,2.79,1.50
2012.06.19 11:07:26.610,1.03781,1.03802,1.50,4.50
2012.06.19 11:07:27.049,1.03783,1.03808,1.88,2.25
2012.06.19 11:07:27.115,1.03786,1.03809,1.50,3.60
2012.06.19 11:07:27.185,1.03781,1.03806,2.04,2.25
2012.06.19 11:07:27.695,1.03781,1.03806,2.04,2.25
2012.06.19 11:07:27.894,1.0378,1.03803,2.04,1.50
2012.06.19 11:07:28.519,1.03782,1.03805,1.50,3.75
2012.06.19 11:07:30.065,1.03783,1.03808,1.50,3.00
2012.06.19 11:07:30.483,1.03781,1.03806,2.04,2.25
2012.06.19 11:07:31.355,1.03781,1.03806,1.88,2.25
2012.06.19 11:07:31.543,1.03783,1.03808,1.50,3.00
2012.06.19 11:07:32.784,1.03782,1.03805,1.50,1.50
2012.06.19 11:07:35.504,1.03779,1.03804,2.04,1.50
2012.06.19 11:07:36.015,1.03784,1.03807,1.50,2.25
2012.06.19 11:07:36.649,1.03782,1.03805,2.04,1.50
2012.06.19 11:07:37.075,1.03783,1.03808,1.88,3.00
2012.06.19 11:07:38.535,1.03781,1.03806,1.66,1.50
2012.06.19 11:07:38.607,1.03781,1.03806,1.66,2.25
2012.06.19 11:07:38.672,1.03781,1.03802,1.66,2.25
2012.06.19 11:07:39.004,1.03778,1.038,4.29,1.50
2012.06.19 11:07:39.598,1.03778,1.03801,2.79,1.50
2012.06.19 11:07:40.214,1.03778,1.03801,2.79,1.50
2012.06.19 11:07:40.758,1.03778,1.038,4.29,1.50
2012.06.19 11:07:41.548,1.03778,1.038,4.29,1.50
2012.06.19 11:07:42.865,1.03779,1.03802,2.04,2.25
2012.06.19 11:07:42.993,1.03778,1.038,4.29,1.50
2012.06.19 11:07:43.983,1.0378,1.03802,1.66,2.25
2012.06.19 11:07:44.054,1.03778,1.038,4.29,1.50
2012.06.19 11:07:45.306,1.03779,1.03802,2.04,3.00
2012.06.19 11:07:45.867,1.03776,1.03798,1.66,2.25
2012.06.19 11:07:46.434,1.03777,1.03801,1.50,3.00
2012.06.19 11:07:47.144,1.03775,1.03799,2.04,2.25
2012.06.19 11:07:48.367,1.03775,1.03799,1.66,2.25
2012.06.19 11:07:48.912,1.03775,1.03799,1.66,1.50
2012.06.19 11:07:50.053,1.03775,1.03799,1.66,1.50
2012.06.19 11:07:51.664,1.03775,1.03799,2.41,1.50
2012.06.19 11:07:51.796,1.03778,1.038,1.50,1.50
2012.06.19 11:07:52.173,1.03775,1.03799,1.66,1.50
2012.06.19 11:07:52.305,1.03778,1.038,1.50,1.50
2012.06.19 11:07:52.634,1.03775,1.03799,1.66,1.50
2012.06.19 11:07:53.324,1.03776,1.03798,1.50,1.50
2012.06.19 11:07:53.573,1.03774,1.03796,2.04,1.50
2012.06.19 11:07:54.219,1.03775,1.03797,1.66,1.50
2012.06.19 11:07:54.730,1.03772,1.03792,2.04,2.25
2012.06.19 11:07:54.799,1.03771,1.03792,1.50,2.25
2012.06.19 11:07:54.926,1.03768,1.03792,1.50,3.75
2012.06.19 11:07:54.996,1.03768,1.03792,1.88,3.75
2012.06.19 11:07:55.309,1.03768,1.03792,6.00,1.50
2012.06.19 11:07:55.687,1.03767,1.0379,1.88,1.50
2012.06.19 11:07:56.004,1.03765,1.03787,2.04,1.50
2012.06.19 11:07:56.134,1.03767,1.03789,1.88,1.50
2012.06.19 11:07:56.513,1.03769,1.03791,1.50,1.50
2012.06.19 11:07:57.793,1.03766,1.0379,2.79,1.50
2012.06.19 11:07:58.353,1.03768,1.03792,1.50,3.75
2012.06.19 11:07:58.564,1.03766,1.0379,2.79,1.50
2012.06.19 11:07:58.755,1.03768,1.03792,1.50,3.75
2012.06.19 11:07:58.883,1.03768,1.03789,2.63,1.50
2012.06.19 11:07:59.728,1.03768,1.03789,2.25,1.50
2012.06.19 11:08:00.036,1.03767,1.03786,2.63,1.50
2012.06.19 11:08:00.165,1.03767,1.0379,2.63,1.50
2012.06.19 11:08:00.475,1.03767,1.03783,2.04,2.25
2012.06.19 11:08:00.786,1.03766,1.03783,2.41,2.25
2012.06.19 11:08:00.915,1.03766,1.03788,2.41,1.50
2012.06.19 11:08:01.048,1.03767,1.03791,1.66,1.50
2012.06.19 11:08:01.176,1.0377,1.03792,1.50,5.25
2012.06.19 11:08:01.784,1.03768,1.0379,3.91,1.50
2012.06.19 11:08:02.283,1.03768,1.03788,2.41,1.50
2012.06.19 11:08:02.839,1.03768,1.0379,3.91,1.50
2012.06.19 11:08:03.576,1.03768,1.0379,3.91,1.50
2012.06.19 11:08:04.127,1.03768,1.0379,3.91,1.50
2012.06.19 11:08:04.694,1.03768,1.0379,3.91,1.50
2012.06.19 11:08:05.237,1.03765,1.03789,1.66,1.50
2012.06.19 11:08:05.306,1.03764,1.03786,2.04,1.50
2012.06.19 11:08:05.375,1.03764,1.03786,2.04,1.50
2012.06.19 11:08:06.236,1.03764,1.03786,2.04,1.50
2012.06.19 11:08:06.786,1.03764,1.03786,2.04,1.50
2012.06.19 11:08:07.003,1.03766,1.03788,1.50,3.00
2012.06.19 11:08:08.467,1.03764,1.03786,4.14,1.50
2012.06.19 11:08:09.563,1.03765,1.03789,2.25,3.00
2012.06.19 11:08:10.934,1.03765,1.03789,1.50,1.50
2012.06.19 11:08:11.004,1.03765,1.03783,1.50,2.25
2012.06.19 11:08:11.545,1.03763,1.03783,1.66,2.25
2012.06.19 11:08:12.267,1.03763,1.03783,1.66,2.25
2012.06.19 11:08:12.808,1.03763,1.03783,1.66,2.25
2012.06.19 11:08:13.503,1.03763,1.03783,1.66,2.25
2012.06.19 11:08:14.258,1.03766,1.03783,1.50,2.25
2012.06.19 11:08:14.478,1.03764,1.03786,1.66,1.50
2012.06.19 11:08:14.629,1.03761,1.03783,2.04,2.25
2012.06.19 11:08:14.696,1.03762,1.03783,1.88,2.25
2012.06.19 11:08:14.825,1.0376,1.03782,1.66,1.50
2012.06.19 11:08:15.146,1.03759,1.03779,1.66,1.50
2012.06.19 11:08:15.276,1.0376,1.03781,1.66,1.50
2012.06.19 11:08:15.863,1.03762,1.03782,1.50,2.25
2012.06.19 11:08:15.939,1.0376,1.03782,1.50,3.00
2012.06.19 11:08:16.007,1.03758,1.0378,4.29,1.50
2012.06.19 11:08:16.317,1.03758,1.03772,2.26,2.25
2012.06.19 11:08:16.974,1.03752,1.03772,2.04,2.25
2012.06.19 11:08:17.167,1.03757,1.03779,1.66,2.25
2012.06.19 11:08:17.578,1.03758,1.03782,1.66,6.00
2012.06.19 11:08:17.883,1.03763,1.03783,1.50,4.65
2012.06.19 11:08:18.014,1.03761,1.03783,1.50,3.15
2012.06.19 11:08:18.637,1.0376,1.03783,1.66,2.25
2012.06.19 11:08:18.935,1.03763,1.03785,1.50,2.25
2012.06.19 11:08:19.258,1.03758,1.03782,1.66,1.50
2012.06.19 11:08:19.599,1.03757,1.03779,1.66,1.50
2012.06.19 11:08:19.669,1.03758,1.03782,1.66,1.50
2012.06.19 11:08:20.107,1.03756,1.0378,3.16,1.50
2012.06.19 11:08:20.415,1.03755,1.03778,1.66,1.50
2012.06.19 11:08:20.849,1.03751,1.03776,2.79,1.50
2012.06.19 11:08:21.534,1.03754,1.03777,1.66,3.00
2012.06.19 11:08:21.915,1.03757,1.03779,1.66,1.50
2012.06.19 11:08:22.494,1.03757,1.03779,1.66,1.50
2012.06.19 11:08:22.915,1.03754,1.03777,1.66,1.50
2012.06.19 11:08:23.603,1.03756,1.0378,1.66,1.50
2012.06.19 11:08:23.855,1.03758,1.03782,1.66,2.25
2012.06.19 11:08:23.986,1.03757,1.03779,3.91,1.50
2012.06.19 11:08:24.294,1.03755,1.03777,2.04,1.50
2012.06.19 11:08:24.368,1.03757,1.03779,2.79,1.35
2012.06.19 11:08:24.747,1.03755,1.03772,1.66,2.25
2012.06.19 11:08:24.817,1.03755,1.03778,1.66,2.25
2012.06.19 11:08:25.554,1.03756,1.03778,1.66,2.25
2012.06.19 11:08:26.065,1.03757,1.03781,1.66,2.25
2012.06.19 11:08:26.314,1.03762,1.03783,1.50,2.25
2012.06.19 11:08:26.684,1.03764,1.03786,1.50,2.25
2012.06.19 11:08:26.813,1.03764,1.03786,1.50,1.50
2012.06.19 11:08:27.006,1.03766,1.03788,1.50,2.25
2012.06.19 11:08:27.316,1.03768,1.0379,1.50,2.85
2012.06.19 11:08:27.836,1.03767,1.03789,1.50,1.50
2012.06.19 11:08:27.907,1.03765,1.03789,1.50,3.00
2012.06.19 11:08:28.706,1.03765,1.03789,1.50,3.00
2012.06.19 11:08:30.724,1.03765,1.03789,1.50,2.25
2012.06.19 11:08:32.044,1.03765,1.03789,1.50,2.25
2012.06.19 11:08:32.670,1.03765,1.03788,1.50,1.50
2012.06.19 11:08:33.383,1.03765,1.03789,1.50,2.25
2012.06.19 11:08:34.244,1.03765,1.03788,1.50,1.50
2012.06.19 11:08:34.934,1.03765,1.03789,1.50,2.25
2012.06.19 11:08:35.484,1.03763,1.03787,1.50,2.25
2012.06.19 11:08:36.183,1.03763,1.03786,1.50,1.50
2012.06.19 11:08:36.254,1.03761,1.03785,2.41,1.50
2012.06.19 11:08:37.220,1.0376,1.03782,1.66,1.50
2012.06.19 11:08:37.704,1.03763,1.03785,1.50,3.75
2012.06.19 11:08:37.833,1.03759,1.03783,1.50,3.75
2012.06.19 11:08:38.043,1.03761,1.03785,1.50,2.25
2012.06.19 11:08:38.372,1.0376,1.03782,1.50,3.75
2012.06.19 11:08:38.975,1.03761,1.03782,1.50,2.25
2012.06.19 11:08:39.555,1.0376,1.03782,1.50,3.75
2012.06.19 11:08:39.883,1.0376,1.03782,2.25,3.75
2012.06.19 11:08:40.137,1.03762,1.03784,1.50,2.25
2012.06.19 11:08:40.327,1.03761,1.03782,1.50,2.25
2012.06.19 11:08:40.396,1.03759,1.03781,1.66,1.50
2012.06.19 11:08:40.957,1.03754,1.03777,2.04,1.50
2012.06.19 11:08:41.029,1.03756,1.03779,2.04,1.50
2012.06.19 11:08:41.569,1.03753,1.03778,2.04,1.50
2012.06.19 11:08:41.817,1.03755,1.0378,1.66,2.25
2012.06.19 11:08:41.888,1.03754,1.03777,2.04,1.50
2012.06.19 11:08:42.234,1.03755,1.0378,1.66,3.75
2012.06.19 11:08:42.464,1.03753,1.03778,3.54,1.50
2012.06.19 11:08:42.995,1.03754,1.03777,2.04,1.50
2012.06.19 11:08:43.067,1.03758,1.03781,1.66,2.25
2012.06.19 11:08:43.196,1.03761,1.03782,1.50,3.00
2012.06.19 11:08:43.447,1.03759,1.03782,1.66,3.00
2012.06.19 11:08:43.697,1.03759,1.03782,2.04,2.25
2012.06.19 11:08:44.008,1.03762,1.03784,1.66,1.50
2012.06.19 11:08:44.337,1.03756,1.0378,1.66,1.50
2012.06.19 11:08:44.665,1.03754,1.03777,1.66,1.50
2012.06.19 11:08:45.110,1.03757,1.03779,1.66,1.50
2012.06.19 11:08:45.175,1.03757,1.03779,1.66,1.50
2012.06.19 11:08:45.905,1.03757,1.03779,1.66,2.25
2012.06.19 11:08:46.465,1.03753,1.03778,1.66,1.50
2012.06.19 11:08:46.995,1.03753,1.03778,1.66,1.50
2012.06.19 11:08:47.710,1.03753,1.03778,1.66,2.25
2012.06.19 11:08:50.713,1.03757,1.03779,1.66,1.50
2012.06.19 11:08:51.476,1.03756,1.0378,3.16,2.25
2012.06.19 11:08:51.546,1.03761,1.03783,1.50,4.50
2012.06.19 11:08:52.089,1.0376,1.03782,1.50,3.00
2012.06.19 11:08:52.896,1.03762,1.03782,1.50,2.25
2012.06.19 11:08:53.264,1.03762,1.03786,2.25,2.25
2012.06.19 11:08:53.333,1.03762,1.03786,2.41,1.50
2012.06.19 11:08:53.904,1.03765,1.03787,1.50,1.50
2012.06.19 11:08:54.255,1.03763,1.03785,1.66,1.50
2012.06.19 11:08:55.245,1.03763,1.03785,1.66,1.50
2012.06.19 11:08:56.583,1.03762,1.03786,2.41,1.50
2012.06.19 11:08:57.445,1.03762,1.03786,2.41,1.50
2012.06.19 11:08:58.286,1.03762,1.03786,2.41,1.50
2012.06.19 11:08:58.896,1.03765,1.03787,1.50,3.00
2012.06.19 11:09:00.416,1.03766,1.03789,1.50,1.50
2012.06.19 11:09:01.675,1.03766,1.03789,1.50,1.50
2012.06.19 11:09:02.845,1.03765,1.03787,1.50,1.50
2012.06.19 11:09:04.804,1.03766,1.0379,1.50,3.75
2012.06.19 11:09:05.269,1.03765,1.03787,1.66,1.50
2012.06.19 11:09:07.224,1.03766,1.03789,1.50,1.50
2012.06.19 11:09:07.871,1.03766,1.03789,1.50,1.50
2012.06.19 11:09:08.293,1.03763,1.03785,1.66,1.50
2012.06.19 11:09:08.513,1.03766,1.03788,1.50,1.50
2012.06.19 11:09:08.583,1.03766,1.0379,1.50,2.25
2012.06.19 11:09:09.096,1.03765,1.03788,1.66,1.50
2012.06.19 11:09:09.658,1.03765,1.03787,1.50,1.50
2012.06.19 11:09:10.207,1.03766,1.0379,1.50,3.00
2012.06.19 11:09:10.663,1.03766,1.0379,1.50,2.25
2012.06.19 11:09:11.204,1.03766,1.03789,1.50,1.50
2012.06.19 11:09:11.593,1.03762,1.03786,2.04,1.50
2012.06.19 11:09:11.891,1.03767,1.03789,1.50,2.25
2012.06.19 11:09:12.543,1.03769,1.03791,1.50,2.85
2012.06.19 11:09:12.983,1.03769,1.0379,1.50,1.50
2012.06.19 11:09:13.103,1.03767,1.03789,1.50,2.25
2012.06.19 11:09:13.465,1.03765,1.03787,1.66,1.50
2012.06.19 11:09:13.653,1.03766,1.03789,1.88,2.25
2012.06.19 11:09:14.205,1.03767,1.0379,2.25,2.25
2012.06.19 11:09:14.275,1.03769,1.03791,1.50,2.25
2012.06.19 11:09:14.442,1.03769,1.03791,1.50,1.50
2012.06.19 11:09:14.995,1.03768,1.03792,1.66,1.50
2012.06.19 11:09:15.328,1.03767,1.03789,3.91,1.50
2012.06.19 11:09:16.033,1.03768,1.03791,1.50,1.50
2012.06.19 11:09:16.225,1.03767,1.03788,2.41,1.50
2012.06.19 11:09:16.755,1.03768,1.03792,1.50,3.75
2012.06.19 11:09:17.292,1.03767,1.03789,1.66,2.25
2012.06.19 11:09:18.208,1.03764,1.03788,1.66,1.50
2012.06.19 11:09:18.776,1.03765,1.03787,1.66,3.00
2012.06.19 11:09:19.205,1.03766,1.0379,1.66,2.25
2012.06.19 11:09:19.276,1.03769,1.03791,1.50,2.25
2012.06.19 11:09:19.485,1.03766,1.03788,3.16,1.50
2012.06.19 11:09:19.616,1.03766,1.03785,1.66,1.50
2012.06.19 11:09:19.871,1.03765,1.03787,1.66,1.50
2012.06.19 11:09:20.355,1.03766,1.03783,1.66,2.25
2012.06.19 11:09:20.545,1.03764,1.03783,1.50,2.25
2012.06.19 11:09:21.872,1.03763,1.03783,1.66,2.25
2012.06.19 11:09:22.748,1.03763,1.03783,1.66,2.25
2012.06.19 11:09:23.262,1.03763,1.03783,1.66,2.25
2012.06.19 11:09:23.845,1.03761,1.03785,2.04,1.50
2012.06.19 11:09:24.266,1.03765,1.03786,1.50,1.50
2012.06.19 11:09:24.394,1.03767,1.03789,1.50,2.25
2012.06.19 11:09:24.945,1.03766,1.0379,1.50,2.25
2012.06.19 11:09:25.354,1.03765,1.03786,1.50,1.50
2012.06.19 11:09:25.623,1.03763,1.03785,2.04,1.50
2012.06.19 11:09:26.384,1.03763,1.03785,2.04,1.50
2012.06.19 11:09:26.454,1.03764,1.03788,1.66,2.25
2012.06.19 11:09:26.707,1.03764,1.03788,1.88,1.50
2012.06.19 11:09:27.018,1.03766,1.0379,1.88,2.25
2012.06.19 11:09:27.328,1.03773,1.03795,1.88,2.40
2012.06.19 11:09:27.901,1.0377,1.03794,1.66,1.50
2012.06.19 11:09:27.981,1.03768,1.03792,1.66,3.75
2012.06.19 11:09:28.058,1.03767,1.03789,1.66,1.50
2012.06.19 11:09:28.245,1.03764,1.03788,1.66,1.50
2012.06.19 11:09:28.316,1.03763,1.03785,2.04,1.50
2012.06.19 11:09:28.383,1.03765,1.03787,1.66,1.50
2012.06.19 11:09:29.056,1.03765,1.03787,1.66,1.50
2012.06.19 11:09:29.943,1.03765,1.03787,1.66,1.50
2012.06.19 11:09:30.235,1.03767,1.03789,1.50,2.25
2012.06.19 11:09:30.486,1.03766,1.0379,1.66,1.88
2012.06.19 11:09:30.555,1.03766,1.03788,1.66,1.50
2012.06.19 11:09:31.045,1.03766,1.0379,1.66,1.50
2012.06.19 11:09:31.197,1.03764,1.03788,1.66,1.50
2012.06.19 11:09:31.263,1.03764,1.03788,1.50,1.50
2012.06.19 11:09:33.473,1.03764,1.03787,1.50,1.50
2012.06.19 11:09:34.025,1.03766,1.03788,1.50,1.50
2012.06.19 11:09:34.496,1.03763,1.03787,2.04,1.50
2012.06.19 11:09:35.224,1.03763,1.03787,1.88,1.50
2012.06.19 11:09:35.625,1.03762,1.03784,1.66,1.50
2012.06.19 11:09:36.038,1.0376,1.03782,1.50,3.75
2012.06.19 11:09:36.465,1.03762,1.03783,1.50,1.50
2012.06.19 11:09:36.773,1.03767,1.03789,1.50,2.25
2012.06.19 11:09:37.114,1.03768,1.03789,2.63,1.50
2012.06.19 11:09:37.244,1.03769,1.03791,1.88,1.50
2012.06.19 11:09:38.217,1.03768,1.0379,4.13,1.50
2012.06.19 11:09:38.974,1.03769,1.03792,1.88,2.25
2012.06.19 11:09:39.285,1.03768,1.0379,3.75,1.50
2012.06.19 11:09:40.526,1.03767,1.03791,2.25,1.50
2012.06.19 11:09:42.104,1.03768,1.0379,1.50,1.50
2012.06.19 11:09:42.417,1.03774,1.03798,1.50,1.50
2012.06.19 11:09:42.858,1.03777,1.03799,1.50,3.00
2012.06.19 11:09:43.263,1.03778,1.03801,1.50,2.25
2012.06.19 11:09:43.464,1.03777,1.03799,3.75,1.50
2012.06.19 11:09:44.495,1.03774,1.03798,3.16,1.50
2012.06.19 11:09:44.725,1.03774,1.03796,1.66,1.50
2012.06.19 11:09:45.038,1.03769,1.03791,3.16,1.50
2012.06.19 11:09:45.541,1.03768,1.03789,2.79,1.50
2012.06.19 11:09:45.607,1.03772,1.03791,1.50,1.50
2012.06.19 11:09:45.738,1.03775,1.03792,1.50,2.25
2012.06.19 11:09:45.925,1.03777,1.03799,1.50,1.50
2012.06.19 11:09:46.179,1.03775,1.03799,1.50,3.00
2012.06.19 11:09:46.738,1.03769,1.03792,2.64,2.25
2012.06.19 11:09:47.106,1.03771,1.03792,1.66,2.25
2012.06.19 11:09:47.657,1.03767,1.03791,2.41,1.50
2012.06.19 11:09:48.116,1.0377,1.03794,2.04,1.50
2012.06.19 11:09:48.243,1.03773,1.03795,1.66,3.00
2012.06.19 11:09:50.534,1.03771,1.03793,3.16,1.50
2012.06.19 11:09:51.134,1.03771,1.03793,1.66,1.50
2012.06.19 11:09:51.862,1.03771,1.03793,1.66,1.50
2012.06.19 11:09:52.794,1.03771,1.03793,1.66,1.50
2012.06.19 11:09:53.372,1.03773,1.03795,1.66,1.50
2012.06.19 11:09:53.506,1.03772,1.03792,1.66,2.25
2012.06.19 11:09:53.884,1.03767,1.03789,1.66,1.50
2012.06.19 11:09:54.422,1.03767,1.03789,1.66,1.50
2012.06.19 11:09:54.493,1.03767,1.03789,1.66,1.50
2012.06.19 11:09:57.065,1.03764,1.03788,1.66,1.50
2012.06.19 11:09:58.134,1.03764,1.03788,1.66,1.50
2012.06.19 11:09:58.266,1.03771,1.0379,1.50,1.50
2012.06.19 11:09:58.336,1.03771,1.03792,3.00,2.25
2012.06.19 11:09:58.717,1.03773,1.03797,1.50,2.25
2012.06.19 11:09:58.966,1.03773,1.03797,1.66,1.50
2012.06.19 11:09:59.476,1.03774,1.03796,1.66,1.50
2012.06.19 11:09:59.795,1.03772,1.03794,1.66,1.50
2012.06.19 11:10:00.106,1.03772,1.03792,1.66,2.25
2012.06.19 11:10:00.174,1.03772,1.03792,1.66,2.25
2012.06.19 11:10:00.869,1.03771,1.03792,2.04,2.25
2012.06.19 11:10:01.849,1.03771,1.03792,2.04,2.25
2012.06.19 11:10:02.364,1.03772,1.03792,1.66,2.25
2012.06.19 11:10:02.770,1.0377,1.03792,1.66,2.25
2012.06.19 11:10:03.318,1.03771,1.03793,1.50,1.50
2012.06.19 11:10:04.050,1.03773,1.03795,1.50,2.25
2012.06.19 11:10:04.436,1.0377,1.03794,3.00,1.50
2012.06.19 11:10:05.047,1.0377,1.03794,1.66,3.00
2012.06.19 11:10:05.116,1.03769,1.03791,1.66,1.50
2012.06.19 11:10:05.184,1.03766,1.0379,1.66,1.50
2012.06.19 11:10:05.377,1.03771,1.03793,1.50,5.25
2012.06.19 11:10:05.744,1.03775,1.03792,1.50,2.25
2012.06.19 11:10:05.933,1.03772,1.03793,1.50,2.25
2012.06.19 11:10:06.004,1.0377,1.03793,1.50,2.25
2012.06.19 11:10:06.075,1.03769,1.03791,1.66,1.50
2012.06.19 11:10:06.465,1.03771,1.03793,1.50,3.75
2012.06.19 11:10:07.465,1.03771,1.03793,1.88,2.25
2012.06.19 11:10:07.718,1.03773,1.03796,1.88,2.25
2012.06.19 11:10:07.786,1.03776,1.03796,1.50,2.25
2012.06.19 11:10:08.155,1.03771,1.03791,1.50,1.50
2012.06.19 11:10:08.240,1.03767,1.03789,1.66,1.50
2012.06.19 11:10:08.379,1.03769,1.03791,1.50,1.50
2012.06.19 11:10:08.509,1.03768,1.03789,2.41,1.50
2012.06.19 11:10:08.850,1.03765,1.03787,1.66,1.50
2012.06.19 11:10:09.235,1.03767,1.03789,1.66,1.50
2012.06.19 11:10:09.766,1.03767,1.03789,1.66,1.50
2012.06.19 11:10:10.487,1.03767,1.03789,1.66,1.50
2012.06.19 11:10:11.864,1.03767,1.03789,1.66,1.50
2012.06.19 11:10:12.373,1.03764,1.03788,2.79,1.50
2012.06.19 11:10:13.055,1.03765,1.03787,2.41,1.50
2012.06.19 11:10:13.125,1.03768,1.03787,2.79,1.50
2012.06.19 11:10:13.197,1.03768,1.03789,2.79,3.00
2012.06.19 11:10:13.643,1.03769,1.03791,2.04,3.00
2012.06.19 11:10:14.174,1.03768,1.0379,2.79,1.50
2012.06.19 11:10:14.245,1.03768,1.03792,4.29,3.75
2012.06.19 11:10:14.554,1.03768,1.03792,3.91,3.75
2012.06.19 11:10:14.734,1.03768,1.0379,2.79,1.50
2012.06.19 11:10:14.864,1.03768,1.03792,4.29,3.75
2012.06.19 11:10:16.097,1.0377,1.03792,1.50,2.25
2012.06.19 11:10:18.313,1.0377,1.03792,1.66,2.25
2012.06.19 11:10:19.549,1.03769,1.03791,3.16,1.50
2012.06.19 11:10:20.076,1.03768,1.0379,2.79,1.50
2012.06.19 11:10:20.435,1.03768,1.03792,4.29,3.75
2012.06.19 11:10:20.652,1.03768,1.0379,2.79,1.50
2012.06.19 11:10:21.856,1.0377,1.03792,1.66,2.25
2012.06.19 11:10:22.760,1.03769,1.03791,1.66,1.50
2012.06.19 11:10:24.073,1.03769,1.03791,1.66,1.50
2012.06.19 11:10:25.044,1.03769,1.03791,1.66,1.50
2012.06.19 11:10:25.953,1.03771,1.03792,1.66,2.25
2012.06.19 11:10:27.067,1.0377,1.03792,1.50,3.00
2012.06.19 11:10:27.254,1.03768,1.0379,1.50,1.50
2012.06.19 11:10:27.793,1.03767,1.03791,1.66,2.25
2012.06.19 11:10:28.725,1.03768,1.03791,1.50,1.50
2012.06.19 11:10:28.916,1.0377,1.03792,1.50,4.50
2012.06.19 11:10:29.045,1.03767,1.03791,1.50,1.50
2012.06.19 11:10:29.180,1.03769,1.03792,1.50,3.00
2012.06.19 11:10:29.494,1.03767,1.03789,2.79,1.50
2012.06.19 11:10:29.807,1.03771,1.03792,2.25,2.25
2012.06.19 11:10:30.059,1.03771,1.03795,2.04,2.25
2012.06.19 11:10:30.254,1.03771,1.03795,2.79,1.50
2012.06.19 11:10:30.333,1.03773,1.03797,2.04,3.00
2012.06.19 11:10:30.853,1.03775,1.03798,1.88,1.35
2012.06.19 11:10:33.496,1.03777,1.03798,1.50,1.35
2012.06.19 11:10:34.085,1.03777,1.03799,1.50,1.50
2012.06.19 11:10:34.746,1.03777,1.03799,1.50,1.50
2012.06.19 11:10:35.454,1.03777,1.03801,1.50,2.25
2012.06.19 11:10:36.017,1.03775,1.03799,1.88,2.25
2012.06.19 11:10:36.085,1.03778,1.038,1.50,2.25
2012.06.19 11:10:36.234,1.03775,1.03799,3.38,2.25
2012.06.19 11:10:36.453,1.03778,1.038,1.50,3.75
2012.06.19 11:10:36.583,1.03776,1.03798,1.88,1.50
2012.06.19 11:10:36.953,1.03773,1.03797,2.04,1.50
2012.06.19 11:10:37.024,1.03776,1.03798,1.50,2.25
2012.06.19 11:10:37.375,1.03778,1.038,1.50,2.25
2012.06.19 11:10:37.772,1.03775,1.03799,3.38,2.25
2012.06.19 11:10:38.579,1.03775,1.03799,1.88,2.25
2012.06.19 11:10:38.764,1.03778,1.038,1.50,3.75
2012.06.19 11:10:39.034,1.03775,1.03799,1.88,2.25
2012.06.19 11:10:40.418,1.03777,1.03801,1.50,3.75
2012.06.19 11:10:40.963,1.03775,1.03799,1.88,2.25
2012.06.19 11:10:41.795,1.03778,1.038,1.50,3.75
2012.06.19 11:10:42.445,1.03778,1.038,1.50,2.25
2012.06.19 11:10:43.812,1.03776,1.03798,3.38,1.50
2012.06.19 11:10:45.296,1.03773,1.03797,2.04,1.50
2012.06.19 11:10:45.523,1.03775,1.03799,2.04,3.00
2012.06.19 11:10:47.664,1.03775,1.03799,1.50,1.50
2012.06.19 11:10:48.266,1.03776,1.03798,1.88,1.50
2012.06.19 11:10:48.597,1.03774,1.03792,1.66,2.25
2012.06.19 11:10:48.940,1.03771,1.03791,1.66,1.50
2012.06.19 11:10:49.427,1.03775,1.03792,1.50,2.25
2012.06.19 11:10:49.847,1.03774,1.03798,1.50,1.50
2012.06.19 11:10:50.437,1.03775,1.03798,1.88,2.25
2012.06.19 11:10:50.744,1.03778,1.03801,1.50,1.35
2012.06.19 11:10:51.847,1.03778,1.03799,1.50,1.50
2012.06.19 11:10:52.405,1.03776,1.038,1.50,2.25
2012.06.19 11:10:55.067,1.03775,1.03797,2.04,1.50
2012.06.19 11:10:55.269,1.03772,1.03796,2.04,1.50
2012.06.19 11:10:55.407,1.03772,1.03796,2.04,2.25
2012.06.19 11:10:55.536,1.0377,1.03794,1.66,2.25
2012.06.19 11:10:55.667,1.03768,1.03792,3.16,3.75
2012.06.19 11:10:56.061,1.03767,1.03789,2.04,1.50
2012.06.19 11:10:56.564,1.03772,1.03792,2.41,2.25
2012.06.19 11:10:58.154,1.03773,1.03792,1.50,2.25
2012.06.19 11:10:58.225,1.03775,1.03792,1.50,2.25
2012.06.19 11:10:58.297,1.03773,1.03792,1.50,2.25
2012.06.19 11:10:58.364,1.03773,1.03792,1.88,2.25
2012.06.19 11:10:58.677,1.03778,1.03792,1.50,2.25
2012.06.19 11:10:58.748,1.03778,1.03798,2.25,1.50
2012.06.19 11:10:59.295,1.03778,1.03793,1.50,2.25
2012.06.19 11:10:59.423,1.03778,1.038,1.50,2.25
2012.06.19 11:10:59.944,1.03778,1.038,1.50,2.25
2012.06.19 11:11:00.726,1.03775,1.03799,1.66,1.50
2012.06.19 11:11:02.405,1.03778,1.038,1.50,1.50
2012.06.19 11:11:04.656,1.03776,1.03798,1.66,1.50
2012.06.19 11:11:05.743,1.03777,1.038,1.50,1.50
2012.06.19 11:11:06.357,1.03778,1.038,1.50,2.25
2012.06.19 11:11:07.314,1.03776,1.03798,1.66,2.25
2012.06.19 11:11:07.978,1.03777,1.038,1.50,1.50
2012.06.19 11:11:08.107,1.03777,1.03801,1.50,2.25
2012.06.19 11:11:09.082,1.03777,1.03801,1.50,2.25
2012.06.19 11:11:10.407,1.03777,1.03801,1.50,2.25
2012.06.19 11:11:11.153,1.0378,1.03802,1.50,4.50
2012.06.19 11:11:11.436,1.03778,1.038,1.50,2.25
2012.06.19 11:11:11.684,1.03775,1.03799,3.16,1.50
2012.06.19 11:11:12.446,1.03777,1.03801,1.50,2.25
2012.06.19 11:11:14.722,1.03777,1.03801,1.50,2.25
2012.06.19 11:11:15.272,1.03777,1.03801,1.50,2.25
2012.06.19 11:11:17.204,1.0378,1.03802,1.50,6.00
2012.06.19 11:11:17.734,1.03782,1.03802,1.50,3.00
2012.06.19 11:11:17.807,1.03781,1.03802,1.50,2.25
2012.06.19 11:11:18.324,1.03778,1.03802,3.91,3.75
2012.06.19 11:11:18.734,1.03781,1.03802,1.50,2.25
2012.06.19 11:11:20.232,1.03779,1.03801,3.16,1.50
2012.06.19 11:11:20.735,1.03778,1.03802,3.91,3.75
2012.06.19 11:11:20.803,1.03781,1.03802,1.50,2.25
2012.06.19 11:11:21.054,1.03779,1.03802,1.50,3.75
2012.06.19 11:11:21.543,1.03781,1.03802,1.50,2.25
2012.06.19 11:11:21.813,1.03779,1.03801,1.66,1.50
2012.06.19 11:11:22.200,1.03781,1.03802,1.50,2.25
2012.06.19 11:11:22.695,1.03778,1.03802,3.91,3.75
2012.06.19 11:11:24.276,1.03781,1.03802,1.50,2.25
2012.06.19 11:11:24.406,1.03778,1.03802,1.50,2.25
2012.06.19 11:11:24.476,1.03778,1.03801,1.50,1.50
2012.06.19 11:11:24.545,1.03776,1.038,1.50,2.25
2012.06.19 11:11:24.964,1.03778,1.038,1.50,1.50
2012.06.19 11:11:25.555,1.03777,1.03799,1.50,2.25
2012.06.19 11:11:26.739,1.03776,1.038,1.50,1.50
2012.06.19 11:11:27.288,1.03779,1.03801,1.50,2.25
2012.06.19 11:11:28.017,1.03777,1.038,1.50,2.25
2012.06.19 11:11:28.529,1.03778,1.03801,1.50,2.25
2012.06.19 11:11:29.073,1.03778,1.03802,1.50,2.63
2012.06.19 11:11:29.366,1.03774,1.03798,1.50,2.25
2012.06.19 11:11:29.496,1.03771,1.03795,1.66,1.88
2012.06.19 11:11:29.805,1.0377,1.03792,1.50,3.00
2012.06.19 11:11:29.875,1.03767,1.03791,1.50,1.50
2012.06.19 11:11:30.024,1.0377,1.03792,1.50,1.50
2012.06.19 11:11:30.334,1.03768,1.0379,1.50,1.50
2012.06.19 11:11:32.322,1.0377,1.03792,1.50,3.00
2012.06.19 11:11:33.646,1.0377,1.03792,2.25,2.25
2012.06.19 11:11:34.168,1.03773,1.03793,1.50,2.25
2012.06.19 11:11:34.475,1.03779,1.03801,1.50,2.25
2012.06.19 11:11:34.606,1.03778,1.03798,2.25,1.50
2012.06.19 11:11:34.738,1.03775,1.03792,2.04,2.25
2012.06.19 11:11:34.868,1.03773,1.03792,3.16,2.25
2012.06.19 11:11:35.459,1.03767,1.03791,1.66,1.50
2012.06.19 11:11:35.767,1.03771,1.03791,1.29,1.50
2012.06.19 11:11:35.840,1.03774,1.03793,1.88,1.50
2012.06.19 11:11:35.906,1.03774,1.03796,1.88,1.50
2012.06.19 11:11:36.309,1.03774,1.03796,1.88,2.55
2012.06.19 11:11:36.381,1.03775,1.03797,1.50,1.50
2012.06.19 11:11:36.567,1.03776,1.038,1.50,2.25
2012.06.19 11:11:36.763,1.03774,1.03798,3.38,1.50
2012.06.19 11:11:37.266,1.03774,1.03798,1.88,2.25
2012.06.19 11:11:37.578,1.03777,1.03799,1.50,2.25
2012.06.19 11:11:37.709,1.03774,1.03798,1.88,1.50
2012.06.19 11:11:38.524,1.03774,1.03797,1.88,1.50
2012.06.19 11:11:38.655,1.03771,1.03793,2.04,1.50
2012.06.19 11:11:38.845,1.03771,1.03793,1.66,5.25
2012.06.19 11:11:38.915,1.03769,1.03791,2.04,1.50
2012.06.19 11:11:39.227,1.03769,1.03791,2.04,1.50
2012.06.19 11:11:39.296,1.03771,1.03793,1.50,4.50
2012.06.19 11:11:40.960,1.03771,1.03792,1.50,1.50
2012.06.19 11:11:41.025,1.03767,1.0379,2.79,1.50
2012.06.19 11:11:41.288,1.03768,1.03792,1.14,1.50
2012.06.19 11:11:41.685,1.03768,1.03792,1.14,1.50
2012.06.19 11:11:42.133,1.03772,1.03795,1.13,2.25
2012.06.19 11:11:42.575,1.03769,1.03793,1.73,2.25
2012.06.19 11:11:43.286,1.03769,1.03792,1.89,1.50
2012.06.19 11:11:44.415,1.03769,1.03793,1.73,3.75
2012.06.19 11:11:44.551,1.03772,1.03793,1.13,2.25
2012.06.19 11:11:44.873,1.03775,1.03794,1.13,1.50
2012.06.19 11:11:45.707,1.03776,1.03795,1.13,1.50
2012.06.19 11:11:45.779,1.03776,1.03798,1.13,1.50
2012.06.19 11:11:46.756,1.03776,1.03795,1.13,1.50
2012.06.19 11:11:47.198,1.03772,1.03798,1.29,1.50
2012.06.19 11:11:47.597,1.03775,1.03796,1.13,1.50
2012.06.19 11:11:47.906,1.03778,1.03796,2.63,1.50
2012.06.19 11:11:48.039,1.03778,1.03798,2.63,1.50
2012.06.19 11:11:52.457,1.03779,1.03799,1.13,1.50
2012.06.19 11:11:52.587,1.03778,1.03799,2.25,1.50
2012.06.19 11:11:53.227,1.03778,1.03802,2.25,6.00
2012.06.19 11:11:54.434,1.03778,1.038,2.25,1.50
2012.06.19 11:11:54.955,1.03778,1.03797,2.25,1.50
2012.06.19 11:11:55.139,1.03778,1.038,2.25,3.00
2012.06.19 11:11:56.216,1.03778,1.03798,2.63,1.50
2012.06.19 11:11:57.314,1.03772,1.03798,2.04,1.50
2012.06.19 11:11:57.385,1.03771,1.03796,4.29,1.50
2012.06.19 11:11:57.920,1.03772,1.03796,2.04,1.50
2012.06.19 11:11:58.866,1.03772,1.03796,2.04,1.50
2012.06.19 11:12:00.214,1.03772,1.03796,2.04,1.50
2012.06.19 11:12:00.546,1.0377,1.03792,2.04,2.25
2012.06.19 11:12:00.678,1.0377,1.03792,1.88,2.25
2012.06.19 11:12:07.649,1.03768,1.03791,2.79,1.50
2012.06.19 11:12:07.717,1.03769,1.03792,2.64,2.25
2012.06.19 11:12:08.025,1.03778,1.03794,2.25,1.50
2012.06.19 11:12:08.154,1.03778,1.03799,2.25,1.50
2012.06.19 11:12:08.445,1.03778,1.03797,2.25,1.50
2012.06.19 11:12:11.885,1.03778,1.038,2.41,1.50
2012.06.19 11:12:12.515,1.03778,1.03798,2.25,1.50
2012.06.19 11:12:15.775,1.03778,1.03795,2.25,1.50
2012.06.19 11:12:16.147,1.03778,1.03797,2.41,1.50
2012.06.19 11:12:16.218,1.03778,1.03795,2.41,1.50
2012.06.19 11:12:16.415,1.03778,1.03797,2.41,1.50
2012.06.19 11:12:16.968,1.03778,1.03798,2.25,3.75
2012.06.19 11:12:18.343,1.03778,1.03795,2.25,1.50
2012.06.19 11:12:18.473,1.03778,1.03797,2.41,1.50
2012.06.19 11:12:18.657,1.03778,1.03799,2.25,1.50
2012.06.19 11:12:19.419,1.03778,1.03796,2.25,1.50
2012.06.19 11:12:19.785,1.03778,1.03792,2.25,1.50
2012.06.19 11:12:19.854,1.03772,1.03792,1.14,1.50
2012.06.19 11:12:22.014,1.03772,1.03793,1.14,1.50
2012.06.19 11:12:23.074,1.0377,1.03792,1.14,1.50
2012.06.19 11:12:23.207,1.03771,1.0379,1.14,1.50
2012.06.19 11:12:23.336,1.03771,1.03793,1.14,1.50
2012.06.19 11:12:23.922,1.03776,1.03793,2.10,1.50
2012.06.19 11:12:23.989,1.03771,1.03796,1.51,1.50
2012.06.19 11:12:24.189,1.03771,1.03796,1.89,1.50
2012.06.19 11:12:24.355,1.03777,1.03799,2.63,3.38
2012.06.19 11:12:24.868,1.03777,1.03801,2.63,2.25
2012.06.19 11:12:25.056,1.03777,1.03799,2.63,1.50
2012.06.19 11:12:25.125,1.03777,1.03802,4.13,2.25
2012.06.19 11:12:25.197,1.03777,1.03799,2.63,1.50
2012.06.19 11:12:26.909,1.03777,1.03799,2.63,2.25
2012.06.19 11:12:28.008,1.03777,1.03799,2.63,1.50
2012.06.19 11:12:28.336,1.03777,1.03795,2.63,1.50
2012.06.19 11:12:28.524,1.03777,1.03801,2.79,2.25
2012.06.19 11:12:29.603,1.03779,1.03803,1.66,4.35
2012.06.19 11:12:29.889,1.03779,1.03803,1.66,3.60
2012.06.19 11:12:30.404,1.03777,1.03799,2.79,1.50
2012.06.19 11:12:30.945,1.0377,1.03793,2.41,2.25
2012.06.19 11:12:31.254,1.03777,1.03798,2.63,2.25
2012.06.19 11:12:31.744,1.03771,1.03796,2.79,1.50
2012.06.19 11:12:31.813,1.03774,1.03796,1.13,1.50
2012.06.19 11:12:32.063,1.03774,1.03798,1.29,1.50
2012.06.19 11:12:33.585,1.03774,1.03799,2.79,3.75
2012.06.19 11:12:33.656,1.03776,1.03799,1.29,3.00
2012.06.19 11:12:33.895,1.03777,1.03801,2.79,3.00
2012.06.19 11:12:34.025,1.03777,1.03797,2.79,1.50
2012.06.19 11:12:34.396,1.03776,1.03801,2.41,1.50
2012.06.19 11:12:34.646,1.03781,1.038,1.35,1.50
2012.06.19 11:12:34.777,1.03788,1.03812,2.25,3.15
2012.06.19 11:12:34.907,1.03788,1.03812,2.25,4.50
2012.06.19 11:12:35.675,1.03782,1.03807,1.29,1.50
2012.06.19 11:12:35.948,1.03783,1.03807,1.29,1.50
2012.06.19 11:12:36.467,1.03781,1.03807,1.29,1.50
2012.06.19 11:12:36.827,1.03782,1.03809,2.04,1.50
2012.06.19 11:12:37.075,1.03781,1.03806,2.41,1.50
2012.06.19 11:12:37.483,1.03778,1.038,3.01,1.50
2012.06.19 11:12:37.628,1.03778,1.03803,2.41,1.50
2012.06.19 11:12:38.065,1.03778,1.03805,3.91,1.50
2012.06.19 11:12:38.198,1.03779,1.03805,1.14,1.50
2012.06.19 11:12:38.386,1.03788,1.03811,2.41,1.50
2012.06.19 11:12:38.726,1.03782,1.03809,3.54,1.50
2012.06.19 11:12:39.237,1.03785,1.0381,1.66,1.50
2012.06.19 11:12:39.767,1.03787,1.03812,1.66,2.10
2012.06.19 11:12:39.958,1.03787,1.03813,2.04,5.10
2012.06.19 11:12:40.327,1.0379,1.03813,1.88,3.75
2012.06.19 11:12:40.963,1.03788,1.03813,2.04,3.75
2012.06.19 11:12:41.926,1.0379,1.03813,2.63,2.25
2012.06.19 11:12:42.165,1.03798,1.03814,2.25,2.25
2012.06.19 11:12:43.176,1.03798,1.03819,2.63,1.50
2012.06.19 11:12:43.247,1.03798,1.03814,2.25,1.50
2012.06.19 11:12:43.377,1.0379,1.03813,2.04,2.25
2012.06.19 11:12:43.567,1.03789,1.03815,1.14,3.00
2012.06.19 11:12:43.639,1.03789,1.03813,1.14,2.25
2012.06.19 11:12:44.195,1.03791,1.03812,1.29,1.50
2012.06.19 11:12:44.267,1.03791,1.03815,1.29,1.50
2012.06.19 11:12:44.336,1.03791,1.03817,1.29,1.50
2012.06.19 11:12:46.209,1.03791,1.03815,1.29,1.50
2012.06.19 11:12:46.514,1.03791,1.03812,1.29,3.75
2012.06.19 11:12:46.973,1.03789,1.03812,2.04,2.25
2012.06.19 11:12:52.254,1.03793,1.03812,1.50,2.25
2012.06.19 11:12:52.324,1.03791,1.03812,2.63,2.25
2012.06.19 11:12:54.106,1.03788,1.03812,3.39,2.25
2012.06.19 11:12:54.807,1.0379,1.03812,2.04,2.25
2012.06.19 11:12:55.779,1.03788,1.03812,3.39,2.25
2012.06.19 11:12:56.334,1.03789,1.03812,2.04,2.25
2012.06.19 11:12:57.417,1.03788,1.03807,2.79,2.10
2012.06.19 11:12:57.606,1.03782,1.03807,1.29,1.50
2012.06.19 11:12:57.738,1.03782,1.03809,2.79,1.50
2012.06.19 11:12:58.286,1.03789,1.03812,1.50,2.25
2012.06.19 11:12:58.726,1.03788,1.0381,2.25,1.50
2012.06.19 11:12:58.794,1.03786,1.0381,1.66,1.50
2012.06.19 11:12:59.339,1.03784,1.0381,2.04,2.25
2012.06.19 11:13:00.054,1.03784,1.03809,2.04,1.50
2012.06.19 11:13:00.815,1.03785,1.03809,1.29,1.50
2012.06.19 11:13:01.364,1.03784,1.03809,2.04,1.50
2012.06.19 11:13:02.447,1.03784,1.03809,2.04,1.50
2012.06.19 11:13:02.999,1.03784,1.03809,2.04,1.50
2012.06.19 11:13:03.974,1.03783,1.03807,2.04,1.50
2012.06.19 11:13:04.206,1.03782,1.03809,2.04,1.50
2012.06.19 11:13:04.754,1.03784,1.0381,2.04,1.50
2012.06.19 11:13:07.787,1.03784,1.0381,2.04,1.50
2012.06.19 11:13:09.635,1.03784,1.0381,2.04,2.25
2012.06.19 11:13:10.562,1.03784,1.0381,2.04,3.00
2012.06.19 11:13:10.984,1.03782,1.03806,2.04,1.50
2012.06.19 11:13:11.394,1.0378,1.03802,1.66,2.25
2012.06.19 11:13:11.525,1.03779,1.03802,1.66,1.50
2012.06.19 11:13:11.601,1.03779,1.03802,2.41,1.50
2012.06.19 11:13:12.024,1.03782,1.03807,2.79,2.25
2012.06.19 11:13:12.733,1.03784,1.03809,1.88,2.25
2012.06.19 11:13:13.465,1.03783,1.03808,2.04,1.50
2012.06.19 11:13:14.158,1.03783,1.03809,2.04,1.50
2012.06.19 11:13:14.776,1.03784,1.03809,1.29,1.50
2012.06.19 11:13:15.715,1.03783,1.03809,2.04,1.50
2012.06.19 11:13:16.353,1.03783,1.03809,2.04,1.50
2012.06.19 11:13:16.897,1.03783,1.03809,2.04,1.50
2012.06.19 11:13:17.286,1.03786,1.03811,1.50,2.25
2012.06.19 11:13:17.476,1.03788,1.03812,1.50,2.25
2012.06.19 11:13:17.783,1.03789,1.03813,1.66,2.25
2012.06.19 11:13:18.578,1.03782,1.03803,1.66,2.25
2012.06.19 11:13:19.567,1.03782,1.03803,1.66,2.25
2012.06.19 11:13:20.935,1.03783,1.03803,1.66,2.25
2012.06.19 11:13:21.454,1.03784,1.03803,1.50,2.25
2012.06.19 11:13:24.601,1.03781,1.03803,2.41,2.25
2012.06.19 11:13:26.263,1.03783,1.03803,1.66,2.25
2012.06.19 11:13:27.635,1.03783,1.03803,1.66,2.25
2012.06.19 11:13:28.489,1.03783,1.03803,1.66,2.25
2012.06.19 11:13:29.327,1.03782,1.03803,1.66,2.25
2012.06.19 11:13:29.634,1.03786,1.0381,1.50,3.15
2012.06.19 11:13:30.365,1.03787,1.03811,1.50,1.35
2012.06.19 11:13:30.956,1.03788,1.03812,1.50,3.00
2012.06.19 11:13:31.588,1.03788,1.03812,1.50,3.00
2012.06.19 11:13:31.775,1.03786,1.03812,1.50,3.00
2012.06.19 11:13:32.085,1.03784,1.03808,1.66,1.50
2012.06.19 11:13:32.404,1.03781,1.03802,2.41,2.25
2012.06.19 11:13:35.605,1.03783,1.03802,1.66,2.25
2012.06.19 11:13:35.914,1.03783,1.03809,1.66,2.63
2012.06.19 11:13:36.109,1.03784,1.0381,2.41,2.25
2012.06.19 11:13:36.736,1.03785,1.03812,2.25,4.50
2012.06.19 11:13:37.376,1.03788,1.03812,1.50,3.00
2012.06.19 11:13:38.065,1.03787,1.03811,1.50,2.25
2012.06.19 11:13:38.377,1.03792,1.03812,1.50,2.25
2012.06.19 11:13:38.514,1.03795,1.03819,1.50,3.00
2012.06.19 11:13:38.585,1.03792,1.03819,2.04,3.00
2012.06.19 11:13:39.144,1.03792,1.03818,1.88,1.50
2012.06.19 11:13:40.929,1.03796,1.03818,1.88,1.50
2012.06.19 11:13:41.236,1.03799,1.03818,1.50,1.50
2012.06.19 11:13:41.489,1.03794,1.0382,1.88,2.25
2012.06.19 11:13:41.616,1.03791,1.03816,4.29,1.50
2012.06.19 11:13:42.029,1.03791,1.03816,1.50,2.25
2012.06.19 11:13:42.155,1.03788,1.03812,4.29,2.25
2012.06.19 11:13:44.135,1.03789,1.03812,2.64,2.25
2012.06.19 11:13:44.385,1.03798,1.03821,2.25,3.00
2012.06.19 11:13:50.529,1.03793,1.03817,2.64,1.50
2012.06.19 11:13:50.834,1.03791,1.03816,2.04,1.50
2012.06.19 11:13:51.084,1.03791,1.03812,2.04,2.25
2012.06.19 11:13:51.415,1.03792,1.03812,1.88,2.25
2012.06.19 11:13:51.744,1.03792,1.03816,1.13,2.25
2012.06.19 11:13:52.389,1.03792,1.03816,1.29,1.50
2012.06.19 11:13:52.588,1.03792,1.03818,2.79,1.50
2012.06.19 11:13:52.894,1.03792,1.03816,1.29,1.50
2012.06.19 11:13:53.325,1.03792,1.03818,2.79,1.50
2012.06.19 11:13:53.399,1.03795,1.03818,1.13,2.25
2012.06.19 11:13:53.872,1.03792,1.03816,1.29,1.50
2012.06.19 11:13:54.479,1.03793,1.03818,2.04,2.25
2012.06.19 11:13:54.977,1.03792,1.03816,1.29,1.50
2012.06.19 11:13:55.149,1.03793,1.03819,2.04,3.75
2012.06.19 11:13:55.956,1.03795,1.03821,1.88,2.25
2012.06.19 11:13:57.676,1.03795,1.03821,1.88,2.25
2012.06.19 11:13:57.753,1.03793,1.03819,2.04,2.25
2012.06.19 11:13:58.547,1.03793,1.03819,1.88,2.25
2012.06.19 11:14:00.633,1.03794,1.03819,1.13,2.25
2012.06.19 11:14:00.948,1.03798,1.03817,2.63,1.50
2012.06.19 11:14:01.078,1.0379,1.03813,1.29,1.50
2012.06.19 11:14:01.625,1.0379,1.03812,1.29,1.50
2012.06.19 11:14:01.707,1.0379,1.03814,1.29,1.50
2012.06.19 11:14:02.243,1.0379,1.03815,1.29,1.50
2012.06.19 11:14:02.417,1.03787,1.03813,4.29,1.50
2012.06.19 11:14:02.727,1.03791,1.03817,2.79,1.50
2012.06.19 11:14:03.099,1.03793,1.03819,1.88,3.00
2012.06.19 11:14:03.534,1.03792,1.03816,2.04,1.50
2012.06.19 11:14:04.370,1.03792,1.03816,2.04,1.50
2012.06.19 11:14:05.115,1.03794,1.03818,1.88,3.00
2012.06.19 11:14:05.184,1.03794,1.03818,1.88,1.50
2012.06.19 11:14:05.778,1.03793,1.03819,1.88,2.25
2012.06.19 11:14:06.146,1.03793,1.03819,1.50,1.50
2012.06.19 11:14:06.217,1.03793,1.03812,1.50,2.25
2012.06.19 11:14:06.807,1.03792,1.03812,2.63,2.25
2012.06.19 11:14:07.390,1.03792,1.03812,1.88,2.25
2012.06.19 11:14:11.164,1.03792,1.03812,2.04,2.25
2012.06.19 11:14:11.705,1.03792,1.03812,2.79,2.25
2012.06.19 11:14:11.894,1.03796,1.03818,1.35,2.25
2012.06.19 11:14:11.966,1.03796,1.03818,1.73,2.25
2012.06.19 11:14:12.273,1.03797,1.0382,3.75,2.25
2012.06.19 11:14:12.345,1.03797,1.0382,1.66,1.50
2012.06.19 11:14:12.475,1.03796,1.03818,1.51,1.50
2012.06.19 11:14:12.785,1.03793,1.03812,1.66,2.25
2012.06.19 11:14:12.976,1.03794,1.03816,1.29,1.50
2012.06.19 11:14:13.044,1.03794,1.03819,2.79,1.50
2012.06.19 11:14:13.255,1.03796,1.03821,2.41,1.50
2012.06.19 11:14:13.645,1.03795,1.03818,2.41,1.50
2012.06.19 11:14:17.006,1.03795,1.03818,1.66,1.50
2012.06.19 11:14:17.133,1.03793,1.03816,1.50,1.50
2012.06.19 11:14:17.204,1.03793,1.03813,1.50,2.25
2012.06.19 11:14:21.996,1.03793,1.03813,2.41,2.25
2012.06.19 11:14:25.398,1.03793,1.03813,1.50,2.25
2012.06.19 11:14:27.335,1.03794,1.03813,1.50,2.25
2012.06.19 11:14:28.196,1.03794,1.03813,2.25,2.25
2012.06.19 11:14:28.325,1.03793,1.03813,1.66,2.25
2012.06.19 11:14:29.008,1.03791,1.03813,2.41,2.25
2012.06.19 11:14:30.039,1.03792,1.03813,4.29,2.25
2012.06.19 11:14:30.109,1.03798,1.03819,2.25,2.25
2012.06.19 11:14:30.617,1.03799,1.03821,1.50,1.35
2012.06.19 11:14:31.154,1.03796,1.03821,1.50,2.85
2012.06.19 11:14:31.516,1.03795,1.03818,1.66,1.50
2012.06.19 11:14:31.825,1.03796,1.03821,1.50,2.85
2012.06.19 11:14:32.326,1.03796,1.03821,1.50,4.35
2012.06.19 11:14:32.654,1.03794,1.03819,1.66,1.50
2012.06.19 11:14:32.725,1.03794,1.03819,3.91,1.50
2012.06.19 11:14:33.243,1.03797,1.0382,1.50,2.25
2012.06.19 11:14:34.326,1.03797,1.0382,1.50,2.25
2012.06.19 11:14:34.957,1.03797,1.0382,1.50,2.25
2012.06.19 11:14:38.493,1.03795,1.03818,2.25,1.50
2012.06.19 11:14:39.194,1.03796,1.03821,2.25,2.25
2012.06.19 11:14:41.915,1.03796,1.03821,1.50,2.25
2012.06.19 11:14:42.254,1.03797,1.03821,2.63,2.25
2012.06.19 11:14:42.388,1.03798,1.03823,2.04,3.75
2012.06.19 11:14:42.456,1.03802,1.03823,1.50,3.00
2012.06.19 11:14:42.774,1.03799,1.03822,3.00,2.25
2012.06.19 11:14:43.108,1.03796,1.03821,2.41,2.25
2012.06.19 11:14:43.695,1.03796,1.03821,1.50,2.25
2012.06.19 11:14:44.399,1.03796,1.03821,1.66,2.25
2012.06.19 11:14:45.974,1.03796,1.03821,1.50,2.25
2012.06.19 11:14:47.946,1.03796,1.0382,1.50,1.50
2012.06.19 11:14:48.015,1.03795,1.03818,1.66,1.50
2012.06.19 11:14:49.937,1.03795,1.03818,1.66,1.50
2012.06.19 11:14:50.401,1.03796,1.0382,1.50,1.50
2012.06.19 11:14:50.686,1.03798,1.03823,1.50,4.50
2012.06.19 11:14:51.002,1.03801,1.03823,1.50,1.50
2012.06.19 11:14:51.335,1.03799,1.03821,1.88,1.50
2012.06.19 11:14:51.665,1.03801,1.03821,1.50,1.50
2012.06.19 11:14:54.123,1.03799,1.03821,1.50,3.00
2012.06.19 11:14:54.595,1.03795,1.03818,1.66,1.50
2012.06.19 11:14:55.196,1.03795,1.0382,1.66,2.10
2012.06.19 11:14:55.797,1.03795,1.0382,1.66,1.50
2012.06.19 11:14:55.958,1.03797,1.03822,1.50,3.75
2012.06.19 11:14:56.565,1.03797,1.03822,1.50,2.25
2012.06.19 11:14:56.879,1.03798,1.03821,1.50,2.25
2012.06.19 11:14:57.086,1.03796,1.03819,3.00,2.25
2012.06.19 11:14:57.554,1.03798,1.03821,1.50,3.75
2012.06.19 11:14:58.523,1.03798,1.03821,1.50,2.25
2012.06.19 11:15:00.189,1.03799,1.03823,1.50,3.60
2012.06.19 11:15:00.756,1.03798,1.03821,1.50,1.50
2012.06.19 11:15:00.836,1.03795,1.0382,2.41,1.50
2012.06.19 11:15:01.035,1.03797,1.03822,1.50,2.25
2012.06.19 11:15:01.567,1.03797,1.03822,1.66,2.25
2012.06.19 11:15:02.518,1.03797,1.03822,1.50,2.25
2012.06.19 11:15:02.836,1.03799,1.03823,1.50,3.60
2012.06.19 11:15:03.355,1.03797,1.03822,1.66,2.25
2012.06.19 11:15:04.057,1.03797,1.03822,1.50,2.25
2012.06.19 11:15:05.233,1.03797,1.03822,1.66,2.25
2012.06.19 11:15:06.965,1.03797,1.03822,1.50,2.25
2012.06.19 11:15:08.709,1.03797,1.03822,1.66,2.25
2012.06.19 11:15:08.775,1.03796,1.03819,1.66,1.50
2012.06.19 11:15:08.993,1.03798,1.03821,1.50,2.25
2012.06.19 11:15:09.234,1.03796,1.03819,2.41,1.50
2012.06.19 11:15:09.556,1.03796,1.03819,2.04,1.50
2012.06.19 11:15:09.685,1.03797,1.03819,2.41,1.50
2012.06.19 11:15:09.755,1.03798,1.03821,1.50,2.25
2012.06.19 11:15:10.011,1.03799,1.03821,1.50,1.35
2012.06.19 11:15:10.257,1.03796,1.03819,2.41,1.50
2012.06.19 11:15:10.505,1.03798,1.03822,1.50,2.25
2012.06.19 11:15:10.575,1.038,1.03823,1.50,4.65
2012.06.19 11:15:11.018,1.03798,1.03821,3.00,1.50
2012.06.19 11:15:11.895,1.03797,1.03822,2.25,2.25
2012.06.19 11:15:12.760,1.03797,1.03822,2.25,2.25
2012.06.19 11:15:14.823,1.03797,1.03822,1.50,2.25
2012.06.19 11:15:15.679,1.03797,1.03822,1.50,2.25
2012.06.19 11:15:16.271,1.03797,1.03822,1.50,2.25
2012.06.19 11:15:16.395,1.03795,1.0382,3.38,1.50
2012.06.19 11:15:17.105,1.03798,1.03821,1.50,1.50
2012.06.19 11:15:17.445,1.03796,1.03819,1.50,1.50
2012.06.19 11:15:17.978,1.03795,1.0382,1.88,1.50
2012.06.19 11:15:18.734,1.03797,1.03822,1.50,2.25
2012.06.19 11:15:19.353,1.03797,1.03822,1.50,2.25
2012.06.19 11:15:20.235,1.03797,1.03822,1.50,3.00
2012.06.19 11:15:20.684,1.03798,1.03822,2.63,4.50
2012.06.19 11:15:20.815,1.03803,1.03823,1.50,3.00
2012.06.19 11:15:20.886,1.038,1.03823,1.50,4.50
2012.06.19 11:15:21.075,1.03798,1.03821,1.50,1.50
2012.06.19 11:15:23.914,1.03796,1.03819,1.66,1.50
2012.06.19 11:15:24.217,1.03794,1.03817,1.66,1.50
2012.06.19 11:15:24.525,1.03795,1.03813,1.66,2.25
2012.06.19 11:15:24.656,1.03798,1.03821,1.66,3.00
2012.06.19 11:15:25.227,1.03799,1.03822,1.50,3.00
2012.06.19 11:15:25.656,1.038,1.03822,1.50,3.00
2012.06.19 11:15:25.905,1.03797,1.03822,1.50,4.50
2012.06.19 11:15:28.256,1.03797,1.03822,1.50,4.50
2012.06.19 11:15:28.503,1.03797,1.03822,4.29,1.50
2012.06.19 11:15:28.707,1.03799,1.03822,1.50,2.25
2012.06.19 11:15:29.046,1.03802,1.03823,1.50,3.75
2012.06.19 11:15:29.971,1.038,1.03822,1.50,2.25
2012.06.19 11:15:30.539,1.03799,1.03822,1.50,2.25
2012.06.19 11:15:33.266,1.03801,1.03823,1.50,3.00
2012.06.19 11:15:35.086,1.03801,1.03822,1.50,2.25
2012.06.19 11:15:35.154,1.03799,1.03822,1.50,2.25
2012.06.19 11:15:35.705,1.03798,1.03822,1.66,3.00
2012.06.19 11:15:42.505,1.03798,1.03822,1.50,3.00
2012.06.19 11:15:44.574,1.03798,1.03822,1.50,3.00
2012.06.19 11:15:45.119,1.03798,1.03822,1.50,3.38
2012.06.19 11:15:46.343,1.03798,1.03822,1.50,3.38
2012.06.19 11:15:47.582,1.03798,1.03822,1.50,3.38
2012.06.19 11:15:48.087,1.03798,1.03822,1.50,3.38
2012.06.19 11:15:48.296,1.03801,1.03822,1.50,3.38
2012.06.19 11:15:48.424,1.03798,1.03822,1.50,3.38
2012.06.19 11:15:49.082,1.03797,1.0382,3.16,1.50
2012.06.19 11:15:49.155,1.03799,1.03822,1.50,4.88
2012.06.19 11:15:49.685,1.03797,1.0382,1.66,1.50
2012.06.19 11:15:50.218,1.03796,1.03821,1.66,2.25
2012.06.19 11:15:50.773,1.03799,1.03822,1.50,6.38
2012.06.19 11:15:50.843,1.03797,1.0382,1.66,1.50
2012.06.19 11:15:51.299,1.03799,1.03822,1.50,4.88
2012.06.19 11:15:51.566,1.03796,1.03821,1.66,2.25
2012.06.19 11:15:51.958,1.03799,1.03822,1.50,4.88
2012.06.19 11:15:52.777,1.038,1.03823,1.50,3.00
2012.06.19 11:15:52.916,1.03797,1.03822,4.66,1.50
2012.06.19 11:15:53.047,1.038,1.03819,1.50,1.50
2012.06.19 11:15:53.357,1.03795,1.03812,1.66,2.25
2012.06.19 11:15:53.488,1.03793,1.03812,1.66,2.25
2012.06.19 11:15:53.798,1.0379,1.03812,1.66,2.25
2012.06.19 11:15:54.250,1.03791,1.03816,2.41,2.25
2012.06.19 11:15:54.509,1.03791,1.03813,1.66,2.25
2012.06.19 11:15:54.698,1.0379,1.03813,1.50,3.75
2012.06.19 11:15:54.766,1.03788,1.03811,1.50,1.50
2012.06.19 11:15:55.677,1.03792,1.03813,1.50,2.25
2012.06.19 11:15:55.760,1.0379,1.03813,1.50,3.75
2012.06.19 11:15:56.310,1.0379,1.03813,1.50,4.13
2012.06.19 11:15:57.090,1.03792,1.03812,1.50,3.00
2012.06.19 11:15:57.356,1.0379,1.03812,1.50,3.00
2012.06.19 11:15:57.635,1.0379,1.03812,2.41,2.25
2012.06.19 11:15:59.269,1.0379,1.03812,1.66,2.25
2012.06.19 11:15:59.635,1.03793,1.03812,1.50,2.25
2012.06.19 11:16:00.026,1.03791,1.03812,1.50,2.25
2012.06.19 11:16:01.964,1.03791,1.03812,1.50,1.13
2012.06.19 11:16:02.035,1.03788,1.0381,1.50,1.50
2012.06.19 11:16:02.708,1.03787,1.0381,1.50,2.25
2012.06.19 11:16:03.322,1.03789,1.03812,1.50,4.13
2012.06.19 11:16:03.445,1.03786,1.03811,2.25,2.25
2012.06.19 11:16:05.701,1.03785,1.03808,3.16,1.50
2012.06.19 11:16:05.826,1.03786,1.03811,1.50,3.75
2012.06.19 11:16:06.098,1.0379,1.03812,1.50,1.13
2012.06.19 11:16:06.168,1.03785,1.03808,2.41,1.88
2012.06.19 11:16:07.337,1.03784,1.03809,1.66,1.88
2012.06.19 11:16:07.526,1.03783,1.03806,1.66,1.50
2012.06.19 11:16:08.087,1.03783,1.03806,1.66,1.50
2012.06.19 11:16:08.157,1.03783,1.03806,1.50,2.25
2012.06.19 11:16:08.717,1.03782,1.03804,1.50,1.50
2012.06.19 11:16:08.968,1.03783,1.03806,1.50,1.50
2012.06.19 11:16:09.225,1.03781,1.03804,1.66,1.50
2012.06.19 11:16:09.761,1.0378,1.03805,1.66,1.50
2012.06.19 11:16:13.002,1.03783,1.03806,1.50,3.00
2012.06.19 11:16:13.606,1.03791,1.03814,1.50,3.00
2012.06.19 11:16:13.681,1.03789,1.03812,3.16,1.50
2012.06.19 11:16:14.068,1.03791,1.03814,1.50,2.25
2012.06.19 11:16:14.136,1.03789,1.03812,2.04,1.50
2012.06.19 11:16:14.384,1.0379,1.03815,1.50,3.75
2012.06.19 11:16:14.917,1.03791,1.03814,1.50,2.25
2012.06.19 11:16:16.965,1.03788,1.03813,5.41,1.50
2012.06.19 11:16:18.456,1.03788,1.03813,3.91,1.50
2012.06.19 11:16:18.958,1.03788,1.03813,3.91,1.50
2012.06.19 11:16:19.578,1.03788,1.03813,3.91,1.50
2012.06.19 11:16:19.982,1.03788,1.0381,2.41,1.50
2012.06.19 11:16:20.116,1.03789,1.03812,1.66,1.50
2012.06.19 11:16:20.245,1.03791,1.03814,1.50,2.25
2012.06.19 11:16:20.503,1.03789,1.03814,3.16,2.25
2012.06.19 11:16:21.358,1.03789,1.03814,1.66,3.00
2012.06.19 11:16:21.977,1.03789,1.03814,1.66,1.50
2012.06.19 11:16:23.463,1.03789,1.03814,1.50,2.25
2012.06.19 11:16:24.099,1.03789,1.03814,1.50,2.25
2012.06.19 11:16:25.236,1.03792,1.03814,1.50,1.13
2012.06.19 11:16:25.609,1.0379,1.03813,1.50,2.25
2012.06.19 11:16:26.105,1.03792,1.03814,1.50,1.13
2012.06.19 11:16:26.426,1.03794,1.03817,1.50,2.25
2012.06.19 11:16:26.858,1.03792,1.03814,1.50,2.25
2012.06.19 11:16:27.045,1.03789,1.03814,1.50,2.63
2012.06.19 11:16:27.676,1.0379,1.03813,1.50,4.13
2012.06.19 11:16:27.926,1.03788,1.03811,3.75,1.50
2012.06.19 11:16:28.856,1.03789,1.03814,1.50,3.00
2012.06.19 11:16:29.657,1.03789,1.03814,2.10,2.25
2012.06.19 11:16:30.077,1.03799,1.03818,1.50,1.13
2012.06.19 11:16:30.226,1.03796,1.03818,3.00,1.13
2012.06.19 11:16:30.294,1.03796,1.03819,1.50,1.50
2012.06.19 11:16:30.428,1.03796,1.0382,1.66,2.25
2012.06.19 11:16:30.556,1.03793,1.03818,1.66,1.50
2012.06.19 11:16:30.866,1.03798,1.03819,2.25,1.50
2012.06.19 11:16:30.938,1.03799,1.03821,1.50,2.25
2012.06.19 11:16:31.496,1.03799,1.03822,1.50,2.25
2012.06.19 11:16:31.748,1.03801,1.03822,1.50,2.25
2012.06.19 11:16:32.057,1.03808,1.03821,2.25,1.50
2012.06.19 11:16:32.247,1.03804,1.03822,1.66,1.50
2012.06.19 11:16:32.437,1.03802,1.03822,2.04,1.50
2012.06.19 11:16:32.629,1.03804,1.03824,1.50,1.50
2012.06.19 11:16:32.696,1.03806,1.03828,1.50,2.25
2012.06.19 11:16:32.829,1.0381,1.03832,1.50,2.85
2012.06.19 11:16:33.016,1.03808,1.0383,3.75,2.25
2012.06.19 11:16:33.442,1.03812,1.03834,1.50,2.40
2012.06.19 11:16:33.517,1.03812,1.03834,2.25,2.25
2012.06.19 11:16:34.037,1.03813,1.03837,1.50,2.25
2012.06.19 11:16:34.410,1.03822,1.03837,2.10,2.25
2012.06.19 11:16:34.599,1.03828,1.03849,2.25,1.17
2012.06.19 11:16:34.906,1.03822,1.03847,3.98,1.54
2012.06.19 11:16:35.358,1.03825,1.03848,1.50,3.27
2012.06.19 11:16:35.549,1.03822,1.03847,3.54,1.54
2012.06.19 11:16:36.142,1.03822,1.03847,1.66,1.54
2012.06.19 11:16:36.643,1.0383,1.03847,1.50,1.54
2012.06.19 11:16:36.970,1.03843,1.03849,1.50,1.13
2012.06.19 11:16:37.039,1.03843,1.03852,1.50,4.35
2012.06.19 11:16:37.184,1.03841,1.03852,1.50,4.35
2012.06.19 11:16:37.263,1.03841,1.03852,1.50,3.60
2012.06.19 11:16:37.343,1.03836,1.03852,1.50,3.60
2012.06.19 11:16:37.479,1.03825,1.03852,1.88,3.00
2012.06.19 11:16:37.554,1.03827,1.03854,3.75,1.50
2012.06.19 11:16:37.875,1.03826,1.03853,2.41,2.85
2012.06.19 11:16:38.197,1.03825,1.0385,2.41,2.85
2012.06.19 11:16:38.627,1.0383,1.03852,1.50,1.20
2012.06.19 11:16:38.938,1.03833,1.03853,2.48,2.48
2012.06.19 11:16:39.530,1.03839,1.03853,1.50,2.48
2012.06.19 11:16:39.597,1.03835,1.03856,1.88,1.20
2012.06.19 11:16:39.860,1.03832,1.03853,1.14,1.50
2012.06.19 11:16:39.988,1.03829,1.03858,2.94,2.40
2012.06.19 11:16:40.059,1.03834,1.03861,1.88,2.25
2012.06.19 11:16:40.364,1.03838,1.03861,1.50,1.65
2012.06.19 11:16:40.686,1.03837,1.03861,3.39,1.13
2012.06.19 11:16:41.009,1.03845,1.03862,1.50,1.13
2012.06.19 11:16:41.294,1.03845,1.03868,2.48,2.48
2012.06.19 11:16:41.369,1.03843,1.03868,2.48,2.48
2012.06.19 11:16:41.768,1.03843,1.03867,1.80,1.58
2012.06.19 11:16:41.961,1.03841,1.03862,1.80,1.13
2012.06.19 11:16:42.280,1.0384,1.03867,1.66,1.90
2012.06.19 11:16:42.648,1.03838,1.03863,1.66,3.00
2012.06.19 11:16:42.956,1.0384,1.03863,1.50,3.00
2012.06.19 11:16:43.552,1.03839,1.03861,1.50,1.65
2012.06.19 11:16:43.896,1.03841,1.03863,1.50,3.90
2012.06.19 11:16:47.303,1.03837,1.03857,1.66,2.25
2012.06.19 11:16:48.086,1.0383,1.03855,1.66,1.50
2012.06.19 11:16:48.298,1.0383,1.03855,1.66,1.50
2012.06.19 11:16:48.615,1.03828,1.03853,1.66,1.50
2012.06.19 11:16:49.350,1.03831,1.03854,1.66,1.50
2012.06.19 11:16:49.906,1.03831,1.03854,1.66,2.25
2012.06.19 11:16:50.267,1.0383,1.03855,1.66,2.10
2012.06.19 11:16:50.784,1.0383,1.03855,1.66,1.50
2012.06.19 11:16:52.650,1.0383,1.03854,1.66,1.50
2012.06.19 11:16:53.157,1.0383,1.03855,1.66,1.50
2012.06.19 11:16:53.772,1.0383,1.03855,2.26,1.50
2012.06.19 11:16:54.324,1.03835,1.03857,1.50,3.90
2012.06.19 11:16:55.199,1.03835,1.03857,1.50,2.40
2012.06.19 11:16:55.267,1.03832,1.03855,1.66,1.50
2012.06.19 11:16:55.443,1.0383,1.03853,2.26,1.50
2012.06.19 11:16:55.825,1.03832,1.03855,1.66,1.50
2012.06.19 11:16:56.696,1.03832,1.03855,1.50,2.25
2012.06.19 11:16:57.284,1.0383,1.03853,1.66,1.50
2012.06.19 11:16:57.787,1.03832,1.03855,1.50,2.25
2012.06.19 11:16:59.088,1.0383,1.03854,1.66,2.25
2012.06.19 11:17:00.241,1.03828,1.03851,3.16,1.50
2012.06.19 11:17:00.756,1.03828,1.03851,1.66,1.50
2012.06.19 11:17:01.086,1.03828,1.03851,1.66,2.25
2012.06.19 11:17:01.649,1.03828,1.03851,1.66,2.25
2012.06.19 11:17:02.369,1.0383,1.03853,1.66,2.25
2012.06.19 11:17:02.883,1.03828,1.03851,1.66,1.50
2012.06.19 11:17:03.196,1.03826,1.03849,1.66,1.50
2012.06.19 11:17:03.444,1.03829,1.03852,1.66,5.25
2012.06.19 11:17:03.975,1.03829,1.03852,1.50,2.25
2012.06.19 11:17:04.248,1.03827,1.0385,1.50,1.50
2012.06.19 11:17:04.558,1.03828,1.03852,2.25,3.00
2012.06.19 11:17:04.685,1.0383,1.03853,1.50,3.00
2012.06.19 11:17:04.957,1.03828,1.03852,3.75,1.50
2012.06.19 11:17:05.617,1.03828,1.0385,2.25,1.50
2012.06.19 11:17:05.840,1.03828,1.03852,2.25,3.00
2012.06.19 11:17:07.346,1.03828,1.03841,2.25,1.50
2012.06.19 11:17:07.420,1.03818,1.03841,4.59,1.50
2012.06.19 11:17:07.746,1.03818,1.03838,2.71,1.50
2012.06.19 11:17:08.016,1.03818,1.03841,2.71,3.00
2012.06.19 11:17:08.244,1.03818,1.03841,2.25,1.50
2012.06.19 11:17:09.226,1.0382,1.03845,1.50,1.50
2012.06.19 11:17:09.357,1.03823,1.03846,1.50,1.50
2012.06.19 11:17:09.667,1.03824,1.03844,1.13,1.50
2012.06.19 11:17:09.740,1.03828,1.03849,2.25,1.50
2012.06.19 11:17:09.867,1.03829,1.03852,1.50,1.50
2012.06.19 11:17:10.058,1.03825,1.03848,1.50,1.50
2012.06.19 11:17:10.306,1.03822,1.03847,1.66,1.50
2012.06.19 11:17:10.376,1.03825,1.03848,2.25,1.50
2012.06.19 11:17:10.627,1.03825,1.03848,1.50,1.50
2012.06.19 11:17:10.696,1.03826,1.0385,1.50,2.25
2012.06.19 11:17:11.219,1.03824,1.03849,1.50,2.25
2012.06.19 11:17:11.290,1.03826,1.03851,2.25,2.25
2012.06.19 11:17:11.595,1.03845,1.03855,1.50,1.20
2012.06.19 11:17:11.667,1.0384,1.03856,1.50,1.50
2012.06.19 11:17:11.918,1.03838,1.03856,1.50,1.50
2012.06.19 11:17:12.426,1.03838,1.03861,1.50,1.65
2012.06.19 11:17:12.494,1.03835,1.03857,2.10,1.65
2012.06.19 11:17:12.685,1.03833,1.03855,2.10,1.50
2012.06.19 11:17:12.906,1.03835,1.03857,2.10,1.65
2012.06.19 11:17:13.217,1.03833,1.03855,2.48,1.50
2012.06.19 11:17:13.597,1.03833,1.03852,2.10,1.50
2012.06.19 11:17:13.666,1.03833,1.03852,1.50,2.10
2012.06.19 11:17:13.737,1.03828,1.03849,3.00,1.50
2012.06.19 11:17:13.810,1.03828,1.03847,3.00,1.50
2012.06.19 11:17:13.938,1.03824,1.03847,2.26,1.50
2012.06.19 11:17:14.307,1.03821,1.03845,1.51,1.50
2012.06.19 11:17:14.983,1.03825,1.03848,1.50,1.50
2012.06.19 11:17:16.305,1.03826,1.03851,1.50,2.25
2012.06.19 11:17:16.434,1.03826,1.03851,1.50,4.50
2012.06.19 11:17:16.874,1.03823,1.03846,1.66,1.50
2012.06.19 11:17:17.475,1.03825,1.03848,1.50,1.50
2012.06.19 11:17:18.185,1.0382,1.03845,1.50,1.50
2012.06.19 11:17:18.315,1.0382,1.03842,1.50,2.25
2012.06.19 11:17:18.856,1.03819,1.03842,1.66,3.75
2012.06.19 11:17:19.166,1.03817,1.0384,1.66,1.50
2012.06.19 11:17:19.355,1.03822,1.03844,2.25,1.50
2012.06.19 11:17:19.485,1.03822,1.03847,2.25,2.85
2012.06.19 11:17:19.555,1.03822,1.03843,2.25,2.25
2012.06.19 11:17:19.687,1.03816,1.03839,1.66,1.50
2012.06.19 11:17:20.321,1.03817,1.03841,3.91,2.10
2012.06.19 11:17:20.405,1.03817,1.03836,2.41,1.50
2012.06.19 11:17:20.479,1.03811,1.03836,2.41,2.25
2012.06.19 11:17:21.035,1.0381,1.03833,2.26,1.50
2012.06.19 11:17:21.428,1.0381,1.03833,2.41,1.50
2012.06.19 11:17:21.559,1.03812,1.03835,2.25,1.50
2012.06.19 11:17:22.407,1.03812,1.03835,1.50,2.25
2012.06.19 11:17:22.726,1.03809,1.03834,3.16,2.25
2012.06.19 11:17:23.367,1.03808,1.03832,2.41,1.50
2012.06.19 11:17:24.254,1.03809,1.03833,1.66,2.25
2012.06.19 11:17:24.608,1.03815,1.03838,1.50,1.50
2012.06.19 11:17:24.677,1.03812,1.03837,3.00,1.50
2012.06.19 11:17:24.868,1.03815,1.03838,1.50,1.50
2012.06.19 11:17:25.646,1.03812,1.03837,1.50,3.00
2012.06.19 11:17:25.715,1.0381,1.03835,1.66,1.50
2012.06.19 11:17:26.090,1.03812,1.03837,1.50,1.50
2012.06.19 11:17:26.778,1.03812,1.03836,1.50,1.50
2012.06.19 11:17:27.088,1.03815,1.03838,1.50,2.25
2012.06.19 11:17:27.466,1.03817,1.0384,1.50,2.25
2012.06.19 11:17:28.064,1.03818,1.03842,1.50,3.00
2012.06.19 11:17:28.593,1.03816,1.03839,1.50,1.50
2012.06.19 11:17:29.305,1.03816,1.03839,1.50,1.50
2012.06.19 11:17:29.856,1.03815,1.03838,1.50,2.25
2012.06.19 11:17:33.207,1.03812,1.03837,1.50,1.50
2012.06.19 11:17:33.336,1.03815,1.03838,1.50,2.25
2012.06.19 11:17:33.786,1.03813,1.03836,1.50,1.50
2012.06.19 11:17:34.290,1.03814,1.03839,1.50,2.25
2012.06.19 11:17:35.494,1.03813,1.03836,1.50,1.50
2012.06.19 11:17:35.911,1.03809,1.03831,1.50,1.50
2012.06.19 11:17:36.475,1.0381,1.03835,1.50,2.25
2012.06.19 11:17:36.776,1.0381,1.03835,2.25,1.50
2012.06.19 11:17:37.115,1.03815,1.03838,1.50,2.25
2012.06.19 11:17:37.715,1.03815,1.03838,1.50,2.25
2012.06.19 11:17:38.024,1.03819,1.03842,1.50,3.00
2012.06.19 11:17:38.155,1.03817,1.03842,1.50,4.50
2012.06.19 11:17:38.347,1.03814,1.03837,1.50,2.25
2012.06.19 11:17:38.596,1.03811,1.03836,2.25,2.25
2012.06.19 11:17:39.103,1.03813,1.03838,1.50,2.25
2012.06.19 11:17:39.645,1.03813,1.03838,1.50,2.25
2012.06.19 11:17:41.287,1.03811,1.03838,1.50,1.50
2012.06.19 11:17:41.478,1.03811,1.03836,2.25,1.13
2012.06.19 11:17:41.727,1.03811,1.03838,2.41,1.50
2012.06.19 11:17:41.856,1.03813,1.03839,1.50,1.50
2012.06.19 11:17:42.165,1.03815,1.0384,1.50,1.50
2012.06.19 11:17:42.731,1.03815,1.0384,1.50,1.50
2012.06.19 11:17:43.664,1.03815,1.03842,1.50,3.00
2012.06.19 11:17:44.568,1.03816,1.03842,1.50,3.00
2012.06.19 11:17:45.078,1.03817,1.03849,3.75,2.10
2012.06.19 11:17:45.428,1.03817,1.03849,4.50,1.13
2012.06.19 11:17:45.618,1.03817,1.03849,4.66,1.13
2012.06.19 11:17:45.929,1.03817,1.03848,3.16,1.50
2012.06.19 11:17:46.530,1.03817,1.03848,3.16,1.50
2012.06.19 11:17:46.599,1.03817,1.03851,3.16,1.35
2012.06.19 11:17:46.701,1.03817,1.03849,2.41,1.50
2012.06.19 11:17:47.257,1.03817,1.03849,2.41,1.50
2012.06.19 11:17:47.387,1.03817,1.03849,2.41,1.50
2012.06.19 11:17:47.458,1.03817,1.03846,2.41,1.50
2012.06.19 11:17:47.644,1.0381,1.03843,1.51,3.00
2012.06.19 11:17:47.839,1.0381,1.03843,1.51,3.38
2012.06.19 11:17:48.145,1.0381,1.03841,1.35,1.13
2012.06.19 11:17:48.541,1.03812,1.03843,3.23,3.75
2012.06.19 11:17:48.611,1.03818,1.03845,2.25,2.25
2012.06.19 11:17:48.799,1.03811,1.03842,2.41,2.25
2012.06.19 11:17:48.991,1.03808,1.03842,3.54,3.00
2012.06.19 11:17:49.951,1.03809,1.03842,2.41,3.00
2012.06.19 11:17:51.125,1.03808,1.03833,3.54,2.10
2012.06.19 11:17:51.736,1.03803,1.03832,1.51,2.85
2012.06.19 11:17:52.287,1.03801,1.03832,1.51,2.85
2012.06.19 11:17:52.978,1.03801,1.03832,1.51,2.85
2012.06.19 11:17:54.306,1.03801,1.03831,1.51,1.35
2012.06.19 11:17:54.748,1.03798,1.03831,3.76,1.35
2012.06.19 11:17:54.876,1.03798,1.03831,3.76,1.35
2012.06.19 11:17:55.188,1.03807,1.03833,2.25,1.50
2012.06.19 11:17:55.318,1.03807,1.03833,2.25,1.50
2012.06.19 11:17:55.386,1.038,1.03833,2.41,3.75
2012.06.19 11:17:55.456,1.03806,1.03833,1.73,3.00
2012.06.19 11:17:55.646,1.03808,1.03839,3.91,1.50
2012.06.19 11:17:56.455,1.03808,1.03839,2.25,1.50
2012.06.19 11:17:57.647,1.03808,1.03839,2.41,1.50
2012.06.19 11:17:58.597,1.03808,1.03839,2.25,1.50
2012.06.19 11:17:59.114,1.03808,1.03839,2.41,1.50
2012.06.19 11:18:00.225,1.03808,1.03839,2.25,1.50
2012.06.19 11:18:03.053,1.03808,1.03839,2.41,1.50
2012.06.19 11:18:07.244,1.03808,1.03839,2.25,1.50
2012.06.19 11:18:07.848,1.03808,1.03839,3.00,2.25
2012.06.19 11:18:08.599,1.03808,1.03839,3.16,1.13
2012.06.19 11:18:08.727,1.0381,1.03833,2.25,2.25
2012.06.19 11:18:08.794,1.03808,1.03833,1.66,3.75
2012.06.19 11:18:09.056,1.03807,1.03829,2.41,1.50
2012.06.19 11:18:09.186,1.03807,1.03829,2.25,1.50
2012.06.19 11:18:10.465,1.03808,1.03831,1.50,1.50
2012.06.19 11:18:10.714,1.03811,1.03834,1.50,2.85
2012.06.19 11:18:11.065,1.03809,1.03831,1.50,1.50
2012.06.19 11:18:12.035,1.0381,1.03833,1.50,2.25
2012.06.19 11:18:12.467,1.03808,1.0383,3.00,1.50
2012.06.19 11:18:12.808,1.0381,1.03832,1.50,3.75
2012.06.19 11:18:13.223,1.03808,1.0383,3.00,1.50
2012.06.19 11:18:14.610,1.03815,1.03838,1.50,3.00
2012.06.19 11:18:15.046,1.03813,1.03836,1.50,2.25
2012.06.19 11:18:17.187,1.03814,1.03838,1.50,1.95
2012.06.19 11:18:17.774,1.03814,1.03839,1.66,1.50
2012.06.19 11:18:17.965,1.03817,1.0384,1.50,2.25
2012.06.19 11:18:19.676,1.03814,1.03837,3.00,1.50
2012.06.19 11:18:19.925,1.03817,1.03842,1.50,4.50
2012.06.19 11:18:20.566,1.03817,1.03842,1.50,4.50
2012.06.19 11:18:20.634,1.03815,1.0384,1.50,2.25
2012.06.19 11:18:21.136,1.03817,1.03842,1.50,4.50
2012.06.19 11:18:21.507,1.03815,1.0384,1.50,1.50
2012.06.19 11:18:21.795,1.03814,1.03837,3.00,1.50
2012.06.19 11:18:22.466,1.03815,1.0384,1.50,1.50
2012.06.19 11:18:23.427,1.03816,1.0384,1.50,2.25
2012.06.19 11:18:23.925,1.03816,1.03839,1.50,2.25
2012.06.19 11:18:24.546,1.03813,1.03838,1.66,2.25
2012.06.19 11:18:24.735,1.03815,1.0384,1.50,2.25
2012.06.19 11:18:24.805,1.03817,1.03842,1.50,4.50
2012.06.19 11:18:25.508,1.03817,1.03842,1.50,4.50
2012.06.19 11:18:26.080,1.03818,1.03841,1.50,2.25
2012.06.19 11:18:26.945,1.03818,1.03841,1.50,2.25
2012.06.19 11:18:27.587,1.03818,1.03841,1.50,2.25
2012.06.19 11:18:28.106,1.03818,1.03841,1.50,2.25
2012.06.19 11:18:28.294,1.03813,1.03838,1.66,1.50
2012.06.19 11:18:28.577,1.03815,1.0384,1.50,2.25
2012.06.19 11:18:29.215,1.03815,1.0384,1.50,3.00
2012.06.19 11:18:29.626,1.03817,1.03842,1.50,4.50
2012.06.19 11:18:30.182,1.03815,1.0384,1.50,3.00
2012.06.19 11:18:30.675,1.03816,1.03838,1.50,1.50
2012.06.19 11:18:31.166,1.03814,1.03837,1.50,2.25
2012.06.19 11:18:31.699,1.03815,1.0384,1.50,2.25
2012.06.19 11:18:31.944,1.03815,1.0384,1.66,2.25
2012.06.19 11:18:32.078,1.03818,1.03841,1.50,2.25
2012.06.19 11:18:32.448,1.0382,1.03842,1.50,3.00
2012.06.19 11:18:32.576,1.03817,1.03842,1.50,4.50
2012.06.19 11:18:33.379,1.03817,1.03842,1.50,4.50
2012.06.19 11:18:34.448,1.03819,1.03844,1.50,2.25
2012.06.19 11:18:34.697,1.03822,1.03844,1.50,1.50
2012.06.19 11:18:34.884,1.03819,1.03843,1.50,1.50
2012.06.19 11:18:35.400,1.03817,1.0384,5.41,1.50
2012.06.19 11:18:35.540,1.03819,1.03842,1.50,1.50
2012.06.19 11:18:35.667,1.03817,1.0384,3.75,1.88
2012.06.19 11:18:36.338,1.03819,1.03842,1.50,2.48
2012.06.19 11:18:36.406,1.03817,1.03841,1.50,2.48
2012.06.19 11:18:36.957,1.03816,1.03841,1.50,2.25
2012.06.19 11:18:37.606,1.03816,1.03841,1.50,2.25
2012.06.19 11:18:38.164,1.03817,1.0384,1.50,2.25
2012.06.19 11:18:38.670,1.03818,1.0384,2.25,2.25
2012.06.19 11:18:38.737,1.03821,1.03843,3.75,2.25
2012.06.19 11:18:38.867,1.03824,1.03843,1.50,2.25
2012.06.19 11:18:39.057,1.03826,1.03851,1.50,2.70
2012.06.19 11:18:39.608,1.03825,1.03848,1.50,2.25
2012.06.19 11:18:39.675,1.03825,1.03848,2.25,2.25
2012.06.19 11:18:40.045,1.03825,1.0385,1.50,2.25
2012.06.19 11:18:40.238,1.03823,1.03846,3.00,1.50
2012.06.19 11:18:40.726,1.03824,1.03849,1.50,2.25
2012.06.19 11:18:41.376,1.03826,1.03851,1.50,2.25
2012.06.19 11:18:41.964,1.03826,1.03851,1.50,2.25
2012.06.19 11:18:42.590,1.03826,1.03851,1.50,2.25
2012.06.19 11:18:43.865,1.03822,1.03847,1.50,2.25
2012.06.19 11:18:44.000,1.03828,1.03847,2.25,2.25
2012.06.19 11:18:44.128,1.03824,1.03849,1.50,2.25
2012.06.19 11:18:44.527,1.03824,1.03845,1.50,1.50
2012.06.19 11:18:44.598,1.03819,1.03844,1.66,1.50
2012.06.19 11:18:45.126,1.0382,1.03843,1.66,1.50
2012.06.19 11:18:45.644,1.0382,1.03843,1.66,2.10
2012.06.19 11:18:45.834,1.03818,1.03841,3.91,1.50
2012.06.19 11:18:47.377,1.03818,1.03842,2.41,2.85
2012.06.19 11:18:47.508,1.03818,1.03839,2.25,1.50
2012.06.19 11:18:47.697,1.03818,1.03841,1.50,1.50
2012.06.19 11:18:48.130,1.03818,1.03841,1.50,2.25
2012.06.19 11:18:48.436,1.03814,1.03837,1.66,1.50
2012.06.19 11:18:48.508,1.03815,1.0384,1.66,3.00
2012.06.19 11:18:49.065,1.03818,1.03841,1.50,2.25
2012.06.19 11:18:49.646,1.03818,1.03841,1.50,2.25
2012.06.19 11:18:50.051,1.03815,1.0384,3.16,2.25
2012.06.19 11:18:51.425,1.03817,1.03842,1.50,3.75
2012.06.19 11:18:52.017,1.03816,1.03839,3.00,1.50
2012.06.19 11:18:52.476,1.03812,1.03835,2.41,1.50
2012.06.19 11:18:52.628,1.03814,1.03837,1.66,1.50
2012.06.19 11:18:53.535,1.03812,1.03835,1.66,1.50
2012.06.19 11:18:53.848,1.03809,1.03832,2.41,2.25
2012.06.19 11:18:53.977,1.03809,1.03832,1.66,2.25
2012.06.19 11:18:54.649,1.03811,1.03836,1.66,2.10
2012.06.19 11:18:54.847,1.03813,1.03837,1.50,1.35
2012.06.19 11:18:55.157,1.03815,1.03837,1.50,1.20
2012.06.19 11:18:55.666,1.03817,1.03837,1.50,1.20
2012.06.19 11:18:56.007,1.03819,1.03837,1.50,1.20
2012.06.19 11:18:56.075,1.03819,1.03843,1.50,3.75
2012.06.19 11:18:56.157,1.03815,1.0384,1.66,1.50
2012.06.19 11:18:56.920,1.03815,1.0384,1.66,2.25
2012.06.19 11:18:57.476,1.03816,1.03839,1.50,2.25
2012.06.19 11:18:59.096,1.03813,1.03838,1.66,2.25
2012.06.19 11:18:59.436,1.03811,1.03836,1.66,1.50
2012.06.19 11:18:59.775,1.03811,1.03836,1.66,2.25
2012.06.19 11:18:59.914,1.03811,1.03836,1.66,1.50
2012.06.19 11:19:00.043,1.03811,1.03836,1.66,1.50
2012.06.19 11:19:00.863,1.03811,1.03836,1.66,2.25
2012.06.19 11:19:01.114,1.03811,1.03836,1.66,1.50
2012.06.19 11:19:01.676,1.03814,1.03837,1.50,2.25
2012.06.19 11:19:01.747,1.03812,1.03835,1.66,1.50
2012.06.19 11:19:02.617,1.03812,1.03835,1.66,1.50
2012.06.19 11:19:02.767,1.03813,1.03838,1.66,3.00
2012.06.19 11:19:02.836,1.03816,1.03838,1.50,1.50
2012.06.19 11:19:03.125,1.03814,1.03837,1.50,2.25
2012.06.19 11:19:03.672,1.03816,1.03839,1.50,2.25
2012.06.19 11:19:03.857,1.03814,1.03837,3.00,2.25
2012.06.19 11:19:04.046,1.03816,1.03839,1.50,2.25
2012.06.19 11:19:04.394,1.03816,1.03839,1.50,2.25
2012.06.19 11:19:04.525,1.03818,1.03841,1.50,2.25
2012.06.19 11:19:04.597,1.03816,1.03839,1.50,1.50
2012.06.19 11:19:04.805,1.03814,1.03837,1.50,1.50
2012.06.19 11:19:05.206,1.03816,1.03839,1.50,1.50
2012.06.19 11:19:07.229,1.03817,1.03842,1.50,2.25
2012.06.19 11:19:07.754,1.03816,1.03839,1.50,2.25
2012.06.19 11:19:08.346,1.03818,1.03841,1.50,2.25
2012.06.19 11:19:08.414,1.03816,1.0384,1.50,2.25
2012.06.19 11:19:08.945,1.03815,1.0384,1.66,2.25
2012.06.19 11:19:09.600,1.03816,1.03839,1.50,1.50
2012.06.19 11:19:10.076,1.03818,1.03841,1.50,2.25
2012.06.19 11:19:10.336,1.03816,1.03839,1.50,2.25
2012.06.19 11:19:10.407,1.03818,1.03841,1.50,2.25
2012.06.19 11:19:10.476,1.03818,1.03841,1.50,2.25
2012.06.19 11:19:10.617,1.03816,1.03839,1.50,1.50
2012.06.19 11:19:10.805,1.03818,1.03843,1.66,2.25
2012.06.19 11:19:11.067,1.03825,1.03848,1.50,3.38
2012.06.19 11:19:11.427,1.03823,1.03846,1.50,2.25
2012.06.19 11:19:11.503,1.03823,1.03842,1.50,2.25
2012.06.19 11:19:11.638,1.03821,1.03842,3.00,2.25
2012.06.19 11:19:11.929,1.03821,1.0384,1.50,1.50
2012.06.19 11:19:11.997,1.03819,1.0384,1.50,1.50
2012.06.19 11:19:12.068,1.03819,1.03842,3.00,3.75
2012.06.19 11:19:12.376,1.03818,1.0384,2.41,1.50
2012.06.19 11:19:12.684,1.03821,1.03844,1.50,3.75
2012.06.19 11:19:12.760,1.03818,1.0384,2.41,1.50
2012.06.19 11:19:12.956,1.03818,1.03843,3.91,2.25
2012.06.19 11:19:13.725,1.0382,1.03843,1.50,1.50
2012.06.19 11:19:13.914,1.03823,1.03846,1.50,2.25
2012.06.19 11:19:15.187,1.03821,1.03845,1.66,1.50
2012.06.19 11:19:15.525,1.0382,1.03845,1.66,2.25
2012.06.19 11:19:15.596,1.0382,1.03845,1.66,1.50
2012.06.19 11:19:15.665,1.0382,1.03845,1.66,2.25
2012.06.19 11:19:16.071,1.03818,1.03843,3.91,2.25
2012.06.19 11:19:16.469,1.03818,1.03843,3.75,3.00
2012.06.19 11:19:17.015,1.03817,1.0384,1.50,1.50
2012.06.19 11:19:17.537,1.03818,1.03843,1.50,5.25
2012.06.19 11:19:18.796,1.03816,1.03841,1.66,2.25
2012.06.19 11:19:19.366,1.03817,1.03841,1.50,2.25
2012.06.19 11:19:19.449,1.03819,1.03842,1.50,2.25
2012.06.19 11:19:19.861,1.03817,1.0384,1.50,1.50
2012.06.19 11:19:20.417,1.03818,1.03843,1.50,5.25
2012.06.19 11:19:21.132,1.03817,1.0384,1.50,2.25
2012.06.19 11:19:22.049,1.03817,1.0384,1.50,3.00
2012.06.19 11:19:22.275,1.03814,1.03839,1.66,2.25
2012.06.19 11:19:24.602,1.03816,1.0384,1.50,2.25
2012.06.19 11:19:25.572,1.03815,1.03839,1.66,2.25
2012.06.19 11:19:26.005,1.03817,1.0384,1.50,4.50
2012.06.19 11:19:27.214,1.03815,1.03838,1.66,1.50
2012.06.19 11:19:27.819,1.03815,1.03838,1.66,1.50
2012.06.19 11:19:28.146,1.03814,1.03839,1.66,2.25
2012.06.19 11:19:28.356,1.03817,1.0384,1.50,3.00
2012.06.19 11:19:28.698,1.03815,1.03838,3.16,1.50
2012.06.19 11:19:29.204,1.03814,1.03839,1.66,3.00
2012.06.19 11:19:31.241,1.03813,1.03837,1.66,1.50
2012.06.19 11:19:31.546,1.0381,1.03825,1.66,1.50
2012.06.19 11:19:31.796,1.03807,1.03827,1.66,1.50
2012.06.19 11:19:32.166,1.03804,1.03828,1.66,2.25
2012.06.19 11:19:32.295,1.03807,1.03829,1.50,2.25
2012.06.19 11:19:32.484,1.03804,1.03828,3.00,2.25
2012.06.19 11:19:32.554,1.03804,1.03826,1.50,1.13
2012.06.19 11:19:32.882,1.03799,1.03821,1.50,1.50
2012.06.19 11:19:33.814,1.03799,1.03821,1.50,2.25
2012.06.19 11:19:34.555,1.03801,1.03823,1.50,2.25
2012.06.19 11:19:34.814,1.03798,1.03822,3.75,2.25
2012.06.19 11:19:34.927,1.03798,1.03822,3.75,1.50
2012.06.19 11:19:36.184,1.03801,1.03823,1.50,2.25
2012.06.19 11:19:37.575,1.03799,1.03821,3.00,1.50
2012.06.19 11:19:38.302,1.03799,1.03821,1.50,2.25
2012.06.19 11:19:39.360,1.038,1.03824,1.50,3.00
2012.06.19 11:19:39.427,1.038,1.03824,1.50,3.00
2012.06.19 11:19:39.561,1.038,1.03824,1.50,3.23
2012.06.19 11:19:39.927,1.03802,1.03825,1.50,1.50
2012.06.19 11:19:40.118,1.03802,1.03826,1.50,2.25
2012.06.19 11:19:40.550,1.03804,1.03828,1.50,2.48
2012.06.19 11:19:41.401,1.03803,1.03826,1.50,2.25
2012.06.19 11:19:42.387,1.03802,1.03826,2.25,2.25
2012.06.19 11:19:43.246,1.03802,1.03826,2.85,2.25
2012.06.19 11:19:43.556,1.03807,1.03828,1.50,1.50
2012.06.19 11:19:43.829,1.03807,1.03828,1.50,1.50
2012.06.19 11:19:44.139,1.03803,1.03825,2.10,1.50
2012.06.19 11:19:44.206,1.03804,1.03827,1.50,2.25
2012.06.19 11:19:44.670,1.0381,1.03831,1.50,1.35
2012.06.19 11:19:44.742,1.03812,1.03831,1.50,1.35
2012.06.19 11:19:44.808,1.03809,1.03831,1.50,2.85
2012.06.19 11:19:45.486,1.03809,1.03831,1.50,2.25
2012.06.19 11:19:45.619,1.03807,1.03827,2.25,1.50
2012.06.19 11:19:45.744,1.03807,1.03829,3.75,1.50
2012.06.19 11:19:47.409,1.03811,1.03834,1.50,2.25
2012.06.19 11:19:47.477,1.03811,1.03834,1.50,2.25
2012.06.19 11:19:47.666,1.03812,1.03833,1.50,1.13
2012.06.19 11:19:47.991,1.0381,1.03823,1.50,4.50
2012.06.19 11:19:48.234,1.03798,1.03822,1.66,2.25
2012.06.19 11:19:48.908,1.03798,1.03822,1.66,1.50
2012.06.19 11:19:49.097,1.038,1.03824,1.66,1.50
2012.06.19 11:19:49.288,1.03803,1.03825,1.50,3.60
2012.06.19 11:19:50.404,1.03804,1.03825,1.50,1.35
2012.06.19 11:19:50.775,1.03802,1.03825,1.50,1.35
2012.06.19 11:19:52.526,1.03801,1.03824,1.50,1.50
2012.06.19 11:19:54.253,1.038,1.03824,1.50,1.50
2012.06.19 11:19:54.850,1.03803,1.03827,1.50,2.70
2012.06.19 11:19:55.179,1.03802,1.03824,1.50,1.50
2012.06.19 11:19:55.245,1.03799,1.03823,1.66,1.50
2012.06.19 11:19:56.095,1.03799,1.03823,1.66,1.50
2012.06.19 11:19:57.785,1.03799,1.03823,1.66,1.50
2012.06.19 11:19:57.974,1.03802,1.03824,1.50,2.25
2012.06.19 11:19:59.014,1.03804,1.03826,1.50,2.25
2012.06.19 11:19:59.339,1.0381,1.03832,1.50,2.25
2012.06.19 11:19:59.545,1.03808,1.0383,1.50,2.25
2012.06.19 11:19:59.735,1.03803,1.03827,1.66,1.50
2012.06.19 11:19:59.865,1.03801,1.03825,2.41,1.50
2012.06.19 11:20:00.308,1.03806,1.03828,1.50,3.00
2012.06.19 11:20:01.025,1.03803,1.03827,1.50,2.25
2012.06.19 11:20:01.601,1.03803,1.03827,1.50,2.25
2012.06.19 11:20:01.729,1.03801,1.03823,1.50,1.50
2012.06.19 11:20:01.928,1.03799,1.03823,1.66,1.50
2012.06.19 11:20:02.375,1.03799,1.03823,1.50,4.50
2012.06.19 11:20:03.135,1.03798,1.03822,1.50,2.25
2012.06.19 11:20:03.685,1.03801,1.03823,1.50,2.25
2012.06.19 11:20:03.997,1.03804,1.03825,1.50,1.35
2012.06.19 11:20:04.067,1.03804,1.03825,1.50,1.35
2012.06.19 11:20:04.263,1.03802,1.03824,1.50,2.25
2012.06.19 11:20:04.455,1.03802,1.03823,1.50,1.73
2012.06.19 11:20:04.527,1.03798,1.03819,1.50,1.50
2012.06.19 11:20:04.979,1.03794,1.03818,1.66,1.50
2012.06.19 11:20:05.056,1.03798,1.03822,1.50,2.25
2012.06.19 11:20:05.376,1.03801,1.03823,2.10,1.20
2012.06.19 11:20:05.565,1.03802,1.03826,2.10,2.25
2012.06.19 11:20:05.755,1.03801,1.03824,1.50,2.25
2012.06.19 11:20:05.885,1.03799,1.03821,1.66,1.50
2012.06.19 11:20:06.265,1.038,1.03823,1.50,2.25
2012.06.19 11:20:06.809,1.038,1.03824,1.50,2.25
2012.06.19 11:20:08.515,1.03798,1.03822,3.76,1.50
2012.06.19 11:20:08.975,1.03798,1.0382,1.66,1.50
2012.06.19 11:20:09.318,1.03792,1.03816,2.26,1.50
2012.06.19 11:20:09.445,1.03794,1.03818,1.66,3.75
2012.06.19 11:20:10.145,1.03796,1.03819,1.50,1.50
2012.06.19 11:20:12.324,1.03795,1.03818,1.66,2.25
2012.06.19 11:20:13.466,1.03796,1.0382,1.50,3.75
2012.06.19 11:20:14.158,1.038,1.03822,1.50,4.50
2012.06.19 11:20:14.844,1.038,1.03824,1.50,3.00
2012.06.19 11:20:15.176,1.03798,1.03818,2.25,1.50
2012.06.19 11:20:16.887,1.03798,1.0382,3.75,2.25
2012.06.19 11:20:17.901,1.03798,1.03817,2.25,1.50
2012.06.19 11:20:18.096,1.03793,1.03817,3.16,1.50
2012.06.19 11:20:18.224,1.03795,1.03819,1.50,3.75
2012.06.19 11:20:19.678,1.03794,1.03816,1.66,1.50
2012.06.19 11:20:20.170,1.03797,1.03818,1.50,1.35
2012.06.19 11:20:20.299,1.03797,1.03819,3.75,1.73
2012.06.19 11:20:20.367,1.03793,1.03813,1.66,2.25
2012.06.19 11:20:20.617,1.03798,1.03822,2.25,2.25
2012.06.19 11:20:20.750,1.03798,1.03822,2.25,2.63
2012.06.19 11:20:20.877,1.03797,1.03822,1.50,2.63
2012.06.19 11:20:21.004,1.038,1.03822,1.50,1.13
2012.06.19 11:20:21.868,1.03799,1.03821,1.50,2.25
2012.06.19 11:20:22.358,1.03796,1.0382,1.66,1.50
2012.06.19 11:20:22.966,1.03796,1.0382,1.66,1.50
2012.06.19 11:20:23.774,1.03796,1.0382,1.66,1.50
2012.06.19 11:20:24.287,1.03798,1.0382,2.25,1.50
2012.06.19 11:20:25.315,1.03798,1.03822,3.75,2.25
2012.06.19 11:20:26.454,1.03798,1.03822,3.75,2.25
2012.06.19 11:20:26.585,1.038,1.03823,1.50,1.50
2012.06.19 11:20:27.789,1.038,1.03823,1.50,1.50
2012.06.19 11:20:28.337,1.03799,1.03821,1.50,2.25
2012.06.19 11:20:30.046,1.03801,1.03823,1.50,3.00
2012.06.19 11:20:30.264,1.03799,1.03821,1.50,1.50
2012.06.19 11:20:38.236,1.038,1.03823,1.50,1.50
2012.06.19 11:20:38.595,1.03799,1.03821,1.50,2.25
2012.06.19 11:20:38.933,1.03799,1.03821,1.50,1.50
2012.06.19 11:20:39.066,1.03801,1.03823,1.50,2.25
2012.06.19 11:20:39.255,1.03798,1.03822,3.75,2.25
2012.06.19 11:20:39.514,1.038,1.03824,1.50,3.00
2012.06.19 11:20:41.645,1.03799,1.03821,1.50,2.25
2012.06.19 11:20:42.605,1.03801,1.03823,1.50,2.25
2012.06.19 11:20:43.036,1.03802,1.03826,1.50,2.63
2012.06.19 11:20:43.230,1.038,1.03824,3.16,1.50
2012.06.19 11:20:43.296,1.03802,1.03826,1.66,1.88
2012.06.19 11:20:43.429,1.03804,1.03828,1.50,3.00
2012.06.19 11:20:43.555,1.03803,1.03825,1.66,1.50
2012.06.19 11:20:43.876,1.03803,1.03825,1.66,2.25
2012.06.19 11:20:44.066,1.03801,1.03823,1.50,2.25
2012.06.19 11:20:47.776,1.03801,1.03819,1.50,1.50
2012.06.19 11:20:47.847,1.03799,1.03819,1.50,2.25
2012.06.19 11:20:47.914,1.03794,1.03818,1.66,1.50
2012.06.19 11:20:48.105,1.03793,1.03815,1.66,1.50
2012.06.19 11:20:48.419,1.03788,1.03811,3.91,1.50
2012.06.19 11:20:49.140,1.03788,1.03811,3.91,1.50
2012.06.19 11:20:49.644,1.0379,1.03812,1.66,2.25
2012.06.19 11:20:50.006,1.03793,1.03812,1.50,2.25
2012.06.19 11:20:50.159,1.03791,1.03813,1.66,1.50
2012.06.19 11:20:50.300,1.03793,1.03815,1.66,3.00
2012.06.19 11:20:50.725,1.03791,1.03813,1.66,1.50
2012.06.19 11:20:51.461,1.03792,1.03813,1.66,1.50
2012.06.19 11:20:52.076,1.03792,1.03814,1.66,2.25
2012.06.19 11:20:52.386,1.0379,1.03812,1.66,1.50
2012.06.19 11:20:52.519,1.03786,1.03811,2.26,1.50
2012.06.19 11:20:52.737,1.03785,1.03808,2.26,1.50
2012.06.19 11:20:52.867,1.03786,1.03811,2.26,1.50
2012.06.19 11:20:53.266,1.03794,1.03812,1.50,2.25
2012.06.19 11:20:53.394,1.03794,1.03816,1.66,1.50
2012.06.19 11:20:53.525,1.03796,1.03818,1.50,3.45
2012.06.19 11:20:54.204,1.03793,1.03817,2.26,1.50
2012.06.19 11:20:54.779,1.03791,1.03815,3.01,1.50
2012.06.19 11:20:55.099,1.03787,1.03811,2.41,1.50
2012.06.19 11:20:55.525,1.03789,1.03812,1.66,1.50
2012.06.19 11:20:55.656,1.03789,1.03812,1.50,3.00
2012.06.19 11:20:55.724,1.03788,1.03809,1.50,1.50
2012.06.19 11:20:56.072,1.03791,1.03812,1.50,3.00
2012.06.19 11:20:56.654,1.03791,1.03813,1.50,1.50
2012.06.19 11:20:57.648,1.03791,1.03809,1.50,1.35
2012.06.19 11:20:57.837,1.03784,1.03803,1.50,2.25
2012.06.19 11:20:57.966,1.03784,1.03807,1.66,1.50
2012.06.19 11:20:58.095,1.03785,1.0381,1.66,3.75
2012.06.19 11:20:58.717,1.03785,1.0381,1.50,2.85
2012.06.19 11:20:59.385,1.03785,1.0381,1.66,2.85
2012.06.19 11:21:00.614,1.03785,1.0381,2.10,2.25
2012.06.19 11:21:01.689,1.03785,1.03809,2.10,1.50
2012.06.19 11:21:02.221,1.03783,1.03808,2.26,1.50
2012.06.19 11:21:02.287,1.03785,1.0381,2.10,2.25
2012.06.19 11:21:02.357,1.03787,1.03812,1.50,4.50
2012.06.19 11:21:02.669,1.03793,1.03812,1.50,3.00
2012.06.19 11:21:02.859,1.03793,1.03812,1.50,2.25
2012.06.19 11:21:03.261,1.03793,1.03815,1.66,1.50
2012.06.19 11:21:03.326,1.03796,1.03819,1.50,2.10
2012.06.19 11:21:03.646,1.03794,1.03818,1.50,2.25
2012.06.19 11:21:04.097,1.03793,1.03815,1.66,1.50
2012.06.19 11:21:04.518,1.0379,1.03813,1.66,2.25
2012.06.19 11:21:04.929,1.03788,1.03811,1.66,1.50
2012.06.19 11:21:05.002,1.03788,1.03811,1.66,1.50
2012.06.19 11:21:05.067,1.0379,1.03813,1.50,3.00
2012.06.19 11:21:05.926,1.0379,1.03813,1.50,3.00
2012.06.19 11:21:05.997,1.03785,1.0381,2.26,1.50
2012.06.19 11:21:07.806,1.03787,1.03811,1.50,2.25
2012.06.19 11:21:08.386,1.03787,1.03812,1.50,2.25
2012.06.19 11:21:08.814,1.03789,1.03812,2.10,2.25
2012.06.19 11:21:09.126,1.03794,1.03816,1.50,1.50
2012.06.19 11:21:09.462,1.03795,1.03819,1.50,4.50
2012.06.19 11:21:09.540,1.03797,1.03819,1.50,2.25
2012.06.19 11:21:09.816,1.03795,1.03817,3.00,1.50
2012.06.19 11:21:10.148,1.03793,1.03813,1.66,1.50
2012.06.19 11:21:10.396,1.03789,1.03811,1.66,1.50
2012.06.19 11:21:10.957,1.03788,1.03812,1.96,1.50
2012.06.19 11:21:11.027,1.03798,1.03812,2.25,1.50
2012.06.19 11:21:11.217,1.03789,1.03811,1.28,1.50
2012.06.19 11:21:11.288,1.03789,1.03811,1.06,1.50
2012.06.19 11:21:11.357,1.03794,1.03816,1.66,1.50
2012.06.19 11:21:11.428,1.03792,1.03809,1.66,1.50
2012.06.19 11:21:11.501,1.03787,1.03809,4.21,1.50
2012.06.19 11:21:11.569,1.03792,1.03812,1.50,2.25
2012.06.19 11:21:11.999,1.0379,1.03812,1.88,3.00
2012.06.19 11:21:12.128,1.03797,1.03812,1.50,3.00
2012.06.19 11:21:12.497,1.03797,1.03819,1.50,2.25
2012.06.19 11:21:13.213,1.03808,1.03819,2.25,2.25
2012.06.19 11:21:13.347,1.03808,1.03821,3.75,1.50
2012.06.19 11:21:13.479,1.03808,1.03829,2.25,2.25
2012.06.19 11:21:13.548,1.038,1.03824,1.66,1.50
2012.06.19 11:21:13.977,1.03802,1.03826,1.66,1.50
2012.06.19 11:21:14.536,1.03802,1.03826,1.66,1.50
2012.06.19 11:21:14.995,1.03805,1.03827,1.50,1.50
2012.06.19 11:21:16.455,1.03807,1.03829,1.50,3.00
2012.06.19 11:21:17.035,1.03811,1.03833,1.50,3.00
2012.06.19 11:21:17.073,1.03811,1.03833,1.50,2.25
2012.06.19 11:21:17.459,1.03815,1.03833,1.50,1.35
2012.06.19 11:21:17.530,1.03808,1.03832,3.16,1.50
2012.06.19 11:21:18.210,1.03807,1.0383,2.41,1.50
2012.06.19 11:21:18.523,1.0381,1.03834,1.66,1.50
2012.06.19 11:21:19.080,1.03813,1.03835,3.00,1.50
2012.06.19 11:21:19.929,1.03812,1.03836,1.66,1.50
2012.06.19 11:21:21.100,1.03812,1.03836,1.66,1.50
2012.06.19 11:21:22.695,1.03812,1.03836,1.66,1.50
2012.06.19 11:21:23.190,1.03812,1.03836,1.66,3.75
2012.06.19 11:21:23.317,1.03808,1.03832,1.66,1.50
2012.06.19 11:21:23.688,1.03806,1.0383,1.66,1.50
2012.06.19 11:21:23.938,1.03807,1.03829,4.50,1.50
2012.06.19 11:21:24.005,1.03809,1.03831,1.50,2.25
2012.06.19 11:21:24.548,1.03809,1.03831,1.50,2.25
2012.06.19 11:21:25.028,1.03807,1.0383,2.25,1.50
2012.06.19 11:21:25.155,1.03807,1.0383,2.25,2.25
2012.06.19 11:21:25.288,1.03803,1.03827,1.66,1.50
2012.06.19 11:21:25.486,1.03808,1.03827,2.25,1.50
2012.06.19 11:21:25.558,1.03808,1.0383,3.75,2.25
2012.06.19 11:21:26.064,1.03809,1.03833,1.50,3.00
2012.06.19 11:21:27.119,1.03809,1.03833,1.50,3.23
2012.06.19 11:21:27.408,1.03812,1.03834,1.50,3.00
2012.06.19 11:21:27.598,1.03808,1.0383,1.50,2.25
2012.06.19 11:21:27.726,1.03803,1.03827,1.66,1.50
2012.06.19 11:21:28.057,1.03807,1.03828,2.25,1.50
2012.06.19 11:21:28.368,1.03809,1.03833,3.00,2.25
2012.06.19 11:21:28.978,1.03807,1.03831,3.75,2.25
2012.06.19 11:21:29.052,1.03807,1.03828,2.25,1.50
2012.06.19 11:21:29.366,1.03803,1.03826,1.50,1.50
2012.06.19 11:21:29.443,1.03803,1.03823,1.50,2.25
2012.06.19 11:21:29.768,1.03801,1.03823,1.66,1.50
2012.06.19 11:21:29.899,1.03803,1.03825,1.50,3.00
2012.06.19 11:21:30.294,1.03801,1.03824,1.66,1.50
2012.06.19 11:21:30.548,1.03803,1.03826,1.50,1.50
2012.06.19 11:21:30.857,1.03808,1.0383,1.50,2.25
2012.06.19 11:21:31.109,1.03808,1.0383,1.50,1.50
2012.06.19 11:21:31.386,1.03808,1.03829,1.50,1.35
2012.06.19 11:21:31.581,1.03802,1.03823,1.50,3.00
2012.06.19 11:21:31.645,1.038,1.03823,1.50,3.00
2012.06.19 11:21:32.335,1.03802,1.03823,1.50,3.00
2012.06.19 11:21:32.754,1.03798,1.0382,3.16,1.50
2012.06.19 11:21:32.947,1.038,1.03822,1.50,1.50
2012.06.19 11:21:33.526,1.03798,1.0382,3.16,2.25
2012.06.19 11:21:34.153,1.038,1.03822,1.50,3.75
2012.06.19 11:21:35.134,1.038,1.03822,1.50,1.50
2012.06.19 11:21:35.505,1.038,1.03822,1.50,2.25
2012.06.19 11:21:35.683,1.038,1.03822,1.50,1.50
2012.06.19 11:21:36.157,1.038,1.03822,1.50,2.25
2012.06.19 11:21:36.285,1.038,1.03822,1.50,1.50
2012.06.19 11:21:36.766,1.03802,1.03824,1.50,2.25
2012.06.19 11:21:36.911,1.03797,1.03821,4.51,1.50
2012.06.19 11:21:37.439,1.038,1.03822,2.26,1.50
2012.06.19 11:21:38.057,1.038,1.03822,1.66,1.50
2012.06.19 11:21:38.923,1.03799,1.03823,1.66,1.50
2012.06.19 11:21:39.752,1.03798,1.03822,1.66,4.50
2012.06.19 11:21:40.158,1.03801,1.03822,1.50,2.25
2012.06.19 11:21:40.468,1.03803,1.03822,1.50,3.00
2012.06.19 11:21:40.798,1.03805,1.03827,1.50,1.50
2012.06.19 11:21:41.697,1.03802,1.03826,1.50,1.50
2012.06.19 11:21:42.130,1.03804,1.03826,1.50,1.50
2012.06.19 11:21:42.722,1.03807,1.03828,1.50,1.50
2012.06.19 11:21:42.793,1.03804,1.03826,1.50,2.25
2012.06.19 11:21:42.867,1.03805,1.03828,1.50,1.50
2012.06.19 11:21:44.168,1.03803,1.03825,1.50,1.50
2012.06.19 11:21:44.414,1.03804,1.03828,1.50,3.00
2012.06.19 11:21:45.192,1.03804,1.03828,1.50,3.00
2012.06.19 11:21:45.746,1.03802,1.03826,1.50,1.50
2012.06.19 11:21:45.996,1.03801,1.03824,1.50,1.50
2012.06.19 11:21:46.837,1.03803,1.03825,1.50,1.50
2012.06.19 11:21:47.306,1.03805,1.03827,1.50,1.50
2012.06.19 11:21:47.567,1.03802,1.03826,1.50,1.50
2012.06.19 11:21:47.789,1.038,1.03824,1.66,1.50
2012.06.19 11:21:48.096,1.03807,1.03824,2.85,1.50
2012.06.19 11:21:48.406,1.03813,1.03836,1.50,2.85
2012.06.19 11:21:48.596,1.03815,1.03836,1.50,1.35
2012.06.19 11:21:48.729,1.03815,1.03838,1.50,2.10
2012.06.19 11:21:49.246,1.03813,1.03836,1.66,2.10
2012.06.19 11:21:50.395,1.03813,1.03836,1.66,2.10
2012.06.19 11:21:50.863,1.03813,1.03836,1.66,2.85
2012.06.19 11:21:50.939,1.03813,1.03836,1.66,2.10
2012.06.19 11:21:51.477,1.0381,1.03835,1.66,1.50
2012.06.19 11:21:51.666,1.0381,1.03835,1.66,2.25
2012.06.19 11:21:52.215,1.03808,1.03833,3.16,1.50
2012.06.19 11:21:52.825,1.0381,1.03835,1.66,2.25
2012.06.19 11:21:53.015,1.03808,1.03833,2.26,1.50
2012.06.19 11:21:53.848,1.03811,1.03834,1.50,1.50
2012.06.19 11:21:54.158,1.03816,1.03837,2.10,1.13
2012.06.19 11:21:54.482,1.03821,1.03844,1.50,1.50
2012.06.19 11:21:54.676,1.03817,1.0384,4.51,1.50
2012.06.19 11:21:54.745,1.03818,1.03843,2.26,2.25
2012.06.19 11:21:54.875,1.03818,1.03843,1.66,2.25
2012.06.19 11:21:55.065,1.03816,1.03841,1.66,2.25
2012.06.19 11:21:55.137,1.03819,1.03842,1.50,4.50
2012.06.19 11:21:55.546,1.03817,1.0384,1.66,2.25
2012.06.19 11:21:58.728,1.03817,1.0384,1.50,1.50
2012.06.19 11:21:58.914,1.03818,1.03842,1.50,2.25
2012.06.19 11:21:59.049,1.03816,1.03841,1.66,1.50
2012.06.19 11:21:59.896,1.03816,1.03841,1.66,2.25
2012.06.19 11:22:00.206,1.03818,1.03842,1.50,3.00
2012.06.19 11:22:00.724,1.03815,1.03838,1.66,3.00
2012.06.19 11:22:00.920,1.03816,1.0384,3.39,1.50
2012.06.19 11:22:00.989,1.03818,1.03842,1.50,2.25
2012.06.19 11:22:01.056,1.03824,1.03843,1.50,1.50
2012.06.19 11:22:01.247,1.03827,1.0385,1.50,3.00
2012.06.19 11:22:01.436,1.03825,1.03848,1.50,2.25
2012.06.19 11:22:01.691,1.03826,1.03848,1.50,1.50
2012.06.19 11:22:01.998,1.03826,1.03846,1.50,1.50
2012.06.19 11:22:02.067,1.03824,1.03846,1.50,1.50
2012.06.19 11:22:02.137,1.03824,1.03846,1.50,1.50
2012.06.19 11:22:02.207,1.03818,1.03841,4.66,2.25
2012.06.19 11:22:02.756,1.03817,1.03839,2.25,3.00
2012.06.19 11:22:02.967,1.03819,1.03842,1.50,3.00
2012.06.19 11:22:03.526,1.03818,1.0384,2.25,2.25
2012.06.19 11:22:04.458,1.03821,1.03842,1.50,1.50
2012.06.19 11:22:04.650,1.03825,1.03844,1.50,1.35
2012.06.19 11:22:04.908,1.03827,1.03846,2.25,2.25
2012.06.19 11:22:04.979,1.03827,1.03846,2.25,1.50
2012.06.19 11:22:05.225,1.03827,1.03846,2.25,2.25
2012.06.19 11:22:05.536,1.03829,1.03848,1.66,2.25
2012.06.19 11:22:06.205,1.03826,1.03851,1.50,3.00
2012.06.19 11:22:06.978,1.03826,1.03851,1.50,3.00
2012.06.19 11:22:07.048,1.0383,1.03851,1.50,1.50
2012.06.19 11:22:07.239,1.03831,1.03853,1.50,1.50
2012.06.19 11:22:07.447,1.0383,1.03851,1.50,1.50
2012.06.19 11:22:07.852,1.03834,1.03856,1.50,3.00
2012.06.19 11:22:08.374,1.03833,1.03855,3.00,1.50
2012.06.19 11:22:08.755,1.03835,1.03855,1.50,1.50
2012.06.19 11:22:10.341,1.03834,1.03856,3.16,2.25
2012.06.19 11:22:10.648,1.03837,1.03853,2.25,2.25
2012.06.19 11:22:10.777,1.03835,1.03855,1.50,2.25
2012.06.19 11:22:10.850,1.03837,1.03856,1.50,1.65
2012.06.19 11:22:11.158,1.03833,1.03857,1.50,2.40
2012.06.19 11:22:11.834,1.03827,1.03851,1.66,2.25
2012.06.19 11:22:12.337,1.0383,1.0385,1.66,2.25
2012.06.19 11:22:12.407,1.0383,1.0385,1.50,3.00
2012.06.19 11:22:12.906,1.03827,1.03851,1.50,3.00
2012.06.19 11:22:13.035,1.03823,1.03848,1.66,2.25
2012.06.19 11:22:13.167,1.03822,1.03845,1.66,1.50
2012.06.19 11:22:13.235,1.03828,1.03848,1.50,1.50
2012.06.19 11:22:13.546,1.0383,1.03848,1.50,1.50
2012.06.19 11:22:13.858,1.03837,1.03854,1.50,1.35
2012.06.19 11:22:13.928,1.03837,1.03857,1.50,2.10
2012.06.19 11:22:13.997,1.03835,1.03857,1.50,3.60
2012.06.19 11:22:14.257,1.03836,1.03857,1.50,1.35
2012.06.19 11:22:14.826,1.03834,1.03858,1.50,3.15
2012.06.19 11:22:16.673,1.03837,1.03859,1.50,3.15
2012.06.19 11:22:16.988,1.03837,1.03857,1.50,1.13
2012.06.19 11:22:17.238,1.03823,1.03846,1.65,1.50
2012.06.19 11:22:17.428,1.03828,1.03846,2.25,1.50
2012.06.19 11:22:17.496,1.03823,1.03846,1.65,1.50
2012.06.19 11:22:17.726,1.03828,1.03846,2.25,1.50
2012.06.19 11:22:18.039,1.03823,1.03846,1.50,1.50
2012.06.19 11:22:18.598,1.03827,1.03848,1.50,1.13
2012.06.19 11:22:19.189,1.03829,1.03848,1.50,1.13
2012.06.19 11:22:19.264,1.03826,1.03849,3.00,1.50
2012.06.19 11:22:20.009,1.03827,1.03852,1.50,2.25
2012.06.19 11:22:20.583,1.03826,1.03849,1.50,2.25
2012.06.19 11:22:21.049,1.03828,1.03851,1.50,2.25
2012.06.19 11:22:21.719,1.03832,1.03853,1.50,2.25
2012.06.19 11:22:22.026,1.03834,1.03852,1.50,3.00
2012.06.19 11:22:22.155,1.03831,1.03852,3.00,3.00
2012.06.19 11:22:22.407,1.03831,1.03852,1.50,2.25
2012.06.19 11:22:22.974,1.03833,1.03852,1.50,2.25
2012.06.19 11:22:23.236,1.03831,1.03852,1.50,2.25
2012.06.19 11:22:25.004,1.0383,1.03852,1.50,2.25
2012.06.19 11:22:25.451,1.03832,1.03852,1.50,2.25
2012.06.19 11:22:26.468,1.0383,1.03852,3.00,2.25
2012.06.19 11:22:26.598,1.03833,1.03852,1.50,2.25
2012.06.19 11:22:26.727,1.03829,1.03851,1.50,1.50
2012.06.19 11:22:26.796,1.03831,1.03852,1.50,2.25
2012.06.19 11:22:27.309,1.03828,1.0385,3.75,3.00
2012.06.19 11:22:27.560,1.03826,1.03849,1.50,1.50
2012.06.19 11:22:28.086,1.03825,1.03848,1.50,1.50
2012.06.19 11:22:28.226,1.03827,1.0385,1.50,3.00
2012.06.19 11:22:28.417,1.03825,1.03848,3.00,1.50
2012.06.19 11:22:28.545,1.03827,1.0385,1.50,3.75
2012.06.19 11:22:28.859,1.03832,1.03852,1.50,2.25
2012.06.19 11:22:29.404,1.03833,1.03853,1.50,3.00
2012.06.19 11:22:29.476,1.03833,1.03853,1.50,3.00
2012.06.19 11:22:29.605,1.03831,1.03853,1.50,2.25
2012.06.19 11:22:30.356,1.03829,1.0385,1.50,1.50
2012.06.19 11:22:30.426,1.0383,1.03852,1.50,3.00
2012.06.19 11:22:31.134,1.03827,1.0385,3.91,1.50
2012.06.19 11:22:31.566,1.03824,1.03847,3.16,1.50
2012.06.19 11:22:31.635,1.03824,1.03847,1.50,1.50
2012.06.19 11:22:31.825,1.03821,1.03846,1.66,1.50
2012.06.19 11:22:32.016,1.03824,1.03847,1.50,1.50
2012.06.19 11:22:32.510,1.03824,1.03847,1.50,2.25
2012.06.19 11:22:32.675,1.03821,1.03846,3.16,2.25
2012.06.19 11:22:32.807,1.03819,1.03842,1.66,1.50
2012.06.19 11:22:33.178,1.03817,1.03842,3.75,2.25
2012.06.19 11:22:33.696,1.0382,1.03842,1.50,3.00
2012.06.19 11:22:34.816,1.03818,1.03842,2.85,4.50
2012.06.19 11:22:35.529,1.0382,1.03842,1.50,3.00
2012.06.19 11:22:35.838,1.03822,1.03842,1.50,3.00
2012.06.19 11:22:35.965,1.03819,1.03842,1.50,3.00
2012.06.19 11:22:36.525,1.0382,1.03842,1.50,3.00
2012.06.19 11:22:36.727,1.03818,1.03842,2.25,4.50
2012.06.19 11:22:36.856,1.0382,1.03842,1.50,3.00
2012.06.19 11:22:37.108,1.03818,1.03842,2.25,4.50
2012.06.19 11:22:37.239,1.03818,1.0384,2.41,1.50
2012.06.19 11:22:37.546,1.03815,1.03837,1.66,1.50
2012.06.19 11:22:37.897,1.03816,1.03839,1.66,1.50
2012.06.19 11:22:41.698,1.03817,1.03842,2.25,2.25
2012.06.19 11:22:41.827,1.03819,1.03842,1.50,2.25
2012.06.19 11:22:41.900,1.03816,1.03841,1.50,2.25
2012.06.19 11:22:42.088,1.03819,1.03842,1.50,2.25
2012.06.19 11:22:42.399,1.03816,1.03836,1.50,1.50
2012.06.19 11:22:42.468,1.03816,1.03838,1.50,1.50
2012.06.19 11:22:43.253,1.03815,1.03838,1.50,1.50
2012.06.19 11:22:43.759,1.03815,1.03838,2.10,1.50
2012.06.19 11:22:45.279,1.03815,1.03838,1.50,1.50
2012.06.19 11:22:45.347,1.03817,1.0384,1.50,1.50
2012.06.19 11:22:45.991,1.03817,1.0384,1.50,2.25
2012.06.19 11:22:46.556,1.03817,1.0384,1.50,2.25
2012.06.19 11:22:46.628,1.03815,1.03839,1.50,2.25
2012.06.19 11:22:47.233,1.03813,1.03836,3.60,1.50
2012.06.19 11:22:47.821,1.03814,1.03839,1.50,2.25
2012.06.19 11:22:48.688,1.03813,1.03837,1.50,2.25
2012.06.19 11:22:49.267,1.03812,1.03837,1.50,2.25
2012.06.19 11:22:50.180,1.03812,1.03836,1.50,1.50
2012.06.19 11:22:50.833,1.03812,1.03835,1.50,2.25
2012.06.19 11:22:51.512,1.03813,1.03838,1.50,3.00
2012.06.19 11:22:51.577,1.03811,1.03836,1.50,2.25
2012.06.19 11:22:52.839,1.03809,1.03834,1.50,2.25
2012.06.19 11:22:52.966,1.03807,1.03828,3.91,1.50
2012.06.19 11:22:53.300,1.03803,1.03823,1.50,2.25
2012.06.19 11:22:53.618,1.03805,1.03823,1.50,2.25
2012.06.19 11:22:55.116,1.03804,1.03823,1.50,2.25
2012.06.19 11:22:55.445,1.03802,1.03823,1.35,2.25
2012.06.19 11:22:55.516,1.03804,1.03823,1.50,2.25
2012.06.19 11:22:56.498,1.03801,1.03823,2.10,2.25
2012.06.19 11:22:57.034,1.03801,1.03823,1.50,2.25
2012.06.19 11:22:57.111,1.03804,1.03823,1.50,2.25
2012.06.19 11:22:57.835,1.03803,1.03823,2.10,2.25
2012.06.19 11:22:57.967,1.03806,1.03828,1.50,2.10
2012.06.19 11:22:58.039,1.03804,1.03823,1.50,2.25
2012.06.19 11:22:58.577,1.03807,1.03823,1.50,2.25
2012.06.19 11:22:58.769,1.03807,1.03831,1.50,1.20
2012.06.19 11:22:59.281,1.03806,1.0383,1.50,2.25
2012.06.19 11:22:59.800,1.03805,1.0383,1.50,2.25
2012.06.19 11:23:00.135,1.03803,1.03828,1.50,2.25
2012.06.19 11:23:00.207,1.03806,1.03829,1.50,2.25
2012.06.19 11:23:00.527,1.03803,1.03823,1.50,2.25
2012.06.19 11:23:01.032,1.03805,1.0383,1.50,2.25
2012.06.19 11:23:01.613,1.03805,1.03829,1.50,3.00
2012.06.19 11:23:01.687,1.03803,1.03828,1.50,3.00
2012.06.19 11:23:01.759,1.03803,1.03822,1.50,2.25
2012.06.19 11:23:01.946,1.03803,1.03828,3.00,2.25
2012.06.19 11:23:02.016,1.03805,1.0383,1.50,2.25
2012.06.19 11:23:02.406,1.03806,1.03823,1.50,2.25
2012.06.19 11:23:02.535,1.03806,1.03829,1.50,2.25
2012.06.19 11:23:02.848,1.03804,1.03823,1.50,2.25
2012.06.19 11:23:03.380,1.03805,1.03823,1.50,2.25
2012.06.19 11:23:03.635,1.03803,1.03823,1.50,2.25
2012.06.19 11:23:04.220,1.03804,1.03823,1.50,2.25
2012.06.19 11:23:04.755,1.03806,1.03823,1.50,2.25
2012.06.19 11:23:05.510,1.03803,1.03828,1.50,2.25
2012.06.19 11:23:05.720,1.03806,1.03829,1.50,2.25
2012.06.19 11:23:05.967,1.03804,1.03822,1.50,2.25
2012.06.19 11:23:06.335,1.03802,1.03822,1.50,2.25
2012.06.19 11:23:07.286,1.03803,1.03822,1.50,2.25
2012.06.19 11:23:08.036,1.03807,1.03822,1.50,2.25
2012.06.19 11:23:08.105,1.03807,1.03829,1.50,2.25
2012.06.19 11:23:08.297,1.03805,1.0383,1.50,2.25
2012.06.19 11:23:08.798,1.03805,1.0383,1.50,2.25
2012.06.19 11:23:10.526,1.03805,1.03828,1.50,1.50
2012.06.19 11:23:11.246,1.03807,1.03828,2.25,1.50
2012.06.19 11:23:11.695,1.0381,1.03828,1.50,1.50
2012.06.19 11:23:11.765,1.03807,1.03828,3.75,1.50
2012.06.19 11:23:11.955,1.03807,1.03825,2.25,1.50
2012.06.19 11:23:12.084,1.03803,1.03825,1.50,1.50
2012.06.19 11:23:12.435,1.03805,1.03828,1.50,2.25
2012.06.19 11:23:12.950,1.03805,1.03828,1.50,2.25
2012.06.19 11:23:14.100,1.03805,1.03828,1.50,2.25
2012.06.19 11:23:14.652,1.03805,1.03828,1.50,2.25
2012.06.19 11:23:15.417,1.03805,1.03828,1.50,2.25
2012.06.19 11:23:17.243,1.03805,1.03828,1.50,2.25
2012.06.19 11:23:18.073,1.03805,1.03828,1.50,2.25
2012.06.19 11:23:18.723,1.03805,1.03828,1.50,2.25
2012.06.19 11:23:20.426,1.03805,1.03828,1.50,2.25
2012.06.19 11:23:21.153,1.03803,1.03825,1.50,1.50
2012.06.19 11:23:23.878,1.03804,1.03827,1.50,2.25
2012.06.19 11:23:24.177,1.03802,1.03826,2.10,2.25
2012.06.19 11:23:24.988,1.03802,1.03826,2.10,2.25
2012.06.19 11:23:25.117,1.03804,1.03827,1.50,2.25
2012.06.19 11:23:25.187,1.03804,1.03829,1.50,3.60
2012.06.19 11:23:25.257,1.03802,1.03822,1.66,1.50
2012.06.19 11:23:25.570,1.03803,1.03825,1.50,2.25
2012.06.19 11:23:25.639,1.03801,1.03825,1.50,2.25
2012.06.19 11:23:25.707,1.03803,1.03827,1.50,3.75
2012.06.19 11:23:25.781,1.03805,1.03828,1.50,3.00
2012.06.19 11:23:26.350,1.03803,1.03827,3.00,2.25
2012.06.19 11:23:26.480,1.03806,1.03828,1.50,4.50
2012.06.19 11:23:27.235,1.03806,1.03828,1.50,3.00
2012.06.19 11:23:27.305,1.03803,1.03827,3.00,1.50
2012.06.19 11:23:28.045,1.03805,1.03828,1.50,1.50
2012.06.19 11:23:28.555,1.03805,1.03829,1.50,2.25
2012.06.19 11:23:29.238,1.03803,1.03827,3.00,2.25
2012.06.19 11:23:29.516,1.03806,1.03828,1.50,3.00
2012.06.19 11:23:29.977,1.03804,1.03825,1.50,1.50
2012.06.19 11:23:30.049,1.03801,1.03825,1.66,1.50
2012.06.19 11:23:30.117,1.03803,1.03827,1.50,2.25
2012.06.19 11:23:30.838,1.03808,1.03827,2.25,1.50
2012.06.19 11:23:31.405,1.03804,1.03826,1.50,2.25
2012.06.19 11:23:33.009,1.03802,1.03824,1.50,1.50
2012.06.19 11:23:33.078,1.03799,1.03823,1.50,1.50
2012.06.19 11:23:33.288,1.03798,1.0382,3.91,1.50
2012.06.19 11:23:33.595,1.038,1.03822,1.50,4.50
2012.06.19 11:23:34.025,1.03802,1.03822,1.50,3.00
2012.06.19 11:23:34.597,1.03802,1.03822,1.50,3.00
2012.06.19 11:23:35.339,1.03802,1.03822,1.50,3.00
2012.06.19 11:23:35.468,1.03799,1.03822,1.50,3.00
2012.06.19 11:23:35.677,1.03802,1.03822,1.50,3.00
2012.06.19 11:23:36.218,1.03799,1.03822,1.50,3.75
2012.06.19 11:23:36.955,1.03799,1.03822,1.50,3.00
2012.06.19 11:23:38.476,1.03799,1.03821,1.50,1.50
2012.06.19 11:23:38.606,1.03799,1.03822,1.50,3.00
2012.06.19 11:23:38.677,1.03798,1.03819,2.25,1.50
2012.06.19 11:23:39.009,1.038,1.03821,1.50,1.50
2012.06.19 11:23:39.258,1.03801,1.03822,1.50,3.00
2012.06.19 11:23:39.328,1.03803,1.03822,1.50,3.00
2012.06.19 11:23:39.457,1.03803,1.03825,1.50,3.75
2012.06.19 11:23:39.525,1.03803,1.03825,1.50,4.50
2012.06.19 11:23:39.715,1.03799,1.03823,3.54,1.50
2012.06.19 11:23:40.259,1.038,1.03826,1.88,2.25
2012.06.19 11:23:41.299,1.03799,1.03824,2.04,3.00
2012.06.19 11:23:41.576,1.03799,1.03824,1.88,2.25
2012.06.19 11:23:42.196,1.03799,1.03824,1.88,2.25
2012.06.19 11:23:42.338,1.03799,1.03824,1.88,2.25
2012.06.19 11:23:42.917,1.03799,1.03824,1.88,2.25
2012.06.19 11:23:43.627,1.03802,1.03824,1.50,3.00
2012.06.19 11:23:43.698,1.03803,1.03828,1.88,1.50
2012.06.19 11:23:43.766,1.03807,1.03828,2.25,1.50
2012.06.19 11:23:43.895,1.03807,1.03829,2.25,2.25
2012.06.19 11:23:44.315,1.03799,1.03824,2.64,2.25
2012.06.19 11:23:44.693,1.03801,1.03825,2.04,1.50
2012.06.19 11:23:44.767,1.038,1.03823,2.04,1.50
2012.06.19 11:23:45.098,1.03801,1.03826,2.04,1.50
2012.06.19 11:23:45.547,1.03799,1.03824,2.04,1.50
2012.06.19 11:23:45.957,1.038,1.03826,2.04,1.50
2012.06.19 11:23:46.494,1.038,1.03826,2.04,1.50
2012.06.19 11:23:47.266,1.038,1.03825,2.04,1.50
2012.06.19 11:23:47.336,1.03799,1.03823,2.04,1.50
2012.06.19 11:23:47.407,1.03801,1.03825,2.04,1.50
2012.06.19 11:23:47.923,1.038,1.03826,2.04,1.50
2012.06.19 11:23:48.105,1.03799,1.03824,2.04,1.50
2012.06.19 11:23:48.503,1.03808,1.03824,2.25,1.50
2012.06.19 11:23:48.590,1.03808,1.0383,2.25,2.25
2012.06.19 11:23:48.741,1.03808,1.03827,2.25,1.50
2012.06.19 11:23:49.177,1.03808,1.03827,2.25,2.25
2012.06.19 11:23:49.392,1.03808,1.03827,2.25,1.50
2012.06.19 11:23:50.061,1.03808,1.03829,2.25,2.25
2012.06.19 11:23:50.907,1.03808,1.03827,2.25,1.50
2012.06.19 11:23:51.096,1.03803,1.03827,1.88,1.50
2012.06.19 11:23:51.166,1.03803,1.03827,1.50,1.50
2012.06.19 11:23:51.315,1.03802,1.03825,1.66,1.50
2012.06.19 11:23:51.915,1.03802,1.03825,1.66,1.50
2012.06.19 11:23:52.432,1.03802,1.03825,1.66,1.50
2012.06.19 11:23:52.944,1.03802,1.03825,1.66,1.50
2012.06.19 11:23:53.496,1.038,1.03824,1.88,1.50
2012.06.19 11:23:53.807,1.03802,1.03824,1.50,1.50
2012.06.19 11:23:54.175,1.03803,1.03827,1.50,3.75
2012.06.19 11:23:54.247,1.03802,1.03824,1.50,1.50
2012.06.19 11:23:54.556,1.03806,1.03828,1.50,3.00
2012.06.19 11:23:55.372,1.03807,1.03828,2.25,2.25
2012.06.19 11:23:55.885,1.03803,1.03827,1.66,1.50
2012.06.19 11:23:56.458,1.03803,1.03827,1.66,1.50
2012.06.19 11:23:57.234,1.03803,1.03827,1.66,1.50
2012.06.19 11:23:57.726,1.03808,1.03827,2.25,1.50
2012.06.19 11:23:57.797,1.03808,1.03829,2.25,2.25
2012.06.19 11:23:58.526,1.03808,1.03832,2.25,6.00
2012.06.19 11:23:59.026,1.03808,1.03829,2.25,1.50
2012.06.19 11:24:00.438,1.03808,1.03829,2.25,2.25
2012.06.19 11:24:00.896,1.03805,1.03829,1.50,3.00
2012.06.19 11:24:01.514,1.03803,1.03827,1.66,1.50
2012.06.19 11:24:02.533,1.03803,1.03827,1.66,1.50
2012.06.19 11:24:03.047,1.03805,1.03829,1.50,2.25
2012.06.19 11:24:03.836,1.03807,1.03829,2.25,3.00
2012.06.19 11:24:04.431,1.03809,1.0383,1.50,1.50
2012.06.19 11:24:04.498,1.03807,1.0383,3.75,3.00
2012.06.19 11:24:04.758,1.03807,1.03828,2.25,2.25
2012.06.19 11:24:04.888,1.03804,1.03828,1.66,3.75
2012.06.19 11:24:05.227,1.03804,1.03828,1.50,3.00
2012.06.19 11:24:05.356,1.03805,1.03827,1.50,2.25
2012.06.19 11:24:05.807,1.03803,1.03823,1.50,3.00
2012.06.19 11:24:05.995,1.03801,1.03823,1.50,4.50
2012.06.19 11:24:06.065,1.03799,1.03821,1.50,1.50
2012.06.19 11:24:06.547,1.03797,1.03819,4.51,1.50
2012.06.19 11:24:06.857,1.03794,1.03817,1.50,1.50
2012.06.19 11:24:06.986,1.03793,1.03815,1.50,1.50
2012.06.19 11:24:07.116,1.03794,1.03818,1.50,2.25
2012.06.19 11:24:09.745,1.03793,1.03815,1.50,1.50
2012.06.19 11:24:10.247,1.03792,1.03816,1.66,1.50
2012.06.19 11:24:10.820,1.03793,1.03815,1.50,1.50
2012.06.19 11:24:11.125,1.03797,1.03819,1.50,1.50
2012.06.19 11:24:11.497,1.03795,1.03817,1.50,1.50
2012.06.19 11:24:11.626,1.03793,1.03817,1.66,1.50
2012.06.19 11:24:12.229,1.0379,1.03812,1.66,1.50
2012.06.19 11:24:12.537,1.03798,1.03815,2.25,2.25
2012.06.19 11:24:12.724,1.03798,1.03818,2.25,2.55
2012.06.19 11:24:13.097,1.03794,1.03817,1.50,1.05
2012.06.19 11:24:13.655,1.03797,1.03818,1.50,1.05
2012.06.19 11:24:13.787,1.03795,1.03817,1.50,1.80
2012.06.19 11:24:14.118,1.03792,1.03816,2.48,1.50
2012.06.19 11:24:14.192,1.03791,1.03813,1.14,1.50
2012.06.19 11:24:14.556,1.03793,1.03817,2.04,1.50
2012.06.19 11:24:14.625,1.03797,1.03817,2.25,1.50
2012.06.19 11:24:15.008,1.03792,1.03815,1.51,1.50
2012.06.19 11:24:15.207,1.03792,1.03814,2.10,1.50
2012.06.19 11:24:15.906,1.03791,1.03815,3.39,1.50
2012.06.19 11:24:16.246,1.03794,1.03817,1.50,1.05
2012.06.19 11:24:16.571,1.03793,1.03815,1.50,1.50
2012.06.19 11:24:16.816,1.03794,1.03818,1.50,2.55
2012.06.19 11:24:17.095,1.03796,1.03818,1.50,1.05
2012.06.19 11:24:17.466,1.03798,1.03817,2.25,1.05
2012.06.19 11:24:18.046,1.03797,1.0382,1.50,2.55
2012.06.19 11:24:18.318,1.03794,1.03818,1.66,1.80
2012.06.19 11:24:18.505,1.03793,1.03815,2.26,1.50
2012.06.19 11:24:19.026,1.03794,1.03818,1.66,1.80
2012.06.19 11:24:19.535,1.03796,1.03818,1.50,1.05
2012.06.19 11:24:19.896,1.03792,1.03816,1.66,1.50
2012.06.19 11:24:19.965,1.03792,1.03814,1.66,1.50
2012.06.19 11:24:20.097,1.03792,1.03813,1.50,2.25
2012.06.19 11:24:20.656,1.03791,1.03813,1.66,3.00
2012.06.19 11:24:21.289,1.03791,1.03813,1.50,3.75
2012.06.19 11:24:21.839,1.03791,1.03813,1.50,3.75
2012.06.19 11:24:22.104,1.03789,1.03813,1.50,5.25
2012.06.19 11:24:23.928,1.03789,1.03813,1.50,5.25
2012.06.19 11:24:24.667,1.03789,1.03813,1.88,5.25
2012.06.19 11:24:25.247,1.03791,1.03813,1.88,1.50
2012.06.19 11:24:25.875,1.03791,1.03813,1.88,1.50
2012.06.19 11:24:26.186,1.03791,1.03813,2.48,1.50
2012.06.19 11:24:26.615,1.03798,1.03814,2.25,1.50
2012.06.19 11:24:26.807,1.03794,1.03818,1.50,3.30
2012.06.19 11:24:26.936,1.03794,1.03818,1.50,3.30
2012.06.19 11:24:27.065,1.03798,1.03815,2.25,1.50
2012.06.19 11:24:27.388,1.03794,1.03816,1.50,2.25
2012.06.19 11:24:27.461,1.03794,1.03816,1.50,2.25
2012.06.19 11:24:27.647,1.03797,1.03817,2.25,2.25
2012.06.19 11:24:28.500,1.03797,1.03818,2.85,1.05
2012.06.19 11:24:29.049,1.03797,1.03818,2.85,1.05
2012.06.19 11:24:30.408,1.03797,1.03818,2.85,1.05
2012.06.19 11:24:30.726,1.03792,1.03814,2.10,1.50
2012.06.19 11:24:31.097,1.0379,1.03812,1.66,1.50
2012.06.19 11:24:31.348,1.03793,1.03817,1.50,4.05
2012.06.19 11:24:31.417,1.03793,1.03816,1.50,1.50
2012.06.19 11:24:32.020,1.03792,1.03815,1.50,2.25
2012.06.19 11:24:32.331,1.0379,1.03812,3.16,1.50
2012.06.19 11:24:33.117,1.03789,1.03812,1.50,3.00
2012.06.19 11:24:33.882,1.03788,1.03809,2.25,1.50
2012.06.19 11:24:34.189,1.03789,1.03811,1.50,1.50
2012.06.19 11:24:34.690,1.03788,1.03812,3.75,3.75
2012.06.19 11:24:34.818,1.03791,1.03812,1.50,3.00
2012.06.19 11:24:35.496,1.03789,1.03811,1.50,1.50
2012.06.19 11:24:37.978,1.03793,1.03812,1.50,2.25
2012.06.19 11:24:38.345,1.03797,1.03813,2.25,1.50
2012.06.19 11:24:38.417,1.03797,1.03815,2.25,1.50
2012.06.19 11:24:38.718,1.03797,1.03818,3.75,1.80
2012.06.19 11:24:40.326,1.03798,1.03818,1.50,1.80
2012.06.19 11:24:41.857,1.038,1.03819,1.50,1.05
2012.06.19 11:24:42.527,1.03798,1.03819,1.50,1.05
2012.06.19 11:24:43.051,1.03797,1.03813,2.25,2.25
2012.06.19 11:24:43.123,1.03789,1.03813,1.50,4.50
2012.06.19 11:24:43.516,1.03791,1.03813,1.50,3.00
2012.06.19 11:24:43.836,1.03793,1.03813,1.50,3.00
2012.06.19 11:24:44.178,1.03792,1.03802,1.50,2.25
2012.06.19 11:24:44.245,1.03786,1.03802,2.25,2.25
2012.06.19 11:24:44.557,1.03783,1.03802,1.66,2.25
2012.06.19 11:24:45.006,1.03789,1.03802,1.50,2.25
2012.06.19 11:24:45.076,1.03789,1.03811,1.50,1.50
2012.06.19 11:24:46.168,1.03788,1.03812,1.50,4.35
2012.06.19 11:24:47.314,1.03786,1.0381,3.00,1.50
2012.06.19 11:24:47.758,1.03784,1.03807,1.66,1.50
2012.06.19 11:24:48.070,1.03789,1.0381,1.50,1.50
2012.06.19 11:24:48.677,1.03791,1.03812,1.50,2.85
2012.06.19 11:24:49.709,1.03793,1.03812,1.50,2.25
2012.06.19 11:24:50.025,1.03795,1.03815,1.50,2.10
2012.06.19 11:24:50.156,1.03793,1.03814,1.50,1.50
2012.06.19 11:24:50.225,1.03793,1.03815,1.50,2.85
2012.06.19 11:24:50.650,1.03793,1.03814,1.50,1.50
2012.06.19 11:24:52.349,1.03795,1.03815,1.50,2.10
2012.06.19 11:24:52.418,1.03795,1.03815,1.50,1.35
2012.06.19 11:24:52.966,1.03794,1.03815,1.50,1.35
2012.06.19 11:24:53.566,1.03794,1.03818,1.50,3.23
2012.06.19 11:24:54.209,1.03794,1.03816,1.50,1.35
2012.06.19 11:24:54.716,1.03793,1.03815,1.50,2.25
2012.06.19 11:24:55.254,1.03794,1.03816,1.50,1.35
2012.06.19 11:24:55.925,1.03793,1.03815,1.50,2.25
2012.06.19 11:24:56.842,1.03793,1.03815,1.50,2.25
2012.06.19 11:24:57.674,1.03794,1.03816,1.50,1.35
2012.06.19 11:24:57.894,1.03791,1.03813,1.50,1.50
2012.06.19 11:24:58.284,1.03788,1.03812,2.26,1.50
2012.06.19 11:24:58.584,1.03791,1.03813,1.50,2.25
2012.06.19 11:24:58.924,1.03792,1.03816,1.50,2.25
2012.06.19 11:24:59.958,1.03792,1.03816,1.50,2.25
2012.06.19 11:25:00.617,1.03791,1.03813,1.50,1.50
2012.06.19 11:25:01.089,1.03793,1.03815,1.50,2.25
2012.06.19 11:25:01.214,1.03791,1.03813,3.00,1.50
2012.06.19 11:25:01.519,1.03793,1.03815,1.50,3.75
2012.06.19 11:25:02.130,1.03793,1.03815,1.50,2.25
2012.06.19 11:25:02.784,1.03791,1.03813,1.50,2.25
2012.06.19 11:25:04.266,1.03792,1.03816,1.50,2.25
2012.06.19 11:25:04.466,1.03794,1.03818,1.50,2.63
2012.06.19 11:25:04.775,1.038,1.03821,1.50,1.05
2012.06.19 11:25:04.847,1.03798,1.03821,4.35,1.05
2012.06.19 11:25:04.918,1.03801,1.03822,1.50,1.05
2012.06.19 11:25:05.466,1.03801,1.03822,1.50,1.05
2012.06.19 11:25:05.854,1.03798,1.03822,4.35,2.55
2012.06.19 11:25:06.248,1.038,1.03822,1.50,1.05
2012.06.19 11:25:06.786,1.03799,1.03821,1.50,2.25
2012.06.19 11:25:07.185,1.03801,1.03822,1.50,1.05
2012.06.19 11:25:07.316,1.03799,1.03821,1.50,2.25
2012.06.19 11:25:08.997,1.03798,1.0382,3.23,2.25
2012.06.19 11:25:09.128,1.03798,1.0382,2.85,2.63
2012.06.19 11:25:09.376,1.0379,1.03814,2.64,2.25
2012.06.19 11:25:09.447,1.03789,1.03812,1.14,1.50
2012.06.19 11:25:09.756,1.03787,1.03809,4.51,1.50
2012.06.19 11:25:09.830,1.0379,1.03811,2.10,1.50
2012.06.19 11:25:10.588,1.0379,1.03813,2.10,3.00
2012.06.19 11:25:11.947,1.03788,1.03812,2.10,2.25
2012.06.19 11:25:12.214,1.03792,1.03815,1.50,2.25
2012.06.19 11:25:12.725,1.03791,1.03813,2.25,2.25
2012.06.19 11:25:13.491,1.0379,1.03814,1.88,2.25
2012.06.19 11:25:13.850,1.03792,1.03816,1.50,2.25
2012.06.19 11:25:14.385,1.03792,1.03816,1.50,2.25
2012.06.19 11:25:14.577,1.0379,1.03814,1.50,2.25
2012.06.19 11:25:14.706,1.03788,1.03812,3.75,2.25
2012.06.19 11:25:15.397,1.0379,1.03813,1.50,3.00
2012.06.19 11:25:15.577,1.03788,1.03812,3.00,2.25
2012.06.19 11:25:15.707,1.03793,1.03813,1.50,3.00
2012.06.19 11:25:16.028,1.03798,1.03813,1.50,3.00
2012.06.19 11:25:16.099,1.03794,1.03813,1.50,3.00
2012.06.19 11:25:16.168,1.03797,1.03817,1.50,1.13
2012.06.19 11:25:16.296,1.03794,1.03817,1.50,1.05
2012.06.19 11:25:16.675,1.03797,1.03817,1.50,1.05
2012.06.19 11:25:18.034,1.03797,1.03817,1.50,1.05
2012.06.19 11:25:18.469,1.03795,1.03817,1.50,2.55
2012.06.19 11:25:19.021,1.03796,1.03817,1.50,1.05
2012.06.19 11:25:19.907,1.03796,1.03817,1.50,1.05
2012.06.19 11:25:26.958,1.03796,1.03817,1.50,1.05
2012.06.19 11:25:28.217,1.03796,1.03817,1.50,1.05
2012.06.19 11:25:28.838,1.03797,1.03818,2.25,1.05
2012.06.19 11:25:29.764,1.03797,1.0382,2.25,1.50
2012.06.19 11:25:30.749,1.03797,1.0382,2.25,2.25
2012.06.19 11:25:31.060,1.03799,1.03821,1.50,2.25
2012.06.19 11:25:31.345,1.03799,1.03821,1.50,2.25
2012.06.19 11:25:31.607,1.03801,1.03823,1.50,5.25
2012.06.19 11:25:32.166,1.03799,1.03821,1.50,2.25
2012.06.19 11:25:33.071,1.038,1.03823,1.50,3.75
2012.06.19 11:25:33.436,1.038,1.03824,1.50,2.25
2012.06.19 11:25:33.686,1.03802,1.03826,1.50,2.25
2012.06.19 11:25:34.257,1.03803,1.03825,1.50,2.25
2012.06.19 11:25:34.626,1.03799,1.03821,1.50,1.50
2012.06.19 11:25:34.817,1.038,1.03824,1.50,2.25
2012.06.19 11:25:34.887,1.038,1.03823,1.50,3.75
2012.06.19 11:25:35.396,1.03799,1.03821,1.50,2.25
2012.06.19 11:25:35.805,1.03797,1.0382,2.25,1.50
2012.06.19 11:25:36.391,1.03799,1.03821,1.50,3.75
2012.06.19 11:25:36.918,1.03798,1.03822,3.00,2.25
2012.06.19 11:25:37.426,1.03799,1.03821,1.50,2.25
2012.06.19 11:25:37.775,1.03798,1.03819,1.50,2.25
2012.06.19 11:25:38.328,1.03796,1.03818,2.10,1.50
2012.06.19 11:25:38.400,1.03798,1.0382,1.50,2.25
2012.06.19 11:25:38.650,1.03798,1.03817,2.25,1.50
2012.06.19 11:25:39.197,1.03797,1.03821,1.50,3.75
2012.06.19 11:25:39.386,1.03795,1.03819,1.50,2.25
2012.06.19 11:25:39.456,1.03793,1.03817,3.00,2.25
2012.06.19 11:25:40.023,1.03794,1.03816,1.50,1.50
2012.06.19 11:25:40.963,1.03796,1.03818,1.50,2.25
2012.06.19 11:25:41.027,1.03794,1.03816,1.50,1.50
2012.06.19 11:25:49.520,1.03794,1.03816,1.50,2.25
2012.06.19 11:25:51.298,1.03796,1.03819,1.50,1.50
2012.06.19 11:25:51.815,1.03795,1.03817,1.50,2.25
2012.06.19 11:25:51.947,1.03793,1.03815,1.50,1.50
2012.06.19 11:25:52.167,1.03795,1.03817,1.50,2.25
2012.06.19 11:25:54.489,1.03795,1.03817,1.50,2.25
2012.06.19 11:25:54.756,1.03793,1.03816,1.50,2.25
2012.06.19 11:25:55.339,1.03794,1.03818,1.50,2.25
2012.06.19 11:25:56.617,1.03794,1.03818,1.50,2.25
2012.06.19 11:25:57.168,1.03794,1.03818,1.50,2.25
2012.06.19 11:25:57.712,1.03794,1.03818,1.50,2.25
2012.06.19 11:25:58.847,1.03793,1.03815,1.50,2.25
2012.06.19 11:26:00.215,1.03795,1.03817,1.50,2.25
2012.06.19 11:26:00.400,1.03792,1.03816,1.50,2.25
2012.06.19 11:26:00.725,1.03794,1.03817,1.50,2.25
2012.06.19 11:26:01.644,1.03794,1.03818,1.50,2.25
2012.06.19 11:26:01.956,1.03793,1.03815,1.50,1.50
2012.06.19 11:26:02.917,1.03794,1.03818,1.50,3.75
2012.06.19 11:26:03.201,1.03797,1.03818,1.50,1.50
2012.06.19 11:26:03.265,1.03795,1.03817,1.50,2.25
2012.06.19 11:26:03.478,1.03797,1.03817,2.25,2.25
2012.06.19 11:26:04.002,1.03795,1.03817,1.50,2.25
2012.06.19 11:26:04.071,1.03793,1.03815,3.00,1.50
2012.06.19 11:26:04.140,1.03794,1.03818,1.50,3.75
2012.06.19 11:26:04.271,1.03793,1.03815,1.50,1.50
2012.06.19 11:26:04.577,1.0379,1.03812,1.50,3.75
2012.06.19 11:26:04.888,1.0379,1.03812,1.50,4.50
2012.06.19 11:26:05.499,1.0379,1.03812,1.50,4.50
2012.06.19 11:26:05.625,1.03788,1.0381,2.25,2.25
2012.06.19 11:26:06.519,1.03789,1.03811,1.50,2.25
2012.06.19 11:26:06.770,1.03791,1.03812,1.50,3.00
2012.06.19 11:26:06.997,1.03788,1.03812,3.75,4.50
2012.06.19 11:26:07.315,1.0379,1.03812,1.50,3.00
2012.06.19 11:26:08.556,1.03789,1.03811,1.50,2.25
2012.06.19 11:26:09.859,1.03789,1.03811,1.50,2.25
2012.06.19 11:26:10.525,1.0379,1.03812,1.50,3.00
2012.06.19 11:26:11.103,1.03791,1.03812,1.50,3.00
2012.06.19 11:26:11.478,1.03793,1.03812,1.50,3.00
2012.06.19 11:26:12.475,1.03789,1.03812,1.50,3.00
2012.06.19 11:26:13.884,1.03788,1.0381,3.75,2.25
2012.06.19 11:26:14.026,1.0379,1.03812,1.50,4.50
2012.06.19 11:26:14.950,1.0379,1.03812,1.50,4.50
2012.06.19 11:26:15.331,1.03792,1.03812,1.50,3.00
2012.06.19 11:26:15.735,1.0379,1.03812,1.50,3.00
2012.06.19 11:26:16.237,1.03789,1.03812,1.50,3.00
2012.06.19 11:26:17.056,1.03789,1.03812,1.50,3.00
2012.06.19 11:26:17.747,1.03788,1.03811,3.75,2.25
2012.06.19 11:26:17.939,1.0379,1.03812,1.50,4.50
2012.06.19 11:26:18.246,1.03791,1.03809,1.50,1.50
2012.06.19 11:26:18.629,1.03788,1.03811,2.25,2.25
2012.06.19 11:26:18.997,1.03787,1.03802,1.50,2.25
2012.06.19 11:26:19.506,1.03783,1.03802,1.66,2.25
2012.06.19 11:26:19.818,1.03786,1.03802,1.50,2.25
2012.06.19 11:26:20.282,1.03787,1.03808,2.63,1.50
2012.06.19 11:26:20.805,1.03787,1.03809,2.25,1.50
2012.06.19 11:26:20.983,1.03787,1.0381,2.25,3.00
2012.06.19 11:26:28.094,1.03787,1.03807,2.25,1.50
2012.06.19 11:26:28.168,1.03779,1.03803,1.70,2.25
2012.06.19 11:26:28.518,1.03781,1.03803,1.50,2.25
2012.06.19 11:26:28.959,1.03781,1.03806,1.88,1.50
2012.06.19 11:26:29.155,1.03781,1.03802,1.88,2.25
2012.06.19 11:26:29.708,1.0378,1.03802,1.50,3.00
2012.06.19 11:26:30.659,1.0378,1.03802,1.50,3.00
2012.06.19 11:26:31.165,1.0378,1.03802,1.50,3.00
2012.06.19 11:26:31.356,1.03776,1.03801,1.70,2.25
2012.06.19 11:26:35.315,1.03779,1.03802,1.50,4.50
2012.06.19 11:26:36.887,1.03779,1.03802,1.50,3.75
2012.06.19 11:26:36.959,1.03785,1.03804,1.50,1.50
2012.06.19 11:26:37.751,1.03788,1.0381,1.50,2.25
2012.06.19 11:26:37.816,1.03786,1.03808,1.50,2.25
2012.06.19 11:26:38.336,1.03786,1.03808,1.50,2.25
2012.06.19 11:26:39.337,1.03787,1.03811,1.50,2.25
2012.06.19 11:26:40.056,1.03787,1.03809,1.50,1.50
2012.06.19 11:26:40.615,1.03786,1.03808,1.50,2.25
2012.06.19 11:26:41.875,1.03786,1.03808,1.50,2.25
2012.06.19 11:26:42.424,1.03786,1.03808,1.50,2.25
2012.06.19 11:26:43.097,1.03786,1.03808,1.50,2.25
2012.06.19 11:26:43.230,1.03782,1.03807,1.50,2.25
2012.06.19 11:26:43.372,1.03782,1.03807,1.50,3.00
2012.06.19 11:26:43.994,1.03786,1.03808,1.50,3.00
2012.06.19 11:26:44.551,1.03785,1.03808,1.50,1.50
2012.06.19 11:26:46.694,1.03785,1.03808,1.50,1.50
2012.06.19 11:26:47.355,1.03788,1.03808,1.50,1.50
2012.06.19 11:26:47.940,1.03789,1.03813,1.50,4.50
2012.06.19 11:26:48.510,1.03789,1.03813,1.50,4.50
2012.06.19 11:26:49.306,1.0379,1.03812,1.50,2.25
2012.06.19 11:26:49.828,1.0379,1.03812,1.50,2.25
2012.06.19 11:26:50.196,1.03788,1.0381,1.50,1.50
2012.06.19 11:26:51.207,1.03789,1.03812,1.50,2.25
2012.06.19 11:26:51.795,1.03788,1.0381,1.50,1.50
2012.06.19 11:26:52.098,1.03788,1.0381,1.50,2.25
2012.06.19 11:26:52.587,1.03782,1.03807,2.04,1.50
2012.06.19 11:26:52.656,1.03782,1.03807,1.88,1.50
2012.06.19 11:26:52.857,1.03786,1.03808,1.50,3.00
2012.06.19 11:26:53.362,1.03786,1.03808,1.50,3.00
2012.06.19 11:26:53.676,1.03788,1.03808,1.50,1.50
2012.06.19 11:26:53.924,1.03786,1.03808,3.00,3.00
2012.06.19 11:26:54.987,1.03783,1.03806,3.38,1.50
2012.06.19 11:26:56.022,1.03781,1.03805,2.64,1.50
2012.06.19 11:26:56.149,1.03781,1.03802,1.14,1.50
2012.06.19 11:26:56.219,1.03779,1.03802,2.14,3.75
2012.06.19 11:26:56.902,1.03782,1.03802,1.50,2.25
2012.06.19 11:26:57.509,1.03781,1.03802,2.10,2.25
2012.06.19 11:27:03.652,1.03783,1.03806,1.50,2.25
2012.06.19 11:27:03.958,1.03787,1.03808,2.85,1.50
2012.06.19 11:27:04.477,1.03788,1.03808,1.50,1.50
2012.06.19 11:27:04.549,1.03783,1.03806,1.50,1.50
2012.06.19 11:27:04.998,1.03783,1.03806,1.50,2.25
2012.06.19 11:27:05.754,1.0378,1.03805,2.04,2.25
2012.06.19 11:27:05.835,1.0378,1.03805,2.04,1.50
2012.06.19 11:27:06.056,1.03782,1.03807,1.50,1.50
2012.06.19 11:27:07.172,1.03785,1.03808,1.50,3.00
2012.06.19 11:27:07.237,1.03783,1.03806,1.50,1.50
2012.06.19 11:27:09.264,1.03782,1.03807,1.66,2.25
2012.06.19 11:27:09.765,1.03785,1.03808,1.50,3.00
2012.06.19 11:27:10.328,1.03783,1.03806,1.50,1.50
2012.06.19 11:27:10.635,1.0378,1.03803,1.50,2.25
2012.06.19 11:27:12.567,1.03779,1.03802,3.04,1.50
2012.06.19 11:27:13.312,1.03778,1.03801,1.54,2.25
2012.06.19 11:27:13.859,1.03779,1.03803,1.54,3.75
2012.06.19 11:27:14.963,1.03779,1.03803,1.54,3.75
2012.06.19 11:27:15.480,1.03779,1.03803,1.54,3.00
2012.06.19 11:27:16.001,1.03779,1.03803,1.54,3.00
2012.06.19 11:27:19.064,1.03779,1.03803,1.54,3.75
2012.06.19 11:27:19.815,1.03781,1.03803,1.50,3.75
2012.06.19 11:27:20.331,1.0378,1.03803,1.50,5.25
2012.06.19 11:27:22.077,1.0378,1.03803,3.38,4.50
2012.06.19 11:27:22.145,1.03781,1.03803,1.88,2.25
2012.06.19 11:27:22.337,1.03784,1.03807,1.50,2.25
2012.06.19 11:27:22.775,1.03782,1.03805,1.50,2.25
2012.06.19 11:27:24.175,1.03782,1.03805,1.50,2.25
2012.06.19 11:27:24.697,1.03781,1.03804,2.25,2.25
2012.06.19 11:27:24.765,1.03783,1.03808,1.50,2.25
2012.06.19 11:27:25.474,1.03783,1.03808,1.50,2.25
2012.06.19 11:27:26.391,1.03783,1.03808,1.50,2.25
2012.06.19 11:27:27.495,1.03782,1.03803,1.50,1.50
2012.06.19 11:27:27.566,1.0378,1.03803,1.66,1.50
2012.06.19 11:27:28.006,1.03777,1.03799,2.29,1.50
2012.06.19 11:27:28.316,1.03776,1.03792,1.54,2.25
2012.06.19 11:27:29.393,1.03772,1.03792,1.54,2.25
2012.06.19 11:27:31.879,1.0377,1.03792,1.54,2.25
2012.06.19 11:27:32.069,1.03773,1.03796,1.54,2.25
2012.06.19 11:27:32.499,1.03775,1.038,1.54,3.75
2012.06.19 11:27:33.160,1.03778,1.03801,1.54,2.25
2012.06.19 11:27:33.696,1.03776,1.03799,1.54,1.50
2012.06.19 11:27:34.479,1.03776,1.03799,2.29,1.50
2012.06.19 11:27:35.077,1.03778,1.03801,2.29,1.50
2012.06.19 11:27:35.144,1.03778,1.03801,2.45,2.10
2012.06.19 11:27:35.218,1.03778,1.03801,2.45,1.50
2012.06.19 11:27:35.469,1.03779,1.03803,1.50,3.00
2012.06.19 11:27:35.597,1.03781,1.03803,1.50,5.25
2012.06.19 11:27:35.917,1.03783,1.03803,1.50,3.75
2012.06.19 11:27:36.289,1.03789,1.03808,1.50,1.35
2012.06.19 11:27:36.928,1.03789,1.03808,1.50,1.13
2012.06.19 11:27:37.125,1.03789,1.03812,1.50,3.75
2012.06.19 11:27:37.256,1.03787,1.0381,1.66,1.50
2012.06.19 11:27:37.830,1.03787,1.0381,1.66,1.50
2012.06.19 11:27:38.212,1.03788,1.03812,1.66,3.75
2012.06.19 11:27:38.287,1.03787,1.0381,3.91,1.50
2012.06.19 11:27:38.358,1.03788,1.03813,1.66,5.25
2012.06.19 11:27:38.670,1.03787,1.03809,1.66,2.25
2012.06.19 11:27:39.196,1.03786,1.03811,1.66,2.25
2012.06.19 11:27:39.649,1.03791,1.03811,1.50,1.35
2012.06.19 11:27:39.718,1.03789,1.03811,1.50,1.35
2012.06.19 11:27:39.919,1.03789,1.03812,1.50,1.50
2012.06.19 11:27:40.479,1.0379,1.03813,1.50,2.25
2012.06.19 11:27:40.548,1.03794,1.03813,1.50,2.25
2012.06.19 11:27:40.739,1.03791,1.03814,1.50,2.25
2012.06.19 11:27:40.875,1.03788,1.0381,2.85,1.50
2012.06.19 11:27:41.347,1.03784,1.03809,3.16,2.25
2012.06.19 11:27:41.423,1.03784,1.03809,3.16,2.25
2012.06.19 11:27:42.000,1.03786,1.03811,1.50,2.85
2012.06.19 11:27:42.650,1.03786,1.03811,1.50,2.10
2012.06.19 11:27:42.723,1.03788,1.03811,2.25,2.10
2012.06.19 11:27:43.028,1.0379,1.03811,1.50,1.35
2012.06.19 11:27:43.158,1.03787,1.03811,1.50,2.85
2012.06.19 11:27:43.467,1.03785,1.03808,1.50,1.50
2012.06.19 11:27:45.859,1.03783,1.03803,1.66,3.00
2012.06.19 11:27:46.188,1.03792,1.03812,1.50,2.25
2012.06.19 11:27:46.435,1.03789,1.03812,3.00,2.25
2012.06.19 11:27:47.126,1.03789,1.03813,1.50,1.50
2012.06.19 11:27:47.675,1.03791,1.03813,1.50,3.00
2012.06.19 11:27:48.197,1.0379,1.03813,1.50,4.50
2012.06.19 11:27:48.366,1.0379,1.03813,1.50,3.75
2012.06.19 11:27:48.437,1.03799,1.03813,1.50,2.25
2012.06.19 11:27:48.752,1.038,1.03821,1.50,1.50
2012.06.19 11:27:48.879,1.03802,1.03821,1.50,1.50
2012.06.19 11:27:48.947,1.03799,1.0382,3.00,1.50
2012.06.19 11:27:50.755,1.03797,1.0382,1.66,2.25
2012.06.19 11:27:50.959,1.038,1.03822,1.50,2.25
2012.06.19 11:27:51.757,1.03798,1.0382,1.50,2.25
2012.06.19 11:27:51.887,1.038,1.03822,1.50,2.25
2012.06.19 11:27:52.016,1.03796,1.03821,1.66,2.25
2012.06.19 11:27:52.321,1.03796,1.03821,1.66,2.25
2012.06.19 11:27:52.448,1.03796,1.03817,1.50,1.13
2012.06.19 11:27:52.579,1.03793,1.03813,1.50,3.00
2012.06.19 11:27:52.708,1.03787,1.03812,1.50,1.50
2012.06.19 11:27:52.899,1.03787,1.03812,3.91,1.50
2012.06.19 11:27:53.207,1.03787,1.03811,2.41,2.25
2012.06.19 11:27:53.517,1.03787,1.0381,1.50,3.38
2012.06.19 11:27:54.215,1.03785,1.03802,1.66,2.25
2012.06.19 11:27:54.296,1.03788,1.03802,1.50,2.25
2012.06.19 11:27:54.611,1.03788,1.0381,2.85,1.50
2012.06.19 11:27:54.798,1.03789,1.03812,1.50,1.50
2012.06.19 11:27:54.869,1.03789,1.03812,1.50,3.75
2012.06.19 11:27:55.056,1.03786,1.03809,1.66,1.35
2012.06.19 11:27:55.249,1.03785,1.03808,1.66,2.25
2012.06.19 11:27:55.759,1.03786,1.03811,1.50,1.50
2012.06.19 11:27:56.203,1.03786,1.03811,1.50,2.25
2012.06.19 11:27:56.786,1.03785,1.03808,1.66,1.50
2012.06.19 11:27:58.050,1.03786,1.0381,1.50,2.25
2012.06.19 11:27:58.177,1.03786,1.03811,1.50,1.50
2012.06.19 11:27:59.806,1.03785,1.03808,3.16,2.25
2012.06.19 11:28:02.834,1.03786,1.03811,1.50,2.25
2012.06.19 11:28:03.126,1.03786,1.03811,1.50,1.50
2012.06.19 11:28:04.384,1.03786,1.03811,1.50,2.25
2012.06.19 11:28:06.016,1.03786,1.03811,1.66,2.25
2012.06.19 11:28:06.247,1.03788,1.03811,2.25,2.25
2012.06.19 11:28:06.759,1.03788,1.03812,2.25,4.50
2012.06.19 11:28:07.419,1.03788,1.03812,2.25,4.50
2012.06.19 11:28:08.608,1.03788,1.03812,2.25,4.50
2012.06.19 11:28:09.767,1.03789,1.03812,1.66,2.25
2012.06.19 11:28:10.080,1.03793,1.03812,1.50,2.25
2012.06.19 11:28:10.330,1.03787,1.0381,1.66,1.50
2012.06.19 11:28:10.902,1.03784,1.03809,1.66,1.50
2012.06.19 11:28:11.834,1.03784,1.03809,1.66,1.50
2012.06.19 11:28:12.046,1.03784,1.03809,1.50,1.50
2012.06.19 11:28:12.238,1.03783,1.03806,1.66,1.50
2012.06.19 11:28:12.548,1.03781,1.03804,2.41,1.50
2012.06.19 11:28:12.973,1.03783,1.03806,1.50,2.25
2012.06.19 11:28:13.279,1.03787,1.03807,2.25,2.25
2012.06.19 11:28:13.590,1.03789,1.03813,1.50,1.50
2012.06.19 11:28:14.106,1.03789,1.03813,1.50,1.50
2012.06.19 11:28:14.884,1.0379,1.03813,1.50,3.00
2012.06.19 11:28:15.266,1.03787,1.03812,3.75,2.25
2012.06.19 11:28:15.707,1.0379,1.03813,1.50,3.00
2012.06.19 11:28:16.078,1.03787,1.03812,3.75,2.25
2012.06.19 11:28:16.146,1.0379,1.03813,1.50,3.00
2012.06.19 11:28:16.762,1.03792,1.03816,1.50,2.25
2012.06.19 11:28:17.050,1.0379,1.03814,1.50,2.25
2012.06.19 11:28:17.547,1.03789,1.03814,1.50,3.00
2012.06.19 11:28:17.860,1.03792,1.03815,2.25,2.25
2012.06.19 11:28:18.457,1.03792,1.03815,1.50,2.25
2012.06.19 11:28:19.261,1.03792,1.03815,1.50,2.25
2012.06.19 11:28:19.780,1.03792,1.03816,1.50,2.25
2012.06.19 11:28:20.715,1.03795,1.03817,1.50,4.13
2012.06.19 11:28:22.704,1.03795,1.03817,1.50,2.25
2012.06.19 11:28:22.835,1.03791,1.03816,1.50,2.25
2012.06.19 11:28:23.148,1.0379,1.03808,1.50,1.50
2012.06.19 11:28:23.277,1.0379,1.03812,1.50,4.50
2012.06.19 11:28:23.408,1.03788,1.03811,1.50,1.50
2012.06.19 11:28:23.994,1.03789,1.03812,1.50,4.50
2012.06.19 11:28:24.068,1.03787,1.0381,1.66,1.50
2012.06.19 11:28:24.547,1.03789,1.03812,1.50,4.50
2012.06.19 11:28:24.872,1.03787,1.0381,1.66,1.50
2012.06.19 11:28:28.355,1.03789,1.03812,1.50,4.50
2012.06.19 11:28:28.904,1.03788,1.03813,1.50,3.00
2012.06.19 11:28:30.246,1.03788,1.03813,1.50,3.00
2012.06.19 11:28:30.579,1.0379,1.03813,1.50,1.50
2012.06.19 11:28:31.080,1.0379,1.03814,1.66,1.20
2012.06.19 11:28:31.209,1.0379,1.03814,1.66,1.20
2012.06.19 11:28:31.518,1.03788,1.03813,5.41,2.25
2012.06.19 11:28:32.106,1.03789,1.03811,1.66,1.50
2012.06.19 11:28:32.499,1.03786,1.03811,1.66,1.50
2012.06.19 11:28:32.699,1.03789,1.03812,1.50,2.25
2012.06.19 11:28:34.177,1.03787,1.0381,3.16,1.50
2012.06.19 11:28:35.406,1.03789,1.03812,1.50,1.50
2012.06.19 11:28:35.720,1.03791,1.03813,1.50,1.50
2012.06.19 11:28:36.660,1.03789,1.03812,1.50,1.50
2012.06.19 11:28:36.732,1.03791,1.03812,2.25,1.50
2012.06.19 11:28:37.038,1.03793,1.03816,1.50,2.25
2012.06.19 11:28:37.415,1.03795,1.03819,1.50,3.00
2012.06.19 11:28:37.549,1.03793,1.03816,1.50,2.25
2012.06.19 11:28:41.488,1.03793,1.03816,1.50,2.25
2012.06.19 11:28:43.467,1.03796,1.03818,1.50,2.63
2012.06.19 11:28:45.466,1.03792,1.03817,1.50,2.25
2012.06.19 11:28:46.231,1.03792,1.03817,1.50,2.25
2012.06.19 11:28:46.786,1.03791,1.03814,1.50,1.50
2012.06.19 11:28:47.449,1.03791,1.03814,1.50,2.25
2012.06.19 11:28:47.588,1.03789,1.03812,1.66,1.50
2012.06.19 11:28:48.104,1.0379,1.03815,1.50,3.00
2012.06.19 11:28:51.446,1.03793,1.03815,1.50,1.50
2012.06.19 11:28:51.765,1.03793,1.03815,1.50,1.50
2012.06.19 11:28:51.919,1.03793,1.03812,1.50,2.25
2012.06.19 11:28:51.988,1.0379,1.03812,1.50,2.25
2012.06.19 11:28:52.057,1.03789,1.03812,3.16,4.50
2012.06.19 11:28:52.136,1.03789,1.03812,3.16,3.75
2012.06.19 11:28:52.870,1.0379,1.03812,1.50,2.25
2012.06.19 11:28:53.536,1.03789,1.03812,1.50,3.75
2012.06.19 11:28:54.776,1.03787,1.0381,1.66,1.50
2012.06.19 11:28:55.105,1.03788,1.03812,1.66,2.25
2012.06.19 11:28:55.798,1.0379,1.03812,1.50,2.25
2012.06.19 11:28:57.372,1.03789,1.03812,1.50,2.25
2012.06.19 11:28:57.938,1.03788,1.03812,1.66,2.25
2012.06.19 11:28:58.141,1.0379,1.03812,1.50,2.25
2012.06.19 11:28:58.267,1.0379,1.03814,1.50,1.50
2012.06.19 11:28:58.458,1.03793,1.03814,1.50,1.50
2012.06.19 11:28:58.529,1.03791,1.03814,3.00,3.00
2012.06.19 11:28:59.085,1.03793,1.03814,1.50,1.50
2012.06.19 11:29:00.129,1.03793,1.03814,1.50,1.50
2012.06.19 11:29:01.194,1.03793,1.03814,1.50,1.50
2012.06.19 11:29:01.265,1.03791,1.03814,1.50,1.50
2012.06.19 11:29:01.677,1.03793,1.03816,1.50,2.25
2012.06.19 11:29:02.290,1.03792,1.03817,1.50,2.85
2012.06.19 11:29:02.807,1.03793,1.03816,1.50,2.25
2012.06.19 11:29:03.239,1.03791,1.03812,1.50,2.25
2012.06.19 11:29:04.315,1.03791,1.03814,1.50,3.00
2012.06.19 11:29:04.446,1.03793,1.03814,1.50,1.50
2012.06.19 11:29:05.508,1.03795,1.03818,1.50,1.50
2012.06.19 11:29:05.637,1.03793,1.03816,1.50,2.25
2012.06.19 11:29:05.828,1.03795,1.03818,1.50,1.50
2012.06.19 11:29:05.899,1.03795,1.03818,1.50,1.50
2012.06.19 11:29:06.438,1.03795,1.03819,1.50,3.00
2012.06.19 11:29:07.029,1.03796,1.03819,1.50,3.00
2012.06.19 11:29:07.220,1.03798,1.0382,1.50,2.25
2012.06.19 11:29:08.295,1.03796,1.03818,1.50,2.25
2012.06.19 11:29:08.604,1.03799,1.03821,1.50,2.25
2012.06.19 11:29:09.147,1.03797,1.03817,3.00,1.13
2012.06.19 11:29:09.218,1.03791,1.03816,1.66,1.50
2012.06.19 11:29:09.530,1.03791,1.03815,1.50,1.13
2012.06.19 11:29:10.039,1.0379,1.03813,1.50,3.75
2012.06.19 11:29:10.549,1.03795,1.03815,1.50,1.50
2012.06.19 11:29:10.705,1.03795,1.03817,1.50,2.25
2012.06.19 11:29:11.299,1.03795,1.03817,1.50,2.63
2012.06.19 11:29:11.924,1.03795,1.03817,1.50,2.25
2012.06.19 11:29:12.065,1.03797,1.03818,1.50,1.13
2012.06.19 11:29:12.916,1.03797,1.03819,1.50,2.25
2012.06.19 11:29:13.316,1.03797,1.03819,1.50,2.25
2012.06.19 11:29:13.876,1.03798,1.03822,1.50,2.85
2012.06.19 11:29:15.059,1.03798,1.03822,1.50,2.85
2012.06.19 11:29:17.200,1.03797,1.0382,1.50,2.25
2012.06.19 11:29:17.759,1.03798,1.03819,1.50,1.50
2012.06.19 11:29:18.389,1.03796,1.0382,3.00,3.38
2012.06.19 11:29:21.738,1.03794,1.03818,1.66,1.50
2012.06.19 11:29:22.189,1.03795,1.03817,1.50,3.00
2012.06.19 11:29:22.548,1.03795,1.03812,1.50,2.25
2012.06.19 11:29:22.857,1.03799,1.03821,1.50,2.25
2012.06.19 11:29:22.931,1.03799,1.03821,1.50,1.50
2012.06.19 11:29:23.000,1.03801,1.03823,1.50,3.75
2012.06.19 11:29:23.360,1.03799,1.03821,1.50,1.50
2012.06.19 11:29:23.916,1.03801,1.03823,1.50,2.25
2012.06.19 11:29:27.387,1.03801,1.03823,1.50,2.63
2012.06.19 11:29:27.459,1.03798,1.03822,3.16,1.88
2012.06.19 11:29:27.647,1.03798,1.0382,1.50,1.88
2012.06.19 11:29:27.956,1.03795,1.03813,1.50,2.25
2012.06.19 11:29:28.088,1.03797,1.03819,1.50,3.00
2012.06.19 11:29:28.158,1.03794,1.03818,1.50,2.25
2012.06.19 11:29:28.722,1.03794,1.03818,1.50,2.25
2012.06.19 11:29:29.160,1.03796,1.0382,1.50,2.63
2012.06.19 11:29:30.146,1.03795,1.03817,1.50,2.25
2012.06.19 11:29:32.967,1.03793,1.03815,3.00,1.50
2012.06.19 11:29:33.424,1.03794,1.03818,1.50,4.13
2012.06.19 11:29:33.922,1.03793,1.03815,1.50,1.50
2012.06.19 11:29:34.196,1.03795,1.03817,1.50,1.50
2012.06.19 11:29:36.057,1.03796,1.0382,1.50,3.75
2012.06.19 11:29:36.246,1.03794,1.03818,3.00,2.25
2012.06.19 11:29:36.497,1.03792,1.03816,1.50,1.50
2012.06.19 11:29:37.017,1.03793,1.03815,1.50,1.50
2012.06.19 11:29:37.349,1.03796,1.03818,1.50,2.63
2012.06.19 11:29:37.479,1.03793,1.03817,1.50,2.63
2012.06.19 11:29:37.727,1.03795,1.03818,1.50,1.35
2012.06.19 11:29:38.151,1.03798,1.03817,1.50,1.35
2012.06.19 11:29:38.223,1.0379,1.03815,2.25,1.50
2012.06.19 11:29:38.290,1.03796,1.03818,1.50,2.78
2012.06.19 11:29:38.599,1.03802,1.03819,1.50,2.17
2012.06.19 11:29:38.830,1.038,1.03819,1.50,2.17
2012.06.19 11:29:39.346,1.038,1.03822,1.50,4.50
2012.06.19 11:29:39.927,1.038,1.03822,1.50,4.50
2012.06.19 11:29:40.479,1.03801,1.03822,1.50,3.00
2012.06.19 11:29:40.730,1.03804,1.03826,1.50,2.25
2012.06.19 11:29:40.918,1.03801,1.03825,2.25,2.25
2012.06.19 11:29:41.590,1.03801,1.03823,2.25,1.50
2012.06.19 11:29:41.950,1.03799,1.03817,1.66,1.50
2012.06.19 11:29:42.257,1.03799,1.03819,1.50,1.50
2012.06.19 11:29:42.326,1.03797,1.03819,1.50,1.50
2012.06.19 11:29:43.239,1.038,1.03822,1.50,2.25
2012.06.19 11:29:43.817,1.03797,1.03821,1.50,1.50
2012.06.19 11:29:43.890,1.03799,1.03823,1.50,4.50
2012.06.19 11:29:44.018,1.03797,1.03821,3.00,1.50
2012.06.19 11:29:44.147,1.03797,1.03821,3.00,2.25
2012.06.19 11:29:44.278,1.03797,1.03821,3.00,1.50
2012.06.19 11:29:44.409,1.03797,1.03821,3.00,2.25
2012.06.19 11:29:45.357,1.03798,1.0382,1.50,1.50
2012.06.19 11:29:45.489,1.03799,1.03823,1.50,4.50
2012.06.19 11:29:46.037,1.03799,1.03823,1.50,2.25
2012.06.19 11:29:46.167,1.03798,1.0382,5.41,1.50
2012.06.19 11:29:46.297,1.03802,1.03824,1.50,4.50
2012.06.19 11:29:47.127,1.03802,1.03824,1.50,2.25
2012.06.19 11:29:47.729,1.03799,1.03823,3.16,2.25
2012.06.19 11:29:47.951,1.03802,1.03824,1.50,3.75
2012.06.19 11:29:48.489,1.038,1.03823,1.50,1.50
2012.06.19 11:29:49.238,1.03799,1.03823,1.50,1.50
2012.06.19 11:29:49.860,1.03799,1.03822,1.50,2.25
2012.06.19 11:29:50.367,1.03797,1.03821,2.26,1.50
2012.06.19 11:29:50.897,1.03799,1.03822,1.50,2.25
2012.06.19 11:29:51.390,1.03797,1.03821,1.50,2.25
2012.06.19 11:29:51.519,1.03795,1.03819,1.66,1.50
2012.06.19 11:29:51.956,1.03797,1.03819,2.25,1.50
2012.06.19 11:29:52.306,1.03799,1.03821,1.50,2.25
2012.06.19 11:29:52.666,1.03797,1.03819,5.25,1.50
2012.06.19 11:29:53.038,1.03799,1.03821,1.50,2.25
2012.06.19 11:29:53.167,1.03797,1.03819,3.00,1.50
2012.06.19 11:29:53.358,1.03799,1.03821,1.50,2.25
2012.06.19 11:29:53.909,1.03796,1.0382,1.66,2.25
2012.06.19 11:29:54.217,1.03795,1.03817,1.66,1.50
2012.06.19 11:29:54.918,1.03795,1.03817,1.66,1.50
2012.06.19 11:29:55.446,1.03797,1.03817,1.50,1.50
2012.06.19 11:29:55.708,1.03799,1.03821,1.50,2.25
2012.06.19 11:29:56.838,1.03797,1.03819,1.50,1.50
2012.06.19 11:29:56.968,1.03794,1.03816,3.16,1.50
2012.06.19 11:29:57.096,1.03795,1.03818,1.66,1.50
2012.06.19 11:29:57.631,1.03797,1.03821,1.50,4.50
2012.06.19 11:29:57.817,1.03797,1.03821,1.50,2.25
2012.06.19 11:29:58.455,1.03797,1.03821,1.50,2.25
2012.06.19 11:29:58.707,1.038,1.03822,1.50,4.50
2012.06.19 11:29:59.359,1.03798,1.03821,1.50,2.25
2012.06.19 11:29:59.553,1.03796,1.03818,2.41,1.50
2012.06.19 11:29:59.929,1.03798,1.0382,1.50,2.25
2012.06.19 11:30:00.250,1.03795,1.03819,1.50,1.50
2012.06.19 11:30:00.382,1.03801,1.03821,1.50,2.48
2012.06.19 11:30:00.690,1.038,1.03813,1.50,1.50
2012.06.19 11:30:00.760,1.03791,1.03813,1.50,3.75
2012.06.19 11:30:01.287,1.03788,1.03811,3.01,1.50
2012.06.19 11:30:01.432,1.03792,1.03816,2.26,1.88
2012.06.19 11:30:01.978,1.03794,1.03818,3.76,2.25
2012.06.19 11:30:02.109,1.03797,1.03819,1.50,2.25
2012.06.19 11:30:02.658,1.03794,1.03818,2.10,1.50
2012.06.19 11:30:02.971,1.03797,1.03818,2.25,1.50
2012.06.19 11:30:03.102,1.03797,1.0382,2.25,1.50
2012.06.19 11:30:03.231,1.03797,1.03818,2.25,1.50
2012.06.19 11:30:03.781,1.03796,1.03818,1.50,1.50
2012.06.19 11:30:04.164,1.03791,1.03815,2.41,1.50
2012.06.19 11:30:04.240,1.03797,1.03821,1.50,2.25
2012.06.19 11:30:04.824,1.03797,1.03821,1.50,2.25
2012.06.19 11:30:06.447,1.03797,1.03821,1.50,2.25
2012.06.19 11:30:06.670,1.03795,1.03819,1.50,1.50
2012.06.19 11:30:06.920,1.03795,1.03819,2.41,1.50
2012.06.19 11:30:07.237,1.03798,1.03821,3.01,1.50
2012.06.19 11:30:07.368,1.03804,1.03826,1.50,1.50
2012.06.19 11:30:07.510,1.03806,1.0383,1.50,2.25
2012.06.19 11:30:07.951,1.03809,1.03832,1.50,5.70
2012.06.19 11:30:08.368,1.03807,1.03829,1.50,1.50
2012.06.19 11:30:08.498,1.03807,1.03829,1.50,1.88
2012.06.19 11:30:08.746,1.03803,1.03825,1.66,1.50
2012.06.19 11:30:08.876,1.03805,1.03827,1.50,1.50
2012.06.19 11:30:10.046,1.03802,1.03826,1.66,1.50
2012.06.19 11:30:10.703,1.03805,1.03827,1.50,1.50
2012.06.19 11:30:11.511,1.03802,1.03826,1.66,1.50
2012.06.19 11:30:12.019,1.03804,1.03828,1.66,1.50
2012.06.19 11:30:12.397,1.03809,1.03832,1.50,1.50
2012.06.19 11:30:12.948,1.0381,1.03835,1.66,2.25
2012.06.19 11:30:13.487,1.0381,1.03834,1.66,1.50
2012.06.19 11:30:13.556,1.0381,1.03831,1.66,1.50
2012.06.19 11:30:13.897,1.03808,1.03829,2.41,1.50
2012.06.19 11:30:14.027,1.03808,1.03829,2.25,1.50
2012.06.19 11:30:14.158,1.03809,1.03832,1.50,2.25
2012.06.19 11:30:15.059,1.0381,1.03835,1.50,2.25
2012.06.19 11:30:16.381,1.0381,1.03835,1.50,2.25
2012.06.19 11:30:16.452,1.03813,1.03836,1.50,2.25
2012.06.19 11:30:16.635,1.03813,1.03836,1.50,2.25
2012.06.19 11:30:16.828,1.0381,1.03835,1.66,1.50
2012.06.19 11:30:17.369,1.0381,1.03835,3.16,2.25
2012.06.19 11:30:17.437,1.03813,1.03836,1.50,2.25
2012.06.19 11:30:18.588,1.03813,1.03836,1.50,2.25
2012.06.19 11:30:19.437,1.03813,1.03832,1.50,2.25
2012.06.19 11:30:19.630,1.0381,1.03832,1.66,3.75
2012.06.19 11:30:19.877,1.03807,1.03829,1.66,1.50
2012.06.19 11:30:20.005,1.03808,1.03832,1.50,2.25
2012.06.19 11:30:20.259,1.03806,1.0383,3.16,1.50
2012.06.19 11:30:20.326,1.03808,1.03833,1.50,5.25
2012.06.19 11:30:20.839,1.03807,1.03829,1.50,1.50
2012.06.19 11:30:21.149,1.0381,1.03831,1.50,2.25
2012.06.19 11:30:21.218,1.03807,1.03829,3.00,1.50
2012.06.19 11:30:21.289,1.03809,1.03833,1.50,3.00
2012.06.19 11:30:21.418,1.03808,1.03823,1.50,2.25
2012.06.19 11:30:21.488,1.03805,1.03823,1.50,2.25
2012.06.19 11:30:21.615,1.03801,1.03823,2.26,2.25
2012.06.19 11:30:22.906,1.03801,1.03823,2.26,2.25
2012.06.19 11:30:23.448,1.03801,1.03823,2.26,2.25
2012.06.19 11:30:23.581,1.038,1.03822,1.50,3.75
2012.06.19 11:30:24.347,1.03802,1.03822,1.50,2.25
2012.06.19 11:30:24.962,1.038,1.03822,1.50,3.75
2012.06.19 11:30:26.238,1.03802,1.03822,1.50,2.25
2012.06.19 11:30:26.749,1.03799,1.03822,3.16,2.25
2012.06.19 11:30:26.995,1.03801,1.03822,1.50,2.25
2012.06.19 11:30:27.700,1.038,1.03822,1.50,3.75
2012.06.19 11:30:28.655,1.03801,1.03822,1.50,2.25
2012.06.19 11:30:29.144,1.03797,1.03821,1.50,2.25
2012.06.19 11:30:29.299,1.03799,1.03821,1.50,2.25
2012.06.19 11:30:29.658,1.03801,1.03822,1.50,3.00
2012.06.19 11:30:30.399,1.038,1.03822,1.50,4.50
2012.06.19 11:30:30.716,1.03802,1.03822,1.50,3.00
2012.06.19 11:30:31.026,1.03799,1.03821,1.50,1.20
2012.06.19 11:30:31.835,1.03799,1.03822,1.50,3.45
2012.06.19 11:30:32.395,1.03802,1.03822,1.50,3.45
2012.06.19 11:30:32.907,1.03802,1.03822,1.50,3.23
2012.06.19 11:30:33.249,1.03806,1.03822,1.50,2.48
2012.06.19 11:30:33.810,1.03807,1.03832,1.50,2.25
2012.06.19 11:30:33.998,1.0381,1.03833,1.50,5.25
2012.06.19 11:30:34.249,1.03808,1.03831,1.50,2.25
2012.06.19 11:30:35.085,1.03807,1.03832,1.50,2.25
2012.06.19 11:30:35.155,1.0381,1.03833,1.50,6.75
2012.06.19 11:30:35.809,1.0381,1.03833,1.50,4.50
2012.06.19 11:30:37.597,1.0381,1.03833,1.50,4.50
2012.06.19 11:30:39.926,1.0381,1.03833,1.50,6.00
2012.06.19 11:30:39.996,1.03808,1.03831,1.50,2.25
2012.06.19 11:30:40.188,1.03807,1.03831,1.50,2.48
2012.06.19 11:30:40.383,1.03802,1.03826,1.66,2.33
2012.06.19 11:30:40.512,1.03802,1.03822,2.26,2.25
2012.06.19 11:30:40.916,1.03804,1.03827,1.66,1.73
2012.06.19 11:30:40.993,1.03807,1.03822,1.50,2.25
2012.06.19 11:30:41.302,1.03806,1.03831,1.50,2.25
2012.06.19 11:30:41.488,1.03804,1.03828,1.50,1.50
2012.06.19 11:30:41.557,1.03804,1.03823,1.66,2.25
2012.06.19 11:30:42.108,1.03804,1.03828,1.50,1.50
2012.06.19 11:30:42.179,1.03806,1.03831,1.50,2.25
2012.06.19 11:30:42.552,1.03808,1.03833,1.50,5.25
2012.06.19 11:30:43.091,1.03809,1.03829,1.50,1.50
2012.06.19 11:30:44.680,1.03809,1.03832,1.50,2.25
2012.06.19 11:30:45.498,1.03807,1.0383,1.50,2.25
2012.06.19 11:30:45.748,1.03809,1.03832,1.50,3.75
2012.06.19 11:30:46.117,1.03809,1.03832,1.50,3.75
2012.06.19 11:30:46.186,1.03811,1.03832,1.50,2.25
2012.06.19 11:30:46.317,1.03809,1.03832,1.50,3.75
2012.06.19 11:30:46.867,1.03811,1.03832,1.50,2.25
2012.06.19 11:30:47.187,1.03808,1.03832,5.25,2.25
2012.06.19 11:30:47.488,1.0381,1.03832,1.50,2.25
2012.06.19 11:30:48.430,1.0381,1.03832,1.66,2.25
2012.06.19 11:30:50.124,1.03809,1.03832,1.66,3.75
2012.06.19 11:30:51.017,1.03809,1.03832,1.66,3.75
2012.06.19 11:30:51.583,1.03809,1.03832,1.66,3.75
2012.06.19 11:30:52.099,1.0381,1.03833,1.50,3.75
2012.06.19 11:30:52.407,1.03812,1.03833,1.50,2.25
2012.06.19 11:30:52.479,1.03814,1.03839,1.50,2.25
2012.06.19 11:30:52.608,1.03816,1.0384,1.50,2.25
2012.06.19 11:30:52.868,1.03814,1.03839,3.00,2.25
2012.06.19 11:30:52.937,1.03817,1.0384,1.50,3.00
2012.06.19 11:30:53.191,1.03812,1.03834,1.66,1.50
2012.06.19 11:30:53.319,1.03809,1.03831,1.66,1.50
2012.06.19 11:30:53.870,1.03811,1.03833,1.50,3.00
2012.06.19 11:30:56.470,1.03809,1.03831,1.66,1.50
2012.06.19 11:30:56.647,1.03811,1.03833,1.50,3.00
2012.06.19 11:30:59.311,1.03808,1.03833,1.66,4.50
2012.06.19 11:30:59.840,1.03808,1.03832,1.66,1.50
2012.06.19 11:30:59.908,1.03807,1.03829,3.91,1.50
2012.06.19 11:31:00.245,1.03809,1.03832,1.66,3.00
2012.06.19 11:31:00.668,1.03811,1.03831,1.50,1.35
2012.06.19 11:31:00.741,1.03807,1.03828,2.25,1.50
2012.06.19 11:31:00.807,1.03802,1.03822,1.66,2.25
2012.06.19 11:31:00.941,1.03802,1.03822,1.66,2.25
2012.06.19 11:31:01.457,1.03799,1.03821,1.50,1.50
2012.06.19 11:31:01.977,1.038,1.03822,1.50,2.25
2012.06.19 11:31:02.107,1.03798,1.03822,4.51,3.75
2012.06.19 11:31:02.477,1.03798,1.03819,2.85,1.50
2012.06.19 11:31:02.606,1.038,1.03822,1.50,3.75
2012.06.19 11:31:03.599,1.03801,1.03822,1.50,3.75
2012.06.19 11:31:03.800,1.038,1.03824,3.16,1.50
2012.06.19 11:31:03.992,1.03805,1.03825,1.50,1.35
2012.06.19 11:31:04.119,1.038,1.03821,1.50,1.50
2012.06.19 11:31:04.430,1.03803,1.03823,1.50,1.20
2012.06.19 11:31:04.737,1.03799,1.03823,1.50,4.95
2012.06.19 11:31:05.296,1.03799,1.03823,1.50,5.48
2012.06.19 11:31:05.608,1.03801,1.03824,1.50,1.35
2012.06.19 11:31:05.949,1.03806,1.03825,1.50,2.25
2012.06.19 11:31:06.282,1.03806,1.03828,1.50,3.00
2012.06.19 11:31:06.827,1.03806,1.03828,1.50,2.25
2012.06.19 11:31:07.057,1.03804,1.03826,1.50,1.50
2012.06.19 11:31:07.187,1.03806,1.03828,1.50,2.25
2012.06.19 11:31:07.697,1.03808,1.03827,2.25,2.25
2012.06.19 11:31:07.911,1.03808,1.03829,2.25,2.25
2012.06.19 11:31:08.428,1.03808,1.03822,2.25,1.50
2012.06.19 11:31:08.497,1.03798,1.03821,2.41,1.50
2012.06.19 11:31:08.630,1.03798,1.03819,2.41,1.50
2012.06.19 11:31:08.697,1.03798,1.03817,2.41,1.50
2012.06.19 11:31:08.948,1.0379,1.03812,1.66,1.50
2012.06.19 11:31:09.137,1.0379,1.03812,1.50,1.50
2012.06.19 11:31:09.861,1.0379,1.03812,2.10,1.50
2012.06.19 11:31:09.933,1.03793,1.03813,1.66,2.25
2012.06.19 11:31:10.115,1.03797,1.03819,1.66,1.50
2012.06.19 11:31:10.700,1.03794,1.03818,1.66,1.50
2012.06.19 11:31:11.741,1.03794,1.03818,1.66,1.50
2012.06.19 11:31:11.866,1.03793,1.03815,1.66,1.50
2012.06.19 11:31:12.385,1.03793,1.03815,2.04,1.50
2012.06.19 11:31:12.516,1.03796,1.03817,1.66,1.50
2012.06.19 11:31:12.590,1.03796,1.0382,1.66,1.50
2012.06.19 11:31:12.776,1.03795,1.03817,3.16,1.50
2012.06.19 11:31:13.290,1.03792,1.03816,1.66,1.50
2012.06.19 11:31:13.896,1.03792,1.03816,1.66,1.50
2012.06.19 11:31:16.828,1.03796,1.0382,2.41,1.50
2012.06.19 11:31:16.897,1.03797,1.0382,2.41,1.50
2012.06.19 11:31:17.510,1.03795,1.03817,1.66,1.50
2012.06.19 11:31:17.835,1.03793,1.03815,1.66,1.50
2012.06.19 11:31:18.390,1.03793,1.03815,1.66,1.50
2012.06.19 11:31:19.837,1.03795,1.03817,1.66,1.50
2012.06.19 11:31:22.189,1.03798,1.03817,2.25,1.50
2012.06.19 11:31:22.263,1.03798,1.03822,3.75,2.85
2012.06.19 11:31:22.326,1.03798,1.0382,2.25,1.50
2012.06.19 11:31:23.167,1.03799,1.03821,1.50,2.25
2012.06.19 11:31:23.706,1.038,1.03823,1.50,3.00
2012.06.19 11:31:23.778,1.03798,1.03822,3.75,2.25
2012.06.19 11:31:24.706,1.03798,1.0382,2.25,1.50
2012.06.19 11:31:25.277,1.03799,1.03821,1.50,2.25
2012.06.19 11:31:26.345,1.03798,1.0382,2.25,1.50
2012.06.19 11:31:26.877,1.03799,1.03821,2.10,1.50
2012.06.19 11:31:27.459,1.03798,1.0382,1.50,1.50
2012.06.19 11:31:28.367,1.038,1.03822,1.50,1.50
2012.06.19 11:31:28.877,1.038,1.03822,1.50,2.25
2012.06.19 11:31:29.576,1.038,1.03822,1.50,2.25
2012.06.19 11:31:32.385,1.038,1.03822,1.50,2.25
2012.06.19 11:31:32.462,1.03798,1.0382,3.75,1.50
2012.06.19 11:31:32.589,1.03798,1.03818,2.25,1.50
2012.06.19 11:31:32.718,1.03796,1.03818,1.50,1.50
2012.06.19 11:31:32.982,1.03794,1.03816,3.16,1.50
2012.06.19 11:31:33.167,1.03798,1.0382,1.50,1.50
2012.06.19 11:31:33.378,1.03796,1.03818,1.50,1.50
2012.06.19 11:31:33.925,1.03796,1.03813,1.50,2.25
2012.06.19 11:31:34.300,1.03795,1.03817,1.50,1.50
2012.06.19 11:31:34.368,1.03797,1.03817,1.50,1.50
2012.06.19 11:31:34.678,1.03795,1.03817,1.50,2.25
2012.06.19 11:31:35.176,1.03797,1.03819,1.50,3.00
2012.06.19 11:31:36.115,1.03797,1.03819,1.50,3.00
2012.06.19 11:31:36.708,1.03797,1.03819,1.50,2.25
2012.06.19 11:31:36.838,1.03794,1.03818,1.50,2.25
2012.06.19 11:31:37.049,1.03797,1.03819,1.50,2.25
2012.06.19 11:31:38.461,1.03797,1.03819,1.50,2.25
2012.06.19 11:31:39.096,1.03795,1.03817,1.50,1.50
2012.06.19 11:31:41.125,1.03797,1.03819,1.50,4.35
2012.06.19 11:31:41.256,1.03795,1.03817,1.50,1.50
2012.06.19 11:31:59.395,1.03795,1.03815,1.66,1.50
2012.06.19 11:31:59.526,1.0379,1.03814,1.66,3.00
2012.06.19 11:31:59.602,1.03789,1.03811,2.26,1.50
2012.06.19 11:32:00.024,1.03791,1.03813,1.66,3.75
2012.06.19 11:32:01.617,1.03793,1.03813,1.50,2.25
2012.06.19 11:32:02.435,1.03795,1.03813,1.50,2.25
2012.06.19 11:32:02.945,1.03792,1.03813,3.00,2.25
2012.06.19 11:32:03.496,1.03791,1.03813,1.66,3.75
2012.06.19 11:32:03.857,1.03794,1.03813,1.50,2.25
2012.06.19 11:32:04.423,1.03795,1.03813,1.50,2.25
2012.06.19 11:32:04.487,1.03793,1.03813,1.50,2.25
2012.06.19 11:32:04.784,1.03795,1.03813,1.50,2.25
2012.06.19 11:32:04.915,1.03792,1.03813,3.00,2.25
2012.06.19 11:32:05.194,1.03794,1.03813,1.50,2.25
2012.06.19 11:32:05.706,1.03793,1.03813,1.50,2.25
2012.06.19 11:32:06.059,1.03796,1.03813,1.50,2.25
2012.06.19 11:32:06.186,1.03797,1.03819,1.50,2.25
2012.06.19 11:32:06.557,1.03794,1.03818,1.50,1.50
2012.06.19 11:32:08.762,1.03794,1.03812,1.50,2.25
2012.06.19 11:32:09.531,1.03793,1.03812,1.66,2.25
2012.06.19 11:32:09.838,1.03788,1.03812,4.51,3.75
2012.06.19 11:32:10.387,1.0379,1.03812,1.50,2.25
2012.06.19 11:32:11.065,1.03791,1.03812,1.50,2.25
2012.06.19 11:32:11.595,1.03792,1.03812,1.50,2.25
2012.06.19 11:32:11.870,1.0379,1.03812,1.50,2.25
2012.06.19 11:32:12.547,1.03793,1.03812,1.50,2.25
2012.06.19 11:32:13.904,1.03791,1.03812,1.50,2.25
2012.06.19 11:32:15.845,1.03792,1.03812,1.50,2.25
2012.06.19 11:32:16.450,1.03791,1.03812,1.50,2.25
2012.06.19 11:32:17.075,1.03792,1.03812,1.50,2.25
2012.06.19 11:32:17.231,1.0379,1.03812,1.50,2.25
2012.06.19 11:32:24.727,1.0379,1.03812,1.50,3.00
2012.06.19 11:32:24.855,1.03792,1.03812,1.50,3.00
2012.06.19 11:32:25.740,1.03792,1.03812,1.50,3.00
2012.06.19 11:32:26.112,1.0379,1.03812,1.50,3.00
2012.06.19 11:32:27.368,1.03791,1.03812,1.50,3.00
2012.06.19 11:32:27.629,1.03789,1.0381,1.50,1.50
2012.06.19 11:32:27.759,1.03789,1.0381,1.50,2.25
2012.06.19 11:32:28.007,1.03787,1.03809,1.50,2.25
2012.06.19 11:32:28.596,1.03783,1.03808,1.66,1.50
2012.06.19 11:32:28.666,1.03782,1.03805,1.66,1.50
2012.06.19 11:32:28.800,1.03783,1.03808,1.50,2.25
2012.06.19 11:32:28.925,1.03783,1.03808,2.25,2.25
2012.06.19 11:32:29.236,1.03788,1.03812,1.50,5.10
2012.06.19 11:32:30.350,1.03787,1.0381,1.50,2.25
2012.06.19 11:32:30.877,1.03786,1.03807,2.25,1.35
2012.06.19 11:32:31.067,1.03782,1.03805,1.50,2.10
2012.06.19 11:32:31.670,1.0378,1.03803,2.29,3.75
2012.06.19 11:32:32.771,1.0378,1.03801,2.29,1.50
2012.06.19 11:32:33.257,1.03779,1.03803,1.54,3.00
2012.06.19 11:32:33.466,1.03778,1.03801,1.54,1.50
2012.06.19 11:32:33.815,1.03778,1.03801,1.54,2.25
2012.06.19 11:32:33.949,1.03777,1.038,1.55,1.50
2012.06.19 11:32:34.151,1.03777,1.03802,5.30,1.50
2012.06.19 11:32:34.279,1.03782,1.03805,1.50,1.50
2012.06.19 11:32:34.550,1.03784,1.03805,1.50,1.50
2012.06.19 11:32:34.861,1.03784,1.03806,1.50,1.35
2012.06.19 11:32:35.323,1.03779,1.03803,1.70,2.25
2012.06.19 11:32:35.392,1.0378,1.03801,1.54,1.05
2012.06.19 11:32:35.767,1.03784,1.03801,1.50,1.05
2012.06.19 11:32:36.076,1.0379,1.03809,1.50,1.05
2012.06.19 11:32:36.325,1.0379,1.03812,1.50,4.50
2012.06.19 11:32:37.228,1.0379,1.03812,1.50,4.50
2012.06.19 11:32:37.557,1.0379,1.03812,3.00,2.25
2012.06.19 11:32:37.747,1.03792,1.03813,1.50,2.25
2012.06.19 11:32:38.299,1.03794,1.03813,1.50,2.25
2012.06.19 11:32:38.835,1.03791,1.03813,1.50,2.25
2012.06.19 11:32:40.527,1.03793,1.03813,1.50,2.25
2012.06.19 11:32:40.950,1.03791,1.03813,3.16,2.25
2012.06.19 11:32:41.142,1.03789,1.03812,1.50,2.25
2012.06.19 11:32:41.447,1.03787,1.0381,1.66,1.50
2012.06.19 11:32:41.517,1.03787,1.0381,1.66,2.25
2012.06.19 11:32:41.709,1.03787,1.0381,1.50,1.50
2012.06.19 11:32:41.780,1.03791,1.03813,1.50,4.50
2012.06.19 11:32:42.369,1.03791,1.03813,1.50,5.25
2012.06.19 11:32:42.498,1.03787,1.03812,1.66,2.25
2012.06.19 11:32:43.032,1.03788,1.03811,1.50,1.50
2012.06.19 11:32:43.668,1.03789,1.03811,1.50,2.25
2012.06.19 11:32:43.739,1.03791,1.03813,1.50,5.25
2012.06.19 11:32:44.446,1.03791,1.03813,1.50,5.25
2012.06.19 11:32:44.779,1.03788,1.03811,1.50,2.25
2012.06.19 11:32:44.849,1.03788,1.03811,1.50,3.00
2012.06.19 11:32:45.039,1.03785,1.0381,1.66,2.25
2012.06.19 11:32:45.437,1.03785,1.0381,1.66,1.50
2012.06.19 11:32:45.853,1.0379,1.03813,1.50,3.00
2012.06.19 11:32:46.974,1.0379,1.03813,1.50,3.00
2012.06.19 11:32:47.400,1.03788,1.03812,1.50,2.25
2012.06.19 11:32:47.776,1.0379,1.03812,1.50,2.25
2012.06.19 11:32:48.275,1.03792,1.03812,1.50,2.25
2012.06.19 11:32:50.324,1.0379,1.03812,1.66,2.25
2012.06.19 11:32:51.221,1.03797,1.03815,2.25,2.25
2012.06.19 11:32:51.294,1.038,1.03822,1.50,2.85
2012.06.19 11:32:51.609,1.03797,1.03819,1.66,1.50
2012.06.19 11:32:52.159,1.03798,1.03822,1.50,2.25
2012.06.19 11:32:52.468,1.03798,1.03822,1.66,1.50
2012.06.19 11:32:52.779,1.03809,1.03829,1.50,2.10
2012.06.19 11:32:54.168,1.03807,1.03829,1.50,2.25
2012.06.19 11:32:54.241,1.03807,1.03823,1.50,2.25
2012.06.19 11:32:54.369,1.03799,1.03821,1.66,1.50
2012.06.19 11:32:54.499,1.03799,1.03821,1.66,1.50
2012.06.19 11:32:54.746,1.03801,1.03824,1.66,1.50
2012.06.19 11:32:55.335,1.03802,1.03824,1.50,1.50
2012.06.19 11:32:56.475,1.03803,1.03827,1.50,2.25
2012.06.19 11:32:57.016,1.03803,1.03827,1.50,2.25
2012.06.19 11:32:57.601,1.03803,1.03827,1.50,2.25
2012.06.19 11:33:00.936,1.03801,1.03825,3.16,1.50
2012.06.19 11:33:01.252,1.038,1.03823,1.66,1.50
2012.06.19 11:33:01.861,1.03803,1.03826,1.50,1.50
2012.06.19 11:33:01.931,1.03803,1.03827,1.50,2.25
2012.06.19 11:33:02.001,1.03808,1.03829,2.25,1.50
2012.06.19 11:33:02.129,1.03808,1.03831,2.25,3.00
2012.06.19 11:33:02.200,1.03811,1.03831,1.50,1.50
2012.06.19 11:33:02.510,1.03807,1.03825,1.50,1.35
2012.06.19 11:33:02.577,1.03805,1.03825,1.50,1.35
2012.06.19 11:33:02.767,1.03802,1.03824,1.50,2.25
2012.06.19 11:33:03.271,1.038,1.03822,1.50,2.25
2012.06.19 11:33:03.839,1.038,1.03822,1.50,2.25
2012.06.19 11:33:04.229,1.038,1.03821,1.50,1.50
2012.06.19 11:33:04.560,1.038,1.03822,1.50,2.25
2012.06.19 11:33:05.129,1.038,1.03822,1.50,2.25
2012.06.19 11:33:07.238,1.038,1.03822,1.50,2.25
2012.06.19 11:33:07.988,1.038,1.03822,1.50,2.25
2012.06.19 11:33:08.840,1.038,1.03822,1.50,3.00
2012.06.19 11:33:09.829,1.038,1.03822,1.50,2.25
2012.06.19 11:33:10.340,1.038,1.03822,1.50,2.25
2012.06.19 11:33:14.677,1.038,1.03822,1.50,2.25
2012.06.19 11:33:15.966,1.038,1.03822,1.50,1.50
2012.06.19 11:33:16.485,1.03801,1.03824,1.50,1.50
2012.06.19 11:33:16.555,1.03801,1.03819,1.50,1.88
2012.06.19 11:33:16.627,1.03797,1.03817,2.41,1.50
2012.06.19 11:33:16.699,1.03799,1.03822,1.50,1.50
2012.06.19 11:33:17.246,1.03797,1.03821,1.66,2.25
2012.06.19 11:33:18.917,1.03797,1.03821,1.66,2.25
2012.06.19 11:33:23.317,1.03796,1.03818,1.50,1.50
2012.06.19 11:33:23.916,1.03797,1.03819,1.50,1.50
2012.06.19 11:33:24.423,1.03795,1.03819,1.66,3.00
2012.06.19 11:33:24.636,1.03797,1.03819,1.50,1.50
2012.06.19 11:33:29.449,1.03797,1.03821,1.50,2.25
2012.06.19 11:33:31.444,1.03797,1.03821,1.50,2.25
2012.06.19 11:33:33.097,1.03797,1.03821,1.50,2.25
2012.06.19 11:33:33.816,1.03797,1.03821,1.50,2.25
2012.06.19 11:33:35.126,1.03797,1.03821,1.50,2.25
2012.06.19 11:33:35.617,1.03797,1.03821,1.50,3.00
2012.06.19 11:33:35.936,1.03796,1.03812,1.50,2.25
2012.06.19 11:33:36.487,1.03795,1.03812,1.50,2.25
2012.06.19 11:33:39.672,1.03793,1.03812,1.50,2.25
2012.06.19 11:33:46.639,1.03794,1.03812,1.50,2.25
2012.06.19 11:33:46.768,1.03797,1.03812,1.50,2.25
2012.06.19 11:33:46.959,1.03798,1.03818,3.75,1.88
2012.06.19 11:33:47.148,1.03798,1.0382,3.75,1.50
2012.06.19 11:33:48.017,1.03796,1.0382,1.66,2.25
2012.06.19 11:33:51.135,1.03798,1.03822,1.50,4.88
2012.06.19 11:33:52.515,1.03798,1.03822,1.50,4.13
2012.06.19 11:33:54.666,1.038,1.03823,1.50,1.50
2012.06.19 11:33:54.999,1.03799,1.03821,1.50,1.50
2012.06.19 11:33:55.356,1.03801,1.03823,1.50,2.25
2012.06.19 11:33:56.678,1.03809,1.03828,1.50,1.88
2012.06.19 11:33:56.810,1.03802,1.03826,1.88,2.25
2012.06.19 11:33:56.879,1.03808,1.03826,2.25,1.50
2012.06.19 11:33:57.007,1.03802,1.03824,1.66,1.50
2012.06.19 11:33:57.078,1.03802,1.03824,1.66,1.50
2012.06.19 11:33:57.146,1.03802,1.03824,1.50,1.50
2012.06.19 11:33:57.215,1.038,1.03822,1.66,1.50
2012.06.19 11:33:57.815,1.038,1.03822,1.50,4.50
2012.06.19 11:33:58.186,1.03802,1.03825,1.50,2.25
2012.06.19 11:33:58.677,1.03801,1.03823,3.16,1.50
2012.06.19 11:33:59.066,1.03811,1.03832,1.50,1.05
2012.06.19 11:33:59.152,1.03812,1.03835,1.50,1.35
2012.06.19 11:33:59.221,1.03818,1.03838,2.25,3.00
2012.06.19 11:33:59.530,1.03819,1.03843,1.66,4.50
2012.06.19 11:34:00.447,1.03817,1.03842,1.66,2.25
2012.06.19 11:34:00.758,1.03815,1.03834,1.66,1.13
2012.06.19 11:34:00.948,1.03808,1.0383,1.50,2.25
2012.06.19 11:34:01.019,1.03806,1.03828,1.66,1.50
2012.06.19 11:34:01.247,1.03808,1.0383,1.50,2.25
2012.06.19 11:34:01.808,1.03807,1.0383,1.50,2.25
2012.06.19 11:34:01.996,1.03809,1.03832,1.50,2.25
2012.06.19 11:34:02.068,1.03811,1.03832,1.50,2.25
2012.06.19 11:34:02.379,1.03811,1.03832,1.50,3.00
2012.06.19 11:34:02.506,1.03809,1.03832,1.66,3.00
2012.06.19 11:34:03.058,1.03809,1.03832,1.66,3.30
2012.06.19 11:34:03.424,1.03807,1.03831,1.66,3.00
2012.06.19 11:34:03.762,1.03808,1.03829,4.73,1.50
2012.06.19 11:34:03.831,1.03818,1.03841,1.50,2.55
2012.06.19 11:34:04.166,1.03816,1.03839,1.66,2.25
2012.06.19 11:34:04.730,1.03817,1.03841,1.66,1.50
2012.06.19 11:34:07.926,1.03818,1.03841,1.50,1.50
2012.06.19 11:34:08.427,1.03819,1.03841,1.50,1.50
2012.06.19 11:34:09.507,1.03823,1.03842,1.50,1.50
2012.06.19 11:34:09.879,1.03821,1.03842,1.66,2.25
2012.06.19 11:34:09.947,1.03821,1.03842,1.50,2.25
2012.06.19 11:34:10.016,1.03819,1.03842,1.66,2.25
2012.06.19 11:34:10.386,1.03821,1.03842,1.50,2.25
2012.06.19 11:34:10.689,1.03824,1.03842,1.50,2.25
2012.06.19 11:34:11.006,1.03826,1.03849,1.50,3.00
2012.06.19 11:34:11.738,1.03824,1.03847,1.50,2.25
2012.06.19 11:34:11.866,1.03823,1.03845,1.66,2.25
2012.06.19 11:34:12.115,1.0382,1.03842,1.50,3.00
2012.06.19 11:34:12.536,1.03821,1.03842,1.50,2.25
2012.06.19 11:34:12.610,1.03821,1.03842,1.50,3.00
2012.06.19 11:34:12.867,1.03821,1.03842,1.50,2.25
2012.06.19 11:34:12.938,1.03819,1.03842,1.66,2.25
2012.06.19 11:34:13.161,1.03819,1.03842,1.66,3.00
2012.06.19 11:34:13.949,1.03823,1.03842,1.50,2.25
2012.06.19 11:34:14.157,1.03826,1.03849,1.50,3.00
2012.06.19 11:34:14.766,1.03828,1.03851,1.50,2.25
2012.06.19 11:34:15.077,1.03824,1.03847,3.16,1.50
2012.06.19 11:34:15.148,1.03826,1.03849,1.66,2.25
2012.06.19 11:34:15.406,1.03825,1.0385,1.66,2.25
2012.06.19 11:34:15.971,1.03823,1.03848,2.26,2.25
2012.06.19 11:34:16.038,1.03824,1.03848,1.50,2.25
2012.06.19 11:34:17.210,1.03822,1.03845,1.66,2.25
2012.06.19 11:34:17.765,1.03823,1.03848,1.66,3.00
2012.06.19 11:34:18.249,1.03827,1.03846,1.50,1.50
2012.06.19 11:34:18.449,1.03829,1.03848,1.50,2.03
2012.06.19 11:34:18.916,1.03825,1.03842,2.10,2.25
2012.06.19 11:34:18.996,1.0383,1.0385,1.50,1.50
2012.06.19 11:34:19.398,1.03828,1.0385,1.50,1.50
2012.06.19 11:34:19.469,1.03829,1.03851,1.50,2.25
2012.06.19 11:34:19.539,1.03831,1.03852,1.50,3.00
2012.06.19 11:34:19.861,1.03833,1.03852,1.50,3.00
2012.06.19 11:34:20.199,1.03833,1.03851,1.50,1.50
2012.06.19 11:34:20.268,1.0383,1.03851,3.00,1.50
2012.06.19 11:34:20.397,1.0383,1.03852,3.00,3.00
2012.06.19 11:34:20.707,1.03827,1.03852,1.50,4.88
2012.06.19 11:34:21.028,1.0383,1.03852,1.50,3.00
2012.06.19 11:34:21.356,1.03832,1.03852,1.50,3.00
2012.06.19 11:34:22.029,1.0383,1.03852,1.50,3.00
2012.06.19 11:34:22.157,1.03833,1.03852,1.50,2.25
2012.06.19 11:34:22.648,1.03834,1.03852,2.10,2.25
2012.06.19 11:34:23.089,1.0383,1.03854,1.66,2.85
2012.06.19 11:34:23.217,1.0383,1.03852,1.50,2.25
2012.06.19 11:34:23.293,1.03827,1.0385,2.26,1.50
2012.06.19 11:34:23.731,1.0383,1.03852,1.50,4.35
2012.06.19 11:34:24.041,1.03833,1.03852,1.50,2.25
2012.06.19 11:34:24.381,1.03835,1.03852,1.50,2.25
2012.06.19 11:34:24.509,1.03832,1.03853,1.50,2.25
2012.06.19 11:34:24.638,1.03829,1.03851,1.50,2.25
2012.06.19 11:34:25.291,1.0383,1.03853,1.50,3.75
2012.06.19 11:34:25.606,1.03833,1.03853,1.50,3.00
2012.06.19 11:34:25.678,1.03833,1.03853,1.50,3.00
2012.06.19 11:34:26.362,1.0383,1.03853,1.50,2.25
2012.06.19 11:34:26.434,1.0383,1.03853,1.50,3.00
2012.06.19 11:34:26.816,1.03828,1.0385,1.66,1.35
2012.06.19 11:34:27.369,1.03828,1.03852,1.66,2.25
2012.06.19 11:34:27.857,1.0383,1.03853,2.10,2.25
2012.06.19 11:34:28.047,1.03834,1.03853,1.50,2.25
2012.06.19 11:34:28.358,1.03836,1.03856,1.50,1.50
2012.06.19 11:34:28.680,1.03837,1.03859,1.50,2.40
2012.06.19 11:34:28.807,1.03837,1.03852,1.50,2.25
2012.06.19 11:34:29.653,1.03835,1.03852,1.66,2.25
2012.06.19 11:34:30.210,1.03834,1.03852,3.16,2.25
2012.06.19 11:34:30.276,1.03837,1.03852,1.50,2.25
2012.06.19 11:34:31.540,1.03842,1.03852,1.50,2.25
2012.06.19 11:34:31.668,1.03835,1.03852,1.66,2.25
2012.06.19 11:34:31.740,1.03839,1.03852,1.50,2.25
2012.06.19 11:34:31.990,1.03837,1.03852,1.50,2.25
2012.06.19 11:34:32.498,1.03836,1.03852,1.50,2.25
2012.06.19 11:34:33.033,1.03835,1.03852,1.66,2.25
2012.06.19 11:34:33.490,1.03835,1.03859,1.66,2.40
2012.06.19 11:34:34.347,1.03835,1.03859,1.66,2.40
2012.06.19 11:34:34.476,1.03837,1.03861,1.50,3.15
2012.06.19 11:34:34.608,1.0384,1.0386,1.50,1.65
2012.06.19 11:34:34.739,1.03837,1.0386,1.50,1.65
2012.06.19 11:34:35.107,1.03837,1.0386,1.50,1.65
2012.06.19 11:34:35.820,1.03841,1.03859,1.50,1.65
2012.06.19 11:34:35.961,1.03838,1.0386,1.50,2.25
2012.06.19 11:34:36.628,1.03837,1.03859,3.00,3.15
2012.06.19 11:34:37.672,1.03839,1.03859,1.50,1.65
2012.06.19 11:34:39.271,1.03839,1.03863,1.50,4.65
2012.06.19 11:34:39.822,1.03843,1.03863,1.50,3.15
2012.06.19 11:34:40.129,1.03848,1.03867,1.50,1.13
2012.06.19 11:34:40.257,1.03845,1.03867,1.50,1.13
2012.06.19 11:34:40.448,1.03847,1.03866,1.50,1.91
2012.06.19 11:34:40.650,1.03845,1.03866,1.66,1.34
2012.06.19 11:34:40.716,1.03845,1.03869,1.66,3.00
2012.06.19 11:34:40.908,1.03848,1.03869,1.50,1.50
2012.06.19 11:34:41.101,1.03846,1.03868,1.50,2.25
2012.06.19 11:34:41.411,1.03845,1.03868,1.66,1.13
2012.06.19 11:34:41.537,1.03842,1.03865,1.14,1.50
2012.06.19 11:34:41.870,1.03841,1.03865,1.66,2.25
2012.06.19 11:34:42.366,1.03843,1.03865,1.14,1.50
2012.06.19 11:34:42.438,1.03848,1.03866,2.25,1.50
2012.06.19 11:34:42.809,1.03848,1.03869,2.25,3.75
2012.06.19 11:34:42.877,1.03845,1.03869,1.50,3.75
2012.06.19 11:34:42.952,1.03849,1.0387,1.50,1.50
2012.06.19 11:34:43.078,1.03847,1.03869,1.50,3.00
2012.06.19 11:34:43.849,1.03845,1.03868,1.66,2.25
2012.06.19 11:34:44.160,1.03846,1.0387,1.50,3.00
2012.06.19 11:34:44.290,1.03848,1.0387,1.50,1.50
2012.06.19 11:34:44.868,1.03845,1.03867,1.50,1.50
2012.06.19 11:34:45.489,1.03845,1.03867,1.50,2.25
2012.06.19 11:34:45.713,1.03845,1.03867,1.50,1.50
2012.06.19 11:34:46.088,1.03846,1.0387,1.50,3.00
2012.06.19 11:34:46.358,1.03845,1.03867,3.16,1.50
2012.06.19 11:34:46.672,1.03845,1.03869,1.66,3.00
2012.06.19 11:34:47.246,1.03848,1.03869,2.25,2.25
2012.06.19 11:34:47.786,1.03847,1.03871,1.66,2.25
2012.06.19 11:34:48.783,1.03845,1.03869,1.50,3.00
2012.06.19 11:34:49.030,1.03843,1.03867,1.50,1.88
2012.06.19 11:34:49.229,1.03842,1.03864,1.50,1.50
2012.06.19 11:34:49.749,1.03843,1.03864,1.50,2.25
2012.06.19 11:34:50.087,1.03845,1.03869,1.50,3.00
2012.06.19 11:34:50.636,1.0384,1.03864,1.66,2.25
2012.06.19 11:34:50.825,1.03841,1.03863,1.50,2.25
2012.06.19 11:34:51.023,1.03839,1.03861,1.50,2.25
2012.06.19 11:34:51.386,1.0384,1.03863,2.48,1.50
2012.06.19 11:34:51.698,1.03848,1.03869,2.25,2.25
2012.06.19 11:34:51.888,1.03845,1.03869,1.66,2.25
2012.06.19 11:34:52.018,1.03844,1.03866,1.50,2.25
2012.06.19 11:34:52.957,1.03842,1.03864,1.50,2.25
2012.06.19 11:34:53.149,1.03838,1.03862,2.04,1.50
2012.06.19 11:34:53.339,1.03838,1.03862,1.66,3.75
2012.06.19 11:34:53.709,1.03836,1.03858,3.00,1.50
2012.06.19 11:34:54.020,1.03847,1.03866,2.25,2.25
2012.06.19 11:34:54.099,1.03847,1.03866,2.25,1.50
2012.06.19 11:34:54.460,1.03847,1.03861,2.25,1.50
2012.06.19 11:34:54.707,1.03847,1.03863,2.25,3.00
2012.06.19 11:34:55.019,1.03841,1.03863,1.50,2.25
2012.06.19 11:34:55.149,1.03839,1.03861,1.50,2.25
2012.06.19 11:34:55.279,1.03837,1.0386,3.75,2.25
2012.06.19 11:34:55.467,1.03838,1.03862,1.50,1.50
2012.06.19 11:34:56.270,1.03841,1.03863,1.50,3.75
2012.06.19 11:34:56.748,1.03839,1.03861,1.50,1.50
2012.06.19 11:34:57.168,1.03839,1.03861,1.50,2.25
2012.06.19 11:34:57.678,1.03837,1.03861,1.50,1.50
2012.06.19 11:34:57.746,1.03836,1.03858,3.00,1.50
2012.06.19 11:34:58.179,1.03838,1.0386,1.50,3.00
2012.06.19 11:34:58.877,1.03838,1.0386,2.10,2.25
2012.06.19 11:34:59.385,1.03839,1.03863,2.10,4.50
2012.06.19 11:35:00.040,1.03837,1.03859,2.25,1.50
2012.06.19 11:35:00.576,1.03837,1.03859,2.25,1.50
2012.06.19 11:35:00.826,1.03834,1.03857,1.06,1.50
2012.06.19 11:35:01.259,1.03835,1.03859,2.10,2.25
2012.06.19 11:35:01.541,1.0384,1.03859,2.26,2.25
2012.06.19 11:35:01.608,1.03837,1.03859,4.51,2.25
2012.06.19 11:35:01.857,1.0384,1.03863,1.65,1.50
2012.06.19 11:35:01.988,1.03838,1.03862,2.10,2.25
2012.06.19 11:35:02.120,1.03837,1.03859,4.35,1.50
2012.06.19 11:35:02.478,1.03839,1.03861,1.50,2.25
2012.06.19 11:35:04.726,1.03839,1.03861,1.50,2.25
2012.06.19 11:35:04.799,1.03837,1.03859,3.75,1.50
2012.06.19 11:35:05.147,1.03839,1.03861,2.10,2.25
2012.06.19 11:35:05.461,1.03843,1.03863,1.50,2.25
2012.06.19 11:35:05.530,1.0384,1.03863,1.50,4.50
2012.06.19 11:35:05.601,1.03839,1.03861,1.50,1.50
2012.06.19 11:35:05.906,1.03836,1.03858,2.04,1.50
2012.06.19 11:35:06.458,1.03836,1.03858,1.50,2.25
2012.06.19 11:35:06.766,1.03838,1.0386,3.75,2.25
2012.06.19 11:35:07.108,1.03838,1.0386,3.75,1.50
2012.06.19 11:35:07.239,1.0384,1.03862,1.50,1.50
2012.06.19 11:35:07.550,1.03838,1.03859,2.25,2.25
2012.06.19 11:35:07.617,1.03835,1.03859,1.66,2.25
2012.06.19 11:35:07.691,1.03833,1.03857,3.54,1.50
2012.06.19 11:35:08.239,1.03837,1.03861,2.26,2.25
2012.06.19 11:35:08.629,1.03837,1.03861,1.66,2.25
2012.06.19 11:35:08.698,1.03837,1.03861,1.50,2.25
2012.06.19 11:35:09.008,1.03839,1.03859,1.50,1.50
2012.06.19 11:35:09.600,1.03836,1.03859,3.00,1.50
2012.06.19 11:35:10.997,1.03836,1.03852,1.50,2.25
2012.06.19 11:35:11.074,1.03829,1.03852,1.66,2.25
2012.06.19 11:35:11.316,1.03829,1.03852,1.50,2.25
2012.06.19 11:35:11.453,1.03832,1.03852,1.50,2.25
2012.06.19 11:35:11.646,1.03832,1.03856,1.50,2.25
2012.06.19 11:35:11.836,1.03836,1.03859,1.50,1.50
2012.06.19 11:35:12.541,1.03835,1.03857,1.50,2.25
2012.06.19 11:35:13.052,1.03835,1.03857,1.50,2.25
2012.06.19 11:35:13.940,1.03832,1.03856,1.50,2.25
2012.06.19 11:35:14.427,1.03831,1.03853,1.50,2.25
2012.06.19 11:35:14.748,1.03829,1.03851,1.66,1.50
2012.06.19 11:35:15.257,1.03832,1.03856,3.00,2.25
2012.06.19 11:35:15.569,1.03834,1.03856,1.50,1.50
2012.06.19 11:35:15.650,1.03832,1.03856,1.50,3.00
2012.06.19 11:35:15.717,1.03835,1.03856,1.50,1.50
2012.06.19 11:35:15.847,1.03835,1.03857,1.50,2.25
2012.06.19 11:35:15.920,1.03835,1.03857,1.50,3.00
2012.06.19 11:35:15.988,1.03833,1.03855,1.50,2.25
2012.06.19 11:35:16.127,1.03828,1.03852,1.66,1.50
2012.06.19 11:35:16.377,1.03828,1.03852,1.50,1.50
2012.06.19 11:35:16.689,1.03831,1.03853,1.50,1.50
2012.06.19 11:35:16.937,1.03826,1.0385,1.66,2.25
2012.06.19 11:35:17.127,1.03825,1.03847,3.16,1.50
2012.06.19 11:35:17.198,1.03826,1.0385,1.66,1.50
2012.06.19 11:35:17.328,1.03833,1.03851,1.50,1.50
2012.06.19 11:35:17.459,1.03833,1.03854,1.50,1.50
2012.06.19 11:35:17.588,1.03836,1.03854,1.50,1.50
2012.06.19 11:35:18.212,1.03834,1.03853,1.50,1.50
2012.06.19 11:35:18.281,1.03829,1.03853,1.50,2.25
2012.06.19 11:35:18.487,1.03831,1.03853,1.50,1.50
2012.06.19 11:35:19.144,1.0383,1.03852,1.50,2.25
2012.06.19 11:35:19.399,1.03832,1.03854,1.50,1.50
2012.06.19 11:35:19.956,1.03835,1.03857,1.50,2.25
2012.06.19 11:35:20.086,1.03832,1.03856,1.50,2.25
2012.06.19 11:35:20.992,1.03832,1.03854,1.50,1.50
2012.06.19 11:35:21.388,1.03828,1.03852,1.66,1.50
2012.06.19 11:35:21.516,1.03831,1.03853,1.50,1.50
2012.06.19 11:35:23.262,1.03834,1.03855,1.50,1.50
2012.06.19 11:35:23.485,1.03832,1.03854,3.00,2.25
2012.06.19 11:35:23.736,1.03834,1.03855,1.50,1.50
2012.06.19 11:35:23.986,1.03832,1.03854,3.00,2.25
2012.06.19 11:35:24.537,1.03832,1.03854,1.50,2.25
2012.06.19 11:35:24.968,1.03836,1.03854,1.50,1.50
2012.06.19 11:35:25.396,1.03832,1.03856,1.88,2.25
2012.06.19 11:35:25.527,1.03835,1.03857,1.50,2.25
2012.06.19 11:35:25.717,1.03837,1.0386,1.50,1.13
2012.06.19 11:35:26.157,1.03833,1.03857,1.66,1.50
2012.06.19 11:35:27.314,1.03835,1.03859,1.50,3.75
2012.06.19 11:35:27.908,1.03837,1.03859,1.50,1.50
2012.06.19 11:35:28.445,1.03838,1.0386,1.50,2.25
2012.06.19 11:35:29.227,1.03836,1.03859,1.50,2.25
2012.06.19 11:35:29.718,1.03838,1.0386,1.50,2.25
2012.06.19 11:35:30.088,1.0384,1.03862,1.50,2.25
2012.06.19 11:35:30.679,1.03838,1.03859,1.50,1.50
2012.06.19 11:35:31.019,1.03835,1.03857,1.50,1.50
2012.06.19 11:35:31.210,1.03833,1.03855,1.50,1.50
2012.06.19 11:35:31.517,1.03837,1.03859,1.50,3.00
2012.06.19 11:35:31.954,1.03835,1.03857,2.10,1.50
2012.06.19 11:35:32.088,1.03837,1.03859,1.50,3.00
2012.06.19 11:35:32.737,1.03837,1.03859,1.50,3.00
2012.06.19 11:35:33.388,1.03837,1.03859,1.50,3.00
2012.06.19 11:35:33.927,1.03837,1.03858,1.50,1.50
2012.06.19 11:35:36.591,1.03834,1.03858,2.10,2.25
2012.06.19 11:35:36.989,1.03834,1.03858,1.50,2.25
2012.06.19 11:35:37.119,1.03836,1.03859,1.50,1.50
2012.06.19 11:35:37.309,1.03834,1.03858,1.50,2.25
2012.06.19 11:35:38.370,1.03834,1.03858,1.50,3.60
2012.06.19 11:35:38.437,1.03834,1.03856,1.50,1.13
2012.06.19 11:35:38.758,1.03833,1.03855,1.50,2.25
2012.06.19 11:35:38.887,1.03835,1.03857,3.00,2.25
2012.06.19 11:35:39.435,1.03834,1.03856,1.50,1.50
2012.06.19 11:35:39.575,1.03832,1.03854,1.50,1.50
2012.06.19 11:35:39.958,1.0383,1.03852,2.10,1.50
2012.06.19 11:35:40.344,1.03827,1.03851,1.50,1.50
2012.06.19 11:35:40.421,1.03826,1.03848,1.50,1.50
2012.06.19 11:35:40.952,1.03827,1.03848,1.50,1.50
2012.06.19 11:35:41.023,1.03828,1.03852,1.50,2.25
2012.06.19 11:35:41.642,1.03828,1.03852,1.50,2.25
2012.06.19 11:35:42.521,1.03828,1.03852,1.50,2.25
2012.06.19 11:35:43.225,1.0383,1.03853,1.50,2.25
2012.06.19 11:35:45.068,1.0383,1.03854,1.50,3.00
2012.06.19 11:35:46.583,1.0383,1.03854,1.50,3.00
2012.06.19 11:35:47.165,1.03832,1.03854,1.50,1.50
2012.06.19 11:35:47.696,1.03832,1.03854,1.50,1.50
2012.06.19 11:35:48.370,1.03832,1.03854,1.50,1.50
2012.06.19 11:35:49.140,1.03832,1.03854,1.50,1.50
2012.06.19 11:35:49.540,1.0383,1.03854,3.00,3.00
2012.06.19 11:35:49.668,1.03833,1.03854,1.50,1.50
2012.06.19 11:35:49.799,1.03835,1.03859,1.50,3.00
2012.06.19 11:35:50.440,1.03835,1.03859,1.50,3.00
2012.06.19 11:35:50.748,1.03833,1.03857,1.50,2.25
2012.06.19 11:35:50.817,1.03831,1.03855,1.88,1.50
2012.06.19 11:35:51.188,1.03833,1.03857,1.50,3.75
2012.06.19 11:35:51.527,1.03844,1.03857,1.50,1.50
2012.06.19 11:35:51.658,1.03842,1.03857,2.10,1.50
2012.06.19 11:35:51.792,1.0384,1.03859,1.50,2.25
2012.06.19 11:35:51.859,1.0384,1.03863,1.50,1.88
2012.06.19 11:35:51.926,1.0384,1.03863,1.50,1.88
2012.06.19 11:35:51.997,1.03838,1.03861,1.50,2.25
2012.06.19 11:35:52.126,1.03837,1.03861,2.26,1.50
2012.06.19 11:35:52.196,1.03837,1.03859,2.26,1.50
2012.06.19 11:35:52.501,1.03834,1.03856,5.56,1.50
2012.06.19 11:35:52.687,1.03836,1.03858,2.10,1.50
2012.06.19 11:35:52.879,1.03836,1.03858,2.10,2.25
2012.06.19 11:35:53.007,1.03834,1.03856,1.66,2.25
2012.06.19 11:35:54.288,1.03832,1.03854,1.66,2.25
2012.06.19 11:35:54.888,1.03832,1.03854,1.66,2.25
2012.06.19 11:35:55.427,1.03829,1.03853,3.76,1.50
2012.06.19 11:35:55.958,1.03832,1.03854,1.66,2.25
2012.06.19 11:35:56.218,1.0383,1.03852,2.26,1.50
2012.06.19 11:35:56.769,1.0383,1.03852,1.66,1.50
2012.06.19 11:35:56.838,1.03827,1.03851,1.66,1.50
2012.06.19 11:35:57.046,1.03825,1.03849,2.26,1.50
2012.06.19 11:35:57.219,1.03827,1.03851,1.66,3.00
2012.06.19 11:35:57.528,1.03829,1.03851,1.66,1.50
2012.06.19 11:35:57.598,1.03831,1.03855,1.66,1.50
2012.06.19 11:35:58.225,1.03835,1.03857,1.50,2.25
2012.06.19 11:35:58.319,1.03833,1.03856,1.50,2.25
2012.06.19 11:35:58.568,1.03834,1.03856,1.50,1.50
2012.06.19 11:35:58.643,1.03832,1.03856,3.16,3.00
2012.06.19 11:35:58.707,1.03832,1.03856,1.50,1.50
2012.06.19 11:35:58.959,1.03833,1.03855,1.50,2.25
2012.06.19 11:35:59.301,1.03828,1.03847,1.50,1.50
2012.06.19 11:35:59.373,1.03824,1.03848,1.50,1.50
2012.06.19 11:35:59.558,1.03823,1.03846,2.04,1.50
2012.06.19 11:36:00.047,1.03824,1.03848,2.48,2.25
2012.06.19 11:36:00.179,1.03826,1.03848,1.50,2.10
2012.06.19 11:36:00.370,1.03821,1.03846,1.66,2.10
2012.06.19 11:36:00.499,1.03819,1.03844,1.66,1.50
2012.06.19 11:36:01.287,1.03822,1.03845,1.66,1.50
2012.06.19 11:36:01.898,1.03822,1.03845,1.66,2.25
2012.06.19 11:36:02.270,1.03819,1.03842,2.04,1.50
2012.06.19 11:36:02.339,1.03822,1.03842,1.50,1.50
2012.06.19 11:36:02.407,1.03823,1.03847,1.50,2.25
2012.06.19 11:36:03.177,1.03823,1.03847,1.50,2.25
2012.06.19 11:36:03.906,1.03823,1.03847,1.50,2.25
2012.06.19 11:36:04.097,1.0382,1.03845,1.50,2.25
2012.06.19 11:36:04.417,1.03824,1.03846,1.50,2.25
2012.06.19 11:36:04.545,1.0382,1.03845,1.50,2.25
2012.06.19 11:36:04.757,1.03827,1.03849,1.50,3.00
2012.06.19 11:36:05.129,1.03825,1.03846,1.50,1.50
2012.06.19 11:36:05.199,1.03826,1.03848,1.50,2.25
2012.06.19 11:36:05.707,1.03826,1.03848,1.50,2.25
2012.06.19 11:36:05.779,1.03823,1.03847,1.50,1.50
2012.06.19 11:36:05.887,1.03823,1.03847,2.25,1.50
2012.06.19 11:36:06.199,1.03828,1.03852,1.50,2.25
2012.06.19 11:36:06.573,1.03826,1.03849,1.50,1.50
2012.06.19 11:36:07.337,1.03828,1.0385,2.25,2.25
2012.06.19 11:36:07.415,1.03828,1.03849,1.50,1.50
2012.06.19 11:36:07.917,1.03827,1.03849,1.50,2.25
2012.06.19 11:36:08.759,1.03824,1.03847,1.66,1.50
2012.06.19 11:36:09.400,1.03821,1.03846,2.26,2.25
2012.06.19 11:36:09.878,1.03821,1.03846,2.26,1.50
2012.06.19 11:36:10.065,1.03821,1.03846,2.26,2.25
2012.06.19 11:36:10.317,1.03823,1.03848,1.50,3.00
2012.06.19 11:36:10.866,1.03822,1.03845,1.50,1.50
2012.06.19 11:36:12.921,1.03819,1.03844,1.66,1.50
2012.06.19 11:36:13.271,1.03819,1.03844,1.50,2.25
2012.06.19 11:36:13.521,1.03817,1.0384,1.50,2.25
2012.06.19 11:36:13.590,1.03815,1.03839,1.50,2.25
2012.06.19 11:36:14.020,1.03816,1.03841,1.50,2.25
2012.06.19 11:36:14.090,1.03818,1.03841,1.50,2.25
2012.06.19 11:36:14.400,1.03818,1.03843,1.50,3.00
2012.06.19 11:36:14.807,1.0382,1.03845,1.50,2.25
2012.06.19 11:36:14.878,1.0382,1.03845,1.50,2.25
2012.06.19 11:36:15.469,1.0382,1.03845,1.50,2.25
2012.06.19 11:36:16.402,1.0382,1.03845,1.50,2.25
2012.06.19 11:36:16.918,1.03819,1.03842,1.50,1.50
2012.06.19 11:36:17.168,1.03814,1.03839,1.66,1.50
2012.06.19 11:36:17.236,1.03816,1.03841,1.50,2.25
2012.06.19 11:36:17.668,1.03812,1.03837,2.26,1.50
2012.06.19 11:36:17.866,1.03814,1.03839,1.50,3.00
2012.06.19 11:36:19.228,1.03815,1.03839,1.50,1.50
2012.06.19 11:36:19.298,1.03817,1.0384,1.50,1.50
2012.06.19 11:36:19.599,1.03819,1.03842,1.50,2.25
2012.06.19 11:36:20.538,1.03819,1.03842,1.50,2.25
2012.06.19 11:36:20.712,1.03817,1.0384,1.50,1.50
2012.06.19 11:36:21.011,1.03819,1.0384,1.50,1.50
2012.06.19 11:36:21.362,1.03821,1.03844,1.50,2.25
2012.06.19 11:36:21.486,1.03821,1.03844,1.50,2.25
2012.06.19 11:36:21.857,1.03823,1.03846,1.50,3.75
2012.06.19 11:36:21.930,1.03821,1.03844,1.50,2.25
2012.06.19 11:36:22.477,1.03822,1.03847,1.50,2.63
2012.06.19 11:36:23.027,1.03822,1.03846,2.25,1.13
2012.06.19 11:36:23.277,1.03819,1.03843,1.50,1.50
2012.06.19 11:36:23.363,1.03818,1.03841,1.50,1.50
2012.06.19 11:36:24.128,1.03815,1.0384,1.66,1.50
2012.06.19 11:36:24.262,1.03817,1.03842,1.50,1.50
2012.06.19 11:36:24.570,1.03823,1.03846,1.50,2.25
2012.06.19 11:36:24.937,1.03821,1.03844,1.50,2.25
2012.06.19 11:36:25.128,1.03823,1.03846,1.50,2.25
2012.06.19 11:36:25.199,1.03823,1.03846,1.50,2.25
2012.06.19 11:36:25.271,1.03821,1.03845,1.50,1.50
2012.06.19 11:36:25.341,1.03823,1.03846,1.50,2.25
2012.06.19 11:36:25.648,1.0382,1.03843,2.25,1.50
2012.06.19 11:36:25.897,1.03824,1.03847,1.50,2.25
2012.06.19 11:36:25.968,1.03827,1.03849,1.50,2.25
2012.06.19 11:36:26.293,1.03827,1.03849,1.50,2.25
2012.06.19 11:36:26.596,1.03828,1.03852,1.50,3.75
2012.06.19 11:36:27.370,1.03827,1.03849,1.50,3.00
2012.06.19 11:36:27.498,1.03824,1.03848,2.40,1.50
2012.06.19 11:36:27.567,1.03823,1.03848,3.60,1.50
2012.06.19 11:36:28.231,1.03825,1.03848,1.50,1.50
2012.06.19 11:36:28.295,1.03823,1.03848,2.10,1.50
2012.06.19 11:36:28.659,1.03826,1.03848,2.10,1.50
2012.06.19 11:36:29.293,1.03827,1.03849,2.10,2.25
2012.06.19 11:36:29.674,1.0383,1.03849,2.10,1.50
2012.06.19 11:36:29.919,1.03828,1.03851,3.91,1.50
2012.06.19 11:36:29.987,1.03828,1.03851,3.91,2.25
2012.06.19 11:36:30.307,1.03823,1.03847,2.40,1.50
2012.06.19 11:36:30.436,1.03826,1.03849,2.10,1.50
2012.06.19 11:36:31.003,1.03826,1.0385,2.10,1.50
2012.06.19 11:36:31.416,1.03824,1.03847,3.76,1.50
2012.06.19 11:36:31.953,1.03822,1.03846,2.26,1.50
2012.06.19 11:36:32.079,1.03823,1.03848,2.26,2.25
2012.06.19 11:36:32.209,1.03822,1.03846,3.76,1.50
2012.06.19 11:36:32.460,1.03817,1.03842,1.96,1.50
2012.06.19 11:36:32.590,1.03817,1.03842,1.50,2.25
2012.06.19 11:36:32.900,1.03817,1.0384,1.50,1.50
2012.06.19 11:36:33.189,1.03818,1.03843,1.50,2.25
2012.06.19 11:36:33.549,1.0382,1.03844,1.50,3.00
2012.06.19 11:36:33.859,1.03817,1.03841,1.50,1.50
2012.06.19 11:36:34.396,1.03821,1.03842,1.50,2.25
2012.06.19 11:36:34.709,1.03823,1.03846,1.50,2.25
2012.06.19 11:36:34.779,1.03821,1.03844,1.50,2.25
2012.06.19 11:36:34.908,1.03819,1.03842,3.00,2.25
2012.06.19 11:36:35.267,1.03816,1.03841,2.85,1.50
2012.06.19 11:36:35.336,1.03819,1.03844,1.50,2.25
2012.06.19 11:36:35.919,1.03818,1.03841,3.00,1.50
2012.06.19 11:36:37.180,1.0382,1.03843,1.50,3.00
2012.06.19 11:36:37.647,1.03817,1.03842,1.50,2.25
2012.06.19 11:36:38.096,1.03819,1.03844,1.50,3.75
2012.06.19 11:36:38.686,1.0382,1.03843,1.50,2.25
2012.06.19 11:36:38.937,1.03817,1.03842,2.25,2.25
2012.06.19 11:36:39.308,1.03819,1.03844,1.50,2.25
2012.06.19 11:36:39.849,1.03819,1.03844,1.50,2.25
2012.06.19 11:36:40.156,1.03821,1.03844,1.35,2.25
2012.06.19 11:36:40.468,1.03825,1.03846,1.50,1.13
2012.06.19 11:36:40.538,1.03824,1.03846,1.50,1.13
2012.06.19 11:36:40.668,1.03824,1.03847,1.50,2.63
2012.06.19 11:36:40.736,1.03819,1.03843,1.05,2.25
2012.06.19 11:36:41.047,1.03818,1.03843,1.50,2.25
2012.06.19 11:36:41.249,1.0382,1.03845,1.50,2.25
2012.06.19 11:36:41.780,1.0382,1.03845,2.10,2.25
2012.06.19 11:36:41.907,1.03822,1.03845,2.25,2.25
2012.06.19 11:36:42.099,1.03822,1.03845,2.25,2.25
2012.06.19 11:36:42.169,1.03824,1.03847,1.50,2.25
2012.06.19 11:36:42.238,1.03824,1.03847,1.50,2.25
2012.06.19 11:36:42.369,1.03827,1.03849,1.50,2.25
2012.06.19 11:36:42.739,1.03824,1.03847,3.00,2.25
2012.06.19 11:36:42.868,1.03827,1.03849,1.50,2.25
2012.06.19 11:36:43.198,1.03829,1.03848,1.50,1.50
2012.06.19 11:36:43.267,1.03826,1.03848,1.50,1.50
2012.06.19 11:36:43.338,1.03824,1.03847,3.00,2.25
2012.06.19 11:36:44.669,1.03822,1.03845,2.10,1.50
2012.06.19 11:36:45.306,1.03823,1.03848,1.50,4.50
2012.06.19 11:36:46.095,1.03823,1.03848,1.50,3.00
2012.06.19 11:36:46.578,1.03826,1.03848,1.50,1.50
2012.06.19 11:36:46.896,1.03826,1.03846,1.50,1.50
2012.06.19 11:36:47.058,1.03826,1.03849,1.50,1.50
2012.06.19 11:36:47.587,1.03826,1.03849,1.50,1.50
2012.06.19 11:36:47.657,1.03824,1.03847,1.50,2.25
2012.06.19 11:36:48.673,1.03824,1.03847,1.50,3.00
2012.06.19 11:36:49.162,1.03824,1.03847,1.50,2.25
2012.06.19 11:36:49.270,1.03826,1.03848,1.50,1.50
2012.06.19 11:36:49.528,1.03821,1.03844,2.26,1.50
2012.06.19 11:36:49.988,1.03822,1.03843,2.10,1.50
2012.06.19 11:36:50.729,1.0382,1.03843,2.10,2.25
2012.06.19 11:36:51.041,1.03822,1.03845,2.10,1.50
2012.06.19 11:36:51.588,1.03823,1.03848,1.66,2.25
2012.06.19 11:36:52.172,1.03824,1.03847,1.50,1.50
2012.06.19 11:36:52.239,1.0382,1.03843,3.01,1.50
2012.06.19 11:36:52.467,1.03821,1.03846,2.41,1.50
2012.06.19 11:36:52.958,1.03819,1.03844,1.66,1.50
2012.06.19 11:36:53.277,1.03823,1.03847,2.10,1.50
2012.06.19 11:36:53.589,1.03827,1.03849,1.50,1.50
2012.06.19 11:36:54.118,1.03824,1.03847,1.50,1.50
2012.06.19 11:36:55.399,1.03827,1.03849,1.50,3.00
2012.06.19 11:36:55.708,1.03829,1.0385,1.50,1.50
2012.06.19 11:36:56.236,1.03827,1.03849,2.10,3.00
2012.06.19 11:36:57.301,1.03827,1.03849,2.10,2.25
2012.06.19 11:36:57.681,1.03824,1.03847,1.50,1.50
2012.06.19 11:36:57.750,1.03822,1.03845,1.50,1.50
2012.06.19 11:36:59.376,1.03822,1.03845,2.25,1.50
2012.06.19 11:36:59.693,1.03833,1.03855,1.50,1.88
2012.06.19 11:36:59.880,1.03836,1.03857,1.50,1.13
2012.06.19 11:37:00.092,1.03833,1.03855,3.00,1.88
2012.06.19 11:37:00.595,1.03836,1.03857,3.00,1.13
2012.06.19 11:37:00.848,1.03832,1.03854,1.50,1.13
2012.06.19 11:37:01.256,1.03828,1.03852,1.50,1.50
2012.06.19 11:37:01.817,1.03831,1.03853,1.50,1.50
2012.06.19 11:37:02.418,1.03832,1.03854,1.50,1.13
2012.06.19 11:37:03.937,1.03838,1.03854,2.10,1.13
2012.06.19 11:37:04.069,1.03838,1.03858,5.10,2.25
2012.06.19 11:37:04.140,1.03842,1.03861,2.10,1.50
2012.06.19 11:37:04.209,1.03845,1.03869,2.10,3.00
2012.06.19 11:37:04.278,1.03845,1.03869,2.10,3.00
2012.06.19 11:37:04.807,1.03843,1.03867,1.65,1.50
2012.06.19 11:37:04.879,1.03841,1.03865,1.81,1.50
2012.06.19 11:37:05.399,1.03838,1.03856,1.06,1.50
2012.06.19 11:37:05.476,1.03836,1.03858,1.50,1.50
2012.06.19 11:37:05.666,1.03836,1.03858,1.50,2.25
2012.06.19 11:37:05.916,1.03832,1.03856,2.10,2.25
2012.06.19 11:37:05.988,1.03834,1.03858,1.50,3.75
2012.06.19 11:37:06.517,1.03834,1.03858,1.50,2.25
2012.06.19 11:37:07.039,1.0383,1.03854,1.50,2.25
2012.06.19 11:37:07.108,1.03833,1.03855,1.50,1.50
2012.06.19 11:37:07.417,1.03835,1.03857,1.50,1.50
2012.06.19 11:37:07.726,1.03833,1.03855,1.50,2.25
2012.06.19 11:37:07.798,1.03831,1.03852,1.50,1.50
2012.06.19 11:37:07.866,1.03828,1.03852,2.56,1.50
2012.06.19 11:37:08.155,1.03831,1.03852,2.10,1.50
2012.06.19 11:37:08.234,1.03833,1.03855,2.10,1.50
2012.06.19 11:37:08.299,1.03837,1.03856,1.50,1.13
2012.06.19 11:37:08.429,1.0384,1.03862,1.50,2.25
2012.06.19 11:37:08.637,1.03838,1.0386,3.00,1.50
2012.06.19 11:37:09.493,1.03838,1.0386,1.50,2.25
2012.06.19 11:37:09.827,1.03838,1.0386,1.50,1.50
2012.06.19 11:37:10.017,1.03839,1.03863,2.10,2.25
2012.06.19 11:37:10.479,1.03837,1.03858,1.50,1.50
2012.06.19 11:37:11.187,1.03836,1.03858,1.50,1.50
2012.06.19 11:37:11.778,1.03836,1.03858,1.50,1.88
2012.06.19 11:37:12.087,1.03836,1.03856,1.50,1.13
2012.06.19 11:37:12.218,1.03834,1.03856,1.66,2.25
2012.06.19 11:37:12.348,1.03829,1.03853,1.50,3.00
2012.06.19 11:37:12.919,1.03829,1.03853,1.50,3.00
2012.06.19 11:37:13.456,1.03829,1.03853,1.50,2.25
2012.06.19 11:37:13.769,1.03832,1.03854,1.50,3.00
2012.06.19 11:37:13.956,1.0383,1.03852,1.50,1.50
2012.06.19 11:37:14.146,1.03828,1.0385,1.50,1.50
2012.06.19 11:37:14.708,1.03838,1.03856,1.50,1.13
2012.06.19 11:37:14.781,1.03838,1.03862,1.50,2.25
2012.06.19 11:37:15.308,1.03842,1.03864,1.50,3.00
2012.06.19 11:37:15.386,1.03843,1.03866,1.50,2.25
2012.06.19 11:37:15.462,1.03845,1.03867,1.50,2.25
2012.06.19 11:37:15.529,1.0384,1.03864,1.66,1.50
2012.06.19 11:37:15.900,1.03838,1.03862,3.76,1.50
2012.06.19 11:37:16.088,1.03841,1.03865,1.50,1.50
2012.06.19 11:37:16.758,1.03839,1.03863,3.76,1.50
2012.06.19 11:37:17.317,1.03839,1.03863,2.26,1.50
2012.06.19 11:37:17.829,1.03839,1.03863,2.26,1.50
2012.06.19 11:37:18.151,1.03837,1.03859,4.51,1.50
2012.06.19 11:37:18.486,1.03838,1.03861,2.26,1.50
2012.06.19 11:37:18.929,1.0384,1.03864,1.66,3.00
2012.06.19 11:37:19.059,1.03842,1.03866,1.50,3.75
2012.06.19 11:37:19.635,1.03845,1.03867,1.50,3.00
2012.06.19 11:37:19.779,1.03842,1.03866,2.41,1.50
2012.06.19 11:37:20.317,1.03842,1.03866,1.66,1.50
2012.06.19 11:37:20.837,1.03845,1.03867,3.00,1.50
2012.06.19 11:37:20.908,1.03846,1.03871,1.66,2.25
2012.06.19 11:37:21.178,1.03846,1.03867,1.66,1.50
2012.06.19 11:37:21.488,1.0384,1.03862,1.66,3.00
2012.06.19 11:37:22.038,1.03837,1.03861,3.01,1.50
2012.06.19 11:37:22.406,1.03841,1.03865,1.66,1.50
2012.06.19 11:37:22.596,1.03843,1.03867,1.50,1.50
2012.06.19 11:37:22.727,1.03846,1.03868,1.50,3.00
2012.06.19 11:37:23.261,1.03837,1.03861,4.66,1.50
2012.06.19 11:37:23.447,1.03842,1.03862,1.66,1.50
2012.06.19 11:37:23.516,1.03843,1.03867,1.66,1.50
2012.06.19 11:37:23.707,1.03845,1.03869,1.50,2.25
2012.06.19 11:37:23.957,1.03844,1.03866,1.66,1.50
2012.06.19 11:37:24.557,1.03843,1.03867,1.66,1.50
2012.06.19 11:37:24.807,1.03853,1.03878,1.50,2.63
2012.06.19 11:37:24.939,1.03853,1.03875,1.50,1.50
2012.06.19 11:37:25.250,1.03846,1.03871,2.41,1.50
2012.06.19 11:37:25.560,1.03844,1.03868,2.41,1.50
2012.06.19 11:37:26.115,1.03844,1.03868,1.66,1.50
2012.06.19 11:37:26.365,1.03846,1.03871,1.50,2.25
2012.06.19 11:37:27.005,1.03846,1.03871,1.50,2.25
2012.06.19 11:37:27.076,1.03847,1.03871,2.10,2.25
2012.06.19 11:37:27.266,1.03849,1.03872,2.10,1.50
2012.06.19 11:37:27.398,1.03855,1.03875,1.50,1.50
2012.06.19 11:37:27.468,1.03855,1.03878,1.50,1.88
2012.06.19 11:37:27.540,1.03852,1.03871,1.50,1.50
2012.06.19 11:37:27.607,1.03848,1.03871,1.66,1.50
2012.06.19 11:37:27.737,1.03845,1.03869,3.16,1.50
2012.06.19 11:37:28.438,1.03845,1.03869,1.66,1.50
2012.06.19 11:37:28.567,1.03847,1.03872,1.66,1.50
2012.06.19 11:37:29.078,1.0385,1.03873,1.50,1.50
2012.06.19 11:37:29.861,1.0385,1.03873,2.41,1.50
2012.06.19 11:37:29.935,1.03855,1.03878,1.50,1.50
2012.06.19 11:37:30.068,1.03852,1.03877,2.41,1.50
2012.06.19 11:37:30.327,1.0385,1.03875,2.41,1.50
2012.06.19 11:37:30.398,1.03852,1.03877,2.79,1.50
2012.06.19 11:37:30.470,1.03852,1.03877,2.41,1.50
2012.06.19 11:37:30.538,1.03857,1.0388,1.50,2.85
2012.06.19 11:37:30.847,1.03853,1.03876,1.66,1.50
2012.06.19 11:37:31.037,1.03855,1.03878,1.66,3.00
2012.06.19 11:37:31.653,1.03849,1.03874,2.41,1.50
2012.06.19 11:37:31.777,1.03849,1.03874,1.66,1.50
2012.06.19 11:37:31.848,1.03849,1.03872,1.66,2.25
2012.06.19 11:37:31.919,1.03848,1.03872,1.50,4.50
2012.06.19 11:37:32.049,1.03846,1.03868,3.91,1.50
2012.06.19 11:37:32.237,1.0385,1.03873,1.50,2.25
2012.06.19 11:37:32.798,1.0385,1.03873,1.66,1.50
2012.06.19 11:37:33.207,1.03848,1.03871,1.66,1.50
2012.06.19 11:37:33.279,1.03848,1.03871,1.50,2.25
2012.06.19 11:37:34.067,1.03845,1.03869,2.41,1.50
2012.06.19 11:37:34.480,1.03847,1.03871,2.25,2.25
2012.06.19 11:37:34.607,1.03846,1.03868,2.25,1.50
2012.06.19 11:37:34.737,1.03848,1.03871,1.50,3.00
2012.06.19 11:37:34.808,1.03845,1.03869,3.91,1.50
2012.06.19 11:37:35.314,1.03845,1.03867,2.25,1.50
2012.06.19 11:37:36.451,1.03846,1.03871,2.25,2.25
2012.06.19 11:37:36.520,1.03846,1.03869,2.25,1.50
2012.06.19 11:37:36.828,1.03844,1.03868,1.50,2.25
2012.06.19 11:37:37.137,1.03837,1.03861,3.75,1.50
2012.06.19 11:37:37.208,1.0384,1.03862,1.50,1.50
2012.06.19 11:37:37.519,1.03837,1.03859,3.00,1.50
2012.06.19 11:37:37.827,1.03844,1.03868,1.50,2.25
2012.06.19 11:37:38.162,1.03844,1.03868,1.50,2.25
2012.06.19 11:37:38.234,1.03843,1.03863,1.50,2.25
2012.06.19 11:37:38.370,1.03835,1.03859,1.50,1.50
2012.06.19 11:37:38.499,1.03838,1.0386,1.50,1.50
2012.06.19 11:37:38.810,1.03836,1.03858,2.25,1.50
2012.06.19 11:37:39.408,1.03838,1.0386,1.50,3.00
2012.06.19 11:37:39.737,1.0384,1.03861,1.50,2.25
2012.06.19 11:37:39.871,1.03842,1.03864,1.50,1.50
2012.06.19 11:37:39.938,1.03843,1.03867,1.50,3.00
2012.06.19 11:37:40.072,1.03846,1.03868,1.50,3.00
2012.06.19 11:37:40.320,1.03843,1.03867,3.00,1.50
2012.06.19 11:37:41.149,1.03847,1.03868,1.50,3.00
2012.06.19 11:37:41.338,1.03843,1.03865,1.50,1.50
2012.06.19 11:37:42.077,1.0384,1.03862,3.16,1.50
2012.06.19 11:37:42.279,1.03846,1.03868,1.50,3.00
2012.06.19 11:37:42.609,1.03843,1.03867,3.00,1.50
2012.06.19 11:37:42.797,1.03846,1.03868,1.50,3.75
2012.06.19 11:37:43.130,1.03844,1.03866,1.50,1.50
2012.06.19 11:37:43.213,1.03841,1.03865,3.00,1.50
2012.06.19 11:37:43.911,1.03839,1.03862,2.10,1.50
2012.06.19 11:37:44.349,1.03837,1.03861,1.50,1.50
2012.06.19 11:37:44.929,1.03837,1.03861,2.10,1.50
2012.06.19 11:37:45.275,1.03835,1.03859,2.10,1.50
2012.06.19 11:37:45.690,1.0384,1.03862,1.50,2.25
2012.06.19 11:37:45.760,1.03841,1.03864,1.50,1.50
2012.06.19 11:37:46.307,1.03842,1.03865,1.66,1.50
2012.06.19 11:37:46.386,1.03844,1.03866,1.50,1.50
2012.06.19 11:37:47.271,1.03842,1.03864,1.66,1.50
2012.06.19 11:37:47.578,1.0384,1.03861,2.26,1.50
2012.06.19 11:37:47.708,1.0384,1.03863,2.26,1.50
2012.06.19 11:37:48.232,1.0384,1.03864,2.26,1.50
2012.06.19 11:37:48.878,1.03841,1.03864,1.51,1.50
2012.06.19 11:37:49.765,1.03841,1.03864,1.51,1.50
2012.06.19 11:37:53.056,1.0384,1.03864,2.41,1.50
2012.06.19 11:37:53.875,1.0384,1.03864,1.66,1.50
2012.06.19 11:37:54.466,1.0384,1.03864,1.66,1.50
2012.06.19 11:37:55.282,1.0384,1.03864,1.66,1.50
2012.06.19 11:37:55.760,1.03842,1.03865,2.25,1.50
2012.06.19 11:37:55.831,1.03845,1.03867,2.25,1.50
2012.06.19 11:37:56.178,1.03845,1.03867,1.50,1.50
2012.06.19 11:37:56.692,1.03843,1.03866,2.10,1.50
2012.06.19 11:37:56.879,1.03847,1.0387,1.50,2.25
2012.06.19 11:37:57.068,1.03845,1.03869,2.10,2.25
2012.06.19 11:37:57.200,1.03844,1.03866,2.10,1.50
2012.06.19 11:37:57.747,1.03845,1.03869,2.10,2.25
2012.06.19 11:37:57.887,1.03848,1.03871,1.50,1.50
2012.06.19 11:37:59.010,1.03848,1.03871,2.26,1.50
2012.06.19 11:37:59.139,1.0385,1.03874,1.50,1.50
2012.06.19 11:37:59.209,1.03851,1.03876,1.50,2.25
2012.06.19 11:38:00.446,1.03857,1.03876,2.25,1.50
2012.06.19 11:38:00.752,1.03857,1.03879,2.25,1.50
2012.06.19 11:38:01.010,1.03857,1.03877,2.25,1.50
2012.06.19 11:38:02.896,1.03857,1.03879,2.25,1.50
2012.06.19 11:38:03.451,1.03857,1.03881,2.25,3.75
2012.06.19 11:38:04.149,1.03857,1.03879,2.25,1.50
2012.06.19 11:38:04.768,1.03857,1.03877,2.25,1.50
2012.06.19 11:38:05.080,1.03857,1.03879,2.25,1.50
2012.06.19 11:38:07.789,1.03857,1.0388,4.35,1.50
2012.06.19 11:38:07.859,1.0386,1.03881,2.10,1.50
2012.06.19 11:38:08.108,1.03853,1.03878,4.06,1.50
2012.06.19 11:38:08.238,1.03853,1.03874,2.56,1.50
2012.06.19 11:38:08.953,1.03853,1.03876,4.06,1.50
2012.06.19 11:38:09.258,1.03858,1.03878,2.25,3.00
2012.06.19 11:38:13.017,1.0386,1.03879,1.50,1.50
2012.06.19 11:38:13.571,1.03859,1.03881,1.50,3.00
2012.06.19 11:38:13.640,1.03858,1.03881,2.25,2.25
2012.06.19 11:38:13.713,1.03858,1.03877,2.25,1.50
2012.06.19 11:38:13.844,1.03858,1.03879,2.25,1.50
2012.06.19 11:38:14.032,1.0386,1.03879,2.10,1.50
2012.06.19 11:38:14.582,1.03867,1.03887,2.18,2.25
2012.06.19 11:38:16.081,1.03867,1.03887,2.18,2.25
2012.06.19 11:38:16.500,1.03867,1.03885,2.18,1.50
2012.06.19 11:38:16.573,1.03859,1.03884,1.96,1.50
2012.06.19 11:38:16.697,1.03858,1.03881,5.71,1.50
2012.06.19 11:38:17.237,1.03858,1.03881,3.75,2.25
2012.06.19 11:38:17.307,1.0386,1.03883,1.50,2.25
2012.06.19 11:38:18.627,1.0386,1.03883,1.50,2.25
2012.06.19 11:38:18.818,1.03858,1.03881,3.75,2.25
2012.06.19 11:38:19.926,1.03858,1.03881,3.75,2.25
2012.06.19 11:38:20.627,1.03858,1.03878,2.25,1.50
2012.06.19 11:38:26.427,1.03858,1.03879,2.25,2.25
2012.06.19 11:38:26.936,1.03858,1.0388,2.25,1.50
2012.06.19 11:38:27.376,1.03855,1.0388,1.50,1.50
2012.06.19 11:38:27.507,1.03853,1.03878,3.16,1.50
2012.06.19 11:38:27.760,1.03853,1.03878,1.50,3.00
2012.06.19 11:38:27.832,1.03849,1.03874,1.66,1.50
2012.06.19 11:38:28.016,1.03849,1.03874,2.41,1.50
2012.06.19 11:38:28.451,1.03849,1.03874,1.50,2.25
2012.06.19 11:38:29.156,1.03849,1.03874,1.50,2.25
2012.06.19 11:38:30.635,1.03848,1.0387,1.50,1.50
2012.06.19 11:38:31.468,1.03849,1.03874,1.50,2.25
2012.06.19 11:38:32.287,1.03849,1.03874,1.50,2.25
2012.06.19 11:38:33.358,1.03849,1.03874,2.25,2.25
2012.06.19 11:38:33.677,1.03851,1.03876,2.41,1.50
2012.06.19 11:38:33.749,1.03854,1.03877,1.50,2.25
2012.06.19 11:38:34.280,1.03852,1.03875,3.16,1.50
2012.06.19 11:38:34.720,1.03853,1.03878,2.25,2.25
2012.06.19 11:38:35.271,1.03853,1.03878,1.50,2.25
2012.06.19 11:38:35.520,1.03852,1.03875,2.25,1.50
2012.06.19 11:38:36.049,1.03853,1.03878,1.50,4.88
2012.06.19 11:38:36.583,1.03852,1.03875,1.50,2.25
2012.06.19 11:38:36.655,1.03849,1.03874,2.10,1.50
2012.06.19 11:38:36.721,1.03847,1.03871,4.66,1.50
2012.06.19 11:38:37.268,1.03849,1.03874,1.50,2.25
2012.06.19 11:38:37.397,1.03847,1.03871,3.91,1.50
2012.06.19 11:38:37.757,1.03847,1.03869,2.41,1.50
2012.06.19 11:38:38.088,1.03843,1.03867,1.66,1.50
2012.06.19 11:38:38.279,1.03845,1.03869,1.50,2.25
2012.06.19 11:38:38.641,1.03844,1.03866,1.66,1.50
2012.06.19 11:38:39.061,1.03848,1.03868,2.25,2.25
2012.06.19 11:38:40.045,1.03848,1.0387,3.75,2.25
2012.06.19 11:38:40.497,1.03848,1.0387,3.75,2.25
2012.06.19 11:38:41.378,1.03848,1.0387,3.75,2.25
2012.06.19 11:38:41.936,1.03848,1.0387,3.75,2.25
2012.06.19 11:38:42.316,1.03848,1.0387,3.75,1.50
2012.06.19 11:38:42.719,1.0385,1.03873,1.50,2.25
2012.06.19 11:38:43.060,1.03848,1.03871,2.85,1.50
2012.06.19 11:38:43.698,1.03848,1.0387,3.75,1.50
2012.06.19 11:38:43.828,1.03848,1.03866,2.25,1.50
2012.06.19 11:38:43.957,1.03848,1.03869,2.25,3.00
2012.06.19 11:38:44.278,1.03848,1.03871,2.25,3.75
2012.06.19 11:38:44.408,1.03846,1.03868,2.25,2.25
2012.06.19 11:38:44.861,1.03848,1.0387,1.50,2.25
2012.06.19 11:38:45.687,1.03848,1.0387,1.50,2.25
2012.06.19 11:38:46.559,1.03845,1.03869,2.25,2.25
2012.06.19 11:38:46.940,1.03844,1.03866,3.60,1.50
2012.06.19 11:38:47.131,1.03845,1.03868,1.50,1.50
2012.06.19 11:38:47.379,1.03845,1.03869,1.50,2.25
2012.06.19 11:38:47.631,1.03848,1.03869,2.25,2.25
2012.06.19 11:38:49.307,1.03848,1.0387,3.75,2.25
2012.06.19 11:38:49.748,1.03848,1.0387,2.10,2.25
2012.06.19 11:38:49.888,1.0385,1.03872,2.10,3.75
2012.06.19 11:38:50.409,1.03851,1.03874,1.50,2.63
2012.06.19 11:38:50.596,1.03851,1.03874,3.60,1.13
2012.06.19 11:38:50.908,1.03858,1.03877,2.25,1.50
2012.06.19 11:38:51.040,1.03852,1.03877,1.66,3.00
2012.06.19 11:38:51.109,1.03852,1.03874,1.50,1.13
2012.06.19 11:38:51.178,1.0385,1.03874,1.66,1.13
2012.06.19 11:38:51.308,1.03852,1.03875,1.50,1.13
2012.06.19 11:38:52.339,1.03851,1.03874,1.50,2.63
2012.06.19 11:38:52.686,1.03849,1.03871,1.66,1.50
2012.06.19 11:38:52.859,1.03851,1.03874,1.50,4.13
2012.06.19 11:38:55.374,1.03851,1.03874,1.50,1.88
2012.06.19 11:38:55.699,1.03849,1.03871,3.16,1.50
2012.06.19 11:38:55.830,1.0385,1.03873,1.66,1.50
2012.06.19 11:38:56.086,1.03849,1.03871,1.66,1.50
2012.06.19 11:38:56.277,1.03848,1.0387,1.50,1.50
2012.06.19 11:38:56.836,1.03847,1.0387,2.25,2.25
2012.06.19 11:38:57.719,1.03846,1.03869,2.41,1.50
2012.06.19 11:38:58.088,1.03848,1.03872,1.50,2.25
2012.06.19 11:38:58.648,1.03848,1.03872,1.50,2.25
2012.06.19 11:38:59.315,1.03847,1.0387,2.25,1.50
2012.06.19 11:39:00.112,1.03855,1.03873,1.50,1.13
2012.06.19 11:39:00.369,1.03853,1.03874,1.50,3.38
2012.06.19 11:39:00.619,1.03853,1.03869,1.50,1.50
2012.06.19 11:39:00.688,1.03847,1.03869,1.50,1.50
2012.06.19 11:39:06.338,1.03845,1.03867,1.66,1.50
2012.06.19 11:39:06.860,1.03845,1.03867,1.50,2.25
2012.06.19 11:39:07.179,1.03843,1.03865,1.50,1.50
2012.06.19 11:39:07.246,1.03844,1.03868,1.50,3.00
2012.06.19 11:39:07.911,1.03844,1.03868,1.50,3.00
2012.06.19 11:39:08.116,1.03842,1.03866,2.26,2.25
2012.06.19 11:39:08.657,1.03844,1.03867,1.50,2.25
2012.06.19 11:39:09.249,1.03844,1.03868,1.50,3.00
2012.06.19 11:39:09.688,1.03842,1.03866,3.01,2.25
2012.06.19 11:39:09.757,1.03847,1.03869,1.50,2.25
2012.06.19 11:39:10.077,1.03848,1.03872,1.50,2.63
2012.06.19 11:39:10.760,1.03847,1.03869,3.75,1.50
2012.06.19 11:39:12.739,1.03849,1.03871,2.10,2.25
2012.06.19 11:39:13.212,1.03851,1.03872,1.50,1.13
2012.06.19 11:39:13.717,1.03848,1.03872,2.10,2.63
2012.06.19 11:39:14.418,1.03848,1.03872,2.10,2.63
2012.06.19 11:39:15.080,1.03848,1.03872,2.10,2.63
2012.06.19 11:39:15.738,1.03848,1.03872,2.10,2.63
2012.06.19 11:39:18.067,1.03848,1.03872,2.10,2.63
2012.06.19 11:39:19.657,1.03848,1.03872,1.50,2.63
2012.06.19 11:39:21.013,1.03847,1.03869,4.35,2.25
2012.06.19 11:39:21.398,1.03847,1.03869,5.10,1.50
2012.06.19 11:39:21.709,1.03858,1.03875,2.25,1.13
2012.06.19 11:39:21.903,1.03848,1.03869,3.91,1.50
2012.06.19 11:39:21.970,1.03848,1.03869,2.25,1.50
2012.06.19 11:39:22.041,1.03849,1.03871,1.88,2.25
2012.06.19 11:39:22.290,1.03851,1.03872,1.50,1.13
2012.06.19 11:39:22.452,1.03848,1.03872,5.25,2.63
2012.06.19 11:39:22.997,1.0385,1.03871,1.50,1.13
2012.06.19 11:39:24.778,1.03851,1.03871,1.50,1.13
2012.06.19 11:39:25.655,1.0385,1.03871,1.50,1.13
2012.06.19 11:39:25.908,1.03848,1.0387,2.25,1.50
2012.06.19 11:39:26.161,1.03852,1.03872,1.88,1.13
2012.06.19 11:39:26.471,1.03857,1.03873,3.75,1.13
2012.06.19 11:39:26.599,1.03851,1.03873,2.26,1.13
2012.06.19 11:39:26.849,1.03852,1.03876,2.26,1.50
2012.06.19 11:39:26.920,1.03852,1.03876,1.66,1.50
2012.06.19 11:39:26.988,1.03852,1.03876,1.66,2.25
2012.06.19 11:39:27.359,1.0385,1.03873,1.50,1.50
2012.06.19 11:39:28.058,1.03855,1.03873,1.50,1.50
2012.06.19 11:39:30.394,1.03855,1.03875,2.10,1.50
2012.06.19 11:39:30.463,1.03855,1.03876,2.10,1.13
2012.06.19 11:39:31.010,1.03858,1.03876,1.50,1.13
2012.06.19 11:39:31.081,1.03858,1.03881,1.66,1.88
2012.06.19 11:39:31.584,1.03857,1.03879,2.79,1.88
2012.06.19 11:39:34.664,1.03857,1.03879,2.79,1.88
2012.06.19 11:39:35.187,1.03857,1.03879,2.41,1.50
2012.06.19 11:39:35.561,1.03857,1.03877,2.41,1.50
2012.06.19 11:39:35.750,1.03857,1.03879,2.41,1.50
2012.06.19 11:39:36.252,1.03857,1.03879,2.41,1.50
2012.06.19 11:39:36.789,1.03857,1.03879,2.41,1.50
2012.06.19 11:39:37.295,1.03857,1.03879,2.41,2.25
2012.06.19 11:39:38.074,1.03857,1.03879,2.41,1.50
2012.06.19 11:39:38.139,1.03857,1.03874,2.41,1.50
2012.06.19 11:39:38.450,1.03848,1.03873,2.04,1.50
2012.06.19 11:39:38.829,1.03852,1.03875,1.50,1.50
2012.06.19 11:39:39.238,1.03851,1.03873,1.29,1.50
2012.06.19 11:39:39.787,1.03851,1.03876,2.04,1.50
2012.06.19 11:39:40.341,1.03851,1.03876,2.04,1.50
2012.06.19 11:39:40.933,1.03852,1.03875,1.50,1.50
2012.06.19 11:39:42.156,1.03853,1.03878,1.50,2.63
2012.06.19 11:39:42.234,1.03852,1.03875,1.66,1.50
2012.06.19 11:39:42.792,1.03855,1.03878,1.50,1.88
2012.06.19 11:39:43.106,1.03857,1.03874,1.50,1.50
2012.06.19 11:39:43.180,1.03848,1.03871,1.66,1.50
2012.06.19 11:39:43.250,1.03848,1.03871,2.41,1.50
2012.06.19 11:39:43.393,1.03849,1.03874,2.41,1.50
2012.06.19 11:39:43.638,1.03851,1.03876,2.41,1.50
2012.06.19 11:39:44.119,1.03855,1.0388,1.50,2.25
2012.06.19 11:39:44.428,1.03855,1.03878,2.25,1.13
2012.06.19 11:39:44.870,1.03859,1.03878,1.50,1.13
2012.06.19 11:39:45.352,1.03861,1.03886,2.25,2.25
2012.06.19 11:39:45.421,1.03861,1.03886,2.25,2.25
2012.06.19 11:39:46.601,1.03861,1.03886,2.25,2.25
2012.06.19 11:39:46.778,1.03857,1.03882,4.66,1.50
2012.06.19 11:39:46.849,1.03857,1.03882,4.50,2.25
2012.06.19 11:39:47.159,1.03862,1.03885,1.50,2.25
2012.06.19 11:39:47.348,1.03862,1.03885,1.50,2.25
2012.06.19 11:39:47.599,1.0386,1.03883,1.66,1.50
2012.06.19 11:39:48.221,1.03857,1.03882,5.26,1.50
2012.06.19 11:39:48.863,1.03857,1.03882,5.26,1.50
2012.06.19 11:39:49.530,1.03857,1.03882,5.26,1.50
2012.06.19 11:39:50.492,1.03852,1.03875,1.29,1.50
2012.06.19 11:39:50.564,1.03855,1.03878,1.50,2.25
2012.06.19 11:39:50.630,1.03858,1.03878,2.25,1.50
2012.06.19 11:39:50.697,1.03858,1.03881,2.25,2.25
2012.06.19 11:39:50.888,1.0386,1.03883,1.50,2.25
2012.06.19 11:39:51.891,1.0386,1.03883,1.50,2.25
2012.06.19 11:39:52.152,1.0386,1.03883,1.50,2.25
2012.06.19 11:39:52.409,1.03858,1.03881,5.41,1.50
2012.06.19 11:39:52.763,1.0386,1.03883,1.50,3.00
2012.06.19 11:39:53.274,1.03858,1.03881,5.25,1.50
2012.06.19 11:39:53.393,1.0386,1.03883,1.50,3.00
2012.06.19 11:39:54.333,1.03861,1.03884,1.50,1.13
2012.06.19 11:39:54.698,1.03858,1.03881,1.66,1.50
2012.06.19 11:39:54.828,1.03861,1.03883,1.50,1.50
2012.06.19 11:39:55.352,1.03859,1.03884,3.00,2.25
2012.06.19 11:39:55.971,1.03862,1.03885,1.50,2.25
2012.06.19 11:39:56.631,1.03862,1.03885,1.50,2.25
2012.06.19 11:39:57.058,1.03859,1.03884,1.50,2.25
2012.06.19 11:39:57.562,1.03858,1.03881,3.91,1.50
2012.06.19 11:40:00.059,1.03859,1.03884,1.50,3.00
2012.06.19 11:40:01.379,1.03859,1.03884,1.50,3.00
2012.06.19 11:40:03.060,1.03859,1.03884,1.50,3.00
2012.06.19 11:40:04.008,1.03859,1.03884,1.50,3.00
2012.06.19 11:40:04.526,1.03859,1.03882,1.50,1.50
2012.06.19 11:40:04.898,1.03858,1.03882,2.25,1.50
2012.06.19 11:40:05.336,1.03858,1.03877,2.41,1.50
2012.06.19 11:40:05.538,1.03856,1.03879,1.50,2.25
2012.06.19 11:40:05.668,1.03852,1.03875,1.66,1.50
2012.06.19 11:40:06.109,1.03854,1.03877,1.66,1.50
2012.06.19 11:40:06.642,1.03855,1.03879,1.66,2.25
2012.06.19 11:40:07.198,1.03858,1.03879,2.25,1.50
2012.06.19 11:40:07.729,1.03857,1.03882,1.50,2.25
2012.06.19 11:40:07.978,1.03853,1.03878,1.66,1.50
2012.06.19 11:40:08.469,1.03853,1.03878,1.50,3.00
2012.06.19 11:40:08.849,1.03852,1.03873,1.50,1.50
2012.06.19 11:40:09.352,1.03848,1.0387,1.50,1.50
2012.06.19 11:40:09.421,1.0385,1.03873,1.50,3.00
2012.06.19 11:40:10.006,1.0385,1.03873,1.50,3.00
2012.06.19 11:40:11.378,1.0385,1.03873,1.50,3.00
2012.06.19 11:40:11.885,1.0385,1.03873,1.50,2.25
2012.06.19 11:40:13.147,1.03851,1.03876,1.50,2.25
2012.06.19 11:40:13.358,1.03849,1.03874,1.50,2.25
2012.06.19 11:40:13.492,1.03851,1.03874,1.35,2.25
2012.06.19 11:40:13.802,1.03858,1.03876,2.25,1.50
2012.06.19 11:40:13.990,1.03858,1.03881,3.75,1.50
2012.06.19 11:40:14.134,1.0386,1.03883,1.50,2.25
2012.06.19 11:40:14.761,1.03858,1.03881,5.25,1.50
2012.06.19 11:40:15.799,1.03859,1.03884,1.50,2.78
2012.06.19 11:40:16.141,1.03861,1.03884,1.50,1.28
2012.06.19 11:40:16.660,1.03861,1.03884,1.50,1.28
2012.06.19 11:40:16.731,1.03859,1.03884,1.50,2.78
2012.06.19 11:40:17.270,1.03859,1.03884,1.50,2.78
2012.06.19 11:40:17.400,1.03861,1.03884,2.25,1.28
2012.06.19 11:40:17.711,1.03861,1.03886,2.41,2.03
2012.06.19 11:40:18.048,1.03861,1.03886,2.41,2.03
2012.06.19 11:40:18.488,1.03864,1.03888,2.25,1.28
2012.06.19 11:40:19.039,1.03862,1.03887,2.41,2.78
2012.06.19 11:40:19.147,1.03862,1.03887,2.41,2.78
2012.06.19 11:40:19.279,1.03867,1.03887,2.93,1.28
2012.06.19 11:40:19.829,1.03867,1.03887,2.93,1.28
2012.06.19 11:40:20.331,1.03862,1.03885,1.29,2.03
2012.06.19 11:40:20.400,1.0386,1.03884,2.25,1.28
2012.06.19 11:40:20.529,1.03859,1.03884,2.25,2.78
2012.06.19 11:40:20.722,1.03866,1.03886,1.13,1.28
2012.06.19 11:40:21.152,1.03868,1.03891,1.88,2.03
2012.06.19 11:40:21.223,1.03868,1.03891,1.88,1.50
2012.06.19 11:40:21.291,1.03868,1.03891,2.48,2.25
2012.06.19 11:40:21.363,1.03868,1.03891,2.48,2.25
2012.06.19 11:40:21.431,1.03866,1.03889,2.64,1.50
2012.06.19 11:40:21.750,1.03869,1.03888,1.13,2.03
2012.06.19 11:40:22.190,1.03867,1.03892,5.56,2.03
2012.06.19 11:40:22.741,1.03867,1.03892,5.56,2.03
2012.06.19 11:40:22.942,1.03868,1.03892,1.29,2.03
2012.06.19 11:40:23.011,1.03867,1.03892,4.81,2.03
2012.06.19 11:40:23.378,1.03868,1.03892,1.29,2.03
2012.06.19 11:40:23.559,1.03867,1.03892,4.81,2.03
2012.06.19 11:40:24.316,1.03868,1.03892,1.89,2.03
2012.06.19 11:40:24.747,1.03869,1.03892,2.25,1.50
2012.06.19 11:40:24.817,1.03875,1.03895,1.50,2.25
2012.06.19 11:40:25.129,1.0388,1.03897,1.50,2.25
2012.06.19 11:40:25.272,1.03881,1.03901,1.50,1.13
2012.06.19 11:40:25.342,1.03876,1.039,1.50,1.50
2012.06.19 11:40:25.470,1.03877,1.03898,2.18,1.50
2012.06.19 11:40:25.610,1.03877,1.039,2.18,1.50
2012.06.19 11:40:25.679,1.03879,1.039,2.10,1.50
2012.06.19 11:40:25.990,1.03884,1.03907,1.50,1.13
2012.06.19 11:40:26.337,1.03883,1.03905,2.10,1.50
2012.06.19 11:40:26.686,1.03881,1.03903,1.50,1.50
2012.06.19 11:40:26.997,1.03879,1.03901,1.66,1.50
2012.06.19 11:40:27.310,1.03888,1.03907,2.18,2.63
2012.06.19 11:40:27.742,1.03884,1.03908,1.66,2.25
2012.06.19 11:40:27.930,1.03883,1.03905,2.26,1.50
2012.06.19 11:40:28.060,1.03885,1.03907,1.66,1.50
2012.06.19 11:40:28.518,1.03885,1.03907,1.50,1.50
2012.06.19 11:40:28.589,1.03881,1.03903,1.66,1.50
2012.06.19 11:40:29.154,1.03882,1.03906,1.50,2.25
2012.06.19 11:40:29.931,1.03884,1.03906,2.10,1.50
2012.06.19 11:40:30.247,1.0389,1.03912,1.50,2.63
2012.06.19 11:40:30.678,1.03897,1.0391,2.18,1.50
2012.06.19 11:40:30.893,1.03897,1.03912,2.18,1.50
2012.06.19 11:40:31.022,1.03888,1.0391,3.91,1.50
2012.06.19 11:40:31.548,1.03887,1.03911,3.68,1.50
2012.06.19 11:40:32.078,1.03887,1.03909,2.18,1.50
2012.06.19 11:40:32.389,1.03897,1.03915,2.18,1.88
2012.06.19 11:40:32.521,1.03895,1.03918,1.50,4.88
2012.06.19 11:40:32.649,1.03892,1.03912,1.50,1.88
2012.06.19 11:40:32.719,1.03888,1.03912,4.81,1.88
2012.06.19 11:40:32.908,1.03891,1.03913,1.13,1.13
2012.06.19 11:40:33.218,1.03897,1.03918,2.18,1.13
2012.06.19 11:40:33.587,1.03894,1.03918,3.16,1.13
2012.06.19 11:40:33.718,1.03894,1.03918,2.41,1.13
2012.06.19 11:40:34.059,1.03898,1.03919,2.18,2.63
2012.06.19 11:40:34.667,1.03898,1.03919,4.05,1.13
2012.06.19 11:40:35.885,1.039,1.03918,1.50,1.13
2012.06.19 11:40:36.021,1.03898,1.03919,2.18,1.88
2012.06.19 11:40:36.269,1.03908,1.03918,2.18,1.13
2012.06.19 11:40:36.519,1.03908,1.03923,2.18,1.39
2012.06.19 11:40:37.079,1.03908,1.03922,2.18,1.39
2012.06.19 11:40:37.151,1.03899,1.03921,1.88,1.50
2012.06.19 11:40:37.339,1.03898,1.03922,2.18,3.04
2012.06.19 11:40:37.471,1.03898,1.03915,2.18,1.50
2012.06.19 11:40:37.600,1.03896,1.03917,1.50,1.50
2012.06.19 11:40:37.919,1.03898,1.03917,1.50,1.50
2012.06.19 11:40:38.288,1.0389,1.03915,1.51,1.50
2012.06.19 11:40:38.360,1.0389,1.03915,1.51,1.50
2012.06.19 11:40:38.427,1.03892,1.03915,2.10,1.50
2012.06.19 11:40:38.738,1.03893,1.03917,2.10,1.50
2012.06.19 11:40:38.810,1.03892,1.03915,2.10,1.50
2012.06.19 11:40:38.877,1.0389,1.03915,1.29,1.50
2012.06.19 11:40:39.551,1.03889,1.03912,1.66,1.50
2012.06.19 11:40:40.181,1.03889,1.03912,1.66,1.50
2012.06.19 11:40:40.697,1.03889,1.03912,1.66,1.50
2012.06.19 11:40:41.688,1.03887,1.03912,2.94,1.50
2012.06.19 11:40:42.019,1.03887,1.03909,2.94,1.50
2012.06.19 11:40:42.267,1.03887,1.03909,2.34,1.50
2012.06.19 11:40:42.548,1.03887,1.03911,2.34,1.50
2012.06.19 11:40:43.494,1.03887,1.03911,2.34,1.50
2012.06.19 11:40:44.405,1.03887,1.03911,3.09,1.50
2012.06.19 11:40:45.108,1.03887,1.03911,2.34,1.50
2012.06.19 11:40:45.867,1.03887,1.03911,2.94,1.50
2012.06.19 11:40:45.938,1.03889,1.03911,1.35,1.50
2012.06.19 11:40:46.457,1.0389,1.03914,2.25,2.25
2012.06.19 11:40:46.649,1.0389,1.03914,1.50,2.25
2012.06.19 11:40:46.777,1.03888,1.03913,1.66,2.25
2012.06.19 11:40:47.118,1.03888,1.03913,2.41,2.25
2012.06.19 11:40:47.308,1.0389,1.03914,2.41,1.50
2012.06.19 11:40:47.381,1.03892,1.03917,2.79,2.25
2012.06.19 11:40:47.448,1.03894,1.0392,1.50,2.25
2012.06.19 11:40:47.818,1.03891,1.03916,1.66,1.50
2012.06.19 11:40:48.192,1.0389,1.03914,2.41,1.50
2012.06.19 11:40:49.405,1.0389,1.03914,2.41,1.50
2012.06.19 11:40:50.252,1.0389,1.03914,2.41,1.50
2012.06.19 11:40:51.113,1.03891,1.03916,2.41,1.50
2012.06.19 11:40:51.520,1.03891,1.03914,3.01,1.50
2012.06.19 11:40:51.605,1.03891,1.03914,3.01,1.50
2012.06.19 11:40:51.744,1.03892,1.03916,1.66,1.50
2012.06.19 11:40:54.365,1.03892,1.03916,1.66,1.50
2012.06.19 11:40:55.454,1.03893,1.03918,1.50,2.25
2012.06.19 11:40:56.169,1.03892,1.03915,1.66,1.50
2012.06.19 11:40:57.094,1.03892,1.03915,2.41,1.50
2012.06.19 11:40:57.537,1.03891,1.03913,1.51,1.50
2012.06.19 11:40:57.709,1.03891,1.03915,1.51,1.50
2012.06.19 11:40:58.138,1.03892,1.03917,2.41,2.25
2012.06.19 11:40:58.208,1.03891,1.03915,1.51,1.50
2012.06.19 11:40:58.917,1.03891,1.03913,1.51,1.50
2012.06.19 11:40:59.777,1.03891,1.03913,1.51,1.50
2012.06.19 11:41:00.361,1.03891,1.03914,1.51,1.50
2012.06.19 11:41:00.669,1.03881,1.03903,1.66,1.50
2012.06.19 11:41:00.739,1.03879,1.03903,2.41,1.50
2012.06.19 11:41:00.986,1.0388,1.03905,1.66,1.50
2012.06.19 11:41:01.507,1.0388,1.03906,1.66,2.25
2012.06.19 11:41:02.428,1.0388,1.03903,1.66,1.50
2012.06.19 11:41:02.877,1.03881,1.03906,1.66,3.75
2012.06.19 11:41:03.486,1.03884,1.03907,1.50,3.75
2012.06.19 11:41:03.564,1.03882,1.03906,1.50,1.50
2012.06.19 11:41:03.750,1.03881,1.03904,1.66,1.50
2012.06.19 11:41:04.527,1.03879,1.03902,2.41,1.50
2012.06.19 11:41:05.018,1.03879,1.03902,1.50,2.18
2012.06.19 11:41:05.088,1.0388,1.03902,2.10,1.50
2012.06.19 11:41:05.280,1.03882,1.03905,2.10,1.50
2012.06.19 11:41:05.348,1.03884,1.03907,2.26,3.00
2012.06.19 11:41:05.713,1.0388,1.03906,3.16,2.25
2012.06.19 11:41:06.510,1.03883,1.03906,1.50,2.25
2012.06.19 11:41:06.819,1.0388,1.03906,1.66,1.50
2012.06.19 11:41:06.947,1.03883,1.03906,1.50,1.50
2012.06.19 11:41:07.077,1.0388,1.03905,3.91,1.50
2012.06.19 11:41:07.299,1.03879,1.03902,3.76,1.50
2012.06.19 11:41:07.788,1.0388,1.03905,1.66,3.00
2012.06.19 11:41:08.003,1.03883,1.03906,1.50,1.50
2012.06.19 11:41:08.473,1.03881,1.03905,1.66,1.50
2012.06.19 11:41:08.869,1.03888,1.03905,2.18,1.50
2012.06.19 11:41:08.999,1.03888,1.03907,2.18,2.25
2012.06.19 11:41:09.069,1.03882,1.03907,1.50,2.25
2012.06.19 11:41:09.328,1.0388,1.03903,2.04,1.50
2012.06.19 11:41:10.181,1.0388,1.03903,1.66,1.50
2012.06.19 11:41:10.721,1.0388,1.03903,1.66,2.25
2012.06.19 11:41:11.038,1.03878,1.03901,2.34,1.50
2012.06.19 11:41:11.108,1.03878,1.03903,3.84,2.25
2012.06.19 11:41:11.751,1.03879,1.03903,1.66,2.25
2012.06.19 11:41:12.366,1.03878,1.03902,2.34,1.50
2012.06.19 11:41:14.917,1.03878,1.03902,2.34,1.50
2012.06.19 11:41:15.416,1.03881,1.03902,2.26,1.50
2012.06.19 11:41:15.490,1.03881,1.03904,2.26,2.25
2012.06.19 11:41:15.559,1.03888,1.03905,2.18,2.25
2012.06.19 11:41:15.688,1.03888,1.03908,2.18,1.50
2012.06.19 11:41:15.759,1.03888,1.03908,2.78,1.50
2012.06.19 11:41:16.090,1.03887,1.0391,2.18,2.25
2012.06.19 11:41:16.921,1.03887,1.0391,2.18,1.50
2012.06.19 11:41:17.459,1.03888,1.03911,1.50,1.50
2012.06.19 11:41:17.528,1.03891,1.03913,1.50,2.25
2012.06.19 11:41:18.290,1.0389,1.03912,1.51,1.50
2012.06.19 11:41:18.361,1.03892,1.03916,2.04,2.25
2012.06.19 11:41:18.429,1.03898,1.03914,2.18,1.50
2012.06.19 11:41:18.737,1.03888,1.0391,2.94,1.50
2012.06.19 11:41:19.166,1.03888,1.0391,2.94,1.50
2012.06.19 11:41:19.309,1.0389,1.03913,2.64,1.50
2012.06.19 11:41:19.378,1.03902,1.03913,2.10,1.50
2012.06.19 11:41:19.510,1.03902,1.03915,2.10,1.50
2012.06.19 11:41:19.577,1.03902,1.03919,2.10,1.13
2012.06.19 11:41:20.134,1.03902,1.03918,2.10,1.13
2012.06.19 11:41:20.378,1.039,1.03919,2.10,1.13
2012.06.19 11:41:21.149,1.03905,1.03919,2.10,1.13
2012.06.19 11:41:21.519,1.039,1.0392,2.10,1.88
2012.06.19 11:41:21.589,1.03897,1.0392,2.94,1.88
2012.06.19 11:41:21.893,1.039,1.03923,1.50,1.72
2012.06.19 11:41:23.098,1.03901,1.03923,2.10,1.72
2012.06.19 11:41:23.406,1.03908,1.03924,2.18,1.13
2012.06.19 11:41:24.079,1.03897,1.03921,2.34,1.88
2012.06.19 11:41:25.278,1.039,1.03918,2.10,1.13
2012.06.19 11:41:25.348,1.03897,1.03918,5.19,1.13
2012.06.19 11:41:27.326,1.03897,1.03919,2.18,1.13
2012.06.19 11:41:27.403,1.03897,1.03902,2.18,1.50
2012.06.19 11:41:27.469,1.03891,1.03902,1.66,1.50
2012.06.19 11:41:27.540,1.03891,1.03912,1.29,1.50
2012.06.19 11:41:27.728,1.03894,1.03919,1.88,1.13
2012.06.19 11:41:27.799,1.03894,1.03918,2.48,1.13
2012.06.19 11:41:28.830,1.03893,1.03919,2.48,3.38
2012.06.19 11:41:29.147,1.0389,1.03914,1.66,2.25
2012.06.19 11:41:29.457,1.03888,1.0391,1.14,1.50
2012.06.19 11:41:29.767,1.03888,1.03913,2.64,3.75
2012.06.19 11:41:30.368,1.03888,1.03913,2.64,2.25
2012.06.19 11:41:30.437,1.03888,1.03913,2.64,2.25
2012.06.19 11:41:31.233,1.03888,1.03913,2.64,2.25
2012.06.19 11:41:32.216,1.03888,1.03913,2.64,2.25
2012.06.19 11:41:32.757,1.03888,1.03909,1.88,1.50
2012.06.19 11:41:32.929,1.03886,1.03908,3.00,1.50
2012.06.19 11:41:33.342,1.03886,1.03908,1.50,2.25
2012.06.19 11:41:33.818,1.03884,1.03906,1.66,2.25
2012.06.19 11:41:34.138,1.03891,1.03909,1.50,2.25
2012.06.19 11:41:34.461,1.03891,1.0391,2.10,2.25
2012.06.19 11:41:34.771,1.03897,1.03913,2.18,2.25
2012.06.19 11:41:35.081,1.03891,1.03909,2.10,2.25
2012.06.19 11:41:35.210,1.03887,1.03909,4.59,1.50
2012.06.19 11:41:35.341,1.03887,1.03909,4.28,2.25
2012.06.19 11:41:35.774,1.03887,1.03907,2.18,1.50
2012.06.19 11:41:35.845,1.03887,1.0391,2.18,1.50
2012.06.19 11:41:36.378,1.03887,1.0391,2.18,2.25
2012.06.19 11:41:37.948,1.03888,1.03911,1.50,1.50
2012.06.19 11:41:38.079,1.0389,1.03912,1.50,2.93
2012.06.19 11:41:38.629,1.03889,1.03911,1.50,1.50
2012.06.19 11:41:39.180,1.03888,1.0391,1.50,1.50
2012.06.19 11:41:39.642,1.0389,1.03912,1.50,2.25
2012.06.19 11:41:39.979,1.03888,1.0391,1.50,1.50
2012.06.19 11:41:40.119,1.0389,1.03912,1.50,2.25
2012.06.19 11:41:40.916,1.03888,1.0391,1.50,1.50
2012.06.19 11:41:41.751,1.03887,1.03909,2.18,1.50
2012.06.19 11:41:42.259,1.03888,1.0391,1.50,1.50
2012.06.19 11:41:42.568,1.03881,1.03905,4.29,1.50
2012.06.19 11:41:42.749,1.03881,1.03905,4.29,1.50
2012.06.19 11:41:43.240,1.03888,1.03906,2.18,1.50
2012.06.19 11:41:43.569,1.03888,1.03909,2.18,3.75
2012.06.19 11:41:44.210,1.03888,1.03907,2.18,1.50
2012.06.19 11:41:45.102,1.03888,1.03908,2.18,1.50
2012.06.19 11:41:46.568,1.03888,1.0391,3.68,3.75
2012.06.19 11:41:47.126,1.03888,1.03908,2.18,1.50
2012.06.19 11:41:47.196,1.03888,1.0391,2.18,1.50
2012.06.19 11:41:47.408,1.03888,1.03908,2.18,1.50
2012.06.19 11:41:47.911,1.03888,1.03909,2.18,1.50
2012.06.19 11:41:48.360,1.03885,1.03907,1.50,1.50
2012.06.19 11:41:51.107,1.03883,1.03905,1.88,1.50
2012.06.19 11:41:51.417,1.03878,1.03901,1.14,1.50
2012.06.19 11:41:51.897,1.03879,1.03901,1.14,2.25
2012.06.19 11:41:52.089,1.03874,1.03896,2.04,1.50
2012.06.19 11:41:52.221,1.03873,1.03895,1.50,1.50
2012.06.19 11:41:52.411,1.03871,1.03893,1.66,1.50
2012.06.19 11:41:52.886,1.03876,1.03897,1.50,1.50
2012.06.19 11:41:52.961,1.03877,1.03898,1.50,3.00
2012.06.19 11:41:53.552,1.03876,1.03898,1.50,2.25
2012.06.19 11:41:54.131,1.03874,1.03897,1.50,1.50
2012.06.19 11:41:54.682,1.03876,1.03898,1.50,3.00
2012.06.19 11:41:55.128,1.03876,1.03898,1.50,2.85
2012.06.19 11:41:55.197,1.03873,1.03894,1.66,2.25
2012.06.19 11:41:55.630,1.03874,1.03896,1.50,2.25
2012.06.19 11:41:55.697,1.03876,1.03898,1.50,3.00
2012.06.19 11:41:56.008,1.03878,1.03898,1.50,1.50
2012.06.19 11:41:56.136,1.03876,1.03898,1.50,1.50
2012.06.19 11:41:56.490,1.03878,1.03898,1.50,1.50
2012.06.19 11:41:56.988,1.03875,1.03898,3.00,1.50
2012.06.19 11:41:57.201,1.03877,1.03898,1.50,1.50
2012.06.19 11:41:58.103,1.03878,1.039,2.18,1.50
2012.06.19 11:41:58.470,1.03875,1.03897,3.00,1.13
2012.06.19 11:41:58.541,1.03875,1.03898,5.48,1.50
2012.06.19 11:41:58.849,1.03881,1.039,1.50,2.25
2012.06.19 11:41:59.213,1.03878,1.039,4.28,2.25
2012.06.19 11:41:59.904,1.03878,1.039,4.28,2.25
2012.06.19 11:42:00.507,1.03878,1.03898,2.78,1.50
2012.06.19 11:42:01.041,1.03878,1.039,4.28,2.25
2012.06.19 11:42:01.560,1.03875,1.03899,1.50,1.50
2012.06.19 11:42:02.731,1.03878,1.039,1.50,2.25
2012.06.19 11:42:03.154,1.03878,1.039,1.50,3.00
2012.06.19 11:42:03.222,1.03878,1.039,1.50,2.25
2012.06.19 11:42:03.420,1.03879,1.039,2.10,2.25
2012.06.19 11:42:03.743,1.03887,1.039,2.18,2.25
2012.06.19 11:42:03.928,1.03887,1.039,2.18,1.50
2012.06.19 11:42:04.060,1.03887,1.03902,2.18,1.50
2012.06.19 11:42:04.249,1.03881,1.03902,1.50,1.50
2012.06.19 11:42:04.324,1.03881,1.03905,1.50,1.50
2012.06.19 11:42:04.951,1.0388,1.03903,1.66,1.50
2012.06.19 11:42:05.258,1.03879,1.03902,1.50,2.93
2012.06.19 11:42:05.663,1.03877,1.03901,1.50,2.63
2012.06.19 11:42:05.736,1.03873,1.03897,2.41,1.50
2012.06.19 11:42:06.047,1.03878,1.03899,1.50,2.25
2012.06.19 11:42:06.118,1.03878,1.039,1.50,2.25
2012.06.19 11:42:06.621,1.03876,1.03898,2.10,1.50
2012.06.19 11:42:07.173,1.03876,1.03898,1.50,2.25
2012.06.19 11:42:07.239,1.03878,1.03899,1.50,1.50
2012.06.19 11:42:07.311,1.03875,1.03899,1.66,3.00
2012.06.19 11:42:09.540,1.03873,1.03897,1.66,1.50
2012.06.19 11:42:10.223,1.03875,1.03899,1.50,2.25
2012.06.19 11:42:10.303,1.03875,1.03898,1.50,1.50
2012.06.19 11:42:10.550,1.03873,1.03897,1.50,2.25
2012.06.19 11:42:10.828,1.03876,1.03898,1.50,3.00
2012.06.19 11:42:11.412,1.03875,1.03898,1.50,1.50
2012.06.19 11:42:11.960,1.03876,1.03898,1.50,4.50
2012.06.19 11:42:12.286,1.03874,1.03897,1.50,2.25
2012.06.19 11:42:12.417,1.03876,1.03898,1.50,3.00
2012.06.19 11:42:12.948,1.03874,1.03897,1.50,2.25
2012.06.19 11:42:13.396,1.03876,1.03898,1.50,4.50
2012.06.19 11:42:14.206,1.03876,1.03898,1.50,3.00
2012.06.19 11:42:14.627,1.03873,1.03895,3.00,1.50
2012.06.19 11:42:15.019,1.03871,1.03893,3.54,2.25
2012.06.19 11:42:15.520,1.03873,1.03895,1.50,2.25
2012.06.19 11:42:15.776,1.03871,1.03893,3.16,2.25
2012.06.19 11:42:16.308,1.03873,1.03895,1.50,2.25
2012.06.19 11:42:17.098,1.03872,1.03896,1.66,3.00
2012.06.19 11:42:17.520,1.03869,1.03891,2.04,1.50
2012.06.19 11:42:17.590,1.03868,1.03889,2.71,1.50
2012.06.19 11:42:17.859,1.03871,1.03893,1.50,3.00
2012.06.19 11:42:17.927,1.03869,1.03891,3.38,1.50
2012.06.19 11:42:18.378,1.03867,1.03889,1.50,1.50
2012.06.19 11:42:18.926,1.03868,1.03892,1.50,5.03
2012.06.19 11:42:19.780,1.0387,1.03892,1.50,3.53
2012.06.19 11:42:20.494,1.03869,1.03891,1.50,2.25
2012.06.19 11:42:21.649,1.03869,1.03885,1.50,2.10
2012.06.19 11:42:21.838,1.03866,1.03882,1.50,2.78
2012.06.19 11:42:21.971,1.03862,1.03882,2.48,2.18
2012.06.19 11:42:22.039,1.03862,1.03887,3.98,2.25
2012.06.19 11:42:22.228,1.03867,1.03889,1.50,1.50
2012.06.19 11:42:22.360,1.03868,1.03889,1.50,1.50
2012.06.19 11:42:22.940,1.03867,1.03889,1.50,3.00
2012.06.19 11:42:23.786,1.03869,1.03889,1.50,1.50
2012.06.19 11:42:24.941,1.03871,1.03891,2.10,2.25
2012.06.19 11:42:25.009,1.03871,1.03891,2.10,1.50
2012.06.19 11:42:25.082,1.03873,1.03894,2.10,1.50
2012.06.19 11:42:25.149,1.03876,1.03896,1.50,1.13
2012.06.19 11:42:25.278,1.03873,1.03897,2.10,2.63
2012.06.19 11:42:26.005,1.03867,1.03885,2.34,1.50
2012.06.19 11:42:26.072,1.03862,1.03885,1.50,2.25
2012.06.19 11:42:26.140,1.03862,1.03885,2.10,2.25
2012.06.19 11:42:26.467,1.03868,1.0389,3.68,2.25
2012.06.19 11:42:26.538,1.0387,1.03892,1.50,2.25
2012.06.19 11:42:26.809,1.03868,1.03891,3.68,2.25
2012.06.19 11:42:27.179,1.0387,1.03892,1.50,2.25
2012.06.19 11:42:27.309,1.03868,1.03891,2.18,2.25
2012.06.19 11:42:27.869,1.03869,1.03893,1.50,2.25
2012.06.19 11:42:30.682,1.03869,1.03893,1.50,2.25
2012.06.19 11:42:30.940,1.03868,1.03888,2.18,1.50
2012.06.19 11:42:31.011,1.03863,1.03888,1.66,3.00
2012.06.19 11:42:31.079,1.03862,1.03885,2.26,1.50
2012.06.19 11:42:31.329,1.03868,1.0389,1.88,2.25
2012.06.19 11:42:31.397,1.0387,1.03892,1.50,2.25
2012.06.19 11:42:32.257,1.03867,1.03891,4.05,2.25
2012.06.19 11:42:32.452,1.03864,1.03889,2.48,2.25
2012.06.19 11:42:32.802,1.03864,1.03889,2.64,2.25
2012.06.19 11:42:33.347,1.0387,1.03892,1.50,2.25
2012.06.19 11:42:34.480,1.0387,1.03892,1.50,2.25
2012.06.19 11:42:34.547,1.03868,1.0389,3.68,2.25
2012.06.19 11:42:34.948,1.0387,1.03892,1.50,2.25
2012.06.19 11:42:36.041,1.0387,1.03892,1.50,2.25
2012.06.19 11:42:37.478,1.03868,1.03891,2.18,2.25
2012.06.19 11:42:38.167,1.03869,1.03893,1.50,2.25
2012.06.19 11:42:38.719,1.03868,1.0389,5.55,2.25
2012.06.19 11:42:39.382,1.0387,1.03892,1.50,2.25
2012.06.19 11:42:40.456,1.03868,1.03891,4.05,2.25
2012.06.19 11:42:40.833,1.03865,1.03888,1.66,1.50
2012.06.19 11:42:41.141,1.03863,1.03886,1.88,1.50
2012.06.19 11:42:41.211,1.03863,1.03886,1.50,1.50
2012.06.19 11:42:41.411,1.03863,1.03886,1.88,2.25
2012.06.19 11:42:41.963,1.03862,1.03885,3.54,1.50
2012.06.19 11:42:42.371,1.03863,1.03888,2.04,2.25
2012.06.19 11:42:42.443,1.03861,1.03886,2.64,1.50
2012.06.19 11:42:42.763,1.03863,1.03888,2.04,3.75
2012.06.19 11:42:44.739,1.03866,1.03889,1.50,2.25
2012.06.19 11:42:45.207,1.03863,1.03888,3.54,1.50
2012.06.19 11:42:45.341,1.03864,1.03888,2.48,1.50
2012.06.19 11:42:45.658,1.03864,1.03886,2.48,1.50
2012.06.19 11:42:46.668,1.03864,1.03887,4.14,1.50
2012.06.19 11:42:48.071,1.03864,1.03887,2.04,1.50
2012.06.19 11:42:49.936,1.03862,1.03886,1.14,1.50
2012.06.19 11:42:50.178,1.03863,1.03888,2.04,3.75
2012.06.19 11:42:52.168,1.03863,1.03888,2.04,2.25
2012.06.19 11:42:52.828,1.03866,1.03889,1.50,2.25
2012.06.19 11:42:53.471,1.03866,1.03889,1.50,2.25
2012.06.19 11:42:53.970,1.03864,1.03887,1.88,1.50
2012.06.19 11:42:54.359,1.03863,1.03888,1.50,2.25
2012.06.19 11:42:54.680,1.03867,1.0389,1.50,2.25
2012.06.19 11:42:55.031,1.03865,1.03888,1.50,2.25
2012.06.19 11:42:55.164,1.03867,1.03889,1.50,1.50
2012.06.19 11:42:55.232,1.03867,1.0389,1.50,2.25
2012.06.19 11:42:55.359,1.0387,1.03891,1.50,1.35
2012.06.19 11:42:55.691,1.03873,1.03895,1.50,1.35
2012.06.19 11:42:56.237,1.03874,1.03895,3.00,1.35
2012.06.19 11:42:56.429,1.03871,1.03893,1.88,1.35
2012.06.19 11:42:56.678,1.0387,1.03892,1.66,2.10
2012.06.19 11:42:56.887,1.0387,1.03892,1.66,2.85
2012.06.19 11:42:57.092,1.03868,1.03889,2.55,2.25
2012.06.19 11:42:57.799,1.03868,1.03891,2.18,2.25
2012.06.19 11:42:58.301,1.03869,1.03892,1.88,1.35
2012.06.19 11:42:58.369,1.03867,1.03891,1.50,2.25
2012.06.19 11:42:58.502,1.03864,1.03889,1.50,2.25
2012.06.19 11:42:58.889,1.03868,1.0389,1.50,2.25
2012.06.19 11:42:59.198,1.03864,1.03889,1.50,1.50
2012.06.19 11:42:59.507,1.03865,1.03888,1.50,4.13
2012.06.19 11:42:59.578,1.03863,1.03886,1.50,1.50
2012.06.19 11:42:59.773,1.0386,1.03884,1.88,1.50
2012.06.19 11:43:00.080,1.03861,1.03884,2.63,3.75
2012.06.19 11:43:00.626,1.03861,1.03884,2.63,2.25
2012.06.19 11:43:01.421,1.03858,1.03883,2.48,2.25
2012.06.19 11:43:03.780,1.03864,1.03887,1.50,2.25
2012.06.19 11:43:04.557,1.03864,1.03886,1.50,2.25
2012.06.19 11:43:04.627,1.03861,1.03886,1.50,3.75
2012.06.19 11:43:04.902,1.03864,1.03886,1.50,2.25
2012.06.19 11:43:05.079,1.03862,1.03885,1.50,2.25
2012.06.19 11:43:05.812,1.03861,1.03886,1.50,2.25
2012.06.19 11:43:06.758,1.03864,1.03887,1.50,3.75
2012.06.19 11:43:07.277,1.03864,1.03887,1.50,2.25
2012.06.19 11:43:07.891,1.03864,1.03887,1.50,2.25
2012.06.19 11:43:08.220,1.0387,1.03892,1.50,2.85
2012.06.19 11:43:08.288,1.0387,1.03892,1.50,2.85
2012.06.19 11:43:08.359,1.03872,1.03892,1.50,3.53
2012.06.19 11:43:08.553,1.03869,1.03892,1.50,1.35
2012.06.19 11:43:08.682,1.03872,1.03892,2.10,3.53
2012.06.19 11:43:08.929,1.03874,1.03893,2.10,1.35
2012.06.19 11:43:09.001,1.03879,1.03893,1.50,1.35
2012.06.19 11:43:09.069,1.03879,1.03898,1.50,1.35
2012.06.19 11:43:09.263,1.03875,1.03899,1.50,2.85
2012.06.19 11:43:09.403,1.03879,1.03899,1.50,1.35
2012.06.19 11:43:09.534,1.03877,1.03899,1.50,2.85
2012.06.19 11:43:09.904,1.03879,1.03898,2.10,1.35
2012.06.19 11:43:10.211,1.03884,1.03898,1.50,1.35
2012.06.19 11:43:10.408,1.03881,1.03897,1.50,1.35
2012.06.19 11:43:11.092,1.03881,1.03897,1.50,1.35
2012.06.19 11:43:11.630,1.03881,1.03899,1.50,1.35
2012.06.19 11:43:12.184,1.0388,1.03899,2.10,1.35
2012.06.19 11:43:12.371,1.0388,1.03892,2.10,2.18
2012.06.19 11:43:12.502,1.03873,1.03892,1.80,2.18
2012.06.19 11:43:12.572,1.03878,1.03895,3.68,2.25
2012.06.19 11:43:12.891,1.03881,1.03897,1.50,1.35
2012.06.19 11:43:13.199,1.03877,1.03892,1.66,2.18
2012.06.19 11:43:13.672,1.03881,1.039,1.50,1.35
2012.06.19 11:43:14.169,1.03881,1.03903,1.50,5.78
2012.06.19 11:43:15.579,1.03881,1.03903,1.50,5.78
2012.06.19 11:43:15.899,1.03879,1.03902,1.50,1.35
2012.06.19 11:43:17.790,1.03879,1.03902,1.50,1.35
2012.06.19 11:43:18.158,1.03879,1.03892,1.50,2.18
2012.06.19 11:43:18.407,1.03876,1.03892,1.50,2.18
2012.06.19 11:43:18.479,1.03879,1.03892,1.50,2.18
2012.06.19 11:43:20.340,1.03877,1.03892,1.50,2.18
2012.06.19 11:43:21.688,1.03878,1.03892,1.50,2.18
2012.06.19 11:43:21.938,1.03876,1.03892,3.00,2.18
2012.06.19 11:43:22.503,1.03873,1.03892,1.50,2.18
2012.06.19 11:43:23.017,1.03872,1.03892,1.50,2.18
2012.06.19 11:43:23.278,1.03874,1.03892,1.50,2.18
2012.06.19 11:43:23.657,1.03876,1.03892,1.50,2.18
2012.06.19 11:43:23.927,1.03874,1.03892,1.50,2.18
2012.06.19 11:43:27.650,1.03873,1.03892,1.50,2.18
2012.06.19 11:43:27.840,1.03877,1.03892,1.50,2.18
2012.06.19 11:43:28.091,1.03874,1.03892,1.50,2.18
2012.06.19 11:43:28.856,1.03874,1.03892,1.50,2.93
2012.06.19 11:43:29.347,1.03876,1.03895,1.50,1.35
2012.06.19 11:43:29.418,1.03876,1.03895,1.50,1.35
2012.06.19 11:43:29.486,1.03874,1.03895,3.00,1.35
2012.06.19 11:43:29.857,1.03877,1.03895,1.50,1.35
2012.06.19 11:43:29.927,1.03875,1.03895,1.50,1.35
2012.06.19 11:43:30.237,1.03877,1.03895,1.50,1.35
2012.06.19 11:43:31.450,1.03877,1.03895,1.50,1.35
2012.06.19 11:43:31.998,1.03875,1.03895,1.50,1.35
2012.06.19 11:43:32.766,1.03875,1.03895,1.50,1.35
2012.06.19 11:43:33.749,1.03875,1.03895,1.50,1.35
2012.06.19 11:43:34.596,1.03877,1.03895,1.50,1.35
2012.06.19 11:43:34.729,1.03875,1.03895,1.50,1.35
2012.06.19 11:43:35.336,1.03876,1.03898,1.50,2.10
2012.06.19 11:43:35.883,1.03876,1.03898,2.10,1.35
2012.06.19 11:43:43.369,1.03875,1.03897,3.60,2.25
2012.06.19 11:43:44.322,1.03875,1.03897,3.60,2.25
2012.06.19 11:43:44.840,1.03875,1.03897,3.60,2.25
2012.06.19 11:43:46.331,1.03875,1.03897,1.50,2.25
2012.06.19 11:43:46.557,1.03872,1.03896,2.26,2.25
2012.06.19 11:43:46.978,1.03876,1.03898,1.50,1.50
2012.06.19 11:43:47.108,1.03874,1.03898,1.50,3.00
2012.06.19 11:43:47.649,1.03875,1.03897,1.50,2.25
2012.06.19 11:43:47.840,1.03877,1.03899,1.50,2.25
2012.06.19 11:43:48.229,1.03875,1.03898,1.50,2.25
2012.06.19 11:43:48.421,1.03872,1.03892,1.66,1.50
2012.06.19 11:43:48.909,1.03872,1.03894,2.10,1.50
2012.06.19 11:43:48.983,1.03874,1.03898,2.10,3.00
2012.06.19 11:43:49.109,1.03876,1.039,1.50,3.00
2012.06.19 11:43:49.610,1.03874,1.03898,2.26,2.25
2012.06.19 11:43:50.181,1.03877,1.03899,1.50,1.50
2012.06.19 11:43:52.032,1.03879,1.03901,1.50,2.25
2012.06.19 11:43:52.159,1.03876,1.03899,1.50,3.00
2012.06.19 11:43:52.580,1.03876,1.03896,1.50,1.50
2012.06.19 11:43:52.770,1.03876,1.03898,1.50,2.25
2012.06.19 11:43:53.278,1.03873,1.03897,2.26,1.50
2012.06.19 11:43:53.650,1.03875,1.03899,1.66,2.25
2012.06.19 11:43:53.901,1.03877,1.03901,1.50,2.25
2012.06.19 11:43:54.160,1.03875,1.03899,1.66,2.25
2012.06.19 11:43:54.288,1.03874,1.03896,2.26,1.50
2012.06.19 11:43:54.680,1.03876,1.03899,1.50,1.50
2012.06.19 11:43:54.748,1.03874,1.03898,2.26,1.50
2012.06.19 11:43:55.623,1.03874,1.03898,2.26,1.50
2012.06.19 11:43:56.189,1.03874,1.03898,2.26,1.50
2012.06.19 11:43:56.710,1.03874,1.03898,2.26,1.50
2012.06.19 11:43:58.028,1.03877,1.03899,1.50,2.25
2012.06.19 11:43:58.407,1.03874,1.03898,2.26,1.50
2012.06.19 11:44:00.391,1.03874,1.03898,2.10,2.25
2012.06.19 11:44:00.591,1.03877,1.03899,1.50,2.25
2012.06.19 11:44:00.947,1.03875,1.03897,1.50,2.25
2012.06.19 11:44:01.023,1.03877,1.03899,1.50,2.25
2012.06.19 11:44:01.269,1.03875,1.03897,3.00,2.25
2012.06.19 11:44:02.339,1.03876,1.039,1.50,2.25
2012.06.19 11:44:02.532,1.03874,1.03898,2.10,2.25
2012.06.19 11:44:02.850,1.03876,1.039,1.50,3.75
2012.06.19 11:44:03.158,1.03874,1.03898,2.10,2.25
2012.06.19 11:44:03.568,1.03877,1.03899,1.50,2.25
2012.06.19 11:44:03.879,1.03872,1.03892,1.35,1.50
2012.06.19 11:44:04.011,1.03872,1.03894,2.10,2.25
2012.06.19 11:44:04.603,1.03874,1.03896,2.10,2.25
2012.06.19 11:44:04.931,1.03876,1.03898,1.50,3.75
2012.06.19 11:44:05.523,1.03876,1.03898,1.50,2.25
2012.06.19 11:44:06.068,1.03876,1.03898,1.50,1.50
2012.06.19 11:44:08.237,1.03874,1.03897,2.10,1.50
2012.06.19 11:44:09.169,1.03875,1.03899,1.50,2.25
2012.06.19 11:44:09.748,1.03873,1.03897,2.26,1.50
2012.06.19 11:44:10.769,1.03876,1.03898,1.50,3.75
2012.06.19 11:44:11.020,1.03873,1.03897,2.26,1.50
2012.06.19 11:44:11.211,1.03878,1.03898,1.50,3.00
2012.06.19 11:44:11.522,1.03873,1.03893,2.10,2.93
2012.06.19 11:44:11.709,1.03872,1.03893,1.50,3.68
2012.06.19 11:44:12.142,1.03868,1.03892,2.26,3.68
2012.06.19 11:44:12.267,1.03868,1.03892,1.50,4.43
2012.06.19 11:44:12.953,1.03868,1.03892,1.50,4.43
2012.06.19 11:44:13.529,1.0387,1.03892,1.50,2.93
2012.06.19 11:44:13.838,1.03873,1.03892,1.50,2.18
2012.06.19 11:44:14.842,1.03871,1.03892,1.50,2.93
2012.06.19 11:44:15.351,1.03865,1.03889,1.66,1.50
2012.06.19 11:44:15.912,1.03868,1.0389,1.66,1.50
2012.06.19 11:44:16.347,1.03869,1.03893,1.50,5.18
2012.06.19 11:44:16.897,1.03869,1.03893,1.50,5.18
2012.06.19 11:44:17.390,1.03869,1.03892,1.50,1.50
2012.06.19 11:44:17.959,1.0387,1.03892,1.50,3.00
2012.06.19 11:44:18.267,1.03871,1.03893,1.50,2.93
2012.06.19 11:44:19.669,1.03871,1.03893,1.50,2.93
2012.06.19 11:44:20.247,1.03871,1.03893,1.50,2.93
2012.06.19 11:44:20.319,1.03869,1.03893,3.00,4.43
2012.06.19 11:44:20.389,1.03869,1.03892,1.50,1.50
2012.06.19 11:44:23.388,1.03867,1.03891,3.84,2.25
2012.06.19 11:44:23.838,1.03867,1.03888,2.34,2.25
2012.06.19 11:44:24.367,1.03868,1.0389,1.50,2.25
2012.06.19 11:44:26.408,1.03867,1.03888,2.18,2.25
2012.06.19 11:44:26.479,1.03863,1.03882,1.50,2.18
2012.06.19 11:44:26.550,1.03861,1.03882,2.10,2.18
2012.06.19 11:44:26.680,1.03859,1.03882,1.50,2.18
2012.06.19 11:44:27.258,1.0386,1.03882,1.50,2.18
2012.06.19 11:44:27.950,1.03858,1.03882,3.84,3.68
2012.06.19 11:44:28.342,1.03858,1.03882,2.34,4.43
2012.06.19 11:44:28.935,1.03858,1.03882,2.34,4.43
2012.06.19 11:44:29.609,1.03858,1.03882,2.34,4.43
2012.06.19 11:44:30.182,1.03858,1.03882,2.18,4.43
2012.06.19 11:44:31.400,1.03859,1.03882,1.50,2.93
2012.06.19 11:44:31.711,1.03859,1.03882,1.50,2.93
2012.06.19 11:44:31.969,1.03859,1.03879,1.50,1.50
2012.06.19 11:44:32.270,1.03857,1.03879,1.50,2.25
2012.06.19 11:44:32.819,1.03858,1.03881,1.50,2.25
2012.06.19 11:44:33.107,1.03855,1.0388,1.50,3.00
2012.06.19 11:44:33.548,1.03857,1.03879,1.50,1.50
2012.06.19 11:44:34.000,1.03854,1.03877,2.04,1.50
2012.06.19 11:44:34.520,1.03854,1.03877,3.16,1.50
2012.06.19 11:44:35.103,1.03855,1.0388,3.00,3.00
2012.06.19 11:44:35.409,1.03854,1.03872,1.50,2.18
2012.06.19 11:44:35.991,1.03853,1.03872,1.50,2.18
2012.06.19 11:44:36.116,1.03851,1.03872,1.50,2.18
2012.06.19 11:44:36.187,1.03853,1.03872,1.50,2.18
2012.06.19 11:44:36.751,1.03854,1.03872,1.50,2.18
2012.06.19 11:44:36.997,1.03852,1.03872,1.50,2.18
2012.06.19 11:44:37.126,1.03854,1.03872,1.50,2.18
2012.06.19 11:44:38.448,1.03854,1.03877,1.50,2.25
2012.06.19 11:44:38.581,1.03857,1.03878,1.50,1.50
2012.06.19 11:44:38.930,1.0386,1.0388,1.50,1.20
2012.06.19 11:44:38.999,1.0386,1.0388,1.50,1.20
2012.06.19 11:44:39.070,1.03858,1.0388,1.50,1.20
2012.06.19 11:44:39.619,1.03858,1.0388,1.50,1.20
2012.06.19 11:44:39.690,1.03856,1.03879,1.50,3.00
2012.06.19 11:44:39.820,1.03853,1.03878,1.66,3.00
2012.06.19 11:44:39.950,1.03853,1.03873,1.66,2.18
2012.06.19 11:44:40.096,1.03852,1.03873,1.50,2.18
2012.06.19 11:44:40.229,1.0385,1.03873,1.66,3.68
2012.06.19 11:44:40.557,1.03852,1.03873,1.50,2.18
2012.06.19 11:44:45.551,1.03853,1.03873,1.50,2.18
2012.06.19 11:44:46.038,1.03851,1.03873,1.50,2.18
2012.06.19 11:44:47.968,1.03854,1.03873,1.50,2.18
2012.06.19 11:44:48.229,1.03852,1.03873,1.50,2.18
2012.06.19 11:44:48.668,1.0385,1.03873,1.50,3.68
2012.06.19 11:44:48.737,1.03852,1.03873,1.50,2.18
2012.06.19 11:44:51.899,1.03853,1.03873,1.50,2.93
2012.06.19 11:44:52.249,1.03855,1.03873,1.50,2.93
2012.06.19 11:44:52.502,1.03851,1.03873,1.50,2.18
2012.06.19 11:44:52.748,1.03851,1.03863,1.50,2.18
2012.06.19 11:44:52.820,1.03848,1.03863,1.66,2.18
2012.06.19 11:44:53.009,1.03848,1.03872,3.68,2.93
2012.06.19 11:44:53.259,1.03851,1.03872,1.50,2.93
2012.06.19 11:44:53.810,1.03851,1.03872,1.66,2.18
2012.06.19 11:44:57.437,1.03849,1.03872,1.66,2.18
2012.06.19 11:44:58.018,1.03852,1.03872,1.50,2.18
2012.06.19 11:44:59.247,1.0385,1.03872,1.66,2.18
2012.06.19 11:44:59.848,1.03852,1.03872,1.50,2.18
2012.06.19 11:45:00.677,1.0385,1.03872,1.66,2.18
2012.06.19 11:45:01.228,1.03847,1.03872,1.66,3.68
2012.06.19 11:45:01.778,1.03846,1.03871,1.66,1.50
2012.06.19 11:45:02.332,1.03846,1.03871,1.66,1.50
2012.06.19 11:45:02.914,1.03845,1.03869,1.66,1.50
2012.06.19 11:45:03.099,1.03846,1.03871,1.66,2.25
2012.06.19 11:45:03.171,1.03846,1.03871,1.66,3.00
2012.06.19 11:45:03.419,1.03843,1.03867,3.16,1.50
2012.06.19 11:45:03.610,1.03843,1.03864,1.66,1.50
2012.06.19 11:45:03.741,1.03841,1.03867,2.41,1.50
2012.06.19 11:45:04.051,1.03841,1.03863,2.41,2.18
2012.06.19 11:45:04.660,1.03839,1.03863,2.41,2.18
2012.06.19 11:45:05.222,1.03842,1.03863,2.41,2.18
2012.06.19 11:45:05.352,1.0384,1.03866,2.79,1.50
2012.06.19 11:45:05.480,1.03842,1.03868,3.91,1.50
2012.06.19 11:45:05.611,1.03845,1.03869,1.50,2.25
2012.06.19 11:45:06.039,1.03848,1.03873,1.50,2.93
2012.06.19 11:45:06.170,1.03846,1.03872,1.50,2.25
2012.06.19 11:45:06.540,1.03841,1.03866,1.66,1.50
2012.06.19 11:45:06.991,1.03838,1.03862,2.79,2.18
2012.06.19 11:45:07.951,1.03839,1.03862,1.66,2.18
2012.06.19 11:45:08.581,1.03839,1.03865,2.64,1.50
2012.06.19 11:45:08.711,1.03839,1.03865,2.26,1.50
2012.06.19 11:45:09.134,1.03843,1.03868,1.66,1.50
2012.06.19 11:45:09.761,1.03844,1.03863,1.50,2.18
2012.06.19 11:45:10.317,1.03842,1.03863,1.66,2.18
2012.06.19 11:45:11.782,1.03841,1.03863,1.50,2.18
2012.06.19 11:45:12.330,1.03843,1.03863,1.50,2.18
2012.06.19 11:45:12.403,1.03842,1.03866,1.50,2.25
2012.06.19 11:45:12.709,1.03845,1.03868,1.50,2.25
2012.06.19 11:45:12.980,1.03841,1.03867,2.04,2.25
2012.06.19 11:45:13.051,1.03844,1.03868,1.50,2.25
2012.06.19 11:45:13.240,1.03842,1.03868,1.88,3.00
2012.06.19 11:45:13.428,1.03844,1.03868,1.50,1.50
2012.06.19 11:45:14.368,1.03844,1.03868,1.50,1.50
2012.06.19 11:45:14.900,1.03843,1.03867,1.50,2.25
2012.06.19 11:45:15.217,1.03845,1.03868,1.50,1.50
2012.06.19 11:45:15.773,1.03845,1.03868,1.50,1.50
2012.06.19 11:45:16.370,1.03845,1.03868,1.50,1.50
2012.06.19 11:45:16.887,1.03845,1.03868,1.50,1.50
2012.06.19 11:45:16.959,1.03845,1.03869,1.50,2.25
2012.06.19 11:45:17.212,1.03842,1.03866,3.16,1.50
2012.06.19 11:45:17.340,1.03843,1.03868,1.66,1.50
2012.06.19 11:45:17.850,1.03844,1.03869,1.66,3.00
2012.06.19 11:45:18.859,1.03844,1.03869,1.66,2.25
2012.06.19 11:45:18.929,1.03844,1.03869,1.66,2.25
2012.06.19 11:45:19.494,1.03842,1.03862,1.66,2.18
2012.06.19 11:45:20.849,1.03842,1.03862,1.66,2.18
2012.06.19 11:45:22.466,1.03842,1.03862,1.66,2.18
2012.06.19 11:45:23.319,1.03843,1.03869,1.66,2.25
2012.06.19 11:45:23.709,1.03845,1.03869,1.50,1.13
2012.06.19 11:45:23.780,1.03838,1.03863,4.14,2.25
2012.06.19 11:45:24.307,1.03838,1.03862,2.04,2.18
2012.06.19 11:45:24.903,1.03838,1.03862,2.04,2.18
2012.06.19 11:45:25.632,1.03839,1.03862,1.66,2.18
2012.06.19 11:45:26.041,1.03837,1.03862,2.10,4.43
2012.06.19 11:45:26.110,1.03836,1.03859,2.26,1.50
2012.06.19 11:45:26.239,1.03835,1.03861,2.26,3.75
2012.06.19 11:45:26.613,1.03835,1.03861,2.26,2.25
2012.06.19 11:45:26.922,1.03835,1.03859,3.16,1.50
2012.06.19 11:45:27.213,1.03833,1.03857,2.26,1.50
2012.06.19 11:45:27.561,1.03839,1.03862,3.98,5.93
2012.06.19 11:45:28.000,1.03841,1.03864,2.48,2.25
2012.06.19 11:45:28.310,1.03841,1.03865,1.50,3.00
2012.06.19 11:45:28.500,1.03838,1.03861,2.26,1.50
2012.06.19 11:45:28.850,1.03837,1.03861,2.93,1.50
2012.06.19 11:45:28.928,1.03841,1.03865,2.26,1.50
2012.06.19 11:45:29.239,1.0384,1.03862,1.66,2.18
2012.06.19 11:45:30.870,1.03841,1.03865,2.04,2.25
2012.06.19 11:45:31.727,1.03839,1.03863,1.66,4.43
2012.06.19 11:45:32.448,1.0384,1.03863,1.66,2.93
2012.06.19 11:45:33.435,1.03834,1.03859,1.66,1.50
2012.06.19 11:45:33.499,1.03834,1.03859,1.66,1.50
2012.06.19 11:45:34.237,1.03834,1.03859,1.66,1.50
2012.06.19 11:45:34.917,1.03834,1.03859,1.66,1.50
2012.06.19 11:45:36.567,1.03837,1.0386,1.66,3.00
2012.06.19 11:45:37.494,1.03837,1.0386,2.41,1.50
2012.06.19 11:45:38.296,1.03837,1.0386,2.41,1.50
2012.06.19 11:45:38.431,1.03837,1.0386,2.25,2.25
2012.06.19 11:45:38.502,1.03832,1.03855,3.91,1.50
2012.06.19 11:45:38.629,1.03832,1.03855,2.25,1.50
2012.06.19 11:45:39.331,1.03834,1.03857,1.50,2.25
2012.06.19 11:45:39.651,1.03834,1.03852,1.50,2.18
2012.06.19 11:45:39.840,1.03835,1.03859,1.50,1.50
2012.06.19 11:45:40.090,1.03835,1.03853,1.50,2.18
2012.06.19 11:45:40.159,1.03834,1.03857,1.50,2.25
2012.06.19 11:45:40.529,1.03836,1.03859,1.50,1.50
2012.06.19 11:45:40.849,1.03831,1.03852,3.60,2.18
2012.06.19 11:45:44.624,1.03832,1.03852,1.35,2.18
2012.06.19 11:45:47.959,1.03833,1.03852,1.50,2.18
2012.06.19 11:45:49.010,1.03831,1.03852,2.85,2.18
2012.06.19 11:45:49.199,1.03831,1.03854,1.50,1.50
2012.06.19 11:45:49.743,1.03832,1.03857,1.50,2.25
2012.06.19 11:45:50.043,1.03835,1.0386,1.50,2.25
2012.06.19 11:45:50.451,1.03837,1.03861,1.50,2.25
2012.06.19 11:45:50.522,1.03837,1.03853,1.66,2.18
2012.06.19 11:45:50.845,1.03832,1.03853,2.41,2.18
2012.06.19 11:45:51.387,1.03833,1.03853,1.50,2.18
2012.06.19 11:45:52.009,1.03833,1.03857,2.04,1.50
2012.06.19 11:45:52.082,1.03837,1.03861,1.50,2.25
2012.06.19 11:45:52.330,1.03837,1.03863,1.66,4.43
2012.06.19 11:45:52.463,1.03839,1.03862,1.50,4.05
2012.06.19 11:45:52.768,1.03831,1.03853,2.25,2.18
2012.06.19 11:45:53.081,1.03834,1.03853,1.50,2.18
2012.06.19 11:45:55.457,1.03832,1.03853,1.50,2.18
2012.06.19 11:45:56.388,1.03829,1.03853,1.66,2.18
2012.06.19 11:45:57.467,1.03831,1.03853,1.50,2.18
2012.06.19 11:45:57.537,1.03833,1.03853,1.50,2.18
2012.06.19 11:45:59.780,1.03831,1.03853,3.00,3.68
2012.06.19 11:46:00.120,1.03833,1.03853,1.50,2.18
2012.06.19 11:46:00.740,1.03831,1.03853,1.50,2.93
2012.06.19 11:46:00.811,1.03828,1.03849,1.66,1.50
2012.06.19 11:46:01.137,1.03827,1.03849,1.66,1.50
2012.06.19 11:46:01.210,1.03829,1.03851,1.50,2.25
2012.06.19 11:46:01.769,1.0383,1.03852,1.50,2.93
2012.06.19 11:46:02.287,1.03829,1.03851,1.50,1.50
2012.06.19 11:46:02.599,1.03831,1.03852,1.50,2.93
2012.06.19 11:46:02.910,1.03834,1.03855,2.10,1.50
2012.06.19 11:46:03.219,1.03839,1.03858,1.50,1.50
2012.06.19 11:46:03.287,1.03836,1.03858,2.26,3.00
2012.06.19 11:46:03.801,1.03836,1.03858,1.50,2.25
2012.06.19 11:46:03.869,1.03836,1.03853,1.50,2.18
2012.06.19 11:46:06.389,1.03833,1.03853,1.50,2.18
2012.06.19 11:46:07.521,1.03837,1.03856,2.18,3.15
2012.06.19 11:46:07.649,1.03838,1.03859,1.50,3.00
2012.06.19 11:46:08.267,1.03837,1.03858,2.18,2.25
2012.06.19 11:46:08.458,1.03834,1.03858,1.50,2.25
2012.06.19 11:46:08.528,1.03834,1.03858,1.50,3.00
2012.06.19 11:46:08.843,1.03833,1.03852,1.50,2.18
2012.06.19 11:46:08.908,1.03831,1.03852,3.00,2.18
2012.06.19 11:46:10.653,1.03833,1.03852,1.50,2.18
2012.06.19 11:46:12.023,1.03832,1.03852,1.50,2.18
2012.06.19 11:46:12.572,1.03831,1.03852,1.50,2.93
2012.06.19 11:46:12.643,1.03829,1.03851,2.10,1.50
2012.06.19 11:46:12.774,1.03833,1.03855,1.50,2.25
2012.06.19 11:46:12.899,1.03833,1.03855,1.50,2.25
2012.06.19 11:46:12.968,1.03835,1.03852,1.50,2.18
2012.06.19 11:46:13.041,1.03832,1.03852,3.00,2.18
2012.06.19 11:46:15.092,1.03832,1.03856,1.50,2.25
2012.06.19 11:46:15.158,1.03836,1.03858,1.50,3.75
2012.06.19 11:46:15.350,1.03834,1.03856,3.00,2.25
2012.06.19 11:46:15.607,1.03832,1.03853,1.50,2.18
2012.06.19 11:46:16.150,1.03831,1.03853,1.50,2.18
2012.06.19 11:46:16.221,1.03833,1.03853,1.50,2.18
2012.06.19 11:46:16.363,1.03833,1.03857,3.00,2.25
2012.06.19 11:46:16.679,1.03836,1.03858,1.50,2.25
2012.06.19 11:46:17.081,1.03836,1.03858,3.00,1.50
2012.06.19 11:46:17.152,1.03838,1.0386,1.50,2.25
2012.06.19 11:46:17.459,1.03833,1.03857,1.50,1.50
2012.06.19 11:46:17.783,1.03832,1.03854,1.66,1.50
2012.06.19 11:46:18.205,1.03833,1.03857,1.50,1.50
2012.06.19 11:46:18.271,1.03833,1.03855,1.50,1.50
2012.06.19 11:46:18.778,1.03834,1.03852,1.50,2.18
2012.06.19 11:46:18.972,1.03831,1.03852,1.50,2.18
2012.06.19 11:46:19.481,1.03834,1.03852,1.50,2.18
2012.06.19 11:46:19.760,1.03832,1.03852,1.50,2.18
2012.06.19 11:46:20.329,1.03828,1.0385,1.66,1.50
2012.06.19 11:46:20.986,1.03828,1.0385,1.66,1.50
2012.06.19 11:46:21.488,1.03828,1.0385,1.66,1.50
2012.06.19 11:46:22.297,1.03832,1.03852,1.50,2.18
2012.06.19 11:46:22.373,1.0383,1.03852,1.50,2.18
2012.06.19 11:46:22.671,1.03833,1.03852,1.50,2.18
2012.06.19 11:46:23.029,1.0383,1.03852,3.00,2.18
2012.06.19 11:46:23.818,1.03827,1.03851,1.66,1.50
2012.06.19 11:46:23.948,1.03827,1.03842,1.66,2.18
2012.06.19 11:46:24.079,1.03826,1.03842,1.50,2.18
2012.06.19 11:46:24.603,1.03827,1.03851,1.50,2.25
2012.06.19 11:46:24.669,1.0383,1.03852,1.50,5.93
2012.06.19 11:46:24.800,1.03827,1.03851,1.50,2.25
2012.06.19 11:46:25.330,1.03827,1.03851,1.50,2.25
2012.06.19 11:46:25.399,1.03829,1.03851,1.50,2.25
2012.06.19 11:46:25.649,1.03832,1.03852,1.50,2.93
2012.06.19 11:46:25.778,1.03834,1.03852,1.50,2.93
2012.06.19 11:46:26.328,1.03832,1.03852,3.00,2.93
2012.06.19 11:46:26.550,1.03829,1.03851,1.50,2.25
2012.06.19 11:46:26.860,1.03831,1.03852,1.50,2.93
2012.06.19 11:46:27.259,1.03833,1.03852,1.50,2.93
2012.06.19 11:46:27.809,1.03833,1.03852,1.50,2.18
2012.06.19 11:46:28.059,1.03822,1.03848,2.04,1.50
2012.06.19 11:46:28.371,1.03829,1.03852,1.50,4.43
2012.06.19 11:46:28.500,1.03825,1.0385,2.04,2.25
2012.06.19 11:46:28.691,1.03828,1.03851,1.50,2.25
2012.06.19 11:46:29.058,1.03825,1.03851,3.00,2.25
2012.06.19 11:46:29.188,1.03825,1.03851,3.54,2.25
2012.06.19 11:46:29.502,1.03828,1.03851,3.84,1.50
2012.06.19 11:46:29.823,1.03828,1.03854,3.84,2.25
2012.06.19 11:46:29.892,1.03828,1.03851,2.34,1.50
2012.06.19 11:46:30.138,1.03826,1.03851,1.66,2.25
2012.06.19 11:46:30.329,1.03824,1.03846,1.66,1.50
2012.06.19 11:46:30.858,1.03824,1.03846,1.66,1.50
2012.06.19 11:46:31.108,1.03827,1.03851,1.50,2.25
2012.06.19 11:46:31.178,1.03825,1.03849,1.66,1.50
2012.06.19 11:46:31.511,1.03828,1.0385,1.50,1.50
2012.06.19 11:46:31.820,1.03832,1.03852,1.50,2.93
2012.06.19 11:46:32.010,1.0383,1.03852,1.50,2.93
2012.06.19 11:46:32.081,1.03832,1.03852,1.50,2.93
2012.06.19 11:46:32.696,1.03832,1.03852,1.50,2.18
2012.06.19 11:46:33.287,1.03829,1.03852,1.50,2.18
2012.06.19 11:46:33.890,1.03829,1.03853,1.66,2.25
2012.06.19 11:46:34.411,1.0383,1.03855,1.50,2.25
2012.06.19 11:46:34.987,1.0383,1.03856,1.50,2.70
2012.06.19 11:46:35.330,1.03832,1.03856,1.50,1.20
2012.06.19 11:46:35.644,1.03823,1.03842,1.66,2.18
2012.06.19 11:46:36.180,1.03822,1.03842,1.51,2.18
2012.06.19 11:46:36.751,1.03823,1.03842,1.66,2.18
2012.06.19 11:46:37.962,1.0382,1.03842,2.41,2.18
2012.06.19 11:46:39.191,1.03823,1.03842,1.50,2.18
2012.06.19 11:46:39.599,1.03825,1.03842,2.10,2.18
2012.06.19 11:46:39.675,1.03825,1.03848,2.10,3.00
2012.06.19 11:46:39.739,1.0383,1.03848,1.50,1.50
2012.06.19 11:46:39.808,1.03827,1.03848,2.10,1.50
2012.06.19 11:46:39.939,1.03823,1.03848,1.66,1.50
2012.06.19 11:46:40.318,1.03825,1.03849,1.50,1.50
2012.06.19 11:46:41.909,1.03827,1.03849,1.50,1.50
2012.06.19 11:46:42.100,1.03823,1.03848,1.66,2.25
2012.06.19 11:46:42.607,1.03823,1.03848,1.66,1.50
2012.06.19 11:46:42.742,1.03823,1.03842,1.66,2.18
2012.06.19 11:46:42.989,1.03821,1.03842,1.50,2.18
2012.06.19 11:46:43.510,1.0382,1.03842,3.00,2.18
2012.06.19 11:46:43.582,1.03822,1.03842,1.50,2.18
2012.06.19 11:46:43.652,1.03819,1.03842,1.66,2.18
2012.06.19 11:46:44.234,1.03822,1.03842,1.50,2.18
2012.06.19 11:46:45.051,1.0382,1.03842,1.50,2.18
2012.06.19 11:46:46.320,1.03821,1.03842,1.50,2.18
2012.06.19 11:46:47.637,1.03818,1.03842,2.26,2.18
2012.06.19 11:46:48.280,1.03817,1.03841,2.26,1.50
2012.06.19 11:46:48.887,1.03818,1.03842,2.26,2.18
2012.06.19 11:46:49.092,1.03818,1.03842,2.26,2.93
2012.06.19 11:46:49.160,1.03818,1.03842,2.26,2.18
2012.06.19 11:46:49.348,1.03818,1.03842,2.26,2.93
2012.06.19 11:46:49.878,1.03818,1.03842,3.01,2.93
2012.06.19 11:46:49.951,1.03819,1.03842,2.64,2.18
2012.06.19 11:46:50.022,1.03822,1.03842,1.50,2.18
2012.06.19 11:46:50.153,1.0382,1.03846,1.66,2.25
2012.06.19 11:46:50.719,1.0382,1.03842,1.66,1.50
2012.06.19 11:46:51.028,1.03816,1.03839,1.66,1.50
2012.06.19 11:46:51.100,1.03816,1.0384,1.50,1.50
2012.06.19 11:46:51.232,1.03818,1.03841,1.50,2.25
2012.06.19 11:46:51.542,1.0382,1.03842,1.50,1.50
2012.06.19 11:46:51.850,1.03824,1.03843,1.50,2.25
2012.06.19 11:46:52.368,1.03826,1.03843,1.50,2.25
2012.06.19 11:46:52.700,1.03821,1.03843,2.10,2.25
2012.06.19 11:46:54.069,1.03821,1.03843,1.50,2.25
2012.06.19 11:46:54.589,1.03824,1.03843,1.50,2.25
2012.06.19 11:46:54.660,1.03824,1.03846,1.50,2.25
2012.06.19 11:46:55.611,1.03826,1.03846,2.10,2.25
2012.06.19 11:46:55.858,1.03827,1.03847,2.85,1.95
2012.06.19 11:46:55.991,1.03827,1.03849,3.75,2.70
2012.06.19 11:46:56.212,1.03825,1.03843,1.50,2.25
2012.06.19 11:46:56.339,1.03823,1.03843,3.00,2.25
2012.06.19 11:46:56.990,1.03823,1.03843,2.10,2.25
2012.06.19 11:46:57.061,1.03823,1.03845,2.10,2.25
2012.06.19 11:46:57.309,1.03825,1.03843,2.10,2.25
2012.06.19 11:46:57.380,1.03822,1.03843,1.50,2.25
2012.06.19 11:46:57.511,1.0382,1.03843,1.66,2.25
2012.06.19 11:46:58.789,1.03822,1.03843,1.50,2.25
2012.06.19 11:46:59.840,1.03829,1.03843,1.50,2.25
2012.06.19 11:46:59.972,1.03826,1.03843,1.66,2.25
2012.06.19 11:47:00.041,1.03827,1.03848,2.10,1.20
2012.06.19 11:47:00.240,1.03829,1.03852,1.50,2.63
2012.06.19 11:47:00.702,1.03831,1.03849,1.50,1.20
2012.06.19 11:47:01.472,1.0383,1.03852,1.50,4.13
2012.06.19 11:47:01.610,1.03826,1.0385,2.10,1.95
2012.06.19 11:47:01.740,1.03829,1.03851,1.50,1.20
2012.06.19 11:47:02.281,1.03828,1.03849,1.50,1.20
2012.06.19 11:47:09.087,1.03828,1.03843,1.50,2.18
2012.06.19 11:47:12.178,1.03827,1.03843,1.50,2.18
2012.06.19 11:47:12.769,1.03825,1.03843,1.50,2.18
2012.06.19 11:47:13.259,1.03827,1.03843,1.50,2.18
2012.06.19 11:47:15.174,1.03826,1.03843,1.50,2.18
2012.06.19 11:47:20.401,1.03827,1.03843,1.50,2.18
2012.06.19 11:47:20.928,1.03828,1.03843,1.50,2.18
2012.06.19 11:47:21.438,1.03825,1.03842,3.00,2.25
2012.06.19 11:47:21.890,1.03822,1.03842,1.50,2.25
2012.06.19 11:47:22.289,1.03825,1.03842,1.50,2.25
2012.06.19 11:47:24.198,1.03822,1.03842,1.50,2.25
2012.06.19 11:47:26.046,1.03825,1.03842,1.50,2.25
2012.06.19 11:47:26.369,1.03823,1.03842,1.50,2.25
2012.06.19 11:47:26.501,1.03818,1.03842,2.41,3.75
2012.06.19 11:47:26.630,1.03818,1.03832,2.25,2.25
2012.06.19 11:47:26.701,1.03815,1.03833,1.66,2.25
2012.06.19 11:47:27.028,1.03814,1.03833,2.41,2.25
2012.06.19 11:47:27.399,1.03812,1.03833,1.50,2.25
2012.06.19 11:47:27.590,1.0381,1.03833,1.66,3.75
2012.06.19 11:47:27.780,1.0381,1.03822,1.50,2.25
2012.06.19 11:47:28.206,1.03811,1.03832,3.00,3.00
2012.06.19 11:47:28.284,1.03813,1.03832,1.50,3.00
2012.06.19 11:47:29.758,1.03817,1.03832,1.50,3.00
2012.06.19 11:47:29.961,1.03814,1.03832,1.50,2.25
2012.06.19 11:47:30.441,1.03811,1.03832,2.25,2.25
2012.06.19 11:47:30.989,1.03809,1.03832,1.50,3.00
2012.06.19 11:47:31.376,1.03811,1.03832,1.50,3.00
2012.06.19 11:47:31.741,1.03814,1.03832,1.50,3.00
2012.06.19 11:47:31.811,1.03808,1.03832,1.50,3.00
2012.06.19 11:47:32.326,1.0381,1.03832,1.50,3.00
2012.06.19 11:47:32.629,1.03813,1.03832,1.50,3.00
2012.06.19 11:47:32.703,1.03811,1.03832,3.00,3.00
2012.06.19 11:47:33.030,1.03813,1.03832,1.50,3.00
2012.06.19 11:47:33.389,1.03816,1.03832,1.50,2.25
2012.06.19 11:47:34.419,1.03814,1.03832,3.00,2.25
2012.06.19 11:47:34.740,1.03812,1.03832,1.50,2.25
2012.06.19 11:47:35.239,1.0381,1.03831,1.66,1.50
2012.06.19 11:47:35.769,1.03808,1.03832,1.66,2.25
2012.06.19 11:47:35.841,1.03808,1.03832,1.50,3.00
2012.06.19 11:47:36.381,1.03811,1.03832,1.50,3.00
2012.06.19 11:47:36.727,1.03813,1.03832,1.50,3.00
2012.06.19 11:47:36.981,1.03811,1.03832,1.50,3.00
2012.06.19 11:47:37.947,1.03812,1.03832,1.50,3.00
2012.06.19 11:47:38.259,1.03809,1.03832,1.50,4.50
2012.06.19 11:47:38.329,1.03807,1.03829,1.50,2.25
2012.06.19 11:47:38.577,1.03807,1.03823,1.50,2.25
2012.06.19 11:47:38.710,1.03807,1.0383,1.50,2.25
2012.06.19 11:47:38.779,1.03805,1.03828,1.50,2.25
2012.06.19 11:47:38.849,1.0381,1.03831,1.50,2.25
2012.06.19 11:47:39.040,1.0381,1.03828,1.50,1.50
2012.06.19 11:47:39.109,1.03808,1.03828,1.50,1.50
2012.06.19 11:47:39.238,1.0381,1.03829,1.50,1.50
2012.06.19 11:47:40.688,1.0381,1.03833,1.50,4.50
2012.06.19 11:47:41.260,1.03808,1.03832,1.50,2.25
2012.06.19 11:47:41.904,1.03807,1.03832,1.50,2.25
2012.06.19 11:47:41.972,1.03809,1.03833,1.50,3.00
2012.06.19 11:47:43.021,1.03809,1.03829,1.50,1.50
2012.06.19 11:47:43.280,1.03811,1.03833,1.50,3.00
2012.06.19 11:47:44.395,1.03811,1.03833,1.50,3.00
2012.06.19 11:47:44.458,1.03813,1.03832,1.50,2.25
2012.06.19 11:47:44.792,1.03819,1.03832,1.50,2.25
2012.06.19 11:47:45.271,1.03815,1.03832,1.50,3.00
2012.06.19 11:47:46.278,1.03813,1.03832,3.00,2.25
2012.06.19 11:47:46.787,1.03809,1.03832,1.66,3.00
2012.06.19 11:47:47.308,1.03812,1.03832,1.50,2.25
2012.06.19 11:47:48.000,1.0381,1.03832,1.50,2.25
2012.06.19 11:47:48.310,1.03807,1.03832,1.66,3.75
2012.06.19 11:47:48.710,1.03806,1.03829,1.66,1.50
2012.06.19 11:47:49.019,1.03814,1.03823,1.50,2.25
2012.06.19 11:47:49.091,1.03813,1.03832,1.50,2.25
2012.06.19 11:47:49.379,1.03813,1.03832,1.50,3.00
2012.06.19 11:47:49.689,1.03805,1.03823,1.66,2.25
2012.06.19 11:47:49.968,1.03809,1.03823,1.50,2.25
2012.06.19 11:47:50.041,1.03806,1.03823,1.50,2.25
2012.06.19 11:47:50.589,1.03807,1.03823,1.50,2.25
2012.06.19 11:47:50.659,1.03809,1.03823,1.50,2.25
2012.06.19 11:47:51.569,1.03807,1.03823,1.50,2.25
2012.06.19 11:47:51.920,1.0381,1.03828,1.50,1.50
2012.06.19 11:47:52.002,1.03813,1.03831,1.50,1.50
2012.06.19 11:47:52.310,1.03811,1.03823,1.50,2.25
2012.06.19 11:47:52.500,1.03809,1.03823,1.50,2.25
2012.06.19 11:47:52.571,1.03814,1.03833,1.50,3.45
2012.06.19 11:47:52.766,1.03812,1.03833,1.50,3.00
2012.06.19 11:47:53.271,1.03811,1.03833,1.50,3.75
2012.06.19 11:47:53.847,1.03811,1.03833,1.50,3.75
2012.06.19 11:47:54.450,1.0381,1.03833,1.50,5.25
2012.06.19 11:47:54.628,1.03812,1.03833,1.50,3.75
2012.06.19 11:47:55.178,1.03809,1.03831,1.50,1.50
2012.06.19 11:47:55.492,1.03804,1.03823,2.26,2.25
2012.06.19 11:47:55.620,1.03807,1.0383,2.25,3.75
2012.06.19 11:47:56.327,1.03808,1.03832,1.50,3.00
2012.06.19 11:47:56.760,1.03811,1.03832,1.50,3.00
2012.06.19 11:47:57.067,1.03808,1.03832,1.50,3.00
2012.06.19 11:47:57.337,1.0381,1.03832,1.50,3.00
2012.06.19 11:47:57.887,1.0381,1.03832,1.66,2.25
2012.06.19 11:47:58.240,1.03813,1.03832,1.50,2.25
2012.06.19 11:47:58.310,1.03811,1.03832,1.66,2.25
2012.06.19 11:47:58.440,1.03811,1.03822,1.50,2.25
2012.06.19 11:47:58.750,1.03813,1.03823,1.50,2.25
2012.06.19 11:47:59.191,1.03811,1.03823,1.50,2.25
2012.06.19 11:47:59.381,1.03808,1.03823,1.50,2.25
2012.06.19 11:47:59.449,1.03808,1.03832,1.50,3.00
2012.06.19 11:47:59.759,1.03811,1.03832,1.50,3.00
2012.06.19 11:48:00.067,1.03814,1.03832,1.50,2.25
2012.06.19 11:48:00.318,1.03811,1.03832,1.50,2.25
2012.06.19 11:48:01.138,1.03811,1.03833,1.66,2.25
2012.06.19 11:48:01.214,1.03814,1.03832,1.50,2.25
2012.06.19 11:48:01.280,1.03811,1.03832,1.50,2.25
2012.06.19 11:48:02.469,1.03811,1.03832,2.64,2.25
2012.06.19 11:48:02.604,1.03812,1.03835,1.14,1.50
2012.06.19 11:48:02.853,1.03817,1.03838,1.50,2.25
2012.06.19 11:48:02.921,1.03817,1.03832,1.50,2.25
2012.06.19 11:48:03.444,1.03824,1.03842,1.50,3.00
2012.06.19 11:48:03.511,1.03822,1.03842,1.50,3.00
2012.06.19 11:48:03.579,1.0382,1.03842,1.50,2.25
2012.06.19 11:48:04.260,1.03819,1.03842,1.66,3.75
2012.06.19 11:48:04.471,1.03816,1.0384,3.16,1.50
2012.06.19 11:48:05.037,1.03816,1.0384,1.66,1.50
2012.06.19 11:48:05.566,1.03819,1.03841,1.66,2.25
2012.06.19 11:48:06.788,1.03818,1.03839,1.50,1.50
2012.06.19 11:48:06.861,1.03818,1.03839,1.50,1.50
2012.06.19 11:48:07.289,1.03816,1.03833,1.50,3.00
2012.06.19 11:48:07.629,1.03813,1.03833,1.66,3.00
2012.06.19 11:48:09.157,1.03813,1.03833,1.66,3.00
2012.06.19 11:48:09.409,1.03811,1.03832,1.66,2.25
2012.06.19 11:48:09.928,1.03813,1.03833,1.50,2.25
2012.06.19 11:48:14.037,1.03811,1.03833,1.66,2.25
2012.06.19 11:48:14.590,1.03814,1.03833,1.50,2.25
2012.06.19 11:48:15.517,1.03815,1.03833,1.50,2.25
2012.06.19 11:48:17.354,1.03814,1.03833,1.50,2.25
2012.06.19 11:48:17.657,1.03817,1.03841,1.50,2.25
2012.06.19 11:48:17.794,1.0382,1.03842,1.50,4.43
2012.06.19 11:48:18.159,1.03822,1.03842,1.50,2.18
2012.06.19 11:48:18.411,1.03819,1.03842,1.66,3.00
2012.06.19 11:48:18.608,1.03819,1.03842,1.66,2.25
2012.06.19 11:48:19.259,1.03819,1.03842,1.66,2.25
2012.06.19 11:48:19.690,1.03822,1.03843,1.50,2.25
2012.06.19 11:48:20.578,1.0382,1.03842,1.50,1.50
2012.06.19 11:48:21.109,1.03821,1.03843,1.50,2.18
2012.06.19 11:48:21.238,1.03819,1.03843,1.66,3.68
2012.06.19 11:48:22.037,1.0382,1.03842,1.50,1.50
2012.06.19 11:48:22.888,1.0382,1.03842,1.66,2.25
2012.06.19 11:48:23.140,1.03817,1.0384,1.50,1.50
2012.06.19 11:48:23.749,1.03815,1.03832,1.66,2.25
2012.06.19 11:48:23.820,1.03812,1.03832,1.66,2.25
2012.06.19 11:48:24.176,1.03814,1.03832,1.50,2.25
2012.06.19 11:48:24.509,1.03816,1.03832,1.50,2.25
2012.06.19 11:48:24.771,1.03814,1.03832,1.50,2.25
2012.06.19 11:48:25.320,1.03813,1.03832,1.66,2.25
2012.06.19 11:48:27.729,1.03817,1.03838,2.18,2.25
2012.06.19 11:48:27.802,1.03823,1.03843,1.50,2.93
2012.06.19 11:48:28.049,1.03821,1.03843,3.00,4.43
2012.06.19 11:48:28.358,1.03823,1.03843,1.50,2.93
2012.06.19 11:48:29.169,1.03824,1.03845,1.50,1.50
2012.06.19 11:48:29.238,1.03827,1.03849,1.50,3.23
2012.06.19 11:48:29.479,1.03825,1.03847,1.50,2.25
2012.06.19 11:48:29.611,1.03825,1.03846,1.50,1.50
2012.06.19 11:48:29.954,1.03819,1.03841,1.66,1.50
2012.06.19 11:48:30.020,1.03819,1.03841,1.50,1.50
2012.06.19 11:48:30.569,1.03821,1.03843,1.50,1.50
2012.06.19 11:48:30.989,1.03819,1.03841,3.00,1.50
2012.06.19 11:48:31.973,1.03818,1.03842,3.68,2.25
2012.06.19 11:48:32.340,1.03817,1.03838,1.50,2.63
2012.06.19 11:48:32.409,1.03812,1.03835,1.66,2.25
2012.06.19 11:48:33.212,1.03813,1.03837,1.66,1.13
2012.06.19 11:48:33.280,1.03818,1.03837,1.50,1.13
2012.06.19 11:48:33.924,1.03817,1.03838,1.50,1.88
2012.06.19 11:48:34.260,1.03819,1.0384,1.50,1.13
2012.06.19 11:48:34.580,1.03817,1.03839,1.50,1.50
2012.06.19 11:48:35.193,1.03816,1.03839,1.50,1.50
2012.06.19 11:48:36.708,1.03816,1.03839,1.50,1.50
2012.06.19 11:48:36.779,1.03818,1.03839,1.50,1.50
2012.06.19 11:48:37.123,1.03814,1.03836,1.50,1.13
2012.06.19 11:48:38.518,1.03809,1.03834,1.66,3.00
2012.06.19 11:48:38.590,1.03808,1.03831,1.66,1.50
2012.06.19 11:48:38.722,1.03805,1.0383,1.66,2.25
2012.06.19 11:48:39.270,1.03807,1.03832,1.50,5.25
2012.06.19 11:48:39.520,1.03805,1.03828,1.50,1.50
2012.06.19 11:48:39.800,1.03807,1.03828,1.50,1.50
2012.06.19 11:48:40.290,1.03805,1.0383,1.50,2.25
2012.06.19 11:48:41.672,1.03805,1.0383,1.50,2.25
2012.06.19 11:48:42.270,1.03803,1.03828,3.16,2.25
2012.06.19 11:48:42.491,1.03806,1.03829,1.50,3.75
2012.06.19 11:48:42.770,1.03803,1.03828,3.16,3.00
2012.06.19 11:48:43.361,1.03806,1.03829,1.50,2.25
2012.06.19 11:48:44.801,1.03807,1.03831,1.50,1.13
2012.06.19 11:48:45.035,1.03805,1.03829,3.00,1.13
2012.06.19 11:48:45.309,1.03808,1.03829,1.50,1.13
2012.06.19 11:48:45.441,1.03806,1.03829,1.50,1.13
2012.06.19 11:48:45.752,1.0381,1.03831,1.50,2.25
2012.06.19 11:48:45.822,1.0381,1.03833,1.50,2.25
2012.06.19 11:48:45.952,1.03812,1.03834,1.50,1.50
2012.06.19 11:48:46.403,1.03809,1.03832,1.66,3.75
2012.06.19 11:48:46.909,1.0381,1.03833,1.66,1.50
2012.06.19 11:48:46.979,1.03812,1.03835,1.50,2.25
2012.06.19 11:48:47.549,1.03812,1.03835,1.50,2.25
2012.06.19 11:48:49.490,1.0381,1.03833,1.66,1.50
2012.06.19 11:48:49.832,1.03818,1.03835,1.50,1.50
2012.06.19 11:48:50.093,1.03817,1.03837,2.18,1.50
2012.06.19 11:48:50.222,1.0382,1.03842,1.50,2.85
2012.06.19 11:48:50.731,1.03821,1.03839,1.50,1.50
2012.06.19 11:48:50.992,1.03819,1.03839,1.50,1.50
2012.06.19 11:48:51.121,1.03817,1.03839,1.50,1.50
2012.06.19 11:48:51.537,1.03814,1.03838,1.66,2.25
2012.06.19 11:48:51.740,1.03817,1.03839,1.50,3.00
2012.06.19 11:48:52.342,1.03817,1.03839,1.50,3.00
2012.06.19 11:48:52.840,1.03815,1.03838,1.50,1.50
2012.06.19 11:48:52.970,1.03814,1.03838,1.66,2.25
2012.06.19 11:48:53.221,1.03818,1.03838,2.18,2.25
2012.06.19 11:48:53.562,1.0382,1.03842,1.50,2.25
2012.06.19 11:48:53.739,1.0382,1.03842,1.50,1.50
2012.06.19 11:48:57.819,1.03818,1.03841,1.66,1.50
2012.06.19 11:48:59.029,1.03819,1.03842,1.50,2.25
2012.06.19 11:48:59.100,1.03819,1.03842,1.50,1.50
2012.06.19 11:48:59.476,1.03817,1.03841,1.66,2.25
2012.06.19 11:48:59.667,1.03817,1.03841,1.66,1.50
2012.06.19 11:49:00.499,1.03819,1.03842,1.50,1.50
2012.06.19 11:49:00.857,1.03818,1.0384,1.50,1.50
2012.06.19 11:49:01.606,1.03818,1.0384,1.66,2.25
2012.06.19 11:49:02.374,1.03818,1.0384,1.66,1.50
2012.06.19 11:49:04.908,1.03817,1.03841,1.50,2.25
2012.06.19 11:49:05.218,1.03818,1.0384,1.50,2.25
2012.06.19 11:49:05.728,1.03815,1.03839,3.16,2.25
2012.06.19 11:49:05.977,1.03815,1.03839,1.66,2.25
2012.06.19 11:49:06.506,1.03815,1.03839,1.66,2.25
2012.06.19 11:49:09.002,1.03812,1.03837,1.66,2.25
2012.06.19 11:49:09.071,1.03812,1.03837,1.66,3.00
2012.06.19 11:49:09.505,1.0381,1.03832,1.50,3.00
2012.06.19 11:49:09.569,1.0381,1.03832,1.50,2.25
2012.06.19 11:49:09.701,1.0381,1.03832,1.50,3.00
2012.06.19 11:49:09.770,1.03807,1.03832,3.16,4.50
2012.06.19 11:49:10.182,1.0381,1.03832,1.50,3.38
2012.06.19 11:49:10.729,1.03808,1.0383,1.50,1.50
2012.06.19 11:49:11.062,1.03806,1.03829,1.50,2.25
2012.06.19 11:49:11.578,1.03807,1.03829,1.50,1.50
2012.06.19 11:49:11.840,1.03809,1.03829,1.50,1.50
2012.06.19 11:49:11.910,1.03807,1.03829,3.00,1.50
2012.06.19 11:49:12.200,1.03805,1.0383,1.50,3.00
2012.06.19 11:49:12.331,1.03803,1.03828,1.50,2.25
2012.06.19 11:49:12.877,1.03802,1.03825,1.50,2.25
2012.06.19 11:49:13.451,1.03804,1.03826,1.50,1.50
2012.06.19 11:49:14.181,1.03804,1.03828,1.50,1.50
2012.06.19 11:49:14.369,1.03806,1.03828,1.50,1.50
2012.06.19 11:49:14.679,1.03806,1.03826,1.50,1.50
2012.06.19 11:49:14.992,1.03809,1.03832,1.50,6.38
2012.06.19 11:49:15.570,1.03806,1.03831,3.60,2.25
2012.06.19 11:49:15.759,1.03808,1.03829,2.25,2.25
2012.06.19 11:49:16.010,1.03808,1.03831,2.25,2.25
2012.06.19 11:49:16.141,1.0381,1.03829,1.50,1.50
2012.06.19 11:49:16.269,1.0381,1.03832,1.50,1.13
2012.06.19 11:49:16.773,1.03808,1.03833,3.75,2.63
2012.06.19 11:49:16.898,1.03808,1.03832,3.75,1.13
2012.06.19 11:49:17.268,1.03808,1.03833,3.75,3.38
2012.06.19 11:49:18.259,1.03811,1.03832,1.50,1.13
2012.06.19 11:49:18.391,1.03809,1.03832,1.50,1.13
2012.06.19 11:49:18.760,1.03811,1.03832,1.50,1.13
2012.06.19 11:49:19.189,1.03808,1.03832,3.68,1.13
2012.06.19 11:49:19.741,1.03802,1.03827,1.66,1.50
2012.06.19 11:49:20.053,1.03805,1.03828,1.66,2.25
2012.06.19 11:49:20.777,1.03806,1.03831,1.66,2.25
2012.06.19 11:49:20.853,1.03806,1.03829,1.50,1.50
2012.06.19 11:49:21.376,1.03807,1.03828,1.50,1.50
2012.06.19 11:49:21.898,1.03807,1.0383,1.50,2.25
2012.06.19 11:49:22.660,1.03806,1.03831,1.50,2.25
2012.06.19 11:49:23.889,1.03807,1.03831,1.50,2.25
2012.06.19 11:49:23.969,1.03809,1.03832,1.50,4.88
2012.06.19 11:49:24.639,1.03809,1.03832,1.50,4.88
2012.06.19 11:49:25.099,1.03804,1.03829,2.41,2.25
2012.06.19 11:49:25.169,1.03804,1.03829,1.66,2.25
2012.06.19 11:49:25.358,1.03804,1.03829,1.50,3.00
2012.06.19 11:49:26.029,1.03804,1.03829,1.50,3.00
2012.06.19 11:49:26.688,1.03804,1.03829,1.50,3.00
2012.06.19 11:49:27.269,1.03807,1.0383,1.50,3.75
2012.06.19 11:49:27.461,1.03805,1.03828,1.50,2.25
2012.06.19 11:49:27.948,1.03807,1.03828,2.25,2.25
2012.06.19 11:49:29.020,1.03807,1.03832,3.75,2.63
2012.06.19 11:49:29.589,1.03807,1.03829,2.25,1.50
2012.06.19 11:49:30.410,1.03807,1.03829,2.25,3.00
2012.06.19 11:49:30.480,1.03808,1.03831,1.50,3.00
2012.06.19 11:49:30.553,1.0381,1.03831,1.50,1.50
2012.06.19 11:49:31.293,1.0381,1.03833,1.50,6.75
2012.06.19 11:49:31.366,1.03807,1.03832,1.50,3.75
2012.06.19 11:49:31.430,1.03805,1.0383,1.66,1.50
2012.06.19 11:49:31.507,1.03808,1.03831,1.50,2.25
2012.06.19 11:49:32.070,1.03806,1.03829,1.66,2.25
2012.06.19 11:49:33.145,1.03807,1.03829,2.18,2.25
2012.06.19 11:49:33.762,1.03808,1.03831,1.50,3.00
2012.06.19 11:49:35.814,1.03808,1.03831,1.50,2.25
2012.06.19 11:49:36.061,1.0381,1.03833,1.50,3.00
2012.06.19 11:49:36.752,1.0381,1.03833,1.50,3.00
2012.06.19 11:49:37.236,1.03808,1.03831,2.25,1.50
2012.06.19 11:49:37.804,1.03808,1.03832,2.25,2.25
2012.06.19 11:49:38.397,1.0381,1.03833,1.50,3.00
2012.06.19 11:49:39.124,1.0381,1.03833,1.50,3.00
2012.06.19 11:49:39.428,1.03808,1.0383,2.25,3.00
2012.06.19 11:49:39.968,1.03809,1.03831,1.50,1.50
2012.06.19 11:49:40.711,1.03808,1.0383,2.25,1.50
2012.06.19 11:49:40.840,1.03804,1.03829,1.66,2.25
2012.06.19 11:49:40.972,1.03802,1.03827,2.26,1.50
2012.06.19 11:49:41.490,1.03802,1.03827,1.66,1.50
2012.06.19 11:49:41.619,1.03805,1.03828,1.50,2.25
2012.06.19 11:49:42.893,1.03805,1.03828,1.50,3.00
2012.06.19 11:49:43.036,1.03805,1.03828,1.50,2.25
2012.06.19 11:49:43.163,1.03804,1.03827,1.50,2.25
2012.06.19 11:49:43.230,1.038,1.03825,2.26,2.25
2012.06.19 11:49:43.770,1.03803,1.03823,1.50,1.50
2012.06.19 11:49:44.281,1.03803,1.03826,1.50,2.25
2012.06.19 11:49:44.701,1.03803,1.03826,1.66,2.25
2012.06.19 11:49:44.771,1.03803,1.03826,1.66,1.50
2012.06.19 11:49:45.021,1.03808,1.03826,2.25,1.50
2012.06.19 11:49:45.473,1.03808,1.03828,2.25,1.50
2012.06.19 11:49:47.398,1.03809,1.03828,1.50,1.50
2012.06.19 11:49:47.528,1.03812,1.03832,1.50,1.50
2012.06.19 11:49:47.599,1.03812,1.03834,1.50,1.50
2012.06.19 11:49:47.667,1.0381,1.03833,1.50,2.25
2012.06.19 11:49:47.991,1.03808,1.03832,2.41,2.25
2012.06.19 11:49:48.611,1.03809,1.03834,1.50,3.00
2012.06.19 11:49:49.208,1.03808,1.03832,2.41,2.25
2012.06.19 11:49:49.349,1.03808,1.03832,2.41,3.00
2012.06.19 11:49:50.117,1.03808,1.03832,2.41,2.25
2012.06.19 11:49:50.188,1.0381,1.03833,1.50,2.25
2012.06.19 11:49:50.667,1.0381,1.03817,1.50,3.00
2012.06.19 11:49:51.069,1.03808,1.03816,2.25,2.27
2012.06.19 11:49:51.627,1.03808,1.03817,3.75,3.02
2012.06.19 11:49:52.348,1.03801,1.03817,1.50,3.02
2012.06.19 11:49:52.853,1.03802,1.03817,1.50,3.02
2012.06.19 11:49:53.778,1.03805,1.03817,1.50,3.02
2012.06.19 11:49:55.260,1.03802,1.03817,1.50,3.02
2012.06.19 11:49:55.329,1.03798,1.03817,1.50,3.02
2012.06.19 11:49:55.398,1.038,1.03817,1.50,3.02
2012.06.19 11:49:55.707,1.03803,1.03817,1.50,3.02
2012.06.19 11:49:56.448,1.03804,1.03817,1.50,1.57
2012.06.19 11:49:56.767,1.03801,1.03817,3.00,1.57
2012.06.19 11:50:00.770,1.03803,1.03817,1.50,1.57
2012.06.19 11:50:03.182,1.03801,1.03817,1.50,1.57
2012.06.19 11:50:03.308,1.03799,1.03817,1.50,1.57
2012.06.19 11:50:03.559,1.038,1.03817,1.66,1.57
2012.06.19 11:50:03.750,1.038,1.03817,1.66,1.57
2012.06.19 11:50:03.820,1.03804,1.03817,1.50,1.57
2012.06.19 11:50:04.131,1.03808,1.03817,3.75,1.57
2012.06.19 11:50:05.390,1.03808,1.03827,3.75,1.05
2012.06.19 11:50:06.530,1.03806,1.03823,1.50,1.05
2012.06.19 11:50:06.600,1.03803,1.03823,1.50,1.05
2012.06.19 11:50:06.849,1.03801,1.03823,1.66,1.05
2012.06.19 11:50:06.922,1.038,1.03821,1.66,1.05
2012.06.19 11:50:07.051,1.03798,1.03821,1.50,1.05
2012.06.19 11:50:07.191,1.03798,1.03823,1.50,3.30
2012.06.19 11:50:07.261,1.038,1.03823,1.50,1.80
2012.06.19 11:50:07.600,1.03801,1.03821,1.50,1.05
2012.06.19 11:50:07.668,1.03801,1.03822,1.50,1.05
2012.06.19 11:50:07.798,1.03805,1.03823,1.50,1.80
2012.06.19 11:50:08.053,1.03803,1.03822,1.50,1.05
2012.06.19 11:50:08.269,1.03801,1.03822,1.50,1.05
2012.06.19 11:50:08.683,1.03801,1.03816,1.50,3.75
2012.06.19 11:50:11.848,1.03798,1.03816,1.54,3.75
2012.06.19 11:50:12.315,1.03803,1.03816,1.50,3.75
2012.06.19 11:50:12.930,1.03808,1.03816,2.25,3.75
2012.06.19 11:50:14.239,1.03804,1.03816,2.48,3.75
2012.06.19 11:50:14.309,1.038,1.03816,1.88,3.75
2012.06.19 11:50:14.441,1.038,1.03816,1.50,3.75
2012.06.19 11:50:14.571,1.03797,1.03816,2.45,3.75
2012.06.19 11:50:14.837,1.0379,1.03814,1.17,1.50
2012.06.19 11:50:15.028,1.03791,1.03816,2.30,5.25
2012.06.19 11:50:21.619,1.03794,1.03812,1.54,3.75
2012.06.19 11:50:26.111,1.03798,1.03812,1.50,3.75
2012.06.19 11:50:26.631,1.03797,1.03812,2.29,3.75
2012.06.19 11:50:30.226,1.03798,1.03812,1.50,3.75
2012.06.19 11:50:30.782,1.03797,1.03812,2.29,3.75
2012.06.19 11:50:35.262,1.03799,1.03812,1.50,3.75
2012.06.19 11:50:35.390,1.03797,1.03812,1.54,3.75
2012.06.19 11:50:35.460,1.03798,1.03806,1.50,1.84
2012.06.19 11:50:35.588,1.03796,1.03806,1.50,1.84
2012.06.19 11:50:36.019,1.03798,1.03816,2.25,5.88
2012.06.19 11:50:36.327,1.038,1.03817,1.50,3.41
2012.06.19 11:50:36.647,1.03798,1.03817,1.50,4.29
2012.06.19 11:50:37.019,1.038,1.03822,1.50,3.00
2012.06.19 11:50:37.567,1.03799,1.03821,1.50,1.50
2012.06.19 11:50:38.405,1.03799,1.03822,1.50,3.00
2012.06.19 11:50:38.611,1.03802,1.03822,1.50,3.00
2012.06.19 11:50:38.866,1.03797,1.03822,1.50,4.88
2012.06.19 11:50:39.649,1.03797,1.03822,1.50,4.88
2012.06.19 11:50:40.151,1.03797,1.03822,1.50,4.88
2012.06.19 11:50:40.653,1.03798,1.03821,1.50,3.75
2012.06.19 11:50:40.721,1.03795,1.0382,1.50,1.50
2012.06.19 11:50:41.289,1.03798,1.03821,1.50,2.25
2012.06.19 11:50:41.789,1.03797,1.03816,2.25,3.75
2012.06.19 11:50:42.392,1.03797,1.03817,1.50,3.75
2012.06.19 11:50:43.516,1.03795,1.03817,1.66,3.75
2012.06.19 11:50:43.830,1.03797,1.03816,1.50,3.75
2012.06.19 11:50:44.174,1.03799,1.03816,1.50,3.75
2012.06.19 11:50:44.242,1.03797,1.03816,5.93,3.75
2012.06.19 11:50:44.774,1.03797,1.03817,1.50,3.75
2012.06.19 11:50:45.289,1.03796,1.03817,1.50,4.50
2012.06.19 11:50:47.209,1.03796,1.03817,1.50,4.50
2012.06.19 11:50:49.528,1.03796,1.03817,1.50,4.50
2012.06.19 11:50:49.970,1.03793,1.03817,1.66,4.50
2012.06.19 11:50:50.522,1.03795,1.03817,1.50,4.50
2012.06.19 11:50:51.383,1.03795,1.03817,2.25,4.50
2012.06.19 11:50:51.580,1.03798,1.03817,1.50,4.50
2012.06.19 11:50:52.395,1.03796,1.03817,2.25,6.00
2012.06.19 11:50:52.748,1.03794,1.03817,1.50,6.00
2012.06.19 11:50:52.824,1.03789,1.03814,1.50,2.25
2012.06.19 11:50:52.891,1.03789,1.03814,2.25,2.25
2012.06.19 11:50:53.200,1.03788,1.03812,2.79,1.50
2012.06.19 11:50:53.509,1.03788,1.03809,2.41,1.50
2012.06.19 11:50:53.580,1.03788,1.03811,2.41,3.00
2012.06.19 11:50:53.710,1.03788,1.03814,2.41,2.25
2012.06.19 11:50:54.248,1.03789,1.03814,1.66,2.25
2012.06.19 11:50:54.802,1.03788,1.03812,1.66,3.75
2012.06.19 11:50:54.870,1.03788,1.03812,1.66,4.50
2012.06.19 11:50:55.190,1.03788,1.03812,2.41,4.50
2012.06.19 11:50:55.753,1.03791,1.03815,2.25,2.25
2012.06.19 11:50:56.481,1.03788,1.03812,3.54,2.25
2012.06.19 11:50:57.754,1.03792,1.03812,1.50,1.50
2012.06.19 11:50:58.468,1.03792,1.03813,1.50,2.25
2012.06.19 11:50:58.598,1.03792,1.03811,1.50,1.50
2012.06.19 11:50:59.181,1.03788,1.03813,3.16,2.25
2012.06.19 11:50:59.728,1.03786,1.03813,1.66,4.50
2012.06.19 11:51:00.173,1.03786,1.03811,1.66,1.50
2012.06.19 11:51:00.721,1.03789,1.03816,2.85,2.25
2012.06.19 11:51:01.242,1.03789,1.03814,1.51,2.25
2012.06.19 11:51:01.792,1.03788,1.03811,3.16,1.50
2012.06.19 11:51:02.278,1.0379,1.03815,1.35,2.25
2012.06.19 11:51:02.901,1.0379,1.03816,2.41,5.25
2012.06.19 11:51:03.210,1.03793,1.03817,1.50,4.50
2012.06.19 11:51:03.339,1.03797,1.03816,2.25,3.75
2012.06.19 11:51:04.239,1.03797,1.03817,3.75,3.75
2012.06.19 11:51:05.711,1.03799,1.03817,1.50,3.75
2012.06.19 11:51:05.838,1.03797,1.03817,3.00,3.75
2012.06.19 11:51:06.589,1.03797,1.03817,3.60,3.75
2012.06.19 11:51:07.289,1.03798,1.03817,1.35,3.75
2012.06.19 11:51:07.362,1.03797,1.03817,3.60,3.75
2012.06.19 11:51:07.909,1.03797,1.03816,5.10,3.75
2012.06.19 11:51:08.300,1.038,1.03816,1.50,3.75
2012.06.19 11:51:08.490,1.03797,1.03817,2.25,3.75
2012.06.19 11:51:08.739,1.03793,1.03816,1.14,1.50
2012.06.19 11:51:09.258,1.03794,1.03817,1.66,3.75
2012.06.19 11:51:09.961,1.03794,1.03817,1.66,3.75
2012.06.19 11:51:11.051,1.03795,1.03817,1.66,3.75
2012.06.19 11:51:12.011,1.03794,1.03817,1.66,3.75
2012.06.19 11:51:12.857,1.03796,1.03816,1.50,3.75
2012.06.19 11:51:13.377,1.03796,1.03816,2.25,3.75
2012.06.19 11:51:13.909,1.03796,1.03816,1.66,3.75
2012.06.19 11:51:15.640,1.03797,1.03816,1.50,3.75
2012.06.19 11:51:16.177,1.03795,1.03816,1.66,3.75
2012.06.19 11:51:16.778,1.03797,1.03816,1.50,3.75
2012.06.19 11:51:17.755,1.03795,1.03816,1.66,3.75
2012.06.19 11:51:18.461,1.03798,1.03816,2.25,3.75
2012.06.19 11:51:20.008,1.038,1.03816,1.50,3.75
2012.06.19 11:51:20.367,1.03802,1.03816,1.50,3.75
2012.06.19 11:51:20.440,1.038,1.03816,1.50,3.75
2012.06.19 11:51:21.938,1.03798,1.03816,2.25,3.75
2012.06.19 11:51:22.962,1.03798,1.03817,3.00,3.75
2012.06.19 11:51:23.272,1.03803,1.03817,1.50,3.75
2012.06.19 11:51:23.840,1.038,1.03816,3.91,3.75
2012.06.19 11:51:25.037,1.03802,1.03816,1.50,3.75
2012.06.19 11:51:25.542,1.03801,1.03816,2.25,3.75
2012.06.19 11:51:27.499,1.03802,1.03816,2.10,3.75
2012.06.19 11:51:29.598,1.03805,1.03816,1.35,3.75
2012.06.19 11:51:32.337,1.03806,1.03816,1.50,3.75
2012.06.19 11:51:32.888,1.03802,1.03816,3.60,3.75
2012.06.19 11:51:36.137,1.03808,1.03816,2.25,3.75
2012.06.19 11:51:38.510,1.03808,1.03826,2.25,1.59
2012.06.19 11:51:39.286,1.03807,1.03827,2.25,7.64
2012.06.19 11:51:49.780,1.03801,1.03826,2.48,2.34
2012.06.19 11:51:49.971,1.03799,1.03823,1.14,1.59
2012.06.19 11:51:51.228,1.03802,1.03826,1.50,2.34
2012.06.19 11:51:51.701,1.03807,1.03826,2.10,3.58
2012.06.19 11:51:51.893,1.03808,1.03826,2.18,2.25
2012.06.19 11:51:52.233,1.03808,1.03826,2.18,2.34
2012.06.19 11:51:52.286,1.03803,1.03826,4.06,1.10
2012.06.19 11:51:53.384,1.03803,1.03826,1.66,1.17
2012.06.19 11:51:53.898,1.03801,1.03826,1.29,1.17
2012.06.19 11:51:54.348,1.03808,1.03829,2.18,2.87
2012.06.19 11:51:55.536,1.03808,1.03827,2.18,2.27
2012.06.19 11:52:10.260,1.03808,1.03823,2.18,1.59
2012.06.19 11:52:10.702,1.03799,1.03824,1.96,1.59
2012.06.19 11:52:10.959,1.03798,1.03822,3.01,1.59
2012.06.19 11:52:11.520,1.03798,1.03821,3.01,1.59
2012.06.19 11:52:11.975,1.03795,1.03819,1.14,1.59
2012.06.19 11:52:12.402,1.03794,1.03817,1.14,1.59
2012.06.19 11:52:12.472,1.03793,1.03817,1.14,1.59
2012.06.19 11:52:12.660,1.03797,1.03823,2.48,4.59
2012.06.19 11:52:12.910,1.03798,1.0382,2.25,2.72
2012.06.19 11:52:12.982,1.03794,1.0382,1.66,2.72
2012.06.19 11:52:13.173,1.03794,1.03818,2.25,2.34
2012.06.19 11:52:13.492,1.03795,1.03821,1.50,2.34
2012.06.19 11:52:13.561,1.03798,1.03823,1.50,3.09
2012.06.19 11:52:13.868,1.03798,1.03824,4.73,2.34
2012.06.19 11:52:14.379,1.03801,1.03825,1.66,1.59
2012.06.19 11:52:14.511,1.03799,1.03824,1.66,1.50
2012.06.19 11:52:14.873,1.03797,1.03823,3.01,2.25
2012.06.19 11:52:15.401,1.03797,1.03822,4.51,1.50
2012.06.19 11:52:15.735,1.038,1.03823,1.50,1.50
2012.06.19 11:52:16.278,1.03799,1.03824,3.00,3.00
2012.06.19 11:52:16.832,1.03797,1.0382,3.39,1.50
2012.06.19 11:52:16.960,1.03797,1.03822,3.39,1.50
2012.06.19 11:52:17.411,1.03797,1.03822,4.89,2.25
2012.06.19 11:52:17.723,1.03799,1.03825,2.04,2.25
2012.06.19 11:52:17.852,1.03803,1.03827,1.50,2.25
2012.06.19 11:52:18.040,1.03801,1.03826,1.50,2.25
2012.06.19 11:52:18.784,1.03802,1.03828,1.50,3.00
2012.06.19 11:52:19.279,1.03801,1.03826,1.66,2.25
2012.06.19 11:52:19.907,1.03802,1.03828,1.50,3.38
2012.06.19 11:52:20.459,1.03801,1.03825,1.50,1.35
2012.06.19 11:52:20.808,1.03803,1.03826,1.50,1.35
2012.06.19 11:52:21.324,1.03803,1.03827,1.50,2.25
2012.06.19 11:52:21.488,1.038,1.03827,1.66,2.25
2012.06.19 11:52:21.930,1.03803,1.03827,1.50,2.25
2012.06.19 11:52:22.059,1.03801,1.03826,1.66,2.25
2012.06.19 11:52:22.724,1.038,1.03827,1.66,2.25
2012.06.19 11:52:22.790,1.03799,1.03824,1.66,1.50
2012.06.19 11:52:23.677,1.03799,1.03824,1.66,2.25
2012.06.19 11:52:24.263,1.03799,1.03829,1.14,1.50
2012.06.19 11:52:24.331,1.03802,1.03829,1.50,3.00
2012.06.19 11:52:25.060,1.038,1.03824,1.66,1.50
2012.06.19 11:52:25.715,1.038,1.03826,1.66,2.25
2012.06.19 11:52:26.148,1.038,1.03826,1.66,2.10
2012.06.19 11:52:26.660,1.03799,1.03824,1.50,3.00
2012.06.19 11:52:27.218,1.03799,1.03824,1.50,2.63
2012.06.19 11:52:27.412,1.03802,1.03826,1.50,2.85
2012.06.19 11:52:27.480,1.038,1.03825,1.50,1.50
2012.06.19 11:52:27.729,1.03802,1.03826,1.50,2.85
2012.06.19 11:52:27.799,1.038,1.03825,1.50,1.50
2012.06.19 11:52:27.991,1.03798,1.03821,2.26,1.50
2012.06.19 11:52:28.696,1.038,1.03822,1.50,1.50
2012.06.19 11:52:28.769,1.03801,1.03826,1.50,2.25
2012.06.19 11:52:28.958,1.03799,1.03825,1.66,2.25
2012.06.19 11:52:29.449,1.03797,1.03823,1.66,1.50
2012.06.19 11:52:29.964,1.03797,1.03823,1.66,1.50
2012.06.19 11:52:30.030,1.03799,1.03825,1.50,1.50
2012.06.19 11:52:30.223,1.03801,1.03827,1.50,2.25
2012.06.19 11:52:30.730,1.03802,1.03829,1.50,3.00
2012.06.19 11:52:31.414,1.03802,1.03829,1.88,2.25
2012.06.19 11:52:32.098,1.038,1.03827,1.50,2.25
2012.06.19 11:52:32.785,1.038,1.03827,1.50,2.25
2012.06.19 11:52:33.779,1.03798,1.03825,4.21,2.25
2012.06.19 11:52:33.968,1.03798,1.03823,3.84,1.50
2012.06.19 11:52:34.300,1.03795,1.0382,1.66,1.50
2012.06.19 11:52:34.441,1.03797,1.03822,1.66,3.68
2012.06.19 11:52:36.363,1.03799,1.03818,1.50,2.10
2012.06.19 11:52:36.623,1.03791,1.03818,3.54,3.60
2012.06.19 11:52:36.695,1.03793,1.03818,1.29,1.50
2012.06.19 11:52:37.200,1.03798,1.03823,1.50,3.00
2012.06.19 11:52:38.148,1.03798,1.03824,1.66,2.25
2012.06.19 11:52:38.280,1.038,1.03824,1.50,2.25
2012.06.19 11:52:38.799,1.03803,1.03826,1.50,2.25
2012.06.19 11:52:38.891,1.03798,1.03825,1.66,2.25
2012.06.19 11:52:39.020,1.03801,1.03825,1.50,2.25
2012.06.19 11:52:39.150,1.03799,1.03823,1.50,1.50
2012.06.19 11:52:39.398,1.03799,1.03823,1.50,2.25
2012.06.19 11:52:39.767,1.03801,1.03823,1.50,1.50
2012.06.19 11:52:39.899,1.03798,1.03823,1.88,1.50
2012.06.19 11:52:40.443,1.03797,1.03821,2.18,2.25
2012.06.19 11:52:40.933,1.03799,1.03823,1.50,3.00
2012.06.19 11:52:41.600,1.03799,1.03823,1.50,3.00
2012.06.19 11:52:42.565,1.03799,1.03826,1.50,3.75
2012.06.19 11:52:43.112,1.03799,1.03826,1.50,3.75
2012.06.19 11:52:43.617,1.03799,1.03826,1.50,2.25
2012.06.19 11:52:44.231,1.03801,1.03828,1.50,3.00
2012.06.19 11:52:44.299,1.03801,1.03828,1.50,3.00
2012.06.19 11:52:45.819,1.03801,1.03828,1.50,3.00
2012.06.19 11:52:46.350,1.03801,1.03828,1.50,3.00
2012.06.19 11:52:46.910,1.03802,1.03826,1.50,2.25
2012.06.19 11:52:47.775,1.03804,1.03828,1.50,4.50
2012.06.19 11:52:48.174,1.038,1.03826,2.10,2.25
2012.06.19 11:52:48.811,1.03801,1.03826,1.50,2.25
2012.06.19 11:52:49.330,1.03799,1.03824,1.66,2.25
2012.06.19 11:52:49.739,1.03801,1.03824,1.50,2.25
2012.06.19 11:52:50.088,1.03803,1.03827,1.50,2.25
2012.06.19 11:52:50.217,1.03801,1.03827,1.50,2.25
2012.06.19 11:52:50.347,1.03803,1.03827,1.50,2.25
2012.06.19 11:52:51.178,1.03801,1.03825,1.50,2.25
2012.06.19 11:52:51.859,1.038,1.03826,1.50,2.25
2012.06.19 11:52:52.174,1.03798,1.03824,2.34,3.00
2012.06.19 11:52:52.418,1.038,1.03823,1.50,1.50
2012.06.19 11:52:52.488,1.03798,1.03824,2.34,3.00
2012.06.19 11:52:53.354,1.03799,1.03824,1.50,1.50
2012.06.19 11:52:54.433,1.03807,1.03823,2.18,1.50
2012.06.19 11:52:54.641,1.03807,1.0383,2.18,1.50
2012.06.19 11:52:54.948,1.03808,1.03832,1.50,3.75
2012.06.19 11:52:55.781,1.03807,1.03831,2.18,1.50
2012.06.19 11:52:56.710,1.0381,1.03833,1.50,1.50
2012.06.19 11:52:57.219,1.0381,1.03833,1.50,1.50
2012.06.19 11:52:57.290,1.03808,1.03832,1.50,2.25
2012.06.19 11:52:58.180,1.03808,1.03832,1.50,2.25
2012.06.19 11:52:58.370,1.03807,1.0383,2.55,1.50
2012.06.19 11:52:58.949,1.03811,1.03834,1.50,2.25
2012.06.19 11:52:59.027,1.03809,1.03832,1.50,2.25
2012.06.19 11:52:59.538,1.03808,1.03832,1.50,1.50
2012.06.19 11:53:01.160,1.03808,1.03832,1.66,1.50
2012.06.19 11:53:03.135,1.03807,1.0383,2.71,1.50
2012.06.19 11:53:03.578,1.03807,1.0383,2.18,2.25
2012.06.19 11:53:04.585,1.03807,1.03833,2.18,2.25
2012.06.19 11:53:04.967,1.0381,1.03834,1.50,3.00
2012.06.19 11:53:05.162,1.03807,1.03832,3.68,2.25
2012.06.19 11:53:05.879,1.03808,1.03834,1.50,3.00
2012.06.19 11:53:06.138,1.03809,1.03834,1.88,1.50
2012.06.19 11:53:06.449,1.03818,1.03834,2.18,1.50
2012.06.19 11:53:06.639,1.03818,1.03841,2.78,1.35
2012.06.19 11:53:07.460,1.03818,1.03838,2.18,1.35
2012.06.19 11:53:07.690,1.03814,1.03838,2.04,2.85
2012.06.19 11:53:07.879,1.03813,1.03836,2.26,1.50
2012.06.19 11:53:08.412,1.03813,1.03836,2.26,1.50
2012.06.19 11:53:08.661,1.03814,1.03839,1.88,2.85
2012.06.19 11:53:08.910,1.03814,1.03839,1.50,2.85
2012.06.19 11:53:09.349,1.03816,1.03839,1.50,2.85
2012.06.19 11:53:10.341,1.03812,1.03837,2.41,2.10
2012.06.19 11:53:10.412,1.03812,1.03836,1.50,1.35
2012.06.19 11:53:10.781,1.03815,1.03837,1.50,1.35
2012.06.19 11:53:10.853,1.03815,1.03838,1.50,2.85
2012.06.19 11:53:11.414,1.03812,1.03838,2.04,4.35
2012.06.19 11:53:12.169,1.03811,1.03836,1.14,1.50
2012.06.19 11:53:14.688,1.0381,1.03836,3.54,1.50
2012.06.19 11:53:14.880,1.03815,1.03838,1.50,2.85
2012.06.19 11:53:15.441,1.03813,1.03837,2.04,2.10
2012.06.19 11:53:18.888,1.03815,1.03838,1.50,2.10
2012.06.19 11:53:19.819,1.03812,1.03835,2.04,1.50
2012.06.19 11:53:20.009,1.03812,1.03838,2.04,4.35
2012.06.19 11:53:20.556,1.03811,1.03836,2.04,1.50
2012.06.19 11:53:21.145,1.03813,1.03837,2.04,2.10
2012.06.19 11:53:21.578,1.0381,1.03833,1.66,2.18
2012.06.19 11:53:22.098,1.03813,1.03833,1.66,2.18
2012.06.19 11:53:22.289,1.03814,1.03837,1.50,1.35
2012.06.19 11:53:22.828,1.03813,1.03837,1.66,2.85
2012.06.19 11:53:23.341,1.03815,1.03839,1.50,2.25
2012.06.19 11:53:23.850,1.03815,1.03839,2.25,2.25
2012.06.19 11:53:24.163,1.03818,1.03842,2.18,2.25
2012.06.19 11:53:24.533,1.03818,1.03837,2.18,1.50
2012.06.19 11:53:24.662,1.03818,1.0384,2.18,1.50
2012.06.19 11:53:25.041,1.03814,1.0384,1.66,1.50
2012.06.19 11:53:25.553,1.03812,1.03838,1.66,2.25
2012.06.19 11:53:26.203,1.03814,1.03839,1.66,2.25
2012.06.19 11:53:26.599,1.03814,1.0384,1.66,1.50
2012.06.19 11:53:26.729,1.03817,1.03841,1.50,2.25
2012.06.19 11:53:27.288,1.03818,1.03842,2.18,2.85
2012.06.19 11:53:27.895,1.03818,1.03842,2.18,2.85
2012.06.19 11:53:28.261,1.03818,1.03838,2.34,1.50
2012.06.19 11:53:28.398,1.03818,1.03841,2.34,1.50
2012.06.19 11:53:28.470,1.03818,1.03839,2.34,1.50
2012.06.19 11:53:28.973,1.03818,1.03843,4.05,3.60
2012.06.19 11:53:29.480,1.03818,1.03843,4.21,2.10
2012.06.19 11:53:30.125,1.03818,1.03843,4.21,2.85
2012.06.19 11:53:30.714,1.03818,1.03843,4.21,2.10
2012.06.19 11:53:30.930,1.03821,1.03843,1.50,1.35
2012.06.19 11:53:31.322,1.03818,1.03838,2.71,1.50
2012.06.19 11:53:31.583,1.03818,1.03843,4.44,2.85
2012.06.19 11:53:31.653,1.03818,1.03842,4.65,1.35
2012.06.19 11:53:31.724,1.03818,1.0384,3.15,1.50
2012.06.19 11:53:31.795,1.0382,1.03843,1.50,1.35
2012.06.19 11:53:32.308,1.03821,1.03843,1.50,1.35
2012.06.19 11:53:32.379,1.03818,1.03843,4.81,2.85
2012.06.19 11:53:33.151,1.03819,1.03842,1.50,1.35
2012.06.19 11:53:33.700,1.03819,1.03843,1.50,1.35
2012.06.19 11:53:34.376,1.03819,1.03843,1.50,1.35
2012.06.19 11:53:34.808,1.03819,1.03844,1.50,1.35
2012.06.19 11:53:35.299,1.0382,1.03843,1.13,1.35
2012.06.19 11:53:35.552,1.0382,1.03843,1.88,2.85
2012.06.19 11:53:35.680,1.0382,1.03843,2.79,2.10
2012.06.19 11:53:36.558,1.0382,1.03843,2.10,2.85
2012.06.19 11:53:37.381,1.03821,1.03844,2.10,2.85
2012.06.19 11:53:37.451,1.03818,1.0384,2.55,1.50
2012.06.19 11:53:37.580,1.03818,1.03842,4.05,2.10
2012.06.19 11:53:38.420,1.03818,1.03841,4.05,1.50
2012.06.19 11:53:38.972,1.03819,1.03844,1.50,2.85
2012.06.19 11:53:39.664,1.03822,1.03844,1.88,1.35
2012.06.19 11:53:39.849,1.03821,1.03844,1.50,1.35
2012.06.19 11:53:40.653,1.03822,1.03846,1.50,2.85
2012.06.19 11:53:40.820,1.0382,1.03844,2.04,2.10
2012.06.19 11:53:41.191,1.03818,1.03843,2.34,2.85
2012.06.19 11:53:41.723,1.03819,1.03843,1.50,2.10
2012.06.19 11:53:42.532,1.03818,1.03842,3.84,2.25
2012.06.19 11:53:43.060,1.03819,1.03843,1.50,1.50
2012.06.19 11:53:43.863,1.03819,1.03845,1.50,2.25
2012.06.19 11:53:44.441,1.03819,1.03845,1.50,2.25
2012.06.19 11:53:44.631,1.03819,1.03845,2.04,2.25
2012.06.19 11:53:44.999,1.03823,1.03847,1.50,2.25
2012.06.19 11:53:45.071,1.03821,1.03846,1.66,2.25
2012.06.19 11:53:45.583,1.03821,1.03846,1.50,2.25
2012.06.19 11:53:45.708,1.03821,1.03846,2.10,2.25
2012.06.19 11:53:46.113,1.0382,1.03845,2.26,3.00
2012.06.19 11:53:46.240,1.03819,1.03845,1.66,3.00
2012.06.19 11:53:46.309,1.03819,1.03844,1.50,1.50
2012.06.19 11:53:46.503,1.03818,1.03841,3.68,1.50
2012.06.19 11:53:46.573,1.03819,1.03844,1.50,2.25
2012.06.19 11:53:46.701,1.03818,1.03842,2.93,1.50
2012.06.19 11:53:46.833,1.0382,1.03846,1.50,2.85
2012.06.19 11:53:47.023,1.03819,1.03843,2.10,1.50
2012.06.19 11:53:47.330,1.0382,1.03845,1.50,2.25
2012.06.19 11:53:47.400,1.03818,1.03842,3.68,1.50
2012.06.19 11:53:47.710,1.03822,1.03846,1.50,2.25
2012.06.19 11:53:48.110,1.03821,1.0384,1.35,1.50
2012.06.19 11:53:48.614,1.03821,1.03834,1.35,1.50
2012.06.19 11:53:48.747,1.03818,1.0384,2.18,1.50
2012.06.19 11:53:49.131,1.03819,1.03836,2.48,1.50
2012.06.19 11:53:49.210,1.03819,1.03842,2.48,2.25
2012.06.19 11:53:49.719,1.03819,1.03843,2.64,1.13
2012.06.19 11:53:51.815,1.03828,1.03841,2.10,2.25
2012.06.19 11:53:52.062,1.03828,1.03848,4.28,1.73
2012.06.19 11:53:52.191,1.03828,1.03844,2.18,1.13
2012.06.19 11:53:52.775,1.03828,1.03844,2.18,1.13
2012.06.19 11:53:53.098,1.03826,1.03844,3.60,1.13
2012.06.19 11:53:53.176,1.03828,1.03849,1.50,2.10
2012.06.19 11:53:53.690,1.03828,1.03848,3.68,1.35
2012.06.19 11:53:55.034,1.03828,1.03847,2.18,1.50
2012.06.19 11:53:55.160,1.03821,1.03846,2.64,1.50
2012.06.19 11:53:55.232,1.03821,1.03845,1.14,2.25
2012.06.19 11:53:55.501,1.03821,1.03845,1.14,1.50
2012.06.19 11:53:55.720,1.03821,1.03848,2.64,2.85
2012.06.19 11:53:56.610,1.03821,1.03845,1.14,1.50
2012.06.19 11:53:56.929,1.0382,1.03845,2.41,2.25
2012.06.19 11:53:57.923,1.0382,1.03845,2.41,2.25
2012.06.19 11:53:58.511,1.0382,1.03845,2.41,2.25
2012.06.19 11:53:59.013,1.0382,1.03845,2.41,2.25
2012.06.19 11:53:59.703,1.0382,1.03845,2.41,2.25
2012.06.19 11:54:00.527,1.0382,1.03845,2.04,2.25
2012.06.19 11:54:01.084,1.0382,1.03845,2.04,2.25
2012.06.19 11:54:01.762,1.0382,1.03844,1.88,1.50
2012.06.19 11:54:03.292,1.0382,1.03845,1.88,2.25
2012.06.19 11:54:03.829,1.0382,1.03844,1.88,1.50
2012.06.19 11:54:04.294,1.03828,1.03847,2.18,2.25
2012.06.19 11:54:04.524,1.03828,1.03847,2.18,2.25
2012.06.19 11:54:05.057,1.03828,1.03845,2.18,1.50
2012.06.19 11:54:05.137,1.0382,1.03845,1.66,1.50
2012.06.19 11:54:05.672,1.03828,1.03845,2.18,1.50
2012.06.19 11:54:05.861,1.03828,1.03848,2.18,2.25
2012.06.19 11:54:06.352,1.03829,1.03854,1.50,2.63
2012.06.19 11:54:06.479,1.03822,1.03847,3.76,1.50
2012.06.19 11:54:06.550,1.03822,1.03847,1.66,1.50
2012.06.19 11:54:06.681,1.03828,1.03846,2.18,1.50
2012.06.19 11:54:07.190,1.03828,1.03847,2.78,1.50
2012.06.19 11:54:07.440,1.03828,1.03852,3.15,2.25
2012.06.19 11:54:07.513,1.03824,1.03848,2.64,1.50
2012.06.19 11:54:07.839,1.03824,1.03842,2.10,1.50
2012.06.19 11:54:07.912,1.03824,1.03845,2.10,1.50
2012.06.19 11:54:07.980,1.03821,1.03845,1.89,1.50
2012.06.19 11:54:08.110,1.03821,1.03842,1.89,1.50
2012.06.19 11:54:08.673,1.03821,1.03843,1.89,1.50
2012.06.19 11:54:09.220,1.03822,1.03844,1.89,1.50
2012.06.19 11:54:09.528,1.03825,1.03846,2.10,1.50
2012.06.19 11:54:10.470,1.03825,1.03844,2.10,1.50
2012.06.19 11:54:10.739,1.03825,1.03846,2.10,3.00
2012.06.19 11:54:10.809,1.03822,1.03846,3.39,1.50
2012.06.19 11:54:11.001,1.03822,1.03843,3.39,1.50
2012.06.19 11:54:12.320,1.03822,1.03845,3.23,3.75
2012.06.19 11:54:12.739,1.03822,1.03843,3.23,1.50
2012.06.19 11:54:13.051,1.03816,1.03834,2.26,1.50
2012.06.19 11:54:13.562,1.03816,1.03835,2.10,1.50
2012.06.19 11:54:14.059,1.03816,1.03836,2.10,1.50
2012.06.19 11:54:14.369,1.03813,1.03836,1.65,1.50
2012.06.19 11:54:14.509,1.03813,1.03834,1.65,1.50
2012.06.19 11:54:14.818,1.03809,1.03837,3.69,1.50
2012.06.19 11:54:15.249,1.0381,1.03834,1.51,1.50
2012.06.19 11:54:15.914,1.0381,1.03835,1.51,1.50
2012.06.19 11:54:17.598,1.0381,1.03834,1.51,1.50
2012.06.19 11:54:18.142,1.0381,1.03832,1.51,2.18
2012.06.19 11:54:20.574,1.03811,1.03836,1.51,1.50
2012.06.19 11:54:20.642,1.03811,1.03832,1.51,2.18
2012.06.19 11:54:21.030,1.03812,1.03838,1.51,2.25
2012.06.19 11:54:21.160,1.03812,1.03838,1.89,2.25
2012.06.19 11:54:21.472,1.03812,1.03832,2.26,2.18
2012.06.19 11:54:22.486,1.03809,1.03832,1.44,2.18
2012.06.19 11:54:22.992,1.03811,1.03831,1.29,1.50
2012.06.19 11:54:23.063,1.03811,1.03836,1.89,2.25
2012.06.19 11:54:23.249,1.0381,1.03837,1.66,2.25
2012.06.19 11:54:23.321,1.03807,1.0383,2.94,1.50
2012.06.19 11:54:23.630,1.03807,1.03828,1.51,1.50
2012.06.19 11:54:23.701,1.03807,1.03833,1.51,4.43
2012.06.19 11:54:23.784,1.03807,1.03831,1.51,1.50
2012.06.19 11:54:24.091,1.03808,1.03831,1.51,1.50
2012.06.19 11:54:24.220,1.03807,1.03832,3.31,2.25
2012.06.19 11:54:24.411,1.03806,1.0383,1.51,1.50
2012.06.19 11:54:24.721,1.03806,1.03827,1.51,1.50
2012.06.19 11:54:25.031,1.03806,1.03829,1.51,1.50
2012.06.19 11:54:25.923,1.03809,1.03833,1.13,2.93
2012.06.19 11:54:26.479,1.03808,1.03832,1.51,1.50
2012.06.19 11:54:28.072,1.03808,1.03832,1.51,1.50
2012.06.19 11:54:28.609,1.03808,1.03831,1.51,1.50
2012.06.19 11:54:28.962,1.03807,1.03831,1.89,1.50
2012.06.19 11:54:29.573,1.03806,1.03828,1.51,1.50
2012.06.19 11:54:30.183,1.03806,1.0383,1.89,1.50
2012.06.19 11:54:30.319,1.03806,1.03828,1.89,1.50
2012.06.19 11:54:30.879,1.03806,1.03831,2.64,3.00
2012.06.19 11:54:32.001,1.03808,1.03829,1.51,1.50
2012.06.19 11:54:32.310,1.03804,1.03827,2.64,1.50
2012.06.19 11:54:33.785,1.038,1.03826,1.51,1.50
2012.06.19 11:54:34.279,1.03799,1.03823,1.14,3.68
2012.06.19 11:54:34.469,1.038,1.03823,2.26,2.18
2012.06.19 11:54:34.961,1.038,1.03826,1.14,1.50
2012.06.19 11:54:35.092,1.03803,1.03828,1.66,1.50
2012.06.19 11:54:35.401,1.03804,1.03828,2.26,1.50
2012.06.19 11:54:35.739,1.03804,1.03825,2.26,1.50
2012.06.19 11:54:35.811,1.03804,1.03828,2.26,1.50
2012.06.19 11:54:35.879,1.038,1.03826,2.79,1.50
2012.06.19 11:54:36.553,1.03799,1.03825,1.44,1.50
2012.06.19 11:54:36.941,1.03799,1.03823,1.14,1.50
2012.06.19 11:54:37.069,1.03799,1.03823,1.14,1.50
2012.06.19 11:54:37.588,1.03798,1.03823,3.69,1.50
2012.06.19 11:54:37.900,1.03795,1.03821,1.14,1.50
2012.06.19 11:54:38.597,1.03797,1.03822,2.26,2.18
2012.06.19 11:54:38.910,1.03801,1.03823,2.26,2.18
2012.06.19 11:54:42.703,1.03799,1.03823,1.14,2.18
2012.06.19 11:54:43.051,1.03802,1.03823,2.10,2.18
2012.06.19 11:54:43.889,1.03805,1.03823,2.10,2.18
2012.06.19 11:54:44.080,1.03805,1.03828,2.10,2.25
2012.06.19 11:54:44.151,1.03803,1.03828,1.06,3.00
2012.06.19 11:54:44.283,1.03801,1.03822,1.06,2.18
2012.06.19 11:54:46.310,1.03806,1.03822,2.10,2.18
2012.06.19 11:54:49.772,1.03803,1.03822,1.05,2.18
2012.06.19 11:54:50.082,1.03801,1.0382,2.40,1.50
2012.06.19 11:54:50.154,1.03801,1.03822,2.40,5.18
2012.06.19 11:54:50.520,1.03798,1.0382,1.29,1.50
2012.06.19 11:54:50.650,1.03793,1.03818,5.19,1.50
2012.06.19 11:54:51.203,1.03797,1.0382,1.35,2.25
2012.06.19 11:54:51.411,1.03794,1.0382,2.25,2.25
2012.06.19 11:54:51.480,1.03794,1.0382,1.50,2.25
2012.06.19 11:54:51.983,1.03793,1.03818,2.26,2.25
2012.06.19 11:54:52.510,1.03796,1.03821,2.25,2.25
2012.06.19 11:54:53.034,1.03795,1.03822,2.25,2.25
2012.06.19 11:54:53.340,1.03796,1.03822,1.35,2.25
2012.06.19 11:54:54.350,1.03796,1.0382,1.35,2.25
2012.06.19 11:54:54.798,1.03796,1.03813,1.35,2.18
2012.06.19 11:54:55.108,1.03795,1.03813,2.85,2.18
2012.06.19 11:54:58.003,1.03797,1.03819,2.10,1.80
2012.06.19 11:54:58.193,1.03799,1.03822,1.35,2.93
2012.06.19 11:54:58.698,1.03801,1.03822,2.25,2.93
2012.06.19 11:54:59.299,1.03802,1.03822,1.50,2.18
2012.06.19 11:55:01.660,1.03804,1.03822,2.10,2.18
2012.06.19 11:55:01.910,1.03805,1.0383,2.26,2.25
2012.06.19 11:55:02.504,1.03804,1.03827,2.26,1.50
2012.06.19 11:55:02.576,1.03802,1.03829,2.41,2.25
2012.06.19 11:55:03.394,1.03802,1.03829,2.41,2.25
2012.06.19 11:55:04.539,1.03802,1.03829,2.41,2.25
2012.06.19 11:55:05.387,1.03802,1.03829,2.41,2.25
2012.06.19 11:55:07.525,1.03803,1.03827,1.66,1.50
2012.06.19 11:55:07.770,1.03803,1.03822,1.66,2.18
2012.06.19 11:55:09.799,1.03803,1.03822,1.66,2.18
2012.06.19 11:55:09.928,1.03803,1.03827,1.66,1.50
2012.06.19 11:55:10.389,1.03803,1.03823,1.66,2.18
2012.06.19 11:55:11.312,1.03801,1.03823,3.01,2.18
2012.06.19 11:55:12.307,1.03799,1.03823,1.66,2.18
2012.06.19 11:55:12.372,1.03798,1.03823,1.14,2.18
2012.06.19 11:55:13.595,1.03799,1.03823,2.04,2.18
2012.06.19 11:55:14.133,1.03799,1.03823,2.04,2.18
2012.06.19 11:55:14.708,1.03799,1.03823,3.54,2.18
2012.06.19 11:55:14.779,1.038,1.03826,1.66,2.25
2012.06.19 11:55:15.330,1.038,1.03826,1.66,2.25
2012.06.19 11:55:15.883,1.038,1.03826,2.41,2.25
2012.06.19 11:55:16.435,1.03801,1.03825,1.66,2.25
2012.06.19 11:55:18.046,1.03799,1.03825,2.04,1.50
2012.06.19 11:55:18.585,1.03798,1.03824,3.31,1.50
2012.06.19 11:55:18.842,1.03799,1.03824,1.29,1.50
2012.06.19 11:55:19.044,1.03802,1.03826,1.35,2.25
2012.06.19 11:55:19.621,1.03802,1.03825,1.35,2.25
2012.06.19 11:55:19.752,1.03802,1.03822,1.35,1.50
2012.06.19 11:55:20.050,1.03802,1.03825,1.50,2.25
2012.06.19 11:55:21.004,1.03802,1.03824,1.50,1.50
2012.06.19 11:55:21.309,1.03803,1.03826,1.35,2.25
2012.06.19 11:55:21.619,1.03807,1.03828,1.35,2.25
2012.06.19 11:55:22.361,1.03807,1.03829,2.93,2.25
2012.06.19 11:55:22.430,1.03804,1.03829,2.04,1.50
2012.06.19 11:55:22.741,1.03802,1.03825,1.89,1.50
2012.06.19 11:55:23.258,1.03802,1.03825,1.14,1.50
2012.06.19 11:55:24.903,1.03802,1.03825,1.14,1.50
2012.06.19 11:55:25.883,1.03802,1.03825,1.14,1.50
2012.06.19 11:55:27.959,1.03802,1.03825,1.14,1.50
2012.06.19 11:55:28.494,1.03801,1.03824,1.14,1.50
2012.06.19 11:55:28.686,1.03801,1.03827,1.14,1.50
2012.06.19 11:55:28.813,1.03801,1.03829,2.64,2.25
2012.06.19 11:55:29.294,1.03801,1.03827,1.89,1.50
2012.06.19 11:55:30.462,1.03802,1.03828,2.26,1.50
2012.06.19 11:55:31.161,1.03801,1.03825,1.14,1.50
2012.06.19 11:55:31.589,1.03797,1.03823,4.81,1.50
2012.06.19 11:55:31.905,1.03796,1.03822,1.14,3.00
2012.06.19 11:55:31.972,1.03796,1.03819,1.14,1.50
2012.06.19 11:55:32.173,1.03796,1.03821,1.14,1.50
2012.06.19 11:55:32.771,1.03797,1.03821,3.01,1.50
2012.06.19 11:55:33.322,1.03798,1.03822,1.66,1.50
2012.06.19 11:55:33.674,1.038,1.03822,2.26,1.50
2012.06.19 11:55:33.861,1.038,1.03825,2.26,1.50
2012.06.19 11:55:33.933,1.038,1.03823,2.10,1.50
2012.06.19 11:55:34.512,1.03801,1.03825,2.10,1.50
2012.06.19 11:55:35.171,1.038,1.03824,2.26,1.50
2012.06.19 11:55:36.303,1.03799,1.03824,3.91,1.50
2012.06.19 11:55:38.720,1.03799,1.03824,3.76,2.25
2012.06.19 11:55:39.029,1.03799,1.03823,3.60,1.50
2012.06.19 11:55:39.736,1.03799,1.03823,2.10,2.25
2012.06.19 11:55:40.045,1.03799,1.03823,1.50,3.68
2012.06.19 11:55:40.176,1.03793,1.0382,2.26,2.25
2012.06.19 11:55:40.562,1.03793,1.0382,1.66,2.25
2012.06.19 11:55:40.631,1.03796,1.03821,1.50,2.25
2012.06.19 11:55:41.518,1.03796,1.03821,1.50,2.25
2012.06.19 11:55:41.665,1.03794,1.03819,1.66,2.25
2012.06.19 11:55:41.734,1.03795,1.03821,2.25,2.25
2012.06.19 11:55:42.292,1.03794,1.03818,1.66,2.25
2012.06.19 11:55:42.420,1.03794,1.03819,2.25,1.13
2012.06.19 11:55:42.674,1.03795,1.0382,1.50,1.73
2012.06.19 11:55:43.202,1.03794,1.0382,1.50,2.48
2012.06.19 11:55:43.451,1.03794,1.0382,3.76,2.63
2012.06.19 11:55:43.972,1.03799,1.03823,1.50,2.93
2012.06.19 11:55:44.046,1.03797,1.03821,1.50,2.25
2012.06.19 11:55:44.501,1.03795,1.03822,1.50,2.25
2012.06.19 11:55:44.632,1.03798,1.03822,1.50,2.25
2012.06.19 11:55:45.151,1.03798,1.03822,1.50,2.25
2012.06.19 11:55:45.225,1.03796,1.03819,1.50,1.50
2012.06.19 11:55:45.535,1.03798,1.03821,1.50,1.13
2012.06.19 11:55:46.365,1.03797,1.0382,1.50,1.13
2012.06.19 11:55:46.952,1.03797,1.03821,1.50,1.13
2012.06.19 11:55:47.022,1.03793,1.03818,1.66,1.88
2012.06.19 11:55:47.151,1.03793,1.03818,1.66,1.50
2012.06.19 11:55:47.542,1.03793,1.03818,1.66,1.88
2012.06.19 11:55:47.829,1.03792,1.03815,1.66,1.50
2012.06.19 11:55:48.374,1.03792,1.03815,1.66,2.25
2012.06.19 11:55:48.589,1.03793,1.03818,1.66,2.25
2012.06.19 11:55:48.791,1.03795,1.0382,1.50,2.63
2012.06.19 11:55:49.099,1.03792,1.03815,1.66,1.50
2012.06.19 11:55:49.629,1.03793,1.03818,1.66,1.50
2012.06.19 11:55:50.010,1.03792,1.03815,1.66,1.50
2012.06.19 11:55:50.439,1.03798,1.03815,2.18,1.50
2012.06.19 11:55:50.571,1.03798,1.03817,2.18,1.50
2012.06.19 11:55:50.639,1.03798,1.03817,2.18,2.25
2012.06.19 11:55:50.771,1.03794,1.03817,1.50,2.70
2012.06.19 11:55:50.963,1.03795,1.03816,1.50,1.20
2012.06.19 11:55:51.089,1.03798,1.0382,2.18,2.63
2012.06.19 11:55:51.159,1.03798,1.0382,2.18,2.25
2012.06.19 11:55:51.262,1.03798,1.0382,2.18,3.00
2012.06.19 11:55:52.642,1.03798,1.0382,2.18,1.50
2012.06.19 11:55:52.829,1.03798,1.0382,2.18,2.25
2012.06.19 11:55:54.703,1.03798,1.03819,2.18,2.25
2012.06.19 11:55:57.332,1.03798,1.03819,2.18,3.00
2012.06.19 11:55:57.641,1.03797,1.03817,1.50,1.13
2012.06.19 11:55:57.843,1.0379,1.03815,2.26,1.88
2012.06.19 11:55:57.913,1.0379,1.03814,2.10,1.13
2012.06.19 11:55:58.411,1.03788,1.03813,1.66,2.25
2012.06.19 11:55:58.703,1.0379,1.03814,1.50,1.13
2012.06.19 11:55:59.315,1.0379,1.03814,1.50,1.13
2012.06.19 11:55:59.840,1.0379,1.03815,1.50,2.63
2012.06.19 11:56:00.504,1.03789,1.03812,1.50,2.25
2012.06.19 11:56:01.090,1.03791,1.03814,1.50,2.25
2012.06.19 11:56:01.401,1.03793,1.03815,1.50,1.13
2012.06.19 11:56:01.743,1.03791,1.03814,1.50,2.25
2012.06.19 11:56:02.321,1.03791,1.03814,1.50,2.25
2012.06.19 11:56:02.530,1.03793,1.03816,1.50,4.13
2012.06.19 11:56:02.823,1.03793,1.03814,1.50,2.25
2012.06.19 11:56:02.891,1.03788,1.03813,1.66,2.25
2012.06.19 11:56:03.203,1.03788,1.03813,3.16,4.88
2012.06.19 11:56:03.713,1.0379,1.03813,1.50,1.50
2012.06.19 11:56:04.104,1.03793,1.03815,1.50,1.13
2012.06.19 11:56:04.431,1.03796,1.03819,1.50,2.25
2012.06.19 11:56:04.502,1.03793,1.03818,1.66,2.25
2012.06.19 11:56:04.572,1.03796,1.0382,1.50,1.13
2012.06.19 11:56:04.962,1.03799,1.03822,1.50,2.63
2012.06.19 11:56:05.449,1.03797,1.0382,1.66,1.88
2012.06.19 11:56:06.002,1.03798,1.03821,1.50,1.13
2012.06.19 11:56:06.870,1.03798,1.03822,1.50,1.13
2012.06.19 11:56:06.942,1.03796,1.03819,3.16,1.88
2012.06.19 11:56:07.221,1.03796,1.03819,2.41,1.50
2012.06.19 11:56:07.291,1.03798,1.03821,1.50,2.25
2012.06.19 11:56:07.361,1.03798,1.03821,1.66,1.50
2012.06.19 11:56:07.861,1.038,1.03823,1.50,2.63
2012.06.19 11:56:08.238,1.03803,1.03823,1.50,1.88
2012.06.19 11:56:08.312,1.03801,1.03823,1.50,1.13
2012.06.19 11:56:09.049,1.03799,1.03823,1.66,1.13
2012.06.19 11:56:09.240,1.03802,1.03823,1.50,1.13
2012.06.19 11:56:09.650,1.03799,1.03824,1.66,2.63
2012.06.19 11:56:10.299,1.03799,1.03823,1.66,1.13
2012.06.19 11:56:10.813,1.03799,1.03824,1.66,2.63
2012.06.19 11:56:10.940,1.03799,1.03824,3.76,2.25
2012.06.19 11:56:11.015,1.03802,1.03825,1.50,2.25
2012.06.19 11:56:12.130,1.03799,1.03823,1.66,1.13
2012.06.19 11:56:12.260,1.03802,1.03823,1.50,1.13
2012.06.19 11:56:12.760,1.03799,1.03823,1.66,1.13
2012.06.19 11:56:13.844,1.03802,1.03824,1.50,1.13
2012.06.19 11:56:14.412,1.03802,1.03824,1.50,1.13
2012.06.19 11:56:15.096,1.03802,1.03824,1.50,1.13
2012.06.19 11:56:17.792,1.03802,1.03823,1.50,1.13
2012.06.19 11:56:18.341,1.03802,1.03823,1.50,1.13
2012.06.19 11:56:20.200,1.03797,1.03822,3.91,1.88
2012.06.19 11:56:20.271,1.03796,1.03819,1.66,1.50
2012.06.19 11:56:20.581,1.03798,1.03821,1.66,1.88
2012.06.19 11:56:21.397,1.038,1.03822,1.50,2.63
2012.06.19 11:56:21.522,1.03797,1.03822,1.66,4.13
2012.06.19 11:56:21.591,1.03798,1.03821,1.66,1.88
2012.06.19 11:56:22.459,1.03799,1.03822,1.50,2.63
2012.06.19 11:56:24.991,1.03797,1.03822,1.66,4.13
2012.06.19 11:56:25.827,1.038,1.03822,1.50,2.63
2012.06.19 11:56:25.959,1.03798,1.03822,1.66,4.13
2012.06.19 11:56:27.332,1.03797,1.03822,1.66,4.88
2012.06.19 11:56:29.273,1.03797,1.03821,1.50,1.13
2012.06.19 11:56:31.083,1.03797,1.0382,1.50,2.48
2012.06.19 11:56:31.515,1.03792,1.03816,1.66,1.50
2012.06.19 11:56:31.584,1.03791,1.03816,2.04,1.50
2012.06.19 11:56:31.772,1.03793,1.03818,1.66,3.60
2012.06.19 11:56:31.842,1.03792,1.03815,1.66,1.88
2012.06.19 11:56:32.395,1.03789,1.03814,2.26,1.50
2012.06.19 11:56:32.703,1.03791,1.03816,1.66,1.50
2012.06.19 11:56:32.952,1.03797,1.03818,1.50,2.10
2012.06.19 11:56:33.081,1.03794,1.03818,1.50,2.10
2012.06.19 11:56:33.601,1.03795,1.03818,1.50,3.60
2012.06.19 11:56:33.790,1.03797,1.03818,1.50,2.10
2012.06.19 11:56:34.280,1.03792,1.03817,2.41,2.63
2012.06.19 11:56:34.839,1.03792,1.03817,2.41,1.88
2012.06.19 11:56:35.071,1.03795,1.03818,1.50,3.23
2012.06.19 11:56:35.383,1.0379,1.03815,3.76,1.50
2012.06.19 11:56:35.692,1.03793,1.03817,1.29,2.85
2012.06.19 11:56:35.944,1.03797,1.03819,2.25,2.25
2012.06.19 11:56:36.452,1.03798,1.03823,1.50,3.00
2012.06.19 11:56:37.122,1.03799,1.03822,1.50,2.25
2012.06.19 11:56:37.563,1.03801,1.03825,1.50,1.13
2012.06.19 11:56:37.635,1.03801,1.03825,1.50,1.13
2012.06.19 11:56:38.180,1.038,1.03823,1.66,1.50
2012.06.19 11:56:42.750,1.038,1.03825,1.66,3.38
2012.06.19 11:56:43.082,1.03798,1.03821,1.66,1.50
2012.06.19 11:56:43.149,1.03799,1.03824,1.66,2.25
2012.06.19 11:56:46.395,1.03799,1.03824,1.66,2.25
2012.06.19 11:56:47.140,1.03799,1.03824,1.66,2.25
2012.06.19 11:56:47.330,1.03801,1.03825,1.50,1.13
2012.06.19 11:56:48.599,1.03799,1.03824,1.66,1.50
2012.06.19 11:56:49.169,1.03799,1.03824,3.16,2.25
2012.06.19 11:56:50.023,1.03801,1.03825,1.50,1.13
2012.06.19 11:56:51.283,1.03801,1.03825,1.66,1.13
2012.06.19 11:56:52.039,1.038,1.03823,1.66,1.50
2012.06.19 11:56:54.070,1.038,1.03823,1.66,2.25
2012.06.19 11:56:54.888,1.03797,1.0382,1.66,1.88
2012.06.19 11:56:54.973,1.03793,1.03816,1.50,1.50
2012.06.19 11:56:55.421,1.03795,1.03818,1.50,3.75
2012.06.19 11:56:55.962,1.03796,1.0382,1.50,1.13
2012.06.19 11:56:57.087,1.03796,1.0382,1.50,1.13
2012.06.19 11:56:57.591,1.03796,1.0382,1.50,1.13
2012.06.19 11:56:57.782,1.03796,1.03821,1.50,2.25
2012.06.19 11:56:59.492,1.03798,1.0382,1.50,1.13
2012.06.19 11:56:59.801,1.038,1.03824,1.50,1.13
2012.06.19 11:56:59.869,1.038,1.03825,1.50,2.63
2012.06.19 11:56:59.946,1.038,1.03824,1.50,1.13
2012.06.19 11:57:00.071,1.038,1.03823,1.50,2.63
2012.06.19 11:57:00.154,1.03798,1.03821,3.00,1.50
2012.06.19 11:57:00.592,1.038,1.03823,1.50,5.63
2012.06.19 11:57:01.254,1.038,1.03823,1.50,4.88
2012.06.19 11:57:02.111,1.038,1.03822,1.50,1.13
2012.06.19 11:57:02.440,1.038,1.03822,1.50,1.13
2012.06.19 11:57:02.571,1.03802,1.03824,1.50,1.50
2012.06.19 11:57:03.081,1.03802,1.03825,1.50,2.25
2012.06.19 11:57:03.609,1.03803,1.03826,1.50,1.13
2012.06.19 11:57:03.966,1.03798,1.03821,3.16,2.25
2012.06.19 11:57:04.103,1.03798,1.03821,4.35,1.50
2012.06.19 11:57:04.412,1.03802,1.03824,1.50,1.50
2012.06.19 11:57:04.991,1.038,1.03824,2.10,2.25
2012.06.19 11:57:05.781,1.03801,1.03825,1.50,1.13
2012.06.19 11:57:06.412,1.038,1.03823,3.60,2.25
2012.06.19 11:57:07.259,1.03801,1.03825,1.50,1.13
2012.06.19 11:57:07.781,1.03801,1.03825,1.50,1.13
2012.06.19 11:57:09.063,1.038,1.03823,2.10,3.00
2012.06.19 11:57:09.591,1.03802,1.03823,1.50,1.50
2012.06.19 11:57:09.910,1.03796,1.03819,1.50,2.25
2012.06.19 11:57:10.700,1.03796,1.03819,1.50,3.00
2012.06.19 11:57:12.022,1.03796,1.03819,1.50,3.00
2012.06.19 11:57:12.565,1.03796,1.03819,1.50,3.00
2012.06.19 11:57:13.282,1.03793,1.03818,2.26,1.50
2012.06.19 11:57:13.352,1.03796,1.03819,1.50,3.00
2012.06.19 11:57:13.871,1.03797,1.0382,1.50,2.25
2012.06.19 11:57:14.303,1.03799,1.03822,1.50,3.38
2012.06.19 11:57:14.943,1.03796,1.03819,1.50,2.25
2012.06.19 11:57:15.480,1.03796,1.03819,1.88,2.25
2012.06.19 11:57:15.552,1.03799,1.03822,1.50,3.00
2012.06.19 11:57:15.683,1.03801,1.03826,1.50,2.63
2012.06.19 11:57:16.259,1.03801,1.03826,1.50,2.63
2012.06.19 11:57:17.074,1.03801,1.03826,1.50,2.63
2012.06.19 11:57:18.283,1.03798,1.03821,4.51,1.50
2012.06.19 11:57:18.452,1.038,1.03823,2.10,2.25
2012.06.19 11:57:19.930,1.038,1.03823,1.50,2.25
2012.06.19 11:57:20.002,1.03797,1.03822,1.66,4.13
2012.06.19 11:57:20.191,1.03805,1.03822,1.50,2.63
2012.06.19 11:57:20.381,1.03807,1.03828,2.25,1.50
2012.06.19 11:57:20.512,1.03807,1.03823,2.25,1.50
2012.06.19 11:57:20.584,1.03798,1.03822,3.91,1.50
2012.06.19 11:57:20.773,1.03799,1.03824,2.04,1.50
2012.06.19 11:57:21.320,1.03802,1.03825,1.66,1.50
2012.06.19 11:57:21.450,1.038,1.03823,3.16,1.50
2012.06.19 11:57:21.711,1.038,1.03823,1.66,1.50
2012.06.19 11:57:22.230,1.03799,1.03824,2.04,2.25
2012.06.19 11:57:22.741,1.03801,1.03826,1.66,2.25
2012.06.19 11:57:22.933,1.038,1.03823,1.66,1.50
2012.06.19 11:57:23.121,1.03801,1.03826,1.66,2.25
2012.06.19 11:57:23.250,1.038,1.03823,1.66,1.50
2012.06.19 11:57:23.820,1.038,1.03823,1.66,1.50
2012.06.19 11:57:23.950,1.03801,1.03826,1.66,2.25
2012.06.19 11:57:24.732,1.03802,1.03825,1.50,1.50
2012.06.19 11:57:24.804,1.03799,1.03822,1.66,1.50
2012.06.19 11:57:24.877,1.038,1.03825,1.66,2.25
2012.06.19 11:57:25.420,1.03802,1.03826,1.50,1.13
2012.06.19 11:57:25.933,1.03803,1.03826,1.50,2.63
2012.06.19 11:57:26.123,1.03801,1.03824,1.50,1.50
2012.06.19 11:57:26.511,1.03803,1.03826,1.50,2.63
2012.06.19 11:57:26.579,1.038,1.03825,1.66,2.25
2012.06.19 11:57:26.780,1.03799,1.03822,1.66,1.50
2012.06.19 11:57:27.313,1.03801,1.03824,3.16,1.50
2012.06.19 11:57:27.445,1.03802,1.03826,1.50,1.13
2012.06.19 11:57:27.574,1.038,1.03825,1.66,1.50
2012.06.19 11:57:27.702,1.03802,1.03826,1.50,1.13
2012.06.19 11:57:28.041,1.03806,1.03826,1.50,1.13
2012.06.19 11:57:28.230,1.03803,1.03826,1.50,1.13
2012.06.19 11:57:28.363,1.03803,1.03825,1.50,1.50
2012.06.19 11:57:28.494,1.03803,1.03826,1.50,1.13
2012.06.19 11:57:29.013,1.03798,1.0382,2.25,2.25
2012.06.19 11:57:29.393,1.03801,1.03822,1.50,1.13
2012.06.19 11:57:29.751,1.03804,1.03823,1.50,3.00
2012.06.19 11:57:29.822,1.03803,1.03823,1.50,2.25
2012.06.19 11:57:29.890,1.03805,1.03827,1.50,1.13
2012.06.19 11:57:30.021,1.03803,1.03827,1.50,2.25
2012.06.19 11:57:30.150,1.03805,1.03829,1.50,3.00
2012.06.19 11:57:30.513,1.03803,1.03828,3.00,2.25
2012.06.19 11:57:31.197,1.03803,1.03828,1.50,2.25
2012.06.19 11:57:33.912,1.03803,1.03828,1.50,3.38
2012.06.19 11:57:34.102,1.03801,1.03825,1.66,2.25
2012.06.19 11:57:34.235,1.03798,1.03822,2.41,1.50
2012.06.19 11:57:35.070,1.038,1.03823,1.50,2.25
2012.06.19 11:57:35.920,1.038,1.03823,1.50,2.25
2012.06.19 11:57:37.562,1.03804,1.03823,1.50,2.25
2012.06.19 11:57:37.752,1.03808,1.03829,1.50,1.13
2012.06.19 11:57:37.884,1.03808,1.03831,1.50,2.63
2012.06.19 11:57:38.411,1.03803,1.03826,1.66,1.50
2012.06.19 11:57:38.949,1.038,1.03825,2.79,1.50
2012.06.19 11:57:39.853,1.038,1.03825,2.79,1.50
2012.06.19 11:57:40.379,1.03804,1.03829,1.66,1.50
2012.06.19 11:57:40.899,1.03804,1.03829,1.66,1.50
2012.06.19 11:57:41.441,1.03807,1.0383,1.50,1.50
2012.06.19 11:57:42.951,1.03805,1.03828,1.66,1.50
2012.06.19 11:57:43.462,1.03805,1.03828,1.66,1.88
2012.06.19 11:57:43.591,1.03805,1.03828,1.66,3.00
2012.06.19 11:57:43.781,1.03803,1.03823,1.66,2.25
2012.06.19 11:57:43.851,1.03803,1.03823,1.50,2.25
2012.06.19 11:57:44.285,1.038,1.03823,1.66,2.25
2012.06.19 11:57:45.359,1.038,1.03823,1.66,2.25
2012.06.19 11:57:46.651,1.038,1.03823,1.66,2.25
2012.06.19 11:57:47.249,1.038,1.03823,3.16,2.25
2012.06.19 11:57:47.632,1.03803,1.03828,1.50,2.25
2012.06.19 11:57:47.700,1.03804,1.03827,1.66,1.50
2012.06.19 11:57:48.292,1.03804,1.03827,1.66,1.50
2012.06.19 11:57:48.682,1.03802,1.03822,1.66,2.25
2012.06.19 11:57:48.878,1.03801,1.03822,1.66,2.25
2012.06.19 11:57:49.496,1.03804,1.03822,1.50,2.25
2012.06.19 11:57:49.763,1.03802,1.03822,3.00,2.25
2012.06.19 11:57:50.728,1.03803,1.03822,1.50,2.25
2012.06.19 11:57:51.004,1.03806,1.03822,1.50,2.25
2012.06.19 11:57:51.072,1.03806,1.03829,1.50,1.88
2012.06.19 11:57:51.142,1.03806,1.03829,1.50,1.50
2012.06.19 11:57:51.211,1.03804,1.03827,3.16,1.50
2012.06.19 11:57:51.993,1.03804,1.03827,1.66,1.50
2012.06.19 11:57:52.802,1.03804,1.03827,1.66,1.50
2012.06.19 11:57:53.155,1.03806,1.03829,1.50,2.25
2012.06.19 11:57:53.610,1.03804,1.03827,1.66,1.50
2012.06.19 11:57:54.314,1.03804,1.03827,1.66,1.50
2012.06.19 11:57:55.252,1.03802,1.03825,1.66,1.50
2012.06.19 11:57:55.800,1.03799,1.03824,1.66,1.50
2012.06.19 11:57:56.199,1.03801,1.03826,1.66,1.50
2012.06.19 11:57:56.781,1.03801,1.03826,1.66,1.50
2012.06.19 11:57:56.851,1.03805,1.03829,1.50,1.13
2012.06.19 11:57:57.160,1.03808,1.03829,1.50,1.13
2012.06.19 11:57:57.291,1.03808,1.0383,1.50,1.13
2012.06.19 11:57:57.960,1.03805,1.03828,2.25,1.50
2012.06.19 11:57:58.529,1.03804,1.03826,1.51,1.50
2012.06.19 11:57:58.600,1.03803,1.03826,1.66,1.50
2012.06.19 11:57:59.061,1.03804,1.03829,1.66,1.50
2012.06.19 11:57:59.608,1.03804,1.03829,1.66,2.25
2012.06.19 11:58:01.652,1.03806,1.0383,1.50,1.13
2012.06.19 11:58:02.660,1.03806,1.03831,1.50,2.63
2012.06.19 11:58:03.580,1.03808,1.03831,1.50,1.13
2012.06.19 11:58:04.283,1.03807,1.0383,1.50,1.88
2012.06.19 11:58:04.733,1.03805,1.03828,1.66,1.50
2012.06.19 11:58:04.951,1.03806,1.0383,1.66,1.13
2012.06.19 11:58:05.274,1.03809,1.0383,1.50,1.13
2012.06.19 11:58:06.152,1.03806,1.03831,2.41,1.88
2012.06.19 11:58:07.039,1.03807,1.0383,1.66,1.88
2012.06.19 11:58:07.230,1.03809,1.03832,1.50,1.50
2012.06.19 11:58:07.359,1.03807,1.0383,3.91,1.50
2012.06.19 11:58:08.538,1.03807,1.0383,3.91,1.50
2012.06.19 11:58:12.321,1.03809,1.03832,1.50,1.50
2012.06.19 11:58:12.452,1.03811,1.03833,1.50,3.00
2012.06.19 11:58:12.883,1.03807,1.03832,3.91,1.50
2012.06.19 11:58:13.485,1.03807,1.03832,3.91,1.50
2012.06.19 11:58:14.205,1.03807,1.03832,3.91,1.50
2012.06.19 11:58:15.552,1.03807,1.03827,2.41,1.50
2012.06.19 11:58:15.740,1.03807,1.0383,3.00,2.10
2012.06.19 11:58:16.262,1.03808,1.03831,1.50,2.85
2012.06.19 11:58:16.750,1.03805,1.03828,1.66,1.50
2012.06.19 11:58:16.820,1.03803,1.03826,1.66,1.50
2012.06.19 11:58:17.093,1.03804,1.03829,1.66,1.50
2012.06.19 11:58:17.161,1.03804,1.03829,3.16,1.88
2012.06.19 11:58:17.470,1.03808,1.03827,2.25,1.50
2012.06.19 11:58:17.671,1.03808,1.03832,2.41,3.75
2012.06.19 11:58:17.813,1.03811,1.03832,1.50,2.25
2012.06.19 11:58:18.060,1.03809,1.03832,1.66,2.25
2012.06.19 11:58:18.832,1.03808,1.03831,1.66,1.50
2012.06.19 11:58:19.373,1.03808,1.03831,1.66,1.88
2012.06.19 11:58:19.920,1.03808,1.03831,1.66,1.50
2012.06.19 11:58:20.109,1.0381,1.03832,1.50,2.63
2012.06.19 11:58:20.365,1.03808,1.03831,1.66,1.50
2012.06.19 11:58:20.690,1.0381,1.03832,1.50,2.25
2012.06.19 11:58:22.813,1.03811,1.03832,3.16,2.25
2012.06.19 11:58:22.881,1.03811,1.03832,3.00,2.25
2012.06.19 11:58:22.952,1.03818,1.03837,2.25,2.25
2012.06.19 11:58:23.022,1.03818,1.03837,2.25,1.50
2012.06.19 11:58:23.150,1.03818,1.0384,2.25,2.25
2012.06.19 11:58:23.341,1.03818,1.03838,2.25,1.50
2012.06.19 11:58:23.652,1.03818,1.03834,2.25,1.50
2012.06.19 11:58:23.722,1.03811,1.03834,1.66,1.50
2012.06.19 11:58:23.792,1.03811,1.03832,1.66,2.25
2012.06.19 11:58:25.613,1.03811,1.03832,1.66,2.25
2012.06.19 11:58:26.532,1.03808,1.03831,2.79,1.50
2012.06.19 11:58:26.722,1.03809,1.03832,1.66,2.25
2012.06.19 11:58:26.976,1.03812,1.03832,1.50,2.25
2012.06.19 11:58:27.045,1.03812,1.03835,1.50,2.25
2012.06.19 11:58:27.113,1.03814,1.03837,1.50,2.25
2012.06.19 11:58:27.183,1.03814,1.03837,1.50,1.50
2012.06.19 11:58:27.491,1.03817,1.03839,1.50,3.00
2012.06.19 11:58:27.824,1.03815,1.03836,1.66,1.50
2012.06.19 11:58:28.381,1.03817,1.03837,2.18,1.50
2012.06.19 11:58:29.371,1.03812,1.03837,1.66,2.25
2012.06.19 11:58:29.683,1.03811,1.03835,1.89,1.50
2012.06.19 11:58:30.732,1.03811,1.03835,1.14,1.50
2012.06.19 11:58:31.250,1.03813,1.03836,1.66,3.75
2012.06.19 11:58:34.084,1.03814,1.03839,1.50,2.25
2012.06.19 11:58:34.610,1.03812,1.03837,1.66,2.25
2012.06.19 11:58:35.339,1.03812,1.03837,3.91,2.25
2012.06.19 11:58:35.411,1.03815,1.03838,2.41,1.50
2012.06.19 11:58:35.898,1.03818,1.03838,2.18,1.50
2012.06.19 11:58:35.975,1.03821,1.03843,1.50,1.50
2012.06.19 11:58:36.460,1.03819,1.03841,3.16,1.50
2012.06.19 11:58:37.601,1.03818,1.0384,2.34,1.50
2012.06.19 11:58:39.077,1.03819,1.03841,2.41,1.50
2012.06.19 11:58:39.962,1.03819,1.03841,1.66,1.50
2012.06.19 11:58:41.864,1.03819,1.03841,1.66,1.50
2012.06.19 11:58:42.406,1.03819,1.03841,1.66,1.50
2012.06.19 11:58:43.220,1.0382,1.03844,1.66,2.25
2012.06.19 11:58:43.933,1.0382,1.03844,2.25,1.50
2012.06.19 11:58:45.144,1.03821,1.03845,2.10,2.63
2012.06.19 11:58:45.524,1.0382,1.03842,2.10,1.50
2012.06.19 11:58:45.652,1.0382,1.03842,1.66,1.50
2012.06.19 11:58:45.723,1.0382,1.03842,2.41,1.50
2012.06.19 11:58:46.160,1.03818,1.03841,2.18,1.50
2012.06.19 11:58:46.294,1.03818,1.03838,2.18,1.50
2012.06.19 11:58:47.123,1.03818,1.0384,3.84,1.50
2012.06.19 11:58:47.492,1.03819,1.03843,1.50,3.75
2012.06.19 11:58:48.010,1.03818,1.0384,5.18,1.50
2012.06.19 11:58:48.461,1.0382,1.03842,1.50,2.25
2012.06.19 11:58:48.554,1.03818,1.03841,3.68,1.50
2012.06.19 11:58:48.923,1.03818,1.03841,2.78,1.50
2012.06.19 11:58:49.312,1.03818,1.0384,4.81,1.50
2012.06.19 11:58:50.599,1.03819,1.03843,1.50,2.25
2012.06.19 11:58:50.671,1.03819,1.03843,1.66,1.50
2012.06.19 11:58:51.161,1.03818,1.0384,3.68,1.50
2012.06.19 11:58:53.073,1.03818,1.03841,2.18,1.50
2012.06.19 11:58:53.522,1.03818,1.03839,2.34,1.50
2012.06.19 11:58:54.062,1.03818,1.0384,3.84,1.50
2012.06.19 11:58:54.371,1.03818,1.03838,2.34,1.50
2012.06.19 11:58:54.642,1.03818,1.03841,2.34,1.50
2012.06.19 11:58:58.139,1.03818,1.0384,3.84,1.50
2012.06.19 11:59:01.480,1.03818,1.03838,2.94,1.50
2012.06.19 11:59:10.464,1.03818,1.0384,3.68,2.25
2012.06.19 11:59:10.784,1.03813,1.03836,3.00,2.63
2012.06.19 11:59:10.911,1.03815,1.03837,1.50,1.13
2012.06.19 11:59:11.164,1.03811,1.03834,3.91,1.50
2012.06.19 11:59:11.233,1.03812,1.03837,2.25,2.63
2012.06.19 11:59:11.782,1.03813,1.03836,1.50,2.25
2012.06.19 11:59:12.306,1.03813,1.03836,1.50,2.25
2012.06.19 11:59:13.340,1.03815,1.03838,3.00,2.25
2012.06.19 11:59:13.770,1.03817,1.0384,1.50,2.25
2012.06.19 11:59:14.070,1.03814,1.03839,1.50,2.25
2012.06.19 11:59:15.152,1.03814,1.03839,1.50,2.25
2012.06.19 11:59:16.422,1.03814,1.03839,1.50,2.25
2012.06.19 11:59:16.567,1.03817,1.0384,1.50,2.25
2012.06.19 11:59:17.256,1.03815,1.03838,1.50,2.25
2012.06.19 11:59:17.382,1.03818,1.0384,1.50,2.25
2012.06.19 11:59:17.692,1.03816,1.03838,1.50,2.25
2012.06.19 11:59:17.761,1.03818,1.0384,1.50,3.75
2012.06.19 11:59:18.269,1.03818,1.0384,1.50,2.25
2012.06.19 11:59:18.421,1.03814,1.03839,1.66,2.25
2012.06.19 11:59:18.760,1.03813,1.03836,2.04,1.50
2012.06.19 11:59:18.983,1.03814,1.03839,1.66,2.25
2012.06.19 11:59:19.955,1.03812,1.03837,1.66,1.50
2012.06.19 11:59:20.443,1.03811,1.03834,2.41,1.50
2012.06.19 11:59:20.809,1.03811,1.03834,2.41,1.50
2012.06.19 11:59:22.285,1.0381,1.03835,1.66,1.50
2012.06.19 11:59:22.412,1.03814,1.03837,1.50,2.25
2012.06.19 11:59:22.941,1.03813,1.03838,1.50,2.25
2012.06.19 11:59:23.464,1.03812,1.03835,2.25,1.50
2012.06.19 11:59:23.777,1.03816,1.03839,3.00,2.25
2012.06.19 11:59:24.083,1.03821,1.03844,1.50,1.13
2012.06.19 11:59:24.152,1.03822,1.03844,1.50,1.88
2012.06.19 11:59:24.622,1.0382,1.03842,1.66,1.50
2012.06.19 11:59:25.871,1.0382,1.03842,1.66,1.50
2012.06.19 11:59:26.438,1.0382,1.03842,1.66,1.50
2012.06.19 11:59:26.965,1.0382,1.03842,1.66,1.50
2012.06.19 11:59:27.611,1.0382,1.03842,1.66,1.50
2012.06.19 11:59:27.842,1.03821,1.03845,1.50,2.63
2012.06.19 11:59:27.912,1.0382,1.03842,1.66,1.50
2012.06.19 11:59:28.956,1.03822,1.03844,1.50,2.63
2012.06.19 11:59:29.280,1.0382,1.03843,1.66,1.50
2012.06.19 11:59:29.356,1.03822,1.03843,1.50,1.50
2012.06.19 11:59:29.483,1.0382,1.03843,1.66,1.50
2012.06.19 11:59:29.862,1.03822,1.03844,1.50,2.63
2012.06.19 11:59:30.169,1.03825,1.03849,1.50,2.63
2012.06.19 11:59:30.362,1.03822,1.03844,1.50,2.25
2012.06.19 11:59:30.905,1.03819,1.03843,1.66,1.50
2012.06.19 11:59:31.277,1.03821,1.03845,1.50,2.63
2012.06.19 11:59:31.700,1.0382,1.03842,1.66,1.50
2012.06.19 11:59:31.959,1.03821,1.03845,1.50,2.63
2012.06.19 11:59:32.949,1.03821,1.03844,1.50,1.50
2012.06.19 11:59:33.623,1.03821,1.03845,1.50,2.63
2012.06.19 11:59:33.753,1.03819,1.03843,1.66,1.50
2012.06.19 11:59:34.063,1.03813,1.03836,1.66,3.00
2012.06.19 11:59:34.251,1.03808,1.03833,4.29,1.50
2012.06.19 11:59:34.321,1.0381,1.03835,2.04,1.50
2012.06.19 11:59:34.449,1.03811,1.03835,1.29,1.50
2012.06.19 11:59:34.521,1.03817,1.0384,2.25,1.50
2012.06.19 11:59:35.031,1.03817,1.0384,2.41,1.50
2012.06.19 11:59:36.335,1.03817,1.0384,2.41,1.50
2012.06.19 11:59:36.740,1.03819,1.03841,1.50,2.25
2012.06.19 11:59:39.471,1.03819,1.03842,1.50,1.13
2012.06.19 11:59:40.001,1.03822,1.03844,1.50,2.25
2012.06.19 11:59:40.772,1.03822,1.03844,1.50,2.25
2012.06.19 11:59:41.011,1.03824,1.03846,1.50,2.63
2012.06.19 11:59:41.623,1.03822,1.03844,3.00,1.50
2012.06.19 11:59:41.764,1.03823,1.03846,1.50,1.50
2012.06.19 11:59:42.465,1.03823,1.03847,1.50,2.25
2012.06.19 11:59:42.851,1.03821,1.03845,1.66,1.50
2012.06.19 11:59:43.222,1.03823,1.03847,1.50,2.25
2012.06.19 11:59:44.143,1.03823,1.03847,1.66,1.50
2012.06.19 11:59:44.272,1.03825,1.03849,1.66,2.25
2012.06.19 11:59:44.344,1.03828,1.03849,1.50,2.25
2012.06.19 11:59:44.651,1.03825,1.03849,1.66,1.50
2012.06.19 11:59:45.197,1.03825,1.03849,1.66,2.25
2012.06.19 11:59:46.724,1.03825,1.03849,1.66,1.50
2012.06.19 11:59:47.683,1.03825,1.03849,1.66,2.25
2012.06.19 11:59:47.755,1.03828,1.0385,1.50,2.25
2012.06.19 11:59:48.002,1.03832,1.03854,1.50,1.50
2012.06.19 11:59:48.131,1.03835,1.03856,1.50,1.13
2012.06.19 11:59:48.441,1.03833,1.03856,1.66,1.13
2012.06.19 11:59:48.960,1.03832,1.03854,1.66,1.50
2012.06.19 11:59:50.168,1.03833,1.03856,1.50,1.50
2012.06.19 11:59:50.441,1.03832,1.03854,1.66,1.50
2012.06.19 11:59:50.643,1.03833,1.03857,1.50,2.25
2012.06.19 11:59:51.256,1.03833,1.03857,1.66,2.25
2012.06.19 11:59:51.932,1.03831,1.03855,1.66,1.50
2012.06.19 11:59:54.330,1.03831,1.03855,1.66,1.50
2012.06.19 11:59:54.895,1.03831,1.03855,1.66,1.50
2012.06.19 11:59:55.400,1.03833,1.03857,1.66,2.25
2012.06.19 11:59:55.741,1.03833,1.03857,2.04,1.50
2012.06.19 11:59:55.994,1.03838,1.03861,1.50,1.50
2012.06.19 11:59:56.120,1.03837,1.03857,1.50,1.50
2012.06.19 11:59:56.250,1.03832,1.03856,2.79,1.50
2012.06.19 11:59:56.440,1.03836,1.03858,1.50,1.50
2012.06.19 11:59:57.086,1.03835,1.03859,1.66,2.25
2012.06.19 11:59:57.841,1.03833,1.03857,2.04,1.50
2012.06.19 11:59:58.279,1.03835,1.03859,1.50,1.50
2012.06.19 11:59:58.411,1.03832,1.03856,1.66,1.50
2012.06.19 11:59:58.727,1.03828,1.03852,1.50,2.25
2012.06.19 11:59:58.794,1.03823,1.03847,2.04,1.50
2012.06.19 11:59:59.111,1.03828,1.0385,1.50,1.88
2012.06.19 11:59:59.303,1.03825,1.03849,1.66,1.88
2012.06.19 11:59:59.433,1.03828,1.0385,1.50,1.50
2012.06.19 11:59:59.744,1.03829,1.03853,1.50,4.43
2012.06.19 11:59:59.871,1.03832,1.03854,1.50,2.25
2012.06.19 11:59:59.943,1.03832,1.03854,1.50,2.25
