2016.04.20 05:00:01.942,0.98964,0.98988,1.00,1.37
2016.04.20 05:00:02.748,0.98959,0.98985,1.00,1.87
2016.04.20 05:00:03.201,0.98959,0.98982,1.00,1.00
2016.04.20 05:00:03.365,0.98964,0.98982,1.00,1.00
2016.04.20 05:00:03.465,0.98959,0.98982,1.00,1.00
2016.04.20 05:00:05.354,0.98963,0.98982,1.00,1.00
2016.04.20 05:00:05.674,0.98959,0.98982,1.00,1.00
2016.04.20 05:00:05.932,0.98959,0.98982,1.00,1.75
2016.04.20 05:00:09.215,0.98958,0.98983,1.00,1.75
2016.04.20 05:00:10.395,0.98959,0.98983,1.00,1.75
2016.04.20 05:00:11.058,0.98963,0.98986,1.00,1.87
2016.04.20 05:00:11.108,0.98963,0.98983,1.00,1.00
2016.04.20 05:00:11.723,0.98964,0.98983,1.00,1.00
2016.04.20 05:00:14.161,0.98963,0.98983,1.00,1.00
2016.04.20 05:00:21.725,0.98964,0.98983,1.00,1.00
2016.04.20 05:00:22.845,0.98959,0.98983,1.00,1.00
2016.04.20 05:00:23.405,0.98959,0.98983,1.00,1.37
2016.04.20 05:00:24.126,0.98959,0.98983,1.00,1.12
2016.04.20 05:00:24.346,0.98959,0.98983,1.00,1.37
2016.04.20 05:00:26.901,0.98964,0.98983,1.00,1.00
2016.04.20 05:00:27.408,0.98964,0.98983,1.00,1.37
2016.04.20 05:00:28.264,0.98959,0.98983,1.00,1.37
2016.04.20 05:00:28.806,0.98959,0.98983,1.00,1.00
2016.04.20 05:00:29.804,0.98963,0.98983,1.00,1.12
2016.04.20 05:00:31.138,0.98963,0.98983,1.00,1.37
2016.04.20 05:00:31.189,0.98959,0.98983,1.00,1.37
2016.04.20 05:00:33.171,0.98959,0.98982,1.00,1.12
2016.04.20 05:00:33.914,0.98959,0.98981,1.00,1.12
2016.04.20 05:00:34.217,0.98953,0.98974,1.00,1.87
2016.04.20 05:00:36.046,0.98953,0.9897,1.00,1.75
2016.04.20 05:00:36.147,0.98944,0.9897,1.00,2.25
2016.04.20 05:00:36.289,0.98938,0.9897,1.00,1.75
2016.04.20 05:00:36.542,0.98944,0.98968,1.00,1.87
2016.04.20 05:00:39.956,0.98939,0.98968,1.00,1.75
2016.04.20 05:00:40.206,0.98934,0.98969,1.75,1.75
2016.04.20 05:00:40.307,0.98944,0.98969,1.00,2.62
2016.04.20 05:00:43.905,0.98938,0.98968,1.00,1.12
2016.04.20 05:00:44.166,0.98944,0.98968,1.00,1.12
2016.04.20 05:00:44.711,0.98943,0.98968,1.00,1.75
2016.04.20 05:00:47.761,0.98944,0.98969,1.00,1.75
2016.04.20 05:00:47.913,0.98939,0.98968,1.00,1.75
2016.04.20 05:00:48.014,0.98943,0.98968,1.00,1.75
2016.04.20 05:00:49.295,0.98943,0.98969,1.00,1.75
2016.04.20 05:00:54.475,0.98944,0.98971,1.00,1.87
2016.04.20 05:00:58.444,0.98943,0.98968,1.00,1.37
2016.04.20 05:00:59.897,0.98944,0.9897,1.00,1.12
2016.04.20 05:01:00.099,0.98938,0.98969,1.12,1.87
2016.04.20 05:01:00.415,0.98944,0.98969,1.00,1.87
2016.04.20 05:01:00.945,0.98944,0.98969,1.00,1.87
2016.04.20 05:01:01.098,0.98939,0.98969,1.00,2.62
2016.04.20 05:01:01.250,0.98938,0.98966,1.00,1.00
2016.04.20 05:01:01.300,0.98943,0.98966,1.00,1.00
2016.04.20 05:01:05.029,0.98944,0.98966,1.00,1.00
2016.04.20 05:01:05.144,0.98939,0.98966,1.00,1.00
2016.04.20 05:01:06.574,0.98938,0.98966,1.00,1.00
2016.04.20 05:01:06.675,0.98943,0.98966,1.00,1.00
2016.04.20 05:01:06.978,0.98943,0.98965,1.00,1.75
2016.04.20 05:01:07.028,0.98938,0.98965,1.00,1.75
2016.04.20 05:01:09.241,0.98944,0.98965,1.00,1.75
2016.04.20 05:01:10.204,0.98939,0.98966,1.00,1.75
2016.04.20 05:01:10.763,0.98938,0.98966,1.00,1.75
2016.04.20 05:01:10.820,0.98938,0.98968,1.00,1.75
2016.04.20 05:01:11.234,0.98938,0.98966,1.00,2.25
2016.04.20 05:01:11.436,0.98933,0.98961,1.00,1.00
2016.04.20 05:01:11.849,0.98939,0.98961,1.00,1.00
2016.04.20 05:01:18.126,0.98938,0.98961,1.00,1.00
2016.04.20 05:01:26.372,0.98939,0.98961,1.00,1.00
2016.04.20 05:01:26.574,0.98939,0.98964,1.00,1.37
2016.04.20 05:01:26.806,0.98943,0.98966,1.00,1.12
2016.04.20 05:01:31.753,0.98938,0.98963,1.00,1.00
2016.04.20 05:01:31.983,0.98944,0.98963,1.00,1.00
2016.04.20 05:01:35.493,0.98939,0.98963,1.00,1.00
2016.04.20 05:01:36.923,0.98943,0.98963,1.00,1.00
2016.04.20 05:01:40.343,0.98939,0.98963,1.00,1.00
2016.04.20 05:01:40.545,0.98938,0.98963,1.00,1.50
2016.04.20 05:01:40.860,0.98938,0.9896,1.00,1.37
2016.04.20 05:01:41.011,0.98934,0.9896,1.00,1.37
2016.04.20 05:01:43.667,0.98934,0.9896,1.00,1.12
2016.04.20 05:01:44.972,0.98939,0.9896,1.00,1.12
2016.04.20 05:01:46.273,0.98934,0.9896,1.00,1.12
2016.04.20 05:01:46.622,0.98939,0.9896,1.00,1.12
2016.04.20 05:01:52.092,0.98933,0.9896,1.00,1.50
2016.04.20 05:01:52.193,0.98925,0.9896,1.75,1.75
2016.04.20 05:01:52.395,0.98929,0.98964,1.50,1.75
2016.04.20 05:01:52.698,0.98938,0.98961,1.00,1.00
2016.04.20 05:01:59.140,0.98939,0.98961,1.00,1.00
2016.04.20 05:02:06.405,0.98938,0.98961,1.00,1.12
2016.04.20 05:02:12.533,0.98939,0.98964,1.00,1.12
2016.04.20 05:02:17.592,0.98938,0.98964,1.00,1.12
2016.04.20 05:02:18.303,0.98939,0.98964,1.00,1.12
2016.04.20 05:02:18.807,0.98938,0.98964,1.00,1.12
2016.04.20 05:02:19.468,0.98944,0.98965,1.00,1.75
2016.04.20 05:02:20.262,0.98939,0.98966,1.00,1.75
2016.04.20 05:02:21.383,0.98944,0.98963,1.00,1.37
2016.04.20 05:02:21.484,0.98939,0.98964,1.00,1.12
2016.04.20 05:02:21.585,0.98935,0.98965,1.00,1.37
2016.04.20 05:02:21.686,0.98944,0.98965,1.00,1.37
2016.04.20 05:02:21.888,0.98939,0.98965,1.00,1.87
2016.04.20 05:02:22.521,0.98938,0.98962,1.00,1.12
2016.04.20 05:02:27.078,0.98944,0.98962,1.00,1.00
2016.04.20 05:02:28.519,0.98939,0.98962,1.00,3.37
2016.04.20 05:02:28.570,0.98939,0.98962,1.00,1.87
2016.04.20 05:02:28.872,0.98939,0.98959,1.00,1.87
2016.04.20 05:02:35.783,0.98934,0.98958,1.00,1.12
2016.04.20 05:02:35.884,0.98933,0.98958,1.00,1.00
2016.04.20 05:02:35.985,0.98933,0.98957,1.00,1.37
2016.04.20 05:02:36.136,0.98933,0.9896,1.00,1.87
2016.04.20 05:02:36.489,0.98933,0.98956,1.00,1.75
2016.04.20 05:02:36.812,0.98933,0.98955,1.00,1.75
2016.04.20 05:02:36.963,0.98929,0.98955,1.00,1.75
2016.04.20 05:02:37.189,0.98938,0.98959,1.00,1.75
2016.04.20 05:02:37.240,0.98938,0.98959,1.00,1.75
2016.04.20 05:02:38.063,0.98934,0.98959,1.00,1.75
2016.04.20 05:02:41.821,0.98939,0.98959,1.00,2.25
2016.04.20 05:02:42.232,0.98933,0.98959,1.00,2.25
2016.04.20 05:02:43.251,0.98939,0.98959,1.00,1.75
2016.04.20 05:02:46.411,0.98934,0.98959,1.00,1.87
2016.04.20 05:02:51.468,0.98939,0.98959,1.00,1.75
2016.04.20 05:02:55.577,0.98934,0.98958,1.00,1.12
2016.04.20 05:02:56.081,0.98933,0.98957,1.00,1.12
2016.04.20 05:02:57.309,0.98933,0.98955,1.00,1.50
2016.04.20 05:02:57.828,0.98933,0.98956,1.00,1.75
2016.04.20 05:02:58.954,0.98934,0.98955,1.00,1.75
2016.04.20 05:02:59.056,0.98934,0.98958,1.00,1.87
2016.04.20 05:03:06.891,0.98928,0.98956,1.00,1.37
2016.04.20 05:03:07.361,0.98934,0.98956,1.00,1.37
2016.04.20 05:03:10.352,0.98934,0.98955,1.00,1.12
2016.04.20 05:03:12.457,0.98934,0.98954,1.00,1.00
2016.04.20 05:03:17.583,0.98929,0.98954,1.00,1.00
2016.04.20 05:03:18.741,0.98929,0.98952,1.00,1.37
2016.04.20 05:03:18.919,0.98918,0.98953,1.75,1.75
2016.04.20 05:03:19.020,0.98924,0.98952,1.00,1.75
2016.04.20 05:03:19.475,0.98924,0.98952,1.12,1.50
2016.04.20 05:03:20.201,0.98928,0.98954,1.00,1.75
2016.04.20 05:03:20.503,0.98928,0.98955,1.00,1.37
2016.04.20 05:03:20.554,0.98921,0.98954,1.75,1.12
2016.04.20 05:03:20.655,0.98928,0.98955,1.00,2.62
2016.04.20 05:03:20.907,0.98928,0.98954,1.00,1.00
2016.04.20 05:03:21.008,0.98925,0.98954,1.00,1.00
2016.04.20 05:03:21.109,0.98928,0.98954,1.00,1.00
2016.04.20 05:03:21.566,0.98925,0.98954,1.00,1.00
2016.04.20 05:03:21.667,0.98929,0.98954,1.00,1.00
2016.04.20 05:03:23.236,0.98925,0.98954,1.00,1.00
2016.04.20 05:03:23.287,0.98929,0.98954,1.00,1.00
2016.04.20 05:03:23.439,0.98925,0.98954,1.00,1.00
2016.04.20 05:03:23.540,0.98929,0.98954,1.00,1.00
2016.04.20 05:03:23.641,0.98925,0.98954,1.00,1.00
2016.04.20 05:03:23.742,0.98929,0.98954,1.00,1.00
2016.04.20 05:03:27.422,0.98929,0.9896,1.12,1.75
2016.04.20 05:03:30.830,0.98928,0.9896,1.97,1.75
2016.04.20 05:03:31.133,0.98934,0.98961,1.00,1.87
2016.04.20 05:03:31.184,0.98934,0.98961,1.00,1.87
2016.04.20 05:03:32.310,0.98928,0.9896,1.75,1.87
2016.04.20 05:03:32.512,0.98934,0.98961,1.00,1.75
2016.04.20 05:03:32.613,0.98933,0.98964,1.50,1.87
2016.04.20 05:03:35.817,0.98938,0.98966,1.00,1.75
2016.04.20 05:03:38.860,0.98933,0.98965,1.50,1.75
2016.04.20 05:03:40.624,0.98938,0.98965,1.00,1.12
2016.04.20 05:03:40.996,0.98934,0.98966,1.12,2.62
2016.04.20 05:03:41.510,0.98939,0.98965,1.00,1.75
2016.04.20 05:03:42.131,0.98939,0.98962,1.00,1.12
2016.04.20 05:03:42.665,0.98938,0.98961,1.00,1.37
2016.04.20 05:03:43.930,0.98934,0.98963,1.00,1.12
2016.04.20 05:03:44.361,0.98939,0.98962,1.00,1.12
2016.04.20 05:03:48.792,0.98933,0.98964,1.00,1.12
2016.04.20 05:03:48.944,0.98933,0.98964,1.75,1.12
2016.04.20 05:03:48.995,0.98938,0.98965,1.00,1.12
2016.04.20 05:03:49.530,0.98934,0.98963,1.50,1.37
2016.04.20 05:03:52.083,0.98939,0.98963,1.00,1.37
2016.04.20 05:03:55.045,0.98938,0.98967,1.00,1.87
2016.04.20 05:03:55.555,0.98939,0.98966,1.00,1.12
2016.04.20 05:03:55.818,0.98934,0.98966,1.50,1.87
2016.04.20 05:03:56.020,0.98939,0.98966,1.00,1.12
2016.04.20 05:03:56.569,0.98938,0.98965,1.00,1.12
2016.04.20 05:03:59.355,0.98934,0.98965,1.50,1.12
2016.04.20 05:04:02.869,0.98938,0.98964,1.00,1.12
2016.04.20 05:04:04.886,0.98938,0.98967,1.00,1.12
2016.04.20 05:04:05.088,0.98938,0.98969,1.50,1.12
2016.04.20 05:04:19.788,0.98943,0.98971,1.00,1.75
2016.04.20 05:04:20.454,0.98939,0.98973,1.50,1.87
2016.04.20 05:04:20.505,0.98939,0.98974,1.50,1.75
2016.04.20 05:04:20.606,0.98939,0.98975,2.25,1.87
2016.04.20 05:04:21.198,0.98944,0.98974,1.00,1.12
2016.04.20 05:04:22.760,0.98944,0.98975,1.37,1.12
2016.04.20 05:04:22.886,0.98944,0.98974,1.75,1.00
2016.04.20 05:04:23.090,0.98949,0.98974,1.00,1.00
2016.04.20 05:04:23.712,0.98949,0.98974,1.00,1.50
2016.04.20 05:04:26.190,0.98943,0.98975,1.12,1.12
2016.04.20 05:04:33.471,0.98948,0.98975,1.00,1.12
2016.04.20 05:04:33.572,0.98944,0.98974,1.00,1.37
2016.04.20 05:04:33.774,0.98944,0.98972,1.00,1.37
2016.04.20 05:04:33.925,0.98938,0.9897,1.12,1.87
2016.04.20 05:04:34.026,0.98944,0.98969,1.00,1.75
2016.04.20 05:04:34.356,0.98938,0.9897,1.12,1.75
2016.04.20 05:04:39.314,0.98944,0.98969,1.00,1.87
2016.04.20 05:04:39.415,0.98934,0.98969,1.87,1.87
2016.04.20 05:04:39.617,0.98944,0.98969,1.00,1.75
2016.04.20 05:04:39.830,0.98939,0.98969,1.00,1.75
2016.04.20 05:04:40.416,0.98938,0.98968,1.12,1.12
2016.04.20 05:04:40.669,0.98938,0.98965,1.12,1.50
2016.04.20 05:04:41.010,0.98938,0.98965,1.00,1.75
2016.04.20 05:04:41.619,0.98939,0.98965,1.00,1.75
2016.04.20 05:04:43.917,0.98939,0.98966,1.00,1.12
2016.04.20 05:04:49.087,0.98938,0.98967,1.00,1.12
2016.04.20 05:04:58.770,0.98939,0.98966,1.00,1.87
2016.04.20 05:04:58.871,0.98939,0.98966,1.00,1.87
2016.04.20 05:05:01.066,0.98938,0.98966,1.00,1.87
2016.04.20 05:05:06.092,0.98939,0.98964,1.00,1.12
2016.04.20 05:05:10.443,0.98939,0.98966,1.00,1.50
2016.04.20 05:05:11.069,0.98943,0.98966,1.00,1.37
2016.04.20 05:05:11.647,0.98939,0.98965,1.00,1.00
2016.04.20 05:05:13.111,0.98939,0.98965,1.00,1.37
2016.04.20 05:05:13.162,0.98939,0.98965,1.00,1.12
2016.04.20 05:05:23.070,0.98938,0.98966,1.00,1.87
2016.04.20 05:05:23.585,0.98939,0.98964,1.00,1.12
2016.04.20 05:05:24.072,0.98939,0.9896,1.00,1.00
2016.04.20 05:05:24.173,0.98933,0.9896,1.00,1.00
2016.04.20 05:05:24.224,0.98933,0.9896,1.00,1.12
2016.04.20 05:05:24.597,0.98928,0.98955,1.00,1.12
2016.04.20 05:05:25.288,0.98928,0.98955,1.00,1.87
2016.04.20 05:05:26.478,0.98929,0.98956,1.00,1.75
2016.04.20 05:05:26.528,0.98929,0.98955,1.00,1.75
2016.04.20 05:05:26.831,0.98934,0.98955,1.00,1.75
2016.04.20 05:05:27.033,0.98929,0.98954,1.00,1.12
2016.04.20 05:05:27.688,0.98928,0.98955,1.00,1.87
2016.04.20 05:05:35.950,0.98934,0.98955,1.00,1.87
2016.04.20 05:05:36.102,0.98934,0.98955,1.00,1.00
2016.04.20 05:05:36.810,0.98934,0.98958,1.00,1.12
2016.04.20 05:05:37.164,0.98929,0.98956,1.00,1.87
2016.04.20 05:05:37.880,0.98929,0.98954,1.00,1.12
2016.04.20 05:05:38.165,0.98924,0.98954,1.50,1.12
2016.04.20 05:05:38.365,0.98929,0.98954,1.00,1.12
2016.04.20 05:05:39.021,0.98928,0.98955,1.00,1.12
2016.04.20 05:05:39.540,0.98929,0.98955,1.00,1.12
2016.04.20 05:05:50.874,0.98929,0.98953,1.00,1.12
2016.04.20 05:05:53.154,0.98929,0.98952,1.00,1.00
2016.04.20 05:05:53.756,0.98929,0.98952,1.00,1.37
2016.04.20 05:05:54.059,0.98929,0.98952,1.00,1.37
2016.04.20 05:05:54.211,0.98924,0.98953,1.12,1.37
2016.04.20 05:05:54.262,0.98924,0.98956,1.50,1.12
2016.04.20 05:05:54.313,0.98924,0.98952,1.50,1.00
2016.04.20 05:05:54.730,0.98919,0.98946,1.00,1.50
2016.04.20 05:05:55.186,0.98918,0.98946,1.00,1.12
2016.04.20 05:05:57.369,0.98918,0.9894,1.00,1.12
2016.04.20 05:05:57.420,0.98916,0.9894,1.50,1.12
2016.04.20 05:05:57.471,0.98916,0.98943,1.50,1.75
2016.04.20 05:05:57.572,0.98916,0.9894,1.50,1.00
2016.04.20 05:05:57.623,0.98919,0.9894,1.00,1.00
2016.04.20 05:05:57.823,0.98919,0.98944,1.00,1.37
2016.04.20 05:05:58.416,0.98918,0.98945,1.00,1.12
2016.04.20 05:06:00.627,0.98917,0.98946,1.50,1.87
2016.04.20 05:06:00.829,0.98919,0.98946,1.00,1.87
2016.04.20 05:06:01.171,0.98917,0.98942,1.50,1.00
2016.04.20 05:06:01.440,0.98916,0.98941,1.50,1.37
2016.04.20 05:06:01.593,0.98913,0.98942,1.50,1.37
2016.04.20 05:06:01.694,0.98918,0.98943,1.00,1.50
2016.04.20 05:06:01.846,0.98914,0.9894,1.12,1.12
2016.04.20 05:06:02.100,0.98915,0.98941,1.50,1.12
2016.04.20 05:06:02.301,0.98918,0.98941,1.00,1.00
2016.04.20 05:06:02.352,0.98918,0.98942,1.00,1.50
2016.04.20 05:06:02.663,0.98918,0.98945,1.00,1.50
2016.04.20 05:06:02.764,0.98917,0.98945,1.50,1.00
2016.04.20 05:06:02.814,0.98919,0.98945,1.00,1.00
2016.04.20 05:06:03.377,0.98918,0.98945,1.00,1.00
2016.04.20 05:06:04.063,0.98918,0.98948,1.37,1.50
2016.04.20 05:06:04.114,0.98916,0.98952,1.75,2.62
2016.04.20 05:06:04.328,0.98924,0.98951,1.00,1.12
2016.04.20 05:06:05.537,0.98919,0.98952,1.37,1.87
2016.04.20 05:06:05.688,0.98923,0.98952,1.00,1.37
2016.04.20 05:06:07.408,0.98924,0.98952,1.00,1.37
2016.04.20 05:06:07.936,0.98923,0.98952,1.50,1.37
2016.04.20 05:06:09.389,0.98923,0.98952,1.50,1.12
2016.04.20 05:06:12.697,0.98929,0.98952,1.00,1.00
2016.04.20 05:06:13.100,0.98929,0.98955,1.00,1.12
2016.04.20 05:06:13.697,0.98929,0.98955,1.00,1.37
2016.04.20 05:06:13.899,0.98929,0.98955,1.00,1.12
2016.04.20 05:06:13.950,0.98924,0.98955,1.12,1.12
2016.04.20 05:06:14.001,0.98924,0.98955,1.75,1.00
2016.04.20 05:06:14.505,0.98929,0.98958,1.00,1.12
2016.04.20 05:06:15.109,0.98934,0.9896,1.00,1.87
2016.04.20 05:06:18.278,0.98934,0.9896,1.00,1.12
2016.04.20 05:06:18.329,0.98929,0.9896,1.75,1.37
2016.04.20 05:06:23.061,0.98933,0.9896,1.00,1.37
2016.04.20 05:06:23.464,0.98934,0.98961,1.00,1.12
2016.04.20 05:06:23.565,0.98934,0.98964,1.50,1.12
2016.04.20 05:06:23.817,0.98933,0.98964,1.12,1.12
2016.04.20 05:06:25.496,0.98934,0.98965,1.00,1.87
2016.04.20 05:06:25.748,0.98934,0.98965,1.50,1.37
2016.04.20 05:06:54.419,0.98934,0.98961,1.50,1.12
2016.04.20 05:06:54.520,0.98929,0.98958,1.50,1.37
2016.04.20 05:06:54.744,0.98928,0.98958,1.75,1.87
2016.04.20 05:06:54.795,0.98928,0.98955,1.00,1.00
2016.04.20 05:06:54.950,0.98926,0.98955,1.00,1.00
2016.04.20 05:06:55.304,0.98929,0.98955,1.00,1.00
2016.04.20 05:06:55.405,0.98926,0.98955,1.00,1.00
2016.04.20 05:06:55.607,0.98934,0.98955,1.00,1.00
2016.04.20 05:06:55.859,0.98934,0.9896,1.00,1.00
2016.04.20 05:06:56.067,0.98931,0.9896,1.00,1.00
2016.04.20 05:06:56.169,0.98934,0.9896,1.00,1.00
2016.04.20 05:06:58.908,0.98934,0.9896,1.00,1.37
2016.04.20 05:07:00.598,0.98934,0.9896,1.00,1.00
2016.04.20 05:07:02.386,0.98934,0.98964,1.37,1.12
2016.04.20 05:07:02.774,0.98938,0.98964,1.00,1.37
2016.04.20 05:07:04.287,0.98933,0.98964,1.50,1.12
2016.04.20 05:07:04.640,0.98939,0.98965,1.00,1.12
2016.04.20 05:07:09.570,0.98933,0.98965,1.50,1.12
2016.04.20 05:07:09.753,0.98933,0.98963,1.00,1.12
2016.04.20 05:07:13.452,0.98939,0.98961,1.00,1.37
2016.04.20 05:07:13.553,0.98933,0.98961,1.00,1.37
2016.04.20 05:07:17.017,0.98933,0.98963,1.50,1.37
2016.04.20 05:07:17.068,0.98939,0.98962,1.00,1.00
2016.04.20 05:07:19.997,0.98939,0.98966,1.00,1.37
2016.04.20 05:07:20.208,0.98934,0.98967,1.75,1.12
2016.04.20 05:07:20.561,0.98939,0.98968,1.00,1.87
2016.04.20 05:07:21.008,0.98939,0.98969,1.12,1.12
2016.04.20 05:07:21.109,0.98939,0.98967,1.00,1.12
2016.04.20 05:07:23.318,0.98939,0.98965,1.00,1.87
2016.04.20 05:07:24.193,0.98934,0.98965,1.12,1.12
2016.04.20 05:07:27.014,0.98934,0.98962,1.00,1.87
2016.04.20 05:07:32.219,0.98933,0.98962,1.00,1.12
2016.04.20 05:07:34.892,0.98928,0.98958,1.75,1.00
2016.04.20 05:07:36.718,0.98934,0.9896,1.00,1.12
2016.04.20 05:07:37.446,0.98934,0.98959,1.00,1.12
2016.04.20 05:07:38.066,0.98933,0.98959,1.00,1.12
2016.04.20 05:07:39.333,0.98933,0.98959,1.00,1.12
2016.04.20 05:07:39.585,0.98929,0.98959,1.75,1.12
2016.04.20 05:07:40.016,0.98933,0.98959,1.00,1.12
2016.04.20 05:07:40.218,0.98934,0.98959,1.00,1.37
2016.04.20 05:07:40.319,0.98934,0.98958,1.00,1.12
2016.04.20 05:07:40.370,0.98928,0.98957,1.12,1.75
2016.04.20 05:07:40.420,0.98928,0.98957,1.00,2.25
2016.04.20 05:07:42.922,0.98929,0.98956,1.00,1.12
2016.04.20 05:07:50.247,0.98924,0.98953,1.00,1.75
2016.04.20 05:07:50.905,0.98928,0.98953,1.00,1.75
2016.04.20 05:07:54.907,0.98929,0.98951,1.00,1.37
2016.04.20 05:07:55.521,0.98929,0.98951,1.00,1.12
2016.04.20 05:07:56.061,0.98928,0.98953,1.00,1.87
2016.04.20 05:07:57.314,0.98934,0.98953,1.00,1.87
2016.04.20 05:07:57.415,0.98928,0.98953,1.00,1.12
2016.04.20 05:07:57.617,0.98924,0.98951,1.00,1.12
2016.04.20 05:07:57.719,0.98924,0.98947,1.00,1.00
2016.04.20 05:07:58.069,0.98915,0.98937,1.50,1.00
2016.04.20 05:07:58.459,0.98916,0.98944,1.50,1.75
2016.04.20 05:07:58.610,0.98918,0.98943,1.00,1.75
2016.04.20 05:07:58.770,0.98919,0.98944,1.00,1.37
2016.04.20 05:07:58.871,0.98915,0.98947,2.25,1.75
2016.04.20 05:07:58.972,0.98919,0.98949,1.12,1.37
2016.04.20 05:07:59.173,0.98923,0.98952,1.00,1.87
2016.04.20 05:07:59.274,0.98918,0.98949,1.37,1.37
2016.04.20 05:08:01.264,0.98918,0.98951,1.75,1.75
2016.04.20 05:08:01.582,0.98924,0.98952,1.00,1.87
2016.04.20 05:08:02.103,0.98923,0.98952,1.00,1.87
2016.04.20 05:08:03.802,0.98924,0.98952,1.00,1.87
2016.04.20 05:08:03.904,0.98919,0.98949,1.00,1.12
2016.04.20 05:08:03.954,0.98919,0.98945,1.00,1.12
2016.04.20 05:08:04.358,0.98916,0.98944,1.50,1.37
2016.04.20 05:08:05.108,0.98918,0.98944,1.00,1.37
2016.04.20 05:08:05.782,0.98917,0.98946,1.50,1.87
2016.04.20 05:08:06.482,0.98916,0.98944,1.50,1.37
2016.04.20 05:08:06.885,0.98916,0.9894,1.50,1.75
2016.04.20 05:08:07.087,0.98913,0.98938,1.00,1.12
2016.04.20 05:08:07.188,0.98909,0.98938,1.00,1.12
2016.04.20 05:08:07.802,0.98908,0.98937,1.50,1.00
2016.04.20 05:08:08.566,0.9891,0.98939,1.00,1.00
2016.04.20 05:08:08.869,0.98919,0.98939,1.00,1.00
2016.04.20 05:08:18.818,0.98919,0.98945,1.00,1.87
2016.04.20 05:08:18.869,0.98916,0.98945,1.50,1.87
2016.04.20 05:08:19.226,0.98919,0.98945,1.00,1.75
2016.04.20 05:08:19.876,0.98917,0.98945,1.50,1.75
2016.04.20 05:08:20.408,0.98916,0.98945,1.50,1.75
2016.04.20 05:08:22.314,0.98919,0.98946,1.00,1.75
2016.04.20 05:08:22.504,0.98919,0.98949,1.00,1.75
2016.04.20 05:08:22.693,0.98919,0.98951,1.12,1.75
2016.04.20 05:08:22.897,0.9892,0.98955,1.75,1.75
2016.04.20 05:08:25.141,0.98928,0.98956,1.00,1.87
2016.04.20 05:08:25.476,0.98924,0.98955,1.12,1.75
2016.04.20 05:08:27.231,0.98919,0.98953,1.75,1.87
2016.04.20 05:08:27.284,0.98919,0.98953,1.75,1.87
2016.04.20 05:08:27.335,0.98923,0.98953,1.00,1.87
2016.04.20 05:08:27.486,0.98923,0.98954,1.12,1.12
2016.04.20 05:08:28.887,0.98924,0.98956,1.00,2.25
2016.04.20 05:08:29.199,0.98929,0.98955,1.00,1.75
2016.04.20 05:08:30.557,0.98924,0.98955,1.00,1.12
2016.04.20 05:08:33.303,0.98925,0.98955,1.00,1.37
2016.04.20 05:08:33.505,0.98924,0.98951,1.00,1.12
2016.04.20 05:08:33.713,0.98919,0.98947,1.00,1.12
2016.04.20 05:08:35.507,0.98919,0.98946,1.00,1.75
2016.04.20 05:08:36.008,0.98914,0.9895,2.62,4.12
2016.04.20 05:08:36.109,0.98917,0.98946,1.00,1.00
2016.04.20 05:08:36.210,0.98919,0.98946,1.00,1.00
2016.04.20 05:08:37.965,0.98918,0.98946,1.00,1.00
2016.04.20 05:08:39.374,0.98918,0.98939,1.00,1.00
2016.04.20 05:08:39.526,0.98912,0.98936,2.25,1.12
2016.04.20 05:08:39.627,0.98908,0.98932,1.00,1.00
2016.04.20 05:08:40.167,0.98909,0.98932,1.00,1.00
2016.04.20 05:08:40.757,0.98909,0.98935,1.00,1.00
2016.04.20 05:08:41.379,0.98913,0.98935,1.00,1.00
2016.04.20 05:08:41.927,0.98914,0.98935,1.00,1.00
2016.04.20 05:08:42.448,0.98913,0.98935,1.00,1.00
2016.04.20 05:08:43.016,0.98914,0.98935,1.00,1.00
2016.04.20 05:08:44.051,0.98913,0.98935,1.00,1.00
2016.04.20 05:08:44.152,0.98913,0.98941,1.00,1.75
2016.04.20 05:08:44.632,0.98915,0.98946,1.50,1.37
2016.04.20 05:08:44.733,0.98914,0.98948,1.75,1.75
2016.04.20 05:08:47.245,0.98919,0.98947,1.00,1.87
2016.04.20 05:08:47.415,0.98913,0.98947,2.25,1.87
2016.04.20 05:08:50.397,0.98919,0.98947,1.00,1.75
2016.04.20 05:08:53.229,0.98919,0.98948,1.00,1.12
2016.04.20 05:08:53.279,0.98919,0.98948,1.00,1.37
2016.04.20 05:08:56.896,0.98923,0.9895,1.00,1.12
2016.04.20 05:08:59.733,0.98919,0.9895,1.00,1.12
2016.04.20 05:08:59.843,0.98919,0.98948,1.00,1.50
2016.04.20 05:09:00.178,0.98914,0.98942,1.00,1.87
2016.04.20 05:09:05.577,0.98909,0.98942,1.75,1.75
2016.04.20 05:09:05.679,0.98914,0.98942,1.00,1.75
2016.04.20 05:09:06.224,0.98919,0.98942,1.00,1.75
2016.04.20 05:09:06.578,0.98918,0.98942,1.00,1.12
2016.04.20 05:09:06.679,0.98914,0.98942,1.00,1.00
2016.04.20 05:09:07.009,0.98918,0.98942,1.00,1.00
2016.04.20 05:09:08.436,0.98913,0.98942,1.50,1.00
2016.04.20 05:09:08.487,0.98913,0.98944,1.00,1.75
2016.04.20 05:09:09.184,0.98913,0.98935,1.00,1.00
2016.04.20 05:09:09.234,0.98911,0.98934,1.12,1.00
2016.04.20 05:09:09.285,0.98911,0.98934,1.00,1.75
2016.04.20 05:09:09.336,0.98904,0.98933,1.12,1.50
2016.04.20 05:09:09.437,0.98909,0.98936,1.00,1.75
2016.04.20 05:09:09.588,0.98909,0.98938,1.00,1.87
2016.04.20 05:09:10.084,0.98909,0.98941,1.12,2.62
2016.04.20 05:09:10.404,0.98914,0.98941,1.00,1.87
2016.04.20 05:09:11.291,0.98909,0.98941,1.12,2.62
2016.04.20 05:09:15.714,0.98914,0.9894,1.00,1.87
2016.04.20 05:09:16.048,0.98908,0.98941,2.25,3.37
2016.04.20 05:09:17.006,0.98913,0.9894,1.00,1.87
2016.04.20 05:09:17.883,0.98909,0.9894,1.87,1.87
2016.04.20 05:09:23.749,0.98914,0.98939,1.00,1.12
2016.04.20 05:09:23.933,0.98909,0.98941,1.87,4.12
2016.04.20 05:09:30.472,0.98914,0.98941,1.00,2.25
2016.04.20 05:09:33.081,0.98909,0.9894,1.87,1.12
2016.04.20 05:09:33.724,0.98909,0.98938,1.50,1.12
2016.04.20 05:09:36.624,0.98913,0.98938,1.00,1.12
2016.04.20 05:09:36.915,0.98909,0.98938,1.00,1.12
2016.04.20 05:09:38.435,0.98909,0.98937,1.00,1.12
2016.04.20 05:09:38.587,0.98904,0.9893,1.00,1.75
2016.04.20 05:09:38.638,0.98904,0.9893,1.00,1.75
2016.04.20 05:09:38.940,0.98909,0.9893,1.00,1.75
2016.04.20 05:09:39.042,0.98909,0.98933,1.00,1.87
2016.04.20 05:09:40.018,0.98904,0.98933,1.00,1.00
2016.04.20 05:09:40.119,0.98907,0.98933,1.00,1.00
2016.04.20 05:09:40.469,0.98913,0.98939,1.00,1.75
2016.04.20 05:09:41.438,0.98909,0.98939,1.00,1.75
2016.04.20 05:09:41.540,0.98909,0.98934,1.00,1.75
2016.04.20 05:09:42.049,0.98908,0.98934,1.00,3.37
2016.04.20 05:09:42.353,0.98904,0.98931,1.00,1.12
2016.04.20 05:09:42.876,0.98904,0.98926,1.00,1.00
2016.04.20 05:09:44.333,0.98904,0.98928,1.00,2.25
2016.04.20 05:09:44.534,0.98899,0.98923,1.00,1.37
2016.04.20 05:09:44.845,0.98904,0.98926,1.00,1.75
2016.04.20 05:09:45.349,0.98903,0.98926,1.00,1.75
2016.04.20 05:09:46.061,0.98909,0.98932,1.00,1.75
2016.04.20 05:09:46.163,0.98909,0.98938,1.00,1.87
2016.04.20 05:09:46.668,0.98909,0.98939,1.50,1.12
2016.04.20 05:09:46.719,0.98914,0.98939,1.00,1.12
2016.04.20 05:09:47.156,0.98909,0.98941,1.50,2.62
2016.04.20 05:09:47.610,0.98914,0.98942,1.00,1.75
2016.04.20 05:09:47.853,0.98909,0.98941,1.50,1.75
2016.04.20 05:09:51.088,0.98913,0.98941,1.00,1.75
2016.04.20 05:09:51.189,0.9891,0.98946,2.25,1.75
2016.04.20 05:09:51.240,0.98912,0.98947,1.37,1.75
2016.04.20 05:09:51.290,0.98913,0.9895,1.50,1.75
2016.04.20 05:09:51.341,0.98913,0.98945,2.25,1.00
2016.04.20 05:09:52.557,0.98918,0.9895,1.75,1.50
2016.04.20 05:09:53.061,0.98923,0.98952,1.00,1.12
2016.04.20 05:09:55.353,0.98919,0.98951,1.75,1.75
2016.04.20 05:09:56.053,0.98919,0.98949,1.37,1.50
2016.04.20 05:09:56.103,0.98919,0.98945,1.00,1.00
2016.04.20 05:09:56.255,0.98913,0.98945,1.12,1.87
2016.04.20 05:09:56.632,0.98913,0.98949,1.87,1.87
2016.04.20 05:09:57.002,0.98919,0.9895,1.00,1.75
2016.04.20 05:09:57.203,0.98919,0.98952,1.50,1.75
2016.04.20 05:09:58.678,0.98915,0.98949,1.50,1.75
2016.04.20 05:09:58.779,0.98916,0.98946,1.00,1.12
2016.04.20 05:09:59.081,0.98918,0.98946,1.00,1.12
2016.04.20 05:09:59.426,0.98913,0.98946,2.25,1.12
2016.04.20 05:09:59.840,0.98914,0.98947,1.50,1.12
2016.04.20 05:09:59.896,0.98914,0.98948,1.75,1.12
2016.04.20 05:09:59.997,0.98919,0.9895,1.00,1.75
2016.04.20 05:10:00.098,0.98914,0.98949,1.75,1.75
2016.04.20 05:10:00.652,0.98918,0.98949,1.00,1.75
2016.04.20 05:10:01.184,0.98919,0.98947,1.00,1.37
2016.04.20 05:10:01.622,0.98913,0.98947,2.25,1.87
2016.04.20 05:10:02.517,0.98914,0.98941,1.37,1.37
2016.04.20 05:10:02.568,0.98914,0.98941,1.00,1.75
2016.04.20 05:10:02.619,0.98911,0.98941,1.12,1.50
2016.04.20 05:10:02.720,0.98911,0.98941,1.00,1.50
2016.04.20 05:10:02.821,0.9891,0.98944,1.75,1.12
2016.04.20 05:10:03.378,0.98913,0.98945,1.75,1.12
2016.04.20 05:10:07.918,0.9891,0.98942,1.37,2.25
2016.04.20 05:10:07.968,0.9891,0.98937,1.00,1.75
2016.04.20 05:10:08.120,0.98908,0.98937,1.00,1.87
2016.04.20 05:10:12.002,0.98904,0.98933,1.75,1.30
2016.04.20 05:10:12.052,0.98904,0.98933,1.75,2.10
2016.04.20 05:10:12.370,0.98904,0.9893,1.00,1.87
2016.04.20 05:10:12.774,0.98899,0.9893,1.12,1.75
2016.04.20 05:10:12.875,0.98899,0.98927,1.00,1.12
2016.04.20 05:10:13.517,0.98898,0.98926,1.00,1.12
2016.04.20 05:10:15.173,0.98899,0.98927,1.00,1.87
2016.04.20 05:10:15.644,0.98899,0.98932,1.00,1.87
2016.04.20 05:10:15.795,0.98899,0.98931,1.37,1.75
2016.04.20 05:10:15.846,0.98903,0.98931,1.00,1.50
2016.04.20 05:10:17.578,0.98904,0.98932,1.00,1.75
2016.04.20 05:10:17.679,0.98904,0.98931,1.00,1.12
2016.04.20 05:10:17.982,0.98904,0.98928,1.00,1.75
2016.04.20 05:10:18.814,0.98899,0.98928,1.00,1.75
2016.04.20 05:10:19.816,0.98904,0.98928,1.00,1.75
2016.04.20 05:10:20.033,0.98899,0.98928,1.00,1.87
2016.04.20 05:10:20.234,0.98903,0.98927,1.00,1.75
2016.04.20 05:10:25.093,0.98904,0.9893,1.00,1.12
2016.04.20 05:10:25.295,0.98899,0.98927,1.12,1.12
2016.04.20 05:10:25.396,0.98899,0.98922,1.00,1.00
2016.04.20 05:10:31.257,0.98898,0.98924,1.00,1.12
2016.04.20 05:10:31.909,0.98899,0.98924,1.00,1.12
2016.04.20 05:10:32.652,0.98894,0.98926,1.12,1.75
2016.04.20 05:10:32.703,0.98894,0.98927,1.50,1.75
2016.04.20 05:10:32.754,0.98895,0.98927,1.50,1.50
2016.04.20 05:10:32.804,0.98904,0.9893,1.00,1.75
2016.04.20 05:10:33.013,0.98909,0.98939,1.00,1.75
2016.04.20 05:10:33.114,0.98913,0.98939,1.00,1.75
2016.04.20 05:10:35.176,0.98909,0.98939,1.00,1.75
2016.04.20 05:10:36.071,0.98914,0.98939,1.00,1.75
2016.04.20 05:10:36.619,0.98913,0.98939,1.00,1.75
2016.04.20 05:10:40.331,0.98914,0.98939,1.00,1.75
2016.04.20 05:10:40.853,0.98913,0.9894,1.00,1.75
2016.04.20 05:10:46.739,0.98913,0.9894,1.00,1.75
2016.04.20 05:10:46.790,0.98913,0.98939,1.00,1.00
2016.04.20 05:10:50.206,0.98919,0.98939,1.00,1.00
2016.04.20 05:10:50.959,0.98913,0.98939,1.00,1.00
2016.04.20 05:10:51.060,0.98915,0.98948,1.50,2.25
2016.04.20 05:10:51.111,0.98918,0.98947,1.00,1.00
2016.04.20 05:10:51.212,0.98928,0.98947,1.00,1.00
2016.04.20 05:10:51.313,0.98924,0.98947,1.00,1.00
2016.04.20 05:10:51.666,0.98928,0.98947,1.00,1.00
2016.04.20 05:10:52.413,0.98924,0.98947,1.00,1.00
2016.04.20 05:10:52.614,0.98929,0.98947,1.00,1.00
2016.04.20 05:10:53.756,0.98928,0.98947,1.00,1.00
2016.04.20 05:10:53.857,0.98923,0.98947,1.00,1.00
2016.04.20 05:10:54.545,0.98924,0.98947,1.00,1.00
2016.04.20 05:10:57.579,0.98918,0.98947,1.50,1.00
2016.04.20 05:10:58.694,0.98924,0.98947,1.00,1.00
2016.04.20 05:11:00.746,0.98918,0.98947,1.50,1.00
2016.04.20 05:11:01.070,0.98914,0.98947,3.00,1.50
2016.04.20 05:11:01.121,0.98914,0.98944,3.00,1.00
2016.04.20 05:11:01.323,0.98918,0.98944,1.00,1.00
2016.04.20 05:11:01.893,0.98919,0.98944,1.00,1.00
2016.04.20 05:11:02.989,0.98919,0.98951,1.12,2.62
2016.04.20 05:11:03.427,0.98924,0.98951,1.00,1.75
2016.04.20 05:11:03.832,0.98918,0.9895,1.37,1.75
2016.04.20 05:11:09.226,0.98917,0.98949,1.35,1.12
2016.04.20 05:11:09.478,0.98929,0.98956,1.00,1.37
2016.04.20 05:11:09.883,0.98929,0.98953,1.00,1.50
2016.04.20 05:11:10.035,0.98923,0.98953,1.00,1.87
2016.04.20 05:11:10.236,0.98921,0.98954,1.87,1.87
2016.04.20 05:11:10.338,0.98924,0.98953,1.00,1.75
2016.04.20 05:11:10.645,0.98929,0.98953,1.00,1.87
2016.04.20 05:11:11.020,0.98924,0.98954,1.00,1.75
2016.04.20 05:11:11.559,0.98923,0.98953,1.00,1.75
2016.04.20 05:11:12.007,0.98923,0.98955,1.12,1.75
2016.04.20 05:11:12.108,0.98924,0.98959,1.75,1.87
2016.04.20 05:11:12.612,0.98929,0.9896,1.00,1.75
2016.04.20 05:11:15.296,0.98929,0.98956,1.00,1.50
2016.04.20 05:11:15.637,0.98933,0.98956,1.00,1.75
2016.04.20 05:11:15.738,0.98928,0.98956,1.00,1.75
2016.04.20 05:11:15.789,0.98928,0.9896,1.00,1.87
2016.04.20 05:11:16.324,0.98929,0.98953,1.00,1.00
2016.04.20 05:11:17.385,0.98928,0.98953,1.00,1.00
2016.04.20 05:11:18.075,0.98929,0.98953,1.00,1.00
2016.04.20 05:11:18.775,0.98928,0.98953,1.00,1.00
2016.04.20 05:11:19.733,0.98929,0.98953,1.00,1.00
2016.04.20 05:11:20.129,0.98933,0.98953,1.00,1.00
2016.04.20 05:11:20.281,0.98929,0.98953,1.00,1.00
2016.04.20 05:11:20.816,0.98928,0.98953,1.00,1.00
2016.04.20 05:11:21.336,0.98929,0.98953,1.00,1.00
2016.04.20 05:11:23.444,0.98928,0.98953,1.00,1.00
2016.04.20 05:11:24.050,0.98929,0.98953,1.00,1.00
2016.04.20 05:11:24.101,0.98924,0.98953,1.50,1.00
2016.04.20 05:11:24.202,0.9893,0.98953,1.00,1.00
2016.04.20 05:11:24.253,0.9893,0.98956,1.00,1.00
2016.04.20 05:11:24.304,0.98934,0.98956,1.00,1.00
2016.04.20 05:11:24.355,0.98934,0.98969,1.75,1.87
2016.04.20 05:11:24.457,0.98939,0.98969,1.00,1.12
2016.04.20 05:11:24.860,0.98944,0.98969,1.00,1.00
2016.04.20 05:11:25.113,0.98939,0.98969,1.00,1.00
2016.04.20 05:11:25.313,0.98943,0.98968,1.00,1.00
2016.04.20 05:11:25.616,0.98939,0.98969,1.00,1.75
2016.04.20 05:11:26.120,0.98938,0.98969,1.00,1.75
2016.04.20 05:11:26.457,0.98938,0.98962,1.00,1.00
2016.04.20 05:11:27.160,0.98934,0.98962,1.50,1.00
2016.04.20 05:11:27.312,0.98936,0.98962,1.50,1.00
2016.04.20 05:11:27.362,0.98936,0.98969,2.25,1.75
2016.04.20 05:11:27.905,0.98939,0.9897,1.00,1.75
2016.04.20 05:11:29.673,0.98938,0.9897,1.12,1.75
2016.04.20 05:11:30.026,0.98944,0.9897,1.00,1.75
2016.04.20 05:11:30.228,0.98938,0.98971,1.12,1.12
2016.04.20 05:11:30.279,0.98938,0.98971,1.75,1.12
2016.04.20 05:11:30.818,0.98943,0.9897,1.00,1.37
2016.04.20 05:11:34.826,0.98944,0.98968,1.00,1.12
2016.04.20 05:11:35.129,0.98939,0.9896,1.00,1.00
2016.04.20 05:11:35.482,0.98939,0.98961,1.00,1.75
2016.04.20 05:11:35.870,0.98938,0.98963,1.00,1.75
2016.04.20 05:11:36.381,0.98939,0.98963,1.00,1.75
2016.04.20 05:11:36.482,0.98944,0.98963,1.00,1.75
2016.04.20 05:11:36.735,0.98938,0.98964,1.00,1.75
2016.04.20 05:11:37.138,0.98934,0.98967,1.00,3.00
2016.04.20 05:11:37.189,0.98934,0.98964,1.50,1.00
2016.04.20 05:11:37.391,0.98938,0.98964,1.00,1.00
2016.04.20 05:11:37.492,0.98938,0.98966,1.00,1.00
2016.04.20 05:11:39.270,0.98939,0.98966,1.00,1.00
2016.04.20 05:11:39.472,0.98937,0.98966,1.00,1.00
2016.04.20 05:11:39.573,0.98936,0.98972,1.75,1.87
2016.04.20 05:11:39.955,0.98944,0.98971,1.00,1.87
2016.04.20 05:11:40.492,0.98943,0.98971,1.00,1.12
2016.04.20 05:11:40.997,0.98944,0.98971,1.00,1.75
2016.04.20 05:11:41.817,0.98944,0.98969,1.00,1.37
2016.04.20 05:11:41.867,0.98939,0.98967,1.37,1.37
2016.04.20 05:11:41.921,0.98939,0.98967,1.00,1.75
2016.04.20 05:11:42.123,0.98944,0.98966,1.00,1.12
2016.04.20 05:11:42.448,0.98938,0.98967,1.00,1.87
2016.04.20 05:11:42.650,0.98943,0.98967,1.00,1.87
2016.04.20 05:11:43.421,0.98944,0.98968,1.00,1.87
2016.04.20 05:11:45.825,0.98944,0.98963,1.00,1.37
2016.04.20 05:11:45.876,0.98939,0.98962,1.00,1.37
2016.04.20 05:11:46.064,0.9893,0.98965,1.87,2.47
2016.04.20 05:11:46.166,0.98938,0.98965,1.00,1.35
2016.04.20 05:11:46.217,0.98938,0.98965,1.00,1.35
2016.04.20 05:11:46.419,0.98938,0.98963,1.00,1.75
2016.04.20 05:11:47.009,0.98939,0.98963,1.00,1.75
2016.04.20 05:11:51.571,0.98938,0.98963,1.00,1.75
2016.04.20 05:11:52.073,0.98939,0.98963,1.00,1.75
2016.04.20 05:11:52.864,0.98938,0.98963,1.00,1.75
2016.04.20 05:11:53.399,0.98939,0.98962,1.00,1.75
2016.04.20 05:11:58.072,0.98933,0.98961,1.00,1.12
2016.04.20 05:11:58.374,0.98929,0.98955,1.00,1.00
2016.04.20 05:11:58.587,0.98934,0.98955,1.00,1.00
2016.04.20 05:11:59.245,0.98939,0.98963,1.00,1.87
2016.04.20 05:11:59.346,0.98939,0.98963,1.00,1.87
2016.04.20 05:12:01.044,0.98939,0.98959,1.00,1.75
2016.04.20 05:12:01.261,0.98933,0.98956,1.00,1.00
2016.04.20 05:12:01.563,0.98938,0.98961,1.00,1.12
2016.04.20 05:12:01.614,0.98938,0.98961,1.00,1.12
2016.04.20 05:12:02.017,0.98934,0.98961,1.00,1.75
2016.04.20 05:12:02.219,0.98939,0.9896,1.00,1.37
2016.04.20 05:12:02.547,0.98933,0.98961,1.00,1.12
2016.04.20 05:12:05.663,0.98939,0.98963,1.00,1.75
2016.04.20 05:12:07.494,0.98934,0.98961,1.00,1.75
2016.04.20 05:12:07.867,0.98939,0.98963,1.00,1.75
2016.04.20 05:12:07.968,0.98933,0.98962,1.00,1.75
2016.04.20 05:12:08.019,0.98938,0.98967,1.00,3.00
2016.04.20 05:12:08.069,0.98939,0.98971,1.37,2.10
2016.04.20 05:12:08.120,0.98939,0.98966,1.37,1.72
2016.04.20 05:12:08.171,0.98938,0.98966,1.00,2.47
2016.04.20 05:12:08.272,0.98933,0.98962,1.87,2.62
2016.04.20 05:12:08.373,0.98928,0.98962,2.25,1.50
2016.04.20 05:12:08.575,0.98933,0.98965,1.75,1.12
2016.04.20 05:12:08.937,0.98938,0.98967,1.00,1.87
2016.04.20 05:12:09.566,0.98938,0.98968,1.12,1.12
2016.04.20 05:12:15.094,0.98939,0.9897,1.00,1.87
2016.04.20 05:12:16.079,0.98939,0.98967,1.00,1.75
2016.04.20 05:12:16.634,0.98933,0.98967,1.75,2.62
2016.04.20 05:12:18.174,0.98939,0.98967,1.00,1.87
2016.04.20 05:12:19.394,0.98934,0.98968,1.50,1.87
2016.04.20 05:12:19.716,0.98939,0.98967,1.00,2.62
2016.04.20 05:12:23.144,0.98933,0.98967,1.75,2.25
2016.04.20 05:12:23.474,0.98939,0.98966,1.00,1.12
2016.04.20 05:12:23.575,0.98933,0.98967,1.75,1.75
2016.04.20 05:12:24.011,0.98939,0.98968,1.00,1.75
2016.04.20 05:12:24.555,0.98934,0.98966,1.50,1.75
2016.04.20 05:12:24.666,0.98939,0.98967,1.00,1.75
2016.04.20 05:12:24.818,0.98932,0.98964,1.37,1.75
2016.04.20 05:12:24.869,0.98941,0.98971,1.37,1.87
2016.04.20 05:12:24.919,0.98941,0.98972,1.75,1.12
2016.04.20 05:12:25.121,0.98941,0.98971,1.00,1.50
2016.04.20 05:12:32.309,0.98941,0.98971,1.75,1.00
2016.04.20 05:12:32.959,0.98943,0.98977,1.75,2.25
2016.04.20 05:12:34.677,0.98948,0.98978,1.00,2.62
2016.04.20 05:12:37.916,0.98948,0.98981,1.50,1.50
2016.04.20 05:12:38.017,0.9895,0.98984,1.75,1.50
2016.04.20 05:12:40.722,0.98951,0.98982,1.37,1.50
2016.04.20 05:12:40.823,0.98949,0.98981,1.75,1.75
2016.04.20 05:12:40.925,0.98949,0.98981,1.37,1.75
2016.04.20 05:12:41.142,0.98948,0.98981,1.75,1.75
2016.04.20 05:12:45.126,0.98954,0.98983,1.00,1.75
2016.04.20 05:12:48.273,0.98949,0.98981,1.75,1.75
2016.04.20 05:12:48.985,0.98954,0.98982,1.00,1.75
2016.04.20 05:12:50.445,0.98954,0.98984,1.37,1.87
2016.04.20 05:12:50.546,0.98953,0.98987,1.75,1.87
2016.04.20 05:12:50.597,0.98959,0.98987,1.00,1.75
2016.04.20 05:12:50.703,0.98954,0.98986,1.75,1.75
2016.04.20 05:12:51.015,0.98953,0.98983,1.50,1.37
2016.04.20 05:12:51.066,0.98953,0.98983,1.12,1.75
2016.04.20 05:12:51.167,0.98949,0.98981,1.12,1.75
2016.04.20 05:12:51.620,0.98949,0.98977,1.37,1.72
2016.04.20 05:12:51.867,0.98944,0.98976,1.12,1.75
2016.04.20 05:12:51.927,0.98949,0.98977,1.12,1.37
2016.04.20 05:12:51.978,0.98949,0.98977,1.12,1.00
2016.04.20 05:12:52.641,0.98949,0.98979,1.12,1.37
2016.04.20 05:12:55.347,0.98948,0.98978,1.50,1.50
2016.04.20 05:12:55.754,0.98943,0.98977,2.25,2.62
2016.04.20 05:12:55.855,0.98943,0.98972,1.50,1.00
2016.04.20 05:12:56.006,0.98949,0.98972,1.00,1.00
2016.04.20 05:12:56.107,0.98944,0.98972,1.00,1.00
2016.04.20 05:12:56.457,0.98949,0.98976,1.00,1.50
2016.04.20 05:12:56.558,0.98947,0.98976,1.00,1.00
2016.04.20 05:12:56.659,0.98943,0.9898,2.25,2.25
2016.04.20 05:12:56.760,0.9895,0.98979,1.00,1.00
2016.04.20 05:12:57.658,0.98954,0.98979,1.00,1.50
2016.04.20 05:12:58.613,0.9895,0.98979,1.00,1.50
2016.04.20 05:12:58.723,0.98953,0.98979,1.00,1.50
2016.04.20 05:13:03.419,0.98953,0.98979,1.00,1.37
2016.04.20 05:13:03.470,0.9895,0.98979,1.00,1.37
2016.04.20 05:13:04.024,0.9895,0.98979,1.00,1.12
2016.04.20 05:13:04.581,0.98949,0.98977,1.00,1.00
2016.04.20 05:13:04.925,0.98953,0.98977,1.00,1.50
2016.04.20 05:13:05.125,0.98948,0.98977,1.00,1.87
2016.04.20 05:13:05.478,0.98948,0.98976,1.00,1.75
2016.04.20 05:13:05.945,0.98949,0.98972,1.00,1.87
2016.04.20 05:13:05.996,0.98943,0.9897,1.00,1.87
2016.04.20 05:13:06.500,0.98944,0.98972,1.00,1.75
2016.04.20 05:13:07.327,0.98944,0.98966,1.00,1.00
2016.04.20 05:13:10.857,0.98943,0.98966,1.00,1.00
2016.04.20 05:13:11.376,0.98939,0.98966,1.00,1.00
2016.04.20 05:13:13.702,0.98943,0.98966,1.00,1.00
2016.04.20 05:13:14.963,0.98943,0.98966,1.00,1.37
2016.04.20 05:13:15.497,0.98943,0.98966,1.00,1.00
2016.04.20 05:13:17.386,0.98943,0.98966,1.00,1.37
2016.04.20 05:13:17.906,0.98943,0.98966,1.00,1.00
2016.04.20 05:13:20.297,0.98939,0.98966,1.00,1.00
2016.04.20 05:13:20.360,0.98939,0.98967,1.00,1.87
2016.04.20 05:13:20.700,0.98943,0.98963,1.00,1.00
2016.04.20 05:13:21.229,0.98944,0.98963,1.00,1.00
2016.04.20 05:13:21.767,0.98943,0.98963,1.00,1.00
2016.04.20 05:13:23.927,0.98938,0.98963,1.00,1.00
2016.04.20 05:13:25.384,0.98939,0.98963,1.00,1.00
2016.04.20 05:13:25.536,0.98939,0.98961,1.00,1.00
2016.04.20 05:13:25.838,0.98939,0.98959,1.00,1.75
2016.04.20 05:13:26.098,0.98938,0.98959,1.00,1.12
2016.04.20 05:13:26.912,0.98933,0.98961,1.00,1.75
2016.04.20 05:13:30.635,0.98938,0.98959,1.00,1.12
2016.04.20 05:13:30.937,0.98938,0.98959,1.00,1.75
2016.04.20 05:13:30.988,0.98934,0.98959,1.00,1.75
2016.04.20 05:13:31.554,0.98933,0.98958,1.00,2.25
2016.04.20 05:13:32.794,0.98933,0.98954,1.00,1.00
2016.04.20 05:13:32.945,0.98928,0.98954,1.00,1.75
2016.04.20 05:13:33.348,0.98929,0.98955,1.00,1.50
2016.04.20 05:13:37.358,0.98928,0.98953,1.00,1.00
2016.04.20 05:13:41.240,0.98934,0.98954,1.00,1.75
2016.04.20 05:13:41.351,0.98929,0.98956,1.00,1.75
2016.04.20 05:13:41.563,0.98933,0.98956,1.00,2.25
2016.04.20 05:13:41.691,0.98929,0.98956,1.00,2.25
2016.04.20 05:13:42.559,0.98934,0.98956,1.00,1.75
2016.04.20 05:13:47.132,0.98929,0.98957,1.00,1.75
2016.04.20 05:13:47.310,0.98929,0.98953,1.00,1.37
2016.04.20 05:13:47.722,0.98934,0.98953,1.00,1.75
2016.04.20 05:13:47.824,0.98928,0.98953,1.00,1.75
2016.04.20 05:13:51.356,0.98929,0.98953,1.00,1.75
2016.04.20 05:13:51.659,0.98924,0.98953,1.00,1.87
2016.04.20 05:13:53.561,0.98929,0.98954,1.00,1.87
2016.04.20 05:13:53.880,0.98924,0.98954,1.00,1.87
2016.04.20 05:13:55.769,0.98924,0.98956,1.75,2.25
2016.04.20 05:13:57.871,0.98924,0.98954,1.75,1.87
2016.04.20 05:13:57.972,0.98924,0.98952,1.00,1.12
2016.04.20 05:14:00.779,0.98923,0.98955,1.12,1.87
2016.04.20 05:14:01.696,0.98924,0.98954,1.00,1.75
2016.04.20 05:14:05.540,0.98923,0.98954,1.12,1.87
2016.04.20 05:14:09.790,0.98922,0.98957,1.87,1.75
2016.04.20 05:14:09.891,0.98925,0.98956,1.75,1.12
2016.04.20 05:14:20.889,0.98929,0.98961,1.50,2.25
2016.04.20 05:14:21.599,0.98929,0.9896,1.12,1.37
2016.04.20 05:14:21.902,0.98934,0.98966,1.50,2.62
2016.04.20 05:14:31.595,0.98939,0.98965,1.00,1.12
2016.04.20 05:14:31.696,0.98934,0.98965,1.50,1.12
2016.04.20 05:14:36.723,0.98934,0.98964,1.00,1.75
2016.04.20 05:14:40.695,0.98934,0.98963,1.12,1.75
2016.04.20 05:14:40.796,0.98937,0.98966,1.00,1.50
2016.04.20 05:14:40.898,0.98934,0.98966,1.37,1.87
2016.04.20 05:14:42.835,0.98934,0.9896,1.00,1.00
2016.04.20 05:14:44.106,0.98934,0.98963,1.12,1.50
2016.04.20 05:14:46.021,0.98933,0.98968,1.75,1.75
2016.04.20 05:14:46.825,0.98939,0.98968,1.00,1.00
2016.04.20 05:14:47.016,0.98935,0.9897,1.75,1.12
2016.04.20 05:14:47.118,0.98934,0.98968,1.12,1.87
2016.04.20 05:14:47.219,0.98939,0.98965,1.00,1.12
2016.04.20 05:14:47.320,0.98934,0.98965,1.12,1.12
2016.04.20 05:14:47.803,0.98936,0.98966,1.00,1.12
2016.04.20 05:14:51.061,0.98936,0.98963,1.00,1.00
2016.04.20 05:14:51.373,0.98934,0.98962,1.00,1.75
2016.04.20 05:14:51.424,0.98929,0.98961,1.75,1.75
2016.04.20 05:14:53.828,0.98934,0.98962,1.00,1.87
2016.04.20 05:14:55.218,0.98934,0.98963,1.00,1.37
2016.04.20 05:14:55.952,0.98934,0.98966,1.75,1.87
2016.04.20 05:15:03.864,0.98933,0.98965,1.50,1.87
2016.04.20 05:15:04.196,0.98939,0.98965,1.00,1.12
2016.04.20 05:15:08.231,0.98935,0.98965,1.00,1.00
2016.04.20 05:15:08.987,0.98935,0.98965,1.00,1.37
2016.04.20 05:15:10.013,0.98936,0.98965,1.00,1.37
2016.04.20 05:15:10.340,0.98939,0.98972,1.50,1.75
2016.04.20 05:15:11.193,0.98944,0.98971,1.00,1.75
2016.04.20 05:15:11.243,0.98944,0.98971,1.00,1.00
2016.04.20 05:15:11.771,0.98944,0.98976,1.00,2.62
2016.04.20 05:15:15.927,0.98944,0.9897,1.00,1.00
2016.04.20 05:15:16.079,0.98939,0.98969,1.00,1.12
2016.04.20 05:15:16.180,0.98939,0.98967,1.00,1.12
2016.04.20 05:15:17.071,0.98939,0.9897,1.00,1.87
2016.04.20 05:15:18.031,0.98938,0.98969,1.12,1.75
2016.04.20 05:15:18.754,0.98939,0.98969,1.00,1.75
2016.04.20 05:15:21.239,0.98938,0.9897,1.12,1.75
2016.04.20 05:15:21.591,0.9894,0.9897,1.00,1.00
2016.04.20 05:15:22.115,0.9894,0.9897,1.00,1.37
2016.04.20 05:15:22.644,0.9894,0.9897,1.00,1.12
2016.04.20 05:15:23.517,0.9894,0.9897,1.00,1.37
2016.04.20 05:15:24.766,0.9894,0.9897,1.00,1.37
2016.04.20 05:15:25.068,0.9894,0.9897,1.00,1.12
2016.04.20 05:15:25.270,0.9894,0.9897,1.00,1.37
2016.04.20 05:15:25.780,0.9894,0.9897,1.00,1.37
2016.04.20 05:15:25.949,0.9894,0.9897,1.00,1.12
2016.04.20 05:15:26.554,0.9894,0.9897,1.00,1.37
2016.04.20 05:15:27.102,0.9894,0.9897,1.00,1.37
2016.04.20 05:15:28.027,0.9894,0.9897,1.00,1.00
2016.04.20 05:15:28.565,0.9894,0.9897,1.00,1.37
2016.04.20 05:15:29.032,0.9894,0.9897,1.00,1.37
2016.04.20 05:15:29.458,0.9894,0.9897,1.00,1.00
2016.04.20 05:15:31.902,0.98939,0.9897,1.12,1.12
2016.04.20 05:15:38.115,0.98938,0.9897,1.75,1.12
2016.04.20 05:15:38.166,0.98939,0.98969,1.75,1.00
2016.04.20 05:15:39.133,0.98938,0.9897,1.75,1.12
2016.04.20 05:15:40.172,0.98939,0.98969,1.75,1.00
2016.04.20 05:15:44.571,0.98938,0.9897,1.75,1.12
2016.04.20 05:15:45.272,0.98938,0.98968,1.37,1.50
2016.04.20 05:15:45.324,0.98938,0.98968,1.00,1.87
2016.04.20 05:15:46.190,0.98939,0.98969,1.00,1.75
2016.04.20 05:15:47.523,0.98933,0.98967,1.75,1.50
2016.04.20 05:15:50.833,0.98934,0.98965,1.00,1.12
2016.04.20 05:15:53.324,0.98929,0.98961,2.25,1.50
2016.04.20 05:15:53.499,0.98929,0.98961,1.37,1.75
2016.04.20 05:15:54.709,0.98934,0.98962,1.00,1.75
2016.04.20 05:15:57.202,0.98928,0.98962,1.50,2.25
2016.04.20 05:15:57.673,0.98934,0.98962,1.00,1.75
2016.04.20 05:16:00.305,0.98934,0.98962,1.00,1.75
2016.04.20 05:16:00.406,0.9893,0.98965,1.75,1.12
2016.04.20 05:16:00.915,0.98938,0.98968,1.00,1.87
2016.04.20 05:16:02.378,0.98939,0.98968,1.00,1.75
2016.04.20 05:16:02.879,0.98938,0.98971,1.00,1.75
2016.04.20 05:16:02.929,0.98938,0.98971,1.37,1.87
2016.04.20 05:16:03.113,0.98938,0.98971,1.37,1.87
2016.04.20 05:16:03.264,0.98938,0.98967,1.00,1.00
2016.04.20 05:16:04.231,0.98943,0.98967,1.00,1.00
2016.04.20 05:16:05.111,0.98939,0.98967,1.00,1.00
2016.04.20 05:16:07.201,0.98943,0.98967,1.00,1.00
2016.04.20 05:16:09.621,0.98939,0.98967,1.00,1.00
2016.04.20 05:16:11.158,0.98944,0.98967,1.00,1.00
2016.04.20 05:16:11.931,0.98938,0.98967,1.00,1.00
2016.04.20 05:16:17.040,0.98939,0.98967,1.00,1.00
2016.04.20 05:16:17.141,0.9894,0.98969,1.00,1.00
2016.04.20 05:16:18.870,0.98938,0.98971,1.12,1.87
2016.04.20 05:16:29.558,0.98939,0.98968,1.00,1.87
2016.04.20 05:16:30.535,0.98944,0.98968,1.00,1.75
2016.04.20 05:16:31.988,0.98944,0.98964,1.00,1.50
2016.04.20 05:16:32.038,0.98938,0.98964,1.00,1.50
2016.04.20 05:16:32.089,0.98938,0.98964,1.00,1.75
2016.04.20 05:16:32.140,0.98933,0.98964,1.12,1.75
2016.04.20 05:16:32.392,0.98928,0.98961,1.50,1.75
2016.04.20 05:16:32.493,0.98933,0.98961,1.00,1.75
2016.04.20 05:16:32.594,0.98929,0.98961,1.12,1.75
2016.04.20 05:16:39.330,0.98934,0.98963,1.00,1.87
2016.04.20 05:16:39.740,0.98928,0.98962,2.25,1.75
2016.04.20 05:16:40.179,0.98934,0.98963,1.00,1.75
2016.04.20 05:16:42.142,0.98928,0.98962,2.25,1.75
2016.04.20 05:16:42.827,0.98933,0.98963,1.00,1.75
2016.04.20 05:16:42.928,0.98929,0.98963,1.50,1.75
2016.04.20 05:16:43.180,0.98933,0.98963,1.00,1.75
2016.04.20 05:16:43.483,0.98939,0.98964,1.00,1.75
2016.04.20 05:16:45.134,0.98934,0.98964,1.12,1.75
2016.04.20 05:16:50.400,0.98939,0.98967,1.00,1.75
2016.04.20 05:16:51.605,0.98934,0.98966,1.50,1.50
2016.04.20 05:16:52.009,0.98934,0.98965,1.00,1.75
2016.04.20 05:16:52.412,0.98934,0.98964,1.37,1.50
2016.04.20 05:16:53.576,0.98934,0.98965,1.00,1.75
2016.04.20 05:16:54.506,0.98933,0.98964,1.75,1.75
2016.04.20 05:16:58.464,0.98939,0.98965,1.00,1.75
2016.04.20 05:16:58.565,0.98934,0.98964,1.50,1.75
2016.04.20 05:16:58.616,0.98934,0.98964,1.00,1.75
2016.04.20 05:16:58.868,0.98929,0.98961,1.50,2.25
2016.04.20 05:16:59.345,0.98933,0.98961,1.00,1.75
2016.04.20 05:16:59.409,0.98929,0.98961,1.50,2.25
2016.04.20 05:17:11.675,0.98926,0.98956,1.87,1.00
2016.04.20 05:17:11.977,0.98929,0.98961,1.50,1.75
2016.04.20 05:17:12.028,0.98929,0.98956,1.00,1.00
2016.04.20 05:17:12.308,0.98924,0.98956,1.12,2.25
2016.04.20 05:17:12.611,0.98924,0.98956,1.75,1.75
2016.04.20 05:17:13.510,0.98928,0.98958,1.00,1.75
2016.04.20 05:17:15.739,0.98929,0.98959,1.00,1.75
2016.04.20 05:17:16.244,0.98928,0.98959,1.00,1.75
2016.04.20 05:17:16.866,0.98929,0.98958,1.00,1.75
2016.04.20 05:17:18.145,0.98924,0.98957,1.75,1.12
2016.04.20 05:17:18.247,0.98923,0.98955,1.12,1.75
2016.04.20 05:17:18.448,0.98925,0.98954,1.00,1.50
2016.04.20 05:17:18.801,0.98928,0.98954,1.00,1.00
2016.04.20 05:17:20.260,0.98925,0.98954,1.00,1.00
2016.04.20 05:17:20.361,0.98929,0.98954,1.00,1.00
2016.04.20 05:17:20.649,0.98925,0.98954,1.00,1.00
2016.04.20 05:17:21.089,0.98928,0.98954,1.00,1.00
2016.04.20 05:17:21.529,0.98925,0.98954,1.00,1.00
2016.04.20 05:17:23.189,0.98928,0.98954,1.00,1.00
2016.04.20 05:17:23.441,0.98925,0.98954,1.00,1.00
2016.04.20 05:17:23.643,0.98928,0.98954,1.00,1.00
2016.04.20 05:17:24.986,0.98934,0.98954,1.00,1.00
2016.04.20 05:17:25.087,0.98929,0.98954,1.00,1.00
2016.04.20 05:17:26.394,0.98928,0.98954,1.00,1.00
2016.04.20 05:17:26.910,0.98929,0.98954,1.00,1.00
2016.04.20 05:17:27.512,0.98928,0.98954,1.00,1.00
2016.04.20 05:17:28.040,0.98929,0.98954,1.00,1.00
2016.04.20 05:17:32.346,0.98925,0.98954,1.00,1.00
2016.04.20 05:17:38.963,0.98924,0.98956,1.12,2.62
2016.04.20 05:17:39.906,0.98929,0.98956,1.00,1.75
2016.04.20 05:17:40.158,0.98919,0.98954,1.50,1.75
2016.04.20 05:17:40.259,0.98924,0.98953,1.00,1.12
2016.04.20 05:17:40.562,0.98918,0.98947,1.00,1.75
2016.04.20 05:17:40.663,0.98918,0.98947,1.00,1.50
2016.04.20 05:17:40.814,0.98914,0.98946,1.75,1.12
2016.04.20 05:17:41.043,0.98919,0.98946,1.00,1.12
2016.04.20 05:17:41.927,0.98923,0.9895,1.00,1.75
2016.04.20 05:17:42.772,0.98919,0.98946,1.00,1.12
2016.04.20 05:17:45.382,0.98919,0.98943,1.00,1.00
2016.04.20 05:17:47.378,0.98924,0.98943,1.00,1.00
2016.04.20 05:17:48.808,0.98923,0.98943,1.00,1.00
2016.04.20 05:17:48.942,0.98919,0.98943,1.00,1.00
2016.04.20 05:17:56.400,0.98919,0.98946,1.12,1.12
2016.04.20 05:17:56.579,0.98919,0.98947,1.00,1.75
2016.04.20 05:17:56.882,0.98918,0.98947,1.00,1.00
2016.04.20 05:17:57.718,0.98919,0.98947,1.00,1.00
2016.04.20 05:17:58.234,0.98918,0.98947,1.00,1.00
2016.04.20 05:17:58.818,0.98917,0.98946,1.00,1.00
2016.04.20 05:17:59.268,0.98919,0.98947,1.00,1.00
2016.04.20 05:18:00.279,0.98917,0.98943,1.00,1.00
2016.04.20 05:18:00.330,0.98914,0.98943,1.12,1.37
2016.04.20 05:18:00.380,0.98919,0.98943,1.00,1.37
2016.04.20 05:18:00.688,0.98919,0.98946,1.00,1.50
2016.04.20 05:18:01.203,0.98918,0.98947,1.00,1.75
2016.04.20 05:18:01.506,0.98923,0.98949,1.00,1.75
2016.04.20 05:18:02.453,0.98919,0.98946,1.00,1.50
2016.04.20 05:18:02.796,0.98923,0.98949,1.00,1.75
2016.04.20 05:18:05.444,0.98918,0.98947,1.00,1.75
2016.04.20 05:18:09.513,0.98918,0.98947,1.00,1.87
2016.04.20 05:18:20.678,0.98919,0.98947,1.00,1.12
2016.04.20 05:18:20.829,0.98919,0.98946,1.00,1.00
2016.04.20 05:18:21.345,0.98918,0.98946,1.00,1.00
2016.04.20 05:18:21.446,0.98924,0.9895,1.00,1.75
2016.04.20 05:18:21.749,0.98924,0.98945,1.00,1.00
2016.04.20 05:18:22.328,0.98923,0.98945,1.00,1.00
2016.04.20 05:18:22.530,0.98924,0.98948,1.00,1.00
2016.04.20 05:18:23.033,0.98924,0.98953,1.00,1.75
2016.04.20 05:18:23.346,0.98918,0.98953,2.25,1.75
2016.04.20 05:18:27.866,0.98919,0.98949,1.00,1.87
2016.04.20 05:18:31.398,0.98923,0.98949,1.00,1.12
2016.04.20 05:18:33.813,0.98924,0.98949,1.00,1.12
2016.04.20 05:18:36.880,0.98929,0.9895,1.00,1.00
2016.04.20 05:18:36.995,0.98924,0.9895,1.00,1.00
2016.04.20 05:18:38.448,0.98924,0.9895,1.00,1.37
2016.04.20 05:18:39.379,0.98921,0.9895,1.00,1.37
2016.04.20 05:18:39.631,0.98924,0.9895,1.00,1.00
2016.04.20 05:18:40.929,0.98923,0.9895,1.00,1.00
2016.04.20 05:18:40.980,0.98923,0.98953,1.50,1.00
2016.04.20 05:18:41.182,0.98929,0.98953,1.00,1.00
2016.04.20 05:18:41.964,0.98928,0.98956,1.00,1.00
2016.04.20 05:18:42.467,0.98929,0.98956,1.00,1.50
2016.04.20 05:18:43.261,0.98933,0.98956,1.00,1.00
2016.04.20 05:18:44.779,0.98934,0.98956,1.00,1.00
2016.04.20 05:18:45.014,0.98934,0.98961,1.00,1.75
2016.04.20 05:18:45.676,0.98934,0.98957,1.00,1.12
2016.04.20 05:18:45.778,0.98928,0.98957,1.12,1.87
2016.04.20 05:18:48.004,0.98934,0.9896,1.00,1.75
2016.04.20 05:18:49.291,0.98928,0.98957,1.12,1.75
2016.04.20 05:18:49.443,0.98933,0.98959,1.00,1.75
2016.04.20 05:18:49.848,0.98928,0.98956,1.12,1.37
2016.04.20 05:18:52.478,0.98929,0.98956,1.00,1.87
2016.04.20 05:18:53.169,0.98929,0.98956,1.00,2.62
2016.04.20 05:18:54.237,0.98933,0.98956,1.00,1.87
2016.04.20 05:18:55.252,0.98934,0.98956,1.00,1.75
2016.04.20 05:18:55.816,0.98933,0.98956,1.00,1.75
2016.04.20 05:18:56.018,0.98933,0.98959,1.00,2.10
2016.04.20 05:18:56.371,0.98929,0.9896,1.00,1.75
2016.04.20 05:18:56.522,0.98929,0.98961,1.75,1.75
2016.04.20 05:18:56.825,0.98939,0.98962,1.00,1.75
2016.04.20 05:18:57.694,0.98938,0.98963,1.00,1.75
2016.04.20 05:19:00.077,0.98939,0.98962,1.00,1.75
2016.04.20 05:19:01.867,0.98938,0.98963,1.00,1.75
2016.04.20 05:19:02.029,0.98938,0.98966,1.00,1.75
2016.04.20 05:19:02.328,0.98939,0.98966,1.00,2.62
2016.04.20 05:19:02.837,0.98938,0.98965,1.00,1.12
2016.04.20 05:19:04.587,0.98933,0.98962,1.00,1.75
2016.04.20 05:19:05.137,0.98939,0.98965,1.00,1.12
2016.04.20 05:19:05.577,0.98934,0.98961,1.00,1.50
2016.04.20 05:19:05.822,0.98939,0.98965,1.00,1.12
2016.04.20 05:19:06.938,0.98938,0.98964,1.00,1.12
2016.04.20 05:19:08.656,0.98939,0.98966,1.00,2.25
2016.04.20 05:19:11.076,0.98938,0.98964,1.00,1.12
2016.04.20 05:19:12.026,0.98938,0.98962,1.00,1.00
2016.04.20 05:19:12.562,0.98939,0.98962,1.00,1.00
2016.04.20 05:19:13.163,0.98938,0.98962,1.00,1.00
2016.04.20 05:19:13.813,0.98939,0.98962,1.00,1.00
2016.04.20 05:19:16.386,0.98943,0.98962,1.00,1.00
2016.04.20 05:19:16.931,0.98944,0.98962,1.00,1.00
2016.04.20 05:19:19.592,0.98938,0.98962,1.00,1.00
2016.04.20 05:19:23.423,0.98938,0.98964,1.00,1.75
2016.04.20 05:19:24.308,0.98939,0.98959,1.00,1.00
2016.04.20 05:19:25.350,0.98939,0.98966,1.00,1.75
2016.04.20 05:19:25.501,0.98934,0.98964,1.75,1.00
2016.04.20 05:19:25.552,0.98934,0.98961,1.00,1.00
2016.04.20 05:19:25.653,0.98931,0.98961,1.00,1.50
2016.04.20 05:19:27.692,0.98934,0.98961,1.00,1.00
2016.04.20 05:19:28.147,0.98934,0.98963,1.50,1.12
2016.04.20 05:19:28.668,0.98934,0.98961,1.00,1.00
2016.04.20 05:19:28.769,0.98929,0.98961,2.62,1.50
2016.04.20 05:19:29.848,0.98929,0.98961,1.75,2.25
2016.04.20 05:19:30.352,0.98934,0.98961,1.00,1.37
2016.04.20 05:19:35.212,0.98934,0.98961,1.00,1.75
2016.04.20 05:19:35.723,0.98933,0.98958,1.00,1.00
2016.04.20 05:19:37.786,0.98929,0.98957,1.00,1.00
2016.04.20 05:19:37.937,0.98934,0.98958,1.00,1.00
2016.04.20 05:19:39.889,0.98933,0.98958,1.00,1.00
2016.04.20 05:19:48.805,0.98934,0.98958,1.00,1.00
2016.04.20 05:19:50.326,0.98933,0.98958,1.00,1.00
2016.04.20 05:19:53.187,0.98933,0.98961,1.00,1.75
2016.04.20 05:19:56.726,0.98933,0.98962,1.37,1.87
2016.04.20 05:19:56.777,0.98933,0.98962,1.75,1.00
2016.04.20 05:19:57.634,0.98934,0.98961,1.75,1.00
2016.04.20 05:19:58.148,0.98933,0.98962,1.75,1.00
2016.04.20 05:20:03.712,0.98933,0.98962,1.37,1.37
2016.04.20 05:20:03.813,0.98933,0.98962,1.12,1.75
2016.04.20 05:20:04.116,0.98929,0.98956,1.50,1.00
2016.04.20 05:20:04.217,0.98929,0.98956,1.50,1.00
2016.04.20 05:20:06.288,0.98929,0.98958,1.50,1.50
2016.04.20 05:20:06.339,0.98929,0.98958,1.12,1.50
2016.04.20 05:20:06.540,0.98924,0.98956,1.87,1.50
2016.04.20 05:20:07.541,0.98928,0.98959,1.00,1.75
2016.04.20 05:20:08.156,0.98924,0.98956,1.50,1.50
2016.04.20 05:20:08.947,0.98929,0.98961,1.00,1.87
2016.04.20 05:20:08.998,0.98929,0.98961,1.12,1.87
2016.04.20 05:20:09.681,0.98929,0.98957,1.00,1.00
2016.04.20 05:20:10.226,0.98929,0.98958,1.50,1.00
2016.04.20 05:20:11.136,0.98929,0.98957,1.00,1.00
2016.04.20 05:20:11.338,0.98923,0.98957,1.75,1.75
2016.04.20 05:20:13.693,0.98925,0.98957,1.87,1.37
2016.04.20 05:20:13.744,0.98929,0.98957,1.00,1.00
2016.04.20 05:20:15.890,0.98929,0.98958,1.50,1.00
2016.04.20 05:20:16.567,0.98929,0.98956,1.00,1.00
2016.04.20 05:20:17.097,0.98929,0.98957,1.00,1.00
2016.04.20 05:20:17.427,0.98934,0.98958,1.00,1.00
2016.04.20 05:20:19.840,0.98929,0.98958,1.50,1.00
2016.04.20 05:20:20.545,0.98929,0.98961,1.75,2.25
2016.04.20 05:20:21.525,0.98933,0.98961,1.00,1.50
2016.04.20 05:20:36.876,0.98929,0.98956,1.75,1.00
2016.04.20 05:20:38.580,0.98929,0.98956,1.12,1.00
2016.04.20 05:20:39.090,0.98928,0.9896,1.50,1.12
2016.04.20 05:20:39.689,0.98929,0.98956,1.12,1.00
2016.04.20 05:20:42.950,0.98933,0.9896,1.00,1.87
2016.04.20 05:20:43.101,0.9893,0.98961,1.75,1.00
2016.04.20 05:20:43.303,0.98939,0.98966,1.00,1.87
2016.04.20 05:20:43.354,0.98939,0.98966,1.00,1.87
2016.04.20 05:20:45.233,0.98939,0.98966,1.00,1.75
2016.04.20 05:20:46.145,0.98933,0.98964,1.00,1.75
2016.04.20 05:20:46.347,0.98929,0.98956,1.75,1.00
2016.04.20 05:20:50.515,0.98933,0.98961,1.00,1.37
2016.04.20 05:20:52.427,0.98929,0.98956,1.75,1.00
2016.04.20 05:20:52.495,0.98934,0.98961,1.00,1.87
2016.04.20 05:20:53.179,0.98934,0.98959,1.00,1.50
2016.04.20 05:20:53.738,0.98934,0.98957,1.00,1.00
2016.04.20 05:20:59.993,0.98929,0.98956,1.00,1.00
2016.04.20 05:21:03.525,0.98934,0.98957,1.00,1.00
2016.04.20 05:21:03.627,0.98929,0.98961,1.75,1.75
2016.04.20 05:21:03.979,0.98929,0.98962,1.37,1.87
2016.04.20 05:21:04.081,0.98928,0.9896,1.12,1.75
2016.04.20 05:21:04.182,0.98924,0.98958,1.87,2.25
2016.04.20 05:21:04.335,0.98923,0.98954,1.12,1.75
2016.04.20 05:21:04.704,0.98924,0.98954,1.12,1.50
2016.04.20 05:21:04.855,0.98929,0.98954,1.00,1.00
2016.04.20 05:21:04.957,0.98924,0.98954,1.50,1.00
2016.04.20 05:21:05.259,0.98929,0.98954,1.00,1.00
2016.04.20 05:21:06.161,0.98924,0.98954,2.62,1.00
2016.04.20 05:21:06.682,0.98925,0.98954,1.00,1.00
2016.04.20 05:21:06.934,0.98929,0.98954,1.00,1.00
2016.04.20 05:21:07.139,0.98924,0.98954,1.87,1.00
2016.04.20 05:21:07.785,0.98929,0.98954,1.00,1.00
2016.04.20 05:21:08.164,0.98924,0.98954,1.00,1.00
2016.04.20 05:21:08.894,0.98929,0.98954,1.00,1.00
2016.04.20 05:21:09.731,0.98929,0.98956,1.00,1.75
2016.04.20 05:21:11.608,0.98929,0.98956,1.00,1.75
2016.04.20 05:21:11.659,0.98929,0.98956,1.00,1.75
2016.04.20 05:21:12.203,0.98928,0.98956,1.00,1.75
2016.04.20 05:21:15.299,0.98929,0.98956,1.00,1.75
2016.04.20 05:21:16.856,0.98929,0.98951,1.00,1.00
2016.04.20 05:21:16.957,0.98918,0.98955,1.50,1.75
2016.04.20 05:21:17.058,0.98924,0.98954,1.00,1.75
2016.04.20 05:21:17.360,0.98929,0.98955,1.00,1.75
2016.04.20 05:21:17.533,0.98923,0.98955,1.12,1.75
2016.04.20 05:21:20.009,0.98929,0.98954,1.00,1.75
2016.04.20 05:21:20.261,0.98924,0.98954,1.00,1.75
2016.04.20 05:21:20.461,0.98928,0.98955,1.00,1.75
2016.04.20 05:21:20.565,0.98924,0.98955,1.00,1.75
2016.04.20 05:21:20.666,0.98929,0.98954,1.00,1.75
2016.04.20 05:21:21.765,0.98928,0.98954,1.00,1.75
2016.04.20 05:21:27.370,0.98923,0.98954,1.12,1.75
2016.04.20 05:21:27.471,0.98923,0.98951,1.00,1.75
2016.04.20 05:21:28.077,0.98923,0.98951,1.00,1.50
2016.04.20 05:21:28.659,0.98924,0.98951,1.00,1.50
2016.04.20 05:21:29.470,0.98921,0.98951,1.00,1.50
2016.04.20 05:21:29.673,0.98929,0.98951,1.00,1.50
2016.04.20 05:21:31.779,0.98924,0.98951,1.00,1.50
2016.04.20 05:21:31.981,0.98928,0.98951,1.00,1.00
2016.04.20 05:21:33.763,0.98924,0.98951,1.00,1.00
2016.04.20 05:21:40.101,0.98924,0.98955,1.50,1.75
2016.04.20 05:21:40.982,0.98924,0.98955,1.00,1.12
2016.04.20 05:21:46.112,0.98924,0.98953,1.50,1.00
2016.04.20 05:21:46.263,0.98921,0.98956,1.50,2.62
2016.04.20 05:21:46.314,0.98921,0.98951,1.87,1.00
2016.04.20 05:21:46.415,0.98929,0.98951,1.00,1.00
2016.04.20 05:21:46.924,0.98928,0.98955,1.00,1.87
2016.04.20 05:21:47.478,0.98929,0.98955,1.00,1.87
2016.04.20 05:21:49.300,0.98929,0.98955,1.00,1.50
2016.04.20 05:21:55.724,0.98928,0.98955,1.00,1.50
2016.04.20 05:21:59.648,0.98929,0.98956,1.00,2.25
2016.04.20 05:22:06.672,0.98929,0.98956,1.00,2.25
2016.04.20 05:22:07.731,0.98928,0.98956,1.00,1.75
2016.04.20 05:22:17.973,0.98929,0.98956,1.00,2.25
2016.04.20 05:22:22.252,0.98929,0.98956,1.00,1.12
2016.04.20 05:22:22.512,0.98934,0.98959,1.00,1.75
2016.04.20 05:22:23.278,0.98933,0.98959,1.00,1.75
2016.04.20 05:22:24.151,0.98934,0.98959,1.00,1.75
2016.04.20 05:22:24.933,0.98929,0.98963,1.87,1.75
2016.04.20 05:22:24.985,0.98929,0.98963,3.00,1.75
2016.04.20 05:22:25.136,0.98933,0.98967,1.37,3.00
2016.04.20 05:22:25.187,0.98933,0.98967,1.75,1.75
2016.04.20 05:22:25.708,0.98938,0.98967,1.00,1.75
2016.04.20 05:22:35.353,0.98939,0.98966,1.00,1.75
2016.04.20 05:22:43.895,0.98939,0.98966,1.00,1.75
2016.04.20 05:22:45.262,0.98934,0.98966,1.50,1.87
2016.04.20 05:22:45.363,0.98939,0.98966,1.00,1.12
2016.04.20 05:22:47.013,0.98934,0.98966,1.50,1.87
2016.04.20 05:22:48.341,0.98934,0.98965,1.12,1.75
2016.04.20 05:22:49.878,0.98939,0.98961,1.00,1.00
2016.04.20 05:22:50.424,0.98938,0.98961,1.00,1.00
2016.04.20 05:22:50.576,0.98938,0.98967,1.00,1.75
2016.04.20 05:22:51.436,0.98938,0.98965,1.00,1.50
2016.04.20 05:22:52.733,0.98939,0.98964,1.00,1.87
2016.04.20 05:22:52.908,0.98939,0.98966,1.00,1.75
2016.04.20 05:22:54.344,0.98939,0.98966,1.00,1.75
2016.04.20 05:22:55.263,0.98938,0.98967,1.00,1.87
2016.04.20 05:22:58.459,0.98934,0.98967,1.50,1.50
2016.04.20 05:22:58.560,0.98935,0.98967,1.87,1.12
2016.04.20 05:22:58.711,0.98938,0.98965,1.00,1.50
2016.04.20 05:22:58.762,0.98938,0.98965,1.00,1.50
2016.04.20 05:22:59.327,0.98939,0.98962,1.00,1.00
2016.04.20 05:23:06.052,0.98938,0.98962,1.00,1.00
2016.04.20 05:23:06.592,0.98939,0.98962,1.00,1.00
2016.04.20 05:23:08.295,0.98938,0.98962,1.00,1.00
2016.04.20 05:23:08.396,0.98939,0.98966,1.00,1.75
2016.04.20 05:23:09.147,0.98939,0.98966,1.00,1.75
2016.04.20 05:23:11.480,0.98938,0.98967,1.00,2.25
2016.04.20 05:23:12.256,0.98939,0.98966,1.00,1.87
2016.04.20 05:23:18.860,0.98934,0.98961,1.12,1.00
2016.04.20 05:23:19.214,0.98934,0.98961,1.00,1.75
2016.04.20 05:23:19.366,0.98929,0.98956,1.12,1.12
2016.04.20 05:23:23.479,0.98934,0.98959,1.00,1.12
2016.04.20 05:23:25.042,0.98929,0.98956,1.12,1.12
2016.04.20 05:23:26.391,0.98934,0.9896,1.00,1.12
2016.04.20 05:23:26.593,0.98928,0.98957,1.50,1.50
2016.04.20 05:23:30.432,0.98934,0.98959,1.00,1.12
2016.04.20 05:23:31.091,0.98929,0.98956,1.12,1.12
2016.04.20 05:23:33.003,0.98934,0.98961,1.00,2.62
2016.04.20 05:23:34.920,0.98934,0.98957,1.00,1.00
2016.04.20 05:23:35.071,0.98929,0.98956,1.00,1.12
2016.04.20 05:23:35.122,0.98929,0.98956,1.00,1.50
2016.04.20 05:23:37.064,0.98928,0.98956,1.00,1.12
2016.04.20 05:23:39.894,0.98929,0.98956,1.00,1.87
2016.04.20 05:23:41.026,0.98928,0.98956,1.00,1.12
2016.04.20 05:23:44.550,0.98929,0.98956,1.00,1.87
2016.04.20 05:23:47.041,0.98928,0.98956,1.00,1.12
2016.04.20 05:23:47.394,0.98929,0.98956,1.00,1.12
2016.04.20 05:23:47.933,0.98933,0.98959,1.00,1.12
2016.04.20 05:23:48.286,0.98929,0.98956,1.00,1.12
2016.04.20 05:23:49.700,0.98934,0.98959,1.00,1.12
2016.04.20 05:23:51.446,0.98928,0.98956,1.12,1.00
2016.04.20 05:23:53.621,0.98928,0.98957,1.00,1.87
2016.04.20 05:23:53.942,0.98934,0.98956,1.00,1.12
2016.04.20 05:23:54.310,0.98929,0.98956,1.00,1.50
2016.04.20 05:23:54.846,0.98929,0.98956,1.00,1.50
2016.04.20 05:23:55.363,0.98929,0.98956,1.00,1.50
2016.04.20 05:23:57.626,0.98929,0.98956,1.00,1.37
2016.04.20 05:24:03.180,0.98929,0.98956,1.00,1.50
2016.04.20 05:24:04.320,0.98929,0.98956,1.00,1.87
2016.04.20 05:24:04.471,0.98932,0.9896,1.37,1.37
2016.04.20 05:24:04.522,0.98934,0.98961,1.00,1.00
2016.04.20 05:24:04.573,0.98934,0.98963,1.00,1.00
2016.04.20 05:24:04.673,0.98938,0.98963,1.00,1.00
2016.04.20 05:24:04.775,0.98934,0.98961,1.50,1.00
2016.04.20 05:24:04.876,0.98939,0.98963,1.00,1.00
2016.04.20 05:24:05.778,0.98937,0.98963,1.00,1.00
2016.04.20 05:24:05.828,0.98942,0.98971,1.00,1.75
2016.04.20 05:24:05.879,0.98942,0.9897,1.00,1.00
2016.04.20 05:24:05.930,0.98942,0.98971,1.37,1.37
2016.04.20 05:24:06.081,0.98949,0.98976,1.00,1.75
2016.04.20 05:24:06.743,0.98944,0.98971,1.75,1.00
2016.04.20 05:24:07.651,0.98949,0.98976,1.00,1.75
2016.04.20 05:24:07.753,0.98943,0.98972,2.62,1.00
2016.04.20 05:24:08.821,0.98948,0.98977,1.00,1.75
2016.04.20 05:24:12.670,0.98948,0.98971,1.00,1.00
2016.04.20 05:24:12.772,0.98939,0.98968,1.00,1.50
2016.04.20 05:24:12.822,0.98943,0.98968,1.00,1.87
2016.04.20 05:24:12.923,0.98939,0.98966,1.00,1.75
2016.04.20 05:24:15.870,0.98934,0.98966,1.75,1.75
2016.04.20 05:24:16.122,0.98939,0.98966,1.00,1.75
2016.04.20 05:24:16.280,0.98939,0.98966,1.12,1.12
2016.04.20 05:24:16.532,0.98944,0.98971,1.00,2.25
2016.04.20 05:24:17.739,0.98944,0.9897,1.00,1.12
2016.04.20 05:24:17.891,0.98939,0.98965,1.00,1.00
2016.04.20 05:24:18.394,0.98938,0.98965,1.00,1.00
2016.04.20 05:24:23.459,0.98939,0.98965,1.00,1.00
2016.04.20 05:24:26.770,0.98938,0.98965,1.00,1.00
2016.04.20 05:24:26.987,0.98939,0.98963,1.00,1.75
2016.04.20 05:24:27.090,0.98933,0.98962,1.00,1.75
2016.04.20 05:24:27.141,0.98933,0.98962,1.00,1.75
2016.04.20 05:24:27.674,0.98934,0.98957,1.00,1.00
2016.04.20 05:24:28.527,0.98928,0.98957,1.50,1.00
2016.04.20 05:24:30.160,0.98933,0.98957,1.00,1.00
2016.04.20 05:24:30.513,0.98934,0.98961,1.00,1.12
2016.04.20 05:24:30.765,0.98934,0.98961,1.00,1.50
2016.04.20 05:24:31.790,0.98934,0.98958,1.00,1.75
2016.04.20 05:24:32.042,0.98929,0.98956,1.00,1.75
2016.04.20 05:24:39.355,0.98934,0.98958,1.00,1.87
2016.04.20 05:24:39.904,0.98929,0.98956,1.00,1.75
2016.04.20 05:24:42.850,0.98934,0.98958,1.00,1.75
2016.04.20 05:24:43.402,0.98929,0.98956,1.00,1.75
2016.04.20 05:24:43.840,0.98933,0.98958,1.00,1.75
2016.04.20 05:24:44.416,0.98929,0.98956,1.00,1.75
2016.04.20 05:24:45.490,0.98934,0.98959,1.00,1.87
2016.04.20 05:24:45.591,0.98934,0.98959,1.00,1.37
2016.04.20 05:24:46.010,0.98934,0.98959,1.00,1.37
2016.04.20 05:24:48.020,0.98929,0.9896,1.00,1.87
2016.04.20 05:24:48.279,0.98934,0.9896,1.00,1.87
2016.04.20 05:24:56.619,0.98933,0.98959,1.00,1.87
2016.04.20 05:24:57.165,0.98934,0.98959,1.00,1.12
2016.04.20 05:24:57.886,0.98929,0.98956,1.00,1.87
2016.04.20 05:24:58.689,0.98933,0.98956,1.00,1.37
2016.04.20 05:24:58.840,0.98929,0.98956,1.00,2.25
2016.04.20 05:25:00.009,0.98928,0.98956,1.00,1.75
2016.04.20 05:25:01.567,0.98929,0.98954,1.00,1.00
2016.04.20 05:25:03.631,0.98934,0.98959,1.00,1.75
2016.04.20 05:25:05.945,0.98934,0.98958,1.00,1.50
2016.04.20 05:25:05.996,0.98931,0.98962,1.37,1.75
2016.04.20 05:25:06.047,0.98931,0.98962,1.50,1.37
2016.04.20 05:25:06.199,0.98938,0.98965,1.00,1.37
2016.04.20 05:25:06.400,0.98933,0.98962,1.75,1.00
2016.04.20 05:25:11.009,0.98931,0.98961,1.75,1.00
2016.04.20 05:25:11.121,0.98939,0.98965,1.00,1.37
2016.04.20 05:25:11.922,0.98934,0.98966,1.50,1.87
2016.04.20 05:25:12.124,0.98934,0.98961,1.50,1.00
2016.04.20 05:25:19.306,0.98933,0.98961,1.37,1.50
2016.04.20 05:25:19.732,0.98928,0.98957,1.12,1.12
2016.04.20 05:25:19.841,0.98933,0.98959,1.00,1.12
2016.04.20 05:25:19.993,0.98929,0.98956,1.00,1.37
2016.04.20 05:25:20.094,0.98929,0.98956,1.00,1.75
2016.04.20 05:25:21.723,0.98934,0.98955,1.00,1.75
2016.04.20 05:25:21.922,0.98934,0.98955,1.00,1.00
2016.04.20 05:25:22.152,0.98929,0.98955,1.00,1.00
2016.04.20 05:25:22.701,0.98933,0.98955,1.00,1.00
2016.04.20 05:25:22.812,0.98928,0.98955,1.00,1.00
2016.04.20 05:25:24.691,0.98928,0.98957,1.00,1.75
2016.04.20 05:25:24.792,0.98928,0.98954,1.00,1.00
2016.04.20 05:25:24.843,0.98934,0.98959,1.00,1.75
2016.04.20 05:25:25.045,0.98929,0.98956,1.00,1.50
2016.04.20 05:25:28.981,0.98934,0.98958,1.00,1.75
2016.04.20 05:25:29.193,0.98928,0.98957,1.00,1.75
2016.04.20 05:25:31.890,0.98933,0.98959,1.00,1.75
2016.04.20 05:25:32.632,0.98928,0.98957,1.00,1.75
2016.04.20 05:25:34.311,0.98928,0.98957,1.87,1.37
2016.04.20 05:25:34.549,0.98928,0.98962,2.25,2.62
2016.04.20 05:25:34.711,0.98933,0.98962,1.00,2.62
2016.04.20 05:25:36.597,0.98934,0.98959,1.00,1.00
2016.04.20 05:25:36.699,0.98929,0.98957,1.00,1.12
2016.04.20 05:25:41.005,0.98928,0.98957,1.12,1.87
2016.04.20 05:25:44.431,0.98929,0.98956,1.00,1.50
2016.04.20 05:25:53.096,0.98933,0.98958,1.00,1.12
2016.04.20 05:25:53.438,0.98933,0.98958,1.00,1.87
2016.04.20 05:25:53.648,0.98928,0.98957,1.00,1.75
2016.04.20 05:25:53.954,0.98933,0.98956,1.00,1.12
2016.04.20 05:25:54.106,0.98928,0.98957,1.00,2.62
2016.04.20 05:25:55.850,0.98933,0.98957,1.00,1.75
2016.04.20 05:25:56.200,0.98929,0.98956,1.00,1.37
2016.04.20 05:25:56.301,0.98934,0.98959,1.00,1.37
2016.04.20 05:25:56.603,0.98934,0.98957,1.00,1.75
2016.04.20 05:25:56.855,0.98929,0.98956,1.00,1.75
2016.04.20 05:25:57.077,0.98933,0.98957,1.00,1.75
2016.04.20 05:25:57.611,0.98929,0.98958,1.00,1.75
2016.04.20 05:25:57.712,0.98934,0.98958,1.00,1.75
2016.04.20 05:25:58.732,0.98934,0.98961,1.00,1.75
2016.04.20 05:25:58.965,0.98934,0.9896,1.00,1.12
2016.04.20 05:26:02.323,0.98928,0.98954,1.00,1.00
2016.04.20 05:26:02.433,0.98924,0.98954,1.37,1.37
2016.04.20 05:26:02.484,0.98924,0.98946,1.00,1.00
2016.04.20 05:26:02.535,0.98924,0.98948,1.00,1.12
2016.04.20 05:26:03.076,0.98923,0.98946,1.00,1.75
2016.04.20 05:26:03.177,0.98923,0.98948,1.00,1.75
2016.04.20 05:26:03.479,0.98923,0.98951,1.00,1.75
2016.04.20 05:26:03.530,0.98924,0.98951,1.00,1.50
2016.04.20 05:26:03.682,0.98924,0.98956,1.37,3.37
2016.04.20 05:26:03.883,0.98929,0.98955,1.00,1.75
2016.04.20 05:26:03.987,0.98929,0.98959,1.12,2.25
2016.04.20 05:26:04.088,0.98939,0.98961,1.00,1.75
2016.04.20 05:26:04.189,0.98934,0.98961,1.00,1.75
2016.04.20 05:26:04.441,0.98939,0.98961,1.00,1.75
2016.04.20 05:26:04.621,0.98933,0.98962,1.00,2.62
2016.04.20 05:26:05.391,0.98933,0.98955,1.00,1.00
2016.04.20 05:26:05.693,0.98939,0.98955,1.00,1.00
2016.04.20 05:26:06.834,0.98934,0.98955,1.00,1.00
2016.04.20 05:26:07.142,0.98939,0.98955,1.00,1.00
2016.04.20 05:26:07.242,0.98934,0.98955,1.00,1.00
2016.04.20 05:26:07.786,0.98933,0.98955,1.00,1.00
2016.04.20 05:26:09.040,0.98939,0.98955,1.00,1.00
2016.04.20 05:26:09.142,0.98934,0.98955,1.00,1.00
2016.04.20 05:26:20.240,0.98928,0.98955,1.00,1.00
2016.04.20 05:26:21.614,0.98928,0.98957,1.00,1.75
2016.04.20 05:26:23.222,0.98934,0.98958,1.00,1.87
2016.04.20 05:26:23.400,0.98928,0.98957,1.00,1.75
2016.04.20 05:26:24.060,0.98933,0.98958,1.00,1.87
2016.04.20 05:26:26.701,0.98929,0.98957,1.00,1.12
2016.04.20 05:26:26.852,0.98929,0.98956,1.00,1.75
2016.04.20 05:26:27.380,0.98928,0.98956,1.00,1.75
2016.04.20 05:26:33.750,0.98929,0.98952,1.00,1.12
2016.04.20 05:26:34.052,0.98924,0.98946,1.00,1.87
2016.04.20 05:26:34.672,0.98923,0.98946,1.00,1.87
2016.04.20 05:26:36.301,0.98924,0.98945,1.00,1.75
2016.04.20 05:26:36.402,0.98909,0.98939,1.87,1.12
2016.04.20 05:26:36.605,0.98919,0.98941,1.00,1.75
2016.04.20 05:26:36.706,0.98919,0.98939,1.00,1.00
2016.04.20 05:26:36.858,0.98924,0.98943,1.00,1.75
2016.04.20 05:26:41.220,0.98914,0.98941,1.00,1.75
2016.04.20 05:26:41.370,0.98909,0.9894,1.75,1.87
2016.04.20 05:26:41.420,0.98909,0.9894,1.37,1.87
2016.04.20 05:26:41.471,0.98909,0.98938,1.00,1.37
2016.04.20 05:26:41.572,0.98914,0.98939,1.00,1.12
2016.04.20 05:26:41.674,0.98908,0.98937,1.12,1.12
2016.04.20 05:26:43.235,0.98914,0.98939,1.00,1.37
2016.04.20 05:26:43.795,0.98914,0.98939,1.00,1.00
2016.04.20 05:26:45.447,0.98908,0.98937,1.75,1.00
2016.04.20 05:26:53.569,0.98914,0.98941,1.00,1.87
2016.04.20 05:26:54.455,0.98908,0.98937,1.75,1.00
2016.04.20 05:26:54.639,0.98913,0.98941,1.00,1.12
2016.04.20 05:26:56.958,0.98909,0.98936,1.75,1.00
2016.04.20 05:27:00.269,0.98911,0.98937,1.00,1.00
2016.04.20 05:27:01.270,0.98909,0.98936,1.75,1.00
2016.04.20 05:27:05.346,0.98908,0.98936,1.75,1.87
2016.04.20 05:27:05.497,0.98904,0.98928,1.00,1.00
2016.04.20 05:27:05.548,0.98899,0.98926,1.75,1.00
2016.04.20 05:27:05.902,0.98904,0.98928,1.00,1.00
2016.04.20 05:27:06.821,0.98903,0.98933,1.00,1.37
2016.04.20 05:27:06.872,0.98903,0.98933,1.00,1.37
2016.04.20 05:27:07.023,0.98904,0.98936,1.37,1.87
2016.04.20 05:27:07.334,0.98904,0.98936,1.75,1.50
2016.04.20 05:27:07.485,0.98904,0.98935,1.12,1.75
2016.04.20 05:27:08.900,0.989,0.98931,1.75,1.00
2016.04.20 05:27:09.448,0.98904,0.98932,1.12,1.00
2016.04.20 05:27:11.375,0.989,0.98932,2.25,1.50
2016.04.20 05:27:11.952,0.989,0.98932,2.25,1.50
2016.04.20 05:27:12.599,0.989,0.98931,2.25,1.00
2016.04.20 05:27:17.441,0.989,0.98931,2.25,1.37
2016.04.20 05:27:17.863,0.989,0.98931,2.25,1.12
2016.04.20 05:27:20.447,0.989,0.98931,1.75,1.37
2016.04.20 05:27:20.972,0.98899,0.98931,2.25,1.12
2016.04.20 05:27:21.849,0.989,0.98932,1.75,1.50
2016.04.20 05:27:23.874,0.98899,0.98932,1.75,1.87
2016.04.20 05:27:24.554,0.98899,0.98932,1.75,1.87
2016.04.20 05:27:25.079,0.989,0.98931,1.75,1.50
2016.04.20 05:27:25.663,0.98899,0.98931,2.25,1.12
2016.04.20 05:27:25.764,0.989,0.98931,1.75,1.50
2016.04.20 05:27:27.184,0.98899,0.98931,2.25,1.12
2016.04.20 05:27:27.594,0.989,0.98931,1.75,1.50
2016.04.20 05:27:27.923,0.989,0.98927,1.75,1.00
2016.04.20 05:27:31.189,0.98899,0.98931,2.25,1.50
2016.04.20 05:27:31.628,0.98899,0.98926,1.75,1.00
2016.04.20 05:27:31.867,0.98899,0.98932,1.75,2.62
2016.04.20 05:27:32.509,0.98899,0.98927,1.75,1.00
2016.04.20 05:27:33.233,0.989,0.98927,1.00,1.12
2016.04.20 05:27:33.848,0.989,0.98926,1.00,1.00
2016.04.20 05:27:36.705,0.989,0.98929,1.00,1.00
2016.04.20 05:27:39.814,0.989,0.98926,1.00,1.00
2016.04.20 05:27:45.959,0.989,0.98929,1.00,1.00
2016.04.20 05:27:46.368,0.989,0.98927,1.00,1.00
2016.04.20 05:27:46.698,0.989,0.98929,1.00,1.00
2016.04.20 05:27:53.268,0.98898,0.98932,2.25,1.87
2016.04.20 05:28:03.970,0.989,0.98931,1.75,1.00
2016.04.20 05:28:07.439,0.98902,0.98932,1.37,1.00
2016.04.20 05:28:08.890,0.98906,0.98936,1.00,1.75
2016.04.20 05:28:09.193,0.98906,0.98936,1.75,1.50
2016.04.20 05:28:09.861,0.98904,0.98936,1.50,1.75
2016.04.20 05:28:09.920,0.98904,0.98936,1.50,1.75
2016.04.20 05:28:13.850,0.98901,0.98931,1.75,1.00
2016.04.20 05:28:20.547,0.98904,0.98935,1.50,1.87
2016.04.20 05:28:24.516,0.98902,0.98931,1.75,1.00
2016.04.20 05:28:25.131,0.98904,0.98936,1.50,2.25
2016.04.20 05:28:26.617,0.98902,0.98931,3.00,1.00
2016.04.20 05:28:27.147,0.98904,0.98936,1.50,2.25
2016.04.20 05:28:27.877,0.98901,0.98931,3.00,1.00
2016.04.20 05:28:32.575,0.98903,0.98935,1.75,1.75
2016.04.20 05:28:32.626,0.989,0.98934,2.25,1.75
2016.04.20 05:28:33.197,0.98901,0.98932,1.37,1.50
2016.04.20 05:28:38.262,0.989,0.98931,2.25,1.00
2016.04.20 05:28:40.126,0.98901,0.98936,1.75,1.87
2016.04.20 05:28:40.442,0.98899,0.98933,2.25,1.87
2016.04.20 05:28:41.826,0.98903,0.98931,1.00,1.00
2016.04.20 05:28:42.028,0.98902,0.98932,1.75,1.00
2016.04.20 05:28:45.407,0.98901,0.98931,2.25,1.00
2016.04.20 05:28:50.029,0.98899,0.98932,4.12,1.00
2016.04.20 05:28:50.546,0.989,0.98931,1.75,1.00
2016.04.20 05:28:50.926,0.98906,0.98931,1.37,1.00
2016.04.20 05:28:51.228,0.98908,0.98932,1.75,1.00
2016.04.20 05:28:51.480,0.98908,0.98937,1.75,1.00
2016.04.20 05:28:53.327,0.98908,0.98932,1.75,1.00
2016.04.20 05:28:53.657,0.98907,0.98937,1.75,1.00
2016.04.20 05:28:58.423,0.98907,0.98932,1.12,1.00
2016.04.20 05:28:58.525,0.98904,0.98936,1.75,1.37
2016.04.20 05:28:58.733,0.98904,0.98932,1.75,1.00
2016.04.20 05:28:59.312,0.98904,0.98931,1.75,1.00
2016.04.20 05:29:00.389,0.98905,0.98936,1.75,1.37
2016.04.20 05:29:00.490,0.98908,0.98937,1.75,1.12
2016.04.20 05:29:00.715,0.98914,0.98941,1.75,1.00
2016.04.20 05:29:01.069,0.98913,0.98937,1.75,1.00
2016.04.20 05:29:01.270,0.98911,0.98937,1.75,1.00
2016.04.20 05:29:01.794,0.98911,0.98936,2.25,1.00
2016.04.20 05:29:02.023,0.98914,0.98941,1.75,1.00
2016.04.20 05:29:03.704,0.98916,0.98942,1.00,1.00
2016.04.20 05:29:04.252,0.98916,0.98941,1.00,1.00
2016.04.20 05:29:04.802,0.98911,0.98941,2.25,1.00
2016.04.20 05:29:10.832,0.98912,0.98946,1.75,1.75
2016.04.20 05:29:10.883,0.98921,0.98947,1.50,1.00
2016.04.20 05:29:11.186,0.98922,0.98946,1.75,1.00
2016.04.20 05:29:11.287,0.98922,0.98952,1.75,1.00
2016.04.20 05:29:11.388,0.98922,0.98947,1.75,1.00
2016.04.20 05:29:13.247,0.98921,0.98946,1.75,1.00
2016.04.20 05:29:13.348,0.98922,0.98946,1.00,1.00
2016.04.20 05:29:13.904,0.98922,0.98951,1.00,1.50
2016.04.20 05:29:14.005,0.98921,0.98951,1.75,1.12
2016.04.20 05:29:14.308,0.98924,0.98952,1.75,1.00
2016.04.20 05:29:15.019,0.98925,0.98951,1.75,1.00
2016.04.20 05:29:15.652,0.98923,0.98951,1.75,1.00
2016.04.20 05:29:15.702,0.98925,0.98957,1.75,1.37
2016.04.20 05:29:15.753,0.98925,0.98957,1.75,1.00
2016.04.20 05:29:15.804,0.9893,0.98957,1.75,1.00
2016.04.20 05:29:16.106,0.9893,0.98956,1.75,1.00
2016.04.20 05:29:18.517,0.9893,0.98961,1.75,1.00
2016.04.20 05:29:18.895,0.98926,0.98962,1.75,1.75
2016.04.20 05:29:19.097,0.98927,0.98951,1.75,1.00
2016.04.20 05:29:19.198,0.98927,0.98956,1.75,1.00
2016.04.20 05:29:20.058,0.98927,0.98957,1.75,1.00
2016.04.20 05:29:22.585,0.98927,0.98956,1.75,1.00
2016.04.20 05:29:30.024,0.98926,0.98956,2.25,1.00
2016.04.20 05:29:30.535,0.98927,0.98957,1.75,1.00
2016.04.20 05:29:30.586,0.98926,0.98957,1.75,1.00
2016.04.20 05:29:31.306,0.98927,0.98956,1.75,1.00
2016.04.20 05:29:36.991,0.98927,0.98957,1.75,1.00
2016.04.20 05:29:37.713,0.98927,0.98956,1.75,1.00
2016.04.20 05:29:37.815,0.98927,0.98956,1.37,1.12
2016.04.20 05:29:39.018,0.98926,0.98952,1.50,1.00
2016.04.20 05:29:39.119,0.98926,0.98957,1.50,1.37
2016.04.20 05:29:40.010,0.98926,0.98952,1.50,1.00
2016.04.20 05:29:40.212,0.98927,0.98956,1.37,1.00
2016.04.20 05:29:40.313,0.98928,0.98961,1.75,1.12
2016.04.20 05:29:40.415,0.98924,0.98959,1.75,1.75
2016.04.20 05:29:40.465,0.98924,0.98952,1.75,1.00
2016.04.20 05:29:40.566,0.98929,0.98956,1.00,1.12
2016.04.20 05:29:40.667,0.98927,0.98952,1.12,1.00
2016.04.20 05:29:40.970,0.98927,0.98956,1.75,1.00
2016.04.20 05:29:46.514,0.98925,0.98956,2.25,1.37
2016.04.20 05:29:46.565,0.98926,0.98956,2.25,1.75
2016.04.20 05:29:46.616,0.98926,0.98951,2.25,1.00
2016.04.20 05:29:47.535,0.98921,0.98951,2.25,1.12
2016.04.20 05:29:47.687,0.98919,0.98946,2.25,1.00
2016.04.20 05:29:48.140,0.98919,0.98951,1.50,2.25
2016.04.20 05:29:48.392,0.98916,0.98941,1.75,1.00
2016.04.20 05:29:48.594,0.98918,0.98947,1.75,1.12
2016.04.20 05:29:48.785,0.98916,0.98941,1.75,1.00
2016.04.20 05:29:52.334,0.98916,0.98946,1.75,1.00
2016.04.20 05:29:52.637,0.98916,0.98941,1.75,1.00
2016.04.20 05:29:53.548,0.98916,0.98942,1.75,1.00
2016.04.20 05:29:56.406,0.98916,0.98941,1.75,1.00
2016.04.20 05:29:57.262,0.98916,0.98942,1.75,1.00
2016.04.20 05:29:59.015,0.98916,0.98941,1.75,1.00
2016.04.20 05:30:01.572,0.98914,0.98942,1.75,1.12
2016.04.20 05:30:05.361,0.98915,0.98946,3.75,1.75
2016.04.20 05:30:05.669,0.98914,0.98941,2.25,1.00
2016.04.20 05:30:06.190,0.98919,0.98941,1.00,1.00
2016.04.20 05:30:06.535,0.98919,0.98946,1.75,1.37
2016.04.20 05:30:06.838,0.98916,0.98942,2.25,1.00
2016.04.20 05:30:07.191,0.98915,0.98947,2.25,1.50
2016.04.20 05:30:07.292,0.98915,0.98947,2.25,1.75
2016.04.20 05:30:07.493,0.98916,0.98947,1.75,1.50
2016.04.20 05:30:08.090,0.9892,0.98944,1.00,1.00
2016.04.20 05:30:09.192,0.98915,0.98947,2.25,1.50
2016.04.20 05:30:09.556,0.9892,0.98944,1.00,1.00
2016.04.20 05:30:10.293,0.98918,0.98946,1.75,1.50
2016.04.20 05:30:11.291,0.98916,0.98946,1.75,1.75
2016.04.20 05:30:11.766,0.98916,0.98946,1.75,1.75
2016.04.20 05:30:12.316,0.98917,0.98947,1.75,1.75
2016.04.20 05:30:12.619,0.98917,0.98947,1.75,1.75
2016.04.20 05:30:12.770,0.98914,0.98945,4.50,1.00
2016.04.20 05:30:13.651,0.98916,0.98946,1.75,1.75
2016.04.20 05:30:13.932,0.98922,0.98946,1.00,1.50
2016.04.20 05:30:14.084,0.98915,0.98946,1.75,1.50
2016.04.20 05:30:14.336,0.98918,0.98947,1.75,1.75
2016.04.20 05:30:14.985,0.98915,0.98946,1.75,1.50
2016.04.20 05:30:15.299,0.98918,0.98946,1.75,1.12
2016.04.20 05:30:15.704,0.98917,0.98946,1.75,1.75
2016.04.20 05:30:16.006,0.98917,0.98946,1.75,1.37
2016.04.20 05:30:16.507,0.9892,0.98944,1.00,1.00
2016.04.20 05:30:16.709,0.98917,0.98946,1.75,1.37
2016.04.20 05:30:21.454,0.98915,0.98946,1.75,1.75
2016.04.20 05:30:21.768,0.98915,0.98946,1.75,1.50
2016.04.20 05:30:22.826,0.98919,0.98943,1.00,1.00
2016.04.20 05:30:22.876,0.98917,0.98947,1.75,1.75
2016.04.20 05:30:22.927,0.98917,0.98947,1.75,1.75
2016.04.20 05:30:27.015,0.98918,0.98942,1.75,1.00
2016.04.20 05:30:27.217,0.98919,0.98942,1.00,1.00
2016.04.20 05:30:27.813,0.98913,0.98942,3.75,1.37
2016.04.20 05:30:27.864,0.98914,0.98941,2.25,1.12
2016.04.20 05:30:28.418,0.98913,0.98945,1.75,1.75
2016.04.20 05:30:28.739,0.98912,0.98941,1.75,1.50
2016.04.20 05:30:29.341,0.98915,0.98939,1.00,1.00
2016.04.20 05:30:29.442,0.98913,0.98945,1.75,1.75
2016.04.20 05:30:30.631,0.98915,0.98939,1.00,1.00
2016.04.20 05:30:30.732,0.98912,0.98941,1.75,1.12
2016.04.20 05:30:31.101,0.98911,0.98936,3.75,1.00
2016.04.20 05:30:31.151,0.98911,0.98936,3.00,1.00
2016.04.20 05:30:31.454,0.98911,0.98935,1.00,1.00
2016.04.20 05:30:31.756,0.98908,0.98941,1.75,1.75
2016.04.20 05:30:32.919,0.98908,0.9894,1.75,1.75
2016.04.20 05:30:33.228,0.98909,0.98936,1.75,1.00
2016.04.20 05:30:33.329,0.98907,0.98937,1.75,1.50
2016.04.20 05:30:33.379,0.9891,0.98934,1.00,1.00
2016.04.20 05:30:35.804,0.98913,0.98934,1.00,1.00
2016.04.20 05:30:35.905,0.9891,0.98934,1.00,1.00
2016.04.20 05:30:37.440,0.98908,0.98939,1.00,3.00
2016.04.20 05:30:37.541,0.98908,0.98932,1.50,1.00
2016.04.20 05:30:37.642,0.98908,0.98938,1.75,1.75
2016.04.20 05:30:37.960,0.98909,0.98936,1.00,1.75
2016.04.20 05:30:38.470,0.98908,0.98937,1.12,1.75
2016.04.20 05:30:39.015,0.98909,0.98936,1.00,1.75
2016.04.20 05:30:39.521,0.98908,0.98937,1.12,1.75
2016.04.20 05:30:40.740,0.98909,0.98936,1.00,1.75
2016.04.20 05:30:40.791,0.98909,0.98936,1.50,1.75
2016.04.20 05:30:41.273,0.98909,0.98936,1.12,1.75
2016.04.20 05:30:42.664,0.98908,0.98937,1.75,1.75
2016.04.20 05:30:44.034,0.98904,0.98931,2.25,1.00
2016.04.20 05:30:44.931,0.98908,0.98937,1.75,1.75
2016.04.20 05:30:44.982,0.98908,0.98935,1.50,1.75
2016.04.20 05:30:45.347,0.98903,0.98932,2.25,1.75
2016.04.20 05:30:47.887,0.98903,0.98932,1.75,1.50
2016.04.20 05:30:56.311,0.98903,0.98932,1.75,1.75
2016.04.20 05:30:59.077,0.98903,0.98925,1.75,1.50
2016.04.20 05:30:59.329,0.98894,0.98917,1.00,1.50
2016.04.20 05:30:59.484,0.98889,0.98917,1.50,1.50
2016.04.20 05:30:59.535,0.9889,0.98921,1.12,1.75
2016.04.20 05:30:59.586,0.9889,0.98922,1.50,3.00
2016.04.20 05:30:59.636,0.9889,0.98922,1.75,1.75
2016.04.20 05:30:59.738,0.98894,0.98921,1.00,1.75
2016.04.20 05:31:00.249,0.98888,0.98917,1.75,1.75
2016.04.20 05:31:00.723,0.98894,0.98921,1.75,1.00
2016.04.20 05:31:01.265,0.98899,0.98926,1.50,1.75
2016.04.20 05:31:01.438,0.98899,0.98926,1.75,1.50
2016.04.20 05:31:03.617,0.98894,0.98922,1.75,1.00
2016.04.20 05:31:03.768,0.98894,0.98921,2.25,1.50
2016.04.20 05:31:07.830,0.98896,0.98926,1.75,1.75
2016.04.20 05:31:07.881,0.98896,0.98926,1.75,1.75
2016.04.20 05:31:07.931,0.98894,0.98926,3.00,1.37
2016.04.20 05:31:07.982,0.98903,0.98926,1.00,1.00
2016.04.20 05:31:08.521,0.98903,0.98927,1.00,1.50
2016.04.20 05:31:08.727,0.98898,0.98927,1.75,1.12
2016.04.20 05:31:09.241,0.98898,0.98927,1.75,1.00
2016.04.20 05:31:10.797,0.98898,0.98932,1.75,1.75
2016.04.20 05:31:11.264,0.98897,0.98926,3.00,1.00
2016.04.20 05:31:12.553,0.98899,0.98931,1.75,1.75
2016.04.20 05:31:12.754,0.98898,0.98926,1.75,1.00
2016.04.20 05:31:13.254,0.98897,0.98926,1.75,1.50
2016.04.20 05:31:16.532,0.98898,0.98927,2.25,1.37
2016.04.20 05:31:16.583,0.98905,0.98927,1.00,1.00
2016.04.20 05:31:17.139,0.98898,0.98927,3.00,1.50
2016.04.20 05:31:18.867,0.98901,0.98927,1.75,1.00
2016.04.20 05:31:19.120,0.98903,0.98932,1.75,1.75
2016.04.20 05:31:19.262,0.98905,0.98929,1.00,1.00
2016.04.20 05:31:19.445,0.98903,0.98932,1.75,1.75
2016.04.20 05:31:19.497,0.98907,0.98931,1.00,1.00
2016.04.20 05:31:19.668,0.98903,0.98932,1.75,1.75
2016.04.20 05:31:20.019,0.98903,0.98932,1.75,1.75
2016.04.20 05:31:20.321,0.98903,0.98932,1.75,1.75
2016.04.20 05:31:20.726,0.98905,0.98931,1.75,1.37
2016.04.20 05:31:20.911,0.98905,0.98936,1.75,1.75
2016.04.20 05:31:21.063,0.98905,0.98936,1.75,1.75
2016.04.20 05:31:21.574,0.98905,0.98937,1.75,1.75
2016.04.20 05:31:21.675,0.98905,0.98937,1.75,1.75
2016.04.20 05:31:21.978,0.98912,0.98937,1.67,1.37
2016.04.20 05:31:22.189,0.98923,0.98947,1.00,1.00
2016.04.20 05:31:22.291,0.98918,0.98952,1.75,1.75
2016.04.20 05:31:22.392,0.98923,0.98947,1.00,1.00
2016.04.20 05:31:22.493,0.98919,0.98953,1.75,3.75
2016.04.20 05:31:22.594,0.98925,0.98949,1.00,1.00
2016.04.20 05:31:29.058,0.98921,0.98951,1.50,1.75
2016.04.20 05:31:29.109,0.98919,0.98951,1.75,1.75
2016.04.20 05:31:29.261,0.98916,0.98947,1.75,1.75
2016.04.20 05:31:29.386,0.98916,0.98947,1.75,1.75
2016.04.20 05:31:29.591,0.98916,0.98946,2.25,1.75
2016.04.20 05:31:29.894,0.98919,0.98943,1.00,1.00
2016.04.20 05:31:30.046,0.98919,0.98941,1.00,1.00
2016.04.20 05:31:31.458,0.98919,0.98946,1.50,1.50
2016.04.20 05:31:31.509,0.98919,0.98946,1.75,1.50
2016.04.20 05:31:32.704,0.98918,0.98947,2.25,1.12
2016.04.20 05:31:33.208,0.98925,0.98947,1.00,1.50
2016.04.20 05:31:33.410,0.98924,0.98951,2.25,1.00
2016.04.20 05:31:33.846,0.98919,0.98946,3.00,1.00
2016.04.20 05:31:33.897,0.98919,0.98946,1.75,1.00
2016.04.20 05:31:37.893,0.98919,0.98946,1.75,1.00
2016.04.20 05:31:38.013,0.98919,0.98946,2.25,1.00
2016.04.20 05:31:40.379,0.98923,0.98952,1.75,1.75
2016.04.20 05:31:43.928,0.98919,0.98951,2.25,1.75
2016.04.20 05:31:43.979,0.98919,0.98951,2.25,1.75
2016.04.20 05:31:44.737,0.98921,0.9895,1.00,1.75
2016.04.20 05:31:45.040,0.98916,0.98941,1.75,1.00
2016.04.20 05:31:45.887,0.98919,0.98946,1.75,1.50
2016.04.20 05:31:48.280,0.98924,0.98953,1.00,3.00
2016.04.20 05:31:48.331,0.98924,0.98953,1.37,1.75
2016.04.20 05:31:48.432,0.98924,0.98958,1.75,1.75
2016.04.20 05:31:48.483,0.98924,0.98951,1.75,1.00
2016.04.20 05:31:48.709,0.98924,0.98955,1.75,1.75
2016.04.20 05:31:48.860,0.98928,0.98957,1.50,1.75
2016.04.20 05:31:48.911,0.98928,0.98957,1.75,1.50
2016.04.20 05:31:56.215,0.98927,0.98951,1.75,1.00
2016.04.20 05:31:56.729,0.98928,0.98957,1.75,1.50
2016.04.20 05:31:58.386,0.98932,0.98956,1.75,1.00
2016.04.20 05:31:58.689,0.98931,0.98956,1.75,1.00
2016.04.20 05:31:58.840,0.98931,0.98962,1.75,1.50
2016.04.20 05:31:59.244,0.98935,0.98959,1.00,1.00
2016.04.20 05:31:59.724,0.98935,0.98957,1.00,1.00
2016.04.20 05:32:00.278,0.9893,0.98957,1.75,1.50
2016.04.20 05:32:00.832,0.98926,0.98956,2.25,1.50
2016.04.20 05:32:00.893,0.98924,0.98956,2.25,1.75
2016.04.20 05:32:01.147,0.98921,0.98952,1.75,1.50
2016.04.20 05:32:02.714,0.98922,0.98947,1.75,1.00
2016.04.20 05:32:03.017,0.98921,0.98951,1.75,1.37
2016.04.20 05:32:04.467,0.98922,0.98946,1.75,1.00
2016.04.20 05:32:04.669,0.98922,0.98952,1.75,1.50
2016.04.20 05:32:07.846,0.98922,0.98946,1.75,1.00
2016.04.20 05:32:08.633,0.98922,0.98952,1.75,1.50
2016.04.20 05:32:08.835,0.98921,0.98947,1.75,1.00
2016.04.20 05:32:09.087,0.9892,0.98947,1.75,1.00
2016.04.20 05:32:09.189,0.9892,0.98947,1.75,1.12
2016.04.20 05:32:09.239,0.9892,0.98947,1.75,1.12
2016.04.20 05:32:09.769,0.9892,0.98947,1.75,1.00
2016.04.20 05:32:11.717,0.9892,0.98946,1.75,1.00
2016.04.20 05:32:13.117,0.98919,0.98947,1.75,1.00
2016.04.20 05:32:15.916,0.9892,0.98946,1.75,1.00
2016.04.20 05:32:17.870,0.98922,0.98946,1.00,1.50
2016.04.20 05:32:18.223,0.98922,0.98942,1.00,1.00
2016.04.20 05:32:18.351,0.98922,0.98946,1.00,1.50
2016.04.20 05:32:18.554,0.98921,0.98946,1.75,1.12
2016.04.20 05:32:22.614,0.98926,0.9895,1.00,1.00
2016.04.20 05:32:23.684,0.98926,0.98947,1.00,1.00
2016.04.20 05:32:25.221,0.98926,0.9895,1.00,1.00
2016.04.20 05:32:25.322,0.98923,0.98952,2.25,1.37
2016.04.20 05:32:25.625,0.98928,0.98956,1.75,1.00
2016.04.20 05:32:26.147,0.98928,0.98957,1.75,1.00
2016.04.20 05:32:26.904,0.98927,0.98951,1.75,1.00
2016.04.20 05:32:30.017,0.98928,0.98951,1.75,1.00
2016.04.20 05:32:30.118,0.98923,0.98951,1.75,1.00
2016.04.20 05:32:31.237,0.98927,0.98951,1.00,1.50
2016.04.20 05:32:32.258,0.98927,0.98946,1.00,1.00
2016.04.20 05:32:32.543,0.98924,0.98946,1.00,1.00
2016.04.20 05:32:32.670,0.98924,0.98948,1.00,1.00
2016.04.20 05:32:34.091,0.9892,0.98951,1.75,1.75
2016.04.20 05:32:34.617,0.98921,0.98951,1.75,1.75
2016.04.20 05:32:34.818,0.9892,0.98944,1.00,1.00
2016.04.20 05:32:36.187,0.98914,0.98944,1.75,1.50
2016.04.20 05:32:36.238,0.98914,0.98944,1.75,1.75
2016.04.20 05:32:36.397,0.98918,0.98947,1.00,3.00
2016.04.20 05:32:36.447,0.98918,0.98947,1.37,1.75
2016.04.20 05:32:36.549,0.98917,0.9895,1.75,1.75
2016.04.20 05:32:36.709,0.98927,0.98951,1.00,1.00
2016.04.20 05:32:36.810,0.98923,0.98954,1.75,1.75
2016.04.20 05:32:38.703,0.98923,0.98955,1.75,1.75
2016.04.20 05:32:38.754,0.98927,0.98951,1.00,1.00
2016.04.20 05:32:40.818,0.98925,0.98956,1.75,1.75
2016.04.20 05:32:41.409,0.98929,0.9896,1.75,1.75
2016.04.20 05:32:41.560,0.98928,0.98961,1.75,1.75
2016.04.20 05:32:41.661,0.9893,0.98961,1.12,1.50
2016.04.20 05:32:42.014,0.98933,0.98957,1.00,1.00
2016.04.20 05:32:42.115,0.98928,0.98962,2.25,1.75
2016.04.20 05:32:42.326,0.98931,0.98955,1.00,1.00
2016.04.20 05:32:48.326,0.98929,0.98956,1.37,1.75
2016.04.20 05:32:48.628,0.98927,0.98951,1.75,1.00
2016.04.20 05:32:48.907,0.98928,0.98956,1.87,1.12
2016.04.20 05:32:48.958,0.98928,0.98951,1.87,1.00
2016.04.20 05:32:49.059,0.98927,0.98957,1.75,1.12
2016.04.20 05:32:49.160,0.98927,0.98957,1.75,1.75
2016.04.20 05:32:49.496,0.9893,0.98957,1.75,1.12
2016.04.20 05:32:50.201,0.9893,0.98956,1.75,1.00
2016.04.20 05:32:50.251,0.98927,0.98956,1.75,1.75
2016.04.20 05:32:50.403,0.98926,0.98952,1.75,1.00
2016.04.20 05:32:50.454,0.98924,0.98952,1.75,1.12
2016.04.20 05:32:51.546,0.98923,0.98952,1.75,1.00
2016.04.20 05:32:54.461,0.98924,0.98952,1.75,1.37
2016.04.20 05:32:54.780,0.98924,0.98957,1.75,1.75
2016.04.20 05:32:55.107,0.98924,0.98952,1.75,1.50
2016.04.20 05:33:02.056,0.98922,0.98951,1.75,1.75
2016.04.20 05:33:02.377,0.98923,0.98951,1.12,1.12
2016.04.20 05:33:03.761,0.98922,0.98955,1.75,1.75
2016.04.20 05:33:03.962,0.98921,0.98951,1.75,1.75
2016.04.20 05:33:04.064,0.98919,0.98951,2.25,1.75
2016.04.20 05:33:04.467,0.9892,0.98944,1.00,1.00
2016.04.20 05:33:04.568,0.98922,0.98946,1.00,1.00
2016.04.20 05:33:06.681,0.98915,0.98947,1.75,1.75
2016.04.20 05:33:07.666,0.98921,0.98945,1.00,1.00
2016.04.20 05:33:08.280,0.98916,0.98946,1.75,1.12
2016.04.20 05:33:08.582,0.98916,0.98941,1.75,1.00
2016.04.20 05:33:08.683,0.98915,0.98942,1.75,1.75
2016.04.20 05:33:08.784,0.98912,0.98942,1.75,1.12
2016.04.20 05:33:08.986,0.98912,0.98946,1.75,1.75
2016.04.20 05:33:09.532,0.98916,0.9894,1.00,1.00
2016.04.20 05:33:13.854,0.98916,0.98937,1.00,1.00
2016.04.20 05:33:16.160,0.98916,0.98936,1.00,1.00
2016.04.20 05:33:16.363,0.98916,0.9894,1.00,1.00
2016.04.20 05:33:17.566,0.98916,0.98937,1.00,1.00
2016.04.20 05:33:17.766,0.98916,0.9894,1.00,1.00
2016.04.20 05:33:19.016,0.98916,0.98936,1.00,1.00
2016.04.20 05:33:24.317,0.98911,0.98936,1.75,1.00
2016.04.20 05:33:24.375,0.98911,0.98941,1.75,1.50
2016.04.20 05:33:24.527,0.98911,0.98936,1.75,1.00
2016.04.20 05:33:24.629,0.98911,0.98937,1.75,1.12
2016.04.20 05:33:25.136,0.98916,0.98936,1.00,1.00
2016.04.20 05:33:27.014,0.98911,0.98936,1.75,1.00
2016.04.20 05:33:29.435,0.98914,0.98941,1.75,1.12
2016.04.20 05:33:32.229,0.98914,0.98941,2.25,1.00
2016.04.20 05:33:32.431,0.98917,0.98947,1.87,1.37
2016.04.20 05:33:32.532,0.9892,0.98947,1.75,1.00
2016.04.20 05:33:33.542,0.98919,0.9895,1.75,1.75
2016.04.20 05:33:33.695,0.98912,0.98936,1.00,1.50
2016.04.20 05:33:33.746,0.9891,0.98934,1.00,1.00
2016.04.20 05:33:34.213,0.98908,0.98932,1.00,1.00
2016.04.20 05:33:34.515,0.98904,0.98936,2.25,1.75
2016.04.20 05:33:36.701,0.98904,0.98931,1.75,1.00
2016.04.20 05:33:36.846,0.98904,0.98931,1.75,1.00
2016.04.20 05:33:37.049,0.98903,0.98931,1.75,1.75
2016.04.20 05:33:37.554,0.98903,0.98932,1.75,1.50
2016.04.20 05:33:37.856,0.98903,0.98931,1.75,1.50
2016.04.20 05:33:41.563,0.98904,0.98928,1.00,1.00
2016.04.20 05:33:43.519,0.989,0.98926,1.37,1.37
2016.04.20 05:33:43.570,0.98899,0.98926,1.50,1.75
2016.04.20 05:33:43.621,0.98899,0.98926,1.37,1.75
2016.04.20 05:33:43.772,0.98897,0.98921,1.00,1.00
2016.04.20 05:33:43.823,0.98895,0.98926,1.87,1.75
2016.04.20 05:33:43.873,0.98899,0.98926,1.75,1.75
2016.04.20 05:33:44.025,0.98899,0.98926,1.75,1.37
2016.04.20 05:33:44.076,0.98903,0.98926,1.00,1.00
2016.04.20 05:33:46.375,0.98903,0.98927,1.00,1.00
2016.04.20 05:33:46.527,0.98899,0.98931,1.87,1.75
2016.04.20 05:33:46.577,0.98906,0.9893,1.00,1.00
2016.04.20 05:33:46.733,0.989,0.98932,1.75,1.75
2016.04.20 05:33:46.783,0.98904,0.98928,1.00,1.00
2016.04.20 05:33:47.635,0.989,0.98936,1.75,3.00
2016.04.20 05:33:47.686,0.98908,0.98932,1.00,1.00
2016.04.20 05:33:47.930,0.98904,0.98935,1.75,1.75
2016.04.20 05:33:48.444,0.98904,0.98935,1.75,1.75
2016.04.20 05:33:49.377,0.98904,0.98936,1.75,1.75
2016.04.20 05:33:49.868,0.98907,0.98931,1.00,1.00
2016.04.20 05:33:51.470,0.98911,0.98935,1.00,1.00
2016.04.20 05:33:51.773,0.98911,0.98941,1.75,1.75
2016.04.20 05:33:56.606,0.98911,0.98936,1.75,1.00
2016.04.20 05:33:56.707,0.98911,0.98941,1.75,1.75
2016.04.20 05:33:56.918,0.9891,0.98937,1.75,1.00
2016.04.20 05:33:57.226,0.98911,0.98942,1.75,1.75
2016.04.20 05:33:59.797,0.98914,0.98941,1.75,1.37
2016.04.20 05:34:00.008,0.9891,0.98941,1.75,1.75
2016.04.20 05:34:00.666,0.9891,0.98941,3.00,1.37
2016.04.20 05:34:01.194,0.98914,0.98941,1.75,1.00
2016.04.20 05:34:02.875,0.98914,0.98946,1.75,1.75
2016.04.20 05:34:03.850,0.98916,0.98942,1.75,1.12
2016.04.20 05:34:04.364,0.98916,0.98942,1.75,1.00
2016.04.20 05:34:04.708,0.98919,0.98942,1.00,1.00
2016.04.20 05:34:06.060,0.98919,0.98943,1.00,1.00
2016.04.20 05:34:06.211,0.98914,0.98946,1.75,1.87
2016.04.20 05:34:06.615,0.98913,0.98937,1.75,1.00
2016.04.20 05:34:08.376,0.98913,0.98936,1.75,1.00
2016.04.20 05:34:08.527,0.98909,0.98936,1.75,1.12
2016.04.20 05:34:08.930,0.98906,0.98931,1.75,1.00
2016.04.20 05:34:09.669,0.98909,0.98936,1.75,1.12
2016.04.20 05:34:09.820,0.98909,0.98936,1.50,1.75
2016.04.20 05:34:10.126,0.98907,0.98931,1.75,1.00
2016.04.20 05:34:10.467,0.98907,0.98931,1.75,1.00
2016.04.20 05:34:10.679,0.98909,0.98936,1.75,1.12
2016.04.20 05:34:13.472,0.98912,0.98936,1.75,1.12
2016.04.20 05:34:13.985,0.98917,0.98937,1.00,1.00
2016.04.20 05:34:15.853,0.98917,0.98941,1.00,1.50
2016.04.20 05:34:16.603,0.98912,0.98941,3.00,1.00
2016.04.20 05:34:16.704,0.98914,0.98946,1.75,2.25
2016.04.20 05:34:17.830,0.98919,0.98946,1.00,1.75
2016.04.20 05:34:18.983,0.98914,0.98946,1.75,1.75
2016.04.20 05:34:19.034,0.9892,0.98944,1.00,1.00
2016.04.20 05:34:19.236,0.98917,0.98947,1.75,1.50
2016.04.20 05:34:19.593,0.98916,0.98947,1.75,1.75
2016.04.20 05:34:19.926,0.98914,0.98947,1.75,1.87
2016.04.20 05:34:20.228,0.98911,0.98936,1.75,1.00
2016.04.20 05:34:21.426,0.9891,0.98941,1.75,1.75
2016.04.20 05:34:21.530,0.98911,0.98941,2.25,1.12
2016.04.20 05:34:21.883,0.98916,0.98941,1.75,1.00
2016.04.20 05:34:22.461,0.98917,0.98942,1.75,1.00
2016.04.20 05:34:24.647,0.98919,0.98946,1.75,1.50
2016.04.20 05:34:25.155,0.9892,0.98946,1.75,1.00
2016.04.20 05:34:25.459,0.98923,0.98946,1.75,1.00
2016.04.20 05:34:25.560,0.98928,0.98946,1.50,1.00
2016.04.20 05:34:25.611,0.98928,0.98957,1.50,1.50
2016.04.20 05:34:25.662,0.98927,0.98957,1.75,1.50
2016.04.20 05:34:26.066,0.98928,0.98957,1.75,1.75
2016.04.20 05:34:26.936,0.98927,0.98951,1.75,1.00
2016.04.20 05:34:27.842,0.98925,0.98956,1.75,1.50
2016.04.20 05:34:27.893,0.98925,0.98956,1.75,1.75
2016.04.20 05:34:28.195,0.98925,0.98958,1.75,1.75
2016.04.20 05:34:29.641,0.98925,0.98956,1.75,1.75
2016.04.20 05:34:30.264,0.98925,0.98956,1.75,1.75
2016.04.20 05:34:30.780,0.98924,0.98951,1.75,1.00
2016.04.20 05:34:33.728,0.98919,0.98951,3.75,1.37
2016.04.20 05:34:33.829,0.98919,0.98951,2.25,1.75
2016.04.20 05:34:36.415,0.98922,0.98951,1.75,1.50
2016.04.20 05:34:36.920,0.98926,0.98956,2.25,1.75
2016.04.20 05:34:36.970,0.98926,0.98956,2.25,1.75
2016.04.20 05:34:42.148,0.98926,0.98956,1.75,1.75
2016.04.20 05:34:42.249,0.98929,0.98953,1.00,1.00
2016.04.20 05:34:42.400,0.98924,0.98956,3.00,1.75
2016.04.20 05:34:42.804,0.98929,0.98953,1.00,1.00
2016.04.20 05:34:43.203,0.98929,0.98951,1.00,1.00
2016.04.20 05:34:43.873,0.98929,0.98953,1.00,1.00
2016.04.20 05:34:43.924,0.98929,0.98956,2.25,1.37
2016.04.20 05:34:44.025,0.98935,0.98961,1.75,1.00
2016.04.20 05:34:44.549,0.98942,0.98962,1.00,1.00
2016.04.20 05:34:45.053,0.98942,0.98961,1.00,1.00
2016.04.20 05:34:45.601,0.98942,0.98962,1.00,1.00
2016.04.20 05:34:46.755,0.98942,0.98961,1.00,1.00
2016.04.20 05:34:47.359,0.98942,0.98962,1.00,1.00
2016.04.20 05:34:47.618,0.98934,0.98962,2.25,1.12
2016.04.20 05:34:49.799,0.98934,0.98961,1.75,1.00
2016.04.20 05:34:50.316,0.98936,0.98967,1.75,1.75
2016.04.20 05:34:50.367,0.98941,0.98965,1.00,1.00
2016.04.20 05:34:50.417,0.9894,0.98966,1.75,1.37
2016.04.20 05:34:50.770,0.98939,0.98967,1.75,1.00
2016.04.20 05:34:51.445,0.9894,0.98971,1.75,1.75
2016.04.20 05:34:58.939,0.9894,0.98966,1.75,1.00
2016.04.20 05:34:59.040,0.98943,0.98966,1.00,1.00
2016.04.20 05:34:59.243,0.98939,0.98972,2.25,2.25
2016.04.20 05:34:59.294,0.98942,0.98972,1.75,1.75
2016.04.20 05:34:59.496,0.98945,0.98972,1.00,1.00
2016.04.20 05:34:59.997,0.98944,0.98972,1.00,1.00
2016.04.20 05:35:00.200,0.98942,0.98971,1.00,1.00
2016.04.20 05:35:00.945,0.98942,0.98972,1.00,1.00
2016.04.20 05:35:01.150,0.98942,0.98966,1.00,1.00
2016.04.20 05:35:01.251,0.98942,0.98971,1.00,1.00
2016.04.20 05:35:02.361,0.98945,0.98972,1.00,1.00
2016.04.20 05:35:02.664,0.98949,0.98972,1.75,1.00
2016.04.20 05:35:02.715,0.98949,0.98976,1.75,1.00
2016.04.20 05:35:03.271,0.98949,0.98977,1.87,1.00
2016.04.20 05:35:04.704,0.98948,0.98977,1.87,1.00
2016.04.20 05:35:05.314,0.98949,0.98977,1.12,1.00
2016.04.20 05:35:05.566,0.98951,0.98982,1.75,1.00
2016.04.20 05:35:06.568,0.9895,0.98981,1.12,1.00
2016.04.20 05:35:07.223,0.98953,0.98977,1.37,1.00
2016.04.20 05:35:09.827,0.98951,0.98981,1.12,1.00
2016.04.20 05:35:09.979,0.9895,0.98977,1.12,1.00
2016.04.20 05:35:10.181,0.9895,0.98982,1.12,1.00
2016.04.20 05:35:10.432,0.98951,0.98976,1.12,1.00
2016.04.20 05:35:10.753,0.9895,0.98981,1.87,1.00
2016.04.20 05:35:10.854,0.98951,0.98981,1.87,1.00
2016.04.20 05:35:11.383,0.98952,0.98982,1.12,1.00
2016.04.20 05:35:11.756,0.98949,0.98982,1.37,1.37
2016.04.20 05:35:11.807,0.98948,0.98982,1.12,1.75
2016.04.20 05:35:12.059,0.98944,0.98976,2.25,1.00
2016.04.20 05:35:13.122,0.98945,0.98981,1.75,1.50
2016.04.20 05:35:13.588,0.98945,0.98976,1.75,1.00
2016.04.20 05:35:15.262,0.98941,0.98976,4.12,1.00
2016.04.20 05:35:15.313,0.98944,0.98976,1.00,1.00
2016.04.20 05:35:15.364,0.98944,0.98978,1.00,1.00
2016.04.20 05:35:15.465,0.98944,0.9898,1.50,1.12
2016.04.20 05:35:15.851,0.98943,0.98977,1.50,1.50
2016.04.20 05:35:16.244,0.98941,0.98971,1.75,1.00
2016.04.20 05:35:16.748,0.9894,0.98972,1.75,1.00
2016.04.20 05:35:20.456,0.98942,0.98972,1.37,1.00
2016.04.20 05:35:20.676,0.98939,0.98972,1.75,1.00
2016.04.20 05:35:20.777,0.98939,0.98972,1.87,1.00
2016.04.20 05:35:21.281,0.98943,0.98971,1.00,1.00
2016.04.20 05:35:28.431,0.9894,0.98971,1.00,1.00
2016.04.20 05:35:30.116,0.98939,0.98971,1.12,1.12
2016.04.20 05:35:36.601,0.98935,0.98967,1.12,1.00
2016.04.20 05:35:39.127,0.98939,0.98971,1.75,1.00
2016.04.20 05:35:41.465,0.98939,0.9897,1.75,1.00
2016.04.20 05:35:41.617,0.98939,0.98971,1.37,1.87
2016.04.20 05:35:41.815,0.9893,0.98966,1.75,1.00
2016.04.20 05:35:41.867,0.98929,0.98962,1.87,1.00
2016.04.20 05:35:42.470,0.98929,0.98962,1.37,1.00
2016.04.20 05:35:42.812,0.98927,0.9896,1.50,1.50
2016.04.20 05:35:42.862,0.98927,0.98955,1.12,1.37
2016.04.20 05:35:43.029,0.98918,0.98955,1.37,1.75
2016.04.20 05:35:43.231,0.98919,0.98951,1.75,1.00
2016.04.20 05:35:43.536,0.98919,0.98951,1.00,1.12
2016.04.20 05:35:44.091,0.98916,0.98951,1.12,1.12
2016.04.20 05:35:44.455,0.98919,0.98951,1.50,1.00
2016.04.20 05:35:44.971,0.98923,0.98955,1.00,1.12
2016.04.20 05:35:45.072,0.98919,0.98951,1.50,1.00
2016.04.20 05:35:45.173,0.98923,0.98955,1.00,1.12
2016.04.20 05:35:45.677,0.98924,0.98951,1.00,1.00
2016.04.20 05:35:45.829,0.98922,0.98952,1.00,1.00
2016.04.20 05:35:46.046,0.98923,0.98952,1.37,1.00
2016.04.20 05:35:47.278,0.98919,0.98946,2.25,1.00
2016.04.20 05:35:47.380,0.98919,0.9895,1.37,1.00
2016.04.20 05:35:47.539,0.98914,0.98947,1.37,1.00
2016.04.20 05:35:47.589,0.98914,0.98941,1.37,1.00
2016.04.20 05:35:47.640,0.98914,0.98941,1.00,1.00
2016.04.20 05:35:48.044,0.98913,0.98942,1.00,1.37
2016.04.20 05:35:48.145,0.98909,0.98944,1.00,1.75
2016.04.20 05:35:48.246,0.98906,0.98936,1.12,1.00
2016.04.20 05:35:48.465,0.98908,0.98937,1.00,1.50
2016.04.20 05:35:51.622,0.98908,0.98937,1.00,1.12
2016.04.20 05:35:52.423,0.98914,0.98941,1.00,1.50
2016.04.20 05:35:52.992,0.98908,0.98942,1.12,1.87
2016.04.20 05:35:53.194,0.98909,0.98936,1.00,1.00
2016.04.20 05:35:53.703,0.98908,0.98937,1.12,1.00
2016.04.20 05:35:54.244,0.98909,0.98936,1.00,1.00
2016.04.20 05:35:55.303,0.98908,0.98937,1.00,1.00
2016.04.20 05:35:56.592,0.98905,0.98937,1.37,1.00
2016.04.20 05:35:57.056,0.98906,0.98936,1.12,1.00
2016.04.20 05:35:58.015,0.98908,0.98942,1.50,1.50
2016.04.20 05:35:58.559,0.98911,0.98941,1.00,1.00
2016.04.20 05:35:58.660,0.9891,0.98947,1.12,1.50
2016.04.20 05:35:58.761,0.98911,0.98947,1.75,1.00
2016.04.20 05:35:59.260,0.98909,0.98946,1.75,1.50
2016.04.20 05:35:59.362,0.98909,0.98946,1.50,1.75
2016.04.20 05:35:59.614,0.98914,0.9895,1.00,2.25
2016.04.20 05:35:59.665,0.98914,0.98948,1.00,1.00
2016.04.20 05:35:59.766,0.98913,0.98953,1.75,1.75
2016.04.20 05:36:00.124,0.98919,0.98956,1.50,1.75
2016.04.20 05:36:01.294,0.98919,0.98956,1.75,1.87
2016.04.20 05:36:01.416,0.98918,0.98952,1.75,1.00
2016.04.20 05:36:01.467,0.98918,0.98952,1.37,1.37
2016.04.20 05:36:03.355,0.98917,0.98952,1.12,1.37
2016.04.20 05:36:03.406,0.98918,0.98956,1.75,1.12
2016.04.20 05:36:03.572,0.98923,0.98957,1.00,1.87
2016.04.20 05:36:04.076,0.98923,0.98956,1.00,1.00
2016.04.20 05:36:05.930,0.98923,0.98957,1.00,1.50
2016.04.20 05:36:06.434,0.98924,0.98956,1.00,1.00
2016.04.20 05:36:07.031,0.98924,0.98956,1.50,1.00
2016.04.20 05:36:07.538,0.98923,0.98957,1.75,1.00
2016.04.20 05:36:08.500,0.98923,0.98957,1.00,1.87
2016.04.20 05:36:09.111,0.98924,0.98956,1.00,1.50
2016.04.20 05:36:09.449,0.98919,0.98951,1.75,1.00
2016.04.20 05:36:10.201,0.98923,0.98957,1.00,1.87
2016.04.20 05:36:10.522,0.98918,0.98952,2.25,1.00
2016.04.20 05:36:10.996,0.98924,0.98951,1.00,1.00
2016.04.20 05:36:11.097,0.98926,0.98956,1.00,1.00
2016.04.20 05:36:13.525,0.98926,0.98957,1.00,1.00
2016.04.20 05:36:14.605,0.98923,0.98957,1.87,1.12
2016.04.20 05:36:15.582,0.98928,0.98959,1.00,1.37
2016.04.20 05:36:15.733,0.98924,0.98956,1.50,1.00
2016.04.20 05:36:17.369,0.98923,0.98957,1.87,1.12
2016.04.20 05:36:17.420,0.98927,0.98957,1.00,1.00
2016.04.20 05:36:17.932,0.98923,0.98957,2.25,1.50
2016.04.20 05:36:18.033,0.9892,0.98956,1.12,1.12
2016.04.20 05:36:18.235,0.9892,0.98951,1.37,1.00
2016.04.20 05:36:18.906,0.98919,0.98951,1.87,1.00
2016.04.20 05:36:19.417,0.98919,0.98951,1.87,1.00
2016.04.20 05:36:22.086,0.98919,0.98951,1.50,1.00
2016.04.20 05:36:22.389,0.98918,0.98946,1.37,1.00
2016.04.20 05:36:22.641,0.98918,0.98952,1.50,1.50
2016.04.20 05:36:23.384,0.98919,0.98949,1.12,1.00
2016.04.20 05:36:23.536,0.98913,0.98947,1.75,1.00
2016.04.20 05:36:23.587,0.98913,0.98947,2.25,1.37
2016.04.20 05:36:27.855,0.98914,0.98943,1.50,2.25
2016.04.20 05:36:27.908,0.98914,0.98943,1.12,2.25
2016.04.20 05:36:27.959,0.98909,0.98938,1.75,1.75
2016.04.20 05:36:28.291,0.98909,0.98939,1.37,2.25
2016.04.20 05:36:29.056,0.98909,0.98938,1.75,1.75
2016.04.20 05:36:29.460,0.98914,0.98941,1.00,1.75
2016.04.20 05:36:29.561,0.98914,0.98943,1.12,1.75
2016.04.20 05:36:32.011,0.98914,0.98946,1.50,3.75
2016.04.20 05:36:32.351,0.98914,0.98946,1.75,2.25
2016.04.20 05:36:37.303,0.98909,0.98944,2.25,1.75
2016.04.20 05:36:37.813,0.9891,0.98941,1.75,1.75
2016.04.20 05:36:37.863,0.9891,0.98941,1.75,1.75
2016.04.20 05:36:39.816,0.98914,0.98943,1.37,2.25
2016.04.20 05:36:39.917,0.98914,0.98944,1.75,1.75
2016.04.20 05:36:45.181,0.98909,0.98941,2.25,1.75
2016.04.20 05:36:48.000,0.9891,0.98942,1.87,1.75
2016.04.20 05:36:48.151,0.9891,0.98942,1.75,1.75
2016.04.20 05:36:49.281,0.98913,0.98943,1.75,1.75
2016.04.20 05:36:49.433,0.98913,0.9894,1.00,1.00
2016.04.20 05:36:49.533,0.98914,0.98943,1.75,1.75
2016.04.20 05:36:50.037,0.98917,0.98941,1.00,1.50
2016.04.20 05:36:53.197,0.98913,0.98946,2.25,1.75
2016.04.20 05:36:53.819,0.98913,0.98941,1.75,1.75
2016.04.20 05:36:56.037,0.9891,0.98934,1.00,1.00
2016.04.20 05:37:10.430,0.98908,0.9894,1.75,1.75
2016.04.20 05:37:10.481,0.98913,0.98937,1.00,1.00
2016.04.20 05:37:10.532,0.98908,0.98941,2.62,1.75
2016.04.20 05:37:11.046,0.98908,0.98936,1.75,1.75
2016.04.20 05:37:13.446,0.98908,0.98941,2.25,1.75
2016.04.20 05:37:13.496,0.98908,0.98942,1.75,2.25
2016.04.20 05:37:14.413,0.98908,0.98936,1.75,1.00
2016.04.20 05:37:14.665,0.98911,0.98935,1.00,1.00
2016.04.20 05:37:14.766,0.98913,0.98937,1.00,1.00
2016.04.20 05:37:15.180,0.98909,0.98941,1.75,2.25
2016.04.20 05:37:17.039,0.98909,0.98936,1.87,1.00
2016.04.20 05:37:21.381,0.98909,0.98941,1.75,1.75
2016.04.20 05:37:21.482,0.98907,0.98937,1.75,1.75
2016.04.20 05:37:21.785,0.98904,0.98936,1.75,1.12
2016.04.20 05:37:21.886,0.98901,0.98934,1.75,1.87
2016.04.20 05:37:21.987,0.98904,0.98928,1.00,1.00
2016.04.20 05:37:25.822,0.989,0.98932,1.12,1.75
2016.04.20 05:37:26.366,0.98899,0.98931,1.75,1.75
2016.04.20 05:37:29.968,0.98904,0.98932,1.00,1.75
2016.04.20 05:37:30.080,0.98898,0.98931,1.12,1.75
2016.04.20 05:37:30.828,0.98901,0.98931,1.75,1.75
2016.04.20 05:37:30.929,0.98903,0.98934,1.75,1.75
2016.04.20 05:37:31.504,0.98904,0.98935,1.12,1.75
2016.04.20 05:37:33.095,0.98898,0.98932,1.75,1.75
2016.04.20 05:37:33.612,0.98901,0.98932,1.75,1.75
2016.04.20 05:37:34.414,0.98904,0.98933,2.25,1.12
2016.04.20 05:37:38.841,0.98899,0.98935,1.87,1.75
2016.04.20 05:37:39.143,0.98903,0.98927,1.00,1.00
2016.04.20 05:37:39.531,0.98906,0.9893,1.00,1.00
2016.04.20 05:37:39.863,0.98904,0.98935,1.75,1.75
2016.04.20 05:37:41.035,0.98902,0.98931,1.75,1.75
2016.04.20 05:37:41.950,0.98903,0.98935,1.75,1.75
2016.04.20 05:37:44.736,0.98904,0.98938,2.25,1.75
2016.04.20 05:37:45.039,0.98908,0.98938,1.75,1.75
2016.04.20 05:37:45.994,0.98909,0.98932,1.00,1.00
2016.04.20 05:37:46.502,0.98908,0.98932,1.00,1.00
2016.04.20 05:37:47.660,0.98904,0.98936,1.75,1.87
2016.04.20 05:37:47.711,0.98906,0.9893,1.00,1.00
2016.04.20 05:37:47.761,0.98904,0.98936,1.75,1.87
2016.04.20 05:37:48.306,0.98904,0.98936,1.75,1.87
2016.04.20 05:37:50.314,0.98904,0.98934,1.75,1.75
2016.04.20 05:37:50.365,0.98904,0.98934,1.75,1.75
2016.04.20 05:37:50.819,0.98904,0.98935,1.75,1.87
2016.04.20 05:37:52.766,0.98899,0.98931,2.62,1.75
2016.04.20 05:37:52.867,0.98904,0.98928,1.00,1.00
2016.04.20 05:37:56.374,0.98899,0.98931,2.25,1.75
2016.04.20 05:37:56.925,0.98899,0.98931,2.25,1.75
2016.04.20 05:37:57.443,0.989,0.98924,1.00,1.00
2016.04.20 05:37:58.050,0.98899,0.98927,1.87,1.50
2016.04.20 05:37:58.151,0.989,0.98931,1.12,2.25
2016.04.20 05:37:58.963,0.98899,0.98931,1.75,2.25
2016.04.20 05:37:59.971,0.98901,0.98931,1.75,1.75
2016.04.20 05:38:00.187,0.98905,0.98929,1.00,1.00
2016.04.20 05:38:00.389,0.989,0.98931,1.75,1.50
2016.04.20 05:38:00.924,0.98903,0.98932,1.75,1.75
2016.04.20 05:38:02.077,0.98903,0.98932,1.75,1.00
2016.04.20 05:38:02.952,0.98903,0.98932,1.75,1.50
2016.04.20 05:38:04.067,0.98906,0.98929,1.00,1.00
2016.04.20 05:38:04.572,0.989,0.98932,1.75,1.50
2016.04.20 05:38:04.874,0.98899,0.9893,1.75,1.75
2016.04.20 05:38:04.975,0.98903,0.98927,1.00,1.00
2016.04.20 05:38:16.430,0.98903,0.98926,1.00,1.00
2016.04.20 05:38:18.118,0.98896,0.98926,1.75,1.75
2016.04.20 05:38:21.228,0.98899,0.98931,1.75,2.25
2016.04.20 05:38:22.580,0.98896,0.98926,1.75,1.00
2016.04.20 05:38:24.141,0.98901,0.98927,1.75,1.12
2016.04.20 05:38:26.091,0.989,0.98931,1.75,2.25
2016.04.20 05:38:26.598,0.989,0.98929,1.75,1.87
2016.04.20 05:38:27.028,0.989,0.98923,1.00,1.00
2016.04.20 05:38:28.854,0.989,0.98926,1.50,1.50
2016.04.20 05:38:32.249,0.989,0.98931,1.75,2.25
2016.04.20 05:38:32.552,0.989,0.98926,1.12,1.75
2016.04.20 05:38:33.217,0.989,0.98929,1.50,1.75
2016.04.20 05:38:33.268,0.989,0.98929,1.75,1.75
2016.04.20 05:38:33.642,0.989,0.98927,1.00,1.75
2016.04.20 05:38:33.857,0.989,0.98927,1.75,1.75
2016.04.20 05:38:37.614,0.98901,0.98929,1.75,1.75
2016.04.20 05:38:37.665,0.98903,0.98927,1.00,1.00
2016.04.20 05:38:42.475,0.98903,0.98926,1.00,1.00
2016.04.20 05:38:44.129,0.98903,0.98927,1.00,1.00
2016.04.20 05:38:44.231,0.989,0.98929,1.50,2.25
2016.04.20 05:38:44.282,0.989,0.98924,1.50,1.00
2016.04.20 05:38:44.788,0.989,0.98926,1.00,1.75
2016.04.20 05:38:45.192,0.98901,0.98925,1.50,1.00
2016.04.20 05:38:46.818,0.98901,0.98932,1.50,2.25
2016.04.20 05:38:47.120,0.98901,0.98931,1.75,1.75
2016.04.20 05:38:47.511,0.98901,0.98931,2.25,1.50
2016.04.20 05:38:48.365,0.98901,0.98931,1.75,1.75
2016.04.20 05:38:48.416,0.98905,0.98929,1.00,1.00
2016.04.20 05:38:48.716,0.98903,0.98927,1.00,1.00
2016.04.20 05:38:51.929,0.98901,0.98929,1.37,1.75
2016.04.20 05:38:51.979,0.98901,0.98929,1.00,1.75
2016.04.20 05:38:52.181,0.98901,0.98925,1.50,1.00
2016.04.20 05:38:55.548,0.989,0.98929,1.75,1.37
2016.04.20 05:38:55.599,0.989,0.98929,1.75,1.37
2016.04.20 05:38:55.801,0.98901,0.98931,1.75,1.37
2016.04.20 05:38:57.869,0.98904,0.98936,2.25,1.75
2016.04.20 05:38:57.920,0.98909,0.98933,1.00,1.00
2016.04.20 05:38:58.072,0.98906,0.98936,1.75,1.75
2016.04.20 05:38:58.575,0.98906,0.98936,1.75,1.75
2016.04.20 05:39:00.104,0.98905,0.98936,1.75,1.75
2016.04.20 05:39:01.107,0.98905,0.98931,1.75,1.00
2016.04.20 05:39:02.059,0.98906,0.98931,1.75,1.00
2016.04.20 05:39:02.360,0.98903,0.98931,1.75,1.12
2016.04.20 05:39:02.814,0.98903,0.98931,3.00,1.00
2016.04.20 05:39:03.066,0.98906,0.98936,1.75,1.50
2016.04.20 05:39:05.067,0.98913,0.98942,2.25,1.37
2016.04.20 05:39:05.117,0.98921,0.98942,1.00,1.00
2016.04.20 05:39:05.479,0.98921,0.98945,1.00,1.00
2016.04.20 05:39:09.128,0.98917,0.98946,1.75,1.50
2016.04.20 05:39:09.753,0.98917,0.98946,1.75,1.12
2016.04.20 05:39:11.957,0.98917,0.9895,1.75,1.75
2016.04.20 05:39:12.361,0.98917,0.98946,1.75,1.75
2016.04.20 05:39:13.209,0.98912,0.98943,2.25,1.75
2016.04.20 05:39:13.259,0.98909,0.98942,1.75,1.75
2016.04.20 05:39:17.850,0.98907,0.98936,1.75,1.75
2016.04.20 05:39:21.507,0.98909,0.98941,1.75,2.25
2016.04.20 05:39:21.558,0.98912,0.98936,1.00,1.00
2016.04.20 05:39:23.376,0.98909,0.98941,1.75,2.25
2016.04.20 05:39:23.912,0.98909,0.98939,1.75,1.75
2016.04.20 05:39:24.265,0.98907,0.9894,1.75,1.75
2016.04.20 05:39:24.367,0.98914,0.98938,1.00,1.00
2016.04.20 05:39:24.417,0.98913,0.98942,1.75,1.50
2016.04.20 05:39:24.468,0.98913,0.98942,1.75,1.50
2016.04.20 05:39:24.771,0.98914,0.98948,1.75,1.75
2016.04.20 05:39:25.366,0.98913,0.98942,1.75,1.00
2016.04.20 05:39:26.057,0.98912,0.98942,1.75,1.50
2016.04.20 05:39:26.108,0.9891,0.98942,1.75,1.75
2016.04.20 05:39:26.669,0.9891,0.98942,1.75,1.75
2016.04.20 05:39:29.218,0.98913,0.98946,1.87,3.75
2016.04.20 05:39:29.269,0.98918,0.98942,1.00,1.00
2016.04.20 05:39:29.843,0.98916,0.98946,1.75,1.37
2016.04.20 05:39:29.894,0.98916,0.98946,1.75,1.12
2016.04.20 05:39:30.528,0.98915,0.98947,1.75,1.75
2016.04.20 05:39:30.579,0.98915,0.98947,1.75,1.75
2016.04.20 05:39:32.623,0.98915,0.98941,1.75,1.00
2016.04.20 05:39:33.192,0.98911,0.98941,1.75,1.50
2016.04.20 05:39:40.708,0.98915,0.98946,1.75,1.75
2016.04.20 05:39:40.910,0.98918,0.98942,1.00,1.50
2016.04.20 05:39:40.960,0.98913,0.98946,1.75,2.25
2016.04.20 05:39:41.011,0.98909,0.98941,1.75,1.75
2016.04.20 05:39:41.062,0.98909,0.98941,1.75,1.75
2016.04.20 05:39:41.113,0.98912,0.98936,1.00,1.00
2016.04.20 05:39:41.465,0.98909,0.98941,1.75,2.25
2016.04.20 05:39:41.568,0.98912,0.98936,1.00,1.00
2016.04.20 05:39:42.128,0.98909,0.98939,1.75,1.75
2016.04.20 05:39:47.920,0.98905,0.98939,1.75,1.75
2016.04.20 05:39:52.339,0.98909,0.98935,1.50,1.00
2016.04.20 05:39:52.641,0.98909,0.98941,1.75,1.75
2016.04.20 05:39:52.692,0.98915,0.98939,1.00,1.00
2016.04.20 05:39:54.297,0.98908,0.98942,1.75,2.25
2016.04.20 05:39:54.398,0.98907,0.98942,1.75,1.75
2016.04.20 05:39:54.581,0.98909,0.98941,1.75,1.75
2016.04.20 05:39:54.632,0.98909,0.98941,1.75,1.75
2016.04.20 05:40:00.718,0.98911,0.98945,1.75,1.75
2016.04.20 05:40:00.820,0.98913,0.98937,1.00,1.00
2016.04.20 05:40:03.924,0.98908,0.98939,1.75,1.75
2016.04.20 05:40:06.712,0.98908,0.98939,1.75,1.75
2016.04.20 05:40:06.763,0.98909,0.98933,1.00,1.00
2016.04.20 05:40:07.793,0.98903,0.98936,1.75,1.75
2016.04.20 05:40:07.844,0.98907,0.98931,1.00,1.00
2016.04.20 05:40:10.882,0.98909,0.98931,1.00,1.00
2016.04.20 05:40:10.933,0.98909,0.98936,1.75,1.50
2016.04.20 05:40:11.034,0.98909,0.98936,1.75,1.12
2016.04.20 05:40:11.380,0.98909,0.98936,1.00,2.25
2016.04.20 05:40:11.834,0.98904,0.98931,1.50,1.75
2016.04.20 05:40:16.062,0.98904,0.98931,1.75,1.50
2016.04.20 05:40:16.599,0.98909,0.98931,1.00,1.00
2016.04.20 05:40:17.129,0.98909,0.98932,1.00,1.00
2016.04.20 05:40:19.117,0.98905,0.98932,1.75,1.00
2016.04.20 05:40:19.624,0.98904,0.98932,1.75,1.00
2016.04.20 05:40:21.480,0.98904,0.98931,2.25,1.00
2016.04.20 05:40:23.187,0.98904,0.98926,1.75,1.00
2016.04.20 05:40:24.949,0.98904,0.98931,2.25,1.00
2016.04.20 05:40:25.050,0.98904,0.98931,1.75,1.12
2016.04.20 05:40:25.847,0.98903,0.98927,1.75,1.00
2016.04.20 05:40:25.898,0.98903,0.98927,1.75,1.00
2016.04.20 05:40:27.153,0.98903,0.98932,1.75,1.75
2016.04.20 05:40:28.131,0.98902,0.98927,1.75,1.00
2016.04.20 05:40:28.491,0.98899,0.98931,1.75,1.75
2016.04.20 05:40:33.478,0.98897,0.98926,1.75,1.75
2016.04.20 05:40:34.369,0.98896,0.98927,1.75,1.75
2016.04.20 05:40:34.910,0.98902,0.98926,1.00,1.00
2016.04.20 05:40:35.274,0.98893,0.98927,2.25,1.75
2016.04.20 05:40:37.167,0.98893,0.98922,1.75,1.00
2016.04.20 05:40:39.218,0.98893,0.98927,2.25,1.75
2016.04.20 05:40:41.479,0.98896,0.98926,1.75,1.75
2016.04.20 05:40:42.034,0.98896,0.98926,1.75,1.50
2016.04.20 05:40:44.800,0.98896,0.98926,1.75,1.12
2016.04.20 05:40:46.404,0.98902,0.98926,1.75,1.00
2016.04.20 05:40:46.948,0.98902,0.98927,1.75,1.00
2016.04.20 05:40:49.779,0.98904,0.98931,1.75,1.12
2016.04.20 05:40:53.614,0.98904,0.98931,1.75,1.00
2016.04.20 05:40:56.950,0.98904,0.98931,1.75,1.75
2016.04.20 05:41:00.148,0.98903,0.98932,1.75,2.25
2016.04.20 05:41:01.558,0.98906,0.98927,1.00,1.00
2016.04.20 05:41:04.409,0.98906,0.9893,1.00,1.00
2016.04.20 05:41:15.634,0.98906,0.98927,1.00,1.00
2016.04.20 05:41:15.992,0.98906,0.9893,1.00,1.00
2016.04.20 05:41:21.701,0.98905,0.98929,1.00,1.00
2016.04.20 05:41:23.787,0.98905,0.98926,1.00,1.00
2016.04.20 05:41:26.197,0.98905,0.98929,1.00,1.00
2016.04.20 05:41:26.759,0.98905,0.98926,1.00,1.00
2016.04.20 05:41:27.269,0.989,0.98926,1.75,1.12
2016.04.20 05:41:30.376,0.98901,0.98927,1.50,1.75
2016.04.20 05:41:30.678,0.989,0.98926,1.75,1.12
2016.04.20 05:41:31.225,0.989,0.98926,2.25,1.00
2016.04.20 05:41:32.201,0.98901,0.98926,1.75,1.00
2016.04.20 05:41:32.746,0.989,0.98926,2.25,1.00
2016.04.20 05:41:32.797,0.98901,0.98926,1.75,1.00
2016.04.20 05:41:33.322,0.98901,0.98927,1.75,1.00
2016.04.20 05:41:34.250,0.98901,0.98926,1.75,1.00
2016.04.20 05:41:35.473,0.989,0.98931,2.25,1.75
2016.04.20 05:41:38.687,0.98901,0.98932,1.75,1.75
2016.04.20 05:41:38.990,0.98908,0.98927,1.00,1.00
2016.04.20 05:41:41.417,0.98905,0.98927,1.00,1.00
2016.04.20 05:41:41.919,0.98901,0.98927,1.75,1.00
2016.04.20 05:41:45.053,0.98904,0.98931,1.50,1.75
2016.04.20 05:41:45.572,0.98901,0.98926,1.75,1.00
2016.04.20 05:41:46.546,0.989,0.98931,2.25,1.75
2016.04.20 05:41:46.748,0.98901,0.98931,1.12,1.75
2016.04.20 05:41:47.051,0.98901,0.98921,1.12,1.00
2016.04.20 05:41:49.437,0.989,0.98922,1.37,1.12
2016.04.20 05:41:50.316,0.989,0.98922,1.50,1.00
2016.04.20 05:41:50.854,0.98901,0.98922,1.12,1.12
2016.04.20 05:41:54.255,0.98901,0.98922,1.37,1.00
2016.04.20 05:41:55.508,0.989,0.98926,1.75,1.75
2016.04.20 05:41:56.159,0.98901,0.98926,1.50,1.37
2016.04.20 05:41:56.470,0.98901,0.98926,2.25,1.00
2016.04.20 05:42:01.479,0.98901,0.98926,1.75,1.00
2016.04.20 05:42:01.681,0.98901,0.98926,1.75,1.12
2016.04.20 05:42:01.732,0.98901,0.98926,1.50,1.12
2016.04.20 05:42:02.763,0.98901,0.98926,1.50,1.00
2016.04.20 05:42:03.015,0.98908,0.98931,1.00,1.00
2016.04.20 05:42:03.974,0.98903,0.98931,1.75,1.37
2016.04.20 05:42:04.489,0.98901,0.98931,1.75,1.75
2016.04.20 05:42:04.792,0.98901,0.98931,1.75,1.75
2016.04.20 05:42:05.429,0.98901,0.98925,1.50,1.00
2016.04.20 05:42:05.480,0.98901,0.98927,1.12,1.75
2016.04.20 05:42:05.783,0.989,0.98921,1.12,1.37
2016.04.20 05:42:05.985,0.989,0.98924,1.12,1.12
2016.04.20 05:42:06.036,0.989,0.98923,1.50,1.00
2016.04.20 05:42:06.137,0.989,0.98916,1.00,1.00
2016.04.20 05:42:07.564,0.989,0.98921,1.00,1.00
2016.04.20 05:42:07.817,0.989,0.98927,1.37,1.75
2016.04.20 05:42:08.229,0.98901,0.98911,1.00,1.00
2016.04.20 05:42:08.745,0.989,0.98911,1.00,1.00
2016.04.20 05:42:11.264,0.98901,0.98911,1.00,1.00
2016.04.20 05:42:11.757,0.98899,0.98911,1.00,1.12
2016.04.20 05:42:11.959,0.989,0.98917,1.00,2.62
2016.04.20 05:42:12.009,0.989,0.98917,1.00,2.62
2016.04.20 05:42:12.060,0.98884,0.98911,2.25,1.00
2016.04.20 05:42:12.111,0.98887,0.98911,1.00,1.37
2016.04.20 05:42:12.363,0.98884,0.98912,1.75,1.12
2016.04.20 05:42:12.414,0.9888,0.98912,1.87,1.37
2016.04.20 05:42:12.728,0.98881,0.98906,1.75,1.00
2016.04.20 05:42:13.810,0.98884,0.98911,1.75,1.50
2016.04.20 05:42:14.339,0.98889,0.98915,1.00,1.75
2016.04.20 05:42:14.743,0.98888,0.98916,1.75,1.37
2016.04.20 05:42:14.794,0.98888,0.98916,1.75,1.37
2016.04.20 05:42:15.106,0.98889,0.98911,1.00,1.00
2016.04.20 05:42:15.815,0.98888,0.98914,1.75,1.37
2016.04.20 05:42:16.122,0.98885,0.98911,1.75,1.00
2016.04.20 05:42:16.474,0.98885,0.98916,1.75,1.12
2016.04.20 05:42:16.646,0.98883,0.98917,1.87,2.62
2016.04.20 05:42:17.636,0.98889,0.98914,1.00,1.12
2016.04.20 05:42:18.140,0.98889,0.98914,1.12,1.12
2016.04.20 05:42:18.190,0.98889,0.98913,1.50,1.00
2016.04.20 05:42:19.321,0.98888,0.98916,1.75,1.12
2016.04.20 05:42:19.372,0.98888,0.98917,1.75,1.87
2016.04.20 05:42:19.624,0.98889,0.98916,1.75,1.37
2016.04.20 05:42:19.675,0.98889,0.98916,1.50,1.12
2016.04.20 05:42:19.927,0.98888,0.98917,1.75,1.75
2016.04.20 05:42:20.133,0.98889,0.98916,2.25,1.12
2016.04.20 05:42:20.184,0.98889,0.98914,2.25,1.00
2016.04.20 05:42:20.386,0.98889,0.98915,1.12,1.12
2016.04.20 05:42:20.941,0.98893,0.98919,1.00,1.12
2016.04.20 05:42:21.042,0.98893,0.98916,1.37,1.00
2016.04.20 05:42:21.393,0.98888,0.98923,2.62,1.75
2016.04.20 05:42:21.697,0.98898,0.98922,1.12,1.12
2016.04.20 05:42:21.899,0.98894,0.98921,1.12,1.87
2016.04.20 05:42:21.949,0.98893,0.9892,1.50,1.12
2016.04.20 05:42:22.453,0.98894,0.98916,1.00,1.00
2016.04.20 05:42:23.385,0.98893,0.98916,1.50,1.00
2016.04.20 05:42:23.889,0.98889,0.98916,1.75,1.50
2016.04.20 05:42:25.267,0.98889,0.98915,1.75,1.37
2016.04.20 05:42:25.318,0.98889,0.98914,1.75,1.00
2016.04.20 05:42:25.419,0.98888,0.98914,1.75,1.12
2016.04.20 05:42:26.052,0.98885,0.98917,1.75,1.87
2016.04.20 05:42:26.154,0.98889,0.98916,1.75,1.00
2016.04.20 05:42:26.659,0.98889,0.9892,1.75,1.75
2016.04.20 05:42:26.962,0.98889,0.98916,1.75,1.75
2016.04.20 05:42:27.287,0.98894,0.98918,1.12,1.12
2016.04.20 05:42:34.611,0.98894,0.98917,1.12,1.12
2016.04.20 05:42:34.944,0.98894,0.98917,1.00,1.12
2016.04.20 05:42:37.465,0.98894,0.98916,1.00,1.00
2016.04.20 05:42:38.136,0.98888,0.98917,1.75,1.87
2016.04.20 05:42:38.489,0.98888,0.98915,1.50,1.12
2016.04.20 05:42:39.074,0.98889,0.98912,1.00,1.37
2016.04.20 05:42:47.382,0.98883,0.98912,1.75,1.50
2016.04.20 05:42:47.483,0.98889,0.98915,1.00,1.12
2016.04.20 05:42:48.025,0.98884,0.98911,1.75,1.12
2016.04.20 05:42:53.525,0.98889,0.98916,1.50,2.62
2016.04.20 05:42:55.205,0.98883,0.98913,1.75,1.50
2016.04.20 05:42:55.256,0.98883,0.98912,1.75,1.75
2016.04.20 05:42:55.307,0.98883,0.98912,1.37,1.75
2016.04.20 05:42:55.358,0.98883,0.98906,1.00,1.00
2016.04.20 05:42:58.920,0.98883,0.98911,1.75,1.75
2016.04.20 05:42:59.223,0.98885,0.98911,1.75,1.00
2016.04.20 05:42:59.324,0.98889,0.98916,1.75,1.00
2016.04.20 05:42:59.425,0.9889,0.98916,1.75,1.00
2016.04.20 05:42:59.526,0.98892,0.98922,1.75,1.50
2016.04.20 05:42:59.938,0.98895,0.98919,1.00,1.00
2016.04.20 05:43:00.396,0.98895,0.98916,1.00,1.00
2016.04.20 05:43:00.497,0.98895,0.98919,1.00,1.00
2016.04.20 05:43:01.225,0.98897,0.98921,1.00,1.00
2016.04.20 05:43:02.329,0.98893,0.98921,1.75,1.00
2016.04.20 05:43:02.530,0.98898,0.98927,1.75,1.75
2016.04.20 05:43:05.075,0.98893,0.98926,2.25,1.87
2016.04.20 05:43:05.378,0.989,0.98927,1.75,1.00
2016.04.20 05:43:05.694,0.98903,0.98932,1.75,1.75
2016.04.20 05:43:05.845,0.98903,0.98932,1.75,1.37
2016.04.20 05:43:06.250,0.98903,0.98927,1.75,1.00
2016.04.20 05:43:06.810,0.98903,0.98932,2.25,1.37
2016.04.20 05:43:06.885,0.98903,0.98926,1.75,1.00
2016.04.20 05:43:06.936,0.98903,0.98926,1.75,1.00
2016.04.20 05:43:07.719,0.98904,0.98931,1.75,1.50
2016.04.20 05:43:07.770,0.98904,0.98931,1.75,1.12
2016.04.20 05:43:08.282,0.98904,0.98931,1.75,1.00
2016.04.20 05:43:11.858,0.98903,0.98932,1.75,1.00
2016.04.20 05:43:12.409,0.98904,0.98931,1.75,1.00
2016.04.20 05:43:12.712,0.98909,0.98931,1.75,1.00
2016.04.20 05:43:12.968,0.98909,0.98936,2.25,1.00
2016.04.20 05:43:14.063,0.98909,0.98937,1.75,1.50
2016.04.20 05:43:14.164,0.9891,0.98937,1.50,1.75
2016.04.20 05:43:16.287,0.98917,0.98937,1.00,1.00
2016.04.20 05:43:16.388,0.98917,0.98941,1.00,1.50
2016.04.20 05:43:16.490,0.98918,0.98941,1.75,1.00
2016.04.20 05:43:16.691,0.98924,0.98947,1.00,1.00
2016.04.20 05:43:17.599,0.98918,0.98946,1.75,1.37
2016.04.20 05:43:18.170,0.98922,0.98946,1.00,1.50
2016.04.20 05:43:24.685,0.98915,0.98947,1.75,1.75
2016.04.20 05:43:24.988,0.98914,0.98944,1.50,1.75
2016.04.20 05:43:25.391,0.98913,0.98944,2.25,1.37
2016.04.20 05:43:25.492,0.98917,0.98941,1.00,1.00
2016.04.20 05:43:29.798,0.98913,0.98946,1.75,1.75
2016.04.20 05:43:30.172,0.98915,0.98941,1.75,1.00
2016.04.20 05:43:30.424,0.98914,0.98947,1.75,1.75
2016.04.20 05:43:31.668,0.98912,0.98942,3.00,1.00
2016.04.20 05:43:31.719,0.98911,0.98942,1.75,1.75
2016.04.20 05:43:32.497,0.98909,0.98941,2.25,1.75
2016.04.20 05:43:32.598,0.98909,0.98941,1.75,1.75
2016.04.20 05:43:33.801,0.98908,0.9894,1.50,1.75
2016.04.20 05:43:34.104,0.98904,0.98936,1.75,2.25
2016.04.20 05:43:40.095,0.98905,0.98936,1.12,1.75
2016.04.20 05:43:44.994,0.98912,0.98936,1.00,1.00
2016.04.20 05:43:45.320,0.98904,0.98936,1.75,1.75
2016.04.20 05:43:45.623,0.98913,0.98936,1.00,1.00
2016.04.20 05:43:45.724,0.98907,0.98936,1.12,1.75
2016.04.20 05:43:48.622,0.98905,0.98939,3.00,1.75
2016.04.20 05:43:48.925,0.98906,0.98937,2.25,1.00
2016.04.20 05:43:50.143,0.98906,0.98936,2.25,1.00
2016.04.20 05:43:50.244,0.98906,0.98939,2.25,2.25
2016.04.20 05:43:50.446,0.98906,0.98932,2.25,1.00
2016.04.20 05:43:51.051,0.98906,0.98936,2.25,1.00
2016.04.20 05:43:51.811,0.98908,0.98937,1.75,1.00
2016.04.20 05:43:52.366,0.98907,0.98936,1.75,1.00
2016.04.20 05:43:52.668,0.98908,0.98939,1.75,2.62
2016.04.20 05:43:52.769,0.98906,0.98933,2.25,1.00
2016.04.20 05:43:53.588,0.98906,0.98935,2.25,1.00
2016.04.20 05:43:53.890,0.98906,0.98933,2.25,1.00
2016.04.20 05:43:54.268,0.98906,0.98935,2.25,1.00
2016.04.20 05:43:54.563,0.98903,0.98936,1.50,1.00
2016.04.20 05:43:54.704,0.98904,0.98936,1.87,1.00
2016.04.20 05:43:55.017,0.98905,0.98935,2.25,1.37
2016.04.20 05:43:55.068,0.98903,0.98935,1.75,1.75
2016.04.20 05:43:57.024,0.98904,0.98935,1.12,2.25
2016.04.20 05:43:59.513,0.98904,0.98935,1.50,1.75
2016.04.20 05:43:59.564,0.98904,0.98935,1.75,1.75
2016.04.20 05:44:04.442,0.98908,0.98932,1.00,1.00
2016.04.20 05:44:04.543,0.98907,0.98937,1.75,1.75
2016.04.20 05:44:04.893,0.98907,0.98936,1.75,1.12
2016.04.20 05:44:05.246,0.98907,0.98937,1.75,1.75
2016.04.20 05:44:05.347,0.98904,0.98938,1.75,1.75
2016.04.20 05:44:05.448,0.98904,0.98937,1.75,1.75
2016.04.20 05:44:07.147,0.98903,0.98931,1.75,1.12
2016.04.20 05:44:09.172,0.98904,0.98936,1.87,1.75
2016.04.20 05:44:09.936,0.98906,0.98936,1.75,1.50
2016.04.20 05:44:09.987,0.98906,0.98936,1.75,1.50
2016.04.20 05:44:11.066,0.98905,0.98936,1.75,1.75
2016.04.20 05:44:11.268,0.98906,0.98936,1.75,1.00
2016.04.20 05:44:11.814,0.98909,0.98939,1.75,1.75
2016.04.20 05:44:12.117,0.98912,0.98945,1.75,1.75
2016.04.20 05:44:12.419,0.98916,0.98949,1.75,1.75
2016.04.20 05:44:12.722,0.98916,0.98947,2.25,1.37
2016.04.20 05:44:12.773,0.98915,0.98947,1.75,1.75
2016.04.20 05:44:13.172,0.98909,0.98942,3.00,1.75
2016.04.20 05:44:13.863,0.98912,0.98945,1.75,1.75
2016.04.20 05:44:14.266,0.98914,0.98938,1.00,1.00
2016.04.20 05:44:16.654,0.98918,0.98947,1.37,2.25
2016.04.20 05:44:16.704,0.98918,0.98951,1.50,1.75
2016.04.20 05:44:16.755,0.98918,0.98948,1.50,1.37
2016.04.20 05:44:16.957,0.98914,0.98946,2.25,1.37
2016.04.20 05:44:17.461,0.98913,0.98946,1.50,1.37
2016.04.20 05:44:17.584,0.98913,0.9894,1.00,1.37
2016.04.20 05:44:18.089,0.98909,0.9894,1.37,1.37
2016.04.20 05:44:23.052,0.98917,0.98943,1.00,2.25
2016.04.20 05:44:23.613,0.98918,0.98943,1.00,2.25
2016.04.20 05:44:24.154,0.98919,0.98943,1.00,2.25
2016.04.20 05:44:24.255,0.98917,0.98943,1.00,2.25
2016.04.20 05:44:24.806,0.98918,0.98943,1.00,2.25
2016.04.20 05:44:26.461,0.98917,0.98943,1.00,2.25
2016.04.20 05:44:26.872,0.98914,0.98943,1.00,2.25
2016.04.20 05:44:27.376,0.98915,0.98943,1.00,2.25
2016.04.20 05:44:27.880,0.98914,0.98943,1.00,2.25
2016.04.20 05:44:28.386,0.98915,0.98943,1.00,2.25
2016.04.20 05:44:30.270,0.98914,0.98943,1.50,2.25
2016.04.20 05:44:30.771,0.98915,0.98943,1.00,2.25
2016.04.20 05:44:31.322,0.98914,0.98943,1.50,2.25
2016.04.20 05:44:31.946,0.98919,0.98943,1.00,2.25
2016.04.20 05:44:32.047,0.98915,0.98943,1.00,2.25
2016.04.20 05:44:32.098,0.98918,0.98943,1.00,2.25
2016.04.20 05:44:32.602,0.98919,0.98943,1.00,2.25
2016.04.20 05:44:33.797,0.98918,0.98943,1.00,2.25
2016.04.20 05:44:33.999,0.98913,0.98937,1.00,1.37
2016.04.20 05:44:34.503,0.98914,0.98943,1.00,2.25
2016.04.20 05:44:34.724,0.98912,0.98936,1.12,1.12
2016.04.20 05:44:43.053,0.98902,0.98931,3.00,1.00
2016.04.20 05:44:43.357,0.98902,0.98921,2.25,1.00
2016.04.20 05:44:43.407,0.98902,0.98925,2.25,1.00
2016.04.20 05:44:43.627,0.98902,0.98921,2.25,1.00
2016.04.20 05:44:44.173,0.98902,0.98924,2.25,1.00
2016.04.20 05:44:44.224,0.98902,0.98928,2.25,1.00
2016.04.20 05:44:44.325,0.98902,0.98932,2.25,1.87
2016.04.20 05:44:44.730,0.98902,0.98927,2.25,1.00
2016.04.20 05:44:45.033,0.98902,0.98924,2.25,1.00
2016.04.20 05:44:45.713,0.98902,0.98925,2.25,1.00
2016.04.20 05:44:46.259,0.98902,0.98924,2.25,1.00
2016.04.20 05:44:46.614,0.98902,0.9892,2.25,1.00
2016.04.20 05:44:46.917,0.98902,0.98922,2.25,1.12
2016.04.20 05:44:47.018,0.98902,0.9892,2.25,1.00
2016.04.20 05:44:47.321,0.98902,0.98917,2.25,1.00
2016.04.20 05:44:48.015,0.98902,0.98916,2.25,1.00
2016.04.20 05:44:48.419,0.98897,0.98912,1.87,1.00
2016.04.20 05:44:49.893,0.98897,0.98911,1.87,1.00
2016.04.20 05:44:50.667,0.98897,0.98916,1.87,1.50
2016.04.20 05:44:51.171,0.98897,0.98917,1.87,1.00
2016.04.20 05:44:52.296,0.98897,0.9892,1.87,1.00
2016.04.20 05:44:52.398,0.98897,0.98916,1.87,1.00
2016.04.20 05:44:52.951,0.98897,0.98921,1.87,1.50
2016.04.20 05:44:53.052,0.98897,0.98916,1.87,1.00
2016.04.20 05:44:53.518,0.98897,0.9892,1.87,1.00
2016.04.20 05:44:54.062,0.98897,0.98921,1.87,1.50
2016.04.20 05:44:54.389,0.98897,0.98916,1.87,1.00
2016.04.20 05:44:54.490,0.98897,0.98922,1.87,1.00
2016.04.20 05:44:54.541,0.98897,0.9892,1.87,1.00
2016.04.20 05:44:54.843,0.98897,0.98916,1.87,1.00
2016.04.20 05:44:55.260,0.98897,0.98921,1.87,1.50
2016.04.20 05:44:56.705,0.98898,0.98932,1.37,1.50
2016.04.20 05:44:56.806,0.98899,0.98926,1.37,1.00
2016.04.20 05:44:57.108,0.98897,0.98921,1.87,1.00
2016.04.20 05:44:57.360,0.98899,0.98931,1.37,2.25
2016.04.20 05:44:57.411,0.98899,0.98928,1.37,1.00
2016.04.20 05:44:57.713,0.98899,0.98926,1.37,1.00
2016.04.20 05:44:58.019,0.98897,0.98922,1.87,1.00
2016.04.20 05:44:58.120,0.98899,0.98926,1.37,1.00
2016.04.20 05:44:58.356,0.98899,0.98929,1.37,1.00
2016.04.20 05:44:58.559,0.98897,0.98921,1.87,1.00
2016.04.20 05:44:58.660,0.98897,0.98927,1.87,1.00
2016.04.20 05:44:58.761,0.98894,0.98927,1.37,1.37
2016.04.20 05:44:58.913,0.98894,0.98921,2.25,1.00
2016.04.20 05:45:02.421,0.98895,0.98921,1.75,1.37
2016.04.20 05:45:02.471,0.98895,0.98921,1.75,1.50
2016.04.20 05:45:04.325,0.98895,0.98922,1.75,1.37
2016.04.20 05:45:04.619,0.98894,0.98926,2.25,1.75
2016.04.20 05:45:04.720,0.98895,0.98924,1.75,1.00
2016.04.20 05:45:05.023,0.98898,0.98929,1.75,1.75
2016.04.20 05:45:05.327,0.98895,0.98922,1.75,1.00
2016.04.20 05:45:06.218,0.98895,0.98926,1.75,1.75
2016.04.20 05:45:06.523,0.98897,0.98927,1.75,1.37
2016.04.20 05:45:06.825,0.989,0.98932,2.25,1.75
2016.04.20 05:45:06.876,0.989,0.98932,3.00,1.50
2016.04.20 05:45:06.927,0.989,0.98926,1.75,1.00
2016.04.20 05:45:06.978,0.98898,0.98926,1.75,1.00
2016.04.20 05:45:07.141,0.98897,0.98922,1.75,1.00
2016.04.20 05:45:07.468,0.98899,0.98926,1.75,1.00
2016.04.20 05:45:07.916,0.98898,0.98927,1.75,1.75
2016.04.20 05:45:08.018,0.98899,0.98932,1.75,1.75
2016.04.20 05:45:08.119,0.98901,0.98926,1.75,1.00
2016.04.20 05:45:08.326,0.98899,0.98926,1.75,1.75
2016.04.20 05:45:08.377,0.98897,0.98921,1.75,1.00
2016.04.20 05:45:10.511,0.98897,0.98922,1.75,1.00
2016.04.20 05:45:11.041,0.98897,0.98921,1.75,1.00
2016.04.20 05:45:11.344,0.98905,0.98922,1.00,1.00
2016.04.20 05:45:11.596,0.98905,0.98926,1.00,1.00
2016.04.20 05:45:13.206,0.98899,0.98926,2.25,1.12
2016.04.20 05:45:13.357,0.98902,0.98926,1.75,1.12
2016.04.20 05:45:13.684,0.98909,0.98926,1.00,1.00
2016.04.20 05:45:13.836,0.98909,0.98932,1.00,1.00
2016.04.20 05:45:14.345,0.98909,0.98933,1.00,1.00
2016.04.20 05:45:14.396,0.98911,0.98935,1.00,1.00
2016.04.20 05:45:15.245,0.989,0.98933,1.75,1.75
2016.04.20 05:45:15.807,0.989,0.98932,1.75,1.75
2016.04.20 05:45:16.311,0.98904,0.98928,1.00,1.00
2016.04.20 05:45:16.362,0.98904,0.98926,1.00,1.00
2016.04.20 05:45:16.671,0.98904,0.98928,1.00,1.00
2016.04.20 05:45:17.461,0.98903,0.98931,1.37,1.75
2016.04.20 05:45:17.904,0.98902,0.98926,1.00,1.50
2016.04.20 05:45:18.564,0.98904,0.98926,1.00,1.00
2016.04.20 05:45:19.901,0.98904,0.98931,1.00,1.75
2016.04.20 05:45:20.052,0.98903,0.98927,1.50,1.00
2016.04.20 05:45:26.875,0.98903,0.98926,1.00,1.00
2016.04.20 05:45:27.887,0.98904,0.98927,1.00,1.00
2016.04.20 05:45:31.294,0.98904,0.98931,1.37,1.75
2016.04.20 05:45:31.345,0.98905,0.98929,1.00,1.00
2016.04.20 05:45:36.607,0.98909,0.98929,1.00,1.00
2016.04.20 05:45:38.337,0.98905,0.98929,1.00,1.00
2016.04.20 05:45:43.328,0.98909,0.98929,1.00,1.00
2016.04.20 05:45:43.731,0.98905,0.98929,1.00,1.00
2016.04.20 05:45:44.243,0.98903,0.98932,1.37,2.25
2016.04.20 05:45:44.293,0.98899,0.98926,1.75,1.12
2016.04.20 05:45:45.623,0.98899,0.98931,2.25,1.75
2016.04.20 05:45:45.763,0.98898,0.98932,3.00,1.75
2016.04.20 05:45:45.814,0.98898,0.98926,2.25,1.00
2016.04.20 05:45:47.594,0.98899,0.98932,1.75,1.75
2016.04.20 05:45:49.230,0.98902,0.98927,1.75,1.00
2016.04.20 05:45:49.849,0.98902,0.98931,1.75,1.75
2016.04.20 05:45:55.545,0.98901,0.98926,1.75,1.00
2016.04.20 05:45:55.747,0.98899,0.98931,1.75,1.75
2016.04.20 05:45:55.937,0.98899,0.98926,1.75,1.00
2016.04.20 05:45:59.061,0.98898,0.98921,2.25,1.00
2016.04.20 05:46:00.334,0.98898,0.98925,3.00,1.00
2016.04.20 05:46:00.553,0.98898,0.98927,3.00,1.00
2016.04.20 05:46:00.663,0.98898,0.98922,2.25,1.00
2016.04.20 05:46:00.714,0.98899,0.98926,1.75,1.00
2016.04.20 05:46:03.307,0.98898,0.98927,3.00,1.00
2016.04.20 05:46:05.413,0.98899,0.98926,1.75,1.00
2016.04.20 05:46:09.806,0.98898,0.98927,3.00,1.50
2016.04.20 05:46:10.475,0.98898,0.98921,2.25,1.00
2016.04.20 05:46:14.449,0.98898,0.98926,2.25,1.00
2016.04.20 05:46:14.601,0.98898,0.98924,2.25,1.00
2016.04.20 05:46:14.904,0.98898,0.98917,2.25,1.50
2016.04.20 05:46:15.225,0.98898,0.98912,2.25,1.00
2016.04.20 05:46:15.432,0.98898,0.98916,2.25,1.50
2016.04.20 05:46:18.877,0.98889,0.98911,1.00,1.00
2016.04.20 05:46:24.349,0.98888,0.98911,1.00,1.00
2016.04.20 05:46:28.106,0.98889,0.98911,1.00,1.00
2016.04.20 05:46:32.119,0.98889,0.98912,1.00,1.75
2016.04.20 05:46:32.170,0.98884,0.98911,1.12,1.75
2016.04.20 05:46:32.614,0.98881,0.98903,1.00,1.00
2016.04.20 05:46:32.664,0.98879,0.98903,1.50,1.00
2016.04.20 05:46:32.715,0.98878,0.98898,1.00,1.00
2016.04.20 05:46:33.018,0.98883,0.98907,1.00,2.25
2016.04.20 05:46:33.537,0.98884,0.98909,1.00,1.75
2016.04.20 05:46:33.639,0.98884,0.98908,1.50,1.00
2016.04.20 05:46:33.740,0.98889,0.98908,1.00,1.00
2016.04.20 05:46:33.841,0.98888,0.98911,1.12,1.50
2016.04.20 05:46:34.194,0.98888,0.98915,1.75,1.75
2016.04.20 05:46:36.384,0.98888,0.98915,1.37,1.75
2016.04.20 05:46:36.688,0.98884,0.98911,1.50,1.75
2016.04.20 05:46:37.020,0.98889,0.98912,1.00,1.75
2016.04.20 05:46:39.403,0.98889,0.9891,1.00,1.00
2016.04.20 05:46:39.504,0.98889,0.98914,1.50,1.87
2016.04.20 05:46:39.898,0.98889,0.98915,1.12,1.75
2016.04.20 05:46:41.724,0.98889,0.98916,1.50,3.75
2016.04.20 05:46:42.931,0.98889,0.98916,1.37,3.75
2016.04.20 05:46:43.666,0.98889,0.98911,1.00,1.00
2016.04.20 05:46:44.512,0.98889,0.98916,1.37,3.75
2016.04.20 05:46:45.410,0.98889,0.98916,1.00,3.37
2016.04.20 05:46:45.511,0.98889,0.98916,1.12,4.12
2016.04.20 05:46:45.562,0.98894,0.98916,1.00,3.00
2016.04.20 05:46:45.889,0.98894,0.98916,1.00,3.00
2016.04.20 05:46:46.510,0.98894,0.98916,1.00,3.00
2016.04.20 05:46:46.561,0.98889,0.98916,1.50,3.00
2016.04.20 05:46:47.072,0.98894,0.98916,1.00,1.75
2016.04.20 05:46:48.147,0.98894,0.98916,1.00,1.75
2016.04.20 05:46:48.198,0.98888,0.98916,1.12,2.25
2016.04.20 05:46:49.053,0.98889,0.98916,1.00,2.25
2016.04.20 05:46:50.165,0.98884,0.98916,1.75,3.00
2016.04.20 05:46:50.316,0.98884,0.98916,2.25,3.00
2016.04.20 05:46:55.335,0.98889,0.98916,1.75,2.25
2016.04.20 05:46:56.126,0.98894,0.98919,1.00,1.75
2016.04.20 05:47:00.716,0.98889,0.98916,1.75,1.75
2016.04.20 05:47:00.868,0.98889,0.98916,1.50,1.75
2016.04.20 05:47:02.933,0.98894,0.98916,1.00,1.00
2016.04.20 05:47:03.234,0.98894,0.98921,1.50,1.75
2016.04.20 05:47:04.433,0.98894,0.98921,1.50,1.50
2016.04.20 05:47:04.937,0.98899,0.98926,1.12,1.75
2016.04.20 05:47:09.440,0.98898,0.98931,1.37,1.75
2016.04.20 05:47:09.491,0.98901,0.98925,1.00,1.00
2016.04.20 05:47:13.170,0.98898,0.9893,1.50,2.25
2016.04.20 05:47:13.884,0.98899,0.98927,1.50,1.75
2016.04.20 05:47:15.176,0.98898,0.98927,1.50,1.75
2016.04.20 05:47:15.479,0.98899,0.98919,1.00,1.75
2016.04.20 05:47:15.580,0.98898,0.98919,1.00,1.00
2016.04.20 05:47:15.681,0.98893,0.98916,1.00,1.00
2016.04.20 05:47:15.972,0.98893,0.98921,1.00,1.75
2016.04.20 05:47:16.481,0.98894,0.98914,1.00,1.00
2016.04.20 05:47:19.670,0.98894,0.98916,1.00,1.00
2016.04.20 05:47:19.772,0.98894,0.98918,1.00,1.75
2016.04.20 05:47:19.873,0.98888,0.98917,1.75,1.75
2016.04.20 05:47:20.172,0.98888,0.98917,1.75,1.75
2016.04.20 05:47:20.695,0.98894,0.98918,1.00,1.75
2016.04.20 05:47:21.526,0.98889,0.98916,1.50,1.75
2016.04.20 05:47:24.101,0.98888,0.98918,1.50,1.75
2016.04.20 05:47:24.807,0.98889,0.98918,1.75,1.75
2016.04.20 05:47:26.811,0.98889,0.98918,1.37,1.75
2016.04.20 05:47:26.862,0.98889,0.98918,1.37,1.75
2016.04.20 05:47:27.366,0.98891,0.98915,1.00,1.00
2016.04.20 05:47:28.457,0.98893,0.98915,1.00,1.00
2016.04.20 05:47:28.772,0.98891,0.98915,1.00,1.00
2016.04.20 05:47:29.799,0.98888,0.98917,1.37,1.75
2016.04.20 05:47:30.102,0.98883,0.98918,3.75,1.75
2016.04.20 05:47:30.415,0.98889,0.98917,1.12,1.75
2016.04.20 05:47:30.760,0.98894,0.98917,1.00,1.75
2016.04.20 05:47:31.107,0.98894,0.98917,1.00,1.75
2016.04.20 05:47:31.345,0.98888,0.98917,1.75,1.75
2016.04.20 05:47:31.675,0.98888,0.98917,1.75,1.50
2016.04.20 05:47:32.221,0.98894,0.98918,1.00,1.00
2016.04.20 05:47:32.475,0.98889,0.98922,1.75,1.75
2016.04.20 05:47:32.732,0.98892,0.98916,1.00,1.00
2016.04.20 05:47:33.624,0.98894,0.98916,1.00,1.00
2016.04.20 05:47:35.702,0.98892,0.98916,1.00,1.00
2016.04.20 05:47:43.839,0.98888,0.9892,1.75,1.75
2016.04.20 05:47:43.897,0.98888,0.9892,1.75,1.75
2016.04.20 05:47:50.924,0.98889,0.98918,1.12,2.25
2016.04.20 05:47:56.439,0.98883,0.98914,1.75,1.75
2016.04.20 05:47:57.533,0.98889,0.98915,1.00,1.75
2016.04.20 05:47:58.290,0.98884,0.98915,1.75,1.75
2016.04.20 05:48:00.490,0.98888,0.98915,1.00,1.75
2016.04.20 05:48:00.642,0.98888,0.98914,1.12,1.75
2016.04.20 05:48:00.745,0.98888,0.98914,1.00,1.75
2016.04.20 05:48:03.579,0.98888,0.98914,1.12,1.75
2016.04.20 05:48:04.067,0.98889,0.98912,1.00,1.75
2016.04.20 05:48:04.119,0.98884,0.98912,1.50,1.75
2016.04.20 05:48:04.170,0.98884,0.98906,1.00,1.00
2016.04.20 05:48:04.473,0.98884,0.98909,1.00,1.75
2016.04.20 05:48:05.492,0.98884,0.98912,1.50,1.75
2016.04.20 05:48:06.656,0.98884,0.98913,1.00,1.75
2016.04.20 05:48:07.372,0.98888,0.98912,1.00,1.75
2016.04.20 05:48:08.361,0.98884,0.98911,1.00,1.75
2016.04.20 05:48:13.103,0.98889,0.98911,1.00,1.75
2016.04.20 05:48:13.255,0.98884,0.9891,1.00,1.75
2016.04.20 05:48:14.476,0.98884,0.98914,1.75,1.75
2016.04.20 05:48:14.978,0.98889,0.98914,1.00,1.75
2016.04.20 05:48:15.461,0.98881,0.98915,1.75,1.75
2016.04.20 05:48:17.592,0.98887,0.98911,1.00,1.00
2016.04.20 05:48:18.236,0.98888,0.98911,1.00,1.00
2016.04.20 05:48:18.387,0.98888,0.98909,1.00,1.00
2016.04.20 05:48:18.727,0.98885,0.98909,1.00,1.00
2016.04.20 05:48:19.588,0.98884,0.98914,1.12,1.75
2016.04.20 05:48:22.299,0.98883,0.98914,1.75,1.75
2016.04.20 05:48:26.715,0.98883,0.98909,1.00,1.75
2016.04.20 05:48:26.766,0.9888,0.98909,1.37,1.75
2016.04.20 05:48:26.893,0.98884,0.9891,1.00,1.75
2016.04.20 05:48:27.398,0.98883,0.98909,1.00,1.75
2016.04.20 05:48:27.866,0.98881,0.98909,1.00,1.75
2016.04.20 05:48:28.216,0.98889,0.98909,1.00,1.75
2016.04.20 05:48:28.520,0.98889,0.98904,1.00,1.00
2016.04.20 05:48:28.722,0.98889,0.98909,1.00,1.75
2016.04.20 05:48:29.024,0.98888,0.98906,1.00,1.00
2016.04.20 05:48:29.125,0.98888,0.9891,1.00,1.00
2016.04.20 05:48:30.519,0.98888,0.98914,1.00,1.75
2016.04.20 05:48:31.039,0.98888,0.9891,1.00,1.00
2016.04.20 05:48:32.183,0.98886,0.9891,1.00,1.00
2016.04.20 05:48:32.234,0.98884,0.98908,1.50,1.00
2016.04.20 05:48:33.192,0.98884,0.98911,1.12,1.75
2016.04.20 05:48:33.504,0.98884,0.98911,1.00,2.25
2016.04.20 05:48:34.157,0.98884,0.98911,1.50,1.75
2016.04.20 05:48:34.359,0.98889,0.98914,1.00,1.75
2016.04.20 05:48:36.048,0.98889,0.98911,1.00,1.00
2016.04.20 05:48:36.250,0.98889,0.98913,1.00,1.75
2016.04.20 05:48:36.552,0.98889,0.98918,1.50,1.75
2016.04.20 05:48:36.603,0.98889,0.98918,1.75,1.75
2016.04.20 05:48:36.906,0.98899,0.98921,1.00,1.50
2016.04.20 05:48:37.412,0.98898,0.98926,1.00,1.75
2016.04.20 05:48:37.815,0.98894,0.98923,1.50,1.75
2016.04.20 05:48:38.148,0.98894,0.98926,1.75,2.25
2016.04.20 05:48:38.652,0.98893,0.98927,1.75,2.25
2016.04.20 05:48:38.803,0.98893,0.98926,1.75,1.75
2016.04.20 05:48:39.056,0.98894,0.98926,1.50,2.25
2016.04.20 05:48:39.720,0.98894,0.98923,1.12,1.75
2016.04.20 05:48:39.922,0.98899,0.98923,1.00,1.00
2016.04.20 05:48:44.315,0.98895,0.98926,1.75,1.75
2016.04.20 05:48:44.366,0.98894,0.98926,1.75,2.25
2016.04.20 05:48:46.020,0.98899,0.98926,1.00,1.75
2016.04.20 05:48:46.273,0.98894,0.98926,1.75,1.75
2016.04.20 05:48:46.789,0.98898,0.98927,1.00,1.75
2016.04.20 05:48:47.780,0.98893,0.98926,1.75,1.75
2016.04.20 05:48:50.238,0.98893,0.98924,1.75,1.75
2016.04.20 05:48:50.541,0.98889,0.98918,1.12,1.75
2016.04.20 05:48:50.844,0.98889,0.98909,1.00,1.00
2016.04.20 05:48:51.358,0.98888,0.98909,1.00,1.00
2016.04.20 05:48:53.610,0.98889,0.98909,1.00,1.00
2016.04.20 05:48:54.531,0.98888,0.98909,1.00,1.00
2016.04.20 05:48:55.117,0.98889,0.98909,1.00,1.00
2016.04.20 05:48:57.814,0.98888,0.98909,1.00,1.00
2016.04.20 05:48:58.549,0.98888,0.98914,1.12,1.75
2016.04.20 05:48:58.907,0.98888,0.98914,1.00,1.75
2016.04.20 05:48:59.709,0.98889,0.98914,1.00,1.75
2016.04.20 05:49:00.079,0.9888,0.98904,1.00,1.75
2016.04.20 05:49:00.192,0.98881,0.98904,1.00,1.75
2016.04.20 05:49:00.344,0.98884,0.98903,1.00,1.75
2016.04.20 05:49:00.445,0.98881,0.98904,1.00,1.75
2016.04.20 05:49:00.898,0.98884,0.98907,1.00,1.75
2016.04.20 05:49:01.251,0.98884,0.98906,1.00,1.75
2016.04.20 05:49:03.098,0.98888,0.98909,1.00,1.75
2016.04.20 05:49:03.199,0.98889,0.9891,1.00,1.75
2016.04.20 05:49:03.301,0.98889,0.98912,1.00,1.75
2016.04.20 05:49:03.824,0.98889,0.98913,1.00,1.75
2016.04.20 05:49:05.393,0.98889,0.98912,1.00,1.75
2016.04.20 05:49:06.270,0.98894,0.98912,1.00,1.75
2016.04.20 05:49:06.372,0.98894,0.98912,1.00,1.00
2016.04.20 05:49:06.624,0.98894,0.98922,1.00,2.25
2016.04.20 05:49:07.028,0.98894,0.98918,1.00,1.75
2016.04.20 05:49:07.202,0.98889,0.98916,1.37,1.75
2016.04.20 05:49:08.293,0.98894,0.98917,1.00,1.75
2016.04.20 05:49:08.620,0.98889,0.98916,1.37,1.75
2016.04.20 05:49:12.118,0.98889,0.98916,1.37,1.75
2016.04.20 05:49:12.622,0.98894,0.98919,1.00,1.75
2016.04.20 05:49:13.552,0.98888,0.98919,1.75,1.75
2016.04.20 05:49:13.855,0.98894,0.98921,1.37,1.75
2016.04.20 05:49:13.905,0.98894,0.98921,1.50,1.50
2016.04.20 05:49:14.410,0.98894,0.98921,1.12,2.25
2016.04.20 05:49:17.822,0.98894,0.98919,1.00,1.50
2016.04.20 05:49:19.740,0.98889,0.98916,1.75,1.75
2016.04.20 05:49:19.841,0.98893,0.98919,1.00,1.75
2016.04.20 05:49:20.164,0.98888,0.98917,1.75,1.75
2016.04.20 05:49:21.353,0.98888,0.98917,2.25,1.50
2016.04.20 05:49:21.404,0.98893,0.98917,1.00,1.50
2016.04.20 05:49:23.217,0.98888,0.98917,2.25,1.50
2016.04.20 05:49:23.821,0.98888,0.98917,1.75,1.75
2016.04.20 05:49:25.462,0.9889,0.98916,1.00,1.50
2016.04.20 05:49:25.614,0.98888,0.98916,1.75,1.50
2016.04.20 05:49:26.117,0.98889,0.98914,1.75,1.50
2016.04.20 05:49:26.269,0.98889,0.98913,1.37,1.37
2016.04.20 05:49:26.471,0.98883,0.98913,1.75,2.25
2016.04.20 05:49:30.636,0.98881,0.98912,1.75,2.62
2016.04.20 05:49:32.281,0.98884,0.98912,1.00,1.75
2016.04.20 05:49:32.811,0.9888,0.98911,1.75,1.87
2016.04.20 05:49:38.395,0.98883,0.98908,1.00,1.75
2016.04.20 05:49:38.638,0.98879,0.98907,1.37,1.75
2016.04.20 05:49:38.689,0.98879,0.98906,1.00,2.25
2016.04.20 05:49:39.193,0.98879,0.98902,1.00,1.75
2016.04.20 05:49:39.294,0.98879,0.98904,1.00,1.75
2016.04.20 05:49:39.597,0.98879,0.98903,1.12,1.75
2016.04.20 05:49:40.180,0.98879,0.98906,1.12,1.75
2016.04.20 05:49:41.201,0.98884,0.98906,1.00,1.75
2016.04.20 05:49:41.369,0.98879,0.98906,1.12,1.75
2016.04.20 05:49:42.899,0.98884,0.98906,1.00,1.75
2016.04.20 05:49:44.248,0.98879,0.98906,1.12,1.75
2016.04.20 05:49:44.400,0.98884,0.98907,1.00,1.75
2016.04.20 05:49:44.610,0.98878,0.98906,1.50,1.75
2016.04.20 05:49:44.712,0.98884,0.98906,1.00,1.75
2016.04.20 05:49:44.922,0.98879,0.98906,1.12,1.75
2016.04.20 05:49:45.511,0.98878,0.98907,1.00,3.00
2016.04.20 05:49:48.400,0.98878,0.98904,1.37,1.75
2016.04.20 05:49:48.703,0.98884,0.98911,1.00,1.75
2016.04.20 05:49:51.538,0.98883,0.9891,1.00,1.75
2016.04.20 05:49:52.039,0.98884,0.9891,1.00,1.75
2016.04.20 05:49:52.938,0.98879,0.98911,1.75,2.25
2016.04.20 05:49:53.140,0.98879,0.98911,1.75,1.75
2016.04.20 05:49:53.241,0.98881,0.98905,1.00,1.00
2016.04.20 05:49:56.837,0.98883,0.98905,1.00,1.00
2016.04.20 05:49:57.472,0.98884,0.98908,1.00,1.00
2016.04.20 05:49:57.573,0.98889,0.98908,1.00,1.00
2016.04.20 05:50:00.578,0.98884,0.98908,1.50,1.00
2016.04.20 05:50:00.830,0.98884,0.98911,1.12,1.75
2016.04.20 05:50:01.143,0.98884,0.98902,1.00,1.00
2016.04.20 05:50:01.966,0.98879,0.98902,1.00,1.00
2016.04.20 05:50:02.559,0.98878,0.98902,1.50,1.00
2016.04.20 05:50:02.660,0.98878,0.98907,1.00,1.75
2016.04.20 05:50:03.303,0.98878,0.98898,1.00,1.00
2016.04.20 05:50:03.665,0.98878,0.989,1.00,1.00
2016.04.20 05:50:05.972,0.98878,0.98908,1.75,1.75
2016.04.20 05:50:06.275,0.98884,0.98905,1.00,1.00
2016.04.20 05:50:06.679,0.98884,0.98903,1.00,1.00
2016.04.20 05:50:06.730,0.98879,0.98903,1.00,1.00
2016.04.20 05:50:06.780,0.98876,0.98912,1.75,1.75
2016.04.20 05:50:07.186,0.98878,0.98909,1.75,1.75
2016.04.20 05:50:08.882,0.98875,0.98908,1.75,1.75
2016.04.20 05:50:09.184,0.98884,0.98913,1.75,2.25
2016.04.20 05:50:09.386,0.98879,0.98903,1.00,1.00
2016.04.20 05:50:09.487,0.98881,0.98905,1.00,1.00
2016.04.20 05:50:10.230,0.98883,0.98905,1.00,1.00
2016.04.20 05:50:10.670,0.98881,0.98905,1.00,1.00
2016.04.20 05:50:11.137,0.98884,0.98905,1.00,1.00
2016.04.20 05:50:11.455,0.98881,0.98905,1.00,1.00
2016.04.20 05:50:11.676,0.98883,0.98905,1.00,1.00
2016.04.20 05:50:17.740,0.98884,0.98904,1.00,1.00
2016.04.20 05:50:18.066,0.98879,0.98904,1.00,1.75
2016.04.20 05:50:18.591,0.98879,0.98904,1.00,1.75
2016.04.20 05:50:19.580,0.98879,0.98905,1.00,1.75
2016.04.20 05:50:20.309,0.98879,0.98902,1.00,1.75
2016.04.20 05:50:24.950,0.98878,0.98901,1.00,1.75
2016.04.20 05:50:27.067,0.98879,0.98902,1.00,1.75
2016.04.20 05:50:27.319,0.98884,0.98908,1.00,1.75
2016.04.20 05:50:27.621,0.98875,0.98908,1.75,1.75
2016.04.20 05:50:27.722,0.98884,0.98908,1.00,1.75
2016.04.20 05:50:28.390,0.98878,0.98908,1.50,1.75
2016.04.20 05:50:28.491,0.98878,0.98897,1.00,1.00
2016.04.20 05:50:28.995,0.98879,0.98897,1.00,1.00
2016.04.20 05:50:34.097,0.98878,0.98897,1.00,1.00
2016.04.20 05:50:34.199,0.98878,0.98908,1.75,1.75
2016.04.20 05:50:36.710,0.98878,0.9891,1.75,1.75
2016.04.20 05:50:37.817,0.98878,0.9891,1.75,2.25
2016.04.20 05:50:39.271,0.98884,0.98909,1.00,1.75
2016.04.20 05:50:39.471,0.98879,0.98903,1.00,1.00
2016.04.20 05:50:39.674,0.98884,0.98903,1.00,1.00
2016.04.20 05:50:39.989,0.98884,0.98905,1.00,1.75
2016.04.20 05:50:40.041,0.98884,0.98905,1.00,1.75
2016.04.20 05:50:40.674,0.98879,0.98905,1.00,1.75
2016.04.20 05:50:40.894,0.98883,0.98905,1.00,1.75
2016.04.20 05:50:41.120,0.98879,0.98906,1.00,2.25
2016.04.20 05:50:41.446,0.98883,0.98903,1.00,1.00
2016.04.20 05:50:42.578,0.98879,0.98903,1.00,1.00
2016.04.20 05:50:52.969,0.98878,0.98905,1.12,1.75
2016.04.20 05:50:54.679,0.98879,0.98906,1.00,2.25
2016.04.20 05:50:55.008,0.98879,0.98905,1.00,1.75
2016.04.20 05:50:55.540,0.98873,0.989,1.75,1.50
2016.04.20 05:50:55.590,0.98873,0.989,1.00,1.75
2016.04.20 05:50:56.763,0.98879,0.98899,1.00,1.75
2016.04.20 05:50:57.279,0.98874,0.98899,1.00,1.75
2016.04.20 05:50:57.729,0.98879,0.98899,1.00,1.75
2016.04.20 05:51:00.828,0.98873,0.989,1.00,1.75
2016.04.20 05:51:01.231,0.98879,0.98899,1.00,1.75
2016.04.20 05:51:01.689,0.98879,0.98898,1.00,1.00
2016.04.20 05:51:02.357,0.98878,0.98898,1.00,1.00
2016.04.20 05:51:02.976,0.98878,0.98898,1.37,1.00
2016.04.20 05:51:05.177,0.98878,0.98898,1.37,1.00
2016.04.20 05:51:05.682,0.98878,0.98898,1.37,1.00
2016.04.20 05:51:06.271,0.98879,0.98898,1.37,1.00
2016.04.20 05:51:06.785,0.98878,0.98898,1.37,1.00
2016.04.20 05:51:07.858,0.98878,0.98898,1.37,1.00
2016.04.20 05:51:10.482,0.98878,0.98898,1.37,1.00
2016.04.20 05:51:10.992,0.98878,0.98898,1.37,1.00
2016.04.20 05:51:11.541,0.98878,0.98898,1.37,1.00
2016.04.20 05:51:12.660,0.98879,0.98898,1.37,1.00
2016.04.20 05:51:14.781,0.98879,0.98898,1.37,1.00
2016.04.20 05:51:15.302,0.98879,0.98898,1.37,1.00
2016.04.20 05:51:17.676,0.98878,0.98898,1.37,1.00
2016.04.20 05:51:18.207,0.98879,0.98905,1.37,1.75
2016.04.20 05:51:20.883,0.98879,0.98905,1.37,1.75
2016.04.20 05:51:22.348,0.98884,0.98904,1.00,1.75
2016.04.20 05:51:33.154,0.98884,0.98899,1.00,1.00
2016.04.20 05:51:34.339,0.98878,0.98899,1.37,1.00
2016.04.20 05:51:35.352,0.98878,0.98899,1.37,1.00
2016.04.20 05:51:36.038,0.98878,0.98897,1.37,1.00
2016.04.20 05:51:37.127,0.98878,0.98902,1.37,1.75
2016.04.20 05:51:37.653,0.98879,0.98894,1.00,1.00
2016.04.20 05:51:38.520,0.98878,0.98894,1.00,1.00
2016.04.20 05:51:39.225,0.98879,0.98894,1.00,1.00
2016.04.20 05:51:40.267,0.98879,0.989,1.00,1.75
2016.04.20 05:51:40.419,0.98884,0.98903,1.00,1.75
2016.04.20 05:51:40.520,0.98879,0.98903,1.00,1.75
2016.04.20 05:51:40.622,0.98883,0.98903,1.00,1.75
2016.04.20 05:51:41.352,0.98883,0.98906,1.00,1.75
2016.04.20 05:51:44.273,0.98879,0.98906,1.00,2.25
2016.04.20 05:51:45.377,0.98879,0.98902,1.00,1.75
2016.04.20 05:51:45.680,0.98879,0.989,1.00,1.75
2016.04.20 05:51:55.881,0.98878,0.98896,1.00,1.00
2016.04.20 05:51:57.085,0.98878,0.98903,1.00,1.75
2016.04.20 05:51:57.186,0.98884,0.98904,1.00,1.75
2016.04.20 05:51:57.488,0.98884,0.98903,1.00,1.75
2016.04.20 05:51:57.892,0.98884,0.98902,1.00,1.75
2016.04.20 05:51:58.289,0.98884,0.98902,1.00,1.75
2016.04.20 05:51:58.491,0.98884,0.98902,1.00,1.75
2016.04.20 05:51:58.592,0.98884,0.98902,1.00,1.75
2016.04.20 05:52:02.054,0.98883,0.98904,1.00,1.75
2016.04.20 05:52:02.104,0.98883,0.98904,1.00,3.00
2016.04.20 05:52:02.155,0.98878,0.98904,1.00,3.00
2016.04.20 05:52:02.307,0.98878,0.989,1.00,3.00
2016.04.20 05:52:02.819,0.98879,0.98898,1.00,1.75
2016.04.20 05:52:03.916,0.98879,0.98897,1.00,1.75
2016.04.20 05:52:05.214,0.98874,0.98898,1.00,1.75
2016.04.20 05:52:05.315,0.98874,0.98898,1.00,3.00
2016.04.20 05:52:05.517,0.98874,0.98897,1.00,1.75
2016.04.20 05:52:05.668,0.98869,0.98896,1.12,1.75
2016.04.20 05:52:05.871,0.98879,0.98896,1.00,1.75
2016.04.20 05:52:06.087,0.98874,0.98896,1.00,1.75
2016.04.20 05:52:06.519,0.98873,0.98897,1.50,1.00
2016.04.20 05:52:06.570,0.98878,0.98897,1.00,1.00
2016.04.20 05:52:07.167,0.98879,0.98897,1.00,1.00
2016.04.20 05:52:07.697,0.98878,0.98899,1.00,1.75
2016.04.20 05:52:08.369,0.98878,0.98899,1.00,1.75
2016.04.20 05:52:11.178,0.98879,0.989,1.00,1.75
2016.04.20 05:52:12.181,0.98884,0.98899,1.00,1.75
2016.04.20 05:52:12.232,0.98884,0.98899,1.00,1.75
2016.04.20 05:52:12.484,0.98879,0.98902,1.00,1.75
2016.04.20 05:52:14.686,0.98878,0.98903,1.00,2.25
2016.04.20 05:52:16.147,0.98884,0.98902,1.00,1.75
2016.04.20 05:52:16.330,0.98884,0.98907,1.00,1.75
2016.04.20 05:52:17.246,0.98884,0.98906,1.00,1.75
2016.04.20 05:52:17.549,0.98884,0.98906,1.00,1.75
2016.04.20 05:52:20.277,0.98883,0.98906,1.00,1.75
2016.04.20 05:52:22.302,0.98884,0.98906,1.00,1.75
2016.04.20 05:52:27.537,0.98883,0.98908,1.00,1.75
2016.04.20 05:52:28.018,0.98884,0.98904,1.00,1.75
2016.04.20 05:52:28.569,0.98884,0.98901,1.00,1.75
2016.04.20 05:52:32.537,0.98878,0.98905,1.00,3.75
2016.04.20 05:52:32.638,0.98883,0.98905,1.00,3.00
2016.04.20 05:52:32.688,0.98883,0.98905,1.00,1.75
2016.04.20 05:52:33.267,0.98884,0.98905,1.00,1.75
2016.04.20 05:52:36.234,0.98879,0.98904,1.00,1.75
2016.04.20 05:52:36.385,0.98884,0.98898,1.00,1.00
2016.04.20 05:52:36.537,0.98884,0.98905,1.00,1.75
2016.04.20 05:52:36.588,0.98883,0.98905,1.00,1.75
2016.04.20 05:52:37.131,0.98884,0.98904,1.00,1.75
2016.04.20 05:52:38.298,0.98884,0.98904,1.00,1.75
2016.04.20 05:52:39.015,0.98884,0.98904,1.00,1.75
2016.04.20 05:52:39.196,0.98879,0.98904,1.00,1.75
2016.04.20 05:52:40.090,0.98879,0.98905,1.00,2.25
2016.04.20 05:52:40.672,0.98879,0.98896,1.00,1.00
2016.04.20 05:52:41.206,0.98878,0.98896,1.00,1.00
2016.04.20 05:52:45.944,0.98878,0.98902,1.00,1.75
2016.04.20 05:52:46.578,0.98879,0.98901,1.00,1.75
2016.04.20 05:52:47.021,0.98873,0.98901,1.50,1.75
2016.04.20 05:52:47.260,0.98879,0.98904,1.00,1.75
2016.04.20 05:52:48.117,0.98884,0.98904,1.00,1.75
2016.04.20 05:52:48.217,0.98879,0.98904,1.00,1.75
2016.04.20 05:52:52.240,0.98879,0.98905,1.00,1.75
2016.04.20 05:53:03.472,0.98879,0.98905,1.00,1.75
2016.04.20 05:53:03.523,0.98879,0.989,1.00,1.00
2016.04.20 05:53:03.850,0.98879,0.98904,1.00,1.75
2016.04.20 05:53:04.375,0.98879,0.98904,1.00,1.75
2016.04.20 05:53:05.071,0.98884,0.98904,1.00,1.75
2016.04.20 05:53:05.223,0.98883,0.98904,1.00,1.00
2016.04.20 05:53:05.631,0.98889,0.98904,1.00,1.00
2016.04.20 05:53:06.084,0.98883,0.98904,1.00,1.00
2016.04.20 05:53:06.296,0.98889,0.98904,1.00,1.00
2016.04.20 05:53:06.598,0.98884,0.98904,1.00,1.00
2016.04.20 05:53:12.150,0.98884,0.98911,1.00,2.25
2016.04.20 05:53:12.201,0.98884,0.98911,1.37,2.25
2016.04.20 05:53:12.458,0.98884,0.98907,1.00,1.00
2016.04.20 05:53:12.559,0.98884,0.98912,1.00,1.75
2016.04.20 05:53:13.049,0.98883,0.98913,1.37,2.25
2016.04.20 05:53:13.254,0.98883,0.98912,1.00,2.25
2016.04.20 05:53:13.800,0.98884,0.98912,1.00,2.25
2016.04.20 05:53:14.286,0.98879,0.98907,1.50,1.75
2016.04.20 05:53:14.438,0.98883,0.98907,1.00,1.75
2016.04.20 05:53:14.921,0.98883,0.98907,1.00,1.75
2016.04.20 05:53:15.492,0.98883,0.9891,1.12,1.75
2016.04.20 05:53:16.207,0.98884,0.98911,1.00,1.75
2016.04.20 05:53:16.407,0.98889,0.98911,1.00,1.75
2016.04.20 05:53:16.659,0.98883,0.98914,1.12,2.25
2016.04.20 05:53:16.811,0.98889,0.98914,1.00,1.75
2016.04.20 05:53:16.862,0.98883,0.98914,1.75,1.75
2016.04.20 05:53:16.964,0.98883,0.9891,1.37,1.50
2016.04.20 05:53:17.529,0.98883,0.98906,1.00,1.00
2016.04.20 05:53:18.513,0.98889,0.98906,1.00,1.00
2016.04.20 05:53:18.614,0.98884,0.98906,1.00,1.00
2016.04.20 05:53:24.127,0.98883,0.98906,1.00,1.00
2016.04.20 05:53:24.331,0.98884,0.98911,1.00,3.00
2016.04.20 05:53:27.107,0.98878,0.98907,1.75,1.75
2016.04.20 05:53:27.208,0.98884,0.98908,1.00,1.75
2016.04.20 05:53:29.496,0.98883,0.98907,1.00,1.75
2016.04.20 05:53:30.297,0.98884,0.98908,1.00,1.75
2016.04.20 05:53:30.398,0.98879,0.98903,1.50,1.00
2016.04.20 05:53:30.499,0.98878,0.98908,1.75,1.50
2016.04.20 05:53:30.550,0.9888,0.98914,1.75,1.75
2016.04.20 05:53:30.600,0.98888,0.98914,1.00,1.75
2016.04.20 05:53:31.011,0.98889,0.98914,1.00,3.00
2016.04.20 05:53:31.112,0.98888,0.98908,1.00,1.00
2016.04.20 05:53:31.415,0.98884,0.98914,1.75,1.12
2016.04.20 05:53:31.616,0.98888,0.98914,1.00,1.75
2016.04.20 05:53:32.005,0.98888,0.98914,1.00,1.12
2016.04.20 05:53:33.237,0.98889,0.98914,1.00,1.12
2016.04.20 05:53:35.877,0.98884,0.98911,1.12,1.75
2016.04.20 05:53:36.028,0.98889,0.98911,1.00,1.75
2016.04.20 05:53:36.280,0.98889,0.98914,1.00,1.87
2016.04.20 05:53:36.812,0.98888,0.98915,1.00,2.25
2016.04.20 05:53:37.362,0.98889,0.98914,1.00,1.87
2016.04.20 05:53:37.564,0.98884,0.98914,1.50,1.75
2016.04.20 05:53:37.665,0.98889,0.98914,1.00,1.75
2016.04.20 05:53:38.015,0.98893,0.98914,1.00,1.75
2016.04.20 05:53:38.268,0.98893,0.98911,1.00,1.00
2016.04.20 05:53:38.671,0.98888,0.98911,1.00,1.00
2016.04.20 05:53:39.835,0.98888,0.98914,1.00,1.75
2016.04.20 05:53:40.138,0.98884,0.98907,1.00,1.12
2016.04.20 05:53:40.441,0.98884,0.98904,1.00,1.75
2016.04.20 05:53:40.705,0.98883,0.98906,1.00,1.75
2016.04.20 05:53:41.007,0.98883,0.98902,1.00,1.00
2016.04.20 05:53:41.738,0.98883,0.98906,1.00,1.75
2016.04.20 05:53:42.081,0.98884,0.98903,1.00,1.75
2016.04.20 05:53:43.029,0.98883,0.98902,1.00,1.75
2016.04.20 05:53:43.288,0.98878,0.98903,1.00,1.75
2016.04.20 05:53:43.792,0.98879,0.98902,1.00,1.75
2016.04.20 05:53:44.195,0.98879,0.98902,1.00,1.75
2016.04.20 05:53:44.772,0.98879,0.98902,1.00,1.75
2016.04.20 05:53:45.025,0.98874,0.98901,1.00,1.75
2016.04.20 05:53:45.076,0.98874,0.989,1.12,1.75
2016.04.20 05:53:45.486,0.98879,0.98901,1.00,1.75
2016.04.20 05:53:46.005,0.98879,0.98895,1.00,1.00
2016.04.20 05:53:46.538,0.98879,0.989,1.00,1.75
2016.04.20 05:53:46.698,0.98873,0.989,1.50,1.75
2016.04.20 05:53:46.800,0.98873,0.98904,1.75,1.75
2016.04.20 05:53:47.121,0.98878,0.98904,1.00,1.75
2016.04.20 05:53:47.382,0.98878,0.98902,1.50,1.00
2016.04.20 05:53:47.686,0.98884,0.98902,1.00,1.00
2016.04.20 05:53:48.581,0.98884,0.98907,1.00,1.75
2016.04.20 05:53:49.979,0.98879,0.9891,1.50,1.75
2016.04.20 05:53:50.081,0.98874,0.98897,1.00,1.00
2016.04.20 05:53:50.182,0.98879,0.98897,1.00,1.00
2016.04.20 05:53:50.285,0.98874,0.98897,1.00,1.00
2016.04.20 05:53:50.436,0.98878,0.98897,1.00,1.00
2016.04.20 05:53:50.638,0.98874,0.98901,1.00,1.75
2016.04.20 05:53:50.689,0.98874,0.98901,1.00,1.75
2016.04.20 05:53:53.096,0.98869,0.98898,1.75,1.50
2016.04.20 05:53:53.279,0.98874,0.98898,1.00,1.50
2016.04.20 05:53:53.381,0.98869,0.98895,1.37,1.75
2016.04.20 05:53:53.633,0.98869,0.98898,1.12,1.75
2016.04.20 05:53:54.288,0.98863,0.98897,2.25,1.75
2016.04.20 05:53:54.390,0.98866,0.98902,1.75,1.75
2016.04.20 05:53:54.916,0.98873,0.98901,1.00,1.75
2016.04.20 05:53:55.067,0.98879,0.98902,1.00,1.75
2016.04.20 05:53:55.369,0.98874,0.98902,1.00,1.75
2016.04.20 05:53:56.015,0.98879,0.98901,1.00,1.75
2016.04.20 05:54:00.891,0.98873,0.98901,1.00,1.75
2016.04.20 05:54:01.194,0.98879,0.98901,1.00,1.75
2016.04.20 05:54:01.452,0.98874,0.98902,1.00,1.75
2016.04.20 05:54:01.553,0.98873,0.98902,1.00,3.75
2016.04.20 05:54:02.059,0.98874,0.98901,1.00,1.75
2016.04.20 05:54:03.976,0.98873,0.98898,1.00,1.75
2016.04.20 05:54:04.364,0.98874,0.98901,1.00,1.87
2016.04.20 05:54:07.465,0.98873,0.98901,1.12,2.25
2016.04.20 05:54:09.771,0.98873,0.98899,1.00,1.75
2016.04.20 05:54:10.180,0.98873,0.9889,1.00,1.00
2016.04.20 05:54:10.482,0.98873,0.98892,1.00,1.00
2016.04.20 05:54:14.988,0.98873,0.98901,1.12,1.75
2016.04.20 05:54:16.993,0.98874,0.98901,1.00,1.75
2016.04.20 05:54:21.084,0.98867,0.989,1.75,1.75
2016.04.20 05:54:21.294,0.98878,0.98901,1.00,3.00
2016.04.20 05:54:21.606,0.98878,0.98903,1.00,2.25
2016.04.20 05:54:22.111,0.98879,0.98903,1.00,2.25
2016.04.20 05:54:22.161,0.98879,0.98903,1.00,1.75
2016.04.20 05:54:22.262,0.98879,0.989,1.00,1.75
2016.04.20 05:54:22.414,0.98873,0.98901,1.00,1.75
2016.04.20 05:54:23.411,0.98879,0.989,1.00,1.75
2016.04.20 05:54:23.663,0.98879,0.98902,1.00,1.75
2016.04.20 05:54:24.066,0.98879,0.989,1.00,1.75
2016.04.20 05:54:26.308,0.98879,0.98902,1.00,1.75
2016.04.20 05:54:26.714,0.98879,0.98903,1.00,1.75
2016.04.20 05:54:26.816,0.98879,0.98903,1.00,1.75
2016.04.20 05:54:27.320,0.98878,0.98903,1.00,1.75
2016.04.20 05:54:27.441,0.98874,0.98903,1.12,1.75
2016.04.20 05:54:29.023,0.98879,0.98902,1.00,1.75
2016.04.20 05:54:32.824,0.98873,0.98903,1.37,1.75
2016.04.20 05:54:33.348,0.98873,0.98902,1.00,1.75
2016.04.20 05:54:33.600,0.98874,0.98898,1.00,1.75
2016.04.20 05:54:33.752,0.98868,0.98897,1.50,1.75
2016.04.20 05:54:33.803,0.98868,0.98895,1.00,1.75
2016.04.20 05:54:34.105,0.98869,0.98892,1.00,1.75
2016.04.20 05:54:34.481,0.98869,0.98888,1.00,1.75
2016.04.20 05:54:34.532,0.98869,0.98888,1.00,1.75
2016.04.20 05:54:35.588,0.98863,0.98892,1.12,1.75
2016.04.20 05:54:36.122,0.98864,0.98892,1.00,1.75
2016.04.20 05:54:36.475,0.98869,0.98892,1.00,1.75
2016.04.20 05:54:36.592,0.98864,0.98892,1.12,1.75
2016.04.20 05:54:36.643,0.98864,0.98892,1.50,1.75
2016.04.20 05:54:36.795,0.98869,0.98893,1.00,1.75
2016.04.20 05:54:37.057,0.98864,0.98893,1.50,1.75
2016.04.20 05:54:37.748,0.98863,0.98893,1.00,1.75
2016.04.20 05:54:38.259,0.98864,0.98893,1.00,1.75
2016.04.20 05:54:39.011,0.98864,0.98889,1.00,1.75
2016.04.20 05:54:41.421,0.98863,0.98888,1.00,1.75
2016.04.20 05:54:41.573,0.98859,0.98889,1.75,1.75
2016.04.20 05:54:41.674,0.98864,0.98888,1.00,1.75
2016.04.20 05:54:45.830,0.98858,0.98889,1.75,1.75
2016.04.20 05:54:46.082,0.98864,0.98889,1.00,1.75
2016.04.20 05:54:47.984,0.98864,0.98888,1.00,1.75
2016.04.20 05:54:48.494,0.98864,0.98889,1.00,3.75
2016.04.20 05:54:48.545,0.98864,0.98889,1.00,2.25
2016.04.20 05:54:49.145,0.98869,0.98889,1.00,1.75
2016.04.20 05:54:49.247,0.98863,0.98889,1.00,1.75
2016.04.20 05:54:51.902,0.98869,0.98888,1.00,1.75
2016.04.20 05:54:52.003,0.98863,0.98888,1.00,1.75
2016.04.20 05:54:52.054,0.98863,0.98888,1.00,1.75
2016.04.20 05:54:52.601,0.98864,0.98889,1.00,3.00
2016.04.20 05:54:53.004,0.98864,0.98888,1.00,1.75
2016.04.20 05:54:53.347,0.98869,0.98891,1.00,1.75
2016.04.20 05:54:54.316,0.98863,0.98891,1.12,1.75
2016.04.20 05:54:54.769,0.9886,0.98884,1.00,1.00
2016.04.20 05:54:54.972,0.98859,0.98891,1.75,1.75
2016.04.20 05:54:55.022,0.98859,0.98891,1.75,1.75
2016.04.20 05:54:55.174,0.98869,0.98891,1.00,1.75
2016.04.20 05:54:55.326,0.98869,0.9889,1.00,1.00
2016.04.20 05:54:55.563,0.98869,0.98894,1.00,1.75
2016.04.20 05:54:56.105,0.98868,0.98888,1.00,1.00
2016.04.20 05:54:57.275,0.98864,0.98888,1.00,1.00
2016.04.20 05:54:57.609,0.98869,0.98888,1.00,1.00
2016.04.20 05:54:58.116,0.98869,0.98892,1.00,1.75
2016.04.20 05:54:58.314,0.98868,0.98892,1.00,1.75
2016.04.20 05:54:58.862,0.98869,0.98892,1.00,1.75
2016.04.20 05:54:59.014,0.98869,0.9889,1.00,1.00
2016.04.20 05:55:03.279,0.98869,0.98895,1.37,1.75
2016.04.20 05:55:03.330,0.98869,0.98895,1.50,1.75
2016.04.20 05:55:04.783,0.98869,0.98897,1.00,1.75
2016.04.20 05:55:05.333,0.98868,0.98898,1.12,1.75
2016.04.20 05:55:08.945,0.98869,0.98898,1.00,1.75
2016.04.20 05:55:10.076,0.98868,0.98897,1.12,1.75
2016.04.20 05:55:10.328,0.98869,0.98898,1.50,1.75
2016.04.20 05:55:10.429,0.98872,0.98896,1.00,1.00
2016.04.20 05:55:10.746,0.98874,0.98896,1.00,1.00
2016.04.20 05:55:11.205,0.98879,0.98896,1.00,1.00
2016.04.20 05:55:13.352,0.98873,0.98896,1.00,1.00
2016.04.20 05:55:13.554,0.98873,0.98901,1.00,1.75
2016.04.20 05:55:13.856,0.98879,0.98894,1.00,1.00
2016.04.20 05:55:14.254,0.98873,0.98894,1.00,1.00
2016.04.20 05:55:14.952,0.98874,0.98894,1.00,1.00
2016.04.20 05:55:16.165,0.98874,0.98903,1.37,2.25
2016.04.20 05:55:16.216,0.98879,0.98905,1.00,1.75
2016.04.20 05:55:16.468,0.98873,0.98905,1.75,1.75
2016.04.20 05:55:17.111,0.98879,0.98906,1.00,1.75
2016.04.20 05:55:17.410,0.98873,0.98905,2.25,1.75
2016.04.20 05:55:19.398,0.98879,0.98905,1.00,1.75
2016.04.20 05:55:21.266,0.98873,0.98906,2.25,1.75
2016.04.20 05:55:21.771,0.98878,0.98905,1.00,1.75
2016.04.20 05:55:22.279,0.98879,0.98908,1.00,1.75
2016.04.20 05:55:22.784,0.98877,0.9891,1.75,1.75
2016.04.20 05:55:28.637,0.98884,0.9891,1.00,1.75
2016.04.20 05:55:28.839,0.98878,0.9891,1.75,1.75
2016.04.20 05:55:29.380,0.98884,0.9891,1.00,1.75
2016.04.20 05:55:31.243,0.98879,0.9891,1.75,1.75
2016.04.20 05:55:37.381,0.98879,0.9891,1.75,1.75
2016.04.20 05:55:37.484,0.98883,0.98907,1.00,1.00
2016.04.20 05:55:38.110,0.98878,0.98909,1.75,1.75
2016.04.20 05:55:38.160,0.98878,0.98909,1.75,1.75
2016.04.20 05:55:39.998,0.98875,0.98906,1.75,1.75
2016.04.20 05:55:40.219,0.98873,0.98905,1.37,2.25
2016.04.20 05:55:42.922,0.98873,0.98902,1.37,1.75
2016.04.20 05:55:43.576,0.98875,0.98899,1.00,1.00
2016.04.20 05:55:47.373,0.98874,0.98902,1.37,1.75
2016.04.20 05:55:47.877,0.98874,0.98903,1.12,1.75
2016.04.20 05:55:50.619,0.98874,0.98906,1.75,1.75
2016.04.20 05:55:53.208,0.98878,0.98907,1.00,1.75
2016.04.20 05:55:57.211,0.98874,0.98907,2.25,1.75
2016.04.20 05:55:57.419,0.98879,0.98907,1.37,1.75
2016.04.20 05:55:57.470,0.98879,0.98907,1.75,1.75
2016.04.20 05:55:58.015,0.98879,0.98902,1.00,1.00
2016.04.20 05:55:59.621,0.98879,0.9891,1.75,1.75
2016.04.20 05:55:59.722,0.98883,0.98907,1.00,1.00
2016.04.20 05:56:06.778,0.98884,0.98907,1.00,1.00
2016.04.20 05:56:09.438,0.98884,0.98912,1.75,1.50
2016.04.20 05:56:12.059,0.98884,0.98916,1.75,2.25
2016.04.20 05:56:14.464,0.98883,0.98916,1.75,1.75
2016.04.20 05:56:26.247,0.98889,0.98916,1.00,1.75
2016.04.20 05:56:26.842,0.98883,0.98917,1.75,2.25
2016.04.20 05:56:27.241,0.98889,0.98916,1.00,1.75
2016.04.20 05:56:27.693,0.98884,0.98916,1.75,1.75
2016.04.20 05:56:28.988,0.98885,0.98916,1.50,1.75
2016.04.20 05:56:29.039,0.98888,0.9892,1.75,1.75
2016.04.20 05:56:29.297,0.98889,0.98922,1.50,2.25
2016.04.20 05:56:29.348,0.98889,0.98922,1.75,2.25
2016.04.20 05:56:30.375,0.98888,0.98922,1.75,2.25
2016.04.20 05:56:30.476,0.9889,0.98914,1.00,1.00
2016.04.20 05:56:31.593,0.98889,0.98921,1.75,1.75
2016.04.20 05:56:31.645,0.98889,0.98923,2.25,1.75
2016.04.20 05:56:31.898,0.98892,0.98921,1.75,1.50
2016.04.20 05:56:31.948,0.98897,0.98921,1.00,1.50
2016.04.20 05:56:32.405,0.98892,0.98921,1.75,1.50
2016.04.20 05:56:32.916,0.98889,0.98921,2.25,1.75
2016.04.20 05:56:36.926,0.98891,0.9892,1.75,1.00
2016.04.20 05:56:37.336,0.98894,0.98926,1.75,1.75
2016.04.20 05:56:37.638,0.98894,0.98925,1.75,1.75
2016.04.20 05:56:41.170,0.98893,0.98924,1.75,1.75
2016.04.20 05:56:41.220,0.98893,0.98924,1.75,1.75
2016.04.20 05:56:43.706,0.98898,0.98927,1.00,1.75
2016.04.20 05:56:43.807,0.98904,0.98921,1.00,1.00
2016.04.20 05:56:43.908,0.98898,0.98931,2.25,1.75
2016.04.20 05:56:43.959,0.98898,0.98931,2.25,1.75
2016.04.20 05:56:44.262,0.98898,0.98932,1.75,2.25
2016.04.20 05:56:44.312,0.98898,0.98932,1.75,2.25
2016.04.20 05:56:45.792,0.98899,0.98929,1.50,1.75
2016.04.20 05:56:46.300,0.98899,0.98929,1.50,1.75
2016.04.20 05:56:48.669,0.98899,0.98929,1.75,1.75
2016.04.20 05:56:48.720,0.98901,0.98925,1.00,1.00
2016.04.20 05:56:51.369,0.98895,0.98928,1.75,2.25
2016.04.20 05:56:51.420,0.98899,0.98928,1.37,2.25
2016.04.20 05:56:53.241,0.98899,0.98926,1.00,1.75
2016.04.20 05:56:54.022,0.98894,0.98918,1.50,1.00
2016.04.20 05:56:55.226,0.98899,0.98918,1.00,1.00
2016.04.20 05:56:55.885,0.98894,0.98918,1.00,1.00
2016.04.20 05:56:57.033,0.98899,0.98918,1.00,1.00
2016.04.20 05:56:59.439,0.98899,0.98927,1.00,1.75
2016.04.20 05:56:59.540,0.98899,0.98926,1.12,1.75
2016.04.20 05:56:59.591,0.98899,0.98926,1.12,1.75
2016.04.20 05:57:00.373,0.98899,0.98927,1.00,1.75
2016.04.20 05:57:00.845,0.98899,0.9893,1.75,1.75
2016.04.20 05:57:00.947,0.98895,0.98929,1.75,1.75
2016.04.20 05:57:03.024,0.98899,0.98929,1.50,2.25
2016.04.20 05:57:03.075,0.989,0.98924,1.00,1.00
2016.04.20 05:57:03.277,0.98899,0.98929,1.12,1.75
2016.04.20 05:57:08.989,0.98899,0.98923,1.37,1.00
2016.04.20 05:57:09.392,0.98898,0.98928,1.75,1.75
2016.04.20 05:57:09.912,0.98898,0.98928,1.37,1.75
2016.04.20 05:57:10.238,0.98899,0.98923,1.50,1.00
2016.04.20 05:57:10.289,0.98899,0.98925,1.12,1.75
2016.04.20 05:57:10.799,0.98898,0.98926,1.12,1.75
2016.04.20 05:57:12.173,0.98898,0.98927,1.37,1.75
2016.04.20 05:57:12.375,0.98908,0.98931,1.12,1.50
2016.04.20 05:57:12.476,0.98908,0.98931,1.00,2.25
2016.04.20 05:57:12.527,0.98904,0.98931,1.00,3.00
2016.04.20 05:57:12.724,0.98899,0.98926,1.75,1.50
2016.04.20 05:57:12.825,0.98904,0.9893,1.00,2.25
2016.04.20 05:57:12.976,0.98898,0.98927,1.75,1.75
2016.04.20 05:57:13.480,0.98903,0.98929,1.00,1.75
2016.04.20 05:57:14.296,0.98899,0.98926,1.37,2.25
2016.04.20 05:57:14.800,0.98899,0.98926,1.00,2.25
2016.04.20 05:57:16.565,0.98903,0.98926,1.00,1.75
2016.04.20 05:57:20.135,0.98899,0.98926,1.00,2.25
2016.04.20 05:57:20.336,0.98904,0.98926,1.00,1.75
2016.04.20 05:57:23.904,0.98904,0.98927,1.00,1.75
2016.04.20 05:57:24.445,0.98904,0.98926,1.00,1.75
2016.04.20 05:57:25.012,0.98904,0.98927,1.00,1.75
2016.04.20 05:57:25.586,0.98899,0.98923,1.00,1.00
2016.04.20 05:57:28.247,0.98904,0.98923,1.00,1.00
2016.04.20 05:57:28.817,0.98899,0.98923,1.50,1.00
2016.04.20 05:57:43.876,0.98898,0.98928,1.75,1.75
2016.04.20 05:57:48.479,0.98898,0.98922,1.50,1.00
2016.04.20 05:57:55.282,0.98893,0.98926,1.75,1.75
2016.04.20 05:58:02.012,0.98896,0.98927,1.75,2.25
2016.04.20 05:58:02.113,0.98896,0.98928,1.75,2.62
2016.04.20 05:58:06.826,0.98899,0.98926,1.12,1.75
2016.04.20 05:58:11.429,0.98898,0.98926,1.00,1.75
2016.04.20 05:58:11.934,0.98899,0.98924,1.00,1.75
2016.04.20 05:58:12.035,0.98899,0.98924,1.12,1.75
2016.04.20 05:58:12.420,0.98899,0.98924,1.00,1.75
2016.04.20 05:58:13.135,0.98898,0.98922,1.50,1.00
2016.04.20 05:58:13.286,0.98898,0.9892,1.50,1.00
2016.04.20 05:58:13.589,0.98894,0.9892,1.50,1.75
2016.04.20 05:58:13.942,0.98903,0.9892,1.00,1.00
2016.04.20 05:58:14.043,0.98893,0.98921,1.75,1.50
2016.04.20 05:58:16.222,0.98895,0.98919,1.00,1.00
2016.04.20 05:58:18.666,0.98894,0.98916,1.00,1.00
2016.04.20 05:58:21.568,0.98893,0.98916,1.00,1.00
2016.04.20 05:58:21.949,0.98894,0.98918,1.00,1.12
2016.04.20 05:58:22.050,0.98884,0.98917,1.75,1.75
2016.04.20 05:58:23.135,0.98894,0.98917,1.00,1.12
2016.04.20 05:58:23.346,0.98888,0.98917,1.75,1.87
2016.04.20 05:58:23.543,0.98894,0.98917,1.00,1.12
2016.04.20 05:58:24.315,0.98889,0.98916,1.50,1.75
2016.04.20 05:58:25.193,0.98894,0.98917,1.00,1.12
2016.04.20 05:58:25.430,0.98889,0.98916,1.50,1.75
2016.04.20 05:58:26.060,0.98893,0.98917,1.00,1.12
2016.04.20 05:58:26.784,0.98885,0.98916,1.75,1.75
2016.04.20 05:58:27.096,0.98893,0.98917,1.00,1.12
2016.04.20 05:58:27.398,0.98889,0.98916,1.50,1.75
2016.04.20 05:58:28.470,0.98889,0.98915,1.00,1.12
2016.04.20 05:58:28.975,0.98884,0.98911,1.75,1.50
2016.04.20 05:58:29.491,0.98889,0.98912,1.00,1.12
2016.04.20 05:58:31.498,0.98884,0.98911,1.75,1.50
2016.04.20 05:58:31.650,0.98884,0.98911,1.50,1.75
2016.04.20 05:58:31.801,0.98889,0.98915,1.00,2.62
2016.04.20 05:58:32.329,0.98883,0.98912,1.75,1.75
2016.04.20 05:58:32.803,0.98889,0.98914,1.00,1.12
2016.04.20 05:58:33.064,0.98889,0.98913,1.50,1.00
2016.04.20 05:58:33.366,0.98889,0.98911,1.00,1.00
2016.04.20 05:58:34.359,0.98889,0.98916,1.75,1.87
2016.04.20 05:58:35.162,0.98884,0.98916,1.75,1.87
2016.04.20 05:58:35.470,0.98893,0.98916,1.00,1.12
2016.04.20 05:58:35.572,0.98888,0.98916,1.75,1.12
2016.04.20 05:58:44.365,0.98894,0.98916,1.00,1.12
2016.04.20 05:58:47.463,0.98888,0.98918,1.75,1.12
2016.04.20 05:58:53.162,0.9889,0.98914,1.00,1.00
2016.04.20 05:58:55.219,0.98885,0.98915,1.75,1.12
2016.04.20 05:58:55.523,0.98884,0.98916,2.25,1.75
2016.04.20 05:58:55.775,0.98884,0.98914,2.25,1.12
2016.04.20 05:58:55.876,0.98884,0.98916,2.25,2.62
2016.04.20 05:58:58.080,0.98883,0.98912,1.75,1.12
2016.04.20 05:58:58.181,0.98883,0.98907,1.00,1.00
2016.04.20 05:59:00.288,0.98878,0.9891,3.00,1.37
2016.04.20 05:59:00.389,0.98881,0.98905,1.50,1.00
2016.04.20 05:59:00.541,0.98884,0.98905,1.00,1.00
2016.04.20 05:59:00.592,0.98884,0.98907,1.00,1.00
2016.04.20 05:59:00.937,0.98884,0.98914,1.75,1.87
2016.04.20 05:59:01.089,0.98884,0.98915,1.75,1.12
2016.04.20 05:59:05.704,0.98883,0.98916,1.75,1.12
2016.04.20 05:59:06.224,0.98883,0.98915,1.75,1.87
2016.04.20 05:59:06.541,0.98884,0.98913,1.75,1.12
2016.04.20 05:59:07.058,0.98883,0.98916,1.75,1.12
2016.04.20 05:59:09.034,0.98888,0.98922,2.25,1.75
2016.04.20 05:59:11.114,0.98891,0.98915,1.00,1.00
2016.04.20 05:59:11.216,0.98889,0.98913,1.00,1.00
2016.04.20 05:59:11.518,0.98883,0.98917,2.25,1.12
2016.04.20 05:59:17.532,0.98884,0.98916,1.75,1.75
2016.04.20 05:59:17.583,0.9889,0.98914,1.00,1.00
2016.04.20 05:59:17.734,0.98892,0.98916,1.00,1.00
2016.04.20 05:59:21.325,0.98886,0.98913,1.37,1.37
2016.04.20 05:59:21.376,0.98879,0.98913,1.50,3.37
2016.04.20 05:59:21.427,0.98878,0.98912,1.75,1.75
2016.04.20 05:59:21.478,0.98884,0.98908,1.00,1.00
2016.04.20 05:59:21.612,0.98882,0.98913,1.75,1.12
2016.04.20 05:59:21.925,0.98889,0.98915,1.50,1.75
2016.04.20 05:59:22.557,0.98884,0.9892,1.75,1.75
2016.04.20 05:59:23.695,0.98888,0.9892,1.50,1.87
2016.04.20 05:59:24.019,0.98885,0.98919,1.75,1.75
2016.04.20 05:59:24.764,0.98889,0.98919,1.75,1.87
2016.04.20 05:59:25.066,0.98888,0.98917,1.75,1.12
2016.04.20 05:59:26.231,0.98889,0.98918,1.75,1.12
2016.04.20 05:59:26.281,0.98893,0.98917,1.00,1.00
2016.04.20 05:59:26.534,0.98891,0.98921,1.75,1.50
2016.04.20 05:59:26.585,0.98891,0.98921,1.75,1.50
2016.04.20 05:59:29.235,0.98893,0.98926,1.75,1.75
2016.04.20 05:59:29.286,0.98895,0.98927,1.75,1.75
2016.04.20 05:59:29.387,0.98894,0.98927,1.75,1.75
2016.04.20 05:59:30.580,0.98901,0.98925,1.00,1.00
2016.04.20 05:59:33.182,0.98898,0.98928,1.50,1.75
2016.04.20 05:59:33.662,0.98899,0.98928,1.50,1.50
2016.04.20 05:59:33.786,0.98899,0.98928,1.75,1.50
2016.04.20 05:59:38.651,0.98899,0.98931,1.75,1.75
2016.04.20 05:59:38.702,0.98899,0.98929,1.75,1.75
2016.04.20 05:59:46.573,0.98894,0.98926,2.25,1.75
2016.04.20 05:59:46.674,0.98895,0.98928,1.75,1.12
2016.04.20 05:59:46.725,0.98896,0.9892,1.00,1.00
2016.04.20 05:59:46.776,0.98898,0.9892,1.00,1.00
2016.04.20 05:59:46.877,0.98896,0.9892,1.00,1.00
2016.04.20 05:59:48.880,0.98894,0.98926,2.25,1.75
2016.04.20 05:59:48.930,0.98898,0.98926,1.37,1.75
2016.04.20 05:59:49.032,0.98902,0.98926,1.00,1.50
2016.04.20 05:59:49.609,0.98897,0.98926,1.75,1.50
2016.04.20 05:59:49.659,0.98899,0.98923,1.00,1.00
2016.04.20 05:59:55.547,0.98894,0.98925,1.75,1.75
2016.04.20 05:59:55.951,0.98893,0.98922,1.75,1.75
2016.04.20 05:59:56.499,0.98893,0.98922,1.50,1.75
2016.04.20 05:59:59.308,0.98898,0.98925,1.00,1.87
2016.04.20 05:59:59.410,0.98898,0.98929,1.50,1.75
2016.04.20 05:59:59.461,0.98898,0.98929,1.50,1.75
2016.04.20 05:59:59.562,0.98898,0.98929,1.75,1.75
2016.04.20 05:59:59.613,0.98898,0.98929,1.37,1.75
