2010.07.12 11:00:00.265,0.9016,0.90185,4.80,1.60
2010.07.12 11:00:00.621,0.9016,0.90185,2.40,1.60
2010.07.12 11:00:00.882,0.9015,0.9019,6.50,7.30
2010.07.12 11:00:01.137,0.9015,0.9019,4.90,8.90
2010.07.12 11:00:03.058,0.9015,0.90185,3.30,3.20
2010.07.12 11:00:07.374,0.9015,0.9019,4.90,8.90
2010.07.12 11:00:07.694,0.90155,0.9019,3.60,6.40
2010.07.12 11:00:08.015,0.9015,0.9019,4.90,8.90
2010.07.12 11:00:09.873,0.90155,0.9019,1.60,7.30
2010.07.12 11:00:10.074,0.90155,0.9019,5.20,2.40
2010.07.12 11:00:11.266,0.90155,0.9019,3.20,5.70
2010.07.12 11:00:11.435,0.9015,0.9019,4.90,8.90
2010.07.12 11:00:13.489,0.90155,0.9019,2.50,6.40
2010.07.12 11:00:13.864,0.90155,0.9019,2.50,4.00
2010.07.12 11:00:14.208,0.90155,0.90195,4.10,6.50
2010.07.12 11:00:15.844,0.90155,0.9019,3.20,1.00
2010.07.12 11:00:16.095,0.9015,0.9019,5.70,8.10
2010.07.12 11:00:17.177,0.90165,0.902,3.60,4.80
2010.07.12 11:00:17.515,0.9016,0.902,5.70,8.10
2010.07.12 11:00:18.855,0.90165,0.90205,3.20,4.90
2010.07.12 11:00:19.487,0.90165,0.90205,4.00,4.10
2010.07.12 11:00:20.095,0.90165,0.902,1.00,7.60
2010.07.12 11:00:20.435,0.90165,0.902,2.40,5.20
2010.07.12 11:00:20.920,0.90165,0.902,6.50,1.60
2010.07.12 11:00:22.014,0.9017,0.902,4.00,1.60
2010.07.12 11:00:22.354,0.9017,0.9021,4.90,8.90
2010.07.12 11:00:25.062,0.90165,0.902,4.90,1.60
2010.07.12 11:00:28.474,0.9017,0.90205,2.50,1.00
2010.07.12 11:00:28.955,0.9017,0.902,1.60,1.60
2010.07.12 11:00:29.135,0.90165,0.90205,4.90,4.10
2010.07.12 11:00:29.494,0.9017,0.90205,1.00,3.20
2010.07.12 11:00:29.674,0.9017,0.9021,3.60,6.80
2010.07.12 11:00:30.114,0.9017,0.90205,4.90,1.00
2010.07.12 11:00:42.174,0.9017,0.90205,4.90,1.70
2010.07.12 11:00:42.467,0.90155,0.90195,6.50,5.70
2010.07.12 11:00:42.767,0.90155,0.9019,1.00,8.10
2010.07.12 11:00:43.064,0.9015,0.90185,8.90,1.60
2010.07.12 11:00:46.503,0.90155,0.9019,2.50,5.60
2010.07.12 11:00:46.643,0.90155,0.9019,2.50,3.20
2010.07.12 11:00:47.181,0.90155,0.9019,5.70,1.60
2010.07.12 11:00:47.529,0.9015,0.90185,4.00,1.00
2010.07.12 11:00:48.093,0.90145,0.90185,2.40,4.10
2010.07.12 11:00:48.437,0.90145,0.90185,4.00,4.10
2010.07.12 11:00:51.264,0.90145,0.9018,4.00,4.00
2010.07.12 11:00:51.388,0.90145,0.9018,1.60,6.50
2010.07.12 11:00:51.505,0.9014,0.9018,7.30,8.10
2010.07.12 11:00:55.344,0.9014,0.9018,7.30,4.00
2010.07.12 11:00:55.526,0.90145,0.90185,1.60,4.90
2010.07.12 11:00:55.972,0.9015,0.90185,1.60,1.00
2010.07.12 11:00:56.306,0.90145,0.9018,1.00,3.20
2010.07.12 11:00:56.645,0.90145,0.90185,5.70,5.20
2010.07.12 11:00:58.883,0.9015,0.90185,1.00,4.80
2010.07.12 11:00:59.155,0.9015,0.9019,4.90,8.90
2010.07.12 11:01:01.623,0.9015,0.9019,4.90,8.10
2010.07.12 11:01:06.676,0.9015,0.90185,3.30,3.20
2010.07.12 11:01:07.017,0.90145,0.9018,3.60,2.40
2010.07.12 11:01:07.357,0.90135,0.90175,4.90,2.00
2010.07.12 11:01:10.347,0.9014,0.9018,6.00,6.50
2010.07.12 11:01:10.603,0.9014,0.9018,6.80,6.50
2010.07.12 11:01:14.815,0.90145,0.9018,1.00,3.20
2010.07.12 11:01:14.964,0.90145,0.9018,1.60,4.90
2010.07.12 11:01:15.115,0.90145,0.9018,3.20,3.30
2010.07.12 11:01:15.564,0.9014,0.9018,6.80,6.50
2010.07.12 11:01:18.735,0.90145,0.90185,3.20,4.00
2010.07.12 11:01:20.144,0.9014,0.9018,3.60,3.20
2010.07.12 11:01:23.539,0.90145,0.90175,1.00,1.60
2010.07.12 11:01:23.805,0.90145,0.9018,1.20,3.20
2010.07.12 11:01:24.074,0.9015,0.9018,1.60,3.20
2010.07.12 11:01:26.189,0.9015,0.9018,1.60,1.60
2010.07.12 11:01:26.610,0.9015,0.90185,1.60,5.70
2010.07.12 11:01:26.821,0.90155,0.90185,2.50,3.20
2010.07.12 11:01:27.038,0.90155,0.90195,5.70,5.70
2010.07.12 11:01:27.791,0.90155,0.90195,6.50,5.70
2010.07.12 11:01:48.513,0.90155,0.9019,5.60,1.00
2010.07.12 11:01:48.604,0.90155,0.9019,4.00,2.50
2010.07.12 11:01:48.694,0.90155,0.9019,2.40,6.50
2010.07.12 11:01:48.786,0.90155,0.9019,1.00,8.10
2010.07.12 11:02:01.814,0.90155,0.9019,1.00,5.70
2010.07.12 11:02:02.046,0.90155,0.90195,6.50,5.70
2010.07.12 11:02:17.305,0.90165,0.902,1.60,8.90
2010.07.12 11:02:17.614,0.9016,0.90195,1.00,5.70
2010.07.12 11:02:26.059,0.90155,0.90195,6.50,5.70
2010.07.12 11:02:44.666,0.9016,0.902,7.30,8.90
2010.07.12 11:02:44.823,0.9016,0.902,7.30,8.10
2010.07.12 11:02:48.396,0.90165,0.902,4.80,1.00
2010.07.12 11:02:48.735,0.90165,0.90205,5.70,6.50
2010.07.12 11:02:54.213,0.90165,0.902,5.70,2.40
2010.07.12 11:02:54.355,0.90165,0.902,1.00,7.20
2010.07.12 11:02:54.490,0.9016,0.902,6.50,8.10
2010.07.12 11:02:54.735,0.9016,0.90195,3.30,3.20
2010.07.12 11:02:55.099,0.90155,0.90195,4.00,3.20
2010.07.12 11:02:55.566,0.90155,0.9019,1.00,5.70
2010.07.12 11:02:55.904,0.9015,0.9019,5.70,8.10
2010.07.12 11:02:56.824,0.9015,0.9019,5.60,8.10
2010.07.12 11:02:57.681,0.9015,0.9019,5.70,8.10
2010.07.12 11:02:58.755,0.90155,0.9019,5.70,1.60
2010.07.12 11:02:59.073,0.90155,0.90195,5.70,6.50
2010.07.12 11:03:00.058,0.90155,0.90195,6.50,5.70
2010.07.12 11:03:00.627,0.9016,0.90195,4.00,2.50
2010.07.12 11:03:00.816,0.9016,0.90195,6.40,1.00
2010.07.12 11:03:01.004,0.9016,0.902,7.30,8.10
2010.07.12 11:03:15.961,0.9016,0.90195,6.40,1.00
2010.07.12 11:03:16.088,0.9016,0.90195,5.20,1.60
2010.07.12 11:03:16.215,0.9016,0.90195,3.60,3.20
2010.07.12 11:03:16.436,0.9016,0.90195,1.00,4.10
2010.07.12 11:03:16.656,0.90155,0.90195,4.90,4.10
2010.07.12 11:03:20.501,0.90155,0.9019,2.40,2.00
2010.07.12 11:03:20.594,0.90155,0.9019,1.00,4.40
2010.07.12 11:03:20.714,0.9016,0.9019,1.00,4.00
2010.07.12 11:03:20.834,0.9016,0.902,6.50,7.30
2010.07.12 11:03:20.953,0.9016,0.902,6.50,6.50
2010.07.12 11:03:23.694,0.9016,0.90195,4.90,1.60
2010.07.12 11:03:23.834,0.90155,0.90195,6.50,3.60
2010.07.12 11:03:24.314,0.9016,0.902,6.50,7.30
2010.07.12 11:03:24.513,0.9016,0.902,6.50,6.50
2010.07.12 11:03:27.684,0.90165,0.902,2.50,3.20
2010.07.12 11:03:27.884,0.90165,0.90205,5.70,6.50
2010.07.12 11:03:28.313,0.90165,0.90205,5.70,4.90
2010.07.12 11:03:34.849,0.90165,0.90205,6.50,4.10
2010.07.12 11:03:57.056,0.90165,0.902,5.60,1.00
2010.07.12 11:03:57.126,0.9016,0.902,9.70,6.50
2010.07.12 11:03:57.581,0.9016,0.902,8.90,6.50
2010.07.12 11:03:57.930,0.90165,0.902,1.70,3.20
2010.07.12 11:03:58.508,0.90165,0.90205,5.70,4.10
2010.07.12 11:03:58.846,0.9017,0.9021,7.30,6.80
2010.07.12 11:03:59.184,0.9017,0.9021,7.30,6.00
2010.07.12 11:04:02.353,0.90175,0.9021,1.00,3.20
2010.07.12 11:04:02.644,0.90175,0.90215,5.20,4.90
2010.07.12 11:04:03.224,0.9018,0.90215,2.40,4.90
2010.07.12 11:04:03.514,0.9018,0.9022,7.60,9.70
2010.07.12 11:04:03.975,0.9018,0.9022,7.60,7.30
2010.07.12 11:04:07.904,0.9018,0.90215,5.60,2.00
2010.07.12 11:04:08.184,0.90175,0.90215,6.50,3.60
2010.07.12 11:04:11.028,0.9018,0.90215,3.60,1.60
2010.07.12 11:04:11.134,0.9018,0.9022,7.60,6.80
2010.07.12 11:04:20.365,0.9018,0.9022,6.00,8.40
2010.07.12 11:04:20.670,0.90175,0.9021,4.10,3.20
2010.07.12 11:04:21.259,0.90175,0.9021,5.60,3.30
2010.07.12 11:04:21.595,0.90175,0.9021,2.40,3.30
2010.07.12 11:04:23.017,0.90175,0.902,1.60,6.00
2010.07.12 11:04:23.286,0.9017,0.902,2.50,1.60
2010.07.12 11:04:23.557,0.90165,0.902,4.90,1.00
2010.07.12 11:04:24.295,0.90165,0.902,4.10,1.00
2010.07.12 11:04:25.995,0.90165,0.902,4.10,2.50
2010.07.12 11:04:28.222,0.90165,0.902,4.90,2.50
2010.07.12 11:04:28.887,0.90175,0.9021,1.60,5.70
2010.07.12 11:04:37.454,0.90175,0.902,1.60,1.00
2010.07.12 11:04:37.635,0.9017,0.902,3.20,4.90
2010.07.12 11:04:37.815,0.90165,0.902,4.10,2.50
2010.07.12 11:04:46.064,0.90165,0.902,4.90,2.50
2010.07.12 11:04:47.818,0.90165,0.902,5.70,2.50
2010.07.12 11:04:48.156,0.90175,0.90205,2.50,1.60
2010.07.12 11:04:48.498,0.90175,0.9021,5.70,2.80
2010.07.12 11:04:48.817,0.90175,0.90205,4.80,1.00
2010.07.12 11:04:49.221,0.90175,0.90205,3.20,1.00
2010.07.12 11:04:49.526,0.90175,0.9021,4.10,1.60
2010.07.12 11:04:49.834,0.90175,0.90205,3.20,1.00
2010.07.12 11:04:50.195,0.90175,0.90205,1.60,1.00
2010.07.12 11:04:50.506,0.9017,0.90205,5.70,1.00
2010.07.12 11:04:52.285,0.9017,0.90205,4.90,1.00
2010.07.12 11:04:52.966,0.9017,0.90205,3.30,4.10
2010.07.12 11:04:53.788,0.9017,0.90205,4.90,1.00
2010.07.12 11:04:54.118,0.9017,0.90205,3.30,1.00
2010.07.12 11:04:54.444,0.9017,0.90205,4.90,1.00
2010.07.12 11:04:57.155,0.9017,0.9021,4.90,7.20
2010.07.12 11:04:57.476,0.90165,0.902,6.50,2.00
2010.07.12 11:05:00.730,0.90165,0.902,4.90,2.00
2010.07.12 11:05:01.914,0.9017,0.902,2.50,1.60
2010.07.12 11:05:02.126,0.9017,0.902,2.40,1.00
2010.07.12 11:05:02.344,0.90165,0.902,4.90,2.00
2010.07.12 11:05:03.334,0.9017,0.90205,2.00,5.20
2010.07.12 11:05:03.674,0.9017,0.90205,3.60,2.00
2010.07.12 11:05:05.054,0.90175,0.90205,1.00,1.60
2010.07.12 11:05:05.216,0.90175,0.9021,3.60,4.40
2010.07.12 11:05:05.619,0.90175,0.90205,3.20,1.00
2010.07.12 11:05:05.784,0.9017,0.90205,4.90,1.00
2010.07.12 11:05:20.895,0.90165,0.902,4.90,2.50
2010.07.12 11:05:25.598,0.90175,0.90205,1.60,1.60
2010.07.12 11:05:25.775,0.90175,0.9021,1.60,5.70
2010.07.12 11:05:26.277,0.90165,0.90205,6.50,2.50
2010.07.12 11:05:36.404,0.90165,0.90205,4.90,4.10
2010.07.12 11:05:36.525,0.90165,0.902,4.10,2.40
2010.07.12 11:05:36.654,0.90165,0.902,4.10,3.30
2010.07.12 11:05:49.426,0.90165,0.902,4.10,4.90
2010.07.12 11:05:49.575,0.9016,0.90195,5.70,1.00
2010.07.12 11:05:50.398,0.9016,0.902,4.00,6.50
2010.07.12 11:05:51.407,0.90155,0.90195,4.00,3.20
2010.07.12 11:05:51.744,0.90155,0.90195,5.60,3.20
2010.07.12 11:05:52.778,0.90165,0.902,3.20,3.30
2010.07.12 11:05:53.348,0.90165,0.902,3.20,2.40
2010.07.12 11:05:53.666,0.9016,0.902,4.90,6.50
2010.07.12 11:05:54.885,0.90165,0.902,3.20,2.40
2010.07.12 11:05:55.489,0.9016,0.902,4.90,6.50
2010.07.12 11:05:55.736,0.90165,0.902,3.20,2.40
2010.07.12 11:05:55.995,0.90165,0.902,3.20,3.30
2010.07.12 11:05:56.310,0.9016,0.902,7.30,6.50
2010.07.12 11:06:05.171,0.9016,0.902,6.40,5.60
2010.07.12 11:06:05.456,0.90155,0.90195,4.00,3.20
2010.07.12 11:06:12.284,0.9016,0.90195,1.00,3.20
2010.07.12 11:06:12.434,0.9016,0.90195,3.30,3.20
2010.07.12 11:06:12.584,0.9016,0.902,6.50,7.30
2010.07.12 11:06:12.734,0.9016,0.902,6.50,6.50
2010.07.12 11:06:30.664,0.90165,0.902,3.20,3.30
2010.07.12 11:06:30.754,0.90165,0.90205,5.20,4.90
2010.07.12 11:06:30.845,0.90165,0.90195,2.00,3.20
2010.07.12 11:06:31.315,0.9016,0.902,6.50,6.50
2010.07.12 11:06:34.669,0.90165,0.902,2.00,5.60
2010.07.12 11:06:35.009,0.90165,0.90205,5.20,4.90
2010.07.12 11:06:35.996,0.9017,0.90205,4.40,1.70
2010.07.12 11:06:41.094,0.9017,0.90205,4.40,1.00
2010.07.12 11:06:45.610,0.90175,0.90205,3.20,1.00
2010.07.12 11:06:46.026,0.90175,0.9021,1.00,1.60
2010.07.12 11:06:46.604,0.9018,0.9022,3.20,5.70
2010.07.12 11:06:46.889,0.90175,0.90215,2.40,3.60
2010.07.12 11:06:48.137,0.90175,0.90215,2.40,4.40
2010.07.12 11:06:50.734,0.90175,0.90215,1.60,4.40
2010.07.12 11:06:53.181,0.90175,0.9022,6.00,8.90
2010.07.12 11:06:53.512,0.90175,0.90215,4.00,4.10
2010.07.12 11:06:53.837,0.90175,0.9022,6.00,8.90
2010.07.12 11:06:54.197,0.90175,0.9021,6.00,2.40
2010.07.12 11:06:54.497,0.90175,0.9021,4.40,4.90
2010.07.12 11:06:56.456,0.90175,0.90215,6.50,2.50
2010.07.12 11:06:59.405,0.90175,0.9021,6.50,1.60
2010.07.12 11:06:59.486,0.90175,0.9021,6.50,2.50
2010.07.12 11:06:59.644,0.90175,0.9021,4.90,4.90
2010.07.12 11:07:00.959,0.90175,0.90205,2.40,1.00
2010.07.12 11:07:01.297,0.90175,0.9021,6.50,1.60
2010.07.12 11:07:01.636,0.90175,0.90215,6.50,6.50
2010.07.12 11:07:01.976,0.90175,0.90215,5.70,6.50
2010.07.12 11:07:05.173,0.90175,0.9021,5.70,1.60
2010.07.12 11:07:05.826,0.9017,0.90205,5.70,1.00
2010.07.12 11:07:10.006,0.90175,0.9021,5.70,1.60
2010.07.12 11:07:13.066,0.90175,0.90215,5.70,4.10
2010.07.12 11:07:13.402,0.9018,0.9022,4.90,8.90
2010.07.12 11:07:14.330,0.9018,0.9021,1.60,1.60
2010.07.12 11:07:14.656,0.90175,0.9021,1.00,8.10
2010.07.12 11:07:18.315,0.9017,0.9021,6.80,8.10
2010.07.12 11:07:30.094,0.9017,0.90205,4.80,1.60
2010.07.12 11:07:30.215,0.9017,0.90205,1.00,3.20
2010.07.12 11:07:30.853,0.90165,0.902,4.00,4.00
2010.07.12 11:07:31.126,0.90165,0.902,2.40,6.50
2010.07.12 11:07:31.395,0.90165,0.902,1.00,8.10
2010.07.12 11:07:32.738,0.90165,0.902,3.30,4.80
2010.07.12 11:07:32.999,0.9017,0.90205,4.00,1.00
2010.07.12 11:07:33.530,0.9017,0.90205,4.90,1.00
2010.07.12 11:07:37.914,0.9017,0.90205,5.70,1.00
2010.07.12 11:07:38.545,0.9017,0.90205,4.90,1.00
2010.07.12 11:07:39.658,0.9018,0.90215,1.60,1.70
2010.07.12 11:07:39.998,0.9018,0.90215,3.30,3.20
2010.07.12 11:07:40.587,0.9018,0.9022,3.30,5.70
2010.07.12 11:07:41.246,0.9018,0.9022,3.30,4.90
2010.07.12 11:07:43.484,0.90175,0.90215,6.50,1.00
2010.07.12 11:07:43.675,0.90175,0.9021,3.30,1.60
2010.07.12 11:07:44.809,0.90175,0.9021,6.50,1.60
2010.07.12 11:07:47.047,0.90175,0.90205,1.60,3.60
2010.07.12 11:07:47.166,0.9017,0.90205,1.00,5.20
2010.07.12 11:07:48.166,0.90175,0.9021,1.00,8.10
2010.07.12 11:07:52.627,0.90175,0.90215,1.60,4.40
2010.07.12 11:07:53.217,0.90175,0.90215,4.00,4.10
2010.07.12 11:07:54.256,0.90175,0.9021,2.40,1.60
2010.07.12 11:07:54.596,0.9017,0.90205,4.10,1.00
2010.07.12 11:08:00.006,0.9017,0.902,3.20,1.60
2010.07.12 11:08:00.115,0.9017,0.90205,1.00,2.00
2010.07.12 11:08:00.225,0.9017,0.90205,1.00,4.10
2010.07.12 11:08:00.425,0.9017,0.90205,1.00,1.00
2010.07.12 11:08:00.525,0.9017,0.9021,1.00,5.60
2010.07.12 11:08:08.796,0.9017,0.90205,1.00,3.20
2010.07.12 11:08:09.736,0.9017,0.9021,5.70,8.10
2010.07.12 11:08:22.778,0.90175,0.9021,1.00,8.10
2010.07.12 11:08:42.266,0.90175,0.90215,6.50,5.70
2010.07.12 11:08:42.465,0.90175,0.90215,4.00,3.20
2010.07.12 11:08:42.961,0.90175,0.90215,5.60,1.60
2010.07.12 11:08:43.278,0.9018,0.9022,5.70,8.10
2010.07.12 11:08:43.898,0.9018,0.90215,4.80,1.00
2010.07.12 11:08:44.500,0.9018,0.90215,3.30,1.60
2010.07.12 11:08:44.835,0.9018,0.90215,2.40,2.00
2010.07.12 11:08:45.174,0.9018,0.9022,5.70,8.10
2010.07.12 11:08:46.974,0.9018,0.9022,5.70,7.20
2010.07.12 11:08:47.115,0.90185,0.9022,3.20,1.60
2010.07.12 11:08:47.255,0.9018,0.9022,5.70,7.20
2010.07.12 11:08:47.394,0.9018,0.9022,5.70,8.10
2010.07.12 11:08:47.854,0.9019,0.9022,1.60,4.10
2010.07.12 11:08:48.135,0.9019,0.90225,2.50,5.60
2010.07.12 11:08:48.459,0.9019,0.90225,2.50,4.80
2010.07.12 11:08:48.735,0.9019,0.9023,8.10,7.30
2010.07.12 11:08:50.596,0.90185,0.90225,6.50,5.70
2010.07.12 11:08:51.216,0.90185,0.90215,1.00,3.20
2010.07.12 11:08:51.661,0.9018,0.90215,3.60,4.10
2010.07.12 11:08:51.936,0.9018,0.90215,5.70,3.20
2010.07.12 11:08:52.235,0.9018,0.9022,8.90,4.90
2010.07.12 11:08:52.536,0.9019,0.90225,1.60,6.50
2010.07.12 11:08:52.836,0.9018,0.9022,8.90,3.30
2010.07.12 11:09:00.014,0.9018,0.9022,8.80,3.30
2010.07.12 11:09:04.504,0.90185,0.90225,1.00,6.50
2010.07.12 11:09:04.755,0.9019,0.90225,1.60,3.30
2010.07.12 11:09:15.690,0.90185,0.90225,5.60,3.30
2010.07.12 11:09:18.554,0.90185,0.9022,3.20,1.00
2010.07.12 11:09:18.774,0.9018,0.9022,9.60,3.30
2010.07.12 11:09:18.954,0.9018,0.9022,8.80,3.30
2010.07.12 11:09:24.005,0.9018,0.9022,8.80,6.50
2010.07.12 11:09:24.505,0.9018,0.9022,8.80,3.30
2010.07.12 11:09:29.319,0.90185,0.9022,1.00,3.30
2010.07.12 11:09:33.456,0.90185,0.9022,2.40,1.00
2010.07.12 11:09:33.777,0.9019,0.90225,1.60,2.50
2010.07.12 11:09:43.138,0.9019,0.90225,2.40,2.50
2010.07.12 11:09:43.994,0.9019,0.90225,2.40,1.00
2010.07.12 11:09:44.437,0.9019,0.9023,4.80,4.90
2010.07.12 11:09:44.775,0.9019,0.9023,8.80,3.30
2010.07.12 11:09:45.425,0.90195,0.9023,1.00,3.30
2010.07.12 11:10:03.826,0.902,0.90235,1.60,2.50
2010.07.12 11:10:04.167,0.902,0.9023,1.60,3.30
2010.07.12 11:10:04.465,0.90195,0.9023,1.00,3.30
2010.07.12 11:10:09.645,0.902,0.9023,1.60,3.30
2010.07.12 11:10:10.268,0.902,0.90235,1.60,5.20
2010.07.12 11:10:10.453,0.902,0.90235,1.60,3.60
2010.07.12 11:10:12.677,0.90195,0.9023,4.80,1.60
2010.07.12 11:10:13.099,0.902,0.9023,1.60,1.60
2010.07.12 11:10:13.439,0.902,0.9024,8.00,4.90
2010.07.12 11:10:17.269,0.90205,0.9024,1.60,2.00
2010.07.12 11:10:17.517,0.90205,0.9024,1.00,4.40
2010.07.12 11:10:18.665,0.90205,0.90245,4.00,4.10
2010.07.12 11:10:20.325,0.90205,0.9024,1.00,1.60
2010.07.12 11:10:20.415,0.90205,0.9024,1.00,4.40
2010.07.12 11:10:38.740,0.90205,0.90245,4.90,4.10
2010.07.12 11:10:48.044,0.90205,0.9024,4.90,2.40
2010.07.12 11:10:48.224,0.90205,0.9024,4.00,2.80
2010.07.12 11:10:48.647,0.90205,0.9024,1.00,4.40
2010.07.12 11:10:50.006,0.90205,0.90245,6.50,3.60
2010.07.12 11:10:55.655,0.90205,0.9024,4.90,1.60
2010.07.12 11:10:55.996,0.90205,0.9024,1.00,4.40
2010.07.12 11:10:58.209,0.902,0.9024,8.90,6.50
2010.07.12 11:10:58.547,0.90205,0.9024,3.30,5.60
2010.07.12 11:10:58.890,0.9021,0.9025,5.70,4.80
2010.07.12 11:10:59.227,0.9021,0.9025,5.70,7.60
2010.07.12 11:11:01.023,0.9021,0.90245,4.10,1.60
2010.07.12 11:11:01.178,0.902,0.9024,8.90,4.90
2010.07.12 11:11:03.377,0.902,0.90235,2.40,5.70
2010.07.12 11:11:06.534,0.902,0.90235,1.00,5.70
2010.07.12 11:11:07.536,0.902,0.90235,2.40,5.70
2010.07.12 11:11:09.444,0.902,0.90235,3.30,4.80
2010.07.12 11:11:09.827,0.902,0.90235,5.70,3.20
2010.07.12 11:11:10.077,0.902,0.9024,8.90,5.70
2010.07.12 11:11:10.606,0.902,0.9024,5.60,4.90
2010.07.12 11:11:10.949,0.90205,0.90245,1.00,4.80
2010.07.12 11:11:11.287,0.90205,0.90245,3.30,2.50
2010.07.12 11:11:11.626,0.902,0.9024,8.90,3.30
2010.07.12 11:11:12.150,0.902,0.9024,4.10,3.30
2010.07.12 11:11:12.376,0.902,0.9024,1.00,4.90
2010.07.12 11:11:15.789,0.902,0.90235,1.00,1.60
2010.07.12 11:11:15.924,0.902,0.90235,1.00,3.20
2010.07.12 11:11:27.031,0.902,0.90235,2.40,3.20
2010.07.12 11:11:27.135,0.902,0.90235,5.70,3.20
2010.07.12 11:11:27.802,0.902,0.9024,8.90,4.90
2010.07.12 11:11:28.027,0.90205,0.9024,1.00,4.90
2010.07.12 11:11:38.015,0.90205,0.9023,1.00,3.30
2010.07.12 11:11:38.125,0.902,0.9023,4.00,3.30
2010.07.12 11:11:38.522,0.902,0.9023,1.00,3.20
2010.07.12 11:11:38.868,0.902,0.9023,1.00,6.50
2010.07.12 11:11:46.095,0.90195,0.9023,1.00,6.50
2010.07.12 11:11:48.625,0.90195,0.9023,2.80,5.60
2010.07.12 11:11:48.916,0.902,0.9023,1.00,6.50
2010.07.12 11:12:00.507,0.90195,0.9023,1.00,6.50
2010.07.12 11:12:00.925,0.90195,0.90225,1.00,1.60
2010.07.12 11:12:01.136,0.90195,0.90225,1.00,2.50
2010.07.12 11:12:02.485,0.90195,0.9023,1.00,4.90
2010.07.12 11:12:03.078,0.90195,0.90225,1.00,2.00
2010.07.12 11:12:05.576,0.90195,0.90225,1.00,1.00
2010.07.12 11:12:05.919,0.90195,0.9023,1.00,6.00
2010.07.12 11:12:06.130,0.90195,0.90225,1.00,2.00
2010.07.12 11:12:06.339,0.902,0.90235,2.50,2.00
2010.07.12 11:12:06.547,0.902,0.9023,1.60,3.30
2010.07.12 11:12:07.030,0.90195,0.9023,1.00,3.30
2010.07.12 11:12:11.595,0.90195,0.9023,1.00,6.50
2010.07.12 11:12:12.776,0.9019,0.9023,4.80,6.50
2010.07.12 11:12:19.425,0.90195,0.9023,1.60,1.00
2010.07.12 11:12:19.765,0.90195,0.90235,2.40,5.70
2010.07.12 11:12:19.925,0.90195,0.9023,2.40,3.30
2010.07.12 11:12:20.385,0.90195,0.9023,1.00,6.50
2010.07.12 11:12:20.709,0.90195,0.90235,2.40,4.10
2010.07.12 11:12:21.834,0.90195,0.9023,1.00,1.60
2010.07.12 11:12:22.045,0.90195,0.9023,1.00,3.20
2010.07.12 11:12:25.307,0.90195,0.9023,1.60,3.20
2010.07.12 11:12:25.615,0.902,0.9023,4.90,3.20
2010.07.12 11:12:25.787,0.902,0.90235,1.00,4.10
2010.07.12 11:12:25.955,0.90195,0.90235,6.40,4.10
2010.07.12 11:12:26.336,0.90195,0.90235,3.20,2.50
2010.07.12 11:12:26.677,0.90195,0.90235,1.00,1.00
2010.07.12 11:12:29.306,0.90195,0.90235,1.00,4.10
2010.07.12 11:12:29.575,0.90195,0.90235,1.00,1.00
2010.07.12 11:12:31.105,0.90195,0.90235,2.40,4.10
2010.07.12 11:12:32.635,0.90195,0.9023,2.40,2.40
2010.07.12 11:12:32.885,0.90195,0.9023,1.00,6.50
2010.07.12 11:12:33.686,0.90195,0.9023,1.00,3.30
2010.07.12 11:12:34.025,0.902,0.9023,1.00,3.30
2010.07.12 11:12:34.368,0.90205,0.9024,1.00,3.30
2010.07.12 11:12:34.546,0.90205,0.9024,1.20,3.30
2010.07.12 11:12:34.725,0.9021,0.9024,1.60,1.00
2010.07.12 11:12:34.896,0.90205,0.9024,4.00,3.30
2010.07.12 11:12:40.746,0.90205,0.9024,2.40,4.90
2010.07.12 11:12:40.897,0.90205,0.9024,1.00,6.50
2010.07.12 11:12:43.455,0.902,0.9024,2.40,6.50
2010.07.12 11:12:44.055,0.902,0.9024,3.20,6.50
2010.07.12 11:12:44.224,0.9021,0.9024,1.00,5.60
2010.07.12 11:12:45.120,0.9021,0.90245,6.00,2.40
2010.07.12 11:12:45.426,0.9021,0.90245,5.20,1.60
2010.07.12 11:12:45.585,0.9021,0.90245,3.20,5.70
2010.07.12 11:12:45.745,0.9021,0.9024,1.00,2.40
2010.07.12 11:12:51.022,0.90205,0.9024,2.80,2.40
2010.07.12 11:12:51.919,0.90205,0.9024,2.80,4.00
2010.07.12 11:12:52.056,0.90205,0.9024,1.00,6.50
2010.07.12 11:13:01.855,0.90205,0.90235,1.00,1.60
2010.07.12 11:13:01.975,0.90205,0.90235,1.00,2.00
2010.07.12 11:13:02.097,0.902,0.90235,2.40,1.60
2010.07.12 11:13:02.535,0.902,0.90235,1.00,1.60
2010.07.12 11:13:03.969,0.902,0.9024,8.80,5.10
2010.07.12 11:13:04.175,0.90205,0.9024,1.00,5.10
2010.07.12 11:13:06.158,0.90205,0.9023,1.00,1.10
2010.07.12 11:13:06.246,0.902,0.9023,1.00,3.50
2010.07.12 11:13:06.456,0.90195,0.9023,1.00,3.50
2010.07.12 11:13:07.946,0.902,0.90235,1.60,5.90
2010.07.12 11:13:10.615,0.902,0.90235,1.60,4.30
2010.07.12 11:13:10.816,0.902,0.90235,1.60,1.60
2010.07.12 11:13:11.017,0.90195,0.90235,2.40,4.30
2010.07.12 11:13:11.816,0.90215,0.90235,1.60,4.30
2010.07.12 11:13:12.111,0.9021,0.90245,5.60,1.00
2010.07.12 11:13:12.409,0.90205,0.9024,1.00,1.60
2010.07.12 11:13:12.698,0.902,0.90235,2.40,1.60
2010.07.12 11:13:13.225,0.902,0.90235,1.00,1.60
2010.07.12 11:13:13.572,0.902,0.90235,2.40,1.60
2010.07.12 11:13:13.919,0.902,0.9024,6.80,1.60
2010.07.12 11:13:15.885,0.90205,0.9024,1.60,1.60
2010.07.12 11:13:16.047,0.9021,0.90245,1.00,4.80
2010.07.12 11:13:16.214,0.9021,0.90245,2.80,4.80
2010.07.12 11:13:16.385,0.90215,0.90245,1.60,3.20
2010.07.12 11:13:16.556,0.90215,0.90245,2.40,3.20
2010.07.12 11:13:16.867,0.9022,0.9025,2.40,1.60
2010.07.12 11:13:17.040,0.9022,0.9026,5.70,5.60
2010.07.12 11:13:18.524,0.90225,0.9026,1.60,1.60
2010.07.12 11:13:18.849,0.90225,0.9026,1.00,5.60
2010.07.12 11:13:21.146,0.90235,0.9026,1.60,4.00
2010.07.12 11:13:21.408,0.90235,0.9027,1.60,5.60
2010.07.12 11:13:21.678,0.90225,0.90265,3.30,3.20
2010.07.12 11:13:21.946,0.9023,0.90265,2.80,1.60
2010.07.12 11:13:29.576,0.90225,0.9026,4.40,1.60
2010.07.12 11:13:30.079,0.90225,0.9026,1.00,5.20
2010.07.12 11:13:30.226,0.90225,0.9026,1.70,4.80
2010.07.12 11:13:30.376,0.90225,0.9026,1.70,3.20
2010.07.12 11:13:30.527,0.90225,0.90265,1.70,3.20
2010.07.12 11:13:33.447,0.9023,0.90265,2.80,3.20
2010.07.12 11:13:33.696,0.9023,0.90265,2.80,1.60
2010.07.12 11:13:36.268,0.9023,0.90265,3.10,1.60
2010.07.12 11:13:37.264,0.9023,0.90265,2.80,1.60
2010.07.12 11:13:44.277,0.9023,0.9026,2.40,1.60
2010.07.12 11:13:44.450,0.90225,0.90255,1.60,1.60
2010.07.12 11:13:44.776,0.90225,0.9026,1.60,6.40
2010.07.12 11:13:45.216,0.9022,0.90255,1.00,3.20
2010.07.12 11:13:48.797,0.9022,0.9026,5.20,8.00
2010.07.12 11:13:52.770,0.9022,0.9026,4.80,8.00
2010.07.12 11:13:53.118,0.90225,0.9026,1.00,3.20
2010.07.12 11:13:53.457,0.90225,0.9026,1.20,1.60
2010.07.12 11:13:54.082,0.90225,0.90265,1.20,3.20
2010.07.12 11:13:59.589,0.90225,0.9026,1.00,8.00
2010.07.12 11:14:08.475,0.9022,0.9026,5.20,8.00
2010.07.12 11:14:09.155,0.9022,0.9025,4.80,2.40
2010.07.12 11:14:09.497,0.90215,0.90255,1.00,3.20
2010.07.12 11:14:09.645,0.90215,0.90255,4.00,3.20
2010.07.12 11:14:10.156,0.90215,0.90255,4.90,3.20
2010.07.12 11:14:10.575,0.90215,0.90255,4.90,1.60
2010.07.12 11:14:11.107,0.9022,0.90255,1.00,1.60
2010.07.12 11:14:12.237,0.9022,0.90245,1.00,1.60
2010.07.12 11:14:12.377,0.9022,0.90245,1.00,3.20
2010.07.12 11:14:12.519,0.9021,0.9024,1.00,3.20
2010.07.12 11:14:12.947,0.9021,0.9025,2.40,7.20
2010.07.12 11:14:13.265,0.9021,0.90245,1.00,3.20
2010.07.12 11:14:14.917,0.9021,0.9025,2.40,4.80
2010.07.12 11:14:15.396,0.90215,0.9025,1.60,3.20
2010.07.12 11:14:15.756,0.90215,0.9025,2.00,1.60
2010.07.12 11:14:16.085,0.90215,0.9025,4.40,1.60
2010.07.12 11:14:16.427,0.9021,0.90245,3.30,3.20
2010.07.12 11:14:16.766,0.9021,0.90245,1.70,4.80
2010.07.12 11:14:17.096,0.9021,0.9025,5.70,7.20
2010.07.12 11:14:17.630,0.9021,0.9025,7.30,7.20
2010.07.12 11:14:17.847,0.90215,0.9025,2.50,4.80
2010.07.12 11:14:18.067,0.90215,0.9025,5.70,1.60
2010.07.12 11:14:23.615,0.9021,0.9025,7.30,7.20
2010.07.12 11:14:26.583,0.9021,0.9025,6.80,7.20
2010.07.12 11:14:29.474,0.9021,0.9025,6.00,8.00
2010.07.12 11:14:30.505,0.9021,0.9025,6.40,8.00
2010.07.12 11:14:30.910,0.9021,0.90245,4.00,1.60
2010.07.12 11:14:31.206,0.9021,0.9024,1.00,1.60
2010.07.12 11:14:32.475,0.90205,0.9024,1.70,1.60
2010.07.12 11:14:35.895,0.9021,0.9024,1.00,1.60
2010.07.12 11:14:36.075,0.9021,0.90245,1.00,3.20
2010.07.12 11:14:40.947,0.90205,0.90245,4.90,3.20
2010.07.12 11:14:41.260,0.9021,0.90245,2.40,3.20
2010.07.12 11:14:41.550,0.9021,0.9025,6.50,7.20
2010.07.12 11:14:43.386,0.90215,0.9025,3.60,1.60
2010.07.12 11:14:43.677,0.9021,0.9025,7.30,7.20
2010.07.12 11:14:45.157,0.9021,0.9025,7.30,4.80
2010.07.12 11:14:45.256,0.90215,0.9025,3.60,3.20
2010.07.12 11:14:45.356,0.90215,0.9025,5.20,1.60
2010.07.12 11:14:46.296,0.9021,0.9025,7.30,7.20
2010.07.12 11:14:47.681,0.90205,0.9024,1.00,3.20
2010.07.12 11:14:47.907,0.90205,0.90235,1.00,3.20
2010.07.12 11:14:48.136,0.902,0.90235,4.40,3.20
2010.07.12 11:14:48.596,0.902,0.90235,2.40,5.60
2010.07.12 11:14:49.216,0.90195,0.9024,4.90,3.20
2010.07.12 11:14:49.559,0.9021,0.90245,3.20,2.40
2010.07.12 11:14:49.897,0.9021,0.9025,3.20,1.00
2010.07.12 11:14:51.305,0.9021,0.9025,5.60,1.00
2010.07.12 11:14:51.568,0.90215,0.9025,1.60,1.00
2010.07.12 11:14:51.837,0.9021,0.9025,3.20,1.00
2010.07.12 11:14:53.736,0.9021,0.90245,1.60,1.60
2010.07.12 11:14:53.995,0.9021,0.90245,1.60,2.40
2010.07.12 11:14:55.515,0.90205,0.90245,3.30,5.60
2010.07.12 11:14:56.765,0.90205,0.90245,2.50,6.40
2010.07.12 11:14:58.622,0.9021,0.90245,2.50,5.60
2010.07.12 11:14:58.847,0.9021,0.90245,6.50,4.00
2010.07.12 11:14:59.036,0.90205,0.9024,1.60,1.00
2010.07.12 11:14:59.216,0.902,0.90235,6.80,1.60
2010.07.12 11:14:59.767,0.9019,0.9023,7.30,5.60
2010.07.12 11:15:00.446,0.90205,0.90235,1.60,4.00
2010.07.12 11:15:00.788,0.90205,0.90235,1.00,1.60
2010.07.12 11:15:01.047,0.902,0.90235,1.60,1.60
2010.07.12 11:15:01.306,0.9021,0.90245,2.50,1.60
2010.07.12 11:15:01.805,0.90205,0.90245,3.30,1.60
2010.07.12 11:15:02.149,0.9021,0.9025,1.00,3.20
2010.07.12 11:15:02.488,0.9021,0.9025,3.30,3.20
2010.07.12 11:15:04.765,0.90215,0.9025,1.60,3.20
2010.07.12 11:15:04.926,0.90215,0.9025,3.20,3.20
2010.07.12 11:15:06.147,0.9022,0.9025,1.60,3.20
2010.07.12 11:15:06.205,0.9022,0.9025,3.20,3.20
2010.07.12 11:15:08.648,0.9022,0.9025,3.20,4.00
2010.07.12 11:15:09.199,0.9022,0.9025,1.60,3.20
2010.07.12 11:15:09.467,0.90215,0.90245,3.20,1.60
2010.07.12 11:15:10.146,0.90215,0.90245,3.20,2.40
2010.07.12 11:15:10.486,0.90215,0.9024,3.20,2.40
2010.07.12 11:15:12.535,0.90215,0.90245,3.20,3.20
2010.07.12 11:15:12.697,0.9022,0.90245,3.20,2.40
2010.07.12 11:15:12.827,0.90225,0.90245,3.20,1.60
2010.07.12 11:15:12.957,0.90225,0.9025,3.20,2.40
2010.07.12 11:15:13.281,0.9023,0.9025,1.60,2.40
2010.07.12 11:15:13.412,0.9023,0.9025,3.20,2.40
2010.07.12 11:15:13.657,0.90215,0.90245,3.20,1.00
2010.07.12 11:15:13.997,0.9021,0.90245,1.60,1.00
2010.07.12 11:15:20.135,0.90205,0.9024,1.00,1.60
2010.07.12 11:15:20.416,0.90205,0.9024,1.00,6.40
2010.07.12 11:15:20.555,0.90205,0.9024,1.00,8.00
2010.07.12 11:15:21.156,0.902,0.9024,1.70,8.00
2010.07.12 11:15:21.426,0.902,0.90235,3.20,3.20
2010.07.12 11:15:21.696,0.902,0.9024,4.10,8.00
2010.07.12 11:15:22.728,0.902,0.9024,7.30,1.60
2010.07.12 11:15:25.155,0.9021,0.90245,2.40,4.80
2010.07.12 11:15:25.618,0.90205,0.9024,1.00,1.60
2010.07.12 11:15:33.506,0.90205,0.9024,1.70,1.60
2010.07.12 11:15:33.670,0.90205,0.90245,2.50,4.80
2010.07.12 11:15:34.020,0.90205,0.90245,1.60,5.60
2010.07.12 11:15:34.179,0.90205,0.90245,3.20,5.60
2010.07.12 11:15:35.875,0.902,0.9024,4.00,3.20
2010.07.12 11:15:36.616,0.902,0.90235,1.00,2.40
2010.07.12 11:15:36.796,0.902,0.90235,1.00,4.00
2010.07.12 11:15:40.865,0.90205,0.90235,1.60,2.40
2010.07.12 11:15:41.408,0.9021,0.90235,2.40,2.40
2010.07.12 11:15:41.550,0.9021,0.9024,2.40,1.60
2010.07.12 11:15:41.688,0.90205,0.90245,6.50,2.40
2010.07.12 11:15:42.028,0.90205,0.90245,1.00,1.00
2010.07.12 11:15:47.176,0.90205,0.9024,1.00,1.60
2010.07.12 11:16:05.234,0.90205,0.9024,2.40,1.60
2010.07.12 11:16:05.395,0.9021,0.9024,2.40,1.60
2010.07.12 11:16:05.556,0.9021,0.90245,2.40,4.00
2010.07.12 11:16:05.716,0.90205,0.9024,1.00,1.60
2010.07.12 11:16:07.365,0.90205,0.9024,4.90,1.60
2010.07.12 11:16:07.515,0.9021,0.90245,2.40,1.60
2010.07.12 11:16:07.665,0.9021,0.90245,3.20,1.60
2010.07.12 11:16:10.928,0.9021,0.9025,4.80,8.00
2010.07.12 11:16:11.107,0.90215,0.90245,1.00,1.60
2010.07.12 11:16:11.476,0.9021,0.9025,7.30,3.20
2010.07.12 11:16:13.084,0.90215,0.9025,1.00,3.20
2010.07.12 11:16:14.687,0.90215,0.9025,2.40,4.80
2010.07.12 11:16:14.949,0.90215,0.90255,2.40,1.00
2010.07.12 11:16:15.209,0.90215,0.90245,2.40,1.60
2010.07.12 11:16:15.701,0.90215,0.9025,1.00,1.60
2010.07.12 11:16:16.040,0.90215,0.9025,2.50,1.60
2010.07.12 11:16:16.385,0.90215,0.90255,4.90,5.60
2010.07.12 11:16:16.729,0.9022,0.90255,8.10,1.60
2010.07.12 11:16:17.066,0.90215,0.90255,1.70,1.60
2010.07.12 11:16:21.002,0.9022,0.90255,3.30,1.60
2010.07.12 11:16:21.317,0.90215,0.90255,1.70,1.60
2010.07.12 11:16:21.905,0.90215,0.90255,3.30,3.20
2010.07.12 11:16:22.252,0.90215,0.90255,4.90,4.80
2010.07.12 11:16:23.590,0.9022,0.90255,8.10,1.60
2010.07.12 11:16:23.927,0.9022,0.90255,5.60,1.60
2010.07.12 11:16:24.266,0.90215,0.90255,4.90,4.80
2010.07.12 11:16:26.695,0.9022,0.90255,1.00,4.80
2010.07.12 11:16:26.876,0.9022,0.90255,7.20,1.60
2010.07.12 11:16:27.055,0.90215,0.90255,4.90,4.80
2010.07.12 11:16:28.256,0.90215,0.9025,4.00,2.40
2010.07.12 11:16:28.437,0.90215,0.9025,1.70,5.60
2010.07.12 11:16:28.626,0.90215,0.90255,4.90,4.80
2010.07.12 11:16:29.155,0.90225,0.90255,1.60,1.60
2010.07.12 11:16:29.496,0.90225,0.9026,1.60,8.00
2010.07.12 11:16:29.838,0.9022,0.90255,3.30,4.80
2010.07.12 11:16:30.518,0.9022,0.90255,8.90,1.60
2010.07.12 11:16:31.305,0.9022,0.90255,6.50,1.60
2010.07.12 11:16:32.847,0.90235,0.90265,1.00,2.40
2010.07.12 11:16:33.186,0.90225,0.90265,4.10,5.60
2010.07.12 11:16:40.395,0.90225,0.9026,3.20,1.60
2010.07.12 11:16:40.556,0.90225,0.9026,1.60,4.80
2010.07.12 11:16:40.715,0.90225,0.9026,1.60,7.20
2010.07.12 11:16:41.065,0.90225,0.9026,1.60,8.00
2010.07.12 11:16:43.556,0.9022,0.9026,8.90,8.00
2010.07.12 11:16:45.381,0.90225,0.9026,1.60,8.00
2010.07.12 11:16:55.867,0.9022,0.9026,8.10,8.00
2010.07.12 11:16:56.092,0.9022,0.9026,8.10,8.90
2010.07.12 11:17:03.086,0.90215,0.90255,4.90,5.70
2010.07.12 11:17:03.834,0.90215,0.90255,4.10,5.70
2010.07.12 11:17:04.127,0.90215,0.90255,4.10,6.50
2010.07.12 11:17:05.035,0.9022,0.90255,3.20,3.30
2010.07.12 11:17:05.246,0.9022,0.9026,8.10,8.90
2010.07.12 11:17:05.985,0.9022,0.90255,4.80,1.00
2010.07.12 11:17:06.155,0.90215,0.90255,4.10,5.70
2010.07.12 11:17:06.635,0.90215,0.90255,4.10,6.50
2010.07.12 11:17:12.325,0.9022,0.90255,4.90,4.00
2010.07.12 11:17:12.445,0.9022,0.9026,8.10,8.90
2010.07.12 11:17:13.936,0.90215,0.90255,4.10,6.50
2010.07.12 11:17:17.696,0.9022,0.90255,6.50,2.40
2010.07.12 11:17:18.229,0.9022,0.90255,8.10,1.00
2010.07.12 11:17:19.265,0.9022,0.90255,6.50,2.40
2010.07.12 11:17:19.576,0.90215,0.90255,4.10,6.50
2010.07.12 11:17:20.795,0.90225,0.90255,1.60,4.90
2010.07.12 11:17:20.905,0.90225,0.90255,1.60,3.30
2010.07.12 11:17:21.016,0.90225,0.90255,1.60,1.70
2010.07.12 11:17:21.201,0.90225,0.90255,1.60,1.00
2010.07.12 11:17:21.857,0.9022,0.90255,6.50,2.40
2010.07.12 11:17:22.036,0.90215,0.90255,4.10,6.50
2010.07.12 11:17:24.229,0.90225,0.90255,1.60,1.00
2010.07.12 11:17:24.516,0.90225,0.90255,1.60,2.40
2010.07.12 11:17:24.797,0.90215,0.90255,4.10,6.50
2010.07.12 11:17:26.525,0.90225,0.90255,1.60,3.30
2010.07.12 11:17:26.626,0.90225,0.90255,1.60,1.70
2010.07.12 11:17:26.832,0.90225,0.90255,1.60,1.00
2010.07.12 11:17:27.056,0.90225,0.90255,1.60,3.30
2010.07.12 11:17:27.225,0.90215,0.90255,4.10,6.50
2010.07.12 11:17:39.656,0.90215,0.9025,2.50,1.60
2010.07.12 11:17:39.886,0.90215,0.9025,1.60,1.60
2010.07.12 11:17:40.116,0.90215,0.9025,4.10,1.00
2010.07.12 11:17:40.346,0.9021,0.9025,3.20,4.00
2010.07.12 11:17:40.576,0.90215,0.9025,4.10,1.00
2010.07.12 11:17:41.265,0.90215,0.90255,4.10,6.50
2010.07.12 11:17:45.637,0.9022,0.90255,8.10,1.60
2010.07.12 11:17:45.975,0.9022,0.9026,8.10,8.90
2010.07.12 11:17:59.235,0.9022,0.90255,4.10,1.60
2010.07.12 11:17:59.496,0.90215,0.90255,4.10,6.50
2010.07.12 11:18:02.696,0.9022,0.90255,6.50,2.40
2010.07.12 11:18:02.875,0.9022,0.90255,8.10,1.00
2010.07.12 11:18:06.555,0.9022,0.90255,5.60,3.30
2010.07.12 11:18:06.726,0.9022,0.90255,3.20,2.50
2010.07.12 11:18:07.123,0.90215,0.90255,4.10,5.70
2010.07.12 11:18:10.213,0.90215,0.90255,4.90,5.70
2010.07.12 11:18:13.148,0.9022,0.90255,4.80,2.50
2010.07.12 11:18:13.486,0.9022,0.90255,8.10,1.60
2010.07.12 11:18:16.845,0.9022,0.90255,6.50,1.60
2010.07.12 11:18:16.919,0.90215,0.90255,5.70,5.70
2010.07.12 11:18:17.058,0.90215,0.90255,4.90,5.70
2010.07.12 11:18:18.476,0.90215,0.90255,4.10,6.50
2010.07.12 11:18:20.597,0.9022,0.90255,3.20,3.30
2010.07.12 11:18:20.857,0.9022,0.9026,8.10,8.90
2010.07.12 11:19:17.837,0.9022,0.9026,8.10,9.70
2010.07.12 11:19:18.177,0.9022,0.9024,3.20,1.60
2010.07.12 11:19:18.526,0.9022,0.90255,1.60,6.80
2010.07.12 11:19:18.867,0.90215,0.90255,5.70,6.50
2010.07.12 11:19:20.275,0.9022,0.90255,1.60,4.90
2010.07.12 11:19:20.807,0.9022,0.9026,7.60,8.90
2010.07.12 11:19:22.247,0.9022,0.90255,7.60,1.60
2010.07.12 11:19:25.946,0.9022,0.90255,6.00,1.60
2010.07.12 11:19:27.286,0.90225,0.9026,1.60,8.90
2010.07.12 11:19:27.975,0.9023,0.90265,6.00,1.60
2010.07.12 11:19:28.177,0.9023,0.90265,6.00,1.00
2010.07.12 11:19:28.378,0.90225,0.90265,4.40,6.50
2010.07.12 11:19:28.876,0.90225,0.90265,3.60,6.50
2010.07.12 11:19:29.275,0.90225,0.9026,3.60,1.00
2010.07.12 11:19:45.105,0.90225,0.90265,3.60,6.50
2010.07.12 11:20:08.937,0.90225,0.9026,3.60,1.00
2010.07.12 11:20:10.196,0.90215,0.90255,1.60,3.20
2010.07.12 11:20:10.538,0.90215,0.90255,1.00,4.00
2010.07.12 11:20:13.585,0.90215,0.90255,1.60,4.00
2010.07.12 11:20:13.765,0.90215,0.90255,1.60,2.40
2010.07.12 11:20:13.833,0.90215,0.90255,3.20,2.40
2010.07.12 11:20:14.177,0.90225,0.9026,1.60,1.00
2010.07.12 11:20:23.638,0.90225,0.9026,1.60,3.30
2010.07.12 11:20:53.476,0.90225,0.9026,3.20,3.30
2010.07.12 11:20:56.977,0.90225,0.9026,1.60,8.10
2010.07.12 11:20:57.236,0.90225,0.90255,1.60,1.00
2010.07.12 11:21:08.606,0.9022,0.90255,5.60,1.00
2010.07.12 11:21:08.806,0.9022,0.90255,4.80,1.00
2010.07.12 11:21:11.666,0.9022,0.90255,1.60,4.10
2010.07.12 11:21:12.150,0.90215,0.9025,3.20,3.30
2010.07.12 11:21:56.957,0.90215,0.9025,4.00,2.40
2010.07.12 11:21:57.196,0.90215,0.90255,4.00,4.10
2010.07.12 11:21:57.317,0.9022,0.9026,2.00,6.40
2010.07.12 11:21:57.755,0.9023,0.90265,3.20,1.00
2010.07.12 11:21:57.880,0.90235,0.9027,1.60,3.20
2010.07.12 11:21:58.218,0.90235,0.9027,4.80,3.20
2010.07.12 11:21:58.618,0.90235,0.9027,4.80,2.40
2010.07.12 11:22:01.050,0.9023,0.90265,4.00,2.50
2010.07.12 11:22:01.367,0.9022,0.9026,5.60,4.90
2010.07.12 11:22:01.686,0.9022,0.9026,4.80,4.90
2010.07.12 11:22:03.806,0.9022,0.9026,4.80,5.70
2010.07.12 11:22:04.207,0.9022,0.9026,3.20,5.70
2010.07.12 11:22:04.307,0.9022,0.90255,1.60,1.00
2010.07.12 11:22:04.647,0.90215,0.90255,4.00,2.50
2010.07.12 11:22:04.859,0.9022,0.9026,4.80,5.70
2010.07.12 11:22:11.257,0.9022,0.9026,3.20,7.30
2010.07.12 11:22:11.408,0.9022,0.90255,1.60,3.20
2010.07.12 11:22:19.566,0.9022,0.9026,4.80,5.70
2010.07.12 11:22:30.765,0.90235,0.9026,3.20,4.10
2010.07.12 11:22:31.086,0.90235,0.9026,1.60,4.10
2010.07.12 11:22:31.501,0.9022,0.9026,4.80,5.70
2010.07.12 11:22:47.405,0.9022,0.9026,4.80,7.30
2010.07.12 11:22:54.127,0.9022,0.9025,3.20,1.00
2010.07.12 11:22:54.467,0.90215,0.9025,4.00,2.40
2010.07.12 11:22:54.864,0.90215,0.9025,4.40,2.40
2010.07.12 11:22:55.208,0.9022,0.9026,4.80,7.30
2010.07.12 11:22:59.849,0.90215,0.9025,3.20,2.40
2010.07.12 11:23:00.037,0.9021,0.9025,5.60,6.00
2010.07.12 11:23:03.125,0.9021,0.9025,6.00,5.60
2010.07.12 11:23:03.206,0.90215,0.9025,1.60,4.00
2010.07.12 11:23:03.286,0.90215,0.9025,3.20,2.40
2010.07.12 11:23:04.369,0.9022,0.90255,4.80,1.00
2010.07.12 11:23:04.606,0.9022,0.9026,4.80,7.30
2010.07.12 11:23:08.815,0.9022,0.90255,4.80,1.60
2010.07.12 11:23:08.885,0.9022,0.90255,4.80,2.50
2010.07.12 11:23:08.957,0.9022,0.90255,3.20,4.10
2010.07.12 11:23:09.026,0.9022,0.9025,1.60,2.40
2010.07.12 11:23:09.768,0.90215,0.9025,1.60,4.90
2010.07.12 11:23:10.057,0.9021,0.9025,3.20,6.50
2010.07.12 11:23:15.496,0.9021,0.90245,1.60,1.00
2010.07.12 11:23:15.997,0.9021,0.9025,3.20,7.30
2010.07.12 11:23:16.816,0.9021,0.9025,3.20,8.10
2010.07.12 11:23:17.108,0.90205,0.90235,1.00,1.00
2010.07.12 11:23:17.407,0.90205,0.90245,3.20,4.90
2010.07.12 11:23:20.957,0.9021,0.90245,3.20,1.00
2010.07.12 11:23:21.256,0.9021,0.9025,3.20,7.30
2010.07.12 11:23:22.006,0.90205,0.90245,4.00,2.50
2010.07.12 11:23:22.600,0.9021,0.90245,3.20,1.60
2010.07.12 11:23:22.909,0.90205,0.90245,4.00,2.50
2010.07.12 11:23:23.036,0.9021,0.90245,3.20,1.00
2010.07.12 11:23:23.165,0.9021,0.9025,1.60,7.30
2010.07.12 11:23:23.296,0.90205,0.90245,4.40,3.20
2010.07.12 11:23:23.426,0.9021,0.90245,1.60,2.50
2010.07.12 11:23:23.556,0.9021,0.9025,3.20,7.30
2010.07.12 11:23:23.685,0.9021,0.9025,3.20,5.70
2010.07.12 11:23:23.816,0.9021,0.9025,1.60,4.10
2010.07.12 11:23:26.468,0.902,0.90235,4.00,2.50
2010.07.12 11:23:26.789,0.902,0.90245,2.40,4.10
2010.07.12 11:23:27.087,0.902,0.9024,2.40,2.40
2010.07.12 11:23:27.325,0.902,0.90235,2.40,1.00
2010.07.12 11:23:28.846,0.902,0.9023,2.40,1.00
2010.07.12 11:23:29.017,0.902,0.9023,1.60,2.40
2010.07.12 11:23:29.186,0.902,0.90235,3.20,1.00
2010.07.12 11:23:30.296,0.902,0.90235,1.60,1.00
2010.07.12 11:23:30.968,0.902,0.9023,1.60,2.40
2010.07.12 11:23:31.117,0.90195,0.9023,3.20,2.40
2010.07.12 11:23:31.256,0.90195,0.90225,3.20,1.00
2010.07.12 11:23:34.570,0.9019,0.9022,1.60,3.30
2010.07.12 11:23:34.915,0.90185,0.9022,6.40,2.80
2010.07.12 11:23:35.160,0.90195,0.9023,1.60,1.60
2010.07.12 11:23:35.485,0.90195,0.9023,3.20,1.00
2010.07.12 11:23:35.729,0.90195,0.90235,4.00,1.00
2010.07.12 11:23:35.977,0.90195,0.90235,2.40,1.00
2010.07.12 11:23:36.216,0.902,0.90235,1.00,1.00
2010.07.12 11:23:36.992,0.902,0.9022,1.00,1.60
2010.07.12 11:23:37.129,0.9019,0.90225,4.00,1.00
2010.07.12 11:23:37.265,0.9019,0.9023,4.40,4.00
2010.07.12 11:23:37.406,0.9019,0.9023,5.20,4.00
2010.07.12 11:23:40.840,0.90195,0.9023,1.60,4.00
2010.07.12 11:23:41.116,0.90195,0.9023,3.20,4.00
2010.07.12 11:23:41.777,0.90195,0.9023,4.00,4.00
2010.07.12 11:23:41.978,0.90195,0.9023,5.60,2.40
2010.07.12 11:23:43.697,0.90195,0.9023,1.00,4.40
2010.07.12 11:23:53.756,0.90195,0.9023,1.00,6.00
2010.07.12 11:23:53.935,0.90195,0.90225,1.00,1.00
2010.07.12 11:23:54.158,0.90195,0.9022,1.00,2.40
2010.07.12 11:23:54.387,0.90195,0.9023,1.00,4.40
2010.07.12 11:24:00.896,0.90195,0.9023,1.00,6.00
2010.07.12 11:24:00.982,0.90195,0.9023,5.60,2.40
2010.07.12 11:24:01.056,0.90195,0.90235,5.60,3.60
2010.07.12 11:24:02.235,0.90195,0.90235,5.60,2.00
2010.07.12 11:24:02.978,0.90205,0.9024,1.60,8.10
2010.07.12 11:24:03.176,0.90205,0.9024,1.60,6.50
2010.07.12 11:24:04.407,0.902,0.9024,4.00,6.50
2010.07.12 11:24:04.674,0.902,0.9023,1.00,2.40
2010.07.12 11:24:25.867,0.90205,0.90235,1.60,1.00
2010.07.12 11:24:26.407,0.90205,0.9024,1.60,6.50
2010.07.12 11:24:27.599,0.902,0.9023,1.00,2.40
2010.07.12 11:24:40.347,0.90195,0.9023,2.40,8.10
2010.07.12 11:24:44.448,0.90195,0.9023,1.60,8.10
2010.07.12 11:24:44.788,0.9019,0.9022,1.60,2.40
2010.07.12 11:24:45.340,0.9019,0.9022,1.00,4.40
2010.07.12 11:24:45.677,0.9019,0.9022,1.00,6.00
2010.07.12 11:24:53.436,0.9019,0.9022,1.00,4.40
2010.07.12 11:25:00.607,0.90195,0.9022,4.80,1.00
2010.07.12 11:25:00.827,0.90195,0.9023,4.80,4.40
2010.07.12 11:25:01.266,0.90195,0.9023,5.60,4.40
2010.07.12 11:25:15.028,0.902,0.90235,3.20,2.00
2010.07.12 11:25:15.327,0.90205,0.90235,1.60,1.00
2010.07.12 11:25:15.477,0.902,0.90235,2.40,1.00
2010.07.12 11:25:15.626,0.902,0.9024,2.40,8.10
2010.07.12 11:25:27.336,0.902,0.9024,1.60,8.90
2010.07.12 11:25:27.859,0.902,0.9023,1.60,3.30
2010.07.12 11:25:28.097,0.90195,0.9023,2.40,3.30
2010.07.12 11:25:29.257,0.90195,0.9023,1.00,6.50
2010.07.12 11:25:29.547,0.90185,0.90225,6.80,1.00
2010.07.12 11:25:31.337,0.902,0.9023,1.60,2.40
2010.07.12 11:25:31.784,0.902,0.90235,1.60,1.00
2010.07.12 11:25:32.117,0.902,0.9024,2.40,8.10
2010.07.12 11:25:45.306,0.90205,0.9024,1.60,8.10
2010.07.12 11:25:45.497,0.90205,0.9024,1.60,4.90
2010.07.12 11:25:45.976,0.902,0.9024,4.00,4.90
2010.07.12 11:25:46.167,0.90205,0.9024,1.60,8.10
2010.07.12 11:25:46.506,0.90205,0.9024,1.60,6.50
2010.07.12 11:25:46.849,0.902,0.9024,4.80,6.50
2010.07.12 11:25:47.189,0.902,0.9024,2.40,8.10
2010.07.12 11:25:52.508,0.902,0.90235,1.00,1.60
2010.07.12 11:25:52.708,0.902,0.9023,1.00,3.30
2010.07.12 11:25:52.907,0.90195,0.9023,2.40,3.30
2010.07.12 11:26:02.821,0.90195,0.9023,4.00,3.30
2010.07.12 11:26:03.158,0.9019,0.90225,2.40,1.00
2010.07.12 11:26:03.988,0.90195,0.9023,1.60,3.30
2010.07.12 11:26:05.858,0.90195,0.90225,1.60,1.00
2010.07.12 11:26:06.327,0.9019,0.90225,2.40,1.00
2010.07.12 11:26:06.676,0.9019,0.90225,4.80,1.00
2010.07.12 11:26:07.017,0.90195,0.9023,1.60,3.30
2010.07.12 11:26:09.253,0.9019,0.90225,2.40,1.00
2010.07.12 11:26:11.306,0.9019,0.90225,4.00,1.00
2010.07.12 11:26:12.666,0.9019,0.90225,2.40,1.00
2010.07.12 11:26:20.069,0.90195,0.9023,2.40,3.30
2010.07.12 11:26:23.548,0.902,0.9023,1.00,2.40
2010.07.12 11:26:24.016,0.902,0.90235,1.00,3.20
2010.07.12 11:26:24.179,0.90205,0.90235,1.60,1.00
2010.07.12 11:26:24.337,0.90205,0.9024,3.20,6.00
2010.07.12 11:26:24.496,0.90205,0.9024,4.80,4.40
2010.07.12 11:26:24.836,0.90205,0.9024,5.60,4.40
2010.07.12 11:26:25.579,0.90205,0.9024,4.00,4.00
2010.07.12 11:26:25.727,0.90205,0.9024,4.00,2.40
2010.07.12 11:26:25.877,0.90205,0.9024,1.00,5.60
2010.07.12 11:26:26.245,0.90205,0.9024,1.00,4.00
2010.07.12 11:26:26.401,0.90205,0.9024,2.40,4.00
2010.07.12 11:26:26.549,0.90205,0.90235,1.00,1.00
2010.07.12 11:26:31.880,0.90205,0.9024,2.40,2.40
2010.07.12 11:26:35.206,0.90205,0.9024,3.20,2.40
2010.07.12 11:26:35.315,0.90205,0.90245,3.20,3.20
2010.07.12 11:26:35.629,0.9021,0.90245,2.40,3.20
2010.07.12 11:26:36.137,0.90205,0.9024,1.00,2.00
2010.07.12 11:26:36.340,0.9021,0.90245,2.40,3.20
2010.07.12 11:26:43.896,0.9021,0.90245,4.00,3.20
2010.07.12 11:26:43.986,0.90215,0.90245,1.60,3.20
2010.07.12 11:26:44.077,0.90215,0.90245,3.20,1.60
2010.07.12 11:26:44.167,0.9022,0.90255,3.20,3.20
2010.07.12 11:26:44.266,0.9022,0.9025,3.20,1.60
2010.07.12 11:26:44.358,0.9022,0.9025,2.40,5.20
2010.07.12 11:26:44.736,0.90215,0.9025,1.00,6.00
2010.07.12 11:26:45.087,0.9022,0.90255,3.20,1.00
2010.07.12 11:26:45.768,0.9022,0.9026,3.20,1.00
2010.07.12 11:26:45.927,0.90225,0.9026,1.00,1.60
2010.07.12 11:26:46.602,0.9022,0.9026,3.20,2.20
2010.07.12 11:26:49.678,0.9022,0.9026,4.80,5.40
2010.07.12 11:26:52.352,0.90235,0.90265,1.00,3.20
2010.07.12 11:26:52.568,0.90225,0.9026,1.00,3.20
2010.07.12 11:26:52.786,0.90225,0.9026,1.60,3.20
2010.07.12 11:26:54.445,0.90225,0.9026,1.60,4.80
2010.07.12 11:26:54.618,0.90225,0.9026,1.00,5.40
2010.07.12 11:26:54.967,0.9022,0.9026,5.60,5.40
2010.07.12 11:26:55.137,0.90225,0.9026,1.00,4.80
2010.07.12 11:26:55.788,0.9022,0.9026,5.60,5.40
2010.07.12 11:26:58.130,0.9022,0.9026,6.40,5.40
2010.07.12 11:26:58.357,0.90235,0.9026,1.60,1.00
2010.07.12 11:26:58.758,0.9024,0.9026,1.00,1.60
2010.07.12 11:26:58.939,0.90225,0.9026,1.00,3.20
2010.07.12 11:26:59.118,0.9022,0.9026,4.00,2.20
2010.07.12 11:27:00.918,0.9022,0.9026,3.20,2.20
2010.07.12 11:27:01.217,0.9022,0.9026,3.20,1.40
2010.07.12 11:27:01.557,0.90225,0.9026,1.00,1.00
2010.07.12 11:27:02.396,0.9023,0.9026,1.00,1.00
2010.07.12 11:27:02.577,0.9023,0.90265,3.20,1.00
2010.07.12 11:27:04.233,0.9023,0.90265,3.20,2.40
2010.07.12 11:27:04.852,0.9023,0.90265,4.00,2.40
2010.07.12 11:27:04.986,0.90245,0.90265,1.60,2.40
2010.07.12 11:27:05.127,0.90245,0.90265,2.40,1.60
2010.07.12 11:27:05.533,0.90245,0.90265,1.00,1.60
2010.07.12 11:27:05.874,0.9024,0.90275,3.20,3.20
2010.07.12 11:27:10.446,0.9024,0.90275,4.80,1.60
2010.07.12 11:27:10.616,0.9024,0.9028,4.80,4.00
2010.07.12 11:27:13.168,0.9024,0.90275,3.20,3.20
2010.07.12 11:27:15.165,0.9025,0.90275,2.40,3.20
2010.07.12 11:27:15.541,0.9025,0.9028,3.20,1.60
2010.07.12 11:27:15.886,0.9025,0.90285,3.20,4.00
2010.07.12 11:27:15.956,0.9025,0.90285,3.20,2.40
2010.07.12 11:27:21.938,0.9025,0.90285,3.20,1.60
2010.07.12 11:27:22.328,0.9025,0.90285,3.20,3.20
2010.07.12 11:27:22.770,0.9025,0.9028,2.40,3.20
2010.07.12 11:27:23.114,0.90245,0.90285,6.70,3.20
2010.07.12 11:27:23.460,0.90245,0.9028,1.00,3.20
2010.07.12 11:27:23.797,0.90245,0.9028,1.90,3.20
2010.07.12 11:27:25.747,0.9025,0.90285,3.00,3.20
2010.07.12 11:27:26.017,0.9025,0.90285,3.80,3.20
2010.07.12 11:27:27.307,0.90245,0.90285,4.00,3.20
2010.07.12 11:27:27.800,0.90245,0.9028,1.70,1.60
2010.07.12 11:27:28.137,0.90245,0.90285,4.90,3.20
2010.07.12 11:27:31.063,0.90245,0.90285,2.40,4.10
2010.07.12 11:27:31.417,0.9025,0.9029,4.90,3.20
2010.07.12 11:27:31.760,0.9025,0.9029,4.90,1.60
2010.07.12 11:27:32.098,0.9025,0.9029,4.90,3.20
2010.07.12 11:27:34.287,0.9025,0.9029,6.50,1.60
2010.07.12 11:27:34.607,0.9025,0.90295,6.50,4.90
2010.07.12 11:27:36.148,0.9025,0.9029,4.90,3.20
2010.07.12 11:27:36.437,0.9025,0.90295,6.50,4.90
2010.07.12 11:27:38.365,0.9025,0.90295,7.30,4.90
2010.07.12 11:27:39.531,0.9025,0.9029,7.30,1.60
2010.07.12 11:27:39.879,0.9025,0.9029,5.70,3.20
2010.07.12 11:27:40.951,0.9025,0.9029,7.30,3.20
2010.07.12 11:27:47.906,0.9025,0.9029,5.70,3.20
2010.07.12 11:27:49.696,0.90255,0.9029,2.00,3.20
2010.07.12 11:27:50.117,0.9026,0.90295,3.30,2.50
2010.07.12 11:27:50.347,0.9026,0.90295,3.30,4.10
2010.07.12 11:27:56.474,0.90255,0.9029,4.10,2.50
2010.07.12 11:28:00.249,0.90265,0.903,2.50,8.90
2010.07.12 11:28:00.447,0.9026,0.90295,5.70,1.00
2010.07.12 11:28:00.636,0.9026,0.90295,4.90,1.00
2010.07.12 11:28:04.327,0.9026,0.9029,2.40,2.50
2010.07.12 11:28:04.497,0.90255,0.9029,4.90,2.50
2010.07.12 11:28:09.047,0.90255,0.9029,3.30,5.70
2010.07.12 11:28:09.157,0.90255,0.90285,1.00,1.00
2010.07.12 11:28:09.268,0.90255,0.90285,2.40,1.00
2010.07.12 11:28:09.377,0.90255,0.9029,4.10,2.50
2010.07.12 11:28:11.652,0.90255,0.9029,2.50,2.50
2010.07.12 11:28:29.617,0.90255,0.9029,1.00,4.90
2010.07.12 11:28:29.936,0.9025,0.90285,7.30,1.00
2010.07.12 11:28:30.179,0.9025,0.90285,4.10,1.00
2010.07.12 11:28:30.897,0.9025,0.90285,5.70,1.00
2010.07.12 11:28:31.137,0.9025,0.90285,4.90,1.00
2010.07.12 11:28:31.819,0.9025,0.9028,1.60,2.50
2010.07.12 11:28:32.428,0.90245,0.9028,2.50,4.10
2010.07.12 11:28:37.053,0.90255,0.9029,2.50,4.90
2010.07.12 11:28:37.259,0.90255,0.9029,2.50,2.50
2010.07.12 11:28:37.460,0.90255,0.9029,4.10,2.50
2010.07.12 11:28:38.746,0.90255,0.9029,2.50,2.50
2010.07.12 11:28:39.007,0.90255,0.9029,3.30,2.50
2010.07.12 11:28:46.366,0.90255,0.9029,4.10,2.50
2010.07.12 11:28:46.657,0.90265,0.903,2.50,6.50
2010.07.12 11:28:46.959,0.9026,0.9029,5.70,1.60
2010.07.12 11:28:47.258,0.9026,0.90295,3.30,4.10
2010.07.12 11:28:58.476,0.9026,0.9029,1.00,1.60
2010.07.12 11:28:58.688,0.90255,0.9029,4.10,2.50
2010.07.12 11:28:58.897,0.90255,0.9029,2.50,2.50
2010.07.12 11:29:11.857,0.90255,0.9029,4.10,2.50
2010.07.12 11:29:12.108,0.90255,0.9029,5.70,2.50
2010.07.12 11:29:12.357,0.90255,0.9029,2.50,2.50
2010.07.12 11:29:12.989,0.9026,0.90295,3.30,3.30
2010.07.12 11:29:13.217,0.9026,0.90295,3.30,4.90
2010.07.12 11:29:13.447,0.9026,0.90295,3.30,4.10
2010.07.12 11:29:16.450,0.9026,0.90295,3.30,1.00
2010.07.12 11:29:16.979,0.9026,0.90295,4.90,1.00
2010.07.12 11:29:17.897,0.9026,0.90295,3.30,1.00
2010.07.12 11:29:26.519,0.90255,0.9029,6.50,2.50
2010.07.12 11:29:26.812,0.9026,0.9029,3.30,1.60
2010.07.12 11:29:26.961,0.9026,0.90295,3.30,4.10
2010.07.12 11:29:27.350,0.9026,0.90295,3.30,1.00
2010.07.12 11:29:28.838,0.9026,0.90295,4.90,1.00
2010.07.12 11:29:29.118,0.9026,0.90295,3.30,1.00
2010.07.12 11:29:39.927,0.9026,0.9029,2.40,2.50
2010.07.12 11:29:40.088,0.90255,0.9029,3.30,2.50
2010.07.12 11:29:40.418,0.9026,0.9029,3.30,1.60
2010.07.12 11:29:40.577,0.9026,0.90295,3.30,4.10
2010.07.12 11:29:41.011,0.9026,0.90295,3.30,1.00
2010.07.12 11:29:43.527,0.90265,0.903,2.00,8.90
2010.07.12 11:29:43.963,0.90265,0.903,2.00,4.90
2010.07.12 11:29:44.209,0.9026,0.90295,6.50,1.00
2010.07.12 11:29:44.458,0.9026,0.90295,3.30,1.00
2010.07.12 11:29:50.317,0.9026,0.90295,3.30,4.10
2010.07.12 11:29:50.598,0.9026,0.90295,2.80,1.00
2010.07.12 11:30:00.688,0.9026,0.90295,4.40,1.00
2010.07.12 11:30:01.290,0.9026,0.90295,2.80,1.00
2010.07.12 11:30:01.548,0.90255,0.90295,2.50,4.10
2010.07.12 11:30:12.427,0.90255,0.90295,4.10,4.10
2010.07.12 11:30:12.771,0.9026,0.90295,4.40,1.00
2010.07.12 11:30:13.638,0.9026,0.90295,2.80,1.00
2010.07.12 11:30:35.008,0.9026,0.90295,2.80,4.10
2010.07.12 11:30:37.037,0.9026,0.90295,2.80,2.50
2010.07.12 11:30:37.287,0.9026,0.90295,2.80,1.00
2010.07.12 11:30:38.968,0.9026,0.90295,2.80,4.10
2010.07.12 11:30:41.508,0.9026,0.90295,2.80,1.00
2010.07.12 11:30:44.567,0.90265,0.90295,1.60,1.00
2010.07.12 11:30:44.840,0.90265,0.903,3.60,3.30
2010.07.12 11:30:45.109,0.9026,0.90295,2.80,1.00
2010.07.12 11:30:45.555,0.9026,0.90295,2.80,2.50
2010.07.12 11:30:45.798,0.9026,0.90295,2.80,4.10
2010.07.12 11:30:46.038,0.9026,0.90295,2.80,1.00
2010.07.12 11:30:53.198,0.9026,0.90295,2.80,4.10
2010.07.12 11:30:53.897,0.9026,0.90295,2.80,1.00
2010.07.12 11:30:58.939,0.90265,0.903,1.60,6.50
2010.07.12 11:30:59.546,0.90265,0.903,3.60,1.60
2010.07.12 11:31:00.458,0.90265,0.903,2.00,3.20
2010.07.12 11:31:01.892,0.90265,0.903,1.60,1.60
2010.07.12 11:31:02.112,0.9026,0.90295,4.40,1.00
2010.07.12 11:31:02.670,0.9026,0.90295,2.80,1.00
2010.07.12 11:31:03.487,0.9026,0.90295,4.40,1.00
2010.07.12 11:31:04.637,0.9026,0.90295,2.80,1.00
2010.07.12 11:31:05.933,0.90265,0.903,1.60,1.00
2010.07.12 11:31:06.098,0.9026,0.90295,2.80,1.00
2010.07.12 11:31:09.297,0.9026,0.90295,2.40,2.50
2010.07.12 11:31:09.547,0.9026,0.90295,1.00,4.10
2010.07.12 11:31:09.825,0.9026,0.90295,2.80,2.50
2010.07.12 11:31:09.998,0.9026,0.90295,2.80,1.00
2010.07.12 11:31:10.917,0.90265,0.90295,1.60,1.00
2010.07.12 11:31:11.088,0.90265,0.90295,3.20,1.00
2010.07.12 11:31:11.639,0.90265,0.903,3.60,2.50
2010.07.12 11:31:15.661,0.90265,0.90295,3.20,1.00
2010.07.12 11:31:15.999,0.9026,0.90295,4.40,1.00
2010.07.12 11:31:16.918,0.9026,0.90295,4.40,1.70
2010.07.12 11:31:18.297,0.9026,0.90295,1.60,1.70
2010.07.12 11:31:18.946,0.90255,0.90295,5.20,1.70
2010.07.12 11:31:32.789,0.90255,0.9029,1.60,2.40
2010.07.12 11:31:35.538,0.90255,0.90295,5.20,1.70
2010.07.12 11:31:42.104,0.90255,0.90295,6.00,1.00
2010.07.12 11:31:43.307,0.90255,0.90295,2.40,4.10
2010.07.12 11:31:43.626,0.90255,0.9029,2.40,2.40
2010.07.12 11:31:53.543,0.9025,0.9029,2.40,8.10
2010.07.12 11:31:53.747,0.9025,0.9029,1.60,8.10
2010.07.12 11:31:53.948,0.9025,0.9028,1.60,2.00
2010.07.12 11:31:54.149,0.90245,0.9028,5.60,2.00
2010.07.12 11:31:54.357,0.90245,0.9028,6.40,1.60
2010.07.12 11:31:54.538,0.9025,0.9028,1.60,1.60
2010.07.12 11:31:54.717,0.9025,0.9029,1.60,8.90
2010.07.12 11:31:56.798,0.90245,0.90285,6.40,1.60
2010.07.12 11:31:56.970,0.90245,0.9028,5.60,2.00
2010.07.12 11:32:04.926,0.90245,0.9028,6.00,1.00
2010.07.12 11:32:05.027,0.9025,0.9028,1.60,1.00
2010.07.12 11:32:05.127,0.9025,0.9029,1.60,9.70
2010.07.12 11:32:05.326,0.9025,0.9029,1.60,8.90
2010.07.12 11:32:05.739,0.90255,0.9029,1.60,5.70
2010.07.12 11:32:14.659,0.90245,0.90285,6.80,1.00
2010.07.12 11:32:14.727,0.90245,0.90285,6.00,1.00
2010.07.12 11:32:14.796,0.90245,0.90285,5.20,1.00
2010.07.12 11:32:15.058,0.90245,0.90285,2.00,4.10
2010.07.12 11:32:15.399,0.90245,0.90285,4.80,1.70
2010.07.12 11:32:15.739,0.90245,0.90285,5.20,1.70
2010.07.12 11:32:20.908,0.9025,0.90285,1.60,1.00
2010.07.12 11:32:25.991,0.90255,0.9029,3.20,5.70
2010.07.12 11:32:33.051,0.90255,0.9029,1.60,5.70
2010.07.12 11:32:33.219,0.9025,0.9029,1.60,8.90
2010.07.12 11:32:36.219,0.90255,0.9029,1.60,5.70
2010.07.12 11:32:43.208,0.90255,0.9029,1.60,8.90
2010.07.12 11:32:43.287,0.9025,0.9029,1.60,8.90
2010.07.12 11:32:44.740,0.90255,0.9029,1.60,2.40
2010.07.12 11:32:44.969,0.90265,0.903,1.60,8.10
2010.07.12 11:32:45.198,0.90265,0.9029,1.60,1.00
2010.07.12 11:32:45.426,0.90255,0.9029,4.80,4.40
2010.07.12 11:32:45.657,0.90255,0.9029,3.20,2.40
2010.07.12 11:32:46.908,0.90255,0.9029,3.20,4.00
2010.07.12 11:32:47.238,0.9025,0.90285,4.00,1.00
2010.07.12 11:32:54.096,0.9025,0.90285,3.20,1.00
2010.07.12 11:32:54.397,0.9025,0.9028,3.20,1.60
2010.07.12 11:32:54.617,0.9025,0.90285,3.20,1.00
2010.07.12 11:32:57.500,0.9026,0.9029,2.40,2.00
2010.07.12 11:32:57.732,0.9026,0.90295,2.40,3.60
2010.07.12 11:32:57.952,0.9026,0.90295,1.60,1.00
2010.07.12 11:32:58.470,0.90255,0.90295,3.20,4.90
2010.07.12 11:33:00.427,0.90255,0.90295,4.00,4.90
2010.07.12 11:33:00.637,0.90255,0.90295,4.00,4.10
2010.07.12 11:33:01.368,0.90255,0.90295,4.00,3.20
2010.07.12 11:33:02.318,0.9026,0.903,8.00,4.00
2010.07.12 11:33:03.078,0.9026,0.903,7.20,8.90
2010.07.12 11:33:03.377,0.9026,0.903,5.60,8.90
2010.07.12 11:33:03.678,0.90255,0.90295,4.80,4.10
2010.07.12 11:33:03.977,0.90255,0.90295,4.00,4.10
2010.07.12 11:33:04.650,0.9026,0.90295,2.40,4.10
2010.07.12 11:33:04.920,0.9026,0.90295,5.60,1.00
2010.07.12 11:33:05.190,0.90255,0.90295,4.80,4.40
2010.07.12 11:33:05.530,0.9026,0.90295,5.60,1.20
2010.07.12 11:33:07.757,0.9026,0.90295,3.20,1.20
2010.07.12 11:33:07.958,0.9026,0.90295,1.60,2.80
2010.07.12 11:33:08.158,0.90255,0.9029,3.20,1.60
2010.07.12 11:33:08.358,0.9025,0.90285,3.20,1.00
2010.07.12 11:33:09.417,0.9025,0.9029,3.20,4.00
2010.07.12 11:33:11.420,0.9026,0.9029,5.60,1.00
2010.07.12 11:33:11.719,0.9026,0.90295,5.60,1.20
2010.07.12 11:33:13.477,0.90255,0.90295,3.20,4.90
2010.07.12 11:33:13.777,0.90255,0.90295,3.20,4.00
2010.07.12 11:33:13.928,0.9026,0.90295,3.20,1.00
2010.07.12 11:33:14.077,0.90255,0.90295,3.20,4.00
2010.07.12 11:33:14.227,0.90255,0.90295,3.20,4.40
2010.07.12 11:33:17.037,0.9025,0.9029,9.60,4.80
2010.07.12 11:33:17.216,0.9025,0.9029,8.00,7.60
2010.07.12 11:33:19.894,0.9025,0.9029,7.20,8.40
2010.07.12 11:33:20.167,0.9025,0.9029,5.60,8.40
2010.07.12 11:33:20.350,0.9025,0.90285,2.40,3.20
2010.07.12 11:33:20.537,0.90245,0.90285,3.20,3.60
2010.07.12 11:33:22.907,0.9025,0.90285,3.20,1.00
2010.07.12 11:33:23.498,0.90255,0.9029,3.20,2.40
2010.07.12 11:33:24.037,0.9026,0.90295,1.60,1.70
2010.07.12 11:33:29.997,0.90255,0.90295,5.20,1.70
2010.07.12 11:33:30.578,0.90255,0.9029,1.60,2.40
2010.07.12 11:33:31.407,0.90255,0.9029,3.60,2.40
2010.07.12 11:33:31.620,0.90255,0.90295,3.20,1.70
2010.07.12 11:33:31.828,0.90255,0.9029,1.60,2.40
2010.07.12 11:33:43.478,0.90255,0.9029,4.00,2.40
2010.07.12 11:33:43.636,0.90255,0.903,4.00,6.40
2010.07.12 11:33:47.197,0.9026,0.903,1.60,6.40
2010.07.12 11:33:48.411,0.90265,0.90305,1.60,4.90
2010.07.12 11:34:02.330,0.9027,0.90305,1.60,1.70
2010.07.12 11:34:03.305,0.90265,0.90305,1.60,4.90
2010.07.12 11:34:10.026,0.90265,0.903,1.60,2.40
2010.07.12 11:34:10.201,0.9026,0.90295,6.40,1.00
2010.07.12 11:34:10.770,0.9026,0.90295,4.80,1.00
2010.07.12 11:34:11.380,0.9026,0.90295,6.40,1.00
2010.07.12 11:34:11.968,0.90265,0.90305,3.20,4.90
2010.07.12 11:34:22.454,0.9026,0.903,7.20,7.20
2010.07.12 11:34:22.773,0.9026,0.90295,6.40,1.00
2010.07.12 11:34:26.518,0.9026,0.90295,4.80,1.00
2010.07.12 11:34:26.934,0.90265,0.903,1.60,3.20
2010.07.12 11:34:27.273,0.9026,0.903,8.00,7.60
2010.07.12 11:34:30.678,0.9026,0.903,5.60,5.20
2010.07.12 11:34:31.194,0.9026,0.903,4.00,3.20
2010.07.12 11:34:31.531,0.9027,0.90305,2.40,1.60
2010.07.12 11:34:32.480,0.9027,0.9031,3.20,7.60
2010.07.12 11:34:33.859,0.90275,0.9031,1.60,2.00
2010.07.12 11:34:34.112,0.9027,0.9031,7.20,7.60
2010.07.12 11:34:34.359,0.9027,0.9031,6.40,7.60
2010.07.12 11:34:35.429,0.90275,0.9031,3.20,3.20
2010.07.12 11:34:35.659,0.90275,0.9031,4.80,1.60
2010.07.12 11:34:39.047,0.90275,0.9031,3.20,2.50
2010.07.12 11:34:39.524,0.9027,0.9031,8.80,6.50
2010.07.12 11:34:39.872,0.90275,0.9031,3.20,5.70
2010.07.12 11:34:40.209,0.9027,0.9031,7.20,7.30
2010.07.12 11:34:41.487,0.9027,0.9031,7.20,8.10
2010.07.12 11:34:41.832,0.9026,0.9029,2.40,2.40
2010.07.12 11:34:42.053,0.9026,0.90285,1.00,2.00
2010.07.12 11:34:42.389,0.9026,0.9029,2.40,3.20
2010.07.12 11:34:42.613,0.9026,0.9029,1.60,1.60
2010.07.12 11:34:42.949,0.90255,0.9029,1.60,3.30
2010.07.12 11:34:45.570,0.90255,0.90285,1.60,1.00
2010.07.12 11:34:45.827,0.9025,0.90285,5.60,1.00
2010.07.12 11:34:46.077,0.90255,0.90285,1.60,1.00
2010.07.12 11:34:46.719,0.90255,0.9029,4.80,1.60
2010.07.12 11:34:47.398,0.9025,0.90285,8.00,1.60
2010.07.12 11:34:48.908,0.90255,0.9029,4.80,1.60
2010.07.12 11:34:56.599,0.90255,0.90295,4.80,6.50
2010.07.12 11:34:57.034,0.9026,0.90295,1.60,4.00
2010.07.12 11:34:57.369,0.9026,0.903,4.80,8.90
2010.07.12 11:34:57.709,0.9026,0.90295,1.60,4.10
2010.07.12 11:34:58.052,0.90255,0.90295,5.60,4.10
2010.07.12 11:34:58.391,0.90255,0.9029,3.20,1.60
2010.07.12 11:34:58.728,0.90255,0.9029,1.60,6.00
2010.07.12 11:34:59.068,0.90255,0.9029,1.60,3.60
2010.07.12 11:34:59.420,0.9026,0.90295,1.60,4.40
2010.07.12 11:34:59.770,0.90265,0.9029,1.60,2.80
2010.07.12 11:35:00.392,0.90255,0.9029,3.20,4.40
2010.07.12 11:35:00.729,0.90255,0.9029,3.20,2.80
2010.07.12 11:35:01.425,0.90255,0.9029,3.20,3.30
2010.07.12 11:35:01.769,0.90255,0.9029,1.60,6.50
2010.07.12 11:35:02.469,0.90255,0.90285,1.60,1.00
2010.07.12 11:35:02.811,0.9025,0.9028,1.00,2.80
2010.07.12 11:35:03.153,0.90255,0.90285,1.60,1.00
2010.07.12 11:35:03.410,0.90255,0.9029,1.60,8.10
2010.07.12 11:35:03.670,0.90255,0.9029,1.60,3.30
2010.07.12 11:35:07.419,0.90245,0.90275,1.60,1.00
2010.07.12 11:35:08.360,0.9025,0.9028,4.80,2.40
2010.07.12 11:35:08.711,0.90245,0.9028,1.00,5.70
2010.07.12 11:35:08.991,0.90235,0.9028,6.40,5.70
2010.07.12 11:35:13.978,0.9024,0.9028,3.20,8.90
2010.07.12 11:35:14.558,0.9024,0.9028,4.80,4.00
2010.07.12 11:35:15.052,0.90245,0.90285,5.60,3.30
2010.07.12 11:35:15.387,0.90245,0.90285,6.40,3.30
2010.07.12 11:35:15.718,0.9025,0.90285,1.60,1.70
2010.07.12 11:35:19.390,0.90245,0.90285,5.60,3.30
2010.07.12 11:35:21.020,0.90255,0.9029,1.60,7.30
2010.07.12 11:35:22.158,0.90255,0.9029,1.60,6.50
2010.07.12 11:35:22.498,0.90255,0.9029,3.20,3.30
2010.07.12 11:35:24.031,0.90255,0.9029,4.80,2.80
2010.07.12 11:35:24.169,0.90255,0.9029,3.20,2.80
2010.07.12 11:35:25.752,0.90255,0.9029,4.80,2.80
2010.07.12 11:35:26.090,0.9026,0.9029,1.60,2.40
2010.07.12 11:35:26.428,0.90255,0.9029,4.80,4.40
2010.07.12 11:35:27.788,0.90265,0.903,3.20,5.20
2010.07.12 11:35:28.148,0.90265,0.903,1.60,6.80
2010.07.12 11:35:28.492,0.90255,0.90295,3.20,3.20
2010.07.12 11:35:28.831,0.90255,0.9029,1.60,4.90
2010.07.12 11:35:29.173,0.9025,0.9029,4.00,6.50
2010.07.12 11:35:29.509,0.90255,0.9029,3.20,3.30
2010.07.12 11:35:29.848,0.90255,0.9029,3.20,1.00
2010.07.12 11:35:30.188,0.90255,0.90295,4.00,3.20
2010.07.12 11:35:30.468,0.90255,0.9029,3.20,3.30
2010.07.12 11:35:31.698,0.90255,0.9029,4.80,3.30
2010.07.12 11:35:31.938,0.9026,0.90295,3.20,1.00
2010.07.12 11:35:32.494,0.9026,0.903,6.00,6.40
2010.07.12 11:35:32.840,0.9026,0.903,7.60,5.60
2010.07.12 11:35:38.010,0.90265,0.90305,4.40,3.20
2010.07.12 11:35:38.339,0.90265,0.90305,6.00,4.10
2010.07.12 11:35:43.198,0.90275,0.90305,1.60,2.50
2010.07.12 11:35:43.541,0.90265,0.90305,5.60,1.00
2010.07.12 11:35:44.879,0.90275,0.9031,1.60,6.50
2010.07.12 11:35:46.247,0.9028,0.9031,1.60,4.90
2010.07.12 11:35:46.549,0.9028,0.90315,1.60,4.10
2010.07.12 11:35:46.849,0.90275,0.9031,1.60,6.50
2010.07.12 11:35:49.586,0.90285,0.90315,1.60,3.20
2010.07.12 11:35:49.932,0.90275,0.9031,3.20,4.40
2010.07.12 11:35:50.139,0.90275,0.9031,3.20,4.00
2010.07.12 11:35:50.348,0.90275,0.9031,3.20,2.40
2010.07.12 11:35:51.478,0.90275,0.9031,4.80,2.40
2010.07.12 11:35:52.032,0.9027,0.9031,2.40,6.50
2010.07.12 11:35:53.901,0.9027,0.9031,4.00,4.90
2010.07.12 11:35:54.770,0.9027,0.90305,1.00,1.00
2010.07.12 11:35:55.428,0.90265,0.903,2.40,4.00
2010.07.12 11:35:55.795,0.90265,0.903,1.60,4.00
2010.07.12 11:35:56.058,0.90265,0.903,1.60,5.60
2010.07.12 11:35:56.320,0.9026,0.9029,1.60,2.40
2010.07.12 11:35:57.238,0.90265,0.9029,1.60,2.40
2010.07.12 11:35:57.511,0.90265,0.90305,4.80,1.00
2010.07.12 11:35:58.348,0.90265,0.90305,5.60,1.00
2010.07.12 11:35:59.437,0.90275,0.9031,1.60,9.70
2010.07.12 11:35:59.779,0.90265,0.9029,2.40,2.40
2010.07.12 11:36:00.403,0.90265,0.903,1.60,4.90
2010.07.12 11:36:05.227,0.90265,0.903,3.20,4.90
2010.07.12 11:36:15.077,0.90265,0.9029,1.60,1.60
2010.07.12 11:36:15.308,0.9026,0.90295,2.40,1.60
2010.07.12 11:36:15.369,0.9026,0.90295,2.40,3.20
2010.07.12 11:36:15.407,0.9026,0.90295,1.00,6.40
2010.07.12 11:36:15.457,0.9026,0.9029,1.00,1.60
2010.07.12 11:36:16.040,0.90245,0.9028,2.00,5.60
2010.07.12 11:36:16.319,0.9025,0.9028,3.20,2.40
2010.07.12 11:36:16.877,0.9025,0.9028,1.60,2.40
2010.07.12 11:36:18.280,0.90245,0.9028,1.60,3.30
2010.07.12 11:36:20.201,0.9025,0.9028,1.60,3.30
2010.07.12 11:36:20.419,0.9025,0.9028,1.60,2.40
2010.07.12 11:36:23.478,0.90255,0.9028,1.60,2.40
2010.07.12 11:36:24.019,0.9025,0.90285,2.40,1.60
2010.07.12 11:36:24.200,0.9025,0.9028,1.00,2.40
2010.07.12 11:36:24.380,0.9025,0.90285,1.00,1.00
2010.07.12 11:36:24.558,0.9025,0.9029,1.00,3.30
2010.07.12 11:36:25.405,0.9025,0.9029,2.40,3.30
2010.07.12 11:36:25.634,0.90255,0.9029,3.20,2.40
2010.07.12 11:36:25.921,0.90255,0.9029,1.60,3.30
2010.07.12 11:36:26.407,0.90255,0.9029,3.20,3.30
2010.07.12 11:36:26.691,0.90255,0.9029,4.00,2.40
2010.07.12 11:36:27.370,0.90255,0.9029,2.40,4.90
2010.07.12 11:36:28.387,0.90255,0.9029,1.60,4.90
2010.07.12 11:36:29.379,0.90255,0.9029,3.20,4.90
2010.07.12 11:36:29.717,0.90255,0.9029,4.80,4.90
2010.07.12 11:36:31.918,0.90255,0.9029,3.20,4.90
2010.07.12 11:36:32.838,0.90255,0.9029,1.60,4.90
2010.07.12 11:36:33.031,0.9026,0.9028,1.60,2.40
2010.07.12 11:36:33.409,0.9026,0.90285,1.60,3.20
2010.07.12 11:36:33.732,0.90265,0.903,4.80,4.10
2010.07.12 11:36:36.299,0.90265,0.903,3.20,7.30
2010.07.12 11:36:36.447,0.90265,0.903,1.60,8.90
2010.07.12 11:36:38.409,0.9026,0.90295,1.60,1.60
2010.07.12 11:36:38.810,0.90255,0.9029,5.60,2.40
2010.07.12 11:36:40.707,0.90255,0.9028,4.00,2.50
2010.07.12 11:36:41.170,0.90255,0.9029,1.60,8.80
2010.07.12 11:36:41.390,0.9025,0.9029,4.00,4.90
2010.07.12 11:36:41.608,0.9025,0.90285,2.40,2.00
2010.07.12 11:36:41.819,0.9025,0.90285,1.00,2.00
2010.07.12 11:36:44.328,0.9025,0.9028,1.00,1.60
2010.07.12 11:36:44.459,0.90245,0.9028,4.00,4.40
2010.07.12 11:36:45.034,0.90245,0.9028,3.20,4.40
2010.07.12 11:36:45.220,0.90245,0.90285,4.00,4.10
2010.07.12 11:36:45.399,0.90245,0.90285,5.60,2.50
2010.07.12 11:36:49.479,0.90245,0.9028,5.60,1.00
2010.07.12 11:36:49.588,0.90245,0.9028,4.00,4.90
2010.07.12 11:36:53.220,0.9025,0.90285,1.60,2.50
2010.07.12 11:36:54.540,0.90255,0.9029,1.60,5.70
2010.07.12 11:37:07.448,0.90255,0.9029,1.60,8.90
2010.07.12 11:37:07.688,0.9025,0.90285,1.60,1.00
2010.07.12 11:37:10.087,0.9025,0.90285,2.40,1.00
2010.07.12 11:37:15.408,0.9025,0.90285,1.00,1.00
2010.07.12 11:37:30.060,0.90245,0.90285,3.20,1.00
2010.07.12 11:37:38.749,0.90245,0.9028,2.40,2.80
2010.07.12 11:37:39.029,0.90245,0.9028,1.60,4.40
2010.07.12 11:37:39.248,0.90245,0.9028,1.60,2.00
2010.07.12 11:37:39.468,0.90245,0.90285,2.00,1.00
2010.07.12 11:37:40.000,0.90245,0.9028,1.60,4.40
2010.07.12 11:37:43.679,0.90245,0.90275,1.60,1.00
2010.07.12 11:37:43.921,0.9024,0.90265,1.00,2.50
2010.07.12 11:37:44.162,0.90235,0.9027,1.60,3.20
2010.07.12 11:37:44.400,0.90235,0.9027,2.40,2.40
2010.07.12 11:37:44.955,0.9024,0.9028,1.60,4.00
2010.07.12 11:37:45.184,0.9024,0.9028,4.80,4.90
2010.07.12 11:38:04.037,0.9024,0.9028,4.80,5.70
2010.07.12 11:38:04.464,0.9024,0.9027,4.00,1.00
2010.07.12 11:38:04.621,0.9024,0.9028,4.00,4.90
2010.07.12 11:38:04.768,0.9024,0.9028,4.80,4.90
2010.07.12 11:38:06.209,0.9024,0.90275,1.00,1.60
2010.07.12 11:38:06.457,0.9024,0.90275,1.00,2.00
2010.07.12 11:38:08.589,0.9024,0.90275,3.20,2.00
2010.07.12 11:38:08.809,0.9024,0.90275,3.20,1.60
2010.07.12 11:38:09.337,0.9024,0.90275,4.80,1.60
2010.07.12 11:38:09.889,0.9024,0.90275,1.00,2.00
2010.07.12 11:38:11.233,0.90245,0.9028,1.60,4.40
2010.07.12 11:38:12.078,0.9024,0.90275,1.00,1.60
2010.07.12 11:38:12.248,0.9024,0.90275,1.00,2.00
2010.07.12 11:38:13.282,0.90245,0.90285,2.40,1.60
2010.07.12 11:38:13.602,0.9024,0.90285,4.00,2.50
2010.07.12 11:38:13.918,0.9024,0.90285,3.20,2.50
2010.07.12 11:38:14.263,0.90245,0.90285,1.00,2.50
2010.07.12 11:38:15.198,0.90245,0.90285,1.00,1.00
2010.07.12 11:38:15.457,0.90245,0.9029,1.00,6.40
2010.07.12 11:38:16.294,0.90245,0.9028,1.00,2.80
2010.07.12 11:38:16.534,0.90245,0.90285,1.00,2.00
2010.07.12 11:38:17.567,0.90245,0.90285,1.00,1.00
2010.07.12 11:38:18.397,0.90245,0.90285,5.60,1.00
2010.07.12 11:38:18.772,0.9025,0.90285,3.20,1.00
2010.07.12 11:38:18.907,0.9025,0.9029,3.20,4.40
2010.07.12 11:38:19.040,0.9025,0.9029,4.00,4.40
2010.07.12 11:38:19.858,0.90255,0.9029,2.40,1.60
2010.07.12 11:38:21.336,0.90245,0.9028,1.00,4.40
2010.07.12 11:38:22.305,0.90245,0.9028,2.40,4.40
2010.07.12 11:38:23.697,0.90245,0.9028,1.00,4.40
2010.07.12 11:38:24.225,0.9024,0.9028,1.00,4.40
2010.07.12 11:38:26.411,0.9024,0.90275,1.00,2.00
2010.07.12 11:38:28.987,0.9024,0.9027,1.00,1.00
2010.07.12 11:38:29.148,0.9024,0.9027,1.00,2.80
2010.07.12 11:38:29.468,0.9024,0.9027,1.00,2.40
2010.07.12 11:38:29.851,0.9024,0.90275,1.00,2.00
2010.07.12 11:38:30.011,0.9024,0.9027,1.00,2.80
2010.07.12 11:38:31.517,0.9024,0.90275,1.00,2.00
2010.07.12 11:38:31.861,0.9024,0.9027,1.00,1.00
2010.07.12 11:38:32.199,0.9024,0.90275,1.00,2.00
2010.07.12 11:38:36.368,0.9024,0.90275,4.80,1.00
2010.07.12 11:38:36.558,0.9024,0.9028,4.80,4.90
2010.07.12 11:38:38.778,0.90245,0.9028,1.60,2.40
2010.07.12 11:38:39.058,0.90245,0.90285,1.60,3.30
2010.07.12 11:38:40.198,0.90245,0.9028,1.60,4.40
2010.07.12 11:38:42.468,0.90245,0.90275,1.60,1.00
2010.07.12 11:38:42.719,0.9024,0.90275,1.00,2.00
2010.07.12 11:38:46.479,0.90235,0.90275,4.40,2.00
2010.07.12 11:38:46.608,0.90235,0.90275,4.40,1.60
2010.07.12 11:38:46.737,0.9024,0.90275,2.40,1.60
2010.07.12 11:38:47.083,0.9024,0.90275,2.40,2.00
2010.07.12 11:38:47.211,0.90235,0.90275,4.80,2.00
2010.07.12 11:38:47.556,0.90235,0.90275,3.20,2.00
2010.07.12 11:38:57.068,0.90245,0.9028,1.60,5.20
2010.07.12 11:38:57.578,0.90235,0.90275,4.40,2.50
2010.07.12 11:38:59.792,0.90235,0.9027,4.40,2.40
2010.07.12 11:38:59.982,0.90235,0.90265,1.00,1.60
2010.07.12 11:39:00.241,0.90235,0.90275,3.20,2.50
2010.07.12 11:39:02.418,0.90235,0.90275,4.80,2.50
2010.07.12 11:39:03.247,0.90235,0.90275,3.20,2.50
2010.07.12 11:39:03.519,0.90235,0.90275,4.80,2.50
2010.07.12 11:39:04.930,0.90235,0.90275,6.40,2.50
2010.07.12 11:39:05.268,0.9024,0.9028,4.00,5.70
2010.07.12 11:39:15.412,0.90245,0.9028,1.60,1.60
2010.07.12 11:39:15.622,0.9024,0.9028,5.60,4.90
2010.07.12 11:39:15.820,0.9024,0.9028,4.00,4.90
2010.07.12 11:39:16.771,0.90235,0.90275,1.00,1.00
2010.07.12 11:39:23.608,0.9023,0.9027,7.20,1.00
2010.07.12 11:39:23.750,0.9023,0.9027,7.20,3.30
2010.07.12 11:39:30.107,0.9023,0.90265,5.60,1.60
2010.07.12 11:39:30.248,0.9023,0.90265,2.40,2.50
2010.07.12 11:39:30.388,0.9023,0.90265,1.00,2.50
2010.07.12 11:39:30.668,0.90225,0.90265,4.00,2.50
2010.07.12 11:39:32.158,0.9022,0.90255,5.60,1.60
2010.07.12 11:39:32.318,0.90225,0.9026,1.60,2.40
2010.07.12 11:39:32.478,0.90225,0.90265,4.80,2.80
2010.07.12 11:39:33.840,0.90225,0.9026,1.60,2.80
2010.07.12 11:39:34.092,0.90225,0.90265,4.80,4.10
2010.07.12 11:39:34.340,0.9022,0.90255,4.80,2.50
2010.07.12 11:39:34.679,0.9022,0.90255,1.00,2.50
2010.07.12 11:39:35.297,0.90215,0.9025,2.40,1.00
2010.07.12 11:39:35.399,0.90215,0.90245,1.00,1.60
2010.07.12 11:39:35.498,0.90215,0.90245,2.40,1.60
2010.07.12 11:39:35.598,0.90215,0.90255,4.00,2.50
2010.07.12 11:39:51.944,0.9022,0.9026,4.00,5.20
2010.07.12 11:39:54.735,0.9022,0.9026,4.80,4.40
2010.07.12 11:39:57.428,0.9022,0.90255,1.00,2.00
2010.07.12 11:40:02.632,0.9022,0.90255,2.40,1.00
2010.07.12 11:40:02.814,0.9022,0.9026,4.80,2.80
2010.07.12 11:40:06.768,0.90225,0.9026,1.60,2.80
2010.07.12 11:40:06.948,0.90225,0.9026,1.60,2.40
2010.07.12 11:40:07.127,0.90225,0.90265,1.60,2.80
2010.07.12 11:40:07.678,0.90225,0.90265,2.40,2.00
2010.07.12 11:40:13.098,0.9023,0.90265,1.00,2.00
2010.07.12 11:40:18.529,0.9023,0.90265,1.00,1.60
2010.07.12 11:40:18.821,0.9023,0.90265,1.00,2.00
2010.07.12 11:40:33.498,0.9023,0.90265,2.40,1.00
2010.07.12 11:40:33.998,0.9023,0.9027,4.80,4.40
2010.07.12 11:40:39.488,0.9023,0.9027,4.80,6.00
2010.07.12 11:40:39.699,0.9023,0.90265,1.00,2.00
2010.07.12 11:40:51.339,0.9023,0.90265,2.40,2.00
2010.07.12 11:40:51.662,0.9023,0.9027,5.60,2.80
2010.07.12 11:40:52.004,0.9023,0.9027,6.40,3.30
2010.07.12 11:40:52.334,0.9023,0.90265,1.60,2.00
2010.07.12 11:40:52.632,0.9023,0.90265,5.60,1.00
2010.07.12 11:40:53.225,0.9023,0.9027,6.00,4.10
2010.07.12 11:40:56.097,0.9023,0.90265,5.60,1.00
2010.07.12 11:40:56.210,0.9023,0.90265,1.60,2.00
2010.07.12 11:40:56.318,0.9023,0.90265,4.00,2.00
2010.07.12 11:40:56.429,0.9023,0.9027,7.20,2.80
2010.07.12 11:40:56.940,0.9023,0.9027,1.00,2.80
2010.07.12 11:40:57.279,0.9023,0.9027,7.20,2.80
2010.07.12 11:40:58.219,0.9023,0.9027,5.60,2.80
2010.07.12 11:40:58.488,0.9023,0.9027,4.00,2.80
2010.07.12 11:40:59.060,0.90225,0.90265,1.00,1.60
2010.07.12 11:40:59.280,0.90225,0.9026,1.00,2.80
2010.07.12 11:41:06.238,0.90225,0.9026,1.00,2.40
2010.07.12 11:41:06.387,0.90225,0.9026,2.40,2.40
2010.07.12 11:41:06.398,0.90225,0.9026,4.00,2.40
2010.07.12 11:41:06.628,0.90225,0.9026,1.00,1.00
2010.07.12 11:41:07.084,0.90225,0.9026,1.00,2.80
2010.07.12 11:41:14.610,0.90225,0.90265,6.40,2.00
2010.07.12 11:41:15.010,0.9023,0.90265,4.80,1.60
2010.07.12 11:41:15.209,0.90225,0.90265,7.20,2.00
2010.07.12 11:41:15.408,0.90225,0.90265,6.40,2.00
2010.07.12 11:41:16.928,0.9023,0.9027,4.00,2.80
2010.07.12 11:41:17.139,0.9023,0.9027,6.40,2.80
2010.07.12 11:41:19.333,0.9023,0.9027,4.80,2.80
2010.07.12 11:41:19.470,0.9023,0.90265,2.40,1.00
2010.07.12 11:41:19.990,0.90215,0.90255,2.40,2.50
2010.07.12 11:41:20.330,0.9021,0.9025,5.60,3.30
2010.07.12 11:41:20.805,0.90215,0.90255,1.60,3.30
2010.07.12 11:41:22.718,0.9021,0.90255,4.00,6.50
2010.07.12 11:41:23.136,0.9021,0.9025,4.80,3.30
2010.07.12 11:41:24.099,0.90215,0.9025,3.20,3.30
2010.07.12 11:41:24.299,0.90215,0.90255,3.20,3.30
2010.07.12 11:41:25.587,0.90215,0.90255,3.20,2.50
2010.07.12 11:41:25.673,0.90215,0.90255,4.00,1.00
2010.07.12 11:41:25.749,0.9022,0.9026,2.40,4.10
2010.07.12 11:41:26.917,0.9022,0.9026,2.40,3.30
2010.07.12 11:41:27.511,0.90215,0.9025,3.20,4.40
2010.07.12 11:41:27.628,0.90225,0.9025,1.60,2.80
2010.07.12 11:41:27.752,0.90225,0.9026,1.60,6.00
2010.07.12 11:41:27.868,0.90225,0.9026,1.60,4.40
2010.07.12 11:41:28.025,0.90225,0.9026,1.60,2.80
2010.07.12 11:41:28.448,0.90225,0.90265,1.60,3.30
2010.07.12 11:41:28.792,0.90225,0.9026,1.60,3.30
2010.07.12 11:41:29.131,0.90225,0.90265,4.80,1.70
2010.07.12 11:41:29.472,0.9022,0.9026,5.60,3.30
2010.07.12 11:41:29.809,0.9022,0.9026,4.80,3.30
2010.07.12 11:41:30.730,0.9022,0.9025,1.00,3.30
2010.07.12 11:41:30.970,0.90225,0.9025,1.60,2.40
2010.07.12 11:41:31.211,0.90225,0.9026,1.60,8.10
2010.07.12 11:41:31.448,0.90225,0.9026,1.60,4.90
2010.07.12 11:41:32.291,0.90225,0.9026,1.60,2.40
2010.07.12 11:41:32.591,0.9022,0.9026,2.40,3.30
2010.07.12 11:41:35.607,0.9022,0.9026,2.40,4.10
2010.07.12 11:41:39.088,0.90225,0.9026,1.60,4.10
2010.07.12 11:41:39.408,0.90225,0.90265,1.60,1.70
2010.07.12 11:41:46.370,0.90225,0.9026,1.60,4.40
2010.07.12 11:41:52.217,0.90225,0.90265,2.80,2.80
2010.07.12 11:41:52.644,0.90225,0.90265,2.80,2.80
2010.07.12 11:41:52.869,0.90235,0.9027,1.60,9.20
2010.07.12 11:41:53.509,0.9023,0.90265,3.60,1.60
2010.07.12 11:41:53.850,0.90235,0.90265,1.00,1.60
2010.07.12 11:41:54.218,0.9024,0.90275,1.60,5.20
2010.07.12 11:41:54.562,0.90225,0.9026,2.40,4.90
2010.07.12 11:41:55.240,0.90225,0.9025,1.00,1.60
2010.07.12 11:41:55.581,0.90225,0.9026,1.60,4.90
2010.07.12 11:41:55.920,0.9022,0.9025,1.00,1.60
2010.07.12 11:41:56.180,0.90225,0.9026,2.40,4.90
2010.07.12 11:41:57.220,0.90225,0.9026,2.40,2.50
2010.07.12 11:41:57.429,0.90225,0.90265,3.60,1.00
2010.07.12 11:41:57.638,0.9023,0.90265,1.00,1.00
2010.07.12 11:42:01.551,0.90225,0.9026,2.40,4.90
2010.07.12 11:42:02.179,0.90225,0.90265,2.80,4.10
2010.07.12 11:42:02.504,0.90235,0.90265,1.60,1.00
2010.07.12 11:42:02.822,0.9023,0.90275,4.10,4.10
2010.07.12 11:42:07.819,0.9023,0.90265,3.20,1.00
2010.07.12 11:42:09.869,0.9023,0.9026,1.00,1.60
2010.07.12 11:42:10.168,0.90225,0.9026,2.40,2.50
2010.07.12 11:42:15.241,0.90225,0.9026,3.30,1.60
2010.07.12 11:42:15.389,0.9023,0.90265,2.40,1.00
2010.07.12 11:42:16.888,0.9023,0.90265,3.20,1.00
2010.07.12 11:42:17.630,0.9023,0.90265,2.40,1.00
2010.07.12 11:42:18.460,0.9023,0.9026,2.40,2.50
2010.07.12 11:42:18.997,0.90225,0.9026,2.40,2.50
2010.07.12 11:42:19.343,0.9023,0.90265,2.40,1.00
2010.07.12 11:42:28.892,0.90235,0.9027,2.50,3.30
2010.07.12 11:42:29.445,0.90235,0.9027,2.50,2.50
2010.07.12 11:42:30.640,0.9023,0.9026,1.00,1.00
2010.07.12 11:42:30.980,0.90225,0.9026,2.40,2.50
2010.07.12 11:42:31.555,0.90225,0.9026,1.60,2.50
2010.07.12 11:42:33.525,0.9023,0.90265,2.40,1.00
2010.07.12 11:42:37.720,0.90225,0.9026,2.40,2.50
2010.07.12 11:42:44.110,0.90215,0.9025,2.40,2.50
2010.07.12 11:42:44.309,0.90215,0.9025,1.60,2.50
2010.07.12 11:42:45.918,0.90215,0.9025,2.40,2.50
2010.07.12 11:42:46.354,0.9022,0.90255,2.40,1.00
2010.07.12 11:42:50.379,0.9022,0.90255,3.20,1.00
2010.07.12 11:42:51.551,0.9022,0.9025,1.00,2.50
2010.07.12 11:42:52.111,0.9022,0.90255,2.40,1.00
2010.07.12 11:42:52.430,0.9022,0.90255,3.20,1.00
2010.07.12 11:42:52.752,0.9023,0.90255,1.60,1.00
2010.07.12 11:42:53.074,0.9023,0.9027,4.90,7.30
2010.07.12 11:42:53.393,0.90225,0.90255,1.60,1.00
2010.07.12 11:42:53.651,0.90225,0.90265,2.00,2.50
2010.07.12 11:42:54.201,0.9022,0.9026,4.10,3.30
2010.07.12 11:42:56.009,0.90225,0.9026,1.60,3.30
2010.07.12 11:42:56.179,0.90225,0.90265,2.00,1.70
2010.07.12 11:43:04.919,0.9023,0.90265,1.60,1.70
2010.07.12 11:43:05.238,0.9023,0.90265,4.00,1.70
2010.07.12 11:43:05.501,0.90225,0.9026,1.60,4.90
2010.07.12 11:43:05.769,0.90225,0.90265,2.00,1.00
2010.07.12 11:43:07.430,0.9022,0.9026,4.10,3.30
2010.07.12 11:43:08.881,0.9023,0.90265,4.90,1.00
2010.07.12 11:43:09.199,0.90225,0.90255,1.00,1.00
2010.07.12 11:43:09.519,0.9022,0.9026,4.10,3.30
2010.07.12 11:43:10.939,0.9022,0.9026,3.60,3.30
2010.07.12 11:43:11.230,0.90225,0.90265,2.50,1.70
2010.07.12 11:43:11.834,0.9024,0.90275,1.60,3.30
2010.07.12 11:43:13.958,0.9024,0.9027,1.60,1.00
2010.07.12 11:43:14.199,0.90235,0.9027,1.60,4.90
2010.07.12 11:43:14.798,0.90235,0.9027,2.50,4.00
2010.07.12 11:43:15.197,0.90245,0.90275,1.60,1.70
2010.07.12 11:43:17.363,0.90235,0.90275,3.60,1.70
2010.07.12 11:43:17.700,0.90235,0.90275,2.00,1.70
2010.07.12 11:43:20.718,0.9024,0.9028,4.90,8.90
2010.07.12 11:43:21.058,0.9024,0.9028,4.90,4.90
2010.07.12 11:43:24.271,0.90245,0.90285,2.50,2.50
2010.07.12 11:43:24.469,0.90245,0.90285,2.50,6.50
2010.07.12 11:43:27.208,0.9025,0.90285,4.40,5.60
2010.07.12 11:43:27.449,0.90245,0.90285,2.50,4.90
2010.07.12 11:43:27.708,0.90245,0.90285,2.50,6.50
2010.07.12 11:43:32.356,0.90245,0.90285,2.50,4.90
2010.07.12 11:43:32.588,0.90245,0.90285,2.50,3.30
2010.07.12 11:43:34.578,0.90245,0.9028,2.50,2.40
2010.07.12 11:43:34.788,0.90245,0.9028,1.00,4.00
2010.07.12 11:43:35.196,0.9024,0.9028,5.70,4.90
2010.07.12 11:43:43.041,0.90235,0.90275,2.80,1.00
2010.07.12 11:43:43.290,0.90235,0.9027,1.00,3.30
2010.07.12 11:43:43.540,0.90235,0.90275,2.80,1.00
2010.07.12 11:43:45.071,0.9024,0.9028,4.40,7.30
2010.07.12 11:43:45.229,0.9024,0.9028,4.40,5.70
2010.07.12 11:43:48.720,0.90245,0.9028,1.60,1.00
2010.07.12 11:43:49.022,0.90245,0.90285,2.50,3.30
2010.07.12 11:43:51.489,0.9026,0.90285,1.60,1.00
2010.07.12 11:43:51.731,0.9026,0.9029,1.60,3.20
2010.07.12 11:43:51.979,0.9025,0.9029,4.90,5.70
2010.07.12 11:43:52.219,0.9025,0.9029,4.90,7.30
2010.07.12 11:43:52.626,0.9025,0.9029,4.90,8.90
2010.07.12 11:43:53.070,0.90245,0.90285,3.30,2.50
2010.07.12 11:43:53.291,0.9025,0.90285,3.30,2.40
2010.07.12 11:43:53.511,0.90255,0.90285,1.60,1.00
2010.07.12 11:43:53.730,0.90245,0.90285,2.50,2.80
2010.07.12 11:43:56.019,0.9025,0.90285,1.60,1.20
2010.07.12 11:43:56.449,0.90255,0.90285,1.60,1.00
2010.07.12 11:43:58.889,0.90255,0.90285,1.60,1.70
2010.07.12 11:43:59.079,0.90245,0.90285,3.30,3.30
2010.07.12 11:43:59.280,0.90245,0.90285,2.50,3.30
2010.07.12 11:44:01.132,0.90245,0.9028,2.50,1.60
2010.07.12 11:44:02.747,0.9025,0.90285,1.60,3.30
2010.07.12 11:44:03.149,0.90245,0.9028,2.50,1.60
2010.07.12 11:44:04.080,0.90255,0.90285,1.00,2.40
2010.07.12 11:44:04.560,0.90255,0.90285,1.00,4.80
2010.07.12 11:44:04.864,0.90245,0.9028,1.60,8.10
2010.07.12 11:44:05.449,0.90245,0.9028,1.60,4.10
2010.07.12 11:44:05.933,0.90245,0.90285,2.50,8.90
2010.07.12 11:44:06.118,0.90245,0.90285,2.50,6.50
2010.07.12 11:44:11.949,0.9024,0.9028,6.50,2.50
2010.07.12 11:44:12.288,0.9024,0.9028,5.70,4.90
2010.07.12 11:44:12.629,0.90245,0.9028,1.00,1.60
2010.07.12 11:44:12.977,0.90245,0.90285,2.50,7.30
2010.07.12 11:44:13.318,0.90245,0.90285,2.50,6.50
2010.07.12 11:44:16.776,0.90245,0.9028,2.50,1.60
2010.07.12 11:44:17.023,0.90245,0.9028,1.60,8.10
2010.07.12 11:44:18.199,0.9024,0.9028,2.40,8.10
2010.07.12 11:44:18.539,0.9024,0.9028,5.70,5.70
2010.07.12 11:44:18.878,0.9024,0.9028,5.70,4.90
2010.07.12 11:44:31.096,0.9024,0.9028,5.70,2.50
2010.07.12 11:44:31.272,0.90245,0.90285,2.50,3.30
2010.07.12 11:44:32.200,0.90245,0.90285,2.50,2.50
2010.07.12 11:44:34.519,0.90245,0.9028,1.00,1.60
2010.07.12 11:44:34.718,0.9024,0.9028,7.30,4.90
2010.07.12 11:44:35.059,0.9024,0.9028,4.90,4.90
2010.07.12 11:44:45.790,0.9024,0.90275,2.40,2.50
2010.07.12 11:44:46.009,0.90235,0.90275,2.50,2.50
2010.07.12 11:44:47.697,0.9023,0.9027,4.90,4.40
2010.07.12 11:44:48.418,0.90235,0.9027,1.60,4.40
2010.07.12 11:44:54.453,0.90235,0.9027,1.60,5.20
2010.07.12 11:44:56.029,0.90245,0.9027,1.60,1.00
2010.07.12 11:44:56.503,0.90245,0.90275,1.60,1.70
2010.07.12 11:44:57.310,0.9023,0.90265,2.40,1.00
2010.07.12 11:44:57.836,0.9024,0.9027,1.60,1.00
2010.07.12 11:44:58.172,0.9023,0.9027,4.90,5.70
2010.07.12 11:45:02.740,0.9023,0.90265,1.60,1.00
2010.07.12 11:45:04.412,0.9023,0.90265,4.90,1.60
2010.07.12 11:45:04.521,0.9023,0.9027,4.90,8.90
2010.07.12 11:45:08.878,0.9023,0.90265,3.30,1.60
2010.07.12 11:45:08.999,0.90225,0.90265,4.10,4.10
2010.07.12 11:45:09.118,0.90225,0.90265,3.30,4.10
2010.07.12 11:45:10.919,0.9023,0.90265,1.60,1.00
2010.07.12 11:45:11.430,0.9023,0.9027,4.40,5.70
2010.07.12 11:45:12.386,0.90235,0.9027,1.00,1.00
2010.07.12 11:45:12.733,0.9023,0.9027,5.20,4.90
2010.07.12 11:45:13.070,0.9023,0.9027,4.40,4.90
2010.07.12 11:45:14.270,0.9023,0.90265,2.40,2.50
2010.07.12 11:45:14.656,0.90225,0.90265,5.70,2.50
2010.07.12 11:45:14.721,0.90225,0.90265,2.50,4.10
2010.07.12 11:45:18.808,0.90225,0.90265,2.50,4.90
2010.07.12 11:45:19.177,0.90225,0.90255,1.60,1.00
2010.07.12 11:45:19.284,0.90215,0.90255,2.50,4.90
2010.07.12 11:45:19.381,0.90215,0.90255,1.00,6.50
2010.07.12 11:45:19.481,0.9021,0.90255,5.30,5.60
2010.07.12 11:45:19.871,0.9021,0.9025,4.50,4.00
2010.07.12 11:45:20.209,0.9021,0.9025,3.30,5.70
2010.07.12 11:45:21.701,0.90205,0.90245,4.10,2.00
2010.07.12 11:45:21.928,0.90205,0.90245,3.30,2.00
2010.07.12 11:45:30.458,0.90205,0.90245,6.50,2.00
2010.07.12 11:45:30.798,0.9021,0.90245,1.60,2.00
2010.07.12 11:45:31.670,0.90205,0.90245,6.50,3.60
2010.07.12 11:45:40.311,0.902,0.90235,8.90,1.60
2010.07.12 11:45:42.370,0.902,0.9023,7.30,1.60
2010.07.12 11:45:42.650,0.902,0.9023,2.40,2.50
2010.07.12 11:45:43.232,0.902,0.90235,5.60,1.00
2010.07.12 11:45:43.521,0.902,0.9024,1.00,6.50
2010.07.12 11:45:43.769,0.90195,0.90235,6.50,1.00
2010.07.12 11:45:44.642,0.90195,0.90235,4.00,3.60
2010.07.12 11:45:45.249,0.9019,0.9023,2.40,7.60
2010.07.12 11:45:47.110,0.9019,0.90225,1.60,1.60
2010.07.12 11:45:47.425,0.90175,0.90215,5.20,7.30
2010.07.12 11:45:47.736,0.90175,0.9021,4.10,4.00
2010.07.12 11:45:48.043,0.90175,0.9021,3.30,3.20
2010.07.12 11:45:48.364,0.90175,0.9021,6.50,1.60
2010.07.12 11:45:48.701,0.9018,0.90215,2.40,3.20
2010.07.12 11:45:49.528,0.90175,0.90215,6.50,3.20
2010.07.12 11:45:49.658,0.90175,0.9021,6.50,1.60
2010.07.12 11:45:50.648,0.90175,0.90215,6.50,5.20
2010.07.12 11:45:52.074,0.90175,0.9021,6.50,1.60
2010.07.12 11:45:52.408,0.90175,0.9021,4.00,2.00
2010.07.12 11:45:52.748,0.90175,0.9021,3.20,4.40
2010.07.12 11:45:53.779,0.9017,0.9021,6.50,7.60
2010.07.12 11:45:54.120,0.9017,0.90205,3.30,3.20
2010.07.12 11:45:54.462,0.90165,0.902,1.60,4.40
2010.07.12 11:45:54.815,0.9016,0.902,4.90,7.60
2010.07.12 11:45:55.063,0.9017,0.902,1.00,3.20
2010.07.12 11:45:55.303,0.9017,0.90205,1.00,4.10
2010.07.12 11:45:55.880,0.9017,0.90205,1.00,2.50
2010.07.12 11:45:56.971,0.90175,0.902,2.50,2.40
2010.07.12 11:45:57.398,0.9018,0.90205,4.00,1.00
2010.07.12 11:45:57.694,0.9018,0.90215,1.00,2.50
2010.07.12 11:45:57.990,0.9018,0.90215,1.00,1.00
2010.07.12 11:45:58.638,0.9018,0.90215,3.30,1.00
2010.07.12 11:45:59.700,0.9018,0.90215,2.40,1.00
2010.07.12 11:46:00.177,0.90175,0.9021,1.00,2.40
2010.07.12 11:46:00.411,0.9017,0.9021,5.70,2.40
2010.07.12 11:46:00.880,0.9017,0.9021,4.10,4.90
2010.07.12 11:46:02.498,0.9017,0.9021,7.30,8.10
2010.07.12 11:46:02.738,0.90175,0.9021,1.60,6.50
2010.07.12 11:46:03.046,0.90175,0.9021,3.20,4.90
2010.07.12 11:46:03.289,0.9018,0.90215,3.30,3.20
2010.07.12 11:46:03.610,0.9018,0.9022,4.90,8.10
2010.07.12 11:46:03.928,0.9018,0.9022,5.70,8.10
2010.07.12 11:46:05.230,0.90175,0.90215,4.90,4.10
2010.07.12 11:46:05.938,0.90175,0.90205,2.40,3.20
2010.07.12 11:46:06.170,0.9018,0.90205,1.00,3.20
2010.07.12 11:46:06.511,0.9018,0.90205,2.80,3.20
2010.07.12 11:46:06.703,0.9017,0.90205,1.00,5.20
2010.07.12 11:46:08.589,0.9017,0.90205,7.30,1.60
2010.07.12 11:46:09.319,0.90175,0.9021,5.60,4.40
2010.07.12 11:46:09.559,0.9018,0.90215,5.60,1.00
2010.07.12 11:46:10.040,0.9018,0.9022,6.50,8.90
2010.07.12 11:46:21.543,0.9018,0.9022,6.90,7.30
2010.07.12 11:46:21.781,0.90185,0.9022,1.00,3.20
2010.07.12 11:46:23.109,0.9018,0.9022,1.60,3.20
2010.07.12 11:46:26.548,0.9018,0.9022,4.90,3.20
2010.07.12 11:46:26.709,0.9018,0.9022,6.50,1.60
2010.07.12 11:46:27.058,0.9018,0.9022,3.20,1.60
2010.07.12 11:46:27.399,0.9018,0.9022,1.60,3.20
2010.07.12 11:46:28.813,0.9018,0.9022,1.60,4.80
2010.07.12 11:46:29.072,0.90175,0.9021,4.10,1.00
2010.07.12 11:46:29.321,0.9016,0.90195,6.80,2.50
2010.07.12 11:46:29.581,0.90165,0.90195,1.00,2.50
2010.07.12 11:46:30.131,0.90165,0.902,1.70,4.00
2010.07.12 11:46:30.157,0.90165,0.902,1.70,1.60
2010.07.12 11:46:30.460,0.90165,0.902,1.70,4.40
2010.07.12 11:46:32.038,0.90165,0.902,1.70,2.00
2010.07.12 11:46:32.361,0.90165,0.902,1.70,1.60
2010.07.12 11:46:33.767,0.90165,0.902,1.70,2.00
2010.07.12 11:46:33.968,0.90165,0.902,1.70,4.40
2010.07.12 11:46:43.060,0.90165,0.90205,6.00,3.60
2010.07.12 11:46:43.319,0.9017,0.90205,2.80,3.20
2010.07.12 11:46:44.947,0.9017,0.90205,1.00,3.20
2010.07.12 11:46:45.291,0.90165,0.902,1.70,1.60
2010.07.12 11:46:46.249,0.90165,0.902,1.00,4.90
2010.07.12 11:46:47.239,0.9016,0.90195,4.90,1.00
2010.07.12 11:46:47.528,0.9016,0.90195,3.30,2.00
2010.07.12 11:46:50.328,0.90165,0.90195,1.00,1.60
2010.07.12 11:46:50.800,0.90165,0.902,1.00,4.90
2010.07.12 11:46:56.408,0.90165,0.902,1.00,4.00
2010.07.12 11:46:56.478,0.90165,0.902,2.00,4.00
2010.07.12 11:46:56.548,0.90165,0.90205,5.20,6.50
2010.07.12 11:46:56.939,0.9017,0.90205,2.80,3.20
2010.07.12 11:46:57.750,0.90165,0.902,3.30,1.60
2010.07.12 11:46:58.089,0.90165,0.902,1.70,4.90
2010.07.12 11:46:59.037,0.90165,0.902,1.00,4.90
2010.07.12 11:46:59.763,0.90165,0.902,1.00,7.30
2010.07.12 11:46:59.962,0.90155,0.9019,1.00,3.30
2010.07.12 11:47:00.161,0.90155,0.9019,1.00,4.90
2010.07.12 11:47:06.401,0.90145,0.90185,4.90,4.80
2010.07.12 11:47:06.643,0.9015,0.90185,2.40,4.10
2010.07.12 11:47:07.173,0.90145,0.90185,6.50,4.10
2010.07.12 11:47:07.412,0.9015,0.9018,1.00,2.40
2010.07.12 11:47:07.749,0.9014,0.9017,4.00,1.60
2010.07.12 11:47:08.345,0.90135,0.9017,6.50,4.00
2010.07.12 11:47:08.695,0.90145,0.90185,1.00,4.00
2010.07.12 11:47:08.981,0.90145,0.90185,1.00,2.40
2010.07.12 11:47:09.270,0.9014,0.90175,1.00,1.00
2010.07.12 11:47:10.132,0.90145,0.90185,1.70,1.60
2010.07.12 11:47:13.610,0.90145,0.90185,1.70,3.20
2010.07.12 11:47:13.891,0.90145,0.9018,1.70,1.60
2010.07.12 11:47:14.169,0.90145,0.90185,3.30,4.80
2010.07.12 11:47:14.439,0.90145,0.9018,1.70,1.60
2010.07.12 11:47:14.711,0.90145,0.90185,3.30,4.80
2010.07.12 11:47:15.249,0.90145,0.9018,1.70,1.60
2010.07.12 11:47:15.960,0.90145,0.90185,3.30,4.80
2010.07.12 11:47:16.168,0.90145,0.9018,1.70,1.60
2010.07.12 11:47:16.379,0.90145,0.90185,3.30,3.20
2010.07.12 11:47:16.798,0.90145,0.9018,1.70,1.60
2010.07.12 11:47:17.218,0.90145,0.90185,3.30,3.20
2010.07.12 11:47:17.429,0.90145,0.9018,1.70,1.60
2010.07.12 11:47:18.200,0.90145,0.90185,3.30,3.20
2010.07.12 11:47:18.409,0.90145,0.9018,1.70,1.60
2010.07.12 11:47:20.238,0.90145,0.90185,3.30,3.20
2010.07.12 11:47:20.549,0.90145,0.9018,1.70,1.60
2010.07.12 11:47:20.929,0.90145,0.90185,3.30,3.20
2010.07.12 11:47:21.437,0.90145,0.9018,1.70,1.60
2010.07.12 11:47:21.788,0.90155,0.90195,5.70,4.00
2010.07.12 11:47:22.011,0.90155,0.9019,5.70,1.60
2010.07.12 11:47:22.240,0.90155,0.9019,4.80,1.00
2010.07.12 11:47:22.598,0.9016,0.9019,1.60,3.30
2010.07.12 11:47:22.822,0.90155,0.9019,1.60,5.70
2010.07.12 11:47:29.539,0.90155,0.9019,3.60,4.80
2010.07.12 11:47:29.638,0.90155,0.9019,3.60,2.40
2010.07.12 11:47:30.051,0.9016,0.902,4.40,4.90
2010.07.12 11:47:30.358,0.9016,0.902,4.40,4.00
2010.07.12 11:47:37.937,0.9016,0.902,4.40,5.60
2010.07.12 11:47:38.280,0.9016,0.902,4.40,6.50
2010.07.12 11:47:39.166,0.9016,0.902,2.00,8.90
2010.07.12 11:47:39.757,0.9016,0.902,4.40,3.20
2010.07.12 11:47:40.070,0.9016,0.902,5.20,3.20
2010.07.12 11:47:42.208,0.9016,0.902,5.20,4.80
2010.07.12 11:47:42.908,0.9016,0.902,4.40,8.10
2010.07.12 11:47:43.179,0.9016,0.902,2.00,8.90
2010.07.12 11:47:43.450,0.90155,0.9019,1.60,4.90
2010.07.12 11:47:43.797,0.9015,0.9019,2.80,8.10
2010.07.12 11:47:44.140,0.9015,0.9019,2.00,8.10
2010.07.12 11:47:48.568,0.9015,0.9019,3.30,7.60
2010.07.12 11:47:51.249,0.90165,0.9019,1.60,1.60
2010.07.12 11:47:51.379,0.9016,0.9019,6.00,1.60
2010.07.12 11:47:51.511,0.90155,0.9019,3.20,4.90
2010.07.12 11:47:51.953,0.9015,0.9019,4.90,8.10
2010.07.12 11:47:52.302,0.9015,0.9019,3.30,7.60
2010.07.12 11:47:55.656,0.9015,0.9019,2.50,8.40
2010.07.12 11:47:56.209,0.90145,0.9018,4.80,1.60
2010.07.12 11:47:56.503,0.90145,0.9018,3.20,1.60
2010.07.12 11:48:01.222,0.9014,0.9018,7.30,4.80
2010.07.12 11:48:05.704,0.9014,0.9018,7.30,3.20
2010.07.12 11:48:08.168,0.9014,0.9017,7.30,1.60
2010.07.12 11:48:08.383,0.9014,0.90175,1.00,3.60
2010.07.12 11:48:08.601,0.9014,0.90175,3.30,1.00
2010.07.12 11:48:08.820,0.9014,0.90175,5.70,1.00
2010.07.12 11:48:09.272,0.9014,0.9018,5.70,3.20
2010.07.12 11:48:09.985,0.9015,0.90185,2.50,1.00
2010.07.12 11:48:10.380,0.90145,0.9018,3.30,3.20
2010.07.12 11:48:10.736,0.90145,0.90185,1.60,1.00
2010.07.12 11:48:11.393,0.9014,0.9018,5.70,2.80
2010.07.12 11:48:11.731,0.9014,0.9018,4.10,2.80
2010.07.12 11:48:12.411,0.9014,0.90165,1.00,2.00
2010.07.12 11:48:12.754,0.90135,0.9017,1.70,3.20
2010.07.12 11:48:13.093,0.9013,0.90165,1.00,2.00
2010.07.12 11:48:13.432,0.90135,0.90175,1.00,1.00
2010.07.12 11:48:14.109,0.90135,0.90175,1.70,1.00
2010.07.12 11:48:15.050,0.90135,0.9017,1.00,4.90
2010.07.12 11:48:15.452,0.9013,0.90165,4.10,1.60
2010.07.12 11:48:15.650,0.9013,0.90165,1.00,5.20
2010.07.12 11:48:21.788,0.9013,0.90165,1.20,5.20
2010.07.12 11:48:22.017,0.90135,0.90165,5.60,1.00
2010.07.12 11:48:22.709,0.9013,0.9017,4.10,4.40
2010.07.12 11:48:23.052,0.90135,0.9017,1.60,4.40
2010.07.12 11:48:25.361,0.9013,0.90165,2.40,2.00
2010.07.12 11:48:25.540,0.90135,0.90175,5.70,2.40
2010.07.12 11:48:26.154,0.9014,0.9018,1.60,3.30
2010.07.12 11:48:26.472,0.9014,0.90185,2.40,1.70
2010.07.12 11:48:27.857,0.90145,0.90185,1.60,3.30
2010.07.12 11:48:28.073,0.90145,0.9018,1.60,4.40
2010.07.12 11:48:28.281,0.9014,0.9018,4.00,4.40
2010.07.12 11:48:28.491,0.9014,0.9018,4.00,6.00
2010.07.12 11:48:31.223,0.9015,0.9019,1.60,9.70
2010.07.12 11:48:31.440,0.9015,0.9019,4.90,8.90
2010.07.12 11:48:40.919,0.90155,0.9019,1.60,4.90
2010.07.12 11:48:41.190,0.90155,0.9019,5.70,1.60
2010.07.12 11:48:41.461,0.90155,0.90195,1.00,4.90
2010.07.12 11:48:41.739,0.9015,0.9019,7.30,6.50
2010.07.12 11:48:42.320,0.9015,0.9019,8.90,4.90
2010.07.12 11:48:44.372,0.9015,0.9019,8.90,3.30
2010.07.12 11:48:44.543,0.9015,0.9019,8.90,4.90
2010.07.12 11:48:46.630,0.9015,0.9019,8.10,7.30
2010.07.12 11:48:49.370,0.9015,0.9019,8.10,5.70
2010.07.12 11:48:49.819,0.9015,0.9019,8.10,7.30
2010.07.12 11:48:50.358,0.9015,0.9019,8.10,5.70
2010.07.12 11:48:50.839,0.9015,0.9019,8.10,7.30
2010.07.12 11:48:53.620,0.9015,0.90185,4.90,3.20
2010.07.12 11:48:54.999,0.9015,0.90185,5.70,3.20
2010.07.12 11:48:55.159,0.9017,0.90185,1.00,3.20
2010.07.12 11:48:55.641,0.9016,0.9019,1.00,3.20
2010.07.12 11:48:55.816,0.90155,0.9019,1.70,4.00
2010.07.12 11:48:56.122,0.9015,0.90195,7.30,1.70
2010.07.12 11:48:56.754,0.9015,0.90185,2.50,1.60
2010.07.12 11:48:57.742,0.90155,0.90195,1.00,2.80
2010.07.12 11:49:00.857,0.90155,0.90195,2.50,6.00
2010.07.12 11:49:04.081,0.90155,0.90195,2.80,3.20
2010.07.12 11:49:04.679,0.90155,0.90195,2.80,3.60
2010.07.12 11:49:04.830,0.90155,0.90185,2.80,1.60
2010.07.12 11:49:05.297,0.9015,0.9019,8.40,3.20
2010.07.12 11:49:05.450,0.9015,0.90185,6.00,1.60
2010.07.12 11:49:05.609,0.9015,0.90185,3.60,1.60
2010.07.12 11:49:08.801,0.9015,0.9019,6.00,4.90
2010.07.12 11:49:09.067,0.90155,0.9019,1.00,2.40
2010.07.12 11:49:09.412,0.90155,0.9019,1.00,2.40
2010.07.12 11:49:10.091,0.90155,0.9019,1.00,4.00
2010.07.12 11:49:11.439,0.90155,0.9019,1.00,3.20
2010.07.12 11:49:14.036,0.90155,0.90195,1.00,1.00
2010.07.12 11:49:40.225,0.9015,0.90185,2.80,1.60
2010.07.12 11:49:40.409,0.9015,0.90195,5.20,3.30
2010.07.12 11:49:40.790,0.9016,0.90195,2.80,2.40
2010.07.12 11:49:41.148,0.9016,0.90195,4.40,2.40
2010.07.12 11:49:41.340,0.9016,0.90195,4.40,1.60
2010.07.12 11:49:43.630,0.9016,0.90195,4.00,1.60
2010.07.12 11:49:43.870,0.90155,0.902,1.00,4.90
2010.07.12 11:49:44.110,0.9015,0.90195,6.50,1.00
2010.07.12 11:49:44.819,0.9015,0.9019,3.30,2.40
2010.07.12 11:49:45.159,0.9015,0.9019,3.30,5.70
2010.07.12 11:49:45.500,0.9015,0.9019,5.70,2.40
2010.07.12 11:49:45.718,0.9015,0.90195,5.70,2.00
2010.07.12 11:49:46.571,0.9015,0.9019,5.70,4.90
2010.07.12 11:49:46.858,0.9015,0.90185,1.00,2.50
2010.07.12 11:49:49.618,0.9015,0.9018,1.00,2.50
2010.07.12 11:49:50.170,0.90145,0.90185,5.70,5.70
2010.07.12 11:49:51.272,0.90145,0.90185,5.70,4.10
2010.07.12 11:49:52.040,0.9015,0.90185,1.60,4.10
2010.07.12 11:49:52.369,0.9016,0.90185,1.60,4.10
2010.07.12 11:49:52.699,0.9016,0.90185,1.60,3.20
2010.07.12 11:49:53.047,0.90155,0.90185,1.60,3.20
2010.07.12 11:49:53.311,0.90155,0.90195,3.20,6.50
2010.07.12 11:49:53.579,0.9016,0.9019,1.60,1.00
2010.07.12 11:49:54.402,0.9016,0.90195,1.60,1.70
2010.07.12 11:49:54.693,0.9016,0.90195,1.60,3.30
2010.07.12 11:50:00.389,0.9016,0.9019,1.60,1.00
2010.07.12 11:50:00.469,0.90155,0.90185,3.20,1.00
2010.07.12 11:50:00.785,0.90155,0.90185,1.60,1.00
2010.07.12 11:50:00.877,0.90155,0.90185,1.60,2.50
2010.07.12 11:50:02.304,0.90155,0.90185,1.60,1.00
2010.07.12 11:50:02.566,0.9016,0.9019,1.60,1.00
2010.07.12 11:50:03.850,0.90155,0.90185,1.00,1.60
2010.07.12 11:50:04.370,0.90145,0.9018,2.00,3.30
2010.07.12 11:50:04.570,0.90145,0.90175,1.00,1.60
2010.07.12 11:50:04.769,0.90145,0.90175,1.00,3.20
2010.07.12 11:50:06.234,0.90145,0.90175,1.00,1.60
2010.07.12 11:50:06.310,0.90145,0.90175,1.00,3.20
2010.07.12 11:50:06.389,0.90145,0.9017,1.00,1.60
2010.07.12 11:50:06.469,0.90145,0.9017,1.00,3.20
2010.07.12 11:50:06.549,0.9014,0.9017,1.20,3.20
2010.07.12 11:50:07.242,0.9014,0.9017,1.00,6.50
2010.07.12 11:50:07.581,0.90135,0.9017,1.20,3.20
2010.07.12 11:50:08.629,0.90135,0.90175,4.40,3.20
2010.07.12 11:50:08.972,0.90135,0.9017,1.20,4.90
2010.07.12 11:50:11.170,0.90135,0.9017,1.20,3.30
2010.07.12 11:50:12.451,0.90145,0.9018,1.00,3.30
2010.07.12 11:50:14.151,0.90145,0.9018,1.00,4.90
2010.07.12 11:50:15.379,0.90145,0.9018,1.00,3.30
2010.07.12 11:50:16.731,0.90145,0.9018,1.00,4.90
2010.07.12 11:50:17.290,0.90145,0.9018,1.00,3.30
2010.07.12 11:50:17.859,0.90145,0.9018,1.00,4.90
2010.07.12 11:50:18.832,0.90145,0.90185,1.00,4.80
2010.07.12 11:50:19.128,0.90155,0.9019,1.00,4.00
2010.07.12 11:50:19.423,0.90145,0.90185,5.70,3.20
2010.07.12 11:50:19.770,0.9015,0.90185,1.60,3.20
2010.07.12 11:50:20.178,0.90145,0.9018,2.00,4.90
2010.07.12 11:50:20.502,0.90145,0.9018,1.00,4.90
2010.07.12 11:50:21.823,0.90145,0.90185,2.00,4.00
2010.07.12 11:50:23.571,0.90145,0.9018,2.00,3.30
2010.07.12 11:50:23.910,0.90145,0.9018,1.00,4.90
2010.07.12 11:50:24.250,0.90145,0.9018,1.00,2.50
2010.07.12 11:50:24.744,0.90145,0.90185,1.00,4.00
2010.07.12 11:50:25.929,0.9015,0.90185,1.00,6.50
2010.07.12 11:50:26.638,0.9015,0.9018,2.00,2.40
2010.07.12 11:50:26.894,0.90135,0.9017,1.20,4.90
2010.07.12 11:50:27.141,0.90135,0.9017,1.00,4.90
2010.07.12 11:50:27.479,0.90135,0.9017,1.00,3.30
2010.07.12 11:50:31.065,0.90135,0.90175,4.90,3.20
2010.07.12 11:50:32.979,0.9014,0.90175,3.30,3.20
2010.07.12 11:50:33.150,0.9014,0.9018,6.50,6.50
2010.07.12 11:50:34.025,0.9014,0.90175,2.50,1.60
2010.07.12 11:50:34.478,0.9014,0.90175,3.30,3.20
2010.07.12 11:50:34.824,0.90135,0.90175,4.90,4.10
2010.07.12 11:50:43.229,0.90135,0.90175,6.50,4.10
2010.07.12 11:50:43.702,0.9014,0.90175,2.80,3.20
2010.07.12 11:50:44.042,0.9014,0.9018,4.40,8.90
2010.07.12 11:50:52.540,0.9014,0.9017,1.00,1.60
2010.07.12 11:50:52.764,0.9014,0.9017,1.60,2.80
2010.07.12 11:50:53.350,0.9013,0.9017,2.80,7.30
2010.07.12 11:50:53.572,0.9013,0.9017,2.80,4.10
2010.07.12 11:50:54.939,0.9013,0.9017,2.40,4.10
2010.07.12 11:50:55.230,0.90125,0.9017,1.00,4.10
2010.07.12 11:50:55.494,0.90135,0.9017,2.00,1.00
2010.07.12 11:50:58.999,0.90135,0.9017,2.00,2.40
2010.07.12 11:51:01.321,0.90135,0.9017,1.60,6.50
2010.07.12 11:51:01.629,0.90135,0.9017,2.50,1.60
2010.07.12 11:51:04.790,0.90135,0.9017,2.50,3.20
2010.07.12 11:51:05.187,0.90135,0.9017,4.10,2.40
2010.07.12 11:51:05.406,0.9014,0.90175,4.00,1.60
2010.07.12 11:51:05.629,0.90135,0.90175,4.40,1.60
2010.07.12 11:51:06.541,0.90135,0.90175,4.40,4.10
2010.07.12 11:51:06.881,0.90135,0.90175,4.40,3.20
2010.07.12 11:51:07.171,0.90135,0.90175,4.40,4.10
2010.07.12 11:51:07.461,0.90135,0.90175,4.40,5.70
2010.07.12 11:51:10.318,0.90135,0.90175,4.40,4.80
2010.07.12 11:51:10.429,0.90135,0.90175,4.40,1.60
2010.07.12 11:51:10.571,0.90135,0.9018,4.40,6.40
2010.07.12 11:51:10.799,0.90135,0.90175,4.40,1.60
2010.07.12 11:51:10.908,0.90135,0.9018,4.40,6.40
2010.07.12 11:51:11.020,0.90135,0.90175,4.40,1.60
2010.07.12 11:51:11.238,0.90135,0.9018,4.40,6.40
2010.07.12 11:51:12.359,0.90135,0.90175,4.40,1.60
2010.07.12 11:51:12.660,0.90145,0.9018,1.00,4.80
2010.07.12 11:51:12.838,0.90145,0.9018,1.00,2.40
2010.07.12 11:51:13.037,0.90145,0.9018,1.00,1.60
2010.07.12 11:51:14.300,0.9015,0.90185,5.20,1.00
2010.07.12 11:51:14.639,0.9015,0.90185,7.60,1.00
2010.07.12 11:51:14.848,0.9015,0.90185,5.20,1.00
2010.07.12 11:51:15.059,0.9015,0.90185,1.60,4.90
2010.07.12 11:51:15.513,0.90145,0.90185,3.60,6.50
2010.07.12 11:51:15.750,0.90145,0.9018,1.00,3.20
2010.07.12 11:51:16.722,0.90155,0.90185,2.00,1.60
2010.07.12 11:51:17.738,0.90155,0.9019,2.00,4.00
2010.07.12 11:51:19.836,0.90155,0.9019,2.00,6.40
2010.07.12 11:51:20.184,0.90145,0.90185,3.60,5.70
2010.07.12 11:51:20.520,0.90145,0.9018,1.00,3.20
2010.07.12 11:51:21.352,0.90145,0.90185,3.60,6.50
2010.07.12 11:51:21.664,0.9014,0.90175,5.60,2.50
2010.07.12 11:51:21.973,0.90135,0.90175,4.40,5.70
2010.07.12 11:51:22.552,0.90135,0.90175,4.40,6.50
2010.07.12 11:51:22.891,0.90135,0.9017,1.00,1.60
2010.07.12 11:51:25.789,0.9014,0.9017,1.60,1.60
2010.07.12 11:51:26.090,0.9014,0.9017,2.00,1.60
2010.07.12 11:51:26.255,0.90145,0.90175,1.00,1.60
2010.07.12 11:51:26.421,0.9014,0.9018,7.30,6.50
2010.07.12 11:51:26.985,0.9014,0.90175,3.20,2.00
2010.07.12 11:51:27.284,0.9014,0.90175,1.00,2.00
2010.07.12 11:51:27.619,0.90135,0.90175,6.50,2.00
2010.07.12 11:51:27.961,0.9014,0.9017,1.60,4.90
2010.07.12 11:51:28.304,0.90145,0.9018,2.50,9.20
2010.07.12 11:51:28.644,0.9015,0.90185,1.00,3.60
2010.07.12 11:51:29.139,0.9015,0.90185,2.50,1.00
2010.07.12 11:51:30.340,0.90145,0.90185,3.20,4.10
2010.07.12 11:51:32.089,0.90145,0.90185,3.20,4.90
2010.07.12 11:51:41.643,0.9015,0.90185,1.00,4.10
2010.07.12 11:51:46.519,0.9015,0.90185,1.00,2.50
2010.07.12 11:51:46.622,0.9015,0.90185,2.50,2.50
2010.07.12 11:51:46.720,0.9015,0.90185,1.00,4.10
2010.07.12 11:51:47.268,0.9015,0.90185,1.00,2.50
2010.07.12 11:51:47.631,0.9015,0.90185,2.50,1.00
2010.07.12 11:51:47.821,0.9015,0.90185,1.60,2.50
2010.07.12 11:51:48.050,0.9015,0.90185,2.50,1.00
2010.07.12 11:51:52.269,0.9015,0.9018,2.50,1.60
2010.07.12 11:51:52.420,0.90145,0.9018,4.10,2.50
2010.07.12 11:51:52.580,0.90145,0.9018,2.50,8.10
2010.07.12 11:51:52.861,0.9014,0.90175,3.30,1.00
2010.07.12 11:51:53.550,0.9014,0.90175,2.50,1.00
2010.07.12 11:51:54.264,0.9014,0.9017,2.50,2.40
2010.07.12 11:51:54.492,0.90135,0.9017,4.90,1.60
2010.07.12 11:51:54.920,0.90135,0.9017,3.30,3.20
2010.07.12 11:51:55.169,0.90135,0.90175,6.50,2.50
2010.07.12 11:51:57.050,0.9014,0.90175,2.40,1.60
2010.07.12 11:51:57.389,0.9014,0.9018,4.00,3.20
2010.07.12 11:52:05.009,0.9014,0.9018,4.00,4.80
2010.07.12 11:52:05.160,0.9014,0.9018,4.90,4.10
2010.07.12 11:52:05.310,0.9014,0.9018,4.90,7.30
2010.07.12 11:52:05.638,0.9014,0.9018,4.90,6.50
2010.07.12 11:52:05.794,0.9014,0.90175,4.90,1.60
2010.07.12 11:52:05.939,0.9014,0.90175,4.10,1.60
2010.07.12 11:52:06.280,0.9014,0.9018,5.70,3.20
2010.07.12 11:52:06.963,0.9014,0.9018,7.30,6.50
2010.07.12 11:52:07.250,0.9014,0.9018,7.30,3.30
2010.07.12 11:52:07.813,0.9014,0.90175,2.40,1.00
2010.07.12 11:52:10.229,0.9014,0.9018,2.40,5.60
2010.07.12 11:52:10.339,0.9014,0.9018,4.80,3.20
2010.07.12 11:52:18.349,0.90145,0.9018,1.00,3.20
2010.07.12 11:52:22.095,0.9014,0.9018,6.40,1.60
2010.07.12 11:52:22.313,0.9014,0.90175,1.00,1.60
2010.07.12 11:52:23.751,0.90135,0.90175,1.00,3.60
2010.07.12 11:52:24.089,0.9013,0.90175,6.80,3.60
2010.07.12 11:52:24.338,0.9013,0.90175,6.80,4.40
2010.07.12 11:52:28.699,0.90135,0.90175,1.60,4.40
2010.07.12 11:52:29.819,0.9013,0.90175,6.80,4.40
2010.07.12 11:52:33.948,0.90135,0.90175,1.60,4.40
2010.07.12 11:52:34.349,0.9014,0.90175,1.00,4.40
2010.07.12 11:52:34.501,0.9014,0.90175,2.00,1.00
2010.07.12 11:52:52.972,0.9014,0.9017,2.00,1.60
2010.07.12 11:52:53.227,0.90135,0.9017,1.00,3.20
2010.07.12 11:52:54.982,0.90135,0.90175,1.00,3.60
2010.07.12 11:52:57.084,0.90135,0.9017,1.00,3.20
2010.07.12 11:52:58.169,0.90135,0.90175,1.00,3.60
2010.07.12 11:53:06.191,0.90135,0.9017,1.00,3.20
2010.07.12 11:53:12.231,0.90135,0.9017,3.30,3.20
2010.07.12 11:53:12.570,0.90135,0.90175,6.50,2.50
2010.07.12 11:53:14.131,0.9014,0.90175,1.60,2.50
2010.07.12 11:53:14.751,0.9014,0.90175,5.20,1.60
2010.07.12 11:53:15.093,0.90145,0.9018,1.00,1.60
2010.07.12 11:53:15.431,0.90145,0.90185,2.00,6.50
2010.07.12 11:53:16.879,0.90145,0.90185,3.60,6.50
2010.07.12 11:53:19.999,0.90145,0.9018,1.00,1.60
2010.07.12 11:53:20.345,0.90145,0.90185,3.60,6.50
2010.07.12 11:53:20.962,0.90145,0.90185,3.60,4.00
2010.07.12 11:53:21.379,0.90145,0.90185,4.10,4.10
2010.07.12 11:53:26.931,0.90145,0.90185,5.70,2.50
2010.07.12 11:53:35.362,0.90145,0.90185,4.10,4.10
2010.07.12 11:53:39.752,0.90145,0.90185,5.70,2.50
2010.07.12 11:53:44.599,0.90145,0.90185,4.10,4.10
2010.07.12 11:53:45.070,0.90145,0.9018,4.10,1.60
2010.07.12 11:53:45.476,0.90145,0.9018,1.60,4.10
2010.07.12 11:53:45.632,0.90145,0.9018,1.60,6.50
2010.07.12 11:53:45.932,0.90135,0.90175,6.50,1.60
2010.07.12 11:53:46.230,0.90135,0.90175,6.50,2.50
2010.07.12 11:53:46.830,0.90145,0.90175,1.60,1.00
2010.07.12 11:53:47.040,0.90145,0.9018,1.60,6.50
2010.07.12 11:53:48.330,0.90145,0.90185,5.70,4.90
2010.07.12 11:53:48.600,0.90145,0.90185,5.70,2.50
2010.07.12 11:53:48.870,0.90145,0.9018,3.20,3.30
2010.07.12 11:53:49.211,0.90145,0.9018,5.20,1.00
2010.07.12 11:53:49.549,0.90145,0.90185,5.20,3.30
2010.07.12 11:53:50.039,0.90145,0.9018,2.00,3.20
2010.07.12 11:53:50.980,0.90145,0.9018,2.00,4.80
2010.07.12 11:53:51.162,0.90145,0.9018,1.60,5.70
2010.07.12 11:53:51.538,0.90145,0.90175,2.00,3.20
2010.07.12 11:53:51.693,0.90145,0.9018,2.00,3.20
2010.07.12 11:53:53.192,0.90145,0.90185,5.20,3.30
2010.07.12 11:53:53.345,0.90145,0.9018,3.60,4.00
2010.07.12 11:53:53.502,0.90145,0.9018,1.60,6.50
2010.07.12 11:53:53.919,0.90145,0.9018,1.00,6.50
2010.07.12 11:53:54.237,0.90145,0.9018,2.40,4.90
2010.07.12 11:53:54.571,0.90145,0.90185,6.50,5.70
2010.07.12 11:53:54.945,0.90145,0.9018,3.30,1.60
2010.07.12 11:53:55.281,0.90145,0.9018,2.40,6.00
2010.07.12 11:53:58.487,0.90145,0.9018,1.60,6.00
2010.07.12 11:53:59.098,0.9014,0.9018,8.90,6.00
2010.07.12 11:54:01.665,0.90145,0.9018,1.60,6.00
2010.07.12 11:54:01.912,0.90145,0.9018,2.50,1.60
2010.07.12 11:54:07.360,0.9014,0.9018,8.90,6.00
2010.07.12 11:54:08.850,0.90145,0.9018,1.60,6.00
2010.07.12 11:54:18.921,0.9014,0.90175,1.60,1.00
2010.07.12 11:54:20.644,0.90135,0.9017,2.40,1.00
2010.07.12 11:54:20.800,0.90135,0.9017,1.00,3.30
2010.07.12 11:54:20.961,0.90135,0.90165,1.00,1.00
2010.07.12 11:54:25.107,0.9013,0.90165,2.40,1.00
2010.07.12 11:54:30.898,0.90125,0.90165,6.50,2.00
2010.07.12 11:54:31.136,0.90125,0.90155,5.60,1.00
2010.07.12 11:54:31.372,0.90125,0.90165,5.60,3.60
2010.07.12 11:54:32.788,0.90125,0.90165,6.50,3.60
2010.07.12 11:54:33.101,0.9013,0.90165,1.60,1.00
2010.07.12 11:54:38.050,0.9013,0.9017,2.50,6.50
2010.07.12 11:54:38.391,0.90135,0.90175,5.20,3.30
2010.07.12 11:54:45.110,0.90135,0.9017,3.20,3.30
2010.07.12 11:54:45.290,0.90135,0.90175,2.00,4.90
2010.07.12 11:54:45.339,0.90135,0.90175,5.20,3.30
2010.07.12 11:54:48.470,0.90135,0.90175,3.60,4.90
2010.07.12 11:54:48.589,0.90135,0.90175,5.20,3.30
2010.07.12 11:54:49.140,0.90135,0.90175,5.20,4.90
2010.07.12 11:54:49.580,0.90135,0.90175,3.60,4.90
2010.07.12 11:54:50.219,0.90135,0.90175,5.20,4.90
2010.07.12 11:54:50.541,0.90135,0.90175,5.20,3.30
2010.07.12 11:54:51.300,0.90135,0.90175,3.60,4.90
2010.07.12 11:54:52.282,0.90135,0.90175,6.00,4.10
2010.07.12 11:54:55.299,0.90135,0.90175,6.00,2.50
2010.07.12 11:54:56.033,0.90135,0.90175,6.00,4.10
2010.07.12 11:55:00.499,0.9015,0.90175,1.00,3.20
2010.07.12 11:55:00.701,0.9015,0.9018,4.90,1.00
2010.07.12 11:55:00.909,0.9015,0.90185,4.90,2.40
2010.07.12 11:55:01.170,0.90155,0.90185,1.00,1.60
2010.07.12 11:55:01.756,0.90145,0.9018,1.00,3.20
2010.07.12 11:55:02.021,0.90145,0.9018,1.00,1.60
2010.07.12 11:55:02.561,0.90145,0.9018,1.00,3.20
2010.07.12 11:55:02.830,0.90145,0.9018,1.00,4.10
2010.07.12 11:55:05.409,0.9014,0.90175,6.80,1.60
2010.07.12 11:55:05.500,0.90145,0.90175,1.00,1.60
2010.07.12 11:55:05.530,0.90145,0.9018,1.00,6.50
2010.07.12 11:55:05.589,0.90145,0.9018,1.00,4.10
2010.07.12 11:55:15.238,0.9014,0.90175,6.00,1.60
2010.07.12 11:55:15.581,0.9014,0.9018,6.80,6.50
2010.07.12 11:55:15.761,0.90145,0.9018,3.30,1.00
2010.07.12 11:55:15.943,0.9015,0.90185,4.10,2.50
2010.07.12 11:55:18.681,0.9015,0.90175,1.00,1.60
2010.07.12 11:55:19.206,0.9014,0.90175,7.30,2.50
2010.07.12 11:55:19.484,0.90145,0.9018,1.60,4.40
2010.07.12 11:55:20.950,0.9014,0.90175,8.40,1.60
2010.07.12 11:55:21.308,0.9014,0.9017,8.00,1.00
2010.07.12 11:55:21.826,0.9014,0.9017,5.60,2.00
2010.07.12 11:55:21.883,0.9014,0.9018,8.10,5.70
2010.07.12 11:55:22.442,0.9014,0.9018,8.90,4.90
2010.07.12 11:55:23.121,0.9014,0.9018,7.30,6.50
2010.07.12 11:55:30.359,0.9014,0.9018,8.90,4.90
2010.07.12 11:55:31.109,0.90145,0.9018,2.50,4.00
2010.07.12 11:55:31.270,0.90145,0.9018,5.70,2.40
2010.07.12 11:55:31.449,0.90145,0.90185,5.70,4.90
2010.07.12 11:55:32.889,0.9014,0.9018,11.30,2.50
2010.07.12 11:55:33.029,0.9014,0.9018,8.90,4.90
2010.07.12 11:55:53.398,0.9014,0.90175,3.30,3.20
2010.07.12 11:55:53.671,0.9014,0.90175,1.00,4.10
2010.07.12 11:55:55.970,0.9014,0.90175,2.50,4.10
2010.07.12 11:55:56.450,0.9014,0.90175,1.00,4.10
2010.07.12 11:56:05.480,0.9014,0.90175,1.00,4.90
2010.07.12 11:56:05.964,0.9014,0.90175,2.50,4.90
2010.07.12 11:56:06.581,0.9014,0.90175,2.00,6.50
2010.07.12 11:56:06.890,0.9014,0.90175,2.00,4.90
2010.07.12 11:56:07.161,0.90135,0.9017,3.20,2.40
2010.07.12 11:56:09.605,0.90135,0.9017,1.60,2.40
2010.07.12 11:56:09.978,0.9013,0.9017,8.90,2.40
2010.07.12 11:56:10.090,0.90135,0.9017,3.20,2.40
2010.07.12 11:56:10.650,0.9014,0.90175,1.00,6.50
2010.07.12 11:56:10.901,0.9014,0.90175,1.00,4.10
2010.07.12 11:56:12.841,0.9014,0.90175,2.50,4.10
2010.07.12 11:56:17.619,0.9014,0.90175,1.00,4.10
2010.07.12 11:56:22.349,0.9014,0.90175,1.00,4.90
2010.07.12 11:56:22.449,0.90135,0.9017,4.80,2.40
2010.07.12 11:56:22.549,0.90135,0.9017,3.20,2.40
2010.07.12 11:56:22.650,0.9014,0.9017,1.60,2.40
2010.07.12 11:56:22.749,0.9014,0.90175,2.00,4.90
2010.07.12 11:56:22.855,0.9014,0.90175,1.00,4.90
2010.07.12 11:56:24.850,0.9014,0.9017,1.00,3.20
2010.07.12 11:56:25.003,0.9013,0.90165,6.00,1.60
2010.07.12 11:56:25.159,0.9013,0.90165,5.20,1.60
2010.07.12 11:56:30.149,0.9013,0.90165,4.40,1.60
2010.07.12 11:56:30.750,0.9013,0.9017,7.60,4.10
2010.07.12 11:56:33.799,0.9013,0.9017,8.40,3.30
2010.07.12 11:56:37.970,0.9013,0.9017,7.60,3.30
2010.07.12 11:56:48.091,0.9013,0.9017,5.60,6.50
2010.07.12 11:56:48.270,0.9013,0.9017,3.20,6.50
2010.07.12 11:56:51.970,0.9013,0.9017,7.60,3.30
2010.07.12 11:56:53.190,0.90135,0.9017,3.20,3.30
2010.07.12 11:56:53.461,0.9014,0.9017,1.00,3.30
2010.07.12 11:56:53.951,0.9014,0.9018,4.10,8.90
2010.07.12 11:56:54.222,0.90145,0.9018,1.00,8.10
2010.07.12 11:56:59.560,0.90145,0.9018,4.40,1.60
2010.07.12 11:56:59.859,0.90145,0.9018,6.00,1.60
2010.07.12 11:57:00.720,0.90145,0.9018,2.80,3.20
2010.07.12 11:57:00.791,0.90145,0.9018,2.80,4.80
2010.07.12 11:57:00.859,0.90145,0.9018,1.00,5.70
2010.07.12 11:57:01.230,0.90145,0.9018,1.00,8.10
2010.07.12 11:57:08.211,0.90145,0.9018,2.80,5.60
2010.07.12 11:57:08.482,0.90145,0.9018,2.80,3.20
2010.07.12 11:57:18.580,0.90145,0.9018,1.00,8.10
2010.07.12 11:57:24.391,0.90145,0.9018,1.20,5.60
2010.07.12 11:57:24.659,0.90145,0.9018,2.80,3.20
2010.07.12 11:57:25.180,0.90145,0.9018,6.00,1.60
2010.07.12 11:57:28.440,0.90145,0.9018,2.80,3.20
2010.07.12 11:57:31.549,0.90145,0.90175,1.20,1.60
2010.07.12 11:57:31.730,0.90145,0.90175,1.00,3.60
2010.07.12 11:57:31.909,0.90145,0.90175,1.00,3.20
2010.07.12 11:57:32.090,0.90145,0.9018,1.00,8.10
2010.07.12 11:57:32.789,0.9014,0.9018,4.10,8.10
2010.07.12 11:57:36.412,0.9014,0.90175,3.20,1.00
2010.07.12 11:57:36.572,0.9014,0.90175,1.70,1.60
2010.07.12 11:57:37.019,0.9014,0.90175,4.10,3.20
2010.07.12 11:57:37.362,0.9014,0.9018,4.10,8.10
2010.07.12 11:57:53.782,0.90145,0.90175,1.00,3.20
2010.07.12 11:57:54.380,0.90145,0.9018,1.00,6.50
2010.07.12 11:57:54.679,0.9015,0.9018,1.00,6.50
2010.07.12 11:58:17.845,0.9015,0.9018,4.10,1.60
2010.07.12 11:58:17.987,0.9015,0.90185,3.30,1.60
2010.07.12 11:58:18.344,0.9015,0.90185,1.70,1.60
2010.07.12 11:58:18.684,0.9015,0.90185,1.00,3.20
2010.07.12 11:58:19.028,0.9015,0.9018,1.00,3.20
2010.07.12 11:58:24.381,0.9015,0.90175,1.00,3.20
2010.07.12 11:58:29.880,0.9014,0.90175,4.10,3.20
2010.07.12 11:58:32.691,0.9014,0.90175,1.00,3.20
2010.07.12 11:58:32.940,0.90135,0.90175,4.90,3.20
2010.07.12 11:58:41.890,0.90145,0.90175,1.60,1.60
2010.07.12 11:58:41.970,0.90145,0.9018,4.80,3.30
2010.07.12 11:58:42.051,0.9015,0.90185,4.90,1.00
2010.07.12 11:58:42.431,0.9015,0.9019,5.70,3.20
2010.07.12 11:58:43.540,0.9015,0.9019,7.30,3.20
2010.07.12 11:58:44.344,0.90145,0.90185,4.90,3.20
2010.07.12 11:58:44.530,0.90145,0.90185,3.30,3.20
2010.07.12 11:58:44.710,0.90145,0.90185,1.70,4.80
2010.07.12 11:58:45.144,0.90145,0.9018,1.00,3.20
2010.07.12 11:58:45.850,0.90145,0.9018,1.00,1.60
2010.07.12 11:58:46.190,0.90145,0.90185,1.00,4.00
2010.07.12 11:58:52.663,0.90145,0.9018,1.00,3.20
2010.07.12 11:58:56.771,0.90145,0.90175,1.00,1.60
2010.07.12 11:58:56.831,0.90145,0.90175,1.00,3.20
2010.07.12 11:58:56.898,0.9014,0.90175,4.10,3.20
2010.07.12 11:59:00.131,0.9014,0.90175,1.00,3.20
2010.07.12 11:59:05.029,0.90135,0.90175,4.90,3.20
2010.07.12 11:59:07.050,0.90135,0.90165,3.30,1.60
2010.07.12 11:59:07.201,0.90135,0.9016,1.00,1.60
2010.07.12 11:59:07.699,0.90125,0.90165,2.40,3.20
2010.07.12 11:59:10.259,0.90125,0.90165,4.00,3.20
2010.07.12 11:59:10.460,0.90125,0.90165,2.40,3.20
2010.07.12 11:59:11.060,0.90125,0.90165,4.00,3.20
2010.07.12 11:59:11.129,0.90125,0.90165,2.40,3.20
2010.07.12 11:59:11.543,0.90125,0.90165,4.00,3.20
2010.07.12 11:59:11.622,0.90125,0.90165,2.40,3.20
2010.07.12 11:59:11.701,0.90125,0.90165,4.00,3.20
2010.07.12 11:59:19.399,0.90125,0.90165,2.40,3.20
2010.07.12 11:59:19.600,0.90125,0.90165,4.00,3.20
2010.07.12 11:59:21.670,0.90125,0.90165,2.40,3.20
2010.07.12 11:59:22.371,0.90125,0.90165,3.30,3.20
2010.07.12 11:59:22.513,0.9013,0.9017,1.60,4.00
2010.07.12 11:59:23.037,0.9013,0.9017,2.40,3.20
2010.07.12 11:59:31.526,0.90135,0.90175,4.10,6.00
2010.07.12 11:59:31.663,0.90135,0.90175,4.10,5.20
2010.07.12 11:59:32.123,0.9014,0.90175,1.60,5.20
2010.07.12 11:59:32.463,0.9014,0.90175,8.10,1.60
2010.07.12 11:59:41.309,0.90145,0.90175,1.00,1.60
2010.07.12 11:59:41.369,0.90145,0.90175,1.20,1.60
2010.07.12 11:59:41.380,0.9015,0.90175,2.40,1.60
2010.07.12 11:59:41.403,0.90155,0.90175,1.60,1.60
2010.07.12 11:59:41.420,0.90155,0.9018,3.20,2.00
2010.07.12 11:59:41.481,0.90155,0.9018,3.20,1.00
2010.07.12 11:59:41.816,0.90155,0.9018,1.60,2.00
2010.07.12 11:59:41.842,0.90145,0.9018,5.70,1.60
2010.07.12 11:59:41.868,0.90145,0.90185,4.10,5.20
2010.07.12 11:59:42.216,0.9015,0.90185,6.50,1.60
2010.07.12 11:59:43.816,0.90155,0.90185,2.50,1.60
2010.07.12 11:59:44.156,0.9016,0.90195,3.30,5.70
2010.07.12 11:59:45.560,0.9016,0.90195,3.30,2.50
2010.07.12 11:59:47.016,0.9016,0.90195,4.90,1.00
2010.07.12 11:59:47.185,0.9016,0.90195,8.10,1.60
2010.07.12 11:59:47.342,0.9016,0.902,8.90,2.50
2010.07.12 11:59:47.684,0.9016,0.902,4.90,5.60
2010.07.12 11:59:48.023,0.90155,0.90195,4.90,3.20
2010.07.12 11:59:48.359,0.90155,0.90195,4.10,3.20
2010.07.12 11:59:50.591,0.9015,0.9019,7.30,3.20
2010.07.12 11:59:52.560,0.9016,0.902,6.50,4.00
2010.07.12 11:59:52.860,0.9016,0.902,7.30,3.20
2010.07.12 11:59:54.123,0.90175,0.9021,1.00,4.90
2010.07.12 11:59:54.540,0.90175,0.90205,1.00,3.20
2010.07.12 11:59:56.538,0.90175,0.90205,1.00,1.60
2010.07.12 11:59:56.699,0.90175,0.9021,1.00,4.90
2010.07.12 11:59:56.861,0.9018,0.9021,1.00,4.00
2010.07.12 11:59:57.020,0.9018,0.9021,1.00,3.20
2010.07.12 11:59:57.181,0.9018,0.90215,1.00,6.50
2010.07.12 11:59:58.991,0.90185,0.9021,1.60,2.40
2010.07.12 11:59:59.190,0.90185,0.90215,1.60,1.00
2010.07.12 11:59:59.594,0.90185,0.90215,1.60,2.50
2010.07.12 11:59:59.931,0.90175,0.90215,6.50,4.10
