2011.01.31 12:00:00.179,0.99256,0.99302,2.33,1.20
2011.01.31 12:00:00.399,0.99255,0.99296,1.50,1.88
2011.01.31 12:00:00.729,0.99255,0.99296,1.58,1.88
2011.01.31 12:00:01.373,0.99257,0.99297,1.50,2.63
2011.01.31 12:00:01.713,0.99262,0.993,1.50,1.20
2011.01.31 12:00:01.830,0.99262,0.993,1.50,1.20
2011.01.31 12:00:02.131,0.99257,0.99297,1.50,1.50
2011.01.31 12:00:02.240,0.9925,0.993,3.72,1.88
2011.01.31 12:00:02.970,0.99254,0.99298,1.50,2.70
2011.01.31 12:00:03.079,0.99249,0.9928,1.50,1.50
2011.01.31 12:00:03.190,0.99249,0.9928,1.13,1.50
2011.01.31 12:00:03.299,0.99255,0.99299,1.88,2.63
2011.01.31 12:00:03.579,0.99255,0.99299,1.88,1.88
2011.01.31 12:00:06.282,0.99255,0.99287,1.50,1.13
2011.01.31 12:00:06.509,0.99242,0.99282,4.43,1.50
2011.01.31 12:00:06.883,0.99255,0.99294,1.50,1.13
2011.01.31 12:00:07.005,0.99255,0.99299,1.88,1.95
2011.01.31 12:00:07.627,0.99255,0.99299,1.95,1.88
2011.01.31 12:00:08.690,0.99252,0.993,2.40,1.88
2011.01.31 12:00:09.209,0.99256,0.99296,1.58,1.88
2011.01.31 12:00:09.318,0.99256,0.99296,1.50,1.88
2011.01.31 12:00:09.429,0.99252,0.99292,1.58,1.50
2011.01.31 12:00:09.910,0.99252,0.99292,2.14,1.50
2011.01.31 12:00:10.019,0.99255,0.99295,1.88,1.50
2011.01.31 12:00:10.239,0.99257,0.99295,1.50,1.50
2011.01.31 12:00:11.084,0.99257,0.99295,1.65,1.50
2011.01.31 12:00:11.311,0.99257,0.99297,1.95,1.50
2011.01.31 12:00:11.665,0.99248,0.99283,6.81,1.50
2011.01.31 12:00:11.890,0.99249,0.9929,2.88,1.50
2011.01.31 12:00:12.611,0.9925,0.9929,1.17,1.50
2011.01.31 12:00:12.720,0.99247,0.99289,2.40,1.88
2011.01.31 12:00:14.082,0.99246,0.99289,2.03,1.88
2011.01.31 12:00:15.420,0.99246,0.99289,1.95,1.88
2011.01.31 12:00:16.444,0.99246,0.99289,1.65,1.88
2011.01.31 12:00:16.563,0.99239,0.9929,1.39,1.95
2011.01.31 12:00:16.794,0.99239,0.99279,2.14,1.50
2011.01.31 12:00:17.187,0.99239,0.99279,4.75,1.50
2011.01.31 12:00:17.689,0.99239,0.99279,2.14,1.50
2011.01.31 12:00:18.005,0.99247,0.99279,3.57,1.50
2011.01.31 12:00:18.122,0.99257,0.99295,1.50,2.25
2011.01.31 12:00:18.232,0.99257,0.99295,1.50,1.50
2011.01.31 12:00:20.363,0.99257,0.99295,1.50,1.58
2011.01.31 12:00:20.785,0.99257,0.99294,1.50,1.02
2011.01.31 12:00:20.908,0.99247,0.99285,2.22,1.50
2011.01.31 12:00:21.023,0.99247,0.99285,2.22,1.50
2011.01.31 12:00:21.141,0.99251,0.99291,1.58,3.00
2011.01.31 12:00:21.249,0.99248,0.9929,2.70,1.50
2011.01.31 12:00:21.773,0.99248,0.99289,4.20,1.50
2011.01.31 12:00:22.110,0.99253,0.99293,1.80,1.50
2011.01.31 12:00:22.301,0.99253,0.99293,1.65,1.50
2011.01.31 12:00:22.415,0.99248,0.99289,2.40,1.50
2011.01.31 12:00:22.913,0.99246,0.99282,1.50,2.25
2011.01.31 12:00:23.241,0.99248,0.99289,1.50,3.00
2011.01.31 12:00:23.667,0.99238,0.9929,10.02,2.70
2011.01.31 12:00:23.999,0.99241,0.9929,1.15,2.63
2011.01.31 12:00:24.473,0.99239,0.99287,2.74,1.13
2011.01.31 12:00:24.701,0.99239,0.99287,2.52,2.25
2011.01.31 12:00:24.920,0.99239,0.99289,2.88,1.13
2011.01.31 12:00:25.252,0.99241,0.99286,1.39,1.13
2011.01.31 12:00:25.360,0.9924,0.99289,1.15,2.25
2011.01.31 12:00:25.918,0.99241,0.99286,1.39,1.13
2011.01.31 12:00:26.636,0.99239,0.99286,8.18,1.13
2011.01.31 12:00:26.750,0.99239,0.99281,6.30,1.50
2011.01.31 12:00:27.081,0.99239,0.9928,1.58,1.13
2011.01.31 12:00:27.472,0.99239,0.9928,1.50,1.13
2011.01.31 12:00:27.988,0.99238,0.9928,1.65,2.63
2011.01.31 12:00:28.381,0.99238,0.9928,1.58,2.63
2011.01.31 12:00:28.598,0.99239,0.9928,1.13,1.50
2011.01.31 12:00:30.051,0.99239,0.9928,1.20,1.50
2011.01.31 12:00:30.442,0.99239,0.99277,1.95,1.50
2011.01.31 12:00:32.129,0.99239,0.99277,1.50,1.58
2011.01.31 12:00:32.812,0.99238,0.99277,1.58,1.50
2011.01.31 12:00:33.218,0.99238,0.99277,2.97,1.50
2011.01.31 12:00:33.561,0.99239,0.99277,2.33,1.50
2011.01.31 12:00:34.110,0.99237,0.99277,3.98,1.50
2011.01.31 12:00:41.170,0.99237,0.99277,3.98,1.88
2011.01.31 12:00:41.279,0.99237,0.99277,1.65,1.88
2011.01.31 12:00:41.499,0.99233,0.99277,4.28,1.50
2011.01.31 12:00:41.843,0.99237,0.99277,1.58,1.58
2011.01.31 12:00:44.142,0.99237,0.99277,2.03,1.65
2011.01.31 12:00:44.979,0.99238,0.99287,1.19,2.78
2011.01.31 12:00:52.487,0.9924,0.99287,1.17,1.88
2011.01.31 12:00:52.711,0.99238,0.99287,6.81,2.03
2011.01.31 12:00:53.889,0.99247,0.99287,2.14,1.65
2011.01.31 12:00:54.001,0.99247,0.99287,4.39,1.50
2011.01.31 12:00:54.478,0.99247,0.9929,4.39,1.50
2011.01.31 12:00:55.450,0.99251,0.99291,1.88,1.50
2011.01.31 12:00:55.980,0.99253,0.99297,1.50,1.95
2011.01.31 12:00:56.419,0.99253,0.99297,1.58,1.95
2011.01.31 12:00:57.749,0.99253,0.99297,1.50,2.03
2011.01.31 12:00:57.994,0.99253,0.99297,1.80,2.03
2011.01.31 12:00:58.659,0.99253,0.99297,2.18,1.65
2011.01.31 12:00:59.230,0.99257,0.99297,1.58,1.50
2011.01.31 12:00:59.660,0.99257,0.99297,1.65,1.50
2011.01.31 12:01:00.408,0.99257,0.99297,1.84,1.50
2011.01.31 12:01:00.519,0.99257,0.99297,2.22,1.50
2011.01.31 12:01:00.740,0.99258,0.99306,2.93,1.88
2011.01.31 12:01:03.051,0.99258,0.99306,6.68,1.88
2011.01.31 12:01:04.459,0.99258,0.99306,8.40,1.50
2011.01.31 12:01:05.192,0.99268,0.99306,1.50,1.58
2011.01.31 12:01:05.409,0.99264,0.99306,1.50,4.39
2011.01.31 12:01:20.159,0.99259,0.99306,2.33,2.07
2011.01.31 12:01:23.912,0.99254,0.99306,4.20,4.39
2011.01.31 12:01:24.959,0.99257,0.99306,2.70,2.07
2011.01.31 12:01:25.310,0.99264,0.99306,1.50,2.63
2011.01.31 12:01:27.169,0.99264,0.99306,1.88,1.50
2011.01.31 12:01:27.462,0.99267,0.99307,1.58,1.58
2011.01.31 12:01:27.803,0.99257,0.99297,3.90,1.50
2011.01.31 12:01:28.250,0.99253,0.99297,1.50,1.88
2011.01.31 12:01:29.088,0.99253,0.99297,1.65,1.95
2011.01.31 12:01:29.449,0.99249,0.99296,3.53,1.88
2011.01.31 12:01:29.839,0.99249,0.99296,2.55,1.88
2011.01.31 12:01:31.379,0.99249,0.99296,1.28,1.88
2011.01.31 12:01:32.063,0.99249,0.99296,2.40,1.95
2011.01.31 12:01:40.425,0.99254,0.99296,1.65,1.88
2011.01.31 12:01:40.960,0.99254,0.99296,1.88,1.58
2011.01.31 12:01:41.723,0.99261,0.99301,1.50,6.15
2011.01.31 12:01:41.968,0.99258,0.99298,1.50,1.65
2011.01.31 12:01:42.083,0.99258,0.99298,1.50,1.58
2011.01.31 12:01:42.653,0.99258,0.99296,1.50,1.50
2011.01.31 12:01:42.882,0.99257,0.99297,1.58,4.20
2011.01.31 12:01:42.992,0.99247,0.99277,2.25,1.50
2011.01.31 12:01:43.293,0.99244,0.99286,1.65,1.13
2011.01.31 12:01:43.848,0.99244,0.99287,1.58,1.95
2011.01.31 12:01:45.180,0.99239,0.99286,4.28,1.50
2011.01.31 12:01:45.619,0.99247,0.99287,1.65,1.50
2011.01.31 12:01:46.107,0.99247,0.99297,4.09,2.78
2011.01.31 12:01:46.220,0.99247,0.99297,10.47,2.63
2011.01.31 12:01:46.909,0.99247,0.99297,4.47,2.93
2011.01.31 12:01:47.849,0.99248,0.99297,2.89,2.25
2011.01.31 12:01:48.179,0.99257,0.99297,1.50,1.58
2011.01.31 12:01:48.738,0.99248,0.99297,2.89,1.95
2011.01.31 12:01:48.853,0.99248,0.99297,2.97,2.18
2011.01.31 12:01:49.728,0.99253,0.99297,1.50,2.18
2011.01.31 12:01:50.362,0.99253,0.99297,1.58,1.95
2011.01.31 12:01:51.901,0.99253,0.99297,1.80,2.03
2011.01.31 12:01:52.412,0.99253,0.99297,1.65,2.18
2011.01.31 12:01:55.386,0.99253,0.99297,1.58,4.47
2011.01.31 12:01:57.745,0.99258,0.99296,1.50,1.50
2011.01.31 12:01:58.132,0.99258,0.99296,1.88,1.58
2011.01.31 12:01:58.246,0.99257,0.99298,4.32,1.58
2011.01.31 12:01:59.092,0.99257,0.99298,3.94,1.58
2011.01.31 12:01:59.310,0.99253,0.99298,1.88,1.58
2011.01.31 12:01:59.659,0.99253,0.99298,1.88,1.58
2011.01.31 12:01:59.770,0.99264,0.99302,1.50,1.58
2011.01.31 12:02:00.270,0.99254,0.99297,1.95,1.50
2011.01.31 12:02:00.636,0.99254,0.99297,1.95,1.50
2011.01.31 12:02:00.860,0.99253,0.99304,2.78,2.63
2011.01.31 12:02:01.080,0.99254,0.99297,2.78,1.50
2011.01.31 12:02:01.551,0.99254,0.99297,2.78,1.50
2011.01.31 12:02:03.052,0.99254,0.99297,2.78,1.50
2011.01.31 12:02:05.550,0.99254,0.99297,1.88,1.58
2011.01.31 12:02:06.033,0.9925,0.99296,1.20,1.88
2011.01.31 12:02:06.427,0.99249,0.99296,4.43,1.88
2011.01.31 12:02:07.994,0.99249,0.99296,2.78,1.88
2011.01.31 12:02:09.013,0.99249,0.99296,6.15,1.95
2011.01.31 12:02:10.046,0.99249,0.99296,2.70,4.28
2011.01.31 12:02:10.482,0.99249,0.99297,1.20,1.58
2011.01.31 12:02:11.674,0.9925,0.99306,6.45,11.89
2011.01.31 12:02:11.793,0.99257,0.99307,2.14,2.70
2011.01.31 12:02:13.062,0.99258,0.99307,2.82,6.15
2011.01.31 12:02:14.420,0.99258,0.99306,2.82,1.28
2011.01.31 12:02:15.056,0.99258,0.99306,2.89,2.40
2011.01.31 12:02:17.534,0.99258,0.99307,2.97,2.78
2011.01.31 12:02:17.765,0.99265,0.99307,6.34,1.50
2011.01.31 12:02:17.880,0.99267,0.99312,2.22,2.40
2011.01.31 12:02:20.045,0.99269,0.99316,2.70,1.20
2011.01.31 12:02:22.930,0.9927,0.99316,2.78,1.20
2011.01.31 12:02:25.040,0.99269,0.99316,6.30,1.13
2011.01.31 12:02:25.920,0.9927,0.99321,1.28,1.13
2011.01.31 12:02:26.283,0.99273,0.99321,2.14,1.88
2011.01.31 12:02:26.403,0.99269,0.99316,2.22,2.63
2011.01.31 12:02:26.513,0.99263,0.99312,3.15,2.82
2011.01.31 12:02:26.633,0.99263,0.99302,2.25,1.50
2011.01.31 12:02:26.755,0.99262,0.99302,1.50,2.07
2011.01.31 12:02:27.129,0.99254,0.99288,2.70,1.50
2011.01.31 12:02:27.246,0.99247,0.99288,2.40,1.50
2011.01.31 12:02:27.472,0.99245,0.99288,2.70,1.50
2011.01.31 12:02:27.689,0.99244,0.99288,4.28,1.50
2011.01.31 12:02:29.002,0.99244,0.99288,2.03,1.50
2011.01.31 12:02:29.660,0.99244,0.99288,4.39,1.50
2011.01.31 12:02:29.989,0.99249,0.99287,1.95,1.50
2011.01.31 12:02:31.334,0.99249,0.99287,1.88,1.50
2011.01.31 12:02:31.994,0.99249,0.99287,1.95,1.50
2011.01.31 12:02:33.321,0.99249,0.99287,4.28,1.50
2011.01.31 12:02:34.011,0.99242,0.99288,4.58,1.50
2011.01.31 12:02:34.352,0.99242,0.99288,4.94,1.50
2011.01.31 12:02:34.570,0.99238,0.99287,15.53,1.50
2011.01.31 12:02:34.679,0.99238,0.99287,15.53,1.88
2011.01.31 12:02:35.101,0.99238,0.99287,2.33,2.82
2011.01.31 12:02:35.211,0.99236,0.99286,6.15,1.32
2011.01.31 12:02:35.321,0.99238,0.99287,2.70,2.63
2011.01.31 12:02:35.431,0.99238,0.99287,1.58,2.82
2011.01.31 12:02:37.192,0.99239,0.99286,1.88,2.07
2011.01.31 12:02:37.410,0.99239,0.99286,1.50,2.14
2011.01.31 12:02:37.740,0.99238,0.99286,2.70,1.39
2011.01.31 12:02:37.960,0.99238,0.99286,1.58,1.39
2011.01.31 12:02:38.710,0.99236,0.99287,6.15,2.82
2011.01.31 12:02:38.930,0.99241,0.9929,2.70,1.13
2011.01.31 12:02:39.369,0.99245,0.9929,2.78,1.13
2011.01.31 12:02:39.928,0.99245,0.99295,2.78,1.13
2011.01.31 12:02:40.047,0.99248,0.99296,4.32,1.50
2011.01.31 12:02:40.711,0.99249,0.99297,1.32,1.50
2011.01.31 12:02:40.931,0.99248,0.99297,2.82,1.88
2011.01.31 12:02:41.150,0.99247,0.99288,4.32,1.50
2011.01.31 12:02:42.301,0.99248,0.99288,4.39,1.50
2011.01.31 12:02:43.109,0.99248,0.99288,2.07,1.50
2011.01.31 12:02:43.506,0.99248,0.99288,4.58,1.50
2011.01.31 12:02:43.951,0.99249,0.99288,1.15,1.50
2011.01.31 12:02:44.060,0.99248,0.99288,4.84,1.50
2011.01.31 12:02:44.396,0.99248,0.99288,4.28,1.50
2011.01.31 12:02:44.961,0.9924,0.99287,1.35,1.13
2011.01.31 12:02:45.070,0.99239,0.99286,4.28,1.13
2011.01.31 12:02:46.174,0.99239,0.99287,1.95,2.70
2011.01.31 12:02:48.158,0.99239,0.99287,2.03,2.93
2011.01.31 12:02:48.906,0.99239,0.99287,4.43,2.78
2011.01.31 12:02:49.239,0.99242,0.99287,1.62,2.25
2011.01.31 12:02:50.041,0.99249,0.99287,1.88,1.50
2011.01.31 12:02:50.909,0.99248,0.99284,2.25,1.50
2011.01.31 12:02:51.631,0.99244,0.99284,1.95,1.50
2011.01.31 12:02:51.961,0.99249,0.99287,1.95,1.58
2011.01.31 12:02:52.628,0.99249,0.99287,2.03,1.50
2011.01.31 12:02:59.623,0.99249,0.99287,4.28,1.50
2011.01.31 12:03:02.459,0.99249,0.99287,1.95,1.50
2011.01.31 12:03:02.752,0.99256,0.99296,1.88,2.33
2011.01.31 12:03:03.440,0.99248,0.99295,3.72,1.84
2011.01.31 12:03:03.661,0.99248,0.99288,2.44,1.88
2011.01.31 12:03:03.770,0.99248,0.99278,2.25,1.50
2011.01.31 12:03:04.195,0.99235,0.99275,1.50,1.88
2011.01.31 12:03:04.421,0.99229,0.99268,2.03,1.50
2011.01.31 12:03:05.581,0.99229,0.99268,2.18,1.50
2011.01.31 12:03:05.700,0.99229,0.99268,1.95,1.50
2011.01.31 12:03:05.808,0.99228,0.99276,2.14,1.13
2011.01.31 12:03:06.030,0.9923,0.99276,2.78,1.13
2011.01.31 12:03:06.908,0.99238,0.99278,1.50,1.88
2011.01.31 12:03:07.719,0.99238,0.99278,1.50,1.50
2011.01.31 12:03:08.139,0.99238,0.99278,1.58,1.50
2011.01.31 12:03:08.964,0.99238,0.99278,1.65,1.50
2011.01.31 12:03:09.539,0.99238,0.99278,1.58,1.88
2011.01.31 12:03:09.761,0.99235,0.99276,1.50,1.20
2011.01.31 12:03:10.192,0.99235,0.99277,1.58,2.63
2011.01.31 12:03:12.048,0.99235,0.99276,1.50,1.28
2011.01.31 12:03:13.649,0.99235,0.99277,1.88,2.40
2011.01.31 12:03:13.761,0.99235,0.99277,1.95,2.33
2011.01.31 12:03:13.947,0.99242,0.9928,1.50,2.70
2011.01.31 12:03:14.698,0.99242,0.9928,1.50,2.70
2011.01.31 12:03:16.275,0.99242,0.9928,1.50,2.78
2011.01.31 12:03:16.916,0.99242,0.9928,1.65,2.63
2011.01.31 12:03:18.118,0.99242,0.9928,1.58,2.70
2011.01.31 12:03:18.781,0.99242,0.9928,1.58,2.70
2011.01.31 12:03:19.325,0.99242,0.9928,1.58,2.70
2011.01.31 12:03:20.071,0.99242,0.9928,2.03,2.25
2011.01.31 12:03:20.290,0.99244,0.99282,1.58,2.25
2011.01.31 12:03:20.702,0.99241,0.99281,1.95,2.25
2011.01.31 12:03:20.811,0.99241,0.99279,1.58,1.13
2011.01.31 12:03:21.274,0.99241,0.99281,1.58,1.88
2011.01.31 12:03:22.432,0.99241,0.99281,1.50,1.95
2011.01.31 12:03:22.650,0.99239,0.99279,1.50,2.70
2011.01.31 12:03:22.870,0.99242,0.99279,1.58,1.13
2011.01.31 12:03:22.979,0.99242,0.9928,1.58,2.63
2011.01.31 12:03:23.561,0.99243,0.99281,1.65,1.50
2011.01.31 12:03:25.071,0.99243,0.99281,1.58,1.50
2011.01.31 12:03:27.365,0.99243,0.99281,1.50,1.58
2011.01.31 12:03:27.529,0.99243,0.99281,1.58,1.50
2011.01.31 12:03:27.831,0.99243,0.99281,1.50,1.58
2011.01.31 12:03:28.050,0.99243,0.99282,1.58,1.50
2011.01.31 12:03:28.379,0.99249,0.99287,1.50,1.50
2011.01.31 12:03:28.901,0.99249,0.99287,1.88,1.50
2011.01.31 12:03:29.010,0.99249,0.99296,1.88,1.95
2011.01.31 12:03:29.119,0.99249,0.99296,4.32,1.95
2011.01.31 12:03:29.231,0.99254,0.99297,1.88,2.25
2011.01.31 12:03:29.339,0.99259,0.99299,1.50,1.13
2011.01.31 12:03:29.582,0.99258,0.99305,1.88,3.53
2011.01.31 12:03:29.800,0.99258,0.99306,2.07,2.40
2011.01.31 12:03:30.445,0.99259,0.99293,1.88,2.25
2011.01.31 12:03:30.782,0.9925,0.99288,2.70,1.50
2011.01.31 12:03:31.073,0.99248,0.99297,4.32,1.20
2011.01.31 12:03:32.057,0.99248,0.99296,10.02,1.20
2011.01.31 12:03:33.078,0.99248,0.99297,10.09,1.13
2011.01.31 12:03:34.140,0.99248,0.99296,4.47,1.13
2011.01.31 12:03:34.520,0.99248,0.99296,10.20,1.20
2011.01.31 12:03:34.878,0.99248,0.99297,10.20,1.20
2011.01.31 12:03:35.158,0.99249,0.99298,2.52,1.58
2011.01.31 12:03:35.392,0.99259,0.99297,1.50,1.58
2011.01.31 12:03:36.049,0.99259,0.99297,1.50,1.58
2011.01.31 12:03:39.048,0.99259,0.99297,1.50,1.80
2011.01.31 12:03:41.185,0.99259,0.99297,1.58,1.50
2011.01.31 12:03:42.251,0.99246,0.99284,4.17,1.50
2011.01.31 12:03:42.456,0.99248,0.99284,2.52,1.50
2011.01.31 12:03:42.575,0.99255,0.99291,1.88,1.50
2011.01.31 12:03:42.802,0.9925,0.99288,1.50,1.50
2011.01.31 12:03:43.909,0.9925,0.99288,1.88,1.50
2011.01.31 12:03:44.369,0.99255,0.99293,1.58,1.50
2011.01.31 12:03:49.929,0.99255,0.99293,1.58,1.95
2011.01.31 12:03:50.609,0.9925,0.99288,4.28,1.50
2011.01.31 12:03:51.012,0.9925,0.99288,1.95,1.50
2011.01.31 12:03:53.004,0.9925,0.99288,4.28,1.50
2011.01.31 12:03:54.672,0.99252,0.9929,2.22,1.50
2011.01.31 12:03:56.109,0.99252,0.9929,4.94,1.50
2011.01.31 12:03:57.241,0.99259,0.99297,2.03,1.50
2011.01.31 12:04:01.150,0.99259,0.99297,4.28,1.50
2011.01.31 12:04:01.355,0.99259,0.99297,2.03,1.50
2011.01.31 12:04:01.676,0.99259,0.99297,2.18,1.50
2011.01.31 12:04:01.780,0.99259,0.99297,2.03,1.50
2011.01.31 12:04:01.999,0.99258,0.99297,2.25,1.50
2011.01.31 12:04:02.655,0.99257,0.99297,1.95,1.50
2011.01.31 12:04:03.297,0.99258,0.99298,2.14,1.50
2011.01.31 12:04:03.820,0.99258,0.99306,2.07,2.40
2011.01.31 12:04:04.990,0.99258,0.99307,2.14,6.15
2011.01.31 12:04:08.034,0.99258,0.99307,4.94,2.78
2011.01.31 12:04:08.152,0.99258,0.99307,5.28,2.78
2011.01.31 12:04:08.417,0.99258,0.99307,2.37,2.93
2011.01.31 12:04:08.638,0.99258,0.99307,5.28,2.78
2011.01.31 12:04:09.923,0.99268,0.99306,1.58,1.50
2011.01.31 12:04:10.406,0.99268,0.99306,1.50,2.33
2011.01.31 12:04:10.952,0.99264,0.99302,2.07,1.50
2011.01.31 12:04:11.502,0.99262,0.99302,1.50,2.40
2011.01.31 12:04:11.832,0.99256,0.99294,2.33,1.13
2011.01.31 12:04:12.300,0.99256,0.99296,1.95,1.50
2011.01.31 12:04:13.139,0.99256,0.99296,2.03,1.50
2011.01.31 12:04:14.300,0.99256,0.99296,2.18,2.25
2011.01.31 12:04:15.150,0.99256,0.99296,4.92,2.25
2011.01.31 12:04:17.834,0.99256,0.99296,3.98,2.63
2011.01.31 12:04:18.059,0.99255,0.99293,1.58,2.25
2011.01.31 12:04:18.469,0.99251,0.99289,1.65,1.50
2011.01.31 12:04:21.611,0.99251,0.99289,1.58,1.50
2011.01.31 12:04:22.718,0.99251,0.99289,1.65,1.50
2011.01.31 12:04:22.835,0.99254,0.99294,1.65,2.25
2011.01.31 12:04:22.950,0.99254,0.99294,1.50,2.33
2011.01.31 12:04:24.160,0.99254,0.99294,1.58,2.25
2011.01.31 12:04:24.600,0.99257,0.99297,1.50,3.75
2011.01.31 12:04:25.218,0.99257,0.99295,1.58,1.50
2011.01.31 12:04:25.551,0.99257,0.99295,1.65,1.50
2011.01.31 12:04:25.662,0.99257,0.99295,1.58,1.50
2011.01.31 12:04:25.942,0.99258,0.99298,1.50,2.33
2011.01.31 12:04:26.053,0.99258,0.99302,1.88,2.33
2011.01.31 12:04:26.172,0.99258,0.99302,1.95,2.33
2011.01.31 12:04:26.500,0.99264,0.99304,1.50,2.33
2011.01.31 12:04:27.022,0.99264,0.99304,1.50,2.33
2011.01.31 12:04:28.339,0.99264,0.99304,1.50,2.33
2011.01.31 12:04:29.021,0.99264,0.99304,1.58,2.33
2011.01.31 12:04:34.745,0.99264,0.99304,1.58,2.33
2011.01.31 12:04:35.712,0.99261,0.99301,1.65,1.50
2011.01.31 12:04:35.822,0.99261,0.99301,1.58,1.88
2011.01.31 12:04:36.976,0.99261,0.99301,1.58,2.70
2011.01.31 12:04:38.791,0.99264,0.99304,1.50,2.70
2011.01.31 12:04:40.146,0.99264,0.99304,1.65,2.78
2011.01.31 12:04:40.369,0.99252,0.99291,1.50,3.75
2011.01.31 12:04:40.480,0.99247,0.99285,4.02,2.25
2011.01.31 12:04:40.591,0.99247,0.99285,4.09,2.25
2011.01.31 12:04:40.702,0.99258,0.99289,1.50,2.25
2011.01.31 12:04:40.810,0.99258,0.99291,1.50,2.25
2011.01.31 12:04:40.919,0.99251,0.99291,1.50,3.75
2011.01.31 12:04:41.166,0.99259,0.99285,1.50,2.25
2011.01.31 12:04:41.288,0.99259,0.99291,1.88,2.25
2011.01.31 12:04:41.513,0.99259,0.99294,1.88,2.25
2011.01.31 12:04:41.620,0.99259,0.99296,1.88,2.25
2011.01.31 12:04:41.731,0.99259,0.99296,1.88,2.25
2011.01.31 12:04:42.289,0.99259,0.99312,4.32,4.43
2011.01.31 12:04:42.960,0.99259,0.99312,2.22,4.13
2011.01.31 12:04:43.341,0.9926,0.99306,2.03,2.63
2011.01.31 12:04:43.450,0.9926,0.99306,1.88,2.63
2011.01.31 12:04:43.669,0.99258,0.99306,4.20,2.70
2011.01.31 12:04:44.109,0.99258,0.99306,3.83,2.70
2011.01.31 12:04:44.472,0.99257,0.99297,1.65,1.50
2011.01.31 12:04:44.990,0.99257,0.99297,4.13,1.50
2011.01.31 12:04:45.100,0.99265,0.99304,1.50,1.13
2011.01.31 12:04:45.209,0.99265,0.99305,1.50,1.88
2011.01.31 12:04:45.649,0.99265,0.99303,1.50,2.82
2011.01.31 12:04:45.759,0.9926,0.99298,1.50,1.95
2011.01.31 12:04:46.112,0.99257,0.99296,2.82,2.25
2011.01.31 12:04:46.223,0.99265,0.99302,1.50,1.95
2011.01.31 12:04:46.340,0.99258,0.99296,1.58,1.50
2011.01.31 12:04:46.671,0.99258,0.99296,1.88,1.50
2011.01.31 12:04:46.781,0.99257,0.99302,1.95,1.50
2011.01.31 12:04:47.110,0.99264,0.99302,1.50,1.50
2011.01.31 12:04:47.522,0.99266,0.99306,1.50,1.50
2011.01.31 12:04:47.631,0.99264,0.99304,1.88,1.50
2011.01.31 12:04:47.898,0.99266,0.99306,1.50,1.50
2011.01.31 12:04:48.156,0.99266,0.99306,1.50,1.58
2011.01.31 12:04:48.379,0.99258,0.99302,1.20,1.50
2011.01.31 12:04:49.190,0.99257,0.99302,10.53,1.50
2011.01.31 12:04:50.131,0.99257,0.99302,10.38,1.65
2011.01.31 12:04:52.878,0.99257,0.99302,10.56,1.58
2011.01.31 12:04:53.399,0.99264,0.99301,1.32,1.50
2011.01.31 12:04:53.511,0.99267,0.99308,4.39,3.00
2011.01.31 12:04:53.620,0.99267,0.99311,1.58,4.13
2011.01.31 12:04:54.059,0.99264,0.99311,1.13,1.88
2011.01.31 12:04:54.930,0.99264,0.99311,1.13,1.95
2011.01.31 12:04:55.303,0.99263,0.99311,2.52,1.95
2011.01.31 12:04:55.908,0.99261,0.99301,1.50,2.63
2011.01.31 12:04:58.061,0.99261,0.99301,1.50,2.70
2011.01.31 12:04:59.063,0.99261,0.99301,1.58,2.70
2011.01.31 12:04:59.770,0.99264,0.99305,1.50,1.20
2011.01.31 12:05:00.161,0.99264,0.99306,1.50,2.70
2011.01.31 12:05:00.274,0.99264,0.99306,1.88,1.58
2011.01.31 12:05:00.611,0.99273,0.99309,1.50,1.20
2011.01.31 12:05:06.352,0.99273,0.99309,1.50,1.84
2011.01.31 12:05:06.921,0.99272,0.99309,1.58,1.20
2011.01.31 12:05:07.478,0.99272,0.99309,1.50,1.84
2011.01.31 12:05:07.600,0.99272,0.99309,1.58,1.20
2011.01.31 12:05:09.495,0.99272,0.99311,2.07,1.50
2011.01.31 12:05:09.612,0.99278,0.99316,1.50,1.58
2011.01.31 12:05:09.722,0.99278,0.99316,1.50,1.88
2011.01.31 12:05:09.831,0.99274,0.99316,1.50,1.88
2011.01.31 12:05:09.939,0.99274,0.99316,1.50,2.78
2011.01.31 12:05:10.639,0.99274,0.99316,1.88,2.40
2011.01.31 12:05:11.220,0.99273,0.99318,1.88,1.65
2011.01.31 12:05:11.555,0.99278,0.99317,1.88,1.58
2011.01.31 12:05:11.672,0.99278,0.99317,1.50,1.50
2011.01.31 12:05:11.782,0.99274,0.99312,1.88,1.50
2011.01.31 12:05:12.183,0.99278,0.99317,1.69,1.50
2011.01.31 12:05:12.410,0.99273,0.99313,2.03,1.50
2011.01.31 12:05:12.849,0.99281,0.99319,1.50,1.88
2011.01.31 12:05:13.206,0.99277,0.99314,2.78,1.50
2011.01.31 12:05:13.324,0.99276,0.99314,1.50,1.50
2011.01.31 12:05:13.442,0.99283,0.9932,1.50,1.13
2011.01.31 12:05:13.769,0.99283,0.99322,1.50,2.78
2011.01.31 12:05:14.099,0.99283,0.99322,1.50,2.78
2011.01.31 12:05:14.296,0.99276,0.99314,1.50,1.88
2011.01.31 12:05:14.402,0.99278,0.99312,1.50,3.38
2011.01.31 12:05:14.511,0.99278,0.99312,1.50,3.00
2011.01.31 12:05:14.620,0.99278,0.99316,1.58,1.50
2011.01.31 12:05:14.857,0.99278,0.99316,1.58,1.88
2011.01.31 12:05:15.411,0.99269,0.99317,2.70,2.25
2011.01.31 12:05:15.609,0.99269,0.99317,1.32,2.25
2011.01.31 12:05:15.723,0.9927,0.99317,2.14,1.13
2011.01.31 12:05:15.841,0.99269,0.99317,4.39,2.63
2011.01.31 12:05:16.655,0.99268,0.99317,1.19,2.70
2011.01.31 12:05:18.039,0.99268,0.99316,1.19,1.20
2011.01.31 12:05:18.449,0.99268,0.99306,1.58,1.50
2011.01.31 12:05:18.670,0.99268,0.99306,1.50,1.88
2011.01.31 12:05:19.380,0.99263,0.99307,2.18,2.40
2011.01.31 12:05:19.600,0.99264,0.99311,4.28,1.32
2011.01.31 12:05:28.831,0.99263,0.99316,3.83,2.82
2011.01.31 12:05:30.080,0.99264,0.99306,1.65,1.88
2011.01.31 12:05:32.990,0.99264,0.99306,1.58,1.88
2011.01.31 12:05:35.329,0.99261,0.99307,1.80,1.88
2011.01.31 12:05:35.551,0.99261,0.99307,1.65,2.03
2011.01.31 12:05:36.709,0.99264,0.99306,1.50,1.88
2011.01.31 12:05:37.180,0.99264,0.99306,1.58,1.88
2011.01.31 12:05:45.860,0.99262,0.99306,1.58,1.95
2011.01.31 12:05:46.640,0.99262,0.99306,1.58,1.88
2011.01.31 12:05:46.750,0.99262,0.99311,1.95,1.20
2011.01.31 12:05:48.666,0.99262,0.99312,4.28,4.20
2011.01.31 12:05:49.105,0.99262,0.99312,1.95,4.20
2011.01.31 12:05:49.231,0.99262,0.99312,4.28,4.20
2011.01.31 12:05:51.669,0.99263,0.99316,4.13,8.03
2011.01.31 12:05:52.318,0.99263,0.99316,4.28,3.45
2011.01.31 12:05:52.919,0.99268,0.99316,2.14,4.20
2011.01.31 12:05:54.029,0.99268,0.99316,2.14,4.28
2011.01.31 12:05:55.900,0.99268,0.99316,2.97,1.80
2011.01.31 12:05:56.009,0.9927,0.99318,2.14,1.58
2011.01.31 12:06:00.411,0.99273,0.99318,1.58,6.27
2011.01.31 12:06:00.520,0.99271,0.99311,1.50,1.88
2011.01.31 12:06:00.740,0.99267,0.99307,1.80,1.50
2011.01.31 12:06:01.132,0.99263,0.99307,1.88,1.50
2011.01.31 12:06:01.244,0.99263,0.99307,1.50,1.88
2011.01.31 12:06:01.839,0.99263,0.99307,1.88,1.50
2011.01.31 12:06:02.430,0.99264,0.99316,1.13,2.88
2011.01.31 12:06:05.386,0.99267,0.99316,2.25,2.88
2011.01.31 12:06:05.499,0.99267,0.99316,2.63,1.39
2011.01.31 12:06:05.719,0.99273,0.99317,1.50,1.95
2011.01.31 12:06:08.807,0.99273,0.99317,1.88,1.65
2011.01.31 12:06:09.139,0.99277,0.99317,1.50,1.65
2011.01.31 12:06:09.735,0.99277,0.99317,1.50,1.50
2011.01.31 12:06:10.809,0.99277,0.99317,1.58,1.58
2011.01.31 12:06:11.142,0.99278,0.99323,2.25,1.39
2011.01.31 12:06:11.359,0.99272,0.99312,1.58,1.88
2011.01.31 12:06:11.471,0.99272,0.99312,1.65,1.88
2011.01.31 12:06:11.802,0.99268,0.99306,1.65,1.50
2011.01.31 12:06:12.021,0.9927,0.99316,2.78,1.88
2011.01.31 12:06:12.130,0.9927,0.99316,2.40,1.50
2011.01.31 12:06:12.240,0.9927,0.99321,2.25,1.65
2011.01.31 12:06:12.349,0.9927,0.99321,4.50,2.03
2011.01.31 12:06:12.679,0.99272,0.99317,2.25,2.63
2011.01.31 12:06:12.790,0.99269,0.99317,2.25,2.63
2011.01.31 12:06:13.265,0.99269,0.99316,2.63,1.13
2011.01.31 12:06:15.092,0.99269,0.99317,2.70,2.97
2011.01.31 12:06:15.533,0.99269,0.99317,6.15,2.89
2011.01.31 12:06:15.860,0.99269,0.99316,2.25,1.95
2011.01.31 12:06:16.369,0.99269,0.99316,2.44,2.70
2011.01.31 12:06:16.482,0.99273,0.99316,2.82,2.25
2011.01.31 12:06:16.703,0.99277,0.99313,1.50,2.63
2011.01.31 12:06:16.810,0.99269,0.99307,2.40,1.50
2011.01.31 12:06:17.029,0.99271,0.99316,2.78,2.63
2011.01.31 12:06:18.102,0.99272,0.99316,2.25,2.03
2011.01.31 12:06:19.212,0.99272,0.99316,2.40,1.95
2011.01.31 12:06:21.530,0.99277,0.99317,1.58,1.50
2011.01.31 12:06:22.829,0.99277,0.99317,2.07,3.08
2011.01.31 12:06:22.955,0.99276,0.99316,1.58,2.25
2011.01.31 12:06:24.872,0.99276,0.99316,1.65,2.25
2011.01.31 12:06:27.011,0.99273,0.99311,4.47,1.50
2011.01.31 12:06:27.123,0.99273,0.99311,1.65,1.50
2011.01.31 12:06:27.862,0.99272,0.99312,1.65,1.50
2011.01.31 12:06:29.954,0.99272,0.99312,1.58,1.50
2011.01.31 12:06:33.131,0.99272,0.99312,1.58,1.88
2011.01.31 12:06:33.459,0.99269,0.99307,1.58,1.50
2011.01.31 12:06:33.791,0.99269,0.99307,1.50,1.50
2011.01.31 12:06:34.076,0.99269,0.99307,1.58,1.50
2011.01.31 12:06:35.083,0.99269,0.99307,1.58,1.50
2011.01.31 12:06:37.841,0.99263,0.99306,2.40,1.95
2011.01.31 12:06:38.501,0.99261,0.99306,1.58,1.95
2011.01.31 12:06:38.802,0.99261,0.99306,4.39,1.50
2011.01.31 12:06:40.029,0.99259,0.99306,8.14,1.13
2011.01.31 12:06:40.891,0.9926,0.99307,1.95,2.70
2011.01.31 12:06:42.221,0.9926,0.99307,2.14,2.33
2011.01.31 12:06:42.552,0.99267,0.99307,5.07,1.50
2011.01.31 12:06:42.772,0.99278,0.99311,1.50,1.88
2011.01.31 12:06:43.066,0.99269,0.99307,1.88,1.50
2011.01.31 12:06:43.161,0.99268,0.99311,2.89,1.50
2011.01.31 12:06:43.707,0.99268,0.99311,2.82,1.50
2011.01.31 12:06:44.608,0.99268,0.99311,2.89,1.50
2011.01.31 12:06:45.616,0.99268,0.99311,2.89,1.58
2011.01.31 12:06:46.843,0.99268,0.99311,2.82,1.50
2011.01.31 12:06:48.030,0.99268,0.99311,2.82,1.58
2011.01.31 12:06:48.386,0.99268,0.99311,2.82,2.25
2011.01.31 12:06:49.260,0.99268,0.99311,2.89,1.50
2011.01.31 12:06:49.857,0.99268,0.99311,2.97,1.58
2011.01.31 12:06:53.594,0.99268,0.99311,2.97,1.50
2011.01.31 12:06:54.174,0.99277,0.99315,1.50,2.63
2011.01.31 12:06:54.295,0.99268,0.9931,6.64,1.58
2011.01.31 12:06:59.272,0.99268,0.99301,2.25,1.50
2011.01.31 12:06:59.674,0.99255,0.99293,1.65,1.50
2011.01.31 12:06:59.792,0.99255,0.99293,1.58,1.50
2011.01.31 12:06:59.901,0.99248,0.99291,4.47,1.50
2011.01.31 12:07:00.010,0.99248,0.99291,2.03,1.50
2011.01.31 12:07:00.741,0.99248,0.99291,4.47,1.50
2011.01.31 12:07:00.850,0.99248,0.99291,1.95,1.50
2011.01.31 12:07:03.382,0.99248,0.99291,1.88,1.50
2011.01.31 12:07:05.802,0.99248,0.99291,1.88,1.50
2011.01.31 12:07:06.250,0.99258,0.99295,1.50,1.28
2011.01.31 12:07:06.470,0.99248,0.99291,2.03,1.65
2011.01.31 12:07:12.860,0.99248,0.99291,2.03,1.50
2011.01.31 12:07:15.332,0.99248,0.99291,2.03,1.50
2011.01.31 12:07:15.660,0.99258,0.99296,1.50,4.58
2011.01.31 12:07:17.062,0.99258,0.99296,1.50,2.40
2011.01.31 12:07:17.565,0.99258,0.99296,1.50,2.25
2011.01.31 12:07:17.791,0.99249,0.9929,4.28,1.50
2011.01.31 12:07:18.414,0.99249,0.9929,4.28,1.50
2011.01.31 12:07:18.903,0.99249,0.9929,2.03,1.50
2011.01.31 12:07:19.200,0.99249,0.9929,4.43,1.50
2011.01.31 12:07:21.693,0.99249,0.99287,1.80,2.07
2011.01.31 12:07:21.800,0.99249,0.99287,1.50,2.07
2011.01.31 12:07:22.130,0.99239,0.99279,1.58,1.50
2011.01.31 12:07:22.239,0.99239,0.99279,1.50,1.50
2011.01.31 12:07:22.762,0.99244,0.99282,1.58,2.25
2011.01.31 12:07:22.870,0.99244,0.99286,1.58,2.63
2011.01.31 12:07:22.983,0.99244,0.99286,1.88,2.25
2011.01.31 12:07:23.091,0.99244,0.99286,1.95,1.50
2011.01.31 12:07:23.344,0.9925,0.9929,1.50,1.88
2011.01.31 12:07:23.790,0.99248,0.99286,1.58,1.50
2011.01.31 12:07:24.120,0.99248,0.99286,1.50,1.88
2011.01.31 12:07:25.232,0.99248,0.99286,1.58,2.25
2011.01.31 12:07:27.353,0.99248,0.99286,2.07,1.50
2011.01.31 12:07:27.470,0.99253,0.99291,1.50,2.25
2011.01.31 12:07:30.018,0.99253,0.99291,1.58,2.25
2011.01.31 12:07:31.296,0.99253,0.99291,1.58,3.75
2011.01.31 12:07:31.891,0.99253,0.99291,1.58,2.25
2011.01.31 12:07:32.329,0.99253,0.99291,1.58,3.75
2011.01.31 12:07:32.439,0.99253,0.99291,1.65,3.75
2011.01.31 12:07:33.050,0.99253,0.99291,1.95,3.75
2011.01.31 12:07:34.289,0.99253,0.99291,1.80,3.75
2011.01.31 12:07:37.929,0.99253,0.99291,1.73,2.25
2011.01.31 12:07:38.667,0.99254,0.99291,1.80,2.25
2011.01.31 12:07:38.786,0.99256,0.99291,1.65,1.50
2011.01.31 12:07:39.150,0.99258,0.99291,1.32,1.50
2011.01.31 12:07:39.525,0.99257,0.99307,4.62,1.88
2011.01.31 12:07:39.640,0.99257,0.99307,4.24,1.88
2011.01.31 12:07:39.754,0.99254,0.99306,1.47,2.03
2011.01.31 12:07:44.005,0.99254,0.99303,2.40,1.88
2011.01.31 12:07:49.370,0.99253,0.99303,2.40,1.50
2011.01.31 12:07:50.418,0.99261,0.99304,1.58,1.50
2011.01.31 12:07:51.140,0.99261,0.99304,1.58,1.50
2011.01.31 12:07:53.786,0.99261,0.99304,1.80,1.50
2011.01.31 12:07:53.904,0.99261,0.99304,1.58,1.50
2011.01.31 12:07:55.239,0.99258,0.99303,4.20,1.58
2011.01.31 12:07:56.286,0.99258,0.99303,9.90,1.58
2011.01.31 12:07:56.691,0.99258,0.99303,3.75,1.95
2011.01.31 12:07:58.879,0.99258,0.993,1.80,1.88
2011.01.31 12:07:59.210,0.99257,0.99297,1.80,1.50
2011.01.31 12:07:59.321,0.99257,0.99297,1.65,1.50
2011.01.31 12:07:59.777,0.99257,0.993,1.58,1.88
2011.01.31 12:08:00.330,0.99257,0.993,1.50,1.95
2011.01.31 12:08:00.825,0.9926,0.99299,1.88,1.50
2011.01.31 12:08:02.329,0.9926,0.99299,1.95,1.50
2011.01.31 12:08:05.274,0.9926,0.99299,1.95,1.50
2011.01.31 12:08:05.861,0.9926,0.99299,4.28,1.50
2011.01.31 12:08:05.969,0.9926,0.99299,1.95,1.50
2011.01.31 12:08:08.062,0.9926,0.99299,4.28,1.50
2011.01.31 12:08:13.569,0.9926,0.99299,4.28,1.50
2011.01.31 12:08:15.464,0.99267,0.99305,1.65,2.25
2011.01.31 12:08:15.804,0.99265,0.99303,1.58,1.50
2011.01.31 12:08:18.388,0.99265,0.99303,1.50,1.58
2011.01.31 12:08:24.320,0.99265,0.99303,1.58,1.50
2011.01.31 12:08:27.573,0.99265,0.99303,1.65,1.50
2011.01.31 12:08:27.789,0.99265,0.99303,1.50,1.58
2011.01.31 12:08:27.901,0.99262,0.99302,1.58,1.58
2011.01.31 12:08:28.117,0.99262,0.99302,1.65,1.50
2011.01.31 12:08:29.042,0.99262,0.99302,1.65,1.50
2011.01.31 12:08:29.501,0.99264,0.99304,1.50,1.50
2011.01.31 12:08:31.091,0.99264,0.99304,1.50,2.25
2011.01.31 12:08:33.395,0.99264,0.99306,1.88,3.08
2011.01.31 12:08:33.516,0.99264,0.9931,1.88,5.03
2011.01.31 12:08:34.070,0.99264,0.9931,1.88,2.03
2011.01.31 12:08:45.421,0.99267,0.9931,2.63,1.50
2011.01.31 12:08:45.881,0.99274,0.99314,1.50,1.95
2011.01.31 12:08:45.995,0.99272,0.99312,1.50,4.88
2011.01.31 12:08:46.223,0.99272,0.99311,1.50,1.32
2011.01.31 12:08:46.652,0.99275,0.99313,1.50,4.20
2011.01.31 12:08:46.871,0.99272,0.99311,1.50,1.13
2011.01.31 12:08:47.091,0.99272,0.99312,1.50,2.33
2011.01.31 12:08:47.310,0.99275,0.99313,1.50,2.78
2011.01.31 12:08:47.730,0.99272,0.99312,1.50,4.13
2011.01.31 12:08:47.840,0.99272,0.99312,1.50,5.07
2011.01.31 12:08:48.170,0.99272,0.99312,1.50,4.50
2011.01.31 12:08:48.279,0.99272,0.99312,1.50,3.75
2011.01.31 12:08:48.389,0.99274,0.99314,1.50,2.03
2011.01.31 12:08:50.146,0.99274,0.99314,1.50,1.88
2011.01.31 12:08:52.019,0.99273,0.99313,1.50,1.50
2011.01.31 12:08:53.499,0.99273,0.99313,1.65,1.50
2011.01.31 12:08:54.959,0.99273,0.99313,1.50,1.50
2011.01.31 12:08:56.851,0.99273,0.99313,1.58,1.50
2011.01.31 12:09:00.376,0.99273,0.99313,1.80,1.50
2011.01.31 12:09:05.888,0.99274,0.99312,1.50,1.50
2011.01.31 12:09:06.007,0.99267,0.9931,16.09,1.50
2011.01.31 12:09:06.451,0.99265,0.9931,1.88,1.88
2011.01.31 12:09:08.027,0.99265,0.9931,1.88,1.95
2011.01.31 12:09:11.810,0.99265,0.9931,1.88,2.03
2011.01.31 12:09:12.431,0.99265,0.9931,2.03,1.88
2011.01.31 12:09:13.009,0.99261,0.99309,1.15,1.50
2011.01.31 12:09:15.931,0.99268,0.99309,2.63,1.50
2011.01.31 12:09:17.939,0.99269,0.99309,1.95,1.50
2011.01.31 12:09:18.513,0.99269,0.99309,1.88,1.50
2011.01.31 12:09:21.079,0.99269,0.99309,1.95,1.50
2011.01.31 12:09:26.183,0.99269,0.99309,1.88,1.58
2011.01.31 12:09:26.410,0.99269,0.99309,2.03,1.50
2011.01.31 12:09:30.400,0.99269,0.99309,1.88,1.58
2011.01.31 12:09:30.949,0.99259,0.99309,4.39,1.95
2011.01.31 12:09:33.401,0.99259,0.99309,4.47,2.03
2011.01.31 12:09:33.953,0.99259,0.99309,4.75,1.88
2011.01.31 12:09:34.649,0.99259,0.99309,4.39,1.95
2011.01.31 12:09:35.859,0.99259,0.99309,4.75,1.88
2011.01.31 12:09:36.372,0.99259,0.99309,4.39,1.95
2011.01.31 12:09:40.463,0.99261,0.99309,2.89,1.50
2011.01.31 12:09:41.002,0.99268,0.9931,1.88,1.50
2011.01.31 12:09:42.391,0.99268,0.9931,1.58,1.88
2011.01.31 12:09:43.471,0.99259,0.99309,4.75,1.50
2011.01.31 12:09:43.690,0.99259,0.99309,4.39,1.58
2011.01.31 12:09:43.799,0.9926,0.99309,1.15,1.50
2011.01.31 12:09:45.239,0.99267,0.9931,2.03,1.50
2011.01.31 12:09:45.680,0.99268,0.99313,2.70,1.58
2011.01.31 12:09:45.816,0.99268,0.99313,2.63,1.65
2011.01.31 12:09:47.039,0.99268,0.99313,2.89,1.65
2011.01.31 12:09:55.070,0.99268,0.99313,2.97,1.58
2011.01.31 12:09:55.180,0.99268,0.99313,2.97,1.58
2011.01.31 12:09:55.556,0.99277,0.99317,1.50,3.90
2011.01.31 12:09:57.093,0.99277,0.99317,1.58,3.83
2011.01.31 12:09:59.954,0.99277,0.99317,1.65,3.75
2011.01.31 12:10:01.113,0.99277,0.99317,1.58,3.90
2011.01.31 12:10:02.941,0.99277,0.99317,1.65,3.83
2011.01.31 12:10:03.280,0.99271,0.99312,1.17,1.50
2011.01.31 12:10:03.733,0.99272,0.99313,2.70,1.50
2011.01.31 12:10:03.843,0.9927,0.99316,1.88,1.13
2011.01.31 12:10:03.951,0.99278,0.99317,2.07,2.25
2011.01.31 12:10:04.272,0.9928,0.99322,1.88,2.25
2011.01.31 12:10:04.380,0.99278,0.99325,2.07,2.63
2011.01.31 12:10:06.250,0.99281,0.99321,1.50,1.50
2011.01.31 12:10:07.052,0.9928,0.9932,1.88,1.50
2011.01.31 12:10:07.487,0.9928,0.9932,1.95,1.50
2011.01.31 12:10:07.941,0.9928,0.9932,1.58,2.07
2011.01.31 12:10:08.051,0.99277,0.99317,1.50,2.07
2011.01.31 12:10:09.172,0.99276,0.99311,1.50,1.13
2011.01.31 12:10:09.622,0.99267,0.99307,3.90,1.50
2011.01.31 12:10:11.357,0.99267,0.99307,1.73,1.50
2011.01.31 12:10:11.704,0.9927,0.99312,4.28,1.50
2011.01.31 12:10:12.481,0.9927,0.99312,1.95,1.50
2011.01.31 12:10:13.241,0.9927,0.99312,4.28,1.50
2011.01.31 12:10:14.996,0.9927,0.99312,1.95,1.58
2011.01.31 12:10:18.852,0.9927,0.99312,4.28,1.50
2011.01.31 12:10:19.220,0.9927,0.99312,1.95,1.58
2011.01.31 12:10:19.570,0.99271,0.99309,1.95,1.50
2011.01.31 12:10:20.013,0.99271,0.99312,2.03,3.00
2011.01.31 12:10:20.233,0.99271,0.99319,4.47,1.88
2011.01.31 12:10:20.749,0.99271,0.99319,4.47,2.03
2011.01.31 12:10:21.381,0.9927,0.99317,5.03,1.88
2011.01.31 12:10:21.931,0.9927,0.99317,2.14,1.58
2011.01.31 12:10:27.091,0.9927,0.9932,4.75,1.88
2011.01.31 12:10:32.012,0.99275,0.9932,2.78,1.50
2011.01.31 12:10:32.340,0.99272,0.9932,4.43,1.88
2011.01.31 12:10:37.513,0.99272,0.9932,2.03,1.88
2011.01.31 12:10:38.081,0.99272,0.9932,2.18,1.88
2011.01.31 12:10:42.523,0.99274,0.99321,6.27,1.50
2011.01.31 12:10:43.061,0.99282,0.99322,1.50,1.50
2011.01.31 12:10:44.132,0.99282,0.99322,1.58,1.50
2011.01.31 12:10:44.461,0.99273,0.99319,2.18,1.88
2011.01.31 12:10:47.337,0.99273,0.99319,1.88,1.88
2011.01.31 12:10:52.530,0.99273,0.99319,1.95,1.95
2011.01.31 12:10:53.853,0.99273,0.99319,2.03,1.88
2011.01.31 12:10:55.720,0.99273,0.99319,2.03,2.03
2011.01.31 12:10:56.190,0.99273,0.99319,2.03,1.88
2011.01.31 12:10:57.345,0.99273,0.99319,2.03,1.88
2011.01.31 12:10:58.802,0.99273,0.99319,4.47,1.88
2011.01.31 12:10:58.945,0.99273,0.99319,2.18,1.88
2011.01.31 12:10:59.509,0.99273,0.99319,2.03,1.88
2011.01.31 12:10:59.626,0.99281,0.99319,1.50,2.63
2011.01.31 12:11:00.781,0.99282,0.99322,1.50,2.33
2011.01.31 12:11:03.979,0.99282,0.99322,1.50,2.25
2011.01.31 12:11:04.536,0.99282,0.99322,1.58,2.33
2011.01.31 12:11:07.921,0.99282,0.99322,1.65,2.25
2011.01.31 12:11:08.830,0.99287,0.99325,2.03,2.25
2011.01.31 12:11:08.942,0.99287,0.99325,4.39,1.50
2011.01.31 12:11:09.161,0.99288,0.99326,1.50,1.50
2011.01.31 12:11:09.381,0.99287,0.99325,1.58,1.88
2011.01.31 12:11:09.631,0.99284,0.99322,1.50,1.50
2011.01.31 12:11:18.971,0.99284,0.99322,1.50,1.88
2011.01.31 12:11:19.311,0.99279,0.99319,1.50,1.88
2011.01.31 12:11:19.524,0.99274,0.99312,1.50,1.50
2011.01.31 12:11:21.812,0.99274,0.99312,1.50,1.88
2011.01.31 12:11:22.251,0.99267,0.99307,1.65,1.50
2011.01.31 12:11:22.487,0.99274,0.99312,1.50,2.63
2011.01.31 12:11:22.932,0.99265,0.99309,2.70,1.50
2011.01.31 12:11:23.151,0.99266,0.9932,1.39,1.95
2011.01.31 12:11:23.371,0.99267,0.9931,9.90,1.50
2011.01.31 12:11:24.896,0.99267,0.9931,4.28,1.50
2011.01.31 12:11:25.670,0.99267,0.9931,4.43,1.50
2011.01.31 12:11:28.901,0.99267,0.9931,4.28,1.58
2011.01.31 12:11:29.791,0.99268,0.99306,1.58,1.50
2011.01.31 12:11:29.901,0.99268,0.99306,1.88,1.50
2011.01.31 12:11:30.106,0.99268,0.99309,1.88,1.58
2011.01.31 12:11:30.224,0.99268,0.99309,4.58,1.50
2011.01.31 12:11:31.050,0.99268,0.99309,4.94,1.50
2011.01.31 12:11:33.393,0.99276,0.99316,1.88,3.90
2011.01.31 12:11:33.611,0.99276,0.99316,1.88,2.33
2011.01.31 12:11:33.941,0.99276,0.99316,1.88,1.65
2011.01.31 12:11:34.997,0.99276,0.99316,1.88,2.33
2011.01.31 12:11:36.982,0.99274,0.99312,4.47,1.50
2011.01.31 12:11:37.089,0.99278,0.99319,2.22,1.58
2011.01.31 12:11:37.200,0.99278,0.99319,2.22,1.50
2011.01.31 12:11:39.324,0.99278,0.99319,2.07,1.65
2011.01.31 12:11:52.040,0.99278,0.99319,2.22,1.50
2011.01.31 12:11:56.881,0.99278,0.99319,2.22,1.50
2011.01.31 12:11:57.213,0.99287,0.99323,2.82,1.50
2011.01.31 12:11:57.711,0.99287,0.99325,10.09,1.50
2011.01.31 12:11:58.043,0.99287,0.99321,6.34,1.50
2011.01.31 12:11:59.890,0.99287,0.99321,6.72,1.50
2011.01.31 12:12:01.969,0.99288,0.99326,2.14,1.50
2011.01.31 12:12:05.450,0.99287,0.99321,2.59,1.50
2011.01.31 12:12:06.184,0.99287,0.99321,1.09,1.50
2011.01.31 12:12:06.412,0.99301,0.99339,1.88,1.50
2011.01.31 12:12:07.737,0.99301,0.99341,1.88,3.08
2011.01.31 12:12:08.273,0.99301,0.9934,1.50,1.28
2011.01.31 12:12:08.382,0.99297,0.99335,1.50,1.65
2011.01.31 12:12:10.379,0.99297,0.99335,1.88,1.65
2011.01.31 12:12:10.491,0.99298,0.99336,2.07,1.50
2011.01.31 12:12:12.111,0.99298,0.99336,2.22,1.50
2011.01.31 12:12:13.461,0.99297,0.99341,10.09,2.33
2011.01.31 12:12:13.931,0.99298,0.99342,2.52,3.75
2011.01.31 12:12:14.151,0.99308,0.99341,1.50,1.50
2011.01.31 12:12:14.700,0.99308,0.99341,1.50,1.58
2011.01.31 12:12:14.810,0.99298,0.99341,2.89,2.33
2011.01.31 12:12:17.118,0.99298,0.99341,2.14,3.83
2011.01.31 12:12:17.707,0.99304,0.99344,1.58,4.20
2011.01.31 12:12:17.823,0.99308,0.99341,1.32,1.50
2011.01.31 12:12:17.932,0.99311,0.99344,1.50,2.25
2011.01.31 12:12:18.040,0.99311,0.99347,1.50,3.08
2011.01.31 12:12:18.150,0.99306,0.99344,1.58,2.25
2011.01.31 12:12:18.372,0.99301,0.99341,2.14,1.50
2011.01.31 12:12:18.952,0.99307,0.99347,1.88,2.25
2011.01.31 12:12:19.171,0.99307,0.99347,4.13,2.25
2011.01.31 12:12:19.392,0.99307,0.99347,10.20,2.25
2011.01.31 12:12:19.720,0.99317,0.99353,1.88,3.08
2011.01.31 12:12:19.831,0.99317,0.99362,2.07,4.65
2011.01.31 12:12:19.941,0.99317,0.99362,4.13,2.33
2011.01.31 12:12:20.457,0.99312,0.99358,2.89,1.13
2011.01.31 12:12:21.544,0.99309,0.99352,2.52,1.13
2011.01.31 12:12:21.770,0.99309,0.99348,2.25,1.88
2011.01.31 12:12:22.072,0.99308,0.99348,4.13,2.25
2011.01.31 12:12:22.620,0.99308,0.99354,4.32,1.13
2011.01.31 12:12:23.144,0.99308,0.99354,4.32,1.84
2011.01.31 12:12:23.261,0.99308,0.99349,1.50,1.20
2011.01.31 12:12:23.371,0.99308,0.99349,1.50,1.20
2011.01.31 12:12:23.922,0.99308,0.99349,1.50,1.20
2011.01.31 12:12:26.271,0.99309,0.99349,1.50,1.20
2011.01.31 12:12:26.380,0.99302,0.99349,2.89,1.20
2011.01.31 12:12:29.365,0.993,0.99349,4.39,1.20
2011.01.31 12:12:29.918,0.993,0.99349,4.39,1.20
2011.01.31 12:12:31.750,0.993,0.99349,2.22,2.63
2011.01.31 12:12:33.768,0.993,0.99349,2.22,2.78
2011.01.31 12:12:35.136,0.993,0.99349,4.62,2.63
2011.01.31 12:12:36.132,0.993,0.99349,4.47,2.25
2011.01.31 12:12:37.725,0.9931,0.99349,1.95,2.25
2011.01.31 12:12:38.191,0.9931,0.99349,1.88,2.25
2011.01.31 12:12:38.710,0.9931,0.99349,1.88,2.25
2011.01.31 12:12:40.812,0.9931,0.99349,1.88,2.25
2011.01.31 12:12:41.046,0.9931,0.99349,1.95,2.25
2011.01.31 12:12:42.071,0.9931,0.99349,1.95,2.25
2011.01.31 12:12:42.744,0.9931,0.99349,1.95,2.25
2011.01.31 12:12:44.410,0.9931,0.99348,1.65,2.25
2011.01.31 12:12:44.993,0.99317,0.99348,2.82,2.25
2011.01.31 12:12:45.103,0.99322,0.99356,1.50,1.50
2011.01.31 12:12:45.535,0.99314,0.99354,1.50,2.63
2011.01.31 12:12:45.650,0.99314,0.99354,1.50,2.63
2011.01.31 12:12:47.179,0.99314,0.99354,1.50,2.70
2011.01.31 12:12:52.700,0.9931,0.99349,1.50,1.20
2011.01.31 12:12:52.917,0.9931,0.99349,1.65,1.13
2011.01.31 12:12:53.249,0.99317,0.99353,1.50,1.13
2011.01.31 12:12:54.195,0.99311,0.99353,2.70,1.20
2011.01.31 12:12:54.430,0.99311,0.99353,2.78,1.20
2011.01.31 12:12:54.917,0.99308,0.99353,4.28,1.28
2011.01.31 12:12:55.038,0.99318,0.99356,5.07,2.25
2011.01.31 12:12:55.262,0.99322,0.99359,2.25,1.88
2011.01.31 12:12:55.371,0.99313,0.99359,2.78,1.88
2011.01.31 12:12:55.480,0.99313,0.99359,2.78,2.63
2011.01.31 12:12:55.590,0.99313,0.99359,2.63,1.13
2011.01.31 12:12:56.240,0.99308,0.99359,2.89,1.13
2011.01.31 12:12:58.509,0.99308,0.99359,2.89,1.20
2011.01.31 12:13:04.709,0.99307,0.99354,6.53,1.13
2011.01.31 12:13:04.820,0.99307,0.99354,6.53,1.13
2011.01.31 12:13:06.038,0.99307,0.99354,9.90,1.20
2011.01.31 12:13:07.838,0.99307,0.99354,9.90,1.84
2011.01.31 12:13:10.485,0.99307,0.99353,4.28,1.05
2011.01.31 12:13:13.591,0.99307,0.99353,4.28,1.05
2011.01.31 12:13:14.671,0.99308,0.99358,4.94,1.84
2011.01.31 12:13:15.010,0.99308,0.99358,10.09,1.43
2011.01.31 12:13:15.119,0.99308,0.99358,10.09,1.43
2011.01.31 12:13:18.281,0.99308,0.99358,10.02,1.20
2011.01.31 12:13:18.391,0.99308,0.99359,10.02,2.33
2011.01.31 12:13:18.721,0.99317,0.99358,1.50,1.28
2011.01.31 12:13:19.278,0.99309,0.99358,1.15,1.13
2011.01.31 12:13:20.851,0.99309,0.99358,1.15,1.13
2011.01.31 12:13:24.921,0.99308,0.99354,2.70,1.13
2011.01.31 12:13:25.316,0.99307,0.99354,4.28,1.13
2011.01.31 12:13:25.900,0.99308,0.99354,1.95,1.13
2011.01.31 12:13:26.832,0.99308,0.99354,4.28,1.13
2011.01.31 12:13:27.952,0.99308,0.99354,4.28,1.20
2011.01.31 12:13:32.003,0.99307,0.99354,10.09,1.20
2011.01.31 12:13:32.637,0.99307,0.99354,4.28,1.20
2011.01.31 12:13:32.751,0.99318,0.99356,1.50,2.33
2011.01.31 12:13:32.861,0.99318,0.99356,1.50,2.33
2011.01.31 12:13:41.972,0.99318,0.99356,1.88,2.25
2011.01.31 12:13:42.081,0.99318,0.99356,1.88,2.25
2011.01.31 12:13:42.192,0.99322,0.99358,1.50,1.28
2011.01.31 12:13:42.409,0.99318,0.99356,1.50,2.33
2011.01.31 12:13:45.511,0.99318,0.99356,2.14,2.25
2011.01.31 12:13:45.949,0.99324,0.99362,1.50,2.40
2011.01.31 12:13:46.109,0.99322,0.9936,1.50,2.33
2011.01.31 12:13:46.329,0.99322,0.9936,1.58,2.33
2011.01.31 12:13:46.833,0.99322,0.9936,1.58,2.25
2011.01.31 12:13:49.362,0.99322,0.9936,1.58,2.25
2011.01.31 12:13:49.865,0.99322,0.9936,1.58,2.33
2011.01.31 12:13:50.932,0.9932,0.9936,2.03,2.40
2011.01.31 12:13:53.904,0.9932,0.99358,4.28,2.25
2011.01.31 12:13:54.012,0.9932,0.99358,1.58,2.63
2011.01.31 12:13:54.121,0.99317,0.99355,1.65,2.25
2011.01.31 12:13:54.464,0.99318,0.99358,4.09,1.13
2011.01.31 12:13:55.609,0.99318,0.99361,4.47,1.50
2011.01.31 12:13:55.722,0.99318,0.99361,4.09,1.88
2011.01.31 12:13:56.219,0.99314,0.99354,4.43,1.50
2011.01.31 12:13:56.338,0.99311,0.99351,2.03,1.50
2011.01.31 12:13:57.261,0.99311,0.99349,1.65,1.13
2011.01.31 12:13:57.371,0.99307,0.99347,1.58,2.63
2011.01.31 12:13:57.922,0.99304,0.99342,1.95,2.25
2011.01.31 12:13:58.030,0.99312,0.9935,1.50,2.44
2011.01.31 12:13:58.251,0.99312,0.99348,1.50,1.13
2011.01.31 12:13:58.471,0.99307,0.99345,1.65,2.25
2011.01.31 12:13:59.013,0.99307,0.99345,1.65,2.25
2011.01.31 12:13:59.122,0.99307,0.99345,1.65,2.25
2011.01.31 12:13:59.231,0.99307,0.99345,2.03,1.50
2011.01.31 12:13:59.452,0.99308,0.99346,2.52,1.13
2011.01.31 12:13:59.566,0.99308,0.99341,2.33,1.50
2011.01.31 12:14:00.900,0.99307,0.99347,1.50,2.25
2011.01.31 12:14:01.010,0.99307,0.99347,2.07,2.25
2011.01.31 12:14:01.122,0.99313,0.99351,1.50,2.33
2011.01.31 12:14:01.680,0.99313,0.99351,1.50,2.33
2011.01.31 12:14:02.142,0.99313,0.99348,1.50,1.09
2011.01.31 12:14:02.251,0.99302,0.99342,4.62,2.25
2011.01.31 12:14:04.752,0.99309,0.99347,1.50,2.25
2011.01.31 12:14:05.044,0.993,0.99342,2.03,1.50
2011.01.31 12:14:05.262,0.993,0.99342,1.88,1.50
2011.01.31 12:14:05.371,0.99301,0.99345,1.50,2.63
2011.01.31 12:14:05.726,0.99299,0.99338,1.50,1.13
2011.01.31 12:14:06.355,0.99299,0.99338,1.58,1.13
2011.01.31 12:14:06.909,0.99299,0.99338,1.58,1.13
2011.01.31 12:14:07.631,0.99299,0.99338,1.58,1.13
2011.01.31 12:14:07.962,0.99299,0.99338,1.65,1.13
2011.01.31 12:14:08.232,0.99299,0.99338,1.58,1.13
2011.01.31 12:14:09.063,0.99299,0.99338,1.58,1.13
2011.01.31 12:14:09.169,0.99299,0.99338,1.58,1.13
2011.01.31 12:14:10.693,0.99299,0.99339,1.95,2.25
2011.01.31 12:14:10.803,0.99299,0.99339,1.95,1.50
2011.01.31 12:14:10.912,0.993,0.99344,1.95,1.20
2011.01.31 12:14:13.052,0.993,0.99344,2.03,1.13
2011.01.31 12:14:15.259,0.993,0.99347,4.47,2.25
2011.01.31 12:14:15.458,0.99303,0.99347,2.70,2.25
2011.01.31 12:14:15.574,0.99309,0.99347,1.50,2.40
2011.01.31 12:14:15.911,0.99304,0.99342,1.50,1.58
2011.01.31 12:14:16.240,0.99307,0.99343,1.50,1.13
2011.01.31 12:14:17.075,0.99307,0.99343,1.58,1.13
2011.01.31 12:14:18.182,0.99307,0.99343,1.50,1.20
2011.01.31 12:14:19.745,0.99306,0.99343,1.50,1.20
2011.01.31 12:14:20.065,0.99306,0.99343,1.58,1.20
2011.01.31 12:14:23.193,0.99306,0.99343,1.65,1.13
2011.01.31 12:14:24.409,0.99306,0.99343,1.65,1.13
2011.01.31 12:14:27.702,0.99306,0.99343,1.58,1.20
2011.01.31 12:14:28.053,0.99309,0.99347,1.50,2.25
2011.01.31 12:14:28.161,0.99309,0.99347,1.50,2.25
2011.01.31 12:14:28.728,0.99309,0.99347,1.50,2.25
2011.01.31 12:14:29.171,0.99309,0.99347,1.50,2.33
2011.01.31 12:14:29.583,0.99302,0.99343,2.25,1.28
2011.01.31 12:14:30.214,0.993,0.99343,1.88,1.84
2011.01.31 12:14:30.870,0.993,0.99341,1.50,1.20
2011.01.31 12:14:31.414,0.99299,0.99337,1.69,2.25
2011.01.31 12:14:31.535,0.99299,0.99337,2.14,2.25
2011.01.31 12:14:31.872,0.99309,0.99347,1.50,2.25
2011.01.31 12:14:32.670,0.99309,0.99347,1.88,2.25
2011.01.31 12:14:33.000,0.99312,0.99351,1.50,1.58
2011.01.31 12:14:33.705,0.99309,0.99349,1.50,2.70
2011.01.31 12:14:33.826,0.99309,0.99349,1.50,2.70
2011.01.31 12:14:34.270,0.99309,0.99349,1.88,2.33
2011.01.31 12:14:34.385,0.99313,0.99348,1.50,1.28
2011.01.31 12:14:34.611,0.99306,0.99344,1.88,1.50
2011.01.31 12:14:34.721,0.99306,0.99344,1.88,1.58
2011.01.31 12:14:35.934,0.99306,0.99344,1.58,1.88
2011.01.31 12:14:36.659,0.99301,0.99342,1.95,2.25
2011.01.31 12:14:36.774,0.99301,0.99342,1.95,2.40
2011.01.31 12:14:37.110,0.99301,0.99342,4.39,1.65
2011.01.31 12:14:37.505,0.99307,0.99342,2.82,1.50
2011.01.31 12:14:37.623,0.99307,0.99347,4.32,2.40
2011.01.31 12:14:37.951,0.99307,0.99347,4.39,2.33
2011.01.31 12:14:38.203,0.99307,0.99341,2.25,1.50
2011.01.31 12:14:38.461,0.99302,0.99341,4.39,1.50
2011.01.31 12:14:39.502,0.99302,0.99344,2.59,1.13
2011.01.31 12:14:39.615,0.99302,0.99344,1.65,1.13
2011.01.31 12:14:41.013,0.99302,0.99344,1.58,1.20
2011.01.31 12:14:42.090,0.99302,0.99344,1.58,1.84
2011.01.31 12:14:48.100,0.99302,0.99346,1.95,4.65
2011.01.31 12:14:48.431,0.99304,0.99352,2.89,2.33
2011.01.31 12:14:48.980,0.99303,0.99349,2.63,1.28
2011.01.31 12:14:51.352,0.99307,0.99352,1.88,1.05
2011.01.31 12:14:51.864,0.99307,0.99353,4.20,2.40
2011.01.31 12:14:52.220,0.99307,0.99353,4.13,2.55
2011.01.31 12:14:52.881,0.99307,0.99353,4.28,2.40
2011.01.31 12:14:53.206,0.99318,0.99356,1.50,2.25
2011.01.31 12:14:55.450,0.99318,0.99356,1.50,2.25
2011.01.31 12:14:56.091,0.99321,0.99359,1.50,2.70
2011.01.31 12:14:57.568,0.99321,0.99359,1.50,2.70
2011.01.31 12:14:58.151,0.99321,0.99359,1.58,2.70
2011.01.31 12:15:02.665,0.99321,0.99359,1.58,2.70
2011.01.31 12:15:04.341,0.99321,0.99359,1.58,2.70
2011.01.31 12:15:10.721,0.99321,0.99359,1.58,2.70
2011.01.31 12:15:11.290,0.99319,0.99359,1.58,2.70
2011.01.31 12:15:11.819,0.99319,0.99359,1.58,2.70
2011.01.31 12:15:12.899,0.99319,0.99359,1.58,2.70
2011.01.31 12:15:14.183,0.99319,0.99359,1.58,2.70
2011.01.31 12:15:14.392,0.99319,0.99358,1.50,1.05
2011.01.31 12:15:14.504,0.99312,0.99352,1.50,2.63
2011.01.31 12:15:14.802,0.99312,0.99349,1.50,1.13
2011.01.31 12:15:14.911,0.99308,0.99346,1.65,2.25
2011.01.31 12:15:15.497,0.99308,0.99346,1.65,2.25
2011.01.31 12:15:18.402,0.99308,0.99346,1.58,2.25
2011.01.31 12:15:18.724,0.99308,0.99346,1.58,1.50
2011.01.31 12:15:20.924,0.99309,0.99349,4.28,2.25
2011.01.31 12:15:21.244,0.99311,0.99353,2.18,1.13
2011.01.31 12:15:21.653,0.99311,0.99353,2.03,1.28
2011.01.31 12:15:22.553,0.99308,0.99353,1.53,1.13
2011.01.31 12:15:23.991,0.99308,0.99353,1.53,1.13
2011.01.31 12:15:24.657,0.99308,0.99353,1.53,1.13
2011.01.31 12:15:26.621,0.99307,0.99353,15.83,1.20
2011.01.31 12:15:26.914,0.99307,0.99353,4.47,3.27
2011.01.31 12:15:27.031,0.99308,0.99353,1.19,3.08
2011.01.31 12:15:27.706,0.99311,0.99354,1.65,1.28
2011.01.31 12:15:28.430,0.99311,0.99354,1.58,1.84
2011.01.31 12:15:30.281,0.99311,0.99354,1.80,1.13
2011.01.31 12:15:38.260,0.99311,0.99354,1.80,1.13
2011.01.31 12:15:40.938,0.99311,0.99354,1.80,1.13
2011.01.31 12:15:52.663,0.99318,0.99354,1.58,1.13
2011.01.31 12:15:52.773,0.99318,0.99356,1.50,2.25
2011.01.31 12:15:53.313,0.99318,0.99356,1.88,1.50
2011.01.31 12:15:53.426,0.99318,0.99359,2.03,1.50
2011.01.31 12:15:53.542,0.9932,0.9936,1.88,1.50
2011.01.31 12:15:54.630,0.9932,0.9936,1.88,1.58
2011.01.31 12:15:55.114,0.9932,0.9936,1.95,1.58
2011.01.31 12:15:55.666,0.9932,0.9936,2.03,1.50
2011.01.31 12:15:55.771,0.99321,0.99364,1.65,1.28
2011.01.31 12:15:56.405,0.99321,0.99364,1.65,1.28
2011.01.31 12:15:57.084,0.99321,0.99364,1.65,1.28
2011.01.31 12:15:57.880,0.99321,0.99364,1.65,1.28
2011.01.31 12:16:02.970,0.99321,0.99363,1.50,1.05
2011.01.31 12:16:03.470,0.99321,0.99364,1.65,1.28
2011.01.31 12:16:04.263,0.99321,0.99364,1.65,1.20
2011.01.31 12:16:04.391,0.99321,0.99364,1.58,1.84
2011.01.31 12:16:07.795,0.9932,0.99367,4.39,1.65
2011.01.31 12:16:08.131,0.99318,0.99366,2.22,1.95
2011.01.31 12:16:09.761,0.99321,0.99366,1.58,4.28
2011.01.31 12:16:13.351,0.99321,0.99366,1.50,4.43
2011.01.31 12:16:15.739,0.99318,0.99366,2.07,4.43
2011.01.31 12:16:16.344,0.99321,0.99366,1.50,4.43
2011.01.31 12:16:16.510,0.99321,0.99366,1.65,2.03
2011.01.31 12:16:19.588,0.9932,0.99366,2.03,1.20
2011.01.31 12:16:20.167,0.9932,0.99364,2.03,1.20
2011.01.31 12:16:22.350,0.9932,0.99364,2.03,1.20
2011.01.31 12:16:23.378,0.9932,0.99364,2.03,1.20
2011.01.31 12:16:24.191,0.9932,0.99367,2.03,2.25
2011.01.31 12:16:24.435,0.9932,0.99367,4.47,2.25
2011.01.31 12:16:24.545,0.99328,0.99366,1.50,1.50
2011.01.31 12:16:26.030,0.99328,0.99366,1.65,1.50
2011.01.31 12:16:29.908,0.99328,0.99366,1.50,1.58
2011.01.31 12:16:30.037,0.99328,0.99366,1.58,1.50
2011.01.31 12:16:30.471,0.99328,0.99366,1.65,1.50
2011.01.31 12:16:30.581,0.99328,0.99366,1.58,1.50
2011.01.31 12:16:31.062,0.99328,0.99366,1.95,1.50
2011.01.31 12:16:31.470,0.99342,0.9938,1.50,1.50
2011.01.31 12:16:31.910,0.99345,0.99385,1.50,1.95
2011.01.31 12:16:33.135,0.99345,0.99385,1.50,4.28
2011.01.31 12:16:43.471,0.99345,0.99383,1.50,1.17
2011.01.31 12:16:43.614,0.99345,0.99385,1.50,2.03
2011.01.31 12:16:45.102,0.99345,0.99385,1.50,4.28
2011.01.31 12:16:48.709,0.99344,0.99384,1.50,4.28
2011.01.31 12:16:49.196,0.99344,0.99383,1.50,1.39
2011.01.31 12:16:52.544,0.99344,0.99384,2.03,1.50
2011.01.31 12:16:52.663,0.99347,0.99386,1.50,1.20
2011.01.31 12:16:52.880,0.99341,0.99381,1.58,1.50
2011.01.31 12:16:54.072,0.99341,0.99381,1.58,1.58
2011.01.31 12:16:55.167,0.99341,0.99381,1.58,1.50
2011.01.31 12:16:55.930,0.99341,0.99381,1.50,1.58
2011.01.31 12:16:56.932,0.99341,0.99381,1.50,1.65
2011.01.31 12:16:58.313,0.99341,0.99381,1.50,1.65
2011.01.31 12:17:00.442,0.99341,0.99381,1.58,1.58
2011.01.31 12:17:09.079,0.99341,0.99381,1.58,1.58
2011.01.31 12:17:10.900,0.99341,0.99381,1.65,1.50
2011.01.31 12:17:11.013,0.99341,0.99381,2.22,1.50
2011.01.31 12:17:11.340,0.99348,0.99386,1.50,1.65
2011.01.31 12:17:24.316,0.99348,0.99386,1.50,2.55
2011.01.31 12:17:24.542,0.99343,0.99386,1.50,6.30
2011.01.31 12:17:26.130,0.99343,0.99386,1.50,4.35
2011.01.31 12:17:28.280,0.99343,0.99386,1.50,2.03
2011.01.31 12:17:36.033,0.99343,0.99386,1.50,6.23
2011.01.31 12:17:38.470,0.99343,0.99383,1.50,1.17
2011.01.31 12:17:38.580,0.99343,0.99386,1.65,3.53
2011.01.31 12:17:38.822,0.99343,0.99386,1.50,3.68
2011.01.31 12:17:39.647,0.99342,0.99386,1.50,1.43
2011.01.31 12:17:40.952,0.99342,0.99386,1.65,2.03
2011.01.31 12:17:43.291,0.99339,0.99377,1.58,1.50
2011.01.31 12:17:44.059,0.99339,0.99377,1.50,1.50
2011.01.31 12:17:44.175,0.99334,0.99372,4.39,1.50
2011.01.31 12:17:44.403,0.99342,0.9938,1.50,1.88
2011.01.31 12:17:44.622,0.99339,0.99379,1.50,1.88
2011.01.31 12:17:45.141,0.99338,0.99378,1.50,1.88
2011.01.31 12:17:48.988,0.99338,0.99378,1.58,2.03
2011.01.31 12:18:04.596,0.9934,0.99378,1.50,2.03
2011.01.31 12:18:07.502,0.99338,0.99378,1.58,2.03
2011.01.31 12:18:10.366,0.99339,0.99379,1.50,4.28
2011.01.31 12:18:13.306,0.99339,0.99379,1.88,1.65
2011.01.31 12:18:13.532,0.99343,0.99379,2.82,1.50
2011.01.31 12:18:13.770,0.99351,0.99389,1.88,1.65
2011.01.31 12:18:13.991,0.99351,0.99391,1.88,1.65
2011.01.31 12:18:14.434,0.99348,0.99386,1.50,1.58
2011.01.31 12:18:14.692,0.99348,0.99386,1.50,1.50
2011.01.31 12:18:15.381,0.99348,0.99386,1.50,1.58
2011.01.31 12:18:16.402,0.99348,0.99386,1.50,1.58
2011.01.31 12:18:16.971,0.99348,0.99386,1.50,1.50
2011.01.31 12:18:18.134,0.99348,0.99386,1.58,1.58
2011.01.31 12:18:30.574,0.99348,0.99386,1.58,1.50
2011.01.31 12:18:32.951,0.99348,0.99386,1.58,1.58
2011.01.31 12:18:33.442,0.99348,0.99386,1.50,1.50
2011.01.31 12:18:33.685,0.99348,0.99386,1.69,1.50
2011.01.31 12:18:33.806,0.99357,0.99397,1.50,3.08
2011.01.31 12:18:34.032,0.9935,0.99388,1.50,1.88
2011.01.31 12:18:34.251,0.99349,0.99397,1.88,5.03
2011.01.31 12:18:34.872,0.99349,0.99397,1.88,11.97
2011.01.31 12:18:35.581,0.9935,0.99396,1.95,2.78
2011.01.31 12:18:35.802,0.99348,0.99392,2.25,1.95
2011.01.31 12:18:36.524,0.99349,0.99389,1.50,1.88
2011.01.31 12:18:36.852,0.99349,0.99389,1.50,2.03
2011.01.31 12:18:37.412,0.99349,0.99389,2.07,1.80
2011.01.31 12:18:37.521,0.99349,0.99394,2.07,1.84
2011.01.31 12:18:38.390,0.99349,0.99397,1.69,7.28
2011.01.31 12:18:38.946,0.9935,0.99388,1.50,1.95
2011.01.31 12:18:39.886,0.9935,0.99388,1.88,1.58
2011.01.31 12:18:40.223,0.99358,0.99396,1.50,3.08
2011.01.31 12:18:40.771,0.99358,0.99396,1.50,2.63
2011.01.31 12:18:41.062,0.99353,0.99391,1.50,1.50
2011.01.31 12:18:41.790,0.99354,0.99392,1.50,1.50
2011.01.31 12:18:42.128,0.99354,0.99392,1.50,1.65
2011.01.31 12:18:42.534,0.99354,0.99392,1.50,1.58
2011.01.31 12:18:44.516,0.99352,0.99392,1.65,1.50
2011.01.31 12:18:44.873,0.99352,0.9939,1.65,1.50
2011.01.31 12:18:46.058,0.99352,0.9939,1.58,1.58
2011.01.31 12:18:49.673,0.99352,0.9939,1.50,1.95
2011.01.31 12:18:49.782,0.99348,0.99388,1.58,1.95
2011.01.31 12:18:50.001,0.99348,0.99388,2.14,1.58
2011.01.31 12:18:50.465,0.99352,0.9939,1.50,1.58
2011.01.31 12:18:51.021,0.99352,0.9939,1.58,1.58
2011.01.31 12:18:51.358,0.99352,0.9939,1.95,1.58
2011.01.31 12:18:51.471,0.99352,0.9939,2.03,1.50
2011.01.31 12:18:51.692,0.99358,0.99396,1.50,1.58
2011.01.31 12:18:52.908,0.99358,0.99396,1.50,2.40
2011.01.31 12:18:55.862,0.99348,0.99396,4.39,6.15
2011.01.31 12:18:55.972,0.99348,0.99395,3.75,6.63
2011.01.31 12:18:56.564,0.99347,0.99387,1.50,1.50
2011.01.31 12:18:57.340,0.99347,0.99387,1.50,1.58
2011.01.31 12:18:57.469,0.99347,0.99387,1.58,1.50
2011.01.31 12:18:57.669,0.99347,0.99387,1.65,1.50
2011.01.31 12:18:59.666,0.99347,0.99387,1.58,1.50
2011.01.31 12:19:00.122,0.99347,0.99387,1.58,1.58
2011.01.31 12:19:03.876,0.99339,0.99386,1.39,1.95
2011.01.31 12:19:04.334,0.99338,0.99382,1.95,3.19
2011.01.31 12:19:04.660,0.99338,0.99376,1.58,1.50
2011.01.31 12:19:05.616,0.99345,0.99382,2.07,2.25
2011.01.31 12:19:05.737,0.99345,0.99383,1.50,1.88
2011.01.31 12:19:05.963,0.9934,0.99387,4.39,1.58
2011.01.31 12:19:06.074,0.99348,0.99386,1.50,1.50
2011.01.31 12:19:06.292,0.99341,0.99386,4.20,1.88
2011.01.31 12:19:06.621,0.99341,0.99386,2.14,1.50
2011.01.31 12:19:06.732,0.99348,0.99386,1.50,1.50
2011.01.31 12:19:07.131,0.9934,0.99387,2.03,1.88
2011.01.31 12:19:07.461,0.9934,0.99387,1.88,4.47
2011.01.31 12:19:07.627,0.9934,0.99387,1.95,1.95
2011.01.31 12:19:08.065,0.9934,0.99387,2.14,1.95
2011.01.31 12:19:08.181,0.9934,0.99387,4.39,1.58
2011.01.31 12:19:08.401,0.99349,0.99389,1.50,1.95
2011.01.31 12:19:08.940,0.99349,0.99389,1.50,4.28
2011.01.31 12:19:09.314,0.99341,0.99386,1.58,1.95
2011.01.31 12:19:10.041,0.99341,0.99384,1.50,1.17
2011.01.31 12:19:10.516,0.99341,0.99386,1.58,4.28
2011.01.31 12:19:10.693,0.99341,0.99384,1.50,1.17
2011.01.31 12:19:11.183,0.99341,0.99386,1.58,4.28
2011.01.31 12:19:11.402,0.99347,0.99386,2.44,4.28
2011.01.31 12:19:11.518,0.9935,0.99393,1.88,6.60
2011.01.31 12:19:11.633,0.9935,0.99396,1.88,6.15
2011.01.31 12:19:12.431,0.9935,0.99394,1.88,1.17
2011.01.31 12:19:12.585,0.9935,0.99396,1.88,2.40
2011.01.31 12:19:13.574,0.99348,0.99386,1.50,1.50
2011.01.31 12:19:14.374,0.99348,0.99386,1.50,1.58
2011.01.31 12:19:14.745,0.99348,0.99386,1.50,2.22
2011.01.31 12:19:14.861,0.99342,0.99382,1.50,1.88
2011.01.31 12:19:14.972,0.99342,0.99387,1.50,2.70
2011.01.31 12:19:15.192,0.99343,0.99387,1.50,4.39
2011.01.31 12:19:15.495,0.99334,0.99386,5.14,1.95
2011.01.31 12:19:16.091,0.99338,0.99389,1.32,4.20
2011.01.31 12:19:16.880,0.99339,0.99389,1.32,4.20
2011.01.31 12:19:19.326,0.99339,0.9939,4.58,2.03
2011.01.31 12:19:20.401,0.9934,0.9939,1.15,2.22
2011.01.31 12:19:20.512,0.99339,0.99386,2.59,1.88
2011.01.31 12:19:21.876,0.99338,0.99386,10.02,2.03
2011.01.31 12:19:22.572,0.99338,0.99386,10.02,1.65
2011.01.31 12:19:22.682,0.99339,0.99386,2.52,1.58
2011.01.31 12:19:23.237,0.99347,0.99387,1.50,1.65
2011.01.31 12:19:23.901,0.99347,0.99387,1.88,1.65
2011.01.31 12:19:24.013,0.99347,0.99387,4.32,1.58
2011.01.31 12:19:24.462,0.99347,0.9939,4.47,1.50
2011.01.31 12:19:26.199,0.99347,0.9939,4.62,1.50
2011.01.31 12:19:29.912,0.99347,0.9939,4.39,1.65
2011.01.31 12:19:30.131,0.99347,0.9939,3.83,1.95
2011.01.31 12:19:30.461,0.99347,0.99387,1.50,1.58
2011.01.31 12:19:35.282,0.99347,0.99387,1.50,2.55
2011.01.31 12:19:35.391,0.99347,0.99387,1.50,1.65
2011.01.31 12:19:37.106,0.99347,0.99387,1.65,1.65
2011.01.31 12:19:41.763,0.99347,0.99387,1.50,1.73
2011.01.31 12:19:42.802,0.99347,0.99387,1.58,1.58
2011.01.31 12:19:47.214,0.99347,0.99387,2.14,1.50
2011.01.31 12:19:47.442,0.99354,0.99392,1.50,2.48
2011.01.31 12:19:47.660,0.99353,0.99391,1.50,1.58
2011.01.31 12:19:47.770,0.99353,0.99391,1.50,1.65
2011.01.31 12:19:48.095,0.99353,0.99391,1.50,3.98
2011.01.31 12:19:48.211,0.99353,0.99391,1.50,4.43
2011.01.31 12:19:48.456,0.99348,0.99386,3.75,1.65
2011.01.31 12:19:49.094,0.99348,0.99386,1.50,1.65
2011.01.31 12:19:49.777,0.99357,0.99389,1.50,1.17
2011.01.31 12:19:49.897,0.99357,0.99396,1.50,1.02
2011.01.31 12:19:50.013,0.99357,0.99396,1.50,2.52
2011.01.31 12:19:50.123,0.99347,0.99387,1.95,1.50
2011.01.31 12:19:50.451,0.99348,0.99396,1.88,2.03
2011.01.31 12:19:51.200,0.99347,0.99393,4.47,2.18
2011.01.31 12:19:51.751,0.99348,0.99396,1.95,2.03
2011.01.31 12:19:52.081,0.99359,0.99397,1.50,1.09
2011.01.31 12:19:52.721,0.99359,0.99399,1.50,2.03
2011.01.31 12:19:52.832,0.99359,0.99398,1.50,1.17
2011.01.31 12:19:54.053,0.99359,0.99399,1.50,2.03
2011.01.31 12:19:54.782,0.99354,0.99397,2.25,4.47
2011.01.31 12:19:55.336,0.99358,0.99396,1.50,1.58
2011.01.31 12:19:55.701,0.99358,0.99396,1.58,1.50
2011.01.31 12:19:57.063,0.99358,0.99396,1.58,1.58
2011.01.31 12:20:00.133,0.99358,0.99396,1.58,1.50
2011.01.31 12:20:03.823,0.99358,0.99403,1.88,7.65
2011.01.31 12:20:03.936,0.99358,0.99405,4.13,2.78
2011.01.31 12:20:04.963,0.99358,0.99406,6.53,6.15
2011.01.31 12:20:06.064,0.99358,0.99406,6.53,6.30
2011.01.31 12:20:08.895,0.99358,0.99403,4.20,1.17
2011.01.31 12:20:09.282,0.99361,0.99409,2.07,4.92
2011.01.31 12:20:09.391,0.99361,0.99411,2.07,5.03
2011.01.31 12:20:09.609,0.99361,0.99401,1.88,1.50
2011.01.31 12:20:09.726,0.99361,0.99401,1.50,1.50
2011.01.31 12:20:10.422,0.99361,0.99401,1.95,1.50
2011.01.31 12:20:10.750,0.99361,0.99409,4.28,1.28
2011.01.31 12:20:11.123,0.99361,0.99406,1.58,1.95
2011.01.31 12:20:11.881,0.99361,0.99406,1.58,4.28
2011.01.31 12:20:14.189,0.99361,0.99404,1.50,1.17
2011.01.31 12:20:15.743,0.99358,0.99394,4.50,1.88
2011.01.31 12:20:15.963,0.99354,0.99394,1.88,1.50
2011.01.31 12:20:16.327,0.9936,0.99398,1.50,1.95
2011.01.31 12:20:17.644,0.9936,0.99398,1.50,1.88
2011.01.31 12:20:19.136,0.99359,0.99397,1.50,1.95
2011.01.31 12:20:19.361,0.99357,0.99397,1.50,1.95
2011.01.31 12:20:20.263,0.99357,0.99397,1.50,2.03
2011.01.31 12:20:21.010,0.99357,0.99397,1.50,2.03
2011.01.31 12:20:21.530,0.99357,0.99397,1.50,2.18
2011.01.31 12:20:22.671,0.99358,0.99398,1.50,1.80
2011.01.31 12:20:22.780,0.99358,0.99398,1.50,1.65
2011.01.31 12:20:23.181,0.99358,0.99398,1.50,1.80
2011.01.31 12:20:23.405,0.99358,0.99398,1.50,1.58
2011.01.31 12:20:23.875,0.99358,0.99398,1.50,1.80
2011.01.31 12:20:24.369,0.99358,0.99398,1.58,1.58
2011.01.31 12:20:25.379,0.99358,0.99398,1.65,1.80
2011.01.31 12:20:26.411,0.99358,0.99398,1.88,1.58
2011.01.31 12:20:26.724,0.99362,0.994,1.50,1.58
2011.01.31 12:20:28.080,0.99362,0.994,1.58,1.58
2011.01.31 12:20:35.286,0.99362,0.994,1.58,1.58
2011.01.31 12:20:35.784,0.99363,0.99401,1.50,1.50
2011.01.31 12:20:37.043,0.99363,0.99401,1.58,1.50
2011.01.31 12:20:38.262,0.99363,0.99401,1.50,1.58
2011.01.31 12:20:41.983,0.99361,0.99401,1.58,1.58
2011.01.31 12:20:42.941,0.99361,0.99401,1.58,1.58
2011.01.31 12:20:43.972,0.99357,0.99397,1.58,1.65
2011.01.31 12:20:44.579,0.99357,0.99397,1.65,1.58
2011.01.31 12:20:47.811,0.99357,0.99397,4.28,1.58
2011.01.31 12:20:48.153,0.99366,0.99402,1.88,1.58
2011.01.31 12:20:50.345,0.99366,0.99402,1.95,1.58
2011.01.31 12:20:51.092,0.99366,0.99402,2.03,1.50
2011.01.31 12:20:52.474,0.99366,0.99402,1.88,1.50
2011.01.31 12:20:53.368,0.99366,0.99402,2.03,1.50
2011.01.31 12:20:54.603,0.99368,0.99402,1.50,1.50
2011.01.31 12:20:54.961,0.99361,0.99402,1.88,1.65
2011.01.31 12:20:55.510,0.99361,0.99401,2.03,1.50
2011.01.31 12:20:56.390,0.99361,0.99401,1.88,1.50
2011.01.31 12:20:56.500,0.99361,0.99402,1.95,1.58
2011.01.31 12:20:56.910,0.99361,0.99402,2.03,1.65
2011.01.31 12:20:57.023,0.99361,0.99401,1.50,1.20
2011.01.31 12:20:57.942,0.99361,0.99402,1.50,2.78
2011.01.31 12:20:59.441,0.99358,0.99396,1.50,1.88
2011.01.31 12:20:59.663,0.99348,0.99396,2.78,1.88
2011.01.31 12:21:00.001,0.99349,0.99397,2.40,1.88
2011.01.31 12:21:01.542,0.99351,0.99396,1.65,1.95
2011.01.31 12:21:05.358,0.99358,0.99396,1.50,1.58
2011.01.31 12:21:07.047,0.99358,0.99396,1.58,1.58
2011.01.31 12:21:12.471,0.99358,0.99396,1.50,1.88
2011.01.31 12:21:13.282,0.99352,0.99396,1.58,1.95
2011.01.31 12:21:13.873,0.99352,0.99396,1.58,4.28
2011.01.31 12:21:15.442,0.99352,0.99396,2.07,1.80
2011.01.31 12:21:15.552,0.99358,0.99396,1.50,1.58
2011.01.31 12:21:15.661,0.99358,0.99396,1.50,1.50
2011.01.31 12:21:16.989,0.99358,0.99396,1.58,1.58
2011.01.31 12:21:18.300,0.99358,0.99396,1.65,1.50
2011.01.31 12:21:18.523,0.99358,0.99396,1.58,1.58
2011.01.31 12:21:19.585,0.99358,0.99396,1.65,1.50
2011.01.31 12:21:19.922,0.99353,0.99396,1.73,2.07
2011.01.31 12:21:20.032,0.99353,0.99392,1.50,2.63
2011.01.31 12:21:20.471,0.99352,0.99392,1.50,3.90
2011.01.31 12:21:20.804,0.99352,0.99397,1.50,4.39
2011.01.31 12:21:20.911,0.99346,0.99395,2.63,2.89
2011.01.31 12:21:21.022,0.99343,0.99393,2.25,5.14
2011.01.31 12:21:21.623,0.99342,0.99387,1.50,1.95
2011.01.31 12:21:22.185,0.99342,0.99387,1.58,1.95
2011.01.31 12:21:23.901,0.99342,0.99387,1.65,1.88
2011.01.31 12:21:24.472,0.99342,0.99387,1.65,2.03
2011.01.31 12:21:24.691,0.99342,0.99387,1.65,1.88
2011.01.31 12:21:25.553,0.99342,0.99387,3.90,2.03
2011.01.31 12:21:28.871,0.99342,0.99387,1.65,2.18
2011.01.31 12:21:29.809,0.99342,0.99387,2.03,1.80
2011.01.31 12:21:29.921,0.99342,0.99387,1.95,1.50
2011.01.31 12:21:30.315,0.9935,0.9939,1.88,1.58
2011.01.31 12:21:30.871,0.99351,0.99389,1.50,1.50
2011.01.31 12:21:31.421,0.99352,0.99396,1.50,1.95
2011.01.31 12:21:31.667,0.99351,0.99389,1.50,1.50
2011.01.31 12:21:32.005,0.99351,0.99389,1.50,1.88
2011.01.31 12:21:32.125,0.99349,0.99387,1.50,2.25
2011.01.31 12:21:32.350,0.99351,0.99389,1.50,2.25
2011.01.31 12:21:32.461,0.99351,0.99389,1.50,1.50
2011.01.31 12:21:33.011,0.9935,0.99388,1.50,1.58
2011.01.31 12:21:34.264,0.9935,0.99388,1.50,1.58
2011.01.31 12:21:36.121,0.9935,0.99388,1.50,1.65
2011.01.31 12:21:37.151,0.99353,0.99392,1.50,1.58
2011.01.31 12:21:38.702,0.99352,0.99392,1.58,4.13
2011.01.31 12:21:39.178,0.99348,0.99386,1.58,1.50
2011.01.31 12:21:40.014,0.99348,0.99386,1.65,1.50
2011.01.31 12:21:46.379,0.99348,0.99386,1.50,1.50
2011.01.31 12:21:46.985,0.99348,0.99386,1.65,1.50
2011.01.31 12:21:47.493,0.99348,0.99391,1.65,1.88
2011.01.31 12:21:47.609,0.99348,0.99391,2.22,1.50
2011.01.31 12:21:47.724,0.99348,0.99391,4.39,1.58
2011.01.31 12:21:47.831,0.99348,0.99391,4.47,1.50
2011.01.31 12:21:47.941,0.99348,0.99391,4.47,1.50
2011.01.31 12:21:48.244,0.99348,0.99391,4.32,1.58
2011.01.31 12:21:48.352,0.99348,0.99391,3.94,1.95
2011.01.31 12:21:48.462,0.99348,0.99391,1.65,1.88
2011.01.31 12:21:49.563,0.99348,0.99386,1.65,1.50
2011.01.31 12:21:50.111,0.99348,0.99392,2.78,1.58
2011.01.31 12:21:50.332,0.99348,0.99392,4.95,1.65
2011.01.31 12:21:50.921,0.99348,0.99392,4.95,1.50
2011.01.31 12:21:52.021,0.99348,0.99392,6.15,1.50
2011.01.31 12:21:55.051,0.99357,0.99395,1.58,1.58
2011.01.31 12:21:55.571,0.99348,0.99391,6.64,1.50
2011.01.31 12:21:56.147,0.99348,0.99391,10.56,1.50
2011.01.31 12:21:57.267,0.99348,0.99391,4.47,1.58
2011.01.31 12:21:57.607,0.99348,0.99391,4.47,1.65
2011.01.31 12:21:58.566,0.99348,0.99391,4.62,1.50
2011.01.31 12:21:58.948,0.99348,0.99391,4.47,1.65
2011.01.31 12:22:01.912,0.99348,0.99385,2.40,1.50
2011.01.31 12:22:03.450,0.99347,0.99385,1.58,1.50
2011.01.31 12:22:05.213,0.99347,0.99385,1.58,1.88
2011.01.31 12:22:05.761,0.99345,0.99383,1.80,1.50
2011.01.31 12:22:06.942,0.99345,0.99383,1.65,1.50
2011.01.31 12:22:09.102,0.99345,0.99383,1.65,1.65
2011.01.31 12:22:09.224,0.99345,0.99383,1.65,1.50
2011.01.31 12:22:09.653,0.99345,0.99383,1.58,1.58
2011.01.31 12:22:13.399,0.99345,0.99383,1.65,1.50
2011.01.31 12:22:15.624,0.99347,0.99385,1.58,1.50
2011.01.31 12:22:17.244,0.99347,0.99385,1.80,1.50
2011.01.31 12:22:19.841,0.99347,0.99385,1.65,1.50
2011.01.31 12:22:19.951,0.99347,0.99385,3.90,1.50
2011.01.31 12:22:20.065,0.99357,0.99393,1.50,2.33
2011.01.31 12:22:20.357,0.99347,0.99387,1.65,1.58
2011.01.31 12:22:20.474,0.99347,0.99387,1.58,1.50
2011.01.31 12:22:20.586,0.99347,0.99387,1.65,1.50
2011.01.31 12:22:21.111,0.99347,0.99392,4.39,1.58
2011.01.31 12:22:22.083,0.99347,0.99392,10.38,1.65
2011.01.31 12:22:23.133,0.99347,0.99392,4.47,1.65
2011.01.31 12:22:23.693,0.99347,0.99387,3.90,1.50
2011.01.31 12:22:25.131,0.99347,0.99387,1.58,1.58
2011.01.31 12:22:28.845,0.99347,0.99387,1.95,1.58
2011.01.31 12:22:29.180,0.99354,0.99392,1.50,1.73
2011.01.31 12:22:30.833,0.99354,0.99392,1.50,1.65
2011.01.31 12:22:31.434,0.99354,0.99392,1.50,1.65
2011.01.31 12:22:33.191,0.99354,0.99392,1.50,1.58
2011.01.31 12:22:53.060,0.99353,0.99391,1.50,2.33
2011.01.31 12:22:53.842,0.99353,0.99391,1.88,2.33
2011.01.31 12:22:54.330,0.99357,0.99397,1.58,1.65
2011.01.31 12:22:55.432,0.99352,0.99392,1.77,1.58
2011.01.31 12:22:57.152,0.99352,0.99392,1.58,1.65
2011.01.31 12:22:58.070,0.99352,0.99392,1.58,1.58
2011.01.31 12:23:00.014,0.99352,0.99392,1.58,1.58
2011.01.31 12:23:03.452,0.99352,0.99392,1.65,1.50
2011.01.31 12:23:03.894,0.99355,0.99393,1.50,1.50
2011.01.31 12:23:04.633,0.99355,0.99393,1.65,1.50
2011.01.31 12:23:05.232,0.99355,0.99393,1.58,1.58
2011.01.31 12:23:05.474,0.99355,0.99393,1.50,1.65
2011.01.31 12:23:07.867,0.99355,0.99393,1.58,1.58
2011.01.31 12:23:10.733,0.99355,0.99393,1.50,1.65
2011.01.31 12:23:19.381,0.99355,0.99393,1.58,1.58
2011.01.31 12:23:21.721,0.99355,0.99393,1.58,1.50
2011.01.31 12:23:22.119,0.99356,0.99396,1.58,1.50
2011.01.31 12:23:22.451,0.99356,0.99396,1.65,1.50
2011.01.31 12:23:35.638,0.99356,0.99396,1.50,1.58
2011.01.31 12:23:35.752,0.99356,0.99396,1.50,1.50
2011.01.31 12:23:36.192,0.99356,0.99396,1.58,1.88
2011.01.31 12:23:36.633,0.99351,0.99391,1.58,1.50
2011.01.31 12:23:36.742,0.9935,0.99388,1.58,1.88
2011.01.31 12:23:36.961,0.99348,0.99386,1.58,1.50
2011.01.31 12:23:38.923,0.99348,0.99386,1.50,1.58
2011.01.31 12:23:39.363,0.99349,0.99389,1.65,2.03
2011.01.31 12:23:42.663,0.99353,0.99391,1.50,1.65
2011.01.31 12:23:42.771,0.99353,0.99391,1.50,2.33
2011.01.31 12:23:43.321,0.99353,0.99391,1.50,1.88
2011.01.31 12:23:43.540,0.99347,0.99387,1.58,1.50
2011.01.31 12:23:43.901,0.99347,0.99387,1.65,1.50
2011.01.31 12:23:44.271,0.99347,0.99387,1.65,1.50
2011.01.31 12:23:45.104,0.99347,0.99387,1.58,1.58
2011.01.31 12:23:45.973,0.99347,0.99387,1.65,1.50
2011.01.31 12:23:47.157,0.9934,0.99387,4.20,1.95
2011.01.31 12:23:48.491,0.99339,0.99386,2.40,1.88
2011.01.31 12:23:49.892,0.9934,0.99387,2.03,1.95
2011.01.31 12:23:50.864,0.9934,0.99387,1.95,4.28
2011.01.31 12:23:51.634,0.99339,0.99377,2.33,1.50
2011.01.31 12:23:51.745,0.99339,0.99377,2.63,1.50
2011.01.31 12:23:51.864,0.99341,0.99386,1.58,1.95
2011.01.31 12:23:52.968,0.99341,0.99386,1.65,1.95
2011.01.31 12:23:53.315,0.99341,0.99386,1.58,4.28
2011.01.31 12:23:54.038,0.99338,0.99387,3.45,1.95
2011.01.31 12:23:54.334,0.99339,0.99387,1.20,4.47
2011.01.31 12:23:54.662,0.99348,0.99386,1.50,4.28
2011.01.31 12:23:55.036,0.99348,0.99386,1.58,1.95
2011.01.31 12:23:55.701,0.99348,0.99386,1.50,4.28
2011.01.31 12:23:56.900,0.99348,0.99386,1.50,1.95
2011.01.31 12:23:59.542,0.99348,0.99386,1.50,4.28
2011.01.31 12:24:00.160,0.99348,0.99386,1.58,1.95
2011.01.31 12:24:01.827,0.99348,0.99386,1.65,1.88
2011.01.31 12:24:02.378,0.99348,0.99386,1.58,1.88
2011.01.31 12:24:04.174,0.99348,0.99386,1.58,1.95
2011.01.31 12:24:05.303,0.99348,0.99386,1.50,4.28
2011.01.31 12:24:09.132,0.99348,0.99386,1.50,1.95
2011.01.31 12:24:13.183,0.9934,0.99387,2.78,1.95
2011.01.31 12:24:18.752,0.9934,0.99387,2.89,1.65
2011.01.31 12:24:18.861,0.99347,0.99387,1.50,1.65
2011.01.31 12:24:18.972,0.99347,0.99387,1.50,1.65
2011.01.31 12:24:19.476,0.99347,0.99387,1.50,2.03
2011.01.31 12:24:19.812,0.99335,0.99373,3.75,1.88
2011.01.31 12:24:20.323,0.99337,0.99377,1.50,1.50
2011.01.31 12:24:21.001,0.99337,0.99377,1.58,1.58
2011.01.31 12:24:21.855,0.99337,0.99377,1.65,1.50
2011.01.31 12:24:23.191,0.99337,0.99377,1.65,1.50
2011.01.31 12:24:23.582,0.99328,0.99377,6.34,2.03
2011.01.31 12:24:24.219,0.99328,0.99377,2.78,4.47
2011.01.31 12:24:25.793,0.99328,0.99377,6.34,2.03
2011.01.31 12:24:29.643,0.99328,0.99371,10.09,1.50
2011.01.31 12:24:32.352,0.99328,0.99371,4.20,1.50
2011.01.31 12:24:32.694,0.99328,0.99371,10.56,1.50
2011.01.31 12:24:32.801,0.99335,0.99373,1.95,1.50
2011.01.31 12:24:32.914,0.99335,0.99373,1.50,1.95
2011.01.31 12:24:33.321,0.99328,0.99372,2.70,1.50
2011.01.31 12:24:34.562,0.99328,0.99372,2.78,1.65
2011.01.31 12:24:34.888,0.99328,0.99372,6.34,1.58
2011.01.31 12:24:35.306,0.99328,0.99372,2.78,1.50
2011.01.31 12:24:35.522,0.99328,0.99372,6.34,1.58
2011.01.31 12:24:35.632,0.99328,0.99372,2.70,1.58
2011.01.31 12:24:36.401,0.99328,0.99366,3.83,1.50
2011.01.31 12:24:36.921,0.99328,0.99366,1.65,1.50
2011.01.31 12:24:40.701,0.99328,0.99366,1.95,1.50
2011.01.31 12:24:40.922,0.99333,0.99373,1.50,1.95
2011.01.31 12:24:42.091,0.99333,0.99373,1.65,2.03
2011.01.31 12:24:42.671,0.99333,0.99373,1.65,2.03
2011.01.31 12:24:42.785,0.99331,0.99371,1.50,1.95
2011.01.31 12:24:43.845,0.9933,0.99368,1.50,1.88
2011.01.31 12:24:44.072,0.9933,0.99368,1.50,2.18
2011.01.31 12:24:45.012,0.9933,0.99368,1.50,2.03
2011.01.31 12:24:45.343,0.99321,0.99366,1.58,4.28
2011.01.31 12:24:45.454,0.99321,0.99366,1.95,1.58
2011.01.31 12:24:45.563,0.99329,0.99369,1.50,2.03
2011.01.31 12:24:47.035,0.99329,0.99369,1.50,2.18
2011.01.31 12:24:48.032,0.99327,0.99365,1.50,2.03
2011.01.31 12:24:48.251,0.99327,0.99365,1.50,1.50
2011.01.31 12:24:48.584,0.9933,0.99368,1.50,1.80
2011.01.31 12:24:51.763,0.99328,0.99366,1.58,1.50
2011.01.31 12:24:52.381,0.99328,0.99366,1.50,1.58
2011.01.31 12:24:53.145,0.99328,0.99366,1.65,1.50
2011.01.31 12:24:53.885,0.99329,0.99367,1.58,1.58
2011.01.31 12:24:58.431,0.99329,0.99367,1.88,1.58
2011.01.31 12:24:58.981,0.99332,0.9937,1.50,1.58
2011.01.31 12:24:59.623,0.99328,0.99368,1.58,1.58
2011.01.31 12:25:01.121,0.99328,0.99368,1.50,1.65
2011.01.31 12:25:04.611,0.99329,0.99369,1.50,2.03
2011.01.31 12:25:05.053,0.9933,0.99368,1.58,1.88
2011.01.31 12:25:05.397,0.9933,0.99368,1.50,1.95
2011.01.31 12:25:05.679,0.99328,0.99366,1.58,1.50
2011.01.31 12:25:07.012,0.99328,0.99366,1.58,1.58
2011.01.31 12:25:07.561,0.99323,0.99367,1.50,1.95
2011.01.31 12:25:07.831,0.99327,0.99367,1.50,1.58
2011.01.31 12:25:08.163,0.99321,0.99366,4.20,1.95
2011.01.31 12:25:09.062,0.99321,0.99367,1.88,2.18
2011.01.31 12:25:11.083,0.99321,0.99367,2.03,1.95
2011.01.31 12:25:11.412,0.99321,0.99359,1.58,1.88
2011.01.31 12:25:12.424,0.99321,0.99359,1.58,1.88
2011.01.31 12:25:12.652,0.99321,0.99359,1.50,2.14
2011.01.31 12:25:12.764,0.9931,0.99357,4.28,1.95
2011.01.31 12:25:14.336,0.99318,0.99356,1.50,1.50
2011.01.31 12:25:14.901,0.99318,0.99356,1.58,1.50
2011.01.31 12:25:16.974,0.99318,0.99356,1.58,1.58
2011.01.31 12:25:23.462,0.99318,0.99356,1.65,1.88
2011.01.31 12:25:23.572,0.99318,0.99356,1.50,1.58
2011.01.31 12:25:23.682,0.99312,0.99356,1.88,1.58
2011.01.31 12:25:23.792,0.99319,0.99359,1.50,2.03
2011.01.31 12:25:24.335,0.99311,0.99356,1.95,1.95
2011.01.31 12:25:26.137,0.99311,0.99356,1.88,4.43
2011.01.31 12:25:27.851,0.99311,0.99356,1.88,1.80
2011.01.31 12:25:28.182,0.99319,0.99359,1.50,4.47
2011.01.31 12:25:28.291,0.99314,0.99356,2.25,4.28
2011.01.31 12:25:28.401,0.99311,0.99356,1.95,4.28
2011.01.31 12:25:28.991,0.99308,0.99356,2.78,4.43
2011.01.31 12:25:29.104,0.99308,0.99346,1.65,1.50
2011.01.31 12:25:30.002,0.99308,0.99346,1.50,1.58
2011.01.31 12:25:30.441,0.99308,0.99346,2.03,1.50
2011.01.31 12:25:30.735,0.99314,0.99352,1.50,6.15
2011.01.31 12:25:30.852,0.99308,0.99346,1.50,1.58
2011.01.31 12:25:36.245,0.99308,0.99346,1.50,1.50
2011.01.31 12:25:38.247,0.99308,0.99346,1.50,1.58
2011.01.31 12:25:40.573,0.993,0.99337,6.53,1.50
2011.01.31 12:25:40.685,0.99298,0.99336,1.50,1.50
2011.01.31 12:25:40.913,0.99295,0.99346,2.63,6.63
2011.01.31 12:25:41.625,0.99294,0.99346,1.20,2.52
2011.01.31 12:25:42.171,0.99294,0.99346,1.20,2.52
2011.01.31 12:25:42.982,0.99294,0.99346,1.32,1.20
2011.01.31 12:25:43.204,0.993,0.99347,1.50,4.58
2011.01.31 12:25:43.627,0.99294,0.99341,2.33,1.32
2011.01.31 12:25:45.114,0.99288,0.99336,2.78,1.95
2011.01.31 12:25:45.223,0.99288,0.99336,2.40,4.39
2011.01.31 12:25:45.442,0.99287,0.99337,6.45,2.63
2011.01.31 12:25:45.553,0.99287,0.99337,4.39,2.63
2011.01.31 12:25:46.679,0.99287,0.99337,15.83,2.33
2011.01.31 12:25:47.014,0.9929,0.99336,2.78,1.88
2011.01.31 12:25:47.551,0.99288,0.99336,10.38,1.88
2011.01.31 12:25:48.025,0.99288,0.99336,4.94,1.95
2011.01.31 12:25:49.935,0.99297,0.99337,1.65,1.95
2011.01.31 12:25:50.382,0.99288,0.99333,1.73,2.63
2011.01.31 12:25:50.492,0.99287,0.99327,9.60,1.50
2011.01.31 12:25:50.823,0.99288,0.99327,4.47,1.50
2011.01.31 12:25:50.933,0.99297,0.99337,1.50,1.95
2011.01.31 12:25:52.293,0.99288,0.99336,10.09,1.88
2011.01.31 12:25:53.675,0.99288,0.99336,1.58,4.39
2011.01.31 12:25:57.682,0.99283,0.99335,1.09,10.02
2011.01.31 12:25:58.712,0.99281,0.99327,1.65,1.88
2011.01.31 12:25:59.037,0.99281,0.99327,1.65,1.88
2011.01.31 12:25:59.922,0.99281,0.99327,1.65,2.03
2011.01.31 12:26:06.095,0.9928,0.99327,2.03,2.18
2011.01.31 12:26:06.204,0.9928,0.9933,4.47,2.18
2011.01.31 12:26:06.532,0.99281,0.9933,4.62,2.03
2011.01.31 12:26:06.772,0.99281,0.9933,4.47,2.18
2011.01.31 12:26:06.886,0.99281,0.9933,4.62,2.03
2011.01.31 12:26:07.004,0.99282,0.9933,1.15,1.88
2011.01.31 12:26:10.714,0.99281,0.9933,4.39,1.95
2011.01.31 12:26:11.671,0.99283,0.9933,2.78,1.88
2011.01.31 12:26:14.592,0.99282,0.9933,6.63,1.50
2011.01.31 12:26:15.033,0.99287,0.99329,4.58,1.50
2011.01.31 12:26:15.364,0.99281,0.99329,2.03,1.88
2011.01.31 12:26:15.716,0.99279,0.99326,1.95,1.88
2011.01.31 12:26:16.384,0.99279,0.99326,4.47,1.50
2011.01.31 12:26:17.438,0.99287,0.99327,1.65,1.50
2011.01.31 12:26:17.992,0.99287,0.99327,1.65,1.58
2011.01.31 12:26:19.106,0.99287,0.99327,1.65,1.50
2011.01.31 12:26:19.222,0.99287,0.99327,2.22,1.50
2011.01.31 12:26:19.552,0.99288,0.99329,2.03,1.50
2011.01.31 12:26:19.881,0.99288,0.99329,4.28,1.50
2011.01.31 12:26:20.664,0.99288,0.99329,2.03,1.50
2011.01.31 12:26:20.904,0.99288,0.99329,4.80,1.50
2011.01.31 12:26:21.545,0.99288,0.99329,4.39,1.50
2011.01.31 12:26:21.663,0.99296,0.99336,1.50,1.58
2011.01.31 12:26:21.883,0.99288,0.99329,4.28,1.50
2011.01.31 12:26:22.212,0.99293,0.99333,1.95,1.58
2011.01.31 12:26:22.433,0.99294,0.99334,1.50,2.07
2011.01.31 12:26:22.961,0.99288,0.99329,4.39,1.50
2011.01.31 12:26:23.505,0.99288,0.99329,4.62,1.50
2011.01.31 12:26:25.064,0.99288,0.99329,10.38,1.50
2011.01.31 12:26:27.152,0.99288,0.99329,4.47,1.50
2011.01.31 12:26:27.421,0.99288,0.99329,2.22,1.50
2011.01.31 12:26:27.641,0.99287,0.99327,2.03,1.50
2011.01.31 12:26:29.001,0.99287,0.99327,4.28,1.58
2011.01.31 12:26:29.311,0.99287,0.99327,1.95,1.65
2011.01.31 12:26:39.625,0.99287,0.99327,2.03,1.50
2011.01.31 12:26:47.714,0.99288,0.99329,1.95,1.58
2011.01.31 12:26:48.232,0.99291,0.99336,2.03,1.50
2011.01.31 12:26:48.891,0.99291,0.99336,4.28,2.33
2011.01.31 12:26:49.642,0.99291,0.99336,1.95,2.33
2011.01.31 12:26:49.973,0.993,0.99338,1.50,1.65
2011.01.31 12:26:50.082,0.99293,0.99336,2.78,1.58
2011.01.31 12:26:50.191,0.99291,0.99336,2.03,1.65
2011.01.31 12:26:55.617,0.99291,0.99336,4.47,1.50
2011.01.31 12:27:00.241,0.99291,0.99336,4.28,1.58
2011.01.31 12:27:21.142,0.9929,0.99337,2.03,2.55
2011.01.31 12:27:21.412,0.9929,0.99337,4.43,2.40
2011.01.31 12:27:22.421,0.9929,0.99337,4.43,2.40
2011.01.31 12:27:23.701,0.9929,0.99337,4.43,2.40
2011.01.31 12:27:24.972,0.9929,0.99337,4.43,2.40
2011.01.31 12:27:28.288,0.9929,0.99337,4.43,2.40
2011.01.31 12:27:31.799,0.9929,0.99337,4.43,2.40
2011.01.31 12:27:32.130,0.993,0.99338,1.88,2.40
2011.01.31 12:27:32.861,0.993,0.99338,1.88,2.33
2011.01.31 12:27:33.961,0.993,0.99338,1.88,4.65
2011.01.31 12:27:51.367,0.99298,0.99338,1.95,1.58
2011.01.31 12:27:53.097,0.99298,0.99338,1.95,1.58
2011.01.31 12:27:53.432,0.993,0.99347,1.95,2.40
2011.01.31 12:27:53.544,0.993,0.99343,1.95,3.08
2011.01.31 12:27:53.654,0.99298,0.99338,2.03,1.58
2011.01.31 12:27:54.008,0.993,0.99347,1.65,2.40
2011.01.31 12:27:54.362,0.993,0.99347,1.58,2.40
2011.01.31 12:27:54.691,0.99299,0.99337,1.58,1.50
2011.01.31 12:27:55.245,0.993,0.99347,1.95,2.48
2011.01.31 12:27:55.476,0.99299,0.99337,1.95,1.50
2011.01.31 12:27:55.856,0.993,0.99347,1.95,2.40
2011.01.31 12:27:58.141,0.993,0.99347,4.28,2.40
2011.01.31 12:27:58.363,0.993,0.99347,1.95,4.84
2011.01.31 12:28:01.723,0.993,0.99347,4.28,2.33
2011.01.31 12:28:02.163,0.993,0.99347,2.03,2.40
2011.01.31 12:28:04.839,0.993,0.99347,1.95,4.84
2011.01.31 12:28:05.301,0.993,0.99347,2.03,2.40
2011.01.31 12:28:10.012,0.993,0.99347,4.28,2.33
2011.01.31 12:28:12.901,0.993,0.99347,1.95,4.65
2011.01.31 12:28:25.863,0.99301,0.99346,4.28,1.58
2011.01.31 12:28:26.481,0.99301,0.99346,1.95,1.65
2011.01.31 12:28:30.526,0.99301,0.99346,2.03,2.40
2011.01.31 12:28:30.753,0.99301,0.99346,4.28,1.58
2011.01.31 12:28:31.082,0.99301,0.99346,1.95,1.84
2011.01.31 12:28:31.194,0.99301,0.99346,1.50,4.47
2011.01.31 12:28:31.714,0.99298,0.99336,1.50,1.50
2011.01.31 12:28:32.251,0.99299,0.99337,1.50,1.65
2011.01.31 12:28:32.827,0.99299,0.99337,1.50,1.58
2011.01.31 12:28:33.962,0.99299,0.99339,1.50,5.39
2011.01.31 12:28:37.075,0.99299,0.99337,1.88,1.58
2011.01.31 12:28:37.423,0.99301,0.99339,1.50,1.65
2011.01.31 12:28:38.561,0.99299,0.99337,1.50,1.58
2011.01.31 12:28:40.053,0.99299,0.99337,1.50,1.73
2011.01.31 12:28:41.388,0.99298,0.99336,1.50,1.65
2011.01.31 12:28:46.473,0.99298,0.99336,1.50,1.58
2011.01.31 12:28:46.844,0.99298,0.99336,1.50,1.65
2011.01.31 12:28:46.952,0.99288,0.99336,2.22,1.65
2011.01.31 12:28:47.172,0.99288,0.99336,4.90,1.50
2011.01.31 12:28:47.787,0.99288,0.99336,2.22,1.65
2011.01.31 12:29:04.192,0.99297,0.99337,1.88,1.65
2011.01.31 12:29:04.305,0.99297,0.99337,1.95,1.50
2011.01.31 12:29:04.764,0.99297,0.99337,1.50,1.65
2011.01.31 12:29:05.335,0.99291,0.99336,2.03,1.50
2011.01.31 12:29:05.802,0.99291,0.99336,4.43,1.50
2011.01.31 12:29:06.108,0.99291,0.99336,4.28,1.58
2011.01.31 12:29:08.803,0.99291,0.99336,2.03,1.65
2011.01.31 12:29:19.739,0.99293,0.99337,1.30,1.50
2011.01.31 12:29:20.163,0.99292,0.9934,1.13,1.65
2011.01.31 12:29:20.278,0.99297,0.99341,2.22,1.50
2011.01.31 12:29:20.721,0.99297,0.99341,4.39,1.58
2011.01.31 12:29:20.945,0.99297,0.99341,2.25,1.95
2011.01.31 12:29:21.314,0.9929,0.99341,15.64,1.95
2011.01.31 12:29:22.734,0.99292,0.99341,2.78,2.03
2011.01.31 12:29:25.158,0.99292,0.9934,2.03,1.88
2011.01.31 12:29:25.385,0.99303,0.99343,1.50,2.03
2011.01.31 12:29:25.496,0.99303,0.99343,1.88,1.65
2011.01.31 12:29:25.612,0.99305,0.99343,1.50,2.03
2011.01.31 12:29:25.833,0.99297,0.99337,4.65,1.50
2011.01.31 12:29:26.155,0.99296,0.99341,1.88,1.95
2011.01.31 12:29:28.001,0.99298,0.99336,1.50,1.50
2011.01.31 12:29:28.332,0.99298,0.9934,1.88,1.58
2011.01.31 12:29:29.224,0.99298,0.9934,1.95,1.58
2011.01.31 12:29:30.113,0.99298,0.9934,1.88,1.65
2011.01.31 12:29:30.427,0.99305,0.99343,1.88,1.65
2011.01.31 12:29:30.652,0.99297,0.99341,4.39,1.58
2011.01.31 12:29:31.201,0.99297,0.99341,10.38,1.50
2011.01.31 12:29:31.742,0.99297,0.99341,4.47,1.58
2011.01.31 12:29:32.349,0.99297,0.99341,4.47,1.58
2011.01.31 12:29:32.464,0.99297,0.99341,12.34,1.50
2011.01.31 12:29:32.573,0.99305,0.99343,1.50,1.50
2011.01.31 12:29:32.792,0.99299,0.9934,1.13,1.50
2011.01.31 12:29:33.563,0.99298,0.9934,4.75,1.50
2011.01.31 12:29:34.630,0.99298,0.9934,2.14,1.58
2011.01.31 12:29:34.858,0.99298,0.9934,4.94,1.50
2011.01.31 12:29:35.084,0.99298,0.9934,2.14,1.58
2011.01.31 12:29:35.206,0.99298,0.9934,4.75,1.50
2011.01.31 12:29:35.630,0.99308,0.99346,1.50,1.65
2011.01.31 12:29:35.749,0.99308,0.99346,1.50,1.50
2011.01.31 12:29:36.324,0.99308,0.99356,4.20,2.14
2011.01.31 12:29:36.433,0.99308,0.99356,6.45,4.47
2011.01.31 12:29:38.004,0.99308,0.99356,4.28,4.47
2011.01.31 12:29:38.782,0.99308,0.99356,4.28,4.62
2011.01.31 12:29:42.121,0.9931,0.99357,2.03,2.37
2011.01.31 12:29:46.213,0.9931,0.99357,1.88,4.99
2011.01.31 12:29:51.213,0.9931,0.99357,2.03,2.22
2011.01.31 12:29:51.324,0.99317,0.99357,1.50,1.65
2011.01.31 12:29:51.742,0.99317,0.99357,1.50,1.88
2011.01.31 12:29:51.857,0.99312,0.99352,1.77,1.50
2011.01.31 12:29:51.968,0.99317,0.99357,2.07,1.50
2011.01.31 12:29:52.378,0.99311,0.99356,3.75,1.88
2011.01.31 12:29:52.656,0.99311,0.99361,4.13,1.13
2011.01.31 12:29:52.771,0.99311,0.99361,4.13,1.32
2011.01.31 12:29:52.998,0.99317,0.99357,1.50,1.50
2011.01.31 12:29:53.506,0.99318,0.99358,1.50,1.50
2011.01.31 12:29:53.834,0.9932,0.9936,1.50,1.88
2011.01.31 12:29:54.387,0.9932,0.9936,1.50,1.95
2011.01.31 12:29:55.119,0.99319,0.99359,1.50,1.95
2011.01.31 12:29:55.513,0.99321,0.99359,1.50,2.03
2011.01.31 12:29:55.877,0.99321,0.99359,1.50,1.95
2011.01.31 12:29:55.996,0.99321,0.99359,1.50,2.03
2011.01.31 12:29:56.104,0.99319,0.99359,1.50,2.03
2011.01.31 12:29:58.613,0.9932,0.99358,1.50,1.80
2011.01.31 12:29:59.063,0.9932,0.99359,1.50,1.17
2011.01.31 12:30:01.694,0.9932,0.9936,1.50,4.28
2011.01.31 12:30:02.277,0.9932,0.99363,1.50,1.19
2011.01.31 12:30:03.284,0.9932,0.99367,1.88,2.93
2011.01.31 12:30:05.004,0.9932,0.99364,1.88,1.17
2011.01.31 12:30:05.594,0.9932,0.99364,1.88,1.17
2011.01.31 12:30:06.367,0.99321,0.99364,1.50,1.17
2011.01.31 12:30:07.215,0.99321,0.99364,1.50,1.39
2011.01.31 12:30:07.741,0.99319,0.99359,1.50,1.95
2011.01.31 12:30:08.281,0.99313,0.99357,2.25,2.03
2011.01.31 12:30:08.735,0.99309,0.99349,1.50,1.50
2011.01.31 12:30:09.085,0.99304,0.99349,1.13,1.69
2011.01.31 12:30:09.496,0.99301,0.99349,1.50,2.22
2011.01.31 12:30:09.724,0.9931,0.9935,2.07,1.65
2011.01.31 12:30:10.128,0.99318,0.99356,1.50,4.43
2011.01.31 12:30:10.235,0.99311,0.99356,3.75,4.43
2011.01.31 12:30:10.778,0.9931,0.99356,1.69,2.55
2011.01.31 12:30:10.997,0.99311,0.99355,2.25,1.15
2011.01.31 12:30:11.324,0.99302,0.99349,2.14,1.50
2011.01.31 12:30:12.265,0.99304,0.99349,1.95,1.50
2011.01.31 12:30:13.064,0.99304,0.99356,1.95,4.32
2011.01.31 12:30:13.174,0.99304,0.99355,1.88,2.82
2011.01.31 12:30:13.575,0.99307,0.99347,1.50,1.88
2011.01.31 12:30:13.904,0.99309,0.99352,1.13,2.25
2011.01.31 12:30:14.678,0.99309,0.99357,3.38,1.88
2011.01.31 12:30:15.357,0.99308,0.99357,4.50,1.88
2011.01.31 12:30:15.913,0.99308,0.99348,1.50,1.50
2011.01.31 12:30:16.592,0.99308,0.99348,1.58,1.50
2011.01.31 12:30:16.720,0.99308,0.99348,1.58,1.50
2011.01.31 12:30:17.245,0.9931,0.99348,1.50,1.50
2011.01.31 12:30:17.819,0.99308,0.99348,1.58,1.50
2011.01.31 12:30:19.987,0.99308,0.99348,1.65,1.50
2011.01.31 12:30:20.455,0.99311,0.99351,1.88,1.58
2011.01.31 12:30:20.564,0.99311,0.99351,1.95,1.50
2011.01.31 12:30:20.674,0.99311,0.99351,1.58,1.88
2011.01.31 12:30:20.896,0.99304,0.99342,1.58,1.50
2011.01.31 12:30:21.113,0.99308,0.99348,1.58,1.50
2011.01.31 12:30:21.365,0.99308,0.99348,1.50,1.65
2011.01.31 12:30:21.695,0.99313,0.99352,1.58,1.58
2011.01.31 12:30:22.203,0.99314,0.99351,1.50,1.50
2011.01.31 12:30:23.297,0.99312,0.99352,1.50,3.15
2011.01.31 12:30:23.951,0.99311,0.99349,1.50,1.95
2011.01.31 12:30:24.286,0.9931,0.9935,1.58,1.88
2011.01.31 12:30:25.418,0.99312,0.99351,1.58,2.25
2011.01.31 12:30:25.537,0.99312,0.99351,1.50,2.33
2011.01.31 12:30:25.656,0.99312,0.9935,1.58,1.13
2011.01.31 12:30:26.163,0.99311,0.99349,1.65,1.50
2011.01.31 12:30:26.913,0.99308,0.99348,1.80,1.50
2011.01.31 12:30:27.922,0.99308,0.99348,1.65,1.58
2011.01.31 12:30:28.958,0.99311,0.99356,1.58,1.20
2011.01.31 12:30:29.404,0.99311,0.99352,1.95,1.50
2011.01.31 12:30:29.517,0.99312,0.99359,2.14,1.20
2011.01.31 12:30:30.082,0.99309,0.99347,1.50,1.50
2011.01.31 12:30:31.124,0.99309,0.99347,1.58,1.50
2011.01.31 12:30:31.468,0.99309,0.99347,1.50,1.50
2011.01.31 12:30:32.405,0.99309,0.99347,1.58,1.50
2011.01.31 12:30:32.809,0.99309,0.99347,1.50,1.58
2011.01.31 12:30:34.144,0.99309,0.99347,1.88,1.50
2011.01.31 12:30:34.255,0.99309,0.99347,1.88,1.58
2011.01.31 12:30:34.637,0.99312,0.99356,1.58,4.28
2011.01.31 12:30:35.214,0.99312,0.99356,1.50,4.75
2011.01.31 12:30:36.382,0.99312,0.99356,1.50,4.39
2011.01.31 12:30:39.032,0.99312,0.99354,1.50,1.15
2011.01.31 12:30:39.166,0.99312,0.99356,1.50,4.39
2011.01.31 12:30:39.392,0.99312,0.99356,1.50,4.75
2011.01.31 12:30:41.784,0.99312,0.99356,1.50,4.39
2011.01.31 12:30:42.266,0.99312,0.99354,1.50,1.15
2011.01.31 12:30:45.703,0.99312,0.99356,1.50,4.39
2011.01.31 12:30:45.946,0.99312,0.99356,1.50,6.63
2011.01.31 12:30:46.163,0.99312,0.99356,1.50,6.27
2011.01.31 12:30:47.695,0.99312,0.99356,1.50,2.70
2011.01.31 12:30:47.808,0.9932,0.99356,1.50,1.20
2011.01.31 12:30:50.028,0.9932,0.99356,1.50,1.13
2011.01.31 12:30:50.596,0.9932,0.99356,1.50,1.13
2011.01.31 12:30:50.899,0.99309,0.99349,1.50,1.88
2011.01.31 12:30:51.587,0.99309,0.99349,1.50,2.03
2011.01.31 12:30:51.914,0.99309,0.99347,1.50,2.40
2011.01.31 12:30:52.353,0.99309,0.99346,1.50,1.28
2011.01.31 12:30:52.973,0.99309,0.99346,1.50,2.40
2011.01.31 12:30:54.016,0.99309,0.99346,1.50,1.28
2011.01.31 12:30:55.167,0.99309,0.99346,1.50,2.55
2011.01.31 12:30:55.994,0.99309,0.99346,1.50,2.40
2011.01.31 12:30:56.710,0.99309,0.99346,1.50,1.20
2011.01.31 12:30:57.855,0.99309,0.99347,1.50,1.09
2011.01.31 12:30:58.144,0.99309,0.99349,1.50,4.65
2011.01.31 12:30:58.642,0.99309,0.99349,1.50,2.33
2011.01.31 12:30:58.753,0.99309,0.99349,1.50,4.65
2011.01.31 12:31:03.003,0.99309,0.99349,1.50,4.65
2011.01.31 12:31:03.523,0.99309,0.99349,1.50,1.95
2011.01.31 12:31:03.854,0.99309,0.99347,1.50,1.28
2011.01.31 12:31:05.069,0.99309,0.99349,1.50,1.58
2011.01.31 12:31:05.964,0.99309,0.99349,1.50,1.65
2011.01.31 12:31:06.474,0.99309,0.99349,1.50,4.47
2011.01.31 12:31:06.694,0.99302,0.99346,3.83,4.28
2011.01.31 12:31:12.963,0.99302,0.99346,1.65,1.95
2011.01.31 12:31:13.846,0.99302,0.99346,1.65,2.03
2011.01.31 12:31:14.053,0.99302,0.99346,1.80,1.88
2011.01.31 12:31:15.414,0.99302,0.99346,1.58,4.28
2011.01.31 12:31:17.645,0.99302,0.99346,1.65,1.95
2011.01.31 12:31:25.939,0.99302,0.99346,1.65,1.95
2011.01.31 12:31:27.228,0.99302,0.99346,1.80,1.88
2011.01.31 12:31:27.438,0.99302,0.99346,1.65,2.03
2011.01.31 12:31:29.115,0.99302,0.99346,1.80,1.88
2011.01.31 12:31:29.578,0.99302,0.99346,1.65,2.03
2011.01.31 12:31:35.168,0.99301,0.99347,4.47,1.65
2011.01.31 12:31:35.504,0.99308,0.99346,1.50,1.58
2011.01.31 12:31:35.944,0.99309,0.99347,1.50,1.50
2011.01.31 12:31:36.257,0.99309,0.99347,1.88,1.50
2011.01.31 12:31:36.379,0.99311,0.99351,2.14,1.50
2011.01.31 12:31:36.496,0.99311,0.99351,4.39,1.50
2011.01.31 12:31:36.715,0.99311,0.99351,1.50,1.50
2011.01.31 12:31:36.934,0.99311,0.99351,1.88,1.50
2011.01.31 12:31:37.376,0.99311,0.99362,4.13,1.20
2011.01.31 12:31:38.327,0.99311,0.99361,2.03,1.28
2011.01.31 12:31:41.713,0.99311,0.99361,2.03,1.28
2011.01.31 12:31:42.459,0.99311,0.99357,2.03,1.88
2011.01.31 12:31:44.037,0.99311,0.99357,1.95,4.28
2011.01.31 12:31:45.819,0.99311,0.99357,1.88,4.43
2011.01.31 12:31:46.236,0.99311,0.99357,2.03,2.03
2011.01.31 12:31:47.335,0.99311,0.99357,1.88,4.43
2011.01.31 12:31:48.552,0.99311,0.99357,2.03,2.03
2011.01.31 12:31:55.594,0.99313,0.99357,2.25,2.03
2011.01.31 12:31:55.707,0.99313,0.99357,2.82,1.58
2011.01.31 12:31:56.044,0.9932,0.99353,1.50,2.63
2011.01.31 12:31:56.155,0.99309,0.99347,1.88,1.50
2011.01.31 12:31:56.264,0.99309,0.99347,2.14,1.58
2011.01.31 12:31:58.703,0.99311,0.99351,1.50,1.95
2011.01.31 12:31:58.924,0.99311,0.99351,1.95,1.50
2011.01.31 12:31:59.337,0.99312,0.99359,1.88,2.78
2011.01.31 12:31:59.446,0.99312,0.99359,1.50,2.03
2011.01.31 12:32:00.112,0.99311,0.99357,1.50,2.03
2011.01.31 12:32:01.036,0.99311,0.99357,1.58,2.03
2011.01.31 12:32:02.024,0.99311,0.99357,1.58,4.28
2011.01.31 12:32:04.324,0.99311,0.99357,1.65,2.03
2011.01.31 12:32:04.654,0.99311,0.99357,1.58,1.88
2011.01.31 12:32:04.763,0.99311,0.9936,1.95,1.95
2011.01.31 12:32:05.166,0.99311,0.9936,4.20,1.58
2011.01.31 12:32:05.713,0.99311,0.9936,1.95,1.95
2011.01.31 12:32:10.016,0.99311,0.9936,2.03,1.88
2011.01.31 12:32:10.755,0.99312,0.99361,2.03,2.03
2011.01.31 12:32:10.976,0.99311,0.99364,1.80,2.97
2011.01.31 12:32:11.289,0.99312,0.99356,1.58,1.95
2011.01.31 12:32:11.515,0.99312,0.99356,1.65,1.88
2011.01.31 12:32:13.004,0.99312,0.99356,1.58,4.28
2011.01.31 12:32:13.226,0.99312,0.99356,2.14,1.50
2011.01.31 12:32:13.335,0.99311,0.99365,2.22,2.22
2011.01.31 12:32:13.444,0.99311,0.99365,2.22,4.90
2011.01.31 12:32:15.654,0.99312,0.99365,2.97,2.37
2011.01.31 12:32:15.767,0.99318,0.99365,2.63,1.95
2011.01.31 12:32:15.883,0.9932,0.99365,1.88,2.03
2011.01.31 12:32:16.103,0.99312,0.99364,1.95,4.28
2011.01.31 12:32:17.983,0.99312,0.99364,1.88,4.47
2011.01.31 12:32:18.372,0.99311,0.99357,1.69,2.18
2011.01.31 12:32:19.006,0.99311,0.99357,1.50,4.47
2011.01.31 12:32:20.643,0.99311,0.99357,1.50,4.43
2011.01.31 12:32:24.103,0.99311,0.99357,2.07,1.80
2011.01.31 12:32:24.219,0.99311,0.99361,1.69,2.40
2011.01.31 12:32:24.334,0.99312,0.99351,1.50,1.50
2011.01.31 12:32:26.053,0.99312,0.99351,1.50,1.58
2011.01.31 12:32:26.849,0.99312,0.99351,1.50,1.50
2011.01.31 12:32:26.965,0.99318,0.99356,1.50,1.95
2011.01.31 12:32:27.293,0.99313,0.99356,1.50,4.28
2011.01.31 12:32:27.720,0.99313,0.99356,1.50,1.95
2011.01.31 12:32:28.067,0.99309,0.99347,1.50,1.50
2011.01.31 12:32:28.396,0.99309,0.99347,1.50,1.65
2011.01.31 12:32:30.336,0.99309,0.99347,1.50,1.65
2011.01.31 12:32:30.453,0.99309,0.99347,1.88,1.65
2011.01.31 12:32:30.785,0.9932,0.99359,1.50,1.17
2011.01.31 12:32:31.349,0.9932,0.9936,1.50,4.28
2011.01.31 12:32:31.587,0.9932,0.99359,1.50,1.17
2011.01.31 12:32:33.955,0.9932,0.9936,1.50,4.28
2011.01.31 12:32:34.176,0.9932,0.9936,1.50,1.95
2011.01.31 12:32:34.689,0.99321,0.99361,1.50,1.58
2011.01.31 12:32:36.038,0.99321,0.99361,1.50,1.65
2011.01.31 12:32:37.048,0.99321,0.99361,1.50,1.65
2011.01.31 12:32:38.805,0.99321,0.99361,1.58,1.58
2011.01.31 12:32:39.277,0.99321,0.99361,1.50,1.65
2011.01.31 12:32:39.387,0.99321,0.99361,1.58,1.58
2011.01.31 12:32:42.150,0.99322,0.99366,1.65,2.03
2011.01.31 12:32:42.264,0.99322,0.99366,2.03,2.40
2011.01.31 12:32:42.484,0.99321,0.99366,1.84,1.28
2011.01.31 12:32:42.705,0.99321,0.99367,2.22,2.40
2011.01.31 12:32:43.156,0.99322,0.99363,2.03,1.09
2011.01.31 12:32:43.375,0.99315,0.99347,2.25,1.88
2011.01.31 12:32:43.717,0.99303,0.99347,1.50,1.88
2011.01.31 12:32:44.604,0.99303,0.99347,1.50,1.69
2011.01.31 12:32:44.715,0.99299,0.99337,1.50,1.50
2011.01.31 12:32:46.103,0.99302,0.99348,1.50,3.83
2011.01.31 12:32:46.704,0.99302,0.99348,1.58,1.58
2011.01.31 12:32:47.844,0.99303,0.99352,1.58,1.28
2011.01.31 12:32:48.175,0.99302,0.99347,1.58,1.95
2011.01.31 12:32:48.355,0.99302,0.99347,1.58,1.88
2011.01.31 12:32:48.471,0.99302,0.99347,2.03,1.50
2011.01.31 12:32:49.064,0.99302,0.99352,2.03,1.28
2011.01.31 12:32:49.578,0.99302,0.99352,1.88,1.43
2011.01.31 12:32:50.825,0.99302,0.99352,2.03,2.40
2011.01.31 12:32:53.592,0.99302,0.99352,2.18,1.28
2011.01.31 12:32:53.758,0.99302,0.99352,2.03,2.55
2011.01.31 12:32:55.428,0.99302,0.99352,2.18,1.28
2011.01.31 12:32:55.564,0.99302,0.99352,2.03,2.55
2011.01.31 12:32:55.688,0.99302,0.99352,2.18,1.28
2011.01.31 12:32:56.785,0.99302,0.99352,2.03,2.93
2011.01.31 12:32:58.174,0.99306,0.99352,2.63,1.09
2011.01.31 12:32:58.625,0.99313,0.99351,1.50,2.40
2011.01.31 12:32:58.733,0.99303,0.99351,1.95,2.40
2011.01.31 12:32:58.954,0.99305,0.99352,6.15,1.20
2011.01.31 12:32:59.929,0.99305,0.99354,2.70,4.47
2011.01.31 12:33:01.424,0.99309,0.99354,1.88,3.98
2011.01.31 12:33:02.549,0.99308,0.99357,4.13,4.28
2011.01.31 12:33:03.131,0.99308,0.99357,4.20,4.28
2011.01.31 12:33:04.610,0.99308,0.99348,3.83,1.39
2011.01.31 12:33:04.936,0.99299,0.99337,1.50,1.50
2011.01.31 12:33:05.156,0.99299,0.99337,1.58,1.50
2011.01.31 12:33:05.568,0.99292,0.99337,1.77,1.58
2011.01.31 12:33:06.130,0.99292,0.99337,1.77,1.50
2011.01.31 12:33:07.054,0.99292,0.99337,1.77,1.58
2011.01.31 12:33:09.075,0.99292,0.99337,1.77,1.65
2011.01.31 12:33:09.436,0.99298,0.99338,1.50,1.58
2011.01.31 12:33:09.654,0.99293,0.99338,1.58,1.58
2011.01.31 12:33:09.875,0.99293,0.99338,2.44,1.50
2011.01.31 12:33:10.324,0.99313,0.99353,2.07,1.73
2011.01.31 12:33:10.440,0.99318,0.99358,1.50,1.80
2011.01.31 12:33:10.884,0.99318,0.99358,1.50,1.58
2011.01.31 12:33:10.996,0.99318,0.99358,2.07,1.58
2011.01.31 12:33:11.606,0.99318,0.99362,4.32,1.58
2011.01.31 12:33:11.825,0.99318,0.99362,4.32,1.50
2011.01.31 12:33:12.045,0.99322,0.99362,2.82,1.50
2011.01.31 12:33:12.374,0.99327,0.99352,1.50,3.75
2011.01.31 12:33:12.483,0.99309,0.99347,1.88,1.50
2011.01.31 12:33:12.837,0.99311,0.99351,10.38,1.50
2011.01.31 12:33:13.176,0.99311,0.99352,1.95,1.50
2011.01.31 12:33:14.185,0.99318,0.99358,1.50,1.95
2011.01.31 12:33:14.406,0.99311,0.99358,1.88,4.75
2011.01.31 12:33:14.519,0.99311,0.99358,1.95,2.14
2011.01.31 12:33:15.408,0.99318,0.99358,1.50,1.95
2011.01.31 12:33:15.792,0.99319,0.99362,2.63,2.25
2011.01.31 12:33:15.906,0.99321,0.99368,1.88,1.88
2011.01.31 12:33:16.466,0.99321,0.99368,1.88,2.03
2011.01.31 12:33:18.208,0.99321,0.99368,1.88,2.03
2011.01.31 12:33:19.247,0.99321,0.99368,1.95,4.28
2011.01.31 12:33:19.549,0.99321,0.99368,1.88,4.47
2011.01.31 12:33:20.884,0.99321,0.99368,1.88,1.73
2011.01.31 12:33:21.213,0.99328,0.99368,1.50,1.73
2011.01.31 12:33:21.558,0.99328,0.99368,1.50,1.65
2011.01.31 12:33:21.675,0.99328,0.99368,1.50,3.98
2011.01.31 12:33:22.014,0.99328,0.99368,1.50,1.65
2011.01.31 12:33:22.235,0.99328,0.99368,1.50,2.18
2011.01.31 12:33:22.457,0.99321,0.99361,1.58,1.88
2011.01.31 12:33:22.767,0.99321,0.99361,1.50,1.95
2011.01.31 12:33:23.214,0.99321,0.99361,1.95,1.50
2011.01.31 12:33:23.781,0.99323,0.99367,1.50,2.18
2011.01.31 12:33:23.901,0.99329,0.99367,1.50,1.50
2011.01.31 12:33:24.426,0.99318,0.9936,2.25,2.59
2011.01.31 12:33:24.542,0.99311,0.99352,2.25,1.32
2011.01.31 12:33:24.658,0.99308,0.99348,2.07,1.50
2011.01.31 12:33:24.994,0.99309,0.99353,1.88,1.50
2011.01.31 12:33:25.513,0.99312,0.99353,1.88,1.58
2011.01.31 12:33:26.487,0.99312,0.99353,1.88,1.65
2011.01.31 12:33:28.403,0.99312,0.99353,1.95,3.83
2011.01.31 12:33:28.514,0.99312,0.99353,1.58,4.20
2011.01.31 12:33:29.041,0.99311,0.99349,1.58,1.50
2011.01.31 12:33:29.596,0.99311,0.99349,1.58,1.58
2011.01.31 12:33:30.178,0.99311,0.99349,1.50,1.65
2011.01.31 12:33:30.293,0.99309,0.99347,1.50,1.50
2011.01.31 12:33:31.164,0.99309,0.99347,1.58,1.50
2011.01.31 12:33:31.615,0.99314,0.99352,1.50,1.58
2011.01.31 12:33:33.396,0.99314,0.99352,1.50,3.30
2011.01.31 12:33:33.725,0.99311,0.99349,1.58,1.95
2011.01.31 12:33:33.945,0.99307,0.99344,3.57,1.58
2011.01.31 12:33:34.281,0.99301,0.99344,1.95,1.88
2011.01.31 12:33:34.823,0.99301,0.99344,1.88,1.88
2011.01.31 12:33:35.295,0.99301,0.99344,1.88,1.95
2011.01.31 12:33:35.810,0.99302,0.99342,2.14,1.50
2011.01.31 12:33:36.144,0.99304,0.99353,1.32,4.47
2011.01.31 12:33:36.364,0.99312,0.99352,1.50,1.58
2011.01.31 12:33:36.975,0.99312,0.99352,1.50,1.65
2011.01.31 12:33:37.369,0.99312,0.99352,1.50,1.73
2011.01.31 12:33:37.491,0.99312,0.99352,1.50,1.95
2011.01.31 12:33:37.714,0.99312,0.99352,1.50,2.63
2011.01.31 12:33:39.895,0.99312,0.99351,1.50,1.20
2011.01.31 12:33:42.077,0.99312,0.99352,1.50,1.50
2011.01.31 12:33:42.193,0.99312,0.99352,1.50,1.88
2011.01.31 12:33:43.321,0.99311,0.99349,1.50,1.88
2011.01.31 12:33:44.123,0.99311,0.99349,1.58,1.95
2011.01.31 12:33:48.446,0.99311,0.99349,1.65,1.88
2011.01.31 12:33:49.432,0.99311,0.99349,1.50,2.03
2011.01.31 12:33:50.035,0.99311,0.99349,1.95,1.50
2011.01.31 12:33:50.365,0.99316,0.99354,1.50,1.95
2011.01.31 12:33:51.096,0.99316,0.99354,1.58,1.95
2011.01.31 12:33:51.646,0.99316,0.99354,1.50,2.03
2011.01.31 12:33:52.036,0.9931,0.99348,1.58,1.58
2011.01.31 12:33:52.146,0.99311,0.99349,1.50,2.03
2011.01.31 12:33:52.764,0.99311,0.99349,1.65,1.88
2011.01.31 12:33:52.983,0.99311,0.99349,1.50,2.03
2011.01.31 12:33:55.447,0.99311,0.99349,1.50,2.03
2011.01.31 12:34:00.455,0.99308,0.99342,1.50,2.63
2011.01.31 12:34:00.675,0.99301,0.99341,2.03,1.50
2011.01.31 12:34:00.784,0.99301,0.99348,2.03,1.88
2011.01.31 12:34:01.444,0.99301,0.99348,2.03,2.03
2011.01.31 12:34:01.894,0.99301,0.99348,1.95,2.03
2011.01.31 12:34:02.004,0.99301,0.99348,4.39,1.65
2011.01.31 12:34:02.341,0.99309,0.99347,1.50,1.58
2011.01.31 12:34:02.982,0.99309,0.99347,1.50,1.50
2011.01.31 12:34:03.867,0.99309,0.99347,1.50,1.58
2011.01.31 12:34:04.362,0.99302,0.99347,1.58,4.47
2011.01.31 12:34:05.409,0.99302,0.99347,1.50,4.80
2011.01.31 12:34:07.256,0.99302,0.99347,1.58,4.47
2011.01.31 12:34:08.035,0.99302,0.99347,1.65,2.03
2011.01.31 12:34:11.616,0.99302,0.99347,1.58,2.03
2011.01.31 12:34:11.724,0.99302,0.99347,2.14,1.65
2011.01.31 12:34:12.126,0.99309,0.99349,1.88,1.65
2011.01.31 12:34:12.235,0.99314,0.99351,1.50,1.58
2011.01.31 12:34:13.093,0.99309,0.99347,1.50,1.50
2011.01.31 12:34:13.703,0.9931,0.99348,1.50,1.65
2011.01.31 12:34:14.194,0.9931,0.99348,1.50,1.88
2011.01.31 12:34:14.415,0.99299,0.99337,1.95,1.58
2011.01.31 12:34:16.166,0.99302,0.99346,1.58,1.20
2011.01.31 12:34:16.275,0.99302,0.99347,4.39,2.33
2011.01.31 12:34:17.441,0.99309,0.99349,1.50,5.59
2011.01.31 12:34:18.034,0.99298,0.99346,10.38,1.20
2011.01.31 12:34:18.254,0.99298,0.99346,4.47,2.40
2011.01.31 12:34:19.174,0.99298,0.99347,4.47,1.09
2011.01.31 12:34:19.288,0.99302,0.99348,2.89,2.40
2011.01.31 12:34:19.504,0.99309,0.99347,1.50,2.33
2011.01.31 12:34:20.278,0.99309,0.99347,1.50,2.25
2011.01.31 12:34:20.794,0.99309,0.99347,1.50,2.40
2011.01.31 12:34:22.277,0.99309,0.99347,1.50,1.50
2011.01.31 12:34:26.191,0.99309,0.99347,1.50,1.58
2011.01.31 12:34:27.034,0.99309,0.99347,1.50,1.65
2011.01.31 12:34:29.634,0.99309,0.99347,1.65,1.50
2011.01.31 12:34:30.297,0.99309,0.99347,1.50,1.65
2011.01.31 12:34:30.513,0.99309,0.99347,1.58,1.58
2011.01.31 12:34:32.290,0.99309,0.99347,1.58,1.50
2011.01.31 12:34:33.166,0.99309,0.99347,1.65,1.50
2011.01.31 12:34:33.384,0.99309,0.99347,1.58,1.58
2011.01.31 12:34:33.876,0.99309,0.99347,1.65,1.50
2011.01.31 12:34:33.985,0.99309,0.99347,1.58,1.50
2011.01.31 12:34:34.364,0.99309,0.99347,1.50,1.58
2011.01.31 12:34:34.735,0.99309,0.99347,1.58,1.58
2011.01.31 12:34:34.874,0.99309,0.99347,1.50,1.50
2011.01.31 12:34:34.987,0.99309,0.99347,2.82,1.50
2011.01.31 12:34:35.313,0.99318,0.99358,1.50,4.47
2011.01.31 12:34:35.534,0.99309,0.99357,2.82,1.65
2011.01.31 12:34:35.857,0.99312,0.99357,1.88,4.47
2011.01.31 12:34:36.899,0.99309,0.99354,1.95,1.84
2011.01.31 12:34:38.174,0.99309,0.99352,1.65,1.13
2011.01.31 12:34:38.574,0.99309,0.99347,1.65,1.50
2011.01.31 12:34:40.144,0.99309,0.99347,1.50,1.58
2011.01.31 12:34:40.254,0.99301,0.99348,2.14,2.03
2011.01.31 12:34:40.860,0.99301,0.99348,1.95,2.03
2011.01.31 12:34:41.426,0.99298,0.99348,2.22,2.03
2011.01.31 12:34:43.095,0.99298,0.99348,4.94,4.28
2011.01.31 12:34:43.408,0.99298,0.99348,2.22,2.18
2011.01.31 12:34:43.954,0.99302,0.99347,1.65,1.88
2011.01.31 12:34:44.284,0.99299,0.99337,1.65,1.50
2011.01.31 12:34:45.013,0.99299,0.99337,1.65,1.50
2011.01.31 12:34:46.046,0.99299,0.99337,1.58,1.50
2011.01.31 12:34:46.604,0.99301,0.99339,1.58,1.50
2011.01.31 12:34:46.715,0.99301,0.99339,1.88,1.50
2011.01.31 12:34:46.824,0.99299,0.99337,1.69,1.50
2011.01.31 12:34:47.154,0.99295,0.99338,2.25,2.03
2011.01.31 12:34:47.264,0.99292,0.99338,2.70,2.03
2011.01.31 12:34:50.103,0.99292,0.99338,2.78,2.03
2011.01.31 12:34:50.544,0.99294,0.99338,2.89,1.58
2011.01.31 12:34:50.654,0.99299,0.99337,1.88,1.58
2011.01.31 12:34:51.009,0.99303,0.99343,1.50,1.65
2011.01.31 12:34:51.483,0.99303,0.99343,1.50,1.65
2011.01.31 12:34:53.585,0.99303,0.99343,1.88,1.65
2011.01.31 12:34:53.917,0.99314,0.99352,1.50,3.08
2011.01.31 12:34:54.029,0.99316,0.99351,1.50,1.50
2011.01.31 12:34:54.544,0.99315,0.99351,1.50,1.50
2011.01.31 12:34:55.665,0.99311,0.99351,1.88,2.25
2011.01.31 12:34:55.774,0.99311,0.99351,1.50,2.78
2011.01.31 12:34:56.692,0.99308,0.99348,1.50,1.65
2011.01.31 12:34:57.896,0.99308,0.99348,1.50,1.80
2011.01.31 12:35:03.155,0.99306,0.99346,1.50,6.15
2011.01.31 12:35:03.374,0.99301,0.99341,1.88,1.58
2011.01.31 12:35:04.724,0.993,0.99338,1.50,1.58
2011.01.31 12:35:04.946,0.99299,0.99338,1.13,1.58
2011.01.31 12:35:05.386,0.99299,0.99337,1.50,1.58
2011.01.31 12:35:05.496,0.99301,0.99341,1.88,1.58
2011.01.31 12:35:05.933,0.99304,0.99342,1.50,1.65
2011.01.31 12:35:06.434,0.99302,0.9934,1.58,1.58
2011.01.31 12:35:07.574,0.99302,0.9934,1.58,1.95
2011.01.31 12:35:07.796,0.99294,0.99332,1.58,1.50
2011.01.31 12:35:08.197,0.99298,0.99338,1.50,1.58
2011.01.31 12:35:08.415,0.99298,0.99338,1.50,1.65
2011.01.31 12:35:09.099,0.99298,0.99338,1.88,1.65
2011.01.31 12:35:09.397,0.99304,0.99342,1.50,5.33
2011.01.31 12:35:10.110,0.99308,0.99342,1.50,1.58
2011.01.31 12:35:10.406,0.99305,0.99342,1.50,1.58
2011.01.31 12:35:10.799,0.99305,0.99342,1.50,1.65
2011.01.31 12:35:11.664,0.99303,0.99342,1.50,1.58
2011.01.31 12:35:12.232,0.99303,0.99342,1.58,1.65
2011.01.31 12:35:13.655,0.99303,0.99342,1.58,1.50
2011.01.31 12:35:16.699,0.99303,0.99342,1.65,1.80
2011.01.31 12:35:18.378,0.99303,0.99341,1.58,1.50
2011.01.31 12:35:18.714,0.99303,0.99342,1.58,1.65
2011.01.31 12:35:19.044,0.99303,0.99341,1.58,1.50
2011.01.31 12:35:19.634,0.99303,0.99341,1.50,1.58
2011.01.31 12:35:19.854,0.99303,0.99341,1.88,1.58
2011.01.31 12:35:19.965,0.99307,0.99345,1.88,1.58
2011.01.31 12:35:20.546,0.99308,0.99346,1.50,1.58
2011.01.31 12:35:20.663,0.99308,0.99346,1.58,1.50
2011.01.31 12:35:21.225,0.99308,0.99346,1.58,1.50
2011.01.31 12:35:21.446,0.99308,0.99346,1.50,1.58
2011.01.31 12:35:22.234,0.99308,0.99346,1.58,1.50
2011.01.31 12:35:23.734,0.99311,0.99349,1.88,1.58
2011.01.31 12:35:26.003,0.9931,0.9935,1.95,1.58
2011.01.31 12:35:27.565,0.99309,0.99347,1.58,1.50
2011.01.31 12:35:27.675,0.99309,0.99347,1.50,1.50
2011.01.31 12:35:28.757,0.99309,0.99347,1.50,1.65
2011.01.31 12:35:29.303,0.99308,0.99346,1.58,1.58
2011.01.31 12:35:30.399,0.99309,0.99347,1.50,1.65
2011.01.31 12:35:30.963,0.99307,0.99347,1.95,1.65
2011.01.31 12:35:32.915,0.99308,0.99348,1.88,1.58
2011.01.31 12:35:34.048,0.99311,0.99349,1.95,1.58
2011.01.31 12:35:38.355,0.99313,0.99351,1.95,1.58
2011.01.31 12:35:38.464,0.99315,0.99355,1.88,2.33
2011.01.31 12:35:39.195,0.99318,0.99357,1.50,1.65
2011.01.31 12:35:39.915,0.99319,0.99357,1.50,1.65
2011.01.31 12:35:42.415,0.99323,0.99362,1.50,1.05
2011.01.31 12:35:43.654,0.99323,0.99363,1.50,1.65
2011.01.31 12:35:44.205,0.99319,0.99357,1.50,1.58
2011.01.31 12:35:45.104,0.99319,0.99357,1.50,1.95
2011.01.31 12:35:45.215,0.99316,0.99354,1.50,1.95
2011.01.31 12:35:45.885,0.99315,0.99353,1.50,1.58
2011.01.31 12:35:46.660,0.99315,0.99353,1.50,1.65
2011.01.31 12:35:46.908,0.99315,0.99353,1.50,1.58
2011.01.31 12:35:47.636,0.99314,0.99352,1.50,1.58
2011.01.31 12:35:48.034,0.99314,0.99352,1.50,1.65
2011.01.31 12:35:51.988,0.99309,0.99347,1.50,1.58
2011.01.31 12:35:52.217,0.99309,0.99347,1.58,1.50
2011.01.31 12:35:52.437,0.99309,0.99347,1.50,1.50
2011.01.31 12:35:52.657,0.99318,0.99355,1.50,1.58
2011.01.31 12:35:53.248,0.99318,0.99356,1.50,2.33
2011.01.31 12:35:53.760,0.99318,0.99356,1.50,3.00
2011.01.31 12:35:55.067,0.99318,0.99356,1.65,3.00
2011.01.31 12:35:55.379,0.99309,0.99355,6.15,1.95
2011.01.31 12:35:55.716,0.99311,0.99355,2.89,1.65
2011.01.31 12:35:55.825,0.99316,0.99354,1.88,1.58
2011.01.31 12:35:56.385,0.99318,0.99355,2.25,1.58
2011.01.31 12:35:56.967,0.99318,0.99355,2.25,1.65
2011.01.31 12:35:57.572,0.99318,0.99355,2.25,1.65
2011.01.31 12:35:58.371,0.99318,0.99355,2.25,1.65
2011.01.31 12:36:01.436,0.99317,0.99353,1.50,2.33
2011.01.31 12:36:01.546,0.99309,0.99349,2.70,1.50
2011.01.31 12:36:02.684,0.9931,0.9935,1.95,1.58
2011.01.31 12:36:04.004,0.9931,0.9935,1.95,1.50
2011.01.31 12:36:05.414,0.9931,0.9935,1.95,1.58
2011.01.31 12:36:05.676,0.9931,0.9935,1.50,1.95
2011.01.31 12:36:05.784,0.99308,0.99346,1.58,1.50
2011.01.31 12:36:07.574,0.99308,0.99346,1.50,1.58
2011.01.31 12:36:07.918,0.9931,0.9935,1.88,1.58
2011.01.31 12:36:09.037,0.9931,0.9935,1.95,1.58
2011.01.31 12:36:20.551,0.9931,0.99348,1.95,1.58
2011.01.31 12:36:21.163,0.99318,0.99355,2.33,1.58
2011.01.31 12:36:27.225,0.99313,0.99354,2.63,1.65
2011.01.31 12:36:27.334,0.99312,0.99354,1.88,2.03
2011.01.31 12:36:28.935,0.99318,0.99358,1.50,1.65
2011.01.31 12:36:29.355,0.99318,0.99358,1.50,3.98
2011.01.31 12:36:30.724,0.99318,0.99358,1.88,1.65
2011.01.31 12:36:32.006,0.9932,0.9936,1.88,1.58
2011.01.31 12:36:32.327,0.9932,0.9936,1.88,1.65
2011.01.31 12:36:32.436,0.9932,0.9936,1.50,4.47
2011.01.31 12:36:32.879,0.99319,0.99357,1.50,1.65
2011.01.31 12:36:34.086,0.99319,0.99357,1.50,1.65
2011.01.31 12:36:34.945,0.99316,0.99354,1.50,1.95
2011.01.31 12:36:35.167,0.99316,0.99353,1.88,2.40
2011.01.31 12:36:35.383,0.99319,0.99357,1.50,1.50
2011.01.31 12:36:35.914,0.99319,0.99357,1.50,1.65
2011.01.31 12:36:36.029,0.99323,0.99361,1.50,1.65
2011.01.31 12:36:36.367,0.99323,0.99361,1.50,1.65
2011.01.31 12:36:36.858,0.99323,0.99361,1.50,1.58
2011.01.31 12:36:38.546,0.99321,0.99359,1.50,2.03
2011.01.31 12:36:39.164,0.99321,0.99359,1.58,1.88
2011.01.31 12:36:39.742,0.99321,0.99359,1.58,1.95
2011.01.31 12:36:41.617,0.99321,0.99359,1.58,1.50
2011.01.31 12:36:43.015,0.99321,0.99359,1.58,1.58
2011.01.31 12:36:43.562,0.99321,0.99359,1.80,1.50
2011.01.31 12:36:43.893,0.99319,0.99359,1.65,1.65
2011.01.31 12:36:47.668,0.99316,0.99354,4.05,1.50
2011.01.31 12:36:47.784,0.99316,0.99354,3.83,1.50
2011.01.31 12:36:48.116,0.99319,0.99357,1.50,1.58
2011.01.31 12:36:50.014,0.99319,0.99357,1.65,1.65
2011.01.31 12:36:53.163,0.99319,0.99357,1.50,1.50
2011.01.31 12:36:53.277,0.99319,0.99357,1.50,1.88
2011.01.31 12:36:53.604,0.99314,0.99352,1.58,1.50
2011.01.31 12:36:55.042,0.99314,0.99352,1.65,1.65
2011.01.31 12:37:00.654,0.9932,0.99353,1.95,2.25
2011.01.31 12:37:00.765,0.9932,0.99353,1.88,2.25
2011.01.31 12:37:01.056,0.9932,0.99358,1.50,1.50
2011.01.31 12:37:01.164,0.99318,0.99356,1.58,1.50
2011.01.31 12:37:02.103,0.99318,0.99356,1.58,1.50
2011.01.31 12:37:02.699,0.99318,0.99356,1.65,1.50
2011.01.31 12:37:06.634,0.99318,0.99356,1.65,1.88
2011.01.31 12:37:09.134,0.99318,0.99356,1.58,1.95
2011.01.31 12:37:09.555,0.99318,0.99356,1.65,1.88
2011.01.31 12:37:10.003,0.99318,0.99356,1.50,1.95
2011.01.31 12:37:11.374,0.99318,0.99358,1.69,1.58
2011.01.31 12:37:11.486,0.99321,0.99359,1.50,2.03
2011.01.31 12:37:13.045,0.99321,0.99359,1.58,1.95
2011.01.31 12:37:14.154,0.99327,0.99359,2.33,1.50
2011.01.31 12:37:14.594,0.99326,0.99362,1.50,2.63
2011.01.31 12:37:14.704,0.99321,0.99359,1.65,1.50
2011.01.31 12:37:14.945,0.99327,0.99359,2.33,1.50
2011.01.31 12:37:15.164,0.99327,0.99365,3.83,1.95
2011.01.31 12:37:16.801,0.99327,0.99365,3.75,2.03
2011.01.31 12:37:17.384,0.99328,0.99366,1.50,1.95
2011.01.31 12:37:18.748,0.99327,0.99365,3.75,2.03
2011.01.31 12:37:19.955,0.99327,0.99365,3.94,1.58
2011.01.31 12:37:20.177,0.99332,0.99372,1.50,10.65
2011.01.31 12:37:20.480,0.99325,0.99359,2.25,1.88
2011.01.31 12:37:20.595,0.99321,0.99359,1.65,1.88
2011.01.31 12:37:21.134,0.99321,0.99359,1.65,1.88
2011.01.31 12:37:21.354,0.99328,0.99365,2.25,1.95
2011.01.31 12:37:23.475,0.99333,0.99371,1.50,4.28
2011.01.31 12:37:24.436,0.99333,0.99371,1.50,4.43
2011.01.31 12:37:25.493,0.99331,0.99369,1.50,1.65
2011.01.31 12:37:25.608,0.99331,0.99369,1.58,1.58
2011.01.31 12:37:26.310,0.99332,0.99372,1.50,6.53
2011.01.31 12:37:26.424,0.9933,0.99368,1.50,2.03
2011.01.31 12:37:26.908,0.9933,0.99362,1.50,2.70
2011.01.31 12:37:27.030,0.99332,0.99371,1.50,6.30
2011.01.31 12:37:27.259,0.99329,0.99367,1.50,2.03
2011.01.31 12:37:27.388,0.99329,0.99367,1.50,1.95
2011.01.31 12:37:29.042,0.99329,0.99367,1.50,1.95
2011.01.31 12:37:34.824,0.99329,0.99367,1.58,1.95
2011.01.31 12:37:38.016,0.99327,0.99367,1.58,1.95
2011.01.31 12:37:39.560,0.99327,0.99367,1.58,2.03
2011.01.31 12:37:39.787,0.99327,0.99365,1.58,1.88
2011.01.31 12:37:40.156,0.99327,0.99365,1.58,1.95
2011.01.31 12:37:40.584,0.99327,0.99367,1.80,2.03
2011.01.31 12:37:40.761,0.99327,0.99367,1.65,2.03
2011.01.31 12:37:42.152,0.99326,0.99366,1.50,4.43
2011.01.31 12:37:42.395,0.99326,0.99366,1.58,1.95
2011.01.31 12:37:46.217,0.99326,0.99366,1.50,4.28
2011.01.31 12:37:47.937,0.99326,0.99366,1.50,4.28
2011.01.31 12:37:48.686,0.99327,0.99367,1.50,4.80
2011.01.31 12:37:48.701,0.99327,0.99367,1.65,2.03
2011.01.31 12:37:48.819,0.99327,0.99367,1.50,4.43
2011.01.31 12:37:49.044,0.99327,0.99367,1.65,2.03
2011.01.31 12:37:49.284,0.99327,0.99367,1.50,4.80
2011.01.31 12:37:55.039,0.99327,0.99367,1.65,2.03
2011.01.31 12:37:55.351,0.99327,0.99367,1.50,4.80
2011.01.31 12:37:55.466,0.99327,0.99367,1.58,2.03
2011.01.31 12:37:55.889,0.99327,0.99365,1.50,4.28
2011.01.31 12:37:56.009,0.99325,0.99365,1.50,4.28
2011.01.31 12:37:56.514,0.99326,0.99366,2.25,2.03
2011.01.31 12:37:56.844,0.99322,0.99366,1.58,1.88
2011.01.31 12:37:57.944,0.99322,0.99366,1.58,1.95
2011.01.31 12:37:58.805,0.9933,0.99368,1.50,4.43
2011.01.31 12:38:00.035,0.9933,0.99368,1.50,2.03
2011.01.31 12:38:00.535,0.99331,0.99372,1.50,1.95
2011.01.31 12:38:01.149,0.99331,0.99372,1.50,2.18
2011.01.31 12:38:01.269,0.99336,0.99374,1.50,4.28
2011.01.31 12:38:01.390,0.99329,0.99371,2.25,4.28
2011.01.31 12:38:01.779,0.99332,0.99371,1.50,1.95
2011.01.31 12:38:02.224,0.99328,0.99371,2.25,1.95
2011.01.31 12:38:02.585,0.99322,0.99372,1.32,4.47
2011.01.31 12:38:02.687,0.99323,0.99367,1.02,1.95
2011.01.31 12:38:02.905,0.99321,0.99367,1.50,2.03
2011.01.31 12:38:04.964,0.99321,0.99367,1.50,4.47
2011.01.31 12:38:05.470,0.99321,0.99367,3.75,1.19
2011.01.31 12:38:05.586,0.99322,0.99371,2.33,7.39
2011.01.31 12:38:06.363,0.99322,0.99366,1.58,4.28
2011.01.31 12:38:09.001,0.99322,0.99366,2.25,1.95
2011.01.31 12:38:09.116,0.99329,0.9937,1.50,4.28
2011.01.31 12:38:09.227,0.99329,0.9937,1.50,1.95
2011.01.31 12:38:09.520,0.99331,0.99371,1.50,4.28
2011.01.31 12:38:09.637,0.99331,0.99371,1.50,1.95
2011.01.31 12:38:10.884,0.99331,0.99371,1.50,2.03
2011.01.31 12:38:11.989,0.99331,0.99371,1.50,2.03
2011.01.31 12:38:12.112,0.99331,0.99371,1.50,4.43
2011.01.31 12:38:12.476,0.99328,0.99364,3.00,1.50
2011.01.31 12:38:12.587,0.99326,0.99364,1.50,1.50
2011.01.31 12:38:13.017,0.99326,0.99364,2.14,1.58
2011.01.31 12:38:13.798,0.99332,0.9937,1.50,4.43
2011.01.31 12:38:22.964,0.99332,0.9937,1.50,2.03
2011.01.31 12:38:28.053,0.99328,0.99371,1.50,2.03
2011.01.31 12:38:29.327,0.99328,0.99371,1.50,4.28
2011.01.31 12:38:29.875,0.99328,0.99366,1.50,1.95
2011.01.31 12:38:30.166,0.99322,0.99367,1.58,2.22
2011.01.31 12:38:30.824,0.99318,0.99367,4.58,4.94
2011.01.31 12:38:32.384,0.99318,0.99367,6.90,5.28
2011.01.31 12:38:32.825,0.99322,0.99366,1.50,4.43
2011.01.31 12:38:33.824,0.99323,0.99366,2.25,4.43
2011.01.31 12:38:33.936,0.99328,0.99366,3.75,1.95
2011.01.31 12:38:34.466,0.99328,0.99366,3.75,1.50
2011.01.31 12:38:34.575,0.99328,0.99368,1.50,1.65
2011.01.31 12:38:36.160,0.99328,0.99368,1.50,2.03
2011.01.31 12:38:36.384,0.99324,0.99366,1.50,1.95
2011.01.31 12:38:36.755,0.99322,0.99367,2.33,1.95
2011.01.31 12:38:38.995,0.99321,0.99367,1.58,4.28
2011.01.31 12:38:39.215,0.99329,0.99367,1.50,4.47
2011.01.31 12:38:40.496,0.99329,0.99367,1.50,1.95
2011.01.31 12:38:41.284,0.99329,0.99367,1.50,4.47
2011.01.31 12:38:41.997,0.99329,0.99367,1.50,4.43
2011.01.31 12:38:42.873,0.99329,0.99367,1.50,1.95
2011.01.31 12:38:46.902,0.99329,0.99367,1.50,2.18
2011.01.31 12:38:47.587,0.99339,0.99376,1.50,6.30
2011.01.31 12:38:47.806,0.99329,0.99368,2.25,2.03
2011.01.31 12:38:48.407,0.99328,0.99368,1.50,2.03
2011.01.31 12:38:49.459,0.99328,0.99368,1.50,1.95
2011.01.31 12:38:50.914,0.99328,0.99368,1.50,4.28
2011.01.31 12:38:51.165,0.99328,0.99368,1.50,1.95
2011.01.31 12:38:51.816,0.99328,0.99368,1.50,2.03
2011.01.31 12:38:52.556,0.99328,0.99366,1.50,1.88
2011.01.31 12:38:53.127,0.99327,0.99368,1.50,2.03
2011.01.31 12:38:53.299,0.99329,0.99367,1.50,1.95
2011.01.31 12:38:53.915,0.99329,0.99367,1.50,2.03
2011.01.31 12:38:55.693,0.99329,0.99367,1.50,4.28
2011.01.31 12:38:55.934,0.99329,0.99367,1.50,2.03
2011.01.31 12:38:56.525,0.99328,0.99366,1.58,1.95
2011.01.31 12:38:57.080,0.99329,0.99367,1.50,2.03
2011.01.31 12:38:58.058,0.99329,0.99367,1.69,2.03
2011.01.31 12:38:58.174,0.99329,0.99367,2.07,1.50
2011.01.31 12:38:58.475,0.99337,0.99377,1.50,8.03
2011.01.31 12:38:58.695,0.99329,0.99376,1.58,6.15
2011.01.31 12:39:00.155,0.99329,0.99376,1.88,6.15
2011.01.31 12:39:00.265,0.99329,0.99376,2.82,6.15
2011.01.31 12:39:00.835,0.99328,0.99377,4.02,8.03
2011.01.31 12:39:01.593,0.99328,0.99377,4.02,8.40
2011.01.31 12:39:02.156,0.99328,0.99377,4.09,8.22
2011.01.31 12:39:03.117,0.99328,0.99377,4.02,8.40
2011.01.31 12:39:03.786,0.99328,0.99377,4.02,8.03
2011.01.31 12:39:03.894,0.99328,0.99375,4.02,1.47
2011.01.31 12:39:04.004,0.99328,0.99375,3.75,1.65
2011.01.31 12:39:04.320,0.99329,0.99367,1.50,1.65
2011.01.31 12:39:04.438,0.99328,0.99376,4.02,2.40
2011.01.31 12:39:05.202,0.99328,0.99376,3.94,4.47
2011.01.31 12:39:05.731,0.99332,0.99376,1.50,8.22
2011.01.31 12:39:05.954,0.99332,0.99376,1.58,6.15
2011.01.31 12:39:06.394,0.99338,0.99376,2.25,4.28
2011.01.31 12:39:06.505,0.99337,0.99376,1.50,2.03
2011.01.31 12:39:06.730,0.99331,0.99376,1.50,2.03
2011.01.31 12:39:07.585,0.99329,0.99376,3.00,2.03
2011.01.31 12:39:07.700,0.99328,0.99376,4.58,1.95
2011.01.31 12:39:08.432,0.99328,0.99376,4.50,4.28
2011.01.31 12:39:08.862,0.99328,0.99376,4.65,4.28
2011.01.31 12:39:09.583,0.99328,0.99376,4.58,4.47
2011.01.31 12:39:10.175,0.99328,0.99376,4.58,2.59
2011.01.31 12:39:10.628,0.99328,0.99376,4.65,4.43
2011.01.31 12:39:10.856,0.99328,0.99376,4.50,2.59
2011.01.31 12:39:11.253,0.99329,0.99376,1.32,4.28
2011.01.31 12:39:11.776,0.99328,0.99376,4.77,8.22
2011.01.31 12:39:12.138,0.99328,0.99368,4.84,1.50
2011.01.31 12:39:12.249,0.99328,0.99368,1.65,1.88
2011.01.31 12:39:12.478,0.99328,0.99368,1.58,1.95
2011.01.31 12:39:13.015,0.99322,0.99375,2.59,2.09
2011.01.31 12:39:13.344,0.99322,0.99372,4.69,1.05
2011.01.31 12:39:13.648,0.99322,0.99375,1.09,1.94
2011.01.31 12:39:14.034,0.99322,0.99375,3.27,2.31
2011.01.31 12:39:14.950,0.99322,0.99375,3.27,2.31
2011.01.31 12:39:15.496,0.99321,0.99367,2.82,1.05
2011.01.31 12:39:15.718,0.99328,0.99375,3.75,6.34
2011.01.31 12:39:16.044,0.99322,0.99374,3.08,1.19
2011.01.31 12:39:16.265,0.99322,0.99366,3.00,1.88
2011.01.31 12:39:16.507,0.99322,0.99366,2.25,3.38
2011.01.31 12:39:16.835,0.99321,0.99365,1.95,1.20
2011.01.31 12:39:17.056,0.99326,0.99366,1.50,2.63
2011.01.31 12:39:17.466,0.99321,0.99366,1.58,3.45
2011.01.31 12:39:17.994,0.99321,0.99366,1.50,3.45
2011.01.31 12:39:19.095,0.99321,0.99366,1.50,8.18
2011.01.31 12:39:19.484,0.99326,0.99366,1.50,3.45
2011.01.31 12:39:20.256,0.99322,0.99365,1.65,2.03
2011.01.31 12:39:20.365,0.99322,0.99365,1.65,2.03
2011.01.31 12:39:20.695,0.99324,0.99365,1.50,4.28
2011.01.31 12:39:21.025,0.99327,0.99365,1.50,4.28
2011.01.31 12:39:21.705,0.99327,0.99365,1.50,1.95
2011.01.31 12:39:23.196,0.99327,0.99365,1.50,4.28
2011.01.31 12:39:31.530,0.99324,0.99361,1.50,1.13
2011.01.31 12:39:31.899,0.99324,0.9936,1.50,1.20
2011.01.31 12:39:32.015,0.9932,0.9936,1.50,2.70
2011.01.31 12:39:32.820,0.99318,0.99358,1.50,1.95
2011.01.31 12:39:32.925,0.99318,0.99358,1.69,1.58
2011.01.31 12:39:33.148,0.99322,0.9936,1.50,2.70
2011.01.31 12:39:33.365,0.99318,0.99358,1.69,1.95
2011.01.31 12:39:33.658,0.99322,0.9936,1.50,2.70
2011.01.31 12:39:33.775,0.99319,0.99357,1.50,1.88
2011.01.31 12:39:35.117,0.99319,0.99357,1.50,1.95
2011.01.31 12:39:35.775,0.99323,0.9936,1.50,1.20
2011.01.31 12:39:36.167,0.99318,0.99358,1.50,1.95
2011.01.31 12:39:37.505,0.99318,0.99357,1.58,2.03
2011.01.31 12:39:39.714,0.99318,0.99356,1.50,2.40
2011.01.31 12:39:40.045,0.99318,0.99356,1.58,1.95
2011.01.31 12:39:40.666,0.99318,0.99356,1.50,2.40
2011.01.31 12:39:40.884,0.99318,0.99356,1.50,1.95
2011.01.31 12:39:41.464,0.99318,0.99356,1.58,1.88
2011.01.31 12:39:41.877,0.99318,0.99356,1.58,1.20
2011.01.31 12:39:45.875,0.99318,0.99356,3.75,1.88
2011.01.31 12:39:46.177,0.99321,0.99356,1.50,1.13
2011.01.31 12:39:46.285,0.99319,0.99356,1.50,1.88
2011.01.31 12:39:47.185,0.99319,0.99357,1.50,3.00
2011.01.31 12:39:47.405,0.99321,0.99356,1.50,1.88
2011.01.31 12:39:47.624,0.99319,0.99356,1.50,1.88
2011.01.31 12:39:49.466,0.99319,0.99356,1.50,1.95
2011.01.31 12:39:59.456,0.99319,0.99356,1.50,1.58
2011.01.31 12:39:59.659,0.99322,0.99356,1.50,1.58
2011.01.31 12:39:59.776,0.99322,0.99355,1.50,1.13
2011.01.31 12:39:59.996,0.99318,0.99356,6.00,1.58
2011.01.31 12:40:00.105,0.99318,0.99357,6.00,1.50
2011.01.31 12:40:00.215,0.99321,0.99357,1.50,1.50
2011.01.31 12:40:00.834,0.99321,0.99355,1.50,1.13
2011.01.31 12:40:01.169,0.99329,0.99369,1.50,4.28
2011.01.31 12:40:01.850,0.99329,0.99367,1.50,1.95
2011.01.31 12:40:02.989,0.99329,0.99367,1.50,4.47
2011.01.31 12:40:10.808,0.99329,0.99365,1.50,1.17
2011.01.31 12:40:11.695,0.99329,0.99367,1.50,4.47
2011.01.31 12:40:13.860,0.99329,0.99367,1.50,2.03
2011.01.31 12:40:13.979,0.99331,0.99371,1.50,4.28
2011.01.31 12:40:14.095,0.99328,0.99366,1.50,1.95
2011.01.31 12:40:14.318,0.99332,0.99374,1.50,4.28
2011.01.31 12:40:14.548,0.99332,0.99374,1.50,1.95
2011.01.31 12:40:14.660,0.9933,0.9937,1.50,1.88
2011.01.31 12:40:14.886,0.99328,0.99368,1.50,1.88
2011.01.31 12:40:16.585,0.99328,0.99368,1.50,2.18
2011.01.31 12:40:18.430,0.99331,0.99372,1.50,6.30
2011.01.31 12:40:18.548,0.99331,0.99374,1.50,4.28
2011.01.31 12:40:19.090,0.99329,0.99373,2.25,2.78
2011.01.31 12:40:20.086,0.99329,0.99367,1.50,1.95
2011.01.31 12:40:23.099,0.99331,0.99371,1.50,1.95
2011.01.31 12:40:23.217,0.99331,0.99371,2.14,1.50
2011.01.31 12:40:23.326,0.99334,0.99374,1.50,1.95
2011.01.31 12:40:24.675,0.99334,0.99374,1.88,1.58
2011.01.31 12:40:25.005,0.99345,0.99385,1.50,5.69
2011.01.31 12:40:25.115,0.99345,0.99385,1.50,4.75
2011.01.31 12:40:25.401,0.9934,0.99373,2.25,1.58
2011.01.31 12:40:25.518,0.99338,0.99384,1.69,4.47
2011.01.31 12:40:26.056,0.99338,0.99384,1.84,4.28
2011.01.31 12:40:26.386,0.99329,0.99373,1.58,1.88
2011.01.31 12:40:27.165,0.99338,0.99373,2.25,1.50
2011.01.31 12:40:27.898,0.99338,0.99375,2.63,1.58
2011.01.31 12:40:28.119,0.99351,0.99387,1.50,1.65
2011.01.31 12:40:28.237,0.99351,0.99386,1.50,1.20
2011.01.31 12:40:28.346,0.99339,0.99383,1.50,1.95
2011.01.31 12:40:28.456,0.99339,0.99383,1.88,1.65
2011.01.31 12:40:28.853,0.99348,0.99385,3.75,3.15
2011.01.31 12:40:28.970,0.99338,0.99373,4.50,1.50
2011.01.31 12:40:29.196,0.99338,0.99373,2.25,1.88
2011.01.31 12:40:29.581,0.99329,0.99373,1.50,1.88
2011.01.31 12:40:30.748,0.99329,0.99373,1.50,2.03
2011.01.31 12:40:31.727,0.99329,0.99373,1.77,1.95
2011.01.31 12:40:32.056,0.99329,0.99373,1.50,2.03
2011.01.31 12:40:32.168,0.99329,0.99373,4.39,1.58
2011.01.31 12:40:32.482,0.99337,0.99373,2.25,1.58
2011.01.31 12:40:32.600,0.99329,0.99373,1.50,4.28
2011.01.31 12:40:34.964,0.99329,0.99373,1.58,4.28
2011.01.31 12:40:35.786,0.99329,0.99373,1.50,4.47
2011.01.31 12:40:36.114,0.99329,0.99373,1.58,4.28
2011.01.31 12:40:37.074,0.99329,0.99373,1.50,4.47
2011.01.31 12:40:37.852,0.99329,0.99373,1.58,2.03
2011.01.31 12:40:38.911,0.99329,0.99373,1.65,2.03
2011.01.31 12:40:40.360,0.99337,0.99373,2.44,1.58
2011.01.31 12:40:40.714,0.99339,0.99377,1.50,1.65
2011.01.31 12:40:41.396,0.99338,0.99376,1.50,3.45
2011.01.31 12:40:42.665,0.9934,0.99376,1.50,1.65
2011.01.31 12:40:43.197,0.9934,0.99376,1.50,1.50
2011.01.31 12:40:43.587,0.99339,0.99376,1.50,1.65
2011.01.31 12:40:44.478,0.9934,0.99377,1.50,1.58
2011.01.31 12:40:45.946,0.9934,0.99377,1.50,1.50
2011.01.31 12:40:47.710,0.9934,0.99377,1.50,1.58
2011.01.31 12:40:48.674,0.9934,0.99377,1.50,1.65
2011.01.31 12:40:49.185,0.99336,0.99376,1.50,1.95
2011.01.31 12:40:49.955,0.99336,0.99376,1.50,6.15
2011.01.31 12:40:50.976,0.99336,0.99376,1.58,2.70
2011.01.31 12:40:53.338,0.99338,0.99376,1.50,6.15
2011.01.31 12:40:53.449,0.99338,0.99376,1.58,1.95
2011.01.31 12:40:54.735,0.99338,0.99376,1.50,2.70
2011.01.31 12:40:56.638,0.99342,0.99382,1.50,10.09
2011.01.31 12:40:56.867,0.99338,0.99376,3.75,1.95
2011.01.31 12:40:57.086,0.99334,0.99372,1.50,4.13
2011.01.31 12:40:58.058,0.99334,0.99372,1.50,4.20
2011.01.31 12:40:59.069,0.99334,0.99372,1.88,3.83
2011.01.31 12:40:59.287,0.99338,0.99376,6.08,1.88
2011.01.31 12:40:59.397,0.99334,0.99372,1.58,1.58
2011.01.31 12:40:59.726,0.99337,0.99371,2.25,1.13
2011.01.31 12:41:01.016,0.99334,0.99371,1.50,1.20
2011.01.31 12:41:02.145,0.99334,0.99371,1.50,1.13
2011.01.31 12:41:03.358,0.99334,0.99371,1.50,1.95
2011.01.31 12:41:07.206,0.99334,0.99371,1.95,1.50
2011.01.31 12:41:07.429,0.99343,0.99383,1.50,10.09
2011.01.31 12:41:07.655,0.99337,0.99377,3.75,2.18
2011.01.31 12:41:08.346,0.99338,0.99378,1.50,4.43
2011.01.31 12:41:10.997,0.9934,0.99378,1.50,4.47
2011.01.31 12:41:11.437,0.9934,0.99378,2.07,1.95
2011.01.31 12:41:11.547,0.9934,0.99378,4.32,1.58
2011.01.31 12:41:11.655,0.99348,0.99386,1.50,2.03
2011.01.31 12:41:11.959,0.99341,0.99383,1.50,2.03
2011.01.31 12:41:12.079,0.99338,0.99376,2.25,1.88
2011.01.31 12:41:12.416,0.99342,0.99382,1.50,4.20
2011.01.31 12:41:13.005,0.99342,0.99382,1.50,4.28
2011.01.31 12:41:14.434,0.99342,0.99382,1.50,1.65
2011.01.31 12:41:14.767,0.99348,0.99388,1.50,5.28
2011.01.31 12:41:14.984,0.99342,0.99382,1.50,4.28
2011.01.31 12:41:16.095,0.99341,0.99383,1.50,1.05
2011.01.31 12:41:16.671,0.99342,0.99382,1.50,4.43
2011.01.31 12:41:17.117,0.99339,0.99377,1.50,1.95
2011.01.31 12:41:17.226,0.99339,0.99377,1.50,1.50
2011.01.31 12:41:17.503,0.99343,0.9938,1.50,1.13
2011.01.31 12:41:18.875,0.99343,0.9938,1.58,1.20
2011.01.31 12:41:19.498,0.99344,0.99382,2.07,2.25
2011.01.31 12:41:19.607,0.99348,0.99389,2.25,2.14
2011.01.31 12:41:19.809,0.99348,0.99389,2.25,4.39
2011.01.31 12:41:19.915,0.99343,0.99383,1.58,3.75
2011.01.31 12:41:20.135,0.99345,0.99385,1.50,1.95
2011.01.31 12:41:20.246,0.99345,0.99385,1.50,1.88
2011.01.31 12:41:20.355,0.99345,0.99385,1.50,1.88
2011.01.31 12:41:21.205,0.99343,0.99383,1.50,1.88
2011.01.31 12:41:21.996,0.99343,0.99383,1.65,2.03
2011.01.31 12:41:22.214,0.99347,0.99387,1.50,2.18
2011.01.31 12:41:22.505,0.99348,0.99388,1.50,4.43
2011.01.31 12:41:24.994,0.99348,0.99388,3.75,1.65
2011.01.31 12:41:25.434,0.99348,0.99388,3.83,1.58
2011.01.31 12:41:29.266,0.99348,0.99386,3.75,1.50
2011.01.31 12:41:29.672,0.99348,0.99385,3.75,1.13
2011.01.31 12:41:29.792,0.9934,0.9938,1.65,1.88
2011.01.31 12:41:29.906,0.99344,0.99381,1.50,1.13
2011.01.31 12:41:30.630,0.99344,0.99381,1.50,1.95
2011.01.31 12:41:30.738,0.99347,0.99387,1.50,4.28
2011.01.31 12:41:31.254,0.99347,0.99387,1.50,1.95
2011.01.31 12:41:32.061,0.99347,0.99387,1.50,4.47
2011.01.31 12:41:34.029,0.99341,0.99385,2.33,4.28
2011.01.31 12:41:34.145,0.99338,0.99379,1.65,1.39
2011.01.31 12:41:34.365,0.99328,0.99368,3.83,1.88
2011.01.31 12:41:34.591,0.99328,0.99368,3.83,1.88
2011.01.31 12:41:34.924,0.99328,0.99368,3.90,1.50
2011.01.31 12:41:35.144,0.99329,0.99376,1.50,2.44
2011.01.31 12:41:35.468,0.99325,0.99376,2.63,2.59
2011.01.31 12:41:35.576,0.99331,0.99377,1.50,2.18
2011.01.31 12:41:35.905,0.99339,0.99377,1.50,1.95
2011.01.31 12:41:37.125,0.99339,0.99377,1.50,1.88
2011.01.31 12:41:39.215,0.99328,0.99372,3.75,1.88
2011.01.31 12:41:40.677,0.99328,0.99368,3.83,1.50
2011.01.31 12:41:41.007,0.99328,0.99372,1.88,1.50
2011.01.31 12:41:41.531,0.99329,0.99381,1.39,2.40
2011.01.31 12:41:43.816,0.99331,0.99382,1.28,11.97
2011.01.31 12:41:44.368,0.99328,0.99382,6.45,11.97
2011.01.31 12:41:44.484,0.99328,0.9938,2.40,7.56
2011.01.31 12:41:44.924,0.99329,0.99371,1.65,1.88
2011.01.31 12:41:45.140,0.99329,0.99371,1.58,1.88
2011.01.31 12:41:47.007,0.99329,0.99371,1.58,1.95
2011.01.31 12:41:52.941,0.99329,0.99371,1.65,1.88
2011.01.31 12:41:53.076,0.99329,0.99371,1.58,1.95
2011.01.31 12:41:53.840,0.99328,0.99372,1.65,2.18
2011.01.31 12:41:58.776,0.99337,0.99377,1.50,4.80
2011.01.31 12:41:59.105,0.99347,0.99377,2.25,1.50
2011.01.31 12:41:59.383,0.99347,0.99387,1.50,2.03
2011.01.31 12:41:59.405,0.99347,0.99387,1.50,2.03
2011.01.31 12:41:59.525,0.99349,0.99396,2.07,6.15
2011.01.31 12:41:59.636,0.99358,0.99396,2.25,6.15
2011.01.31 12:42:00.310,0.99358,0.99394,2.25,4.28
2011.01.31 12:42:00.646,0.99356,0.99394,1.50,4.75
2011.01.31 12:42:00.759,0.9935,0.99394,1.50,4.75
2011.01.31 12:42:01.786,0.9935,0.99388,1.50,2.03
2011.01.31 12:42:02.005,0.9935,0.99388,1.50,1.58
2011.01.31 12:42:02.563,0.99349,0.99395,1.50,4.75
2011.01.31 12:42:03.020,0.99348,0.99387,2.25,1.88
2011.01.31 12:42:03.361,0.99358,0.99389,1.32,1.58
2011.01.31 12:42:03.481,0.99368,0.99397,2.25,1.50
2011.01.31 12:42:03.780,0.99368,0.99406,3.75,7.56
2011.01.31 12:42:04.008,0.9936,0.99397,2.25,1.88
2011.01.31 12:42:04.116,0.99359,0.99397,2.44,1.88
2011.01.31 12:42:04.410,0.99367,0.99405,3.75,1.88
2011.01.31 12:42:04.746,0.99368,0.99407,2.25,2.03
2011.01.31 12:42:05.405,0.99368,0.99407,2.25,1.95
2011.01.31 12:42:05.950,0.99369,0.99407,2.25,1.58
2011.01.31 12:42:06.068,0.99371,0.99407,2.25,1.58
2011.01.31 12:42:06.689,0.99378,0.99412,3.75,1.58
2011.01.31 12:42:09.861,0.99378,0.99411,3.83,1.13
2011.01.31 12:42:10.086,0.99372,0.99411,2.33,1.13
2011.01.31 12:42:10.719,0.9937,0.99412,2.33,1.95
2011.01.31 12:42:11.511,0.99374,0.99415,2.25,1.13
2011.01.31 12:42:11.630,0.99376,0.99424,2.25,2.22
2011.01.31 12:42:11.746,0.99374,0.99424,2.25,2.22
2011.01.31 12:42:13.040,0.99375,0.99424,2.33,4.94
2011.01.31 12:42:13.375,0.99381,0.99426,2.44,2.40
2011.01.31 12:42:13.875,0.99383,0.99426,1.32,1.65
2011.01.31 12:42:14.097,0.9938,0.99426,2.25,2.82
2011.01.31 12:42:14.315,0.99376,0.99425,2.40,1.65
2011.01.31 12:42:14.425,0.99376,0.99426,2.63,5.97
2011.01.31 12:42:14.705,0.99388,0.99426,2.25,1.58
2011.01.31 12:42:14.936,0.99388,0.99426,3.75,1.28
2011.01.31 12:42:15.047,0.99386,0.99426,2.25,1.20
2011.01.31 12:42:15.266,0.9938,0.99426,2.25,1.13
2011.01.31 12:42:15.508,0.99389,0.99427,1.50,1.88
2011.01.31 12:42:16.191,0.99389,0.99427,1.50,2.78
2011.01.31 12:42:16.946,0.99389,0.99426,1.50,1.65
2011.01.31 12:42:17.866,0.99389,0.99426,1.50,1.95
2011.01.31 12:42:18.085,0.99389,0.99426,1.50,1.58
2011.01.31 12:42:18.198,0.99382,0.99427,1.32,1.73
2011.01.31 12:42:18.414,0.99389,0.99426,1.50,1.58
2011.01.31 12:42:19.456,0.99389,0.99426,1.50,1.58
2011.01.31 12:42:19.904,0.99389,0.99426,1.50,1.65
2011.01.31 12:42:21.164,0.99389,0.99426,1.50,1.65
2011.01.31 12:42:21.545,0.99389,0.99426,1.50,1.58
2011.01.31 12:42:23.592,0.99389,0.99427,1.50,2.03
2011.01.31 12:42:23.815,0.99389,0.99423,1.50,2.25
2011.01.31 12:42:23.925,0.99382,0.99422,1.77,1.58
2011.01.31 12:42:24.145,0.99388,0.99423,1.50,2.33
2011.01.31 12:42:24.477,0.99387,0.99425,3.75,2.03
2011.01.31 12:42:24.807,0.99385,0.99425,1.50,1.95
2011.01.31 12:42:24.916,0.99385,0.99425,1.50,4.39
2011.01.31 12:42:25.230,0.99388,0.99417,2.25,1.88
2011.01.31 12:42:25.349,0.99388,0.99426,2.25,2.78
2011.01.31 12:42:25.575,0.99385,0.99425,1.50,2.03
2011.01.31 12:42:26.934,0.99383,0.99424,2.25,2.03
2011.01.31 12:42:27.329,0.99383,0.99422,2.25,1.02
2011.01.31 12:42:27.451,0.99377,0.99417,1.50,1.88
2011.01.31 12:42:27.568,0.99381,0.99422,1.50,3.38
2011.01.31 12:42:28.316,0.9938,0.99422,2.25,2.70
2011.01.31 12:42:28.647,0.99373,0.99421,2.25,1.94
2011.01.31 12:42:28.755,0.99371,0.99421,2.25,1.94
2011.01.31 12:42:29.080,0.99368,0.99417,3.75,2.63
2011.01.31 12:42:29.186,0.99376,0.99419,2.63,2.44
2011.01.31 12:42:29.296,0.99389,0.99432,1.32,2.48
2011.01.31 12:42:29.406,0.99398,0.99433,2.25,10.20
2011.01.31 12:42:29.626,0.99398,0.99426,1.50,2.25
2011.01.31 12:42:29.814,0.99386,0.99426,2.63,2.25
2011.01.31 12:42:29.932,0.99389,0.99427,1.50,1.88
2011.01.31 12:42:30.158,0.99387,0.99426,2.25,2.70
2011.01.31 12:42:30.265,0.99384,0.99427,2.25,2.03
2011.01.31 12:42:30.487,0.99388,0.99427,1.69,1.50
2011.01.31 12:42:30.936,0.99388,0.99427,3.94,1.58
2011.01.31 12:42:31.374,0.99386,0.99427,2.25,1.88
2011.01.31 12:42:31.704,0.99383,0.99426,2.25,1.13
2011.01.31 12:42:32.055,0.99382,0.99426,2.59,1.13
2011.01.31 12:42:32.275,0.99382,0.99432,2.52,3.53
2011.01.31 12:42:33.027,0.99383,0.99432,2.33,3.45
2011.01.31 12:42:33.405,0.99386,0.99431,2.33,1.13
2011.01.31 12:42:33.516,0.99387,0.99432,2.59,3.38
2011.01.31 12:42:33.844,0.99387,0.99437,2.52,4.77
2011.01.31 12:42:35.370,0.99387,0.99433,2.44,6.15
2011.01.31 12:42:35.490,0.99386,0.99435,3.00,1.94
2011.01.31 12:42:35.717,0.99387,0.99433,2.25,6.15
2011.01.31 12:42:36.311,0.99384,0.99433,3.00,6.34
2011.01.31 12:42:36.864,0.99385,0.99433,2.25,6.34
2011.01.31 12:42:37.931,0.99383,0.99433,3.19,6.34
2011.01.31 12:42:38.048,0.99383,0.99433,3.27,6.53
2011.01.31 12:42:38.983,0.99383,0.99433,3.27,6.53
2011.01.31 12:42:41.058,0.99381,0.99427,1.50,4.28
2011.01.31 12:42:41.690,0.99381,0.99427,1.58,2.03
2011.01.31 12:42:43.124,0.99381,0.99427,1.50,4.43
2011.01.31 12:42:44.659,0.99381,0.99427,1.65,2.18
2011.01.31 12:42:45.336,0.99381,0.99427,1.65,2.18
2011.01.31 12:42:45.445,0.99387,0.99427,2.25,2.03
2011.01.31 12:42:45.778,0.99388,0.99426,1.50,1.50
2011.01.31 12:42:46.060,0.99389,0.99434,1.50,4.28
2011.01.31 12:42:46.987,0.99389,0.99433,1.50,6.34
2011.01.31 12:42:47.735,0.99389,0.99431,1.50,4.28
2011.01.31 12:42:48.445,0.99389,0.99431,1.58,1.95
2011.01.31 12:42:48.557,0.99389,0.99429,1.50,1.65
2011.01.31 12:42:49.520,0.99389,0.99429,1.50,1.65
2011.01.31 12:42:49.638,0.99389,0.99429,1.50,1.65
2011.01.31 12:42:50.208,0.99388,0.99433,1.50,2.93
2011.01.31 12:42:55.375,0.99388,0.99433,1.50,2.93
2011.01.31 12:42:55.926,0.99387,0.99427,1.50,1.88
2011.01.31 12:42:56.356,0.99387,0.99427,1.50,2.03
2011.01.31 12:42:56.466,0.99383,0.99423,1.50,2.78
2011.01.31 12:42:57.422,0.99383,0.99423,1.58,6.15
2011.01.31 12:43:05.704,0.99383,0.99423,1.58,2.33
2011.01.31 12:43:05.924,0.99388,0.99427,1.50,1.28
2011.01.31 12:43:06.681,0.99388,0.99428,1.50,4.47
2011.01.31 12:43:06.971,0.99388,0.99428,1.58,4.28
2011.01.31 12:43:08.536,0.99388,0.99428,1.50,4.47
2011.01.31 12:43:15.656,0.99388,0.99428,1.50,2.03
2011.01.31 12:43:16.169,0.99388,0.99428,1.58,1.58
2011.01.31 12:43:18.115,0.99388,0.99432,1.65,2.63
2011.01.31 12:43:19.234,0.99388,0.99432,1.50,2.78
2011.01.31 12:43:19.345,0.99388,0.99432,1.65,2.63
2011.01.31 12:43:21.658,0.99388,0.99432,1.50,2.78
2011.01.31 12:43:21.877,0.99388,0.99432,1.80,2.78
2011.01.31 12:43:22.427,0.99388,0.99432,1.65,2.93
2011.01.31 12:43:24.196,0.99388,0.99436,3.75,4.47
2011.01.31 12:43:24.306,0.99388,0.99436,1.50,1.95
2011.01.31 12:43:24.417,0.99388,0.99436,4.13,3.38
2011.01.31 12:43:24.525,0.99398,0.99436,1.50,4.88
2011.01.31 12:43:24.873,0.99392,0.99436,2.44,1.13
2011.01.31 12:43:25.616,0.99391,0.99436,3.75,1.13
2011.01.31 12:43:25.725,0.99391,0.99436,4.13,1.13
2011.01.31 12:43:26.285,0.99392,0.99436,1.50,1.88
2011.01.31 12:43:26.894,0.99392,0.99436,4.69,1.88
2011.01.31 12:43:27.502,0.99407,0.99436,3.75,1.88
2011.01.31 12:43:27.619,0.99395,0.99436,1.50,1.95
2011.01.31 12:43:28.599,0.99395,0.99436,1.50,1.95
2011.01.31 12:43:30.045,0.99395,0.99436,1.50,4.28
2011.01.31 12:43:31.055,0.99395,0.99436,1.50,1.95
2011.01.31 12:43:31.695,0.99395,0.99436,1.50,2.03
2011.01.31 12:43:33.916,0.99395,0.99436,1.50,1.13
2011.01.31 12:43:39.618,0.99395,0.99436,1.58,1.13
2011.01.31 12:43:41.140,0.99395,0.99437,1.50,1.88
2011.01.31 12:43:43.140,0.99395,0.99436,1.50,2.70
2011.01.31 12:43:43.259,0.99385,0.99436,2.14,2.70
2011.01.31 12:43:43.375,0.99385,0.99436,2.07,6.15
2011.01.31 12:43:43.705,0.99378,0.99432,2.82,3.38
2011.01.31 12:43:44.050,0.99385,0.99431,1.50,1.20
2011.01.31 12:43:46.947,0.99389,0.99431,1.50,1.20
2011.01.31 12:43:47.560,0.99388,0.99433,1.50,6.15
2011.01.31 12:43:47.675,0.99388,0.99433,1.50,2.78
2011.01.31 12:43:49.845,0.99388,0.99433,1.69,2.78
2011.01.31 12:43:50.175,0.99398,0.99436,1.50,3.38
2011.01.31 12:43:50.394,0.99388,0.99433,4.02,2.70
2011.01.31 12:43:50.605,0.99388,0.99433,3.94,2.78
2011.01.31 12:43:50.936,0.99388,0.99426,1.50,1.13
2011.01.31 12:43:51.376,0.99389,0.99426,1.50,1.50
2011.01.31 12:43:53.007,0.99389,0.99426,1.58,1.50
2011.01.31 12:43:53.859,0.99389,0.99433,1.58,6.15
2011.01.31 12:43:54.195,0.99389,0.99433,1.58,2.70
2011.01.31 12:43:54.307,0.99389,0.99433,6.27,2.33
2011.01.31 12:43:54.636,0.99389,0.99436,1.32,2.40
2011.01.31 12:43:54.948,0.99388,0.9944,14.03,2.70
2011.01.31 12:43:56.015,0.99392,0.99442,2.44,8.55
2011.01.31 12:43:56.333,0.99392,0.99442,2.59,3.53
2011.01.31 12:43:57.329,0.99392,0.99441,6.34,1.20
2011.01.31 12:43:57.668,0.99399,0.99445,1.50,1.47
2011.01.31 12:43:57.777,0.99394,0.99443,3.08,2.89
2011.01.31 12:43:59.755,0.99392,0.99443,4.09,6.81
2011.01.31 12:44:00.845,0.99392,0.99443,4.28,2.97
2011.01.31 12:44:00.955,0.99392,0.99443,1.84,6.81
2011.01.31 12:44:03.147,0.99392,0.99443,9.79,6.63
2011.01.31 12:44:05.099,0.99392,0.99442,4.17,1.02
2011.01.31 12:44:05.215,0.99392,0.9944,1.58,1.94
2011.01.31 12:44:08.125,0.99392,0.99436,1.58,4.28
2011.01.31 12:44:09.534,0.99392,0.99436,1.65,2.03
2011.01.31 12:44:10.415,0.99392,0.99432,1.50,2.03
2011.01.31 12:44:11.005,0.99392,0.99432,1.65,1.88
2011.01.31 12:44:11.735,0.99391,0.99437,1.50,2.03
2011.01.31 12:44:12.085,0.99391,0.99437,1.50,4.80
2011.01.31 12:44:12.871,0.9939,0.99428,1.65,1.50
2011.01.31 12:44:13.425,0.99392,0.99438,1.84,2.03
2011.01.31 12:44:13.535,0.99392,0.99438,1.65,2.03
2011.01.31 12:44:13.645,0.9939,0.99428,1.88,1.50
2011.01.31 12:44:13.754,0.9939,0.99428,2.07,1.50
2011.01.31 12:44:13.866,0.99392,0.99438,1.84,2.03
2011.01.31 12:44:13.975,0.99392,0.99438,1.65,2.03
2011.01.31 12:44:14.086,0.9939,0.99428,1.50,1.50
2011.01.31 12:44:14.306,0.99392,0.99438,1.69,4.43
2011.01.31 12:44:14.415,0.99392,0.99438,1.69,2.18
2011.01.31 12:44:14.946,0.99392,0.99438,1.69,2.18
2011.01.31 12:44:15.403,0.99391,0.99431,1.58,1.95
2011.01.31 12:44:15.915,0.99391,0.99437,1.50,4.47
2011.01.31 12:44:16.029,0.99391,0.99437,1.58,1.95
2011.01.31 12:44:16.908,0.99391,0.99437,1.50,4.28
2011.01.31 12:44:17.018,0.99391,0.99437,1.58,3.45
2011.01.31 12:44:17.139,0.99391,0.99437,1.58,8.33
2011.01.31 12:44:17.475,0.99388,0.99432,2.33,2.78
2011.01.31 12:44:19.708,0.99386,0.99432,2.25,2.78
2011.01.31 12:44:20.264,0.99387,0.99432,2.25,2.78
2011.01.31 12:44:20.594,0.99385,0.99432,2.25,2.78
2011.01.31 12:44:20.704,0.99385,0.99432,2.33,6.15
2011.01.31 12:44:24.189,0.99383,0.99432,1.05,2.93
2011.01.31 12:44:24.629,0.99382,0.99432,2.59,6.68
2011.01.31 12:44:25.473,0.99383,0.99432,1.05,2.93
2011.01.31 12:44:25.915,0.99382,0.99432,2.59,6.30
2011.01.31 12:44:27.337,0.99383,0.99432,1.05,2.93
2011.01.31 12:44:27.664,0.99382,0.99426,1.58,1.95
2011.01.31 12:44:28.119,0.99382,0.99426,1.58,4.28
2011.01.31 12:44:28.594,0.99388,0.99428,1.50,4.47
2011.01.31 12:44:29.035,0.99388,0.99428,1.50,4.28
2011.01.31 12:44:31.165,0.99388,0.99428,1.50,2.03
2011.01.31 12:44:35.317,0.99388,0.99428,1.50,4.47
2011.01.31 12:44:37.160,0.99378,0.99427,2.55,2.03
2011.01.31 12:44:38.089,0.99378,0.99427,2.40,2.18
2011.01.31 12:44:39.017,0.99379,0.99427,3.00,4.80
2011.01.31 12:44:39.345,0.99378,0.99426,2.40,1.20
2011.01.31 12:44:39.858,0.99378,0.99426,2.40,1.13
2011.01.31 12:44:40.437,0.99378,0.99425,2.33,1.47
2011.01.31 12:44:41.186,0.99378,0.99418,1.58,1.95
2011.01.31 12:44:41.298,0.99378,0.99418,1.77,1.58
2011.01.31 12:44:41.846,0.99379,0.99425,1.50,2.40
2011.01.31 12:44:43.125,0.99379,0.99425,1.58,2.40
2011.01.31 12:44:43.510,0.99379,0.99425,1.65,1.20
2011.01.31 12:44:43.727,0.99379,0.99425,1.58,2.40
2011.01.31 12:44:44.261,0.99389,0.99427,1.50,1.95
2011.01.31 12:44:44.425,0.99381,0.99427,2.14,1.95
2011.01.31 12:44:44.734,0.99388,0.99426,1.50,1.13
2011.01.31 12:44:44.841,0.99382,0.99426,1.84,1.13
2011.01.31 12:44:45.110,0.99382,0.99426,1.84,1.13
2011.01.31 12:44:45.254,0.99382,0.99426,1.84,1.28
2011.01.31 12:44:45.838,0.99382,0.99427,1.92,1.88
2011.01.31 12:44:48.163,0.99382,0.99427,1.84,2.03
2011.01.31 12:44:49.425,0.99382,0.99426,4.45,1.13
2011.01.31 12:44:50.717,0.99382,0.99427,2.97,1.50
2011.01.31 12:44:50.927,0.99389,0.99427,1.50,1.50
2011.01.31 12:44:51.408,0.99389,0.99426,1.50,1.13
2011.01.31 12:44:51.600,0.99383,0.99426,3.34,1.13
2011.01.31 12:44:52.268,0.99382,0.99426,4.17,1.13
2011.01.31 12:44:52.786,0.99382,0.99426,1.99,1.13
2011.01.31 12:44:53.238,0.99382,0.99431,2.97,1.13
2011.01.31 12:44:53.345,0.99387,0.99436,1.02,6.45
2011.01.31 12:44:53.457,0.99388,0.99437,2.22,1.43
2011.01.31 12:44:53.645,0.99388,0.99437,1.84,1.43
2011.01.31 12:44:53.975,0.99383,0.99437,2.70,1.28
2011.01.31 12:44:54.498,0.99383,0.99437,2.59,1.13
2011.01.31 12:44:54.866,0.99382,0.99433,6.15,2.70
2011.01.31 12:44:56.188,0.99388,0.99432,5.22,1.50
2011.01.31 12:44:56.559,0.99383,0.99427,3.19,1.88
2011.01.31 12:44:56.676,0.99388,0.99428,1.50,1.50
2011.01.31 12:44:57.915,0.99388,0.99437,2.22,2.03
2011.01.31 12:44:58.026,0.99388,0.99437,3.12,2.03
2011.01.31 12:45:00.667,0.99389,0.99441,4.09,1.65
2011.01.31 12:45:00.999,0.99389,0.99432,1.69,2.63
2011.01.31 12:45:01.234,0.99387,0.99432,2.33,2.63
2011.01.31 12:45:01.456,0.99385,0.99432,1.65,2.63
2011.01.31 12:45:02.693,0.99385,0.99432,1.58,2.70
2011.01.31 12:45:02.955,0.99385,0.99432,1.65,2.78
2011.01.31 12:45:03.252,0.99385,0.99432,1.58,6.34
2011.01.31 12:45:03.675,0.99385,0.99432,1.65,2.78
2011.01.31 12:45:05.298,0.99381,0.99426,2.25,1.20
2011.01.31 12:45:05.408,0.9938,0.99422,2.63,1.50
2011.01.31 12:45:05.833,0.99377,0.99421,2.40,1.13
2011.01.31 12:45:06.166,0.99372,0.99421,1.84,1.88
2011.01.31 12:45:08.017,0.99372,0.99421,4.28,2.63
2011.01.31 12:45:09.017,0.99372,0.99421,4.28,2.70
2011.01.31 12:45:09.328,0.99372,0.99421,1.65,1.02
2011.01.31 12:45:09.452,0.99372,0.99413,1.50,2.82
2011.01.31 12:45:09.970,0.99372,0.99417,1.50,3.45
2011.01.31 12:45:13.228,0.99372,0.99406,1.58,1.13
2011.01.31 12:45:13.528,0.99365,0.99405,1.50,1.88
2011.01.31 12:45:13.748,0.99363,0.99403,1.58,1.88
2011.01.31 12:45:14.262,0.99366,0.99404,1.50,1.88
2011.01.31 12:45:14.919,0.99365,0.99405,1.50,1.88
2011.01.31 12:45:15.378,0.99365,0.99405,1.88,1.50
2011.01.31 12:45:15.595,0.9937,0.9941,1.50,2.70
2011.01.31 12:45:15.958,0.99368,0.99406,1.50,1.50
2011.01.31 12:45:16.286,0.99368,0.99406,1.50,1.88
2011.01.31 12:45:16.395,0.99364,0.99404,1.50,1.88
2011.01.31 12:45:16.506,0.99364,0.99404,1.58,1.88
2011.01.31 12:45:17.456,0.99364,0.9941,1.58,2.07
2011.01.31 12:45:17.793,0.99371,0.99411,1.50,2.63
2011.01.31 12:45:17.899,0.99371,0.99411,1.50,3.38
2011.01.31 12:45:18.016,0.99361,0.99411,2.74,1.88
2011.01.31 12:45:18.777,0.99361,0.99411,8.33,1.13
2011.01.31 12:45:19.311,0.99361,0.99416,8.14,1.95
2011.01.31 12:45:19.831,0.99361,0.99416,3.27,3.83
2011.01.31 12:45:19.956,0.9936,0.99413,2.14,2.70
2011.01.31 12:45:20.945,0.9936,0.99414,1.28,6.15
2011.01.31 12:45:21.198,0.99358,0.99414,17.97,6.30
2011.01.31 12:45:22.025,0.9936,0.99414,1.28,6.34
2011.01.31 12:45:22.627,0.9936,0.99414,7.26,6.15
2011.01.31 12:45:23.234,0.99362,0.99415,4.20,2.78
2011.01.31 12:45:23.703,0.99362,0.99415,1.65,6.34
2011.01.31 12:45:26.687,0.99367,0.99416,2.33,15.06
2011.01.31 12:45:26.795,0.99367,0.99416,2.52,13.65
2011.01.31 12:45:26.905,0.99371,0.99416,1.50,4.28
2011.01.31 12:45:27.363,0.99378,0.99417,1.50,4.28
2011.01.31 12:45:27.480,0.99378,0.99416,1.50,1.13
2011.01.31 12:45:27.709,0.99378,0.99416,1.50,2.70
2011.01.31 12:45:27.826,0.99372,0.99416,1.50,2.70
2011.01.31 12:45:28.927,0.99372,0.99416,1.50,8.03
2011.01.31 12:45:29.618,0.99372,0.99416,1.58,8.03
2011.01.31 12:45:30.215,0.99377,0.99416,2.33,3.38
2011.01.31 12:45:33.204,0.99377,0.99416,3.90,1.13
2011.01.31 12:45:34.838,0.99377,0.99416,3.83,1.20
2011.01.31 12:45:35.282,0.99377,0.99416,2.25,1.20
2011.01.31 12:45:35.509,0.99368,0.99408,1.50,1.88
2011.01.31 12:45:35.740,0.99369,0.99412,1.88,2.25
2011.01.31 12:45:36.031,0.99368,0.99416,3.57,1.20
2011.01.31 12:45:36.718,0.99368,0.99417,8.22,1.95
2011.01.31 12:45:37.046,0.9937,0.99423,2.89,1.19
2011.01.31 12:45:39.049,0.99372,0.99423,2.74,1.15
2011.01.31 12:45:43.447,0.99372,0.99423,2.25,6.53
2011.01.31 12:45:43.665,0.99367,0.99421,2.52,2.59
2011.01.31 12:45:43.776,0.99371,0.99421,2.44,1.28
2011.01.31 12:45:44.312,0.99372,0.99422,2.44,6.34
2011.01.31 12:45:44.426,0.99378,0.99427,3.75,6.15
2011.01.31 12:45:44.647,0.99378,0.99427,4.13,1.88
2011.01.31 12:45:44.755,0.99378,0.99427,5.07,1.88
2011.01.31 12:45:45.746,0.99378,0.99419,5.03,1.50
2011.01.31 12:45:46.136,0.99378,0.99419,4.50,1.88
2011.01.31 12:45:46.246,0.99378,0.99419,4.50,1.88
2011.01.31 12:45:46.464,0.99369,0.99419,2.52,1.88
2011.01.31 12:45:47.107,0.99369,0.99419,2.59,4.13
2011.01.31 12:45:48.157,0.99377,0.99419,1.47,3.75
2011.01.31 12:45:48.485,0.99388,0.99417,1.50,2.63
2011.01.31 12:45:48.778,0.99373,0.9941,1.09,1.50
2011.01.31 12:45:48.885,0.99369,0.99418,2.97,1.88
2011.01.31 12:45:49.929,0.9937,0.99418,1.28,1.88
2011.01.31 12:45:50.048,0.99369,0.99418,4.39,1.95
2011.01.31 12:45:50.156,0.99369,0.99418,4.39,1.58
2011.01.31 12:45:50.265,0.99372,0.99418,1.39,2.33
2011.01.31 12:45:50.680,0.99352,0.99392,4.09,1.50
2011.01.31 12:45:51.019,0.9936,0.9941,2.59,1.50
2011.01.31 12:45:51.343,0.99369,0.99409,1.50,1.50
2011.01.31 12:45:51.457,0.99368,0.99411,4.13,1.50
2011.01.31 12:45:51.565,0.99368,0.99411,5.07,1.50
2011.01.31 12:45:52.396,0.99368,0.99419,5.82,4.28
2011.01.31 12:45:52.513,0.99378,0.99419,2.25,1.95
2011.01.31 12:45:52.845,0.99379,0.99416,1.50,1.50
2011.01.31 12:45:54.362,0.99379,0.99416,1.50,1.58
2011.01.31 12:45:54.875,0.99379,0.99416,1.50,1.58
2011.01.31 12:45:58.028,0.99379,0.99416,1.50,1.50
2011.01.31 12:46:00.127,0.99379,0.99416,1.58,1.50
2011.01.31 12:46:00.511,0.99379,0.99416,1.50,1.50
2011.01.31 12:46:04.776,0.99379,0.99416,1.50,1.88
2011.01.31 12:46:05.338,0.99378,0.99416,1.58,2.63
2011.01.31 12:46:05.843,0.99378,0.99416,1.58,2.70
2011.01.31 12:46:05.960,0.99379,0.99416,1.50,2.25
2011.01.31 12:46:06.286,0.99379,0.99416,1.50,2.33
2011.01.31 12:46:06.655,0.99379,0.99416,1.50,2.25
2011.01.31 12:46:07.879,0.99379,0.99416,1.58,2.25
2011.01.31 12:46:08.216,0.99388,0.99416,1.50,1.50
2011.01.31 12:46:08.434,0.99378,0.99416,1.65,2.25
2011.01.31 12:46:09.151,0.99378,0.99416,1.65,2.25
2011.01.31 12:46:11.275,0.99368,0.99413,1.77,2.70
2011.01.31 12:46:13.409,0.99368,0.99413,1.84,6.15
2011.01.31 12:46:13.767,0.99384,0.99413,1.50,2.25
2011.01.31 12:46:13.876,0.99384,0.99424,1.50,1.58
2011.01.31 12:46:14.207,0.99378,0.99422,1.02,1.13
2011.01.31 12:46:14.316,0.99379,0.99418,1.50,1.50
2011.01.31 12:46:14.425,0.99375,0.99418,1.50,1.88
2011.01.31 12:46:14.535,0.99375,0.99418,1.58,1.88
2011.01.31 12:46:14.884,0.99375,0.99418,1.50,1.95
2011.01.31 12:46:16.716,0.99375,0.99416,1.58,1.88
2011.01.31 12:46:16.999,0.99375,0.99416,1.50,1.88
2011.01.31 12:46:17.115,0.9937,0.99416,2.14,1.88
2011.01.31 12:46:17.696,0.99373,0.99416,1.02,1.88
2011.01.31 12:46:17.808,0.99377,0.99417,2.82,1.58
2011.01.31 12:46:17.916,0.99387,0.99416,1.50,1.13
2011.01.31 12:46:18.145,0.99387,0.99417,1.50,1.58
2011.01.31 12:46:18.261,0.99372,0.99417,2.07,1.65
2011.01.31 12:46:18.377,0.99379,0.99417,1.50,1.65
2011.01.31 12:46:18.903,0.99379,0.99417,1.50,1.65
2011.01.31 12:46:19.805,0.99379,0.99417,1.50,1.65
2011.01.31 12:46:21.000,0.99379,0.99417,1.50,1.65
2011.01.31 12:46:21.801,0.99379,0.99417,1.69,1.65
2011.01.31 12:46:21.919,0.99379,0.99417,2.07,1.50
2011.01.31 12:46:22.145,0.99386,0.99417,1.50,1.50
2011.01.31 12:46:23.026,0.99387,0.99417,1.69,1.50
2011.01.31 12:46:23.688,0.99389,0.99417,1.88,1.50
2011.01.31 12:46:24.874,0.99388,0.99431,2.22,1.65
2011.01.31 12:46:26.207,0.99388,0.99431,2.07,1.80
2011.01.31 12:46:29.762,0.99389,0.99429,1.88,1.65
2011.01.31 12:46:30.706,0.99389,0.99429,1.88,1.80
2011.01.31 12:46:31.459,0.99389,0.99429,1.88,1.65
2011.01.31 12:46:34.377,0.99389,0.99429,1.88,1.65
2011.01.31 12:46:35.647,0.99389,0.99429,1.50,1.95
2011.01.31 12:46:36.266,0.99379,0.99429,4.47,1.95
2011.01.31 12:46:37.155,0.99379,0.99429,6.34,2.03
2011.01.31 12:46:37.266,0.99379,0.99429,6.34,2.18
2011.01.31 12:46:39.678,0.99382,0.99429,1.09,2.03
2011.01.31 12:46:40.128,0.99379,0.99429,2.97,2.18
2011.01.31 12:46:41.805,0.99382,0.99429,1.09,2.03
2011.01.31 12:46:42.058,0.99379,0.99429,2.22,2.18
2011.01.31 12:46:42.940,0.99382,0.99429,1.09,2.03
2011.01.31 12:46:45.446,0.99379,0.99428,2.97,2.55
2011.01.31 12:46:47.746,0.99382,0.99429,1.09,2.03
2011.01.31 12:46:50.659,0.99379,0.99429,6.45,2.03
2011.01.31 12:46:59.649,0.99378,0.9943,1.28,10.09
2011.01.31 12:46:59.923,0.99378,0.9943,1.28,4.75
2011.01.31 12:47:00.966,0.99378,0.9943,2.40,4.75
2011.01.31 12:47:01.831,0.99378,0.9943,1.13,4.39
2011.01.31 12:47:01.939,0.99375,0.9943,3.08,4.39
2011.01.31 12:47:02.148,0.99375,0.99427,3.08,1.84
2011.01.31 12:47:02.265,0.99375,0.99421,1.88,1.88
2011.01.31 12:47:02.491,0.99375,0.99421,1.95,1.88
2011.01.31 12:47:02.878,0.99375,0.99421,4.28,1.88
2011.01.31 12:47:05.250,0.99375,0.99421,4.28,1.95
2011.01.31 12:47:06.170,0.99375,0.99421,2.03,2.03
2011.01.31 12:47:06.389,0.99375,0.99421,4.43,2.63
2011.01.31 12:47:08.427,0.99375,0.99421,1.95,8.03
2011.01.31 12:47:08.649,0.99375,0.99421,1.88,3.45
2011.01.31 12:47:08.759,0.99375,0.99421,1.50,8.14
2011.01.31 12:47:09.815,0.99375,0.99421,1.88,8.22
2011.01.31 12:47:10.290,0.99375,0.99421,4.47,2.25
2011.01.31 12:47:10.804,0.99375,0.99421,4.47,1.50
2011.01.31 12:47:11.122,0.99371,0.99421,1.38,1.50
2011.01.31 12:47:11.230,0.99371,0.99417,1.02,2.25
2011.01.31 12:47:11.764,0.99368,0.99417,2.40,2.63
2011.01.31 12:47:12.972,0.99368,0.99417,1.20,2.63
2011.01.31 12:47:14.454,0.99368,0.99417,1.13,2.70
2011.01.31 12:47:16.159,0.99369,0.99416,1.20,1.13
2011.01.31 12:47:16.969,0.99369,0.99416,1.13,2.63
2011.01.31 12:47:17.361,0.99372,0.99416,2.40,2.63
2011.01.31 12:47:19.029,0.99368,0.99416,1.28,2.03
2011.01.31 12:47:20.190,0.99368,0.99416,1.28,4.28
2011.01.31 12:47:21.029,0.99369,0.99416,1.20,2.63
2011.01.31 12:47:22.967,0.99368,0.99416,2.40,1.95
2011.01.31 12:47:26.207,0.99369,0.99416,1.20,2.63
2011.01.31 12:47:26.580,0.99366,0.99416,1.38,2.63
2011.01.31 12:47:26.688,0.99366,0.99416,1.02,2.70
2011.01.31 12:47:26.910,0.99365,0.99407,1.28,1.50
2011.01.31 12:47:27.156,0.99361,0.99411,1.15,2.63
2011.01.31 12:47:27.381,0.99365,0.99411,2.78,1.50
2011.01.31 12:47:27.711,0.99368,0.99412,1.20,1.50
2011.01.31 12:47:28.668,0.99368,0.99412,1.20,1.58
2011.01.31 12:47:29.951,0.99368,0.99412,1.20,1.50
2011.01.31 12:47:30.948,0.99369,0.99411,1.13,1.50
2011.01.31 12:47:32.230,0.99362,0.99411,3.15,1.13
2011.01.31 12:47:32.339,0.99359,0.99406,5.03,1.88
2011.01.31 12:47:34.070,0.99359,0.99406,4.95,1.95
2011.01.31 12:47:34.463,0.99359,0.99406,11.78,1.95
2011.01.31 12:47:34.591,0.99359,0.99406,4.95,1.88
2011.01.31 12:47:35.135,0.99359,0.99406,9.90,1.88
2011.01.31 12:47:36.050,0.99359,0.99406,4.20,1.95
2011.01.31 12:47:36.820,0.99359,0.99406,4.13,4.28
2011.01.31 12:47:37.149,0.99358,0.99403,2.25,2.97
2011.01.31 12:47:37.669,0.99355,0.99403,2.70,2.97
2011.01.31 12:47:38.625,0.99354,0.99403,1.20,6.81
2011.01.31 12:47:38.742,0.99354,0.99403,1.20,2.97
2011.01.31 12:47:39.670,0.99354,0.99403,1.20,6.81
2011.01.31 12:47:41.423,0.99353,0.99397,3.19,1.95
2011.01.31 12:47:41.542,0.99351,0.99397,4.95,1.95
2011.01.31 12:47:43.089,0.99349,0.99397,4.20,4.47
2011.01.31 12:47:43.580,0.99349,0.99397,4.28,2.03
2011.01.31 12:47:43.688,0.99349,0.99397,9.90,2.03
2011.01.31 12:47:45.009,0.99351,0.99397,2.93,2.03
2011.01.31 12:47:46.450,0.99349,0.99397,4.65,1.95
2011.01.31 12:47:46.779,0.99349,0.99387,1.65,1.50
2011.01.31 12:47:47.529,0.99349,0.99387,1.58,1.50
2011.01.31 12:47:47.783,0.99353,0.99392,1.65,2.63
2011.01.31 12:47:47.900,0.99353,0.99392,1.65,2.25
2011.01.31 12:47:49.338,0.99353,0.99392,1.50,2.33
2011.01.31 12:47:49.835,0.99353,0.99392,1.50,6.34
2011.01.31 12:47:49.951,0.99349,0.99387,1.88,1.65
2011.01.31 12:47:50.063,0.99349,0.99398,2.40,2.03
2011.01.31 12:47:50.180,0.99348,0.99398,2.70,4.47
2011.01.31 12:47:50.682,0.9935,0.99398,2.78,4.28
2011.01.31 12:47:51.462,0.9935,0.99398,2.70,4.47
2011.01.31 12:47:52.968,0.99348,0.99394,2.40,6.15
2011.01.31 12:47:53.078,0.99348,0.99394,2.25,6.45
2011.01.31 12:47:53.344,0.99348,0.99382,1.95,2.25
2011.01.31 12:47:53.466,0.99353,0.99392,1.95,3.83
2011.01.31 12:47:53.689,0.99358,0.99392,1.50,1.50
2011.01.31 12:47:54.159,0.99358,0.99392,1.50,1.80
2011.01.31 12:47:54.801,0.99358,0.99391,1.50,1.50
2011.01.31 12:47:54.907,0.99348,0.99392,4.20,3.83
2011.01.31 12:47:55.128,0.99348,0.99392,4.20,3.83
2011.01.31 12:47:55.400,0.99348,0.99382,1.50,1.50
2011.01.31 12:47:55.514,0.99351,0.99391,1.88,2.33
2011.01.31 12:47:55.740,0.99354,0.99394,2.07,1.50
2011.01.31 12:47:55.959,0.99359,0.99397,1.88,1.50
2011.01.31 12:47:58.420,0.99359,0.99403,1.88,2.40
2011.01.31 12:47:58.862,0.99358,0.99398,1.50,1.77
2011.01.31 12:47:58.978,0.99352,0.99393,2.33,2.82
2011.01.31 12:47:59.094,0.99348,0.99392,4.20,2.25
2011.01.31 12:47:59.211,0.99348,0.99392,4.28,2.25
2011.01.31 12:47:59.319,0.99349,0.99396,1.13,2.25
2011.01.31 12:47:59.671,0.99348,0.99392,4.28,2.33
2011.01.31 12:47:59.889,0.99348,0.99399,6.12,2.78
2011.01.31 12:48:01.972,0.99348,0.99399,13.95,2.78
2011.01.31 12:48:02.820,0.99348,0.99399,13.84,2.93
2011.01.31 12:48:03.092,0.99348,0.99399,13.77,2.70
2011.01.31 12:48:03.198,0.99348,0.99392,2.33,2.63
2011.01.31 12:48:03.760,0.99349,0.99392,1.95,2.33
2011.01.31 12:48:03.874,0.99358,0.99398,1.50,1.58
2011.01.31 12:48:04.330,0.99359,0.99402,1.88,3.83
2011.01.31 12:48:04.550,0.99359,0.99403,1.88,3.15
2011.01.31 12:48:04.962,0.99359,0.99397,1.88,1.58
2011.01.31 12:48:05.770,0.99359,0.99397,1.50,1.88
2011.01.31 12:48:05.878,0.99349,0.99396,4.28,1.88
2011.01.31 12:48:05.988,0.99349,0.99396,1.95,1.95
2011.01.31 12:48:06.209,0.99349,0.99396,1.88,4.28
2011.01.31 12:48:06.961,0.99349,0.99396,1.95,1.95
2011.01.31 12:48:08.262,0.99352,0.99396,2.14,1.58
2011.01.31 12:48:08.595,0.99351,0.99392,1.88,2.25
2011.01.31 12:48:09.970,0.99351,0.99392,1.95,2.25
2011.01.31 12:48:11.961,0.99351,0.99392,1.95,2.40
2011.01.31 12:48:24.222,0.99351,0.99392,2.03,2.25
2011.01.31 12:48:27.232,0.99351,0.99392,1.95,2.33
2011.01.31 12:48:29.053,0.99351,0.99392,1.95,2.33
2011.01.31 12:48:29.169,0.99351,0.99392,1.95,2.25
2011.01.31 12:48:29.449,0.99358,0.99393,1.50,2.33
2011.01.31 12:48:29.669,0.99358,0.99398,1.50,1.65
2011.01.31 12:48:30.562,0.99352,0.99401,1.15,3.53
2011.01.31 12:48:31.459,0.99349,0.99398,1.47,2.40
2011.01.31 12:48:32.108,0.99348,0.99399,6.34,2.78
2011.01.31 12:48:32.901,0.99349,0.99399,2.59,2.93
2011.01.31 12:48:33.356,0.99359,0.99401,1.88,1.58
2011.01.31 12:48:34.445,0.99359,0.99401,1.88,1.65
2011.01.31 12:48:34.708,0.99354,0.99401,1.13,2.03
2011.01.31 12:48:34.929,0.99349,0.994,6.27,2.78
2011.01.31 12:48:36.917,0.99349,0.994,4.47,2.78
2011.01.31 12:48:37.794,0.99349,0.994,2.14,2.78
2011.01.31 12:48:38.022,0.99353,0.99401,1.09,1.50
2011.01.31 12:48:41.852,0.99359,0.99401,1.50,1.88
2011.01.31 12:48:42.548,0.99358,0.99398,1.65,1.50
2011.01.31 12:48:43.027,0.99358,0.99398,1.58,1.65
2011.01.31 12:48:43.614,0.99358,0.99398,1.58,1.58
2011.01.31 12:48:44.123,0.99358,0.99398,1.58,1.65
2011.01.31 12:48:44.867,0.99358,0.99398,1.65,1.58
2011.01.31 12:48:45.526,0.99358,0.99398,1.58,1.58
2011.01.31 12:48:45.986,0.99358,0.99398,1.58,1.65
2011.01.31 12:48:46.706,0.99358,0.99398,1.58,1.58
2011.01.31 12:48:47.239,0.99358,0.99398,1.58,1.65
2011.01.31 12:48:49.314,0.99368,0.99402,1.50,1.58
2011.01.31 12:48:49.541,0.99368,0.99401,1.50,1.50
2011.01.31 12:48:49.648,0.99366,0.99401,1.50,1.50
2011.01.31 12:48:50.250,0.99365,0.99402,1.88,1.50
2011.01.31 12:48:50.960,0.99359,0.99397,2.63,1.50
2011.01.31 12:48:51.283,0.99361,0.99401,1.88,1.50
2011.01.31 12:48:51.735,0.99362,0.99401,1.50,3.00
2011.01.31 12:48:51.856,0.99371,0.99402,1.88,2.25
2011.01.31 12:48:52.249,0.99371,0.99407,2.07,6.00
2011.01.31 12:48:52.855,0.99379,0.99411,1.88,2.25
2011.01.31 12:48:53.612,0.99379,0.99418,1.88,1.50
2011.01.31 12:48:54.367,0.9937,0.99419,1.58,2.44
2011.01.31 12:48:54.651,0.99371,0.99416,1.58,1.88
2011.01.31 12:48:54.984,0.99368,0.99413,2.25,2.33
2011.01.31 12:48:55.411,0.99361,0.99413,1.58,2.82
2011.01.31 12:48:55.739,0.99361,0.99401,1.58,1.88
2011.01.31 12:48:56.245,0.99359,0.99397,1.50,1.88
2011.01.31 12:48:56.362,0.99359,0.99392,1.50,2.25
2011.01.31 12:48:59.440,0.99349,0.99392,1.95,2.25
2011.01.31 12:48:59.817,0.99349,0.99392,3.83,2.63
2011.01.31 12:48:59.936,0.99348,0.99392,3.08,2.63
2011.01.31 12:49:00.479,0.99344,0.99392,1.95,2.63
2011.01.31 12:49:00.703,0.99344,0.99392,2.25,2.70
2011.01.31 12:49:01.041,0.99345,0.99382,1.50,2.25
2011.01.31 12:49:02.594,0.99345,0.99391,1.88,1.95
2011.01.31 12:49:03.251,0.99345,0.99391,1.95,1.88
2011.01.31 12:49:03.791,0.99345,0.99391,1.88,1.28
2011.01.31 12:49:03.899,0.99345,0.99392,1.88,4.09
2011.01.31 12:49:04.110,0.99345,0.99392,4.39,3.75
2011.01.31 12:49:04.224,0.99354,0.99393,1.50,2.40
2011.01.31 12:49:04.999,0.99354,0.99397,1.88,1.05
2011.01.31 12:49:05.393,0.99358,0.99398,1.50,1.65
2011.01.31 12:49:06.053,0.99358,0.99391,1.50,1.50
2011.01.31 12:49:06.566,0.99358,0.99391,1.50,1.13
2011.01.31 12:49:06.684,0.99353,0.99393,1.50,3.83
2011.01.31 12:49:06.800,0.99355,0.99392,1.50,2.33
2011.01.31 12:49:07.193,0.99355,0.99392,1.50,2.33
2011.01.31 12:49:07.476,0.99355,0.99392,1.50,2.33
2011.01.31 12:49:07.710,0.99355,0.99392,1.50,2.33
2011.01.31 12:49:08.321,0.99359,0.99397,1.50,3.15
2011.01.31 12:49:08.782,0.99348,0.99397,2.97,1.95
2011.01.31 12:49:08.891,0.99348,0.99397,2.82,1.95
2011.01.31 12:49:09.684,0.99349,0.99396,1.20,1.13
2011.01.31 12:49:10.025,0.99349,0.99396,2.40,1.13
2011.01.31 12:49:10.557,0.99349,0.99395,2.40,1.13
2011.01.31 12:49:11.240,0.99349,0.99392,2.40,1.50
2011.01.31 12:49:11.681,0.99359,0.99392,1.50,1.50
2011.01.31 12:49:12.012,0.99349,0.99392,4.39,1.50
2011.01.31 12:49:12.224,0.99359,0.99392,1.50,1.50
2011.01.31 12:49:12.344,0.99351,0.99392,2.25,1.58
2011.01.31 12:49:12.975,0.99348,0.99392,2.89,1.50
2011.01.31 12:49:13.432,0.99348,0.99392,2.33,2.07
2011.01.31 12:49:13.539,0.99348,0.99383,1.50,2.25
2011.01.31 12:49:13.649,0.99343,0.99381,1.50,1.50
2011.01.31 12:49:13.898,0.99343,0.99381,1.58,1.50
2011.01.31 12:49:14.015,0.99343,0.99381,1.58,1.50
2011.01.31 12:49:14.131,0.99343,0.99381,1.65,1.50
2011.01.31 12:49:14.242,0.99344,0.99383,1.58,2.25
2011.01.31 12:49:14.760,0.99338,0.99382,4.20,2.25
2011.01.31 12:49:15.170,0.99338,0.99382,3.90,4.28
2011.01.31 12:49:15.280,0.99339,0.99377,1.50,1.50
2011.01.31 12:49:15.499,0.99338,0.99381,3.83,1.13
2011.01.31 12:49:15.791,0.99338,0.99382,4.28,3.75
2011.01.31 12:49:16.349,0.99338,0.99382,4.13,3.83
2011.01.31 12:49:16.885,0.99338,0.99382,4.28,3.90
2011.01.31 12:49:17.334,0.99343,0.99382,2.14,1.58
2011.01.31 12:49:17.454,0.99343,0.99382,1.58,3.83
2011.01.31 12:49:18.051,0.99338,0.99382,4.39,1.50
2011.01.31 12:49:18.164,0.99347,0.99382,1.50,1.50
2011.01.31 12:49:18.283,0.99339,0.99382,1.20,1.58
2011.01.31 12:49:18.791,0.99338,0.99382,4.47,3.75
2011.01.31 12:49:18.902,0.99345,0.99382,1.50,1.50
2011.01.31 12:49:19.241,0.99345,0.99382,2.07,1.65
2011.01.31 12:49:19.642,0.99344,0.99381,1.88,1.50
2011.01.31 12:49:20.519,0.99345,0.99381,1.95,1.50
2011.01.31 12:49:22.319,0.99345,0.99381,1.88,1.58
2011.01.31 12:49:25.058,0.99345,0.99381,1.95,1.50
2011.01.31 12:49:29.145,0.99338,0.99378,1.50,1.50
2011.01.31 12:49:29.491,0.99339,0.99381,1.88,1.58
2011.01.31 12:49:29.891,0.99339,0.99382,1.95,3.00
2011.01.31 12:49:31.407,0.99339,0.99382,2.14,3.15
2011.01.31 12:49:31.523,0.99343,0.99382,2.07,1.50
2011.01.31 12:49:33.058,0.99343,0.99382,2.14,1.50
2011.01.31 12:49:33.278,0.99343,0.99382,4.75,1.50
2011.01.31 12:49:33.409,0.99343,0.99382,2.22,1.50
2011.01.31 12:49:33.519,0.99341,0.99379,4.28,1.50
2011.01.31 12:49:34.030,0.99342,0.9938,2.03,1.50
2011.01.31 12:49:34.717,0.99348,0.99382,1.50,1.50
2011.01.31 12:49:35.340,0.99348,0.99382,1.58,1.58
2011.01.31 12:49:35.921,0.9934,0.9938,4.28,1.50
2011.01.31 12:49:36.552,0.99339,0.99377,1.58,1.50
2011.01.31 12:49:36.869,0.99339,0.99382,1.88,3.08
2011.01.31 12:49:36.978,0.99339,0.99382,1.88,3.08
2011.01.31 12:49:38.209,0.99339,0.99382,1.95,3.08
2011.01.31 12:49:39.517,0.99339,0.99382,4.28,3.08
2011.01.31 12:49:39.628,0.99339,0.99382,1.95,3.08
2011.01.31 12:49:39.859,0.99339,0.99382,4.28,3.08
2011.01.31 12:49:40.672,0.99338,0.99381,2.03,2.33
2011.01.31 12:49:41.369,0.99334,0.9938,1.20,1.95
2011.01.31 12:49:41.479,0.99334,0.9938,1.39,1.58
2011.01.31 12:49:41.699,0.99338,0.99381,4.47,2.25
2011.01.31 12:49:42.572,0.99338,0.99381,2.82,2.25
2011.01.31 12:49:42.689,0.99338,0.99381,2.97,2.25
2011.01.31 12:49:43.218,0.99347,0.99381,2.33,2.25
2011.01.31 12:49:45.200,0.99347,0.99381,2.40,2.25
2011.01.31 12:49:46.272,0.99347,0.99381,2.33,2.25
2011.01.31 12:49:46.612,0.99347,0.99381,2.40,3.00
2011.01.31 12:49:47.141,0.99347,0.99381,2.33,3.00
2011.01.31 12:49:47.251,0.99347,0.99381,2.40,3.00
2011.01.31 12:49:47.819,0.99347,0.99381,2.25,2.63
2011.01.31 12:49:47.933,0.99338,0.99378,1.65,1.50
2011.01.31 12:49:48.049,0.99338,0.99378,1.50,1.50
2011.01.31 12:49:48.562,0.99339,0.9938,1.88,1.50
2011.01.31 12:49:49.777,0.99339,0.9938,2.03,1.50
2011.01.31 12:49:50.111,0.99339,0.9938,2.03,1.50
2011.01.31 12:49:50.670,0.99347,0.9938,2.33,1.50
2011.01.31 12:49:51.914,0.99347,0.99381,2.33,1.50
2011.01.31 12:49:52.690,0.99348,0.99381,1.50,1.50
2011.01.31 12:49:53.139,0.99347,0.99381,2.40,3.00
2011.01.31 12:49:53.365,0.99347,0.99381,2.33,3.00
2011.01.31 12:49:54.375,0.99347,0.99382,2.89,1.50
2011.01.31 12:49:54.709,0.99347,0.99381,2.33,2.25
2011.01.31 12:49:55.880,0.99347,0.99381,2.40,2.25
2011.01.31 12:49:57.200,0.99347,0.99382,2.33,1.58
2011.01.31 12:49:59.938,0.99347,0.99381,2.40,1.50
2011.01.31 12:50:00.185,0.99347,0.99381,2.25,3.00
2011.01.31 12:50:00.301,0.99339,0.99381,2.03,2.25
2011.01.31 12:50:00.850,0.99339,0.99381,2.03,2.25
2011.01.31 12:50:01.423,0.99339,0.99381,1.88,1.65
2011.01.31 12:50:01.680,0.99339,0.99381,2.03,1.50
2011.01.31 12:50:03.371,0.99339,0.99381,1.65,1.88
2011.01.31 12:50:03.577,0.99339,0.99377,1.58,1.50
2011.01.31 12:50:03.912,0.9934,0.9938,1.95,1.50
2011.01.31 12:50:05.943,0.9934,0.9938,4.28,1.50
2011.01.31 12:50:06.058,0.99339,0.99386,2.40,1.20
2011.01.31 12:50:06.168,0.99338,0.99386,10.47,1.20
2011.01.31 12:50:06.424,0.99338,0.99386,4.58,2.52
2011.01.31 12:50:06.535,0.99338,0.99378,3.75,1.50
2011.01.31 12:50:07.038,0.99338,0.99378,4.05,1.50
2011.01.31 12:50:07.959,0.99339,0.99381,2.03,2.25
2011.01.31 12:50:08.294,0.99339,0.99379,2.25,1.32
2011.01.31 12:50:08.674,0.99328,0.99368,1.65,1.50
2011.01.31 12:50:08.869,0.99328,0.99368,1.73,1.50
2011.01.31 12:50:09.422,0.99328,0.99368,1.65,1.50
2011.01.31 12:50:09.641,0.99328,0.99368,1.65,1.50
2011.01.31 12:50:10.228,0.99329,0.99367,1.58,1.50
2011.01.31 12:50:12.397,0.99329,0.99367,1.58,1.50
2011.01.31 12:50:16.813,0.99329,0.99367,1.65,1.50
2011.01.31 12:50:16.935,0.99329,0.99367,1.58,1.50
2011.01.31 12:50:17.328,0.99329,0.99367,1.65,1.50
2011.01.31 12:50:17.870,0.99329,0.99369,1.65,1.50
2011.01.31 12:50:17.982,0.99333,0.99371,1.50,1.50
2011.01.31 12:50:18.211,0.99332,0.9937,2.03,1.50
2011.01.31 12:50:18.524,0.99336,0.99372,1.50,2.25
2011.01.31 12:50:18.852,0.99338,0.99378,1.50,1.58
2011.01.31 12:50:19.802,0.99338,0.99376,1.50,1.32
2011.01.31 12:50:19.910,0.99329,0.99368,2.33,1.50
2011.01.31 12:50:21.127,0.99328,0.99368,1.50,1.58
2011.01.31 12:50:21.351,0.99326,0.99364,1.95,1.50
2011.01.31 12:50:21.733,0.99326,0.99364,1.64,1.50
2011.01.31 12:50:21.962,0.99329,0.99372,1.88,1.65
2011.01.31 12:50:22.620,0.99329,0.99372,2.03,1.65
2011.01.31 12:50:27.314,0.99329,0.99377,4.13,8.55
2011.01.31 12:50:28.321,0.99328,0.99373,6.53,1.65
2011.01.31 12:50:34.781,0.99329,0.99377,1.88,4.80
2011.01.31 12:50:38.021,0.99329,0.99377,4.28,2.03
2011.01.31 12:50:39.458,0.9933,0.99377,2.63,4.80
2011.01.31 12:50:40.429,0.9933,0.99377,2.78,1.88
2011.01.31 12:50:40.539,0.9933,0.99377,6.34,1.50
2011.01.31 12:50:40.869,0.99339,0.99386,1.88,1.95
2011.01.31 12:50:41.525,0.99339,0.99387,1.95,2.03
2011.01.31 12:50:41.913,0.99339,0.99387,1.88,4.80
2011.01.31 12:50:43.419,0.99339,0.99387,1.50,2.03
2011.01.31 12:50:43.529,0.99339,0.99377,1.50,1.50
2011.01.31 12:50:44.007,0.99339,0.99377,1.58,1.50
2011.01.31 12:50:44.953,0.99339,0.99377,1.50,1.50
2011.01.31 12:50:45.462,0.99339,0.99377,1.58,1.50
2011.01.31 12:50:45.948,0.99339,0.99377,1.50,1.50
2011.01.31 12:50:46.445,0.99339,0.99377,1.58,1.50
2011.01.31 12:50:47.448,0.99339,0.99377,1.65,1.50
2011.01.31 12:50:47.568,0.99339,0.99377,1.65,1.50
2011.01.31 12:50:48.694,0.99339,0.99377,1.50,1.50
2011.01.31 12:50:48.920,0.99339,0.99377,1.58,1.50
2011.01.31 12:50:49.589,0.99339,0.99377,1.50,1.50
2011.01.31 12:50:50.971,0.99339,0.99377,1.58,1.50
2011.01.31 12:50:51.702,0.99339,0.99377,1.50,1.58
2011.01.31 12:50:52.184,0.99339,0.99377,1.58,1.50
2011.01.31 12:50:53.906,0.99339,0.99377,1.58,1.69
2011.01.31 12:50:54.237,0.99328,0.99371,2.33,1.13
2011.01.31 12:50:54.577,0.99329,0.99371,1.88,1.50
2011.01.31 12:50:55.118,0.99329,0.99372,1.95,1.58
2011.01.31 12:50:55.449,0.99329,0.99371,1.95,1.58
2011.01.31 12:50:56.669,0.9933,0.99371,2.70,1.50
2011.01.31 12:50:56.856,0.9933,0.99371,2.33,1.88
2011.01.31 12:50:57.189,0.99329,0.99366,1.58,2.25
2011.01.31 12:50:58.091,0.99329,0.99367,1.50,1.65
2011.01.31 12:50:58.711,0.99329,0.99367,1.58,1.50
2011.01.31 12:50:59.181,0.99329,0.99367,1.50,1.50
2011.01.31 12:51:00.280,0.99329,0.99367,1.65,1.50
2011.01.31 12:51:03.618,0.99329,0.99367,1.50,1.58
2011.01.31 12:51:04.920,0.99329,0.99367,1.88,1.58
2011.01.31 12:51:05.160,0.99329,0.99368,1.95,1.50
2011.01.31 12:51:05.972,0.99328,0.99368,1.50,1.58
2011.01.31 12:51:06.189,0.99328,0.99368,2.03,1.50
2011.01.31 12:51:06.518,0.99331,0.99375,2.70,2.70
2011.01.31 12:51:07.032,0.99331,0.99375,2.70,6.15
2011.01.31 12:51:07.138,0.99331,0.99375,2.78,2.78
2011.01.31 12:51:07.376,0.99331,0.99375,2.63,6.30
2011.01.31 12:51:08.601,0.99331,0.99375,6.15,2.70
2011.01.31 12:51:08.935,0.99331,0.99374,2.63,1.17
2011.01.31 12:51:09.053,0.99328,0.99371,2.22,3.75
2011.01.31 12:51:09.572,0.99328,0.9937,2.22,2.25
2011.01.31 12:51:10.141,0.99328,0.99371,2.22,1.50
2011.01.31 12:51:10.690,0.99328,0.99371,2.22,1.50
2011.01.31 12:51:11.668,0.99328,0.9937,2.22,2.25
2011.01.31 12:51:12.608,0.99328,0.99371,2.22,1.50
2011.01.31 12:51:15.799,0.99328,0.99371,3.90,1.88
2011.01.31 12:51:16.065,0.99329,0.99367,1.50,1.50
2011.01.31 12:51:16.981,0.99329,0.99367,1.50,1.65
2011.01.31 12:51:18.711,0.99329,0.99367,1.58,1.58
2011.01.31 12:51:19.248,0.99329,0.99367,1.50,1.58
2011.01.31 12:51:22.534,0.99328,0.99368,3.75,1.65
2011.01.31 12:51:25.481,0.99328,0.99368,3.90,1.65
2011.01.31 12:51:27.431,0.99328,0.99368,3.75,1.80
2011.01.31 12:51:28.110,0.99328,0.99368,3.75,1.65
2011.01.31 12:51:30.000,0.99328,0.99368,6.57,1.58
2011.01.31 12:51:30.219,0.99329,0.99375,3.75,6.34
2011.01.31 12:51:30.329,0.99329,0.99371,1.50,6.15
2011.01.31 12:51:30.607,0.99327,0.99367,2.33,1.88
2011.01.31 12:51:30.718,0.99325,0.99367,2.25,1.95
2011.01.31 12:51:31.562,0.99324,0.99367,3.75,1.95
2011.01.31 12:51:32.992,0.99324,0.99367,3.75,1.95
2011.01.31 12:51:33.943,0.99324,0.99367,3.75,4.43
2011.01.31 12:51:34.539,0.99324,0.99367,3.75,4.94
2011.01.31 12:51:34.823,0.99318,0.99358,3.83,1.58
2011.01.31 12:51:35.945,0.99318,0.99358,3.75,1.50
2011.01.31 12:51:36.881,0.99318,0.99358,3.83,1.58
2011.01.31 12:51:39.062,0.99318,0.99358,3.83,1.65
2011.01.31 12:51:40.007,0.99318,0.99358,3.83,1.58
2011.01.31 12:51:41.461,0.99321,0.99358,2.25,1.58
2011.01.31 12:51:41.950,0.9932,0.99358,1.65,1.50
2011.01.31 12:51:42.959,0.9932,0.99358,1.65,1.65
2011.01.31 12:51:43.650,0.9932,0.99358,3.75,1.58
2011.01.31 12:51:43.759,0.9932,0.99358,4.13,1.58
2011.01.31 12:51:44.988,0.99321,0.99361,1.95,1.58
2011.01.31 12:51:47.914,0.99321,0.99361,4.28,1.50
2011.01.31 12:51:48.200,0.99321,0.99361,1.95,1.58
2011.01.31 12:51:48.429,0.99321,0.99361,4.28,1.50
2011.01.31 12:51:48.990,0.99328,0.99362,2.25,1.50
2011.01.31 12:51:49.100,0.99328,0.99365,2.25,1.50
2011.01.31 12:51:49.451,0.99328,0.99365,2.82,1.58
2011.01.31 12:51:49.788,0.99332,0.99372,1.50,5.33
2011.01.31 12:51:50.010,0.99332,0.99372,1.88,1.50
2011.01.31 12:51:50.530,0.9933,0.9937,1.88,1.50
2011.01.31 12:51:51.824,0.9933,0.9937,1.88,1.50
2011.01.31 12:51:52.158,0.99338,0.99373,2.25,1.50
2011.01.31 12:51:52.408,0.99338,0.99373,2.25,1.65
2011.01.31 12:51:52.841,0.99338,0.99373,2.25,1.65
2011.01.31 12:51:53.248,0.99331,0.99369,1.88,1.50
2011.01.31 12:51:53.470,0.99326,0.99357,3.00,1.50
2011.01.31 12:51:53.580,0.99323,0.99357,2.25,1.50
2011.01.31 12:51:53.688,0.99322,0.99366,2.70,2.63
2011.01.31 12:51:53.800,0.99326,0.99372,2.63,2.78
2011.01.31 12:51:53.908,0.99326,0.99372,2.70,2.70
2011.01.31 12:51:54.349,0.99328,0.99372,2.25,2.70
2011.01.31 12:51:54.882,0.99327,0.99371,2.25,8.14
2011.01.31 12:51:55.211,0.99327,0.99366,2.25,1.13
2011.01.31 12:51:55.650,0.99327,0.99367,2.25,1.28
2011.01.31 12:51:56.800,0.99328,0.99369,2.25,1.28
2011.01.31 12:51:56.912,0.99328,0.99371,4.88,2.40
2011.01.31 12:51:57.200,0.99329,0.99371,1.88,2.25
2011.01.31 12:51:57.311,0.99329,0.99375,4.13,2.93
2011.01.31 12:51:58.029,0.99329,0.99375,4.13,2.78
2011.01.31 12:51:58.856,0.99329,0.99375,4.20,2.78
2011.01.31 12:51:59.656,0.99329,0.99375,4.28,2.78
2011.01.31 12:51:59.760,0.99329,0.99375,3.75,6.63
2011.01.31 12:52:00.193,0.99329,0.99373,2.25,2.78
2011.01.31 12:52:00.953,0.99329,0.99373,2.33,6.15
2011.01.31 12:52:03.321,0.99329,0.99373,2.25,6.34
2011.01.31 12:52:03.430,0.99329,0.99373,2.25,2.93
2011.01.31 12:52:03.674,0.99329,0.99373,2.25,6.34
2011.01.31 12:52:04.551,0.99327,0.99367,2.25,1.19
2011.01.31 12:52:04.971,0.99327,0.9937,2.25,2.70
2011.01.31 12:52:06.159,0.99327,0.99369,2.63,1.17
2011.01.31 12:52:06.269,0.99329,0.99372,2.25,8.55
2011.01.31 12:52:06.380,0.99329,0.99372,2.25,6.68
2011.01.31 12:52:06.600,0.99326,0.99372,2.25,5.22
2011.01.31 12:52:06.709,0.99326,0.99372,2.25,12.08
2011.01.31 12:52:06.930,0.99326,0.99367,2.25,1.20
2011.01.31 12:52:07.332,0.99326,0.99367,2.25,1.28
2011.01.31 12:52:07.440,0.99326,0.99367,2.25,1.20
2011.01.31 12:52:08.891,0.99326,0.99367,2.33,1.20
2011.01.31 12:52:10.221,0.99326,0.99368,2.25,1.19
2011.01.31 12:52:10.682,0.99328,0.99362,2.33,2.25
2011.01.31 12:52:10.802,0.99328,0.99362,2.25,2.63
2011.01.31 12:52:10.910,0.99328,0.99367,2.25,1.20
2011.01.31 12:52:11.137,0.99325,0.99367,2.25,1.20
2011.01.31 12:52:11.254,0.99325,0.99366,2.25,4.75
2011.01.31 12:52:11.371,0.99325,0.99362,2.25,2.78
2011.01.31 12:52:11.482,0.99323,0.99362,2.25,2.78
2011.01.31 12:52:11.591,0.9932,0.99362,2.25,2.78
2011.01.31 12:52:12.358,0.99322,0.99362,2.25,2.78
2011.01.31 12:52:13.052,0.99322,0.99362,2.33,2.70
2011.01.31 12:52:14.151,0.99322,0.99362,2.25,2.78
2011.01.31 12:52:14.890,0.99323,0.99362,2.25,2.78
2011.01.31 12:52:16.030,0.99323,0.99362,2.25,6.34
2011.01.31 12:52:19.234,0.99318,0.99361,4.58,2.40
2011.01.31 12:52:19.351,0.99318,0.99361,4.80,1.28
2011.01.31 12:52:19.923,0.99321,0.99362,1.95,2.33
2011.01.31 12:52:20.539,0.99323,0.99368,2.25,1.19
2011.01.31 12:52:21.768,0.99322,0.99368,2.33,6.81
2011.01.31 12:52:25.136,0.99322,0.99368,2.70,2.67
2011.01.31 12:52:25.359,0.99322,0.99368,2.97,2.40
2011.01.31 12:52:25.545,0.99328,0.99368,1.50,2.40
2011.01.31 12:52:26.825,0.99328,0.99368,1.50,5.85
2011.01.31 12:52:27.158,0.99322,0.99368,2.33,6.81
2011.01.31 12:52:27.809,0.99322,0.99368,2.25,6.81
2011.01.31 12:52:29.041,0.99322,0.99363,2.25,6.81
2011.01.31 12:52:29.478,0.99328,0.99368,2.82,2.40
2011.01.31 12:52:29.596,0.99334,0.99372,1.50,1.65
2011.01.31 12:52:30.643,0.99334,0.99372,1.50,1.65
2011.01.31 12:52:30.754,0.99334,0.99375,1.88,2.40
2011.01.31 12:52:30.870,0.99339,0.9938,1.50,1.17
2011.01.31 12:52:30.978,0.99339,0.99381,1.50,6.30
2011.01.31 12:52:31.433,0.99339,0.99381,1.50,2.78
2011.01.31 12:52:31.973,0.99339,0.99381,1.50,6.15
2011.01.31 12:52:32.991,0.99339,0.9938,1.50,1.17
2011.01.31 12:52:35.309,0.99339,0.99381,1.50,6.30
2011.01.31 12:52:35.419,0.99337,0.99381,2.25,6.30
2011.01.31 12:52:35.749,0.99333,0.99376,1.58,2.70
2011.01.31 12:52:36.833,0.99333,0.99376,1.58,2.70
2011.01.31 12:52:37.169,0.99329,0.99372,2.25,5.22
2011.01.31 12:52:37.279,0.99328,0.99372,3.75,5.07
2011.01.31 12:52:38.354,0.99329,0.99367,1.50,1.50
2011.01.31 12:52:40.016,0.99329,0.99367,1.50,1.65
2011.01.31 12:52:40.577,0.99329,0.99367,1.88,1.65
2011.01.31 12:52:41.094,0.99333,0.99373,1.50,3.98
2011.01.31 12:52:41.603,0.99332,0.99372,1.88,1.73
2011.01.31 12:52:43.010,0.99331,0.99371,4.13,1.65
2011.01.31 12:52:44.291,0.99331,0.99371,1.50,1.95
2011.01.31 12:52:44.619,0.99328,0.99368,3.75,1.58
2011.01.31 12:52:44.950,0.99328,0.99368,3.83,2.14
2011.01.31 12:52:45.354,0.99329,0.99367,1.50,1.50
2011.01.31 12:52:45.463,0.99328,0.99361,2.25,1.50
2011.01.31 12:52:45.690,0.99319,0.99361,1.20,1.50
2011.01.31 12:52:45.801,0.99319,0.99361,4.28,1.50
2011.01.31 12:52:46.329,0.9932,0.99361,2.14,3.75
2011.01.31 12:52:46.551,0.99321,0.99361,2.07,2.25
2011.01.31 12:52:46.994,0.99322,0.99361,3.00,2.63
2011.01.31 12:52:47.110,0.99322,0.99358,3.00,1.50
2011.01.31 12:52:47.330,0.99318,0.99358,3.75,1.50
2011.01.31 12:52:47.441,0.99318,0.99358,3.90,1.50
2011.01.31 12:52:47.550,0.99321,0.99367,4.20,4.20
2011.01.31 12:52:47.757,0.99328,0.99367,1.50,2.70
2011.01.31 12:52:47.876,0.99329,0.99371,2.63,1.50
2011.01.31 12:52:48.429,0.99328,0.99372,4.13,1.50
2011.01.31 12:52:49.636,0.99348,0.99386,1.50,1.65
2011.01.31 12:52:49.971,0.99349,0.99384,1.32,2.25
2011.01.31 12:52:50.300,0.99357,0.99383,2.25,2.33
2011.01.31 12:52:50.410,0.99357,0.99392,2.25,3.15
2011.01.31 12:52:50.698,0.99353,0.99385,2.25,1.50
2011.01.31 12:52:50.813,0.99348,0.99385,2.07,1.50
2011.01.31 12:52:50.929,0.99349,0.99392,5.07,1.65
2011.01.31 12:52:51.042,0.99349,0.99392,4.13,1.80
2011.01.31 12:52:51.261,0.99348,0.99387,2.25,2.25
2011.01.31 12:52:51.370,0.99343,0.99387,1.39,2.25
2011.01.31 12:52:51.909,0.99344,0.99389,1.13,2.70
2011.01.31 12:52:52.458,0.99343,0.99387,1.32,2.25
2011.01.31 12:52:53.099,0.99344,0.99388,2.63,2.25
2011.01.31 12:52:53.452,0.99344,0.9938,3.38,1.50
2011.01.31 12:52:53.564,0.99344,0.9938,3.00,1.50
2011.01.31 12:52:53.882,0.99339,0.99382,2.25,1.20
2011.01.31 12:52:53.990,0.99339,0.99382,2.25,1.13
2011.01.31 12:52:54.433,0.99336,0.9938,2.25,2.82
2011.01.31 12:52:54.550,0.99333,0.99377,2.25,2.63
2011.01.31 12:52:54.772,0.99333,0.99377,2.63,2.25
2011.01.31 12:52:55.097,0.99331,0.99377,2.63,2.63
2011.01.31 12:52:55.639,0.99333,0.99379,2.25,2.78
2011.01.31 12:52:56.860,0.99331,0.99377,2.25,2.82
2011.01.31 12:52:57.162,0.99329,0.99375,2.25,2.89
2011.01.31 12:52:58.039,0.9933,0.99374,2.25,2.70
2011.01.31 12:52:58.734,0.9933,0.99374,2.63,2.40
2011.01.31 12:52:58.960,0.99328,0.99372,3.75,2.70
2011.01.31 12:52:59.545,0.99329,0.99367,1.50,1.50
2011.01.31 12:53:00.191,0.99329,0.99367,1.58,1.50
2011.01.31 12:53:00.566,0.99329,0.99367,1.50,1.50
2011.01.31 12:53:00.980,0.99329,0.9937,1.88,2.33
2011.01.31 12:53:02.029,0.99329,0.99371,1.88,1.50
2011.01.31 12:53:03.365,0.99329,0.99371,1.95,1.58
2011.01.31 12:53:05.169,0.99338,0.99371,2.25,1.58
2011.01.31 12:53:05.281,0.99338,0.99372,2.25,1.50
2011.01.31 12:53:07.570,0.99338,0.99375,2.25,2.70
2011.01.31 12:53:07.679,0.99333,0.99377,2.25,2.70
2011.01.31 12:53:08.229,0.9933,0.99376,2.70,2.70
2011.01.31 12:53:08.622,0.99331,0.99377,2.82,2.55
2011.01.31 12:53:08.850,0.99339,0.9938,1.88,1.58
2011.01.31 12:53:10.439,0.99341,0.9938,2.25,1.58
2011.01.31 12:53:11.312,0.99341,0.9938,2.33,1.58
2011.01.31 12:53:13.672,0.99339,0.9938,4.28,1.50
2011.01.31 12:53:19.690,0.99339,0.9938,2.25,2.03
2011.01.31 12:53:20.331,0.99339,0.9938,2.25,2.18
2011.01.31 12:53:21.150,0.99339,0.9938,2.25,1.95
2011.01.31 12:53:22.222,0.99339,0.9938,2.63,1.58
2011.01.31 12:53:25.245,0.99339,0.99381,2.70,1.58
2011.01.31 12:53:25.778,0.99339,0.99381,2.78,1.50
2011.01.31 12:53:27.242,0.99339,0.99381,2.63,1.65
2011.01.31 12:53:27.897,0.99344,0.99385,2.25,2.78
2011.01.31 12:53:28.016,0.99346,0.99389,2.25,1.58
2011.01.31 12:53:28.891,0.99344,0.99389,2.63,1.58
2011.01.31 12:53:31.682,0.99344,0.99389,2.70,1.50
2011.01.31 12:53:33.365,0.99344,0.99389,3.38,1.50
2011.01.31 12:53:33.591,0.99348,0.99389,2.25,3.75
2011.01.31 12:53:34.315,0.99345,0.99389,2.70,3.75
2011.01.31 12:53:35.125,0.99348,0.99389,1.13,2.25
2011.01.31 12:53:35.243,0.99348,0.99394,3.45,2.25
2011.01.31 12:53:36.350,0.99349,0.99395,3.45,2.63
2011.01.31 12:53:36.883,0.99349,0.99395,3.53,2.63
2011.01.31 12:53:38.659,0.99349,0.99395,3.38,2.70
2011.01.31 12:53:39.173,0.99348,0.99392,3.00,2.63
2011.01.31 12:53:39.760,0.99348,0.99392,2.25,2.70
2011.01.31 12:53:40.533,0.99348,0.99392,2.25,6.15
2011.01.31 12:53:41.229,0.99348,0.99389,2.25,1.17
2011.01.31 12:53:43.302,0.99348,0.99392,2.25,6.15
2011.01.31 12:53:43.461,0.99348,0.99389,2.25,1.17
2011.01.31 12:53:45.586,0.99346,0.99389,2.63,1.17
2011.01.31 12:53:45.703,0.99344,0.9939,3.45,2.33
2011.01.31 12:53:46.239,0.99351,0.99395,1.50,2.78
2011.01.31 12:53:46.969,0.99351,0.99393,1.50,2.55
2011.01.31 12:53:47.519,0.99352,0.99395,1.50,2.18
2011.01.31 12:53:48.164,0.99351,0.99392,1.50,2.18
2011.01.31 12:53:48.285,0.9935,0.99389,2.25,2.03
2011.01.31 12:53:48.513,0.99346,0.99386,1.50,2.03
2011.01.31 12:53:48.960,0.99346,0.99386,1.50,1.88
2011.01.31 12:53:49.362,0.99346,0.99386,1.50,2.03
2011.01.31 12:53:51.061,0.99346,0.99386,1.50,4.43
2011.01.31 12:53:53.490,0.99346,0.99386,3.75,2.03
2011.01.31 12:53:58.802,0.99346,0.99386,1.58,1.95
2011.01.31 12:53:59.040,0.99356,0.99391,1.50,3.00
2011.01.31 12:53:59.149,0.99356,0.99393,1.50,2.70
2011.01.31 12:53:59.484,0.99346,0.99386,1.50,1.50
2011.01.31 12:53:59.889,0.99345,0.99389,4.13,2.40
2011.01.31 12:54:00.254,0.99345,0.9939,4.13,1.95
2011.01.31 12:54:00.838,0.99346,0.9939,2.25,1.95
2011.01.31 12:54:01.528,0.99347,0.9939,2.25,1.95
2011.01.31 12:54:02.092,0.99346,0.9939,2.25,4.20
2011.01.31 12:54:02.960,0.99347,0.9939,2.25,1.95
2011.01.31 12:54:03.069,0.99345,0.9939,4.13,1.95
2011.01.31 12:54:04.191,0.99346,0.9939,2.25,1.95
2011.01.31 12:54:06.769,0.99347,0.9939,2.25,1.95
2011.01.31 12:54:07.913,0.99346,0.9939,2.25,4.20
2011.01.31 12:54:09.662,0.99346,0.9939,2.25,2.14
2011.01.31 12:54:10.641,0.99346,0.99386,1.50,1.95
2011.01.31 12:54:10.880,0.99346,0.99386,1.50,1.95
2011.01.31 12:54:11.209,0.99346,0.99386,1.50,4.62
2011.01.31 12:54:11.949,0.9934,0.99386,2.25,15.87
2011.01.31 12:54:12.308,0.99337,0.99383,2.25,3.12
2011.01.31 12:54:12.840,0.99339,0.99383,2.25,3.12
2011.01.31 12:54:14.340,0.99339,0.99383,2.25,1.19
2011.01.31 12:54:14.558,0.99337,0.99381,2.25,6.15
2011.01.31 12:54:14.668,0.99337,0.99381,2.25,2.70
2011.01.31 12:54:15.072,0.99334,0.9938,2.63,2.70
2011.01.31 12:54:16.210,0.99338,0.99382,2.25,6.45
2011.01.31 12:54:16.609,0.99335,0.99377,2.25,1.95
2011.01.31 12:54:16.719,0.99335,0.99377,2.25,4.47
2011.01.31 12:54:17.309,0.99336,0.99377,2.25,4.47
2011.01.31 12:54:17.691,0.99336,0.99371,2.25,1.50
2011.01.31 12:54:17.800,0.99333,0.99371,2.25,1.50
2011.01.31 12:54:18.019,0.99329,0.99371,4.20,1.58
2011.01.31 12:54:19.640,0.99329,0.99371,2.78,1.50
2011.01.31 12:54:25.641,0.9933,0.99371,2.63,1.65
2011.01.31 12:54:26.086,0.9933,0.99371,2.78,1.50
2011.01.31 12:54:28.049,0.99331,0.99372,3.90,1.50
2011.01.31 12:54:28.551,0.99334,0.99373,2.63,1.58
2011.01.31 12:54:29.059,0.99338,0.99377,2.25,1.58
2011.01.31 12:54:30.003,0.99338,0.99377,2.33,1.65
2011.01.31 12:54:30.134,0.99338,0.99377,2.33,1.50
2011.01.31 12:54:30.378,0.99338,0.99377,2.33,1.65
2011.01.31 12:54:32.111,0.99338,0.99377,2.40,1.58
2011.01.31 12:54:33.131,0.99338,0.99377,2.33,1.58
2011.01.31 12:54:33.240,0.99338,0.99381,4.39,3.83
2011.01.31 12:54:33.562,0.99338,0.99381,4.39,1.50
2011.01.31 12:54:33.669,0.99338,0.99381,4.32,1.58
2011.01.31 12:54:34.359,0.99338,0.99381,4.47,1.50
2011.01.31 12:54:34.690,0.99342,0.9938,1.65,1.50
2011.01.31 12:54:34.980,0.99342,0.99386,1.65,4.20
2011.01.31 12:54:35.200,0.99344,0.99386,2.70,1.50
2011.01.31 12:54:35.639,0.99346,0.9939,2.33,2.63
2011.01.31 12:54:36.423,0.99346,0.9939,2.25,2.70
2011.01.31 12:54:37.481,0.99345,0.99391,2.63,2.70
2011.01.31 12:54:39.048,0.99345,0.99391,2.63,2.63
2011.01.31 12:54:40.138,0.99344,0.9939,2.70,2.63
2011.01.31 12:54:41.744,0.99348,0.99393,2.63,2.33
2011.01.31 12:54:41.971,0.99353,0.99395,2.25,1.95
2011.01.31 12:54:42.768,0.99351,0.99395,3.75,1.95
2011.01.31 12:54:43.120,0.99354,0.99395,2.25,1.95
2011.01.31 12:54:43.462,0.99352,0.99395,2.25,1.95
2011.01.31 12:54:44.001,0.99352,0.99395,2.25,2.03
2011.01.31 12:54:44.978,0.99352,0.99395,2.25,2.03
2011.01.31 12:54:45.779,0.99352,0.99395,2.25,2.03
2011.01.31 12:54:48.673,0.99352,0.99395,2.33,1.95
2011.01.31 12:54:48.919,0.99352,0.99395,2.25,2.03
2011.01.31 12:54:49.679,0.99352,0.99395,2.70,1.50
2011.01.31 12:54:49.789,0.99357,0.99395,2.25,1.50
2011.01.31 12:54:49.899,0.99357,0.99401,2.25,3.45
2011.01.31 12:54:51.160,0.99355,0.99399,2.63,2.33
2011.01.31 12:54:51.465,0.99359,0.99401,1.50,2.03
2011.01.31 12:54:51.582,0.99356,0.99402,2.63,4.43
2011.01.31 12:54:52.336,0.99354,0.994,2.25,2.78
2011.01.31 12:54:52.454,0.99354,0.99399,2.63,1.65
2011.01.31 12:54:52.572,0.99354,0.99399,2.63,1.50
2011.01.31 12:54:52.683,0.99358,0.994,2.25,2.63
2011.01.31 12:54:52.802,0.99361,0.99405,2.25,2.63
2011.01.31 12:54:53.323,0.9936,0.99405,1.88,2.63
2011.01.31 12:54:54.058,0.9936,0.99405,1.88,2.70
2011.01.31 12:54:55.070,0.9936,0.99405,1.88,2.78
2011.01.31 12:54:57.039,0.9936,0.99405,1.95,2.78
2011.01.31 12:55:00.438,0.9936,0.99405,2.03,2.78
2011.01.31 12:55:02.949,0.99361,0.99406,2.25,2.55
2011.01.31 12:55:04.171,0.9936,0.99406,4.13,8.18
2011.01.31 12:55:09.093,0.9936,0.99406,4.28,3.53
2011.01.31 12:55:10.404,0.9936,0.99406,4.28,3.45
2011.01.31 12:55:11.218,0.9936,0.99406,4.20,8.03
2011.01.31 12:55:17.439,0.9936,0.99406,4.28,3.45
2011.01.31 12:55:20.050,0.9936,0.99406,4.20,8.03
2011.01.31 12:55:20.564,0.9936,0.99405,4.13,1.17
2011.01.31 12:55:25.133,0.9936,0.99406,4.20,8.03
2011.01.31 12:55:28.533,0.9936,0.99405,4.13,3.04
2011.01.31 12:55:28.656,0.9936,0.99405,4.20,1.28
2011.01.31 12:55:31.327,0.9936,0.99405,4.13,3.04
2011.01.31 12:55:32.630,0.99361,0.99402,2.25,2.97
2011.01.31 12:55:34.968,0.9936,0.99401,4.13,1.65
2011.01.31 12:55:35.566,0.9936,0.99401,4.32,1.65
2011.01.31 12:55:35.679,0.9936,0.99401,4.32,1.58
2011.01.31 12:55:35.789,0.99369,0.99401,1.50,1.58
2011.01.31 12:55:36.119,0.99361,0.99401,1.50,1.65
2011.01.31 12:55:36.907,0.99361,0.99401,1.58,1.58
2011.01.31 12:55:42.581,0.99358,0.99401,4.88,1.65
2011.01.31 12:55:44.252,0.99358,0.99397,2.25,1.50
2011.01.31 12:55:45.349,0.99358,0.99396,2.25,1.58
2011.01.31 12:55:47.105,0.99358,0.99396,2.40,1.50
2011.01.31 12:55:48.223,0.99358,0.99396,2.25,1.65
2011.01.31 12:55:48.759,0.99358,0.99396,2.25,2.40
2011.01.31 12:55:49.951,0.99358,0.99396,2.25,2.89
2011.01.31 12:55:50.500,0.99358,0.99391,1.50,1.50
2011.01.31 12:55:50.875,0.99351,0.9939,2.63,1.50
2011.01.31 12:55:51.970,0.99351,0.9939,2.63,1.58
2011.01.31 12:55:53.051,0.99351,0.9939,2.63,1.65
2011.01.31 12:55:54.998,0.99351,0.9939,2.63,1.80
2011.01.31 12:55:55.219,0.9935,0.9939,4.20,1.58
2011.01.31 12:55:57.439,0.99351,0.99387,2.25,1.50
2011.01.31 12:55:57.550,0.99349,0.99387,1.50,1.50
2011.01.31 12:55:58.109,0.99348,0.99387,2.25,1.50
2011.01.31 12:55:59.007,0.99348,0.99387,2.25,1.58
2011.01.31 12:56:03.427,0.99348,0.99386,2.25,1.65
2011.01.31 12:56:04.979,0.99348,0.99386,2.25,1.58
2011.01.31 12:56:09.318,0.99348,0.99387,2.25,1.65
2011.01.31 12:56:09.540,0.99348,0.99387,2.25,1.58
2011.01.31 12:56:09.863,0.99348,0.99387,2.25,1.65
2011.01.31 12:56:12.000,0.99348,0.99385,2.25,1.95
2011.01.31 12:56:12.222,0.99352,0.99391,1.50,2.40
2011.01.31 12:56:12.511,0.99352,0.99392,3.75,4.39
2011.01.31 12:56:12.730,0.99349,0.99387,3.75,1.58
2011.01.31 12:56:13.294,0.99349,0.99387,3.75,1.65
2011.01.31 12:56:18.551,0.99349,0.99387,3.75,1.58
2011.01.31 12:56:19.246,0.99347,0.99387,6.00,1.58
2011.01.31 12:56:19.364,0.99347,0.99387,3.75,1.80
2011.01.31 12:56:21.510,0.99346,0.99384,2.25,3.98
2011.01.31 12:56:21.813,0.99346,0.99384,2.25,1.80
2011.01.31 12:56:21.919,0.9934,0.99384,2.82,1.80
2011.01.31 12:56:23.902,0.99341,0.99382,2.44,1.80
2011.01.31 12:56:24.778,0.99341,0.99382,2.44,1.65
2011.01.31 12:56:37.111,0.99344,0.99382,2.25,1.50
2011.01.31 12:56:39.944,0.99344,0.99382,2.25,1.80
2011.01.31 12:56:41.160,0.99344,0.99382,2.25,1.65
2011.01.31 12:56:52.181,0.99344,0.99383,2.63,1.80
2011.01.31 12:56:52.289,0.99345,0.99383,1.88,1.65
2011.01.31 12:56:52.510,0.99348,0.99383,2.25,1.65
2011.01.31 12:56:52.975,0.99345,0.99383,1.88,1.65
2011.01.31 12:56:53.420,0.99343,0.99382,2.33,1.65
2011.01.31 12:56:55.051,0.99343,0.99382,2.40,1.58
2011.01.31 12:56:56.599,0.99343,0.99382,2.25,1.50
2011.01.31 12:56:56.709,0.99346,0.99382,2.25,1.50
2011.01.31 12:56:57.108,0.99348,0.99382,5.07,1.65
2011.01.31 12:56:57.227,0.99347,0.99391,5.22,4.65
2011.01.31 12:56:59.061,0.99348,0.99391,2.82,2.40
2011.01.31 12:57:01.070,0.99351,0.99392,1.88,14.03
2011.01.31 12:57:08.150,0.99348,0.99392,2.07,6.08
2011.01.31 12:57:09.934,0.99348,0.99391,2.07,1.50
2011.01.31 12:57:10.269,0.99351,0.99391,1.88,1.58
2011.01.31 12:57:10.862,0.99348,0.99386,2.33,1.50
2011.01.31 12:57:14.054,0.99347,0.99386,2.40,1.50
2011.01.31 12:57:16.777,0.99351,0.99388,2.33,1.58
2011.01.31 12:57:17.113,0.99357,0.99395,4.13,1.58
2011.01.31 12:57:17.624,0.99359,0.99403,2.63,2.40
2011.01.31 12:57:17.742,0.99359,0.99402,2.25,2.78
2011.01.31 12:57:18.417,0.99358,0.99398,3.75,1.65
2011.01.31 12:57:18.749,0.99361,0.99398,2.25,1.65
2011.01.31 12:57:19.221,0.99358,0.99398,3.75,1.65
2011.01.31 12:57:20.991,0.99361,0.99398,2.25,1.65
2011.01.31 12:57:21.608,0.99358,0.99398,3.83,1.65
2011.01.31 12:57:22.869,0.99359,0.99398,2.25,1.65
2011.01.31 12:57:23.449,0.99358,0.99398,6.08,1.65
2011.01.31 12:57:24.599,0.99359,0.99398,2.25,1.65
2011.01.31 12:57:25.257,0.99358,0.99398,3.83,1.65
2011.01.31 12:57:27.115,0.9936,0.99398,2.25,1.65
2011.01.31 12:57:27.340,0.99358,0.99398,3.83,1.65
2011.01.31 12:57:29.161,0.99359,0.99398,2.63,1.65
2011.01.31 12:57:29.511,0.99367,0.99405,2.63,1.58
2011.01.31 12:57:29.733,0.9937,0.99407,1.50,4.88
2011.01.31 12:57:29.840,0.99367,0.99404,2.25,1.50
2011.01.31 12:57:30.131,0.99364,0.99404,1.50,1.65
2011.01.31 12:57:30.244,0.99361,0.99403,3.75,1.65
2011.01.31 12:57:31.103,0.99361,0.99403,1.50,1.65
2011.01.31 12:57:31.222,0.99361,0.99403,1.58,1.58
2011.01.31 12:57:31.509,0.99361,0.99403,1.50,1.65
2011.01.31 12:57:32.354,0.99367,0.99403,2.25,1.58
2011.01.31 12:57:33.200,0.99367,0.99402,2.25,1.65
2011.01.31 12:57:33.314,0.99367,0.99402,4.50,1.50
2011.01.31 12:57:36.191,0.99374,0.99402,2.82,1.50
2011.01.31 12:57:36.302,0.99378,0.99414,2.82,1.50
2011.01.31 12:57:36.873,0.99382,0.99416,1.50,1.58
2011.01.31 12:57:37.100,0.99378,0.99416,1.50,3.08
2011.01.31 12:57:37.430,0.99379,0.99416,1.50,1.50
2011.01.31 12:57:37.650,0.99379,0.99417,1.50,12.34
2011.01.31 12:57:39.983,0.99379,0.99417,1.50,12.34
2011.01.31 12:57:40.217,0.99379,0.99417,1.50,5.40
2011.01.31 12:57:40.786,0.99379,0.99417,1.50,12.15
2011.01.31 12:57:41.932,0.99379,0.99417,1.50,5.40
2011.01.31 12:57:48.885,0.99378,0.99412,2.33,1.58
2011.01.31 12:57:49.439,0.99379,0.99416,1.50,1.58
2011.01.31 12:57:50.057,0.99379,0.99417,1.88,5.40
2011.01.31 12:57:50.170,0.99379,0.99417,1.95,3.00
2011.01.31 12:57:50.568,0.99378,0.99422,6.53,2.25
2011.01.31 12:57:50.683,0.99379,0.99423,4.13,2.40
2011.01.31 12:57:51.331,0.99379,0.99425,10.09,2.63
2011.01.31 12:57:51.445,0.9938,0.99419,2.03,1.50
2011.01.31 12:57:51.563,0.99382,0.99419,2.25,1.50
2011.01.31 12:57:51.672,0.99384,0.99427,2.63,1.65
2011.01.31 12:57:51.975,0.99387,0.99427,3.75,1.58
2011.01.31 12:57:53.091,0.99387,0.99427,3.75,3.90
2011.01.31 12:57:54.005,0.99387,0.99427,3.75,1.58
2011.01.31 12:57:54.462,0.99387,0.99427,3.75,1.65
2011.01.31 12:57:54.803,0.99387,0.99427,3.83,1.58
2011.01.31 12:57:55.422,0.99387,0.99427,3.75,1.58
2011.01.31 12:57:55.558,0.99387,0.99427,3.83,1.50
2011.01.31 12:57:56.065,0.99387,0.99427,4.32,1.58
2011.01.31 12:57:56.292,0.99387,0.99427,3.75,1.65
2011.01.31 12:57:56.711,0.99387,0.99427,1.50,1.58
2011.01.31 12:57:56.820,0.99387,0.99427,1.50,1.65
2011.01.31 12:57:59.104,0.99379,0.99423,4.13,2.40
2011.01.31 12:57:59.665,0.99379,0.99423,3.75,6.15
2011.01.31 12:57:59.783,0.99379,0.99423,3.75,2.70
2011.01.31 12:58:01.346,0.99377,0.9942,1.58,2.82
2011.01.31 12:58:02.680,0.99371,0.99417,2.70,4.20
2011.01.31 12:58:03.097,0.99372,0.99417,2.25,2.93
2011.01.31 12:58:03.420,0.99372,0.99417,2.25,6.15
2011.01.31 12:58:03.529,0.99371,0.99415,2.25,2.70
2011.01.31 12:58:03.750,0.99369,0.99413,2.25,2.89
2011.01.31 12:58:04.172,0.99367,0.99413,2.33,2.89
2011.01.31 12:58:04.988,0.99368,0.99414,2.25,6.27
2011.01.31 12:58:06.070,0.99368,0.99414,2.25,6.34
2011.01.31 12:58:06.700,0.99365,0.99411,2.63,2.70
2011.01.31 12:58:06.922,0.99365,0.99409,2.25,2.70
2011.01.31 12:58:07.030,0.99363,0.99409,2.25,2.70
2011.01.31 12:58:07.615,0.99365,0.99409,2.63,2.70
2011.01.31 12:58:08.189,0.99365,0.99409,2.63,2.63
2011.01.31 12:58:08.898,0.99364,0.99408,2.63,2.40
2011.01.31 12:58:10.184,0.99364,0.99406,2.25,1.32
2011.01.31 12:58:10.300,0.99364,0.99406,2.25,2.82
2011.01.31 12:58:10.754,0.99358,0.99402,2.25,6.27
2011.01.31 12:58:11.046,0.99353,0.99396,2.25,1.88
2011.01.31 12:58:11.443,0.99354,0.99396,2.25,1.88
2011.01.31 12:58:12.037,0.99354,0.99396,2.25,1.95
2011.01.31 12:58:12.613,0.99353,0.99397,2.63,3.75
2011.01.31 12:58:12.902,0.99358,0.99396,1.50,1.50
2011.01.31 12:58:13.120,0.99358,0.99396,3.75,1.58
2011.01.31 12:58:13.340,0.99353,0.99396,2.25,1.88
2011.01.31 12:58:13.449,0.99352,0.99396,4.28,1.50
2011.01.31 12:58:13.993,0.99353,0.99399,2.70,2.33
2011.01.31 12:58:18.049,0.99359,0.99398,1.50,2.33
2011.01.31 12:58:18.260,0.99359,0.99399,1.88,1.50
2011.01.31 12:58:19.006,0.99359,0.99399,1.95,1.58
2011.01.31 12:58:24.632,0.99359,0.99399,1.88,1.65
2011.01.31 12:58:24.740,0.99359,0.99399,1.50,4.92
2011.01.31 12:58:25.164,0.99353,0.99387,2.25,1.69
2011.01.31 12:58:25.284,0.99352,0.99387,2.25,2.22
2011.01.31 12:58:25.402,0.99343,0.99386,2.40,1.88
2011.01.31 12:58:25.621,0.99343,0.99386,2.78,1.50
2011.01.31 12:58:25.734,0.99345,0.99389,2.63,2.63
2011.01.31 12:58:25.851,0.99345,0.99389,2.63,2.70
2011.01.31 12:58:26.983,0.99346,0.9939,2.63,2.63
2011.01.31 12:58:28.160,0.99345,0.99389,2.63,2.70
2011.01.31 12:58:28.588,0.99346,0.9939,2.63,2.33
2011.01.31 12:58:28.699,0.99346,0.9939,2.70,2.25
2011.01.31 12:58:28.809,0.99348,0.99392,2.70,3.08
2011.01.31 12:58:30.311,0.9935,0.99394,2.63,2.33
2011.01.31 12:58:31.790,0.99353,0.99396,2.25,2.03
2011.01.31 12:58:32.121,0.99353,0.99396,4.13,1.50
2011.01.31 12:58:32.670,0.99354,0.99397,2.63,1.50
2011.01.31 12:58:34.362,0.99357,0.99401,2.25,4.20
2011.01.31 12:58:34.691,0.99353,0.99399,4.13,2.33
2011.01.31 12:58:34.801,0.99353,0.99399,4.13,2.40
2011.01.31 12:58:35.574,0.99358,0.994,1.88,1.58
2011.01.31 12:58:36.128,0.99358,0.994,1.88,1.58
2011.01.31 12:58:36.813,0.99358,0.994,1.88,1.50
2011.01.31 12:58:37.233,0.99358,0.994,1.88,1.58
2011.01.31 12:58:39.983,0.99358,0.994,1.95,1.58
2011.01.31 12:58:40.867,0.99358,0.994,1.95,1.58
2011.01.31 12:58:41.358,0.99363,0.99397,2.25,1.50
2011.01.31 12:58:41.473,0.99359,0.99397,1.88,1.65
2011.01.31 12:58:42.119,0.99359,0.99399,1.88,1.65
2011.01.31 12:58:44.893,0.99359,0.99399,1.88,1.65
2011.01.31 12:58:47.680,0.99359,0.99399,1.95,1.58
2011.01.31 12:58:52.944,0.99367,0.99399,2.25,1.50
2011.01.31 12:58:53.061,0.99367,0.99405,3.75,2.33
2011.01.31 12:58:53.391,0.99363,0.99403,1.50,1.58
2011.01.31 12:58:53.578,0.99363,0.99403,1.50,1.65
2011.01.31 12:58:53.698,0.99358,0.994,4.47,1.50
2011.01.31 12:58:53.921,0.99358,0.994,4.47,1.50
2011.01.31 12:58:55.066,0.99358,0.994,4.39,1.58
2011.01.31 12:58:55.636,0.99358,0.994,4.02,1.95
2011.01.31 12:58:55.754,0.99358,0.994,3.75,4.47
2011.01.31 12:58:56.200,0.99358,0.99398,1.50,1.58
2011.01.31 12:58:56.666,0.99354,0.99398,4.88,2.33
2011.01.31 12:58:56.891,0.99355,0.99399,2.25,4.47
2011.01.31 12:58:57.441,0.99353,0.99396,3.15,1.88
2011.01.31 12:58:57.887,0.99353,0.99396,3.00,2.03
2011.01.31 12:58:58.520,0.99352,0.99397,3.00,2.03
2011.01.31 12:58:58.847,0.99352,0.99396,3.08,4.28
2011.01.31 12:58:59.423,0.9935,0.99394,2.25,6.34
2011.01.31 12:58:59.960,0.99349,0.99393,2.25,2.97
2011.01.31 12:59:00.477,0.9935,0.99396,2.25,10.09
2011.01.31 12:59:01.029,0.9935,0.99393,2.25,1.19
2011.01.31 12:59:01.250,0.99348,0.99394,2.33,6.63
2011.01.31 12:59:01.470,0.99351,0.99393,2.25,1.19
2011.01.31 12:59:01.931,0.99349,0.99393,2.25,6.81
2011.01.31 12:59:02.420,0.9935,0.9939,2.25,1.17
2011.01.31 12:59:03.029,0.99349,0.9939,2.25,1.17
2011.01.31 12:59:03.139,0.99347,0.9939,2.25,1.17
2011.01.31 12:59:03.323,0.99349,0.9939,2.25,1.17
2011.01.31 12:59:03.870,0.99348,0.9939,2.25,1.17
2011.01.31 12:59:04.291,0.99348,0.99386,3.75,1.50
2011.01.31 12:59:04.509,0.99348,0.99388,1.58,1.50
2011.01.31 12:59:04.732,0.99349,0.99391,1.88,2.33
2011.01.31 12:59:05.275,0.99349,0.99387,1.95,1.58
2011.01.31 12:59:05.502,0.99349,0.99387,2.44,1.50
2011.01.31 12:59:05.923,0.99344,0.99386,2.82,1.50
2011.01.31 12:59:06.041,0.99342,0.99385,2.82,2.25
2011.01.31 12:59:06.261,0.99341,0.99387,4.20,6.08
2011.01.31 12:59:06.369,0.99341,0.99387,9.90,6.00
2011.01.31 12:59:06.782,0.99342,0.99386,2.70,2.25
2011.01.31 12:59:07.221,0.99342,0.99386,2.97,2.25
2011.01.31 12:59:07.665,0.99343,0.99381,2.25,1.50
2011.01.31 12:59:07.781,0.99341,0.99383,2.03,2.25
2011.01.31 12:59:07.889,0.99342,0.99386,2.70,2.25
2011.01.31 12:59:08.450,0.99341,0.99387,4.20,3.75
2011.01.31 12:59:08.670,0.99341,0.99385,4.20,2.25
2011.01.31 12:59:10.919,0.99344,0.99387,2.63,1.65
2011.01.31 12:59:12.670,0.99344,0.99387,2.70,1.58
2011.01.31 12:59:12.919,0.99344,0.99387,2.78,1.50
2011.01.31 12:59:13.250,0.99344,0.99387,6.15,1.50
2011.01.31 12:59:13.654,0.99341,0.99386,1.65,2.63
2011.01.31 12:59:13.772,0.9934,0.99378,9.90,1.50
2011.01.31 12:59:13.989,0.99343,0.99387,2.70,1.58
2011.01.31 12:59:14.158,0.99343,0.99387,6.34,1.58
2011.01.31 12:59:16.179,0.99348,0.99387,1.88,2.25
2011.01.31 12:59:16.792,0.99348,0.99388,1.88,1.58
2011.01.31 12:59:17.989,0.99348,0.99388,2.03,1.58
2011.01.31 12:59:18.866,0.99348,0.99388,2.03,1.50
2011.01.31 12:59:19.659,0.99348,0.99388,1.95,1.65
2011.01.31 12:59:20.669,0.99348,0.99388,1.95,1.58
2011.01.31 12:59:21.594,0.99348,0.99388,2.18,1.50
2011.01.31 12:59:24.097,0.99348,0.99388,1.88,1.65
2011.01.31 12:59:24.353,0.99348,0.99388,2.18,1.50
2011.01.31 12:59:25.310,0.99348,0.99388,1.88,1.65
2011.01.31 12:59:27.271,0.99348,0.99388,2.18,1.50
2011.01.31 12:59:27.821,0.99348,0.99388,1.88,1.58
2011.01.31 12:59:27.930,0.99348,0.99388,1.50,1.58
2011.01.31 12:59:28.150,0.99343,0.99386,1.20,1.50
2011.01.31 12:59:32.707,0.99344,0.99385,1.13,2.25
2011.01.31 12:59:34.430,0.99344,0.99385,1.13,2.25
2011.01.31 12:59:34.831,0.99347,0.99391,2.63,2.25
2011.01.31 12:59:36.992,0.99349,0.99393,1.88,4.65
2011.01.31 12:59:37.366,0.99352,0.99396,2.25,4.20
2011.01.31 12:59:37.725,0.99352,0.99396,2.63,3.90
2011.01.31 12:59:37.843,0.99352,0.99396,2.63,3.83
2011.01.31 12:59:37.964,0.9935,0.99396,4.32,3.75
2011.01.31 12:59:38.083,0.9935,0.99396,4.32,3.90
2011.01.31 12:59:39.763,0.99351,0.99396,2.25,1.95
2011.01.31 12:59:40.101,0.99351,0.99396,2.25,4.28
2011.01.31 12:59:41.012,0.99352,0.99396,2.25,4.28
2011.01.31 12:59:41.412,0.99351,0.99395,2.25,2.93
2011.01.31 12:59:41.727,0.99351,0.99395,2.25,2.78
2011.01.31 12:59:42.981,0.99352,0.99395,1.58,2.78
2011.01.31 12:59:43.710,0.99351,0.99395,2.52,2.63
2011.01.31 12:59:43.823,0.99349,0.99395,11.89,2.25
2011.01.31 12:59:44.205,0.99349,0.99395,4.32,2.33
2011.01.31 12:59:45.433,0.99349,0.99395,4.13,2.70
2011.01.31 12:59:46.360,0.99351,0.99395,2.25,2.70
2011.01.31 12:59:46.729,0.9935,0.99394,2.63,2.40
2011.01.31 12:59:47.169,0.99349,0.99395,2.70,2.70
2011.01.31 12:59:47.591,0.99351,0.99395,2.82,2.33
2011.01.31 12:59:48.251,0.9935,0.99395,1.88,2.70
2011.01.31 12:59:48.361,0.99352,0.99396,2.25,2.70
2011.01.31 12:59:48.701,0.99352,0.99396,2.25,9.90
2011.01.31 12:59:49.230,0.99351,0.99395,2.25,2.93
2011.01.31 12:59:49.813,0.9935,0.99396,4.88,10.05
2011.01.31 12:59:50.772,0.9935,0.99395,2.63,1.17
2011.01.31 12:59:52.014,0.9935,0.99396,2.63,10.05
2011.01.31 12:59:58.360,0.9935,0.99395,2.63,1.39
