2011.01.30 23:00:00.629,0.98995,0.99105,1.17,1.95
2011.01.30 23:00:00.739,0.98978,0.99122,6.23,6.23
2011.01.30 23:00:01.011,0.98923,0.99033,4.58,3.00
2011.01.30 23:00:01.230,0.98923,0.99033,1.50,3.00
2011.01.30 23:00:01.448,0.98904,0.99033,1.17,3.00
2011.01.30 23:00:01.559,0.989,0.99026,1.84,1.50
2011.01.30 23:00:01.949,0.98907,0.9903,1.05,1.50
2011.01.30 23:00:02.290,0.98918,0.99033,1.05,3.00
2011.01.30 23:00:02.480,0.9892,0.99043,1.65,3.00
2011.01.30 23:00:02.889,0.98922,0.99046,1.09,1.50
2011.01.30 23:00:03.056,0.98942,0.99122,1.02,1.17
2011.01.30 23:00:03.671,0.98945,0.99122,1.47,1.35
2011.01.30 23:00:03.889,0.98945,0.99137,1.84,1.92
2011.01.30 23:00:05.310,0.98958,0.99131,1.05,1.77
2011.01.30 23:00:05.720,0.98961,0.99131,1.17,1.17
2011.01.30 23:00:05.940,0.9895,0.99133,1.35,1.09
2011.01.30 23:00:06.310,0.98957,0.99133,2.70,6.53
2011.01.30 23:00:06.529,0.98957,0.99133,6.15,6.42
2011.01.30 23:00:07.313,0.98957,0.99133,2.78,6.72
2011.01.30 23:00:08.339,0.98957,0.99122,6.68,1.39
2011.01.30 23:00:09.064,0.98957,0.99128,6.68,1.20
2011.01.30 23:00:09.278,0.98957,0.99132,6.53,1.35
2011.01.30 23:00:10.314,0.98968,0.99132,6.34,1.54
2011.01.30 23:00:10.723,0.98965,0.99132,1.35,6.53
2011.01.30 23:00:11.268,0.98965,0.99132,1.35,6.34
2011.01.30 23:00:12.289,0.98965,0.99126,1.17,1.17
2011.01.30 23:00:14.018,0.98974,0.99132,1.17,6.34
2011.01.30 23:00:14.632,0.98968,0.99127,6.53,1.35
2011.01.30 23:00:15.310,0.98974,0.99132,1.17,6.34
2011.01.30 23:00:16.199,0.98973,0.99127,1.05,1.77
2011.01.30 23:00:17.171,0.98974,0.99128,1.77,1.05
2011.01.30 23:00:18.513,0.98974,0.99127,1.39,1.39
2011.01.30 23:00:19.634,0.98974,0.99132,1.17,2.85
2011.01.30 23:00:21.041,0.9898,0.99142,1.17,1.09
2011.01.30 23:00:23.419,0.99003,0.99131,1.50,1.39
2011.01.30 23:00:23.638,0.99017,0.99143,2.63,1.09
2011.01.30 23:00:24.288,0.99017,0.99142,2.63,1.09
2011.01.30 23:00:24.955,0.99017,0.99143,2.63,1.09
2011.01.30 23:00:26.340,0.99017,0.99138,2.78,1.05
2011.01.30 23:00:26.591,0.99017,0.99142,2.70,1.09
2011.01.30 23:00:30.282,0.99017,0.99143,6.34,1.09
2011.01.30 23:00:30.679,0.99017,0.99133,6.90,1.05
2011.01.30 23:00:31.159,0.99027,0.99146,2.70,1.84
2011.01.30 23:00:32.025,0.99027,0.99146,2.78,1.84
2011.01.30 23:00:35.185,0.99027,0.99146,6.53,1.84
2011.01.30 23:00:36.029,0.99027,0.99146,6.53,1.65
2011.01.30 23:00:38.291,0.99028,0.99146,1.09,1.65
2011.01.30 23:00:40.479,0.99047,0.99153,2.70,2.40
2011.01.30 23:00:41.076,0.99058,0.99168,3.00,1.09
2011.01.30 23:00:43.164,0.99059,0.99167,1.47,1.09
2011.01.30 23:00:44.266,0.99059,0.99158,1.62,1.05
2011.01.30 23:00:45.256,0.99059,0.99167,1.65,1.09
2011.01.30 23:00:48.232,0.99068,0.99157,1.05,1.05
2011.01.30 23:00:50.615,0.99083,0.99157,1.50,1.05
2011.01.30 23:00:51.019,0.99083,0.99162,1.50,1.35
2011.01.30 23:00:51.357,0.99086,0.99162,1.50,1.35
2011.01.30 23:00:52.091,0.99086,0.99162,1.50,1.39
2011.01.30 23:00:52.199,0.99088,0.99162,1.50,1.39
2011.01.30 23:00:59.691,0.99091,0.99162,1.50,1.17
2011.01.30 23:00:59.909,0.99087,0.99167,1.65,1.20
2011.01.30 23:01:04.325,0.99091,0.99167,1.50,1.20
2011.01.30 23:01:04.428,0.99087,0.99167,1.65,1.20
2011.01.30 23:01:09.681,0.99087,0.99172,1.50,1.84
2011.01.30 23:01:09.900,0.99078,0.99172,1.58,1.84
2011.01.30 23:01:11.526,0.9908,0.99158,1.65,1.05
2011.01.30 23:01:12.330,0.9908,0.99168,1.50,1.09
2011.01.30 23:01:12.878,0.99089,0.99161,1.50,1.17
2011.01.30 23:01:12.994,0.99087,0.99161,1.50,1.17
2011.01.30 23:01:13.682,0.99088,0.99161,1.50,1.17
2011.01.30 23:01:14.737,0.99088,0.99161,1.50,1.17
2011.01.30 23:01:15.318,0.99089,0.99161,1.50,1.17
2011.01.30 23:01:15.848,0.99088,0.99161,1.50,1.17
2011.01.30 23:01:16.439,0.99088,0.99163,1.50,1.05
2011.01.30 23:01:16.628,0.99088,0.99161,1.50,1.39
2011.01.30 23:01:17.146,0.99087,0.99161,1.50,1.39
2011.01.30 23:01:17.702,0.99088,0.99161,1.50,1.39
2011.01.30 23:01:18.859,0.99088,0.99159,1.50,4.28
2011.01.30 23:01:18.969,0.99084,0.9916,1.50,2.03
2011.01.30 23:01:19.614,0.9908,0.99156,1.58,1.58
2011.01.30 23:01:22.279,0.99079,0.99149,1.50,1.58
2011.01.30 23:01:22.616,0.99083,0.99151,1.50,1.58
2011.01.30 23:01:24.256,0.99083,0.99151,1.50,1.65
2011.01.30 23:01:29.632,0.99078,0.99146,1.58,1.58
2011.01.30 23:01:30.622,0.99082,0.99152,1.50,2.10
2011.01.30 23:01:35.410,0.99071,0.99141,1.50,1.65
2011.01.30 23:01:35.850,0.99066,0.99136,1.58,1.58
2011.01.30 23:01:36.219,0.99075,0.99145,1.50,3.98
2011.01.30 23:01:36.330,0.99075,0.99145,1.50,1.65
2011.01.30 23:01:36.439,0.99078,0.99146,1.50,1.65
2011.01.30 23:01:37.382,0.99082,0.99152,1.50,4.43
2011.01.30 23:01:38.443,0.99077,0.99147,1.58,1.58
2011.01.30 23:01:38.699,0.99077,0.99147,1.65,1.50
2011.01.30 23:01:38.919,0.9908,0.9915,1.50,1.65
2011.01.30 23:01:39.268,0.99082,0.99152,1.50,1.65
2011.01.30 23:01:40.201,0.99082,0.99152,1.58,1.65
2011.01.30 23:01:41.179,0.99082,0.99152,1.50,2.03
2011.01.30 23:01:41.668,0.99082,0.99152,1.50,4.80
2011.01.30 23:01:41.920,0.99078,0.99146,1.50,1.65
2011.01.30 23:01:42.035,0.99082,0.99152,1.50,4.43
2011.01.30 23:01:42.383,0.9908,0.9915,1.50,1.80
2011.01.30 23:01:43.648,0.9908,0.9915,1.50,4.43
2011.01.30 23:01:43.978,0.99065,0.99135,1.65,1.50
2011.01.30 23:01:44.089,0.99065,0.99135,1.65,1.50
2011.01.30 23:01:44.789,0.99066,0.99134,1.65,1.50
2011.01.30 23:01:45.119,0.99076,0.99144,1.50,3.98
2011.01.30 23:01:45.654,0.99076,0.99144,1.50,1.65
2011.01.30 23:01:45.979,0.99078,0.99146,1.50,1.58
2011.01.30 23:01:46.318,0.99083,0.99151,1.50,1.65
2011.01.30 23:01:47.428,0.99085,0.99153,1.50,3.98
2011.01.30 23:01:47.540,0.99085,0.99153,1.50,1.65
2011.01.30 23:01:48.389,0.99086,0.99154,1.50,1.65
2011.01.30 23:01:48.499,0.99086,0.99154,1.50,1.65
2011.01.30 23:01:49.439,0.99086,0.99154,1.50,1.50
2011.01.30 23:01:49.658,0.99087,0.99157,1.50,1.50
2011.01.30 23:01:49.878,0.99092,0.99162,1.50,1.58
2011.01.30 23:01:51.170,0.99092,0.99162,1.50,1.80
2011.01.30 23:01:51.739,0.99091,0.99159,1.50,1.58
2011.01.30 23:01:52.229,0.99089,0.99159,1.50,1.58
2011.01.30 23:01:53.274,0.9909,0.9916,1.50,1.65
2011.01.30 23:01:55.670,0.99085,0.99153,1.50,1.65
2011.01.30 23:01:56.409,0.99085,0.99153,1.50,3.98
2011.01.30 23:01:57.469,0.99087,0.99155,1.50,1.65
2011.01.30 23:01:57.689,0.99089,0.99157,1.50,1.73
2011.01.30 23:01:59.288,0.99085,0.99155,1.50,1.65
2011.01.30 23:02:00.092,0.99086,0.99154,1.50,1.65
2011.01.30 23:02:00.223,0.99086,0.99154,1.50,4.20
2011.01.30 23:02:04.009,0.99085,0.99153,1.50,4.20
2011.01.30 23:02:04.826,0.99084,0.99154,1.50,4.20
2011.01.30 23:02:05.180,0.99084,0.99154,1.50,1.65
2011.01.30 23:02:08.862,0.99085,0.99155,1.50,1.80
2011.01.30 23:02:09.075,0.99087,0.99155,1.50,1.80
2011.01.30 23:02:09.398,0.99091,0.99159,1.50,4.35
2011.01.30 23:02:09.704,0.99087,0.99157,1.50,2.10
2011.01.30 23:02:10.403,0.99087,0.99157,1.50,4.92
2011.01.30 23:02:12.052,0.99087,0.99157,1.50,2.10
2011.01.30 23:02:12.278,0.99087,0.99157,1.50,5.40
2011.01.30 23:02:12.388,0.99074,0.99152,1.50,2.03
2011.01.30 23:02:12.609,0.99066,0.99144,1.50,1.95
2011.01.30 23:02:12.719,0.99066,0.99138,1.50,1.50
2011.01.30 23:02:12.829,0.99058,0.99125,2.25,1.88
2011.01.30 23:02:13.159,0.9898,0.99125,1.17,1.88
2011.01.30 23:02:13.379,0.9898,0.99125,1.35,1.88
2011.01.30 23:02:14.663,0.98985,0.99125,1.17,1.88
2011.01.30 23:02:15.559,0.98985,0.99131,1.17,1.47
2011.01.30 23:02:16.271,0.98985,0.99124,1.35,1.95
2011.01.30 23:02:17.284,0.98985,0.99125,1.77,4.43
2011.01.30 23:02:18.349,0.98985,0.99124,1.35,4.47
2011.01.30 23:02:19.255,0.98985,0.99125,1.35,4.28
2011.01.30 23:02:19.959,0.9899,0.99124,1.65,4.47
2011.01.30 23:02:20.289,0.98998,0.99124,6.34,4.28
2011.01.30 23:02:22.122,0.98998,0.99125,6.15,4.47
2011.01.30 23:02:22.449,0.99008,0.99125,4.58,4.65
2011.01.30 23:02:23.659,0.99017,0.99124,1.95,4.35
2011.01.30 23:02:26.221,0.99018,0.99124,1.05,4.58
2011.01.30 23:02:27.209,0.99017,0.99124,4.65,4.35
2011.01.30 23:02:27.441,0.99022,0.99124,1.05,4.43
2011.01.30 23:02:30.399,0.99024,0.99124,1.39,4.43
2011.01.30 23:02:31.579,0.99027,0.99124,1.05,4.43
2011.01.30 23:02:31.799,0.99027,0.99124,4.43,4.43
2011.01.30 23:02:33.202,0.99027,0.99124,2.03,4.28
2011.01.30 23:02:34.189,0.99028,0.99124,1.05,4.43
2011.01.30 23:02:34.950,0.99023,0.99125,1.05,2.18
2011.01.30 23:02:35.679,0.99016,0.99125,4.65,4.47
2011.01.30 23:02:36.249,0.9902,0.99114,1.39,1.88
2011.01.30 23:02:36.469,0.99017,0.99114,4.65,1.50
2011.01.30 23:02:36.578,0.99017,0.99124,4.65,2.03
2011.01.30 23:02:38.331,0.99024,0.99124,1.39,4.43
2011.01.30 23:02:43.349,0.99022,0.99123,1.05,1.05
2011.01.30 23:02:50.279,0.99026,0.99125,4.28,4.28
2011.01.30 23:02:51.355,0.99026,0.99125,4.28,1.65
2011.01.30 23:02:51.469,0.99026,0.99125,4.47,1.58
2011.01.30 23:02:52.344,0.99037,0.99134,1.58,4.47
2011.01.30 23:02:52.559,0.99037,0.99134,1.65,4.28
2011.01.30 23:02:53.132,0.99026,0.99135,4.65,4.28
2011.01.30 23:02:54.233,0.99026,0.99135,4.65,4.47
2011.01.30 23:03:00.779,0.99026,0.99135,4.47,4.47
2011.01.30 23:03:02.281,0.99026,0.99125,4.47,4.28
2011.01.30 23:03:03.969,0.99027,0.99134,4.47,4.47
2011.01.30 23:03:04.589,0.99027,0.99134,4.65,4.47
2011.01.30 23:03:05.029,0.99027,0.99134,4.47,4.35
2011.01.30 23:03:09.570,0.99025,0.99131,1.17,1.47
2011.01.30 23:03:09.790,0.99022,0.99124,1.05,4.43
2011.01.30 23:03:10.340,0.99022,0.99124,1.05,4.43
2011.01.30 23:03:10.449,0.99026,0.99125,4.47,4.28
2011.01.30 23:03:10.569,0.99026,0.99125,4.47,1.95
2011.01.30 23:03:11.893,0.9903,0.99125,1.17,1.95
2011.01.30 23:03:12.860,0.99026,0.99125,4.65,1.58
2011.01.30 23:03:12.969,0.99027,0.99134,4.47,4.54
2011.01.30 23:03:13.080,0.99027,0.99134,2.03,4.65
2011.01.30 23:03:13.189,0.99027,0.99133,4.80,1.05
2011.01.30 23:03:14.201,0.99027,0.99134,4.65,4.47
2011.01.30 23:03:22.444,0.99027,0.99133,4.80,1.05
2011.01.30 23:03:24.272,0.9903,0.99124,1.17,1.95
2011.01.30 23:03:25.588,0.9903,0.99124,1.17,1.88
2011.01.30 23:03:25.699,0.99027,0.99124,4.65,1.88
2011.01.30 23:03:26.979,0.99037,0.99124,1.58,1.88
2011.01.30 23:03:28.243,0.99026,0.99125,4.65,1.95
2011.01.30 23:03:32.642,0.99026,0.99125,4.65,1.88
2011.01.30 23:03:33.729,0.99036,0.99125,4.28,1.88
2011.01.30 23:03:34.949,0.99036,0.99125,4.47,1.88
2011.01.30 23:03:46.729,0.99047,0.99124,1.58,1.50
2011.01.30 23:03:47.268,0.99047,0.99124,1.50,1.58
2011.01.30 23:03:50.020,0.99037,0.99124,1.95,4.28
2011.01.30 23:03:51.229,0.99036,0.99123,2.03,1.17
2011.01.30 23:03:56.873,0.99036,0.99125,4.47,1.95
2011.01.30 23:03:57.629,0.99047,0.99124,1.95,1.58
2011.01.30 23:03:57.939,0.99046,0.99135,4.28,2.03
2011.01.30 23:04:00.340,0.99046,0.99135,4.47,2.03
2011.01.30 23:04:09.088,0.99046,0.99135,4.28,4.47
2011.01.30 23:04:11.189,0.99056,0.99135,1.50,1.80
2011.01.30 23:04:11.566,0.99046,0.99135,4.43,4.43
2011.01.30 23:04:11.971,0.99046,0.99135,4.28,4.47
2011.01.30 23:04:24.510,0.99046,0.99135,4.47,4.28
2011.01.30 23:04:29.729,0.99046,0.99135,4.65,1.58
2011.01.30 23:04:30.169,0.99057,0.99134,1.58,1.65
2011.01.30 23:04:33.581,0.99057,0.99134,1.95,1.65
2011.01.30 23:04:33.689,0.9907,0.9914,1.58,1.50
2011.01.30 23:04:33.909,0.9907,0.9914,1.50,1.58
2011.01.30 23:04:34.129,0.99069,0.99139,1.65,1.50
2011.01.30 23:04:34.833,0.99071,0.99139,1.58,1.50
2011.01.30 23:04:35.271,0.99071,0.99139,1.65,1.50
2011.01.30 23:04:36.261,0.99071,0.99139,1.58,1.50
2011.01.30 23:04:39.342,0.99071,0.99139,1.65,1.50
2011.01.30 23:04:41.651,0.99071,0.99139,1.65,1.50
2011.01.30 23:04:41.759,0.99076,0.99154,1.50,4.20
2011.01.30 23:04:43.229,0.99076,0.99154,1.58,1.65
2011.01.30 23:04:44.107,0.99076,0.99154,1.65,1.58
2011.01.30 23:04:46.149,0.99076,0.99154,1.65,1.80
2011.01.30 23:04:46.526,0.99085,0.99155,1.50,1.58
2011.01.30 23:04:47.690,0.99105,0.99175,1.50,4.35
2011.01.30 23:04:47.799,0.99105,0.99175,1.50,1.65
2011.01.30 23:04:47.909,0.99105,0.99175,1.50,1.65
2011.01.30 23:04:48.890,0.99105,0.99175,1.50,1.65
2011.01.30 23:04:50.291,0.99105,0.99175,1.50,1.65
2011.01.30 23:04:51.539,0.99115,0.99185,1.50,4.20
2011.01.30 23:04:53.020,0.99105,0.99175,1.50,1.58
2011.01.30 23:04:53.240,0.99105,0.99175,1.50,1.50
2011.01.30 23:04:53.460,0.99095,0.99175,1.50,1.50
2011.01.30 23:04:55.229,0.99095,0.99175,1.58,1.50
2011.01.30 23:04:56.813,0.99095,0.99175,1.58,1.88
2011.01.30 23:04:56.919,0.99095,0.99175,1.50,1.88
2011.01.30 23:04:57.248,0.99086,0.99174,2.03,1.88
2011.01.30 23:04:59.349,0.99086,0.99174,4.58,1.88
2011.01.30 23:05:05.846,0.99086,0.99174,4.28,1.95
2011.01.30 23:05:12.089,0.99086,0.99174,1.65,1.95
2011.01.30 23:05:12.199,0.99086,0.99174,1.58,1.95
2011.01.30 23:05:12.699,0.99085,0.99165,1.58,1.50
2011.01.30 23:05:13.219,0.99085,0.99165,1.58,1.50
2011.01.30 23:05:25.685,0.99086,0.99164,1.58,1.50
2011.01.30 23:05:35.846,0.99086,0.99164,1.65,1.50
2011.01.30 23:05:36.426,0.99086,0.99164,1.58,1.50
2011.01.30 23:05:49.880,0.99086,0.99164,1.65,1.50
2011.01.30 23:05:50.351,0.99086,0.99164,1.58,1.50
2011.01.30 23:05:50.460,0.99086,0.99164,1.65,1.50
2011.01.30 23:05:51.389,0.99086,0.99164,1.58,1.50
2011.01.30 23:06:06.763,0.99086,0.99164,1.65,1.50
2011.01.30 23:06:06.883,0.99086,0.99164,1.58,1.50
2011.01.30 23:06:13.359,0.99086,0.99164,1.50,1.65
2011.01.30 23:06:13.577,0.99086,0.99164,1.88,1.65
2011.01.30 23:06:13.909,0.99096,0.99164,1.50,1.50
2011.01.30 23:06:14.349,0.99085,0.99165,1.50,1.50
2011.01.30 23:06:15.370,0.99085,0.99165,1.58,1.50
2011.01.30 23:06:16.292,0.99085,0.99165,1.65,1.50
2011.01.30 23:06:16.826,0.99085,0.99165,3.98,1.50
2011.01.30 23:06:16.958,0.99085,0.99165,1.65,1.50
2011.01.30 23:06:17.268,0.99085,0.99165,1.65,1.58
2011.01.30 23:06:21.419,0.99095,0.99165,1.50,1.58
2011.01.30 23:06:23.344,0.99095,0.99165,1.65,1.50
2011.01.30 23:06:24.392,0.99095,0.99165,1.80,1.50
2011.01.30 23:06:25.389,0.99095,0.99165,1.65,1.65
2011.01.30 23:06:27.836,0.99095,0.99165,1.50,1.65
2011.01.30 23:06:28.169,0.99056,0.99159,3.98,2.70
2011.01.30 23:06:31.239,0.99057,0.99152,3.98,1.09
2011.01.30 23:06:31.900,0.99057,0.99147,1.73,1.47
2011.01.30 23:06:34.970,0.99056,0.99138,1.50,1.02
2011.01.30 23:06:35.079,0.9904,0.99138,1.17,1.02
2011.01.30 23:06:35.189,0.99036,0.99142,4.47,1.09
2011.01.30 23:06:35.500,0.9904,0.99142,1.39,1.05
2011.01.30 23:06:36.747,0.99036,0.99136,4.47,4.28
2011.01.30 23:06:36.969,0.9904,0.99136,1.17,1.95
2011.01.30 23:06:39.660,0.99039,0.99125,1.39,1.50
2011.01.30 23:06:39.769,0.99039,0.99135,1.39,1.88
2011.01.30 23:06:40.099,0.99039,0.99135,1.39,1.50
2011.01.30 23:06:40.429,0.99047,0.99144,1.80,1.88
2011.01.30 23:06:40.858,0.99039,0.99145,1.17,1.50
2011.01.30 23:06:40.970,0.99039,0.99155,1.17,1.95
2011.01.30 23:06:41.410,0.99047,0.99154,2.03,1.65
2011.01.30 23:06:41.519,0.99047,0.99154,1.95,1.50
2011.01.30 23:06:41.629,0.99047,0.99154,4.47,1.50
2011.01.30 23:06:41.849,0.99056,0.99165,1.58,1.95
2011.01.30 23:06:42.980,0.99047,0.99174,4.47,4.28
2011.01.30 23:06:43.419,0.99067,0.99174,1.50,4.28
2011.01.30 23:06:44.102,0.99056,0.99175,1.95,4.28
2011.01.30 23:06:44.430,0.99049,0.99174,1.17,1.95
2011.01.30 23:06:44.949,0.99048,0.99174,1.05,4.43
2011.01.30 23:06:46.640,0.99056,0.99175,4.43,2.03
2011.01.30 23:06:47.230,0.99056,0.99175,1.95,1.95
2011.01.30 23:06:48.268,0.99057,0.99165,4.28,1.88
2011.01.30 23:06:49.738,0.99057,0.99165,4.47,1.88
2011.01.30 23:06:51.259,0.99047,0.99165,10.43,1.88
2011.01.30 23:06:51.699,0.99047,0.99165,2.03,1.95
2011.01.30 23:06:52.269,0.99048,0.99165,1.05,1.88
2011.01.30 23:06:54.554,0.99048,0.9916,1.05,1.50
2011.01.30 23:06:55.481,0.99047,0.99157,1.58,1.02
2011.01.30 23:06:56.415,0.99037,0.99153,4.80,1.28
2011.01.30 23:07:01.329,0.99036,0.99149,4.28,1.65
2011.01.30 23:07:03.333,0.99037,0.99143,2.03,4.77
2011.01.30 23:07:03.700,0.99037,0.99132,4.58,1.88
2011.01.30 23:07:04.439,0.99037,0.99128,2.03,1.88
2011.01.30 23:07:14.595,0.99036,0.99126,4.47,1.88
2011.01.30 23:07:14.930,0.99029,0.99097,4.17,1.50
2011.01.30 23:07:17.249,0.99029,0.99097,4.20,1.50
2011.01.30 23:07:17.470,0.99038,0.99108,1.95,1.50
2011.01.30 23:07:17.690,0.99038,0.99108,1.65,1.50
2011.01.30 23:07:18.071,0.99028,0.99098,4.17,1.50
2011.01.30 23:07:18.180,0.99028,0.99098,4.17,1.50
2011.01.30 23:07:22.443,0.99028,0.99098,3.98,1.50
2011.01.30 23:07:28.220,0.99028,0.99098,4.95,1.50
2011.01.30 23:07:37.853,0.99028,0.99098,4.17,1.50
2011.01.30 23:07:40.711,0.99042,0.9911,1.50,1.58
2011.01.30 23:07:40.820,0.99042,0.9911,1.58,1.50
2011.01.30 23:07:41.151,0.99039,0.99107,1.58,1.50
2011.01.30 23:07:41.481,0.99034,0.99102,2.18,1.50
2011.01.30 23:07:41.661,0.99039,0.99107,1.58,1.50
2011.01.30 23:07:41.771,0.99046,0.99135,1.88,1.88
2011.01.30 23:07:41.881,0.99046,0.99135,1.95,1.50
2011.01.30 23:07:42.210,0.99046,0.99116,1.95,1.50
2011.01.30 23:07:42.430,0.99047,0.99134,1.95,1.88
2011.01.30 23:07:42.540,0.99047,0.99134,1.58,2.25
2011.01.30 23:07:42.847,0.99038,0.99108,5.22,1.50
2011.01.30 23:07:42.961,0.99057,0.99134,1.50,1.58
2011.01.30 23:07:43.290,0.99057,0.99134,1.50,1.95
2011.01.30 23:07:43.750,0.99049,0.99117,1.58,1.50
2011.01.30 23:07:44.893,0.99049,0.99117,1.58,1.50
2011.01.30 23:07:45.000,0.9905,0.9912,1.58,1.50
2011.01.30 23:07:45.220,0.99045,0.99115,4.28,1.50
2011.01.30 23:07:45.471,0.99056,0.99124,1.50,1.58
2011.01.30 23:07:46.229,0.99056,0.99124,1.58,1.58
2011.01.30 23:07:47.613,0.99044,0.99114,1.65,1.50
2011.01.30 23:07:48.672,0.99048,0.99115,1.50,1.50
2011.01.30 23:07:50.362,0.99048,0.99115,1.58,1.50
2011.01.30 23:07:50.471,0.99048,0.99122,1.58,1.95
2011.01.30 23:07:51.279,0.99048,0.99122,1.50,2.03
2011.01.30 23:07:53.583,0.99048,0.99122,1.58,1.50
2011.01.30 23:07:53.914,0.99049,0.99121,1.50,2.03
2011.01.30 23:07:56.737,0.99039,0.99121,1.58,4.28
2011.01.30 23:07:57.370,0.99039,0.99118,1.50,1.05
2011.01.30 23:07:58.222,0.99039,0.99121,1.58,4.28
2011.01.30 23:07:58.441,0.99039,0.99121,1.50,4.47
2011.01.30 23:08:00.595,0.99039,0.99121,1.50,4.47
2011.01.30 23:08:02.123,0.99043,0.99107,1.50,1.50
2011.01.30 23:08:02.762,0.99044,0.99102,1.50,1.50
2011.01.30 23:08:03.364,0.99048,0.99102,1.50,1.50
2011.01.30 23:08:04.922,0.99048,0.99099,1.50,1.50
2011.01.30 23:08:06.662,0.99049,0.99099,1.50,1.58
2011.01.30 23:08:06.892,0.99049,0.99099,1.50,1.50
2011.01.30 23:08:07.212,0.99049,0.99105,1.50,1.58
2011.01.30 23:08:09.095,0.99049,0.99105,1.50,1.50
2011.01.30 23:08:09.848,0.99048,0.99105,1.50,1.58
2011.01.30 23:08:10.182,0.99033,0.991,1.50,1.65
2011.01.30 23:08:10.741,0.99033,0.991,1.50,1.65
2011.01.30 23:08:12.342,0.99038,0.991,1.50,1.80
2011.01.30 23:08:12.844,0.99038,0.991,1.50,1.50
2011.01.30 23:08:13.062,0.99038,0.99102,1.50,1.50
2011.01.30 23:08:14.250,0.99038,0.99102,1.50,1.58
2011.01.30 23:08:15.581,0.99038,0.99102,1.50,1.58
2011.01.30 23:08:16.464,0.99043,0.99102,1.50,1.58
2011.01.30 23:08:17.202,0.99034,0.99102,2.25,1.58
2011.01.30 23:08:17.312,0.99031,0.99099,1.50,1.58
2011.01.30 23:08:18.312,0.99031,0.99099,1.50,1.80
2011.01.30 23:08:20.591,0.99031,0.99099,2.25,1.65
2011.01.30 23:08:25.872,0.99031,0.99099,1.50,1.65
2011.01.30 23:08:30.613,0.99033,0.99099,1.50,1.65
2011.01.30 23:08:37.447,0.99033,0.99099,1.50,1.65
2011.01.30 23:08:41.142,0.99039,0.99099,1.50,1.65
2011.01.30 23:08:43.412,0.99043,0.99099,1.50,1.58
2011.01.30 23:08:44.077,0.99043,0.99105,1.50,1.65
2011.01.30 23:08:46.185,0.99043,0.99105,1.50,1.80
2011.01.30 23:08:48.431,0.99043,0.99105,1.50,1.58
2011.01.30 23:08:48.542,0.99044,0.991,1.50,1.50
2011.01.30 23:08:49.921,0.99044,0.99103,1.50,1.50
2011.01.30 23:08:52.239,0.99043,0.99107,1.50,1.65
2011.01.30 23:08:54.443,0.99043,0.99107,1.58,1.58
2011.01.30 23:08:54.921,0.99035,0.99105,1.58,1.50
2011.01.30 23:08:55.632,0.99038,0.99105,1.58,1.50
2011.01.30 23:08:55.743,0.99038,0.99105,1.50,1.58
2011.01.30 23:08:56.204,0.99043,0.99105,1.50,1.58
2011.01.30 23:08:58.075,0.99043,0.99105,1.50,1.50
2011.01.30 23:08:58.401,0.99044,0.99105,1.50,1.50
2011.01.30 23:08:58.512,0.99058,0.99112,1.50,1.58
2011.01.30 23:08:59.664,0.99058,0.99112,1.50,1.58
2011.01.30 23:09:00.319,0.99058,0.99112,1.50,1.65
2011.01.30 23:09:00.873,0.99058,0.99112,1.50,1.50
2011.01.30 23:09:01.664,0.99058,0.99112,1.50,1.50
2011.01.30 23:09:02.335,0.99058,0.99112,1.50,1.65
2011.01.30 23:09:06.236,0.99058,0.99112,1.50,1.58
2011.01.30 23:09:06.683,0.99066,0.99112,1.50,1.50
2011.01.30 23:09:06.902,0.9906,0.9913,1.50,4.17
2011.01.30 23:09:08.033,0.99058,0.99124,1.50,3.98
2011.01.30 23:09:09.194,0.99058,0.99124,1.50,1.65
2011.01.30 23:09:10.307,0.99058,0.99124,1.50,3.98
2011.01.30 23:09:16.932,0.99058,0.99115,1.50,3.98
2011.01.30 23:09:17.372,0.99058,0.99115,1.50,1.65
2011.01.30 23:09:19.002,0.99058,0.99114,1.50,3.98
2011.01.30 23:09:20.942,0.99038,0.99115,1.50,4.17
2011.01.30 23:09:21.822,0.99038,0.99114,1.50,4.17
2011.01.30 23:09:22.377,0.99038,0.99114,1.50,4.58
2011.01.30 23:09:22.824,0.99038,0.99113,1.50,6.45
2011.01.30 23:09:23.152,0.99043,0.99113,1.50,6.23
2011.01.30 23:09:24.280,0.99044,0.99103,1.50,1.20
2011.01.30 23:09:28.119,0.99043,0.99112,1.50,6.23
2011.01.30 23:09:30.932,0.99043,0.99112,1.50,6.04
2011.01.30 23:09:32.184,0.99043,0.99115,1.50,4.58
2011.01.30 23:09:33.148,0.99043,0.99114,1.50,4.17
2011.01.30 23:09:34.280,0.99043,0.99114,1.50,4.17
2011.01.30 23:09:37.293,0.99043,0.99114,1.50,4.58
2011.01.30 23:09:45.672,0.99043,0.99115,1.50,4.17
2011.01.30 23:10:26.335,0.99043,0.99115,1.50,1.80
2011.01.30 23:10:26.754,0.99043,0.99114,1.50,3.98
2011.01.30 23:10:28.207,0.99044,0.99114,1.50,4.58
2011.01.30 23:10:30.512,0.99044,0.99115,1.50,1.65
2011.01.30 23:10:32.278,0.99044,0.99114,1.50,3.98
2011.01.30 23:10:46.595,0.99044,0.99125,1.50,4.35
2011.01.30 23:11:05.709,0.99044,0.99115,1.50,4.17
2011.01.30 23:11:14.554,0.99048,0.99105,1.50,1.65
2011.01.30 23:11:14.662,0.99048,0.99105,1.50,1.58
2011.01.30 23:11:16.314,0.99048,0.99105,1.50,1.65
2011.01.30 23:11:18.922,0.99049,0.99095,1.50,1.50
2011.01.30 23:11:19.136,0.99033,0.99095,1.50,1.50
2011.01.30 23:11:20.053,0.99039,0.99095,1.50,1.50
2011.01.30 23:11:20.363,0.99039,0.99095,1.50,1.58
2011.01.30 23:11:20.963,0.99039,0.99095,1.50,1.50
2011.01.30 23:11:21.263,0.99039,0.99107,1.50,2.78
2011.01.30 23:11:21.375,0.99048,0.99114,1.50,3.98
2011.01.30 23:11:21.703,0.99034,0.99114,1.50,4.17
2011.01.30 23:11:22.442,0.99034,0.99114,1.50,3.98
2011.01.30 23:11:22.843,0.99034,0.99114,1.50,1.80
2011.01.30 23:11:23.062,0.99033,0.99112,1.50,2.70
2011.01.30 23:11:25.323,0.99034,0.99104,1.50,1.65
2011.01.30 23:11:27.151,0.99034,0.99116,1.50,2.29
2011.01.30 23:11:27.964,0.99038,0.99116,1.50,2.29
2011.01.30 23:11:40.242,0.99039,0.99116,1.50,2.29
2011.01.30 23:11:40.463,0.99059,0.99116,1.50,1.58
2011.01.30 23:11:40.573,0.99068,0.99123,1.50,5.85
2011.01.30 23:11:41.253,0.99053,0.99133,1.50,6.23
2011.01.30 23:11:42.343,0.99053,0.99133,1.50,6.04
2011.01.30 23:11:44.203,0.99053,0.99133,1.50,6.04
2011.01.30 23:11:46.183,0.99054,0.99133,1.50,7.17
2011.01.30 23:11:47.212,0.99054,0.99122,1.50,2.40
2011.01.30 23:11:51.117,0.99054,0.99122,1.50,2.70
2011.01.30 23:11:55.372,0.99054,0.99114,1.50,1.65
2011.01.30 23:11:56.181,0.99054,0.99114,1.50,3.98
2011.01.30 23:12:01.851,0.99038,0.99114,1.50,3.98
2011.01.30 23:12:05.662,0.99038,0.99114,1.50,3.98
2011.01.30 23:12:08.189,0.99043,0.99114,1.50,1.80
2011.01.30 23:12:08.529,0.99043,0.99114,1.50,3.98
2011.01.30 23:12:09.934,0.99043,0.99105,1.50,1.58
2011.01.30 23:12:10.194,0.99043,0.99105,1.50,1.50
2011.01.30 23:12:10.722,0.99043,0.99105,1.50,1.58
2011.01.30 23:12:11.051,0.99044,0.99095,1.50,1.50
2011.01.30 23:12:13.293,0.99044,0.99095,1.50,1.65
2011.01.30 23:12:16.323,0.99044,0.99094,1.50,1.65
2011.01.30 23:12:19.674,0.99044,0.99094,1.50,1.65
2011.01.30 23:12:30.018,0.99044,0.99094,1.50,1.65
2011.01.30 23:12:31.703,0.99044,0.99085,1.50,1.50
2011.01.30 23:12:32.032,0.99029,0.99085,1.50,1.50
2011.01.30 23:12:33.173,0.99028,0.99075,1.50,1.50
2011.01.30 23:12:33.391,0.99029,0.99084,1.50,1.50
2011.01.30 23:12:35.452,0.99029,0.99084,1.50,1.50
2011.01.30 23:12:35.853,0.99033,0.99084,1.50,1.58
2011.01.30 23:12:36.842,0.99033,0.99084,1.50,1.50
2011.01.30 23:12:38.192,0.99033,0.99084,1.50,1.58
2011.01.30 23:12:39.623,0.99033,0.99092,1.50,2.97
2011.01.30 23:12:40.359,0.99033,0.99092,1.50,1.73
2011.01.30 23:12:42.312,0.99033,0.99092,1.50,4.20
2011.01.30 23:12:48.249,0.99033,0.99089,1.50,4.17
2011.01.30 23:12:48.364,0.99033,0.99089,1.50,3.98
2011.01.30 23:12:48.704,0.99033,0.99085,1.50,1.50
2011.01.30 23:12:48.924,0.99033,0.99121,1.50,2.48
2011.01.30 23:12:52.344,0.99033,0.99113,1.50,6.23
2011.01.30 23:12:53.533,0.99018,0.99095,1.50,1.58
2011.01.30 23:12:53.753,0.99018,0.99095,1.50,1.50
2011.01.30 23:12:53.862,0.99018,0.99102,1.50,1.50
2011.01.30 23:12:53.973,0.99019,0.99101,1.50,1.58
2011.01.30 23:12:54.301,0.99018,0.99084,1.50,1.50
2011.01.30 23:12:54.961,0.99018,0.99094,1.50,1.58
2011.01.30 23:12:56.322,0.99018,0.99094,1.50,1.65
2011.01.30 23:12:57.233,0.99018,0.99085,1.50,1.50
2011.01.30 23:12:57.588,0.99018,0.99085,1.50,1.58
2011.01.30 23:12:58.255,0.99018,0.99085,1.50,1.80
2011.01.30 23:13:00.142,0.99018,0.99084,1.50,1.80
2011.01.30 23:13:00.364,0.99018,0.99094,1.50,3.98
2011.01.30 23:13:02.329,0.99018,0.99094,1.50,3.98
2011.01.30 23:13:02.723,0.99023,0.99094,1.50,4.58
2011.01.30 23:13:03.054,0.99008,0.99085,1.50,1.80
2011.01.30 23:13:05.204,0.99008,0.99085,1.50,3.98
2011.01.30 23:13:05.581,0.99008,0.99085,1.50,3.98
2011.01.30 23:13:06.422,0.99013,0.99085,1.50,4.17
2011.01.30 23:13:07.902,0.99013,0.99085,1.50,4.17
2011.01.30 23:13:13.895,0.99013,0.99085,1.50,3.98
2011.01.30 23:13:25.903,0.99013,0.99085,1.50,4.17
2011.01.30 23:13:26.461,0.99013,0.99085,1.50,4.17
2011.01.30 23:13:27.292,0.99013,0.99085,1.50,4.58
2011.01.30 23:13:29.161,0.99003,0.99085,2.48,4.58
2011.01.30 23:13:29.274,0.98999,0.99085,1.50,4.58
2011.01.30 23:13:29.823,0.99003,0.99085,1.50,4.58
2011.01.30 23:13:36.773,0.99028,0.99065,1.50,1.50
2011.01.30 23:13:36.993,0.99028,0.99082,1.50,2.97
2011.01.30 23:13:46.383,0.99028,0.99074,1.50,1.50
2011.01.30 23:13:46.973,0.99028,0.99074,1.50,1.58
2011.01.30 23:13:51.334,0.99028,0.99085,1.50,1.80
2011.01.30 23:13:51.782,0.99028,0.99084,1.50,1.80
2011.01.30 23:13:56.282,0.99028,0.99084,1.50,1.65
2011.01.30 23:13:57.029,0.99028,0.99085,1.50,1.65
2011.01.30 23:13:58.160,0.99028,0.99085,2.25,1.65
2011.01.30 23:13:58.493,0.99038,0.99074,1.50,1.58
2011.01.30 23:13:58.712,0.99039,0.99074,1.50,1.50
2011.01.30 23:14:00.202,0.99038,0.99074,1.50,1.65
2011.01.30 23:14:01.999,0.99038,0.99074,1.50,1.58
2011.01.30 23:14:02.552,0.99048,0.99085,1.50,3.98
2011.01.30 23:14:03.693,0.99048,0.99074,1.50,1.65
2011.01.30 23:14:04.334,0.99048,0.99075,1.50,1.65
2011.01.30 23:14:05.284,0.99048,0.99075,1.50,3.98
2011.01.30 23:14:06.439,0.99048,0.99075,1.50,3.98
2011.01.30 23:14:12.494,0.99048,0.99084,1.50,3.98
2011.01.30 23:14:29.974,0.99048,0.99074,1.50,1.65
2011.01.30 23:14:30.192,0.99048,0.99074,1.50,1.58
2011.01.30 23:14:31.154,0.99048,0.99074,1.50,1.65
2011.01.30 23:14:31.264,0.99048,0.99074,1.50,1.65
2011.01.30 23:14:32.422,0.99048,0.99074,1.50,1.65
2011.01.30 23:14:36.090,0.99048,0.99075,1.50,1.50
2011.01.30 23:14:36.532,0.99048,0.99075,1.50,1.80
2011.01.30 23:14:37.822,0.99048,0.99074,1.50,1.65
2011.01.30 23:14:38.415,0.99048,0.99074,1.50,4.20
2011.01.30 23:14:39.669,0.99048,0.99074,1.50,4.20
2011.01.30 23:14:39.785,0.99048,0.99075,1.50,1.65
2011.01.30 23:14:40.413,0.99048,0.99075,1.50,1.65
2011.01.30 23:14:41.249,0.99048,0.99075,1.50,1.58
2011.01.30 23:14:41.723,0.99048,0.99085,1.50,1.65
2011.01.30 23:14:44.405,0.99048,0.99085,1.50,1.65
2011.01.30 23:14:46.623,0.99048,0.99085,1.50,3.98
2011.01.30 23:14:49.386,0.99048,0.99085,1.50,1.65
2011.01.30 23:14:50.065,0.99048,0.99085,1.50,1.65
2011.01.30 23:14:50.972,0.99048,0.99085,1.50,1.65
2011.01.30 23:14:52.223,0.99048,0.99085,1.50,1.65
2011.01.30 23:14:55.992,0.99023,0.99085,1.50,1.65
2011.01.30 23:14:58.952,0.99023,0.99085,1.50,1.58
2011.01.30 23:14:59.172,0.99023,0.99074,1.50,1.50
2011.01.30 23:15:00.032,0.99023,0.99085,1.50,1.80
2011.01.30 23:15:01.243,0.99023,0.99085,1.50,1.65
2011.01.30 23:15:07.264,0.99023,0.99085,1.50,1.65
2011.01.30 23:15:11.414,0.99023,0.99085,1.50,3.98
2011.01.30 23:15:17.244,0.99024,0.99085,1.50,1.50
2011.01.30 23:15:17.463,0.99023,0.99104,1.50,4.17
2011.01.30 23:15:18.493,0.99033,0.99095,1.50,1.65
2011.01.30 23:15:19.052,0.99033,0.99094,1.50,1.65
2011.01.30 23:15:19.595,0.99033,0.99094,1.50,3.98
2011.01.30 23:15:20.014,0.99019,0.99095,1.50,3.98
2011.01.30 23:15:20.124,0.99023,0.99094,1.50,3.98
2011.01.30 23:15:20.291,0.99023,0.99094,1.50,1.80
2011.01.30 23:15:22.252,0.99024,0.99094,1.50,1.65
2011.01.30 23:15:24.493,0.99024,0.99094,1.50,3.98
2011.01.30 23:15:26.172,0.99024,0.99094,1.50,3.98
2011.01.30 23:15:27.704,0.99023,0.99094,1.50,3.98
2011.01.30 23:15:29.179,0.99023,0.99085,1.50,1.80
2011.01.30 23:15:30.297,0.99023,0.99085,1.50,3.98
2011.01.30 23:15:31.712,0.99023,0.99085,1.50,3.98
2011.01.30 23:15:35.168,0.99023,0.99085,1.50,3.98
2011.01.30 23:15:36.702,0.99023,0.99085,1.50,1.58
2011.01.30 23:15:37.287,0.99023,0.99095,1.50,3.98
2011.01.30 23:15:37.614,0.99029,0.99084,1.50,1.58
2011.01.30 23:15:39.089,0.99029,0.99084,1.50,1.65
2011.01.30 23:15:40.084,0.99029,0.99085,1.50,1.80
2011.01.30 23:15:40.193,0.99029,0.99085,1.50,1.65
2011.01.30 23:15:42.190,0.99028,0.99085,1.50,1.80
2011.01.30 23:15:44.970,0.99028,0.99085,1.50,1.65
2011.01.30 23:15:46.743,0.99028,0.99085,1.50,1.58
2011.01.30 23:15:47.228,0.99028,0.99085,1.50,1.65
2011.01.30 23:15:48.912,0.99028,0.99085,1.50,1.50
2011.01.30 23:15:49.218,0.99028,0.99094,1.50,1.65
2011.01.30 23:15:49.333,0.99034,0.99094,1.50,1.65
2011.01.30 23:15:50.304,0.99033,0.99084,1.50,1.50
2011.01.30 23:15:51.233,0.99033,0.99084,1.50,1.58
2011.01.30 23:15:53.044,0.99033,0.99103,1.50,6.04
2011.01.30 23:15:54.872,0.99033,0.99104,1.50,4.35
2011.01.30 23:15:55.124,0.99033,0.99104,1.50,4.35
2011.01.30 23:15:55.484,0.99033,0.99102,1.50,4.17
2011.01.30 23:15:56.422,0.99033,0.99095,1.50,1.58
2011.01.30 23:15:56.752,0.99033,0.99095,1.50,3.98
2011.01.30 23:16:01.773,0.99033,0.99095,1.50,1.65
2011.01.30 23:16:02.353,0.99033,0.99104,1.50,4.17
2011.01.30 23:16:05.303,0.99033,0.99094,1.50,1.65
2011.01.30 23:16:05.522,0.99034,0.99094,1.50,1.65
2011.01.30 23:16:06.030,0.99038,0.99094,1.50,1.65
2011.01.30 23:16:06.636,0.99038,0.99094,1.50,3.98
2011.01.30 23:16:09.162,0.99039,0.99094,1.50,3.98
2011.01.30 23:16:09.383,0.99023,0.99103,1.50,6.23
2011.01.30 23:16:10.419,0.99024,0.99103,1.50,6.23
2011.01.30 23:16:11.232,0.99033,0.99103,1.50,6.23
2011.01.30 23:16:18.562,0.99033,0.99103,1.50,6.23
2011.01.30 23:16:19.406,0.99033,0.99103,1.50,6.23
2011.01.30 23:16:20.998,0.99033,0.99103,1.50,6.23
2011.01.30 23:16:23.077,0.99033,0.99103,2.25,6.23
2011.01.30 23:16:24.753,0.99028,0.99103,1.50,6.23
2011.01.30 23:16:29.314,0.99028,0.99103,1.50,6.23
2011.01.30 23:16:29.752,0.99028,0.99094,1.50,4.17
2011.01.30 23:16:30.978,0.99034,0.99094,1.50,4.35
2011.01.30 23:16:31.727,0.99034,0.99093,1.50,1.20
2011.01.30 23:16:52.588,0.99033,0.99094,1.50,4.35
2011.01.30 23:16:52.873,0.99033,0.99094,1.50,4.35
2011.01.30 23:16:53.335,0.99033,0.99094,1.50,4.17
2011.01.30 23:16:55.255,0.99033,0.99095,1.50,3.98
2011.01.30 23:16:55.484,0.99033,0.99095,1.50,4.17
2011.01.30 23:16:56.232,0.99033,0.99092,1.50,1.20
2011.01.30 23:17:03.205,0.99033,0.99074,1.50,1.65
2011.01.30 23:17:08.323,0.99023,0.99081,2.10,2.33
2011.01.30 23:17:08.434,0.99019,0.99081,1.50,4.20
2011.01.30 23:17:08.655,0.99019,0.99081,1.50,1.65
2011.01.30 23:17:10.208,0.99019,0.99081,1.50,3.98
2011.01.30 23:17:11.263,0.99018,0.99076,1.50,2.10
2011.01.30 23:17:11.643,0.99018,0.99076,1.50,2.29
2011.01.30 23:17:13.673,0.99018,0.99077,1.50,2.78
2011.01.30 23:17:14.224,0.99019,0.99086,1.50,3.98
2011.01.30 23:17:24.342,0.99018,0.99085,1.50,3.98
2011.01.30 23:17:25.926,0.99023,0.99085,1.50,3.98
2011.01.30 23:17:27.521,0.99023,0.99085,1.50,3.98
2011.01.30 23:17:27.941,0.99028,0.99085,1.50,1.65
2011.01.30 23:17:29.412,0.99028,0.99085,1.50,1.65
2011.01.30 23:17:29.893,0.99028,0.99075,1.50,1.50
2011.01.30 23:17:31.003,0.99028,0.99085,1.50,1.65
2011.01.30 23:17:31.222,0.99029,0.99085,1.50,3.98
2011.01.30 23:17:32.591,0.99028,0.99085,1.50,1.65
2011.01.30 23:17:33.992,0.99029,0.99085,1.50,1.65
2011.01.30 23:17:35.230,0.99033,0.99085,1.50,1.65
2011.01.30 23:17:37.329,0.99033,0.99085,1.50,1.65
2011.01.30 23:17:37.784,0.99033,0.99089,1.50,1.65
2011.01.30 23:17:37.894,0.99033,0.99089,1.50,1.65
2011.01.30 23:17:38.113,0.99034,0.99089,1.50,1.80
2011.01.30 23:17:38.875,0.99033,0.99089,1.50,3.98
2011.01.30 23:17:39.117,0.99033,0.99089,1.50,1.58
2011.01.30 23:17:40.285,0.99034,0.99089,1.50,1.58
2011.01.30 23:17:41.323,0.99034,0.99089,1.50,1.80
2011.01.30 23:17:41.738,0.99023,0.99089,1.50,1.80
2011.01.30 23:17:44.297,0.99023,0.99089,1.58,1.58
2011.01.30 23:17:44.439,0.99023,0.99089,1.50,1.65
2011.01.30 23:17:45.234,0.99023,0.99089,1.50,1.58
2011.01.30 23:17:45.343,0.99023,0.9908,1.50,1.50
2011.01.30 23:17:45.453,0.99023,0.99085,1.50,1.50
2011.01.30 23:17:45.672,0.99023,0.99085,1.50,1.65
2011.01.30 23:17:47.252,0.99023,0.99085,1.50,1.65
2011.01.30 23:17:56.352,0.99023,0.99085,1.50,1.65
2011.01.30 23:17:57.380,0.99023,0.9908,1.50,1.65
2011.01.30 23:17:58.395,0.99023,0.9908,1.50,1.65
2011.01.30 23:17:59.284,0.99023,0.9908,1.50,1.65
2011.01.30 23:18:00.434,0.99023,0.9908,1.50,1.58
2011.01.30 23:18:00.983,0.99023,0.99079,1.50,1.50
2011.01.30 23:18:01.982,0.99023,0.99084,1.50,1.58
2011.01.30 23:18:03.255,0.99023,0.99084,1.50,1.65
2011.01.30 23:18:03.581,0.99008,0.99085,1.65,1.95
2011.01.30 23:18:03.692,0.99008,0.99085,1.58,4.28
2011.01.30 23:18:03.809,0.99008,0.99075,1.58,1.50
2011.01.30 23:18:05.294,0.99008,0.99075,1.50,1.58
2011.01.30 23:18:05.984,0.9901,0.9908,2.25,1.65
2011.01.30 23:18:06.093,0.99013,0.9908,1.50,1.58
2011.01.30 23:18:06.320,0.99013,0.9908,1.50,1.50
2011.01.30 23:18:06.434,0.99013,0.99075,1.50,1.50
2011.01.30 23:18:07.249,0.99013,0.99075,1.50,1.58
2011.01.30 23:18:07.901,0.99013,0.99075,1.50,1.65
2011.01.30 23:18:08.233,0.99014,0.9908,1.50,1.65
2011.01.30 23:18:08.345,0.99014,0.9908,1.50,1.58
2011.01.30 23:18:08.530,0.99014,0.9908,1.50,1.58
2011.01.30 23:18:08.862,0.99019,0.99074,1.50,1.50
2011.01.30 23:18:09.193,0.99018,0.99069,1.50,1.50
2011.01.30 23:18:09.665,0.99018,0.99069,1.50,1.58
2011.01.30 23:18:10.104,0.99018,0.99069,1.50,1.50
2011.01.30 23:18:10.621,0.99018,0.99069,1.50,1.58
2011.01.30 23:18:12.522,0.99018,0.99069,1.50,1.58
2011.01.30 23:18:13.025,0.99018,0.99069,1.50,1.65
2011.01.30 23:18:13.243,0.99018,0.99069,1.50,1.65
2011.01.30 23:18:13.587,0.99018,0.9907,1.50,1.50
2011.01.30 23:18:13.694,0.99019,0.9907,1.50,1.65
2011.01.30 23:18:14.033,0.98999,0.99077,1.50,1.05
2011.01.30 23:18:14.733,0.99005,0.99075,1.50,1.65
2011.01.30 23:18:15.187,0.99008,0.99075,1.50,1.65
2011.01.30 23:18:15.405,0.99008,0.99075,1.50,1.58
2011.01.30 23:18:15.520,0.99008,0.99075,1.50,1.80
2011.01.30 23:18:15.996,0.99008,0.99075,1.50,1.58
2011.01.30 23:18:16.294,0.99008,0.99075,1.50,1.80
2011.01.30 23:18:21.743,0.99008,0.99075,1.50,1.58
2011.01.30 23:18:21.963,0.99008,0.99075,1.58,1.50
2011.01.30 23:18:23.304,0.99008,0.99075,1.50,1.58
2011.01.30 23:18:24.840,0.99008,0.99075,1.50,1.65
2011.01.30 23:18:26.184,0.99008,0.99075,1.65,1.65
2011.01.30 23:18:31.827,0.99008,0.99075,1.50,1.65
2011.01.30 23:18:40.362,0.99008,0.9907,1.50,1.58
2011.01.30 23:18:40.733,0.98999,0.99065,1.50,1.50
2011.01.30 23:18:42.235,0.98999,0.99065,1.50,1.58
2011.01.30 23:18:44.653,0.98998,0.99065,1.50,1.65
2011.01.30 23:18:45.204,0.99001,0.99067,1.50,1.73
2011.01.30 23:18:45.532,0.99003,0.99067,1.50,2.97
2011.01.30 23:18:46.220,0.99003,0.99067,1.50,1.58
2011.01.30 23:18:47.221,0.99003,0.99067,1.50,1.65
2011.01.30 23:18:48.044,0.99003,0.99064,1.50,1.58
2011.01.30 23:18:48.852,0.99003,0.99064,1.50,1.58
2011.01.30 23:18:49.402,0.99003,0.9907,1.50,1.65
2011.01.30 23:18:49.694,0.99003,0.9907,1.50,1.58
2011.01.30 23:18:49.876,0.99003,0.9907,1.50,1.65
2011.01.30 23:18:50.904,0.99003,0.9907,1.50,1.58
2011.01.30 23:18:51.476,0.99003,0.9907,1.50,1.58
2011.01.30 23:18:52.112,0.99,0.9907,2.25,1.58
2011.01.30 23:18:52.222,0.99,0.9907,1.50,1.58
2011.01.30 23:18:53.307,0.99,0.9907,1.58,1.58
2011.01.30 23:18:53.834,0.99,0.9907,1.50,1.58
2011.01.30 23:18:53.944,0.99005,0.99075,1.50,1.58
2011.01.30 23:18:54.263,0.99005,0.99075,1.50,1.65
2011.01.30 23:18:54.374,0.99,0.9907,1.50,1.58
2011.01.30 23:18:55.082,0.98996,0.99064,1.50,1.50
2011.01.30 23:18:56.332,0.98996,0.99064,1.50,1.58
2011.01.30 23:18:57.334,0.98996,0.99064,1.65,1.65
2011.01.30 23:18:58.183,0.99,0.99066,1.50,1.65
2011.01.30 23:18:58.446,0.99,0.99066,1.50,1.50
2011.01.30 23:18:58.663,0.98996,0.99067,1.65,1.50
2011.01.30 23:18:58.773,0.98996,0.99064,1.65,1.50
2011.01.30 23:18:59.398,0.99001,0.99067,1.58,1.50
2011.01.30 23:18:59.918,0.98996,0.99064,1.58,1.58
2011.01.30 23:19:00.367,0.98996,0.99064,1.50,1.65
2011.01.30 23:19:00.695,0.98996,0.99064,1.58,1.50
2011.01.30 23:19:00.932,0.98993,0.9906,1.58,1.50
2011.01.30 23:19:01.051,0.98995,0.99065,1.58,1.50
2011.01.30 23:19:01.163,0.98993,0.99059,1.65,1.50
2011.01.30 23:19:01.923,0.98993,0.99059,1.65,1.50
2011.01.30 23:19:02.274,0.98993,0.99059,1.50,1.50
2011.01.30 23:19:02.695,0.98993,0.99059,1.50,1.88
2011.01.30 23:19:03.023,0.98985,0.99051,1.50,1.13
2011.01.30 23:19:03.133,0.98978,0.99044,2.03,1.50
2011.01.30 23:19:03.352,0.98986,0.99052,1.50,1.50
2011.01.30 23:19:03.752,0.98985,0.99052,1.65,1.50
2011.01.30 23:19:05.085,0.98985,0.99052,1.65,1.50
2011.01.30 23:19:05.193,0.98985,0.99051,1.58,1.50
2011.01.30 23:19:05.303,0.98985,0.99051,1.50,1.50
2011.01.30 23:19:05.523,0.98986,0.99051,1.58,1.50
2011.01.30 23:19:05.853,0.98988,0.99052,1.50,1.50
2011.01.30 23:19:06.174,0.98999,0.99051,1.50,1.50
2011.01.30 23:19:06.778,0.99006,0.99051,1.50,1.50
2011.01.30 23:19:07.205,0.98998,0.99052,1.50,1.50
2011.01.30 23:19:07.316,0.99004,0.99061,1.13,2.48
2011.01.30 23:19:07.425,0.99004,0.99071,1.88,1.50
2011.01.30 23:19:08.963,0.99004,0.99081,1.88,2.48
2011.01.30 23:19:09.073,0.99004,0.99091,1.13,2.40
2011.01.30 23:19:09.292,0.99003,0.99092,1.88,4.43
2011.01.30 23:19:10.303,0.99003,0.99092,2.03,4.47
2011.01.30 23:19:11.305,0.99003,0.99092,4.43,4.43
2011.01.30 23:19:13.099,0.99004,0.99086,4.47,1.50
2011.01.30 23:19:13.923,0.99004,0.99086,3.45,1.65
2011.01.30 23:19:15.341,0.99013,0.99087,1.88,1.58
2011.01.30 23:19:15.508,0.99013,0.99087,1.88,1.58
2011.01.30 23:19:16.104,0.99014,0.99082,2.33,1.58
2011.01.30 23:19:16.653,0.99016,0.99082,1.65,1.50
2011.01.30 23:19:17.178,0.99013,0.99082,1.65,1.50
2011.01.30 23:19:17.823,0.99014,0.99081,1.58,1.50
2011.01.30 23:19:19.343,0.99005,0.99082,1.65,1.88
2011.01.30 23:19:19.452,0.99006,0.99074,1.65,1.50
2011.01.30 23:19:24.334,0.99011,0.99079,1.65,1.50
2011.01.30 23:19:26.275,0.99011,0.99079,1.65,1.50
2011.01.30 23:19:34.922,0.99016,0.99082,1.58,1.58
2011.01.30 23:19:35.364,0.99018,0.9908,1.50,1.50
2011.01.30 23:19:35.993,0.99019,0.99081,1.50,1.50
2011.01.30 23:19:36.514,0.99019,0.9908,1.50,1.50
2011.01.30 23:19:37.069,0.99018,0.99082,1.50,1.58
2011.01.30 23:19:37.583,0.99019,0.99079,1.50,1.50
2011.01.30 23:19:37.803,0.99019,0.99081,1.50,1.50
2011.01.30 23:19:40.306,0.99019,0.99082,1.50,1.65
2011.01.30 23:19:40.888,0.99028,0.99082,1.50,1.65
2011.01.30 23:19:41.459,0.99035,0.99082,1.50,1.50
2011.01.30 23:19:41.916,0.99028,0.99082,1.50,1.58
2011.01.30 23:19:42.322,0.99025,0.99082,2.25,1.80
2011.01.30 23:19:42.434,0.99025,0.99082,1.50,1.50
2011.01.30 23:19:42.762,0.99018,0.99082,1.50,1.50
2011.01.30 23:19:42.983,0.99018,0.99081,1.50,1.13
2011.01.30 23:19:43.313,0.99008,0.99072,1.50,1.50
2011.01.30 23:19:44.304,0.99009,0.99071,1.50,1.58
2011.01.30 23:19:45.243,0.99009,0.99071,1.50,1.50
2011.01.30 23:19:45.516,0.99013,0.99072,1.50,1.58
2011.01.30 23:19:45.845,0.99023,0.99072,1.50,1.58
2011.01.30 23:19:46.174,0.9901,0.99072,1.50,1.50
2011.01.30 23:19:46.282,0.9901,0.99072,2.25,1.50
2011.01.30 23:19:46.637,0.99018,0.99072,1.50,1.50
2011.01.30 23:19:48.723,0.99019,0.99071,1.50,1.58
2011.01.30 23:19:49.245,0.99019,0.99071,1.50,1.65
2011.01.30 23:19:50.286,0.99019,0.99071,1.50,1.58
2011.01.30 23:19:50.703,0.99003,0.99072,1.50,1.58
2011.01.30 23:19:50.937,0.99004,0.99071,1.50,1.58
2011.01.30 23:19:51.391,0.99009,0.99071,1.50,1.80
2011.01.30 23:19:51.505,0.99009,0.99071,1.50,1.88
2011.01.30 23:19:51.724,0.98993,0.99072,1.50,4.28
2011.01.30 23:19:51.943,0.98998,0.99071,1.50,1.28
2011.01.30 23:19:53.316,0.98998,0.99064,1.58,1.58
2011.01.30 23:19:54.772,0.98999,0.99069,2.25,1.65
2011.01.30 23:19:54.883,0.99008,0.99069,1.50,1.65
2011.01.30 23:19:56.333,0.99008,0.99069,1.50,1.80
2011.01.30 23:19:56.608,0.99008,0.99069,1.50,1.58
2011.01.30 23:19:57.133,0.99008,0.99069,1.50,1.58
2011.01.30 23:19:58.895,0.99008,0.99069,1.50,1.50
2011.01.30 23:19:59.003,0.99008,0.99072,1.50,1.50
2011.01.30 23:19:59.224,0.99008,0.99071,1.50,1.13
2011.01.30 23:19:59.443,0.99,0.99068,1.50,1.88
2011.01.30 23:19:59.663,0.98995,0.99063,1.50,1.50
2011.01.30 23:19:59.984,0.98995,0.99051,1.58,1.50
2011.01.30 23:20:00.483,0.98994,0.99051,1.50,1.50
2011.01.30 23:20:00.923,0.98993,0.99052,1.50,1.50
2011.01.30 23:20:01.362,0.99,0.99052,1.50,1.50
2011.01.30 23:20:01.581,0.98998,0.99052,1.50,1.50
2011.01.30 23:20:03.423,0.98999,0.99052,1.50,1.50
2011.01.30 23:20:03.753,0.98999,0.99069,3.00,1.65
2011.01.30 23:20:04.493,0.98999,0.99069,3.00,1.65
2011.01.30 23:20:04.638,0.98999,0.99069,3.00,1.58
2011.01.30 23:20:04.862,0.99004,0.99076,1.50,1.28
2011.01.30 23:20:05.503,0.98999,0.99069,2.25,1.58
2011.01.30 23:20:06.450,0.98999,0.99069,2.33,1.58
2011.01.30 23:20:07.014,0.98999,0.99069,3.00,4.65
2011.01.30 23:20:07.551,0.98998,0.99063,1.88,1.50
2011.01.30 23:20:07.663,0.99005,0.99067,1.50,1.50
2011.01.30 23:20:07.925,0.99005,0.99082,1.50,1.58
2011.01.30 23:20:08.723,0.99005,0.99082,1.50,1.58
2011.01.30 23:20:10.393,0.99005,0.99082,1.50,1.65
2011.01.30 23:20:11.110,0.99005,0.99082,1.88,1.65
2011.01.30 23:20:11.443,0.99014,0.99082,1.50,1.65
2011.01.30 23:20:12.833,0.99014,0.99082,1.50,1.58
2011.01.30 23:20:14.993,0.99014,0.99084,1.50,1.58
2011.01.30 23:20:15.103,0.9901,0.99078,1.58,1.50
2011.01.30 23:20:15.624,0.9901,0.99078,1.50,1.65
2011.01.30 23:20:17.283,0.9901,0.99078,1.50,1.80
2011.01.30 23:20:18.503,0.9901,0.99078,1.50,3.98
2011.01.30 23:20:18.833,0.99008,0.99073,1.50,1.65
2011.01.30 23:20:19.185,0.99008,0.99073,1.50,1.65
2011.01.30 23:20:20.163,0.9901,0.99077,1.50,2.97
2011.01.30 23:20:22.345,0.98999,0.99064,1.50,1.50
2011.01.30 23:20:23.296,0.98999,0.99064,1.50,1.80
2011.01.30 23:20:24.394,0.98998,0.99064,1.50,1.80
2011.01.30 23:20:25.224,0.99005,0.99073,1.50,1.80
2011.01.30 23:20:26.313,0.99005,0.99073,1.50,1.65
2011.01.30 23:20:31.624,0.9901,0.99078,1.50,3.98
2011.01.30 23:20:32.484,0.9901,0.99078,1.50,1.65
2011.01.30 23:20:32.925,0.9901,0.99076,1.50,4.28
2011.01.30 23:20:33.033,0.98995,0.99063,2.25,1.50
2011.01.30 23:20:33.143,0.98995,0.99063,1.50,1.50
2011.01.30 23:20:34.207,0.98995,0.99063,1.50,1.65
2011.01.30 23:20:34.464,0.98995,0.99063,1.88,1.58
2011.01.30 23:20:34.684,0.99005,0.99067,1.50,1.58
2011.01.30 23:20:34.904,0.99005,0.99067,1.50,1.50
2011.01.30 23:20:35.123,0.99,0.99067,1.50,1.50
2011.01.30 23:20:37.323,0.99,0.99067,1.58,1.50
2011.01.30 23:20:39.283,0.98995,0.99063,1.58,1.58
2011.01.30 23:20:39.843,0.98995,0.99063,1.95,1.58
2011.01.30 23:20:39.953,0.99005,0.99067,1.50,1.65
2011.01.30 23:20:40.283,0.99005,0.99066,1.50,1.58
2011.01.30 23:20:41.185,0.99005,0.99066,1.50,1.50
2011.01.30 23:20:46.423,0.99005,0.99066,1.50,1.65
2011.01.30 23:20:46.933,0.99005,0.99067,1.50,1.80
2011.01.30 23:20:47.152,0.98999,0.99066,2.25,1.58
2011.01.30 23:20:47.928,0.98999,0.99066,1.50,1.65
2011.01.30 23:20:48.584,0.98999,0.99066,1.50,1.58
2011.01.30 23:20:49.366,0.98999,0.99067,1.50,1.50
2011.01.30 23:20:49.693,0.99005,0.99067,1.50,1.50
2011.01.30 23:20:50.043,0.99005,0.99067,1.95,1.50
2011.01.30 23:20:50.373,0.99019,0.99067,1.50,1.50
2011.01.30 23:20:50.593,0.99025,0.99086,1.50,1.50
2011.01.30 23:20:52.173,0.99025,0.99087,2.44,1.65
2011.01.30 23:20:52.478,0.99025,0.99087,2.44,1.65
2011.01.30 23:20:52.685,0.99025,0.99087,2.44,1.50
2011.01.30 23:21:00.313,0.99025,0.99087,1.50,2.44
2011.01.30 23:21:00.534,0.99019,0.99083,1.69,1.02
2011.01.30 23:21:00.944,0.99019,0.99077,3.19,1.50
2011.01.30 23:21:04.665,0.99019,0.99077,3.19,1.50
2011.01.30 23:21:04.883,0.99024,0.99077,1.69,1.50
2011.01.30 23:21:05.434,0.9902,0.99077,2.44,1.50
2011.01.30 23:21:07.153,0.9902,0.99077,2.44,1.50
2011.01.30 23:21:07.689,0.99024,0.99077,2.44,1.50
2011.01.30 23:21:10.396,0.99022,0.99076,1.09,1.50
2011.01.30 23:21:10.515,0.99018,0.99076,1.02,1.50
2011.01.30 23:21:11.063,0.99015,0.99076,1.77,1.50
2011.01.30 23:21:11.435,0.99005,0.99073,4.09,1.69
2011.01.30 23:21:11.543,0.99005,0.99073,1.77,1.69
2011.01.30 23:21:12.373,0.99004,0.99073,1.84,1.69
2011.01.30 23:21:14.201,0.99004,0.99073,1.09,1.69
2011.01.30 23:21:15.293,0.99003,0.99073,1.58,1.77
2011.01.30 23:21:16.310,0.99003,0.99073,2.78,1.69
2011.01.30 23:21:17.173,0.99003,0.99073,1.65,1.69
2011.01.30 23:21:18.223,0.99003,0.99073,1.80,1.84
2011.01.30 23:21:18.792,0.99003,0.99073,1.58,1.77
2011.01.30 23:21:21.936,0.99003,0.99077,1.58,1.50
2011.01.30 23:21:24.235,0.99005,0.99076,1.65,1.50
2011.01.30 23:21:24.823,0.99014,0.99077,2.25,1.58
2011.01.30 23:21:25.263,0.99014,0.99077,2.33,1.50
2011.01.30 23:21:25.664,0.99019,0.99076,1.50,1.50
2011.01.30 23:21:26.221,0.9902,0.99077,1.69,1.50
2011.01.30 23:21:26.448,0.99018,0.99084,1.69,1.50
2011.01.30 23:21:27.315,0.99018,0.99086,1.69,1.02
2011.01.30 23:21:29.132,0.99018,0.99087,1.77,1.65
2011.01.30 23:21:29.341,0.99018,0.99087,1.84,1.65
2011.01.30 23:21:29.963,0.99025,0.99087,1.50,1.65
2011.01.30 23:21:30.721,0.99025,0.99087,1.50,1.58
2011.01.30 23:21:31.157,0.99043,0.99093,1.50,1.50
2011.01.30 23:21:31.264,0.99043,0.99107,1.50,1.77
2011.01.30 23:21:31.374,0.99043,0.99107,1.50,4.28
2011.01.30 23:21:31.668,0.99043,0.99107,1.50,1.84
2011.01.30 23:21:31.893,0.99043,0.99103,1.50,1.02
2011.01.30 23:21:32.403,0.99044,0.99101,1.50,1.69
2011.01.30 23:21:35.314,0.99044,0.99101,1.50,1.77
2011.01.30 23:21:35.534,0.99044,0.99101,1.69,1.50
2011.01.30 23:21:36.105,0.9904,0.99101,1.69,1.50
2011.01.30 23:21:36.436,0.99021,0.99094,1.32,2.44
2011.01.30 23:21:36.544,0.99028,0.99094,1.32,1.50
2011.01.30 23:21:36.697,0.99034,0.99096,2.44,1.50
2011.01.30 23:21:36.806,0.9903,0.99096,1.69,1.69
2011.01.30 23:21:37.244,0.99024,0.99094,2.44,1.58
2011.01.30 23:21:39.574,0.99025,0.99093,2.44,1.65
2011.01.30 23:21:39.685,0.99025,0.99093,1.50,1.65
2011.01.30 23:21:40.244,0.99025,0.99093,1.50,1.65
2011.01.30 23:21:40.466,0.99017,0.99094,1.02,1.58
2011.01.30 23:21:40.576,0.99017,0.99094,1.69,1.65
2011.01.30 23:21:40.687,0.99018,0.99094,1.02,1.58
2011.01.30 23:21:40.905,0.99019,0.99094,1.50,1.77
2011.01.30 23:21:42.538,0.99019,0.99093,1.50,1.02
2011.01.30 23:21:42.654,0.99018,0.99091,1.58,1.20
2011.01.30 23:21:42.982,0.99018,0.99083,1.58,1.50
2011.01.30 23:21:43.841,0.99018,0.99083,1.50,1.58
2011.01.30 23:21:44.417,0.99018,0.99083,1.50,1.65
2011.01.30 23:21:45.174,0.99018,0.99083,1.58,1.58
2011.01.30 23:21:45.679,0.99018,0.99083,1.50,1.58
2011.01.30 23:21:46.234,0.99018,0.99083,1.50,1.80
2011.01.30 23:21:46.454,0.99005,0.99084,1.09,1.99
2011.01.30 23:21:47.832,0.99004,0.99083,2.40,2.37
2011.01.30 23:21:47.943,0.99004,0.99081,2.33,1.28
2011.01.30 23:21:48.453,0.99004,0.99074,3.00,1.65
2011.01.30 23:21:50.916,0.99004,0.99074,2.25,1.65
2011.01.30 23:21:51.933,0.99004,0.99074,1.50,4.20
2011.01.30 23:21:53.235,0.99004,0.99081,1.50,1.28
2011.01.30 23:21:53.861,0.99003,0.99081,1.69,1.28
2011.01.30 23:21:54.363,0.99003,0.99081,1.69,1.28
2011.01.30 23:21:55.373,0.99003,0.99073,1.69,1.58
2011.01.30 23:21:56.146,0.99003,0.99073,1.50,1.84
2011.01.30 23:21:57.433,0.99003,0.99073,1.50,4.94
2011.01.30 23:21:57.654,0.98988,0.99074,2.07,4.17
2011.01.30 23:21:57.763,0.98995,0.99074,2.25,4.17
2011.01.30 23:21:57.986,0.98998,0.99074,1.50,4.09
2011.01.30 23:21:58.093,0.98998,0.99072,1.50,1.09
2011.01.30 23:21:58.505,0.98998,0.99073,1.50,1.92
2011.01.30 23:21:58.723,0.98998,0.99073,1.50,1.84
2011.01.30 23:21:58.943,0.98999,0.99073,1.50,4.45
2011.01.30 23:21:59.394,0.98998,0.99073,1.50,1.84
2011.01.30 23:21:59.825,0.98983,0.99072,2.07,2.52
2011.01.30 23:21:59.936,0.98989,0.99074,1.32,4.45
2011.01.30 23:22:00.265,0.98998,0.99074,1.50,1.84
2011.01.30 23:22:00.654,0.99003,0.99074,1.50,1.84
2011.01.30 23:22:02.277,0.99003,0.99074,1.50,1.84
2011.01.30 23:22:03.593,0.99003,0.99074,1.50,4.68
2011.01.30 23:22:05.035,0.99003,0.99072,1.50,2.70
2011.01.30 23:22:05.242,0.98988,0.99074,1.69,4.75
2011.01.30 23:22:05.356,0.98989,0.99074,1.32,1.84
2011.01.30 23:22:05.465,0.99003,0.99074,1.50,4.45
2011.01.30 23:22:05.683,0.99003,0.99074,1.50,1.84
2011.01.30 23:22:07.218,0.99003,0.99074,1.50,4.45
2011.01.30 23:22:07.704,0.99003,0.99074,1.50,4.47
2011.01.30 23:22:07.925,0.98989,0.99074,1.13,4.39
2011.01.30 23:22:08.144,0.99005,0.99073,1.50,1.95
2011.01.30 23:22:08.314,0.99005,0.99073,1.50,1.65
2011.01.30 23:22:08.872,0.99005,0.99073,1.50,1.73
2011.01.30 23:22:09.205,0.98988,0.99042,1.50,1.50
2011.01.30 23:22:09.425,0.98988,0.99062,1.50,2.52
2011.01.30 23:22:09.533,0.98988,0.99062,1.50,1.77
2011.01.30 23:22:09.644,0.99004,0.99067,1.50,1.09
2011.01.30 23:22:09.753,0.99004,0.99072,1.50,1.73
2011.01.30 23:22:10.825,0.99005,0.99073,1.50,1.73
2011.01.30 23:22:12.024,0.99005,0.99073,1.50,1.58
2011.01.30 23:22:12.133,0.99005,0.99076,2.25,1.58
2011.01.30 23:22:12.503,0.99014,0.99091,2.44,2.58
2011.01.30 23:22:13.334,0.99014,0.99091,2.44,2.58
2011.01.30 23:22:14.354,0.99014,0.99091,2.44,2.22
2011.01.30 23:22:14.463,0.99014,0.99091,2.82,2.22
2011.01.30 23:22:14.794,0.99013,0.99092,1.69,4.47
2011.01.30 23:22:16.259,0.99008,0.99091,1.47,1.47
2011.01.30 23:22:16.374,0.99008,0.99091,1.32,2.59
2011.01.30 23:22:16.483,0.99004,0.99091,2.82,2.59
2011.01.30 23:22:17.724,0.99008,0.9909,1.69,1.19
2011.01.30 23:22:18.413,0.99008,0.99083,1.69,3.98
2011.01.30 23:22:19.232,0.99008,0.99083,1.50,4.28
2011.01.30 23:22:20.439,0.99008,0.99083,1.50,1.84
2011.01.30 23:22:21.208,0.99008,0.99083,1.58,4.28
2011.01.30 23:22:23.863,0.99008,0.99081,1.58,1.09
2011.01.30 23:22:24.618,0.99008,0.99073,1.50,1.58
2011.01.30 23:22:24.733,0.99009,0.99079,2.25,1.58
2011.01.30 23:22:27.097,0.99009,0.99079,2.25,1.65
2011.01.30 23:22:27.423,0.99008,0.99069,1.50,1.69
2011.01.30 23:22:27.963,0.99008,0.99072,1.50,1.77
2011.01.30 23:22:28.530,0.99008,0.99072,1.50,1.69
2011.01.30 23:22:29.113,0.99008,0.99072,1.50,1.69
2011.01.30 23:22:29.653,0.99008,0.99072,1.69,1.50
2011.01.30 23:22:29.873,0.99008,0.99083,1.69,2.59
2011.01.30 23:22:31.332,0.99008,0.99078,1.50,1.02
2011.01.30 23:22:31.883,0.99008,0.99072,1.69,1.50
2011.01.30 23:22:33.372,0.99008,0.99072,1.77,1.50
2011.01.30 23:22:36.033,0.99008,0.99072,1.69,1.50
2011.01.30 23:22:47.194,0.99008,0.99072,1.69,1.58
2011.01.30 23:22:47.694,0.99008,0.99053,1.58,1.69
2011.01.30 23:22:47.804,0.98985,0.99053,1.77,1.69
2011.01.30 23:22:47.914,0.98988,0.99053,1.02,1.50
2011.01.30 23:22:48.134,0.9899,0.99067,1.02,1.02
2011.01.30 23:22:48.244,0.98989,0.99073,1.69,4.84
2011.01.30 23:22:49.131,0.98989,0.99073,1.69,4.84
2011.01.30 23:22:49.243,0.98989,0.99063,1.84,1.50
2011.01.30 23:22:49.573,0.98995,0.99063,1.50,1.50
2011.01.30 23:22:50.844,0.98995,0.99063,1.50,1.58
2011.01.30 23:22:51.455,0.98994,0.99072,1.58,4.09
2011.01.30 23:22:51.784,0.98996,0.99074,2.70,1.65
2011.01.30 23:22:51.894,0.98996,0.9908,2.52,1.28
2011.01.30 23:22:52.704,0.99004,0.99083,1.50,2.22
2011.01.30 23:22:53.394,0.99006,0.99084,1.32,1.65
2011.01.30 23:22:53.504,0.99006,0.99086,1.32,1.84
2011.01.30 23:22:53.613,0.99005,0.99086,2.07,1.84
2011.01.30 23:22:53.860,0.99005,0.99086,1.69,2.22
2011.01.30 23:22:53.983,0.99004,0.99086,2.07,1.77
2011.01.30 23:22:54.832,0.99004,0.99086,2.82,1.05
2011.01.30 23:22:56.724,0.99004,0.99087,2.89,2.78
2011.01.30 23:22:57.594,0.99004,0.99086,3.34,1.95
2011.01.30 23:22:58.320,0.99004,0.99084,7.84,1.77
2011.01.30 23:22:58.654,0.99004,0.99082,1.50,1.24
2011.01.30 23:23:00.315,0.99004,0.99082,3.08,1.02
2011.01.30 23:23:00.424,0.99004,0.99082,3.00,1.02
2011.01.30 23:23:01.145,0.99004,0.99082,2.33,1.02
2011.01.30 23:23:02.248,0.99004,0.99082,2.33,2.22
2011.01.30 23:23:03.724,0.9902,0.99084,1.32,1.50
2011.01.30 23:23:04.060,0.9903,0.99087,1.50,1.50
2011.01.30 23:23:04.994,0.9903,0.99087,1.50,2.44
2011.01.30 23:23:05.214,0.99014,0.99084,1.69,1.69
2011.01.30 23:23:08.785,0.9901,0.99078,1.69,1.58
2011.01.30 23:23:09.643,0.99015,0.99083,1.69,1.99
2011.01.30 23:23:09.974,0.99004,0.99074,1.84,1.69
2011.01.30 23:23:11.049,0.99004,0.99074,2.52,1.69
2011.01.30 23:23:11.985,0.99004,0.99074,1.69,1.77
2011.01.30 23:23:13.902,0.99005,0.99076,1.77,1.77
2011.01.30 23:23:15.003,0.99005,0.99076,1.69,1.84
2011.01.30 23:23:15.695,0.99005,0.99076,1.69,4.24
2011.01.30 23:23:15.837,0.99005,0.99076,1.69,1.77
2011.01.30 23:23:16.705,0.99005,0.99073,1.50,4.58
2011.01.30 23:23:16.813,0.98997,0.99074,1.02,4.58
2011.01.30 23:23:17.119,0.98995,0.99067,1.02,1.02
2011.01.30 23:23:17.234,0.98995,0.99067,1.77,1.02
2011.01.30 23:23:17.625,0.98995,0.99063,1.69,1.77
2011.01.30 23:23:18.664,0.98993,0.99059,1.69,1.50
2011.01.30 23:23:19.243,0.98994,0.99064,2.44,1.69
2011.01.30 23:23:19.464,0.98994,0.99064,1.69,4.09
2011.01.30 23:23:19.862,0.98994,0.99059,1.02,1.50
2011.01.30 23:23:20.165,0.98993,0.99059,1.77,1.50
2011.01.30 23:23:21.087,0.98995,0.99063,1.77,1.77
2011.01.30 23:23:21.413,0.98994,0.99058,1.02,1.50
2011.01.30 23:23:21.873,0.98993,0.99058,1.69,1.50
2011.01.30 23:23:22.093,0.98994,0.99064,2.44,1.77
2011.01.30 23:23:22.203,0.98994,0.99064,2.52,1.77
2011.01.30 23:23:22.914,0.98994,0.99064,2.33,1.58
2011.01.30 23:23:23.305,0.98994,0.99064,1.50,1.58
2011.01.30 23:23:24.314,0.98994,0.99064,1.58,1.58
2011.01.30 23:23:25.474,0.98994,0.99067,1.58,1.77
2011.01.30 23:23:25.923,0.98994,0.99067,2.40,1.69
2011.01.30 23:23:26.179,0.98994,0.99067,2.33,1.77
2011.01.30 23:23:26.775,0.98996,0.99067,2.52,1.58
2011.01.30 23:23:27.104,0.99005,0.99067,1.50,1.50
2011.01.30 23:23:27.564,0.99,0.99067,1.77,1.50
2011.01.30 23:23:30.385,0.99004,0.99067,1.50,1.50
2011.01.30 23:23:30.820,0.99004,0.99067,1.88,1.50
2011.01.30 23:23:31.154,0.99019,0.99067,1.69,1.50
2011.01.30 23:23:31.306,0.99019,0.99067,1.50,1.50
2011.01.30 23:23:31.415,0.99004,0.99066,1.69,1.50
2011.01.30 23:23:32.318,0.99004,0.99066,1.84,1.50
2011.01.30 23:23:33.355,0.99004,0.99066,1.77,1.50
2011.01.30 23:23:36.914,0.99,0.99066,1.69,1.69
2011.01.30 23:23:37.024,0.99,0.99066,1.69,1.77
2011.01.30 23:23:37.134,0.99,0.99066,1.69,1.69
2011.01.30 23:23:37.497,0.98996,0.99063,1.02,1.58
2011.01.30 23:23:39.237,0.98995,0.99063,2.44,1.80
2011.01.30 23:23:40.336,0.98995,0.99063,2.44,1.50
2011.01.30 23:23:40.445,0.99004,0.99063,1.69,1.50
2011.01.30 23:23:40.665,0.99004,0.99063,2.44,1.50
2011.01.30 23:23:41.179,0.99005,0.99062,1.69,1.50
2011.01.30 23:23:42.524,0.99005,0.99062,1.50,2.44
2011.01.30 23:23:42.747,0.98995,0.99061,1.58,1.69
2011.01.30 23:23:43.834,0.98992,0.99058,1.02,1.50
2011.01.30 23:23:43.945,0.98998,0.99062,1.47,1.50
2011.01.30 23:23:44.267,0.99004,0.99074,1.69,1.84
2011.01.30 23:23:45.195,0.99004,0.99074,1.69,4.09
2011.01.30 23:23:45.695,0.98995,0.99076,4.09,3.15
2011.01.30 23:23:46.283,0.98995,0.99076,1.77,3.15
2011.01.30 23:23:48.192,0.98994,0.99074,2.59,4.62
2011.01.30 23:23:50.813,0.98994,0.99071,1.69,1.64
2011.01.30 23:23:52.274,0.98994,0.99064,2.44,4.20
2011.01.30 23:23:53.254,0.98994,0.99064,1.69,1.65
2011.01.30 23:23:55.264,0.98995,0.99072,1.69,4.45
2011.01.30 23:23:59.414,0.98995,0.99072,4.39,1.77
2011.01.30 23:23:59.523,0.99003,0.99072,1.32,1.58
2011.01.30 23:23:59.974,0.9901,0.99072,1.69,1.65
2011.01.30 23:24:00.084,0.9901,0.99069,1.50,2.22
2011.01.30 23:24:00.194,0.98995,0.99069,2.44,2.22
2011.01.30 23:24:00.523,0.98995,0.99072,1.69,1.84
2011.01.30 23:24:01.043,0.98994,0.99064,1.69,1.50
2011.01.30 23:24:02.306,0.98994,0.99064,1.69,1.58
2011.01.30 23:24:03.265,0.98998,0.99064,1.32,1.58
2011.01.30 23:24:03.843,0.99004,0.99067,1.69,1.65
2011.01.30 23:24:03.954,0.9901,0.99067,1.69,1.65
2011.01.30 23:24:04.284,0.9901,0.99067,2.44,1.50
2011.01.30 23:24:04.527,0.9901,0.99067,1.69,1.50
2011.01.30 23:24:04.635,0.9901,0.99067,2.44,1.50
2011.01.30 23:24:05.183,0.99014,0.99067,2.44,1.50
2011.01.30 23:24:07.035,0.99014,0.99067,1.50,1.50
2011.01.30 23:24:07.143,0.99005,0.99067,1.50,1.50
2011.01.30 23:24:07.253,0.99005,0.99067,1.50,1.58
2011.01.30 23:24:07.363,0.99,0.99067,1.69,1.58
2011.01.30 23:24:07.473,0.99,0.99067,1.69,1.50
2011.01.30 23:24:07.694,0.99004,0.99067,1.50,1.65
2011.01.30 23:24:08.244,0.9901,0.99067,1.50,1.50
2011.01.30 23:24:08.564,0.99004,0.99067,1.50,1.50
2011.01.30 23:24:09.114,0.99004,0.99066,1.50,1.50
2011.01.30 23:24:09.666,0.99005,0.99077,1.88,1.02
2011.01.30 23:24:09.778,0.99014,0.9908,1.50,1.02
2011.01.30 23:24:10.384,0.99014,0.9908,1.50,2.22
2011.01.30 23:24:10.536,0.99014,0.99084,1.69,4.28
2011.01.30 23:24:11.304,0.99014,0.99084,1.69,4.62
2011.01.30 23:24:12.315,0.99014,0.99081,1.69,1.84
2011.01.30 23:24:13.191,0.99014,0.99081,1.69,1.09
2011.01.30 23:24:17.904,0.99015,0.99082,1.02,1.69
2011.01.30 23:24:18.480,0.99024,0.99082,1.50,1.69
2011.01.30 23:24:18.595,0.99014,0.99082,1.77,1.69
2011.01.30 23:24:21.637,0.99014,0.99082,2.07,1.69
2011.01.30 23:24:21.744,0.99024,0.99082,1.69,1.50
2011.01.30 23:24:22.659,0.99024,0.99081,1.69,1.50
2011.01.30 23:24:23.140,0.99024,0.99081,1.50,1.69
2011.01.30 23:24:23.504,0.99014,0.99082,2.52,1.69
2011.01.30 23:24:24.284,0.99014,0.99082,1.69,1.84
2011.01.30 23:24:25.434,0.99014,0.99082,1.69,1.84
2011.01.30 23:24:27.171,0.99005,0.99082,2.44,4.09
2011.01.30 23:24:27.405,0.99005,0.99082,2.44,1.84
2011.01.30 23:24:32.591,0.99014,0.99082,1.69,1.77
2011.01.30 23:24:35.247,0.99004,0.99082,2.44,4.28
2011.01.30 23:24:35.354,0.99013,0.99082,1.32,1.50
2011.01.30 23:24:35.685,0.99019,0.99081,1.50,1.32
2011.01.30 23:24:36.017,0.99004,0.99067,1.50,1.50
2011.01.30 23:24:36.345,0.99005,0.99066,2.44,1.50
2011.01.30 23:24:36.894,0.99004,0.99067,2.44,1.50
2011.01.30 23:24:37.821,0.99009,0.99067,1.69,1.50
2011.01.30 23:24:37.988,0.99009,0.99067,2.44,1.50
2011.01.30 23:24:40.714,0.99013,0.99067,1.32,1.50
2011.01.30 23:24:40.933,0.9902,0.99088,2.44,2.59
2011.01.30 23:24:42.274,0.9902,0.99088,2.44,5.97
2011.01.30 23:24:42.610,0.9902,0.99088,2.44,1.65
2011.01.30 23:24:42.724,0.99023,0.99088,1.32,1.50
2011.01.30 23:24:42.944,0.99024,0.991,2.44,1.02
2011.01.30 23:24:44.254,0.99024,0.991,2.44,2.22
2011.01.30 23:24:45.335,0.99024,0.991,2.44,1.02
2011.01.30 23:24:45.954,0.99025,0.99093,2.44,1.50
2011.01.30 23:24:46.342,0.99025,0.99093,1.69,1.69
2011.01.30 23:24:54.597,0.99025,0.99093,2.44,1.58
2011.01.30 23:24:56.485,0.99024,0.99094,1.69,2.52
2011.01.30 23:24:58.218,0.99024,0.99094,2.44,5.97
2011.01.30 23:24:58.661,0.99024,0.99094,2.44,6.15
2011.01.30 23:25:07.942,0.99024,0.99094,2.44,6.15
2011.01.30 23:25:11.766,0.99024,0.99094,2.44,5.97
2011.01.30 23:25:11.906,0.99024,0.99094,2.44,6.15
2011.01.30 23:25:13.682,0.99011,0.99079,1.02,2.44
2011.01.30 23:25:13.792,0.99011,0.99077,2.22,1.69
2011.01.30 23:25:14.182,0.99019,0.99088,2.44,1.09
2011.01.30 23:25:14.621,0.99019,0.99083,1.50,1.02
2011.01.30 23:25:14.732,0.9901,0.99078,2.44,3.19
2011.01.30 23:25:15.192,0.99008,0.99069,1.50,2.44
2011.01.30 23:25:15.302,0.98999,0.99069,2.44,2.44
2011.01.30 23:25:17.251,0.98999,0.99068,2.44,2.37
2011.01.30 23:25:17.908,0.98999,0.99068,2.44,1.02
2011.01.30 23:25:21.411,0.98999,0.99068,1.69,1.02
2011.01.30 23:25:23.711,0.98994,0.99062,3.19,1.09
2011.01.30 23:25:28.032,0.98994,0.99062,3.27,1.02
2011.01.30 23:25:34.301,0.98998,0.99064,1.02,1.69
2011.01.30 23:25:37.272,0.98999,0.99063,1.69,1.09
2011.01.30 23:25:40.921,0.98995,0.99063,2.44,1.77
2011.01.30 23:25:43.241,0.98999,0.99066,2.44,1.02
2011.01.30 23:25:44.172,0.98999,0.99067,2.44,1.65
2011.01.30 23:25:44.503,0.99005,0.99067,2.44,1.50
2011.01.30 23:25:47.403,0.99005,0.99067,1.69,2.44
2011.01.30 23:25:47.621,0.99005,0.99067,2.44,1.50
2011.01.30 23:25:47.842,0.99015,0.99092,2.44,1.02
2011.01.30 23:25:47.954,0.99015,0.99066,1.50,1.69
2011.01.30 23:25:48.061,0.99009,0.99066,1.50,1.69
2011.01.30 23:25:48.172,0.99,0.99067,2.44,1.50
2011.01.30 23:25:48.392,0.99015,0.99075,1.50,1.32
2011.01.30 23:25:48.612,0.99013,0.99067,1.32,1.50
2011.01.30 23:25:48.942,0.99015,0.99067,1.50,2.44
2011.01.30 23:25:49.051,0.99003,0.99067,1.69,2.44
2011.01.30 23:25:51.857,0.99004,0.99067,1.69,1.50
2011.01.30 23:25:52.195,0.99009,0.99076,1.50,1.32
2011.01.30 23:25:52.463,0.99003,0.99067,1.77,2.44
2011.01.30 23:25:54.442,0.99005,0.99066,1.69,1.50
2011.01.30 23:25:54.771,0.99005,0.99066,1.50,2.82
2011.01.30 23:25:55.102,0.99004,0.99071,2.44,1.69
2011.01.30 23:25:55.211,0.99004,0.99073,2.44,1.02
2011.01.30 23:25:58.345,0.99004,0.99077,1.69,1.77
2011.01.30 23:25:58.852,0.99005,0.99076,1.50,1.02
2011.01.30 23:25:59.193,0.99008,0.99077,1.32,1.58
2011.01.30 23:25:59.522,0.99024,0.99077,1.50,1.58
2011.01.30 23:26:00.240,0.99024,0.99077,1.50,1.65
2011.01.30 23:26:00.353,0.99024,0.99077,1.50,1.58
2011.01.30 23:26:00.460,0.99015,0.99077,1.69,1.58
2011.01.30 23:26:02.105,0.99015,0.99077,1.69,1.58
2011.01.30 23:26:03.184,0.99015,0.99077,1.69,1.50
2011.01.30 23:26:03.685,0.99024,0.99077,1.50,1.50
2011.01.30 23:26:04.238,0.99024,0.99077,1.50,1.65
2011.01.30 23:26:04.461,0.99014,0.99077,2.44,1.65
2011.01.30 23:26:11.158,0.99014,0.99077,2.44,1.50
2011.01.30 23:26:11.358,0.99024,0.99077,1.50,1.50
2011.01.30 23:26:14.292,0.99024,0.99078,1.69,1.05
2011.01.30 23:26:14.402,0.99024,0.99094,1.69,4.24
2011.01.30 23:26:14.732,0.99015,0.99083,1.69,1.69
2011.01.30 23:26:15.981,0.99015,0.99083,1.69,4.09
2011.01.30 23:26:17.054,0.9901,0.99077,1.69,1.58
2011.01.30 23:26:17.596,0.9901,0.99077,2.44,1.77
2011.01.30 23:26:18.961,0.99009,0.99073,2.44,1.50
2011.01.30 23:26:20.015,0.99009,0.99073,1.69,2.52
2011.01.30 23:26:21.556,0.99009,0.99073,1.69,1.58
2011.01.30 23:26:21.892,0.99012,0.99076,1.32,1.58
2011.01.30 23:26:22.002,0.99012,0.99076,1.32,1.50
2011.01.30 23:26:22.882,0.9902,0.99076,1.50,1.69
2011.01.30 23:26:23.155,0.99004,0.99074,3.19,1.69
2011.01.30 23:26:23.702,0.99019,0.99077,2.44,1.58
2011.01.30 23:26:24.072,0.99019,0.99077,1.50,2.52
2011.01.30 23:26:24.376,0.99018,0.99073,1.69,1.50
2011.01.30 23:26:24.495,0.99025,0.99077,1.69,1.50
2011.01.30 23:26:25.653,0.99019,0.99077,2.44,1.50
2011.01.30 23:26:25.762,0.99019,0.99077,1.69,1.69
2011.01.30 23:26:26.362,0.99018,0.99076,1.69,1.13
2011.01.30 23:26:26.582,0.98994,0.99074,2.44,1.69
2011.01.30 23:26:26.911,0.98994,0.99074,1.69,1.69
2011.01.30 23:26:30.441,0.99015,0.99076,1.69,1.20
2011.01.30 23:26:30.551,0.99015,0.99076,1.69,1.13
2011.01.30 23:26:31.121,0.99015,0.99077,1.69,1.50
2011.01.30 23:26:37.191,0.99015,0.99077,2.44,1.50
2011.01.30 23:26:41.423,0.99018,0.99077,1.77,1.50
2011.01.30 23:26:42.232,0.9902,0.99077,1.50,1.50
2011.01.30 23:26:42.341,0.9902,0.99077,1.69,1.50
2011.01.30 23:26:42.451,0.9902,0.99088,1.69,4.24
2011.01.30 23:26:44.912,0.9902,0.99085,1.50,1.32
2011.01.30 23:26:45.241,0.99014,0.99066,1.50,1.50
2011.01.30 23:26:45.902,0.99013,0.99078,1.69,3.19
2011.01.30 23:26:46.011,0.99014,0.99078,1.69,2.44
2011.01.30 23:26:49.672,0.99014,0.99081,3.19,1.69
2011.01.30 23:26:50.202,0.99014,0.99082,3.19,1.58
2011.01.30 23:26:51.531,0.99019,0.99081,2.44,1.50
2011.01.30 23:26:51.751,0.99025,0.99093,1.69,2.59
2011.01.30 23:26:52.204,0.99025,0.99093,1.69,6.15
2011.01.30 23:26:53.199,0.99025,0.99093,1.69,2.59
2011.01.30 23:26:56.176,0.99025,0.99093,1.69,5.97
2011.01.30 23:26:57.056,0.99025,0.99093,1.69,2.52
2011.01.30 23:26:57.171,0.99025,0.99092,1.69,1.02
2011.01.30 23:26:57.840,0.9902,0.99086,1.69,1.02
2011.01.30 23:26:58.170,0.99025,0.99087,1.69,1.65
2011.01.30 23:26:59.816,0.99025,0.99087,1.69,1.58
2011.01.30 23:26:59.931,0.99025,0.99087,1.50,1.77
2011.01.30 23:27:00.041,0.99019,0.99087,1.69,1.84
2011.01.30 23:27:01.452,0.99015,0.99083,1.77,2.44
2011.01.30 23:27:04.220,0.99015,0.99083,1.69,5.97
2011.01.30 23:27:08.923,0.99015,0.99078,1.69,1.09
2011.01.30 23:27:09.252,0.99014,0.99076,2.44,1.58
2011.01.30 23:27:09.733,0.99019,0.99077,2.44,1.58
2011.01.30 23:27:10.293,0.99019,0.99077,2.44,1.58
2011.01.30 23:27:10.858,0.99024,0.99091,2.44,2.80
2011.01.30 23:27:12.402,0.99024,0.99091,2.44,1.09
2011.01.30 23:27:19.316,0.99024,0.99087,1.69,1.02
2011.01.30 23:27:19.542,0.9902,0.99087,1.69,1.69
2011.01.30 23:27:20.391,0.9902,0.99081,2.44,1.50
2011.01.30 23:27:21.336,0.99025,0.99091,2.44,1.09
2011.01.30 23:27:24.770,0.99025,0.99091,2.44,1.09
2011.01.30 23:27:24.992,0.99025,0.99087,1.69,1.02
2011.01.30 23:27:27.135,0.9902,0.99087,1.69,1.09
2011.01.30 23:27:38.622,0.9902,0.99087,1.69,1.09
2011.01.30 23:27:39.653,0.9902,0.99087,1.69,1.02
2011.01.30 23:27:40.531,0.9902,0.99088,2.44,1.84
2011.01.30 23:27:40.642,0.99025,0.99091,2.44,1.77
2011.01.30 23:27:40.751,0.99025,0.99087,1.69,1.77
2011.01.30 23:27:40.972,0.99019,0.99088,3.94,1.02
2011.01.30 23:27:41.620,0.99024,0.99087,2.44,1.58
2011.01.30 23:27:43.162,0.99024,0.99087,2.44,1.65
2011.01.30 23:27:43.808,0.99024,0.99087,3.19,1.65
2011.01.30 23:27:43.923,0.99035,0.99087,2.44,1.58
2011.01.30 23:27:44.361,0.99035,0.99087,1.69,1.58
2011.01.30 23:27:44.583,0.99029,0.99087,1.69,1.58
2011.01.30 23:27:45.552,0.99025,0.99087,2.44,1.65
2011.01.30 23:27:45.772,0.99029,0.99087,2.44,1.65
2011.01.30 23:27:46.889,0.99029,0.99087,2.44,1.58
2011.01.30 23:27:55.160,0.99029,0.99087,2.44,1.58
2011.01.30 23:27:55.701,0.99029,0.99087,1.50,1.58
2011.01.30 23:27:56.223,0.99025,0.99087,1.69,1.58
2011.01.30 23:27:58.191,0.99025,0.99087,1.69,1.65
2011.01.30 23:27:59.065,0.99006,0.99083,1.32,2.44
2011.01.30 23:28:01.022,0.99005,0.99093,2.07,4.58
2011.01.30 23:28:02.043,0.99005,0.99093,2.07,4.58
2011.01.30 23:28:02.802,0.99005,0.99092,2.07,1.09
2011.01.30 23:28:03.419,0.99005,0.99093,2.07,2.14
2011.01.30 23:28:04.341,0.99005,0.99093,1.69,2.07
2011.01.30 23:28:04.671,0.99005,0.99083,1.69,1.50
2011.01.30 23:28:05.321,0.99005,0.99083,1.69,1.88
2011.01.30 23:28:05.433,0.99004,0.99084,1.50,2.07
2011.01.30 23:28:05.543,0.99004,0.99084,1.50,1.69
2011.01.30 23:28:06.982,0.99005,0.99086,1.88,1.09
2011.01.30 23:28:07.414,0.99019,0.99087,1.50,2.78
2011.01.30 23:28:08.226,0.99019,0.99086,1.50,1.65
2011.01.30 23:28:08.742,0.99019,0.99086,1.50,1.50
2011.01.30 23:28:08.972,0.99025,0.99087,1.69,1.50
2011.01.30 23:28:09.500,0.99025,0.99087,1.69,1.50
2011.01.30 23:28:09.863,0.99025,0.99086,1.69,1.58
2011.01.30 23:28:09.972,0.99025,0.99086,1.50,1.77
2011.01.30 23:28:10.191,0.99019,0.99086,2.44,1.02
2011.01.30 23:28:14.352,0.99019,0.99087,1.69,4.28
2011.01.30 23:28:17.942,0.99025,0.99087,1.69,1.58
2011.01.30 23:28:19.963,0.99025,0.99086,2.44,1.65
2011.01.30 23:28:20.072,0.9903,0.99086,1.69,1.58
2011.01.30 23:28:21.294,0.9903,0.99087,1.69,1.65
2011.01.30 23:28:23.054,0.9903,0.99087,2.44,1.65
2011.01.30 23:28:23.272,0.9903,0.99096,2.44,2.78
2011.01.30 23:28:23.381,0.99035,0.99101,2.44,2.40
2011.01.30 23:28:24.042,0.99035,0.99092,1.50,1.02
2011.01.30 23:28:24.152,0.99024,0.99092,3.19,1.02
2011.01.30 23:28:26.461,0.99024,0.99087,2.44,1.02
2011.01.30 23:28:27.182,0.99025,0.99091,2.44,1.09
2011.01.30 23:28:27.402,0.99025,0.99091,2.44,1.09
2011.01.30 23:28:29.334,0.99029,0.99091,3.19,4.09
2011.01.30 23:28:29.983,0.99029,0.9909,2.25,2.40
2011.01.30 23:28:31.064,0.99014,0.99083,2.25,1.02
2011.01.30 23:28:31.173,0.99014,0.99079,1.50,2.37
2011.01.30 23:28:31.393,0.99014,0.99071,1.50,1.32
2011.01.30 23:28:31.613,0.98998,0.99071,1.50,1.32
2011.01.30 23:28:32.053,0.98998,0.99073,1.50,2.52
2011.01.30 23:28:33.064,0.98998,0.99081,1.50,1.47
2011.01.30 23:28:33.172,0.98998,0.99081,1.50,1.47
2011.01.30 23:28:34.501,0.99003,0.99084,2.07,4.64
2011.01.30 23:28:34.614,0.99004,0.99084,2.44,4.28
2011.01.30 23:28:34.722,0.99004,0.99084,2.44,4.64
2011.01.30 23:28:35.334,0.99009,0.99084,1.13,4.64
2011.01.30 23:28:35.442,0.99008,0.99084,1.88,1.77
2011.01.30 23:28:35.551,0.99018,0.99084,1.32,1.58
2011.01.30 23:28:35.881,0.99025,0.99085,1.50,1.02
2011.01.30 23:28:35.992,0.99004,0.99084,3.19,1.77
2011.01.30 23:28:37.452,0.99015,0.99083,1.69,1.65
2011.01.30 23:28:38.271,0.99015,0.99083,1.69,4.20
2011.01.30 23:28:38.994,0.99015,0.99082,1.50,2.74
2011.01.30 23:28:39.662,0.99013,0.99082,1.50,2.74
2011.01.30 23:28:40.918,0.99013,0.99082,1.50,2.74
2011.01.30 23:28:41.570,0.99005,0.99082,3.19,2.74
2011.01.30 23:28:41.682,0.99005,0.99079,2.25,2.22
2011.01.30 23:28:41.791,0.99005,0.99079,2.25,2.40
2011.01.30 23:28:41.901,0.99005,0.99073,1.50,1.84
2011.01.30 23:28:44.115,0.99005,0.99073,1.50,4.28
2011.01.30 23:28:46.559,0.99005,0.99073,1.88,4.28
2011.01.30 23:28:46.671,0.99005,0.99073,1.88,1.77
2011.01.30 23:28:46.781,0.99015,0.99083,1.69,4.28
2011.01.30 23:28:58.984,0.99009,0.99078,3.19,2.22
2011.01.30 23:29:00.162,0.99009,0.99079,1.50,4.24
2011.01.30 23:29:00.381,0.99004,0.99074,1.50,1.77
2011.01.30 23:29:01.172,0.99004,0.99074,2.44,1.58
2011.01.30 23:29:01.632,0.99004,0.99074,3.19,1.65
2011.01.30 23:29:01.852,0.9901,0.99078,1.69,1.84
2011.01.30 23:29:01.962,0.9901,0.99078,1.69,1.92
2011.01.30 23:29:02.303,0.99005,0.99073,1.69,1.77
2011.01.30 23:29:02.525,0.99007,0.99073,1.32,1.58
2011.01.30 23:29:03.596,0.99014,0.99084,1.69,4.17
2011.01.30 23:29:05.796,0.99014,0.99084,1.69,4.28
2011.01.30 23:29:10.323,0.99014,0.99084,2.44,4.28
2011.01.30 23:29:10.432,0.99014,0.99084,2.44,1.77
2011.01.30 23:29:10.661,0.99014,0.99083,2.44,1.02
2011.01.30 23:29:10.882,0.9901,0.99077,1.69,2.52
2011.01.30 23:29:13.342,0.9901,0.99076,1.69,4.24
2011.01.30 23:29:26.673,0.9902,0.99076,1.69,1.50
2011.01.30 23:29:30.343,0.9902,0.99077,2.44,1.50
2011.01.30 23:29:30.667,0.99025,0.99091,2.44,2.22
2011.01.30 23:29:30.785,0.99025,0.99093,2.44,4.28
2011.01.30 23:29:31.982,0.99025,0.99091,2.44,2.22
2011.01.30 23:29:32.202,0.99025,0.99093,2.44,1.84
2011.01.30 23:29:32.421,0.9903,0.99091,1.69,1.02
2011.01.30 23:29:32.697,0.99025,0.99093,2.44,1.65
2011.01.30 23:29:34.212,0.99035,0.99096,1.69,1.58
2011.01.30 23:29:34.321,0.99035,0.99096,1.69,2.52
2011.01.30 23:29:34.652,0.99029,0.99097,2.44,1.84
2011.01.30 23:29:34.984,0.99035,0.99096,2.44,1.65
2011.01.30 23:29:36.063,0.99035,0.99096,1.69,1.84
2011.01.30 23:29:36.172,0.99035,0.99096,1.69,1.02
2011.01.30 23:29:36.828,0.9903,0.99096,1.69,1.09
2011.01.30 23:29:36.941,0.9903,0.99092,1.69,1.09
2011.01.30 23:29:37.162,0.99025,0.99093,2.44,1.84
2011.01.30 23:29:37.492,0.99029,0.99096,2.44,2.29
2011.01.30 23:29:38.492,0.99029,0.99091,1.50,1.02
2011.01.30 23:29:38.602,0.9902,0.99088,1.69,1.84
2011.01.30 23:29:39.631,0.99014,0.99083,1.69,1.02
2011.01.30 23:29:41.113,0.99014,0.99083,1.69,2.40
2011.01.30 23:29:43.672,0.99014,0.99084,2.44,1.84
2011.01.30 23:29:44.001,0.9903,0.99087,1.69,1.58
2011.01.30 23:29:44.113,0.9903,0.99086,1.50,1.02
2011.01.30 23:29:44.482,0.99023,0.99087,1.32,1.58
2011.01.30 23:29:46.321,0.99029,0.99086,2.44,1.58
2011.01.30 23:29:47.097,0.99029,0.99087,2.44,1.58
2011.01.30 23:29:47.832,0.99029,0.99087,2.44,1.58
2011.01.30 23:29:48.053,0.99029,0.99099,2.44,4.09
2011.01.30 23:29:48.163,0.99034,0.99097,1.69,1.09
2011.01.30 23:29:49.303,0.9903,0.99092,1.69,1.58
2011.01.30 23:29:49.912,0.9903,0.99092,1.69,1.58
2011.01.30 23:29:51.703,0.9904,0.99092,2.44,1.65
2011.01.30 23:29:52.044,0.9904,0.99101,1.69,2.22
2011.01.30 23:29:52.262,0.99035,0.99101,2.44,1.02
2011.01.30 23:29:53.283,0.99035,0.99101,2.44,2.22
2011.01.30 23:29:53.728,0.99035,0.99103,2.44,1.99
2011.01.30 23:29:54.921,0.99039,0.99106,2.44,2.37
2011.01.30 23:29:55.356,0.99039,0.99106,2.44,4.17
2011.01.30 23:29:56.302,0.99039,0.99101,1.69,1.09
2011.01.30 23:29:56.964,0.99039,0.99106,2.44,2.52
2011.01.30 23:29:57.423,0.99039,0.99096,1.50,1.69
2011.01.30 23:29:57.532,0.9903,0.99096,2.44,2.44
2011.01.30 23:29:57.643,0.99032,0.99096,1.32,1.50
2011.01.30 23:29:57.862,0.9904,0.99098,1.50,1.02
2011.01.30 23:29:58.082,0.99029,0.99096,3.19,1.69
2011.01.30 23:29:59.071,0.99029,0.99097,3.19,1.58
2011.01.30 23:29:59.182,0.99039,0.99097,1.50,2.52
2011.01.30 23:29:59.291,0.9903,0.99097,1.69,2.52
2011.01.30 23:30:00.616,0.9903,0.99096,1.69,1.69
2011.01.30 23:30:01.186,0.99034,0.99086,1.69,1.50
2011.01.30 23:30:01.415,0.99038,0.99102,1.69,2.40
2011.01.30 23:30:01.910,0.99038,0.99103,1.69,2.52
2011.01.30 23:30:03.044,0.99045,0.99093,1.50,1.50
2011.01.30 23:30:04.464,0.99045,0.99093,1.50,2.44
2011.01.30 23:30:04.684,0.99028,0.99093,1.69,1.02
2011.01.30 23:30:05.046,0.99024,0.99092,1.69,1.02
2011.01.30 23:30:05.373,0.99015,0.99098,1.69,1.02
2011.01.30 23:30:06.394,0.99014,0.99094,2.44,1.50
2011.01.30 23:30:07.463,0.99038,0.99094,1.50,2.52
2011.01.30 23:30:08.022,0.99023,0.99094,1.69,2.52
2011.01.30 23:30:08.704,0.99024,0.99094,1.69,1.58
2011.01.30 23:30:09.262,0.99023,0.99093,1.69,1.77
2011.01.30 23:30:09.573,0.99023,0.99093,1.69,1.77
2011.01.30 23:30:09.682,0.99023,0.99084,1.69,1.50
2011.01.30 23:30:10.562,0.99023,0.99093,1.69,4.09
2011.01.30 23:30:11.193,0.99023,0.99094,1.69,4.09
2011.01.30 23:30:11.302,0.99023,0.99088,1.69,1.02
2011.01.30 23:30:11.972,0.99023,0.99084,1.50,2.52
2011.01.30 23:30:12.302,0.99023,0.99073,1.69,1.50
2011.01.30 23:30:12.478,0.99023,0.99083,1.69,1.77
2011.01.30 23:30:12.595,0.99024,0.99073,1.69,1.50
2011.01.30 23:30:12.812,0.99024,0.99084,1.69,1.77
2011.01.30 23:30:13.627,0.99023,0.99083,1.69,1.77
2011.01.30 23:30:13.742,0.99023,0.99083,1.50,1.77
2011.01.30 23:30:14.073,0.99033,0.99083,1.50,1.58
2011.01.30 23:30:14.442,0.99018,0.99083,1.50,1.69
2011.01.30 23:30:15.213,0.99018,0.99084,1.50,1.77
2011.01.30 23:30:15.582,0.99013,0.99084,1.50,1.69
2011.01.30 23:30:16.082,0.99014,0.99073,1.50,1.50
2011.01.30 23:30:16.193,0.99014,0.99084,1.50,1.50
2011.01.30 23:30:17.274,0.99014,0.99084,3.00,1.58
2011.01.30 23:30:17.611,0.99014,0.99084,3.00,1.58
2011.01.30 23:30:18.183,0.99019,0.99084,1.50,1.77
2011.01.30 23:30:18.932,0.99019,0.99086,1.50,5.97
2011.01.30 23:30:20.244,0.99018,0.99086,1.50,4.28
2011.01.30 23:30:21.388,0.99019,0.99086,1.50,4.28
2011.01.30 23:30:21.722,0.99023,0.99086,1.50,2.22
2011.01.30 23:30:22.451,0.99023,0.99077,1.50,1.02
2011.01.30 23:30:24.655,0.99023,0.99087,1.50,1.69
2011.01.30 23:30:24.764,0.99024,0.99088,1.50,1.02
2011.01.30 23:30:25.457,0.99029,0.99093,1.50,1.84
2011.01.30 23:30:27.192,0.99029,0.99083,1.50,1.50
2011.01.30 23:30:27.821,0.99015,0.99083,1.69,1.50
2011.01.30 23:30:28.532,0.99018,0.99086,1.50,1.02
2011.01.30 23:30:28.994,0.99018,0.99086,1.50,2.22
2011.01.30 23:30:29.322,0.99018,0.9908,1.50,1.02
2011.01.30 23:30:29.662,0.99003,0.9908,1.69,1.02
2011.01.30 23:30:30.513,0.99008,0.9908,1.50,1.02
2011.01.30 23:30:31.073,0.99008,0.99094,2.44,3.98
2011.01.30 23:30:31.383,0.99034,0.99094,1.50,3.98
2011.01.30 23:30:31.492,0.99034,0.99094,1.50,5.97
2011.01.30 23:30:31.601,0.99034,0.99094,1.50,5.97
2011.01.30 23:30:33.290,0.99039,0.99093,1.50,4.09
2011.01.30 23:30:34.252,0.99039,0.99093,1.50,4.28
2011.01.30 23:30:34.572,0.99039,0.99093,1.50,4.28
2011.01.30 23:30:34.793,0.99048,0.99093,1.50,1.65
2011.01.30 23:30:35.233,0.99048,0.99093,1.50,1.58
2011.01.30 23:30:37.401,0.99048,0.99093,1.50,2.52
2011.01.30 23:30:38.025,0.99033,0.99093,1.50,2.52
2011.01.30 23:30:38.674,0.99033,0.99093,1.50,6.12
2011.01.30 23:30:39.921,0.99033,0.99093,1.69,1.99
2011.01.30 23:30:40.034,0.99034,0.99093,1.69,1.77
2011.01.30 23:30:40.692,0.99039,0.99093,1.50,1.77
2011.01.30 23:30:41.218,0.99043,0.99084,1.50,1.50
2011.01.30 23:30:42.802,0.99043,0.99094,1.50,1.77
2011.01.30 23:30:44.202,0.99043,0.99094,1.50,1.84
2011.01.30 23:30:44.313,0.99023,0.99093,1.50,2.59
2011.01.30 23:30:44.422,0.99023,0.99093,1.50,2.59
2011.01.30 23:30:45.483,0.99018,0.99093,1.69,1.77
2011.01.30 23:30:46.043,0.99028,0.99094,1.69,1.58
2011.01.30 23:30:46.262,0.99028,0.99094,1.69,1.58
2011.01.30 23:30:46.622,0.99033,0.99094,1.50,1.77
2011.01.30 23:30:47.502,0.99038,0.99094,1.50,1.50
2011.01.30 23:30:47.853,0.99038,0.99093,1.50,1.58
2011.01.30 23:30:48.403,0.99038,0.99093,1.50,2.52
2011.01.30 23:30:48.837,0.99038,0.99084,1.50,1.50
2011.01.30 23:30:49.172,0.99038,0.99093,1.50,2.59
2011.01.30 23:30:49.412,0.99025,0.99093,2.44,2.52
2011.01.30 23:30:50.205,0.99025,0.99093,2.44,2.74
2011.01.30 23:30:50.712,0.99029,0.99093,1.69,2.52
2011.01.30 23:30:51.313,0.99029,0.99093,1.69,2.59
2011.01.30 23:30:52.513,0.99029,0.99093,1.69,2.59
2011.01.30 23:30:52.841,0.99038,0.99093,1.50,2.59
2011.01.30 23:30:54.156,0.99044,0.99093,1.50,1.02
2011.01.30 23:30:55.783,0.99043,0.99084,1.50,1.50
2011.01.30 23:30:56.224,0.99043,0.99093,1.50,1.02
2011.01.30 23:30:56.685,0.99043,0.99093,1.50,1.58
2011.01.30 23:30:57.252,0.99044,0.99093,1.50,1.69
2011.01.30 23:30:57.622,0.99035,0.99093,1.69,1.69
2011.01.30 23:30:58.234,0.99035,0.99093,2.44,1.69
2011.01.30 23:30:59.318,0.99038,0.99093,1.50,1.69
2011.01.30 23:31:00.603,0.99044,0.99093,1.50,1.77
2011.01.30 23:31:01.673,0.99049,0.99092,1.50,1.09
2011.01.30 23:31:02.107,0.99049,0.99084,1.50,1.50
2011.01.30 23:31:02.223,0.99048,0.99094,1.50,1.77
2011.01.30 23:31:05.192,0.99034,0.99094,2.44,1.77
2011.01.30 23:31:13.192,0.99034,0.99094,3.19,1.50
2011.01.30 23:31:13.522,0.99045,0.99093,1.50,1.69
2011.01.30 23:31:13.633,0.99035,0.99093,1.69,1.69
2011.01.30 23:31:17.942,0.99035,0.99093,1.50,1.77
2011.01.30 23:31:18.492,0.99033,0.99093,1.50,1.77
2011.01.30 23:31:19.944,0.99025,0.99093,2.44,1.77
2011.01.30 23:31:20.052,0.99025,0.99093,1.69,1.77
2011.01.30 23:31:20.631,0.99028,0.99093,1.69,1.77
2011.01.30 23:31:20.852,0.99034,0.99094,1.50,1.77
2011.01.30 23:31:21.182,0.99028,0.99092,1.50,1.09
2011.01.30 23:31:21.810,0.99028,0.99092,1.50,1.09
2011.01.30 23:31:31.459,0.99028,0.99093,1.50,4.24
2011.01.30 23:31:34.338,0.99028,0.99093,1.50,4.28
2011.01.30 23:31:35.104,0.99028,0.99093,1.50,4.28
2011.01.30 23:31:37.249,0.99028,0.99093,1.50,4.28
2011.01.30 23:31:37.366,0.99035,0.99093,1.50,1.99
2011.01.30 23:31:41.885,0.99034,0.99093,1.50,1.84
2011.01.30 23:31:42.961,0.99034,0.99093,1.50,1.77
2011.01.30 23:31:43.092,0.99034,0.99093,1.50,4.62
2011.01.30 23:31:44.361,0.99034,0.99093,1.50,4.28
2011.01.30 23:31:54.413,0.99034,0.99083,1.50,1.50
2011.01.30 23:31:55.415,0.99025,0.99083,2.44,1.50
2011.01.30 23:31:55.522,0.99025,0.99083,1.69,1.50
2011.01.30 23:31:55.742,0.99025,0.99083,2.44,1.58
2011.01.30 23:31:56.773,0.99028,0.99093,1.50,4.28
2011.01.30 23:31:57.942,0.99028,0.99093,1.50,4.28
2011.01.30 23:31:58.402,0.99028,0.99083,1.50,1.02
2011.01.30 23:31:58.644,0.99009,0.99082,1.69,1.02
2011.01.30 23:31:59.933,0.99009,0.99094,2.82,5.97
2011.01.30 23:32:00.153,0.99019,0.99094,1.50,6.04
2011.01.30 23:32:00.612,0.99025,0.99093,1.50,1.95
2011.01.30 23:32:02.224,0.99025,0.99093,1.50,3.98
2011.01.30 23:32:03.552,0.99023,0.99092,1.50,1.09
2011.01.30 23:32:03.772,0.99023,0.99092,1.50,2.74
2011.01.30 23:32:03.992,0.99023,0.99091,1.50,1.02
2011.01.30 23:32:05.943,0.99023,0.99094,1.50,4.28
2011.01.30 23:32:06.161,0.99023,0.99093,1.50,4.09
2011.01.30 23:32:06.822,0.99023,0.99083,1.50,1.50
2011.01.30 23:32:07.322,0.99023,0.99083,1.50,1.77
2011.01.30 23:32:10.302,0.99023,0.99086,1.50,2.22
2011.01.30 23:32:11.922,0.99023,0.99086,1.50,2.22
2011.01.30 23:32:13.024,0.99023,0.99086,1.50,2.22
2011.01.30 23:32:16.443,0.99023,0.99074,1.50,1.50
2011.01.30 23:32:18.161,0.99024,0.99074,1.50,1.65
2011.01.30 23:32:19.258,0.99024,0.99074,1.50,1.58
2011.01.30 23:32:20.412,0.99023,0.99073,1.50,1.77
2011.01.30 23:32:21.770,0.99008,0.99073,1.50,1.77
2011.01.30 23:32:22.942,0.99008,0.99064,1.50,1.50
2011.01.30 23:32:23.603,0.99008,0.99074,1.50,4.28
2011.01.30 23:32:23.823,0.99008,0.99074,1.50,4.09
2011.01.30 23:32:24.639,0.99008,0.99074,1.50,1.84
2011.01.30 23:32:24.751,0.99008,0.99074,1.50,1.84
2011.01.30 23:32:26.212,0.99013,0.99074,1.50,1.77
2011.01.30 23:32:27.723,0.99013,0.99074,1.50,4.09
2011.01.30 23:32:27.943,0.99014,0.99074,2.44,1.58
2011.01.30 23:32:28.563,0.99014,0.99086,3.19,2.40
2011.01.30 23:32:28.782,0.99014,0.99086,1.69,2.40
2011.01.30 23:32:28.892,0.99014,0.99086,1.69,2.22
2011.01.30 23:32:29.112,0.99014,0.99086,2.44,1.09
2011.01.30 23:32:29.464,0.99024,0.99086,1.50,1.09
2011.01.30 23:32:30.238,0.99025,0.99086,1.50,1.02
2011.01.30 23:32:32.703,0.99024,0.99086,1.50,1.09
2011.01.30 23:32:33.174,0.99018,0.99073,1.50,1.50
2011.01.30 23:32:34.912,0.99018,0.99073,1.50,1.58
2011.01.30 23:32:41.712,0.99018,0.99083,1.50,4.28
2011.01.30 23:32:42.438,0.99018,0.99074,1.50,1.58
2011.01.30 23:32:43.302,0.99018,0.99084,1.50,4.28
2011.01.30 23:32:43.862,0.99018,0.99084,1.50,4.09
2011.01.30 23:32:44.191,0.99025,0.99086,1.50,2.22
2011.01.30 23:32:45.482,0.99018,0.99086,1.50,2.22
2011.01.30 23:32:46.271,0.99018,0.99081,1.50,1.28
2011.01.30 23:32:47.262,0.99018,0.99081,1.50,1.64
2011.01.30 23:32:51.013,0.99018,0.99074,1.50,1.65
2011.01.30 23:32:51.122,0.99014,0.99074,1.69,1.65
2011.01.30 23:32:52.214,0.99014,0.99074,1.69,1.80
2011.01.30 23:32:54.612,0.99014,0.99074,1.50,4.24
2011.01.30 23:32:54.832,0.99008,0.99074,1.88,4.39
2011.01.30 23:32:56.279,0.99008,0.99073,1.88,1.09
2011.01.30 23:33:01.540,0.99008,0.99073,1.88,1.09
2011.01.30 23:33:03.938,0.99008,0.99074,1.88,4.39
2011.01.30 23:33:09.344,0.99008,0.99074,1.95,2.07
2011.01.30 23:33:20.693,0.99005,0.99073,1.77,1.69
2011.01.30 23:33:21.444,0.98999,0.99073,1.02,1.77
2011.01.30 23:33:22.923,0.98999,0.99073,1.02,1.84
2011.01.30 23:33:23.272,0.99004,0.99074,2.25,4.09
2011.01.30 23:33:24.313,0.99004,0.99074,2.33,1.77
2011.01.30 23:33:25.413,0.99004,0.99071,2.25,1.02
2011.01.30 23:33:25.742,0.99005,0.99063,1.50,1.50
2011.01.30 23:33:36.424,0.99005,0.99063,1.58,1.50
2011.01.30 23:33:36.944,0.99015,0.99072,1.50,1.50
2011.01.30 23:33:37.333,0.99008,0.99072,1.77,1.50
2011.01.30 23:33:38.670,0.99009,0.99072,1.09,1.50
2011.01.30 23:33:39.588,0.99008,0.99072,1.77,1.58
2011.01.30 23:33:41.404,0.99008,0.99072,1.58,2.52
2011.01.30 23:33:41.787,0.99008,0.99064,1.50,1.50
2011.01.30 23:33:42.213,0.99009,0.99071,1.50,1.69
2011.01.30 23:33:44.704,0.99009,0.99077,1.69,1.02
2011.01.30 23:33:44.812,0.99009,0.99081,1.69,1.02
2011.01.30 23:33:45.655,0.99015,0.99081,1.50,1.02
2011.01.30 23:33:46.262,0.99015,0.99081,1.50,2.22
2011.01.30 23:33:46.382,0.99015,0.99081,1.50,1.02
2011.01.30 23:33:54.843,0.99009,0.99081,1.69,2.22
2011.01.30 23:33:55.548,0.99009,0.99083,1.50,4.28
2011.01.30 23:33:56.293,0.99009,0.99083,1.50,4.62
2011.01.30 23:34:11.934,0.99009,0.99083,1.50,4.28
2011.01.30 23:34:12.153,0.99001,0.99084,1.77,4.17
2011.01.30 23:34:13.372,0.98994,0.99084,2.52,4.47
2011.01.30 23:34:15.784,0.98994,0.99084,7.84,4.65
2011.01.30 23:34:16.882,0.98994,0.99074,3.34,1.80
2011.01.30 23:34:17.212,0.99005,0.99073,1.50,1.80
2011.01.30 23:34:20.657,0.99005,0.99073,1.50,3.98
2011.01.30 23:34:22.411,0.99005,0.99073,1.50,1.65
2011.01.30 23:34:23.083,0.99005,0.99073,1.50,3.98
2011.01.30 23:34:23.953,0.99005,0.99073,1.50,1.65
2011.01.30 23:34:24.063,0.99005,0.99073,1.50,3.98
2011.01.30 23:34:26.193,0.99005,0.99073,1.50,1.84
2011.01.30 23:34:27.284,0.99004,0.99073,1.50,1.84
2011.01.30 23:34:27.392,0.99004,0.99073,1.50,4.62
2011.01.30 23:34:32.292,0.98995,0.99073,1.84,4.62
2011.01.30 23:34:33.745,0.98995,0.99063,1.69,1.58
2011.01.30 23:34:34.293,0.98994,0.99074,2.44,4.28
2011.01.30 23:34:35.533,0.98998,0.99078,1.77,1.45
2011.01.30 23:34:36.588,0.98998,0.99084,1.99,4.62
2011.01.30 23:34:39.171,0.98998,0.99084,1.69,4.65
2011.01.30 23:34:39.612,0.98999,0.99074,1.69,1.65
2011.01.30 23:34:40.497,0.98999,0.99074,1.69,4.09
2011.01.30 23:34:41.122,0.98999,0.99074,1.69,4.09
2011.01.30 23:34:41.662,0.98998,0.99063,1.69,1.50
2011.01.30 23:34:42.002,0.98998,0.99063,1.50,1.77
2011.01.30 23:34:44.402,0.98999,0.99053,1.50,1.50
2011.01.30 23:34:47.212,0.98998,0.99064,1.50,1.77
2011.01.30 23:34:47.323,0.98998,0.99058,1.50,1.02
2011.01.30 23:34:47.543,0.98994,0.99061,1.69,1.02
2011.01.30 23:34:47.652,0.98994,0.99064,1.69,4.09
2011.01.30 23:34:48.743,0.98994,0.99064,1.69,1.58
2011.01.30 23:34:49.072,0.98994,0.99084,1.69,4.64
2011.01.30 23:34:49.727,0.98994,0.99084,1.69,4.35
2011.01.30 23:34:50.421,0.98994,0.99084,2.44,4.64
2011.01.30 23:34:50.532,0.98999,0.99084,1.69,4.28
2011.01.30 23:34:51.682,0.98999,0.99084,2.07,4.17
2011.01.30 23:34:51.792,0.98999,0.99084,2.07,4.17
2011.01.30 23:34:52.933,0.99005,0.99083,1.50,4.62
2011.01.30 23:34:54.178,0.99005,0.99083,1.69,4.62
2011.01.30 23:34:55.058,0.99005,0.99083,1.50,4.39
2011.01.30 23:34:55.633,0.99004,0.99083,1.50,4.39
2011.01.30 23:34:57.473,0.99003,0.99083,1.65,4.39
2011.01.30 23:34:57.720,0.99003,0.99083,1.50,4.35
2011.01.30 23:34:58.243,0.99003,0.99074,1.58,1.58
2011.01.30 23:34:59.254,0.99005,0.99073,1.50,1.65
2011.01.30 23:35:00.289,0.99003,0.99074,1.50,1.65
2011.01.30 23:35:00.984,0.99003,0.99074,1.50,1.65
2011.01.30 23:35:01.204,0.99003,0.99074,1.65,1.65
2011.01.30 23:35:02.224,0.99005,0.99073,1.50,1.65
2011.01.30 23:35:02.334,0.99005,0.99073,1.50,1.80
2011.01.30 23:35:02.663,0.99003,0.99073,1.50,4.28
2011.01.30 23:35:02.993,0.99003,0.99063,1.50,1.69
2011.01.30 23:35:03.305,0.99003,0.99053,1.50,1.50
2011.01.30 23:35:05.081,0.99003,0.99063,1.50,1.69
2011.01.30 23:35:06.524,0.98995,0.99058,2.25,1.02
2011.01.30 23:35:06.635,0.98988,0.99044,1.69,1.50
2011.01.30 23:35:06.934,0.98988,0.99058,1.69,1.02
2011.01.30 23:35:07.561,0.98994,0.99062,1.50,1.02
2011.01.30 23:35:07.782,0.98994,0.99053,1.50,1.50
2011.01.30 23:35:09.984,0.98993,0.99053,1.50,1.65
2011.01.30 23:35:11.558,0.98994,0.99052,1.50,1.09
2011.01.30 23:35:20.002,0.98993,0.99044,1.50,1.50
2011.01.30 23:35:24.318,0.98993,0.99044,1.50,2.44
2011.01.30 23:35:24.764,0.98978,0.99033,1.50,1.50
2011.01.30 23:35:27.544,0.98978,0.99034,1.50,1.69
2011.01.30 23:35:28.615,0.98978,0.99033,1.50,1.50
2011.01.30 23:35:30.193,0.98978,0.99024,1.50,1.50
2011.01.30 23:35:30.742,0.98978,0.99024,1.50,1.50
2011.01.30 23:35:31.603,0.98978,0.99034,1.50,2.44
2011.01.30 23:35:31.836,0.98978,0.99023,1.50,1.50
2011.01.30 23:35:32.272,0.98978,0.99034,1.50,1.69
2011.01.30 23:35:32.493,0.98978,0.99034,1.69,1.50
2011.01.30 23:35:32.851,0.98985,0.99033,1.50,1.69
2011.01.30 23:35:32.962,0.98978,0.99033,1.50,1.69
2011.01.30 23:35:33.305,0.98978,0.99024,1.50,1.50
2011.01.30 23:35:33.654,0.98978,0.99033,1.50,1.50
2011.01.30 23:35:34.213,0.98984,0.99034,1.50,1.58
2011.01.30 23:35:34.752,0.98984,0.99034,1.50,1.50
2011.01.30 23:35:34.862,0.98978,0.99034,1.50,1.50
2011.01.30 23:35:35.084,0.98978,0.99034,1.50,1.69
2011.01.30 23:35:40.485,0.98984,0.99034,1.50,1.50
2011.01.30 23:35:40.924,0.98986,0.99033,1.50,1.69
2011.01.30 23:35:41.143,0.98978,0.99033,1.50,1.69
2011.01.30 23:35:43.483,0.98978,0.99033,1.69,1.50
2011.01.30 23:35:43.627,0.98984,0.99034,1.50,1.50
2011.01.30 23:35:44.807,0.98985,0.99034,1.50,1.50
2011.01.30 23:35:45.141,0.98978,0.99034,1.58,1.69
2011.01.30 23:35:47.828,0.98978,0.99034,1.65,1.69
2011.01.30 23:35:50.083,0.98978,0.99034,1.58,1.69
2011.01.30 23:35:50.604,0.98978,0.99034,1.50,1.69
2011.01.30 23:35:51.153,0.98978,0.99034,1.50,1.69
2011.01.30 23:35:51.265,0.98964,0.99034,3.34,1.69
2011.01.30 23:35:52.994,0.98964,0.99034,5.97,1.69
2011.01.30 23:35:54.963,0.98969,0.99034,1.50,1.69
2011.01.30 23:35:58.183,0.98969,0.99043,1.65,1.09
2011.01.30 23:35:58.798,0.98969,0.99044,1.84,1.84
2011.01.30 23:36:00.940,0.98969,0.99044,1.69,4.24
2011.01.30 23:36:01.273,0.98969,0.99044,1.77,1.77
2011.01.30 23:36:01.933,0.98969,0.99044,1.69,4.09
2011.01.30 23:36:02.298,0.98969,0.99033,1.50,1.50
2011.01.30 23:36:04.194,0.98969,0.99033,1.50,1.58
2011.01.30 23:36:06.435,0.98965,0.99033,1.50,1.88
2011.01.30 23:36:06.542,0.98965,0.99022,1.50,1.69
2011.01.30 23:36:07.022,0.98965,0.99016,1.50,1.69
2011.01.30 23:36:07.363,0.98955,0.99016,1.50,1.69
2011.01.30 23:36:08.622,0.98954,0.99016,2.25,1.69
2011.01.30 23:36:10.529,0.98955,0.99016,1.50,1.69
2011.01.30 23:36:11.392,0.98954,0.99016,2.25,1.69
2011.01.30 23:36:12.578,0.98955,0.99016,1.50,1.69
2011.01.30 23:36:14.542,0.98954,0.99014,2.25,2.44
2011.01.30 23:36:14.655,0.98954,0.99014,2.44,1.69
2011.01.30 23:36:15.005,0.98958,0.99014,1.50,1.69
2011.01.30 23:36:15.792,0.98958,0.99014,1.50,1.69
2011.01.30 23:36:17.224,0.98958,0.99014,1.50,2.44
2011.01.30 23:36:18.193,0.98958,0.99004,1.50,1.69
2011.01.30 23:36:18.774,0.98958,0.99004,1.50,1.69
2011.01.30 23:36:19.762,0.98958,0.99003,1.50,1.50
2011.01.30 23:36:20.463,0.98958,0.99013,1.50,2.44
2011.01.30 23:36:21.413,0.98946,0.99013,1.69,2.44
2011.01.30 23:36:21.523,0.98949,0.99013,1.69,1.69
2011.01.30 23:36:21.644,0.98955,0.99013,1.50,2.44
2011.01.30 23:36:21.756,0.98943,0.99011,2.37,1.32
2011.01.30 23:36:21.977,0.98938,0.98997,1.50,1.69
2011.01.30 23:36:22.083,0.98938,0.98999,1.50,1.69
2011.01.30 23:36:22.305,0.98938,0.98997,1.50,2.44
2011.01.30 23:36:22.523,0.98938,0.98997,1.50,2.44
2011.01.30 23:36:23.088,0.98938,0.98996,1.50,1.69
2011.01.30 23:36:23.533,0.98935,0.98996,1.50,2.44
2011.01.30 23:36:24.169,0.98934,0.98996,1.50,1.69
2011.01.30 23:36:24.743,0.98935,0.98996,1.50,1.69
2011.01.30 23:36:25.322,0.98935,0.98997,1.69,1.69
2011.01.30 23:36:25.432,0.98944,0.98996,1.50,1.69
2011.01.30 23:36:25.652,0.98934,0.98996,3.19,1.69
2011.01.30 23:36:25.914,0.98944,0.98996,1.50,1.69
2011.01.30 23:36:26.553,0.98944,0.98996,1.50,2.44
2011.01.30 23:36:26.662,0.98944,0.98996,1.50,1.69
2011.01.30 23:36:26.773,0.98935,0.98996,1.69,1.69
2011.01.30 23:36:26.883,0.98933,0.98996,1.50,1.69
2011.01.30 23:36:27.455,0.98935,0.98996,1.50,1.69
2011.01.30 23:36:27.673,0.98925,0.98996,1.69,1.69
2011.01.30 23:36:28.434,0.98925,0.98992,1.50,1.02
2011.01.30 23:36:29.074,0.98924,0.98992,1.50,1.02
2011.01.30 23:36:29.793,0.98923,0.98977,1.50,2.44
2011.01.30 23:36:30.125,0.98923,0.98977,1.50,1.50
2011.01.30 23:36:30.562,0.98925,0.98977,1.50,1.50
2011.01.30 23:36:30.673,0.98925,0.98983,1.50,1.69
2011.01.30 23:36:31.194,0.98925,0.98983,1.50,1.69
2011.01.30 23:36:31.857,0.98925,0.98983,1.50,1.69
2011.01.30 23:36:32.412,0.98923,0.98984,1.50,2.44
2011.01.30 23:36:32.973,0.98923,0.98984,1.50,2.44
2011.01.30 23:36:33.302,0.98923,0.98973,1.50,1.50
2011.01.30 23:36:34.184,0.98925,0.98973,1.50,1.69
2011.01.30 23:36:34.403,0.98915,0.98973,1.69,1.69
2011.01.30 23:36:34.513,0.98915,0.98973,1.50,1.69
2011.01.30 23:36:34.623,0.98913,0.98973,1.50,1.69
2011.01.30 23:36:34.732,0.98913,0.98973,1.77,1.69
2011.01.30 23:36:35.289,0.98915,0.98974,2.44,1.69
2011.01.30 23:36:36.095,0.98924,0.98974,3.00,1.50
2011.01.30 23:36:36.422,0.98924,0.98973,1.50,1.69
2011.01.30 23:36:36.943,0.98924,0.98973,1.50,1.50
2011.01.30 23:36:37.052,0.98923,0.98964,1.50,1.50
2011.01.30 23:36:37.413,0.98923,0.98973,1.50,1.50
2011.01.30 23:36:37.962,0.98923,0.98974,1.50,1.50
2011.01.30 23:36:39.225,0.98923,0.98974,1.50,1.69
2011.01.30 23:36:41.432,0.98923,0.98974,1.50,1.69
2011.01.30 23:36:44.532,0.98923,0.98963,1.50,1.50
2011.01.30 23:36:51.253,0.98923,0.98974,1.50,1.69
2011.01.30 23:36:51.363,0.98923,0.98974,1.50,1.50
2011.01.30 23:36:51.764,0.98928,0.98973,1.50,1.50
2011.01.30 23:36:52.512,0.98928,0.98973,1.50,1.50
2011.01.30 23:36:53.175,0.98928,0.98974,1.50,1.69
2011.01.30 23:36:56.724,0.98919,0.98974,1.50,2.44
2011.01.30 23:36:56.944,0.98919,0.98954,1.50,1.50
2011.01.30 23:36:59.283,0.98918,0.98973,1.50,2.44
2011.01.30 23:36:59.393,0.98918,0.98973,1.50,1.69
2011.01.30 23:37:00.424,0.98918,0.98973,1.69,1.50
2011.01.30 23:37:00.644,0.98918,0.98991,1.50,1.32
2011.01.30 23:37:03.992,0.98918,0.98983,1.50,2.44
2011.01.30 23:37:04.189,0.98923,0.98983,1.50,1.50
2011.01.30 23:37:04.742,0.98923,0.98984,1.50,1.50
2011.01.30 23:37:07.713,0.98923,0.98973,1.50,1.50
2011.01.30 23:37:10.403,0.98923,0.98973,1.50,2.44
2011.01.30 23:37:11.295,0.98924,0.98964,1.50,1.50
2011.01.30 23:37:11.803,0.98925,0.98963,1.50,1.50
2011.01.30 23:37:13.593,0.98924,0.98958,1.50,1.50
2011.01.30 23:37:13.844,0.98925,0.98963,1.50,1.50
2011.01.30 23:37:15.232,0.98925,0.98963,2.44,1.50
2011.01.30 23:37:15.344,0.98939,0.98976,1.50,1.50
2011.01.30 23:37:15.564,0.98925,0.98973,1.50,1.50
2011.01.30 23:37:17.525,0.98923,0.98974,1.50,1.69
2011.01.30 23:37:24.072,0.98924,0.98966,1.50,1.17
2011.01.30 23:37:37.873,0.98934,0.98966,1.50,1.17
2011.01.30 23:37:38.383,0.98924,0.98966,2.25,1.17
2011.01.30 23:37:43.274,0.98921,0.98961,1.50,1.58
2011.01.30 23:37:43.664,0.98914,0.98954,3.00,1.50
2011.01.30 23:37:50.753,0.98914,0.98954,2.44,1.50
2011.01.30 23:37:50.863,0.98915,0.98963,1.69,1.58
2011.01.30 23:37:57.404,0.98914,0.98963,1.50,1.77
2011.01.30 23:37:58.735,0.98915,0.98963,1.50,1.58
2011.01.30 23:38:01.115,0.98914,0.98954,1.50,1.69
2011.01.30 23:38:01.442,0.98905,0.98943,1.50,1.50
2011.01.30 23:38:03.219,0.98904,0.98954,1.50,1.50
2011.01.30 23:38:03.485,0.98904,0.98954,1.50,1.69
2011.01.30 23:38:03.704,0.98895,0.98953,1.50,2.44
2011.01.30 23:38:03.923,0.98894,0.98944,2.44,1.50
2011.01.30 23:38:04.415,0.98894,0.98954,5.25,2.44
2011.01.30 23:38:04.524,0.98894,0.98954,4.69,1.69
2011.01.30 23:38:04.635,0.98894,0.98944,3.75,1.50
2011.01.30 23:38:07.433,0.98894,0.98944,3.94,1.50
2011.01.30 23:38:07.716,0.98895,0.98953,1.50,2.44
2011.01.30 23:38:07.822,0.98895,0.98953,1.69,1.69
2011.01.30 23:38:07.934,0.98894,0.98944,3.94,1.50
2011.01.30 23:38:08.154,0.98895,0.98953,1.50,2.44
2011.01.30 23:38:08.372,0.98895,0.98943,1.50,1.50
2011.01.30 23:38:09.446,0.98895,0.98953,1.69,1.69
2011.01.30 23:38:09.664,0.98895,0.98953,1.50,2.44
2011.01.30 23:38:09.993,0.98894,0.98944,3.75,1.50
2011.01.30 23:38:11.204,0.98894,0.98944,3.75,1.58
2011.01.30 23:38:16.090,0.98894,0.98937,1.50,1.25
2011.01.30 23:38:17.642,0.98893,0.98937,2.25,1.25
2011.01.30 23:38:18.552,0.98893,0.98944,2.25,1.69
2011.01.30 23:38:21.018,0.98895,0.98943,1.50,1.50
2011.01.30 23:38:24.304,0.98895,0.98943,2.44,1.50
2011.01.30 23:38:24.548,0.98895,0.98953,2.44,1.50
2011.01.30 23:38:24.665,0.98895,0.98953,1.69,1.69
2011.01.30 23:38:24.775,0.98904,0.98954,1.50,1.69
2011.01.30 23:38:24.993,0.98895,0.98953,1.69,1.69
2011.01.30 23:38:27.683,0.98895,0.98953,1.50,2.44
2011.01.30 23:38:28.279,0.98894,0.98944,3.75,1.50
2011.01.30 23:38:33.414,0.98895,0.98953,1.50,2.44
2011.01.30 23:38:33.523,0.98895,0.98953,1.69,1.69
2011.01.30 23:38:34.285,0.98915,0.98962,1.50,1.69
2011.01.30 23:38:34.992,0.98896,0.98963,1.02,2.44
2011.01.30 23:38:36.393,0.98895,0.98963,2.44,1.58
2011.01.30 23:38:36.943,0.98904,0.98964,2.44,1.77
2011.01.30 23:38:37.463,0.98905,0.98962,1.50,1.50
2011.01.30 23:38:38.114,0.98905,0.98962,1.69,1.50
2011.01.30 23:38:38.444,0.98914,0.98963,1.50,1.50
2011.01.30 23:38:38.663,0.98905,0.98962,1.69,1.50
2011.01.30 23:38:39.213,0.98905,0.98963,1.69,1.69
2011.01.30 23:38:41.085,0.98905,0.98963,1.50,1.69
2011.01.30 23:38:41.453,0.98894,0.98964,6.19,1.50
2011.01.30 23:38:41.672,0.98915,0.98963,1.50,1.50
2011.01.30 23:38:45.043,0.98904,0.98964,1.69,1.69
2011.01.30 23:38:46.196,0.98904,0.98964,1.69,1.77
2011.01.30 23:38:48.194,0.98904,0.98964,1.69,1.84
2011.01.30 23:38:48.914,0.98904,0.98963,1.50,1.09
2011.01.30 23:38:49.268,0.98904,0.98954,1.50,1.50
2011.01.30 23:38:51.214,0.98904,0.98954,1.50,1.69
2011.01.30 23:38:51.323,0.98898,0.98954,1.69,1.50
2011.01.30 23:38:51.664,0.98904,0.98954,1.50,1.50
2011.01.30 23:38:52.855,0.98904,0.98954,1.69,1.58
2011.01.30 23:38:53.185,0.98915,0.98953,1.50,1.50
2011.01.30 23:38:53.294,0.98905,0.98953,1.50,1.50
2011.01.30 23:38:54.698,0.98905,0.98953,1.50,1.58
2011.01.30 23:38:55.595,0.98905,0.98953,1.50,1.50
2011.01.30 23:38:56.324,0.98905,0.98953,1.50,1.65
2011.01.30 23:38:57.163,0.98905,0.98953,1.69,1.65
2011.01.30 23:38:57.275,0.98904,0.98964,1.69,1.84
2011.01.30 23:38:57.494,0.98904,0.98964,1.69,1.77
2011.01.30 23:38:57.602,0.98904,0.98962,1.50,1.02
2011.01.30 23:38:58.023,0.98905,0.98953,1.50,1.50
2011.01.30 23:39:00.713,0.98905,0.98963,1.69,1.77
2011.01.30 23:39:02.208,0.98905,0.98963,1.69,1.77
2011.01.30 23:39:04.312,0.98905,0.98963,1.69,1.69
2011.01.30 23:39:05.626,0.98905,0.98963,1.69,1.77
2011.01.30 23:39:06.387,0.98905,0.98963,1.69,1.69
2011.01.30 23:39:07.062,0.98905,0.98963,1.69,1.77
2011.01.30 23:39:07.283,0.98905,0.98953,1.50,1.50
2011.01.30 23:39:09.153,0.98905,0.98953,1.50,1.69
2011.01.30 23:39:09.263,0.98898,0.98953,1.50,1.69
2011.01.30 23:39:09.535,0.98895,0.98953,1.69,1.69
2011.01.30 23:39:16.995,0.98895,0.98953,1.50,2.44
2011.01.30 23:39:17.103,0.98893,0.98953,2.25,2.44
2011.01.30 23:39:21.335,0.98894,0.98952,3.00,1.02
2011.01.30 23:39:27.375,0.98894,0.98953,3.00,1.69
2011.01.30 23:39:30.587,0.98894,0.98953,3.75,1.84
2011.01.30 23:39:31.212,0.98894,0.98956,3.00,1.02
2011.01.30 23:39:33.284,0.98894,0.98953,3.75,4.09
2011.01.30 23:39:38.284,0.98898,0.98964,1.50,1.58
2011.01.30 23:39:38.481,0.98898,0.98964,1.50,1.65
2011.01.30 23:39:39.677,0.98898,0.98964,1.50,1.58
2011.01.30 23:39:41.343,0.98898,0.98964,1.58,1.58
2011.01.30 23:39:41.857,0.98898,0.98964,1.50,1.80
2011.01.30 23:39:43.304,0.98898,0.98963,1.50,1.95
2011.01.30 23:39:46.693,0.98898,0.98963,1.50,1.50
2011.01.30 23:39:46.914,0.98898,0.98963,1.50,1.50
2011.01.30 23:39:47.133,0.98904,0.98982,1.50,4.17
2011.01.30 23:39:47.243,0.98905,0.98982,1.50,1.84
2011.01.30 23:39:47.353,0.98913,0.98982,1.50,1.84
2011.01.30 23:39:49.259,0.98913,0.98982,1.50,4.28
2011.01.30 23:39:51.251,0.98913,0.98982,1.50,1.99
2011.01.30 23:39:51.785,0.98913,0.98983,1.50,4.62
2011.01.30 23:39:52.688,0.98913,0.98983,1.50,4.64
2011.01.30 23:39:53.210,0.98913,0.98983,1.50,4.83
2011.01.30 23:39:53.874,0.98913,0.98983,1.50,4.35
2011.01.30 23:39:54.766,0.98913,0.98983,1.50,4.83
2011.01.30 23:39:55.107,0.98913,0.98983,1.50,4.35
2011.01.30 23:39:55.433,0.98913,0.98973,1.50,1.73
2011.01.30 23:39:57.053,0.98913,0.98983,1.50,4.64
2011.01.30 23:39:59.924,0.98915,0.98982,1.50,4.45
2011.01.30 23:40:00.153,0.98915,0.98982,2.25,4.45
2011.01.30 23:40:01.273,0.98919,0.98982,1.50,4.24
2011.01.30 23:40:03.235,0.98919,0.98982,1.88,1.69
2011.01.30 23:40:03.345,0.98919,0.98982,2.82,1.50
2011.01.30 23:40:03.674,0.98924,0.98979,1.69,1.50
2011.01.30 23:40:04.215,0.98923,0.98979,2.44,1.50
2011.01.30 23:40:06.724,0.98923,0.98978,2.44,1.58
2011.01.30 23:40:07.273,0.98923,0.98979,2.44,1.58
2011.01.30 23:40:08.789,0.98923,0.98979,2.44,1.50
2011.01.30 23:40:09.253,0.98924,0.98979,1.69,1.50
2011.01.30 23:40:09.798,0.98924,0.98974,1.69,1.50
2011.01.30 23:40:10.681,0.98925,0.98974,1.50,1.50
2011.01.30 23:40:11.183,0.98925,0.98974,1.50,1.69
2011.01.30 23:40:11.572,0.9891,0.98982,1.02,2.44
2011.01.30 23:40:14.354,0.98909,0.98982,1.50,1.84
2011.01.30 23:40:16.425,0.98909,0.98982,1.50,4.28
2011.01.30 23:40:17.258,0.98909,0.98982,1.65,1.84
2011.01.30 23:40:18.174,0.98909,0.98982,1.50,1.99
2011.01.30 23:40:18.330,0.98914,0.98983,2.25,4.24
2011.01.30 23:40:20.565,0.98919,0.98983,1.50,1.92
2011.01.30 23:40:23.845,0.98919,0.98983,1.50,1.80
2011.01.30 23:40:24.123,0.98919,0.98983,1.50,1.50
2011.01.30 23:40:24.233,0.98919,0.98983,1.58,1.50
2011.01.30 23:40:24.563,0.98923,0.98984,1.69,1.50
2011.01.30 23:40:25.011,0.98924,0.98984,1.69,1.50
2011.01.30 23:40:27.161,0.98928,0.98983,1.02,1.50
2011.01.30 23:40:28.297,0.98927,0.98992,1.09,2.25
2011.01.30 23:40:28.404,0.98927,0.98993,1.09,1.50
2011.01.30 23:40:29.314,0.98932,0.98992,1.02,1.50
2011.01.30 23:40:30.259,0.98932,0.98993,1.02,1.50
2011.01.30 23:40:31.474,0.98935,0.98992,1.02,1.50
2011.01.30 23:40:32.198,0.98935,0.98993,1.02,1.50
2011.01.30 23:40:33.149,0.98936,0.98992,1.77,1.50
2011.01.30 23:40:33.729,0.98941,0.98993,1.69,1.50
2011.01.30 23:40:34.376,0.98944,0.98993,1.50,1.50
2011.01.30 23:40:49.805,0.98944,0.99004,1.69,1.50
2011.01.30 23:40:52.082,0.98944,0.99004,1.69,1.50
2011.01.30 23:40:52.412,0.98955,0.99003,1.50,1.50
2011.01.30 23:40:53.024,0.98955,0.99013,1.50,2.44
2011.01.30 23:40:53.245,0.98955,0.99013,1.50,1.69
2011.01.30 23:41:02.373,0.98955,0.99013,1.50,4.09
2011.01.30 23:41:02.599,0.98955,0.99013,1.50,1.77
2011.01.30 23:41:03.196,0.98955,0.99003,1.50,1.50
2011.01.30 23:41:07.526,0.98955,0.99003,1.50,1.58
2011.01.30 23:41:08.414,0.98955,0.99003,1.50,1.69
2011.01.30 23:41:08.763,0.98954,0.98994,1.50,1.50
2011.01.30 23:41:10.174,0.98955,0.99003,1.50,1.50
2011.01.30 23:41:10.723,0.98955,0.99003,1.50,1.58
2011.01.30 23:41:12.445,0.98955,0.99003,1.50,1.50
2011.01.30 23:41:13.856,0.98955,0.99003,1.50,1.58
2011.01.30 23:41:14.475,0.98955,0.99003,1.50,1.50
2011.01.30 23:41:15.093,0.98955,0.99003,1.50,1.69
2011.01.30 23:41:15.423,0.98955,0.98993,1.50,1.50
2011.01.30 23:41:17.666,0.98955,0.99003,1.50,1.58
2011.01.30 23:41:19.163,0.98954,0.98994,1.50,1.50
2011.01.30 23:41:21.553,0.98955,0.99003,1.50,1.50
2011.01.30 23:41:22.667,0.98955,0.99003,1.50,1.58
2011.01.30 23:41:23.416,0.98955,0.99003,1.50,1.50
2011.01.30 23:41:23.993,0.98965,0.99003,1.50,1.50
2011.01.30 23:41:27.153,0.98955,0.99003,1.50,1.50
2011.01.30 23:41:30.193,0.98955,0.99003,1.69,1.50
2011.01.30 23:41:30.413,0.98965,0.99003,1.50,1.50
2011.01.30 23:41:32.335,0.98965,0.99007,1.50,1.50
2011.01.30 23:41:32.444,0.98965,0.99013,1.50,1.50
2011.01.30 23:41:33.100,0.98966,0.99013,1.50,1.50
2011.01.30 23:41:37.664,0.98975,0.99013,1.50,1.50
2011.01.30 23:41:47.245,0.98976,0.99021,1.50,1.58
2011.01.30 23:41:47.495,0.98974,0.99014,1.50,1.50
2011.01.30 23:41:47.715,0.98959,0.99013,1.50,1.77
2011.01.30 23:41:47.934,0.98959,0.99003,1.50,1.69
2011.01.30 23:41:48.943,0.98948,0.99012,1.50,1.02
2011.01.30 23:41:49.696,0.98948,0.99013,1.50,1.84
2011.01.30 23:41:54.404,0.98949,0.99014,1.50,4.09
2011.01.30 23:41:56.905,0.98949,0.99014,1.50,4.09
2011.01.30 23:41:59.244,0.98949,0.99013,1.50,1.92
2011.01.30 23:42:02.572,0.98949,0.99003,1.50,1.02
2011.01.30 23:42:02.904,0.98936,0.98993,1.50,1.69
2011.01.30 23:42:03.015,0.98934,0.98994,1.50,1.50
2011.01.30 23:42:03.667,0.98935,0.98993,1.50,1.50
2011.01.30 23:42:04.875,0.98935,0.98993,1.50,1.58
2011.01.30 23:42:09.353,0.98933,0.98994,1.50,1.77
2011.01.30 23:42:10.526,0.98933,0.98994,1.69,1.50
2011.01.30 23:42:10.636,0.98933,0.99004,1.69,1.02
2011.01.30 23:42:11.184,0.98933,0.99004,1.50,2.52
2011.01.30 23:42:11.841,0.98933,0.99004,1.50,2.52
2011.01.30 23:42:12.576,0.98933,0.99004,1.50,6.15
2011.01.30 23:42:13.882,0.98934,0.99003,1.50,1.02
2011.01.30 23:42:14.214,0.98919,0.98986,1.50,2.44
2011.01.30 23:42:15.825,0.98918,0.98986,1.50,1.69
2011.01.30 23:42:16.761,0.98919,0.98982,1.50,1.02
2011.01.30 23:42:17.312,0.98919,0.98986,1.69,1.84
2011.01.30 23:42:17.534,0.98918,0.98993,1.69,1.02
2011.01.30 23:42:17.645,0.98918,0.99,2.44,1.09
2011.01.30 23:42:19.817,0.98928,0.99,1.50,1.02
2011.01.30 23:42:24.425,0.98929,0.99004,1.50,1.65
2011.01.30 23:42:24.533,0.98929,0.99004,1.50,1.65
2011.01.30 23:42:24.865,0.98935,0.99003,1.50,1.65
2011.01.30 23:42:26.295,0.98935,0.99003,1.50,1.58
2011.01.30 23:42:27.285,0.98935,0.99003,1.65,1.65
2011.01.30 23:42:27.615,0.98923,0.98984,1.50,1.69
2011.01.30 23:42:34.455,0.98923,0.98984,1.50,4.09
2011.01.30 23:42:35.574,0.98923,0.98984,1.50,1.77
2011.01.30 23:42:38.955,0.98923,0.98997,1.50,1.02
2011.01.30 23:42:39.537,0.98923,0.99004,1.50,6.04
2011.01.30 23:42:40.043,0.98923,0.99004,1.50,6.04
2011.01.30 23:42:41.665,0.98923,0.98983,1.50,1.50
2011.01.30 23:42:45.801,0.98924,0.98983,1.50,1.84
2011.01.30 23:42:50.944,0.98924,0.98973,1.50,1.50
2011.01.30 23:42:54.645,0.98923,0.98983,1.69,1.50
2011.01.30 23:42:55.971,0.98923,0.98984,1.69,1.50
2011.01.30 23:42:56.692,0.98923,0.98983,1.69,1.50
2011.01.30 23:42:57.372,0.98923,0.98984,1.77,1.50
2011.01.30 23:42:57.911,0.98923,0.98983,1.77,1.50
2011.01.30 23:42:58.460,0.98923,0.98984,1.69,1.50
2011.01.30 23:42:59.973,0.98924,0.98983,2.44,1.50
2011.01.30 23:43:00.700,0.98924,0.98984,2.44,1.50
2011.01.30 23:43:01.421,0.98929,0.98983,1.50,1.50
2011.01.30 23:43:01.970,0.98931,0.98983,1.50,1.50
2011.01.30 23:43:02.410,0.98934,0.98983,1.50,1.50
2011.01.30 23:43:02.950,0.98936,0.98983,1.50,1.50
2011.01.30 23:43:03.391,0.98939,0.98983,1.50,1.50
2011.01.30 23:43:03.991,0.98942,0.98983,1.50,1.50
2011.01.30 23:43:04.619,0.98944,0.98984,1.50,1.50
2011.01.30 23:43:06.291,0.98943,0.98983,1.50,1.50
2011.01.30 23:43:13.514,0.98944,0.98984,1.50,1.50
2011.01.30 23:43:14.023,0.98944,0.98982,1.50,1.50
2011.01.30 23:43:15.273,0.98945,0.98983,1.50,1.50
2011.01.30 23:43:17.945,0.98944,0.98984,1.50,1.50
2011.01.30 23:43:18.494,0.98945,0.98983,1.50,1.50
2011.01.30 23:43:23.311,0.98945,0.98983,1.69,1.50
2011.01.30 23:43:23.645,0.98959,0.98999,1.50,1.69
2011.01.30 23:43:23.926,0.98945,0.98993,1.50,1.50
2011.01.30 23:43:27.674,0.98955,0.98993,1.50,1.50
2011.01.30 23:43:29.905,0.98953,0.98993,1.50,1.50
2011.01.30 23:43:30.504,0.9895,0.98988,1.50,1.50
2011.01.30 23:43:33.182,0.9895,0.98988,1.50,1.88
2011.01.30 23:43:33.618,0.98944,0.98984,1.50,1.88
2011.01.30 23:43:33.837,0.9895,0.98988,1.50,1.88
2011.01.30 23:43:34.056,0.98945,0.98983,1.50,1.88
2011.01.30 23:43:34.275,0.98949,0.98989,1.50,1.88
2011.01.30 23:43:34.494,0.98949,0.98989,1.50,1.50
2011.01.30 23:43:35.724,0.98945,0.98983,1.50,1.50
2011.01.30 23:43:36.874,0.98944,0.98982,1.50,1.50
2011.01.30 23:43:39.196,0.98944,0.98984,1.50,1.50
2011.01.30 23:43:41.515,0.98951,0.98987,1.50,1.50
2011.01.30 23:43:42.614,0.9895,0.98987,1.50,1.50
2011.01.30 23:43:42.954,0.98945,0.98983,1.50,1.50
2011.01.30 23:43:47.436,0.98943,0.98983,1.50,1.50
2011.01.30 23:43:48.044,0.98944,0.98984,1.50,1.50
2011.01.30 23:43:53.604,0.98943,0.98983,1.50,1.50
2011.01.30 23:43:54.124,0.98942,0.98982,1.50,1.50
2011.01.30 23:43:55.614,0.98935,0.98973,1.50,1.50
2011.01.30 23:44:01.965,0.98915,0.98973,2.44,1.50
2011.01.30 23:44:02.074,0.98915,0.98973,1.69,1.69
2011.01.30 23:44:03.999,0.98914,0.98964,2.25,1.50
2011.01.30 23:44:09.185,0.98913,0.98953,1.58,1.50
2011.01.30 23:44:09.624,0.98913,0.98963,1.50,1.69
2011.01.30 23:44:10.158,0.98913,0.98963,1.50,1.69
2011.01.30 23:44:15.125,0.98913,0.98963,1.50,2.44
2011.01.30 23:44:15.646,0.98913,0.98954,1.50,1.50
2011.01.30 23:44:18.145,0.98913,0.98963,1.50,1.69
2011.01.30 23:44:20.953,0.98913,0.98963,1.50,2.44
2011.01.30 23:44:21.175,0.98898,0.98943,1.69,1.50
2011.01.30 23:44:21.395,0.98899,0.98964,1.32,1.50
2011.01.30 23:44:21.651,0.98904,0.98982,2.44,2.44
2011.01.30 23:44:21.985,0.98905,0.98973,2.44,1.50
2011.01.30 23:44:23.591,0.98905,0.98973,2.44,1.65
2011.01.30 23:44:23.924,0.98904,0.98964,1.69,1.69
2011.01.30 23:44:24.253,0.98904,0.98964,1.77,1.69
2011.01.30 23:44:24.584,0.98905,0.98953,1.58,1.50
2011.01.30 23:44:24.848,0.98905,0.98953,1.50,1.50
2011.01.30 23:44:25.405,0.98905,0.98953,1.69,1.50
2011.01.30 23:44:25.735,0.98905,0.98963,1.69,1.69
2011.01.30 23:44:28.208,0.98905,0.98963,1.77,1.69
2011.01.30 23:44:28.554,0.98915,0.98963,1.50,1.50
2011.01.30 23:44:28.815,0.98895,0.98963,2.44,2.44
2011.01.30 23:44:29.156,0.98895,0.98963,1.77,2.44
2011.01.30 23:44:29.658,0.98895,0.98953,1.77,1.69
2011.01.30 23:44:30.269,0.98895,0.98953,1.69,1.69
2011.01.30 23:44:31.130,0.98895,0.98953,1.50,2.44
2011.01.30 23:44:31.464,0.98894,0.98932,2.44,1.50
2011.01.30 23:44:31.574,0.98895,0.98953,1.69,2.44
2011.01.30 23:44:31.684,0.98895,0.98953,1.69,1.69
2011.01.30 23:44:31.904,0.98895,0.98953,1.69,1.50
2011.01.30 23:44:32.303,0.98904,0.98954,1.50,1.50
2011.01.30 23:44:33.664,0.98904,0.98954,1.69,1.50
2011.01.30 23:44:33.883,0.98905,0.98963,1.69,1.69
2011.01.30 23:44:35.306,0.98905,0.98963,1.77,1.69
2011.01.30 23:44:36.214,0.98905,0.98963,1.77,1.69
2011.01.30 23:44:39.204,0.98905,0.98963,1.58,2.44
2011.01.30 23:44:39.535,0.98905,0.98963,1.69,1.69
2011.01.30 23:44:40.648,0.98905,0.98963,1.77,1.69
2011.01.30 23:44:41.485,0.98905,0.98953,1.50,1.50
2011.01.30 23:44:41.813,0.98915,0.98953,1.50,1.50
2011.01.30 23:44:42.374,0.98914,0.98964,1.50,1.50
2011.01.30 23:44:44.935,0.98914,0.98964,1.69,1.50
2011.01.30 23:44:45.199,0.98925,0.98963,1.50,1.50
2011.01.30 23:44:45.425,0.98924,0.98974,2.25,2.25
2011.01.30 23:44:45.535,0.98934,0.98974,1.50,2.40
2011.01.30 23:44:45.755,0.98924,0.98974,2.25,2.25
2011.01.30 23:44:45.865,0.98924,0.98974,3.00,1.50
2011.01.30 23:45:11.819,0.98924,0.98974,1.50,1.58
2011.01.30 23:45:13.755,0.98924,0.98974,1.50,1.50
2011.01.30 23:45:14.672,0.98925,0.98973,1.50,1.50
2011.01.30 23:45:21.194,0.98925,0.98973,1.69,1.50
2011.01.30 23:45:21.304,0.98935,0.98973,1.50,1.50
2011.01.30 23:45:30.548,0.98945,0.98983,1.50,1.50
2011.01.30 23:45:31.656,0.98945,0.98993,1.50,1.65
2011.01.30 23:45:32.205,0.98945,0.98993,1.50,1.58
2011.01.30 23:45:32.885,0.98945,0.98993,1.50,1.84
2011.01.30 23:45:33.214,0.98945,0.98983,1.50,1.50
2011.01.30 23:45:43.184,0.98945,0.98993,1.50,1.65
2011.01.30 23:45:44.280,0.98945,0.98993,1.50,1.65
2011.01.30 23:45:45.140,0.98945,0.98993,1.50,1.65
2011.01.30 23:45:53.043,0.98945,0.98993,1.50,1.58
2011.01.30 23:45:57.222,0.98945,0.98993,1.50,1.65
2011.01.30 23:45:58.957,0.98945,0.98993,1.50,1.58
2011.01.30 23:45:59.761,0.98944,0.98994,1.50,1.58
2011.01.30 23:46:01.520,0.98944,0.98994,1.50,1.50
2011.01.30 23:46:08.225,0.98944,0.98994,1.50,1.69
2011.01.30 23:46:08.443,0.98944,0.98984,1.50,1.50
2011.01.30 23:46:14.025,0.98945,0.98993,1.50,1.50
2011.01.30 23:46:18.328,0.98955,0.98993,1.50,1.50
2011.01.30 23:46:18.884,0.98945,0.98993,1.50,1.50
2011.01.30 23:46:21.206,0.98944,0.99004,1.50,1.50
2011.01.30 23:46:22.246,0.98944,0.99004,1.50,1.65
2011.01.30 23:46:23.155,0.98944,0.99004,1.50,1.50
2011.01.30 23:46:24.371,0.98944,0.99004,1.50,1.65
2011.01.30 23:46:24.485,0.98949,0.99004,1.50,1.65
2011.01.30 23:46:29.955,0.98949,0.98994,1.50,1.50
2011.01.30 23:46:36.414,0.98949,0.99004,1.50,1.58
2011.01.30 23:46:39.888,0.98949,0.99004,1.50,1.58
2011.01.30 23:46:40.942,0.9895,0.98993,1.50,1.50
2011.01.30 23:46:41.614,0.9895,0.99003,1.50,1.58
2011.01.30 23:46:43.179,0.9895,0.99003,1.50,1.58
2011.01.30 23:46:48.175,0.9895,0.98993,1.50,1.50
2011.01.30 23:46:48.766,0.98949,0.99004,1.50,1.77
2011.01.30 23:46:48.985,0.98949,0.99004,1.69,1.65
2011.01.30 23:46:49.314,0.98954,0.99004,1.50,1.77
2011.01.30 23:46:49.424,0.98949,0.99004,1.50,1.77
2011.01.30 23:46:52.817,0.98949,0.99004,1.50,1.77
2011.01.30 23:46:53.035,0.9895,0.98993,1.50,1.50
2011.01.30 23:46:53.924,0.9895,0.99003,1.50,1.84
2011.01.30 23:46:54.035,0.9895,0.99003,1.50,1.77
2011.01.30 23:47:00.935,0.98955,0.99003,1.50,1.58
2011.01.30 23:47:02.814,0.98954,0.99007,1.69,1.50
2011.01.30 23:47:02.925,0.98954,0.99014,1.69,1.77
2011.01.30 23:47:04.756,0.98954,0.99014,1.50,1.77
2011.01.30 23:47:05.084,0.98954,0.99004,1.50,1.50
2011.01.30 23:47:06.966,0.98955,0.98993,1.50,1.50
2011.01.30 23:47:07.184,0.98954,0.99006,1.50,1.50
2011.01.30 23:47:07.404,0.98955,0.99003,1.50,1.50
2011.01.30 23:47:10.986,0.98965,0.99003,1.50,1.50
2011.01.30 23:47:11.414,0.98956,0.99003,1.50,1.50
2011.01.30 23:47:13.205,0.98964,0.99004,1.50,1.50
2011.01.30 23:47:13.489,0.98956,0.99003,1.50,1.50
2011.01.30 23:47:13.607,0.98964,0.99004,1.50,1.50
2011.01.30 23:47:18.805,0.98959,0.98999,1.50,1.50
2011.01.30 23:47:19.120,0.98964,0.99004,1.50,2.25
2011.01.30 23:47:19.347,0.98964,0.99004,1.50,1.50
2011.01.30 23:47:32.316,0.98965,0.99013,1.50,1.50
2011.01.30 23:47:34.765,0.98965,0.99003,1.50,1.50
2011.01.30 23:47:35.205,0.98965,0.99013,1.69,1.50
2011.01.30 23:47:35.425,0.98964,0.99024,1.69,1.77
2011.01.30 23:47:37.262,0.98964,0.99024,1.69,1.84
2011.01.30 23:47:37.796,0.98964,0.99023,1.50,1.09
2011.01.30 23:47:38.124,0.98965,0.99013,1.50,1.50
2011.01.30 23:47:38.826,0.98965,0.99023,1.69,1.84
2011.01.30 23:47:58.755,0.98965,0.99022,1.50,1.02
2011.01.30 23:47:58.865,0.98941,0.99022,1.02,1.02
2011.01.30 23:47:59.305,0.98938,0.99016,1.69,1.69
2011.01.30 23:48:00.371,0.98939,0.99003,1.50,1.69
2011.01.30 23:48:03.316,0.98943,0.99003,1.50,2.44
2011.01.30 23:48:03.864,0.98944,0.98994,1.50,1.50
2011.01.30 23:48:04.109,0.98943,0.99003,1.50,2.44
2011.01.30 23:48:09.185,0.98944,0.99002,1.69,1.50
2011.01.30 23:48:09.516,0.98955,0.99003,1.50,1.69
2011.01.30 23:48:09.624,0.98953,0.99004,1.50,1.69
2011.01.30 23:48:11.721,0.98953,0.99004,1.50,1.69
2011.01.30 23:48:12.059,0.98954,0.99013,2.44,1.02
2011.01.30 23:48:12.386,0.98958,0.99014,1.50,1.77
2011.01.30 23:48:26.454,0.98958,0.99014,1.50,1.69
2011.01.30 23:48:27.416,0.98958,0.99014,1.50,1.69
2011.01.30 23:48:34.196,0.98954,0.99013,1.50,1.02
2011.01.30 23:48:34.312,0.98949,0.99003,1.50,1.50
2011.01.30 23:48:34.895,0.98948,0.99004,1.50,1.50
2011.01.30 23:48:35.855,0.98954,0.99004,1.50,1.50
2011.01.30 23:48:37.525,0.98955,0.99023,2.25,2.25
2011.01.30 23:48:37.635,0.98958,0.99023,1.50,1.50
2011.01.30 23:48:38.736,0.98958,0.99023,1.50,1.58
2011.01.30 23:48:39.174,0.98964,0.99024,1.50,1.58
2011.01.30 23:48:40.237,0.98964,0.99024,1.50,1.50
2011.01.30 23:48:41.620,0.98964,0.99024,1.50,2.25
2011.01.30 23:48:41.855,0.98964,0.99024,1.69,1.69
2011.01.30 23:48:42.074,0.98938,0.98995,2.63,1.69
2011.01.30 23:48:42.187,0.98935,0.98995,1.69,1.69
2011.01.30 23:48:42.404,0.98935,0.98995,1.77,1.69
2011.01.30 23:48:42.736,0.98933,0.98994,1.69,1.50
2011.01.30 23:48:43.316,0.98936,0.98994,1.50,1.50
2011.01.30 23:48:45.196,0.98936,0.98994,1.58,1.50
2011.01.30 23:48:45.635,0.98936,0.98994,1.58,2.44
2011.01.30 23:48:45.965,0.98936,0.98983,1.58,1.50
2011.01.30 23:48:48.169,0.98936,0.98983,1.50,1.50
2011.01.30 23:48:49.505,0.98946,0.98994,1.50,1.50
2011.01.30 23:48:50.871,0.98945,0.98995,1.50,1.50
2011.01.30 23:48:55.451,0.98946,0.98994,1.50,1.50
2011.01.30 23:48:55.871,0.98943,0.98995,1.50,1.50
2011.01.30 23:49:00.661,0.98935,0.98995,2.52,1.50
2011.01.30 23:49:00.785,0.98935,0.99005,2.52,2.44
2011.01.30 23:49:01.415,0.98938,0.99005,2.67,2.44
2011.01.30 23:49:01.655,0.98935,0.99005,2.52,2.44
2011.01.30 23:49:01.769,0.98938,0.99005,2.44,1.50
2011.01.30 23:49:01.885,0.98946,0.99004,1.50,1.50
2011.01.30 23:49:03.696,0.98948,0.99004,1.69,1.50
2011.01.30 23:49:04.106,0.98966,0.99004,1.50,1.50
2011.01.30 23:49:07.434,0.98965,0.99025,1.69,2.44
2011.01.30 23:49:07.545,0.98965,0.99025,1.69,1.69
2011.01.30 23:49:08.915,0.98965,0.99025,2.44,1.50
2011.01.30 23:49:09.255,0.98976,0.99024,1.50,1.50
2011.01.30 23:49:11.248,0.98985,0.99025,1.50,1.50
2011.01.30 23:49:11.695,0.98975,0.99025,1.50,1.50
2011.01.30 23:49:21.334,0.98975,0.99025,1.50,1.69
2011.01.30 23:49:21.665,0.98976,0.99014,1.50,1.50
2011.01.30 23:49:24.835,0.98986,0.99024,1.50,1.50
2011.01.30 23:49:25.225,0.98976,0.99024,1.50,1.77
2011.01.30 23:49:25.445,0.98976,0.99014,1.50,1.50
2011.01.30 23:49:28.015,0.98965,0.99005,1.50,1.50
2011.01.30 23:49:28.454,0.98955,0.99005,1.50,1.50
2011.01.30 23:49:28.675,0.98955,0.99005,1.69,1.50
2011.01.30 23:49:28.786,0.98956,0.99014,1.69,1.69
2011.01.30 23:49:30.954,0.98956,0.99014,1.50,1.50
2011.01.30 23:49:38.595,0.98956,0.99014,2.44,1.50
2011.01.30 23:49:38.925,0.98965,0.99024,1.50,1.58
2011.01.30 23:49:39.249,0.98966,0.99014,1.50,1.50
2011.01.30 23:49:41.598,0.98966,0.99004,1.50,1.50
2011.01.30 23:49:43.935,0.98965,0.99014,1.50,1.50
2011.01.30 23:49:50.697,0.98965,0.99017,1.50,1.50
2011.01.30 23:49:50.914,0.98965,0.99024,1.50,2.44
2011.01.30 23:49:53.545,0.98965,0.99014,1.50,1.50
2011.01.30 23:49:55.855,0.98965,0.99014,1.50,1.69
2011.01.30 23:49:56.075,0.98956,0.99013,1.77,1.69
2011.01.30 23:49:56.186,0.98956,0.99013,1.69,1.50
2011.01.30 23:49:56.525,0.98965,0.99014,1.50,1.50
2011.01.30 23:50:02.497,0.98965,0.99014,2.44,1.50
2011.01.30 23:50:02.845,0.98986,0.99024,1.50,1.50
2011.01.30 23:50:03.597,0.98986,0.99024,1.50,1.58
2011.01.30 23:50:03.704,0.98979,0.99019,1.50,1.50
2011.01.30 23:50:06.499,0.9897,0.99008,1.50,1.50
2011.01.30 23:50:07.056,0.98975,0.99013,1.50,1.50
2011.01.30 23:50:08.925,0.98975,0.99023,1.50,1.50
2011.01.30 23:50:35.308,0.98974,0.99024,1.50,1.50
2011.01.30 23:51:09.083,0.98974,0.99024,1.50,1.69
2011.01.30 23:51:09.402,0.98975,0.99013,1.50,1.50
2011.01.30 23:51:11.945,0.98969,0.99009,1.50,1.50
2011.01.30 23:51:17.945,0.98969,0.99009,2.44,1.50
2011.01.30 23:51:18.165,0.9899,0.99028,1.50,1.50
2011.01.30 23:51:18.278,0.9899,0.99028,1.50,2.44
2011.01.30 23:51:18.385,0.98965,0.99024,2.25,2.44
2011.01.30 23:51:18.497,0.98965,0.99024,1.50,2.44
2011.01.30 23:51:18.606,0.98949,0.99023,1.02,2.44
2011.01.30 23:51:18.975,0.98946,0.99023,1.84,1.69
2011.01.30 23:51:20.243,0.98946,0.99023,1.77,1.69
2011.01.30 23:51:20.465,0.98946,0.99023,4.09,1.69
2011.01.30 23:51:20.711,0.98945,0.99014,1.77,1.50
2011.01.30 23:51:21.074,0.98945,0.99014,1.77,1.69
2011.01.30 23:51:21.696,0.98945,0.99014,1.84,1.69
2011.01.30 23:51:22.226,0.98945,0.99014,1.99,1.69
2011.01.30 23:51:23.165,0.98952,0.99014,1.09,1.50
2011.01.30 23:51:23.495,0.98975,0.99013,1.50,1.50
2011.01.30 23:51:25.605,0.98974,0.99024,1.50,1.50
2011.01.30 23:51:25.826,0.98975,0.99027,1.50,1.50
2011.01.30 23:51:25.936,0.98975,0.99026,1.50,1.69
2011.01.30 23:51:26.045,0.98958,0.99026,1.50,1.69
2011.01.30 23:51:26.342,0.98948,0.99024,1.09,2.44
2011.01.30 23:51:28.214,0.98948,0.99024,2.37,2.44
2011.01.30 23:51:29.299,0.98948,0.99022,1.09,1.02
2011.01.30 23:51:36.045,0.98949,0.99018,1.02,1.02
2011.01.30 23:51:36.387,0.98948,0.99024,1.58,4.09
2011.01.30 23:51:37.486,0.98949,0.99027,2.22,1.50
2011.01.30 23:51:37.815,0.98949,0.99033,2.22,1.84
2011.01.30 23:51:51.079,0.98949,0.99033,2.22,4.09
2011.01.30 23:51:56.256,0.98953,0.99034,1.65,2.22
2011.01.30 23:51:56.364,0.98953,0.99024,1.65,1.50
2011.01.30 23:51:56.695,0.98953,0.99034,1.50,4.28
2011.01.30 23:51:57.390,0.98959,0.99034,1.58,4.28
2011.01.30 23:51:57.615,0.98969,0.99034,1.50,1.77
2011.01.30 23:52:00.246,0.98968,0.99033,1.50,1.84
2011.01.30 23:52:01.035,0.98968,0.99034,1.69,1.77
2011.01.30 23:52:02.226,0.98968,0.99034,1.69,1.84
2011.01.30 23:52:03.245,0.98968,0.99034,1.69,4.24
2011.01.30 23:52:03.902,0.98968,0.99034,1.69,1.84
2011.01.30 23:52:04.476,0.98969,0.99034,1.50,1.69
2011.01.30 23:52:04.648,0.98976,0.99033,1.50,1.50
2011.01.30 23:52:06.315,0.98976,0.99033,1.50,1.65
2011.01.30 23:52:06.887,0.98976,0.99033,1.50,1.77
2011.01.30 23:52:06.996,0.98959,0.99033,1.69,1.77
2011.01.30 23:52:07.217,0.98958,0.99033,1.77,1.77
2011.01.30 23:52:13.485,0.98963,0.99033,1.50,1.84
2011.01.30 23:52:20.735,0.98963,0.99024,1.58,1.50
2011.01.30 23:52:21.361,0.98963,0.99024,1.58,1.50
2011.01.30 23:52:23.286,0.98963,0.99024,1.50,1.65
2011.01.30 23:52:23.989,0.98963,0.99024,1.50,1.84
2011.01.30 23:52:25.264,0.98963,0.99024,1.50,4.09
2011.01.30 23:52:25.375,0.98955,0.99024,1.69,4.09
2011.01.30 23:52:25.485,0.98955,0.99024,1.69,1.77
2011.01.30 23:52:27.498,0.98965,0.99024,1.50,1.77
2011.01.30 23:52:27.934,0.98958,0.99023,1.50,1.77
2011.01.30 23:52:28.944,0.98958,0.99023,1.50,1.77
2011.01.30 23:52:36.698,0.98958,0.99023,1.50,1.84
2011.01.30 23:52:36.818,0.98958,0.99023,1.50,1.77
2011.01.30 23:52:43.436,0.98958,0.99023,1.50,4.09
2011.01.30 23:52:44.234,0.98958,0.99023,1.50,1.84
2011.01.30 23:52:44.675,0.98958,0.99023,1.50,4.09
2011.01.30 23:52:45.789,0.98958,0.99023,1.50,4.09
2011.01.30 23:52:47.302,0.98958,0.99023,1.50,1.77
2011.01.30 23:52:49.383,0.98958,0.99023,1.50,4.09
2011.01.30 23:52:49.611,0.98958,0.99024,1.50,1.77
2011.01.30 23:52:50.595,0.98958,0.99024,1.50,4.09
2011.01.30 23:52:50.915,0.98958,0.99024,1.58,1.77
2011.01.30 23:52:51.419,0.98966,0.99023,1.50,1.84
2011.01.30 23:52:53.216,0.9897,0.99023,1.69,1.50
2011.01.30 23:52:53.544,0.9899,0.99028,1.50,1.50
2011.01.30 23:52:53.877,0.98979,0.99019,1.50,1.50
2011.01.30 23:53:05.758,0.98984,0.99024,1.50,1.50
2011.01.30 23:53:12.316,0.98974,0.99024,1.50,1.50
2011.01.30 23:53:12.645,0.98985,0.99023,1.50,1.58
2011.01.30 23:53:12.866,0.98974,0.99024,1.50,1.69
2011.01.30 23:53:15.574,0.98974,0.99024,1.50,1.50
2011.01.30 23:53:19.062,0.98974,0.99024,1.50,1.58
2011.01.30 23:53:20.639,0.98974,0.99024,1.50,1.50
2011.01.30 23:53:22.146,0.98974,0.99024,1.69,1.50
2011.01.30 23:53:22.366,0.98974,0.99034,1.69,1.77
2011.01.30 23:53:23.185,0.98974,0.99034,2.44,1.58
2011.01.30 23:53:23.579,0.98984,0.99034,1.50,1.58
2011.01.30 23:53:26.621,0.98984,0.99034,1.50,1.77
2011.01.30 23:53:26.845,0.98974,0.99034,1.69,1.77
2011.01.30 23:53:30.471,0.98974,0.99034,1.69,1.58
2011.01.30 23:53:36.302,0.98974,0.99033,1.50,1.02
2011.01.30 23:53:36.768,0.98975,0.99023,1.50,1.50
2011.01.30 23:53:39.345,0.98964,0.99024,2.44,1.50
2011.01.30 23:53:39.461,0.98974,0.99014,1.50,1.50
2011.01.30 23:53:42.675,0.98974,0.99014,1.50,1.69
2011.01.30 23:53:42.786,0.98964,0.99004,1.50,1.50
2011.01.30 23:53:43.135,0.98964,0.99014,1.50,1.50
2011.01.30 23:53:46.321,0.98964,0.99014,1.50,1.69
2011.01.30 23:53:46.436,0.98955,0.99013,1.77,1.69
2011.01.30 23:53:46.545,0.98955,0.99013,1.69,1.69
2011.01.30 23:53:46.916,0.98965,0.99003,1.50,1.50
2011.01.30 23:53:50.525,0.98954,0.99004,1.50,1.50
2011.01.30 23:53:50.966,0.98964,0.99004,1.50,1.50
2011.01.30 23:54:02.176,0.98954,0.99004,1.58,1.50
2011.01.30 23:54:02.396,0.98954,0.99004,1.50,1.69
2011.01.30 23:54:02.616,0.98954,0.98994,1.50,1.50
2011.01.30 23:54:06.536,0.98945,0.98993,1.58,1.50
2011.01.30 23:54:06.645,0.98945,0.98993,1.50,1.50
2011.01.30 23:54:07.554,0.98945,0.98993,1.50,1.69
2011.01.30 23:54:07.926,0.98945,0.98983,1.50,1.50
2011.01.30 23:54:08.145,0.98944,0.98994,1.50,1.50
2011.01.30 23:54:36.451,0.98945,0.98993,1.50,1.50
2011.01.30 23:54:54.225,0.98945,0.98988,1.50,1.50
2011.01.30 23:54:54.995,0.98945,0.98993,1.50,1.50
2011.01.30 23:55:03.525,0.98944,0.98994,1.50,1.50
2011.01.30 23:55:05.958,0.98944,0.98994,2.44,1.50
2011.01.30 23:55:06.116,0.98964,0.98997,1.69,1.50
2011.01.30 23:55:06.232,0.98964,0.99022,1.50,1.69
2011.01.30 23:55:06.456,0.98946,0.99014,2.44,1.50
2011.01.30 23:55:07.075,0.98946,0.99014,1.50,1.69
2011.01.30 23:55:07.295,0.98946,0.99004,1.50,1.50
2011.01.30 23:55:07.625,0.98945,0.99013,1.50,1.69
2011.01.30 23:55:09.625,0.98945,0.99013,1.50,1.50
2011.01.30 23:55:10.413,0.98946,0.99014,1.50,1.50
2011.01.30 23:55:19.286,0.98954,0.99014,1.50,1.50
2011.01.30 23:55:20.696,0.98955,0.99023,1.50,1.84
2011.01.30 23:55:20.806,0.98946,0.99024,1.69,1.84
2011.01.30 23:55:23.889,0.98946,0.99024,1.50,1.77
2011.01.30 23:55:24.118,0.98947,0.99013,1.50,1.50
2011.01.30 23:55:24.226,0.98945,0.99013,1.50,1.50
2011.01.30 23:55:26.311,0.98945,0.99013,2.44,1.50
2011.01.30 23:55:28.436,0.98985,0.99023,1.50,1.50
2011.01.30 23:55:30.156,0.98964,0.99024,2.44,1.69
2011.01.30 23:55:31.205,0.98964,0.99024,1.69,1.84
2011.01.30 23:55:45.695,0.98974,0.99024,1.50,1.65
2011.01.30 23:55:48.287,0.98974,0.99024,1.50,1.58
2011.01.30 23:55:48.697,0.98974,0.99024,1.50,1.84
2011.01.30 23:55:49.041,0.98975,0.99013,1.50,1.50
2011.01.30 23:55:51.666,0.98965,0.99013,1.50,1.50
2011.01.30 23:55:54.446,0.98965,0.99013,1.50,2.44
2011.01.30 23:55:54.666,0.98946,0.99014,1.69,2.44
2011.01.30 23:55:55.215,0.98946,0.99014,1.50,1.69
2011.01.30 23:56:01.069,0.98946,0.99014,2.44,1.50
2011.01.30 23:56:01.396,0.98955,0.99013,1.50,1.50
2011.01.30 23:56:06.570,0.98955,0.99013,2.44,1.58
2011.01.30 23:56:06.905,0.98965,0.99013,1.50,1.50
2011.01.30 23:56:10.176,0.98964,0.99004,1.50,1.50
2011.01.30 23:56:10.508,0.9896,0.98998,1.69,1.50
2011.01.30 23:56:10.739,0.98964,0.99014,1.50,1.50
2011.01.30 23:56:40.918,0.98964,0.99014,1.50,2.44
2011.01.30 23:56:41.177,0.98944,0.98994,1.50,1.50
2011.01.30 23:57:09.746,0.98945,0.98993,1.50,1.50
2011.01.30 23:57:13.405,0.98955,0.98993,1.50,1.50
2011.01.30 23:57:13.625,0.98944,0.98994,1.50,1.50
2011.01.30 23:57:23.998,0.98936,0.98994,1.50,1.50
2011.01.30 23:57:24.546,0.98935,0.98993,1.50,1.50
2011.01.30 23:57:31.246,0.98935,0.98993,1.58,1.50
2011.01.30 23:57:31.466,0.98935,0.98993,1.50,1.50
2011.01.30 23:57:32.716,0.98935,0.98993,1.58,1.50
2011.01.30 23:57:33.047,0.98944,0.98994,1.50,1.50
2011.01.30 23:57:34.588,0.98944,0.98994,1.50,1.69
2011.01.30 23:57:34.995,0.98944,0.98984,1.50,1.50
2011.01.30 23:57:38.188,0.98944,0.98994,1.50,1.69
2011.01.30 23:57:38.405,0.98944,0.98984,1.50,1.50
2011.01.30 23:57:42.948,0.98945,0.98993,1.50,1.50
2011.01.30 23:57:43.497,0.98945,0.98993,1.50,1.69
2011.01.30 23:57:43.605,0.98944,0.98984,1.50,1.50
2011.01.30 23:57:46.728,0.98945,0.98993,1.50,1.50
2011.01.30 23:57:46.946,0.98945,0.98993,1.50,1.69
2011.01.30 23:57:47.275,0.98944,0.98984,1.50,1.50
2011.01.30 23:57:57.079,0.98945,0.98993,1.50,1.50
2011.01.30 23:57:57.378,0.98945,0.98983,1.50,1.50
2011.01.30 23:58:01.407,0.98944,0.98984,1.50,1.50
2011.01.30 23:58:02.037,0.98935,0.98983,1.50,1.50
2011.01.30 23:58:02.720,0.98935,0.98983,1.69,1.50
2011.01.30 23:58:02.948,0.98945,0.98983,1.50,1.50
2011.01.30 23:58:13.036,0.98944,0.98994,1.50,2.25
2011.01.30 23:58:13.257,0.98945,0.98983,1.50,1.50
2011.01.30 23:58:19.956,0.98944,0.98994,1.50,1.50
2011.01.30 23:58:31.377,0.98945,0.98993,1.50,1.50
2011.01.30 23:58:43.957,0.98945,0.98983,1.50,1.50
2011.01.30 23:58:46.366,0.98944,0.98994,1.50,1.50
2011.01.30 23:58:47.207,0.98944,0.98994,1.50,2.44
2011.01.30 23:58:47.428,0.98937,0.98988,1.50,1.69
2011.01.30 23:58:47.749,0.98935,0.98983,1.50,1.69
2011.01.30 23:58:47.858,0.98935,0.98973,1.50,1.50
2011.01.30 23:58:51.516,0.98929,0.98969,2.25,1.50
2011.01.30 23:58:51.625,0.98935,0.98973,1.50,1.50
2011.01.30 23:58:52.027,0.98929,0.98969,2.25,1.50
2011.01.30 23:58:55.406,0.98934,0.98974,1.50,1.50
2011.01.30 23:58:55.735,0.98929,0.98969,3.00,1.50
2011.01.30 23:58:56.196,0.98934,0.98974,1.50,1.50
2011.01.30 23:58:56.906,0.98929,0.98969,3.00,1.50
2011.01.30 23:58:57.366,0.98934,0.98974,1.50,1.50
2011.01.30 23:59:00.340,0.98934,0.98974,1.69,1.50
2011.01.30 23:59:00.676,0.98945,0.98983,1.50,1.50
2011.01.30 23:59:10.705,0.9894,0.98978,1.50,1.50
2011.01.30 23:59:12.555,0.9894,0.98978,1.50,2.25
2011.01.30 23:59:12.888,0.9893,0.98968,1.50,1.50
2011.01.30 23:59:13.174,0.98924,0.98964,1.50,1.50
2011.01.30 23:59:13.289,0.98925,0.98971,1.69,1.50
2011.01.30 23:59:13.508,0.98925,0.98963,1.50,1.50
2011.01.30 23:59:14.836,0.98915,0.98963,2.44,1.50
2011.01.30 23:59:15.166,0.98915,0.98953,1.50,1.50
2011.01.30 23:59:17.946,0.98915,0.98953,1.69,1.50
2011.01.30 23:59:18.056,0.98914,0.98964,1.69,1.50
2011.01.30 23:59:18.395,0.98915,0.98972,1.69,2.25
2011.01.30 23:59:18.726,0.98915,0.98972,1.69,1.50
2011.01.30 23:59:19.196,0.98915,0.98963,1.69,1.50
2011.01.30 23:59:19.526,0.98924,0.98964,1.50,1.50
2011.01.30 23:59:20.427,0.98924,0.98964,1.69,1.50
2011.01.30 23:59:20.647,0.98925,0.98972,1.69,1.65
2011.01.30 23:59:20.805,0.98925,0.98972,1.50,1.65
2011.01.30 23:59:20.918,0.98925,0.98963,1.50,1.50
2011.01.30 23:59:24.546,0.98925,0.98963,1.69,1.50
2011.01.30 23:59:24.656,0.98925,0.98972,1.50,1.50
2011.01.30 23:59:24.876,0.98925,0.98963,1.50,1.50
2011.01.30 23:59:25.336,0.98925,0.98971,1.69,1.50
2011.01.30 23:59:25.658,0.98925,0.98963,1.69,1.50
2011.01.30 23:59:25.767,0.98925,0.98971,1.69,1.50
2011.01.30 23:59:26.205,0.98925,0.98963,1.50,1.50
2011.01.30 23:59:26.920,0.98925,0.98972,1.69,1.50
2011.01.30 23:59:27.027,0.98925,0.98971,1.69,1.50
2011.01.30 23:59:27.357,0.98924,0.98964,1.50,1.50
2011.01.30 23:59:27.748,0.98915,0.98963,1.69,1.50
2011.01.30 23:59:28.185,0.98914,0.98954,1.50,1.50
2011.01.30 23:59:32.656,0.98908,0.98953,1.50,1.50
2011.01.30 23:59:32.765,0.98905,0.98953,1.69,1.50
2011.01.30 23:59:32.986,0.98905,0.98953,2.44,1.50
2011.01.30 23:59:33.096,0.98905,0.98972,2.44,1.77
2011.01.30 23:59:33.797,0.98905,0.98972,2.44,1.58
2011.01.30 23:59:35.496,0.98914,0.98964,1.69,1.50
2011.01.30 23:59:41.636,0.98914,0.98964,2.44,1.50
2011.01.30 23:59:41.966,0.98925,0.98963,1.50,1.50
2011.01.30 23:59:42.736,0.98909,0.98963,2.44,1.50
2011.01.30 23:59:43.175,0.98908,0.98972,3.19,1.77
2011.01.30 23:59:43.905,0.98908,0.98972,2.44,1.58
2011.01.30 23:59:45.331,0.98908,0.98972,2.44,1.58
2011.01.30 23:59:46.445,0.98908,0.98972,2.52,1.58
2011.01.30 23:59:47.006,0.98914,0.98973,1.50,1.50
2011.01.30 23:59:47.115,0.98914,0.98964,1.50,1.50
2011.01.30 23:59:49.385,0.98914,0.98964,2.44,1.50
2011.01.30 23:59:49.719,0.98914,0.98974,1.69,1.69
2011.01.30 23:59:49.990,0.98915,0.98963,1.69,1.50
2011.01.30 23:59:51.587,0.98915,0.98963,1.69,1.50
2011.01.30 23:59:51.695,0.98914,0.98974,2.44,1.50
2011.01.30 23:59:54.990,0.98914,0.98974,2.44,1.58
2011.01.30 23:59:58.075,0.98914,0.98974,1.69,1.58
2011.01.30 23:59:58.586,0.98905,0.98973,2.44,1.58
