2011.01.21 19:00:00.009,0.98453,0.98493,4.84,2.25
2011.01.21 19:00:00.265,0.98453,0.98493,2.33,2.33
2011.01.21 19:00:00.692,0.98453,0.98491,2.33,2.25
2011.01.21 19:00:04.144,0.98453,0.98491,2.25,2.25
2011.01.21 19:00:04.932,0.98449,0.98492,2.33,2.25
2011.01.21 19:00:05.416,0.98452,0.98492,2.40,2.25
2011.01.21 19:00:05.531,0.98453,0.98495,2.25,2.33
2011.01.21 19:00:06.179,0.98453,0.98494,2.33,2.33
2011.01.21 19:00:11.662,0.98451,0.98495,3.08,2.52
2011.01.21 19:00:12.212,0.9845,0.98494,1.58,5.97
2011.01.21 19:00:23.003,0.98453,0.98495,1.05,2.59
2011.01.21 19:00:23.220,0.98452,0.98496,3.34,4.50
2011.01.21 19:00:23.329,0.98452,0.98496,3.34,3.75
2011.01.21 19:00:24.061,0.98458,0.98499,2.33,2.33
2011.01.21 19:00:24.679,0.98458,0.98499,2.33,2.33
2011.01.21 19:00:32.330,0.98458,0.985,2.55,2.25
2011.01.21 19:00:33.369,0.98463,0.985,1.80,2.25
2011.01.21 19:00:34.071,0.98465,0.98507,1.65,2.40
2011.01.21 19:00:34.289,0.98465,0.98505,1.65,2.25
2011.01.21 19:00:35.039,0.98468,0.98507,1.50,2.25
2011.01.21 19:00:35.779,0.98465,0.98507,1.58,2.25
2011.01.21 19:00:38.039,0.98465,0.98506,1.65,2.25
2011.01.21 19:00:38.672,0.98468,0.98507,1.50,2.25
2011.01.21 19:00:39.191,0.98468,0.98507,1.58,2.25
2011.01.21 19:00:39.520,0.98468,0.98509,1.65,2.25
2011.01.21 19:00:40.008,0.98468,0.98508,1.65,2.25
2011.01.21 19:00:40.120,0.98473,0.98509,1.50,2.25
2011.01.21 19:00:40.809,0.98473,0.98509,1.65,2.25
2011.01.21 19:00:42.152,0.98473,0.98509,1.58,2.25
2011.01.21 19:00:42.911,0.98473,0.98509,1.50,2.25
2011.01.21 19:00:43.120,0.98473,0.98509,1.58,2.25
2011.01.21 19:00:47.777,0.98473,0.98508,1.58,2.25
2011.01.21 19:00:49.670,0.98473,0.98508,1.50,2.25
2011.01.21 19:00:49.779,0.98473,0.9851,1.50,2.25
2011.01.21 19:00:49.890,0.98479,0.98512,1.50,1.50
2011.01.21 19:00:50.219,0.98472,0.98509,1.65,2.25
2011.01.21 19:00:57.639,0.98473,0.9851,1.65,2.25
2011.01.21 19:00:59.184,0.98473,0.98509,1.65,2.25
2011.01.21 19:01:03.182,0.98473,0.98511,1.80,1.50
2011.01.21 19:01:04.631,0.98473,0.98511,1.58,1.50
2011.01.21 19:01:10.822,0.98473,0.9851,1.58,2.25
2011.01.21 19:01:10.929,0.98473,0.9851,1.65,2.25
2011.01.21 19:01:11.889,0.98473,0.9851,1.80,2.25
2011.01.21 19:01:12.109,0.98473,0.98512,1.58,1.50
2011.01.21 19:01:13.328,0.98473,0.98512,2.33,1.50
2011.01.21 19:01:18.411,0.98473,0.98512,1.65,3.75
2011.01.21 19:01:19.842,0.98473,0.98512,1.65,3.75
2011.01.21 19:01:20.171,0.98476,0.98512,1.50,1.50
2011.01.21 19:01:20.714,0.98468,0.98508,1.58,2.25
2011.01.21 19:01:20.832,0.98468,0.98496,1.58,2.25
2011.01.21 19:01:21.376,0.98467,0.98496,1.50,2.25
2011.01.21 19:01:21.484,0.98451,0.98496,4.65,3.75
2011.01.21 19:01:22.548,0.98453,0.98496,2.25,3.75
2011.01.21 19:01:23.248,0.98454,0.98498,1.50,2.52
2011.01.21 19:01:23.363,0.98458,0.985,2.25,1.58
2011.01.21 19:01:23.700,0.98457,0.985,2.40,1.58
2011.01.21 19:01:23.919,0.98457,0.985,2.33,1.58
2011.01.21 19:01:24.461,0.98457,0.985,2.40,1.50
2011.01.21 19:01:25.300,0.98457,0.985,2.55,1.50
2011.01.21 19:01:25.521,0.98459,0.985,2.25,1.50
2011.01.21 19:01:26.401,0.98459,0.985,2.25,1.58
2011.01.21 19:01:26.873,0.9846,0.985,2.33,1.50
2011.01.21 19:01:27.615,0.9846,0.98502,2.59,1.50
2011.01.21 19:01:27.949,0.98459,0.98502,2.37,3.75
2011.01.21 19:01:28.875,0.9846,0.98502,4.24,1.50
2011.01.21 19:01:28.996,0.98464,0.98501,3.00,1.50
2011.01.21 19:01:29.728,0.9846,0.985,3.00,1.50
2011.01.21 19:01:30.869,0.9846,0.985,3.08,1.58
2011.01.21 19:01:31.882,0.98462,0.98502,4.65,1.50
2011.01.21 19:01:33.470,0.98467,0.98502,1.58,1.50
2011.01.21 19:01:34.566,0.98464,0.98502,2.33,1.58
2011.01.21 19:01:34.683,0.98462,0.98502,1.58,3.83
2011.01.21 19:01:35.019,0.98465,0.98502,1.50,3.83
2011.01.21 19:01:35.740,0.9846,0.98502,1.58,1.58
2011.01.21 19:01:35.854,0.9846,0.98502,1.58,1.65
2011.01.21 19:01:35.971,0.9846,0.98502,1.58,1.50
2011.01.21 19:01:36.081,0.98464,0.98502,1.50,1.50
2011.01.21 19:01:37.409,0.98464,0.98502,1.50,1.50
2011.01.21 19:01:38.230,0.98464,0.98502,1.65,1.50
2011.01.21 19:01:39.239,0.98464,0.98502,1.58,1.50
2011.01.21 19:01:39.963,0.98465,0.98502,1.58,1.50
2011.01.21 19:01:40.935,0.98465,0.98502,1.58,1.50
2011.01.21 19:01:41.339,0.98465,0.98497,1.58,2.25
2011.01.21 19:01:41.721,0.98465,0.98502,2.33,1.50
2011.01.21 19:01:41.941,0.98471,0.98502,1.50,1.50
2011.01.21 19:01:42.158,0.98462,0.98501,1.02,2.25
2011.01.21 19:01:42.822,0.98465,0.98501,1.58,3.00
2011.01.21 19:01:43.400,0.98465,0.98501,1.65,3.00
2011.01.21 19:01:43.950,0.98468,0.98502,1.65,1.50
2011.01.21 19:01:44.661,0.98468,0.98502,1.58,1.50
2011.01.21 19:01:46.056,0.98468,0.98502,1.50,1.50
2011.01.21 19:01:46.790,0.98468,0.98502,1.50,1.50
2011.01.21 19:01:49.973,0.98464,0.98507,1.58,2.25
2011.01.21 19:01:50.924,0.98464,0.98506,1.58,2.25
2011.01.21 19:01:51.371,0.98466,0.98506,1.58,2.33
2011.01.21 19:01:54.008,0.98464,0.98505,1.58,2.25
2011.01.21 19:01:54.229,0.98464,0.98507,2.33,2.25
2011.01.21 19:01:54.821,0.98464,0.98506,1.58,2.25
2011.01.21 19:01:55.149,0.9847,0.98509,1.50,2.33
2011.01.21 19:01:55.935,0.9847,0.98509,1.58,2.33
2011.01.21 19:02:12.024,0.98471,0.98512,1.65,1.50
2011.01.21 19:02:12.251,0.98474,0.98511,1.50,1.50
2011.01.21 19:02:13.459,0.98474,0.98511,1.58,1.50
2011.01.21 19:02:16.082,0.98474,0.98512,1.58,2.25
2011.01.21 19:02:16.817,0.98464,0.98507,1.50,2.40
2011.01.21 19:02:17.989,0.98464,0.98507,1.50,2.40
2011.01.21 19:02:18.811,0.98465,0.98509,2.25,2.55
2011.01.21 19:02:19.469,0.98464,0.98509,1.58,2.33
2011.01.21 19:02:20.207,0.98468,0.98511,1.50,2.33
2011.01.21 19:02:21.398,0.98465,0.9851,1.50,2.55
2011.01.21 19:02:22.065,0.98463,0.98507,4.50,2.40
2011.01.21 19:02:22.684,0.98465,0.98509,2.25,2.55
2011.01.21 19:02:23.374,0.98464,0.98508,2.25,2.55
2011.01.21 19:02:24.315,0.9847,0.98511,1.50,1.65
2011.01.21 19:02:24.979,0.9847,0.98511,1.50,3.90
2011.01.21 19:02:26.262,0.9847,0.98511,1.50,3.90
2011.01.21 19:02:26.689,0.9847,0.98511,1.50,3.83
2011.01.21 19:02:26.909,0.98464,0.98509,2.25,2.33
2011.01.21 19:02:27.686,0.98464,0.98509,2.25,2.40
2011.01.21 19:02:28.256,0.98464,0.98509,2.25,6.55
2011.01.21 19:02:28.481,0.98463,0.98505,2.25,1.58
2011.01.21 19:02:28.700,0.98463,0.98509,3.83,5.85
2011.01.21 19:02:36.891,0.9846,0.98504,2.25,4.09
2011.01.21 19:02:37.220,0.98455,0.98499,2.33,3.83
2011.01.21 19:02:37.780,0.98453,0.98494,1.65,2.25
2011.01.21 19:02:37.889,0.98453,0.98496,1.65,2.25
2011.01.21 19:02:38.614,0.98453,0.98497,3.90,2.33
2011.01.21 19:02:38.731,0.98453,0.98499,3.90,3.90
2011.01.21 19:02:39.401,0.98453,0.98495,1.50,2.33
2011.01.21 19:02:45.039,0.98454,0.98495,2.25,1.65
2011.01.21 19:02:45.469,0.98454,0.98495,2.25,1.65
2011.01.21 19:02:46.771,0.98454,0.98495,2.25,1.50
2011.01.21 19:02:46.880,0.98456,0.985,2.25,3.90
2011.01.21 19:02:46.993,0.98456,0.98495,2.25,1.65
2011.01.21 19:02:47.100,0.98453,0.98495,2.25,1.65
2011.01.21 19:02:47.805,0.98451,0.98497,6.00,2.59
2011.01.21 19:02:48.509,0.98451,0.98497,3.83,4.17
2011.01.21 19:02:49.293,0.98451,0.98493,2.25,1.84
2011.01.21 19:02:49.520,0.98449,0.98493,2.25,1.84
2011.01.21 19:02:49.740,0.98447,0.98491,2.33,2.33
2011.01.21 19:02:50.978,0.98447,0.98491,2.25,2.55
2011.01.21 19:02:51.497,0.98447,0.98491,2.33,2.33
2011.01.21 19:03:07.219,0.98449,0.98491,2.25,1.58
2011.01.21 19:03:07.769,0.98447,0.9849,2.33,1.65
2011.01.21 19:03:08.702,0.98446,0.9849,2.25,1.65
2011.01.21 19:03:09.372,0.98445,0.9849,2.25,1.65
2011.01.21 19:03:09.729,0.98447,0.9849,2.25,1.65
2011.01.21 19:03:11.404,0.98443,0.98486,3.00,2.33
2011.01.21 19:03:11.513,0.9844,0.98483,2.25,2.59
2011.01.21 19:03:12.470,0.98442,0.98484,2.25,1.84
2011.01.21 19:03:12.887,0.98442,0.98484,2.25,4.45
2011.01.21 19:03:13.353,0.98442,0.98484,2.25,1.84
2011.01.21 19:03:13.463,0.98442,0.9848,2.25,1.65
2011.01.21 19:03:13.790,0.98439,0.9848,2.25,1.65
2011.01.21 19:03:14.120,0.98442,0.9848,2.25,1.65
2011.01.21 19:03:16.304,0.98442,0.9848,2.25,1.58
2011.01.21 19:03:17.181,0.98442,0.9848,2.33,1.50
2011.01.21 19:03:17.593,0.98448,0.9849,2.25,4.65
2011.01.21 19:03:18.851,0.98448,0.9849,2.25,3.98
2011.01.21 19:03:19.255,0.98441,0.98481,2.25,1.58
2011.01.21 19:03:19.482,0.98439,0.98481,2.25,1.58
2011.01.21 19:03:20.102,0.9844,0.98481,2.25,1.58
2011.01.21 19:03:21.942,0.9844,0.98481,2.25,1.65
2011.01.21 19:03:22.435,0.9844,0.98481,2.25,1.58
2011.01.21 19:03:28.381,0.9844,0.98481,2.25,1.80
2011.01.21 19:03:28.939,0.98438,0.98481,2.25,3.90
2011.01.21 19:03:31.199,0.98438,0.98481,2.25,3.90
2011.01.21 19:03:31.310,0.98442,0.98481,2.25,1.65
2011.01.21 19:03:32.319,0.98439,0.9848,2.25,1.58
2011.01.21 19:03:32.429,0.98439,0.9848,2.25,1.65
2011.01.21 19:03:33.327,0.98439,0.9848,2.25,1.58
2011.01.21 19:03:34.730,0.98437,0.9848,2.25,1.65
2011.01.21 19:03:35.059,0.98439,0.9848,2.25,1.65
2011.01.21 19:03:36.509,0.98436,0.9848,2.25,1.65
2011.01.21 19:03:37.500,0.98435,0.9848,2.25,3.90
2011.01.21 19:03:38.510,0.98436,0.9848,2.25,1.65
2011.01.21 19:03:39.495,0.98438,0.9848,2.25,1.65
2011.01.21 19:03:44.951,0.98435,0.9848,2.25,4.24
2011.01.21 19:03:46.532,0.98435,0.98475,2.25,1.80
2011.01.21 19:03:48.749,0.98434,0.98475,2.25,1.80
2011.01.21 19:03:54.580,0.98433,0.98475,2.25,1.80
2011.01.21 19:03:54.690,0.98431,0.98475,2.25,1.80
2011.01.21 19:03:55.154,0.98431,0.98475,2.52,1.58
2011.01.21 19:03:55.711,0.98437,0.98475,2.25,1.58
2011.01.21 19:03:56.380,0.98438,0.98479,2.25,1.65
2011.01.21 19:03:57.338,0.9844,0.9848,2.25,1.65
2011.01.21 19:03:57.453,0.9844,0.9848,2.25,1.65
2011.01.21 19:03:58.020,0.98439,0.98479,2.25,1.65
2011.01.21 19:03:59.139,0.98443,0.98486,2.25,3.15
2011.01.21 19:03:59.249,0.98441,0.98485,2.25,2.40
2011.01.21 19:03:59.359,0.98439,0.98483,3.00,2.40
2011.01.21 19:04:00.417,0.98437,0.98483,7.00,2.40
2011.01.21 19:04:01.420,0.98442,0.98487,2.25,3.44
2011.01.21 19:04:01.639,0.98439,0.98482,2.25,2.59
2011.01.21 19:04:02.403,0.98438,0.98479,2.33,1.58
2011.01.21 19:04:02.621,0.98439,0.98479,2.25,1.65
2011.01.21 19:04:02.952,0.98446,0.98486,2.25,1.58
2011.01.21 19:04:03.379,0.98444,0.98486,2.25,1.58
2011.01.21 19:04:03.493,0.98444,0.98488,1.50,2.33
2011.01.21 19:04:04.218,0.98446,0.9849,2.25,3.83
2011.01.21 19:04:04.334,0.98447,0.9849,2.25,1.58
2011.01.21 19:04:04.671,0.98447,0.9849,2.25,1.65
2011.01.21 19:04:05.325,0.98447,0.9849,2.33,1.65
2011.01.21 19:04:07.619,0.98446,0.9849,2.33,3.83
2011.01.21 19:04:08.222,0.98448,0.9849,2.25,1.65
2011.01.21 19:04:09.068,0.98447,0.9849,2.40,1.65
2011.01.21 19:04:14.469,0.98449,0.9849,2.25,1.65
2011.01.21 19:04:18.772,0.98449,0.9849,2.25,1.58
2011.01.21 19:04:18.879,0.98451,0.9849,2.25,1.58
2011.01.21 19:04:19.531,0.9845,0.9849,2.25,1.58
2011.01.21 19:04:19.964,0.98452,0.9849,2.25,1.58
2011.01.21 19:04:20.086,0.9845,0.98491,2.25,1.50
2011.01.21 19:04:20.200,0.9845,0.98491,2.25,3.08
2011.01.21 19:04:20.312,0.98443,0.98488,1.50,2.33
2011.01.21 19:04:21.017,0.98443,0.98487,1.50,2.25
2011.01.21 19:04:21.589,0.98443,0.98488,1.50,2.33
2011.01.21 19:04:21.700,0.98443,0.98488,1.50,2.40
2011.01.21 19:04:22.961,0.98443,0.98487,1.50,2.40
2011.01.21 19:04:23.379,0.98443,0.98487,1.58,2.33
2011.01.21 19:04:24.461,0.98443,0.98485,1.50,2.33
2011.01.21 19:04:25.024,0.98442,0.98483,1.77,2.33
2011.01.21 19:04:29.006,0.98436,0.98482,2.33,2.40
2011.01.21 19:04:31.506,0.98437,0.98483,2.33,10.08
2011.01.21 19:04:32.449,0.98435,0.98481,2.25,3.90
2011.01.21 19:04:33.876,0.98436,0.98481,2.25,1.65
2011.01.21 19:04:34.078,0.98434,0.9848,4.50,2.40
2011.01.21 19:04:38.781,0.98433,0.98475,1.50,2.40
2011.01.21 19:04:39.337,0.9843,0.98474,2.25,1.84
2011.01.21 19:04:40.488,0.9843,0.98474,2.25,1.84
2011.01.21 19:04:41.239,0.9843,0.98472,2.25,2.14
2011.01.21 19:04:42.485,0.9843,0.98472,2.25,1.77
2011.01.21 19:04:43.523,0.98432,0.98472,2.25,1.65
2011.01.21 19:04:44.080,0.98429,0.9847,2.25,1.65
2011.01.21 19:04:45.584,0.98429,0.9847,2.25,1.65
2011.01.21 19:04:46.402,0.98431,0.9847,2.25,1.58
2011.01.21 19:04:54.241,0.98431,0.98471,2.25,1.65
2011.01.21 19:04:54.354,0.98429,0.98471,2.25,1.65
2011.01.21 19:04:54.461,0.98429,0.98471,2.25,1.58
2011.01.21 19:04:54.681,0.98431,0.98471,2.25,1.58
2011.01.21 19:04:55.013,0.98433,0.98475,2.25,1.80
2011.01.21 19:04:55.534,0.98431,0.98471,2.25,1.65
2011.01.21 19:04:56.407,0.9843,0.98471,2.25,1.65
2011.01.21 19:04:56.846,0.9843,0.98471,2.25,1.58
2011.01.21 19:04:57.070,0.98432,0.98475,2.25,2.40
2011.01.21 19:04:58.321,0.98431,0.98476,2.25,2.40
2011.01.21 19:04:58.434,0.98432,0.98477,3.83,2.40
2011.01.21 19:04:58.989,0.98434,0.98476,1.50,2.33
2011.01.21 19:04:59.409,0.98435,0.9848,2.33,1.65
2011.01.21 19:05:00.476,0.98437,0.9848,2.25,1.65
2011.01.21 19:05:00.785,0.98435,0.9848,2.25,3.90
2011.01.21 19:05:01.009,0.98437,0.9848,2.25,1.65
2011.01.21 19:05:03.650,0.98435,0.98479,2.25,2.40
2011.01.21 19:05:04.331,0.98436,0.9848,2.25,1.65
2011.01.21 19:05:04.550,0.98439,0.98481,2.25,1.65
2011.01.21 19:05:04.660,0.98439,0.98481,2.25,1.58
2011.01.21 19:05:05.317,0.98438,0.98481,2.25,3.08
2011.01.21 19:05:05.434,0.98439,0.98478,2.25,1.02
2011.01.21 19:05:05.553,0.98433,0.98473,2.25,3.34
2011.01.21 19:05:05.671,0.9843,0.98465,2.25,1.50
2011.01.21 19:05:05.782,0.9843,0.98467,2.25,1.50
2011.01.21 19:05:05.891,0.98425,0.98467,2.25,1.50
2011.01.21 19:05:06.001,0.98425,0.98465,2.25,1.50
2011.01.21 19:05:06.219,0.98423,0.98465,2.25,1.50
2011.01.21 19:05:06.813,0.98423,0.98465,2.25,1.58
2011.01.21 19:05:07.403,0.98424,0.98465,2.25,1.58
2011.01.21 19:05:07.510,0.98424,0.98469,2.25,2.40
2011.01.21 19:05:08.053,0.9843,0.98471,2.25,1.65
2011.01.21 19:05:08.455,0.98429,0.98471,2.25,1.65
2011.01.21 19:05:08.909,0.98431,0.98471,2.25,1.65
2011.01.21 19:05:09.800,0.98431,0.98471,2.25,1.58
2011.01.21 19:05:12.256,0.98429,0.98473,1.02,2.33
2011.01.21 19:05:13.419,0.98434,0.98476,2.25,2.33
2011.01.21 19:05:13.943,0.98434,0.98476,2.25,1.65
2011.01.21 19:05:14.969,0.98434,0.98476,2.25,1.65
2011.01.21 19:05:15.093,0.98434,0.98476,2.25,1.58
2011.01.21 19:05:18.311,0.98436,0.98477,1.50,3.83
2011.01.21 19:05:19.022,0.98444,0.98481,1.50,2.25
2011.01.21 19:05:19.135,0.98438,0.98479,1.50,2.25
2011.01.21 19:05:19.361,0.98441,0.98478,1.50,2.25
2011.01.21 19:05:20.517,0.98441,0.98478,1.50,2.40
2011.01.21 19:05:21.489,0.9844,0.98479,1.50,2.40
2011.01.21 19:05:21.841,0.98442,0.9848,1.50,2.25
2011.01.21 19:05:22.059,0.98445,0.9848,1.50,2.25
2011.01.21 19:05:22.601,0.98444,0.98478,1.50,2.25
2011.01.21 19:05:22.819,0.98443,0.9848,1.50,2.25
2011.01.21 19:05:24.534,0.98443,0.9848,1.50,2.40
2011.01.21 19:05:24.864,0.98443,0.9848,1.58,2.25
2011.01.21 19:05:26.150,0.98443,0.98484,1.58,2.33
2011.01.21 19:05:26.669,0.98443,0.9848,1.58,2.25
2011.01.21 19:05:26.998,0.98443,0.98478,1.58,2.25
2011.01.21 19:05:27.753,0.98443,0.98479,1.50,2.25
2011.01.21 19:05:27.871,0.98443,0.98481,1.50,2.25
2011.01.21 19:05:29.543,0.98443,0.98481,1.50,2.40
2011.01.21 19:05:29.960,0.98443,0.98481,1.50,2.25
2011.01.21 19:05:30.069,0.98443,0.98487,1.50,3.15
2011.01.21 19:05:30.290,0.98443,0.98489,3.94,2.55
2011.01.21 19:05:30.400,0.98448,0.98489,1.50,2.33
2011.01.21 19:05:30.510,0.98448,0.98491,1.69,2.33
2011.01.21 19:05:31.012,0.98454,0.98493,1.50,2.40
2011.01.21 19:05:34.472,0.98454,0.98493,1.50,2.33
2011.01.21 19:05:36.240,0.98449,0.98493,3.75,2.40
2011.01.21 19:05:37.776,0.98446,0.98491,1.58,2.33
2011.01.21 19:05:38.111,0.98449,0.9849,1.50,2.40
2011.01.21 19:05:39.445,0.98449,0.9849,1.50,2.40
2011.01.21 19:05:41.646,0.98449,0.98489,1.58,2.25
2011.01.21 19:05:42.170,0.98453,0.98492,1.58,2.33
2011.01.21 19:05:43.289,0.98453,0.98489,1.50,2.25
2011.01.21 19:05:43.400,0.98445,0.98489,4.84,2.25
2011.01.21 19:05:43.510,0.98445,0.98489,2.33,2.33
2011.01.21 19:05:43.730,0.98443,0.98487,1.58,2.33
2011.01.21 19:05:43.839,0.98441,0.98485,2.33,1.50
2011.01.21 19:05:44.059,0.98444,0.98487,1.50,2.33
2011.01.21 19:05:44.855,0.98445,0.98489,2.25,4.58
2011.01.21 19:05:45.549,0.98445,0.98489,2.33,2.40
2011.01.21 19:05:47.476,0.98445,0.98489,2.25,2.40
2011.01.21 19:05:48.134,0.98445,0.98489,2.33,2.33
2011.01.21 19:05:50.990,0.98444,0.98489,1.50,2.40
2011.01.21 19:05:52.437,0.98445,0.98489,2.25,2.40
2011.01.21 19:05:52.990,0.98445,0.98489,2.44,2.40
2011.01.21 19:05:53.372,0.98444,0.9849,2.25,2.40
2011.01.21 19:05:54.331,0.98443,0.98489,3.83,2.40
2011.01.21 19:05:54.441,0.98443,0.98489,3.90,4.58
2011.01.21 19:05:55.158,0.98453,0.98495,1.50,2.33
2011.01.21 19:05:56.199,0.98453,0.98497,1.58,2.40
2011.01.21 19:05:59.108,0.98453,0.98497,2.40,2.55
2011.01.21 19:05:59.917,0.98453,0.98497,2.25,2.33
2011.01.21 19:06:01.941,0.98454,0.98497,1.69,2.40
2011.01.21 19:06:02.501,0.98453,0.98497,2.52,2.25
2011.01.21 19:06:03.432,0.98453,0.98497,2.59,2.40
2011.01.21 19:06:04.422,0.98453,0.98497,2.44,2.33
2011.01.21 19:06:08.895,0.98453,0.98496,2.44,2.33
2011.01.21 19:06:30.840,0.98454,0.98496,1.50,2.33
2011.01.21 19:06:32.959,0.98452,0.98494,1.02,1.58
2011.01.21 19:06:33.558,0.98452,0.98493,1.02,2.33
2011.01.21 19:06:33.678,0.98449,0.98493,3.94,2.40
2011.01.21 19:06:33.902,0.98449,0.98493,3.27,2.40
2011.01.21 19:06:35.660,0.98448,0.98491,3.19,1.58
2011.01.21 19:06:36.430,0.98447,0.98489,2.52,1.65
2011.01.21 19:06:38.358,0.98444,0.98488,2.44,2.40
2011.01.21 19:06:45.291,0.98444,0.98487,2.44,2.25
2011.01.21 19:06:45.403,0.98446,0.98489,3.00,2.25
2011.01.21 19:06:45.908,0.98446,0.9849,5.25,3.75
2011.01.21 19:06:46.026,0.98447,0.9849,3.00,1.58
2011.01.21 19:06:46.580,0.9845,0.9849,2.44,1.65
2011.01.21 19:06:48.921,0.98453,0.98495,1.02,2.25
2011.01.21 19:06:49.344,0.98453,0.98493,2.52,2.25
2011.01.21 19:06:49.465,0.98457,0.98496,1.02,2.25
2011.01.21 19:06:50.578,0.98454,0.98496,3.19,2.33
2011.01.21 19:06:51.109,0.98457,0.98495,1.02,2.33
2011.01.21 19:06:52.058,0.98458,0.98495,1.02,2.25
2011.01.21 19:07:01.785,0.98454,0.98495,2.52,2.25
2011.01.21 19:07:01.893,0.98451,0.98495,2.52,2.25
2011.01.21 19:07:02.576,0.98449,0.98493,4.02,2.25
2011.01.21 19:07:03.931,0.98449,0.98495,7.84,2.33
2011.01.21 19:07:05.332,0.98449,0.98494,1.02,2.33
2011.01.21 19:07:06.104,0.9845,0.98494,1.02,2.33
2011.01.21 19:07:06.224,0.98453,0.98494,1.84,2.25
2011.01.21 19:07:06.450,0.98453,0.98497,2.59,2.40
2011.01.21 19:07:07.112,0.98453,0.98496,2.59,2.25
2011.01.21 19:07:07.859,0.98454,0.98496,1.02,2.33
2011.01.21 19:07:08.552,0.98454,0.98496,1.02,2.25
2011.01.21 19:07:09.681,0.98454,0.98497,1.02,2.25
2011.01.21 19:07:19.841,0.98454,0.98494,1.77,2.25
2011.01.21 19:07:20.060,0.98454,0.98492,1.50,2.33
2011.01.21 19:07:20.172,0.98447,0.98492,1.02,2.33
2011.01.21 19:07:20.280,0.98447,0.98489,1.02,2.33
2011.01.21 19:07:20.880,0.98448,0.98489,1.02,2.25
2011.01.21 19:07:22.570,0.98447,0.98489,1.02,2.33
2011.01.21 19:07:23.193,0.98447,0.98489,1.02,2.40
2011.01.21 19:07:24.623,0.98446,0.98488,2.44,2.40
2011.01.21 19:07:24.841,0.98443,0.98485,1.69,2.25
2011.01.21 19:07:24.950,0.98444,0.98485,1.69,2.25
2011.01.21 19:07:25.401,0.98447,0.98488,1.69,2.33
2011.01.21 19:07:26.541,0.98447,0.98488,1.69,2.40
2011.01.21 19:07:33.483,0.98447,0.9849,1.69,2.40
2011.01.21 19:07:35.322,0.98447,0.9849,1.69,2.40
2011.01.21 19:07:36.541,0.98447,0.98489,1.84,2.55
2011.01.21 19:07:39.323,0.98445,0.9849,3.08,3.83
2011.01.21 19:07:39.543,0.98444,0.9849,4.77,3.90
2011.01.21 19:07:39.992,0.98448,0.9849,3.94,3.90
2011.01.21 19:07:40.107,0.98451,0.9849,3.00,2.25
2011.01.21 19:07:40.622,0.98452,0.98496,3.00,1.58
2011.01.21 19:07:42.062,0.98448,0.9849,2.44,2.33
2011.01.21 19:07:43.101,0.98448,0.9849,3.19,2.40
2011.01.21 19:07:43.710,0.98448,0.9849,3.27,2.25
2011.01.21 19:07:43.819,0.9845,0.98491,2.52,2.25
2011.01.21 19:07:43.929,0.98454,0.98494,1.69,2.33
2011.01.21 19:07:44.260,0.98455,0.98499,2.44,2.40
2011.01.21 19:07:44.932,0.98459,0.98499,2.44,2.40
2011.01.21 19:07:46.351,0.98459,0.98499,2.44,2.40
2011.01.21 19:07:54.713,0.98459,0.98499,2.44,2.40
2011.01.21 19:07:55.586,0.98459,0.985,2.44,2.40
2011.01.21 19:07:55.811,0.98459,0.9849,1.50,2.25
2011.01.21 19:07:56.304,0.98454,0.98493,1.69,2.33
2011.01.21 19:07:56.421,0.98454,0.98493,2.44,2.33
2011.01.21 19:07:58.958,0.98454,0.98497,2.44,2.33
2011.01.21 19:08:04.591,0.98454,0.98495,2.44,2.33
2011.01.21 19:08:07.321,0.98453,0.98496,2.44,2.33
2011.01.21 19:08:07.813,0.98453,0.98496,2.25,2.59
2011.01.21 19:08:07.927,0.98449,0.98492,2.25,1.58
2011.01.21 19:08:08.042,0.98447,0.98489,3.08,2.25
2011.01.21 19:08:08.981,0.98446,0.9849,3.08,2.25
2011.01.21 19:08:09.780,0.98446,0.9849,3.08,3.75
2011.01.21 19:08:10.434,0.98445,0.98489,3.27,2.40
2011.01.21 19:08:11.253,0.98446,0.9849,3.08,3.90
2011.01.21 19:08:11.691,0.98441,0.98481,2.25,1.58
2011.01.21 19:08:12.221,0.9844,0.98481,2.25,1.58
2011.01.21 19:08:13.419,0.9844,0.98481,2.25,1.65
2011.01.21 19:08:14.223,0.98438,0.98481,4.58,1.65
2011.01.21 19:08:14.338,0.98443,0.98485,2.44,2.55
2011.01.21 19:08:14.452,0.98443,0.98486,2.44,4.65
2011.01.21 19:08:15.592,0.98443,0.98487,2.44,2.40
2011.01.21 19:08:16.550,0.98444,0.98486,1.02,2.33
2011.01.21 19:08:17.461,0.98443,0.98486,2.44,2.33
2011.01.21 19:08:20.020,0.98441,0.98485,2.25,2.40
2011.01.21 19:08:21.461,0.98441,0.98485,2.25,2.55
2011.01.21 19:08:23.336,0.9844,0.98484,2.25,2.55
2011.01.21 19:08:23.915,0.98439,0.98485,3.94,2.55
2011.01.21 19:08:24.921,0.9844,0.98486,2.25,2.55
2011.01.21 19:08:28.022,0.9844,0.98482,2.25,1.65
2011.01.21 19:08:29.509,0.9844,0.98486,4.02,3.90
2011.01.21 19:08:32.600,0.9844,0.98486,3.75,3.90
2011.01.21 19:08:33.102,0.98439,0.98482,4.50,1.65
2011.01.21 19:08:33.649,0.98441,0.98485,2.25,2.40
2011.01.21 19:08:35.212,0.98441,0.98485,2.33,2.40
2011.01.21 19:08:35.625,0.98441,0.98485,2.52,2.40
2011.01.21 19:08:35.736,0.98444,0.98485,1.69,2.33
2011.01.21 19:08:37.486,0.98444,0.98487,1.77,3.15
2011.01.21 19:08:38.852,0.98444,0.98489,1.69,6.53
2011.01.21 19:08:41.599,0.98444,0.98488,2.44,3.15
2011.01.21 19:08:41.821,0.98446,0.98491,1.69,4.65
2011.01.21 19:08:42.370,0.98447,0.98491,2.25,4.65
2011.01.21 19:08:42.701,0.98446,0.98489,1.69,4.65
2011.01.21 19:08:43.201,0.98444,0.98488,2.44,3.15
2011.01.21 19:08:44.290,0.98444,0.98488,2.44,3.15
2011.01.21 19:08:44.621,0.98443,0.98488,1.84,6.53
2011.01.21 19:08:45.341,0.98444,0.98488,1.02,6.53
2011.01.21 19:08:45.834,0.98447,0.9849,4.02,1.58
2011.01.21 19:08:45.956,0.9845,0.98492,1.69,1.65
2011.01.21 19:08:46.072,0.98453,0.98495,1.69,5.40
2011.01.21 19:08:46.401,0.98451,0.98494,2.25,1.58
2011.01.21 19:08:47.003,0.98449,0.98493,2.44,1.58
2011.01.21 19:08:47.843,0.98448,0.98493,3.27,1.65
2011.01.21 19:08:48.514,0.98449,0.98494,3.27,1.65
2011.01.21 19:08:48.859,0.98449,0.98494,2.44,3.98
2011.01.21 19:08:49.488,0.9845,0.98494,2.25,9.60
2011.01.21 19:08:49.602,0.98448,0.98494,2.59,3.90
2011.01.21 19:08:49.830,0.98448,0.98494,2.44,9.60
2011.01.21 19:08:50.162,0.98448,0.98494,2.52,3.90
2011.01.21 19:08:50.602,0.98448,0.98492,2.52,1.73
2011.01.21 19:08:51.151,0.98448,0.98494,2.52,2.40
2011.01.21 19:08:51.802,0.98448,0.98494,2.44,5.85
2011.01.21 19:08:52.911,0.98449,0.98493,2.52,2.40
2011.01.21 19:08:56.714,0.98451,0.98495,2.25,9.60
2011.01.21 19:08:57.310,0.98449,0.98493,3.19,1.73
2011.01.21 19:09:03.461,0.98448,0.98489,1.50,2.40
2011.01.21 19:09:03.571,0.98443,0.98489,3.94,2.40
2011.01.21 19:09:04.650,0.98444,0.98488,2.44,5.85
2011.01.21 19:09:08.420,0.98441,0.98484,2.25,2.40
2011.01.21 19:09:08.933,0.9844,0.98484,2.25,1.65
2011.01.21 19:09:09.907,0.98441,0.98484,2.25,1.65
2011.01.21 19:09:10.460,0.98441,0.98484,2.33,1.65
2011.01.21 19:09:11.140,0.98441,0.98484,2.25,3.98
2011.01.21 19:09:11.560,0.98441,0.98484,2.33,1.58
2011.01.21 19:09:11.780,0.98441,0.98484,2.52,1.58
2011.01.21 19:09:17.100,0.98446,0.98488,2.25,1.65
2011.01.21 19:09:17.733,0.98444,0.98489,2.52,1.65
2011.01.21 19:09:18.170,0.98445,0.98489,2.25,1.65
2011.01.21 19:09:18.951,0.98444,0.9849,2.44,3.90
2011.01.21 19:09:22.821,0.98445,0.98489,2.25,1.65
2011.01.21 19:09:23.670,0.98446,0.98489,2.25,1.65
2011.01.21 19:09:25.141,0.98445,0.98489,2.25,1.65
2011.01.21 19:09:25.729,0.98446,0.98489,2.25,1.65
2011.01.21 19:09:25.839,0.98443,0.98489,3.94,3.90
2011.01.21 19:09:26.619,0.98446,0.98489,2.25,1.65
2011.01.21 19:09:27.550,0.98442,0.98485,2.44,1.65
2011.01.21 19:09:28.063,0.98443,0.98481,2.44,1.50
2011.01.21 19:09:28.894,0.98443,0.98483,1.69,2.33
2011.01.21 19:09:29.440,0.98439,0.98485,2.52,2.33
2011.01.21 19:09:30.774,0.98441,0.98486,2.25,2.40
2011.01.21 19:09:30.892,0.98439,0.98481,2.25,1.58
2011.01.21 19:09:31.110,0.98436,0.98481,2.52,3.08
2011.01.21 19:09:32.533,0.98439,0.98482,2.52,1.65
2011.01.21 19:09:33.541,0.98438,0.98481,3.75,1.58
2011.01.21 19:09:34.565,0.98438,0.9848,2.33,1.65
2011.01.21 19:09:35.799,0.98436,0.9848,2.44,1.65
2011.01.21 19:09:38.371,0.98438,0.98482,2.25,12.34
2011.01.21 19:09:38.864,0.98438,0.98482,2.44,3.83
2011.01.21 19:09:38.986,0.98443,0.98485,1.69,2.33
2011.01.21 19:09:40.587,0.98445,0.98491,2.52,3.90
2011.01.21 19:09:41.511,0.98445,0.98491,2.44,3.90
2011.01.21 19:10:07.160,0.98444,0.9849,3.19,2.40
2011.01.21 19:10:07.380,0.98453,0.9849,1.69,2.25
2011.01.21 19:10:08.045,0.98451,0.98495,2.44,2.33
2011.01.21 19:10:08.611,0.98451,0.98495,3.94,2.33
2011.01.21 19:10:09.114,0.98451,0.98496,2.44,3.15
2011.01.21 19:10:09.789,0.98452,0.98496,2.25,5.40
2011.01.21 19:10:10.319,0.98451,0.98495,2.44,2.40
2011.01.21 19:10:10.650,0.9845,0.98496,2.44,13.58
2011.01.21 19:10:13.883,0.9845,0.98495,2.44,1.65
2011.01.21 19:10:15.550,0.98449,0.98495,3.94,9.60
2011.01.21 19:10:21.343,0.98449,0.98491,1.50,2.40
2011.01.21 19:10:21.885,0.98438,0.98483,4.69,2.33
2011.01.21 19:10:22.111,0.98437,0.98479,2.52,2.25
2011.01.21 19:10:22.864,0.98437,0.9848,4.77,2.33
2011.01.21 19:10:23.206,0.9844,0.98485,2.44,5.85
2011.01.21 19:10:23.754,0.98441,0.98486,2.25,3.98
2011.01.21 19:10:24.622,0.98442,0.98485,2.25,3.98
2011.01.21 19:10:27.631,0.98443,0.98487,2.25,9.60
2011.01.21 19:10:27.742,0.98443,0.98487,2.44,3.98
2011.01.21 19:10:27.960,0.98443,0.98489,2.44,2.40
2011.01.21 19:10:28.793,0.98444,0.98486,2.25,1.58
2011.01.21 19:10:28.901,0.98444,0.98486,2.25,1.65
2011.01.21 19:10:29.010,0.98442,0.98486,2.25,3.90
2011.01.21 19:10:29.603,0.9844,0.98484,4.69,1.65
2011.01.21 19:10:30.150,0.98442,0.98484,2.25,1.65
2011.01.21 19:10:30.675,0.98442,0.98484,2.25,4.20
2011.01.21 19:10:31.451,0.98444,0.98488,2.44,2.40
2011.01.21 19:10:32.725,0.98443,0.98489,3.94,5.85
2011.01.21 19:10:35.211,0.98443,0.98487,2.25,1.95
2011.01.21 19:10:35.813,0.98441,0.98486,1.50,2.40
2011.01.21 19:10:36.421,0.98443,0.98487,1.77,2.40
2011.01.21 19:10:37.677,0.98443,0.98487,4.02,2.48
2011.01.21 19:10:38.620,0.98445,0.98489,3.19,5.85
2011.01.21 19:10:38.730,0.98445,0.98489,3.19,2.40
2011.01.21 19:10:38.950,0.98449,0.98491,2.44,1.58
2011.01.21 19:10:40.599,0.98449,0.98494,2.44,3.98
2011.01.21 19:10:42.850,0.98448,0.98493,2.33,3.98
2011.01.21 19:10:42.962,0.98446,0.98492,4.50,2.48
2011.01.21 19:10:43.655,0.98444,0.98489,1.69,2.40
2011.01.21 19:10:43.777,0.98441,0.98486,2.25,1.65
2011.01.21 19:10:45.093,0.9844,0.98485,2.44,1.65
2011.01.21 19:10:45.550,0.9844,0.98485,2.44,3.98
2011.01.21 19:10:46.161,0.98441,0.98483,2.25,3.98
2011.01.21 19:10:46.738,0.9844,0.98482,2.44,1.73
2011.01.21 19:10:50.461,0.98442,0.98483,2.33,1.65
2011.01.21 19:10:54.051,0.98442,0.98483,2.25,4.20
2011.01.21 19:10:55.118,0.98442,0.98483,2.40,1.80
2011.01.21 19:10:55.390,0.98442,0.98483,2.25,1.95
2011.01.21 19:10:56.999,0.9844,0.98483,2.44,1.95
2011.01.21 19:10:59.560,0.9844,0.98483,2.52,1.65
2011.01.21 19:11:03.019,0.98435,0.98478,2.44,2.55
2011.01.21 19:11:03.351,0.98436,0.98479,2.44,2.55
2011.01.21 19:11:03.462,0.98436,0.98479,2.52,2.33
2011.01.21 19:11:03.681,0.98437,0.98479,2.44,2.40
2011.01.21 19:11:03.791,0.98439,0.98481,2.25,1.65
2011.01.21 19:11:04.303,0.9844,0.98483,2.44,1.65
2011.01.21 19:11:05.495,0.9844,0.98483,2.52,1.65
2011.01.21 19:11:05.625,0.9844,0.98483,2.44,1.73
2011.01.21 19:11:07.332,0.9844,0.98483,2.52,1.65
2011.01.21 19:11:07.661,0.9844,0.98484,2.44,3.98
2011.01.21 19:11:11.561,0.9844,0.98483,2.52,1.58
2011.01.21 19:11:12.154,0.98444,0.98483,2.44,1.58
2011.01.21 19:11:14.867,0.9844,0.98485,2.52,1.58
2011.01.21 19:11:15.530,0.9844,0.98485,2.52,1.65
2011.01.21 19:11:24.072,0.9844,0.98481,4.50,1.58
2011.01.21 19:11:24.290,0.98441,0.98481,2.25,1.50
2011.01.21 19:11:24.401,0.9844,0.98481,2.25,1.65
2011.01.21 19:11:24.730,0.9844,0.98481,2.25,1.50
2011.01.21 19:11:25.481,0.9844,0.98481,2.25,1.65
2011.01.21 19:11:26.449,0.9844,0.98481,2.25,1.58
2011.01.21 19:11:26.999,0.98441,0.98485,2.44,4.05
2011.01.21 19:11:28.541,0.98441,0.98485,2.52,3.90
2011.01.21 19:11:33.618,0.98448,0.98485,2.25,1.65
2011.01.21 19:11:33.736,0.98448,0.98492,2.44,4.58
2011.01.21 19:11:33.854,0.98454,0.98494,3.75,2.33
2011.01.21 19:11:33.975,0.98454,0.98498,3.75,2.25
2011.01.21 19:11:34.090,0.9846,0.98498,1.69,2.25
2011.01.21 19:11:34.311,0.98457,0.98501,4.69,4.50
2011.01.21 19:11:35.034,0.98459,0.98501,2.25,1.65
2011.01.21 19:11:35.364,0.9846,0.98501,1.69,2.55
2011.01.21 19:11:35.879,0.98458,0.98501,2.44,2.55
2011.01.21 19:11:35.999,0.98458,0.98502,1.69,2.25
2011.01.21 19:11:36.903,0.98458,0.98501,1.69,2.25
2011.01.21 19:11:37.306,0.98458,0.98499,1.69,2.25
2011.01.21 19:11:37.741,0.98458,0.98499,1.69,2.33
2011.01.21 19:11:39.067,0.98458,0.98499,2.52,2.40
2011.01.21 19:11:39.180,0.98458,0.98499,2.44,2.33
2011.01.21 19:11:40.990,0.98464,0.98506,1.69,1.05
2011.01.21 19:11:42.571,0.98459,0.98502,1.77,2.25
2011.01.21 19:11:43.232,0.98461,0.98503,1.77,2.33
2011.01.21 19:11:43.931,0.98464,0.98503,1.77,2.33
2011.01.21 19:11:50.381,0.98464,0.98503,2.59,2.25
2011.01.21 19:11:53.981,0.98465,0.98508,1.09,2.25
2011.01.21 19:11:54.598,0.98467,0.98511,3.15,1.50
2011.01.21 19:11:55.111,0.98465,0.98509,3.34,2.25
2011.01.21 19:11:55.561,0.98465,0.98509,1.38,2.33
2011.01.21 19:11:56.500,0.98465,0.98509,1.02,2.33
2011.01.21 19:11:57.501,0.98465,0.98509,1.38,2.25
2011.01.21 19:11:57.720,0.98465,0.98509,1.02,2.33
2011.01.21 19:11:59.200,0.98469,0.98509,1.02,2.25
2011.01.21 19:11:59.724,0.98466,0.98512,9.72,2.33
2011.01.21 19:12:00.159,0.9847,0.98512,1.84,2.33
2011.01.21 19:12:02.510,0.98472,0.98512,1.84,2.25
2011.01.21 19:12:02.730,0.98468,0.98512,3.49,2.25
2011.01.21 19:12:03.411,0.98468,0.98511,1.24,2.25
2011.01.21 19:12:04.548,0.98468,0.98511,2.22,2.25
2011.01.21 19:12:08.030,0.98469,0.98513,9.72,4.58
2011.01.21 19:12:08.360,0.98474,0.98518,2.33,2.33
2011.01.21 19:12:08.471,0.98474,0.98518,2.25,2.25
2011.01.21 19:12:08.582,0.98477,0.9852,2.25,2.25
2011.01.21 19:12:09.330,0.98477,0.98521,2.25,2.25
2011.01.21 19:12:09.636,0.98477,0.98521,2.33,2.33
2011.01.21 19:12:10.883,0.98477,0.98521,2.33,3.27
2011.01.21 19:12:18.742,0.98474,0.98518,2.59,2.33
2011.01.21 19:12:19.310,0.98474,0.98516,1.09,2.25
2011.01.21 19:12:19.420,0.98474,0.98519,1.09,2.33
2011.01.21 19:12:19.907,0.98474,0.98519,1.02,4.58
2011.01.21 19:12:20.490,0.98475,0.98519,2.40,2.33
2011.01.21 19:12:27.110,0.98475,0.98515,2.40,1.50
2011.01.21 19:12:27.334,0.98474,0.98511,1.50,2.25
2011.01.21 19:12:27.454,0.98473,0.98511,1.02,2.25
2011.01.21 19:12:27.888,0.98473,0.98513,1.02,2.25
2011.01.21 19:12:28.007,0.98477,0.98515,1.84,2.25
2011.01.21 19:12:28.121,0.98477,0.9852,1.84,2.25
2011.01.21 19:12:28.772,0.98477,0.98519,1.84,2.25
2011.01.21 19:12:29.453,0.98477,0.98519,1.77,2.33
2011.01.21 19:12:30.110,0.98477,0.9852,1.84,2.33
2011.01.21 19:12:34.782,0.98474,0.98518,4.77,2.25
2011.01.21 19:12:34.890,0.98474,0.98518,4.02,2.25
2011.01.21 19:12:35.829,0.98474,0.98517,2.52,2.25
2011.01.21 19:12:36.532,0.98474,0.98517,2.59,2.25
2011.01.21 19:12:37.512,0.98474,0.98517,2.59,2.40
2011.01.21 19:12:37.880,0.98474,0.98516,1.77,2.33
2011.01.21 19:12:38.699,0.98474,0.98515,2.52,2.25
2011.01.21 19:12:50.351,0.98474,0.98516,1.77,2.25
2011.01.21 19:12:50.862,0.98474,0.98514,2.52,2.25
2011.01.21 19:12:51.809,0.98474,0.98515,2.52,2.25
2011.01.21 19:13:06.075,0.98473,0.98516,1.77,2.25
2011.01.21 19:13:06.701,0.9847,0.98516,3.83,4.58
2011.01.21 19:13:07.947,0.98468,0.98512,4.77,2.25
2011.01.21 19:13:08.407,0.98468,0.98512,4.77,2.33
2011.01.21 19:13:09.380,0.98468,0.98509,2.59,2.25
2011.01.21 19:13:09.930,0.98468,0.98511,2.59,2.25
2011.01.21 19:13:10.160,0.98468,0.98513,2.59,2.33
2011.01.21 19:13:11.095,0.98468,0.98512,10.75,2.25
2011.01.21 19:13:12.312,0.98468,0.98514,10.75,2.33
2011.01.21 19:13:12.444,0.98468,0.98514,4.77,2.40
2011.01.21 19:13:12.672,0.98468,0.9851,1.02,2.33
2011.01.21 19:13:13.630,0.98463,0.98505,2.59,2.25
2011.01.21 19:13:14.270,0.98463,0.98506,2.74,2.25
2011.01.21 19:13:15.351,0.98463,0.98505,1.24,2.25
2011.01.21 19:13:16.334,0.98463,0.98504,2.59,2.25
2011.01.21 19:13:16.757,0.98464,0.98506,1.02,2.25
2011.01.21 19:13:22.593,0.98464,0.98504,1.02,2.25
2011.01.21 19:13:23.161,0.98464,0.98505,1.02,2.25
2011.01.21 19:13:45.600,0.98463,0.98506,1.84,2.25
2011.01.21 19:13:50.821,0.98463,0.98508,1.84,2.33
2011.01.21 19:13:51.449,0.98465,0.98511,2.40,2.33
2011.01.21 19:13:51.923,0.98465,0.98509,2.33,2.40
2011.01.21 19:13:52.250,0.98466,0.9851,2.33,2.33
2011.01.21 19:13:55.954,0.98464,0.98507,2.52,2.25
2011.01.21 19:13:58.772,0.98463,0.98506,1.84,2.33
2011.01.21 19:13:58.880,0.98463,0.98507,1.77,2.25
2011.01.21 19:13:59.692,0.98463,0.98505,1.77,2.25
2011.01.21 19:14:00.290,0.98463,0.98507,1.77,2.25
2011.01.21 19:14:00.801,0.98474,0.98507,2.25,2.25
2011.01.21 19:14:01.170,0.98463,0.98506,1.77,2.25
2011.01.21 19:14:02.011,0.98462,0.98505,1.84,2.25
2011.01.21 19:14:02.889,0.98462,0.98505,1.77,2.25
2011.01.21 19:14:03.002,0.98462,0.98499,1.77,2.25
2011.01.21 19:14:03.971,0.98463,0.98503,1.77,2.25
2011.01.21 19:14:04.410,0.98465,0.98502,1.50,2.33
2011.01.21 19:14:04.740,0.98458,0.98503,1.09,2.33
2011.01.21 19:14:05.488,0.98458,0.98503,1.09,2.40
2011.01.21 19:14:05.842,0.98458,0.98503,1.17,2.33
2011.01.21 19:14:06.700,0.98458,0.98503,1.02,2.33
2011.01.21 19:14:07.271,0.98458,0.98502,1.02,2.25
2011.01.21 19:14:08.181,0.98458,0.98503,1.02,2.33
2011.01.21 19:14:09.621,0.98458,0.98501,1.02,2.25
2011.01.21 19:14:09.880,0.98458,0.98503,1.02,2.33
2011.01.21 19:14:11.400,0.98465,0.98508,2.25,1.65
2011.01.21 19:14:14.020,0.98463,0.98509,2.44,2.40
2011.01.21 19:14:14.350,0.98465,0.98509,2.25,2.40
2011.01.21 19:14:15.070,0.98463,0.98509,2.44,2.40
2011.01.21 19:14:15.962,0.98464,0.9851,2.25,2.40
2011.01.21 19:14:16.991,0.98463,0.98509,2.44,2.40
2011.01.21 19:14:17.103,0.98479,0.98511,2.25,1.65
2011.01.21 19:14:20.378,0.98478,0.98515,2.25,1.50
2011.01.21 19:14:20.491,0.98471,0.98515,3.08,1.50
2011.01.21 19:14:20.709,0.98476,0.98518,2.25,2.33
2011.01.21 19:14:22.098,0.98476,0.98519,2.40,1.50
2011.01.21 19:14:22.431,0.98479,0.98522,2.33,3.75
2011.01.21 19:14:22.650,0.98484,0.98522,1.50,1.50
2011.01.21 19:14:24.869,0.98484,0.98522,1.58,1.50
2011.01.21 19:14:26.404,0.98484,0.98522,1.58,1.50
2011.01.21 19:14:27.991,0.98484,0.98522,1.50,1.58
2011.01.21 19:14:28.540,0.98478,0.98522,1.65,3.83
2011.01.21 19:14:28.651,0.98482,0.98522,1.02,3.75
2011.01.21 19:14:29.164,0.98488,0.98521,3.75,1.50
2011.01.21 19:14:30.388,0.98488,0.98521,3.90,1.50
2011.01.21 19:14:31.821,0.98488,0.98522,3.90,1.50
2011.01.21 19:14:35.141,0.98488,0.98534,3.90,2.25
2011.01.21 19:14:36.023,0.98493,0.98533,1.58,2.25
2011.01.21 19:14:36.659,0.98493,0.98532,1.58,2.25
2011.01.21 19:14:36.993,0.98493,0.98535,1.58,2.25
2011.01.21 19:14:37.481,0.98493,0.98538,1.58,2.33
2011.01.21 19:14:44.874,0.98494,0.98538,1.77,2.33
2011.01.21 19:14:45.101,0.98498,0.9854,1.69,2.25
2011.01.21 19:14:45.690,0.98498,0.98541,1.69,2.25
2011.01.21 19:14:46.804,0.98499,0.98541,2.25,2.25
2011.01.21 19:14:46.912,0.98499,0.98542,2.33,2.33
2011.01.21 19:14:48.868,0.98498,0.98542,1.69,2.25
2011.01.21 19:14:48.982,0.98498,0.98532,1.50,2.25
2011.01.21 19:14:49.091,0.98485,0.98528,6.53,1.50
2011.01.21 19:14:49.643,0.98493,0.98534,3.75,2.44
2011.01.21 19:14:49.756,0.98489,0.98532,1.58,2.25
2011.01.21 19:14:50.361,0.9849,0.98534,2.33,2.33
2011.01.21 19:14:51.078,0.9849,0.98534,2.40,2.33
2011.01.21 19:14:55.740,0.98489,0.98535,2.33,3.83
2011.01.21 19:14:57.674,0.98493,0.98535,1.84,2.33
2011.01.21 19:15:08.973,0.98491,0.98532,2.40,1.50
2011.01.21 19:15:09.084,0.98488,0.98532,1.50,3.75
2011.01.21 19:15:09.192,0.98491,0.98532,1.50,3.75
2011.01.21 19:15:09.767,0.98495,0.98531,1.77,1.50
2011.01.21 19:15:09.993,0.98499,0.98543,3.75,2.33
2011.01.21 19:15:10.539,0.98499,0.98543,3.75,2.40
2011.01.21 19:15:11.831,0.98497,0.98541,2.33,1.58
2011.01.21 19:15:13.551,0.98494,0.98535,3.90,2.25
2011.01.21 19:15:13.771,0.98491,0.98535,3.15,3.75
2011.01.21 19:15:14.394,0.98488,0.98534,3.30,2.25
2011.01.21 19:15:15.142,0.98492,0.98535,1.84,2.25
2011.01.21 19:15:15.712,0.98493,0.98536,1.65,2.25
2011.01.21 19:15:16.562,0.98493,0.98536,1.65,2.33
2011.01.21 19:15:17.225,0.98493,0.98536,1.58,2.25
2011.01.21 19:15:19.701,0.9849,0.98534,2.52,2.33
2011.01.21 19:15:20.601,0.98487,0.98531,1.84,2.25
2011.01.21 19:15:20.710,0.98488,0.98534,2.33,2.33
2011.01.21 19:15:21.171,0.98488,0.98532,2.33,2.33
2011.01.21 19:15:21.970,0.98488,0.98532,2.40,2.25
2011.01.21 19:15:22.522,0.98488,0.98534,2.40,2.33
2011.01.21 19:15:25.252,0.98486,0.9853,6.04,1.50
2011.01.21 19:15:25.471,0.98487,0.98532,1.92,2.25
2011.01.21 19:15:26.406,0.98487,0.98532,1.84,2.40
2011.01.21 19:15:49.201,0.98477,0.98519,2.40,1.50
2011.01.21 19:15:50.073,0.98475,0.98519,2.40,1.50
2011.01.21 19:15:51.184,0.98474,0.98519,2.40,1.65
2011.01.21 19:15:56.396,0.98478,0.9852,1.80,2.25
2011.01.21 19:15:57.417,0.98478,0.9852,1.50,2.33
2011.01.21 19:15:57.641,0.98477,0.9852,1.58,2.25
2011.01.21 19:15:57.971,0.98475,0.98519,2.59,2.25
2011.01.21 19:15:58.582,0.98476,0.98521,1.84,2.25
2011.01.21 19:15:59.485,0.98479,0.98522,2.33,2.33
2011.01.21 19:16:00.009,0.98484,0.98525,2.25,1.58
2011.01.21 19:16:00.231,0.98483,0.98525,2.33,1.58
2011.01.21 19:16:03.222,0.98481,0.98524,5.85,1.50
2011.01.21 19:16:03.856,0.98484,0.98524,2.33,1.50
2011.01.21 19:16:04.191,0.98484,0.9853,2.52,2.33
2011.01.21 19:16:04.922,0.98483,0.98528,3.42,2.33
2011.01.21 19:16:05.465,0.98483,0.98528,7.84,2.33
2011.01.21 19:16:06.560,0.98486,0.9853,2.59,2.25
2011.01.21 19:16:06.671,0.98486,0.9853,2.59,2.25
2011.01.21 19:16:06.890,0.98483,0.98527,4.99,2.25
2011.01.21 19:16:13.557,0.98489,0.98533,2.33,2.33
2011.01.21 19:16:14.372,0.98491,0.98535,2.52,2.25
2011.01.21 19:16:14.922,0.98489,0.9853,3.83,2.25
2011.01.21 19:16:15.541,0.98486,0.9853,2.33,2.25
2011.01.21 19:16:15.651,0.98487,0.98531,2.40,1.50
2011.01.21 19:16:15.900,0.98487,0.98531,2.33,1.50
2011.01.21 19:16:16.012,0.98487,0.98533,2.52,2.33
2011.01.21 19:16:16.650,0.98487,0.98533,2.59,2.25
2011.01.21 19:16:16.763,0.98487,0.98533,2.52,2.40
2011.01.21 19:16:17.201,0.98486,0.98532,2.59,2.33
2011.01.21 19:16:17.962,0.98487,0.98533,6.33,2.33
2011.01.21 19:16:19.161,0.98488,0.98534,3.34,2.33
2011.01.21 19:16:19.271,0.9849,0.98536,2.59,2.25
2011.01.21 19:16:19.711,0.98489,0.98535,3.15,2.25
2011.01.21 19:16:21.590,0.98489,0.98535,3.15,2.33
2011.01.21 19:16:22.587,0.98489,0.98535,3.08,2.33
2011.01.21 19:16:23.451,0.98488,0.98532,3.27,2.25
2011.01.21 19:16:25.350,0.98488,0.98532,1.02,2.33
2011.01.21 19:16:26.265,0.98488,0.98527,1.02,2.25
2011.01.21 19:16:26.384,0.98484,0.98527,1.84,2.40
2011.01.21 19:16:26.930,0.98484,0.98526,1.84,2.25
2011.01.21 19:16:27.430,0.98484,0.98526,1.84,2.25
2011.01.21 19:16:27.871,0.98484,0.98528,4.09,2.25
2011.01.21 19:16:29.233,0.98484,0.98528,2.33,2.33
2011.01.21 19:16:29.451,0.98483,0.98529,7.00,3.75
2011.01.21 19:16:29.625,0.98483,0.98529,3.34,3.75
2011.01.21 19:16:29.851,0.98487,0.98532,1.09,2.25
2011.01.21 19:16:30.071,0.98492,0.98535,1.69,2.25
2011.01.21 19:16:30.181,0.98492,0.98537,1.69,2.40
2011.01.21 19:16:30.292,0.98491,0.98535,3.00,1.50
2011.01.21 19:16:31.243,0.98492,0.98535,3.00,1.50
2011.01.21 19:16:31.610,0.98492,0.98535,3.00,1.58
2011.01.21 19:16:31.941,0.98494,0.98538,1.50,2.33
2011.01.21 19:16:32.160,0.98492,0.98536,3.00,1.50
2011.01.21 19:16:33.522,0.98491,0.98536,3.08,1.58
2011.01.21 19:16:34.145,0.98491,0.98536,3.08,1.65
2011.01.21 19:16:34.371,0.98489,0.98535,3.08,3.83
2011.01.21 19:16:34.590,0.9849,0.98535,2.33,1.58
2011.01.21 19:16:35.467,0.9849,0.98534,2.33,2.40
2011.01.21 19:16:36.502,0.98492,0.98531,1.77,2.25
2011.01.21 19:16:37.140,0.98492,0.9853,1.77,2.25
2011.01.21 19:16:37.753,0.98492,0.98529,1.77,2.25
2011.01.21 19:16:38.300,0.98492,0.9853,1.77,2.25
2011.01.21 19:16:39.740,0.98492,0.98529,1.77,2.25
2011.01.21 19:16:40.422,0.98492,0.9853,1.77,2.25
2011.01.21 19:16:49.600,0.98492,0.98532,1.77,2.33
2011.01.21 19:16:50.461,0.98493,0.9853,1.02,2.25
2011.01.21 19:16:51.891,0.98492,0.98532,2.33,2.33
2011.01.21 19:16:52.486,0.98488,0.9853,1.02,2.25
2011.01.21 19:16:52.613,0.98488,0.98528,1.02,2.25
2011.01.21 19:16:53.482,0.98487,0.9853,1.02,2.33
2011.01.21 19:16:54.572,0.98484,0.98529,3.00,1.02
2011.01.21 19:16:54.791,0.98482,0.98524,1.58,2.25
2011.01.21 19:16:54.901,0.98482,0.98522,1.58,2.25
2011.01.21 19:16:55.464,0.98486,0.98522,1.50,2.25
2011.01.21 19:16:55.681,0.98486,0.98526,2.33,2.25
2011.01.21 19:16:56.938,0.98486,0.98528,2.33,2.33
2011.01.21 19:16:58.172,0.98486,0.98528,4.65,2.25
2011.01.21 19:17:03.487,0.98486,0.98528,2.40,2.40
2011.01.21 19:17:11.623,0.98487,0.98528,1.05,2.25
2011.01.21 19:17:18.982,0.98487,0.9853,1.05,2.25
2011.01.21 19:17:21.662,0.98487,0.98529,1.05,2.25
2011.01.21 19:17:24.460,0.98485,0.98529,4.84,2.40
2011.01.21 19:17:25.002,0.98487,0.98529,1.05,2.25
2011.01.21 19:17:25.734,0.98485,0.9853,2.52,2.25
2011.01.21 19:17:25.862,0.98487,0.9853,1.02,2.25
2011.01.21 19:17:27.234,0.9849,0.9853,1.69,2.25
2011.01.21 19:17:28.493,0.9849,0.9853,4.09,2.25
2011.01.21 19:17:29.317,0.9849,0.98531,4.09,2.25
2011.01.21 19:17:29.477,0.9849,0.98531,1.77,2.25
2011.01.21 19:17:30.000,0.98492,0.9853,1.77,2.25
2011.01.21 19:17:31.981,0.98493,0.98531,1.58,2.25
2011.01.21 19:17:33.856,0.98487,0.9853,3.00,1.65
2011.01.21 19:17:34.740,0.98484,0.98529,2.40,2.25
2011.01.21 19:17:34.962,0.98484,0.98529,2.33,2.40
2011.01.21 19:17:35.612,0.98484,0.98526,2.33,2.25
2011.01.21 19:17:39.501,0.98486,0.9853,3.08,2.33
2011.01.21 19:17:40.554,0.98484,0.9853,3.08,2.33
2011.01.21 19:17:43.611,0.98485,0.98529,3.08,2.25
2011.01.21 19:17:43.721,0.98487,0.98531,3.08,3.75
2011.01.21 19:17:43.829,0.98483,0.98529,3.15,2.25
2011.01.21 19:17:44.202,0.98483,0.98527,1.09,2.33
2011.01.21 19:17:45.050,0.98482,0.98526,10.83,2.25
2011.01.21 19:17:45.503,0.98482,0.98528,4.84,2.33
2011.01.21 19:17:46.171,0.98482,0.98527,2.59,2.25
2011.01.21 19:17:48.036,0.98483,0.98528,3.08,2.33
2011.01.21 19:17:48.151,0.98483,0.98529,3.08,2.40
2011.01.21 19:17:48.858,0.98486,0.9853,6.53,1.58
2011.01.21 19:17:49.081,0.98486,0.9853,3.08,1.65
2011.01.21 19:17:49.551,0.98486,0.9853,3.08,3.83
2011.01.21 19:17:50.100,0.98485,0.9853,3.08,1.58
2011.01.21 19:17:51.530,0.98485,0.9853,3.08,1.58
2011.01.21 19:17:52.131,0.98482,0.98526,2.59,2.25
2011.01.21 19:17:52.893,0.98482,0.98525,5.13,2.25
2011.01.21 19:17:55.660,0.98482,0.98527,2.59,2.33
2011.01.21 19:17:55.769,0.98482,0.98525,2.59,2.25
2011.01.21 19:17:56.381,0.98482,0.98524,5.13,2.25
2011.01.21 19:17:56.891,0.98482,0.98524,2.59,2.33
2011.01.21 19:18:08.731,0.98483,0.98527,3.15,2.25
2011.01.21 19:18:08.881,0.98483,0.98527,3.08,2.25
2011.01.21 19:18:11.388,0.98482,0.98526,4.84,2.25
2011.01.21 19:18:12.029,0.98482,0.98527,2.59,2.25
2011.01.21 19:18:13.125,0.98481,0.98526,2.59,1.50
2011.01.21 19:18:13.704,0.98482,0.98528,4.02,2.40
2011.01.21 19:18:13.922,0.98482,0.98528,4.09,2.40
2011.01.21 19:18:15.533,0.98482,0.98528,4.09,4.58
2011.01.21 19:18:15.641,0.98482,0.98526,4.09,2.25
2011.01.21 19:18:19.112,0.98483,0.98527,2.33,2.25
2011.01.21 19:18:19.241,0.98482,0.98526,4.09,2.25
2011.01.21 19:18:21.616,0.98482,0.98525,1.84,2.25
2011.01.21 19:18:22.400,0.98482,0.98527,2.59,2.25
2011.01.21 19:18:23.827,0.98482,0.98526,2.59,2.25
2011.01.21 19:18:24.811,0.98482,0.98525,1.84,2.25
2011.01.21 19:18:26.380,0.98482,0.98526,4.09,2.25
2011.01.21 19:18:27.068,0.98482,0.98524,1.84,2.25
2011.01.21 19:18:27.178,0.98475,0.98521,3.75,2.25
2011.01.21 19:18:27.292,0.98475,0.98519,2.25,1.50
2011.01.21 19:18:28.085,0.98475,0.98514,2.25,2.25
2011.01.21 19:18:28.194,0.98475,0.9852,4.50,1.58
2011.01.21 19:18:28.303,0.98476,0.9852,2.25,1.84
2011.01.21 19:18:28.522,0.98476,0.98515,3.00,1.50
2011.01.21 19:18:28.956,0.98478,0.98522,2.25,3.90
2011.01.21 19:18:29.075,0.9848,0.98522,2.25,1.65
2011.01.21 19:18:29.900,0.98479,0.98522,3.75,1.65
2011.01.21 19:18:30.245,0.98477,0.9852,2.25,1.65
2011.01.21 19:18:30.794,0.98476,0.9852,2.40,1.65
2011.01.21 19:18:31.422,0.98477,0.98522,2.25,2.78
2011.01.21 19:18:32.254,0.98479,0.98521,2.25,1.65
2011.01.21 19:18:32.595,0.98477,0.98521,2.33,3.90
2011.01.21 19:18:32.712,0.98477,0.98521,4.02,1.58
2011.01.21 19:18:33.396,0.98479,0.98521,3.00,1.58
2011.01.21 19:18:34.090,0.9848,0.98521,2.25,1.58
2011.01.21 19:18:34.457,0.9848,0.98521,2.33,1.58
2011.01.21 19:18:36.720,0.98484,0.98527,2.44,2.40
2011.01.21 19:18:36.834,0.98484,0.98527,1.77,2.33
2011.01.21 19:18:38.321,0.98485,0.98529,2.40,2.33
2011.01.21 19:18:39.403,0.98483,0.98528,1.84,2.25
2011.01.21 19:18:40.412,0.98484,0.98527,1.77,2.25
2011.01.21 19:18:40.654,0.98484,0.98527,1.69,2.25
2011.01.21 19:18:41.475,0.98484,0.98527,1.77,2.40
2011.01.21 19:18:53.173,0.98487,0.9853,2.55,1.65
2011.01.21 19:19:01.000,0.98485,0.98529,2.33,2.40
2011.01.21 19:19:04.921,0.98484,0.98529,1.77,2.33
2011.01.21 19:19:05.575,0.98484,0.98527,1.77,2.25
2011.01.21 19:19:06.311,0.98484,0.98527,1.69,2.33
2011.01.21 19:19:07.414,0.98484,0.98527,1.77,2.25
2011.01.21 19:19:07.933,0.98484,0.98528,3.27,2.33
2011.01.21 19:19:08.530,0.98484,0.98528,3.27,2.40
2011.01.21 19:19:09.603,0.98484,0.98528,4.02,2.40
2011.01.21 19:19:12.901,0.98485,0.98529,3.08,1.65
2011.01.21 19:19:13.704,0.98486,0.98529,3.08,1.65
2011.01.21 19:19:14.904,0.98484,0.98529,1.02,3.90
2011.01.21 19:19:15.158,0.98487,0.98529,1.05,1.65
2011.01.21 19:19:15.502,0.98488,0.98529,3.00,1.58
2011.01.21 19:19:16.254,0.98488,0.98529,3.00,1.58
2011.01.21 19:19:17.441,0.98488,0.98529,3.00,1.58
2011.01.21 19:19:19.380,0.98487,0.98529,3.08,1.58
2011.01.21 19:19:20.461,0.98487,0.98529,3.08,1.58
2011.01.21 19:19:21.701,0.98486,0.9853,3.08,3.83
2011.01.21 19:19:21.811,0.98484,0.98526,2.52,2.25
2011.01.21 19:19:22.306,0.98492,0.98526,1.69,2.25
2011.01.21 19:19:22.428,0.98492,0.98535,3.00,1.50
2011.01.21 19:19:22.983,0.98494,0.98535,2.25,1.50
2011.01.21 19:19:23.566,0.98496,0.9854,2.25,3.90
2011.01.21 19:19:24.431,0.98496,0.9854,2.52,3.83
2011.01.21 19:19:25.464,0.98498,0.98542,1.09,1.65
2011.01.21 19:19:32.153,0.98494,0.9854,5.33,2.33
2011.01.21 19:19:32.261,0.98494,0.9854,5.33,2.40
2011.01.21 19:19:34.541,0.98495,0.98536,2.33,2.25
2011.01.21 19:19:34.870,0.98497,0.98536,1.09,2.25
2011.01.21 19:19:35.092,0.98497,0.98539,1.09,2.25
2011.01.21 19:19:35.667,0.98497,0.9854,1.09,2.25
2011.01.21 19:19:35.789,0.98495,0.98541,3.08,4.58
2011.01.21 19:19:35.906,0.98494,0.98534,1.02,2.25
2011.01.21 19:19:36.243,0.98491,0.98532,2.25,2.25
2011.01.21 19:19:36.744,0.98489,0.98533,1.69,2.25
2011.01.21 19:19:36.961,0.98491,0.98533,2.44,2.25
2011.01.21 19:19:37.401,0.98488,0.98532,3.27,2.33
2011.01.21 19:19:38.977,0.98488,0.98532,3.27,2.33
2011.01.21 19:19:40.057,0.98488,0.98532,3.27,2.33
2011.01.21 19:19:41.092,0.98489,0.98533,3.08,2.33
2011.01.21 19:19:42.471,0.98489,0.98533,3.08,2.40
2011.01.21 19:19:43.513,0.98488,0.98532,1.02,2.25
2011.01.21 19:19:45.642,0.98488,0.98532,2.74,2.25
2011.01.21 19:19:45.861,0.98492,0.98532,2.59,2.25
2011.01.21 19:19:46.567,0.98492,0.98533,2.59,2.25
2011.01.21 19:19:47.151,0.98492,0.98534,2.59,2.40
2011.01.21 19:19:47.976,0.98494,0.98537,3.08,3.00
2011.01.21 19:19:48.093,0.98492,0.98533,2.59,2.25
2011.01.21 19:19:48.334,0.98492,0.98535,4.84,2.25
2011.01.21 19:19:50.170,0.98492,0.98536,4.77,3.00
2011.01.21 19:19:50.535,0.98492,0.98536,5.13,3.08
2011.01.21 19:19:51.780,0.98492,0.98534,5.13,2.33
2011.01.21 19:19:58.404,0.9849,0.98534,3.08,2.33
2011.01.21 19:19:59.238,0.9849,0.98534,3.08,2.33
2011.01.21 19:19:59.781,0.98493,0.98534,1.05,2.40
2011.01.21 19:20:00.898,0.98493,0.98534,1.05,2.40
2011.01.21 19:20:02.600,0.98496,0.98537,2.33,2.25
2011.01.21 19:20:03.151,0.98496,0.9854,3.08,4.58
2011.01.21 19:20:03.650,0.98496,0.9854,3.15,2.40
2011.01.21 19:20:04.192,0.98496,0.9854,2.40,2.40
2011.01.21 19:20:05.001,0.98498,0.9854,2.33,2.33
2011.01.21 19:20:05.441,0.98495,0.98539,2.25,2.33
2011.01.21 19:20:05.661,0.98495,0.98539,2.33,2.33
2011.01.21 19:20:08.411,0.98494,0.9854,4.50,3.83
2011.01.21 19:20:08.905,0.98489,0.98534,2.33,2.25
2011.01.21 19:20:09.513,0.98489,0.98534,2.33,2.33
2011.01.21 19:20:10.306,0.98488,0.98534,3.49,2.40
2011.01.21 19:20:10.720,0.98488,0.98534,4.09,2.40
2011.01.21 19:20:11.659,0.98489,0.98534,3.83,1.65
2011.01.21 19:20:12.672,0.98493,0.98534,1.02,1.50
2011.01.21 19:20:13.005,0.98492,0.98534,2.33,2.25
2011.01.21 19:20:14.373,0.98489,0.98535,3.83,3.75
2011.01.21 19:20:14.481,0.98489,0.98533,3.83,2.33
2011.01.21 19:20:15.430,0.9849,0.98534,3.15,2.55
2011.01.21 19:20:17.980,0.9849,0.98534,3.15,2.55
2011.01.21 19:20:18.852,0.9849,0.98534,6.53,2.33
2011.01.21 19:20:19.393,0.9849,0.98533,3.08,1.65
2011.01.21 19:20:19.611,0.98488,0.98528,1.02,2.33
2011.01.21 19:20:21.222,0.98496,0.98533,1.69,2.25
2011.01.21 19:20:22.011,0.98496,0.9854,2.44,2.40
2011.01.21 19:20:22.646,0.98497,0.9854,1.02,2.33
2011.01.21 19:20:23.499,0.98498,0.9854,1.02,2.33
2011.01.21 19:20:25.134,0.98497,0.98539,2.33,2.33
2011.01.21 19:20:25.463,0.98495,0.98538,3.00,1.65
2011.01.21 19:20:25.682,0.98493,0.98535,3.00,1.58
2011.01.21 19:20:26.553,0.98493,0.98536,3.00,1.58
2011.01.21 19:20:27.358,0.98492,0.98536,3.08,3.83
2011.01.21 19:20:27.471,0.98492,0.98536,3.08,3.90
2011.01.21 19:20:28.664,0.98491,0.98536,3.08,1.65
2011.01.21 19:20:29.950,0.98491,0.98536,3.08,1.65
2011.01.21 19:20:31.158,0.98491,0.98536,3.08,1.65
2011.01.21 19:20:31.490,0.98492,0.98537,1.02,3.75
2011.01.21 19:20:32.713,0.98497,0.98538,1.69,2.33
2011.01.21 19:20:33.261,0.98498,0.9854,2.52,2.33
2011.01.21 19:20:33.701,0.98501,0.98545,2.25,3.15
2011.01.21 19:20:34.033,0.98501,0.98545,2.52,2.33
2011.01.21 19:20:34.463,0.98501,0.98545,2.52,2.25
2011.01.21 19:20:35.015,0.98504,0.98547,1.50,1.50
2011.01.21 19:20:35.242,0.98504,0.98546,2.25,1.58
2011.01.21 19:20:35.573,0.98504,0.98547,2.25,1.58
2011.01.21 19:20:36.132,0.98504,0.98547,2.33,1.65
2011.01.21 19:20:36.647,0.98503,0.98547,2.59,1.65
2011.01.21 19:20:37.557,0.98503,0.98546,2.59,1.58
2011.01.21 19:20:38.750,0.98503,0.98546,2.59,3.08
2011.01.21 19:20:39.501,0.98503,0.98546,2.59,3.83
2011.01.21 19:20:40.848,0.98503,0.98546,2.59,3.83
2011.01.21 19:20:53.568,0.98504,0.98547,1.50,3.90
2011.01.21 19:20:53.791,0.98497,0.98537,3.08,1.69
2011.01.21 19:20:53.901,0.98494,0.98537,3.08,1.69
2011.01.21 19:20:54.012,0.98494,0.98537,2.25,1.84
2011.01.21 19:20:54.538,0.98489,0.98531,5.25,1.50
2011.01.21 19:20:56.711,0.98489,0.98531,3.00,1.65
2011.01.21 19:20:57.521,0.98489,0.98531,3.00,1.58
2011.01.21 19:21:04.334,0.98492,0.98533,1.09,2.25
2011.01.21 19:21:04.731,0.9849,0.98535,2.44,2.25
2011.01.21 19:21:05.313,0.98492,0.98535,2.44,2.25
2011.01.21 19:21:06.662,0.98492,0.98535,2.59,2.25
2011.01.21 19:21:07.554,0.98492,0.98535,2.59,2.33
2011.01.21 19:21:16.931,0.98489,0.98535,3.19,2.33
2011.01.21 19:21:17.151,0.98489,0.98535,2.25,2.33
2011.01.21 19:21:17.371,0.98491,0.98535,2.25,2.33
2011.01.21 19:21:17.844,0.98489,0.98533,2.25,2.33
2011.01.21 19:21:20.173,0.9849,0.98534,2.25,2.33
2011.01.21 19:21:20.728,0.98489,0.98533,2.25,2.33
2011.01.21 19:21:24.121,0.98491,0.98533,1.50,2.33
2011.01.21 19:21:24.451,0.98491,0.98535,4.58,2.33
2011.01.21 19:21:25.841,0.98492,0.98533,2.33,1.58
2011.01.21 19:21:26.592,0.98489,0.98533,1.58,3.83
2011.01.21 19:21:27.555,0.98489,0.98532,1.58,2.33
2011.01.21 19:21:28.603,0.98488,0.98532,3.08,2.33
2011.01.21 19:21:29.361,0.98488,0.98532,3.08,2.33
2011.01.21 19:21:29.695,0.98488,0.98532,3.08,2.33
2011.01.21 19:21:30.504,0.98483,0.98527,3.83,1.09
2011.01.21 19:21:31.244,0.9848,0.9852,2.33,1.50
2011.01.21 19:21:31.758,0.9848,0.9852,2.25,1.50
2011.01.21 19:21:31.884,0.9848,0.98526,2.25,2.33
2011.01.21 19:21:32.381,0.98481,0.98525,2.25,2.33
2011.01.21 19:21:32.822,0.98482,0.98528,4.50,2.40
2011.01.21 19:21:33.799,0.98484,0.98524,2.25,1.58
2011.01.21 19:21:33.912,0.98482,0.98524,2.25,1.58
2011.01.21 19:21:34.142,0.9848,0.98524,2.25,1.58
2011.01.21 19:21:35.403,0.98481,0.98526,1.50,2.33
2011.01.21 19:21:36.013,0.98483,0.98527,3.00,2.40
2011.01.21 19:21:36.589,0.98483,0.98527,3.00,2.40
2011.01.21 19:21:36.701,0.98483,0.98527,3.08,2.40
2011.01.21 19:21:36.921,0.98483,0.98527,3.00,2.25
2011.01.21 19:21:37.388,0.98483,0.98525,2.25,1.50
2011.01.21 19:21:37.507,0.98479,0.98525,6.00,3.75
2011.01.21 19:21:37.843,0.98478,0.98522,2.33,1.50
2011.01.21 19:21:39.552,0.98478,0.98522,2.33,1.65
2011.01.21 19:21:40.771,0.98478,0.98522,4.50,1.50
2011.01.21 19:21:40.886,0.98482,0.98527,2.25,2.33
2011.01.21 19:21:42.480,0.98483,0.98527,3.15,2.40
2011.01.21 19:21:43.472,0.98483,0.98527,3.15,2.25
2011.01.21 19:21:43.801,0.98482,0.98527,1.05,3.00
2011.01.21 19:21:44.132,0.98471,0.98509,2.25,2.25
2011.01.21 19:21:44.566,0.98471,0.98504,2.25,2.44
2011.01.21 19:21:44.687,0.98459,0.98503,2.33,2.25
2011.01.21 19:21:44.914,0.98459,0.98505,2.25,2.44
2011.01.21 19:21:45.022,0.98457,0.985,3.08,2.25
2011.01.21 19:21:45.353,0.98457,0.98503,7.00,2.25
2011.01.21 19:21:45.572,0.98462,0.98506,2.25,2.25
2011.01.21 19:21:46.392,0.98463,0.98507,2.33,2.25
2011.01.21 19:21:47.055,0.98466,0.98511,2.33,1.58
2011.01.21 19:21:47.171,0.98466,0.98511,2.25,1.50
2011.01.21 19:21:47.284,0.98471,0.98511,2.25,1.50
2011.01.21 19:21:47.501,0.98471,0.98517,2.25,2.33
2011.01.21 19:21:48.473,0.98471,0.98517,2.33,2.40
2011.01.21 19:21:49.329,0.98471,0.98517,2.25,2.48
2011.01.21 19:21:49.551,0.98468,0.98514,3.08,2.59
2011.01.21 19:21:50.575,0.98475,0.98519,2.25,2.33
2011.01.21 19:21:50.683,0.98477,0.98521,2.33,2.33
2011.01.21 19:21:52.067,0.98477,0.98521,3.27,3.83
2011.01.21 19:21:52.292,0.98477,0.98521,4.02,2.25
2011.01.21 19:21:52.917,0.98478,0.98521,3.27,2.25
2011.01.21 19:21:53.038,0.98482,0.98526,3.27,2.25
2011.01.21 19:21:53.484,0.98484,0.98526,1.69,2.25
2011.01.21 19:21:53.899,0.98485,0.98529,2.44,2.25
2011.01.21 19:21:54.451,0.98487,0.98529,1.77,2.33
2011.01.21 19:21:55.052,0.98487,0.98529,1.02,2.33
2011.01.21 19:21:55.564,0.98487,0.98529,1.09,2.40
2011.01.21 19:21:56.232,0.98487,0.98529,1.09,2.40
2011.01.21 19:21:57.482,0.98487,0.98529,1.09,2.33
2011.01.21 19:22:00.343,0.98486,0.98529,2.25,2.52
2011.01.21 19:22:00.563,0.98487,0.9853,2.25,1.58
2011.01.21 19:22:01.097,0.98485,0.9853,2.25,1.50
2011.01.21 19:22:01.762,0.98486,0.9853,2.25,1.50
2011.01.21 19:22:02.194,0.98486,0.9853,2.33,1.65
2011.01.21 19:22:02.922,0.98487,0.98532,2.40,3.00
2011.01.21 19:22:03.144,0.98489,0.98535,2.25,2.33
2011.01.21 19:22:03.252,0.98489,0.98535,3.00,2.33
2011.01.21 19:22:05.631,0.98491,0.98536,6.53,1.58
2011.01.21 19:22:06.851,0.98499,0.98544,3.00,1.58
2011.01.21 19:22:06.963,0.98498,0.98543,2.25,2.55
2011.01.21 19:22:07.072,0.98498,0.98543,2.25,2.55
2011.01.21 19:22:07.605,0.98492,0.98537,1.02,3.83
2011.01.21 19:22:07.711,0.98491,0.98537,2.52,3.90
2011.01.21 19:22:08.251,0.98492,0.98535,1.02,2.33
2011.01.21 19:22:08.364,0.98493,0.98536,2.33,2.25
2011.01.21 19:22:08.472,0.98494,0.9854,2.33,2.33
2011.01.21 19:22:15.288,0.985,0.98539,1.50,2.25
2011.01.21 19:22:16.161,0.985,0.98543,1.50,2.40
2011.01.21 19:22:16.274,0.985,0.98539,1.58,2.33
2011.01.21 19:22:16.493,0.98499,0.98539,2.52,2.25
2011.01.21 19:22:16.602,0.98502,0.98542,1.02,2.25
2011.01.21 19:22:17.114,0.98496,0.98542,3.90,3.75
2011.01.21 19:22:17.682,0.98496,0.9854,1.65,2.25
2011.01.21 19:22:18.882,0.98496,0.98535,1.58,2.25
2011.01.21 19:22:19.640,0.98496,0.98538,1.58,2.33
2011.01.21 19:22:21.741,0.98494,0.98535,1.58,2.25
2011.01.21 19:22:21.962,0.98494,0.98538,3.83,2.33
2011.01.21 19:22:24.419,0.98494,0.98535,1.58,2.25
2011.01.21 19:22:26.533,0.98495,0.98536,1.58,2.25
2011.01.21 19:22:42.191,0.98495,0.98535,1.58,2.25
2011.01.21 19:22:43.072,0.98495,0.98537,1.58,2.33
2011.01.21 19:22:54.238,0.98495,0.98536,1.58,2.25
2011.01.21 19:22:56.894,0.98495,0.98537,1.58,2.33
2011.01.21 19:22:59.691,0.98495,0.98536,1.58,2.25
2011.01.21 19:23:00.924,0.98495,0.98537,1.58,2.33
2011.01.21 19:23:07.245,0.98497,0.98535,1.02,2.25
2011.01.21 19:23:07.747,0.98502,0.98538,1.69,2.25
2011.01.21 19:23:07.869,0.98503,0.98544,1.69,2.25
2011.01.21 19:23:08.718,0.98503,0.98545,2.44,2.25
2011.01.21 19:23:08.838,0.98508,0.98546,1.69,1.50
2011.01.21 19:23:10.515,0.98508,0.98546,1.77,1.50
2011.01.21 19:23:25.273,0.98507,0.98545,1.84,2.25
2011.01.21 19:23:32.430,0.98507,0.98546,1.84,1.50
2011.01.21 19:23:32.823,0.98509,0.98546,1.69,1.50
2011.01.21 19:23:35.041,0.98509,0.98547,11.59,1.50
2011.01.21 19:23:37.161,0.98509,0.98547,2.59,1.50
2011.01.21 19:23:37.903,0.98509,0.98547,2.59,1.50
2011.01.21 19:23:38.464,0.98509,0.98546,1.09,1.50
2011.01.21 19:23:40.003,0.98509,0.98551,1.09,2.40
2011.01.21 19:23:40.332,0.98519,0.98551,1.69,2.25
2011.01.21 19:23:40.442,0.98519,0.98556,1.69,2.25
2011.01.21 19:23:43.072,0.98517,0.9855,1.50,2.25
2011.01.21 19:23:43.181,0.98507,0.9855,1.99,2.25
2011.01.21 19:23:43.685,0.98508,0.98553,2.59,2.25
2011.01.21 19:23:43.805,0.98513,0.98554,1.77,4.50
2011.01.21 19:23:44.132,0.98514,0.98554,1.77,2.33
2011.01.21 19:23:45.742,0.98514,0.98554,1.77,2.25
2011.01.21 19:23:46.651,0.9851,0.98554,2.33,2.25
2011.01.21 19:23:47.555,0.9851,0.98554,2.40,2.40
2011.01.21 19:23:48.424,0.9851,0.98554,2.33,2.40
2011.01.21 19:24:02.396,0.98514,0.98552,1.50,2.40
2011.01.21 19:24:02.513,0.98514,0.98552,1.77,2.25
2011.01.21 19:24:02.622,0.98514,0.98555,1.77,2.25
2011.01.21 19:24:03.580,0.98514,0.98554,1.77,2.25
2011.01.21 19:24:03.697,0.98513,0.98553,1.69,2.40
2011.01.21 19:24:12.662,0.98513,0.98553,1.65,2.25
2011.01.21 19:24:13.211,0.9851,0.98553,1.50,2.40
2011.01.21 19:24:13.857,0.98508,0.9855,2.33,2.33
2011.01.21 19:24:14.571,0.98508,0.9855,2.25,2.40
2011.01.21 19:24:14.682,0.98508,0.9855,2.25,2.33
2011.01.21 19:24:14.901,0.98503,0.98548,3.08,2.33
2011.01.21 19:24:15.416,0.98502,0.98548,3.08,2.33
2011.01.21 19:24:15.534,0.98501,0.98545,3.08,1.50
2011.01.21 19:24:16.522,0.98501,0.98545,3.15,1.65
2011.01.21 19:24:18.498,0.98502,0.98545,1.05,1.65
2011.01.21 19:24:37.579,0.98501,0.98545,6.53,1.50
2011.01.21 19:24:38.232,0.98504,0.98546,1.02,2.25
2011.01.21 19:24:40.926,0.98503,0.9854,1.02,2.25
2011.01.21 19:24:41.262,0.98504,0.98538,1.02,2.25
2011.01.21 19:24:41.371,0.98504,0.9854,1.02,2.25
2011.01.21 19:24:42.086,0.98502,0.98541,2.52,2.25
2011.01.21 19:24:42.417,0.98503,0.98541,1.02,2.25
2011.01.21 19:24:44.066,0.98503,0.98541,1.24,2.25
2011.01.21 19:24:46.101,0.98503,0.98544,1.24,2.25
2011.01.21 19:24:46.622,0.98504,0.98547,1.09,3.90
2011.01.21 19:24:47.743,0.98503,0.98545,1.24,2.25
2011.01.21 19:24:50.820,0.98503,0.98547,1.24,3.90
2011.01.21 19:24:51.424,0.98504,0.98547,1.09,3.90
2011.01.21 19:24:51.971,0.98503,0.98547,1.24,3.90
2011.01.21 19:24:58.522,0.98504,0.98547,1.02,3.75
2011.01.21 19:24:58.632,0.98509,0.98552,2.44,2.33
2011.01.21 19:25:01.263,0.98513,0.98555,1.09,1.50
2011.01.21 19:25:02.164,0.98514,0.98556,1.02,3.00
2011.01.21 19:25:02.492,0.98513,0.98556,2.52,3.00
2011.01.21 19:25:03.786,0.98513,0.98555,2.52,2.25
2011.01.21 19:25:03.904,0.98513,0.98555,2.52,2.33
2011.01.21 19:25:04.563,0.98513,0.98555,2.52,2.33
2011.01.21 19:25:05.983,0.98513,0.98552,2.52,2.25
2011.01.21 19:25:06.097,0.98513,0.98548,2.52,2.25
2011.01.21 19:25:06.546,0.98512,0.98549,1.58,2.25
2011.01.21 19:25:07.050,0.98512,0.98552,1.58,1.50
2011.01.21 19:25:07.166,0.98509,0.98551,1.09,1.50
2011.01.21 19:25:07.394,0.98508,0.98552,2.59,3.90
2011.01.21 19:25:08.558,0.98509,0.98551,1.02,1.58
2011.01.21 19:25:09.572,0.98509,0.98551,1.09,1.50
2011.01.21 19:25:16.462,0.98508,0.98551,2.44,1.58
2011.01.21 19:25:16.922,0.98508,0.98544,2.25,2.25
2011.01.21 19:25:17.033,0.98497,0.98539,1.58,2.25
2011.01.21 19:25:17.252,0.98497,0.98541,3.83,2.25
2011.01.21 19:25:17.991,0.98497,0.98541,3.90,2.33
2011.01.21 19:25:18.211,0.98502,0.98543,3.15,1.58
2011.01.21 19:25:19.635,0.98501,0.98543,3.08,1.65
2011.01.21 19:25:19.858,0.98501,0.98543,6.53,1.58
2011.01.21 19:25:20.845,0.98501,0.98543,3.08,1.65
2011.01.21 19:25:21.071,0.98501,0.98543,6.53,1.58
2011.01.21 19:25:21.696,0.98504,0.98547,2.52,1.50
2011.01.21 19:25:21.812,0.98506,0.98546,1.02,1.50
2011.01.21 19:25:24.011,0.98508,0.98547,2.25,1.50
2011.01.21 19:25:24.484,0.98508,0.98547,2.40,1.58
2011.01.21 19:25:32.104,0.98511,0.98553,1.02,2.33
2011.01.21 19:25:33.459,0.98513,0.98554,2.40,2.25
2011.01.21 19:25:34.769,0.98513,0.98555,2.40,2.25
2011.01.21 19:25:35.172,0.98513,0.98555,2.33,3.19
2011.01.21 19:25:35.283,0.98502,0.98547,3.83,1.50
2011.01.21 19:25:35.503,0.98499,0.98538,1.69,2.25
2011.01.21 19:25:35.831,0.98502,0.98539,1.65,2.25
2011.01.21 19:25:36.930,0.98502,0.98541,1.65,2.25
2011.01.21 19:25:38.235,0.98502,0.9854,1.65,2.25
2011.01.21 19:25:38.341,0.98502,0.9854,1.58,2.25
2011.01.21 19:25:39.799,0.98502,0.9854,2.33,2.25
2011.01.21 19:25:40.671,0.98502,0.98541,2.33,2.25
2011.01.21 19:25:41.634,0.98502,0.98539,2.33,2.25
2011.01.21 19:25:42.212,0.98502,0.98541,2.33,2.25
2011.01.21 19:25:48.191,0.98503,0.98541,1.09,2.25
2011.01.21 19:25:48.412,0.98508,0.98546,2.25,2.25
2011.01.21 19:25:48.523,0.98502,0.98541,2.33,2.25
2011.01.21 19:25:50.242,0.98503,0.98545,1.77,2.25
2011.01.21 19:25:50.801,0.98507,0.98547,2.44,2.33
2011.01.21 19:25:51.861,0.98508,0.98543,1.02,2.25
2011.01.21 19:25:52.192,0.98503,0.9854,2.44,2.25
2011.01.21 19:25:52.302,0.98503,0.9854,2.44,2.25
2011.01.21 19:25:54.924,0.98503,0.98543,2.25,3.08
2011.01.21 19:25:55.142,0.98498,0.98541,2.25,1.50
2011.01.21 19:25:55.362,0.98496,0.9854,2.33,2.25
2011.01.21 19:25:55.474,0.98496,0.9854,2.33,2.33
2011.01.21 19:25:56.076,0.98495,0.98539,2.44,2.40
2011.01.21 19:25:56.523,0.98497,0.98539,2.59,2.25
2011.01.21 19:25:56.744,0.98497,0.98538,1.65,2.25
2011.01.21 19:25:56.852,0.98497,0.9854,1.65,2.25
2011.01.21 19:25:57.354,0.98494,0.98538,4.09,2.25
2011.01.21 19:25:58.496,0.98494,0.98538,4.02,2.40
2011.01.21 19:25:59.253,0.98494,0.98538,2.52,2.33
2011.01.21 19:26:07.194,0.98494,0.98537,2.52,2.25
2011.01.21 19:26:11.690,0.98494,0.98539,1.77,4.58
2011.01.21 19:26:22.963,0.98494,0.98539,2.44,4.58
2011.01.21 19:26:23.072,0.98497,0.98539,3.00,2.33
2011.01.21 19:26:23.839,0.985,0.98541,1.50,1.58
2011.01.21 19:26:24.172,0.98494,0.98538,2.52,2.33
2011.01.21 19:26:27.095,0.98493,0.98536,2.33,2.25
2011.01.21 19:26:28.433,0.98493,0.98536,2.33,2.25
2011.01.21 19:26:28.651,0.98494,0.98538,3.08,2.33
2011.01.21 19:26:31.271,0.98493,0.98539,4.50,2.59
2011.01.21 19:26:31.381,0.98493,0.98535,2.25,2.25
2011.01.21 19:26:32.076,0.98493,0.98536,2.25,2.33
2011.01.21 19:26:33.083,0.98495,0.98536,1.50,2.33
2011.01.21 19:26:34.062,0.98495,0.98536,1.50,2.40
2011.01.21 19:26:34.393,0.98495,0.98536,1.58,2.25
2011.01.21 19:26:35.282,0.98497,0.98536,2.59,2.25
2011.01.21 19:26:35.391,0.98497,0.98538,2.59,2.25
2011.01.21 19:26:36.029,0.98497,0.9854,2.59,2.25
2011.01.21 19:26:36.534,0.98499,0.98539,2.40,2.25
2011.01.21 19:26:37.703,0.98502,0.98538,1.77,2.25
2011.01.21 19:26:38.032,0.98502,0.9854,1.58,2.25
2011.01.21 19:26:38.638,0.98502,0.98541,1.77,3.00
2011.01.21 19:26:38.752,0.98502,0.98541,1.84,3.00
2011.01.21 19:26:39.212,0.98502,0.98539,1.84,2.25
2011.01.21 19:26:39.481,0.98502,0.98542,1.84,1.50
2011.01.21 19:26:40.926,0.98502,0.98541,1.77,1.50
2011.01.21 19:26:46.033,0.98502,0.9854,1.77,2.25
2011.01.21 19:26:47.470,0.98502,0.98539,1.77,2.25
2011.01.21 19:26:54.633,0.98502,0.98538,1.77,2.25
2011.01.21 19:26:55.183,0.98494,0.98537,1.65,2.25
2011.01.21 19:26:55.402,0.98494,0.98537,1.50,2.25
2011.01.21 19:26:56.050,0.98494,0.98536,1.50,2.25
2011.01.21 19:26:56.544,0.98494,0.98536,1.65,2.25
2011.01.21 19:26:57.443,0.98494,0.98536,1.58,2.25
2011.01.21 19:26:58.865,0.98494,0.9854,3.83,3.83
2011.01.21 19:27:03.055,0.98494,0.98538,1.50,4.65
2011.01.21 19:27:03.624,0.98494,0.98536,1.50,2.25
2011.01.21 19:27:04.163,0.98494,0.98535,1.58,2.33
2011.01.21 19:27:05.475,0.98494,0.98536,1.58,2.25
2011.01.21 19:27:05.976,0.98494,0.98538,3.83,4.58
2011.01.21 19:27:10.346,0.98494,0.98538,4.50,2.33
2011.01.21 19:27:11.442,0.98494,0.98539,2.25,2.40
2011.01.21 19:27:12.146,0.98495,0.98539,2.25,2.40
2011.01.21 19:27:12.552,0.98494,0.98539,2.33,2.40
2011.01.21 19:27:19.522,0.98499,0.98538,1.50,2.25
2011.01.21 19:27:20.417,0.98499,0.98539,1.50,2.25
2011.01.21 19:27:20.833,0.98499,0.98539,1.58,2.33
2011.01.21 19:27:21.271,0.98499,0.98539,1.77,2.25
2011.01.21 19:27:21.821,0.98503,0.98541,1.65,3.00
2011.01.21 19:27:21.932,0.98503,0.98541,1.58,3.00
2011.01.21 19:27:23.240,0.98503,0.9854,1.58,2.25
2011.01.21 19:27:23.353,0.98503,0.9854,1.50,2.25
2011.01.21 19:27:24.752,0.98503,0.98541,1.50,3.75
2011.01.21 19:27:25.461,0.98503,0.98541,1.65,1.50
2011.01.21 19:27:36.742,0.98503,0.98541,1.50,1.50
2011.01.21 19:27:38.505,0.98503,0.98542,1.50,1.58
2011.01.21 19:27:39.462,0.98503,0.98541,2.25,1.58
2011.01.21 19:27:41.483,0.98498,0.98538,1.50,2.40
2011.01.21 19:27:42.497,0.98498,0.98538,1.58,2.40
2011.01.21 19:27:44.447,0.98497,0.9854,2.25,4.02
2011.01.21 19:27:44.565,0.98499,0.9854,2.25,1.58
2011.01.21 19:27:44.673,0.98499,0.9854,2.25,1.50
2011.01.21 19:27:45.225,0.98499,0.98541,1.50,2.25
2011.01.21 19:27:45.662,0.985,0.98543,2.44,2.33
2011.01.21 19:27:46.151,0.98503,0.98544,1.50,2.33
2011.01.21 19:27:46.701,0.98503,0.98547,4.50,3.83
2011.01.21 19:27:47.716,0.98504,0.98547,2.25,1.58
2011.01.21 19:27:48.653,0.98504,0.98547,2.33,1.65
2011.01.21 19:27:49.095,0.98504,0.98547,2.33,1.50
2011.01.21 19:27:49.690,0.98504,0.98547,3.08,1.50
2011.01.21 19:27:51.308,0.98504,0.98547,2.33,1.50
2011.01.21 19:27:52.616,0.98504,0.98547,2.25,1.58
2011.01.21 19:27:52.843,0.98508,0.98549,3.00,1.58
2011.01.21 19:27:53.512,0.98507,0.98551,4.77,2.33
2011.01.21 19:27:55.478,0.98507,0.98551,2.59,2.33
2011.01.21 19:28:00.194,0.98505,0.98549,3.00,2.52
2011.01.21 19:28:00.303,0.98503,0.98547,4.50,2.44
2011.01.21 19:28:00.412,0.98503,0.98545,2.25,2.25
2011.01.21 19:28:01.003,0.98501,0.98544,1.65,2.40
2011.01.21 19:28:02.353,0.98501,0.98546,1.58,4.65
2011.01.21 19:28:04.633,0.98503,0.98547,3.00,2.59
2011.01.21 19:28:05.157,0.98506,0.9855,3.19,2.33
2011.01.21 19:28:05.713,0.98503,0.98549,3.08,2.52
2011.01.21 19:28:06.255,0.98503,0.98549,3.08,5.97
2011.01.21 19:28:06.367,0.98505,0.98547,1.50,2.25
2011.01.21 19:28:06.594,0.98502,0.98546,4.58,2.25
2011.01.21 19:28:06.703,0.98502,0.98546,4.58,2.33
2011.01.21 19:28:09.344,0.98501,0.98544,1.65,2.55
2011.01.21 19:28:13.296,0.98502,0.98547,3.08,1.58
2011.01.21 19:28:13.783,0.98505,0.98544,1.58,2.25
2011.01.21 19:28:13.904,0.98504,0.98543,2.25,1.84
2011.01.21 19:28:14.012,0.98502,0.98543,4.50,1.84
2011.01.21 19:28:14.709,0.98501,0.98542,2.25,1.65
2011.01.21 19:28:15.215,0.98496,0.9854,2.33,2.33
2011.01.21 19:28:15.432,0.98498,0.98541,2.33,1.65
2011.01.21 19:28:17.443,0.98493,0.98539,4.65,2.33
2011.01.21 19:28:21.671,0.98493,0.98538,2.25,2.55
2011.01.21 19:28:22.143,0.98493,0.98538,2.55,2.40
2011.01.21 19:28:22.807,0.98493,0.98535,1.05,1.69
2011.01.21 19:28:23.131,0.98493,0.98537,2.25,2.67
2011.01.21 19:28:23.742,0.98492,0.98536,2.25,2.40
2011.01.21 19:28:24.504,0.98489,0.98535,3.90,2.40
2011.01.21 19:28:24.734,0.98489,0.98535,3.75,3.30
2011.01.21 19:28:25.172,0.98491,0.98535,1.50,3.30
2011.01.21 19:28:25.904,0.98491,0.98535,1.65,3.15
2011.01.21 19:28:28.203,0.98494,0.98537,1.50,1.58
2011.01.21 19:28:28.535,0.98497,0.98536,2.25,1.58
2011.01.21 19:28:31.402,0.98496,0.98537,2.33,1.50
2011.01.21 19:28:34.916,0.98497,0.98537,2.40,1.50
2011.01.21 19:28:35.352,0.98498,0.9854,2.40,2.25
2011.01.21 19:28:35.462,0.98498,0.98542,2.40,2.25
2011.01.21 19:28:36.112,0.98498,0.98542,2.25,2.40
2011.01.21 19:28:36.534,0.98498,0.98542,2.40,2.40
2011.01.21 19:28:38.488,0.98498,0.98542,1.58,2.25
2011.01.21 19:28:39.881,0.98498,0.98543,1.58,2.33
2011.01.21 19:28:43.481,0.98498,0.98542,3.90,2.25
2011.01.21 19:28:45.112,0.985,0.98544,2.40,2.40
2011.01.21 19:28:45.222,0.985,0.98544,2.25,2.40
2011.01.21 19:28:45.753,0.98501,0.98543,1.69,2.40
2011.01.21 19:28:46.492,0.98501,0.98543,1.84,2.33
2011.01.21 19:28:47.562,0.98501,0.98544,1.77,2.33
2011.01.21 19:28:50.012,0.98503,0.98543,1.50,2.33
2011.01.21 19:28:50.622,0.98501,0.98545,1.77,4.58
2011.01.21 19:28:53.471,0.98503,0.98545,1.50,2.33
2011.01.21 19:28:54.910,0.98501,0.98545,1.77,2.33
2011.01.21 19:28:56.974,0.98501,0.98542,1.77,2.25
2011.01.21 19:29:00.783,0.98501,0.98542,1.50,2.40
2011.01.21 19:29:00.891,0.98499,0.98542,1.50,2.40
2011.01.21 19:29:01.501,0.985,0.98542,1.58,2.33
2011.01.21 19:29:01.725,0.98496,0.98542,2.25,2.40
2011.01.21 19:29:02.319,0.98495,0.98541,3.75,3.90
2011.01.21 19:29:03.415,0.98497,0.98541,2.33,1.65
2011.01.21 19:29:04.555,0.98497,0.98541,2.33,1.58
2011.01.21 19:29:14.743,0.98507,0.98541,2.25,1.50
2011.01.21 19:29:15.403,0.98511,0.98547,1.50,1.58
2011.01.21 19:29:18.526,0.98511,0.98547,1.65,1.50
2011.01.21 19:29:19.138,0.98511,0.98547,1.65,1.50
2011.01.21 19:29:21.782,0.98511,0.98547,1.65,1.50
2011.01.21 19:29:22.453,0.98511,0.98547,1.65,1.50
2011.01.21 19:29:23.101,0.98511,0.98547,1.65,1.50
2011.01.21 19:29:25.370,0.98511,0.98547,1.65,1.50
2011.01.21 19:29:25.592,0.98511,0.98551,1.65,2.40
2011.01.21 19:29:25.922,0.98507,0.9855,2.33,2.33
2011.01.21 19:29:26.142,0.98507,0.9855,2.33,2.40
2011.01.21 19:29:27.630,0.98505,0.98548,3.83,2.33
2011.01.21 19:29:27.851,0.98507,0.98546,1.58,2.25
2011.01.21 19:29:31.738,0.98507,0.98547,1.58,2.25
2011.01.21 19:29:32.514,0.9851,0.98549,1.58,2.33
2011.01.21 19:29:33.615,0.9851,0.98549,1.50,2.33
2011.01.21 19:29:33.943,0.98501,0.98544,2.33,1.58
2011.01.21 19:29:36.474,0.985,0.98544,2.40,3.90
2011.01.21 19:29:37.645,0.98504,0.98546,2.25,1.58
2011.01.21 19:29:37.755,0.98504,0.98546,2.25,1.50
2011.01.21 19:29:37.864,0.9851,0.98546,2.44,1.50
2011.01.21 19:29:38.463,0.98503,0.98544,1.65,2.25
2011.01.21 19:29:38.905,0.98503,0.98547,1.65,2.25
2011.01.21 19:29:39.552,0.98503,0.98547,3.83,2.25
2011.01.21 19:29:41.381,0.98504,0.98548,2.40,2.40
2011.01.21 19:29:42.331,0.98503,0.98546,1.65,2.25
2011.01.21 19:29:42.661,0.98503,0.98545,1.65,2.40
2011.01.21 19:29:43.348,0.98503,0.98545,1.80,2.25
2011.01.21 19:29:44.722,0.98503,0.98544,1.80,2.25
2011.01.21 19:29:45.224,0.98501,0.98546,2.33,1.58
2011.01.21 19:29:45.442,0.985,0.98539,2.25,1.50
2011.01.21 19:29:45.553,0.98498,0.98539,2.25,1.50
2011.01.21 19:29:46.077,0.985,0.98545,1.50,2.40
2011.01.21 19:29:47.473,0.985,0.98545,1.58,2.40
2011.01.21 19:29:48.784,0.985,0.98544,2.25,2.52
2011.01.21 19:29:49.297,0.98499,0.98541,1.50,2.25
2011.01.21 19:29:49.522,0.98499,0.98543,1.50,2.33
2011.01.21 19:29:49.903,0.98499,0.98542,1.58,2.33
2011.01.21 19:29:52.445,0.98499,0.98541,1.58,2.25
2011.01.21 19:29:59.322,0.98501,0.98545,2.33,2.33
2011.01.21 19:30:00.153,0.98498,0.98543,2.40,2.40
2011.01.21 19:30:04.473,0.98502,0.98547,2.33,5.40
2011.01.21 19:30:04.913,0.985,0.98543,2.33,2.40
2011.01.21 19:30:05.633,0.985,0.98545,2.33,2.33
2011.01.21 19:30:07.922,0.98503,0.98546,2.33,3.90
2011.01.21 19:30:08.252,0.98502,0.98545,2.33,2.33
2011.01.21 19:30:08.882,0.985,0.98545,2.33,2.40
2011.01.21 19:30:10.682,0.98501,0.98546,2.33,2.33
2011.01.21 19:30:18.717,0.98502,0.98546,1.65,2.25
2011.01.21 19:30:18.945,0.98504,0.98547,2.25,3.75
2011.01.21 19:30:19.273,0.98508,0.98547,2.25,1.50
2011.01.21 19:30:19.382,0.98504,0.98547,2.25,1.50
2011.01.21 19:30:20.615,0.98495,0.9854,3.15,2.25
2011.01.21 19:30:21.164,0.985,0.9854,2.25,1.69
2011.01.21 19:30:21.274,0.98495,0.98537,2.25,1.02
2011.01.21 19:30:21.894,0.9849,0.98534,6.00,2.40
2011.01.21 19:30:22.293,0.9849,0.98531,1.50,2.25
2011.01.21 19:30:22.622,0.9849,0.9853,1.65,2.25
2011.01.21 19:30:23.902,0.9849,0.9853,1.58,2.33
2011.01.21 19:30:24.563,0.9849,0.98529,1.50,2.40
2011.01.21 19:30:24.673,0.98484,0.9853,3.15,2.40
2011.01.21 19:30:25.157,0.98484,0.9853,3.15,2.25
2011.01.21 19:30:25.277,0.98484,0.98528,2.40,2.25
2011.01.21 19:30:26.313,0.98485,0.98529,2.40,3.75
2011.01.21 19:30:26.639,0.98485,0.98529,2.33,3.90
2011.01.21 19:30:28.772,0.98485,0.98529,2.59,3.75
2011.01.21 19:30:28.992,0.98485,0.98531,5.97,2.33
2011.01.21 19:30:29.895,0.98485,0.9853,2.33,1.58
2011.01.21 19:30:31.524,0.98485,0.98529,2.33,2.40
2011.01.21 19:30:38.622,0.98484,0.9853,2.33,3.83
2011.01.21 19:30:38.844,0.98488,0.98532,2.25,2.33
2011.01.21 19:30:39.312,0.98484,0.98529,1.02,2.33
2011.01.21 19:30:40.612,0.98482,0.98528,4.65,2.40
2011.01.21 19:30:45.626,0.98482,0.98528,2.40,2.55
2011.01.21 19:30:46.904,0.98482,0.98528,2.55,2.40
2011.01.21 19:30:50.462,0.98483,0.98528,1.65,2.59
2011.01.21 19:30:51.012,0.98481,0.98526,2.40,2.25
2011.01.21 19:30:52.525,0.98483,0.98526,1.05,2.25
2011.01.21 19:30:53.444,0.98482,0.98526,4.65,2.40
2011.01.21 19:30:55.342,0.98483,0.98527,3.00,2.40
2011.01.21 19:30:55.893,0.98482,0.98526,3.15,3.15
2011.01.21 19:31:05.802,0.98477,0.98522,12.15,2.40
2011.01.21 19:31:06.420,0.9848,0.98522,2.40,3.00
2011.01.21 19:31:09.342,0.98477,0.9852,1.38,3.00
2011.01.21 19:31:09.915,0.98477,0.9852,1.09,3.08
2011.01.21 19:31:11.483,0.98477,0.98521,1.38,3.08
2011.01.21 19:31:12.462,0.98481,0.98519,1.38,3.00
2011.01.21 19:31:12.793,0.98487,0.98526,1.02,3.00
2011.01.21 19:31:14.523,0.98488,0.98526,2.33,1.50
2011.01.21 19:31:14.742,0.98488,0.98527,2.25,2.33
2011.01.21 19:31:14.853,0.98489,0.98527,1.58,2.33
2011.01.21 19:31:15.182,0.98489,0.98527,1.50,2.48
2011.01.21 19:31:15.762,0.98488,0.98527,2.40,2.48
2011.01.21 19:31:16.442,0.98488,0.98526,2.40,1.50
2011.01.21 19:31:27.332,0.98488,0.98527,2.40,2.48
2011.01.21 19:31:27.882,0.98488,0.98527,1.65,1.65
2011.01.21 19:31:32.389,0.98487,0.98527,1.09,1.58
2011.01.21 19:31:35.449,0.98487,0.98527,1.09,1.58
2011.01.21 19:31:38.829,0.98488,0.98527,2.25,3.83
2011.01.21 19:31:46.323,0.98487,0.98527,1.09,3.83
2011.01.21 19:31:46.882,0.98487,0.98527,1.09,3.83
2011.01.21 19:31:57.642,0.98486,0.98527,1.50,4.09
2011.01.21 19:31:57.752,0.98483,0.98526,2.25,2.33
2011.01.21 19:31:59.499,0.98483,0.98523,1.65,3.08
2011.01.21 19:32:19.455,0.98483,0.98522,2.25,3.00
2011.01.21 19:32:19.673,0.98483,0.98521,2.40,3.00
2011.01.21 19:32:26.152,0.98483,0.98523,2.25,3.15
2011.01.21 19:32:26.372,0.98483,0.98522,2.40,3.00
2011.01.21 19:32:31.642,0.98483,0.98524,2.40,3.00
2011.01.21 19:32:33.516,0.98484,0.98519,2.25,3.00
2011.01.21 19:32:40.861,0.98482,0.98519,2.33,3.08
2011.01.21 19:32:40.972,0.98488,0.98519,1.50,3.08
2011.01.21 19:32:41.916,0.98487,0.98523,1.50,3.08
2011.01.21 19:32:43.232,0.98488,0.98524,1.50,3.08
2011.01.21 19:32:46.733,0.98482,0.98523,1.02,3.08
2011.01.21 19:32:46.842,0.98481,0.98523,1.58,3.08
2011.01.21 19:33:09.362,0.98482,0.98524,1.02,3.08
2011.01.21 19:33:10.451,0.98482,0.98524,1.09,3.15
2011.01.21 19:33:11.574,0.98482,0.98524,1.09,3.08
2011.01.21 19:33:12.143,0.98483,0.98524,1.20,3.00
2011.01.21 19:33:12.362,0.98487,0.98524,1.65,3.00
2011.01.21 19:33:13.063,0.98488,0.98527,1.65,1.80
2011.01.21 19:33:13.173,0.98488,0.98527,1.50,1.80
2011.01.21 19:33:17.823,0.98489,0.98527,1.50,1.80
2011.01.21 19:33:17.933,0.98489,0.98527,1.69,1.80
2011.01.21 19:33:18.599,0.98494,0.98527,3.00,1.80
2011.01.21 19:33:18.717,0.98487,0.98527,2.40,1.80
2011.01.21 19:33:19.276,0.98487,0.98527,2.40,1.80
2011.01.21 19:33:20.542,0.98487,0.98527,4.65,1.88
2011.01.21 19:33:28.616,0.98488,0.98527,3.15,1.95
2011.01.21 19:33:32.308,0.98487,0.98525,4.65,3.00
2011.01.21 19:33:33.957,0.98489,0.98527,1.50,1.80
2011.01.21 19:33:34.463,0.98488,0.98524,2.25,3.00
2011.01.21 19:33:35.442,0.98474,0.98518,2.78,3.00
2011.01.21 19:33:36.342,0.98473,0.98516,2.48,2.25
2011.01.21 19:33:36.749,0.98473,0.98516,2.40,2.25
2011.01.21 19:33:37.376,0.98474,0.98516,1.58,2.25
2011.01.21 19:33:37.494,0.98476,0.98516,1.02,2.25
2011.01.21 19:33:37.934,0.98481,0.98521,1.02,3.00
2011.01.21 19:33:38.262,0.98481,0.98521,2.52,1.50
2011.01.21 19:33:40.333,0.98483,0.98522,2.40,1.58
2011.01.21 19:33:41.582,0.98488,0.98521,2.40,1.50
2011.01.21 19:33:44.823,0.98488,0.98521,2.40,1.50
2011.01.21 19:33:45.984,0.98488,0.98522,2.40,1.50
2011.01.21 19:33:46.653,0.98488,0.98521,2.40,1.50
2011.01.21 19:33:47.207,0.98488,0.98522,2.40,1.50
2011.01.21 19:33:48.298,0.98483,0.98521,2.40,1.50
2011.01.21 19:33:49.603,0.98483,0.98526,2.33,2.25
2011.01.21 19:33:54.605,0.98478,0.98521,3.15,3.00
2011.01.21 19:33:55.390,0.98477,0.98521,10.35,3.00
2011.01.21 19:33:55.613,0.98482,0.98526,2.40,2.25
2011.01.21 19:33:55.723,0.98482,0.98524,2.40,3.00
2011.01.21 19:33:55.942,0.98477,0.98522,2.55,3.00
2011.01.21 19:33:56.933,0.98477,0.98522,2.55,3.00
2011.01.21 19:33:58.475,0.98477,0.98522,4.84,3.00
2011.01.21 19:34:00.900,0.98481,0.98519,3.08,2.25
2011.01.21 19:34:06.445,0.9848,0.98524,6.53,2.33
2011.01.21 19:34:07.718,0.98491,0.98526,2.33,2.18
2011.01.21 19:34:08.053,0.98498,0.98526,2.25,2.18
2011.01.21 19:34:09.466,0.98493,0.98526,2.33,2.18
2011.01.21 19:34:12.884,0.98493,0.98526,2.40,2.18
2011.01.21 19:34:16.379,0.98493,0.98526,2.40,2.18
2011.01.21 19:34:17.017,0.98493,0.98526,3.15,2.18
2011.01.21 19:34:20.773,0.98494,0.98526,2.25,2.18
2011.01.21 19:34:21.367,0.9849,0.98526,2.33,2.18
2011.01.21 19:34:22.042,0.9849,0.98526,2.33,2.18
2011.01.21 19:34:22.649,0.98492,0.98526,2.33,2.18
2011.01.21 19:34:26.143,0.98493,0.98526,3.19,2.18
2011.01.21 19:34:26.363,0.98498,0.98535,2.25,2.25
2011.01.21 19:34:26.842,0.98498,0.98539,2.25,2.33
2011.01.21 19:34:26.956,0.98495,0.98539,3.00,3.83
2011.01.21 19:34:27.452,0.98493,0.98536,2.25,2.25
2011.01.21 19:34:28.567,0.98495,0.98539,2.33,4.50
2011.01.21 19:34:29.158,0.98495,0.98538,2.33,2.25
2011.01.21 19:34:29.632,0.98499,0.98539,1.58,2.33
2011.01.21 19:34:31.324,0.98498,0.98542,2.40,3.83
2011.01.21 19:34:31.835,0.98492,0.98538,10.35,2.25
2011.01.21 19:34:32.416,0.98492,0.98538,4.80,2.40
2011.01.21 19:34:33.406,0.98493,0.98538,1.05,2.55
2011.01.21 19:34:35.492,0.98497,0.98538,1.02,2.25
2011.01.21 19:34:35.995,0.98493,0.98537,4.58,2.25
2011.01.21 19:34:36.389,0.98498,0.98537,2.25,2.33
2011.01.21 19:34:36.913,0.98494,0.98538,3.08,2.40
2011.01.21 19:34:44.653,0.98493,0.98539,3.00,2.59
2011.01.21 19:34:45.104,0.98492,0.98536,3.15,2.25
2011.01.21 19:34:46.475,0.98492,0.98536,6.53,2.33
2011.01.21 19:34:47.281,0.98492,0.98536,3.15,2.33
2011.01.21 19:34:47.832,0.98487,0.98531,3.15,2.25
2011.01.21 19:34:48.052,0.98487,0.98529,3.15,1.50
2011.01.21 19:34:49.439,0.98483,0.98529,4.73,3.83
2011.01.21 19:34:50.724,0.98485,0.9852,3.08,2.25
2011.01.21 19:34:51.053,0.98485,0.98527,3.00,2.40
2011.01.21 19:34:51.536,0.98488,0.98528,3.00,1.50
2011.01.21 19:34:51.646,0.98489,0.98531,3.00,1.50
2011.01.21 19:34:52.392,0.9849,0.98532,3.00,1.65
2011.01.21 19:34:53.052,0.98489,0.98531,3.08,1.50
2011.01.21 19:34:53.479,0.98489,0.98532,3.08,1.65
2011.01.21 19:34:53.594,0.98489,0.98532,3.00,1.50
2011.01.21 19:34:54.096,0.98484,0.98528,3.15,3.75
2011.01.21 19:34:54.683,0.98483,0.98527,3.15,2.25
2011.01.21 19:34:55.554,0.98484,0.98528,3.08,3.83
2011.01.21 19:34:56.075,0.98492,0.98528,1.50,2.25
2011.01.21 19:34:56.774,0.98492,0.98532,2.25,1.58
2011.01.21 19:35:03.403,0.98492,0.98531,4.65,1.50
2011.01.21 19:35:09.624,0.98491,0.98532,1.02,1.58
2011.01.21 19:35:10.915,0.9849,0.98532,1.02,1.58
2011.01.21 19:35:12.899,0.98493,0.98532,2.25,1.58
2011.01.21 19:35:15.753,0.98488,0.98527,2.40,2.25
2011.01.21 19:35:16.083,0.9849,0.98528,2.44,1.50
2011.01.21 19:35:16.194,0.98492,0.98532,1.58,3.83
2011.01.21 19:35:16.619,0.98488,0.98532,4.58,1.58
2011.01.21 19:35:17.384,0.98488,0.98531,4.58,1.58
2011.01.21 19:35:17.715,0.98483,0.98529,3.08,3.75
2011.01.21 19:35:17.932,0.98483,0.98529,3.15,3.83
2011.01.21 19:35:18.494,0.98487,0.98527,1.05,2.25
2011.01.21 19:35:18.603,0.98491,0.98532,2.40,1.50
2011.01.21 19:35:18.715,0.98491,0.98534,3.15,1.65
2011.01.21 19:35:19.528,0.98493,0.98539,4.58,3.90
2011.01.21 19:35:20.489,0.98493,0.98537,2.25,2.40
2011.01.21 19:35:21.604,0.98488,0.98534,3.08,2.40
2011.01.21 19:35:22.591,0.9849,0.98534,3.15,2.33
2011.01.21 19:35:23.445,0.98488,0.98534,6.72,2.33
2011.01.21 19:35:25.373,0.98488,0.98534,3.08,2.40
2011.01.21 19:35:28.648,0.98488,0.98534,3.08,2.40
2011.01.21 19:35:30.387,0.9849,0.98534,3.15,2.33
2011.01.21 19:35:31.854,0.9849,0.98534,6.53,2.33
2011.01.21 19:35:32.648,0.98488,0.98534,3.15,2.40
2011.01.21 19:35:32.873,0.98487,0.98533,16.09,2.33
2011.01.21 19:35:33.993,0.98489,0.98535,6.53,3.83
2011.01.21 19:35:35.294,0.98489,0.98535,6.53,3.83
2011.01.21 19:35:36.184,0.9849,0.98535,6.53,1.58
2011.01.21 19:35:40.212,0.98491,0.98535,6.53,1.58
2011.01.21 19:35:42.333,0.9849,0.98534,6.53,2.33
2011.01.21 19:35:53.423,0.98488,0.98534,3.15,2.52
2011.01.21 19:35:53.533,0.98487,0.98529,2.40,2.25
2011.01.21 19:35:54.233,0.98485,0.98529,6.60,2.25
2011.01.21 19:35:54.453,0.98489,0.98534,3.15,1.58
2011.01.21 19:35:56.963,0.9849,0.98534,6.53,2.33
2011.01.21 19:36:00.673,0.98492,0.98536,3.15,3.08
2011.01.21 19:36:04.000,0.9849,0.98534,6.53,1.58
2011.01.21 19:36:04.764,0.98491,0.98534,3.15,1.58
2011.01.21 19:36:05.822,0.98488,0.98532,2.40,4.58
2011.01.21 19:36:05.932,0.98486,0.98529,3.15,1.50
2011.01.21 19:36:07.592,0.98486,0.98529,3.08,1.58
2011.01.21 19:36:08.584,0.98488,0.98529,1.05,1.65
2011.01.21 19:36:15.118,0.98486,0.98529,3.08,1.65
2011.01.21 19:36:16.532,0.98483,0.98529,4.58,3.90
2011.01.21 19:36:17.413,0.98486,0.98529,1.02,3.83
2011.01.21 19:36:18.713,0.9849,0.9853,1.09,2.25
2011.01.21 19:36:18.934,0.98491,0.98534,6.53,1.50
2011.01.21 19:36:20.034,0.9849,0.98533,1.38,2.25
2011.01.21 19:36:20.583,0.9849,0.98532,1.09,2.40
2011.01.21 19:36:22.170,0.98493,0.98534,1.05,2.25
2011.01.21 19:36:22.502,0.98493,0.98532,1.05,2.25
2011.01.21 19:36:23.861,0.98493,0.98532,1.05,2.25
2011.01.21 19:36:29.484,0.98486,0.9853,7.00,2.25
2011.01.21 19:36:29.592,0.98486,0.98527,1.38,1.50
2011.01.21 19:36:29.813,0.98486,0.98529,1.38,1.50
2011.01.21 19:36:32.645,0.98487,0.98528,1.05,1.65
2011.01.21 19:36:32.888,0.98486,0.98528,1.45,1.50
2011.01.21 19:36:33.223,0.98491,0.98533,1.38,2.25
2011.01.21 19:36:33.893,0.98496,0.98536,1.09,3.75
2011.01.21 19:36:34.443,0.98496,0.98536,1.09,3.00
2011.01.21 19:36:35.371,0.98496,0.98536,1.38,1.50
2011.01.21 19:36:45.353,0.98498,0.98537,1.05,1.50
2011.01.21 19:36:47.511,0.98498,0.98537,1.05,1.50
2011.01.21 19:36:49.562,0.98498,0.98539,1.05,1.50
2011.01.21 19:36:50.782,0.98498,0.98541,1.05,2.25
2011.01.21 19:36:52.024,0.98498,0.98542,3.30,2.40
2011.01.21 19:36:53.093,0.98503,0.98543,2.33,2.33
2011.01.21 19:36:53.210,0.985,0.98538,1.58,2.25
2011.01.21 19:36:54.952,0.98494,0.98533,3.08,1.50
2011.01.21 19:36:55.486,0.98494,0.98531,3.08,1.50
2011.01.21 19:36:58.661,0.98486,0.9853,6.53,3.75
2011.01.21 19:36:58.775,0.98486,0.9853,3.15,3.75
2011.01.21 19:36:59.323,0.98487,0.98529,6.53,1.50
2011.01.21 19:36:59.842,0.98487,0.98531,10.28,3.75
2011.01.21 19:37:00.588,0.98487,0.98531,10.47,3.75
2011.01.21 19:37:00.982,0.98487,0.98531,10.28,3.83
2011.01.21 19:37:01.897,0.98487,0.98531,10.47,3.75
2011.01.21 19:37:02.614,0.98492,0.98536,3.15,2.25
2011.01.21 19:37:03.562,0.9849,0.98536,10.75,2.25
2011.01.21 19:37:06.972,0.98493,0.98537,3.08,2.33
2011.01.21 19:37:07.301,0.98503,0.98537,1.50,2.33
2011.01.21 19:37:09.653,0.985,0.98537,1.50,2.25
2011.01.21 19:37:10.520,0.985,0.98538,1.50,2.40
2011.01.21 19:37:11.565,0.985,0.98538,1.50,2.55
2011.01.21 19:37:12.605,0.985,0.98538,1.50,2.40
2011.01.21 19:37:12.713,0.98502,0.98538,1.50,2.40
2011.01.21 19:37:13.366,0.98502,0.98539,2.40,2.40
2011.01.21 19:37:15.712,0.98502,0.98539,2.40,2.40
2011.01.21 19:37:16.263,0.98502,0.98544,2.33,2.33
2011.01.21 19:37:18.313,0.98502,0.98544,2.33,2.25
2011.01.21 19:37:18.984,0.98496,0.98539,2.40,2.25
2011.01.21 19:37:19.532,0.98498,0.98539,2.40,2.25
2011.01.21 19:37:20.628,0.98497,0.98539,2.33,2.33
2011.01.21 19:37:22.863,0.98493,0.98537,3.15,2.33
2011.01.21 19:37:23.083,0.98495,0.98541,3.34,2.25
2011.01.21 19:37:24.423,0.98498,0.98542,3.15,2.40
2011.01.21 19:37:25.262,0.98498,0.98542,3.08,2.25
2011.01.21 19:37:25.832,0.98498,0.98544,3.08,4.58
2011.01.21 19:37:27.084,0.98498,0.98544,3.08,2.40
2011.01.21 19:37:28.414,0.98498,0.98544,3.08,2.33
2011.01.21 19:37:29.063,0.98498,0.98544,3.00,2.40
2011.01.21 19:37:29.392,0.98496,0.98539,2.33,2.33
2011.01.21 19:37:30.513,0.98493,0.98539,3.30,2.40
2011.01.21 19:37:33.474,0.98496,0.9854,3.34,1.50
2011.01.21 19:37:33.583,0.98497,0.98542,2.40,2.25
2011.01.21 19:37:35.642,0.98497,0.98542,2.40,2.40
2011.01.21 19:37:36.468,0.98497,0.98542,2.40,2.25
2011.01.21 19:37:38.272,0.98497,0.98542,2.40,2.40
2011.01.21 19:37:38.942,0.98497,0.98542,2.40,2.25
2011.01.21 19:37:39.213,0.98501,0.98544,1.09,2.25
2011.01.21 19:37:39.323,0.98501,0.98544,2.59,3.00
2011.01.21 19:37:39.652,0.98498,0.98542,1.05,3.75
2011.01.21 19:37:40.601,0.98498,0.98541,1.05,3.00
2011.01.21 19:37:40.715,0.98496,0.98541,1.38,3.08
2011.01.21 19:37:41.778,0.98496,0.98541,1.38,3.00
2011.01.21 19:37:42.672,0.98498,0.98541,2.40,2.25
2011.01.21 19:37:43.521,0.98498,0.9854,2.40,2.25
2011.01.21 19:37:44.042,0.98496,0.9854,1.38,2.25
2011.01.21 19:37:44.582,0.98496,0.98541,1.38,3.00
2011.01.21 19:37:47.033,0.98497,0.98537,3.15,1.50
2011.01.21 19:37:47.523,0.98497,0.98537,3.15,3.75
2011.01.21 19:37:47.644,0.98492,0.98533,1.05,2.25
2011.01.21 19:37:48.177,0.98492,0.98534,1.05,2.25
2011.01.21 19:37:49.014,0.98492,0.98532,1.05,2.25
2011.01.21 19:37:49.326,0.9849,0.98529,1.09,2.25
2011.01.21 19:37:53.313,0.98486,0.98528,1.38,2.25
2011.01.21 19:37:53.422,0.9849,0.98528,1.02,2.25
2011.01.21 19:37:53.972,0.98493,0.98529,2.25,2.25
2011.01.21 19:37:58.035,0.98493,0.98531,2.33,2.25
2011.01.21 19:37:59.255,0.98492,0.98532,2.33,2.33
2011.01.21 19:38:02.812,0.98492,0.98531,2.33,2.25
2011.01.21 19:38:04.646,0.98492,0.98532,2.33,2.33
2011.01.21 19:38:10.117,0.98492,0.98532,2.33,2.33
2011.01.21 19:38:20.275,0.98492,0.98529,2.33,2.25
2011.01.21 19:38:21.031,0.98492,0.98529,2.33,2.25
2011.01.21 19:38:21.862,0.98492,0.98529,2.33,2.25
2011.01.21 19:38:23.813,0.98495,0.98529,1.50,2.25
2011.01.21 19:38:24.663,0.98495,0.9853,1.50,2.25
2011.01.21 19:38:26.381,0.98492,0.9853,2.33,2.25
2011.01.21 19:38:27.209,0.98493,0.98531,2.33,2.25
2011.01.21 19:38:28.313,0.98493,0.98531,2.25,2.33
2011.01.21 19:38:28.533,0.98488,0.98528,2.33,2.33
2011.01.21 19:38:31.518,0.98485,0.98528,1.38,2.33
2011.01.21 19:38:32.503,0.98485,0.98528,1.38,2.25
2011.01.21 19:38:42.863,0.98484,0.98526,2.22,2.25
2011.01.21 19:38:45.078,0.98483,0.98527,6.15,4.50
2011.01.21 19:38:45.583,0.98484,0.98526,2.22,2.25
2011.01.21 19:38:55.592,0.98484,0.98527,2.22,2.25
2011.01.21 19:38:56.100,0.98483,0.98525,6.15,2.25
2011.01.21 19:38:57.703,0.9849,0.98525,1.84,2.25
2011.01.21 19:38:57.813,0.9849,0.9853,1.84,2.25
2011.01.21 19:38:58.144,0.98492,0.98532,1.50,5.25
2011.01.21 19:38:58.254,0.98492,0.9853,1.50,2.25
2011.01.21 19:38:58.766,0.98492,0.98529,1.58,2.25
2011.01.21 19:38:59.404,0.98492,0.98527,1.58,2.25
2011.01.21 19:38:59.512,0.98492,0.98529,1.58,2.25
2011.01.21 19:39:00.092,0.98492,0.98529,1.58,2.25
2011.01.21 19:39:00.423,0.98487,0.98528,1.65,2.25
2011.01.21 19:39:01.144,0.98487,0.98528,1.80,2.25
2011.01.21 19:39:01.704,0.98487,0.98529,1.84,2.25
2011.01.21 19:39:03.506,0.98492,0.98529,1.65,2.25
2011.01.21 19:39:04.334,0.98492,0.98529,1.58,2.25
2011.01.21 19:39:06.537,0.98485,0.98529,4.09,2.25
2011.01.21 19:39:07.691,0.98485,0.98529,4.09,2.33
2011.01.21 19:39:11.423,0.98483,0.98526,5.97,2.25
2011.01.21 19:39:11.534,0.98483,0.98526,1.80,2.25
2011.01.21 19:39:11.643,0.98479,0.9852,2.37,2.25
2011.01.21 19:39:12.112,0.98479,0.98518,1.09,2.25
2011.01.21 19:39:19.243,0.98481,0.98516,1.58,2.25
2011.01.21 19:39:19.751,0.98481,0.98518,2.33,2.25
2011.01.21 19:39:20.523,0.98481,0.98518,2.33,2.25
2011.01.21 19:39:21.151,0.98481,0.98518,2.33,2.25
2011.01.21 19:39:22.153,0.98481,0.98519,2.33,2.25
2011.01.21 19:39:31.449,0.98481,0.98519,2.33,2.25
2011.01.21 19:39:32.384,0.98481,0.98518,2.33,2.25
2011.01.21 19:39:32.774,0.98481,0.98516,2.33,2.25
2011.01.21 19:39:33.305,0.98483,0.98522,2.25,3.75
2011.01.21 19:39:35.263,0.98483,0.98521,2.40,3.00
2011.01.21 19:39:36.085,0.98483,0.9852,2.40,2.25
2011.01.21 19:39:36.598,0.98479,0.98521,2.52,1.50
2011.01.21 19:39:37.485,0.98479,0.98519,1.77,2.25
2011.01.21 19:39:37.596,0.98479,0.98519,2.25,2.25
2011.01.21 19:39:38.036,0.98473,0.98516,3.08,2.25
2011.01.21 19:39:38.557,0.98471,0.98514,1.02,2.25
2011.01.21 19:39:39.153,0.98471,0.98514,1.09,2.25
2011.01.21 19:39:41.876,0.98476,0.98519,1.09,2.25
2011.01.21 19:39:42.093,0.98477,0.98522,3.15,1.50
2011.01.21 19:39:42.753,0.98478,0.9852,3.00,1.50
2011.01.21 19:39:43.246,0.98474,0.98518,4.65,2.25
2011.01.21 19:39:43.574,0.98474,0.98517,3.75,1.65
2011.01.21 19:39:44.171,0.98469,0.98515,4.77,3.75
2011.01.21 19:39:44.296,0.98469,0.98515,3.27,2.33
2011.01.21 19:39:45.524,0.98469,0.98514,1.02,2.40
2011.01.21 19:39:46.434,0.98469,0.98515,2.52,2.33
2011.01.21 19:39:46.544,0.98469,0.98515,2.52,2.40
2011.01.21 19:39:47.993,0.98466,0.98512,7.84,2.33
2011.01.21 19:39:48.544,0.98473,0.98516,2.33,1.58
2011.01.21 19:39:49.544,0.98473,0.98516,2.40,1.58
2011.01.21 19:39:55.839,0.98473,0.98514,2.40,2.40
2011.01.21 19:39:58.013,0.98473,0.98514,2.55,2.25
2011.01.21 19:39:59.343,0.98473,0.98511,2.55,2.25
2011.01.21 19:40:00.073,0.98473,0.98513,2.55,2.25
2011.01.21 19:40:00.452,0.98473,0.98515,2.55,2.25
2011.01.21 19:40:01.363,0.98473,0.98513,2.55,2.25
2011.01.21 19:40:02.393,0.98473,0.98513,2.40,2.25
2011.01.21 19:40:02.613,0.98471,0.9851,1.02,2.25
2011.01.21 19:40:02.943,0.98471,0.98513,1.02,2.33
2011.01.21 19:40:03.162,0.98471,0.98511,1.02,2.25
2011.01.21 19:40:03.382,0.98471,0.98513,1.02,4.58
2011.01.21 19:40:04.416,0.98471,0.98513,1.02,2.40
2011.01.21 19:40:05.303,0.98471,0.98511,1.02,4.58
2011.01.21 19:40:05.714,0.98471,0.98506,1.02,2.25
2011.01.21 19:40:06.399,0.98468,0.98508,1.09,2.25
2011.01.21 19:40:07.833,0.98468,0.9851,1.09,2.25
2011.01.21 19:40:09.002,0.98468,0.98508,1.09,2.25
2011.01.21 19:40:09.635,0.98469,0.98507,1.02,2.25
2011.01.21 19:40:11.093,0.98469,0.9851,1.02,2.25
2011.01.21 19:40:11.314,0.98468,0.98508,1.09,2.25
2011.01.21 19:40:12.063,0.98469,0.98507,1.02,2.25
2011.01.21 19:40:13.314,0.98473,0.98511,1.65,2.25
2011.01.21 19:40:13.533,0.98473,0.98509,1.65,2.25
2011.01.21 19:40:13.643,0.98473,0.98511,1.65,2.25
2011.01.21 19:40:14.464,0.98473,0.98511,1.65,2.25
2011.01.21 19:40:15.345,0.98473,0.98511,1.50,2.25
2011.01.21 19:40:16.053,0.98468,0.98511,1.02,2.25
2011.01.21 19:40:16.163,0.98468,0.98511,1.09,2.33
2011.01.21 19:40:20.429,0.98469,0.98511,1.02,2.25
2011.01.21 19:40:21.000,0.98469,0.98512,1.02,6.00
2011.01.21 19:40:22.338,0.98469,0.98512,1.09,3.75
2011.01.21 19:40:22.564,0.98465,0.98511,3.08,3.83
2011.01.21 19:40:23.435,0.98465,0.98511,2.33,3.83
2011.01.21 19:40:23.877,0.98464,0.98508,6.53,2.33
2011.01.21 19:40:24.433,0.98464,0.98508,3.08,2.33
2011.01.21 19:40:24.542,0.98464,0.98508,3.08,2.40
2011.01.21 19:40:25.178,0.98463,0.98504,1.58,2.25
2011.01.21 19:40:28.141,0.98471,0.98509,1.50,2.55
2011.01.21 19:40:28.475,0.98483,0.98515,1.50,2.25
2011.01.21 19:40:28.585,0.98473,0.98514,2.33,2.25
2011.01.21 19:40:28.693,0.98473,0.98514,2.33,2.25
2011.01.21 19:40:29.480,0.98473,0.98515,2.25,2.25
2011.01.21 19:40:30.070,0.98473,0.98514,2.25,2.25
2011.01.21 19:40:30.527,0.98473,0.98512,2.25,2.25
2011.01.21 19:40:31.048,0.98467,0.98512,3.15,2.25
2011.01.21 19:40:31.563,0.98468,0.98512,3.27,4.50
2011.01.21 19:40:32.807,0.98468,0.98512,7.19,2.33
2011.01.21 19:40:33.514,0.98468,0.98512,3.27,2.25
2011.01.21 19:40:38.593,0.98468,0.98512,7.19,2.25
2011.01.21 19:40:38.814,0.98473,0.98517,2.40,2.33
2011.01.21 19:40:38.923,0.98473,0.98517,2.33,2.40
2011.01.21 19:40:39.403,0.98473,0.98514,2.33,2.33
2011.01.21 19:40:40.525,0.98473,0.98514,2.33,2.25
2011.01.21 19:40:44.260,0.98473,0.98514,2.33,2.25
2011.01.21 19:40:45.102,0.98473,0.98514,2.33,2.25
2011.01.21 19:40:47.181,0.98473,0.98514,2.33,2.25
2011.01.21 19:40:47.756,0.98474,0.98517,1.09,2.25
2011.01.21 19:40:48.508,0.98473,0.98518,2.74,2.25
2011.01.21 19:40:48.624,0.98476,0.98521,2.59,1.50
2011.01.21 19:40:52.107,0.98476,0.9852,2.59,2.25
2011.01.21 19:40:54.843,0.98477,0.98521,2.40,3.75
2011.01.21 19:40:55.193,0.98475,0.98519,2.59,2.25
2011.01.21 19:40:55.633,0.98475,0.98521,2.59,3.75
2011.01.21 19:40:55.774,0.98475,0.98519,2.59,2.25
2011.01.21 19:40:55.992,0.98475,0.98521,2.59,6.00
2011.01.21 19:40:56.863,0.98474,0.9852,2.44,2.25
2011.01.21 19:40:56.974,0.98474,0.98519,2.25,2.25
2011.01.21 19:40:57.645,0.98472,0.98518,3.08,3.75
2011.01.21 19:41:01.932,0.98471,0.98517,5.33,2.25
2011.01.21 19:41:02.462,0.98471,0.98517,3.08,2.25
2011.01.21 19:41:03.000,0.98471,0.98515,3.08,2.25
2011.01.21 19:41:03.114,0.98475,0.98517,2.25,2.25
2011.01.21 19:41:03.802,0.98475,0.98519,2.25,3.75
2011.01.21 19:41:03.922,0.98471,0.98516,2.25,1.50
2011.01.21 19:41:04.456,0.98468,0.98514,2.40,2.25
2011.01.21 19:41:05.337,0.98468,0.98514,2.33,2.33
2011.01.21 19:41:07.993,0.98468,0.9851,2.33,2.25
2011.01.21 19:41:09.473,0.98463,0.98509,3.08,2.25
2011.01.21 19:41:09.803,0.98469,0.9851,2.25,1.50
2011.01.21 19:41:10.604,0.98467,0.98513,2.40,2.25
2011.01.21 19:41:11.259,0.98468,0.98514,2.25,4.50
2011.01.21 19:41:11.854,0.98465,0.98511,2.25,2.25
2011.01.21 19:41:12.425,0.98469,0.98513,2.25,2.33
2011.01.21 19:41:12.952,0.98469,0.98513,2.25,2.33
2011.01.21 19:41:16.633,0.98467,0.98512,2.33,1.58
2011.01.21 19:41:17.364,0.98467,0.98512,2.33,1.58
2011.01.21 19:41:25.508,0.98466,0.98511,2.25,4.09
2011.01.21 19:41:25.624,0.98464,0.98508,3.00,2.59
2011.01.21 19:41:25.892,0.98464,0.98508,2.25,2.59
2011.01.21 19:41:26.224,0.9847,0.98511,2.25,1.65
2011.01.21 19:41:26.334,0.9847,0.98511,2.25,1.58
2011.01.21 19:41:26.733,0.98466,0.98511,3.08,1.58
2011.01.21 19:41:27.320,0.98466,0.98511,3.08,1.65
2011.01.21 19:41:27.834,0.98466,0.9851,2.33,1.65
2011.01.21 19:41:29.432,0.98467,0.9851,2.33,1.58
2011.01.21 19:41:34.753,0.98468,0.98511,2.25,2.33
2011.01.21 19:41:37.074,0.98468,0.98511,2.40,3.00
2011.01.21 19:41:37.625,0.98468,0.9851,2.40,1.50
2011.01.21 19:41:38.534,0.98468,0.9851,2.40,1.50
2011.01.21 19:41:41.241,0.98469,0.98511,1.65,1.50
2011.01.21 19:41:52.470,0.98468,0.98512,2.40,3.75
2011.01.21 19:42:02.003,0.98467,0.98512,4.24,1.50
2011.01.21 19:42:02.223,0.98468,0.98514,3.90,3.90
2011.01.21 19:42:09.119,0.98467,0.98512,2.74,1.50
2011.01.21 19:42:09.343,0.98466,0.9851,4.24,2.25
2011.01.21 19:42:09.673,0.98469,0.98512,2.40,1.50
2011.01.21 19:42:14.526,0.9847,0.98508,2.25,1.58
2011.01.21 19:42:14.637,0.98465,0.98511,2.25,9.72
2011.01.21 19:42:15.594,0.98464,0.98508,3.75,2.40
2011.01.21 19:42:15.702,0.98464,0.98508,3.83,2.33
2011.01.21 19:42:17.473,0.98465,0.98511,3.83,9.72
2011.01.21 19:42:20.393,0.98466,0.9851,2.33,2.52
2011.01.21 19:42:21.022,0.98469,0.98511,2.25,1.77
2011.01.21 19:42:21.486,0.9847,0.98511,2.33,1.77
2011.01.21 19:42:22.473,0.9847,0.98511,2.25,1.77
2011.01.21 19:42:26.153,0.9847,0.98497,2.25,1.50
2011.01.21 19:42:30.805,0.98465,0.98497,2.25,1.50
2011.01.21 19:42:31.492,0.98465,0.98497,2.33,1.50
2011.01.21 19:42:38.088,0.98465,0.98497,2.25,1.50
2011.01.21 19:42:38.203,0.98469,0.98497,2.25,1.50
2011.01.21 19:42:39.526,0.98469,0.98497,2.33,1.50
2011.01.21 19:42:41.445,0.98467,0.98497,2.33,1.50
2011.01.21 19:42:58.634,0.98469,0.98497,2.25,1.50
2011.01.21 19:42:59.083,0.98464,0.98497,2.40,1.50
2011.01.21 19:43:00.016,0.98467,0.98497,4.58,1.50
2011.01.21 19:43:00.563,0.98469,0.98497,2.25,1.50
2011.01.21 19:43:01.342,0.98467,0.98497,2.33,1.50
2011.01.21 19:43:05.175,0.98469,0.98497,2.25,1.50
2011.01.21 19:43:05.722,0.98467,0.98497,4.58,1.50
2011.01.21 19:43:08.234,0.98466,0.98497,2.59,1.50
2011.01.21 19:43:08.837,0.98473,0.98497,1.65,1.50
2011.01.21 19:43:09.403,0.98473,0.98497,1.50,1.50
2011.01.21 19:43:09.623,0.98468,0.98497,2.33,1.50
2011.01.21 19:43:10.391,0.98468,0.98497,2.33,1.50
2011.01.21 19:43:10.575,0.98468,0.98497,2.55,1.50
2011.01.21 19:43:12.493,0.98468,0.98497,2.48,1.50
2011.01.21 19:43:12.819,0.98468,0.98497,2.25,1.50
2011.01.21 19:43:13.153,0.98459,0.98497,1.58,1.50
2011.01.21 19:43:18.108,0.98455,0.98496,2.25,1.50
2011.01.21 19:43:18.224,0.98453,0.98496,2.25,3.00
2011.01.21 19:43:18.445,0.98454,0.98496,2.25,3.08
2011.01.21 19:43:18.774,0.98454,0.98496,2.33,3.00
2011.01.21 19:43:19.183,0.98454,0.98496,2.25,3.15
2011.01.21 19:43:19.294,0.9845,0.98491,1.50,1.02
2011.01.21 19:43:19.405,0.98447,0.98486,2.33,1.50
2011.01.21 19:43:19.954,0.98447,0.98487,2.33,1.50
2011.01.21 19:43:20.863,0.98451,0.98487,2.25,1.50
2011.01.21 19:43:21.692,0.98451,0.98491,2.25,1.65
2011.01.21 19:43:22.524,0.98451,0.98491,2.33,1.58
2011.01.21 19:43:31.103,0.98452,0.98491,2.33,1.50
2011.01.21 19:43:37.474,0.98453,0.98497,2.25,6.00
2011.01.21 19:43:38.595,0.98453,0.98497,2.25,4.50
2011.01.21 19:43:46.163,0.98451,0.98497,2.33,4.69
2011.01.21 19:43:46.383,0.98451,0.98491,2.33,1.50
2011.01.21 19:43:46.935,0.98451,0.98491,2.33,1.50
2011.01.21 19:43:48.472,0.98453,0.98491,2.25,1.65
2011.01.21 19:43:49.784,0.98453,0.98492,2.25,1.50
2011.01.21 19:43:50.113,0.98454,0.98497,2.25,1.58
2011.01.21 19:43:51.052,0.98454,0.98497,2.33,1.50
2011.01.21 19:43:52.624,0.98453,0.98492,2.52,2.25
2011.01.21 19:43:53.846,0.98451,0.98491,2.33,1.50
2011.01.21 19:43:54.490,0.98451,0.98491,2.33,1.58
2011.01.21 19:43:54.916,0.98451,0.98491,2.25,1.58
2011.01.21 19:43:55.532,0.98448,0.98491,2.33,1.58
2011.01.21 19:44:00.173,0.98448,0.98491,2.33,1.50
2011.01.21 19:44:00.284,0.98448,0.98494,4.58,3.83
2011.01.21 19:44:00.899,0.98453,0.98496,2.25,1.58
2011.01.21 19:44:02.515,0.98453,0.98496,2.40,1.58
2011.01.21 19:44:06.735,0.98462,0.98496,2.25,1.50
2011.01.21 19:44:07.095,0.98466,0.98497,1.69,1.50
2011.01.21 19:44:07.205,0.98463,0.98497,1.50,1.50
2011.01.21 19:44:07.424,0.98463,0.98497,1.69,1.50
2011.01.21 19:44:07.754,0.98464,0.98496,1.50,1.50
2011.01.21 19:44:08.408,0.98464,0.98496,1.58,1.50
2011.01.21 19:44:08.525,0.98464,0.98496,1.50,1.50
2011.01.21 19:44:09.405,0.98464,0.98496,1.58,1.50
2011.01.21 19:44:10.424,0.98464,0.98496,1.50,1.50
2011.01.21 19:44:15.657,0.98462,0.98496,1.65,1.50
2011.01.21 19:44:21.901,0.98462,0.98496,1.58,1.50
2011.01.21 19:44:24.563,0.98464,0.98496,1.50,1.50
2011.01.21 19:44:37.689,0.98456,0.98496,2.33,1.50
2011.01.21 19:44:38.510,0.98456,0.98496,2.33,1.50
2011.01.21 19:44:41.591,0.98457,0.98496,2.33,1.50
2011.01.21 19:44:53.724,0.98454,0.98496,3.90,1.50
2011.01.21 19:44:54.644,0.98457,0.98496,1.09,1.50
2011.01.21 19:44:55.657,0.98463,0.98496,1.50,1.50
2011.01.21 19:44:57.925,0.98463,0.98496,1.58,1.50
2011.01.21 19:44:58.370,0.98463,0.98496,1.50,1.50
2011.01.21 19:44:58.673,0.98463,0.98496,1.58,1.50
2011.01.21 19:44:59.795,0.98458,0.98496,1.58,1.50
2011.01.21 19:45:00.515,0.98458,0.98496,1.80,1.50
2011.01.21 19:45:01.434,0.98459,0.98496,2.40,1.50
2011.01.21 19:45:01.655,0.98458,0.98496,1.65,1.50
2011.01.21 19:45:03.477,0.98458,0.98496,1.80,1.50
2011.01.21 19:45:07.995,0.98462,0.98496,1.09,1.50
2011.01.21 19:45:11.257,0.9846,0.98496,3.08,1.50
2011.01.21 19:45:12.484,0.9846,0.98496,6.53,1.50
2011.01.21 19:45:13.459,0.9846,0.98496,6.53,1.50
2011.01.21 19:45:17.086,0.98459,0.98496,3.08,1.50
2011.01.21 19:45:17.194,0.98462,0.98496,1.77,1.50
2011.01.21 19:45:17.523,0.9847,0.98496,2.25,1.50
2011.01.21 19:45:24.134,0.98465,0.98496,3.08,1.50
2011.01.21 19:45:31.184,0.98465,0.98496,3.08,1.50
2011.01.21 19:45:32.093,0.98466,0.98496,3.08,1.50
2011.01.21 19:45:39.954,0.98466,0.98496,3.08,1.50
2011.01.21 19:45:41.275,0.98466,0.98496,2.25,1.50
2011.01.21 19:45:41.383,0.9846,0.98496,3.08,1.50
2011.01.21 19:45:45.073,0.98456,0.98496,3.08,1.50
2011.01.21 19:45:45.484,0.98461,0.98495,2.25,1.50
2011.01.21 19:45:46.913,0.98461,0.98496,3.00,1.50
2011.01.21 19:45:54.224,0.98456,0.98496,3.08,3.00
2011.01.21 19:45:55.583,0.98457,0.98496,2.40,3.00
2011.01.21 19:45:57.467,0.98455,0.98496,2.33,3.08
2011.01.21 19:46:01.194,0.98456,0.98496,2.52,3.08
2011.01.21 19:46:01.304,0.98458,0.98496,2.44,1.50
2011.01.21 19:46:01.525,0.98459,0.98496,1.09,1.50
2011.01.21 19:46:02.459,0.98463,0.98496,2.25,1.50
2011.01.21 19:46:02.794,0.98465,0.98497,2.25,1.50
2011.01.21 19:46:03.366,0.98466,0.98497,2.25,1.50
2011.01.21 19:46:03.916,0.98465,0.98497,2.33,1.50
2011.01.21 19:46:11.953,0.98464,0.98497,2.33,1.50
2011.01.21 19:46:13.616,0.98464,0.98497,2.25,1.50
2011.01.21 19:46:14.463,0.98461,0.98497,1.58,1.50
2011.01.21 19:46:16.476,0.98462,0.98497,1.65,1.50
2011.01.21 19:46:24.245,0.98464,0.98497,2.59,1.50
2011.01.21 19:46:24.464,0.98464,0.98497,2.52,1.50
2011.01.21 19:46:25.304,0.98468,0.98497,1.09,1.50
2011.01.21 19:46:28.469,0.98464,0.98497,1.02,1.50
2011.01.21 19:46:29.064,0.98468,0.98497,1.02,1.50
2011.01.21 19:46:31.555,0.98468,0.98497,2.59,1.50
2011.01.21 19:46:41.274,0.98472,0.98497,1.65,1.50
2011.01.21 19:46:42.534,0.98472,0.98497,1.50,1.50
2011.01.21 19:46:43.083,0.98473,0.98497,1.50,1.50
2011.01.21 19:46:47.735,0.98468,0.98497,1.58,1.50
2011.01.21 19:46:47.954,0.98468,0.98497,1.77,1.50
2011.01.21 19:46:48.535,0.98473,0.98497,1.65,1.50
2011.01.21 19:46:48.754,0.98473,0.98497,1.50,1.50
2011.01.21 19:46:50.535,0.98473,0.98497,1.80,1.50
2011.01.21 19:46:51.800,0.98473,0.98497,1.50,1.50
2011.01.21 19:46:52.354,0.98472,0.98497,1.50,1.50
2011.01.21 19:46:52.464,0.98465,0.98497,2.33,1.50
2011.01.21 19:47:00.173,0.98464,0.98497,1.02,1.50
2011.01.21 19:47:01.896,0.98467,0.98497,3.08,1.50
2011.01.21 19:47:02.433,0.98466,0.98497,3.08,1.50
2011.01.21 19:47:03.888,0.98466,0.98497,6.53,1.50
2011.01.21 19:47:04.887,0.98468,0.98497,2.22,1.50
2011.01.21 19:47:05.104,0.98468,0.98497,1.09,1.50
2011.01.21 19:47:06.494,0.98464,0.98497,4.65,1.50
2011.01.21 19:47:07.415,0.98464,0.98497,2.40,1.50
2011.01.21 19:47:08.414,0.98464,0.98497,1.58,1.50
2011.01.21 19:47:18.076,0.98464,0.98497,1.65,1.50
2011.01.21 19:47:18.681,0.98465,0.98497,2.59,1.50
2011.01.21 19:47:19.629,0.98465,0.98497,6.12,1.50
2011.01.21 19:47:33.634,0.98474,0.98497,1.50,1.50
2011.01.21 19:47:34.529,0.98472,0.98497,4.65,1.50
2011.01.21 19:47:35.553,0.98472,0.98497,4.65,1.50
2011.01.21 19:47:46.118,0.98472,0.98497,1.05,1.50
2011.01.21 19:47:46.346,0.98473,0.98497,2.33,1.50
2011.01.21 19:47:47.249,0.98478,0.98496,1.50,1.50
2011.01.21 19:47:47.858,0.98488,0.98496,1.50,1.50
2011.01.21 19:47:47.963,0.98483,0.98496,1.84,1.50
2011.01.21 19:47:48.403,0.9848,0.98496,1.50,1.50
2011.01.21 19:47:48.624,0.98474,0.98497,2.33,1.50
2011.01.21 19:47:50.505,0.98474,0.98497,2.33,1.50
2011.01.21 19:47:51.537,0.98474,0.98497,2.25,1.50
2011.01.21 19:47:55.146,0.98469,0.98497,3.00,1.50
2011.01.21 19:47:55.868,0.9847,0.98497,2.25,1.50
2011.01.21 19:47:58.513,0.98469,0.98497,2.25,1.50
2011.01.21 19:47:59.148,0.9847,0.98497,2.25,1.50
2011.01.21 19:47:59.259,0.98466,0.98497,6.53,1.50
2011.01.21 19:48:01.685,0.98468,0.98497,3.00,1.50
2011.01.21 19:48:02.429,0.98469,0.98497,3.00,1.50
2011.01.21 19:48:05.924,0.98468,0.98497,3.00,1.50
2011.01.21 19:48:08.994,0.98468,0.98497,3.19,1.50
2011.01.21 19:48:09.745,0.98473,0.98497,2.25,1.50
2011.01.21 19:48:11.417,0.98472,0.98497,2.40,1.50
2011.01.21 19:48:21.584,0.98472,0.98497,1.65,1.50
2011.01.21 19:48:22.134,0.98474,0.98497,1.58,1.50
2011.01.21 19:48:25.665,0.98474,0.98497,1.50,1.50
2011.01.21 19:48:25.885,0.98474,0.98497,1.58,1.50
2011.01.21 19:48:27.832,0.98474,0.98497,2.33,1.50
2011.01.21 19:48:28.554,0.98474,0.98497,2.33,1.50
2011.01.21 19:48:31.684,0.98474,0.98497,2.33,1.50
2011.01.21 19:48:35.483,0.98474,0.98497,2.33,1.50
2011.01.21 19:48:36.086,0.9848,0.98496,1.50,1.50
2011.01.21 19:48:36.754,0.98474,0.98496,2.33,1.50
2011.01.21 19:48:38.277,0.98474,0.98496,2.33,1.50
2011.01.21 19:48:38.888,0.9848,0.98496,1.58,1.50
2011.01.21 19:48:39.583,0.9848,0.98496,1.50,1.50
2011.01.21 19:48:39.804,0.98474,0.98496,2.33,1.50
2011.01.21 19:48:40.731,0.98474,0.98496,2.33,1.50
2011.01.21 19:48:40.847,0.98474,0.98496,1.50,1.50
2011.01.21 19:48:41.456,0.98474,0.98496,1.58,1.50
2011.01.21 19:48:42.344,0.98474,0.98496,2.33,1.50
2011.01.21 19:48:43.653,0.98474,0.98496,2.25,1.50
2011.01.21 19:48:45.684,0.98466,0.98496,6.53,1.50
2011.01.21 19:48:46.193,0.98471,0.98496,3.08,1.50
2011.01.21 19:48:48.443,0.98469,0.98496,3.08,1.50
2011.01.21 19:48:50.133,0.98471,0.98496,3.08,1.50
2011.01.21 19:48:54.052,0.98472,0.98496,1.02,1.50
2011.01.21 19:48:54.275,0.98477,0.98497,2.25,1.50
2011.01.21 19:48:54.604,0.98477,0.98497,3.00,1.50
2011.01.21 19:48:55.993,0.98481,0.98507,3.08,4.32
2011.01.21 19:48:57.394,0.9848,0.98507,6.53,4.32
2011.01.21 19:49:01.888,0.98478,0.98507,1.09,2.13
2011.01.21 19:49:02.407,0.98483,0.98507,1.09,2.13
2011.01.21 19:49:02.736,0.98491,0.98523,3.00,1.50
2011.01.21 19:49:02.845,0.98488,0.98523,3.83,1.50
2011.01.21 19:49:02.955,0.98489,0.98533,2.25,2.25
2011.01.21 19:49:03.420,0.98489,0.98533,2.25,2.44
2011.01.21 19:49:03.753,0.98484,0.98524,3.15,1.50
2011.01.21 19:49:04.864,0.98482,0.98524,3.15,1.50
2011.01.21 19:49:05.385,0.98479,0.98523,4.65,3.90
2011.01.21 19:49:07.873,0.9848,0.98524,4.58,2.25
2011.01.21 19:49:08.586,0.9848,0.98524,4.58,2.33
2011.01.21 19:49:09.135,0.98481,0.98525,3.08,2.33
2011.01.21 19:49:09.464,0.98486,0.98526,2.33,1.50
2011.01.21 19:49:11.004,0.98484,0.98523,2.25,2.25
2011.01.21 19:49:11.114,0.98484,0.98523,1.50,2.25
2011.01.21 19:49:11.223,0.98479,0.98519,2.33,1.50
2011.01.21 19:49:11.858,0.98483,0.98519,3.34,1.50
2011.01.21 19:49:12.074,0.98484,0.98525,3.08,1.50
2011.01.21 19:49:13.096,0.98486,0.98524,3.08,1.50
2011.01.21 19:49:13.553,0.98491,0.98529,2.33,2.25
2011.01.21 19:49:14.459,0.98491,0.98529,6.53,1.50
2011.01.21 19:49:15.094,0.98488,0.98529,3.08,1.58
2011.01.21 19:49:19.443,0.98489,0.98533,3.08,3.90
2011.01.21 19:49:19.554,0.98489,0.98533,6.53,3.83
2011.01.21 19:49:20.032,0.98489,0.9853,6.53,1.50
2011.01.21 19:49:20.149,0.98489,0.9853,3.08,1.50
2011.01.21 19:49:20.265,0.98484,0.98525,3.15,1.50
2011.01.21 19:49:21.374,0.98483,0.98525,3.27,1.50
2011.01.21 19:49:21.699,0.98483,0.98527,3.27,2.25
2011.01.21 19:49:22.585,0.98483,0.98527,7.00,2.25
2011.01.21 19:49:23.169,0.98483,0.98525,7.00,1.50
2011.01.21 19:49:26.724,0.98484,0.98525,3.08,1.50
2011.01.21 19:49:26.833,0.98484,0.98528,3.08,2.33
2011.01.21 19:49:27.351,0.98484,0.98528,3.08,2.33
2011.01.21 19:49:28.253,0.98484,0.98525,3.08,1.50
2011.01.21 19:49:28.969,0.98482,0.98519,3.15,1.50
2011.01.21 19:49:35.093,0.98479,0.98522,4.65,2.25
2011.01.21 19:49:35.313,0.98479,0.98519,2.78,1.50
2011.01.21 19:49:39.524,0.98479,0.98522,2.78,3.75
2011.01.21 19:49:39.841,0.98479,0.98519,2.78,1.50
2011.01.21 19:49:40.664,0.98478,0.9852,8.88,1.50
2011.01.21 19:49:40.995,0.98478,0.98518,7.00,1.50
2011.01.21 19:49:46.497,0.98478,0.9852,7.00,1.50
2011.01.21 19:49:46.818,0.98478,0.98518,7.00,1.50
2011.01.21 19:49:50.255,0.98476,0.98518,6.53,3.75
2011.01.21 19:49:50.993,0.98475,0.98518,6.53,1.58
2011.01.21 19:49:53.944,0.98473,0.98518,1.02,3.83
2011.01.21 19:49:54.453,0.98473,0.98518,2.52,2.33
2011.01.21 19:49:55.862,0.98477,0.98517,1.02,2.25
2011.01.21 19:49:56.084,0.98479,0.98519,1.02,1.50
2011.01.21 19:49:56.635,0.98481,0.9852,3.08,1.50
2011.01.21 19:49:57.514,0.98481,0.9852,6.53,1.50
2011.01.21 19:49:58.748,0.98481,0.9852,3.08,1.50
2011.01.21 19:49:58.869,0.98482,0.98524,3.27,1.50
2011.01.21 19:49:59.442,0.98483,0.98524,1.09,1.50
2011.01.21 19:49:59.867,0.98483,0.98526,2.59,2.25
2011.01.21 19:49:59.974,0.98483,0.98523,2.44,2.33
2011.01.21 19:50:00.086,0.98482,0.98521,1.02,1.50
2011.01.21 19:50:00.323,0.98482,0.98523,1.02,2.33
2011.01.21 19:50:00.734,0.98484,0.98523,1.02,2.33
2011.01.21 19:50:05.017,0.98484,0.98521,1.02,2.25
2011.01.21 19:50:05.520,0.98474,0.98515,2.52,2.25
2011.01.21 19:50:06.118,0.98474,0.98515,2.52,2.25
2011.01.21 19:50:07.074,0.98474,0.9852,4.77,3.83
2011.01.21 19:50:07.467,0.98474,0.9852,4.84,3.83
2011.01.21 19:50:09.394,0.98475,0.98519,3.00,2.40
2011.01.21 19:50:09.724,0.9847,0.98515,3.08,1.58
2011.01.21 19:50:11.101,0.98471,0.98515,3.00,1.80
2011.01.21 19:50:11.325,0.9847,0.98515,2.33,1.65
2011.01.21 19:50:12.424,0.9847,0.9851,2.25,1.58
2011.01.21 19:50:14.665,0.9847,0.98512,2.33,2.25
2011.01.21 19:50:14.774,0.98472,0.98512,3.08,2.25
2011.01.21 19:50:16.269,0.98472,0.98514,3.08,1.58
2011.01.21 19:50:17.215,0.98472,0.98514,6.53,1.58
2011.01.21 19:50:18.384,0.98472,0.98511,6.53,1.50
2011.01.21 19:50:21.919,0.98478,0.98521,3.27,1.50
2011.01.21 19:50:22.440,0.9848,0.98521,3.08,1.50
2011.01.21 19:50:23.854,0.9848,0.98521,3.08,1.50
2011.01.21 19:50:24.382,0.98479,0.98521,5.33,1.50
2011.01.21 19:50:24.824,0.98478,0.98519,1.09,2.25
2011.01.21 19:50:25.339,0.98484,0.98524,2.44,2.25
2011.01.21 19:50:25.565,0.9848,0.98524,4.58,2.25
2011.01.21 19:50:25.676,0.9848,0.98519,2.25,2.25
2011.01.21 19:50:26.005,0.9848,0.98517,2.40,2.25
2011.01.21 19:50:26.125,0.9848,0.98519,2.40,4.50
2011.01.21 19:50:27.125,0.9848,0.98519,2.40,2.25
2011.01.21 19:50:28.561,0.9848,0.98519,4.65,2.25
2011.01.21 19:50:31.655,0.9848,0.9852,2.40,2.25
2011.01.21 19:50:31.765,0.98479,0.98518,1.09,2.25
2011.01.21 19:50:32.095,0.98479,0.9852,1.09,2.25
2011.01.21 19:50:32.314,0.98479,0.9852,1.09,2.25
2011.01.21 19:50:33.048,0.9848,0.98526,6.53,3.75
2011.01.21 19:50:33.544,0.98479,0.98525,7.00,2.33
2011.01.21 19:50:37.596,0.98479,0.98525,7.00,2.25
2011.01.21 19:50:37.814,0.98486,0.98526,3.08,1.50
2011.01.21 19:50:37.924,0.98488,0.9853,2.33,2.44
2011.01.21 19:50:38.255,0.98488,0.98532,2.59,3.90
2011.01.21 19:50:38.584,0.98489,0.9853,2.25,2.25
2011.01.21 19:50:39.493,0.98489,0.98531,2.33,3.00
2011.01.21 19:50:40.081,0.98489,0.98531,2.33,3.08
2011.01.21 19:50:41.054,0.98489,0.98524,2.25,2.25
2011.01.21 19:50:41.164,0.98489,0.98524,2.25,2.25
2011.01.21 19:50:41.636,0.98488,0.98524,1.02,2.25
2011.01.21 19:50:42.485,0.98487,0.98525,1.02,2.25
2011.01.21 19:50:43.034,0.98487,0.98524,1.02,2.25
2011.01.21 19:50:43.496,0.98488,0.98524,1.09,2.25
2011.01.21 19:50:44.616,0.98488,0.98524,1.02,2.25
2011.01.21 19:50:47.614,0.98484,0.98524,2.33,2.25
2011.01.21 19:50:47.834,0.98484,0.98524,2.33,2.25
2011.01.21 19:50:49.614,0.9848,0.98524,6.53,2.33
2011.01.21 19:51:00.870,0.98479,0.98524,5.13,2.25
2011.01.21 19:51:24.155,0.98479,0.98524,1.38,2.25
2011.01.21 19:51:25.685,0.98483,0.98523,1.09,2.33
2011.01.21 19:51:25.904,0.98483,0.98528,2.33,2.33
2011.01.21 19:51:26.014,0.98482,0.98525,3.15,1.50
2011.01.21 19:51:27.062,0.9848,0.98524,6.53,2.25
2011.01.21 19:51:28.495,0.98481,0.98525,6.53,3.75
2011.01.21 19:51:29.046,0.98481,0.98525,6.53,3.83
2011.01.21 19:51:29.964,0.98481,0.98525,6.53,3.83
2011.01.21 19:51:31.453,0.98481,0.98525,6.53,2.33
2011.01.21 19:51:31.571,0.98484,0.98527,2.40,2.25
2011.01.21 19:51:32.386,0.98484,0.98528,4.65,2.33
2011.01.21 19:51:34.864,0.98484,0.98527,4.65,2.25
2011.01.21 19:51:35.559,0.98484,0.98528,4.65,2.33
2011.01.21 19:51:35.943,0.98484,0.98526,4.65,2.25
2011.01.21 19:51:36.163,0.98484,0.98528,4.65,2.33
2011.01.21 19:51:36.901,0.98484,0.98527,4.65,2.25
2011.01.21 19:51:37.565,0.98488,0.98527,1.09,2.25
2011.01.21 19:51:43.676,0.98488,0.98531,2.52,2.25
2011.01.21 19:51:43.894,0.98493,0.98531,2.25,3.00
2011.01.21 19:51:47.667,0.98494,0.9853,2.25,2.25
2011.01.21 19:51:48.174,0.98494,0.98532,2.25,1.58
2011.01.21 19:51:48.884,0.98494,0.98532,2.33,1.50
2011.01.21 19:51:49.484,0.98495,0.98532,2.33,1.50
2011.01.21 19:51:50.006,0.98495,0.98532,2.33,1.50
2011.01.21 19:51:50.114,0.98495,0.98532,2.33,1.50
2011.01.21 19:51:55.824,0.98494,0.98532,2.33,1.50
2011.01.21 19:51:56.155,0.98494,0.98532,2.25,1.65
2011.01.21 19:51:56.375,0.98488,0.98529,2.59,4.58
2011.01.21 19:51:56.965,0.98488,0.98529,2.59,4.58
2011.01.21 19:51:58.730,0.98488,0.98529,5.13,2.25
2011.01.21 19:51:58.955,0.98488,0.9853,2.59,4.58
2011.01.21 19:51:59.833,0.98488,0.98529,2.59,2.33
2011.01.21 19:52:01.384,0.98488,0.98529,2.59,2.33
2011.01.21 19:52:01.715,0.98488,0.98524,2.33,2.25
2011.01.21 19:52:02.225,0.98483,0.98524,2.40,2.25
2011.01.21 19:52:02.778,0.98483,0.98525,2.40,2.25
2011.01.21 19:52:03.333,0.98483,0.98524,2.40,2.25
2011.01.21 19:52:03.898,0.98483,0.98524,2.40,2.33
2011.01.21 19:52:04.357,0.98483,0.98524,2.33,2.25
2011.01.21 19:52:04.624,0.98483,0.98524,2.40,2.33
2011.01.21 19:52:05.254,0.98483,0.98525,2.40,2.33
2011.01.21 19:52:05.831,0.98483,0.98525,2.40,2.33
2011.01.21 19:52:05.947,0.98483,0.98524,2.40,2.25
2011.01.21 19:52:09.775,0.98493,0.9853,1.50,2.25
2011.01.21 19:52:09.882,0.98497,0.98531,1.02,2.25
2011.01.21 19:52:10.512,0.98492,0.98531,2.40,2.25
2011.01.21 19:52:10.631,0.98497,0.98537,2.25,1.58
2011.01.21 19:52:11.249,0.98497,0.98536,2.25,1.50
2011.01.21 19:52:11.999,0.98497,0.98527,2.25,2.25
2011.01.21 19:52:12.115,0.98497,0.98527,1.50,2.25
2011.01.21 19:52:12.227,0.98483,0.98527,3.15,2.25
2011.01.21 19:52:13.698,0.98482,0.98526,3.15,2.25
2011.01.21 19:52:14.522,0.98482,0.98528,3.30,4.09
2011.01.21 19:52:15.089,0.98483,0.98527,3.15,2.44
2011.01.21 19:52:15.941,0.98483,0.98527,3.15,2.44
2011.01.21 19:52:16.485,0.98483,0.98527,3.15,2.59
2011.01.21 19:52:16.705,0.98483,0.98527,3.08,2.25
2011.01.21 19:52:17.234,0.98487,0.98529,2.33,2.33
2011.01.21 19:52:17.344,0.98487,0.98529,2.33,2.33
2011.01.21 19:52:18.564,0.98487,0.98529,2.33,2.25
2011.01.21 19:52:18.679,0.98482,0.98528,10.75,3.75
2011.01.21 19:52:20.334,0.9848,0.98524,3.15,2.25
2011.01.21 19:52:20.885,0.98484,0.98523,2.33,2.25
2011.01.21 19:52:20.995,0.98482,0.98525,6.53,1.50
2011.01.21 19:52:21.493,0.98482,0.98525,6.53,4.69
2011.01.21 19:52:21.608,0.98479,0.98519,1.50,1.58
2011.01.21 19:52:22.487,0.98475,0.98519,3.08,1.50
2011.01.21 19:52:23.036,0.98473,0.98516,2.25,2.25
2011.01.21 19:52:23.255,0.98473,0.98519,3.00,3.75
2011.01.21 19:52:23.480,0.98474,0.98519,1.50,2.33
2011.01.21 19:52:24.307,0.98474,0.98519,2.25,2.33
2011.01.21 19:52:24.876,0.98478,0.98519,2.25,2.40
2011.01.21 19:52:25.330,0.98475,0.98519,3.00,2.25
2011.01.21 19:52:25.452,0.98473,0.98519,5.55,2.25
2011.01.21 19:52:26.565,0.98473,0.98519,3.30,2.25
2011.01.21 19:52:27.708,0.98473,0.98519,6.53,2.33
2011.01.21 19:52:29.076,0.9847,0.98513,6.53,2.25
2011.01.21 19:52:30.596,0.9847,0.98513,6.53,2.33
2011.01.21 19:52:45.321,0.98474,0.98515,3.15,1.50
2011.01.21 19:52:46.386,0.98474,0.9852,3.15,2.25
2011.01.21 19:52:47.462,0.98474,0.98518,2.40,2.25
2011.01.21 19:52:47.797,0.98479,0.98521,2.33,3.75
2011.01.21 19:52:47.906,0.98479,0.98523,3.08,2.25
2011.01.21 19:52:48.016,0.98477,0.98518,3.08,2.25
2011.01.21 19:52:48.125,0.98474,0.98518,3.08,2.25
2011.01.21 19:52:49.147,0.98474,0.98518,3.08,2.25
2011.01.21 19:52:49.366,0.98471,0.98513,6.53,1.50
2011.01.21 19:52:49.881,0.98471,0.98513,3.15,1.50
2011.01.21 19:52:50.001,0.98467,0.9851,3.08,1.50
2011.01.21 19:52:50.906,0.98467,0.98512,3.08,2.25
2011.01.21 19:52:52.555,0.98469,0.98512,3.19,2.25
2011.01.21 19:52:52.668,0.98472,0.98518,6.53,2.33
2011.01.21 19:52:52.895,0.98468,0.98512,3.08,1.50
2011.01.21 19:52:53.557,0.98468,0.98512,6.72,1.50
2011.01.21 19:52:54.352,0.98472,0.98512,1.05,1.50
2011.01.21 19:52:54.836,0.98472,0.98518,3.49,2.40
2011.01.21 19:52:56.175,0.98472,0.98518,4.99,2.40
2011.01.21 19:52:57.027,0.98473,0.98519,3.15,2.40
2011.01.21 19:52:59.136,0.98472,0.98517,3.15,1.84
2011.01.21 19:52:59.927,0.98472,0.98518,4.99,2.40
2011.01.21 19:53:00.037,0.98472,0.98518,10.94,2.33
2011.01.21 19:53:01.866,0.98472,0.98518,4.84,2.33
2011.01.21 19:53:02.497,0.98472,0.98518,3.15,4.09
2011.01.21 19:53:03.171,0.98473,0.98519,4.65,3.90
2011.01.21 19:53:03.765,0.98473,0.98517,10.28,2.25
2011.01.21 19:53:03.985,0.98473,0.98517,4.65,2.33
2011.01.21 19:53:04.563,0.98473,0.98517,3.15,2.33
2011.01.21 19:53:05.891,0.98473,0.98517,3.15,2.33
2011.01.21 19:53:10.054,0.98473,0.98517,3.15,2.25
2011.01.21 19:53:11.047,0.98476,0.98517,1.09,2.25
2011.01.21 19:53:11.376,0.98481,0.9852,2.25,1.50
2011.01.21 19:53:11.876,0.98479,0.9852,2.25,1.50
2011.01.21 19:53:12.205,0.98479,0.9852,2.33,1.58
2011.01.21 19:53:12.847,0.98473,0.98518,1.09,2.25
2011.01.21 19:53:13.383,0.98472,0.98518,3.34,2.40
2011.01.21 19:53:13.604,0.98472,0.98515,3.15,1.50
2011.01.21 19:53:14.587,0.98472,0.98515,3.15,1.58
2011.01.21 19:53:14.934,0.98469,0.98511,2.33,2.25
2011.01.21 19:53:15.154,0.98469,0.98511,3.08,2.25
2011.01.21 19:53:15.265,0.98469,0.98509,2.33,1.50
2011.01.21 19:53:15.705,0.98469,0.98511,2.40,2.25
2011.01.21 19:53:18.035,0.98469,0.98511,2.40,2.25
2011.01.21 19:53:19.966,0.98469,0.98511,2.40,2.25
2011.01.21 19:53:20.858,0.98472,0.98512,6.53,1.50
2011.01.21 19:53:20.963,0.98472,0.98516,10.28,2.25
2011.01.21 19:53:23.531,0.98472,0.98513,6.53,1.50
2011.01.21 19:53:24.022,0.98472,0.98516,3.34,2.25
2011.01.21 19:53:24.925,0.98472,0.98516,7.19,2.25
2011.01.21 19:53:25.144,0.98472,0.98516,7.00,2.25
2011.01.21 19:53:35.314,0.98473,0.98516,1.09,2.25
2011.01.21 19:53:35.747,0.98473,0.98518,2.40,2.33
2011.01.21 19:53:36.941,0.98476,0.98519,3.08,1.50
2011.01.21 19:53:37.165,0.98475,0.98516,3.08,2.25
2011.01.21 19:53:38.115,0.98471,0.98512,1.50,2.25
2011.01.21 19:53:38.224,0.98469,0.98512,2.25,3.75
2011.01.21 19:53:38.566,0.98469,0.98512,2.40,3.75
2011.01.21 19:53:41.406,0.98473,0.98516,1.05,2.25
2011.01.21 19:53:42.278,0.98473,0.98517,4.80,2.40
2011.01.21 19:53:43.634,0.98477,0.98519,3.15,1.65
2011.01.21 19:53:44.664,0.98475,0.98519,3.15,1.65
2011.01.21 19:53:45.874,0.98474,0.98519,3.15,1.65
2011.01.21 19:53:49.026,0.98473,0.98517,4.80,2.40
2011.01.21 19:53:55.074,0.98473,0.98519,4.80,3.90
2011.01.21 19:54:02.924,0.98475,0.98519,3.15,3.90
2011.01.21 19:54:04.314,0.98476,0.98519,3.15,1.65
2011.01.21 19:54:05.734,0.98477,0.98519,3.15,1.65
2011.01.21 19:54:06.237,0.98477,0.98519,3.15,1.65
2011.01.21 19:54:10.031,0.98477,0.98519,3.15,1.65
2011.01.21 19:54:12.067,0.98476,0.9852,3.08,3.75
2011.01.21 19:54:12.832,0.98478,0.98521,4.65,1.50
2011.01.21 19:54:12.950,0.98482,0.98525,2.40,2.25
2011.01.21 19:54:14.391,0.98482,0.98525,4.84,2.25
2011.01.21 19:54:15.497,0.98482,0.98525,2.40,2.25
2011.01.21 19:54:17.657,0.98482,0.98524,2.40,2.25
2011.01.21 19:54:17.984,0.98487,0.9853,2.33,1.77
2011.01.21 19:54:18.425,0.98487,0.98532,3.34,3.75
2011.01.21 19:54:18.958,0.98494,0.98534,2.25,2.25
2011.01.21 19:54:19.414,0.98494,0.98534,1.58,2.25
2011.01.21 19:54:20.516,0.98494,0.98534,2.33,2.33
2011.01.21 19:54:21.861,0.98494,0.98534,2.25,2.33
2011.01.21 19:54:27.224,0.98494,0.98534,2.25,2.25
2011.01.21 19:54:28.575,0.98494,0.98535,1.50,2.25
2011.01.21 19:54:28.688,0.98494,0.98536,2.33,2.25
2011.01.21 19:54:29.325,0.98494,0.98539,2.33,4.58
2011.01.21 19:54:29.971,0.98494,0.98536,2.40,2.25
2011.01.21 19:54:30.322,0.98494,0.98536,2.33,2.25
2011.01.21 19:54:31.022,0.98494,0.98537,2.33,2.25
2011.01.21 19:54:31.464,0.98494,0.98538,3.90,2.33
2011.01.21 19:54:33.425,0.98497,0.9854,3.15,1.50
2011.01.21 19:54:33.644,0.98497,0.9854,3.15,1.58
2011.01.21 19:54:34.155,0.98498,0.9854,1.02,1.50
2011.01.21 19:54:34.267,0.98497,0.9854,1.02,2.25
2011.01.21 19:54:35.540,0.98497,0.9854,1.02,2.25
2011.01.21 19:54:35.659,0.98498,0.98542,3.08,2.33
2011.01.21 19:54:35.778,0.98498,0.9854,3.08,1.50
2011.01.21 19:54:36.324,0.98494,0.98538,4.58,2.25
2011.01.21 19:54:37.287,0.98494,0.9854,4.58,3.83
2011.01.21 19:54:38.358,0.98494,0.98539,4.65,2.33
2011.01.21 19:54:39.067,0.98494,0.98539,4.65,2.25
2011.01.21 19:54:40.324,0.98494,0.98539,4.65,2.33
2011.01.21 19:54:40.477,0.98494,0.98539,2.33,2.33
2011.01.21 19:54:42.984,0.98497,0.9854,3.08,1.58
2011.01.21 19:54:46.064,0.98495,0.9854,3.08,1.58
2011.01.21 19:54:47.336,0.98494,0.9854,2.33,1.58
2011.01.21 19:54:51.592,0.98494,0.9854,2.33,1.58
2011.01.21 19:54:54.895,0.98494,0.9854,1.58,1.69
2011.01.21 19:54:55.445,0.98494,0.9854,2.33,1.58
2011.01.21 19:54:57.398,0.98494,0.9854,2.33,1.58
2011.01.21 19:55:01.411,0.98494,0.9854,2.33,1.58
2011.01.21 19:55:03.739,0.98494,0.9854,2.25,1.84
2011.01.21 19:55:03.857,0.98488,0.98534,3.08,1.50
2011.01.21 19:55:04.077,0.98486,0.98531,1.84,1.50
2011.01.21 19:55:04.601,0.98484,0.98527,2.59,1.50
2011.01.21 19:55:04.937,0.98481,0.98527,4.65,1.50
2011.01.21 19:55:05.157,0.98479,0.98525,1.65,1.50
2011.01.21 19:55:05.374,0.98479,0.98522,1.65,1.50
2011.01.21 19:55:05.486,0.98488,0.98529,1.58,2.25
2011.01.21 19:55:05.895,0.98488,0.98532,1.58,1.58
2011.01.21 19:55:06.458,0.98488,0.98532,2.33,1.65
2011.01.21 19:55:07.442,0.98488,0.98532,2.33,1.58
2011.01.21 19:55:07.659,0.98488,0.98532,2.25,1.58
2011.01.21 19:55:08.135,0.98488,0.98532,2.55,1.80
2011.01.21 19:55:09.298,0.98483,0.98529,2.33,1.58
2011.01.21 19:55:14.192,0.98483,0.98529,2.33,1.58
2011.01.21 19:55:19.385,0.98484,0.9853,2.33,1.58
2011.01.21 19:55:20.566,0.98484,0.9853,2.33,1.58
2011.01.21 19:55:21.183,0.98484,0.9853,2.25,1.65
2011.01.21 19:55:21.732,0.98481,0.9853,1.09,1.65
2011.01.21 19:55:22.365,0.98481,0.98528,1.09,1.65
2011.01.21 19:55:22.467,0.98478,0.98521,3.08,1.50
2011.01.21 19:55:23.396,0.98475,0.98522,6.53,3.75
2011.01.21 19:55:23.924,0.98475,0.98522,4.65,2.25
2011.01.21 19:55:24.034,0.98478,0.98528,1.09,1.77
2011.01.21 19:55:25.435,0.98478,0.98528,1.02,1.84
2011.01.21 19:55:25.766,0.98478,0.98528,1.02,1.77
2011.01.21 19:55:27.045,0.98475,0.98527,2.33,2.44
2011.01.21 19:55:27.374,0.98472,0.9852,2.40,1.50
2011.01.21 19:55:28.020,0.98472,0.9852,2.40,1.50
2011.01.21 19:55:28.138,0.98469,0.98518,3.15,1.50
2011.01.21 19:55:30.259,0.98469,0.98518,3.08,1.58
2011.01.21 19:55:33.570,0.98469,0.98518,3.00,1.58
2011.01.21 19:55:34.486,0.98473,0.98521,2.25,1.58
2011.01.21 19:55:35.208,0.98474,0.9852,1.50,1.58
2011.01.21 19:55:37.622,0.98474,0.9852,1.58,1.58
2011.01.21 19:55:38.195,0.98474,0.9852,1.50,1.58
2011.01.21 19:55:40.735,0.98469,0.98519,3.19,1.65
2011.01.21 19:55:42.138,0.98469,0.98519,3.00,1.65
2011.01.21 19:55:47.805,0.98469,0.98519,3.00,1.84
2011.01.21 19:55:47.914,0.98469,0.98512,3.00,2.25
2011.01.21 19:55:48.244,0.98465,0.9851,3.08,1.50
2011.01.21 19:55:50.272,0.98465,0.9851,3.08,1.58
2011.01.21 19:55:51.317,0.98464,0.9851,3.83,1.50
2011.01.21 19:55:53.937,0.98464,0.98511,3.08,1.50
2011.01.21 19:55:56.685,0.98465,0.98513,2.33,1.58
2011.01.21 19:55:57.893,0.98466,0.98513,6.53,1.58
2011.01.21 19:55:58.286,0.98466,0.98509,3.15,1.50
2011.01.21 19:55:58.998,0.98464,0.98509,3.90,1.50
2011.01.21 19:55:59.993,0.98464,0.98509,3.15,1.50
2011.01.21 19:56:01.465,0.98466,0.98513,3.15,1.65
2011.01.21 19:56:02.297,0.98467,0.98515,10.28,1.58
2011.01.21 19:56:02.519,0.98468,0.98516,2.25,1.65
2011.01.21 19:56:03.025,0.98468,0.98516,2.25,1.65
2011.01.21 19:56:03.547,0.98468,0.98516,2.33,1.58
2011.01.21 19:56:04.555,0.98468,0.98516,10.47,1.58
2011.01.21 19:56:07.935,0.98471,0.98516,1.02,1.50
2011.01.21 19:56:08.535,0.98468,0.98511,5.25,1.50
2011.01.21 19:56:10.183,0.98465,0.98511,3.34,1.50
2011.01.21 19:56:10.844,0.98461,0.98505,6.53,1.50
2011.01.21 19:56:11.979,0.98461,0.98505,6.53,1.50
2011.01.21 19:56:12.516,0.98461,0.98505,6.53,1.50
2011.01.21 19:56:14.059,0.98462,0.98505,1.09,1.50
2011.01.21 19:56:14.341,0.98464,0.9851,2.40,1.50
2011.01.21 19:56:26.716,0.98468,0.9851,1.77,1.50
2011.01.21 19:56:27.232,0.98474,0.9852,1.69,3.83
2011.01.21 19:56:27.348,0.98474,0.9852,2.44,1.50
2011.01.21 19:56:27.676,0.9848,0.98528,2.25,1.58
2011.01.21 19:56:29.380,0.9848,0.98528,2.25,1.65
2011.01.21 19:56:29.957,0.98469,0.9852,3.00,1.50
2011.01.21 19:56:30.284,0.98466,0.9851,3.15,1.50
2011.01.21 19:56:34.665,0.98464,0.9851,2.33,1.50
2011.01.21 19:56:34.775,0.98463,0.98506,1.09,1.50
2011.01.21 19:56:45.985,0.98463,0.98511,2.59,1.50
2011.01.21 19:56:46.558,0.98463,0.98511,5.13,1.50
2011.01.21 19:56:46.665,0.98463,0.98511,2.52,1.50
2011.01.21 19:56:46.994,0.98463,0.98506,1.02,1.50
2011.01.21 19:56:48.223,0.98463,0.98506,1.02,1.50
2011.01.21 19:56:48.856,0.98463,0.98506,1.09,1.50
2011.01.21 19:56:49.469,0.98463,0.98506,1.09,1.50
2011.01.21 19:56:53.755,0.98458,0.98503,2.40,2.40
2011.01.21 19:56:53.977,0.98456,0.985,3.08,1.50
2011.01.21 19:56:54.402,0.98459,0.98503,1.50,2.33
2011.01.21 19:56:54.517,0.98459,0.98505,1.65,1.50
2011.01.21 19:56:55.614,0.98459,0.98505,1.58,1.58
2011.01.21 19:56:56.429,0.98459,0.98505,1.65,1.58
2011.01.21 19:56:57.496,0.98459,0.98505,1.58,1.58
2011.01.21 19:56:58.093,0.98457,0.98501,6.53,1.50
2011.01.21 19:56:58.206,0.98457,0.98501,3.08,1.69
2011.01.21 19:56:58.427,0.98451,0.98496,6.53,1.50
2011.01.21 19:56:59.715,0.9845,0.98496,3.15,1.50
2011.01.21 19:57:00.369,0.9845,0.98496,3.15,1.58
2011.01.21 19:57:00.596,0.98452,0.98498,10.75,1.58
2011.01.21 19:57:01.035,0.98454,0.98498,7.84,1.50
2011.01.21 19:57:01.478,0.98456,0.98502,5.13,1.50
2011.01.21 19:57:03.476,0.98456,0.98502,5.20,1.58
2011.01.21 19:57:14.345,0.98461,0.98507,1.65,2.44
2011.01.21 19:57:14.675,0.98458,0.98506,2.40,1.58
2011.01.21 19:57:15.356,0.98458,0.98506,2.70,1.50
2011.01.21 19:57:15.465,0.98458,0.98506,2.40,1.58
2011.01.21 19:57:15.961,0.98458,0.98506,2.55,1.50
2011.01.21 19:57:17.415,0.98458,0.98506,2.48,1.58
2011.01.21 19:57:26.456,0.98458,0.98506,2.33,1.65
2011.01.21 19:57:28.414,0.98459,0.98506,1.05,1.65
2011.01.21 19:57:34.455,0.98458,0.98505,4.28,2.25
2011.01.21 19:57:34.675,0.98464,0.98509,1.58,2.33
2011.01.21 19:57:35.706,0.98461,0.98503,2.33,2.44
2011.01.21 19:57:36.305,0.98453,0.98501,2.33,3.75
2011.01.21 19:57:36.417,0.9845,0.98498,4.65,1.69
2011.01.21 19:57:37.494,0.9845,0.98498,2.40,1.77
2011.01.21 19:57:38.585,0.98452,0.98498,1.84,1.50
2011.01.21 19:57:38.714,0.98457,0.98503,1.84,1.58
2011.01.21 19:57:53.715,0.98457,0.98503,4.09,1.58
2011.01.21 19:57:54.520,0.98462,0.98506,1.84,2.40
2011.01.21 19:57:56.245,0.98457,0.985,2.74,1.50
2011.01.21 19:57:56.362,0.98454,0.985,1.58,1.69
2011.01.21 19:57:56.695,0.98451,0.98495,2.40,1.50
2011.01.21 19:57:58.476,0.98451,0.98495,2.40,1.58
2011.01.21 19:58:00.455,0.98451,0.98495,2.33,1.50
2011.01.21 19:58:01.189,0.9845,0.98495,2.40,1.50
2011.01.21 19:58:02.515,0.98451,0.98496,2.40,1.50
2011.01.21 19:58:03.315,0.98451,0.98496,2.55,2.25
2011.01.21 19:58:04.056,0.98451,0.98496,2.40,2.33
2011.01.21 19:58:07.005,0.9845,0.98496,1.58,2.40
2011.01.21 19:58:11.845,0.9845,0.98496,1.50,2.33
2011.01.21 19:58:11.955,0.98448,0.98485,3.08,1.50
2011.01.21 19:58:12.395,0.98445,0.98491,2.33,1.58
2011.01.21 19:58:21.635,0.98443,0.98491,4.58,2.40
2011.01.21 19:58:22.869,0.98443,0.98491,4.65,1.84
2011.01.21 19:58:23.794,0.98444,0.9849,2.25,1.65
2011.01.21 19:58:24.587,0.98441,0.98489,3.90,1.84
2011.01.21 19:58:25.369,0.98441,0.98489,1.65,4.09
2011.01.21 19:58:44.415,0.98443,0.98489,3.30,1.84
2011.01.21 19:58:44.985,0.98444,0.98491,3.08,1.58
2011.01.21 19:58:45.809,0.98444,0.98491,3.08,2.33
2011.01.21 19:58:46.660,0.98443,0.98491,4.65,1.65
2011.01.21 19:58:46.777,0.98444,0.98491,6.53,1.58
2011.01.21 19:58:47.489,0.98445,0.98491,3.08,1.58
2011.01.21 19:58:48.816,0.98445,0.98491,3.08,2.33
2011.01.21 19:58:50.064,0.98445,0.98491,3.08,1.58
2011.01.21 19:58:51.126,0.98445,0.98491,3.08,1.50
2011.01.21 19:58:51.601,0.9845,0.98492,1.50,3.83
2011.01.21 19:58:52.295,0.98446,0.98491,3.08,2.33
2011.01.21 19:58:54.438,0.98443,0.98491,4.58,1.65
2011.01.21 19:58:54.796,0.98443,0.98491,4.73,1.58
2011.01.21 19:58:56.488,0.98443,0.98491,2.40,2.33
2011.01.21 19:58:57.835,0.98443,0.98488,2.40,1.02
2011.01.21 19:58:58.517,0.9844,0.98482,1.58,2.44
2011.01.21 19:58:58.634,0.98443,0.98491,1.50,7.77
2011.01.21 19:58:59.592,0.98443,0.98491,1.50,13.47
2011.01.21 19:59:00.469,0.98443,0.98491,1.50,13.83
2011.01.21 19:59:03.107,0.98443,0.98491,1.65,1.99
2011.01.21 19:59:03.325,0.98443,0.98491,1.50,4.17
2011.01.21 19:59:04.256,0.98436,0.98481,7.00,1.58
2011.01.21 19:59:04.369,0.98436,0.98481,1.38,1.50
2011.01.21 19:59:04.708,0.98439,0.98482,1.50,1.69
2011.01.21 19:59:04.928,0.98433,0.9848,3.08,1.50
2011.01.21 19:59:05.146,0.98434,0.98482,2.25,5.74
2011.01.21 19:59:05.647,0.98432,0.98479,3.15,1.84
2011.01.21 19:59:06.640,0.98432,0.98479,3.15,1.84
2011.01.21 19:59:07.199,0.98432,0.98479,3.15,4.09
2011.01.21 19:59:07.726,0.98432,0.98479,1.09,1.58
2011.01.21 19:59:09.667,0.98434,0.98482,1.65,5.52
2011.01.21 19:59:10.374,0.98434,0.98482,2.33,5.59
2011.01.21 19:59:11.149,0.98431,0.98479,2.40,1.84
2011.01.21 19:59:12.447,0.98431,0.98479,4.65,4.09
2011.01.21 19:59:13.615,0.98431,0.98473,4.65,1.02
2011.01.21 19:59:13.727,0.98431,0.98469,2.25,1.02
2011.01.21 19:59:14.055,0.98417,0.98465,3.83,1.69
2011.01.21 19:59:14.740,0.98418,0.98466,2.33,2.52
2011.01.21 19:59:14.861,0.98418,0.98466,2.40,3.19
2011.01.21 19:59:15.415,0.98415,0.98463,4.65,1.77
2011.01.21 19:59:15.748,0.98419,0.98465,4.65,1.58
2011.01.21 19:59:16.337,0.98433,0.98476,2.25,1.50
2011.01.21 19:59:16.665,0.98433,0.98476,2.25,1.65
2011.01.21 19:59:17.347,0.98421,0.98467,2.25,1.50
2011.01.21 19:59:17.460,0.98421,0.98467,2.25,1.58
2011.01.21 19:59:17.995,0.98421,0.98467,2.25,1.58
2011.01.21 19:59:18.105,0.98421,0.98467,2.33,1.58
2011.01.21 19:59:19.216,0.98421,0.98467,2.33,1.65
2011.01.21 19:59:19.598,0.98418,0.98466,2.40,1.58
2011.01.21 19:59:20.363,0.98418,0.98466,2.40,1.58
2011.01.21 19:59:21.040,0.98418,0.98466,2.40,1.58
2011.01.21 19:59:21.759,0.98418,0.98466,4.65,3.83
2011.01.21 19:59:23.605,0.98418,0.98466,4.65,1.58
2011.01.21 19:59:24.161,0.98413,0.98461,4.84,1.50
2011.01.21 19:59:24.280,0.98413,0.9846,1.09,1.50
2011.01.21 19:59:25.078,0.98412,0.9846,5.20,3.75
2011.01.21 19:59:25.637,0.98412,0.9846,5.20,1.58
2011.01.21 19:59:26.155,0.98412,0.9846,2.59,1.58
2011.01.21 19:59:26.706,0.98412,0.98459,1.38,1.58
2011.01.21 19:59:27.438,0.98409,0.9845,6.53,1.50
2011.01.21 19:59:27.656,0.98409,0.98455,2.44,1.50
2011.01.21 19:59:28.259,0.98418,0.98464,2.44,3.00
2011.01.21 19:59:28.368,0.98419,0.98465,2.33,1.50
2011.01.21 19:59:28.586,0.98414,0.98462,2.33,1.69
2011.01.21 19:59:28.805,0.98412,0.98456,3.15,1.50
2011.01.21 19:59:29.253,0.98414,0.9846,2.33,1.50
2011.01.21 19:59:29.373,0.98414,0.9846,2.33,1.50
2011.01.21 19:59:29.974,0.98414,0.9846,2.33,1.50
2011.01.21 19:59:30.805,0.98414,0.9846,2.40,1.58
2011.01.21 19:59:31.245,0.98409,0.98456,2.78,1.50
2011.01.21 19:59:31.957,0.98413,0.98461,2.33,2.44
2011.01.21 19:59:32.071,0.98414,0.98461,3.08,1.58
2011.01.21 19:59:32.299,0.98417,0.98461,1.09,1.50
2011.01.21 19:59:32.416,0.98417,0.98462,1.38,1.58
2011.01.21 19:59:33.340,0.98421,0.98466,2.33,2.33
2011.01.21 19:59:33.786,0.98422,0.98468,1.02,1.58
2011.01.21 19:59:34.005,0.98422,0.98469,1.02,1.58
2011.01.21 19:59:34.937,0.98424,0.98461,2.44,2.25
2011.01.21 19:59:35.458,0.98416,0.98459,1.02,3.75
2011.01.21 19:59:35.566,0.98418,0.98462,2.33,2.25
2011.01.21 19:59:35.675,0.98418,0.98462,2.33,2.25
2011.01.21 19:59:36.005,0.98412,0.98459,1.02,1.50
2011.01.21 19:59:36.640,0.98416,0.98459,1.02,1.50
2011.01.21 19:59:37.246,0.98421,0.9846,1.02,1.50
2011.01.21 19:59:37.878,0.98417,0.9846,1.02,1.58
2011.01.21 19:59:38.305,0.98417,0.98456,1.02,1.50
2011.01.21 19:59:38.646,0.98416,0.98459,1.02,2.33
2011.01.21 19:59:39.246,0.98416,0.98457,1.02,1.50
2011.01.21 19:59:40.396,0.98416,0.98457,1.02,1.65
2011.01.21 19:59:41.045,0.98416,0.98455,1.09,1.65
2011.01.21 19:59:47.336,0.98417,0.9846,1.05,3.90
2011.01.21 19:59:47.446,0.98417,0.98456,1.05,1.50
2011.01.21 19:59:47.664,0.98417,0.9846,1.05,1.65
2011.01.21 19:59:48.238,0.98421,0.98462,1.02,1.58
2011.01.21 19:59:50.018,0.98422,0.98461,1.77,1.50
2011.01.21 19:59:50.518,0.98422,0.98462,1.77,1.50
2011.01.21 19:59:50.845,0.98419,0.98458,1.50,1.50
2011.01.21 19:59:51.067,0.98422,0.98462,1.02,1.50
2011.01.21 19:59:51.176,0.98422,0.98462,1.09,1.65
2011.01.21 19:59:51.661,0.98422,0.98459,1.09,1.50
2011.01.21 19:59:52.225,0.98423,0.98459,1.09,1.50
2011.01.21 19:59:52.555,0.98427,0.98468,1.09,3.90
2011.01.21 19:59:53.578,0.98421,0.98458,1.50,2.44
2011.01.21 19:59:53.686,0.98408,0.9845,1.88,1.50
2011.01.21 19:59:53.905,0.98413,0.98452,1.13,3.00
2011.01.21 19:59:54.345,0.98413,0.98447,1.13,1.50
2011.01.21 19:59:54.786,0.98413,0.98451,1.13,1.50
2011.01.21 19:59:55.335,0.98413,0.9845,1.13,1.50
2011.01.21 19:59:55.445,0.98413,0.98448,1.13,1.50
2011.01.21 19:59:55.666,0.98413,0.98452,2.52,1.50
2011.01.21 19:59:55.775,0.98415,0.98456,1.02,3.00
2011.01.21 19:59:55.886,0.98415,0.98458,1.02,2.33
2011.01.21 19:59:57.246,0.98414,0.98453,1.20,2.25
2011.01.21 19:59:57.355,0.98414,0.98453,1.20,2.25
2011.01.21 19:59:57.931,0.98416,0.98458,1.02,3.83
2011.01.21 19:59:58.601,0.98416,0.98458,1.09,3.83
2011.01.21 19:59:59.105,0.98416,0.98458,1.02,1.58
