2011.06.09 23:00:00.604,1.03422,1.03488,1.13,1.35
2011.06.09 23:00:01.151,1.03416,1.03486,1.50,1.50
2011.06.09 23:00:01.592,1.03417,1.03484,1.13,1.50
2011.06.09 23:00:02.032,1.03416,1.03479,1.50,1.50
2011.06.09 23:00:05.152,1.03406,1.03468,1.50,1.13
2011.06.09 23:00:05.371,1.03405,1.03468,1.50,1.13
2011.06.09 23:00:06.781,1.03405,1.03463,1.50,1.50
2011.06.09 23:00:07.442,1.03405,1.03458,1.50,1.50
2011.06.09 23:00:08.901,1.03405,1.03456,1.50,1.50
2011.06.09 23:00:12.441,1.03402,1.03463,1.50,1.50
2011.06.09 23:00:14.023,1.03399,1.03458,1.49,1.88
2011.06.09 23:00:14.242,1.034,1.03458,1.50,1.50
2011.06.09 23:00:14.572,1.03396,1.03454,1.50,1.50
2011.06.09 23:00:15.012,1.03397,1.03464,1.50,1.35
2011.06.09 23:00:15.233,1.034,1.03458,1.35,1.50
2011.06.09 23:00:16.124,1.03401,1.03456,1.50,1.50
2011.06.09 23:00:16.451,1.034,1.03459,1.35,1.50
2011.06.09 23:00:16.562,1.034,1.03459,1.35,1.50
2011.06.09 23:00:16.891,1.034,1.03458,1.35,1.50
2011.06.09 23:00:19.142,1.03396,1.03449,1.35,1.50
2011.06.09 23:00:19.252,1.03401,1.03449,1.35,1.50
2011.06.09 23:00:19.581,1.03411,1.03459,1.35,1.50
2011.06.09 23:00:19.692,1.03411,1.03459,1.35,1.50
2011.06.09 23:00:19.911,1.03411,1.03459,1.35,1.50
2011.06.09 23:00:21.502,1.03412,1.03465,1.35,1.50
2011.06.09 23:00:21.832,1.03412,1.03468,1.35,1.50
2011.06.09 23:00:21.941,1.03412,1.03468,1.35,1.50
2011.06.09 23:00:23.652,1.03412,1.03463,1.35,1.50
2011.06.09 23:00:23.871,1.03412,1.03463,1.35,1.50
2011.06.09 23:00:24.121,1.03412,1.03464,1.35,1.50
2011.06.09 23:00:24.341,1.03412,1.03463,1.35,1.50
2011.06.09 23:00:43.612,1.03412,1.03464,1.35,1.50
2011.06.09 23:00:44.311,1.03416,1.03468,1.50,1.50
2011.06.09 23:00:44.963,1.03412,1.03463,1.50,1.50
2011.06.09 23:00:46.223,1.03417,1.03468,1.35,1.50
2011.06.09 23:00:46.331,1.0342,1.03468,1.35,1.50
2011.06.09 23:00:46.553,1.0342,1.03469,1.35,1.50
2011.06.09 23:00:46.773,1.0342,1.03471,1.35,1.50
2011.06.09 23:00:47.214,1.03436,1.03479,1.35,1.50
2011.06.09 23:00:47.542,1.0344,1.03484,1.35,1.50
2011.06.09 23:00:47.652,1.0344,1.03484,1.35,1.50
2011.06.09 23:00:47.871,1.03437,1.03485,1.35,1.50
2011.06.09 23:00:48.092,1.03436,1.03484,1.35,1.50
2011.06.09 23:00:48.202,1.03425,1.03484,1.35,1.50
2011.06.09 23:00:48.313,1.03425,1.03484,1.35,1.50
2011.06.09 23:00:48.533,1.03425,1.03484,1.35,1.50
2011.06.09 23:00:49.962,1.03425,1.03479,1.50,1.50
2011.06.09 23:00:52.911,1.03425,1.03474,1.50,1.50
2011.06.09 23:00:54.304,1.03421,1.03474,1.50,1.50
2011.06.09 23:00:54.632,1.0342,1.03474,1.35,1.50
2011.06.09 23:00:54.852,1.03421,1.03474,1.50,1.50
2011.06.09 23:00:56.852,1.03421,1.03474,1.50,1.50
2011.06.09 23:00:57.072,1.03416,1.03468,1.50,1.35
2011.06.09 23:00:57.182,1.03411,1.03468,1.50,1.35
2011.06.09 23:00:57.512,1.03411,1.03468,1.50,1.35
2011.06.09 23:00:59.953,1.03411,1.03464,1.50,1.50
2011.06.09 23:01:04.902,1.03411,1.03463,1.50,1.50
2011.06.09 23:01:06.633,1.0341,1.03464,1.50,1.50
2011.06.09 23:01:08.963,1.03412,1.03464,1.50,1.50
2011.06.09 23:01:10.732,1.0341,1.03465,1.50,1.50
2011.06.09 23:01:18.871,1.03411,1.03463,1.50,1.50
2011.06.09 23:01:22.932,1.03412,1.03463,1.50,1.50
2011.06.09 23:01:24.901,1.03412,1.03463,1.50,1.50
2011.06.09 23:01:29.863,1.03412,1.03463,1.50,1.50
2011.06.09 23:01:30.441,1.03412,1.03474,1.50,1.50
2011.06.09 23:01:34.682,1.03415,1.03474,1.50,1.50
2011.06.09 23:01:35.803,1.03416,1.03475,1.50,1.50
2011.06.09 23:01:36.292,1.03411,1.03484,1.50,1.50
2011.06.09 23:01:36.402,1.03415,1.03484,1.50,1.50
2011.06.09 23:01:36.512,1.03417,1.03474,1.50,1.50
2011.06.09 23:01:36.732,1.03417,1.03475,1.50,1.50
2011.06.09 23:01:36.842,1.03417,1.03475,2.25,1.50
2011.06.09 23:01:37.172,1.03419,1.03474,1.50,1.50
2011.06.09 23:01:37.392,1.03421,1.03479,1.50,1.50
2011.06.09 23:01:38.044,1.03421,1.03479,1.50,1.50
2011.06.09 23:01:38.993,1.03416,1.03479,1.50,1.50
2011.06.09 23:01:39.101,1.03416,1.03479,1.50,1.50
2011.06.09 23:01:39.322,1.03412,1.03481,1.13,1.50
2011.06.09 23:01:39.432,1.03416,1.03482,1.50,2.25
2011.06.09 23:01:39.542,1.03416,1.03482,1.50,2.25
2011.06.09 23:01:39.982,1.03415,1.03481,1.50,1.50
2011.06.09 23:01:40.233,1.03415,1.03479,1.50,1.50
2011.06.09 23:01:41.882,1.03415,1.03476,1.50,1.50
2011.06.09 23:01:42.951,1.03411,1.03476,1.50,1.50
2011.06.09 23:01:43.692,1.03415,1.03476,1.50,1.50
2011.06.09 23:01:43.912,1.03415,1.03476,1.50,1.50
2011.06.09 23:01:44.463,1.03415,1.03476,1.50,1.50
2011.06.09 23:01:44.683,1.03416,1.03474,1.50,1.50
2011.06.09 23:01:45.883,1.03416,1.03468,1.50,1.50
2011.06.09 23:01:46.583,1.03415,1.03476,1.50,2.25
2011.06.09 23:01:47.863,1.03412,1.03476,1.50,2.25
2011.06.09 23:01:48.912,1.03415,1.03476,1.50,2.25
2011.06.09 23:01:49.462,1.03415,1.03468,1.50,1.50
2011.06.09 23:01:50.344,1.03412,1.03466,1.50,1.50
2011.06.09 23:01:50.782,1.03415,1.03476,1.50,1.50
2011.06.09 23:01:51.332,1.03417,1.03476,1.13,1.50
2011.06.09 23:01:51.442,1.03421,1.03476,1.50,1.50
2011.06.09 23:01:52.532,1.03422,1.03484,1.50,1.50
2011.06.09 23:01:52.752,1.03421,1.03491,1.13,1.50
2011.06.09 23:01:54.972,1.03424,1.03492,1.13,2.25
2011.06.09 23:01:55.192,1.03428,1.03491,1.13,1.50
2011.06.09 23:01:55.871,1.03428,1.03492,1.13,2.25
2011.06.09 23:01:57.361,1.03428,1.03493,1.13,1.50
2011.06.09 23:01:57.472,1.03431,1.03493,1.50,1.50
2011.06.09 23:02:01.871,1.03437,1.03493,1.50,1.50
2011.06.09 23:02:02.721,1.03431,1.03493,1.50,1.50
2011.06.09 23:02:02.832,1.03429,1.03494,1.50,1.50
2011.06.09 23:02:02.943,1.03426,1.03493,1.50,3.23
2011.06.09 23:02:03.051,1.03426,1.03489,1.50,1.50
2011.06.09 23:02:03.893,1.0343,1.03488,1.50,1.13
2011.06.09 23:02:04.428,1.03427,1.03488,1.50,1.88
2011.06.09 23:02:06.001,1.0343,1.03484,1.50,1.50
2011.06.09 23:02:07.833,1.03427,1.03478,1.50,1.50
2011.06.09 23:02:08.903,1.0343,1.03484,1.50,1.50
2011.06.09 23:02:09.232,1.03427,1.03478,1.50,1.50
2011.06.09 23:02:09.561,1.03427,1.03486,1.50,1.50
2011.06.09 23:02:12.862,1.03426,1.03486,1.50,1.50
2011.06.09 23:02:14.513,1.03431,1.03486,1.50,1.50
2011.06.09 23:02:14.732,1.03427,1.03485,1.50,1.50
2011.06.09 23:02:15.172,1.03432,1.03485,1.50,1.50
2011.06.09 23:02:15.722,1.03428,1.03491,1.13,1.50
2011.06.09 23:02:17.003,1.03432,1.03491,1.50,1.50
2011.06.09 23:02:22.392,1.03432,1.03486,1.50,1.50
2011.06.09 23:02:22.612,1.03432,1.03486,1.50,1.50
2011.06.09 23:02:22.832,1.03432,1.03486,1.50,1.50
2011.06.09 23:02:23.873,1.03431,1.03486,1.50,1.50
2011.06.09 23:02:24.362,1.03435,1.03486,1.50,1.50
2011.06.09 23:02:24.693,1.03435,1.03489,1.50,1.50
2011.06.09 23:02:24.803,1.03435,1.03492,1.50,2.25
2011.06.09 23:02:26.253,1.03432,1.03493,1.13,1.50
2011.06.09 23:02:26.582,1.03437,1.03493,1.50,1.50
2011.06.09 23:02:33.904,1.03437,1.03488,1.50,1.50
2011.06.09 23:02:34.472,1.03437,1.03488,1.50,1.50
2011.06.09 23:02:34.870,1.03436,1.03488,1.50,1.50
2011.06.09 23:02:35.421,1.03431,1.03489,1.50,1.50
2011.06.09 23:02:36.772,1.03425,1.03485,1.50,1.50
2011.06.09 23:02:37.322,1.03425,1.03485,1.50,1.50
2011.06.09 23:02:38.822,1.03425,1.03485,1.50,1.50
2011.06.09 23:02:39.712,1.03425,1.03485,1.50,1.50
2011.06.09 23:02:41.932,1.03425,1.03485,1.50,1.50
2011.06.09 23:02:43.212,1.03424,1.03492,1.50,4.35
2011.06.09 23:02:44.416,1.03424,1.03488,1.50,1.50
2011.06.09 23:02:44.962,1.03426,1.03484,1.50,1.50
2011.06.09 23:02:46.172,1.03426,1.03483,1.88,1.50
2011.06.09 23:02:46.392,1.03432,1.03483,1.50,1.50
2011.06.09 23:02:47.162,1.03434,1.03494,1.50,1.50
2011.06.09 23:02:51.082,1.03442,1.03494,1.50,1.50
2011.06.09 23:02:52.872,1.03441,1.03494,1.50,1.50
2011.06.09 23:02:53.872,1.03436,1.03494,1.50,1.50
2011.06.09 23:02:58.503,1.03442,1.03494,1.50,1.50
2011.06.09 23:02:58.722,1.03436,1.03489,1.50,1.50
2011.06.09 23:02:59.862,1.03437,1.03486,1.50,1.50
2011.06.09 23:03:00.732,1.03437,1.03485,1.50,1.50
2011.06.09 23:03:00.952,1.03431,1.03489,1.50,1.50
2011.06.09 23:03:01.062,1.03427,1.03489,1.50,1.50
2011.06.09 23:03:01.282,1.03431,1.03489,1.50,1.50
2011.06.09 23:03:01.392,1.03427,1.03489,1.50,1.50
2011.06.09 23:03:01.722,1.03427,1.03486,1.50,1.50
2011.06.09 23:03:02.052,1.03425,1.03484,1.50,1.50
2011.06.09 23:03:02.872,1.03425,1.03479,1.50,1.50
2011.06.09 23:03:03.882,1.03425,1.03476,1.50,1.50
2011.06.09 23:03:05.212,1.03425,1.03478,1.50,1.50
2011.06.09 23:03:05.322,1.03425,1.03485,1.50,1.50
2011.06.09 23:03:06.832,1.03425,1.03485,1.50,1.50
2011.06.09 23:03:07.852,1.03425,1.03485,1.50,1.50
2011.06.09 23:03:09.182,1.03425,1.03485,1.50,1.50
2011.06.09 23:03:10.704,1.03421,1.03489,1.50,1.13
2011.06.09 23:03:10.812,1.03421,1.03484,1.50,1.50
2011.06.09 23:03:11.032,1.03422,1.03484,1.50,1.50
2011.06.09 23:03:12.642,1.03422,1.03484,1.50,1.50
2011.06.09 23:03:13.962,1.03426,1.03491,1.50,1.50
2011.06.09 23:03:15.403,1.03426,1.03484,1.50,1.50
2011.06.09 23:03:16.482,1.03426,1.03484,1.50,1.50
2011.06.09 23:03:17.122,1.03426,1.03484,1.50,1.50
2011.06.09 23:03:17.902,1.03426,1.03484,1.50,1.50
2011.06.09 23:03:26.192,1.03426,1.03484,1.50,1.50
2011.06.09 23:03:26.302,1.03426,1.03479,1.50,1.50
2011.06.09 23:03:26.522,1.03425,1.03485,1.50,1.50
2011.06.09 23:03:30.893,1.03425,1.03485,1.50,1.50
2011.06.09 23:03:32.621,1.03425,1.03485,1.50,1.50
2011.06.09 23:03:32.953,1.03426,1.03479,1.50,1.50
2011.06.09 23:03:33.662,1.03426,1.03483,1.50,1.50
2011.06.09 23:03:33.772,1.03426,1.03483,1.50,1.50
2011.06.09 23:03:36.781,1.03426,1.03483,1.50,1.50
2011.06.09 23:03:55.772,1.03425,1.03479,1.50,1.50
2011.06.09 23:03:57.932,1.03425,1.03476,1.50,1.50
2011.06.09 23:03:58.354,1.03424,1.03476,1.50,1.50
2011.06.09 23:03:58.952,1.03424,1.03475,1.50,1.50
2011.06.09 23:04:05.612,1.03426,1.03475,1.50,1.50
2011.06.09 23:04:06.162,1.03423,1.03475,1.50,1.50
2011.06.09 23:04:06.712,1.03426,1.03475,1.50,1.50
2011.06.09 23:04:06.853,1.03424,1.03475,1.50,1.50
2011.06.09 23:04:27.451,1.03424,1.03476,1.50,1.50
2011.06.09 23:04:40.692,1.03424,1.03476,1.50,1.50
2011.06.09 23:04:40.911,1.03429,1.03478,1.50,1.50
2011.06.09 23:04:41.133,1.03428,1.03478,1.50,1.50
2011.06.09 23:04:42.891,1.03429,1.03475,1.50,1.50
2011.06.09 23:04:43.891,1.03426,1.03476,1.50,1.50
2011.06.09 23:04:44.111,1.03425,1.03476,1.50,1.50
2011.06.09 23:04:44.912,1.03426,1.03476,1.50,1.50
2011.06.09 23:04:45.492,1.03429,1.03476,1.50,1.50
2011.06.09 23:04:52.859,1.03429,1.03475,1.50,1.50
2011.06.09 23:05:03.133,1.03424,1.03476,1.50,1.50
2011.06.09 23:05:03.352,1.03423,1.03476,1.50,1.50
2011.06.09 23:05:04.942,1.03424,1.03476,1.50,1.50
2011.06.09 23:05:05.853,1.03424,1.03476,1.50,1.50
2011.06.09 23:05:06.182,1.03422,1.03473,1.50,1.50
2011.06.09 23:05:14.642,1.03421,1.03473,1.50,1.50
2011.06.09 23:05:15.202,1.03416,1.03466,1.50,1.50
2011.06.09 23:05:15.942,1.03421,1.03466,1.50,1.50
2011.06.09 23:05:16.673,1.03414,1.03464,1.50,1.50
2011.06.09 23:05:16.915,1.03411,1.03464,1.50,1.50
2011.06.09 23:05:17.131,1.03411,1.03464,1.50,1.50
2011.06.09 23:05:17.352,1.03411,1.03465,1.50,1.50
2011.06.09 23:05:19.852,1.03417,1.03465,1.50,1.50
2011.06.09 23:05:20.212,1.03411,1.03464,1.50,1.50
2011.06.09 23:05:27.287,1.03416,1.03465,1.50,1.50
2011.06.09 23:05:27.395,1.03414,1.03468,2.09,1.50
2011.06.09 23:05:27.502,1.03417,1.03474,2.25,1.13
2011.06.09 23:05:27.613,1.03418,1.03473,1.50,1.50
2011.06.09 23:05:27.833,1.03419,1.03476,1.50,3.00
2011.06.09 23:05:27.942,1.03422,1.03476,1.50,2.25
2011.06.09 23:05:28.052,1.03421,1.03476,1.50,2.25
2011.06.09 23:05:30.432,1.03417,1.03475,2.25,1.50
2011.06.09 23:05:31.970,1.03417,1.03475,2.25,1.50
2011.06.09 23:05:32.324,1.03416,1.03473,1.50,1.50
2011.06.09 23:05:32.652,1.03416,1.03476,1.50,3.00
2011.06.09 23:05:33.363,1.03416,1.03476,1.50,2.25
2011.06.09 23:05:33.672,1.03416,1.03476,1.50,2.25
2011.06.09 23:05:34.113,1.03419,1.03476,1.50,3.00
2011.06.09 23:05:35.911,1.03422,1.03476,1.50,3.00
2011.06.09 23:05:37.862,1.03425,1.03476,1.50,2.25
2011.06.09 23:05:41.492,1.03422,1.03476,1.50,3.00
2011.06.09 23:05:42.475,1.03422,1.03476,1.50,2.25
2011.06.09 23:05:42.584,1.03433,1.03475,1.35,1.50
2011.06.09 23:05:42.913,1.03433,1.03485,2.10,1.50
2011.06.09 23:05:43.023,1.03433,1.03491,2.10,1.50
2011.06.09 23:05:43.133,1.03435,1.03491,1.50,1.50
2011.06.09 23:05:43.463,1.03434,1.03491,1.50,1.50
2011.06.09 23:05:47.364,1.03433,1.03491,2.10,1.50
2011.06.09 23:05:52.903,1.03429,1.03484,1.50,1.50
2011.06.09 23:05:55.539,1.03435,1.03485,1.50,1.50
2011.06.09 23:05:55.873,1.03438,1.03488,1.50,1.50
2011.06.09 23:05:56.893,1.03438,1.03484,1.50,1.50
2011.06.09 23:05:57.943,1.03439,1.03484,1.50,1.50
2011.06.09 23:05:58.162,1.03439,1.03484,1.50,1.50
2011.06.09 23:05:58.272,1.03439,1.03484,1.50,1.50
2011.06.09 23:05:58.492,1.03439,1.03484,1.50,1.50
2011.06.09 23:05:58.602,1.03439,1.03484,1.50,1.50
2011.06.09 23:06:04.665,1.03438,1.03484,1.50,1.50
2011.06.09 23:06:04.883,1.03438,1.03484,1.50,1.50
2011.06.09 23:06:05.413,1.03436,1.03484,1.50,1.50
2011.06.09 23:06:05.634,1.03436,1.03484,1.50,1.50
2011.06.09 23:06:06.623,1.03436,1.03484,1.50,1.50
2011.06.09 23:06:07.179,1.03436,1.03484,1.50,1.50
2011.06.09 23:06:08.871,1.03436,1.03484,1.50,1.50
2011.06.09 23:06:09.092,1.03432,1.03484,1.50,1.50
2011.06.09 23:06:12.463,1.03426,1.03484,1.50,1.50
2011.06.09 23:06:13.132,1.03432,1.03484,1.50,1.50
2011.06.09 23:06:13.242,1.03427,1.03484,1.50,1.50
2011.06.09 23:06:13.351,1.03431,1.03484,1.50,1.50
2011.06.09 23:06:15.262,1.03426,1.03484,1.50,1.50
2011.06.09 23:06:23.723,1.03431,1.03484,1.50,1.50
2011.06.09 23:06:23.833,1.03427,1.03484,1.50,1.50
2011.06.09 23:06:25.192,1.03432,1.03484,1.50,1.50
2011.06.09 23:06:31.392,1.03427,1.03484,1.50,1.50
2011.06.09 23:06:31.722,1.03427,1.03478,1.50,1.50
2011.06.09 23:06:32.329,1.03424,1.03474,1.49,1.50
2011.06.09 23:06:33.982,1.03424,1.03475,1.50,1.50
2011.06.09 23:06:35.483,1.03424,1.03476,2.24,1.50
2011.06.09 23:07:01.732,1.03424,1.03475,1.50,1.50
2011.06.09 23:07:02.858,1.03426,1.03475,1.50,1.50
2011.06.09 23:07:09.733,1.03433,1.03476,1.35,2.25
2011.06.09 23:07:09.844,1.03433,1.03483,1.35,1.50
2011.06.09 23:07:10.425,1.03433,1.03484,1.35,1.50
2011.06.09 23:07:10.987,1.03433,1.03484,1.35,1.50
2011.06.09 23:07:30.120,1.03433,1.03485,1.35,1.50
2011.06.09 23:07:38.242,1.03433,1.03484,1.35,1.50
2011.06.09 23:07:55.057,1.03433,1.03484,1.35,1.50
2011.06.09 23:07:55.163,1.03425,1.03484,2.85,1.50
2011.06.09 23:07:55.272,1.03424,1.03484,1.88,1.50
2011.06.09 23:07:55.924,1.03418,1.03485,1.35,1.50
2011.06.09 23:07:56.035,1.03416,1.03485,1.35,1.50
2011.06.09 23:07:56.622,1.03418,1.03485,1.35,1.50
2011.06.09 23:07:57.822,1.03418,1.03485,1.35,1.50
2011.06.09 23:08:02.903,1.03416,1.03485,1.50,1.50
2011.06.09 23:08:03.233,1.03418,1.03485,1.13,1.50
2011.06.09 23:08:04.912,1.03422,1.03485,1.50,1.50
2011.06.09 23:08:05.973,1.03424,1.03485,1.50,1.50
2011.06.09 23:08:11.524,1.03419,1.03485,1.50,1.50
2011.06.09 23:08:11.963,1.03412,1.03477,1.50,1.50
2011.06.09 23:08:12.073,1.03412,1.03473,1.50,1.50
2011.06.09 23:08:12.294,1.03412,1.03473,1.50,1.50
2011.06.09 23:08:14.088,1.03414,1.03483,1.13,1.50
2011.06.09 23:08:14.873,1.03415,1.03483,1.50,1.50
2011.06.09 23:08:17.523,1.03415,1.03474,1.50,1.50
2011.06.09 23:08:19.893,1.03415,1.03473,1.50,1.50
2011.06.09 23:08:23.850,1.03415,1.03473,1.50,1.50
2011.06.09 23:08:26.964,1.03415,1.03474,1.88,1.50
2011.06.09 23:08:27.513,1.03415,1.03484,1.13,1.50
2011.06.09 23:08:27.733,1.03415,1.03473,1.50,1.50
2011.06.09 23:08:30.067,1.03415,1.03464,1.50,1.50
2011.06.09 23:08:51.794,1.03415,1.03463,1.50,1.50
2011.06.09 23:08:52.124,1.03415,1.03461,1.50,1.50
2011.06.09 23:08:52.343,1.03407,1.03461,1.50,1.50
2011.06.09 23:08:52.563,1.03407,1.03461,1.50,1.50
2011.06.09 23:08:52.673,1.03412,1.03463,1.50,1.50
2011.06.09 23:08:53.972,1.03414,1.03469,1.50,1.50
2011.06.09 23:08:54.782,1.03414,1.03468,1.50,1.50
2011.06.09 23:08:56.573,1.03414,1.03469,1.50,1.50
2011.06.09 23:08:57.355,1.0342,1.03469,1.50,1.50
2011.06.09 23:09:05.326,1.03417,1.03468,1.50,1.50
2011.06.09 23:09:05.654,1.03417,1.03468,1.50,1.50
2011.06.09 23:09:05.873,1.03417,1.03468,1.50,1.50
2011.06.09 23:09:06.462,1.0342,1.03474,1.50,1.50
2011.06.09 23:09:09.953,1.03415,1.03468,1.50,1.50
2011.06.09 23:09:10.451,1.03415,1.03469,1.50,1.50
2011.06.09 23:09:10.566,1.03415,1.03471,1.50,1.50
2011.06.09 23:09:10.989,1.03415,1.03473,1.50,1.50
2011.06.09 23:09:11.442,1.03415,1.03471,1.50,1.50
2011.06.09 23:09:14.992,1.03415,1.03471,1.50,1.50
2011.06.09 23:09:15.852,1.03415,1.03471,1.50,1.50
2011.06.09 23:09:16.073,1.03412,1.03463,1.50,1.50
2011.06.09 23:09:17.584,1.03412,1.03463,1.50,1.50
2011.06.09 23:09:17.693,1.03412,1.03463,1.50,1.50
2011.06.09 23:09:17.804,1.03415,1.03468,1.50,1.50
2011.06.09 23:09:17.913,1.03412,1.03463,1.50,1.50
2011.06.09 23:09:21.124,1.03411,1.03461,1.50,1.50
2011.06.09 23:09:24.862,1.03415,1.03463,1.50,1.50
2011.06.09 23:09:48.203,1.03412,1.03461,1.50,1.50
2011.06.09 23:09:48.424,1.03416,1.03464,1.35,1.50
2011.06.09 23:09:48.533,1.03416,1.03464,2.10,1.50
2011.06.09 23:09:51.253,1.03424,1.03474,1.50,1.50
2011.06.09 23:10:05.164,1.03425,1.03474,1.50,1.50
2011.06.09 23:10:05.643,1.03425,1.03473,1.50,1.50
2011.06.09 23:10:14.683,1.03417,1.03473,1.50,1.50
2011.06.09 23:10:14.793,1.03417,1.03463,1.50,1.50
2011.06.09 23:10:15.013,1.03417,1.03463,1.50,1.50
2011.06.09 23:10:15.554,1.03417,1.03473,1.50,1.50
2011.06.09 23:10:15.922,1.03417,1.03473,1.50,1.50
2011.06.09 23:10:24.962,1.03417,1.03474,1.50,1.50
2011.06.09 23:10:29.511,1.03417,1.03473,1.50,1.50
2011.06.09 23:10:33.923,1.03416,1.03473,1.50,1.50
2011.06.09 23:10:36.783,1.03421,1.03473,1.50,1.50
2011.06.09 23:10:43.264,1.03421,1.03474,1.50,1.50
2011.06.09 23:10:43.704,1.03421,1.03474,1.88,1.50
2011.06.09 23:10:44.395,1.03427,1.03491,1.50,3.00
2011.06.09 23:10:44.503,1.03427,1.03478,1.50,1.50
2011.06.09 23:10:45.223,1.03427,1.03478,1.50,1.50
2011.06.09 23:10:48.812,1.03431,1.03473,1.50,1.50
2011.06.09 23:10:49.953,1.03432,1.03473,1.50,1.50
2011.06.09 23:11:12.940,1.03432,1.03473,1.50,1.50
2011.06.09 23:11:20.164,1.03432,1.03484,1.50,1.50
2011.06.09 23:11:25.003,1.03433,1.03484,1.50,1.50
2011.06.09 23:11:44.744,1.03437,1.03484,1.35,1.50
2011.06.09 23:11:44.963,1.03437,1.03484,1.35,1.50
2011.06.09 23:11:45.184,1.03432,1.03484,1.50,1.50
2011.06.09 23:11:45.293,1.03433,1.03484,1.50,1.50
2011.06.09 23:11:45.404,1.03434,1.03483,1.50,1.50
2011.06.09 23:11:45.514,1.03431,1.03474,1.50,1.50
2011.06.09 23:11:46.145,1.03431,1.03484,1.50,1.50
2011.06.09 23:11:46.813,1.03433,1.03484,1.50,1.50
2011.06.09 23:11:47.813,1.03431,1.03484,1.50,1.50
2011.06.09 23:12:08.587,1.03432,1.03484,1.50,1.50
2011.06.09 23:12:12.766,1.03433,1.03484,1.50,1.50
2011.06.09 23:12:16.314,1.03431,1.03484,1.50,1.50
2011.06.09 23:12:42.464,1.03431,1.03483,1.50,1.50
2011.06.09 23:12:42.805,1.03427,1.03484,1.35,1.50
2011.06.09 23:12:43.024,1.03425,1.03473,1.50,1.50
2011.06.09 23:12:43.246,1.03422,1.03473,1.50,1.50
2011.06.09 23:12:43.574,1.03416,1.03473,2.10,1.50
2011.06.09 23:12:44.904,1.03416,1.03465,2.10,1.50
2011.06.09 23:12:46.444,1.03419,1.03474,1.50,1.50
2011.06.09 23:12:46.554,1.03419,1.03474,1.50,1.50
2011.06.09 23:12:47.061,1.03422,1.03474,1.50,1.50
2011.06.09 23:12:47.873,1.03424,1.03474,1.50,1.50
2011.06.09 23:12:56.995,1.03419,1.03474,1.50,1.50
2011.06.09 23:13:00.706,1.03419,1.03474,1.50,1.50
2011.06.09 23:14:00.825,1.03411,1.03476,1.13,1.50
2011.06.09 23:14:04.673,1.03411,1.03476,1.13,1.50
2011.06.09 23:14:04.893,1.03411,1.03477,1.13,2.25
2011.06.09 23:14:05.265,1.03422,1.03473,1.50,1.50
2011.06.09 23:14:05.374,1.03425,1.03473,1.50,1.50
2011.06.09 23:14:05.703,1.03422,1.03473,1.50,1.50
2011.06.09 23:14:18.578,1.03417,1.03463,1.50,1.50
2011.06.09 23:14:18.793,1.03417,1.03464,1.50,1.50
2011.06.09 23:14:18.903,1.03419,1.03464,1.50,1.50
2011.06.09 23:14:19.123,1.03417,1.03464,1.50,1.50
2011.06.09 23:14:35.775,1.03419,1.03464,1.50,1.50
2011.06.09 23:14:38.612,1.03416,1.03463,1.50,1.50
2011.06.09 23:14:39.194,1.0342,1.03464,1.50,1.50
2011.06.09 23:14:39.395,1.03417,1.03463,1.50,1.50
2011.06.09 23:14:39.944,1.03417,1.03464,1.50,1.50
2011.06.09 23:14:42.154,1.03419,1.03464,1.50,1.50
2011.06.09 23:14:42.270,1.03421,1.03464,1.50,1.50
2011.06.09 23:14:44.554,1.03416,1.03463,1.50,1.50
2011.06.09 23:14:44.665,1.03416,1.03464,1.50,1.50
2011.06.09 23:14:58.645,1.03419,1.03464,1.50,1.50
2011.06.09 23:15:09.633,1.03422,1.03464,1.50,1.50
2011.06.09 23:15:10.984,1.03424,1.03468,1.50,1.50
2011.06.09 23:15:25.413,1.03422,1.03464,1.50,1.50
2011.06.09 23:15:25.853,1.03424,1.03469,1.50,1.50
2011.06.09 23:15:31.333,1.03422,1.03464,1.50,1.50
2011.06.09 23:15:33.274,1.03424,1.03469,1.50,1.50
2011.06.09 23:15:38.081,1.03425,1.03469,1.50,1.50
2011.06.09 23:15:45.443,1.03422,1.03468,1.50,1.50
2011.06.09 23:15:45.553,1.03422,1.0347,1.50,1.50
2011.06.09 23:15:49.285,1.03422,1.03468,1.50,1.50
2011.06.09 23:15:54.576,1.03416,1.03464,2.10,1.50
2011.06.09 23:15:54.904,1.03416,1.03458,1.35,1.50
2011.06.09 23:15:56.014,1.03419,1.03463,1.50,1.50
2011.06.09 23:15:56.234,1.03416,1.03459,2.10,1.50
2011.06.09 23:15:58.149,1.03416,1.03459,2.10,1.50
2011.06.09 23:15:58.404,1.03419,1.03464,1.50,1.50
2011.06.09 23:15:58.764,1.03416,1.03459,1.50,1.50
2011.06.09 23:15:58.984,1.03412,1.03456,1.50,1.50
2011.06.09 23:15:59.094,1.03412,1.03457,1.50,2.25
2011.06.09 23:16:00.304,1.03412,1.03456,1.50,1.50
2011.06.09 23:16:01.185,1.03415,1.03463,1.50,1.50
2011.06.09 23:16:01.515,1.03412,1.03458,1.50,1.50
2011.06.09 23:16:02.842,1.03416,1.03458,1.50,1.50
2011.06.09 23:16:03.883,1.03417,1.03458,1.50,1.50
2011.06.09 23:16:04.713,1.03417,1.03458,1.50,1.50
2011.06.09 23:16:07.114,1.03417,1.03461,1.50,1.50
2011.06.09 23:16:09.604,1.03422,1.03463,1.50,1.50
2011.06.09 23:16:10.485,1.03422,1.03468,1.50,1.50
2011.06.09 23:16:10.594,1.03422,1.03471,1.50,1.50
2011.06.09 23:16:12.914,1.03426,1.03471,1.50,1.50
2011.06.09 23:16:19.093,1.03432,1.03473,1.50,1.50
2011.06.09 23:16:19.203,1.03421,1.03471,1.50,1.50
2011.06.09 23:16:19.534,1.03421,1.03472,1.50,1.50
2011.06.09 23:16:19.754,1.03421,1.03469,1.50,1.50
2011.06.09 23:16:22.565,1.03414,1.03469,1.35,1.50
2011.06.09 23:16:23.114,1.03415,1.03472,1.50,1.35
2011.06.09 23:16:24.693,1.03416,1.03472,1.50,1.35
2011.06.09 23:16:25.134,1.03416,1.03472,1.50,1.35
2011.06.09 23:16:53.118,1.03417,1.03472,1.50,1.35
2011.06.09 23:17:03.845,1.03419,1.03476,1.35,1.50
2011.06.09 23:17:14.104,1.03419,1.03477,1.35,2.25
2011.06.09 23:17:40.785,1.03422,1.03476,1.50,2.25
2011.06.09 23:17:41.004,1.03419,1.03483,1.35,1.50
2011.06.09 23:17:43.915,1.03427,1.03488,1.50,1.50
2011.06.09 23:17:44.134,1.03427,1.03488,1.50,1.50
2011.06.09 23:17:44.956,1.03425,1.03485,1.35,1.50
2011.06.09 23:17:46.799,1.03427,1.03485,1.50,1.50
2011.06.09 23:17:47.975,1.03431,1.03489,1.50,1.50
2011.06.09 23:17:48.636,1.03431,1.03489,1.50,1.50
2011.06.09 23:17:56.945,1.03431,1.03492,1.50,1.50
2011.06.09 23:17:57.384,1.03437,1.03498,1.50,1.50
2011.06.09 23:18:09.235,1.03431,1.03494,1.50,1.50
2011.06.09 23:18:12.255,1.03431,1.03492,1.50,2.25
2011.06.09 23:18:18.483,1.03432,1.03483,1.50,1.50
2011.06.09 23:18:49.409,1.03432,1.03483,1.50,1.50
2011.06.09 23:18:49.954,1.03432,1.03483,1.50,1.50
2011.06.09 23:18:50.606,1.03432,1.03483,1.50,1.50
2011.06.09 23:18:53.404,1.03432,1.03483,1.50,1.50
2011.06.09 23:18:54.004,1.03432,1.03483,1.50,1.50
2011.06.09 23:18:58.445,1.03424,1.03481,1.49,2.10
2011.06.09 23:18:58.664,1.03422,1.03481,1.50,2.85
2011.06.09 23:18:58.884,1.03418,1.03479,1.35,1.50
2011.06.09 23:18:59.104,1.03418,1.03479,1.35,1.88
2011.06.09 23:18:59.325,1.03418,1.03479,1.35,1.50
2011.06.09 23:18:59.544,1.03418,1.03479,1.35,1.50
2011.06.09 23:18:59.875,1.03418,1.03479,1.35,1.50
2011.06.09 23:19:04.288,1.03421,1.03474,1.50,1.50
2011.06.09 23:19:04.512,1.03421,1.03474,1.50,1.50
2011.06.09 23:19:04.735,1.03418,1.03478,1.35,1.50
2011.06.09 23:19:04.955,1.03418,1.03481,1.35,2.10
2011.06.09 23:19:13.185,1.03419,1.03473,1.49,1.50
2011.06.09 23:19:13.404,1.03421,1.03479,1.50,1.50
2011.06.09 23:19:16.465,1.03422,1.03473,1.50,1.50
2011.06.09 23:19:22.445,1.03427,1.03473,1.50,1.50
2011.06.09 23:19:31.725,1.03426,1.03474,1.50,1.50
2011.06.09 23:19:33.315,1.03429,1.03478,1.35,1.50
2011.06.09 23:19:33.756,1.03431,1.03481,1.50,1.50
2011.06.09 23:19:34.380,1.03431,1.03481,1.50,1.50
2011.06.09 23:19:38.607,1.03432,1.03482,1.50,2.25
2011.06.09 23:19:40.795,1.03432,1.03478,1.50,1.50
2011.06.09 23:19:41.015,1.03432,1.03478,1.50,1.50
2011.06.09 23:19:41.372,1.03432,1.03478,1.50,1.50
2011.06.09 23:19:42.265,1.03432,1.03482,1.50,2.25
2011.06.09 23:19:42.484,1.03432,1.03481,1.50,1.50
2011.06.09 23:19:42.595,1.03431,1.03482,1.50,1.50
2011.06.09 23:19:42.705,1.03431,1.03482,1.50,1.50
2011.06.09 23:19:43.254,1.03431,1.03481,1.50,1.50
2011.06.09 23:19:43.986,1.03431,1.03481,1.50,2.25
2011.06.09 23:19:44.204,1.03431,1.03481,1.50,2.25
2011.06.09 23:19:45.135,1.03432,1.03478,1.50,1.50
2011.06.09 23:19:54.060,1.03429,1.03475,1.35,1.50
2011.06.09 23:19:54.176,1.03429,1.03478,2.84,1.50
2011.06.09 23:19:58.295,1.03432,1.03478,1.50,1.50
2011.06.09 23:19:59.827,1.03429,1.03478,2.84,1.50
2011.06.09 23:20:02.834,1.03432,1.03476,1.50,1.50
2011.06.09 23:20:04.787,1.03431,1.03479,1.50,1.50
2011.06.09 23:20:10.706,1.03429,1.03476,1.35,1.50
2011.06.09 23:20:10.816,1.03431,1.03479,1.50,1.50
2011.06.09 23:20:11.036,1.03429,1.03476,1.35,1.50
2011.06.09 23:20:11.255,1.03432,1.03478,1.50,1.50
2011.06.09 23:20:17.645,1.03432,1.03478,1.50,1.50
2011.06.09 23:20:18.234,1.03432,1.03478,1.50,1.50
2011.06.09 23:20:18.675,1.03432,1.03478,1.50,1.50
2011.06.09 23:20:21.714,1.03432,1.03478,1.50,1.50
2011.06.09 23:20:43.421,1.03427,1.03473,1.50,1.50
2011.06.09 23:21:03.105,1.03427,1.03473,1.50,1.50
2011.06.09 23:21:03.536,1.03427,1.03474,1.50,1.50
2011.06.09 23:21:08.725,1.03431,1.03481,1.50,1.50
2011.06.09 23:21:08.835,1.03431,1.03482,1.50,1.50
2011.06.09 23:21:09.965,1.03432,1.03482,1.50,2.25
2011.06.09 23:21:11.005,1.03437,1.03482,1.50,1.50
2011.06.09 23:21:11.615,1.03437,1.03482,1.50,1.50
2011.06.09 23:21:12.367,1.03437,1.03482,1.50,1.50
2011.06.09 23:21:13.641,1.03437,1.03482,1.50,1.50
2011.06.09 23:21:14.377,1.03437,1.03481,1.50,1.50
2011.06.09 23:21:15.247,1.03437,1.03481,1.50,1.50
2011.06.09 23:21:21.726,1.03431,1.03481,1.50,2.25
2011.06.09 23:21:23.597,1.03437,1.03481,1.50,1.50
2011.06.09 23:21:33.795,1.03437,1.03481,1.50,1.50
2011.06.09 23:21:38.178,1.03437,1.03481,1.50,1.50
2011.06.09 23:21:43.386,1.0343,1.03477,1.35,1.50
2011.06.09 23:21:46.285,1.03431,1.03481,1.50,2.25
2011.06.09 23:21:46.505,1.03431,1.03479,1.50,1.50
2011.06.09 23:21:47.274,1.03431,1.03479,1.50,1.50
2011.06.09 23:21:47.785,1.03427,1.03475,1.50,1.50
2011.06.09 23:21:49.134,1.03427,1.03479,1.50,1.50
2011.06.09 23:21:49.246,1.03431,1.03479,1.50,1.50
2011.06.09 23:21:49.355,1.03431,1.03481,1.50,2.25
2011.06.09 23:21:50.315,1.03437,1.03482,1.50,1.50
2011.06.09 23:21:50.755,1.03431,1.03479,1.50,1.50
2011.06.09 23:21:50.975,1.03431,1.03479,1.50,1.50
2011.06.09 23:21:53.655,1.03431,1.03481,1.50,1.50
2011.06.09 23:21:53.984,1.03431,1.03481,1.50,1.50
2011.06.09 23:21:54.746,1.03437,1.03482,1.50,1.50
2011.06.09 23:21:54.856,1.03439,1.03492,1.50,1.50
2011.06.09 23:21:54.965,1.03441,1.03495,1.50,1.50
2011.06.09 23:21:55.905,1.03442,1.03495,1.50,1.50
2011.06.09 23:21:57.624,1.03446,1.03495,1.50,1.50
2011.06.09 23:21:58.625,1.03452,1.03503,1.50,1.50
2011.06.09 23:21:58.955,1.03452,1.03502,1.50,1.50
2011.06.09 23:21:59.547,1.03452,1.03502,1.50,1.50
2011.06.09 23:22:01.575,1.03452,1.03515,1.13,1.50
2011.06.09 23:22:01.685,1.03449,1.03505,1.35,1.50
2011.06.09 23:22:04.907,1.03457,1.03505,1.50,1.50
2011.06.09 23:22:05.785,1.03457,1.03505,1.50,1.50
2011.06.09 23:22:06.985,1.03456,1.03505,1.50,1.50
2011.06.09 23:22:30.411,1.03456,1.03504,1.50,1.50
2011.06.09 23:22:40.786,1.03456,1.03505,1.50,1.50
2011.06.09 23:22:44.854,1.03454,1.03505,1.50,1.50
2011.06.09 23:22:51.654,1.03456,1.03505,1.50,1.50
2011.06.09 23:23:26.515,1.03456,1.03505,1.50,1.50
2011.06.09 23:23:26.735,1.03456,1.03505,1.50,1.50
2011.06.09 23:23:26.956,1.03457,1.03509,1.50,1.50
2011.06.09 23:23:47.195,1.03456,1.03505,1.50,1.50
2011.06.09 23:23:53.735,1.03456,1.03505,1.50,1.50
2011.06.09 23:23:54.286,1.03462,1.03508,1.50,1.50
2011.06.09 23:23:54.395,1.03457,1.03508,1.50,1.50
2011.06.09 23:23:55.966,1.03456,1.03505,1.50,1.50
2011.06.09 23:24:02.835,1.03456,1.03505,1.50,1.50
2011.06.09 23:24:15.995,1.03461,1.03509,1.50,1.50
2011.06.09 23:24:21.063,1.03458,1.03505,1.35,1.50
2011.06.09 23:24:21.395,1.03457,1.03503,1.50,1.50
2011.06.09 23:24:30.783,1.03457,1.03503,1.50,1.50
2011.06.09 23:24:33.005,1.03457,1.03504,1.50,1.50
2011.06.09 23:24:33.225,1.03461,1.03506,1.50,1.35
2011.06.09 23:24:33.665,1.03461,1.03505,2.10,1.35
2011.06.09 23:24:34.106,1.03461,1.03508,1.35,1.35
2011.06.09 23:24:37.416,1.03469,1.03511,1.35,1.50
2011.06.09 23:24:37.637,1.03469,1.03512,1.35,1.50
2011.06.09 23:24:37.855,1.03469,1.03514,1.35,1.35
2011.06.09 23:24:38.076,1.03474,1.03514,1.35,1.50
2011.06.09 23:24:38.405,1.03477,1.0352,1.35,1.35
2011.06.09 23:24:38.515,1.03477,1.03521,1.35,1.35
2011.06.09 23:24:38.626,1.03477,1.0352,1.35,1.35
2011.06.09 23:24:39.496,1.03475,1.03519,1.35,1.50
2011.06.09 23:24:39.716,1.03477,1.0352,1.35,2.10
2011.06.09 23:24:39.936,1.03476,1.0352,1.35,1.35
2011.06.09 23:24:40.156,1.03475,1.03519,1.35,1.50
2011.06.09 23:24:41.746,1.03476,1.0352,1.35,1.35
2011.06.09 23:24:42.077,1.03477,1.0352,1.35,1.35
2011.06.09 23:24:42.527,1.03477,1.0352,1.35,1.35
2011.06.09 23:24:42.967,1.03477,1.03522,1.35,1.35
2011.06.09 23:24:46.207,1.03478,1.03524,1.35,1.50
2011.06.09 23:24:47.894,1.03478,1.03524,1.35,1.50
2011.06.09 23:24:49.945,1.03478,1.03524,1.35,1.50
2011.06.09 23:24:50.495,1.03481,1.03529,1.50,2.10
2011.06.09 23:24:50.826,1.03484,1.03529,1.35,1.50
2011.06.09 23:24:52.128,1.03486,1.03528,1.35,1.50
2011.06.09 23:24:53.145,1.03486,1.03531,1.35,2.10
2011.06.09 23:24:53.476,1.03486,1.03532,1.35,2.85
2011.06.09 23:24:54.057,1.03486,1.03531,1.35,2.85
2011.06.09 23:24:54.436,1.03486,1.03531,2.10,2.10
2011.06.09 23:24:55.457,1.03488,1.03531,1.35,1.50
2011.06.09 23:24:55.935,1.03487,1.03529,1.35,1.50
2011.06.09 23:24:59.645,1.03488,1.03528,1.35,1.50
2011.06.09 23:24:59.875,1.03486,1.03528,1.35,1.50
2011.06.09 23:25:00.206,1.03482,1.03526,1.35,1.35
2011.06.09 23:25:00.885,1.03482,1.03526,1.35,1.35
2011.06.09 23:25:01.378,1.03482,1.03526,1.35,1.35
2011.06.09 23:25:01.705,1.03482,1.03526,1.35,1.35
2011.06.09 23:25:03.133,1.03482,1.03524,1.35,1.50
2011.06.09 23:25:03.576,1.03482,1.03524,1.35,1.50
2011.06.09 23:25:12.596,1.03482,1.03526,2.10,1.35
2011.06.09 23:25:14.034,1.03482,1.03526,2.10,1.35
2011.06.09 23:25:34.507,1.03485,1.03526,1.35,2.25
2011.06.09 23:25:34.836,1.03489,1.03527,1.35,1.50
2011.06.09 23:25:38.156,1.03484,1.03526,1.35,2.85
2011.06.09 23:25:38.375,1.03484,1.03526,1.35,2.85
2011.06.09 23:25:38.962,1.03484,1.03526,1.35,2.85
2011.06.09 23:25:39.295,1.03484,1.03526,1.35,2.10
2011.06.09 23:26:07.523,1.03484,1.03526,1.35,1.35
2011.06.09 23:26:18.535,1.03482,1.03526,2.10,2.10
2011.06.09 23:26:20.632,1.03482,1.03526,1.35,2.85
2011.06.09 23:26:26.348,1.03483,1.03521,1.35,1.50
2011.06.09 23:26:26.895,1.03484,1.03522,1.35,1.50
2011.06.09 23:26:27.417,1.03484,1.03522,1.35,1.50
2011.06.09 23:26:28.856,1.03484,1.03522,1.35,1.50
2011.06.09 23:26:30.626,1.03484,1.03522,1.35,1.50
2011.06.09 23:26:39.702,1.03482,1.03522,1.50,1.50
2011.06.09 23:26:40.387,1.03482,1.03521,1.50,1.50
2011.06.09 23:26:42.545,1.03482,1.03524,1.50,1.50
2011.06.09 23:26:42.655,1.03482,1.03528,1.50,1.50
2011.06.09 23:26:45.296,1.03484,1.03528,1.35,1.50
2011.06.09 23:26:45.406,1.03484,1.03535,1.35,1.50
2011.06.09 23:26:45.627,1.03485,1.03535,1.35,1.50
2011.06.09 23:26:47.975,1.03487,1.03535,1.50,1.50
2011.06.09 23:26:48.746,1.03489,1.03536,2.10,2.10
2011.06.09 23:26:50.874,1.03489,1.03535,2.10,1.50
2011.06.09 23:26:52.935,1.03489,1.03535,2.10,1.50
2011.06.09 23:26:54.895,1.03489,1.03535,2.10,1.50
2011.06.09 23:27:02.028,1.03488,1.03534,1.35,1.35
2011.06.09 23:27:02.136,1.03487,1.03534,1.35,2.10
2011.06.09 23:27:13.176,1.03486,1.03535,2.10,1.50
2011.06.09 23:27:14.277,1.03487,1.03535,1.35,1.50
2011.06.09 23:27:15.955,1.03492,1.03536,1.50,2.25
2011.06.09 23:27:23.866,1.03487,1.03536,1.35,1.50
2011.06.09 23:27:24.416,1.03492,1.03536,1.50,1.50
2011.06.09 23:27:24.636,1.03486,1.03535,2.10,1.50
2011.06.09 23:28:07.296,1.03487,1.03535,1.35,1.50
2011.06.09 23:28:08.066,1.03487,1.03534,1.35,1.50
2011.06.09 23:28:13.687,1.03489,1.03536,1.50,1.50
2011.06.09 23:28:13.796,1.03487,1.03535,1.50,1.50
2011.06.09 23:28:13.906,1.03486,1.03535,1.50,1.50
2011.06.09 23:28:21.165,1.03487,1.03535,1.50,1.50
2011.06.09 23:28:21.855,1.03487,1.03535,1.50,1.50
2011.06.09 23:28:22.595,1.03491,1.03537,1.50,2.25
2011.06.09 23:28:22.815,1.03491,1.03539,1.50,1.50
2011.06.09 23:28:22.927,1.03492,1.03548,1.50,1.50
2011.06.09 23:28:23.036,1.03493,1.0355,1.35,1.35
2011.06.09 23:28:23.476,1.03493,1.03548,1.35,1.50
2011.06.09 23:28:24.896,1.03494,1.03544,1.50,1.50
2011.06.09 23:28:25.905,1.03493,1.03544,1.35,1.50
2011.06.09 23:28:36.696,1.03487,1.03541,2.10,1.35
2011.06.09 23:28:36.916,1.03487,1.03541,2.10,1.35
2011.06.09 23:28:39.835,1.03495,1.03543,1.50,1.50
2011.06.09 23:28:43.166,1.03493,1.03544,1.35,1.50
2011.06.09 23:28:43.387,1.03493,1.03544,1.35,1.50
2011.06.09 23:28:44.047,1.03495,1.03549,1.50,1.35
2011.06.09 23:28:44.266,1.03496,1.03549,1.50,1.35
2011.06.09 23:28:44.815,1.03496,1.03551,2.10,2.25
2011.06.09 23:28:47.485,1.03496,1.03551,2.10,1.50
2011.06.09 23:28:47.815,1.03496,1.03552,1.73,1.50
2011.06.09 23:28:48.145,1.03496,1.03554,1.35,2.10
2011.06.09 23:28:49.605,1.03496,1.03554,2.10,2.10
2011.06.09 23:28:50.865,1.03502,1.03554,1.50,2.10
2011.06.09 23:28:54.675,1.03502,1.03554,1.50,2.10
2011.06.09 23:29:00.646,1.03503,1.03554,1.35,1.50
2011.06.09 23:29:00.976,1.03507,1.03553,1.35,1.50
2011.06.09 23:29:11.457,1.03507,1.03559,1.35,1.35
2011.06.09 23:29:11.566,1.03513,1.03562,1.35,2.25
2011.06.09 23:29:11.677,1.03513,1.03562,1.35,2.25
2011.06.09 23:29:11.786,1.03513,1.03562,1.35,2.25
2011.06.09 23:29:12.926,1.03513,1.03561,1.35,1.50
2011.06.09 23:29:21.927,1.03507,1.03554,1.50,1.50
2011.06.09 23:29:23.928,1.03506,1.03554,1.35,1.50
2011.06.09 23:29:25.925,1.03505,1.03554,1.35,1.50
2011.06.09 23:29:26.256,1.03506,1.03554,1.35,1.50
2011.06.09 23:29:26.476,1.03501,1.03553,2.10,1.35
2011.06.09 23:29:27.043,1.03501,1.03553,2.10,2.10
2011.06.09 23:29:31.236,1.03501,1.03553,1.35,2.10
2011.06.09 23:29:47.640,1.03501,1.03553,1.35,1.35
2011.06.09 23:29:49.426,1.03502,1.03553,1.50,2.10
2011.06.09 23:29:53.895,1.0351,1.03553,1.35,1.50
2011.06.09 23:30:01.967,1.03512,1.03551,1.35,1.50
2011.06.09 23:30:02.187,1.03504,1.03548,1.35,1.35
2011.06.09 23:30:02.751,1.03504,1.03545,1.35,1.35
2011.06.09 23:30:03.666,1.03504,1.03549,1.35,2.10
2011.06.09 23:30:03.995,1.03504,1.03545,1.35,1.35
2011.06.09 23:30:04.887,1.03504,1.03544,1.35,1.50
2011.06.09 23:30:05.589,1.03498,1.03543,1.35,1.35
2011.06.09 23:30:06.485,1.03498,1.03542,1.35,1.35
2011.06.09 23:30:06.816,1.03494,1.03541,1.49,2.10
2011.06.09 23:30:07.359,1.035,1.03541,1.35,1.35
2011.06.09 23:30:07.796,1.035,1.03542,1.35,2.10
2011.06.09 23:30:08.017,1.035,1.03541,1.35,1.35
2011.06.09 23:30:09.406,1.035,1.03541,1.35,1.35
2011.06.09 23:30:10.176,1.035,1.03541,1.35,2.10
2011.06.09 23:30:11.606,1.03497,1.03541,1.35,2.10
2011.06.09 23:30:24.157,1.035,1.03543,1.35,1.35
2011.06.09 23:30:24.487,1.035,1.03544,1.35,1.35
2011.06.09 23:30:24.925,1.03497,1.03544,1.35,1.35
2011.06.09 23:30:25.916,1.03496,1.03541,1.35,1.35
2011.06.09 23:30:26.916,1.03496,1.03543,2.10,1.35
2011.06.09 23:31:07.516,1.03496,1.03544,1.50,1.50
2011.06.09 23:31:10.372,1.03496,1.03544,1.50,1.50
2011.06.09 23:31:11.166,1.03496,1.03544,1.50,1.50
2011.06.09 23:31:14.084,1.03496,1.03544,1.50,1.50
2011.06.09 23:31:14.527,1.03496,1.03544,1.50,1.50
2011.06.09 23:31:15.035,1.03496,1.03544,1.50,1.50
2011.06.09 23:31:15.256,1.03496,1.03544,1.50,1.50
2011.06.09 23:31:22.345,1.03496,1.03544,1.50,1.50
2011.06.09 23:31:29.165,1.03489,1.03551,2.24,2.25
2011.06.09 23:31:35.986,1.03501,1.03547,1.35,1.35
2011.06.09 23:31:36.546,1.03504,1.03547,1.35,1.35
2011.06.09 23:31:52.853,1.03504,1.03547,1.35,1.35
2011.06.09 23:31:53.226,1.03504,1.03547,1.35,1.35
2011.06.09 23:31:59.297,1.03504,1.03547,1.35,1.35
2011.06.09 23:32:02.817,1.03498,1.03543,1.35,2.10
2011.06.09 23:32:03.037,1.03498,1.03541,1.35,1.35
2011.06.09 23:32:05.977,1.03498,1.03543,1.35,1.35
2011.06.09 23:32:07.026,1.03498,1.03541,1.35,1.35
2011.06.09 23:32:09.146,1.03498,1.03541,1.35,1.35
2011.06.09 23:32:10.356,1.03498,1.03539,1.35,1.50
2011.06.09 23:32:11.199,1.03493,1.03536,1.35,1.35
2011.06.09 23:32:11.306,1.03493,1.03534,1.35,1.35
2011.06.09 23:32:11.856,1.03493,1.03533,1.35,1.35
2011.06.09 23:32:12.937,1.03488,1.03534,1.35,1.35
2011.06.09 23:32:13.046,1.03488,1.03531,1.35,1.35
2011.06.09 23:32:13.157,1.03492,1.03535,1.35,1.35
2011.06.09 23:32:13.486,1.03494,1.03535,1.35,1.35
2011.06.09 23:32:14.315,1.03494,1.03535,1.35,1.35
2011.06.09 23:32:14.647,1.03488,1.03531,1.35,1.35
2011.06.09 23:32:15.878,1.03488,1.03529,1.35,1.35
2011.06.09 23:32:16.485,1.03488,1.03528,1.35,1.50
2011.06.09 23:32:18.735,1.03488,1.03529,1.35,1.35
2011.06.09 23:32:18.955,1.03488,1.03529,1.35,1.35
2011.06.09 23:32:19.867,1.03486,1.03528,1.50,2.10
2011.06.09 23:32:20.196,1.03485,1.03525,1.50,1.35
2011.06.09 23:32:20.416,1.03486,1.03526,1.50,1.35
2011.06.09 23:32:20.856,1.03485,1.03525,1.50,1.35
2011.06.09 23:32:21.926,1.03486,1.03533,1.35,1.35
2011.06.09 23:32:24.516,1.03487,1.03528,1.35,1.50
2011.06.09 23:32:24.957,1.03494,1.03536,2.10,2.25
2011.06.09 23:32:25.177,1.03495,1.03537,1.35,1.50
2011.06.09 23:32:25.507,1.03495,1.03536,1.35,1.50
2011.06.09 23:32:25.616,1.03495,1.0354,1.35,1.50
2011.06.09 23:32:25.727,1.03495,1.03542,1.35,1.35
2011.06.09 23:32:25.837,1.03495,1.03542,1.35,1.35
2011.06.09 23:32:26.856,1.03495,1.03535,1.35,1.35
2011.06.09 23:32:27.846,1.03495,1.03535,1.35,2.10
2011.06.09 23:32:29.470,1.03495,1.03537,1.35,1.35
2011.06.09 23:32:29.576,1.03498,1.03539,1.35,2.10
2011.06.09 23:32:29.908,1.03497,1.03538,1.35,1.50
2011.06.09 23:32:30.906,1.03495,1.03535,1.35,1.50
2011.06.09 23:32:32.815,1.03495,1.03538,1.35,1.50
2011.06.09 23:32:35.436,1.03493,1.03535,1.35,1.35
2011.06.09 23:32:35.547,1.03493,1.03535,1.35,1.35
2011.06.09 23:32:36.996,1.03492,1.03534,1.35,1.50
2011.06.09 23:32:37.517,1.03488,1.03534,2.10,1.50
2011.06.09 23:32:38.496,1.03489,1.03534,1.35,1.50
2011.06.09 23:32:38.716,1.03491,1.03535,1.35,1.35
2011.06.09 23:32:39.156,1.03491,1.03535,1.35,1.35
2011.06.09 23:32:39.573,1.03491,1.03535,1.35,1.35
2011.06.09 23:32:40.855,1.03488,1.03533,2.85,1.50
2011.06.09 23:32:41.317,1.03488,1.03529,1.35,1.35
2011.06.09 23:32:42.595,1.03487,1.03529,2.10,1.35
2011.06.09 23:32:43.107,1.03488,1.03529,1.35,2.10
2011.06.09 23:32:48.612,1.03487,1.03529,1.35,2.10
2011.06.09 23:33:16.844,1.03486,1.03529,2.10,1.35
2011.06.09 23:33:24.996,1.03483,1.03526,1.35,1.35
2011.06.09 23:33:25.217,1.03483,1.03523,1.35,1.50
2011.06.09 23:33:25.436,1.03483,1.03526,1.35,2.10
2011.06.09 23:33:26.856,1.03483,1.03526,1.35,2.10
2011.06.09 23:33:34.375,1.03483,1.03526,1.35,2.85
2011.06.09 23:33:35.727,1.03476,1.03516,1.50,1.50
2011.06.09 23:33:36.058,1.03477,1.03524,1.35,1.35
2011.06.09 23:33:36.166,1.03477,1.03524,1.35,1.35
2011.06.09 23:33:36.607,1.03482,1.03529,2.10,1.35
2011.06.09 23:33:37.157,1.03484,1.03529,1.35,2.10
2011.06.09 23:33:37.377,1.03486,1.03529,1.35,1.35
2011.06.09 23:33:37.596,1.03484,1.03528,1.35,1.50
2011.06.09 23:33:39.170,1.03478,1.03523,1.35,1.35
2011.06.09 23:33:39.387,1.03478,1.0352,1.35,1.35
2011.06.09 23:33:39.607,1.03483,1.03524,1.35,1.50
2011.06.09 23:33:41.956,1.03483,1.03524,1.35,1.50
2011.06.09 23:33:43.537,1.03481,1.03526,1.35,1.35
2011.06.09 23:33:43.977,1.03483,1.03531,2.10,1.50
2011.06.09 23:33:44.087,1.03483,1.03532,2.10,2.10
2011.06.09 23:33:44.836,1.03484,1.03532,1.35,1.35
2011.06.09 23:33:45.056,1.03488,1.03533,1.35,1.35
2011.06.09 23:33:45.496,1.03489,1.03538,1.35,1.50
2011.06.09 23:33:46.046,1.03489,1.03541,1.35,1.50
2011.06.09 23:33:46.156,1.03484,1.03541,1.35,1.50
2011.06.09 23:33:46.586,1.03489,1.03541,1.35,1.50
2011.06.09 23:33:50.294,1.03489,1.03539,1.35,1.50
2011.06.09 23:33:50.626,1.03489,1.03539,1.35,1.50
2011.06.09 23:33:54.436,1.0349,1.03539,1.50,1.50
2011.06.09 23:33:54.867,1.0349,1.03541,1.50,1.50
2011.06.09 23:33:55.466,1.03497,1.03542,1.50,2.25
2011.06.09 23:33:58.568,1.03496,1.03537,1.35,1.35
2011.06.09 23:33:58.897,1.03492,1.03531,1.35,1.50
2011.06.09 23:33:59.534,1.03492,1.03532,1.35,2.25
2011.06.09 23:34:07.465,1.0349,1.03531,2.85,1.50
2011.06.09 23:34:07.826,1.03488,1.03532,1.35,2.25
2011.06.09 23:34:07.936,1.03492,1.03532,1.50,2.25
2011.06.09 23:34:08.266,1.03489,1.03531,2.10,1.50
2011.06.09 23:34:08.757,1.03489,1.03532,1.35,1.50
2011.06.09 23:34:10.985,1.03488,1.03531,1.35,1.50
2011.06.09 23:34:11.553,1.03486,1.03531,2.10,2.25
2011.06.09 23:34:11.666,1.03486,1.0353,1.35,1.35
2011.06.09 23:34:11.885,1.03485,1.03526,1.35,2.25
2011.06.09 23:34:12.437,1.0348,1.03523,1.35,1.35
2011.06.09 23:34:12.546,1.03479,1.03523,1.35,1.35
2011.06.09 23:34:12.986,1.03478,1.03523,1.35,1.35
2011.06.09 23:34:13.855,1.0348,1.03523,1.35,1.35
2011.06.09 23:34:14.325,1.0348,1.03523,1.35,2.10
2011.06.09 23:34:14.436,1.0348,1.03517,1.35,1.50
2011.06.09 23:34:14.767,1.03473,1.03516,1.35,2.10
2011.06.09 23:34:14.986,1.03473,1.03515,1.35,1.35
2011.06.09 23:34:15.426,1.03469,1.03515,1.35,1.35
2011.06.09 23:34:16.006,1.03468,1.03515,2.85,1.35
2011.06.09 23:34:16.117,1.03467,1.03508,2.10,1.35
2011.06.09 23:34:16.556,1.03467,1.03508,2.10,1.35
2011.06.09 23:34:17.286,1.03462,1.03508,2.85,1.35
2011.06.09 23:34:17.836,1.03462,1.03508,2.85,1.35
2011.06.09 23:34:18.385,1.03466,1.03508,1.35,1.35
2011.06.09 23:34:19.946,1.03462,1.03509,1.50,1.35
2011.06.09 23:34:23.985,1.03466,1.03508,1.50,1.50
2011.06.09 23:34:24.435,1.03467,1.03517,1.35,2.25
2011.06.09 23:34:24.656,1.03467,1.03513,1.35,1.50
2011.06.09 23:34:24.986,1.03467,1.03516,1.35,2.25
2011.06.09 23:34:26.856,1.03467,1.03516,1.35,1.50
2011.06.09 23:34:27.826,1.03466,1.03516,2.10,3.00
2011.06.09 23:34:35.896,1.03466,1.03514,1.50,2.10
2011.06.09 23:34:36.007,1.03462,1.03513,1.50,1.35
2011.06.09 23:34:36.447,1.03457,1.03508,1.35,1.35
2011.06.09 23:34:36.666,1.03457,1.03508,1.35,1.35
2011.06.09 23:34:37.216,1.03457,1.03508,2.10,1.35
2011.06.09 23:34:38.216,1.03457,1.03508,2.10,1.35
2011.06.09 23:34:39.836,1.03461,1.03513,1.35,1.50
2011.06.09 23:34:40.386,1.03466,1.03513,1.50,1.50
2011.06.09 23:34:41.628,1.03462,1.03513,1.50,1.50
2011.06.09 23:34:41.737,1.03466,1.03515,1.50,1.50
2011.06.09 23:34:42.162,1.03467,1.03515,1.35,1.50
2011.06.09 23:34:42.486,1.03467,1.03517,2.10,1.50
2011.06.09 23:34:42.597,1.03467,1.03517,2.10,2.25
2011.06.09 23:34:43.815,1.03469,1.03516,1.35,1.50
2011.06.09 23:34:44.896,1.03469,1.03515,1.35,1.50
2011.06.09 23:34:45.006,1.03469,1.03516,2.10,2.25
2011.06.09 23:34:45.237,1.03469,1.03515,1.35,1.50
2011.06.09 23:34:45.457,1.03469,1.03516,2.10,1.50
2011.06.09 23:34:46.786,1.03469,1.03517,1.35,2.25
2011.06.09 23:34:47.906,1.03469,1.03515,1.35,1.50
2011.06.09 23:34:48.886,1.03469,1.03516,1.35,2.25
2011.06.09 23:34:56.447,1.0347,1.03516,1.35,1.50
2011.06.09 23:34:57.636,1.03476,1.03524,1.50,1.35
2011.06.09 23:34:59.767,1.03476,1.03525,1.35,1.50
2011.06.09 23:35:07.314,1.03476,1.03528,2.10,1.50
2011.06.09 23:35:07.886,1.03479,1.03528,1.50,1.50
2011.06.09 23:35:13.007,1.03481,1.03528,1.50,1.50
2011.06.09 23:35:15.674,1.03477,1.03525,1.50,1.50
2011.06.09 23:35:17.875,1.03481,1.03528,1.50,1.50
2011.06.09 23:35:25.984,1.03482,1.03528,1.50,1.50
2011.06.09 23:35:29.326,1.03478,1.03528,1.50,1.50
2011.06.09 23:35:36.298,1.03477,1.03525,1.50,1.50
2011.06.09 23:35:36.796,1.03477,1.03523,1.50,1.35
2011.06.09 23:35:37.136,1.03477,1.03521,1.50,1.35
2011.06.09 23:35:38.776,1.03477,1.03523,1.50,1.35
2011.06.09 23:35:39.215,1.03477,1.03521,1.50,1.35
2011.06.09 23:35:43.816,1.03476,1.03521,1.50,1.35
2011.06.09 23:35:44.322,1.03471,1.03516,1.50,1.35
2011.06.09 23:35:44.428,1.03467,1.03516,1.50,1.35
2011.06.09 23:35:44.757,1.03462,1.03516,1.35,1.35
2011.06.09 23:35:44.867,1.03462,1.03513,1.35,1.35
2011.06.09 23:35:44.976,1.03458,1.03511,1.50,1.35
2011.06.09 23:35:45.196,1.03456,1.03507,1.50,1.35
2011.06.09 23:35:45.966,1.03456,1.03507,1.50,1.35
2011.06.09 23:35:46.082,1.03456,1.03507,1.50,1.35
2011.06.09 23:35:46.296,1.03457,1.03507,1.50,2.85
2011.06.09 23:35:47.927,1.03457,1.03506,1.50,2.25
2011.06.09 23:35:48.457,1.03457,1.03506,1.50,1.50
2011.06.09 23:35:49.007,1.03462,1.03506,1.35,2.25
2011.06.09 23:35:49.336,1.03471,1.03522,1.35,1.50
2011.06.09 23:35:49.557,1.03471,1.03521,1.35,1.50
2011.06.09 23:35:50.776,1.03472,1.03516,1.50,1.35
2011.06.09 23:35:53.187,1.03471,1.03519,2.10,1.50
2011.06.09 23:35:53.627,1.03476,1.03521,1.35,1.50
2011.06.09 23:35:53.737,1.03479,1.03525,1.35,1.50
2011.06.09 23:35:53.847,1.03477,1.03529,1.50,1.35
2011.06.09 23:35:53.957,1.03477,1.03529,1.50,1.35
2011.06.09 23:35:54.068,1.03477,1.03529,1.50,1.35
2011.06.09 23:35:55.716,1.03477,1.03528,1.50,1.50
2011.06.09 23:35:57.646,1.03482,1.03528,1.50,1.50
2011.06.09 23:35:57.866,1.03486,1.03531,1.50,1.50
2011.06.09 23:35:58.417,1.03482,1.03532,1.50,1.50
2011.06.09 23:35:59.889,1.03486,1.03532,1.50,1.50
2011.06.09 23:36:00.588,1.03486,1.03531,1.50,2.25
2011.06.09 23:36:07.447,1.03487,1.03532,1.50,1.50
2011.06.09 23:36:07.667,1.03486,1.03532,1.50,1.50
2011.06.09 23:36:11.127,1.03487,1.03538,1.50,1.50
2011.06.09 23:36:11.676,1.03491,1.03542,1.50,2.85
2011.06.09 23:36:11.896,1.03489,1.03541,1.50,2.25
2011.06.09 23:36:13.826,1.03487,1.03534,1.50,1.50
2011.06.09 23:36:39.547,1.03482,1.03535,1.35,1.50
2011.06.09 23:36:39.657,1.03481,1.03533,1.50,2.85
2011.06.09 23:36:39.987,1.03476,1.03526,1.50,1.35
2011.06.09 23:36:40.757,1.03476,1.03526,1.50,2.10
2011.06.09 23:36:40.867,1.03477,1.03526,1.50,1.35
2011.06.09 23:36:41.087,1.03477,1.03526,1.50,2.10
2011.06.09 23:36:43.908,1.03477,1.03524,1.35,1.50
2011.06.09 23:36:44.238,1.03481,1.03527,1.50,2.25
2011.06.09 23:36:44.457,1.0348,1.03526,1.35,1.50
2011.06.09 23:36:55.757,1.03481,1.03526,1.35,1.35
2011.06.09 23:36:55.866,1.03482,1.03526,1.35,2.10
2011.06.09 23:37:24.144,1.03486,1.03526,1.50,2.10
2011.06.09 23:37:29.822,1.03488,1.03526,1.35,1.50
2011.06.09 23:37:47.696,1.03489,1.03527,1.35,1.50
2011.06.09 23:37:49.433,1.03489,1.03527,1.35,1.50
2011.06.09 23:37:53.878,1.03493,1.03527,1.35,1.50
2011.06.09 23:37:54.098,1.03495,1.03538,1.35,1.50
2011.06.09 23:38:00.418,1.03496,1.0354,1.35,1.35
2011.06.09 23:38:00.527,1.03491,1.03532,2.10,1.50
2011.06.09 23:38:01.077,1.03492,1.03532,1.50,2.85
2011.06.09 23:38:01.187,1.03487,1.03531,1.50,1.35
2011.06.09 23:38:01.847,1.03486,1.0353,1.35,1.35
2011.06.09 23:38:04.170,1.03486,1.03529,1.35,1.35
2011.06.09 23:38:05.557,1.03487,1.0353,1.50,1.35
2011.06.09 23:38:05.887,1.03487,1.03533,1.35,2.10
2011.06.09 23:38:05.997,1.03489,1.03533,1.35,2.10
2011.06.09 23:38:06.216,1.03488,1.03533,1.35,2.10
2011.06.09 23:38:06.570,1.03487,1.03533,2.10,2.10
2011.06.09 23:38:07.107,1.03489,1.03533,1.35,1.35
2011.06.09 23:38:08.347,1.0349,1.03533,1.50,1.35
2011.06.09 23:38:08.458,1.03489,1.03533,1.35,2.10
2011.06.09 23:38:08.677,1.03489,1.03533,1.35,2.10
2011.06.09 23:38:08.788,1.03489,1.03533,1.35,2.10
2011.06.09 23:38:09.867,1.0349,1.03533,1.50,1.35
2011.06.09 23:38:10.855,1.03489,1.03533,1.35,1.35
2011.06.09 23:38:12.480,1.03493,1.03534,1.35,1.50
2011.06.09 23:38:17.417,1.03494,1.03536,1.35,1.35
2011.06.09 23:38:22.837,1.035,1.03542,2.10,1.50
2011.06.09 23:38:22.947,1.03505,1.03547,1.35,1.35
2011.06.09 23:38:23.167,1.035,1.03546,2.10,1.35
2011.06.09 23:38:23.607,1.03505,1.03546,1.35,1.35
2011.06.09 23:38:29.428,1.035,1.03546,2.10,1.35
2011.06.09 23:38:29.977,1.035,1.03546,2.10,1.35
2011.06.09 23:38:44.437,1.035,1.03546,2.10,1.35
2011.06.09 23:38:47.781,1.035,1.03547,2.10,1.35
2011.06.09 23:38:51.568,1.03505,1.03549,1.35,1.35
2011.06.09 23:38:52.007,1.03501,1.03547,1.50,1.35
2011.06.09 23:38:53.888,1.03501,1.03547,1.50,1.35
2011.06.09 23:39:12.800,1.03502,1.03547,1.35,1.35
2011.06.09 23:39:13.238,1.03503,1.03547,1.35,1.35
2011.06.09 23:39:13.457,1.03502,1.03546,2.10,1.35
2011.06.09 23:39:15.208,1.03503,1.03546,1.35,1.35
2011.06.09 23:39:15.790,1.03503,1.03549,1.35,2.10
2011.06.09 23:39:44.035,1.03503,1.03548,1.35,1.35
2011.06.09 23:40:13.537,1.03502,1.03548,1.50,1.50
2011.06.09 23:40:21.448,1.03501,1.03552,1.50,2.25
2011.06.09 23:40:29.288,1.03497,1.03548,2.10,2.10
2011.06.09 23:40:30.809,1.03501,1.03548,1.50,2.10
2011.06.09 23:40:31.809,1.03497,1.03543,2.10,1.50
2011.06.09 23:40:35.777,1.03497,1.03543,2.10,1.50
2011.06.09 23:40:36.107,1.03503,1.03547,1.35,1.35
2011.06.09 23:40:36.438,1.03498,1.03547,2.10,1.35
2011.06.09 23:40:36.657,1.03498,1.03547,2.10,1.35
2011.06.09 23:40:36.877,1.03502,1.03547,1.35,1.35
2011.06.09 23:40:37.437,1.03503,1.03547,1.35,1.35
2011.06.09 23:40:37.877,1.03501,1.03547,1.35,1.35
2011.06.09 23:40:39.958,1.03503,1.03547,1.35,1.35
2011.06.09 23:40:40.178,1.03502,1.03547,1.35,1.35
2011.06.09 23:40:44.399,1.03503,1.03547,1.35,1.35
2011.06.09 23:40:44.997,1.03502,1.03547,1.35,1.35
2011.06.09 23:40:47.448,1.03502,1.03547,1.35,1.35
2011.06.09 23:40:47.888,1.03503,1.03547,1.35,1.35
2011.06.09 23:40:48.957,1.03503,1.03546,1.35,1.50
2011.06.09 23:40:49.288,1.03502,1.03547,1.35,1.35
2011.06.09 23:40:49.507,1.03502,1.03547,1.35,1.35
2011.06.09 23:40:56.058,1.03503,1.03547,1.35,1.35
2011.06.09 23:40:57.906,1.03503,1.03546,1.35,1.50
2011.06.09 23:40:58.936,1.03503,1.03547,1.35,1.35
2011.06.09 23:41:03.809,1.03503,1.03546,1.35,1.50
2011.06.09 23:41:04.637,1.03503,1.03547,1.35,1.35
2011.06.09 23:41:08.049,1.0351,1.03549,2.10,1.50
2011.06.09 23:41:08.707,1.03511,1.03549,1.35,1.50
2011.06.09 23:41:09.147,1.0351,1.03552,2.10,2.25
2011.06.09 23:41:11.937,1.0351,1.03551,2.10,2.25
2011.06.09 23:41:30.708,1.03509,1.03552,2.10,1.50
2011.06.09 23:41:31.287,1.03516,1.03552,1.35,1.50
2011.06.09 23:41:32.117,1.03509,1.03552,2.10,1.50
2011.06.09 23:41:33.477,1.03509,1.03552,2.10,1.50
2011.06.09 23:41:35.688,1.03509,1.03551,2.10,1.50
2011.06.09 23:41:40.127,1.0351,1.03552,1.35,1.50
2011.06.09 23:41:40.348,1.03508,1.03551,1.35,1.50
2011.06.09 23:41:40.677,1.03511,1.03551,1.50,1.50
2011.06.09 23:41:41.838,1.03511,1.03551,1.50,1.50
2011.06.09 23:41:42.589,1.03516,1.03552,1.35,1.50
2011.06.09 23:41:43.735,1.03516,1.03552,1.35,1.50
2011.06.09 23:41:44.907,1.03516,1.03552,1.35,1.50
2011.06.09 23:41:49.588,1.03517,1.03552,1.35,1.50
2011.06.09 23:41:50.657,1.03517,1.03552,1.35,1.50
2011.06.09 23:41:51.207,1.03514,1.03552,1.35,1.50
2011.06.09 23:41:51.938,1.03513,1.03552,1.35,1.50
2011.06.09 23:41:52.047,1.03514,1.03555,1.35,1.50
2011.06.09 23:41:52.158,1.03514,1.03561,1.35,2.25
2011.06.09 23:41:52.707,1.03507,1.03561,2.85,2.25
2011.06.09 23:41:58.077,1.03507,1.03556,2.85,1.50
2011.06.09 23:41:58.408,1.03507,1.03554,2.10,1.50
2011.06.09 23:41:58.627,1.03507,1.03559,2.10,1.50
2011.06.09 23:42:03.848,1.03512,1.03555,1.35,1.50
2011.06.09 23:42:09.687,1.03507,1.03553,2.85,1.50
2011.06.09 23:42:15.978,1.03507,1.03553,2.85,1.50
2011.06.09 23:42:16.198,1.03507,1.03555,2.85,1.50
2011.06.09 23:42:24.718,1.03507,1.03553,2.85,1.50
2011.06.09 23:42:25.427,1.03507,1.03556,2.10,2.25
2011.06.09 23:42:26.717,1.03507,1.03554,2.10,1.50
2011.06.09 23:42:33.937,1.03505,1.03549,1.35,1.50
2011.06.09 23:42:34.048,1.03505,1.03555,1.35,1.50
2011.06.09 23:42:34.160,1.03506,1.03555,1.50,1.50
2011.06.09 23:42:38.447,1.03506,1.03554,1.50,1.50
2011.06.09 23:42:41.417,1.03505,1.03552,1.35,1.50
2011.06.09 23:42:41.536,1.03505,1.03551,1.35,1.50
2011.06.09 23:42:42.869,1.03505,1.03551,2.10,2.25
2011.06.09 23:42:44.167,1.03502,1.03549,1.50,1.35
2011.06.09 23:42:44.278,1.03502,1.03549,1.50,1.35
2011.06.09 23:42:44.717,1.035,1.03549,1.50,1.35
2011.06.09 23:42:44.937,1.035,1.03549,1.50,1.35
2011.06.09 23:42:45.437,1.03498,1.03544,1.35,1.50
2011.06.09 23:42:45.657,1.03498,1.03545,1.35,1.50
2011.06.09 23:42:48.197,1.03501,1.03549,1.50,2.10
2011.06.09 23:42:52.089,1.03498,1.03544,1.35,1.50
2011.06.09 23:42:52.898,1.03498,1.03541,1.35,1.35
2011.06.09 23:42:55.815,1.03498,1.0354,1.35,1.35
2011.06.09 23:43:01.887,1.03496,1.03539,1.35,1.50
2011.06.09 23:43:03.648,1.03496,1.03534,1.50,1.35
2011.06.09 23:43:03.868,1.03493,1.03534,1.35,1.35
2011.06.09 23:43:08.647,1.03493,1.03534,1.35,1.35
2011.06.09 23:43:10.648,1.03493,1.03534,1.35,1.35
2011.06.09 23:43:13.320,1.03495,1.03542,1.35,1.50
2011.06.09 23:43:13.868,1.03496,1.03548,1.35,2.85
2011.06.09 23:43:14.309,1.035,1.03548,2.10,1.35
2011.06.09 23:43:17.137,1.035,1.03547,2.10,1.35
2011.06.09 23:43:17.997,1.03505,1.03547,1.35,1.35
2011.06.09 23:43:20.408,1.03506,1.03547,1.35,1.35
2011.06.09 23:43:20.738,1.03506,1.03547,1.35,1.35
2011.06.09 23:43:21.316,1.03506,1.03547,2.10,1.35
2011.06.09 23:43:21.920,1.03506,1.03547,2.10,1.35
2011.06.09 23:43:34.326,1.03507,1.03549,2.10,1.50
2011.06.09 23:43:34.438,1.03508,1.03549,1.35,1.50
2011.06.09 23:43:34.658,1.03507,1.03549,2.10,1.50
2011.06.09 23:43:39.386,1.03506,1.03547,1.50,1.35
2011.06.09 23:43:39.938,1.03504,1.03547,1.35,1.35
2011.06.09 23:43:50.378,1.03498,1.03545,1.35,1.50
2011.06.09 23:43:50.710,1.03493,1.03543,1.35,2.85
2011.06.09 23:43:50.818,1.03493,1.03537,1.35,1.35
2011.06.09 23:43:52.566,1.03496,1.03537,1.50,1.35
2011.06.09 23:43:52.787,1.03496,1.03537,1.50,1.35
2011.06.09 23:43:55.178,1.03492,1.0353,1.50,2.85
2011.06.09 23:43:55.288,1.03482,1.0353,1.35,2.85
2011.06.09 23:43:55.507,1.03482,1.03529,1.35,1.35
2011.06.09 23:43:56.058,1.03482,1.03525,1.35,1.35
2011.06.09 23:44:01.007,1.03475,1.03526,2.10,1.35
2011.06.09 23:44:01.557,1.03481,1.03526,1.50,1.35
2011.06.09 23:44:03.427,1.03477,1.03526,1.50,1.35
2011.06.09 23:44:03.648,1.03476,1.03526,1.50,1.35
2011.06.09 23:44:04.330,1.03476,1.03526,1.50,1.35
2011.06.09 23:44:04.440,1.03476,1.03526,1.50,1.35
2011.06.09 23:44:04.548,1.03476,1.03526,1.50,1.35
2011.06.09 23:44:04.767,1.03476,1.03526,1.50,1.35
2011.06.09 23:44:05.318,1.03486,1.03528,1.35,1.50
2011.06.09 23:44:15.098,1.03482,1.03526,1.50,1.35
2011.06.09 23:44:15.317,1.03482,1.03523,1.50,1.35
2011.06.09 23:44:15.537,1.03481,1.03523,1.50,1.35
2011.06.09 23:44:16.906,1.03478,1.03523,1.35,1.35
2011.06.09 23:44:19.219,1.03481,1.03523,1.50,1.35
2011.06.09 23:44:21.048,1.03484,1.03529,1.35,1.50
2011.06.09 23:44:21.157,1.03486,1.03529,1.35,1.50
2011.06.09 23:44:23.928,1.03486,1.03532,2.10,2.10
2011.06.09 23:44:24.038,1.03487,1.03539,1.35,1.50
2011.06.09 23:44:24.588,1.03486,1.03539,2.10,1.50
2011.06.09 23:44:28.898,1.03491,1.03536,1.35,1.50
2011.06.09 23:44:30.806,1.03491,1.03539,1.35,1.50
2011.06.09 23:44:40.021,1.03491,1.03541,1.35,2.85
2011.06.09 23:44:47.455,1.03491,1.03538,1.35,1.50
2011.06.09 23:44:51.277,1.03491,1.03541,1.35,2.10
2011.06.09 23:44:55.544,1.0349,1.03542,1.35,1.50
2011.06.09 23:44:56.184,1.0349,1.03542,1.35,1.50
2011.06.09 23:44:59.728,1.03486,1.0354,1.50,1.35
2011.06.09 23:44:59.949,1.03486,1.03541,1.50,2.10
2011.06.09 23:45:02.858,1.03486,1.0354,1.50,1.35
2011.06.09 23:45:03.878,1.03486,1.03538,1.50,1.50
2011.06.09 23:45:08.328,1.03492,1.03538,1.50,1.50
2011.06.09 23:45:08.548,1.03491,1.03541,1.35,1.50
2011.06.09 23:45:08.769,1.03491,1.03542,2.10,1.50
2011.06.09 23:45:09.098,1.03491,1.03542,1.35,2.25
2011.06.09 23:45:10.288,1.03496,1.03542,1.50,1.50
2011.06.09 23:45:10.818,1.03496,1.03542,1.50,1.50
2011.06.09 23:45:11.483,1.03496,1.03542,1.50,1.50
2011.06.09 23:45:13.808,1.03495,1.03541,1.50,1.50
2011.06.09 23:45:13.918,1.03492,1.03538,1.50,1.50
2011.06.09 23:45:14.028,1.03495,1.03541,1.50,1.50
2011.06.09 23:45:14.138,1.03495,1.03542,1.50,1.50
2011.06.09 23:45:14.357,1.03496,1.03542,1.50,2.25
2011.06.09 23:45:14.578,1.03495,1.03541,1.50,1.50
2011.06.09 23:45:15.698,1.03495,1.03542,1.50,1.50
2011.06.09 23:45:17.463,1.03495,1.03542,1.50,1.50
2011.06.09 23:45:18.504,1.03495,1.03542,1.50,1.50
2011.06.09 23:45:19.111,1.03496,1.03541,1.35,1.50
2011.06.09 23:45:23.647,1.03499,1.03541,1.35,2.25
2011.06.09 23:45:32.448,1.03497,1.03541,1.35,1.50
2011.06.09 23:45:35.615,1.03495,1.03541,1.50,2.10
2011.06.09 23:45:35.728,1.03491,1.03539,1.50,1.50
2011.06.09 23:45:36.821,1.03495,1.0354,1.35,1.35
2011.06.09 23:45:37.039,1.03497,1.0354,1.35,1.35
2011.06.09 23:45:38.358,1.03487,1.03535,1.35,1.35
2011.06.09 23:45:39.898,1.03487,1.0353,1.35,1.35
2011.06.09 23:45:40.179,1.03487,1.03535,1.35,1.35
2011.06.09 23:45:40.288,1.03495,1.03539,1.35,2.10
2011.06.09 23:45:40.939,1.03495,1.03536,1.35,1.50
2011.06.09 23:45:41.489,1.03495,1.03538,1.35,1.50
2011.06.09 23:45:41.600,1.03495,1.03539,1.35,1.35
2011.06.09 23:45:41.819,1.03495,1.03538,1.35,1.50
2011.06.09 23:45:44.305,1.03491,1.03539,1.50,1.50
2011.06.09 23:45:53.209,1.03491,1.03535,1.50,1.35
2011.06.09 23:45:53.651,1.03491,1.03533,1.50,1.35
2011.06.09 23:45:54.657,1.0349,1.03533,2.10,1.35
2011.06.09 23:45:54.877,1.03491,1.03533,1.50,1.35
2011.06.09 23:45:56.237,1.0349,1.03533,1.35,1.35
2011.06.09 23:46:06.168,1.03495,1.03535,1.35,1.50
2011.06.09 23:46:06.497,1.03498,1.03537,1.35,1.50
2011.06.09 23:46:07.674,1.03498,1.03537,1.35,1.50
2011.06.09 23:46:11.782,1.03498,1.03537,1.35,1.50
2011.06.09 23:46:16.258,1.03498,1.03536,1.35,1.50
2011.06.09 23:46:16.807,1.03498,1.03537,1.35,1.50
2011.06.09 23:46:17.297,1.03498,1.03542,1.35,1.35
2011.06.09 23:46:17.518,1.03502,1.03545,1.35,1.50
2011.06.09 23:46:21.249,1.03502,1.03553,1.35,1.50
2011.06.09 23:46:21.798,1.0351,1.03557,1.35,1.50
2011.06.09 23:46:23.188,1.0351,1.03558,1.35,1.50
2011.06.09 23:46:23.297,1.03507,1.03558,1.35,1.50
2011.06.09 23:46:23.636,1.0351,1.03558,1.35,1.50
2011.06.09 23:46:23.740,1.03506,1.03558,1.35,1.50
2011.06.09 23:46:23.959,1.0351,1.03556,1.35,1.50
2011.06.09 23:46:24.399,1.03507,1.03558,2.10,1.50
2011.06.09 23:46:24.507,1.03507,1.03556,1.35,1.50
2011.06.09 23:46:24.838,1.0351,1.03557,1.35,1.50
2011.06.09 23:46:24.947,1.0351,1.03561,1.35,2.25
2011.06.09 23:46:25.058,1.03507,1.03561,1.35,1.50
2011.06.09 23:46:25.169,1.03507,1.03561,1.35,2.25
2011.06.09 23:46:25.498,1.03513,1.03561,1.35,2.25
2011.06.09 23:46:26.937,1.03513,1.03562,1.35,3.00
2011.06.09 23:46:27.927,1.03513,1.03561,1.35,1.50
2011.06.09 23:46:28.908,1.03516,1.03562,1.50,2.25
2011.06.09 23:46:29.034,1.03513,1.03561,1.35,1.50
2011.06.09 23:46:29.898,1.03513,1.03561,1.35,1.50
2011.06.09 23:46:30.157,1.03512,1.03562,1.50,2.25
2011.06.09 23:46:30.789,1.03507,1.03558,1.35,1.50
2011.06.09 23:46:31.888,1.03507,1.03557,1.35,1.50
2011.06.09 23:46:32.887,1.0351,1.03558,1.35,1.50
2011.06.09 23:46:33.219,1.0351,1.03562,1.35,2.25
2011.06.09 23:46:33.793,1.03511,1.03562,1.35,1.50
2011.06.09 23:46:36.158,1.03511,1.03561,1.35,1.50
2011.06.09 23:46:36.378,1.03506,1.03561,1.50,1.35
2011.06.09 23:46:36.488,1.03501,1.03559,1.50,1.50
2011.06.09 23:46:37.824,1.03506,1.03558,1.50,1.50
2011.06.09 23:46:38.814,1.03506,1.03554,1.50,1.50
2011.06.09 23:46:41.008,1.03506,1.03554,1.50,1.50
2011.06.09 23:46:41.337,1.0351,1.03554,1.35,1.50
2011.06.09 23:46:42.812,1.0351,1.03556,1.35,1.50
2011.06.09 23:46:43.807,1.03512,1.03558,1.50,1.50
2011.06.09 23:46:50.960,1.0351,1.03556,1.35,1.50
2011.06.09 23:46:51.081,1.03511,1.03559,1.50,1.50
2011.06.09 23:46:54.227,1.0351,1.03556,1.35,1.50
2011.06.09 23:46:55.448,1.03511,1.03559,1.50,1.50
2011.06.09 23:46:55.668,1.0351,1.03554,1.35,1.50
2011.06.09 23:46:55.997,1.0351,1.03555,1.35,1.50
2011.06.09 23:47:04.888,1.03506,1.03555,2.10,1.50
2011.06.09 23:47:09.872,1.03506,1.03556,2.10,2.25
2011.06.09 23:47:10.917,1.03506,1.03555,2.10,1.50
2011.06.09 23:47:18.949,1.03505,1.03548,1.35,1.50
2011.06.09 23:47:25.388,1.03506,1.03548,1.35,1.50
2011.06.09 23:47:30.686,1.0351,1.03551,1.35,1.50
2011.06.09 23:47:31.238,1.0351,1.03552,1.35,1.50
2011.06.09 23:47:32.068,1.0351,1.03552,1.35,1.50
2011.06.09 23:47:32.648,1.03513,1.03552,1.35,1.50
2011.06.09 23:47:33.191,1.03513,1.03552,1.35,1.50
2011.06.09 23:47:35.509,1.03515,1.03552,1.35,1.50
2011.06.09 23:47:35.839,1.03519,1.03561,1.35,1.35
2011.06.09 23:47:35.948,1.03519,1.03563,1.35,1.35
2011.06.09 23:47:36.058,1.03525,1.03564,1.35,1.50
2011.06.09 23:47:36.633,1.03521,1.03563,1.35,2.10
2011.06.09 23:47:36.739,1.03517,1.03563,1.35,2.10
2011.06.09 23:47:38.788,1.03521,1.03566,1.35,1.35
2011.06.09 23:47:39.008,1.03532,1.03576,1.35,1.35
2011.06.09 23:47:39.228,1.03534,1.03578,1.35,1.35
2011.06.09 23:47:40.031,1.0354,1.03582,1.35,1.50
2011.06.09 23:47:40.580,1.03535,1.03581,1.35,1.50
2011.06.09 23:47:40.909,1.03535,1.03581,1.35,1.50
2011.06.09 23:47:41.659,1.03535,1.03582,1.35,1.50
2011.06.09 23:47:42.259,1.03535,1.03582,1.35,1.50
2011.06.09 23:47:44.213,1.03535,1.03581,1.35,1.50
2011.06.09 23:47:44.647,1.03536,1.03582,1.50,1.50
2011.06.09 23:47:46.717,1.03542,1.03582,1.35,1.50
2011.06.09 23:47:46.938,1.03543,1.03581,1.35,2.25
2011.06.09 23:47:47.218,1.03539,1.03579,1.35,1.50
2011.06.09 23:47:47.657,1.03539,1.03579,1.35,1.50
2011.06.09 23:47:48.543,1.03534,1.03577,1.35,1.35
2011.06.09 23:47:48.980,1.03534,1.03575,1.35,1.35
2011.06.09 23:47:49.198,1.03534,1.03575,1.35,1.35
2011.06.09 23:47:49.418,1.03534,1.03575,1.35,1.35
2011.06.09 23:47:54.478,1.03535,1.03578,2.85,1.50
2011.06.09 23:48:00.642,1.03532,1.03574,1.50,1.35
2011.06.09 23:48:15.088,1.03535,1.03575,1.35,1.50
2011.06.09 23:48:15.309,1.03538,1.03577,1.35,1.50
2011.06.09 23:48:15.528,1.03539,1.03577,1.35,1.50
2011.06.09 23:48:15.875,1.03535,1.03577,1.35,2.25
2011.06.09 23:48:20.204,1.03535,1.03576,1.35,1.50
2011.06.09 23:48:21.622,1.03535,1.03576,1.35,1.50
2011.06.09 23:48:21.838,1.03535,1.03577,1.35,2.25
2011.06.09 23:48:22.730,1.0354,1.03586,2.10,1.35
2011.06.09 23:48:23.335,1.03545,1.03589,1.35,1.35
2011.06.09 23:48:25.737,1.03546,1.03594,2.85,1.35
2011.06.09 23:48:26.069,1.03539,1.03589,1.35,1.35
2011.06.09 23:48:26.178,1.03536,1.03589,1.35,2.10
2011.06.09 23:48:26.288,1.03539,1.03589,1.35,2.10
2011.06.09 23:48:28.177,1.03541,1.03594,1.50,1.50
2011.06.09 23:48:28.398,1.03541,1.03594,1.50,1.50
2011.06.09 23:48:33.878,1.03545,1.03589,1.50,1.50
2011.06.09 23:48:34.907,1.03542,1.03588,1.50,1.50
2011.06.09 23:48:38.338,1.03545,1.03592,1.50,1.35
2011.06.09 23:48:38.901,1.03541,1.03589,1.50,1.50
2011.06.09 23:48:52.738,1.03539,1.03586,1.35,1.50
2011.06.09 23:48:54.675,1.03539,1.03585,1.35,1.50
2011.06.09 23:48:56.228,1.03541,1.03589,1.50,1.50
2011.06.09 23:48:57.184,1.03541,1.03589,1.50,1.50
2011.06.09 23:48:57.361,1.03539,1.03586,1.35,1.50
2011.06.09 23:48:57.978,1.03539,1.03586,1.35,1.50
2011.06.09 23:49:09.398,1.03537,1.03586,1.35,1.50
2011.06.09 23:49:09.508,1.03536,1.03586,1.50,1.50
2011.06.09 23:49:09.727,1.03532,1.03585,1.50,1.50
2011.06.09 23:49:09.838,1.03532,1.03583,1.50,1.50
2011.06.09 23:49:13.798,1.03533,1.03581,1.35,2.25
2011.06.09 23:49:14.018,1.03533,1.03581,1.35,1.50
2011.06.09 23:49:15.977,1.03533,1.03582,1.35,2.25
2011.06.09 23:49:16.798,1.03533,1.0358,1.35,1.50
2011.06.09 23:49:17.837,1.03537,1.0358,1.50,1.50
2011.06.09 23:49:18.928,1.03533,1.03581,1.35,1.50
2011.06.09 23:49:19.589,1.03542,1.03581,1.35,1.50
2011.06.09 23:49:24.889,1.03542,1.03582,1.35,1.50
2011.06.09 23:49:25.668,1.03542,1.03582,1.35,1.50
2011.06.09 23:49:26.591,1.03542,1.03582,1.35,2.25
2011.06.09 23:49:26.898,1.03537,1.03582,1.50,2.10
2011.06.09 23:49:27.008,1.03535,1.03582,1.50,2.10
2011.06.09 23:49:27.229,1.03537,1.03581,1.35,1.50
2011.06.09 23:49:27.449,1.03533,1.03582,1.35,1.50
2011.06.09 23:49:27.668,1.03531,1.03581,1.50,1.35
2011.06.09 23:49:29.581,1.03527,1.03582,1.35,2.10
2011.06.09 23:49:29.798,1.03527,1.03581,1.35,1.35
2011.06.09 23:49:31.148,1.03526,1.03581,2.10,2.10
2011.06.09 23:49:31.258,1.03528,1.03581,1.35,2.10
2011.06.09 23:49:31.489,1.03537,1.03589,1.35,1.35
2011.06.09 23:49:31.928,1.03537,1.03588,1.35,1.35
2011.06.09 23:49:32.258,1.03543,1.03596,1.35,3.60
2011.06.09 23:49:32.957,1.03543,1.03596,1.35,2.85
2011.06.09 23:49:34.908,1.03543,1.03596,1.35,2.85
2011.06.09 23:49:39.820,1.03543,1.03591,1.35,1.50
2011.06.09 23:49:41.696,1.03543,1.03596,1.35,2.85
2011.06.09 23:49:42.728,1.03543,1.03589,1.35,1.50
2011.06.09 23:49:45.221,1.03543,1.03586,1.35,1.50
2011.06.09 23:49:45.336,1.03543,1.03589,1.35,1.50
2011.06.09 23:49:46.861,1.03543,1.03586,1.35,1.50
2011.06.09 23:49:47.581,1.03537,1.03584,1.35,2.85
2011.06.09 23:49:48.184,1.03537,1.0358,1.35,1.35
2011.06.09 23:49:49.848,1.03537,1.03579,1.35,1.35
2011.06.09 23:49:53.268,1.0354,1.03586,1.35,3.00
2011.06.09 23:49:53.378,1.0354,1.03586,1.35,3.00
2011.06.09 23:49:55.148,1.0354,1.0359,1.35,1.35
2011.06.09 23:49:55.367,1.0354,1.0359,1.35,1.35
2011.06.09 23:49:55.588,1.0354,1.03588,1.35,1.50
2011.06.09 23:49:56.139,1.03549,1.03593,2.10,1.50
2011.06.09 23:49:56.248,1.03551,1.03593,1.35,1.50
2011.06.09 23:49:56.470,1.03555,1.03596,1.35,1.50
2011.06.09 23:49:57.958,1.03555,1.03596,1.35,2.25
2011.06.09 23:49:58.490,1.03551,1.03596,1.35,2.25
2011.06.09 23:49:58.598,1.03546,1.03593,1.35,1.35
2011.06.09 23:49:58.710,1.03546,1.03593,1.35,1.35
2011.06.09 23:49:59.839,1.03546,1.0359,1.35,1.35
2011.06.09 23:50:00.408,1.03546,1.03596,1.35,2.25
2011.06.09 23:50:05.611,1.03546,1.03596,2.10,1.50
2011.06.09 23:50:11.450,1.03546,1.03597,1.35,3.00
2011.06.09 23:50:11.677,1.03546,1.03597,2.10,3.00
2011.06.09 23:50:12.118,1.03546,1.03596,2.10,1.50
2011.06.09 23:50:18.469,1.03546,1.03596,2.10,2.10
2011.06.09 23:50:18.688,1.03546,1.03594,2.10,1.50
2011.06.09 23:50:19.699,1.03547,1.03594,1.35,1.50
2011.06.09 23:50:19.919,1.03547,1.03596,1.35,2.10
2011.06.09 23:50:22.378,1.03546,1.03594,1.35,1.50
2011.06.09 23:50:28.904,1.03546,1.03586,1.35,1.50
2011.06.09 23:50:29.234,1.03546,1.03589,1.35,1.50
2011.06.09 23:50:33.189,1.03546,1.03586,1.35,1.50
2011.06.09 23:50:35.170,1.03546,1.03588,1.35,1.50
2011.06.09 23:50:36.718,1.03546,1.03586,1.35,1.50
2011.06.09 23:50:41.479,1.03543,1.03584,1.35,1.50
2011.06.09 23:50:48.928,1.03539,1.03579,1.35,1.50
2011.06.09 23:50:49.258,1.03537,1.03583,3.60,1.50
2011.06.09 23:50:55.968,1.0354,1.0358,1.35,1.50
2011.06.09 23:50:56.188,1.03537,1.03578,2.10,1.50
2011.06.09 23:51:07.928,1.03537,1.03578,2.10,1.50
2011.06.09 23:51:08.260,1.03537,1.03579,2.10,1.50
2011.06.09 23:51:08.369,1.03537,1.03579,2.10,1.50
2011.06.09 23:51:08.481,1.03536,1.03579,1.35,1.50
2011.06.09 23:51:08.809,1.03533,1.03579,2.10,1.50
2011.06.09 23:51:14.550,1.03527,1.03573,3.60,1.50
2011.06.09 23:51:14.770,1.03527,1.03568,2.10,1.50
2011.06.09 23:51:17.718,1.03523,1.03571,1.50,1.50
2011.06.09 23:51:17.828,1.03527,1.03573,1.50,1.50
2011.06.09 23:51:17.940,1.03545,1.03578,2.10,1.50
2011.06.09 23:51:18.159,1.03535,1.03584,2.10,1.50
2011.06.09 23:51:18.269,1.03535,1.03583,2.10,1.50
2011.06.09 23:51:18.489,1.0354,1.03583,1.35,1.50
2011.06.09 23:51:18.708,1.03538,1.03583,1.35,1.50
2011.06.09 23:51:19.300,1.03541,1.03583,2.10,1.50
2011.06.09 23:51:19.409,1.03541,1.03586,2.10,2.25
2011.06.09 23:51:19.628,1.03546,1.03586,1.35,3.00
2011.06.09 23:51:19.849,1.03545,1.03585,1.35,1.50
2011.06.09 23:51:20.599,1.03546,1.03585,2.10,1.50
2011.06.09 23:51:21.188,1.03546,1.03585,2.10,1.50
2011.06.09 23:51:21.889,1.03546,1.03585,2.10,1.50
2011.06.09 23:51:22.868,1.03546,1.03585,2.10,1.50
2011.06.09 23:51:26.839,1.03548,1.03588,1.35,1.50
2011.06.09 23:51:31.009,1.03548,1.03586,1.35,1.50
2011.06.09 23:51:31.619,1.03548,1.03589,1.35,1.50
2011.06.09 23:51:32.329,1.03542,1.03589,1.35,1.50
2011.06.09 23:51:35.897,1.03542,1.03586,1.35,1.50
2011.06.09 23:51:40.908,1.03542,1.03587,1.35,1.50
2011.06.09 23:51:41.238,1.03548,1.03588,1.35,1.50
2011.06.09 23:51:43.137,1.03548,1.03589,1.35,1.50
2011.06.09 23:51:43.925,1.03547,1.03589,1.35,1.50
2011.06.09 23:51:47.189,1.03547,1.03588,1.35,1.50
2011.06.09 23:51:54.798,1.03547,1.03587,1.35,1.50
2011.06.09 23:51:56.938,1.03547,1.03591,2.10,1.50
2011.06.09 23:51:57.048,1.0355,1.03592,2.10,2.25
2011.06.09 23:51:57.158,1.0355,1.03592,2.10,1.50
2011.06.09 23:51:57.678,1.0355,1.03592,2.10,1.50
2011.06.09 23:51:58.665,1.0355,1.03592,2.10,1.50
2011.06.09 23:51:59.218,1.0355,1.03592,2.10,2.25
2011.06.09 23:52:10.416,1.03547,1.03591,2.10,1.50
2011.06.09 23:52:11.139,1.03547,1.03587,2.10,1.50
2011.06.09 23:52:11.885,1.03547,1.03586,1.35,2.25
2011.06.09 23:52:15.719,1.03547,1.03587,1.35,2.25
2011.06.09 23:52:15.831,1.03547,1.03587,1.35,3.00
2011.06.09 23:52:15.939,1.03547,1.03587,1.35,2.25
2011.06.09 23:52:16.269,1.03547,1.03597,1.35,1.50
2011.06.09 23:52:17.369,1.03543,1.03599,1.35,1.50
2011.06.09 23:52:17.588,1.03543,1.03596,1.35,1.50
2011.06.09 23:52:17.698,1.03537,1.03597,1.35,1.50
2011.06.09 23:52:18.348,1.03537,1.03597,1.35,1.50
2011.06.09 23:52:19.958,1.03538,1.03594,1.35,1.50
2011.06.09 23:52:20.508,1.03536,1.03594,2.10,1.50
2011.06.09 23:52:20.728,1.03537,1.03592,1.35,1.50
2011.06.09 23:52:21.057,1.03543,1.03591,1.35,1.50
2011.06.09 23:52:21.867,1.03543,1.03591,1.35,1.50
2011.06.09 23:52:22.208,1.03543,1.03593,1.35,1.50
2011.06.09 23:52:24.839,1.03543,1.03587,1.35,1.50
2011.06.09 23:52:25.870,1.03543,1.03589,1.35,1.50
2011.06.09 23:52:26.488,1.03543,1.03587,1.35,1.50
2011.06.09 23:52:35.489,1.03543,1.03588,1.35,1.50
2011.06.09 23:52:35.599,1.03543,1.03586,1.35,1.50
2011.06.09 23:52:42.170,1.03548,1.03586,2.85,1.50
2011.06.09 23:52:46.898,1.03548,1.03586,1.35,1.50
2011.06.09 23:52:49.650,1.03548,1.03586,2.85,1.50
2011.06.09 23:52:49.758,1.03548,1.03588,2.85,1.50
2011.06.09 23:52:51.489,1.0354,1.03586,2.10,1.50
2011.06.09 23:52:51.599,1.03541,1.03588,1.35,1.35
2011.06.09 23:52:51.818,1.0354,1.03589,1.35,1.50
2011.06.09 23:52:53.528,1.03541,1.03591,1.35,2.25
2011.06.09 23:52:53.748,1.03541,1.03591,1.35,1.50
2011.06.09 23:52:54.078,1.03541,1.03591,2.10,1.50
2011.06.09 23:52:54.189,1.03543,1.03592,1.35,1.50
2011.06.09 23:52:54.410,1.03542,1.03591,1.50,1.50
2011.06.09 23:52:54.518,1.03541,1.03591,2.10,1.50
2011.06.09 23:52:54.739,1.03541,1.03594,1.35,1.50
2011.06.09 23:52:54.848,1.03541,1.03596,1.35,1.50
2011.06.09 23:52:54.959,1.03541,1.03599,2.10,1.50
2011.06.09 23:52:55.689,1.03541,1.03596,1.35,1.50
2011.06.09 23:52:56.019,1.03541,1.03596,1.35,1.50
2011.06.09 23:52:56.237,1.03541,1.03596,1.35,1.50
2011.06.09 23:52:56.828,1.03541,1.03596,1.35,1.50
2011.06.09 23:52:58.659,1.03541,1.03596,1.35,1.50
2011.06.09 23:53:03.840,1.03541,1.03596,2.10,1.50
2011.06.09 23:53:04.060,1.03541,1.03597,1.35,1.50
2011.06.09 23:53:04.169,1.03541,1.03597,2.10,1.50
2011.06.09 23:53:04.279,1.03541,1.03594,2.10,1.50
2011.06.09 23:53:06.259,1.03546,1.03591,2.85,2.25
2011.06.09 23:53:06.369,1.03543,1.03588,1.35,1.35
2011.06.09 23:53:06.590,1.03543,1.03588,1.35,2.10
2011.06.09 23:53:06.810,1.03543,1.03588,1.35,2.10
2011.06.09 23:53:06.920,1.03542,1.03588,1.35,1.35
2011.06.09 23:53:12.067,1.03542,1.03585,1.35,1.50
2011.06.09 23:53:12.509,1.03542,1.03588,1.35,2.10
2011.06.09 23:53:15.383,1.03542,1.03585,1.35,1.50
2011.06.09 23:53:15.819,1.03543,1.03588,1.35,1.35
2011.06.09 23:53:16.850,1.03543,1.03585,1.35,1.50
2011.06.09 23:53:17.358,1.03534,1.03584,1.35,1.50
2011.06.09 23:53:17.868,1.0353,1.03584,1.35,1.50
2011.06.09 23:53:18.379,1.03527,1.03584,2.10,1.88
2011.06.09 23:53:18.488,1.03527,1.03584,2.10,1.88
2011.06.09 23:53:19.082,1.03525,1.03572,2.85,1.35
2011.06.09 23:53:20.148,1.03525,1.03574,2.85,2.10
2011.06.09 23:53:20.479,1.03535,1.03574,2.10,1.50
2011.06.09 23:53:20.699,1.03536,1.03581,1.35,2.25
2011.06.09 23:53:21.470,1.03538,1.03581,1.35,1.50
2011.06.09 23:53:21.908,1.03542,1.03583,1.35,1.50
2011.06.09 23:53:22.348,1.03541,1.03586,1.35,1.50
2011.06.09 23:53:22.678,1.03546,1.03586,1.35,1.50
2011.06.09 23:53:23.458,1.03546,1.03586,1.35,1.50
2011.06.09 23:53:24.690,1.03546,1.03586,1.35,1.50
2011.06.09 23:53:25.307,1.03546,1.03586,1.35,1.50
2011.06.09 23:53:25.639,1.03562,1.03604,1.35,1.50
2011.06.09 23:53:25.749,1.03553,1.03604,2.85,1.50
2011.06.09 23:53:26.318,1.03553,1.03604,2.10,1.50
2011.06.09 23:53:26.870,1.03553,1.03605,2.10,1.50
2011.06.09 23:53:27.849,1.03553,1.03605,2.10,1.50
2011.06.09 23:53:28.040,1.03553,1.03605,2.10,1.50
2011.06.09 23:53:28.808,1.03553,1.03605,2.10,1.50
2011.06.09 23:53:31.021,1.03553,1.03605,2.10,1.50
2011.06.09 23:53:40.888,1.03553,1.03605,2.10,1.50
2011.06.09 23:53:42.068,1.03553,1.03605,2.10,1.50
2011.06.09 23:53:43.168,1.03553,1.03605,2.10,1.50
2011.06.09 23:53:53.141,1.03547,1.03601,1.35,1.50
2011.06.09 23:53:55.938,1.03547,1.03597,1.35,1.50
2011.06.09 23:53:59.848,1.03548,1.03597,1.35,1.50
2011.06.09 23:54:02.930,1.03546,1.03597,2.10,1.50
2011.06.09 23:54:03.038,1.03547,1.03601,1.35,1.50
2011.06.09 23:54:03.259,1.03548,1.03601,1.35,2.25
2011.06.09 23:54:03.479,1.03551,1.03601,1.50,1.50
2011.06.09 23:54:07.009,1.03558,1.03606,2.10,1.50
2011.06.09 23:54:09.139,1.03561,1.03606,1.35,1.50
2011.06.09 23:54:09.468,1.03561,1.03606,1.35,1.50
2011.06.09 23:54:10.728,1.0356,1.03599,1.35,1.50
2011.06.09 23:54:10.949,1.03556,1.03599,1.35,1.50
2011.06.09 23:54:11.169,1.03562,1.03599,2.10,1.50
2011.06.09 23:54:11.499,1.03576,1.03609,2.10,1.50
2011.06.09 23:54:11.719,1.03573,1.03615,1.35,1.50
2011.06.09 23:54:11.829,1.03573,1.03615,1.35,1.50
2011.06.09 23:54:12.050,1.03569,1.03613,1.35,1.50
2011.06.09 23:54:13.791,1.03573,1.03612,1.35,2.25
2011.06.09 23:54:14.119,1.03577,1.03611,1.35,1.50
2011.06.09 23:54:15.629,1.03576,1.03614,1.35,1.50
2011.06.09 23:54:16.178,1.03576,1.03616,1.35,1.50
2011.06.09 23:54:17.449,1.03575,1.03613,2.10,1.50
2011.06.09 23:54:17.668,1.03567,1.03608,1.35,1.50
2011.06.09 23:54:18.219,1.03575,1.03608,2.10,1.50
2011.06.09 23:54:18.329,1.03575,1.03614,2.10,1.50
2011.06.09 23:54:18.549,1.03577,1.03616,1.35,1.50
2011.06.09 23:54:18.878,1.03585,1.03616,2.10,1.50
2011.06.09 23:54:18.990,1.03585,1.03619,2.10,1.50
2011.06.09 23:54:19.098,1.03585,1.03622,2.10,1.50
2011.06.09 23:54:19.320,1.0358,1.03623,1.35,1.50
2011.06.09 23:54:19.429,1.03576,1.03624,1.35,1.50
2011.06.09 23:54:21.898,1.03576,1.03616,1.35,1.50
2011.06.09 23:54:23.209,1.03578,1.03624,1.35,1.50
2011.06.09 23:54:23.318,1.03578,1.03624,1.35,1.50
2011.06.09 23:54:24.638,1.03578,1.03626,1.35,3.00
2011.06.09 23:54:24.749,1.03578,1.03624,1.35,1.50
2011.06.09 23:54:25.078,1.03577,1.03622,1.35,2.25
2011.06.09 23:54:28.909,1.0358,1.03622,1.35,2.25
2011.06.09 23:54:29.369,1.03581,1.03622,1.50,1.50
2011.06.09 23:54:29.809,1.03578,1.03618,1.35,1.50
2011.06.09 23:54:30.981,1.0358,1.03627,1.35,1.50
2011.06.09 23:54:31.309,1.0358,1.03627,1.35,1.50
2011.06.09 23:54:32.708,1.0358,1.03627,1.35,1.50
2011.06.09 23:54:33.258,1.03577,1.03626,1.35,1.50
2011.06.09 23:54:33.830,1.03577,1.03621,1.35,1.50
2011.06.09 23:54:34.489,1.03577,1.03621,1.35,1.50
2011.06.09 23:54:34.929,1.03577,1.03621,2.10,1.50
2011.06.09 23:54:35.856,1.0358,1.03622,1.35,1.50
2011.06.09 23:54:36.443,1.0358,1.03622,1.35,1.50
2011.06.09 23:54:37.719,1.03577,1.03621,1.35,1.50
2011.06.09 23:54:38.278,1.03577,1.03618,1.35,1.50
2011.06.09 23:54:38.678,1.03572,1.03618,1.50,1.50
2011.06.09 23:54:41.709,1.03571,1.03615,1.35,1.50
2011.06.09 23:54:52.439,1.03572,1.03615,1.50,1.50
2011.06.09 23:54:56.451,1.03571,1.03614,1.35,1.50
2011.06.09 23:54:57.209,1.03571,1.03614,1.35,1.50
2011.06.09 23:54:57.826,1.03567,1.03609,1.50,1.50
2011.06.09 23:55:00.436,1.03567,1.0361,1.50,1.50
2011.06.09 23:55:01.448,1.03565,1.0361,1.35,1.50
2011.06.09 23:55:01.689,1.03566,1.0361,1.50,1.50
2011.06.09 23:55:03.750,1.03565,1.0361,1.35,1.50
2011.06.09 23:55:04.210,1.03565,1.03608,1.35,1.50
2011.06.09 23:55:07.078,1.03561,1.03605,1.50,1.50
2011.06.09 23:55:07.779,1.03566,1.03609,1.50,1.50
2011.06.09 23:55:10.628,1.03562,1.03605,1.50,1.50
2011.06.09 23:55:10.741,1.03566,1.03608,1.35,2.10
2011.06.09 23:55:10.850,1.03566,1.03608,1.35,2.10
2011.06.09 23:55:10.959,1.03566,1.03608,1.35,2.10
2011.06.09 23:55:11.399,1.03566,1.03608,1.35,1.35
2011.06.09 23:55:14.050,1.03566,1.0361,2.10,1.35
2011.06.09 23:55:14.269,1.03566,1.03608,1.35,1.35
2011.06.09 23:55:14.600,1.03566,1.03608,2.10,1.35
2011.06.09 23:55:15.139,1.03566,1.03608,1.35,1.35
2011.06.09 23:55:16.896,1.03566,1.03608,2.10,1.35
2011.06.09 23:55:19.819,1.03566,1.03608,1.35,1.35
2011.06.09 23:55:20.038,1.03572,1.03614,1.35,1.35
2011.06.09 23:55:22.086,1.03567,1.03609,1.50,2.10
2011.06.09 23:55:22.419,1.03566,1.03604,1.50,1.35
2011.06.09 23:55:27.280,1.03561,1.03604,2.10,1.35
2011.06.09 23:55:27.888,1.03566,1.03604,1.50,1.35
2011.06.09 23:55:29.095,1.03561,1.03604,2.10,2.10
2011.06.09 23:55:37.469,1.03557,1.03606,1.35,1.35
2011.06.09 23:55:37.581,1.03556,1.03601,1.50,2.10
2011.06.09 23:55:38.021,1.03557,1.03604,1.35,1.35
2011.06.09 23:55:38.571,1.03552,1.03605,1.35,1.35
2011.06.09 23:55:39.849,1.03547,1.03604,1.35,1.35
2011.06.09 23:55:40.179,1.03555,1.03606,1.35,1.50
2011.06.09 23:55:40.289,1.03555,1.03606,1.35,1.50
2011.06.09 23:55:40.790,1.03556,1.03606,1.50,1.50
2011.06.09 23:55:40.907,1.03555,1.03606,1.35,1.50
2011.06.09 23:55:41.450,1.03556,1.03609,1.50,1.50
2011.06.09 23:55:41.668,1.03556,1.03609,1.50,1.50
2011.06.09 23:55:42.238,1.03555,1.03606,1.35,1.50
2011.06.09 23:55:42.569,1.03561,1.03609,1.50,1.50
2011.06.09 23:55:42.679,1.03555,1.03611,1.35,2.10
2011.06.09 23:55:43.909,1.03564,1.03611,1.35,2.25
2011.06.09 23:55:44.020,1.03564,1.03611,1.35,1.50
2011.06.09 23:55:46.878,1.03566,1.03611,1.50,2.25
2011.06.09 23:55:50.759,1.03572,1.03616,1.50,2.10
2011.06.09 23:55:50.921,1.03567,1.03616,1.50,2.10
2011.06.09 23:55:51.139,1.03572,1.03616,1.50,2.10
2011.06.09 23:55:59.408,1.03566,1.03616,1.50,2.10
2011.06.09 23:56:00.469,1.03572,1.03618,1.50,1.35
2011.06.09 23:56:00.579,1.03572,1.0362,1.50,1.50
2011.06.09 23:56:01.809,1.03572,1.03618,1.50,1.50
2011.06.09 23:56:02.557,1.03571,1.03615,1.35,1.50
2011.06.09 23:56:02.900,1.03571,1.03619,1.35,1.50
2011.06.09 23:56:04.429,1.03564,1.03614,1.35,1.50
2011.06.09 23:56:05.699,1.03572,1.03614,1.35,1.50
2011.06.09 23:56:06.029,1.03573,1.03618,1.35,1.50
2011.06.09 23:56:08.849,1.03573,1.03618,1.35,1.50
2011.06.09 23:56:10.749,1.03573,1.03619,1.35,1.50
2011.06.09 23:56:10.859,1.03573,1.03619,1.35,1.50
2011.06.09 23:56:11.875,1.03573,1.03616,1.35,1.50
2011.06.09 23:56:14.489,1.03566,1.03616,1.50,2.10
2011.06.09 23:56:14.709,1.03566,1.03616,1.50,2.10
2011.06.09 23:56:15.259,1.0357,1.03616,1.35,1.50
2011.06.09 23:56:15.919,1.03573,1.03616,1.35,1.35
2011.06.09 23:56:17.688,1.03573,1.03616,1.35,2.10
2011.06.09 23:56:17.800,1.03576,1.03616,1.50,1.35
2011.06.09 23:56:18.239,1.03573,1.03616,1.35,2.10
2011.06.09 23:56:20.015,1.03573,1.03616,1.35,2.10
2011.06.09 23:56:20.192,1.03573,1.03616,1.35,2.10
2011.06.09 23:56:22.358,1.03573,1.03616,1.35,1.35
2011.06.09 23:56:22.690,1.03573,1.03615,1.35,1.50
2011.06.09 23:56:23.019,1.03573,1.03615,1.35,1.50
2011.06.09 23:56:23.921,1.03573,1.03615,1.35,1.50
2011.06.09 23:56:27.179,1.03573,1.03618,1.35,1.35
2011.06.09 23:56:27.576,1.03577,1.0362,1.35,1.35
2011.06.09 23:56:27.693,1.03569,1.03619,1.35,2.85
2011.06.09 23:56:27.800,1.03569,1.03616,1.35,1.35
2011.06.09 23:56:27.910,1.03569,1.03616,1.35,1.35
2011.06.09 23:56:29.809,1.03569,1.03616,1.35,1.35
2011.06.09 23:56:31.799,1.03568,1.03619,1.35,1.50
2011.06.09 23:56:31.908,1.03576,1.0362,1.50,1.35
2011.06.09 23:56:32.129,1.03576,1.03621,1.50,1.35
2011.06.09 23:56:34.525,1.03571,1.0362,1.50,1.35
2011.06.09 23:56:35.513,1.03577,1.03621,1.50,2.10
2011.06.09 23:56:36.565,1.03577,1.03621,1.50,1.50
2011.06.09 23:56:39.839,1.03577,1.03622,1.50,1.50
2011.06.09 23:56:42.540,1.03576,1.03621,1.50,2.25
2011.06.09 23:56:43.292,1.03571,1.03619,1.50,1.50
2011.06.09 23:56:43.509,1.03568,1.03619,1.50,1.50
2011.06.09 23:56:44.859,1.03567,1.03616,1.50,1.50
2011.06.09 23:56:45.779,1.03567,1.03613,1.50,1.50
2011.06.09 23:56:45.999,1.03566,1.03612,2.10,1.50
2011.06.09 23:56:47.868,1.03566,1.03612,2.10,1.50
2011.06.09 23:56:48.410,1.03566,1.03612,1.35,1.50
2011.06.09 23:56:48.520,1.03562,1.03612,1.50,1.50
2011.06.09 23:56:48.960,1.03559,1.03611,1.35,2.25
2011.06.09 23:56:49.626,1.03559,1.03611,1.35,1.50
2011.06.09 23:56:53.218,1.03567,1.03608,1.35,1.50
2011.06.09 23:56:53.989,1.03577,1.03618,1.35,2.10
2011.06.09 23:56:54.209,1.03577,1.03623,1.35,2.85
2011.06.09 23:56:54.759,1.03568,1.0362,1.35,1.35
2011.06.09 23:56:55.880,1.0359,1.03631,2.10,2.25
2011.06.09 23:56:56.100,1.0359,1.03634,2.10,1.50
2011.06.09 23:56:56.320,1.03593,1.03635,1.35,3.00
2011.06.09 23:56:57.120,1.03588,1.03636,2.10,2.85
2011.06.09 23:56:57.560,1.03586,1.03629,1.35,1.50
2011.06.09 23:56:57.670,1.03586,1.03629,1.35,1.50
2011.06.09 23:56:58.185,1.03586,1.03631,1.35,1.50
2011.06.09 23:56:58.290,1.03586,1.03635,1.35,1.50
2011.06.09 23:56:58.869,1.03586,1.03638,1.35,1.35
2011.06.09 23:56:59.090,1.03592,1.03643,2.10,1.50
2011.06.09 23:56:59.311,1.03586,1.03642,1.35,1.35
2011.06.09 23:56:59.422,1.03588,1.03643,2.10,1.50
2011.06.09 23:56:59.531,1.03595,1.03644,1.35,1.50
2011.06.09 23:57:00.849,1.03595,1.03646,1.35,2.25
2011.06.09 23:57:01.069,1.03586,1.03646,1.50,2.10
2011.06.09 23:57:01.179,1.03586,1.03644,1.50,1.35
2011.06.09 23:57:01.508,1.03586,1.03639,1.50,1.50
2011.06.09 23:57:02.588,1.03581,1.03639,1.50,1.50
2011.06.09 23:57:03.127,1.03587,1.03638,1.50,1.50
2011.06.09 23:57:03.459,1.03588,1.0364,1.35,1.50
2011.06.09 23:57:03.569,1.03588,1.03636,1.35,1.50
2011.06.09 23:57:04.016,1.03588,1.03636,1.35,1.50
2011.06.09 23:57:04.119,1.03588,1.03636,1.35,1.50
2011.06.09 23:57:04.228,1.03588,1.03636,1.35,1.50
2011.06.09 23:57:06.430,1.03591,1.03633,1.50,1.50
2011.06.09 23:57:06.649,1.03591,1.03632,1.50,2.25
2011.06.09 23:57:08.796,1.03598,1.03631,2.10,2.25
2011.06.09 23:57:09.129,1.03598,1.03641,2.85,1.50
2011.06.09 23:57:09.349,1.03598,1.03644,2.10,1.50
2011.06.09 23:57:09.571,1.03598,1.03646,2.10,2.25
2011.06.09 23:57:09.680,1.03598,1.03646,2.10,1.50
2011.06.09 23:57:09.900,1.03598,1.03646,2.10,1.50
2011.06.09 23:57:11.879,1.03598,1.03646,2.10,2.25
2011.06.09 23:57:12.930,1.03598,1.03646,2.10,1.50
2011.06.09 23:57:13.479,1.03608,1.03646,1.35,3.00
2011.06.09 23:57:13.809,1.03608,1.03646,1.35,2.25
2011.06.09 23:57:20.844,1.03607,1.03658,1.35,1.50
2011.06.09 23:57:23.270,1.03607,1.03649,1.35,1.50
2011.06.09 23:57:24.910,1.03607,1.03648,1.35,1.50
2011.06.09 23:57:29.829,1.03606,1.03648,1.35,1.50
2011.06.09 23:57:37.104,1.03606,1.03649,1.35,1.50
2011.06.09 23:57:37.429,1.03605,1.03644,1.35,1.50
2011.06.09 23:57:39.159,1.03606,1.03647,1.35,1.50
2011.06.09 23:57:47.171,1.03606,1.03647,1.35,1.50
2011.06.09 23:57:49.094,1.03606,1.03647,1.35,1.50
2011.06.09 23:57:49.419,1.03596,1.03642,2.85,1.50
2011.06.09 23:57:52.918,1.03596,1.03636,2.85,1.50
2011.06.09 23:57:57.988,1.03596,1.03636,2.85,1.50
2011.06.09 23:57:58.322,1.03596,1.03639,2.85,1.50
2011.06.09 23:57:58.429,1.03601,1.03639,2.10,1.50
2011.06.09 23:57:58.648,1.03601,1.03647,2.10,1.50
2011.06.09 23:58:00.779,1.03594,1.03647,1.35,1.50
2011.06.09 23:58:00.999,1.03594,1.03639,1.35,1.50
2011.06.09 23:58:04.813,1.03594,1.03636,1.35,1.50
2011.06.09 23:58:17.856,1.03594,1.03635,1.35,1.50
2011.06.09 23:58:21.043,1.03594,1.03633,1.35,1.50
2011.06.09 23:58:21.591,1.03597,1.03635,1.50,1.50
2011.06.09 23:58:23.051,1.03594,1.03634,1.35,1.50
2011.06.09 23:58:26.281,1.03594,1.03636,1.35,1.50
2011.06.09 23:58:26.390,1.03594,1.03636,1.35,1.50
2011.06.09 23:58:29.380,1.03596,1.03637,1.50,1.28
2011.06.09 23:58:29.930,1.03596,1.03637,1.50,2.03
2011.06.09 23:58:30.910,1.03596,1.03637,1.50,1.28
2011.06.09 23:58:31.150,1.03596,1.03637,1.50,1.28
2011.06.09 23:58:31.909,1.03596,1.03637,1.50,1.28
2011.06.09 23:58:32.170,1.03606,1.03637,1.35,1.28
2011.06.09 23:58:32.831,1.03607,1.03637,1.35,1.28
2011.06.09 23:58:33.701,1.03597,1.03637,1.35,1.28
2011.06.09 23:58:33.921,1.03596,1.03636,1.35,1.50
2011.06.09 23:58:36.881,1.03596,1.03636,1.35,1.50
2011.06.09 23:58:38.521,1.036,1.03636,2.10,1.50
2011.06.09 23:58:38.740,1.036,1.03638,2.10,1.28
2011.06.09 23:58:41.367,1.036,1.03644,2.10,1.50
2011.06.09 23:58:42.138,1.036,1.03644,2.10,2.03
2011.06.09 23:58:43.460,1.03601,1.03644,1.35,2.03
2011.06.09 23:58:44.171,1.03601,1.03644,1.35,2.03
2011.06.09 23:58:45.050,1.036,1.03644,2.10,2.03
2011.06.09 23:58:45.160,1.03605,1.03644,1.35,2.03
2011.06.09 23:58:45.670,1.03607,1.03644,1.35,2.03
2011.06.09 23:58:46.878,1.03607,1.03644,1.35,2.03
2011.06.09 23:58:47.300,1.03607,1.03647,1.35,1.28
2011.06.09 23:58:47.970,1.03607,1.03651,1.35,1.50
2011.06.09 23:58:50.180,1.03614,1.03653,2.10,1.50
2011.06.09 23:58:50.401,1.0361,1.03656,2.10,2.10
2011.06.09 23:58:51.878,1.0361,1.03656,2.10,2.10
2011.06.09 23:58:52.913,1.0361,1.03656,2.10,2.10
2011.06.09 23:58:59.091,1.0361,1.03648,2.10,1.50
2011.06.09 23:59:00.110,1.0361,1.03646,2.10,1.50
2011.06.09 23:59:01.671,1.0361,1.03649,2.10,1.50
2011.06.09 23:59:01.891,1.0361,1.03652,2.10,1.50
2011.06.09 23:59:02.220,1.03626,1.03657,2.10,1.50
2011.06.09 23:59:02.331,1.03626,1.03659,2.10,1.50
2011.06.09 23:59:02.443,1.03622,1.03661,1.35,1.50
2011.06.09 23:59:02.661,1.03623,1.03664,1.35,2.25
2011.06.09 23:59:03.491,1.03627,1.03664,2.10,1.50
2011.06.09 23:59:03.904,1.03627,1.03666,2.10,1.50
2011.06.09 23:59:04.131,1.03627,1.03666,2.10,1.50
2011.06.09 23:59:05.950,1.03627,1.03667,2.10,1.50
2011.06.09 23:59:06.170,1.03626,1.03667,1.35,1.50
2011.06.09 23:59:06.282,1.03626,1.03672,1.35,1.50
2011.06.09 23:59:06.721,1.03625,1.03679,1.35,1.50
2011.06.09 23:59:07.273,1.03626,1.03674,1.35,1.50
2011.06.09 23:59:08.245,1.03626,1.03671,1.35,1.50
2011.06.09 23:59:09.911,1.03627,1.03671,1.35,1.50
2011.06.09 23:59:10.901,1.03629,1.03673,1.35,1.50
2011.06.09 23:59:11.231,1.03627,1.03676,1.35,1.50
2011.06.09 23:59:11.449,1.03629,1.03676,1.35,1.50
2011.06.09 23:59:11.670,1.03629,1.03678,1.35,1.50
2011.06.09 23:59:12.002,1.03637,1.03678,1.35,1.50
2011.06.09 23:59:12.110,1.03637,1.03681,1.35,1.50
2011.06.09 23:59:12.660,1.03637,1.03678,1.35,1.50
2011.06.09 23:59:14.321,1.03637,1.03684,1.35,1.50
2011.06.09 23:59:15.200,1.03636,1.03684,1.35,1.50
2011.06.09 23:59:18.601,1.03637,1.03683,1.35,1.50
2011.06.09 23:59:19.170,1.03638,1.03685,1.35,1.50
2011.06.09 23:59:19.280,1.03638,1.03682,1.35,1.50
2011.06.09 23:59:19.611,1.03638,1.03678,1.35,1.50
2011.06.09 23:59:19.830,1.0363,1.03678,2.10,1.50
2011.06.09 23:59:20.253,1.0363,1.03683,1.35,1.50
2011.06.09 23:59:20.363,1.0363,1.03678,1.35,1.50
2011.06.09 23:59:21.881,1.0363,1.03679,1.35,1.50
2011.06.09 23:59:23.720,1.03626,1.03674,1.50,1.50
2011.06.09 23:59:24.913,1.03626,1.03674,1.50,2.25
2011.06.09 23:59:25.579,1.03626,1.03674,1.50,2.25
2011.06.09 23:59:26.127,1.03626,1.03674,1.50,2.25
2011.06.09 23:59:26.890,1.03626,1.03674,1.50,2.25
2011.06.09 23:59:27.949,1.03626,1.03674,1.50,2.25
2011.06.09 23:59:28.813,1.03626,1.03674,1.50,2.25
2011.06.09 23:59:28.913,1.0363,1.03674,1.35,1.50
2011.06.09 23:59:29.763,1.0363,1.03674,1.35,1.50
2011.06.09 23:59:31.620,1.0363,1.03674,1.35,1.50
2011.06.09 23:59:32.900,1.03632,1.03673,1.50,1.50
2011.06.09 23:59:33.270,1.0363,1.03671,1.35,1.50
2011.06.09 23:59:33.380,1.03632,1.03673,1.50,1.50
2011.06.09 23:59:33.601,1.03629,1.03674,1.35,1.50
2011.06.09 23:59:34.171,1.03626,1.03675,1.35,1.50
2011.06.09 23:59:34.610,1.03621,1.0367,1.50,1.50
2011.06.09 23:59:34.720,1.03621,1.0367,1.50,1.50
2011.06.09 23:59:34.830,1.03621,1.0367,1.50,1.50
2011.06.09 23:59:35.305,1.03617,1.0367,1.50,1.50
2011.06.09 23:59:36.254,1.03617,1.0367,1.50,1.50
2011.06.09 23:59:36.700,1.03627,1.0367,1.35,1.50
2011.06.09 23:59:37.031,1.03652,1.03688,2.10,1.50
2011.06.09 23:59:37.142,1.03645,1.03693,1.35,2.25
2011.06.09 23:59:37.471,1.03645,1.03694,1.35,1.50
2011.06.09 23:59:37.581,1.03645,1.03694,1.35,1.50
2011.06.09 23:59:38.619,1.03645,1.03694,1.35,1.50
2011.06.09 23:59:39.870,1.03645,1.03693,1.35,1.50
2011.06.09 23:59:40.092,1.03645,1.03692,1.35,1.50
2011.06.09 23:59:40.420,1.03646,1.03698,1.50,1.50
2011.06.09 23:59:40.530,1.03646,1.03698,1.50,1.50
2011.06.09 23:59:40.970,1.03645,1.03692,1.35,1.50
2011.06.09 23:59:41.941,1.03645,1.03694,1.35,1.50
2011.06.09 23:59:42.055,1.03645,1.03694,1.35,1.50
2011.06.09 23:59:42.711,1.03645,1.03694,1.35,1.50
2011.06.09 23:59:43.430,1.03642,1.03693,1.35,1.50
2011.06.09 23:59:44.074,1.03645,1.03693,1.35,1.50
2011.06.09 23:59:44.181,1.03645,1.03696,1.35,1.50
2011.06.09 23:59:44.292,1.03658,1.03698,1.35,1.50
2011.06.09 23:59:44.841,1.03653,1.03698,2.10,1.50
2011.06.09 23:59:45.630,1.03653,1.03698,2.10,1.50
2011.06.09 23:59:46.440,1.03658,1.03699,1.35,1.50
2011.06.09 23:59:46.880,1.03652,1.03703,1.50,1.50
2011.06.09 23:59:47.401,1.03651,1.03698,1.35,1.50
2011.06.09 23:59:48.010,1.03651,1.03704,1.50,1.50
2011.06.09 23:59:48.340,1.03642,1.03697,1.50,2.10
2011.06.09 23:59:48.560,1.03641,1.03697,1.35,2.10
2011.06.09 23:59:49.110,1.03641,1.03697,1.35,2.10
2011.06.09 23:59:50.270,1.03641,1.03693,1.35,1.50
2011.06.09 23:59:50.821,1.03638,1.03694,1.35,1.50
2011.06.09 23:59:51.493,1.03638,1.03694,1.35,1.50
2011.06.09 23:59:51.711,1.03638,1.03694,1.35,1.50
2011.06.09 23:59:51.822,1.03645,1.03694,1.35,1.50
2011.06.09 23:59:52.349,1.03645,1.03694,1.35,1.50
2011.06.09 23:59:52.460,1.03648,1.03699,1.13,1.50
2011.06.09 23:59:52.681,1.0365,1.03704,1.13,1.50
2011.06.09 23:59:52.792,1.03645,1.03698,1.73,1.50
2011.06.09 23:59:53.121,1.03641,1.03697,1.88,1.50
2011.06.09 23:59:54.330,1.03646,1.03697,1.50,1.50
2011.06.09 23:59:55.022,1.03646,1.03696,1.50,1.50
2011.06.09 23:59:55.239,1.03647,1.03698,1.50,1.50
2011.06.09 23:59:55.350,1.03647,1.03699,1.50,1.35
2011.06.09 23:59:55.571,1.03655,1.03701,1.35,1.50
2011.06.09 23:59:57.591,1.03659,1.03703,1.49,1.50
2011.06.09 23:59:57.702,1.03693,1.03708,1.35,1.50
2011.06.09 23:59:57.811,1.03699,1.03748,1.35,1.50
2011.06.09 23:59:57.920,1.03696,1.03739,1.73,1.50
2011.06.09 23:59:58.690,1.0369,1.03739,1.35,1.50
2011.06.09 23:59:58.800,1.03688,1.0374,2.10,1.50
2011.06.09 23:59:59.131,1.0369,1.03739,1.35,1.50
2011.06.09 23:59:59.240,1.0369,1.03739,1.35,1.50
