2011.03.29 23:00:00.590,1.00246,1.00304,1.05,1.43
2011.03.29 23:00:00.701,1.00242,1.00301,1.05,1.43
2011.03.29 23:00:01.471,1.0024,1.00301,1.28,1.20
2011.03.29 23:00:01.817,1.0024,1.00301,1.28,1.20
2011.03.29 23:00:05.171,1.00242,1.00301,1.05,1.43
2011.03.29 23:00:06.603,1.00242,1.00298,1.05,1.05
2011.03.29 23:00:08.004,1.00241,1.00294,1.05,1.05
2011.03.29 23:00:13.168,1.00237,1.00292,1.05,1.05
2011.03.29 23:00:21.859,1.00242,1.00293,1.05,1.05
2011.03.29 23:00:25.483,1.00243,1.00293,1.13,1.05
2011.03.29 23:00:25.592,1.00246,1.00301,1.13,1.20
2011.03.29 23:00:25.701,1.00246,1.00301,1.13,1.05
2011.03.29 23:00:25.812,1.00241,1.00302,1.28,2.55
2011.03.29 23:00:27.051,1.00242,1.00301,1.05,1.20
2011.03.29 23:00:34.651,1.00241,1.00301,1.28,1.95
2011.03.29 23:00:34.872,1.00246,1.00301,1.13,1.95
2011.03.29 23:00:35.647,1.00246,1.00301,1.28,1.80
2011.03.29 23:00:35.872,1.00242,1.00301,1.05,1.05
2011.03.29 23:00:36.676,1.00242,1.00298,1.05,1.20
2011.03.29 23:00:39.873,1.00242,1.00302,1.05,2.55
2011.03.29 23:00:40.092,1.00246,1.00301,1.28,1.05
2011.03.29 23:00:49.171,1.00246,1.00299,1.28,1.05
2011.03.29 23:00:49.392,1.00237,1.00293,1.05,1.05
2011.03.29 23:00:51.990,1.00236,1.00293,1.05,1.05
2011.03.29 23:00:54.733,1.0024,1.00294,1.28,1.05
2011.03.29 23:00:55.957,1.00242,1.00297,1.05,1.05
2011.03.29 23:01:19.070,1.00241,1.00301,1.05,1.05
2011.03.29 23:01:19.182,1.00245,1.00302,1.28,1.05
2011.03.29 23:01:21.681,1.00241,1.00302,1.43,1.05
2011.03.29 23:01:23.111,1.00242,1.00301,1.05,1.20
2011.03.29 23:01:23.942,1.00241,1.00301,1.05,1.43
2011.03.29 23:01:24.365,1.00237,1.00293,1.05,1.05
2011.03.29 23:01:24.835,1.00242,1.00298,1.05,1.05
2011.03.29 23:01:26.411,1.00241,1.00294,1.05,1.05
2011.03.29 23:01:27.182,1.00241,1.00298,1.28,1.05
2011.03.29 23:01:27.402,1.00241,1.00299,1.28,1.05
2011.03.29 23:01:27.512,1.00243,1.00299,1.13,1.05
2011.03.29 23:01:27.842,1.00245,1.00302,1.13,1.05
2011.03.29 23:01:28.681,1.00245,1.00302,1.13,1.20
2011.03.29 23:01:29.571,1.00245,1.00302,1.28,1.05
2011.03.29 23:01:29.983,1.00241,1.00301,1.05,1.05
2011.03.29 23:01:30.703,1.00237,1.00301,1.05,1.58
2011.03.29 23:01:30.811,1.00237,1.00293,1.05,1.05
2011.03.29 23:01:32.992,1.00237,1.00292,1.05,1.05
2011.03.29 23:01:33.673,1.0024,1.00297,1.28,1.05
2011.03.29 23:01:34.111,1.0024,1.00298,1.28,1.20
2011.03.29 23:01:34.997,1.00242,1.00298,1.05,1.20
2011.03.29 23:01:36.853,1.0024,1.00301,1.28,1.20
2011.03.29 23:01:37.181,1.00236,1.00294,1.05,1.05
2011.03.29 23:01:37.956,1.00236,1.00293,1.05,1.05
2011.03.29 23:01:40.253,1.00237,1.00293,1.05,1.05
2011.03.29 23:01:41.389,1.00232,1.00292,1.05,1.20
2011.03.29 23:01:45.421,1.00236,1.00292,1.28,1.05
2011.03.29 23:01:45.532,1.00236,1.00292,1.28,1.05
2011.03.29 23:02:05.638,1.00237,1.00293,1.05,1.20
2011.03.29 23:02:11.761,1.00237,1.0029,1.05,1.05
2011.03.29 23:02:14.062,1.00237,1.00291,1.05,1.05
2011.03.29 23:02:42.386,1.00237,1.00292,1.05,1.05
2011.03.29 23:02:45.102,1.00237,1.00293,1.05,1.05
2011.03.29 23:02:45.540,1.00241,1.00299,1.28,1.20
2011.03.29 23:02:45.652,1.00242,1.00299,1.05,1.05
2011.03.29 23:02:47.083,1.00241,1.00299,1.28,1.20
2011.03.29 23:02:48.071,1.00241,1.00299,1.43,1.20
2011.03.29 23:02:50.201,1.00241,1.00302,1.43,1.20
2011.03.29 23:02:50.851,1.00241,1.00301,1.43,1.20
2011.03.29 23:02:53.747,1.00241,1.00301,1.43,1.20
2011.03.29 23:02:55.252,1.00246,1.00301,1.13,1.20
2011.03.29 23:02:55.472,1.00246,1.00301,1.28,1.05
2011.03.29 23:02:55.693,1.00246,1.00302,1.13,1.20
2011.03.29 23:02:55.800,1.00246,1.00302,1.28,1.05
2011.03.29 23:02:58.043,1.00246,1.00302,1.43,1.05
2011.03.29 23:03:03.192,1.00254,1.00309,1.28,1.05
2011.03.29 23:03:03.302,1.00254,1.00312,1.28,1.80
2011.03.29 23:03:03.633,1.00254,1.00311,1.28,1.05
2011.03.29 23:03:03.742,1.00254,1.00312,1.28,1.05
2011.03.29 23:03:04.340,1.00254,1.00312,1.28,1.05
2011.03.29 23:03:08.093,1.00257,1.00313,1.05,1.05
2011.03.29 23:03:08.644,1.00259,1.0032,1.28,1.20
2011.03.29 23:03:10.131,1.00257,1.00317,1.05,1.05
2011.03.29 23:03:11.058,1.00257,1.00317,1.05,1.20
2011.03.29 23:03:11.452,1.00256,1.00316,1.05,1.05
2011.03.29 23:03:12.452,1.00265,1.0032,1.13,1.20
2011.03.29 23:03:12.672,1.00265,1.00321,1.13,1.95
2011.03.29 23:03:14.026,1.00265,1.00321,1.28,1.95
2011.03.29 23:03:14.908,1.00265,1.00321,1.28,1.80
2011.03.29 23:03:16.997,1.00264,1.00325,1.28,1.35
2011.03.29 23:03:18.022,1.00267,1.00325,1.05,1.20
2011.03.29 23:03:22.222,1.00264,1.00325,1.28,1.35
2011.03.29 23:03:22.444,1.00259,1.00322,1.28,1.05
2011.03.29 23:03:22.552,1.00262,1.00323,1.05,1.05
2011.03.29 23:03:22.662,1.00262,1.00323,1.05,1.05
2011.03.29 23:03:22.773,1.00259,1.00319,1.28,1.05
2011.03.29 23:03:23.078,1.00259,1.00319,1.28,1.05
2011.03.29 23:03:23.673,1.00259,1.00318,1.28,1.05
2011.03.29 23:03:24.142,1.00259,1.00316,1.28,1.05
2011.03.29 23:03:24.987,1.00259,1.00316,1.28,1.20
2011.03.29 23:03:28.012,1.00256,1.00314,1.05,1.05
2011.03.29 23:03:29.057,1.00256,1.00311,1.05,1.05
2011.03.29 23:03:31.922,1.00259,1.00316,1.28,1.05
2011.03.29 23:03:33.052,1.00262,1.00316,1.05,1.05
2011.03.29 23:03:33.380,1.00259,1.00316,1.28,1.20
2011.03.29 23:03:33.646,1.00261,1.00316,1.05,1.05
2011.03.29 23:03:33.944,1.00259,1.00316,1.28,1.20
2011.03.29 23:03:34.468,1.00259,1.00316,1.28,1.20
2011.03.29 23:03:36.145,1.00262,1.00316,1.05,1.05
2011.03.29 23:03:45.838,1.00259,1.00316,1.13,1.20
2011.03.29 23:03:46.393,1.00257,1.00313,1.05,1.05
2011.03.29 23:03:46.613,1.00252,1.00313,1.20,1.05
2011.03.29 23:03:48.082,1.00252,1.00313,1.05,1.05
2011.03.29 23:03:48.588,1.00252,1.00308,1.05,1.05
2011.03.29 23:03:52.107,1.0025,1.0031,1.50,1.20
2011.03.29 23:03:53.952,1.0025,1.0031,1.50,1.20
2011.03.29 23:03:54.063,1.00251,1.0031,1.05,1.20
2011.03.29 23:03:55.483,1.00247,1.00303,1.05,1.05
2011.03.29 23:03:56.942,1.00251,1.00317,1.43,1.20
2011.03.29 23:04:02.184,1.00254,1.00316,1.13,1.35
2011.03.29 23:04:06.631,1.00251,1.00317,1.43,1.20
2011.03.29 23:04:07.232,1.00251,1.00317,1.05,1.58
2011.03.29 23:04:07.455,1.00255,1.00313,1.05,1.05
2011.03.29 23:04:07.781,1.00252,1.00312,1.05,1.05
2011.03.29 23:04:08.362,1.00252,1.00313,1.05,1.05
2011.03.29 23:04:08.581,1.00252,1.00308,1.05,1.28
2011.03.29 23:04:10.963,1.00251,1.00308,1.05,1.28
2011.03.29 23:04:15.103,1.00251,1.00304,1.05,1.05
2011.03.29 23:04:22.723,1.0025,1.00301,1.28,1.05
2011.03.29 23:04:22.832,1.0025,1.00304,1.28,1.05
2011.03.29 23:04:24.041,1.0025,1.00309,1.28,1.20
2011.03.29 23:04:24.461,1.00252,1.00311,1.05,1.20
2011.03.29 23:04:34.684,1.00254,1.00311,1.05,1.05
2011.03.29 23:04:41.014,1.00255,1.00311,1.28,1.05
2011.03.29 23:04:41.122,1.00255,1.0031,1.28,1.05
2011.03.29 23:04:51.165,1.00252,1.00308,1.05,1.05
2011.03.29 23:04:51.706,1.00256,1.00312,1.28,1.05
2011.03.29 23:04:51.813,1.00256,1.00314,1.28,1.05
2011.03.29 23:04:51.924,1.00259,1.00316,1.13,1.05
2011.03.29 23:04:52.033,1.00262,1.00317,1.05,1.65
2011.03.29 23:04:52.252,1.00262,1.00317,1.05,1.65
2011.03.29 23:04:52.473,1.00265,1.00317,1.13,1.65
2011.03.29 23:04:54.502,1.00262,1.00321,1.05,1.05
2011.03.29 23:04:56.053,1.00261,1.00321,1.05,1.20
2011.03.29 23:04:57.832,1.00261,1.0032,1.05,1.20
2011.03.29 23:05:02.528,1.00261,1.0032,1.05,1.20
2011.03.29 23:05:02.643,1.00267,1.00324,1.28,1.05
2011.03.29 23:05:02.754,1.00269,1.00326,1.28,1.05
2011.03.29 23:05:02.862,1.00269,1.00328,1.28,1.80
2011.03.29 23:05:03.313,1.00274,1.0033,1.13,1.05
2011.03.29 23:05:04.112,1.00274,1.0033,1.28,1.05
2011.03.29 23:05:05.094,1.00277,1.0033,1.05,1.05
2011.03.29 23:05:06.682,1.00274,1.0033,1.28,1.20
2011.03.29 23:05:06.903,1.00279,1.00335,1.13,1.20
2011.03.29 23:05:07.013,1.00276,1.00335,1.05,1.05
2011.03.29 23:05:08.042,1.00277,1.00331,1.05,1.05
2011.03.29 23:05:08.952,1.00279,1.00331,1.13,1.05
2011.03.29 23:05:09.172,1.00279,1.00336,1.28,1.05
2011.03.29 23:05:10.742,1.00278,1.00331,1.13,1.05
2011.03.29 23:05:11.985,1.00278,1.00335,1.28,1.20
2011.03.29 23:05:17.682,1.00273,1.00335,1.28,1.20
2011.03.29 23:05:19.141,1.00273,1.0033,1.28,1.20
2011.03.29 23:05:19.939,1.00273,1.00331,1.28,1.20
2011.03.29 23:05:20.055,1.00271,1.00331,1.05,1.05
2011.03.29 23:05:20.162,1.0027,1.00331,1.28,1.20
2011.03.29 23:05:20.382,1.0027,1.00331,1.28,1.20
2011.03.29 23:05:21.005,1.0027,1.0033,1.28,1.35
2011.03.29 23:05:28.582,1.0027,1.00331,1.28,1.35
2011.03.29 23:05:31.432,1.00271,1.00331,1.05,1.05
2011.03.29 23:05:31.872,1.00271,1.00329,1.05,1.43
2011.03.29 23:05:33.022,1.00271,1.00324,1.05,1.05
2011.03.29 23:05:41.663,1.0027,1.00323,1.28,1.05
2011.03.29 23:05:42.213,1.00271,1.00329,1.05,1.43
2011.03.29 23:05:42.323,1.00271,1.00329,1.05,1.43
2011.03.29 23:05:42.543,1.00269,1.00328,1.28,1.20
2011.03.29 23:05:44.102,1.00272,1.00328,1.05,1.20
2011.03.29 23:05:44.215,1.00271,1.00329,1.05,1.05
2011.03.29 23:05:46.045,1.00271,1.00324,1.05,1.05
2011.03.29 23:05:50.125,1.00266,1.00321,1.05,1.05
2011.03.29 23:05:51.004,1.00262,1.00321,1.05,1.05
2011.03.29 23:05:51.222,1.00262,1.00321,1.05,1.05
2011.03.29 23:05:51.994,1.00267,1.00323,1.05,1.43
2011.03.29 23:05:52.986,1.00262,1.00318,1.20,1.05
2011.03.29 23:06:11.362,1.00262,1.00318,1.05,1.05
2011.03.29 23:06:11.913,1.00261,1.00318,1.05,1.43
2011.03.29 23:06:14.028,1.00261,1.00314,1.05,1.05
2011.03.29 23:06:15.773,1.00256,1.00314,1.05,1.43
2011.03.29 23:06:17.085,1.00256,1.00311,1.05,1.05
2011.03.29 23:06:17.964,1.00256,1.00313,1.20,1.05
2011.03.29 23:06:20.605,1.00256,1.00311,1.05,1.05
2011.03.29 23:06:32.605,1.00251,1.00309,1.05,1.05
2011.03.29 23:06:32.713,1.00251,1.00309,1.05,1.43
2011.03.29 23:06:34.044,1.00251,1.00304,1.05,1.05
2011.03.29 23:06:44.313,1.00246,1.00302,1.05,1.05
2011.03.29 23:06:50.084,1.00247,1.00303,1.05,1.05
2011.03.29 23:06:50.524,1.00251,1.00309,1.05,1.43
2011.03.29 23:06:50.633,1.00251,1.00309,1.05,1.43
2011.03.29 23:06:51.961,1.00251,1.00303,1.05,1.05
2011.03.29 23:07:01.723,1.0025,1.00306,1.28,1.05
2011.03.29 23:07:02.962,1.00251,1.00306,1.05,1.05
2011.03.29 23:08:03.488,1.0025,1.00311,1.13,1.50
2011.03.29 23:08:03.592,1.0025,1.00312,1.13,2.25
2011.03.29 23:08:15.360,1.00244,1.00311,1.13,1.13
2011.03.29 23:08:15.693,1.00251,1.00308,1.05,1.05
2011.03.29 23:08:16.961,1.00251,1.00303,1.05,1.05
2011.03.29 23:08:30.954,1.00249,1.00306,1.28,1.05
2011.03.29 23:08:31.983,1.00252,1.00306,1.05,1.05
2011.03.29 23:08:37.043,1.00251,1.00309,1.05,1.43
2011.03.29 23:08:37.152,1.00251,1.00309,1.05,1.43
2011.03.29 23:08:38.025,1.00251,1.00303,1.05,1.05
2011.03.29 23:09:38.678,1.00244,1.00309,1.13,1.13
2011.03.29 23:09:55.664,1.00239,1.00299,1.50,1.13
2011.03.29 23:09:55.995,1.00241,1.00301,1.05,2.40
2011.03.29 23:09:56.104,1.00241,1.00301,1.05,1.65
2011.03.29 23:09:56.215,1.00243,1.003,1.05,1.28
2011.03.29 23:09:56.544,1.00241,1.00301,1.05,1.80
2011.03.29 23:09:58.084,1.00242,1.00301,1.05,1.80
2011.03.29 23:10:07.434,1.00242,1.003,1.05,1.05
2011.03.29 23:10:07.655,1.00247,1.00301,1.05,1.65
2011.03.29 23:10:09.045,1.00244,1.003,1.05,1.05
2011.03.29 23:10:17.163,1.00242,1.00298,1.20,1.43
2011.03.29 23:10:17.275,1.00242,1.00298,1.05,1.43
2011.03.29 23:10:19.063,1.00241,1.00294,1.05,1.05
2011.03.29 23:10:21.929,1.00236,1.00294,1.05,1.05
2011.03.29 23:10:22.504,1.00239,1.00296,1.28,1.05
2011.03.29 23:10:23.033,1.00241,1.00296,1.05,1.05
2011.03.29 23:10:36.174,1.00244,1.00298,1.28,1.05
2011.03.29 23:10:37.406,1.00247,1.00308,1.05,1.20
2011.03.29 23:10:38.994,1.00247,1.00302,1.05,1.05
2011.03.29 23:10:39.936,1.00241,1.00302,1.05,1.05
2011.03.29 23:10:40.044,1.00241,1.00301,1.05,1.05
2011.03.29 23:10:40.264,1.00241,1.00298,1.05,1.28
2011.03.29 23:10:40.813,1.00241,1.00298,1.05,1.28
2011.03.29 23:10:43.155,1.00242,1.00293,1.05,1.05
2011.03.29 23:10:45.654,1.00243,1.00302,1.28,2.40
2011.03.29 23:10:45.764,1.00243,1.00302,1.28,1.65
2011.03.29 23:10:46.205,1.00246,1.00304,1.05,1.28
2011.03.29 23:10:48.034,1.00247,1.00303,1.05,1.05
2011.03.29 23:10:48.364,1.00242,1.00298,1.05,1.43
2011.03.29 23:10:49.031,1.00242,1.00301,1.05,1.80
2011.03.29 23:10:49.534,1.00242,1.00301,1.05,1.80
2011.03.29 23:10:50.033,1.00245,1.00301,1.05,1.80
2011.03.29 23:10:51.696,1.00242,1.00301,1.05,1.95
2011.03.29 23:10:52.405,1.00232,1.0029,4.50,1.28
2011.03.29 23:10:52.624,1.00231,1.0029,1.05,1.28
2011.03.29 23:10:52.955,1.00227,1.00289,3.30,1.28
2011.03.29 23:10:53.065,1.00227,1.00289,1.05,1.28
2011.03.29 23:10:54.536,1.00231,1.00289,1.05,1.43
2011.03.29 23:10:55.714,1.0023,1.00288,1.28,1.05
2011.03.29 23:11:04.675,1.00236,1.00291,1.05,1.65
2011.03.29 23:11:04.895,1.00237,1.00292,1.05,2.40
2011.03.29 23:11:05.115,1.0024,1.00292,1.28,2.40
2011.03.29 23:11:05.225,1.0024,1.00292,1.28,2.25
2011.03.29 23:11:05.773,1.00236,1.00299,1.43,1.43
2011.03.29 23:11:08.002,1.00242,1.00293,1.05,1.05
2011.03.29 23:11:13.214,1.00241,1.00299,1.05,1.05
2011.03.29 23:11:13.445,1.00246,1.00299,1.13,1.20
2011.03.29 23:11:13.774,1.00246,1.00298,1.13,1.05
2011.03.29 23:11:14.104,1.00246,1.00301,1.13,1.20
2011.03.29 23:11:15.054,1.00246,1.00301,1.28,1.05
2011.03.29 23:11:15.519,1.00246,1.00301,1.28,1.05
2011.03.29 23:11:15.978,1.00247,1.00302,1.05,2.40
2011.03.29 23:11:16.195,1.00242,1.00299,1.05,1.28
2011.03.29 23:11:16.414,1.00242,1.00299,1.05,1.28
2011.03.29 23:11:18.034,1.00241,1.00299,1.05,1.43
2011.03.29 23:11:19.023,1.00241,1.00294,1.05,1.05
2011.03.29 23:11:19.575,1.00241,1.00301,1.05,1.05
2011.03.29 23:11:21.002,1.00241,1.00302,1.50,1.05
2011.03.29 23:11:21.989,1.00242,1.00302,1.05,1.05
2011.03.29 23:11:26.959,1.00242,1.00302,1.05,1.05
2011.03.29 23:11:42.403,1.00246,1.00299,1.28,1.20
2011.03.29 23:11:42.513,1.00246,1.00299,1.28,1.05
2011.03.29 23:11:44.033,1.00246,1.00299,1.43,1.05
2011.03.29 23:11:44.622,1.00246,1.00304,1.43,1.05
2011.03.29 23:11:45.217,1.00242,1.00304,1.05,1.05
2011.03.29 23:11:46.051,1.00242,1.00302,1.05,1.05
2011.03.29 23:11:47.214,1.00245,1.00301,1.28,1.05
2011.03.29 23:11:48.474,1.00244,1.00304,1.05,1.05
2011.03.29 23:11:48.694,1.00245,1.00302,1.28,1.05
2011.03.29 23:11:49.024,1.00246,1.00302,1.28,1.05
2011.03.29 23:11:50.163,1.00246,1.00303,1.28,1.05
2011.03.29 23:11:51.590,1.00251,1.00309,1.05,1.05
2011.03.29 23:11:57.964,1.00258,1.00314,1.35,1.65
2011.03.29 23:11:58.403,1.00261,1.00314,1.13,1.65
2011.03.29 23:12:01.049,1.00261,1.00314,1.28,1.50
2011.03.29 23:12:01.274,1.00261,1.00314,1.05,1.50
2011.03.29 23:12:01.383,1.00258,1.00314,1.50,1.65
2011.03.29 23:12:01.603,1.00262,1.00314,1.05,1.50
2011.03.29 23:12:03.032,1.00258,1.00313,1.50,1.05
2011.03.29 23:12:06.514,1.00261,1.00314,1.05,1.50
2011.03.29 23:12:07.976,1.0026,1.00314,1.28,1.65
2011.03.29 23:12:08.967,1.00262,1.00313,1.05,1.05
2011.03.29 23:12:11.830,1.00261,1.00314,1.05,1.50
2011.03.29 23:12:12.274,1.00267,1.00316,1.35,1.65
2011.03.29 23:12:12.493,1.00267,1.00316,1.35,2.40
2011.03.29 23:12:12.603,1.00262,1.00316,3.00,1.65
2011.03.29 23:12:13.063,1.00252,1.00313,3.15,1.50
2011.03.29 23:12:13.173,1.00253,1.00311,1.50,1.35
2011.03.29 23:12:18.060,1.00247,1.00308,1.05,1.05
2011.03.29 23:12:19.106,1.00252,1.00308,1.05,1.05
2011.03.29 23:12:20.503,1.00247,1.00303,1.05,1.05
2011.03.29 23:12:22.350,1.00252,1.00308,1.05,1.05
2011.03.29 23:12:23.999,1.00252,1.00303,1.05,1.05
2011.03.29 23:12:26.284,1.00245,1.00303,1.05,1.05
2011.03.29 23:12:26.947,1.00246,1.00308,1.58,1.05
2011.03.29 23:12:27.275,1.0025,1.00306,1.28,1.05
2011.03.29 23:12:27.823,1.0025,1.00308,1.28,1.20
2011.03.29 23:12:27.935,1.00252,1.00308,1.05,1.05
2011.03.29 23:12:28.154,1.00252,1.00308,1.05,1.05
2011.03.29 23:12:30.134,1.00252,1.00303,1.05,1.05
2011.03.29 23:12:31.923,1.00252,1.00309,1.05,1.20
2011.03.29 23:12:32.474,1.00251,1.00309,1.43,1.05
2011.03.29 23:12:34.021,1.00257,1.00312,1.05,1.05
2011.03.29 23:12:34.713,1.00251,1.00312,4.65,1.43
2011.03.29 23:12:34.934,1.00251,1.00305,1.05,1.28
2011.03.29 23:12:36.135,1.00251,1.00305,1.05,1.28
2011.03.29 23:12:37.000,1.00252,1.00303,1.05,1.05
2011.03.29 23:12:41.704,1.00252,1.00301,1.05,1.13
2011.03.29 23:12:41.924,1.00241,1.00302,1.05,1.28
2011.03.29 23:12:42.143,1.00241,1.00295,1.05,1.13
2011.03.29 23:12:42.693,1.00241,1.00295,1.05,1.13
2011.03.29 23:12:44.153,1.00241,1.00294,1.05,1.05
2011.03.29 23:12:47.350,1.00243,1.00295,1.05,1.28
2011.03.29 23:12:48.413,1.00241,1.00299,1.05,1.05
2011.03.29 23:12:48.523,1.00245,1.00299,1.28,1.05
2011.03.29 23:12:48.743,1.00246,1.00304,1.05,1.05
2011.03.29 23:12:50.981,1.00251,1.00304,1.05,1.05
2011.03.29 23:13:22.696,1.00246,1.00302,1.05,1.05
2011.03.29 23:13:25.996,1.00251,1.00304,1.05,1.05
2011.03.29 23:13:26.343,1.00246,1.00304,1.05,1.05
2011.03.29 23:13:27.992,1.00242,1.00302,1.05,1.05
2011.03.29 23:14:28.297,1.00241,1.00304,1.13,1.13
2011.03.29 23:14:42.704,1.00241,1.00304,1.13,1.13
2011.03.29 23:14:51.935,1.00241,1.00304,1.13,1.13
2011.03.29 23:15:43.353,1.00242,1.0031,1.13,1.13
2011.03.29 23:15:43.684,1.00245,1.00308,1.58,1.05
2011.03.29 23:15:44.013,1.00251,1.00309,1.28,1.05
2011.03.29 23:15:44.234,1.00251,1.00309,1.28,1.05
2011.03.29 23:15:44.784,1.00251,1.00311,1.28,1.05
2011.03.29 23:15:45.037,1.00251,1.00311,1.28,1.20
2011.03.29 23:15:46.146,1.00251,1.00311,1.43,1.20
2011.03.29 23:16:26.724,1.00255,1.00311,1.05,1.05
2011.03.29 23:16:37.116,1.00252,1.00311,1.05,1.20
2011.03.29 23:16:57.588,1.00255,1.00311,1.05,1.05
2011.03.29 23:17:06.833,1.00252,1.00311,1.05,1.20
2011.03.29 23:17:07.055,1.00254,1.00312,1.28,1.05
2011.03.29 23:17:07.385,1.00254,1.00311,1.28,1.05
2011.03.29 23:17:08.049,1.00257,1.00311,1.05,1.05
2011.03.29 23:17:32.945,1.00251,1.00311,1.43,1.05
2011.03.29 23:17:34.185,1.00251,1.00311,1.43,1.20
2011.03.29 23:17:35.767,1.00254,1.00311,1.28,1.05
2011.03.29 23:17:36.095,1.00254,1.00311,1.28,1.05
2011.03.29 23:17:36.995,1.00255,1.00311,1.05,1.05
2011.03.29 23:17:38.145,1.00257,1.00311,1.05,1.05
2011.03.29 23:17:48.647,1.00255,1.00312,1.05,1.05
2011.03.29 23:18:00.903,1.00257,1.00311,1.05,1.05
2011.03.29 23:18:01.416,1.00261,1.00314,1.05,1.05
2011.03.29 23:18:05.235,1.00259,1.00316,1.28,1.05
2011.03.29 23:18:05.785,1.00259,1.0032,1.28,1.20
2011.03.29 23:18:06.310,1.00259,1.0032,1.28,1.20
2011.03.29 23:18:07.024,1.00262,1.0032,1.05,1.20
2011.03.29 23:18:13.936,1.00261,1.0032,1.05,1.43
2011.03.29 23:18:14.045,1.00261,1.00318,1.05,1.28
2011.03.29 23:18:14.899,1.00256,1.00314,1.05,1.05
2011.03.29 23:18:15.994,1.00262,1.00319,1.05,1.20
2011.03.29 23:18:24.946,1.00262,1.00318,1.05,1.43
2011.03.29 23:18:25.385,1.00257,1.00313,1.05,1.05
2011.03.29 23:18:25.935,1.00259,1.00319,1.28,1.20
2011.03.29 23:18:26.860,1.00259,1.00319,1.28,1.20
2011.03.29 23:18:27.002,1.00262,1.00319,1.05,1.20
2011.03.29 23:18:43.436,1.00261,1.00319,1.05,1.43
2011.03.29 23:18:45.057,1.00259,1.00313,1.05,1.05
2011.03.29 23:18:51.106,1.00257,1.00311,1.05,1.05
2011.03.29 23:18:59.503,1.00259,1.00313,1.05,1.05
2011.03.29 23:19:00.383,1.00256,1.00314,1.05,1.05
2011.03.29 23:19:01.375,1.00259,1.0032,1.28,1.20
2011.03.29 23:19:02.044,1.00261,1.0032,1.05,1.20
2011.03.29 23:19:22.935,1.00259,1.00321,1.28,1.35
2011.03.29 23:19:30.081,1.00261,1.00321,1.05,1.20
2011.03.29 23:19:35.427,1.00262,1.00321,1.28,1.20
2011.03.29 23:19:35.537,1.00265,1.0032,1.13,1.20
2011.03.29 23:19:36.163,1.00265,1.00322,1.13,1.20
2011.03.29 23:19:44.476,1.00266,1.00322,1.05,1.05
2011.03.29 23:19:51.442,1.00265,1.00322,1.28,1.20
2011.03.29 23:19:51.555,1.00266,1.00322,1.05,1.05
2011.03.29 23:20:00.451,1.00265,1.00322,1.28,1.20
2011.03.29 23:20:04.111,1.00265,1.00321,1.28,1.20
2011.03.29 23:20:05.413,1.00267,1.00321,1.05,1.05
2011.03.29 23:20:06.695,1.00267,1.00321,1.05,1.05
2011.03.29 23:20:08.446,1.00265,1.00322,1.28,1.05
2011.03.29 23:20:08.995,1.00265,1.00322,1.28,1.05
2011.03.29 23:20:10.245,1.00266,1.00322,1.05,1.05
2011.03.29 23:20:28.086,1.00269,1.00323,1.28,1.05
2011.03.29 23:20:29.077,1.00272,1.00326,1.05,2.55
2011.03.29 23:20:29.855,1.00272,1.00331,1.05,1.20
2011.03.29 23:20:30.780,1.00264,1.00324,1.28,1.05
2011.03.29 23:20:31.218,1.00265,1.00329,1.13,4.20
2011.03.29 23:20:31.546,1.00269,1.00331,1.13,1.35
2011.03.29 23:20:31.656,1.00275,1.00331,1.13,1.20
2011.03.29 23:20:31.986,1.00275,1.00332,1.13,1.20
2011.03.29 23:20:32.966,1.00275,1.00332,1.13,1.20
2011.03.29 23:20:33.979,1.00275,1.00332,1.13,1.20
2011.03.29 23:20:35.678,1.00275,1.00332,1.28,1.05
2011.03.29 23:20:35.861,1.00275,1.00332,1.13,1.20
2011.03.29 23:20:38.960,1.00275,1.00332,1.28,1.20
2011.03.29 23:20:50.636,1.00277,1.00332,1.05,1.05
2011.03.29 23:20:54.456,1.00272,1.00332,1.05,1.05
2011.03.29 23:20:54.565,1.00272,1.00331,1.05,1.05
2011.03.29 23:20:54.676,1.00269,1.00331,1.28,1.20
2011.03.29 23:20:56.045,1.00269,1.00331,1.28,1.35
2011.03.29 23:20:57.032,1.00271,1.00331,1.05,1.20
2011.03.29 23:21:00.866,1.00271,1.00331,1.05,1.20
2011.03.29 23:21:10.486,1.00266,1.00324,1.05,1.05
2011.03.29 23:21:10.705,1.0027,1.00322,1.13,1.05
2011.03.29 23:21:10.927,1.00273,1.00329,1.13,1.20
2011.03.29 23:21:11.306,1.00274,1.00331,1.13,1.20
2011.03.29 23:21:25.087,1.00274,1.00331,1.28,1.05
2011.03.29 23:21:25.196,1.00279,1.00332,1.13,1.05
2011.03.29 23:21:30.095,1.00279,1.00332,1.28,1.05
2011.03.29 23:21:32.696,1.00274,1.00332,1.28,1.05
2011.03.29 23:21:33.026,1.00276,1.00334,1.05,1.05
2011.03.29 23:21:36.979,1.00274,1.00332,1.28,1.20
2011.03.29 23:21:37.970,1.00276,1.00332,1.05,1.05
2011.03.29 23:21:39.621,1.00276,1.00331,1.05,1.05
2011.03.29 23:21:42.046,1.00272,1.00331,1.05,1.05
2011.03.29 23:21:42.157,1.00272,1.00332,1.05,1.05
2011.03.29 23:21:44.105,1.00272,1.00331,1.05,1.20
2011.03.29 23:21:46.796,1.00275,1.00331,1.28,1.05
2011.03.29 23:21:47.992,1.00272,1.00332,1.05,1.20
2011.03.29 23:22:01.966,1.00266,1.00331,1.05,1.58
2011.03.29 23:22:02.646,1.00264,1.00323,1.28,1.05
2011.03.29 23:22:02.866,1.00263,1.00323,1.65,1.05
2011.03.29 23:22:04.067,1.00264,1.00323,1.05,1.05
2011.03.29 23:22:05.059,1.00264,1.00322,1.05,1.05
2011.03.29 23:22:06.986,1.00264,1.00323,1.20,1.05
2011.03.29 23:22:11.940,1.00264,1.00322,1.05,1.05
2011.03.29 23:22:12.159,1.00262,1.00323,1.58,1.05
2011.03.29 23:22:13.992,1.00271,1.00332,1.28,1.05
2011.03.29 23:22:14.982,1.00272,1.00332,1.05,1.05
2011.03.29 23:22:20.052,1.00274,1.00332,1.05,1.05
2011.03.29 23:22:24.915,1.00271,1.00332,1.43,1.05
2011.03.29 23:22:25.136,1.00271,1.00329,1.05,1.05
2011.03.29 23:22:25.355,1.00271,1.00331,1.43,1.05
2011.03.29 23:22:26.175,1.00271,1.0033,1.43,1.05
2011.03.29 23:22:27.528,1.00276,1.00334,1.05,1.05
2011.03.29 23:22:29.038,1.00275,1.00331,1.05,1.05
2011.03.29 23:22:46.386,1.00271,1.00334,1.05,1.05
2011.03.29 23:22:46.501,1.00271,1.00329,1.05,1.28
2011.03.29 23:22:46.948,1.00266,1.00329,1.28,1.28
2011.03.29 23:22:47.057,1.00263,1.00333,4.88,1.05
2011.03.29 23:22:47.275,1.0027,1.00333,1.13,1.05
2011.03.29 23:22:48.517,1.0027,1.00333,1.13,1.05
2011.03.29 23:22:49.262,1.0027,1.00333,1.13,1.35
2011.03.29 23:22:50.611,1.0027,1.00333,1.28,1.20
2011.03.29 23:22:51.897,1.0027,1.00333,1.13,1.20
2011.03.29 23:22:52.007,1.00272,1.00336,1.13,1.20
2011.03.29 23:22:52.886,1.00272,1.00336,1.13,1.05
2011.03.29 23:22:53.218,1.00275,1.00341,1.28,1.43
2011.03.29 23:22:53.326,1.00275,1.00341,1.28,1.43
2011.03.29 23:22:53.436,1.00275,1.00341,1.13,1.58
2011.03.29 23:22:53.545,1.00275,1.00341,1.13,1.58
2011.03.29 23:22:53.657,1.00275,1.00341,1.13,1.20
2011.03.29 23:22:54.544,1.00281,1.00342,1.13,1.20
2011.03.29 23:22:55.182,1.00281,1.00342,1.13,1.20
2011.03.29 23:22:56.622,1.00281,1.00342,1.13,1.20
2011.03.29 23:22:56.737,1.00274,1.00342,1.28,1.58
2011.03.29 23:22:58.065,1.00274,1.00342,1.28,3.98
2011.03.29 23:22:59.537,1.00267,1.00327,3.08,1.88
2011.03.29 23:22:59.648,1.00266,1.00324,1.05,1.13
2011.03.29 23:22:59.866,1.0027,1.00334,1.28,1.05
2011.03.29 23:23:00.965,1.00271,1.00332,1.05,1.13
2011.03.29 23:23:01.296,1.00271,1.00331,1.28,1.05
2011.03.29 23:23:02.306,1.00271,1.00333,1.28,1.05
2011.03.29 23:23:02.528,1.00272,1.00341,1.28,3.08
2011.03.29 23:23:02.855,1.00272,1.00326,1.05,1.13
2011.03.29 23:23:03.186,1.00271,1.00333,1.28,1.05
2011.03.29 23:23:03.968,1.00271,1.00331,1.28,1.05
2011.03.29 23:23:04.089,1.00271,1.00334,1.28,1.43
2011.03.29 23:23:04.196,1.00273,1.00334,1.13,1.05
2011.03.29 23:23:04.646,1.00272,1.00342,1.43,3.68
2011.03.29 23:23:04.756,1.00272,1.00326,1.05,1.13
2011.03.29 23:23:04.869,1.00267,1.00326,1.05,1.88
2011.03.29 23:23:04.977,1.00267,1.00323,1.05,1.13
2011.03.29 23:23:05.196,1.0027,1.00333,1.28,1.05
2011.03.29 23:23:06.050,1.0027,1.00332,1.28,1.05
2011.03.29 23:23:06.395,1.00272,1.00335,1.05,1.28
2011.03.29 23:23:06.505,1.00272,1.00332,1.05,1.13
2011.03.29 23:23:06.834,1.00272,1.00323,1.05,1.13
2011.03.29 23:23:09.017,1.00271,1.00323,1.05,1.13
2011.03.29 23:23:10.010,1.00266,1.00323,1.05,1.13
2011.03.29 23:23:13.036,1.00272,1.00323,1.05,1.28
2011.03.29 23:23:13.269,1.00267,1.00323,1.05,1.43
2011.03.29 23:23:13.815,1.00266,1.00327,1.05,2.40
2011.03.29 23:23:14.284,1.00266,1.00327,1.05,2.40
2011.03.29 23:23:15.006,1.00266,1.00324,1.05,1.28
2011.03.29 23:23:25.595,1.00271,1.00324,1.05,1.43
2011.03.29 23:23:27.745,1.00267,1.00318,1.05,1.05
2011.03.29 23:23:29.125,1.00261,1.00314,1.05,1.05
2011.03.29 23:23:29.763,1.00267,1.00314,1.05,1.50
2011.03.29 23:23:33.429,1.00262,1.00313,1.65,1.05
2011.03.29 23:23:34.385,1.00265,1.00316,1.28,1.50
2011.03.29 23:23:35.946,1.00267,1.00316,1.05,1.50
2011.03.29 23:23:38.485,1.00261,1.00313,3.15,2.25
2011.03.29 23:23:38.705,1.00259,1.0031,1.43,1.35
2011.03.29 23:23:38.924,1.00258,1.0031,2.18,1.35
2011.03.29 23:23:42.475,1.00247,1.00305,1.05,1.50
2011.03.29 23:23:42.916,1.00249,1.00305,1.28,1.50
2011.03.29 23:23:43.978,1.00249,1.00303,1.28,1.05
2011.03.29 23:23:45.455,1.00246,1.00305,1.05,1.50
2011.03.29 23:23:45.675,1.00246,1.00305,1.05,1.50
2011.03.29 23:23:46.956,1.00247,1.00303,1.05,1.05
2011.03.29 23:23:48.379,1.00247,1.00305,1.05,1.50
2011.03.29 23:23:48.705,1.0025,1.00305,1.28,1.50
2011.03.29 23:23:52.836,1.00251,1.00305,1.05,1.50
2011.03.29 23:23:52.945,1.00247,1.00303,1.05,1.05
2011.03.29 23:23:55.119,1.00251,1.00305,1.05,1.50
2011.03.29 23:23:55.774,1.00253,1.00304,1.50,1.50
2011.03.29 23:23:56.105,1.00253,1.00304,1.50,1.50
2011.03.29 23:23:56.894,1.00259,1.00318,1.13,1.05
2011.03.29 23:23:57.967,1.00259,1.00318,1.28,1.20
2011.03.29 23:23:58.087,1.00259,1.00318,1.28,1.05
2011.03.29 23:23:58.194,1.00264,1.00318,1.13,1.05
2011.03.29 23:23:59.186,1.00264,1.00323,1.13,1.05
2011.03.29 23:23:59.515,1.0027,1.00324,1.13,1.05
2011.03.29 23:23:59.735,1.0027,1.00324,1.13,1.05
2011.03.29 23:24:00.215,1.00265,1.00328,1.13,1.05
2011.03.29 23:24:01.045,1.00265,1.00328,1.13,1.05
2011.03.29 23:24:02.043,1.00265,1.00323,1.28,1.05
2011.03.29 23:24:03.028,1.00266,1.00324,1.05,1.05
2011.03.29 23:24:08.065,1.00271,1.00324,1.05,1.05
2011.03.29 23:24:10.655,1.00267,1.00319,1.05,1.05
2011.03.29 23:24:11.414,1.00265,1.00324,1.28,1.05
2011.03.29 23:24:11.525,1.00271,1.00321,1.35,1.50
2011.03.29 23:24:13.845,1.00271,1.00322,1.35,1.50
2011.03.29 23:24:14.944,1.00271,1.00322,1.50,1.35
2011.03.29 23:24:16.047,1.00271,1.00322,1.50,1.50
2011.03.29 23:24:19.974,1.00271,1.00322,1.50,1.50
2011.03.29 23:24:20.195,1.00275,1.00325,1.28,2.25
2011.03.29 23:24:22.133,1.00273,1.00325,1.28,2.25
2011.03.29 23:24:22.246,1.00271,1.00331,1.43,1.65
2011.03.29 23:24:22.575,1.00271,1.00328,1.05,1.50
2011.03.29 23:24:22.685,1.00269,1.00328,1.50,1.50
2011.03.29 23:24:23.092,1.00269,1.00318,1.50,1.35
2011.03.29 23:24:23.315,1.00261,1.00312,1.05,1.35
2011.03.29 23:24:23.427,1.0026,1.00312,1.88,1.35
2011.03.29 23:24:24.384,1.0026,1.00323,1.28,2.03
2011.03.29 23:24:24.496,1.00261,1.00323,1.05,1.73
2011.03.29 23:24:24.714,1.00262,1.00323,1.05,2.03
2011.03.29 23:24:27.027,1.0026,1.00321,1.28,1.05
2011.03.29 23:24:28.016,1.00261,1.00321,1.05,1.05
2011.03.29 23:24:31.335,1.00261,1.00323,1.05,1.88
2011.03.29 23:24:31.556,1.00266,1.00323,1.28,1.50
2011.03.29 23:24:33.966,1.00267,1.00323,1.05,1.65
2011.03.29 23:24:36.676,1.00266,1.00321,1.28,1.05
2011.03.29 23:24:37.006,1.00271,1.00322,1.13,1.05
2011.03.29 23:24:37.334,1.00271,1.00321,1.13,1.05
2011.03.29 23:24:41.736,1.00271,1.00323,1.43,1.50
2011.03.29 23:24:51.962,1.00271,1.00323,1.43,1.50
2011.03.29 23:25:05.435,1.00271,1.00323,1.43,1.50
2011.03.29 23:25:20.423,1.00271,1.00323,1.43,1.50
2011.03.29 23:25:26.766,1.0028,1.00328,1.28,1.05
2011.03.29 23:25:30.869,1.0028,1.00327,1.13,1.05
2011.03.29 23:25:31.002,1.00272,1.00319,1.13,1.05
2011.03.29 23:25:31.573,1.00272,1.0032,1.13,1.05
2011.03.29 23:25:31.886,1.00272,1.00324,1.13,1.05
2011.03.29 23:25:31.996,1.00273,1.00324,1.13,1.05
2011.03.29 23:25:32.216,1.00271,1.00324,1.28,1.05
2011.03.29 23:25:32.325,1.00271,1.00324,1.28,1.05
2011.03.29 23:25:35.065,1.00271,1.0032,1.28,1.05
2011.03.29 23:25:47.454,1.00271,1.00319,1.13,1.20
2011.03.29 23:25:49.460,1.003,1.0035,4.35,1.20
2011.03.29 23:25:50.026,1.003,1.00351,4.35,1.20
2011.03.29 23:25:50.361,1.003,1.00351,4.35,1.05
2011.03.29 23:25:52.225,1.003,1.00351,4.35,1.20
2011.03.29 23:25:52.775,1.00299,1.0035,4.35,1.20
2011.03.29 23:25:53.335,1.00294,1.0035,4.50,1.20
2011.03.29 23:25:53.775,1.00302,1.0035,4.35,1.20
2011.03.29 23:25:55.087,1.00302,1.0035,4.35,1.05
2011.03.29 23:25:56.519,1.00304,1.00347,1.13,2.82
2011.03.29 23:26:04.446,1.00309,1.00347,1.13,2.82
2011.03.29 23:26:05.719,1.00309,1.00346,1.13,2.18
2011.03.29 23:26:06.155,1.00303,1.00346,1.13,2.03
2011.03.29 23:26:06.665,1.00303,1.00346,1.13,2.18
2011.03.29 23:26:07.215,1.00294,1.00346,1.50,2.18
2011.03.29 23:26:07.545,1.00293,1.00347,1.13,2.18
2011.03.29 23:26:08.155,1.00293,1.00347,1.28,2.18
2011.03.29 23:26:09.048,1.00293,1.00347,1.13,2.18
2011.03.29 23:26:09.156,1.00293,1.00347,1.73,2.18
2011.03.29 23:26:09.486,1.00304,1.00347,1.13,2.03
2011.03.29 23:26:09.927,1.00297,1.00346,1.13,2.18
2011.03.29 23:26:10.365,1.00297,1.00347,1.13,3.00
2011.03.29 23:26:10.709,1.003,1.00346,1.13,2.10
2011.03.29 23:26:11.038,1.00299,1.00346,1.13,1.95
2011.03.29 23:26:11.146,1.00299,1.00346,1.13,1.95
2011.03.29 23:26:11.365,1.00303,1.00346,1.13,1.95
2011.03.29 23:26:11.965,1.00303,1.00347,1.13,1.88
2011.03.29 23:26:13.156,1.00303,1.00347,1.13,1.88
2011.03.29 23:26:15.046,1.00301,1.00347,1.35,1.88
2011.03.29 23:26:16.236,1.00302,1.00347,1.13,1.88
2011.03.29 23:26:21.206,1.00304,1.00347,1.13,1.88
2011.03.29 23:26:21.534,1.00307,1.00347,1.13,1.88
2011.03.29 23:26:23.945,1.00314,1.00347,1.13,1.88
2011.03.29 23:26:25.181,1.0031,1.00347,1.13,1.80
2011.03.29 23:26:26.847,1.0031,1.00347,1.13,1.80
2011.03.29 23:26:27.914,1.0031,1.00347,1.13,1.80
2011.03.29 23:26:30.683,1.0031,1.00347,1.13,1.80
2011.03.29 23:26:31.257,1.0031,1.00347,1.13,1.80
2011.03.29 23:26:31.890,1.0031,1.00347,1.13,1.80
2011.03.29 23:26:33.146,1.0032,1.00347,1.13,1.80
2011.03.29 23:26:33.367,1.00313,1.00346,1.13,2.70
2011.03.29 23:26:33.916,1.00309,1.00347,1.50,2.10
2011.03.29 23:26:34.026,1.00309,1.00347,2.18,2.10
2011.03.29 23:26:34.907,1.00307,1.00346,1.13,1.95
2011.03.29 23:26:35.675,1.00316,1.00346,1.13,1.95
2011.03.29 23:26:35.785,1.00321,1.00372,2.25,2.93
2011.03.29 23:26:35.895,1.00321,1.00377,2.25,2.25
2011.03.29 23:26:36.511,1.00321,1.00373,2.25,1.05
2011.03.29 23:26:37.066,1.00321,1.00369,2.25,1.05
2011.03.29 23:26:38.087,1.00321,1.00369,2.25,1.05
2011.03.29 23:26:38.618,1.00312,1.00369,2.25,2.03
2011.03.29 23:26:39.166,1.00309,1.00369,3.15,1.50
2011.03.29 23:26:39.605,1.00308,1.00369,3.15,1.88
2011.03.29 23:26:39.935,1.00311,1.00366,1.05,1.28
2011.03.29 23:26:40.104,1.00306,1.00366,3.30,1.28
2011.03.29 23:26:40.326,1.00313,1.00369,4.73,1.05
2011.03.29 23:26:40.545,1.00318,1.00371,1.13,1.65
2011.03.29 23:26:41.095,1.00314,1.00372,4.50,2.40
2011.03.29 23:26:41.426,1.00317,1.00371,1.05,1.65
2011.03.29 23:26:41.976,1.00314,1.00371,3.75,1.65
2011.03.29 23:26:42.086,1.00313,1.00371,1.28,2.25
2011.03.29 23:26:42.416,1.00308,1.00365,1.58,1.50
2011.03.29 23:26:42.746,1.0031,1.00365,1.05,1.35
2011.03.29 23:26:42.856,1.0031,1.00371,1.05,2.03
2011.03.29 23:26:42.965,1.00308,1.00369,1.28,1.05
2011.03.29 23:26:43.406,1.00311,1.00371,1.05,2.03
2011.03.29 23:26:43.736,1.0031,1.0037,1.43,1.05
2011.03.29 23:26:44.070,1.00317,1.00375,1.13,1.05
2011.03.29 23:26:44.546,1.00313,1.00375,1.13,1.20
2011.03.29 23:26:44.664,1.00314,1.00376,1.05,1.28
2011.03.29 23:26:46.326,1.00313,1.00375,1.28,1.05
2011.03.29 23:26:46.655,1.00319,1.00378,1.13,1.05
2011.03.29 23:26:46.767,1.00318,1.00382,1.13,1.43
2011.03.29 23:26:47.206,1.0032,1.00379,1.28,1.05
2011.03.29 23:26:47.536,1.00321,1.00387,1.28,2.63
2011.03.29 23:26:47.865,1.00321,1.00386,1.13,2.03
2011.03.29 23:26:48.086,1.00317,1.0038,1.13,1.13
2011.03.29 23:26:48.196,1.00318,1.0038,1.13,3.15
2011.03.29 23:26:48.525,1.00321,1.00383,1.13,1.05
2011.03.29 23:26:48.966,1.00326,1.00385,1.13,3.75
2011.03.29 23:26:49.627,1.00321,1.00376,1.88,2.25
2011.03.29 23:26:49.955,1.00321,1.00377,1.88,2.25
2011.03.29 23:26:50.287,1.00321,1.00375,1.05,1.35
2011.03.29 23:26:50.764,1.00319,1.00375,2.33,1.35
2011.03.29 23:26:51.381,1.00319,1.00371,2.33,2.25
2011.03.29 23:26:54.075,1.00319,1.00371,2.33,2.25
2011.03.29 23:26:54.895,1.00319,1.00371,1.58,1.50
2011.03.29 23:26:55.225,1.00319,1.00371,2.33,2.40
2011.03.29 23:26:55.885,1.00318,1.00372,2.33,2.40
2011.03.29 23:26:56.178,1.00322,1.00371,1.05,1.88
2011.03.29 23:26:56.286,1.00322,1.00371,1.05,1.88
2011.03.29 23:26:56.616,1.00318,1.00372,2.18,2.40
2011.03.29 23:26:57.166,1.00306,1.00365,2.03,1.35
2011.03.29 23:26:57.384,1.00306,1.00365,2.03,1.35
2011.03.29 23:26:57.715,1.00311,1.00365,1.43,1.35
2011.03.29 23:26:58.155,1.00311,1.00365,1.05,1.35
2011.03.29 23:26:59.475,1.00311,1.00366,1.05,1.35
2011.03.29 23:27:00.465,1.00318,1.00378,1.13,1.65
2011.03.29 23:27:00.575,1.00318,1.00374,1.13,1.05
2011.03.29 23:27:01.546,1.00322,1.00378,1.13,1.65
2011.03.29 23:27:01.986,1.00317,1.00378,1.28,1.65
2011.03.29 23:27:04.158,1.00311,1.0037,1.05,1.35
2011.03.29 23:27:04.376,1.00311,1.0037,1.05,1.35
2011.03.29 23:27:04.596,1.00311,1.0037,1.05,1.35
2011.03.29 23:27:04.927,1.00313,1.00369,1.28,1.05
2011.03.29 23:27:07.727,1.00318,1.00375,1.28,2.40
2011.03.29 23:27:08.166,1.00311,1.00368,1.05,1.13
2011.03.29 23:27:08.496,1.00306,1.00366,1.05,2.48
2011.03.29 23:27:08.716,1.00308,1.0037,1.50,1.13
2011.03.29 23:27:09.583,1.00308,1.0037,1.50,1.28
2011.03.29 23:27:10.026,1.00308,1.00369,1.50,1.05
2011.03.29 23:27:10.635,1.00308,1.00369,1.50,1.05
2011.03.29 23:27:11.098,1.00308,1.00368,1.50,1.05
2011.03.29 23:27:12.097,1.00308,1.00369,1.50,1.05
2011.03.29 23:27:13.006,1.00312,1.00368,1.05,1.05
2011.03.29 23:27:13.645,1.00312,1.00368,1.05,1.05
2011.03.29 23:27:15.036,1.00311,1.00368,1.28,1.20
2011.03.29 23:27:15.876,1.00312,1.00368,1.05,1.05
2011.03.29 23:27:16.205,1.00309,1.00369,1.05,1.05
2011.03.29 23:27:18.121,1.00309,1.00369,1.05,1.20
2011.03.29 23:27:18.717,1.00309,1.00369,1.43,1.05
2011.03.29 23:27:18.939,1.00309,1.00371,1.20,1.13
2011.03.29 23:27:19.485,1.00312,1.0037,1.05,1.28
2011.03.29 23:27:20.036,1.00312,1.00368,1.05,1.05
2011.03.29 23:27:21.035,1.00311,1.00368,1.05,1.05
2011.03.29 23:27:21.895,1.00312,1.00368,1.05,1.05
2011.03.29 23:27:22.445,1.00316,1.00373,1.28,1.05
2011.03.29 23:27:23.035,1.00317,1.00377,1.05,1.65
2011.03.29 23:27:23.899,1.00312,1.00374,1.43,2.55
2011.03.29 23:27:24.008,1.00312,1.00377,1.43,1.05
2011.03.29 23:27:24.556,1.00321,1.00376,1.28,1.05
2011.03.29 23:27:25.314,1.00322,1.00378,1.05,1.05
2011.03.29 23:27:25.677,1.00328,1.00381,1.13,1.65
2011.03.29 23:27:25.897,1.00329,1.00387,1.13,1.05
2011.03.29 23:27:26.225,1.00336,1.00387,1.13,1.05
2011.03.29 23:27:26.876,1.00336,1.00391,1.13,1.20
2011.03.29 23:27:29.136,1.00332,1.00391,1.05,1.20
2011.03.29 23:27:30.306,1.00328,1.00386,2.93,1.28
2011.03.29 23:27:30.417,1.00325,1.00384,1.13,1.05
2011.03.29 23:27:30.746,1.00331,1.00391,1.13,1.35
2011.03.29 23:27:31.076,1.00336,1.00391,1.13,1.35
2011.03.29 23:27:31.465,1.00336,1.00391,1.13,1.20
2011.03.29 23:27:32.372,1.00331,1.00387,1.13,1.05
2011.03.29 23:27:32.816,1.00327,1.00387,1.05,1.05
2011.03.29 23:27:35.058,1.00327,1.00387,1.05,1.20
2011.03.29 23:27:35.385,1.00331,1.00388,1.13,1.20
2011.03.29 23:27:35.715,1.00331,1.00388,1.28,1.20
2011.03.29 23:27:36.813,1.00336,1.00389,1.05,1.05
2011.03.29 23:27:37.036,1.00327,1.00388,1.28,1.05
2011.03.29 23:27:37.146,1.00326,1.00386,1.05,1.28
2011.03.29 23:27:37.256,1.00322,1.00386,1.05,1.28
2011.03.29 23:27:37.586,1.00322,1.00383,1.05,1.05
2011.03.29 23:27:39.166,1.00321,1.00379,1.43,1.05
2011.03.29 23:27:40.266,1.00321,1.00375,1.43,1.05
2011.03.29 23:27:41.950,1.00321,1.00379,1.43,1.05
2011.03.29 23:27:42.167,1.00317,1.00375,1.28,1.05
2011.03.29 23:27:43.065,1.00317,1.00375,1.43,1.20
2011.03.29 23:27:43.616,1.00319,1.00375,1.05,1.05
2011.03.29 23:27:44.445,1.00316,1.00375,1.05,1.05
2011.03.29 23:27:45.635,1.00316,1.00375,1.05,1.05
2011.03.29 23:27:45.965,1.00321,1.00375,1.13,1.20
2011.03.29 23:27:46.409,1.00321,1.00375,1.28,1.05
2011.03.29 23:27:48.075,1.00321,1.00375,1.43,1.05
2011.03.29 23:27:48.406,1.00321,1.00379,1.05,1.05
2011.03.29 23:27:48.626,1.00317,1.00375,1.28,1.05
2011.03.29 23:27:49.985,1.00317,1.00375,1.28,1.20
2011.03.29 23:27:50.695,1.00319,1.00375,1.05,1.05
2011.03.29 23:27:51.927,1.00317,1.00374,3.15,1.05
2011.03.29 23:27:53.466,1.00318,1.00376,1.28,1.05
2011.03.29 23:27:53.576,1.00322,1.00376,1.13,1.05
2011.03.29 23:28:00.705,1.00317,1.00375,1.05,1.05
2011.03.29 23:28:02.002,1.00318,1.00375,3.15,1.20
2011.03.29 23:28:07.838,1.00317,1.00376,1.05,1.43
2011.03.29 23:28:09.156,1.00317,1.00369,1.05,1.05
2011.03.29 23:28:14.326,1.00319,1.00375,1.05,1.43
2011.03.29 23:28:14.666,1.00317,1.00375,1.05,1.58
2011.03.29 23:28:19.095,1.00316,1.00374,1.05,1.05
2011.03.29 23:28:19.645,1.00317,1.00375,3.53,1.05
2011.03.29 23:28:21.145,1.00317,1.00375,3.68,1.20
2011.03.29 23:28:23.867,1.00316,1.00374,1.05,1.05
2011.03.29 23:28:24.990,1.00316,1.00369,1.05,1.05
2011.03.29 23:28:27.687,1.00317,1.00376,1.05,1.05
2011.03.29 23:28:29.076,1.00318,1.00376,3.15,1.20
2011.03.29 23:28:37.086,1.00317,1.00376,1.05,1.05
2011.03.29 23:28:37.416,1.00317,1.00373,1.05,1.65
2011.03.29 23:28:39.996,1.00316,1.00373,1.05,1.50
2011.03.29 23:28:40.879,1.00317,1.00373,1.05,1.50
2011.03.29 23:28:40.986,1.00323,1.00376,1.73,1.50
2011.03.29 23:28:41.316,1.00325,1.00378,3.60,1.65
2011.03.29 23:28:43.624,1.00325,1.00378,1.50,1.35
2011.03.29 23:28:46.044,1.00325,1.00378,1.50,1.65
2011.03.29 23:28:46.595,1.00325,1.00378,1.35,1.65
2011.03.29 23:28:48.024,1.00325,1.00378,1.50,1.80
2011.03.29 23:29:00.148,1.00327,1.00378,1.05,1.65
2011.03.29 23:29:24.176,1.00327,1.00378,1.13,1.50
2011.03.29 23:29:25.985,1.00327,1.00378,1.43,1.65
2011.03.29 23:29:30.824,1.00327,1.00379,1.43,1.65
2011.03.29 23:29:30.938,1.00326,1.00379,1.05,1.50
2011.03.29 23:29:31.267,1.00325,1.00379,1.50,1.65
2011.03.29 23:29:31.994,1.00327,1.00379,1.05,1.65
2011.03.29 23:29:39.926,1.00325,1.00379,1.50,1.65
2011.03.29 23:29:40.038,1.00325,1.00376,1.50,1.50
2011.03.29 23:29:41.024,1.00322,1.00373,1.05,1.05
2011.03.29 23:29:42.007,1.00326,1.00379,1.13,1.20
2011.03.29 23:29:42.227,1.00323,1.00379,1.28,1.05
2011.03.29 23:29:42.446,1.00327,1.00379,1.13,1.20
2011.03.29 23:29:44.016,1.00327,1.00382,1.28,1.05
2011.03.29 23:29:45.436,1.00327,1.00384,1.28,1.20
2011.03.29 23:29:47.186,1.00327,1.00387,1.13,1.95
2011.03.29 23:29:48.457,1.00332,1.00387,1.13,1.65
2011.03.29 23:29:50.276,1.00327,1.00388,1.28,1.65
2011.03.29 23:29:50.727,1.00326,1.00387,1.65,1.13
2011.03.29 23:29:50.836,1.00326,1.00386,1.65,1.28
2011.03.29 23:29:51.677,1.00326,1.00384,1.50,1.05
2011.03.29 23:29:52.068,1.00327,1.00387,1.28,1.80
2011.03.29 23:29:53.054,1.00327,1.00387,1.28,1.80
2011.03.29 23:30:01.916,1.00327,1.00387,1.13,1.95
2011.03.29 23:30:02.098,1.00327,1.00387,1.43,1.80
2011.03.29 23:30:09.581,1.0033,1.00387,1.05,1.65
2011.03.29 23:30:10.026,1.00327,1.00387,1.13,1.95
2011.03.29 23:30:11.647,1.00327,1.00387,1.43,1.80
2011.03.29 23:30:17.908,1.00327,1.00387,1.13,1.80
2011.03.29 23:30:18.126,1.00326,1.00379,1.05,1.50
2011.03.29 23:30:18.346,1.00321,1.00379,1.05,1.65
2011.03.29 23:30:18.566,1.00322,1.00379,1.28,1.65
2011.03.29 23:30:19.777,1.00319,1.00379,2.33,1.65
2011.03.29 23:30:22.317,1.00327,1.00378,1.28,1.05
2011.03.29 23:30:22.537,1.00323,1.00379,2.33,1.65
2011.03.29 23:30:22.975,1.00323,1.00378,2.33,1.05
2011.03.29 23:30:24.002,1.00324,1.00379,1.58,1.50
2011.03.29 23:30:24.805,1.00324,1.00379,1.58,1.50
2011.03.29 23:30:25.026,1.00326,1.00379,1.05,1.65
2011.03.29 23:30:25.555,1.00326,1.00379,1.05,1.65
2011.03.29 23:30:40.467,1.00323,1.00379,2.33,1.65
2011.03.29 23:30:40.798,1.00323,1.00372,2.18,2.10
2011.03.29 23:30:40.904,1.00323,1.00371,2.18,1.35
2011.03.29 23:30:43.406,1.00317,1.00366,1.50,1.50
2011.03.29 23:30:43.736,1.00317,1.0036,1.50,1.35
2011.03.29 23:30:44.397,1.00317,1.0036,1.35,1.35
2011.03.29 23:30:45.079,1.00317,1.0036,1.50,1.35
2011.03.29 23:30:46.022,1.00317,1.0036,1.50,1.35
2011.03.29 23:30:48.795,1.00317,1.00361,1.50,1.35
2011.03.29 23:30:51.056,1.00317,1.00361,1.50,1.50
2011.03.29 23:30:53.145,1.00317,1.00359,1.50,1.50
2011.03.29 23:30:59.695,1.00317,1.00359,1.50,1.50
2011.03.29 23:31:24.686,1.00317,1.00359,1.35,1.50
2011.03.29 23:31:25.788,1.00321,1.00366,2.10,2.85
2011.03.29 23:31:26.006,1.00321,1.00366,2.10,1.35
2011.03.29 23:31:26.777,1.00325,1.00366,1.35,2.10
2011.03.29 23:31:27.218,1.00321,1.00366,2.85,2.10
2011.03.29 23:31:33.147,1.00321,1.00366,2.25,1.35
2011.03.29 23:31:33.478,1.00321,1.00366,2.25,1.35
2011.03.29 23:31:34.029,1.00317,1.00367,1.05,1.35
2011.03.29 23:31:35.436,1.00316,1.00367,1.50,1.50
2011.03.29 23:31:35.545,1.00316,1.00367,1.50,1.50
2011.03.29 23:31:36.696,1.00316,1.00368,1.65,1.50
2011.03.29 23:31:39.948,1.00317,1.00367,1.28,1.50
2011.03.29 23:31:41.025,1.00317,1.00367,1.28,1.50
2011.03.29 23:32:03.920,1.00317,1.00368,1.28,1.50
2011.03.29 23:32:06.878,1.00317,1.00368,1.28,1.35
2011.03.29 23:32:08.973,1.00317,1.00368,1.05,1.65
2011.03.29 23:32:35.720,1.00321,1.00368,1.50,1.05
2011.03.29 23:32:36.901,1.00321,1.00368,1.50,1.05
2011.03.29 23:32:37.862,1.00321,1.00374,1.50,1.05
2011.03.29 23:32:38.086,1.00321,1.00368,1.35,1.05
2011.03.29 23:32:38.196,1.00321,1.00368,1.35,1.05
2011.03.29 23:32:41.132,1.00321,1.00372,1.35,2.55
2011.03.29 23:32:41.246,1.00321,1.00372,1.73,2.40
2011.03.29 23:32:41.358,1.00321,1.00371,1.73,1.65
2011.03.29 23:32:41.468,1.00332,1.00371,1.35,1.50
2011.03.29 23:32:41.927,1.00331,1.00371,1.35,2.25
2011.03.29 23:32:51.656,1.00326,1.00371,1.50,1.50
2011.03.29 23:32:52.491,1.00326,1.00371,1.35,1.50
2011.03.29 23:32:56.876,1.00326,1.00371,1.50,1.50
2011.03.29 23:33:02.934,1.00326,1.00372,1.50,2.25
2011.03.29 23:33:17.245,1.00326,1.00372,1.50,2.25
2011.03.29 23:33:18.625,1.00326,1.00371,1.50,1.50
2011.03.29 23:33:36.120,1.00332,1.00371,1.35,1.65
2011.03.29 23:33:38.997,1.00332,1.00377,1.50,2.10
2011.03.29 23:33:39.546,1.00332,1.00377,1.50,2.10
2011.03.29 23:33:40.097,1.00332,1.00377,1.50,2.25
2011.03.29 23:33:43.589,1.0034,1.0038,1.35,1.05
2011.03.29 23:33:43.700,1.00342,1.00383,1.35,1.05
2011.03.29 23:33:44.477,1.00341,1.00383,1.35,1.05
2011.03.29 23:33:45.806,1.00341,1.00379,1.35,1.05
2011.03.29 23:33:46.701,1.00342,1.00383,1.35,1.05
2011.03.29 23:33:48.072,1.00342,1.00384,1.35,1.65
2011.03.29 23:33:52.958,1.00351,1.00391,1.35,2.40
2011.03.29 23:33:53.505,1.00351,1.00392,1.35,3.00
2011.03.29 23:33:54.966,1.00351,1.00391,1.35,2.40
2011.03.29 23:33:55.447,1.00351,1.00391,1.35,2.25
2011.03.29 23:33:55.665,1.00348,1.00391,2.85,3.00
2011.03.29 23:34:00.407,1.00348,1.00392,2.85,1.50
2011.03.29 23:34:01.045,1.00347,1.00393,1.35,1.65
2011.03.29 23:34:01.267,1.00347,1.00393,1.50,1.65
2011.03.29 23:34:01.707,1.00347,1.00394,1.50,1.50
2011.03.29 23:34:01.817,1.00347,1.00396,1.50,1.50
2011.03.29 23:34:02.146,1.00347,1.00391,1.50,1.50
2011.03.29 23:34:05.246,1.00347,1.00391,1.50,1.50
2011.03.29 23:34:05.937,1.00347,1.00391,1.35,1.50
2011.03.29 23:34:06.266,1.00347,1.00397,1.35,3.15
2011.03.29 23:34:07.036,1.00347,1.00397,1.65,1.65
2011.03.29 23:34:07.917,1.00347,1.00396,1.35,1.65
2011.03.29 23:34:09.029,1.00347,1.00397,1.65,1.65
2011.03.29 23:34:09.250,1.00347,1.00396,1.65,1.50
2011.03.29 23:34:10.718,1.00347,1.00397,1.35,1.65
2011.03.29 23:34:12.687,1.00347,1.00398,1.35,1.65
2011.03.29 23:34:12.906,1.00347,1.00397,1.35,1.65
2011.03.29 23:34:13.134,1.00347,1.00397,1.35,1.65
2011.03.29 23:34:15.529,1.00347,1.00397,1.35,1.65
2011.03.29 23:34:16.257,1.00347,1.00402,1.35,1.65
2011.03.29 23:34:16.696,1.00341,1.00398,1.05,1.13
2011.03.29 23:34:17.026,1.00341,1.00387,1.05,1.50
2011.03.29 23:34:23.139,1.00347,1.00386,1.65,1.50
2011.03.29 23:34:24.147,1.00355,1.00391,2.10,2.25
2011.03.29 23:34:24.367,1.00359,1.00401,1.35,1.65
2011.03.29 23:34:24.478,1.00352,1.00398,1.35,2.25
2011.03.29 23:34:24.697,1.00352,1.00395,1.35,2.25
2011.03.29 23:34:25.026,1.00352,1.00396,1.35,2.25
2011.03.29 23:34:26.019,1.00352,1.00396,1.35,1.35
2011.03.29 23:34:27.046,1.00352,1.00396,1.50,1.50
2011.03.29 23:34:28.340,1.00352,1.00396,1.35,1.50
2011.03.29 23:34:28.886,1.00352,1.00395,1.50,1.35
2011.03.29 23:34:29.436,1.00349,1.00391,1.35,1.50
2011.03.29 23:34:30.991,1.00349,1.00391,1.35,1.65
2011.03.29 23:34:31.294,1.00346,1.00389,1.50,1.50
2011.03.29 23:34:31.736,1.00346,1.00387,1.35,1.50
2011.03.29 23:34:33.522,1.00347,1.00388,1.05,1.35
2011.03.29 23:34:33.877,1.00346,1.00388,1.50,1.50
2011.03.29 23:34:35.646,1.00346,1.00388,1.35,1.50
2011.03.29 23:34:44.639,1.00346,1.00388,1.50,1.35
2011.03.29 23:34:51.149,1.00347,1.00394,1.50,1.65
2011.03.29 23:34:51.257,1.00347,1.00394,1.35,1.05
2011.03.29 23:34:51.595,1.00349,1.00396,1.35,1.65
2011.03.29 23:34:52.176,1.00357,1.00397,1.35,1.65
2011.03.29 23:34:53.197,1.00357,1.00397,1.35,1.50
2011.03.29 23:34:53.670,1.0035,1.00392,1.35,1.50
2011.03.29 23:34:53.996,1.0035,1.00392,1.35,1.50
2011.03.29 23:34:54.674,1.00349,1.00392,1.35,1.50
2011.03.29 23:34:56.616,1.00349,1.00392,1.35,1.50
2011.03.29 23:34:56.726,1.00356,1.00392,2.10,1.50
2011.03.29 23:34:56.948,1.0036,1.00399,1.35,1.05
2011.03.29 23:34:57.496,1.00359,1.00402,1.35,1.05
2011.03.29 23:34:57.607,1.00359,1.00404,1.35,1.05
2011.03.29 23:34:57.937,1.0036,1.00408,1.35,1.05
2011.03.29 23:34:58.417,1.00359,1.00407,1.73,1.50
2011.03.29 23:34:58.856,1.00361,1.00401,1.35,1.50
2011.03.29 23:34:59.078,1.00359,1.00399,1.35,1.50
2011.03.29 23:34:59.407,1.00361,1.00403,1.35,1.50
2011.03.29 23:35:00.656,1.00361,1.00403,1.35,1.50
2011.03.29 23:35:02.386,1.00353,1.00403,1.35,1.65
2011.03.29 23:35:02.607,1.00353,1.00394,1.35,1.50
2011.03.29 23:35:03.046,1.00353,1.00396,1.35,1.50
2011.03.29 23:35:05.581,1.00353,1.00395,1.35,1.65
2011.03.29 23:35:06.477,1.00353,1.00393,1.35,1.50
2011.03.29 23:35:06.696,1.00353,1.00393,1.35,1.65
2011.03.29 23:35:06.918,1.00353,1.00393,1.35,1.50
2011.03.29 23:35:07.026,1.00353,1.00393,1.35,1.80
2011.03.29 23:35:07.217,1.00353,1.00393,1.35,1.65
2011.03.29 23:35:11.321,1.00353,1.00393,1.35,1.80
2011.03.29 23:35:12.906,1.00353,1.00393,1.35,1.50
2011.03.29 23:35:13.126,1.00353,1.00396,1.35,1.50
2011.03.29 23:35:13.237,1.00353,1.00399,1.35,1.65
2011.03.29 23:35:13.566,1.00359,1.00402,1.35,3.00
2011.03.29 23:35:13.676,1.00359,1.00402,1.35,2.25
2011.03.29 23:35:14.846,1.00359,1.00402,1.35,2.25
2011.03.29 23:35:15.697,1.00352,1.00401,1.35,1.65
2011.03.29 23:35:15.807,1.00352,1.00401,1.35,2.40
2011.03.29 23:35:16.138,1.00352,1.00396,1.35,1.50
2011.03.29 23:35:18.137,1.00348,1.00396,1.50,1.50
2011.03.29 23:35:18.865,1.00348,1.00396,1.35,1.50
2011.03.29 23:35:20.687,1.00352,1.00397,1.35,1.50
2011.03.29 23:35:20.797,1.00352,1.00397,1.35,1.50
2011.03.29 23:35:20.909,1.00355,1.00401,2.10,1.50
2011.03.29 23:35:21.018,1.00355,1.00402,2.10,1.50
2011.03.29 23:35:21.126,1.00359,1.00401,1.35,1.50
2011.03.29 23:35:21.456,1.00359,1.00401,1.35,1.50
2011.03.29 23:35:22.186,1.00358,1.00401,1.35,1.65
2011.03.29 23:35:23.138,1.00357,1.00397,1.35,1.50
2011.03.29 23:35:23.355,1.00353,1.00397,1.35,1.50
2011.03.29 23:35:23.875,1.00353,1.00397,1.35,1.50
2011.03.29 23:35:23.987,1.00353,1.00397,1.35,1.65
2011.03.29 23:35:24.927,1.00353,1.00397,1.35,1.50
2011.03.29 23:35:25.477,1.00353,1.00397,1.35,1.50
2011.03.29 23:35:27.128,1.00361,1.00402,2.10,1.50
2011.03.29 23:35:27.237,1.00361,1.00407,2.10,1.50
2011.03.29 23:35:27.459,1.00366,1.00406,1.35,1.50
2011.03.29 23:35:28.256,1.00366,1.00407,1.35,1.50
2011.03.29 23:35:28.366,1.00366,1.00407,1.35,1.50
2011.03.29 23:35:29.108,1.00366,1.00405,1.35,1.50
2011.03.29 23:35:31.836,1.00366,1.00407,1.35,1.65
2011.03.29 23:35:32.898,1.00357,1.00401,1.65,1.50
2011.03.29 23:35:33.411,1.00357,1.00398,1.35,1.50
2011.03.29 23:35:35.332,1.00357,1.00398,1.35,1.50
2011.03.29 23:35:36.518,1.0035,1.00392,1.50,1.50
2011.03.29 23:35:36.626,1.0035,1.0039,1.50,1.50
2011.03.29 23:35:37.177,1.0035,1.0039,1.35,1.50
2011.03.29 23:35:37.626,1.0035,1.00394,1.35,1.50
2011.03.29 23:35:37.736,1.0035,1.00394,1.35,1.50
2011.03.29 23:35:38.276,1.0035,1.0039,1.35,1.50
2011.03.29 23:35:38.716,1.00346,1.00387,1.50,1.35
2011.03.29 23:35:38.936,1.00346,1.00387,1.50,1.35
2011.03.29 23:35:40.727,1.00356,1.00399,1.35,1.50
2011.03.29 23:35:40.836,1.00356,1.00399,1.35,1.50
2011.03.29 23:35:41.056,1.00356,1.00404,1.73,2.25
2011.03.29 23:35:41.167,1.00356,1.00407,1.73,1.65
2011.03.29 23:35:43.649,1.00364,1.00407,1.35,1.65
2011.03.29 23:35:43.868,1.00364,1.00407,1.35,1.50
2011.03.29 23:35:44.336,1.00364,1.00412,1.35,2.40
2011.03.29 23:35:44.999,1.00356,1.00404,1.05,1.50
2011.03.29 23:35:45.227,1.00356,1.00403,1.05,1.50
2011.03.29 23:35:46.321,1.00356,1.00402,1.05,1.50
2011.03.29 23:35:51.697,1.00361,1.00407,1.13,1.35
2011.03.29 23:35:52.137,1.00365,1.00411,1.35,2.25
2011.03.29 23:35:52.357,1.00365,1.00411,1.35,1.50
2011.03.29 23:35:53.026,1.00365,1.00411,1.35,1.50
2011.03.29 23:35:53.846,1.00365,1.00411,1.35,1.50
2011.03.29 23:35:54.526,1.00365,1.00411,1.35,1.35
2011.03.29 23:35:55.046,1.00365,1.00411,1.35,1.35
2011.03.29 23:35:55.667,1.0037,1.00416,2.10,1.65
2011.03.29 23:35:55.777,1.0037,1.00416,2.10,1.65
2011.03.29 23:35:55.886,1.00374,1.00417,1.35,1.50
2011.03.29 23:35:56.217,1.00374,1.00416,1.35,1.80
2011.03.29 23:35:56.329,1.00372,1.00416,1.35,1.65
2011.03.29 23:35:57.206,1.00372,1.00416,1.35,1.65
2011.03.29 23:35:58.786,1.00374,1.00416,1.35,1.65
2011.03.29 23:36:00.446,1.00371,1.00417,1.35,2.25
2011.03.29 23:36:00.997,1.00371,1.00417,1.35,2.25
2011.03.29 23:36:01.576,1.00371,1.00417,1.35,2.25
2011.03.29 23:36:02.306,1.00371,1.00417,1.35,2.25
2011.03.29 23:36:03.037,1.00371,1.00414,1.35,1.05
2011.03.29 23:36:03.559,1.00371,1.00414,1.73,1.05
2011.03.29 23:36:03.886,1.0038,1.00425,1.35,1.65
2011.03.29 23:36:04.767,1.0038,1.00424,1.35,1.65
2011.03.29 23:36:05.096,1.00378,1.00423,1.35,1.65
2011.03.29 23:36:05.967,1.00378,1.00419,1.35,1.05
2011.03.29 23:36:07.916,1.00373,1.00417,1.35,1.50
2011.03.29 23:36:08.466,1.00373,1.00417,1.35,2.25
2011.03.29 23:36:09.066,1.00373,1.00416,1.35,1.65
2011.03.29 23:36:17.948,1.00373,1.00416,1.35,1.50
2011.03.29 23:36:18.168,1.00372,1.00416,1.35,1.65
2011.03.29 23:36:18.947,1.00369,1.00412,2.10,1.05
2011.03.29 23:36:20.719,1.00366,1.00411,1.35,1.65
2011.03.29 23:36:28.186,1.00366,1.00412,1.50,1.50
2011.03.29 23:36:30.102,1.00366,1.00412,1.35,1.65
2011.03.29 23:36:30.243,1.00366,1.00412,1.50,1.50
2011.03.29 23:36:35.021,1.00365,1.00412,1.35,1.05
2011.03.29 23:36:35.247,1.00365,1.00413,1.35,1.05
2011.03.29 23:36:36.088,1.00365,1.00412,1.35,1.50
2011.03.29 23:36:37.407,1.00365,1.00407,1.35,1.80
2011.03.29 23:36:39.936,1.00365,1.00407,1.35,1.65
2011.03.29 23:36:40.306,1.00361,1.00406,2.85,1.65
2011.03.29 23:36:40.417,1.00358,1.00406,1.35,1.65
2011.03.29 23:36:41.106,1.00358,1.00404,1.35,1.05
2011.03.29 23:36:41.216,1.00358,1.00406,1.50,1.65
2011.03.29 23:36:43.297,1.00358,1.00406,1.50,1.65
2011.03.29 23:36:45.427,1.00361,1.00406,1.13,1.65
2011.03.29 23:36:45.867,1.00358,1.00407,1.50,1.50
2011.03.29 23:36:46.527,1.00358,1.00407,1.50,1.50
2011.03.29 23:36:46.747,1.00358,1.00399,1.35,1.50
2011.03.29 23:36:47.186,1.00358,1.00397,1.35,1.50
2011.03.29 23:36:47.742,1.00358,1.00397,1.35,1.50
2011.03.29 23:36:48.296,1.00358,1.00397,1.35,1.50
2011.03.29 23:36:49.936,1.00358,1.00407,1.35,1.65
2011.03.29 23:36:50.046,1.00358,1.00407,1.35,1.65
2011.03.29 23:36:50.486,1.00367,1.00409,1.13,1.35
2011.03.29 23:36:50.597,1.00367,1.00416,1.73,1.65
2011.03.29 23:36:50.707,1.00367,1.00418,1.35,2.40
2011.03.29 23:36:50.926,1.00367,1.00418,1.35,2.40
2011.03.29 23:36:51.147,1.00362,1.00417,2.25,1.65
2011.03.29 23:36:51.366,1.00367,1.00418,1.35,2.40
2011.03.29 23:36:51.695,1.00367,1.00414,1.35,1.05
2011.03.29 23:36:54.975,1.00367,1.00412,1.35,1.05
2011.03.29 23:36:56.629,1.00367,1.00413,1.35,1.05
2011.03.29 23:36:56.737,1.00367,1.00417,1.35,1.05
2011.03.29 23:36:57.177,1.00367,1.00413,1.35,1.05
2011.03.29 23:36:57.757,1.00367,1.00411,1.35,1.65
2011.03.29 23:36:58.266,1.00367,1.00407,1.35,1.50
2011.03.29 23:36:58.886,1.00367,1.00411,1.35,1.65
2011.03.29 23:37:00.217,1.00367,1.00408,1.35,1.05
2011.03.29 23:37:01.376,1.00367,1.00412,1.35,1.65
2011.03.29 23:37:01.926,1.00367,1.00413,1.35,1.05
2011.03.29 23:37:03.857,1.00367,1.00412,1.35,1.05
2011.03.29 23:37:10.927,1.00367,1.00414,1.35,1.05
2011.03.29 23:37:11.493,1.00367,1.00417,1.35,1.05
2011.03.29 23:37:11.946,1.00367,1.00417,1.35,1.05
2011.03.29 23:37:12.167,1.00367,1.00418,1.50,1.65
2011.03.29 23:37:13.986,1.00367,1.00418,1.50,1.50
2011.03.29 23:37:15.726,1.00367,1.00418,1.35,1.50
2011.03.29 23:37:15.947,1.00367,1.00412,1.35,1.50
2011.03.29 23:37:16.167,1.00367,1.00418,1.35,1.50
2011.03.29 23:37:16.715,1.00367,1.00416,1.35,1.65
2011.03.29 23:37:17.045,1.00367,1.00416,1.50,1.50
2011.03.29 23:37:17.658,1.0036,1.00414,1.28,1.50
2011.03.29 23:37:17.768,1.00357,1.00407,1.05,1.50
2011.03.29 23:37:17.988,1.00357,1.00413,1.05,1.65
2011.03.29 23:37:18.098,1.00357,1.00413,1.05,1.65
2011.03.29 23:37:18.209,1.00359,1.00412,1.05,1.50
2011.03.29 23:37:18.536,1.0036,1.00407,1.05,1.50
2011.03.29 23:37:20.019,1.00356,1.00406,1.05,1.50
2011.03.29 23:37:20.516,1.00356,1.00412,1.43,1.50
2011.03.29 23:37:21.066,1.00356,1.00413,1.43,1.65
2011.03.29 23:37:21.646,1.00359,1.00413,1.28,1.65
2011.03.29 23:37:21.758,1.00364,1.00413,1.13,1.65
2011.03.29 23:37:21.866,1.00367,1.00418,1.28,1.05
2011.03.29 23:37:22.086,1.00362,1.00417,1.65,1.50
2011.03.29 23:37:22.306,1.00359,1.00416,1.65,1.50
2011.03.29 23:37:22.417,1.00361,1.00413,1.13,1.05
2011.03.29 23:37:22.527,1.00362,1.00413,1.50,1.05
2011.03.29 23:37:24.048,1.00362,1.00417,1.50,1.50
2011.03.29 23:37:25.387,1.00368,1.00416,1.35,1.05
2011.03.29 23:37:26.045,1.00368,1.00417,1.35,1.80
2011.03.29 23:37:26.987,1.00368,1.00417,1.35,1.65
2011.03.29 23:37:27.427,1.00368,1.00417,1.35,1.65
2011.03.29 23:37:29.047,1.00368,1.00416,1.35,1.05
2011.03.29 23:37:34.156,1.00373,1.00416,1.35,1.05
2011.03.29 23:37:34.267,1.00373,1.00418,1.73,1.05
2011.03.29 23:37:34.487,1.00376,1.00428,1.73,1.50
2011.03.29 23:37:34.707,1.00376,1.00428,1.73,1.50
2011.03.29 23:37:35.537,1.00369,1.00422,1.50,2.10
2011.03.29 23:37:36.058,1.00369,1.00422,1.50,2.10
2011.03.29 23:37:36.596,1.00369,1.00422,1.50,2.10
2011.03.29 23:37:37.052,1.00369,1.00422,1.50,2.25
2011.03.29 23:37:38.926,1.00368,1.00421,1.50,1.65
2011.03.29 23:37:39.356,1.00368,1.00418,1.35,1.05
2011.03.29 23:37:39.706,1.00368,1.00422,1.35,1.50
2011.03.29 23:37:40.467,1.00367,1.00421,1.35,1.05
2011.03.29 23:37:40.907,1.00362,1.00417,1.50,1.50
2011.03.29 23:37:43.056,1.00361,1.00416,1.65,1.50
2011.03.29 23:37:43.606,1.0036,1.00416,1.65,1.50
2011.03.29 23:37:44.047,1.0036,1.00414,1.65,1.05
2011.03.29 23:37:50.537,1.0036,1.00414,1.65,1.28
2011.03.29 23:37:50.646,1.0036,1.00414,1.65,1.28
2011.03.29 23:37:50.867,1.00358,1.00415,1.65,1.65
2011.03.29 23:37:50.978,1.00359,1.00413,1.50,1.05
2011.03.29 23:37:51.999,1.00359,1.00414,1.65,1.05
2011.03.29 23:37:52.457,1.00359,1.00411,1.65,1.50
2011.03.29 23:37:53.636,1.00359,1.00406,1.50,1.65
2011.03.29 23:37:56.708,1.00358,1.00413,1.50,1.05
2011.03.29 23:37:56.816,1.00358,1.00413,1.50,1.05
2011.03.29 23:37:58.076,1.00358,1.00413,1.65,1.05
2011.03.29 23:37:59.077,1.00358,1.00408,1.50,1.65
2011.03.29 23:37:59.627,1.00358,1.00408,1.05,2.10
2011.03.29 23:37:59.846,1.00358,1.00411,3.30,1.50
2011.03.29 23:37:59.957,1.00361,1.00411,1.05,1.50
2011.03.29 23:38:09.637,1.00368,1.00417,1.35,1.65
2011.03.29 23:38:09.747,1.00368,1.00416,1.35,1.65
2011.03.29 23:38:10.077,1.00368,1.00419,1.35,1.65
2011.03.29 23:38:13.005,1.00374,1.00421,1.35,1.65
2011.03.29 23:38:13.998,1.00374,1.00424,1.35,1.05
2011.03.29 23:38:17.659,1.00374,1.00422,1.35,1.05
2011.03.29 23:38:18.874,1.00374,1.00423,1.35,1.05
2011.03.29 23:38:19.477,1.00374,1.00422,1.35,1.80
2011.03.29 23:38:20.100,1.00374,1.00423,1.35,1.05
2011.03.29 23:38:22.126,1.00374,1.00423,1.50,1.05
2011.03.29 23:38:23.997,1.00374,1.00418,1.35,1.05
2011.03.29 23:38:24.948,1.00378,1.00421,3.00,1.80
2011.03.29 23:38:25.168,1.00379,1.00424,2.25,1.05
2011.03.29 23:38:25.277,1.00381,1.00424,2.25,1.05
2011.03.29 23:38:27.488,1.0038,1.00425,2.25,1.65
2011.03.29 23:38:28.038,1.00383,1.00425,1.13,1.65
2011.03.29 23:38:28.258,1.0038,1.00426,2.25,1.50
2011.03.29 23:38:28.477,1.00382,1.00426,1.13,1.50
2011.03.29 23:38:29.241,1.00384,1.00426,3.00,1.65
2011.03.29 23:38:29.967,1.00384,1.00426,3.00,2.40
2011.03.29 23:38:41.458,1.00379,1.00425,1.13,1.50
2011.03.29 23:38:41.567,1.00374,1.00425,1.50,1.50
2011.03.29 23:38:42.248,1.00374,1.00424,1.35,1.05
2011.03.29 23:38:43.042,1.00374,1.00427,1.50,3.75
2011.03.29 23:38:44.043,1.00374,1.00427,1.50,3.90
2011.03.29 23:38:51.095,1.00374,1.00425,1.50,1.50
2011.03.29 23:38:51.207,1.00381,1.00426,2.10,3.15
2011.03.29 23:38:51.866,1.00385,1.00429,1.35,1.65
2011.03.29 23:38:56.044,1.00385,1.00428,1.35,1.05
2011.03.29 23:38:58.925,1.00385,1.00429,1.35,1.50
2011.03.29 23:38:59.257,1.00385,1.00429,1.50,1.35
2011.03.29 23:39:01.995,1.00385,1.00428,1.35,1.05
2011.03.29 23:39:02.687,1.00389,1.00434,1.35,1.65
2011.03.29 23:39:03.018,1.00391,1.00434,1.35,1.65
2011.03.29 23:39:04.995,1.00391,1.00433,1.35,1.05
2011.03.29 23:39:07.417,1.00391,1.00434,1.50,1.50
2011.03.29 23:39:09.790,1.00394,1.00436,1.35,2.40
2011.03.29 23:39:10.118,1.00397,1.00444,1.35,1.05
2011.03.29 23:39:10.997,1.00397,1.00446,1.35,1.50
2011.03.29 23:39:11.437,1.00397,1.00446,1.35,2.25
2011.03.29 23:39:12.607,1.0039,1.00439,1.35,1.05
2011.03.29 23:39:12.718,1.0039,1.00439,1.35,1.05
2011.03.29 23:39:15.677,1.0039,1.00433,1.35,1.05
2011.03.29 23:39:16.295,1.0039,1.00439,1.35,1.05
2011.03.29 23:39:16.411,1.0039,1.00439,1.35,1.05
2011.03.29 23:39:16.995,1.0039,1.00438,1.50,1.05
2011.03.29 23:39:18.707,1.0039,1.00438,1.50,1.05
2011.03.29 23:39:18.928,1.00391,1.0044,1.28,1.50
2011.03.29 23:39:21.307,1.00398,1.00444,1.35,1.05
2011.03.29 23:39:22.806,1.00398,1.00444,1.35,1.05
2011.03.29 23:39:23.248,1.00395,1.00441,1.35,1.50
2011.03.29 23:39:25.010,1.00395,1.00438,1.35,1.05
2011.03.29 23:39:29.397,1.00395,1.00438,1.35,1.05
2011.03.29 23:39:29.728,1.00395,1.00441,1.35,1.50
2011.03.29 23:39:29.947,1.00395,1.00442,1.35,1.50
2011.03.29 23:39:30.387,1.00395,1.00442,1.35,1.50
2011.03.29 23:39:32.448,1.00389,1.00437,1.43,1.35
2011.03.29 23:39:34.087,1.00389,1.00437,1.50,1.50
2011.03.29 23:39:36.023,1.00389,1.00437,2.18,1.65
2011.03.29 23:39:37.336,1.00389,1.00437,1.43,1.05
2011.03.29 23:39:41.243,1.00389,1.00439,1.50,1.05
2011.03.29 23:39:48.685,1.00388,1.00442,2.33,2.25
2011.03.29 23:39:50.005,1.00389,1.00439,1.43,1.05
2011.03.29 23:39:51.035,1.00389,1.00438,1.43,1.05
2011.03.29 23:39:52.146,1.00388,1.00436,2.18,1.05
2011.03.29 23:39:55.019,1.00389,1.00438,2.18,1.05
2011.03.29 23:39:56.118,1.00382,1.00438,1.88,1.05
2011.03.29 23:39:57.406,1.00382,1.00437,1.88,1.05
2011.03.29 23:40:01.146,1.00382,1.00436,1.88,1.80
2011.03.29 23:40:06.573,1.00382,1.00436,1.88,1.05
2011.03.29 23:40:06.796,1.00382,1.00437,1.88,1.80
2011.03.29 23:40:07.364,1.00382,1.00436,1.88,1.20
2011.03.29 23:40:11.666,1.00382,1.00436,1.88,1.20
2011.03.29 23:40:19.788,1.00382,1.00431,1.35,1.65
2011.03.29 23:40:21.005,1.00382,1.00428,1.50,1.05
2011.03.29 23:40:22.147,1.00379,1.00427,1.35,1.05
2011.03.29 23:40:22.698,1.00379,1.00429,1.35,1.05
2011.03.29 23:40:22.916,1.00379,1.00429,1.35,1.05
2011.03.29 23:40:27.037,1.00379,1.00424,1.35,1.05
2011.03.29 23:40:30.258,1.00374,1.00417,1.43,2.10
2011.03.29 23:40:30.478,1.00369,1.00412,1.35,1.35
2011.03.29 23:40:30.697,1.00368,1.00411,2.10,1.50
2011.03.29 23:40:31.247,1.00362,1.00418,1.05,1.65
2011.03.29 23:40:31.468,1.00359,1.00411,1.65,1.50
2011.03.29 23:40:31.799,1.00357,1.00415,4.50,1.88
2011.03.29 23:40:32.126,1.00356,1.00412,1.35,1.65
2011.03.29 23:40:32.794,1.00356,1.00415,1.35,1.88
2011.03.29 23:40:32.909,1.00356,1.00414,1.35,1.05
2011.03.29 23:40:34.056,1.00356,1.00409,1.35,1.05
2011.03.29 23:40:35.076,1.00356,1.00408,1.50,1.05
2011.03.29 23:40:38.198,1.00356,1.0041,1.50,1.28
2011.03.29 23:40:38.307,1.00356,1.0041,1.50,1.28
2011.03.29 23:40:38.418,1.0035,1.00407,1.50,1.65
2011.03.29 23:40:39.067,1.00351,1.00407,1.05,1.65
2011.03.29 23:40:41.086,1.00352,1.00406,1.05,1.05
2011.03.29 23:40:42.419,1.00352,1.00407,1.05,1.80
2011.03.29 23:40:42.529,1.00351,1.00407,1.43,1.65
2011.03.29 23:40:42.637,1.00351,1.00408,5.03,1.50
2011.03.29 23:40:44.866,1.00351,1.00408,4.65,1.50
2011.03.29 23:40:44.980,1.00351,1.00408,1.05,1.50
2011.03.29 23:40:47.136,1.00359,1.00407,1.35,1.05
2011.03.29 23:40:49.520,1.00359,1.00409,1.50,2.03
2011.03.29 23:40:49.739,1.00359,1.00409,1.50,1.50
2011.03.29 23:40:52.478,1.00359,1.00411,1.50,1.65
2011.03.29 23:40:52.588,1.00359,1.00415,1.50,2.40
2011.03.29 23:40:54.141,1.00369,1.00417,1.35,1.80
2011.03.29 23:40:57.358,1.00369,1.00417,1.35,1.80
2011.03.29 23:40:57.468,1.00369,1.00417,1.50,1.65
2011.03.29 23:40:57.744,1.00369,1.00416,1.35,1.05
2011.03.29 23:40:57.967,1.00369,1.00417,1.50,1.65
2011.03.29 23:41:02.057,1.00369,1.00417,1.35,1.80
2011.03.29 23:41:02.169,1.00369,1.00417,1.35,1.50
2011.03.29 23:41:02.391,1.00369,1.00419,1.35,1.05
2011.03.29 23:41:02.716,1.00369,1.00424,1.35,2.03
2011.03.29 23:41:03.403,1.00371,1.00424,1.05,1.88
2011.03.29 23:41:03.627,1.00369,1.00422,1.50,1.50
2011.03.29 23:41:03.736,1.00369,1.00423,1.50,1.50
2011.03.29 23:41:03.956,1.00369,1.00423,1.35,1.65
2011.03.29 23:41:04.397,1.00369,1.00421,1.50,1.50
2011.03.29 23:41:04.728,1.00369,1.00421,1.35,1.35
2011.03.29 23:41:04.837,1.00369,1.00421,1.35,1.35
2011.03.29 23:41:05.277,1.00369,1.00422,1.35,1.50
2011.03.29 23:41:06.998,1.00369,1.00421,1.35,1.65
2011.03.29 23:41:07.704,1.00369,1.00422,1.35,1.65
2011.03.29 23:41:08.049,1.00369,1.00425,1.35,2.25
2011.03.29 23:41:09.249,1.00367,1.00429,1.50,1.05
2011.03.29 23:41:09.577,1.00367,1.00427,1.50,1.05
2011.03.29 23:41:09.688,1.00367,1.00427,1.50,1.05
2011.03.29 23:41:10.258,1.00367,1.00427,1.35,1.05
2011.03.29 23:41:10.367,1.00367,1.00427,1.35,1.05
2011.03.29 23:41:10.860,1.00367,1.00429,1.50,1.05
2011.03.29 23:41:10.988,1.00367,1.00424,1.35,1.05
2011.03.29 23:41:14.317,1.00371,1.00424,1.28,1.05
2011.03.29 23:41:14.537,1.00371,1.00426,1.28,1.05
2011.03.29 23:41:15.096,1.00371,1.00426,1.28,1.05
2011.03.29 23:41:17.176,1.00372,1.00428,1.05,1.05
2011.03.29 23:41:17.507,1.00376,1.00431,1.28,1.05
2011.03.29 23:41:17.620,1.00376,1.00431,1.28,1.05
2011.03.29 23:41:18.166,1.00376,1.00431,1.28,1.05
2011.03.29 23:41:20.068,1.00377,1.00432,1.05,1.05
2011.03.29 23:41:20.177,1.00377,1.00433,1.05,1.05
2011.03.29 23:41:20.397,1.00372,1.00432,3.30,1.05
2011.03.29 23:41:21.408,1.00377,1.00431,1.05,1.05
2011.03.29 23:41:24.325,1.00371,1.00427,2.03,1.05
2011.03.29 23:41:25.874,1.00377,1.00428,1.05,1.05
2011.03.29 23:41:26.936,1.00372,1.00426,1.05,1.05
2011.03.29 23:41:27.697,1.00377,1.00428,1.05,1.05
2011.03.29 23:41:27.917,1.00371,1.00427,2.03,1.05
2011.03.29 23:41:31.179,1.00377,1.00428,1.05,1.05
2011.03.29 23:41:45.384,1.00375,1.00427,1.28,1.05
2011.03.29 23:41:45.502,1.00376,1.00429,1.05,1.05
2011.03.29 23:41:46.142,1.00375,1.00427,1.28,1.05
2011.03.29 23:41:46.527,1.00377,1.00428,1.05,1.05
2011.03.29 23:41:48.122,1.00375,1.00427,1.28,1.05
2011.03.29 23:41:48.671,1.00377,1.00428,1.05,1.05
2011.03.29 23:41:51.367,1.00372,1.00428,1.05,1.05
2011.03.29 23:41:51.916,1.00372,1.00427,1.05,1.65
2011.03.29 23:41:52.972,1.00371,1.00426,1.65,1.05
2011.03.29 23:42:00.407,1.00366,1.00427,2.03,1.05
2011.03.29 23:42:02.657,1.00367,1.00422,1.05,1.05
2011.03.29 23:42:06.569,1.00367,1.00417,1.05,1.50
2011.03.29 23:42:07.566,1.00367,1.00417,1.05,1.50
2011.03.29 23:42:08.247,1.00366,1.00417,1.50,1.65
2011.03.29 23:42:09.067,1.00366,1.00417,1.50,1.80
2011.03.29 23:42:10.379,1.00366,1.00417,1.35,1.95
2011.03.29 23:42:11.277,1.00366,1.00417,1.50,1.80
2011.03.29 23:42:12.250,1.00366,1.00416,1.35,1.20
2011.03.29 23:42:16.458,1.00362,1.00417,1.05,1.80
2011.03.29 23:42:16.678,1.00357,1.00414,1.88,1.05
2011.03.29 23:42:17.669,1.00357,1.00412,1.88,1.05
2011.03.29 23:42:24.857,1.00357,1.00411,2.03,1.05
2011.03.29 23:42:27.988,1.00357,1.00416,1.73,1.20
2011.03.29 23:42:28.437,1.00361,1.00417,1.28,1.80
2011.03.29 23:42:31.639,1.00366,1.00417,1.50,1.65
2011.03.29 23:42:33.067,1.00367,1.00422,1.05,1.05
2011.03.29 23:42:44.130,1.0037,1.00423,1.28,1.05
2011.03.29 23:42:44.677,1.00371,1.00427,1.05,1.50
2011.03.29 23:42:45.937,1.00366,1.00424,1.65,1.05
2011.03.29 23:42:46.157,1.0037,1.00427,1.88,1.05
2011.03.29 23:42:46.707,1.00375,1.00427,1.13,1.05
2011.03.29 23:42:48.710,1.00377,1.00429,1.13,1.05
2011.03.29 23:42:48.929,1.00375,1.00435,1.13,1.65
2011.03.29 23:42:49.042,1.0037,1.00432,1.88,1.50
2011.03.29 23:42:49.379,1.00376,1.00432,1.13,1.50
2011.03.29 23:42:49.597,1.0037,1.00431,1.73,1.65
2011.03.29 23:42:50.777,1.00376,1.00431,1.13,1.65
2011.03.29 23:42:53.077,1.00376,1.00431,1.13,1.05
2011.03.29 23:42:55.010,1.00376,1.00431,1.28,1.80
2011.03.29 23:42:56.717,1.00372,1.00428,1.05,1.05
2011.03.29 23:42:59.008,1.00371,1.00426,1.43,1.05
2011.03.29 23:42:59.667,1.00376,1.00429,1.28,1.05
2011.03.29 23:43:00.562,1.00376,1.00431,1.28,1.05
2011.03.29 23:43:02.407,1.00377,1.00432,1.05,1.65
2011.03.29 23:43:02.847,1.00371,1.00429,1.43,1.05
2011.03.29 23:43:02.957,1.00377,1.00431,1.05,1.65
2011.03.29 23:43:04.067,1.00372,1.00428,1.05,1.05
2011.03.29 23:43:04.973,1.00371,1.00427,1.43,1.05
2011.03.29 23:43:07.098,1.00371,1.00428,1.28,1.05
2011.03.29 23:43:07.428,1.00374,1.00426,1.50,1.35
2011.03.29 23:43:07.536,1.00374,1.00426,1.50,2.10
2011.03.29 23:43:07.868,1.00374,1.00427,1.35,1.65
2011.03.29 23:43:09.067,1.00374,1.00427,1.50,1.65
2011.03.29 23:43:09.678,1.00374,1.00427,1.50,1.50
2011.03.29 23:43:09.898,1.00374,1.00426,1.35,1.65
2011.03.29 23:43:10.007,1.00374,1.00424,1.35,1.05
2011.03.29 23:43:10.518,1.00374,1.00426,1.35,1.65
2011.03.29 23:43:12.177,1.00376,1.00428,1.50,1.05
2011.03.29 23:43:15.148,1.00376,1.00434,1.65,1.65
2011.03.29 23:43:15.477,1.00376,1.00431,1.50,1.05
2011.03.29 23:43:16.147,1.00376,1.00431,1.50,1.05
2011.03.29 23:43:16.258,1.00376,1.00434,1.65,1.65
2011.03.29 23:43:16.368,1.00376,1.00432,1.65,1.65
2011.03.29 23:43:18.086,1.00376,1.00428,1.50,1.05
2011.03.29 23:43:19.012,1.00376,1.00426,1.50,1.05
2011.03.29 23:43:24.177,1.00376,1.00426,1.50,1.05
2011.03.29 23:43:24.769,1.0037,1.00423,1.50,1.05
2011.03.29 23:43:24.878,1.0037,1.00423,1.50,1.05
2011.03.29 23:43:25.098,1.0037,1.00425,1.50,1.88
2011.03.29 23:43:27.029,1.0037,1.00418,1.50,1.05
2011.03.29 23:43:28.448,1.00371,1.00422,1.05,1.65
2011.03.29 23:43:29.417,1.00373,1.00422,1.05,1.50
2011.03.29 23:43:46.759,1.00377,1.00429,3.15,1.28
2011.03.29 23:43:47.276,1.00377,1.00432,3.30,1.50
2011.03.29 23:43:47.390,1.00382,1.00432,1.65,1.50
2011.03.29 23:43:49.447,1.00377,1.0043,3.15,1.28
2011.03.29 23:43:49.558,1.00377,1.00426,3.00,1.50
2011.03.29 23:43:50.294,1.00376,1.00427,1.05,2.10
2011.03.29 23:43:51.010,1.00377,1.00427,1.05,2.25
2011.03.29 23:43:52.331,1.00373,1.00421,1.50,1.50
2011.03.29 23:43:52.777,1.00368,1.00421,3.15,1.50
2011.03.29 23:43:55.494,1.0037,1.00422,1.65,1.65
2011.03.29 23:43:59.406,1.0037,1.00421,1.50,1.65
2011.03.29 23:43:59.517,1.00373,1.00422,1.35,1.65
2011.03.29 23:44:09.248,1.00375,1.00427,1.13,1.65
2011.03.29 23:44:12.127,1.00375,1.00426,1.13,1.20
2011.03.29 23:44:13.177,1.00375,1.00426,1.13,1.05
2011.03.29 23:44:13.747,1.00373,1.00423,1.35,1.05
2011.03.29 23:44:14.507,1.00373,1.00424,1.35,1.28
2011.03.29 23:44:16.427,1.00367,1.00419,1.05,1.50
2011.03.29 23:44:16.648,1.00367,1.00417,1.05,1.50
2011.03.29 23:44:16.760,1.00365,1.00418,1.50,1.65
2011.03.29 23:44:17.197,1.00365,1.00419,1.50,1.50
2011.03.29 23:44:17.307,1.00365,1.00419,1.50,1.88
2011.03.29 23:44:18.208,1.00365,1.00418,1.50,1.80
2011.03.29 23:44:18.318,1.00366,1.00421,1.50,1.65
2011.03.29 23:44:18.538,1.00366,1.00419,1.50,1.05
2011.03.29 23:44:20.070,1.00366,1.00427,1.50,1.20
2011.03.29 23:44:20.729,1.00366,1.00421,1.50,1.05
2011.03.29 23:44:22.843,1.00366,1.00422,1.50,1.20
2011.03.29 23:44:23.177,1.00371,1.00426,1.13,1.20
2011.03.29 23:44:23.288,1.00366,1.00424,1.65,1.05
2011.03.29 23:44:23.508,1.00366,1.00422,1.50,1.05
2011.03.29 23:44:25.061,1.00367,1.00422,1.05,1.05
2011.03.29 23:44:25.278,1.00366,1.00419,1.50,1.05
2011.03.29 23:44:27.040,1.00366,1.00421,1.50,1.20
2011.03.29 23:44:34.987,1.00366,1.00422,1.50,1.20
2011.03.29 23:44:41.867,1.00366,1.00421,1.50,1.20
2011.03.29 23:44:46.447,1.00366,1.00421,1.35,1.20
2011.03.29 23:44:46.668,1.00366,1.00421,1.50,1.05
2011.03.29 23:44:48.047,1.00366,1.00421,1.50,1.20
2011.03.29 23:44:52.677,1.00366,1.00422,1.88,1.05
2011.03.29 23:44:54.037,1.00366,1.00422,2.03,1.05
2011.03.29 23:44:55.438,1.00366,1.00421,2.03,1.05
2011.03.29 23:44:55.814,1.00372,1.00427,1.05,2.55
2011.03.29 23:44:56.079,1.00367,1.00426,1.05,1.80
2011.03.29 23:44:56.627,1.00367,1.00421,1.05,1.65
2011.03.29 23:44:57.946,1.00367,1.00418,1.05,1.05
2011.03.29 23:45:00.589,1.00366,1.00424,1.65,1.05
2011.03.29 23:45:01.170,1.0037,1.00422,1.13,1.05
2011.03.29 23:45:02.398,1.0037,1.00419,1.13,1.05
2011.03.29 23:45:02.508,1.0037,1.00424,1.13,1.05
2011.03.29 23:45:05.677,1.00366,1.00425,1.65,1.28
2011.03.29 23:45:06.008,1.00366,1.00418,1.65,1.50
2011.03.29 23:45:06.337,1.00361,1.00417,1.05,1.65
2011.03.29 23:45:06.667,1.00361,1.00416,1.05,1.65
2011.03.29 23:45:08.008,1.00361,1.00416,1.28,1.05
2011.03.29 23:45:08.228,1.00362,1.00418,1.05,1.80
2011.03.29 23:45:09.025,1.00366,1.00418,1.05,1.65
2011.03.29 23:45:10.407,1.0037,1.00418,1.88,1.65
2011.03.29 23:45:10.737,1.00375,1.00424,1.35,1.05
2011.03.29 23:45:11.628,1.00375,1.00424,1.35,1.05
2011.03.29 23:45:12.938,1.00367,1.00423,1.05,1.05
2011.03.29 23:45:13.268,1.00367,1.00421,1.05,1.65
2011.03.29 23:45:14.991,1.00366,1.00419,1.05,1.05
2011.03.29 23:45:15.689,1.00371,1.00422,1.28,1.65
2011.03.29 23:45:15.907,1.00371,1.00423,1.28,1.05
2011.03.29 23:45:16.426,1.00371,1.00423,1.28,1.05
2011.03.29 23:45:18.428,1.00369,1.0042,1.43,1.05
2011.03.29 23:45:18.538,1.00364,1.00419,1.50,1.05
2011.03.29 23:45:18.868,1.00364,1.00416,1.50,1.65
2011.03.29 23:45:21.067,1.00364,1.00416,1.50,1.05
2011.03.29 23:45:22.970,1.00371,1.0042,1.28,1.65
2011.03.29 23:45:23.190,1.00368,1.00424,1.58,1.05
2011.03.29 23:45:23.408,1.00367,1.00421,1.05,1.50
2011.03.29 23:45:23.957,1.00371,1.00424,1.13,1.05
2011.03.29 23:45:24.728,1.00367,1.00423,1.05,1.05
2011.03.29 23:45:25.167,1.00367,1.00425,1.05,1.28
2011.03.29 23:45:26.348,1.00367,1.00422,1.05,1.65
2011.03.29 23:45:27.014,1.00367,1.00418,1.05,1.05
2011.03.29 23:45:28.418,1.00364,1.00419,1.50,1.43
2011.03.29 23:45:28.638,1.00364,1.00418,1.35,1.05
2011.03.29 23:45:28.967,1.00364,1.00416,1.35,1.05
2011.03.29 23:45:29.407,1.00364,1.00419,1.50,1.05
2011.03.29 23:45:29.918,1.00364,1.00417,1.35,1.05
2011.03.29 23:45:34.099,1.00367,1.00418,1.05,1.05
2011.03.29 23:45:37.067,1.00364,1.00417,1.50,1.05
2011.03.29 23:45:37.509,1.00364,1.00418,1.50,1.20
2011.03.29 23:45:47.448,1.00364,1.00417,1.50,1.65
2011.03.29 23:45:47.667,1.00362,1.00416,1.05,1.65
2011.03.29 23:45:49.947,1.00357,1.00404,1.13,2.10
2011.03.29 23:45:50.348,1.00351,1.00399,1.05,1.35
2011.03.29 23:45:50.462,1.00346,1.00397,1.05,1.50
2011.03.29 23:45:50.681,1.00352,1.00397,1.05,1.50
2011.03.29 23:45:54.028,1.00351,1.00397,1.05,1.50
2011.03.29 23:45:55.020,1.00352,1.00396,1.05,1.50
2011.03.29 23:45:59.028,1.00347,1.00397,1.05,1.50
2011.03.29 23:45:59.359,1.00347,1.00392,1.05,1.50
2011.03.29 23:45:59.577,1.00347,1.00392,1.05,1.50
2011.03.29 23:45:59.798,1.00347,1.00392,1.05,1.50
2011.03.29 23:46:00.497,1.00346,1.00392,1.05,1.50
2011.03.29 23:46:01.973,1.00347,1.00392,1.05,1.50
2011.03.29 23:46:07.648,1.00345,1.00392,1.50,1.50
2011.03.29 23:46:07.758,1.00345,1.00392,1.50,1.50
2011.03.29 23:46:08.197,1.00345,1.00392,1.50,3.00
2011.03.29 23:46:09.058,1.00347,1.00392,1.05,3.00
2011.03.29 23:46:09.566,1.00345,1.00392,1.50,3.00
2011.03.29 23:46:09.787,1.00342,1.00387,1.05,2.85
2011.03.29 23:46:10.117,1.00338,1.00383,1.65,1.35
2011.03.29 23:46:10.228,1.00338,1.00383,1.50,1.35
2011.03.29 23:46:10.667,1.00336,1.00378,1.05,1.35
2011.03.29 23:46:10.778,1.00334,1.00378,1.50,1.35
2011.03.29 23:46:11.336,1.00334,1.00376,1.50,1.35
2011.03.29 23:46:12.093,1.00334,1.00376,1.50,1.35
2011.03.29 23:46:13.022,1.00334,1.00376,1.50,1.35
2011.03.29 23:46:14.046,1.00336,1.00376,1.05,1.35
2011.03.29 23:46:14.489,1.0034,1.00383,1.50,1.35
2011.03.29 23:46:14.598,1.00342,1.00383,1.35,1.35
2011.03.29 23:46:14.933,1.00342,1.00383,1.35,1.35
2011.03.29 23:46:17.076,1.00342,1.00383,1.35,1.35
2011.03.29 23:46:19.707,1.00342,1.00383,1.35,1.35
2011.03.29 23:46:21.426,1.00342,1.00383,1.65,1.35
2011.03.29 23:46:21.788,1.00347,1.0039,1.35,1.35
2011.03.29 23:46:22.117,1.00347,1.00393,1.35,2.10
2011.03.29 23:46:22.227,1.00343,1.00396,1.35,1.50
2011.03.29 23:46:22.989,1.00343,1.00398,1.35,1.80
2011.03.29 23:46:24.698,1.00346,1.00398,1.28,1.50
2011.03.29 23:46:24.808,1.00348,1.00404,1.35,1.05
2011.03.29 23:46:24.918,1.00348,1.00401,1.73,1.05
2011.03.29 23:46:25.028,1.00348,1.00407,1.73,1.65
2011.03.29 23:46:25.248,1.00348,1.00407,1.35,1.50
2011.03.29 23:46:26.047,1.00349,1.00406,1.35,1.65
2011.03.29 23:46:26.897,1.00349,1.00401,1.35,1.05
2011.03.29 23:46:27.446,1.00342,1.00398,1.05,1.80
2011.03.29 23:46:28.033,1.00341,1.00398,2.03,1.50
2011.03.29 23:46:29.087,1.00342,1.00398,1.05,1.80
2011.03.29 23:46:30.147,1.00341,1.00398,1.88,1.65
2011.03.29 23:46:30.257,1.00341,1.00398,1.50,1.65
2011.03.29 23:46:30.367,1.00341,1.00398,1.50,1.65
2011.03.29 23:46:30.697,1.0034,1.00398,1.50,1.65
2011.03.29 23:46:31.460,1.0034,1.00393,1.50,1.05
2011.03.29 23:46:32.025,1.0034,1.00393,1.65,1.05
2011.03.29 23:46:33.958,1.00341,1.00398,1.28,1.80
2011.03.29 23:46:34.068,1.00342,1.00397,1.05,1.65
2011.03.29 23:46:34.287,1.00342,1.00397,1.05,1.65
2011.03.29 23:46:34.836,1.00342,1.00397,1.05,1.65
2011.03.29 23:46:35.988,1.00346,1.00397,1.05,1.65
2011.03.29 23:46:37.287,1.00346,1.00397,1.05,1.65
2011.03.29 23:46:39.114,1.00341,1.00394,2.03,1.05
2011.03.29 23:46:39.478,1.00346,1.00397,1.05,1.65
2011.03.29 23:46:39.964,1.00342,1.00393,1.05,1.05
2011.03.29 23:46:40.977,1.00347,1.00397,1.05,1.65
2011.03.29 23:46:41.087,1.00347,1.00397,1.05,1.65
2011.03.29 23:46:45.838,1.0035,1.00397,2.25,1.65
2011.03.29 23:46:46.168,1.00356,1.00407,1.50,1.65
2011.03.29 23:46:46.387,1.00356,1.00407,1.88,1.65
2011.03.29 23:46:46.498,1.00356,1.00409,1.88,1.05
2011.03.29 23:46:47.596,1.00356,1.00409,1.88,1.05
2011.03.29 23:46:48.408,1.00356,1.00407,1.28,1.65
2011.03.29 23:46:48.738,1.00352,1.00407,1.05,1.50
2011.03.29 23:46:48.957,1.00352,1.00408,1.05,1.65
2011.03.29 23:46:49.838,1.00352,1.00408,1.05,1.05
2011.03.29 23:46:50.498,1.00353,1.00408,1.28,1.05
2011.03.29 23:46:51.047,1.00356,1.00408,1.28,1.05
2011.03.29 23:46:52.438,1.00357,1.0041,1.05,1.50
2011.03.29 23:46:52.778,1.00357,1.00408,1.05,1.05
2011.03.29 23:46:54.949,1.00371,1.00421,1.13,2.40
2011.03.29 23:46:55.169,1.00371,1.00423,1.13,1.05
2011.03.29 23:46:55.388,1.00371,1.00423,1.13,1.05
2011.03.29 23:46:55.939,1.00371,1.00423,1.13,1.05
2011.03.29 23:46:56.650,1.00364,1.00418,3.00,1.05
2011.03.29 23:46:56.758,1.00364,1.00418,3.00,1.05
2011.03.29 23:46:56.978,1.0036,1.00417,2.55,1.50
2011.03.29 23:46:57.308,1.00358,1.00417,1.05,1.50
2011.03.29 23:46:57.419,1.00357,1.00415,1.35,1.28
2011.03.29 23:46:57.527,1.00357,1.00415,1.35,1.28
2011.03.29 23:46:57.748,1.00351,1.00408,1.05,1.50
2011.03.29 23:46:58.548,1.00351,1.00411,1.05,1.50
2011.03.29 23:46:58.659,1.00357,1.0041,1.13,1.65
2011.03.29 23:46:58.769,1.00357,1.00411,1.13,1.65
2011.03.29 23:46:58.877,1.0036,1.00413,1.13,1.05
2011.03.29 23:46:59.098,1.00357,1.00414,1.50,1.05
2011.03.29 23:46:59.207,1.00357,1.00414,1.50,1.05
2011.03.29 23:46:59.757,1.00357,1.00414,1.50,1.05
2011.03.29 23:47:00.298,1.00357,1.00414,1.88,1.05
2011.03.29 23:47:00.517,1.00358,1.00418,1.43,1.05
2011.03.29 23:47:01.505,1.00362,1.00418,1.05,1.05
2011.03.29 23:47:01.947,1.00359,1.00417,1.05,1.65
2011.03.29 23:47:03.416,1.00357,1.00413,1.65,1.05
2011.03.29 23:47:04.147,1.00357,1.00409,1.50,1.05
2011.03.29 23:47:06.370,1.00357,1.00413,1.80,1.05
2011.03.29 23:47:11.637,1.00357,1.00413,1.80,1.05
2011.03.29 23:47:14.597,1.00357,1.00413,1.80,1.05
2011.03.29 23:47:15.487,1.00357,1.00413,1.80,1.05
2011.03.29 23:47:16.903,1.00357,1.00413,1.80,1.05
2011.03.29 23:47:17.597,1.00357,1.00413,1.80,1.05
2011.03.29 23:47:20.277,1.00358,1.00413,1.05,1.05
2011.03.29 23:47:20.939,1.00358,1.00413,1.05,1.05
2011.03.29 23:47:21.487,1.00358,1.00413,1.05,1.05
2011.03.29 23:47:22.271,1.00358,1.00413,1.05,1.05
2011.03.29 23:47:23.517,1.00358,1.00413,1.05,1.05
2011.03.29 23:47:25.237,1.00358,1.00413,1.05,1.05
2011.03.29 23:47:25.738,1.00358,1.00413,1.05,1.05
2011.03.29 23:47:26.343,1.00358,1.00413,1.05,1.05
2011.03.29 23:47:28.628,1.00358,1.00417,1.20,1.65
2011.03.29 23:47:28.957,1.00358,1.00417,1.20,1.65
2011.03.29 23:47:30.107,1.00358,1.00417,1.20,1.65
2011.03.29 23:47:32.747,1.00358,1.00417,1.20,1.65
2011.03.29 23:47:33.307,1.00358,1.00417,1.20,1.65
2011.03.29 23:47:35.697,1.00358,1.00417,1.20,1.65
2011.03.29 23:47:38.897,1.00358,1.00417,1.05,1.65
2011.03.29 23:47:39.008,1.00361,1.00417,1.43,1.65
2011.03.29 23:47:39.603,1.00361,1.00417,1.43,1.65
2011.03.29 23:47:40.048,1.00366,1.00417,1.05,1.65
2011.03.29 23:47:43.307,1.00366,1.00417,1.05,1.65
2011.03.29 23:47:44.289,1.00367,1.00417,1.05,1.50
2011.03.29 23:47:46.038,1.00357,1.00418,1.80,1.65
2011.03.29 23:47:47.207,1.00357,1.00418,1.80,1.65
2011.03.29 23:47:49.027,1.00367,1.00418,1.05,1.50
2011.03.29 23:47:49.596,1.00366,1.00418,1.05,1.65
2011.03.29 23:47:49.817,1.00367,1.00418,1.20,1.65
2011.03.29 23:47:51.638,1.00357,1.00418,1.95,1.65
2011.03.29 23:47:52.267,1.00357,1.00411,1.65,1.50
2011.03.29 23:47:52.383,1.00358,1.00418,1.05,1.50
2011.03.29 23:47:54.008,1.00359,1.00417,1.20,1.65
2011.03.29 23:47:55.087,1.00359,1.00417,1.20,1.65
2011.03.29 23:47:55.637,1.00366,1.00417,1.05,1.50
2011.03.29 23:47:55.747,1.00366,1.00417,1.05,1.50
2011.03.29 23:47:56.977,1.00368,1.00417,1.05,1.50
2011.03.29 23:47:59.468,1.0036,1.00418,1.20,1.65
2011.03.29 23:47:59.688,1.00358,1.00417,1.05,1.65
2011.03.29 23:47:59.958,1.00357,1.00413,1.05,1.65
2011.03.29 23:48:00.179,1.00353,1.00409,1.20,1.13
2011.03.29 23:48:00.507,1.00352,1.00408,1.05,1.50
2011.03.29 23:48:01.118,1.00357,1.00407,1.05,1.50
2011.03.29 23:48:01.727,1.00357,1.00407,1.05,1.50
2011.03.29 23:48:01.944,1.00358,1.00407,1.05,1.50
2011.03.29 23:48:02.489,1.00356,1.00407,1.05,1.50
2011.03.29 23:48:02.597,1.00349,1.00406,1.80,1.50
2011.03.29 23:48:02.709,1.00349,1.00398,2.03,1.50
2011.03.29 23:48:02.927,1.00352,1.00408,1.05,1.80
2011.03.29 23:48:03.267,1.00356,1.00408,1.05,1.50
2011.03.29 23:48:04.454,1.00356,1.00408,1.05,1.50
2011.03.29 23:48:05.017,1.00356,1.00408,1.05,1.50
2011.03.29 23:48:05.553,1.00357,1.00408,1.05,1.50
2011.03.29 23:48:05.670,1.00357,1.00408,1.05,1.50
2011.03.29 23:48:05.888,1.00357,1.00412,1.05,1.35
2011.03.29 23:48:06.488,1.00362,1.00416,1.05,2.40
2011.03.29 23:48:08.155,1.00362,1.00417,1.05,2.40
2011.03.29 23:48:08.479,1.00358,1.00411,1.05,1.50
2011.03.29 23:48:09.027,1.00357,1.00408,1.35,1.50
2011.03.29 23:48:09.648,1.00357,1.00408,1.35,1.50
2011.03.29 23:48:09.757,1.00357,1.00408,1.05,1.50
2011.03.29 23:48:09.868,1.00357,1.00413,1.05,1.35
2011.03.29 23:48:10.668,1.00361,1.00417,1.05,3.15
2011.03.29 23:48:10.998,1.00366,1.00416,1.05,1.50
2011.03.29 23:48:13.038,1.00368,1.00417,1.05,3.00
2011.03.29 23:48:13.416,1.00366,1.00417,1.05,3.15
2011.03.29 23:48:15.166,1.00366,1.00416,1.05,2.40
2011.03.29 23:48:15.827,1.00366,1.00416,1.05,1.65
2011.03.29 23:48:18.948,1.00366,1.00416,1.05,1.65
2011.03.29 23:48:20.377,1.00366,1.00417,1.05,3.15
2011.03.29 23:48:21.774,1.00366,1.00416,1.05,1.65
2011.03.29 23:48:25.207,1.00366,1.00416,1.05,1.65
2011.03.29 23:48:25.538,1.00367,1.00421,1.43,1.65
2011.03.29 23:48:25.649,1.00367,1.00424,1.58,2.25
2011.03.29 23:48:26.542,1.00368,1.00424,1.43,1.50
2011.03.29 23:48:27.066,1.00368,1.00424,1.58,1.50
2011.03.29 23:48:28.838,1.00368,1.00425,1.58,1.65
2011.03.29 23:48:29.168,1.00374,1.00429,1.28,1.05
2011.03.29 23:48:29.389,1.00376,1.00432,1.05,2.40
2011.03.29 23:48:29.937,1.00376,1.00431,1.43,2.40
2011.03.29 23:48:32.008,1.00378,1.00431,1.43,1.50
2011.03.29 23:48:32.337,1.00378,1.00433,1.20,1.35
2011.03.29 23:48:32.448,1.00378,1.00433,1.05,1.35
2011.03.29 23:48:33.738,1.00377,1.00427,1.05,1.50
2011.03.29 23:48:34.068,1.00373,1.00427,1.05,1.50
2011.03.29 23:48:34.179,1.00371,1.00427,1.05,1.65
2011.03.29 23:48:34.727,1.00372,1.00429,1.28,1.05
2011.03.29 23:48:34.948,1.00377,1.00433,1.05,3.83
2011.03.29 23:48:35.497,1.00377,1.00433,1.05,1.65
2011.03.29 23:48:36.648,1.00377,1.00433,1.05,1.65
2011.03.29 23:48:37.007,1.00379,1.00433,1.05,1.65
2011.03.29 23:48:40.219,1.0038,1.00426,1.05,1.50
2011.03.29 23:48:40.328,1.00376,1.00426,1.05,1.50
2011.03.29 23:48:40.987,1.00376,1.00427,1.05,1.50
2011.03.29 23:48:41.965,1.00377,1.00427,1.05,1.65
2011.03.29 23:48:42.509,1.00371,1.00426,1.05,1.65
2011.03.29 23:48:42.727,1.00371,1.00427,1.05,1.65
2011.03.29 23:48:43.818,1.00371,1.00427,1.43,1.65
2011.03.29 23:48:45.047,1.00372,1.00426,1.05,1.05
2011.03.29 23:48:51.128,1.00372,1.00426,1.05,1.80
2011.03.29 23:48:51.668,1.0037,1.00426,1.28,1.80
2011.03.29 23:48:52.404,1.00372,1.00426,1.05,1.65
2011.03.29 23:48:52.738,1.00377,1.00428,1.88,1.05
2011.03.29 23:48:53.067,1.0038,1.00431,1.13,1.05
2011.03.29 23:48:53.668,1.0038,1.00432,1.13,1.05
2011.03.29 23:48:53.972,1.0038,1.00433,1.28,1.05
2011.03.29 23:48:54.298,1.0038,1.00431,1.13,1.05
2011.03.29 23:48:54.519,1.00377,1.00428,1.35,1.05
2011.03.29 23:48:54.848,1.00377,1.00433,1.50,1.05
2011.03.29 23:48:54.959,1.00377,1.00433,1.50,1.05
2011.03.29 23:48:55.178,1.00377,1.00436,1.50,2.40
2011.03.29 23:48:55.707,1.00377,1.00436,1.50,1.65
2011.03.29 23:48:56.258,1.00377,1.00427,1.50,1.65
2011.03.29 23:48:57.954,1.00377,1.00426,1.50,1.05
2011.03.29 23:48:58.198,1.00377,1.00427,1.35,1.65
2011.03.29 23:48:58.875,1.00377,1.00429,1.35,1.05
2011.03.29 23:48:59.944,1.00377,1.00428,1.65,1.05
2011.03.29 23:49:00.570,1.00381,1.00435,1.13,1.05
2011.03.29 23:49:00.678,1.00388,1.00437,1.35,1.65
2011.03.29 23:49:01.957,1.00387,1.00441,1.35,1.05
2011.03.29 23:49:03.248,1.00381,1.00441,1.65,1.05
2011.03.29 23:49:03.580,1.00381,1.00436,1.65,1.65
2011.03.29 23:49:03.800,1.00381,1.00434,1.50,1.05
2011.03.29 23:49:04.347,1.00377,1.00434,1.50,1.05
2011.03.29 23:49:05.080,1.00377,1.00436,1.65,1.65
2011.03.29 23:49:05.627,1.00377,1.00436,1.65,1.65
2011.03.29 23:49:06.318,1.00377,1.00436,1.65,1.65
2011.03.29 23:49:06.899,1.00377,1.00433,1.65,1.05
2011.03.29 23:49:11.038,1.00377,1.00432,1.50,1.05
2011.03.29 23:49:14.408,1.00377,1.00433,1.80,1.05
2011.03.29 23:49:20.847,1.00376,1.00429,1.43,1.05
2011.03.29 23:49:23.169,1.00376,1.00429,1.43,1.05
2011.03.29 23:49:24.015,1.00376,1.00429,1.43,1.05
2011.03.29 23:49:25.203,1.00376,1.00429,1.43,1.05
2011.03.29 23:49:25.758,1.00376,1.00429,1.43,1.05
2011.03.29 23:49:27.408,1.00377,1.00433,1.20,1.05
2011.03.29 23:49:27.629,1.00377,1.00433,1.58,1.05
2011.03.29 23:49:27.738,1.00377,1.00433,1.28,1.05
2011.03.29 23:49:27.848,1.00379,1.00433,1.13,1.05
2011.03.29 23:49:30.657,1.00382,1.00433,1.05,1.05
2011.03.29 23:49:31.607,1.00382,1.00433,1.05,1.05
2011.03.29 23:49:33.087,1.00377,1.00436,1.20,1.50
2011.03.29 23:49:33.629,1.00376,1.00434,1.43,1.05
2011.03.29 23:49:33.987,1.00376,1.00429,1.43,1.05
2011.03.29 23:49:36.620,1.00376,1.00433,1.28,1.05
2011.03.29 23:49:36.838,1.00373,1.00421,1.50,1.50
2011.03.29 23:49:37.748,1.00372,1.00417,1.05,1.50
2011.03.29 23:49:38.278,1.00369,1.00421,1.58,1.50
2011.03.29 23:49:40.499,1.00376,1.00426,1.50,2.25
2011.03.29 23:49:41.051,1.00376,1.00424,1.50,1.35
2011.03.29 23:49:42.037,1.00376,1.00424,1.50,1.50
2011.03.29 23:49:42.568,1.00376,1.00424,1.88,1.50
2011.03.29 23:49:42.678,1.00376,1.00427,2.03,1.35
2011.03.29 23:49:43.918,1.00376,1.00424,1.50,1.50
2011.03.29 23:49:44.619,1.00381,1.00426,2.10,1.65
2011.03.29 23:49:44.948,1.00369,1.00421,2.18,2.25
2011.03.29 23:49:46.407,1.00369,1.00411,1.43,1.50
2011.03.29 23:49:46.628,1.00363,1.00406,1.50,1.50
2011.03.29 23:49:47.068,1.00366,1.00407,1.05,1.50
2011.03.29 23:49:47.398,1.00363,1.00406,1.50,1.50
2011.03.29 23:49:48.968,1.00362,1.00406,1.05,1.50
2011.03.29 23:49:49.428,1.00357,1.00402,1.05,1.50
2011.03.29 23:49:49.648,1.00357,1.00405,1.05,1.50
2011.03.29 23:49:50.308,1.00357,1.00405,1.05,1.50
2011.03.29 23:49:51.298,1.00361,1.00405,1.05,1.50
2011.03.29 23:49:51.729,1.00361,1.00408,1.05,1.50
2011.03.29 23:49:51.840,1.00368,1.00409,1.35,1.35
2011.03.29 23:49:53.258,1.00368,1.00407,1.35,1.13
2011.03.29 23:49:53.368,1.00363,1.00404,1.35,1.35
2011.03.29 23:49:53.917,1.00363,1.00404,1.35,2.10
2011.03.29 23:49:54.530,1.00363,1.00401,1.35,1.50
2011.03.29 23:49:55.819,1.00363,1.00402,1.35,1.50
2011.03.29 23:49:57.897,1.00363,1.00402,1.35,1.65
2011.03.29 23:49:58.336,1.00363,1.00401,1.35,1.50
2011.03.29 23:49:58.668,1.00363,1.00406,1.50,1.35
2011.03.29 23:49:58.887,1.00368,1.00408,1.35,1.50
2011.03.29 23:49:59.897,1.00368,1.00408,1.35,1.50
2011.03.29 23:50:01.587,1.00368,1.00408,1.35,1.50
2011.03.29 23:50:02.119,1.0037,1.00412,1.35,1.50
2011.03.29 23:50:03.427,1.00369,1.00411,1.50,3.00
2011.03.29 23:50:03.668,1.00367,1.00409,1.05,1.13
2011.03.29 23:50:04.000,1.0036,1.00406,1.50,1.50
2011.03.29 23:50:04.108,1.0036,1.00407,1.50,1.50
2011.03.29 23:50:04.943,1.0036,1.00406,1.50,2.25
2011.03.29 23:50:05.608,1.00368,1.00406,1.35,1.50
2011.03.29 23:50:05.828,1.00368,1.00417,1.35,1.50
2011.03.29 23:50:07.293,1.00368,1.00417,1.35,1.65
2011.03.29 23:50:07.410,1.00368,1.00417,1.50,1.50
2011.03.29 23:50:07.738,1.00367,1.00411,1.05,1.50
2011.03.29 23:50:07.958,1.00367,1.00414,1.05,1.13
2011.03.29 23:50:08.068,1.00367,1.00414,1.05,1.13
2011.03.29 23:50:09.838,1.00367,1.00414,1.05,1.13
2011.03.29 23:50:10.168,1.00367,1.00407,1.05,1.50
2011.03.29 23:50:10.908,1.00367,1.00416,1.05,2.25
2011.03.29 23:50:11.023,1.00368,1.00422,1.50,1.50
2011.03.29 23:50:11.360,1.00368,1.00422,1.50,1.50
2011.03.29 23:50:12.301,1.00368,1.00416,1.50,1.50
2011.03.29 23:50:12.779,1.00367,1.00417,1.05,1.50
2011.03.29 23:50:13.177,1.00365,1.00418,1.28,1.05
2011.03.29 23:50:13.399,1.00362,1.00418,1.05,1.05
2011.03.29 23:50:14.058,1.00362,1.00418,1.05,1.80
2011.03.29 23:50:14.398,1.00362,1.00407,1.05,1.50
2011.03.29 23:50:15.269,1.00362,1.00406,1.05,1.50
2011.03.29 23:50:16.130,1.00362,1.00404,1.05,1.50
2011.03.29 23:50:17.007,1.00362,1.00404,1.05,1.50
2011.03.29 23:50:17.228,1.0036,1.00402,1.50,1.50
2011.03.29 23:50:18.026,1.00357,1.004,1.50,1.35
2011.03.29 23:50:19.010,1.00357,1.004,1.50,1.35
2011.03.29 23:50:19.655,1.00357,1.004,1.65,1.35
2011.03.29 23:50:23.320,1.00357,1.00407,1.50,1.65
2011.03.29 23:50:23.430,1.00357,1.00407,1.50,1.50
2011.03.29 23:50:23.539,1.00358,1.00406,1.50,1.50
2011.03.29 23:50:24.088,1.0036,1.00412,1.28,2.10
2011.03.29 23:50:24.198,1.0036,1.00412,1.28,1.35
2011.03.29 23:50:24.712,1.0036,1.00412,1.28,1.50
2011.03.29 23:50:25.090,1.00362,1.00412,1.05,1.35
2011.03.29 23:50:25.719,1.00362,1.00412,1.05,2.10
2011.03.29 23:50:27.339,1.00362,1.00411,1.05,1.50
2011.03.29 23:50:30.068,1.00361,1.00412,1.05,1.35
2011.03.29 23:50:31.208,1.00361,1.00412,1.05,2.10
2011.03.29 23:50:31.540,1.00367,1.00411,1.05,1.50
2011.03.29 23:50:31.652,1.00361,1.00412,1.43,1.35
2011.03.29 23:50:32.595,1.00361,1.00412,1.43,1.35
2011.03.29 23:50:33.965,1.00367,1.00412,1.05,1.35
2011.03.29 23:50:36.285,1.00367,1.00412,1.05,1.35
2011.03.29 23:50:36.617,1.00362,1.00412,1.05,1.35
2011.03.29 23:50:37.814,1.00357,1.00412,1.80,1.35
2011.03.29 23:50:40.998,1.00357,1.00412,1.80,1.35
2011.03.29 23:50:41.547,1.00361,1.00412,1.05,1.35
2011.03.29 23:50:42.966,1.00361,1.00412,1.05,1.35
2011.03.29 23:50:44.240,1.00361,1.00412,1.05,1.35
2011.03.29 23:50:44.758,1.00361,1.00412,1.05,1.35
2011.03.29 23:50:45.810,1.00361,1.00412,1.05,1.35
2011.03.29 23:50:46.127,1.00367,1.00412,1.20,1.35
2011.03.29 23:50:46.458,1.00372,1.00417,1.05,1.50
2011.03.29 23:50:48.858,1.00366,1.00417,1.20,1.50
2011.03.29 23:50:51.462,1.00366,1.00417,1.20,1.50
2011.03.29 23:50:52.797,1.00366,1.00417,1.20,1.50
2011.03.29 23:50:54.428,1.00366,1.00417,1.05,1.50
2011.03.29 23:50:54.538,1.00367,1.00417,1.05,1.50
2011.03.29 23:50:55.100,1.00369,1.00417,1.50,1.50
2011.03.29 23:50:56.349,1.00371,1.00417,1.05,1.50
2011.03.29 23:50:56.677,1.00377,1.00421,1.05,1.50
2011.03.29 23:50:56.897,1.00372,1.00421,1.05,2.25
2011.03.29 23:50:58.017,1.00377,1.00425,1.50,1.65
2011.03.29 23:50:58.128,1.00377,1.00426,1.50,1.65
2011.03.29 23:50:58.238,1.00377,1.00426,1.35,1.50
2011.03.29 23:50:58.567,1.00377,1.00424,1.35,1.50
2011.03.29 23:50:59.117,1.00371,1.00417,1.05,1.50
2011.03.29 23:51:00.562,1.00376,1.00417,1.05,1.50
2011.03.29 23:51:03.325,1.00371,1.00417,1.05,1.50
2011.03.29 23:51:04.257,1.00371,1.00417,1.05,1.50
2011.03.29 23:51:06.120,1.00371,1.00417,1.05,1.50
2011.03.29 23:51:06.229,1.00376,1.00417,1.05,1.50
2011.03.29 23:51:06.778,1.00367,1.00417,1.05,1.50
2011.03.29 23:51:07.377,1.00367,1.00417,1.05,1.50
2011.03.29 23:51:08.898,1.00369,1.00417,1.28,1.50
2011.03.29 23:51:09.118,1.00372,1.00424,1.05,1.35
2011.03.29 23:51:09.998,1.00372,1.00426,1.05,1.35
2011.03.29 23:51:10.342,1.00372,1.00423,1.05,1.35
2011.03.29 23:51:10.667,1.00376,1.00427,1.05,1.50
2011.03.29 23:51:11.438,1.00372,1.00427,1.05,1.65
2011.03.29 23:51:11.657,1.00377,1.00427,1.05,1.50
2011.03.29 23:51:12.207,1.00377,1.00427,1.05,3.00
2011.03.29 23:51:13.378,1.00371,1.00417,1.05,1.50
2011.03.29 23:51:14.268,1.00376,1.00426,1.28,2.40
2011.03.29 23:51:14.597,1.00376,1.00426,1.28,1.65
2011.03.29 23:51:14.709,1.00377,1.00426,1.05,1.50
2011.03.29 23:51:15.037,1.00377,1.00421,1.05,1.50
2011.03.29 23:51:17.022,1.00376,1.00421,1.05,1.50
2011.03.29 23:51:20.018,1.00371,1.00417,1.05,1.50
2011.03.29 23:51:20.130,1.00367,1.00417,1.05,3.00
2011.03.29 23:51:20.348,1.00367,1.00416,1.05,3.00
2011.03.29 23:51:20.458,1.00366,1.00407,1.50,1.50
2011.03.29 23:51:21.271,1.00359,1.00407,1.05,1.50
2011.03.29 23:51:21.827,1.00359,1.00407,1.05,1.50
2011.03.29 23:51:22.389,1.00357,1.00407,1.80,1.50
2011.03.29 23:51:23.017,1.00357,1.00407,1.65,1.50
2011.03.29 23:51:24.860,1.00357,1.00407,1.65,1.65
2011.03.29 23:51:28.087,1.00357,1.00407,1.65,1.50
2011.03.29 23:51:30.638,1.00357,1.00407,1.65,1.50
2011.03.29 23:51:31.188,1.00357,1.00407,1.65,1.50
2011.03.29 23:51:32.404,1.00357,1.00407,1.50,1.65
2011.03.29 23:51:32.518,1.00357,1.00407,1.50,1.65
2011.03.29 23:51:32.848,1.00357,1.00407,1.65,1.50
2011.03.29 23:51:33.820,1.00357,1.00407,1.65,1.65
2011.03.29 23:51:35.378,1.00357,1.00407,1.65,1.65
2011.03.29 23:51:35.708,1.00357,1.00401,1.05,1.50
2011.03.29 23:51:36.322,1.00357,1.00401,1.05,1.50
2011.03.29 23:51:38.918,1.00352,1.00402,1.05,2.40
2011.03.29 23:51:41.361,1.0035,1.00401,1.65,1.50
2011.03.29 23:51:43.068,1.0035,1.00397,1.65,1.50
2011.03.29 23:51:43.178,1.0035,1.00397,1.50,1.50
2011.03.29 23:51:44.041,1.0035,1.00403,1.65,1.50
2011.03.29 23:51:44.638,1.00352,1.00397,1.05,1.50
2011.03.29 23:51:45.308,1.00352,1.00397,1.05,1.50
2011.03.29 23:51:45.877,1.00352,1.00397,1.05,1.50
2011.03.29 23:51:48.928,1.00347,1.00396,1.05,1.50
2011.03.29 23:51:49.148,1.00347,1.00396,1.05,1.50
2011.03.29 23:51:50.650,1.00345,1.00391,1.50,1.50
2011.03.29 23:51:50.867,1.00345,1.00397,1.50,1.50
2011.03.29 23:51:51.767,1.00345,1.00397,1.50,1.65
2011.03.29 23:51:52.209,1.00345,1.00399,1.50,1.50
2011.03.29 23:51:52.319,1.00351,1.00399,1.13,1.50
2011.03.29 23:51:52.927,1.00345,1.00398,1.88,1.65
2011.03.29 23:51:53.667,1.00346,1.00398,1.05,1.50
2011.03.29 23:51:54.669,1.00357,1.00398,1.05,1.50
2011.03.29 23:51:54.998,1.00348,1.00397,1.05,1.50
2011.03.29 23:51:55.218,1.00351,1.00397,1.05,1.50
2011.03.29 23:51:56.095,1.00351,1.00397,1.05,1.50
2011.03.29 23:51:57.758,1.00356,1.00406,1.88,1.50
2011.03.29 23:51:57.868,1.00356,1.00407,1.88,1.50
2011.03.29 23:51:58.779,1.00356,1.00407,1.65,1.50
2011.03.29 23:51:58.999,1.00356,1.00405,1.65,1.50
2011.03.29 23:51:59.551,1.00356,1.00406,1.65,1.50
2011.03.29 23:52:00.084,1.00356,1.00406,1.65,1.50
2011.03.29 23:52:00.974,1.00357,1.00406,1.05,1.65
2011.03.29 23:52:01.837,1.00357,1.00406,1.05,1.65
2011.03.29 23:52:03.231,1.00357,1.00406,1.05,1.65
2011.03.29 23:52:04.457,1.00357,1.00406,1.05,1.65
2011.03.29 23:52:06.628,1.00357,1.00406,1.05,1.65
2011.03.29 23:52:07.240,1.00356,1.00406,1.50,1.65
2011.03.29 23:52:07.348,1.00351,1.00407,2.40,1.65
2011.03.29 23:52:09.004,1.00351,1.00407,2.55,1.50
2011.03.29 23:52:10.837,1.00351,1.00407,2.55,1.50
2011.03.29 23:52:12.523,1.00351,1.00407,2.55,1.65
2011.03.29 23:52:12.638,1.00351,1.00407,2.40,1.65
2011.03.29 23:52:12.752,1.00349,1.00398,1.05,2.48
2011.03.29 23:52:13.081,1.00347,1.00394,1.50,1.35
2011.03.29 23:52:13.190,1.00351,1.00397,2.25,1.50
2011.03.29 23:52:13.407,1.00351,1.00401,2.25,1.50
2011.03.29 23:52:14.959,1.00351,1.00401,2.25,1.35
2011.03.29 23:52:15.997,1.00351,1.00402,2.40,1.35
2011.03.29 23:52:20.169,1.00351,1.00402,2.40,1.35
2011.03.29 23:52:20.389,1.00352,1.00403,1.65,1.50
2011.03.29 23:52:20.718,1.00357,1.00403,1.05,1.50
2011.03.29 23:52:21.048,1.00357,1.00398,1.05,1.50
2011.03.29 23:52:22.174,1.00357,1.00398,1.05,1.50
2011.03.29 23:52:23.745,1.00357,1.00402,1.05,1.50
2011.03.29 23:52:23.862,1.00357,1.00404,1.05,1.50
2011.03.29 23:52:23.968,1.00356,1.00404,1.50,1.65
2011.03.29 23:52:25.774,1.00356,1.00403,1.50,1.50
2011.03.29 23:52:28.567,1.00357,1.00403,1.05,1.65
2011.03.29 23:52:30.848,1.00357,1.00403,1.05,1.65
2011.03.29 23:52:31.648,1.00357,1.00403,1.05,1.65
2011.03.29 23:52:32.279,1.00357,1.00403,1.05,1.65
2011.03.29 23:52:33.139,1.00357,1.00403,1.05,1.65
2011.03.29 23:52:35.428,1.00357,1.00403,1.05,1.65
2011.03.29 23:52:37.131,1.00357,1.00403,1.05,1.65
2011.03.29 23:52:37.678,1.00357,1.00403,1.05,1.65
2011.03.29 23:52:39.458,1.00357,1.00403,1.05,1.65
2011.03.29 23:52:40.899,1.00356,1.00403,1.50,1.65
2011.03.29 23:52:41.007,1.00356,1.00403,1.50,1.65
2011.03.29 23:52:42.635,1.00356,1.00403,1.50,1.65
2011.03.29 23:52:43.321,1.00356,1.00403,1.50,1.65
2011.03.29 23:52:44.295,1.00356,1.00403,1.65,1.50
2011.03.29 23:52:46.889,1.00356,1.00407,1.65,1.65
2011.03.29 23:52:51.578,1.00356,1.00407,1.65,1.65
2011.03.29 23:52:53.488,1.00356,1.00407,1.65,1.65
2011.03.29 23:52:55.329,1.00356,1.00407,1.65,1.65
2011.03.29 23:52:55.938,1.00356,1.00407,1.50,1.65
2011.03.29 23:52:56.490,1.00357,1.00406,1.05,3.00
2011.03.29 23:52:57.038,1.00357,1.00406,1.05,2.25
2011.03.29 23:52:57.149,1.00357,1.00406,1.05,3.00
2011.03.29 23:52:57.758,1.00356,1.00406,1.65,1.65
2011.03.29 23:52:58.328,1.00356,1.00406,1.65,2.40
2011.03.29 23:52:58.998,1.00356,1.00406,1.65,2.40
2011.03.29 23:52:59.517,1.00356,1.00406,1.65,2.40
2011.03.29 23:53:00.282,1.00356,1.00406,1.65,1.65
2011.03.29 23:53:00.867,1.00356,1.00406,1.65,2.40
2011.03.29 23:53:00.980,1.00356,1.00401,1.50,1.50
2011.03.29 23:53:01.529,1.00356,1.00398,1.50,1.50
2011.03.29 23:53:02.439,1.00356,1.00398,1.50,1.65
2011.03.29 23:53:03.438,1.00356,1.00398,1.50,1.65
2011.03.29 23:53:04.698,1.00356,1.00398,1.50,1.65
2011.03.29 23:53:06.427,1.00357,1.00403,1.05,1.65
2011.03.29 23:53:07.138,1.00357,1.00403,1.05,1.65
2011.03.29 23:53:07.885,1.00357,1.00403,1.05,1.65
2011.03.29 23:53:10.507,1.00357,1.00403,1.05,1.65
2011.03.29 23:53:11.499,1.00357,1.00407,1.05,3.15
2011.03.29 23:53:12.267,1.00357,1.00406,1.05,1.65
2011.03.29 23:53:13.048,1.00357,1.00406,1.05,1.65
2011.03.29 23:53:14.195,1.00357,1.00406,1.05,3.15
2011.03.29 23:53:15.508,1.00357,1.00406,1.05,2.40
2011.03.29 23:53:16.178,1.00357,1.00406,1.05,2.40
2011.03.29 23:53:17.158,1.00357,1.00406,1.05,1.65
2011.03.29 23:53:18.408,1.00357,1.00406,1.05,2.40
2011.03.29 23:53:19.654,1.00357,1.00406,1.05,2.40
2011.03.29 23:53:20.028,1.00356,1.00406,1.65,2.25
2011.03.29 23:53:20.138,1.00356,1.00406,1.65,1.50
2011.03.29 23:53:29.206,1.00356,1.00406,1.43,3.15
2011.03.29 23:53:32.196,1.00362,1.00407,1.05,3.00
2011.03.29 23:53:33.831,1.00356,1.00407,1.43,3.15
2011.03.29 23:53:34.188,1.00356,1.00407,1.05,3.00
2011.03.29 23:53:34.627,1.00356,1.00406,1.05,1.50
2011.03.29 23:53:36.088,1.00357,1.00406,1.05,2.40
2011.03.29 23:53:38.899,1.00351,1.00406,1.05,2.40
2011.03.29 23:53:39.118,1.00355,1.00406,1.28,3.15
2011.03.29 23:53:44.422,1.00356,1.00403,1.05,1.50
2011.03.29 23:53:45.671,1.00357,1.00404,1.05,1.50
2011.03.29 23:53:46.218,1.00357,1.00404,1.05,1.50
2011.03.29 23:53:46.975,1.00357,1.00404,1.05,1.65
2011.03.29 23:53:47.199,1.00351,1.00401,1.05,1.50
2011.03.29 23:53:48.141,1.00351,1.00397,1.05,1.50
2011.03.29 23:53:49.621,1.00351,1.00397,1.05,1.50
2011.03.29 23:53:49.949,1.00352,1.00403,1.05,1.65
2011.03.29 23:53:50.962,1.00356,1.00403,1.05,1.50
2011.03.29 23:53:51.743,1.00356,1.00403,1.05,1.50
2011.03.29 23:53:53.062,1.00352,1.00407,1.05,3.15
2011.03.29 23:53:53.388,1.00356,1.00407,1.28,3.15
2011.03.29 23:53:54.149,1.00356,1.00407,1.43,3.00
2011.03.29 23:53:54.258,1.00356,1.00406,1.05,1.50
2011.03.29 23:53:56.010,1.00357,1.00407,1.05,3.15
2011.03.29 23:53:59.458,1.00357,1.00407,1.05,3.15
2011.03.29 23:54:01.907,1.00356,1.00407,1.43,3.15
2011.03.29 23:54:05.600,1.00361,1.00407,1.05,3.00
2011.03.29 23:54:05.724,1.00356,1.00407,1.43,3.15
2011.03.29 23:54:06.309,1.00356,1.00406,1.43,2.40
2011.03.29 23:54:06.418,1.00356,1.00401,1.43,1.50
2011.03.29 23:54:06.750,1.00352,1.00397,1.05,1.50
2011.03.29 23:54:08.205,1.00352,1.00397,1.05,1.50
2011.03.29 23:54:09.718,1.00352,1.00397,1.05,1.50
2011.03.29 23:54:10.248,1.00352,1.00397,1.05,1.50
2011.03.29 23:54:10.958,1.00352,1.00397,1.05,1.50
2011.03.29 23:54:11.497,1.00352,1.00397,1.05,1.50
2011.03.29 23:54:11.828,1.00351,1.00402,1.05,1.50
2011.03.29 23:54:11.940,1.00351,1.00406,1.05,2.40
2011.03.29 23:54:12.300,1.00357,1.00406,1.05,2.25
2011.03.29 23:54:13.012,1.00356,1.00406,1.05,2.40
2011.03.29 23:54:13.568,1.00356,1.00406,1.05,2.40
2011.03.29 23:54:14.308,1.00356,1.00406,1.05,1.65
2011.03.29 23:54:14.859,1.00356,1.00406,1.05,2.40
2011.03.29 23:54:15.433,1.00356,1.00406,1.05,1.65
2011.03.29 23:54:16.116,1.00355,1.00406,1.28,1.65
2011.03.29 23:54:20.599,1.00356,1.00406,1.05,1.50
2011.03.29 23:54:21.478,1.00356,1.00402,1.05,1.50
2011.03.29 23:54:22.037,1.00356,1.00402,1.05,1.50
2011.03.29 23:54:22.368,1.00357,1.00402,1.05,1.50
2011.03.29 23:54:23.148,1.00357,1.00402,1.05,1.50
2011.03.29 23:54:23.258,1.00351,1.00402,1.43,1.65
2011.03.29 23:54:24.194,1.00351,1.00402,1.43,1.65
2011.03.29 23:54:24.858,1.00351,1.00402,1.43,1.65
2011.03.29 23:54:25.298,1.00356,1.00405,1.28,1.65
2011.03.29 23:54:25.627,1.00356,1.00405,1.28,1.65
2011.03.29 23:54:29.198,1.00356,1.00405,1.43,1.65
2011.03.29 23:54:29.796,1.00356,1.00406,1.43,1.65
2011.03.29 23:54:30.387,1.00356,1.00406,1.43,2.40
2011.03.29 23:54:33.888,1.00356,1.00406,1.43,1.65
2011.03.29 23:54:35.397,1.00356,1.00406,1.43,3.15
2011.03.29 23:54:36.477,1.00356,1.00406,1.43,1.65
2011.03.29 23:54:38.824,1.00356,1.00406,1.43,3.15
2011.03.29 23:54:38.939,1.00357,1.00397,1.05,1.50
2011.03.29 23:54:39.488,1.00357,1.00397,1.05,1.50
2011.03.29 23:54:39.818,1.00352,1.00397,1.05,1.50
2011.03.29 23:54:40.507,1.00352,1.00397,1.05,1.50
2011.03.29 23:54:41.709,1.00352,1.00401,1.05,1.65
2011.03.29 23:54:41.931,1.00356,1.00402,1.05,1.50
2011.03.29 23:54:42.479,1.00352,1.00402,1.05,1.65
2011.03.29 23:54:44.358,1.00356,1.00402,1.05,1.50
2011.03.29 23:54:45.419,1.00351,1.00401,1.05,1.50
2011.03.29 23:54:45.638,1.00351,1.00396,1.05,1.50
2011.03.29 23:54:47.950,1.00352,1.00397,1.05,1.50
2011.03.29 23:54:48.279,1.00359,1.00397,1.35,1.50
2011.03.29 23:54:48.717,1.00359,1.00405,1.50,1.35
2011.03.29 23:54:49.489,1.00358,1.00402,2.85,1.35
2011.03.29 23:54:49.819,1.00358,1.00402,2.10,1.35
2011.03.29 23:54:49.928,1.00356,1.00399,1.50,2.10
2011.03.29 23:54:50.710,1.00354,1.00396,1.50,1.35
2011.03.29 23:54:51.149,1.00352,1.00394,1.05,1.50
2011.03.29 23:54:51.810,1.00355,1.00396,1.50,1.35
2011.03.29 23:55:02.919,1.00347,1.00398,1.05,1.50
2011.03.29 23:55:03.028,1.00347,1.00398,1.05,1.50
2011.03.29 23:55:04.019,1.00346,1.00398,1.65,1.50
2011.03.29 23:55:06.949,1.00346,1.00396,1.65,1.35
2011.03.29 23:55:07.168,1.00346,1.00395,1.65,1.35
2011.03.29 23:55:07.988,1.00347,1.00395,1.05,1.50
2011.03.29 23:55:08.098,1.00346,1.00393,1.50,1.05
2011.03.29 23:55:08.319,1.00346,1.00395,1.50,1.50
2011.03.29 23:55:10.206,1.00347,1.00395,1.05,1.50
2011.03.29 23:55:11.853,1.00346,1.00395,1.65,1.35
2011.03.29 23:55:12.189,1.00346,1.00396,1.65,2.10
2011.03.29 23:55:13.971,1.00347,1.00396,1.05,1.50
2011.03.29 23:55:16.010,1.00346,1.00396,1.50,2.40
2011.03.29 23:55:16.635,1.00346,1.00396,1.65,3.00
2011.03.29 23:55:16.753,1.00346,1.00396,1.50,1.50
2011.03.29 23:55:16.980,1.00346,1.00395,1.50,1.50
2011.03.29 23:55:18.334,1.00346,1.00395,1.50,1.50
2011.03.29 23:55:18.929,1.00346,1.00392,1.35,1.65
2011.03.29 23:55:19.259,1.00339,1.00391,1.50,1.35
2011.03.29 23:55:19.478,1.00339,1.00391,1.50,2.10
2011.03.29 23:55:19.808,1.00339,1.0039,1.50,1.13
2011.03.29 23:55:21.679,1.00339,1.00391,1.50,1.50
2011.03.29 23:55:22.064,1.00339,1.00391,1.50,1.50
2011.03.29 23:55:22.182,1.00339,1.00391,1.50,2.25
2011.03.29 23:55:23.025,1.00342,1.00391,1.05,2.25
2011.03.29 23:55:24.477,1.00339,1.00388,1.50,1.05
2011.03.29 23:55:24.611,1.00341,1.00391,1.05,3.00
2011.03.29 23:55:25.499,1.00339,1.00389,1.50,1.05
2011.03.29 23:55:25.830,1.00339,1.00389,1.50,1.05
2011.03.29 23:55:25.939,1.00341,1.00391,1.05,2.25
2011.03.29 23:55:27.862,1.00339,1.00389,1.50,1.05
2011.03.29 23:55:27.967,1.00339,1.00389,1.50,1.05
2011.03.29 23:55:32.578,1.00339,1.0039,1.50,1.28
2011.03.29 23:55:32.908,1.00337,1.00383,1.05,1.35
2011.03.29 23:55:34.339,1.00337,1.00377,1.05,1.35
2011.03.29 23:55:34.625,1.00333,1.00378,1.50,2.85
2011.03.29 23:55:35.224,1.00334,1.00378,1.50,2.85
2011.03.29 23:55:37.198,1.0033,1.00375,2.25,1.35
2011.03.29 23:55:37.418,1.00328,1.00369,1.50,1.35
2011.03.29 23:55:37.858,1.00328,1.0037,1.50,1.35
2011.03.29 23:55:38.868,1.0033,1.0037,1.05,1.35
2011.03.29 23:55:39.089,1.00336,1.00378,1.50,1.35
2011.03.29 23:55:39.309,1.00331,1.00387,1.05,1.65
2011.03.29 23:55:40.603,1.0033,1.00388,1.28,1.05
2011.03.29 23:55:40.719,1.00327,1.00388,1.65,1.05
2011.03.29 23:55:40.828,1.00328,1.0039,1.20,1.28
2011.03.29 23:55:41.157,1.0033,1.00384,1.20,1.13
2011.03.29 23:55:42.032,1.0033,1.00384,1.05,1.28
2011.03.29 23:55:44.173,1.00329,1.0038,1.05,1.35
2011.03.29 23:55:47.619,1.00329,1.0038,1.20,1.35
2011.03.29 23:55:49.719,1.00331,1.0038,1.05,1.35
2011.03.29 23:55:49.830,1.00331,1.0038,1.05,1.35
2011.03.29 23:55:51.029,1.00337,1.0038,1.05,1.35
2011.03.29 23:55:57.658,1.00336,1.00388,1.65,1.35
2011.03.29 23:55:57.877,1.00336,1.00388,1.65,1.35
2011.03.29 23:55:58.999,1.00337,1.00388,1.05,1.35
2011.03.29 23:55:59.959,1.00332,1.00382,1.05,1.35
2011.03.29 23:56:00.508,1.00331,1.00382,1.05,1.35
2011.03.29 23:56:01.038,1.0033,1.00382,1.65,1.35
2011.03.29 23:56:01.978,1.0033,1.00382,1.65,1.50
2011.03.29 23:56:03.060,1.00334,1.00382,1.05,1.35
2011.03.29 23:56:03.988,1.00331,1.00382,1.65,1.35
2011.03.29 23:56:04.428,1.00331,1.00382,1.65,1.35
2011.03.29 23:56:05.936,1.00337,1.00382,1.05,1.35
2011.03.29 23:56:06.519,1.00334,1.00381,1.05,1.50
2011.03.29 23:56:06.629,1.00332,1.00382,1.05,2.85
2011.03.29 23:56:08.032,1.00336,1.00381,1.05,2.25
2011.03.29 23:56:08.358,1.00333,1.00381,1.05,1.50
2011.03.29 23:56:08.470,1.00331,1.00381,1.65,1.50
2011.03.29 23:56:08.579,1.00331,1.00381,1.05,1.50
2011.03.29 23:56:08.688,1.0033,1.00381,1.65,1.50
2011.03.29 23:56:10.119,1.00328,1.00381,1.65,2.40
2011.03.29 23:56:13.368,1.00328,1.00381,1.50,1.65
2011.03.29 23:56:13.479,1.00328,1.00379,1.50,1.28
2011.03.29 23:56:23.498,1.00328,1.00381,1.50,2.40
2011.03.29 23:56:23.608,1.00328,1.00381,1.50,1.65
2011.03.29 23:56:23.828,1.00329,1.00382,1.50,3.00
2011.03.29 23:56:25.338,1.00329,1.00381,1.65,1.65
2011.03.29 23:56:31.579,1.00328,1.00382,1.65,3.00
2011.03.29 23:56:36.315,1.00328,1.00382,1.50,3.00
2011.03.29 23:56:36.429,1.00328,1.0038,1.50,1.28
2011.03.29 23:56:38.938,1.00327,1.00374,1.05,1.13
2011.03.29 23:56:39.946,1.00326,1.00372,1.05,2.25
2011.03.29 23:56:41.168,1.00326,1.00372,1.05,2.25
2011.03.29 23:56:41.852,1.00321,1.00371,1.65,1.50
2011.03.29 23:56:41.959,1.00328,1.00371,2.10,1.50
2011.03.29 23:56:42.569,1.00328,1.00376,3.00,1.35
2011.03.29 23:56:43.453,1.00328,1.00382,1.35,1.50
2011.03.29 23:56:43.710,1.00328,1.00382,1.65,1.35
2011.03.29 23:56:44.101,1.00328,1.00382,1.50,1.50
2011.03.29 23:56:45.809,1.00331,1.00382,1.50,1.35
2011.03.29 23:56:51.108,1.00336,1.00382,1.05,1.35
2011.03.29 23:56:51.332,1.00331,1.00382,1.65,1.50
2011.03.29 23:56:51.438,1.00337,1.00382,1.05,1.35
2011.03.29 23:56:51.769,1.00332,1.00381,1.05,1.50
2011.03.29 23:56:51.881,1.00332,1.00381,1.05,1.50
2011.03.29 23:56:53.019,1.00331,1.00381,1.65,1.65
2011.03.29 23:57:03.899,1.00331,1.00382,1.65,2.85
2011.03.29 23:57:04.591,1.00336,1.00382,1.05,2.85
2011.03.29 23:57:08.331,1.00336,1.00381,1.05,2.25
2011.03.29 23:57:40.007,1.00339,1.00382,1.05,2.85
2011.03.29 23:57:41.832,1.00337,1.00381,1.05,1.50
2011.03.29 23:57:44.719,1.00339,1.00381,1.65,2.85
2011.03.29 23:57:45.664,1.00339,1.00381,1.50,2.10
2011.03.29 23:57:45.779,1.00338,1.00384,1.50,2.10
2011.03.29 23:57:49.169,1.00347,1.00391,1.35,1.50
2011.03.29 23:57:49.828,1.00347,1.00395,1.35,2.40
2011.03.29 23:57:49.940,1.00347,1.00395,1.35,2.25
2011.03.29 23:57:50.050,1.00347,1.00391,1.35,1.35
2011.03.29 23:57:51.969,1.00347,1.00391,1.65,1.35
2011.03.29 23:57:52.628,1.00347,1.00391,1.50,1.35
2011.03.29 23:57:53.539,1.00342,1.00391,1.05,1.35
2011.03.29 23:57:53.649,1.00347,1.00391,1.05,1.35
2011.03.29 23:57:53.760,1.00347,1.0039,1.35,1.35
2011.03.29 23:57:54.343,1.00347,1.0039,1.50,1.35
2011.03.29 23:57:54.681,1.00347,1.00394,1.65,1.35
2011.03.29 23:57:55.230,1.00353,1.00396,1.35,2.25
2011.03.29 23:57:55.889,1.00351,1.00396,1.50,2.10
2011.03.29 23:57:56.109,1.00353,1.00396,1.35,2.25
2011.03.29 23:57:56.328,1.00352,1.00396,1.35,3.00
2011.03.29 23:58:02.388,1.00353,1.00396,1.35,3.00
2011.03.29 23:58:03.473,1.00352,1.00396,1.50,3.00
2011.03.29 23:58:04.029,1.00353,1.00396,1.35,2.25
2011.03.29 23:58:04.658,1.00353,1.00396,1.50,2.10
2011.03.29 23:58:07.287,1.00353,1.00396,1.50,1.35
2011.03.29 23:58:07.619,1.00357,1.00402,2.10,1.50
2011.03.29 23:58:07.728,1.00358,1.00402,1.35,1.35
2011.03.29 23:58:08.328,1.00359,1.00402,1.35,1.35
2011.03.29 23:58:08.949,1.00359,1.00402,1.50,1.35
2011.03.29 23:58:13.598,1.00359,1.00402,1.35,1.35
2011.03.29 23:58:13.710,1.00359,1.00402,1.35,1.35
2011.03.29 23:58:14.258,1.00357,1.00401,2.10,2.25
2011.03.29 23:58:18.698,1.00357,1.00402,2.85,3.00
2011.03.29 23:58:21.711,1.00355,1.00398,1.35,1.35
2011.03.29 23:58:23.118,1.00355,1.00398,1.35,1.50
2011.03.29 23:58:28.428,1.00355,1.00398,1.35,1.50
2011.03.29 23:58:30.223,1.00355,1.00398,1.35,1.50
2011.03.29 23:58:30.754,1.00355,1.00398,1.35,1.50
2011.03.29 23:58:30.872,1.00355,1.00398,1.35,1.35
2011.03.29 23:58:31.199,1.00355,1.00398,1.35,1.35
2011.03.29 23:58:31.638,1.00355,1.00398,1.35,1.35
2011.03.29 23:58:32.892,1.00355,1.00398,1.35,1.65
2011.03.29 23:58:33.438,1.00355,1.00398,1.35,1.50
2011.03.29 23:58:33.768,1.00352,1.00398,1.35,1.50
2011.03.29 23:58:33.877,1.00355,1.00398,1.35,1.50
2011.03.29 23:58:33.988,1.00355,1.00398,1.35,1.50
2011.03.29 23:58:35.118,1.00355,1.00398,1.35,1.35
2011.03.29 23:58:35.228,1.00357,1.00401,1.35,1.65
2011.03.29 23:58:43.179,1.00357,1.00402,1.35,2.40
2011.03.29 23:58:43.950,1.00357,1.00399,1.35,1.05
2011.03.29 23:58:47.574,1.00357,1.00401,1.50,1.65
2011.03.29 23:58:48.539,1.00356,1.00402,2.25,2.40
2011.03.29 23:58:49.219,1.00357,1.00402,1.35,2.40
2011.03.29 23:58:49.439,1.00357,1.00401,1.35,1.65
2011.03.29 23:58:50.100,1.00352,1.00396,1.50,1.35
2011.03.29 23:58:50.317,1.00352,1.00396,1.50,1.35
2011.03.29 23:58:50.648,1.00352,1.00396,1.50,1.35
2011.03.29 23:58:50.825,1.00352,1.00396,1.50,1.35
2011.03.29 23:58:50.938,1.00352,1.00396,1.35,1.50
2011.03.29 23:58:51.048,1.00352,1.00396,1.35,1.50
2011.03.29 23:58:51.268,1.0035,1.00396,1.50,1.35
2011.03.29 23:58:51.598,1.0035,1.00396,1.35,1.35
2011.03.29 23:58:52.299,1.00349,1.00396,2.85,1.35
2011.03.29 23:58:52.520,1.00352,1.00396,1.50,1.35
2011.03.29 23:58:54.100,1.00352,1.00396,1.50,1.35
2011.03.29 23:58:55.678,1.00352,1.00396,1.50,1.35
2011.03.29 23:58:56.098,1.00352,1.00396,1.50,1.35
2011.03.29 23:58:56.428,1.00352,1.00396,1.50,1.35
2011.03.29 23:58:58.698,1.00352,1.00396,1.50,1.35
2011.03.29 23:58:59.268,1.00352,1.00396,1.35,1.50
2011.03.29 23:59:00.900,1.00351,1.00396,1.50,1.35
2011.03.29 23:59:02.268,1.00352,1.00396,1.35,1.50
2011.03.29 23:59:02.968,1.00352,1.00396,1.35,1.50
2011.03.29 23:59:03.996,1.00352,1.00396,1.50,1.50
2011.03.29 23:59:06.001,1.00352,1.00396,1.65,1.35
2011.03.29 23:59:10.503,1.00352,1.00396,1.65,1.35
2011.03.29 23:59:11.968,1.00352,1.00396,1.50,1.50
2011.03.29 23:59:12.409,1.0035,1.00396,1.50,1.35
2011.03.29 23:59:16.438,1.00352,1.00396,1.50,1.35
2011.03.29 23:59:16.965,1.00352,1.00396,1.50,1.35
2011.03.29 23:59:17.548,1.00352,1.00396,1.35,1.35
2011.03.29 23:59:17.659,1.00352,1.00396,1.35,1.35
2011.03.29 23:59:21.704,1.0035,1.00396,1.50,1.50
2011.03.29 23:59:24.809,1.00352,1.00396,1.35,1.50
2011.03.29 23:59:26.016,1.00352,1.00396,1.50,1.50
2011.03.29 23:59:37.349,1.00352,1.00396,1.50,1.35
2011.03.29 23:59:37.458,1.00351,1.00396,1.50,1.35
2011.03.29 23:59:38.952,1.00352,1.00396,1.50,1.35
2011.03.29 23:59:39.817,1.00351,1.00396,1.50,1.50
2011.03.29 23:59:50.846,1.00346,1.00399,1.05,1.43
2011.03.29 23:59:51.554,1.00334,1.00401,3.90,1.43
2011.03.29 23:59:53.785,1.00335,1.00402,3.23,1.65
2011.03.29 23:59:54.984,1.00336,1.00402,1.13,1.65
