2011.03.08 04:00:00.077,0.98485,0.98533,1.50,2.40
2011.03.08 04:00:01.761,0.98485,0.98533,1.58,2.33
2011.03.08 04:00:04.881,0.98476,0.98532,2.40,2.70
2011.03.08 04:00:05.210,0.98474,0.98514,1.65,1.50
2011.03.08 04:00:05.430,0.98474,0.98514,1.58,1.50
2011.03.08 04:00:05.650,0.98475,0.98526,2.33,1.58
2011.03.08 04:00:05.761,0.98475,0.98526,2.40,1.50
2011.03.08 04:00:06.270,0.98476,0.98523,1.65,1.50
2011.03.08 04:00:06.780,0.98476,0.98523,1.58,1.50
2011.03.08 04:00:07.151,0.98476,0.98523,1.65,1.50
2011.03.08 04:00:07.753,0.98476,0.98523,1.73,1.50
2011.03.08 04:00:08.750,0.98476,0.98523,1.73,1.50
2011.03.08 04:00:11.280,0.98476,0.98523,1.65,1.58
2011.03.08 04:00:13.441,0.98476,0.98523,1.73,1.50
2011.03.08 04:00:13.762,0.98476,0.98523,1.65,1.58
2011.03.08 04:00:14.315,0.98476,0.98523,1.73,1.50
2011.03.08 04:00:16.394,0.98476,0.98523,1.65,1.58
2011.03.08 04:00:17.165,0.98476,0.98523,1.95,1.50
2011.03.08 04:00:17.390,0.98476,0.98521,1.65,1.50
2011.03.08 04:00:17.611,0.98476,0.98521,1.73,1.50
2011.03.08 04:00:20.405,0.98476,0.98521,1.65,1.50
2011.03.08 04:00:22.660,0.98476,0.98521,1.73,1.50
2011.03.08 04:00:22.771,0.98476,0.98521,1.65,1.50
2011.03.08 04:00:22.881,0.98475,0.98524,1.65,1.58
2011.03.08 04:00:24.260,0.98475,0.98522,1.65,1.50
2011.03.08 04:00:24.810,0.98476,0.98521,1.65,1.50
2011.03.08 04:00:25.740,0.98475,0.98521,1.58,1.58
2011.03.08 04:00:25.960,0.98475,0.98521,1.58,2.33
2011.03.08 04:00:27.251,0.98475,0.98521,1.58,2.33
2011.03.08 04:00:27.719,0.98475,0.98521,1.65,2.25
2011.03.08 04:00:29.137,0.98475,0.98512,1.50,2.25
2011.03.08 04:00:29.251,0.98456,0.98501,1.73,2.25
2011.03.08 04:00:29.799,0.98463,0.98503,1.65,2.25
2011.03.08 04:00:30.396,0.98463,0.98503,1.65,2.25
2011.03.08 04:00:31.226,0.98463,0.98503,1.58,2.25
2011.03.08 04:00:31.783,0.98463,0.98503,1.65,2.25
2011.03.08 04:00:32.774,0.98463,0.98503,1.80,2.25
2011.03.08 04:00:34.755,0.98463,0.98503,1.73,2.25
2011.03.08 04:00:35.770,0.98463,0.98503,1.80,2.25
2011.03.08 04:00:38.621,0.98463,0.98503,1.58,2.25
2011.03.08 04:00:38.840,0.98465,0.98511,1.58,1.50
2011.03.08 04:00:38.951,0.98465,0.98512,1.65,2.25
2011.03.08 04:00:39.499,0.98466,0.98511,1.65,1.50
2011.03.08 04:00:39.821,0.98466,0.98511,1.73,1.50
2011.03.08 04:00:40.039,0.98466,0.98512,2.10,1.50
2011.03.08 04:00:40.895,0.98476,0.98512,1.58,1.50
2011.03.08 04:00:41.579,0.98476,0.98512,1.58,1.50
2011.03.08 04:00:42.280,0.98476,0.98512,1.50,1.50
2011.03.08 04:00:42.819,0.98476,0.98523,1.50,4.80
2011.03.08 04:00:44.519,0.98476,0.98523,1.50,4.80
2011.03.08 04:00:45.710,0.98476,0.98523,1.58,4.65
2011.03.08 04:00:50.759,0.98476,0.98523,1.58,4.65
2011.03.08 04:00:51.466,0.98476,0.98523,1.65,4.58
2011.03.08 04:00:51.800,0.98466,0.98523,1.95,4.65
2011.03.08 04:00:52.459,0.98466,0.98523,1.95,4.65
2011.03.08 04:00:55.762,0.98466,0.98523,1.73,4.65
2011.03.08 04:01:03.690,0.98464,0.98519,1.73,2.33
2011.03.08 04:01:06.571,0.98464,0.98519,1.73,2.33
2011.03.08 04:01:07.010,0.98465,0.98516,1.65,1.50
2011.03.08 04:01:08.990,0.98465,0.98516,1.73,1.50
2011.03.08 04:01:11.945,0.98465,0.98516,1.80,1.50
2011.03.08 04:01:15.220,0.98465,0.98516,2.33,1.50
2011.03.08 04:01:15.329,0.98475,0.98516,1.65,2.25
2011.03.08 04:01:17.701,0.98475,0.98516,1.65,2.25
2011.03.08 04:01:18.776,0.98475,0.98516,1.58,2.25
2011.03.08 04:01:19.661,0.98475,0.98516,1.65,2.25
2011.03.08 04:01:27.470,0.98475,0.98517,1.58,2.33
2011.03.08 04:01:27.580,0.98475,0.98516,1.65,2.25
2011.03.08 04:01:27.802,0.98475,0.98516,1.58,1.50
2011.03.08 04:01:30.071,0.98475,0.98516,1.80,1.50
2011.03.08 04:01:30.780,0.98475,0.98517,1.80,2.25
2011.03.08 04:01:38.449,0.98475,0.98513,1.58,1.50
2011.03.08 04:01:39.268,0.98475,0.98513,1.58,4.50
2011.03.08 04:01:40.156,0.98475,0.98513,1.58,4.50
2011.03.08 04:01:45.211,0.98474,0.98513,1.58,3.00
2011.03.08 04:01:46.390,0.98475,0.98516,1.58,1.50
2011.03.08 04:01:47.753,0.98475,0.98516,1.65,1.50
2011.03.08 04:01:49.072,0.98475,0.98516,1.58,1.50
2011.03.08 04:01:49.621,0.98474,0.98517,1.58,2.25
2011.03.08 04:01:50.833,0.98474,0.98517,1.65,2.25
2011.03.08 04:02:07.622,0.98474,0.98517,1.65,1.50
2011.03.08 04:02:08.365,0.98474,0.98517,1.65,1.50
2011.03.08 04:02:09.350,0.98474,0.98516,1.65,1.50
2011.03.08 04:02:10.204,0.98474,0.98516,1.65,2.25
2011.03.08 04:02:10.920,0.98469,0.98516,1.65,2.25
2011.03.08 04:02:11.140,0.98469,0.98516,1.58,2.25
2011.03.08 04:02:11.910,0.9847,0.98512,1.58,3.00
2011.03.08 04:02:14.321,0.98469,0.98516,1.58,1.50
2011.03.08 04:02:16.495,0.98469,0.98516,1.58,2.25
2011.03.08 04:02:17.100,0.98467,0.98513,1.95,2.25
2011.03.08 04:02:17.320,0.98467,0.98513,2.33,2.25
2011.03.08 04:02:17.430,0.98474,0.98514,1.50,2.25
2011.03.08 04:02:17.540,0.98474,0.98514,1.50,1.50
2011.03.08 04:02:17.900,0.98474,0.98516,1.50,2.25
2011.03.08 04:02:18.230,0.98467,0.98516,1.65,1.50
2011.03.08 04:02:18.560,0.98467,0.98516,1.95,1.50
2011.03.08 04:02:19.610,0.98475,0.98517,1.65,2.25
2011.03.08 04:02:20.710,0.98474,0.98514,1.65,1.50
2011.03.08 04:02:21.047,0.98474,0.98514,1.65,2.25
2011.03.08 04:02:21.780,0.98474,0.98514,1.80,2.25
2011.03.08 04:02:26.420,0.98474,0.98514,1.50,2.25
2011.03.08 04:02:26.530,0.98474,0.98507,1.50,1.50
2011.03.08 04:02:26.950,0.98474,0.98507,1.58,1.50
2011.03.08 04:02:27.062,0.98474,0.98512,1.50,3.00
2011.03.08 04:02:27.280,0.98467,0.98518,1.73,2.25
2011.03.08 04:02:27.502,0.98467,0.98512,1.80,3.00
2011.03.08 04:02:28.050,0.98467,0.98512,1.65,3.08
2011.03.08 04:02:28.160,0.98475,0.98512,1.50,3.08
2011.03.08 04:02:29.702,0.98475,0.98512,1.65,3.00
2011.03.08 04:02:30.260,0.98474,0.98516,1.58,2.25
2011.03.08 04:02:31.270,0.98474,0.98517,1.58,2.25
2011.03.08 04:02:32.750,0.98467,0.98516,1.73,2.25
2011.03.08 04:02:32.969,0.98467,0.98516,1.65,2.25
2011.03.08 04:02:33.439,0.98467,0.98516,2.03,2.40
2011.03.08 04:02:33.661,0.98475,0.98516,1.50,2.25
2011.03.08 04:02:33.880,0.98464,0.98516,1.58,2.25
2011.03.08 04:02:35.776,0.98464,0.98516,1.80,2.40
2011.03.08 04:02:37.133,0.98464,0.98517,1.80,2.40
2011.03.08 04:02:43.920,0.98464,0.98517,1.80,2.40
2011.03.08 04:02:53.830,0.98465,0.98516,1.80,1.65
2011.03.08 04:02:56.790,0.98465,0.98516,2.03,2.25
2011.03.08 04:02:56.902,0.98465,0.98517,1.73,2.25
2011.03.08 04:02:57.012,0.98475,0.98516,1.50,2.25
2011.03.08 04:02:57.121,0.98465,0.98516,1.65,1.50
2011.03.08 04:02:58.840,0.98465,0.98517,1.65,2.33
2011.03.08 04:03:04.181,0.98475,0.98516,1.50,2.25
2011.03.08 04:03:05.741,0.98475,0.98516,1.58,2.25
2011.03.08 04:03:06.460,0.98475,0.98516,1.50,2.25
2011.03.08 04:03:06.570,0.98462,0.98513,1.65,3.00
2011.03.08 04:03:06.791,0.98464,0.98517,1.58,2.33
2011.03.08 04:03:07.450,0.98464,0.98516,1.58,1.50
2011.03.08 04:03:08.979,0.98464,0.98516,1.65,1.58
2011.03.08 04:03:09.950,0.98464,0.98514,1.58,2.33
2011.03.08 04:03:11.733,0.98464,0.98513,1.58,3.15
2011.03.08 04:03:12.061,0.98464,0.98516,1.65,2.25
2011.03.08 04:03:13.711,0.98464,0.98516,1.65,2.33
2011.03.08 04:03:14.588,0.98464,0.98516,1.80,2.25
2011.03.08 04:03:15.311,0.98465,0.98513,1.65,4.50
2011.03.08 04:03:15.813,0.98465,0.98513,1.65,4.58
2011.03.08 04:03:16.700,0.98464,0.98516,1.58,1.58
2011.03.08 04:03:17.590,0.98464,0.98516,1.58,1.58
2011.03.08 04:03:17.791,0.98464,0.98516,1.65,1.58
2011.03.08 04:03:29.140,0.98464,0.98516,1.65,1.58
2011.03.08 04:03:33.421,0.98464,0.98516,2.18,1.50
2011.03.08 04:03:33.969,0.98464,0.98516,1.80,2.25
2011.03.08 04:03:34.900,0.98464,0.98516,1.65,2.33
2011.03.08 04:03:37.820,0.98474,0.98516,1.50,2.25
2011.03.08 04:03:38.369,0.98475,0.98516,1.50,1.50
2011.03.08 04:03:38.772,0.98475,0.98516,1.58,1.50
2011.03.08 04:03:40.600,0.98475,0.98516,1.58,1.50
2011.03.08 04:03:41.169,0.98474,0.98517,1.58,2.33
2011.03.08 04:03:42.772,0.98464,0.98516,1.65,1.50
2011.03.08 04:03:43.430,0.98464,0.98516,1.65,2.25
2011.03.08 04:03:43.540,0.98464,0.98516,1.73,2.25
2011.03.08 04:03:43.650,0.98464,0.98516,1.65,2.25
2011.03.08 04:03:43.825,0.98464,0.98516,1.73,2.25
2011.03.08 04:03:47.680,0.98464,0.98517,1.73,2.25
2011.03.08 04:03:48.270,0.98475,0.98517,1.65,2.25
2011.03.08 04:03:49.748,0.98475,0.98517,1.65,2.25
2011.03.08 04:03:53.714,0.98475,0.98516,1.65,1.50
2011.03.08 04:04:00.650,0.98475,0.98516,1.65,2.25
2011.03.08 04:04:10.930,0.98475,0.98516,1.50,2.25
2011.03.08 04:04:11.040,0.98466,0.98516,1.65,2.25
2011.03.08 04:04:12.800,0.98466,0.98517,1.73,2.33
2011.03.08 04:04:14.642,0.98466,0.98516,1.65,1.58
2011.03.08 04:04:14.971,0.98466,0.98516,1.73,1.50
2011.03.08 04:04:20.113,0.98466,0.98516,1.65,1.58
2011.03.08 04:04:20.720,0.98474,0.98516,1.50,1.50
2011.03.08 04:04:21.750,0.98474,0.98516,1.58,1.50
2011.03.08 04:04:29.891,0.98474,0.98516,1.65,1.50
2011.03.08 04:04:33.839,0.98474,0.98517,1.65,2.25
2011.03.08 04:04:38.781,0.98474,0.98522,1.58,3.00
2011.03.08 04:04:38.890,0.98475,0.98522,1.65,3.00
2011.03.08 04:04:39.811,0.98475,0.98531,1.73,3.83
2011.03.08 04:04:45.022,0.98475,0.98527,1.80,1.05
2011.03.08 04:04:45.461,0.98484,0.98524,1.58,1.50
2011.03.08 04:04:45.571,0.98484,0.98523,1.50,2.33
2011.03.08 04:04:45.791,0.98484,0.98523,1.50,3.00
2011.03.08 04:04:48.186,0.98484,0.98523,1.50,3.08
2011.03.08 04:04:57.580,0.98485,0.98523,1.58,2.25
2011.03.08 04:04:57.691,0.98485,0.98532,1.58,2.33
2011.03.08 04:04:58.304,0.98485,0.98531,1.58,2.25
2011.03.08 04:04:58.410,0.98485,0.98531,1.50,2.25
2011.03.08 04:04:58.976,0.98485,0.98531,1.50,1.50
2011.03.08 04:04:59.738,0.98485,0.98531,1.58,1.50
2011.03.08 04:05:01.713,0.98485,0.98531,1.65,1.50
2011.03.08 04:05:02.772,0.98485,0.98531,1.58,1.58
2011.03.08 04:05:10.831,0.98485,0.98531,1.65,1.50
2011.03.08 04:05:11.386,0.98485,0.98531,1.58,1.58
2011.03.08 04:05:11.618,0.98485,0.98531,1.65,1.50
2011.03.08 04:05:11.950,0.98485,0.98532,1.65,2.40
2011.03.08 04:05:13.649,0.98485,0.98531,1.58,1.58
2011.03.08 04:05:19.655,0.98484,0.98532,1.65,2.25
2011.03.08 04:05:20.910,0.98484,0.98532,1.58,2.25
2011.03.08 04:05:21.467,0.98485,0.98531,1.58,1.50
2011.03.08 04:05:22.440,0.98485,0.98516,1.58,2.25
2011.03.08 04:05:22.661,0.98474,0.98516,1.80,1.50
2011.03.08 04:05:22.771,0.98474,0.98512,1.58,2.25
2011.03.08 04:05:23.210,0.98474,0.98512,1.50,2.25
2011.03.08 04:05:23.810,0.98474,0.98512,1.58,2.25
2011.03.08 04:05:23.921,0.98474,0.98512,1.50,2.25
2011.03.08 04:05:24.143,0.9848,0.98517,1.50,2.25
2011.03.08 04:05:24.470,0.98474,0.98512,1.58,2.25
2011.03.08 04:05:25.481,0.98474,0.98512,1.58,2.25
2011.03.08 04:05:26.286,0.98474,0.98512,1.58,2.25
2011.03.08 04:05:27.085,0.98474,0.98512,1.58,2.25
2011.03.08 04:05:27.769,0.98474,0.98512,1.50,2.25
2011.03.08 04:05:31.001,0.98474,0.98507,1.50,2.25
2011.03.08 04:05:31.111,0.98459,0.98497,1.58,1.50
2011.03.08 04:05:32.830,0.98459,0.98497,1.65,1.50
2011.03.08 04:05:34.741,0.98459,0.98497,1.58,1.50
2011.03.08 04:05:35.630,0.98454,0.98492,1.80,1.50
2011.03.08 04:05:35.740,0.98458,0.98498,1.80,1.50
2011.03.08 04:05:36.721,0.98458,0.98498,1.58,1.50
2011.03.08 04:05:37.440,0.98458,0.98498,1.58,2.25
2011.03.08 04:05:38.735,0.98458,0.98498,1.58,2.25
2011.03.08 04:05:48.001,0.98458,0.98498,1.58,2.25
2011.03.08 04:05:48.542,0.98458,0.98498,1.58,2.25
2011.03.08 04:05:50.236,0.98463,0.98502,1.50,3.00
2011.03.08 04:05:51.073,0.98463,0.98502,1.50,3.00
2011.03.08 04:05:51.735,0.98463,0.98502,1.80,3.00
2011.03.08 04:05:56.670,0.98463,0.98502,1.80,3.00
2011.03.08 04:06:00.930,0.98463,0.98502,1.50,3.00
2011.03.08 04:06:02.426,0.98464,0.98506,1.50,2.25
2011.03.08 04:06:02.768,0.98464,0.98506,1.58,2.25
2011.03.08 04:06:03.762,0.98464,0.98506,1.58,2.25
2011.03.08 04:06:05.742,0.98464,0.98506,1.65,2.25
2011.03.08 04:06:07.718,0.98464,0.98506,1.58,2.25
2011.03.08 04:06:14.322,0.98464,0.98506,1.58,2.25
2011.03.08 04:06:16.741,0.98464,0.98502,1.58,2.25
2011.03.08 04:06:21.651,0.9846,0.98502,1.65,3.00
2011.03.08 04:06:21.871,0.98458,0.98502,1.65,3.00
2011.03.08 04:06:22.310,0.98456,0.98502,1.95,3.00
2011.03.08 04:06:22.420,0.98456,0.98502,1.65,3.00
2011.03.08 04:06:22.641,0.98456,0.98502,1.65,3.00
2011.03.08 04:06:23.275,0.98456,0.98502,1.65,3.00
2011.03.08 04:06:23.950,0.98456,0.98502,1.80,3.15
2011.03.08 04:07:01.050,0.98457,0.98502,1.80,3.90
2011.03.08 04:07:06.401,0.98464,0.98502,1.50,2.25
2011.03.08 04:07:06.949,0.98457,0.98502,1.65,3.75
2011.03.08 04:07:08.329,0.98456,0.98501,1.65,1.50
2011.03.08 04:07:09.481,0.98464,0.98502,1.50,2.25
2011.03.08 04:07:09.813,0.98464,0.98502,1.65,2.25
2011.03.08 04:07:09.926,0.98464,0.98502,1.50,2.25
2011.03.08 04:07:11.691,0.98464,0.98502,1.58,3.75
2011.03.08 04:07:17.826,0.98464,0.98502,1.65,3.75
2011.03.08 04:07:18.152,0.98465,0.98507,1.65,1.50
2011.03.08 04:07:21.683,0.98465,0.98507,1.65,1.50
2011.03.08 04:07:23.810,0.98465,0.98507,1.65,1.50
2011.03.08 04:07:26.774,0.98456,0.98507,3.90,1.50
2011.03.08 04:07:26.990,0.98455,0.98503,1.73,2.25
2011.03.08 04:07:27.101,0.98455,0.98503,1.65,2.25
2011.03.08 04:07:27.321,0.98455,0.98493,1.65,2.25
2011.03.08 04:07:27.830,0.98454,0.98492,1.65,1.50
2011.03.08 04:07:28.751,0.98454,0.98492,1.80,1.50
2011.03.08 04:07:29.301,0.98454,0.98492,1.58,1.50
2011.03.08 04:07:29.631,0.98454,0.98492,1.65,1.50
2011.03.08 04:07:29.851,0.98454,0.98502,1.65,2.25
2011.03.08 04:07:29.961,0.98454,0.98502,1.58,1.58
2011.03.08 04:07:30.071,0.98455,0.98502,1.65,1.50
2011.03.08 04:07:30.640,0.98455,0.98503,1.65,2.25
2011.03.08 04:07:34.726,0.98455,0.98503,1.73,2.25
2011.03.08 04:07:35.599,0.98455,0.98503,1.80,2.25
2011.03.08 04:07:44.723,0.98455,0.98503,1.73,2.25
2011.03.08 04:07:46.740,0.98455,0.98503,1.95,2.25
2011.03.08 04:07:51.101,0.98464,0.98512,1.65,1.65
2011.03.08 04:07:51.211,0.98464,0.98512,1.58,1.58
2011.03.08 04:07:52.290,0.98464,0.98512,1.58,1.58
2011.03.08 04:07:53.991,0.98464,0.98511,1.65,1.50
2011.03.08 04:08:00.614,0.98464,0.98511,1.58,1.58
2011.03.08 04:08:00.831,0.98464,0.98512,1.65,1.58
2011.03.08 04:08:01.341,0.98464,0.98512,1.65,1.58
2011.03.08 04:08:02.510,0.98464,0.98512,1.65,1.58
2011.03.08 04:08:03.281,0.98464,0.98511,1.58,1.58
2011.03.08 04:08:03.500,0.98464,0.98511,1.65,1.50
2011.03.08 04:08:04.261,0.98464,0.98512,1.58,1.65
2011.03.08 04:08:04.692,0.98464,0.98512,1.65,1.50
2011.03.08 04:08:05.566,0.98464,0.98512,1.65,1.50
2011.03.08 04:08:06.932,0.98464,0.98512,1.58,1.65
2011.03.08 04:08:07.584,0.98464,0.98512,1.65,1.50
2011.03.08 04:08:08.577,0.98464,0.98512,1.58,1.65
2011.03.08 04:08:08.911,0.98464,0.98512,1.65,1.58
2011.03.08 04:08:09.461,0.98464,0.98512,1.58,1.65
2011.03.08 04:08:10.121,0.98464,0.98511,1.65,1.50
2011.03.08 04:08:10.231,0.98464,0.98512,1.65,1.65
2011.03.08 04:08:10.451,0.98464,0.98512,1.65,1.58
2011.03.08 04:08:11.350,0.98464,0.98512,1.58,1.65
2011.03.08 04:08:11.462,0.98464,0.98512,1.80,1.50
2011.03.08 04:08:11.577,0.98464,0.98512,1.58,1.58
2011.03.08 04:08:11.806,0.98464,0.98512,1.80,1.65
2011.03.08 04:08:12.566,0.98464,0.98512,1.80,1.65
2011.03.08 04:08:12.891,0.98464,0.98511,1.58,1.58
2011.03.08 04:08:13.001,0.98464,0.98511,1.65,1.50
2011.03.08 04:08:13.111,0.98464,0.98511,1.58,1.58
2011.03.08 04:08:13.331,0.98464,0.98512,1.65,1.58
2011.03.08 04:08:13.440,0.98464,0.98512,1.58,1.65
2011.03.08 04:08:13.661,0.98464,0.98512,1.65,1.50
2011.03.08 04:08:14.401,0.98464,0.98511,1.65,1.65
2011.03.08 04:08:14.621,0.98464,0.98511,1.80,1.50
2011.03.08 04:08:14.932,0.98464,0.98511,1.58,1.58
2011.03.08 04:08:16.351,0.98464,0.98512,1.65,1.50
2011.03.08 04:08:16.942,0.98464,0.98512,1.65,1.50
2011.03.08 04:08:17.398,0.98464,0.98512,1.58,1.65
2011.03.08 04:08:17.854,0.98464,0.98512,1.80,1.65
2011.03.08 04:08:18.003,0.98464,0.98512,1.58,1.58
2011.03.08 04:08:18.223,0.98464,0.98512,1.80,1.50
2011.03.08 04:08:18.832,0.98464,0.98512,1.58,1.65
2011.03.08 04:08:19.242,0.98464,0.98512,1.65,1.58
2011.03.08 04:08:20.351,0.98464,0.98512,1.58,1.65
2011.03.08 04:08:20.872,0.98464,0.98512,1.65,1.58
2011.03.08 04:08:21.794,0.98464,0.98512,1.58,1.65
2011.03.08 04:08:22.034,0.98464,0.98512,1.65,1.50
2011.03.08 04:08:22.144,0.98464,0.98512,1.58,1.65
2011.03.08 04:08:22.593,0.98464,0.98512,1.65,1.50
2011.03.08 04:08:23.593,0.98464,0.98512,1.65,1.58
2011.03.08 04:08:25.150,0.98464,0.98512,1.65,1.58
2011.03.08 04:08:26.664,0.98464,0.98512,1.58,1.65
2011.03.08 04:08:26.784,0.98464,0.98512,1.65,1.50
2011.03.08 04:08:27.744,0.98464,0.98512,1.58,1.58
2011.03.08 04:08:27.993,0.98464,0.98512,1.65,1.58
2011.03.08 04:08:29.260,0.98464,0.98503,1.65,2.25
2011.03.08 04:08:29.370,0.98454,0.98503,1.95,2.25
2011.03.08 04:08:29.701,0.98454,0.98503,1.65,2.25
2011.03.08 04:08:29.811,0.98454,0.98492,1.65,3.75
2011.03.08 04:08:30.141,0.98455,0.98502,1.65,3.00
2011.03.08 04:08:30.250,0.98454,0.98492,1.65,1.50
2011.03.08 04:08:31.743,0.98454,0.98492,1.65,3.75
2011.03.08 04:08:33.110,0.98454,0.98501,1.65,1.50
2011.03.08 04:08:33.841,0.98454,0.98502,1.65,3.75
2011.03.08 04:08:36.790,0.98454,0.98501,1.65,1.50
2011.03.08 04:08:37.774,0.98454,0.98501,1.73,1.50
2011.03.08 04:08:41.670,0.98454,0.98502,1.73,4.50
2011.03.08 04:08:43.818,0.98454,0.98501,1.73,1.50
2011.03.08 04:08:45.900,0.98454,0.98502,2.10,4.50
2011.03.08 04:08:49.745,0.98464,0.98502,1.65,1.50
2011.03.08 04:08:50.642,0.98464,0.98507,1.65,1.50
2011.03.08 04:08:50.750,0.98464,0.98512,1.65,3.08
2011.03.08 04:08:51.400,0.98469,0.98512,1.58,4.58
2011.03.08 04:09:08.650,0.98468,0.98512,1.65,3.08
2011.03.08 04:09:12.914,0.98468,0.98512,1.58,3.15
2011.03.08 04:09:14.482,0.98469,0.98511,1.50,2.33
2011.03.08 04:09:15.842,0.98465,0.98511,1.58,3.08
2011.03.08 04:09:19.950,0.98465,0.98511,1.58,3.08
2011.03.08 04:09:24.030,0.98465,0.98511,1.58,3.08
2011.03.08 04:09:38.271,0.98472,0.98511,1.58,1.50
2011.03.08 04:09:39.376,0.98473,0.98512,1.50,1.50
2011.03.08 04:09:39.962,0.98473,0.98512,1.58,1.58
2011.03.08 04:09:40.291,0.98476,0.98512,1.50,1.58
2011.03.08 04:09:40.621,0.98482,0.98512,1.50,1.50
2011.03.08 04:09:40.731,0.98478,0.98512,1.50,1.50
2011.03.08 04:09:40.841,0.98478,0.98522,1.50,3.83
2011.03.08 04:09:41.416,0.98478,0.98522,1.58,3.83
2011.03.08 04:09:41.769,0.98478,0.98522,1.50,3.90
2011.03.08 04:09:45.382,0.98474,0.98512,1.58,3.75
2011.03.08 04:09:45.681,0.98474,0.98512,1.50,3.75
2011.03.08 04:09:45.791,0.98476,0.98512,1.50,2.25
2011.03.08 04:09:45.901,0.98476,0.98516,1.50,1.50
2011.03.08 04:09:46.010,0.98474,0.98514,1.58,1.50
2011.03.08 04:09:46.121,0.98474,0.98512,1.50,2.25
2011.03.08 04:09:47.192,0.98474,0.98512,1.58,3.75
2011.03.08 04:09:47.301,0.98471,0.98511,1.58,1.50
2011.03.08 04:09:49.013,0.98471,0.98503,1.50,2.25
2011.03.08 04:09:49.246,0.98463,0.98501,1.50,1.50
2011.03.08 04:09:49.352,0.98463,0.98501,1.65,1.50
2011.03.08 04:09:49.462,0.98463,0.98501,1.65,1.50
2011.03.08 04:09:49.572,0.98454,0.98498,1.80,1.50
2011.03.08 04:09:50.696,0.98454,0.98498,1.73,1.50
2011.03.08 04:09:50.812,0.98454,0.98498,1.65,1.50
2011.03.08 04:09:51.041,0.98454,0.98498,1.73,1.50
2011.03.08 04:09:51.262,0.98464,0.98503,1.58,2.25
2011.03.08 04:09:51.371,0.98464,0.98508,1.58,1.50
2011.03.08 04:09:52.124,0.98464,0.98508,1.50,1.50
2011.03.08 04:09:52.341,0.98464,0.98512,1.58,3.75
2011.03.08 04:09:53.820,0.98464,0.98512,1.65,3.75
2011.03.08 04:09:56.414,0.98464,0.98512,1.65,3.75
2011.03.08 04:09:56.534,0.98464,0.98512,1.80,3.75
2011.03.08 04:09:56.786,0.98464,0.98512,1.58,3.75
2011.03.08 04:09:57.762,0.98464,0.98512,1.65,3.83
2011.03.08 04:10:00.110,0.98464,0.98512,1.73,3.75
2011.03.08 04:10:00.383,0.98464,0.98512,1.65,3.75
2011.03.08 04:10:00.502,0.98464,0.98512,1.73,3.75
2011.03.08 04:10:00.729,0.98464,0.98512,1.65,3.75
2011.03.08 04:10:00.845,0.98464,0.98512,1.73,3.75
2011.03.08 04:10:01.380,0.98464,0.98512,1.65,3.75
2011.03.08 04:10:01.490,0.98464,0.98512,1.73,3.75
2011.03.08 04:10:01.600,0.98464,0.98512,1.65,3.75
2011.03.08 04:10:03.364,0.98464,0.98512,1.73,3.75
2011.03.08 04:10:03.587,0.98464,0.98512,1.65,3.75
2011.03.08 04:10:04.689,0.98464,0.98512,1.65,3.75
2011.03.08 04:10:08.072,0.98464,0.98512,1.73,3.75
2011.03.08 04:10:08.551,0.98464,0.98512,1.65,3.83
2011.03.08 04:10:08.734,0.98464,0.98512,1.73,3.75
2011.03.08 04:10:08.857,0.98464,0.98512,1.65,3.83
2011.03.08 04:10:08.977,0.98464,0.98512,1.73,3.75
2011.03.08 04:10:09.190,0.98464,0.98512,1.65,3.83
2011.03.08 04:10:11.718,0.98464,0.98512,1.73,3.75
2011.03.08 04:10:12.823,0.98464,0.98512,1.65,3.75
2011.03.08 04:10:14.254,0.98464,0.98512,1.73,3.75
2011.03.08 04:10:16.591,0.98464,0.98512,1.65,3.75
2011.03.08 04:10:16.921,0.98464,0.98508,1.65,1.50
2011.03.08 04:10:18.793,0.98464,0.98508,1.80,1.50
2011.03.08 04:10:19.840,0.98463,0.98509,1.95,1.50
2011.03.08 04:10:20.720,0.98463,0.98509,1.65,1.50
2011.03.08 04:10:20.830,0.98463,0.98512,1.65,3.83
2011.03.08 04:10:23.821,0.98463,0.98512,1.73,3.83
2011.03.08 04:10:24.621,0.98463,0.98512,1.73,3.83
2011.03.08 04:10:26.259,0.98463,0.98512,1.73,3.83
2011.03.08 04:10:29.162,0.98463,0.98512,2.10,3.75
2011.03.08 04:10:29.404,0.98463,0.98512,1.73,3.83
2011.03.08 04:10:36.390,0.98463,0.98512,1.95,3.75
2011.03.08 04:10:37.853,0.98463,0.98512,1.65,3.75
2011.03.08 04:10:38.070,0.98464,0.98508,1.65,1.50
2011.03.08 04:10:38.772,0.98463,0.98502,1.65,2.25
2011.03.08 04:10:39.929,0.98463,0.98502,1.73,2.25
2011.03.08 04:10:40.141,0.98463,0.98502,1.58,2.25
2011.03.08 04:10:40.274,0.98463,0.98502,1.65,2.25
2011.03.08 04:10:40.490,0.98463,0.98502,1.65,2.25
2011.03.08 04:10:40.600,0.98463,0.98502,1.80,2.25
2011.03.08 04:10:41.348,0.98463,0.98503,1.80,1.50
2011.03.08 04:10:41.571,0.98464,0.98508,1.80,1.50
2011.03.08 04:10:43.141,0.98464,0.98508,1.65,1.50
2011.03.08 04:10:43.472,0.98463,0.98512,1.73,3.75
2011.03.08 04:10:44.147,0.98463,0.98512,1.73,3.75
2011.03.08 04:10:45.421,0.98463,0.98512,1.73,3.75
2011.03.08 04:10:46.326,0.98463,0.98512,1.73,3.83
2011.03.08 04:10:49.691,0.98464,0.98512,1.58,5.33
2011.03.08 04:10:50.212,0.98463,0.98511,1.65,1.50
2011.03.08 04:10:50.551,0.98464,0.98512,1.65,5.25
2011.03.08 04:10:53.636,0.98454,0.98508,4.35,1.50
2011.03.08 04:10:58.708,0.98463,0.98512,1.65,3.75
2011.03.08 04:11:12.762,0.98469,0.98512,1.65,2.25
2011.03.08 04:11:24.952,0.98458,0.98512,1.43,2.25
2011.03.08 04:11:25.061,0.98463,0.98518,1.35,1.50
2011.03.08 04:11:25.500,0.98459,0.98512,3.68,2.25
2011.03.08 04:11:26.480,0.98459,0.98512,1.35,2.33
2011.03.08 04:11:36.611,0.98467,0.98512,1.95,2.25
2011.03.08 04:11:40.040,0.98467,0.98512,1.65,2.33
2011.03.08 04:11:42.725,0.98464,0.98512,1.65,3.75
2011.03.08 04:12:02.222,0.98453,0.98493,3.90,1.50
2011.03.08 04:12:02.550,0.98453,0.98493,3.15,1.50
2011.03.08 04:12:04.769,0.98453,0.98493,3.23,1.50
2011.03.08 04:12:06.411,0.98454,0.9851,2.40,3.75
2011.03.08 04:12:06.631,0.98454,0.98502,2.40,3.75
2011.03.08 04:12:07.774,0.98454,0.98502,2.33,3.75
2011.03.08 04:12:08.771,0.98454,0.98502,2.55,3.75
2011.03.08 04:12:23.032,0.98454,0.98502,3.23,3.75
2011.03.08 04:12:23.141,0.98454,0.98502,3.15,3.75
2011.03.08 04:12:25.906,0.98454,0.98502,3.23,3.75
2011.03.08 04:12:30.879,0.98454,0.98502,1.65,2.25
2011.03.08 04:12:31.321,0.98454,0.98502,1.73,2.25
2011.03.08 04:12:34.372,0.98453,0.98502,3.23,2.33
2011.03.08 04:12:35.382,0.98453,0.98502,3.23,2.25
2011.03.08 04:12:35.825,0.98464,0.98502,1.65,1.50
2011.03.08 04:12:35.931,0.98464,0.98512,1.65,3.75
2011.03.08 04:12:36.262,0.98465,0.98521,2.40,1.50
2011.03.08 04:12:36.811,0.98473,0.9852,1.50,1.50
2011.03.08 04:12:36.922,0.98473,0.98522,1.65,1.50
2011.03.08 04:12:37.141,0.98474,0.98525,1.65,1.50
2011.03.08 04:12:37.361,0.98474,0.98521,1.65,1.50
2011.03.08 04:12:38.296,0.98474,0.98521,1.65,1.50
2011.03.08 04:12:38.926,0.98478,0.98522,1.58,1.50
2011.03.08 04:12:39.483,0.98478,0.98522,1.65,1.58
2011.03.08 04:12:39.812,0.98473,0.98513,1.58,1.50
2011.03.08 04:12:39.922,0.98474,0.98522,1.58,1.50
2011.03.08 04:12:40.031,0.98474,0.9852,1.58,1.50
2011.03.08 04:12:40.811,0.98474,0.9852,1.65,1.50
2011.03.08 04:12:42.301,0.98481,0.98519,1.58,1.50
2011.03.08 04:12:42.411,0.98483,0.98521,1.58,1.50
2011.03.08 04:12:43.923,0.98484,0.9853,1.50,1.58
2011.03.08 04:12:44.141,0.98484,0.98532,1.58,3.75
2011.03.08 04:12:44.752,0.98484,0.98532,1.58,3.83
2011.03.08 04:12:54.242,0.98482,0.98532,1.65,3.83
2011.03.08 04:12:54.351,0.98493,0.98531,1.50,1.50
2011.03.08 04:12:54.571,0.98483,0.98531,1.65,1.50
2011.03.08 04:12:55.739,0.98483,0.98531,1.58,1.58
2011.03.08 04:12:56.931,0.98483,0.98523,1.58,2.25
2011.03.08 04:12:57.290,0.98483,0.98521,1.58,1.50
2011.03.08 04:13:00.542,0.98483,0.98521,1.65,1.50
2011.03.08 04:13:06.192,0.98475,0.98521,1.58,1.50
2011.03.08 04:13:06.301,0.98474,0.98512,1.58,1.50
2011.03.08 04:13:06.411,0.98474,0.98512,1.50,3.75
2011.03.08 04:13:07.759,0.98466,0.98512,1.65,1.50
2011.03.08 04:13:11.408,0.98466,0.98511,1.65,1.50
2011.03.08 04:13:32.366,0.9846,0.98508,1.65,1.50
2011.03.08 04:13:32.911,0.98463,0.98509,1.58,1.50
2011.03.08 04:13:34.691,0.98463,0.98509,1.73,1.50
2011.03.08 04:13:35.020,0.98463,0.98503,1.73,1.50
2011.03.08 04:13:35.780,0.98463,0.98503,1.65,1.50
2011.03.08 04:13:37.742,0.98462,0.98502,1.65,2.25
2011.03.08 04:13:38.102,0.98464,0.98504,1.58,1.50
2011.03.08 04:13:38.321,0.98467,0.98512,1.58,1.50
2011.03.08 04:13:39.111,0.98467,0.98512,1.58,1.58
2011.03.08 04:13:39.912,0.98467,0.98512,1.65,1.50
2011.03.08 04:13:40.240,0.98466,0.98523,1.65,4.65
2011.03.08 04:13:41.801,0.98466,0.98523,1.58,4.65
2011.03.08 04:13:42.130,0.98466,0.98523,1.73,4.58
2011.03.08 04:13:44.750,0.98466,0.98523,1.65,4.65
2011.03.08 04:13:45.737,0.98466,0.98523,1.73,4.65
2011.03.08 04:13:47.451,0.98473,0.98523,1.73,3.83
2011.03.08 04:13:48.827,0.98473,0.98523,1.58,3.83
2011.03.08 04:13:49.711,0.98473,0.98523,1.65,3.83
2011.03.08 04:13:51.460,0.98465,0.98516,4.35,1.50
2011.03.08 04:14:03.836,0.98465,0.98517,4.35,1.50
2011.03.08 04:14:08.824,0.98465,0.98517,4.28,1.50
2011.03.08 04:14:17.070,0.98465,0.98517,4.28,1.50
2011.03.08 04:14:20.372,0.98468,0.98518,3.23,1.50
2011.03.08 04:14:20.693,0.98464,0.98507,2.40,1.50
2011.03.08 04:14:21.302,0.98458,0.98508,3.23,1.50
2011.03.08 04:14:22.725,0.98458,0.98508,3.30,1.50
2011.03.08 04:14:25.078,0.98458,0.98506,4.73,1.50
2011.03.08 04:14:25.581,0.98454,0.98498,4.80,1.50
2011.03.08 04:14:25.912,0.98454,0.98497,1.73,1.50
2011.03.08 04:14:26.353,0.98453,0.98506,4.65,1.88
2011.03.08 04:14:26.462,0.98454,0.98487,1.65,1.50
2011.03.08 04:14:31.431,0.98454,0.98487,1.58,1.50
2011.03.08 04:14:31.980,0.98441,0.98486,2.55,1.50
2011.03.08 04:14:35.876,0.98443,0.98496,3.98,1.50
2011.03.08 04:14:37.959,0.98442,0.98496,2.55,1.50
2011.03.08 04:14:38.517,0.98442,0.98497,2.55,1.50
2011.03.08 04:14:38.731,0.98441,0.98502,2.93,3.00
2011.03.08 04:14:39.361,0.98443,0.985,4.65,1.50
2011.03.08 04:14:45.550,0.98443,0.98501,4.65,2.25
2011.03.08 04:14:55.572,0.98442,0.98501,1.35,2.25
2011.03.08 04:14:55.791,0.98439,0.98491,4.65,1.50
2011.03.08 04:14:56.121,0.98438,0.98477,1.73,1.50
2011.03.08 04:14:56.670,0.98439,0.98486,1.73,1.50
2011.03.08 04:14:58.762,0.98438,0.98486,6.23,1.50
2011.03.08 04:15:00.921,0.98439,0.98496,1.73,2.33
2011.03.08 04:15:01.581,0.98439,0.98487,4.65,1.50
2011.03.08 04:15:04.377,0.98439,0.98497,4.65,3.15
2011.03.08 04:15:11.312,0.98444,0.98497,3.83,3.08
2011.03.08 04:15:11.422,0.98444,0.98488,3.83,1.50
2011.03.08 04:15:14.421,0.98444,0.98496,1.05,2.40
2011.03.08 04:15:14.532,0.98443,0.98496,3.30,1.50
2011.03.08 04:15:14.834,0.98443,0.98496,3.23,1.58
2011.03.08 04:15:15.074,0.98443,0.98496,3.23,1.50
2011.03.08 04:15:15.301,0.98443,0.98496,3.15,1.58
2011.03.08 04:15:15.521,0.98443,0.98496,3.23,1.50
2011.03.08 04:15:15.644,0.98443,0.98496,3.15,1.58
2011.03.08 04:15:15.768,0.98443,0.98496,3.30,1.50
2011.03.08 04:15:15.884,0.98443,0.98496,3.23,1.58
2011.03.08 04:15:20.962,0.98439,0.98492,2.48,1.50
2011.03.08 04:15:21.072,0.98439,0.98487,2.48,1.50
2011.03.08 04:15:21.621,0.98437,0.98481,2.55,1.50
2011.03.08 04:15:21.952,0.98428,0.98477,3.30,1.50
2011.03.08 04:15:22.500,0.98424,0.98478,1.05,1.50
2011.03.08 04:15:22.722,0.98423,0.98474,1.50,1.50
2011.03.08 04:15:22.942,0.98423,0.98474,1.43,1.50
2011.03.08 04:15:23.803,0.98423,0.98474,1.35,1.50
2011.03.08 04:15:24.772,0.98423,0.98474,1.43,1.50
2011.03.08 04:15:24.992,0.98428,0.98476,2.03,1.50
2011.03.08 04:15:25.321,0.98428,0.98474,3.15,1.50
2011.03.08 04:15:25.541,0.98423,0.98476,1.35,1.50
2011.03.08 04:15:26.511,0.98423,0.98477,1.35,1.50
2011.03.08 04:15:26.766,0.98424,0.98477,1.05,1.50
2011.03.08 04:15:33.432,0.98428,0.98478,1.73,1.50
2011.03.08 04:15:33.761,0.98428,0.98478,2.63,1.50
2011.03.08 04:15:33.981,0.98428,0.98476,3.23,1.50
2011.03.08 04:15:34.091,0.98428,0.98478,4.73,1.50
2011.03.08 04:15:34.532,0.98429,0.98478,1.05,1.50
2011.03.08 04:15:35.742,0.98429,0.98477,1.95,1.50
2011.03.08 04:15:36.774,0.98429,0.98477,2.55,1.50
2011.03.08 04:15:36.992,0.98437,0.98479,2.48,1.50
2011.03.08 04:15:39.751,0.98437,0.98479,2.55,1.50
2011.03.08 04:15:41.871,0.98437,0.98479,2.48,1.50
2011.03.08 04:15:42.202,0.98447,0.98485,2.33,1.50
2011.03.08 04:15:42.312,0.98437,0.98474,2.55,1.50
2011.03.08 04:15:42.421,0.98437,0.98477,2.48,1.50
2011.03.08 04:15:43.531,0.98437,0.98479,2.48,1.50
2011.03.08 04:15:43.972,0.98429,0.98477,2.40,1.50
2011.03.08 04:15:46.802,0.98437,0.98477,2.40,1.50
2011.03.08 04:15:47.783,0.98437,0.98477,2.48,1.50
2011.03.08 04:15:50.681,0.98437,0.98477,2.55,1.50
2011.03.08 04:15:50.901,0.98438,0.98477,6.08,1.50
2011.03.08 04:15:51.012,0.98438,0.98486,6.08,1.50
2011.03.08 04:15:51.609,0.98442,0.98486,3.75,1.50
2011.03.08 04:15:52.401,0.98438,0.98486,6.90,1.50
2011.03.08 04:15:52.731,0.98438,0.98486,6.90,1.50
2011.03.08 04:15:53.812,0.98438,0.98486,6.98,1.50
2011.03.08 04:16:00.391,0.98438,0.98488,6.98,1.50
2011.03.08 04:16:00.999,0.9844,0.9849,2.48,1.50
2011.03.08 04:16:29.489,0.9844,0.98489,2.48,1.50
2011.03.08 04:16:36.112,0.98438,0.9849,4.80,1.50
2011.03.08 04:16:36.452,0.98438,0.98486,2.55,1.50
2011.03.08 04:16:41.182,0.98438,0.98485,2.85,1.50
2011.03.08 04:16:41.621,0.98447,0.98488,2.33,1.50
2011.03.08 04:16:43.692,0.98447,0.98488,2.40,1.50
2011.03.08 04:17:00.513,0.98447,0.98489,2.78,1.50
2011.03.08 04:17:00.621,0.98448,0.98497,2.40,1.50
2011.03.08 04:17:00.953,0.98447,0.98489,2.48,1.50
2011.03.08 04:17:06.062,0.98447,0.98489,2.40,1.50
2011.03.08 04:17:06.453,0.98447,0.98489,2.48,1.50
2011.03.08 04:17:06.585,0.98447,0.98489,2.55,1.50
2011.03.08 04:17:07.127,0.98447,0.98489,2.48,1.50
2011.03.08 04:17:10.425,0.98447,0.98489,2.40,1.50
2011.03.08 04:17:10.641,0.98447,0.98497,2.40,1.50
2011.03.08 04:17:12.409,0.98447,0.98496,2.70,1.50
2011.03.08 04:17:14.039,0.98447,0.98497,2.70,1.65
2011.03.08 04:17:33.071,0.98447,0.98497,2.40,1.58
2011.03.08 04:17:33.181,0.98447,0.98497,2.48,1.58
2011.03.08 04:17:34.188,0.98447,0.98497,2.48,1.58
2011.03.08 04:17:55.772,0.98447,0.98497,2.48,1.58
2011.03.08 04:18:02.331,0.98447,0.98497,2.48,1.58
2011.03.08 04:18:15.404,0.98447,0.98497,2.55,1.50
2011.03.08 04:18:28.057,0.98447,0.98497,2.48,1.50
2011.03.08 04:18:34.621,0.98458,0.98497,2.25,1.50
2011.03.08 04:18:35.229,0.98458,0.98505,2.25,2.33
2011.03.08 04:18:35.340,0.98458,0.98505,2.25,1.58
2011.03.08 04:18:35.707,0.98458,0.98505,2.40,1.58
2011.03.08 04:18:35.823,0.98458,0.98505,2.33,1.58
2011.03.08 04:18:38.127,0.98447,0.98504,2.70,1.50
2011.03.08 04:18:38.452,0.98458,0.98507,2.40,1.50
2011.03.08 04:18:38.670,0.98448,0.98507,2.40,5.18
2011.03.08 04:18:39.578,0.98448,0.98507,2.40,5.93
2011.03.08 04:18:40.104,0.98448,0.98507,2.48,6.00
2011.03.08 04:18:42.762,0.98452,0.98507,3.98,2.55
2011.03.08 04:18:46.251,0.98453,0.98507,1.28,1.50
2011.03.08 04:18:46.800,0.98447,0.98506,2.85,2.25
2011.03.08 04:18:47.357,0.98447,0.98507,2.85,5.93
2011.03.08 04:18:47.902,0.98447,0.98506,2.78,2.25
2011.03.08 04:18:48.012,0.98447,0.98506,2.78,2.25
2011.03.08 04:18:48.341,0.98453,0.98506,1.05,1.50
2011.03.08 04:18:49.960,0.98464,0.98507,1.50,1.50
2011.03.08 04:18:50.180,0.98447,0.98506,3.08,1.50
2011.03.08 04:18:51.782,0.98465,0.98506,1.50,1.50
2011.03.08 04:18:52.001,0.98457,0.98506,2.33,1.50
2011.03.08 04:18:52.616,0.98447,0.98503,2.85,1.50
2011.03.08 04:18:53.272,0.98447,0.98503,2.85,3.75
2011.03.08 04:18:53.491,0.98448,0.98507,2.48,2.33
2011.03.08 04:18:54.145,0.98448,0.98507,2.48,2.33
2011.03.08 04:18:55.280,0.98448,0.98507,2.85,2.33
2011.03.08 04:18:56.973,0.98455,0.98506,1.50,2.33
2011.03.08 04:18:57.734,0.98455,0.98506,1.58,2.33
2011.03.08 04:19:00.597,0.98455,0.98506,1.58,2.25
2011.03.08 04:19:02.696,0.98448,0.98507,2.48,2.40
2011.03.08 04:19:04.895,0.98448,0.98507,2.33,2.25
2011.03.08 04:19:05.002,0.98465,0.98506,1.50,1.50
2011.03.08 04:19:05.683,0.98464,0.98504,1.50,1.50
2011.03.08 04:19:06.132,0.98447,0.98502,2.48,2.25
2011.03.08 04:19:06.779,0.98447,0.98502,2.48,2.25
2011.03.08 04:19:11.693,0.98447,0.98502,2.48,2.33
2011.03.08 04:19:12.461,0.98447,0.98494,4.73,1.50
2011.03.08 04:19:12.791,0.98445,0.98494,3.98,1.50
2011.03.08 04:19:13.460,0.98444,0.98494,3.83,1.58
2011.03.08 04:19:14.076,0.98444,0.98494,3.83,1.50
2011.03.08 04:19:14.825,0.98444,0.98494,3.98,1.65
2011.03.08 04:19:17.251,0.98444,0.98494,3.83,1.50
2011.03.08 04:19:17.471,0.98443,0.98493,2.33,2.33
2011.03.08 04:19:18.032,0.9844,0.98492,3.83,1.50
2011.03.08 04:19:18.776,0.9844,0.98492,2.40,1.58
2011.03.08 04:19:19.752,0.98436,0.98492,3.98,2.63
2011.03.08 04:19:19.861,0.98436,0.98484,3.98,1.50
2011.03.08 04:19:22.262,0.9844,0.98491,2.55,2.25
2011.03.08 04:19:22.811,0.98441,0.98492,2.40,1.50
2011.03.08 04:19:23.031,0.98443,0.98496,2.33,1.58
2011.03.08 04:19:26.405,0.98442,0.98496,2.40,1.50
2011.03.08 04:19:26.731,0.98438,0.98485,3.90,1.50
2011.03.08 04:19:27.754,0.98438,0.98485,3.83,1.50
2011.03.08 04:19:28.942,0.98437,0.98482,1.73,1.50
2011.03.08 04:19:29.492,0.98441,0.98492,3.75,3.00
2011.03.08 04:19:30.267,0.98441,0.98492,3.75,2.25
2011.03.08 04:19:30.752,0.98444,0.98492,3.68,2.40
2011.03.08 04:19:31.704,0.98444,0.98494,3.75,1.58
2011.03.08 04:19:34.132,0.98444,0.98494,3.83,1.58
2011.03.08 04:19:37.773,0.98444,0.98494,3.75,1.65
2011.03.08 04:19:54.941,0.9845,0.98494,2.25,1.65
2011.03.08 04:19:55.271,0.98455,0.98493,1.50,1.58
2011.03.08 04:19:55.671,0.98455,0.98493,1.58,1.50
2011.03.08 04:19:56.755,0.98455,0.98493,1.50,1.50
2011.03.08 04:19:57.798,0.98454,0.98494,1.50,1.50
2011.03.08 04:19:58.735,0.98454,0.98494,1.58,1.50
2011.03.08 04:19:59.840,0.98454,0.98494,1.50,1.50
2011.03.08 04:19:59.951,0.98457,0.98497,1.88,1.50
2011.03.08 04:20:00.483,0.98448,0.98491,2.40,1.50
2011.03.08 04:20:02.754,0.98448,0.98491,2.48,1.50
2011.03.08 04:20:03.716,0.98448,0.98491,2.40,1.50
2011.03.08 04:20:06.685,0.98448,0.98491,2.48,1.50
2011.03.08 04:20:10.723,0.98448,0.98491,2.33,1.50
2011.03.08 04:20:10.941,0.98438,0.98497,6.90,1.50
2011.03.08 04:20:13.821,0.98438,0.98497,7.13,1.65
2011.03.08 04:20:25.761,0.98438,0.98497,7.43,1.65
2011.03.08 04:20:28.803,0.98438,0.98497,6.90,1.58
2011.03.08 04:20:29.044,0.98438,0.98497,6.98,1.50
2011.03.08 04:20:33.606,0.98438,0.98497,6.90,1.58
2011.03.08 04:20:41.264,0.98438,0.98497,7.43,1.65
2011.03.08 04:20:55.487,0.98439,0.98497,1.35,1.65
2011.03.08 04:21:16.441,0.98438,0.98496,3.30,1.58
2011.03.08 04:21:25.300,0.98439,0.98496,1.20,1.50
2011.03.08 04:21:25.632,0.98447,0.98503,2.40,2.40
2011.03.08 04:21:26.403,0.98447,0.98503,2.48,2.33
2011.03.08 04:21:26.732,0.98447,0.98503,2.55,2.33
2011.03.08 04:21:27.734,0.98447,0.98503,2.48,2.40
2011.03.08 04:21:54.132,0.98447,0.98503,2.40,2.48
2011.03.08 04:22:11.892,0.98447,0.98503,2.55,2.55
2011.03.08 04:22:12.113,0.98454,0.98501,1.58,1.50
2011.03.08 04:22:12.887,0.98447,0.985,2.48,1.50
2011.03.08 04:22:14.733,0.98447,0.985,2.48,1.58
2011.03.08 04:23:16.094,0.98447,0.98503,3.00,3.75
2011.03.08 04:23:25.331,0.98447,0.98503,2.25,3.75
2011.03.08 04:23:27.624,0.98447,0.98502,2.25,1.50
2011.03.08 04:23:29.953,0.98447,0.98501,2.40,1.65
2011.03.08 04:23:33.724,0.98447,0.98501,2.48,1.58
2011.03.08 04:23:34.982,0.98447,0.98496,2.48,1.50
2011.03.08 04:23:58.193,0.98447,0.98496,2.40,1.50
2011.03.08 04:23:58.412,0.98439,0.98492,4.65,1.50
2011.03.08 04:23:58.632,0.98448,0.98496,2.40,1.50
2011.03.08 04:23:59.722,0.98448,0.98496,2.48,1.50
2011.03.08 04:24:06.061,0.98448,0.98499,2.48,1.58
2011.03.08 04:25:01.114,0.98448,0.98499,2.25,1.50
2011.03.08 04:25:51.353,0.98448,0.98499,2.55,1.80
2011.03.08 04:26:09.056,0.98448,0.985,2.55,2.03
2011.03.08 04:26:09.162,0.98448,0.98494,2.55,1.88
2011.03.08 04:26:09.272,0.98444,0.98494,1.65,1.88
2011.03.08 04:26:09.491,0.98443,0.98494,3.83,1.58
2011.03.08 04:26:10.656,0.98447,0.985,2.40,1.95
2011.03.08 04:26:11.496,0.98447,0.985,2.48,1.95
2011.03.08 04:26:16.233,0.98447,0.985,2.55,2.03
2011.03.08 04:26:17.739,0.98444,0.98493,1.65,1.95
2011.03.08 04:26:27.782,0.98443,0.98491,3.23,1.50
2011.03.08 04:26:35.341,0.98443,0.98491,3.23,1.88
2011.03.08 04:26:35.454,0.98443,0.98491,3.08,1.88
2011.03.08 04:26:36.351,0.98438,0.98491,2.40,1.50
2011.03.08 04:26:36.902,0.98443,0.98491,1.65,1.65
2011.03.08 04:26:37.683,0.98442,0.98493,1.65,1.58
2011.03.08 04:26:38.012,0.98442,0.98493,1.65,4.20
2011.03.08 04:26:38.672,0.98437,0.98486,2.40,1.50
2011.03.08 04:26:39.758,0.98437,0.98486,2.55,1.65
2011.03.08 04:26:40.503,0.98437,0.98486,3.23,1.50
2011.03.08 04:26:40.612,0.98444,0.98489,1.58,1.88
2011.03.08 04:26:41.752,0.98438,0.98492,2.48,4.28
2011.03.08 04:26:42.750,0.98438,0.98492,2.48,4.13
2011.03.08 04:26:47.512,0.98438,0.98492,2.48,4.28
2011.03.08 04:26:49.628,0.98438,0.98492,2.70,4.13
2011.03.08 04:26:50.085,0.98438,0.98492,2.48,4.28
2011.03.08 04:27:20.034,0.98443,0.98492,1.58,1.50
2011.03.08 04:27:20.142,0.98443,0.98493,1.58,1.95
2011.03.08 04:27:21.742,0.98438,0.98492,4.73,2.78
2011.03.08 04:27:22.752,0.98438,0.98492,4.73,2.63
2011.03.08 04:27:23.693,0.98443,0.98492,1.58,2.25
2011.03.08 04:27:24.379,0.98443,0.98494,1.58,1.95
2011.03.08 04:27:24.712,0.98443,0.98494,1.65,1.95
2011.03.08 04:27:25.723,0.98443,0.98494,1.58,1.58
2011.03.08 04:27:25.942,0.98454,0.98493,1.50,1.50
2011.03.08 04:27:26.162,0.98453,0.98503,1.50,1.65
2011.03.08 04:27:26.711,0.98454,0.98502,1.50,1.58
2011.03.08 04:27:27.123,0.98447,0.98502,3.15,1.58
2011.03.08 04:27:28.774,0.98453,0.98503,1.65,1.65
2011.03.08 04:27:29.098,0.98453,0.98503,1.73,1.58
2011.03.08 04:27:30.243,0.9845,0.98493,1.65,1.50
2011.03.08 04:27:30.792,0.98444,0.98494,2.48,1.50
2011.03.08 04:27:31.761,0.98444,0.98494,2.40,1.50
2011.03.08 04:27:32.082,0.98444,0.98494,2.55,1.65
2011.03.08 04:27:37.772,0.98443,0.98494,3.60,1.50
2011.03.08 04:27:38.673,0.98443,0.98494,3.23,1.50
2011.03.08 04:27:41.692,0.98443,0.98498,3.15,1.65
2011.03.08 04:27:42.814,0.98448,0.98498,2.40,1.65
2011.03.08 04:27:50.575,0.98443,0.98498,3.30,1.58
2011.03.08 04:27:50.793,0.98443,0.98493,2.48,2.25
2011.03.08 04:27:51.121,0.98441,0.98491,3.90,1.50
2011.03.08 04:27:51.232,0.98435,0.98491,1.73,1.50
2011.03.08 04:27:51.671,0.98434,0.98474,1.73,1.50
2011.03.08 04:27:51.892,0.98434,0.98492,2.48,3.00
2011.03.08 04:27:52.793,0.98434,0.98492,1.73,3.15
2011.03.08 04:27:55.114,0.98435,0.98487,1.65,1.50
2011.03.08 04:27:55.223,0.98435,0.98483,1.65,1.50
2011.03.08 04:27:56.622,0.98428,0.98482,1.35,1.50
2011.03.08 04:27:57.422,0.98427,0.98472,6.90,1.50
2011.03.08 04:28:03.579,0.98424,0.98472,2.48,1.50
2011.03.08 04:28:03.694,0.98424,0.98479,2.48,1.50
2011.03.08 04:28:03.912,0.98423,0.98476,2.55,1.50
2011.03.08 04:28:04.132,0.98423,0.98479,2.55,1.50
2011.03.08 04:28:04.794,0.98428,0.98479,1.05,1.50
2011.03.08 04:28:09.514,0.98428,0.98473,1.05,1.50
2011.03.08 04:28:10.719,0.98423,0.98473,2.55,1.50
2011.03.08 04:28:13.472,0.98423,0.98473,2.85,1.50
2011.03.08 04:28:13.582,0.98423,0.98478,2.85,1.50
2011.03.08 04:28:14.685,0.98424,0.98478,2.55,1.50
2011.03.08 04:28:17.432,0.98425,0.98479,1.80,1.50
2011.03.08 04:28:17.663,0.98425,0.98479,1.73,1.58
2011.03.08 04:28:18.752,0.98424,0.98474,3.98,1.50
2011.03.08 04:28:19.748,0.98424,0.98474,1.73,1.50
2011.03.08 04:28:22.514,0.98418,0.98473,1.05,2.25
2011.03.08 04:28:22.623,0.98417,0.98473,3.23,2.33
2011.03.08 04:28:23.062,0.98417,0.98473,1.05,2.25
2011.03.08 04:28:23.173,0.98414,0.98473,2.48,2.33
2011.03.08 04:28:23.392,0.98415,0.98473,2.55,2.33
2011.03.08 04:28:24.422,0.98414,0.98467,1.80,1.50
2011.03.08 04:28:34.923,0.98415,0.98463,2.10,1.50
2011.03.08 04:28:36.735,0.98415,0.98463,1.80,1.50
2011.03.08 04:28:40.635,0.98415,0.98463,1.73,1.50
2011.03.08 04:28:43.868,0.98415,0.98463,1.80,1.50
2011.03.08 04:28:45.115,0.98415,0.98463,1.73,1.50
2011.03.08 04:28:49.772,0.98408,0.98463,1.13,3.75
2011.03.08 04:28:49.993,0.98409,0.9846,1.05,1.50
2011.03.08 04:28:50.955,0.98406,0.98459,1.80,1.50
2011.03.08 04:28:51.074,0.98406,0.98459,1.88,1.50
2011.03.08 04:28:51.319,0.98406,0.98459,1.80,1.50
2011.03.08 04:28:51.436,0.98406,0.98459,1.88,1.50
2011.03.08 04:28:51.675,0.98406,0.98459,1.80,1.50
2011.03.08 04:28:51.785,0.98406,0.98459,1.88,1.50
2011.03.08 04:28:51.904,0.98406,0.98459,1.80,1.50
2011.03.08 04:28:52.412,0.98405,0.98455,2.10,1.50
2011.03.08 04:28:53.896,0.98405,0.98455,1.80,1.50
2011.03.08 04:29:01.933,0.98405,0.98455,1.95,1.50
2011.03.08 04:29:02.043,0.98406,0.98458,1.80,1.50
2011.03.08 04:29:02.483,0.98408,0.98463,2.55,2.25
2011.03.08 04:29:03.744,0.98409,0.98463,1.35,2.25
2011.03.08 04:29:04.092,0.98408,0.98465,3.00,1.50
2011.03.08 04:29:09.421,0.98409,0.98464,1.05,1.50
2011.03.08 04:29:09.643,0.98409,0.98462,1.05,2.25
2011.03.08 04:29:14.398,0.98408,0.98462,1.05,2.33
2011.03.08 04:29:16.316,0.98405,0.98462,1.95,2.25
2011.03.08 04:29:16.533,0.98406,0.98454,1.95,1.50
2011.03.08 04:29:20.194,0.98406,0.98454,1.73,1.50
2011.03.08 04:29:20.302,0.98408,0.98458,2.48,1.50
2011.03.08 04:29:21.737,0.98408,0.98458,2.48,1.50
2011.03.08 04:29:28.782,0.98405,0.98455,1.73,1.50
2011.03.08 04:29:28.892,0.98405,0.98452,1.73,2.25
2011.03.08 04:29:29.673,0.98405,0.98452,1.80,2.25
2011.03.08 04:29:30.228,0.98405,0.98452,1.80,2.25
2011.03.08 04:29:30.553,0.98405,0.98452,1.73,2.25
2011.03.08 04:29:36.747,0.98405,0.98452,1.80,2.25
2011.03.08 04:29:37.499,0.98405,0.98452,1.73,2.25
2011.03.08 04:29:42.796,0.98405,0.98452,1.80,2.25
2011.03.08 04:29:54.291,0.98405,0.98455,1.80,1.50
2011.03.08 04:29:57.402,0.98406,0.98454,1.80,1.50
2011.03.08 04:30:00.823,0.98406,0.98454,1.80,1.50
2011.03.08 04:30:01.372,0.98415,0.98455,1.65,1.50
2011.03.08 04:30:03.708,0.98405,0.98455,1.80,1.50
2011.03.08 04:30:05.522,0.98408,0.98455,3.23,1.50
2011.03.08 04:30:05.632,0.98414,0.98461,1.58,1.50
2011.03.08 04:30:06.674,0.98414,0.98461,1.80,1.50
2011.03.08 04:30:07.773,0.98414,0.98461,1.73,1.50
2011.03.08 04:30:11.030,0.98415,0.98462,1.73,1.50
2011.03.08 04:30:11.472,0.98414,0.98464,1.73,1.50
2011.03.08 04:30:12.134,0.98414,0.98464,1.80,1.65
2011.03.08 04:30:16.943,0.98414,0.98464,1.73,1.50
2011.03.08 04:30:27.897,0.98414,0.98464,2.40,1.50
2011.03.08 04:30:28.114,0.98424,0.98472,1.50,1.58
2011.03.08 04:30:28.663,0.98425,0.98473,1.50,1.65
2011.03.08 04:30:28.812,0.98419,0.98473,2.33,1.65
2011.03.08 04:30:28.923,0.98424,0.98474,1.65,1.50
2011.03.08 04:30:29.142,0.98424,0.98474,1.58,1.58
2011.03.08 04:30:29.444,0.98424,0.98474,1.80,1.50
2011.03.08 04:30:29.686,0.98424,0.98474,1.58,1.58
2011.03.08 04:30:30.092,0.98424,0.98474,1.65,1.58
2011.03.08 04:30:30.691,0.98424,0.98474,1.73,1.50
2011.03.08 04:30:30.915,0.98424,0.98474,1.65,1.58
2011.03.08 04:30:31.045,0.98424,0.98474,1.73,1.50
2011.03.08 04:30:31.473,0.98424,0.98474,1.65,1.58
2011.03.08 04:30:32.650,0.98427,0.98474,2.78,1.50
2011.03.08 04:30:32.755,0.98435,0.98482,1.50,1.58
2011.03.08 04:30:32.863,0.98438,0.98487,2.25,1.65
2011.03.08 04:30:32.973,0.98438,0.98487,2.25,1.65
2011.03.08 04:30:33.573,0.98434,0.98484,1.58,1.58
2011.03.08 04:30:34.725,0.98434,0.98484,1.65,1.58
2011.03.08 04:30:41.442,0.98434,0.98484,1.65,1.65
2011.03.08 04:30:41.663,0.98437,0.98492,2.40,1.28
2011.03.08 04:30:41.992,0.98435,0.98483,1.65,1.50
2011.03.08 04:30:42.782,0.98435,0.98483,1.65,1.58
2011.03.08 04:30:43.292,0.98434,0.9848,1.65,1.50
2011.03.08 04:30:43.672,0.98434,0.9848,1.58,1.50
2011.03.08 04:30:45.763,0.98434,0.9848,1.58,1.58
2011.03.08 04:30:49.184,0.98434,0.9848,1.73,1.50
2011.03.08 04:30:58.644,0.98429,0.98479,1.05,1.50
2011.03.08 04:30:59.344,0.98424,0.9848,1.13,1.88
2011.03.08 04:30:59.455,0.98424,0.9848,1.05,1.50
2011.03.08 04:31:00.228,0.98425,0.98479,1.80,1.50
2011.03.08 04:31:01.783,0.98425,0.98479,1.88,1.50
2011.03.08 04:31:03.724,0.98425,0.98479,1.88,1.50
2011.03.08 04:31:04.443,0.98424,0.98474,2.63,1.50
2011.03.08 04:31:04.883,0.98424,0.98474,1.80,1.50
2011.03.08 04:31:05.103,0.98423,0.98472,1.05,2.25
2011.03.08 04:31:07.053,0.98433,0.98473,1.65,1.50
2011.03.08 04:31:07.273,0.98435,0.98478,1.65,1.50
2011.03.08 04:31:07.492,0.98434,0.98481,1.65,1.50
2011.03.08 04:31:08.673,0.98434,0.98481,1.73,1.50
2011.03.08 04:31:09.222,0.98429,0.98482,1.05,3.75
2011.03.08 04:31:09.783,0.98429,0.98482,1.13,3.75
2011.03.08 04:31:11.882,0.98429,0.98481,1.13,1.50
2011.03.08 04:31:12.192,0.98428,0.98481,3.75,1.50
2011.03.08 04:31:13.721,0.98435,0.98481,1.80,1.50
2011.03.08 04:31:14.370,0.98434,0.98483,1.80,1.50
2011.03.08 04:31:15.997,0.98434,0.98483,1.80,1.50
2011.03.08 04:31:18.113,0.98434,0.98483,1.88,1.50
2011.03.08 04:31:18.223,0.98434,0.98483,1.95,1.50
2011.03.08 04:31:18.773,0.98429,0.98482,1.35,1.50
2011.03.08 04:31:19.747,0.98429,0.98482,1.13,1.50
2011.03.08 04:31:29.770,0.98429,0.98482,1.80,1.50
2011.03.08 04:31:33.133,0.98429,0.98482,1.80,1.88
2011.03.08 04:31:33.462,0.98429,0.98474,1.05,1.50
2011.03.08 04:31:34.183,0.98428,0.98481,1.80,1.50
2011.03.08 04:31:34.624,0.98429,0.98481,1.05,1.50
2011.03.08 04:31:35.192,0.98434,0.98482,1.73,1.50
2011.03.08 04:31:35.789,0.98434,0.98482,1.95,1.50
2011.03.08 04:31:36.715,0.98434,0.98482,1.73,1.50
2011.03.08 04:31:38.733,0.98429,0.98482,1.80,1.50
2011.03.08 04:31:39.765,0.98429,0.98482,1.80,1.50
2011.03.08 04:31:40.674,0.98429,0.98482,1.88,1.50
2011.03.08 04:31:41.320,0.98429,0.98482,1.80,1.50
2011.03.08 04:31:42.151,0.98435,0.98482,1.73,1.50
2011.03.08 04:31:43.383,0.98435,0.98482,1.80,3.75
2011.03.08 04:31:49.667,0.98435,0.98482,1.88,3.75
2011.03.08 04:31:49.798,0.98435,0.98482,1.80,3.75
2011.03.08 04:31:50.674,0.98435,0.98482,1.73,4.13
2011.03.08 04:31:50.895,0.98429,0.98472,1.05,2.25
2011.03.08 04:31:51.003,0.98435,0.98481,1.73,1.50
2011.03.08 04:31:51.223,0.98434,0.98483,1.73,3.75
2011.03.08 04:31:53.763,0.98434,0.98483,1.80,2.25
2011.03.08 04:32:10.585,0.98434,0.98483,1.73,2.25
2011.03.08 04:32:10.703,0.98434,0.98483,1.80,2.25
2011.03.08 04:32:12.353,0.98434,0.98483,1.73,2.25
2011.03.08 04:32:19.506,0.98434,0.98483,1.80,2.25
2011.03.08 04:32:19.833,0.98434,0.98486,1.80,1.50
2011.03.08 04:32:20.014,0.98434,0.98482,1.80,2.25
2011.03.08 04:32:30.793,0.98435,0.98481,1.80,1.50
2011.03.08 04:32:33.982,0.98435,0.98482,1.80,3.75
2011.03.08 04:32:34.409,0.98435,0.98482,1.88,3.75
2011.03.08 04:32:34.546,0.98435,0.98482,1.80,3.75
2011.03.08 04:32:34.746,0.98435,0.98482,1.88,3.75
2011.03.08 04:32:34.858,0.98435,0.98482,1.80,3.75
2011.03.08 04:32:34.994,0.98435,0.98482,1.88,3.75
2011.03.08 04:32:35.116,0.98435,0.98482,1.80,3.75
2011.03.08 04:32:35.313,0.98435,0.98482,1.88,3.75
2011.03.08 04:32:35.683,0.98435,0.98482,1.80,3.75
2011.03.08 04:32:35.883,0.98435,0.98482,1.88,3.75
2011.03.08 04:32:35.994,0.98435,0.98482,1.80,3.75
2011.03.08 04:32:36.213,0.98435,0.98482,1.88,3.75
2011.03.08 04:32:36.330,0.98435,0.98482,1.80,3.75
2011.03.08 04:32:37.103,0.98429,0.98482,1.05,1.50
2011.03.08 04:32:37.213,0.98428,0.98482,1.88,1.50
2011.03.08 04:32:37.323,0.98429,0.98482,1.05,1.50
2011.03.08 04:32:37.433,0.98429,0.98482,1.88,1.50
2011.03.08 04:32:38.815,0.98429,0.98482,1.13,1.50
2011.03.08 04:32:39.143,0.98436,0.98482,1.73,1.50
2011.03.08 04:32:39.804,0.98436,0.98482,1.80,1.50
2011.03.08 04:32:40.023,0.98443,0.98483,1.58,3.75
2011.03.08 04:32:41.213,0.98444,0.98482,1.58,1.50
2011.03.08 04:32:41.831,0.98444,0.98482,1.65,1.50
2011.03.08 04:32:41.966,0.98444,0.98482,1.58,1.50
2011.03.08 04:32:42.760,0.98444,0.98484,1.58,1.50
2011.03.08 04:32:43.253,0.98435,0.98482,1.88,2.25
2011.03.08 04:32:44.133,0.98435,0.98482,1.80,2.25
2011.03.08 04:32:44.733,0.98435,0.98484,1.80,1.50
2011.03.08 04:32:45.303,0.98435,0.98484,1.88,1.50
2011.03.08 04:32:45.852,0.98435,0.98483,1.88,2.25
2011.03.08 04:32:47.293,0.98445,0.98483,1.65,3.75
2011.03.08 04:32:48.735,0.98445,0.98483,1.73,1.50
2011.03.08 04:32:50.055,0.98445,0.98483,1.65,1.50
2011.03.08 04:32:50.178,0.98445,0.98483,1.73,1.50
2011.03.08 04:32:51.024,0.98445,0.98483,1.65,1.50
2011.03.08 04:32:51.133,0.98445,0.98483,1.73,1.50
2011.03.08 04:32:51.244,0.98435,0.98482,1.80,2.25
2011.03.08 04:32:52.831,0.98435,0.98482,1.88,2.25
2011.03.08 04:32:56.782,0.98436,0.9848,1.88,1.50
2011.03.08 04:32:57.392,0.98436,0.9848,1.80,1.50
2011.03.08 04:32:57.504,0.98443,0.98483,1.73,1.50
2011.03.08 04:33:00.345,0.98443,0.98483,1.65,1.50
2011.03.08 04:33:00.563,0.98435,0.98487,1.80,2.25
2011.03.08 04:33:00.784,0.98446,0.98491,1.65,1.50
2011.03.08 04:33:01.130,0.98445,0.98483,1.65,1.50
2011.03.08 04:33:01.344,0.98445,0.98491,1.65,1.50
2011.03.08 04:33:02.016,0.98445,0.98491,1.65,1.50
2011.03.08 04:33:03.806,0.98445,0.98491,1.65,1.88
2011.03.08 04:33:03.912,0.98445,0.98485,1.65,1.50
2011.03.08 04:33:04.242,0.98445,0.98483,1.73,2.25
2011.03.08 04:33:04.353,0.98454,0.98492,1.58,2.25
2011.03.08 04:33:04.464,0.98454,0.98492,1.50,1.50
2011.03.08 04:33:05.203,0.98454,0.98492,1.65,1.50
2011.03.08 04:33:05.423,0.98445,0.98491,1.95,1.50
2011.03.08 04:33:08.726,0.98445,0.98491,1.73,1.50
2011.03.08 04:33:09.272,0.98445,0.98491,1.95,1.50
2011.03.08 04:33:09.972,0.98455,0.98492,1.65,3.75
2011.03.08 04:33:10.715,0.98455,0.98491,1.65,1.50
2011.03.08 04:33:11.332,0.98455,0.98492,1.65,3.75
2011.03.08 04:33:11.443,0.98446,0.98491,1.65,1.50
2011.03.08 04:33:11.883,0.98446,0.98491,1.95,3.00
2011.03.08 04:33:18.704,0.98455,0.98491,1.58,2.25
2011.03.08 04:33:19.583,0.98455,0.98492,1.58,3.75
2011.03.08 04:33:23.112,0.98455,0.98492,1.58,3.75
2011.03.08 04:33:24.562,0.98455,0.98492,1.58,4.50
2011.03.08 04:33:25.260,0.98446,0.98492,1.73,4.50
2011.03.08 04:33:26.477,0.98454,0.98492,1.58,4.50
2011.03.08 04:33:27.350,0.98454,0.98492,1.65,3.75
2011.03.08 04:33:28.192,0.98454,0.98492,1.58,3.75
2011.03.08 04:33:28.917,0.98454,0.98491,1.58,1.50
2011.03.08 04:33:29.625,0.98454,0.98492,1.58,4.50
2011.03.08 04:33:31.232,0.98459,0.98492,1.65,4.50
2011.03.08 04:33:31.343,0.98459,0.98492,1.50,4.50
2011.03.08 04:33:31.893,0.98455,0.98492,1.58,4.50
2011.03.08 04:33:57.123,0.98448,0.98492,1.80,2.25
2011.03.08 04:33:59.824,0.98445,0.98491,1.73,1.50
2011.03.08 04:34:00.372,0.98455,0.98492,1.58,1.50
2011.03.08 04:34:01.743,0.98455,0.98492,1.65,1.50
2011.03.08 04:34:02.579,0.98455,0.98492,1.58,1.50
2011.03.08 04:34:03.181,0.98455,0.98491,1.58,1.50
2011.03.08 04:34:04.784,0.98455,0.98491,1.58,1.50
2011.03.08 04:34:16.394,0.98444,0.98484,1.95,1.50
2011.03.08 04:34:16.944,0.98445,0.98483,1.95,1.50
2011.03.08 04:34:18.405,0.98445,0.98483,1.80,1.50
2011.03.08 04:34:18.513,0.98453,0.98491,1.73,1.50
2011.03.08 04:34:18.967,0.98454,0.98494,1.58,1.50
2011.03.08 04:34:19.073,0.98454,0.985,1.58,1.50
2011.03.08 04:34:19.293,0.98454,0.98502,1.58,1.50
2011.03.08 04:34:19.892,0.98454,0.98501,1.58,1.50
2011.03.08 04:34:20.412,0.98454,0.98501,1.73,1.50
2011.03.08 04:34:20.934,0.98454,0.98506,1.65,1.50
2011.03.08 04:34:21.043,0.98454,0.98503,1.65,1.50
2011.03.08 04:34:22.753,0.98454,0.98503,1.73,3.75
2011.03.08 04:34:23.413,0.98454,0.98503,1.80,3.75
2011.03.08 04:34:25.613,0.98464,0.98502,1.65,1.50
2011.03.08 04:34:25.834,0.98464,0.98512,1.73,3.75
2011.03.08 04:34:26.053,0.98469,0.98509,1.65,1.50
2011.03.08 04:34:26.164,0.98469,0.98509,1.58,1.50
2011.03.08 04:34:26.273,0.98469,0.98512,1.58,1.50
2011.03.08 04:34:26.822,0.98469,0.98511,1.58,1.50
2011.03.08 04:34:27.933,0.98469,0.98511,1.65,1.50
2011.03.08 04:34:28.686,0.98469,0.98511,1.73,1.50
2011.03.08 04:34:30.672,0.98469,0.98511,1.65,1.50
2011.03.08 04:34:34.795,0.98464,0.98512,1.73,1.50
2011.03.08 04:34:36.349,0.98464,0.98512,1.73,1.50
2011.03.08 04:34:39.132,0.98464,0.98513,1.73,1.50
2011.03.08 04:34:39.825,0.98465,0.98512,1.73,1.50
2011.03.08 04:34:40.044,0.98465,0.98503,1.73,1.50
2011.03.08 04:34:41.369,0.98464,0.98504,1.73,1.50
2011.03.08 04:34:42.323,0.98464,0.98504,1.73,1.50
2011.03.08 04:34:44.389,0.98465,0.98503,1.73,1.50
2011.03.08 04:34:44.600,0.98464,0.98513,1.73,3.75
2011.03.08 04:34:44.810,0.98464,0.98504,1.73,1.50
2011.03.08 04:34:45.463,0.98464,0.98513,1.65,3.75
2011.03.08 04:34:46.742,0.98464,0.98513,1.73,1.50
2011.03.08 04:34:50.424,0.98474,0.98512,1.58,1.50
2011.03.08 04:34:51.578,0.98474,0.98512,1.65,1.50
2011.03.08 04:34:51.903,0.98465,0.98512,1.73,1.50
2011.03.08 04:34:52.357,0.98465,0.98512,1.80,1.50
2011.03.08 04:34:52.983,0.98465,0.98512,1.80,1.50
2011.03.08 04:34:53.596,0.98465,0.98512,1.73,1.50
2011.03.08 04:34:54.874,0.98465,0.98512,1.80,1.50
2011.03.08 04:34:57.023,0.98474,0.98512,1.58,1.50
2011.03.08 04:34:57.895,0.98464,0.98513,1.73,1.50
2011.03.08 04:34:58.123,0.98464,0.98513,2.10,1.50
2011.03.08 04:35:00.173,0.98464,0.98513,1.80,1.50
2011.03.08 04:35:02.243,0.98464,0.98507,2.10,2.25
2011.03.08 04:35:03.873,0.98464,0.98507,1.73,2.25
2011.03.08 04:35:03.983,0.98474,0.98505,1.65,2.25
2011.03.08 04:35:04.093,0.98474,0.9851,1.65,3.68
2011.03.08 04:35:05.712,0.98473,0.9851,1.73,3.68
2011.03.08 04:35:06.553,0.98473,0.9851,1.65,3.68
2011.03.08 04:35:06.665,0.98475,0.9851,1.58,3.68
2011.03.08 04:35:07.642,0.98471,0.98508,1.65,3.68
2011.03.08 04:35:08.373,0.98471,0.98511,1.65,1.50
2011.03.08 04:35:09.055,0.98471,0.98511,1.95,1.50
2011.03.08 04:35:11.984,0.98471,0.98511,1.80,1.50
2011.03.08 04:35:12.094,0.98469,0.98507,1.80,1.50
2011.03.08 04:35:12.313,0.98472,0.9851,1.65,1.50
2011.03.08 04:35:13.677,0.98472,0.9851,1.73,1.50
2011.03.08 04:35:18.033,0.98477,0.98515,1.65,1.50
2011.03.08 04:35:18.592,0.98479,0.98517,1.58,3.00
2011.03.08 04:35:19.734,0.98489,0.98517,1.50,1.50
2011.03.08 04:35:19.953,0.98489,0.98527,1.50,1.50
2011.03.08 04:35:20.282,0.98487,0.98525,1.65,1.50
2011.03.08 04:35:21.113,0.98486,0.98526,1.50,1.50
2011.03.08 04:35:21.731,0.98486,0.98526,1.65,1.50
2011.03.08 04:35:23.709,0.98486,0.98526,1.65,1.50
2011.03.08 04:35:23.933,0.98485,0.98523,1.58,1.50
2011.03.08 04:35:27.854,0.98485,0.98523,1.80,1.50
2011.03.08 04:35:29.182,0.98485,0.98523,1.58,1.50
2011.03.08 04:35:29.403,0.98486,0.98531,1.58,2.25
2011.03.08 04:35:31.078,0.98486,0.98531,1.80,3.00
2011.03.08 04:35:31.413,0.98495,0.98531,1.50,1.50
2011.03.08 04:35:32.675,0.98496,0.98532,1.50,1.50
2011.03.08 04:35:33.278,0.98496,0.98531,1.58,1.50
2011.03.08 04:35:33.776,0.98496,0.98531,1.65,1.50
2011.03.08 04:35:35.751,0.98496,0.98531,1.73,1.50
2011.03.08 04:35:35.973,0.98496,0.98531,1.65,1.50
2011.03.08 04:35:36.083,0.98495,0.98532,1.58,1.50
2011.03.08 04:35:37.388,0.98495,0.98532,1.58,1.50
2011.03.08 04:35:37.975,0.98495,0.98532,1.58,1.50
2011.03.08 04:35:38.720,0.98495,0.98532,1.65,1.50
2011.03.08 04:35:39.644,0.98493,0.98532,1.73,1.50
2011.03.08 04:35:41.024,0.98492,0.9853,1.65,1.50
2011.03.08 04:35:42.734,0.9849,0.9853,1.65,1.50
2011.03.08 04:35:43.667,0.9849,0.9853,1.73,1.50
2011.03.08 04:35:46.333,0.9849,0.9853,1.73,1.50
2011.03.08 04:35:46.444,0.98494,0.98532,1.58,3.00
2011.03.08 04:35:47.782,0.98494,0.98532,1.65,3.00
2011.03.08 04:35:49.723,0.98491,0.98529,1.73,1.50
2011.03.08 04:35:50.163,0.98491,0.98529,1.65,1.50
2011.03.08 04:35:50.729,0.98491,0.98529,1.65,1.50
2011.03.08 04:35:51.727,0.98491,0.98529,1.73,1.50
2011.03.08 04:35:55.255,0.98488,0.98528,1.73,1.50
2011.03.08 04:35:55.582,0.98485,0.98525,1.73,1.50
2011.03.08 04:35:57.763,0.98485,0.98525,1.73,1.50
2011.03.08 04:36:00.742,0.98485,0.98523,1.73,1.50
2011.03.08 04:36:09.643,0.98485,0.98523,1.80,1.50
2011.03.08 04:36:12.923,0.98482,0.9852,1.73,1.50
2011.03.08 04:36:13.323,0.98484,0.98522,1.65,1.50
2011.03.08 04:36:14.353,0.98486,0.98522,1.80,1.50
2011.03.08 04:36:14.463,0.98485,0.98522,1.73,1.50
2011.03.08 04:36:20.744,0.98485,0.98522,1.65,1.50
2011.03.08 04:36:21.994,0.98485,0.98522,1.73,1.50
2011.03.08 04:36:22.106,0.98485,0.98522,1.65,1.50
2011.03.08 04:36:23.439,0.98485,0.98522,1.95,1.50
2011.03.08 04:36:23.665,0.98485,0.98522,1.65,1.50
2011.03.08 04:36:24.004,0.98485,0.98522,1.73,1.50
2011.03.08 04:36:24.444,0.98485,0.98522,1.65,1.50
2011.03.08 04:36:24.665,0.98485,0.98522,1.50,1.50
2011.03.08 04:36:24.889,0.98485,0.98522,1.58,1.50
2011.03.08 04:36:25.117,0.98485,0.98522,1.50,1.58
2011.03.08 04:36:26.322,0.98485,0.98523,1.50,1.58
2011.03.08 04:36:26.933,0.98484,0.98524,1.50,1.58
2011.03.08 04:36:27.153,0.98486,0.98531,1.50,1.58
2011.03.08 04:36:27.373,0.98484,0.98524,2.25,1.58
2011.03.08 04:36:29.834,0.98484,0.98524,1.50,1.65
2011.03.08 04:36:31.724,0.98484,0.98524,1.50,1.58
2011.03.08 04:36:51.372,0.98483,0.98523,1.50,1.58
2011.03.08 04:37:01.836,0.98483,0.98523,1.50,1.65
2011.03.08 04:37:02.353,0.98484,0.98524,1.50,1.65
2011.03.08 04:37:17.110,0.98484,0.98524,1.50,1.58
2011.03.08 04:37:30.602,0.98485,0.98523,1.50,1.58
2011.03.08 04:38:08.885,0.9849,0.98528,1.50,1.65
2011.03.08 04:38:09.966,0.9849,0.98528,1.50,1.65
2011.03.08 04:38:10.416,0.9849,0.98528,1.50,1.58
2011.03.08 04:38:10.633,0.98486,0.98524,1.50,1.50
2011.03.08 04:38:11.453,0.98486,0.98524,1.50,1.65
2011.03.08 04:38:13.803,0.98486,0.98524,1.50,1.58
2011.03.08 04:38:38.960,0.98485,0.98525,1.50,1.58
2011.03.08 04:38:50.283,0.98484,0.98522,1.50,1.50
2011.03.08 04:38:50.613,0.98485,0.98517,1.50,1.50
2011.03.08 04:38:50.723,0.98476,0.98517,1.58,1.50
2011.03.08 04:38:51.754,0.98476,0.98517,1.65,1.50
2011.03.08 04:38:56.596,0.98476,0.98517,1.58,1.50
2011.03.08 04:38:59.348,0.98476,0.98517,1.65,1.50
2011.03.08 04:39:07.366,0.98476,0.98517,1.58,1.50
2011.03.08 04:39:07.583,0.98485,0.98525,1.50,1.58
2011.03.08 04:39:42.443,0.98485,0.98525,1.58,1.50
2011.03.08 04:39:42.773,0.98485,0.98523,1.50,1.58
2011.03.08 04:39:42.883,0.9848,0.98518,1.50,1.50
2011.03.08 04:39:43.666,0.9848,0.98518,1.58,1.50
2011.03.08 04:39:43.986,0.9848,0.98518,1.50,1.58
2011.03.08 04:39:44.105,0.9848,0.98518,1.58,1.50
2011.03.08 04:40:02.434,0.9848,0.98518,1.50,1.50
2011.03.08 04:40:02.651,0.98483,0.98523,1.50,1.58
2011.03.08 04:40:02.765,0.98485,0.98523,1.50,1.50
2011.03.08 04:40:13.033,0.98485,0.98523,1.58,1.50
2011.03.08 04:40:13.473,0.98485,0.98523,1.50,1.58
2011.03.08 04:40:59.589,0.98484,0.98524,1.50,1.58
2011.03.08 04:41:13.644,0.98484,0.98524,1.50,1.50
2011.03.08 04:41:34.268,0.98484,0.98524,1.50,1.65
2011.03.08 04:41:55.664,0.98484,0.98524,1.50,1.58
2011.03.08 04:41:56.414,0.98484,0.98524,1.50,1.65
2011.03.08 04:41:57.289,0.98485,0.98523,1.50,1.65
2011.03.08 04:42:01.486,0.98485,0.98523,1.50,1.58
2011.03.08 04:42:25.374,0.98484,0.98524,1.50,1.58
2011.03.08 04:42:30.973,0.98486,0.98526,1.50,2.40
2011.03.08 04:42:33.725,0.98486,0.98526,1.50,2.33
2011.03.08 04:42:34.635,0.98485,0.98523,1.50,1.58
2011.03.08 04:42:35.725,0.98485,0.98523,1.50,1.65
2011.03.08 04:42:36.764,0.98485,0.98523,1.50,1.58
2011.03.08 04:42:45.194,0.9848,0.98523,1.50,1.80
2011.03.08 04:42:45.743,0.98479,0.98519,1.50,1.65
2011.03.08 04:42:46.755,0.98479,0.98519,1.50,1.65
2011.03.08 04:42:47.743,0.98479,0.98519,1.50,1.58
2011.03.08 04:42:48.683,0.98479,0.98519,1.50,1.50
2011.03.08 04:42:48.904,0.98485,0.98525,1.50,1.58
2011.03.08 04:42:49.234,0.98487,0.98526,1.50,1.58
2011.03.08 04:42:50.234,0.98484,0.98524,1.50,1.58
2011.03.08 04:42:51.746,0.98484,0.98524,1.50,1.65
2011.03.08 04:42:53.864,0.98484,0.98524,1.50,1.58
2011.03.08 04:42:54.309,0.98484,0.98524,1.50,1.65
2011.03.08 04:42:54.536,0.98484,0.98524,1.50,1.58
2011.03.08 04:42:55.306,0.98484,0.98524,1.50,1.58
2011.03.08 04:43:02.835,0.98484,0.98524,1.50,1.65
2011.03.08 04:43:14.714,0.98484,0.98524,1.50,1.58
2011.03.08 04:43:19.695,0.98484,0.98524,1.50,1.65
2011.03.08 04:43:23.754,0.98479,0.98519,1.50,1.50
2011.03.08 04:43:24.667,0.98479,0.98519,1.50,1.58
2011.03.08 04:43:25.095,0.98479,0.98519,1.58,1.50
2011.03.08 04:43:25.537,0.98479,0.98519,1.50,1.58
2011.03.08 04:43:26.313,0.98479,0.98519,1.58,1.50
2011.03.08 04:43:26.426,0.98479,0.98519,1.50,1.58
2011.03.08 04:43:27.104,0.98479,0.98519,1.58,1.50
2011.03.08 04:43:27.434,0.98483,0.98523,1.58,1.58
2011.03.08 04:43:40.634,0.98483,0.98523,1.58,1.50
2011.03.08 04:43:40.964,0.98487,0.98527,1.50,3.08
2011.03.08 04:43:41.513,0.98488,0.98527,1.50,1.58
2011.03.08 04:43:42.198,0.98488,0.98527,1.50,1.65
2011.03.08 04:43:42.739,0.98488,0.98527,1.50,1.58
2011.03.08 04:43:46.785,0.98488,0.98527,1.50,1.65
2011.03.08 04:43:46.893,0.98488,0.98527,1.58,1.58
2011.03.08 04:43:47.463,0.98489,0.98526,1.50,1.50
2011.03.08 04:43:48.184,0.98489,0.98527,1.50,1.58
2011.03.08 04:43:48.404,0.98493,0.98533,1.50,1.65
2011.03.08 04:43:48.514,0.98493,0.98533,1.50,1.58
2011.03.08 04:43:51.701,0.98493,0.98533,1.50,1.65
2011.03.08 04:43:54.434,0.9849,0.98528,1.50,1.50
2011.03.08 04:43:55.684,0.9849,0.98528,1.50,1.58
2011.03.08 04:43:59.334,0.9849,0.98528,1.50,1.50
2011.03.08 04:43:59.443,0.98494,0.98532,1.50,1.58
2011.03.08 04:44:01.754,0.98494,0.98532,1.50,1.65
2011.03.08 04:44:02.079,0.98494,0.98532,1.50,1.50
2011.03.08 04:44:02.184,0.98496,0.98534,1.50,1.50
2011.03.08 04:44:03.735,0.98496,0.98534,1.58,1.50
2011.03.08 04:44:04.242,0.98496,0.98534,1.58,1.50
2011.03.08 04:44:04.722,0.98496,0.98534,1.50,1.58
2011.03.08 04:44:06.640,0.9849,0.98528,1.50,1.50
2011.03.08 04:44:07.713,0.98493,0.98532,1.50,1.58
2011.03.08 04:44:08.263,0.98493,0.98531,1.50,1.50
2011.03.08 04:44:09.805,0.98493,0.98531,1.50,1.65
2011.03.08 04:44:12.908,0.98494,0.98532,1.50,1.80
2011.03.08 04:44:13.493,0.98496,0.98536,1.50,3.00
2011.03.08 04:44:14.783,0.98496,0.98536,1.50,1.58
2011.03.08 04:44:15.174,0.98496,0.98536,1.50,1.50
2011.03.08 04:44:15.394,0.98493,0.98533,1.50,1.50
2011.03.08 04:44:16.330,0.98495,0.98533,1.50,1.50
2011.03.08 04:44:16.840,0.98495,0.98533,1.50,1.58
2011.03.08 04:44:17.265,0.98495,0.98533,1.50,1.80
2011.03.08 04:44:21.957,0.98495,0.98533,1.50,1.58
2011.03.08 04:44:23.266,0.98495,0.98533,1.50,1.65
2011.03.08 04:44:42.095,0.98496,0.98538,1.50,1.80
2011.03.08 04:44:42.315,0.98497,0.98535,1.58,1.50
2011.03.08 04:44:42.967,0.98497,0.98535,1.58,1.50
2011.03.08 04:44:51.551,0.98497,0.98538,1.65,1.50
2011.03.08 04:44:56.765,0.98495,0.98533,1.50,1.50
2011.03.08 04:45:14.628,0.98495,0.98533,1.50,1.65
2011.03.08 04:45:16.425,0.98495,0.98533,1.50,1.58
2011.03.08 04:45:16.533,0.98487,0.98523,2.33,1.50
2011.03.08 04:45:17.712,0.98485,0.98523,1.50,1.50
2011.03.08 04:45:19.013,0.98486,0.98532,1.50,2.33
2011.03.08 04:45:19.454,0.98494,0.98534,1.50,1.65
2011.03.08 04:45:20.725,0.98494,0.98534,1.50,1.58
2011.03.08 04:45:22.914,0.98494,0.98532,1.50,2.25
2011.03.08 04:45:23.134,0.98485,0.98523,1.58,1.50
2011.03.08 04:45:23.465,0.98485,0.98523,1.50,1.50
2011.03.08 04:45:23.574,0.98487,0.98532,1.50,3.83
2011.03.08 04:45:25.735,0.98487,0.98532,1.50,1.73
2011.03.08 04:45:27.394,0.98487,0.98532,1.65,1.65
2011.03.08 04:45:27.504,0.98487,0.98532,1.65,1.50
2011.03.08 04:45:44.954,0.98487,0.98532,1.58,1.65
2011.03.08 04:45:45.395,0.98487,0.98532,1.65,1.50
2011.03.08 04:45:48.153,0.98485,0.98533,1.65,1.58
2011.03.08 04:45:49.098,0.98486,0.98532,1.65,1.50
2011.03.08 04:45:52.170,0.98485,0.98533,1.65,1.58
2011.03.08 04:45:53.317,0.98485,0.98533,1.58,1.65
2011.03.08 04:46:08.974,0.98485,0.98533,1.65,1.58
2011.03.08 04:46:11.440,0.98485,0.98533,1.65,1.80
2011.03.08 04:46:12.867,0.98485,0.98533,1.65,1.58
2011.03.08 04:46:16.099,0.98485,0.98533,1.58,1.65
2011.03.08 04:46:22.215,0.98484,0.98524,1.58,1.50
2011.03.08 04:46:23.691,0.98484,0.98524,1.58,1.50
2011.03.08 04:46:53.164,0.98484,0.98526,1.58,1.50
2011.03.08 04:46:53.274,0.98484,0.98526,1.50,1.50
2011.03.08 04:46:53.385,0.98485,0.98528,1.58,1.50
2011.03.08 04:46:53.605,0.98487,0.98532,1.58,1.58
2011.03.08 04:46:57.456,0.98486,0.98524,1.58,1.50
2011.03.08 04:47:02.215,0.98486,0.98532,1.50,1.58
2011.03.08 04:47:03.048,0.98486,0.98531,1.65,1.50
2011.03.08 04:47:03.576,0.98486,0.98532,1.65,1.65
2011.03.08 04:47:03.686,0.98486,0.98532,1.65,1.50
2011.03.08 04:47:30.728,0.98487,0.98531,1.65,1.50
2011.03.08 04:47:32.031,0.98486,0.98532,1.65,1.50
2011.03.08 04:47:59.350,0.98487,0.98531,1.65,1.50
2011.03.08 04:48:04.096,0.98487,0.98531,1.50,1.50
2011.03.08 04:48:10.385,0.98487,0.98531,1.58,1.58
2011.03.08 04:48:10.955,0.98487,0.98531,1.80,1.50
2011.03.08 04:48:15.348,0.98487,0.98531,1.58,1.50
2011.03.08 04:48:15.674,0.98478,0.98531,6.75,1.58
2011.03.08 04:48:15.893,0.98486,0.98532,1.50,1.58
2011.03.08 04:48:17.654,0.98486,0.98532,1.58,1.65
2011.03.08 04:48:19.766,0.98486,0.98532,1.50,1.73
2011.03.08 04:48:27.726,0.98487,0.98531,1.50,1.65
2011.03.08 04:48:29.353,0.98485,0.98532,1.50,1.73
2011.03.08 04:48:30.455,0.98485,0.98532,1.58,1.65
2011.03.08 04:48:33.876,0.98485,0.98532,1.50,1.65
2011.03.08 04:48:44.194,0.98485,0.98532,1.65,1.65
2011.03.08 04:48:44.305,0.98494,0.98532,1.50,1.65
2011.03.08 04:48:44.524,0.98488,0.98531,2.40,1.50
2011.03.08 04:48:45.790,0.98488,0.98531,2.33,1.58
2011.03.08 04:48:52.346,0.98491,0.98531,1.50,1.58
2011.03.08 04:48:52.455,0.98491,0.98531,1.50,1.50
2011.03.08 04:48:52.674,0.98493,0.98532,1.50,1.50
2011.03.08 04:48:52.784,0.98488,0.98532,2.25,3.00
2011.03.08 04:48:53.726,0.98488,0.98532,2.33,3.15
2011.03.08 04:48:56.577,0.98488,0.98531,2.33,1.50
2011.03.08 04:48:57.774,0.98488,0.98532,2.40,2.25
2011.03.08 04:48:58.103,0.98495,0.98533,1.50,1.50
2011.03.08 04:49:00.771,0.98495,0.98533,1.50,1.65
2011.03.08 04:49:08.626,0.98497,0.98535,1.50,1.50
2011.03.08 04:49:09.163,0.98498,0.98536,1.50,1.50
2011.03.08 04:49:10.594,0.98498,0.98537,1.50,1.50
2011.03.08 04:49:10.705,0.98496,0.98534,1.50,1.50
2011.03.08 04:49:11.303,0.98496,0.98534,1.50,1.58
2011.03.08 04:49:11.726,0.98496,0.98534,1.50,1.65
2011.03.08 04:49:14.474,0.98496,0.98534,1.50,1.65
2011.03.08 04:49:14.593,0.98496,0.98534,1.50,1.65
2011.03.08 04:49:17.825,0.98496,0.98534,1.50,1.65
2011.03.08 04:50:19.364,0.98496,0.98534,1.50,1.50
2011.03.08 04:50:26.244,0.98495,0.98533,1.50,1.50
2011.03.08 04:50:27.176,0.98495,0.98533,1.50,1.80
2011.03.08 04:50:28.240,0.98494,0.98532,1.50,1.65
2011.03.08 04:50:30.425,0.98494,0.98532,1.50,2.40
2011.03.08 04:50:30.753,0.98491,0.98531,1.50,2.25
2011.03.08 04:50:30.865,0.98488,0.98528,1.58,2.25
2011.03.08 04:50:31.084,0.98491,0.98531,1.50,2.33
2011.03.08 04:50:31.304,0.98493,0.98531,1.50,2.33
2011.03.08 04:50:32.361,0.98493,0.98531,1.50,2.33
2011.03.08 04:50:33.745,0.98493,0.98531,1.50,2.33
2011.03.08 04:50:33.855,0.9849,0.98528,1.50,2.33
2011.03.08 04:50:34.296,0.98485,0.98525,1.50,2.25
2011.03.08 04:50:34.845,0.98484,0.98522,1.50,2.25
2011.03.08 04:50:35.718,0.98484,0.98522,1.50,2.25
2011.03.08 04:50:36.794,0.98484,0.98522,1.50,2.40
2011.03.08 04:50:37.814,0.98484,0.98522,1.50,2.25
2011.03.08 04:50:38.727,0.98484,0.98522,1.50,2.25
2011.03.08 04:50:39.665,0.98482,0.98522,1.58,2.25
2011.03.08 04:50:39.884,0.98481,0.98521,1.50,2.25
2011.03.08 04:50:39.994,0.98479,0.98519,1.50,2.25
2011.03.08 04:50:40.564,0.98479,0.98519,1.50,2.33
2011.03.08 04:50:40.766,0.98479,0.98519,1.50,2.40
2011.03.08 04:50:41.544,0.98477,0.98517,1.50,2.33
2011.03.08 04:50:41.765,0.98477,0.98517,1.50,2.33
2011.03.08 04:50:41.875,0.98479,0.98519,1.50,2.33
2011.03.08 04:50:42.215,0.98477,0.98517,1.50,2.33
2011.03.08 04:50:42.655,0.9848,0.98518,1.50,1.58
2011.03.08 04:50:42.874,0.98478,0.98516,1.50,1.50
2011.03.08 04:50:43.428,0.98479,0.98519,1.50,1.58
2011.03.08 04:50:44.695,0.98479,0.98519,1.50,1.58
2011.03.08 04:50:45.565,0.98478,0.98516,1.50,1.50
2011.03.08 04:50:46.686,0.98478,0.98516,1.50,1.58
2011.03.08 04:50:46.906,0.98473,0.98513,1.58,1.58
2011.03.08 04:50:47.236,0.98475,0.98515,1.50,1.58
2011.03.08 04:50:47.674,0.98476,0.98516,1.50,3.00
2011.03.08 04:50:47.896,0.98479,0.98517,1.50,1.65
2011.03.08 04:50:52.525,0.98476,0.98516,1.50,3.00
2011.03.08 04:50:53.702,0.98476,0.98516,1.50,3.08
2011.03.08 04:50:53.839,0.98476,0.98516,1.58,3.00
2011.03.08 04:50:54.127,0.98487,0.98517,1.50,1.50
2011.03.08 04:50:54.674,0.98486,0.98516,1.50,1.50
2011.03.08 04:50:55.844,0.98484,0.98517,1.50,1.50
2011.03.08 04:51:00.925,0.98489,0.98517,1.50,1.50
2011.03.08 04:51:08.566,0.98489,0.98529,1.50,1.50
2011.03.08 04:51:08.675,0.985,0.98536,1.50,1.58
2011.03.08 04:51:08.894,0.98495,0.98533,1.50,1.58
2011.03.08 04:51:09.005,0.9849,0.98528,1.50,1.50
2011.03.08 04:51:09.334,0.98495,0.98533,1.50,1.58
2011.03.08 04:51:09.936,0.9849,0.98528,1.50,1.50
2011.03.08 04:51:10.374,0.98495,0.98533,1.50,1.50
2011.03.08 04:51:10.895,0.9849,0.98528,1.50,1.58
2011.03.08 04:51:11.311,0.98495,0.98533,1.50,1.65
2011.03.08 04:51:12.645,0.98495,0.98533,1.50,1.58
2011.03.08 04:51:13.737,0.98495,0.98533,1.50,1.58
2011.03.08 04:51:19.955,0.98495,0.98533,1.50,1.65
2011.03.08 04:51:29.015,0.98488,0.98533,2.25,1.65
2011.03.08 04:51:29.125,0.98488,0.98533,2.33,1.58
2011.03.08 04:51:29.455,0.98495,0.98533,1.50,1.58
2011.03.08 04:51:31.905,0.98495,0.98533,1.50,1.58
2011.03.08 04:51:32.015,0.98488,0.98533,2.25,1.58
2011.03.08 04:51:33.202,0.98489,0.98532,1.50,1.50
2011.03.08 04:51:33.746,0.98489,0.98532,1.50,1.58
2011.03.08 04:51:35.635,0.98488,0.98528,1.50,2.40
2011.03.08 04:51:35.855,0.98486,0.98526,1.50,1.50
2011.03.08 04:51:36.404,0.98485,0.98527,1.50,1.50
2011.03.08 04:51:37.726,0.98485,0.98527,1.58,1.58
2011.03.08 04:51:42.604,0.98484,0.98527,1.65,1.50
2011.03.08 04:51:42.934,0.9849,0.98527,1.50,1.50
2011.03.08 04:51:43.044,0.98495,0.98527,1.50,1.50
2011.03.08 04:51:43.265,0.98495,0.9854,1.50,1.65
2011.03.08 04:51:54.285,0.98504,0.98537,1.50,1.80
2011.03.08 04:51:54.506,0.98504,0.98537,1.50,1.50
2011.03.08 04:51:54.725,0.98495,0.98533,1.50,1.50
2011.03.08 04:51:55.274,0.98495,0.98537,1.50,1.65
2011.03.08 04:51:58.126,0.98495,0.98537,1.50,1.73
2011.03.08 04:51:58.369,0.98495,0.98537,1.50,1.58
2011.03.08 04:52:05.005,0.98498,0.98537,2.25,1.58
2011.03.08 04:52:05.444,0.98495,0.98533,1.50,1.50
2011.03.08 04:52:05.927,0.98494,0.98536,1.50,1.65
2011.03.08 04:52:06.146,0.98494,0.98536,1.50,1.58
2011.03.08 04:52:08.695,0.98485,0.98534,1.50,1.65
2011.03.08 04:52:10.054,0.98485,0.98534,1.65,1.80
2011.03.08 04:52:10.505,0.98485,0.98534,1.58,1.58
2011.03.08 04:52:10.614,0.98494,0.98534,1.50,1.58
2011.03.08 04:52:11.195,0.98494,0.98537,1.50,1.65
2011.03.08 04:52:12.735,0.98494,0.98537,1.50,1.65
2011.03.08 04:52:15.815,0.98494,0.98537,1.50,1.58
2011.03.08 04:52:19.994,0.98495,0.98533,1.50,1.58
2011.03.08 04:52:20.936,0.98495,0.98533,1.50,1.65
2011.03.08 04:52:21.130,0.98488,0.98533,1.50,1.65
2011.03.08 04:52:21.245,0.98488,0.98533,1.50,1.58
2011.03.08 04:52:23.674,0.98488,0.98533,1.50,1.65
2011.03.08 04:52:31.404,0.98488,0.98533,1.50,1.65
2011.03.08 04:52:31.514,0.98485,0.98525,1.50,1.50
2011.03.08 04:52:31.886,0.98485,0.98523,1.50,1.50
2011.03.08 04:52:32.695,0.98485,0.98523,1.50,1.58
2011.03.08 04:52:37.455,0.98484,0.98526,1.50,1.50
2011.03.08 04:52:38.663,0.98484,0.98527,1.58,3.00
2011.03.08 04:52:45.064,0.98484,0.98527,1.58,3.00
2011.03.08 04:52:45.394,0.98484,0.98526,1.50,2.33
2011.03.08 04:52:45.504,0.98481,0.98521,1.50,1.50
2011.03.08 04:52:45.724,0.98484,0.98526,1.50,1.58
2011.03.08 04:52:46.935,0.98484,0.98524,1.50,2.25
2011.03.08 04:52:47.154,0.98478,0.98524,1.50,2.25
2011.03.08 04:52:47.374,0.98485,0.98523,1.50,2.25
2011.03.08 04:52:48.125,0.98485,0.98523,1.50,1.65
2011.03.08 04:52:48.700,0.98484,0.98524,1.50,1.65
2011.03.08 04:52:51.944,0.98484,0.98524,1.50,1.65
2011.03.08 04:52:52.164,0.98479,0.98524,1.50,1.65
2011.03.08 04:52:52.714,0.98476,0.98523,1.50,2.40
2011.03.08 04:52:53.384,0.98476,0.98523,1.58,2.40
2011.03.08 04:52:54.474,0.98484,0.98522,1.50,1.05
2011.03.08 04:52:55.704,0.98484,0.98524,1.50,1.65
2011.03.08 04:52:59.256,0.98477,0.98523,1.50,2.40
2011.03.08 04:52:59.365,0.98477,0.98523,1.58,2.33
2011.03.08 04:53:00.515,0.98477,0.98523,1.50,2.40
2011.03.08 04:53:01.280,0.98484,0.98524,1.50,1.65
2011.03.08 04:53:06.269,0.98484,0.98524,1.50,1.58
2011.03.08 04:53:06.407,0.98484,0.98524,1.50,1.65
2011.03.08 04:53:06.645,0.98484,0.98524,1.50,1.58
2011.03.08 04:53:06.867,0.98476,0.98524,1.58,2.33
2011.03.08 04:53:06.976,0.98477,0.98524,2.25,2.40
2011.03.08 04:53:07.344,0.98484,0.98524,1.50,1.65
2011.03.08 04:53:09.068,0.98484,0.98524,1.50,1.65
2011.03.08 04:53:09.651,0.98484,0.98524,1.50,1.73
2011.03.08 04:53:09.765,0.98484,0.98524,1.50,1.80
2011.03.08 04:53:15.319,0.98485,0.98523,1.50,1.80
2011.03.08 04:53:25.415,0.98494,0.98526,1.50,1.50
2011.03.08 04:53:25.854,0.98489,0.98527,1.50,1.50
2011.03.08 04:53:27.613,0.98489,0.98527,1.50,1.50
2011.03.08 04:53:29.289,0.98489,0.98527,1.50,1.50
2011.03.08 04:53:34.984,0.98489,0.98529,1.50,2.33
2011.03.08 04:53:35.204,0.98492,0.98532,1.50,1.58
2011.03.08 04:53:35.576,0.98492,0.98532,1.50,1.65
2011.03.08 04:53:36.705,0.98492,0.98532,1.58,1.58
2011.03.08 04:53:42.974,0.98492,0.98532,1.50,1.80
2011.03.08 04:53:43.304,0.98498,0.98536,1.50,1.58
2011.03.08 04:53:43.414,0.98493,0.98531,1.50,1.50
2011.03.08 04:53:44.734,0.98493,0.98531,1.50,1.58
2011.03.08 04:53:45.254,0.98493,0.98531,1.50,1.58
2011.03.08 04:53:45.584,0.98498,0.98538,1.50,1.73
2011.03.08 04:53:53.665,0.98494,0.98532,1.50,1.50
2011.03.08 04:53:54.434,0.98494,0.98534,1.50,1.58
2011.03.08 04:53:54.703,0.98494,0.98534,1.50,1.65
2011.03.08 04:53:55.585,0.98498,0.98538,1.50,2.48
2011.03.08 04:54:01.914,0.98498,0.98538,1.50,1.58
2011.03.08 04:54:02.024,0.98495,0.98533,1.50,1.50
2011.03.08 04:54:03.746,0.98495,0.98533,1.50,1.58
2011.03.08 04:54:04.135,0.98495,0.98533,1.50,1.65
2011.03.08 04:54:04.733,0.98495,0.98533,1.50,1.58
2011.03.08 04:54:07.816,0.98495,0.98533,1.50,1.58
2011.03.08 04:54:08.035,0.985,0.98537,1.50,1.65
2011.03.08 04:54:09.495,0.985,0.98536,1.50,1.65
2011.03.08 04:54:10.184,0.985,0.98536,1.50,1.65
2011.03.08 04:54:13.126,0.985,0.98537,1.50,1.80
2011.03.08 04:54:13.235,0.98495,0.98533,1.50,1.65
2011.03.08 04:54:14.662,0.98495,0.98533,1.50,1.65
2011.03.08 04:54:15.650,0.98495,0.98533,1.50,1.58
2011.03.08 04:54:19.828,0.98495,0.98533,1.50,1.65
2011.03.08 04:54:20.374,0.98495,0.98533,1.50,1.58
2011.03.08 04:54:40.609,0.98495,0.98533,1.65,1.50
2011.03.08 04:54:47.407,0.98495,0.98533,1.50,1.65
2011.03.08 04:54:47.915,0.98495,0.98533,1.65,1.50
2011.03.08 04:54:48.640,0.98495,0.98533,1.50,1.58
2011.03.08 04:54:49.095,0.98495,0.98533,1.58,1.50
2011.03.08 04:54:50.115,0.98495,0.98533,1.50,1.65
2011.03.08 04:54:50.684,0.98495,0.98533,1.50,1.58
2011.03.08 04:54:52.695,0.98495,0.98533,1.50,1.58
2011.03.08 04:54:55.584,0.98475,0.98531,2.48,1.50
2011.03.08 04:54:56.274,0.98475,0.98532,1.73,3.75
2011.03.08 04:54:56.825,0.98475,0.98532,1.73,3.75
2011.03.08 04:54:58.714,0.98475,0.98532,1.73,3.75
2011.03.08 04:55:00.672,0.98475,0.98532,1.73,3.83
2011.03.08 04:55:15.055,0.98475,0.98532,1.80,4.05
2011.03.08 04:55:23.788,0.98475,0.98532,1.73,3.90
2011.03.08 04:55:32.075,0.98475,0.98532,1.65,3.98
2011.03.08 04:55:46.792,0.98475,0.98531,1.95,3.15
2011.03.08 04:56:04.161,0.98475,0.98531,1.80,3.30
2011.03.08 04:56:13.935,0.98474,0.98527,1.65,1.58
2011.03.08 04:56:14.045,0.98474,0.98522,1.65,2.25
2011.03.08 04:56:14.264,0.98474,0.98526,1.58,1.58
2011.03.08 04:56:15.708,0.98474,0.98526,2.40,1.58
2011.03.08 04:56:45.267,0.98474,0.98527,1.73,1.50
2011.03.08 04:56:45.616,0.98474,0.98527,1.65,1.65
2011.03.08 04:57:10.177,0.98475,0.98526,1.80,1.50
2011.03.08 04:57:10.395,0.98475,0.98522,1.80,2.25
2011.03.08 04:57:19.306,0.98474,0.98522,1.58,2.25
2011.03.08 04:57:19.634,0.98474,0.98514,1.58,1.50
2011.03.08 04:57:21.197,0.98474,0.98514,1.50,1.50
2011.03.08 04:57:21.694,0.98474,0.98514,1.58,1.50
2011.03.08 04:57:22.145,0.98474,0.98514,1.50,1.50
2011.03.08 04:57:22.259,0.98474,0.98514,1.65,1.50
2011.03.08 04:57:22.464,0.98474,0.98514,1.50,1.58
2011.03.08 04:57:22.598,0.98474,0.98514,1.58,1.50
2011.03.08 04:57:26.144,0.98474,0.98514,1.50,1.50
2011.03.08 04:57:26.255,0.98474,0.98514,1.65,1.50
2011.03.08 04:57:26.365,0.98475,0.9852,1.65,1.50
2011.03.08 04:57:27.795,0.98475,0.9852,1.80,1.50
2011.03.08 04:57:27.928,0.98475,0.9852,1.58,1.58
2011.03.08 04:57:32.275,0.98474,0.98514,1.58,1.50
2011.03.08 04:57:33.690,0.98474,0.98514,1.50,1.58
2011.03.08 04:57:49.424,0.98483,0.98522,1.50,1.65
2011.03.08 04:57:50.775,0.98477,0.9852,1.58,1.50
2011.03.08 04:57:51.776,0.98477,0.9852,1.58,1.58
2011.03.08 04:58:14.660,0.98475,0.9852,1.50,1.65
2011.03.08 04:58:14.796,0.98475,0.9852,1.58,1.58
2011.03.08 04:58:45.865,0.98474,0.98521,1.50,2.55
2011.03.08 04:58:46.166,0.98474,0.98521,1.58,1.58
2011.03.08 04:59:16.374,0.98475,0.9852,1.50,1.65
2011.03.08 04:59:16.486,0.98475,0.9852,1.58,1.58
2011.03.08 04:59:21.545,0.98474,0.98521,1.50,1.65
2011.03.08 04:59:21.771,0.98474,0.98521,1.58,1.58
2011.03.08 04:59:24.869,0.98474,0.98521,1.50,1.65
2011.03.08 04:59:24.987,0.98474,0.98521,1.58,1.58
2011.03.08 04:59:25.298,0.98474,0.98521,1.50,1.65
2011.03.08 04:59:25.544,0.98474,0.98521,1.58,1.58
2011.03.08 04:59:26.096,0.98474,0.98521,1.50,1.80
2011.03.08 04:59:26.659,0.98474,0.98521,1.58,1.58
2011.03.08 04:59:26.773,0.98474,0.98521,1.50,1.65
2011.03.08 04:59:26.982,0.98474,0.98521,1.58,1.58
2011.03.08 04:59:27.394,0.98474,0.98521,1.50,1.65
2011.03.08 04:59:27.557,0.98474,0.98521,1.58,1.58
2011.03.08 04:59:27.677,0.98474,0.98521,1.50,1.65
2011.03.08 04:59:27.907,0.98474,0.98521,1.58,1.58
2011.03.08 04:59:28.014,0.98474,0.98521,1.50,1.65
2011.03.08 04:59:28.229,0.98474,0.98521,1.58,1.58
2011.03.08 04:59:28.368,0.98474,0.98521,1.50,1.65
2011.03.08 04:59:28.566,0.98474,0.98521,1.58,1.58
2011.03.08 04:59:28.674,0.98474,0.98521,1.50,1.65
2011.03.08 04:59:28.890,0.98474,0.98521,1.58,1.58
2011.03.08 04:59:29.017,0.98474,0.98521,1.50,1.65
2011.03.08 04:59:32.767,0.98474,0.98521,1.58,1.58
2011.03.08 04:59:33.326,0.98474,0.98521,1.50,1.65
2011.03.08 04:59:41.094,0.98475,0.98521,1.50,1.65
2011.03.08 04:59:48.915,0.98475,0.98522,1.58,3.90
2011.03.08 04:59:49.025,0.98475,0.98522,1.50,3.90
2011.03.08 04:59:49.134,0.98475,0.98513,1.50,1.50
2011.03.08 04:59:50.710,0.98475,0.98513,1.50,1.65
