2015.10.22 22:00:00.035,0.94427,0.94485,0.75,0.75
2015.10.22 22:00:00.136,0.94428,0.94475,0.37,0.37
2015.10.22 22:00:00.443,0.94428,0.94454,0.37,0.37
2015.10.22 22:00:00.502,0.94421,0.94454,0.75,0.37
2015.10.22 22:00:00.704,0.94424,0.94457,0.75,0.37
2015.10.22 22:00:00.805,0.94425,0.9446,0.75,0.37
2015.10.22 22:00:00.956,0.94414,0.94458,0.75,0.37
2015.10.22 22:00:01.007,0.94414,0.94456,0.75,0.37
2015.10.22 22:00:01.058,0.94411,0.94455,0.75,0.37
2015.10.22 22:00:01.160,0.94407,0.94454,0.37,0.37
2015.10.22 22:00:01.610,0.94409,0.94455,0.37,0.37
2015.10.22 22:00:02.325,0.94408,0.94454,0.75,0.37
2015.10.22 22:00:03.069,0.94413,0.94456,0.75,0.37
2015.10.22 22:00:03.800,0.94412,0.94456,0.75,0.37
2015.10.22 22:00:04.594,0.94414,0.94458,0.75,0.37
2015.10.22 22:00:04.904,0.94416,0.94452,0.75,0.37
2015.10.22 22:00:05.005,0.94414,0.94452,0.75,0.37
2015.10.22 22:00:05.106,0.94417,0.94452,0.75,0.37
2015.10.22 22:00:05.258,0.94417,0.94455,0.75,0.37
2015.10.22 22:00:05.550,0.94415,0.94455,0.75,0.37
2015.10.22 22:00:05.651,0.94417,0.94455,0.75,0.37
2015.10.22 22:00:06.424,0.94415,0.94455,0.75,0.37
2015.10.22 22:00:06.857,0.94417,0.94455,0.75,0.37
2015.10.22 22:00:07.517,0.94416,0.94455,0.75,0.37
2015.10.22 22:00:08.048,0.94415,0.94455,0.75,0.37
2015.10.22 22:00:08.862,0.94417,0.94455,0.75,0.37
2015.10.22 22:00:11.927,0.9442,0.94455,0.75,0.37
2015.10.22 22:00:12.515,0.94417,0.94455,0.75,0.37
2015.10.22 22:00:13.033,0.94415,0.94455,0.75,0.37
2015.10.22 22:00:13.237,0.94413,0.94451,0.75,0.37
2015.10.22 22:00:13.388,0.9441,0.94451,0.75,0.75
2015.10.22 22:00:13.489,0.94407,0.94451,0.75,0.75
2015.10.22 22:00:13.540,0.94407,0.94446,0.75,0.37
2015.10.22 22:00:13.950,0.94409,0.94446,0.75,0.37
2015.10.22 22:00:14.051,0.94408,0.94448,0.75,0.37
2015.10.22 22:00:14.102,0.94408,0.94452,0.75,0.37
2015.10.22 22:00:14.152,0.94406,0.9445,0.75,0.37
2015.10.22 22:00:14.556,0.94406,0.94447,0.75,0.37
2015.10.22 22:00:15.583,0.94406,0.94443,0.75,0.37
2015.10.22 22:00:15.633,0.94404,0.94442,0.75,0.37
2015.10.22 22:00:15.784,0.94406,0.94442,0.75,0.37
2015.10.22 22:00:16.346,0.94405,0.94442,0.75,0.37
2015.10.22 22:00:17.219,0.94406,0.94442,0.75,0.37
2015.10.22 22:00:17.527,0.94404,0.94442,0.75,0.37
2015.10.22 22:00:18.187,0.94398,0.94442,0.75,0.37
2015.10.22 22:00:18.833,0.94397,0.94442,0.75,0.37
2015.10.22 22:00:18.884,0.94399,0.94442,0.75,0.37
2015.10.22 22:00:19.656,0.94398,0.94442,0.75,0.37
2015.10.22 22:00:20.730,0.94396,0.9444,0.75,0.37
2015.10.22 22:00:21.913,0.94395,0.9444,0.75,0.37
2015.10.22 22:00:22.546,0.94394,0.9444,0.75,0.37
2015.10.22 22:00:23.079,0.94396,0.9444,0.75,0.37
2015.10.22 22:00:23.797,0.94395,0.9444,0.75,0.37
2015.10.22 22:00:24.333,0.94396,0.9444,0.75,0.37
2015.10.22 22:00:24.887,0.94396,0.94437,0.75,0.37
2015.10.22 22:00:25.886,0.94396,0.94438,0.75,0.75
2015.10.22 22:00:26.106,0.94394,0.94438,0.75,0.37
2015.10.22 22:00:26.338,0.94397,0.94438,0.75,0.37
2015.10.22 22:00:27.016,0.94398,0.94438,0.75,0.37
2015.10.22 22:00:27.685,0.94399,0.94438,0.75,0.37
2015.10.22 22:00:28.589,0.944,0.94438,0.75,0.37
2015.10.22 22:00:28.762,0.94398,0.94438,0.75,0.37
2015.10.22 22:00:29.109,0.944,0.94438,0.75,0.37
2015.10.22 22:00:29.615,0.94399,0.94438,0.75,0.37
2015.10.22 22:00:29.767,0.94397,0.94438,0.75,0.37
2015.10.22 22:00:30.140,0.94395,0.94438,2.25,0.37
2015.10.22 22:00:31.224,0.94393,0.94438,0.75,0.37
2015.10.22 22:00:31.964,0.94395,0.94438,0.75,0.37
2015.10.22 22:00:33.983,0.94395,0.94441,0.75,0.75
2015.10.22 22:00:34.535,0.94396,0.94441,0.75,0.75
2015.10.22 22:00:35.677,0.94395,0.94441,0.75,0.75
2015.10.22 22:00:37.252,0.94394,0.94441,0.75,0.75
2015.10.22 22:00:37.768,0.94393,0.94441,0.75,0.75
2015.10.22 22:00:38.700,0.94394,0.94441,0.75,0.75
2015.10.22 22:00:40.973,0.94399,0.94441,0.75,0.75
2015.10.22 22:00:41.921,0.94401,0.94445,0.75,0.75
2015.10.22 22:00:42.022,0.94403,0.94446,0.75,0.37
2015.10.22 22:00:42.123,0.94403,0.94449,0.75,0.75
2015.10.22 22:00:42.475,0.94405,0.94449,0.75,0.37
2015.10.22 22:00:42.626,0.94406,0.94452,0.75,0.37
2015.10.22 22:00:43.080,0.94405,0.94448,0.75,0.37
2015.10.22 22:00:43.382,0.94405,0.94446,0.75,0.37
2015.10.22 22:00:43.925,0.94404,0.94446,0.75,0.37
2015.10.22 22:00:44.076,0.94402,0.94446,0.75,0.37
2015.10.22 22:00:44.341,0.94404,0.94446,0.75,0.37
2015.10.22 22:00:44.875,0.94405,0.94446,0.75,0.37
2015.10.22 22:00:45.027,0.94407,0.94453,0.75,1.12
2015.10.22 22:00:45.178,0.9441,0.94453,0.75,0.37
2015.10.22 22:00:45.228,0.9441,0.94455,0.75,0.37
2015.10.22 22:00:45.715,0.94412,0.94457,0.37,0.37
2015.10.22 22:00:45.766,0.94409,0.94456,1.12,1.12
2015.10.22 22:00:46.018,0.9441,0.94458,0.75,1.50
2015.10.22 22:00:47.079,0.94411,0.94458,0.75,1.50
2015.10.22 22:00:48.597,0.94419,0.94464,0.75,0.37
2015.10.22 22:00:48.702,0.9442,0.94467,0.75,1.12
2015.10.22 22:00:49.217,0.94421,0.94467,0.75,0.37
2015.10.22 22:00:49.318,0.94424,0.94468,0.37,0.37
2015.10.22 22:00:49.369,0.94424,0.9447,0.37,1.12
2015.10.22 22:00:53.120,0.94423,0.94463,0.37,0.75
2015.10.22 22:00:53.221,0.94421,0.94462,0.37,0.37
2015.10.22 22:00:53.322,0.94416,0.94462,0.37,0.37
2015.10.22 22:00:53.423,0.94415,0.9446,0.75,0.37
2015.10.22 22:00:53.725,0.94418,0.94463,1.12,0.37
2015.10.22 22:00:53.775,0.94418,0.94465,1.50,0.75
2015.10.22 22:00:54.647,0.9442,0.94466,0.75,0.75
2015.10.22 22:00:55.148,0.94419,0.94465,0.75,0.37
2015.10.22 22:00:55.485,0.94417,0.94463,0.37,1.12
2015.10.22 22:00:55.930,0.94415,0.94462,0.75,1.12
2015.10.22 22:00:56.442,0.94418,0.94462,0.75,0.37
2015.10.22 22:00:56.543,0.94418,0.94465,0.75,0.75
2015.10.22 22:00:56.594,0.94418,0.94463,0.75,0.37
2015.10.22 22:00:56.846,0.94416,0.94462,0.37,0.37
2015.10.22 22:00:57.502,0.94416,0.94461,0.75,0.37
2015.10.22 22:00:58.052,0.94417,0.94462,0.75,0.37
2015.10.22 22:01:00.210,0.94417,0.94461,0.75,0.37
2015.10.22 22:01:00.744,0.94419,0.94464,1.12,0.37
2015.10.22 22:01:00.795,0.9442,0.94466,0.37,0.37
2015.10.22 22:01:01.315,0.9442,0.94463,0.75,0.75
2015.10.22 22:01:01.416,0.94416,0.94461,0.37,0.37
2015.10.22 22:01:01.819,0.94416,0.94458,0.75,0.37
2015.10.22 22:01:02.449,0.94415,0.94458,0.75,0.37
2015.10.22 22:01:02.512,0.94417,0.94461,0.75,0.37
2015.10.22 22:01:02.613,0.94418,0.94463,0.75,0.37
2015.10.22 22:01:02.714,0.9442,0.94466,0.75,0.37
2015.10.22 22:01:03.423,0.94421,0.94467,0.75,0.37
2015.10.22 22:01:03.965,0.94422,0.94467,0.75,0.37
2015.10.22 22:01:04.477,0.94421,0.94467,0.75,0.37
2015.10.22 22:01:04.678,0.94424,0.94467,0.75,0.37
2015.10.22 22:01:05.261,0.94422,0.94467,0.75,0.37
2015.10.22 22:01:06.516,0.94423,0.94467,0.75,0.37
2015.10.22 22:01:09.185,0.94422,0.94467,0.75,0.37
2015.10.22 22:01:09.286,0.94424,0.94468,0.75,0.37
2015.10.22 22:01:09.387,0.94424,0.94471,1.12,0.37
2015.10.22 22:01:09.837,0.94424,0.94468,0.75,0.37
2015.10.22 22:01:10.313,0.94422,0.94467,0.75,0.37
2015.10.22 22:01:10.368,0.94421,0.94465,2.25,0.37
2015.10.22 22:01:10.726,0.94422,0.94468,1.12,0.75
2015.10.22 22:01:10.928,0.94421,0.94465,2.25,0.37
2015.10.22 22:01:11.464,0.94422,0.94465,0.75,0.37
2015.10.22 22:01:11.566,0.94422,0.94469,0.75,1.12
2015.10.22 22:01:11.616,0.94424,0.94469,0.75,0.37
2015.10.22 22:01:12.165,0.94424,0.9447,1.12,0.37
2015.10.22 22:01:12.969,0.94424,0.94471,1.12,0.37
2015.10.22 22:01:13.270,0.94426,0.94471,0.75,0.37
2015.10.22 22:01:13.917,0.94425,0.94471,0.75,0.37
2015.10.22 22:01:14.576,0.94426,0.94471,0.75,0.37
2015.10.22 22:01:14.777,0.94424,0.94471,1.12,0.37
2015.10.22 22:01:15.351,0.94424,0.94469,1.12,0.37
2015.10.22 22:01:16.081,0.94424,0.94468,0.75,0.37
2015.10.22 22:01:17.179,0.94424,0.94469,0.75,0.37
2015.10.22 22:01:17.230,0.94424,0.94471,0.75,1.50
2015.10.22 22:01:20.150,0.9443,0.94473,0.75,0.37
2015.10.22 22:01:20.201,0.94428,0.94473,0.75,0.37
2015.10.22 22:01:20.412,0.94428,0.9447,0.75,0.37
2015.10.22 22:01:20.513,0.94425,0.9447,0.75,0.75
2015.10.22 22:01:21.833,0.94428,0.9447,0.75,0.75
2015.10.22 22:01:23.056,0.94426,0.9447,0.75,0.75
2015.10.22 22:01:23.575,0.94428,0.9447,0.75,0.75
2015.10.22 22:01:24.246,0.94427,0.9447,0.75,0.75
2015.10.22 22:01:24.873,0.94427,0.94471,0.75,0.37
2015.10.22 22:01:25.337,0.94424,0.9447,0.75,0.75
2015.10.22 22:01:25.438,0.94422,0.94468,0.37,1.12
2015.10.22 22:01:25.740,0.94419,0.94461,0.75,0.37
2015.10.22 22:01:25.792,0.94416,0.94461,0.75,0.37
2015.10.22 22:01:26.221,0.94418,0.94461,0.75,0.37
2015.10.22 22:01:26.271,0.94418,0.94464,0.75,0.37
2015.10.22 22:01:30.164,0.94416,0.94464,1.12,1.12
2015.10.22 22:01:35.732,0.94417,0.94464,0.75,0.37
2015.10.22 22:01:35.884,0.94417,0.94461,0.75,0.37
2015.10.22 22:01:36.327,0.94419,0.94461,0.75,0.37
2015.10.22 22:01:37.847,0.94418,0.94461,0.75,0.37
2015.10.22 22:01:39.853,0.94419,0.94461,0.75,0.37
2015.10.22 22:01:40.528,0.94418,0.94461,0.75,0.37
2015.10.22 22:01:41.945,0.94419,0.94461,0.75,0.37
2015.10.22 22:01:43.849,0.94418,0.94461,0.75,0.37
2015.10.22 22:01:45.491,0.94418,0.94458,0.75,0.37
2015.10.22 22:01:45.592,0.94419,0.94461,0.75,0.37
2015.10.22 22:01:46.163,0.94418,0.94461,0.75,0.37
2015.10.22 22:01:46.709,0.94419,0.94461,0.75,0.37
2015.10.22 22:01:47.661,0.94418,0.94461,2.25,0.37
2015.10.22 22:01:48.245,0.94419,0.94461,0.75,0.37
2015.10.22 22:01:49.667,0.94418,0.94461,2.25,0.37
2015.10.22 22:01:49.790,0.9442,0.94461,0.75,0.37
2015.10.22 22:01:50.304,0.94422,0.94461,0.75,0.37
2015.10.22 22:01:50.821,0.94421,0.94461,0.75,0.37
2015.10.22 22:01:50.922,0.94421,0.94464,0.75,0.75
2015.10.22 22:01:51.673,0.94422,0.94464,0.75,0.75
2015.10.22 22:01:55.985,0.94421,0.94464,1.50,0.75
2015.10.22 22:01:56.998,0.94422,0.94464,0.75,1.50
2015.10.22 22:01:59.593,0.94422,0.94461,0.75,0.37
2015.10.22 22:01:59.899,0.94419,0.94461,0.75,0.37
2015.10.22 22:02:00.429,0.9442,0.94461,0.75,0.37
2015.10.22 22:02:01.092,0.9442,0.94463,0.75,0.37
2015.10.22 22:02:01.203,0.94422,0.94463,0.75,0.37
2015.10.22 22:02:02.007,0.94421,0.94463,0.75,0.37
2015.10.22 22:02:03.015,0.94422,0.94463,0.75,0.37
2015.10.22 22:02:05.214,0.94421,0.94463,0.75,0.37
2015.10.22 22:02:05.265,0.94419,0.94463,1.50,0.37
2015.10.22 22:02:07.823,0.9442,0.94463,0.75,0.37
2015.10.22 22:02:09.879,0.94418,0.94463,1.50,0.37
2015.10.22 22:02:10.373,0.9442,0.94463,0.75,0.37
2015.10.22 22:02:10.677,0.94423,0.94465,0.75,0.37
2015.10.22 22:02:10.883,0.94421,0.94465,0.75,0.37
2015.10.22 22:02:11.551,0.94423,0.94465,0.75,0.37
2015.10.22 22:02:11.753,0.94421,0.94465,0.75,0.37
2015.10.22 22:02:13.550,0.94423,0.94465,0.75,0.37
2015.10.22 22:02:13.752,0.94421,0.94465,1.50,0.37
2015.10.22 22:02:14.371,0.9442,0.94465,2.25,0.37
2015.10.22 22:02:14.429,0.9442,0.94467,2.62,0.37
2015.10.22 22:02:14.530,0.94422,0.94468,0.75,0.75
2015.10.22 22:02:14.859,0.94424,0.94468,0.75,0.37
2015.10.22 22:02:14.910,0.94424,0.9447,0.75,0.37
2015.10.22 22:02:15.733,0.94423,0.9447,0.75,0.37
2015.10.22 22:02:18.187,0.94425,0.9447,0.75,0.37
2015.10.22 22:02:19.009,0.94426,0.9447,0.75,0.37
2015.10.22 22:02:23.615,0.9444,0.9447,0.37,0.37
2015.10.22 22:02:23.666,0.9444,0.94473,0.75,1.12
2015.10.22 22:02:23.717,0.9444,0.94476,0.37,0.75
2015.10.22 22:02:23.767,0.94442,0.94475,0.75,0.37
2015.10.22 22:02:23.868,0.94442,0.94477,0.75,0.75
2015.10.22 22:02:23.969,0.94437,0.94476,1.12,0.75
2015.10.22 22:02:24.070,0.94433,0.94476,0.75,0.75
2015.10.22 22:02:24.466,0.94433,0.94472,0.75,0.75
2015.10.22 22:02:25.330,0.94433,0.94476,0.75,1.12
2015.10.22 22:02:25.632,0.94437,0.94476,0.75,0.75
2015.10.22 22:02:26.200,0.94437,0.94477,0.75,0.75
2015.10.22 22:02:28.044,0.94438,0.94477,0.75,0.75
2015.10.22 22:02:29.022,0.94434,0.94479,1.50,2.25
2015.10.22 22:02:29.073,0.94434,0.94476,1.50,0.37
2015.10.22 22:02:29.681,0.94433,0.94472,0.75,0.75
2015.10.22 22:02:29.969,0.94431,0.94472,2.62,0.75
2015.10.22 22:02:30.536,0.94432,0.94472,1.50,0.75
2015.10.22 22:02:30.906,0.9443,0.94471,0.75,0.75
2015.10.22 22:02:31.456,0.94431,0.94472,2.25,0.75
2015.10.22 22:02:33.457,0.94431,0.94476,0.75,0.37
2015.10.22 22:02:33.558,0.94436,0.94477,0.75,0.75
2015.10.22 22:02:34.062,0.94437,0.94476,0.75,0.75
2015.10.22 22:02:34.895,0.94439,0.94476,0.75,1.12
2015.10.22 22:02:35.006,0.94439,0.94482,0.75,0.75
2015.10.22 22:02:36.118,0.94439,0.94481,1.50,0.75
2015.10.22 22:02:37.086,0.9444,0.94481,0.75,0.75
2015.10.22 22:02:37.439,0.94442,0.94482,0.75,0.75
2015.10.22 22:02:38.975,0.94444,0.94486,0.75,2.25
2015.10.22 22:02:39.480,0.94445,0.94485,1.50,0.75
2015.10.22 22:02:40.068,0.94445,0.94486,1.87,0.75
2015.10.22 22:02:40.169,0.94447,0.94486,0.75,0.75
2015.10.22 22:02:40.280,0.94445,0.94486,2.25,0.75
2015.10.22 22:02:40.482,0.94447,0.94486,0.75,0.75
2015.10.22 22:02:42.337,0.94446,0.94486,1.50,0.75
2015.10.22 22:02:46.376,0.94447,0.94486,0.75,0.75
2015.10.22 22:02:47.257,0.94446,0.94486,0.75,0.75
2015.10.22 22:02:47.881,0.94448,0.94486,0.75,0.75
2015.10.22 22:02:48.507,0.94447,0.94486,1.50,0.75
2015.10.22 22:02:48.871,0.94446,0.94482,1.50,0.75
2015.10.22 22:02:49.462,0.94445,0.94482,0.75,0.75
2015.10.22 22:02:49.563,0.94443,0.94481,0.75,0.75
2015.10.22 22:02:52.274,0.94444,0.94481,0.75,0.75
2015.10.22 22:02:52.822,0.94444,0.94485,2.25,0.37
2015.10.22 22:02:54.992,0.94444,0.94481,1.50,0.75
2015.10.22 22:02:55.882,0.94443,0.94481,1.50,0.75
2015.10.22 22:02:56.435,0.94441,0.94481,0.75,0.75
2015.10.22 22:02:57.325,0.94441,0.94482,1.50,0.75
2015.10.22 22:02:58.166,0.9444,0.94482,0.75,0.75
2015.10.22 22:02:58.778,0.9444,0.94481,0.75,0.75
2015.10.22 22:02:59.290,0.94439,0.94481,1.12,0.75
2015.10.22 22:02:59.877,0.94441,0.94481,0.75,0.75
2015.10.22 22:03:00.757,0.94441,0.94482,0.75,0.75
2015.10.22 22:03:03.058,0.94439,0.94482,1.12,0.75
2015.10.22 22:03:05.803,0.94441,0.94482,0.75,0.75
2015.10.22 22:03:08.214,0.94441,0.94481,0.75,0.75
2015.10.22 22:03:08.724,0.9444,0.94481,0.75,0.75
2015.10.22 22:03:09.026,0.94442,0.94482,0.75,0.75
2015.10.22 22:03:09.659,0.94441,0.94482,0.75,0.75
2015.10.22 22:03:10.091,0.94439,0.94482,0.75,0.75
2015.10.22 22:03:10.284,0.94441,0.94482,0.75,0.75
2015.10.22 22:03:11.042,0.9444,0.94482,0.75,0.75
2015.10.22 22:03:11.597,0.94441,0.94482,0.75,0.75
2015.10.22 22:03:12.100,0.9444,0.94482,0.75,0.75
2015.10.22 22:03:12.839,0.94441,0.94482,0.75,0.75
2015.10.22 22:03:13.416,0.94441,0.94481,0.75,0.75
2015.10.22 22:03:14.496,0.94439,0.94481,1.50,0.75
2015.10.22 22:03:14.793,0.94441,0.94481,0.75,0.75
2015.10.22 22:03:15.688,0.94439,0.94481,1.50,0.75
2015.10.22 22:03:16.269,0.9444,0.94481,0.75,0.75
2015.10.22 22:03:16.782,0.94441,0.94481,0.75,0.75
2015.10.22 22:03:16.934,0.94445,0.94481,0.75,0.75
2015.10.22 22:03:17.580,0.94443,0.94481,0.75,0.75
2015.10.22 22:03:18.130,0.94444,0.94481,0.75,0.75
2015.10.22 22:03:18.631,0.94443,0.94481,0.75,0.75
2015.10.22 22:03:18.781,0.94445,0.94481,0.75,0.75
2015.10.22 22:03:19.230,0.94442,0.94481,0.75,0.75
2015.10.22 22:03:19.759,0.94441,0.94481,0.75,0.75
2015.10.22 22:03:20.499,0.94442,0.94481,0.75,0.75
2015.10.22 22:03:20.651,0.9444,0.94481,0.75,0.75
2015.10.22 22:03:21.195,0.94439,0.94481,0.75,0.75
2015.10.22 22:03:21.415,0.94441,0.94481,0.75,0.75
2015.10.22 22:03:23.300,0.9444,0.94481,0.75,0.75
2015.10.22 22:03:24.627,0.94441,0.94481,0.75,0.75
2015.10.22 22:03:26.504,0.94441,0.94482,0.75,0.75
2015.10.22 22:03:29.130,0.9444,0.94482,0.75,0.75
2015.10.22 22:03:29.803,0.9444,0.94481,0.75,0.75
2015.10.22 22:03:30.353,0.94439,0.94481,1.50,0.75
2015.10.22 22:03:30.887,0.94442,0.94481,0.75,0.75
2015.10.22 22:03:31.670,0.94441,0.94481,0.75,0.75
2015.10.22 22:03:35.033,0.94442,0.94481,0.75,0.75
2015.10.22 22:03:36.129,0.94441,0.94481,0.75,0.75
2015.10.22 22:03:40.362,0.94439,0.94481,1.50,0.75
2015.10.22 22:03:40.463,0.94442,0.94481,0.75,0.75
2015.10.22 22:03:41.177,0.94441,0.94481,0.75,0.75
2015.10.22 22:03:41.556,0.94439,0.94481,1.50,0.75
2015.10.22 22:03:42.086,0.94438,0.94481,1.50,0.75
2015.10.22 22:03:43.606,0.94439,0.94481,0.75,1.50
2015.10.22 22:04:03.232,0.9444,0.94481,1.00,1.50
2015.10.22 22:04:03.826,0.94439,0.94481,1.50,1.50
2015.10.22 22:04:07.452,0.9444,0.94481,1.00,1.50
2015.10.22 22:04:08.448,0.94439,0.94481,1.00,1.50
2015.10.22 22:04:08.996,0.9444,0.94481,1.00,1.00
2015.10.22 22:04:11.262,0.94439,0.94481,1.00,1.00
2015.10.22 22:04:12.122,0.94442,0.94481,1.00,1.00
2015.10.22 22:04:13.370,0.9444,0.94481,1.00,1.00
2015.10.22 22:04:23.751,0.9444,0.94482,1.00,1.00
2015.10.22 22:04:27.872,0.94441,0.94482,1.00,1.00
2015.10.22 22:04:29.295,0.9444,0.94482,1.00,1.00
2015.10.22 22:04:31.327,0.9444,0.94481,1.00,1.00
2015.10.22 22:04:33.399,0.9444,0.94482,1.00,1.00
2015.10.22 22:04:34.174,0.9444,0.94481,1.00,1.00
2015.10.22 22:04:37.011,0.94442,0.94481,1.00,1.00
2015.10.22 22:04:37.556,0.94442,0.94482,1.00,1.00
2015.10.22 22:04:41.302,0.94443,0.94487,1.00,1.50
2015.10.22 22:04:42.659,0.94441,0.94482,1.00,1.00
2015.10.22 22:04:49.432,0.94442,0.94482,1.00,1.00
2015.10.22 22:04:49.482,0.94443,0.94487,1.00,1.50
2015.10.22 22:04:50.212,0.94442,0.94481,1.00,1.00
2015.10.22 22:04:50.364,0.94444,0.94486,1.00,1.00
2015.10.22 22:04:50.472,0.94446,0.94486,1.00,1.00
2015.10.22 22:04:50.886,0.94448,0.94486,1.00,1.00
2015.10.22 22:04:51.787,0.94448,0.94487,1.00,1.00
2015.10.22 22:04:52.351,0.94448,0.94486,1.00,1.00
2015.10.22 22:04:59.992,0.94449,0.94491,1.00,1.00
2015.10.22 22:05:02.327,0.94448,0.94492,1.00,1.12
2015.10.22 22:05:02.876,0.94447,0.94486,1.00,1.00
2015.10.22 22:05:03.078,0.94446,0.94491,1.50,1.00
2015.10.22 22:05:03.230,0.94446,0.94486,1.00,1.00
2015.10.22 22:05:06.923,0.94445,0.94486,1.00,1.00
2015.10.22 22:05:12.116,0.94445,0.94491,1.00,1.00
2015.10.22 22:05:13.348,0.94447,0.94491,1.00,1.00
2015.10.22 22:05:18.256,0.94446,0.94491,1.00,1.00
2015.10.22 22:05:18.720,0.94448,0.94491,1.00,1.00
2015.10.22 22:05:19.364,0.94448,0.94487,1.00,1.00
2015.10.22 22:05:20.161,0.94448,0.94491,1.00,1.00
2015.10.22 22:05:21.663,0.94448,0.94486,1.00,1.00
2015.10.22 22:05:22.575,0.94449,0.94486,1.00,1.00
2015.10.22 22:05:23.091,0.9445,0.94486,1.00,1.00
2015.10.22 22:05:23.683,0.9445,0.94491,1.00,1.00
2015.10.22 22:05:23.886,0.94447,0.94481,1.12,1.00
2015.10.22 22:05:24.413,0.94447,0.94486,1.12,1.00
2015.10.22 22:05:27.113,0.94449,0.94486,1.00,1.00
2015.10.22 22:05:28.986,0.94449,0.94487,1.00,1.00
2015.10.22 22:05:32.091,0.94449,0.94487,1.37,1.00
2015.10.22 22:05:32.393,0.94459,0.94491,1.00,1.00
2015.10.22 22:05:40.623,0.94456,0.94497,1.00,1.00
2015.10.22 22:05:41.062,0.9446,0.94491,1.00,1.00
2015.10.22 22:05:41.793,0.94463,0.94497,1.00,1.00
2015.10.22 22:05:47.072,0.94468,0.94502,1.00,1.00
2015.10.22 22:05:47.325,0.94464,0.94506,2.25,1.00
2015.10.22 22:05:47.426,0.94464,0.94506,1.50,1.00
2015.10.22 22:05:47.477,0.94458,0.94506,1.12,1.37
2015.10.22 22:05:47.579,0.94458,0.94504,1.50,1.37
2015.10.22 22:05:47.894,0.94458,0.94492,1.87,1.00
2015.10.22 22:05:48.838,0.94457,0.94496,2.25,1.00
2015.10.22 22:05:49.091,0.94461,0.94491,1.00,1.00
2015.10.22 22:05:50.086,0.9446,0.94491,1.00,1.00
2015.10.22 22:05:50.728,0.94461,0.94491,1.00,1.00
2015.10.22 22:05:50.830,0.94463,0.94497,1.00,1.00
2015.10.22 22:05:50.932,0.94464,0.94497,1.37,1.00
2015.10.22 22:05:51.083,0.94464,0.94497,1.12,1.00
2015.10.22 22:05:53.243,0.94462,0.94492,1.50,1.00
2015.10.22 22:05:53.293,0.94462,0.94492,1.50,1.00
2015.10.22 22:05:54.043,0.94459,0.94492,1.50,1.00
2015.10.22 22:05:54.895,0.94464,0.94496,1.00,1.00
2015.10.22 22:05:59.883,0.94462,0.94508,1.00,1.00
2015.10.22 22:06:00.289,0.9446,0.94507,1.50,1.00
2015.10.22 22:06:00.735,0.94462,0.94508,1.00,1.00
2015.10.22 22:06:04.923,0.94464,0.94508,1.00,1.00
2015.10.22 22:06:05.543,0.94461,0.94509,1.00,2.25
2015.10.22 22:06:06.101,0.9446,0.94509,1.50,1.75
2015.10.22 22:06:06.703,0.94461,0.94509,1.00,2.25
2015.10.22 22:06:07.321,0.94462,0.94509,1.00,2.25
2015.10.22 22:06:07.912,0.94461,0.94508,1.00,1.75
2015.10.22 22:06:10.112,0.94463,0.94509,1.00,1.75
2015.10.22 22:06:10.212,0.94463,0.94509,1.00,1.50
2015.10.22 22:06:10.263,0.94461,0.94508,1.12,1.37
2015.10.22 22:06:10.367,0.94464,0.94511,1.00,1.75
2015.10.22 22:06:10.568,0.94462,0.94509,1.00,1.50
2015.10.22 22:06:11.125,0.94461,0.94508,1.50,1.50
2015.10.22 22:06:11.637,0.94462,0.94509,1.00,1.75
2015.10.22 22:06:11.788,0.94462,0.94509,1.00,1.75
2015.10.22 22:06:12.141,0.94459,0.94504,1.00,1.00
2015.10.22 22:06:12.202,0.94461,0.94504,1.00,1.00
2015.10.22 22:06:12.422,0.94459,0.94504,1.00,1.00
2015.10.22 22:06:13.430,0.94462,0.94509,1.00,1.75
2015.10.22 22:06:13.632,0.94462,0.94509,1.12,1.00
2015.10.22 22:06:13.834,0.94462,0.94506,1.00,1.00
2015.10.22 22:06:14.787,0.94462,0.94509,1.00,1.75
2015.10.22 22:06:16.162,0.9446,0.94507,1.50,1.12
2015.10.22 22:06:16.674,0.94462,0.94509,1.00,1.75
2015.10.22 22:06:17.176,0.94462,0.94509,1.00,1.75
2015.10.22 22:06:20.175,0.94463,0.94511,1.00,3.00
2015.10.22 22:06:20.430,0.94465,0.94511,1.00,1.00
2015.10.22 22:06:20.589,0.94463,0.94511,1.12,1.37
2015.10.22 22:06:21.093,0.94464,0.94511,1.00,1.75
2015.10.22 22:06:21.741,0.94465,0.94511,1.00,1.75
2015.10.22 22:06:21.792,0.94463,0.94511,1.00,1.75
2015.10.22 22:06:22.249,0.94461,0.9451,1.00,1.75
2015.10.22 22:06:22.451,0.94465,0.94511,1.00,1.75
2015.10.22 22:06:22.700,0.94463,0.94511,1.00,1.75
2015.10.22 22:06:26.341,0.94465,0.94511,1.00,1.75
2015.10.22 22:06:27.100,0.94464,0.94511,1.00,2.25
2015.10.22 22:06:28.420,0.94465,0.94511,1.00,1.75
2015.10.22 22:06:28.622,0.94463,0.94511,1.00,1.75
2015.10.22 22:06:29.912,0.94462,0.94509,1.00,1.50
2015.10.22 22:06:30.175,0.94464,0.94511,1.00,2.25
2015.10.22 22:06:32.253,0.94465,0.94512,1.00,1.75
2015.10.22 22:06:33.689,0.94467,0.94513,1.00,1.75
2015.10.22 22:06:33.889,0.94465,0.94512,1.00,1.75
2015.10.22 22:06:33.981,0.94467,0.94513,1.00,1.75
2015.10.22 22:06:34.140,0.94464,0.94513,1.00,1.75
2015.10.22 22:06:37.299,0.94467,0.94514,1.00,1.50
2015.10.22 22:06:37.350,0.94467,0.94514,1.00,1.50
2015.10.22 22:06:39.825,0.94464,0.94513,1.37,1.37
2015.10.22 22:06:40.077,0.94467,0.94514,1.00,1.50
2015.10.22 22:06:42.069,0.94473,0.94516,1.00,1.00
2015.10.22 22:06:42.170,0.9447,0.94517,1.00,1.00
2015.10.22 22:06:42.221,0.9447,0.94519,1.00,1.75
2015.10.22 22:06:42.588,0.94468,0.94514,1.00,1.75
2015.10.22 22:06:43.135,0.94467,0.94514,1.00,1.75
2015.10.22 22:06:51.947,0.94471,0.94518,1.00,1.75
2015.10.22 22:06:51.998,0.94471,0.94514,1.00,1.00
2015.10.22 22:06:52.099,0.94471,0.94518,1.00,1.75
2015.10.22 22:07:06.870,0.94469,0.94516,1.00,1.12
2015.10.22 22:07:07.021,0.94469,0.94516,1.00,2.25
2015.10.22 22:07:21.170,0.94471,0.94515,1.00,1.50
2015.10.22 22:07:27.259,0.94469,0.94518,1.50,1.75
2015.10.22 22:07:27.799,0.9447,0.94519,1.00,3.00
2015.10.22 22:07:28.395,0.94469,0.94514,1.50,1.00
2015.10.22 22:07:37.019,0.94469,0.94515,1.50,1.00
2015.10.22 22:07:38.925,0.94471,0.94515,1.00,1.00
2015.10.22 22:07:39.800,0.94468,0.94515,1.00,1.87
2015.10.22 22:07:40.420,0.94466,0.94514,1.50,1.00
2015.10.22 22:07:42.323,0.94466,0.94515,1.12,2.25
2015.10.22 22:07:42.857,0.94466,0.94512,1.00,1.00
2015.10.22 22:07:44.605,0.94468,0.94515,1.00,1.75
2015.10.22 22:07:45.919,0.94467,0.94514,1.00,1.50
2015.10.22 22:07:47.050,0.94469,0.94516,1.00,2.25
2015.10.22 22:07:47.904,0.94467,0.94514,1.00,1.50
2015.10.22 22:08:00.225,0.94467,0.94514,1.00,1.75
2015.10.22 22:08:00.276,0.94467,0.94514,1.00,1.75
2015.10.22 22:08:01.369,0.94466,0.94513,1.00,1.75
2015.10.22 22:08:02.405,0.94469,0.94513,1.00,1.75
2015.10.22 22:08:04.141,0.94466,0.94513,1.00,1.75
2015.10.22 22:08:05.169,0.94467,0.94514,1.00,1.75
2015.10.22 22:08:10.043,0.94467,0.94514,1.37,1.37
2015.10.22 22:08:10.094,0.94472,0.94514,1.00,1.00
2015.10.22 22:08:10.145,0.94473,0.9452,1.37,1.00
2015.10.22 22:08:10.246,0.94474,0.94522,1.75,1.12
2015.10.22 22:08:10.970,0.94474,0.94521,1.00,1.00
2015.10.22 22:08:13.972,0.94475,0.94521,1.00,1.50
2015.10.22 22:08:15.731,0.94477,0.94521,1.00,1.50
2015.10.22 22:08:16.176,0.94475,0.94521,1.00,1.50
2015.10.22 22:08:16.540,0.94477,0.94521,1.00,1.50
2015.10.22 22:08:17.857,0.94474,0.94521,1.00,1.50
2015.10.22 22:08:21.800,0.94476,0.94521,1.00,1.00
2015.10.22 22:08:22.629,0.94475,0.94521,1.00,1.00
2015.10.22 22:08:23.013,0.94477,0.94524,1.00,1.50
2015.10.22 22:08:23.875,0.94481,0.94524,1.00,1.00
2015.10.22 22:08:23.976,0.94481,0.94527,1.12,1.00
2015.10.22 22:08:24.227,0.94483,0.94527,1.00,1.00
2015.10.22 22:08:29.383,0.94483,0.9453,1.87,1.50
2015.10.22 22:08:29.485,0.94482,0.94526,1.50,1.00
2015.10.22 22:08:29.637,0.94479,0.94526,2.25,1.37
2015.10.22 22:08:29.687,0.94479,0.94521,1.87,1.00
2015.10.22 22:08:31.387,0.94482,0.94521,1.00,1.00
2015.10.22 22:08:31.589,0.9448,0.94521,1.00,1.00
2015.10.22 22:08:33.012,0.94478,0.94521,1.37,1.00
2015.10.22 22:08:33.641,0.94478,0.94521,1.00,1.00
2015.10.22 22:08:34.319,0.94478,0.94522,1.00,1.00
2015.10.22 22:08:36.921,0.94476,0.94522,1.50,1.00
2015.10.22 22:08:38.208,0.94476,0.94522,1.00,1.37
2015.10.22 22:08:38.532,0.94478,0.94522,1.00,1.00
2015.10.22 22:08:39.743,0.94478,0.94521,1.00,1.00
2015.10.22 22:08:45.999,0.94476,0.94521,1.00,1.00
2015.10.22 22:08:46.524,0.94476,0.94522,1.00,1.12
2015.10.22 22:08:49.815,0.94476,0.94523,1.00,1.00
2015.10.22 22:08:51.929,0.94476,0.94525,1.75,1.50
2015.10.22 22:08:52.443,0.94477,0.94526,1.50,1.37
2015.10.22 22:08:52.493,0.94478,0.94527,1.75,1.12
2015.10.22 22:09:02.478,0.94482,0.94528,1.00,1.50
2015.10.22 22:09:03.259,0.94481,0.94528,1.12,1.50
2015.10.22 22:09:14.621,0.94479,0.94526,1.50,1.00
2015.10.22 22:09:15.204,0.94478,0.94525,1.75,1.00
2015.10.22 22:09:16.211,0.94484,0.94525,1.00,1.00
2015.10.22 22:09:16.313,0.94478,0.94525,1.75,1.00
2015.10.22 22:09:16.851,0.94479,0.94526,1.50,1.00
2015.10.22 22:09:16.902,0.94483,0.9453,1.00,1.75
2015.10.22 22:09:17.205,0.94485,0.94532,1.00,2.25
2015.10.22 22:09:17.682,0.94483,0.9453,1.00,1.75
2015.10.22 22:09:18.050,0.94486,0.94532,1.00,1.75
2015.10.22 22:09:20.673,0.94486,0.94531,1.00,1.00
2015.10.22 22:09:21.288,0.94488,0.94531,1.00,1.00
2015.10.22 22:09:21.618,0.94491,0.94531,1.00,1.00
2015.10.22 22:09:22.308,0.9449,0.94531,1.00,1.00
2015.10.22 22:09:24.745,0.94491,0.94531,1.00,1.00
2015.10.22 22:09:24.808,0.94489,0.94531,1.00,1.00
2015.10.22 22:09:25.470,0.94488,0.94531,1.00,1.00
2015.10.22 22:09:26.595,0.94489,0.94531,1.00,1.00
2015.10.22 22:09:28.922,0.94488,0.94531,1.00,1.00
2015.10.22 22:09:29.349,0.94491,0.94531,1.00,1.00
2015.10.22 22:09:29.719,0.94493,0.94531,1.00,1.00
2015.10.22 22:09:30.256,0.94492,0.94531,1.00,1.00
2015.10.22 22:09:30.683,0.9449,0.94532,1.00,1.00
2015.10.22 22:09:32.700,0.9449,0.94531,1.00,1.00
2015.10.22 22:09:32.751,0.94493,0.94531,1.00,1.00
2015.10.22 22:09:32.980,0.9449,0.94531,1.37,1.00
2015.10.22 22:09:33.535,0.9449,0.94531,1.00,1.00
2015.10.22 22:09:35.066,0.94491,0.94531,1.00,1.00
2015.10.22 22:09:35.858,0.9449,0.94531,1.00,1.00
2015.10.22 22:09:36.061,0.94488,0.94531,1.00,1.00
2015.10.22 22:09:36.295,0.9449,0.94531,1.00,1.00
2015.10.22 22:09:41.024,0.9449,0.94532,1.00,1.50
2015.10.22 22:09:41.075,0.94488,0.94532,1.00,1.50
2015.10.22 22:09:43.028,0.94489,0.94532,1.00,1.50
2015.10.22 22:09:49.140,0.94492,0.94532,1.00,1.12
2015.10.22 22:09:49.443,0.94494,0.94531,1.00,1.00
2015.10.22 22:09:49.867,0.94494,0.94536,1.00,1.00
2015.10.22 22:09:50.573,0.94491,0.94531,1.00,1.00
2015.10.22 22:09:50.767,0.94489,0.94531,1.00,1.00
2015.10.22 22:09:52.747,0.9449,0.94531,1.00,1.00
2015.10.22 22:09:56.506,0.9449,0.94532,1.00,1.00
2015.10.22 22:09:56.828,0.94487,0.94532,1.00,1.00
2015.10.22 22:09:57.043,0.94487,0.94527,1.00,1.00
2015.10.22 22:09:58.470,0.94487,0.94526,1.00,1.00
2015.10.22 22:10:00.464,0.94484,0.94526,1.00,1.37
2015.10.22 22:10:01.730,0.94487,0.94526,1.00,1.50
2015.10.22 22:10:01.905,0.94484,0.94526,1.00,1.12
2015.10.22 22:10:02.422,0.94483,0.94526,1.00,1.00
2015.10.22 22:10:02.747,0.94485,0.94526,1.00,1.12
2015.10.22 22:10:03.166,0.94488,0.94526,1.00,1.12
2015.10.22 22:10:04.657,0.94487,0.94526,1.00,1.12
2015.10.22 22:10:05.450,0.94488,0.94526,1.00,1.12
2015.10.22 22:10:06.599,0.94487,0.94526,1.00,1.12
2015.10.22 22:10:07.151,0.94488,0.94526,1.00,1.50
2015.10.22 22:10:08.181,0.94487,0.94526,1.00,1.50
2015.10.22 22:10:08.706,0.94485,0.94525,1.50,1.00
2015.10.22 22:10:08.757,0.9448,0.94525,1.00,1.37
2015.10.22 22:10:08.808,0.9448,0.94521,1.00,1.00
2015.10.22 22:10:09.239,0.94481,0.9452,1.00,1.75
2015.10.22 22:10:10.011,0.94482,0.9452,1.00,1.75
2015.10.22 22:10:10.852,0.94481,0.9452,1.00,1.75
2015.10.22 22:10:11.517,0.94482,0.9452,1.00,1.75
2015.10.22 22:10:12.906,0.94481,0.9452,1.00,1.75
2015.10.22 22:10:13.489,0.94482,0.94521,1.00,2.25
2015.10.22 22:10:14.037,0.94481,0.94521,1.00,2.25
2015.10.22 22:10:14.088,0.94481,0.94521,1.00,1.87
2015.10.22 22:10:14.720,0.94482,0.94521,1.00,1.87
2015.10.22 22:10:14.771,0.94482,0.94521,1.00,2.25
2015.10.22 22:10:15.599,0.94481,0.94519,1.00,1.37
2015.10.22 22:10:16.864,0.94481,0.94519,1.00,1.00
2015.10.22 22:10:16.965,0.94482,0.94521,1.00,1.87
2015.10.22 22:10:17.843,0.94481,0.9452,1.00,1.00
2015.10.22 22:10:18.955,0.94482,0.9452,1.00,1.00
2015.10.22 22:10:19.572,0.94482,0.94521,1.00,1.12
2015.10.22 22:10:20.074,0.94481,0.94521,1.00,1.12
2015.10.22 22:10:20.483,0.94491,0.94524,1.50,1.37
2015.10.22 22:10:20.776,0.94492,0.94527,1.00,1.12
2015.10.22 22:10:20.827,0.94483,0.94526,1.00,1.00
2015.10.22 22:10:20.979,0.94481,0.94526,1.00,1.50
2015.10.22 22:10:21.892,0.94479,0.94526,2.25,1.50
2015.10.22 22:10:22.294,0.94482,0.94526,1.00,1.00
2015.10.22 22:10:23.403,0.94482,0.94527,1.00,1.12
2015.10.22 22:10:23.916,0.94483,0.94528,1.00,1.50
2015.10.22 22:10:30.825,0.94483,0.94528,1.00,1.00
2015.10.22 22:10:33.800,0.94482,0.94529,2.25,1.50
2015.10.22 22:10:34.506,0.94483,0.94529,1.00,1.50
2015.10.22 22:10:35.810,0.94482,0.94529,2.25,1.50
2015.10.22 22:10:36.511,0.94483,0.94529,1.50,1.50
2015.10.22 22:10:37.023,0.94483,0.94529,1.00,1.50
2015.10.22 22:10:37.583,0.94482,0.94529,1.50,1.75
2015.10.22 22:10:39.918,0.94483,0.94528,1.00,1.75
2015.10.22 22:10:41.400,0.94482,0.94527,1.50,1.75
2015.10.22 22:10:41.830,0.94481,0.94526,1.00,1.50
2015.10.22 22:10:41.881,0.94479,0.94523,1.50,1.50
2015.10.22 22:10:42.048,0.94476,0.94523,1.00,1.50
2015.10.22 22:10:42.301,0.94476,0.94523,1.50,2.25
2015.10.22 22:10:42.982,0.94476,0.94522,1.00,1.75
2015.10.22 22:10:43.133,0.94474,0.94518,1.50,1.00
2015.10.22 22:10:43.787,0.94473,0.94518,1.50,1.00
2015.10.22 22:10:45.268,0.94473,0.9452,1.50,1.75
2015.10.22 22:10:46.584,0.94474,0.94519,1.00,1.75
2015.10.22 22:10:47.135,0.94473,0.94519,1.00,1.75
2015.10.22 22:10:49.414,0.94474,0.94519,1.00,1.75
2015.10.22 22:10:50.032,0.94473,0.94518,1.50,1.50
2015.10.22 22:10:51.638,0.94474,0.9452,1.00,1.75
2015.10.22 22:10:56.116,0.94474,0.94522,1.50,1.75
2015.10.22 22:10:56.956,0.94474,0.94522,1.50,1.75
2015.10.22 22:10:58.038,0.94475,0.94521,1.00,1.75
2015.10.22 22:10:59.244,0.94474,0.9452,1.00,1.75
2015.10.22 22:11:02.464,0.94474,0.9452,1.00,1.50
2015.10.22 22:11:02.565,0.94474,0.9452,1.00,1.12
2015.10.22 22:11:03.089,0.94475,0.94521,1.00,1.50
2015.10.22 22:11:04.449,0.94477,0.94522,1.00,1.75
2015.10.22 22:11:12.750,0.94474,0.94522,1.00,1.75
2015.10.22 22:11:21.551,0.94474,0.94522,1.00,1.75
2015.10.22 22:11:21.660,0.94474,0.94522,1.00,1.75
2015.10.22 22:11:23.139,0.94475,0.94517,1.00,1.00
2015.10.22 22:11:24.481,0.94474,0.94517,1.00,1.00
2015.10.22 22:11:25.040,0.94475,0.94517,1.00,1.00
2015.10.22 22:11:25.586,0.94474,0.94517,1.00,1.00
2015.10.22 22:11:26.417,0.94475,0.94517,1.00,1.00
2015.10.22 22:11:26.840,0.94478,0.94515,1.00,1.00
2015.10.22 22:11:26.891,0.94478,0.94526,1.50,1.75
2015.10.22 22:11:26.942,0.94478,0.94526,1.00,2.25
2015.10.22 22:11:26.993,0.94481,0.94526,1.00,2.25
2015.10.22 22:11:28.177,0.94479,0.94523,1.00,1.12
2015.10.22 22:11:28.278,0.94478,0.94523,1.00,1.50
2015.10.22 22:11:28.329,0.94476,0.94523,1.00,1.75
2015.10.22 22:11:28.875,0.94475,0.94521,1.00,1.75
2015.10.22 22:11:29.196,0.94475,0.94521,1.00,1.75
2015.10.22 22:11:29.348,0.94474,0.94518,1.00,1.00
2015.10.22 22:11:30.501,0.94476,0.94518,1.00,1.00
2015.10.22 22:11:31.002,0.94476,0.9452,1.00,1.75
2015.10.22 22:11:31.505,0.94476,0.94519,1.00,1.50
2015.10.22 22:11:32.406,0.94474,0.9452,1.00,1.75
2015.10.22 22:11:33.178,0.94473,0.9452,1.50,1.75
2015.10.22 22:11:33.933,0.94474,0.9452,1.00,1.75
2015.10.22 22:11:34.764,0.94473,0.9452,1.50,1.75
2015.10.22 22:11:35.266,0.94474,0.94518,1.00,1.12
2015.10.22 22:11:35.817,0.94475,0.94519,1.00,1.50
2015.10.22 22:11:36.681,0.94476,0.94518,1.00,1.12
2015.10.22 22:11:37.223,0.94475,0.94519,1.00,1.50
2015.10.22 22:11:37.963,0.94474,0.94519,1.00,1.50
2015.10.22 22:11:41.800,0.94476,0.9452,1.00,1.75
2015.10.22 22:11:42.102,0.94479,0.94511,1.00,1.00
2015.10.22 22:11:42.301,0.94479,0.94518,1.00,1.50
2015.10.22 22:11:42.452,0.94479,0.94518,1.00,1.75
2015.10.22 22:11:42.857,0.94478,0.94512,1.00,1.00
2015.10.22 22:11:43.854,0.94479,0.94511,1.00,1.00
2015.10.22 22:11:48.326,0.94479,0.94517,1.00,1.00
2015.10.22 22:11:48.679,0.94479,0.94521,1.00,1.00
2015.10.22 22:11:50.016,0.94479,0.94521,1.00,1.37
2015.10.22 22:11:50.532,0.94479,0.94519,1.00,1.00
2015.10.22 22:11:51.981,0.94479,0.94518,1.00,1.75
2015.10.22 22:11:52.031,0.94474,0.94516,1.00,1.12
2015.10.22 22:11:53.597,0.94479,0.94517,1.00,1.50
2015.10.22 22:11:53.945,0.94479,0.94517,1.00,1.75
2015.10.22 22:11:54.046,0.94479,0.94516,1.00,1.00
2015.10.22 22:11:56.027,0.94479,0.94517,1.00,1.12
2015.10.22 22:11:56.078,0.94479,0.94517,1.00,1.37
2015.10.22 22:11:56.957,0.94479,0.94517,1.00,1.75
2015.10.22 22:11:57.464,0.94479,0.94517,1.00,1.12
2015.10.22 22:11:58.412,0.94479,0.94518,1.00,1.12
2015.10.22 22:12:00.971,0.94479,0.94516,1.00,1.00
2015.10.22 22:12:07.347,0.94473,0.94516,1.00,1.00
2015.10.22 22:12:11.415,0.94476,0.94517,1.00,1.00
2015.10.22 22:12:11.718,0.94479,0.94519,1.00,1.50
2015.10.22 22:12:12.448,0.94478,0.94519,1.00,1.00
2015.10.22 22:12:14.276,0.94479,0.94519,1.00,1.00
2015.10.22 22:12:14.646,0.94479,0.94511,1.00,1.00
2015.10.22 22:12:18.819,0.9448,0.94511,1.00,1.00
2015.10.22 22:12:18.920,0.94483,0.94517,1.00,1.00
2015.10.22 22:12:20.823,0.94486,0.94517,1.00,1.00
2015.10.22 22:12:21.419,0.94486,0.94516,1.50,1.00
2015.10.22 22:12:21.722,0.94493,0.94516,2.25,1.00
2015.10.22 22:12:21.869,0.94494,0.94521,1.00,1.00
2015.10.22 22:12:21.971,0.94491,0.94521,1.00,1.00
2015.10.22 22:12:22.022,0.94484,0.94522,1.75,1.00
2015.10.22 22:12:22.123,0.94487,0.94527,1.00,1.87
2015.10.22 22:12:22.428,0.94483,0.94517,1.50,1.00
2015.10.22 22:12:28.037,0.94485,0.94517,1.00,1.00
2015.10.22 22:12:28.340,0.94489,0.94521,1.75,1.00
2015.10.22 22:12:28.920,0.94489,0.94522,1.00,1.00
2015.10.22 22:12:28.971,0.94485,0.94522,1.50,1.00
2015.10.22 22:12:29.072,0.94486,0.94527,1.00,1.00
2015.10.22 22:12:29.277,0.94484,0.94524,1.50,1.00
2015.10.22 22:12:29.629,0.94484,0.94516,2.25,1.00
2015.10.22 22:12:31.340,0.94489,0.94521,1.00,1.00
2015.10.22 22:12:31.824,0.94489,0.94529,1.00,1.00
2015.10.22 22:12:32.372,0.94489,0.94531,1.00,2.25
2015.10.22 22:12:33.798,0.94489,0.9453,1.00,1.00
2015.10.22 22:12:33.849,0.94489,0.9453,1.00,1.15
2015.10.22 22:12:33.899,0.94487,0.9453,1.00,1.90
2015.10.22 22:12:34.161,0.94487,0.94519,1.00,1.37
2015.10.22 22:12:34.212,0.94475,0.94517,1.00,1.00
2015.10.22 22:12:34.465,0.94474,0.94519,1.00,1.12
2015.10.22 22:12:34.516,0.94478,0.94521,1.00,1.50
2015.10.22 22:12:34.810,0.94478,0.94522,1.00,2.62
2015.10.22 22:12:35.351,0.94479,0.94522,1.00,1.00
2015.10.22 22:12:35.916,0.94481,0.94522,1.00,1.00
2015.10.22 22:12:36.817,0.9448,0.94525,1.00,1.75
2015.10.22 22:12:37.156,0.9448,0.94525,1.00,1.75
2015.10.22 22:12:37.770,0.94478,0.94525,1.00,2.25
2015.10.22 22:12:38.272,0.94479,0.94524,1.00,2.25
2015.10.22 22:12:39.812,0.9448,0.94521,1.00,1.00
2015.10.22 22:12:41.014,0.94479,0.94524,1.00,2.25
2015.10.22 22:12:41.465,0.94477,0.94522,1.00,1.75
2015.10.22 22:12:47.926,0.94477,0.94522,1.00,1.75
2015.10.22 22:12:49.665,0.94476,0.94518,1.00,1.50
2015.10.22 22:12:51.230,0.94474,0.94518,1.00,1.00
2015.10.22 22:12:51.911,0.94476,0.94518,1.00,1.00
2015.10.22 22:13:02.450,0.94475,0.94518,1.00,1.00
2015.10.22 22:13:03.208,0.94473,0.94518,1.00,1.00
2015.10.22 22:13:03.309,0.94475,0.94518,1.00,1.00
2015.10.22 22:13:04.090,0.94475,0.94518,1.00,1.50
2015.10.22 22:13:11.126,0.94472,0.94519,1.00,2.25
2015.10.22 22:13:11.177,0.94472,0.94519,1.12,2.25
2015.10.22 22:13:11.378,0.94473,0.94516,1.00,1.00
2015.10.22 22:13:11.912,0.94474,0.94517,1.00,1.87
2015.10.22 22:13:14.769,0.94473,0.94517,1.00,1.00
2015.10.22 22:13:15.300,0.94474,0.94517,1.00,1.00
2015.10.22 22:13:15.553,0.94472,0.94517,1.12,1.00
2015.10.22 22:13:15.755,0.94474,0.94517,1.00,1.00
2015.10.22 22:13:15.957,0.94472,0.94517,1.12,1.00
2015.10.22 22:13:16.065,0.94474,0.94517,1.00,1.00
2015.10.22 22:13:16.322,0.94472,0.94517,1.12,1.00
2015.10.22 22:13:16.524,0.94474,0.94517,1.00,1.00
2015.10.22 22:13:17.785,0.94474,0.94519,1.00,3.00
2015.10.22 22:13:18.158,0.94473,0.94516,1.00,1.00
2015.10.22 22:13:18.885,0.94474,0.94516,1.00,1.00
2015.10.22 22:13:19.614,0.94473,0.94517,1.00,1.12
2015.10.22 22:13:20.116,0.94473,0.94515,1.00,1.00
2015.10.22 22:13:20.318,0.94472,0.94518,1.00,2.25
2015.10.22 22:13:20.368,0.94474,0.94518,1.00,2.25
2015.10.22 22:13:20.889,0.94473,0.94516,1.00,1.00
2015.10.22 22:13:21.944,0.94474,0.94516,1.00,1.00
2015.10.22 22:13:22.596,0.94474,0.94517,1.00,1.50
2015.10.22 22:13:24.251,0.9448,0.94517,1.00,1.00
2015.10.22 22:13:24.554,0.94482,0.94516,1.00,1.00
2015.10.22 22:13:24.604,0.94482,0.94522,1.00,1.00
2015.10.22 22:13:25.088,0.9448,0.94522,1.00,1.00
2015.10.22 22:13:25.239,0.94478,0.94522,1.12,1.00
2015.10.22 22:13:25.290,0.94478,0.94522,1.00,1.37
2015.10.22 22:13:25.340,0.94476,0.94519,1.00,1.12
2015.10.22 22:13:25.391,0.94476,0.94519,1.00,1.37
2015.10.22 22:13:25.897,0.94476,0.94516,1.00,1.00
2015.10.22 22:13:25.953,0.94474,0.94516,1.00,1.00
2015.10.22 22:13:26.394,0.94474,0.94518,1.00,1.12
2015.10.22 22:13:26.590,0.94474,0.94516,1.00,1.00
2015.10.22 22:13:27.614,0.94474,0.94517,1.00,1.12
2015.10.22 22:13:28.684,0.94474,0.94516,1.00,1.00
2015.10.22 22:13:30.221,0.94474,0.94517,1.00,1.12
2015.10.22 22:13:33.082,0.94474,0.94517,1.00,1.37
2015.10.22 22:13:33.634,0.94472,0.94506,1.00,1.00
2015.10.22 22:13:35.157,0.94472,0.94511,1.00,1.00
2015.10.22 22:13:35.660,0.94472,0.94507,1.00,1.00
2015.10.22 22:13:35.912,0.94473,0.94513,1.00,2.25
2015.10.22 22:13:36.114,0.94474,0.94516,1.00,2.25
2015.10.22 22:13:36.316,0.94472,0.94516,1.00,1.00
2015.10.22 22:13:36.808,0.94471,0.94507,1.00,1.00
2015.10.22 22:13:37.681,0.94471,0.94506,1.00,1.00
2015.10.22 22:13:40.705,0.9447,0.94506,1.00,1.00
2015.10.22 22:13:41.007,0.94476,0.94511,1.00,1.00
2015.10.22 22:13:41.108,0.94476,0.94516,1.00,1.00
2015.10.22 22:13:41.159,0.9448,0.94516,1.00,1.00
2015.10.22 22:13:41.361,0.94482,0.94519,1.00,1.00
2015.10.22 22:13:41.646,0.94479,0.94518,1.50,1.50
2015.10.22 22:13:41.696,0.94481,0.94518,1.00,1.00
2015.10.22 22:13:41.798,0.94481,0.9452,1.00,1.00
2015.10.22 22:13:42.700,0.94482,0.94521,1.00,1.00
2015.10.22 22:13:43.364,0.94482,0.94525,1.00,1.65
2015.10.22 22:13:43.717,0.94484,0.94524,1.00,1.15
2015.10.22 22:13:43.917,0.94484,0.94526,1.00,3.37
2015.10.22 22:13:44.118,0.94486,0.94525,1.00,1.12
2015.10.22 22:13:44.679,0.94484,0.94526,1.00,1.37
2015.10.22 22:13:44.780,0.94486,0.94526,1.00,1.37
2015.10.22 22:13:45.924,0.94486,0.94524,1.00,1.00
2015.10.22 22:13:46.984,0.9449,0.94524,1.00,1.00
2015.10.22 22:13:47.287,0.94492,0.94526,1.00,1.00
2015.10.22 22:13:47.959,0.94493,0.94526,1.00,1.00
2015.10.22 22:13:48.013,0.94491,0.94526,1.00,1.00
2015.10.22 22:13:48.215,0.94493,0.94527,1.00,1.00
2015.10.22 22:13:48.639,0.94491,0.94526,1.00,1.00
2015.10.22 22:13:48.740,0.94489,0.94526,1.00,1.00
2015.10.22 22:13:48.892,0.94493,0.94526,1.00,1.00
2015.10.22 22:13:49.401,0.94492,0.94526,1.00,1.00
2015.10.22 22:13:50.100,0.94493,0.94526,1.00,1.00
2015.10.22 22:13:50.756,0.94492,0.94526,1.00,1.00
2015.10.22 22:13:51.495,0.9449,0.94526,1.00,1.00
2015.10.22 22:13:51.747,0.94492,0.94526,1.00,1.00
2015.10.22 22:13:52.396,0.94491,0.94526,1.00,1.00
2015.10.22 22:13:53.382,0.94491,0.9453,1.00,1.00
2015.10.22 22:13:54.049,0.94492,0.94531,1.00,1.00
2015.10.22 22:13:54.565,0.94492,0.9453,1.00,1.00
2015.10.22 22:13:55.158,0.94491,0.94531,1.00,1.50
2015.10.22 22:13:55.259,0.94489,0.9453,1.00,1.00
2015.10.22 22:13:55.310,0.94489,0.94526,1.00,1.00
2015.10.22 22:13:55.461,0.94486,0.94526,1.00,1.00
2015.10.22 22:13:55.865,0.94485,0.94521,1.00,1.00
2015.10.22 22:13:56.297,0.94481,0.94521,1.00,1.00
2015.10.22 22:13:56.450,0.94479,0.94521,1.00,1.00
2015.10.22 22:13:58.084,0.94482,0.94521,1.00,1.00
2015.10.22 22:13:58.336,0.9448,0.94521,1.00,1.00
2015.10.22 22:13:58.859,0.94479,0.94521,1.00,1.00
2015.10.22 22:13:59.404,0.9448,0.94521,1.00,1.00
2015.10.22 22:13:59.931,0.94481,0.94521,1.00,1.00
2015.10.22 22:14:00.443,0.9448,0.94524,1.00,1.75
2015.10.22 22:14:00.750,0.94478,0.94523,1.00,1.50
2015.10.22 22:14:00.952,0.9448,0.94525,1.00,2.25
2015.10.22 22:14:01.844,0.94479,0.94524,1.00,1.75
2015.10.22 22:14:02.349,0.9448,0.94525,1.00,3.00
2015.10.22 22:14:02.866,0.94479,0.94524,1.00,2.25
2015.10.22 22:14:02.968,0.94479,0.94524,1.00,1.75
2015.10.22 22:14:03.541,0.94479,0.94524,1.00,2.25
2015.10.22 22:14:03.945,0.94479,0.94524,1.00,1.12
2015.10.22 22:14:04.046,0.94479,0.94521,1.00,1.00
2015.10.22 22:14:04.147,0.94479,0.94524,1.00,1.50
2015.10.22 22:14:04.248,0.94477,0.94524,1.00,1.50
2015.10.22 22:14:04.354,0.94479,0.94524,1.00,1.00
2015.10.22 22:14:04.763,0.94478,0.9452,1.00,1.00
2015.10.22 22:14:05.023,0.94478,0.94523,1.00,1.50
2015.10.22 22:14:05.077,0.94478,0.94525,1.00,3.75
2015.10.22 22:14:05.480,0.94478,0.94525,1.00,2.25
2015.10.22 22:14:05.755,0.94478,0.94524,1.00,1.75
2015.10.22 22:14:05.856,0.94478,0.94524,1.00,1.37
2015.10.22 22:14:05.957,0.94478,0.94524,1.00,1.75
2015.10.22 22:14:06.237,0.94478,0.94525,1.00,2.25
2015.10.22 22:14:06.288,0.9448,0.94525,1.00,2.25
2015.10.22 22:14:06.622,0.94478,0.94523,1.00,1.75
2015.10.22 22:14:06.672,0.94479,0.94522,1.00,1.00
2015.10.22 22:14:07.182,0.94479,0.94524,1.00,2.25
2015.10.22 22:14:07.385,0.94479,0.94524,1.00,1.75
2015.10.22 22:14:07.794,0.94476,0.94523,1.00,1.75
2015.10.22 22:14:07.895,0.94478,0.94523,1.00,1.75
2015.10.22 22:14:07.946,0.94478,0.94522,1.00,1.00
2015.10.22 22:14:08.465,0.94479,0.94525,1.00,2.25
2015.10.22 22:14:08.788,0.94477,0.94521,1.00,1.00
2015.10.22 22:14:08.889,0.94479,0.94525,1.00,2.25
2015.10.22 22:14:08.990,0.94479,0.94521,1.00,1.00
2015.10.22 22:14:09.637,0.94478,0.94521,1.00,1.00
2015.10.22 22:14:10.074,0.94478,0.94523,1.00,1.50
2015.10.22 22:14:12.064,0.94478,0.94521,1.00,1.00
2015.10.22 22:14:14.693,0.9448,0.94521,1.00,1.00
2015.10.22 22:14:16.278,0.94477,0.94521,1.00,1.00
2015.10.22 22:14:16.812,0.94476,0.94521,1.00,1.00
2015.10.22 22:14:17.264,0.94478,0.94521,1.00,1.00
2015.10.22 22:14:18.303,0.94477,0.94521,1.00,1.00
2015.10.22 22:14:25.946,0.94477,0.94522,1.00,2.25
2015.10.22 22:14:26.248,0.94477,0.94522,1.75,2.25
2015.10.22 22:14:35.026,0.94482,0.94524,1.00,2.25
2015.10.22 22:14:35.077,0.94483,0.94518,1.00,1.00
2015.10.22 22:14:35.179,0.94482,0.94524,2.25,1.75
2015.10.22 22:14:35.802,0.94482,0.94526,1.37,1.75
2015.10.22 22:14:35.868,0.94482,0.94526,1.12,1.75
2015.10.22 22:14:37.461,0.9448,0.94525,1.37,2.25
2015.10.22 22:14:37.512,0.9448,0.94515,1.00,1.00
2015.10.22 22:14:43.703,0.94482,0.94524,1.75,1.75
2015.10.22 22:14:44.198,0.9448,0.94526,1.75,3.00
2015.10.22 22:14:46.806,0.9448,0.94509,1.00,1.00
2015.10.22 22:14:47.108,0.94481,0.94515,1.00,1.00
2015.10.22 22:14:47.159,0.94479,0.94515,1.00,1.00
2015.10.22 22:14:47.360,0.94482,0.94515,1.00,1.00
2015.10.22 22:14:47.512,0.94482,0.94517,1.50,1.50
2015.10.22 22:14:47.858,0.94479,0.94517,1.50,1.50
2015.10.22 22:14:48.215,0.9448,0.94517,1.12,1.75
2015.10.22 22:14:49.613,0.94479,0.94521,1.75,1.75
2015.10.22 22:14:50.229,0.94477,0.94521,2.25,1.75
2015.10.22 22:14:55.784,0.94479,0.94511,1.75,1.00
2015.10.22 22:14:56.143,0.94479,0.94512,1.75,1.00
2015.10.22 22:14:56.773,0.94481,0.94511,1.75,1.00
2015.10.22 22:14:57.777,0.94482,0.94512,1.75,1.00
2015.10.22 22:15:00.265,0.94479,0.94511,3.75,1.00
2015.10.22 22:15:02.246,0.94482,0.94511,1.00,1.00
2015.10.22 22:15:03.366,0.94482,0.94512,1.00,1.00
2015.10.22 22:15:04.061,0.94482,0.94511,1.00,1.00
2015.10.22 22:15:08.098,0.94484,0.94516,1.00,1.00
2015.10.22 22:15:09.447,0.94484,0.94516,1.75,1.00
2015.10.22 22:15:16.665,0.94484,0.94516,1.00,1.00
2015.10.22 22:15:28.292,0.94486,0.94517,1.00,1.00
2015.10.22 22:15:32.197,0.94486,0.94516,1.00,1.00
2015.10.22 22:15:34.376,0.94484,0.94516,1.00,1.00
2015.10.22 22:15:41.869,0.94482,0.94512,1.00,1.00
2015.10.22 22:15:44.274,0.94484,0.94516,1.00,1.00
2015.10.22 22:15:51.093,0.94482,0.94511,1.00,1.00
2015.10.22 22:15:52.635,0.94484,0.94516,1.00,1.00
2015.10.22 22:16:12.243,0.94483,0.94512,1.00,1.00
2015.10.22 22:16:16.924,0.9448,0.94512,1.75,1.00
2015.10.22 22:16:35.537,0.94478,0.94517,2.25,1.12
2015.10.22 22:16:35.588,0.94478,0.94517,1.75,1.50
2015.10.22 22:16:35.795,0.94479,0.94511,1.50,1.00
2015.10.22 22:16:40.950,0.94479,0.94511,1.75,1.00
2015.10.22 22:16:41.463,0.94479,0.94511,1.75,1.00
2015.10.22 22:16:49.907,0.94477,0.94517,1.75,2.25
2015.10.22 22:16:50.008,0.94476,0.94517,1.37,2.25
2015.10.22 22:16:50.324,0.94474,0.94506,1.50,1.00
2015.10.22 22:16:50.722,0.94474,0.94506,1.50,1.00
2015.10.22 22:16:57.006,0.94474,0.94506,1.75,1.00
2015.10.22 22:17:01.602,0.94472,0.94512,1.75,1.75
2015.10.22 22:17:01.822,0.94474,0.94506,1.75,1.00
2015.10.22 22:17:32.306,0.94473,0.94507,1.75,1.00
2015.10.22 22:17:33.062,0.94474,0.94506,1.50,1.00
2015.10.22 22:17:35.371,0.94473,0.94507,1.75,1.00
2015.10.22 22:17:36.117,0.94474,0.94506,1.50,1.00
2015.10.22 22:17:37.568,0.94474,0.94506,1.37,1.00
2015.10.22 22:17:38.074,0.94474,0.94506,1.00,1.00
2015.10.22 22:17:41.421,0.94473,0.94507,1.12,1.00
2015.10.22 22:17:42.521,0.94474,0.94506,1.00,1.00
2015.10.22 22:18:01.050,0.94473,0.94507,1.12,1.00
2015.10.22 22:18:01.353,0.94474,0.94506,1.75,1.00
2015.10.22 22:18:02.431,0.94479,0.94511,1.00,1.50
2015.10.22 22:18:03.222,0.94479,0.94511,1.00,1.00
2015.10.22 22:18:17.325,0.94476,0.94507,1.00,1.00
2015.10.22 22:18:18.098,0.94476,0.94511,1.00,1.00
2015.10.22 22:18:18.300,0.94471,0.94507,2.25,1.12
2015.10.22 22:18:18.645,0.94474,0.94506,1.37,1.00
2015.10.22 22:18:22.153,0.94473,0.94507,2.25,1.00
2015.10.22 22:18:37.043,0.94473,0.94507,3.00,1.00
2015.10.22 22:18:42.740,0.94474,0.94507,1.00,1.00
2015.10.22 22:18:42.842,0.94472,0.94507,1.00,1.00
2015.10.22 22:18:48.080,0.94472,0.94508,1.50,1.00
2015.10.22 22:18:50.810,0.94472,0.94511,1.50,1.37
2015.10.22 22:18:51.113,0.94474,0.94506,1.50,1.00
2015.10.22 22:19:04.600,0.94473,0.94507,1.75,1.00
2015.10.22 22:19:07.686,0.94473,0.94507,1.75,1.00
2015.10.22 22:19:10.011,0.94473,0.94512,1.75,1.50
2015.10.22 22:19:10.213,0.94474,0.94506,2.25,1.00
2015.10.22 22:19:14.939,0.94473,0.94507,1.75,1.00
2015.10.22 22:19:18.943,0.94471,0.94506,1.75,1.00
2015.10.22 22:19:18.994,0.94469,0.94506,3.37,1.50
2015.10.22 22:19:19.146,0.94474,0.94506,1.00,1.50
2015.10.22 22:19:19.868,0.94469,0.94502,1.12,1.00
2015.10.22 22:19:23.533,0.94468,0.94507,2.62,1.75
2015.10.22 22:19:23.784,0.94468,0.94502,2.62,1.00
2015.10.22 22:19:24.307,0.94469,0.94501,1.75,1.00
2015.10.22 22:19:57.026,0.94469,0.94501,2.62,1.00
2015.10.22 22:20:00.948,0.94473,0.94501,1.12,1.00
2015.10.22 22:20:00.999,0.94473,0.94507,1.00,1.50
2015.10.22 22:20:01.050,0.94472,0.94512,1.37,1.75
2015.10.22 22:20:01.101,0.94477,0.94512,1.50,1.75
2015.10.22 22:20:01.406,0.94482,0.94522,1.75,1.50
2015.10.22 22:20:01.457,0.94482,0.94522,1.75,1.50
2015.10.22 22:20:01.609,0.94482,0.94511,1.75,1.00
2015.10.22 22:20:14.127,0.9448,0.94512,2.25,1.00
2015.10.22 22:20:17.077,0.9448,0.94512,1.87,1.00
2015.10.22 22:20:23.035,0.9448,0.94512,2.62,1.00
2015.10.22 22:20:23.186,0.94483,0.94512,1.00,1.00
2015.10.22 22:20:34.753,0.94481,0.94512,1.87,1.00
2015.10.22 22:20:35.300,0.94482,0.94512,1.75,1.00
2015.10.22 22:20:45.705,0.94481,0.94511,1.75,1.00
2015.10.22 22:20:45.808,0.94481,0.94511,1.75,1.00
2015.10.22 22:20:54.160,0.94481,0.94516,1.12,1.00
2015.10.22 22:20:54.261,0.9448,0.94516,1.50,1.37
2015.10.22 22:20:54.312,0.9448,0.94512,1.75,1.00
2015.10.22 22:20:54.936,0.9448,0.94511,1.75,1.00
2015.10.22 22:20:57.015,0.94481,0.94511,1.37,1.00
2015.10.22 22:21:03.689,0.94481,0.94511,1.12,1.00
2015.10.22 22:21:04.316,0.94481,0.94511,1.87,1.00
2015.10.22 22:21:27.737,0.94481,0.94511,1.75,1.00
2015.10.22 22:21:39.729,0.94482,0.94512,1.75,1.00
2015.10.22 22:21:41.835,0.94479,0.94511,4.12,1.00
2015.10.22 22:21:47.698,0.94482,0.94511,1.00,1.00
2015.10.22 22:21:48.553,0.94482,0.94512,1.00,1.00
2015.10.22 22:21:56.057,0.94481,0.94512,1.75,1.00
2015.10.22 22:21:56.108,0.94481,0.94517,1.75,1.00
2015.10.22 22:21:56.310,0.94486,0.94511,1.00,1.00
2015.10.22 22:22:10.058,0.94486,0.94516,1.00,1.00
2015.10.22 22:22:17.035,0.94484,0.94516,1.75,1.00
2015.10.22 22:22:36.940,0.94484,0.94516,1.75,1.00
2015.10.22 22:22:37.742,0.94485,0.94516,1.00,1.00
2015.10.22 22:22:38.668,0.94491,0.94516,1.00,1.00
2015.10.22 22:22:38.971,0.94496,0.94521,1.00,1.00
2015.10.22 22:22:39.123,0.94487,0.94532,1.75,1.75
2015.10.22 22:22:39.174,0.94492,0.94527,1.00,1.00
2015.10.22 22:22:39.224,0.94484,0.9453,3.00,1.75
2015.10.22 22:22:39.275,0.94484,0.9453,2.25,3.00
2015.10.22 22:22:39.376,0.94484,0.94511,1.75,1.00
2015.10.22 22:22:46.452,0.94484,0.94516,1.00,1.00
2015.10.22 22:22:51.181,0.94479,0.94516,2.25,1.12
2015.10.22 22:22:54.876,0.94479,0.94516,3.00,1.00
2015.10.22 22:23:01.989,0.94479,0.94516,1.75,1.50
2015.10.22 22:23:03.393,0.94479,0.94516,1.75,1.00
2015.10.22 22:23:03.494,0.94479,0.94516,1.50,1.37
2015.10.22 22:23:03.986,0.94479,0.94516,1.75,1.37
2015.10.22 22:23:04.138,0.94483,0.94517,1.00,1.00
2015.10.22 22:23:04.646,0.94479,0.94517,1.75,1.50
2015.10.22 22:23:18.616,0.94479,0.94512,1.75,1.00
2015.10.22 22:23:22.274,0.94479,0.94516,2.25,1.12
2015.10.22 22:23:22.731,0.94483,0.94512,1.00,1.00
2015.10.22 22:23:22.797,0.94483,0.94517,1.50,1.00
2015.10.22 22:23:43.366,0.94483,0.94511,1.00,1.00
2015.10.22 22:24:07.773,0.94482,0.94511,2.25,1.00
2015.10.22 22:24:20.545,0.94482,0.94512,1.50,1.00
2015.10.22 22:24:27.697,0.94482,0.94512,2.25,1.00
2015.10.22 22:24:29.738,0.94483,0.94517,1.12,1.00
2015.10.22 22:24:36.793,0.94485,0.94517,2.25,1.00
2015.10.22 22:24:37.095,0.94484,0.94517,2.25,1.00
2015.10.22 22:24:37.196,0.94485,0.94517,1.50,1.00
2015.10.22 22:24:37.247,0.94483,0.94517,1.50,1.00
2015.10.22 22:24:37.298,0.94483,0.94512,1.00,1.00
2015.10.22 22:24:43.098,0.94484,0.94516,1.00,1.00
2015.10.22 22:24:43.659,0.94483,0.94512,1.00,1.00
2015.10.22 22:24:53.068,0.94478,0.94512,1.50,1.00
2015.10.22 22:24:53.569,0.94478,0.94512,1.12,1.50
2015.10.22 22:24:55.225,0.94476,0.94517,1.12,1.75
2015.10.22 22:24:59.438,0.94474,0.94511,1.50,1.12
2015.10.22 22:24:59.940,0.94476,0.94511,1.00,1.37
2015.10.22 22:25:15.052,0.94473,0.94511,1.75,1.50
2015.10.22 22:25:15.254,0.94473,0.94513,1.75,1.75
2015.10.22 22:25:15.355,0.94471,0.94501,1.75,1.00
2015.10.22 22:25:15.992,0.94471,0.94502,1.75,1.00
2015.10.22 22:25:23.065,0.9447,0.94506,1.75,1.00
2015.10.22 22:25:28.885,0.94472,0.94511,1.75,1.50
2015.10.22 22:25:29.446,0.94474,0.94511,1.75,1.00
2015.10.22 22:25:38.842,0.94474,0.94511,1.50,1.37
2015.10.22 22:25:38.893,0.94474,0.94511,1.50,1.75
2015.10.22 22:25:38.994,0.9447,0.94516,1.37,2.25
2015.10.22 22:25:39.536,0.94468,0.94502,1.75,1.00
2015.10.22 22:25:40.117,0.94468,0.94502,1.75,1.00
2015.10.22 22:25:40.445,0.94468,0.94502,1.75,1.00
2015.10.22 22:25:51.657,0.94469,0.94501,2.25,1.00
2015.10.22 22:25:52.318,0.94468,0.94502,2.62,1.00
2015.10.22 22:25:57.258,0.94468,0.94502,2.62,1.00
2015.10.22 22:25:58.785,0.94467,0.94501,2.62,1.00
2015.10.22 22:25:58.937,0.94467,0.94501,1.75,1.00
2015.10.22 22:26:01.195,0.94468,0.94506,1.75,1.50
2015.10.22 22:26:10.215,0.94468,0.94512,2.25,2.25
2015.10.22 22:26:10.266,0.94473,0.94507,1.00,1.00
2015.10.22 22:26:10.316,0.94473,0.94512,1.75,1.00
2015.10.22 22:26:10.645,0.9448,0.94511,1.00,1.00
2015.10.22 22:26:10.898,0.94478,0.94519,1.75,1.75
2015.10.22 22:26:11.000,0.94481,0.94522,1.75,1.75
2015.10.22 22:26:11.101,0.94484,0.94521,1.00,1.50
2015.10.22 22:26:11.152,0.94481,0.94521,1.75,1.50
2015.10.22 22:26:27.916,0.94479,0.94523,2.25,1.12
2015.10.22 22:26:28.542,0.94479,0.94522,1.75,1.75
2015.10.22 22:26:45.267,0.94479,0.94519,1.75,1.00
2015.10.22 22:26:45.368,0.9448,0.94521,1.75,1.00
2015.10.22 22:26:49.436,0.94484,0.94525,1.75,1.75
2015.10.22 22:26:49.487,0.94484,0.94525,1.75,1.75
2015.10.22 22:26:51.275,0.94485,0.9452,1.00,1.50
2015.10.22 22:26:51.326,0.94479,0.9452,1.75,1.50
2015.10.22 22:26:51.376,0.94479,0.9452,1.75,1.00
2015.10.22 22:26:51.695,0.94478,0.94519,1.75,1.75
2015.10.22 22:27:00.499,0.94481,0.94517,1.00,1.00
2015.10.22 22:27:00.701,0.94483,0.94517,1.00,1.00
2015.10.22 22:27:01.148,0.94489,0.94517,1.00,1.00
2015.10.22 22:27:05.484,0.94489,0.94521,1.00,1.75
2015.10.22 22:27:05.585,0.94484,0.9452,1.00,1.75
2015.10.22 22:27:05.636,0.94478,0.9452,1.87,1.75
2015.10.22 22:27:06.643,0.94479,0.9452,1.00,1.75
2015.10.22 22:27:22.983,0.94479,0.94513,1.00,1.75
2015.10.22 22:27:23.034,0.94473,0.94505,1.50,1.00
2015.10.22 22:27:23.135,0.94469,0.94505,3.75,1.00
2015.10.22 22:27:23.186,0.94469,0.9451,2.62,1.75
2015.10.22 22:27:23.388,0.94464,0.94508,1.50,1.75
2015.10.22 22:27:30.695,0.94465,0.94512,1.87,2.25
2015.10.22 22:27:30.753,0.94471,0.94506,1.00,1.00
2015.10.22 22:27:30.855,0.94466,0.94512,1.75,1.75
2015.10.22 22:27:31.202,0.94478,0.94512,1.00,1.75
2015.10.22 22:27:37.019,0.94478,0.94512,1.00,1.75
2015.10.22 22:27:37.532,0.94478,0.94512,1.00,1.75
2015.10.22 22:27:38.675,0.94478,0.94512,1.00,1.75
2015.10.22 22:27:56.967,0.94478,0.94509,1.00,1.00
2015.10.22 22:28:01.706,0.94478,0.94511,1.00,1.00
2015.10.22 22:28:01.822,0.94484,0.94511,1.00,1.00
2015.10.22 22:28:01.873,0.94484,0.94516,1.00,1.75
2015.10.22 22:28:01.974,0.94484,0.94516,1.00,1.12
2015.10.22 22:28:02.379,0.94489,0.94521,1.00,1.75
2015.10.22 22:28:18.612,0.94488,0.94522,1.00,1.75
2015.10.22 22:28:35.230,0.94489,0.94521,1.00,1.75
2015.10.22 22:28:35.739,0.94488,0.94522,1.00,1.75
2015.10.22 22:28:47.721,0.94488,0.94522,1.00,1.75
2015.10.22 22:29:00.331,0.94489,0.94521,1.00,1.50
2015.10.22 22:29:00.774,0.94483,0.94517,1.50,1.00
2015.10.22 22:29:02.391,0.94488,0.94522,1.00,1.75
2015.10.22 22:29:07.718,0.94488,0.94522,1.00,1.75
2015.10.22 22:29:09.362,0.94488,0.94522,1.00,1.75
2015.10.22 22:29:10.218,0.94488,0.94522,1.00,1.75
2015.10.22 22:29:12.422,0.94485,0.94521,1.00,1.50
2015.10.22 22:29:12.473,0.94484,0.94521,1.75,1.50
2015.10.22 22:29:12.574,0.94484,0.94521,1.75,1.12
2015.10.22 22:29:20.035,0.94489,0.94521,1.00,1.12
2015.10.22 22:29:36.976,0.94489,0.94521,1.37,1.00
2015.10.22 22:29:38.153,0.94488,0.94527,1.75,1.75
2015.10.22 22:29:38.203,0.94488,0.94527,1.37,1.75
2015.10.22 22:29:38.718,0.94488,0.9452,1.00,1.00
2015.10.22 22:29:38.910,0.94484,0.94517,1.00,1.00
2015.10.22 22:29:39.820,0.94489,0.9452,1.00,1.00
2015.10.22 22:29:44.638,0.94484,0.94516,1.50,1.00
2015.10.22 22:29:46.390,0.94484,0.9452,1.50,1.00
2015.10.22 22:29:46.441,0.94484,0.94521,1.50,1.37
2015.10.22 22:29:46.643,0.94489,0.94522,1.00,1.00
2015.10.22 22:29:49.914,0.94489,0.94521,1.50,1.00
2015.10.22 22:30:04.112,0.94489,0.94524,1.00,1.00
2015.10.22 22:30:04.364,0.94493,0.94527,1.00,1.75
2015.10.22 22:30:07.829,0.94488,0.94527,1.75,1.75
2015.10.22 22:30:07.880,0.94489,0.94521,1.50,1.00
2015.10.22 22:30:13.327,0.94489,0.94521,1.12,1.12
2015.10.22 22:30:16.531,0.94485,0.94522,1.50,1.37
2015.10.22 22:30:16.633,0.94485,0.94522,2.25,1.00
2015.10.22 22:30:17.159,0.94489,0.94521,1.37,1.00
2015.10.22 22:30:20.933,0.94488,0.94527,1.50,1.75
2015.10.22 22:30:21.284,0.94493,0.94527,1.00,1.75
2015.10.22 22:30:36.956,0.94493,0.94527,1.00,1.75
2015.10.22 22:30:56.910,0.94489,0.94526,1.12,1.50
2015.10.22 22:30:57.455,0.94488,0.94522,1.50,1.00
2015.10.22 22:31:12.108,0.94489,0.94526,1.12,1.75
2015.10.22 22:31:12.326,0.94494,0.94526,1.00,1.75
2015.10.22 22:31:16.482,0.94489,0.94526,1.12,1.75
2015.10.22 22:31:16.986,0.94489,0.94522,1.00,1.00
2015.10.22 22:31:32.243,0.94489,0.94521,1.50,1.00
2015.10.22 22:31:33.009,0.94489,0.94522,1.00,1.00
2015.10.22 22:31:36.971,0.94489,0.94521,1.50,1.00
2015.10.22 22:31:41.896,0.94484,0.94523,1.75,1.75
2015.10.22 22:31:41.998,0.94484,0.94521,1.37,1.50
2015.10.22 22:31:42.049,0.94484,0.94521,1.00,1.75
2015.10.22 22:31:42.110,0.94478,0.94512,1.75,1.00
2015.10.22 22:32:07.672,0.94478,0.94512,1.50,1.00
2015.10.22 22:32:07.874,0.94478,0.94512,1.75,1.00
2015.10.22 22:32:08.084,0.94478,0.94512,1.12,1.00
2015.10.22 22:32:08.186,0.94478,0.94512,1.75,1.00
2015.10.22 22:32:08.513,0.94478,0.94512,1.50,1.00
2015.10.22 22:32:10.239,0.94478,0.94512,1.75,1.00
2015.10.22 22:32:11.070,0.94478,0.94512,1.50,1.00
2015.10.22 22:32:12.244,0.94478,0.94512,1.75,1.00
2015.10.22 22:32:12.946,0.94478,0.94512,1.50,1.00
2015.10.22 22:32:13.572,0.94474,0.94507,1.75,1.00
2015.10.22 22:32:13.956,0.94479,0.94511,1.50,1.00
2015.10.22 22:32:14.763,0.94479,0.94511,1.50,1.00
2015.10.22 22:32:16.896,0.94479,0.94511,1.50,1.00
2015.10.22 22:32:17.085,0.94479,0.94511,1.12,1.00
2015.10.22 22:32:17.186,0.94479,0.94511,1.50,1.00
2015.10.22 22:32:17.499,0.94479,0.94511,1.12,1.00
2015.10.22 22:32:18.189,0.94479,0.94511,1.50,1.00
2015.10.22 22:32:18.705,0.94479,0.94511,1.12,1.00
2015.10.22 22:32:18.907,0.94479,0.94511,2.25,1.00
2015.10.22 22:32:19.210,0.94479,0.94511,2.62,1.00
2015.10.22 22:32:19.589,0.94479,0.94511,3.00,1.00
2015.10.22 22:32:20.133,0.9448,0.94511,1.00,1.00
2015.10.22 22:32:20.658,0.94479,0.94511,1.00,1.00
2015.10.22 22:32:22.977,0.94481,0.94511,1.12,1.00
2015.10.22 22:32:23.544,0.94482,0.94511,1.00,1.00
2015.10.22 22:32:24.237,0.94481,0.94511,1.87,1.00
2015.10.22 22:32:24.769,0.94482,0.94511,1.00,1.00
2015.10.22 22:32:25.479,0.94481,0.94511,1.00,1.00
2015.10.22 22:32:26.023,0.94482,0.94511,1.00,1.00
2015.10.22 22:32:26.556,0.94481,0.94511,1.12,1.00
2015.10.22 22:32:26.708,0.94479,0.94511,2.25,1.00
2015.10.22 22:32:28.562,0.94481,0.94511,1.00,1.00
2015.10.22 22:32:29.081,0.94482,0.94511,1.00,1.00
2015.10.22 22:32:29.182,0.9448,0.94511,1.00,1.00
2015.10.22 22:32:29.718,0.94479,0.94511,1.87,1.00
2015.10.22 22:33:02.881,0.94484,0.94516,1.00,1.75
2015.10.22 22:33:14.282,0.94479,0.94512,1.00,1.75
2015.10.22 22:33:14.383,0.94479,0.94516,1.00,1.75
2015.10.22 22:33:14.585,0.94473,0.94516,3.00,1.75
2015.10.22 22:33:14.636,0.94473,0.9451,1.37,1.37
2015.10.22 22:33:14.687,0.94469,0.94507,2.25,1.75
2015.10.22 22:33:14.788,0.94469,0.94507,1.12,1.75
2015.10.22 22:33:14.839,0.94469,0.94507,1.12,1.75
2015.10.22 22:33:14.889,0.94464,0.945,1.00,1.00
2015.10.22 22:33:14.940,0.94467,0.94509,1.00,3.97
2015.10.22 22:33:15.192,0.94471,0.94507,1.00,1.00
2015.10.22 22:33:15.243,0.94469,0.9451,1.75,1.75
2015.10.22 22:33:15.889,0.94468,0.94502,1.00,1.75
2015.10.22 22:33:17.156,0.94468,0.94502,1.00,1.50
2015.10.22 22:33:18.699,0.94468,0.94502,1.12,1.12
2015.10.22 22:33:20.155,0.94474,0.94506,1.00,1.75
2015.10.22 22:33:40.660,0.94469,0.94501,1.00,1.00
2015.10.22 22:33:46.455,0.94468,0.94502,1.00,1.50
2015.10.22 22:33:56.696,0.94468,0.94502,1.00,1.50
2015.10.22 22:33:57.228,0.94468,0.94502,1.00,1.75
2015.10.22 22:33:58.639,0.94469,0.94501,1.00,1.50
2015.10.22 22:34:11.518,0.94469,0.945,1.00,1.50
2015.10.22 22:34:11.628,0.94454,0.94497,1.75,1.50
2015.10.22 22:34:11.729,0.94451,0.94496,1.12,1.12
2015.10.22 22:34:11.880,0.94454,0.94491,1.50,1.12
2015.10.22 22:34:12.233,0.94454,0.94491,1.37,1.50
2015.10.22 22:34:12.800,0.94449,0.94491,2.62,1.37
2015.10.22 22:34:20.989,0.94455,0.94495,2.25,1.75
2015.10.22 22:34:21.526,0.94457,0.94493,1.00,1.00
2015.10.22 22:34:32.869,0.94457,0.94486,1.00,1.00
2015.10.22 22:34:35.748,0.94457,0.94493,1.00,1.00
2015.10.22 22:34:36.933,0.94455,0.94494,1.75,1.75
2015.10.22 22:34:37.479,0.94456,0.94492,1.00,1.00
2015.10.22 22:34:45.386,0.94456,0.94491,1.00,1.00
2015.10.22 22:34:49.126,0.94456,0.94492,1.00,1.50
2015.10.22 22:34:49.383,0.94458,0.94492,1.00,1.50
2015.10.22 22:34:52.316,0.94456,0.94492,1.00,1.00
2015.10.22 22:34:52.567,0.94458,0.94494,3.15,1.37
2015.10.22 22:34:52.622,0.94461,0.94502,2.25,2.25
2015.10.22 22:34:52.874,0.94461,0.94491,2.25,1.00
2015.10.22 22:34:53.085,0.94464,0.94496,1.75,1.00
2015.10.22 22:34:53.238,0.94465,0.94496,1.00,1.00
2015.10.22 22:34:53.635,0.94461,0.94492,1.75,1.00
2015.10.22 22:34:53.887,0.9446,0.94496,3.00,1.00
2015.10.22 22:34:54.096,0.94467,0.94496,1.00,1.00
2015.10.22 22:34:57.807,0.94466,0.94496,2.62,1.00
2015.10.22 22:34:57.858,0.94467,0.94501,1.00,1.00
2015.10.22 22:34:57.909,0.94467,0.94501,2.25,1.00
2015.10.22 22:34:58.010,0.94469,0.94501,1.00,1.00
2015.10.22 22:34:58.860,0.94469,0.94502,1.00,1.00
2015.10.22 22:35:01.544,0.94468,0.94502,1.75,1.00
2015.10.22 22:35:01.645,0.94474,0.94506,1.12,1.00
2015.10.22 22:35:01.747,0.94474,0.94506,1.50,1.00
2015.10.22 22:35:02.309,0.94473,0.94506,2.25,1.00
2015.10.22 22:35:02.684,0.94474,0.94506,1.75,1.00
2015.10.22 22:35:10.600,0.94478,0.94512,1.37,1.12
2015.10.22 22:35:16.878,0.94473,0.94507,2.25,1.00
2015.10.22 22:35:17.321,0.94473,0.94512,1.75,1.12
2015.10.22 22:35:19.148,0.94472,0.94512,3.00,1.37
2015.10.22 22:35:19.817,0.94472,0.94512,3.00,1.75
2015.10.22 22:35:30.332,0.94473,0.94512,2.25,1.37
2015.10.22 22:35:30.383,0.94473,0.94512,2.25,1.00
2015.10.22 22:35:32.041,0.94473,0.94511,2.25,1.00
2015.10.22 22:35:32.838,0.94473,0.94512,2.25,1.00
2015.10.22 22:35:36.365,0.94473,0.94511,1.75,1.00
2015.10.22 22:35:36.898,0.94478,0.94512,1.12,1.00
2015.10.22 22:35:38.640,0.94487,0.94517,1.00,1.75
2015.10.22 22:35:38.691,0.94487,0.94516,1.00,1.00
2015.10.22 22:35:38.792,0.94487,0.94521,1.50,1.00
2015.10.22 22:35:39.094,0.9448,0.94522,1.75,1.75
2015.10.22 22:35:39.555,0.94482,0.94522,1.12,1.75
2015.10.22 22:35:40.222,0.94482,0.94521,1.12,1.75
2015.10.22 22:35:40.474,0.94487,0.94522,1.50,1.00
2015.10.22 22:35:40.726,0.94488,0.94522,1.00,1.75
2015.10.22 22:35:40.827,0.94486,0.94522,1.00,1.75
2015.10.22 22:35:40.928,0.94481,0.94521,1.37,1.75
2015.10.22 22:35:41.630,0.94481,0.94516,1.00,1.00
2015.10.22 22:35:41.682,0.94487,0.94522,1.50,1.12
2015.10.22 22:35:41.985,0.94488,0.94522,1.75,1.00
2015.10.22 22:35:42.086,0.94487,0.94522,1.00,2.25
2015.10.22 22:35:42.137,0.94485,0.94522,1.00,2.25
2015.10.22 22:35:42.188,0.94481,0.94522,1.75,2.25
2015.10.22 22:35:42.775,0.94481,0.94521,2.25,1.75
2015.10.22 22:35:43.204,0.94489,0.94521,1.50,1.00
2015.10.22 22:35:43.939,0.94488,0.94522,1.75,1.00
2015.10.22 22:35:44.456,0.94488,0.94522,2.25,1.00
2015.10.22 22:35:44.506,0.94493,0.94526,1.00,1.00
2015.10.22 22:35:44.809,0.94491,0.94521,1.00,1.00
2015.10.22 22:35:46.327,0.94491,0.94527,1.00,1.50
2015.10.22 22:35:46.428,0.94493,0.94527,1.00,1.50
2015.10.22 22:35:46.781,0.94493,0.94521,1.00,1.00
2015.10.22 22:35:47.115,0.94491,0.94521,1.00,1.00
2015.10.22 22:35:51.506,0.94489,0.94521,1.12,1.00
2015.10.22 22:35:51.909,0.94489,0.94521,1.00,1.50
2015.10.22 22:35:52.802,0.94489,0.94521,1.00,1.37
2015.10.22 22:35:58.703,0.94489,0.94521,1.00,1.00
2015.10.22 22:36:00.296,0.94488,0.94522,1.87,1.12
2015.10.22 22:36:01.400,0.94489,0.94522,1.00,1.12
2015.10.22 22:36:01.789,0.94488,0.94522,3.00,1.75
2015.10.22 22:36:02.090,0.94488,0.94516,1.50,1.00
2015.10.22 22:36:02.592,0.94484,0.94516,1.50,1.00
2015.10.22 22:36:11.714,0.94484,0.94516,1.00,1.00
2015.10.22 22:36:12.809,0.94484,0.94516,1.00,1.50
2015.10.22 22:36:14.845,0.94482,0.94521,2.25,2.25
2015.10.22 22:36:15.047,0.94483,0.94511,1.00,1.00
2015.10.22 22:36:16.041,0.94483,0.94512,1.00,1.00
2015.10.22 22:36:17.786,0.94483,0.94516,1.00,1.50
2015.10.22 22:36:18.298,0.94484,0.94516,1.00,1.50
2015.10.22 22:36:20.555,0.94482,0.94517,1.12,1.75
2015.10.22 22:36:21.087,0.94483,0.94517,1.00,1.75
2015.10.22 22:36:21.811,0.94479,0.9452,1.12,1.75
2015.10.22 22:36:21.862,0.94479,0.94511,1.12,1.00
2015.10.22 22:36:30.326,0.94478,0.94512,1.50,1.00
2015.10.22 22:36:32.566,0.94478,0.94512,1.12,1.50
2015.10.22 22:36:33.991,0.94478,0.94512,1.50,1.37
2015.10.22 22:36:34.294,0.9448,0.94512,1.75,1.00
2015.10.22 22:36:35.029,0.94482,0.94512,2.62,1.00
2015.10.22 22:36:35.422,0.94482,0.94512,2.25,1.00
2015.10.22 22:36:36.961,0.94482,0.94512,1.12,1.00
2015.10.22 22:36:37.062,0.94478,0.94512,1.50,1.00
2015.10.22 22:36:37.898,0.94478,0.94512,1.00,1.50
2015.10.22 22:36:39.206,0.94478,0.94512,1.50,1.00
2015.10.22 22:36:39.358,0.94478,0.94512,1.00,1.75
2015.10.22 22:36:39.458,0.94478,0.94512,1.50,1.00
2015.10.22 22:36:39.560,0.94478,0.94512,1.00,1.75
2015.10.22 22:36:39.752,0.94478,0.94512,1.00,1.12
2015.10.22 22:36:43.123,0.94477,0.94516,1.12,1.75
2015.10.22 22:36:43.437,0.94482,0.94515,1.50,1.75
2015.10.22 22:36:43.624,0.94474,0.94515,2.25,1.75
2015.10.22 22:36:43.678,0.94474,0.94515,2.25,1.75
2015.10.22 22:36:44.058,0.94475,0.94515,1.75,1.75
2015.10.22 22:36:53.075,0.94475,0.94517,1.75,1.75
2015.10.22 22:36:53.126,0.94475,0.94517,1.75,1.50
2015.10.22 22:36:56.996,0.9448,0.94519,1.00,1.75
2015.10.22 22:36:57.895,0.94479,0.94511,1.50,1.00
2015.10.22 22:36:59.955,0.94487,0.94521,1.50,1.00
2015.10.22 22:37:00.461,0.94488,0.94522,1.87,1.12
2015.10.22 22:37:01.410,0.94488,0.94524,1.00,1.75
2015.10.22 22:37:01.461,0.94488,0.94524,1.00,1.75
2015.10.22 22:37:01.512,0.94486,0.94521,1.00,1.75
2015.10.22 22:37:01.563,0.94481,0.94521,1.75,1.75
2015.10.22 22:37:01.990,0.94481,0.94516,2.25,1.00
2015.10.22 22:37:03.374,0.94482,0.94516,1.00,1.00
2015.10.22 22:37:05.378,0.94481,0.94516,1.50,1.00
2015.10.22 22:37:06.262,0.94482,0.94516,1.00,1.00
2015.10.22 22:37:07.183,0.94481,0.94516,1.50,1.00
2015.10.22 22:37:08.666,0.94482,0.94516,1.00,1.00
2015.10.22 22:37:11.494,0.94481,0.94516,2.25,1.00
2015.10.22 22:37:12.596,0.94482,0.94516,1.00,1.00
2015.10.22 22:37:13.097,0.94481,0.94516,2.25,1.00
2015.10.22 22:37:13.674,0.94482,0.94516,1.00,1.00
2015.10.22 22:37:15.811,0.94484,0.94516,1.00,1.50
2015.10.22 22:37:37.742,0.94484,0.94516,1.00,1.50
2015.10.22 22:37:55.653,0.94483,0.94517,1.00,1.75
2015.10.22 22:38:01.551,0.94483,0.94517,1.50,1.00
2015.10.22 22:38:10.279,0.94483,0.94517,1.12,1.37
2015.10.22 22:38:10.582,0.94488,0.94522,1.00,1.75
2015.10.22 22:38:10.683,0.94488,0.94522,1.00,1.75
2015.10.22 22:38:10.784,0.94488,0.94522,1.50,1.00
2015.10.22 22:38:23.300,0.94488,0.94522,1.50,1.00
2015.10.22 22:38:23.895,0.94489,0.94521,1.75,1.00
2015.10.22 22:38:30.818,0.94489,0.94521,1.75,1.00
2015.10.22 22:38:32.213,0.9449,0.94521,1.00,1.00
2015.10.22 22:38:38.151,0.94489,0.94521,1.50,1.00
2015.10.22 22:38:38.302,0.94494,0.94526,1.00,1.00
2015.10.22 22:38:48.173,0.94492,0.94527,1.00,1.00
2015.10.22 22:38:48.393,0.94492,0.94521,1.00,1.00
2015.10.22 22:39:03.132,0.94488,0.94527,2.25,1.37
2015.10.22 22:39:03.958,0.94494,0.94526,1.00,1.12
2015.10.22 22:39:06.367,0.94494,0.94526,1.00,1.37
2015.10.22 22:39:06.756,0.94494,0.94526,1.00,2.25
2015.10.22 22:39:11.167,0.94489,0.94525,1.00,2.25
2015.10.22 22:39:11.676,0.94489,0.94521,1.00,1.00
2015.10.22 22:39:21.526,0.94488,0.94527,1.00,2.25
2015.10.22 22:39:22.050,0.94489,0.94526,1.00,1.75
2015.10.22 22:39:22.101,0.94494,0.94526,1.00,1.75
2015.10.22 22:39:23.952,0.94488,0.94527,1.00,2.25
2015.10.22 22:39:24.142,0.94494,0.94526,1.00,1.75
2015.10.22 22:39:27.677,0.94494,0.94526,1.00,1.75
2015.10.22 22:39:29.786,0.9449,0.94525,1.00,1.00
2015.10.22 22:39:29.987,0.94493,0.94525,1.00,1.00
2015.10.22 22:39:32.834,0.9449,0.94525,1.00,1.00
2015.10.22 22:39:33.130,0.94489,0.94529,1.00,1.75
2015.10.22 22:39:33.444,0.94493,0.94527,1.00,1.75
2015.10.22 22:39:53.732,0.94488,0.94522,1.12,1.12
2015.10.22 22:40:16.974,0.94488,0.94522,1.50,1.00
2015.10.22 22:40:26.529,0.94494,0.94526,1.00,1.75
2015.10.22 22:40:31.589,0.94489,0.94521,1.12,1.00
2015.10.22 22:40:45.693,0.94489,0.94521,1.00,1.37
2015.10.22 22:40:46.409,0.94484,0.94516,1.50,1.00
2015.10.22 22:41:02.604,0.94483,0.94517,1.75,1.00
2015.10.22 22:41:04.910,0.94484,0.94516,1.50,1.00
2015.10.22 22:41:17.049,0.94484,0.94516,1.12,1.00
2015.10.22 22:41:22.066,0.94488,0.94522,1.00,1.75
2015.10.22 22:41:26.464,0.94484,0.94523,1.00,1.75
2015.10.22 22:41:26.615,0.94484,0.94516,1.00,1.50
2015.10.22 22:41:27.191,0.94484,0.94516,1.00,1.75
2015.10.22 22:41:30.765,0.94483,0.94517,1.00,1.75
2015.10.22 22:41:31.270,0.94483,0.94517,1.00,1.75
2015.10.22 22:41:32.560,0.94483,0.94516,1.00,1.00
2015.10.22 22:41:34.161,0.94489,0.94521,1.00,2.25
2015.10.22 22:41:34.695,0.94484,0.94516,1.00,1.12
2015.10.22 22:41:35.374,0.94484,0.94516,1.00,1.37
2015.10.22 22:41:36.289,0.94484,0.94516,1.12,1.00
2015.10.22 22:41:36.838,0.94484,0.94516,1.00,1.37
2015.10.22 22:41:37.676,0.94484,0.94516,1.12,1.00
2015.10.22 22:41:41.304,0.9448,0.94521,2.25,1.75
2015.10.22 22:41:41.364,0.94489,0.94521,1.00,1.75
2015.10.22 22:41:45.391,0.94489,0.94521,1.00,1.50
2015.10.22 22:41:45.941,0.94488,0.94519,1.00,1.00
2015.10.22 22:41:47.393,0.94488,0.94522,1.00,1.75
2015.10.22 22:41:47.494,0.94493,0.94525,1.00,1.75
2015.10.22 22:41:47.595,0.94493,0.94525,1.00,1.75
2015.10.22 22:41:56.990,0.94493,0.94525,1.00,1.75
2015.10.22 22:41:59.598,0.9449,0.94526,1.00,1.00
2015.10.22 22:41:59.800,0.94488,0.94535,2.25,1.75
2015.10.22 22:42:00.438,0.94497,0.94532,1.00,1.00
2015.10.22 22:42:06.135,0.94493,0.94539,1.75,1.75
2015.10.22 22:42:06.283,0.94498,0.94534,1.00,1.00
2015.10.22 22:42:09.899,0.94496,0.94539,1.75,1.75
2015.10.22 22:42:22.911,0.94497,0.9454,1.75,1.37
2015.10.22 22:42:22.962,0.94497,0.9454,1.75,1.37
2015.10.22 22:42:32.153,0.94495,0.94541,1.75,1.75
2015.10.22 22:42:39.025,0.94493,0.9454,1.75,1.75
2015.10.22 22:42:39.076,0.94493,0.9454,1.75,1.75
2015.10.22 22:42:41.871,0.94498,0.94539,1.75,1.75
2015.10.22 22:42:46.014,0.94504,0.94542,1.00,2.25
2015.10.22 22:42:47.131,0.94499,0.94541,1.75,2.25
2015.10.22 22:42:47.870,0.94503,0.94539,1.00,1.00
2015.10.22 22:42:49.026,0.94504,0.94539,1.00,1.00
2015.10.22 22:42:49.680,0.94503,0.94539,1.00,1.00
2015.10.22 22:42:55.770,0.94499,0.94543,3.00,1.75
2015.10.22 22:42:56.349,0.94504,0.94543,1.00,1.75
2015.10.22 22:42:56.973,0.94504,0.94543,1.00,1.75
2015.10.22 22:42:57.370,0.94504,0.94543,1.12,1.75
2015.10.22 22:42:57.574,0.94504,0.94542,1.00,1.75
2015.10.22 22:42:57.840,0.94504,0.94543,1.12,1.75
2015.10.22 22:42:58.177,0.94504,0.94544,1.75,1.75
2015.10.22 22:42:58.676,0.94504,0.94546,1.75,2.25
2015.10.22 22:43:02.192,0.94504,0.94544,1.75,1.75
2015.10.22 22:43:02.693,0.94504,0.94545,1.00,1.75
2015.10.22 22:43:05.789,0.94504,0.94542,1.50,1.75
2015.10.22 22:43:15.691,0.94504,0.94545,1.12,1.75
2015.10.22 22:43:15.792,0.94505,0.94541,1.00,1.00
2015.10.22 22:43:19.806,0.945,0.94536,1.00,1.00
2015.10.22 22:43:20.108,0.94498,0.94541,1.75,1.75
2015.10.22 22:43:37.006,0.94497,0.94541,1.75,1.75
2015.10.22 22:43:57.027,0.94498,0.94538,1.75,1.00
2015.10.22 22:44:04.447,0.94497,0.94542,1.75,2.25
2015.10.22 22:44:05.459,0.94497,0.94542,1.75,2.25
2015.10.22 22:44:05.777,0.94497,0.94542,1.75,2.25
2015.10.22 22:44:06.588,0.94498,0.94542,1.75,1.75
2015.10.22 22:44:10.489,0.94494,0.94539,3.00,1.75
2015.10.22 22:44:10.591,0.94494,0.94536,1.75,1.75
2015.10.22 22:44:10.692,0.94494,0.94536,1.75,2.25
2015.10.22 22:44:16.060,0.94494,0.94535,1.75,1.75
2015.10.22 22:44:16.585,0.9449,0.94532,1.75,1.75
2015.10.22 22:44:21.667,0.94488,0.94532,1.75,1.75
2015.10.22 22:44:22.456,0.94488,0.94528,1.75,1.00
2015.10.22 22:44:34.991,0.9449,0.94534,1.75,1.50
2015.10.22 22:44:35.092,0.9449,0.94535,2.25,1.75
2015.10.22 22:44:43.007,0.94494,0.94536,2.25,1.00
2015.10.22 22:44:43.508,0.94497,0.94537,1.75,1.00
2015.10.22 22:44:44.773,0.94497,0.94537,1.75,1.37
2015.10.22 22:44:44.824,0.94493,0.94537,1.75,1.75
2015.10.22 22:44:45.126,0.94492,0.94537,1.75,2.25
2015.10.22 22:44:45.227,0.94492,0.94537,1.75,2.25
2015.10.22 22:44:47.104,0.94496,0.94532,1.00,1.00
2015.10.22 22:44:47.205,0.94492,0.94537,1.75,2.25
2015.10.22 22:44:47.873,0.94492,0.94537,1.75,2.25
2015.10.22 22:44:54.922,0.94491,0.94528,1.37,1.50
2015.10.22 22:44:55.124,0.94483,0.94527,1.75,1.75
2015.10.22 22:44:55.644,0.94484,0.94528,2.25,1.75
2015.10.22 22:44:58.654,0.94485,0.94529,2.25,1.75
2015.10.22 22:45:08.858,0.94489,0.94534,1.75,1.75
2015.10.22 22:45:10.872,0.94497,0.94533,1.00,1.00
2015.10.22 22:45:16.959,0.94494,0.94537,1.75,1.75
2015.10.22 22:45:17.545,0.94493,0.94536,2.25,1.75
2015.10.22 22:45:24.117,0.9449,0.94531,1.75,1.50
2015.10.22 22:45:24.218,0.94488,0.94527,1.75,1.75
2015.10.22 22:45:24.319,0.94486,0.94521,1.75,1.00
2015.10.22 22:45:24.370,0.94479,0.94521,1.75,1.37
2015.10.22 22:45:25.472,0.94479,0.94524,2.25,1.75
2015.10.22 22:45:25.775,0.94483,0.94528,1.75,1.75
2015.10.22 22:45:26.286,0.94484,0.94529,1.75,1.50
2015.10.22 22:45:26.938,0.94486,0.94529,1.75,1.75
2015.10.22 22:45:27.478,0.94482,0.94529,1.75,1.75
2015.10.22 22:45:28.181,0.94497,0.94529,1.00,1.00
2015.10.22 22:45:28.232,0.94497,0.94533,1.00,1.00
2015.10.22 22:45:28.384,0.945,0.94535,1.00,1.00
2015.10.22 22:45:28.855,0.94492,0.94537,3.00,1.00
2015.10.22 22:45:29.279,0.94506,0.9454,1.00,1.00
2015.10.22 22:45:29.380,0.94506,0.94542,1.00,1.00
2015.10.22 22:45:29.581,0.94508,0.94544,1.00,1.00
2015.10.22 22:45:30.729,0.94499,0.94541,3.00,1.00
2015.10.22 22:45:35.826,0.94499,0.94537,1.75,1.00
2015.10.22 22:45:35.978,0.94502,0.94537,1.00,1.00
2015.10.22 22:45:36.029,0.94504,0.94536,1.00,1.00
2015.10.22 22:45:36.180,0.94508,0.94542,1.50,1.00
2015.10.22 22:45:36.282,0.94508,0.94542,1.75,1.00
2015.10.22 22:45:36.978,0.94508,0.94542,1.50,1.00
2015.10.22 22:45:37.661,0.94508,0.94542,1.50,1.00
2015.10.22 22:45:39.327,0.94503,0.94537,1.75,1.00
2015.10.22 22:45:39.978,0.94509,0.94537,1.00,1.00
2015.10.22 22:45:40.869,0.94509,0.94542,1.00,1.00
2015.10.22 22:45:44.190,0.94509,0.94541,1.00,1.00
2015.10.22 22:45:44.292,0.94499,0.94541,1.75,1.50
2015.10.22 22:45:46.722,0.94499,0.94541,1.75,1.87
2015.10.22 22:45:50.578,0.94503,0.94542,1.75,1.12
2015.10.22 22:45:50.629,0.94507,0.94547,1.75,1.87
2015.10.22 22:45:50.680,0.94507,0.94546,1.75,1.12
2015.10.22 22:45:50.881,0.94508,0.94551,1.75,1.00
2015.10.22 22:45:51.791,0.94508,0.94552,2.25,1.00
2015.10.22 22:45:51.898,0.94508,0.94554,1.75,1.12
2015.10.22 22:45:56.217,0.9452,0.94556,1.00,1.50
2015.10.22 22:46:18.046,0.94518,0.94553,1.00,1.00
2015.10.22 22:46:18.391,0.94513,0.94556,1.75,1.75
2015.10.22 22:46:27.951,0.94513,0.94557,1.75,1.75
2015.10.22 22:46:28.053,0.94513,0.94557,1.75,1.75
2015.10.22 22:46:28.570,0.9452,0.94556,1.00,1.00
2015.10.22 22:46:29.922,0.94513,0.94556,1.75,1.12
2015.10.22 22:46:30.023,0.94514,0.94556,1.75,1.12
2015.10.22 22:46:30.124,0.94514,0.94556,1.75,1.12
2015.10.22 22:46:30.806,0.94518,0.94558,1.75,1.37
2015.10.22 22:46:31.271,0.94518,0.94558,1.75,1.75
2015.10.22 22:46:31.859,0.94518,0.94558,1.75,1.75
2015.10.22 22:46:32.381,0.94518,0.94558,1.75,1.75
2015.10.22 22:46:34.036,0.94518,0.94559,1.75,1.75
2015.10.22 22:46:35.552,0.94519,0.9456,1.75,1.75
2015.10.22 22:46:35.654,0.94518,0.94557,1.75,1.75
2015.10.22 22:46:35.754,0.94518,0.94557,1.75,1.75
2015.10.22 22:46:35.875,0.94519,0.94551,1.75,1.00
2015.10.22 22:46:45.881,0.94514,0.94556,3.00,1.75
2015.10.22 22:46:45.982,0.94514,0.94556,2.25,1.75
2015.10.22 22:46:46.083,0.94515,0.94556,2.25,1.75
2015.10.22 22:46:53.454,0.94519,0.9456,1.75,1.75
2015.10.22 22:46:54.040,0.94519,0.9456,1.75,1.75
2015.10.22 22:46:54.966,0.94524,0.9456,1.00,3.75
2015.10.22 22:47:05.620,0.94519,0.94558,1.75,1.75
2015.10.22 22:47:05.671,0.94519,0.94558,1.75,1.75
2015.10.22 22:47:07.108,0.94522,0.94558,1.00,1.75
2015.10.22 22:47:07.209,0.94519,0.94558,1.75,1.75
2015.10.22 22:47:10.624,0.94519,0.94558,1.75,1.75
2015.10.22 22:47:10.725,0.94519,0.94558,1.75,1.75
2015.10.22 22:47:11.419,0.94519,0.9456,1.75,2.25
2015.10.22 22:47:13.579,0.94519,0.94558,1.75,1.75
2015.10.22 22:47:13.977,0.94518,0.94557,1.75,1.75
2015.10.22 22:47:22.705,0.94518,0.94558,1.75,3.00
2015.10.22 22:47:22.806,0.94518,0.94558,1.75,1.75
2015.10.22 22:47:30.299,0.94521,0.94552,1.00,1.37
2015.10.22 22:47:30.702,0.94514,0.94551,1.75,1.00
2015.10.22 22:47:37.059,0.94514,0.94556,1.75,1.75
2015.10.22 22:47:37.521,0.94518,0.9456,1.75,1.75
2015.10.22 22:47:51.832,0.94519,0.94561,1.75,2.25
2015.10.22 22:47:52.677,0.94523,0.94565,1.75,1.75
2015.10.22 22:47:57.032,0.94523,0.94559,1.75,1.00
2015.10.22 22:48:14.553,0.94521,0.94562,2.25,2.25
2015.10.22 22:48:15.554,0.94529,0.94558,1.00,1.00
2015.10.22 22:48:18.553,0.9453,0.9456,1.00,1.00
2015.10.22 22:48:36.979,0.94522,0.94562,2.25,1.75
2015.10.22 22:48:56.902,0.94523,0.9456,2.25,1.00
2015.10.22 22:49:10.169,0.94523,0.94559,2.25,1.37
2015.10.22 22:49:10.321,0.94513,0.94557,1.75,1.87
2015.10.22 22:49:10.524,0.94514,0.94559,2.25,3.00
2015.10.22 22:49:10.574,0.94519,0.94559,1.75,3.00
2015.10.22 22:49:10.625,0.94519,0.9456,3.00,1.75
2015.10.22 22:49:10.897,0.9452,0.94561,2.25,1.75
2015.10.22 22:49:10.948,0.9452,0.94561,2.25,1.50
2015.10.22 22:49:15.644,0.94529,0.94563,2.25,1.00
2015.10.22 22:49:15.694,0.94529,0.94567,2.25,1.75
2015.10.22 22:49:15.745,0.94527,0.94567,1.75,1.75
2015.10.22 22:49:15.846,0.9453,0.94572,2.25,1.75
2015.10.22 22:49:17.862,0.94528,0.94571,3.00,1.75
2015.10.22 22:49:17.963,0.94526,0.9457,2.25,1.75
2015.10.22 22:49:18.065,0.94524,0.94567,1.75,1.75
2015.10.22 22:49:27.285,0.94521,0.94561,2.25,1.75
2015.10.22 22:49:47.706,0.94528,0.94562,1.75,1.75
2015.10.22 22:49:54.142,0.94524,0.94556,1.75,1.00
2015.10.22 22:49:54.651,0.94529,0.94561,1.75,1.75
2015.10.22 22:49:58.433,0.9453,0.94566,2.25,1.12
2015.10.22 22:49:58.909,0.9454,0.94566,1.00,1.00
2015.10.22 22:49:59.061,0.9454,0.94569,1.00,1.00
2015.10.22 22:50:00.103,0.94534,0.94571,1.75,1.75
2015.10.22 22:50:00.153,0.94534,0.94571,1.75,1.75
2015.10.22 22:50:00.506,0.94534,0.94566,1.75,1.00
2015.10.22 22:50:01.064,0.94533,0.94567,1.75,1.12
2015.10.22 22:50:02.441,0.94533,0.94567,3.00,1.00
2015.10.22 22:50:02.592,0.94539,0.94571,1.75,1.37
2015.10.22 22:50:03.369,0.94533,0.94567,3.00,1.00
2015.10.22 22:50:03.948,0.94533,0.94567,1.75,1.00
2015.10.22 22:50:08.275,0.94538,0.94572,1.75,1.75
2015.10.22 22:50:13.341,0.94534,0.94566,1.75,1.00
2015.10.22 22:50:14.593,0.94538,0.94572,1.75,1.75
2015.10.22 22:50:17.019,0.94538,0.94572,1.75,1.75
2015.10.22 22:50:17.070,0.94542,0.94571,1.00,1.00
2015.10.22 22:50:17.843,0.94539,0.94571,1.50,1.50
2015.10.22 22:50:18.245,0.94539,0.94571,1.75,1.37
2015.10.22 22:50:19.726,0.94541,0.94571,1.00,1.37
2015.10.22 22:50:20.135,0.94542,0.94571,1.00,1.50
2015.10.22 22:50:21.757,0.94539,0.94571,1.50,1.50
2015.10.22 22:50:22.150,0.94539,0.94571,1.75,1.50
2015.10.22 22:50:23.729,0.94539,0.94571,1.75,1.50
2015.10.22 22:50:24.231,0.94539,0.94571,1.75,1.37
2015.10.22 22:50:25.862,0.94539,0.94571,1.50,1.50
2015.10.22 22:50:26.270,0.94539,0.94571,1.75,1.12
2015.10.22 22:50:27.867,0.94539,0.94571,1.50,1.75
2015.10.22 22:50:28.367,0.94539,0.94571,1.75,1.50
2015.10.22 22:50:35.681,0.9454,0.94569,1.00,1.00
2015.10.22 22:50:35.783,0.9454,0.94566,1.00,1.00
2015.10.22 22:50:36.582,0.9454,0.94569,1.00,1.00
2015.10.22 22:50:39.766,0.9454,0.94566,1.00,1.00
2015.10.22 22:50:40.175,0.9454,0.94569,1.00,1.00
2015.10.22 22:50:40.886,0.94533,0.94571,2.25,1.12
2015.10.22 22:50:41.882,0.94539,0.94571,1.50,1.50
2015.10.22 22:50:44.576,0.94533,0.94567,1.75,1.00
2015.10.22 22:50:44.795,0.94538,0.94572,1.75,1.75
2015.10.22 22:50:44.896,0.94538,0.94572,1.75,1.75
2015.10.22 22:50:45.361,0.94534,0.94566,3.00,1.00
2015.10.22 22:50:45.613,0.94534,0.94566,1.75,1.00
2015.10.22 22:50:45.675,0.94539,0.94571,1.50,1.50
2015.10.22 22:50:45.758,0.94539,0.94571,1.50,1.50
2015.10.22 22:50:47.335,0.94533,0.94567,3.00,1.00
2015.10.22 22:50:47.386,0.9454,0.94567,1.00,1.00
2015.10.22 22:50:47.801,0.9454,0.9457,1.00,1.00
2015.10.22 22:50:48.065,0.94541,0.94566,1.00,1.00
2015.10.22 22:50:48.366,0.94538,0.9457,1.75,1.00
2015.10.22 22:50:50.118,0.9454,0.9457,1.00,1.00
2015.10.22 22:50:59.118,0.94539,0.94571,1.75,1.50
2015.10.22 22:51:00.860,0.94534,0.94571,1.50,1.75
2015.10.22 22:51:01.384,0.94534,0.94566,1.50,1.75
2015.10.22 22:51:01.435,0.94535,0.94565,1.00,1.00
2015.10.22 22:51:03.127,0.94534,0.94563,1.50,1.00
2015.10.22 22:51:03.450,0.94534,0.94566,1.75,1.00
2015.10.22 22:51:03.651,0.94538,0.94572,1.75,1.75
2015.10.22 22:51:03.876,0.94534,0.94566,1.75,1.00
2015.10.22 22:51:04.983,0.94534,0.94566,1.75,1.00
2015.10.22 22:51:06.415,0.94539,0.94571,1.75,1.12
2015.10.22 22:51:07.029,0.94533,0.94567,1.75,1.00
2015.10.22 22:51:07.235,0.94538,0.94572,1.75,1.50
2015.10.22 22:51:09.038,0.94533,0.94567,1.75,1.00
2015.10.22 22:51:09.341,0.94538,0.94572,1.75,1.50
2015.10.22 22:51:10.974,0.94533,0.94567,1.75,1.00
2015.10.22 22:51:11.634,0.94539,0.94571,1.75,1.12
2015.10.22 22:51:13.204,0.94534,0.94566,1.75,1.00
2015.10.22 22:51:13.504,0.94539,0.94571,1.75,1.12
2015.10.22 22:51:15.044,0.94534,0.94566,1.75,1.00
2015.10.22 22:51:17.001,0.94534,0.94566,1.75,1.00
2015.10.22 22:51:17.814,0.94539,0.94566,1.00,1.00
2015.10.22 22:51:26.874,0.94539,0.94569,1.50,1.00
2015.10.22 22:51:29.624,0.94539,0.94566,1.00,1.00
2015.10.22 22:51:30.073,0.94539,0.94569,1.50,1.00
2015.10.22 22:51:55.360,0.94539,0.94569,1.50,1.00
2015.10.22 22:52:00.864,0.94539,0.94571,1.37,1.75
2015.10.22 22:52:01.126,0.94534,0.94566,1.75,1.00
2015.10.22 22:52:01.541,0.94532,0.94572,1.75,1.75
2015.10.22 22:52:01.692,0.94529,0.94572,1.75,1.75
2015.10.22 22:52:01.995,0.94539,0.94571,1.50,1.75
2015.10.22 22:52:17.074,0.94538,0.94572,1.75,1.75
2015.10.22 22:52:30.727,0.94538,0.94568,1.00,1.00
2015.10.22 22:52:31.348,0.94538,0.94567,1.00,1.00
2015.10.22 22:52:42.501,0.94538,0.94568,1.00,1.00
2015.10.22 22:52:47.836,0.94538,0.94572,1.50,1.75
2015.10.22 22:52:56.437,0.94536,0.94567,1.00,1.37
2015.10.22 22:52:56.590,0.94533,0.94563,1.00,1.00
2015.10.22 22:52:56.839,0.94529,0.94563,1.75,1.00
2015.10.22 22:52:56.940,0.94534,0.94566,1.50,1.75
2015.10.22 22:53:06.716,0.94529,0.94558,1.00,1.00
2015.10.22 22:53:23.802,0.94528,0.94558,1.00,1.00
2015.10.22 22:53:23.903,0.94535,0.94565,1.00,1.00
2015.10.22 22:53:24.205,0.94533,0.94562,1.00,1.00
2015.10.22 22:53:24.306,0.94528,0.94569,1.75,2.25
2015.10.22 22:53:27.816,0.9453,0.94561,2.25,1.00
2015.10.22 22:53:28.523,0.94542,0.94566,1.00,1.00
2015.10.22 22:53:29.089,0.94535,0.94565,1.00,1.00
2015.10.22 22:53:29.190,0.94534,0.94566,1.75,1.00
2015.10.22 22:53:29.736,0.94534,0.94566,1.75,1.00
2015.10.22 22:53:52.553,0.94538,0.94566,2.25,1.00
2015.10.22 22:53:52.654,0.94537,0.94566,2.25,1.00
2015.10.22 22:53:53.354,0.94539,0.94571,1.75,1.00
2015.10.22 22:53:53.611,0.94537,0.94567,2.25,1.00
2015.10.22 22:54:07.687,0.94544,0.94567,1.00,1.00
2015.10.22 22:54:09.890,0.94544,0.94566,1.00,1.00
2015.10.22 22:54:10.541,0.94544,0.94567,1.00,1.00
2015.10.22 22:54:13.647,0.94544,0.94566,1.00,1.00
2015.10.22 22:54:14.175,0.94534,0.94566,1.75,1.00
2015.10.22 22:54:36.898,0.9454,0.94566,1.00,1.00
2015.10.22 22:55:37.036,0.94534,0.94566,1.75,1.00
2015.10.22 22:55:41.647,0.94533,0.94567,1.75,1.00
2015.10.22 22:55:53.708,0.94533,0.94567,1.75,1.00
2015.10.22 22:56:17.084,0.94533,0.94567,1.75,1.00
2015.10.22 22:56:21.766,0.94537,0.94566,1.00,1.00
2015.10.22 22:56:21.868,0.94534,0.94566,1.75,1.00
2015.10.22 22:56:22.548,0.9453,0.94561,2.25,1.00
2015.10.22 22:56:24.224,0.9453,0.94562,2.25,1.00
2015.10.22 22:56:24.274,0.94529,0.94562,2.25,1.00
2015.10.22 22:56:27.048,0.94535,0.94562,1.00,1.00
2015.10.22 22:56:27.149,0.94537,0.94562,1.00,1.00
2015.10.22 22:56:30.446,0.94528,0.94562,1.75,1.50
2015.10.22 22:56:30.702,0.94526,0.94557,1.75,1.00
2015.10.22 22:56:30.854,0.9453,0.94557,1.00,1.00
2015.10.22 22:56:37.110,0.94523,0.94557,1.75,1.00
2015.10.22 22:56:43.513,0.94523,0.94557,3.00,1.00
2015.10.22 22:56:48.397,0.94524,0.94556,1.75,1.00
2015.10.22 22:56:48.899,0.94523,0.94557,4.12,1.00
2015.10.22 22:56:59.765,0.94524,0.94556,1.75,1.00
2015.10.22 22:57:00.370,0.94524,0.94556,1.75,1.00
2015.10.22 22:57:31.333,0.94524,0.94556,1.75,1.00
2015.10.22 22:57:42.704,0.94521,0.94552,1.75,1.00
2015.10.22 22:58:00.859,0.94521,0.94552,1.37,1.00
2015.10.22 22:58:00.958,0.94521,0.94552,1.00,1.00
2015.10.22 22:58:16.621,0.94527,0.94552,1.00,1.00
2015.10.22 22:58:16.723,0.94526,0.94556,1.00,1.00
2015.10.22 22:58:16.824,0.94527,0.94561,2.25,1.00
2015.10.22 22:58:17.226,0.94529,0.94562,1.50,1.00
2015.10.22 22:58:17.752,0.94529,0.94561,1.00,1.00
2015.10.22 22:58:33.012,0.94524,0.94566,1.50,1.00
2015.10.22 22:58:33.114,0.94523,0.94557,1.00,1.00
2015.10.22 22:58:34.111,0.94524,0.94556,1.00,1.00
2015.10.22 22:58:35.426,0.94521,0.94561,4.50,1.00
2015.10.22 22:58:35.628,0.94524,0.94556,1.00,1.00
2015.10.22 22:58:44.836,0.94525,0.94556,1.00,1.00
2015.10.22 22:58:45.138,0.94525,0.94562,1.50,1.00
2015.10.22 22:58:45.296,0.94529,0.94561,1.00,1.00
2015.10.22 22:58:47.528,0.94524,0.94556,1.00,1.00
2015.10.22 22:58:52.917,0.94521,0.94551,1.50,1.00
2015.10.22 22:59:03.141,0.9452,0.94551,2.25,1.00
2015.10.22 22:59:04.149,0.94521,0.94551,1.00,1.00
2015.10.22 22:59:05.861,0.9452,0.94551,2.25,1.00
2015.10.22 22:59:07.015,0.94521,0.94551,1.00,1.00
2015.10.22 22:59:09.027,0.94524,0.94556,1.00,1.00
2015.10.22 22:59:21.604,0.94527,0.94562,1.00,1.00
2015.10.22 22:59:21.655,0.94524,0.94562,1.00,1.00
2015.10.22 22:59:21.806,0.94524,0.94556,1.00,1.00
2015.10.22 22:59:22.123,0.94529,0.94561,1.00,1.00
2015.10.22 22:59:24.053,0.94523,0.94557,1.00,1.00
2015.10.22 22:59:28.079,0.94529,0.94561,1.00,1.00
2015.10.22 22:59:28.882,0.94523,0.94557,1.00,1.00
