2016.08.05 05:00:00.406,0.9973,0.99752,1.00,1.00
2016.08.05 05:00:02.282,0.9973,0.99752,1.37,1.00
2016.08.05 05:00:02.384,0.99731,0.99752,1.50,1.00
2016.08.05 05:00:02.512,0.99731,0.99756,1.50,1.00
2016.08.05 05:00:02.845,0.99731,0.99751,1.50,1.00
2016.08.05 05:00:03.003,0.99731,0.99751,1.37,1.00
2016.08.05 05:00:03.054,0.99731,0.99751,1.00,1.00
2016.08.05 05:00:03.105,0.9973,0.99751,1.12,1.00
2016.08.05 05:00:10.317,0.9973,0.99752,1.12,1.00
2016.08.05 05:00:18.515,0.99729,0.99752,1.50,1.00
2016.08.05 05:00:22.857,0.99729,0.99752,1.87,1.00
2016.08.05 05:00:27.926,0.99729,0.99752,1.50,1.00
2016.08.05 05:00:31.493,0.9973,0.99752,1.12,1.00
2016.08.05 05:00:35.040,0.9973,0.99756,1.12,1.75
2016.08.05 05:00:36.800,0.9973,0.99756,1.12,1.50
2016.08.05 05:00:36.850,0.9973,0.99756,1.00,1.50
2016.08.05 05:00:39.970,0.9973,0.99751,1.00,1.00
2016.08.05 05:00:40.140,0.99729,0.99751,1.00,1.50
2016.08.05 05:00:43.604,0.99728,0.99751,1.00,1.50
2016.08.05 05:00:45.149,0.99727,0.99751,1.00,1.50
2016.08.05 05:00:45.251,0.99727,0.99746,1.00,1.00
2016.08.05 05:00:45.352,0.99725,0.99746,1.00,1.12
2016.08.05 05:00:45.672,0.99725,0.99747,1.00,1.50
2016.08.05 05:00:52.316,0.99727,0.99747,1.00,1.50
2016.08.05 05:00:52.367,0.99727,0.99751,1.00,3.37
2016.08.05 05:00:52.469,0.99727,0.99751,1.00,1.50
2016.08.05 05:00:52.570,0.99727,0.99751,1.12,1.12
2016.08.05 05:00:52.620,0.99729,0.99751,1.00,1.12
2016.08.05 05:00:52.671,0.99729,0.99751,1.00,1.00
2016.08.05 05:00:57.921,0.9973,0.99751,1.00,1.00
2016.08.05 05:01:04.539,0.99729,0.99751,1.50,1.00
2016.08.05 05:01:05.359,0.9973,0.99751,1.00,1.00
2016.08.05 05:01:15.879,0.9973,0.99752,1.00,1.00
2016.08.05 05:01:15.930,0.9973,0.99752,1.00,1.87
2016.08.05 05:01:15.980,0.9972,0.99749,1.00,1.75
2016.08.05 05:01:16.031,0.9972,0.99744,1.00,1.00
2016.08.05 05:01:16.082,0.99719,0.99744,1.00,1.75
2016.08.05 05:01:16.132,0.99719,0.99742,1.00,1.50
2016.08.05 05:01:16.183,0.99719,0.99742,1.50,1.75
2016.08.05 05:01:16.234,0.99719,0.99742,1.50,1.75
2016.08.05 05:01:16.284,0.99719,0.99742,1.00,1.75
2016.08.05 05:01:16.394,0.99719,0.99742,1.00,1.75
2016.08.05 05:01:16.561,0.99719,0.99741,1.50,1.75
2016.08.05 05:01:16.611,0.99719,0.99741,1.00,2.25
2016.08.05 05:01:16.772,0.99718,0.99741,1.00,1.75
2016.08.05 05:01:16.923,0.99718,0.99741,1.00,2.25
2016.08.05 05:01:17.298,0.99718,0.99741,1.00,1.75
2016.08.05 05:01:18.014,0.99718,0.99742,1.00,1.75
2016.08.05 05:01:18.566,0.99718,0.99741,1.00,1.75
2016.08.05 05:01:18.667,0.99718,0.99741,1.00,3.37
2016.08.05 05:01:18.768,0.99716,0.99741,1.00,3.37
2016.08.05 05:01:18.869,0.99714,0.99741,1.50,3.37
2016.08.05 05:01:18.920,0.99714,0.99741,1.00,3.37
2016.08.05 05:01:18.970,0.99709,0.99738,1.00,2.25
2016.08.05 05:01:19.072,0.99709,0.99735,1.00,1.50
2016.08.05 05:01:19.173,0.99709,0.99732,1.00,1.37
2016.08.05 05:01:19.225,0.99709,0.99732,1.00,1.75
2016.08.05 05:01:19.276,0.99707,0.99732,1.12,1.75
2016.08.05 05:01:19.550,0.99707,0.99733,1.12,3.37
2016.08.05 05:01:19.600,0.99707,0.99733,1.12,1.75
2016.08.05 05:01:19.651,0.99709,0.99733,1.00,1.75
2016.08.05 05:01:19.752,0.99709,0.99734,1.00,3.37
2016.08.05 05:01:19.908,0.99709,0.99733,1.12,1.75
2016.08.05 05:01:19.970,0.99709,0.99734,1.12,2.62
2016.08.05 05:01:20.020,0.99709,0.99735,1.12,4.12
2016.08.05 05:01:20.335,0.99709,0.99735,1.12,4.12
2016.08.05 05:01:21.564,0.99709,0.99735,1.12,4.12
2016.08.05 05:01:27.310,0.99709,0.99735,1.12,4.12
2016.08.05 05:01:27.360,0.99709,0.99734,1.00,1.75
2016.08.05 05:01:28.662,0.99709,0.99735,1.00,4.12
2016.08.05 05:01:28.712,0.99709,0.99735,1.00,4.12
2016.08.05 05:01:29.338,0.99709,0.99734,1.12,1.75
2016.08.05 05:01:29.447,0.99709,0.99734,1.37,1.75
2016.08.05 05:01:29.548,0.99709,0.99735,1.37,3.37
2016.08.05 05:01:29.598,0.99709,0.99733,1.37,1.00
2016.08.05 05:01:29.795,0.99709,0.99733,1.00,1.00
2016.08.05 05:01:29.845,0.99709,0.99733,1.00,1.00
2016.08.05 05:01:30.129,0.99709,0.99733,1.00,1.00
2016.08.05 05:01:30.230,0.99709,0.99734,1.00,1.75
2016.08.05 05:01:30.280,0.99708,0.99734,1.00,2.25
2016.08.05 05:01:30.381,0.99705,0.99733,1.50,1.75
2016.08.05 05:01:30.432,0.99705,0.99733,1.12,3.37
2016.08.05 05:01:30.483,0.99704,0.9973,1.50,1.50
2016.08.05 05:01:30.553,0.99704,0.99731,1.00,2.25
2016.08.05 05:01:30.687,0.99703,0.99729,1.50,1.75
2016.08.05 05:01:30.738,0.99704,0.99729,1.00,3.37
2016.08.05 05:01:31.249,0.99704,0.99729,1.00,2.62
2016.08.05 05:01:32.518,0.99704,0.99729,1.00,2.62
2016.08.05 05:01:32.620,0.99704,0.99728,1.00,1.00
2016.08.05 05:01:35.625,0.99702,0.99728,1.00,1.00
2016.08.05 05:01:36.047,0.99702,0.99728,1.12,1.00
2016.08.05 05:01:36.149,0.99702,0.99728,1.12,1.00
2016.08.05 05:01:36.344,0.99702,0.99729,1.87,1.12
2016.08.05 05:01:36.395,0.99704,0.9973,1.37,1.37
2016.08.05 05:01:36.547,0.99704,0.9973,1.37,1.37
2016.08.05 05:01:39.166,0.99702,0.9973,1.75,1.37
2016.08.05 05:01:40.304,0.99702,0.9973,1.37,1.37
2016.08.05 05:01:40.355,0.99702,0.9973,1.00,1.75
2016.08.05 05:01:43.810,0.997,0.99727,1.12,1.37
2016.08.05 05:01:43.861,0.99699,0.99724,1.00,1.00
2016.08.05 05:01:43.912,0.99698,0.99724,1.37,1.37
2016.08.05 05:01:43.962,0.99698,0.99724,1.00,1.50
2016.08.05 05:01:44.064,0.99696,0.99722,1.37,1.00
2016.08.05 05:01:44.114,0.99699,0.99722,1.00,1.00
2016.08.05 05:01:44.165,0.99699,0.99723,1.00,1.37
2016.08.05 05:01:45.038,0.99699,0.99723,1.00,1.75
2016.08.05 05:01:45.189,0.99699,0.99722,1.00,2.25
2016.08.05 05:01:50.216,0.99696,0.99722,1.00,2.25
2016.08.05 05:01:50.723,0.99694,0.99721,1.50,1.75
2016.08.05 05:01:50.875,0.99694,0.99721,1.50,1.75
2016.08.05 05:01:51.063,0.99694,0.99721,1.87,1.75
2016.08.05 05:01:52.675,0.99694,0.99721,1.50,1.75
2016.08.05 05:01:53.050,0.99695,0.99722,1.12,1.75
2016.08.05 05:01:53.151,0.99697,0.99723,1.00,2.25
2016.08.05 05:01:53.202,0.99697,0.99722,1.00,1.75
2016.08.05 05:01:53.303,0.99697,0.99723,1.00,2.25
2016.08.05 05:01:53.353,0.99694,0.99721,1.87,1.75
2016.08.05 05:01:53.404,0.99694,0.99721,1.50,1.75
2016.08.05 05:01:53.873,0.99694,0.99718,1.00,1.00
2016.08.05 05:01:56.731,0.99694,0.99718,1.50,1.00
2016.08.05 05:01:56.832,0.99694,0.99718,1.87,1.00
2016.08.05 05:01:56.983,0.99694,0.99718,1.87,1.00
2016.08.05 05:01:57.220,0.99694,0.99718,1.87,1.00
2016.08.05 05:01:57.271,0.99694,0.99718,1.12,1.00
2016.08.05 05:01:57.321,0.99694,0.99718,1.00,1.00
2016.08.05 05:01:57.384,0.99694,0.99718,1.12,1.00
2016.08.05 05:02:02.690,0.99694,0.99718,1.00,1.00
2016.08.05 05:02:02.790,0.99694,0.99718,1.12,1.00
2016.08.05 05:02:03.426,0.99694,0.99718,1.87,1.00
2016.08.05 05:02:03.678,0.99695,0.9972,1.00,1.37
2016.08.05 05:02:03.729,0.99695,0.99722,1.00,1.75
2016.08.05 05:02:03.830,0.99696,0.99722,1.12,2.25
2016.08.05 05:02:05.214,0.99696,0.99722,1.00,1.75
2016.08.05 05:02:07.312,0.99696,0.99718,1.00,1.00
2016.08.05 05:02:07.362,0.99694,0.99718,1.00,1.75
2016.08.05 05:02:07.526,0.99693,0.99719,1.00,2.25
2016.08.05 05:02:07.577,0.99694,0.99717,1.00,1.75
2016.08.05 05:02:07.678,0.99691,0.99717,1.00,1.75
2016.08.05 05:02:09.820,0.99691,0.99717,1.00,1.75
2016.08.05 05:02:09.871,0.99691,0.99717,1.00,1.75
2016.08.05 05:02:09.972,0.99694,0.99717,1.00,1.00
2016.08.05 05:02:10.087,0.99691,0.99717,1.00,1.00
2016.08.05 05:02:10.390,0.99691,0.99717,1.00,1.00
2016.08.05 05:02:11.674,0.99691,0.99717,1.00,1.00
2016.08.05 05:02:13.706,0.99691,0.99717,1.00,1.00
2016.08.05 05:02:14.169,0.99691,0.99717,1.00,1.50
2016.08.05 05:02:14.220,0.99689,0.99717,1.12,1.75
2016.08.05 05:02:14.270,0.99688,0.99715,1.87,1.50
2016.08.05 05:02:14.321,0.99688,0.99715,1.50,1.50
2016.08.05 05:02:14.371,0.99687,0.99713,1.87,1.00
2016.08.05 05:02:14.422,0.99687,0.99713,1.75,1.00
2016.08.05 05:02:14.472,0.99688,0.99715,1.50,1.50
2016.08.05 05:02:14.630,0.99689,0.99715,1.00,1.50
2016.08.05 05:02:15.051,0.99689,0.99716,1.00,1.75
2016.08.05 05:02:15.152,0.99688,0.99714,1.50,1.12
2016.08.05 05:02:17.647,0.99688,0.99714,1.87,1.12
2016.08.05 05:02:17.711,0.99688,0.99714,1.50,1.12
2016.08.05 05:02:21.541,0.99688,0.99714,1.87,1.12
2016.08.05 05:02:22.414,0.99688,0.99714,1.87,1.12
2016.08.05 05:02:24.903,0.99688,0.99714,1.87,1.12
2016.08.05 05:02:25.372,0.99688,0.99713,1.87,1.00
2016.08.05 05:02:25.650,0.99688,0.99715,1.87,1.50
2016.08.05 05:02:26.751,0.99688,0.99714,1.87,1.12
2016.08.05 05:02:29.901,0.99688,0.99714,1.87,1.00
2016.08.05 05:02:30.019,0.99688,0.99714,1.75,1.00
2016.08.05 05:02:35.534,0.99688,0.99714,1.75,1.00
2016.08.05 05:02:40.176,0.99688,0.99715,1.87,1.00
2016.08.05 05:02:40.277,0.99689,0.99715,1.50,1.00
2016.08.05 05:02:40.327,0.99689,0.99715,1.00,1.50
2016.08.05 05:02:40.378,0.99689,0.99713,1.00,1.12
2016.08.05 05:02:40.479,0.99688,0.99713,1.12,1.12
2016.08.05 05:02:59.238,0.99688,0.99713,1.37,1.00
2016.08.05 05:02:59.288,0.99688,0.99713,1.75,1.00
2016.08.05 05:03:00.181,0.99688,0.99712,1.75,1.00
2016.08.05 05:03:00.744,0.99688,0.99713,1.75,1.00
2016.08.05 05:03:00.794,0.99685,0.99713,1.12,1.00
2016.08.05 05:03:00.845,0.99685,0.99713,1.12,1.00
2016.08.05 05:03:00.896,0.99686,0.99713,1.75,1.00
2016.08.05 05:03:00.946,0.99686,0.99713,1.75,1.00
2016.08.05 05:03:00.997,0.99689,0.99715,1.50,1.50
2016.08.05 05:03:01.340,0.99689,0.99715,1.50,1.50
2016.08.05 05:03:01.491,0.99688,0.99715,2.25,1.50
2016.08.05 05:03:01.541,0.99688,0.99715,2.25,1.50
2016.08.05 05:03:01.592,0.99688,0.99715,1.75,1.50
2016.08.05 05:03:01.643,0.99688,0.99715,1.75,1.50
2016.08.05 05:03:04.611,0.99689,0.99715,1.50,1.50
2016.08.05 05:03:05.795,0.99689,0.99714,1.50,1.12
2016.08.05 05:03:05.896,0.99689,0.99712,1.50,1.00
2016.08.05 05:03:05.997,0.99685,0.99712,1.87,1.00
2016.08.05 05:03:06.202,0.99688,0.99712,1.75,1.00
2016.08.05 05:03:07.105,0.99688,0.99713,1.75,1.00
2016.08.05 05:03:07.206,0.99688,0.99715,2.25,1.50
2016.08.05 05:03:08.073,0.99689,0.99715,1.37,1.50
2016.08.05 05:03:08.493,0.99694,0.99715,1.00,1.50
2016.08.05 05:03:14.331,0.99689,0.99715,1.50,1.50
2016.08.05 05:03:14.482,0.99689,0.99715,1.12,1.37
2016.08.05 05:03:29.903,0.99689,0.99715,1.12,1.50
2016.08.05 05:03:36.417,0.9969,0.99718,1.00,1.75
2016.08.05 05:03:36.518,0.99694,0.99722,1.75,1.87
2016.08.05 05:03:36.619,0.99695,0.99724,1.75,1.75
2016.08.05 05:03:36.720,0.99698,0.99724,1.75,1.00
2016.08.05 05:03:36.925,0.99698,0.99724,2.25,1.00
2016.08.05 05:03:37.419,0.99698,0.99724,1.75,1.00
2016.08.05 05:03:37.564,0.99698,0.99724,1.50,1.12
2016.08.05 05:03:38.317,0.99698,0.99722,1.50,1.00
2016.08.05 05:03:46.736,0.99695,0.99722,1.50,1.50
2016.08.05 05:03:46.837,0.99695,0.99721,1.00,1.12
2016.08.05 05:03:46.938,0.99695,0.9972,1.00,1.00
2016.08.05 05:03:47.056,0.99692,0.9972,1.50,1.12
2016.08.05 05:03:47.107,0.99692,0.9972,1.50,1.12
2016.08.05 05:03:47.236,0.99694,0.9972,1.75,1.00
2016.08.05 05:03:47.337,0.99699,0.99721,1.00,1.00
2016.08.05 05:03:47.539,0.99699,0.99722,1.00,1.12
2016.08.05 05:04:02.838,0.99695,0.99722,1.75,1.87
2016.08.05 05:04:06.542,0.99699,0.99722,1.00,1.12
2016.08.05 05:04:06.671,0.99695,0.99721,1.75,1.00
2016.08.05 05:04:06.988,0.99698,0.99722,1.12,1.12
2016.08.05 05:04:07.141,0.99698,0.99722,1.50,1.00
2016.08.05 05:04:07.242,0.99698,0.99726,4.12,1.00
2016.08.05 05:04:07.292,0.997,0.99726,1.75,1.50
2016.08.05 05:04:07.444,0.997,0.99726,2.25,1.00
2016.08.05 05:04:07.546,0.997,0.99727,2.25,1.50
2016.08.05 05:04:09.487,0.99703,0.99727,1.37,1.50
2016.08.05 05:04:09.538,0.99703,0.99727,1.37,1.00
2016.08.05 05:04:09.741,0.99703,0.99727,1.37,1.50
2016.08.05 05:04:09.792,0.99703,0.99727,1.37,1.00
2016.08.05 05:04:09.893,0.99703,0.99728,1.87,1.00
2016.08.05 05:04:09.943,0.99703,0.99731,1.87,1.50
2016.08.05 05:04:10.044,0.99706,0.99731,1.00,1.00
2016.08.05 05:04:10.145,0.99706,0.99729,1.00,1.00
2016.08.05 05:04:10.451,0.99706,0.99726,1.00,1.00
2016.08.05 05:04:12.077,0.99703,0.99726,1.37,1.00
2016.08.05 05:04:14.561,0.99703,0.99728,1.37,1.00
2016.08.05 05:04:15.281,0.99699,0.99726,3.00,1.00
2016.08.05 05:04:17.667,0.99701,0.99726,1.75,1.00
2016.08.05 05:04:18.562,0.997,0.99726,1.75,1.00
2016.08.05 05:04:18.751,0.99699,0.99726,3.00,1.50
2016.08.05 05:04:18.802,0.997,0.99726,1.75,1.50
2016.08.05 05:04:19.170,0.997,0.99726,1.75,1.00
2016.08.05 05:04:19.557,0.99703,0.99727,1.37,1.00
2016.08.05 05:04:22.271,0.99699,0.99726,2.25,1.00
2016.08.05 05:04:23.592,0.997,0.99726,1.75,1.00
2016.08.05 05:04:24.773,0.997,0.99726,2.25,1.00
2016.08.05 05:04:24.975,0.99704,0.99727,1.12,1.00
2016.08.05 05:04:27.769,0.99709,0.99727,1.00,1.00
2016.08.05 05:04:28.168,0.99704,0.99727,1.12,1.00
2016.08.05 05:04:29.134,0.99704,0.99728,1.12,1.00
2016.08.05 05:04:29.703,0.99704,0.99726,1.12,1.00
2016.08.05 05:04:30.006,0.99704,0.99726,1.00,1.00
2016.08.05 05:04:32.911,0.99704,0.99725,1.00,1.00
2016.08.05 05:04:34.298,0.99704,0.99726,1.00,1.00
2016.08.05 05:04:37.996,0.99703,0.99726,1.00,1.00
2016.08.05 05:04:38.097,0.99701,0.99723,1.00,1.12
2016.08.05 05:04:38.198,0.99701,0.99722,1.00,1.00
2016.08.05 05:04:38.299,0.99699,0.99722,1.00,1.00
2016.08.05 05:04:42.393,0.99699,0.99721,1.00,1.00
2016.08.05 05:04:43.584,0.99694,0.99721,1.75,1.00
2016.08.05 05:04:43.947,0.99695,0.99721,1.12,1.00
2016.08.05 05:04:44.098,0.99698,0.99721,1.12,1.00
2016.08.05 05:04:44.418,0.99698,0.99723,1.12,1.12
2016.08.05 05:04:46.588,0.99698,0.99721,1.12,1.00
2016.08.05 05:04:46.638,0.99694,0.99721,1.50,1.50
2016.08.05 05:04:46.689,0.99694,0.99719,1.50,1.00
2016.08.05 05:04:46.790,0.99694,0.99719,1.00,1.00
2016.08.05 05:04:47.608,0.99694,0.99718,1.00,1.00
2016.08.05 05:04:57.700,0.99694,0.99718,1.50,1.00
2016.08.05 05:05:06.940,0.99698,0.9972,1.00,1.00
2016.08.05 05:05:06.991,0.99698,0.9972,1.75,1.00
2016.08.05 05:05:07.041,0.99698,0.99722,1.75,1.00
2016.08.05 05:05:07.529,0.99698,0.99722,1.75,1.00
2016.08.05 05:05:07.781,0.99698,0.99722,1.00,1.50
2016.08.05 05:05:08.808,0.99698,0.99722,1.00,1.00
2016.08.05 05:05:09.104,0.99698,0.99722,1.00,1.50
2016.08.05 05:05:09.525,0.99698,0.99721,1.00,1.00
2016.08.05 05:05:09.722,0.99696,0.99721,1.00,1.00
2016.08.05 05:05:15.549,0.99696,0.9972,1.00,1.00
2016.08.05 05:05:15.951,0.99693,0.9972,1.37,1.37
2016.08.05 05:05:16.002,0.99693,0.9972,1.00,1.75
2016.08.05 05:05:16.541,0.99693,0.99719,1.00,1.75
2016.08.05 05:05:19.210,0.99693,0.99718,1.00,1.50
2016.08.05 05:05:19.423,0.99694,0.99717,1.00,1.12
2016.08.05 05:05:19.473,0.99694,0.99717,1.00,2.25
2016.08.05 05:05:19.625,0.99694,0.99716,1.00,1.75
2016.08.05 05:05:19.726,0.99689,0.99716,1.50,2.25
2016.08.05 05:05:20.123,0.99693,0.99716,1.00,1.75
2016.08.05 05:05:20.349,0.99693,0.99714,1.00,1.37
2016.08.05 05:05:20.551,0.99688,0.99714,1.50,1.37
2016.08.05 05:05:20.601,0.99688,0.99714,1.37,1.37
2016.08.05 05:05:20.725,0.99694,0.99714,1.00,1.37
2016.08.05 05:05:27.620,0.99694,0.99714,1.00,1.00
2016.08.05 05:05:28.532,0.99689,0.99714,1.50,1.00
2016.08.05 05:05:28.583,0.99689,0.99714,1.12,1.50
2016.08.05 05:05:28.934,0.99689,0.99712,1.12,1.00
2016.08.05 05:05:34.738,0.99694,0.99712,1.00,1.00
2016.08.05 05:05:35.244,0.99694,0.99713,1.00,1.12
2016.08.05 05:05:39.063,0.99694,0.99715,1.00,1.75
2016.08.05 05:05:47.136,0.99694,0.99714,1.00,1.50
2016.08.05 05:05:49.907,0.99694,0.99714,1.00,1.00
2016.08.05 05:05:55.765,0.99688,0.99714,1.75,1.00
2016.08.05 05:05:55.816,0.99688,0.9971,1.00,1.00
2016.08.05 05:05:56.018,0.99688,0.9971,1.00,1.00
2016.08.05 05:05:56.729,0.99689,0.9971,1.00,1.00
2016.08.05 05:05:58.858,0.99688,0.9971,1.00,1.00
2016.08.05 05:05:59.208,0.99688,0.9971,1.00,1.00
2016.08.05 05:06:14.070,0.99689,0.9971,1.00,1.00
2016.08.05 05:06:19.254,0.99689,0.99711,1.00,1.37
2016.08.05 05:06:19.304,0.99689,0.99711,1.00,1.12
2016.08.05 05:06:20.776,0.99684,0.99711,1.75,1.12
2016.08.05 05:06:20.877,0.99686,0.99711,1.87,1.00
2016.08.05 05:06:20.928,0.99686,0.99711,1.87,1.00
2016.08.05 05:06:20.979,0.99693,0.99713,1.00,1.00
2016.08.05 05:06:21.483,0.99693,0.99714,1.00,1.12
2016.08.05 05:06:29.506,0.99689,0.99714,1.12,1.12
2016.08.05 05:06:29.557,0.99689,0.99714,1.50,1.12
2016.08.05 05:06:29.608,0.9969,0.99716,1.12,1.12
2016.08.05 05:06:29.658,0.9969,0.99716,1.12,1.12
2016.08.05 05:06:29.709,0.99694,0.99716,1.00,1.12
2016.08.05 05:06:30.026,0.99694,0.99717,1.00,1.37
2016.08.05 05:06:31.910,0.99694,0.99716,1.37,1.00
2016.08.05 05:06:35.911,0.99694,0.99718,1.37,1.00
2016.08.05 05:06:36.013,0.99693,0.99718,1.50,1.00
2016.08.05 05:06:36.063,0.99693,0.99718,1.50,1.00
2016.08.05 05:06:36.114,0.99699,0.99721,1.00,1.50
2016.08.05 05:06:36.215,0.99699,0.99723,1.00,1.50
2016.08.05 05:06:36.416,0.99698,0.99723,1.00,1.50
2016.08.05 05:06:36.468,0.99698,0.99723,1.00,1.50
2016.08.05 05:06:36.518,0.99704,0.99723,1.00,1.00
2016.08.05 05:06:36.727,0.99699,0.99723,1.75,1.00
2016.08.05 05:06:36.879,0.99699,0.99725,1.75,1.00
2016.08.05 05:06:37.081,0.99698,0.99724,2.25,1.00
2016.08.05 05:06:37.182,0.99698,0.99724,1.75,1.00
2016.08.05 05:06:37.776,0.99698,0.99724,2.25,1.00
2016.08.05 05:06:38.725,0.99698,0.99724,1.75,1.00
2016.08.05 05:06:38.826,0.99699,0.99724,1.00,1.00
2016.08.05 05:06:41.596,0.99699,0.99724,1.00,1.00
2016.08.05 05:06:41.697,0.99699,0.9972,1.00,1.00
2016.08.05 05:06:42.183,0.99699,0.9972,1.00,1.12
2016.08.05 05:06:42.284,0.99699,0.9972,1.00,1.00
2016.08.05 05:06:45.820,0.99693,0.9972,2.25,1.00
2016.08.05 05:06:46.837,0.99692,0.99719,2.62,1.00
2016.08.05 05:06:46.888,0.99693,0.99719,1.00,1.00
2016.08.05 05:06:48.024,0.99693,0.99718,1.00,1.00
2016.08.05 05:06:50.028,0.99693,0.99717,1.00,1.00
2016.08.05 05:06:53.045,0.99693,0.99717,1.00,1.00
2016.08.05 05:06:53.297,0.99697,0.99722,1.00,1.00
2016.08.05 05:06:56.501,0.99697,0.9972,1.00,1.00
2016.08.05 05:06:56.625,0.99694,0.99718,1.50,1.00
2016.08.05 05:07:05.712,0.99694,0.99717,1.50,1.00
2016.08.05 05:07:06.163,0.99694,0.99716,1.00,1.00
2016.08.05 05:07:06.214,0.99689,0.99714,3.37,1.00
2016.08.05 05:07:06.265,0.99689,0.99714,1.12,1.00
2016.08.05 05:07:06.316,0.99689,0.99714,1.00,1.00
2016.08.05 05:07:06.467,0.99689,0.99714,1.00,1.00
2016.08.05 05:07:06.518,0.99689,0.99713,1.00,1.00
2016.08.05 05:07:06.635,0.99688,0.99713,1.00,1.00
2016.08.05 05:07:10.418,0.99688,0.99712,1.00,1.00
2016.08.05 05:07:11.248,0.99689,0.99712,1.00,1.00
2016.08.05 05:07:16.528,0.99689,0.9971,1.00,1.00
2016.08.05 05:07:27.214,0.99685,0.9971,1.00,1.00
2016.08.05 05:07:29.116,0.99689,0.9971,1.00,1.00
2016.08.05 05:07:39.267,0.99689,0.99712,1.00,1.00
2016.08.05 05:07:40.438,0.99689,0.99713,1.00,1.00
2016.08.05 05:07:43.228,0.99687,0.99713,1.00,1.00
2016.08.05 05:07:43.689,0.99687,0.99713,1.00,1.00
2016.08.05 05:07:43.976,0.99687,0.99713,1.00,1.00
2016.08.05 05:07:44.278,0.99687,0.9971,1.00,1.00
2016.08.05 05:07:46.453,0.99687,0.99712,1.00,1.00
2016.08.05 05:07:48.833,0.99689,0.99712,1.00,1.00
2016.08.05 05:07:49.407,0.99689,0.99712,1.00,1.50
2016.08.05 05:07:49.945,0.99685,0.99712,2.25,1.50
2016.08.05 05:07:51.384,0.99685,0.9971,1.50,1.00
2016.08.05 05:07:53.736,0.99688,0.9971,1.00,1.00
2016.08.05 05:07:53.988,0.99688,0.99711,1.00,1.12
2016.08.05 05:07:54.139,0.99688,0.99711,1.37,1.00
2016.08.05 05:07:55.037,0.99685,0.99711,1.87,1.00
2016.08.05 05:07:55.088,0.99686,0.99711,1.12,1.00
2016.08.05 05:07:55.189,0.99687,0.99712,1.37,1.00
2016.08.05 05:07:55.290,0.99689,0.99715,1.00,1.50
2016.08.05 05:07:55.341,0.99689,0.99715,1.00,1.50
2016.08.05 05:07:55.575,0.99689,0.99716,1.50,1.75
2016.08.05 05:07:56.439,0.99693,0.99716,1.00,1.75
2016.08.05 05:08:08.348,0.99689,0.99716,1.50,1.75
2016.08.05 05:08:08.551,0.99689,0.99716,2.25,1.75
2016.08.05 05:08:08.602,0.99689,0.99716,1.87,1.75
2016.08.05 05:08:08.652,0.9969,0.99716,1.00,1.00
2016.08.05 05:08:08.703,0.9969,0.99713,1.00,1.00
2016.08.05 05:08:08.854,0.99689,0.99713,1.00,1.50
2016.08.05 05:08:09.151,0.99689,0.99713,1.12,1.00
2016.08.05 05:08:14.301,0.99688,0.99713,1.50,1.00
2016.08.05 05:08:14.593,0.99688,0.99715,1.50,1.50
2016.08.05 05:08:14.960,0.99689,0.99715,1.12,1.50
2016.08.05 05:08:17.957,0.99688,0.99715,1.50,1.50
2016.08.05 05:08:19.822,0.99688,0.99715,1.50,1.50
2016.08.05 05:08:26.276,0.99688,0.99716,1.50,1.75
2016.08.05 05:08:26.327,0.99688,0.99716,1.50,1.75
2016.08.05 05:08:26.377,0.99689,0.99716,1.87,1.75
2016.08.05 05:08:26.478,0.99689,0.99716,2.25,1.12
2016.08.05 05:08:26.714,0.99689,0.99716,2.25,1.12
2016.08.05 05:08:26.840,0.99689,0.99716,2.25,1.12
2016.08.05 05:08:32.981,0.99689,0.99715,1.50,1.00
2016.08.05 05:08:33.682,0.99689,0.99716,2.25,1.12
2016.08.05 05:08:35.883,0.99689,0.99716,1.50,1.12
2016.08.05 05:08:40.641,0.99689,0.99712,1.50,1.00
2016.08.05 05:08:40.692,0.99688,0.99712,1.75,1.00
2016.08.05 05:08:40.793,0.99688,0.99712,1.00,1.50
2016.08.05 05:08:40.894,0.99686,0.99712,1.00,1.50
2016.08.05 05:08:40.945,0.99686,0.99712,1.00,1.50
2016.08.05 05:08:40.995,0.99688,0.99714,1.00,1.00
2016.08.05 05:08:41.097,0.99689,0.99714,1.00,1.00
2016.08.05 05:08:42.933,0.99689,0.99712,1.00,1.00
2016.08.05 05:08:49.584,0.99688,0.99712,1.50,1.00
2016.08.05 05:08:51.195,0.99688,0.99714,1.50,1.00
2016.08.05 05:08:51.531,0.99688,0.99712,1.50,1.00
2016.08.05 05:08:54.405,0.99688,0.99712,1.00,1.00
2016.08.05 05:08:54.949,0.99689,0.99713,1.00,1.00
2016.08.05 05:08:55.450,0.99689,0.99714,1.00,1.00
2016.08.05 05:08:56.791,0.99688,0.99714,1.00,1.00
2016.08.05 05:08:57.592,0.99688,0.99714,1.50,1.00
2016.08.05 05:08:59.222,0.99688,0.99714,1.75,1.00
2016.08.05 05:09:11.004,0.99687,0.99714,2.25,1.00
2016.08.05 05:09:14.120,0.99687,0.99714,1.75,1.00
2016.08.05 05:09:15.337,0.99686,0.99713,2.25,1.00
2016.08.05 05:09:16.593,0.99687,0.99713,1.75,1.00
2016.08.05 05:09:17.394,0.99686,0.99713,2.25,1.00
2016.08.05 05:09:17.756,0.99686,0.99712,1.75,1.00
2016.08.05 05:09:18.217,0.99688,0.99712,1.00,1.00
2016.08.05 05:09:22.333,0.99688,0.99714,1.50,1.00
2016.08.05 05:09:22.383,0.99688,0.99714,1.50,1.00
2016.08.05 05:09:22.434,0.9969,0.99716,1.00,1.00
2016.08.05 05:09:22.484,0.9969,0.99716,1.00,1.00
2016.08.05 05:09:22.535,0.9969,0.99716,1.00,1.50
2016.08.05 05:09:23.334,0.9969,0.99716,1.00,1.00
2016.08.05 05:09:23.536,0.99688,0.99715,1.50,1.75
2016.08.05 05:09:23.654,0.99686,0.99712,1.75,1.00
2016.08.05 05:09:23.754,0.99684,0.9971,4.12,1.00
2016.08.05 05:09:23.855,0.99684,0.9971,1.00,1.50
2016.08.05 05:09:23.957,0.99683,0.9971,1.50,1.00
2016.08.05 05:09:24.008,0.99683,0.9971,1.12,1.00
2016.08.05 05:09:24.058,0.99687,0.99713,1.00,1.00
2016.08.05 05:09:24.109,0.99688,0.99713,1.00,1.00
2016.08.05 05:09:24.160,0.99688,0.99713,2.25,1.00
2016.08.05 05:09:24.420,0.99688,0.99713,1.50,1.00
2016.08.05 05:09:26.718,0.99686,0.99713,1.75,1.00
2016.08.05 05:09:26.789,0.99686,0.99713,1.75,1.00
2016.08.05 05:09:26.840,0.99686,0.99713,2.25,1.00
2016.08.05 05:09:26.891,0.99686,0.99713,2.25,1.00
2016.08.05 05:09:27.014,0.99686,0.99713,1.75,1.00
2016.08.05 05:09:28.110,0.99686,0.99712,1.75,1.00
2016.08.05 05:09:31.825,0.99686,0.99712,2.25,1.00
2016.08.05 05:09:31.875,0.99686,0.99714,1.75,1.00
2016.08.05 05:09:31.976,0.99686,0.99714,3.37,1.00
2016.08.05 05:09:32.080,0.99686,0.99715,4.12,1.00
2016.08.05 05:09:32.816,0.99686,0.99715,3.37,1.00
2016.08.05 05:09:32.867,0.99688,0.99716,1.75,1.50
2016.08.05 05:09:32.918,0.99688,0.99716,1.75,1.50
2016.08.05 05:09:33.024,0.99689,0.99716,1.75,1.00
2016.08.05 05:09:33.250,0.99689,0.99716,1.75,1.50
2016.08.05 05:09:33.301,0.99689,0.99716,1.75,1.50
2016.08.05 05:09:33.700,0.99689,0.99716,1.75,1.50
2016.08.05 05:09:36.123,0.99688,0.99716,1.75,1.50
2016.08.05 05:09:36.335,0.99689,0.99716,1.75,1.50
2016.08.05 05:09:36.385,0.99689,0.99715,1.75,1.00
2016.08.05 05:09:36.486,0.99688,0.99712,1.00,1.00
2016.08.05 05:09:36.643,0.99687,0.99712,1.00,1.00
2016.08.05 05:09:37.938,0.99687,0.99712,1.00,1.50
2016.08.05 05:09:43.162,0.99689,0.99715,1.50,1.12
2016.08.05 05:09:43.263,0.99691,0.99717,2.25,1.00
2016.08.05 05:09:43.364,0.99692,0.99716,1.00,1.50
2016.08.05 05:09:43.465,0.99686,0.99715,1.75,1.12
2016.08.05 05:09:43.516,0.99686,0.99715,1.75,1.12
2016.08.05 05:09:43.667,0.99686,0.99711,1.75,1.00
2016.08.05 05:09:44.039,0.99685,0.99711,1.75,1.00
2016.08.05 05:09:44.291,0.99685,0.99711,2.25,1.50
2016.08.05 05:09:44.939,0.99685,0.99711,1.75,1.50
2016.08.05 05:09:46.088,0.99688,0.99711,1.12,1.00
2016.08.05 05:09:46.189,0.99687,0.99711,1.50,1.00
2016.08.05 05:09:46.239,0.99687,0.99711,1.50,1.00
2016.08.05 05:09:46.416,0.99687,0.99711,1.50,1.00
2016.08.05 05:09:50.171,0.99691,0.99717,1.12,1.75
2016.08.05 05:09:50.222,0.99691,0.99717,1.12,1.75
2016.08.05 05:09:50.272,0.99694,0.99716,1.75,1.00
2016.08.05 05:09:50.460,0.99694,0.99721,2.25,1.50
2016.08.05 05:09:50.511,0.99694,0.99719,1.75,1.00
2016.08.05 05:09:51.177,0.99693,0.99712,1.75,1.00
2016.08.05 05:09:52.059,0.99693,0.99711,1.75,1.00
2016.08.05 05:09:52.180,0.99687,0.99711,1.87,1.00
2016.08.05 05:09:52.382,0.99686,0.99706,1.75,1.00
2016.08.05 05:09:52.433,0.99686,0.99706,1.75,1.00
2016.08.05 05:09:52.483,0.99686,0.99706,2.62,1.00
2016.08.05 05:09:52.584,0.99686,0.99706,2.25,1.00
2016.08.05 05:09:52.981,0.99686,0.99706,2.62,1.00
2016.08.05 05:09:53.484,0.99686,0.99706,1.75,1.00
2016.08.05 05:09:53.926,0.99686,0.99706,1.75,1.00
2016.08.05 05:09:54.472,0.99686,0.99706,1.37,1.00
2016.08.05 05:09:58.261,0.99686,0.9971,1.75,1.00
2016.08.05 05:09:58.311,0.99687,0.9971,1.12,1.00
2016.08.05 05:09:58.362,0.99693,0.99712,1.00,1.00
2016.08.05 05:09:58.412,0.99694,0.99712,1.00,1.00
2016.08.05 05:09:59.014,0.99691,0.99712,2.25,1.00
2016.08.05 05:09:59.065,0.99691,0.99712,1.50,1.00
2016.08.05 05:09:59.166,0.99691,0.99716,1.12,1.12
2016.08.05 05:09:59.217,0.99691,0.99715,1.00,1.00
2016.08.05 05:09:59.268,0.99689,0.99715,1.00,1.50
2016.08.05 05:09:59.419,0.99688,0.99715,1.00,1.75
2016.08.05 05:09:59.470,0.99687,0.99711,1.12,1.00
2016.08.05 05:10:00.408,0.99688,0.99711,1.00,1.00
2016.08.05 05:10:00.904,0.99687,0.99711,1.12,1.00
2016.08.05 05:10:01.061,0.99685,0.99711,1.75,1.00
2016.08.05 05:10:04.345,0.99685,0.99711,1.75,1.00
2016.08.05 05:10:04.395,0.99687,0.99711,1.12,1.00
2016.08.05 05:10:04.698,0.99687,0.99712,2.25,1.00
2016.08.05 05:10:04.748,0.99687,0.99712,2.25,1.00
2016.08.05 05:10:04.799,0.99688,0.99712,1.87,1.00
2016.08.05 05:10:05.001,0.99688,0.99717,2.62,1.87
2016.08.05 05:10:11.954,0.99688,0.99717,2.62,1.87
2016.08.05 05:10:12.083,0.9969,0.99717,1.37,1.37
2016.08.05 05:10:12.134,0.9969,0.99717,1.50,1.37
2016.08.05 05:10:26.120,0.9969,0.99717,1.37,1.37
2016.08.05 05:10:27.359,0.9969,0.99717,1.50,1.37
2016.08.05 05:10:29.276,0.9969,0.99717,1.87,1.00
2016.08.05 05:10:29.326,0.99691,0.99717,1.75,1.00
2016.08.05 05:10:29.377,0.99691,0.99717,1.75,1.00
2016.08.05 05:10:29.427,0.99689,0.99717,1.75,1.00
2016.08.05 05:10:29.478,0.99691,0.99717,1.00,1.50
2016.08.05 05:10:29.529,0.99691,0.99717,1.00,1.87
2016.08.05 05:10:29.630,0.99691,0.99715,1.00,1.00
2016.08.05 05:10:33.841,0.99689,0.99715,1.37,1.37
2016.08.05 05:10:33.892,0.99689,0.99715,1.00,1.75
2016.08.05 05:10:33.993,0.99687,0.99712,1.37,1.00
2016.08.05 05:10:34.043,0.99684,0.99712,1.37,1.12
2016.08.05 05:10:34.094,0.99683,0.9971,1.87,1.12
2016.08.05 05:10:34.144,0.99687,0.9971,1.00,1.00
2016.08.05 05:10:34.195,0.99687,0.99714,1.00,1.00
2016.08.05 05:10:34.431,0.99687,0.99711,1.87,1.00
2016.08.05 05:10:34.481,0.99688,0.99711,1.12,1.00
2016.08.05 05:10:34.532,0.99688,0.99711,1.12,1.00
2016.08.05 05:10:34.582,0.99688,0.99711,1.12,1.00
2016.08.05 05:10:34.633,0.99688,0.99711,1.87,1.00
2016.08.05 05:10:34.983,0.99689,0.99716,1.50,2.25
2016.08.05 05:10:36.454,0.99692,0.99716,1.00,1.50
2016.08.05 05:10:45.326,0.99692,0.99716,1.00,1.00
2016.08.05 05:10:45.377,0.99692,0.99716,1.00,1.12
2016.08.05 05:10:45.428,0.99692,0.99716,1.00,1.12
2016.08.05 05:10:45.529,0.99692,0.99711,1.00,1.00
2016.08.05 05:10:45.730,0.99692,0.99716,1.00,1.00
2016.08.05 05:10:58.928,0.99692,0.99711,1.00,1.00
2016.08.05 05:10:59.279,0.99689,0.99711,1.75,1.00
2016.08.05 05:10:59.329,0.99689,0.99711,1.37,1.00
2016.08.05 05:11:13.707,0.99689,0.99711,1.50,1.00
2016.08.05 05:11:13.758,0.99689,0.99715,2.25,1.12
2016.08.05 05:11:13.808,0.99689,0.99715,1.87,1.12
2016.08.05 05:11:14.199,0.99689,0.99715,2.25,1.12
2016.08.05 05:11:17.865,0.99689,0.99715,1.50,1.12
2016.08.05 05:11:17.916,0.99689,0.99715,1.00,1.12
2016.08.05 05:11:18.067,0.99686,0.99711,1.75,1.00
2016.08.05 05:11:18.118,0.99687,0.99711,1.37,1.00
2016.08.05 05:11:18.169,0.99687,0.99711,1.37,1.00
2016.08.05 05:11:18.220,0.99688,0.99711,1.00,1.00
2016.08.05 05:11:18.321,0.99688,0.99715,1.50,1.12
2016.08.05 05:11:18.473,0.99688,0.99715,1.50,1.12
2016.08.05 05:11:18.807,0.99687,0.99711,1.12,1.00
2016.08.05 05:11:26.582,0.99686,0.99711,2.62,1.00
2016.08.05 05:11:27.326,0.99689,0.99715,1.37,1.12
2016.08.05 05:11:27.376,0.99689,0.99715,1.37,1.12
2016.08.05 05:11:27.427,0.99686,0.99715,2.62,1.12
2016.08.05 05:11:27.478,0.99686,0.99715,2.62,1.12
2016.08.05 05:11:27.528,0.99687,0.99715,1.75,1.50
2016.08.05 05:11:27.579,0.99687,0.99713,1.75,1.00
2016.08.05 05:11:27.680,0.99687,0.99711,2.25,1.00
2016.08.05 05:11:27.730,0.99687,0.99714,2.62,1.00
2016.08.05 05:11:27.781,0.99687,0.99714,2.62,1.00
2016.08.05 05:11:27.831,0.99687,0.99711,2.25,1.00
2016.08.05 05:11:27.882,0.99687,0.99711,1.75,1.00
2016.08.05 05:11:27.983,0.99687,0.99711,2.25,1.00
2016.08.05 05:11:28.034,0.99687,0.99714,2.25,1.00
2016.08.05 05:11:28.085,0.99687,0.99714,1.75,1.00
2016.08.05 05:11:28.135,0.99686,0.99713,2.25,1.00
2016.08.05 05:11:28.187,0.99687,0.99713,1.75,1.00
2016.08.05 05:11:28.429,0.99687,0.99711,1.87,1.00
2016.08.05 05:11:28.785,0.99687,0.99712,1.75,1.00
2016.08.05 05:11:33.089,0.99687,0.99712,1.87,1.00
2016.08.05 05:11:39.196,0.99687,0.99712,1.87,1.00
2016.08.05 05:11:39.246,0.99688,0.99712,1.00,1.00
2016.08.05 05:11:48.275,0.99688,0.99715,1.00,1.50
2016.08.05 05:11:48.488,0.99688,0.99712,1.00,1.00
2016.08.05 05:11:48.589,0.99688,0.99715,1.00,1.50
2016.08.05 05:11:48.642,0.99688,0.99715,1.00,1.50
2016.08.05 05:11:48.793,0.99689,0.99715,1.00,1.50
2016.08.05 05:11:52.614,0.99689,0.99715,1.12,1.50
2016.08.05 05:11:55.116,0.99689,0.99715,1.00,1.50
2016.08.05 05:11:57.158,0.99689,0.99714,1.00,1.00
2016.08.05 05:11:59.171,0.99689,0.99714,1.50,1.00
2016.08.05 05:12:18.574,0.99689,0.99716,1.50,2.25
2016.08.05 05:12:20.799,0.99689,0.99716,1.50,1.50
2016.08.05 05:12:20.849,0.99689,0.99716,1.50,1.87
2016.08.05 05:12:20.900,0.99689,0.99713,1.50,1.00
2016.08.05 05:12:21.001,0.99689,0.99713,1.00,1.00
2016.08.05 05:12:21.203,0.99689,0.99714,1.50,1.00
2016.08.05 05:12:21.547,0.99689,0.99714,1.87,1.00
2016.08.05 05:12:21.648,0.99689,0.99714,1.50,1.00
2016.08.05 05:12:30.478,0.99693,0.99714,1.00,1.00
2016.08.05 05:12:30.878,0.99689,0.99714,1.00,1.00
2016.08.05 05:12:31.561,0.99689,0.99714,1.12,1.00
2016.08.05 05:12:34.615,0.99688,0.99714,1.50,1.50
2016.08.05 05:12:34.781,0.99693,0.99714,1.00,1.50
2016.08.05 05:12:36.622,0.99688,0.99714,1.12,1.50
2016.08.05 05:12:36.723,0.99688,0.99713,1.12,1.12
2016.08.05 05:12:36.824,0.99687,0.99714,1.50,1.50
2016.08.05 05:12:36.875,0.99687,0.99714,1.50,1.50
2016.08.05 05:12:36.983,0.99688,0.99714,1.12,1.50
2016.08.05 05:12:38.184,0.99689,0.99714,1.00,1.50
2016.08.05 05:12:48.625,0.99689,0.99713,1.00,1.00
2016.08.05 05:12:48.683,0.99689,0.99714,1.00,1.50
2016.08.05 05:12:48.834,0.99689,0.99715,1.00,1.75
2016.08.05 05:12:49.973,0.99689,0.99715,1.12,1.37
2016.08.05 05:12:57.802,0.99689,0.99715,1.12,1.37
2016.08.05 05:12:58.703,0.99689,0.99715,1.12,1.37
2016.08.05 05:12:58.754,0.99689,0.99716,1.12,1.50
2016.08.05 05:13:10.006,0.99689,0.99716,1.12,1.75
2016.08.05 05:13:10.075,0.99694,0.99718,1.00,1.87
2016.08.05 05:13:10.622,0.99694,0.99717,1.00,1.75
2016.08.05 05:13:10.815,0.9969,0.99716,1.00,1.75
2016.08.05 05:13:11.265,0.99694,0.99718,1.00,2.62
2016.08.05 05:13:11.415,0.99694,0.99717,1.00,1.12
2016.08.05 05:13:11.465,0.99694,0.99716,1.00,1.75
2016.08.05 05:13:15.872,0.99694,0.99716,1.00,1.75
2016.08.05 05:13:16.320,0.9969,0.99716,1.00,1.75
2016.08.05 05:13:16.973,0.99688,0.99715,2.25,1.50
2016.08.05 05:13:17.323,0.99688,0.99715,2.62,1.50
2016.08.05 05:13:22.663,0.99694,0.99715,1.00,1.50
2016.08.05 05:13:24.457,0.99694,0.99716,1.00,1.75
2016.08.05 05:13:24.851,0.99694,0.99715,1.00,1.50
2016.08.05 05:13:24.959,0.99694,0.99714,1.00,1.12
2016.08.05 05:13:25.159,0.99694,0.99715,1.00,1.50
2016.08.05 05:13:25.260,0.99694,0.99716,1.00,1.75
2016.08.05 05:13:26.262,0.99689,0.99716,1.12,2.25
2016.08.05 05:13:29.205,0.99693,0.99716,1.00,1.75
2016.08.05 05:13:29.568,0.99694,0.99718,1.00,1.75
2016.08.05 05:13:29.619,0.99694,0.99718,1.00,1.50
2016.08.05 05:13:29.669,0.99695,0.99718,1.00,1.00
2016.08.05 05:13:29.720,0.99697,0.99721,1.00,1.50
2016.08.05 05:13:29.771,0.99697,0.99721,1.00,1.00
2016.08.05 05:13:30.486,0.99697,0.99721,1.00,1.50
2016.08.05 05:13:34.445,0.99697,0.99721,1.00,1.00
2016.08.05 05:13:34.729,0.99695,0.99721,1.12,1.37
2016.08.05 05:13:34.779,0.99694,0.99721,1.87,1.87
2016.08.05 05:13:34.881,0.99694,0.9972,1.37,1.50
2016.08.05 05:13:34.982,0.99694,0.99718,1.37,1.00
2016.08.05 05:13:35.779,0.99693,0.99718,1.50,1.00
2016.08.05 05:13:35.880,0.99693,0.99717,1.50,1.00
2016.08.05 05:13:36.032,0.99693,0.99717,1.00,1.50
2016.08.05 05:13:36.385,0.99694,0.99715,1.00,1.00
2016.08.05 05:13:36.682,0.99694,0.99717,1.00,1.50
2016.08.05 05:13:36.732,0.99694,0.99717,1.50,1.00
2016.08.05 05:13:36.783,0.99694,0.99717,1.00,1.00
2016.08.05 05:13:36.944,0.99694,0.99719,1.00,1.00
2016.08.05 05:13:36.995,0.99696,0.99721,1.00,1.50
2016.08.05 05:13:37.046,0.99696,0.99721,1.75,1.00
2016.08.05 05:13:37.097,0.99696,0.99721,1.75,1.00
2016.08.05 05:13:37.249,0.99698,0.99721,1.37,1.00
2016.08.05 05:13:38.750,0.99698,0.9972,1.00,1.00
2016.08.05 05:13:38.851,0.99698,0.9972,1.12,1.00
2016.08.05 05:13:49.575,0.99698,0.99721,1.12,1.00
2016.08.05 05:13:51.260,0.99698,0.99722,1.12,1.00
2016.08.05 05:13:51.361,0.99694,0.99722,2.25,1.00
2016.08.05 05:13:51.412,0.99694,0.99722,3.00,1.00
2016.08.05 05:13:51.462,0.99697,0.99724,1.50,1.87
2016.08.05 05:13:51.513,0.99697,0.99724,1.50,1.50
2016.08.05 05:13:51.666,0.99697,0.99724,2.62,1.00
2016.08.05 05:13:51.717,0.99699,0.99725,2.25,1.00
2016.08.05 05:13:51.768,0.99699,0.99725,1.75,1.00
2016.08.05 05:13:52.059,0.99699,0.99725,2.25,1.00
2016.08.05 05:13:52.369,0.99699,0.99725,1.75,1.00
2016.08.05 05:13:54.171,0.997,0.99727,1.50,2.25
2016.08.05 05:13:56.285,0.997,0.99727,1.50,2.25
2016.08.05 05:13:56.780,0.997,0.99726,1.50,1.00
2016.08.05 05:13:56.831,0.997,0.99726,1.50,1.00
2016.08.05 05:13:56.983,0.99699,0.99725,1.75,1.00
2016.08.05 05:13:58.407,0.99699,0.99727,1.75,1.12
2016.08.05 05:14:00.241,0.99699,0.99727,1.75,1.50
2016.08.05 05:14:00.291,0.99699,0.99727,1.75,1.50
2016.08.05 05:14:00.392,0.99699,0.99725,1.75,1.00
2016.08.05 05:14:01.095,0.99699,0.99725,1.75,1.00
2016.08.05 05:14:01.204,0.997,0.99727,1.12,1.87
2016.08.05 05:14:09.391,0.997,0.99727,1.12,2.25
2016.08.05 05:14:09.492,0.997,0.99727,1.12,1.87
2016.08.05 05:14:09.641,0.99699,0.99725,2.25,1.00
2016.08.05 05:14:13.504,0.997,0.99726,1.12,1.00
2016.08.05 05:14:14.614,0.997,0.99726,1.12,1.00
2016.08.05 05:14:16.461,0.997,0.99726,1.12,1.00
2016.08.05 05:14:16.910,0.997,0.99726,1.50,1.00
2016.08.05 05:14:25.089,0.997,0.99727,1.50,1.87
2016.08.05 05:14:25.189,0.997,0.99721,1.50,1.00
2016.08.05 05:14:25.790,0.997,0.99726,1.50,1.00
2016.08.05 05:14:25.840,0.99699,0.99726,1.75,1.50
2016.08.05 05:14:25.992,0.99699,0.99721,1.75,1.00
2016.08.05 05:14:26.220,0.99697,0.99721,4.12,1.00
2016.08.05 05:14:26.527,0.99698,0.99721,1.75,1.00
2016.08.05 05:14:26.943,0.99697,0.99721,2.62,1.00
2016.08.05 05:14:29.835,0.99697,0.99721,2.62,1.00
2016.08.05 05:14:29.998,0.99695,0.99721,2.25,1.00
2016.08.05 05:14:34.233,0.99696,0.99721,1.75,1.00
2016.08.05 05:14:36.947,0.99696,0.99721,1.75,1.00
2016.08.05 05:14:37.048,0.99695,0.99721,2.25,1.00
2016.08.05 05:14:37.250,0.99695,0.99721,1.75,1.50
2016.08.05 05:14:38.145,0.99696,0.99721,1.75,1.50
2016.08.05 05:14:38.296,0.99696,0.99721,1.75,1.00
2016.08.05 05:14:40.341,0.99695,0.99721,2.25,1.00
2016.08.05 05:14:41.352,0.99695,0.99721,2.25,1.00
2016.08.05 05:14:42.745,0.99697,0.99721,1.12,1.00
2016.08.05 05:14:44.290,0.99699,0.99724,1.12,1.12
2016.08.05 05:14:44.448,0.997,0.99726,1.00,1.75
2016.08.05 05:14:44.498,0.997,0.99726,1.00,1.75
2016.08.05 05:14:44.549,0.99703,0.99726,1.00,1.00
2016.08.05 05:14:44.650,0.99699,0.99726,3.37,1.00
2016.08.05 05:14:44.751,0.99704,0.99728,1.12,1.00
2016.08.05 05:14:45.007,0.99701,0.99727,1.75,1.00
2016.08.05 05:14:45.210,0.997,0.99727,1.75,1.00
2016.08.05 05:14:46.153,0.99702,0.99727,1.75,1.00
2016.08.05 05:14:46.203,0.99702,0.99727,1.75,1.00
2016.08.05 05:14:47.024,0.99702,0.99726,1.75,1.00
2016.08.05 05:14:48.056,0.99703,0.99726,1.50,1.00
2016.08.05 05:14:48.157,0.99703,0.99727,1.50,1.50
2016.08.05 05:14:49.558,0.99702,0.99727,1.75,1.50
2016.08.05 05:14:49.659,0.99702,0.99727,1.75,1.00
2016.08.05 05:14:49.926,0.99702,0.99727,1.75,1.50
2016.08.05 05:14:51.460,0.99703,0.99727,1.50,1.50
2016.08.05 05:14:58.368,0.99702,0.99727,1.75,1.50
2016.08.05 05:15:00.745,0.99704,0.99727,1.00,1.50
2016.08.05 05:15:00.796,0.99702,0.99727,1.75,1.50
2016.08.05 05:15:02.373,0.99703,0.99727,1.75,1.50
2016.08.05 05:15:05.184,0.99703,0.99727,1.75,1.00
2016.08.05 05:15:05.376,0.99702,0.99727,2.25,1.00
2016.08.05 05:15:05.577,0.99705,0.99727,1.12,1.00
2016.08.05 05:15:05.628,0.99705,0.99727,1.12,1.00
2016.08.05 05:15:05.679,0.99705,0.99727,1.75,1.00
2016.08.05 05:15:10.162,0.99705,0.99731,1.75,1.50
2016.08.05 05:15:10.659,0.99707,0.99732,1.75,1.00
2016.08.05 05:15:10.709,0.99708,0.99732,1.12,1.00
2016.08.05 05:15:10.810,0.99708,0.99732,1.37,1.00
2016.08.05 05:15:10.861,0.99708,0.99731,1.87,1.00
2016.08.05 05:15:10.911,0.99708,0.99731,1.50,1.00
2016.08.05 05:15:11.083,0.99708,0.99731,1.87,1.00
2016.08.05 05:15:11.220,0.99708,0.99731,1.50,1.00
2016.08.05 05:15:13.086,0.99708,0.99731,1.87,1.00
2016.08.05 05:15:13.887,0.99708,0.99731,1.50,1.00
2016.08.05 05:15:14.742,0.99708,0.99735,1.50,1.50
2016.08.05 05:15:14.843,0.99706,0.99735,1.75,1.50
2016.08.05 05:15:14.944,0.99706,0.99732,1.75,1.00
2016.08.05 05:15:15.262,0.99705,0.99731,1.75,1.50
2016.08.05 05:15:15.795,0.99704,0.99731,3.37,1.50
2016.08.05 05:15:15.890,0.99705,0.99731,1.75,1.50
2016.08.05 05:15:19.205,0.99704,0.99731,2.25,1.50
2016.08.05 05:15:27.055,0.99704,0.99726,1.50,1.00
2016.08.05 05:15:27.106,0.99704,0.99726,1.87,1.00
2016.08.05 05:15:28.045,0.99704,0.99731,2.62,1.50
2016.08.05 05:15:28.145,0.99704,0.99726,1.87,1.00
2016.08.05 05:15:29.308,0.99704,0.99726,1.50,1.00
2016.08.05 05:15:29.827,0.99704,0.99726,1.50,1.00
2016.08.05 05:15:33.124,0.99704,0.99726,1.50,1.00
2016.08.05 05:15:37.993,0.99702,0.99726,2.25,1.00
2016.08.05 05:15:38.332,0.99702,0.99726,2.25,1.00
2016.08.05 05:15:39.254,0.99702,0.99726,1.75,1.00
2016.08.05 05:16:00.396,0.99702,0.99726,1.75,1.00
2016.08.05 05:16:04.412,0.99702,0.99726,2.25,1.00
2016.08.05 05:16:05.414,0.99702,0.99726,2.25,1.00
2016.08.05 05:16:11.574,0.99702,0.99726,2.25,1.00
2016.08.05 05:16:17.688,0.99702,0.99726,1.75,1.00
2016.08.05 05:16:18.282,0.99702,0.99726,1.75,1.00
2016.08.05 05:16:18.333,0.99699,0.99722,2.62,1.00
2016.08.05 05:16:18.383,0.99699,0.99722,2.25,1.00
2016.08.05 05:16:18.434,0.99698,0.99724,1.00,1.12
2016.08.05 05:16:18.485,0.99695,0.99722,1.50,1.50
2016.08.05 05:16:18.610,0.99692,0.99719,1.50,1.50
2016.08.05 05:16:18.711,0.9969,0.99718,1.75,1.12
2016.08.05 05:16:18.833,0.9969,0.99717,1.87,1.00
2016.08.05 05:16:18.934,0.99691,0.99717,1.75,1.00
2016.08.05 05:16:19.210,0.99693,0.99717,1.12,1.00
2016.08.05 05:16:19.877,0.99692,0.99717,1.12,1.00
2016.08.05 05:16:20.344,0.99691,0.99718,1.87,1.00
2016.08.05 05:16:20.394,0.99691,0.99718,1.50,1.50
2016.08.05 05:16:20.445,0.99689,0.99716,1.75,1.00
2016.08.05 05:16:20.495,0.99689,0.99716,1.50,1.87
2016.08.05 05:16:20.546,0.99689,0.99715,1.50,1.00
2016.08.05 05:16:20.647,0.99691,0.99716,1.12,1.12
2016.08.05 05:16:20.698,0.99691,0.99716,1.87,1.00
2016.08.05 05:16:23.913,0.99692,0.99716,1.12,1.00
2016.08.05 05:16:24.015,0.99693,0.99719,1.87,1.00
2016.08.05 05:16:24.232,0.99693,0.99719,1.75,1.00
2016.08.05 05:16:27.294,0.99693,0.99719,1.75,1.00
2016.08.05 05:16:28.409,0.99694,0.9972,1.87,1.12
2016.08.05 05:16:29.044,0.99694,0.9972,1.50,1.12
2016.08.05 05:16:31.103,0.99694,0.9972,1.87,1.12
2016.08.05 05:16:31.429,0.99695,0.9972,1.00,1.12
2016.08.05 05:16:31.530,0.99693,0.9972,1.87,1.12
2016.08.05 05:16:32.605,0.99693,0.99716,1.12,1.00
2016.08.05 05:16:39.245,0.99692,0.99716,1.12,1.00
2016.08.05 05:16:46.722,0.99693,0.9972,1.75,1.00
2016.08.05 05:16:46.823,0.99691,0.99719,1.87,1.00
2016.08.05 05:16:46.874,0.9969,0.99719,1.75,1.37
2016.08.05 05:16:46.925,0.99689,0.99718,1.75,1.12
2016.08.05 05:16:46.975,0.99689,0.99718,2.25,1.12
2016.08.05 05:16:47.076,0.99689,0.99718,1.75,1.12
2016.08.05 05:16:47.127,0.99689,0.99716,1.75,1.50
2016.08.05 05:16:47.177,0.99689,0.99716,2.25,1.50
2016.08.05 05:16:50.073,0.99689,0.99716,1.75,1.50
2016.08.05 05:16:50.123,0.99688,0.99716,4.87,1.00
2016.08.05 05:16:50.174,0.99688,0.99716,4.12,1.00
2016.08.05 05:16:50.224,0.99688,0.99715,3.37,1.00
2016.08.05 05:16:50.275,0.99688,0.99715,1.75,1.00
2016.08.05 05:16:50.326,0.99688,0.99715,1.75,1.00
2016.08.05 05:16:50.427,0.99687,0.99711,1.75,1.00
2016.08.05 05:16:50.723,0.99687,0.99711,1.75,1.00
2016.08.05 05:16:52.023,0.99689,0.99714,1.50,1.00
2016.08.05 05:16:59.226,0.99689,0.99714,1.37,1.00
2016.08.05 05:16:59.277,0.99689,0.99714,1.12,1.12
2016.08.05 05:17:07.960,0.99689,0.99714,1.12,1.12
2016.08.05 05:17:13.676,0.99689,0.99714,1.75,1.00
2016.08.05 05:17:13.777,0.99689,0.99716,1.75,1.50
2016.08.05 05:17:15.781,0.99689,0.99716,1.00,1.50
2016.08.05 05:17:15.882,0.99689,0.99715,1.00,1.00
2016.08.05 05:17:16.084,0.99688,0.99714,1.00,1.75
2016.08.05 05:17:16.485,0.99688,0.99714,1.00,1.75
2016.08.05 05:17:16.752,0.99688,0.99714,1.00,1.75
2016.08.05 05:17:20.549,0.99688,0.99712,1.00,1.12
2016.08.05 05:17:20.650,0.99684,0.99712,2.25,1.12
2016.08.05 05:17:20.701,0.99684,0.99712,2.25,1.12
2016.08.05 05:17:20.752,0.99684,0.99711,2.25,1.50
2016.08.05 05:17:20.894,0.99684,0.99711,1.50,1.87
2016.08.05 05:17:20.947,0.99684,0.99711,1.50,2.25
2016.08.05 05:17:20.998,0.99684,0.9971,1.50,1.50
2016.08.05 05:17:21.301,0.99683,0.99711,1.12,1.75
2016.08.05 05:17:21.351,0.99684,0.99711,1.50,1.75
2016.08.05 05:17:21.402,0.99684,0.99711,1.87,1.75
2016.08.05 05:17:21.452,0.99684,0.99711,1.87,2.25
2016.08.05 05:17:21.503,0.99684,0.99711,1.50,2.25
2016.08.05 05:17:21.553,0.99684,0.9971,1.50,1.50
2016.08.05 05:17:21.705,0.99685,0.9971,1.00,1.00
2016.08.05 05:17:21.806,0.99685,0.9971,1.00,1.00
2016.08.05 05:17:21.856,0.99685,0.99711,1.00,1.50
2016.08.05 05:17:21.907,0.99685,0.99711,1.00,1.50
2016.08.05 05:17:23.354,0.99685,0.99711,1.00,1.00
2016.08.05 05:17:23.405,0.99684,0.99711,1.12,1.75
2016.08.05 05:17:23.556,0.99683,0.9971,1.50,1.75
2016.08.05 05:17:24.407,0.99683,0.9971,1.50,1.75
2016.08.05 05:17:31.270,0.99683,0.9971,1.50,1.75
2016.08.05 05:17:32.513,0.99683,0.9971,1.75,1.12
2016.08.05 05:17:49.980,0.99684,0.9971,1.00,1.00
2016.08.05 05:17:52.805,0.99684,0.99711,1.50,1.50
2016.08.05 05:17:53.124,0.99684,0.99711,1.87,1.50
2016.08.05 05:17:53.241,0.99686,0.99713,1.75,1.37
2016.08.05 05:17:53.292,0.99691,0.9972,1.12,2.62
2016.08.05 05:17:53.343,0.99691,0.99719,1.75,1.37
2016.08.05 05:17:53.445,0.99695,0.9972,1.00,1.00
2016.08.05 05:17:53.495,0.99695,0.99719,1.00,1.00
2016.08.05 05:17:53.748,0.9969,0.99717,2.25,1.00
2016.08.05 05:17:53.849,0.9969,0.99716,1.50,1.00
2016.08.05 05:17:53.899,0.9969,0.99713,1.00,1.00
2016.08.05 05:17:54.051,0.99685,0.99712,1.12,1.12
2016.08.05 05:17:54.102,0.99685,0.99711,1.12,1.00
2016.08.05 05:17:54.212,0.99686,0.99711,1.50,1.00
2016.08.05 05:17:54.345,0.99687,0.99711,1.00,1.00
2016.08.05 05:17:54.814,0.99687,0.99711,1.00,1.00
2016.08.05 05:17:54.865,0.99685,0.99711,1.75,1.00
2016.08.05 05:17:54.916,0.99684,0.99711,1.75,1.50
2016.08.05 05:17:54.966,0.99684,0.9971,1.00,1.00
2016.08.05 05:17:55.218,0.99683,0.9971,1.87,1.00
2016.08.05 05:17:55.817,0.99684,0.9971,1.00,1.00
2016.08.05 05:17:56.120,0.99683,0.9971,1.50,1.00
2016.08.05 05:17:56.221,0.99685,0.9971,1.00,1.00
2016.08.05 05:17:56.272,0.99685,0.99711,1.50,1.12
2016.08.05 05:17:56.524,0.99685,0.99712,1.50,1.87
2016.08.05 05:17:57.381,0.99685,0.99707,1.50,1.00
2016.08.05 05:17:58.427,0.99685,0.99711,1.50,1.12
2016.08.05 05:17:58.749,0.99685,0.99711,1.75,1.12
2016.08.05 05:17:58.869,0.99685,0.99711,1.75,1.00
2016.08.05 05:17:58.919,0.99687,0.99711,1.75,1.00
2016.08.05 05:17:59.128,0.99686,0.99711,2.25,1.00
2016.08.05 05:18:02.355,0.99686,0.99711,2.25,1.00
2016.08.05 05:18:03.292,0.99686,0.99711,1.75,1.00
2016.08.05 05:18:03.342,0.99686,0.99711,1.75,1.00
2016.08.05 05:18:09.068,0.99684,0.99711,4.12,1.00
2016.08.05 05:18:09.118,0.99684,0.99711,4.12,1.50
2016.08.05 05:18:09.169,0.99684,0.99711,5.25,1.50
2016.08.05 05:18:09.220,0.99684,0.99711,5.25,1.00
2016.08.05 05:18:09.320,0.99687,0.99711,1.75,1.00
2016.08.05 05:18:19.190,0.99688,0.99711,1.00,1.00
2016.08.05 05:18:19.257,0.99687,0.99711,1.37,1.00
2016.08.05 05:18:38.043,0.99687,0.99712,1.37,1.00
2016.08.05 05:18:54.725,0.99687,0.99712,1.75,1.00
2016.08.05 05:19:01.944,0.99685,0.99712,1.75,1.50
2016.08.05 05:19:01.995,0.99685,0.99711,1.75,1.00
2016.08.05 05:19:02.279,0.99684,0.99711,1.75,1.37
2016.08.05 05:19:02.330,0.99684,0.99711,1.50,1.87
2016.08.05 05:19:02.380,0.99682,0.99707,1.75,1.00
2016.08.05 05:19:02.438,0.99681,0.99707,2.62,1.00
2016.08.05 05:19:02.489,0.99681,0.99707,2.62,1.00
2016.08.05 05:19:02.540,0.99681,0.99707,2.25,1.00
2016.08.05 05:19:07.304,0.99681,0.99707,2.62,1.00
2016.08.05 05:19:08.505,0.99681,0.99707,1.75,1.00
2016.08.05 05:19:09.918,0.99681,0.99707,2.25,1.00
2016.08.05 05:19:10.720,0.99681,0.99707,2.62,1.00
2016.08.05 05:19:19.251,0.99682,0.99707,1.12,1.00
2016.08.05 05:19:19.302,0.99682,0.99707,1.87,1.00
2016.08.05 05:19:19.353,0.99684,0.99707,1.12,1.00
2016.08.05 05:19:19.404,0.99684,0.9971,1.87,1.50
2016.08.05 05:19:19.694,0.99684,0.99711,1.87,2.62
2016.08.05 05:19:20.020,0.99684,0.9971,1.87,1.37
2016.08.05 05:19:22.050,0.99684,0.99711,1.87,2.25
2016.08.05 05:19:22.155,0.99684,0.9971,1.12,1.50
2016.08.05 05:19:22.206,0.99683,0.99706,1.50,1.00
2016.08.05 05:19:23.059,0.99683,0.9971,2.25,1.50
2016.08.05 05:19:24.426,0.99683,0.9971,2.25,1.87
2016.08.05 05:19:25.928,0.99683,0.99709,2.25,1.00
2016.08.05 05:19:26.028,0.99683,0.9971,2.25,1.87
2016.08.05 05:19:27.323,0.99683,0.9971,2.25,1.87
2016.08.05 05:19:29.131,0.99683,0.9971,2.25,1.50
2016.08.05 05:19:31.628,0.99683,0.9971,2.25,1.50
2016.08.05 05:19:32.973,0.99683,0.9971,2.25,1.50
2016.08.05 05:19:33.595,0.99683,0.99707,1.50,1.00
2016.08.05 05:19:34.031,0.99683,0.99707,1.50,1.00
2016.08.05 05:19:35.699,0.99684,0.9971,1.12,1.00
2016.08.05 05:19:39.845,0.99684,0.9971,1.12,1.37
2016.08.05 05:19:41.193,0.99684,0.9971,1.12,1.00
2016.08.05 05:19:42.995,0.99684,0.9971,1.12,1.12
2016.08.05 05:19:43.046,0.99683,0.99706,1.50,1.00
2016.08.05 05:19:44.852,0.99683,0.99706,1.50,1.00
2016.08.05 05:19:45.100,0.99682,0.99706,2.25,1.00
2016.08.05 05:19:45.151,0.99682,0.99706,1.87,1.37
2016.08.05 05:19:45.201,0.99681,0.99706,1.00,1.75
2016.08.05 05:19:45.252,0.99681,0.99706,1.00,1.12
2016.08.05 05:19:45.302,0.99681,0.99706,1.00,1.12
2016.08.05 05:19:45.353,0.99681,0.99707,1.00,3.37
2016.08.05 05:19:45.509,0.99679,0.99706,1.12,1.75
2016.08.05 05:19:45.610,0.99677,0.99706,1.75,1.75
2016.08.05 05:19:45.809,0.99678,0.99706,1.50,1.75
2016.08.05 05:19:46.609,0.99677,0.99706,1.75,2.25
2016.08.05 05:19:50.411,0.99677,0.99705,1.75,1.12
2016.08.05 05:19:50.462,0.99677,0.99704,1.75,1.37
2016.08.05 05:19:50.563,0.99677,0.99704,1.37,1.37
2016.08.05 05:19:50.613,0.99677,0.99704,1.00,1.12
2016.08.05 05:19:50.664,0.99677,0.99704,1.00,1.12
2016.08.05 05:19:50.715,0.99676,0.99704,1.12,1.12
2016.08.05 05:19:50.765,0.99676,0.99704,1.12,1.12
2016.08.05 05:19:50.816,0.99678,0.99704,1.00,1.12
2016.08.05 05:19:50.967,0.99678,0.99704,1.00,1.12
2016.08.05 05:19:54.120,0.99676,0.99704,1.12,1.87
2016.08.05 05:19:54.170,0.99676,0.99703,1.12,1.37
2016.08.05 05:19:54.271,0.99676,0.99704,1.12,1.87
2016.08.05 05:19:55.869,0.99676,0.99704,1.12,1.75
2016.08.05 05:19:57.475,0.99676,0.99704,1.12,1.75
2016.08.05 05:19:59.178,0.99676,0.99704,1.12,1.75
2016.08.05 05:20:00.416,0.99675,0.99702,1.37,1.37
2016.08.05 05:20:01.182,0.99675,0.99702,1.37,1.37
2016.08.05 05:20:01.283,0.99675,0.99702,1.37,1.37
2016.08.05 05:20:05.793,0.99675,0.99702,1.37,1.37
2016.08.05 05:20:05.844,0.99676,0.99703,1.12,1.50
2016.08.05 05:20:05.894,0.99676,0.99703,1.37,1.50
2016.08.05 05:20:05.945,0.99677,0.99703,1.00,1.50
2016.08.05 05:20:06.497,0.99677,0.99703,1.00,1.00
2016.08.05 05:20:11.827,0.99677,0.99703,1.00,1.50
2016.08.05 05:20:12.001,0.99677,0.99703,1.50,1.00
2016.08.05 05:20:12.102,0.99677,0.99703,1.00,1.50
2016.08.05 05:20:12.203,0.99677,0.99703,1.00,1.50
2016.08.05 05:20:12.305,0.99678,0.99704,1.37,1.37
2016.08.05 05:20:12.355,0.99679,0.99704,1.50,1.00
2016.08.05 05:20:12.736,0.99678,0.99704,1.75,1.00
2016.08.05 05:20:12.787,0.99678,0.99704,1.37,1.37
2016.08.05 05:20:12.837,0.99678,0.99704,1.00,1.75
2016.08.05 05:20:13.112,0.99676,0.99701,1.50,1.00
2016.08.05 05:20:15.338,0.99676,0.99702,1.50,1.12
2016.08.05 05:20:23.316,0.99676,0.99702,1.50,1.12
2016.08.05 05:20:23.645,0.99676,0.99701,1.50,1.00
2016.08.05 05:20:26.712,0.99677,0.99701,1.12,1.00
2016.08.05 05:20:27.960,0.99675,0.99701,1.75,1.00
2016.08.05 05:20:28.010,0.99676,0.99701,1.00,1.00
2016.08.05 05:20:28.061,0.99674,0.99701,1.75,1.50
2016.08.05 05:20:28.203,0.99674,0.99701,1.00,2.25
2016.08.05 05:20:28.254,0.99672,0.99701,1.50,2.25
2016.08.05 05:20:28.817,0.99674,0.99701,1.00,2.25
2016.08.05 05:20:28.868,0.99674,0.99701,1.00,2.25
2016.08.05 05:20:30.224,0.99674,0.99701,1.00,3.00
2016.08.05 05:20:30.274,0.99672,0.99699,1.50,1.50
2016.08.05 05:20:33.966,0.99672,0.99699,1.50,1.50
2016.08.05 05:20:34.017,0.99672,0.99699,1.50,1.12
2016.08.05 05:20:34.067,0.99672,0.99699,2.25,1.00
2016.08.05 05:20:34.118,0.99672,0.99699,2.62,1.00
2016.08.05 05:20:34.168,0.99674,0.99701,1.50,1.50
2016.08.05 05:20:34.319,0.99677,0.99702,1.50,1.00
2016.08.05 05:20:34.372,0.99676,0.99702,1.75,1.00
2016.08.05 05:20:34.473,0.99677,0.99704,1.50,1.50
2016.08.05 05:20:35.123,0.99676,0.99703,1.75,1.12
2016.08.05 05:20:35.174,0.99676,0.99701,1.75,1.00
2016.08.05 05:20:35.224,0.99675,0.99701,1.75,1.50
2016.08.05 05:20:35.326,0.99674,0.997,1.75,1.00
2016.08.05 05:20:35.478,0.99674,0.997,1.75,1.00
2016.08.05 05:20:35.630,0.99674,0.99701,2.25,1.00
2016.08.05 05:20:35.764,0.99676,0.99701,1.75,1.00
2016.08.05 05:20:35.815,0.99676,0.99703,1.75,1.12
2016.08.05 05:20:36.126,0.99675,0.99701,1.75,1.00
2016.08.05 05:20:36.378,0.99675,0.99701,1.37,1.00
2016.08.05 05:20:36.429,0.99675,0.99701,1.12,1.37
2016.08.05 05:20:36.530,0.99673,0.997,1.50,1.12
2016.08.05 05:20:39.227,0.99671,0.997,2.25,1.12
2016.08.05 05:20:39.278,0.99671,0.997,2.25,1.50
2016.08.05 05:20:39.328,0.99671,0.99699,1.75,1.12
2016.08.05 05:20:39.379,0.9967,0.99699,4.12,1.12
2016.08.05 05:20:39.430,0.9967,0.99699,1.50,1.75
2016.08.05 05:20:39.578,0.9967,0.99696,1.50,1.00
2016.08.05 05:20:39.629,0.9967,0.99696,1.12,1.00
2016.08.05 05:20:56.522,0.9967,0.99696,1.37,1.00
2016.08.05 05:20:56.572,0.9967,0.99696,1.37,1.50
2016.08.05 05:20:56.623,0.99672,0.99696,1.00,1.00
2016.08.05 05:20:57.130,0.99672,0.99695,1.00,1.00
2016.08.05 05:20:57.983,0.99672,0.99691,1.00,1.00
2016.08.05 05:20:59.536,0.99672,0.99692,1.00,1.00
2016.08.05 05:21:00.139,0.99672,0.99691,1.00,1.00
2016.08.05 05:21:11.648,0.99669,0.99691,1.75,1.00
2016.08.05 05:21:11.699,0.99669,0.99691,1.75,1.00
2016.08.05 05:21:11.754,0.99669,0.99691,2.25,1.00
2016.08.05 05:21:11.804,0.99669,0.99696,3.00,1.87
2016.08.05 05:21:11.920,0.99669,0.99696,3.00,1.87
2016.08.05 05:21:12.054,0.99669,0.99696,2.25,1.87
2016.08.05 05:21:12.592,0.99669,0.99691,1.75,1.00
2016.08.05 05:21:14.647,0.99669,0.99691,1.50,1.00
2016.08.05 05:21:14.698,0.99669,0.99696,1.50,1.12
2016.08.05 05:21:14.748,0.99669,0.99696,1.50,1.50
2016.08.05 05:21:14.804,0.99669,0.99696,1.50,1.87
2016.08.05 05:21:14.920,0.99669,0.99691,1.50,1.00
2016.08.05 05:21:15.021,0.99669,0.99691,1.00,1.00
2016.08.05 05:21:16.883,0.99669,0.99691,1.50,1.00
2016.08.05 05:21:19.254,0.99669,0.99691,1.75,1.00
2016.08.05 05:21:19.305,0.99668,0.99695,2.25,1.00
2016.08.05 05:21:19.360,0.99671,0.99696,1.37,1.00
2016.08.05 05:21:19.411,0.99671,0.99697,2.25,1.12
2016.08.05 05:21:19.461,0.99673,0.99697,1.75,1.00
2016.08.05 05:21:19.512,0.99674,0.997,1.75,1.50
2016.08.05 05:21:19.730,0.99673,0.99697,1.75,1.00
2016.08.05 05:21:20.061,0.99672,0.99697,2.25,1.00
2016.08.05 05:21:20.400,0.99674,0.99699,1.75,1.00
2016.08.05 05:21:21.562,0.99674,0.997,1.75,1.12
2016.08.05 05:21:22.086,0.99674,0.99699,1.75,1.00
2016.08.05 05:21:22.737,0.99672,0.99697,1.75,1.00
2016.08.05 05:21:23.340,0.99672,0.99697,2.25,1.00
2016.08.05 05:21:23.697,0.99672,0.99697,1.75,1.00
2016.08.05 05:21:23.747,0.99672,0.99697,1.75,1.00
2016.08.05 05:21:23.798,0.99674,0.99697,1.75,1.00
2016.08.05 05:21:23.899,0.99673,0.99697,1.75,1.00
2016.08.05 05:21:24.101,0.99674,0.99697,1.50,1.00
2016.08.05 05:21:24.366,0.99673,0.99697,1.75,1.00
2016.08.05 05:21:25.350,0.99673,0.99702,2.25,2.25
2016.08.05 05:21:25.400,0.99673,0.99702,2.25,2.62
2016.08.05 05:21:25.743,0.99673,0.99701,2.25,1.00
2016.08.05 05:21:26.600,0.99673,0.99702,2.25,2.25
2016.08.05 05:21:28.604,0.99673,0.99702,2.25,2.62
2016.08.05 05:21:29.938,0.99673,0.99701,2.25,1.00
2016.08.05 05:21:34.410,0.99673,0.99702,2.25,2.25
2016.08.05 05:21:36.414,0.99673,0.99702,2.25,2.62
2016.08.05 05:21:39.258,0.99675,0.99702,1.00,2.62
2016.08.05 05:21:39.359,0.99675,0.99702,1.00,2.25
2016.08.05 05:21:40.222,0.99675,0.99702,1.00,2.25
2016.08.05 05:21:48.427,0.99675,0.99702,1.00,2.25
2016.08.05 05:21:57.918,0.99675,0.997,1.00,1.00
2016.08.05 05:21:59.140,0.99675,0.99701,1.00,1.00
2016.08.05 05:21:59.353,0.99674,0.99701,1.75,1.12
2016.08.05 05:21:59.454,0.99674,0.99701,1.75,1.12
2016.08.05 05:21:59.772,0.99674,0.99701,1.75,1.12
2016.08.05 05:21:59.842,0.99674,0.99701,1.75,1.12
2016.08.05 05:21:59.942,0.99674,0.99701,1.75,1.12
2016.08.05 05:22:02.946,0.99674,0.99701,1.75,1.12
2016.08.05 05:22:03.046,0.99674,0.99701,1.75,1.12
2016.08.05 05:22:06.128,0.99674,0.99701,1.75,1.50
2016.08.05 05:22:08.494,0.99674,0.99701,1.75,1.12
2016.08.05 05:22:16.970,0.99674,0.99701,1.75,1.50
2016.08.05 05:22:17.121,0.99673,0.99698,1.75,1.00
2016.08.05 05:22:17.223,0.99671,0.99696,3.37,1.00
2016.08.05 05:22:17.273,0.99668,0.99696,2.62,1.00
2016.08.05 05:22:17.374,0.99668,0.99694,2.25,1.00
2016.08.05 05:22:17.475,0.99668,0.99694,1.75,1.00
2016.08.05 05:22:17.526,0.99666,0.99693,2.25,1.00
2016.08.05 05:22:17.753,0.99666,0.99692,2.25,1.50
2016.08.05 05:22:17.854,0.99667,0.99691,1.75,1.00
2016.08.05 05:22:17.905,0.99668,0.99691,1.87,1.00
2016.08.05 05:22:17.955,0.99668,0.99691,2.62,1.00
2016.08.05 05:22:18.006,0.99668,0.99691,2.62,1.00
2016.08.05 05:22:18.056,0.99672,0.99691,1.00,1.00
2016.08.05 05:22:18.157,0.99672,0.99695,1.00,1.00
2016.08.05 05:22:18.460,0.99672,0.99692,1.00,1.00
2016.08.05 05:22:18.561,0.99672,0.99695,1.00,1.00
2016.08.05 05:22:18.611,0.99668,0.99695,1.75,1.00
2016.08.05 05:22:18.662,0.99668,0.99692,1.75,1.00
2016.08.05 05:22:18.712,0.99664,0.99692,3.75,1.00
2016.08.05 05:22:18.763,0.99664,0.99692,1.87,1.12
2016.08.05 05:22:18.980,0.99664,0.99692,1.12,1.87
2016.08.05 05:22:19.117,0.99665,0.99692,1.75,1.12
2016.08.05 05:22:19.218,0.99666,0.99692,1.37,1.12
2016.08.05 05:22:19.667,0.99666,0.99692,1.37,1.12
2016.08.05 05:22:19.718,0.99666,0.99692,1.12,1.12
2016.08.05 05:22:19.769,0.99666,0.99692,1.12,1.00
2016.08.05 05:22:19.819,0.99665,0.99692,4.50,1.00
2016.08.05 05:22:20.568,0.99665,0.99692,4.50,1.00
2016.08.05 05:22:20.698,0.99666,0.99692,1.87,1.00
2016.08.05 05:22:22.379,0.99666,0.99691,1.87,1.00
2016.08.05 05:22:22.429,0.99666,0.99691,2.62,1.00
2016.08.05 05:22:22.980,0.99666,0.99692,2.62,1.00
2016.08.05 05:22:23.420,0.99666,0.99692,2.62,1.50
2016.08.05 05:22:23.521,0.99666,0.99692,1.75,1.50
2016.08.05 05:22:24.061,0.99666,0.99692,1.75,1.00
2016.08.05 05:22:24.111,0.99666,0.99692,1.37,1.12
2016.08.05 05:22:24.162,0.99664,0.99691,2.62,1.37
2016.08.05 05:22:24.280,0.99664,0.99686,1.37,1.00
2016.08.05 05:22:24.332,0.99663,0.99686,1.75,1.00
2016.08.05 05:22:24.835,0.99663,0.99687,1.75,1.00
2016.08.05 05:22:24.886,0.99663,0.99687,1.87,1.00
2016.08.05 05:22:24.987,0.99663,0.9969,2.62,1.12
2016.08.05 05:22:25.037,0.99664,0.99691,1.50,1.37
2016.08.05 05:22:27.265,0.99663,0.99689,1.75,1.00
2016.08.05 05:22:27.366,0.99661,0.99686,2.25,1.00
2016.08.05 05:22:27.416,0.99661,0.99686,2.25,1.00
2016.08.05 05:22:27.467,0.99661,0.99686,1.75,1.00
2016.08.05 05:22:30.290,0.99662,0.99686,1.75,1.00
2016.08.05 05:22:31.049,0.99661,0.99686,1.75,1.00
2016.08.05 05:22:39.181,0.99663,0.99686,1.00,1.00
2016.08.05 05:22:39.796,0.99664,0.99688,1.00,1.00
2016.08.05 05:22:39.949,0.99664,0.99691,1.37,1.37
2016.08.05 05:22:40.000,0.99664,0.99691,1.75,1.00
2016.08.05 05:22:40.101,0.99664,0.99691,2.25,1.50
2016.08.05 05:22:40.152,0.99665,0.99691,1.87,1.00
2016.08.05 05:22:41.278,0.99665,0.99693,1.87,1.87
2016.08.05 05:22:41.329,0.99665,0.99693,1.50,1.37
2016.08.05 05:22:41.379,0.99665,0.99692,1.00,1.75
2016.08.05 05:22:41.480,0.99664,0.9969,1.00,1.12
2016.08.05 05:22:41.531,0.99664,0.9969,1.00,1.12
2016.08.05 05:22:41.632,0.99664,0.9969,1.00,1.12
2016.08.05 05:22:41.683,0.99664,0.99689,1.00,1.00
2016.08.05 05:22:41.931,0.99664,0.99689,1.00,1.00
2016.08.05 05:22:42.534,0.99664,0.99689,1.00,1.00
2016.08.05 05:22:46.444,0.99664,0.99689,1.00,1.00
2016.08.05 05:22:46.806,0.99664,0.99689,1.00,1.00
2016.08.05 05:22:46.906,0.99664,0.99689,1.00,1.00
2016.08.05 05:22:49.940,0.99664,0.99689,1.00,1.00
2016.08.05 05:22:52.614,0.99664,0.99689,1.00,1.00
2016.08.05 05:22:52.760,0.99664,0.99689,1.00,1.00
2016.08.05 05:22:52.810,0.99664,0.99689,1.37,1.00
2016.08.05 05:22:52.861,0.99664,0.99689,1.75,1.00
2016.08.05 05:22:52.911,0.99664,0.99689,1.37,1.00
2016.08.05 05:22:52.962,0.99664,0.99689,1.00,1.00
2016.08.05 05:22:53.063,0.99664,0.99689,1.00,1.00
2016.08.05 05:22:53.261,0.99664,0.99689,1.00,1.00
2016.08.05 05:22:53.890,0.9966,0.99686,2.25,1.00
2016.08.05 05:22:56.566,0.9966,0.99686,2.25,1.00
2016.08.05 05:22:56.833,0.99663,0.99689,1.12,1.00
2016.08.05 05:22:57.047,0.99663,0.99689,1.12,1.00
2016.08.05 05:22:57.793,0.99662,0.99687,1.50,1.00
2016.08.05 05:22:58.932,0.99663,0.99689,1.12,1.00
2016.08.05 05:22:59.034,0.99663,0.99689,1.37,1.00
2016.08.05 05:22:59.084,0.99663,0.99689,1.75,1.00
2016.08.05 05:22:59.996,0.99662,0.99687,4.12,1.00
2016.08.05 05:23:00.097,0.99662,0.99687,1.75,1.00
2016.08.05 05:23:05.337,0.99664,0.99688,1.12,1.00
2016.08.05 05:23:07.640,0.99664,0.99688,1.37,1.00
2016.08.05 05:23:07.690,0.99665,0.9969,1.00,1.00
2016.08.05 05:23:13.447,0.99665,0.9969,1.00,1.00
2016.08.05 05:23:13.548,0.99665,0.9969,1.00,1.00
2016.08.05 05:23:13.659,0.99666,0.9969,1.00,1.00
2016.08.05 05:23:13.710,0.99666,0.99691,1.00,1.50
2016.08.05 05:23:13.760,0.99665,0.99691,2.25,1.50
2016.08.05 05:23:13.811,0.99669,0.99691,1.00,1.00
2016.08.05 05:23:15.413,0.99669,0.99695,1.00,1.00
2016.08.05 05:23:15.464,0.99665,0.99695,1.75,1.75
2016.08.05 05:23:15.514,0.99663,0.9969,3.00,1.00
2016.08.05 05:23:15.716,0.99663,0.99689,2.25,1.00
2016.08.05 05:23:15.817,0.99663,0.99686,1.75,1.00
2016.08.05 05:23:17.041,0.99663,0.99689,2.25,1.00
2016.08.05 05:23:17.755,0.99663,0.99689,2.25,1.00
2016.08.05 05:23:19.155,0.99664,0.99689,1.75,1.00
2016.08.05 05:23:21.208,0.99664,0.99689,1.75,1.00
2016.08.05 05:23:24.678,0.99663,0.99689,2.25,1.00
2016.08.05 05:23:24.729,0.99663,0.99689,2.25,1.00
2016.08.05 05:23:25.675,0.99663,0.99689,2.25,1.00
2016.08.05 05:23:26.564,0.99664,0.99689,1.75,1.12
2016.08.05 05:23:27.165,0.99663,0.99689,2.25,1.00
2016.08.05 05:23:34.421,0.99664,0.99689,1.75,1.12
2016.08.05 05:23:34.522,0.99663,0.99689,2.25,1.00
2016.08.05 05:23:34.623,0.99663,0.99689,2.25,1.00
2016.08.05 05:23:35.689,0.99663,0.99689,2.25,1.00
2016.08.05 05:23:35.789,0.99663,0.99689,2.25,1.00
2016.08.05 05:23:36.390,0.99663,0.99689,2.25,1.00
2016.08.05 05:23:36.792,0.99663,0.99689,2.25,1.00
2016.08.05 05:23:36.892,0.99663,0.99689,2.25,1.00
2016.08.05 05:23:37.493,0.99663,0.99689,2.25,1.00
2016.08.05 05:23:37.593,0.99663,0.99689,2.25,1.00
2016.08.05 05:23:38.295,0.99663,0.99689,2.25,1.00
2016.08.05 05:23:38.495,0.99663,0.99689,2.25,1.00
2016.08.05 05:23:39.096,0.99663,0.99689,2.25,1.00
2016.08.05 05:23:39.162,0.99665,0.99689,1.00,1.00
2016.08.05 05:23:39.212,0.99663,0.99689,1.75,1.12
2016.08.05 05:23:39.496,0.99663,0.99689,1.75,1.12
2016.08.05 05:23:41.301,0.99663,0.99689,1.75,1.12
2016.08.05 05:23:41.401,0.99663,0.99689,1.75,1.12
2016.08.05 05:23:42.185,0.99663,0.99689,1.75,1.00
2016.08.05 05:23:42.235,0.99663,0.99686,1.75,1.00
2016.08.05 05:23:42.286,0.9966,0.99686,1.12,1.00
2016.08.05 05:23:42.337,0.9966,0.99682,1.87,1.00
2016.08.05 05:23:42.387,0.9966,0.99682,1.75,1.00
2016.08.05 05:23:42.438,0.99659,0.99682,2.25,1.00
2016.08.05 05:23:42.757,0.99661,0.99686,1.75,1.00
2016.08.05 05:23:42.843,0.99663,0.99686,1.12,1.00
2016.08.05 05:23:42.894,0.99663,0.99686,1.37,1.00
2016.08.05 05:23:42.944,0.99663,0.99686,1.75,1.00
2016.08.05 05:23:43.680,0.99664,0.9969,1.75,1.12
2016.08.05 05:23:43.730,0.99664,0.9969,2.25,1.12
2016.08.05 05:23:46.846,0.99664,0.99691,2.25,1.50
2016.08.05 05:23:47.000,0.99664,0.99691,1.75,2.25
2016.08.05 05:23:59.188,0.99664,0.99691,1.50,2.25
2016.08.05 05:23:59.254,0.99664,0.99691,1.12,2.25
2016.08.05 05:24:03.955,0.99663,0.99687,1.50,1.00
2016.08.05 05:24:14.866,0.99661,0.9969,1.75,1.87
2016.08.05 05:24:14.916,0.99661,0.9969,1.50,1.87
2016.08.05 05:24:14.979,0.99661,0.99687,1.87,1.00
2016.08.05 05:24:15.080,0.99661,0.99687,1.50,1.00
2016.08.05 05:24:17.435,0.99661,0.99687,1.00,1.50
2016.08.05 05:24:17.485,0.99661,0.99687,1.00,1.50
2016.08.05 05:24:17.705,0.99661,0.99687,1.00,2.25
2016.08.05 05:24:17.756,0.99661,0.99686,1.00,1.00
2016.08.05 05:24:17.861,0.99659,0.99685,1.00,1.00
2016.08.05 05:24:17.962,0.99658,0.99685,1.50,1.50
2016.08.05 05:24:18.063,0.99658,0.99685,1.50,1.50
2016.08.05 05:24:18.164,0.99659,0.99685,1.00,1.00
2016.08.05 05:24:20.968,0.99659,0.99682,1.00,1.00
2016.08.05 05:24:21.080,0.99659,0.99683,1.00,1.37
2016.08.05 05:24:21.131,0.99654,0.99681,1.87,1.75
2016.08.05 05:24:21.181,0.99653,0.99679,1.50,1.12
2016.08.05 05:24:21.282,0.99654,0.99679,1.00,1.12
2016.08.05 05:24:21.333,0.99654,0.99681,1.50,1.75
2016.08.05 05:24:21.383,0.99654,0.99681,1.50,1.75
2016.08.05 05:24:21.484,0.99654,0.99682,1.50,2.25
2016.08.05 05:24:21.535,0.99654,0.99681,1.00,1.75
2016.08.05 05:24:21.585,0.99654,0.99681,1.00,1.75
2016.08.05 05:24:21.636,0.99654,0.99681,1.50,1.75
2016.08.05 05:24:21.686,0.99654,0.99681,1.12,1.75
2016.08.05 05:24:21.737,0.99653,0.9968,2.25,1.50
2016.08.05 05:24:21.963,0.99653,0.99678,1.50,1.00
2016.08.05 05:24:23.559,0.99653,0.99678,1.87,1.00
2016.08.05 05:24:23.701,0.99654,0.99681,1.12,1.87
2016.08.05 05:24:23.772,0.99657,0.99682,1.50,1.00
2016.08.05 05:24:24.077,0.99656,0.99681,1.75,1.00
2016.08.05 05:24:24.379,0.99656,0.99681,1.75,1.00
2016.08.05 05:24:24.481,0.99656,0.99681,1.75,1.00
2016.08.05 05:24:24.582,0.99658,0.99681,1.12,1.00
2016.08.05 05:24:25.178,0.99656,0.99681,1.75,1.00
2016.08.05 05:24:25.462,0.99658,0.99681,1.12,1.00
2016.08.05 05:24:25.880,0.99659,0.99682,1.00,1.00
2016.08.05 05:24:30.242,0.99657,0.99682,1.50,1.00
2016.08.05 05:24:30.545,0.99658,0.99681,1.12,1.00
2016.08.05 05:24:30.596,0.99658,0.99685,1.12,1.75
2016.08.05 05:24:30.646,0.99658,0.99685,1.37,1.50
2016.08.05 05:24:30.697,0.99658,0.99685,1.75,1.12
2016.08.05 05:24:30.844,0.99659,0.99685,1.75,1.12
2016.08.05 05:24:30.894,0.99659,0.99684,1.75,1.00
2016.08.05 05:24:31.193,0.99658,0.99681,1.12,1.00
2016.08.05 05:24:31.394,0.99656,0.99681,4.50,1.00
2016.08.05 05:24:31.445,0.99658,0.99681,1.75,1.00
2016.08.05 05:24:31.596,0.99658,0.99681,1.50,1.00
2016.08.05 05:24:31.782,0.99657,0.99681,1.75,1.00
2016.08.05 05:24:31.972,0.99657,0.99681,1.75,1.00
2016.08.05 05:24:34.001,0.99657,0.99681,1.75,1.00
2016.08.05 05:24:34.475,0.99657,0.99681,1.75,1.00
2016.08.05 05:24:35.076,0.99657,0.99681,1.75,1.00
2016.08.05 05:24:36.247,0.99658,0.99681,1.50,1.00
2016.08.05 05:24:36.559,0.99657,0.99681,2.25,1.00
2016.08.05 05:24:36.679,0.99657,0.99681,2.25,1.00
2016.08.05 05:24:36.899,0.99657,0.99681,2.25,1.00
2016.08.05 05:24:37.010,0.99657,0.99681,1.75,1.00
2016.08.05 05:24:37.079,0.99657,0.99681,2.25,1.00
2016.08.05 05:24:37.381,0.99657,0.99681,1.87,1.00
2016.08.05 05:24:37.665,0.99657,0.99681,2.62,1.00
2016.08.05 05:24:38.181,0.99657,0.99681,2.62,1.00
2016.08.05 05:24:38.232,0.99658,0.99681,1.37,1.00
2016.08.05 05:24:38.283,0.99659,0.99681,1.50,1.00
2016.08.05 05:24:38.333,0.99659,0.99685,1.87,1.00
2016.08.05 05:24:38.384,0.9966,0.99686,1.50,1.00
2016.08.05 05:24:38.485,0.99661,0.99686,1.37,1.00
2016.08.05 05:24:38.536,0.99661,0.99686,1.75,1.00
2016.08.05 05:24:38.586,0.99661,0.99686,2.25,1.00
2016.08.05 05:24:38.750,0.99663,0.99686,1.75,1.00
2016.08.05 05:24:40.538,0.99664,0.9969,1.75,1.00
2016.08.05 05:24:43.788,0.99664,0.9969,1.75,1.00
2016.08.05 05:24:43.990,0.99665,0.99691,1.50,1.50
2016.08.05 05:24:44.197,0.99666,0.99691,1.37,1.00
2016.08.05 05:24:44.248,0.99666,0.99691,1.75,1.00
2016.08.05 05:24:45.236,0.99666,0.99691,2.25,1.00
2016.08.05 05:24:46.699,0.99666,0.99691,1.75,1.00
2016.08.05 05:24:47.894,0.99666,0.99691,1.75,1.00
2016.08.05 05:24:47.945,0.99666,0.99691,2.25,1.00
2016.08.05 05:24:47.995,0.99666,0.9969,1.37,1.00
2016.08.05 05:24:48.046,0.99665,0.9969,1.00,1.00
2016.08.05 05:24:49.755,0.99665,0.9969,1.50,1.00
2016.08.05 05:24:53.967,0.99665,0.9969,1.00,1.00
2016.08.05 05:24:56.567,0.99665,0.9969,1.50,1.00
2016.08.05 05:24:56.668,0.99665,0.9969,1.00,1.00
2016.08.05 05:24:59.122,0.99665,0.9969,1.00,1.00
2016.08.05 05:25:00.232,0.99665,0.9969,1.50,1.00
2016.08.05 05:25:00.332,0.99665,0.9969,1.50,1.00
2016.08.05 05:25:00.463,0.99665,0.9969,1.00,1.00
2016.08.05 05:25:00.781,0.99665,0.99691,2.25,1.00
2016.08.05 05:25:01.013,0.99665,0.99691,2.25,1.00
2016.08.05 05:25:01.114,0.99665,0.99692,2.25,1.12
2016.08.05 05:25:01.164,0.99669,0.99692,1.00,1.00
2016.08.05 05:25:05.012,0.99666,0.99692,1.50,1.00
2016.08.05 05:25:05.063,0.99666,0.99693,1.50,1.00
2016.08.05 05:25:05.164,0.99666,0.99693,1.50,1.00
2016.08.05 05:25:05.214,0.99666,0.99693,1.00,1.50
2016.08.05 05:25:05.322,0.99666,0.99691,1.00,1.00
2016.08.05 05:25:05.767,0.99666,0.99693,1.00,1.50
2016.08.05 05:25:05.817,0.99666,0.99693,1.00,1.87
2016.08.05 05:25:05.868,0.99666,0.99691,1.00,1.00
2016.08.05 05:25:05.969,0.99666,0.99688,1.00,1.00
2016.08.05 05:25:06.019,0.99666,0.9969,1.00,1.12
2016.08.05 05:25:06.121,0.99663,0.9969,1.50,1.50
2016.08.05 05:25:06.171,0.99663,0.9969,1.50,1.87
2016.08.05 05:25:06.222,0.99663,0.9969,1.12,1.87
2016.08.05 05:25:06.272,0.99663,0.99687,1.00,1.00
2016.08.05 05:25:06.424,0.99661,0.99687,1.50,1.50
2016.08.05 05:25:06.626,0.99661,0.99687,1.50,2.25
2016.08.05 05:25:10.185,0.99661,0.99687,1.50,1.50
2016.08.05 05:25:19.116,0.99661,0.99687,1.50,1.12
2016.08.05 05:25:19.169,0.99663,0.99687,1.00,1.00
2016.08.05 05:25:20.291,0.99663,0.99686,1.00,1.00
2016.08.05 05:25:21.308,0.99663,0.99686,1.50,1.00
2016.08.05 05:25:25.699,0.99663,0.99686,1.00,1.00
2016.08.05 05:25:26.672,0.99663,0.99687,1.00,1.00
2016.08.05 05:25:26.722,0.99663,0.99687,1.50,1.00
2016.08.05 05:25:26.874,0.99663,0.99691,2.62,1.37
2016.08.05 05:25:26.925,0.99664,0.99691,1.12,1.00
2016.08.05 05:25:26.975,0.99664,0.99692,1.12,1.87
2016.08.05 05:25:27.110,0.99665,0.99692,1.75,1.12
2016.08.05 05:25:28.849,0.99665,0.99692,2.25,1.00
2016.08.05 05:25:28.951,0.99665,0.99691,2.25,1.00
2016.08.05 05:25:29.148,0.99668,0.99691,1.50,1.00
2016.08.05 05:25:29.250,0.99669,0.99694,1.37,1.12
2016.08.05 05:25:29.352,0.99668,0.99694,1.50,1.00
2016.08.05 05:25:29.403,0.99668,0.99694,1.75,1.00
2016.08.05 05:25:29.453,0.99669,0.99697,2.25,1.00
2016.08.05 05:25:29.605,0.9967,0.99697,1.75,1.00
2016.08.05 05:25:29.836,0.9967,0.99696,2.25,1.00
2016.08.05 05:25:29.887,0.9967,0.99697,2.25,1.00
2016.08.05 05:25:30.740,0.9967,0.99697,1.75,1.00
2016.08.05 05:25:31.586,0.9967,0.99692,1.75,1.00
2016.08.05 05:25:31.687,0.9967,0.99696,1.75,1.00
2016.08.05 05:25:31.788,0.9967,0.99696,2.25,1.00
2016.08.05 05:25:31.940,0.99671,0.99696,1.75,1.00
2016.08.05 05:25:31.990,0.99671,0.99697,1.75,1.00
2016.08.05 05:25:32.041,0.99673,0.99697,1.12,1.00
2016.08.05 05:25:32.091,0.99673,0.99697,1.37,1.00
2016.08.05 05:25:32.142,0.99674,0.99697,1.75,1.00
2016.08.05 05:25:33.092,0.99674,0.99697,1.75,1.00
2016.08.05 05:25:33.643,0.99673,0.99697,2.25,1.00
2016.08.05 05:25:34.129,0.99673,0.99697,1.75,1.00
2016.08.05 05:25:36.670,0.99674,0.99697,1.75,1.00
2016.08.05 05:25:37.918,0.99673,0.99697,1.75,1.00
2016.08.05 05:25:41.167,0.99674,0.99697,1.75,1.00
2016.08.05 05:25:41.365,0.99673,0.99697,2.25,1.00
2016.08.05 05:25:41.466,0.99677,0.99701,2.25,1.00
2016.08.05 05:25:41.517,0.99677,0.99701,2.25,1.00
2016.08.05 05:25:41.567,0.99678,0.99701,1.75,1.00
2016.08.05 05:25:41.618,0.99678,0.99701,1.75,1.00
2016.08.05 05:25:41.870,0.99675,0.99701,3.75,1.00
2016.08.05 05:25:41.921,0.99675,0.99701,1.12,1.00
2016.08.05 05:25:41.971,0.99674,0.99697,1.75,1.00
2016.08.05 05:25:42.022,0.99673,0.99697,1.87,1.00
2016.08.05 05:25:42.173,0.99673,0.99697,1.75,1.00
2016.08.05 05:25:42.274,0.99673,0.99699,1.75,1.00
2016.08.05 05:25:42.375,0.99673,0.99699,1.75,1.00
2016.08.05 05:25:42.426,0.99672,0.99699,1.75,1.00
2016.08.05 05:25:42.772,0.99672,0.99697,1.75,1.00
2016.08.05 05:25:42.823,0.99672,0.99697,2.25,1.00
2016.08.05 05:25:42.874,0.99672,0.99697,2.62,1.00
2016.08.05 05:25:42.975,0.99673,0.99696,3.00,1.00
2016.08.05 05:25:43.025,0.99673,0.99696,3.75,1.00
2016.08.05 05:25:43.076,0.99675,0.99702,1.87,1.50
2016.08.05 05:25:43.127,0.99678,0.99702,1.50,1.00
2016.08.05 05:25:43.177,0.99678,0.99706,2.25,1.37
2016.08.05 05:25:43.228,0.99678,0.99706,2.25,1.00
2016.08.05 05:25:43.279,0.99679,0.99706,1.75,1.12
2016.08.05 05:25:43.380,0.99679,0.99701,1.75,1.00
2016.08.05 05:25:46.178,0.99679,0.99701,1.75,1.00
2016.08.05 05:25:46.229,0.99679,0.99701,1.37,1.00
2016.08.05 05:25:46.280,0.99678,0.99701,1.37,1.00
2016.08.05 05:25:46.345,0.99678,0.99701,1.75,1.00
2016.08.05 05:25:46.396,0.99678,0.99701,1.87,1.00
2016.08.05 05:25:46.598,0.99678,0.99701,1.75,1.00
2016.08.05 05:25:47.482,0.99678,0.99701,1.75,1.00
2016.08.05 05:25:48.667,0.99678,0.99701,2.25,1.00
2016.08.05 05:25:48.718,0.99678,0.99701,2.25,1.00
2016.08.05 05:25:48.768,0.99679,0.99701,1.75,1.00
2016.08.05 05:25:48.819,0.99679,0.99701,1.75,1.00
2016.08.05 05:25:48.869,0.99678,0.99701,1.37,1.00
2016.08.05 05:25:48.920,0.99678,0.99701,1.12,1.00
2016.08.05 05:25:48.970,0.99676,0.99701,1.12,1.00
2016.08.05 05:25:49.026,0.99677,0.99701,1.50,1.00
2016.08.05 05:25:49.870,0.99677,0.99701,1.87,1.00
2016.08.05 05:25:53.602,0.99677,0.99702,1.50,1.00
2016.08.05 05:25:53.779,0.99676,0.99702,1.75,1.00
2016.08.05 05:25:53.931,0.99675,0.99701,2.25,1.00
2016.08.05 05:25:53.982,0.99675,0.99696,2.25,1.00
2016.08.05 05:25:54.680,0.99675,0.99696,1.75,1.00
2016.08.05 05:25:54.857,0.99675,0.99696,1.50,1.00
2016.08.05 05:25:57.063,0.99674,0.99696,1.75,1.00
2016.08.05 05:25:57.265,0.99674,0.99696,2.25,1.00
2016.08.05 05:25:58.992,0.99675,0.99696,1.87,1.00
2016.08.05 05:25:59.088,0.99674,0.99696,2.25,1.00
2016.08.05 05:26:00.630,0.99674,0.99701,3.00,1.12
2016.08.05 05:26:00.731,0.99675,0.99701,1.87,1.12
2016.08.05 05:26:00.782,0.99676,0.99701,1.50,1.12
2016.08.05 05:26:00.832,0.99676,0.99701,1.50,1.00
2016.08.05 05:26:01.093,0.99676,0.99701,1.87,1.00
2016.08.05 05:26:02.134,0.99676,0.99701,1.50,1.00
2016.08.05 05:26:04.039,0.99676,0.99696,1.50,1.00
2016.08.05 05:26:04.140,0.99676,0.99701,1.50,1.00
2016.08.05 05:26:04.191,0.99674,0.997,2.25,1.00
2016.08.05 05:26:04.242,0.99674,0.997,1.75,1.00
2016.08.05 05:26:04.292,0.99674,0.99701,1.75,1.87
2016.08.05 05:26:04.393,0.99674,0.99696,1.75,1.00
2016.08.05 05:26:04.444,0.99673,0.99696,2.62,1.00
2016.08.05 05:26:04.595,0.99673,0.99701,3.37,1.12
2016.08.05 05:26:04.773,0.99673,0.99701,3.00,1.12
2016.08.05 05:26:05.098,0.99673,0.99701,2.25,1.12
2016.08.05 05:26:05.900,0.99673,0.99701,3.00,1.12
2016.08.05 05:26:06.677,0.99673,0.99702,3.00,2.25
2016.08.05 05:26:06.728,0.99673,0.99702,3.37,2.25
2016.08.05 05:26:06.847,0.99676,0.99702,1.50,2.25
2016.08.05 05:26:06.898,0.99676,0.99702,1.75,1.87
2016.08.05 05:26:06.948,0.99676,0.99702,1.75,1.00
2016.08.05 05:26:07.049,0.99676,0.99701,1.75,1.00
2016.08.05 05:26:07.528,0.99677,0.99701,1.75,1.00
2016.08.05 05:26:08.499,0.99677,0.99702,1.75,1.00
2016.08.05 05:26:08.732,0.99677,0.99702,1.75,1.00
2016.08.05 05:26:09.456,0.99677,0.99702,1.87,1.00
2016.08.05 05:26:09.507,0.99677,0.99702,1.75,1.00
2016.08.05 05:26:10.258,0.99676,0.99702,2.25,1.00
2016.08.05 05:26:10.539,0.99676,0.99702,2.25,1.00
2016.08.05 05:26:10.653,0.99679,0.99701,1.50,1.00
2016.08.05 05:26:10.704,0.99679,0.99706,1.75,1.50
2016.08.05 05:26:10.754,0.9968,0.99706,1.12,1.00
2016.08.05 05:26:10.855,0.99679,0.99706,3.37,1.00
2016.08.05 05:26:10.959,0.9968,0.99706,1.75,1.00
2016.08.05 05:26:11.060,0.9968,0.99706,1.75,1.00
2016.08.05 05:26:11.161,0.99681,0.99706,1.75,1.00
2016.08.05 05:26:11.212,0.9968,0.99706,3.37,1.00
2016.08.05 05:26:11.262,0.9968,0.99706,1.75,1.00
2016.08.05 05:26:12.764,0.9968,0.99706,1.75,1.00
2016.08.05 05:26:14.267,0.99679,0.99706,1.75,1.00
2016.08.05 05:26:14.368,0.99679,0.99706,1.75,1.00
2016.08.05 05:26:14.419,0.99679,0.99706,2.25,1.12
2016.08.05 05:26:14.520,0.99679,0.99706,2.25,1.00
2016.08.05 05:26:14.667,0.99679,0.99706,2.25,1.00
2016.08.05 05:26:14.998,0.9968,0.99706,1.75,1.00
2016.08.05 05:26:16.573,0.9968,0.99706,1.75,1.00
2016.08.05 05:26:19.154,0.9968,0.99706,1.75,1.00
2016.08.05 05:26:22.360,0.9968,0.99706,1.75,1.00
2016.08.05 05:26:25.786,0.99681,0.99706,1.75,1.00
2016.08.05 05:26:25.836,0.99681,0.99706,1.87,1.00
2016.08.05 05:26:26.094,0.99683,0.99706,1.12,1.00
2016.08.05 05:26:29.886,0.99683,0.99706,1.12,1.00
2016.08.05 05:26:29.937,0.99683,0.99706,1.50,1.00
2016.08.05 05:26:29.987,0.99684,0.99706,1.00,1.00
2016.08.05 05:26:30.038,0.99682,0.99706,1.37,1.00
2016.08.05 05:26:30.089,0.99682,0.99706,1.00,1.00
2016.08.05 05:26:30.206,0.99681,0.99706,1.50,1.00
2016.08.05 05:26:32.191,0.99681,0.99706,1.50,1.00
2016.08.05 05:26:36.497,0.99681,0.99706,1.50,1.00
2016.08.05 05:26:37.899,0.99681,0.99706,1.50,1.00
2016.08.05 05:26:38.831,0.99681,0.99707,1.50,1.00
2016.08.05 05:26:38.932,0.99681,0.99707,1.50,1.00
2016.08.05 05:26:38.983,0.99681,0.99707,1.00,1.12
2016.08.05 05:26:39.033,0.99681,0.99707,1.00,1.12
2016.08.05 05:26:39.134,0.99681,0.99707,1.00,1.87
2016.08.05 05:26:39.285,0.99681,0.99705,1.00,1.00
2016.08.05 05:26:44.781,0.99681,0.99706,1.00,1.00
2016.08.05 05:26:45.708,0.99681,0.99706,1.00,1.00
2016.08.05 05:26:47.900,0.99681,0.99707,1.00,1.00
2016.08.05 05:26:49.920,0.99679,0.99707,2.25,1.00
2016.08.05 05:26:49.980,0.99682,0.99707,1.00,1.00
2016.08.05 05:26:51.073,0.99684,0.9971,1.12,1.75
2016.08.05 05:26:51.123,0.99684,0.9971,1.50,1.50
2016.08.05 05:26:51.174,0.99684,0.9971,1.50,1.12
2016.08.05 05:26:56.369,0.99683,0.99706,1.75,1.00
2016.08.05 05:26:56.561,0.99682,0.99706,1.37,3.00
2016.08.05 05:26:56.612,0.99679,0.99704,1.50,1.75
2016.08.05 05:26:56.663,0.99679,0.99701,1.00,1.75
2016.08.05 05:26:56.814,0.99675,0.99701,1.00,1.75
2016.08.05 05:26:56.865,0.99675,0.99702,1.00,3.37
2016.08.05 05:26:56.915,0.99675,0.99698,1.00,1.75
2016.08.05 05:26:57.168,0.99674,0.99696,1.00,1.50
2016.08.05 05:26:57.572,0.99674,0.99698,1.50,1.75
2016.08.05 05:26:57.724,0.99674,0.99698,1.50,1.75
2016.08.05 05:26:57.922,0.99675,0.99698,1.00,1.75
2016.08.05 05:26:59.008,0.99674,0.99698,1.00,1.75
2016.08.05 05:27:05.992,0.99674,0.99699,1.00,1.75
2016.08.05 05:27:07.139,0.99673,0.99699,1.00,2.25
2016.08.05 05:27:08.459,0.99672,0.99696,1.00,1.50
2016.08.05 05:27:13.912,0.99674,0.99698,1.00,1.75
2016.08.05 05:27:14.165,0.99672,0.99696,1.00,1.50
2016.08.05 05:27:16.696,0.99674,0.99698,1.00,1.75
2016.08.05 05:27:16.747,0.99674,0.99698,1.00,1.75
2016.08.05 05:27:17.268,0.99672,0.99696,1.00,1.75
2016.08.05 05:27:17.319,0.9967,0.99696,1.00,2.25
2016.08.05 05:27:17.370,0.9967,0.99696,1.00,1.75
2016.08.05 05:27:17.420,0.99667,0.99694,1.00,1.75
2016.08.05 05:27:17.589,0.99663,0.99689,1.37,1.37
2016.08.05 05:27:17.639,0.99661,0.99689,1.00,3.37
2016.08.05 05:27:17.841,0.9966,0.99688,1.00,1.75
2016.08.05 05:27:17.942,0.99662,0.99688,1.00,1.75
2016.08.05 05:27:21.012,0.99662,0.99688,1.00,2.25
2016.08.05 05:27:22.826,0.99659,0.99688,1.12,1.75
2016.08.05 05:27:23.137,0.99661,0.99688,1.00,1.75
2016.08.05 05:27:25.644,0.99661,0.99689,1.00,4.12
2016.08.05 05:27:26.940,0.99659,0.99685,1.00,1.75
2016.08.05 05:27:26.991,0.99659,0.99685,1.00,1.75
2016.08.05 05:27:27.042,0.99657,0.99685,1.00,2.25
2016.08.05 05:27:27.092,0.99657,0.99685,1.00,2.25
2016.08.05 05:27:27.143,0.99654,0.99683,1.87,1.75
2016.08.05 05:27:27.194,0.99654,0.99683,1.87,1.75
2016.08.05 05:27:27.295,0.99654,0.99683,1.87,1.75
2016.08.05 05:27:27.345,0.99655,0.99684,1.50,2.25
2016.08.05 05:27:27.396,0.99655,0.99684,1.50,2.25
2016.08.05 05:27:27.447,0.99655,0.99682,1.12,1.50
2016.08.05 05:27:27.548,0.99654,0.9968,1.50,1.37
2016.08.05 05:27:27.599,0.99654,0.9968,1.50,1.75
2016.08.05 05:27:27.649,0.99656,0.99683,1.00,3.37
2016.08.05 05:27:27.864,0.99656,0.99683,1.37,1.75
2016.08.05 05:27:27.914,0.99656,0.99683,1.37,1.37
2016.08.05 05:27:27.965,0.99657,0.99684,1.12,1.50
2016.08.05 05:27:28.180,0.99658,0.99684,1.00,1.50
2016.08.05 05:27:28.907,0.99658,0.99684,1.00,1.50
2016.08.05 05:27:32.728,0.99658,0.99685,1.00,2.25
2016.08.05 05:27:32.829,0.99658,0.9968,1.00,1.00
2016.08.05 05:27:32.930,0.99654,0.99681,2.25,1.00
2016.08.05 05:27:33.081,0.99654,0.99681,1.87,1.75
2016.08.05 05:27:34.330,0.99654,0.99681,2.25,1.75
2016.08.05 05:27:34.816,0.99654,0.99681,2.25,1.75
2016.08.05 05:27:34.867,0.99654,0.99681,1.87,1.50
2016.08.05 05:27:35.008,0.99654,0.99681,2.62,1.12
2016.08.05 05:27:35.059,0.99656,0.99682,1.12,1.50
2016.08.05 05:27:35.160,0.99655,0.99682,1.50,1.50
2016.08.05 05:27:35.877,0.99655,0.99684,1.50,2.25
2016.08.05 05:27:35.978,0.99657,0.99684,1.00,1.75
2016.08.05 05:27:36.830,0.99659,0.99684,1.00,1.75
2016.08.05 05:27:36.931,0.99657,0.99684,1.00,1.75
2016.08.05 05:27:36.981,0.99657,0.99684,1.00,1.75
2016.08.05 05:27:37.134,0.99657,0.99685,1.00,2.25
2016.08.05 05:27:38.377,0.99657,0.99685,1.00,2.25
2016.08.05 05:27:39.438,0.99657,0.99684,1.00,1.75
2016.08.05 05:27:41.841,0.99657,0.99685,1.00,2.25
2016.08.05 05:27:45.002,0.99657,0.99685,1.75,2.25
2016.08.05 05:27:45.052,0.99657,0.99685,1.75,1.50
2016.08.05 05:27:49.551,0.99657,0.99684,1.75,1.12
2016.08.05 05:27:49.602,0.99657,0.9968,1.00,1.00
2016.08.05 05:27:49.703,0.99657,0.9968,1.00,1.00
2016.08.05 05:27:49.753,0.99655,0.9968,1.00,1.50
2016.08.05 05:27:49.804,0.99655,0.9968,1.00,1.75
2016.08.05 05:27:49.855,0.99655,0.99681,1.00,3.37
2016.08.05 05:27:50.070,0.99655,0.9968,1.00,1.75
2016.08.05 05:27:54.874,0.99654,0.9968,1.00,1.75
2016.08.05 05:27:55.058,0.99654,0.9968,1.00,2.25
2016.08.05 05:27:55.210,0.99654,0.9968,1.00,2.25
2016.08.05 05:27:55.260,0.99656,0.99681,1.00,2.62
2016.08.05 05:27:55.311,0.99656,0.99683,1.00,1.75
2016.08.05 05:27:55.412,0.99657,0.99683,1.00,1.00
2016.08.05 05:27:55.702,0.99657,0.99683,1.00,1.00
2016.08.05 05:27:55.752,0.99658,0.99683,1.00,1.00
2016.08.05 05:27:55.904,0.99658,0.99683,1.00,1.37
2016.08.05 05:27:55.954,0.99658,0.99683,1.00,1.75
2016.08.05 05:27:56.055,0.99656,0.99683,1.00,1.75
2016.08.05 05:27:56.260,0.99656,0.99683,1.00,1.87
2016.08.05 05:27:58.463,0.99656,0.99683,1.00,1.75
2016.08.05 05:28:00.286,0.99656,0.99683,1.00,1.87
2016.08.05 05:28:06.463,0.99656,0.99682,1.00,1.50
2016.08.05 05:28:06.514,0.99656,0.99682,1.37,1.12
2016.08.05 05:28:06.564,0.99657,0.99682,1.00,1.00
2016.08.05 05:28:07.352,0.99658,0.99682,1.00,1.00
2016.08.05 05:28:07.453,0.99658,0.99684,1.00,1.50
2016.08.05 05:28:11.518,0.99658,0.99684,1.00,2.62
2016.08.05 05:28:11.568,0.99654,0.99681,1.87,1.37
2016.08.05 05:28:11.619,0.99654,0.99681,1.50,1.37
2016.08.05 05:28:11.720,0.99654,0.99681,1.12,2.25
2016.08.05 05:28:11.771,0.99654,0.99679,1.00,1.50
2016.08.05 05:28:11.922,0.99654,0.99679,1.00,1.87
2016.08.05 05:28:11.973,0.99652,0.99678,1.00,1.12
2016.08.05 05:28:12.023,0.99652,0.99679,1.00,1.87
2016.08.05 05:28:12.124,0.99652,0.99678,1.00,1.12
2016.08.05 05:28:12.277,0.9965,0.99676,1.12,1.50
2016.08.05 05:28:18.273,0.9965,0.99676,1.12,1.50
2016.08.05 05:28:18.408,0.99646,0.99673,1.75,1.00
2016.08.05 05:28:18.459,0.99646,0.99673,1.12,1.50
2016.08.05 05:28:18.611,0.99647,0.99674,1.87,1.37
2016.08.05 05:28:18.662,0.99649,0.99674,1.00,1.00
2016.08.05 05:28:18.713,0.9965,0.99676,1.00,1.50
2016.08.05 05:28:18.814,0.9965,0.99676,1.37,1.00
2016.08.05 05:28:20.921,0.9965,0.99676,1.12,1.00
2016.08.05 05:28:24.150,0.9965,0.99676,1.37,1.00
2016.08.05 05:28:24.685,0.9965,0.99676,1.37,1.00
2016.08.05 05:28:25.140,0.9965,0.99676,1.37,1.00
2016.08.05 05:28:26.405,0.9965,0.99676,1.00,1.00
2016.08.05 05:28:26.455,0.9965,0.99676,1.00,1.00
2016.08.05 05:28:26.709,0.99649,0.99676,1.00,1.50
2016.08.05 05:28:26.810,0.99649,0.99676,1.37,1.50
2016.08.05 05:28:26.861,0.99649,0.99676,1.37,1.50
2016.08.05 05:28:26.911,0.9965,0.99676,1.12,1.50
2016.08.05 05:28:27.163,0.9965,0.99676,1.12,1.50
2016.08.05 05:28:27.214,0.9965,0.99676,1.37,1.50
2016.08.05 05:28:27.264,0.9965,0.99676,1.75,1.12
2016.08.05 05:28:27.405,0.99652,0.99678,1.00,1.00
2016.08.05 05:28:27.456,0.99652,0.99678,1.00,1.00
2016.08.05 05:28:28.193,0.99652,0.99679,1.50,1.50
2016.08.05 05:28:28.294,0.99652,0.99679,1.50,1.00
2016.08.05 05:28:28.395,0.99652,0.99679,1.00,1.00
2016.08.05 05:28:28.864,0.99652,0.99679,1.00,1.00
2016.08.05 05:28:31.120,0.99652,0.99679,1.00,1.50
2016.08.05 05:28:31.286,0.99654,0.99679,1.00,1.50
2016.08.05 05:28:32.074,0.99652,0.99679,1.00,1.50
2016.08.05 05:28:34.416,0.99652,0.99679,1.00,1.00
2016.08.05 05:28:37.551,0.99654,0.99679,1.00,1.00
2016.08.05 05:28:37.753,0.99654,0.99679,1.00,1.50
2016.08.05 05:28:39.237,0.99654,0.99679,1.00,1.00
2016.08.05 05:28:45.411,0.99654,0.99679,1.00,1.50
2016.08.05 05:28:55.641,0.99654,0.99679,1.00,1.00
2016.08.05 05:28:55.692,0.99654,0.99679,1.00,1.00
2016.08.05 05:28:58.284,0.99654,0.99679,1.00,1.00
2016.08.05 05:28:58.334,0.99654,0.99679,1.50,1.00
2016.08.05 05:28:58.494,0.99654,0.99679,1.87,1.00
2016.08.05 05:28:58.847,0.99655,0.99679,1.12,1.00
2016.08.05 05:29:01.659,0.99655,0.99679,1.00,1.00
2016.08.05 05:29:01.709,0.99654,0.99679,1.87,1.00
2016.08.05 05:29:01.760,0.99654,0.99679,1.50,1.00
2016.08.05 05:29:01.810,0.99654,0.99679,1.00,1.50
2016.08.05 05:29:02.255,0.99654,0.99679,1.00,1.00
2016.08.05 05:29:06.766,0.99654,0.99679,1.12,1.00
2016.08.05 05:29:08.218,0.99654,0.99678,1.12,1.00
2016.08.05 05:29:08.660,0.99654,0.99678,1.00,1.00
2016.08.05 05:29:14.409,0.99654,0.99678,1.12,1.00
2016.08.05 05:29:15.870,0.99654,0.99678,1.00,1.00
2016.08.05 05:29:26.120,0.99654,0.99678,1.00,1.00
2016.08.05 05:29:29.953,0.99654,0.99679,1.00,1.50
2016.08.05 05:29:32.736,0.99654,0.99676,1.00,1.00
2016.08.05 05:29:32.938,0.99652,0.99675,1.00,1.00
2016.08.05 05:29:33.039,0.99649,0.9967,1.75,1.00
2016.08.05 05:29:33.090,0.99649,0.9967,1.50,1.00
2016.08.05 05:29:33.140,0.99645,0.9967,1.12,1.00
2016.08.05 05:29:33.241,0.99646,0.99672,1.12,1.12
2016.08.05 05:29:33.342,0.99648,0.99674,1.12,1.00
2016.08.05 05:29:33.443,0.99648,0.99675,2.62,1.12
2016.08.05 05:29:33.545,0.99649,0.99676,1.87,1.50
2016.08.05 05:29:33.646,0.99651,0.99676,1.12,1.00
2016.08.05 05:29:35.132,0.99651,0.99676,1.12,1.00
2016.08.05 05:29:36.033,0.99651,0.99676,1.12,1.00
2016.08.05 05:29:42.607,0.99651,0.99676,1.37,1.00
2016.08.05 05:29:46.362,0.99651,0.99676,1.37,1.00
2016.08.05 05:29:46.412,0.99653,0.99676,1.00,1.00
2016.08.05 05:29:47.613,0.99651,0.99676,1.37,1.00
2016.08.05 05:29:50.007,0.99652,0.99676,1.00,1.00
2016.08.05 05:30:00.302,0.99649,0.99676,1.75,1.00
2016.08.05 05:30:00.354,0.99653,0.99676,1.00,1.00
2016.08.05 05:30:02.777,0.99649,0.99676,1.75,1.37
2016.08.05 05:30:02.828,0.99649,0.99676,1.50,1.50
2016.08.05 05:30:02.879,0.99646,0.99671,1.12,1.37
2016.08.05 05:30:02.929,0.99646,0.99671,1.12,1.50
2016.08.05 05:30:02.980,0.99648,0.99677,2.25,2.25
2016.08.05 05:30:03.030,0.99649,0.99677,1.12,2.25
2016.08.05 05:30:03.141,0.99649,0.99675,1.12,1.00
2016.08.05 05:30:03.192,0.9965,0.99671,1.00,1.00
2016.08.05 05:30:03.293,0.99644,0.99669,1.87,1.00
2016.08.05 05:30:03.344,0.99644,0.99669,1.87,1.00
2016.08.05 05:30:03.535,0.99644,0.99669,1.12,1.00
2016.08.05 05:30:03.585,0.99643,0.99669,1.87,1.00
2016.08.05 05:30:03.671,0.99643,0.99669,1.87,1.37
2016.08.05 05:30:03.722,0.99643,0.99669,1.87,1.75
2016.08.05 05:30:03.772,0.99643,0.99664,1.12,1.00
2016.08.05 05:30:03.873,0.99639,0.99664,1.12,1.12
2016.08.05 05:30:03.974,0.99639,0.99663,1.12,1.00
2016.08.05 05:30:04.075,0.99638,0.99664,1.12,1.12
2016.08.05 05:30:04.485,0.99639,0.99666,1.12,2.25
2016.08.05 05:30:04.687,0.9964,0.99666,1.12,1.75
2016.08.05 05:30:04.737,0.9964,0.99666,1.12,1.75
2016.08.05 05:30:04.788,0.99642,0.99666,1.00,1.75
2016.08.05 05:30:06.977,0.99642,0.99667,1.00,1.75
2016.08.05 05:30:07.028,0.99642,0.99667,1.12,1.12
2016.08.05 05:30:12.385,0.99641,0.99667,1.12,1.12
2016.08.05 05:30:12.904,0.99642,0.99667,1.12,1.12
2016.08.05 05:30:13.305,0.99642,0.99666,1.00,1.12
2016.08.05 05:30:13.607,0.9964,0.99666,1.12,1.12
2016.08.05 05:30:13.708,0.99641,0.99666,1.37,1.12
2016.08.05 05:30:13.759,0.99641,0.99666,1.37,1.12
2016.08.05 05:30:13.809,0.99642,0.99666,1.12,1.00
2016.08.05 05:30:13.860,0.99642,0.99666,1.12,1.00
2016.08.05 05:30:13.911,0.99642,0.99668,1.12,1.37
2016.08.05 05:30:15.189,0.99641,0.99668,1.87,1.37
2016.08.05 05:30:15.249,0.99643,0.99668,1.50,1.37
2016.08.05 05:30:17.182,0.99643,0.99667,1.50,1.12
2016.08.05 05:30:18.369,0.99642,0.99667,1.12,1.12
2016.08.05 05:30:19.195,0.9964,0.99667,1.87,1.12
2016.08.05 05:30:19.246,0.99643,0.99666,1.00,1.00
2016.08.05 05:30:19.585,0.99643,0.99665,1.00,1.00
2016.08.05 05:30:19.635,0.9964,0.99665,1.87,1.37
2016.08.05 05:30:19.736,0.9964,0.99665,1.12,1.37
2016.08.05 05:30:27.722,0.9964,0.99665,1.12,1.00
2016.08.05 05:30:27.772,0.99641,0.99665,1.12,1.00
2016.08.05 05:30:27.943,0.99639,0.99665,2.62,1.00
2016.08.05 05:30:29.713,0.99642,0.99665,1.37,1.00
2016.08.05 05:30:31.749,0.99642,0.99665,1.37,1.00
2016.08.05 05:30:31.850,0.99641,0.99665,3.00,1.00
2016.08.05 05:30:31.901,0.99643,0.99669,1.75,1.50
2016.08.05 05:30:31.951,0.99648,0.99669,1.00,1.00
2016.08.05 05:30:32.002,0.99648,0.99672,1.00,1.50
2016.08.05 05:30:32.053,0.99646,0.99672,1.37,1.75
2016.08.05 05:30:32.154,0.99646,0.99672,1.12,1.50
2016.08.05 05:30:32.205,0.99649,0.99672,1.12,1.50
2016.08.05 05:30:32.511,0.99644,0.99672,1.75,1.50
2016.08.05 05:30:33.319,0.99644,0.99672,2.62,1.50
2016.08.05 05:30:33.518,0.99644,0.99672,1.75,1.50
2016.08.05 05:30:33.619,0.99644,0.99672,2.62,1.50
2016.08.05 05:30:33.670,0.99644,0.99672,2.62,1.50
2016.08.05 05:30:33.853,0.99644,0.99672,2.62,1.50
2016.08.05 05:30:33.953,0.99644,0.99672,2.62,1.50
2016.08.05 05:30:34.163,0.99644,0.99672,2.62,1.50
2016.08.05 05:30:34.264,0.99644,0.99672,1.87,1.50
2016.08.05 05:30:34.656,0.99644,0.99672,2.62,1.50
2016.08.05 05:30:34.706,0.99644,0.99671,1.87,1.12
2016.08.05 05:30:34.757,0.99643,0.99671,4.12,1.12
2016.08.05 05:30:34.807,0.99643,0.99669,4.12,1.00
2016.08.05 05:30:34.858,0.99643,0.99669,4.50,1.00
2016.08.05 05:30:34.920,0.99644,0.99669,1.87,1.00
2016.08.05 05:30:35.801,0.99644,0.99671,2.62,1.87
2016.08.05 05:30:36.023,0.99644,0.99669,1.87,1.00
2016.08.05 05:30:38.826,0.99644,0.99669,1.75,1.00
2016.08.05 05:30:39.458,0.99644,0.99669,1.87,1.00
2016.08.05 05:30:49.416,0.9965,0.99671,1.00,1.12
2016.08.05 05:30:49.466,0.9965,0.99671,1.50,1.00
2016.08.05 05:30:49.517,0.99654,0.99676,1.00,1.37
2016.08.05 05:30:49.567,0.99654,0.99677,1.50,1.00
2016.08.05 05:30:50.546,0.99655,0.99677,1.00,1.00
2016.08.05 05:30:51.047,0.99654,0.99677,1.00,1.00
2016.08.05 05:30:59.166,0.99653,0.99677,1.37,1.12
2016.08.05 05:30:59.217,0.99653,0.99677,1.12,1.50
2016.08.05 05:31:00.269,0.99654,0.99677,1.00,1.50
2016.08.05 05:31:00.819,0.99655,0.99677,1.00,1.50
2016.08.05 05:31:03.446,0.99656,0.99677,1.00,1.50
2016.08.05 05:31:04.578,0.99655,0.99677,1.00,1.50
2016.08.05 05:31:05.180,0.99654,0.99677,1.00,1.50
2016.08.05 05:31:05.281,0.99651,0.99677,1.00,1.75
2016.08.05 05:31:05.332,0.99651,0.99671,1.00,1.00
2016.08.05 05:31:05.731,0.99653,0.99671,1.00,1.00
2016.08.05 05:31:05.914,0.99653,0.99677,1.00,1.75
2016.08.05 05:31:06.732,0.99654,0.99677,1.00,1.75
2016.08.05 05:31:07.311,0.99654,0.99676,1.00,1.75
2016.08.05 05:31:09.535,0.99652,0.99676,1.00,1.75
2016.08.05 05:31:10.136,0.99653,0.99676,1.00,1.75
2016.08.05 05:31:11.566,0.9965,0.99676,1.00,2.25
2016.08.05 05:31:11.617,0.99649,0.99671,1.37,1.12
2016.08.05 05:31:11.718,0.99649,0.99676,1.37,2.25
2016.08.05 05:31:11.769,0.99649,0.99676,1.37,1.75
2016.08.05 05:31:11.819,0.99649,0.99672,1.37,1.00
2016.08.05 05:31:11.920,0.99649,0.99672,1.75,1.00
2016.08.05 05:31:12.021,0.99649,0.99677,1.75,2.25
2016.08.05 05:31:12.072,0.99648,0.99676,1.75,1.75
2016.08.05 05:31:12.647,0.99651,0.99675,1.37,1.00
2016.08.05 05:31:12.814,0.99651,0.99677,1.50,2.25
2016.08.05 05:31:12.865,0.99652,0.99677,1.37,1.50
2016.08.05 05:31:13.278,0.99651,0.99677,1.50,1.50
2016.08.05 05:31:14.091,0.99648,0.99677,4.50,1.50
2016.08.05 05:31:14.141,0.99648,0.99676,4.50,1.37
2016.08.05 05:31:14.192,0.99649,0.99676,1.12,1.37
2016.08.05 05:31:15.073,0.9965,0.99676,1.75,1.37
2016.08.05 05:31:15.542,0.99651,0.99676,1.50,1.37
2016.08.05 05:31:15.942,0.9965,0.99676,1.75,1.37
2016.08.05 05:31:16.043,0.99649,0.99676,1.87,1.37
2016.08.05 05:31:16.094,0.99649,0.99676,1.75,1.37
2016.08.05 05:31:16.144,0.99649,0.99677,1.75,2.25
2016.08.05 05:31:16.482,0.99649,0.99677,1.87,2.25
2016.08.05 05:31:17.307,0.99649,0.99677,1.75,2.25
2016.08.05 05:31:17.778,0.99649,0.99677,1.75,2.25
2016.08.05 05:31:17.879,0.99649,0.99677,1.75,2.25
2016.08.05 05:31:17.944,0.99649,0.99676,1.75,1.37
2016.08.05 05:31:18.344,0.99649,0.99677,1.75,2.25
2016.08.05 05:31:18.445,0.99649,0.99677,1.75,2.25
2016.08.05 05:31:18.660,0.99649,0.99676,1.75,1.37
2016.08.05 05:31:18.862,0.99652,0.99677,1.37,1.50
2016.08.05 05:31:18.963,0.99652,0.99676,1.37,1.00
2016.08.05 05:31:19.014,0.99655,0.99676,1.00,1.00
2016.08.05 05:31:29.324,0.99655,0.99679,1.00,1.00
2016.08.05 05:31:29.957,0.99655,0.99679,1.00,1.50
2016.08.05 05:31:30.255,0.99655,0.99679,1.00,1.00
2016.08.05 05:31:31.637,0.99655,0.99676,1.00,1.00
2016.08.05 05:31:38.735,0.99655,0.99679,1.00,1.00
2016.08.05 05:31:39.167,0.99653,0.99681,1.87,1.37
2016.08.05 05:31:39.269,0.99654,0.99681,1.87,1.00
2016.08.05 05:31:41.370,0.99654,0.99681,1.87,1.00
2016.08.05 05:31:42.659,0.99653,0.99681,2.62,1.00
2016.08.05 05:31:43.790,0.99653,0.99681,2.62,1.00
2016.08.05 05:31:43.840,0.99655,0.99681,1.12,1.00
2016.08.05 05:31:43.891,0.99656,0.99681,1.75,1.00
2016.08.05 05:31:44.049,0.99662,0.99681,1.00,1.00
2016.08.05 05:31:50.049,0.99662,0.99684,1.00,1.00
2016.08.05 05:31:50.099,0.99662,0.99684,1.00,1.00
2016.08.05 05:31:50.150,0.99658,0.99682,1.00,1.00
2016.08.05 05:31:50.201,0.99658,0.99682,1.00,1.00
2016.08.05 05:31:50.251,0.99657,0.99681,1.00,1.00
2016.08.05 05:31:50.352,0.99657,0.99681,1.00,1.50
2016.08.05 05:31:50.403,0.99657,0.99681,1.00,2.25
2016.08.05 05:31:52.806,0.99654,0.99681,1.87,1.87
2016.08.05 05:31:52.856,0.99658,0.99681,1.00,1.50
2016.08.05 05:31:52.907,0.99654,0.99681,1.87,1.50
2016.08.05 05:31:52.958,0.99657,0.99681,1.12,1.50
2016.08.05 05:31:53.008,0.99657,0.99681,1.12,1.00
2016.08.05 05:31:53.378,0.99657,0.99683,1.12,1.12
2016.08.05 05:31:53.428,0.99657,0.99683,1.12,1.12
2016.08.05 05:31:54.309,0.99657,0.99685,1.12,1.75
2016.08.05 05:31:54.755,0.99657,0.99681,1.12,1.00
2016.08.05 05:31:55.493,0.99657,0.99685,1.12,1.75
2016.08.05 05:31:55.544,0.99656,0.99684,1.50,2.62
2016.08.05 05:31:55.594,0.99652,0.99677,1.12,1.00
2016.08.05 05:31:55.645,0.99652,0.99677,1.12,1.37
2016.08.05 05:31:55.802,0.99653,0.99676,1.00,1.00
2016.08.05 05:31:55.853,0.99653,0.9968,1.75,1.75
2016.08.05 05:31:58.351,0.99653,0.9968,1.75,2.25
2016.08.05 05:31:58.452,0.99653,0.9968,1.12,2.25
2016.08.05 05:31:58.503,0.99651,0.99677,1.37,1.50
2016.08.05 05:31:58.554,0.9965,0.99677,1.87,1.50
2016.08.05 05:31:58.604,0.9965,0.99677,1.12,1.50
2016.08.05 05:31:58.655,0.99649,0.99677,1.75,1.50
2016.08.05 05:31:58.759,0.99648,0.99676,3.37,1.37
2016.08.05 05:31:59.152,0.99648,0.99676,4.50,1.37
2016.08.05 05:32:02.156,0.99649,0.99676,1.12,1.37
2016.08.05 05:32:02.206,0.99649,0.99677,1.12,1.50
2016.08.05 05:32:02.257,0.9965,0.99677,1.75,1.50
2016.08.05 05:32:02.307,0.9965,0.99678,1.75,1.75
2016.08.05 05:32:02.358,0.99651,0.99678,2.62,1.12
2016.08.05 05:32:02.459,0.99651,0.99678,3.75,1.12
2016.08.05 05:32:02.510,0.99652,0.99678,1.75,1.12
2016.08.05 05:32:02.717,0.99652,0.99681,1.87,2.25
2016.08.05 05:32:03.358,0.99652,0.99681,1.75,2.25
2016.08.05 05:32:03.459,0.99652,0.99681,1.87,2.25
2016.08.05 05:32:05.018,0.99653,0.99681,1.75,1.75
2016.08.05 05:32:05.068,0.99654,0.99681,1.12,1.50
2016.08.05 05:32:05.119,0.99655,0.99681,1.75,1.50
2016.08.05 05:32:05.169,0.99655,0.99681,1.75,1.12
2016.08.05 05:32:05.323,0.99659,0.99681,1.00,1.00
2016.08.05 05:32:05.526,0.99659,0.99679,1.00,1.00
2016.08.05 05:32:05.577,0.99653,0.99679,2.62,1.50
2016.08.05 05:32:05.628,0.99654,0.99678,1.00,1.00
2016.08.05 05:32:05.678,0.99654,0.99678,1.00,1.12
2016.08.05 05:32:05.729,0.99651,0.99678,1.75,1.87
2016.08.05 05:32:05.779,0.99651,0.99678,1.50,1.87
2016.08.05 05:32:05.830,0.99651,0.99678,1.50,1.87
2016.08.05 05:32:05.931,0.99649,0.99677,2.25,1.75
2016.08.05 05:32:05.982,0.99649,0.99677,1.75,2.25
2016.08.05 05:32:06.763,0.99649,0.99677,2.25,1.50
2016.08.05 05:32:06.813,0.9965,0.99677,1.12,1.50
2016.08.05 05:32:06.972,0.99649,0.99677,2.25,1.50
2016.08.05 05:32:09.881,0.99649,0.99677,1.75,1.50
2016.08.05 05:32:09.931,0.99651,0.99679,1.75,1.75
2016.08.05 05:32:10.052,0.99652,0.99679,2.62,1.50
2016.08.05 05:32:10.103,0.99652,0.9968,3.75,1.50
2016.08.05 05:32:11.169,0.99652,0.9968,3.37,1.50
2016.08.05 05:32:13.171,0.99652,0.9968,3.75,1.50
2016.08.05 05:32:15.021,0.99652,0.9968,3.75,1.50
2016.08.05 05:32:15.374,0.99652,0.9968,3.37,1.50
2016.08.05 05:32:17.124,0.99652,0.9968,3.37,1.50
2016.08.05 05:32:17.176,0.99652,0.9968,2.62,1.50
2016.08.05 05:32:17.227,0.99652,0.9968,2.62,1.75
2016.08.05 05:32:17.278,0.99654,0.99677,1.00,1.00
2016.08.05 05:32:17.406,0.99654,0.99677,1.00,1.50
2016.08.05 05:32:17.458,0.99654,0.99677,1.00,2.25
2016.08.05 05:32:17.648,0.99654,0.99675,1.00,1.00
2016.08.05 05:32:19.190,0.9965,0.99675,1.75,1.00
2016.08.05 05:32:19.245,0.9965,0.99675,1.75,1.12
2016.08.05 05:32:19.530,0.9965,0.99676,2.25,1.37
2016.08.05 05:32:19.581,0.9965,0.99676,1.75,1.37
2016.08.05 05:32:19.682,0.9965,0.99676,4.12,1.37
2016.08.05 05:32:19.732,0.99651,0.99676,1.75,1.37
2016.08.05 05:32:19.783,0.99655,0.99676,1.00,1.00
2016.08.05 05:32:20.681,0.99655,0.99676,1.00,1.37
2016.08.05 05:32:20.782,0.99654,0.99676,1.37,1.50
2016.08.05 05:32:20.924,0.99648,0.99666,2.25,1.00
2016.08.05 05:32:20.975,0.99641,0.99666,2.25,1.12
2016.08.05 05:32:21.026,0.99643,0.99666,1.37,1.12
2016.08.05 05:32:21.077,0.99644,0.99666,1.12,1.12
2016.08.05 05:32:21.127,0.99644,0.99666,1.50,1.12
2016.08.05 05:32:21.178,0.99641,0.99666,3.75,1.00
2016.08.05 05:32:21.229,0.99641,0.99666,2.62,1.00
2016.08.05 05:32:21.330,0.99642,0.99666,1.75,1.00
2016.08.05 05:32:21.433,0.99641,0.99666,4.50,1.00
2016.08.05 05:32:21.583,0.99641,0.99667,4.12,1.00
2016.08.05 05:32:21.633,0.99641,0.99667,4.12,1.12
2016.08.05 05:32:21.684,0.99641,0.99667,2.25,1.50
2016.08.05 05:32:21.914,0.99643,0.9967,1.50,1.75
2016.08.05 05:32:21.965,0.99643,0.9967,1.50,1.75
2016.08.05 05:32:22.831,0.99643,0.9967,1.50,1.75
2016.08.05 05:32:23.733,0.99643,0.9967,1.50,1.75
2016.08.05 05:32:23.785,0.99643,0.9967,2.25,1.75
2016.08.05 05:32:23.836,0.99644,0.9967,1.50,1.37
2016.08.05 05:32:23.887,0.99644,0.9967,1.75,1.00
2016.08.05 05:32:23.988,0.99644,0.9967,2.25,1.12
2016.08.05 05:32:24.039,0.99644,0.9967,1.75,1.12
2016.08.05 05:32:28.041,0.99644,0.99666,1.75,1.00
2016.08.05 05:32:31.595,0.99644,0.99667,1.75,1.00
2016.08.05 05:32:31.646,0.99643,0.99667,1.75,1.50
2016.08.05 05:32:31.716,0.99643,0.99667,1.75,1.00
2016.08.05 05:32:32.226,0.99644,0.99667,1.75,1.00
2016.08.05 05:32:32.696,0.99644,0.99661,1.75,1.00
2016.08.05 05:32:32.747,0.99643,0.99661,1.50,1.00
2016.08.05 05:32:32.797,0.99643,0.99666,1.50,1.50
2016.08.05 05:32:32.848,0.99637,0.99665,3.37,1.37
2016.08.05 05:32:32.898,0.99639,0.99663,1.00,1.00
2016.08.05 05:32:32.999,0.99639,0.99662,1.00,1.00
2016.08.05 05:32:33.100,0.9964,0.99663,1.00,1.00
2016.08.05 05:32:33.151,0.9964,0.99667,1.37,2.25
2016.08.05 05:32:33.201,0.99643,0.99667,1.00,2.25
2016.08.05 05:32:33.252,0.99643,0.99667,1.00,1.50
2016.08.05 05:32:33.302,0.99643,0.99666,1.00,1.00
2016.08.05 05:32:33.618,0.99643,0.99666,1.50,1.00
2016.08.05 05:32:36.862,0.99643,0.99667,1.50,1.50
2016.08.05 05:32:40.505,0.99643,0.99666,1.50,1.00
2016.08.05 05:32:40.607,0.99645,0.99666,1.00,1.00
2016.08.05 05:32:40.657,0.99643,0.99666,1.50,1.00
2016.08.05 05:32:40.708,0.99643,0.99666,1.50,1.12
2016.08.05 05:32:41.005,0.99643,0.99667,1.50,1.50
2016.08.05 05:32:44.959,0.99643,0.99666,1.50,1.12
2016.08.05 05:32:52.277,0.99641,0.99666,1.75,1.12
2016.08.05 05:32:52.440,0.99639,0.99666,2.25,1.12
2016.08.05 05:32:53.933,0.9964,0.99666,1.75,1.12
2016.08.05 05:32:55.555,0.9964,0.99667,1.75,1.50
2016.08.05 05:32:59.234,0.99643,0.99667,1.00,1.50
2016.08.05 05:32:59.285,0.9964,0.99667,1.75,1.75
2016.08.05 05:33:00.393,0.99639,0.99667,2.25,1.75
2016.08.05 05:33:00.825,0.99639,0.99666,2.25,1.50
2016.08.05 05:33:02.076,0.99642,0.99666,1.50,1.50
2016.08.05 05:33:05.595,0.9964,0.99666,1.75,1.50
2016.08.05 05:33:05.785,0.99639,0.99666,2.25,1.50
2016.08.05 05:33:06.085,0.9964,0.99666,1.75,1.50
2016.08.05 05:33:06.296,0.9964,0.99666,1.75,1.50
2016.08.05 05:33:06.749,0.99642,0.99666,1.50,1.50
2016.08.05 05:33:10.435,0.99642,0.99667,1.50,1.75
2016.08.05 05:33:12.598,0.99642,0.99667,1.87,1.75
2016.08.05 05:33:12.698,0.99643,0.99667,1.12,1.75
2016.08.05 05:33:12.951,0.99643,0.9967,1.12,1.75
2016.08.05 05:33:17.161,0.99643,0.99667,1.12,1.75
2016.08.05 05:33:18.919,0.99643,0.99667,1.50,1.12
2016.08.05 05:33:19.044,0.99643,0.99666,1.50,1.00
2016.08.05 05:33:19.311,0.99644,0.99666,1.12,1.00
2016.08.05 05:33:19.362,0.99644,0.99666,1.12,1.00
2016.08.05 05:33:19.739,0.99644,0.99666,1.12,1.00
2016.08.05 05:33:19.862,0.99644,0.9967,1.87,1.50
2016.08.05 05:33:20.615,0.99644,0.9967,1.87,1.50
2016.08.05 05:33:23.674,0.99644,0.9967,1.75,1.50
2016.08.05 05:33:24.785,0.99644,0.9967,1.87,1.50
2016.08.05 05:33:24.886,0.99644,0.99671,2.62,3.00
2016.08.05 05:33:24.937,0.99644,0.99671,3.37,3.00
2016.08.05 05:33:24.995,0.99647,0.9967,1.12,1.00
2016.08.05 05:33:25.197,0.99646,0.99673,2.62,1.37
2016.08.05 05:33:25.343,0.99646,0.99673,2.62,1.37
2016.08.05 05:33:25.444,0.99646,0.99673,2.62,1.37
2016.08.05 05:33:25.521,0.99646,0.99673,2.62,1.37
2016.08.05 05:33:25.622,0.99646,0.99673,2.25,1.37
2016.08.05 05:33:25.776,0.99646,0.99673,2.62,1.37
2016.08.05 05:33:25.877,0.99647,0.99673,1.12,1.37
2016.08.05 05:33:25.978,0.99648,0.99674,2.25,1.50
2016.08.05 05:33:26.029,0.99648,0.99674,4.12,1.00
2016.08.05 05:33:26.487,0.99648,0.99674,3.37,1.00
2016.08.05 05:33:30.271,0.99649,0.99676,1.75,1.50
2016.08.05 05:33:31.172,0.99648,0.99675,2.62,1.12
2016.08.05 05:33:32.273,0.99648,0.99677,3.37,2.25
2016.08.05 05:33:32.323,0.99648,0.99677,4.12,2.25
2016.08.05 05:33:32.985,0.99648,0.99677,3.37,2.25
2016.08.05 05:33:33.574,0.99648,0.99674,3.37,1.00
2016.08.05 05:33:34.088,0.99648,0.99674,4.12,1.00
2016.08.05 05:33:35.209,0.99648,0.99674,3.37,1.00
2016.08.05 05:33:38.958,0.99648,0.99673,2.62,1.00
2016.08.05 05:33:39.097,0.99648,0.99674,3.37,1.00
2016.08.05 05:33:39.198,0.99648,0.99675,3.37,1.12
2016.08.05 05:33:39.397,0.99648,0.99675,2.62,1.12
2016.08.05 05:33:40.952,0.99648,0.99675,2.62,1.12
2016.08.05 05:33:41.003,0.99649,0.99673,1.75,1.00
2016.08.05 05:33:41.053,0.99653,0.99673,1.00,1.00
2016.08.05 05:33:41.154,0.99645,0.99671,4.12,1.00
2016.08.05 05:33:41.205,0.99646,0.99673,2.25,1.12
2016.08.05 05:33:41.306,0.99646,0.99671,2.25,1.00
2016.08.05 05:33:41.357,0.99646,0.99671,2.25,1.12
2016.08.05 05:33:41.407,0.99646,0.99671,1.75,1.87
2016.08.05 05:33:41.609,0.99645,0.99671,1.75,1.12
2016.08.05 05:33:41.811,0.99645,0.99671,1.75,1.87
2016.08.05 05:33:43.807,0.99646,0.99671,1.75,1.87
2016.08.05 05:33:43.908,0.99646,0.99671,1.75,1.12
2016.08.05 05:33:47.116,0.99646,0.99671,2.25,1.12
2016.08.05 05:33:47.167,0.99646,0.99671,2.25,1.00
2016.08.05 05:33:47.250,0.99646,0.99671,2.25,1.00
2016.08.05 05:33:47.516,0.99646,0.99671,1.75,1.00
2016.08.05 05:33:49.853,0.99646,0.99671,1.75,1.00
2016.08.05 05:33:55.723,0.99646,0.99673,1.75,1.00
2016.08.05 05:33:55.773,0.99644,0.99673,1.75,1.75
2016.08.05 05:33:55.824,0.99643,0.99669,1.75,1.12
2016.08.05 05:33:56.177,0.99642,0.99667,2.62,1.00
2016.08.05 05:34:01.253,0.99644,0.99667,1.12,1.00
2016.08.05 05:34:01.505,0.99644,0.99669,1.12,1.00
2016.08.05 05:34:02.364,0.99645,0.9967,1.12,1.00
2016.08.05 05:34:02.415,0.99645,0.99671,1.12,1.12
2016.08.05 05:34:06.022,0.99645,0.9967,1.12,1.00
2016.08.05 05:34:06.072,0.99645,0.9967,1.75,1.00
2016.08.05 05:34:06.262,0.99645,0.9967,1.87,1.00
2016.08.05 05:34:06.312,0.99645,0.9967,1.87,1.00
2016.08.05 05:34:06.363,0.99645,0.9967,1.75,1.00
2016.08.05 05:34:06.538,0.99644,0.9967,2.62,1.00
2016.08.05 05:34:06.905,0.99644,0.99671,2.62,1.12
2016.08.05 05:34:08.841,0.99645,0.99671,1.75,1.12
2016.08.05 05:34:08.942,0.99645,0.99671,2.25,1.87
2016.08.05 05:34:09.218,0.99645,0.99671,2.25,1.12
2016.08.05 05:34:09.841,0.99645,0.99671,1.75,1.12
2016.08.05 05:34:13.980,0.99645,0.99671,1.87,1.12
2016.08.05 05:34:14.349,0.99645,0.99671,1.75,1.12
2016.08.05 05:34:14.549,0.99645,0.99671,1.87,1.12
2016.08.05 05:34:15.613,0.99645,0.99672,1.87,1.50
2016.08.05 05:34:15.664,0.99645,0.99672,1.12,1.50
2016.08.05 05:34:16.182,0.99646,0.99672,1.12,1.50
2016.08.05 05:34:16.333,0.99647,0.99672,1.75,1.50
2016.08.05 05:34:16.689,0.99648,0.99672,1.50,1.50
2016.08.05 05:34:16.809,0.99648,0.99673,3.37,1.00
2016.08.05 05:34:16.862,0.99652,0.99676,1.37,1.50
2016.08.05 05:34:17.085,0.99652,0.99676,1.12,1.50
2016.08.05 05:34:17.786,0.99654,0.99676,1.12,1.00
2016.08.05 05:34:17.837,0.99654,0.9968,1.87,1.75
2016.08.05 05:34:17.887,0.99654,0.9968,1.75,1.75
2016.08.05 05:34:18.039,0.99654,0.9968,1.75,1.75
2016.08.05 05:34:18.493,0.99654,0.9968,1.75,1.75
2016.08.05 05:34:18.594,0.99654,0.9968,1.87,1.12
2016.08.05 05:34:18.645,0.99654,0.99676,1.12,1.00
2016.08.05 05:34:18.695,0.99653,0.99676,1.87,1.00
2016.08.05 05:34:18.746,0.99654,0.99681,2.25,2.25
2016.08.05 05:34:18.796,0.99654,0.99681,2.62,2.25
2016.08.05 05:34:19.109,0.99657,0.99681,1.00,2.25
2016.08.05 05:34:19.326,0.99657,0.9968,1.00,1.00
2016.08.05 05:34:19.742,0.99657,0.99681,1.00,2.25
2016.08.05 05:34:24.126,0.99652,0.99677,1.12,1.12
2016.08.05 05:34:24.176,0.99651,0.99677,2.62,1.12
2016.08.05 05:34:24.704,0.99652,0.99677,1.87,1.12
2016.08.05 05:34:25.865,0.99651,0.99677,2.25,1.12
2016.08.05 05:34:25.968,0.99652,0.99677,1.87,1.12
2016.08.05 05:34:27.587,0.99651,0.99677,2.25,1.12
2016.08.05 05:34:31.114,0.99651,0.99676,2.25,1.00
2016.08.05 05:34:37.585,0.99652,0.99676,1.75,1.00
2016.08.05 05:34:38.381,0.99652,0.99676,2.25,1.00
2016.08.05 05:34:38.817,0.99652,0.99677,2.25,1.12
2016.08.05 05:34:39.182,0.99652,0.99677,1.75,1.12
2016.08.05 05:34:39.283,0.99652,0.99677,1.75,1.00
2016.08.05 05:34:39.934,0.99652,0.99676,1.75,1.00
2016.08.05 05:34:40.638,0.99651,0.99676,1.87,1.00
2016.08.05 05:34:40.985,0.99652,0.99676,1.12,1.00
2016.08.05 05:34:41.086,0.99654,0.99676,1.00,1.00
2016.08.05 05:34:41.136,0.99654,0.9968,1.00,1.75
2016.08.05 05:34:41.310,0.99653,0.99681,2.62,1.37
2016.08.05 05:34:41.360,0.99658,0.99682,1.12,1.50
2016.08.05 05:34:41.461,0.99658,0.99682,1.75,1.12
2016.08.05 05:34:42.177,0.99656,0.99682,1.75,1.12
2016.08.05 05:34:45.842,0.99658,0.99682,1.75,1.12
2016.08.05 05:34:45.893,0.99658,0.99682,1.87,1.12
2016.08.05 05:34:46.390,0.99658,0.99682,1.12,1.12
2016.08.05 05:34:46.542,0.99658,0.99682,1.12,1.12
2016.08.05 05:34:46.593,0.99658,0.99682,1.87,1.12
2016.08.05 05:34:47.833,0.99658,0.99682,1.87,1.12
2016.08.05 05:34:48.495,0.99657,0.99682,1.87,1.12
2016.08.05 05:34:58.006,0.99658,0.99682,1.12,1.12
2016.08.05 05:34:59.319,0.99657,0.99682,1.87,1.12
2016.08.05 05:35:01.523,0.99657,0.99682,1.75,1.12
2016.08.05 05:35:05.862,0.99656,0.99682,2.25,1.12
2016.08.05 05:35:06.262,0.99658,0.99682,1.75,1.12
2016.08.05 05:35:08.096,0.99656,0.99682,1.75,1.12
2016.08.05 05:35:09.918,0.99656,0.99682,2.25,1.12
2016.08.05 05:35:11.827,0.99656,0.99682,1.75,1.12
2016.08.05 05:35:13.121,0.99656,0.99682,2.25,1.12
2016.08.05 05:35:13.222,0.99658,0.99682,1.75,1.00
2016.08.05 05:35:13.273,0.99658,0.99682,2.25,1.00
2016.08.05 05:35:15.896,0.99659,0.99682,1.75,1.00
2016.08.05 05:35:17.799,0.99658,0.99682,2.25,1.00
2016.08.05 05:35:19.216,0.99658,0.99682,2.25,1.00
2016.08.05 05:35:27.559,0.99658,0.99681,2.25,1.00
2016.08.05 05:35:28.795,0.99658,0.99681,2.25,1.00
2016.08.05 05:35:28.846,0.99658,0.99681,1.75,1.00
2016.08.05 05:35:28.897,0.99657,0.99681,4.12,1.00
2016.08.05 05:35:28.947,0.99657,0.99681,3.37,1.00
2016.08.05 05:35:29.250,0.99657,0.99681,4.12,1.00
2016.08.05 05:35:31.102,0.99657,0.99686,4.12,2.62
2016.08.05 05:35:31.153,0.99662,0.99686,1.37,2.25
2016.08.05 05:35:31.203,0.99662,0.99686,1.50,1.87
2016.08.05 05:35:31.254,0.99662,0.99686,1.50,1.50
2016.08.05 05:35:31.304,0.99666,0.99686,1.00,1.50
2016.08.05 05:35:35.187,0.99666,0.99686,1.00,1.00
2016.08.05 05:35:38.655,0.99661,0.99686,1.75,1.00
2016.08.05 05:35:38.705,0.99663,0.99686,1.00,1.00
2016.08.05 05:35:39.105,0.99663,0.99686,1.00,1.00
2016.08.05 05:35:39.156,0.99661,0.99686,1.75,1.00
2016.08.05 05:35:41.228,0.99659,0.99686,4.12,1.00
2016.08.05 05:35:41.279,0.99659,0.99684,1.75,1.00
2016.08.05 05:35:41.393,0.99659,0.99686,1.75,1.87
2016.08.05 05:35:42.037,0.99659,0.99686,2.25,1.87
2016.08.05 05:35:42.307,0.9966,0.99686,1.75,1.12
2016.08.05 05:35:42.509,0.9966,0.99687,1.75,1.75
2016.08.05 05:35:42.560,0.9966,0.99685,1.75,1.37
2016.08.05 05:35:42.611,0.99659,0.99684,1.75,1.12
2016.08.05 05:35:42.712,0.99658,0.99681,1.75,1.00
2016.08.05 05:35:43.782,0.99658,0.99685,2.25,1.12
2016.08.05 05:35:46.016,0.99658,0.99685,2.25,1.12
2016.08.05 05:35:46.067,0.99659,0.99685,1.75,1.50
2016.08.05 05:35:46.746,0.99658,0.99685,2.25,1.50
2016.08.05 05:35:49.822,0.99658,0.99685,2.25,1.50
2016.08.05 05:35:49.986,0.99656,0.99681,2.25,1.00
2016.08.05 05:35:56.139,0.99657,0.99679,1.00,1.00
2016.08.05 05:35:56.189,0.99657,0.99676,1.00,1.00
2016.08.05 05:35:56.240,0.99652,0.99676,1.75,1.00
2016.08.05 05:35:56.291,0.99651,0.99679,1.75,1.87
2016.08.05 05:35:56.392,0.99651,0.99679,1.75,1.75
2016.08.05 05:35:56.442,0.99651,0.9968,1.75,1.87
2016.08.05 05:35:56.493,0.99651,0.9968,1.87,1.75
2016.08.05 05:35:56.712,0.99652,0.99681,1.75,1.87
2016.08.05 05:35:57.018,0.99656,0.99682,1.75,1.50
2016.08.05 05:35:57.068,0.99656,0.99682,2.25,1.12
2016.08.05 05:35:57.169,0.99656,0.99682,2.25,1.12
2016.08.05 05:35:57.220,0.99657,0.99682,1.75,1.12
2016.08.05 05:35:57.715,0.99657,0.99684,1.75,1.87
2016.08.05 05:35:57.867,0.99657,0.99684,1.75,1.50
2016.08.05 05:35:59.235,0.99658,0.99682,1.00,1.00
2016.08.05 05:36:01.572,0.99658,0.99682,1.00,1.00
2016.08.05 05:36:01.885,0.99658,0.99682,1.50,1.00
2016.08.05 05:36:06.217,0.99658,0.99682,1.00,1.00
2016.08.05 05:36:08.260,0.99658,0.99684,1.75,1.12
2016.08.05 05:36:08.361,0.99659,0.99686,1.75,1.12
2016.08.05 05:36:08.411,0.99661,0.99688,1.50,1.75
2016.08.05 05:36:08.462,0.99661,0.99688,1.75,1.12
2016.08.05 05:36:08.584,0.99661,0.99686,1.75,1.12
2016.08.05 05:36:08.635,0.99658,0.99681,3.37,1.00
2016.08.05 05:36:08.685,0.99658,0.99681,1.75,1.00
2016.08.05 05:36:08.843,0.99659,0.99686,1.75,1.50
2016.08.05 05:36:08.894,0.99659,0.99686,1.75,1.12
2016.08.05 05:36:09.144,0.99659,0.99686,1.75,1.37
2016.08.05 05:36:09.195,0.99659,0.99686,1.75,1.75
2016.08.05 05:36:09.246,0.99658,0.99682,1.37,1.37
2016.08.05 05:36:09.296,0.99658,0.99681,1.00,1.00
2016.08.05 05:36:13.166,0.99658,0.99682,1.12,1.50
2016.08.05 05:36:13.267,0.99658,0.99682,1.00,1.75
2016.08.05 05:36:13.776,0.99658,0.99682,1.75,1.12
2016.08.05 05:36:13.877,0.99661,0.99682,1.00,1.00
2016.08.05 05:36:14.129,0.99661,0.99685,1.00,1.00
2016.08.05 05:36:17.320,0.99661,0.99681,1.00,1.00
2016.08.05 05:36:17.681,0.99659,0.99681,1.12,1.00
2016.08.05 05:36:18.181,0.99659,0.99681,1.00,1.50
2016.08.05 05:36:18.332,0.99657,0.99681,1.12,1.50
2016.08.05 05:36:18.952,0.99656,0.99684,1.37,1.75
2016.08.05 05:36:19.002,0.99656,0.99684,2.25,1.75
2016.08.05 05:36:19.104,0.99656,0.99684,1.50,1.75
2016.08.05 05:36:19.330,0.99657,0.99684,1.37,1.75
2016.08.05 05:36:19.381,0.99657,0.99684,1.75,1.50
2016.08.05 05:36:19.431,0.99657,0.99683,1.75,1.00
2016.08.05 05:36:20.538,0.99659,0.99683,1.12,1.00
2016.08.05 05:36:20.639,0.99659,0.99682,1.12,1.00
2016.08.05 05:36:21.637,0.99659,0.99683,1.12,1.00
2016.08.05 05:36:21.687,0.99659,0.99683,1.12,1.00
2016.08.05 05:36:21.738,0.99659,0.99685,1.12,2.25
2016.08.05 05:36:21.788,0.99661,0.99685,1.00,2.25
2016.08.05 05:36:21.839,0.99661,0.99685,1.00,1.50
2016.08.05 05:36:26.914,0.99661,0.99685,1.00,1.50
2016.08.05 05:36:28.918,0.99661,0.99685,1.00,1.50
2016.08.05 05:36:30.178,0.99659,0.99685,1.75,1.12
2016.08.05 05:36:30.229,0.99659,0.99685,1.75,1.00
2016.08.05 05:36:30.484,0.99659,0.99687,1.75,1.50
2016.08.05 05:36:39.120,0.99659,0.99687,2.25,1.50
2016.08.05 05:36:43.796,0.99664,0.99687,1.00,1.37
2016.08.05 05:36:43.847,0.99661,0.99688,2.62,1.12
2016.08.05 05:36:43.898,0.99661,0.99688,3.37,1.12
2016.08.05 05:36:44.055,0.99662,0.99688,1.75,1.12
2016.08.05 05:36:44.106,0.99664,0.99689,1.75,1.00
2016.08.05 05:36:46.344,0.99665,0.99689,1.75,1.00
2016.08.05 05:36:46.494,0.99665,0.99691,1.75,1.12
2016.08.05 05:36:49.493,0.99665,0.99691,1.75,1.00
2016.08.05 05:36:56.551,0.99665,0.99691,1.75,1.00
2016.08.05 05:36:59.199,0.99668,0.99691,1.00,1.00
2016.08.05 05:37:13.509,0.99668,0.99691,1.00,1.00
2016.08.05 05:37:14.612,0.99668,0.99691,1.00,1.50
2016.08.05 05:37:16.485,0.99668,0.99691,1.00,1.00
2016.08.05 05:37:20.216,0.99666,0.99691,3.37,1.00
2016.08.05 05:37:20.435,0.99667,0.99691,1.75,1.00
2016.08.05 05:37:20.485,0.99667,0.99694,1.75,1.87
2016.08.05 05:37:20.536,0.99667,0.99694,1.75,1.50
2016.08.05 05:37:22.173,0.99667,0.99691,1.75,1.00
2016.08.05 05:37:30.964,0.99666,0.99691,4.12,1.00
2016.08.05 05:37:31.949,0.99666,0.99691,3.37,1.00
2016.08.05 05:37:32.699,0.99667,0.99691,1.75,1.00
2016.08.05 05:37:37.904,0.99666,0.99691,3.37,1.00
2016.08.05 05:37:37.955,0.99666,0.99691,2.62,1.00
2016.08.05 05:37:38.197,0.99665,0.99691,5.62,1.00
2016.08.05 05:37:38.349,0.99666,0.99691,1.75,1.12
2016.08.05 05:37:38.908,0.99666,0.99691,1.75,1.12
2016.08.05 05:37:38.959,0.99665,0.99691,5.62,1.00
2016.08.05 05:37:39.010,0.99665,0.99691,5.62,1.00
2016.08.05 05:37:39.061,0.99665,0.99691,1.75,1.00
2016.08.05 05:37:39.162,0.99664,0.9969,1.75,1.12
2016.08.05 05:37:39.212,0.99664,0.9969,1.75,1.50
2016.08.05 05:37:39.263,0.99666,0.9969,1.00,1.50
2016.08.05 05:37:41.707,0.99666,0.99689,1.00,1.00
2016.08.05 05:37:42.341,0.99666,0.99686,1.00,1.00
2016.08.05 05:37:51.275,0.99666,0.99689,1.00,1.37
2016.08.05 05:37:51.325,0.99666,0.99688,1.00,1.12
2016.08.05 05:37:51.376,0.99662,0.99688,1.75,1.75
2016.08.05 05:37:51.426,0.99658,0.99687,2.25,1.87
2016.08.05 05:37:51.477,0.99658,0.99687,1.75,2.62
2016.08.05 05:37:51.528,0.99662,0.99687,1.50,1.87
2016.08.05 05:37:51.578,0.99662,0.99687,1.50,1.37
2016.08.05 05:37:51.628,0.99663,0.99687,1.75,1.00
2016.08.05 05:37:52.147,0.99663,0.99686,1.75,1.00
2016.08.05 05:38:01.571,0.99663,0.99686,1.75,1.00
2016.08.05 05:38:06.993,0.99663,0.99689,1.75,1.37
2016.08.05 05:38:07.044,0.99663,0.99689,1.50,1.75
2016.08.05 05:38:07.095,0.99663,0.99688,1.50,1.12
2016.08.05 05:38:07.145,0.99659,0.99688,2.25,1.87
2016.08.05 05:38:07.296,0.99659,0.99686,2.25,1.12
2016.08.05 05:38:11.782,0.99661,0.99686,1.75,1.12
2016.08.05 05:38:13.875,0.99661,0.99686,1.75,1.50
2016.08.05 05:38:13.976,0.9966,0.99686,1.75,2.25
2016.08.05 05:38:14.178,0.9966,0.99686,1.75,1.87
2016.08.05 05:38:14.738,0.99659,0.99686,2.25,1.87
2016.08.05 05:38:16.679,0.9966,0.99686,1.75,1.87
2016.08.05 05:38:16.730,0.9966,0.99686,3.37,1.50
2016.08.05 05:38:16.780,0.99662,0.99686,1.75,1.00
2016.08.05 05:38:17.286,0.99663,0.99686,1.75,1.00
2016.08.05 05:38:17.867,0.99662,0.99686,2.25,1.00
2016.08.05 05:38:18.168,0.99663,0.99686,1.75,1.00
2016.08.05 05:38:28.597,0.99663,0.99686,1.87,1.00
2016.08.05 05:38:29.899,0.99663,0.99686,1.75,1.00
2016.08.05 05:38:33.311,0.99663,0.99686,2.25,1.00
2016.08.05 05:38:34.873,0.99663,0.99691,1.50,1.75
2016.08.05 05:38:34.924,0.99663,0.99687,1.00,1.00
2016.08.05 05:38:34.989,0.99659,0.99681,2.62,1.00
2016.08.05 05:38:35.040,0.99661,0.99681,1.75,1.00
2016.08.05 05:38:35.168,0.99663,0.99681,1.00,1.00
2016.08.05 05:38:35.219,0.9966,0.99681,1.75,1.00
2016.08.05 05:38:35.320,0.99659,0.99685,1.75,1.12
2016.08.05 05:38:35.472,0.99657,0.99686,3.37,2.25
2016.08.05 05:38:35.522,0.99657,0.99686,4.12,1.50
2016.08.05 05:38:38.371,0.9966,0.99686,2.62,1.00
2016.08.05 05:38:38.421,0.9966,0.99686,3.37,1.00
2016.08.05 05:38:38.472,0.99662,0.99691,1.75,1.87
2016.08.05 05:38:38.523,0.99662,0.99691,1.75,1.75
2016.08.05 05:38:38.573,0.9967,0.99691,1.00,1.00
2016.08.05 05:38:38.624,0.9967,0.99691,1.00,1.37
2016.08.05 05:38:38.725,0.9967,0.99691,1.00,1.12
2016.08.05 05:38:39.186,0.99666,0.99691,1.75,1.50
2016.08.05 05:38:40.630,0.99666,0.99691,1.75,1.12
2016.08.05 05:38:40.681,0.99671,0.99692,1.00,1.50
2016.08.05 05:38:40.782,0.99671,0.99691,1.00,1.00
2016.08.05 05:38:42.994,0.99666,0.99692,2.25,1.12
2016.08.05 05:38:43.044,0.99666,0.99692,2.25,1.50
2016.08.05 05:38:43.196,0.99666,0.99691,2.25,1.12
2016.08.05 05:38:43.297,0.99666,0.99691,1.75,1.12
2016.08.05 05:38:43.595,0.99664,0.99691,2.25,1.12
2016.08.05 05:38:45.619,0.99664,0.99691,1.75,1.00
2016.08.05 05:38:48.530,0.99664,0.99691,2.25,1.00
2016.08.05 05:38:53.199,0.99664,0.99692,2.25,2.25
2016.08.05 05:38:53.250,0.99664,0.99692,1.75,1.87
2016.08.05 05:38:53.776,0.99665,0.99692,1.75,1.87
2016.08.05 05:38:56.934,0.99665,0.99692,1.75,2.25
2016.08.05 05:38:59.137,0.99665,0.99692,1.75,1.87
2016.08.05 05:38:59.237,0.99665,0.99692,2.25,1.87
2016.08.05 05:38:59.288,0.99666,0.99692,1.75,1.12
2016.08.05 05:38:59.338,0.99668,0.99693,1.50,1.37
2016.08.05 05:38:59.389,0.99668,0.99694,2.25,1.50
2016.08.05 05:38:59.541,0.99668,0.99694,1.75,1.12
2016.08.05 05:38:59.801,0.99668,0.99694,1.75,1.00
2016.08.05 05:38:59.852,0.99673,0.99694,1.00,1.00
2016.08.05 05:39:00.081,0.99673,0.99696,1.00,1.12
2016.08.05 05:39:00.739,0.99673,0.99696,1.00,1.37
2016.08.05 05:39:03.916,0.99673,0.99697,1.00,2.62
2016.08.05 05:39:09.085,0.99673,0.99697,1.00,2.25
2016.08.05 05:39:10.476,0.99673,0.99697,1.00,2.62
2016.08.05 05:39:11.510,0.99673,0.99696,1.00,1.37
2016.08.05 05:39:19.154,0.99668,0.99696,2.25,1.37
2016.08.05 05:39:19.205,0.9967,0.99696,1.75,1.37
2016.08.05 05:39:19.255,0.9967,0.99696,1.75,1.50
2016.08.05 05:39:22.865,0.99669,0.99696,1.75,1.12
2016.08.05 05:39:23.666,0.9967,0.99696,1.75,1.50
2016.08.05 05:39:23.935,0.9967,0.99696,1.75,2.25
2016.08.05 05:39:23.985,0.99668,0.99696,2.62,1.87
2016.08.05 05:39:24.119,0.99667,0.99696,5.25,1.87
2016.08.05 05:39:24.169,0.99667,0.99696,3.37,2.25
2016.08.05 05:39:24.513,0.99667,0.99696,3.37,2.62
2016.08.05 05:39:28.317,0.99667,0.99696,3.37,2.25
2016.08.05 05:39:28.368,0.9967,0.99696,1.75,1.50
2016.08.05 05:39:28.469,0.9967,0.99697,1.75,2.25
2016.08.05 05:39:29.377,0.9967,0.99697,1.75,1.75
2016.08.05 05:39:31.077,0.9967,0.99697,1.75,1.12
2016.08.05 05:39:31.382,0.9967,0.99697,2.25,1.12
2016.08.05 05:39:39.221,0.9967,0.99697,2.25,1.12
2016.08.05 05:39:43.642,0.9967,0.99697,2.25,1.12
2016.08.05 05:39:49.397,0.9967,0.99697,1.75,1.12
2016.08.05 05:39:49.901,0.99671,0.99697,1.75,1.00
2016.08.05 05:39:49.973,0.99675,0.99697,1.00,1.00
2016.08.05 05:39:53.795,0.99671,0.99697,1.75,1.00
2016.08.05 05:39:53.846,0.9967,0.99699,2.25,1.37
2016.08.05 05:39:53.897,0.9967,0.99699,2.25,1.00
2016.08.05 05:39:53.947,0.99671,0.99696,1.75,1.00
2016.08.05 05:39:53.998,0.99672,0.99696,2.62,1.00
2016.08.05 05:39:54.048,0.99674,0.99696,1.75,1.12
2016.08.05 05:39:54.099,0.99674,0.99695,1.37,1.12
2016.08.05 05:39:54.150,0.99671,0.99695,2.62,1.12
2016.08.05 05:39:54.200,0.9967,0.99697,1.75,1.87
2016.08.05 05:39:54.251,0.9967,0.99697,1.75,1.00
2016.08.05 05:39:54.301,0.99669,0.99697,2.25,1.37
2016.08.05 05:39:54.352,0.99669,0.99697,1.75,1.37
2016.08.05 05:39:54.402,0.9967,0.99697,1.50,1.75
2016.08.05 05:39:54.503,0.9967,0.99697,1.75,1.50
2016.08.05 05:39:54.554,0.9967,0.99697,1.75,2.25
2016.08.05 05:39:54.710,0.9967,0.99697,1.75,1.12
2016.08.05 05:39:55.509,0.99671,0.99697,1.75,1.12
2016.08.05 05:39:56.907,0.99672,0.99697,1.50,1.12
2016.08.05 05:39:59.878,0.9967,0.99697,1.75,1.12
2016.08.05 05:40:01.356,0.9967,0.99696,1.75,1.00
2016.08.05 05:40:04.118,0.99672,0.99696,1.50,1.00
2016.08.05 05:40:10.025,0.99673,0.99696,1.00,1.00
2016.08.05 05:40:10.126,0.99672,0.99691,1.75,1.00
2016.08.05 05:40:10.177,0.99672,0.99697,2.25,1.12
2016.08.05 05:40:10.227,0.99676,0.99697,1.00,1.00
2016.08.05 05:40:10.328,0.99672,0.99697,3.75,1.00
2016.08.05 05:40:10.429,0.99675,0.99697,1.75,1.00
2016.08.05 05:40:11.131,0.99675,0.99696,1.75,1.00
2016.08.05 05:40:11.634,0.99674,0.99696,1.75,1.00
2016.08.05 05:40:12.184,0.99674,0.99697,1.75,1.00
2016.08.05 05:40:12.787,0.99674,0.99696,1.75,1.00
2016.08.05 05:40:13.447,0.99674,0.99696,1.87,1.00
2016.08.05 05:40:13.549,0.99674,0.99696,2.62,1.00
2016.08.05 05:40:13.599,0.99676,0.99696,1.75,1.00
2016.08.05 05:40:13.801,0.99678,0.99696,1.37,1.00
2016.08.05 05:40:14.701,0.99678,0.99701,1.37,1.37
2016.08.05 05:40:14.984,0.99676,0.99701,1.75,1.37
2016.08.05 05:40:16.594,0.99676,0.99696,1.75,1.00
2016.08.05 05:40:16.644,0.99676,0.99696,1.75,1.00
2016.08.05 05:40:17.618,0.99676,0.99702,1.75,1.50
2016.08.05 05:40:19.621,0.99675,0.99702,1.75,1.50
2016.08.05 05:40:23.619,0.99677,0.99702,1.50,1.50
2016.08.05 05:40:23.822,0.99676,0.99702,1.75,2.25
2016.08.05 05:40:23.872,0.99676,0.99702,1.37,2.62
2016.08.05 05:40:23.973,0.99676,0.99702,1.00,2.62
2016.08.05 05:40:24.024,0.99676,0.99701,1.00,1.75
2016.08.05 05:40:24.074,0.99676,0.99701,1.00,1.87
2016.08.05 05:40:24.175,0.99676,0.99701,1.00,1.75
2016.08.05 05:40:24.378,0.99676,0.99697,1.00,1.00
2016.08.05 05:40:30.710,0.99677,0.99697,1.37,1.00
2016.08.05 05:40:30.761,0.99677,0.99697,1.50,1.00
2016.08.05 05:40:30.863,0.99677,0.99697,1.50,1.00
2016.08.05 05:40:32.900,0.99676,0.99697,1.75,1.00
2016.08.05 05:40:36.188,0.99676,0.99702,1.75,1.75
2016.08.05 05:40:36.503,0.99677,0.99702,1.50,1.75
2016.08.05 05:40:41.107,0.99676,0.99702,1.75,1.75
2016.08.05 05:40:41.718,0.99675,0.99701,1.75,1.50
2016.08.05 05:40:42.008,0.99676,0.99702,1.75,1.87
2016.08.05 05:40:42.867,0.99676,0.99702,1.75,1.75
2016.08.05 05:40:43.568,0.99676,0.99702,1.75,1.87
2016.08.05 05:40:43.619,0.99674,0.99702,1.75,2.62
2016.08.05 05:40:44.069,0.99674,0.99701,1.75,1.37
2016.08.05 05:40:44.795,0.99674,0.99697,1.75,1.00
2016.08.05 05:40:45.396,0.99674,0.99701,1.75,1.87
2016.08.05 05:40:46.096,0.99674,0.99701,1.75,1.50
2016.08.05 05:40:48.244,0.99674,0.99697,1.75,1.00
2016.08.05 05:40:48.766,0.99675,0.99697,1.75,1.00
2016.08.05 05:40:50.116,0.99674,0.99697,1.75,1.00
2016.08.05 05:40:52.519,0.99676,0.99697,1.75,1.00
2016.08.05 05:40:55.405,0.99676,0.99696,1.75,1.00
2016.08.05 05:40:57.032,0.99677,0.99696,1.75,1.00
2016.08.05 05:40:57.133,0.99677,0.99701,1.75,1.12
2016.08.05 05:40:59.106,0.99677,0.99701,1.75,1.00
2016.08.05 05:41:02.161,0.99675,0.99701,3.37,1.00
2016.08.05 05:41:02.212,0.99682,0.99701,1.00,1.00
2016.08.05 05:41:14.980,0.99682,0.99696,1.00,1.00
2016.08.05 05:41:15.031,0.99675,0.99696,3.37,1.00
2016.08.05 05:41:15.082,0.99675,0.99696,2.62,1.50
2016.08.05 05:41:15.132,0.99669,0.99696,1.75,2.62
2016.08.05 05:41:15.183,0.99667,0.99696,2.25,2.62
2016.08.05 05:41:15.233,0.99667,0.99694,2.25,1.12
2016.08.05 05:41:15.284,0.99667,0.99694,2.25,1.87
2016.08.05 05:41:15.335,0.99667,0.99691,2.25,1.00
2016.08.05 05:41:15.385,0.9967,0.99691,1.12,1.00
2016.08.05 05:41:15.436,0.99671,0.99691,1.50,1.00
2016.08.05 05:41:15.537,0.99675,0.99691,1.00,1.00
2016.08.05 05:41:15.640,0.99671,0.99691,1.75,1.00
2016.08.05 05:41:15.842,0.99671,0.99697,2.25,1.50
2016.08.05 05:41:16.088,0.99671,0.99697,2.25,1.50
2016.08.05 05:41:16.341,0.99673,0.99697,1.50,1.50
2016.08.05 05:41:16.642,0.99673,0.99697,1.50,1.37
2016.08.05 05:41:22.655,0.99671,0.99696,1.75,1.12
2016.08.05 05:41:23.157,0.99671,0.99696,2.25,1.12
2016.08.05 05:41:39.168,0.99671,0.99697,1.75,1.37
2016.08.05 05:41:39.320,0.99674,0.99697,1.00,1.00
2016.08.05 05:41:39.421,0.99674,0.99697,1.00,1.00
2016.08.05 05:41:39.572,0.99672,0.99696,1.75,1.00
2016.08.05 05:41:39.699,0.99675,0.99696,1.75,1.00
2016.08.05 05:41:39.901,0.99677,0.99697,1.37,1.00
2016.08.05 05:41:41.967,0.99679,0.99701,1.37,1.37
2016.08.05 05:41:42.018,0.99679,0.99701,1.75,1.00
2016.08.05 05:41:42.069,0.9968,0.99706,1.75,1.37
2016.08.05 05:41:42.119,0.9968,0.99706,1.75,1.00
2016.08.05 05:41:42.443,0.9968,0.99696,1.75,1.00
2016.08.05 05:41:43.119,0.9968,0.99696,1.75,1.00
2016.08.05 05:41:43.170,0.99678,0.99696,1.75,1.00
2016.08.05 05:41:43.271,0.99677,0.99696,3.37,1.00
2016.08.05 05:41:43.322,0.99677,0.99696,1.50,1.00
2016.08.05 05:41:51.135,0.99676,0.99696,1.75,1.00
2016.08.05 05:41:51.467,0.99676,0.99701,1.75,1.12
2016.08.05 05:41:53.623,0.99678,0.99701,1.37,1.12
2016.08.05 05:41:56.680,0.99678,0.99702,1.37,1.37
2016.08.05 05:41:56.832,0.9968,0.99702,1.75,1.00
2016.08.05 05:41:57.679,0.9968,0.99701,1.75,1.00
2016.08.05 05:42:06.647,0.99678,0.99701,1.75,1.00
2016.08.05 05:42:09.288,0.99678,0.99701,2.25,1.00
2016.08.05 05:42:09.918,0.9968,0.99701,1.00,1.00
2016.08.05 05:42:10.485,0.9968,0.99702,1.00,1.00
2016.08.05 05:42:15.271,0.99677,0.99702,3.37,1.00
2016.08.05 05:42:15.322,0.99678,0.99702,1.75,1.00
2016.08.05 05:42:15.423,0.99678,0.99702,2.25,1.00
2016.08.05 05:42:16.069,0.99678,0.99701,2.25,1.00
2016.08.05 05:42:19.101,0.99678,0.99701,1.75,1.00
2016.08.05 05:42:21.686,0.99678,0.99701,1.75,1.00
2016.08.05 05:42:21.737,0.99678,0.99701,2.25,1.00
2016.08.05 05:42:21.931,0.99677,0.99701,3.37,1.00
2016.08.05 05:42:27.990,0.99677,0.99701,3.37,1.00
2016.08.05 05:42:28.041,0.99677,0.99701,2.62,1.00
2016.08.05 05:42:28.091,0.99676,0.99701,1.75,1.00
2016.08.05 05:42:29.308,0.99678,0.99701,1.75,1.00
2016.08.05 05:42:30.111,0.99676,0.99701,1.75,1.00
2016.08.05 05:42:31.060,0.99678,0.99701,1.75,1.00
2016.08.05 05:42:36.241,0.99677,0.99701,1.75,1.00
2016.08.05 05:42:36.936,0.99678,0.99701,1.75,1.00
2016.08.05 05:42:38.937,0.99677,0.99701,2.25,1.00
2016.08.05 05:42:41.242,0.99678,0.99701,1.75,1.00
2016.08.05 05:42:42.146,0.99678,0.99701,1.75,1.00
2016.08.05 05:42:42.273,0.99678,0.99701,1.75,1.00
2016.08.05 05:42:42.374,0.99678,0.99701,1.75,1.00
2016.08.05 05:42:42.661,0.99678,0.99702,1.75,1.12
2016.08.05 05:42:43.084,0.99678,0.99702,1.75,1.12
2016.08.05 05:42:44.246,0.99677,0.99702,1.75,1.00
2016.08.05 05:42:48.427,0.99677,0.99701,1.75,1.00
2016.08.05 05:42:48.478,0.99678,0.99701,1.75,1.00
2016.08.05 05:42:48.630,0.99681,0.99706,1.50,1.75
2016.08.05 05:42:48.680,0.99682,0.99706,1.00,1.75
2016.08.05 05:42:48.731,0.99684,0.99706,1.37,1.37
2016.08.05 05:42:48.782,0.99686,0.99706,1.00,1.00
2016.08.05 05:42:48.832,0.99684,0.99707,1.37,1.12
2016.08.05 05:42:48.883,0.99686,0.99707,1.00,1.12
2016.08.05 05:42:48.934,0.99686,0.99707,1.75,1.00
2016.08.05 05:42:49.035,0.99686,0.99711,1.75,1.00
2016.08.05 05:42:49.201,0.99688,0.99711,1.75,1.00
2016.08.05 05:42:49.252,0.99691,0.99716,2.25,1.50
2016.08.05 05:42:49.353,0.99695,0.99716,1.00,1.50
2016.08.05 05:42:49.403,0.99695,0.99716,1.00,1.12
2016.08.05 05:42:49.454,0.99696,0.99716,1.50,1.00
2016.08.05 05:42:49.555,0.99694,0.9972,1.75,1.87
2016.08.05 05:42:49.656,0.99692,0.9972,1.75,1.12
2016.08.05 05:42:49.763,0.99692,0.99712,2.25,1.00
2016.08.05 05:42:49.964,0.99694,0.99712,1.00,1.00
2016.08.05 05:42:50.341,0.9969,0.99712,1.75,1.00
2016.08.05 05:42:50.846,0.99689,0.99712,1.75,1.00
2016.08.05 05:42:51.267,0.99692,0.99711,1.12,1.00
2016.08.05 05:42:51.368,0.99692,0.99711,1.75,1.00
2016.08.05 05:42:51.584,0.99694,0.99711,1.12,1.00
2016.08.05 05:42:52.769,0.99692,0.99711,1.75,1.00
2016.08.05 05:42:54.834,0.99692,0.99716,1.75,1.00
2016.08.05 05:42:58.944,0.99692,0.99712,1.75,1.00
2016.08.05 05:42:59.151,0.99691,0.99716,1.75,1.00
2016.08.05 05:42:59.597,0.99691,0.99716,1.75,1.12
2016.08.05 05:42:59.812,0.99691,0.99716,1.75,1.00
2016.08.05 05:43:00.502,0.99692,0.99716,1.75,1.00
2016.08.05 05:43:04.066,0.99691,0.99716,1.75,1.00
2016.08.05 05:43:04.617,0.99692,0.99716,1.75,1.00
2016.08.05 05:43:09.686,0.99691,0.99711,1.75,1.00
2016.08.05 05:43:09.788,0.99689,0.99711,1.75,1.00
2016.08.05 05:43:12.385,0.99688,0.99711,2.25,1.00
2016.08.05 05:43:12.486,0.99687,0.99711,3.37,1.00
2016.08.05 05:43:12.634,0.99689,0.99711,3.37,1.00
2016.08.05 05:43:12.685,0.99689,0.99711,2.62,1.00
2016.08.05 05:43:12.787,0.99689,0.99711,3.37,1.00
2016.08.05 05:43:13.088,0.99689,0.99711,2.62,1.00
2016.08.05 05:43:13.189,0.99689,0.99711,3.37,1.00
2016.08.05 05:43:13.490,0.99689,0.99711,2.62,1.00
2016.08.05 05:43:13.890,0.99689,0.99711,3.37,1.00
2016.08.05 05:43:15.295,0.99691,0.99711,1.00,1.00
2016.08.05 05:43:23.120,0.99688,0.99711,1.75,1.00
2016.08.05 05:43:23.403,0.99688,0.99711,1.75,1.50
2016.08.05 05:43:23.621,0.99687,0.99711,2.62,1.50
2016.08.05 05:43:23.723,0.99685,0.99711,2.25,1.50
2016.08.05 05:43:23.790,0.99685,0.99711,4.12,1.50
2016.08.05 05:43:25.025,0.99685,0.99711,4.12,1.00
2016.08.05 05:43:29.660,0.99689,0.99711,1.00,1.00
2016.08.05 05:43:29.921,0.99685,0.99711,1.75,1.00
2016.08.05 05:43:31.410,0.99684,0.99711,4.12,1.00
2016.08.05 05:43:31.511,0.99685,0.99711,2.62,1.00
2016.08.05 05:43:31.772,0.99685,0.99711,3.37,1.00
2016.08.05 05:43:31.823,0.99685,0.99711,4.12,1.00
2016.08.05 05:43:32.072,0.99685,0.99712,4.12,1.12
2016.08.05 05:43:32.346,0.99687,0.99712,1.75,1.00
2016.08.05 05:43:32.500,0.99687,0.99712,1.75,1.00
2016.08.05 05:43:39.725,0.9969,0.99712,1.50,1.00
2016.08.05 05:43:39.832,0.99696,0.99714,1.75,1.00
2016.08.05 05:43:39.941,0.99692,0.99714,1.75,1.00
2016.08.05 05:43:39.993,0.99692,0.99719,1.75,1.50
2016.08.05 05:43:40.044,0.99691,0.99718,2.25,1.00
2016.08.05 05:43:40.095,0.99691,0.99716,2.25,1.00
2016.08.05 05:43:40.177,0.99691,0.99716,2.25,1.00
2016.08.05 05:43:40.227,0.99691,0.99716,4.12,1.00
2016.08.05 05:43:40.278,0.99692,0.99716,2.62,1.00
2016.08.05 05:43:41.183,0.99693,0.99716,1.75,1.00
2016.08.05 05:43:41.515,0.99692,0.99716,4.12,1.00
2016.08.05 05:43:41.583,0.99693,0.99716,1.75,1.00
2016.08.05 05:43:42.829,0.99693,0.99716,1.75,1.00
2016.08.05 05:43:44.979,0.99693,0.99716,1.75,1.00
2016.08.05 05:43:45.029,0.99693,0.9972,1.75,1.12
2016.08.05 05:43:45.130,0.99695,0.99721,1.75,1.50
2016.08.05 05:43:45.386,0.99695,0.99722,1.75,2.62
2016.08.05 05:43:49.536,0.99695,0.99722,1.75,2.25
2016.08.05 05:43:49.894,0.99697,0.99722,1.50,1.75
2016.08.05 05:43:50.059,0.99699,0.99722,1.00,1.00
2016.08.05 05:43:51.192,0.99699,0.99722,1.50,1.00
2016.08.05 05:43:53.354,0.99699,0.99722,1.75,1.00
2016.08.05 05:43:53.694,0.99701,0.99722,1.50,1.00
2016.08.05 05:43:58.300,0.99701,0.99721,1.50,1.00
2016.08.05 05:44:03.488,0.99701,0.99721,1.75,1.00
2016.08.05 05:44:06.197,0.99702,0.99721,1.00,1.00
2016.08.05 05:44:06.759,0.99702,0.99725,1.00,1.37
2016.08.05 05:44:06.946,0.99702,0.99716,1.00,1.00
2016.08.05 05:44:09.012,0.997,0.99721,1.00,1.00
2016.08.05 05:44:09.253,0.997,0.99716,1.00,1.00
2016.08.05 05:44:10.915,0.997,0.99721,1.00,1.37
2016.08.05 05:44:11.016,0.99693,0.99721,1.75,1.87
2016.08.05 05:44:11.135,0.99693,0.99721,1.75,1.87
2016.08.05 05:44:11.186,0.99693,0.99716,1.75,1.00
2016.08.05 05:44:11.745,0.99694,0.99716,1.75,1.00
2016.08.05 05:44:11.796,0.99698,0.99716,1.00,1.00
2016.08.05 05:44:13.014,0.99698,0.99716,1.00,1.00
2016.08.05 05:44:13.064,0.99698,0.99714,1.00,1.00
2016.08.05 05:44:13.115,0.99688,0.99714,1.75,1.87
2016.08.05 05:44:13.165,0.99687,0.99711,2.62,1.50
2016.08.05 05:44:13.216,0.99685,0.99709,1.50,1.00
2016.08.05 05:44:13.317,0.99685,0.99711,1.75,1.50
2016.08.05 05:44:13.536,0.99685,0.99708,1.00,1.00
2016.08.05 05:44:13.687,0.99685,0.99706,1.00,1.12
2016.08.05 05:44:13.738,0.99685,0.99702,1.00,1.00
2016.08.05 05:44:13.789,0.99682,0.99702,2.62,1.00
2016.08.05 05:44:13.839,0.99682,0.99706,2.62,1.00
2016.08.05 05:44:14.041,0.99682,0.99701,2.62,1.00
2016.08.05 05:44:14.092,0.99681,0.99701,4.12,1.00
2016.08.05 05:44:14.142,0.99681,0.99706,4.12,1.00
2016.08.05 05:44:14.266,0.99682,0.99706,1.75,1.00
2016.08.05 05:44:14.967,0.99681,0.99706,2.62,1.00
2016.08.05 05:44:15.119,0.99681,0.99706,3.37,1.00
2016.08.05 05:44:18.476,0.99681,0.99706,2.62,1.00
2016.08.05 05:44:19.177,0.99681,0.99706,3.37,1.00
2016.08.05 05:44:19.228,0.99681,0.99706,3.37,1.00
2016.08.05 05:44:19.985,0.99681,0.99706,3.37,1.00
2016.08.05 05:44:20.382,0.99681,0.99706,3.37,1.00
2016.08.05 05:44:20.734,0.99681,0.99706,2.62,1.00
2016.08.05 05:44:21.735,0.99681,0.99706,2.62,1.50
2016.08.05 05:44:21.786,0.99681,0.99706,3.37,1.50
2016.08.05 05:44:22.032,0.99681,0.99706,4.12,1.00
2016.08.05 05:44:22.908,0.99681,0.99706,4.12,1.00
2016.08.05 05:44:23.009,0.99681,0.99706,3.37,1.00
2016.08.05 05:44:23.211,0.99681,0.99706,4.12,1.00
2016.08.05 05:44:23.262,0.99682,0.99706,1.75,1.00
2016.08.05 05:44:23.312,0.99682,0.99706,1.75,1.00
2016.08.05 05:44:23.414,0.99682,0.99706,3.37,1.00
2016.08.05 05:44:23.515,0.99683,0.99706,1.75,1.00
2016.08.05 05:44:23.792,0.99682,0.99706,3.37,1.00
2016.08.05 05:44:23.842,0.99682,0.99706,1.75,1.00
2016.08.05 05:44:26.569,0.99681,0.99706,2.62,1.00
2016.08.05 05:44:27.588,0.99681,0.99706,3.37,1.00
2016.08.05 05:44:28.518,0.99682,0.99706,2.62,1.00
2016.08.05 05:44:29.241,0.99682,0.99706,2.62,1.00
2016.08.05 05:44:29.872,0.99682,0.99706,3.37,1.00
2016.08.05 05:44:30.135,0.99683,0.99706,1.75,1.00
2016.08.05 05:44:30.735,0.99683,0.99701,1.75,1.00
2016.08.05 05:44:30.847,0.99682,0.99701,2.62,1.00
2016.08.05 05:44:32.236,0.99682,0.99706,2.62,1.00
2016.08.05 05:44:35.239,0.99682,0.99707,2.62,1.00
2016.08.05 05:44:36.249,0.99682,0.99706,2.62,1.00
2016.08.05 05:44:36.479,0.99681,0.99706,1.75,1.00
2016.08.05 05:44:37.341,0.99681,0.99707,1.75,1.00
2016.08.05 05:44:37.401,0.99681,0.99707,1.75,1.37
2016.08.05 05:44:37.502,0.99679,0.99706,1.75,1.37
2016.08.05 05:44:37.553,0.99679,0.99706,2.25,1.37
2016.08.05 05:44:37.654,0.99678,0.99702,2.25,1.00
2016.08.05 05:44:40.605,0.99679,0.99702,1.75,1.00
2016.08.05 05:44:43.312,0.99679,0.99702,1.75,1.00
2016.08.05 05:44:45.114,0.99679,0.99702,1.75,1.00
2016.08.05 05:44:52.424,0.99679,0.99702,1.75,1.00
2016.08.05 05:44:52.474,0.9968,0.99702,1.75,1.00
2016.08.05 05:44:52.525,0.9968,0.99702,1.75,1.00
2016.08.05 05:44:52.576,0.99681,0.99707,1.75,1.50
2016.08.05 05:44:52.626,0.99681,0.99707,2.25,1.37
2016.08.05 05:44:52.677,0.99681,0.99706,2.25,1.00
2016.08.05 05:44:52.778,0.99683,0.99706,1.75,1.00
2016.08.05 05:44:53.276,0.99685,0.99706,1.50,1.00
2016.08.05 05:44:53.377,0.99685,0.99707,1.75,1.00
2016.08.05 05:44:53.977,0.99684,0.99707,1.75,1.00
2016.08.05 05:44:55.528,0.99684,0.99707,1.75,1.00
2016.08.05 05:44:57.160,0.99684,0.99706,1.75,1.00
2016.08.05 05:45:00.135,0.99684,0.99706,1.75,1.00
2016.08.05 05:45:00.937,0.99682,0.99706,1.75,1.00
2016.08.05 05:45:01.038,0.99682,0.99707,1.75,1.00
2016.08.05 05:45:01.089,0.99685,0.99707,1.12,1.00
2016.08.05 05:45:01.190,0.99685,0.99712,1.37,2.25
2016.08.05 05:45:01.289,0.99687,0.99711,1.00,1.00
2016.08.05 05:45:02.249,0.99687,0.99711,1.00,1.00
2016.08.05 05:45:02.300,0.99687,0.99711,1.00,1.50
2016.08.05 05:45:04.899,0.99687,0.99705,1.00,1.00
2016.08.05 05:45:04.951,0.99687,0.99705,1.00,1.00
2016.08.05 05:45:05.030,0.99681,0.99704,2.25,1.12
2016.08.05 05:45:05.081,0.9968,0.99704,1.00,1.37
2016.08.05 05:45:05.192,0.99678,0.99701,3.37,1.00
2016.08.05 05:45:05.243,0.99678,0.99701,3.37,1.00
2016.08.05 05:45:05.294,0.99678,0.99701,4.12,1.00
2016.08.05 05:45:06.069,0.99678,0.99707,4.87,2.62
2016.08.05 05:45:06.120,0.99681,0.99707,1.75,2.25
2016.08.05 05:45:06.247,0.99681,0.99707,1.75,2.25
2016.08.05 05:45:06.316,0.99685,0.99706,1.75,1.00
2016.08.05 05:45:06.367,0.99685,0.99706,1.75,1.00
2016.08.05 05:45:06.417,0.99683,0.9971,4.12,1.00
2016.08.05 05:45:06.468,0.99684,0.9971,1.75,1.00
2016.08.05 05:45:06.518,0.99687,0.9971,1.00,1.37
2016.08.05 05:45:06.619,0.99684,0.99706,1.75,1.00
2016.08.05 05:45:06.853,0.99684,0.99706,1.75,1.00
2016.08.05 05:45:06.904,0.99686,0.99706,1.37,1.00
2016.08.05 05:45:07.457,0.99686,0.99707,1.37,1.00
2016.08.05 05:45:07.508,0.99687,0.99707,1.75,1.00
2016.08.05 05:45:10.424,0.99688,0.99707,1.75,1.00
2016.08.05 05:45:10.724,0.99686,0.99707,1.75,1.00
2016.08.05 05:45:11.106,0.99688,0.99707,1.75,1.00
2016.08.05 05:45:11.227,0.99688,0.99711,1.75,1.00
2016.08.05 05:45:11.278,0.99688,0.99711,1.75,1.00
2016.08.05 05:45:11.328,0.99685,0.99711,1.75,1.00
2016.08.05 05:45:11.379,0.99685,0.99707,1.75,1.00
2016.08.05 05:45:12.106,0.99685,0.99707,1.50,1.00
2016.08.05 05:45:13.384,0.99684,0.99707,1.75,1.00
2016.08.05 05:45:13.599,0.99684,0.99707,2.25,1.00
2016.08.05 05:45:14.985,0.99684,0.99707,1.75,1.00
2016.08.05 05:45:15.036,0.99684,0.99707,1.37,1.12
2016.08.05 05:45:15.172,0.99684,0.99707,1.00,1.75
2016.08.05 05:45:15.223,0.99678,0.99696,1.00,1.00
2016.08.05 05:45:17.417,0.99679,0.99696,1.00,1.00
2016.08.05 05:45:18.014,0.99679,0.99696,1.12,1.00
2016.08.05 05:45:22.421,0.99679,0.99696,1.37,1.00
2016.08.05 05:45:22.472,0.99679,0.99696,1.75,1.00
2016.08.05 05:45:25.626,0.99679,0.99697,1.75,1.00
2016.08.05 05:45:29.034,0.99679,0.99701,1.75,1.00
2016.08.05 05:45:29.135,0.9968,0.99706,1.75,1.37
2016.08.05 05:45:29.185,0.9968,0.99706,1.75,1.00
2016.08.05 05:45:29.644,0.99682,0.99706,1.75,1.00
2016.08.05 05:45:29.901,0.9968,0.99706,1.75,1.00
2016.08.05 05:45:35.218,0.99679,0.99701,1.75,1.00
2016.08.05 05:45:35.319,0.99677,0.99704,2.25,1.12
2016.08.05 05:45:35.370,0.99677,0.99704,1.87,1.75
2016.08.05 05:45:35.420,0.99678,0.99702,1.00,1.75
2016.08.05 05:45:35.471,0.99678,0.99702,1.37,1.37
2016.08.05 05:45:35.522,0.99676,0.99701,1.12,1.12
2016.08.05 05:45:35.573,0.99676,0.997,1.12,1.00
2016.08.05 05:45:35.624,0.99676,0.997,1.00,1.00
2016.08.05 05:45:35.725,0.99676,0.997,1.00,1.00
2016.08.05 05:45:35.776,0.99674,0.99701,1.12,2.25
2016.08.05 05:45:35.907,0.99673,0.99701,1.50,2.25
2016.08.05 05:45:36.121,0.99673,0.997,1.50,1.75
2016.08.05 05:45:38.006,0.99673,0.997,1.50,1.75
2016.08.05 05:45:38.057,0.99673,0.997,1.75,1.00
2016.08.05 05:45:39.526,0.99673,0.997,2.25,1.00
2016.08.05 05:45:41.247,0.99673,0.997,2.25,1.00
2016.08.05 05:45:42.048,0.99673,0.997,2.25,1.37
2016.08.05 05:45:42.099,0.99675,0.99699,1.00,1.00
2016.08.05 05:45:42.425,0.99675,0.99696,1.00,1.00
2016.08.05 05:45:43.916,0.99675,0.99697,1.00,1.00
2016.08.05 05:45:44.029,0.99675,0.99697,1.00,1.50
2016.08.05 05:45:44.130,0.99675,0.99696,1.00,1.12
2016.08.05 05:45:44.180,0.9967,0.99696,2.25,1.87
2016.08.05 05:45:44.231,0.9967,0.99691,1.75,1.00
2016.08.05 05:45:44.568,0.99668,0.99691,2.25,1.00
2016.08.05 05:45:44.901,0.99668,0.99691,1.75,1.00
2016.08.05 05:45:48.106,0.99668,0.99691,2.25,1.00
2016.08.05 05:45:54.654,0.99668,0.99687,2.25,1.00
2016.08.05 05:46:05.940,0.99668,0.99687,1.75,1.00
2016.08.05 05:46:16.668,0.99666,0.99687,1.75,1.00
2016.08.05 05:46:16.721,0.99666,0.99687,3.37,1.00
2016.08.05 05:46:16.772,0.99666,0.99687,4.12,1.00
2016.08.05 05:46:19.685,0.99667,0.99687,1.75,1.00
2016.08.05 05:46:22.884,0.99666,0.99687,2.25,1.00
2016.08.05 05:46:22.934,0.99666,0.99687,4.12,1.00
2016.08.05 05:46:23.243,0.99673,0.99687,1.00,1.00
2016.08.05 05:46:23.294,0.99673,0.99692,1.00,1.00
2016.08.05 05:46:23.344,0.99671,0.99692,1.75,1.00
2016.08.05 05:46:23.395,0.99672,0.99697,1.75,1.12
2016.08.05 05:46:23.445,0.99672,0.99697,1.75,1.00
2016.08.05 05:46:23.546,0.99672,0.99697,1.37,1.50
2016.08.05 05:46:23.597,0.99672,0.99691,1.37,1.00
2016.08.05 05:46:23.648,0.99672,0.99691,1.12,1.00
2016.08.05 05:46:23.698,0.99668,0.99691,1.75,1.00
2016.08.05 05:46:23.851,0.99667,0.99686,1.75,1.00
2016.08.05 05:46:24.653,0.99668,0.99686,1.75,1.00
2016.08.05 05:46:25.586,0.99667,0.99686,1.75,1.00
2016.08.05 05:46:26.081,0.99667,0.99691,1.37,1.00
2016.08.05 05:46:26.132,0.99667,0.99691,1.37,1.37
2016.08.05 05:46:26.182,0.99664,0.99691,1.75,1.87
2016.08.05 05:46:26.233,0.99664,0.99691,1.75,1.87
2016.08.05 05:46:26.370,0.99664,0.99687,1.75,1.00
2016.08.05 05:46:43.118,0.99665,0.99687,1.75,1.00
2016.08.05 05:46:51.394,0.99665,0.99681,1.75,1.00
2016.08.05 05:46:53.096,0.99665,0.99687,1.75,1.00
2016.08.05 05:46:53.478,0.99665,0.99681,1.75,1.00
2016.08.05 05:46:54.600,0.99665,0.99686,1.75,1.00
2016.08.05 05:46:54.679,0.99665,0.99681,1.75,1.00
2016.08.05 05:46:54.780,0.99665,0.99687,1.75,1.00
2016.08.05 05:47:00.715,0.99664,0.99687,1.75,1.00
2016.08.05 05:47:03.605,0.99663,0.99687,4.12,1.00
2016.08.05 05:47:04.353,0.99663,0.99687,4.12,1.00
2016.08.05 05:47:08.494,0.99665,0.99687,1.75,1.00
2016.08.05 05:47:09.088,0.99665,0.99687,1.75,1.00
2016.08.05 05:47:16.725,0.99665,0.99687,2.25,1.00
2016.08.05 05:47:16.776,0.99665,0.99687,2.25,1.00
2016.08.05 05:47:16.877,0.99665,0.99687,2.25,1.00
2016.08.05 05:47:17.442,0.99665,0.99687,1.75,1.00
2016.08.05 05:47:18.724,0.99665,0.99687,2.25,1.00
2016.08.05 05:47:24.007,0.99665,0.99692,2.25,1.87
2016.08.05 05:47:24.058,0.99667,0.99692,1.50,1.75
2016.08.05 05:47:24.108,0.99667,0.99692,1.50,1.75
2016.08.05 05:47:24.159,0.99667,0.99692,1.75,1.37
2016.08.05 05:47:24.209,0.99671,0.99692,1.00,1.00
2016.08.05 05:47:24.260,0.9967,0.99692,1.37,1.00
2016.08.05 05:47:24.310,0.9967,0.99692,1.37,1.12
2016.08.05 05:47:24.361,0.9967,0.99692,2.25,1.12
2016.08.05 05:47:24.412,0.9967,0.99692,4.12,1.00
2016.08.05 05:47:24.462,0.9967,0.99692,3.37,1.00
2016.08.05 05:47:24.623,0.99675,0.99692,1.00,1.00
2016.08.05 05:47:25.608,0.99675,0.99696,1.00,1.00
2016.08.05 05:47:27.126,0.99675,0.99696,1.00,1.00
2016.08.05 05:47:27.176,0.99675,0.99696,1.75,1.00
2016.08.05 05:47:27.277,0.99674,0.99696,2.25,1.00
2016.08.05 05:47:27.328,0.99676,0.99696,2.62,1.00
2016.08.05 05:47:27.378,0.99681,0.99696,1.00,1.00
2016.08.05 05:47:27.479,0.99681,0.99701,1.00,1.00
2016.08.05 05:47:28.085,0.99681,0.99702,1.00,1.00
2016.08.05 05:47:29.815,0.99681,0.99702,1.00,1.37
2016.08.05 05:47:29.866,0.99676,0.99702,3.37,1.50
2016.08.05 05:47:29.916,0.99678,0.99702,1.00,1.87
2016.08.05 05:47:30.017,0.99678,0.99702,1.00,1.87
2016.08.05 05:47:30.219,0.99678,0.99697,1.00,1.00
2016.08.05 05:47:30.269,0.99675,0.99697,1.75,1.00
2016.08.05 05:47:30.370,0.99675,0.99697,1.50,1.00
2016.08.05 05:47:30.421,0.99673,0.99697,1.75,1.00
2016.08.05 05:47:30.573,0.99673,0.99697,1.75,1.12
2016.08.05 05:47:30.623,0.99672,0.99699,1.75,1.87
2016.08.05 05:47:30.725,0.99671,0.99698,1.75,1.12
2016.08.05 05:47:30.775,0.9967,0.99698,3.37,1.87
2016.08.05 05:47:30.826,0.9967,0.99697,1.75,1.50
2016.08.05 05:47:31.104,0.9967,0.99697,1.75,1.87
2016.08.05 05:47:31.155,0.9967,0.99697,1.75,2.62
2016.08.05 05:47:33.738,0.9967,0.99697,1.75,2.62
2016.08.05 05:47:33.839,0.9967,0.99697,1.75,2.62
2016.08.05 05:47:33.889,0.9967,0.99695,1.75,1.00
2016.08.05 05:47:34.964,0.9967,0.99695,1.75,1.00
2016.08.05 05:47:35.041,0.9967,0.99691,1.75,1.00
2016.08.05 05:47:37.249,0.9967,0.99695,1.75,1.00
2016.08.05 05:47:37.400,0.9967,0.99696,1.75,1.50
2016.08.05 05:47:38.752,0.9967,0.99691,1.75,1.00
2016.08.05 05:47:38.853,0.9967,0.99691,1.75,1.00
2016.08.05 05:47:39.322,0.9967,0.99696,1.75,1.50
2016.08.05 05:47:39.515,0.9967,0.99696,1.75,1.37
2016.08.05 05:47:39.566,0.99673,0.99698,1.50,1.37
2016.08.05 05:47:39.616,0.99673,0.99698,1.75,1.37
2016.08.05 05:47:39.686,0.99675,0.99702,1.50,1.87
2016.08.05 05:47:39.737,0.99676,0.99702,1.75,1.87
2016.08.05 05:47:39.787,0.99676,0.99702,1.75,1.50
2016.08.05 05:47:39.888,0.99676,0.99702,1.75,1.87
2016.08.05 05:47:39.939,0.99678,0.99702,1.50,1.87
2016.08.05 05:47:40.044,0.99678,0.99702,1.50,1.37
2016.08.05 05:47:40.262,0.99676,0.99704,1.75,1.87
2016.08.05 05:47:40.312,0.99676,0.99704,1.75,1.87
2016.08.05 05:47:40.363,0.99677,0.99703,1.75,1.75
2016.08.05 05:47:40.934,0.99675,0.99702,1.75,1.50
2016.08.05 05:47:41.086,0.99675,0.99702,1.75,2.62
2016.08.05 05:47:41.136,0.99674,0.99702,2.62,3.37
2016.08.05 05:47:41.187,0.99674,0.99699,2.25,1.00
2016.08.05 05:47:41.237,0.99673,0.99699,1.50,1.37
2016.08.05 05:47:41.288,0.99673,0.997,1.50,1.12
2016.08.05 05:47:41.660,0.99673,0.997,2.25,1.12
2016.08.05 05:47:41.926,0.99673,0.997,1.50,1.12
2016.08.05 05:47:51.569,0.99673,0.99702,1.50,3.00
2016.08.05 05:47:51.993,0.99673,0.997,1.50,1.12
2016.08.05 05:47:53.852,0.99675,0.997,1.12,1.12
2016.08.05 05:47:53.903,0.99675,0.997,1.50,1.37
2016.08.05 05:47:53.953,0.99676,0.997,1.50,1.37
2016.08.05 05:47:54.004,0.99676,0.99701,1.50,1.87
2016.08.05 05:47:54.055,0.99676,0.99701,1.50,1.12
2016.08.05 05:47:54.105,0.99676,0.99703,1.75,1.37
2016.08.05 05:47:54.284,0.99679,0.99703,1.50,1.12
2016.08.05 05:47:54.486,0.99679,0.99703,2.25,1.12
2016.08.05 05:47:58.667,0.99679,0.99702,1.50,1.00
2016.08.05 05:47:58.965,0.99679,0.99703,1.50,1.12
2016.08.05 05:47:59.066,0.99679,0.99703,1.00,1.12
2016.08.05 05:47:59.116,0.99678,0.99703,2.25,1.00
2016.08.05 05:47:59.167,0.99678,0.99705,2.25,2.25
2016.08.05 05:47:59.217,0.99678,0.99705,2.25,1.50
2016.08.05 05:47:59.268,0.99678,0.99705,2.25,1.50
2016.08.05 05:47:59.609,0.99678,0.99706,2.25,1.37
2016.08.05 05:48:00.169,0.99678,0.99706,1.75,1.87
2016.08.05 05:48:00.270,0.9968,0.99706,1.50,1.87
2016.08.05 05:48:00.371,0.9968,0.99706,1.50,1.87
2016.08.05 05:48:00.472,0.9968,0.99706,1.50,1.37
2016.08.05 05:48:01.072,0.9968,0.99706,1.50,1.37
2016.08.05 05:48:01.425,0.9968,0.99706,1.50,1.12
2016.08.05 05:48:01.694,0.9968,0.99706,1.50,1.37
2016.08.05 05:48:03.896,0.9968,0.99707,1.50,2.62
2016.08.05 05:48:09.152,0.9968,0.99707,1.50,1.87
2016.08.05 05:48:09.773,0.99681,0.99707,1.37,1.12
2016.08.05 05:48:10.354,0.9968,0.99707,1.50,1.87
2016.08.05 05:48:12.757,0.9968,0.99707,1.50,1.87
2016.08.05 05:48:12.808,0.9968,0.99707,1.50,1.75
2016.08.05 05:48:12.959,0.99681,0.99708,1.37,1.75
2016.08.05 05:48:13.010,0.99681,0.99708,1.75,1.50
2016.08.05 05:48:13.061,0.99683,0.99711,1.50,1.12
2016.08.05 05:48:13.136,0.99684,0.99708,1.00,1.00
2016.08.05 05:48:13.414,0.99684,0.99708,1.50,1.00
2016.08.05 05:48:13.464,0.99685,0.99708,1.00,1.00
2016.08.05 05:48:17.014,0.99685,0.99711,1.37,1.75
2016.08.05 05:48:17.115,0.99685,0.99711,1.50,1.50
2016.08.05 05:48:23.078,0.99685,0.99712,1.50,1.75
2016.08.05 05:48:23.129,0.99685,0.9971,1.12,1.75
2016.08.05 05:48:23.180,0.9968,0.99709,1.75,1.50
2016.08.05 05:48:23.230,0.9968,0.99709,1.75,1.87
2016.08.05 05:48:23.382,0.99682,0.99709,1.75,1.37
2016.08.05 05:48:28.331,0.99682,0.9971,1.75,1.87
2016.08.05 05:48:28.382,0.99682,0.9971,1.75,1.87
2016.08.05 05:48:29.046,0.99682,0.9971,1.75,2.62
2016.08.05 05:48:29.742,0.99682,0.9971,1.75,2.25
2016.08.05 05:48:31.204,0.99682,0.9971,1.75,2.25
2016.08.05 05:48:31.254,0.99682,0.9971,1.75,1.75
2016.08.05 05:48:32.247,0.99682,0.9971,1.75,2.25
2016.08.05 05:48:32.674,0.99682,0.9971,1.75,2.62
2016.08.05 05:48:32.725,0.99682,0.9971,1.75,2.62
2016.08.05 05:48:32.987,0.99682,0.9971,1.75,2.62
2016.08.05 05:48:33.188,0.99682,0.9971,1.75,2.62
2016.08.05 05:48:34.526,0.99682,0.9971,1.75,1.87
2016.08.05 05:48:38.960,0.99682,0.9971,1.75,2.62
2016.08.05 05:48:39.275,0.99682,0.9971,1.75,1.75
2016.08.05 05:48:39.596,0.99682,0.9971,1.75,1.75
2016.08.05 05:48:39.881,0.99683,0.99711,1.50,2.62
2016.08.05 05:48:39.982,0.99683,0.99711,1.50,2.25
2016.08.05 05:48:45.223,0.99685,0.99711,1.12,2.25
2016.08.05 05:48:45.273,0.99685,0.99711,1.12,2.62
2016.08.05 05:48:45.324,0.99685,0.99711,1.12,2.62
2016.08.05 05:48:50.429,0.99683,0.99711,1.50,1.87
2016.08.05 05:48:50.530,0.99683,0.99711,1.50,1.87
2016.08.05 05:48:51.342,0.99683,0.99711,1.50,1.12
2016.08.05 05:48:55.016,0.99681,0.99708,1.75,1.37
2016.08.05 05:48:55.953,0.99681,0.99708,2.25,1.37
2016.08.05 05:48:56.004,0.99683,0.99709,1.50,1.50
2016.08.05 05:48:56.055,0.99685,0.99709,1.50,1.37
2016.08.05 05:48:56.105,0.99689,0.99711,1.00,1.50
2016.08.05 05:48:56.206,0.99691,0.99715,1.00,2.62
2016.08.05 05:48:56.257,0.99691,0.99715,1.37,2.25
2016.08.05 05:48:56.308,0.99691,0.99716,1.75,1.50
2016.08.05 05:48:56.863,0.99691,0.99716,1.75,1.87
2016.08.05 05:48:59.013,0.99692,0.99716,1.50,1.87
2016.08.05 05:48:59.165,0.99692,0.99716,1.50,1.50
2016.08.05 05:48:59.215,0.99691,0.99716,1.75,1.50
2016.08.05 05:48:59.266,0.99691,0.99716,1.75,1.87
2016.08.05 05:49:02.323,0.9969,0.99716,1.75,1.87
2016.08.05 05:49:02.524,0.99692,0.99716,1.50,1.87
2016.08.05 05:49:05.356,0.99692,0.99716,1.50,1.37
2016.08.05 05:49:06.580,0.99692,0.99717,1.50,1.12
2016.08.05 05:49:06.631,0.99691,0.99717,1.75,1.87
2016.08.05 05:49:11.780,0.99691,0.99716,1.75,1.37
2016.08.05 05:49:12.093,0.99691,0.99717,1.75,1.87
2016.08.05 05:49:12.194,0.99693,0.99717,1.00,1.87
2016.08.05 05:49:13.727,0.99691,0.99716,1.37,1.12
2016.08.05 05:49:14.199,0.99691,0.99717,1.37,1.87
2016.08.05 05:49:17.608,0.99691,0.99717,1.75,1.87
2016.08.05 05:49:17.819,0.99691,0.99717,1.75,2.62
2016.08.05 05:49:18.520,0.99691,0.99717,1.75,1.87
2016.08.05 05:49:18.621,0.99691,0.99716,1.75,1.12
2016.08.05 05:49:18.722,0.99691,0.99716,1.75,1.50
2016.08.05 05:49:19.590,0.99691,0.99716,1.37,1.87
2016.08.05 05:49:22.493,0.99691,0.99716,1.37,1.50
2016.08.05 05:49:23.124,0.99691,0.99717,1.37,1.87
2016.08.05 05:49:23.468,0.99691,0.99717,1.37,1.75
2016.08.05 05:49:24.828,0.99691,0.99717,1.37,1.87
2016.08.05 05:49:26.628,0.99691,0.99716,1.37,1.50
2016.08.05 05:49:28.021,0.99691,0.99716,1.37,1.87
2016.08.05 05:49:31.356,0.99691,0.99714,1.37,1.00
2016.08.05 05:49:31.846,0.99691,0.99716,1.37,1.87
2016.08.05 05:49:35.231,0.99691,0.99716,1.50,1.12
2016.08.05 05:49:42.064,0.99691,0.99716,1.50,1.50
2016.08.05 05:49:46.970,0.99691,0.99716,1.50,1.12
2016.08.05 05:49:48.237,0.99691,0.99716,1.50,1.50
2016.08.05 05:49:48.895,0.99689,0.99716,1.75,1.50
2016.08.05 05:49:52.046,0.99689,0.99716,1.75,1.75
2016.08.05 05:49:53.906,0.99687,0.99711,2.62,1.37
2016.08.05 05:49:53.956,0.99685,0.9971,1.75,1.12
2016.08.05 05:49:54.058,0.99685,0.99709,1.75,1.00
2016.08.05 05:49:54.360,0.99685,0.9971,1.75,1.37
2016.08.05 05:49:54.463,0.99682,0.99708,1.75,1.37
2016.08.05 05:49:54.664,0.99682,0.99707,1.75,1.00
2016.08.05 05:49:55.212,0.99682,0.99708,1.75,1.87
2016.08.05 05:49:56.057,0.99682,0.99706,1.75,1.00
2016.08.05 05:49:56.158,0.9968,0.99706,1.75,1.50
2016.08.05 05:49:56.259,0.99679,0.99703,1.00,1.00
2016.08.05 05:49:56.359,0.99676,0.99701,1.50,1.37
2016.08.05 05:49:56.504,0.99676,0.99702,1.50,1.37
2016.08.05 05:49:56.555,0.99676,0.99699,1.00,1.00
2016.08.05 05:49:56.656,0.99676,0.997,1.00,1.00
2016.08.05 05:49:56.757,0.99676,0.997,1.00,1.00
2016.08.05 05:49:56.808,0.99676,0.997,1.00,1.00
2016.08.05 05:49:56.858,0.99676,0.997,1.00,1.12
2016.08.05 05:49:56.959,0.99676,0.997,1.00,1.00
2016.08.05 05:49:59.263,0.99674,0.99701,1.50,2.62
2016.08.05 05:50:00.159,0.99673,0.997,2.25,1.87
2016.08.05 05:50:00.266,0.99673,0.99694,1.75,1.00
2016.08.05 05:50:00.367,0.99668,0.99694,1.75,1.50
2016.08.05 05:50:00.468,0.99664,0.99693,1.75,1.50
2016.08.05 05:50:00.769,0.99664,0.99693,2.25,1.87
2016.08.05 05:50:01.072,0.99666,0.9969,1.00,1.00
2016.08.05 05:50:03.568,0.99665,0.99692,1.37,1.12
2016.08.05 05:50:03.618,0.99665,0.99692,1.12,1.12
2016.08.05 05:50:06.795,0.99665,0.99693,1.12,1.12
2016.08.05 05:50:07.571,0.99664,0.99692,2.25,1.75
2016.08.05 05:50:07.622,0.99664,0.99691,2.25,1.12
2016.08.05 05:50:07.723,0.99664,0.99692,2.25,1.75
2016.08.05 05:50:13.484,0.99664,0.99689,1.87,1.00
2016.08.05 05:50:13.534,0.99664,0.99692,1.87,1.75
2016.08.05 05:50:14.217,0.99667,0.99693,1.00,1.75
2016.08.05 05:50:14.317,0.9967,0.99694,1.50,1.00
2016.08.05 05:50:14.418,0.9967,0.99699,1.75,1.87
2016.08.05 05:50:14.519,0.99672,0.99699,1.75,1.87
2016.08.05 05:50:16.122,0.99672,0.99696,1.75,1.50
2016.08.05 05:50:16.724,0.99672,0.99696,1.75,1.12
2016.08.05 05:50:17.283,0.99672,0.99696,1.75,1.37
2016.08.05 05:50:17.334,0.99672,0.99696,1.50,1.37
2016.08.05 05:50:17.385,0.99672,0.99699,1.50,1.87
2016.08.05 05:50:17.486,0.99672,0.99699,1.50,1.87
2016.08.05 05:50:17.587,0.99672,0.99699,1.50,1.12
2016.08.05 05:50:22.080,0.99672,0.99699,1.50,1.12
2016.08.05 05:50:22.181,0.99671,0.99699,1.75,1.12
2016.08.05 05:50:22.232,0.99671,0.99697,1.75,1.87
2016.08.05 05:50:23.081,0.9967,0.99697,1.75,1.87
2016.08.05 05:50:23.182,0.99673,0.99697,1.37,1.87
2016.08.05 05:50:23.233,0.99673,0.99699,1.37,1.12
2016.08.05 05:50:26.600,0.99673,0.99699,1.37,1.12
2016.08.05 05:50:26.651,0.99676,0.99698,1.00,1.00
2016.08.05 05:50:26.846,0.99676,0.99703,1.37,1.75
2016.08.05 05:50:27.007,0.99676,0.99703,1.75,1.75
2016.08.05 05:50:27.158,0.99676,0.99705,1.75,1.87
2016.08.05 05:50:28.296,0.99676,0.99705,1.75,1.87
2016.08.05 05:50:29.489,0.99676,0.99705,1.75,1.87
2016.08.05 05:50:29.602,0.99676,0.99705,1.75,1.87
2016.08.05 05:50:30.090,0.99676,0.99705,1.75,1.87
2016.08.05 05:50:30.190,0.99676,0.99705,1.75,1.87
2016.08.05 05:50:30.290,0.99676,0.99705,1.75,1.87
2016.08.05 05:50:30.497,0.99676,0.99705,1.75,1.87
2016.08.05 05:50:30.691,0.99676,0.99705,1.75,1.87
2016.08.05 05:50:31.592,0.99676,0.99705,1.75,1.87
2016.08.05 05:50:32.811,0.99676,0.99703,1.75,1.12
2016.08.05 05:50:33.211,0.99676,0.99705,1.75,1.87
2016.08.05 05:50:33.714,0.99676,0.99705,1.75,1.75
2016.08.05 05:50:34.109,0.99676,0.99701,1.75,1.50
2016.08.05 05:50:34.399,0.99676,0.99703,1.75,1.12
2016.08.05 05:50:36.602,0.99676,0.99702,1.75,1.75
2016.08.05 05:50:36.814,0.99676,0.99703,1.75,1.12
2016.08.05 05:50:37.403,0.99676,0.99702,1.75,1.75
2016.08.05 05:50:37.602,0.99676,0.99703,1.75,1.12
2016.08.05 05:50:40.602,0.99676,0.99703,1.75,1.12
2016.08.05 05:50:41.124,0.99676,0.99704,1.75,1.12
2016.08.05 05:50:41.791,0.99676,0.99703,1.75,1.12
2016.08.05 05:50:42.814,0.99676,0.99701,1.75,1.50
2016.08.05 05:50:43.835,0.99677,0.99701,1.50,1.50
2016.08.05 05:50:45.910,0.99677,0.99703,1.50,1.12
2016.08.05 05:50:45.960,0.99677,0.99705,1.50,1.87
2016.08.05 05:50:48.133,0.99677,0.99704,1.50,1.12
2016.08.05 05:50:49.865,0.99677,0.99706,1.50,3.00
2016.08.05 05:50:50.115,0.99677,0.99706,1.50,3.00
2016.08.05 05:50:50.236,0.99677,0.99705,1.50,1.75
2016.08.05 05:50:51.421,0.99677,0.99705,1.50,1.75
2016.08.05 05:50:52.854,0.99677,0.99703,1.37,1.12
2016.08.05 05:50:52.905,0.99677,0.99703,1.12,1.12
2016.08.05 05:50:53.114,0.99677,0.99705,1.12,1.12
2016.08.05 05:50:53.641,0.99677,0.99704,1.12,1.12
2016.08.05 05:50:54.485,0.99677,0.99704,1.50,1.12
2016.08.05 05:50:55.020,0.99677,0.99701,1.50,1.00
2016.08.05 05:50:55.070,0.99676,0.99701,1.75,1.00
2016.08.05 05:50:55.121,0.99676,0.99702,1.75,1.12
2016.08.05 05:50:55.172,0.99676,0.99699,1.00,1.00
2016.08.05 05:51:11.998,0.99676,0.99701,1.00,1.50
2016.08.05 05:51:12.048,0.99676,0.99701,1.12,1.50
2016.08.05 05:51:16.755,0.99676,0.99701,1.12,1.50
2016.08.05 05:51:21.364,0.99676,0.99701,1.12,1.50
2016.08.05 05:51:22.451,0.99676,0.99702,1.12,1.75
2016.08.05 05:51:25.613,0.99675,0.99702,1.50,1.75
2016.08.05 05:51:26.111,0.99675,0.99701,1.50,1.37
2016.08.05 05:51:27.315,0.99675,0.99701,1.50,1.50
2016.08.05 05:51:29.220,0.99675,0.997,1.50,1.00
2016.08.05 05:51:29.490,0.99675,0.99701,1.50,1.50
2016.08.05 05:51:29.621,0.99675,0.99701,1.50,1.87
2016.08.05 05:51:29.922,0.99676,0.997,1.00,1.12
2016.08.05 05:51:29.973,0.99675,0.997,1.75,1.37
2016.08.05 05:51:30.323,0.99672,0.997,2.25,1.12
2016.08.05 05:51:30.373,0.99674,0.99698,1.00,1.00
2016.08.05 05:51:31.825,0.99674,0.99698,1.00,1.12
2016.08.05 05:51:32.193,0.99674,0.99698,1.00,1.00
2016.08.05 05:51:32.894,0.99674,0.99698,1.00,1.00
2016.08.05 05:51:34.509,0.99675,0.99698,1.00,1.00
2016.08.05 05:51:34.560,0.99675,0.99701,1.50,2.25
2016.08.05 05:51:34.731,0.99675,0.99701,1.50,1.50
2016.08.05 05:51:38.972,0.99675,0.99701,1.75,1.12
2016.08.05 05:51:39.024,0.99674,0.99701,1.75,1.87
2016.08.05 05:51:39.185,0.99675,0.99701,1.75,1.12
2016.08.05 05:51:39.691,0.99674,0.99701,1.75,1.87
2016.08.05 05:51:41.807,0.99674,0.99701,1.75,2.25
2016.08.05 05:51:47.970,0.99674,0.99701,1.75,1.50
2016.08.05 05:51:48.022,0.99674,0.99701,2.25,1.12
2016.08.05 05:51:48.174,0.99674,0.99701,2.25,1.87
2016.08.05 05:51:48.224,0.99674,0.99701,1.75,1.87
2016.08.05 05:51:48.325,0.99675,0.99701,1.75,1.12
2016.08.05 05:51:48.375,0.99675,0.99703,1.75,1.75
2016.08.05 05:51:49.408,0.99675,0.99703,1.75,1.75
2016.08.05 05:51:52.812,0.99675,0.99703,1.75,1.75
2016.08.05 05:51:52.998,0.99677,0.99704,1.75,1.87
2016.08.05 05:51:53.049,0.99679,0.99704,1.00,1.50
2016.08.05 05:51:53.100,0.99681,0.99705,1.12,1.12
2016.08.05 05:51:53.150,0.99681,0.99706,1.50,1.37
2016.08.05 05:51:53.201,0.99681,0.99706,1.75,1.00
2016.08.05 05:51:53.251,0.99683,0.99706,1.75,1.00
2016.08.05 05:51:53.302,0.99683,0.9971,2.25,1.75
2016.08.05 05:51:53.352,0.99688,0.9971,1.00,1.37
2016.08.05 05:51:53.403,0.99688,0.99711,1.00,1.12
2016.08.05 05:51:53.453,0.99688,0.99711,1.00,1.00
2016.08.05 05:51:53.621,0.99689,0.99711,1.00,1.00
2016.08.05 05:51:53.722,0.99689,0.99712,1.00,1.00
2016.08.05 05:51:53.773,0.99689,0.99715,1.37,1.87
2016.08.05 05:51:53.824,0.99691,0.99714,1.00,1.00
2016.08.05 05:51:55.025,0.99691,0.99714,1.00,1.00
2016.08.05 05:51:55.125,0.99691,0.99712,1.00,1.00
2016.08.05 05:51:55.176,0.99687,0.99712,2.25,1.00
2016.08.05 05:51:56.168,0.99688,0.99712,1.75,1.00
2016.08.05 05:51:58.429,0.99687,0.99712,2.25,1.00
2016.08.05 05:52:01.207,0.99687,0.99712,1.75,1.50
2016.08.05 05:52:01.257,0.99686,0.99712,3.37,1.50
2016.08.05 05:52:01.308,0.99685,0.99712,3.37,1.12
2016.08.05 05:52:01.358,0.99685,0.99712,4.12,1.12
2016.08.05 05:52:01.484,0.99685,0.99712,4.12,1.87
2016.08.05 05:52:02.158,0.99685,0.99712,4.12,1.87
2016.08.05 05:52:02.208,0.99685,0.99712,2.25,2.25
2016.08.05 05:52:02.259,0.99685,0.99712,2.25,2.62
2016.08.05 05:52:03.946,0.99685,0.99712,2.25,2.25
2016.08.05 05:52:04.138,0.99685,0.99712,1.75,2.25
2016.08.05 05:52:04.338,0.99685,0.99712,1.75,2.62
2016.08.05 05:52:04.439,0.99685,0.99712,1.75,1.87
2016.08.05 05:52:04.749,0.99685,0.99712,1.75,1.75
2016.08.05 05:52:05.132,0.99685,0.99712,1.75,1.75
2016.08.05 05:52:05.637,0.99686,0.99712,1.75,1.75
2016.08.05 05:52:05.737,0.99686,0.99706,1.75,1.00
2016.08.05 05:52:13.926,0.99685,0.99706,1.75,1.00
2016.08.05 05:52:13.977,0.99685,0.99706,1.75,1.00
2016.08.05 05:52:14.027,0.99683,0.9971,4.12,1.12
2016.08.05 05:52:14.078,0.99683,0.9971,3.37,1.12
2016.08.05 05:52:14.128,0.99683,0.99709,1.50,1.50
2016.08.05 05:52:14.179,0.99683,0.99709,1.50,1.87
2016.08.05 05:52:14.230,0.99682,0.99705,1.00,1.00
2016.08.05 05:52:14.280,0.99681,0.99705,1.00,1.00
2016.08.05 05:52:14.331,0.99681,0.99701,1.00,1.00
2016.08.05 05:52:14.634,0.99678,0.99701,1.00,1.00
2016.08.05 05:52:17.509,0.99678,0.99697,1.00,1.00
2016.08.05 05:52:25.908,0.99678,0.99702,1.00,1.50
2016.08.05 05:52:28.914,0.99678,0.99701,1.00,1.00
2016.08.05 05:52:29.967,0.99677,0.99701,1.75,1.12
2016.08.05 05:52:32.612,0.99677,0.99697,1.75,1.00
2016.08.05 05:52:40.231,0.99677,0.99702,1.75,1.50
2016.08.05 05:52:40.433,0.99676,0.99702,1.50,1.75
2016.08.05 05:52:40.484,0.99676,0.997,1.50,1.00
2016.08.05 05:52:40.535,0.99676,0.99701,1.75,1.50
2016.08.05 05:52:40.819,0.99676,0.99696,1.75,1.00
2016.08.05 05:52:40.971,0.99676,0.99696,1.37,1.00
2016.08.05 05:52:41.309,0.99675,0.99696,1.50,1.00
2016.08.05 05:52:49.661,0.99674,0.99696,1.75,1.00
2016.08.05 05:52:52.367,0.99673,0.99696,1.75,1.00
2016.08.05 05:52:56.934,0.99673,0.99696,1.75,1.00
2016.08.05 05:52:58.956,0.99673,0.99702,1.75,2.25
2016.08.05 05:52:59.337,0.99673,0.99696,1.75,1.00
2016.08.05 05:53:04.140,0.99673,0.99699,1.75,1.12
2016.08.05 05:53:05.068,0.99674,0.99701,1.75,2.25
2016.08.05 05:53:14.674,0.99674,0.99701,2.25,1.12
2016.08.05 05:53:14.724,0.99678,0.99704,1.50,1.75
2016.08.05 05:53:14.775,0.99679,0.99705,1.87,1.37
2016.08.05 05:53:14.826,0.99682,0.99709,1.75,1.75
2016.08.05 05:53:14.877,0.99682,0.99709,1.50,1.75
2016.08.05 05:53:14.927,0.99682,0.99705,1.00,1.00
2016.08.05 05:53:15.028,0.99682,0.99705,1.00,1.00
2016.08.05 05:53:15.079,0.99677,0.99701,1.75,1.00
2016.08.05 05:53:15.940,0.99677,0.99701,1.75,1.00
2016.08.05 05:53:15.991,0.99683,0.99707,1.00,1.75
2016.08.05 05:53:16.092,0.99685,0.99709,1.37,1.37
2016.08.05 05:53:16.143,0.99685,0.99711,1.75,2.25
2016.08.05 05:53:16.194,0.99686,0.99711,1.75,1.37
2016.08.05 05:53:16.244,0.99686,0.99711,2.25,1.00
2016.08.05 05:53:16.295,0.99689,0.99712,1.37,1.37
2016.08.05 05:53:16.345,0.99689,0.99712,1.12,1.75
2016.08.05 05:53:16.396,0.99688,0.99712,1.50,1.75
2016.08.05 05:53:16.905,0.99688,0.99712,1.37,1.37
2016.08.05 05:53:16.956,0.99688,0.99712,1.12,1.12
2016.08.05 05:53:17.130,0.99689,0.99712,1.00,1.12
2016.08.05 05:53:18.033,0.99689,0.99712,1.37,1.12
2016.08.05 05:53:18.084,0.9969,0.99712,1.50,1.00
2016.08.05 05:53:27.211,0.9969,0.99712,1.75,1.00
2016.08.05 05:53:27.718,0.9969,0.99711,1.75,1.00
2016.08.05 05:53:28.712,0.99691,0.99711,1.75,1.00
2016.08.05 05:53:28.864,0.99689,0.99707,1.37,1.00
2016.08.05 05:53:28.914,0.99689,0.9971,1.00,1.00
2016.08.05 05:53:28.965,0.99684,0.99711,1.75,1.75
2016.08.05 05:53:29.016,0.99684,0.99711,1.50,1.75
2016.08.05 05:53:29.117,0.99684,0.99711,1.75,1.75
2016.08.05 05:53:29.218,0.99686,0.99711,1.12,1.75
2016.08.05 05:53:29.269,0.99686,0.99707,1.12,1.00
2016.08.05 05:53:29.522,0.99687,0.99707,1.00,1.00
2016.08.05 05:53:29.858,0.99687,0.99707,1.00,1.12
2016.08.05 05:53:31.442,0.99687,0.99707,1.00,1.00
2016.08.05 05:53:35.570,0.99687,0.99707,1.37,1.00
2016.08.05 05:53:36.189,0.99688,0.99706,1.37,1.00
2016.08.05 05:53:36.844,0.99689,0.99706,1.12,1.00
2016.08.05 05:53:43.507,0.99689,0.99701,1.12,1.00
2016.08.05 05:53:43.609,0.99687,0.99701,1.12,1.00
2016.08.05 05:53:43.659,0.99687,0.99701,1.00,1.00
2016.08.05 05:53:44.410,0.99686,0.99709,1.00,1.00
2016.08.05 05:53:44.511,0.99686,0.99709,1.00,1.00
2016.08.05 05:53:44.612,0.99683,0.99707,2.25,1.00
2016.08.05 05:53:44.662,0.99684,0.99707,1.00,1.00
2016.08.05 05:53:46.114,0.99683,0.99702,1.37,1.00
2016.08.05 05:53:46.164,0.99683,0.99702,1.00,1.00
2016.08.05 05:53:46.384,0.99683,0.99706,1.00,1.00
2016.08.05 05:53:46.435,0.99682,0.99706,1.50,1.00
2016.08.05 05:53:48.330,0.9968,0.99705,1.87,1.00
2016.08.05 05:53:48.381,0.9968,0.99705,1.75,1.00
2016.08.05 05:53:48.431,0.99683,0.99705,1.00,1.00
2016.08.05 05:53:48.532,0.99677,0.99705,3.37,1.37
2016.08.05 05:53:48.583,0.99677,0.99705,1.75,1.75
2016.08.05 05:53:48.732,0.99676,0.99705,1.75,1.75
2016.08.05 05:53:48.833,0.99675,0.99701,1.75,1.00
2016.08.05 05:53:48.884,0.99675,0.99701,1.87,1.00
2016.08.05 05:53:48.934,0.99675,0.99701,1.87,1.37
2016.08.05 05:53:48.985,0.99675,0.99701,1.87,1.75
2016.08.05 05:53:49.882,0.99675,0.99701,1.75,1.75
2016.08.05 05:53:51.034,0.99675,0.99701,1.75,1.75
2016.08.05 05:53:51.338,0.99675,0.99701,1.75,1.75
2016.08.05 05:53:51.389,0.99675,0.99701,1.75,2.25
2016.08.05 05:53:51.439,0.99675,0.99701,1.37,2.25
2016.08.05 05:53:51.490,0.99675,0.99701,1.00,2.25
2016.08.05 05:53:51.638,0.99675,0.99696,1.00,1.00
2016.08.05 05:53:53.092,0.99675,0.99691,1.00,1.00
2016.08.05 05:53:59.348,0.99675,0.99696,1.00,1.00
2016.08.05 05:54:05.081,0.99675,0.99696,1.75,1.00
2016.08.05 05:54:16.097,0.99675,0.99696,1.75,1.00
2016.08.05 05:54:16.198,0.99675,0.99696,1.75,1.00
2016.08.05 05:54:16.816,0.99676,0.99696,1.12,1.00
2016.08.05 05:54:17.701,0.99675,0.99696,1.37,1.12
2016.08.05 05:54:17.752,0.99675,0.99696,1.00,1.12
2016.08.05 05:54:17.853,0.99674,0.99696,1.00,1.12
2016.08.05 05:54:18.578,0.99674,0.99696,1.00,1.12
2016.08.05 05:54:18.679,0.99675,0.99696,1.37,1.00
2016.08.05 05:54:18.729,0.99675,0.99692,1.50,1.00
2016.08.05 05:54:18.780,0.9967,0.99692,1.87,1.00
2016.08.05 05:54:18.831,0.99671,0.99691,1.00,1.00
2016.08.05 05:54:18.881,0.99668,0.99691,1.50,1.37
2016.08.05 05:54:19.048,0.99668,0.99694,1.50,1.75
2016.08.05 05:54:19.099,0.99668,0.99694,1.50,1.50
2016.08.05 05:54:19.150,0.9967,0.99694,1.00,1.00
2016.08.05 05:54:19.201,0.9967,0.99694,1.00,1.00
2016.08.05 05:54:19.252,0.9967,0.99694,1.12,1.00
2016.08.05 05:54:19.302,0.9967,0.99694,1.12,1.00
2016.08.05 05:54:19.544,0.9967,0.99694,1.87,1.00
2016.08.05 05:54:20.521,0.9967,0.99694,1.87,1.00
2016.08.05 05:54:20.583,0.9967,0.99694,1.87,1.00
2016.08.05 05:54:20.683,0.9967,0.99694,1.87,1.00
2016.08.05 05:54:21.271,0.9967,0.99697,1.87,1.37
2016.08.05 05:54:21.322,0.99674,0.99697,1.00,1.00
2016.08.05 05:54:21.372,0.99674,0.99697,1.50,1.00
2016.08.05 05:54:21.423,0.99676,0.997,1.00,1.00
2016.08.05 05:54:21.524,0.99676,0.997,1.00,1.00
2016.08.05 05:54:21.732,0.99676,0.99697,1.00,1.00
2016.08.05 05:54:22.521,0.99676,0.997,1.00,1.50
2016.08.05 05:54:23.213,0.99676,0.997,1.00,1.50
2016.08.05 05:54:24.094,0.99676,0.997,1.00,1.50
2016.08.05 05:54:24.195,0.99676,0.997,1.00,1.00
2016.08.05 05:54:24.296,0.99676,0.997,1.50,1.00
2016.08.05 05:54:24.397,0.99676,0.99702,1.50,2.62
2016.08.05 05:54:24.543,0.99679,0.99702,1.00,1.50
2016.08.05 05:54:24.695,0.99679,0.99702,1.00,1.00
2016.08.05 05:54:29.628,0.99679,0.99701,1.00,1.00
2016.08.05 05:54:30.129,0.99679,0.99702,1.00,1.00
2016.08.05 05:54:30.530,0.99679,0.99703,1.00,1.00
2016.08.05 05:54:30.656,0.99677,0.99703,1.37,1.37
2016.08.05 05:54:30.712,0.99677,0.99703,1.12,1.87
2016.08.05 05:54:30.762,0.99677,0.99703,1.12,1.75
2016.08.05 05:54:30.830,0.99677,0.99696,1.12,1.00
2016.08.05 05:54:30.880,0.99675,0.99696,1.50,1.00
2016.08.05 05:54:33.810,0.99673,0.99696,1.87,1.00
2016.08.05 05:54:34.059,0.99674,0.99696,1.75,1.00
2016.08.05 05:54:39.654,0.99674,0.99696,1.87,1.00
2016.08.05 05:54:39.756,0.99674,0.99696,1.87,1.00
2016.08.05 05:54:39.857,0.99674,0.99696,1.87,1.00
2016.08.05 05:54:39.907,0.99678,0.99696,1.00,1.00
2016.08.05 05:54:41.873,0.99674,0.99696,1.87,1.00
2016.08.05 05:54:41.924,0.99676,0.99696,1.00,1.00
2016.08.05 05:54:42.975,0.99673,0.99696,1.75,1.00
2016.08.05 05:54:44.478,0.99672,0.99696,2.25,1.00
2016.08.05 05:54:44.579,0.99672,0.99696,1.75,1.00
2016.08.05 05:54:44.880,0.99672,0.99696,2.25,1.00
2016.08.05 05:54:45.124,0.99672,0.99696,1.75,1.00
2016.08.05 05:54:45.870,0.99675,0.99696,1.12,1.00
2016.08.05 05:54:45.971,0.99676,0.99702,1.00,3.37
2016.08.05 05:54:46.022,0.99676,0.99702,1.12,1.75
2016.08.05 05:54:46.173,0.99676,0.99702,1.50,1.50
2016.08.05 05:54:46.224,0.99676,0.99702,1.75,1.50
2016.08.05 05:54:46.275,0.99676,0.99701,1.37,1.50
2016.08.05 05:54:49.619,0.99674,0.99701,2.25,1.50
2016.08.05 05:54:49.789,0.99676,0.99701,1.37,1.50
2016.08.05 05:54:59.181,0.99676,0.99701,1.50,1.50
2016.08.05 05:54:59.232,0.99676,0.99701,1.87,1.00
2016.08.05 05:54:59.756,0.99676,0.99701,1.75,1.00
2016.08.05 05:55:01.331,0.99676,0.99701,1.87,1.00
2016.08.05 05:55:03.040,0.99677,0.99701,1.37,1.00
2016.08.05 05:55:05.345,0.99676,0.99701,1.75,1.00
2016.08.05 05:55:05.447,0.99676,0.99701,1.75,1.00
2016.08.05 05:55:06.238,0.99676,0.99701,1.75,1.00
2016.08.05 05:55:08.473,0.99676,0.99697,1.75,1.00
2016.08.05 05:55:09.407,0.99676,0.99702,1.75,1.50
2016.08.05 05:55:09.457,0.99676,0.99702,1.75,1.87
2016.08.05 05:55:09.609,0.99676,0.99696,1.75,1.00
2016.08.05 05:55:09.697,0.99675,0.99696,1.75,1.00
2016.08.05 05:55:09.748,0.99674,0.99696,2.25,1.00
2016.08.05 05:55:10.258,0.99674,0.99696,1.75,1.00
2016.08.05 05:55:10.359,0.99676,0.99696,1.00,1.00
2016.08.05 05:55:12.478,0.99676,0.99696,1.50,1.00
2016.08.05 05:55:14.095,0.99677,0.997,1.87,1.00
2016.08.05 05:55:14.146,0.99684,0.99701,1.37,1.37
2016.08.05 05:55:14.197,0.99684,0.99701,1.75,1.00
2016.08.05 05:55:14.298,0.99688,0.99707,1.00,1.00
2016.08.05 05:55:14.880,0.99688,0.99706,1.00,1.00
2016.08.05 05:55:19.041,0.99685,0.99701,1.50,1.00
2016.08.05 05:55:19.142,0.99682,0.99701,1.87,1.00
2016.08.05 05:55:19.193,0.99682,0.99701,1.12,1.00
2016.08.05 05:55:19.445,0.99682,0.99701,1.50,1.00
2016.08.05 05:55:19.496,0.99682,0.99701,1.75,1.00
2016.08.05 05:55:20.086,0.99682,0.99702,1.75,1.00
2016.08.05 05:55:20.188,0.99683,0.99702,1.00,1.00
2016.08.05 05:55:21.187,0.99682,0.99702,1.75,1.00
2016.08.05 05:55:21.538,0.9968,0.99702,2.25,1.00
2016.08.05 05:55:22.060,0.99681,0.99702,1.12,1.00
2016.08.05 05:55:22.490,0.99681,0.99702,1.12,1.00
2016.08.05 05:55:22.864,0.99681,0.99702,1.12,1.00
2016.08.05 05:55:24.494,0.99681,0.99702,1.12,1.00
2016.08.05 05:55:25.008,0.99682,0.99702,1.12,1.00
2016.08.05 05:55:25.109,0.99681,0.99702,1.12,1.00
2016.08.05 05:55:25.865,0.99682,0.99702,1.12,1.00
2016.08.05 05:55:26.599,0.99681,0.99702,1.12,1.00
2016.08.05 05:55:29.874,0.99681,0.99702,1.12,1.00
2016.08.05 05:55:30.008,0.9968,0.99702,2.25,1.00
2016.08.05 05:55:30.609,0.9968,0.99702,1.75,1.00
2016.08.05 05:55:30.710,0.9968,0.99702,1.75,1.00
2016.08.05 05:55:30.776,0.9968,0.99702,1.75,1.00
2016.08.05 05:55:30.909,0.9968,0.99702,1.75,1.00
2016.08.05 05:55:31.010,0.9968,0.99697,1.75,1.00
2016.08.05 05:55:31.112,0.9968,0.99697,1.75,1.00
2016.08.05 05:55:31.218,0.99681,0.99697,1.50,1.00
2016.08.05 05:55:33.161,0.9968,0.99697,1.75,1.00
2016.08.05 05:55:38.704,0.9968,0.99702,1.75,1.00
2016.08.05 05:55:40.429,0.9968,0.99702,2.62,1.00
2016.08.05 05:55:40.479,0.99685,0.99702,1.00,1.00
2016.08.05 05:55:42.992,0.99681,0.99702,2.62,1.00
2016.08.05 05:55:43.043,0.9968,0.99707,1.12,1.50
2016.08.05 05:55:43.093,0.99681,0.99707,1.87,1.37
2016.08.05 05:55:43.144,0.99685,0.99707,1.00,1.00
2016.08.05 05:55:43.195,0.99682,0.99707,1.37,1.37
2016.08.05 05:55:43.245,0.99682,0.99702,1.37,1.00
2016.08.05 05:55:43.296,0.99679,0.99702,1.75,1.00
2016.08.05 05:55:43.544,0.99679,0.99702,1.87,1.00
2016.08.05 05:55:44.099,0.99679,0.99702,1.75,1.00
2016.08.05 05:55:44.617,0.9968,0.99702,1.75,1.00
2016.08.05 05:55:46.551,0.99678,0.99702,2.62,1.00
2016.08.05 05:55:46.938,0.99685,0.99701,1.00,1.00
2016.08.05 05:55:46.989,0.99683,0.99701,1.75,1.00
2016.08.05 05:55:47.039,0.99686,0.99707,1.00,1.00
2016.08.05 05:55:47.200,0.99683,0.99706,1.87,1.00
2016.08.05 05:55:47.251,0.99684,0.99706,1.37,1.00
2016.08.05 05:55:50.416,0.99684,0.99702,1.37,1.00
2016.08.05 05:55:52.119,0.99684,0.99706,1.37,1.00
2016.08.05 05:55:53.911,0.99684,0.99706,1.75,1.00
2016.08.05 05:55:57.315,0.99684,0.99706,2.62,1.00
2016.08.05 05:55:59.318,0.99684,0.99706,1.75,1.00
2016.08.05 05:55:59.368,0.99684,0.99706,1.75,1.00
2016.08.05 05:56:00.346,0.99683,0.99706,2.62,1.00
2016.08.05 05:56:00.548,0.99683,0.99706,1.87,1.00
2016.08.05 05:56:00.720,0.99684,0.99706,1.12,1.00
2016.08.05 05:56:01.021,0.99683,0.99706,1.87,1.00
2016.08.05 05:56:01.477,0.99686,0.99706,1.37,1.00
2016.08.05 05:56:01.691,0.99684,0.99706,1.75,1.00
2016.08.05 05:56:04.464,0.99684,0.99706,2.62,1.00
2016.08.05 05:56:09.462,0.99684,0.99706,2.62,1.00
2016.08.05 05:56:09.964,0.99688,0.99707,1.00,1.00
2016.08.05 05:56:11.066,0.99688,0.99706,1.00,1.00
2016.08.05 05:56:12.438,0.99688,0.99707,1.00,1.00
2016.08.05 05:56:13.088,0.99684,0.99707,1.75,1.00
2016.08.05 05:56:13.749,0.99685,0.99707,1.12,1.00
2016.08.05 05:56:15.680,0.99689,0.99707,1.00,1.00
2016.08.05 05:56:20.956,0.99688,0.99707,1.75,1.00
2016.08.05 05:56:21.057,0.99688,0.99707,1.75,1.00
2016.08.05 05:56:21.848,0.99688,0.99711,1.75,1.00
2016.08.05 05:56:25.857,0.99689,0.99711,1.75,1.00
2016.08.05 05:56:25.908,0.99689,0.99711,1.75,1.00
2016.08.05 05:56:29.617,0.99689,0.99711,2.25,1.00
2016.08.05 05:56:29.920,0.99689,0.99711,1.75,1.00
2016.08.05 05:56:34.171,0.99689,0.99711,1.75,1.00
2016.08.05 05:56:34.272,0.99689,0.99707,1.75,1.00
2016.08.05 05:56:38.615,0.99687,0.99707,2.62,1.00
2016.08.05 05:56:38.666,0.99683,0.99707,2.25,1.00
2016.08.05 05:56:38.793,0.99683,0.99706,2.25,1.00
2016.08.05 05:56:39.181,0.99683,0.99706,2.25,1.00
2016.08.05 05:56:39.393,0.99683,0.99706,1.87,1.00
2016.08.05 05:56:39.592,0.99683,0.99706,2.25,1.00
2016.08.05 05:56:40.394,0.99684,0.99706,1.12,1.00
2016.08.05 05:56:41.095,0.99683,0.99706,2.62,1.00
2016.08.05 05:56:42.533,0.99683,0.99706,2.62,1.00
2016.08.05 05:56:46.707,0.99683,0.99706,1.75,1.00
2016.08.05 05:56:47.930,0.99684,0.99706,1.12,1.00
2016.08.05 05:56:48.534,0.99683,0.99706,1.75,1.00
2016.08.05 05:56:48.635,0.99683,0.99706,1.75,1.00
2016.08.05 05:56:49.215,0.99683,0.99706,1.87,1.00
2016.08.05 05:56:49.893,0.99683,0.99706,1.75,1.00
2016.08.05 05:56:49.944,0.99683,0.99706,1.75,1.00
2016.08.05 05:56:49.994,0.99685,0.99706,1.00,1.00
2016.08.05 05:56:52.307,0.99685,0.99706,1.00,1.00
2016.08.05 05:56:58.705,0.99685,0.99706,1.12,1.00
2016.08.05 05:56:58.755,0.99685,0.99706,1.00,1.00
2016.08.05 05:57:08.822,0.99685,0.99706,1.50,1.00
2016.08.05 05:57:08.873,0.99685,0.99706,1.50,1.00
2016.08.05 05:57:08.923,0.99689,0.99707,1.00,1.00
2016.08.05 05:57:08.974,0.99683,0.99707,1.87,1.00
2016.08.05 05:57:09.125,0.99683,0.99706,1.75,1.00
2016.08.05 05:57:09.226,0.99683,0.99701,1.75,1.00
2016.08.05 05:57:09.277,0.99685,0.99701,1.00,1.00
2016.08.05 05:57:09.792,0.99685,0.99706,1.00,1.00
2016.08.05 05:57:10.609,0.99685,0.99707,1.00,1.00
2016.08.05 05:57:10.659,0.99685,0.99707,1.00,1.00
2016.08.05 05:57:10.760,0.99685,0.99709,1.00,1.00
2016.08.05 05:57:10.811,0.99685,0.99709,1.00,1.50
2016.08.05 05:57:10.914,0.99685,0.99708,1.00,1.00
2016.08.05 05:57:11.016,0.99685,0.99709,1.00,1.50
2016.08.05 05:57:11.255,0.99685,0.99708,1.00,1.00
2016.08.05 05:57:13.506,0.99683,0.99708,1.75,1.00
2016.08.05 05:57:13.557,0.99684,0.99711,1.87,2.25
2016.08.05 05:57:13.672,0.99684,0.99711,1.75,2.25
2016.08.05 05:57:13.722,0.99682,0.99711,2.25,1.50
2016.08.05 05:57:13.773,0.99685,0.99709,1.00,1.00
2016.08.05 05:57:13.874,0.99685,0.99709,1.00,1.00
2016.08.05 05:57:14.025,0.99685,0.99706,1.00,1.00
2016.08.05 05:57:14.423,0.99685,0.99708,1.00,1.00
2016.08.05 05:57:15.296,0.99685,0.99707,1.00,1.00
2016.08.05 05:57:15.475,0.99682,0.99707,1.75,1.37
2016.08.05 05:57:15.526,0.9968,0.99707,1.75,1.37
2016.08.05 05:57:15.576,0.9968,0.99707,1.75,1.75
2016.08.05 05:57:15.728,0.99678,0.99707,2.62,2.25
2016.08.05 05:57:15.778,0.99678,0.99707,1.75,2.25
2016.08.05 05:57:15.829,0.99677,0.99705,4.12,1.50
2016.08.05 05:57:15.879,0.99677,0.99705,1.87,1.50
2016.08.05 05:57:15.930,0.99677,0.99702,1.87,1.00
2016.08.05 05:57:15.980,0.99678,0.99702,1.37,1.00
2016.08.05 05:57:16.175,0.99675,0.99702,2.25,1.00
2016.08.05 05:57:16.276,0.99675,0.99702,2.25,1.00
2016.08.05 05:57:16.430,0.99675,0.99702,2.25,1.50
2016.08.05 05:57:16.481,0.99675,0.99702,2.62,1.87
2016.08.05 05:57:16.531,0.99675,0.99702,2.62,2.25
2016.08.05 05:57:16.582,0.99675,0.99702,2.62,1.87
2016.08.05 05:57:16.633,0.99675,0.99702,2.62,1.50
2016.08.05 05:57:16.684,0.99675,0.99702,2.62,1.50
2016.08.05 05:57:16.734,0.99675,0.99702,1.75,1.50
2016.08.05 05:57:16.785,0.99675,0.99702,1.75,1.87
2016.08.05 05:57:16.835,0.99677,0.997,1.00,1.00
2016.08.05 05:57:16.936,0.99677,0.99697,1.00,1.00
2016.08.05 05:57:16.989,0.99675,0.99697,1.75,1.00
2016.08.05 05:57:17.040,0.99676,0.99703,1.12,1.50
2016.08.05 05:57:17.091,0.99676,0.99703,1.12,1.50
2016.08.05 05:57:17.243,0.99676,0.99701,1.12,1.12
2016.08.05 05:57:17.963,0.99676,0.99701,1.12,1.12
2016.08.05 05:57:18.485,0.99675,0.99701,2.62,1.12
2016.08.05 05:57:18.536,0.99675,0.99701,1.75,1.12
2016.08.05 05:57:18.587,0.99675,0.99701,1.75,1.12
2016.08.05 05:57:19.237,0.99675,0.99701,2.62,1.12
2016.08.05 05:57:20.867,0.99675,0.99701,2.62,1.12
2016.08.05 05:57:20.990,0.99675,0.99701,2.62,1.00
2016.08.05 05:57:21.041,0.99675,0.99701,1.87,1.00
2016.08.05 05:57:21.998,0.99679,0.99701,1.00,1.12
2016.08.05 05:57:22.049,0.99675,0.99701,2.62,1.12
2016.08.05 05:57:22.293,0.99675,0.99701,2.62,1.12
2016.08.05 05:57:22.740,0.99675,0.99701,1.75,1.12
2016.08.05 05:57:22.819,0.99675,0.99701,1.75,1.12
2016.08.05 05:57:22.869,0.99674,0.99701,5.25,1.12
2016.08.05 05:57:22.920,0.99674,0.99701,5.25,1.12
2016.08.05 05:57:23.021,0.99675,0.99701,1.75,1.12
2016.08.05 05:57:23.502,0.99675,0.99701,1.75,1.12
2016.08.05 05:57:24.347,0.99675,0.99701,2.62,1.12
2016.08.05 05:57:24.556,0.99675,0.99701,1.75,1.12
2016.08.05 05:57:25.149,0.99675,0.99701,2.62,1.12
2016.08.05 05:57:26.861,0.99675,0.99701,1.75,1.12
2016.08.05 05:57:28.410,0.99675,0.99702,1.75,1.37
2016.08.05 05:57:30.168,0.99675,0.99702,2.25,1.37
2016.08.05 05:57:30.219,0.99675,0.99701,2.25,1.12
2016.08.05 05:57:30.269,0.99675,0.99701,2.62,1.12
2016.08.05 05:57:30.320,0.99675,0.99703,2.62,1.50
2016.08.05 05:57:30.512,0.99675,0.99702,2.62,1.37
2016.08.05 05:57:31.821,0.99675,0.99696,2.62,1.00
2016.08.05 05:57:32.785,0.99675,0.99696,2.25,1.00
2016.08.05 05:57:34.115,0.99675,0.99701,2.25,1.12
2016.08.05 05:57:34.166,0.99675,0.99701,1.75,1.12
2016.08.05 05:57:34.777,0.99676,0.99701,1.75,1.12
2016.08.05 05:57:35.441,0.99677,0.99701,1.50,1.12
2016.08.05 05:57:36.317,0.99677,0.99704,1.50,1.75
2016.08.05 05:57:36.631,0.99677,0.99703,1.50,1.00
2016.08.05 05:57:36.682,0.99677,0.99704,1.75,1.50
2016.08.05 05:57:36.982,0.99677,0.99705,1.75,1.75
2016.08.05 05:57:39.114,0.99677,0.99705,1.75,1.75
2016.08.05 05:57:39.236,0.99677,0.99704,1.75,1.00
2016.08.05 05:57:39.286,0.99677,0.99705,1.75,1.50
2016.08.05 05:57:44.078,0.99677,0.99705,1.87,1.50
2016.08.05 05:57:44.378,0.99677,0.99705,1.75,1.50
2016.08.05 05:57:45.792,0.99676,0.99704,4.50,1.12
2016.08.05 05:57:45.894,0.99677,0.99704,1.12,1.12
2016.08.05 05:57:45.945,0.99677,0.99706,1.12,2.25
2016.08.05 05:57:48.288,0.99677,0.99705,1.12,1.50
2016.08.05 05:57:51.487,0.99676,0.99705,3.37,1.50
2016.08.05 05:57:51.589,0.99676,0.99706,3.37,2.25
2016.08.05 05:57:52.616,0.99676,0.99706,4.50,2.25
2016.08.05 05:57:52.689,0.99679,0.99706,1.75,2.25
2016.08.05 05:57:52.752,0.99679,0.99706,1.75,2.25
2016.08.05 05:57:53.058,0.99679,0.99706,1.75,1.75
2016.08.05 05:57:53.365,0.99678,0.99704,1.75,1.12
2016.08.05 05:57:53.668,0.99678,0.99706,1.75,2.25
2016.08.05 05:57:53.848,0.99678,0.99704,1.75,1.12
2016.08.05 05:57:55.092,0.99679,0.99704,1.75,1.12
2016.08.05 05:57:55.193,0.99679,0.99704,1.75,1.12
2016.08.05 05:57:56.876,0.99679,0.99702,1.75,1.00
2016.08.05 05:57:56.977,0.99679,0.99702,1.75,1.00
2016.08.05 05:57:57.028,0.99677,0.99702,1.75,1.00
2016.08.05 05:57:57.478,0.99676,0.99702,3.37,1.00
2016.08.05 05:57:58.196,0.99676,0.99702,4.12,1.00
2016.08.05 05:57:58.579,0.99676,0.99702,3.37,1.00
2016.08.05 05:57:58.784,0.99676,0.99702,1.75,1.12
2016.08.05 05:57:58.975,0.99676,0.99702,2.25,1.12
2016.08.05 05:57:59.025,0.99676,0.99702,2.62,1.12
2016.08.05 05:57:59.381,0.99677,0.99702,1.50,1.12
2016.08.05 05:58:00.785,0.99676,0.99702,1.75,1.12
2016.08.05 05:58:01.384,0.99674,0.99702,1.75,1.12
2016.08.05 05:58:01.557,0.99675,0.99702,1.75,1.12
2016.08.05 05:58:02.257,0.99674,0.99702,1.75,1.12
2016.08.05 05:58:04.959,0.99674,0.99702,1.75,1.12
2016.08.05 05:58:05.010,0.99674,0.99702,1.87,1.12
2016.08.05 05:58:05.061,0.99674,0.99701,1.87,1.00
2016.08.05 05:58:06.043,0.99674,0.99702,1.87,1.12
2016.08.05 05:58:06.196,0.99674,0.99702,1.87,1.12
2016.08.05 05:58:06.347,0.99674,0.99701,1.87,1.00
2016.08.05 05:58:06.696,0.99676,0.99701,1.75,1.00
2016.08.05 05:58:06.994,0.99676,0.99701,1.75,1.00
2016.08.05 05:58:07.645,0.99676,0.99704,1.75,1.75
2016.08.05 05:58:07.697,0.99676,0.99703,1.75,1.50
2016.08.05 05:58:07.845,0.99676,0.99701,1.75,1.00
2016.08.05 05:58:08.351,0.99675,0.99701,1.75,1.00
2016.08.05 05:58:10.407,0.99676,0.99701,1.75,1.00
2016.08.05 05:58:11.266,0.99674,0.99701,3.75,1.00
2016.08.05 05:58:13.051,0.99674,0.99703,4.50,1.50
2016.08.05 05:58:14.120,0.99675,0.99703,1.12,1.50
2016.08.05 05:58:14.171,0.99676,0.99704,1.75,1.75
2016.08.05 05:58:14.385,0.99675,0.99703,1.12,1.50
2016.08.05 05:58:14.436,0.99674,0.99703,4.12,1.50
2016.08.05 05:58:14.616,0.99676,0.99704,1.75,1.75
2016.08.05 05:58:15.117,0.99675,0.99704,1.75,1.75
2016.08.05 05:58:16.575,0.99675,0.99704,1.75,1.75
2016.08.05 05:58:16.922,0.99679,0.99704,1.00,1.75
2016.08.05 05:58:16.972,0.99675,0.99704,1.75,1.75
2016.08.05 05:58:26.141,0.99679,0.99702,1.00,1.00
2016.08.05 05:58:26.593,0.99679,0.99702,1.00,1.00
2016.08.05 05:58:26.643,0.99675,0.99704,1.75,1.75
2016.08.05 05:58:26.694,0.99674,0.99703,3.00,1.75
2016.08.05 05:58:27.098,0.99674,0.99702,2.25,1.50
2016.08.05 05:58:27.149,0.99674,0.99702,1.75,1.50
2016.08.05 05:58:27.199,0.99673,0.99701,1.75,1.12
2016.08.05 05:58:27.300,0.99672,0.99701,2.25,1.87
2016.08.05 05:58:27.401,0.99672,0.997,2.25,1.00
2016.08.05 05:58:27.701,0.99673,0.997,1.75,1.00
2016.08.05 05:58:28.004,0.99673,0.997,2.25,1.00
2016.08.05 05:58:28.055,0.99674,0.997,1.75,1.00
2016.08.05 05:58:28.106,0.99674,0.997,1.75,1.00
2016.08.05 05:58:28.156,0.99673,0.997,3.00,1.00
2016.08.05 05:58:28.207,0.99673,0.997,3.00,1.00
2016.08.05 05:58:28.257,0.99674,0.997,1.75,1.00
2016.08.05 05:58:28.308,0.99674,0.997,1.75,1.00
2016.08.05 05:58:28.409,0.99674,0.997,1.75,1.00
2016.08.05 05:58:29.899,0.99674,0.997,1.75,1.00
2016.08.05 05:58:31.530,0.99674,0.997,1.75,1.00
2016.08.05 05:58:31.580,0.99672,0.997,1.75,1.50
2016.08.05 05:58:31.631,0.99672,0.997,1.75,1.50
2016.08.05 05:58:31.732,0.99671,0.997,2.25,1.50
2016.08.05 05:58:31.782,0.99673,0.99696,1.00,1.00
2016.08.05 05:58:31.833,0.99673,0.99696,1.00,1.00
2016.08.05 05:58:32.035,0.99673,0.99696,1.00,1.50
2016.08.05 05:58:32.388,0.99673,0.99696,1.00,1.00
2016.08.05 05:58:32.489,0.99674,0.99698,1.00,1.50
2016.08.05 05:58:33.126,0.99674,0.99698,1.00,1.00
2016.08.05 05:58:33.177,0.99674,0.99699,1.75,1.12
2016.08.05 05:58:33.329,0.99674,0.997,1.75,1.50
2016.08.05 05:58:33.486,0.99674,0.99699,1.75,1.12
2016.08.05 05:58:33.688,0.99674,0.99701,1.75,1.75
2016.08.05 05:58:34.602,0.99674,0.99701,2.25,1.75
2016.08.05 05:58:34.826,0.99674,0.99701,1.75,1.75
2016.08.05 05:58:34.927,0.99674,0.99701,1.75,1.75
2016.08.05 05:58:35.102,0.99674,0.99701,1.75,1.75
2016.08.05 05:58:36.119,0.99674,0.99702,1.75,1.75
2016.08.05 05:58:36.428,0.99674,0.99702,1.75,1.75
2016.08.05 05:58:36.479,0.99672,0.99702,2.62,1.75
2016.08.05 05:58:36.580,0.99673,0.99702,1.12,1.75
2016.08.05 05:58:36.681,0.99674,0.99702,1.75,1.75
2016.08.05 05:58:37.372,0.99674,0.99702,1.87,1.75
2016.08.05 05:58:37.423,0.99674,0.99704,1.12,1.75
2016.08.05 05:58:37.473,0.99679,0.99704,1.00,1.75
2016.08.05 05:58:37.524,0.99679,0.99704,1.00,1.75
2016.08.05 05:58:37.574,0.99679,0.99706,1.12,1.75
2016.08.05 05:58:37.625,0.99679,0.99708,1.12,2.62
2016.08.05 05:58:37.676,0.99679,0.99709,1.75,2.25
2016.08.05 05:58:38.992,0.99679,0.99709,1.75,1.75
2016.08.05 05:58:39.094,0.99679,0.9971,1.75,2.25
2016.08.05 05:58:39.296,0.99679,0.99709,2.25,1.75
2016.08.05 05:58:40.363,0.9968,0.99709,1.75,1.75
2016.08.05 05:58:40.515,0.9968,0.9971,1.75,1.75
2016.08.05 05:58:40.565,0.99679,0.9971,3.00,1.75
2016.08.05 05:58:40.829,0.99679,0.99711,3.00,2.25
2016.08.05 05:58:41.112,0.99679,0.9971,3.00,1.75
2016.08.05 05:58:42.595,0.99681,0.99709,1.75,1.75
2016.08.05 05:58:44.797,0.99681,0.99708,1.75,1.50
2016.08.05 05:58:47.199,0.99681,0.99709,1.75,1.75
2016.08.05 05:58:47.723,0.9968,0.99709,2.25,1.75
2016.08.05 05:58:48.025,0.9968,0.9971,2.25,1.75
2016.08.05 05:58:48.126,0.9968,0.9971,2.25,1.75
2016.08.05 05:58:48.297,0.9968,0.9971,1.75,1.75
2016.08.05 05:58:50.628,0.9968,0.9971,1.75,1.75
2016.08.05 05:58:51.630,0.9968,0.9971,1.75,1.75
2016.08.05 05:58:52.208,0.99681,0.99708,1.75,1.50
2016.08.05 05:58:52.259,0.99681,0.99708,1.75,1.50
2016.08.05 05:58:52.871,0.99681,0.99708,1.75,1.50
2016.08.05 05:58:53.141,0.9968,0.9971,2.25,1.75
2016.08.05 05:58:53.665,0.9968,0.99709,2.25,1.75
2016.08.05 05:58:53.715,0.99685,0.99709,1.00,1.50
2016.08.05 05:58:53.845,0.99685,0.99709,1.00,1.00
2016.08.05 05:58:54.014,0.99685,0.99709,1.00,1.50
2016.08.05 05:58:54.215,0.99685,0.99709,1.00,1.00
2016.08.05 05:58:54.569,0.99685,0.99708,1.00,1.00
2016.08.05 05:58:54.721,0.99685,0.99709,1.00,1.50
2016.08.05 05:58:54.923,0.99685,0.99708,1.00,1.00
2016.08.05 05:58:55.125,0.99685,0.99709,1.00,1.00
2016.08.05 05:58:55.427,0.99685,0.99709,1.00,1.50
2016.08.05 05:58:58.245,0.99685,0.99707,1.00,1.00
2016.08.05 05:58:58.296,0.9968,0.99707,1.50,1.75
2016.08.05 05:58:58.346,0.99681,0.99708,1.37,1.75
2016.08.05 05:58:58.533,0.99683,0.99709,1.50,1.75
2016.08.05 05:58:58.585,0.99683,0.99707,2.25,1.00
2016.08.05 05:58:58.635,0.99683,0.99707,1.50,1.00
2016.08.05 05:59:01.321,0.99684,0.99707,1.00,1.00
2016.08.05 05:59:01.422,0.99683,0.99707,1.50,1.00
2016.08.05 05:59:01.473,0.99683,0.99707,1.50,1.00
2016.08.05 05:59:01.524,0.99685,0.99709,1.00,1.00
2016.08.05 05:59:01.625,0.99687,0.9971,1.00,1.00
2016.08.05 05:59:03.597,0.99687,0.9971,1.00,1.00
2016.08.05 05:59:05.704,0.99687,0.9971,1.00,1.00
2016.08.05 05:59:06.105,0.99687,0.9971,1.00,1.00
2016.08.05 05:59:07.207,0.99687,0.9971,1.00,1.00
2016.08.05 05:59:08.502,0.99687,0.9971,1.00,1.00
2016.08.05 05:59:08.805,0.99687,0.9971,1.00,1.00
2016.08.05 05:59:09.112,0.99687,0.9971,1.00,1.00
2016.08.05 05:59:09.313,0.99687,0.9971,1.00,1.00
2016.08.05 05:59:09.674,0.99687,0.9971,1.00,1.00
2016.08.05 05:59:09.776,0.99687,0.9971,1.00,1.00
2016.08.05 05:59:10.183,0.99687,0.9971,1.00,1.00
2016.08.05 05:59:10.368,0.99687,0.9971,1.00,1.00
2016.08.05 05:59:10.469,0.99687,0.9971,1.00,1.00
2016.08.05 05:59:10.769,0.99687,0.9971,1.00,1.00
2016.08.05 05:59:11.198,0.99687,0.9971,1.00,1.00
2016.08.05 05:59:11.299,0.99687,0.9971,1.00,1.00
2016.08.05 05:59:11.470,0.99687,0.9971,1.00,1.00
2016.08.05 05:59:11.571,0.99687,0.9971,1.00,1.00
2016.08.05 05:59:11.975,0.99687,0.9971,1.00,1.00
2016.08.05 05:59:12.278,0.99687,0.9971,1.00,1.00
2016.08.05 05:59:13.122,0.99687,0.9971,1.00,1.00
2016.08.05 05:59:13.223,0.99687,0.9971,1.00,1.00
2016.08.05 05:59:13.424,0.99687,0.9971,1.00,1.00
2016.08.05 05:59:13.475,0.99687,0.9971,1.00,1.00
2016.08.05 05:59:13.677,0.99687,0.9971,1.00,1.00
2016.08.05 05:59:19.237,0.99685,0.99713,1.75,1.75
2016.08.05 05:59:20.540,0.99686,0.99713,1.75,1.75
2016.08.05 05:59:21.243,0.99686,0.99713,1.12,1.75
2016.08.05 05:59:21.293,0.99686,0.99713,1.12,1.75
2016.08.05 05:59:21.445,0.99686,0.99715,1.12,4.12
2016.08.05 05:59:21.546,0.99685,0.99714,1.87,1.75
2016.08.05 05:59:22.446,0.99685,0.99714,1.75,1.75
2016.08.05 05:59:22.799,0.99685,0.99714,1.75,1.75
2016.08.05 05:59:22.850,0.99686,0.99715,1.75,1.50
2016.08.05 05:59:23.023,0.99686,0.99715,1.75,1.50
2016.08.05 05:59:23.171,0.99685,0.99715,2.62,1.50
2016.08.05 05:59:23.273,0.99686,0.99715,1.75,1.50
2016.08.05 05:59:23.448,0.99685,0.99715,2.25,1.50
2016.08.05 05:59:24.344,0.99686,0.99711,1.75,1.12
2016.08.05 05:59:24.394,0.99686,0.99711,1.75,1.12
2016.08.05 05:59:24.575,0.99685,0.99709,1.00,1.00
2016.08.05 05:59:25.133,0.99683,0.9971,1.50,1.75
2016.08.05 05:59:27.621,0.99683,0.9971,1.50,1.75
2016.08.05 05:59:28.263,0.99683,0.99711,1.50,1.75
2016.08.05 05:59:28.566,0.99685,0.99708,1.00,1.00
2016.08.05 05:59:30.103,0.99685,0.99708,1.00,1.00
2016.08.05 05:59:30.154,0.99681,0.99708,1.37,2.25
2016.08.05 05:59:30.255,0.99683,0.99707,1.00,1.00
2016.08.05 05:59:30.800,0.99684,0.99707,1.00,1.00
2016.08.05 05:59:33.928,0.99683,0.99707,1.00,1.00
2016.08.05 05:59:37.434,0.99684,0.99707,1.00,1.00
2016.08.05 05:59:39.042,0.99683,0.99707,1.00,1.00
2016.08.05 05:59:41.292,0.99683,0.99707,1.50,1.00
2016.08.05 05:59:41.558,0.99683,0.99707,1.00,1.00
2016.08.05 05:59:42.094,0.99684,0.99707,1.00,1.00
2016.08.05 05:59:42.884,0.99683,0.99707,1.00,1.00
2016.08.05 05:59:43.698,0.99683,0.99707,1.50,1.00
2016.08.05 05:59:43.984,0.99683,0.99707,1.00,1.00
2016.08.05 05:59:45.841,0.99683,0.99707,1.50,1.00
2016.08.05 05:59:46.082,0.99683,0.9971,1.50,1.75
2016.08.05 05:59:47.265,0.99683,0.99711,1.50,1.75
2016.08.05 05:59:47.466,0.99683,0.99709,1.50,1.50
2016.08.05 05:59:47.567,0.99682,0.99709,1.75,1.50
2016.08.05 05:59:49.167,0.9968,0.99712,1.75,2.62
2016.08.05 05:59:49.317,0.9968,0.99712,1.75,2.25
2016.08.05 05:59:50.213,0.99679,0.99712,3.37,1.75
2016.08.05 05:59:50.264,0.99679,0.99712,1.75,3.37
2016.08.05 05:59:50.509,0.9968,0.99712,1.75,4.12
2016.08.05 05:59:50.560,0.9968,0.99712,1.75,2.25
2016.08.05 05:59:52.581,0.99679,0.99712,2.25,1.75
2016.08.05 05:59:52.782,0.9968,0.99712,1.75,2.25
2016.08.05 05:59:54.345,0.99679,0.99712,2.25,1.75
2016.08.05 05:59:55.124,0.99679,0.99712,1.75,1.75
2016.08.05 05:59:55.175,0.99679,0.99717,1.50,1.37
2016.08.05 05:59:55.225,0.99679,0.99718,1.50,1.12
2016.08.05 05:59:55.276,0.9968,0.99718,1.00,1.00
2016.08.05 05:59:55.432,0.9968,0.99719,1.00,1.12
2016.08.05 05:59:55.584,0.9968,0.99712,1.00,1.00
2016.08.05 05:59:56.126,0.99679,0.99711,1.00,1.00
2016.08.05 05:59:57.539,0.99683,0.99717,1.00,1.12
2016.08.05 05:59:57.590,0.99683,0.99717,1.00,1.12
2016.08.05 05:59:57.691,0.99683,0.99717,1.00,1.50
2016.08.05 05:59:57.792,0.99683,0.99717,1.00,1.00
2016.08.05 05:59:58.381,0.99679,0.99714,1.00,1.00
2016.08.05 05:59:58.637,0.99674,0.99711,1.00,1.00
2016.08.05 05:59:58.688,0.99674,0.99711,1.50,1.00
2016.08.05 05:59:58.789,0.99676,0.99711,1.00,1.00
2016.08.05 05:59:58.890,0.99678,0.99712,1.00,1.00
2016.08.05 05:59:58.991,0.99683,0.99717,1.00,1.50
2016.08.05 05:59:59.042,0.99683,0.99717,1.00,1.12
