2017.09.15 03:00:06.252,0.97338,0.97362,1.00,1.37
2017.09.15 03:00:06.303,0.97336,0.97359,2.25,1.00
2017.09.15 03:00:06.827,0.97337,0.97359,1.00,1.00
2017.09.15 03:00:07.571,0.97337,0.9736,1.00,1.50
2017.09.15 03:00:08.533,0.97337,0.9736,1.37,1.12
2017.09.15 03:00:09.079,0.97338,0.97361,1.50,1.12
2017.09.15 03:00:25.040,0.97339,0.97362,1.12,1.12
2017.09.15 03:00:26.288,0.97339,0.97362,1.50,1.12
2017.09.15 03:00:26.390,0.97342,0.97363,1.00,1.50
2017.09.15 03:00:26.640,0.97346,0.97371,1.69,2.25
2017.09.15 03:00:26.741,0.97351,0.97374,1.00,3.37
2017.09.15 03:00:26.792,0.9735,0.97375,1.00,3.00
2017.09.15 03:00:26.997,0.97352,0.97374,1.00,1.00
2017.09.15 03:00:27.540,0.97352,0.97375,1.31,1.12
2017.09.15 03:00:27.972,0.97351,0.97374,1.12,2.25
2017.09.15 03:00:34.364,0.97354,0.97375,1.00,2.25
2017.09.15 03:00:34.516,0.97355,0.97378,1.69,1.75
2017.09.15 03:00:34.617,0.97358,0.97381,1.00,2.44
2017.09.15 03:00:34.719,0.97358,0.9738,1.00,1.00
2017.09.15 03:00:35.287,0.97358,0.97381,1.31,2.62
2017.09.15 03:00:37.424,0.97358,0.97381,2.25,1.87
2017.09.15 03:00:37.475,0.97357,0.97382,1.81,1.87
2017.09.15 03:00:37.627,0.97356,0.9738,1.25,2.25
2017.09.15 03:00:37.679,0.97354,0.97376,1.12,1.00
2017.09.15 03:00:38.216,0.97353,0.97377,1.31,1.37
2017.09.15 03:00:38.856,0.97353,0.97373,2.06,1.00
2017.09.15 03:00:38.908,0.97354,0.97373,1.00,1.00
2017.09.15 03:00:39.540,0.9735,0.97372,1.75,1.50
2017.09.15 03:00:39.591,0.97348,0.97369,3.37,1.00
2017.09.15 03:00:39.641,0.97348,0.97369,2.25,1.50
2017.09.15 03:00:39.743,0.97348,0.97367,1.00,1.00
2017.09.15 03:00:40.329,0.97348,0.97368,1.31,1.00
2017.09.15 03:00:40.430,0.9735,0.9737,1.12,1.00
2017.09.15 03:00:40.952,0.9735,0.97369,1.12,1.00
2017.09.15 03:00:41.596,0.9735,0.9737,1.12,1.00
2017.09.15 03:00:43.028,0.97349,0.97369,1.50,1.00
2017.09.15 03:00:43.129,0.97347,0.97369,1.12,1.00
2017.09.15 03:00:43.803,0.97349,0.97369,1.00,1.00
2017.09.15 03:00:47.714,0.97348,0.97369,1.00,1.00
2017.09.15 03:00:47.967,0.9735,0.97373,1.12,1.87
2017.09.15 03:00:49.787,0.97348,0.97371,1.75,1.25
2017.09.15 03:00:49.889,0.97346,0.97369,1.87,1.25
2017.09.15 03:00:50.244,0.97346,0.97367,2.62,1.00
2017.09.15 03:00:50.564,0.97341,0.97363,2.00,1.12
2017.09.15 03:00:52.716,0.97345,0.97364,1.00,1.37
2017.09.15 03:00:53.638,0.97346,0.97366,1.00,2.25
2017.09.15 03:00:53.790,0.97347,0.97369,1.00,1.75
2017.09.15 03:00:53.841,0.97349,0.97369,1.00,1.37
2017.09.15 03:00:53.892,0.97349,0.97369,1.00,1.12
2017.09.15 03:00:58.257,0.97348,0.97369,1.00,1.12
2017.09.15 03:00:59.089,0.97349,0.97371,1.00,1.50
2017.09.15 03:00:59.291,0.97349,0.97372,1.12,1.50
2017.09.15 03:01:03.609,0.97349,0.9737,1.12,1.00
2017.09.15 03:01:11.317,0.97347,0.97372,1.87,1.75
2017.09.15 03:01:12.338,0.97348,0.97371,1.00,1.50
2017.09.15 03:01:12.888,0.97347,0.97372,1.12,1.75
2017.09.15 03:01:13.580,0.97348,0.97371,1.00,1.50
2017.09.15 03:01:19.088,0.97347,0.97372,1.87,1.75
2017.09.15 03:01:20.638,0.97348,0.97371,1.00,1.50
2017.09.15 03:01:21.171,0.97347,0.97372,1.12,2.25
2017.09.15 03:01:21.974,0.97348,0.97371,1.00,1.50
2017.09.15 03:01:22.413,0.97347,0.97372,1.12,1.87
2017.09.15 03:01:23.649,0.97344,0.97366,1.75,1.00
2017.09.15 03:01:23.750,0.97343,0.97364,1.00,1.00
2017.09.15 03:01:23.884,0.97341,0.97364,1.00,1.00
2017.09.15 03:01:24.512,0.97341,0.97364,1.00,1.88
2017.09.15 03:01:25.253,0.97341,0.97364,1.00,1.50
2017.09.15 03:01:25.822,0.9734,0.97364,1.50,1.00
2017.09.15 03:01:26.823,0.97341,0.97364,1.00,1.69
2017.09.15 03:01:27.978,0.9734,0.97365,1.69,2.25
2017.09.15 03:01:28.507,0.97341,0.97364,1.25,1.00
2017.09.15 03:01:30.132,0.9734,0.97365,1.69,2.25
2017.09.15 03:01:30.691,0.97341,0.97364,1.25,1.00
2017.09.15 03:01:38.251,0.9734,0.97364,1.69,1.00
2017.09.15 03:01:38.793,0.97341,0.97364,1.25,1.88
2017.09.15 03:01:41.196,0.9734,0.97364,1.69,1.00
2017.09.15 03:01:41.463,0.97343,0.97365,1.00,1.13
2017.09.15 03:01:42.032,0.97342,0.97364,1.50,1.00
2017.09.15 03:01:43.905,0.97343,0.97366,1.00,1.50
2017.09.15 03:01:44.007,0.97348,0.97367,1.00,1.00
2017.09.15 03:01:44.662,0.97348,0.97368,1.00,1.50
2017.09.15 03:01:45.213,0.97348,0.97369,1.00,2.44
2017.09.15 03:01:45.823,0.97348,0.97368,1.00,1.12
2017.09.15 03:01:46.371,0.97348,0.97369,1.00,1.69
2017.09.15 03:01:47.029,0.97348,0.97368,1.00,1.31
2017.09.15 03:01:48.887,0.97344,0.97368,1.00,2.25
2017.09.15 03:01:51.101,0.97344,0.97367,2.25,1.00
2017.09.15 03:01:54.473,0.97348,0.97367,1.00,1.00
2017.09.15 03:01:56.409,0.97348,0.97366,1.00,1.25
2017.09.15 03:01:56.460,0.97344,0.97366,1.00,1.00
2017.09.15 03:01:56.613,0.97342,0.97365,1.00,2.06
2017.09.15 03:01:56.984,0.97342,0.97363,1.00,1.25
2017.09.15 03:01:57.506,0.97341,0.97363,1.50,1.00
2017.09.15 03:02:00.506,0.97341,0.97365,1.50,1.13
2017.09.15 03:02:00.946,0.97342,0.97363,1.00,1.00
2017.09.15 03:02:01.612,0.97342,0.97365,1.00,2.25
2017.09.15 03:02:02.553,0.97347,0.97366,1.00,1.50
2017.09.15 03:02:02.766,0.97348,0.97368,1.00,1.00
2017.09.15 03:02:03.865,0.97347,0.97369,1.50,1.00
2017.09.15 03:02:04.695,0.97348,0.9737,1.12,1.00
2017.09.15 03:02:07.742,0.97347,0.9737,1.00,1.50
2017.09.15 03:02:08.434,0.97346,0.97369,3.19,1.00
2017.09.15 03:02:11.390,0.97346,0.9737,1.87,2.25
2017.09.15 03:02:11.932,0.97346,0.97369,3.19,1.00
2017.09.15 03:02:12.450,0.97346,0.9737,2.25,2.25
2017.09.15 03:02:12.653,0.97346,0.9737,2.81,1.50
2017.09.15 03:02:13.217,0.97347,0.97369,1.75,1.00
2017.09.15 03:02:15.088,0.97346,0.9737,2.62,1.50
2017.09.15 03:02:15.418,0.97345,0.97367,1.69,1.12
2017.09.15 03:02:15.520,0.97345,0.97368,1.00,2.25
2017.09.15 03:02:24.815,0.97344,0.97366,1.87,1.00
2017.09.15 03:02:25.331,0.97344,0.97367,2.06,1.12
2017.09.15 03:02:25.444,0.97345,0.97369,1.37,1.00
2017.09.15 03:02:25.961,0.97346,0.97369,2.06,1.12
2017.09.15 03:02:28.020,0.97346,0.97369,1.87,1.12
2017.09.15 03:02:28.523,0.97346,0.97368,1.12,1.12
2017.09.15 03:02:28.851,0.97342,0.97366,1.87,1.12
2017.09.15 03:02:32.249,0.97336,0.97358,2.25,1.12
2017.09.15 03:02:32.299,0.97339,0.97358,1.00,1.12
2017.09.15 03:02:32.401,0.97339,0.97361,1.00,1.37
2017.09.15 03:02:32.654,0.97341,0.97362,1.00,2.25
2017.09.15 03:02:33.158,0.97339,0.97361,2.44,1.37
2017.09.15 03:02:33.737,0.97339,0.97361,2.62,1.00
2017.09.15 03:02:33.788,0.97339,0.97364,3.75,1.69
2017.09.15 03:02:35.897,0.9734,0.97363,1.12,1.31
2017.09.15 03:02:36.408,0.9734,0.97363,1.12,1.31
2017.09.15 03:02:39.160,0.97342,0.97363,1.00,1.12
2017.09.15 03:02:40.092,0.97342,0.97363,1.00,1.50
2017.09.15 03:02:40.609,0.97342,0.97364,1.00,1.88
2017.09.15 03:02:41.160,0.97342,0.97363,1.00,1.31
2017.09.15 03:02:42.733,0.97342,0.97364,1.00,1.69
2017.09.15 03:02:43.003,0.9734,0.97363,1.87,1.50
2017.09.15 03:02:44.055,0.97342,0.97364,1.00,1.69
2017.09.15 03:02:45.042,0.97344,0.97363,1.00,1.12
2017.09.15 03:02:45.144,0.97342,0.97364,1.50,1.88
2017.09.15 03:02:45.396,0.9734,0.97362,1.00,1.12
2017.09.15 03:02:45.955,0.97341,0.97362,1.00,1.12
2017.09.15 03:03:07.401,0.97341,0.97362,1.00,1.50
2017.09.15 03:03:08.942,0.97339,0.97361,1.00,1.12
2017.09.15 03:03:08.993,0.97341,0.97362,1.00,1.50
2017.09.15 03:03:12.815,0.97343,0.97363,1.00,1.62
2017.09.15 03:03:12.916,0.97343,0.97364,1.00,1.69
2017.09.15 03:03:13.906,0.97343,0.97362,1.00,1.00
2017.09.15 03:03:14.427,0.97342,0.97362,1.00,1.12
2017.09.15 03:03:16.773,0.9734,0.97362,1.00,1.12
2017.09.15 03:03:17.308,0.97342,0.97362,1.00,1.69
2017.09.15 03:03:17.460,0.9734,0.97362,1.00,1.69
2017.09.15 03:03:17.764,0.97342,0.97362,1.00,1.12
2017.09.15 03:03:18.017,0.97342,0.97365,1.12,2.25
2017.09.15 03:03:18.523,0.97342,0.97364,1.12,1.88
2017.09.15 03:03:19.082,0.97342,0.97364,1.12,2.06
2017.09.15 03:03:20.743,0.97341,0.97364,1.50,1.62
2017.09.15 03:03:21.261,0.97342,0.97363,1.12,1.38
2017.09.15 03:03:22.028,0.97341,0.97364,1.50,1.50
2017.09.15 03:03:23.159,0.97342,0.97363,1.12,1.38
2017.09.15 03:03:26.842,0.97341,0.97364,1.50,1.62
2017.09.15 03:03:27.387,0.97342,0.97363,1.12,1.38
2017.09.15 03:03:27.644,0.9734,0.97359,1.37,1.00
2017.09.15 03:03:27.746,0.97336,0.97358,1.37,1.00
2017.09.15 03:03:27.948,0.97335,0.97357,1.50,1.00
2017.09.15 03:03:28.150,0.97334,0.97357,1.00,1.00
2017.09.15 03:03:28.251,0.97334,0.97353,1.00,1.00
2017.09.15 03:03:28.302,0.97334,0.97355,1.00,1.12
2017.09.15 03:03:28.404,0.97334,0.97353,1.00,1.00
2017.09.15 03:03:28.905,0.97334,0.97352,1.00,1.00
2017.09.15 03:03:28.956,0.97331,0.97352,1.00,1.00
2017.09.15 03:03:29.452,0.97333,0.97356,1.00,2.44
2017.09.15 03:03:29.553,0.97333,0.97355,1.00,1.69
2017.09.15 03:03:30.059,0.97334,0.97358,1.12,2.44
2017.09.15 03:03:30.592,0.97334,0.97356,1.12,1.00
2017.09.15 03:03:31.208,0.97334,0.97357,1.87,1.31
2017.09.15 03:03:31.613,0.97336,0.97357,1.12,1.00
2017.09.15 03:03:31.917,0.97338,0.97358,1.00,1.12
2017.09.15 03:03:32.482,0.97338,0.97357,1.00,1.00
2017.09.15 03:03:33.277,0.97335,0.97357,1.37,1.00
2017.09.15 03:03:33.806,0.97334,0.97358,1.12,1.12
2017.09.15 03:03:34.415,0.97335,0.97357,1.37,1.00
2017.09.15 03:03:35.270,0.97334,0.97358,1.12,1.12
2017.09.15 03:03:36.632,0.97335,0.97357,1.37,1.00
2017.09.15 03:03:37.980,0.97334,0.97358,1.12,1.12
2017.09.15 03:03:38.482,0.97335,0.97357,1.37,1.00
2017.09.15 03:03:42.820,0.97334,0.97358,1.12,1.12
2017.09.15 03:03:44.161,0.97337,0.97357,1.00,1.00
2017.09.15 03:03:44.716,0.97338,0.97357,1.00,1.00
2017.09.15 03:03:47.073,0.97336,0.97357,1.12,1.00
2017.09.15 03:03:47.351,0.97336,0.9736,1.87,1.50
2017.09.15 03:03:57.772,0.97337,0.97359,2.62,1.12
2017.09.15 03:04:07.275,0.97338,0.97358,1.00,1.00
2017.09.15 03:04:07.858,0.97338,0.97358,1.00,1.50
2017.09.15 03:04:19.303,0.97339,0.9736,1.00,2.25
2017.09.15 03:04:19.455,0.97339,0.97359,1.00,1.12
2017.09.15 03:04:27.284,0.97338,0.9736,1.00,1.50
2017.09.15 03:04:27.804,0.9734,0.9736,1.00,1.00
2017.09.15 03:04:28.341,0.9734,0.97359,1.00,1.00
2017.09.15 03:04:28.434,0.9734,0.97361,1.00,1.12
2017.09.15 03:04:33.890,0.97339,0.97362,1.00,2.25
2017.09.15 03:04:33.991,0.97338,0.97359,1.00,1.00
2017.09.15 03:04:34.515,0.97338,0.9736,1.00,1.00
2017.09.15 03:04:35.032,0.97338,0.97359,1.00,1.00
2017.09.15 03:04:41.890,0.97338,0.9736,1.00,1.00
2017.09.15 03:04:42.535,0.97338,0.97359,1.00,1.00
2017.09.15 03:04:43.111,0.97338,0.9736,1.00,1.00
2017.09.15 03:04:43.662,0.97338,0.97359,1.00,1.00
2017.09.15 03:04:44.185,0.97338,0.9736,1.00,1.00
2017.09.15 03:04:44.723,0.97338,0.97359,1.00,1.00
2017.09.15 03:04:49.031,0.97337,0.97357,1.00,1.00
2017.09.15 03:04:49.284,0.97336,0.97359,1.00,1.25
2017.09.15 03:04:49.826,0.97337,0.97359,1.00,1.00
2017.09.15 03:04:50.460,0.97336,0.97359,1.00,1.00
2017.09.15 03:04:51.005,0.97336,0.97359,1.00,1.31
2017.09.15 03:04:51.532,0.97336,0.97359,1.00,1.50
2017.09.15 03:04:52.043,0.97336,0.97359,1.00,1.44
2017.09.15 03:04:52.094,0.97335,0.9736,2.25,2.63
2017.09.15 03:04:54.884,0.97336,0.97359,1.12,1.25
2017.09.15 03:04:59.190,0.97336,0.9736,1.00,1.50
2017.09.15 03:04:59.241,0.97338,0.9736,1.00,1.00
2017.09.15 03:05:03.373,0.97336,0.97359,2.62,1.00
2017.09.15 03:05:03.627,0.97338,0.97362,1.37,1.37
2017.09.15 03:05:07.337,0.97337,0.9736,2.81,1.00
2017.09.15 03:05:08.509,0.97337,0.9736,2.44,1.37
2017.09.15 03:05:16.211,0.9734,0.9736,1.00,1.37
2017.09.15 03:05:27.342,0.9734,0.9736,1.00,1.87
2017.09.15 03:05:31.612,0.97339,0.97361,1.00,1.50
2017.09.15 03:05:32.608,0.9734,0.97361,1.00,2.25
2017.09.15 03:05:33.140,0.97341,0.9736,1.00,1.12
2017.09.15 03:05:34.051,0.97342,0.97361,1.00,2.25
2017.09.15 03:05:37.603,0.97341,0.97361,1.00,1.50
2017.09.15 03:05:38.717,0.97339,0.9736,1.00,1.12
2017.09.15 03:05:38.767,0.97339,0.97359,1.00,1.37
2017.09.15 03:05:39.269,0.97338,0.97358,1.00,1.12
2017.09.15 03:05:48.482,0.97338,0.97359,1.12,1.00
2017.09.15 03:05:49.012,0.97338,0.97359,1.00,1.50
2017.09.15 03:05:51.274,0.97338,0.97359,1.12,1.00
2017.09.15 03:05:51.834,0.97338,0.97359,1.00,1.37
2017.09.15 03:05:58.273,0.9734,0.97358,1.00,1.12
2017.09.15 03:06:08.503,0.97341,0.97358,1.00,1.12
2017.09.15 03:06:08.554,0.97339,0.97359,1.00,1.37
2017.09.15 03:06:08.758,0.97337,0.97358,1.00,1.12
2017.09.15 03:06:14.142,0.97336,0.97354,1.00,1.00
2017.09.15 03:06:14.244,0.97334,0.97354,1.00,1.00
2017.09.15 03:06:14.295,0.97335,0.97352,1.00,1.00
2017.09.15 03:06:14.821,0.97335,0.97351,1.00,1.00
2017.09.15 03:06:16.248,0.97335,0.97352,1.00,1.12
2017.09.15 03:06:17.162,0.97335,0.97351,1.00,1.00
2017.09.15 03:06:17.670,0.97337,0.97357,1.00,2.25
2017.09.15 03:06:17.721,0.97336,0.97354,1.00,1.00
2017.09.15 03:06:17.773,0.97339,0.97356,1.00,1.00
2017.09.15 03:06:17.825,0.97336,0.97354,1.00,1.00
2017.09.15 03:06:18.400,0.97336,0.97355,1.00,1.00
2017.09.15 03:06:18.502,0.97334,0.97354,1.50,1.00
2017.09.15 03:06:18.755,0.97334,0.97352,1.00,1.00
2017.09.15 03:06:19.775,0.97334,0.97353,1.00,1.50
2017.09.15 03:06:25.319,0.97334,0.97352,1.00,1.00
2017.09.15 03:06:38.014,0.97334,0.97353,1.00,1.50
2017.09.15 03:06:42.561,0.97334,0.97355,1.50,1.12
2017.09.15 03:06:45.922,0.97335,0.97355,1.00,1.12
2017.09.15 03:06:46.025,0.97337,0.97355,1.00,1.12
2017.09.15 03:06:46.329,0.97334,0.97354,1.00,1.00
2017.09.15 03:06:46.481,0.97334,0.97353,1.00,1.75
2017.09.15 03:06:46.582,0.97334,0.97353,1.00,1.50
2017.09.15 03:06:47.218,0.97333,0.97353,1.00,1.00
2017.09.15 03:06:49.847,0.97333,0.97354,1.00,2.25
2017.09.15 03:06:50.517,0.97333,0.97353,1.00,1.50
2017.09.15 03:06:59.972,0.97332,0.97353,1.00,1.25
2017.09.15 03:07:00.023,0.97331,0.9735,1.00,1.00
2017.09.15 03:07:00.175,0.97329,0.9735,1.12,1.00
2017.09.15 03:07:00.226,0.97327,0.97347,1.00,1.12
2017.09.15 03:07:02.138,0.97329,0.97349,1.00,1.50
2017.09.15 03:07:02.442,0.97332,0.97353,1.00,1.12
2017.09.15 03:07:02.695,0.97329,0.9735,2.25,1.00
2017.09.15 03:07:02.932,0.97333,0.97354,1.00,2.25
2017.09.15 03:07:03.470,0.97332,0.97353,1.00,1.37
2017.09.15 03:07:05.199,0.97332,0.97349,1.00,1.00
2017.09.15 03:07:05.802,0.97332,0.97351,1.00,1.00
2017.09.15 03:07:06.334,0.97332,0.97354,1.00,1.75
2017.09.15 03:07:06.385,0.97332,0.97354,1.00,1.50
2017.09.15 03:07:06.486,0.97333,0.97354,1.00,1.12
2017.09.15 03:07:07.016,0.97333,0.97353,1.00,1.00
2017.09.15 03:07:07.562,0.97333,0.97354,1.00,1.12
2017.09.15 03:07:08.097,0.97332,0.97354,1.00,1.12
2017.09.15 03:07:08.642,0.97331,0.97354,1.00,1.31
2017.09.15 03:07:08.973,0.97327,0.9735,1.75,1.25
2017.09.15 03:07:09.024,0.97327,0.97349,1.50,1.25
2017.09.15 03:07:09.075,0.97326,0.97347,1.12,1.31
2017.09.15 03:07:09.581,0.97325,0.97348,1.12,1.87
2017.09.15 03:07:10.041,0.97327,0.97348,1.00,1.69
2017.09.15 03:07:10.557,0.97327,0.97347,1.12,1.00
2017.09.15 03:07:11.059,0.97327,0.97348,1.00,1.50
2017.09.15 03:07:11.571,0.97327,0.97347,1.00,1.00
2017.09.15 03:07:12.315,0.97327,0.97348,1.00,1.50
2017.09.15 03:07:12.831,0.97327,0.97347,1.00,1.00
2017.09.15 03:07:13.582,0.97327,0.97348,1.00,1.50
2017.09.15 03:07:15.181,0.97327,0.97347,1.00,1.00
2017.09.15 03:07:16.630,0.97328,0.97347,1.00,1.00
2017.09.15 03:07:16.681,0.97326,0.97348,1.00,1.69
2017.09.15 03:07:16.785,0.97324,0.97348,1.12,1.69
2017.09.15 03:07:18.761,0.97324,0.97347,2.25,1.19
2017.09.15 03:07:19.290,0.97324,0.97347,1.87,1.19
2017.09.15 03:07:20.698,0.97323,0.97348,2.62,1.69
2017.09.15 03:07:21.203,0.97324,0.97347,1.87,1.19
2017.09.15 03:07:21.898,0.97324,0.97348,1.00,1.69
2017.09.15 03:07:22.630,0.97324,0.97347,1.87,1.19
2017.09.15 03:07:27.518,0.97323,0.97347,1.00,1.69
2017.09.15 03:07:29.453,0.97323,0.97346,1.87,1.12
2017.09.15 03:07:31.184,0.97323,0.97347,1.00,1.50
2017.09.15 03:07:32.086,0.97323,0.97346,1.87,1.12
2017.09.15 03:07:33.883,0.97323,0.97347,1.00,1.50
2017.09.15 03:07:34.450,0.97323,0.97346,1.87,1.12
2017.09.15 03:07:37.601,0.97323,0.97347,1.00,1.50
2017.09.15 03:07:38.900,0.97323,0.97346,1.87,1.31
2017.09.15 03:07:40.901,0.97323,0.97347,1.00,1.69
2017.09.15 03:07:41.533,0.97323,0.97346,1.87,1.31
2017.09.15 03:07:42.078,0.97323,0.97347,1.00,1.69
2017.09.15 03:07:43.091,0.97323,0.97346,1.87,1.31
2017.09.15 03:07:44.534,0.97324,0.97347,1.50,1.50
2017.09.15 03:07:52.435,0.97326,0.97348,1.00,1.37
2017.09.15 03:07:53.126,0.97327,0.97349,1.12,1.50
2017.09.15 03:07:57.041,0.97325,0.97349,1.75,2.25
2017.09.15 03:07:57.745,0.97325,0.97348,2.25,1.37
2017.09.15 03:07:58.407,0.97324,0.97344,2.25,1.00
2017.09.15 03:08:02.788,0.97322,0.97342,3.75,1.00
2017.09.15 03:08:02.839,0.97322,0.97342,1.75,1.00
2017.09.15 03:08:03.042,0.97322,0.9734,2.25,1.00
2017.09.15 03:08:03.548,0.97325,0.97343,1.00,1.00
2017.09.15 03:08:03.650,0.97327,0.97346,1.50,1.12
2017.09.15 03:08:03.846,0.9733,0.97349,1.87,1.00
2017.09.15 03:08:04.252,0.97333,0.97351,1.00,1.00
2017.09.15 03:08:04.781,0.97333,0.97352,1.00,1.00
2017.09.15 03:08:05.941,0.97332,0.97352,1.50,1.00
2017.09.15 03:08:06.387,0.97334,0.97352,1.00,1.00
2017.09.15 03:08:06.634,0.97334,0.97354,1.87,1.00
2017.09.15 03:08:07.170,0.97334,0.97354,1.87,1.00
2017.09.15 03:08:08.461,0.97332,0.97353,1.31,1.00
2017.09.15 03:08:08.563,0.97331,0.97352,1.00,1.50
2017.09.15 03:08:08.665,0.97329,0.9735,1.37,1.00
2017.09.15 03:08:09.307,0.97329,0.97351,1.37,1.12
2017.09.15 03:08:09.932,0.97329,0.97351,1.87,1.12
2017.09.15 03:08:10.260,0.97329,0.97351,1.00,1.12
2017.09.15 03:08:10.614,0.97329,0.97349,1.87,1.00
2017.09.15 03:08:10.969,0.97325,0.9735,1.88,2.25
2017.09.15 03:08:11.279,0.97329,0.9735,1.12,1.00
2017.09.15 03:08:11.940,0.9733,0.9735,1.12,1.00
2017.09.15 03:08:12.607,0.9733,0.97349,1.12,1.00
2017.09.15 03:08:13.139,0.97327,0.97348,1.31,1.50
2017.09.15 03:08:13.190,0.97324,0.97346,2.25,1.00
2017.09.15 03:08:13.291,0.97322,0.97344,1.62,1.00
2017.09.15 03:08:13.494,0.97321,0.97344,1.12,1.37
2017.09.15 03:08:14.243,0.97321,0.97343,1.50,1.12
2017.09.15 03:08:14.801,0.97321,0.97344,2.06,1.37
2017.09.15 03:08:15.316,0.97319,0.97342,1.87,1.12
2017.09.15 03:08:18.171,0.97319,0.97343,1.12,3.00
2017.09.15 03:08:18.591,0.97319,0.9734,1.87,1.00
2017.09.15 03:08:18.833,0.97319,0.97342,1.87,1.87
2017.09.15 03:08:19.388,0.97321,0.97342,1.00,1.50
2017.09.15 03:08:19.591,0.97322,0.97345,1.50,1.87
2017.09.15 03:08:27.061,0.97325,0.97346,1.00,1.69
2017.09.15 03:08:27.582,0.97325,0.97346,1.00,1.25
2017.09.15 03:08:28.490,0.97324,0.97346,1.50,1.00
2017.09.15 03:08:31.795,0.97324,0.97348,1.50,1.69
2017.09.15 03:08:38.825,0.97325,0.97347,1.00,1.25
2017.09.15 03:08:39.375,0.97324,0.97348,1.50,1.87
2017.09.15 03:08:39.651,0.97326,0.97348,1.00,1.44
2017.09.15 03:08:39.702,0.97325,0.9735,1.50,2.81
2017.09.15 03:08:43.419,0.97326,0.97349,1.12,2.44
2017.09.15 03:08:44.056,0.97326,0.97349,1.12,2.06
2017.09.15 03:08:44.208,0.97331,0.97353,1.50,1.75
2017.09.15 03:08:44.310,0.97332,0.97354,2.25,1.00
2017.09.15 03:08:44.876,0.97336,0.97355,1.00,1.00
2017.09.15 03:08:44.927,0.97336,0.97357,1.00,1.00
2017.09.15 03:08:45.524,0.97333,0.97358,4.12,1.12
2017.09.15 03:08:46.182,0.97335,0.97357,1.12,1.00
2017.09.15 03:08:46.740,0.97336,0.97357,1.00,1.00
2017.09.15 03:08:47.585,0.97336,0.97358,1.00,1.12
2017.09.15 03:08:48.163,0.97336,0.97357,1.00,1.00
2017.09.15 03:08:49.085,0.97336,0.97358,1.00,1.12
2017.09.15 03:08:49.635,0.97336,0.97357,1.25,1.00
2017.09.15 03:08:53.940,0.97337,0.97357,1.00,1.00
2017.09.15 03:08:54.152,0.97335,0.97358,1.50,1.12
2017.09.15 03:08:55.961,0.97337,0.9736,1.50,2.00
2017.09.15 03:08:56.505,0.97337,0.97357,1.00,1.00
2017.09.15 03:08:57.061,0.97337,0.97359,1.00,1.50
2017.09.15 03:09:16.881,0.97339,0.97361,1.00,2.25
2017.09.15 03:09:18.424,0.97339,0.97358,1.00,1.00
2017.09.15 03:09:18.761,0.97337,0.97358,1.00,2.44
2017.09.15 03:09:18.863,0.97337,0.97359,1.00,1.69
2017.09.15 03:09:20.102,0.97335,0.97358,1.87,1.88
2017.09.15 03:09:20.657,0.97338,0.97359,1.00,1.37
2017.09.15 03:09:21.000,0.9734,0.97359,1.00,1.00
2017.09.15 03:09:21.875,0.97342,0.9736,1.00,1.00
2017.09.15 03:09:22.069,0.97343,0.97364,1.00,1.00
2017.09.15 03:09:22.171,0.97341,0.97364,1.87,1.00
2017.09.15 03:09:23.644,0.97341,0.97365,1.50,1.12
2017.09.15 03:09:24.245,0.97341,0.97364,2.25,1.00
2017.09.15 03:09:25.071,0.97341,0.97365,1.50,1.12
2017.09.15 03:09:25.617,0.9734,0.97362,1.87,1.00
2017.09.15 03:09:25.921,0.97339,0.97362,2.25,1.00
2017.09.15 03:09:26.226,0.97338,0.97359,1.50,1.50
2017.09.15 03:09:26.277,0.97338,0.97359,1.00,1.50
2017.09.15 03:09:26.786,0.97338,0.97358,1.00,1.00
2017.09.15 03:09:28.957,0.97338,0.97359,1.00,1.12
2017.09.15 03:09:29.664,0.97338,0.9736,1.00,1.25
2017.09.15 03:09:30.336,0.97338,0.97359,1.00,1.00
2017.09.15 03:09:31.787,0.97338,0.9736,1.00,1.00
2017.09.15 03:09:36.607,0.97338,0.97359,1.00,1.00
2017.09.15 03:09:37.162,0.97338,0.9736,1.00,1.00
2017.09.15 03:09:37.569,0.97338,0.97356,1.00,1.00
2017.09.15 03:09:37.721,0.97334,0.97355,1.25,1.50
2017.09.15 03:09:38.226,0.97333,0.97354,1.31,1.00
2017.09.15 03:09:38.770,0.97333,0.97355,1.00,1.00
2017.09.15 03:09:38.973,0.97333,0.97357,1.87,1.00
2017.09.15 03:09:47.247,0.97333,0.97355,2.25,1.00
2017.09.15 03:09:47.769,0.97333,0.97355,1.50,1.00
2017.09.15 03:09:51.517,0.97334,0.97355,1.00,1.00
2017.09.15 03:09:51.719,0.97334,0.97358,1.25,1.69
2017.09.15 03:09:51.770,0.97334,0.97357,2.06,1.19
2017.09.15 03:09:52.091,0.97334,0.97354,1.12,1.00
2017.09.15 03:09:52.593,0.97334,0.97354,1.31,1.00
2017.09.15 03:09:53.229,0.97334,0.97356,3.00,1.50
2017.09.15 03:09:53.432,0.97334,0.97358,1.69,1.12
2017.09.15 03:09:54.088,0.97334,0.97357,2.81,1.00
2017.09.15 03:09:54.906,0.97334,0.97358,1.69,1.12
2017.09.15 03:09:55.065,0.97337,0.9736,2.44,1.75
2017.09.15 03:09:55.369,0.97344,0.97366,1.69,1.12
2017.09.15 03:09:55.420,0.97346,0.97368,1.00,1.25
2017.09.15 03:09:55.903,0.97344,0.97366,1.87,1.00
2017.09.15 03:09:56.236,0.9734,0.97365,2.06,1.50
2017.09.15 03:10:00.333,0.97344,0.97364,1.00,1.12
2017.09.15 03:10:00.841,0.97344,0.97366,1.12,2.25
2017.09.15 03:10:04.856,0.97342,0.97366,1.50,2.25
2017.09.15 03:10:05.902,0.97344,0.97366,1.00,1.50
2017.09.15 03:10:10.291,0.97342,0.97366,1.50,3.00
2017.09.15 03:10:15.241,0.97341,0.97364,2.00,1.00
2017.09.15 03:10:15.393,0.9734,0.97365,1.12,1.12
2017.09.15 03:10:16.118,0.9734,0.97361,1.12,1.00
2017.09.15 03:10:16.422,0.97332,0.97355,4.12,1.25
2017.09.15 03:10:16.472,0.97333,0.97356,1.00,2.44
2017.09.15 03:10:17.003,0.97333,0.97355,1.31,1.12
2017.09.15 03:10:17.309,0.97335,0.97357,1.00,1.13
2017.09.15 03:10:17.410,0.97335,0.97358,1.25,1.69
2017.09.15 03:10:17.912,0.97335,0.97358,1.25,1.25
2017.09.15 03:10:18.429,0.97334,0.97359,2.06,3.00
2017.09.15 03:10:18.929,0.97337,0.9736,2.44,1.50
2017.09.15 03:10:18.980,0.97336,0.97361,2.06,1.87
2017.09.15 03:10:19.082,0.97339,0.97361,1.00,1.87
2017.09.15 03:10:19.133,0.97336,0.97359,1.62,1.00
2017.09.15 03:10:19.184,0.97336,0.97359,2.44,1.00
2017.09.15 03:10:19.285,0.97336,0.97361,2.81,1.50
2017.09.15 03:10:20.194,0.97336,0.97358,1.88,1.00
2017.09.15 03:10:21.140,0.97336,0.97358,1.50,1.00
2017.09.15 03:10:21.658,0.97335,0.97356,1.00,1.00
2017.09.15 03:10:24.542,0.97335,0.97359,1.00,1.50
2017.09.15 03:10:24.950,0.97335,0.97358,2.81,1.00
2017.09.15 03:10:25.266,0.97339,0.97361,1.31,1.37
2017.09.15 03:10:25.317,0.97338,0.97362,2.81,2.25
2017.09.15 03:10:25.962,0.97339,0.97361,1.00,1.00
2017.09.15 03:10:27.186,0.97338,0.97362,2.25,2.25
2017.09.15 03:10:27.237,0.97338,0.97359,1.00,1.25
2017.09.15 03:10:27.287,0.97336,0.97359,1.12,1.50
2017.09.15 03:10:27.811,0.97339,0.97362,1.00,1.75
2017.09.15 03:10:28.014,0.97341,0.97362,1.00,1.12
2017.09.15 03:10:28.553,0.97342,0.97362,1.50,1.00
2017.09.15 03:10:34.851,0.97341,0.97361,1.87,1.00
2017.09.15 03:10:35.054,0.97342,0.97361,1.87,1.00
2017.09.15 03:10:35.669,0.97342,0.97361,1.37,1.00
2017.09.15 03:10:36.990,0.97342,0.97361,2.62,1.00
2017.09.15 03:10:37.569,0.97342,0.97361,1.87,1.00
2017.09.15 03:10:38.540,0.97342,0.97361,1.00,1.00
2017.09.15 03:10:40.048,0.97342,0.97362,1.00,1.00
2017.09.15 03:10:40.574,0.97342,0.97362,1.87,1.00
2017.09.15 03:10:41.079,0.97342,0.97361,1.50,1.00
2017.09.15 03:10:44.098,0.97341,0.97361,1.12,1.00
2017.09.15 03:10:44.747,0.97342,0.97361,1.00,1.00
2017.09.15 03:10:45.427,0.97341,0.97361,1.87,1.00
2017.09.15 03:10:52.038,0.97342,0.97361,1.12,1.00
2017.09.15 03:10:52.557,0.97341,0.97361,1.87,1.00
2017.09.15 03:10:53.114,0.97342,0.97361,1.12,1.00
2017.09.15 03:10:55.477,0.97341,0.97361,1.00,1.00
2017.09.15 03:10:55.666,0.97337,0.97358,1.00,1.00
2017.09.15 03:10:56.173,0.97336,0.9736,1.50,2.25
2017.09.15 03:10:56.224,0.97336,0.9736,1.87,2.25
2017.09.15 03:10:56.795,0.97337,0.9736,1.00,1.12
2017.09.15 03:10:57.308,0.97337,0.97359,1.50,1.00
2017.09.15 03:10:57.814,0.97337,0.97361,1.00,2.25
2017.09.15 03:10:57.904,0.97339,0.97361,1.00,2.25
2017.09.15 03:10:58.490,0.97338,0.97361,1.12,2.62
2017.09.15 03:10:58.807,0.97337,0.97359,1.50,1.25
2017.09.15 03:10:59.517,0.97336,0.9736,2.62,1.31
2017.09.15 03:11:00.121,0.97337,0.97359,1.00,1.25
2017.09.15 03:11:00.733,0.97336,0.9736,1.12,1.31
2017.09.15 03:11:01.452,0.97337,0.9736,1.00,1.12
2017.09.15 03:11:02.238,0.97336,0.9736,3.00,1.87
2017.09.15 03:11:02.542,0.97338,0.9736,1.00,1.87
2017.09.15 03:11:03.088,0.97338,0.97359,1.00,1.00
2017.09.15 03:11:03.863,0.97338,0.9736,1.00,1.31
2017.09.15 03:11:04.415,0.97338,0.97359,1.00,1.25
2017.09.15 03:11:06.202,0.97338,0.9736,1.00,1.31
2017.09.15 03:11:06.751,0.97337,0.9736,1.00,1.12
2017.09.15 03:11:07.393,0.97337,0.97359,1.50,1.00
2017.09.15 03:11:08.497,0.97336,0.9736,1.87,1.12
2017.09.15 03:11:09.600,0.97337,0.97359,1.00,1.25
2017.09.15 03:11:10.124,0.97336,0.97359,1.12,1.00
2017.09.15 03:11:11.526,0.97337,0.97359,1.00,1.69
2017.09.15 03:11:17.121,0.97336,0.9736,1.87,1.31
2017.09.15 03:11:18.407,0.97337,0.97359,1.00,1.25
2017.09.15 03:11:19.861,0.97336,0.9736,1.87,1.31
2017.09.15 03:11:20.407,0.97337,0.97359,1.00,1.25
2017.09.15 03:11:21.026,0.97336,0.9736,1.12,2.06
2017.09.15 03:11:21.891,0.97337,0.97359,1.00,1.25
2017.09.15 03:11:24.771,0.97336,0.9736,2.25,1.31
2017.09.15 03:11:25.085,0.97336,0.9736,1.87,1.31
2017.09.15 03:11:44.594,0.97333,0.97354,1.75,1.00
2017.09.15 03:11:44.746,0.9733,0.97354,1.50,1.12
2017.09.15 03:11:44.879,0.9733,0.97354,1.50,1.50
2017.09.15 03:11:45.608,0.97331,0.97353,1.00,1.00
2017.09.15 03:11:50.866,0.97332,0.97353,1.00,1.00
2017.09.15 03:11:50.968,0.97334,0.97357,1.75,2.25
2017.09.15 03:11:51.019,0.97334,0.97357,3.00,1.00
2017.09.15 03:11:51.069,0.97338,0.97361,1.00,3.19
2017.09.15 03:11:51.221,0.97338,0.9736,1.50,1.12
2017.09.15 03:12:03.104,0.97338,0.97356,1.12,1.00
2017.09.15 03:12:03.848,0.97338,0.97361,1.12,2.44
2017.09.15 03:12:03.949,0.97335,0.97358,1.87,1.00
2017.09.15 03:12:04.050,0.97334,0.97356,1.56,1.00
2017.09.15 03:12:04.455,0.97336,0.97358,1.00,1.50
2017.09.15 03:12:04.960,0.97335,0.97358,1.25,1.50
2017.09.15 03:12:05.308,0.97337,0.97356,1.00,1.00
2017.09.15 03:12:05.969,0.97336,0.97356,1.50,1.00
2017.09.15 03:12:08.774,0.97336,0.97359,1.00,1.00
2017.09.15 03:12:09.278,0.97336,0.97358,1.12,1.00
2017.09.15 03:12:09.887,0.97336,0.97359,1.00,1.00
2017.09.15 03:12:10.444,0.97336,0.97358,1.12,1.00
2017.09.15 03:12:10.994,0.97336,0.97358,1.50,1.00
2017.09.15 03:12:12.852,0.97338,0.9736,1.00,1.00
2017.09.15 03:12:13.166,0.97339,0.9736,2.19,1.00
2017.09.15 03:12:13.317,0.97341,0.97364,2.25,1.75
2017.09.15 03:12:13.467,0.97341,0.97364,2.62,1.12
2017.09.15 03:12:13.996,0.97343,0.97365,2.25,1.37
2017.09.15 03:12:14.148,0.97343,0.97366,1.00,1.50
2017.09.15 03:12:14.367,0.97343,0.97365,1.00,1.44
2017.09.15 03:12:14.469,0.97342,0.97366,2.25,1.88
2017.09.15 03:12:14.910,0.97343,0.97365,1.00,1.44
2017.09.15 03:12:15.457,0.97343,0.97365,1.69,1.00
2017.09.15 03:12:16.253,0.97342,0.97366,2.44,1.50
2017.09.15 03:12:17.910,0.97343,0.97366,1.00,2.25
2017.09.15 03:12:21.733,0.97343,0.97365,1.69,1.00
2017.09.15 03:12:22.036,0.97349,0.97369,1.00,1.00
2017.09.15 03:12:22.188,0.97349,0.97372,1.50,2.25
2017.09.15 03:12:22.371,0.97348,0.97369,1.50,1.00
2017.09.15 03:12:24.325,0.97347,0.97369,1.50,1.12
2017.09.15 03:12:24.634,0.97351,0.97371,1.00,1.00
2017.09.15 03:12:24.735,0.97351,0.97374,1.50,1.31
2017.09.15 03:12:25.306,0.97351,0.97375,1.00,1.50
2017.09.15 03:12:26.526,0.97351,0.97374,1.50,1.12
2017.09.15 03:12:27.157,0.97351,0.97375,1.00,1.50
2017.09.15 03:12:27.305,0.97351,0.97373,1.00,1.50
2017.09.15 03:12:27.714,0.97351,0.97373,1.00,2.25
2017.09.15 03:12:30.097,0.9735,0.97372,1.00,1.87
2017.09.15 03:12:33.919,0.97352,0.97371,1.00,1.12
2017.09.15 03:13:06.948,0.97353,0.97371,1.00,1.12
2017.09.15 03:13:07.456,0.97353,0.97372,1.00,1.12
2017.09.15 03:13:27.409,0.97353,0.97373,1.00,1.12
2017.09.15 03:13:33.230,0.97354,0.97374,1.00,1.37
2017.09.15 03:13:33.795,0.97353,0.97373,1.00,1.25
2017.09.15 03:13:35.356,0.97353,0.97374,1.00,1.69
2017.09.15 03:13:44.024,0.97353,0.97373,1.00,1.00
2017.09.15 03:13:49.833,0.97351,0.97374,1.00,2.25
2017.09.15 03:13:49.935,0.9735,0.97368,1.50,1.00
2017.09.15 03:13:50.036,0.97348,0.97369,1.00,1.44
2017.09.15 03:13:50.544,0.97348,0.97369,1.00,1.88
2017.09.15 03:13:53.383,0.97346,0.97369,1.00,1.88
2017.09.15 03:14:07.353,0.97346,0.97368,1.00,1.12
2017.09.15 03:14:11.773,0.97348,0.97368,1.00,1.00
2017.09.15 03:14:27.413,0.97348,0.9737,1.00,1.50
2017.09.15 03:14:27.920,0.97349,0.9737,1.00,1.50
2017.09.15 03:14:28.022,0.97351,0.9737,1.00,1.50
2017.09.15 03:14:28.829,0.9735,0.9737,1.00,1.50
2017.09.15 03:14:31.319,0.97351,0.9737,1.00,1.00
2017.09.15 03:14:31.420,0.97352,0.97373,1.00,1.00
2017.09.15 03:14:31.471,0.97354,0.97374,1.00,1.69
2017.09.15 03:14:32.172,0.97354,0.97374,1.00,2.06
2017.09.15 03:14:35.737,0.97353,0.97374,1.00,2.25
2017.09.15 03:14:39.087,0.9735,0.97372,1.87,1.38
2017.09.15 03:14:39.679,0.9735,0.97372,1.87,1.50
2017.09.15 03:14:41.322,0.97349,0.9737,1.00,1.50
2017.09.15 03:14:41.845,0.9735,0.9737,1.00,1.50
2017.09.15 03:14:46.554,0.97349,0.97371,1.00,1.88
2017.09.15 03:14:52.611,0.97349,0.97371,1.12,1.13
2017.09.15 03:14:52.914,0.97352,0.97372,1.00,1.12
2017.09.15 03:14:53.897,0.97352,0.97373,1.00,1.00
2017.09.15 03:14:55.176,0.97353,0.97372,1.00,1.00
2017.09.15 03:14:55.706,0.97353,0.97373,1.00,1.00
2017.09.15 03:14:57.623,0.97354,0.97374,1.00,1.12
2017.09.15 03:14:57.774,0.97355,0.97377,1.00,1.00
2017.09.15 03:15:00.366,0.97355,0.97376,1.00,1.00
2017.09.15 03:15:00.891,0.97353,0.97376,3.94,1.00
2017.09.15 03:15:03.138,0.97352,0.97377,3.19,1.00
2017.09.15 03:15:14.220,0.97353,0.97376,1.50,1.13
2017.09.15 03:15:21.392,0.97353,0.97376,2.25,2.06
2017.09.15 03:15:21.594,0.97351,0.97374,1.00,1.50
2017.09.15 03:15:22.780,0.97346,0.97368,2.62,1.44
2017.09.15 03:15:22.932,0.97344,0.97363,1.00,1.13
2017.09.15 03:15:22.983,0.97338,0.97359,2.62,1.25
2017.09.15 03:15:23.034,0.97337,0.97359,3.37,1.25
2017.09.15 03:15:23.135,0.97337,0.97359,1.00,1.00
2017.09.15 03:15:23.309,0.97338,0.97363,1.37,2.63
2017.09.15 03:15:23.359,0.97339,0.97362,1.31,1.50
2017.09.15 03:15:23.664,0.9734,0.97362,1.81,1.00
2017.09.15 03:15:24.193,0.97339,0.97362,1.69,1.13
2017.09.15 03:15:24.915,0.97339,0.97362,1.69,1.19
2017.09.15 03:15:26.212,0.97339,0.97362,1.50,1.38
2017.09.15 03:15:26.365,0.97334,0.97358,2.00,1.00
2017.09.15 03:15:26.416,0.97334,0.97358,1.69,1.37
2017.09.15 03:15:26.932,0.97337,0.97359,1.00,2.00
2017.09.15 03:15:27.084,0.97337,0.97359,1.12,1.31
2017.09.15 03:15:27.702,0.97338,0.97361,1.12,2.81
2017.09.15 03:15:30.697,0.97338,0.97361,1.12,2.81
2017.09.15 03:15:31.677,0.97337,0.97361,1.50,1.69
2017.09.15 03:15:32.311,0.97338,0.97361,1.12,2.81
2017.09.15 03:15:32.825,0.97337,0.97361,1.50,1.69
2017.09.15 03:15:36.198,0.97338,0.97361,2.06,3.00
2017.09.15 03:15:36.249,0.97341,0.97361,1.00,1.50
2017.09.15 03:15:36.351,0.97342,0.97364,1.00,2.44
2017.09.15 03:15:37.058,0.97341,0.97364,1.50,1.69
2017.09.15 03:15:38.370,0.97343,0.97364,1.00,2.44
2017.09.15 03:15:38.917,0.97344,0.97364,1.00,1.50
2017.09.15 03:15:39.895,0.97344,0.97361,1.00,1.00
2017.09.15 03:15:40.577,0.97344,0.97362,1.12,1.00
2017.09.15 03:15:40.881,0.97342,0.97361,1.00,1.00
2017.09.15 03:15:41.400,0.97342,0.97362,1.00,1.00
2017.09.15 03:15:41.950,0.97341,0.97361,1.87,1.00
2017.09.15 03:15:42.001,0.97344,0.97361,1.00,1.00
2017.09.15 03:15:42.990,0.97343,0.97361,1.12,1.00
2017.09.15 03:15:44.097,0.97342,0.97365,1.37,1.63
2017.09.15 03:15:44.147,0.97342,0.97361,1.00,1.00
2017.09.15 03:15:44.525,0.97339,0.97361,1.37,1.94
2017.09.15 03:15:44.576,0.97337,0.9736,2.00,1.94
2017.09.15 03:15:44.779,0.97334,0.97358,1.50,1.88
2017.09.15 03:15:50.683,0.97335,0.97358,1.69,1.25
2017.09.15 03:15:51.185,0.97336,0.97359,1.00,1.50
2017.09.15 03:15:51.512,0.97335,0.97359,1.12,2.63
2017.09.15 03:15:53.166,0.97335,0.97357,2.25,1.00
2017.09.15 03:15:53.470,0.97338,0.97359,1.00,1.00
2017.09.15 03:15:56.860,0.97337,0.97361,1.50,3.19
2017.09.15 03:15:57.366,0.97336,0.97359,1.00,2.25
2017.09.15 03:15:58.080,0.97336,0.97358,1.00,1.00
2017.09.15 03:15:59.296,0.97336,0.97359,1.00,2.25
2017.09.15 03:15:59.927,0.97336,0.97358,1.00,1.00
2017.09.15 03:16:00.586,0.97335,0.97358,1.69,1.00
2017.09.15 03:16:01.199,0.97335,0.97359,1.00,2.25
2017.09.15 03:16:02.072,0.97335,0.97358,1.69,1.00
2017.09.15 03:16:03.458,0.97335,0.97359,1.50,1.50
2017.09.15 03:16:03.853,0.97337,0.97359,1.00,1.50
2017.09.15 03:16:04.460,0.97337,0.97358,1.00,1.00
2017.09.15 03:16:05.515,0.97338,0.97359,1.00,1.00
2017.09.15 03:16:05.888,0.97338,0.97361,1.00,1.87
2017.09.15 03:16:06.494,0.97338,0.9736,1.69,1.12
2017.09.15 03:16:09.016,0.97338,0.97361,1.00,1.87
2017.09.15 03:16:09.846,0.97338,0.9736,1.69,1.12
2017.09.15 03:16:09.948,0.97337,0.97357,1.00,1.00
2017.09.15 03:16:10.049,0.97334,0.97357,2.25,1.25
2017.09.15 03:16:10.550,0.97333,0.97356,3.75,1.00
2017.09.15 03:16:11.738,0.97337,0.97356,1.00,1.25
2017.09.15 03:16:12.082,0.97338,0.97358,1.00,2.25
2017.09.15 03:16:12.588,0.97339,0.97359,1.00,1.50
2017.09.15 03:16:13.174,0.97338,0.97359,1.00,2.25
2017.09.15 03:16:17.090,0.97339,0.97359,1.00,1.50
2017.09.15 03:16:17.699,0.97339,0.97359,1.00,1.00
2017.09.15 03:16:18.207,0.97339,0.9736,1.00,3.75
2017.09.15 03:16:18.791,0.97339,0.97359,1.00,1.50
2017.09.15 03:16:22.564,0.97338,0.97359,1.00,2.25
2017.09.15 03:16:26.849,0.97337,0.97359,1.00,2.25
2017.09.15 03:16:27.356,0.97337,0.97358,1.00,1.13
2017.09.15 03:16:28.067,0.97337,0.97358,1.00,1.88
2017.09.15 03:16:29.819,0.97338,0.97358,1.00,1.69
2017.09.15 03:16:30.004,0.97338,0.97359,1.00,2.06
2017.09.15 03:16:31.536,0.97338,0.97358,1.00,1.31
2017.09.15 03:16:32.380,0.97338,0.97359,1.00,2.06
2017.09.15 03:16:35.681,0.97338,0.97358,1.00,1.31
2017.09.15 03:16:35.833,0.97341,0.97359,1.00,1.00
2017.09.15 03:16:36.382,0.97341,0.9736,1.00,1.12
2017.09.15 03:16:36.533,0.97339,0.9736,1.00,2.06
2017.09.15 03:16:37.060,0.97339,0.9736,1.00,1.00
2017.09.15 03:16:37.456,0.97341,0.9736,1.00,1.00
2017.09.15 03:16:38.016,0.97341,0.97359,1.00,1.12
2017.09.15 03:16:39.453,0.97341,0.9736,1.00,1.87
2017.09.15 03:16:39.976,0.97341,0.97359,1.00,1.12
2017.09.15 03:16:40.737,0.97341,0.9736,1.00,1.87
2017.09.15 03:16:41.307,0.97341,0.97359,1.00,1.12
2017.09.15 03:16:45.077,0.97341,0.9736,1.00,1.87
2017.09.15 03:16:45.411,0.97343,0.97361,1.00,1.37
2017.09.15 03:17:04.440,0.97342,0.97361,1.00,1.37
2017.09.15 03:17:05.003,0.97344,0.9736,1.00,1.12
2017.09.15 03:17:07.457,0.97344,0.97362,1.00,1.50
2017.09.15 03:17:09.770,0.97344,0.97361,1.00,1.00
2017.09.15 03:17:10.340,0.97344,0.97362,1.00,1.50
2017.09.15 03:17:10.845,0.97344,0.97361,1.00,1.00
2017.09.15 03:17:11.639,0.97344,0.97362,1.00,1.50
2017.09.15 03:17:12.459,0.97344,0.97361,1.00,1.00
2017.09.15 03:17:13.527,0.97344,0.97362,1.00,1.50
2017.09.15 03:17:14.291,0.97344,0.97361,1.00,1.00
2017.09.15 03:17:14.934,0.97343,0.97361,1.00,1.00
2017.09.15 03:17:16.271,0.97343,0.97362,1.00,1.00
2017.09.15 03:17:16.794,0.97343,0.97363,1.00,1.00
2017.09.15 03:17:19.327,0.97339,0.97358,1.00,1.00
2017.09.15 03:17:19.631,0.97331,0.97354,1.87,1.87
2017.09.15 03:17:19.732,0.97331,0.97352,1.00,1.37
2017.09.15 03:17:19.783,0.97331,0.97353,1.00,1.50
2017.09.15 03:17:19.885,0.97334,0.97352,1.00,1.12
2017.09.15 03:17:23.432,0.97336,0.97355,1.00,1.37
2017.09.15 03:17:23.483,0.97337,0.97356,1.00,1.37
2017.09.15 03:17:23.584,0.97337,0.97357,1.00,2.06
2017.09.15 03:17:24.362,0.97336,0.97357,1.00,2.06
2017.09.15 03:17:24.904,0.97334,0.97357,1.87,2.06
2017.09.15 03:17:25.980,0.97334,0.97358,1.12,2.81
2017.09.15 03:17:26.500,0.97334,0.97357,1.87,1.69
2017.09.15 03:17:26.684,0.97336,0.97357,1.00,1.69
2017.09.15 03:17:27.378,0.97336,0.97356,1.00,1.50
2017.09.15 03:17:29.896,0.97337,0.97356,1.00,1.50
2017.09.15 03:17:30.103,0.97336,0.97359,1.00,1.88
2017.09.15 03:17:30.487,0.97336,0.97358,1.00,1.94
2017.09.15 03:17:36.407,0.97336,0.97358,1.00,1.69
2017.09.15 03:17:36.710,0.97339,0.97361,1.00,2.63
2017.09.15 03:17:37.111,0.97337,0.97359,1.12,1.69
2017.09.15 03:17:37.676,0.97337,0.97359,1.00,1.88
2017.09.15 03:17:40.636,0.97338,0.97359,1.00,1.31
2017.09.15 03:17:41.156,0.97338,0.97359,1.00,1.00
2017.09.15 03:17:42.150,0.97338,0.97359,1.00,1.50
2017.09.15 03:17:43.126,0.97338,0.97359,1.00,1.31
2017.09.15 03:17:43.927,0.97338,0.97359,1.00,1.50
2017.09.15 03:17:44.247,0.97336,0.97359,1.87,1.88
2017.09.15 03:17:44.794,0.97338,0.97358,1.00,1.50
2017.09.15 03:17:45.320,0.97338,0.97359,1.00,2.63
2017.09.15 03:17:47.300,0.97338,0.97359,1.00,1.50
2017.09.15 03:17:48.075,0.97338,0.97358,1.00,1.13
2017.09.15 03:17:48.657,0.97338,0.97361,1.00,2.25
2017.09.15 03:17:48.961,0.97337,0.97357,1.00,1.00
2017.09.15 03:17:53.715,0.9734,0.97362,1.50,2.44
2017.09.15 03:17:53.816,0.97342,0.97363,1.00,1.87
2017.09.15 03:17:53.917,0.97339,0.97359,1.87,1.44
2017.09.15 03:17:53.968,0.97339,0.9736,1.87,1.25
2017.09.15 03:17:54.484,0.9734,0.9736,1.00,1.50
2017.09.15 03:17:59.687,0.97339,0.9736,1.50,1.69
2017.09.15 03:18:00.224,0.97338,0.9736,1.00,1.50
2017.09.15 03:18:01.430,0.97338,0.97361,1.87,2.63
2017.09.15 03:18:01.936,0.97339,0.97361,1.00,1.00
2017.09.15 03:18:02.797,0.9734,0.97361,1.00,2.25
2017.09.15 03:18:03.103,0.97339,0.97361,1.00,1.50
2017.09.15 03:18:03.305,0.9734,0.97361,1.00,1.00
2017.09.15 03:18:04.247,0.97338,0.97361,1.50,1.38
2017.09.15 03:18:04.298,0.9734,0.97361,1.00,1.50
2017.09.15 03:18:04.450,0.97341,0.97362,1.00,2.81
2017.09.15 03:18:04.954,0.97341,0.97361,1.00,1.19
2017.09.15 03:18:06.274,0.97341,0.97361,1.00,1.25
2017.09.15 03:18:06.805,0.97341,0.97362,1.00,2.44
2017.09.15 03:18:07.347,0.97341,0.97361,1.00,1.25
2017.09.15 03:18:09.045,0.97341,0.97362,1.00,2.44
2017.09.15 03:18:10.208,0.97341,0.97361,1.00,1.25
2017.09.15 03:18:10.840,0.97341,0.97362,1.00,2.44
2017.09.15 03:18:11.341,0.97341,0.97361,1.00,1.25
2017.09.15 03:18:11.887,0.97341,0.97362,1.00,2.44
2017.09.15 03:18:12.560,0.97341,0.97361,1.00,1.00
2017.09.15 03:18:16.443,0.97343,0.97361,1.00,1.50
2017.09.15 03:18:24.892,0.97344,0.97362,1.50,1.00
2017.09.15 03:18:25.094,0.97348,0.97368,1.00,1.25
2017.09.15 03:18:25.297,0.9735,0.97371,1.00,2.00
2017.09.15 03:18:25.846,0.97351,0.97371,1.00,1.19
2017.09.15 03:18:26.361,0.97351,0.97371,1.00,1.25
2017.09.15 03:18:26.888,0.97352,0.97371,1.00,1.25
2017.09.15 03:18:27.268,0.97356,0.97374,1.00,1.31
2017.09.15 03:18:27.319,0.97354,0.97376,1.50,2.62
2017.09.15 03:18:27.471,0.97354,0.97375,1.75,1.31
2017.09.15 03:18:27.573,0.97354,0.97375,1.00,1.87
2017.09.15 03:18:27.675,0.97354,0.97376,1.00,1.87
2017.09.15 03:18:27.827,0.97356,0.97377,1.00,3.00
2017.09.15 03:18:32.139,0.97356,0.97378,1.00,2.62
2017.09.15 03:18:32.679,0.97355,0.97378,1.12,2.62
2017.09.15 03:18:33.366,0.97355,0.97377,1.87,1.31
2017.09.15 03:18:33.871,0.97355,0.97378,1.12,2.44
2017.09.15 03:18:34.687,0.97355,0.97377,1.87,1.87
2017.09.15 03:18:38.519,0.97355,0.97377,1.12,1.88
2017.09.15 03:18:39.053,0.97355,0.97376,1.00,1.31
2017.09.15 03:18:41.142,0.97355,0.97377,1.00,1.69
2017.09.15 03:18:43.459,0.97355,0.97376,1.00,1.50
2017.09.15 03:18:43.643,0.97353,0.97377,1.50,1.87
2017.09.15 03:18:44.201,0.97353,0.97377,1.50,2.44
2017.09.15 03:18:44.412,0.97353,0.97376,1.50,1.50
2017.09.15 03:18:47.648,0.97353,0.97377,1.00,2.44
2017.09.15 03:18:48.258,0.97353,0.97376,1.50,1.31
2017.09.15 03:18:48.743,0.97355,0.97377,1.00,2.44
2017.09.15 03:18:49.269,0.97355,0.97376,1.00,1.44
2017.09.15 03:18:49.796,0.97356,0.97377,1.00,2.06
2017.09.15 03:18:49.898,0.97353,0.97374,1.00,1.00
2017.09.15 03:18:50.203,0.97347,0.97369,1.00,2.25
2017.09.15 03:18:50.457,0.97349,0.97369,1.00,1.50
2017.09.15 03:18:50.989,0.97349,0.9737,1.00,1.12
2017.09.15 03:18:51.547,0.97349,0.97369,1.00,1.25
2017.09.15 03:18:52.642,0.97349,0.9737,1.00,1.87
2017.09.15 03:18:53.214,0.97349,0.97369,1.00,1.13
2017.09.15 03:18:53.744,0.97349,0.97369,1.00,1.44
2017.09.15 03:18:53.996,0.97349,0.9737,1.00,2.06
2017.09.15 03:18:54.547,0.97349,0.97369,1.00,1.00
2017.09.15 03:18:56.015,0.97349,0.9737,1.00,1.87
2017.09.15 03:18:56.455,0.97349,0.9737,1.00,2.06
2017.09.15 03:18:57.227,0.97349,0.97369,1.00,1.19
2017.09.15 03:18:57.990,0.97349,0.9737,1.00,2.06
2017.09.15 03:18:58.889,0.97349,0.97369,1.00,1.00
2017.09.15 03:18:59.496,0.97349,0.9737,1.00,1.87
2017.09.15 03:19:00.156,0.97349,0.97369,1.00,1.00
2017.09.15 03:19:02.637,0.9735,0.97369,1.00,1.00
2017.09.15 03:19:03.028,0.97346,0.97368,1.50,1.00
2017.09.15 03:19:03.533,0.97346,0.97368,1.00,1.88
2017.09.15 03:19:03.823,0.97354,0.97373,1.00,1.75
2017.09.15 03:19:03.925,0.97355,0.97374,1.00,1.87
2017.09.15 03:19:04.027,0.97355,0.97376,1.00,1.12
2017.09.15 03:19:04.901,0.97356,0.97378,1.00,2.63
2017.09.15 03:19:05.416,0.97355,0.97376,1.00,1.50
2017.09.15 03:19:06.626,0.97355,0.97378,1.00,2.81
2017.09.15 03:19:07.159,0.97355,0.97377,1.00,1.75
2017.09.15 03:19:07.696,0.97355,0.97378,1.00,3.38
2017.09.15 03:19:20.270,0.97355,0.97377,1.00,1.75
2017.09.15 03:19:21.044,0.97355,0.97378,1.00,2.63
2017.09.15 03:19:24.647,0.97356,0.97378,1.00,3.19
2017.09.15 03:19:25.191,0.97357,0.97377,1.00,1.88
2017.09.15 03:19:28.244,0.97357,0.97376,1.00,1.50
2017.09.15 03:19:28.965,0.97357,0.97376,1.00,1.00
2017.09.15 03:19:33.049,0.97357,0.97377,1.00,1.50
2017.09.15 03:19:36.329,0.97357,0.97376,1.00,1.00
2017.09.15 03:19:36.889,0.97357,0.97377,1.00,1.50
2017.09.15 03:19:37.414,0.97357,0.97376,1.00,1.00
2017.09.15 03:19:43.209,0.97355,0.97376,1.00,1.00
2017.09.15 03:19:43.717,0.97355,0.97377,1.00,1.50
2017.09.15 03:19:44.678,0.97355,0.97376,1.00,1.25
2017.09.15 03:19:45.204,0.97356,0.97377,1.00,1.50
2017.09.15 03:19:45.747,0.97356,0.97376,1.00,1.00
2017.09.15 03:19:46.300,0.97358,0.97377,1.00,1.00
2017.09.15 03:19:46.582,0.97359,0.9738,1.00,2.81
2017.09.15 03:19:49.864,0.97357,0.97379,2.25,1.00
2017.09.15 03:19:50.539,0.97357,0.97379,1.50,1.12
2017.09.15 03:19:50.834,0.97357,0.97379,1.50,1.87
2017.09.15 03:19:51.175,0.97363,0.97383,1.00,1.37
2017.09.15 03:19:51.226,0.97364,0.97383,1.00,1.00
2017.09.15 03:19:51.379,0.97365,0.97381,1.00,1.00
2017.09.15 03:19:52.133,0.97365,0.97386,1.00,1.87
2017.09.15 03:19:52.638,0.97367,0.97386,1.00,1.00
2017.09.15 03:19:53.178,0.97368,0.97386,1.00,1.00
2017.09.15 03:19:59.486,0.97368,0.9739,1.00,1.88
2017.09.15 03:19:59.831,0.97364,0.97385,1.50,1.13
2017.09.15 03:19:59.882,0.97363,0.97386,1.12,1.13
2017.09.15 03:20:00.084,0.9736,0.97377,1.75,1.00
2017.09.15 03:20:00.186,0.97357,0.97377,1.37,1.12
2017.09.15 03:20:00.237,0.97356,0.97377,1.00,1.12
2017.09.15 03:20:00.389,0.97357,0.97374,1.00,1.00
2017.09.15 03:20:00.541,0.97353,0.97374,1.00,2.44
2017.09.15 03:20:00.745,0.97351,0.97373,1.00,1.50
2017.09.15 03:20:00.796,0.97352,0.9737,1.00,1.00
2017.09.15 03:20:00.948,0.9735,0.9737,1.00,1.00
2017.09.15 03:20:00.998,0.97349,0.97367,1.00,1.00
2017.09.15 03:20:01.916,0.97349,0.97368,1.00,1.12
2017.09.15 03:20:02.961,0.97349,0.97367,1.00,1.00
2017.09.15 03:20:05.433,0.97349,0.97368,1.00,1.12
2017.09.15 03:20:07.236,0.97349,0.97367,1.00,1.00
2017.09.15 03:20:07.759,0.97349,0.97369,1.00,1.50
2017.09.15 03:20:09.192,0.97349,0.97369,1.00,1.12
2017.09.15 03:20:10.174,0.97349,0.97372,1.00,2.44
2017.09.15 03:20:21.866,0.97348,0.97372,1.12,2.44
2017.09.15 03:20:22.648,0.97349,0.97371,1.00,1.31
2017.09.15 03:20:23.203,0.97348,0.97372,1.00,3.00
2017.09.15 03:20:23.863,0.97349,0.97371,1.00,1.31
2017.09.15 03:20:24.627,0.97348,0.97372,1.00,3.19
2017.09.15 03:20:25.263,0.97349,0.97371,1.00,2.06
2017.09.15 03:20:25.943,0.97348,0.97371,1.00,1.12
2017.09.15 03:20:26.676,0.97349,0.97371,1.00,1.87
2017.09.15 03:20:27.269,0.97348,0.97371,1.00,1.12
2017.09.15 03:20:27.813,0.97348,0.97371,1.37,1.12
2017.09.15 03:20:28.603,0.97349,0.97371,1.12,2.25
2017.09.15 03:20:29.316,0.97348,0.97371,1.37,1.12
2017.09.15 03:20:45.488,0.97349,0.97372,1.37,1.37
2017.09.15 03:20:46.487,0.97349,0.97371,1.87,1.12
2017.09.15 03:20:47.208,0.97349,0.97372,1.56,1.37
2017.09.15 03:20:50.742,0.97349,0.97371,1.87,1.12
2017.09.15 03:20:56.826,0.97349,0.97371,2.06,1.12
2017.09.15 03:20:58.153,0.97349,0.97372,1.50,1.50
2017.09.15 03:20:58.763,0.97349,0.97371,2.06,1.12
2017.09.15 03:20:59.402,0.97349,0.97371,1.69,1.12
2017.09.15 03:20:59.747,0.97349,0.97372,1.00,1.50
2017.09.15 03:21:01.805,0.97349,0.97371,1.69,1.12
2017.09.15 03:21:01.856,0.97349,0.97371,1.69,1.12
2017.09.15 03:21:08.463,0.97348,0.97372,1.25,2.25
2017.09.15 03:21:09.133,0.97345,0.97368,2.81,1.00
2017.09.15 03:21:10.138,0.97345,0.97368,2.81,1.00
2017.09.15 03:21:19.102,0.97346,0.97369,1.00,1.50
2017.09.15 03:21:20.599,0.97345,0.97369,1.50,1.50
2017.09.15 03:21:21.523,0.97345,0.97366,1.00,1.00
2017.09.15 03:21:21.624,0.97343,0.97367,1.00,1.69
2017.09.15 03:21:21.726,0.97342,0.97367,1.50,2.00
2017.09.15 03:21:22.235,0.97343,0.97366,1.12,1.69
2017.09.15 03:21:22.786,0.97342,0.97367,1.50,2.00
2017.09.15 03:21:23.314,0.97343,0.97366,1.50,2.44
2017.09.15 03:21:24.173,0.97342,0.97366,2.62,1.50
2017.09.15 03:21:24.841,0.97343,0.97366,1.50,2.44
2017.09.15 03:21:25.741,0.97342,0.97366,2.62,1.50
2017.09.15 03:21:27.751,0.97343,0.97366,1.50,2.44
2017.09.15 03:21:35.787,0.97342,0.97367,3.00,1.94
2017.09.15 03:21:37.509,0.97343,0.97367,1.00,2.44
2017.09.15 03:21:44.588,0.97341,0.97363,1.62,1.13
2017.09.15 03:21:44.639,0.97339,0.97361,1.87,1.31
2017.09.15 03:21:44.690,0.97339,0.97359,1.00,1.44
2017.09.15 03:21:44.948,0.97332,0.97355,1.87,1.25
2017.09.15 03:21:45.693,0.97332,0.97356,1.37,3.94
2017.09.15 03:21:46.508,0.97334,0.97356,1.75,2.44
2017.09.15 03:21:47.058,0.97334,0.97356,1.87,1.87
2017.09.15 03:21:48.381,0.97334,0.97356,1.87,1.12
2017.09.15 03:21:48.736,0.97335,0.9736,2.25,2.44
2017.09.15 03:21:48.837,0.97334,0.97356,2.62,1.00
2017.09.15 03:21:49.430,0.97334,0.97357,1.50,1.87
2017.09.15 03:21:50.734,0.97334,0.97356,2.62,1.12
2017.09.15 03:22:03.845,0.97334,0.97357,1.00,1.62
2017.09.15 03:22:04.455,0.97334,0.97356,1.87,1.31
2017.09.15 03:22:11.516,0.97334,0.97357,1.50,1.37
2017.09.15 03:22:11.769,0.97332,0.97356,1.87,1.69
2017.09.15 03:22:12.466,0.97332,0.97355,3.75,1.25
2017.09.15 03:22:12.996,0.97332,0.97356,2.25,2.44
2017.09.15 03:22:13.047,0.97332,0.97355,1.00,1.19
2017.09.15 03:22:13.554,0.97332,0.97355,1.00,2.06
2017.09.15 03:22:15.502,0.9733,0.9735,1.00,1.00
2017.09.15 03:22:15.807,0.97328,0.9735,1.12,1.50
2017.09.15 03:22:16.626,0.97327,0.97349,2.00,1.00
2017.09.15 03:22:17.500,0.97333,0.9735,1.00,1.00
2017.09.15 03:22:17.703,0.97333,0.97354,1.12,1.25
2017.09.15 03:22:18.263,0.97333,0.97353,1.12,1.00
2017.09.15 03:22:20.228,0.9733,0.97353,2.25,1.19
2017.09.15 03:22:20.329,0.9733,0.97353,1.87,1.19
2017.09.15 03:22:25.411,0.97331,0.97354,1.12,2.06
2017.09.15 03:22:26.501,0.9733,0.97354,1.87,1.31
2017.09.15 03:22:27.121,0.97331,0.97354,1.12,2.06
2017.09.15 03:22:27.913,0.97331,0.97354,1.87,2.25
2017.09.15 03:22:28.436,0.97327,0.97347,1.31,1.00
2017.09.15 03:22:28.537,0.97325,0.97347,1.37,1.00
2017.09.15 03:22:28.639,0.97324,0.97348,1.87,1.50
2017.09.15 03:22:28.914,0.97326,0.97348,1.31,1.00
2017.09.15 03:22:29.116,0.97329,0.97352,1.50,1.00
2017.09.15 03:22:33.252,0.97328,0.97353,2.62,1.31
2017.09.15 03:22:35.395,0.97329,0.97352,2.25,1.00
2017.09.15 03:22:37.486,0.97329,0.97353,1.12,1.12
2017.09.15 03:22:38.146,0.97329,0.97352,2.25,1.00
2017.09.15 03:22:41.130,0.97329,0.97353,1.12,1.12
2017.09.15 03:22:41.647,0.97329,0.97352,2.25,1.00
2017.09.15 03:22:43.029,0.97329,0.97352,1.12,1.00
2017.09.15 03:22:44.478,0.97329,0.97352,2.25,1.50
2017.09.15 03:22:45.447,0.97329,0.97352,1.12,1.00
2017.09.15 03:22:47.300,0.9733,0.97352,1.12,1.00
2017.09.15 03:22:48.063,0.9733,0.97352,1.50,1.00
2017.09.15 03:22:51.903,0.97329,0.97351,2.62,1.00
2017.09.15 03:22:52.429,0.97332,0.97352,1.50,1.00
2017.09.15 03:22:53.406,0.97332,0.97351,1.87,1.00
2017.09.15 03:22:53.457,0.97333,0.97355,2.25,1.00
2017.09.15 03:22:53.962,0.97333,0.97356,1.12,1.12
2017.09.15 03:22:54.503,0.97333,0.97355,1.87,1.00
2017.09.15 03:22:55.053,0.97333,0.97356,1.87,1.87
2017.09.15 03:22:55.688,0.97333,0.97355,1.87,1.00
2017.09.15 03:22:56.429,0.97332,0.97351,1.87,1.00
2017.09.15 03:22:56.838,0.97333,0.97356,1.00,2.25
2017.09.15 03:22:57.363,0.97332,0.97354,1.12,1.31
2017.09.15 03:23:05.588,0.97332,0.97354,1.87,1.12
2017.09.15 03:23:06.383,0.97332,0.97355,1.50,1.87
2017.09.15 03:23:06.784,0.97334,0.97357,1.25,1.75
2017.09.15 03:23:07.089,0.97343,0.97356,1.00,1.00
2017.09.15 03:23:07.140,0.97343,0.97361,1.00,1.00
2017.09.15 03:23:07.292,0.97343,0.97361,2.25,1.00
2017.09.15 03:23:10.319,0.97343,0.97366,1.87,1.00
2017.09.15 03:23:10.471,0.97344,0.97362,1.69,1.00
2017.09.15 03:23:10.985,0.97344,0.97362,1.87,1.00
2017.09.15 03:23:14.878,0.97344,0.97362,1.50,1.00
2017.09.15 03:23:14.969,0.97344,0.97367,1.50,1.37
2017.09.15 03:23:15.070,0.97346,0.97367,1.12,1.37
2017.09.15 03:23:15.662,0.97346,0.97367,1.50,1.00
2017.09.15 03:23:16.126,0.97341,0.97361,3.00,1.00
2017.09.15 03:23:16.228,0.97341,0.97361,1.87,1.00
2017.09.15 03:23:16.771,0.97341,0.97361,1.50,1.00
2017.09.15 03:23:16.872,0.97343,0.97361,1.00,1.00
2017.09.15 03:23:19.024,0.97341,0.97361,1.12,1.00
2017.09.15 03:23:19.554,0.97342,0.97361,1.00,1.00
2017.09.15 03:23:23.292,0.9734,0.97362,2.44,1.00
2017.09.15 03:23:23.798,0.97341,0.97361,1.12,1.00
2017.09.15 03:23:23.849,0.9734,0.97365,2.25,2.06
2017.09.15 03:23:23.900,0.97341,0.97361,1.37,1.00
2017.09.15 03:23:25.060,0.97341,0.97362,1.50,1.00
2017.09.15 03:23:30.577,0.9734,0.97361,2.25,1.00
2017.09.15 03:23:31.177,0.97341,0.97361,1.12,1.00
2017.09.15 03:23:32.787,0.97341,0.97357,1.00,1.00
2017.09.15 03:23:33.040,0.97338,0.97356,1.00,1.00
2017.09.15 03:23:33.459,0.9734,0.97357,1.00,1.00
2017.09.15 03:23:33.984,0.9734,0.97357,1.50,1.00
2017.09.15 03:23:34.035,0.9734,0.97361,1.50,1.00
2017.09.15 03:23:38.915,0.97339,0.97361,3.00,1.00
2017.09.15 03:23:39.875,0.9734,0.97361,1.50,1.00
2017.09.15 03:23:43.031,0.97339,0.97361,3.00,1.00
2017.09.15 03:23:45.786,0.97342,0.97361,1.00,1.00
2017.09.15 03:23:47.285,0.97341,0.97361,1.50,1.00
2017.09.15 03:23:49.085,0.97342,0.97361,1.00,1.00
2017.09.15 03:23:50.165,0.97341,0.97361,1.50,1.00
2017.09.15 03:23:51.363,0.97342,0.97361,1.00,1.00
2017.09.15 03:23:54.505,0.97342,0.97362,1.00,1.00
2017.09.15 03:23:58.672,0.97341,0.97362,1.50,1.00
2017.09.15 03:24:00.672,0.97342,0.97362,1.00,1.00
2017.09.15 03:24:00.956,0.97342,0.97365,1.25,1.00
2017.09.15 03:24:01.108,0.97343,0.97361,1.62,1.00
2017.09.15 03:24:01.643,0.97343,0.97366,1.37,1.87
2017.09.15 03:24:11.642,0.97341,0.97362,2.00,1.00
2017.09.15 03:24:11.743,0.97339,0.97363,1.87,1.00
2017.09.15 03:24:12.047,0.97343,0.97366,1.00,1.87
2017.09.15 03:24:12.583,0.97343,0.97366,1.31,1.87
2017.09.15 03:24:13.124,0.97343,0.97366,1.00,1.12
2017.09.15 03:24:14.636,0.97343,0.97365,2.25,1.00
2017.09.15 03:24:16.216,0.97343,0.97366,1.25,1.12
2017.09.15 03:24:16.916,0.97343,0.97365,2.25,1.00
2017.09.15 03:24:18.845,0.97343,0.97366,1.25,1.12
2017.09.15 03:24:19.522,0.97344,0.97367,1.31,2.62
2017.09.15 03:24:23.813,0.97343,0.97365,2.25,1.00
2017.09.15 03:24:30.311,0.97342,0.97366,3.00,1.50
2017.09.15 03:24:42.907,0.97344,0.97367,1.50,1.00
2017.09.15 03:24:48.719,0.97345,0.97366,1.31,1.00
2017.09.15 03:24:50.709,0.97344,0.97365,1.37,1.00
2017.09.15 03:24:51.318,0.97343,0.97365,1.87,1.00
2017.09.15 03:24:51.836,0.97342,0.97366,2.62,1.87
2017.09.15 03:24:53.963,0.97343,0.97365,1.50,1.00
2017.09.15 03:24:54.873,0.97344,0.97365,1.00,1.00
2017.09.15 03:24:56.598,0.97344,0.97366,1.00,1.87
2017.09.15 03:24:58.404,0.97344,0.97365,1.25,1.00
2017.09.15 03:25:06.840,0.97344,0.97366,1.00,1.87
2017.09.15 03:25:07.342,0.97344,0.97365,1.00,1.00
2017.09.15 03:25:27.381,0.97344,0.97366,1.12,1.87
2017.09.15 03:25:30.751,0.97345,0.97366,1.00,1.12
2017.09.15 03:25:30.853,0.97347,0.97368,1.00,1.37
2017.09.15 03:25:30.905,0.97347,0.97369,1.00,2.25
2017.09.15 03:25:31.006,0.97345,0.97369,1.00,2.25
2017.09.15 03:25:31.057,0.97345,0.97366,1.00,1.00
2017.09.15 03:25:31.608,0.97344,0.97366,2.25,1.00
2017.09.15 03:25:34.119,0.97345,0.97366,1.00,1.00
2017.09.15 03:25:34.651,0.97344,0.97366,2.25,1.00
2017.09.15 03:25:34.954,0.9734,0.97361,1.37,1.00
2017.09.15 03:25:35.005,0.9734,0.97361,1.00,1.12
2017.09.15 03:25:43.317,0.97342,0.97361,1.00,1.12
2017.09.15 03:25:44.512,0.97338,0.97362,2.25,1.50
2017.09.15 03:25:44.563,0.97343,0.97362,1.00,1.50
2017.09.15 03:25:55.649,0.97341,0.97361,1.00,1.12
2017.09.15 03:26:03.685,0.9734,0.97361,1.00,1.31
2017.09.15 03:26:06.990,0.97337,0.97361,2.25,1.88
2017.09.15 03:26:07.316,0.97335,0.97354,1.00,1.50
2017.09.15 03:26:07.829,0.97335,0.97354,1.00,1.00
2017.09.15 03:26:08.400,0.97335,0.97354,1.00,1.87
2017.09.15 03:26:08.949,0.97335,0.97354,1.00,1.00
2017.09.15 03:26:09.548,0.97335,0.97354,1.00,1.87
2017.09.15 03:26:10.088,0.97335,0.97354,1.00,1.00
2017.09.15 03:26:12.637,0.97335,0.97354,1.00,1.69
2017.09.15 03:26:13.160,0.97335,0.97354,1.00,1.50
2017.09.15 03:26:13.664,0.97332,0.97354,1.12,1.87
2017.09.15 03:26:14.186,0.97332,0.97355,1.12,1.62
2017.09.15 03:26:14.521,0.97335,0.97354,1.00,1.31
2017.09.15 03:26:15.549,0.97333,0.97355,1.00,1.87
2017.09.15 03:26:15.701,0.97335,0.97355,1.00,1.87
2017.09.15 03:26:27.361,0.97335,0.97356,1.00,2.06
2017.09.15 03:26:28.658,0.97335,0.97355,1.00,1.25
2017.09.15 03:26:29.182,0.97336,0.97355,1.00,1.25
2017.09.15 03:26:32.446,0.97335,0.97356,1.00,2.44
2017.09.15 03:26:32.962,0.97335,0.97355,1.00,1.19
2017.09.15 03:26:33.695,0.97335,0.97356,1.00,1.69
2017.09.15 03:26:35.150,0.97335,0.97351,1.00,1.00
2017.09.15 03:26:35.324,0.97338,0.97358,1.00,1.37
2017.09.15 03:26:35.426,0.9734,0.9736,1.00,1.37
2017.09.15 03:26:35.476,0.9734,0.9736,1.00,1.87
2017.09.15 03:26:35.982,0.97339,0.9736,1.00,1.12
2017.09.15 03:26:36.554,0.9734,0.9736,1.00,1.12
2017.09.15 03:26:38.191,0.9734,0.97362,1.00,2.44
2017.09.15 03:26:38.692,0.9734,0.97361,1.00,1.25
2017.09.15 03:26:40.290,0.9734,0.97362,1.00,2.62
2017.09.15 03:26:40.752,0.97344,0.97362,1.00,1.12
2017.09.15 03:26:41.092,0.97347,0.97362,1.00,1.00
2017.09.15 03:26:41.609,0.97346,0.97361,1.00,1.00
2017.09.15 03:26:42.209,0.97345,0.97361,1.00,1.00
2017.09.15 03:26:42.741,0.97346,0.97361,1.00,1.00
2017.09.15 03:26:50.152,0.97346,0.97366,1.00,1.00
2017.09.15 03:26:50.404,0.97347,0.97361,1.00,1.00
2017.09.15 03:26:50.506,0.97347,0.97367,1.00,1.87
2017.09.15 03:26:50.755,0.97347,0.97362,1.00,1.00
2017.09.15 03:26:50.806,0.97345,0.97362,1.00,1.00
2017.09.15 03:26:51.324,0.97345,0.97361,1.00,1.00
2017.09.15 03:26:53.010,0.97345,0.97362,1.87,1.00
2017.09.15 03:26:53.770,0.97347,0.97362,1.00,1.00
2017.09.15 03:26:59.921,0.97345,0.97361,1.12,1.00
2017.09.15 03:27:00.439,0.97346,0.97361,1.00,1.00
2017.09.15 03:27:03.917,0.97345,0.97366,1.12,1.31
2017.09.15 03:27:04.169,0.97347,0.97367,1.00,2.06
2017.09.15 03:27:04.479,0.97347,0.97362,1.00,1.00
2017.09.15 03:27:05.089,0.97347,0.97361,1.00,1.00
2017.09.15 03:27:07.981,0.97346,0.97361,1.12,1.00
2017.09.15 03:27:17.545,0.97346,0.97367,1.12,1.25
2017.09.15 03:27:18.941,0.97348,0.97368,1.00,1.12
2017.09.15 03:27:19.093,0.97347,0.9737,1.12,1.50
2017.09.15 03:27:19.144,0.97346,0.97367,1.37,1.00
2017.09.15 03:27:19.397,0.97343,0.97367,1.87,1.31
2017.09.15 03:27:19.448,0.97344,0.97367,1.12,2.25
2017.09.15 03:27:20.008,0.97344,0.97366,1.12,1.25
2017.09.15 03:27:20.736,0.97345,0.97367,1.00,1.00
2017.09.15 03:27:28.195,0.97347,0.97369,1.00,1.88
2017.09.15 03:27:28.741,0.97346,0.97368,1.87,1.00
2017.09.15 03:27:37.148,0.97346,0.97368,1.87,1.19
2017.09.15 03:27:38.002,0.97346,0.97369,1.87,1.88
2017.09.15 03:27:50.449,0.97346,0.97368,1.00,1.31
2017.09.15 03:27:51.158,0.97344,0.97369,2.25,1.69
2017.09.15 03:27:52.001,0.97345,0.97368,1.12,1.31
2017.09.15 03:27:58.733,0.97344,0.97369,2.25,1.69
2017.09.15 03:28:00.121,0.97345,0.97368,1.12,1.31
2017.09.15 03:28:00.780,0.97344,0.97369,2.25,1.69
2017.09.15 03:28:01.879,0.97345,0.97368,1.12,1.50
2017.09.15 03:28:08.647,0.97345,0.97369,1.00,2.06
2017.09.15 03:28:09.247,0.97345,0.97368,1.50,1.44
2017.09.15 03:28:12.098,0.97345,0.97369,1.00,1.87
2017.09.15 03:28:12.599,0.97346,0.97368,1.00,1.19
2017.09.15 03:28:13.316,0.97346,0.97369,1.00,2.44
2017.09.15 03:28:17.083,0.97346,0.97368,1.00,1.37
2017.09.15 03:28:19.690,0.97346,0.97369,1.00,2.44
2017.09.15 03:28:19.867,0.97344,0.97369,1.50,2.44
2017.09.15 03:28:21.547,0.97345,0.97368,1.00,1.19
2017.09.15 03:28:22.050,0.97344,0.97369,1.50,2.44
2017.09.15 03:28:23.931,0.97346,0.97369,1.00,2.44
2017.09.15 03:28:25.898,0.97346,0.97368,1.00,1.19
2017.09.15 03:28:26.583,0.97346,0.97369,1.00,2.44
2017.09.15 03:28:27.103,0.97346,0.97368,1.00,1.19
2017.09.15 03:28:27.717,0.97346,0.97368,1.00,1.69
2017.09.15 03:28:28.504,0.97346,0.97367,1.00,1.25
2017.09.15 03:28:31.620,0.97347,0.97368,1.00,1.25
2017.09.15 03:28:32.132,0.97347,0.9737,1.00,2.44
2017.09.15 03:28:34.532,0.97347,0.97369,1.50,1.19
2017.09.15 03:28:36.507,0.97347,0.9737,1.00,2.44
2017.09.15 03:28:36.834,0.97347,0.97369,1.00,1.19
2017.09.15 03:28:37.416,0.97346,0.9737,2.25,2.44
2017.09.15 03:28:39.380,0.97347,0.97369,1.00,1.44
2017.09.15 03:28:41.679,0.97346,0.9737,1.50,2.63
2017.09.15 03:28:42.437,0.97347,0.97369,1.00,1.19
2017.09.15 03:28:44.849,0.97347,0.97369,1.00,1.31
2017.09.15 03:28:45.409,0.97346,0.9737,1.50,2.63
2017.09.15 03:28:45.840,0.97347,0.97369,1.00,1.44
2017.09.15 03:28:46.357,0.97346,0.9737,1.50,2.63
2017.09.15 03:28:47.439,0.97346,0.9737,1.50,2.63
2017.09.15 03:28:48.397,0.97345,0.97368,2.25,1.50
2017.09.15 03:28:48.550,0.97345,0.97369,1.12,2.44
2017.09.15 03:28:49.094,0.97345,0.97368,1.87,1.87
2017.09.15 03:28:50.202,0.97345,0.97369,1.12,2.06
2017.09.15 03:28:56.986,0.97345,0.97368,1.87,1.31
2017.09.15 03:28:59.370,0.97345,0.97368,1.12,1.69
2017.09.15 03:28:59.573,0.97342,0.97366,1.87,3.56
2017.09.15 03:29:00.348,0.97341,0.97364,2.25,1.69
2017.09.15 03:29:00.400,0.97339,0.97361,1.75,1.13
2017.09.15 03:29:00.451,0.97338,0.97362,1.87,2.81
2017.09.15 03:29:00.956,0.97338,0.97362,1.87,1.31
2017.09.15 03:29:01.579,0.97339,0.97361,1.00,1.25
2017.09.15 03:29:02.207,0.97338,0.97362,1.87,1.31
2017.09.15 03:29:02.877,0.97339,0.97361,1.00,1.13
2017.09.15 03:29:10.276,0.97338,0.97362,1.87,1.50
2017.09.15 03:29:11.604,0.97339,0.97361,1.00,1.00
2017.09.15 03:29:17.863,0.97338,0.97362,1.87,1.12
2017.09.15 03:29:20.273,0.97339,0.97361,1.00,1.00
2017.09.15 03:29:20.862,0.9734,0.97362,1.00,1.12
2017.09.15 03:29:22.100,0.9734,0.97361,1.00,1.00
2017.09.15 03:29:24.264,0.9734,0.97362,1.00,1.12
2017.09.15 03:29:24.790,0.97343,0.97364,1.00,1.75
2017.09.15 03:29:24.891,0.97343,0.97365,1.50,2.06
2017.09.15 03:29:25.481,0.97344,0.97365,1.00,1.25
2017.09.15 03:29:26.914,0.97344,0.97366,1.00,1.31
2017.09.15 03:29:27.480,0.97344,0.97365,1.00,1.25
2017.09.15 03:29:28.027,0.97345,0.97366,1.00,1.87
2017.09.15 03:29:28.589,0.97345,0.97365,1.00,1.00
2017.09.15 03:29:30.038,0.97344,0.97365,1.00,1.00
2017.09.15 03:29:32.837,0.97343,0.97365,1.00,1.00
2017.09.15 03:29:33.356,0.97342,0.97366,1.12,1.87
2017.09.15 03:29:44.129,0.97343,0.97365,1.00,1.00
2017.09.15 03:29:44.650,0.97342,0.97366,1.12,1.87
2017.09.15 03:29:47.416,0.97342,0.97366,1.50,1.50
2017.09.15 03:29:50.154,0.97344,0.97367,1.50,2.44
2017.09.15 03:29:50.293,0.97344,0.97367,2.25,1.25
2017.09.15 03:29:50.956,0.97344,0.97366,2.25,1.00
2017.09.15 03:29:51.668,0.97345,0.97366,1.00,1.00
2017.09.15 03:29:54.637,0.97344,0.97366,1.12,1.12
2017.09.15 03:29:55.170,0.97345,0.97366,1.00,1.12
2017.09.15 03:29:59.396,0.97344,0.97369,1.12,2.00
2017.09.15 03:29:59.951,0.97345,0.97368,1.00,2.25
2017.09.15 03:30:00.528,0.97343,0.97367,1.62,1.37
2017.09.15 03:30:03.142,0.9735,0.9737,1.00,1.75
2017.09.15 03:30:03.370,0.97353,0.97374,1.00,1.87
2017.09.15 03:30:03.421,0.97353,0.97377,1.50,1.25
2017.09.15 03:30:03.725,0.97353,0.97376,1.00,1.44
2017.09.15 03:30:04.028,0.97349,0.97372,1.12,2.25
2017.09.15 03:30:04.542,0.97349,0.97372,1.12,3.00
2017.09.15 03:30:06.169,0.97349,0.97371,1.87,1.44
2017.09.15 03:30:06.801,0.97348,0.97371,2.25,1.25
2017.09.15 03:30:07.841,0.97347,0.9737,2.25,1.00
2017.09.15 03:30:07.942,0.97347,0.9737,1.50,1.50
2017.09.15 03:30:08.666,0.97349,0.9737,1.00,1.00
2017.09.15 03:30:08.869,0.9735,0.97372,1.12,1.50
2017.09.15 03:30:09.021,0.9735,0.97373,2.06,1.87
2017.09.15 03:30:09.275,0.97351,0.97376,1.87,2.63
2017.09.15 03:30:09.376,0.97351,0.97373,1.31,1.00
2017.09.15 03:30:09.427,0.97349,0.97374,1.37,1.37
2017.09.15 03:30:09.732,0.9735,0.97372,1.00,2.06
2017.09.15 03:30:11.165,0.97352,0.97372,1.00,1.19
2017.09.15 03:30:12.766,0.97352,0.97372,1.00,1.25
2017.09.15 03:30:13.734,0.9735,0.97372,1.50,1.25
2017.09.15 03:30:15.274,0.97348,0.97371,1.00,2.44
2017.09.15 03:30:15.527,0.97352,0.97372,1.00,2.44
2017.09.15 03:30:18.042,0.97352,0.97372,1.12,1.19
2017.09.15 03:30:24.898,0.97352,0.97374,1.12,2.81
2017.09.15 03:30:25.100,0.9735,0.97373,1.12,1.31
2017.09.15 03:30:25.261,0.9735,0.97371,1.12,1.00
2017.09.15 03:30:44.601,0.9735,0.97373,1.31,1.12
2017.09.15 03:30:46.182,0.9735,0.97371,1.12,1.00
2017.09.15 03:30:47.270,0.97351,0.97371,1.00,1.00
2017.09.15 03:30:49.842,0.9735,0.97371,2.00,1.00
2017.09.15 03:30:54.277,0.9735,0.97375,2.00,1.25
2017.09.15 03:30:56.008,0.97351,0.97374,1.87,1.00
2017.09.15 03:30:58.471,0.9735,0.97375,1.87,1.00
2017.09.15 03:30:58.522,0.9735,0.97375,1.50,2.25
2017.09.15 03:31:20.581,0.97351,0.97375,1.00,2.25
2017.09.15 03:31:23.469,0.97351,0.97374,1.87,1.00
2017.09.15 03:31:27.297,0.97352,0.97374,1.00,1.00
2017.09.15 03:31:35.460,0.97351,0.97375,1.69,1.50
2017.09.15 03:31:36.105,0.97352,0.97374,1.25,1.00
2017.09.15 03:31:43.940,0.97351,0.97375,1.69,1.50
2017.09.15 03:31:47.450,0.97351,0.97375,1.62,1.37
2017.09.15 03:31:50.396,0.9735,0.97372,1.56,1.00
2017.09.15 03:31:50.940,0.97349,0.97372,1.56,1.00
2017.09.15 03:31:52.450,0.97348,0.97373,2.44,1.50
2017.09.15 03:31:54.391,0.97349,0.97372,1.19,1.00
2017.09.15 03:31:54.967,0.97348,0.97373,2.44,1.50
2017.09.15 03:31:55.720,0.97349,0.97372,1.19,1.00
2017.09.15 03:31:58.679,0.97348,0.97373,2.06,1.50
2017.09.15 03:32:01.208,0.97349,0.97372,1.56,1.00
2017.09.15 03:32:02.614,0.97349,0.97372,1.56,1.00
2017.09.15 03:32:03.138,0.97348,0.97373,2.81,1.50
2017.09.15 03:32:04.072,0.97349,0.97372,1.56,1.00
2017.09.15 03:32:04.619,0.97349,0.97372,1.69,1.00
2017.09.15 03:32:05.734,0.97349,0.97372,1.56,1.00
2017.09.15 03:32:05.969,0.97348,0.97373,2.44,1.50
2017.09.15 03:32:06.552,0.97349,0.97372,1.69,1.00
2017.09.15 03:32:07.715,0.97351,0.97374,1.19,2.25
2017.09.15 03:32:07.867,0.97351,0.97374,1.19,1.87
2017.09.15 03:32:08.405,0.9735,0.97375,1.31,3.00
2017.09.15 03:32:08.913,0.9735,0.97375,1.31,2.25
2017.09.15 03:32:09.454,0.97351,0.97374,1.19,1.12
2017.09.15 03:32:09.961,0.97351,0.97374,1.12,1.12
2017.09.15 03:32:10.178,0.97353,0.97375,1.69,1.50
2017.09.15 03:32:10.279,0.97354,0.97377,1.31,1.12
2017.09.15 03:32:10.782,0.97354,0.97377,1.12,3.00
2017.09.15 03:32:11.375,0.97354,0.97377,1.12,3.00
2017.09.15 03:32:11.796,0.97352,0.97375,1.56,1.00
2017.09.15 03:32:12.374,0.97352,0.97376,1.31,1.50
2017.09.15 03:32:15.885,0.97351,0.97376,2.44,2.25
2017.09.15 03:32:16.498,0.97352,0.97375,2.06,1.12
2017.09.15 03:32:17.045,0.97352,0.97376,1.31,1.50
2017.09.15 03:32:17.493,0.97352,0.97375,2.06,1.12
2017.09.15 03:32:23.108,0.97352,0.97375,2.06,1.12
2017.09.15 03:32:26.171,0.97354,0.97377,1.25,2.25
2017.09.15 03:32:26.222,0.97354,0.97377,1.62,1.87
2017.09.15 03:32:30.476,0.97354,0.97377,1.56,1.12
2017.09.15 03:32:30.630,0.97361,0.97382,1.50,1.12
2017.09.15 03:32:30.732,0.97362,0.97385,1.12,2.44
2017.09.15 03:32:31.309,0.97363,0.97384,1.00,1.12
2017.09.15 03:32:31.841,0.9736,0.97385,2.44,2.25
2017.09.15 03:32:32.321,0.97364,0.97386,1.25,2.62
2017.09.15 03:32:32.423,0.97364,0.97386,1.00,1.00
2017.09.15 03:32:33.719,0.97365,0.97386,1.00,1.00
2017.09.15 03:32:35.370,0.97365,0.97387,1.00,2.25
2017.09.15 03:32:35.952,0.97365,0.97386,1.25,1.50
2017.09.15 03:32:36.484,0.97363,0.97386,2.44,1.50
2017.09.15 03:32:36.991,0.97363,0.97386,1.69,1.50
2017.09.15 03:32:37.395,0.97363,0.97386,2.44,1.50
2017.09.15 03:32:37.929,0.97363,0.97386,1.69,1.00
2017.09.15 03:32:38.554,0.97363,0.97387,1.69,2.25
2017.09.15 03:32:39.235,0.97365,0.97386,1.25,1.50
2017.09.15 03:32:47.481,0.97365,0.97387,1.00,1.50
2017.09.15 03:32:48.431,0.97365,0.97386,1.00,1.00
2017.09.15 03:32:49.019,0.97365,0.97385,1.00,1.00
2017.09.15 03:32:49.541,0.97365,0.97386,1.00,1.50
2017.09.15 03:32:50.550,0.97364,0.97385,1.25,1.00
2017.09.15 03:32:51.139,0.97364,0.97386,1.00,1.50
2017.09.15 03:32:51.516,0.97362,0.97386,2.44,1.50
2017.09.15 03:32:52.089,0.97362,0.97386,3.19,1.50
2017.09.15 03:32:53.622,0.97362,0.97381,1.50,1.00
2017.09.15 03:32:53.854,0.9736,0.97382,1.00,1.50
2017.09.15 03:32:53.956,0.97358,0.9738,1.25,1.69
2017.09.15 03:32:54.969,0.97357,0.9738,2.06,1.69
2017.09.15 03:32:57.933,0.97358,0.97381,1.00,1.63
2017.09.15 03:32:59.600,0.9736,0.97381,1.00,1.63
2017.09.15 03:33:00.054,0.97358,0.97381,1.00,1.63
2017.09.15 03:33:02.244,0.97357,0.97381,1.12,1.88
2017.09.15 03:33:02.495,0.97354,0.97377,2.00,1.00
2017.09.15 03:33:02.698,0.97354,0.97376,1.13,1.00
2017.09.15 03:33:03.267,0.97354,0.97377,1.00,1.50
2017.09.15 03:33:03.789,0.97353,0.97376,1.69,1.00
2017.09.15 03:33:04.326,0.97353,0.97377,1.00,2.25
2017.09.15 03:33:04.922,0.97353,0.97376,1.50,1.00
2017.09.15 03:33:05.523,0.97353,0.97377,1.00,2.25
2017.09.15 03:33:06.206,0.97353,0.97376,1.50,1.00
2017.09.15 03:33:06.867,0.97353,0.97377,1.00,2.25
2017.09.15 03:33:07.087,0.97353,0.97374,1.00,1.00
2017.09.15 03:33:07.191,0.97351,0.97375,2.06,1.50
2017.09.15 03:33:08.344,0.97353,0.97376,1.00,1.94
2017.09.15 03:33:08.849,0.97353,0.97376,1.00,1.19
2017.09.15 03:33:09.363,0.97352,0.97377,1.50,2.63
2017.09.15 03:33:09.872,0.97353,0.97376,1.00,2.81
2017.09.15 03:33:11.268,0.97352,0.97376,1.50,1.62
2017.09.15 03:33:14.315,0.97353,0.97376,1.00,3.38
2017.09.15 03:33:15.092,0.97352,0.97376,1.50,1.25
2017.09.15 03:33:15.787,0.97353,0.97376,1.00,3.19
2017.09.15 03:33:17.791,0.97352,0.97376,1.50,1.25
2017.09.15 03:33:18.094,0.97347,0.9737,2.25,1.50
2017.09.15 03:33:18.609,0.97347,0.97371,1.50,1.50
2017.09.15 03:33:19.112,0.97346,0.97369,2.25,1.13
2017.09.15 03:33:19.643,0.97347,0.97368,1.50,1.25
2017.09.15 03:33:21.341,0.97347,0.97369,1.50,1.25
2017.09.15 03:33:21.917,0.97346,0.97368,2.25,1.00
2017.09.15 03:33:22.556,0.97346,0.97367,2.25,1.00
2017.09.15 03:33:23.185,0.97346,0.97368,2.25,1.00
2017.09.15 03:33:25.467,0.97347,0.97369,2.25,1.00
2017.09.15 03:33:27.537,0.97347,0.97369,1.50,1.88
2017.09.15 03:33:30.096,0.97347,0.97368,1.00,1.50
2017.09.15 03:33:30.298,0.97344,0.97366,1.12,1.12
2017.09.15 03:33:32.496,0.97344,0.97366,1.37,1.12
2017.09.15 03:33:33.074,0.97345,0.97365,1.12,1.00
2017.09.15 03:33:33.522,0.97349,0.97367,1.00,1.50
2017.09.15 03:33:33.573,0.97347,0.97367,1.69,1.50
2017.09.15 03:33:34.183,0.97345,0.97366,1.31,1.12
2017.09.15 03:33:34.603,0.97343,0.97363,1.69,1.00
2017.09.15 03:33:34.906,0.97341,0.97363,1.00,1.12
2017.09.15 03:33:35.474,0.97341,0.97365,1.87,1.87
2017.09.15 03:33:35.943,0.97346,0.97366,1.50,1.50
2017.09.15 03:33:36.146,0.97346,0.97368,1.00,1.25
2017.09.15 03:33:36.768,0.97346,0.9737,1.87,1.25
2017.09.15 03:33:37.355,0.97347,0.9737,1.00,1.00
2017.09.15 03:33:37.466,0.97345,0.97366,1.50,1.00
2017.09.15 03:33:37.769,0.97344,0.97365,1.12,1.00
2017.09.15 03:33:37.921,0.97343,0.97363,1.50,1.00
2017.09.15 03:33:38.123,0.97342,0.97364,1.00,1.50
2017.09.15 03:33:38.362,0.97342,0.97362,1.00,1.00
2017.09.15 03:33:38.564,0.9734,0.97361,1.69,1.00
2017.09.15 03:33:38.918,0.97342,0.97361,1.00,1.00
2017.09.15 03:33:40.185,0.97342,0.9736,1.00,1.00
2017.09.15 03:33:41.019,0.97342,0.97361,1.00,1.00
2017.09.15 03:33:41.577,0.97343,0.97361,1.00,1.00
2017.09.15 03:33:41.628,0.97341,0.97361,2.06,1.00
2017.09.15 03:33:42.958,0.97341,0.9736,1.00,1.00
2017.09.15 03:33:43.261,0.97341,0.97362,1.00,1.00
2017.09.15 03:33:43.923,0.97344,0.97363,1.00,1.00
2017.09.15 03:33:44.449,0.97343,0.97363,1.00,1.00
2017.09.15 03:33:44.915,0.97341,0.97363,1.00,1.00
2017.09.15 03:33:44.969,0.97341,0.97361,1.00,1.00
2017.09.15 03:33:45.791,0.97341,0.97362,2.06,1.00
2017.09.15 03:33:46.094,0.97343,0.97364,1.12,1.50
2017.09.15 03:33:46.806,0.97344,0.97364,1.12,1.00
2017.09.15 03:33:47.388,0.97344,0.97363,1.12,1.00
2017.09.15 03:33:47.897,0.97341,0.97364,2.00,1.00
2017.09.15 03:33:47.999,0.97342,0.97364,1.31,1.87
2017.09.15 03:33:48.130,0.97339,0.97358,1.31,1.00
2017.09.15 03:33:48.282,0.97336,0.97356,1.31,1.00
2017.09.15 03:33:48.485,0.97334,0.97359,1.94,1.75
2017.09.15 03:33:48.687,0.97339,0.97362,1.19,2.25
2017.09.15 03:33:49.243,0.97339,0.97361,1.87,1.87
2017.09.15 03:33:49.294,0.97339,0.97361,1.75,1.12
2017.09.15 03:33:50.023,0.97339,0.97362,1.31,1.00
2017.09.15 03:33:50.555,0.97339,0.97361,1.87,1.00
2017.09.15 03:33:51.096,0.97339,0.97362,1.50,1.00
2017.09.15 03:33:51.757,0.97341,0.97363,1.50,1.12
2017.09.15 03:33:53.330,0.97341,0.97363,1.50,1.12
2017.09.15 03:33:53.837,0.9734,0.97364,1.87,2.25
2017.09.15 03:33:55.524,0.97339,0.97362,2.81,1.00
2017.09.15 03:33:55.777,0.97339,0.97362,1.19,1.50
2017.09.15 03:33:56.030,0.97337,0.97361,2.25,1.12
2017.09.15 03:33:56.333,0.97338,0.9736,2.44,1.00
2017.09.15 03:33:56.835,0.97338,0.9736,2.25,1.00
2017.09.15 03:34:00.511,0.97338,0.97361,1.87,1.12
2017.09.15 03:34:00.814,0.9734,0.97363,1.31,1.87
2017.09.15 03:34:00.915,0.9734,0.97363,1.31,1.87
2017.09.15 03:34:01.445,0.97339,0.97361,1.50,1.50
2017.09.15 03:34:02.040,0.97339,0.97361,1.25,1.00
2017.09.15 03:34:04.505,0.97339,0.97361,1.44,1.50
2017.09.15 03:34:05.197,0.97339,0.97362,1.69,1.87
2017.09.15 03:34:05.745,0.97338,0.97361,1.50,1.50
2017.09.15 03:34:06.151,0.97337,0.97361,1.87,1.50
2017.09.15 03:34:06.304,0.97336,0.97359,1.69,1.37
2017.09.15 03:34:06.811,0.97336,0.97358,1.31,1.12
2017.09.15 03:34:08.631,0.97336,0.97358,1.69,1.00
2017.09.15 03:34:09.180,0.97336,0.97359,1.69,2.25
2017.09.15 03:34:10.094,0.97337,0.97359,1.50,1.50
2017.09.15 03:34:14.471,0.97337,0.9736,1.81,1.87
2017.09.15 03:34:16.477,0.97337,0.97359,1.50,1.00
2017.09.15 03:34:22.326,0.97337,0.9736,1.81,1.87
2017.09.15 03:34:22.828,0.97338,0.97359,1.12,1.00
2017.09.15 03:34:23.468,0.97337,0.9736,1.81,1.12
2017.09.15 03:34:24.098,0.97338,0.97359,1.12,1.00
2017.09.15 03:34:24.863,0.97337,0.9736,1.81,1.12
2017.09.15 03:34:25.510,0.97338,0.97359,1.12,1.00
2017.09.15 03:34:26.344,0.97338,0.97361,1.87,1.50
2017.09.15 03:34:26.851,0.97338,0.97359,1.50,1.12
2017.09.15 03:34:27.757,0.97337,0.97359,1.87,1.00
2017.09.15 03:34:28.359,0.97339,0.9736,1.00,1.00
2017.09.15 03:34:28.868,0.97339,0.97362,1.87,1.87
2017.09.15 03:34:29.102,0.97341,0.97365,1.50,1.50
2017.09.15 03:34:29.608,0.97341,0.97364,1.69,1.00
2017.09.15 03:34:30.121,0.97342,0.97364,1.12,1.00
2017.09.15 03:34:30.690,0.97341,0.97365,1.50,1.50
2017.09.15 03:34:31.201,0.97341,0.97365,1.00,1.69
2017.09.15 03:34:31.706,0.97341,0.97364,1.87,1.50
2017.09.15 03:34:32.027,0.97341,0.97362,1.25,1.50
2017.09.15 03:34:34.868,0.97339,0.9736,1.87,1.00
2017.09.15 03:34:36.432,0.97338,0.9736,1.37,1.50
2017.09.15 03:34:36.636,0.97336,0.97358,1.62,1.00
2017.09.15 03:34:37.149,0.97334,0.97357,1.56,1.12
2017.09.15 03:34:37.704,0.97334,0.97357,2.06,1.12
2017.09.15 03:34:38.214,0.97334,0.97356,1.56,1.00
2017.09.15 03:34:39.218,0.97334,0.97356,2.06,1.00
2017.09.15 03:34:40.014,0.97334,0.97356,1.56,1.00
2017.09.15 03:34:40.768,0.97334,0.97355,1.56,1.00
2017.09.15 03:34:41.426,0.97334,0.97355,2.06,1.00
2017.09.15 03:34:42.320,0.97334,0.97357,2.06,1.87
2017.09.15 03:34:42.705,0.97333,0.97357,1.56,1.12
2017.09.15 03:34:42.757,0.97331,0.9735,2.44,1.00
2017.09.15 03:34:42.909,0.97324,0.97346,1.31,1.00
2017.09.15 03:34:42.960,0.97324,0.97345,1.56,1.50
2017.09.15 03:34:43.061,0.97322,0.97344,1.62,1.00
2017.09.15 03:34:44.273,0.97321,0.97344,1.94,2.25
2017.09.15 03:34:44.798,0.9732,0.97344,3.19,1.50
2017.09.15 03:34:45.399,0.97321,0.97341,1.94,1.00
2017.09.15 03:34:45.450,0.97317,0.97341,2.44,2.25
2017.09.15 03:34:45.501,0.97318,0.97338,1.00,1.00
2017.09.15 03:34:45.956,0.97315,0.97338,2.06,1.00
2017.09.15 03:34:46.209,0.97316,0.97336,1.25,1.00
2017.09.15 03:34:46.728,0.97316,0.97337,1.19,1.00
2017.09.15 03:34:47.213,0.97315,0.97337,1.31,1.00
2017.09.15 03:34:47.605,0.97316,0.97338,1.50,1.12
2017.09.15 03:34:47.909,0.97314,0.97336,2.44,1.00
2017.09.15 03:34:48.423,0.97316,0.97337,1.69,1.00
2017.09.15 03:34:48.977,0.97316,0.97337,1.69,1.00
2017.09.15 03:34:49.514,0.97315,0.97337,1.69,1.00
2017.09.15 03:34:49.967,0.97316,0.97337,1.69,1.00
2017.09.15 03:34:50.539,0.97315,0.97337,1.69,1.00
2017.09.15 03:34:51.151,0.97316,0.97337,1.69,1.00
2017.09.15 03:34:51.202,0.97316,0.97337,1.69,1.00
2017.09.15 03:34:52.399,0.97315,0.97339,1.69,2.62
2017.09.15 03:34:53.325,0.97316,0.97336,1.69,1.00
2017.09.15 03:34:53.901,0.97314,0.97335,1.56,1.87
2017.09.15 03:34:56.327,0.97313,0.97336,1.56,1.87
2017.09.15 03:34:57.768,0.97314,0.97335,1.13,1.12
2017.09.15 03:34:57.920,0.97314,0.97337,1.69,1.50
2017.09.15 03:34:58.466,0.97314,0.97337,2.44,1.87
2017.09.15 03:35:01.609,0.97314,0.97337,2.06,1.12
2017.09.15 03:35:02.215,0.97314,0.97337,2.81,1.87
2017.09.15 03:35:07.483,0.97314,0.97331,1.31,1.00
2017.09.15 03:35:07.585,0.97314,0.97335,1.00,1.00
2017.09.15 03:35:07.635,0.97314,0.97336,1.69,1.75
2017.09.15 03:35:07.737,0.97314,0.97337,1.56,2.25
2017.09.15 03:35:07.861,0.97314,0.97337,1.69,1.87
2017.09.15 03:35:08.377,0.97314,0.97337,2.81,1.12
2017.09.15 03:35:08.951,0.97314,0.97338,2.06,1.87
2017.09.15 03:35:09.848,0.97314,0.97337,2.81,1.12
2017.09.15 03:35:10.165,0.97313,0.97333,1.69,1.00
2017.09.15 03:35:10.216,0.97315,0.97337,1.00,1.87
2017.09.15 03:35:10.318,0.97315,0.97337,1.00,1.50
2017.09.15 03:35:10.873,0.97314,0.97336,2.44,1.00
2017.09.15 03:35:11.506,0.97315,0.97338,2.81,2.25
2017.09.15 03:35:13.112,0.97315,0.97338,1.62,1.50
2017.09.15 03:35:14.092,0.97315,0.97338,1.69,3.00
2017.09.15 03:35:14.396,0.97313,0.97337,2.81,1.75
2017.09.15 03:35:14.446,0.97314,0.97337,1.19,1.50
2017.09.15 03:35:15.946,0.97314,0.97336,1.69,1.12
2017.09.15 03:35:16.473,0.97314,0.97337,1.19,1.50
2017.09.15 03:35:17.639,0.97314,0.97335,1.00,1.50
2017.09.15 03:35:17.740,0.97311,0.97331,2.25,1.00
2017.09.15 03:35:17.881,0.97311,0.97332,1.50,1.00
2017.09.15 03:35:18.286,0.97312,0.97335,1.50,1.75
2017.09.15 03:35:18.337,0.97311,0.97336,3.19,1.75
2017.09.15 03:35:18.388,0.97315,0.97337,1.00,1.75
2017.09.15 03:35:18.540,0.97315,0.97337,1.50,1.00
2017.09.15 03:35:18.743,0.97313,0.97337,2.25,2.25
2017.09.15 03:35:19.425,0.97314,0.97336,2.25,1.00
2017.09.15 03:35:19.933,0.97315,0.97337,2.81,1.00
2017.09.15 03:35:21.179,0.97316,0.97337,1.31,1.00
2017.09.15 03:35:21.683,0.97315,0.97337,2.81,1.00
2017.09.15 03:35:21.868,0.97316,0.97337,1.69,1.00
2017.09.15 03:35:22.071,0.9731,0.97334,1.50,1.12
2017.09.15 03:35:22.122,0.97313,0.97337,1.00,2.44
2017.09.15 03:35:22.426,0.97318,0.97338,1.50,1.25
2017.09.15 03:35:27.395,0.97318,0.97338,1.00,1.00
2017.09.15 03:35:28.016,0.97316,0.97338,1.56,1.69
2017.09.15 03:35:28.398,0.97314,0.97338,2.44,1.50
2017.09.15 03:35:29.613,0.97315,0.97338,1.69,2.25
2017.09.15 03:35:29.665,0.97314,0.97336,1.31,1.50
2017.09.15 03:35:29.817,0.97314,0.97338,2.44,2.25
2017.09.15 03:35:30.358,0.97316,0.97338,1.69,1.00
2017.09.15 03:35:36.721,0.97316,0.97339,1.87,1.00
2017.09.15 03:35:37.243,0.97315,0.97339,2.25,1.00
2017.09.15 03:35:39.807,0.97316,0.97339,1.87,1.50
2017.09.15 03:35:41.048,0.97315,0.97339,2.06,1.00
2017.09.15 03:35:41.813,0.97316,0.97339,1.69,2.25
2017.09.15 03:35:43.265,0.97317,0.97339,1.12,1.50
2017.09.15 03:35:43.568,0.97317,0.97341,3.37,1.50
2017.09.15 03:35:44.072,0.97319,0.97341,1.50,1.00
2017.09.15 03:35:44.622,0.97318,0.97341,1.94,1.00
2017.09.15 03:35:45.451,0.97319,0.97341,1.94,1.00
2017.09.15 03:35:46.447,0.97319,0.97341,1.50,1.00
2017.09.15 03:35:47.159,0.97319,0.97341,1.50,1.00
2017.09.15 03:35:51.836,0.9732,0.97341,1.12,1.00
2017.09.15 03:35:58.535,0.97321,0.97342,1.00,1.00
2017.09.15 03:36:07.252,0.9732,0.97343,2.06,1.00
2017.09.15 03:36:08.194,0.9732,0.97344,1.25,1.88
2017.09.15 03:36:08.756,0.9732,0.97343,2.06,1.00
2017.09.15 03:36:09.281,0.9732,0.97342,2.06,1.00
2017.09.15 03:36:10.337,0.9732,0.97342,1.50,1.25
2017.09.15 03:36:27.387,0.9732,0.97342,1.50,1.25
2017.09.15 03:36:38.714,0.9732,0.97342,1.50,1.69
2017.09.15 03:36:39.350,0.9732,0.97342,1.50,1.69
2017.09.15 03:36:47.421,0.97319,0.97342,1.12,1.00
2017.09.15 03:36:48.726,0.9732,0.97342,1.00,1.69
2017.09.15 03:36:49.966,0.97319,0.97342,1.12,1.00
2017.09.15 03:36:50.506,0.9732,0.97342,1.00,1.69
2017.09.15 03:36:51.668,0.97319,0.97342,1.12,1.00
2017.09.15 03:36:52.988,0.9732,0.97342,1.00,1.69
2017.09.15 03:36:53.520,0.97319,0.97343,2.25,1.12
2017.09.15 03:36:54.048,0.9732,0.97342,1.87,1.00
2017.09.15 03:36:56.748,0.97326,0.97346,1.00,2.25
2017.09.15 03:36:56.950,0.97329,0.97351,1.00,1.75
2017.09.15 03:36:57.051,0.97329,0.97351,1.87,1.00
2017.09.15 03:37:15.638,0.97329,0.97352,1.50,1.31
2017.09.15 03:37:15.991,0.97331,0.97354,1.25,1.25
2017.09.15 03:37:16.530,0.9733,0.97355,2.06,2.44
2017.09.15 03:37:17.579,0.97331,0.97354,1.31,1.00
2017.09.15 03:37:19.172,0.97331,0.97354,1.50,1.00
2017.09.15 03:37:19.223,0.97334,0.97355,1.00,1.00
2017.09.15 03:37:19.578,0.97332,0.97356,1.00,1.50
2017.09.15 03:37:20.876,0.97332,0.97355,1.50,1.12
2017.09.15 03:37:21.382,0.97332,0.97355,1.12,1.50
2017.09.15 03:37:25.965,0.97331,0.97356,2.81,1.50
2017.09.15 03:37:26.016,0.97334,0.97355,1.50,1.12
2017.09.15 03:37:26.522,0.97334,0.97356,1.00,1.00
2017.09.15 03:37:27.047,0.97334,0.97355,1.69,1.00
2017.09.15 03:37:27.598,0.97334,0.97356,1.12,1.00
2017.09.15 03:37:28.106,0.97333,0.97355,2.81,1.00
2017.09.15 03:37:32.427,0.97334,0.97355,1.00,1.25
2017.09.15 03:37:32.579,0.97332,0.97355,1.12,1.50
2017.09.15 03:37:48.365,0.97332,0.97355,1.31,1.12
2017.09.15 03:37:48.870,0.97331,0.97354,1.37,1.00
2017.09.15 03:37:49.610,0.9733,0.97355,1.87,3.00
2017.09.15 03:37:50.488,0.97331,0.97354,1.50,1.00
2017.09.15 03:37:54.288,0.9733,0.97355,1.87,1.50
2017.09.15 03:37:58.098,0.97331,0.97354,1.37,1.00
2017.09.15 03:37:58.854,0.9733,0.97355,1.87,1.50
2017.09.15 03:37:59.503,0.97331,0.97354,1.37,1.00
2017.09.15 03:38:00.064,0.9733,0.97355,2.25,1.50
2017.09.15 03:38:00.606,0.97332,0.97354,2.62,1.00
2017.09.15 03:38:01.496,0.97332,0.97355,3.75,1.50
2017.09.15 03:38:02.033,0.97333,0.97354,1.12,1.00
2017.09.15 03:38:02.689,0.97332,0.97355,1.12,1.50
2017.09.15 03:38:03.263,0.97332,0.97354,1.50,1.00
2017.09.15 03:38:03.874,0.97337,0.97355,1.25,1.00
2017.09.15 03:38:04.027,0.97341,0.97363,1.00,1.25
2017.09.15 03:38:04.865,0.9734,0.97364,1.50,1.50
2017.09.15 03:38:05.349,0.9734,0.97361,1.12,1.00
2017.09.15 03:38:05.400,0.97341,0.97364,1.00,3.19
2017.09.15 03:38:05.450,0.97341,0.97362,1.00,1.00
2017.09.15 03:38:06.140,0.9734,0.97364,1.50,2.25
2017.09.15 03:38:06.539,0.9734,0.97364,1.00,2.25
2017.09.15 03:38:06.663,0.9734,0.97364,1.50,2.25
2017.09.15 03:38:07.500,0.97342,0.97365,1.25,1.75
2017.09.15 03:38:07.551,0.97341,0.97366,1.25,3.37
2017.09.15 03:38:07.653,0.97342,0.97365,1.25,1.00
2017.09.15 03:38:09.624,0.97341,0.97366,1.31,1.12
2017.09.15 03:38:10.269,0.97342,0.97365,1.25,1.00
2017.09.15 03:38:21.614,0.97341,0.97366,1.31,1.12
2017.09.15 03:38:22.133,0.97342,0.97365,1.25,1.00
2017.09.15 03:38:23.085,0.97342,0.97365,1.19,1.00
2017.09.15 03:38:33.155,0.97341,0.97366,1.69,1.50
2017.09.15 03:38:33.206,0.97342,0.97365,1.87,1.12
2017.09.15 03:38:35.181,0.97342,0.97365,1.87,1.12
2017.09.15 03:38:49.975,0.97342,0.97366,1.50,1.50
2017.09.15 03:38:50.634,0.97342,0.97366,1.87,1.50
2017.09.15 03:38:55.180,0.97342,0.97365,2.62,1.12
2017.09.15 03:38:57.855,0.97344,0.97366,1.25,1.00
2017.09.15 03:39:01.316,0.97343,0.97365,1.44,1.00
2017.09.15 03:39:07.711,0.97342,0.97365,1.50,1.12
2017.09.15 03:39:15.506,0.97342,0.97365,1.50,1.12
2017.09.15 03:39:16.141,0.97342,0.97365,1.50,1.12
2017.09.15 03:39:20.946,0.97342,0.97366,1.81,1.50
2017.09.15 03:39:21.742,0.97343,0.97365,1.12,1.12
2017.09.15 03:39:24.306,0.97344,0.97367,1.87,1.12
2017.09.15 03:39:25.099,0.97344,0.97368,1.00,1.50
2017.09.15 03:39:25.710,0.97344,0.97367,1.87,1.12
2017.09.15 03:39:26.370,0.97343,0.97368,2.25,1.50
2017.09.15 03:39:32.111,0.97344,0.97367,1.87,1.12
2017.09.15 03:39:37.753,0.97341,0.97364,2.81,1.00
2017.09.15 03:39:38.017,0.9734,0.97365,2.44,2.25
2017.09.15 03:39:40.362,0.97341,0.97364,1.87,1.12
2017.09.15 03:39:41.908,0.97341,0.97364,1.69,1.12
2017.09.15 03:39:43.471,0.97342,0.97365,1.00,1.50
2017.09.15 03:39:44.042,0.97343,0.97364,1.00,1.12
2017.09.15 03:39:44.217,0.97341,0.97363,1.25,1.00
2017.09.15 03:39:44.894,0.97341,0.97364,2.25,2.62
2017.09.15 03:39:45.454,0.97341,0.97364,1.00,1.87
2017.09.15 03:39:45.968,0.9734,0.97363,1.69,1.12
2017.09.15 03:39:46.515,0.97343,0.97366,1.13,1.75
2017.09.15 03:39:46.566,0.97344,0.97366,1.88,1.75
2017.09.15 03:39:46.768,0.97344,0.97367,1.31,1.50
2017.09.15 03:39:47.215,0.97345,0.97368,1.44,1.75
2017.09.15 03:39:47.474,0.97345,0.97368,1.44,1.87
2017.09.15 03:39:47.676,0.97344,0.97368,2.25,1.12
2017.09.15 03:39:48.417,0.97345,0.97368,1.44,1.12
2017.09.15 03:39:49.452,0.97344,0.97369,3.37,2.25
2017.09.15 03:39:50.248,0.97345,0.97368,1.31,2.06
2017.09.15 03:39:50.552,0.97342,0.97361,1.50,1.12
2017.09.15 03:39:50.799,0.97339,0.97361,1.63,1.00
2017.09.15 03:39:51.305,0.97339,0.97361,1.37,1.00
2017.09.15 03:39:51.838,0.97338,0.97362,2.44,1.87
2017.09.15 03:39:52.678,0.97339,0.97361,1.50,1.00
2017.09.15 03:39:53.162,0.97338,0.97361,1.31,1.00
2017.09.15 03:39:53.213,0.97336,0.97358,1.12,1.00
2017.09.15 03:39:53.465,0.97334,0.97358,1.69,1.12
2017.09.15 03:39:53.971,0.97335,0.97357,1.31,1.00
2017.09.15 03:39:54.944,0.97334,0.97358,1.69,1.12
2017.09.15 03:39:55.482,0.97335,0.97357,1.56,1.00
2017.09.15 03:39:56.164,0.97334,0.97358,1.69,1.12
2017.09.15 03:39:57.011,0.97335,0.97357,1.56,1.00
2017.09.15 03:39:57.993,0.97335,0.97357,1.69,1.00
2017.09.15 03:39:58.044,0.97334,0.97355,1.31,1.00
2017.09.15 03:39:58.275,0.97328,0.97349,1.31,1.50
2017.09.15 03:39:58.327,0.97325,0.97346,1.31,1.87
2017.09.15 03:39:58.834,0.97324,0.97345,1.75,1.12
2017.09.15 03:39:59.239,0.97325,0.97345,1.00,1.12
2017.09.15 03:39:59.588,0.97325,0.97345,1.12,1.12
2017.09.15 03:40:00.523,0.97324,0.97346,1.87,1.50
2017.09.15 03:40:01.063,0.97325,0.97345,1.12,1.12
2017.09.15 03:40:01.875,0.97324,0.97346,1.50,2.25
2017.09.15 03:40:03.546,0.97326,0.97349,2.81,2.25
2017.09.15 03:40:03.698,0.97326,0.97348,1.94,1.00
2017.09.15 03:40:04.205,0.97327,0.97349,1.31,1.12
2017.09.15 03:40:05.070,0.97327,0.9735,1.25,1.50
2017.09.15 03:40:10.104,0.97327,0.97349,1.62,1.12
2017.09.15 03:40:10.630,0.97326,0.97349,2.25,1.12
2017.09.15 03:40:11.174,0.97327,0.97349,1.62,1.12
2017.09.15 03:40:11.630,0.97326,0.97348,1.00,1.37
2017.09.15 03:40:12.177,0.97326,0.97347,1.12,1.12
2017.09.15 03:40:13.803,0.97325,0.97348,1.62,1.37
2017.09.15 03:40:15.204,0.97325,0.97347,1.50,1.12
2017.09.15 03:40:15.741,0.97325,0.97346,1.37,1.00
2017.09.15 03:40:16.231,0.97325,0.97346,1.00,1.12
2017.09.15 03:40:16.749,0.97324,0.97347,1.00,1.50
2017.09.15 03:40:17.205,0.97324,0.97346,1.31,1.12
2017.09.15 03:40:18.733,0.97325,0.97346,1.00,1.12
2017.09.15 03:40:19.037,0.97319,0.97337,1.12,1.00
2017.09.15 03:40:19.138,0.97319,0.97338,1.00,1.00
2017.09.15 03:40:19.239,0.97317,0.97338,1.31,1.50
2017.09.15 03:40:19.764,0.97315,0.97338,1.81,1.50
2017.09.15 03:40:20.291,0.97317,0.97337,1.00,1.12
2017.09.15 03:40:21.147,0.97315,0.97336,1.31,1.00
2017.09.15 03:40:21.249,0.97315,0.97337,1.25,1.12
2017.09.15 03:40:21.452,0.97315,0.97338,1.13,1.50
2017.09.15 03:40:22.076,0.97315,0.97338,1.56,1.00
2017.09.15 03:40:22.385,0.97314,0.97339,2.06,1.00
2017.09.15 03:40:23.325,0.97314,0.97339,1.87,1.50
2017.09.15 03:40:23.629,0.97315,0.97338,1.50,1.50
2017.09.15 03:40:23.680,0.97315,0.97338,1.50,1.50
2017.09.15 03:40:23.985,0.97318,0.97338,1.94,1.50
2017.09.15 03:40:24.227,0.97322,0.97345,2.06,1.00
2017.09.15 03:40:24.733,0.97322,0.97346,1.19,3.75
2017.09.15 03:40:24.835,0.97321,0.97346,2.44,3.00
2017.09.15 03:40:25.176,0.9732,0.9734,1.31,1.00
2017.09.15 03:40:25.323,0.97318,0.97337,1.31,1.00
2017.09.15 03:40:25.374,0.97315,0.97337,1.69,1.00
2017.09.15 03:40:25.880,0.97315,0.97336,1.19,1.50
2017.09.15 03:40:25.981,0.97318,0.97336,1.00,1.50
2017.09.15 03:40:26.456,0.97314,0.97336,1.69,1.50
2017.09.15 03:40:27.034,0.97314,0.97335,1.31,1.00
2017.09.15 03:40:27.578,0.97313,0.97336,1.31,1.50
2017.09.15 03:40:27.730,0.97311,0.97333,1.94,1.00
2017.09.15 03:40:28.357,0.97311,0.97335,1.94,2.25
2017.09.15 03:40:28.927,0.97311,0.97335,1.94,1.50
2017.09.15 03:40:29.756,0.97311,0.97333,1.94,1.00
2017.09.15 03:40:30.242,0.97311,0.97335,2.06,1.12
2017.09.15 03:40:30.985,0.97311,0.97335,2.81,1.87
2017.09.15 03:40:31.871,0.97311,0.97335,2.81,1.87
2017.09.15 03:40:31.922,0.97313,0.97333,1.12,1.00
2017.09.15 03:40:38.641,0.97312,0.97334,1.12,1.50
2017.09.15 03:40:39.363,0.97313,0.97333,1.12,1.12
2017.09.15 03:40:41.486,0.97312,0.97334,1.12,1.50
2017.09.15 03:40:41.947,0.97314,0.97335,1.69,1.87
2017.09.15 03:40:42.462,0.97314,0.97336,1.31,2.25
2017.09.15 03:40:43.276,0.97314,0.97336,2.25,1.00
2017.09.15 03:40:43.377,0.97317,0.97335,1.12,1.50
2017.09.15 03:40:43.900,0.97317,0.97335,1.50,1.00
2017.09.15 03:40:44.495,0.97317,0.97335,1.12,1.00
2017.09.15 03:40:44.596,0.97317,0.97337,1.12,1.12
2017.09.15 03:40:44.647,0.97316,0.97338,1.00,1.50
2017.09.15 03:40:45.181,0.97315,0.97337,2.25,1.12
2017.09.15 03:40:50.479,0.97314,0.97337,1.69,1.12
2017.09.15 03:40:50.530,0.97318,0.9734,1.56,1.75
2017.09.15 03:40:50.581,0.97318,0.9734,1.12,1.50
2017.09.15 03:40:51.099,0.97317,0.97339,2.25,1.12
2017.09.15 03:40:52.979,0.97318,0.9734,1.00,1.50
2017.09.15 03:40:53.512,0.97316,0.97338,2.62,1.00
2017.09.15 03:40:53.613,0.97316,0.97337,1.50,1.50
2017.09.15 03:40:54.127,0.97318,0.97338,1.00,2.25
2017.09.15 03:40:54.387,0.97315,0.97338,1.37,1.75
2017.09.15 03:40:54.439,0.97314,0.97338,3.75,1.75
2017.09.15 03:40:54.936,0.97315,0.9734,1.38,1.75
2017.09.15 03:40:55.038,0.97316,0.97339,2.06,1.12
2017.09.15 03:40:55.291,0.97316,0.97337,1.37,1.00
2017.09.15 03:40:55.342,0.97316,0.97337,1.37,1.00
2017.09.15 03:40:55.867,0.97315,0.97337,1.12,1.50
2017.09.15 03:40:56.051,0.97316,0.97337,1.12,1.50
2017.09.15 03:40:56.102,0.97315,0.97337,1.12,1.50
2017.09.15 03:40:56.874,0.97314,0.97338,2.62,1.75
2017.09.15 03:40:57.573,0.97315,0.97337,1.12,1.50
2017.09.15 03:40:58.996,0.97314,0.97335,1.00,1.00
2017.09.15 03:40:59.555,0.97314,0.97334,1.37,1.00
2017.09.15 03:41:00.056,0.97315,0.97335,1.69,1.50
2017.09.15 03:41:00.640,0.97314,0.97335,3.37,1.50
2017.09.15 03:41:01.394,0.97314,0.97334,2.25,1.00
2017.09.15 03:41:01.900,0.97314,0.97335,2.25,1.50
2017.09.15 03:41:02.425,0.97314,0.97335,1.87,1.00
2017.09.15 03:41:02.930,0.97314,0.97335,2.62,1.50
2017.09.15 03:41:03.484,0.97314,0.97335,1.87,1.00
2017.09.15 03:41:05.369,0.97314,0.97335,2.44,1.50
2017.09.15 03:41:05.471,0.97313,0.97335,3.75,1.50
2017.09.15 03:41:05.750,0.97311,0.97331,2.62,1.00
2017.09.15 03:41:05.852,0.97309,0.9733,1.00,1.00
2017.09.15 03:41:05.953,0.97308,0.97328,2.62,1.00
2017.09.15 03:41:06.257,0.97313,0.97335,1.25,1.50
2017.09.15 03:41:06.778,0.97313,0.97334,1.25,1.00
2017.09.15 03:41:06.829,0.97312,0.97332,1.50,1.00
2017.09.15 03:41:07.032,0.97311,0.97335,2.06,1.87
2017.09.15 03:41:08.116,0.97309,0.97333,5.44,1.00
2017.09.15 03:41:08.458,0.97308,0.97329,1.69,1.12
2017.09.15 03:41:10.480,0.9731,0.97329,1.00,1.12
2017.09.15 03:41:10.531,0.97309,0.97331,3.00,1.12
2017.09.15 03:41:10.633,0.97312,0.97335,1.69,1.87
2017.09.15 03:41:11.166,0.97311,0.97335,2.06,1.12
2017.09.15 03:41:11.679,0.97312,0.97335,1.69,1.00
2017.09.15 03:41:12.380,0.97312,0.97336,1.69,1.25
2017.09.15 03:41:12.481,0.97312,0.97335,1.69,1.37
2017.09.15 03:41:14.217,0.97314,0.97337,1.12,1.37
2017.09.15 03:41:14.267,0.97315,0.97337,1.00,1.69
2017.09.15 03:41:14.419,0.97312,0.97332,1.69,1.00
2017.09.15 03:41:14.470,0.97312,0.97335,2.63,1.00
2017.09.15 03:41:14.572,0.9731,0.97333,3.75,1.00
2017.09.15 03:41:14.724,0.9731,0.97334,1.12,1.37
2017.09.15 03:41:15.231,0.97311,0.97334,1.12,2.06
2017.09.15 03:41:17.285,0.9731,0.97332,1.56,1.00
2017.09.15 03:41:17.788,0.97309,0.97333,2.81,1.50
2017.09.15 03:41:18.404,0.97311,0.97333,1.00,1.50
2017.09.15 03:41:18.731,0.97313,0.97333,1.00,1.00
2017.09.15 03:41:18.883,0.97314,0.97336,1.31,1.87
2017.09.15 03:41:18.984,0.97314,0.97336,1.50,2.25
2017.09.15 03:41:19.188,0.97316,0.97338,1.25,1.50
2017.09.15 03:41:20.479,0.97315,0.97337,1.50,1.00
2017.09.15 03:41:21.254,0.97315,0.97338,1.44,1.12
2017.09.15 03:41:21.777,0.97315,0.97337,1.87,1.00
2017.09.15 03:41:26.232,0.97314,0.97338,2.62,1.12
2017.09.15 03:41:27.055,0.97316,0.97339,1.50,2.25
2017.09.15 03:41:27.579,0.97315,0.97337,1.44,1.37
2017.09.15 03:41:33.844,0.9732,0.97339,1.25,1.37
2017.09.15 03:41:33.945,0.97322,0.97344,1.31,2.25
2017.09.15 03:41:33.996,0.97323,0.97346,1.12,1.31
2017.09.15 03:41:34.199,0.9732,0.97343,2.25,1.00
2017.09.15 03:41:34.503,0.9732,0.97341,1.00,1.12
2017.09.15 03:41:35.945,0.97317,0.9734,2.81,1.00
2017.09.15 03:41:36.304,0.97317,0.9734,1.00,1.50
2017.09.15 03:41:36.614,0.97319,0.97342,1.00,3.19
2017.09.15 03:41:36.715,0.97319,0.97342,1.00,2.81
2017.09.15 03:41:37.254,0.97318,0.97341,1.87,1.00
2017.09.15 03:41:37.998,0.97319,0.97341,1.00,1.00
2017.09.15 03:41:38.542,0.97319,0.97342,1.00,1.12
2017.09.15 03:41:38.697,0.97319,0.97341,2.06,1.00
2017.09.15 03:41:39.706,0.97319,0.97342,2.06,1.87
2017.09.15 03:41:39.757,0.97319,0.97342,2.25,1.87
2017.09.15 03:41:40.724,0.97319,0.97341,1.00,1.00
2017.09.15 03:41:41.283,0.97319,0.97342,2.25,1.87
2017.09.15 03:41:41.815,0.97319,0.97341,2.25,1.00
2017.09.15 03:41:42.126,0.97321,0.97344,1.00,2.00
2017.09.15 03:41:42.177,0.97319,0.97343,2.62,1.37
2017.09.15 03:41:42.228,0.97326,0.97346,1.00,2.25
2017.09.15 03:41:42.279,0.97323,0.97345,1.31,1.75
2017.09.15 03:41:42.431,0.97322,0.97345,2.81,1.00
2017.09.15 03:41:42.830,0.97324,0.97348,1.50,2.62
2017.09.15 03:41:44.420,0.97321,0.97345,2.62,1.00
2017.09.15 03:41:44.825,0.97326,0.97348,1.00,1.50
2017.09.15 03:41:45.104,0.97324,0.97347,1.50,1.12
2017.09.15 03:41:45.256,0.97324,0.97343,1.00,1.00
2017.09.15 03:41:45.611,0.97324,0.97347,1.00,1.12
2017.09.15 03:41:45.844,0.97326,0.97348,1.12,2.06
2017.09.15 03:41:46.229,0.97324,0.97345,1.50,1.12
2017.09.15 03:41:46.330,0.97326,0.97347,1.00,1.00
2017.09.15 03:41:46.634,0.97325,0.97345,1.25,1.00
2017.09.15 03:41:46.836,0.97326,0.97348,1.00,1.50
2017.09.15 03:41:47.335,0.97328,0.97348,1.00,1.50
2017.09.15 03:41:48.396,0.9733,0.97348,1.00,1.50
2017.09.15 03:41:48.650,0.9733,0.97351,1.00,1.69
2017.09.15 03:41:48.751,0.9733,0.97352,1.00,2.44
2017.09.15 03:41:49.694,0.97329,0.97351,1.87,1.31
2017.09.15 03:41:50.325,0.97328,0.97348,1.50,1.00
2017.09.15 03:41:50.831,0.9733,0.9735,1.00,1.37
2017.09.15 03:41:51.826,0.97327,0.97349,1.87,1.12
2017.09.15 03:41:53.501,0.97326,0.9735,3.37,1.37
2017.09.15 03:41:58.301,0.97326,0.9735,3.37,1.37
2017.09.15 03:41:59.254,0.97329,0.97351,1.00,2.25
2017.09.15 03:42:01.718,0.97328,0.97351,1.50,1.50
2017.09.15 03:42:02.340,0.97329,0.97351,1.00,1.50
2017.09.15 03:42:06.488,0.97328,0.97352,1.00,2.25
2017.09.15 03:42:07.161,0.97329,0.97353,1.25,2.25
2017.09.15 03:42:07.263,0.9733,0.97353,1.25,2.44
2017.09.15 03:42:07.364,0.97329,0.97354,1.69,2.44
2017.09.15 03:42:07.878,0.9733,0.97353,1.25,1.50
2017.09.15 03:42:08.479,0.97329,0.97354,1.69,2.25
2017.09.15 03:42:09.089,0.97329,0.97353,1.69,1.00
2017.09.15 03:42:09.748,0.9733,0.97353,1.25,1.50
2017.09.15 03:42:10.269,0.9733,0.97352,1.25,1.00
2017.09.15 03:42:10.834,0.97329,0.97352,1.69,1.00
2017.09.15 03:42:12.565,0.9733,0.97352,1.25,1.00
2017.09.15 03:42:13.106,0.97329,0.97352,1.69,1.00
2017.09.15 03:42:13.614,0.9733,0.97352,1.25,1.00
2017.09.15 03:42:14.751,0.97329,0.97352,1.69,1.00
2017.09.15 03:42:15.074,0.97329,0.97354,2.06,2.25
2017.09.15 03:42:15.564,0.97332,0.97354,1.00,1.00
2017.09.15 03:42:21.949,0.97333,0.97356,1.00,2.25
2017.09.15 03:42:27.461,0.97334,0.97353,1.00,1.00
2017.09.15 03:42:27.855,0.97332,0.97354,1.00,1.88
2017.09.15 03:42:27.906,0.97328,0.97348,2.06,1.00
2017.09.15 03:42:27.957,0.97329,0.9735,1.37,1.00
2017.09.15 03:42:28.210,0.97328,0.97352,1.25,1.50
2017.09.15 03:42:28.529,0.9733,0.97352,1.31,1.00
2017.09.15 03:42:28.832,0.97336,0.97361,2.25,2.44
2017.09.15 03:42:29.431,0.97337,0.97357,1.00,1.00
2017.09.15 03:42:29.937,0.97336,0.97357,1.00,1.00
2017.09.15 03:42:30.241,0.97338,0.97358,1.00,1.50
2017.09.15 03:42:30.745,0.97338,0.97357,1.25,1.00
2017.09.15 03:42:31.290,0.97339,0.97357,1.00,1.00
2017.09.15 03:42:31.442,0.97335,0.97355,1.00,1.00
2017.09.15 03:42:31.944,0.97334,0.97355,1.25,1.37
2017.09.15 03:42:32.327,0.97336,0.97356,1.00,1.50
2017.09.15 03:42:32.681,0.97334,0.97356,1.00,1.37
2017.09.15 03:42:33.455,0.97332,0.97356,1.87,1.37
2017.09.15 03:42:35.027,0.97333,0.97354,1.12,1.00
2017.09.15 03:42:35.497,0.97331,0.9735,1.50,1.00
2017.09.15 03:42:35.599,0.97329,0.97349,1.50,1.00
2017.09.15 03:42:35.751,0.97327,0.97349,1.00,1.00
2017.09.15 03:42:35.994,0.97333,0.97355,1.00,1.50
2017.09.15 03:42:36.096,0.97334,0.97356,1.87,1.12
2017.09.15 03:42:36.197,0.97335,0.97357,1.87,1.00
2017.09.15 03:42:36.765,0.97336,0.97356,1.00,1.00
2017.09.15 03:42:37.266,0.97336,0.97357,1.00,1.87
2017.09.15 03:42:37.782,0.97337,0.97357,1.00,1.12
2017.09.15 03:42:38.238,0.97335,0.97356,1.00,1.37
2017.09.15 03:42:38.583,0.97335,0.97357,1.12,1.69
2017.09.15 03:42:38.984,0.97337,0.97356,1.00,1.00
2017.09.15 03:42:39.597,0.97338,0.97357,1.00,1.00
2017.09.15 03:42:40.769,0.97335,0.97357,1.87,1.00
2017.09.15 03:42:42.509,0.97335,0.97358,1.12,1.12
2017.09.15 03:42:42.710,0.97335,0.97357,2.25,1.00
2017.09.15 03:42:43.895,0.97335,0.97358,1.31,1.12
2017.09.15 03:42:44.504,0.97336,0.97358,1.44,1.12
2017.09.15 03:42:45.015,0.97337,0.9736,1.44,2.25
2017.09.15 03:42:45.066,0.97337,0.97356,1.44,1.00
2017.09.15 03:42:45.117,0.97337,0.97359,1.19,1.00
2017.09.15 03:42:45.168,0.97337,0.97356,1.19,1.00
2017.09.15 03:42:46.238,0.97337,0.97359,1.37,1.00
2017.09.15 03:42:46.643,0.97336,0.97361,3.37,2.62
2017.09.15 03:42:47.320,0.97336,0.97361,2.25,3.00
2017.09.15 03:42:48.689,0.97337,0.9736,1.44,1.12
2017.09.15 03:42:49.210,0.97336,0.97361,3.00,3.00
2017.09.15 03:42:49.795,0.97337,0.9736,1.44,1.12
2017.09.15 03:42:52.625,0.97336,0.97361,3.00,1.50
2017.09.15 03:42:53.168,0.97337,0.9736,1.44,1.12
2017.09.15 03:42:54.036,0.97336,0.97361,3.75,1.50
2017.09.15 03:42:54.399,0.97339,0.97361,1.00,1.50
2017.09.15 03:42:54.731,0.97336,0.97361,2.44,1.50
2017.09.15 03:42:54.934,0.97335,0.97356,1.44,1.00
2017.09.15 03:42:56.744,0.97334,0.97357,3.00,1.00
2017.09.15 03:42:57.114,0.97336,0.97358,1.19,1.12
2017.09.15 03:42:58.564,0.97338,0.97358,1.00,1.12
2017.09.15 03:42:59.071,0.97338,0.97357,1.25,1.00
2017.09.15 03:43:00.206,0.97335,0.97357,1.87,1.00
2017.09.15 03:43:00.308,0.97334,0.97356,2.62,1.00
2017.09.15 03:43:00.872,0.97334,0.97355,1.87,1.00
2017.09.15 03:43:01.885,0.97333,0.97356,2.06,2.25
2017.09.15 03:43:01.936,0.97332,0.97351,1.50,1.00
2017.09.15 03:43:02.463,0.9733,0.97352,1.75,1.12
2017.09.15 03:43:03.131,0.97333,0.97353,1.00,1.00
2017.09.15 03:43:03.434,0.97333,0.97354,2.25,1.00
2017.09.15 03:43:04.016,0.97333,0.97354,1.19,1.00
2017.09.15 03:43:04.590,0.97333,0.97354,2.25,1.00
2017.09.15 03:43:05.151,0.97333,0.97354,1.19,1.00
2017.09.15 03:43:05.520,0.97334,0.97356,1.12,1.00
2017.09.15 03:43:05.622,0.97335,0.97356,1.37,1.50
2017.09.15 03:43:05.976,0.97335,0.97358,1.69,1.12
2017.09.15 03:43:06.477,0.97335,0.97356,1.44,1.00
2017.09.15 03:43:07.705,0.97335,0.97357,1.25,1.50
2017.09.15 03:43:08.250,0.97335,0.97358,1.50,1.87
2017.09.15 03:43:09.197,0.97334,0.97358,2.62,1.12
2017.09.15 03:43:09.594,0.97335,0.97358,1.87,1.87
2017.09.15 03:43:10.247,0.97335,0.97357,1.50,1.00
2017.09.15 03:43:10.796,0.97334,0.97357,1.25,1.87
2017.09.15 03:43:10.847,0.97334,0.97355,1.25,1.00
2017.09.15 03:43:11.358,0.97334,0.97355,1.50,1.00
2017.09.15 03:43:15.672,0.97334,0.97355,1.37,1.00
2017.09.15 03:43:16.889,0.97334,0.97356,1.37,1.50
2017.09.15 03:43:22.837,0.97333,0.97356,1.87,1.00
2017.09.15 03:43:23.011,0.97336,0.97359,1.00,1.50
2017.09.15 03:43:23.699,0.97336,0.97359,1.87,1.87
2017.09.15 03:43:24.247,0.97336,0.97359,1.50,1.87
2017.09.15 03:43:24.805,0.97335,0.97359,1.87,1.12
2017.09.15 03:43:25.359,0.97336,0.97359,1.50,1.87
2017.09.15 03:43:26.734,0.97335,0.97359,1.87,1.12
2017.09.15 03:43:27.289,0.97336,0.97359,1.50,1.87
2017.09.15 03:43:27.822,0.97334,0.97354,2.25,1.00
2017.09.15 03:43:28.024,0.97331,0.97352,2.25,1.00
2017.09.15 03:43:28.526,0.97332,0.97351,1.00,1.00
2017.09.15 03:43:29.034,0.97331,0.97351,2.25,1.00
2017.09.15 03:43:29.922,0.97332,0.97351,1.00,1.00
2017.09.15 03:43:30.747,0.97331,0.97351,2.25,1.00
2017.09.15 03:43:31.412,0.97332,0.97351,1.00,1.00
2017.09.15 03:43:32.017,0.97331,0.97351,1.50,1.00
2017.09.15 03:43:32.676,0.97332,0.97351,1.00,1.00
2017.09.15 03:43:36.688,0.97331,0.97352,1.50,1.00
2017.09.15 03:43:36.739,0.97332,0.97352,1.44,1.00
2017.09.15 03:43:37.043,0.97336,0.97355,1.00,1.50
2017.09.15 03:43:37.350,0.97334,0.97352,1.38,1.00
2017.09.15 03:43:37.401,0.97333,0.97356,1.50,1.75
2017.09.15 03:43:37.504,0.97337,0.97358,1.00,1.37
2017.09.15 03:43:37.555,0.97337,0.97358,1.00,1.00
2017.09.15 03:43:38.078,0.97338,0.97358,1.00,1.00
2017.09.15 03:43:38.673,0.97338,0.9736,1.00,1.50
2017.09.15 03:43:39.179,0.97338,0.97361,1.62,2.25
2017.09.15 03:43:40.445,0.9734,0.97361,1.00,1.50
2017.09.15 03:43:40.496,0.97339,0.97356,1.87,1.00
2017.09.15 03:43:41.018,0.97336,0.97356,2.25,1.00
2017.09.15 03:43:42.615,0.97337,0.97358,1.62,1.00
2017.09.15 03:43:42.717,0.9734,0.97361,1.00,1.37
2017.09.15 03:43:43.239,0.97341,0.97361,1.12,1.00
2017.09.15 03:43:43.885,0.97341,0.97362,1.12,1.00
2017.09.15 03:43:44.404,0.97339,0.97361,1.87,1.00
2017.09.15 03:43:45.756,0.97339,0.9736,1.75,1.00
2017.09.15 03:43:46.599,0.97338,0.97359,1.75,1.00
2017.09.15 03:43:46.751,0.97339,0.97359,1.00,1.00
2017.09.15 03:43:46.953,0.97337,0.97359,1.87,1.00
2017.09.15 03:43:47.055,0.97339,0.97361,1.00,1.00
2017.09.15 03:43:47.587,0.97338,0.97362,1.31,1.50
2017.09.15 03:43:47.905,0.9734,0.97364,1.31,1.00
2017.09.15 03:43:48.476,0.97341,0.97364,1.31,1.50
2017.09.15 03:43:48.780,0.97335,0.97352,2.62,1.50
2017.09.15 03:43:48.881,0.97335,0.97352,1.00,1.00
2017.09.15 03:43:48.983,0.97333,0.97354,1.25,1.12
2017.09.15 03:43:49.136,0.97335,0.97358,1.19,1.50
2017.09.15 03:43:49.188,0.97336,0.97358,1.69,1.50
2017.09.15 03:43:49.290,0.97337,0.97358,1.50,1.00
2017.09.15 03:43:50.307,0.97336,0.9736,1.87,2.62
2017.09.15 03:43:50.886,0.97337,0.97359,1.50,1.50
2017.09.15 03:43:52.365,0.97336,0.9736,2.62,1.87
2017.09.15 03:43:52.866,0.97336,0.97359,1.87,1.00
2017.09.15 03:43:54.664,0.97338,0.97358,1.12,1.00
2017.09.15 03:43:54.767,0.97337,0.9736,1.69,1.00
2017.09.15 03:43:55.312,0.97338,0.97359,1.31,1.00
2017.09.15 03:43:56.097,0.97337,0.97359,1.69,1.00
2017.09.15 03:43:58.908,0.97338,0.97359,1.31,1.00
2017.09.15 03:43:59.248,0.9734,0.97361,1.00,1.50
2017.09.15 03:43:59.793,0.97339,0.97361,1.12,1.50
2017.09.15 03:44:00.093,0.97342,0.97361,1.00,2.25
2017.09.15 03:44:00.346,0.97343,0.97364,1.69,1.00
2017.09.15 03:44:00.895,0.97344,0.97356,1.25,1.00
2017.09.15 03:44:01.097,0.97341,0.97357,1.50,1.00
2017.09.15 03:44:01.198,0.97336,0.97357,2.44,1.00
2017.09.15 03:44:01.401,0.97336,0.97357,3.19,1.00
2017.09.15 03:44:01.452,0.97336,0.97357,3.19,1.00
2017.09.15 03:44:02.005,0.97337,0.97357,1.12,1.00
2017.09.15 03:44:02.411,0.97334,0.97357,1.69,1.87
2017.09.15 03:44:02.462,0.97338,0.97357,1.00,1.12
2017.09.15 03:44:04.082,0.97337,0.97357,1.69,1.00
2017.09.15 03:44:04.610,0.97338,0.97357,1.00,1.00
2017.09.15 03:44:04.913,0.97337,0.97359,1.00,1.00
2017.09.15 03:44:04.964,0.97336,0.97356,1.69,1.00
2017.09.15 03:44:05.512,0.97336,0.97355,1.50,1.00
2017.09.15 03:44:06.026,0.97336,0.97356,1.00,1.50
2017.09.15 03:44:06.533,0.97336,0.97357,2.25,1.00
2017.09.15 03:44:06.982,0.97339,0.97357,1.00,1.00
2017.09.15 03:44:07.495,0.97339,0.97358,1.00,1.00
2017.09.15 03:44:07.749,0.97338,0.9736,2.25,1.00
2017.09.15 03:44:07.901,0.97339,0.9736,1.69,1.00
2017.09.15 03:44:08.419,0.97341,0.9736,1.00,1.00
2017.09.15 03:44:09.024,0.9734,0.9736,1.12,1.00
2017.09.15 03:44:09.544,0.97341,0.9736,1.00,1.00
2017.09.15 03:44:10.071,0.9734,0.9736,1.12,1.00
2017.09.15 03:44:12.538,0.97339,0.97361,1.69,1.00
2017.09.15 03:44:13.325,0.9734,0.97359,1.12,1.00
2017.09.15 03:44:17.074,0.9734,0.9736,1.12,1.00
2017.09.15 03:44:19.725,0.97341,0.9736,1.00,1.00
2017.09.15 03:44:20.244,0.9734,0.97361,1.12,1.00
2017.09.15 03:44:20.586,0.97342,0.97363,1.87,1.00
2017.09.15 03:44:21.828,0.97342,0.97362,1.37,1.00
2017.09.15 03:44:22.829,0.97345,0.97364,1.00,1.00
2017.09.15 03:44:22.930,0.97345,0.97367,1.12,1.69
2017.09.15 03:44:23.032,0.97345,0.97367,2.25,1.69
2017.09.15 03:44:23.564,0.97347,0.97367,1.12,1.12
2017.09.15 03:44:26.402,0.97344,0.97366,2.25,1.00
2017.09.15 03:44:26.453,0.97344,0.97366,2.25,1.00
2017.09.15 03:44:26.605,0.97345,0.97364,1.50,1.00
2017.09.15 03:44:26.807,0.97343,0.97364,1.12,1.00
2017.09.15 03:44:27.461,0.97343,0.97363,1.00,1.00
2017.09.15 03:44:28.850,0.97342,0.97363,1.12,1.00
2017.09.15 03:44:31.515,0.97342,0.97361,1.87,1.00
2017.09.15 03:44:32.183,0.9734,0.97363,2.00,1.50
2017.09.15 03:44:32.285,0.97339,0.97363,3.00,1.12
2017.09.15 03:44:33.368,0.97342,0.97363,1.00,1.12
2017.09.15 03:44:34.724,0.97342,0.97362,1.12,1.00
2017.09.15 03:44:35.753,0.97342,0.97363,1.12,1.00
2017.09.15 03:44:36.296,0.97342,0.97364,1.12,1.12
2017.09.15 03:44:36.815,0.97343,0.97364,1.00,1.00
2017.09.15 03:44:37.133,0.97345,0.97365,1.25,1.00
2017.09.15 03:44:37.634,0.97341,0.97363,2.25,1.00
2017.09.15 03:44:37.786,0.97342,0.97363,1.37,1.00
2017.09.15 03:44:38.777,0.97342,0.97364,1.37,1.00
2017.09.15 03:44:44.605,0.97342,0.97364,1.37,1.31
2017.09.15 03:44:45.133,0.97342,0.97362,1.37,1.00
2017.09.15 03:44:46.122,0.97342,0.97364,1.37,1.31
2017.09.15 03:44:51.457,0.97341,0.97363,2.25,1.00
2017.09.15 03:44:56.676,0.97342,0.97365,1.37,2.63
2017.09.15 03:44:57.199,0.97342,0.97364,1.37,1.00
2017.09.15 03:44:58.186,0.97342,0.97363,1.37,1.25
2017.09.15 03:44:58.438,0.97339,0.97361,1.50,1.00
2017.09.15 03:44:58.554,0.97339,0.97361,1.50,1.00
2017.09.15 03:44:59.465,0.97338,0.97362,1.69,1.12
2017.09.15 03:45:01.618,0.97339,0.97361,1.31,1.00
2017.09.15 03:45:02.035,0.97338,0.97361,1.87,1.00
2017.09.15 03:45:02.517,0.97339,0.97361,1.12,1.00
2017.09.15 03:45:03.063,0.97339,0.97361,1.12,2.63
2017.09.15 03:45:03.376,0.97339,0.97358,1.12,1.00
2017.09.15 03:45:04.052,0.97338,0.97359,1.37,1.00
2017.09.15 03:45:04.956,0.97339,0.97356,1.12,1.00
2017.09.15 03:45:05.124,0.97331,0.97353,2.25,1.00
2017.09.15 03:45:05.630,0.97331,0.97354,1.50,2.06
2017.09.15 03:45:08.168,0.97331,0.97353,1.31,1.00
2017.09.15 03:45:11.592,0.9733,0.97354,1.69,1.12
2017.09.15 03:45:14.839,0.97331,0.97354,1.12,2.63
2017.09.15 03:45:15.388,0.97332,0.97354,1.00,1.88
2017.09.15 03:45:16.856,0.97332,0.97355,1.00,2.81
2017.09.15 03:45:17.159,0.97331,0.97356,2.25,2.25
2017.09.15 03:45:18.015,0.97332,0.97355,1.12,1.50
2017.09.15 03:45:23.450,0.97332,0.97355,1.12,1.88
2017.09.15 03:45:26.122,0.97333,0.97355,1.00,1.88
2017.09.15 03:45:26.611,0.97336,0.97356,1.00,1.50
2017.09.15 03:45:26.814,0.97338,0.97361,1.37,1.69
2017.09.15 03:45:26.967,0.97338,0.97362,1.37,2.44
2017.09.15 03:45:27.018,0.97341,0.97361,1.00,1.25
2017.09.15 03:45:27.170,0.97341,0.97363,1.12,1.88
2017.09.15 03:45:27.422,0.97342,0.97366,1.00,2.44
2017.09.15 03:45:27.776,0.97342,0.97365,1.00,1.56
2017.09.15 03:45:28.283,0.97342,0.97364,1.00,1.56
2017.09.15 03:45:29.077,0.97342,0.97364,1.00,1.69
2017.09.15 03:45:29.783,0.9734,0.97362,2.06,1.00
2017.09.15 03:45:30.301,0.9734,0.97363,1.37,1.12
2017.09.15 03:45:30.829,0.9734,0.97362,2.06,1.00
2017.09.15 03:45:32.074,0.9734,0.97363,1.37,1.12
2017.09.15 03:45:37.798,0.97341,0.97363,1.12,1.19
2017.09.15 03:45:38.521,0.97341,0.97363,1.12,1.25
2017.09.15 03:45:40.250,0.9734,0.97362,1.87,1.00
2017.09.15 03:45:40.800,0.97341,0.97363,1.12,1.25
2017.09.15 03:45:42.244,0.97342,0.97363,1.00,1.00
2017.09.15 03:45:42.774,0.97343,0.97365,1.00,1.12
2017.09.15 03:45:43.512,0.97344,0.97366,1.00,1.00
2017.09.15 03:45:43.830,0.97342,0.97366,1.12,1.00
2017.09.15 03:45:43.881,0.97342,0.97365,1.87,1.50
2017.09.15 03:45:44.408,0.97344,0.97365,1.00,1.37
2017.09.15 03:45:44.561,0.97344,0.97367,1.50,1.12
2017.09.15 03:45:44.612,0.97344,0.97367,2.25,2.81
2017.09.15 03:45:45.150,0.97344,0.97368,1.00,2.06
2017.09.15 03:45:45.686,0.97344,0.97366,1.00,1.44
2017.09.15 03:45:46.902,0.97343,0.97368,1.87,3.19
2017.09.15 03:45:47.425,0.97344,0.97366,1.00,1.13
2017.09.15 03:45:48.961,0.97344,0.97368,1.00,2.81
2017.09.15 03:45:49.504,0.97344,0.97366,1.00,1.00
2017.09.15 03:45:52.135,0.97343,0.97368,1.87,3.00
2017.09.15 03:45:52.807,0.97344,0.97366,1.00,1.00
2017.09.15 03:45:58.966,0.97345,0.97366,1.00,1.00
2017.09.15 03:46:00.210,0.97344,0.97366,1.50,1.00
2017.09.15 03:46:03.218,0.97343,0.97368,2.62,2.44
2017.09.15 03:46:03.531,0.97345,0.97367,1.12,1.88
2017.09.15 03:46:04.417,0.97344,0.97367,1.50,1.69
2017.09.15 03:46:05.028,0.97343,0.97367,3.00,1.88
2017.09.15 03:46:05.541,0.97344,0.97367,1.50,2.25
2017.09.15 03:46:07.388,0.97344,0.97367,1.00,2.25
2017.09.15 03:46:09.602,0.97344,0.97367,1.00,2.44
2017.09.15 03:46:11.685,0.97343,0.97367,1.87,1.88
2017.09.15 03:46:12.821,0.97343,0.97364,1.12,1.31
2017.09.15 03:46:13.005,0.97341,0.97365,2.25,1.69
2017.09.15 03:46:13.106,0.97341,0.97363,1.50,1.00
2017.09.15 03:46:15.924,0.97342,0.97363,1.00,1.00
2017.09.15 03:46:17.391,0.97342,0.97362,1.00,1.00
2017.09.15 03:46:19.354,0.97342,0.97363,1.00,1.00
2017.09.15 03:46:19.985,0.97342,0.97364,1.00,1.50
2017.09.15 03:46:22.794,0.97341,0.97365,1.50,2.63
2017.09.15 03:46:23.097,0.97338,0.97361,1.87,3.00
2017.09.15 03:46:23.614,0.97337,0.9736,1.87,1.00
2017.09.15 03:46:24.060,0.9734,0.9736,1.00,1.00
2017.09.15 03:46:24.581,0.9734,0.97361,1.12,1.12
2017.09.15 03:46:25.798,0.97339,0.97362,1.37,1.63
2017.09.15 03:46:26.280,0.97339,0.97362,1.87,1.12
2017.09.15 03:46:26.882,0.9734,0.97362,1.12,1.37
2017.09.15 03:46:27.956,0.97339,0.97362,2.62,1.12
2017.09.15 03:46:28.508,0.9734,0.97362,1.12,1.19
2017.09.15 03:46:28.761,0.9734,0.97362,1.75,1.56
2017.09.15 03:46:28.862,0.9734,0.97362,1.00,1.56
2017.09.15 03:46:29.523,0.97339,0.97362,2.25,1.63
2017.09.15 03:46:29.725,0.97339,0.97362,2.25,1.25
2017.09.15 03:46:29.776,0.97339,0.97351,1.50,1.25
2017.09.15 03:46:30.080,0.97317,0.97339,1.50,1.69
2017.09.15 03:46:30.622,0.97317,0.97339,1.50,1.88
2017.09.15 03:46:31.178,0.97316,0.97339,1.00,2.44
2017.09.15 03:46:31.381,0.97316,0.97339,1.50,2.25
2017.09.15 03:46:32.441,0.97318,0.97342,1.69,1.75
2017.09.15 03:46:32.694,0.97319,0.97342,1.12,1.50
2017.09.15 03:46:34.010,0.9732,0.97342,1.00,1.87
2017.09.15 03:46:35.131,0.97321,0.97344,1.69,1.75
2017.09.15 03:46:35.384,0.97333,0.97352,1.00,1.00
2017.09.15 03:46:35.527,0.97333,0.97356,1.00,1.69
2017.09.15 03:46:35.628,0.9733,0.97353,1.87,1.56
2017.09.15 03:46:35.679,0.9733,0.97353,1.50,1.56
2017.09.15 03:46:35.831,0.9733,0.97354,1.00,1.87
2017.09.15 03:46:35.983,0.97333,0.97353,1.00,1.00
2017.09.15 03:46:36.488,0.97332,0.97354,1.50,1.13
2017.09.15 03:46:37.028,0.97332,0.97353,1.00,1.00
2017.09.15 03:46:38.440,0.97332,0.97353,1.00,1.31
2017.09.15 03:46:39.203,0.97332,0.97354,1.00,1.69
2017.09.15 03:46:40.030,0.97332,0.97353,1.00,2.25
2017.09.15 03:46:40.211,0.9733,0.97353,1.87,2.06
2017.09.15 03:46:41.251,0.9733,0.97354,1.12,2.25
2017.09.15 03:46:41.853,0.9733,0.97353,1.87,1.69
2017.09.15 03:46:43.869,0.9733,0.97353,1.12,1.69
2017.09.15 03:46:44.527,0.9733,0.97353,1.12,1.88
2017.09.15 03:46:47.268,0.97329,0.97351,1.50,1.00
2017.09.15 03:46:47.789,0.97329,0.97351,1.00,1.00
2017.09.15 03:46:50.323,0.97329,0.97352,1.00,1.50
2017.09.15 03:46:50.846,0.97329,0.97351,1.50,1.00
2017.09.15 03:46:52.004,0.97329,0.97351,1.50,1.00
2017.09.15 03:46:52.691,0.97328,0.97338,1.50,1.00
2017.09.15 03:46:52.944,0.97319,0.97335,1.12,1.00
2017.09.15 03:46:53.146,0.97319,0.97341,1.12,1.00
2017.09.15 03:46:53.396,0.97319,0.97342,1.75,1.50
2017.09.15 03:46:53.497,0.97322,0.97344,1.00,1.50
2017.09.15 03:46:53.953,0.9732,0.97341,1.50,1.00
2017.09.15 03:46:54.105,0.97317,0.9734,1.12,1.88
2017.09.15 03:46:56.984,0.97317,0.97339,1.12,1.19
2017.09.15 03:46:58.517,0.97316,0.9734,1.50,1.62
2017.09.15 03:47:06.839,0.97319,0.97342,1.00,1.31
2017.09.15 03:47:06.940,0.97321,0.97343,1.00,1.62
2017.09.15 03:47:07.381,0.97319,0.97342,1.12,2.06
2017.09.15 03:47:07.932,0.97319,0.97342,1.12,1.69
2017.09.15 03:47:10.033,0.97319,0.9734,1.12,1.12
2017.09.15 03:47:10.619,0.9732,0.97341,1.00,1.31
2017.09.15 03:47:11.135,0.97321,0.97344,1.12,2.06
2017.09.15 03:47:11.279,0.9732,0.97344,2.25,1.25
2017.09.15 03:47:11.651,0.97321,0.97344,1.12,1.69
2017.09.15 03:47:13.218,0.9732,0.97342,1.87,1.00
2017.09.15 03:47:14.633,0.97321,0.97344,1.12,1.69
2017.09.15 03:47:15.168,0.97321,0.97344,1.12,1.69
2017.09.15 03:47:15.962,0.9732,0.97344,1.87,1.00
2017.09.15 03:47:16.670,0.97321,0.97344,1.12,2.06
2017.09.15 03:47:17.357,0.9732,0.97342,1.12,1.12
2017.09.15 03:47:20.092,0.97319,0.97342,1.87,1.37
2017.09.15 03:47:20.470,0.97317,0.9734,2.62,1.12
2017.09.15 03:47:23.023,0.97318,0.97341,1.00,1.12
2017.09.15 03:47:23.226,0.97316,0.97341,2.62,1.87
2017.09.15 03:47:23.622,0.97318,0.97341,1.00,1.12
2017.09.15 03:47:24.247,0.97317,0.9734,1.12,1.12
2017.09.15 03:47:25.028,0.97319,0.97341,1.00,1.50
2017.09.15 03:47:26.897,0.97318,0.97342,1.37,1.87
2017.09.15 03:47:27.201,0.97319,0.97342,2.44,1.87
2017.09.15 03:47:27.706,0.97322,0.97342,1.31,1.00
2017.09.15 03:47:28.250,0.97319,0.97342,2.44,1.00
2017.09.15 03:47:28.586,0.9732,0.97344,1.12,2.06
2017.09.15 03:47:28.990,0.97319,0.97342,1.12,1.62
2017.09.15 03:47:29.546,0.9732,0.97342,1.00,1.31
2017.09.15 03:47:30.082,0.9732,0.97341,1.00,1.12
2017.09.15 03:47:31.182,0.97319,0.97341,1.12,1.00
2017.09.15 03:47:32.026,0.9732,0.97341,1.00,1.12
2017.09.15 03:47:32.720,0.9732,0.97342,1.00,1.00
2017.09.15 03:47:33.233,0.97319,0.97344,1.12,3.19
2017.09.15 03:47:33.747,0.9732,0.97342,1.00,1.25
2017.09.15 03:47:34.282,0.97319,0.97344,1.12,3.19
2017.09.15 03:47:38.819,0.9732,0.97342,1.00,1.00
2017.09.15 03:47:39.537,0.97319,0.97344,1.12,3.19
2017.09.15 03:47:39.639,0.97319,0.97344,1.50,3.19
2017.09.15 03:47:40.213,0.9732,0.97343,1.37,1.31
2017.09.15 03:47:41.185,0.9732,0.97343,1.37,1.31
2017.09.15 03:47:48.933,0.97321,0.97344,1.12,1.69
2017.09.15 03:47:49.255,0.97322,0.97344,1.50,1.00
2017.09.15 03:47:49.420,0.97324,0.97347,1.00,2.06
2017.09.15 03:47:49.969,0.97325,0.97347,1.12,2.81
2017.09.15 03:47:50.455,0.97323,0.97346,1.12,1.62
2017.09.15 03:47:51.072,0.97323,0.97346,1.12,1.31
2017.09.15 03:47:51.611,0.97323,0.97346,1.87,2.06
2017.09.15 03:47:51.920,0.97325,0.97346,1.00,1.31
2017.09.15 03:47:52.773,0.97324,0.97348,1.12,2.06
2017.09.15 03:47:52.926,0.97324,0.97347,1.12,1.69
2017.09.15 03:47:55.825,0.97325,0.97346,1.00,1.94
2017.09.15 03:47:55.976,0.97322,0.97345,1.12,1.87
2017.09.15 03:47:59.749,0.97322,0.97344,1.12,1.50
2017.09.15 03:47:59.800,0.97322,0.97341,1.12,1.00
2017.09.15 03:47:59.902,0.9732,0.97342,1.12,2.44
2017.09.15 03:48:00.104,0.9732,0.9734,1.12,1.00
2017.09.15 03:48:00.724,0.97319,0.97341,1.50,1.00
2017.09.15 03:48:00.825,0.97321,0.97343,1.00,1.00
2017.09.15 03:48:07.638,0.97321,0.97342,1.12,1.00
2017.09.15 03:48:08.200,0.97321,0.97341,1.12,1.00
2017.09.15 03:48:08.302,0.97317,0.97341,2.44,1.12
2017.09.15 03:48:09.130,0.97318,0.9734,1.69,1.00
2017.09.15 03:48:09.669,0.97317,0.97341,2.44,1.12
2017.09.15 03:48:13.303,0.97317,0.9734,1.94,1.00
2017.09.15 03:48:13.566,0.97324,0.97345,1.19,2.25
2017.09.15 03:48:13.620,0.97324,0.97346,1.19,1.37
2017.09.15 03:48:13.873,0.97324,0.97347,1.31,2.62
2017.09.15 03:48:14.622,0.97323,0.97347,1.56,2.62
2017.09.15 03:48:15.279,0.97324,0.97347,1.31,2.62
2017.09.15 03:48:15.604,0.97326,0.97348,1.12,1.37
2017.09.15 03:48:15.705,0.97326,0.97348,1.50,1.00
2017.09.15 03:48:16.230,0.97328,0.97349,1.00,1.12
2017.09.15 03:48:16.785,0.97327,0.9735,1.12,1.50
2017.09.15 03:48:17.335,0.97323,0.97344,1.56,1.00
2017.09.15 03:48:17.921,0.97322,0.97344,1.31,1.00
2017.09.15 03:48:18.819,0.97323,0.97345,1.25,1.00
2017.09.15 03:48:19.152,0.97318,0.97337,1.00,1.00
2017.09.15 03:48:19.660,0.97317,0.97339,1.12,2.81
2017.09.15 03:48:20.233,0.97316,0.97339,1.00,2.06
2017.09.15 03:48:20.797,0.97315,0.97339,1.87,1.12
2017.09.15 03:48:24.244,0.97315,0.97338,1.87,1.00
2017.09.15 03:48:24.547,0.97313,0.97337,1.12,1.37
2017.09.15 03:48:24.602,0.97313,0.97337,1.50,1.12
2017.09.15 03:48:25.892,0.97312,0.97334,1.75,1.00
2017.09.15 03:48:26.146,0.97306,0.97329,2.81,1.50
2017.09.15 03:48:26.661,0.97306,0.97328,1.69,1.00
2017.09.15 03:48:27.168,0.97306,0.97329,1.19,1.00
2017.09.15 03:48:28.537,0.97306,0.97328,1.69,1.00
2017.09.15 03:48:29.895,0.97306,0.97329,1.69,1.00
2017.09.15 03:48:30.745,0.97307,0.9733,1.19,1.50
2017.09.15 03:48:31.100,0.97307,0.97328,1.69,1.00
2017.09.15 03:48:31.202,0.97308,0.9733,1.62,1.00
2017.09.15 03:48:31.749,0.97309,0.97329,1.12,1.00
2017.09.15 03:48:32.232,0.97306,0.97329,1.56,1.87
2017.09.15 03:48:32.752,0.97308,0.97331,1.12,1.37
2017.09.15 03:48:32.854,0.97308,0.97331,1.50,1.00
2017.09.15 03:48:32.956,0.9731,0.97331,1.19,1.00
2017.09.15 03:48:33.260,0.97314,0.97336,1.00,1.00
2017.09.15 03:48:33.770,0.97314,0.97336,1.50,1.00
2017.09.15 03:48:34.374,0.97316,0.97337,1.00,1.12
2017.09.15 03:48:34.905,0.97316,0.97337,1.37,1.00
2017.09.15 03:48:35.058,0.97315,0.97336,1.00,1.00
2017.09.15 03:48:35.570,0.97315,0.97337,1.69,1.00
2017.09.15 03:48:45.423,0.97315,0.97335,1.00,1.13
2017.09.15 03:48:45.745,0.97307,0.97329,3.19,1.12
2017.09.15 03:48:46.597,0.97307,0.9733,1.25,1.50
2017.09.15 03:48:47.257,0.97309,0.9733,1.00,1.12
2017.09.15 03:48:48.358,0.97308,0.97331,1.37,1.50
2017.09.15 03:48:48.754,0.97307,0.97329,1.69,1.12
2017.09.15 03:48:48.856,0.97307,0.9733,1.00,1.50
2017.09.15 03:48:49.360,0.97306,0.9733,1.31,1.50
2017.09.15 03:48:50.150,0.97306,0.97329,1.31,1.50
2017.09.15 03:48:50.758,0.97306,0.9733,1.31,1.50
2017.09.15 03:48:51.289,0.97306,0.97329,2.06,1.50
2017.09.15 03:48:53.650,0.97305,0.9733,2.81,1.50
2017.09.15 03:48:53.703,0.97308,0.9733,1.00,3.19
2017.09.15 03:48:54.108,0.97305,0.97328,1.69,1.12
2017.09.15 03:48:54.628,0.97305,0.97328,1.31,1.12
2017.09.15 03:48:54.835,0.97304,0.97324,1.50,1.00
2017.09.15 03:48:54.886,0.97304,0.97326,1.50,1.00
2017.09.15 03:48:54.937,0.97302,0.97322,1.94,1.00
2017.09.15 03:48:54.988,0.97304,0.97326,1.81,1.12
2017.09.15 03:48:55.064,0.97304,0.97327,1.94,1.37
2017.09.15 03:48:55.216,0.97305,0.97327,1.00,1.00
2017.09.15 03:48:55.405,0.97303,0.97328,1.69,3.56
2017.09.15 03:48:55.507,0.97303,0.97325,1.12,1.12
2017.09.15 03:48:56.018,0.97303,0.97324,1.12,1.00
2017.09.15 03:48:56.561,0.97304,0.97326,1.25,1.87
2017.09.15 03:48:56.614,0.97304,0.97324,1.00,1.00
2017.09.15 03:48:57.410,0.97303,0.97324,1.31,1.00
2017.09.15 03:48:57.718,0.97301,0.97323,1.31,1.87
2017.09.15 03:48:58.221,0.97301,0.97322,1.12,1.00
2017.09.15 03:48:58.554,0.97301,0.97322,1.50,1.00
2017.09.15 03:48:58.858,0.97305,0.97323,1.00,1.00
2017.09.15 03:48:59.080,0.97305,0.97326,1.00,1.00
2017.09.15 03:48:59.182,0.97306,0.97329,1.25,1.50
2017.09.15 03:48:59.750,0.97305,0.9733,1.25,2.25
2017.09.15 03:49:00.071,0.97306,0.97329,1.19,1.50
2017.09.15 03:49:00.324,0.97304,0.97326,3.19,1.00
2017.09.15 03:49:00.835,0.97304,0.97327,2.25,1.50
2017.09.15 03:49:01.109,0.97305,0.97327,1.19,1.50
2017.09.15 03:49:01.260,0.97306,0.9733,1.25,3.37
2017.09.15 03:49:01.881,0.97306,0.9733,1.69,3.37
2017.09.15 03:49:02.429,0.97307,0.97329,1.25,1.12
2017.09.15 03:49:03.751,0.97307,0.97328,1.25,1.00
2017.09.15 03:49:04.298,0.97306,0.97328,1.69,1.00
2017.09.15 03:49:05.142,0.97307,0.97328,1.25,1.00
2017.09.15 03:49:05.295,0.97307,0.97326,1.25,1.00
2017.09.15 03:49:05.543,0.97307,0.97328,1.00,1.00
2017.09.15 03:49:05.644,0.97306,0.97325,1.00,1.00
2017.09.15 03:49:05.746,0.97303,0.97324,2.44,1.00
2017.09.15 03:49:05.847,0.97301,0.97321,1.62,1.00
2017.09.15 03:49:05.999,0.97299,0.97321,2.44,1.00
2017.09.15 03:49:06.203,0.97302,0.97321,1.00,1.00
2017.09.15 03:49:08.361,0.97301,0.97322,1.50,1.00
2017.09.15 03:49:08.947,0.97302,0.97323,1.12,1.00
2017.09.15 03:49:10.044,0.97296,0.97318,1.75,1.00
2017.09.15 03:49:10.145,0.97294,0.97316,1.19,1.00
2017.09.15 03:49:11.047,0.97293,0.97316,1.50,1.50
2017.09.15 03:49:11.747,0.97295,0.97316,1.00,1.00
2017.09.15 03:49:12.620,0.97294,0.97315,1.00,1.00
2017.09.15 03:49:13.156,0.97293,0.97314,1.00,1.00
2017.09.15 03:49:13.701,0.97292,0.97314,1.12,1.00
2017.09.15 03:49:14.286,0.97293,0.97315,1.00,1.00
2017.09.15 03:49:15.089,0.97293,0.97314,1.00,1.00
2017.09.15 03:49:15.751,0.97292,0.97315,1.12,1.00
2017.09.15 03:49:16.841,0.97293,0.97315,1.00,1.00
2017.09.15 03:49:17.434,0.97292,0.97315,1.12,1.00
2017.09.15 03:49:18.090,0.97297,0.97315,1.00,1.00
2017.09.15 03:49:18.214,0.97299,0.97318,1.12,1.12
2017.09.15 03:49:18.268,0.97299,0.97323,2.81,1.00
2017.09.15 03:49:18.319,0.97302,0.97323,1.00,1.00
2017.09.15 03:49:18.475,0.973,0.97322,1.31,1.00
2017.09.15 03:49:18.526,0.973,0.97323,1.69,1.12
2017.09.15 03:49:18.781,0.97306,0.97328,1.12,1.69
2017.09.15 03:49:18.833,0.97308,0.97329,1.00,1.31
2017.09.15 03:49:19.377,0.97307,0.97328,1.37,1.25
2017.09.15 03:49:19.580,0.97304,0.97325,1.50,1.87
2017.09.15 03:49:19.682,0.97301,0.97325,1.37,1.37
2017.09.15 03:49:19.884,0.97298,0.97321,2.00,1.00
2017.09.15 03:49:20.089,0.97297,0.97319,1.12,2.06
2017.09.15 03:49:20.700,0.97296,0.97319,2.25,1.00
2017.09.15 03:49:21.364,0.97297,0.97319,1.12,1.87
2017.09.15 03:49:22.075,0.97297,0.97319,1.12,1.69
2017.09.15 03:49:22.581,0.97298,0.97321,1.00,2.06
2017.09.15 03:49:23.274,0.97297,0.97322,1.31,2.06
2017.09.15 03:49:23.824,0.97298,0.97321,1.25,2.06
2017.09.15 03:49:24.596,0.97298,0.97321,1.50,1.50
2017.09.15 03:49:24.748,0.97302,0.97324,1.00,2.25
2017.09.15 03:49:24.901,0.97304,0.97326,2.44,1.00
2017.09.15 03:49:25.002,0.97304,0.97326,1.00,1.87
2017.09.15 03:49:26.067,0.97304,0.97324,1.00,1.00
2017.09.15 03:49:26.709,0.97304,0.97325,1.00,1.12
2017.09.15 03:49:27.435,0.97304,0.97326,1.87,1.25
2017.09.15 03:49:29.249,0.97304,0.97328,1.12,2.63
2017.09.15 03:49:32.819,0.97305,0.97328,1.50,2.25
2017.09.15 03:49:32.870,0.97308,0.97328,1.50,1.50
2017.09.15 03:49:32.921,0.97308,0.97329,1.50,1.00
2017.09.15 03:49:32.972,0.97309,0.97331,1.00,1.00
2017.09.15 03:49:33.124,0.9731,0.97332,1.37,1.00
2017.09.15 03:49:33.220,0.97309,0.97332,2.62,1.50
2017.09.15 03:49:33.741,0.97309,0.9733,1.12,1.00
2017.09.15 03:49:34.309,0.97309,0.97331,1.12,1.12
2017.09.15 03:49:37.038,0.97307,0.9733,1.75,1.63
2017.09.15 03:49:37.357,0.97303,0.97323,1.00,1.00
2017.09.15 03:49:37.738,0.973,0.97324,2.25,1.00
2017.09.15 03:49:38.239,0.97301,0.97324,1.00,1.25
2017.09.15 03:49:38.754,0.973,0.97324,2.25,1.25
2017.09.15 03:49:39.359,0.97301,0.97324,1.00,1.25
2017.09.15 03:49:39.895,0.97301,0.97322,1.00,1.00
2017.09.15 03:49:40.589,0.97301,0.97323,1.50,1.25
2017.09.15 03:49:41.248,0.97301,0.97324,1.50,1.00
2017.09.15 03:49:42.377,0.973,0.97325,2.25,2.25
2017.09.15 03:49:42.690,0.97303,0.97327,1.12,2.06
2017.09.15 03:49:43.528,0.97304,0.97326,1.00,1.25
2017.09.15 03:49:44.931,0.97307,0.97328,1.12,2.25
2017.09.15 03:49:45.262,0.97308,0.97331,1.69,1.50
2017.09.15 03:49:47.748,0.97308,0.97331,1.69,1.50
2017.09.15 03:49:47.849,0.97311,0.97332,1.25,1.00
2017.09.15 03:49:48.401,0.9731,0.97333,1.69,1.00
2017.09.15 03:49:48.930,0.97311,0.97333,1.00,1.50
2017.09.15 03:49:49.579,0.9731,0.97333,1.50,1.00
2017.09.15 03:49:50.908,0.97311,0.97333,1.00,1.00
2017.09.15 03:49:51.600,0.97311,0.97333,1.00,2.44
2017.09.15 03:49:52.549,0.9731,0.97333,1.00,1.31
2017.09.15 03:49:53.071,0.97311,0.97333,1.00,2.63
2017.09.15 03:49:55.965,0.9731,0.97333,1.00,1.50
2017.09.15 03:49:56.500,0.9731,0.97332,1.00,1.00
2017.09.15 03:49:57.005,0.97311,0.97332,1.00,1.31
2017.09.15 03:49:57.509,0.9731,0.97332,1.00,1.00
2017.09.15 03:49:58.388,0.9731,0.97333,1.50,1.12
2017.09.15 03:49:59.580,0.97311,0.97333,1.00,2.63
2017.09.15 03:50:00.207,0.97311,0.97331,1.00,1.00
2017.09.15 03:50:00.903,0.97311,0.97333,1.00,2.63
2017.09.15 03:50:01.574,0.97311,0.97331,1.00,1.00
2017.09.15 03:50:02.268,0.9731,0.97331,1.00,1.00
2017.09.15 03:50:02.835,0.97311,0.97331,1.00,1.00
2017.09.15 03:50:03.363,0.97312,0.97335,1.00,2.06
2017.09.15 03:50:03.515,0.97308,0.97331,4.12,1.31
2017.09.15 03:50:03.565,0.97308,0.9733,2.25,1.25
2017.09.15 03:50:03.667,0.97308,0.9733,1.12,1.31
2017.09.15 03:50:03.718,0.97308,0.97327,1.12,1.00
2017.09.15 03:50:04.257,0.97307,0.97328,1.50,1.00
2017.09.15 03:50:05.113,0.97305,0.97327,1.75,1.00
2017.09.15 03:50:05.296,0.97305,0.97327,1.12,1.00
2017.09.15 03:50:05.952,0.97306,0.97326,1.00,1.00
2017.09.15 03:50:06.476,0.97306,0.97327,1.00,1.25
2017.09.15 03:50:07.023,0.97304,0.97327,1.50,1.00
2017.09.15 03:50:07.556,0.97303,0.97326,2.62,1.12
2017.09.15 03:50:07.900,0.97305,0.97327,1.50,1.00
2017.09.15 03:50:08.932,0.97306,0.97329,1.12,1.50
2017.09.15 03:50:09.277,0.97308,0.97329,1.12,1.00
2017.09.15 03:50:10.874,0.97306,0.97328,1.37,1.00
2017.09.15 03:50:10.925,0.97306,0.97328,1.12,1.12
2017.09.15 03:50:11.434,0.97304,0.97327,2.25,1.00
2017.09.15 03:50:13.350,0.97305,0.97328,1.37,1.12
2017.09.15 03:50:15.146,0.97304,0.97326,1.50,1.00
2017.09.15 03:50:15.197,0.97304,0.97326,1.00,1.00
2017.09.15 03:50:15.718,0.97303,0.97325,1.00,1.50
2017.09.15 03:50:15.903,0.97301,0.97323,1.31,1.50
2017.09.15 03:50:16.155,0.97301,0.97325,2.44,1.00
2017.09.15 03:50:16.307,0.97299,0.97324,3.37,1.50
2017.09.15 03:50:16.409,0.973,0.97324,1.12,2.25
2017.09.15 03:50:16.953,0.973,0.97324,1.87,1.50
2017.09.15 03:50:17.404,0.973,0.97324,2.44,1.50
2017.09.15 03:50:17.858,0.97304,0.97325,1.00,1.00
2017.09.15 03:50:17.909,0.97305,0.97328,1.00,1.69
2017.09.15 03:50:18.011,0.97306,0.97328,1.50,1.00
2017.09.15 03:50:18.729,0.97306,0.97328,1.31,1.00
2017.09.15 03:50:19.350,0.97305,0.97328,1.00,1.00
2017.09.15 03:50:19.945,0.97305,0.97328,1.31,1.00
2017.09.15 03:50:20.451,0.97306,0.97329,1.50,2.25
2017.09.15 03:50:22.123,0.97306,0.97329,1.31,1.12
2017.09.15 03:50:22.679,0.97306,0.97329,2.06,1.87
2017.09.15 03:50:22.959,0.97306,0.97329,1.87,1.12
2017.09.15 03:50:23.502,0.97306,0.97329,2.25,1.12
2017.09.15 03:50:24.158,0.97306,0.97329,1.25,1.12
2017.09.15 03:50:24.799,0.97306,0.97329,2.81,1.87
2017.09.15 03:50:31.228,0.97306,0.9733,1.12,2.25
2017.09.15 03:50:32.184,0.97306,0.97327,1.12,1.00
2017.09.15 03:50:32.235,0.97303,0.97327,1.50,1.50
2017.09.15 03:50:32.866,0.97303,0.97327,1.69,1.50
2017.09.15 03:50:33.182,0.97306,0.97327,1.00,1.00
2017.09.15 03:50:33.691,0.97306,0.97328,1.87,1.12
2017.09.15 03:50:34.634,0.97306,0.97329,1.31,1.50
2017.09.15 03:50:37.026,0.97306,0.97328,1.87,1.12
2017.09.15 03:50:37.561,0.97306,0.97329,1.31,1.50
2017.09.15 03:50:38.755,0.97306,0.97328,1.87,1.12
2017.09.15 03:50:39.228,0.97309,0.97328,1.00,1.12
2017.09.15 03:50:39.978,0.97309,0.9733,1.12,1.00
2017.09.15 03:50:40.517,0.97309,0.97331,1.12,1.87
2017.09.15 03:50:41.040,0.97309,0.9733,1.25,1.50
2017.09.15 03:50:41.860,0.97309,0.97327,1.25,1.00
2017.09.15 03:50:41.962,0.97304,0.97327,3.75,1.12
2017.09.15 03:50:42.515,0.97307,0.97328,1.00,1.12
2017.09.15 03:50:43.210,0.97307,0.97327,1.50,1.00
2017.09.15 03:50:43.838,0.97307,0.97328,1.00,1.12
2017.09.15 03:50:44.814,0.97307,0.97327,1.12,1.00
2017.09.15 03:50:45.327,0.97307,0.9733,1.87,1.75
2017.09.15 03:50:45.378,0.97307,0.9733,2.25,1.87
2017.09.15 03:50:47.370,0.97306,0.97331,3.75,1.87
2017.09.15 03:50:47.949,0.97307,0.9733,1.75,1.00
2017.09.15 03:50:48.242,0.97306,0.97327,1.00,1.00
2017.09.15 03:50:48.545,0.97302,0.97322,1.12,1.00
2017.09.15 03:50:48.798,0.973,0.97323,1.00,1.50
2017.09.15 03:50:49.311,0.97299,0.97322,2.62,1.12
2017.09.15 03:50:50.565,0.97301,0.97324,1.50,1.37
2017.09.15 03:50:50.616,0.97301,0.97324,1.87,1.87
2017.09.15 03:50:51.664,0.97301,0.97324,1.87,1.87
2017.09.15 03:50:51.971,0.97301,0.97324,1.87,1.87
2017.09.15 03:50:52.275,0.97309,0.97329,1.00,1.12
2017.09.15 03:50:54.074,0.97308,0.9733,1.00,1.37
2017.09.15 03:50:55.113,0.97309,0.97329,1.00,1.12
2017.09.15 03:50:56.768,0.97307,0.9733,1.12,1.12
2017.09.15 03:50:58.569,0.97307,0.97328,1.12,1.00
2017.09.15 03:50:59.083,0.97307,0.97329,1.50,1.12
2017.09.15 03:51:00.732,0.97309,0.97332,2.44,2.25
2017.09.15 03:51:01.299,0.97309,0.97332,2.44,1.87
2017.09.15 03:51:01.688,0.97309,0.9733,1.25,1.12
2017.09.15 03:51:07.353,0.97309,0.97333,1.12,1.69
2017.09.15 03:51:13.234,0.9731,0.97333,1.00,1.69
2017.09.15 03:51:15.160,0.9731,0.9733,1.00,1.00
2017.09.15 03:51:15.981,0.97313,0.97336,1.87,3.37
2017.09.15 03:51:16.083,0.97314,0.97336,1.00,1.50
2017.09.15 03:51:16.134,0.97314,0.97336,1.00,1.12
2017.09.15 03:51:20.144,0.97315,0.97336,1.00,1.12
2017.09.15 03:51:20.246,0.97316,0.97338,1.00,1.00
2017.09.15 03:51:20.864,0.97316,0.97339,1.00,1.88
2017.09.15 03:51:21.514,0.97315,0.97339,2.25,1.00
2017.09.15 03:51:22.346,0.97316,0.97339,1.00,2.25
2017.09.15 03:51:22.882,0.97318,0.9734,1.25,1.00
2017.09.15 03:51:23.085,0.97319,0.97342,1.12,1.00
2017.09.15 03:51:23.238,0.97319,0.97339,1.00,1.25
2017.09.15 03:51:23.576,0.9731,0.97333,4.87,1.44
2017.09.15 03:51:23.628,0.9731,0.97332,1.87,1.13
2017.09.15 03:51:23.679,0.97309,0.97332,1.87,1.00
2017.09.15 03:51:24.133,0.97308,0.9733,1.50,1.00
2017.09.15 03:51:24.235,0.97307,0.97329,2.25,1.00
2017.09.15 03:51:24.337,0.97307,0.97327,1.25,1.00
2017.09.15 03:51:24.437,0.97305,0.97329,1.87,1.87
2017.09.15 03:51:24.539,0.97307,0.97328,1.00,1.50
2017.09.15 03:51:24.641,0.97307,0.97329,1.00,1.12
2017.09.15 03:51:25.441,0.97311,0.97332,1.00,1.00
2017.09.15 03:51:25.745,0.97314,0.97335,1.00,1.37
2017.09.15 03:51:26.362,0.97313,0.97336,1.50,1.50
2017.09.15 03:51:26.699,0.9731,0.97331,1.87,1.00
2017.09.15 03:51:27.205,0.9731,0.9733,1.00,1.00
2017.09.15 03:51:27.785,0.97309,0.97331,1.00,1.50
2017.09.15 03:51:28.089,0.97308,0.97327,1.00,1.00
2017.09.15 03:51:28.226,0.97306,0.97328,1.25,1.50
2017.09.15 03:51:28.277,0.97308,0.97328,1.00,1.50
2017.09.15 03:51:28.379,0.97306,0.97327,1.31,1.00
2017.09.15 03:51:28.883,0.97306,0.97328,1.00,1.50
2017.09.15 03:51:29.447,0.97306,0.97329,2.44,1.50
2017.09.15 03:51:29.778,0.97307,0.97332,1.37,2.25
2017.09.15 03:51:30.389,0.97307,0.97332,2.25,2.63
2017.09.15 03:51:30.703,0.9731,0.9733,1.00,1.00
2017.09.15 03:51:30.956,0.97308,0.9733,1.12,1.00
2017.09.15 03:51:31.803,0.97308,0.97329,2.06,1.00
2017.09.15 03:51:31.854,0.97309,0.97331,1.00,1.87
2017.09.15 03:51:33.307,0.97309,0.9733,1.00,1.00
2017.09.15 03:51:34.124,0.97305,0.97326,2.25,1.50
2017.09.15 03:51:34.308,0.97304,0.97326,1.50,1.50
2017.09.15 03:51:35.044,0.97301,0.97321,2.62,1.31
2017.09.15 03:51:35.095,0.97299,0.9732,2.62,1.00
2017.09.15 03:51:35.196,0.97296,0.97318,2.62,1.00
2017.09.15 03:51:35.298,0.97296,0.97319,1.87,1.37
2017.09.15 03:51:35.816,0.97295,0.97319,2.06,2.25
2017.09.15 03:51:36.220,0.97297,0.9732,1.25,1.75
2017.09.15 03:51:36.474,0.97297,0.97321,1.62,1.87
2017.09.15 03:51:36.682,0.973,0.97322,1.00,2.25
2017.09.15 03:51:36.834,0.973,0.97322,1.12,1.87
2017.09.15 03:51:37.516,0.97301,0.97322,1.00,1.12
2017.09.15 03:51:37.567,0.97304,0.97322,1.00,1.12
2017.09.15 03:51:37.907,0.97301,0.97323,1.69,1.00
2017.09.15 03:51:38.453,0.97301,0.97324,2.44,1.12
2017.09.15 03:51:38.624,0.97304,0.97326,1.00,1.12
2017.09.15 03:51:39.081,0.97303,0.97328,2.44,3.00
2017.09.15 03:51:39.233,0.97307,0.97328,1.00,1.00
2017.09.15 03:51:39.453,0.97305,0.97328,1.69,1.12
2017.09.15 03:51:39.706,0.97305,0.97326,1.12,1.00
2017.09.15 03:51:40.213,0.97305,0.97328,1.87,1.50
2017.09.15 03:51:40.378,0.97305,0.97328,1.87,1.87
2017.09.15 03:51:40.833,0.97303,0.97327,1.00,1.50
2017.09.15 03:51:41.339,0.97304,0.97328,1.00,2.06
2017.09.15 03:51:41.484,0.97304,0.97328,1.50,1.12
2017.09.15 03:51:41.940,0.97303,0.97326,2.44,1.00
2017.09.15 03:51:42.244,0.97303,0.97325,1.00,1.25
2017.09.15 03:51:42.764,0.97302,0.97324,1.31,1.12
2017.09.15 03:51:43.296,0.973,0.97323,2.44,1.00
2017.09.15 03:51:43.932,0.97302,0.97325,1.12,2.81
2017.09.15 03:51:44.437,0.97302,0.97325,2.06,1.00
2017.09.15 03:51:46.185,0.97305,0.97326,1.00,1.12
2017.09.15 03:51:46.489,0.97307,0.97329,1.75,3.37
2017.09.15 03:51:46.641,0.97307,0.97329,2.62,1.50
2017.09.15 03:51:46.894,0.97309,0.97332,1.50,1.50
2017.09.15 03:51:47.112,0.97309,0.97329,1.00,1.00
2017.09.15 03:51:47.330,0.97309,0.97333,1.50,1.50
2017.09.15 03:51:47.381,0.97309,0.97333,1.50,1.69
2017.09.15 03:51:47.636,0.97307,0.97329,1.12,1.50
2017.09.15 03:51:47.940,0.97308,0.97329,1.00,1.38
2017.09.15 03:51:48.042,0.97307,0.9733,2.25,2.00
2017.09.15 03:51:48.562,0.97306,0.97331,3.00,3.00
2017.09.15 03:51:49.125,0.97308,0.9733,1.12,1.44
2017.09.15 03:51:49.474,0.97308,0.97331,1.87,1.87
2017.09.15 03:51:50.194,0.97309,0.97331,1.00,2.44
2017.09.15 03:51:52.553,0.97308,0.97331,1.87,1.31
2017.09.15 03:51:52.811,0.97309,0.97331,1.00,2.44
2017.09.15 03:51:52.861,0.97309,0.97331,1.00,2.44
2017.09.15 03:51:53.534,0.97308,0.97331,1.12,1.87
2017.09.15 03:51:54.074,0.97309,0.97331,1.00,2.25
2017.09.15 03:51:54.641,0.97308,0.97331,1.12,1.31
2017.09.15 03:51:54.913,0.97306,0.97329,3.00,1.25
2017.09.15 03:51:55.014,0.97306,0.97329,2.62,1.31
2017.09.15 03:51:55.717,0.97307,0.97329,1.00,1.12
2017.09.15 03:51:58.291,0.97306,0.97329,2.06,1.12
2017.09.15 03:51:59.338,0.97308,0.97329,1.00,1.12
2017.09.15 03:51:59.541,0.97304,0.97326,1.69,1.00
2017.09.15 03:52:00.076,0.97304,0.97325,1.00,1.12
2017.09.15 03:52:00.244,0.97304,0.97327,1.50,1.00
2017.09.15 03:52:00.759,0.97305,0.97328,1.00,2.25
2017.09.15 03:52:01.291,0.97305,0.97327,1.12,1.00
2017.09.15 03:52:02.273,0.97305,0.97328,1.25,2.25
2017.09.15 03:52:02.825,0.97304,0.97327,3.75,1.00
2017.09.15 03:52:03.351,0.97305,0.97327,1.12,1.00
2017.09.15 03:52:03.617,0.97305,0.97327,1.00,1.00
2017.09.15 03:52:05.152,0.97304,0.97328,2.25,1.50
2017.09.15 03:52:05.653,0.97304,0.97327,1.69,1.00
2017.09.15 03:52:06.225,0.97306,0.97328,1.00,1.50
2017.09.15 03:52:06.825,0.97305,0.97328,1.50,1.00
2017.09.15 03:52:07.399,0.97306,0.97328,1.00,1.50
2017.09.15 03:52:09.392,0.97306,0.97327,1.00,1.00
2017.09.15 03:52:10.141,0.97305,0.97327,2.25,1.00
2017.09.15 03:52:11.168,0.97306,0.97327,1.00,1.00
2017.09.15 03:52:11.747,0.97305,0.97328,2.25,1.00
2017.09.15 03:52:13.559,0.97305,0.97326,2.25,1.00
2017.09.15 03:52:13.863,0.97299,0.97323,2.25,1.12
2017.09.15 03:52:13.963,0.97299,0.97322,3.37,1.00
2017.09.15 03:52:14.120,0.97299,0.97322,1.50,2.63
2017.09.15 03:52:14.660,0.97299,0.97322,1.87,1.88
2017.09.15 03:52:15.388,0.97299,0.97323,1.37,1.88
2017.09.15 03:52:15.959,0.97299,0.97321,1.00,1.50
2017.09.15 03:52:16.497,0.97298,0.97321,1.87,1.12
2017.09.15 03:52:17.070,0.97299,0.97322,1.00,2.25
2017.09.15 03:52:17.769,0.97298,0.97323,1.87,2.81
2017.09.15 03:52:18.274,0.97299,0.97322,1.00,1.50
2017.09.15 03:52:18.427,0.97303,0.97326,1.00,3.56
2017.09.15 03:52:18.529,0.97303,0.97326,1.12,3.00
2017.09.15 03:52:19.048,0.97302,0.97327,2.44,1.50
2017.09.15 03:52:19.623,0.97304,0.97325,1.00,1.00
2017.09.15 03:52:19.725,0.97306,0.97327,1.00,2.25
2017.09.15 03:52:20.141,0.97309,0.97329,1.00,1.87
2017.09.15 03:52:20.254,0.97306,0.97329,1.87,1.00
2017.09.15 03:52:20.305,0.97307,0.97329,2.25,1.00
2017.09.15 03:52:20.814,0.97307,0.97328,1.12,1.00
2017.09.15 03:52:21.387,0.97307,0.9733,1.87,2.25
2017.09.15 03:52:22.349,0.97307,0.97327,1.87,1.00
2017.09.15 03:52:22.501,0.97309,0.9733,1.00,1.12
2017.09.15 03:52:22.551,0.97313,0.97333,1.00,1.75
2017.09.15 03:52:22.703,0.97311,0.97333,2.25,1.00
2017.09.15 03:52:22.855,0.97308,0.9733,1.75,1.50
2017.09.15 03:52:22.957,0.97307,0.9733,1.75,2.63
2017.09.15 03:52:23.160,0.97304,0.97328,2.00,1.50
2017.09.15 03:52:23.211,0.97304,0.97328,1.62,1.50
2017.09.15 03:52:23.463,0.97304,0.97328,2.06,1.87
2017.09.15 03:52:23.716,0.97303,0.97325,1.50,1.87
2017.09.15 03:52:24.321,0.97303,0.97324,1.12,1.00
2017.09.15 03:52:24.939,0.97303,0.97323,1.12,1.00
2017.09.15 03:52:25.735,0.97303,0.97324,1.12,1.00
2017.09.15 03:52:26.067,0.97305,0.97326,1.00,1.37
2017.09.15 03:52:26.572,0.97304,0.97325,1.12,1.00
2017.09.15 03:52:27.406,0.97303,0.97324,2.62,1.00
2017.09.15 03:52:27.714,0.97301,0.97323,1.00,1.00
2017.09.15 03:52:28.215,0.97301,0.97324,1.87,1.50
2017.09.15 03:52:28.716,0.97301,0.97324,1.87,1.50
2017.09.15 03:52:30.039,0.97302,0.97325,1.00,1.12
2017.09.15 03:52:30.395,0.97304,0.97327,1.25,3.19
2017.09.15 03:52:30.918,0.97303,0.97324,1.00,1.12
2017.09.15 03:52:31.457,0.97303,0.97325,1.12,1.50
2017.09.15 03:52:32.989,0.97301,0.97321,1.50,1.00
2017.09.15 03:52:33.204,0.97298,0.9732,1.00,2.62
2017.09.15 03:52:33.609,0.97296,0.9732,1.50,2.25
2017.09.15 03:52:34.763,0.97295,0.97319,1.87,1.50
2017.09.15 03:52:35.279,0.97296,0.97319,1.50,1.50
2017.09.15 03:52:35.549,0.97297,0.97321,1.37,1.12
2017.09.15 03:52:36.064,0.97298,0.9732,1.12,1.00
2017.09.15 03:52:44.475,0.97298,0.9732,1.87,1.19
2017.09.15 03:52:45.010,0.97298,0.97322,1.12,3.00
2017.09.15 03:52:46.504,0.97298,0.9732,1.87,1.44
2017.09.15 03:52:46.656,0.97296,0.97319,1.87,1.62
2017.09.15 03:52:46.858,0.97298,0.9732,1.00,1.87
2017.09.15 03:52:47.438,0.97298,0.97321,1.00,1.87
2017.09.15 03:52:47.967,0.97298,0.97321,1.00,1.12
2017.09.15 03:52:48.488,0.97297,0.9732,1.50,1.25
2017.09.15 03:52:49.034,0.97297,0.97321,1.00,1.31
2017.09.15 03:52:49.424,0.97296,0.97317,1.12,1.00
2017.09.15 03:52:49.627,0.97296,0.97319,1.12,1.25
2017.09.15 03:52:49.932,0.97296,0.97318,1.00,1.69
2017.09.15 03:52:50.438,0.97296,0.97318,1.00,1.12
2017.09.15 03:52:50.955,0.97295,0.97319,1.12,2.06
2017.09.15 03:52:51.258,0.97298,0.97319,1.00,2.06
2017.09.15 03:52:52.211,0.97298,0.9732,1.12,1.69
2017.09.15 03:52:53.729,0.97297,0.97321,1.50,2.62
2017.09.15 03:52:54.482,0.97297,0.97319,1.00,1.69
2017.09.15 03:52:54.785,0.97297,0.97317,1.00,1.00
2017.09.15 03:52:55.776,0.97297,0.97318,1.00,1.50
2017.09.15 03:52:56.290,0.97297,0.97319,1.87,1.12
2017.09.15 03:52:56.593,0.97294,0.97316,1.75,1.13
2017.09.15 03:52:56.695,0.97294,0.97316,1.50,1.12
2017.09.15 03:52:56.746,0.97296,0.97319,1.00,2.62
2017.09.15 03:52:57.171,0.97297,0.97318,1.00,1.25
2017.09.15 03:52:57.677,0.97296,0.97318,1.12,1.00
2017.09.15 03:52:58.241,0.97296,0.97319,1.87,1.50
2017.09.15 03:52:59.353,0.97299,0.97321,1.00,2.06
2017.09.15 03:52:59.576,0.97299,0.97321,1.12,1.25
2017.09.15 03:52:59.880,0.97299,0.9732,1.12,1.31
2017.09.15 03:53:00.413,0.97298,0.9732,1.37,1.25
2017.09.15 03:53:00.954,0.97299,0.9732,1.12,1.44
2017.09.15 03:53:01.470,0.97298,0.9732,1.37,1.12
2017.09.15 03:53:03.001,0.97299,0.9732,1.12,1.44
2017.09.15 03:53:04.776,0.97298,0.97321,1.37,1.00
2017.09.15 03:53:05.321,0.973,0.97322,1.00,1.31
2017.09.15 03:53:06.827,0.973,0.9732,1.00,1.00
2017.09.15 03:53:08.355,0.97299,0.9732,1.50,1.00
2017.09.15 03:53:08.844,0.97302,0.9732,1.00,1.00
2017.09.15 03:53:09.240,0.97299,0.97321,1.25,1.00
2017.09.15 03:53:09.342,0.97298,0.9732,1.00,1.50
2017.09.15 03:53:09.878,0.97297,0.97319,1.87,1.12
2017.09.15 03:53:10.188,0.97297,0.97317,1.12,1.00
2017.09.15 03:53:12.600,0.97295,0.97316,1.00,1.00
2017.09.15 03:53:13.139,0.97294,0.97315,1.25,1.00
2017.09.15 03:53:13.470,0.97301,0.97319,1.00,1.37
2017.09.15 03:53:13.521,0.97304,0.97326,1.00,2.81
2017.09.15 03:53:13.673,0.973,0.97321,1.37,1.00
2017.09.15 03:53:13.724,0.973,0.97321,1.00,1.12
2017.09.15 03:53:14.252,0.973,0.97322,1.12,1.12
2017.09.15 03:53:15.679,0.973,0.97321,1.12,1.00
2017.09.15 03:53:16.212,0.97299,0.97322,2.25,1.12
2017.09.15 03:53:17.730,0.97301,0.97323,1.25,1.50
2017.09.15 03:53:17.832,0.97301,0.97324,1.50,1.12
2017.09.15 03:53:29.984,0.97301,0.97324,2.06,2.62
2017.09.15 03:53:30.085,0.97301,0.97321,1.12,1.00
2017.09.15 03:53:30.402,0.97298,0.9732,1.00,1.00
2017.09.15 03:53:31.014,0.97298,0.97321,1.00,2.25
2017.09.15 03:53:32.232,0.97298,0.9732,1.00,1.00
2017.09.15 03:53:32.536,0.97301,0.97322,1.00,1.12
2017.09.15 03:53:33.308,0.97299,0.9732,1.75,2.00
2017.09.15 03:53:33.416,0.97297,0.97319,2.25,1.75
2017.09.15 03:53:33.568,0.97296,0.97318,1.37,1.87
2017.09.15 03:53:34.132,0.97296,0.97318,1.87,1.00
2017.09.15 03:53:34.679,0.97297,0.97317,1.00,1.25
2017.09.15 03:53:35.089,0.97297,0.97314,1.00,1.00
2017.09.15 03:53:35.857,0.97295,0.97314,1.50,1.00
2017.09.15 03:53:36.360,0.97295,0.97315,1.00,1.00
2017.09.15 03:53:36.958,0.97295,0.97314,1.00,1.00
2017.09.15 03:53:37.566,0.97294,0.97314,2.25,1.00
2017.09.15 03:53:37.921,0.9729,0.97313,3.00,1.00
2017.09.15 03:53:38.083,0.97292,0.97315,1.37,1.12
2017.09.15 03:53:38.335,0.97295,0.97315,1.00,1.50
2017.09.15 03:53:38.689,0.97294,0.97316,1.50,1.00
2017.09.15 03:53:38.893,0.97296,0.97318,1.50,1.62
2017.09.15 03:53:39.044,0.97297,0.97319,1.00,1.00
2017.09.15 03:53:39.599,0.97298,0.97319,1.12,1.00
2017.09.15 03:53:40.248,0.97298,0.9732,1.12,1.12
2017.09.15 03:53:40.918,0.97298,0.97319,1.12,1.50
2017.09.15 03:53:49.036,0.97296,0.97319,1.69,1.00
2017.09.15 03:53:49.340,0.97295,0.9732,2.25,3.00
2017.09.15 03:53:49.871,0.97296,0.97319,1.00,1.69
2017.09.15 03:53:54.162,0.97296,0.97319,1.00,2.44
2017.09.15 03:53:55.617,0.97295,0.97319,1.50,1.12
2017.09.15 03:53:56.305,0.97296,0.97319,1.00,2.06
2017.09.15 03:53:56.508,0.97295,0.97319,1.50,1.12
2017.09.15 03:53:57.022,0.97296,0.97319,1.00,2.44
2017.09.15 03:53:59.022,0.97295,0.97319,1.50,1.12
2017.09.15 03:53:59.549,0.97296,0.97319,1.00,2.44
2017.09.15 03:54:01.708,0.97295,0.97319,1.50,1.12
2017.09.15 03:54:02.324,0.97296,0.97319,1.00,2.44
2017.09.15 03:54:05.801,0.97297,0.97319,1.00,2.44
2017.09.15 03:54:06.345,0.97297,0.9732,1.31,1.00
2017.09.15 03:54:06.446,0.97301,0.97321,1.00,1.50
2017.09.15 03:54:07.045,0.973,0.97322,1.50,1.50
2017.09.15 03:54:08.190,0.97299,0.97322,1.12,2.06
2017.09.15 03:54:08.242,0.97296,0.97318,1.75,1.00
2017.09.15 03:54:08.395,0.97291,0.97313,1.50,1.25
2017.09.15 03:54:08.496,0.9729,0.97313,2.81,1.25
2017.09.15 03:54:08.800,0.97292,0.97313,1.00,1.00
2017.09.15 03:54:09.111,0.97291,0.97311,1.00,1.00
2017.09.15 03:54:09.897,0.97291,0.97312,1.00,2.25
2017.09.15 03:54:10.250,0.97288,0.97308,1.00,1.12
2017.09.15 03:54:10.500,0.97285,0.97307,1.00,1.87
2017.09.15 03:54:11.091,0.97285,0.97307,1.00,2.81
2017.09.15 03:54:11.775,0.97284,0.97307,1.87,2.81
2017.09.15 03:54:12.290,0.97285,0.97308,1.00,2.62
2017.09.15 03:54:12.885,0.97286,0.97308,1.00,2.62
2017.09.15 03:54:14.197,0.97284,0.97307,2.62,1.69
2017.09.15 03:54:14.651,0.97286,0.97308,1.00,2.44
2017.09.15 03:54:15.007,0.97284,0.97305,1.00,1.12
2017.09.15 03:54:16.884,0.97284,0.97305,1.69,1.12
2017.09.15 03:54:16.986,0.97286,0.97307,1.00,1.12
2017.09.15 03:54:17.533,0.97284,0.97307,2.81,1.12
2017.09.15 03:54:18.039,0.97286,0.97306,1.00,1.12
2017.09.15 03:54:23.382,0.97285,0.97306,1.31,1.12
2017.09.15 03:54:23.519,0.97287,0.9731,2.44,1.75
2017.09.15 03:54:23.620,0.97289,0.97312,1.50,1.94
2017.09.15 03:54:23.722,0.97289,0.97312,1.87,1.31
2017.09.15 03:54:24.367,0.97289,0.97312,2.25,1.12
2017.09.15 03:54:24.580,0.97291,0.97313,1.00,1.56
2017.09.15 03:54:24.833,0.97289,0.97312,1.12,2.06
2017.09.15 03:54:25.358,0.97288,0.97312,1.87,1.12
2017.09.15 03:54:26.093,0.97291,0.97312,1.00,1.50
2017.09.15 03:54:26.396,0.97293,0.97315,1.25,1.62
2017.09.15 03:54:26.447,0.97292,0.97316,1.87,1.62
2017.09.15 03:54:27.262,0.97293,0.97314,1.31,1.00
2017.09.15 03:54:28.050,0.97293,0.97316,2.62,1.12
2017.09.15 03:54:28.101,0.97295,0.97316,1.00,1.87
2017.09.15 03:54:29.371,0.97293,0.97314,1.31,1.00
2017.09.15 03:54:29.422,0.97293,0.97316,2.06,2.06
2017.09.15 03:54:31.908,0.97292,0.97314,1.37,1.00
2017.09.15 03:54:32.518,0.97292,0.97314,1.00,1.12
2017.09.15 03:54:39.894,0.97294,0.97316,1.00,2.25
2017.09.15 03:54:39.944,0.97294,0.97316,1.87,2.06
2017.09.15 03:54:39.995,0.97297,0.97316,1.00,1.12
2017.09.15 03:54:40.046,0.97297,0.97319,1.00,1.31
2017.09.15 03:54:40.798,0.97296,0.9732,1.12,2.44
2017.09.15 03:54:41.370,0.97296,0.97319,1.87,1.69
2017.09.15 03:54:41.942,0.97296,0.97319,1.12,1.88
2017.09.15 03:54:43.266,0.97295,0.9732,1.50,2.63
2017.09.15 03:54:43.543,0.97296,0.97319,1.12,1.50
2017.09.15 03:54:43.715,0.97295,0.9732,1.50,2.63
2017.09.15 03:54:44.643,0.97296,0.97319,1.12,1.88
2017.09.15 03:54:46.023,0.97295,0.9732,1.50,2.81
2017.09.15 03:54:46.643,0.97296,0.97319,1.12,1.88
2017.09.15 03:54:47.144,0.97295,0.9732,1.50,2.81
2017.09.15 03:54:48.218,0.97296,0.97319,1.12,1.88
2017.09.15 03:54:49.031,0.97296,0.97316,1.12,1.13
2017.09.15 03:54:50.148,0.97295,0.97317,1.50,1.38
2017.09.15 03:54:50.778,0.97296,0.97316,1.12,1.13
2017.09.15 03:54:51.533,0.97295,0.97318,1.50,2.19
2017.09.15 03:54:52.946,0.97296,0.97317,1.12,1.13
2017.09.15 03:54:53.481,0.97295,0.97318,1.50,2.19
2017.09.15 03:54:55.140,0.97295,0.97318,1.50,1.31
2017.09.15 03:54:56.493,0.97296,0.97318,1.12,1.88
2017.09.15 03:54:57.142,0.97295,0.97318,1.50,1.50
2017.09.15 03:54:58.641,0.97296,0.97318,1.12,1.88
2017.09.15 03:55:00.371,0.97295,0.97318,1.50,1.31
2017.09.15 03:55:03.394,0.97296,0.97316,1.00,1.31
2017.09.15 03:55:03.937,0.97296,0.97315,1.00,1.00
2017.09.15 03:55:04.480,0.97295,0.97315,1.50,1.00
2017.09.15 03:55:05.139,0.97296,0.97315,1.00,1.00
2017.09.15 03:55:05.689,0.97295,0.97315,1.50,1.00
2017.09.15 03:55:09.159,0.97296,0.97315,1.00,1.00
2017.09.15 03:55:10.234,0.97295,0.97315,1.50,1.00
2017.09.15 03:55:10.784,0.97295,0.97317,1.50,1.88
2017.09.15 03:55:11.315,0.97296,0.97317,1.00,2.19
2017.09.15 03:55:15.222,0.97295,0.97316,1.50,1.12
2017.09.15 03:55:16.185,0.97296,0.97316,1.00,1.69
2017.09.15 03:55:17.090,0.97295,0.97316,1.50,1.12
2017.09.15 03:55:18.826,0.9729,0.97313,3.00,1.38
2017.09.15 03:55:18.877,0.97289,0.97311,1.12,1.88
2017.09.15 03:55:19.123,0.97292,0.97314,1.12,1.62
2017.09.15 03:55:19.174,0.97291,0.97314,1.37,1.00
2017.09.15 03:55:19.428,0.97292,0.97315,1.87,2.06
2017.09.15 03:55:19.953,0.97292,0.97314,2.25,1.00
2017.09.15 03:55:20.257,0.97287,0.97308,1.37,1.00
2017.09.15 03:55:20.603,0.97288,0.9731,1.12,2.25
2017.09.15 03:55:21.200,0.97287,0.97309,2.06,1.00
2017.09.15 03:55:24.037,0.97291,0.9731,1.12,1.00
2017.09.15 03:55:24.240,0.97289,0.9731,1.50,1.00
2017.09.15 03:55:24.977,0.97292,0.9731,1.00,1.00
2017.09.15 03:55:25.281,0.97295,0.97311,1.12,1.00
2017.09.15 03:55:25.592,0.97295,0.97313,1.12,1.00
2017.09.15 03:55:25.643,0.97288,0.97307,2.62,1.00
2017.09.15 03:55:25.745,0.97286,0.97308,1.12,1.00
2017.09.15 03:55:26.256,0.97287,0.97308,1.00,1.00
2017.09.15 03:55:27.352,0.97289,0.97308,1.00,1.00
2017.09.15 03:55:27.891,0.97289,0.9731,1.00,1.25
2017.09.15 03:55:27.993,0.97289,0.97308,1.00,1.00
2017.09.15 03:55:30.639,0.97287,0.97308,1.00,1.00
2017.09.15 03:55:30.817,0.97289,0.9731,1.00,1.87
2017.09.15 03:55:31.318,0.97288,0.9731,1.50,1.12
2017.09.15 03:55:31.842,0.97289,0.9731,1.12,1.44
2017.09.15 03:55:32.378,0.97289,0.9731,1.12,1.25
2017.09.15 03:55:36.276,0.97288,0.97311,1.50,1.25
2017.09.15 03:55:38.702,0.97288,0.9731,1.50,1.00
2017.09.15 03:55:41.463,0.97289,0.97311,1.12,1.69
2017.09.15 03:55:44.993,0.97289,0.9731,1.12,1.00
2017.09.15 03:55:45.494,0.97289,0.97309,1.12,1.00
2017.09.15 03:55:46.020,0.97289,0.9731,1.12,1.00
2017.09.15 03:55:47.475,0.97287,0.97309,1.50,1.12
2017.09.15 03:55:48.021,0.97287,0.97309,1.00,1.69
2017.09.15 03:55:48.553,0.97284,0.97305,1.31,1.00
2017.09.15 03:55:48.704,0.97286,0.97308,1.00,1.87
2017.09.15 03:55:49.210,0.97286,0.97308,1.00,1.00
2017.09.15 03:55:49.800,0.97285,0.97309,1.50,1.12
2017.09.15 03:55:50.305,0.97285,0.97307,2.44,1.12
2017.09.15 03:55:50.816,0.97285,0.97309,2.62,1.87
2017.09.15 03:55:50.931,0.97286,0.97307,1.00,1.63
2017.09.15 03:55:50.982,0.97284,0.97307,2.62,1.00
2017.09.15 03:55:51.487,0.97284,0.97308,2.62,2.25
2017.09.15 03:55:51.689,0.97286,0.97307,1.00,1.00
2017.09.15 03:55:52.198,0.97286,0.97308,1.00,3.00
2017.09.15 03:55:52.709,0.97286,0.97307,1.00,1.00
2017.09.15 03:55:53.219,0.97286,0.97308,1.00,2.25
2017.09.15 03:55:55.915,0.97286,0.97309,1.12,1.12
2017.09.15 03:55:56.443,0.97286,0.97308,1.87,1.00
2017.09.15 03:55:57.254,0.97286,0.97309,1.87,2.06
2017.09.15 03:55:57.733,0.97288,0.97309,1.00,2.06
2017.09.15 03:55:58.610,0.9729,0.97309,1.12,1.12
2017.09.15 03:55:59.113,0.9729,0.97309,1.12,1.44
2017.09.15 03:55:59.828,0.9729,0.97309,1.12,1.25
2017.09.15 03:56:00.696,0.97294,0.97314,1.00,2.25
2017.09.15 03:56:00.914,0.97291,0.97314,1.50,3.00
2017.09.15 03:56:01.496,0.9729,0.97314,1.50,1.87
2017.09.15 03:56:02.081,0.97288,0.97312,2.25,1.44
2017.09.15 03:56:02.279,0.97288,0.97312,1.37,2.25
2017.09.15 03:56:02.465,0.97289,0.97311,1.12,1.31
2017.09.15 03:56:03.154,0.9729,0.97311,1.00,1.50
2017.09.15 03:56:03.407,0.9729,0.97312,1.12,1.25
2017.09.15 03:56:03.984,0.97289,0.97314,2.25,2.25
2017.09.15 03:56:04.524,0.9729,0.97313,1.12,1.87
2017.09.15 03:56:05.279,0.97289,0.97314,2.25,3.56
2017.09.15 03:56:06.674,0.97289,0.97314,1.50,3.56
2017.09.15 03:56:19.343,0.97289,0.97314,1.50,3.19
2017.09.15 03:56:27.258,0.97289,0.97312,2.62,1.19
2017.09.15 03:56:28.041,0.97289,0.97312,1.50,1.31
2017.09.15 03:56:32.179,0.97288,0.97313,1.87,2.44
2017.09.15 03:56:32.544,0.97291,0.97313,1.37,1.00
2017.09.15 03:56:33.257,0.9729,0.97313,1.50,2.06
2017.09.15 03:56:44.940,0.97292,0.97315,1.00,1.50
2017.09.15 03:56:44.990,0.97292,0.97315,1.12,1.12
2017.09.15 03:56:45.532,0.97292,0.97316,1.25,2.25
2017.09.15 03:56:46.042,0.97292,0.97315,2.06,1.00
2017.09.15 03:56:46.574,0.97292,0.97316,1.25,2.25
2017.09.15 03:56:47.123,0.97292,0.97315,1.50,1.00
2017.09.15 03:56:50.269,0.97298,0.97316,1.00,1.00
2017.09.15 03:56:50.461,0.97298,0.97321,1.50,1.19
2017.09.15 03:56:50.672,0.97301,0.97323,1.12,2.81
2017.09.15 03:56:50.926,0.97295,0.97318,1.50,1.12
2017.09.15 03:56:50.977,0.97295,0.97316,1.50,1.00
2017.09.15 03:56:51.180,0.97295,0.97318,1.50,1.12
2017.09.15 03:56:51.688,0.97296,0.97318,1.00,1.00
2017.09.15 03:56:53.603,0.97297,0.97319,1.00,1.50
2017.09.15 03:56:54.149,0.97297,0.9732,1.12,1.31
2017.09.15 03:57:01.694,0.97297,0.9732,1.31,1.12
2017.09.15 03:57:02.233,0.97296,0.97321,2.44,2.25
2017.09.15 03:57:04.863,0.97297,0.9732,1.31,1.12
2017.09.15 03:57:05.474,0.97301,0.97321,1.00,1.50
2017.09.15 03:57:05.576,0.97301,0.97323,1.00,2.25
2017.09.15 03:57:05.678,0.973,0.97324,1.56,1.12
2017.09.15 03:57:09.196,0.97301,0.97323,2.25,1.00
2017.09.15 03:57:09.675,0.97299,0.97321,1.50,1.50
2017.09.15 03:57:09.901,0.97297,0.9732,1.12,1.50
2017.09.15 03:57:10.638,0.97296,0.9732,1.31,1.00
2017.09.15 03:57:12.123,0.97297,0.9732,1.25,1.50
2017.09.15 03:57:12.674,0.97296,0.9732,2.06,1.50
2017.09.15 03:57:13.768,0.97297,0.9732,1.25,1.50
2017.09.15 03:57:15.881,0.97296,0.9732,1.12,1.00
2017.09.15 03:57:16.660,0.97296,0.97321,2.06,1.87
2017.09.15 03:57:17.594,0.97298,0.97322,1.00,3.00
2017.09.15 03:57:18.199,0.97299,0.97321,1.00,1.25
2017.09.15 03:57:18.747,0.97298,0.97322,1.12,2.81
2017.09.15 03:57:19.293,0.97298,0.97321,1.12,1.00
2017.09.15 03:57:19.945,0.97299,0.97321,1.00,1.50
2017.09.15 03:57:21.572,0.97298,0.97321,1.12,1.00
2017.09.15 03:57:22.275,0.97298,0.97322,1.12,1.87
2017.09.15 03:57:22.934,0.97299,0.97321,1.00,1.00
2017.09.15 03:57:25.283,0.97296,0.97319,2.44,1.00
2017.09.15 03:57:25.435,0.97295,0.97318,1.12,1.12
2017.09.15 03:57:33.348,0.97298,0.97318,1.00,1.12
2017.09.15 03:57:33.449,0.97296,0.97321,2.62,1.50
2017.09.15 03:57:33.551,0.97294,0.97318,2.19,1.00
2017.09.15 03:57:33.652,0.97294,0.97318,1.87,1.50
2017.09.15 03:57:33.804,0.97295,0.97317,1.81,1.12
2017.09.15 03:57:34.341,0.97295,0.97319,1.31,1.75
2017.09.15 03:57:34.852,0.97295,0.97319,1.31,2.25
2017.09.15 03:57:35.876,0.97296,0.97318,1.31,1.50
2017.09.15 03:57:36.673,0.97295,0.97319,1.69,2.25
2017.09.15 03:57:36.980,0.97298,0.97321,1.00,2.44
2017.09.15 03:57:37.081,0.97298,0.97321,1.00,1.69
2017.09.15 03:57:40.243,0.97297,0.97321,1.50,1.00
2017.09.15 03:57:41.039,0.97298,0.97321,1.25,1.69
2017.09.15 03:57:41.591,0.97297,0.97321,1.69,1.00
2017.09.15 03:57:42.241,0.97298,0.97321,1.25,1.50
2017.09.15 03:57:43.238,0.97297,0.97321,1.69,1.00
2017.09.15 03:57:46.081,0.97297,0.9732,2.06,1.00
2017.09.15 03:57:46.948,0.97298,0.9732,1.31,1.00
2017.09.15 03:57:48.009,0.97298,0.97321,1.12,1.69
2017.09.15 03:57:49.304,0.97297,0.97321,1.87,1.00
2017.09.15 03:57:50.293,0.97298,0.97321,1.12,1.50
2017.09.15 03:57:50.863,0.97297,0.97321,1.87,1.00
2017.09.15 03:57:50.964,0.97298,0.97319,1.12,1.00
2017.09.15 03:57:51.504,0.97298,0.97319,1.00,1.62
2017.09.15 03:57:51.555,0.97296,0.97319,1.12,1.37
2017.09.15 03:57:51.606,0.97296,0.9732,1.50,2.06
2017.09.15 03:57:51.707,0.97296,0.9732,1.00,2.06
2017.09.15 03:57:52.010,0.97296,0.97317,1.00,1.00
2017.09.15 03:57:52.997,0.97292,0.97314,1.75,1.19
2017.09.15 03:57:53.200,0.97285,0.9731,2.00,1.00
2017.09.15 03:57:53.302,0.97285,0.9731,1.62,1.37
2017.09.15 03:57:53.606,0.97287,0.9731,1.50,1.00
2017.09.15 03:57:53.953,0.97284,0.97307,1.69,1.00
2017.09.15 03:57:54.258,0.9729,0.9731,1.37,1.37
2017.09.15 03:57:54.309,0.9729,0.9731,1.37,1.00
2017.09.15 03:57:54.613,0.97288,0.97309,1.87,1.00
2017.09.15 03:57:54.866,0.97286,0.9731,1.12,1.37
2017.09.15 03:57:55.375,0.97286,0.9731,1.56,2.25
2017.09.15 03:57:55.880,0.97285,0.97308,2.81,1.00
2017.09.15 03:57:56.032,0.97288,0.9731,1.31,1.50
2017.09.15 03:57:56.386,0.97287,0.9731,1.31,1.00
2017.09.15 03:57:57.044,0.97288,0.97311,1.12,1.00
2017.09.15 03:57:57.346,0.97292,0.97311,1.25,1.00
2017.09.15 03:57:57.908,0.97293,0.97312,1.12,1.00
2017.09.15 03:57:58.184,0.97295,0.97315,1.00,1.12
2017.09.15 03:57:58.718,0.97295,0.97314,1.12,1.00
2017.09.15 03:58:03.135,0.97295,0.97315,1.12,1.00
2017.09.15 03:58:03.977,0.97295,0.97317,1.12,1.00
2017.09.15 03:58:04.884,0.97297,0.97319,1.00,1.12
2017.09.15 03:58:05.187,0.97291,0.97311,2.25,1.00
2017.09.15 03:58:05.238,0.97289,0.97311,2.06,1.00
2017.09.15 03:58:05.784,0.97294,0.97316,1.00,2.00
2017.09.15 03:58:06.038,0.97294,0.97317,1.69,1.12
2017.09.15 03:58:09.509,0.97293,0.97315,1.12,1.12
2017.09.15 03:58:09.663,0.97291,0.97314,1.69,1.12
2017.09.15 03:58:09.764,0.97289,0.97312,1.75,1.00
2017.09.15 03:58:09.815,0.97289,0.97312,1.00,1.50
2017.09.15 03:58:09.967,0.97288,0.9731,1.25,1.00
2017.09.15 03:58:12.672,0.97287,0.97311,1.69,1.50
2017.09.15 03:58:13.006,0.97287,0.9731,1.87,1.12
2017.09.15 03:58:13.526,0.97289,0.9731,1.50,1.12
2017.09.15 03:58:13.752,0.97289,0.97313,3.19,2.25
2017.09.15 03:58:17.486,0.97289,0.97311,2.44,1.00
2017.09.15 03:58:18.231,0.9729,0.97312,1.31,1.87
2017.09.15 03:58:21.167,0.9729,0.97312,1.31,1.12
2017.09.15 03:58:21.606,0.97295,0.97316,1.00,1.50
2017.09.15 03:58:21.657,0.97295,0.97317,1.00,1.75
2017.09.15 03:58:21.708,0.97297,0.97318,1.00,1.37
2017.09.15 03:58:21.759,0.97297,0.9732,1.00,3.19
2017.09.15 03:58:21.961,0.97298,0.9732,1.00,2.44
2017.09.15 03:58:25.924,0.97298,0.97319,1.00,1.00
2017.09.15 03:58:27.745,0.97298,0.9732,1.00,1.50
2017.09.15 03:58:28.275,0.97298,0.97321,1.50,1.25
2017.09.15 03:58:29.699,0.97298,0.9732,1.50,1.00
2017.09.15 03:58:30.238,0.97298,0.97315,1.00,1.00
2017.09.15 03:58:30.340,0.97292,0.97315,1.75,1.13
2017.09.15 03:58:30.442,0.97292,0.97315,1.12,2.81
2017.09.15 03:58:30.967,0.97289,0.97311,1.00,1.31
2017.09.15 03:58:31.321,0.97288,0.97308,1.00,1.25
2017.09.15 03:58:31.372,0.97285,0.97308,2.06,1.12
2017.09.15 03:58:33.387,0.97286,0.97309,1.00,2.25
2017.09.15 03:58:35.174,0.97285,0.97308,2.25,1.12
2017.09.15 03:58:36.892,0.97288,0.9731,1.12,1.75
2017.09.15 03:58:37.175,0.9729,0.97312,2.25,1.00
2017.09.15 03:58:37.227,0.97293,0.97312,1.00,1.00
2017.09.15 03:58:37.380,0.97291,0.97312,1.00,1.69
2017.09.15 03:58:37.634,0.97288,0.9731,1.75,1.00
2017.09.15 03:58:37.685,0.97288,0.9731,1.50,1.00
2017.09.15 03:58:38.063,0.9729,0.97313,1.00,1.75
2017.09.15 03:58:38.165,0.97291,0.97313,1.00,2.44
2017.09.15 03:58:38.367,0.97288,0.97311,2.44,1.00
2017.09.15 03:58:38.469,0.97288,0.97311,2.44,1.00
2017.09.15 03:58:39.598,0.97291,0.97314,1.00,2.81
2017.09.15 03:58:39.800,0.97291,0.97314,1.50,2.06
2017.09.15 03:58:41.046,0.97291,0.97315,1.00,1.50
2017.09.15 03:58:41.554,0.97291,0.97314,1.69,1.00
2017.09.15 03:58:45.692,0.97291,0.97315,1.00,1.69
2017.09.15 03:58:46.807,0.97291,0.97314,1.69,1.25
2017.09.15 03:58:48.496,0.97294,0.97315,1.00,1.69
2017.09.15 03:58:48.547,0.97291,0.97314,3.00,1.00
2017.09.15 03:58:48.598,0.97291,0.97312,1.75,1.00
2017.09.15 03:58:48.700,0.97288,0.97311,1.00,2.25
2017.09.15 03:58:49.164,0.97289,0.97313,1.37,1.56
2017.09.15 03:58:49.215,0.97293,0.97314,1.00,1.50
2017.09.15 03:58:49.316,0.97292,0.97316,1.87,1.12
2017.09.15 03:58:49.425,0.97295,0.97317,1.00,1.50
2017.09.15 03:58:49.476,0.97295,0.97318,1.37,1.25
2017.09.15 03:58:49.899,0.97294,0.97315,1.50,1.12
2017.09.15 03:58:50.002,0.97289,0.97314,2.00,1.50
2017.09.15 03:58:50.053,0.9729,0.97312,1.75,1.00
2017.09.15 03:58:50.104,0.9729,0.97312,1.12,1.00
2017.09.15 03:58:50.608,0.9729,0.97313,1.12,1.00
2017.09.15 03:58:50.757,0.97292,0.97314,1.00,1.00
2017.09.15 03:58:53.669,0.97292,0.97314,1.12,2.06
2017.09.15 03:58:55.345,0.97293,0.97314,1.00,1.31
2017.09.15 03:58:56.104,0.97293,0.97315,1.12,2.44
2017.09.15 03:58:56.645,0.97292,0.97315,1.37,1.69
2017.09.15 03:58:57.007,0.97291,0.97313,1.50,1.25
2017.09.15 03:58:57.520,0.97292,0.97314,1.00,1.50
2017.09.15 03:59:00.775,0.97292,0.97313,1.00,1.25
2017.09.15 03:59:00.977,0.9729,0.97312,1.50,1.00
2017.09.15 03:59:01.835,0.97294,0.97313,1.00,1.00
2017.09.15 03:59:02.341,0.97294,0.97314,1.00,1.50
2017.09.15 03:59:04.449,0.97293,0.97314,1.50,1.50
2017.09.15 03:59:05.255,0.97294,0.97314,1.00,1.50
2017.09.15 03:59:05.784,0.97293,0.97314,1.50,1.50
2017.09.15 03:59:07.547,0.97292,0.97316,1.50,1.12
2017.09.15 03:59:08.073,0.97293,0.97315,1.00,1.00
2017.09.15 03:59:08.683,0.97294,0.97317,1.00,1.87
2017.09.15 03:59:09.754,0.97293,0.97316,1.12,1.12
2017.09.15 03:59:10.134,0.97289,0.97312,1.50,1.00
2017.09.15 03:59:10.236,0.97287,0.97312,2.44,1.50
2017.09.15 03:59:10.502,0.97289,0.97311,1.69,1.12
2017.09.15 03:59:10.655,0.9729,0.97314,1.00,2.25
2017.09.15 03:59:11.775,0.9729,0.97313,1.69,1.00
2017.09.15 03:59:12.404,0.9729,0.97314,1.25,1.50
2017.09.15 03:59:16.925,0.9729,0.97313,2.25,1.00
2017.09.15 03:59:18.298,0.9729,0.97314,1.12,1.50
2017.09.15 03:59:19.508,0.9729,0.97313,2.25,1.00
2017.09.15 03:59:20.218,0.9729,0.97314,1.12,1.50
2017.09.15 03:59:20.779,0.9729,0.97313,2.25,1.00
2017.09.15 03:59:22.671,0.9729,0.97313,1.87,1.00
2017.09.15 03:59:23.997,0.9729,0.97314,1.44,1.50
2017.09.15 03:59:25.191,0.9729,0.97313,1.87,1.00
2017.09.15 03:59:25.911,0.9729,0.97314,1.44,1.50
2017.09.15 03:59:26.437,0.9729,0.97313,1.87,1.00
2017.09.15 03:59:27.105,0.9729,0.97314,1.44,1.50
2017.09.15 03:59:27.767,0.97291,0.97315,1.69,2.25
2017.09.15 03:59:32.557,0.97292,0.97314,1.31,1.12
2017.09.15 03:59:32.608,0.97295,0.97316,1.25,1.75
2017.09.15 03:59:32.790,0.97298,0.9732,1.00,1.75
2017.09.15 03:59:32.891,0.97298,0.9732,1.12,1.00
2017.09.15 03:59:34.627,0.97295,0.97319,2.00,1.00
2017.09.15 03:59:34.678,0.97295,0.97316,1.50,1.00
2017.09.15 03:59:34.981,0.97297,0.9732,1.50,1.87
2017.09.15 03:59:35.931,0.97297,0.9732,1.69,1.12
2017.09.15 03:59:36.444,0.97296,0.97321,2.25,1.50
2017.09.15 03:59:38.236,0.97296,0.97321,2.44,3.00
2017.09.15 03:59:38.499,0.973,0.97322,1.25,1.75
2017.09.15 03:59:38.702,0.97298,0.97321,1.50,1.69
2017.09.15 03:59:39.003,0.97295,0.97319,1.19,1.00
2017.09.15 03:59:39.547,0.97296,0.97319,2.06,1.12
2017.09.15 03:59:39.769,0.97295,0.97319,1.50,1.00
2017.09.15 03:59:40.731,0.97296,0.97319,1.19,1.50
2017.09.15 03:59:42.791,0.97298,0.97319,1.19,1.00
2017.09.15 03:59:42.994,0.97298,0.97321,2.44,1.12
2017.09.15 03:59:43.499,0.97298,0.9732,1.69,1.12
2017.09.15 03:59:44.013,0.97298,0.97321,1.69,1.50
2017.09.15 03:59:44.607,0.97298,0.97321,1.50,1.50
2017.09.15 03:59:48.545,0.97297,0.9732,1.31,1.12
2017.09.15 03:59:56.424,0.97296,0.9732,1.50,1.87
2017.09.15 03:59:57.027,0.97297,0.97318,1.12,1.12
2017.09.15 03:59:59.749,0.97295,0.97319,1.75,1.12
2017.09.15 03:59:59.900,0.97299,0.97319,1.00,1.00
