2014.09.26 18:00:01.561,0.97764,0.97796,1.52,3.45
2014.09.26 18:00:01.662,0.97766,0.97796,2.70,1.55
2014.09.26 18:00:01.813,0.97769,0.97796,2.02,1.17
2014.09.26 18:00:02.519,0.97771,0.97801,1.65,1.52
2014.09.26 18:00:03.072,0.97772,0.97802,2.02,1.52
2014.09.26 18:00:11.441,0.97774,0.978,1.12,2.32
2014.09.26 18:00:11.542,0.97774,0.97803,1.17,2.70
2014.09.26 18:00:12.723,0.97774,0.97798,1.00,2.32
2014.09.26 18:00:12.774,0.9777,0.97798,1.95,2.32
2014.09.26 18:00:13.025,0.97768,0.978,2.77,4.87
2014.09.26 18:00:14.046,0.97768,0.97802,4.95,1.52
2014.09.26 18:00:14.782,0.97774,0.97803,1.00,2.70
2014.09.26 18:00:15.963,0.97769,0.97801,4.27,1.27
2014.09.26 18:00:22.053,0.97769,0.978,2.02,2.32
2014.09.26 18:00:26.623,0.97768,0.97799,1.52,2.32
2014.09.26 18:00:27.099,0.97765,0.97791,4.57,1.00
2014.09.26 18:00:27.654,0.97765,0.97791,4.57,1.00
2014.09.26 18:00:30.302,0.97768,0.97797,1.52,1.15
2014.09.26 18:00:47.194,0.97769,0.97796,1.52,1.15
2014.09.26 18:00:49.891,0.97769,0.97796,1.37,3.07
2014.09.26 18:00:49.942,0.97769,0.97796,1.12,3.45
2014.09.26 18:00:49.993,0.97769,0.97794,1.12,2.32
2014.09.26 18:00:50.094,0.97763,0.97792,1.27,1.27
2014.09.26 18:00:50.195,0.97764,0.97791,1.10,1.15
2014.09.26 18:00:53.234,0.97763,0.97792,1.52,1.52
2014.09.26 18:00:53.755,0.97763,0.97792,2.77,1.15
2014.09.26 18:00:54.246,0.97769,0.97794,1.00,4.20
2014.09.26 18:00:54.602,0.97763,0.97792,2.77,1.15
2014.09.26 18:00:55.168,0.97768,0.97794,1.00,4.20
2014.09.26 18:00:56.031,0.97763,0.97792,1.52,1.15
2014.09.26 18:00:56.233,0.97759,0.97786,2.40,1.00
2014.09.26 18:00:56.283,0.97759,0.97786,2.02,1.00
2014.09.26 18:00:56.787,0.97764,0.97789,1.00,1.15
2014.09.26 18:00:58.203,0.97764,0.97789,1.00,3.07
2014.09.26 18:01:00.226,0.97764,0.97791,1.10,3.45
2014.09.26 18:01:00.326,0.97765,0.97791,1.57,1.07
2014.09.26 18:01:00.377,0.97765,0.97791,2.02,1.00
2014.09.26 18:01:00.890,0.97768,0.97797,1.27,1.52
2014.09.26 18:01:01.402,0.97768,0.97797,1.57,1.52
2014.09.26 18:01:03.063,0.97764,0.97791,3.90,1.00
2014.09.26 18:01:03.636,0.97763,0.97792,8.25,1.00
2014.09.26 18:01:04.297,0.97764,0.97791,1.65,1.00
2014.09.26 18:01:06.706,0.97769,0.97796,1.12,1.27
2014.09.26 18:01:11.563,0.97769,0.97794,1.12,2.32
2014.09.26 18:01:11.866,0.97763,0.97792,1.07,4.95
2014.09.26 18:01:11.967,0.97764,0.9779,1.00,2.70
2014.09.26 18:01:13.463,0.97764,0.97788,1.00,1.65
2014.09.26 18:01:13.563,0.97764,0.97791,1.00,2.02
2014.09.26 18:01:13.664,0.97764,0.9779,1.00,2.70
2014.09.26 18:01:13.765,0.97759,0.97786,1.55,1.17
2014.09.26 18:01:13.967,0.97758,0.97786,4.20,1.10
2014.09.26 18:01:20.273,0.97758,0.97789,1.52,2.70
2014.09.26 18:01:20.474,0.97758,0.97788,1.20,2.70
2014.09.26 18:01:21.157,0.97758,0.97785,1.00,2.32
2014.09.26 18:01:22.658,0.97758,0.97786,1.07,3.45
2014.09.26 18:01:23.588,0.97759,0.97784,1.07,2.25
2014.09.26 18:01:23.639,0.97759,0.97786,1.65,1.27
2014.09.26 18:01:23.791,0.97758,0.97786,6.00,1.12
2014.09.26 18:01:24.095,0.97764,0.9779,1.00,5.25
2014.09.26 18:01:24.297,0.97759,0.97785,1.00,2.70
2014.09.26 18:01:24.498,0.97759,0.97785,1.37,2.32
2014.09.26 18:01:24.901,0.97754,0.97785,1.52,2.32
2014.09.26 18:01:25.454,0.97754,0.97785,1.52,2.70
2014.09.26 18:01:33.212,0.97754,0.97783,2.77,2.70
2014.09.26 18:01:33.524,0.97748,0.97781,3.82,3.45
2014.09.26 18:01:34.040,0.97749,0.97781,1.52,3.45
2014.09.26 18:01:54.124,0.97748,0.9778,2.77,2.70
2014.09.26 18:01:57.609,0.97753,0.9778,1.00,2.32
2014.09.26 18:01:58.524,0.97749,0.9778,1.52,2.32
2014.09.26 18:01:59.801,0.97754,0.9778,1.00,2.32
2014.09.26 18:02:02.819,0.97749,0.9778,1.52,2.32
2014.09.26 18:02:03.214,0.97754,0.9778,1.00,2.32
2014.09.26 18:02:07.945,0.97749,0.9778,2.77,2.70
2014.09.26 18:02:08.052,0.97754,0.9778,1.00,2.70
2014.09.26 18:02:08.501,0.97749,0.9778,1.52,2.70
2014.09.26 18:02:12.102,0.97749,0.9778,1.65,2.32
2014.09.26 18:02:12.203,0.97749,0.9778,2.77,2.32
2014.09.26 18:02:12.479,0.97754,0.9778,1.00,2.32
2014.09.26 18:02:15.012,0.97753,0.9778,1.00,2.32
2014.09.26 18:02:15.673,0.97753,0.97781,1.10,2.70
2014.09.26 18:02:16.851,0.97754,0.97781,1.00,2.70
2014.09.26 18:02:21.045,0.97753,0.97781,1.10,2.70
2014.09.26 18:02:21.374,0.97753,0.97783,1.15,2.70
2014.09.26 18:02:22.226,0.97754,0.97786,2.77,1.15
2014.09.26 18:02:22.276,0.97755,0.97786,2.70,1.15
2014.09.26 18:02:22.327,0.97755,0.97786,4.87,1.27
2014.09.26 18:02:28.730,0.97758,0.97786,2.70,1.27
2014.09.26 18:02:29.255,0.97759,0.97786,1.52,1.10
2014.09.26 18:02:37.021,0.97758,0.97786,1.52,1.17
2014.09.26 18:02:56.671,0.97758,0.97785,1.55,1.65
2014.09.26 18:02:56.973,0.97754,0.97784,1.27,2.70
2014.09.26 18:02:57.477,0.97754,0.97783,1.07,4.20
2014.09.26 18:03:16.517,0.97751,0.97782,6.37,1.27
2014.09.26 18:03:16.827,0.97759,0.97786,1.00,7.12
2014.09.26 18:03:17.593,0.97759,0.97784,1.00,4.87
2014.09.26 18:03:18.493,0.97753,0.97782,1.52,1.27
2014.09.26 18:03:19.021,0.97755,0.97782,4.87,1.00
2014.09.26 18:03:19.071,0.97758,0.97787,1.27,2.77
2014.09.26 18:03:19.122,0.97758,0.97787,1.20,4.95
2014.09.26 18:03:19.424,0.97759,0.97783,1.00,2.70
2014.09.26 18:03:19.475,0.97754,0.97783,1.87,2.70
2014.09.26 18:03:20.192,0.97754,0.97782,1.95,1.15
2014.09.26 18:03:20.243,0.97754,0.97785,2.77,4.87
2014.09.26 18:03:22.776,0.97758,0.97783,1.00,1.65
2014.09.26 18:03:25.519,0.97754,0.97785,2.77,4.87
2014.09.26 18:03:27.063,0.97758,0.97785,1.00,4.87
2014.09.26 18:03:30.469,0.97759,0.97785,1.00,4.87
2014.09.26 18:03:32.151,0.97759,0.97786,1.00,2.77
2014.09.26 18:03:32.658,0.97758,0.97787,1.00,4.20
2014.09.26 18:03:34.099,0.97759,0.97787,1.00,4.20
2014.09.26 18:03:35.529,0.97764,0.97787,1.00,4.20
2014.09.26 18:03:35.630,0.97764,0.97787,1.00,1.52
2014.09.26 18:03:35.731,0.97764,0.97787,1.15,1.00
2014.09.26 18:03:35.832,0.97764,0.97792,1.52,2.02
2014.09.26 18:03:39.959,0.97764,0.97793,1.55,2.70
2014.09.26 18:03:40.463,0.97764,0.97793,1.17,2.70
2014.09.26 18:03:41.962,0.97764,0.97791,1.00,2.32
2014.09.26 18:03:42.269,0.97764,0.97793,1.17,4.20
2014.09.26 18:03:57.187,0.97758,0.97791,3.45,2.70
2014.09.26 18:03:58.299,0.97764,0.97791,1.00,2.70
2014.09.26 18:03:58.873,0.97764,0.97792,1.10,2.70
2014.09.26 18:03:58.924,0.97764,0.97794,1.20,6.75
2014.09.26 18:03:59.179,0.97769,0.97794,1.00,2.02
2014.09.26 18:03:59.489,0.97769,0.97794,1.00,4.50
2014.09.26 18:03:59.641,0.97764,0.97792,2.02,1.52
2014.09.26 18:03:59.691,0.97764,0.97792,2.02,1.55
2014.09.26 18:04:03.623,0.97769,0.97796,1.00,2.70
2014.09.26 18:04:04.079,0.97769,0.97793,1.00,2.32
2014.09.26 18:04:04.381,0.97764,0.97793,1.45,2.70
2014.09.26 18:04:04.482,0.97764,0.97795,1.45,4.87
2014.09.26 18:04:10.991,0.97763,0.97793,1.27,2.02
2014.09.26 18:04:11.092,0.97763,0.97791,1.07,2.70
2014.09.26 18:04:11.293,0.97762,0.97792,3.45,1.17
2014.09.26 18:04:11.394,0.97765,0.97796,1.27,2.77
2014.09.26 18:04:11.697,0.97764,0.97794,1.27,2.70
2014.09.26 18:04:12.395,0.97763,0.97792,1.45,4.20
2014.09.26 18:04:12.699,0.97764,0.97788,1.00,1.65
2014.09.26 18:04:12.750,0.97758,0.97787,1.52,1.15
2014.09.26 18:04:12.901,0.97758,0.97787,3.45,1.07
2014.09.26 18:04:13.429,0.97764,0.97789,1.00,1.65
2014.09.26 18:04:13.630,0.97764,0.97789,1.00,2.70
2014.09.26 18:04:13.732,0.97759,0.97786,1.52,1.10
2014.09.26 18:04:14.278,0.97764,0.97791,1.00,3.07
2014.09.26 18:04:17.395,0.97764,0.97791,1.07,1.27
2014.09.26 18:04:17.496,0.97764,0.97791,1.27,1.00
2014.09.26 18:04:18.001,0.97768,0.97797,1.10,1.65
2014.09.26 18:04:18.627,0.97768,0.97797,1.10,1.52
2014.09.26 18:04:18.728,0.97768,0.97797,1.07,1.52
2014.09.26 18:04:21.068,0.97766,0.97791,2.70,1.00
2014.09.26 18:04:23.080,0.97769,0.97796,1.27,1.27
2014.09.26 18:04:25.578,0.97766,0.97792,2.70,1.00
2014.09.26 18:04:26.348,0.97768,0.97797,1.27,1.27
2014.09.26 18:04:26.831,0.97766,0.97791,2.70,1.00
2014.09.26 18:04:27.344,0.97769,0.97796,1.17,1.17
2014.09.26 18:04:27.888,0.97766,0.97792,2.70,1.00
2014.09.26 18:04:27.998,0.97768,0.97797,1.27,1.27
2014.09.26 18:04:28.769,0.97766,0.97791,2.70,1.00
2014.09.26 18:04:28.988,0.97768,0.97797,1.27,1.27
2014.09.26 18:04:29.917,0.97766,0.97791,2.70,1.00
2014.09.26 18:04:33.368,0.97764,0.97791,3.45,1.00
2014.09.26 18:04:33.913,0.97768,0.97797,1.07,3.45
2014.09.26 18:04:34.422,0.97768,0.97797,1.07,1.52
2014.09.26 18:04:34.623,0.97768,0.97797,2.77,1.07
2014.09.26 18:04:34.774,0.97768,0.97797,1.52,1.27
2014.09.26 18:04:35.133,0.97769,0.97796,1.15,1.15
2014.09.26 18:04:35.493,0.97766,0.97791,2.32,1.00
2014.09.26 18:04:35.998,0.97766,0.97792,2.32,1.00
2014.09.26 18:04:36.199,0.97763,0.97792,3.07,1.07
2014.09.26 18:04:39.543,0.97763,0.97791,2.32,1.47
2014.09.26 18:04:39.644,0.97761,0.97791,4.87,1.45
2014.09.26 18:04:48.755,0.97761,0.97787,2.70,1.00
2014.09.26 18:04:48.948,0.97761,0.97792,2.70,1.52
2014.09.26 18:05:14.211,0.97759,0.97792,4.20,3.45
2014.09.26 18:05:16.814,0.9776,0.97791,2.70,1.52
2014.09.26 18:05:16.915,0.97761,0.97791,2.70,1.52
2014.09.26 18:05:38.247,0.9776,0.97792,4.20,1.52
2014.09.26 18:06:02.891,0.9776,0.97787,2.32,1.00
2014.09.26 18:06:06.185,0.9776,0.97786,2.32,1.00
2014.09.26 18:06:07.091,0.9776,0.97791,2.70,1.52
2014.09.26 18:06:08.238,0.9776,0.97791,2.70,3.45
2014.09.26 18:06:08.289,0.97759,0.97791,1.52,5.62
2014.09.26 18:06:11.362,0.97764,0.97791,1.00,4.87
2014.09.26 18:06:12.009,0.97764,0.97793,1.17,2.70
2014.09.26 18:06:23.705,0.97765,0.97792,1.65,1.45
2014.09.26 18:06:23.756,0.97766,0.97792,1.65,1.47
2014.09.26 18:06:23.806,0.97767,0.97792,2.70,1.10
2014.09.26 18:06:24.109,0.97771,0.97799,2.02,1.12
2014.09.26 18:06:24.210,0.97771,0.97799,2.02,1.05
2014.09.26 18:06:29.217,0.97769,0.97799,3.45,1.05
2014.09.26 18:06:29.268,0.97769,0.97799,1.27,5.47
2014.09.26 18:06:29.470,0.97769,0.97796,1.00,4.20
2014.09.26 18:06:30.014,0.97763,0.97792,2.70,1.27
2014.09.26 18:06:33.200,0.97763,0.97795,3.45,2.70
2014.09.26 18:06:33.251,0.97763,0.97794,1.55,2.70
2014.09.26 18:06:33.788,0.97763,0.97794,1.55,2.70
2014.09.26 18:06:33.968,0.97763,0.97794,1.52,2.70
2014.09.26 18:06:34.069,0.97763,0.97796,1.52,2.02
2014.09.26 18:06:34.839,0.97764,0.97797,1.65,5.62
2014.09.26 18:06:35.041,0.97764,0.97796,1.52,1.52
2014.09.26 18:06:35.142,0.97764,0.97794,1.27,6.37
2014.09.26 18:06:39.266,0.97764,0.97791,1.00,3.07
2014.09.26 18:06:39.468,0.97764,0.97793,1.27,2.70
2014.09.26 18:07:31.447,0.97764,0.97791,1.07,2.02
2014.09.26 18:07:31.548,0.97759,0.97791,2.02,4.20
2014.09.26 18:07:31.649,0.97756,0.97787,2.77,1.15
2014.09.26 18:07:31.800,0.97755,0.97785,1.57,4.87
2014.09.26 18:07:32.310,0.97758,0.97785,1.00,4.87
2014.09.26 18:07:32.998,0.97759,0.97785,1.00,4.87
2014.09.26 18:07:34.826,0.97753,0.97785,3.52,4.87
2014.09.26 18:07:35.562,0.97753,0.97785,3.52,4.87
2014.09.26 18:07:48.540,0.97754,0.97786,6.37,1.52
2014.09.26 18:07:48.590,0.97754,0.97786,6.75,1.15
2014.09.26 18:07:48.742,0.97759,0.97786,1.52,1.17
2014.09.26 18:07:49.059,0.97761,0.9779,1.55,2.32
2014.09.26 18:07:49.362,0.97754,0.97786,3.82,1.15
2014.09.26 18:07:49.413,0.97754,0.97786,3.82,1.15
2014.09.26 18:07:49.514,0.97754,0.97784,1.55,2.32
2014.09.26 18:07:50.040,0.97754,0.97784,2.02,2.70
2014.09.26 18:07:59.747,0.97755,0.97786,3.75,2.70
2014.09.26 18:07:59.798,0.97755,0.97787,2.32,1.52
2014.09.26 18:07:59.849,0.97754,0.97785,2.02,2.70
2014.09.26 18:08:00.246,0.97754,0.97785,2.40,2.32
2014.09.26 18:08:00.347,0.97754,0.97785,2.02,2.70
2014.09.26 18:08:00.918,0.97754,0.97785,1.27,2.70
2014.09.26 18:08:16.945,0.97754,0.97782,1.95,2.32
2014.09.26 18:08:16.996,0.97754,0.97782,1.87,4.50
2014.09.26 18:08:17.499,0.97754,0.97783,1.07,2.32
2014.09.26 18:08:22.690,0.97753,0.97786,1.27,2.70
2014.09.26 18:08:32.615,0.97757,0.97787,1.95,2.70
2014.09.26 18:08:32.918,0.97759,0.97792,2.70,3.45
2014.09.26 18:08:33.420,0.97759,0.9779,3.52,2.70
2014.09.26 18:08:33.623,0.97754,0.97787,4.20,2.70
2014.09.26 18:08:33.724,0.97754,0.97786,2.02,2.70
2014.09.26 18:08:34.262,0.97754,0.97786,1.27,2.70
2014.09.26 18:08:51.032,0.97754,0.97784,1.55,2.70
2014.09.26 18:08:51.747,0.97753,0.97783,1.27,2.70
2014.09.26 18:08:52.635,0.97753,0.97783,2.77,2.70
2014.09.26 18:08:52.786,0.97753,0.97786,7.20,2.70
2014.09.26 18:08:53.509,0.97759,0.97786,1.00,3.45
2014.09.26 18:08:56.375,0.97759,0.97786,1.10,1.52
2014.09.26 18:08:56.477,0.9776,0.97786,1.95,1.07
2014.09.26 18:08:56.780,0.97761,0.97786,2.02,1.00
2014.09.26 18:08:57.041,0.97761,0.97792,2.02,1.52
2014.09.26 18:09:03.575,0.97761,0.97787,1.87,2.32
2014.09.26 18:09:03.676,0.9776,0.97787,1.00,2.32
2014.09.26 18:09:03.777,0.97758,0.97785,1.00,4.87
2014.09.26 18:09:03.878,0.97754,0.97785,1.27,4.87
2014.09.26 18:09:03.929,0.97757,0.97785,1.50,4.87
2014.09.26 18:09:04.144,0.97754,0.97785,2.77,4.87
2014.09.26 18:09:11.654,0.97759,0.97785,1.00,4.87
2014.09.26 18:09:13.368,0.97759,0.97783,1.00,2.70
2014.09.26 18:09:13.887,0.97759,0.97782,1.00,2.32
2014.09.26 18:09:16.386,0.97759,0.97784,1.00,2.70
2014.09.26 18:09:17.822,0.97759,0.97788,1.00,6.75
2014.09.26 18:09:21.453,0.97758,0.97787,1.20,1.52
2014.09.26 18:09:36.289,0.97759,0.97787,1.50,1.52
2014.09.26 18:09:36.340,0.97759,0.97787,2.02,1.27
2014.09.26 18:09:36.441,0.97761,0.97787,1.65,1.00
2014.09.26 18:09:37.164,0.97761,0.9779,2.02,1.27
2014.09.26 18:09:57.159,0.97763,0.97795,1.27,5.25
2014.09.26 18:10:13.984,0.97763,0.97791,1.95,1.27
2014.09.26 18:10:14.083,0.97763,0.97791,1.95,1.27
2014.09.26 18:10:53.717,0.97764,0.97789,1.20,2.32
2014.09.26 18:10:54.143,0.97764,0.97787,1.00,4.87
2014.09.26 18:10:54.406,0.9776,0.97787,1.00,4.50
2014.09.26 18:10:54.533,0.97764,0.97787,1.00,4.50
2014.09.26 18:10:54.744,0.9776,0.97787,1.00,4.50
2014.09.26 18:10:56.922,0.97761,0.97787,1.00,4.87
2014.09.26 18:10:59.124,0.9776,0.97787,1.00,4.87
2014.09.26 18:10:59.225,0.9776,0.9779,1.10,2.70
2014.09.26 18:10:59.544,0.97761,0.97788,1.00,2.70
2014.09.26 18:11:00.078,0.9776,0.97787,1.00,2.70
2014.09.26 18:11:05.397,0.9776,0.97788,1.10,2.70
2014.09.26 18:11:05.447,0.9776,0.9779,1.10,3.07
2014.09.26 18:11:09.376,0.97754,0.97786,3.07,2.32
2014.09.26 18:11:09.968,0.97754,0.97786,1.52,2.70
2014.09.26 18:11:15.794,0.97756,0.97789,2.70,2.70
2014.09.26 18:11:20.197,0.97758,0.97787,1.45,2.70
2014.09.26 18:11:20.715,0.97758,0.97787,1.45,2.70
2014.09.26 18:11:29.186,0.97759,0.97787,1.47,2.70
2014.09.26 18:11:39.145,0.97759,0.97787,1.10,2.70
2014.09.26 18:11:39.685,0.97754,0.97786,1.52,4.87
2014.09.26 18:11:39.736,0.97754,0.97786,1.52,4.87
2014.09.26 18:11:44.664,0.97756,0.97787,2.02,2.70
2014.09.26 18:11:50.175,0.97754,0.97784,1.52,2.32
2014.09.26 18:11:50.719,0.97754,0.97784,1.52,2.70
2014.09.26 18:11:51.154,0.97759,0.9779,2.02,2.70
2014.09.26 18:11:51.457,0.97762,0.97792,1.65,1.52
2014.09.26 18:11:52.061,0.97764,0.97796,1.15,1.90
2014.09.26 18:11:52.648,0.97763,0.97797,1.52,6.00
2014.09.26 18:11:53.572,0.97763,0.97795,1.52,2.70
2014.09.26 18:11:53.623,0.97763,0.97795,1.52,2.70
2014.09.26 18:11:53.889,0.97765,0.97797,1.65,3.82
2014.09.26 18:11:54.292,0.97763,0.97792,2.02,1.27
2014.09.26 18:12:01.409,0.97765,0.97796,2.02,1.52
2014.09.26 18:12:01.510,0.97765,0.97796,2.02,1.52
2014.09.26 18:12:02.054,0.97764,0.97796,4.95,1.52
2014.09.26 18:12:03.259,0.97764,0.97796,4.95,1.52
2014.09.26 18:12:04.366,0.97764,0.97794,2.77,2.32
2014.09.26 18:12:10.425,0.97765,0.97797,2.02,3.82
2014.09.26 18:12:12.308,0.97764,0.97795,1.52,2.70
2014.09.26 18:12:13.393,0.97765,0.97796,4.20,1.52
2014.09.26 18:12:13.695,0.97764,0.97796,2.77,3.45
2014.09.26 18:12:30.015,0.97764,0.97796,1.65,3.07
2014.09.26 18:12:34.118,0.97764,0.97796,2.40,3.82
2014.09.26 18:12:34.678,0.97764,0.97796,2.40,6.00
2014.09.26 18:12:49.696,0.97763,0.97796,1.52,4.87
2014.09.26 18:12:54.126,0.97763,0.97795,1.52,2.70
2014.09.26 18:12:54.881,0.97763,0.97795,1.52,4.87
2014.09.26 18:13:09.787,0.97763,0.97792,1.45,4.20
2014.09.26 18:13:10.240,0.97763,0.97793,1.20,5.25
2014.09.26 18:13:10.549,0.97764,0.97791,1.17,1.65
2014.09.26 18:13:11.135,0.97763,0.97795,1.15,3.07
2014.09.26 18:13:11.819,0.97764,0.97795,1.55,2.70
2014.09.26 18:13:12.250,0.97768,0.97795,1.00,2.70
2014.09.26 18:13:13.463,0.97764,0.97795,1.55,2.70
2014.09.26 18:13:23.153,0.97764,0.97796,1.52,3.45
2014.09.26 18:13:25.137,0.97764,0.97794,1.52,2.70
2014.09.26 18:13:25.685,0.97764,0.97794,1.55,2.70
2014.09.26 18:13:44.643,0.97767,0.97794,1.50,2.70
2014.09.26 18:13:44.794,0.97767,0.97797,4.20,1.55
2014.09.26 18:13:44.895,0.97769,0.97797,2.32,1.47
2014.09.26 18:13:44.996,0.97769,0.97796,1.15,1.55
2014.09.26 18:13:45.097,0.97769,0.97796,3.45,1.00
2014.09.26 18:13:45.298,0.97769,0.97796,1.17,1.17
2014.09.26 18:13:45.508,0.9777,0.97796,1.50,1.15
2014.09.26 18:13:45.559,0.97772,0.97796,1.65,1.00
2014.09.26 18:13:46.465,0.97769,0.97796,1.17,1.45
2014.09.26 18:13:46.516,0.97769,0.97796,1.10,1.52
2014.09.26 18:13:46.881,0.97772,0.97796,1.50,1.27
2014.09.26 18:13:46.982,0.97772,0.97796,1.65,1.00
2014.09.26 18:13:47.789,0.97772,0.97797,1.65,1.27
2014.09.26 18:13:48.472,0.97772,0.97797,1.57,1.27
2014.09.26 18:13:48.522,0.97768,0.97797,1.52,1.27
2014.09.26 18:13:48.573,0.97768,0.97796,1.17,2.70
2014.09.26 18:13:48.624,0.97768,0.97796,1.10,2.70
2014.09.26 18:13:48.876,0.97769,0.97796,2.32,1.52
2014.09.26 18:13:49.379,0.97769,0.97796,2.77,1.27
2014.09.26 18:13:50.623,0.97768,0.97797,1.47,1.27
2014.09.26 18:13:50.674,0.97768,0.97797,1.10,1.52
2014.09.26 18:13:51.180,0.97769,0.97796,1.00,1.27
2014.09.26 18:13:59.660,0.97773,0.97798,1.00,2.70
2014.09.26 18:14:11.222,0.97773,0.97797,1.00,2.70
2014.09.26 18:14:23.032,0.97773,0.97798,1.00,2.70
2014.09.26 18:14:30.771,0.97773,0.97797,1.00,4.87
2014.09.26 18:14:37.442,0.97769,0.97796,1.00,1.52
2014.09.26 18:14:43.240,0.97774,0.97797,1.00,4.87
2014.09.26 18:14:51.202,0.97774,0.97798,1.00,3.07
2014.09.26 18:14:56.588,0.97768,0.97797,1.10,1.52
2014.09.26 18:15:00.621,0.97769,0.97796,1.00,1.52
2014.09.26 18:15:01.164,0.97768,0.97797,1.10,1.52
2014.09.26 18:15:07.035,0.97769,0.97796,1.00,1.52
2014.09.26 18:15:07.236,0.97763,0.97795,1.52,2.70
2014.09.26 18:15:07.551,0.97769,0.97795,1.00,2.70
2014.09.26 18:15:08.014,0.97764,0.97797,2.70,3.45
2014.09.26 18:15:08.270,0.97766,0.97797,2.70,3.45
2014.09.26 18:15:08.371,0.97769,0.97797,2.02,1.27
2014.09.26 18:15:08.522,0.97769,0.97797,4.20,1.20
2014.09.26 18:15:11.194,0.9777,0.97797,2.02,1.27
2014.09.26 18:15:11.244,0.97768,0.97797,2.77,1.27
2014.09.26 18:15:11.396,0.97768,0.97797,2.70,1.27
2014.09.26 18:15:11.721,0.97768,0.97796,1.20,2.70
2014.09.26 18:15:11.822,0.97768,0.97797,2.77,1.52
2014.09.26 18:15:12.024,0.97769,0.97796,1.12,3.45
2014.09.26 18:15:12.326,0.97764,0.97791,1.00,3.07
2014.09.26 18:15:12.628,0.97764,0.97789,1.00,2.32
2014.09.26 18:15:12.930,0.97764,0.97787,1.00,2.32
2014.09.26 18:15:13.482,0.97763,0.97787,1.00,2.32
2014.09.26 18:15:22.546,0.97764,0.97787,1.00,2.70
2014.09.26 18:15:23.389,0.97769,0.97787,1.00,2.70
2014.09.26 18:15:23.764,0.97769,0.97791,1.00,4.57
2014.09.26 18:15:23.915,0.97769,0.97793,1.00,2.70
2014.09.26 18:15:23.966,0.97769,0.97796,1.00,4.57
2014.09.26 18:15:24.067,0.97769,0.97797,1.10,1.52
2014.09.26 18:15:24.167,0.97769,0.97794,1.00,2.70
2014.09.26 18:15:24.571,0.97769,0.97791,1.00,2.70
2014.09.26 18:15:24.773,0.97769,0.97795,1.00,2.32
2014.09.26 18:15:24.874,0.97764,0.97795,1.15,2.32
2014.09.26 18:15:25.489,0.97768,0.97795,1.00,2.32
2014.09.26 18:15:25.741,0.97768,0.97798,1.20,6.00
2014.09.26 18:15:26.387,0.97769,0.97798,1.00,4.87
2014.09.26 18:15:26.914,0.97768,0.97798,1.20,4.87
2014.09.26 18:15:32.079,0.97769,0.97798,1.00,4.87
2014.09.26 18:15:45.170,0.97768,0.97798,1.20,4.87
2014.09.26 18:15:46.210,0.97765,0.97796,2.02,1.15
2014.09.26 18:15:46.745,0.97769,0.97796,1.00,1.15
2014.09.26 18:15:53.639,0.97769,0.97796,1.37,1.15
2014.09.26 18:15:55.141,0.97769,0.97796,1.00,1.27
2014.09.26 18:16:02.000,0.97769,0.97794,1.00,2.32
2014.09.26 18:16:02.101,0.97769,0.97796,1.10,3.45
2014.09.26 18:16:02.435,0.97769,0.97796,1.07,1.52
2014.09.26 18:16:02.637,0.97769,0.97796,1.15,1.52
2014.09.26 18:16:03.191,0.97768,0.97797,1.52,3.07
2014.09.26 18:16:03.493,0.97774,0.97797,1.00,2.70
2014.09.26 18:16:04.039,0.97773,0.97797,1.00,2.70
2014.09.26 18:16:04.590,0.97774,0.97797,1.00,2.70
2014.09.26 18:16:06.103,0.97774,0.97796,1.00,2.70
2014.09.26 18:16:06.556,0.97773,0.97798,1.00,4.87
2014.09.26 18:16:08.623,0.97773,0.97796,1.00,4.50
2014.09.26 18:16:09.128,0.97774,0.97796,1.00,4.87
2014.09.26 18:16:15.198,0.97773,0.97796,1.00,4.50
2014.09.26 18:16:15.652,0.97768,0.97796,1.12,4.87
2014.09.26 18:16:16.526,0.97769,0.97796,1.00,4.87
2014.09.26 18:16:19.949,0.97769,0.97792,1.00,2.32
2014.09.26 18:16:20.050,0.97764,0.9779,1.00,2.70
2014.09.26 18:16:20.151,0.97764,0.97788,1.00,2.70
2014.09.26 18:16:20.402,0.97758,0.97788,1.20,2.70
2014.09.26 18:16:21.798,0.97763,0.97788,1.00,2.70
2014.09.26 18:16:22.679,0.97759,0.97788,1.00,2.70
2014.09.26 18:16:23.558,0.97764,0.97788,1.00,2.70
2014.09.26 18:16:23.778,0.97758,0.97788,1.20,2.70
2014.09.26 18:16:26.209,0.97758,0.97786,1.20,2.32
2014.09.26 18:16:26.680,0.97759,0.97784,1.00,2.70
2014.09.26 18:16:26.781,0.97753,0.97784,1.27,4.87
2014.09.26 18:16:35.298,0.97754,0.97781,1.10,2.32
2014.09.26 18:16:35.800,0.97754,0.9778,1.00,2.70
2014.09.26 18:16:36.119,0.9775,0.9778,2.02,2.70
2014.09.26 18:16:36.811,0.9775,0.9778,2.02,2.70
2014.09.26 18:16:36.967,0.97752,0.97781,2.02,1.52
2014.09.26 18:16:37.302,0.97754,0.97781,1.00,2.70
2014.09.26 18:16:39.398,0.97753,0.97781,1.20,2.70
2014.09.26 18:16:47.807,0.97753,0.97781,1.47,2.70
2014.09.26 18:16:52.317,0.97753,0.97781,1.10,2.70
2014.09.26 18:16:58.230,0.97753,0.97783,1.20,4.87
2014.09.26 18:16:58.885,0.97753,0.97781,1.10,2.70
2014.09.26 18:16:59.187,0.97753,0.97778,1.00,4.87
2014.09.26 18:16:59.338,0.97749,0.97778,1.12,4.87
2014.09.26 18:16:59.718,0.97748,0.97775,1.37,2.32
2014.09.26 18:17:00.020,0.97748,0.97773,1.00,4.87
2014.09.26 18:17:01.147,0.97748,0.97775,1.00,2.70
2014.09.26 18:17:03.591,0.97748,0.97773,1.00,2.70
2014.09.26 18:17:04.167,0.97748,0.97772,1.00,2.70
2014.09.26 18:17:05.511,0.97754,0.97772,1.00,2.70
2014.09.26 18:17:06.720,0.97754,0.97775,1.00,4.87
2014.09.26 18:17:09.585,0.97749,0.97775,1.00,4.87
2014.09.26 18:17:17.876,0.97749,0.97772,1.00,2.70
2014.09.26 18:17:18.178,0.97749,0.9777,1.00,4.87
2014.09.26 18:17:18.438,0.97749,0.97773,1.00,4.20
2014.09.26 18:17:18.539,0.97749,0.97774,1.00,2.77
2014.09.26 18:17:18.589,0.97748,0.97771,1.00,2.02
2014.09.26 18:17:19.093,0.97749,0.97772,1.00,4.20
2014.09.26 18:17:19.244,0.97749,0.97774,1.00,1.52
2014.09.26 18:17:19.345,0.97754,0.97775,1.00,3.45
2014.09.26 18:17:19.597,0.97749,0.97774,1.00,4.87
2014.09.26 18:17:24.664,0.97749,0.97775,1.00,2.32
2014.09.26 18:17:24.715,0.97749,0.97775,1.07,2.25
2014.09.26 18:17:24.765,0.97753,0.97777,1.00,1.15
2014.09.26 18:17:27.085,0.97754,0.97781,1.07,4.20
2014.09.26 18:17:27.186,0.97754,0.97783,1.15,1.12
2014.09.26 18:17:27.488,0.97759,0.97784,1.10,2.02
2014.09.26 18:17:27.590,0.97758,0.97789,1.15,6.75
2014.09.26 18:17:27.892,0.97759,0.97786,1.10,3.82
2014.09.26 18:17:28.100,0.97759,0.97788,1.20,1.15
2014.09.26 18:17:28.459,0.97759,0.97786,1.10,2.32
2014.09.26 18:17:31.657,0.97754,0.97786,1.27,9.00
2014.09.26 18:17:32.791,0.97759,0.97786,1.00,7.50
2014.09.26 18:17:32.993,0.97754,0.97786,1.15,8.25
2014.09.26 18:17:33.087,0.97759,0.97786,1.00,8.25
2014.09.26 18:17:34.737,0.97753,0.97786,1.15,8.25
2014.09.26 18:17:37.151,0.97753,0.97777,1.15,1.50
2014.09.26 18:17:37.252,0.97753,0.9778,1.00,3.07
2014.09.26 18:17:37.505,0.97753,0.97779,2.70,2.25
2014.09.26 18:17:37.556,0.97753,0.97782,5.02,1.20
2014.09.26 18:17:38.009,0.97758,0.97784,1.00,2.32
2014.09.26 18:17:38.060,0.97754,0.97784,1.15,2.32
2014.09.26 18:17:38.111,0.97754,0.97782,1.00,1.65
2014.09.26 18:17:40.008,0.97754,0.97783,1.37,4.87
2014.09.26 18:17:40.209,0.97753,0.9778,1.10,2.70
2014.09.26 18:17:40.512,0.97753,0.97776,1.00,2.32
2014.09.26 18:17:40.813,0.97748,0.97776,1.10,2.32
2014.09.26 18:17:41.610,0.97744,0.97774,1.15,2.32
2014.09.26 18:17:42.084,0.97743,0.97772,1.65,2.32
2014.09.26 18:17:44.987,0.97743,0.97774,3.37,2.70
2014.09.26 18:17:45.038,0.97744,0.97778,1.52,5.25
2014.09.26 18:17:45.642,0.97749,0.97777,1.00,2.02
2014.09.26 18:17:45.743,0.97748,0.97776,1.47,2.32
2014.09.26 18:17:45.894,0.97749,0.97782,2.70,4.20
2014.09.26 18:17:49.418,0.97749,0.9778,1.52,4.20
2014.09.26 18:17:49.721,0.97748,0.97778,1.15,2.70
2014.09.26 18:17:50.043,0.97754,0.97779,1.00,4.87
2014.09.26 18:17:50.687,0.97749,0.97779,1.20,4.87
2014.09.26 18:17:50.839,0.97749,0.97776,1.00,2.70
2014.09.26 18:17:51.141,0.97749,0.97779,1.10,2.70
2014.09.26 18:17:52.671,0.97749,0.97779,1.17,2.70
2014.09.26 18:17:52.721,0.97749,0.9778,1.15,2.70
2014.09.26 18:17:56.432,0.97748,0.97776,1.20,2.32
2014.09.26 18:17:57.212,0.97749,0.97776,1.00,2.70
2014.09.26 18:18:00.322,0.97749,0.97779,1.15,3.07
2014.09.26 18:18:00.624,0.97754,0.97783,1.00,2.70
2014.09.26 18:18:02.188,0.97754,0.97781,1.00,2.70
2014.09.26 18:18:02.490,0.97749,0.97781,2.02,4.87
2014.09.26 18:18:02.712,0.97749,0.97781,2.02,2.70
2014.09.26 18:18:02.763,0.97752,0.97783,1.15,4.87
2014.09.26 18:18:03.444,0.97749,0.9778,1.52,2.70
2014.09.26 18:18:03.748,0.97754,0.97778,1.00,2.70
2014.09.26 18:18:03.798,0.97749,0.97778,1.00,2.70
2014.09.26 18:18:05.226,0.97749,0.97775,1.00,2.70
2014.09.26 18:18:05.546,0.97749,0.97773,1.00,2.70
2014.09.26 18:18:05.849,0.97748,0.97775,1.00,5.62
2014.09.26 18:18:05.949,0.97744,0.97775,1.52,4.87
2014.09.26 18:18:06.587,0.97747,0.97775,1.00,4.87
2014.09.26 18:18:06.638,0.97747,0.97777,1.20,5.25
2014.09.26 18:18:07.088,0.97749,0.97777,1.00,4.87
2014.09.26 18:18:08.111,0.97744,0.97777,1.27,4.87
2014.09.26 18:18:11.087,0.97744,0.97774,1.27,2.70
2014.09.26 18:18:23.687,0.97748,0.97774,1.00,2.70
2014.09.26 18:18:24.187,0.97748,0.97776,1.10,2.70
2014.09.26 18:18:33.138,0.97751,0.97776,2.25,2.62
2014.09.26 18:18:33.239,0.97753,0.97784,1.65,2.02
2014.09.26 18:18:33.340,0.97753,0.97783,1.65,1.52
2014.09.26 18:18:33.865,0.97758,0.97785,1.00,2.32
2014.09.26 18:18:35.250,0.97759,0.97785,1.00,2.70
2014.09.26 18:18:39.648,0.97763,0.97785,1.00,2.70
2014.09.26 18:18:40.077,0.97759,0.97785,1.00,2.70
2014.09.26 18:18:42.936,0.97763,0.97785,1.00,2.70
2014.09.26 18:18:47.662,0.97763,0.97788,1.00,4.20
2014.09.26 18:18:49.008,0.97763,0.97785,1.00,2.70
2014.09.26 18:18:49.462,0.97763,0.97787,1.00,3.07
2014.09.26 18:18:58.775,0.97764,0.97787,1.00,2.70
2014.09.26 18:19:02.516,0.97763,0.97787,1.00,2.70
2014.09.26 18:19:03.083,0.97764,0.97787,1.00,2.70
2014.09.26 18:19:03.746,0.97763,0.97787,1.00,2.70
2014.09.26 18:19:04.165,0.97769,0.97787,1.00,2.70
2014.09.26 18:19:05.631,0.97764,0.97787,1.00,2.70
2014.09.26 18:19:05.683,0.97764,0.97785,1.00,2.70
2014.09.26 18:19:05.997,0.97763,0.97783,1.00,2.32
2014.09.26 18:19:12.977,0.97763,0.97787,1.00,3.07
2014.09.26 18:19:13.078,0.97763,0.97784,1.00,2.70
2014.09.26 18:19:15.290,0.97764,0.97784,1.00,2.70
2014.09.26 18:19:17.406,0.97764,0.97786,1.00,2.70
2014.09.26 18:19:17.507,0.97764,0.97788,1.00,3.07
2014.09.26 18:19:17.608,0.97764,0.9779,1.00,2.70
2014.09.26 18:19:20.776,0.97764,0.97786,1.00,2.70
2014.09.26 18:19:21.325,0.97763,0.97785,1.00,4.87
2014.09.26 18:19:22.320,0.97764,0.97787,1.00,4.87
2014.09.26 18:19:22.977,0.97764,0.97784,1.00,2.70
2014.09.26 18:19:28.499,0.97759,0.97784,1.00,2.70
2014.09.26 18:19:36.934,0.97759,0.97785,1.00,2.70
2014.09.26 18:19:36.985,0.97759,0.97786,1.37,1.15
2014.09.26 18:19:37.035,0.97759,0.97786,1.45,1.15
2014.09.26 18:19:37.086,0.97759,0.97786,1.15,1.27
2014.09.26 18:19:37.288,0.97764,0.97791,1.00,2.02
2014.09.26 18:19:37.743,0.97768,0.97795,1.00,3.82
2014.09.26 18:19:38.251,0.97768,0.97793,1.00,4.50
2014.09.26 18:19:38.553,0.97768,0.97791,1.00,2.32
2014.09.26 18:19:39.120,0.97768,0.9779,1.00,2.32
2014.09.26 18:19:39.422,0.97768,0.97786,1.00,2.32
2014.09.26 18:19:39.695,0.97764,0.97786,1.00,2.32
2014.09.26 18:19:40.051,0.97764,0.97788,1.00,2.32
2014.09.26 18:19:40.151,0.97769,0.97788,1.00,2.32
2014.09.26 18:19:40.725,0.97769,0.97789,1.00,2.70
2014.09.26 18:19:40.776,0.97769,0.97792,1.00,4.87
2014.09.26 18:19:41.663,0.97769,0.97793,1.00,2.70
2014.09.26 18:19:41.965,0.97769,0.97796,1.00,4.87
2014.09.26 18:19:42.776,0.97773,0.97796,1.00,4.87
2014.09.26 18:19:43.545,0.97769,0.97796,1.00,4.87
2014.09.26 18:19:44.095,0.97768,0.97796,1.00,4.87
2014.09.26 18:19:47.396,0.97764,0.97796,1.27,5.62
2014.09.26 18:19:48.054,0.97764,0.97794,1.00,4.87
2014.09.26 18:19:48.357,0.97763,0.97788,1.00,2.70
2014.09.26 18:19:48.885,0.97764,0.97788,1.00,2.32
2014.09.26 18:19:48.935,0.97764,0.9779,1.00,2.70
2014.09.26 18:19:49.856,0.97763,0.9779,1.00,2.70
2014.09.26 18:19:51.356,0.97763,0.97792,1.27,1.52
2014.09.26 18:19:54.554,0.97769,0.97792,1.00,1.52
2014.09.26 18:19:54.857,0.97768,0.97791,1.00,2.70
2014.09.26 18:19:55.058,0.97769,0.97794,1.00,2.70
2014.09.26 18:19:57.655,0.97769,0.97796,1.00,4.95
2014.09.26 18:19:57.857,0.97773,0.97798,1.00,1.27
2014.09.26 18:19:58.211,0.97769,0.97796,1.00,2.32
2014.09.26 18:20:00.675,0.97769,0.97795,1.00,2.70
2014.09.26 18:20:01.199,0.97769,0.97797,1.00,4.20
2014.09.26 18:20:03.200,0.97769,0.97795,1.00,4.87
2014.09.26 18:20:07.647,0.97768,0.97795,1.00,4.87
2014.09.26 18:20:08.682,0.97769,0.97795,1.00,4.87
2014.09.26 18:20:09.327,0.97769,0.97786,1.00,2.25
2014.09.26 18:20:09.428,0.97769,0.97788,1.00,2.32
2014.09.26 18:20:09.529,0.97763,0.97788,1.00,2.32
2014.09.26 18:20:09.755,0.97763,0.97783,1.00,2.32
2014.09.26 18:20:09.856,0.97763,0.9778,1.00,1.10
2014.09.26 18:20:10.059,0.97763,0.97783,1.00,1.50
2014.09.26 18:20:10.160,0.97759,0.97785,1.00,1.50
2014.09.26 18:20:10.362,0.97759,0.97787,1.00,1.50
2014.09.26 18:20:10.664,0.97754,0.97786,1.00,1.00
2014.09.26 18:20:10.714,0.97754,0.97784,1.00,1.50
2014.09.26 18:20:11.016,0.97759,0.97784,1.00,1.50
2014.09.26 18:20:11.319,0.97759,0.97786,1.00,1.00
2014.09.26 18:20:11.675,0.97759,0.97782,1.00,1.50
2014.09.26 18:20:11.877,0.97754,0.97782,1.00,1.87
2014.09.26 18:20:12.192,0.97759,0.97782,1.00,1.87
2014.09.26 18:20:12.393,0.97754,0.97785,1.00,1.87
2014.09.26 18:20:12.545,0.97754,0.97786,1.37,4.12
2014.09.26 18:20:12.865,0.97758,0.97786,1.00,2.62
2014.09.26 18:20:12.966,0.97753,0.97786,1.37,2.62
2014.09.26 18:20:13.118,0.97754,0.97787,1.50,1.50
2014.09.26 18:20:13.420,0.97764,0.97787,1.00,2.32
2014.09.26 18:20:13.521,0.97754,0.97786,1.15,1.15
2014.09.26 18:20:13.622,0.97754,0.97785,1.17,3.82
2014.09.26 18:20:13.936,0.97759,0.97778,1.00,2.32
2014.09.26 18:20:14.037,0.97759,0.97781,1.00,4.50
2014.09.26 18:20:14.139,0.97753,0.97778,1.00,2.32
2014.09.26 18:20:14.543,0.97754,0.9778,1.00,2.32
2014.09.26 18:20:14.593,0.97759,0.97781,1.00,2.32
2014.09.26 18:20:14.695,0.97753,0.97781,1.10,2.32
2014.09.26 18:20:15.228,0.97754,0.97776,1.00,1.57
2014.09.26 18:20:15.709,0.97748,0.97773,1.20,1.65
2014.09.26 18:20:15.760,0.97748,0.97772,1.00,1.65
2014.09.26 18:20:16.062,0.97748,0.97772,1.10,1.57
2014.09.26 18:20:16.996,0.97749,0.97774,1.00,1.65
2014.09.26 18:20:17.666,0.97748,0.97774,1.10,2.02
2014.09.26 18:20:18.186,0.97748,0.97775,1.00,4.87
2014.09.26 18:20:18.236,0.97754,0.97775,1.00,4.87
2014.09.26 18:20:18.768,0.97753,0.97775,1.00,4.87
2014.09.26 18:20:19.189,0.97753,0.97779,1.00,4.50
2014.09.26 18:20:19.240,0.97753,0.97782,1.17,5.32
2014.09.26 18:20:19.342,0.97753,0.97782,1.15,1.17
2014.09.26 18:20:19.719,0.97759,0.97784,1.00,1.65
2014.09.26 18:20:21.216,0.97759,0.97784,1.00,2.70
2014.09.26 18:20:23.304,0.97758,0.97784,1.00,4.87
2014.09.26 18:20:23.829,0.97759,0.97784,1.00,4.87
2014.09.26 18:20:25.245,0.97759,0.97783,1.00,2.70
2014.09.26 18:20:25.355,0.97754,0.97781,1.00,2.70
2014.09.26 18:20:26.074,0.97754,0.9778,1.00,4.87
2014.09.26 18:20:26.124,0.97754,0.97778,1.00,2.32
2014.09.26 18:20:26.476,0.97753,0.97775,1.00,2.70
2014.09.26 18:20:26.677,0.97749,0.97775,1.00,2.70
2014.09.26 18:20:27.452,0.97748,0.97775,1.00,2.70
2014.09.26 18:20:29.999,0.97749,0.97775,1.00,2.70
2014.09.26 18:20:33.267,0.97749,0.97775,1.10,2.02
2014.09.26 18:20:33.368,0.97749,0.97776,1.20,1.15
2014.09.26 18:20:33.523,0.97749,0.97776,1.27,1.07
2014.09.26 18:20:33.675,0.97749,0.97776,3.45,1.00
2014.09.26 18:20:34.197,0.97754,0.9778,1.00,2.70
2014.09.26 18:20:34.600,0.97754,0.97781,1.00,2.40
2014.09.26 18:20:34.958,0.97759,0.97783,1.00,6.00
2014.09.26 18:20:35.135,0.97753,0.97783,1.20,6.00
2014.09.26 18:20:36.252,0.97754,0.97783,1.12,6.37
2014.09.26 18:20:40.963,0.97753,0.97783,1.57,6.37
2014.09.26 18:20:47.600,0.97754,0.97783,1.00,6.37
2014.09.26 18:20:52.421,0.97753,0.97783,1.27,6.37
2014.09.26 18:20:56.604,0.97754,0.97783,1.00,6.37
2014.09.26 18:20:57.025,0.97759,0.97783,1.00,6.37
2014.09.26 18:21:01.476,0.97759,0.97786,1.00,2.70
2014.09.26 18:21:01.678,0.97759,0.97788,1.17,2.70
2014.09.26 18:21:01.728,0.97759,0.97788,1.52,2.70
2014.09.26 18:21:01.779,0.97759,0.97791,1.52,4.95
2014.09.26 18:21:04.147,0.97758,0.97788,1.27,2.02
2014.09.26 18:21:04.449,0.97758,0.97784,1.12,2.32
2014.09.26 18:21:05.222,0.97753,0.97783,1.57,2.32
2014.09.26 18:21:05.272,0.97753,0.97782,1.37,2.70
2014.09.26 18:21:07.058,0.97753,0.97783,1.52,2.70
2014.09.26 18:21:07.210,0.97753,0.97783,1.52,2.32
2014.09.26 18:21:19.706,0.97753,0.97785,3.90,2.32
2014.09.26 18:21:19.807,0.97756,0.97786,4.87,1.20
2014.09.26 18:21:20.310,0.97759,0.97791,2.02,5.62
2014.09.26 18:21:20.512,0.97759,0.97791,2.40,1.15
2014.09.26 18:21:21.131,0.97763,0.97793,1.57,6.37
2014.09.26 18:21:23.105,0.97763,0.97789,1.37,2.32
2014.09.26 18:21:23.619,0.97763,0.97789,1.12,2.32
2014.09.26 18:21:23.936,0.97759,0.97791,2.02,3.07
2014.09.26 18:21:24.341,0.97759,0.97789,1.52,2.70
2014.09.26 18:21:24.543,0.97759,0.97786,1.50,1.65
2014.09.26 18:21:24.644,0.97759,0.97785,1.87,2.32
2014.09.26 18:21:25.148,0.97759,0.97784,1.00,2.32
2014.09.26 18:21:27.385,0.97754,0.97781,1.52,1.15
2014.09.26 18:21:34.348,0.97759,0.97784,1.00,2.70
2014.09.26 18:21:34.795,0.97759,0.97786,1.27,1.27
2014.09.26 18:21:34.845,0.97759,0.97786,1.20,3.45
2014.09.26 18:21:35.358,0.97758,0.97786,1.20,2.70
2014.09.26 18:21:40.987,0.97758,0.97787,1.27,1.52
2014.09.26 18:21:42.286,0.97759,0.97785,1.00,2.70
2014.09.26 18:21:42.387,0.97754,0.97785,3.52,2.70
2014.09.26 18:21:42.488,0.97754,0.97786,4.27,1.52
2014.09.26 18:21:42.977,0.97754,0.97783,2.02,2.32
2014.09.26 18:21:43.279,0.97754,0.97786,1.15,2.40
2014.09.26 18:21:43.330,0.97754,0.97786,1.15,1.65
2014.09.26 18:21:43.481,0.97754,0.97781,1.17,1.17
2014.09.26 18:21:50.576,0.97755,0.97781,1.57,1.10
2014.09.26 18:21:50.828,0.97759,0.97791,5.32,1.15
2014.09.26 18:21:51.415,0.97763,0.97792,2.02,1.52
2014.09.26 18:21:51.516,0.97763,0.97791,2.02,1.00
2014.09.26 18:21:57.181,0.97761,0.97791,2.70,1.07
2014.09.26 18:21:57.687,0.9776,0.97791,6.75,1.15
2014.09.26 18:22:07.127,0.97764,0.97793,1.95,2.32
2014.09.26 18:22:07.449,0.97761,0.97787,1.52,1.00
2014.09.26 18:22:08.732,0.9776,0.97787,1.55,1.07
2014.09.26 18:22:08.782,0.9776,0.97787,1.20,1.27
2014.09.26 18:22:08.833,0.9776,0.97787,1.12,3.45
2014.09.26 18:22:09.209,0.97758,0.97785,1.20,2.70
2014.09.26 18:22:09.794,0.97754,0.97785,2.02,2.70
2014.09.26 18:22:11.726,0.97758,0.97785,1.00,2.70
2014.09.26 18:22:30.089,0.97759,0.97785,1.00,2.70
2014.09.26 18:22:34.681,0.97759,0.97787,1.00,2.02
2014.09.26 18:22:34.832,0.97763,0.97788,1.00,4.87
2014.09.26 18:22:38.263,0.97758,0.97787,1.57,1.52
2014.09.26 18:22:40.093,0.97764,0.97788,1.00,4.87
2014.09.26 18:22:44.911,0.97764,0.9779,1.00,2.32
2014.09.26 18:23:00.189,0.97764,0.97785,1.00,2.32
2014.09.26 18:23:00.341,0.97764,0.97784,1.00,1.65
2014.09.26 18:23:00.391,0.97764,0.97784,1.00,1.65
2014.09.26 18:23:00.593,0.97759,0.97784,1.00,2.32
2014.09.26 18:23:00.694,0.97759,0.97782,1.00,2.32
2014.09.26 18:23:00.795,0.97754,0.97781,1.00,4.57
2014.09.26 18:23:01.812,0.97753,0.97781,1.00,2.32
2014.09.26 18:23:02.777,0.97754,0.97781,1.00,3.45
2014.09.26 18:23:04.811,0.97754,0.97777,1.00,4.87
2014.09.26 18:23:05.113,0.97749,0.97776,1.00,1.27
2014.09.26 18:23:07.396,0.97749,0.97776,1.07,1.52
2014.09.26 18:23:07.496,0.97749,0.97776,1.15,1.52
2014.09.26 18:23:08.214,0.97749,0.97776,3.45,1.00
2014.09.26 18:23:08.772,0.97754,0.97781,1.10,1.52
2014.09.26 18:23:08.923,0.97754,0.97781,1.17,1.55
2014.09.26 18:23:09.584,0.97754,0.97785,1.55,2.70
2014.09.26 18:23:11.031,0.97754,0.97782,1.57,2.32
2014.09.26 18:23:11.333,0.97749,0.97776,1.20,1.27
2014.09.26 18:23:13.392,0.97754,0.97779,1.00,6.37
2014.09.26 18:23:13.502,0.97748,0.97777,1.15,1.52
2014.09.26 18:23:13.832,0.97753,0.97779,1.00,6.37
2014.09.26 18:23:14.074,0.97753,0.97781,1.10,4.20
2014.09.26 18:23:14.125,0.97753,0.97781,1.07,1.52
2014.09.26 18:23:14.225,0.97753,0.97782,1.55,2.02
2014.09.26 18:23:14.667,0.97754,0.9778,1.37,1.65
2014.09.26 18:23:14.969,0.97754,0.97777,1.00,1.65
2014.09.26 18:23:15.171,0.97749,0.97777,1.10,1.65
2014.09.26 18:23:15.222,0.97749,0.97779,1.17,2.32
2014.09.26 18:23:15.524,0.97753,0.97781,4.50,1.00
2014.09.26 18:23:15.625,0.97759,0.97788,1.00,6.00
2014.09.26 18:23:16.134,0.97754,0.97786,1.15,1.15
2014.09.26 18:23:16.184,0.97753,0.97785,3.07,3.82
2014.09.26 18:23:16.235,0.97753,0.97785,1.15,6.00
2014.09.26 18:23:17.837,0.97759,0.97785,1.00,4.87
2014.09.26 18:23:17.937,0.97753,0.97785,1.52,6.37
2014.09.26 18:23:37.166,0.97754,0.97783,1.17,2.70
2014.09.26 18:23:40.525,0.97754,0.97779,1.00,2.70
2014.09.26 18:23:40.827,0.97754,0.97779,1.10,1.17
2014.09.26 18:23:40.928,0.97752,0.97782,2.32,1.17
2014.09.26 18:23:40.979,0.97753,0.97782,2.32,1.17
2014.09.26 18:23:41.030,0.97753,0.97781,2.25,2.32
2014.09.26 18:23:41.081,0.97749,0.9778,1.65,2.32
2014.09.26 18:23:41.131,0.97754,0.9778,1.00,2.32
2014.09.26 18:23:41.433,0.97754,0.97777,1.00,2.32
2014.09.26 18:23:41.484,0.97754,0.9778,1.00,4.50
2014.09.26 18:23:41.686,0.97754,0.97783,1.17,2.32
2014.09.26 18:23:42.913,0.97754,0.97781,1.00,3.82
2014.09.26 18:23:43.222,0.97754,0.97777,1.00,2.32
2014.09.26 18:23:45.237,0.97754,0.97776,1.00,2.70
2014.09.26 18:23:45.338,0.97749,0.97776,1.00,2.70
2014.09.26 18:23:49.213,0.97749,0.97773,1.00,2.70
2014.09.26 18:23:56.243,0.97749,0.97774,1.00,2.70
2014.09.26 18:23:56.395,0.97749,0.97778,1.52,1.15
2014.09.26 18:23:56.546,0.9775,0.97781,1.65,1.15
2014.09.26 18:23:56.849,0.97753,0.97776,1.00,2.32
2014.09.26 18:23:57.000,0.97749,0.97776,1.00,3.07
2014.09.26 18:23:57.251,0.97748,0.97774,1.00,2.32
2014.09.26 18:23:57.453,0.97748,0.97778,1.20,6.00
2014.09.26 18:23:57.662,0.97748,0.97776,1.10,2.32
2014.09.26 18:24:00.400,0.97753,0.97776,1.00,4.87
2014.09.26 18:24:00.472,0.97749,0.97776,1.00,5.62
2014.09.26 18:24:02.781,0.97753,0.97776,1.00,4.87
2014.09.26 18:24:02.933,0.97743,0.97772,1.10,1.15
2014.09.26 18:24:03.034,0.97743,0.97769,1.00,2.02
2014.09.26 18:24:03.336,0.97748,0.97774,1.00,2.32
2014.09.26 18:24:03.488,0.97743,0.97772,1.07,3.07
2014.09.26 18:24:03.538,0.97743,0.9777,1.00,2.32
2014.09.26 18:24:03.941,0.97743,0.97767,1.00,2.32
2014.09.26 18:24:04.042,0.97743,0.97771,1.10,2.32
2014.09.26 18:24:04.143,0.97744,0.97769,1.00,2.32
2014.09.26 18:24:04.545,0.97743,0.97765,1.00,2.32
2014.09.26 18:24:04.697,0.97739,0.97765,1.00,2.32
2014.09.26 18:24:05.070,0.97739,0.97766,1.10,1.15
2014.09.26 18:24:05.925,0.97739,0.97765,1.10,2.70
2014.09.26 18:24:06.227,0.97739,0.9776,1.00,2.02
2014.09.26 18:24:06.328,0.97733,0.9776,1.00,2.02
2014.09.26 18:24:06.529,0.97733,0.97762,1.07,3.45
2014.09.26 18:24:06.630,0.97733,0.97762,1.15,1.52
2014.09.26 18:24:06.681,0.97739,0.97765,1.00,4.20
2014.09.26 18:24:06.782,0.97734,0.97763,1.17,2.70
2014.09.26 18:24:08.315,0.97734,0.97761,1.07,2.32
2014.09.26 18:24:08.517,0.97733,0.97761,1.10,4.20
2014.09.26 18:24:08.568,0.97733,0.97762,1.20,1.52
2014.09.26 18:24:08.769,0.97734,0.97762,2.77,1.52
2014.09.26 18:24:09.072,0.97738,0.97767,1.52,1.15
2014.09.26 18:24:09.951,0.97738,0.97767,1.52,1.17
2014.09.26 18:24:10.833,0.97738,0.97766,1.55,1.15
2014.09.26 18:24:10.884,0.97738,0.97766,1.55,1.15
2014.09.26 18:24:11.387,0.97738,0.97766,1.52,1.15
2014.09.26 18:24:15.344,0.97738,0.97766,3.45,1.17
2014.09.26 18:24:15.910,0.97738,0.97766,3.45,1.10
2014.09.26 18:24:21.948,0.97739,0.97767,1.55,1.15
2014.09.26 18:24:21.999,0.97739,0.97767,1.20,1.52
2014.09.26 18:24:22.503,0.97738,0.97766,1.15,1.27
2014.09.26 18:24:22.654,0.97738,0.97766,5.62,1.00
2014.09.26 18:24:23.285,0.97738,0.97767,5.62,1.00
2014.09.26 18:24:25.368,0.97738,0.97764,1.52,1.50
2014.09.26 18:24:25.569,0.97738,0.97766,1.27,1.52
2014.09.26 18:24:25.923,0.97738,0.97766,1.27,1.45
2014.09.26 18:24:25.973,0.97738,0.97766,3.45,1.10
2014.09.26 18:24:27.679,0.97738,0.97766,1.15,1.17
2014.09.26 18:24:27.780,0.97738,0.97766,1.27,1.52
2014.09.26 18:24:29.169,0.97738,0.97765,1.12,2.70
2014.09.26 18:24:29.422,0.97734,0.97761,1.07,1.15
2014.09.26 18:24:31.329,0.9773,0.97761,2.70,2.77
2014.09.26 18:24:31.430,0.97729,0.97758,1.17,2.02
2014.09.26 18:24:31.480,0.97729,0.97758,1.17,4.20
2014.09.26 18:24:31.682,0.97729,0.97756,1.15,1.45
2014.09.26 18:24:31.991,0.97733,0.97762,1.07,2.70
2014.09.26 18:24:33.637,0.97733,0.97762,1.15,2.70
2014.09.26 18:24:33.688,0.97733,0.97763,1.15,3.52
2014.09.26 18:24:34.610,0.97733,0.97764,3.45,1.52
2014.09.26 18:24:34.912,0.97734,0.97767,2.17,1.15
2014.09.26 18:24:35.013,0.97734,0.97765,2.32,1.65
2014.09.26 18:24:35.459,0.97737,0.97766,1.50,1.17
2014.09.26 18:24:36.000,0.97738,0.97769,1.00,2.32
2014.09.26 18:24:36.221,0.97738,0.97767,1.15,1.15
2014.09.26 18:24:37.901,0.97738,0.97764,1.12,1.65
2014.09.26 18:24:38.103,0.97733,0.97764,1.27,2.77
2014.09.26 18:24:41.410,0.97733,0.9776,1.27,1.65
2014.09.26 18:24:41.712,0.97733,0.9776,1.15,1.52
2014.09.26 18:24:44.415,0.97734,0.97763,1.27,2.02
2014.09.26 18:24:44.667,0.97734,0.97763,1.27,1.52
2014.09.26 18:24:45.020,0.97738,0.97767,1.07,2.32
2014.09.26 18:24:45.070,0.97738,0.97768,1.15,1.15
2014.09.26 18:24:45.623,0.9774,0.9777,3.07,1.10
2014.09.26 18:24:51.313,0.97744,0.97773,3.07,1.52
2014.09.26 18:24:51.744,0.97744,0.97774,1.27,4.20
2014.09.26 18:24:51.794,0.97744,0.97774,1.27,4.20
2014.09.26 18:24:57.460,0.97744,0.97774,2.32,2.77
2014.09.26 18:24:57.511,0.97744,0.97773,2.32,1.45
2014.09.26 18:24:57.662,0.97747,0.97774,2.32,1.37
2014.09.26 18:24:57.964,0.9775,0.97781,3.82,1.92
2014.09.26 18:24:58.015,0.9775,0.97781,3.82,1.55
2014.09.26 18:24:58.116,0.9775,0.97781,3.82,1.92
2014.09.26 18:24:58.317,0.97754,0.97784,1.17,1.90
2014.09.26 18:24:58.418,0.97754,0.97784,1.17,1.15
2014.09.26 18:25:12.751,0.97754,0.97785,1.55,2.70
2014.09.26 18:25:13.054,0.97759,0.97786,1.15,1.55
2014.09.26 18:25:13.255,0.97759,0.97788,1.07,2.32
2014.09.26 18:25:13.306,0.97759,0.97786,1.00,2.32
2014.09.26 18:25:13.809,0.97754,0.97781,1.15,1.10
2014.09.26 18:25:17.374,0.97754,0.97781,2.02,1.07
2014.09.26 18:25:20.112,0.97754,0.97781,4.20,1.00
2014.09.26 18:25:20.213,0.97753,0.97781,3.52,1.17
2014.09.26 18:25:20.314,0.97755,0.97781,3.07,1.00
2014.09.26 18:25:20.421,0.97755,0.97781,1.52,1.00
2014.09.26 18:25:33.369,0.97754,0.97781,1.45,1.15
2014.09.26 18:25:39.792,0.97752,0.97781,2.70,1.27
2014.09.26 18:25:43.221,0.97754,0.97782,2.70,1.10
2014.09.26 18:25:55.350,0.97753,0.97782,2.77,1.27
2014.09.26 18:25:56.651,0.97759,0.97786,1.00,3.45
2014.09.26 18:25:57.644,0.97754,0.97781,1.52,1.10
2014.09.26 18:25:58.197,0.97754,0.97781,1.52,1.10
2014.09.26 18:26:01.341,0.97754,0.97781,4.95,1.00
2014.09.26 18:26:01.603,0.97759,0.97786,2.02,1.07
2014.09.26 18:26:01.655,0.97761,0.97786,2.62,1.00
2014.09.26 18:26:01.757,0.97761,0.97791,4.20,1.52
2014.09.26 18:26:09.533,0.97761,0.97791,4.20,1.52
2014.09.26 18:26:09.584,0.9776,0.9779,2.02,2.77
2014.09.26 18:26:09.635,0.9776,0.97789,1.95,2.32
2014.09.26 18:26:09.937,0.97759,0.97784,1.37,2.32
2014.09.26 18:26:09.989,0.97759,0.97784,1.00,2.32
2014.09.26 18:26:10.090,0.97755,0.97781,1.17,1.15
2014.09.26 18:26:10.208,0.97759,0.97784,1.00,2.70
2014.09.26 18:26:10.971,0.97754,0.97781,2.02,1.15
2014.09.26 18:26:11.173,0.97754,0.97786,4.20,1.52
2014.09.26 18:26:11.274,0.97754,0.97785,1.52,2.70
2014.09.26 18:26:11.798,0.97758,0.97785,1.00,2.70
2014.09.26 18:26:12.265,0.97758,0.97787,1.17,1.52
2014.09.26 18:26:12.668,0.9776,0.97786,1.65,1.10
2014.09.26 18:26:13.532,0.97759,0.97791,3.15,3.45
2014.09.26 18:26:14.454,0.97763,0.97793,1.45,2.70
2014.09.26 18:26:14.504,0.97763,0.97795,1.52,2.70
2014.09.26 18:26:14.957,0.97769,0.97795,1.00,2.70
2014.09.26 18:26:15.261,0.97763,0.97792,2.77,1.27
2014.09.26 18:26:15.362,0.97763,0.97792,2.77,1.52
2014.09.26 18:26:15.898,0.97764,0.97792,1.17,1.52
2014.09.26 18:26:17.359,0.97764,0.9779,1.10,2.32
2014.09.26 18:26:17.460,0.97759,0.97787,1.52,1.15
2014.09.26 18:26:17.561,0.97763,0.9779,1.00,4.87
2014.09.26 18:26:17.713,0.97759,0.97786,1.10,1.52
2014.09.26 18:26:17.763,0.97759,0.97785,1.00,2.70
2014.09.26 18:26:19.085,0.97759,0.97783,1.00,2.70
2014.09.26 18:26:19.337,0.97753,0.97782,2.02,1.52
2014.09.26 18:26:22.590,0.97749,0.97776,3.37,2.25
2014.09.26 18:26:22.641,0.97749,0.97776,1.00,2.70
2014.09.26 18:26:23.094,0.97743,0.97775,1.27,6.75
2014.09.26 18:26:23.669,0.9774,0.97772,6.37,1.52
2014.09.26 18:26:24.357,0.97742,0.97772,2.70,1.55
2014.09.26 18:26:25.354,0.97744,0.97774,1.17,2.70
2014.09.26 18:26:25.405,0.97744,0.97773,1.17,2.70
2014.09.26 18:26:38.718,0.9774,0.97766,4.20,1.00
2014.09.26 18:26:38.819,0.9774,0.97772,4.20,1.52
2014.09.26 18:26:42.520,0.9774,0.97767,4.20,1.00
2014.09.26 18:26:52.879,0.9774,0.97772,4.20,1.52
2014.09.26 18:26:53.502,0.9774,0.97772,4.20,1.52
2014.09.26 18:27:00.362,0.97743,0.97772,2.70,1.27
2014.09.26 18:27:00.665,0.97748,0.97771,2.32,1.00
2014.09.26 18:27:00.715,0.97749,0.97776,1.15,1.20
2014.09.26 18:27:00.917,0.97749,0.97776,1.17,1.17
2014.09.26 18:27:00.967,0.97749,0.97776,1.17,1.15
2014.09.26 18:27:01.269,0.97745,0.97771,4.57,1.00
2014.09.26 18:27:01.370,0.97748,0.97777,1.15,1.15
2014.09.26 18:27:02.889,0.97745,0.97772,2.32,1.00
2014.09.26 18:27:06.079,0.97745,0.97776,2.32,1.15
2014.09.26 18:27:09.269,0.97746,0.97771,2.02,1.00
2014.09.26 18:27:10.259,0.97746,0.97776,2.02,1.52
2014.09.26 18:27:18.711,0.97747,0.97776,1.65,1.55
2014.09.26 18:27:18.812,0.9775,0.97776,3.82,1.47
2014.09.26 18:27:19.064,0.97753,0.97781,1.65,1.52
2014.09.26 18:27:23.826,0.97753,0.9778,1.00,2.70
2014.09.26 18:27:24.128,0.97754,0.97776,1.00,5.25
2014.09.26 18:27:24.279,0.97749,0.97773,1.00,1.65
2014.09.26 18:27:24.330,0.97749,0.97772,1.00,2.32
2014.09.26 18:27:24.582,0.97744,0.97771,1.10,1.15
2014.09.26 18:27:45.133,0.97744,0.97773,1.07,4.87
2014.09.26 18:27:53.482,0.97744,0.9777,1.00,2.70
2014.09.26 18:27:55.488,0.97744,0.97772,1.10,2.70
2014.09.26 18:28:03.387,0.97743,0.97769,1.00,2.32
2014.09.26 18:28:03.740,0.97739,0.97766,1.20,1.15
2014.09.26 18:28:03.841,0.97744,0.97769,1.00,4.50
2014.09.26 18:28:04.193,0.97744,0.97771,1.10,3.07
2014.09.26 18:28:04.294,0.97749,0.97772,1.00,2.32
2014.09.26 18:28:04.546,0.97749,0.97775,1.00,2.32
2014.09.26 18:28:09.108,0.97748,0.97775,1.00,2.70
2014.09.26 18:28:09.717,0.97748,0.97777,1.17,3.45
2014.09.26 18:28:09.818,0.97748,0.97777,1.55,3.07
2014.09.26 18:28:09.918,0.97748,0.97777,1.27,3.45
2014.09.26 18:28:21.921,0.97749,0.97777,3.75,1.55
2014.09.26 18:28:21.972,0.97749,0.97777,4.20,1.10
2014.09.26 18:28:38.457,0.97753,0.97779,1.10,3.07
2014.09.26 18:28:38.760,0.97749,0.97775,1.00,2.70
2014.09.26 18:28:39.462,0.97749,0.97774,1.00,2.70
2014.09.26 18:28:39.613,0.97744,0.97774,1.57,4.87
2014.09.26 18:28:51.107,0.97744,0.97775,4.27,2.70
2014.09.26 18:28:51.258,0.97747,0.97776,2.70,1.00
2014.09.26 18:28:51.309,0.97745,0.97776,3.45,1.15
2014.09.26 18:28:51.613,0.97744,0.97776,1.52,4.95
2014.09.26 18:28:52.336,0.97749,0.97776,1.00,4.20
2014.09.26 18:28:52.876,0.97743,0.97776,3.45,4.20
2014.09.26 18:28:56.912,0.97743,0.97772,1.52,1.65
2014.09.26 18:28:57.215,0.97744,0.97772,1.00,6.37
2014.09.26 18:28:57.316,0.97739,0.97771,1.52,1.52
2014.09.26 18:28:57.517,0.97743,0.97773,1.17,3.45
2014.09.26 18:29:11.481,0.97744,0.97773,1.45,2.32
2014.09.26 18:29:11.892,0.97749,0.97773,1.00,2.32
2014.09.26 18:29:19.977,0.97749,0.97776,1.00,2.77
2014.09.26 18:29:20.279,0.97754,0.97778,1.00,2.40
2014.09.26 18:29:20.481,0.97754,0.97781,1.00,1.15
2014.09.26 18:29:20.633,0.97759,0.97783,1.00,3.07
2014.09.26 18:29:20.734,0.97754,0.97783,1.00,2.32
2014.09.26 18:29:20.785,0.97754,0.97785,1.15,6.37
2014.09.26 18:29:20.886,0.97754,0.97783,1.07,2.32
2014.09.26 18:29:21.403,0.97754,0.97783,1.00,4.50
2014.09.26 18:29:21.854,0.97754,0.97785,1.17,2.70
2014.09.26 18:29:38.128,0.97754,0.97782,1.00,4.87
2014.09.26 18:29:38.430,0.97754,0.97778,1.00,2.70
2014.09.26 18:29:38.632,0.97754,0.9778,1.00,3.07
2014.09.26 18:29:38.733,0.97754,0.97777,1.00,1.65
2014.09.26 18:29:38.783,0.97749,0.97777,1.20,2.02
2014.09.26 18:29:39.299,0.97749,0.97777,1.00,3.82
2014.09.26 18:29:39.850,0.97749,0.97777,1.17,2.40
2014.09.26 18:29:40.456,0.97749,0.97777,1.00,6.75
2014.09.26 18:29:41.208,0.97749,0.97777,1.07,2.02
2014.09.26 18:29:42.218,0.97749,0.9778,1.15,3.07
2014.09.26 18:29:44.229,0.97749,0.97781,2.02,1.52
2014.09.26 18:29:44.454,0.97753,0.97785,1.15,5.25
2014.09.26 18:29:45.068,0.97753,0.97785,1.15,6.75
2014.09.26 18:29:48.593,0.97753,0.97785,1.15,6.75
2014.09.26 18:29:49.202,0.97753,0.97785,1.15,6.75
2014.09.26 18:29:55.553,0.97751,0.97781,2.02,1.52
2014.09.26 18:30:02.112,0.97751,0.97779,1.52,1.00
2014.09.26 18:30:02.415,0.9775,0.97777,4.87,1.50
2014.09.26 18:30:02.742,0.97749,0.97767,1.00,2.32
2014.09.26 18:30:03.094,0.97743,0.97766,1.00,1.65
2014.09.26 18:30:03.296,0.97743,0.9777,1.00,3.45
2014.09.26 18:30:03.497,0.97744,0.97771,1.10,1.52
2014.09.26 18:30:07.864,0.9774,0.97771,1.27,3.45
2014.09.26 18:30:07.915,0.9774,0.97771,1.27,5.62
2014.09.26 18:30:10.962,0.9774,0.97769,1.07,2.40
2014.09.26 18:30:11.300,0.97739,0.97764,1.00,2.70
2014.09.26 18:30:11.401,0.97738,0.97767,1.17,3.45
2014.09.26 18:30:11.501,0.97738,0.97767,2.02,1.15
2014.09.26 18:30:11.653,0.97738,0.97767,1.52,1.15
2014.09.26 18:30:11.703,0.97739,0.97766,1.20,1.15
2014.09.26 18:30:15.967,0.97738,0.97767,1.27,1.55
2014.09.26 18:30:16.018,0.9774,0.97767,1.15,1.17
2014.09.26 18:30:17.903,0.97738,0.97767,1.52,1.15
2014.09.26 18:30:18.004,0.97739,0.97766,1.00,1.27
2014.09.26 18:30:18.477,0.97736,0.97761,1.52,1.00
2014.09.26 18:30:19.469,0.97733,0.97762,1.52,1.20
2014.09.26 18:30:19.519,0.97731,0.97762,3.82,1.15
2014.09.26 18:30:19.822,0.97729,0.97762,5.70,3.45
2014.09.26 18:30:23.082,0.97729,0.9776,4.95,2.70
2014.09.26 18:30:23.133,0.97729,0.97759,1.52,2.70
2014.09.26 18:30:23.234,0.97734,0.97758,1.00,2.70
2014.09.26 18:30:23.435,0.97729,0.97755,1.00,2.70
2014.09.26 18:30:23.637,0.97729,0.97756,1.47,1.15
2014.09.26 18:30:24.040,0.97729,0.97756,1.17,1.17
2014.09.26 18:30:24.141,0.97729,0.97756,1.00,1.15
2014.09.26 18:30:24.242,0.97729,0.97756,1.15,1.15
2014.09.26 18:30:26.477,0.97729,0.97756,1.07,4.57
2014.09.26 18:30:26.528,0.97729,0.97755,1.00,2.32
2014.09.26 18:30:26.729,0.97724,0.97752,1.52,1.65
2014.09.26 18:30:26.780,0.97724,0.97752,1.45,1.65
2014.09.26 18:30:27.084,0.97724,0.97757,4.20,4.57
2014.09.26 18:30:31.578,0.97728,0.97757,1.15,2.70
2014.09.26 18:30:31.679,0.9773,0.9776,2.32,1.55
2014.09.26 18:30:31.981,0.97734,0.97759,1.00,2.32
2014.09.26 18:30:32.233,0.97729,0.9776,1.07,4.50
2014.09.26 18:30:32.284,0.97729,0.97758,1.07,2.32
2014.09.26 18:30:33.187,0.97729,0.97758,1.15,2.32
2014.09.26 18:30:33.288,0.97729,0.97761,1.52,7.12
2014.09.26 18:30:33.473,0.97729,0.97758,1.27,2.70
2014.09.26 18:30:33.982,0.97729,0.97755,1.00,1.65
2014.09.26 18:30:34.335,0.97729,0.97755,1.00,4.95
2014.09.26 18:30:34.855,0.97729,0.97755,1.00,2.02
2014.09.26 18:30:35.056,0.97729,0.97756,1.15,1.07
2014.09.26 18:30:37.383,0.97729,0.97758,1.20,2.70
2014.09.26 18:30:37.685,0.97734,0.9776,1.00,2.70
2014.09.26 18:30:38.286,0.97734,0.97762,1.00,1.52
2014.09.26 18:30:38.337,0.97734,0.97761,1.37,1.65
2014.09.26 18:30:38.667,0.97734,0.97758,1.00,2.32
2014.09.26 18:30:38.768,0.97734,0.9776,1.00,1.15
2014.09.26 18:30:38.868,0.97729,0.97758,1.15,1.65
2014.09.26 18:30:38.919,0.97729,0.97758,1.07,1.65
2014.09.26 18:30:38.970,0.97729,0.97758,1.00,3.07
2014.09.26 18:30:39.171,0.97729,0.97758,1.15,1.65
2014.09.26 18:30:39.272,0.97729,0.97756,1.07,4.57
2014.09.26 18:30:39.796,0.97728,0.97754,1.15,1.65
2014.09.26 18:30:39.846,0.97728,0.97755,1.07,2.32
2014.09.26 18:30:40.149,0.97724,0.97753,1.00,4.50
2014.09.26 18:30:40.718,0.97723,0.9775,1.20,1.65
2014.09.26 18:30:42.018,0.97723,0.97748,1.10,2.32
2014.09.26 18:30:42.521,0.97724,0.97747,1.00,2.70
2014.09.26 18:30:42.874,0.97724,0.9775,1.00,4.57
2014.09.26 18:30:43.227,0.97723,0.97747,1.00,2.70
2014.09.26 18:30:43.378,0.97719,0.97746,1.17,1.52
2014.09.26 18:30:44.184,0.97718,0.97749,1.15,4.20
2014.09.26 18:30:44.335,0.97718,0.97747,1.17,1.52
2014.09.26 18:30:44.386,0.97718,0.97747,1.17,1.55
2014.09.26 18:30:44.691,0.97724,0.97749,1.00,3.82
2014.09.26 18:30:44.792,0.97719,0.97749,1.17,3.82
2014.09.26 18:30:44.893,0.97719,0.97749,1.17,1.65
2014.09.26 18:30:44.944,0.97719,0.97751,2.40,1.15
2014.09.26 18:30:44.995,0.97723,0.97751,2.25,1.17
2014.09.26 18:30:45.045,0.97723,0.97751,2.32,1.10
2014.09.26 18:30:45.197,0.97726,0.97751,2.32,1.00
2014.09.26 18:30:45.248,0.97726,0.97755,2.32,2.02
2014.09.26 18:30:45.298,0.97725,0.97751,2.25,2.25
2014.09.26 18:30:45.349,0.97723,0.97751,1.10,2.32
2014.09.26 18:30:45.401,0.97723,0.97752,1.07,2.32
2014.09.26 18:30:45.451,0.97724,0.97751,1.15,1.00
2014.09.26 18:30:45.603,0.97724,0.97751,1.17,1.07
2014.09.26 18:30:45.654,0.97724,0.97751,1.10,1.15
2014.09.26 18:30:45.906,0.97723,0.97749,1.10,1.57
2014.09.26 18:30:46.108,0.97718,0.97749,1.15,1.65
2014.09.26 18:30:48.205,0.97719,0.97744,1.07,2.62
2014.09.26 18:30:48.356,0.97719,0.97747,1.00,3.07
2014.09.26 18:30:48.759,0.97719,0.97749,1.20,4.50
2014.09.26 18:30:48.810,0.97719,0.97749,1.17,2.32
2014.09.26 18:30:48.860,0.97719,0.97751,1.15,3.82
2014.09.26 18:30:49.366,0.97724,0.97751,1.00,2.32
2014.09.26 18:30:51.288,0.97719,0.97751,1.52,3.45
2014.09.26 18:30:52.497,0.97724,0.97751,1.00,2.70
2014.09.26 18:30:54.258,0.97724,0.97752,1.07,3.90
2014.09.26 18:30:54.359,0.97724,0.97752,1.55,2.02
2014.09.26 18:30:54.409,0.97724,0.97752,1.52,2.02
2014.09.26 18:30:54.460,0.97724,0.97752,1.52,2.77
2014.09.26 18:30:54.763,0.97719,0.97748,1.07,2.32
2014.09.26 18:30:55.066,0.97729,0.97751,1.00,2.32
2014.09.26 18:30:55.267,0.97723,0.97751,1.00,2.32
2014.09.26 18:30:55.469,0.97719,0.97748,1.15,2.32
2014.09.26 18:30:57.166,0.97719,0.97749,1.17,2.70
2014.09.26 18:30:57.487,0.97724,0.9775,1.00,4.20
2014.09.26 18:31:01.648,0.97724,0.97751,1.10,2.70
2014.09.26 18:31:02.151,0.97724,0.9775,1.10,2.02
2014.09.26 18:31:13.563,0.97724,0.9775,1.10,2.02
2014.09.26 18:31:13.614,0.97718,0.9775,1.52,2.02
2014.09.26 18:31:13.866,0.9772,0.97751,2.02,3.45
2014.09.26 18:31:13.916,0.9772,0.97751,2.02,2.02
2014.09.26 18:31:13.967,0.97721,0.97751,2.70,1.95
2014.09.26 18:31:14.269,0.97724,0.9775,1.12,1.65
2014.09.26 18:31:14.830,0.97719,0.97749,1.65,2.32
2014.09.26 18:31:14.993,0.9772,0.97751,2.02,1.65
2014.09.26 18:31:15.094,0.97721,0.97751,2.70,1.15
2014.09.26 18:31:15.597,0.97723,0.9775,1.52,1.65
2014.09.26 18:31:16.028,0.97719,0.97751,1.65,4.57
2014.09.26 18:31:16.694,0.97724,0.97751,1.20,1.15
2014.09.26 18:31:17.239,0.97723,0.97752,1.37,3.45
2014.09.26 18:31:17.367,0.97723,0.9775,1.37,2.32
2014.09.26 18:31:17.847,0.97719,0.9775,1.15,4.87
2014.09.26 18:31:18.662,0.97719,0.9775,1.52,2.70
2014.09.26 18:31:18.763,0.97718,0.97751,1.52,1.52
2014.09.26 18:31:18.813,0.97724,0.97751,1.00,1.52
2014.09.26 18:31:18.914,0.97718,0.9775,1.52,2.70
2014.09.26 18:31:19.238,0.97724,0.9775,1.00,2.70
2014.09.26 18:31:20.551,0.97719,0.9775,1.55,2.70
2014.09.26 18:31:20.803,0.97723,0.97751,1.10,4.87
2014.09.26 18:31:21.112,0.97723,0.97753,1.52,4.95
2014.09.26 18:31:21.428,0.97723,0.97752,1.52,1.27
2014.09.26 18:31:21.730,0.97729,0.97756,1.10,1.15
2014.09.26 18:31:22.149,0.97729,0.97755,1.00,3.82
2014.09.26 18:31:22.199,0.97729,0.97756,1.10,2.40
2014.09.26 18:31:22.300,0.97729,0.97755,1.00,2.32
2014.09.26 18:31:23.028,0.97729,0.97756,1.17,1.17
2014.09.26 18:31:23.129,0.97729,0.97756,1.00,3.07
2014.09.26 18:31:27.226,0.97729,0.97755,1.00,4.20
2014.09.26 18:31:27.578,0.97729,0.97758,1.07,3.07
2014.09.26 18:31:27.729,0.97726,0.97757,2.70,1.52
2014.09.26 18:31:27.780,0.97726,0.97757,2.32,1.17
2014.09.26 18:31:35.863,0.97729,0.97759,1.27,6.37
2014.09.26 18:31:45.481,0.97729,0.97759,1.27,1.52
2014.09.26 18:31:49.146,0.97729,0.9776,3.45,1.52
2014.09.26 18:31:49.348,0.97733,0.97762,1.27,1.52
2014.09.26 18:31:49.449,0.97735,0.97762,2.32,1.37
2014.09.26 18:31:49.500,0.97735,0.97762,2.32,1.00
2014.09.26 18:31:49.652,0.97734,0.97766,1.65,2.32
2014.09.26 18:31:49.954,0.97733,0.9776,1.15,1.65
2014.09.26 18:31:50.055,0.97739,0.9776,1.00,4.50
2014.09.26 18:31:50.155,0.97728,0.97755,1.10,1.65
2014.09.26 18:31:50.256,0.97729,0.97754,1.00,2.32
2014.09.26 18:31:50.357,0.97723,0.97753,1.52,1.65
2014.09.26 18:31:50.408,0.97723,0.97753,1.17,1.65
2014.09.26 18:31:50.458,0.97729,0.97753,1.00,1.65
2014.09.26 18:31:50.610,0.97724,0.9775,1.00,2.32
2014.09.26 18:31:50.911,0.97724,0.97752,1.20,1.65
2014.09.26 18:31:51.472,0.97719,0.97751,5.62,1.52
2014.09.26 18:31:51.673,0.97722,0.97751,2.32,1.45
2014.09.26 18:31:51.976,0.97723,0.97751,2.32,1.12
2014.09.26 18:31:52.178,0.97725,0.97754,4.50,1.37
2014.09.26 18:31:52.279,0.97725,0.97754,4.87,1.12
2014.09.26 18:31:52.808,0.97725,0.97753,4.87,1.12
2014.09.26 18:31:53.211,0.97729,0.9776,1.15,5.25
2014.09.26 18:31:53.362,0.97729,0.9776,1.15,1.65
2014.09.26 18:31:54.500,0.97729,0.97761,1.15,4.20
2014.09.26 18:31:54.966,0.97725,0.97755,2.70,1.65
2014.09.26 18:31:55.268,0.97724,0.97751,1.15,1.17
2014.09.26 18:31:55.470,0.97724,0.97751,1.10,1.15
2014.09.26 18:31:55.772,0.97723,0.97754,2.40,1.15
2014.09.26 18:31:56.074,0.97729,0.97759,1.15,1.15
2014.09.26 18:31:57.157,0.97731,0.97761,2.32,3.45
2014.09.26 18:31:57.309,0.97732,0.97761,2.70,1.27
2014.09.26 18:31:57.785,0.97729,0.97761,3.45,1.52
2014.09.26 18:31:58.517,0.97734,0.97766,1.52,3.45
2014.09.26 18:31:58.719,0.97739,0.97767,1.20,1.52
2014.09.26 18:31:59.598,0.97739,0.97766,1.00,2.70
2014.09.26 18:32:00.114,0.97733,0.97765,3.45,2.02
2014.09.26 18:32:08.214,0.97734,0.97764,1.27,6.37
2014.09.26 18:32:08.415,0.97729,0.97761,1.52,3.45
2014.09.26 18:32:08.676,0.97729,0.97761,3.45,1.52
2014.09.26 18:32:08.727,0.97733,0.97763,1.15,2.40
2014.09.26 18:32:08.929,0.97733,0.97763,1.15,3.07
2014.09.26 18:32:09.030,0.97729,0.97761,1.52,1.52
2014.09.26 18:32:10.034,0.97731,0.97761,2.32,1.55
2014.09.26 18:32:10.085,0.97731,0.97761,2.70,2.02
2014.09.26 18:32:10.135,0.97729,0.97761,3.82,2.02
2014.09.26 18:32:10.438,0.97728,0.97755,5.25,1.50
2014.09.26 18:32:10.574,0.97728,0.97755,1.10,1.65
2014.09.26 18:32:11.195,0.97725,0.97751,2.32,1.00
2014.09.26 18:32:11.346,0.97724,0.97751,1.65,1.00
2014.09.26 18:32:11.497,0.97728,0.97757,1.10,1.15
2014.09.26 18:32:11.824,0.97728,0.97756,1.00,3.82
2014.09.26 18:32:12.125,0.97724,0.97751,1.15,1.20
2014.09.26 18:32:12.535,0.97724,0.97751,1.65,1.12
2014.09.26 18:32:12.837,0.97728,0.97757,3.07,1.17
2014.09.26 18:32:13.641,0.97728,0.97757,1.17,1.15
2014.09.26 18:32:13.742,0.97728,0.97756,1.10,2.32
2014.09.26 18:32:14.145,0.97727,0.97751,2.32,1.00
2014.09.26 18:32:14.324,0.97729,0.97756,1.15,1.17
2014.09.26 18:32:15.309,0.97729,0.97756,1.17,1.17
2014.09.26 18:32:15.460,0.97726,0.97752,1.57,1.07
2014.09.26 18:32:15.511,0.97726,0.97752,1.57,1.07
2014.09.26 18:32:15.611,0.97725,0.97752,3.82,1.00
2014.09.26 18:32:16.197,0.97729,0.97756,1.17,1.15
2014.09.26 18:32:23.230,0.97728,0.97757,1.07,3.45
2014.09.26 18:32:23.330,0.97728,0.97753,1.00,2.70
2014.09.26 18:32:23.482,0.97728,0.97756,1.10,2.32
2014.09.26 18:32:23.532,0.97728,0.97757,1.07,1.15
2014.09.26 18:32:31.045,0.97728,0.97755,1.17,2.02
2014.09.26 18:32:31.347,0.97723,0.97752,1.65,3.07
2014.09.26 18:32:35.338,0.97724,0.97751,1.57,1.55
2014.09.26 18:32:35.641,0.97726,0.97751,2.02,1.00
2014.09.26 18:32:35.842,0.97728,0.97757,1.17,1.52
2014.09.26 18:32:37.463,0.97726,0.97751,1.65,1.00
2014.09.26 18:32:38.185,0.97726,0.97751,1.65,1.10
2014.09.26 18:32:38.488,0.97724,0.97751,1.15,1.07
2014.09.26 18:32:38.589,0.97724,0.97751,1.07,1.15
2014.09.26 18:32:38.689,0.97728,0.97753,1.00,4.87
2014.09.26 18:32:39.469,0.97724,0.97751,1.50,1.15
2014.09.26 18:32:50.984,0.97728,0.97753,1.00,4.87
2014.09.26 18:32:51.596,0.97728,0.97755,1.00,3.45
2014.09.26 18:32:51.647,0.97728,0.97755,1.07,3.37
2014.09.26 18:32:51.748,0.97728,0.97757,1.15,1.65
2014.09.26 18:32:51.849,0.97728,0.97757,1.52,1.52
2014.09.26 18:32:51.956,0.97728,0.97757,1.15,1.52
2014.09.26 18:32:52.667,0.97728,0.97757,1.27,1.52
2014.09.26 18:32:54.136,0.97728,0.97757,1.27,1.52
2014.09.26 18:32:54.187,0.97728,0.97757,1.17,3.45
2014.09.26 18:33:08.992,0.97729,0.97756,1.17,1.45
2014.09.26 18:33:09.043,0.97729,0.97756,3.07,1.37
2014.09.26 18:33:09.094,0.9773,0.97756,1.15,1.00
2014.09.26 18:33:09.144,0.97737,0.97756,1.50,1.00
2014.09.26 18:33:09.346,0.97739,0.97767,1.37,4.87
2014.09.26 18:33:10.047,0.97739,0.97768,1.55,2.70
2014.09.26 18:33:15.679,0.97739,0.97768,1.52,2.70
2014.09.26 18:33:15.730,0.97739,0.9777,1.52,2.70
2014.09.26 18:33:23.565,0.97739,0.97771,3.45,1.52
2014.09.26 18:33:23.766,0.97739,0.97771,1.52,1.52
2014.09.26 18:33:42.497,0.97743,0.97771,2.02,1.10
2014.09.26 18:33:42.801,0.97746,0.97771,2.02,1.00
2014.09.26 18:33:42.904,0.97749,0.97776,1.27,1.27
2014.09.26 18:33:45.437,0.97749,0.97776,1.27,1.20
2014.09.26 18:33:45.488,0.97749,0.97776,1.27,1.20
2014.09.26 18:33:53.230,0.97749,0.97776,1.45,1.17
2014.09.26 18:33:53.281,0.97749,0.97775,1.47,1.65
2014.09.26 18:33:53.332,0.97749,0.97775,1.10,4.20
2014.09.26 18:33:53.587,0.9774,0.97771,3.07,2.77
2014.09.26 18:34:02.553,0.9774,0.97771,3.45,2.77
2014.09.26 18:34:14.207,0.97739,0.97771,3.45,2.02
2014.09.26 18:34:35.140,0.97739,0.97771,1.52,4.20
2014.09.26 18:34:38.672,0.9774,0.97772,3.45,1.65
2014.09.26 18:34:38.824,0.97741,0.97772,4.87,1.52
2014.09.26 18:34:38.924,0.97741,0.97772,6.00,1.15
2014.09.26 18:34:38.975,0.97745,0.97772,2.32,1.07
2014.09.26 18:34:39.277,0.97748,0.97779,4.57,2.32
2014.09.26 18:34:39.328,0.97748,0.97781,4.57,2.32
2014.09.26 18:34:39.744,0.97745,0.97776,4.57,1.17
2014.09.26 18:34:40.863,0.97746,0.97776,1.15,3.07
2014.09.26 18:34:41.165,0.97744,0.97772,1.47,4.20
2014.09.26 18:34:41.316,0.97738,0.9777,2.77,2.70
2014.09.26 18:34:41.472,0.9774,0.97771,1.65,2.32
2014.09.26 18:34:41.775,0.97744,0.97771,5.25,1.00
2014.09.26 18:34:41.976,0.97746,0.97776,3.82,1.10
2014.09.26 18:34:43.595,0.97748,0.97778,1.52,2.70
2014.09.26 18:34:43.963,0.97745,0.97775,1.52,2.32
2014.09.26 18:34:44.265,0.97744,0.97774,1.27,4.87
2014.09.26 18:34:44.366,0.97744,0.97771,1.37,2.32
2014.09.26 18:34:44.568,0.97738,0.97771,3.82,4.20
2014.09.26 18:34:45.884,0.97739,0.9777,1.52,2.70
2014.09.26 18:34:57.719,0.97739,0.97771,1.52,1.52
2014.09.26 18:34:59.672,0.97739,0.97771,1.52,3.45
2014.09.26 18:35:00.186,0.97739,0.9777,1.52,2.70
2014.09.26 18:35:11.047,0.97739,0.97767,1.12,6.00
2014.09.26 18:35:11.349,0.97739,0.97764,1.00,6.37
2014.09.26 18:35:11.450,0.97739,0.97764,1.00,2.02
2014.09.26 18:35:11.551,0.97733,0.97761,1.10,2.32
2014.09.26 18:35:11.652,0.97733,0.97761,1.47,2.32
2014.09.26 18:35:11.803,0.97733,0.97761,1.10,2.32
2014.09.26 18:35:12.933,0.97734,0.97765,1.65,5.25
2014.09.26 18:35:13.034,0.97734,0.97765,2.02,1.52
2014.09.26 18:35:13.084,0.97734,0.97765,2.02,1.52
2014.09.26 18:35:13.236,0.97739,0.9777,1.15,3.82
2014.09.26 18:35:13.762,0.97739,0.9777,1.15,2.32
2014.09.26 18:35:14.448,0.97739,0.9777,2.77,2.70
2014.09.26 18:35:14.549,0.97744,0.97772,1.10,2.70
2014.09.26 18:35:15.417,0.97744,0.9777,1.00,2.70
2014.09.26 18:35:15.594,0.97739,0.9777,2.02,2.70
2014.09.26 18:35:16.600,0.97744,0.9777,1.00,2.70
2014.09.26 18:35:23.942,0.9774,0.9777,2.02,2.70
2014.09.26 18:35:25.814,0.97744,0.9777,1.00,2.70
2014.09.26 18:35:34.762,0.9774,0.9777,2.02,2.70
2014.09.26 18:35:36.162,0.9774,0.97771,2.02,1.52
2014.09.26 18:35:36.414,0.9774,0.97771,2.02,1.52
2014.09.26 18:35:36.565,0.97745,0.97776,1.65,2.40
2014.09.26 18:35:36.616,0.97745,0.97776,2.02,2.02
2014.09.26 18:35:37.069,0.97749,0.97774,1.00,2.32
2014.09.26 18:35:37.382,0.97744,0.97772,1.10,2.32
2014.09.26 18:35:37.483,0.97744,0.97775,1.17,2.32
2014.09.26 18:35:38.232,0.97741,0.97773,2.02,2.32
2014.09.26 18:35:38.283,0.97741,0.97772,1.27,2.32
2014.09.26 18:35:38.333,0.97741,0.97772,1.55,2.70
2014.09.26 18:35:38.485,0.97741,0.97774,3.45,3.07
2014.09.26 18:35:38.586,0.9774,0.97772,2.02,3.45
2014.09.26 18:35:41.824,0.97744,0.97772,1.47,2.70
2014.09.26 18:35:41.875,0.97744,0.97775,1.52,3.45
2014.09.26 18:35:41.976,0.97744,0.97775,2.77,1.52
2014.09.26 18:35:42.077,0.97747,0.97777,2.70,1.52
2014.09.26 18:35:43.131,0.9775,0.9778,2.02,2.70
2014.09.26 18:35:45.861,0.97751,0.9778,2.02,2.70
2014.09.26 18:35:45.912,0.97751,0.97782,2.02,1.52
2014.09.26 18:35:46.013,0.97751,0.97782,2.02,1.52
2014.09.26 18:35:54.459,0.97751,0.97782,2.70,1.52
2014.09.26 18:35:54.509,0.97752,0.97782,2.32,1.52
2014.09.26 18:35:54.610,0.97749,0.97782,2.02,1.52
2014.09.26 18:35:54.661,0.9775,0.97782,2.70,1.52
2014.09.26 18:35:54.711,0.9775,0.97782,4.87,1.52
2014.09.26 18:35:54.812,0.9775,0.97782,2.02,1.52
2014.09.26 18:35:55.649,0.9775,0.97782,4.20,1.52
2014.09.26 18:35:56.351,0.9775,0.97782,6.37,1.52
2014.09.26 18:35:59.668,0.9775,0.97782,2.70,1.52
2014.09.26 18:35:59.719,0.97749,0.97782,2.77,3.45
2014.09.26 18:35:59.870,0.97749,0.9778,1.45,2.70
2014.09.26 18:35:59.921,0.97749,0.97779,1.47,2.70
2014.09.26 18:36:00.173,0.97749,0.97777,1.10,2.70
2014.09.26 18:36:00.475,0.97742,0.97774,1.52,2.70
2014.09.26 18:36:01.813,0.97742,0.97773,1.52,4.87
2014.09.26 18:36:02.992,0.97744,0.97773,1.00,6.37
2014.09.26 18:36:04.202,0.97744,0.97773,1.45,2.32
2014.09.26 18:36:04.252,0.97744,0.97774,1.52,2.02
2014.09.26 18:36:04.555,0.97744,0.97776,3.45,2.77
2014.09.26 18:36:07.940,0.97744,0.97774,1.52,2.02
2014.09.26 18:36:08.042,0.97744,0.97772,1.10,2.02
2014.09.26 18:36:08.243,0.97744,0.97775,1.15,2.02
2014.09.26 18:36:08.545,0.97747,0.97775,2.70,1.95
2014.09.26 18:36:08.958,0.97748,0.97778,1.17,2.32
2014.09.26 18:36:09.260,0.97749,0.97773,1.00,2.32
2014.09.26 18:36:09.612,0.97744,0.97773,1.00,2.70
2014.09.26 18:36:14.729,0.97745,0.97773,1.87,2.70
2014.09.26 18:36:14.830,0.97745,0.97775,2.02,4.87
2014.09.26 18:36:14.880,0.97745,0.97776,2.02,1.52
2014.09.26 18:36:23.155,0.97749,0.9778,1.15,5.25
2014.09.26 18:36:25.017,0.97749,0.9778,1.15,3.07
2014.09.26 18:36:25.068,0.97749,0.97781,3.45,1.52
2014.09.26 18:36:31.999,0.97748,0.9778,2.77,2.70
2014.09.26 18:36:34.213,0.97748,0.97782,7.87,1.52
2014.09.26 18:36:35.803,0.97753,0.97783,1.57,4.87
2014.09.26 18:36:36.139,0.97759,0.97783,1.00,4.87
2014.09.26 18:36:38.191,0.97759,0.97786,1.00,2.70
2014.09.26 18:36:38.292,0.97759,0.97784,1.00,2.70
2014.09.26 18:36:38.616,0.97759,0.97787,1.00,3.45
2014.09.26 18:36:39.179,0.97759,0.97786,1.17,1.52
2014.09.26 18:36:39.920,0.97759,0.97786,1.15,1.20
2014.09.26 18:36:42.022,0.97759,0.97787,1.10,3.45
2014.09.26 18:36:42.325,0.97759,0.97782,1.00,2.70
2014.09.26 18:36:42.376,0.97754,0.97782,1.20,2.70
2014.09.26 18:36:43.900,0.97759,0.97786,2.02,1.17
2014.09.26 18:36:44.001,0.97759,0.97786,2.70,1.00
2014.09.26 18:36:44.309,0.97763,0.97786,6.00,1.00
2014.09.26 18:36:44.359,0.97764,0.97796,1.15,1.15
2014.09.26 18:36:44.410,0.97767,0.97796,4.50,1.00
2014.09.26 18:36:44.511,0.97766,0.97796,1.65,1.15
2014.09.26 18:36:44.612,0.97766,0.97796,6.00,1.20
2014.09.26 18:36:44.932,0.97768,0.97797,1.00,4.50
2014.09.26 18:36:45.236,0.97764,0.97794,1.27,2.32
2014.09.26 18:36:46.341,0.97763,0.97791,2.02,2.32
2014.09.26 18:36:46.928,0.97763,0.97791,1.10,2.70
2014.09.26 18:36:47.300,0.97764,0.97794,1.10,2.70
2014.09.26 18:36:47.351,0.97761,0.97791,1.65,1.15
2014.09.26 18:36:47.880,0.97764,0.97794,1.47,2.70
2014.09.26 18:36:48.300,0.97765,0.97794,1.95,2.70
2014.09.26 18:36:48.350,0.97765,0.97796,2.02,1.52
2014.09.26 18:36:48.401,0.97767,0.97796,2.32,1.45
2014.09.26 18:36:48.552,0.97769,0.97796,1.65,1.15
2014.09.26 18:36:48.603,0.97769,0.97796,1.65,1.07
2014.09.26 18:36:48.654,0.97769,0.97796,2.02,1.00
2014.09.26 18:36:48.855,0.97767,0.97796,1.52,1.17
2014.09.26 18:36:48.956,0.97765,0.97796,2.40,1.15
2014.09.26 18:36:49.158,0.97768,0.97796,1.00,4.50
2014.09.26 18:36:49.209,0.97764,0.97794,1.17,2.32
2014.09.26 18:36:49.259,0.97764,0.97794,1.20,4.50
2014.09.26 18:36:49.690,0.97759,0.97789,3.07,1.65
2014.09.26 18:36:49.741,0.97759,0.97789,1.15,1.65
2014.09.26 18:36:49.792,0.97763,0.97788,1.00,3.82
2014.09.26 18:36:50.094,0.97758,0.97783,1.00,4.50
2014.09.26 18:36:50.360,0.97758,0.97786,1.00,4.87
2014.09.26 18:36:50.410,0.97764,0.97786,1.00,2.70
2014.09.26 18:36:50.461,0.97764,0.97788,1.00,3.82
2014.09.26 18:36:50.562,0.97764,0.97786,1.00,2.70
2014.09.26 18:36:50.764,0.97764,0.9779,1.00,4.87
2014.09.26 18:36:51.093,0.97764,0.97788,1.00,2.70
2014.09.26 18:36:51.501,0.97759,0.97786,1.10,1.27
2014.09.26 18:36:51.871,0.97759,0.97786,1.15,1.07
2014.09.26 18:36:52.173,0.97764,0.97793,1.07,2.32
2014.09.26 18:36:52.476,0.97764,0.97791,1.00,2.32
2014.09.26 18:36:55.451,0.97764,0.97788,1.00,4.50
2014.09.26 18:36:55.603,0.97759,0.97785,1.50,2.70
2014.09.26 18:36:55.804,0.97754,0.97785,1.27,4.20
2014.09.26 18:36:56.435,0.97758,0.97785,1.00,4.20
2014.09.26 18:36:59.987,0.97758,0.97785,1.17,2.02
2014.09.26 18:37:00.088,0.97758,0.97786,1.37,6.37
2014.09.26 18:37:00.684,0.97758,0.97786,1.00,4.87
2014.09.26 18:37:01.741,0.97753,0.97785,2.02,2.02
2014.09.26 18:37:10.046,0.97754,0.97783,1.17,2.02
2014.09.26 18:37:10.348,0.97753,0.97777,1.00,2.32
2014.09.26 18:37:10.398,0.97753,0.97779,1.00,2.70
2014.09.26 18:37:10.449,0.97749,0.97778,1.07,2.70
2014.09.26 18:37:10.550,0.97749,0.97777,1.10,2.70
2014.09.26 18:37:10.701,0.97748,0.97774,1.00,2.70
2014.09.26 18:37:11.003,0.97744,0.97771,1.00,4.50
2014.09.26 18:37:13.950,0.97739,0.97771,1.52,5.62
2014.09.26 18:37:14.514,0.97744,0.97771,1.00,4.87
2014.09.26 18:37:15.050,0.97739,0.97771,1.52,5.62
2014.09.26 18:37:15.201,0.97744,0.97771,1.00,4.87
2014.09.26 18:37:17.911,0.97738,0.97771,1.52,4.87
2014.09.26 18:37:20.580,0.97741,0.97771,1.65,2.70
2014.09.26 18:37:20.630,0.97741,0.97772,1.65,3.45
2014.09.26 18:37:22.501,0.97744,0.97771,1.65,1.17
2014.09.26 18:37:22.652,0.97749,0.97776,1.20,1.15
2014.09.26 18:37:22.702,0.9775,0.97779,1.57,2.32
2014.09.26 18:37:22.753,0.9775,0.97781,1.65,1.15
2014.09.26 18:37:22.904,0.97753,0.9778,1.00,2.32
2014.09.26 18:37:23.207,0.97754,0.97775,1.00,2.32
2014.09.26 18:37:23.350,0.97748,0.97775,1.00,2.32
2014.09.26 18:37:23.893,0.97743,0.97775,2.77,2.32
2014.09.26 18:37:24.045,0.97743,0.97773,1.27,2.32
2014.09.26 18:37:24.146,0.97743,0.97772,1.12,2.70
2014.09.26 18:37:24.197,0.97743,0.9777,1.00,2.70
2014.09.26 18:37:24.700,0.97744,0.9777,1.00,4.87
2014.09.26 18:37:25.862,0.97739,0.9777,2.77,4.87
2014.09.26 18:37:25.963,0.97743,0.9777,1.00,4.87
2014.09.26 18:37:27.030,0.97743,0.97765,1.00,2.32
2014.09.26 18:37:27.182,0.97739,0.97767,2.32,2.70
2014.09.26 18:37:27.333,0.97739,0.97763,1.00,2.32
2014.09.26 18:37:30.670,0.97734,0.97763,1.00,4.87
2014.09.26 18:37:38.707,0.97739,0.97763,1.00,4.87
2014.09.26 18:37:39.059,0.97734,0.97763,1.00,4.87
2014.09.26 18:37:44.783,0.97734,0.97765,1.17,3.82
2014.09.26 18:37:45.433,0.97734,0.97765,1.17,3.45
2014.09.26 18:37:50.563,0.97734,0.97765,1.17,3.82
2014.09.26 18:37:52.371,0.97734,0.9776,1.00,1.52
2014.09.26 18:37:52.673,0.97729,0.9776,2.40,2.70
2014.09.26 18:37:52.976,0.97731,0.97761,1.65,1.52
2014.09.26 18:37:58.649,0.97734,0.97762,1.50,1.52
2014.09.26 18:38:01.600,0.97729,0.97761,2.77,1.52
2014.09.26 18:38:01.701,0.97731,0.97762,2.70,1.55
2014.09.26 18:38:02.003,0.97738,0.97762,1.65,1.12
2014.09.26 18:38:02.155,0.97738,0.97767,1.65,1.15
2014.09.26 18:38:02.800,0.97734,0.97766,2.40,3.07
2014.09.26 18:38:03.139,0.97735,0.97766,2.32,1.15
2014.09.26 18:38:03.594,0.97741,0.97766,1.65,1.12
2014.09.26 18:38:04.201,0.97736,0.97766,4.20,1.27
2014.09.26 18:38:04.586,0.97739,0.97766,1.57,1.27
2014.09.26 18:38:04.687,0.97738,0.97766,1.65,1.27
2014.09.26 18:38:05.120,0.97741,0.97766,1.65,1.20
2014.09.26 18:38:09.290,0.97741,0.97771,4.20,1.52
2014.09.26 18:38:09.816,0.97741,0.97771,4.20,1.52
2014.09.26 18:38:11.184,0.97744,0.97774,1.15,2.70
2014.09.26 18:38:11.391,0.97745,0.97776,1.65,1.52
2014.09.26 18:38:11.673,0.97744,0.97775,4.20,2.70
2014.09.26 18:38:11.723,0.97744,0.97775,2.02,4.87
2014.09.26 18:38:15.543,0.97741,0.97771,2.02,1.52
2014.09.26 18:38:21.153,0.97742,0.97771,2.02,1.27
2014.09.26 18:38:41.056,0.97742,0.97771,2.02,1.27
2014.09.26 18:38:46.692,0.97742,0.97771,2.02,1.52
2014.09.26 18:38:48.563,0.97742,0.97771,2.02,1.52
2014.09.26 18:38:48.614,0.97742,0.97771,2.02,1.52
2014.09.26 18:39:43.909,0.97743,0.97772,1.55,1.27
2014.09.26 18:39:48.626,0.97743,0.97772,1.37,1.12
2014.09.26 18:39:51.180,0.97743,0.97772,1.45,1.20
2014.09.26 18:40:00.406,0.97743,0.97776,4.95,5.25
2014.09.26 18:40:00.704,0.97743,0.97774,1.52,2.70
2014.09.26 18:40:02.058,0.97743,0.97772,1.07,3.07
2014.09.26 18:40:02.109,0.97743,0.97772,1.00,3.07
2014.09.26 18:40:02.159,0.97743,0.97768,1.00,2.70
2014.09.26 18:40:02.361,0.97738,0.97768,1.20,5.25
2014.09.26 18:40:02.462,0.97738,0.97768,1.20,5.25
2014.09.26 18:40:03.857,0.97733,0.97767,7.12,1.52
2014.09.26 18:40:05.223,0.97737,0.97768,2.32,3.07
2014.09.26 18:40:05.324,0.97739,0.97771,2.70,1.52
2014.09.26 18:40:05.794,0.97742,0.97771,1.65,1.52
2014.09.26 18:40:23.747,0.97739,0.97768,1.52,2.32
2014.09.26 18:40:23.848,0.97739,0.97768,1.20,2.70
2014.09.26 18:40:24.376,0.97733,0.97764,3.45,2.62
2014.09.26 18:40:24.427,0.97733,0.97764,1.27,2.70
2014.09.26 18:40:37.266,0.97732,0.97761,2.02,1.55
2014.09.26 18:40:37.367,0.97732,0.97759,1.95,2.32
2014.09.26 18:40:37.669,0.97734,0.97761,1.07,1.45
2014.09.26 18:40:37.770,0.97732,0.97761,1.65,1.15
2014.09.26 18:40:37.870,0.97732,0.97761,1.65,1.17
2014.09.26 18:40:38.072,0.97733,0.97761,1.10,2.32
2014.09.26 18:40:38.173,0.97733,0.97762,1.07,3.07
2014.09.26 18:40:38.375,0.97731,0.97762,2.32,2.40
2014.09.26 18:40:38.476,0.9773,0.97762,2.32,4.57
2014.09.26 18:40:38.578,0.97728,0.97762,1.15,6.75
2014.09.26 18:40:38.628,0.97734,0.97761,1.00,1.15
2014.09.26 18:40:38.930,0.97733,0.97764,1.15,3.07
2014.09.26 18:40:40.674,0.97733,0.97761,1.10,2.70
2014.09.26 18:40:41.077,0.97734,0.97764,1.20,4.87
2014.09.26 18:40:41.178,0.97734,0.97761,1.10,2.70
2014.09.26 18:40:41.379,0.97733,0.97762,2.40,1.52
2014.09.26 18:40:41.682,0.97734,0.97761,1.17,1.52
2014.09.26 18:40:41.934,0.97734,0.97765,1.15,6.00
2014.09.26 18:40:43.577,0.97734,0.97764,1.15,1.65
2014.09.26 18:40:43.677,0.97734,0.97765,1.15,1.52
2014.09.26 18:40:47.894,0.97733,0.97761,2.77,2.25
2014.09.26 18:40:47.995,0.97733,0.97759,1.00,2.32
2014.09.26 18:40:48.096,0.97734,0.97761,1.07,1.52
2014.09.26 18:40:48.197,0.97734,0.97761,1.15,1.47
2014.09.26 18:40:48.356,0.97734,0.97761,1.10,1.52
2014.09.26 18:40:48.920,0.97734,0.9776,1.00,2.70
2014.09.26 18:40:52.209,0.97734,0.97759,1.00,3.07
2014.09.26 18:40:52.260,0.97729,0.97756,1.10,1.52
2014.09.26 18:40:52.311,0.97729,0.97756,1.15,1.47
2014.09.26 18:40:52.412,0.97729,0.97756,1.00,3.07
2014.09.26 18:40:53.168,0.97728,0.97756,1.10,2.32
2014.09.26 18:40:53.819,0.97729,0.97756,1.00,3.07
2014.09.26 18:40:53.920,0.9773,0.97756,1.57,1.52
2014.09.26 18:40:54.020,0.97731,0.97756,1.65,1.00
2014.09.26 18:40:54.121,0.97737,0.97756,1.50,1.00
2014.09.26 18:40:54.373,0.97739,0.97764,2.25,2.70
2014.09.26 18:40:54.424,0.97739,0.97766,2.77,1.10
2014.09.26 18:40:54.525,0.9774,0.97767,1.65,1.15
2014.09.26 18:40:54.627,0.97741,0.97767,1.65,1.10
2014.09.26 18:40:54.929,0.97737,0.97766,1.65,1.15
2014.09.26 18:40:55.232,0.97739,0.97766,1.65,1.00
2014.09.26 18:40:55.483,0.9774,0.97766,1.65,1.00
2014.09.26 18:40:55.685,0.97742,0.97771,1.65,1.15
2014.09.26 18:40:56.038,0.97744,0.97771,2.02,1.27
2014.09.26 18:41:15.678,0.97745,0.97776,1.65,1.65
2014.09.26 18:41:19.276,0.97745,0.97776,2.02,1.52
2014.09.26 18:41:20.987,0.97745,0.97775,1.65,2.70
2014.09.26 18:41:28.360,0.97745,0.97777,3.82,1.90
2014.09.26 18:41:28.411,0.97745,0.97777,4.20,1.65
2014.09.26 18:41:28.461,0.97756,0.97777,1.50,1.50
2014.09.26 18:41:28.663,0.97755,0.97781,1.65,1.55
2014.09.26 18:41:34.356,0.97759,0.97782,1.50,1.52
2014.09.26 18:41:34.507,0.97757,0.97782,1.65,1.10
2014.09.26 18:41:35.036,0.97755,0.97782,1.65,1.47
2014.09.26 18:41:37.598,0.97755,0.97782,1.65,1.45
2014.09.26 18:41:44.440,0.97755,0.97782,1.65,1.45
2014.09.26 18:41:44.541,0.97755,0.97782,2.02,1.12
2014.09.26 18:41:51.151,0.97755,0.97782,1.65,1.12
2014.09.26 18:41:51.252,0.97757,0.97782,2.32,1.12
2014.09.26 18:41:51.554,0.97767,0.97782,1.57,1.00
2014.09.26 18:41:51.655,0.97767,0.97786,1.65,1.00
2014.09.26 18:41:53.840,0.97767,0.97786,1.57,1.00
2014.09.26 18:41:56.835,0.97767,0.97791,1.57,1.07
2014.09.26 18:42:01.118,0.97762,0.97792,4.20,1.52
2014.09.26 18:42:01.169,0.97762,0.97792,2.02,1.52
2014.09.26 18:42:01.219,0.97763,0.97791,2.02,1.15
2014.09.26 18:42:01.421,0.9776,0.97791,2.02,1.52
2014.09.26 18:42:01.522,0.9776,0.97789,1.57,2.70
2014.09.26 18:42:02.065,0.9776,0.97789,1.50,4.87
2014.09.26 18:42:02.626,0.97764,0.97789,1.50,3.07
2014.09.26 18:42:02.728,0.97764,0.97792,1.65,1.52
2014.09.26 18:42:02.930,0.97764,0.97791,1.50,2.70
2014.09.26 18:42:03.232,0.97761,0.9779,1.50,4.50
2014.09.26 18:42:03.333,0.9776,0.97788,1.50,4.50
2014.09.26 18:42:03.866,0.97764,0.97788,1.50,4.50
2014.09.26 18:42:03.971,0.9776,0.97788,1.50,4.50
2014.09.26 18:42:04.174,0.97758,0.97788,2.40,4.87
2014.09.26 18:42:04.683,0.97759,0.97788,2.25,4.87
2014.09.26 18:42:05.754,0.97758,0.97785,1.00,2.70
2014.09.26 18:42:06.585,0.9776,0.97785,1.50,2.70
2014.09.26 18:42:06.737,0.97758,0.97785,1.00,2.70
2014.09.26 18:42:13.325,0.97759,0.97785,1.00,2.70
2014.09.26 18:42:13.869,0.97758,0.97785,1.00,2.70
2014.09.26 18:42:26.196,0.97758,0.97786,1.10,2.70
2014.09.26 18:42:35.135,0.97759,0.97786,1.00,2.70
2014.09.26 18:42:35.717,0.97756,0.97786,2.77,2.70
2014.09.26 18:42:48.385,0.97757,0.97785,1.95,2.70
2014.09.26 18:42:48.486,0.97757,0.97783,1.50,2.32
2014.09.26 18:42:48.537,0.97755,0.97783,1.87,4.50
2014.09.26 18:42:48.840,0.97748,0.9778,3.15,2.32
2014.09.26 18:42:49.042,0.97748,0.97777,2.40,2.32
2014.09.26 18:42:56.016,0.97744,0.97775,1.52,2.70
2014.09.26 18:42:56.603,0.97743,0.97775,2.02,2.70
2014.09.26 18:42:57.907,0.97743,0.97774,1.45,5.70
2014.09.26 18:42:57.958,0.97743,0.97772,1.45,3.82
2014.09.26 18:42:58.059,0.97743,0.9777,1.00,2.70
2014.09.26 18:42:58.564,0.97739,0.9777,1.52,2.70
2014.09.26 18:43:01.868,0.97739,0.97771,4.95,1.52
2014.09.26 18:43:04.244,0.97742,0.97772,4.20,1.15
2014.09.26 18:43:04.496,0.97739,0.97772,3.07,3.07
2014.09.26 18:43:09.959,0.97739,0.9777,1.52,2.70
2014.09.26 18:43:32.883,0.97739,0.97766,4.87,1.00
2014.09.26 18:43:33.085,0.97742,0.97771,2.02,1.52
2014.09.26 18:43:33.185,0.9774,0.97771,1.52,1.52
2014.09.26 18:43:33.387,0.97741,0.97766,1.65,1.00
2014.09.26 18:43:33.796,0.9774,0.97766,2.02,1.10
2014.09.26 18:43:38.093,0.9774,0.97767,3.82,1.00
2014.09.26 18:43:38.345,0.9774,0.97772,4.20,1.15
2014.09.26 18:43:40.194,0.9774,0.97772,2.77,3.07
2014.09.26 18:43:40.446,0.9774,0.97766,2.02,1.00
2014.09.26 18:43:42.428,0.97737,0.97767,4.20,1.20
2014.09.26 18:43:50.145,0.97735,0.97767,2.70,1.27
2014.09.26 18:43:50.447,0.97733,0.97766,4.20,2.70
2014.09.26 18:44:24.237,0.97738,0.97761,1.65,1.10
2014.09.26 18:44:24.539,0.97736,0.97761,2.25,1.07
2014.09.26 18:44:24.590,0.97734,0.97761,1.10,1.15
2014.09.26 18:44:25.097,0.97729,0.97756,5.70,1.00
2014.09.26 18:44:25.334,0.97736,0.97756,1.87,1.00
2014.09.26 18:44:25.636,0.97739,0.97756,2.32,1.00
2014.09.26 18:44:25.791,0.97739,0.97766,2.32,1.00
2014.09.26 18:44:26.997,0.97739,0.97767,2.32,1.10
2014.09.26 18:44:28.743,0.97739,0.97766,2.70,1.00
2014.09.26 18:44:29.004,0.97738,0.97767,2.02,1.27
2014.09.26 18:44:49.178,0.97738,0.97766,2.02,1.10
2014.09.26 18:44:49.722,0.97738,0.97766,4.20,1.10
2014.09.26 18:44:59.762,0.97739,0.97761,2.02,1.00
2014.09.26 18:45:01.865,0.97739,0.97767,2.02,1.27
2014.09.26 18:45:49.222,0.97739,0.97766,1.87,1.00
2014.09.26 18:45:59.247,0.97736,0.97766,2.70,1.55
2014.09.26 18:46:04.552,0.97736,0.97762,2.70,1.00
2014.09.26 18:46:08.307,0.97736,0.97761,2.70,1.00
2014.09.26 18:46:20.267,0.97734,0.97761,4.87,1.00
2014.09.26 18:46:21.063,0.97733,0.97761,4.20,1.10
2014.09.26 18:46:23.054,0.97734,0.97761,2.70,1.10
2014.09.26 18:46:23.562,0.97735,0.97761,2.70,1.00
2014.09.26 18:46:24.572,0.97735,0.97767,2.70,1.52
2014.09.26 18:46:24.978,0.97735,0.97767,2.32,1.90
2014.09.26 18:46:25.079,0.97735,0.97767,2.32,1.52
2014.09.26 18:46:25.287,0.97733,0.97767,3.52,6.00
2014.09.26 18:46:25.891,0.97733,0.97767,3.52,6.00
2014.09.26 18:46:39.601,0.97739,0.97767,1.57,1.52
2014.09.26 18:46:39.903,0.97739,0.97766,2.02,1.10
2014.09.26 18:46:51.308,0.97739,0.97769,2.02,2.70
2014.09.26 18:46:51.815,0.97739,0.97769,2.02,2.70
2014.09.26 18:47:03.644,0.97739,0.9777,2.02,1.52
2014.09.26 18:47:12.967,0.97741,0.97767,1.07,1.27
2014.09.26 18:47:13.269,0.97735,0.97766,2.02,2.70
2014.09.26 18:47:13.571,0.97733,0.97765,1.65,4.50
2014.09.26 18:47:15.921,0.97739,0.97765,1.50,4.87
2014.09.26 18:47:16.022,0.97739,0.97766,1.50,1.52
2014.09.26 18:47:16.073,0.97737,0.97766,3.75,1.45
2014.09.26 18:47:16.123,0.97737,0.97766,4.20,1.00
2014.09.26 18:47:16.174,0.9774,0.97766,1.65,1.07
2014.09.26 18:47:16.701,0.9774,0.97766,1.57,1.17
2014.09.26 18:47:17.036,0.9774,0.97771,2.02,2.70
2014.09.26 18:47:19.467,0.97741,0.97771,2.02,2.70
2014.09.26 18:47:19.518,0.97741,0.97772,2.02,1.52
2014.09.26 18:47:40.214,0.97743,0.97771,2.02,1.52
2014.09.26 18:47:42.439,0.97742,0.97771,2.02,1.52
2014.09.26 18:47:43.043,0.97741,0.97771,1.57,2.70
2014.09.26 18:47:57.163,0.97739,0.97771,3.45,1.52
2014.09.26 18:48:00.072,0.9774,0.97771,4.20,1.55
2014.09.26 18:48:00.173,0.9774,0.97767,2.02,1.10
2014.09.26 18:48:00.494,0.9774,0.97767,2.02,1.15
2014.09.26 18:48:00.984,0.97742,0.97771,1.65,1.52
2014.09.26 18:48:07.060,0.97742,0.97772,1.65,1.52
2014.09.26 18:48:07.593,0.97742,0.97772,2.02,1.27
2014.09.26 18:48:12.183,0.97743,0.97772,2.32,1.55
2014.09.26 18:48:20.288,0.97743,0.97774,3.45,2.70
2014.09.26 18:48:20.339,0.97744,0.97774,1.20,4.87
2014.09.26 18:48:41.195,0.97743,0.97772,1.27,2.70
2014.09.26 18:48:49.632,0.97743,0.97771,1.07,2.70
2014.09.26 18:48:50.226,0.97743,0.9777,1.00,2.70
2014.09.26 18:48:51.662,0.97744,0.9777,1.50,2.70
2014.09.26 18:48:51.713,0.97744,0.97772,1.57,3.45
2014.09.26 18:48:55.559,0.97744,0.97772,1.27,3.45
2014.09.26 18:48:55.670,0.97744,0.97772,1.27,1.52
2014.09.26 18:48:58.081,0.97749,0.97773,1.00,1.52
2014.09.26 18:48:59.044,0.97744,0.97773,1.27,1.52
2014.09.26 18:49:07.425,0.97743,0.97773,2.77,2.70
2014.09.26 18:49:11.453,0.97743,0.97771,2.02,1.17
2014.09.26 18:49:12.535,0.97744,0.97773,1.07,2.70
2014.09.26 18:49:12.586,0.97744,0.97772,1.10,2.70
2014.09.26 18:49:19.953,0.97743,0.97771,2.02,1.15
2014.09.26 18:49:20.004,0.97743,0.97771,2.02,1.15
2014.09.26 18:49:22.994,0.97743,0.97776,4.95,2.70
2014.09.26 18:49:35.835,0.97744,0.97777,2.70,1.52
2014.09.26 18:49:37.649,0.97747,0.97777,6.37,1.57
2014.09.26 18:49:37.750,0.97747,0.97777,4.87,1.27
2014.09.26 18:49:37.850,0.97745,0.97777,4.87,1.27
2014.09.26 18:49:38.153,0.97748,0.97777,1.20,1.27
2014.09.26 18:49:38.656,0.97743,0.97772,2.40,1.15
2014.09.26 18:49:39.647,0.97743,0.97771,2.32,1.10
2014.09.26 18:49:40.193,0.97748,0.97778,1.15,1.65
2014.09.26 18:49:44.632,0.97748,0.97776,1.17,3.45
2014.09.26 18:49:45.202,0.97748,0.97776,1.10,2.70
2014.09.26 18:49:47.378,0.97748,0.97778,1.15,1.65
2014.09.26 18:49:47.694,0.97748,0.97778,1.55,4.95
2014.09.26 18:49:50.404,0.97748,0.97777,1.45,2.32
2014.09.26 18:49:50.505,0.97748,0.97777,1.12,4.87
2014.09.26 18:49:51.150,0.97748,0.97777,1.37,4.87
2014.09.26 18:49:56.843,0.97748,0.97777,1.00,4.87
2014.09.26 18:50:11.985,0.97744,0.97774,1.52,1.15
2014.09.26 18:50:13.853,0.97744,0.97774,1.52,1.52
2014.09.26 18:50:15.857,0.97744,0.97774,1.52,1.52
2014.09.26 18:50:23.074,0.97744,0.97774,3.45,1.17
2014.09.26 18:50:23.605,0.97744,0.97776,1.65,3.45
2014.09.26 18:50:33.633,0.97744,0.97776,1.52,3.45
2014.09.26 18:50:38.137,0.97745,0.97774,2.70,1.07
2014.09.26 18:50:38.741,0.97748,0.97775,1.37,3.45
2014.09.26 18:50:39.123,0.97743,0.97774,1.15,1.15
2014.09.26 18:50:59.172,0.97743,0.97774,1.52,1.52
2014.09.26 18:51:07.981,0.97744,0.97775,2.70,2.02
2014.09.26 18:51:08.082,0.97748,0.97774,1.15,1.27
2014.09.26 18:51:08.881,0.97748,0.97775,1.15,1.45
2014.09.26 18:51:08.932,0.97748,0.97779,1.52,1.15
2014.09.26 18:51:08.982,0.97748,0.97777,1.45,2.32
2014.09.26 18:51:09.234,0.97754,0.97781,1.00,2.40
2014.09.26 18:51:09.486,0.97754,0.97779,1.00,2.32
2014.09.26 18:51:09.537,0.97748,0.97778,1.15,1.15
2014.09.26 18:51:09.587,0.97748,0.97776,1.07,2.32
2014.09.26 18:51:09.638,0.97748,0.97776,1.00,2.32
2014.09.26 18:51:09.688,0.97748,0.97777,1.07,2.32
2014.09.26 18:51:09.840,0.97744,0.97771,1.15,1.15
2014.09.26 18:51:09.991,0.97744,0.9777,1.07,1.65
2014.09.26 18:51:10.042,0.97739,0.97771,1.15,4.57
2014.09.26 18:51:10.093,0.97739,0.97771,1.15,2.40
2014.09.26 18:51:10.420,0.97739,0.9777,1.15,5.32
2014.09.26 18:51:10.803,0.97739,0.97766,1.15,1.65
2014.09.26 18:51:11.327,0.97735,0.97766,2.70,1.52
2014.09.26 18:51:11.428,0.9774,0.97766,1.65,1.20
2014.09.26 18:51:11.529,0.97741,0.97766,1.65,1.00
2014.09.26 18:51:11.630,0.97744,0.97775,1.15,2.40
2014.09.26 18:51:11.731,0.97744,0.97774,1.27,2.70
2014.09.26 18:51:11.832,0.97744,0.97776,1.52,2.40
2014.09.26 18:51:12.084,0.97744,0.97775,1.45,2.70
2014.09.26 18:51:12.372,0.97744,0.97774,1.47,2.70
2014.09.26 18:51:12.473,0.97744,0.97774,1.47,2.70
2014.09.26 18:51:13.719,0.97744,0.97776,1.52,3.45
2014.09.26 18:51:32.454,0.97746,0.97776,2.77,2.02
2014.09.26 18:51:32.963,0.97749,0.97772,2.02,1.00
2014.09.26 18:51:33.064,0.97749,0.97777,2.02,1.17
2014.09.26 18:51:33.521,0.97751,0.97781,2.02,1.27
2014.09.26 18:51:40.639,0.97748,0.97779,3.45,2.32
2014.09.26 18:51:40.689,0.97748,0.97779,1.52,2.32
2014.09.26 18:51:40.841,0.97748,0.97777,1.52,2.32
2014.09.26 18:51:41.350,0.97744,0.97776,4.95,2.77
2014.09.26 18:51:47.183,0.97746,0.97774,1.57,1.15
2014.09.26 18:51:49.220,0.97744,0.97774,1.20,3.45
2014.09.26 18:51:49.522,0.97739,0.97772,4.57,3.45
2014.09.26 18:51:50.063,0.97739,0.97766,3.45,1.00
2014.09.26 18:51:51.683,0.97743,0.97772,1.20,3.45
2014.09.26 18:51:51.784,0.97743,0.97772,1.52,1.52
2014.09.26 18:51:54.055,0.97743,0.97772,1.55,1.52
2014.09.26 18:51:54.256,0.97743,0.97772,1.27,1.52
2014.09.26 18:51:54.407,0.97743,0.9777,1.00,2.70
2014.09.26 18:51:54.944,0.97738,0.9777,1.52,2.70
2014.09.26 18:51:57.736,0.97738,0.9777,1.65,2.70
2014.09.26 18:51:57.787,0.97739,0.97772,4.20,4.20
2014.09.26 18:51:58.301,0.97744,0.97772,1.47,3.45
2014.09.26 18:52:00.266,0.97744,0.97772,1.20,2.70
2014.09.26 18:52:02.244,0.97744,0.97772,1.47,2.70
2014.09.26 18:52:02.344,0.97744,0.97772,1.47,2.70
2014.09.26 18:52:02.937,0.97739,0.97771,6.82,1.15
2014.09.26 18:52:08.444,0.9774,0.97771,3.15,1.15
2014.09.26 18:52:11.895,0.97741,0.97771,4.87,1.20
2014.09.26 18:52:11.996,0.97745,0.97771,2.77,1.00
2014.09.26 18:52:12.298,0.97749,0.97771,2.02,1.00
2014.09.26 18:52:12.349,0.97749,0.97777,2.02,1.20
2014.09.26 18:52:15.711,0.97745,0.97777,2.77,1.15
2014.09.26 18:52:16.013,0.97743,0.97774,1.52,2.70
2014.09.26 18:52:16.519,0.97739,0.97771,3.15,1.15
2014.09.26 18:52:29.695,0.97744,0.97773,1.37,4.87
2014.09.26 18:52:37.260,0.97744,0.97774,1.57,4.87
2014.09.26 18:52:38.271,0.97741,0.97771,2.02,1.15
2014.09.26 18:52:42.453,0.97741,0.97771,2.02,1.15
2014.09.26 18:52:45.963,0.97741,0.97771,2.40,1.15
2014.09.26 18:52:48.611,0.97742,0.97771,3.07,1.17
2014.09.26 18:52:49.213,0.97742,0.97771,1.65,1.15
2014.09.26 18:52:51.903,0.97742,0.97771,1.52,1.15
2014.09.26 18:52:52.468,0.97741,0.97771,3.15,1.15
2014.09.26 18:52:54.975,0.97741,0.97771,2.40,1.15
2014.09.26 18:52:55.478,0.97741,0.97771,2.02,1.15
2014.09.26 18:52:58.878,0.97741,0.97771,1.95,1.15
2014.09.26 18:52:59.181,0.97739,0.97766,2.77,1.07
2014.09.26 18:52:59.483,0.9774,0.97771,5.25,1.27
2014.09.26 18:53:05.909,0.97743,0.97772,1.45,3.07
2014.09.26 18:53:23.664,0.97743,0.97772,1.52,1.27
2014.09.26 18:53:33.238,0.9774,0.97772,1.65,3.45
2014.09.26 18:53:33.339,0.9774,0.97772,3.07,1.27
2014.09.26 18:53:44.952,0.97743,0.97772,1.52,2.70
2014.09.26 18:53:45.883,0.97743,0.97772,1.55,2.32
2014.09.26 18:53:46.084,0.97744,0.97772,1.20,3.07
2014.09.26 18:53:53.510,0.97743,0.97772,1.15,2.70
2014.09.26 18:53:53.575,0.97743,0.97773,1.15,2.02
2014.09.26 18:53:58.729,0.97743,0.97772,1.20,2.70
2014.09.26 18:54:03.124,0.97743,0.97772,1.45,3.07
2014.09.26 18:54:10.919,0.97743,0.97768,1.37,2.32
2014.09.26 18:54:11.020,0.97743,0.9777,1.37,2.32
2014.09.26 18:54:11.071,0.97743,0.9777,1.00,2.70
2014.09.26 18:54:11.171,0.97743,0.97773,1.20,5.62
2014.09.26 18:54:11.272,0.97739,0.97766,3.52,1.00
2014.09.26 18:54:11.489,0.9774,0.97771,1.65,1.15
2014.09.26 18:54:12.843,0.9774,0.97771,2.40,1.15
2014.09.26 18:54:17.247,0.97743,0.97771,2.02,1.15
2014.09.26 18:54:17.550,0.97742,0.97771,6.00,1.12
2014.09.26 18:54:17.651,0.97742,0.97771,2.02,1.15
2014.09.26 18:54:26.439,0.97748,0.97771,2.25,1.07
2014.09.26 18:54:26.640,0.97748,0.97772,2.70,1.00
2014.09.26 18:54:26.741,0.97749,0.97777,2.70,1.12
2014.09.26 18:54:26.943,0.97746,0.97777,4.87,1.27
2014.09.26 18:54:27.043,0.97744,0.97777,1.65,1.15
2014.09.26 18:54:27.345,0.97741,0.97772,4.50,1.15
2014.09.26 18:54:36.827,0.97743,0.97771,2.70,1.10
2014.09.26 18:54:37.130,0.97745,0.97771,2.70,1.00
2014.09.26 18:54:37.432,0.97749,0.97771,2.70,1.00
2014.09.26 18:54:37.981,0.97749,0.97776,3.45,1.87
2014.09.26 18:54:41.075,0.97749,0.97776,1.27,2.02
2014.09.26 18:54:41.386,0.97746,0.97772,2.70,1.00
2014.09.26 18:54:43.677,0.97743,0.97771,1.52,1.50
2014.09.26 18:54:43.778,0.97743,0.97771,1.37,1.65
2014.09.26 18:54:44.316,0.97743,0.97771,1.00,1.65
2014.09.26 18:54:46.677,0.97744,0.97772,1.07,2.70
2014.09.26 18:54:46.829,0.97744,0.97774,1.27,1.52
2014.09.26 18:54:47.989,0.97744,0.97774,1.52,1.52
2014.09.26 18:54:48.392,0.97744,0.97772,1.10,2.70
2014.09.26 18:55:00.032,0.97741,0.97771,2.70,1.47
2014.09.26 18:55:00.233,0.97741,0.97771,4.20,1.20
2014.09.26 18:55:17.870,0.97744,0.97773,1.45,2.32
2014.09.26 18:55:18.173,0.97744,0.97765,1.37,2.32
2014.09.26 18:55:18.274,0.97739,0.97765,1.37,2.32
2014.09.26 18:55:18.425,0.97739,0.97766,1.47,2.40
2014.09.26 18:55:18.476,0.97739,0.97765,1.47,2.32
2014.09.26 18:55:18.577,0.97734,0.97765,1.52,4.50
2014.09.26 18:55:18.829,0.97734,0.97766,1.52,2.77
2014.09.26 18:55:19.480,0.97734,0.97766,3.45,2.40
2014.09.26 18:55:19.631,0.97737,0.97766,6.37,1.00
2014.09.26 18:55:19.833,0.97738,0.97772,1.90,5.85
2014.09.26 18:55:20.254,0.97742,0.97771,2.70,1.17
2014.09.26 18:55:27.592,0.97744,0.97771,2.70,1.07
2014.09.26 18:55:27.895,0.97748,0.97771,2.32,1.00
2014.09.26 18:55:28.046,0.9775,0.97776,2.70,1.00
2014.09.26 18:55:28.464,0.97752,0.97776,2.32,1.00
2014.09.26 18:55:28.565,0.97752,0.9778,2.70,1.05
2014.09.26 18:55:29.468,0.97752,0.97781,2.32,1.95
2014.09.26 18:55:29.669,0.97752,0.97776,2.32,1.00
2014.09.26 18:55:29.870,0.97745,0.97776,1.52,2.77
2014.09.26 18:55:37.145,0.97742,0.97771,2.70,1.00
2014.09.26 18:55:37.836,0.97743,0.97773,1.52,1.65
2014.09.26 18:55:43.564,0.97744,0.97771,1.52,1.00
2014.09.26 18:55:43.816,0.97748,0.97771,4.87,1.00
2014.09.26 18:55:44.118,0.97749,0.9778,1.15,1.65
2014.09.26 18:55:44.704,0.97749,0.97779,1.17,3.07
2014.09.26 18:55:45.107,0.97745,0.97772,2.70,1.00
2014.09.26 18:55:45.308,0.97746,0.97776,4.87,1.20
2014.09.26 18:55:46.113,0.97748,0.97776,6.37,1.00
2014.09.26 18:55:46.419,0.97748,0.9778,7.12,1.52
2014.09.26 18:55:47.044,0.97748,0.97776,6.37,1.00
2014.09.26 18:55:48.935,0.97746,0.97776,2.70,1.10
2014.09.26 18:55:49.186,0.97745,0.97776,3.82,1.07
2014.09.26 18:55:49.503,0.97748,0.97775,1.00,4.20
2014.09.26 18:55:50.021,0.97743,0.97772,1.52,1.15
2014.09.26 18:56:00.008,0.97744,0.97772,2.70,1.10
2014.09.26 18:56:06.005,0.97744,0.97771,2.70,1.00
2014.09.26 18:56:20.129,0.97743,0.97771,2.70,1.10
2014.09.26 18:56:23.377,0.97744,0.97776,7.12,2.02
2014.09.26 18:56:23.478,0.97749,0.97771,2.02,1.00
2014.09.26 18:56:23.593,0.97749,0.97776,2.02,1.00
2014.09.26 18:56:23.644,0.97752,0.97776,2.32,1.00
2014.09.26 18:56:23.694,0.97752,0.97781,2.32,1.37
2014.09.26 18:56:24.247,0.97752,0.97781,2.70,1.37
2014.09.26 18:56:25.236,0.97751,0.97781,2.70,2.70
2014.09.26 18:56:25.765,0.9775,0.97781,6.37,2.77
2014.09.26 18:56:32.194,0.9775,0.97781,2.70,2.02
2014.09.26 18:56:32.244,0.97748,0.97778,1.65,1.65
2014.09.26 18:56:32.295,0.97748,0.97777,1.07,2.70
2014.09.26 18:56:32.346,0.97748,0.97777,1.00,4.87
2014.09.26 18:56:33.028,0.97743,0.97772,1.52,1.20
2014.09.26 18:56:33.573,0.97744,0.97771,1.52,1.00
2014.09.26 18:56:42.203,0.97746,0.97771,2.32,1.00
2014.09.26 18:56:42.606,0.97748,0.9778,2.40,2.40
2014.09.26 18:56:44.686,0.97748,0.97778,1.52,4.20
2014.09.26 18:56:44.787,0.97748,0.97776,1.27,2.70
2014.09.26 18:56:45.296,0.97744,0.97771,1.27,1.10
2014.09.26 18:57:22.393,0.97744,0.97771,1.15,1.80
2014.09.26 18:57:22.443,0.97743,0.9777,1.17,1.95
2014.09.26 18:57:22.494,0.97743,0.9777,1.20,2.02
2014.09.26 18:57:22.595,0.97743,0.97768,1.10,2.02
2014.09.26 18:57:22.746,0.97739,0.97766,1.10,1.52
2014.09.26 18:57:25.203,0.97744,0.97768,1.00,2.02
2014.09.26 18:57:27.453,0.97744,0.9777,1.00,4.57
2014.09.26 18:57:27.554,0.97744,0.9777,1.17,2.02
2014.09.26 18:57:28.122,0.97744,0.97771,1.17,1.52
2014.09.26 18:57:29.434,0.97744,0.97771,1.07,1.52
2014.09.26 18:57:29.535,0.97744,0.97768,1.00,2.02
2014.09.26 18:57:30.273,0.97744,0.97768,1.00,4.20
2014.09.26 18:57:30.992,0.97739,0.97766,1.17,1.52
2014.09.26 18:57:36.003,0.97743,0.97767,1.00,2.02
2014.09.26 18:57:36.911,0.97743,0.97767,1.00,2.02
2014.09.26 18:57:56.001,0.97743,0.97767,1.00,2.02
2014.09.26 18:57:56.354,0.97739,0.97765,1.20,2.77
2014.09.26 18:58:01.092,0.97739,0.97764,1.10,1.17
2014.09.26 18:58:01.143,0.97739,0.97764,1.00,1.15
2014.09.26 18:58:01.474,0.97739,0.97764,1.00,3.45
2014.09.26 18:58:04.231,0.97738,0.97764,1.00,2.70
2014.09.26 18:58:05.993,0.97738,0.97761,1.00,2.32
2014.09.26 18:58:06.144,0.97738,0.97763,1.00,3.45
2014.09.26 18:58:06.245,0.97738,0.97761,1.00,3.45
2014.09.26 18:58:06.547,0.97738,0.97764,1.00,6.75
2014.09.26 18:58:06.699,0.97734,0.97761,1.20,1.52
2014.09.26 18:58:11.052,0.97739,0.97764,1.00,6.37
2014.09.26 18:58:11.821,0.97734,0.97761,1.20,1.52
2014.09.26 18:58:27.158,0.97734,0.97761,1.00,1.15
2014.09.26 18:58:30.855,0.97729,0.97756,1.52,1.00
2014.09.26 18:58:31.511,0.97734,0.97761,1.00,1.15
2014.09.26 18:58:32.515,0.97733,0.97762,1.27,1.27
2014.09.26 18:58:46.704,0.97734,0.97761,1.00,1.52
2014.09.26 18:58:48.195,0.97734,0.97761,1.07,1.52
2014.09.26 18:58:55.341,0.97734,0.97761,1.00,1.52
2014.09.26 18:58:55.392,0.97734,0.97759,1.00,2.70
2014.09.26 18:58:55.931,0.97733,0.97755,1.00,2.32
2014.09.26 18:58:57.930,0.97733,0.97758,1.00,2.70
2014.09.26 18:58:59.604,0.97734,0.97758,1.00,2.70
2014.09.26 18:58:59.971,0.97734,0.9776,1.00,2.70
2014.09.26 18:59:00.424,0.97733,0.97762,1.17,2.40
2014.09.26 18:59:00.626,0.97729,0.97756,1.15,1.07
2014.09.26 18:59:00.677,0.97729,0.97756,1.17,1.15
2014.09.26 18:59:00.928,0.97728,0.97757,3.07,1.15
2014.09.26 18:59:00.979,0.97728,0.97757,3.07,1.17
2014.09.26 18:59:01.293,0.97734,0.9776,1.07,1.17
2014.09.26 18:59:01.725,0.97734,0.9776,1.00,1.15
2014.09.26 18:59:01.951,0.97734,0.9776,1.20,1.15
2014.09.26 18:59:02.278,0.97731,0.97761,2.70,1.20
2014.09.26 18:59:04.179,0.97733,0.97758,1.37,1.65
2014.09.26 18:59:04.481,0.97733,0.97757,1.00,2.25
2014.09.26 18:59:04.532,0.97729,0.97756,1.00,1.15
2014.09.26 18:59:05.765,0.97729,0.97755,1.00,2.32
2014.09.26 18:59:06.412,0.97728,0.97755,1.00,2.32
2014.09.26 18:59:07.833,0.97729,0.97755,1.00,2.32
2014.09.26 18:59:08.279,0.97729,0.97756,1.07,1.55
2014.09.26 18:59:08.330,0.97729,0.97756,1.15,1.57
2014.09.26 18:59:08.482,0.97733,0.97757,1.07,1.12
2014.09.26 18:59:08.583,0.97733,0.9776,1.07,1.52
2014.09.26 18:59:08.885,0.97734,0.97759,1.00,4.80
2014.09.26 18:59:08.936,0.97728,0.97757,1.15,1.15
2014.09.26 18:59:08.987,0.97728,0.97757,1.20,1.15
2014.09.26 18:59:09.251,0.97728,0.97755,1.10,2.32
2014.09.26 18:59:09.810,0.97729,0.97755,1.00,2.32
2014.09.26 18:59:10.474,0.97728,0.97755,1.00,2.32
2014.09.26 18:59:10.899,0.97728,0.97757,1.10,1.15
2014.09.26 18:59:11.051,0.97728,0.97757,3.00,1.15
2014.09.26 18:59:11.202,0.97729,0.97757,2.02,1.17
2014.09.26 18:59:11.454,0.97733,0.97762,1.07,2.70
2014.09.26 18:59:11.964,0.97734,0.97763,1.17,2.70
2014.09.26 18:59:16.670,0.97733,0.9776,1.12,2.02
2014.09.26 18:59:16.972,0.97733,0.97756,1.00,2.32
2014.09.26 18:59:17.600,0.97734,0.97756,1.00,2.70
2014.09.26 18:59:17.751,0.97729,0.97756,1.00,3.45
2014.09.26 18:59:20.570,0.97728,0.97756,1.10,2.70
2014.09.26 18:59:23.371,0.97728,0.97756,1.17,2.70
2014.09.26 18:59:23.486,0.97728,0.97757,1.15,1.52
2014.09.26 18:59:26.896,0.97728,0.97755,1.00,2.70
2014.09.26 18:59:27.529,0.97723,0.97755,1.27,4.57
2014.09.26 18:59:28.252,0.97723,0.97755,1.15,4.57
2014.09.26 18:59:28.555,0.97729,0.97757,1.10,3.45
2014.09.26 18:59:28.706,0.97729,0.97759,1.17,2.40
2014.09.26 18:59:28.807,0.97728,0.97759,3.07,1.65
2014.09.26 18:59:29.339,0.97728,0.97759,3.45,1.52
2014.09.26 18:59:29.880,0.97728,0.97759,3.45,1.52
2014.09.26 18:59:31.983,0.97729,0.97759,1.15,1.52
2014.09.26 18:59:32.034,0.97729,0.97759,1.15,3.45
2014.09.26 18:59:32.186,0.97729,0.97757,1.07,4.20
2014.09.26 18:59:32.238,0.97729,0.97757,1.00,6.37
2014.09.26 18:59:32.570,0.97724,0.97756,1.27,1.52
2014.09.26 18:59:34.271,0.97724,0.97754,1.15,2.02
2014.09.26 18:59:37.810,0.97722,0.97752,4.50,1.57
2014.09.26 18:59:38.417,0.97722,0.97751,4.87,1.37
2014.09.26 18:59:41.427,0.97724,0.97754,1.17,3.07
2014.09.26 18:59:43.033,0.97723,0.97749,1.17,1.65
2014.09.26 18:59:43.235,0.97719,0.97745,1.10,2.02
2014.09.26 18:59:43.751,0.97719,0.97746,1.17,2.70
2014.09.26 18:59:43.852,0.97719,0.97746,1.15,2.70
2014.09.26 18:59:43.953,0.97719,0.97746,1.15,1.45
2014.09.26 18:59:44.174,0.97719,0.97746,3.07,1.45
2014.09.26 18:59:44.225,0.97724,0.97751,1.20,1.52
2014.09.26 18:59:47.028,0.97723,0.97751,1.15,2.02
2014.09.26 18:59:47.237,0.97719,0.97751,1.15,2.77
2014.09.26 18:59:47.389,0.97718,0.97749,1.20,2.70
2014.09.26 18:59:47.439,0.97713,0.97747,5.70,1.52
2014.09.26 18:59:47.691,0.97716,0.97747,2.70,1.52
2014.09.26 18:59:47.742,0.97719,0.9775,1.27,3.45
2014.09.26 18:59:48.316,0.97719,0.97748,1.27,2.02
2014.09.26 18:59:48.416,0.97719,0.97744,1.17,1.65
2014.09.26 18:59:48.517,0.97718,0.97742,1.07,1.95
2014.09.26 18:59:48.568,0.97718,0.97742,1.00,1.65
2014.09.26 18:59:48.669,0.97714,0.97741,1.15,1.20
2014.09.26 18:59:49.749,0.97711,0.9774,4.50,1.87
2014.09.26 18:59:50.981,0.97714,0.9774,1.10,2.02
2014.09.26 18:59:58.316,0.97709,0.9774,1.15,4.57
2014.09.26 18:59:59.190,0.97707,0.97734,2.70,2.25
2014.09.26 18:59:59.291,0.97704,0.97736,1.15,2.40
2014.09.26 18:59:59.442,0.97704,0.97735,3.07,3.07
2014.09.26 18:59:59.789,0.97708,0.97735,2.32,1.12
