2016.12.07 14:00:00.103,0.98937,0.98963,1.00,1.75
2016.12.07 14:00:00.154,0.98937,0.98965,1.12,1.75
2016.12.07 14:00:00.356,0.98937,0.98961,1.75,1.00
2016.12.07 14:00:00.658,0.98936,0.98957,1.75,1.00
2016.12.07 14:00:00.759,0.98936,0.98957,1.12,1.00
2016.12.07 14:00:00.859,0.98936,0.98957,1.75,1.00
2016.12.07 14:00:01.095,0.98937,0.98957,1.12,1.00
2016.12.07 14:00:01.203,0.98937,0.98961,1.12,1.12
2016.12.07 14:00:01.520,0.98935,0.98957,1.35,1.00
2016.12.07 14:00:01.722,0.98935,0.98961,1.35,1.12
2016.12.07 14:00:01.873,0.98935,0.98961,1.30,1.75
2016.12.07 14:00:03.436,0.98935,0.98961,1.67,1.37
2016.12.07 14:00:03.486,0.98935,0.98961,1.35,1.12
2016.12.07 14:00:03.749,0.98935,0.98956,1.35,1.00
2016.12.07 14:00:04.345,0.98936,0.9896,1.37,1.30
2016.12.07 14:00:04.446,0.98929,0.98959,2.25,2.25
2016.12.07 14:00:04.496,0.98929,0.98957,1.50,1.50
2016.12.07 14:00:04.679,0.98929,0.98956,1.12,1.75
2016.12.07 14:00:05.453,0.98929,0.98955,1.12,1.75
2016.12.07 14:00:06.237,0.98929,0.98954,1.00,1.75
2016.12.07 14:00:06.424,0.98925,0.98951,1.75,1.12
2016.12.07 14:00:07.282,0.98924,0.98948,1.00,1.00
2016.12.07 14:00:07.585,0.98923,0.98949,1.00,1.75
2016.12.07 14:00:07.736,0.98921,0.98946,1.12,1.37
2016.12.07 14:00:07.982,0.98921,0.98946,2.10,1.00
2016.12.07 14:00:08.636,0.98928,0.98949,1.60,1.00
2016.12.07 14:00:08.687,0.98928,0.98951,1.60,1.00
2016.12.07 14:00:08.788,0.9893,0.98957,1.35,1.50
2016.12.07 14:00:10.093,0.98929,0.98956,1.72,1.75
2016.12.07 14:00:10.194,0.9893,0.98957,2.10,1.50
2016.12.07 14:00:10.295,0.98932,0.98957,2.10,1.00
2016.12.07 14:00:10.396,0.98933,0.98956,1.12,1.00
2016.12.07 14:00:10.648,0.98935,0.98956,1.00,1.00
2016.12.07 14:00:11.263,0.98936,0.98956,1.00,1.00
2016.12.07 14:00:14.770,0.98933,0.98957,1.37,1.00
2016.12.07 14:00:14.820,0.98933,0.98957,1.12,1.12
2016.12.07 14:00:15.139,0.9893,0.98956,1.00,1.50
2016.12.07 14:00:15.190,0.98929,0.98956,1.37,1.50
2016.12.07 14:00:15.492,0.9893,0.98952,1.00,1.00
2016.12.07 14:00:16.184,0.9893,0.98952,1.37,1.00
2016.12.07 14:00:16.543,0.9893,0.98946,1.00,1.00
2016.12.07 14:00:19.947,0.9893,0.98951,1.00,1.00
2016.12.07 14:00:20.350,0.98932,0.98952,1.00,1.00
2016.12.07 14:00:21.841,0.98932,0.98951,1.50,1.00
2016.12.07 14:00:22.081,0.98932,0.98956,1.50,1.00
2016.12.07 14:00:22.619,0.9893,0.98956,1.30,1.75
2016.12.07 14:00:22.821,0.98929,0.98956,1.35,1.12
2016.12.07 14:00:28.097,0.98929,0.98952,1.67,1.00
2016.12.07 14:00:29.767,0.98929,0.98952,2.85,1.00
2016.12.07 14:00:29.959,0.98931,0.98956,1.35,1.00
2016.12.07 14:00:32.153,0.98932,0.98956,2.10,1.00
2016.12.07 14:00:32.304,0.98932,0.98956,1.67,1.00
2016.12.07 14:00:32.823,0.98932,0.98956,1.67,1.00
2016.12.07 14:00:35.385,0.98929,0.98956,1.75,1.37
2016.12.07 14:00:35.485,0.98929,0.98956,1.50,2.25
2016.12.07 14:00:35.814,0.98928,0.98951,1.50,1.00
2016.12.07 14:00:38.093,0.98928,0.98956,2.25,1.75
2016.12.07 14:00:38.471,0.98928,0.98951,1.50,1.00
2016.12.07 14:00:38.874,0.98928,0.98952,1.50,1.00
2016.12.07 14:00:39.406,0.98926,0.98952,1.75,1.00
2016.12.07 14:00:42.973,0.98928,0.98957,1.50,3.00
2016.12.07 14:00:47.223,0.98926,0.98952,1.75,1.00
2016.12.07 14:00:47.431,0.98926,0.98952,1.00,1.00
2016.12.07 14:00:48.605,0.98926,0.98951,1.00,1.00
2016.12.07 14:00:48.757,0.98924,0.9895,1.50,1.00
2016.12.07 14:00:48.807,0.98924,0.98946,1.00,1.00
2016.12.07 14:00:49.009,0.98924,0.9895,2.10,1.00
2016.12.07 14:00:49.581,0.98924,0.9895,1.35,1.50
2016.12.07 14:00:49.810,0.9892,0.98949,1.75,1.12
2016.12.07 14:00:49.922,0.98921,0.98947,1.00,1.00
2016.12.07 14:00:50.480,0.98921,0.98946,1.50,1.00
2016.12.07 14:00:50.786,0.98925,0.98952,1.37,1.50
2016.12.07 14:00:51.744,0.98927,0.98952,1.00,1.00
2016.12.07 14:00:52.315,0.98927,0.98951,1.00,1.00
2016.12.07 14:00:56.318,0.98925,0.98951,1.12,1.50
2016.12.07 14:00:56.976,0.98926,0.98951,1.00,1.50
2016.12.07 14:00:58.346,0.98926,0.98951,1.50,1.12
2016.12.07 14:00:58.446,0.98929,0.98951,1.00,1.00
2016.12.07 14:00:58.955,0.98929,0.98952,1.00,1.00
2016.12.07 14:00:59.597,0.98926,0.98951,1.75,1.00
2016.12.07 14:01:03.703,0.98929,0.98956,1.00,2.25
2016.12.07 14:01:04.304,0.98927,0.98951,1.50,1.00
2016.12.07 14:01:04.922,0.98926,0.98952,1.75,1.12
2016.12.07 14:01:08.723,0.98929,0.98956,1.00,2.25
2016.12.07 14:01:09.571,0.98929,0.98955,1.50,1.50
2016.12.07 14:01:10.454,0.98929,0.98956,1.35,1.12
2016.12.07 14:01:10.756,0.98934,0.98958,1.12,1.12
2016.12.07 14:01:11.312,0.98932,0.98957,1.75,1.00
2016.12.07 14:01:12.018,0.98932,0.98956,1.75,1.00
2016.12.07 14:01:15.063,0.98934,0.98962,2.10,1.50
2016.12.07 14:01:16.345,0.98935,0.98956,1.12,1.00
2016.12.07 14:01:17.878,0.98931,0.98956,1.50,1.12
2016.12.07 14:01:20.190,0.98929,0.98956,2.25,1.00
2016.12.07 14:01:20.439,0.98934,0.98959,1.30,1.50
2016.12.07 14:01:20.590,0.98934,0.98961,1.35,1.12
2016.12.07 14:01:21.074,0.98935,0.98957,1.75,1.00
2016.12.07 14:01:22.818,0.98936,0.98957,1.75,1.00
2016.12.07 14:01:23.433,0.98936,0.98961,1.75,1.00
2016.12.07 14:01:24.874,0.98938,0.98966,1.67,1.37
2016.12.07 14:01:24.924,0.98938,0.98966,2.10,1.12
2016.12.07 14:01:25.180,0.98941,0.98962,1.50,1.00
2016.12.07 14:01:26.036,0.98941,0.98961,1.50,1.00
2016.12.07 14:01:28.645,0.98941,0.98961,1.00,1.00
2016.12.07 14:01:30.348,0.98942,0.98961,1.00,1.00
2016.12.07 14:01:30.905,0.98941,0.98961,1.00,1.00
2016.12.07 14:01:34.558,0.98942,0.98966,1.00,1.00
2016.12.07 14:01:34.961,0.98945,0.98966,1.00,1.00
2016.12.07 14:01:35.419,0.98947,0.98966,1.72,1.00
2016.12.07 14:01:35.731,0.98951,0.98966,1.00,1.00
2016.12.07 14:01:35.781,0.98951,0.98979,1.00,2.25
2016.12.07 14:01:36.968,0.98952,0.9898,1.00,1.75
2016.12.07 14:01:37.430,0.98949,0.98975,1.00,1.50
2016.12.07 14:01:38.035,0.98949,0.98974,1.00,1.00
2016.12.07 14:01:38.592,0.98949,0.98975,1.00,1.50
2016.12.07 14:01:39.018,0.98948,0.98975,1.72,2.25
2016.12.07 14:01:39.170,0.98948,0.98976,1.35,1.12
2016.12.07 14:01:39.587,0.98945,0.98973,1.75,1.00
2016.12.07 14:01:39.688,0.98945,0.98971,1.00,1.00
2016.12.07 14:01:39.839,0.98944,0.98971,1.37,1.50
2016.12.07 14:01:40.179,0.9894,0.98967,2.10,1.50
2016.12.07 14:01:40.527,0.98944,0.98967,1.00,1.00
2016.12.07 14:01:41.369,0.9894,0.98967,2.10,1.00
2016.12.07 14:01:41.859,0.9894,0.98965,1.35,1.00
2016.12.07 14:01:48.867,0.9894,0.98966,1.35,1.00
2016.12.07 14:01:49.771,0.9894,0.98967,1.35,1.00
2016.12.07 14:01:50.392,0.9894,0.98966,1.35,1.00
2016.12.07 14:01:53.864,0.9894,0.98965,1.35,1.00
2016.12.07 14:01:54.713,0.9894,0.98966,1.35,1.00
2016.12.07 14:01:57.604,0.9894,0.98966,1.35,1.00
2016.12.07 14:01:59.702,0.9894,0.98967,1.35,1.00
2016.12.07 14:02:02.016,0.9894,0.98965,1.35,1.00
2016.12.07 14:02:02.365,0.98945,0.98965,2.10,1.00
2016.12.07 14:02:02.415,0.98945,0.98967,2.10,1.50
2016.12.07 14:02:02.617,0.98948,0.98972,1.60,1.00
2016.12.07 14:02:04.332,0.98948,0.98966,1.60,1.00
2016.12.07 14:02:04.790,0.98948,0.98971,1.60,1.00
2016.12.07 14:02:06.692,0.98948,0.98966,1.60,1.00
2016.12.07 14:02:09.396,0.98948,0.98971,1.60,1.00
2016.12.07 14:02:09.902,0.98946,0.98971,1.00,1.00
2016.12.07 14:02:10.003,0.98945,0.98969,1.00,1.00
2016.12.07 14:02:10.349,0.98939,0.98966,1.75,1.00
2016.12.07 14:02:10.500,0.98941,0.98965,1.35,1.00
2016.12.07 14:02:11.190,0.98941,0.98966,1.30,1.00
2016.12.07 14:02:11.801,0.98944,0.98967,1.00,1.12
2016.12.07 14:02:12.035,0.98941,0.98967,1.30,1.87
2016.12.07 14:02:12.086,0.98941,0.98965,1.30,1.00
2016.12.07 14:02:12.385,0.98941,0.98967,1.30,1.87
2016.12.07 14:02:25.202,0.98938,0.98967,2.25,2.47
2016.12.07 14:02:25.519,0.98934,0.98961,1.50,1.87
2016.12.07 14:02:25.570,0.98934,0.9896,1.50,1.00
2016.12.07 14:02:25.671,0.98934,0.9896,1.75,1.00
2016.12.07 14:02:26.182,0.98934,0.98961,1.75,1.87
2016.12.07 14:02:26.484,0.98941,0.98967,1.35,1.12
2016.12.07 14:02:26.786,0.98939,0.98965,1.50,1.12
2016.12.07 14:02:27.038,0.98939,0.98964,1.00,1.00
2016.12.07 14:02:28.731,0.98939,0.98963,1.00,1.00
2016.12.07 14:02:29.245,0.98939,0.98963,1.37,1.00
2016.12.07 14:02:29.826,0.98937,0.98965,1.75,1.12
2016.12.07 14:02:30.099,0.98939,0.98966,1.75,1.00
2016.12.07 14:02:30.602,0.98944,0.98967,1.00,1.12
2016.12.07 14:02:31.353,0.98939,0.98966,2.25,1.00
2016.12.07 14:02:31.605,0.98939,0.98963,1.00,1.00
2016.12.07 14:02:31.656,0.98937,0.98962,2.10,1.00
2016.12.07 14:02:31.756,0.98939,0.98962,2.47,1.00
2016.12.07 14:02:32.229,0.98943,0.98966,1.00,1.50
2016.12.07 14:02:32.329,0.9894,0.98961,1.60,1.00
2016.12.07 14:02:34.182,0.98942,0.98961,1.67,1.00
2016.12.07 14:02:35.264,0.9894,0.98966,1.35,1.00
2016.12.07 14:02:35.365,0.98941,0.98962,1.35,1.00
2016.12.07 14:02:35.667,0.98941,0.98961,2.10,1.00
2016.12.07 14:02:37.286,0.98941,0.98961,1.35,1.00
2016.12.07 14:02:37.390,0.98944,0.98968,1.00,1.50
2016.12.07 14:02:38.031,0.98944,0.98969,1.50,1.12
2016.12.07 14:02:38.384,0.98944,0.98967,1.35,1.00
2016.12.07 14:02:38.485,0.98941,0.98967,2.10,1.00
2016.12.07 14:02:38.787,0.98941,0.98966,1.67,1.12
2016.12.07 14:02:41.624,0.98941,0.98966,1.35,1.00
2016.12.07 14:02:51.968,0.98944,0.98969,1.12,1.37
2016.12.07 14:02:52.434,0.98944,0.9897,1.97,1.50
2016.12.07 14:02:52.737,0.98945,0.98972,2.85,1.00
2016.12.07 14:02:53.039,0.98945,0.98967,1.00,1.00
2016.12.07 14:02:54.509,0.98945,0.98967,1.60,1.00
2016.12.07 14:02:55.058,0.98945,0.9897,1.60,1.00
2016.12.07 14:02:55.209,0.98945,0.9897,2.85,1.00
2016.12.07 14:02:55.736,0.98945,0.98971,2.85,1.87
2016.12.07 14:02:57.054,0.98949,0.98971,1.67,1.00
2016.12.07 14:02:58.188,0.98949,0.98977,1.67,2.25
2016.12.07 14:02:59.323,0.98949,0.98975,1.35,1.12
2016.12.07 14:02:59.472,0.98951,0.98978,2.10,1.12
2016.12.07 14:02:59.573,0.98953,0.98982,1.35,2.25
2016.12.07 14:02:59.724,0.98954,0.98981,2.85,1.37
2016.12.07 14:03:00.254,0.98955,0.98981,1.30,1.12
2016.12.07 14:03:00.662,0.98954,0.98978,1.50,1.12
2016.12.07 14:03:00.974,0.9895,0.98971,1.75,1.00
2016.12.07 14:03:01.175,0.9895,0.98971,1.75,1.00
2016.12.07 14:03:01.736,0.98949,0.98971,1.35,1.00
2016.12.07 14:03:01.847,0.9895,0.98971,2.85,1.00
2016.12.07 14:03:01.897,0.98952,0.98976,1.60,1.00
2016.12.07 14:03:01.948,0.98954,0.98976,1.35,1.00
2016.12.07 14:03:02.752,0.98955,0.98976,1.50,1.00
2016.12.07 14:03:03.182,0.98958,0.98984,1.00,1.50
2016.12.07 14:03:04.347,0.98958,0.98983,1.00,1.00
2016.12.07 14:03:04.448,0.98954,0.98983,1.35,1.37
2016.12.07 14:03:04.549,0.98954,0.98983,1.35,1.75
2016.12.07 14:03:04.600,0.98959,0.98983,1.00,1.75
2016.12.07 14:03:04.902,0.98954,0.98976,2.10,1.00
2016.12.07 14:03:05.104,0.98956,0.98981,1.67,1.50
2016.12.07 14:03:05.154,0.98956,0.98981,2.85,1.00
2016.12.07 14:03:07.621,0.98962,0.98981,1.30,1.00
2016.12.07 14:03:08.274,0.98961,0.98981,1.97,1.00
2016.12.07 14:03:08.576,0.98963,0.98991,1.50,1.75
2016.12.07 14:03:08.878,0.98962,0.98986,1.35,1.00
2016.12.07 14:03:09.986,0.98959,0.98987,1.75,1.50
2016.12.07 14:03:10.478,0.98959,0.98981,1.75,1.00
2016.12.07 14:03:12.983,0.98959,0.98987,1.75,1.50
2016.12.07 14:03:13.453,0.98958,0.98986,3.00,1.12
2016.12.07 14:03:13.504,0.98959,0.98981,1.75,1.00
2016.12.07 14:03:13.957,0.98959,0.98982,1.00,1.00
2016.12.07 14:03:15.545,0.98956,0.98982,1.35,1.12
2016.12.07 14:03:15.596,0.98955,0.98977,1.35,1.00
2016.12.07 14:03:15.646,0.98955,0.98977,1.00,1.00
2016.12.07 14:03:15.849,0.98952,0.98977,2.10,1.00
2016.12.07 14:03:16.217,0.98954,0.98977,2.10,1.00
2016.12.07 14:03:16.423,0.9896,0.98986,1.12,1.75
2016.12.07 14:03:16.524,0.98961,0.98986,1.37,1.50
2016.12.07 14:03:16.625,0.98961,0.98981,1.50,1.00
2016.12.07 14:03:17.908,0.98961,0.98981,2.10,1.00
2016.12.07 14:03:17.987,0.98961,0.98986,2.10,1.12
2016.12.07 14:03:18.738,0.98962,0.98987,1.30,1.50
2016.12.07 14:03:18.839,0.98962,0.98986,3.22,1.12
2016.12.07 14:03:20.533,0.98962,0.98987,2.47,1.12
2016.12.07 14:03:24.236,0.98964,0.98989,1.60,1.00
2016.12.07 14:03:24.741,0.98964,0.98988,1.60,1.00
2016.12.07 14:03:25.009,0.98961,0.98986,1.35,1.00
2016.12.07 14:03:25.512,0.98964,0.98987,1.30,1.00
2016.12.07 14:03:27.013,0.98964,0.98987,2.47,1.00
2016.12.07 14:03:27.315,0.98969,0.98993,1.00,1.75
2016.12.07 14:03:27.416,0.98969,0.98993,1.00,1.50
2016.12.07 14:03:27.964,0.98965,0.98991,1.35,1.00
2016.12.07 14:03:29.608,0.98967,0.98991,1.35,1.00
2016.12.07 14:03:29.658,0.98967,0.98986,1.35,1.00
2016.12.07 14:03:29.860,0.98969,0.98996,1.35,2.25
2016.12.07 14:03:30.374,0.98967,0.98991,1.35,1.00
2016.12.07 14:03:30.926,0.98966,0.98991,1.37,1.37
2016.12.07 14:03:30.977,0.98965,0.98991,1.00,1.75
2016.12.07 14:03:31.078,0.98965,0.98991,1.50,1.50
2016.12.07 14:03:31.711,0.98965,0.98991,2.10,1.50
2016.12.07 14:03:32.312,0.98967,0.98991,2.10,1.50
2016.12.07 14:03:32.665,0.98968,0.98995,1.60,1.75
2016.12.07 14:03:33.827,0.98968,0.98991,1.60,1.00
2016.12.07 14:03:35.152,0.98969,0.98996,1.60,2.25
2016.12.07 14:03:35.655,0.98969,0.98995,1.00,2.25
2016.12.07 14:03:36.178,0.98967,0.98992,1.72,1.00
2016.12.07 14:03:36.741,0.98969,0.98995,1.00,2.25
2016.12.07 14:03:36.943,0.98969,0.98995,1.00,2.25
2016.12.07 14:03:37.094,0.98969,0.98992,1.00,1.00
2016.12.07 14:03:38.956,0.98968,0.98995,1.72,1.37
2016.12.07 14:03:39.007,0.98969,0.98997,1.50,1.50
2016.12.07 14:03:39.058,0.98969,0.98998,5.10,1.50
2016.12.07 14:03:39.159,0.98972,0.98999,2.10,1.00
2016.12.07 14:03:40.655,0.98974,0.99,1.12,1.50
2016.12.07 14:03:41.196,0.98973,0.99,1.00,1.75
2016.12.07 14:03:41.859,0.98974,0.99,1.00,1.75
2016.12.07 14:03:44.143,0.98972,0.99,1.12,1.75
2016.12.07 14:03:45.778,0.9897,0.98996,1.12,1.50
2016.12.07 14:03:46.080,0.98969,0.98992,1.75,1.00
2016.12.07 14:03:47.061,0.98969,0.98997,1.75,1.50
2016.12.07 14:03:47.938,0.98972,0.98991,1.30,1.00
2016.12.07 14:03:48.186,0.98973,0.98996,1.50,1.00
2016.12.07 14:03:49.253,0.98972,0.99,1.75,1.75
2016.12.07 14:03:49.404,0.98968,0.98994,1.75,1.00
2016.12.07 14:03:49.505,0.98968,0.98994,1.00,1.50
2016.12.07 14:03:49.656,0.98968,0.98991,1.00,1.00
2016.12.07 14:03:53.523,0.98965,0.98991,1.67,1.00
2016.12.07 14:03:54.053,0.98963,0.98992,2.85,2.25
2016.12.07 14:03:54.590,0.98963,0.98989,2.10,1.00
2016.12.07 14:03:57.805,0.98964,0.9899,1.72,1.12
2016.12.07 14:04:05.137,0.98964,0.98989,1.72,1.00
2016.12.07 14:04:05.676,0.98964,0.98989,1.12,1.00
2016.12.07 14:04:05.727,0.98964,0.98985,1.00,1.12
2016.12.07 14:04:05.979,0.98954,0.98981,2.10,1.50
2016.12.07 14:04:06.030,0.98954,0.98981,2.10,1.87
2016.12.07 14:04:13.125,0.98954,0.98979,2.10,1.00
2016.12.07 14:04:14.124,0.98954,0.98981,2.10,1.87
2016.12.07 14:04:18.308,0.98954,0.98981,3.60,1.87
2016.12.07 14:04:18.511,0.98955,0.98985,1.75,1.00
2016.12.07 14:04:19.711,0.9896,0.98985,1.00,1.00
2016.12.07 14:04:20.912,0.9896,0.98982,1.00,1.00
2016.12.07 14:04:23.742,0.98954,0.98982,2.85,1.00
2016.12.07 14:04:24.776,0.98957,0.98982,1.75,1.00
2016.12.07 14:04:24.882,0.98958,0.98984,1.75,1.00
2016.12.07 14:04:25.035,0.98958,0.98986,2.25,1.12
2016.12.07 14:04:25.747,0.98958,0.98986,1.37,1.75
2016.12.07 14:04:26.049,0.98954,0.98981,2.85,1.12
2016.12.07 14:04:35.166,0.98954,0.98979,2.10,1.00
2016.12.07 14:04:37.010,0.98954,0.9898,2.10,1.00
2016.12.07 14:04:37.478,0.98954,0.9898,1.72,1.37
2016.12.07 14:04:38.598,0.98954,0.9898,1.72,1.00
2016.12.07 14:04:39.457,0.98956,0.98978,1.00,1.00
2016.12.07 14:04:40.089,0.98956,0.9898,1.00,1.00
2016.12.07 14:04:40.613,0.98954,0.9898,2.85,1.00
2016.12.07 14:04:40.879,0.98954,0.9898,2.10,1.00
2016.12.07 14:04:41.259,0.98954,0.98978,2.10,1.00
2016.12.07 14:04:41.360,0.98957,0.9898,1.30,1.00
2016.12.07 14:04:41.511,0.98959,0.9898,1.00,1.00
2016.12.07 14:04:42.075,0.98959,0.98981,1.00,1.00
2016.12.07 14:04:42.887,0.98959,0.9898,1.00,1.00
2016.12.07 14:04:43.239,0.98955,0.98976,1.35,1.00
2016.12.07 14:04:43.406,0.98958,0.98979,1.00,1.00
2016.12.07 14:04:44.470,0.98958,0.9898,1.00,1.12
2016.12.07 14:04:46.062,0.98958,0.98977,1.00,1.00
2016.12.07 14:04:46.213,0.98953,0.98977,1.35,1.50
2016.12.07 14:04:46.314,0.98954,0.98977,1.35,1.50
2016.12.07 14:04:46.645,0.98959,0.98979,1.00,1.00
2016.12.07 14:04:46.780,0.98959,0.98981,1.00,1.00
2016.12.07 14:04:48.618,0.98957,0.98976,1.35,1.00
2016.12.07 14:04:49.023,0.98959,0.98979,1.00,1.00
2016.12.07 14:04:49.565,0.98959,0.98981,1.00,1.50
2016.12.07 14:04:51.214,0.98959,0.9898,1.50,1.00
2016.12.07 14:04:51.315,0.98959,0.98983,1.50,1.00
2016.12.07 14:04:51.884,0.98958,0.98983,1.50,1.37
2016.12.07 14:04:53.721,0.98957,0.98976,1.67,1.00
2016.12.07 14:04:53.966,0.98957,0.98982,1.67,1.87
2016.12.07 14:04:54.016,0.98957,0.98982,1.35,1.00
2016.12.07 14:04:56.141,0.98957,0.98982,1.35,1.00
2016.12.07 14:04:56.729,0.98957,0.9898,1.35,1.00
2016.12.07 14:04:57.720,0.98957,0.98982,1.35,1.00
2016.12.07 14:04:58.237,0.98957,0.98981,1.35,1.00
2016.12.07 14:04:58.551,0.98954,0.9898,2.10,1.00
2016.12.07 14:04:59.057,0.98956,0.98981,1.60,1.50
2016.12.07 14:04:59.731,0.98958,0.98981,1.00,1.00
2016.12.07 14:05:00.943,0.98958,0.98977,1.00,1.00
2016.12.07 14:05:01.094,0.98958,0.98979,1.00,1.00
2016.12.07 14:05:01.145,0.98953,0.98979,1.50,1.50
2016.12.07 14:05:01.346,0.98954,0.9898,1.75,1.12
2016.12.07 14:05:02.060,0.98952,0.98977,2.10,1.00
2016.12.07 14:05:02.161,0.98953,0.98982,2.25,1.50
2016.12.07 14:05:02.262,0.98954,0.98985,1.75,1.75
2016.12.07 14:05:02.771,0.98957,0.98982,1.50,1.00
2016.12.07 14:05:03.836,0.98958,0.98986,1.12,1.75
2016.12.07 14:05:03.937,0.98958,0.98986,1.75,1.75
2016.12.07 14:05:04.475,0.98958,0.98981,1.75,1.00
2016.12.07 14:05:07.961,0.98961,0.98986,1.50,1.75
2016.12.07 14:05:08.062,0.98965,0.98987,1.12,1.00
2016.12.07 14:05:08.367,0.98965,0.98992,2.10,1.12
2016.12.07 14:05:08.418,0.98966,0.98992,1.00,1.50
2016.12.07 14:05:08.619,0.98965,0.98992,2.10,1.12
2016.12.07 14:05:09.136,0.98965,0.98992,2.10,1.00
2016.12.07 14:05:11.587,0.98965,0.98991,1.35,1.00
2016.12.07 14:05:11.688,0.98965,0.98991,1.67,1.12
2016.12.07 14:05:11.789,0.98965,0.98991,1.35,1.00
2016.12.07 14:05:13.892,0.98965,0.98982,1.35,1.00
2016.12.07 14:05:14.093,0.98965,0.98982,1.35,1.00
2016.12.07 14:05:15.266,0.98967,0.98986,1.00,1.00
2016.12.07 14:05:15.468,0.98964,0.98986,1.67,1.00
2016.12.07 14:05:16.051,0.98964,0.98987,1.67,1.00
2016.12.07 14:05:19.972,0.98962,0.98981,1.35,1.00
2016.12.07 14:05:20.073,0.98962,0.98986,1.35,1.00
2016.12.07 14:05:20.366,0.98962,0.98981,1.35,1.00
2016.12.07 14:05:22.284,0.9896,0.98986,3.60,1.12
2016.12.07 14:05:22.588,0.9896,0.98982,1.50,1.00
2016.12.07 14:05:24.101,0.98959,0.98986,1.75,1.72
2016.12.07 14:05:24.152,0.98959,0.98984,1.37,2.10
2016.12.07 14:05:24.303,0.98953,0.98977,1.75,1.00
2016.12.07 14:05:24.516,0.98951,0.98976,2.10,1.00
2016.12.07 14:05:24.566,0.98951,0.98971,2.10,1.00
2016.12.07 14:05:24.617,0.98951,0.98971,2.10,1.00
2016.12.07 14:05:24.868,0.98951,0.98972,2.10,1.00
2016.12.07 14:05:25.174,0.98954,0.9898,1.50,1.67
2016.12.07 14:05:26.309,0.98954,0.9898,1.50,1.35
2016.12.07 14:05:26.495,0.98952,0.98976,1.00,1.00
2016.12.07 14:05:26.696,0.98951,0.98976,1.35,1.75
2016.12.07 14:05:26.797,0.98952,0.98976,1.50,1.00
2016.12.07 14:05:26.848,0.98952,0.98976,1.50,1.00
2016.12.07 14:05:27.353,0.98953,0.98977,1.00,1.00
2016.12.07 14:05:27.504,0.98954,0.98981,1.50,2.25
2016.12.07 14:05:28.096,0.98954,0.98981,2.10,2.25
2016.12.07 14:05:28.974,0.98954,0.98971,1.60,1.00
2016.12.07 14:05:29.203,0.98954,0.98981,1.60,1.50
2016.12.07 14:05:29.670,0.98954,0.98972,2.10,1.00
2016.12.07 14:05:30.171,0.98954,0.98981,2.10,1.00
2016.12.07 14:05:30.915,0.98954,0.98971,1.60,1.00
2016.12.07 14:05:31.120,0.98954,0.98976,1.00,1.00
2016.12.07 14:05:31.573,0.98954,0.9898,1.00,1.50
2016.12.07 14:05:31.976,0.98954,0.98977,1.00,1.00
2016.12.07 14:05:32.479,0.98951,0.9898,2.10,1.75
2016.12.07 14:05:32.809,0.98952,0.98971,1.60,1.00
2016.12.07 14:05:32.910,0.98956,0.98981,1.00,1.75
2016.12.07 14:05:33.011,0.98956,0.98981,1.50,1.00
2016.12.07 14:05:33.783,0.98951,0.98971,2.85,1.00
2016.12.07 14:05:33.833,0.98951,0.98971,2.10,1.00
2016.12.07 14:05:34.034,0.98951,0.98971,1.35,1.00
2016.12.07 14:05:35.035,0.98951,0.98971,1.35,1.00
2016.12.07 14:05:35.796,0.9895,0.98977,1.72,1.50
2016.12.07 14:05:36.002,0.9895,0.98972,1.12,1.00
2016.12.07 14:05:36.546,0.98949,0.98971,2.10,1.00
2016.12.07 14:05:36.848,0.98952,0.98971,1.00,1.00
2016.12.07 14:05:37.350,0.9895,0.98971,1.50,1.00
2016.12.07 14:05:40.649,0.98949,0.98971,2.10,1.00
2016.12.07 14:05:40.801,0.98949,0.98976,2.85,1.50
2016.12.07 14:05:40.909,0.98949,0.98976,2.85,1.50
2016.12.07 14:05:41.458,0.9895,0.98977,1.35,1.50
2016.12.07 14:05:42.732,0.98953,0.98977,2.10,1.50
2016.12.07 14:05:42.934,0.98959,0.98982,1.35,1.50
2016.12.07 14:05:43.035,0.98956,0.98977,2.10,1.00
2016.12.07 14:05:43.201,0.98956,0.98981,2.47,1.12
2016.12.07 14:05:43.302,0.98958,0.98983,2.10,1.00
2016.12.07 14:05:43.453,0.98958,0.98983,1.60,1.75
2016.12.07 14:05:43.755,0.98957,0.98977,1.35,1.00
2016.12.07 14:05:44.009,0.98957,0.98981,1.35,1.00
2016.12.07 14:05:49.807,0.98958,0.98976,1.60,1.00
2016.12.07 14:05:49.857,0.98958,0.98976,1.00,1.00
2016.12.07 14:05:49.958,0.98955,0.98976,2.10,1.00
2016.12.07 14:05:51.343,0.98956,0.98977,1.30,1.00
2016.12.07 14:05:51.606,0.98956,0.98981,1.30,1.50
2016.12.07 14:05:51.968,0.98956,0.98981,1.67,1.00
2016.12.07 14:05:52.764,0.98956,0.98977,1.67,1.00
2016.12.07 14:05:52.815,0.98959,0.98983,1.00,1.37
2016.12.07 14:05:52.936,0.98956,0.98976,1.35,1.00
2016.12.07 14:05:53.509,0.98958,0.98983,1.12,1.37
2016.12.07 14:05:53.610,0.98956,0.98977,1.67,1.00
2016.12.07 14:05:54.112,0.98956,0.98976,1.35,1.00
2016.12.07 14:05:54.222,0.98959,0.98983,1.00,1.37
2016.12.07 14:05:54.323,0.98953,0.98977,1.75,1.00
2016.12.07 14:05:54.424,0.98954,0.98981,1.37,1.12
2016.12.07 14:05:54.475,0.98954,0.98981,1.37,3.00
2016.12.07 14:05:54.529,0.98953,0.98976,1.37,1.00
2016.12.07 14:05:54.580,0.98953,0.98976,1.12,1.00
2016.12.07 14:05:55.206,0.98951,0.98977,2.10,1.12
2016.12.07 14:05:56.853,0.98954,0.98977,1.00,1.12
2016.12.07 14:05:56.903,0.98957,0.98977,1.00,1.00
2016.12.07 14:06:00.660,0.98957,0.98976,1.00,1.00
2016.12.07 14:06:00.811,0.98949,0.98976,2.10,1.00
2016.12.07 14:06:00.962,0.98949,0.98972,2.10,1.00
2016.12.07 14:06:01.492,0.98949,0.98972,1.35,1.00
2016.12.07 14:06:01.847,0.98948,0.98978,2.25,1.50
2016.12.07 14:06:02.295,0.98952,0.98977,1.72,1.00
2016.12.07 14:06:02.807,0.98954,0.98976,1.72,1.00
2016.12.07 14:06:03.424,0.98956,0.98977,1.00,1.00
2016.12.07 14:06:04.392,0.98955,0.98977,2.85,1.00
2016.12.07 14:06:07.501,0.98955,0.98977,1.67,1.00
2016.12.07 14:06:07.552,0.98955,0.98977,1.35,1.00
2016.12.07 14:06:07.838,0.98955,0.9898,1.35,1.00
2016.12.07 14:06:08.720,0.98952,0.9898,3.22,1.75
2016.12.07 14:06:09.150,0.98955,0.9898,1.30,1.37
2016.12.07 14:06:10.145,0.98952,0.98971,2.10,1.00
2016.12.07 14:06:10.245,0.98952,0.98971,1.67,1.00
2016.12.07 14:06:10.447,0.98953,0.98981,1.12,1.75
2016.12.07 14:06:10.643,0.98954,0.9898,1.60,1.00
2016.12.07 14:06:11.065,0.98954,0.98971,1.60,1.00
2016.12.07 14:06:11.568,0.98954,0.9898,2.10,1.00
2016.12.07 14:06:12.135,0.98954,0.98972,1.60,1.00
2016.12.07 14:06:13.437,0.98954,0.98972,1.00,1.00
2016.12.07 14:06:13.538,0.98951,0.98972,1.35,1.00
2016.12.07 14:06:16.243,0.98954,0.9898,1.12,1.75
2016.12.07 14:06:16.344,0.98951,0.98971,1.35,1.00
2016.12.07 14:06:16.566,0.98953,0.9898,1.50,1.75
2016.12.07 14:06:16.843,0.98951,0.98971,1.35,1.00
2016.12.07 14:06:16.993,0.98954,0.9898,1.12,1.75
2016.12.07 14:06:18.846,0.98954,0.98977,1.30,1.00
2016.12.07 14:06:21.458,0.98949,0.98971,1.72,1.00
2016.12.07 14:06:21.559,0.98948,0.98976,1.50,2.25
2016.12.07 14:06:21.660,0.98945,0.98973,1.72,1.75
2016.12.07 14:06:21.963,0.98945,0.98972,1.35,1.87
2016.12.07 14:06:22.265,0.98943,0.98972,1.72,2.25
2016.12.07 14:06:28.375,0.98943,0.98967,1.72,1.00
2016.12.07 14:06:28.626,0.98943,0.98971,1.72,1.75
2016.12.07 14:06:30.150,0.98944,0.98969,1.00,1.12
2016.12.07 14:06:30.262,0.98944,0.98969,1.00,1.75
2016.12.07 14:06:34.183,0.98944,0.9897,1.00,1.50
2016.12.07 14:06:34.845,0.98944,0.9897,1.60,1.50
2016.12.07 14:06:35.197,0.98945,0.98966,1.00,1.00
2016.12.07 14:06:36.000,0.98945,0.9897,1.00,1.00
2016.12.07 14:06:36.513,0.98945,0.98972,1.75,1.00
2016.12.07 14:06:36.614,0.98946,0.98972,1.00,1.50
2016.12.07 14:06:38.195,0.98944,0.98972,1.50,1.75
2016.12.07 14:06:41.513,0.98946,0.98972,1.00,1.50
2016.12.07 14:06:46.311,0.98946,0.98971,1.00,1.00
2016.12.07 14:06:47.111,0.98946,0.98972,1.00,2.25
2016.12.07 14:06:47.701,0.98946,0.98971,1.00,1.00
2016.12.07 14:06:49.511,0.98949,0.98972,1.00,1.00
2016.12.07 14:06:50.034,0.98946,0.98971,1.00,1.00
2016.12.07 14:06:50.561,0.98944,0.9897,2.10,1.00
2016.12.07 14:06:51.151,0.98944,0.98969,1.60,1.00
2016.12.07 14:06:51.744,0.98944,0.9897,2.10,1.00
2016.12.07 14:06:52.845,0.98944,0.98973,1.60,2.25
2016.12.07 14:07:03.020,0.9894,0.98967,1.75,1.12
2016.12.07 14:07:03.459,0.98939,0.98963,1.35,1.00
2016.12.07 14:07:03.561,0.98939,0.98965,1.50,1.00
2016.12.07 14:07:03.762,0.98939,0.98961,1.00,1.00
2016.12.07 14:07:04.183,0.98935,0.98961,1.50,1.12
2016.12.07 14:07:05.469,0.98937,0.98961,1.00,1.12
2016.12.07 14:07:06.864,0.98938,0.98961,1.00,1.00
2016.12.07 14:07:07.140,0.98938,0.98964,1.60,1.00
2016.12.07 14:07:07.292,0.9894,0.98969,1.35,1.87
2016.12.07 14:07:07.393,0.98941,0.98968,1.00,1.00
2016.12.07 14:07:07.561,0.98941,0.98962,1.00,1.00
2016.12.07 14:07:08.064,0.98937,0.98962,2.25,1.00
2016.12.07 14:07:09.363,0.98936,0.98962,1.00,1.50
2016.12.07 14:07:09.565,0.98934,0.98962,1.37,2.25
2016.12.07 14:07:15.292,0.98934,0.98961,2.25,1.12
2016.12.07 14:07:16.392,0.98934,0.9896,2.25,1.00
2016.12.07 14:07:16.493,0.98934,0.98961,1.00,3.00
2016.12.07 14:07:17.281,0.98934,0.98961,1.72,1.50
2016.12.07 14:07:17.432,0.98936,0.98966,1.00,1.75
2016.12.07 14:07:17.769,0.98939,0.98966,1.12,2.25
2016.12.07 14:07:19.377,0.98939,0.98966,1.37,2.25
2016.12.07 14:07:19.427,0.98939,0.98966,1.50,1.87
2016.12.07 14:07:20.131,0.98938,0.98956,1.75,1.00
2016.12.07 14:07:20.473,0.98939,0.98967,1.35,1.50
2016.12.07 14:07:20.523,0.98942,0.98967,2.10,2.25
2016.12.07 14:07:20.725,0.98944,0.98974,2.10,1.75
2016.12.07 14:07:20.826,0.98946,0.98972,1.00,1.00
2016.12.07 14:07:20.926,0.98944,0.98974,1.37,2.25
2016.12.07 14:07:21.511,0.98946,0.98972,1.00,1.50
2016.12.07 14:07:22.778,0.98946,0.98971,1.00,1.00
2016.12.07 14:07:22.829,0.98945,0.98971,1.75,1.00
2016.12.07 14:07:23.963,0.98946,0.98972,1.75,1.00
2016.12.07 14:07:25.744,0.98946,0.98971,1.75,1.00
2016.12.07 14:07:25.845,0.98946,0.98971,1.50,1.00
2016.12.07 14:07:26.032,0.98946,0.98971,1.35,1.00
2016.12.07 14:07:26.082,0.98946,0.98976,2.10,2.25
2016.12.07 14:07:26.302,0.9895,0.98976,1.37,1.37
2016.12.07 14:07:26.353,0.98954,0.98979,1.37,1.12
2016.12.07 14:07:31.390,0.98949,0.98971,2.25,1.00
2016.12.07 14:07:31.440,0.98949,0.98971,2.25,1.00
2016.12.07 14:07:31.491,0.98949,0.98976,2.25,1.00
2016.12.07 14:07:31.742,0.98954,0.9898,1.00,1.00
2016.12.07 14:07:36.907,0.98955,0.9898,1.00,1.00
2016.12.07 14:07:37.670,0.98954,0.9898,1.50,1.00
2016.12.07 14:07:41.996,0.98954,0.98971,1.00,1.00
2016.12.07 14:07:42.147,0.98949,0.98971,1.75,1.00
2016.12.07 14:07:42.198,0.98949,0.98977,1.75,2.25
2016.12.07 14:07:42.298,0.98948,0.98974,1.00,1.00
2016.12.07 14:07:42.399,0.98948,0.98971,1.00,1.00
2016.12.07 14:07:42.622,0.98948,0.98974,1.35,1.00
2016.12.07 14:07:42.674,0.98953,0.98976,1.00,1.12
2016.12.07 14:07:42.876,0.98949,0.98976,1.50,1.75
2016.12.07 14:07:42.927,0.98949,0.98976,1.50,2.25
2016.12.07 14:07:43.521,0.98951,0.98976,1.67,1.12
2016.12.07 14:07:43.868,0.98954,0.98977,1.00,1.50
2016.12.07 14:07:45.011,0.98951,0.98976,1.67,1.12
2016.12.07 14:07:46.218,0.98953,0.98977,1.00,1.50
2016.12.07 14:07:46.950,0.98953,0.98979,1.50,1.50
2016.12.07 14:07:48.031,0.98956,0.9898,2.10,1.75
2016.12.07 14:07:48.283,0.98959,0.98986,1.35,1.75
2016.12.07 14:07:48.336,0.98959,0.98984,1.35,1.00
2016.12.07 14:07:48.724,0.98958,0.98982,1.60,1.00
2016.12.07 14:07:49.232,0.98958,0.98982,1.50,1.00
2016.12.07 14:07:49.332,0.98958,0.98984,1.50,1.00
2016.12.07 14:07:50.231,0.98958,0.98985,1.50,1.37
2016.12.07 14:07:50.878,0.9896,0.98981,1.00,1.00
2016.12.07 14:07:51.079,0.98954,0.98981,2.10,1.12
2016.12.07 14:07:51.345,0.98954,0.98981,2.10,1.00
2016.12.07 14:07:51.581,0.98958,0.98984,1.37,1.37
2016.12.07 14:07:52.273,0.9896,0.98986,1.00,1.00
2016.12.07 14:07:52.833,0.9896,0.98986,1.60,1.00
2016.12.07 14:07:52.984,0.98961,0.98986,1.67,1.00
2016.12.07 14:07:53.085,0.98963,0.9899,1.12,1.50
2016.12.07 14:07:53.186,0.98963,0.98989,1.75,1.00
2016.12.07 14:07:53.286,0.98963,0.98989,1.50,1.50
2016.12.07 14:07:53.437,0.98963,0.98986,1.12,1.00
2016.12.07 14:07:54.010,0.98961,0.98987,1.30,1.87
2016.12.07 14:07:54.830,0.98961,0.98986,1.30,1.00
2016.12.07 14:07:55.495,0.98961,0.98981,1.30,1.00
2016.12.07 14:07:56.617,0.98959,0.98985,1.35,1.50
2016.12.07 14:07:56.768,0.98961,0.98986,1.67,1.00
2016.12.07 14:08:00.797,0.98961,0.98986,1.30,1.50
2016.12.07 14:08:01.513,0.98963,0.98986,1.00,1.50
2016.12.07 14:08:01.764,0.98959,0.98986,2.85,1.50
2016.12.07 14:08:02.727,0.98964,0.98987,1.00,1.75
2016.12.07 14:08:03.536,0.98959,0.98986,1.75,1.35
2016.12.07 14:08:03.587,0.98958,0.98985,1.50,1.75
2016.12.07 14:08:03.726,0.98958,0.98985,1.00,2.25
2016.12.07 14:08:03.777,0.98958,0.98987,1.50,1.75
2016.12.07 14:08:03.878,0.98959,0.98987,1.00,1.75
2016.12.07 14:08:04.476,0.98959,0.98986,1.37,2.25
2016.12.07 14:08:04.782,0.98959,0.98986,1.00,2.25
2016.12.07 14:08:04.956,0.98959,0.98984,1.37,1.00
2016.12.07 14:08:05.007,0.98956,0.98981,1.75,1.00
2016.12.07 14:08:08.368,0.98957,0.98981,1.75,1.00
2016.12.07 14:08:09.819,0.98958,0.98987,1.75,2.25
2016.12.07 14:08:09.870,0.98958,0.98987,1.75,2.25
2016.12.07 14:08:09.971,0.98958,0.98987,2.25,1.12
2016.12.07 14:08:10.550,0.9896,0.98986,1.00,1.00
2016.12.07 14:08:11.457,0.9896,0.98987,1.00,1.50
2016.12.07 14:08:12.098,0.9896,0.98986,1.00,1.00
2016.12.07 14:08:14.162,0.9896,0.98985,1.00,1.00
2016.12.07 14:08:14.706,0.9896,0.98986,1.35,1.00
2016.12.07 14:08:14.807,0.98961,0.98987,1.75,1.00
2016.12.07 14:08:15.016,0.9896,0.98988,1.75,1.75
2016.12.07 14:08:15.437,0.98958,0.98981,1.75,1.00
2016.12.07 14:08:15.724,0.98959,0.98985,1.00,1.00
2016.12.07 14:08:19.290,0.98958,0.98987,1.12,2.25
2016.12.07 14:08:20.136,0.98956,0.98976,1.75,1.00
2016.12.07 14:08:21.004,0.98955,0.98976,1.67,1.00
2016.12.07 14:08:22.824,0.98955,0.98976,2.10,1.00
2016.12.07 14:08:22.874,0.98959,0.98985,1.00,1.75
2016.12.07 14:08:23.930,0.98958,0.98987,1.12,1.75
2016.12.07 14:08:25.812,0.98958,0.98987,1.50,1.75
2016.12.07 14:08:29.011,0.98958,0.98984,1.50,1.00
2016.12.07 14:08:29.196,0.98958,0.98984,1.00,2.25
2016.12.07 14:08:29.738,0.98958,0.98984,1.00,2.25
2016.12.07 14:08:30.239,0.98955,0.98976,1.72,1.00
2016.12.07 14:08:30.348,0.98958,0.98984,1.00,2.25
2016.12.07 14:08:30.867,0.98958,0.98985,1.12,1.75
2016.12.07 14:08:31.019,0.98958,0.98986,2.25,1.37
2016.12.07 14:08:32.857,0.98964,0.98988,1.00,1.75
2016.12.07 14:08:33.059,0.98967,0.98991,1.00,1.00
2016.12.07 14:08:33.450,0.98966,0.98991,1.00,1.75
2016.12.07 14:08:33.959,0.98964,0.98991,2.85,1.75
2016.12.07 14:08:35.027,0.98969,0.98996,1.12,2.25
2016.12.07 14:08:35.077,0.98969,0.98997,1.50,1.50
2016.12.07 14:08:36.492,0.98965,0.98995,1.75,1.00
2016.12.07 14:08:36.543,0.98968,0.98994,1.00,1.00
2016.12.07 14:08:38.238,0.98966,0.98996,2.25,1.50
2016.12.07 14:08:38.292,0.9897,0.98996,1.00,1.50
2016.12.07 14:08:39.459,0.98969,0.98997,1.12,2.25
2016.12.07 14:08:39.803,0.98968,0.98992,4.35,1.00
2016.12.07 14:08:39.854,0.98971,0.98996,1.67,1.12
2016.12.07 14:08:39.955,0.98973,0.99001,1.50,1.50
2016.12.07 14:08:40.282,0.98971,0.98997,2.10,1.12
2016.12.07 14:08:40.732,0.98974,0.98997,1.37,1.12
2016.12.07 14:08:40.783,0.98974,0.99002,1.75,1.50
2016.12.07 14:08:40.833,0.98977,0.99002,3.22,1.50
2016.12.07 14:08:41.088,0.98979,0.99006,1.72,1.50
2016.12.07 14:08:41.290,0.98977,0.99002,2.10,1.00
2016.12.07 14:08:41.391,0.98977,0.99002,1.12,1.00
2016.12.07 14:08:41.912,0.98977,0.99001,1.12,1.00
2016.12.07 14:08:42.818,0.98978,0.99001,1.37,1.00
2016.12.07 14:08:44.493,0.98979,0.99005,1.50,1.00
2016.12.07 14:08:44.844,0.98979,0.99005,3.60,1.00
2016.12.07 14:08:45.159,0.98984,0.99008,1.00,1.75
2016.12.07 14:08:46.924,0.98984,0.9901,3.60,1.75
2016.12.07 14:08:47.075,0.98988,0.99011,1.35,1.00
2016.12.07 14:08:47.644,0.98988,0.99011,1.67,1.00
2016.12.07 14:08:48.100,0.98986,0.99011,1.12,1.37
2016.12.07 14:08:48.402,0.98988,0.99011,1.00,1.00
2016.12.07 14:08:52.310,0.98985,0.99011,1.75,1.00
2016.12.07 14:08:54.208,0.9899,0.99011,1.00,1.00
2016.12.07 14:08:54.727,0.9899,0.99012,1.00,1.00
2016.12.07 14:08:57.793,0.9899,0.99016,1.00,1.50
2016.12.07 14:08:59.980,0.9899,0.99011,1.00,1.00
2016.12.07 14:09:00.825,0.98988,0.99015,1.12,1.75
2016.12.07 14:09:01.412,0.98986,0.99011,1.50,1.00
2016.12.07 14:09:01.513,0.98986,0.99011,1.75,1.00
2016.12.07 14:09:01.815,0.98977,0.99005,1.75,1.00
2016.12.07 14:09:01.916,0.98979,0.99001,1.00,1.00
2016.12.07 14:09:02.229,0.98973,0.99002,2.85,1.75
2016.12.07 14:09:02.280,0.98976,0.99002,1.35,1.37
2016.12.07 14:09:02.709,0.98977,0.99002,1.75,1.00
2016.12.07 14:09:02.810,0.98974,0.99002,2.10,1.12
2016.12.07 14:09:02.885,0.98974,0.98997,2.10,1.00
2016.12.07 14:09:02.986,0.98974,0.99004,1.75,1.50
2016.12.07 14:09:03.137,0.98969,0.98997,3.37,1.00
2016.12.07 14:09:03.238,0.98973,0.98997,1.50,1.00
2016.12.07 14:09:03.741,0.98973,0.98997,1.12,1.12
2016.12.07 14:09:03.960,0.98973,0.98995,1.12,1.00
2016.12.07 14:09:04.289,0.98967,0.98991,1.75,1.00
2016.12.07 14:09:04.613,0.98967,0.98991,1.00,1.00
2016.12.07 14:09:04.915,0.98963,0.98992,1.75,1.75
2016.12.07 14:09:05.217,0.98966,0.98995,1.12,2.25
2016.12.07 14:09:05.390,0.98969,0.98995,1.00,1.75
2016.12.07 14:09:06.993,0.98967,0.98996,1.00,1.75
2016.12.07 14:09:07.542,0.98965,0.98992,1.50,1.12
2016.12.07 14:09:07.922,0.98974,0.98997,1.00,1.75
2016.12.07 14:09:08.142,0.98972,0.98996,1.67,1.00
2016.12.07 14:09:08.647,0.98974,0.99001,1.00,2.25
2016.12.07 14:09:10.433,0.98969,0.98991,2.10,1.00
2016.12.07 14:09:10.923,0.98968,0.98996,2.85,1.12
2016.12.07 14:09:10.974,0.98968,0.98996,2.85,1.50
2016.12.07 14:09:11.169,0.98969,0.98996,2.25,1.87
2016.12.07 14:09:11.686,0.9897,0.98996,1.75,1.00
2016.12.07 14:09:11.738,0.98973,0.98998,1.50,1.12
2016.12.07 14:09:11.842,0.98969,0.98992,2.25,1.00
2016.12.07 14:09:12.702,0.9897,0.98996,1.75,1.00
2016.12.07 14:09:13.160,0.98968,0.98996,1.37,1.50
2016.12.07 14:09:13.261,0.98968,0.98996,1.75,1.50
2016.12.07 14:09:13.362,0.9897,0.98996,1.00,2.25
2016.12.07 14:09:14.261,0.98969,0.98996,1.37,1.50
2016.12.07 14:09:14.399,0.98968,0.98991,1.37,1.00
2016.12.07 14:09:15.642,0.98967,0.98991,1.75,1.00
2016.12.07 14:09:15.743,0.98964,0.98991,2.10,1.00
2016.12.07 14:09:16.246,0.98964,0.9899,2.10,1.00
2016.12.07 14:09:16.429,0.98962,0.98987,1.35,1.00
2016.12.07 14:09:16.479,0.98962,0.98987,1.60,1.00
2016.12.07 14:09:16.631,0.98964,0.98989,2.10,1.00
2016.12.07 14:09:16.782,0.98965,0.98991,1.50,1.50
2016.12.07 14:09:18.447,0.98965,0.98991,1.50,1.12
2016.12.07 14:09:19.545,0.98968,0.98996,1.67,1.75
2016.12.07 14:09:21.119,0.98966,0.98991,1.75,1.00
2016.12.07 14:09:21.420,0.98967,0.98996,1.35,1.75
2016.12.07 14:09:25.818,0.98969,0.98996,1.72,1.75
2016.12.07 14:09:25.919,0.98974,0.99001,1.60,1.75
2016.12.07 14:09:26.020,0.98974,0.99,1.50,1.00
2016.12.07 14:09:26.231,0.98974,0.98997,1.50,1.00
2016.12.07 14:09:30.364,0.98974,0.99,1.00,1.00
2016.12.07 14:09:30.656,0.98975,0.99,1.60,1.00
2016.12.07 14:09:30.958,0.98979,0.99009,3.00,1.75
2016.12.07 14:09:31.008,0.98983,0.99009,1.00,1.50
2016.12.07 14:09:31.129,0.98983,0.99006,1.00,1.00
2016.12.07 14:09:31.330,0.98983,0.99009,1.00,1.50
2016.12.07 14:09:31.431,0.98983,0.99002,1.00,1.00
2016.12.07 14:09:31.532,0.98979,0.9901,1.50,2.25
2016.12.07 14:09:32.738,0.98976,0.99001,2.85,1.00
2016.12.07 14:09:33.033,0.98978,0.99006,1.75,1.12
2016.12.07 14:09:33.542,0.98976,0.98996,2.85,1.00
2016.12.07 14:09:34.137,0.98976,0.98996,2.10,1.00
2016.12.07 14:09:35.060,0.98979,0.99006,1.12,1.75
2016.12.07 14:09:35.111,0.98979,0.99006,1.75,1.50
2016.12.07 14:09:38.817,0.98978,0.99004,1.50,1.00
2016.12.07 14:09:39.171,0.98978,0.99001,1.00,1.00
2016.12.07 14:09:43.142,0.98974,0.99001,2.25,1.12
2016.12.07 14:09:51.421,0.98974,0.99001,2.85,1.12
2016.12.07 14:09:51.753,0.98978,0.99009,1.50,1.75
2016.12.07 14:09:58.067,0.98977,0.98996,1.75,1.00
2016.12.07 14:09:59.661,0.98981,0.98996,1.00,1.00
2016.12.07 14:09:59.711,0.98981,0.99006,1.00,1.50
2016.12.07 14:10:00.114,0.98981,0.99004,1.00,1.00
2016.12.07 14:10:00.516,0.98976,0.99001,2.25,1.00
2016.12.07 14:10:03.279,0.98976,0.99002,2.25,1.00
2016.12.07 14:10:06.582,0.98976,0.99001,2.25,1.00
2016.12.07 14:10:07.584,0.98976,0.99002,2.25,1.00
2016.12.07 14:10:09.124,0.98976,0.99001,2.25,1.00
2016.12.07 14:10:10.987,0.98976,0.99002,2.25,1.00
2016.12.07 14:10:11.501,0.98976,0.99002,2.25,1.00
2016.12.07 14:10:12.334,0.98976,0.99004,2.25,1.00
2016.12.07 14:10:12.980,0.98978,0.99003,1.00,1.00
2016.12.07 14:10:14.933,0.98977,0.98996,1.00,1.00
2016.12.07 14:10:15.601,0.9897,0.98996,2.10,1.00
2016.12.07 14:10:15.702,0.9897,0.98992,2.10,1.00
2016.12.07 14:10:16.169,0.9897,0.98992,1.35,1.00
2016.12.07 14:10:16.294,0.98974,0.98999,1.50,1.12
2016.12.07 14:10:16.692,0.98974,0.99003,1.75,1.50
2016.12.07 14:10:17.014,0.98973,0.98996,1.35,1.00
2016.12.07 14:10:25.321,0.98973,0.98997,1.72,1.00
2016.12.07 14:10:25.833,0.98973,0.99001,1.37,2.25
2016.12.07 14:10:26.373,0.98972,0.98997,1.50,1.00
2016.12.07 14:10:28.313,0.98972,0.98991,1.50,1.00
2016.12.07 14:10:28.978,0.98972,0.98991,2.25,1.00
2016.12.07 14:10:29.414,0.98974,0.99,1.50,1.12
2016.12.07 14:10:29.515,0.98972,0.98991,2.25,1.00
2016.12.07 14:10:29.616,0.98972,0.98997,2.25,1.00
2016.12.07 14:10:30.165,0.98972,0.98996,1.75,1.00
2016.12.07 14:10:30.660,0.98971,0.98991,2.10,1.00
2016.12.07 14:10:30.711,0.98971,0.98991,2.10,1.00
2016.12.07 14:10:31.161,0.98971,0.98996,2.10,1.00
2016.12.07 14:10:31.738,0.98972,0.98992,1.50,1.00
2016.12.07 14:10:32.141,0.98972,0.98992,1.00,1.00
2016.12.07 14:10:32.894,0.98971,0.98992,1.30,1.00
2016.12.07 14:10:33.907,0.98971,0.98992,2.85,1.00
2016.12.07 14:10:35.660,0.98971,0.98988,1.75,1.00
2016.12.07 14:10:35.710,0.98971,0.98989,1.00,1.30
2016.12.07 14:10:35.761,0.98961,0.98989,1.75,2.47
2016.12.07 14:10:35.817,0.98961,0.9899,1.75,1.37
2016.12.07 14:10:35.867,0.98962,0.98981,2.25,1.00
2016.12.07 14:10:36.169,0.98963,0.98986,1.35,1.00
2016.12.07 14:10:37.413,0.98961,0.98986,1.00,2.47
2016.12.07 14:10:37.615,0.98955,0.98982,1.12,1.67
2016.12.07 14:10:37.665,0.98953,0.98976,2.10,1.00
2016.12.07 14:10:37.766,0.98956,0.98982,1.35,1.50
2016.12.07 14:10:37.817,0.98956,0.98982,2.10,1.50
2016.12.07 14:10:37.968,0.98958,0.98987,2.85,1.75
2016.12.07 14:10:38.442,0.9896,0.98987,1.50,1.37
2016.12.07 14:10:42.445,0.9896,0.98987,1.75,1.00
2016.12.07 14:10:44.934,0.98959,0.98987,1.50,2.25
2016.12.07 14:10:47.864,0.98962,0.98987,1.00,1.00
2016.12.07 14:10:49.945,0.9896,0.98987,1.50,1.75
2016.12.07 14:10:51.882,0.98958,0.98986,1.75,2.10
2016.12.07 14:10:52.184,0.98954,0.98976,1.75,1.00
2016.12.07 14:10:53.960,0.98954,0.98976,1.50,1.00
2016.12.07 14:10:54.473,0.98954,0.98982,1.50,2.25
2016.12.07 14:10:55.074,0.98952,0.98981,1.50,1.75
2016.12.07 14:10:55.396,0.98953,0.98981,1.75,1.37
2016.12.07 14:10:59.342,0.9896,0.98982,1.60,2.25
2016.12.07 14:10:59.393,0.98964,0.98983,1.60,1.00
2016.12.07 14:10:59.494,0.98968,0.98997,1.12,2.25
2016.12.07 14:10:59.544,0.98968,0.98997,3.97,1.75
2016.12.07 14:10:59.595,0.98972,0.98996,1.30,1.12
2016.12.07 14:10:59.796,0.98972,0.98996,2.10,1.00
2016.12.07 14:11:00.332,0.98972,0.98997,1.75,1.00
2016.12.07 14:11:00.635,0.98975,0.98997,1.50,1.00
2016.12.07 14:11:01.171,0.98974,0.98996,2.25,1.00
2016.12.07 14:11:02.411,0.98974,0.99001,2.25,1.00
2016.12.07 14:11:02.461,0.98974,0.98996,2.25,1.00
2016.12.07 14:11:03.051,0.98974,0.98997,2.25,1.00
2016.12.07 14:11:03.610,0.98979,0.98996,1.00,1.00
2016.12.07 14:11:03.663,0.98979,0.99001,1.00,1.00
2016.12.07 14:11:04.022,0.98979,0.98997,1.00,1.00
2016.12.07 14:11:04.254,0.98979,0.99002,1.00,1.50
2016.12.07 14:11:04.355,0.98979,0.98997,1.00,1.00
2016.12.07 14:11:04.818,0.98979,0.99001,1.00,1.00
2016.12.07 14:11:05.044,0.98979,0.99005,1.00,1.50
2016.12.07 14:11:05.094,0.98977,0.99006,1.75,1.87
2016.12.07 14:11:08.011,0.9898,0.99006,1.75,1.00
2016.12.07 14:11:09.356,0.98981,0.99007,1.75,1.00
2016.12.07 14:11:10.136,0.98984,0.9901,1.00,1.50
2016.12.07 14:11:10.378,0.98984,0.99006,1.00,1.00
2016.12.07 14:11:10.747,0.98981,0.99002,1.00,1.00
2016.12.07 14:11:12.230,0.9898,0.99002,1.50,1.00
2016.12.07 14:11:13.135,0.98981,0.99002,1.00,1.00
2016.12.07 14:11:13.645,0.98982,0.99002,1.00,1.00
2016.12.07 14:11:13.730,0.98984,0.99006,1.00,1.00
2016.12.07 14:11:17.012,0.98988,0.99006,3.00,1.00
2016.12.07 14:11:17.113,0.98987,0.99012,1.35,1.75
2016.12.07 14:11:17.214,0.98989,0.99012,1.75,1.00
2016.12.07 14:11:17.726,0.98991,0.99011,1.00,1.00
2016.12.07 14:11:18.065,0.98991,0.99017,1.35,1.50
2016.12.07 14:11:18.166,0.98996,0.99017,1.00,1.00
2016.12.07 14:11:18.217,0.98997,0.99021,2.47,1.00
2016.12.07 14:11:18.268,0.98998,0.99026,1.50,2.25
2016.12.07 14:11:18.319,0.99002,0.99026,1.60,1.00
2016.12.07 14:11:18.636,0.98998,0.99027,1.75,2.25
2016.12.07 14:11:18.687,0.98999,0.99021,1.50,1.00
2016.12.07 14:11:18.788,0.99003,0.99029,1.00,2.10
2016.12.07 14:11:18.889,0.99005,0.99029,1.00,1.37
2016.12.07 14:11:18.940,0.99005,0.99029,1.00,1.37
2016.12.07 14:11:19.041,0.99005,0.99021,1.00,1.00
2016.12.07 14:11:19.142,0.99005,0.99031,1.00,2.25
2016.12.07 14:11:19.243,0.99004,0.99026,2.62,1.00
2016.12.07 14:11:19.444,0.99005,0.99036,5.10,2.25
2016.12.07 14:11:19.856,0.99007,0.99031,2.25,1.00
2016.12.07 14:11:20.110,0.99006,0.99031,1.00,1.12
2016.12.07 14:11:20.161,0.99006,0.99027,1.00,1.00
2016.12.07 14:11:20.464,0.99006,0.99037,1.75,2.25
2016.12.07 14:11:20.665,0.99008,0.99026,1.37,1.00
2016.12.07 14:11:20.766,0.99008,0.99036,1.00,1.75
2016.12.07 14:11:20.870,0.99007,0.99027,1.87,1.00
2016.12.07 14:11:21.180,0.99007,0.99026,1.75,1.00
2016.12.07 14:11:21.370,0.99006,0.99031,1.37,1.12
2016.12.07 14:11:21.420,0.99005,0.99031,2.25,1.75
2016.12.07 14:11:21.746,0.99005,0.99021,2.25,1.00
2016.12.07 14:11:22.285,0.99005,0.99026,1.00,1.00
2016.12.07 14:11:22.587,0.99004,0.99022,2.02,1.00
2016.12.07 14:11:22.972,0.99004,0.99031,2.02,3.00
2016.12.07 14:11:23.253,0.99005,0.99032,2.40,2.25
2016.12.07 14:11:23.354,0.99005,0.99032,3.37,1.50
2016.12.07 14:11:23.605,0.99008,0.99032,1.00,1.00
2016.12.07 14:11:23.968,0.99008,0.99034,1.50,1.00
2016.12.07 14:11:24.220,0.99008,0.99036,1.75,1.00
2016.12.07 14:11:24.691,0.99005,0.99031,4.12,1.00
2016.12.07 14:11:24.742,0.99008,0.99031,1.00,1.00
2016.12.07 14:11:24.843,0.99005,0.99031,4.12,1.12
2016.12.07 14:11:27.100,0.99005,0.99031,3.00,1.50
2016.12.07 14:11:27.601,0.99005,0.99027,2.62,1.00
2016.12.07 14:11:28.159,0.99005,0.99026,2.62,1.00
2016.12.07 14:11:28.756,0.99005,0.99027,2.02,1.00
2016.12.07 14:11:29.333,0.99004,0.99027,2.02,1.00
2016.12.07 14:11:29.652,0.99005,0.99022,3.00,1.00
2016.12.07 14:11:32.161,0.99005,0.99026,3.00,1.00
2016.12.07 14:11:32.780,0.99004,0.99026,3.37,1.00
2016.12.07 14:11:33.533,0.99005,0.99026,3.00,1.00
2016.12.07 14:11:34.853,0.99005,0.99026,3.75,1.00
2016.12.07 14:11:35.356,0.99005,0.99026,3.60,1.00
2016.12.07 14:11:35.867,0.99005,0.99032,3.37,3.00
2016.12.07 14:11:38.171,0.99005,0.99026,2.17,1.00
2016.12.07 14:11:39.331,0.99005,0.99026,2.55,1.00
2016.12.07 14:11:39.482,0.99006,0.99031,1.35,1.00
2016.12.07 14:11:39.587,0.99006,0.99026,1.35,1.00
2016.12.07 14:11:39.738,0.99005,0.99026,2.77,1.00
2016.12.07 14:11:40.104,0.99005,0.99021,1.80,1.00
2016.12.07 14:11:40.204,0.99005,0.99026,1.80,1.00
2016.12.07 14:11:40.588,0.99003,0.99026,1.00,1.00
2016.12.07 14:11:40.639,0.99005,0.99026,1.67,1.00
2016.12.07 14:11:41.213,0.99007,0.99026,1.00,1.00
2016.12.07 14:11:42.864,0.99007,0.99026,1.75,1.00
2016.12.07 14:11:43.547,0.99006,0.99026,1.75,1.00
2016.12.07 14:11:45.285,0.99005,0.99032,2.85,1.00
2016.12.07 14:11:45.597,0.99005,0.99027,2.85,1.00
2016.12.07 14:11:45.725,0.99005,0.99031,2.85,1.00
2016.12.07 14:11:46.519,0.99007,0.99032,1.50,1.00
2016.12.07 14:11:46.570,0.99006,0.99032,1.00,1.50
2016.12.07 14:11:46.671,0.99011,0.99032,1.00,1.12
2016.12.07 14:11:46.974,0.99013,0.99031,1.37,1.00
2016.12.07 14:11:47.276,0.99015,0.99031,2.25,1.00
2016.12.07 14:11:47.327,0.99015,0.99037,2.25,1.00
2016.12.07 14:11:47.478,0.99013,0.99037,1.75,1.00
2016.12.07 14:11:47.579,0.99015,0.99036,1.35,1.00
2016.12.07 14:11:48.090,0.99015,0.99036,1.67,1.00
2016.12.07 14:11:48.599,0.99015,0.99036,1.35,1.00
2016.12.07 14:11:48.913,0.99014,0.99041,2.25,1.75
2016.12.07 14:11:49.014,0.99012,0.99032,2.10,1.00
2016.12.07 14:11:49.165,0.99013,0.99031,1.00,1.00
2016.12.07 14:11:49.669,0.99012,0.99031,2.10,1.00
2016.12.07 14:11:49.870,0.99011,0.99031,2.10,1.00
2016.12.07 14:11:49.920,0.99011,0.99036,2.10,1.00
2016.12.07 14:11:50.434,0.99012,0.99037,1.75,1.00
2016.12.07 14:11:50.595,0.99014,0.9904,1.67,1.50
2016.12.07 14:11:50.746,0.9902,0.99042,1.00,1.75
2016.12.07 14:11:50.897,0.9902,0.99046,2.10,1.00
2016.12.07 14:11:51.597,0.9902,0.99036,1.67,1.00
2016.12.07 14:11:51.698,0.9902,0.99041,1.67,1.00
2016.12.07 14:11:51.898,0.9902,0.99047,2.10,1.12
2016.12.07 14:11:52.063,0.9902,0.99047,2.85,1.00
2016.12.07 14:11:52.611,0.99022,0.99046,1.50,1.00
2016.12.07 14:11:54.039,0.99023,0.99047,1.12,1.00
2016.12.07 14:11:54.926,0.99023,0.99041,1.12,1.00
2016.12.07 14:11:55.624,0.99022,0.99041,1.35,1.00
2016.12.07 14:11:56.127,0.99023,0.99041,1.12,1.00
2016.12.07 14:11:56.632,0.99023,0.99042,1.12,1.00
2016.12.07 14:11:57.243,0.99023,0.99041,1.12,1.00
2016.12.07 14:11:57.509,0.99023,0.99047,1.12,1.00
2016.12.07 14:11:57.610,0.99023,0.99041,1.12,1.00
2016.12.07 14:11:58.423,0.99022,0.99041,1.35,1.00
2016.12.07 14:11:58.638,0.99024,0.99047,2.10,1.00
2016.12.07 14:11:59.204,0.99024,0.99047,1.75,1.00
2016.12.07 14:11:59.881,0.99024,0.99047,1.75,1.00
2016.12.07 14:12:00.693,0.99022,0.99047,1.75,1.00
2016.12.07 14:12:01.211,0.99023,0.99047,1.37,1.00
2016.12.07 14:12:01.735,0.99021,0.99046,1.75,1.00
2016.12.07 14:12:01.836,0.99018,0.99041,1.75,1.00
2016.12.07 14:12:01.937,0.99019,0.99041,1.30,1.00
2016.12.07 14:12:02.138,0.99019,0.99047,2.10,1.12
2016.12.07 14:12:02.678,0.9902,0.99046,1.50,1.00
2016.12.07 14:12:04.129,0.99019,0.99041,1.35,1.00
2016.12.07 14:12:04.230,0.99019,0.99047,1.67,2.25
2016.12.07 14:12:04.431,0.99019,0.99046,2.10,1.12
2016.12.07 14:12:05.537,0.9902,0.99041,2.25,1.00
2016.12.07 14:12:05.839,0.99019,0.99041,1.67,1.00
2016.12.07 14:12:06.385,0.99019,0.99041,1.00,1.00
2016.12.07 14:12:06.839,0.99019,0.99046,1.37,1.75
2016.12.07 14:12:06.939,0.9902,0.99046,1.37,1.12
2016.12.07 14:12:09.066,0.9902,0.9905,1.75,1.75
2016.12.07 14:12:09.371,0.99023,0.99052,1.12,2.10
2016.12.07 14:12:09.573,0.99023,0.99046,1.12,1.00
2016.12.07 14:12:10.169,0.99022,0.99046,1.12,1.00
2016.12.07 14:12:10.813,0.9902,0.99046,1.50,1.00
2016.12.07 14:12:11.335,0.9902,0.99047,1.50,1.12
2016.12.07 14:12:12.135,0.99019,0.99046,2.25,1.00
2016.12.07 14:12:14.469,0.99021,0.9905,1.12,2.10
2016.12.07 14:12:15.011,0.9902,0.99046,1.50,1.00
2016.12.07 14:12:15.981,0.99017,0.99046,2.25,1.37
2016.12.07 14:12:16.442,0.99019,0.99046,1.37,1.12
2016.12.07 14:12:17.062,0.99019,0.99041,1.75,1.00
2016.12.07 14:12:17.660,0.99018,0.99047,1.75,1.12
2016.12.07 14:12:18.046,0.9902,0.99046,1.75,1.37
2016.12.07 14:12:18.622,0.99019,0.99046,1.75,1.50
2016.12.07 14:12:23.575,0.99018,0.99042,1.75,1.00
2016.12.07 14:12:24.063,0.99019,0.99046,1.75,2.25
2016.12.07 14:12:24.801,0.99017,0.99042,1.75,1.00
2016.12.07 14:12:26.556,0.9902,0.99042,1.12,1.00
2016.12.07 14:12:26.757,0.99018,0.99042,1.50,1.00
2016.12.07 14:12:27.086,0.9902,0.99044,1.00,1.00
2016.12.07 14:12:28.275,0.9902,0.99047,1.37,1.75
2016.12.07 14:12:28.336,0.9902,0.99047,1.75,1.50
2016.12.07 14:12:31.568,0.99019,0.99041,1.50,1.00
2016.12.07 14:12:31.870,0.99022,0.99041,1.00,1.00
2016.12.07 14:12:32.376,0.99022,0.99041,1.37,1.00
2016.12.07 14:12:33.771,0.99021,0.99041,1.12,1.00
2016.12.07 14:12:36.005,0.99021,0.99046,1.00,1.50
2016.12.07 14:12:36.276,0.99021,0.99041,1.00,1.00
2016.12.07 14:12:37.007,0.9902,0.99041,1.00,1.00
2016.12.07 14:12:39.750,0.9902,0.99042,1.00,1.00
2016.12.07 14:12:39.875,0.9902,0.99046,1.00,1.35
2016.12.07 14:12:40.177,0.9902,0.99041,1.50,1.00
2016.12.07 14:12:41.309,0.9902,0.99041,1.50,1.00
2016.12.07 14:12:41.778,0.9902,0.99046,1.75,1.00
2016.12.07 14:12:44.237,0.9902,0.99042,1.75,1.00
2016.12.07 14:12:44.807,0.99021,0.99046,1.75,1.00
2016.12.07 14:12:45.331,0.99021,0.99041,1.75,1.00
2016.12.07 14:12:45.888,0.99019,0.99042,1.75,1.00
2016.12.07 14:12:46.207,0.99019,0.99047,1.35,1.12
2016.12.07 14:12:52.824,0.99018,0.99041,1.75,1.00
2016.12.07 14:12:53.521,0.99018,0.99047,3.60,2.47
2016.12.07 14:12:56.734,0.99019,0.99047,1.75,1.72
2016.12.07 14:12:57.036,0.99022,0.99046,1.75,1.00
2016.12.07 14:12:57.137,0.99022,0.99051,1.75,1.37
2016.12.07 14:12:57.322,0.99022,0.99046,1.75,1.00
2016.12.07 14:12:58.116,0.99023,0.99047,1.50,1.00
2016.12.07 14:12:59.443,0.99023,0.99047,1.00,1.00
2016.12.07 14:13:00.547,0.99022,0.99047,1.50,1.00
2016.12.07 14:13:02.023,0.99019,0.99045,1.50,1.37
2016.12.07 14:13:02.123,0.99019,0.99044,1.12,1.50
2016.12.07 14:13:02.955,0.99016,0.99042,2.10,1.00
2016.12.07 14:13:03.300,0.99022,0.99047,1.00,1.00
2016.12.07 14:13:03.943,0.99024,0.99048,1.60,1.00
2016.12.07 14:13:04.044,0.99026,0.99051,2.10,1.37
2016.12.07 14:13:04.094,0.99026,0.99051,2.47,1.37
2016.12.07 14:13:04.145,0.99026,0.99054,2.85,1.00
2016.12.07 14:13:04.767,0.99028,0.99055,1.50,1.12
2016.12.07 14:13:05.413,0.99026,0.99046,2.85,1.00
2016.12.07 14:13:05.514,0.99026,0.99052,2.10,1.00
2016.12.07 14:13:05.615,0.99026,0.99052,1.35,1.00
2016.12.07 14:13:06.128,0.99026,0.99051,1.35,1.00
2016.12.07 14:13:06.729,0.99025,0.99042,2.25,1.00
2016.12.07 14:13:06.931,0.99023,0.99042,1.35,1.00
2016.12.07 14:13:07.143,0.99024,0.99051,1.75,3.60
2016.12.07 14:13:07.446,0.99022,0.99046,1.00,1.00
2016.12.07 14:13:10.626,0.99022,0.99046,1.50,1.00
2016.12.07 14:13:12.728,0.9902,0.99047,1.75,1.50
2016.12.07 14:13:12.778,0.99023,0.99047,1.00,1.50
2016.12.07 14:13:12.829,0.99019,0.99042,1.35,1.00
2016.12.07 14:13:13.133,0.99021,0.99042,1.75,1.00
2016.12.07 14:13:13.234,0.99021,0.99046,1.75,1.00
2016.12.07 14:13:13.551,0.99022,0.99046,1.75,1.00
2016.12.07 14:13:14.275,0.99021,0.99042,1.75,1.00
2016.12.07 14:13:14.376,0.99021,0.99042,1.75,1.00
2016.12.07 14:13:15.654,0.99018,0.99047,1.75,2.10
2016.12.07 14:13:15.705,0.99014,0.99042,4.12,1.60
2016.12.07 14:13:15.756,0.99017,0.99041,1.00,1.35
2016.12.07 14:13:16.508,0.99017,0.99042,1.50,1.37
2016.12.07 14:13:17.011,0.9902,0.99042,1.00,1.00
2016.12.07 14:13:21.263,0.9902,0.99046,1.00,2.25
2016.12.07 14:13:21.364,0.9902,0.99047,1.75,1.12
2016.12.07 14:13:21.666,0.9902,0.99046,1.75,1.00
2016.12.07 14:13:22.268,0.9902,0.99046,1.00,1.50
2016.12.07 14:13:24.313,0.9902,0.99044,1.00,1.00
2016.12.07 14:13:24.615,0.9902,0.99042,1.00,1.00
2016.12.07 14:13:26.963,0.9902,0.99046,1.00,1.50
2016.12.07 14:13:27.064,0.99022,0.99047,1.00,1.87
2016.12.07 14:13:27.386,0.99026,0.99046,1.00,1.00
2016.12.07 14:13:28.082,0.99021,0.99046,1.75,1.00
2016.12.07 14:13:30.595,0.99021,0.99041,1.75,1.00
2016.12.07 14:13:32.787,0.9902,0.99041,1.75,1.00
2016.12.07 14:13:34.174,0.99019,0.99048,1.75,1.75
2016.12.07 14:13:36.439,0.99019,0.99046,1.75,1.00
2016.12.07 14:13:36.540,0.99016,0.99043,1.75,1.00
2016.12.07 14:13:36.742,0.99014,0.99045,3.00,1.75
2016.12.07 14:13:37.087,0.99017,0.99041,1.50,1.00
2016.12.07 14:13:37.491,0.9902,0.99046,1.00,2.25
2016.12.07 14:13:38.258,0.9902,0.99041,1.00,1.00
2016.12.07 14:13:42.896,0.9902,0.99046,1.50,1.50
2016.12.07 14:13:42.997,0.9902,0.99046,2.25,1.12
2016.12.07 14:13:43.329,0.99022,0.99046,1.75,1.00
2016.12.07 14:13:43.527,0.99022,0.99046,1.75,1.00
2016.12.07 14:13:43.678,0.99024,0.9905,1.50,1.00
2016.12.07 14:13:43.779,0.99024,0.99041,1.00,1.00
2016.12.07 14:13:44.293,0.99024,0.9905,1.50,1.00
2016.12.07 14:13:44.394,0.99024,0.99041,1.00,1.00
2016.12.07 14:13:44.568,0.99024,0.99046,1.00,1.00
2016.12.07 14:13:45.579,0.99024,0.99041,1.00,1.00
2016.12.07 14:13:47.768,0.99021,0.99041,1.75,1.00
2016.12.07 14:13:48.283,0.99023,0.99041,1.75,1.00
2016.12.07 14:13:50.527,0.99021,0.99041,1.75,1.00
2016.12.07 14:13:51.075,0.99018,0.99041,1.75,1.00
2016.12.07 14:13:51.584,0.99022,0.99041,1.00,1.00
2016.12.07 14:13:52.245,0.9902,0.99041,1.50,1.00
2016.12.07 14:13:54.912,0.99021,0.99041,1.50,1.00
2016.12.07 14:13:55.063,0.99022,0.99041,1.00,1.00
2016.12.07 14:13:55.519,0.99022,0.99048,1.00,1.00
2016.12.07 14:13:55.721,0.9902,0.99046,1.50,1.12
2016.12.07 14:13:56.229,0.9902,0.99046,1.50,1.50
2016.12.07 14:13:58.569,0.99019,0.99046,1.37,1.50
2016.12.07 14:13:59.089,0.99019,0.99045,1.00,1.30
2016.12.07 14:13:59.417,0.99023,0.99044,1.00,1.00
2016.12.07 14:13:59.518,0.99023,0.99046,1.00,1.12
2016.12.07 14:14:00.048,0.99022,0.99046,1.12,1.12
2016.12.07 14:14:01.508,0.9902,0.99046,1.12,1.75
2016.12.07 14:14:01.609,0.99021,0.99046,1.00,1.00
2016.12.07 14:14:02.108,0.99019,0.99046,1.00,1.75
2016.12.07 14:14:02.611,0.99018,0.99041,1.12,1.00
2016.12.07 14:14:03.085,0.9902,0.99041,1.00,1.00
2016.12.07 14:14:03.186,0.99018,0.99041,1.12,1.00
2016.12.07 14:14:03.287,0.9902,0.99041,1.37,1.00
2016.12.07 14:14:04.021,0.99021,0.99047,1.00,2.25
2016.12.07 14:14:04.586,0.99021,0.99046,1.00,1.00
2016.12.07 14:14:06.082,0.99019,0.99046,2.25,1.37
2016.12.07 14:14:06.133,0.99019,0.99045,2.25,1.00
2016.12.07 14:14:07.362,0.9902,0.99045,1.00,1.00
2016.12.07 14:14:08.089,0.99021,0.99045,1.00,1.00
2016.12.07 14:14:08.189,0.99023,0.99045,1.00,1.00
2016.12.07 14:14:08.341,0.99023,0.99051,1.00,3.00
2016.12.07 14:14:08.851,0.99024,0.9905,1.00,1.75
2016.12.07 14:14:09.506,0.99021,0.99047,1.50,1.12
2016.12.07 14:14:10.226,0.99024,0.9905,1.00,2.25
2016.12.07 14:14:10.436,0.99024,0.99048,1.00,1.00
2016.12.07 14:14:10.810,0.99022,0.99042,1.00,1.00
2016.12.07 14:14:11.330,0.9902,0.99042,1.50,1.00
2016.12.07 14:14:12.176,0.9902,0.99046,1.00,1.00
2016.12.07 14:14:12.327,0.99022,0.99047,1.00,1.00
2016.12.07 14:14:12.829,0.99022,0.99046,1.00,1.00
2016.12.07 14:14:13.325,0.99019,0.99046,1.87,1.75
2016.12.07 14:14:13.881,0.99016,0.99042,1.75,1.00
2016.12.07 14:14:14.477,0.99017,0.99046,1.75,1.75
2016.12.07 14:14:15.528,0.9902,0.99046,1.00,1.00
2016.12.07 14:14:16.210,0.99019,0.99046,1.87,1.37
2016.12.07 14:14:16.715,0.99019,0.99046,1.50,1.75
2016.12.07 14:14:17.611,0.9902,0.99046,1.00,1.75
2016.12.07 14:14:18.697,0.9902,0.99046,1.12,1.50
2016.12.07 14:14:19.212,0.9902,0.99046,1.50,1.50
2016.12.07 14:14:23.050,0.9902,0.99041,1.00,1.00
2016.12.07 14:14:25.083,0.99018,0.99041,1.50,1.00
2016.12.07 14:14:30.772,0.99018,0.99041,1.00,1.12
2016.12.07 14:14:32.723,0.99017,0.99041,1.12,1.12
2016.12.07 14:14:34.076,0.99015,0.99036,1.50,1.00
2016.12.07 14:14:34.773,0.99015,0.99036,1.75,1.00
2016.12.07 14:14:37.566,0.99016,0.99036,1.00,1.00
2016.12.07 14:14:38.592,0.99016,0.99041,1.00,1.00
2016.12.07 14:14:38.892,0.99016,0.99036,1.00,1.00
2016.12.07 14:14:40.331,0.99016,0.99042,1.00,1.00
2016.12.07 14:14:40.381,0.99014,0.99041,1.12,1.50
2016.12.07 14:14:40.784,0.99014,0.99041,2.25,1.00
2016.12.07 14:14:41.295,0.99019,0.99044,1.00,1.75
2016.12.07 14:14:41.907,0.99016,0.99041,1.75,1.00
2016.12.07 14:14:42.412,0.99018,0.99044,1.12,1.75
2016.12.07 14:14:44.922,0.99018,0.99036,1.12,1.00
2016.12.07 14:14:46.531,0.99021,0.99041,1.00,1.00
2016.12.07 14:14:46.632,0.99022,0.99047,1.00,1.75
2016.12.07 14:14:46.732,0.99023,0.99047,1.00,1.00
2016.12.07 14:14:47.516,0.99023,0.99046,1.00,1.00
2016.12.07 14:14:47.868,0.99022,0.99046,2.25,1.00
2016.12.07 14:14:50.788,0.99025,0.99047,1.00,1.00
2016.12.07 14:14:51.833,0.99025,0.99046,1.00,1.00
2016.12.07 14:14:53.731,0.99025,0.9905,1.60,1.00
2016.12.07 14:14:53.832,0.99025,0.99047,1.60,1.00
2016.12.07 14:14:54.135,0.99022,0.99047,1.50,1.00
2016.12.07 14:14:54.782,0.99023,0.9905,1.00,2.25
2016.12.07 14:14:55.142,0.99021,0.99046,1.30,1.00
2016.12.07 14:14:55.915,0.99018,0.99042,2.25,1.00
2016.12.07 14:14:56.640,0.99018,0.99041,1.75,1.00
2016.12.07 14:14:56.943,0.99016,0.99036,1.75,1.00
2016.12.07 14:14:57.156,0.99014,0.99042,2.25,2.10
2016.12.07 14:14:57.433,0.99013,0.99036,1.75,1.00
2016.12.07 14:14:57.644,0.99013,0.99036,1.50,1.00
2016.12.07 14:14:58.721,0.99013,0.99042,2.25,3.60
2016.12.07 14:14:59.230,0.99012,0.99037,1.75,1.00
2016.12.07 14:14:59.803,0.99012,0.99036,1.75,1.00
2016.12.07 14:15:00.736,0.9901,0.99036,1.12,1.12
2016.12.07 14:15:00.909,0.9901,0.99031,1.12,1.00
2016.12.07 14:15:01.743,0.99009,0.99031,1.75,1.00
2016.12.07 14:15:03.340,0.99009,0.99031,1.50,1.00
2016.12.07 14:15:03.441,0.99008,0.99031,1.75,1.00
2016.12.07 14:15:04.266,0.99009,0.99031,1.00,1.00
2016.12.07 14:15:04.518,0.99009,0.99031,1.75,1.00
2016.12.07 14:15:05.031,0.99009,0.99031,1.75,1.00
2016.12.07 14:15:05.464,0.9901,0.99031,1.00,1.00
2016.12.07 14:15:05.753,0.9901,0.99036,1.00,1.50
2016.12.07 14:15:06.243,0.99009,0.99027,1.12,1.00
2016.12.07 14:15:06.874,0.9901,0.99027,1.00,1.00
2016.12.07 14:15:07.376,0.99007,0.99027,2.10,1.00
2016.12.07 14:15:08.618,0.99007,0.99026,2.10,1.00
2016.12.07 14:15:09.240,0.99008,0.99035,1.50,1.12
2016.12.07 14:15:09.341,0.99008,0.99035,1.12,1.75
2016.12.07 14:15:09.464,0.99008,0.99035,1.50,1.12
2016.12.07 14:15:13.231,0.99007,0.99031,1.35,1.00
2016.12.07 14:15:14.444,0.99009,0.99035,1.12,1.12
2016.12.07 14:15:15.346,0.99007,0.99026,1.35,1.00
2016.12.07 14:15:15.447,0.99008,0.99031,1.50,1.00
2016.12.07 14:15:15.547,0.99008,0.99038,2.10,2.25
2016.12.07 14:15:15.749,0.99014,0.99039,1.00,1.75
2016.12.07 14:15:15.850,0.99012,0.99037,1.30,1.50
2016.12.07 14:15:16.125,0.99011,0.99036,1.35,1.12
2016.12.07 14:15:16.277,0.99016,0.99041,1.75,1.00
2016.12.07 14:15:16.378,0.99014,0.99042,1.50,2.25
2016.12.07 14:15:16.882,0.99013,0.99039,2.25,1.00
2016.12.07 14:15:19.069,0.99013,0.99036,1.00,1.00
2016.12.07 14:15:19.474,0.99013,0.99039,1.00,1.50
2016.12.07 14:15:19.574,0.9901,0.99038,2.10,1.37
2016.12.07 14:15:19.879,0.99013,0.99038,1.00,1.75
2016.12.07 14:15:22.884,0.99012,0.99038,1.00,1.00
2016.12.07 14:15:23.090,0.99009,0.99039,1.50,1.75
2016.12.07 14:15:23.191,0.99009,0.99036,3.00,1.00
2016.12.07 14:15:25.259,0.99011,0.99037,1.75,1.12
2016.12.07 14:15:26.760,0.99008,0.99037,2.25,1.50
2016.12.07 14:15:26.810,0.99008,0.99037,2.25,1.75
2016.12.07 14:15:29.221,0.9901,0.99037,1.75,1.12
2016.12.07 14:15:30.259,0.99008,0.99036,1.75,1.00
2016.12.07 14:15:30.774,0.99008,0.99037,1.75,1.87
2016.12.07 14:15:33.228,0.99009,0.99037,2.10,1.50
2016.12.07 14:15:34.861,0.99014,0.99037,1.00,1.00
2016.12.07 14:15:36.859,0.99013,0.99037,1.00,1.50
2016.12.07 14:15:37.381,0.99013,0.99036,1.00,1.00
2016.12.07 14:15:37.482,0.99011,0.99036,1.00,1.00
2016.12.07 14:15:37.736,0.9901,0.99037,1.75,1.50
2016.12.07 14:15:38.309,0.9901,0.99036,1.75,1.00
2016.12.07 14:15:42.933,0.99009,0.99036,2.10,1.87
2016.12.07 14:15:42.984,0.99009,0.99036,2.10,1.12
2016.12.07 14:15:43.034,0.99009,0.99036,2.10,1.00
2016.12.07 14:15:45.870,0.99009,0.99037,2.10,1.50
2016.12.07 14:15:46.759,0.99011,0.99037,1.50,1.00
2016.12.07 14:15:47.317,0.99011,0.99036,1.75,1.00
2016.12.07 14:15:50.281,0.99011,0.99037,1.75,1.50
2016.12.07 14:15:51.102,0.99011,0.99036,1.75,1.00
2016.12.07 14:15:53.792,0.99011,0.99037,1.75,1.50
2016.12.07 14:15:54.450,0.99008,0.99037,1.75,1.50
2016.12.07 14:15:54.551,0.99008,0.99037,1.75,1.50
2016.12.07 14:15:54.601,0.99007,0.99031,2.85,1.00
2016.12.07 14:15:54.906,0.99013,0.99031,1.00,1.00
2016.12.07 14:15:55.283,0.99013,0.99037,1.50,1.00
2016.12.07 14:15:55.544,0.9901,0.99037,2.10,1.50
2016.12.07 14:15:56.064,0.9901,0.99036,2.10,1.00
2016.12.07 14:16:00.720,0.99009,0.99034,3.37,1.00
2016.12.07 14:16:00.770,0.99009,0.99034,1.75,1.12
2016.12.07 14:16:00.821,0.99009,0.99034,1.37,1.12
2016.12.07 14:16:01.322,0.99011,0.9903,1.00,1.00
2016.12.07 14:16:01.532,0.99007,0.99034,1.30,2.62
2016.12.07 14:16:01.633,0.99009,0.99034,1.50,1.00
2016.12.07 14:16:01.683,0.99009,0.99037,1.87,1.75
2016.12.07 14:16:01.734,0.99008,0.99037,2.25,1.50
2016.12.07 14:16:02.037,0.99014,0.99037,1.00,1.00
2016.12.07 14:16:02.557,0.99014,0.99036,1.00,1.00
2016.12.07 14:16:02.904,0.99009,0.99033,1.75,1.00
2016.12.07 14:16:03.004,0.99009,0.99033,1.50,1.00
2016.12.07 14:16:03.506,0.99006,0.99034,2.25,1.00
2016.12.07 14:16:03.811,0.99014,0.99035,1.00,1.00
2016.12.07 14:16:04.740,0.99009,0.99032,1.75,1.00
2016.12.07 14:16:05.042,0.99004,0.9903,2.25,1.00
2016.12.07 14:16:05.666,0.99009,0.99031,1.12,1.00
2016.12.07 14:16:07.212,0.99006,0.99031,1.00,1.00
2016.12.07 14:16:07.403,0.99006,0.99029,1.00,1.00
2016.12.07 14:16:07.942,0.99004,0.99029,1.50,1.12
2016.12.07 14:16:08.244,0.99009,0.99031,1.12,1.12
2016.12.07 14:16:08.593,0.99005,0.99029,1.75,1.00
2016.12.07 14:16:08.694,0.99006,0.99029,1.00,1.00
2016.12.07 14:16:09.506,0.99006,0.99031,1.00,1.00
2016.12.07 14:16:09.928,0.99003,0.99031,1.75,1.00
2016.12.07 14:16:10.692,0.99003,0.9903,1.75,1.00
2016.12.07 14:16:11.233,0.99003,0.99031,2.25,1.00
2016.12.07 14:16:11.535,0.99009,0.99035,1.75,1.37
2016.12.07 14:16:11.837,0.99011,0.99033,1.75,1.00
2016.12.07 14:16:12.038,0.99009,0.99033,1.75,1.00
2016.12.07 14:16:12.214,0.99009,0.99031,1.75,1.00
2016.12.07 14:16:12.315,0.99009,0.99035,1.75,1.00
2016.12.07 14:16:12.416,0.99013,0.99039,1.12,1.75
2016.12.07 14:16:12.466,0.99013,0.99039,1.50,1.37
2016.12.07 14:16:12.517,0.99014,0.99041,1.75,1.12
2016.12.07 14:16:13.021,0.99018,0.99041,1.00,1.00
2016.12.07 14:16:13.222,0.99018,0.99043,1.00,1.00
2016.12.07 14:16:13.273,0.99017,0.99043,1.75,1.00
2016.12.07 14:16:13.528,0.99021,0.99045,1.00,1.00
2016.12.07 14:16:13.950,0.99021,0.99042,1.00,1.00
2016.12.07 14:16:14.512,0.99021,0.99043,1.00,1.00
2016.12.07 14:16:15.113,0.99021,0.99044,1.00,1.00
2016.12.07 14:16:15.574,0.99021,0.99041,1.00,1.00
2016.12.07 14:16:16.040,0.99019,0.99041,1.00,1.00
2016.12.07 14:16:19.039,0.99014,0.99041,1.75,1.50
2016.12.07 14:16:19.140,0.99015,0.99041,1.00,1.50
2016.12.07 14:16:20.448,0.99014,0.99041,1.75,1.12
2016.12.07 14:16:22.534,0.99016,0.99041,1.37,1.00
2016.12.07 14:16:22.584,0.99016,0.99041,1.00,1.00
2016.12.07 14:16:22.635,0.99016,0.99043,1.00,1.50
2016.12.07 14:16:22.685,0.99015,0.99043,1.75,1.12
2016.12.07 14:16:23.025,0.99015,0.99041,1.75,1.00
2016.12.07 14:16:23.227,0.99018,0.99041,1.00,1.00
2016.12.07 14:16:23.378,0.99018,0.99045,1.37,1.37
2016.12.07 14:16:23.685,0.99018,0.99042,1.75,1.00
2016.12.07 14:16:24.225,0.99018,0.99041,1.75,1.00
2016.12.07 14:16:28.954,0.99018,0.99045,1.75,1.00
2016.12.07 14:16:29.238,0.99019,0.99041,1.75,1.00
2016.12.07 14:16:29.339,0.9902,0.99046,1.50,1.00
2016.12.07 14:16:30.239,0.9902,0.99041,1.75,1.00
2016.12.07 14:16:31.160,0.99019,0.99046,1.75,1.50
2016.12.07 14:16:31.260,0.99019,0.99046,1.75,1.00
2016.12.07 14:16:32.538,0.99017,0.99041,2.25,1.00
2016.12.07 14:16:33.373,0.99016,0.99041,1.75,1.00
2016.12.07 14:16:35.181,0.99018,0.99045,1.50,1.37
2016.12.07 14:16:36.177,0.9902,0.99047,1.75,1.12
2016.12.07 14:16:36.479,0.99021,0.99047,2.10,1.00
2016.12.07 14:16:36.781,0.99021,0.99047,2.85,1.00
2016.12.07 14:16:37.585,0.99022,0.99046,2.25,1.00
2016.12.07 14:16:40.794,0.99023,0.99047,1.00,1.00
2016.12.07 14:16:41.281,0.99022,0.99047,1.75,1.00
2016.12.07 14:16:54.418,0.99022,0.99046,1.75,1.00
2016.12.07 14:16:57.852,0.99023,0.99046,2.25,1.00
2016.12.07 14:16:58.554,0.99021,0.99046,3.97,1.00
2016.12.07 14:16:58.654,0.99024,0.99046,1.00,1.00
2016.12.07 14:17:01.531,0.99022,0.99046,1.75,1.00
2016.12.07 14:17:03.454,0.99025,0.99046,1.75,1.00
2016.12.07 14:17:08.706,0.99025,0.99051,1.75,1.00
2016.12.07 14:17:09.367,0.99022,0.99046,2.25,1.00
2016.12.07 14:17:09.771,0.99019,0.99045,1.75,1.00
2016.12.07 14:17:10.148,0.99019,0.99046,2.25,1.00
2016.12.07 14:17:10.198,0.99021,0.99049,1.75,1.37
2016.12.07 14:17:10.249,0.99026,0.99049,1.00,1.00
2016.12.07 14:17:10.881,0.99026,0.99047,1.00,1.00
2016.12.07 14:17:10.981,0.99026,0.99049,1.00,1.00
2016.12.07 14:17:11.186,0.99024,0.99049,1.00,1.00
2016.12.07 14:17:11.456,0.99023,0.99049,1.75,1.00
2016.12.07 14:17:11.506,0.99024,0.99051,1.75,1.12
2016.12.07 14:17:12.143,0.99024,0.99052,2.25,1.00
2016.12.07 14:17:14.123,0.99024,0.99051,1.75,1.00
2016.12.07 14:17:14.396,0.99026,0.99052,1.00,1.50
2016.12.07 14:17:14.447,0.99028,0.99052,1.00,1.00
2016.12.07 14:17:16.467,0.99023,0.99052,2.25,1.12
2016.12.07 14:17:17.991,0.99023,0.9905,1.75,1.00
2016.12.07 14:17:18.531,0.99024,0.99051,1.75,1.50
2016.12.07 14:17:19.079,0.99024,0.9905,1.75,1.00
2016.12.07 14:17:19.180,0.99025,0.9905,1.00,1.00
2016.12.07 14:17:19.231,0.99025,0.99046,1.00,1.00
2016.12.07 14:17:19.332,0.99025,0.99051,1.00,1.50
2016.12.07 14:17:19.633,0.99025,0.99047,1.00,1.00
2016.12.07 14:17:19.835,0.99025,0.9905,1.00,1.00
2016.12.07 14:17:20.526,0.99025,0.99051,1.00,1.00
2016.12.07 14:17:20.577,0.99023,0.99052,1.75,1.50
2016.12.07 14:17:24.640,0.99025,0.99049,1.75,1.00
2016.12.07 14:17:24.763,0.99024,0.99049,1.00,1.00
2016.12.07 14:17:24.813,0.99024,0.99046,1.00,1.00
2016.12.07 14:17:25.015,0.99024,0.99049,1.00,1.00
2016.12.07 14:17:25.537,0.99024,0.99047,1.00,1.00
2016.12.07 14:17:25.726,0.99024,0.9905,1.50,1.00
2016.12.07 14:17:26.330,0.99024,0.99049,1.50,1.00
2016.12.07 14:17:27.619,0.99024,0.99047,1.00,1.00
2016.12.07 14:17:28.307,0.99019,0.99048,1.75,1.50
2016.12.07 14:17:28.508,0.99018,0.99044,1.00,1.00
2016.12.07 14:17:28.559,0.99018,0.99041,1.00,1.00
2016.12.07 14:17:28.866,0.9902,0.99041,1.00,1.00
2016.12.07 14:17:28.967,0.9902,0.99045,1.00,1.00
2016.12.07 14:17:29.160,0.9902,0.99041,1.00,1.00
2016.12.07 14:17:31.642,0.9902,0.99045,1.00,1.00
2016.12.07 14:17:32.180,0.9902,0.99046,1.00,1.50
2016.12.07 14:17:33.791,0.9902,0.99049,2.25,1.12
2016.12.07 14:17:34.225,0.9902,0.99047,1.75,1.00
2016.12.07 14:17:34.540,0.9902,0.99041,1.00,1.00
2016.12.07 14:17:36.669,0.9902,0.99042,1.00,1.00
2016.12.07 14:17:38.075,0.9902,0.99046,1.00,2.25
2016.12.07 14:17:38.684,0.9902,0.99045,1.00,1.00
2016.12.07 14:17:41.046,0.99023,0.99045,1.00,1.00
2016.12.07 14:17:42.027,0.99023,0.99046,1.00,1.50
2016.12.07 14:17:42.379,0.99019,0.99047,1.50,1.50
2016.12.07 14:17:42.631,0.99019,0.99047,2.25,1.12
2016.12.07 14:17:43.161,0.99024,0.99047,1.00,1.12
2016.12.07 14:17:52.651,0.9902,0.99048,1.75,1.50
2016.12.07 14:17:53.056,0.9902,0.99041,1.75,1.00
2016.12.07 14:17:55.256,0.99024,0.99048,1.00,1.50
2016.12.07 14:17:55.775,0.99023,0.99048,1.12,1.50
2016.12.07 14:18:00.870,0.99024,0.99049,1.37,1.12
2016.12.07 14:18:01.436,0.99024,0.99049,1.00,1.00
2016.12.07 14:18:01.983,0.99024,0.9905,1.00,1.50
2016.12.07 14:18:02.590,0.99024,0.99041,1.00,1.00
2016.12.07 14:18:03.484,0.99019,0.99045,2.25,1.00
2016.12.07 14:18:03.635,0.99019,0.99045,1.75,1.12
2016.12.07 14:18:05.785,0.99019,0.99044,1.75,1.00
2016.12.07 14:18:07.073,0.99016,0.99036,1.75,1.00
2016.12.07 14:18:07.474,0.99014,0.99036,1.75,1.00
2016.12.07 14:18:07.675,0.99015,0.99036,1.75,1.00
2016.12.07 14:18:09.884,0.99015,0.99041,1.75,1.00
2016.12.07 14:18:09.985,0.99018,0.99041,1.75,1.00
2016.12.07 14:18:10.553,0.9902,0.99041,1.00,1.00
2016.12.07 14:18:11.066,0.99021,0.99041,2.10,1.00
2016.12.07 14:18:11.117,0.99021,0.99046,2.10,1.00
2016.12.07 14:18:11.382,0.99021,0.99042,1.75,1.00
2016.12.07 14:18:12.423,0.99021,0.99047,1.75,1.00
2016.12.07 14:18:12.675,0.9902,0.99047,1.75,1.50
2016.12.07 14:18:12.776,0.99019,0.99047,2.25,1.00
2016.12.07 14:18:13.106,0.99021,0.99047,1.75,1.00
2016.12.07 14:18:16.960,0.99021,0.99047,1.35,1.00
2016.12.07 14:18:17.110,0.99019,0.99047,1.75,1.12
2016.12.07 14:18:17.312,0.99018,0.99045,2.25,1.00
2016.12.07 14:18:18.915,0.99018,0.99046,3.00,1.00
2016.12.07 14:18:21.299,0.99018,0.99047,3.00,1.12
2016.12.07 14:18:21.612,0.99024,0.99044,1.00,1.00
2016.12.07 14:18:21.713,0.99019,0.99045,1.50,1.50
2016.12.07 14:18:22.201,0.99019,0.99042,1.50,1.00
2016.12.07 14:18:22.507,0.99021,0.99043,1.00,1.00
2016.12.07 14:18:23.127,0.99021,0.99044,1.00,1.00
2016.12.07 14:18:23.297,0.99019,0.99044,1.00,1.50
2016.12.07 14:18:25.883,0.99019,0.99043,1.37,1.00
2016.12.07 14:18:27.191,0.99019,0.99044,1.50,1.00
2016.12.07 14:18:29.202,0.99016,0.99042,2.25,1.00
2016.12.07 14:18:29.303,0.99019,0.99042,1.00,1.00
2016.12.07 14:18:29.752,0.99019,0.99044,1.00,1.00
2016.12.07 14:18:30.823,0.99019,0.99045,1.00,1.00
2016.12.07 14:18:31.396,0.99018,0.99045,1.75,1.12
2016.12.07 14:18:31.737,0.99018,0.99044,1.50,1.50
2016.12.07 14:18:33.698,0.99018,0.99043,1.12,1.12
2016.12.07 14:18:34.242,0.99019,0.99042,1.00,1.00
2016.12.07 14:18:35.854,0.99019,0.99044,1.00,1.50
2016.12.07 14:18:36.223,0.99019,0.99043,1.00,1.75
2016.12.07 14:18:36.559,0.99019,0.99043,1.12,1.00
2016.12.07 14:18:36.610,0.99019,0.99047,1.12,1.75
2016.12.07 14:18:36.713,0.99024,0.99047,1.00,1.75
2016.12.07 14:18:42.293,0.99029,0.99047,1.00,1.00
2016.12.07 14:18:42.344,0.99029,0.99052,1.00,1.12
2016.12.07 14:18:42.946,0.99028,0.99052,1.12,1.12
2016.12.07 14:18:43.296,0.99028,0.9905,1.12,1.00
2016.12.07 14:18:43.596,0.99028,0.99052,1.12,1.12
2016.12.07 14:18:44.168,0.99028,0.99053,1.00,1.75
2016.12.07 14:18:45.533,0.99023,0.99046,1.75,1.00
2016.12.07 14:18:46.154,0.99029,0.99053,1.00,1.75
2016.12.07 14:18:46.674,0.99029,0.99052,1.00,1.00
2016.12.07 14:18:47.208,0.99029,0.99053,1.00,1.12
2016.12.07 14:18:47.436,0.99024,0.99053,1.75,1.12
2016.12.07 14:18:47.738,0.99029,0.99054,1.00,1.50
2016.12.07 14:18:53.590,0.99028,0.99055,1.00,1.75
2016.12.07 14:19:01.354,0.99033,0.99053,1.00,1.12
2016.12.07 14:19:03.064,0.99033,0.99054,1.00,1.50
2016.12.07 14:19:03.266,0.99025,0.99052,2.10,1.37
2016.12.07 14:19:03.828,0.99025,0.99052,2.10,1.37
2016.12.07 14:19:05.012,0.99023,0.99051,1.97,1.50
2016.12.07 14:19:05.113,0.99025,0.99051,1.30,1.50
2016.12.07 14:19:05.880,0.99025,0.99051,1.67,1.50
2016.12.07 14:19:06.878,0.99033,0.99052,1.00,1.75
2016.12.07 14:19:07.093,0.99033,0.99053,1.00,1.00
2016.12.07 14:19:09.476,0.99029,0.99053,1.00,1.00
2016.12.07 14:19:11.593,0.99034,0.99053,1.00,1.00
2016.12.07 14:19:12.083,0.99029,0.99053,1.00,1.00
2016.12.07 14:19:12.621,0.99029,0.99054,1.00,1.75
2016.12.07 14:19:12.672,0.99025,0.99051,1.72,1.00
2016.12.07 14:19:12.892,0.99028,0.99054,1.00,1.75
2016.12.07 14:19:13.177,0.99025,0.99052,1.72,1.12
2016.12.07 14:19:14.016,0.99024,0.99051,1.50,1.00
2016.12.07 14:19:15.460,0.99024,0.99051,3.60,1.00
2016.12.07 14:19:15.611,0.99029,0.99056,1.00,3.00
2016.12.07 14:19:16.189,0.99029,0.99056,1.37,2.25
2016.12.07 14:19:16.755,0.99029,0.99054,1.37,1.37
2016.12.07 14:19:17.272,0.99029,0.99056,1.00,2.25
2016.12.07 14:19:17.322,0.99029,0.99056,1.37,2.25
2016.12.07 14:19:19.244,0.99029,0.99053,1.37,1.00
2016.12.07 14:19:19.395,0.99029,0.99054,1.00,1.37
2016.12.07 14:19:22.847,0.99029,0.99054,1.00,1.00
2016.12.07 14:19:24.545,0.99029,0.99054,1.60,1.00
2016.12.07 14:19:24.646,0.9903,0.99056,2.10,1.00
2016.12.07 14:19:24.797,0.99034,0.9906,1.00,1.75
2016.12.07 14:19:29.949,0.99034,0.99057,1.00,1.75
2016.12.07 14:19:30.939,0.99034,0.99056,1.00,2.10
2016.12.07 14:19:31.040,0.99028,0.99054,1.50,1.50
2016.12.07 14:19:33.553,0.99026,0.99054,2.85,1.00
2016.12.07 14:19:33.941,0.99034,0.99057,1.00,1.50
2016.12.07 14:19:34.198,0.99029,0.99056,1.75,1.87
2016.12.07 14:19:34.359,0.99029,0.99055,1.50,1.50
2016.12.07 14:19:40.054,0.99029,0.99056,1.75,1.12
2016.12.07 14:19:41.256,0.99029,0.99056,1.37,2.25
2016.12.07 14:19:44.445,0.99029,0.99056,1.75,1.50
2016.12.07 14:19:45.713,0.99029,0.99057,1.75,1.12
2016.12.07 14:19:46.549,0.99029,0.99056,1.75,1.00
2016.12.07 14:19:46.650,0.99027,0.99057,1.75,3.00
2016.12.07 14:19:47.285,0.99029,0.99055,1.37,1.75
2016.12.07 14:19:47.829,0.99029,0.99054,1.00,1.75
2016.12.07 14:19:48.476,0.99029,0.99054,1.50,1.12
2016.12.07 14:19:49.959,0.99034,0.99055,1.00,1.50
2016.12.07 14:19:50.060,0.99034,0.99057,1.00,1.50
2016.12.07 14:19:51.284,0.99034,0.99055,1.00,1.00
2016.12.07 14:19:51.893,0.99034,0.99057,1.00,1.50
2016.12.07 14:19:52.023,0.99032,0.99057,1.30,2.25
2016.12.07 14:19:57.050,0.99039,0.99061,1.00,1.75
2016.12.07 14:19:57.151,0.99037,0.99061,1.00,1.75
2016.12.07 14:19:57.252,0.99038,0.99066,1.50,3.37
2016.12.07 14:19:57.352,0.99039,0.99066,1.75,2.10
2016.12.07 14:19:57.403,0.99039,0.99064,1.00,1.00
2016.12.07 14:19:57.653,0.99044,0.99064,1.00,1.00
2016.12.07 14:19:57.704,0.99044,0.99066,1.00,1.30
2016.12.07 14:19:57.805,0.99044,0.99066,1.00,1.35
2016.12.07 14:19:57.906,0.99044,0.99066,1.00,1.30
2016.12.07 14:19:58.057,0.99038,0.99066,1.75,1.72
2016.12.07 14:19:58.107,0.99038,0.99064,1.50,1.35
2016.12.07 14:19:58.309,0.99039,0.99064,1.00,1.35
2016.12.07 14:19:58.722,0.99039,0.99064,1.00,1.35
2016.12.07 14:20:00.224,0.99039,0.99062,1.00,1.00
2016.12.07 14:20:00.527,0.99032,0.99056,1.75,1.00
2016.12.07 14:20:00.628,0.99034,0.99056,1.00,1.00
2016.12.07 14:20:00.679,0.99034,0.99061,1.37,1.37
2016.12.07 14:20:00.730,0.99034,0.99061,1.75,1.00
2016.12.07 14:20:01.042,0.99038,0.99066,1.50,2.10
2016.12.07 14:20:01.193,0.99038,0.99062,1.00,1.00
2016.12.07 14:20:02.662,0.99039,0.99062,1.00,1.00
2016.12.07 14:20:03.803,0.99039,0.99065,1.50,1.00
2016.12.07 14:20:04.345,0.99044,0.99065,1.00,1.00
2016.12.07 14:20:05.331,0.99044,0.99065,1.00,1.60
2016.12.07 14:20:05.381,0.99039,0.99066,1.50,1.97
2016.12.07 14:20:05.482,0.99039,0.99064,1.37,1.72
2016.12.07 14:20:05.532,0.99039,0.99064,1.00,2.10
2016.12.07 14:20:06.094,0.99038,0.99064,1.12,2.10
2016.12.07 14:20:06.595,0.99039,0.99064,1.00,1.35
2016.12.07 14:20:08.056,0.99036,0.99066,1.75,2.25
2016.12.07 14:20:08.207,0.99037,0.99066,1.75,1.75
2016.12.07 14:20:08.513,0.99044,0.99067,1.00,2.10
2016.12.07 14:20:11.092,0.99038,0.99065,2.25,1.67
2016.12.07 14:20:11.656,0.99037,0.99066,1.75,2.25
2016.12.07 14:20:11.707,0.99037,0.99063,1.50,1.00
2016.12.07 14:20:12.036,0.99039,0.99063,1.50,1.00
2016.12.07 14:20:12.623,0.99039,0.99064,1.00,2.25
2016.12.07 14:20:14.182,0.99037,0.99065,1.60,2.25
2016.12.07 14:20:14.233,0.99037,0.99065,1.72,1.75
2016.12.07 14:20:14.535,0.99034,0.9906,2.25,1.00
2016.12.07 14:20:14.693,0.99039,0.9906,1.00,1.00
2016.12.07 14:20:14.858,0.99035,0.9906,1.00,1.00
2016.12.07 14:20:15.670,0.99038,0.9906,1.00,1.00
2016.12.07 14:20:15.992,0.99034,0.9906,3.60,1.00
2016.12.07 14:20:16.043,0.99034,0.9906,2.10,1.00
2016.12.07 14:20:16.093,0.99039,0.9906,1.00,1.00
2016.12.07 14:20:16.194,0.99035,0.9906,1.35,1.00
2016.12.07 14:20:16.245,0.99035,0.99061,1.35,1.75
2016.12.07 14:20:16.661,0.99039,0.99061,1.00,1.75
2016.12.07 14:20:18.092,0.99034,0.99061,1.00,2.25
2016.12.07 14:20:18.975,0.99038,0.99061,1.00,1.75
2016.12.07 14:20:21.567,0.99031,0.99056,2.10,1.00
2016.12.07 14:20:22.098,0.99031,0.99057,2.10,1.12
2016.12.07 14:20:32.077,0.99034,0.99061,1.00,3.00
2016.12.07 14:20:32.883,0.99034,0.99061,1.00,3.00
2016.12.07 14:20:33.474,0.99034,0.99061,1.12,2.25
2016.12.07 14:20:34.138,0.99034,0.99062,1.00,1.75
2016.12.07 14:20:34.780,0.99034,0.99062,1.12,1.75
2016.12.07 14:20:35.083,0.99034,0.99062,1.50,1.50
2016.12.07 14:20:35.358,0.99033,0.99061,1.12,1.75
2016.12.07 14:20:35.459,0.99034,0.99062,1.50,1.50
2016.12.07 14:20:35.793,0.99034,0.99057,1.50,1.00
2016.12.07 14:20:37.187,0.99034,0.99057,1.12,1.00
2016.12.07 14:20:37.504,0.99033,0.99057,3.60,1.00
2016.12.07 14:20:37.605,0.99036,0.99061,2.10,1.12
2016.12.07 14:20:37.656,0.99038,0.99061,1.37,1.12
2016.12.07 14:20:38.614,0.9904,0.99066,1.50,1.50
2016.12.07 14:20:38.866,0.9904,0.99066,1.00,1.75
2016.12.07 14:20:39.484,0.99039,0.99066,1.00,2.25
2016.12.07 14:20:41.508,0.99043,0.99066,1.00,1.75
2016.12.07 14:20:41.710,0.99038,0.99064,1.12,1.75
2016.12.07 14:20:42.242,0.99038,0.99061,1.00,1.00
2016.12.07 14:20:42.592,0.99035,0.99061,1.00,1.00
2016.12.07 14:20:45.293,0.99035,0.99062,1.75,1.72
2016.12.07 14:20:45.865,0.99039,0.99062,1.00,1.12
2016.12.07 14:20:46.798,0.99034,0.99062,1.12,2.10
2016.12.07 14:20:47.000,0.99034,0.99057,1.00,1.37
2016.12.07 14:20:47.341,0.99033,0.99057,1.00,1.75
2016.12.07 14:20:47.492,0.99033,0.99057,1.00,1.75
2016.12.07 14:20:48.223,0.9903,0.99057,1.50,1.75
2016.12.07 14:20:48.323,0.99034,0.9906,1.00,1.75
2016.12.07 14:20:48.852,0.99033,0.9906,1.12,1.75
2016.12.07 14:20:49.210,0.99032,0.99052,1.37,1.00
2016.12.07 14:20:49.412,0.99027,0.99056,3.37,1.00
2016.12.07 14:20:49.596,0.99027,0.99056,1.75,1.75
2016.12.07 14:20:54.799,0.99028,0.99058,2.25,1.75
2016.12.07 14:20:54.849,0.99031,0.99056,1.00,1.00
2016.12.07 14:20:55.359,0.99031,0.99057,1.00,1.00
2016.12.07 14:20:55.865,0.99031,0.99056,1.00,1.00
2016.12.07 14:21:02.134,0.99031,0.99057,1.00,1.00
2016.12.07 14:21:02.185,0.99033,0.99057,1.00,1.00
2016.12.07 14:21:02.487,0.99033,0.99062,1.75,2.25
2016.12.07 14:21:03.495,0.99033,0.9906,1.37,1.50
2016.12.07 14:21:03.627,0.99033,0.9906,1.12,1.75
2016.12.07 14:21:09.304,0.99033,0.9906,1.50,1.50
2016.12.07 14:21:09.413,0.99033,0.9906,1.75,1.50
2016.12.07 14:21:15.233,0.99034,0.99061,1.35,1.75
2016.12.07 14:21:15.344,0.99038,0.99059,1.00,1.00
2016.12.07 14:21:15.646,0.99034,0.9906,1.00,1.00
2016.12.07 14:21:18.231,0.99034,0.99061,2.10,1.37
2016.12.07 14:21:18.532,0.99038,0.99062,1.00,1.00
2016.12.07 14:21:18.658,0.99036,0.99062,1.00,1.50
2016.12.07 14:21:18.859,0.99039,0.99062,1.00,1.00
2016.12.07 14:21:19.178,0.99036,0.99061,1.00,1.00
2016.12.07 14:21:21.268,0.99036,0.99062,1.00,1.50
2016.12.07 14:21:21.415,0.99038,0.99062,2.25,1.00
2016.12.07 14:21:21.667,0.99039,0.99066,1.87,1.12
2016.12.07 14:21:22.170,0.99039,0.99066,1.12,1.72
2016.12.07 14:21:22.220,0.99039,0.99063,1.12,1.00
2016.12.07 14:21:22.523,0.99034,0.99061,1.50,1.37
2016.12.07 14:21:25.031,0.99034,0.99061,1.72,1.75
2016.12.07 14:21:25.184,0.99038,0.99065,1.00,2.25
2016.12.07 14:21:25.336,0.99034,0.99056,1.75,1.00
2016.12.07 14:21:25.487,0.99028,0.99056,1.37,1.50
2016.12.07 14:21:25.588,0.9903,0.99057,1.30,1.50
2016.12.07 14:21:25.639,0.9903,0.9906,1.67,2.25
2016.12.07 14:21:25.690,0.99032,0.99059,1.00,1.00
2016.12.07 14:21:25.744,0.99034,0.99059,1.00,1.00
2016.12.07 14:21:26.259,0.99034,0.99061,1.50,2.25
2016.12.07 14:21:27.251,0.99032,0.99056,1.75,1.00
2016.12.07 14:21:27.620,0.99029,0.99055,2.85,1.00
2016.12.07 14:21:27.922,0.99029,0.99053,1.50,1.00
2016.12.07 14:21:28.150,0.99025,0.99051,1.00,1.00
2016.12.07 14:21:28.593,0.99023,0.99041,1.37,1.00
2016.12.07 14:21:28.907,0.99023,0.99036,1.37,1.00
2016.12.07 14:21:29.262,0.9902,0.99041,2.10,1.00
2016.12.07 14:21:29.414,0.9902,0.99041,1.35,1.00
2016.12.07 14:21:29.917,0.99021,0.99041,1.75,1.00
2016.12.07 14:21:32.291,0.9902,0.99041,2.10,1.00
2016.12.07 14:21:33.285,0.99021,0.99041,1.35,1.00
2016.12.07 14:21:35.293,0.99021,0.99047,1.60,1.50
2016.12.07 14:21:35.809,0.99026,0.99051,1.00,1.00
2016.12.07 14:21:36.416,0.99026,0.99052,1.00,1.50
2016.12.07 14:21:38.315,0.99026,0.99046,1.35,1.00
2016.12.07 14:21:38.644,0.99028,0.99046,1.50,1.00
2016.12.07 14:21:39.167,0.99028,0.99054,1.50,1.00
2016.12.07 14:21:41.509,0.99028,0.99059,1.50,2.25
2016.12.07 14:21:42.026,0.99028,0.99059,1.75,2.25
2016.12.07 14:21:42.831,0.99028,0.99052,1.75,2.10
2016.12.07 14:21:42.929,0.99028,0.99051,1.37,1.60
2016.12.07 14:21:42.980,0.99025,0.99042,1.00,1.00
2016.12.07 14:21:43.081,0.99019,0.99047,2.10,2.25
2016.12.07 14:21:43.182,0.99021,0.99045,1.60,1.00
2016.12.07 14:21:43.434,0.99021,0.99046,1.50,1.12
2016.12.07 14:21:43.484,0.9902,0.99042,2.10,1.00
2016.12.07 14:21:43.635,0.9902,0.99042,1.12,1.00
2016.12.07 14:21:43.938,0.99017,0.99042,1.72,1.00
2016.12.07 14:21:44.666,0.99017,0.99041,1.72,1.00
2016.12.07 14:21:45.041,0.99019,0.99041,1.00,1.00
2016.12.07 14:21:45.293,0.99019,0.99046,1.50,1.37
2016.12.07 14:21:45.494,0.99018,0.99041,1.35,1.00
2016.12.07 14:21:46.258,0.99017,0.99041,2.10,1.00
2016.12.07 14:21:46.929,0.99019,0.99042,1.00,1.12
2016.12.07 14:21:47.448,0.9902,0.99042,1.00,1.00
2016.12.07 14:21:49.047,0.99014,0.99041,1.75,1.37
2016.12.07 14:21:49.148,0.9901,0.99036,1.75,1.00
2016.12.07 14:21:49.249,0.99006,0.99035,3.22,1.37
2016.12.07 14:21:49.299,0.99006,0.99035,1.35,1.75
2016.12.07 14:21:49.350,0.99006,0.99034,1.67,2.25
2016.12.07 14:21:49.867,0.99006,0.99031,1.12,1.50
2016.12.07 14:21:50.173,0.99004,0.99031,1.00,1.75
2016.12.07 14:21:50.698,0.99002,0.99026,1.50,1.00
2016.12.07 14:21:51.981,0.99001,0.99026,1.00,1.00
2016.12.07 14:21:52.082,0.98999,0.99028,2.25,1.75
2016.12.07 14:21:52.728,0.98999,0.99027,2.85,1.75
2016.12.07 14:21:52.779,0.99003,0.99027,1.72,1.12
2016.12.07 14:21:52.930,0.99005,0.99033,1.12,1.75
2016.12.07 14:21:52.980,0.99005,0.99034,1.75,1.75
2016.12.07 14:21:53.490,0.99008,0.99035,1.00,1.75
2016.12.07 14:21:54.040,0.99008,0.99036,1.12,2.25
2016.12.07 14:21:54.195,0.99008,0.99034,1.50,1.00
2016.12.07 14:21:54.245,0.99008,0.99035,1.87,1.75
2016.12.07 14:21:54.548,0.99002,0.99026,1.50,1.00
2016.12.07 14:21:54.598,0.99002,0.9903,2.25,1.00
2016.12.07 14:21:54.850,0.99007,0.99035,1.37,1.75
2016.12.07 14:21:55.102,0.9901,0.9904,1.75,1.75
2016.12.07 14:21:55.952,0.99009,0.99037,1.75,1.37
2016.12.07 14:21:56.003,0.99014,0.99038,1.00,1.50
2016.12.07 14:21:56.054,0.99014,0.99038,1.37,1.12
2016.12.07 14:21:56.255,0.99014,0.99041,1.37,1.37
2016.12.07 14:21:56.306,0.99014,0.99041,1.75,1.00
2016.12.07 14:21:56.603,0.99014,0.9904,1.00,1.00
2016.12.07 14:21:56.654,0.99013,0.99041,2.25,1.67
2016.12.07 14:21:56.998,0.99004,0.99031,2.25,1.00
2016.12.07 14:21:57.373,0.99008,0.99031,1.35,1.00
2016.12.07 14:21:57.525,0.99009,0.99035,1.50,1.00
2016.12.07 14:21:57.575,0.99009,0.99033,1.50,1.00
2016.12.07 14:21:58.121,0.99004,0.99032,2.25,1.50
2016.12.07 14:21:59.816,0.99006,0.99031,1.00,1.00
2016.12.07 14:22:00.858,0.99004,0.99031,2.25,1.37
2016.12.07 14:22:00.959,0.99006,0.99031,1.37,1.12
2016.12.07 14:22:01.412,0.99004,0.99033,1.75,1.12
2016.12.07 14:22:01.463,0.99005,0.99033,1.75,1.37
2016.12.07 14:22:01.933,0.99003,0.99026,1.75,1.00
2016.12.07 14:22:02.239,0.99004,0.99026,1.00,1.00
2016.12.07 14:22:02.290,0.99002,0.99026,1.00,1.00
2016.12.07 14:22:03.048,0.99002,0.99027,1.00,1.00
2016.12.07 14:22:03.645,0.99002,0.99026,1.50,1.00
2016.12.07 14:22:03.746,0.99003,0.99031,1.12,2.25
2016.12.07 14:22:03.847,0.99003,0.99028,1.12,1.60
2016.12.07 14:22:04.099,0.98994,0.99023,2.25,1.12
2016.12.07 14:22:04.250,0.98994,0.99021,2.25,1.00
2016.12.07 14:22:04.661,0.98997,0.99021,1.00,1.12
2016.12.07 14:22:05.893,0.98996,0.99021,1.37,1.00
2016.12.07 14:22:05.943,0.98996,0.99024,1.75,1.50
2016.12.07 14:22:11.706,0.99,0.99026,1.37,1.50
2016.12.07 14:22:11.757,0.99,0.99026,1.75,1.12
2016.12.07 14:22:12.781,0.99,0.99028,1.75,1.37
2016.12.07 14:22:13.291,0.99003,0.99028,1.00,1.00
2016.12.07 14:22:13.829,0.99003,0.99029,1.00,1.50
2016.12.07 14:22:15.800,0.99003,0.99028,1.00,1.50
2016.12.07 14:22:15.851,0.99003,0.99026,1.00,1.00
2016.12.07 14:22:15.951,0.99,0.99024,1.00,1.00
2016.12.07 14:22:16.103,0.98994,0.99021,1.75,1.00
2016.12.07 14:22:16.204,0.98994,0.99022,1.75,1.37
2016.12.07 14:22:16.304,0.98994,0.99024,1.50,2.25
2016.12.07 14:22:16.495,0.98997,0.99021,1.00,1.00
2016.12.07 14:22:16.797,0.98994,0.99021,1.50,1.75
2016.12.07 14:22:19.678,0.98999,0.99021,1.00,1.75
2016.12.07 14:22:19.935,0.98993,0.99021,1.75,1.75
2016.12.07 14:22:21.936,0.98996,0.99021,1.00,1.00
2016.12.07 14:22:25.221,0.98991,0.99011,2.62,1.37
2016.12.07 14:22:25.271,0.98991,0.99011,2.25,1.75
2016.12.07 14:22:25.322,0.98981,0.99009,2.10,1.75
2016.12.07 14:22:25.473,0.98983,0.99009,1.00,1.50
2016.12.07 14:22:25.524,0.98983,0.99012,2.85,2.25
2016.12.07 14:22:25.574,0.98985,0.99012,1.35,1.87
2016.12.07 14:22:26.183,0.98989,0.99014,1.00,1.75
2016.12.07 14:22:27.154,0.98988,0.99014,1.00,1.75
2016.12.07 14:22:30.552,0.98989,0.99013,1.00,1.50
2016.12.07 14:22:31.758,0.98989,0.99013,1.12,1.12
2016.12.07 14:22:32.322,0.98989,0.99016,1.37,1.50
2016.12.07 14:22:32.372,0.98989,0.99016,1.75,1.12
2016.12.07 14:22:32.524,0.98991,0.9902,1.35,2.25
2016.12.07 14:22:32.574,0.98992,0.9902,1.35,1.12
2016.12.07 14:22:33.014,0.98992,0.99017,1.67,1.00
2016.12.07 14:22:33.064,0.98992,0.99017,1.35,1.00
2016.12.07 14:22:33.686,0.98994,0.99018,1.00,1.00
2016.12.07 14:22:33.989,0.98989,0.99016,1.50,1.87
2016.12.07 14:22:34.956,0.98989,0.99015,1.12,1.75
2016.12.07 14:22:38.651,0.98988,0.99012,1.50,1.00
2016.12.07 14:22:38.953,0.98981,0.99007,1.50,1.12
2016.12.07 14:22:39.054,0.98984,0.99005,1.00,1.00
2016.12.07 14:22:39.208,0.98983,0.99007,1.00,1.12
2016.12.07 14:22:39.366,0.98977,0.99002,2.10,1.00
2016.12.07 14:22:39.467,0.98984,0.99007,1.00,1.12
2016.12.07 14:22:40.052,0.98984,0.99006,1.00,1.00
2016.12.07 14:22:40.309,0.98984,0.99004,1.00,1.00
2016.12.07 14:22:40.410,0.98977,0.99004,2.10,1.00
2016.12.07 14:22:40.511,0.98979,0.99004,1.00,1.00
2016.12.07 14:22:41.022,0.98979,0.99003,1.00,1.00
2016.12.07 14:22:41.853,0.98977,0.99001,1.35,1.00
2016.12.07 14:22:42.159,0.98974,0.99001,1.97,2.25
2016.12.07 14:22:42.310,0.98975,0.99001,1.30,2.25
2016.12.07 14:22:42.414,0.98979,0.99002,1.00,1.75
2016.12.07 14:22:43.416,0.98975,0.99001,1.30,1.75
2016.12.07 14:22:48.178,0.98978,0.99002,1.00,1.75
2016.12.07 14:22:48.993,0.98979,0.99002,1.00,1.75
2016.12.07 14:22:49.540,0.98978,0.99002,1.00,1.75
2016.12.07 14:22:50.013,0.98975,0.98996,1.30,1.00
2016.12.07 14:22:52.285,0.98975,0.99002,1.30,2.25
2016.12.07 14:22:55.241,0.98975,0.99002,1.72,1.75
2016.12.07 14:22:55.493,0.98979,0.99006,1.35,2.25
2016.12.07 14:22:56.927,0.98979,0.99006,2.85,2.25
2016.12.07 14:22:57.129,0.98983,0.99009,2.10,1.00
2016.12.07 14:23:03.440,0.98986,0.99009,1.00,1.00
2016.12.07 14:23:03.742,0.98989,0.99013,1.00,1.00
2016.12.07 14:23:05.504,0.98986,0.99011,2.10,1.00
2016.12.07 14:23:05.605,0.98987,0.99011,1.00,1.00
2016.12.07 14:23:08.606,0.98986,0.99011,1.35,1.00
2016.12.07 14:23:09.139,0.98986,0.99011,1.35,1.00
2016.12.07 14:23:09.954,0.98989,0.99015,1.50,1.50
2016.12.07 14:23:12.253,0.98989,0.99015,1.00,1.75
2016.12.07 14:23:13.615,0.98988,0.99015,1.12,1.75
2016.12.07 14:23:14.067,0.98988,0.99014,1.50,1.00
2016.12.07 14:23:14.458,0.98988,0.99006,1.00,1.00
2016.12.07 14:23:14.559,0.98988,0.9901,1.00,1.00
2016.12.07 14:23:14.660,0.98987,0.99007,1.00,1.00
2016.12.07 14:23:14.761,0.9898,0.99007,1.75,1.00
2016.12.07 14:23:15.256,0.98984,0.9901,1.35,1.12
2016.12.07 14:23:15.759,0.98984,0.9901,1.72,1.50
2016.12.07 14:23:16.093,0.98983,0.99009,1.75,1.00
2016.12.07 14:23:16.143,0.98983,0.99009,1.12,1.12
2016.12.07 14:23:16.745,0.98984,0.99009,1.00,1.12
2016.12.07 14:23:19.778,0.98984,0.99002,1.00,1.00
2016.12.07 14:23:20.071,0.98968,0.98991,1.00,1.12
2016.12.07 14:23:20.172,0.98969,0.98995,1.00,2.62
2016.12.07 14:23:20.273,0.9897,0.98996,1.00,1.75
2016.12.07 14:23:20.776,0.98973,0.98998,1.00,1.75
2016.12.07 14:23:21.300,0.98974,0.98998,1.00,1.75
2016.12.07 14:23:21.650,0.98974,0.98993,1.00,1.00
2016.12.07 14:23:21.952,0.98974,0.98995,1.00,2.25
2016.12.07 14:23:22.163,0.98969,0.98996,1.00,1.75
2016.12.07 14:23:22.263,0.98969,0.98999,2.25,1.75
2016.12.07 14:23:22.432,0.98974,0.98999,1.00,2.25
2016.12.07 14:23:22.483,0.98974,0.98997,1.00,1.00
2016.12.07 14:23:23.457,0.98973,0.98999,1.00,2.25
2016.12.07 14:23:23.557,0.98973,0.98999,1.00,1.75
2016.12.07 14:23:24.239,0.98974,0.98999,1.00,1.75
2016.12.07 14:23:24.542,0.98978,0.99002,1.00,1.75
2016.12.07 14:23:24.592,0.98978,0.99002,1.12,1.12
2016.12.07 14:23:24.894,0.98978,0.99002,1.00,1.75
2016.12.07 14:23:24.995,0.98978,0.99004,1.00,1.75
2016.12.07 14:23:25.510,0.98978,0.99004,1.00,1.75
2016.12.07 14:23:25.671,0.98976,0.99001,1.12,1.12
2016.12.07 14:23:26.482,0.98978,0.99004,1.00,1.75
2016.12.07 14:23:26.870,0.98984,0.99004,1.00,1.75
2016.12.07 14:23:26.939,0.98979,0.99004,1.00,1.75
2016.12.07 14:23:27.700,0.98979,0.99006,1.00,3.00
2016.12.07 14:23:28.069,0.98983,0.99006,1.00,2.25
2016.12.07 14:23:28.183,0.98977,0.99001,1.50,1.00
2016.12.07 14:23:29.466,0.98983,0.99006,1.00,1.75
2016.12.07 14:23:29.667,0.98976,0.99002,1.75,1.12
2016.12.07 14:23:30.080,0.98976,0.99002,1.12,1.75
2016.12.07 14:23:31.855,0.98984,0.99004,1.00,1.75
2016.12.07 14:23:32.207,0.98984,0.99011,1.50,1.75
2016.12.07 14:23:32.308,0.98986,0.99009,1.00,1.00
2016.12.07 14:23:32.409,0.98986,0.99015,1.50,2.85
2016.12.07 14:23:32.993,0.98988,0.99014,1.00,1.75
2016.12.07 14:23:33.351,0.98985,0.99007,1.75,1.00
2016.12.07 14:23:33.891,0.98989,0.99014,1.00,1.75
2016.12.07 14:23:33.992,0.98985,0.99011,1.75,1.12
2016.12.07 14:23:34.193,0.98984,0.9901,1.12,1.75
2016.12.07 14:23:34.514,0.98982,0.99006,1.75,1.00
2016.12.07 14:23:34.564,0.98984,0.9901,1.12,1.75
2016.12.07 14:23:34.874,0.9898,0.99006,2.25,1.00
2016.12.07 14:23:35.977,0.98984,0.99012,1.75,1.37
2016.12.07 14:23:36.179,0.98984,0.9901,1.00,1.00
2016.12.07 14:23:39.053,0.98984,0.9901,1.60,1.00
2016.12.07 14:23:39.204,0.98988,0.99014,1.50,1.00
2016.12.07 14:23:39.330,0.9899,0.99014,1.00,1.00
2016.12.07 14:23:39.743,0.98991,0.99011,1.00,1.00
2016.12.07 14:23:39.899,0.9899,0.99014,1.00,1.00
2016.12.07 14:23:40.403,0.98989,0.99014,1.35,1.00
2016.12.07 14:23:41.167,0.98989,0.99016,2.10,1.12
2016.12.07 14:23:41.703,0.98989,0.99015,1.35,1.00
2016.12.07 14:23:42.480,0.98988,0.99011,2.10,1.00
2016.12.07 14:23:44.251,0.98989,0.99011,1.72,1.00
2016.12.07 14:23:46.645,0.98993,0.99016,1.00,1.00
2016.12.07 14:23:47.161,0.98994,0.99016,1.00,1.00
2016.12.07 14:23:47.863,0.98993,0.99016,1.00,1.00
2016.12.07 14:23:48.424,0.98993,0.99016,1.35,1.00
2016.12.07 14:23:49.770,0.98993,0.99019,1.75,1.12
2016.12.07 14:23:49.922,0.98993,0.99017,1.00,1.50
2016.12.07 14:23:50.223,0.98993,0.99017,1.00,1.75
2016.12.07 14:23:51.106,0.98993,0.9902,1.12,1.75
2016.12.07 14:23:51.621,0.98994,0.99019,1.00,1.75
2016.12.07 14:23:53.911,0.98993,0.99019,1.00,1.75
2016.12.07 14:23:53.962,0.9899,0.99019,1.12,1.75
2016.12.07 14:23:54.012,0.98989,0.99017,1.75,1.00
2016.12.07 14:23:54.115,0.98989,0.99016,1.50,1.12
2016.12.07 14:23:54.216,0.98989,0.99015,1.00,1.75
2016.12.07 14:23:54.949,0.98986,0.99011,2.25,1.00
2016.12.07 14:23:55.452,0.98985,0.99011,1.50,1.50
2016.12.07 14:23:55.552,0.98988,0.99012,1.35,1.00
2016.12.07 14:23:55.896,0.98991,0.99012,1.75,1.00
2016.12.07 14:23:55.946,0.98991,0.99016,1.75,1.00
2016.12.07 14:23:56.148,0.9899,0.99016,1.12,1.37
2016.12.07 14:23:56.316,0.9899,0.99016,1.75,1.12
2016.12.07 14:23:59.729,0.98992,0.99016,1.00,1.37
2016.12.07 14:24:00.347,0.98991,0.99016,1.75,1.00
2016.12.07 14:24:00.657,0.98988,0.99016,2.25,1.75
2016.12.07 14:24:01.518,0.98988,0.99016,2.25,1.50
2016.12.07 14:24:01.669,0.98989,0.99017,1.67,1.75
2016.12.07 14:24:01.770,0.98989,0.99011,1.67,1.00
2016.12.07 14:24:02.046,0.98989,0.99016,2.85,1.50
2016.12.07 14:24:02.771,0.98989,0.99012,2.10,1.00
2016.12.07 14:24:04.266,0.98989,0.99016,2.10,1.50
2016.12.07 14:24:06.276,0.9899,0.99016,1.75,1.00
2016.12.07 14:24:10.360,0.98993,0.9902,1.12,1.75
2016.12.07 14:24:10.662,0.98995,0.99021,1.00,1.00
2016.12.07 14:24:10.832,0.98993,0.99022,1.37,3.00
2016.12.07 14:24:10.883,0.98993,0.99022,1.12,3.00
2016.12.07 14:24:11.860,0.98994,0.99021,1.00,1.75
2016.12.07 14:24:15.026,0.98994,0.99021,2.85,1.75
2016.12.07 14:24:15.178,0.98999,0.99026,2.10,2.25
2016.12.07 14:24:15.358,0.98999,0.99025,1.50,1.87
2016.12.07 14:24:15.459,0.98999,0.99025,1.00,2.25
2016.12.07 14:24:15.661,0.98989,0.99015,1.00,1.00
2016.12.07 14:24:15.761,0.98988,0.99013,1.50,1.00
2016.12.07 14:24:16.279,0.98988,0.99017,2.25,2.25
2016.12.07 14:24:16.582,0.98989,0.99017,1.75,1.50
2016.12.07 14:24:16.884,0.98989,0.99017,1.50,1.75
2016.12.07 14:24:22.073,0.98992,0.99017,1.00,1.12
2016.12.07 14:24:22.123,0.98998,0.9902,1.00,1.75
2016.12.07 14:24:22.174,0.98998,0.9902,1.00,1.50
2016.12.07 14:24:22.275,0.98992,0.9902,1.50,1.50
2016.12.07 14:24:22.788,0.98994,0.99021,1.00,2.25
2016.12.07 14:24:23.805,0.98993,0.9902,1.12,1.50
2016.12.07 14:24:24.408,0.98991,0.99017,1.35,1.00
2016.12.07 14:24:24.660,0.9899,0.99016,1.00,2.10
2016.12.07 14:24:25.066,0.98992,0.99016,1.00,1.00
2016.12.07 14:24:25.721,0.98993,0.99016,1.00,1.00
2016.12.07 14:24:26.097,0.98993,0.99019,1.50,1.12
2016.12.07 14:24:26.299,0.98993,0.99017,1.50,1.00
2016.12.07 14:24:26.400,0.98993,0.99017,1.00,1.50
2016.12.07 14:24:26.935,0.98993,0.99019,1.37,1.37
2016.12.07 14:24:28.784,0.98993,0.99016,1.00,1.00
2016.12.07 14:24:29.302,0.98993,0.99017,1.00,1.50
2016.12.07 14:24:30.404,0.98991,0.99016,1.00,1.00
2016.12.07 14:24:30.505,0.98988,0.99016,1.50,1.50
2016.12.07 14:24:30.606,0.98989,0.99016,1.35,1.12
2016.12.07 14:24:31.484,0.98989,0.99017,2.10,1.50
2016.12.07 14:24:31.585,0.98989,0.99017,2.10,1.87
2016.12.07 14:24:32.185,0.98989,0.99017,1.72,2.25
2016.12.07 14:24:32.783,0.98989,0.99017,2.10,2.25
2016.12.07 14:24:33.203,0.98989,0.99017,1.30,2.25
2016.12.07 14:24:33.509,0.98989,0.99017,1.35,2.25
2016.12.07 14:24:39.718,0.98988,0.99014,2.85,1.00
2016.12.07 14:24:39.819,0.98994,0.99017,1.00,1.75
2016.12.07 14:24:40.331,0.98994,0.99014,1.00,1.00
2016.12.07 14:24:40.532,0.98989,0.99016,2.85,1.50
2016.12.07 14:24:42.218,0.98994,0.99018,1.00,1.75
2016.12.07 14:24:42.589,0.98994,0.99017,1.00,1.75
2016.12.07 14:24:43.629,0.98989,0.99016,1.35,1.75
2016.12.07 14:24:45.610,0.98989,0.99015,2.85,1.00
2016.12.07 14:24:46.652,0.98994,0.99015,1.00,1.00
2016.12.07 14:24:46.929,0.98989,0.99015,2.85,1.00
2016.12.07 14:24:47.233,0.98994,0.99016,1.00,1.75
2016.12.07 14:24:48.347,0.98994,0.99018,1.00,1.75
2016.12.07 14:24:49.830,0.98994,0.99017,1.00,1.75
2016.12.07 14:24:52.449,0.98994,0.99016,1.00,1.00
2016.12.07 14:24:52.549,0.9899,0.99016,1.00,1.00
2016.12.07 14:24:53.461,0.98993,0.99016,1.00,1.50
2016.12.07 14:24:53.789,0.98987,0.99011,1.50,1.00
2016.12.07 14:24:54.922,0.98993,0.99016,1.00,1.75
2016.12.07 14:24:56.950,0.98989,0.99011,1.12,1.00
2016.12.07 14:24:57.025,0.98993,0.99017,1.00,2.25
2016.12.07 14:24:57.425,0.98989,0.99011,1.12,1.00
2016.12.07 14:24:57.726,0.98994,0.99017,1.00,2.25
2016.12.07 14:24:58.427,0.98989,0.99011,1.12,1.00
2016.12.07 14:24:58.839,0.98994,0.99017,1.00,2.25
2016.12.07 14:24:59.629,0.98989,0.99011,1.12,1.00
2016.12.07 14:25:00.553,0.98989,0.99016,1.72,1.75
2016.12.07 14:25:00.654,0.98992,0.99016,1.67,1.00
2016.12.07 14:25:00.755,0.98994,0.99023,1.50,1.75
2016.12.07 14:25:00.856,0.98999,0.99023,1.00,1.75
2016.12.07 14:25:01.667,0.98998,0.99023,1.00,1.75
2016.12.07 14:25:02.659,0.98998,0.99019,1.00,1.00
2016.12.07 14:25:03.453,0.98999,0.99019,1.00,1.00
2016.12.07 14:25:04.036,0.98993,0.99019,2.85,1.00
2016.12.07 14:25:04.451,0.98999,0.99019,1.00,1.00
2016.12.07 14:25:04.755,0.98994,0.99019,2.10,1.00
2016.12.07 14:25:04.938,0.98999,0.99019,1.00,1.00
2016.12.07 14:25:09.269,0.98999,0.99022,1.00,1.12
2016.12.07 14:25:12.923,0.98999,0.99021,1.00,1.00
2016.12.07 14:25:13.535,0.98998,0.99021,1.00,1.00
2016.12.07 14:25:14.532,0.98998,0.99023,1.00,1.50
2016.12.07 14:25:14.885,0.98996,0.99021,1.50,1.00
2016.12.07 14:25:14.986,0.98996,0.99019,1.00,1.00
2016.12.07 14:25:15.036,0.98993,0.99019,1.35,1.00
2016.12.07 14:25:15.552,0.98994,0.99019,1.00,1.00
2016.12.07 14:25:16.367,0.98995,0.99019,1.00,1.00
2016.12.07 14:25:16.576,0.98999,0.99019,1.00,1.00
2016.12.07 14:25:16.677,0.98999,0.99023,1.00,1.50
2016.12.07 14:25:16.777,0.98999,0.99022,1.00,1.75
2016.12.07 14:25:18.470,0.98994,0.99021,2.25,1.75
2016.12.07 14:25:20.005,0.98993,0.9902,1.12,1.75
2016.12.07 14:25:20.789,0.98991,0.99016,1.50,1.00
2016.12.07 14:25:21.467,0.98994,0.99016,1.00,1.00
2016.12.07 14:25:22.785,0.98994,0.99019,1.00,1.00
2016.12.07 14:25:24.640,0.98994,0.99018,1.00,1.00
2016.12.07 14:25:25.311,0.98994,0.99019,1.00,1.00
2016.12.07 14:25:25.896,0.98993,0.99018,1.00,1.75
2016.12.07 14:25:29.175,0.9899,0.99017,1.50,1.75
2016.12.07 14:25:29.796,0.98994,0.99019,1.00,1.75
2016.12.07 14:25:30.983,0.98991,0.99017,1.12,1.75
2016.12.07 14:25:31.995,0.98994,0.99021,1.12,2.25
2016.12.07 14:25:34.008,0.9899,0.99019,1.37,2.10
2016.12.07 14:25:34.377,0.98994,0.99017,1.00,1.50
2016.12.07 14:25:34.478,0.98989,0.99018,2.10,1.75
2016.12.07 14:25:34.982,0.98989,0.99016,2.25,1.37
2016.12.07 14:25:35.624,0.98989,0.99016,1.12,2.25
2016.12.07 14:25:36.322,0.98989,0.99016,1.00,2.25
2016.12.07 14:25:40.508,0.98986,0.99014,2.10,1.75
2016.12.07 14:25:40.609,0.98989,0.99015,1.00,1.00
2016.12.07 14:25:40.710,0.98989,0.99016,1.75,1.00
2016.12.07 14:25:41.446,0.98994,0.99019,1.00,1.75
2016.12.07 14:25:42.634,0.98989,0.99016,2.25,1.00
2016.12.07 14:25:47.121,0.9899,0.99016,1.75,1.00
2016.12.07 14:25:47.423,0.98996,0.99022,1.00,1.50
2016.12.07 14:25:47.524,0.98995,0.99022,2.85,1.00
2016.12.07 14:25:48.036,0.98999,0.99024,1.12,1.50
2016.12.07 14:25:49.213,0.98996,0.99022,1.37,1.37
2016.12.07 14:25:49.263,0.98995,0.99021,1.00,1.00
2016.12.07 14:25:49.364,0.98995,0.99019,1.00,1.00
2016.12.07 14:25:49.465,0.9899,0.99017,1.00,1.50
2016.12.07 14:25:49.613,0.98993,0.99017,1.00,1.50
2016.12.07 14:25:53.402,0.98994,0.99017,1.00,1.00
2016.12.07 14:25:54.471,0.98994,0.99021,1.30,1.75
2016.12.07 14:25:54.572,0.98993,0.99021,1.50,1.37
2016.12.07 14:25:54.673,0.98994,0.99023,1.75,1.50
2016.12.07 14:25:54.976,0.98994,0.99019,1.00,1.75
2016.12.07 14:26:03.556,0.98994,0.99017,1.00,1.75
2016.12.07 14:26:05.252,0.98987,0.99011,1.35,1.00
2016.12.07 14:26:06.024,0.98993,0.99014,1.00,1.50
2016.12.07 14:26:06.956,0.98988,0.99015,1.50,1.75
2016.12.07 14:26:10.902,0.98988,0.99012,1.00,1.00
2016.12.07 14:26:15.945,0.98989,0.99012,1.00,1.00
2016.12.07 14:26:18.783,0.98989,0.99014,1.00,2.25
2016.12.07 14:26:22.080,0.98989,0.99011,1.00,1.00
2016.12.07 14:26:27.012,0.9899,0.99016,1.00,1.75
2016.12.07 14:26:27.113,0.98991,0.99016,1.35,1.00
2016.12.07 14:26:27.365,0.98994,0.9902,1.00,1.00
2016.12.07 14:26:29.198,0.98993,0.99021,1.50,2.10
2016.12.07 14:26:31.841,0.98993,0.99016,1.00,1.00
2016.12.07 14:26:32.093,0.9899,0.99016,1.50,1.00
2016.12.07 14:26:33.511,0.98991,0.99016,1.60,1.50
2016.12.07 14:26:34.121,0.98994,0.99016,1.00,1.00
2016.12.07 14:26:34.514,0.98994,0.99021,1.12,1.75
2016.12.07 14:26:34.849,0.9899,0.99017,1.75,1.60
2016.12.07 14:26:34.900,0.9899,0.99017,1.75,1.00
2016.12.07 14:26:35.001,0.9899,0.99017,1.30,1.75
2016.12.07 14:26:35.202,0.98994,0.9902,1.00,2.62
2016.12.07 14:26:35.253,0.98994,0.99021,1.00,1.75
2016.12.07 14:26:38.932,0.98994,0.99022,2.85,2.25
2016.12.07 14:26:39.033,0.98994,0.99021,1.35,1.75
2016.12.07 14:26:39.376,0.98998,0.99022,1.00,1.75
2016.12.07 14:26:40.584,0.98992,0.99022,1.50,2.25
2016.12.07 14:26:40.735,0.98991,0.9902,1.12,1.75
2016.12.07 14:26:40.786,0.98994,0.9902,1.00,1.75
2016.12.07 14:26:41.038,0.9899,0.99019,1.50,2.10
2016.12.07 14:26:41.139,0.98991,0.99016,1.00,1.75
2016.12.07 14:26:41.241,0.98989,0.99013,1.00,1.00
2016.12.07 14:26:41.342,0.9899,0.99016,1.00,2.62
2016.12.07 14:26:41.543,0.98994,0.9902,1.00,2.25
2016.12.07 14:26:44.466,0.98993,0.99018,1.00,1.75
2016.12.07 14:26:45.183,0.9899,0.99018,1.50,1.75
2016.12.07 14:26:45.335,0.98989,0.99016,1.50,1.75
2016.12.07 14:26:46.245,0.98991,0.99017,1.00,1.00
2016.12.07 14:26:46.497,0.98994,0.99017,1.00,1.00
2016.12.07 14:26:48.078,0.98991,0.99016,1.00,1.00
2016.12.07 14:26:48.573,0.98993,0.99017,1.00,1.00
2016.12.07 14:26:51.062,0.98993,0.99019,1.00,1.75
2016.12.07 14:26:51.112,0.9899,0.99016,1.12,1.75
2016.12.07 14:26:51.779,0.98994,0.99019,1.00,1.75
2016.12.07 14:26:51.880,0.9899,0.99019,1.12,1.75
2016.12.07 14:26:52.283,0.98987,0.99011,1.00,1.00
2016.12.07 14:26:52.484,0.98984,0.99009,1.00,1.00
2016.12.07 14:26:55.774,0.98984,0.99011,2.25,1.12
2016.12.07 14:26:57.002,0.98988,0.99013,1.00,1.50
2016.12.07 14:26:57.540,0.98985,0.99015,2.10,1.75
2016.12.07 14:26:57.870,0.98988,0.99013,1.50,1.00
2016.12.07 14:26:59.235,0.98989,0.99013,1.60,1.00
2016.12.07 14:26:59.370,0.98993,0.99021,1.00,1.75
2016.12.07 14:26:59.471,0.98993,0.99019,1.50,1.00
2016.12.07 14:26:59.759,0.98994,0.9902,1.00,1.75
2016.12.07 14:27:00.102,0.98994,0.99017,1.00,1.75
2016.12.07 14:27:01.094,0.98994,0.9902,1.00,1.75
2016.12.07 14:27:01.641,0.98992,0.99017,1.12,1.37
2016.12.07 14:27:01.893,0.9899,0.99016,1.00,1.75
2016.12.07 14:27:02.188,0.98991,0.99016,1.50,1.12
2016.12.07 14:27:02.398,0.98994,0.99019,1.00,1.75
2016.12.07 14:27:03.458,0.98992,0.9902,1.12,1.75
2016.12.07 14:27:03.601,0.98994,0.9902,1.00,1.75
2016.12.07 14:27:04.404,0.99004,0.99022,1.00,3.37
2016.12.07 14:27:04.505,0.98998,0.99021,1.00,1.50
2016.12.07 14:27:04.606,0.98998,0.99021,1.00,1.00
2016.12.07 14:27:04.811,0.99004,0.99026,1.00,2.25
2016.12.07 14:27:04.911,0.98998,0.99021,1.00,1.00
2016.12.07 14:27:05.456,0.98996,0.99021,1.72,1.50
2016.12.07 14:27:05.607,0.98999,0.99024,1.00,1.75
2016.12.07 14:27:05.708,0.98996,0.99022,1.72,1.75
2016.12.07 14:27:05.809,0.98997,0.99022,1.35,1.00
2016.12.07 14:27:06.428,0.99004,0.99026,1.00,1.75
2016.12.07 14:27:06.580,0.99004,0.99031,1.00,2.85
2016.12.07 14:27:06.681,0.99004,0.9903,1.35,1.00
2016.12.07 14:27:07.708,0.99004,0.9903,1.00,1.35
2016.12.07 14:27:08.223,0.99002,0.99026,1.37,1.00
2016.12.07 14:27:09.056,0.99,0.99027,2.25,1.12
2016.12.07 14:27:09.358,0.99,0.99027,1.37,1.50
2016.12.07 14:27:10.865,0.98999,0.99026,1.37,1.75
2016.12.07 14:27:10.916,0.98999,0.99026,1.00,1.75
2016.12.07 14:27:11.417,0.98998,0.99026,1.87,2.25
2016.12.07 14:27:12.706,0.98995,0.99023,1.37,1.75
2016.12.07 14:27:12.908,0.98997,0.99023,1.00,1.00
2016.12.07 14:27:13.384,0.98998,0.99027,1.37,2.25
2016.12.07 14:27:13.907,0.99,0.99028,1.12,2.25
2016.12.07 14:27:14.209,0.99004,0.9903,1.00,1.75
2016.12.07 14:27:14.310,0.99004,0.99031,1.87,1.75
2016.12.07 14:27:14.411,0.99004,0.99032,1.75,1.75
2016.12.07 14:27:15.659,0.99008,0.99034,1.00,1.75
2016.12.07 14:27:15.759,0.99004,0.99031,2.25,1.50
2016.12.07 14:27:15.860,0.9901,0.99036,1.00,1.75
2016.12.07 14:27:15.911,0.9901,0.99036,1.00,1.75
2016.12.07 14:27:15.961,0.99013,0.99037,1.00,2.10
2016.12.07 14:27:16.012,0.99013,0.99037,1.00,1.72
2016.12.07 14:27:16.553,0.99013,0.99037,1.00,1.00
2016.12.07 14:27:16.805,0.99016,0.99038,1.00,1.00
2016.12.07 14:27:16.956,0.99012,0.99037,1.50,1.35
2016.12.07 14:27:17.208,0.9901,0.99037,1.12,2.10
2016.12.07 14:27:17.718,0.9901,0.99037,1.75,1.72
2016.12.07 14:27:18.602,0.99009,0.99037,2.10,2.10
2016.12.07 14:27:18.956,0.99014,0.99039,1.00,1.75
2016.12.07 14:27:19.107,0.99016,0.99041,1.35,1.12
2016.12.07 14:27:19.298,0.9902,0.99047,1.00,2.10
2016.12.07 14:27:19.449,0.99021,0.99046,1.50,1.12
2016.12.07 14:27:19.601,0.99019,0.99046,1.50,1.75
2016.12.07 14:27:19.903,0.99019,0.99042,1.00,1.75
2016.12.07 14:27:19.953,0.99015,0.99042,1.00,2.25
2016.12.07 14:27:20.492,0.99014,0.99042,1.00,3.00
2016.12.07 14:27:20.643,0.99014,0.9904,1.50,1.00
2016.12.07 14:27:21.824,0.99014,0.99038,1.50,1.00
2016.12.07 14:27:22.076,0.99014,0.9904,1.50,1.00
2016.12.07 14:27:22.127,0.99014,0.99043,1.75,1.50
2016.12.07 14:27:22.228,0.99014,0.99042,1.00,2.25
2016.12.07 14:27:22.739,0.99013,0.99041,1.12,2.25
2016.12.07 14:27:23.041,0.99011,0.9904,1.12,1.75
2016.12.07 14:27:23.192,0.99013,0.99041,1.12,1.75
2016.12.07 14:27:23.493,0.99016,0.99041,1.00,1.50
2016.12.07 14:27:24.022,0.99015,0.99042,1.50,1.75
2016.12.07 14:27:24.670,0.99014,0.99036,1.75,1.00
2016.12.07 14:27:24.944,0.99014,0.99041,2.25,1.50
2016.12.07 14:27:28.331,0.99015,0.99041,1.75,1.00
2016.12.07 14:27:28.382,0.99018,0.99046,1.37,1.75
2016.12.07 14:27:28.636,0.99018,0.99047,2.25,1.75
2016.12.07 14:27:29.638,0.99018,0.99045,1.00,1.75
2016.12.07 14:27:30.524,0.99018,0.99046,1.87,1.75
2016.12.07 14:27:31.035,0.99018,0.99046,2.25,1.75
2016.12.07 14:27:32.707,0.99022,0.99047,1.37,1.37
2016.12.07 14:27:32.757,0.99023,0.99047,1.00,1.00
2016.12.07 14:27:32.808,0.99023,0.99049,1.00,1.00
2016.12.07 14:27:32.909,0.99022,0.9905,2.25,1.37
2016.12.07 14:27:33.447,0.99024,0.9905,1.12,1.75
2016.12.07 14:27:33.750,0.99024,0.99051,1.50,1.87
2016.12.07 14:27:34.271,0.99022,0.99047,1.75,1.00
2016.12.07 14:27:34.422,0.99019,0.99048,1.50,1.75
2016.12.07 14:27:34.473,0.99019,0.99045,1.50,1.00
2016.12.07 14:27:34.597,0.99015,0.99041,1.75,1.00
2016.12.07 14:27:34.648,0.99017,0.99041,1.00,1.00
2016.12.07 14:27:34.896,0.99017,0.99043,1.00,1.00
2016.12.07 14:27:35.248,0.99018,0.99046,1.37,1.75
2016.12.07 14:27:35.813,0.99018,0.99045,1.75,1.50
2016.12.07 14:27:40.866,0.99018,0.99046,2.25,1.50
2016.12.07 14:27:41.411,0.99018,0.99046,2.25,1.12
2016.12.07 14:27:46.611,0.9902,0.99046,1.00,1.37
2016.12.07 14:27:47.504,0.99018,0.99046,2.25,1.12
2016.12.07 14:27:47.870,0.99018,0.99047,1.75,2.25
2016.12.07 14:27:48.311,0.99019,0.99045,1.00,1.37
2016.12.07 14:27:48.930,0.99024,0.99045,1.00,1.75
2016.12.07 14:27:49.342,0.99024,0.99046,1.00,1.50
2016.12.07 14:27:49.523,0.99019,0.99046,1.50,1.00
2016.12.07 14:27:49.724,0.99019,0.99045,1.12,1.37
2016.12.07 14:27:49.926,0.99019,0.99046,1.87,1.75
2016.12.07 14:27:50.027,0.99019,0.99046,1.87,1.50
2016.12.07 14:27:51.990,0.9902,0.99048,1.50,1.50
2016.12.07 14:27:52.292,0.99024,0.99051,1.75,1.87
2016.12.07 14:27:55.311,0.99024,0.99051,1.50,1.87
2016.12.07 14:27:55.362,0.99024,0.99051,1.12,2.25
2016.12.07 14:27:56.214,0.99024,0.99051,1.37,2.25
2016.12.07 14:27:56.265,0.99024,0.99051,1.75,1.87
2016.12.07 14:27:56.623,0.99024,0.99051,2.25,1.37
2016.12.07 14:27:56.824,0.99024,0.99051,1.00,2.25
2016.12.07 14:27:57.296,0.99024,0.99051,1.87,1.75
2016.12.07 14:27:57.819,0.99026,0.99052,1.12,2.10
2016.12.07 14:27:58.146,0.99026,0.99052,1.50,1.72
2016.12.07 14:27:59.041,0.99024,0.99051,2.85,1.00
2016.12.07 14:27:59.141,0.99026,0.99051,1.00,1.37
2016.12.07 14:27:59.504,0.99025,0.99047,1.50,1.00
2016.12.07 14:27:59.807,0.99029,0.99055,1.37,1.35
2016.12.07 14:28:00.444,0.99029,0.99056,1.37,1.35
2016.12.07 14:28:01.537,0.99029,0.99056,1.37,1.60
2016.12.07 14:28:01.862,0.99028,0.99055,2.25,1.35
2016.12.07 14:28:02.064,0.99028,0.99053,1.00,1.67
2016.12.07 14:28:02.164,0.99024,0.99051,2.25,1.00
2016.12.07 14:28:03.147,0.99023,0.99047,1.75,1.00
2016.12.07 14:28:03.714,0.99023,0.99046,2.10,1.00
2016.12.07 14:28:04.134,0.99025,0.99052,1.00,1.37
2016.12.07 14:28:04.235,0.99025,0.99051,1.37,1.00
2016.12.07 14:28:04.733,0.99029,0.99054,1.00,1.50
2016.12.07 14:28:05.187,0.99029,0.99055,1.00,1.75
2016.12.07 14:28:05.713,0.99029,0.99055,1.12,1.75
2016.12.07 14:28:06.401,0.99029,0.99056,1.12,1.75
2016.12.07 14:28:08.454,0.99029,0.99052,1.00,1.37
2016.12.07 14:28:08.919,0.99029,0.99051,1.00,1.37
2016.12.07 14:28:09.130,0.99024,0.9905,1.00,1.75
2016.12.07 14:28:09.215,0.99028,0.9905,1.00,1.75
2016.12.07 14:28:09.315,0.99024,0.9905,1.00,1.75
2016.12.07 14:28:10.424,0.99022,0.99046,1.72,1.00
2016.12.07 14:28:11.871,0.99023,0.99051,1.35,1.75
2016.12.07 14:28:12.642,0.99024,0.9905,1.00,1.75
2016.12.07 14:28:13.146,0.99024,0.99051,1.37,1.50
2016.12.07 14:28:13.247,0.99024,0.99051,1.50,1.12
2016.12.07 14:28:13.390,0.99024,0.99051,1.12,1.37
2016.12.07 14:28:13.901,0.99025,0.99051,1.00,1.75
2016.12.07 14:28:14.451,0.99026,0.99051,1.12,1.50
2016.12.07 14:28:15.232,0.99025,0.99051,1.50,1.12
2016.12.07 14:28:15.717,0.99024,0.99052,1.67,1.50
2016.12.07 14:28:15.767,0.99024,0.99052,1.67,2.25
2016.12.07 14:28:16.084,0.99023,0.99052,2.85,1.75
2016.12.07 14:28:16.681,0.99026,0.99051,1.00,1.00
2016.12.07 14:28:17.360,0.99026,0.99052,1.00,1.00
2016.12.07 14:28:17.630,0.99028,0.99051,1.00,1.00
2016.12.07 14:28:17.731,0.99024,0.99051,2.25,1.50
2016.12.07 14:28:18.290,0.99025,0.99051,1.00,1.50
2016.12.07 14:28:18.340,0.99025,0.99051,1.37,1.50
2016.12.07 14:28:18.974,0.99025,0.99051,1.50,1.37
2016.12.07 14:28:19.279,0.99023,0.9905,1.12,1.75
2016.12.07 14:28:25.060,0.99024,0.9905,1.00,1.75
2016.12.07 14:28:29.383,0.99024,0.99049,1.00,1.75
2016.12.07 14:28:31.495,0.99024,0.99051,1.37,2.25
2016.12.07 14:28:31.546,0.99024,0.99051,1.50,2.25
2016.12.07 14:28:31.980,0.99024,0.99051,1.12,3.00
2016.12.07 14:28:35.130,0.99024,0.99051,1.12,2.25
2016.12.07 14:28:39.407,0.99024,0.99051,1.72,2.25
2016.12.07 14:28:39.558,0.99026,0.99051,1.30,1.12
2016.12.07 14:28:39.961,0.99024,0.99051,1.87,1.50
2016.12.07 14:28:40.890,0.99023,0.99046,1.50,1.00
2016.12.07 14:28:41.429,0.99026,0.99047,1.00,1.00
2016.12.07 14:28:41.950,0.99024,0.99047,1.50,1.00
2016.12.07 14:28:43.361,0.99023,0.99046,1.75,1.00
2016.12.07 14:28:43.462,0.99021,0.9905,1.50,1.35
2016.12.07 14:28:43.981,0.99023,0.99051,1.00,1.75
2016.12.07 14:28:46.208,0.99022,0.99046,1.12,1.12
2016.12.07 14:28:48.931,0.99022,0.99046,1.00,1.37
2016.12.07 14:28:48.982,0.99024,0.99045,1.00,1.00
2016.12.07 14:28:49.169,0.99024,0.99047,1.00,1.00
2016.12.07 14:28:50.070,0.99022,0.99047,1.00,1.50
2016.12.07 14:28:50.516,0.99024,0.9905,1.00,1.75
2016.12.07 14:28:50.617,0.99024,0.99047,1.00,1.00
2016.12.07 14:28:51.919,0.99024,0.99048,1.00,1.75
2016.12.07 14:28:52.221,0.99019,0.99043,1.00,1.75
2016.12.07 14:28:53.805,0.99015,0.99041,1.12,1.75
2016.12.07 14:28:53.856,0.99011,0.99039,1.50,1.50
2016.12.07 14:28:53.957,0.99009,0.99035,1.50,1.50
2016.12.07 14:28:55.642,0.9901,0.99038,1.00,2.25
2016.12.07 14:28:55.949,0.99014,0.99038,1.00,2.25
2016.12.07 14:28:56.578,0.99013,0.99038,1.00,2.25
2016.12.07 14:28:57.432,0.99013,0.99038,1.12,1.75
2016.12.07 14:28:57.974,0.99013,0.99041,1.12,2.25
2016.12.07 14:29:01.461,0.99009,0.99035,1.50,1.00
2016.12.07 14:29:03.656,0.99008,0.99035,1.50,1.50
2016.12.07 14:29:03.807,0.99004,0.99032,1.50,1.50
2016.12.07 14:29:03.908,0.99003,0.9903,1.12,1.12
2016.12.07 14:29:05.163,0.99002,0.9903,1.50,1.75
2016.12.07 14:29:06.311,0.99003,0.9903,1.72,1.75
2016.12.07 14:29:06.512,0.99006,0.99031,1.67,1.50
2016.12.07 14:29:06.563,0.99006,0.99031,1.30,1.87
2016.12.07 14:29:06.613,0.99009,0.99031,1.00,1.37
2016.12.07 14:29:06.714,0.99004,0.99031,1.50,1.37
2016.12.07 14:29:07.070,0.99003,0.99031,1.87,1.75
2016.12.07 14:29:07.644,0.99001,0.99026,1.75,1.00
2016.12.07 14:29:08.380,0.99001,0.99026,1.00,1.00
2016.12.07 14:29:08.635,0.99003,0.99027,1.00,1.50
2016.12.07 14:29:08.787,0.98999,0.99027,2.25,1.12
2016.12.07 14:29:09.326,0.99003,0.99028,1.00,1.50
2016.12.07 14:29:09.377,0.99003,0.99029,1.12,1.12
2016.12.07 14:29:09.840,0.99,0.99026,1.75,1.00
2016.12.07 14:29:11.790,0.99001,0.99026,1.00,1.00
2016.12.07 14:29:12.101,0.99003,0.99028,1.00,1.00
2016.12.07 14:29:12.891,0.99003,0.9903,1.75,1.67
2016.12.07 14:29:13.238,0.99003,0.99026,1.75,1.00
2016.12.07 14:29:13.439,0.99006,0.99031,1.00,1.00
2016.12.07 14:29:14.354,0.99006,0.99031,1.00,2.10
2016.12.07 14:29:14.607,0.98999,0.99022,2.25,1.00
2016.12.07 14:29:15.507,0.99,0.99021,1.35,1.00
2016.12.07 14:29:15.608,0.99,0.99021,1.30,1.00
2016.12.07 14:29:15.709,0.98999,0.99026,2.25,1.72
2016.12.07 14:29:15.759,0.99002,0.99026,1.00,1.72
2016.12.07 14:29:16.276,0.99,0.99026,1.12,1.72
2016.12.07 14:29:16.657,0.99002,0.99026,1.00,1.12
2016.12.07 14:29:16.808,0.99004,0.99029,1.50,1.00
2016.12.07 14:29:17.290,0.99004,0.99031,2.10,1.75
2016.12.07 14:29:17.608,0.99004,0.99031,2.47,1.75
2016.12.07 14:29:17.709,0.99004,0.99031,2.10,1.75
2016.12.07 14:29:18.212,0.99005,0.99032,1.00,2.25
2016.12.07 14:29:18.313,0.99003,0.99032,1.60,2.25
2016.12.07 14:29:18.465,0.99002,0.99027,1.12,1.50
2016.12.07 14:29:19.011,0.99001,0.99027,1.75,1.00
2016.12.07 14:29:19.533,0.99002,0.99027,1.12,1.50
2016.12.07 14:29:19.584,0.99004,0.99027,1.00,1.50
2016.12.07 14:29:19.936,0.99004,0.99032,1.37,1.75
2016.12.07 14:29:20.087,0.99004,0.99032,1.75,1.87
2016.12.07 14:29:20.405,0.99003,0.99031,2.25,1.75
2016.12.07 14:29:20.907,0.99003,0.9903,1.75,1.60
2016.12.07 14:29:21.108,0.98999,0.99029,2.25,1.67
2016.12.07 14:29:21.159,0.98999,0.99022,2.25,1.00
2016.12.07 14:29:21.361,0.98999,0.99027,2.25,1.00
2016.12.07 14:29:21.953,0.99,0.99026,1.75,1.00
2016.12.07 14:29:22.476,0.99003,0.99026,1.00,1.00
2016.12.07 14:29:22.527,0.99003,0.99026,1.75,1.00
2016.12.07 14:29:22.829,0.99005,0.99031,1.75,1.72
2016.12.07 14:29:23.706,0.99005,0.99031,2.25,1.35
2016.12.07 14:29:24.847,0.99009,0.99034,1.12,1.37
2016.12.07 14:29:25.100,0.99009,0.99035,1.50,1.12
2016.12.07 14:29:25.441,0.99006,0.99026,1.50,1.00
2016.12.07 14:29:26.233,0.99005,0.99032,1.75,1.12
2016.12.07 14:29:26.881,0.99006,0.99031,1.50,1.00
2016.12.07 14:29:27.134,0.99008,0.99032,1.75,1.00
2016.12.07 14:29:27.606,0.99006,0.99032,1.12,1.75
2016.12.07 14:29:27.707,0.99004,0.9903,1.50,1.75
2016.12.07 14:29:27.908,0.98999,0.99025,2.25,1.00
2016.12.07 14:29:28.009,0.98999,0.99025,1.50,1.75
2016.12.07 14:29:28.211,0.98995,0.99018,1.00,1.00
2016.12.07 14:29:28.553,0.98992,0.99016,1.50,1.00
2016.12.07 14:29:28.754,0.98994,0.9902,1.00,1.75
2016.12.07 14:29:28.855,0.98994,0.9902,1.00,1.75
2016.12.07 14:29:28.906,0.98994,0.99021,2.10,1.75
2016.12.07 14:29:29.057,0.98995,0.9902,1.60,1.00
2016.12.07 14:29:29.259,0.98999,0.9902,1.00,1.00
2016.12.07 14:29:29.661,0.98994,0.9902,2.25,1.00
2016.12.07 14:29:31.145,0.98993,0.99022,1.75,1.12
2016.12.07 14:29:31.447,0.98999,0.99023,1.00,1.35
2016.12.07 14:29:31.795,0.98997,0.99021,1.00,1.00
2016.12.07 14:29:32.005,0.98995,0.99021,1.00,1.50
2016.12.07 14:29:32.583,0.98994,0.99021,2.47,1.50
2016.12.07 14:29:34.106,0.98994,0.99021,2.47,1.50
2016.12.07 14:29:34.258,0.98998,0.99023,1.00,1.00
2016.12.07 14:29:34.629,0.98998,0.99023,1.00,1.75
2016.12.07 14:29:34.729,0.98994,0.99022,2.25,1.75
2016.12.07 14:29:36.578,0.98994,0.99021,1.50,1.50
2016.12.07 14:29:36.886,0.98993,0.99019,1.00,1.75
2016.12.07 14:29:37.449,0.98994,0.99019,1.00,1.75
2016.12.07 14:29:37.961,0.98994,0.9902,1.12,1.75
2016.12.07 14:29:39.353,0.98994,0.99021,1.37,2.25
2016.12.07 14:29:39.902,0.98994,0.99021,2.25,1.37
2016.12.07 14:29:40.612,0.98995,0.99019,1.37,1.00
2016.12.07 14:29:40.914,0.98991,0.99016,1.75,1.00
2016.12.07 14:29:40.965,0.98994,0.9902,1.50,2.10
2016.12.07 14:29:41.166,0.98991,0.99019,1.50,2.10
2016.12.07 14:29:41.368,0.98989,0.99016,1.75,1.00
2016.12.07 14:29:42.184,0.98991,0.99016,1.00,1.37
2016.12.07 14:29:47.057,0.98988,0.99016,2.85,1.87
2016.12.07 14:29:47.258,0.98992,0.99021,1.75,1.50
2016.12.07 14:29:48.206,0.9899,0.99018,1.75,1.00
2016.12.07 14:29:48.357,0.98992,0.99017,1.00,1.00
2016.12.07 14:29:48.408,0.98988,0.99017,1.75,1.87
2016.12.07 14:29:48.459,0.98988,0.99017,1.75,3.00
2016.12.07 14:29:48.559,0.98988,0.99015,1.37,1.50
2016.12.07 14:29:49.102,0.98988,0.99015,1.00,1.75
2016.12.07 14:29:51.278,0.98988,0.99013,1.37,1.00
2016.12.07 14:29:51.794,0.98988,0.99015,1.12,2.25
2016.12.07 14:29:52.373,0.98988,0.99017,1.12,3.00
2016.12.07 14:29:52.683,0.98988,0.99017,2.25,2.25
2016.12.07 14:29:55.509,0.98991,0.99019,1.50,1.50
2016.12.07 14:29:55.560,0.98992,0.9902,1.75,1.37
2016.12.07 14:29:57.390,0.98994,0.99019,1.00,1.87
2016.12.07 14:29:57.491,0.98994,0.99017,1.00,1.37
2016.12.07 14:29:57.592,0.98988,0.99016,2.25,1.35
2016.12.07 14:29:57.693,0.98989,0.99013,1.00,1.37
2016.12.07 14:29:57.944,0.98984,0.99012,1.50,1.50
2016.12.07 14:29:57.995,0.98984,0.99012,1.00,1.75
2016.12.07 14:29:58.668,0.98983,0.99011,1.12,1.75
2016.12.07 14:29:59.572,0.98984,0.99011,1.00,2.25
2016.12.07 14:30:00.081,0.98983,0.99011,1.87,2.25
2016.12.07 14:30:00.439,0.98982,0.99006,1.00,1.37
2016.12.07 14:30:00.641,0.9898,0.99008,1.12,1.75
2016.12.07 14:30:00.757,0.9898,0.99002,1.00,1.00
2016.12.07 14:30:00.858,0.98978,0.99006,1.00,2.25
2016.12.07 14:30:00.960,0.98982,0.99007,1.00,1.75
2016.12.07 14:30:01.061,0.98983,0.99007,1.75,1.00
2016.12.07 14:30:01.162,0.98984,0.99011,1.50,2.25
2016.12.07 14:30:01.606,0.98984,0.99012,2.25,1.50
2016.12.07 14:30:01.706,0.98984,0.99012,2.25,1.12
2016.12.07 14:30:02.010,0.98983,0.99012,2.25,1.87
2016.12.07 14:30:02.111,0.98984,0.99012,1.37,1.75
2016.12.07 14:30:02.313,0.98983,0.99011,1.50,1.50
2016.12.07 14:30:02.866,0.98984,0.99011,1.50,2.25
2016.12.07 14:30:03.881,0.98983,0.99011,1.87,2.25
2016.12.07 14:30:04.254,0.98983,0.99009,1.87,1.00
2016.12.07 14:30:04.556,0.98982,0.99006,1.12,1.12
2016.12.07 14:30:04.858,0.98983,0.99011,1.37,1.75
2016.12.07 14:30:05.261,0.98984,0.99011,2.25,1.50
2016.12.07 14:30:05.362,0.98984,0.99011,1.50,1.87
2016.12.07 14:30:05.868,0.98984,0.9901,1.12,1.75
2016.12.07 14:30:06.828,0.98984,0.99011,1.37,1.87
2016.12.07 14:30:06.879,0.98984,0.99011,1.50,1.00
2016.12.07 14:30:06.929,0.98984,0.99011,2.25,1.00
2016.12.07 14:30:08.117,0.98986,0.99006,1.35,1.00
2016.12.07 14:30:08.222,0.98988,0.99017,1.50,2.85
2016.12.07 14:30:08.323,0.98987,0.99011,1.75,1.00
2016.12.07 14:30:09.046,0.98988,0.99015,1.12,1.75
2016.12.07 14:30:09.579,0.98989,0.99016,1.00,1.00
2016.12.07 14:30:09.630,0.98987,0.99017,1.75,2.25
2016.12.07 14:30:10.151,0.98989,0.99017,1.75,1.87
2016.12.07 14:30:10.679,0.98987,0.99016,1.75,1.50
2016.12.07 14:30:10.830,0.98989,0.99015,1.00,1.00
2016.12.07 14:30:12.112,0.98989,0.99011,1.00,1.00
2016.12.07 14:30:12.213,0.98985,0.99011,1.75,1.00
2016.12.07 14:30:12.314,0.98989,0.99011,1.00,1.00
2016.12.07 14:30:12.415,0.98986,0.99013,1.00,1.50
2016.12.07 14:30:12.465,0.98986,0.99013,1.00,1.50
2016.12.07 14:30:12.836,0.98988,0.99014,1.50,1.50
2016.12.07 14:30:13.731,0.98986,0.99006,1.75,1.00
2016.12.07 14:30:13.832,0.98985,0.99014,1.50,1.75
2016.12.07 14:30:14.254,0.98985,0.99011,1.50,1.00
2016.12.07 14:30:14.305,0.98985,0.99013,1.75,1.00
2016.12.07 14:30:14.356,0.9899,0.99016,1.87,1.12
2016.12.07 14:30:14.507,0.9899,0.99016,1.75,1.12
2016.12.07 14:30:15.754,0.98989,0.99016,2.25,1.37
2016.12.07 14:30:15.908,0.98989,0.99013,1.00,1.00
2016.12.07 14:30:15.958,0.98989,0.99014,1.00,2.25
2016.12.07 14:30:16.110,0.98984,0.99012,1.37,1.50
2016.12.07 14:30:16.210,0.98986,0.99012,1.00,1.50
2016.12.07 14:30:17.356,0.9899,0.99012,1.72,1.12
2016.12.07 14:30:17.407,0.9899,0.99017,1.50,1.75
2016.12.07 14:30:17.608,0.98992,0.99017,1.00,1.00
2016.12.07 14:30:18.202,0.98992,0.99012,1.00,1.00
2016.12.07 14:30:18.303,0.98989,0.99016,1.37,1.50
2016.12.07 14:30:18.508,0.98989,0.99016,1.00,2.25
2016.12.07 14:30:19.405,0.98989,0.99016,1.50,2.25
2016.12.07 14:30:21.513,0.98988,0.99013,1.50,1.00
2016.12.07 14:30:23.554,0.98988,0.99013,1.00,2.85
2016.12.07 14:30:23.605,0.98985,0.99012,1.37,1.35
2016.12.07 14:30:23.705,0.98984,0.99009,1.00,1.50
2016.12.07 14:30:24.242,0.98989,0.99011,1.00,1.75
2016.12.07 14:30:25.643,0.98984,0.99011,1.00,2.25
2016.12.07 14:30:26.215,0.98983,0.99011,1.87,1.75
2016.12.07 14:30:28.200,0.98985,0.99011,1.00,1.75
2016.12.07 14:30:28.301,0.98985,0.99009,1.12,1.00
2016.12.07 14:30:33.315,0.98986,0.99015,1.37,1.75
2016.12.07 14:30:33.416,0.98985,0.99013,2.25,1.00
2016.12.07 14:30:33.617,0.98986,0.99011,1.00,1.00
2016.12.07 14:30:33.919,0.98981,0.99009,1.50,1.50
2016.12.07 14:30:34.160,0.98981,0.99009,1.00,2.25
2016.12.07 14:30:34.663,0.9898,0.99007,1.72,1.75
2016.12.07 14:30:34.966,0.98983,0.99012,1.37,2.85
2016.12.07 14:30:35.869,0.98981,0.99001,1.75,1.00
2016.12.07 14:30:35.920,0.98981,0.99001,1.50,1.00
2016.12.07 14:30:36.323,0.98982,0.99006,1.30,1.12
2016.12.07 14:30:36.424,0.98982,0.99001,1.30,1.00
2016.12.07 14:30:36.971,0.9898,0.99002,1.75,1.00
2016.12.07 14:30:37.481,0.9898,0.99001,1.75,1.00
2016.12.07 14:30:39.244,0.98981,0.99006,1.35,1.12
2016.12.07 14:30:39.585,0.98983,0.99007,1.35,1.00
2016.12.07 14:30:39.736,0.98987,0.99012,1.35,1.50
2016.12.07 14:30:39.837,0.98988,0.99012,1.35,1.00
2016.12.07 14:30:40.139,0.98988,0.99012,2.10,1.00
2016.12.07 14:30:40.547,0.98988,0.99006,2.85,1.00
2016.12.07 14:30:40.648,0.98988,0.99012,2.85,1.00
2016.12.07 14:30:40.749,0.98988,0.99019,3.60,1.75
2016.12.07 14:30:41.331,0.98993,0.99016,1.00,1.12
2016.12.07 14:30:41.858,0.98993,0.99015,1.00,1.00
2016.12.07 14:30:42.967,0.98989,0.99011,1.00,1.00
2016.12.07 14:30:43.312,0.98988,0.99013,1.00,2.25
2016.12.07 14:30:43.614,0.98988,0.99016,2.85,3.00
2016.12.07 14:30:43.665,0.98988,0.99016,3.60,2.25
2016.12.07 14:30:44.370,0.98989,0.99016,1.87,1.50
2016.12.07 14:30:44.471,0.98989,0.99011,1.00,1.00
2016.12.07 14:30:44.982,0.98988,0.99013,1.00,1.75
2016.12.07 14:30:46.256,0.98988,0.99013,1.12,1.37
2016.12.07 14:30:46.857,0.98985,0.99011,2.10,1.00
2016.12.07 14:30:47.159,0.98985,0.99012,2.10,1.00
2016.12.07 14:30:47.449,0.98987,0.99011,1.00,1.00
2016.12.07 14:30:48.861,0.98986,0.99011,1.75,1.00
2016.12.07 14:30:48.962,0.98988,0.99017,1.75,2.25
2016.12.07 14:30:50.147,0.98989,0.99016,2.85,1.00
2016.12.07 14:30:50.479,0.98995,0.99017,1.30,1.00
2016.12.07 14:30:51.062,0.98992,0.99016,1.75,1.00
2016.12.07 14:30:51.406,0.9898,0.99006,1.00,1.37
2016.12.07 14:30:51.457,0.98979,0.99006,1.37,2.10
2016.12.07 14:30:51.676,0.98978,0.99001,1.75,1.00
2016.12.07 14:30:51.897,0.98979,0.99006,1.75,1.72
2016.12.07 14:30:52.509,0.98981,0.99006,2.47,1.12
2016.12.07 14:30:52.661,0.98983,0.99011,1.97,2.25
2016.12.07 14:30:52.761,0.98984,0.99011,2.10,1.37
2016.12.07 14:30:53.182,0.98985,0.99011,2.10,1.00
2016.12.07 14:30:53.558,0.98988,0.99014,1.37,1.37
2016.12.07 14:30:53.761,0.98989,0.99014,1.37,1.00
2016.12.07 14:30:53.862,0.9899,0.99018,2.10,1.00
2016.12.07 14:30:54.063,0.98994,0.99019,1.00,1.12
2016.12.07 14:30:55.265,0.98994,0.9902,1.00,2.25
2016.12.07 14:30:55.467,0.9899,0.99021,1.75,2.25
2016.12.07 14:30:57.078,0.98992,0.99016,1.67,1.00
2016.12.07 14:30:57.634,0.98993,0.99017,1.00,1.00
2016.12.07 14:30:58.037,0.98995,0.99022,1.60,1.75
2016.12.07 14:30:58.339,0.99003,0.99024,1.00,1.75
2016.12.07 14:30:58.390,0.98995,0.99021,1.12,1.12
2016.12.07 14:30:58.496,0.98994,0.99021,2.10,1.37
2016.12.07 14:30:58.912,0.98994,0.99021,2.10,1.12
2016.12.07 14:30:59.673,0.98999,0.99022,1.00,1.50
2016.12.07 14:31:00.013,0.98994,0.99021,2.10,1.12
2016.12.07 14:31:00.288,0.98994,0.99021,2.10,1.87
2016.12.07 14:31:00.841,0.98994,0.9902,1.72,1.75
2016.12.07 14:31:00.993,0.98995,0.99023,1.37,1.75
2016.12.07 14:31:01.295,0.98994,0.99021,1.87,1.37
2016.12.07 14:31:01.679,0.98993,0.99022,2.25,2.25
2016.12.07 14:31:02.815,0.98991,0.99017,2.25,1.00
2016.12.07 14:31:02.916,0.98991,0.99017,1.50,1.12
2016.12.07 14:31:02.969,0.98991,0.99017,1.12,1.12
2016.12.07 14:31:03.120,0.98999,0.99021,1.00,1.75
2016.12.07 14:31:03.348,0.98997,0.99026,1.37,2.25
2016.12.07 14:31:03.449,0.98997,0.99026,1.50,2.25
2016.12.07 14:31:03.981,0.98999,0.99026,1.00,2.25
2016.12.07 14:31:04.949,0.98999,0.99026,1.37,2.25
2016.12.07 14:31:05.000,0.98999,0.99026,2.10,1.00
2016.12.07 14:31:05.201,0.99003,0.9903,1.50,1.37
2016.12.07 14:31:05.352,0.99004,0.99027,1.00,1.00
2016.12.07 14:31:05.403,0.99,0.99026,1.00,1.37
2016.12.07 14:31:05.906,0.98999,0.99025,1.00,1.75
2016.12.07 14:31:06.517,0.98999,0.99024,1.00,1.50
2016.12.07 14:31:06.640,0.98995,0.99021,1.00,1.37
2016.12.07 14:31:06.792,0.98999,0.99023,1.00,2.25
2016.12.07 14:31:06.993,0.98999,0.99021,1.00,1.12
2016.12.07 14:31:07.094,0.98994,0.99021,1.37,1.87
2016.12.07 14:31:07.301,0.98999,0.99021,1.00,1.37
2016.12.07 14:31:07.403,0.98999,0.99022,1.00,1.00
2016.12.07 14:31:07.604,0.98999,0.99025,1.50,1.50
2016.12.07 14:31:07.929,0.98998,0.99024,1.37,1.37
2016.12.07 14:31:08.435,0.98998,0.99023,1.00,1.50
2016.12.07 14:31:09.326,0.98993,0.99022,1.75,1.37
2016.12.07 14:31:09.670,0.98999,0.99023,1.00,2.25
2016.12.07 14:31:09.972,0.98999,0.99022,1.00,1.75
2016.12.07 14:31:10.023,0.98994,0.99022,1.37,1.37
2016.12.07 14:31:10.940,0.98992,0.99016,2.25,1.00
2016.12.07 14:31:11.192,0.98999,0.99022,1.00,1.37
2016.12.07 14:31:11.243,0.98999,0.99022,1.00,1.37
2016.12.07 14:31:11.293,0.98994,0.99022,1.50,2.25
2016.12.07 14:31:11.495,0.98996,0.99021,1.00,1.00
2016.12.07 14:31:11.546,0.98994,0.99021,2.25,1.37
2016.12.07 14:31:12.129,0.98994,0.99021,1.50,1.75
2016.12.07 14:31:12.436,0.98994,0.99021,1.75,1.00
2016.12.07 14:31:13.526,0.98993,0.99022,3.00,1.12
2016.12.07 14:31:14.396,0.98999,0.99023,1.00,1.50
2016.12.07 14:31:14.733,0.98995,0.99017,1.50,1.00
2016.12.07 14:31:15.046,0.98998,0.99017,1.00,1.00
2016.12.07 14:31:15.427,0.98999,0.99023,1.00,1.00
2016.12.07 14:31:15.598,0.98998,0.99017,1.00,1.00
2016.12.07 14:31:16.019,0.98999,0.99021,1.75,1.00
2016.12.07 14:31:16.433,0.99,0.99027,1.67,1.50
2016.12.07 14:31:16.942,0.99,0.99026,1.67,1.00
2016.12.07 14:31:17.486,0.99,0.99027,1.67,1.50
2016.12.07 14:31:18.922,0.99,0.99021,1.67,1.00
2016.12.07 14:31:19.808,0.98999,0.99026,1.75,1.00
2016.12.07 14:31:19.859,0.98998,0.99025,1.75,1.37
2016.12.07 14:31:20.110,0.98995,0.99024,1.67,1.75
2016.12.07 14:31:20.947,0.98993,0.99016,1.75,1.00
2016.12.07 14:31:21.149,0.9899,0.99016,1.50,1.50
2016.12.07 14:31:21.451,0.98988,0.99011,2.10,1.00
2016.12.07 14:31:22.066,0.98988,0.99012,2.10,1.00
2016.12.07 14:31:22.243,0.98988,0.99011,1.72,1.00
2016.12.07 14:31:23.025,0.98988,0.99011,2.10,1.00
2016.12.07 14:31:23.573,0.98988,0.99011,1.75,1.00
2016.12.07 14:31:28.388,0.98988,0.99011,1.00,1.00
2016.12.07 14:31:30.592,0.98989,0.99011,1.00,1.00
2016.12.07 14:31:31.098,0.98987,0.99011,2.25,1.00
2016.12.07 14:31:31.268,0.98987,0.99011,2.25,1.00
2016.12.07 14:31:31.899,0.98987,0.99011,1.75,1.00
2016.12.07 14:31:32.000,0.98987,0.99016,1.75,2.25
2016.12.07 14:31:32.101,0.98987,0.99016,2.10,1.37
2016.12.07 14:31:32.775,0.98987,0.99016,1.50,1.75
2016.12.07 14:31:32.875,0.98987,0.99012,1.50,1.00
2016.12.07 14:31:34.189,0.98986,0.99012,1.00,1.50
2016.12.07 14:31:34.988,0.98985,0.99012,1.75,1.00
2016.12.07 14:31:35.089,0.98985,0.99012,1.12,1.75
2016.12.07 14:31:35.714,0.98985,0.99012,1.50,1.37
2016.12.07 14:31:37.691,0.98989,0.99011,1.00,1.00
2016.12.07 14:31:38.199,0.98987,0.99012,2.10,1.00
2016.12.07 14:31:38.702,0.98991,0.99012,1.00,1.00
2016.12.07 14:31:39.204,0.98989,0.99012,1.50,1.00
2016.12.07 14:31:39.692,0.98989,0.99015,1.50,1.00
2016.12.07 14:31:40.454,0.98989,0.99016,1.50,1.87
2016.12.07 14:31:41.017,0.98991,0.99016,1.00,1.00
2016.12.07 14:31:41.395,0.98989,0.99016,1.12,1.50
2016.12.07 14:31:41.496,0.98991,0.99016,1.00,1.50
2016.12.07 14:31:41.798,0.98989,0.99014,1.00,1.00
2016.12.07 14:31:42.403,0.98991,0.99017,2.10,1.12
2016.12.07 14:31:42.504,0.98994,0.99021,1.67,1.12
2016.12.07 14:31:42.806,0.98994,0.99017,2.10,1.00
2016.12.07 14:31:43.107,0.98995,0.99017,1.75,1.00
2016.12.07 14:31:43.685,0.98995,0.99016,1.75,1.00
2016.12.07 14:31:45.898,0.98997,0.99021,1.75,1.00
2016.12.07 14:31:46.414,0.98996,0.99021,1.50,1.12
2016.12.07 14:31:47.163,0.98993,0.99019,1.75,1.00
2016.12.07 14:31:47.213,0.9899,0.99017,1.50,1.75
2016.12.07 14:31:47.415,0.98991,0.99011,1.12,1.00
2016.12.07 14:31:47.516,0.9899,0.99016,1.50,1.50
2016.12.07 14:31:47.710,0.98988,0.99011,1.35,1.00
2016.12.07 14:31:48.228,0.98988,0.99011,1.35,1.00
2016.12.07 14:31:48.329,0.98988,0.99011,2.10,1.00
2016.12.07 14:31:48.786,0.98991,0.99016,1.12,1.50
2016.12.07 14:31:50.433,0.9899,0.99016,1.35,1.50
2016.12.07 14:31:50.895,0.98993,0.99017,2.10,1.12
2016.12.07 14:31:51.247,0.98992,0.99017,1.00,1.00
2016.12.07 14:31:51.750,0.98992,0.99016,1.00,1.00
2016.12.07 14:31:52.524,0.98992,0.99016,1.60,1.00
2016.12.07 14:31:52.631,0.98995,0.99021,1.35,1.87
2016.12.07 14:31:52.934,0.98995,0.99021,2.85,1.00
2016.12.07 14:31:53.238,0.98997,0.99021,1.75,1.00
2016.12.07 14:31:53.653,0.98998,0.99021,1.00,1.00
2016.12.07 14:31:54.775,0.98996,0.99021,1.00,1.00
2016.12.07 14:31:54.926,0.98996,0.99017,1.00,1.00
2016.12.07 14:31:55.982,0.98996,0.99016,1.00,1.00
2016.12.07 14:31:56.383,0.98999,0.99022,1.00,1.00
2016.12.07 14:31:56.722,0.98995,0.99017,1.35,1.00
2016.12.07 14:31:57.194,0.98996,0.99022,1.37,1.00
2016.12.07 14:31:57.732,0.98996,0.99022,1.37,1.37
2016.12.07 14:31:58.304,0.98998,0.99017,1.00,1.00
2016.12.07 14:31:59.223,0.98998,0.99021,1.00,1.00
2016.12.07 14:32:00.598,0.98998,0.99022,1.00,1.00
2016.12.07 14:32:01.117,0.98999,0.99025,1.00,1.75
2016.12.07 14:32:01.738,0.98996,0.99021,1.67,1.12
2016.12.07 14:32:03.426,0.98994,0.99017,1.75,1.00
2016.12.07 14:32:06.360,0.98994,0.99017,1.37,1.00
2016.12.07 14:32:06.919,0.98992,0.99017,2.85,1.00
2016.12.07 14:32:07.516,0.98992,0.99017,2.10,1.00
2016.12.07 14:32:08.018,0.98992,0.99017,2.85,1.00
2016.12.07 14:32:12.211,0.98994,0.99021,2.25,1.12
2016.12.07 14:32:13.104,0.98994,0.99021,1.35,1.00
2016.12.07 14:32:13.312,0.98996,0.99021,1.50,1.00
2016.12.07 14:32:13.797,0.98996,0.99021,1.50,1.00
2016.12.07 14:32:15.435,0.98995,0.99025,1.75,1.75
2016.12.07 14:32:15.938,0.98997,0.99017,1.50,1.00
2016.12.07 14:32:16.240,0.98995,0.99017,1.75,1.00
2016.12.07 14:32:16.291,0.98995,0.99017,1.75,1.00
2016.12.07 14:32:16.616,0.98992,0.99016,3.37,1.00
2016.12.07 14:32:16.717,0.98993,0.99016,1.50,1.00
2016.12.07 14:32:17.551,0.98995,0.99017,1.30,1.00
2016.12.07 14:32:18.046,0.98995,0.99022,1.67,1.50
2016.12.07 14:32:18.204,0.98995,0.99022,1.35,1.50
2016.12.07 14:32:19.608,0.98996,0.99021,1.75,1.00
2016.12.07 14:32:23.494,0.98995,0.99021,2.10,1.12
2016.12.07 14:32:24.023,0.98998,0.99021,1.00,1.00
2016.12.07 14:32:27.585,0.98998,0.99024,1.00,1.50
2016.12.07 14:32:27.686,0.98994,0.99023,1.50,1.50
2016.12.07 14:32:27.787,0.98993,0.99019,1.50,1.00
2016.12.07 14:32:28.321,0.98994,0.99019,1.00,1.00
2016.12.07 14:32:28.637,0.98993,0.99017,1.50,1.00
2016.12.07 14:32:28.738,0.98993,0.99019,2.25,1.00
2016.12.07 14:32:29.138,0.98993,0.99016,1.50,1.00
2016.12.07 14:32:30.147,0.98994,0.99019,1.00,1.00
2016.12.07 14:32:30.408,0.98993,0.99017,1.00,1.00
2016.12.07 14:32:33.717,0.98991,0.99017,1.50,1.50
2016.12.07 14:32:35.647,0.98994,0.99019,1.00,1.75
2016.12.07 14:32:36.950,0.9899,0.99012,1.35,1.00
2016.12.07 14:32:38.052,0.98994,0.99017,1.00,1.50
2016.12.07 14:32:38.855,0.9899,0.99017,1.35,2.25
2016.12.07 14:32:39.157,0.98989,0.99016,1.37,1.37
2016.12.07 14:32:41.284,0.98988,0.99015,1.50,1.50
2016.12.07 14:32:41.788,0.98991,0.99017,2.10,1.37
2016.12.07 14:32:41.839,0.98992,0.99017,1.00,1.00
2016.12.07 14:32:42.910,0.98992,0.99016,1.35,1.00
2016.12.07 14:32:43.862,0.98992,0.99017,2.10,1.00
2016.12.07 14:32:44.457,0.98993,0.99017,1.00,1.00
2016.12.07 14:32:44.990,0.98992,0.99016,2.10,1.00
2016.12.07 14:32:45.714,0.98993,0.99016,1.00,1.00
2016.12.07 14:32:45.865,0.98992,0.99011,1.50,1.00
2016.12.07 14:32:46.368,0.98988,0.99011,1.75,1.00
2016.12.07 14:32:47.273,0.98987,0.99011,1.75,1.00
2016.12.07 14:32:47.577,0.98987,0.99011,1.75,1.00
2016.12.07 14:32:47.678,0.98989,0.99016,1.75,1.50
2016.12.07 14:32:48.179,0.98987,0.99011,1.75,1.00
2016.12.07 14:32:48.280,0.98989,0.99016,1.75,1.50
2016.12.07 14:32:48.884,0.98987,0.99011,1.75,1.00
2016.12.07 14:32:49.492,0.98987,0.99011,1.75,1.00
2016.12.07 14:32:49.593,0.98989,0.99016,1.50,1.37
2016.12.07 14:32:49.795,0.98989,0.99014,1.00,1.00
2016.12.07 14:32:50.801,0.98989,0.99016,1.50,1.12
2016.12.07 14:32:52.084,0.98989,0.99016,1.50,1.87
2016.12.07 14:32:52.388,0.98988,0.99017,1.75,2.25
2016.12.07 14:32:53.568,0.98988,0.99017,1.37,2.25
2016.12.07 14:32:54.679,0.98986,0.99007,2.25,1.00
2016.12.07 14:32:54.981,0.98988,0.99016,1.37,1.75
2016.12.07 14:32:55.082,0.9899,0.99016,1.00,1.50
2016.12.07 14:32:55.284,0.9899,0.99007,1.00,1.00
2016.12.07 14:32:55.686,0.9899,0.99016,1.00,1.50
2016.12.07 14:32:55.837,0.98988,0.99016,2.25,1.50
2016.12.07 14:32:56.387,0.98988,0.99016,2.25,1.50
2016.12.07 14:32:56.805,0.98988,0.99014,1.50,1.00
2016.12.07 14:33:00.502,0.98988,0.99011,1.00,1.00
2016.12.07 14:33:00.805,0.98989,0.99011,1.50,1.00
2016.12.07 14:33:01.007,0.98989,0.99017,1.50,2.25
2016.12.07 14:33:01.108,0.9899,0.99017,1.75,1.12
2016.12.07 14:33:01.209,0.9899,0.99016,1.00,1.50
2016.12.07 14:33:01.260,0.98989,0.99016,1.37,1.50
2016.12.07 14:33:01.709,0.98988,0.99012,1.00,1.00
2016.12.07 14:33:02.053,0.98985,0.99011,1.67,1.50
2016.12.07 14:33:07.098,0.98985,0.99001,1.67,1.00
2016.12.07 14:33:07.500,0.98985,0.99011,1.67,2.25
2016.12.07 14:33:07.598,0.98985,0.99001,1.67,1.00
2016.12.07 14:33:09.348,0.9898,0.99006,2.62,1.00
2016.12.07 14:33:09.450,0.98981,0.99006,1.00,1.00
2016.12.07 14:33:09.990,0.98981,0.99007,1.00,2.25
2016.12.07 14:33:10.448,0.98981,0.99005,1.00,1.00
2016.12.07 14:33:10.650,0.98974,0.99004,2.25,1.50
2016.12.07 14:33:10.851,0.98973,0.98997,1.50,1.00
2016.12.07 14:33:12.339,0.98974,0.98997,1.75,1.00
2016.12.07 14:33:13.444,0.98973,0.98997,1.75,1.00
2016.12.07 14:33:16.624,0.98973,0.99002,1.75,3.00
2016.12.07 14:33:16.874,0.98977,0.99006,1.12,1.75
2016.12.07 14:33:17.176,0.98979,0.99006,1.37,2.25
2016.12.07 14:33:23.960,0.98979,0.99007,1.75,1.00
2016.12.07 14:33:26.465,0.98979,0.99007,1.75,1.75
2016.12.07 14:33:29.688,0.98982,0.99006,1.00,1.00
2016.12.07 14:33:29.789,0.98979,0.99006,1.50,1.87
2016.12.07 14:33:29.990,0.98979,0.99004,1.50,1.00
2016.12.07 14:33:30.368,0.98978,0.99001,1.35,1.00
2016.12.07 14:33:30.542,0.98979,0.99004,1.50,1.00
2016.12.07 14:33:30.693,0.98979,0.99004,1.00,1.50
2016.12.07 14:33:30.895,0.98979,0.99004,1.12,1.00
2016.12.07 14:33:31.587,0.98979,0.99003,1.12,1.00
2016.12.07 14:33:34.252,0.98978,0.99005,1.35,1.75
2016.12.07 14:33:34.302,0.98978,0.99005,2.10,1.37
2016.12.07 14:33:34.613,0.98978,0.99006,2.85,1.12
2016.12.07 14:33:34.915,0.98978,0.99005,1.72,1.75
2016.12.07 14:33:35.097,0.98978,0.99006,2.85,1.50
2016.12.07 14:33:38.691,0.9898,0.99006,1.75,1.00
2016.12.07 14:33:39.001,0.98981,0.99007,2.10,1.00
2016.12.07 14:33:39.308,0.98981,0.99001,2.10,1.00
2016.12.07 14:33:39.409,0.98983,0.99001,1.00,1.00
2016.12.07 14:33:41.686,0.98985,0.99001,1.00,1.00
2016.12.07 14:33:41.737,0.98985,0.99006,1.00,1.00
2016.12.07 14:33:41.787,0.98987,0.99006,1.00,1.00
2016.12.07 14:33:42.201,0.98982,0.99006,1.50,1.00
2016.12.07 14:33:42.251,0.98982,0.99002,1.50,1.00
2016.12.07 14:33:42.921,0.98982,0.99007,1.50,1.00
2016.12.07 14:33:43.542,0.98982,0.99001,1.50,1.00
2016.12.07 14:33:44.834,0.98982,0.99001,1.75,1.00
2016.12.07 14:33:46.928,0.98985,0.99007,1.12,1.00
2016.12.07 14:33:47.320,0.98985,0.99007,1.50,1.00
2016.12.07 14:33:47.843,0.98985,0.99006,1.50,1.00
2016.12.07 14:33:49.795,0.98985,0.99006,1.50,1.00
2016.12.07 14:33:50.434,0.98985,0.99006,1.75,1.00
2016.12.07 14:33:50.535,0.98985,0.99006,1.12,1.00
2016.12.07 14:33:50.817,0.98985,0.99006,1.50,1.00
2016.12.07 14:33:52.226,0.98985,0.99006,1.00,1.00
2016.12.07 14:33:52.638,0.98983,0.99001,1.37,1.00
2016.12.07 14:33:55.751,0.98984,0.99011,2.25,1.50
2016.12.07 14:33:56.477,0.98987,0.99011,1.00,1.50
2016.12.07 14:33:57.367,0.98987,0.99006,1.00,1.00
2016.12.07 14:34:00.374,0.98987,0.99012,1.00,1.00
2016.12.07 14:34:01.538,0.98986,0.99012,1.12,1.50
2016.12.07 14:34:03.845,0.98983,0.99012,1.87,1.75
2016.12.07 14:34:03.896,0.98985,0.99012,1.00,1.75
2016.12.07 14:34:04.588,0.98983,0.99012,1.87,1.75
2016.12.07 14:34:04.706,0.98983,0.99012,2.47,1.75
2016.12.07 14:34:04.958,0.98987,0.99017,2.10,2.25
2016.12.07 14:34:05.500,0.98989,0.99013,1.00,1.00
2016.12.07 14:34:06.064,0.98988,0.99013,1.50,1.00
2016.12.07 14:34:12.868,0.98987,0.99007,1.35,1.00
2016.12.07 14:34:13.398,0.98987,0.99011,1.35,1.00
2016.12.07 14:34:19.119,0.98987,0.99011,2.85,1.00
2016.12.07 14:34:19.294,0.98989,0.99016,2.10,1.87
2016.12.07 14:34:19.496,0.98994,0.99016,1.00,1.00
2016.12.07 14:34:20.555,0.98994,0.99016,2.10,1.00
2016.12.07 14:34:21.058,0.98994,0.99016,2.10,1.00
2016.12.07 14:34:21.259,0.98991,0.99016,1.75,1.00
2016.12.07 14:34:21.310,0.98991,0.99016,1.50,1.00
2016.12.07 14:34:21.461,0.98991,0.99016,1.12,1.37
2016.12.07 14:34:21.994,0.98992,0.99012,1.12,1.00
2016.12.07 14:34:22.195,0.98992,0.99018,1.00,1.75
2016.12.07 14:34:22.246,0.9899,0.99017,1.30,1.75
2016.12.07 14:34:22.296,0.9899,0.99012,1.30,1.00
2016.12.07 14:34:22.397,0.98989,0.99016,2.25,1.75
2016.12.07 14:34:24.207,0.9899,0.99016,1.72,1.75
2016.12.07 14:34:24.420,0.98992,0.99017,1.60,1.12
2016.12.07 14:34:24.942,0.98994,0.99021,1.72,1.75
2016.12.07 14:34:25.563,0.98994,0.99021,1.72,1.50
2016.12.07 14:34:26.069,0.98995,0.99021,1.00,1.50
2016.12.07 14:34:31.410,0.98995,0.99017,1.50,1.00
2016.12.07 14:34:32.633,0.98995,0.99021,1.50,1.00
2016.12.07 14:34:33.896,0.98995,0.99016,1.00,1.00
2016.12.07 14:34:33.951,0.98995,0.99021,1.00,1.00
2016.12.07 14:34:38.505,0.98992,0.99022,1.50,3.00
2016.12.07 14:34:38.807,0.98995,0.99022,1.00,1.75
2016.12.07 14:34:39.112,0.98992,0.99017,2.25,1.00
2016.12.07 14:34:39.615,0.98994,0.99016,1.75,1.00
2016.12.07 14:34:40.412,0.98994,0.99017,1.75,1.00
2016.12.07 14:34:41.611,0.98994,0.99017,1.12,1.00
2016.12.07 14:34:41.964,0.98993,0.9902,1.12,1.67
2016.12.07 14:34:42.015,0.98995,0.99021,1.00,2.85
2016.12.07 14:34:42.357,0.98992,0.99011,1.12,1.00
2016.12.07 14:34:43.419,0.98989,0.99012,1.75,1.00
2016.12.07 14:34:43.520,0.98988,0.99012,2.10,1.00
2016.12.07 14:34:44.027,0.98988,0.99012,1.50,1.00
2016.12.07 14:34:45.990,0.98988,0.99012,2.10,1.00
2016.12.07 14:34:46.191,0.98992,0.99011,1.00,1.00
2016.12.07 14:34:46.996,0.9899,0.99011,1.35,1.00
2016.12.07 14:34:47.248,0.98986,0.99011,1.50,1.00
2016.12.07 14:34:47.605,0.98985,0.99012,2.85,1.00
2016.12.07 14:34:49.426,0.98989,0.99006,1.00,1.00
2016.12.07 14:34:50.038,0.98989,0.99006,2.85,1.00
2016.12.07 14:34:50.856,0.98992,0.99012,1.67,1.00
2016.12.07 14:34:51.391,0.98992,0.99011,1.67,1.00
2016.12.07 14:34:51.912,0.98991,0.99012,2.10,1.00
2016.12.07 14:34:52.444,0.98994,0.99011,1.00,1.00
2016.12.07 14:34:57.269,0.98988,0.99012,1.67,1.00
2016.12.07 14:34:58.338,0.98988,0.99012,1.35,1.00
2016.12.07 14:34:58.394,0.98988,0.99016,1.35,2.25
2016.12.07 14:34:58.545,0.98991,0.99016,1.37,1.00
2016.12.07 14:34:58.879,0.98992,0.99017,1.35,1.00
2016.12.07 14:34:59.352,0.98992,0.99016,1.67,1.00
2016.12.07 14:35:00.150,0.98992,0.99016,1.30,1.00
2016.12.07 14:35:00.665,0.9899,0.99016,1.35,2.25
2016.12.07 14:35:01.565,0.98993,0.99016,1.00,1.50
2016.12.07 14:35:01.666,0.98993,0.9902,1.60,1.75
2016.12.07 14:35:02.181,0.98995,0.99016,1.60,1.00
2016.12.07 14:35:02.483,0.98993,0.99016,2.10,1.00
2016.12.07 14:35:02.984,0.98993,0.99017,2.10,1.00
2016.12.07 14:35:10.075,0.98992,0.99017,1.60,1.12
2016.12.07 14:35:10.577,0.98993,0.99017,2.10,1.00
2016.12.07 14:35:11.539,0.98993,0.99017,2.10,1.00
2016.12.07 14:35:12.085,0.98992,0.99016,1.35,1.00
2016.12.07 14:35:12.594,0.98993,0.99016,1.35,1.00
2016.12.07 14:35:13.262,0.98993,0.99017,1.35,1.00
2016.12.07 14:35:14.515,0.98991,0.99017,2.85,1.00
2016.12.07 14:35:14.997,0.98989,0.99017,1.35,1.75
2016.12.07 14:35:17.608,0.98988,0.99016,1.72,2.25
2016.12.07 14:35:20.114,0.98988,0.99016,1.12,2.25
2016.12.07 14:35:20.417,0.98984,0.9901,1.50,1.00
2016.12.07 14:35:22.937,0.98984,0.99006,1.00,1.00
2016.12.07 14:35:23.042,0.98984,0.99008,1.00,1.00
2016.12.07 14:35:23.341,0.9898,0.99006,2.10,1.00
2016.12.07 14:35:23.974,0.98981,0.99008,1.35,1.50
2016.12.07 14:35:24.278,0.9898,0.99006,1.37,1.37
2016.12.07 14:35:24.586,0.98981,0.99001,1.30,1.00
2016.12.07 14:35:24.737,0.98984,0.99007,1.00,1.50
2016.12.07 14:35:25.051,0.98984,0.99009,1.00,1.00
2016.12.07 14:35:26.851,0.98983,0.99006,1.00,1.00
2016.12.07 14:35:26.952,0.98983,0.99009,1.00,1.00
2016.12.07 14:35:27.103,0.9898,0.99008,1.75,1.37
2016.12.07 14:35:27.153,0.98981,0.99006,1.00,1.00
2016.12.07 14:35:27.254,0.98977,0.99001,1.67,1.00
2016.12.07 14:35:27.456,0.98975,0.99001,1.75,1.12
2016.12.07 14:35:28.690,0.98976,0.99001,1.35,1.12
2016.12.07 14:35:29.521,0.98978,0.99002,1.60,1.50
2016.12.07 14:35:29.826,0.98979,0.99001,1.35,1.00
2016.12.07 14:35:31.051,0.98979,0.99005,2.10,1.00
2016.12.07 14:35:36.069,0.98979,0.99005,2.10,1.00
2016.12.07 14:35:37.163,0.9898,0.99006,1.35,1.00
2016.12.07 14:35:37.698,0.98984,0.99009,1.00,2.25
2016.12.07 14:35:38.202,0.98983,0.9901,1.12,1.75
2016.12.07 14:35:39.591,0.98984,0.9901,1.00,1.75
2016.12.07 14:35:39.692,0.98984,0.9901,1.50,1.50
2016.12.07 14:35:39.793,0.98984,0.9901,1.00,1.75
2016.12.07 14:35:40.939,0.98983,0.99008,1.12,1.37
2016.12.07 14:35:41.241,0.98978,0.99006,1.50,1.67
2016.12.07 14:35:47.327,0.98979,0.99006,3.97,1.50
2016.12.07 14:35:47.528,0.98981,0.99006,1.60,1.00
2016.12.07 14:35:51.268,0.98979,0.99006,3.22,1.37
2016.12.07 14:35:51.796,0.98979,0.99006,3.22,1.75
2016.12.07 14:35:57.113,0.98979,0.99002,2.47,1.00
2016.12.07 14:36:06.049,0.98979,0.99006,1.35,2.25
2016.12.07 14:36:08.932,0.98977,0.99001,2.10,1.00
2016.12.07 14:36:09.455,0.98973,0.98996,1.35,1.00
2016.12.07 14:36:09.657,0.98973,0.98998,1.60,1.37
2016.12.07 14:36:09.758,0.98973,0.98998,1.60,1.75
2016.12.07 14:36:10.061,0.98972,0.98991,2.10,1.00
2016.12.07 14:36:10.263,0.98972,0.98997,2.47,1.37
2016.12.07 14:36:10.774,0.98974,0.98998,1.60,1.50
2016.12.07 14:36:11.514,0.98974,0.98998,1.00,1.50
2016.12.07 14:36:11.567,0.9897,0.98992,2.10,1.00
2016.12.07 14:36:11.839,0.9897,0.98996,2.10,1.12
2016.12.07 14:36:12.357,0.98972,0.98996,1.30,1.12
2016.12.07 14:36:13.078,0.98971,0.98996,1.97,1.12
2016.12.07 14:36:14.342,0.98974,0.98999,1.35,1.75
2016.12.07 14:36:15.955,0.98973,0.98999,1.60,2.25
2016.12.07 14:36:16.285,0.98974,0.98997,1.60,1.00
2016.12.07 14:36:18.559,0.98974,0.99,1.60,1.00
2016.12.07 14:36:18.910,0.98976,0.99001,2.47,1.12
2016.12.07 14:36:20.564,0.9898,0.99002,1.30,1.00
2016.12.07 14:36:20.959,0.9898,0.99006,1.30,1.75
2016.12.07 14:36:21.110,0.98977,0.99005,1.67,1.75
2016.12.07 14:36:21.631,0.98979,0.99006,1.00,1.75
2016.12.07 14:36:22.138,0.98978,0.99007,1.87,1.75
2016.12.07 14:36:22.464,0.98978,0.99006,1.75,1.75
2016.12.07 14:36:23.010,0.98979,0.99007,1.35,1.75
2016.12.07 14:36:24.358,0.98979,0.99008,2.10,1.75
2016.12.07 14:36:25.271,0.98983,0.99009,1.00,2.25
2016.12.07 14:36:25.523,0.98983,0.99009,1.12,1.75
2016.12.07 14:36:25.624,0.98983,0.99006,1.00,1.37
2016.12.07 14:36:25.977,0.98979,0.99002,2.10,1.00
2016.12.07 14:36:27.762,0.98979,0.99001,1.50,1.00
2016.12.07 14:36:27.812,0.98977,0.99001,1.50,1.00
2016.12.07 14:36:28.013,0.98974,0.99001,1.12,1.75
2016.12.07 14:36:28.404,0.98973,0.98996,1.37,1.00
2016.12.07 14:36:29.394,0.98974,0.98996,1.37,1.00
2016.12.07 14:36:29.887,0.98978,0.99003,1.00,1.50
2016.12.07 14:36:30.397,0.98978,0.99003,1.00,1.50
2016.12.07 14:36:31.873,0.98977,0.99001,1.00,1.00
2016.12.07 14:36:33.161,0.98979,0.99003,1.00,1.00
2016.12.07 14:36:35.615,0.98979,0.99006,1.37,2.25
2016.12.07 14:36:37.169,0.98978,0.99001,2.10,1.00
2016.12.07 14:36:37.270,0.98978,0.99007,2.85,1.75
2016.12.07 14:36:37.775,0.98979,0.99001,1.37,1.00
2016.12.07 14:36:38.177,0.98978,0.99008,2.85,1.75
2016.12.07 14:36:40.753,0.98979,0.99006,1.97,1.50
2016.12.07 14:36:40.854,0.98982,0.99006,1.30,1.12
2016.12.07 14:36:41.796,0.98983,0.99009,1.00,1.75
2016.12.07 14:36:42.297,0.98984,0.99009,1.00,1.75
2016.12.07 14:36:42.398,0.98982,0.99007,1.30,1.37
2016.12.07 14:36:42.675,0.98984,0.99009,1.00,1.75
2016.12.07 14:36:43.541,0.98984,0.99009,1.00,1.00
2016.12.07 14:36:45.673,0.98984,0.99009,1.00,1.75
2016.12.07 14:36:49.305,0.98979,0.99006,2.85,1.00
2016.12.07 14:36:53.290,0.98979,0.99001,1.35,1.00
2016.12.07 14:36:53.730,0.98979,0.99007,1.35,1.87
2016.12.07 14:36:53.952,0.9898,0.99007,1.35,1.12
2016.12.07 14:36:54.496,0.98981,0.99006,1.35,1.12
2016.12.07 14:36:54.816,0.98981,0.99001,2.10,1.00
2016.12.07 14:36:55.352,0.98984,0.99002,1.30,1.00
2016.12.07 14:36:55.402,0.98984,0.99012,1.67,1.50
2016.12.07 14:36:55.453,0.98986,0.99012,1.50,1.37
2016.12.07 14:36:55.503,0.98988,0.99012,1.00,1.00
2016.12.07 14:36:56.014,0.98988,0.99011,1.00,1.00
2016.12.07 14:36:56.115,0.98984,0.99011,2.10,1.00
2016.12.07 14:36:56.266,0.98984,0.99009,1.35,1.00
2016.12.07 14:36:56.704,0.98983,0.99002,2.10,1.00
2016.12.07 14:36:58.596,0.98984,0.99009,1.35,1.00
2016.12.07 14:36:59.022,0.98983,0.99006,2.10,1.00
2016.12.07 14:37:07.606,0.98983,0.99007,1.60,1.00
2016.12.07 14:37:12.043,0.98983,0.99001,1.60,1.00
2016.12.07 14:37:12.245,0.98983,0.99006,2.47,1.00
2016.12.07 14:37:12.547,0.98987,0.99011,1.35,1.00
2016.12.07 14:37:12.698,0.98988,0.99011,1.67,1.00
2016.12.07 14:37:13.354,0.98988,0.99006,1.67,1.00
2016.12.07 14:37:13.458,0.98989,0.99016,1.87,1.75
2016.12.07 14:37:14.002,0.98989,0.99016,2.25,1.50
2016.12.07 14:37:15.243,0.98989,0.99006,1.50,1.00
2016.12.07 14:37:15.517,0.98989,0.99017,1.12,3.00
2016.12.07 14:37:16.018,0.98989,0.99011,1.12,1.00
2016.12.07 14:37:16.326,0.98989,0.9901,1.75,2.10
2016.12.07 14:37:16.559,0.98975,0.99,1.37,3.22
2016.12.07 14:37:16.610,0.98974,0.98998,1.00,1.35
2016.12.07 14:37:16.661,0.98974,0.98998,1.00,1.35
2016.12.07 14:37:17.165,0.98971,0.98996,1.50,1.00
2016.12.07 14:37:17.681,0.9897,0.98997,1.75,1.30
2016.12.07 14:37:17.824,0.98971,0.98996,1.00,1.00
2016.12.07 14:37:20.240,0.98971,0.98997,3.60,1.00
2016.12.07 14:37:20.442,0.98976,0.99002,1.50,1.00
2016.12.07 14:37:21.435,0.98976,0.98996,1.00,1.00
2016.12.07 14:37:22.076,0.98976,0.99001,1.35,1.00
2016.12.07 14:37:22.176,0.98976,0.99001,1.67,1.00
2016.12.07 14:37:22.679,0.98975,0.99002,1.75,1.00
2016.12.07 14:37:23.045,0.98979,0.99006,1.00,2.25
2016.12.07 14:37:23.591,0.98974,0.99005,2.25,2.25
2016.12.07 14:37:24.055,0.98974,0.98996,1.75,1.00
2016.12.07 14:37:25.251,0.98971,0.98997,1.75,1.00
2016.12.07 14:37:25.352,0.98971,0.98996,1.37,1.00
2016.12.07 14:37:25.765,0.98974,0.99001,1.87,1.50
2016.12.07 14:37:25.816,0.98975,0.99001,1.67,1.12
2016.12.07 14:37:26.358,0.98977,0.99001,1.00,1.00
2016.12.07 14:37:28.561,0.98978,0.99001,1.00,1.00
2016.12.07 14:37:28.612,0.98978,0.99001,1.37,1.00
2016.12.07 14:37:33.866,0.98979,0.99006,1.50,2.25
2016.12.07 14:37:39.254,0.98979,0.99001,1.50,1.00
2016.12.07 14:37:40.858,0.98977,0.99002,1.75,1.00
2016.12.07 14:37:41.326,0.98978,0.99002,1.75,1.00
2016.12.07 14:37:41.427,0.98977,0.99002,1.75,1.00
2016.12.07 14:37:43.505,0.98975,0.99001,2.85,1.00
2016.12.07 14:37:45.843,0.98978,0.99001,1.00,1.00
2016.12.07 14:37:45.944,0.98976,0.99001,1.12,1.12
2016.12.07 14:37:48.006,0.98977,0.99001,1.00,1.12
2016.12.07 14:37:48.157,0.98977,0.99001,1.75,1.00
2016.12.07 14:37:51.731,0.98978,0.99005,1.00,1.75
2016.12.07 14:37:51.832,0.98978,0.99003,1.00,1.00
2016.12.07 14:37:52.972,0.98976,0.98996,1.00,1.00
2016.12.07 14:37:53.072,0.98979,0.99003,1.00,1.00
2016.12.07 14:37:53.172,0.98976,0.98997,1.00,1.00
2016.12.07 14:37:53.515,0.98979,0.99003,1.00,1.00
2016.12.07 14:37:54.799,0.98976,0.99001,1.50,1.00
2016.12.07 14:37:54.900,0.98979,0.99003,1.00,1.00
2016.12.07 14:37:56.258,0.98979,0.99004,1.00,1.00
2016.12.07 14:37:56.769,0.98978,0.99004,1.50,1.00
2016.12.07 14:37:58.989,0.98978,0.99006,1.12,1.75
2016.12.07 14:37:59.492,0.98978,0.99004,1.50,1.50
2016.12.07 14:37:59.794,0.98978,0.99005,1.37,1.00
2016.12.07 14:38:00.096,0.98978,0.99007,1.87,2.25
2016.12.07 14:38:00.569,0.98979,0.99007,1.50,2.25
2016.12.07 14:38:00.876,0.98978,0.99001,1.75,1.00
2016.12.07 14:38:02.086,0.98978,0.99006,2.25,1.37
2016.12.07 14:38:02.698,0.98979,0.99005,1.37,1.50
2016.12.07 14:38:02.749,0.98979,0.99005,1.00,1.75
2016.12.07 14:38:03.274,0.98976,0.99002,1.75,1.12
2016.12.07 14:38:04.128,0.98978,0.99002,2.25,1.12
2016.12.07 14:38:04.700,0.98977,0.99001,1.50,1.00
2016.12.07 14:38:06.898,0.98977,0.99001,1.12,1.12
2016.12.07 14:38:07.110,0.98978,0.99001,1.37,1.12
2016.12.07 14:38:07.640,0.98978,0.99001,1.75,1.00
2016.12.07 14:38:07.892,0.98978,0.99001,1.00,1.00
2016.12.07 14:38:09.124,0.98977,0.99001,1.75,1.00
2016.12.07 14:38:09.175,0.98977,0.99001,1.75,1.00
2016.12.07 14:38:09.500,0.98977,0.98997,1.75,1.00
2016.12.07 14:38:10.303,0.98978,0.98997,1.00,1.00
2016.12.07 14:38:10.822,0.98979,0.99005,1.87,1.37
2016.12.07 14:38:10.923,0.98978,0.99006,2.25,1.00
2016.12.07 14:38:10.974,0.98978,0.99006,2.25,1.37
2016.12.07 14:38:11.125,0.98979,0.99001,1.50,1.00
2016.12.07 14:38:17.471,0.98979,0.99001,1.75,1.00
2016.12.07 14:38:18.839,0.98981,0.99001,1.75,1.00
2016.12.07 14:38:18.940,0.98984,0.99007,1.00,1.00
2016.12.07 14:38:19.444,0.9898,0.99007,1.75,1.12
2016.12.07 14:38:19.973,0.98978,0.99006,3.00,1.00
2016.12.07 14:38:21.222,0.9898,0.99006,1.00,2.25
2016.12.07 14:38:21.631,0.9898,0.99002,1.00,1.00
2016.12.07 14:38:22.135,0.9898,0.99001,1.00,1.00
2016.12.07 14:38:24.445,0.98979,0.99001,2.25,1.00
2016.12.07 14:38:24.546,0.98981,0.99006,1.50,1.00
2016.12.07 14:38:24.647,0.98982,0.99006,1.50,1.00
2016.12.07 14:38:24.949,0.98982,0.99006,1.75,1.00
2016.12.07 14:38:25.095,0.98983,0.99006,1.00,1.00
2016.12.07 14:38:25.389,0.98983,0.99006,1.75,1.00
2016.12.07 14:38:27.518,0.98981,0.99006,1.50,1.00
2016.12.07 14:38:30.675,0.98981,0.99006,2.25,1.00
2016.12.07 14:38:31.112,0.98981,0.99006,2.25,1.00
2016.12.07 14:38:32.738,0.98982,0.99006,1.00,1.00
2016.12.07 14:38:32.839,0.9898,0.99007,1.12,1.50
2016.12.07 14:38:32.940,0.98979,0.99007,2.25,1.12
2016.12.07 14:38:33.654,0.98979,0.99006,3.00,1.00
2016.12.07 14:38:38.444,0.9898,0.99006,1.50,2.10
2016.12.07 14:38:38.494,0.9898,0.99006,1.50,1.72
2016.12.07 14:38:38.820,0.9898,0.99006,1.00,1.35
2016.12.07 14:38:38.971,0.98984,0.99006,1.00,1.00
2016.12.07 14:38:39.539,0.98984,0.9901,1.00,3.60
2016.12.07 14:38:39.873,0.98984,0.99009,1.00,1.75
2016.12.07 14:38:40.323,0.98984,0.9901,1.00,3.60
2016.12.07 14:38:40.832,0.98984,0.9901,1.00,4.35
2016.12.07 14:38:42.346,0.98984,0.9901,1.12,3.60
2016.12.07 14:38:45.326,0.9898,0.99006,2.25,1.00
2016.12.07 14:38:45.435,0.98984,0.9901,1.12,2.85
2016.12.07 14:38:45.737,0.98983,0.99011,2.25,1.37
2016.12.07 14:38:46.271,0.98984,0.99009,1.50,1.00
2016.12.07 14:38:46.645,0.98983,0.99011,1.50,1.37
2016.12.07 14:38:46.930,0.98983,0.9901,1.50,1.00
2016.12.07 14:38:47.240,0.98981,0.99006,2.25,1.00
2016.12.07 14:38:50.437,0.98981,0.99009,2.25,1.00
2016.12.07 14:38:50.663,0.98981,0.99007,2.25,1.00
2016.12.07 14:38:52.510,0.98984,0.9901,1.50,1.12
2016.12.07 14:38:53.017,0.98981,0.99009,1.75,1.00
2016.12.07 14:38:53.068,0.98979,0.99007,3.37,1.00
2016.12.07 14:38:53.169,0.98979,0.99007,1.75,1.87
2016.12.07 14:38:53.269,0.9898,0.99007,1.50,1.87
2016.12.07 14:38:53.370,0.9898,0.99007,2.25,1.00
2016.12.07 14:38:54.093,0.9898,0.99006,2.25,1.00
2016.12.07 14:38:55.647,0.98983,0.99009,1.75,1.12
2016.12.07 14:38:56.362,0.9898,0.99001,1.75,1.00
2016.12.07 14:38:56.673,0.98984,0.99009,1.50,1.12
2016.12.07 14:39:02.685,0.9898,0.99006,1.75,1.00
2016.12.07 14:39:06.486,0.98979,0.99006,2.25,1.00
2016.12.07 14:39:06.537,0.98979,0.99006,2.25,1.00
2016.12.07 14:39:08.550,0.98977,0.99002,2.25,1.00
2016.12.07 14:39:09.455,0.98976,0.99001,2.10,1.00
2016.12.07 14:39:10.704,0.98979,0.99001,1.35,1.00
2016.12.07 14:39:11.535,0.98984,0.99001,2.25,1.00
2016.12.07 14:39:11.686,0.98984,0.99014,3.00,1.50
2016.12.07 14:39:13.207,0.98985,0.99011,1.30,1.50
2016.12.07 14:39:13.257,0.98989,0.99011,1.00,1.00
2016.12.07 14:39:13.408,0.98991,0.99018,1.50,1.00
2016.12.07 14:39:13.912,0.98991,0.99017,1.00,1.00
2016.12.07 14:39:14.487,0.98986,0.99015,1.75,1.12
2016.12.07 14:39:14.538,0.98984,0.99015,2.25,1.12
2016.12.07 14:39:14.588,0.98988,0.99014,1.00,1.37
2016.12.07 14:39:16.061,0.98984,0.99011,1.75,1.00
2016.12.07 14:39:19.403,0.98989,0.99016,1.50,1.75
2016.12.07 14:39:19.554,0.98991,0.99019,1.12,1.75
2016.12.07 14:39:19.738,0.98993,0.99021,1.00,2.25
2016.12.07 14:39:20.261,0.98994,0.9902,1.00,1.75
2016.12.07 14:39:20.372,0.98992,0.9902,1.00,1.75
2016.12.07 14:39:20.523,0.98988,0.99016,1.50,1.75
2016.12.07 14:39:21.790,0.98989,0.99017,1.37,1.75
2016.12.07 14:39:21.841,0.98989,0.9902,1.75,1.75
2016.12.07 14:39:22.372,0.98993,0.9902,1.00,1.75
2016.12.07 14:39:23.571,0.98989,0.99017,1.75,1.37
2016.12.07 14:39:25.887,0.98994,0.9902,1.00,1.75
2016.12.07 14:39:27.803,0.98989,0.99012,1.75,1.00
2016.12.07 14:39:28.221,0.98994,0.9902,1.00,1.75
2016.12.07 14:39:29.027,0.98993,0.99017,1.37,1.37
2016.12.07 14:39:29.229,0.98991,0.99019,1.50,1.50
2016.12.07 14:39:29.482,0.98992,0.99016,1.50,1.00
2016.12.07 14:39:30.047,0.98992,0.99016,1.50,1.00
2016.12.07 14:39:30.299,0.98994,0.99021,1.12,2.25
2016.12.07 14:39:30.512,0.98992,0.99012,1.50,1.00
2016.12.07 14:39:30.613,0.98992,0.99016,1.12,1.12
2016.12.07 14:39:30.713,0.98992,0.99017,1.75,1.00
2016.12.07 14:39:31.015,0.98985,0.99011,1.00,1.00
2016.12.07 14:39:31.319,0.98984,0.99011,3.00,1.00
2016.12.07 14:39:31.620,0.9899,0.99017,1.50,1.50
2016.12.07 14:39:32.160,0.98992,0.99016,1.12,1.00
2016.12.07 14:39:32.858,0.98992,0.99016,1.50,1.00
2016.12.07 14:39:33.396,0.98991,0.99016,1.75,1.00
2016.12.07 14:39:34.047,0.9899,0.99016,1.50,1.50
2016.12.07 14:39:34.413,0.98989,0.99016,1.87,1.75
2016.12.07 14:39:34.819,0.98989,0.99011,1.12,1.00
2016.12.07 14:39:35.291,0.98989,0.99016,1.87,1.75
2016.12.07 14:39:35.989,0.98989,0.99012,1.12,1.00
2016.12.07 14:39:36.496,0.98988,0.99011,1.37,1.00
2016.12.07 14:39:37.040,0.98989,0.99012,1.12,1.00
2016.12.07 14:39:37.641,0.98988,0.99011,1.37,1.00
2016.12.07 14:39:39.942,0.98989,0.99016,1.12,1.75
2016.12.07 14:39:40.143,0.9899,0.99016,1.37,1.37
2016.12.07 14:39:42.031,0.98989,0.99015,1.50,1.37
2016.12.07 14:39:42.214,0.98987,0.99011,1.50,1.00
2016.12.07 14:39:42.416,0.9899,0.99016,1.00,1.50
2016.12.07 14:39:43.126,0.98991,0.99016,1.00,1.50
2016.12.07 14:39:43.636,0.98992,0.99017,1.12,1.00
2016.12.07 14:39:51.915,0.98991,0.99016,1.50,1.00
2016.12.07 14:39:53.423,0.98991,0.99017,1.50,1.00
2016.12.07 14:39:54.962,0.9899,0.99016,1.75,1.00
2016.12.07 14:39:58.042,0.98989,0.99011,1.75,1.00
2016.12.07 14:39:58.143,0.98989,0.99017,1.75,1.00
2016.12.07 14:39:58.256,0.98989,0.99017,1.75,1.37
2016.12.07 14:39:58.758,0.98988,0.99015,1.50,1.37
2016.12.07 14:40:00.465,0.98988,0.99015,1.12,1.37
2016.12.07 14:40:00.740,0.98987,0.99006,1.50,1.00
2016.12.07 14:40:01.244,0.98988,0.99013,1.00,1.00
2016.12.07 14:40:01.345,0.98988,0.99015,1.50,1.12
2016.12.07 14:40:01.463,0.98988,0.99015,1.50,1.37
2016.12.07 14:40:02.874,0.98989,0.99016,1.00,2.25
2016.12.07 14:40:03.570,0.98988,0.99016,1.12,1.75
2016.12.07 14:40:04.806,0.98989,0.99015,1.00,1.00
2016.12.07 14:40:04.907,0.98988,0.99016,2.25,1.00
2016.12.07 14:40:05.544,0.9899,0.99017,1.50,1.12
2016.12.07 14:40:06.117,0.98989,0.99017,1.37,1.75
2016.12.07 14:40:06.730,0.98989,0.99012,1.37,1.00
2016.12.07 14:40:07.081,0.98987,0.99012,2.25,1.00
2016.12.07 14:40:09.707,0.98989,0.99012,1.50,1.00
2016.12.07 14:40:12.960,0.98989,0.99011,1.50,1.00
2016.12.07 14:40:13.469,0.98989,0.99015,1.50,1.00
2016.12.07 14:40:13.520,0.98989,0.99017,1.75,1.37
2016.12.07 14:40:14.028,0.98989,0.99015,1.75,1.00
2016.12.07 14:40:15.283,0.98989,0.99016,1.75,1.12
2016.12.07 14:40:16.002,0.98989,0.99016,1.00,2.25
2016.12.07 14:40:16.103,0.98989,0.99016,1.50,1.87
2016.12.07 14:40:16.661,0.98989,0.99016,1.37,2.25
2016.12.07 14:40:19.262,0.98989,0.99012,1.37,1.00
2016.12.07 14:40:19.414,0.98994,0.99017,1.00,1.00
2016.12.07 14:40:19.977,0.98991,0.99017,1.00,1.50
2016.12.07 14:40:20.949,0.98991,0.99016,1.00,1.00
2016.12.07 14:40:21.544,0.98989,0.99017,1.37,1.75
2016.12.07 14:40:23.945,0.98991,0.99017,1.00,1.50
2016.12.07 14:40:24.453,0.98991,0.99016,1.00,1.00
2016.12.07 14:40:25.531,0.98989,0.99016,1.50,1.50
2016.12.07 14:40:26.545,0.98989,0.99016,2.10,1.50
2016.12.07 14:40:26.595,0.98999,0.99016,1.00,1.00
2016.12.07 14:40:26.747,0.98999,0.99021,1.00,1.00
2016.12.07 14:40:26.848,0.98997,0.99021,1.00,1.50
2016.12.07 14:40:27.417,0.98994,0.99021,2.25,1.12
2016.12.07 14:40:27.468,0.98994,0.99021,2.25,1.50
2016.12.07 14:40:27.775,0.98992,0.99016,1.75,1.00
2016.12.07 14:40:27.962,0.98994,0.99021,1.75,1.50
2016.12.07 14:40:28.115,0.98994,0.9902,1.37,1.50
2016.12.07 14:40:28.166,0.98992,0.9902,1.50,1.75
2016.12.07 14:40:28.267,0.98992,0.9902,1.75,1.12
2016.12.07 14:40:30.359,0.98994,0.99021,1.00,1.75
2016.12.07 14:40:30.661,0.98993,0.99016,2.25,1.00
2016.12.07 14:40:31.501,0.98998,0.99024,1.00,1.75
2016.12.07 14:40:31.804,0.98995,0.99016,1.50,1.00
2016.12.07 14:40:33.270,0.98994,0.99021,1.75,1.72
2016.12.07 14:40:33.856,0.98994,0.99021,1.75,1.12
2016.12.07 14:40:34.057,0.98997,0.99021,1.50,1.00
2016.12.07 14:40:34.359,0.99001,0.99021,1.75,1.00
2016.12.07 14:40:34.511,0.99004,0.99031,1.12,2.85
2016.12.07 14:40:35.174,0.99,0.99021,1.75,1.00
2016.12.07 14:40:35.574,0.99,0.99021,1.75,1.00
2016.12.07 14:40:37.141,0.99,0.99021,1.75,1.00
2016.12.07 14:40:38.498,0.99003,0.99031,1.87,2.10
2016.12.07 14:40:38.776,0.99003,0.99031,2.25,1.67
2016.12.07 14:40:39.120,0.98999,0.99021,1.12,1.00
2016.12.07 14:40:39.422,0.98996,0.99016,1.12,1.00
2016.12.07 14:40:39.523,0.98996,0.99021,1.12,1.12
2016.12.07 14:40:39.681,0.98996,0.99017,1.12,1.00
2016.12.07 14:40:39.983,0.98997,0.99017,1.50,1.00
2016.12.07 14:40:40.683,0.98996,0.99021,1.75,1.00
2016.12.07 14:40:41.207,0.98997,0.99022,1.50,1.00
2016.12.07 14:40:42.585,0.98997,0.99021,1.50,1.00
2016.12.07 14:40:43.991,0.98997,0.99021,1.00,1.50
2016.12.07 14:40:46.442,0.98995,0.99021,1.50,1.50
2016.12.07 14:40:52.897,0.98994,0.99016,1.75,1.00
2016.12.07 14:40:53.336,0.98994,0.99021,2.25,1.50
2016.12.07 14:40:53.437,0.98991,0.99012,1.75,1.00
2016.12.07 14:40:53.487,0.98993,0.99012,1.00,1.00
2016.12.07 14:40:55.482,0.9899,0.99012,1.50,1.00
2016.12.07 14:40:55.997,0.9899,0.99012,1.37,1.00
2016.12.07 14:40:59.633,0.9899,0.99019,1.37,2.85
2016.12.07 14:41:01.525,0.9899,0.99011,1.37,1.00
2016.12.07 14:41:01.609,0.9899,0.99016,1.37,1.37
2016.12.07 14:41:02.710,0.9899,0.99016,1.75,1.00
2016.12.07 14:41:03.012,0.98992,0.99012,1.75,1.00
2016.12.07 14:41:03.113,0.98992,0.99017,1.75,1.00
2016.12.07 14:41:05.394,0.98994,0.9902,1.75,1.00
2016.12.07 14:41:05.444,0.98997,0.99022,1.50,1.00
2016.12.07 14:41:05.495,0.99,0.99022,1.00,1.00
2016.12.07 14:41:07.560,0.99,0.99021,1.00,1.00
2016.12.07 14:41:08.652,0.99,0.99022,1.00,1.00
2016.12.07 14:41:09.020,0.99,0.99026,1.00,1.00
2016.12.07 14:41:09.329,0.99,0.99022,1.00,1.00
2016.12.07 14:41:09.851,0.99,0.99021,1.00,1.00
2016.12.07 14:41:10.166,0.98999,0.99026,1.75,2.47
2016.12.07 14:41:10.417,0.98998,0.99022,1.00,1.37
2016.12.07 14:41:10.647,0.99,0.99026,1.00,2.25
2016.12.07 14:41:10.848,0.99,0.99027,1.37,1.37
2016.12.07 14:41:10.899,0.99002,0.99027,1.00,1.00
2016.12.07 14:41:11.438,0.99002,0.99026,1.00,1.00
2016.12.07 14:41:12.034,0.98999,0.99026,1.50,1.12
2016.12.07 14:41:13.257,0.98998,0.99022,1.75,1.00
2016.12.07 14:41:14.327,0.98998,0.99027,2.25,1.37
2016.12.07 14:41:14.656,0.99,0.99027,1.37,1.00
2016.12.07 14:41:15.466,0.99003,0.99022,1.00,1.00
2016.12.07 14:41:17.045,0.99003,0.99026,1.50,1.00
2016.12.07 14:41:17.347,0.98999,0.99026,1.75,1.37
2016.12.07 14:41:17.398,0.98999,0.99026,1.37,1.50
2016.12.07 14:41:17.448,0.98998,0.99021,1.50,1.00
2016.12.07 14:41:23.429,0.98995,0.99021,1.50,1.37
2016.12.07 14:41:23.530,0.98993,0.99021,1.50,1.50
2016.12.07 14:41:23.631,0.98995,0.99021,1.87,1.72
2016.12.07 14:41:23.949,0.9899,0.99016,1.75,1.12
2016.12.07 14:41:25.204,0.98992,0.99016,1.12,1.72
2016.12.07 14:41:25.254,0.98992,0.99012,1.12,1.00
2016.12.07 14:41:25.355,0.98993,0.99017,1.00,2.10
2016.12.07 14:41:25.680,0.98987,0.99017,1.75,2.10
2016.12.07 14:41:25.781,0.98987,0.99011,1.75,1.00
2016.12.07 14:41:25.882,0.98987,0.99016,2.25,1.75
2016.12.07 14:41:26.235,0.98987,0.99015,1.37,2.10
2016.12.07 14:41:26.436,0.98986,0.99014,1.75,1.30
2016.12.07 14:41:26.587,0.98986,0.99011,1.75,1.00
2016.12.07 14:41:27.157,0.98985,0.99011,1.75,1.12
2016.12.07 14:41:27.258,0.98985,0.99011,1.75,1.12
2016.12.07 14:41:28.518,0.98987,0.99011,1.50,1.12
2016.12.07 14:41:29.141,0.98987,0.99011,1.75,1.00
2016.12.07 14:41:30.789,0.98987,0.99006,1.75,1.00
2016.12.07 14:41:30.890,0.9899,0.99016,1.12,1.75
2016.12.07 14:41:30.991,0.98992,0.99016,1.00,1.75
2016.12.07 14:41:31.092,0.98992,0.99016,1.12,1.00
2016.12.07 14:41:32.455,0.98994,0.99016,1.00,1.00
2016.12.07 14:41:33.194,0.98993,0.99016,1.00,1.00
2016.12.07 14:41:33.665,0.98993,0.99016,1.75,1.00
2016.12.07 14:41:34.356,0.98993,0.99017,1.75,1.00
2016.12.07 14:41:35.259,0.98994,0.99022,1.50,2.25
2016.12.07 14:41:35.563,0.98992,0.99016,1.75,1.00
2016.12.07 14:41:37.366,0.98994,0.99021,1.50,1.75
2016.12.07 14:41:37.467,0.98998,0.99026,1.00,2.62
2016.12.07 14:41:37.567,0.98998,0.99027,1.75,1.75
2016.12.07 14:41:37.668,0.98998,0.99021,1.75,1.00
2016.12.07 14:41:37.974,0.99003,0.99027,1.12,1.12
2016.12.07 14:41:38.075,0.99002,0.99027,1.75,1.00
2016.12.07 14:41:38.276,0.99001,0.99027,1.50,1.00
2016.12.07 14:41:38.680,0.99004,0.99027,1.00,1.00
2016.12.07 14:41:39.501,0.99004,0.99026,1.00,1.00
2016.12.07 14:41:39.870,0.99004,0.99021,1.00,1.00
2016.12.07 14:41:42.064,0.99004,0.9903,1.00,1.35
2016.12.07 14:41:42.214,0.99004,0.99022,1.00,1.00
2016.12.07 14:41:42.264,0.99004,0.99026,1.00,1.00
2016.12.07 14:41:43.296,0.99004,0.99027,1.00,1.00
2016.12.07 14:41:45.621,0.99002,0.99027,1.12,1.00
2016.12.07 14:41:48.713,0.99001,0.99026,1.50,1.00
2016.12.07 14:41:49.403,0.98998,0.99021,2.25,1.00
2016.12.07 14:41:50.182,0.98998,0.99026,2.25,1.00
2016.12.07 14:41:50.383,0.98998,0.99021,2.25,1.00
2016.12.07 14:41:50.484,0.98999,0.99026,1.75,1.00
2016.12.07 14:41:50.585,0.99002,0.99021,1.12,1.00
2016.12.07 14:41:50.686,0.99002,0.99027,1.00,1.75
2016.12.07 14:41:50.793,0.99002,0.99027,1.37,1.37
2016.12.07 14:41:50.843,0.99002,0.99027,1.75,1.00
2016.12.07 14:41:51.104,0.99001,0.99027,1.37,1.12
2016.12.07 14:41:52.596,0.99001,0.99021,1.37,1.00
2016.12.07 14:41:55.424,0.99001,0.99022,1.75,1.00
2016.12.07 14:41:55.525,0.99003,0.99026,1.37,1.00
2016.12.07 14:41:55.576,0.99003,0.99026,2.25,1.00
2016.12.07 14:41:55.626,0.99004,0.99031,1.75,2.47
2016.12.07 14:41:55.727,0.99004,0.99031,1.50,2.85
2016.12.07 14:41:56.383,0.99003,0.99027,1.75,1.00
2016.12.07 14:41:56.685,0.99004,0.99026,1.75,1.00
2016.12.07 14:41:56.837,0.99004,0.99026,1.50,1.00
2016.12.07 14:41:57.414,0.99004,0.99021,1.50,1.00
2016.12.07 14:41:57.615,0.99004,0.99026,1.75,1.00
2016.12.07 14:41:57.817,0.99009,0.99031,1.00,1.12
2016.12.07 14:41:58.045,0.9901,0.99026,1.00,1.00
2016.12.07 14:41:58.412,0.99009,0.99026,1.75,1.00
2016.12.07 14:41:59.424,0.99006,0.99026,1.75,1.00
2016.12.07 14:41:59.526,0.99002,0.99032,1.75,2.25
2016.12.07 14:41:59.812,0.99004,0.99027,1.12,1.00
2016.12.07 14:42:00.819,0.99008,0.99033,1.00,2.10
2016.12.07 14:42:01.071,0.99009,0.99037,1.12,1.75
2016.12.07 14:42:01.121,0.99011,0.99037,1.00,1.50
2016.12.07 14:42:01.172,0.99011,0.99037,1.12,1.50
2016.12.07 14:42:01.690,0.99012,0.99037,1.00,1.50
2016.12.07 14:42:02.106,0.99012,0.99032,1.00,1.00
2016.12.07 14:42:02.625,0.9901,0.99032,1.37,1.00
2016.12.07 14:42:03.625,0.99011,0.99036,1.12,1.37
2016.12.07 14:42:04.228,0.99009,0.99036,3.00,1.00
2016.12.07 14:42:05.600,0.99009,0.99037,2.25,1.00
2016.12.07 14:42:07.614,0.99009,0.99031,1.75,1.00
2016.12.07 14:42:07.715,0.99009,0.99036,2.25,1.12
2016.12.07 14:42:07.967,0.99009,0.99036,1.87,1.50
2016.12.07 14:42:17.848,0.99009,0.99031,1.12,1.00
2016.12.07 14:42:21.756,0.99009,0.99037,1.12,1.75
2016.12.07 14:42:22.267,0.99008,0.99037,2.25,1.75
2016.12.07 14:42:22.814,0.99008,0.99037,2.25,1.50
2016.12.07 14:42:22.915,0.99011,0.99037,1.00,1.50
2016.12.07 14:42:27.566,0.9901,0.99037,1.75,1.12
2016.12.07 14:42:28.118,0.99009,0.99037,1.75,1.37
2016.12.07 14:42:43.370,0.99009,0.99036,2.25,1.50
2016.12.07 14:42:51.273,0.99009,0.99036,1.12,2.25
2016.12.07 14:42:51.694,0.99011,0.99036,1.00,1.00
2016.12.07 14:42:51.955,0.99011,0.99032,1.00,1.00
2016.12.07 14:42:52.157,0.99011,0.99035,1.00,1.00
2016.12.07 14:42:52.258,0.99006,0.99033,1.75,1.00
2016.12.07 14:42:52.409,0.99004,0.99032,1.75,1.50
2016.12.07 14:42:57.484,0.99005,0.99027,1.35,1.00
2016.12.07 14:42:58.013,0.99006,0.99026,1.50,1.00
2016.12.07 14:42:58.549,0.99006,0.99027,1.75,1.00
2016.12.07 14:42:59.002,0.99005,0.99031,2.10,1.00
2016.12.07 14:42:59.063,0.99005,0.99027,2.10,1.00
2016.12.07 14:42:59.263,0.99005,0.99032,2.10,1.00
2016.12.07 14:43:00.066,0.99003,0.99033,2.25,1.37
2016.12.07 14:43:00.116,0.99003,0.99033,2.25,1.75
2016.12.07 14:43:00.167,0.99003,0.99027,1.75,1.00
2016.12.07 14:43:01.466,0.99003,0.99032,1.75,2.25
2016.12.07 14:43:02.114,0.99002,0.99027,1.75,1.00
2016.12.07 14:43:03.267,0.99002,0.99021,1.75,1.00
2016.12.07 14:43:04.917,0.99002,0.99027,1.75,1.00
2016.12.07 14:43:06.104,0.99001,0.99022,1.75,1.00
2016.12.07 14:43:07.402,0.99001,0.99027,1.75,1.12
2016.12.07 14:43:07.503,0.99005,0.99027,1.00,1.00
2016.12.07 14:43:09.622,0.99003,0.99027,1.00,1.00
2016.12.07 14:43:10.723,0.99003,0.99022,1.00,1.00
2016.12.07 14:43:13.307,0.99001,0.99022,1.50,1.00
2016.12.07 14:43:13.623,0.99001,0.99022,2.25,1.00
2016.12.07 14:43:14.081,0.99001,0.99027,2.25,1.00
2016.12.07 14:43:14.381,0.99001,0.99021,2.25,1.00
2016.12.07 14:43:14.883,0.99001,0.99026,2.25,1.00
2016.12.07 14:43:17.127,0.99006,0.99032,1.75,1.00
2016.12.07 14:43:17.444,0.99006,0.99032,1.50,1.12
2016.12.07 14:43:17.728,0.99006,0.99026,1.50,1.00
2016.12.07 14:43:18.718,0.99006,0.99032,1.67,1.12
2016.12.07 14:43:18.819,0.99012,0.99036,1.00,1.75
2016.12.07 14:43:19.021,0.9901,0.99031,1.50,1.00
2016.12.07 14:43:19.599,0.99009,0.99037,1.75,1.87
2016.12.07 14:43:20.034,0.99009,0.99031,1.75,1.00
2016.12.07 14:43:20.554,0.99009,0.99032,1.75,1.00
2016.12.07 14:43:20.816,0.99004,0.99026,1.35,1.00
2016.12.07 14:43:20.917,0.99003,0.99022,1.00,1.00
2016.12.07 14:43:21.119,0.99001,0.99022,1.50,1.00
2016.12.07 14:43:22.348,0.99001,0.99021,1.50,1.00
2016.12.07 14:43:23.012,0.99001,0.99022,1.00,1.00
2016.12.07 14:43:23.245,0.98999,0.99022,1.75,1.00
2016.12.07 14:43:25.164,0.98999,0.99022,1.75,1.00
2016.12.07 14:43:26.100,0.98999,0.99021,1.75,1.00
2016.12.07 14:43:26.944,0.98999,0.99016,2.25,1.00
2016.12.07 14:43:27.141,0.99003,0.99021,1.00,1.00
2016.12.07 14:43:27.604,0.99003,0.99028,1.00,1.00
2016.12.07 14:43:27.756,0.98999,0.99027,2.25,1.37
2016.12.07 14:43:28.603,0.98999,0.99016,1.75,1.00
2016.12.07 14:43:29.203,0.98999,0.99022,1.75,1.00
2016.12.07 14:43:31.683,0.99,0.99022,1.75,1.00
2016.12.07 14:43:31.856,0.98998,0.99021,2.25,1.00
2016.12.07 14:43:32.536,0.99002,0.9903,1.67,1.50
2016.12.07 14:43:32.637,0.99001,0.99027,1.00,1.00
2016.12.07 14:43:32.687,0.99001,0.99027,1.00,2.85
2016.12.07 14:43:32.838,0.98997,0.99022,1.00,1.00
2016.12.07 14:43:33.352,0.98997,0.99021,1.00,1.00
2016.12.07 14:43:33.594,0.98997,0.99016,1.00,1.00
2016.12.07 14:43:34.098,0.98996,0.99016,1.00,1.00
2016.12.07 14:43:35.731,0.98995,0.99016,1.00,1.00
2016.12.07 14:43:36.069,0.98997,0.99016,1.00,1.00
2016.12.07 14:43:36.628,0.98997,0.99016,1.60,1.00
2016.12.07 14:43:37.349,0.98997,0.99017,1.00,1.00
2016.12.07 14:43:37.651,0.98992,0.99012,1.75,1.00
2016.12.07 14:43:39.633,0.98992,0.99016,1.75,1.00
2016.12.07 14:43:39.885,0.98994,0.99016,1.37,1.00
2016.12.07 14:43:40.339,0.98995,0.99016,1.00,1.00
2016.12.07 14:43:40.846,0.98993,0.99016,1.75,1.00
2016.12.07 14:43:41.675,0.98993,0.99016,1.00,1.00
2016.12.07 14:43:43.943,0.98987,0.99017,4.12,1.00
2016.12.07 14:43:44.044,0.98988,0.99018,1.75,1.75
2016.12.07 14:43:44.095,0.98988,0.99018,1.75,1.75
2016.12.07 14:43:44.145,0.98986,0.99011,1.75,1.00
2016.12.07 14:43:44.513,0.98986,0.99007,1.75,1.00
2016.12.07 14:43:45.631,0.98985,0.99006,2.25,1.00
2016.12.07 14:43:46.134,0.98989,0.99006,1.00,1.00
2016.12.07 14:43:49.335,0.98989,0.99012,1.00,1.00
2016.12.07 14:43:49.658,0.98989,0.99007,1.00,1.00
2016.12.07 14:43:51.491,0.98983,0.99007,2.10,1.00
2016.12.07 14:43:51.696,0.9898,0.99006,1.50,1.00
2016.12.07 14:43:51.747,0.98976,0.99002,1.75,1.00
2016.12.07 14:43:51.797,0.98976,0.98999,1.00,1.00
2016.12.07 14:43:51.898,0.98976,0.99004,1.50,1.50
2016.12.07 14:43:53.766,0.98976,0.99002,1.35,1.12
2016.12.07 14:43:54.018,0.98981,0.99002,1.35,1.00
2016.12.07 14:43:54.069,0.98981,0.99006,1.35,1.50
2016.12.07 14:43:54.542,0.9898,0.99001,1.35,1.00
2016.12.07 14:43:54.810,0.9898,0.99001,1.67,1.00
2016.12.07 14:43:56.028,0.98977,0.99001,1.00,1.00
2016.12.07 14:43:56.931,0.98977,0.99001,1.60,1.00
2016.12.07 14:43:57.435,0.98976,0.99001,1.72,1.50
2016.12.07 14:43:57.972,0.98977,0.99001,1.60,1.00
2016.12.07 14:43:58.023,0.98977,0.99001,1.00,1.00
2016.12.07 14:43:58.123,0.98977,0.99003,1.00,1.50
2016.12.07 14:43:58.174,0.98977,0.99001,1.00,1.00
2016.12.07 14:43:58.325,0.98971,0.98999,1.72,1.75
2016.12.07 14:43:58.930,0.9897,0.98996,2.10,1.00
2016.12.07 14:44:00.251,0.9897,0.98991,1.35,1.00
2016.12.07 14:44:00.453,0.98973,0.98996,1.00,1.00
2016.12.07 14:44:00.996,0.98972,0.98996,1.35,1.00
2016.12.07 14:44:02.055,0.98972,0.98991,1.35,1.00
2016.12.07 14:44:02.605,0.98972,0.98991,1.35,1.00
2016.12.07 14:44:04.332,0.98967,0.98991,1.75,1.00
2016.12.07 14:44:04.454,0.98966,0.98989,1.75,1.00
2016.12.07 14:44:04.505,0.98963,0.98989,1.00,1.50
2016.12.07 14:44:05.360,0.98963,0.98988,1.00,1.00
2016.12.07 14:44:05.612,0.98961,0.98989,1.37,1.75
2016.12.07 14:44:06.817,0.9896,0.98988,2.85,1.00
2016.12.07 14:44:07.139,0.98963,0.98988,2.85,1.00
2016.12.07 14:44:07.190,0.98963,0.98986,1.67,1.00
2016.12.07 14:44:07.391,0.98962,0.9899,1.75,1.00
2016.12.07 14:44:07.442,0.98962,0.9899,1.12,1.75
2016.12.07 14:44:07.744,0.98959,0.98986,1.37,1.50
2016.12.07 14:44:09.103,0.98958,0.98976,2.10,1.00
2016.12.07 14:44:09.204,0.98954,0.98981,1.75,1.00
2016.12.07 14:44:09.355,0.98956,0.98981,1.00,1.00
2016.12.07 14:44:09.406,0.98956,0.98977,1.00,1.00
2016.12.07 14:44:10.007,0.98956,0.98977,1.60,1.00
2016.12.07 14:44:13.308,0.98956,0.98976,1.60,1.00
2016.12.07 14:44:13.853,0.98956,0.98977,1.60,1.00
2016.12.07 14:44:15.613,0.98956,0.98977,1.00,1.00
2016.12.07 14:44:15.714,0.98956,0.98982,1.00,1.00
2016.12.07 14:44:15.966,0.98954,0.98981,1.12,1.50
2016.12.07 14:44:17.425,0.98951,0.98981,1.75,2.25
2016.12.07 14:44:17.526,0.98952,0.98978,1.00,1.50
2016.12.07 14:44:18.053,0.98952,0.98977,1.00,1.00
2016.12.07 14:44:18.596,0.98952,0.98976,1.00,1.00
2016.12.07 14:44:19.131,0.98954,0.98976,1.00,1.00
2016.12.07 14:44:19.182,0.98954,0.9898,1.50,1.00
2016.12.07 14:44:19.333,0.98955,0.98981,1.75,1.00
2016.12.07 14:44:19.860,0.98955,0.98982,1.75,1.00
2016.12.07 14:44:22.030,0.98957,0.98981,1.35,1.00
2016.12.07 14:44:22.194,0.98958,0.98987,1.72,2.25
2016.12.07 14:44:23.310,0.98957,0.98983,2.85,1.00
2016.12.07 14:44:23.591,0.98959,0.98985,2.10,1.00
2016.12.07 14:44:23.692,0.98963,0.98985,1.00,1.00
2016.12.07 14:44:24.720,0.98959,0.98981,2.10,1.00
2016.12.07 14:44:25.033,0.98959,0.98981,1.50,1.00
2016.12.07 14:44:25.295,0.98956,0.98984,1.12,1.75
2016.12.07 14:44:25.599,0.98955,0.98977,1.50,1.00
2016.12.07 14:44:25.945,0.98959,0.98983,1.00,1.75
2016.12.07 14:44:26.096,0.98959,0.98985,1.00,1.75
2016.12.07 14:44:26.612,0.98959,0.98985,1.12,1.50
2016.12.07 14:44:27.262,0.98958,0.98986,1.50,1.50
2016.12.07 14:44:27.513,0.98958,0.98986,2.10,1.50
2016.12.07 14:44:27.665,0.9896,0.98989,1.72,1.75
2016.12.07 14:44:28.200,0.98964,0.98986,1.00,1.00
2016.12.07 14:44:28.704,0.98959,0.98981,2.10,1.00
2016.12.07 14:44:29.014,0.98959,0.98982,2.10,1.00
2016.12.07 14:44:29.215,0.9896,0.98985,1.60,1.00
2016.12.07 14:44:31.047,0.98961,0.98985,1.35,1.00
2016.12.07 14:44:31.483,0.98961,0.98987,2.85,1.12
2016.12.07 14:44:31.823,0.98961,0.98987,2.85,1.00
2016.12.07 14:44:31.924,0.98964,0.98991,1.50,2.25
2016.12.07 14:44:34.066,0.98964,0.98992,1.75,2.25
2016.12.07 14:44:34.166,0.98964,0.98992,1.75,2.25
2016.12.07 14:44:43.863,0.98964,0.98991,1.37,2.25
2016.12.07 14:44:43.914,0.98964,0.98991,1.00,2.25
2016.12.07 14:44:44.015,0.98962,0.98987,1.12,1.00
2016.12.07 14:44:45.060,0.98962,0.98986,1.12,1.00
2016.12.07 14:44:45.262,0.98969,0.98991,1.00,1.75
2016.12.07 14:44:46.950,0.98969,0.98992,1.00,1.75
2016.12.07 14:44:50.022,0.98964,0.98991,1.50,1.75
2016.12.07 14:44:50.328,0.98963,0.98989,1.00,1.50
2016.12.07 14:44:50.450,0.98963,0.98989,1.00,1.50
2016.12.07 14:44:50.703,0.98961,0.98987,1.50,1.37
2016.12.07 14:44:50.753,0.98961,0.98987,1.50,1.12
2016.12.07 14:44:51.398,0.9896,0.98988,1.37,1.75
2016.12.07 14:44:51.448,0.9896,0.98985,1.00,1.00
2016.12.07 14:44:52.478,0.9896,0.98987,1.87,1.37
2016.12.07 14:44:52.579,0.98963,0.98988,1.00,1.00
2016.12.07 14:44:53.088,0.98963,0.98987,1.00,1.00
2016.12.07 14:44:55.028,0.98963,0.98986,1.00,1.00
2016.12.07 14:44:55.466,0.98964,0.98989,1.00,1.50
2016.12.07 14:44:56.071,0.98964,0.98988,1.00,1.00
2016.12.07 14:44:56.272,0.98962,0.98986,1.67,1.00
2016.12.07 14:44:56.843,0.98959,0.98987,1.75,1.12
2016.12.07 14:45:00.250,0.98964,0.98992,2.10,1.75
2016.12.07 14:45:00.300,0.98964,0.98992,2.85,1.75
2016.12.07 14:45:00.401,0.98967,0.98992,2.10,1.00
2016.12.07 14:45:01.644,0.98967,0.98991,1.60,1.00
2016.12.07 14:45:03.137,0.98969,0.98991,1.00,1.00
2016.12.07 14:45:03.289,0.98969,0.98991,1.37,1.00
2016.12.07 14:45:08.441,0.98971,0.98991,2.47,1.00
2016.12.07 14:45:08.492,0.98971,0.98996,2.47,1.00
2016.12.07 14:45:08.693,0.98974,0.99001,2.47,1.50
2016.12.07 14:45:08.744,0.98975,0.99001,1.67,1.12
2016.12.07 14:45:12.204,0.98973,0.99001,2.25,1.37
2016.12.07 14:45:12.348,0.98973,0.98999,1.50,1.00
2016.12.07 14:45:12.889,0.98973,0.98997,1.00,1.00
2016.12.07 14:45:13.469,0.98973,0.98996,1.00,1.00
2016.12.07 14:45:14.333,0.98972,0.98996,1.75,1.00
2016.12.07 14:45:14.434,0.98973,0.98996,1.00,1.00
2016.12.07 14:45:15.023,0.98972,0.98996,2.25,1.00
2016.12.07 14:45:15.915,0.98974,0.98997,1.75,1.00
2016.12.07 14:45:16.979,0.98969,0.98996,3.37,1.00
2016.12.07 14:45:17.030,0.98969,0.98996,1.75,1.12
2016.12.07 14:45:20.101,0.98968,0.98991,2.25,1.00
2016.12.07 14:45:20.202,0.98969,0.98996,1.75,1.87
2016.12.07 14:45:23.255,0.98969,0.98995,1.75,1.00
2016.12.07 14:45:24.587,0.98968,0.98991,1.75,1.00
2016.12.07 14:45:26.047,0.98965,0.98991,2.25,1.00
2016.12.07 14:45:27.327,0.98965,0.98986,1.75,1.00
2016.12.07 14:45:27.478,0.98963,0.98986,2.25,1.00
2016.12.07 14:45:27.579,0.98962,0.9899,1.75,1.00
2016.12.07 14:45:27.680,0.98962,0.9899,1.75,1.37
2016.12.07 14:45:27.730,0.98962,0.98986,1.75,1.00
2016.12.07 14:45:28.562,0.98961,0.98986,1.75,1.00
2016.12.07 14:45:30.342,0.9896,0.98986,2.25,1.00
2016.12.07 14:45:30.850,0.9896,0.98987,2.25,1.00
2016.12.07 14:45:32.311,0.9896,0.98986,2.25,1.00
2016.12.07 14:45:33.725,0.9896,0.98987,2.25,1.00
2016.12.07 14:45:34.287,0.98959,0.98987,1.75,1.87
2016.12.07 14:45:35.735,0.98959,0.98986,2.85,1.00
2016.12.07 14:45:40.049,0.9896,0.98986,1.50,1.12
2016.12.07 14:45:40.190,0.9896,0.98986,1.12,1.12
2016.12.07 14:45:43.150,0.9896,0.98981,1.12,1.00
2016.12.07 14:45:43.752,0.9896,0.98981,1.37,1.00
2016.12.07 14:45:44.055,0.9896,0.98986,1.37,1.37
2016.12.07 14:45:44.157,0.98959,0.98986,2.85,1.00
2016.12.07 14:45:45.236,0.98959,0.98989,3.00,1.75
2016.12.07 14:45:45.781,0.98959,0.98986,3.00,1.00
2016.12.07 14:45:46.623,0.98959,0.98987,2.25,1.12
2016.12.07 14:45:47.209,0.98961,0.98986,1.75,1.00
2016.12.07 14:45:47.512,0.98959,0.98986,2.25,1.50
2016.12.07 14:45:49.696,0.98961,0.98986,1.00,1.00
2016.12.07 14:45:49.923,0.98963,0.98986,1.00,1.00
2016.12.07 14:45:50.430,0.98959,0.98986,1.75,1.12
2016.12.07 14:46:00.039,0.98962,0.98987,1.50,1.37
2016.12.07 14:46:00.357,0.98965,0.98991,1.00,2.25
2016.12.07 14:46:03.594,0.98965,0.98987,1.00,1.00
2016.12.07 14:46:03.776,0.98965,0.9899,1.00,1.00
2016.12.07 14:46:04.288,0.98965,0.98991,1.00,1.50
2016.12.07 14:46:08.931,0.98965,0.9899,1.00,1.00
2016.12.07 14:46:09.478,0.98965,0.98991,1.00,1.00
2016.12.07 14:46:10.080,0.98965,0.98986,1.00,1.00
2016.12.07 14:46:11.001,0.98965,0.98981,1.00,1.00
2016.12.07 14:46:11.781,0.98965,0.98991,1.00,1.50
2016.12.07 14:46:13.978,0.98965,0.98986,1.00,1.00
2016.12.07 14:46:16.005,0.98965,0.98991,1.00,1.00
2016.12.07 14:46:16.723,0.98965,0.98992,1.50,1.50
2016.12.07 14:46:17.265,0.98966,0.98992,1.00,1.50
2016.12.07 14:46:18.101,0.98966,0.98991,1.00,1.00
2016.12.07 14:46:20.528,0.98971,0.98991,1.00,1.00
2016.12.07 14:46:20.579,0.98971,0.98997,1.00,1.75
2016.12.07 14:46:20.630,0.9897,0.98997,1.37,1.37
2016.12.07 14:46:20.680,0.98973,0.98999,1.00,1.50
2016.12.07 14:46:20.731,0.98973,0.98997,1.00,1.00
2016.12.07 14:46:21.134,0.98973,0.98998,1.12,1.37
2016.12.07 14:46:21.471,0.98967,0.98991,2.85,1.00
2016.12.07 14:46:22.116,0.98973,0.98997,1.00,1.75
2016.12.07 14:46:22.221,0.98967,0.98991,2.10,1.00
2016.12.07 14:46:23.016,0.98969,0.98996,1.75,1.50
2016.12.07 14:46:23.117,0.98967,0.98992,2.85,1.00
2016.12.07 14:46:23.218,0.98969,0.98996,1.75,1.50
2016.12.07 14:46:23.808,0.98967,0.98991,2.10,1.00
2016.12.07 14:46:23.859,0.98967,0.98991,2.10,1.00
2016.12.07 14:46:24.493,0.98967,0.98992,2.10,1.00
2016.12.07 14:46:24.594,0.98969,0.98995,1.00,1.50
2016.12.07 14:46:25.070,0.98968,0.98997,2.25,1.50
2016.12.07 14:46:25.380,0.98975,0.98996,1.75,1.00
2016.12.07 14:46:25.704,0.98969,0.98996,3.60,1.12
2016.12.07 14:46:25.805,0.98974,0.98999,1.00,1.75
2016.12.07 14:46:25.956,0.98973,0.99001,2.47,1.75
2016.12.07 14:46:26.265,0.98973,0.99002,2.10,1.12
2016.12.07 14:46:26.315,0.98979,0.99003,1.00,1.50
2016.12.07 14:46:27.037,0.98974,0.99001,1.50,1.00
2016.12.07 14:46:27.599,0.98973,0.99002,1.75,1.12
2016.12.07 14:46:29.731,0.98974,0.99001,1.50,1.00
2016.12.07 14:46:31.772,0.98974,0.98999,1.00,1.00
2016.12.07 14:46:35.702,0.98973,0.98997,1.00,1.00
2016.12.07 14:46:46.191,0.98981,0.99007,1.37,3.00
2016.12.07 14:46:46.241,0.98982,0.99008,1.50,1.00
2016.12.07 14:46:46.292,0.98987,0.99011,1.00,1.37
2016.12.07 14:46:46.342,0.98987,0.99011,1.00,1.37
2016.12.07 14:46:46.443,0.98987,0.99011,1.50,1.00
2016.12.07 14:46:46.544,0.98987,0.99011,1.12,1.12
2016.12.07 14:46:47.030,0.98985,0.99007,1.50,1.00
2016.12.07 14:46:47.574,0.98984,0.99006,1.75,1.00
2016.12.07 14:46:49.537,0.98981,0.99006,1.75,1.00
2016.12.07 14:46:51.668,0.98979,0.99007,1.35,1.50
2016.12.07 14:46:52.514,0.98978,0.99005,1.75,1.12
2016.12.07 14:46:52.685,0.98978,0.99005,1.75,1.50
2016.12.07 14:46:52.836,0.98977,0.98996,1.75,1.00
2016.12.07 14:46:53.360,0.98976,0.98996,1.00,1.00
2016.12.07 14:46:53.930,0.98975,0.99001,1.50,1.50
2016.12.07 14:46:54.850,0.98977,0.99001,1.00,1.00
2016.12.07 14:46:55.167,0.98977,0.98991,1.00,1.00
2016.12.07 14:46:55.268,0.98971,0.98991,1.75,1.00
2016.12.07 14:46:55.369,0.98969,0.98991,1.00,1.00
2016.12.07 14:46:55.662,0.98974,0.98991,1.00,1.00
2016.12.07 14:46:55.882,0.98974,0.98997,1.00,2.25
2016.12.07 14:46:56.271,0.98969,0.98996,1.00,2.25
2016.12.07 14:46:56.372,0.98973,0.98997,1.00,1.75
2016.12.07 14:46:56.472,0.98974,0.98997,1.00,1.00
2016.12.07 14:46:56.523,0.98974,0.99004,1.37,3.37
2016.12.07 14:46:56.574,0.98974,0.99004,2.25,1.75
2016.12.07 14:46:56.674,0.98976,0.99001,1.00,1.00
2016.12.07 14:46:57.055,0.98975,0.99002,1.75,1.30
2016.12.07 14:46:57.562,0.98978,0.99005,1.50,1.97
2016.12.07 14:47:00.326,0.98979,0.99006,1.37,1.50
2016.12.07 14:47:00.678,0.98981,0.99006,1.37,1.12
2016.12.07 14:47:00.981,0.98984,0.99008,1.75,1.00
2016.12.07 14:47:01.082,0.98984,0.99009,1.00,1.75
2016.12.07 14:47:02.346,0.9898,0.99007,1.75,1.12
2016.12.07 14:47:06.795,0.98979,0.99007,1.50,1.50
2016.12.07 14:47:07.673,0.98979,0.99007,2.25,1.87
2016.12.07 14:47:08.201,0.98979,0.99006,3.00,1.00
2016.12.07 14:47:09.013,0.98979,0.99006,1.50,1.87
2016.12.07 14:47:11.111,0.98978,0.99006,1.75,1.72
2016.12.07 14:47:11.620,0.9898,0.99002,1.00,1.00
2016.12.07 14:47:11.935,0.98979,0.99002,1.75,1.00
2016.12.07 14:47:12.258,0.98982,0.99006,1.30,1.12
2016.12.07 14:47:12.356,0.98982,0.99007,1.67,1.37
2016.12.07 14:47:12.457,0.98985,0.99011,1.00,1.50
2016.12.07 14:47:12.659,0.98985,0.99007,1.00,1.00
2016.12.07 14:47:13.758,0.9898,0.99007,1.75,1.00
2016.12.07 14:47:14.075,0.9898,0.99006,1.00,2.25
2016.12.07 14:47:16.133,0.98983,0.99011,1.37,2.25
2016.12.07 14:47:16.183,0.98983,0.99011,1.75,1.87
2016.12.07 14:47:16.234,0.98983,0.99001,1.75,1.00
2016.12.07 14:47:16.335,0.98985,0.99011,1.00,1.87
2016.12.07 14:47:16.537,0.98983,0.99011,2.25,1.12
2016.12.07 14:47:16.905,0.98984,0.99012,1.12,2.25
2016.12.07 14:47:16.956,0.98984,0.99007,1.12,1.00
2016.12.07 14:47:17.056,0.98984,0.99012,1.12,2.25
2016.12.07 14:47:17.465,0.98986,0.99012,1.00,2.25
2016.12.07 14:47:17.767,0.98986,0.99006,1.00,1.00
2016.12.07 14:47:17.827,0.98986,0.99012,1.00,2.25
2016.12.07 14:47:18.145,0.98984,0.99012,1.75,1.50
2016.12.07 14:47:18.296,0.98986,0.99012,1.00,1.50
2016.12.07 14:47:18.347,0.98986,0.99006,1.00,1.00
2016.12.07 14:47:19.329,0.98986,0.99012,1.00,2.25
2016.12.07 14:47:19.634,0.98986,0.99006,1.00,1.00
2016.12.07 14:47:19.730,0.98986,0.99012,1.00,2.25
2016.12.07 14:47:20.907,0.98986,0.99012,1.00,2.85
2016.12.07 14:47:21.109,0.98984,0.99011,1.12,2.10
2016.12.07 14:47:21.233,0.98984,0.99007,1.12,1.00
2016.12.07 14:47:21.761,0.98978,0.99006,1.75,3.22
2016.12.07 14:47:21.962,0.98978,0.99003,1.12,1.30
2016.12.07 14:47:22.490,0.98978,0.99006,1.50,2.10
2016.12.07 14:47:22.807,0.98978,0.99006,1.50,1.50
2016.12.07 14:47:24.021,0.98976,0.99004,1.75,1.00
2016.12.07 14:47:24.272,0.98975,0.99002,2.25,1.00
2016.12.07 14:47:24.474,0.98976,0.99002,1.00,1.50
2016.12.07 14:47:24.983,0.98976,0.99002,1.75,1.00
2016.12.07 14:47:25.493,0.98976,0.99001,1.50,1.00
2016.12.07 14:47:25.594,0.98976,0.99001,1.75,1.00
2016.12.07 14:47:25.645,0.98976,0.99006,2.25,1.35
2016.12.07 14:47:26.182,0.98979,0.99006,2.25,2.10
2016.12.07 14:47:27.154,0.98974,0.99004,2.25,1.50
2016.12.07 14:47:27.559,0.98976,0.99001,1.37,1.00
2016.12.07 14:47:28.188,0.98981,0.99006,1.00,2.10
2016.12.07 14:47:30.462,0.98981,0.99001,1.00,1.00
2016.12.07 14:47:31.709,0.98978,0.99001,1.75,1.00
2016.12.07 14:47:32.243,0.98978,0.99002,1.75,1.00
2016.12.07 14:47:32.751,0.98977,0.99001,1.75,1.00
2016.12.07 14:47:32.936,0.98977,0.99001,1.12,1.00
2016.12.07 14:47:33.087,0.98977,0.99005,1.12,1.75
2016.12.07 14:47:33.871,0.98978,0.99006,1.00,2.10
2016.12.07 14:47:34.340,0.98975,0.99001,1.75,1.00
2016.12.07 14:47:35.155,0.98979,0.99003,1.00,1.12
2016.12.07 14:47:35.521,0.98975,0.99001,1.75,1.00
2016.12.07 14:47:37.284,0.98975,0.99002,1.75,1.50
2016.12.07 14:47:37.653,0.98969,0.98995,1.75,1.00
2016.12.07 14:47:38.161,0.98974,0.98995,1.00,1.00
2016.12.07 14:47:38.727,0.98974,0.98994,1.00,1.00
2016.12.07 14:47:39.267,0.98969,0.98995,1.75,1.00
2016.12.07 14:47:41.824,0.98974,0.98995,1.00,1.00
2016.12.07 14:47:42.176,0.98972,0.98993,1.00,1.00
2016.12.07 14:47:42.226,0.98969,0.98993,1.00,1.00
2016.12.07 14:47:43.910,0.98964,0.98992,1.75,1.00
2016.12.07 14:47:44.648,0.98969,0.98989,1.12,1.00
2016.12.07 14:47:44.834,0.98964,0.98989,1.75,1.00
2016.12.07 14:47:45.085,0.98964,0.98987,1.75,1.00
2016.12.07 14:47:45.679,0.98964,0.98988,1.75,1.00
2016.12.07 14:47:46.307,0.98962,0.98987,1.75,1.00
2016.12.07 14:47:46.814,0.98962,0.98988,1.75,1.00
2016.12.07 14:47:47.375,0.98964,0.98986,1.75,1.00
2016.12.07 14:47:47.425,0.98964,0.98986,1.00,1.00
2016.12.07 14:47:47.728,0.98962,0.98986,1.75,1.00
2016.12.07 14:47:47.778,0.98964,0.98991,1.75,1.12
2016.12.07 14:47:47.829,0.98964,0.98991,1.75,1.00
2016.12.07 14:47:48.240,0.98971,0.98991,1.00,1.00
2016.12.07 14:47:48.524,0.98971,0.98993,1.00,1.00
2016.12.07 14:47:49.040,0.98971,0.98994,1.00,1.00
2016.12.07 14:47:49.571,0.98971,0.98993,1.00,1.00
2016.12.07 14:47:49.889,0.98971,0.98995,1.00,1.00
2016.12.07 14:47:50.040,0.98969,0.98996,1.75,1.50
2016.12.07 14:47:50.680,0.98969,0.98996,1.75,1.00
2016.12.07 14:47:51.029,0.98967,0.98996,1.50,2.10
2016.12.07 14:47:51.352,0.98969,0.98995,1.37,1.37
2016.12.07 14:47:51.660,0.98968,0.98995,2.25,1.00
2016.12.07 14:47:51.971,0.98969,0.98993,1.75,1.00
2016.12.07 14:47:52.751,0.98969,0.98992,1.75,1.00
2016.12.07 14:47:53.056,0.98964,0.98989,1.75,1.00
2016.12.07 14:47:53.158,0.98966,0.98989,1.00,1.00
2016.12.07 14:47:54.497,0.98966,0.9899,1.00,1.00
2016.12.07 14:47:58.571,0.98966,0.98991,1.00,1.00
2016.12.07 14:47:58.866,0.98963,0.98991,1.75,1.75
2016.12.07 14:47:59.922,0.98961,0.98987,3.00,1.00
2016.12.07 14:48:00.023,0.98966,0.9899,1.50,1.00
2016.12.07 14:48:00.074,0.98964,0.98991,1.75,1.50
2016.12.07 14:48:00.174,0.98964,0.98992,1.75,1.12
2016.12.07 14:48:00.527,0.98964,0.98986,1.75,1.00
2016.12.07 14:48:01.080,0.98964,0.98987,1.75,1.00
2016.12.07 14:48:01.412,0.98964,0.98991,2.25,1.00
2016.12.07 14:48:01.725,0.98964,0.98991,1.50,1.37
2016.12.07 14:48:02.228,0.98966,0.98993,1.00,1.00
2016.12.07 14:48:02.279,0.98968,0.98994,1.00,1.00
2016.12.07 14:48:02.801,0.98969,0.98994,1.00,1.00
2016.12.07 14:48:04.653,0.98969,0.98995,1.00,1.75
2016.12.07 14:48:05.166,0.98964,0.98991,1.75,1.00
2016.12.07 14:48:05.267,0.98964,0.98991,1.75,1.00
2016.12.07 14:48:05.813,0.98963,0.98992,2.25,1.87
2016.12.07 14:48:06.314,0.98964,0.98991,1.75,1.00
2016.12.07 14:48:07.317,0.98963,0.98992,2.10,1.87
2016.12.07 14:48:07.569,0.98968,0.98992,1.00,1.00
2016.12.07 14:48:08.135,0.98968,0.98991,1.00,1.00
2016.12.07 14:48:08.675,0.98965,0.98991,1.75,1.12
2016.12.07 14:48:09.009,0.98971,0.98998,1.75,1.00
2016.12.07 14:48:09.312,0.98971,0.98996,1.75,1.00
2016.12.07 14:48:09.509,0.98973,0.98996,1.75,1.00
2016.12.07 14:48:09.761,0.98973,0.98996,1.50,1.00
2016.12.07 14:48:09.861,0.98974,0.99001,1.12,1.75
2016.12.07 14:48:10.063,0.98974,0.99001,1.50,1.12
2016.12.07 14:48:12.221,0.98974,0.99,1.50,1.00
2016.12.07 14:48:14.198,0.98974,0.99001,1.50,1.12
2016.12.07 14:48:17.559,0.98978,0.99005,1.00,1.75
2016.12.07 14:48:17.766,0.98975,0.99002,1.30,1.50
2016.12.07 14:48:18.269,0.98974,0.99,1.50,1.00
2016.12.07 14:48:18.521,0.98976,0.99001,1.75,1.00
2016.12.07 14:48:19.070,0.98976,0.99,1.75,1.00
2016.12.07 14:48:20.211,0.98974,0.99001,1.75,1.50
2016.12.07 14:48:20.312,0.98977,0.99001,1.00,1.50
2016.12.07 14:48:25.189,0.98977,0.99,1.00,1.00
2016.12.07 14:48:25.452,0.98977,0.98996,1.00,1.00
2016.12.07 14:48:25.503,0.98969,0.98996,2.25,1.50
2016.12.07 14:48:25.604,0.98968,0.98994,1.00,1.00
2016.12.07 14:48:25.705,0.98964,0.98992,2.25,1.75
2016.12.07 14:48:32.202,0.98964,0.98991,2.25,1.87
2016.12.07 14:48:32.608,0.98967,0.98992,1.35,1.00
2016.12.07 14:48:32.658,0.98967,0.98987,1.35,1.00
2016.12.07 14:48:32.759,0.98967,0.98995,2.85,1.12
2016.12.07 14:48:33.214,0.98973,0.98996,1.75,1.00
2016.12.07 14:48:33.315,0.98971,0.98996,1.50,1.00
2016.12.07 14:48:33.901,0.9897,0.98997,1.75,1.12
2016.12.07 14:48:34.750,0.98969,0.98996,3.00,1.00
2016.12.07 14:48:35.297,0.98969,0.98997,2.25,1.12
2016.12.07 14:48:37.055,0.9897,0.98996,1.75,1.00
2016.12.07 14:48:37.580,0.98969,0.98991,2.25,1.00
2016.12.07 14:48:40.170,0.9897,0.98996,1.75,1.00
2016.12.07 14:48:44.414,0.98969,0.98995,2.25,1.00
2016.12.07 14:48:44.783,0.98969,0.98992,1.75,1.00
2016.12.07 14:48:45.257,0.98966,0.98992,2.85,1.00
2016.12.07 14:48:45.307,0.98966,0.98987,2.85,1.00
2016.12.07 14:48:45.358,0.98969,0.98987,1.00,1.00
2016.12.07 14:48:45.862,0.98966,0.98987,1.67,1.00
2016.12.07 14:48:46.478,0.98966,0.98986,1.67,1.00
2016.12.07 14:48:47.969,0.98964,0.98982,1.75,1.00
2016.12.07 14:48:48.070,0.98964,0.98991,2.25,1.00
2016.12.07 14:48:49.271,0.98964,0.98992,1.75,1.87
2016.12.07 14:48:50.153,0.98963,0.9899,1.75,1.00
2016.12.07 14:48:50.888,0.98963,0.98991,2.25,1.00
2016.12.07 14:48:51.208,0.98961,0.98982,4.12,1.00
2016.12.07 14:48:51.309,0.98961,0.98991,4.12,1.35
2016.12.07 14:48:51.359,0.98961,0.98989,4.12,1.00
2016.12.07 14:48:51.410,0.98961,0.98989,2.25,1.00
2016.12.07 14:48:51.511,0.9896,0.98986,1.75,1.00
2016.12.07 14:48:51.813,0.98962,0.98981,1.75,1.00
2016.12.07 14:48:52.918,0.98963,0.98991,1.75,1.37
2016.12.07 14:48:53.219,0.98962,0.98986,1.75,1.00
2016.12.07 14:48:53.420,0.98961,0.98986,1.75,1.00
2016.12.07 14:48:54.011,0.98961,0.98987,1.75,1.00
2016.12.07 14:48:54.291,0.98961,0.98989,1.75,1.12
2016.12.07 14:48:54.493,0.98961,0.98987,1.75,1.00
2016.12.07 14:48:56.128,0.98961,0.98986,1.75,1.00
2016.12.07 14:48:56.729,0.98961,0.98987,1.75,1.50
2016.12.07 14:48:57.408,0.98961,0.98987,1.75,1.50
2016.12.07 14:48:57.509,0.98961,0.98987,1.75,1.50
2016.12.07 14:48:57.691,0.98961,0.98987,1.75,1.50
2016.12.07 14:48:57.893,0.98961,0.98987,1.75,1.50
2016.12.07 14:48:58.454,0.98963,0.98987,1.00,1.00
2016.12.07 14:48:58.504,0.98961,0.98987,1.75,1.00
2016.12.07 14:48:58.833,0.98958,0.98982,1.75,1.00
2016.12.07 14:48:58.982,0.98959,0.98982,1.00,1.00
2016.12.07 14:48:59.083,0.98957,0.98982,1.00,1.00
2016.12.07 14:48:59.234,0.98959,0.98984,1.37,1.37
2016.12.07 14:48:59.536,0.9896,0.98986,1.75,1.00
2016.12.07 14:49:00.050,0.9896,0.98987,1.75,1.50
2016.12.07 14:49:00.461,0.98955,0.98981,1.75,1.00
2016.12.07 14:49:01.002,0.98958,0.98986,1.12,1.35
2016.12.07 14:49:01.403,0.98958,0.98986,1.37,2.10
2016.12.07 14:49:01.927,0.98959,0.98981,1.00,1.00
2016.12.07 14:49:02.078,0.98957,0.98982,1.00,1.00
2016.12.07 14:49:02.229,0.98955,0.98982,1.00,1.50
2016.12.07 14:49:02.381,0.98954,0.98981,1.75,1.00
2016.12.07 14:49:02.432,0.98953,0.98977,1.75,1.00
2016.12.07 14:49:03.190,0.98956,0.98977,1.50,1.00
2016.12.07 14:49:03.242,0.98958,0.98982,1.00,1.50
2016.12.07 14:49:03.343,0.98956,0.98982,1.75,1.00
2016.12.07 14:49:03.846,0.9896,0.98981,1.00,1.00
2016.12.07 14:49:04.097,0.98958,0.98983,1.50,1.12
2016.12.07 14:49:04.535,0.98958,0.98981,1.00,1.00
2016.12.07 14:49:05.058,0.98958,0.9898,1.00,1.00
2016.12.07 14:49:05.774,0.98958,0.98981,1.00,1.00
2016.12.07 14:49:06.850,0.98955,0.98977,1.67,1.00
2016.12.07 14:49:07.017,0.98958,0.98981,1.00,1.00
2016.12.07 14:49:07.251,0.98955,0.98977,1.67,1.00
2016.12.07 14:49:07.301,0.98959,0.98981,1.00,1.00
2016.12.07 14:49:07.616,0.98955,0.98976,1.67,1.00
2016.12.07 14:49:07.942,0.98959,0.98981,1.00,1.00
2016.12.07 14:49:08.341,0.98953,0.9898,1.75,1.00
2016.12.07 14:49:08.442,0.98954,0.9898,1.00,1.37
2016.12.07 14:49:08.983,0.98953,0.98979,1.12,1.75
2016.12.07 14:49:09.289,0.98949,0.98976,4.87,1.00
2016.12.07 14:49:09.801,0.98955,0.98977,1.30,1.00
2016.12.07 14:49:09.851,0.98957,0.98981,1.00,1.12
2016.12.07 14:49:09.952,0.98956,0.98981,1.37,1.00
2016.12.07 14:49:10.153,0.98959,0.98981,1.00,1.00
2016.12.07 14:49:10.685,0.98956,0.98982,1.75,1.00
2016.12.07 14:49:11.202,0.98956,0.98981,1.75,1.00
2016.12.07 14:49:11.455,0.98954,0.98981,1.35,1.00
2016.12.07 14:49:11.657,0.98959,0.98982,1.67,1.00
2016.12.07 14:49:12.051,0.98961,0.98986,1.00,1.37
2016.12.07 14:49:12.152,0.98959,0.98986,2.85,1.12
2016.12.07 14:49:12.655,0.98961,0.98987,1.75,1.12
2016.12.07 14:49:17.644,0.9896,0.98986,1.35,1.00
2016.12.07 14:49:18.464,0.9896,0.98987,2.10,1.12
2016.12.07 14:49:18.615,0.9896,0.98986,1.35,1.00
2016.12.07 14:49:20.275,0.9896,0.98987,2.10,1.37
2016.12.07 14:49:20.646,0.9896,0.98989,2.10,1.50
2016.12.07 14:49:20.797,0.98961,0.98988,1.00,1.37
2016.12.07 14:49:21.109,0.98958,0.98982,1.75,1.00
2016.12.07 14:49:22.763,0.98958,0.98987,2.25,2.10
2016.12.07 14:49:24.193,0.98959,0.98986,2.25,1.00
2016.12.07 14:49:24.818,0.98959,0.98985,2.25,1.00
2016.12.07 14:49:25.354,0.98959,0.98986,2.25,1.00
2016.12.07 14:49:25.559,0.98961,0.98989,2.25,1.12
2016.12.07 14:49:26.414,0.98963,0.98989,1.12,1.37
2016.12.07 14:49:26.515,0.98964,0.98988,1.00,1.37
2016.12.07 14:49:26.952,0.9896,0.98986,1.00,1.50
2016.12.07 14:49:27.002,0.98959,0.98986,3.00,1.12
2016.12.07 14:49:27.534,0.98964,0.98989,1.00,1.75
2016.12.07 14:49:27.836,0.9897,0.9899,1.00,1.50
2016.12.07 14:49:27.937,0.98972,0.98996,1.60,1.50
2016.12.07 14:49:27.987,0.98972,0.98996,1.97,1.12
2016.12.07 14:49:28.189,0.98972,0.98996,1.75,1.00
2016.12.07 14:49:28.725,0.98971,0.98996,2.10,1.00
2016.12.07 14:49:31.939,0.98971,0.99001,2.10,1.50
2016.12.07 14:49:32.265,0.98971,0.98996,2.10,1.00
2016.12.07 14:49:39.308,0.98973,0.98996,1.50,1.60
2016.12.07 14:49:39.409,0.98974,0.99001,1.12,3.60
2016.12.07 14:49:39.460,0.98971,0.98992,1.75,1.00
2016.12.07 14:49:39.561,0.98976,0.98997,1.00,1.00
2016.12.07 14:49:39.662,0.98973,0.98997,1.00,1.00
2016.12.07 14:49:45.360,0.98973,0.98996,1.00,1.00
2016.12.07 14:49:46.293,0.98972,0.98996,1.12,1.12
2016.12.07 14:49:50.753,0.98972,0.98997,1.37,1.12
2016.12.07 14:49:50.853,0.98976,0.98997,1.00,1.00
2016.12.07 14:49:51.005,0.98979,0.99006,2.25,1.75
2016.12.07 14:49:51.055,0.98985,0.99006,1.30,1.37
2016.12.07 14:49:51.106,0.98985,0.99011,1.30,1.75
2016.12.07 14:49:51.156,0.98986,0.99011,1.37,1.37
2016.12.07 14:49:51.207,0.98989,0.99015,1.12,1.75
2016.12.07 14:49:51.504,0.98989,0.99011,1.12,1.00
2016.12.07 14:49:53.614,0.98988,0.99011,2.10,1.00
2016.12.07 14:49:53.866,0.98996,0.99021,1.00,1.50
2016.12.07 14:49:54.422,0.98997,0.99022,1.00,1.00
2016.12.07 14:49:56.701,0.98997,0.99021,1.12,1.00
2016.12.07 14:49:56.802,0.98993,0.99021,1.50,2.25
2016.12.07 14:49:56.853,0.98992,0.9902,1.75,1.75
2016.12.07 14:49:57.104,0.98987,0.99016,3.37,1.37
2016.12.07 14:49:57.155,0.98987,0.99016,1.75,1.75
2016.12.07 14:49:57.314,0.98987,0.99011,1.75,1.00
2016.12.07 14:50:00.811,0.98993,0.99019,1.00,2.25
2016.12.07 14:50:00.963,0.98995,0.99021,1.00,1.75
2016.12.07 14:50:01.217,0.98995,0.99021,1.12,1.75
2016.12.07 14:50:01.860,0.98994,0.99021,1.75,1.00
2016.12.07 14:50:02.212,0.98999,0.99021,1.50,1.00
2016.12.07 14:50:02.723,0.98999,0.99021,1.50,1.00
2016.12.07 14:50:03.030,0.99003,0.99025,1.00,1.00
2016.12.07 14:50:03.533,0.99004,0.9903,1.00,1.75
2016.12.07 14:50:04.044,0.99003,0.99026,1.00,1.12
2016.12.07 14:50:04.454,0.99,0.99026,1.37,1.12
2016.12.07 14:50:04.655,0.98999,0.99025,1.50,1.00
2016.12.07 14:50:05.181,0.99,0.99025,1.00,1.00
2016.12.07 14:50:05.231,0.99,0.99028,1.37,1.50
2016.12.07 14:50:05.282,0.99,0.99028,1.75,1.50
2016.12.07 14:50:05.909,0.99001,0.99026,1.75,1.00
2016.12.07 14:50:07.213,0.99,0.99027,1.75,1.12
2016.12.07 14:50:07.817,0.98999,0.99026,1.50,1.37
2016.12.07 14:50:07.867,0.98999,0.99026,1.50,1.75
2016.12.07 14:50:09.627,0.98998,0.99022,1.75,1.00
2016.12.07 14:50:10.023,0.98998,0.99025,1.75,1.67
2016.12.07 14:50:10.743,0.98996,0.99022,1.75,1.00
2016.12.07 14:50:16.205,0.98996,0.99022,1.50,1.00
2016.12.07 14:50:16.255,0.98996,0.99022,1.12,1.00
2016.12.07 14:50:18.827,0.98998,0.99026,1.00,1.75
2016.12.07 14:50:18.947,0.99,0.99026,1.00,1.50
2016.12.07 14:50:19.091,0.99,0.99017,1.00,1.00
2016.12.07 14:50:19.251,0.99,0.99021,1.00,1.00
2016.12.07 14:50:19.351,0.99,0.99026,1.00,1.50
2016.12.07 14:50:19.611,0.98999,0.99026,1.37,2.25
2016.12.07 14:50:20.180,0.98999,0.99026,1.00,2.25
2016.12.07 14:50:20.710,0.98998,0.99025,1.12,1.75
2016.12.07 14:50:21.554,0.98997,0.99022,1.50,1.00
2016.12.07 14:50:22.083,0.98994,0.99024,2.10,1.75
2016.12.07 14:50:22.335,0.98999,0.99024,1.00,1.00
2016.12.07 14:50:22.745,0.98999,0.99021,1.00,1.00
2016.12.07 14:50:23.462,0.98995,0.99021,1.50,1.12
2016.12.07 14:50:23.513,0.98995,0.99021,1.50,1.00
2016.12.07 14:50:23.664,0.98995,0.99022,1.50,1.50
2016.12.07 14:50:24.136,0.98994,0.99021,1.50,1.75
2016.12.07 14:50:24.462,0.98992,0.99016,1.75,1.00
2016.12.07 14:50:24.740,0.98992,0.99017,1.50,1.12
2016.12.07 14:50:25.247,0.98993,0.99017,1.50,1.00
2016.12.07 14:50:25.449,0.98993,0.99017,1.75,1.00
2016.12.07 14:50:25.998,0.98993,0.99017,1.75,1.00
2016.12.07 14:50:27.819,0.98993,0.99017,1.75,1.00
2016.12.07 14:50:29.860,0.98993,0.99017,1.50,1.00
2016.12.07 14:50:29.963,0.98993,0.99021,1.50,2.25
2016.12.07 14:50:30.165,0.98989,0.99019,2.25,1.50
2016.12.07 14:50:30.728,0.98989,0.99017,1.75,1.00
2016.12.07 14:50:32.159,0.98993,0.99017,1.00,1.00
2016.12.07 14:50:32.462,0.98995,0.99022,2.10,1.37
2016.12.07 14:50:33.012,0.98995,0.99021,1.50,1.12
2016.12.07 14:50:33.275,0.98992,0.99021,1.35,1.50
2016.12.07 14:50:33.375,0.98992,0.99017,1.35,1.00
2016.12.07 14:50:33.933,0.98992,0.99016,1.35,1.00
2016.12.07 14:50:36.275,0.98993,0.9902,1.50,1.12
2016.12.07 14:50:36.923,0.98993,0.99019,1.50,1.00
2016.12.07 14:50:36.974,0.98993,0.99019,1.12,1.75
2016.12.07 14:50:37.406,0.98994,0.99021,1.75,1.87
2016.12.07 14:50:38.024,0.98994,0.9902,1.75,1.00
2016.12.07 14:50:38.176,0.98994,0.9902,1.50,1.12
2016.12.07 14:50:38.276,0.98994,0.99021,1.12,2.25
2016.12.07 14:50:38.985,0.98993,0.9902,1.75,1.50
2016.12.07 14:50:39.287,0.98993,0.99016,1.75,1.00
2016.12.07 14:50:39.791,0.98994,0.99021,2.10,1.87
2016.12.07 14:50:39.892,0.98994,0.99021,1.35,1.00
2016.12.07 14:50:39.993,0.98994,0.99021,2.10,1.50
2016.12.07 14:50:40.144,0.98999,0.99024,1.00,1.75
2016.12.07 14:50:40.245,0.98999,0.99023,1.00,1.50
2016.12.07 14:50:40.469,0.99003,0.99026,1.00,1.00
2016.12.07 14:50:40.946,0.99003,0.99021,1.00,1.00
2016.12.07 14:50:41.047,0.98994,0.99021,1.75,1.00
2016.12.07 14:50:41.147,0.98994,0.99021,1.50,1.50
2016.12.07 14:50:41.248,0.98999,0.99024,1.00,2.25
2016.12.07 14:50:41.771,0.98994,0.99021,1.50,1.50
2016.12.07 14:50:42.322,0.98996,0.99021,1.00,1.50
2016.12.07 14:50:42.897,0.98995,0.99021,1.12,1.50
2016.12.07 14:50:44.390,0.98994,0.99021,2.25,1.00
2016.12.07 14:50:45.352,0.98997,0.99023,1.67,1.50
2016.12.07 14:50:48.801,0.98997,0.99021,1.67,1.00
2016.12.07 14:50:49.421,0.98997,0.99022,1.67,1.12
2016.12.07 14:50:49.956,0.98997,0.99021,1.67,1.00
2016.12.07 14:50:52.262,0.98997,0.99022,1.67,1.12
2016.12.07 14:50:56.037,0.98997,0.99022,1.35,1.12
2016.12.07 14:50:56.087,0.99,0.99024,1.30,1.12
2016.12.07 14:50:56.188,0.99002,0.99027,1.00,1.50
2016.12.07 14:50:58.076,0.99002,0.99027,1.30,1.37
2016.12.07 14:50:58.127,0.99001,0.99027,1.60,1.75
2016.12.07 14:50:58.177,0.99001,0.99026,2.10,1.00
2016.12.07 14:50:58.796,0.99002,0.99026,1.35,1.00
2016.12.07 14:50:59.098,0.99004,0.99026,1.75,1.00
2016.12.07 14:50:59.401,0.99003,0.99026,1.75,1.00
2016.12.07 14:50:59.997,0.99006,0.99026,1.00,1.00
2016.12.07 14:51:00.500,0.99003,0.99026,1.12,1.00
2016.12.07 14:51:00.661,0.99005,0.99026,1.00,1.00
2016.12.07 14:51:00.963,0.99006,0.99026,1.75,1.00
2016.12.07 14:51:01.114,0.99006,0.99031,1.75,1.00
2016.12.07 14:51:01.702,0.99006,0.99026,1.75,1.00
2016.12.07 14:51:02.312,0.99005,0.99026,1.75,1.00
2016.12.07 14:51:02.514,0.99007,0.99031,1.97,1.00
2016.12.07 14:51:02.614,0.99009,0.99031,2.10,1.00
2016.12.07 14:51:02.816,0.99009,0.99037,2.10,2.25
2016.12.07 14:51:03.604,0.99009,0.99031,1.35,1.00
2016.12.07 14:51:06.513,0.99008,0.99032,1.75,1.00
2016.12.07 14:51:07.292,0.99008,0.99036,1.75,1.50
2016.12.07 14:51:07.644,0.9901,0.99036,2.85,1.50
2016.12.07 14:51:07.846,0.99014,0.99041,1.50,1.75
2016.12.07 14:51:07.897,0.99014,0.99041,2.25,1.37
2016.12.07 14:51:08.434,0.99017,0.99041,1.00,1.00
2016.12.07 14:51:08.747,0.99017,0.99037,1.00,1.00
2016.12.07 14:51:09.102,0.99017,0.99037,1.35,1.00
2016.12.07 14:51:09.203,0.9902,0.99046,1.60,1.00
2016.12.07 14:51:09.355,0.9902,0.99046,1.00,1.00
2016.12.07 14:51:09.406,0.9902,0.99041,1.00,1.00
2016.12.07 14:51:09.657,0.99016,0.99041,1.75,1.00
2016.12.07 14:51:09.809,0.99017,0.99045,1.50,1.50
2016.12.07 14:51:09.909,0.99017,0.99041,1.50,1.00
2016.12.07 14:51:10.211,0.9902,0.99041,1.00,1.00
2016.12.07 14:51:12.055,0.99015,0.99041,1.75,1.00
2016.12.07 14:51:12.802,0.99015,0.99036,1.75,1.00
2016.12.07 14:51:12.904,0.99014,0.99042,1.75,1.00
2016.12.07 14:51:13.006,0.99015,0.99043,1.75,1.37
2016.12.07 14:51:13.057,0.99015,0.99043,1.37,1.75
2016.12.07 14:51:13.931,0.99013,0.99032,1.75,1.00
2016.12.07 14:51:14.032,0.99013,0.99041,1.75,1.37
2016.12.07 14:51:14.233,0.99013,0.99036,1.75,1.00
2016.12.07 14:51:14.334,0.99014,0.99041,1.50,1.87
2016.12.07 14:51:14.954,0.99016,0.99041,2.10,1.75
2016.12.07 14:51:15.055,0.9902,0.99046,1.60,1.75
2016.12.07 14:51:15.156,0.99023,0.99047,1.67,1.00
2016.12.07 14:51:15.257,0.99023,0.99047,1.35,1.00
2016.12.07 14:51:15.358,0.99023,0.99047,1.35,1.00
2016.12.07 14:51:15.862,0.9902,0.99047,1.75,1.50
2016.12.07 14:51:16.427,0.99019,0.99046,1.37,1.37
2016.12.07 14:51:23.050,0.99021,0.99046,1.00,1.00
2016.12.07 14:51:26.138,0.99019,0.99046,1.50,2.25
2016.12.07 14:51:26.368,0.99019,0.99046,1.75,1.87
2016.12.07 14:51:26.561,0.99019,0.99046,1.50,2.25
2016.12.07 14:51:27.337,0.99017,0.99042,2.25,1.00
2016.12.07 14:51:27.418,0.99018,0.99047,1.75,2.25
2016.12.07 14:51:28.421,0.99017,0.99036,1.75,1.00
2016.12.07 14:51:28.522,0.99017,0.99046,1.75,2.25
2016.12.07 14:51:30.370,0.99023,0.99047,1.00,1.75
2016.12.07 14:51:30.705,0.99024,0.99047,1.00,2.25
2016.12.07 14:51:30.756,0.99024,0.99047,1.00,1.50
2016.12.07 14:51:30.857,0.99024,0.99048,1.00,1.75
2016.12.07 14:51:30.958,0.99024,0.99049,1.00,1.75
2016.12.07 14:51:31.173,0.99024,0.99043,1.00,1.00
2016.12.07 14:51:31.697,0.99024,0.99046,1.00,1.00
2016.12.07 14:51:34.988,0.99024,0.99049,1.00,1.75
2016.12.07 14:51:35.747,0.99019,0.99046,3.00,1.00
2016.12.07 14:51:39.070,0.99024,0.99046,1.00,1.00
2016.12.07 14:51:39.839,0.99024,0.9905,1.00,1.00
2016.12.07 14:51:41.376,0.99023,0.99051,1.37,2.25
2016.12.07 14:51:41.578,0.99018,0.99044,2.10,1.00
2016.12.07 14:51:41.830,0.99024,0.99049,1.00,1.75
2016.12.07 14:51:41.984,0.99024,0.99049,1.00,1.50
2016.12.07 14:51:45.118,0.99024,0.99051,1.60,2.25
2016.12.07 14:51:45.269,0.99026,0.99052,1.00,1.50
2016.12.07 14:51:45.370,0.99026,0.99052,1.75,1.00
2016.12.07 14:51:45.853,0.99029,0.99056,1.00,2.25
2016.12.07 14:51:46.105,0.99029,0.99056,1.75,1.50
2016.12.07 14:51:48.830,0.99029,0.99056,1.75,1.87
2016.12.07 14:51:49.374,0.99033,0.99058,1.00,1.50
2016.12.07 14:51:49.885,0.99034,0.99058,1.00,1.00
2016.12.07 14:51:51.185,0.99034,0.99058,1.00,1.50
2016.12.07 14:51:51.779,0.99034,0.99056,1.00,1.00
2016.12.07 14:51:52.379,0.99034,0.99056,1.00,1.50
2016.12.07 14:51:52.958,0.99033,0.99056,1.00,1.00
2016.12.07 14:51:53.460,0.99029,0.99056,2.25,1.00
2016.12.07 14:51:53.745,0.99034,0.99056,1.00,1.00
2016.12.07 14:51:54.059,0.99029,0.99056,1.75,1.00
2016.12.07 14:51:54.578,0.99029,0.99056,1.50,1.87
2016.12.07 14:51:54.691,0.99029,0.99056,1.12,1.87
2016.12.07 14:51:54.792,0.99029,0.99055,1.50,1.50
2016.12.07 14:51:55.335,0.99029,0.99054,1.50,1.00
2016.12.07 14:51:55.436,0.99029,0.99052,1.50,1.00
2016.12.07 14:51:55.537,0.99024,0.99052,1.75,1.00
2016.12.07 14:51:55.704,0.99024,0.9905,1.00,1.00
2016.12.07 14:51:55.806,0.99027,0.99052,1.00,1.00
2016.12.07 14:51:57.186,0.99027,0.99051,1.00,1.00
2016.12.07 14:51:57.785,0.99027,0.99052,1.00,1.00
2016.12.07 14:51:58.132,0.99033,0.99056,1.35,1.00
2016.12.07 14:51:58.183,0.99034,0.9906,1.50,1.12
2016.12.07 14:51:58.334,0.99033,0.99058,1.75,1.00
2016.12.07 14:51:58.385,0.99034,0.99058,1.00,1.12
2016.12.07 14:51:58.978,0.9903,0.99057,1.35,1.00
2016.12.07 14:51:59.512,0.99034,0.99058,1.12,1.12
2016.12.07 14:51:59.947,0.9903,0.99056,1.35,1.00
2016.12.07 14:52:00.613,0.9903,0.99057,1.35,1.00
2016.12.07 14:52:01.061,0.9903,0.99052,1.35,1.00
2016.12.07 14:52:01.640,0.99031,0.99052,1.00,1.00
2016.12.07 14:52:02.927,0.9903,0.99052,1.30,1.00
2016.12.07 14:52:03.454,0.9903,0.99051,1.30,1.00
2016.12.07 14:52:03.562,0.9903,0.99056,1.30,2.25
2016.12.07 14:52:03.613,0.99029,0.99056,1.97,2.25
2016.12.07 14:52:03.915,0.9903,0.99056,1.30,2.25
2016.12.07 14:52:04.595,0.9903,0.99051,1.30,1.00
2016.12.07 14:52:05.511,0.99025,0.99051,1.75,1.00
2016.12.07 14:52:06.093,0.99028,0.99053,1.12,1.50
2016.12.07 14:52:06.490,0.99025,0.99046,1.75,1.00
2016.12.07 14:52:06.655,0.99025,0.99052,1.75,1.12
2016.12.07 14:52:07.504,0.99029,0.99053,1.00,1.50
2016.12.07 14:52:09.117,0.99025,0.99051,1.75,1.00
2016.12.07 14:52:09.171,0.99025,0.99047,1.75,1.00
2016.12.07 14:52:10.920,0.99025,0.99053,1.75,1.50
2016.12.07 14:52:11.547,0.99023,0.99049,1.75,1.00
2016.12.07 14:52:11.648,0.99022,0.99047,1.75,1.00
2016.12.07 14:52:11.799,0.99022,0.99049,1.75,1.00
2016.12.07 14:52:11.850,0.99022,0.99051,1.75,1.12
2016.12.07 14:52:12.361,0.99027,0.99052,1.12,1.00
2016.12.07 14:52:12.744,0.99027,0.99052,1.37,1.12
2016.12.07 14:52:12.844,0.99027,0.99052,1.00,1.50
2016.12.07 14:52:13.390,0.99026,0.99052,1.00,1.50
2016.12.07 14:52:14.160,0.99025,0.99052,1.75,1.12
2016.12.07 14:52:14.469,0.99027,0.99051,1.75,1.00
2016.12.07 14:52:14.621,0.99026,0.99051,1.50,1.00
2016.12.07 14:52:14.922,0.99024,0.99051,1.12,2.25
2016.12.07 14:52:15.334,0.99024,0.99049,1.00,1.37
2016.12.07 14:52:15.765,0.99024,0.99051,1.50,1.12
2016.12.07 14:52:16.058,0.99024,0.99051,2.85,1.12
2016.12.07 14:52:16.159,0.99028,0.99054,1.00,1.00
2016.12.07 14:52:16.370,0.99028,0.99052,1.00,1.00
2016.12.07 14:52:17.234,0.99026,0.99052,1.35,1.37
2016.12.07 14:52:17.812,0.99024,0.99052,2.10,1.50
2016.12.07 14:52:18.437,0.99024,0.99051,1.50,1.37
2016.12.07 14:52:21.214,0.99024,0.99051,2.10,1.37
2016.12.07 14:52:21.569,0.99029,0.99056,2.10,2.25
2016.12.07 14:52:21.887,0.99028,0.99056,2.10,2.25
2016.12.07 14:52:21.988,0.99028,0.99056,2.85,1.50
2016.12.07 14:52:22.745,0.99028,0.99056,2.10,1.50
2016.12.07 14:52:23.418,0.99027,0.99051,2.10,1.00
2016.12.07 14:52:23.519,0.99029,0.99056,2.10,2.25
2016.12.07 14:52:23.570,0.99029,0.99056,1.72,2.25
2016.12.07 14:52:25.917,0.99026,0.99052,2.10,1.00
2016.12.07 14:52:26.271,0.99025,0.99051,1.60,1.00
2016.12.07 14:52:26.523,0.99028,0.99051,1.00,1.00
2016.12.07 14:52:27.174,0.99029,0.99051,1.00,1.50
2016.12.07 14:52:27.530,0.99025,0.99051,1.00,1.50
2016.12.07 14:52:28.291,0.99025,0.99047,1.00,1.00
2016.12.07 14:52:29.124,0.99025,0.99051,1.00,1.50
2016.12.07 14:52:30.344,0.99025,0.99051,1.60,1.00
2016.12.07 14:52:30.595,0.99024,0.99052,1.75,1.12
2016.12.07 14:52:30.797,0.99024,0.9905,1.12,1.50
2016.12.07 14:52:31.491,0.99024,0.99048,1.12,1.00
2016.12.07 14:52:32.032,0.99024,0.99048,1.00,1.50
2016.12.07 14:52:32.696,0.99018,0.99047,3.00,1.12
2016.12.07 14:52:32.996,0.99018,0.99041,2.25,1.00
2016.12.07 14:52:34.454,0.99018,0.99041,1.75,1.00
2016.12.07 14:52:34.504,0.99018,0.99041,1.50,1.00
2016.12.07 14:52:34.605,0.99019,0.99046,1.37,1.50
2016.12.07 14:52:34.656,0.99019,0.99045,1.00,1.37
2016.12.07 14:52:34.706,0.99015,0.99042,1.30,1.50
2016.12.07 14:52:34.807,0.99019,0.99045,1.00,1.75
2016.12.07 14:52:34.908,0.9902,0.99046,1.60,2.25
2016.12.07 14:52:34.959,0.9902,0.99046,1.35,1.12
2016.12.07 14:52:36.014,0.99021,0.99047,1.67,1.12
2016.12.07 14:52:38.919,0.99021,0.99046,1.67,1.00
2016.12.07 14:52:40.715,0.99019,0.99045,1.12,1.37
2016.12.07 14:52:40.765,0.99021,0.99046,1.37,2.10
2016.12.07 14:52:41.509,0.9902,0.99046,1.50,1.00
2016.12.07 14:52:42.129,0.99019,0.99047,2.10,1.12
2016.12.07 14:52:42.632,0.99023,0.99047,1.00,1.12
2016.12.07 14:52:42.828,0.99019,0.99047,2.10,1.87
2016.12.07 14:52:43.309,0.99019,0.99046,2.10,2.25
2016.12.07 14:52:43.819,0.99021,0.99046,1.00,1.50
2016.12.07 14:52:44.756,0.99021,0.99047,1.00,2.25
2016.12.07 14:52:46.003,0.99019,0.99047,1.67,2.25
2016.12.07 14:52:46.053,0.99019,0.99045,1.35,1.00
2016.12.07 14:52:48.447,0.99019,0.99042,1.35,1.00
2016.12.07 14:52:48.660,0.99019,0.99045,1.35,1.00
2016.12.07 14:52:51.033,0.99019,0.99047,1.35,1.50
2016.12.07 14:52:52.427,0.99023,0.99048,1.00,1.75
2016.12.07 14:52:54.628,0.99023,0.99051,1.75,1.72
2016.12.07 14:52:56.165,0.99021,0.99046,1.35,1.00
2016.12.07 14:52:56.266,0.99021,0.99046,2.10,1.00
2016.12.07 14:52:56.317,0.99023,0.99046,1.37,1.00
2016.12.07 14:52:56.367,0.99023,0.99051,1.75,1.75
2016.12.07 14:52:59.033,0.99026,0.99052,1.12,1.12
2016.12.07 14:52:59.134,0.99023,0.99051,1.37,1.87
2016.12.07 14:52:59.235,0.99024,0.99051,1.00,3.00
2016.12.07 14:52:59.436,0.99024,0.9905,1.50,1.00
2016.12.07 14:53:03.473,0.99024,0.99051,1.12,2.25
2016.12.07 14:53:03.826,0.99025,0.99052,1.50,1.75
2016.12.07 14:53:04.128,0.99024,0.99051,1.00,2.25
2016.12.07 14:53:04.983,0.99024,0.9905,1.00,1.50
2016.12.07 14:53:05.083,0.99021,0.99047,1.50,1.50
2016.12.07 14:53:05.285,0.99024,0.99051,1.00,2.25
2016.12.07 14:53:05.436,0.99023,0.99052,2.25,1.75
2016.12.07 14:53:10.187,0.99023,0.99052,2.25,1.75
2016.12.07 14:53:10.238,0.99025,0.99051,1.50,1.00
2016.12.07 14:53:10.774,0.99026,0.99052,1.00,1.00
2016.12.07 14:53:12.054,0.99026,0.99051,1.00,1.00
2016.12.07 14:53:19.385,0.99025,0.99051,1.37,1.37
2016.12.07 14:53:21.359,0.99025,0.99051,1.37,1.00
2016.12.07 14:53:21.666,0.99027,0.99051,1.87,1.00
2016.12.07 14:53:21.950,0.99029,0.99051,1.00,1.00
2016.12.07 14:53:22.278,0.99026,0.99051,1.50,1.00
2016.12.07 14:53:25.070,0.99026,0.99052,1.00,1.00
2016.12.07 14:53:25.583,0.99025,0.99051,1.00,1.50
2016.12.07 14:53:26.948,0.99025,0.99051,1.37,1.12
2016.12.07 14:53:28.509,0.99026,0.99051,2.85,1.00
2016.12.07 14:53:28.610,0.99029,0.99056,2.10,1.50
2016.12.07 14:53:28.661,0.9903,0.99056,2.25,1.12
2016.12.07 14:53:28.962,0.99025,0.99052,2.62,1.37
2016.12.07 14:53:29.013,0.99024,0.99051,2.85,1.12
2016.12.07 14:53:29.214,0.99024,0.99047,2.10,1.00
2016.12.07 14:53:29.315,0.99024,0.99047,1.35,1.00
2016.12.07 14:53:29.677,0.99024,0.99051,2.10,1.50
2016.12.07 14:53:29.958,0.99024,0.99051,1.37,1.87
2016.12.07 14:53:30.009,0.99023,0.99049,1.50,1.00
2016.12.07 14:53:30.110,0.99023,0.99046,1.00,1.00
2016.12.07 14:53:31.203,0.99022,0.99046,2.25,1.00
2016.12.07 14:53:31.488,0.99029,0.99053,1.37,1.12
2016.12.07 14:53:31.589,0.99024,0.99047,1.75,1.00
2016.12.07 14:53:31.639,0.99027,0.99047,1.00,1.00
2016.12.07 14:53:31.790,0.99021,0.99047,1.50,1.50
2016.12.07 14:53:33.116,0.99024,0.99049,1.00,1.50
2016.12.07 14:53:33.166,0.99024,0.99051,1.37,1.50
2016.12.07 14:53:33.217,0.99025,0.99051,1.00,1.50
2016.12.07 14:53:33.267,0.99024,0.99051,1.75,1.12
2016.12.07 14:53:33.570,0.99022,0.99046,1.75,1.00
2016.12.07 14:53:33.922,0.99022,0.99048,1.75,1.00
2016.12.07 14:53:34.341,0.99024,0.9905,1.75,1.12
2016.12.07 14:53:34.492,0.99021,0.99042,1.75,1.00
2016.12.07 14:53:34.542,0.99022,0.99042,1.67,1.00
2016.12.07 14:53:34.593,0.99023,0.9905,1.37,1.75
2016.12.07 14:53:34.769,0.99022,0.99049,1.37,1.37
2016.12.07 14:53:34.819,0.99022,0.99045,1.00,1.12
2016.12.07 14:53:34.870,0.99018,0.99044,1.12,1.37
2016.12.07 14:53:35.021,0.99016,0.99042,1.50,1.50
2016.12.07 14:53:35.073,0.99017,0.99042,1.37,1.12
2016.12.07 14:53:35.124,0.99017,0.99045,1.75,1.50
2016.12.07 14:53:35.426,0.99019,0.99046,1.75,1.87
2016.12.07 14:53:35.577,0.99019,0.99043,1.75,1.00
2016.12.07 14:53:35.728,0.99017,0.99042,1.00,1.00
2016.12.07 14:53:36.323,0.99019,0.99042,1.00,1.00
2016.12.07 14:53:36.876,0.99019,0.99043,1.00,1.50
2016.12.07 14:53:37.480,0.99016,0.99046,3.60,1.50
2016.12.07 14:53:37.631,0.99022,0.99046,1.00,1.50
2016.12.07 14:53:37.682,0.99019,0.99045,1.37,1.72
2016.12.07 14:53:37.732,0.99016,0.99041,1.75,1.00
2016.12.07 14:53:38.028,0.99015,0.99043,1.75,1.00
2016.12.07 14:53:38.078,0.99016,0.99043,1.75,1.00
2016.12.07 14:53:38.229,0.99018,0.99043,1.37,1.00
2016.12.07 14:53:38.431,0.99015,0.99041,1.75,1.00
2016.12.07 14:53:38.944,0.99014,0.99041,3.00,1.00
2016.12.07 14:53:39.692,0.99013,0.99042,2.85,1.75
2016.12.07 14:53:41.597,0.99015,0.99041,1.35,1.12
2016.12.07 14:53:41.749,0.9902,0.99044,1.00,1.50
2016.12.07 14:53:42.152,0.9902,0.99046,2.47,1.37
2016.12.07 14:53:42.203,0.99023,0.99048,1.97,1.37
2016.12.07 14:53:42.254,0.99025,0.99049,1.00,1.00
2016.12.07 14:53:42.455,0.99025,0.99051,1.00,1.50
2016.12.07 14:53:42.556,0.99025,0.99048,1.00,1.00
2016.12.07 14:53:42.858,0.99019,0.99045,1.75,1.00
2016.12.07 14:53:43.028,0.99019,0.99045,1.37,1.12
2016.12.07 14:53:43.079,0.99018,0.99041,1.50,1.00
2016.12.07 14:53:43.623,0.99019,0.99047,1.37,1.50
2016.12.07 14:53:44.228,0.99019,0.99047,1.75,1.50
2016.12.07 14:53:44.329,0.99019,0.99046,1.50,1.00
2016.12.07 14:53:44.462,0.99021,0.99049,1.37,1.75
2016.12.07 14:53:44.979,0.99022,0.99047,1.00,1.00
2016.12.07 14:53:45.548,0.99023,0.99048,1.00,1.50
2016.12.07 14:53:45.962,0.99026,0.99052,2.10,1.50
2016.12.07 14:53:46.063,0.99025,0.99051,1.67,1.50
2016.12.07 14:53:46.214,0.99024,0.99051,1.75,1.30
2016.12.07 14:53:46.335,0.99023,0.9905,1.75,1.50
2016.12.07 14:53:46.898,0.99023,0.9905,1.50,1.50
2016.12.07 14:53:47.337,0.99025,0.99052,1.30,3.00
2016.12.07 14:53:47.538,0.99025,0.99046,1.30,1.00
2016.12.07 14:53:47.740,0.99025,0.99051,1.72,1.75
2016.12.07 14:53:47.891,0.99025,0.99052,1.72,1.75
2016.12.07 14:53:48.042,0.99025,0.99049,1.35,1.00
2016.12.07 14:53:48.628,0.99023,0.99049,2.25,1.00
2016.12.07 14:53:48.729,0.99023,0.9905,2.25,1.67
2016.12.07 14:53:48.880,0.99023,0.9905,1.87,1.35
2016.12.07 14:53:49.410,0.99024,0.99049,1.00,1.35
2016.12.07 14:53:49.662,0.99019,0.99042,1.75,1.00
2016.12.07 14:53:50.151,0.99018,0.99045,1.50,1.30
2016.12.07 14:53:50.202,0.99016,0.99045,1.75,2.85
2016.12.07 14:53:50.303,0.99015,0.99044,1.50,2.25
2016.12.07 14:53:50.353,0.99019,0.99044,1.00,1.75
2016.12.07 14:53:50.655,0.99019,0.99036,1.12,1.00
2016.12.07 14:53:51.063,0.99017,0.99041,1.50,1.00
2016.12.07 14:53:51.164,0.99014,0.99043,2.25,1.00
2016.12.07 14:53:51.272,0.99013,0.99042,2.25,1.50
2016.12.07 14:53:51.323,0.99014,0.9904,1.50,1.00
2016.12.07 14:53:51.726,0.9901,0.99041,1.75,2.25
2016.12.07 14:53:52.028,0.9901,0.99036,1.75,1.00
2016.12.07 14:53:52.790,0.99012,0.99037,1.50,1.00
2016.12.07 14:53:53.092,0.99013,0.99037,1.75,1.00
2016.12.07 14:53:53.243,0.99011,0.99036,2.25,1.00
2016.12.07 14:53:53.445,0.99014,0.99041,1.50,2.25
2016.12.07 14:53:53.647,0.99013,0.99036,1.75,1.00
2016.12.07 14:53:53.848,0.99011,0.99036,1.00,1.00
2016.12.07 14:53:54.150,0.99008,0.99033,1.37,1.00
2016.12.07 14:53:54.464,0.99009,0.99035,1.00,1.00
2016.12.07 14:53:54.967,0.9901,0.99035,1.00,1.00
2016.12.07 14:53:55.269,0.99014,0.99035,1.00,1.00
2016.12.07 14:53:56.186,0.99014,0.99039,1.00,1.75
2016.12.07 14:53:56.690,0.99011,0.99036,1.00,1.75
2016.12.07 14:53:57.093,0.99013,0.99036,1.00,1.75
2016.12.07 14:53:59.629,0.99013,0.99036,1.00,1.12
2016.12.07 14:54:00.163,0.99011,0.99036,1.50,1.12
2016.12.07 14:54:01.055,0.99011,0.99036,1.00,1.37
2016.12.07 14:54:01.145,0.9901,0.99037,1.00,1.75
2016.12.07 14:54:01.667,0.99009,0.99036,1.12,1.75
2016.12.07 14:54:03.374,0.99011,0.99036,1.00,1.75
2016.12.07 14:54:03.475,0.99011,0.99034,1.00,1.00
2016.12.07 14:54:04.006,0.99012,0.99036,1.12,1.37
2016.12.07 14:54:04.420,0.99014,0.99036,1.00,1.00
2016.12.07 14:54:04.959,0.99015,0.99036,1.00,1.00
2016.12.07 14:54:06.344,0.99015,0.99037,1.50,1.00
2016.12.07 14:54:07.375,0.99018,0.99041,1.00,1.67
2016.12.07 14:54:07.747,0.99019,0.99045,1.50,2.10
2016.12.07 14:54:08.149,0.99015,0.99041,1.75,1.00
2016.12.07 14:54:08.451,0.99012,0.99038,1.00,1.00
2016.12.07 14:54:08.653,0.99012,0.99036,1.50,1.00
2016.12.07 14:54:10.452,0.99012,0.99037,1.50,1.00
2016.12.07 14:54:10.955,0.99014,0.99038,1.00,1.00
2016.12.07 14:54:11.754,0.99012,0.99037,1.50,1.00
2016.12.07 14:54:13.356,0.99012,0.99036,1.50,1.00
2016.12.07 14:54:13.407,0.99012,0.99036,1.50,1.00
2016.12.07 14:54:13.825,0.99012,0.99036,1.75,1.00
2016.12.07 14:54:14.331,0.99012,0.99037,1.75,1.00
2016.12.07 14:54:14.492,0.99015,0.99037,1.00,1.00
2016.12.07 14:54:15.201,0.99012,0.99037,1.75,1.00
2016.12.07 14:54:15.402,0.99017,0.99041,1.00,1.00
2016.12.07 14:54:15.659,0.99019,0.99043,1.00,1.50
2016.12.07 14:54:15.983,0.99017,0.99036,1.00,1.00
2016.12.07 14:54:16.289,0.99019,0.99043,1.00,1.50
2016.12.07 14:54:16.390,0.99017,0.99042,1.00,1.00
2016.12.07 14:54:16.961,0.99017,0.99041,1.00,1.00
2016.12.07 14:54:17.495,0.99014,0.9904,1.50,1.00
2016.12.07 14:54:18.908,0.99014,0.99036,1.50,1.00
2016.12.07 14:54:20.038,0.99015,0.99036,1.00,1.00
2016.12.07 14:54:20.561,0.99014,0.99036,1.50,1.00
2016.12.07 14:54:21.069,0.99015,0.99037,1.00,1.00
2016.12.07 14:54:22.198,0.99015,0.99037,1.50,1.00
2016.12.07 14:54:22.870,0.99015,0.99036,1.50,1.00
2016.12.07 14:54:24.209,0.99015,0.99041,1.50,1.00
2016.12.07 14:54:24.754,0.99016,0.99042,1.12,1.12
2016.12.07 14:54:26.027,0.99016,0.99041,1.12,1.00
2016.12.07 14:54:27.967,0.99016,0.99041,1.72,1.00
2016.12.07 14:54:28.219,0.99019,0.99045,1.00,1.75
2016.12.07 14:54:30.092,0.99018,0.99042,1.00,1.12
2016.12.07 14:54:30.802,0.99018,0.99041,1.00,1.00
2016.12.07 14:54:31.313,0.99015,0.99041,2.25,1.00
2016.12.07 14:54:31.514,0.99014,0.99041,1.75,1.12
2016.12.07 14:54:31.565,0.99015,0.99041,1.00,1.50
2016.12.07 14:54:31.917,0.99016,0.99036,1.37,1.00
2016.12.07 14:54:32.441,0.99016,0.99036,1.12,1.00
2016.12.07 14:54:32.901,0.99016,0.99036,1.37,1.00
2016.12.07 14:54:33.304,0.99012,0.99041,2.25,1.12
2016.12.07 14:54:33.506,0.9901,0.99036,1.75,1.00
2016.12.07 14:54:33.557,0.99012,0.99036,1.00,1.00
2016.12.07 14:54:35.617,0.99014,0.99038,1.00,1.00
2016.12.07 14:54:35.919,0.99023,0.99051,1.72,2.25
2016.12.07 14:54:35.970,0.99023,0.99051,1.72,2.25
2016.12.07 14:54:36.140,0.99023,0.9905,1.75,1.72
2016.12.07 14:54:36.241,0.9902,0.99046,1.75,1.12
2016.12.07 14:54:36.552,0.99023,0.99046,1.37,1.00
2016.12.07 14:54:37.132,0.99023,0.99047,1.37,1.00
2016.12.07 14:54:38.040,0.99021,0.99047,1.50,1.50
2016.12.07 14:54:39.434,0.99021,0.99046,1.50,1.00
2016.12.07 14:54:40.839,0.99021,0.99036,1.50,1.00
2016.12.07 14:54:41.021,0.99021,0.99046,1.50,1.00
2016.12.07 14:54:41.699,0.99021,0.99047,1.00,1.50
2016.12.07 14:54:44.941,0.99023,0.99036,1.00,1.00
2016.12.07 14:54:45.243,0.9902,0.99046,1.75,1.30
2016.12.07 14:54:45.344,0.9902,0.99046,1.12,1.67
2016.12.07 14:54:45.866,0.9902,0.99046,1.50,1.30
2016.12.07 14:54:47.309,0.99019,0.99041,1.75,1.00
2016.12.07 14:54:47.415,0.99019,0.99046,1.75,1.30
2016.12.07 14:54:48.016,0.99021,0.99046,1.97,1.12
2016.12.07 14:54:48.117,0.99021,0.99042,1.97,1.00
2016.12.07 14:54:48.420,0.99022,0.99051,1.12,1.75
2016.12.07 14:54:48.622,0.99019,0.99042,2.10,1.00
2016.12.07 14:54:49.126,0.99019,0.99041,2.10,1.00
2016.12.07 14:54:49.251,0.99019,0.99041,2.10,1.00
2016.12.07 14:54:49.882,0.99019,0.99041,1.30,1.00
2016.12.07 14:54:50.141,0.99019,0.99047,1.12,1.75
2016.12.07 14:54:50.342,0.99019,0.99044,1.37,1.37
2016.12.07 14:54:50.393,0.99019,0.99048,2.25,1.00
2016.12.07 14:54:50.494,0.99022,0.99047,1.00,1.00
2016.12.07 14:54:50.745,0.99018,0.99047,1.75,1.87
2016.12.07 14:54:50.796,0.99018,0.99045,1.50,1.12
2016.12.07 14:54:51.370,0.99018,0.99045,2.25,1.00
2016.12.07 14:54:51.672,0.99016,0.99036,1.00,1.00
2016.12.07 14:54:51.723,0.99016,0.9904,1.00,1.00
2016.12.07 14:54:51.874,0.99013,0.99041,1.50,1.75
2016.12.07 14:54:52.239,0.99013,0.99042,2.25,1.50
2016.12.07 14:54:53.383,0.99013,0.9904,1.50,1.12
2016.12.07 14:54:53.433,0.99012,0.99031,2.85,1.00
2016.12.07 14:54:53.888,0.99012,0.99031,1.35,1.00
2016.12.07 14:54:56.854,0.99012,0.99036,1.35,1.00
2016.12.07 14:54:56.904,0.99012,0.99036,1.60,1.00
2016.12.07 14:54:57.005,0.99019,0.99041,1.00,1.50
2016.12.07 14:54:57.106,0.99018,0.99043,1.50,1.12
2016.12.07 14:54:57.156,0.99016,0.9904,1.67,1.00
2016.12.07 14:54:57.207,0.99016,0.9904,1.35,1.00
2016.12.07 14:54:57.358,0.99016,0.99042,1.00,1.00
2016.12.07 14:54:57.779,0.99016,0.99042,1.35,1.00
2016.12.07 14:54:58.260,0.99015,0.99043,1.97,1.37
2016.12.07 14:54:58.311,0.99014,0.99042,1.12,2.10
2016.12.07 14:54:58.563,0.99011,0.99036,1.75,1.00
2016.12.07 14:55:00.492,0.99011,0.99036,1.50,1.00
2016.12.07 14:55:00.860,0.99014,0.99037,1.00,1.00
2016.12.07 14:55:01.376,0.99013,0.99037,1.00,1.00
2016.12.07 14:55:01.477,0.99013,0.99039,1.50,1.00
2016.12.07 14:55:01.983,0.99013,0.99038,1.00,1.00
2016.12.07 14:55:02.304,0.99013,0.99041,1.50,1.50
2016.12.07 14:55:03.777,0.99015,0.99041,1.00,1.50
2016.12.07 14:55:03.929,0.99016,0.99042,1.67,1.12
2016.12.07 14:55:04.080,0.99018,0.99046,1.37,2.25
2016.12.07 14:55:04.181,0.9902,0.99046,1.00,1.50
2016.12.07 14:55:04.281,0.99024,0.99045,1.00,1.00
2016.12.07 14:55:04.487,0.99019,0.99045,1.00,1.50
2016.12.07 14:55:04.789,0.99018,0.99042,1.12,1.37
2016.12.07 14:55:04.947,0.99014,0.99041,2.25,1.50
2016.12.07 14:55:05.380,0.99017,0.99046,1.37,1.75
2016.12.07 14:55:05.632,0.99019,0.99044,1.12,1.37
2016.12.07 14:55:06.744,0.99018,0.99041,1.37,1.00
2016.12.07 14:55:06.945,0.99021,0.99046,1.00,1.00
2016.12.07 14:55:07.533,0.99021,0.99045,1.00,1.00
2016.12.07 14:55:08.044,0.99021,0.99041,1.00,1.00
2016.12.07 14:55:08.285,0.99021,0.99046,1.00,1.00
2016.12.07 14:55:08.486,0.99019,0.99046,1.75,1.00
2016.12.07 14:55:08.587,0.99021,0.99047,1.00,2.25
2016.12.07 14:55:08.788,0.99019,0.99046,2.25,1.37
2016.12.07 14:55:08.889,0.99019,0.99045,1.50,1.50
2016.12.07 14:55:08.990,0.99013,0.99042,4.12,1.37
2016.12.07 14:55:09.091,0.99015,0.99041,1.00,1.00
2016.12.07 14:55:09.192,0.99013,0.99042,3.00,1.37
2016.12.07 14:55:09.397,0.99015,0.99042,1.12,1.50
2016.12.07 14:55:09.823,0.99011,0.9904,1.50,1.75
2016.12.07 14:55:09.924,0.9901,0.99041,1.75,2.25
2016.12.07 14:55:11.120,0.9901,0.99036,1.75,1.00
2016.12.07 14:55:11.475,0.9901,0.99032,1.50,1.00
2016.12.07 14:55:11.621,0.9901,0.99032,1.50,1.00
2016.12.07 14:55:11.673,0.99013,0.99038,1.00,1.75
2016.12.07 14:55:12.980,0.99008,0.99032,1.75,1.00
2016.12.07 14:55:13.376,0.99008,0.99037,2.25,1.75
2016.12.07 14:55:13.970,0.99009,0.99031,1.35,1.00
2016.12.07 14:55:14.580,0.99009,0.99032,1.35,1.00
2016.12.07 14:55:16.391,0.99009,0.99031,1.35,1.00
2016.12.07 14:55:16.726,0.99015,0.99036,1.35,1.00
2016.12.07 14:55:17.278,0.99015,0.99037,1.35,1.00
2016.12.07 14:55:17.806,0.99016,0.99036,1.67,1.00
2016.12.07 14:55:18.259,0.99013,0.99031,1.75,1.00
2016.12.07 14:55:19.066,0.99013,0.99031,1.75,1.00
2016.12.07 14:55:19.300,0.99014,0.9904,1.75,1.00
2016.12.07 14:55:20.068,0.99013,0.99031,1.75,1.00
2016.12.07 14:55:20.169,0.99013,0.9904,2.25,1.00
2016.12.07 14:55:20.776,0.99013,0.99031,1.75,1.00
2016.12.07 14:55:21.422,0.99011,0.99032,2.10,1.00
2016.12.07 14:55:23.575,0.99014,0.9904,1.75,1.00
2016.12.07 14:55:24.175,0.99012,0.99031,1.75,1.00
2016.12.07 14:55:24.317,0.99013,0.9904,1.75,1.00
2016.12.07 14:55:25.688,0.99012,0.99032,1.75,1.00
2016.12.07 14:55:27.367,0.99011,0.99032,1.75,1.00
2016.12.07 14:55:28.209,0.99009,0.99037,2.62,1.50
2016.12.07 14:55:28.896,0.99009,0.99036,3.37,1.00
2016.12.07 14:55:31.808,0.99009,0.99035,3.37,1.00
2016.12.07 14:55:31.963,0.99007,0.99026,1.75,1.00
2016.12.07 14:55:32.013,0.99009,0.99032,1.75,1.35
2016.12.07 14:55:32.165,0.99009,0.99032,1.12,1.35
2016.12.07 14:55:32.666,0.99005,0.99031,1.75,1.00
2016.12.07 14:55:38.498,0.99005,0.99031,1.50,1.12
2016.12.07 14:55:39.657,0.99005,0.99031,1.75,1.12
2016.12.07 14:55:40.284,0.99005,0.99031,1.75,1.00
2016.12.07 14:55:41.943,0.99004,0.99026,1.75,1.00
2016.12.07 14:55:42.158,0.99004,0.99031,2.25,1.00
2016.12.07 14:55:42.410,0.99004,0.99032,2.25,2.10
2016.12.07 14:55:42.511,0.99004,0.99029,1.12,2.25
2016.12.07 14:55:42.899,0.99004,0.99028,1.00,1.75
2016.12.07 14:55:43.050,0.99001,0.99027,1.12,1.50
2016.12.07 14:55:44.070,0.99001,0.99027,1.50,1.37
2016.12.07 14:55:44.120,0.99001,0.99027,1.75,1.00
2016.12.07 14:55:45.548,0.99001,0.99027,1.75,1.37
2016.12.07 14:55:46.052,0.99001,0.99027,1.37,1.37
2016.12.07 14:55:46.968,0.98999,0.99028,2.25,1.75
2016.12.07 14:55:47.019,0.98998,0.99026,2.25,1.75
2016.12.07 14:55:47.771,0.98998,0.99027,3.00,1.37
2016.12.07 14:55:47.821,0.98998,0.99027,3.00,1.12
2016.12.07 14:55:48.418,0.98999,0.99026,2.25,1.00
2016.12.07 14:55:49.064,0.98999,0.99026,1.75,2.10
2016.12.07 14:55:49.215,0.98999,0.99024,1.12,1.00
2016.12.07 14:55:49.724,0.98998,0.99025,1.50,1.35
2016.12.07 14:55:50.973,0.98998,0.99025,1.50,1.72
2016.12.07 14:55:51.610,0.98998,0.99024,1.50,1.00
2016.12.07 14:55:53.025,0.98998,0.99024,1.75,1.00
2016.12.07 14:55:53.327,0.98996,0.9902,1.00,1.00
2016.12.07 14:55:53.837,0.98996,0.99019,1.00,1.00
2016.12.07 14:55:54.396,0.98996,0.9902,1.00,1.00
2016.12.07 14:55:54.969,0.98996,0.99016,1.00,1.00
2016.12.07 14:55:55.070,0.98994,0.99021,1.37,1.50
2016.12.07 14:55:55.170,0.98995,0.99016,2.47,1.00
2016.12.07 14:55:55.271,0.98997,0.99021,2.10,1.00
2016.12.07 14:55:55.422,0.98999,0.99021,2.25,1.00
2016.12.07 14:55:55.573,0.98998,0.99027,1.75,1.60
2016.12.07 14:55:55.729,0.98994,0.99023,1.75,1.00
2016.12.07 14:55:56.041,0.98994,0.99016,1.75,1.00
2016.12.07 14:55:58.357,0.98994,0.99025,2.25,1.75
2016.12.07 14:55:58.883,0.98994,0.99021,2.25,1.00
2016.12.07 14:56:00.306,0.98996,0.99021,1.75,1.00
2016.12.07 14:56:00.357,0.98997,0.99025,1.75,1.12
2016.12.07 14:56:00.609,0.99003,0.99027,1.00,1.75
2016.12.07 14:56:00.760,0.99003,0.99031,2.25,1.00
2016.12.07 14:56:02.017,0.99006,0.99031,2.25,1.00
2016.12.07 14:56:02.477,0.99006,0.99026,1.75,1.00
2016.12.07 14:56:02.628,0.99005,0.99026,1.75,1.00
2016.12.07 14:56:02.930,0.99003,0.99026,4.12,1.00
2016.12.07 14:56:03.030,0.99003,0.99026,1.75,1.00
2016.12.07 14:56:03.389,0.99004,0.99031,1.75,1.12
2016.12.07 14:56:04.081,0.99003,0.99026,2.25,1.00
2016.12.07 14:56:04.182,0.99009,0.99034,1.00,1.75
2016.12.07 14:56:04.333,0.99008,0.99035,1.75,1.00
2016.12.07 14:56:04.912,0.99009,0.99036,2.25,1.00
2016.12.07 14:56:05.354,0.99011,0.99036,1.75,1.00
2016.12.07 14:56:05.669,0.99011,0.99032,1.75,1.00
2016.12.07 14:56:06.153,0.99015,0.99037,1.12,1.00
2016.12.07 14:56:06.254,0.99015,0.99037,1.75,1.00
2016.12.07 14:56:06.556,0.99016,0.99042,1.75,1.00
2016.12.07 14:56:07.077,0.99016,0.99041,1.75,1.00
2016.12.07 14:56:07.550,0.99016,0.99036,1.75,1.00
2016.12.07 14:56:07.654,0.99014,0.99041,1.75,1.00
2016.12.07 14:56:08.157,0.99014,0.99041,1.75,1.00
2016.12.07 14:56:08.258,0.99014,0.99036,1.75,1.00
2016.12.07 14:56:08.459,0.99014,0.99042,1.75,1.50
2016.12.07 14:56:08.761,0.99012,0.99037,2.62,1.00
2016.12.07 14:56:08.862,0.99009,0.99036,1.75,1.50
2016.12.07 14:56:09.253,0.99009,0.99036,1.75,1.50
2016.12.07 14:56:09.457,0.99009,0.99031,1.75,1.00
2016.12.07 14:56:09.657,0.99009,0.99036,1.75,1.00
2016.12.07 14:56:10.160,0.99013,0.99041,1.75,2.25
2016.12.07 14:56:10.469,0.99014,0.99041,1.75,1.50
2016.12.07 14:56:11.287,0.99014,0.9904,1.75,1.00
2016.12.07 14:56:11.388,0.99013,0.99039,1.75,1.00
2016.12.07 14:56:11.489,0.99017,0.99037,1.00,1.00
2016.12.07 14:56:11.540,0.99011,0.99037,1.75,1.00
2016.12.07 14:56:12.065,0.9901,0.99037,1.75,1.00
2016.12.07 14:56:12.493,0.9901,0.99035,1.75,1.00
2016.12.07 14:56:13.231,0.9901,0.99034,1.75,1.00
2016.12.07 14:56:13.671,0.99008,0.99037,1.75,1.50
2016.12.07 14:56:13.873,0.99008,0.99037,1.75,1.87
2016.12.07 14:56:13.951,0.99008,0.99035,1.75,1.00
2016.12.07 14:56:14.359,0.9901,0.99035,1.00,1.00
2016.12.07 14:56:14.688,0.99009,0.99035,1.75,1.00
2016.12.07 14:56:14.789,0.99012,0.99038,1.00,1.00
2016.12.07 14:56:14.840,0.99014,0.99038,1.00,1.00
2016.12.07 14:56:15.142,0.99017,0.99036,1.75,1.00
2016.12.07 14:56:15.350,0.99015,0.99036,1.75,1.00
2016.12.07 14:56:15.501,0.99015,0.99042,1.75,1.50
2016.12.07 14:56:15.803,0.99015,0.99037,1.75,1.00
2016.12.07 14:56:16.111,0.99015,0.99042,1.75,1.00
2016.12.07 14:56:16.414,0.99015,0.99037,1.75,1.00
2016.12.07 14:56:16.705,0.99015,0.99041,1.75,1.00
2016.12.07 14:56:17.083,0.99015,0.99036,2.25,1.00
2016.12.07 14:56:17.412,0.99015,0.99041,2.25,1.00
2016.12.07 14:56:17.711,0.99015,0.99037,2.25,1.00
2016.12.07 14:56:17.972,0.99015,0.99042,2.25,1.00
2016.12.07 14:56:18.274,0.99016,0.99036,1.75,1.00
2016.12.07 14:56:18.594,0.99015,0.99041,1.75,1.00
2016.12.07 14:56:18.769,0.99015,0.99041,1.75,1.00
2016.12.07 14:56:18.871,0.99015,0.99041,2.25,1.00
2016.12.07 14:56:19.224,0.99018,0.99041,1.50,1.00
2016.12.07 14:56:19.526,0.99022,0.99041,1.00,1.00
2016.12.07 14:56:21.019,0.99022,0.99042,1.00,1.00
2016.12.07 14:56:21.402,0.99018,0.99042,1.50,1.00
2016.12.07 14:56:21.604,0.99018,0.99042,1.75,1.00
2016.12.07 14:56:21.890,0.99016,0.99042,2.25,1.00
2016.12.07 14:56:22.454,0.99016,0.99041,2.25,1.00
2016.12.07 14:56:23.982,0.99016,0.99042,2.25,1.00
2016.12.07 14:56:24.657,0.99016,0.99041,2.25,1.00
2016.12.07 14:56:25.693,0.99021,0.99041,1.00,1.00
2016.12.07 14:56:25.794,0.99022,0.99046,1.50,1.00
2016.12.07 14:56:25.983,0.99024,0.99046,1.37,1.00
2016.12.07 14:56:26.302,0.99023,0.99046,2.25,1.00
2016.12.07 14:56:26.503,0.99024,0.99046,1.00,1.00
2016.12.07 14:56:27.008,0.99019,0.99041,1.75,1.00
2016.12.07 14:56:27.931,0.99018,0.99042,1.75,1.00
2016.12.07 14:56:28.633,0.99018,0.99042,2.25,1.00
2016.12.07 14:56:31.554,0.99018,0.99041,1.75,1.00
2016.12.07 14:56:31.655,0.9902,0.99046,1.50,1.35
2016.12.07 14:56:31.907,0.99016,0.99045,1.75,1.35
2016.12.07 14:56:32.059,0.99017,0.99042,1.75,1.00
2016.12.07 14:56:32.576,0.99017,0.99041,1.75,1.00
2016.12.07 14:56:33.150,0.99017,0.99047,1.75,1.50
2016.12.07 14:56:33.452,0.99016,0.99041,2.25,1.00
2016.12.07 14:56:36.139,0.99016,0.99041,2.25,1.00
2016.12.07 14:56:37.023,0.99016,0.99036,2.25,1.00
2016.12.07 14:56:37.957,0.99014,0.99041,1.75,1.00
2016.12.07 14:56:38.494,0.99016,0.99041,2.25,1.00
2016.12.07 14:56:39.760,0.99016,0.99042,2.25,1.00
2016.12.07 14:56:42.958,0.99016,0.99045,2.25,1.72
2016.12.07 14:56:43.236,0.99016,0.99041,1.75,1.00
2016.12.07 14:56:44.279,0.99014,0.99037,2.25,1.00
2016.12.07 14:56:44.837,0.99016,0.99036,1.75,1.00
2016.12.07 14:56:46.939,0.99016,0.99037,1.75,1.00
2016.12.07 14:56:47.040,0.99017,0.99045,1.50,1.75
2016.12.07 14:56:47.141,0.99016,0.99041,1.75,1.00
2016.12.07 14:56:47.807,0.99015,0.99042,1.75,1.50
2016.12.07 14:56:48.291,0.99013,0.99042,3.00,1.87
2016.12.07 14:56:48.779,0.99015,0.99045,1.35,1.75
2016.12.07 14:56:49.081,0.99018,0.99042,2.25,1.00
2016.12.07 14:56:50.183,0.99019,0.99046,2.25,1.00
2016.12.07 14:56:51.341,0.99019,0.99046,2.25,1.12
2016.12.07 14:56:51.572,0.99019,0.99041,1.75,1.00
2016.12.07 14:56:51.870,0.99019,0.99047,1.75,1.72
2016.12.07 14:56:52.176,0.99018,0.99041,1.75,1.00
2016.12.07 14:56:54.167,0.99019,0.99041,1.50,1.00
2016.12.07 14:56:54.691,0.99018,0.99041,1.67,1.00
2016.12.07 14:56:54.792,0.99019,0.99046,1.12,1.50
2016.12.07 14:56:54.843,0.9902,0.99046,1.87,1.50
2016.12.07 14:56:55.044,0.99017,0.99048,2.25,2.10
2016.12.07 14:56:55.246,0.99016,0.99045,1.50,1.87
2016.12.07 14:56:55.296,0.99016,0.99041,1.12,1.50
2016.12.07 14:56:58.839,0.99014,0.99041,2.25,2.10
2016.12.07 14:56:58.940,0.99012,0.99041,1.50,1.60
2016.12.07 14:56:58.990,0.99012,0.99032,2.25,1.00
2016.12.07 14:56:59.091,0.99012,0.99037,1.75,1.00
2016.12.07 14:56:59.749,0.9901,0.99037,1.75,1.37
2016.12.07 14:56:59.849,0.9901,0.99037,1.50,2.10
2016.12.07 14:57:00.202,0.99008,0.99032,2.25,1.00
2016.12.07 14:57:00.699,0.99008,0.99027,2.25,1.00
2016.12.07 14:57:03.205,0.9901,0.99027,1.75,1.00
2016.12.07 14:57:04.685,0.99012,0.99036,1.00,1.35
2016.12.07 14:57:04.887,0.99012,0.99031,1.00,1.00
2016.12.07 14:57:06.775,0.99012,0.99032,1.00,1.00
2016.12.07 14:57:08.598,0.99009,0.99032,1.75,1.00
2016.12.07 14:57:09.219,0.99012,0.99032,1.75,1.00
2016.12.07 14:57:09.850,0.99012,0.99032,1.75,1.00
2016.12.07 14:57:10.523,0.99012,0.99031,1.75,1.00
2016.12.07 14:57:10.574,0.99012,0.99031,1.75,1.00
2016.12.07 14:57:10.675,0.99012,0.99036,1.75,1.00
2016.12.07 14:57:12.281,0.9901,0.99032,2.25,1.00
2016.12.07 14:57:13.512,0.99011,0.99031,1.75,1.00
2016.12.07 14:57:14.017,0.99011,0.99032,1.75,1.00
2016.12.07 14:57:15.611,0.99012,0.99032,2.10,1.00
2016.12.07 14:57:16.025,0.99012,0.99036,2.10,1.00
2016.12.07 14:57:17.797,0.99013,0.99036,1.50,1.00
2016.12.07 14:57:19.725,0.99013,0.9904,1.50,1.37
2016.12.07 14:57:19.826,0.99014,0.99036,1.37,1.00
2016.12.07 14:57:20.170,0.99014,0.99037,1.75,1.00
2016.12.07 14:57:21.416,0.99015,0.99036,1.50,1.00
2016.12.07 14:57:21.687,0.99015,0.99036,1.75,1.00
2016.12.07 14:57:24.212,0.99015,0.99036,1.50,1.00
2016.12.07 14:57:24.742,0.99015,0.99036,1.50,1.00
2016.12.07 14:57:24.793,0.99015,0.99036,1.75,1.00
2016.12.07 14:57:25.194,0.99015,0.99041,2.10,1.00
2016.12.07 14:57:25.808,0.99015,0.99036,1.75,1.00
2016.12.07 14:57:26.295,0.99014,0.99045,1.75,2.10
2016.12.07 14:57:26.733,0.99014,0.99042,1.75,1.75
2016.12.07 14:57:27.812,0.99019,0.99046,1.00,2.25
2016.12.07 14:57:28.115,0.99018,0.99042,2.25,1.00
2016.12.07 14:57:28.422,0.9902,0.99036,1.00,1.00
2016.12.07 14:57:29.732,0.99015,0.99036,1.00,1.00
2016.12.07 14:57:30.250,0.99014,0.99036,1.75,1.00
2016.12.07 14:57:31.852,0.99017,0.99031,1.00,1.00
2016.12.07 14:57:33.646,0.99016,0.99042,1.35,1.00
2016.12.07 14:57:33.697,0.99018,0.99042,1.50,1.00
2016.12.07 14:57:33.999,0.99022,0.99041,2.10,1.00
2016.12.07 14:57:34.301,0.99022,0.99041,1.35,1.00
2016.12.07 14:57:34.352,0.99024,0.99041,1.00,1.00
2016.12.07 14:57:35.918,0.99024,0.99047,1.00,1.00
2016.12.07 14:57:36.153,0.99024,0.99042,1.00,1.00
2016.12.07 14:57:36.788,0.99024,0.99041,1.00,1.00
2016.12.07 14:57:39.122,0.99024,0.99046,1.00,1.00
2016.12.07 14:57:39.815,0.99024,0.99041,1.00,1.00
2016.12.07 14:57:39.958,0.99024,0.99047,1.00,1.00
2016.12.07 14:57:40.160,0.99024,0.99041,1.00,1.00
2016.12.07 14:57:41.862,0.99024,0.99046,1.00,1.00
2016.12.07 14:57:42.013,0.99024,0.99046,1.60,1.00
2016.12.07 14:57:42.315,0.99027,0.99046,1.35,1.00
2016.12.07 14:57:42.517,0.99027,0.99046,1.30,1.00
2016.12.07 14:57:43.026,0.99027,0.99047,1.30,1.00
2016.12.07 14:57:43.719,0.99027,0.99046,1.30,1.00
2016.12.07 14:57:44.045,0.99025,0.99052,1.75,1.30
2016.12.07 14:57:44.146,0.99025,0.99047,2.25,1.00
2016.12.07 14:57:44.448,0.99021,0.99042,1.75,1.00
2016.12.07 14:57:47.635,0.99022,0.99041,2.25,1.00
2016.12.07 14:57:47.837,0.99022,0.99047,1.75,1.00
2016.12.07 14:57:48.395,0.99022,0.99046,1.75,1.00
2016.12.07 14:57:50.120,0.99023,0.99046,2.10,1.00
2016.12.07 14:57:50.272,0.99025,0.99042,2.47,1.00
2016.12.07 14:57:50.574,0.99036,0.99052,1.35,1.00
2016.12.07 14:57:50.776,0.99038,0.99056,1.50,1.00
2016.12.07 14:57:51.316,0.9904,0.99056,1.00,1.00
2016.12.07 14:57:52.055,0.99039,0.99056,1.12,1.00
2016.12.07 14:57:52.716,0.9904,0.99056,1.50,1.00
2016.12.07 14:57:55.077,0.9904,0.99051,1.50,1.00
2016.12.07 14:57:56.695,0.99041,0.99051,1.00,1.00
2016.12.07 14:57:56.745,0.99041,0.99056,1.35,1.00
2016.12.07 14:57:57.397,0.99041,0.99056,1.72,1.00
2016.12.07 14:57:57.497,0.99041,0.9907,2.10,2.25
2016.12.07 14:57:57.914,0.99041,0.9907,1.35,4.50
2016.12.07 14:57:58.843,0.9904,0.99067,1.12,2.85
2016.12.07 14:57:59.145,0.9904,0.99051,1.12,1.00
2016.12.07 14:58:00.381,0.99037,0.99056,1.75,1.00
2016.12.07 14:58:00.656,0.99036,0.99056,1.67,1.00
2016.12.07 14:58:00.857,0.99035,0.99056,1.00,1.00
2016.12.07 14:58:01.109,0.99038,0.99056,2.10,1.00
2016.12.07 14:58:01.160,0.99038,0.99061,2.10,1.00
2016.12.07 14:58:01.311,0.99042,0.99066,2.10,1.00
2016.12.07 14:58:01.463,0.99042,0.9907,2.10,1.50
2016.12.07 14:58:01.564,0.99039,0.99066,2.25,1.00
2016.12.07 14:58:01.614,0.99035,0.99063,1.75,1.00
2016.12.07 14:58:01.814,0.99033,0.99062,3.37,1.37
2016.12.07 14:58:01.866,0.99033,0.99062,1.50,1.75
2016.12.07 14:58:01.967,0.99033,0.99056,1.50,1.00
2016.12.07 14:58:02.906,0.99033,0.99062,1.50,1.75
2016.12.07 14:58:03.748,0.99036,0.99062,1.00,1.00
2016.12.07 14:58:04.631,0.99036,0.99062,2.85,1.00
2016.12.07 14:58:04.933,0.9904,0.99061,1.35,1.00
2016.12.07 14:58:05.452,0.99039,0.99062,1.35,1.00
2016.12.07 14:58:05.906,0.99034,0.99056,2.62,1.00
2016.12.07 14:58:05.956,0.99036,0.99056,1.00,1.00
2016.12.07 14:58:10.554,0.99031,0.99056,2.10,1.00
2016.12.07 14:58:10.756,0.99032,0.99056,1.75,1.00
2016.12.07 14:58:13.166,0.99033,0.99056,1.00,1.00
2016.12.07 14:58:13.317,0.99035,0.99056,1.00,1.00
2016.12.07 14:58:13.683,0.99033,0.99052,1.75,1.00
2016.12.07 14:58:14.951,0.99031,0.99052,2.10,1.00
2016.12.07 14:58:15.303,0.99031,0.99057,1.67,1.50
2016.12.07 14:58:16.069,0.9903,0.99051,2.10,1.00
2016.12.07 14:58:18.274,0.9903,0.99046,1.00,1.00
2016.12.07 14:58:18.325,0.99026,0.99045,1.00,1.00
2016.12.07 14:58:18.376,0.99017,0.99045,2.25,1.00
2016.12.07 14:58:18.477,0.99017,0.99037,1.75,1.00
2016.12.07 14:58:18.578,0.99014,0.99037,1.75,1.00
2016.12.07 14:58:19.164,0.99017,0.99036,1.00,1.00
2016.12.07 14:58:19.340,0.99015,0.99036,2.25,1.00
2016.12.07 14:58:20.574,0.99015,0.99037,2.25,1.00
2016.12.07 14:58:21.252,0.99014,0.99037,2.25,1.00
2016.12.07 14:58:21.782,0.99012,0.99036,1.75,1.00
2016.12.07 14:58:26.801,0.99011,0.99037,1.00,2.10
2016.12.07 14:58:26.852,0.99011,0.99033,1.00,1.00
2016.12.07 14:58:27.003,0.99005,0.99032,1.75,1.00
2016.12.07 14:58:27.536,0.99005,0.99031,1.75,1.00
2016.12.07 14:58:29.268,0.99005,0.99031,1.75,1.00
2016.12.07 14:58:30.127,0.99005,0.99026,1.00,1.00
2016.12.07 14:58:30.177,0.98996,0.99026,1.75,1.12
2016.12.07 14:58:30.479,0.98997,0.99026,1.75,1.00
2016.12.07 14:58:30.715,0.98997,0.99026,1.75,1.12
2016.12.07 14:58:30.895,0.98997,0.99016,1.75,1.00
2016.12.07 14:58:30.996,0.99002,0.99021,1.00,1.00
2016.12.07 14:58:31.097,0.98992,0.99021,3.37,1.00
2016.12.07 14:58:31.197,0.9899,0.99021,1.75,1.50
2016.12.07 14:58:31.732,0.9899,0.99019,1.75,1.00
2016.12.07 14:58:32.476,0.9899,0.9902,1.75,1.75
2016.12.07 14:58:33.104,0.9899,0.99017,1.75,1.00
2016.12.07 14:58:33.684,0.9899,0.99017,1.75,1.00
2016.12.07 14:58:34.054,0.98997,0.99016,1.00,1.00
2016.12.07 14:58:35.609,0.98995,0.99016,2.25,1.00
2016.12.07 14:58:35.810,0.98994,0.99016,1.75,1.00
2016.12.07 14:58:35.911,0.98991,0.99016,2.85,1.00
2016.12.07 14:58:36.154,0.98988,0.99016,2.25,1.00
2016.12.07 14:58:37.730,0.98989,0.99017,1.75,1.00
2016.12.07 14:58:37.932,0.98989,0.99017,1.75,1.00
2016.12.07 14:58:38.236,0.98997,0.99016,1.00,1.00
2016.12.07 14:58:38.337,0.98997,0.99022,1.50,1.00
2016.12.07 14:58:38.589,0.98993,0.99022,1.75,1.37
2016.12.07 14:58:39.193,0.98998,0.99021,1.00,1.00
2016.12.07 14:58:40.320,0.98998,0.99022,1.00,1.00
2016.12.07 14:58:40.622,0.98992,0.99022,1.75,1.12
2016.12.07 14:58:41.090,0.98992,0.9902,1.75,1.00
2016.12.07 14:58:41.394,0.98989,0.99016,1.75,1.00
2016.12.07 14:58:43.648,0.98989,0.99017,1.75,1.87
2016.12.07 14:58:44.155,0.98989,0.99016,1.75,1.00
2016.12.07 14:58:44.478,0.98991,0.99016,1.75,1.00
2016.12.07 14:58:44.528,0.98991,0.99018,1.75,1.00
2016.12.07 14:58:45.031,0.9899,0.99017,1.75,1.00
2016.12.07 14:58:45.501,0.98993,0.99016,1.00,1.00
2016.12.07 14:58:46.066,0.98993,0.99018,1.00,1.00
2016.12.07 14:58:46.268,0.98993,0.99016,1.00,1.00
2016.12.07 14:58:46.782,0.98988,0.99016,1.75,1.12
2016.12.07 14:58:47.108,0.98988,0.99017,2.25,1.00
2016.12.07 14:58:47.209,0.98988,0.99017,2.25,1.12
2016.12.07 14:58:47.511,0.98989,0.99016,1.75,1.00
2016.12.07 14:58:48.052,0.98989,0.99016,1.75,1.50
2016.12.07 14:58:48.505,0.98989,0.99016,1.75,1.37
2016.12.07 14:58:48.657,0.98992,0.99016,1.00,1.00
2016.12.07 14:58:50.272,0.98992,0.99017,1.00,1.00
2016.12.07 14:58:50.323,0.98991,0.99017,1.75,1.00
2016.12.07 14:58:50.637,0.98993,0.99021,1.75,1.12
2016.12.07 14:58:50.688,0.9899,0.99017,2.62,1.00
2016.12.07 14:58:50.739,0.98988,0.99017,2.25,1.00
2016.12.07 14:58:51.240,0.98988,0.9902,2.25,1.75
2016.12.07 14:58:51.640,0.98989,0.99016,1.75,1.00
2016.12.07 14:58:52.171,0.98989,0.99017,1.75,1.00
2016.12.07 14:58:52.489,0.98991,0.99016,1.75,1.00
2016.12.07 14:58:52.761,0.98992,0.99017,1.00,1.00
2016.12.07 14:58:53.262,0.98992,0.99016,1.00,1.00
2016.12.07 14:58:53.363,0.98992,0.99018,1.00,1.00
2016.12.07 14:58:53.464,0.9899,0.99016,2.25,1.00
2016.12.07 14:58:53.952,0.9899,0.99021,1.75,2.25
2016.12.07 14:58:54.045,0.9899,0.99017,1.75,1.00
2016.12.07 14:58:54.364,0.9899,0.99006,1.75,1.00
2016.12.07 14:58:54.466,0.98983,0.99011,2.62,1.50
2016.12.07 14:58:54.567,0.98979,0.99011,1.75,2.25
2016.12.07 14:58:54.769,0.98978,0.99002,4.12,1.00
2016.12.07 14:58:55.892,0.98981,0.99006,1.75,1.00
2016.12.07 14:58:56.395,0.98981,0.99011,1.75,1.50
2016.12.07 14:58:56.949,0.98981,0.99001,2.25,1.00
2016.12.07 14:58:58.791,0.98983,0.99011,1.50,2.25
2016.12.07 14:58:58.942,0.98983,0.99011,1.50,2.25
2016.12.07 14:58:59.284,0.98982,0.99006,2.25,1.00
2016.12.07 14:59:00.955,0.98982,0.9901,2.25,1.00
2016.12.07 14:59:01.561,0.98983,0.99011,1.75,1.12
2016.12.07 14:59:02.745,0.98984,0.99011,1.50,1.37
2016.12.07 14:59:03.274,0.98984,0.9901,1.00,1.00
2016.12.07 14:59:03.526,0.98986,0.99014,1.37,1.37
2016.12.07 14:59:03.645,0.98986,0.99014,1.75,1.00
2016.12.07 14:59:03.747,0.98988,0.99015,1.75,1.00
2016.12.07 14:59:03.948,0.9899,0.99018,1.00,2.25
2016.12.07 14:59:04.150,0.98986,0.99014,1.75,1.37
2016.12.07 14:59:04.352,0.98986,0.99014,1.75,1.00
2016.12.07 14:59:04.760,0.98987,0.99016,1.50,1.00
2016.12.07 14:59:05.992,0.9899,0.99011,1.00,1.00
2016.12.07 14:59:06.533,0.98985,0.99011,1.75,1.00
2016.12.07 14:59:07.316,0.98983,0.99011,1.75,1.00
2016.12.07 14:59:07.621,0.98995,0.99026,2.10,1.75
2016.12.07 14:59:07.672,0.98999,0.99027,1.30,1.75
2016.12.07 14:59:07.873,0.98993,0.99021,1.75,1.00
2016.12.07 14:59:07.974,0.98993,0.99021,1.75,1.12
2016.12.07 14:59:08.670,0.98993,0.99016,1.75,1.00
2016.12.07 14:59:09.105,0.98993,0.99022,2.10,1.50
2016.12.07 14:59:09.408,0.98993,0.99016,1.75,1.00
2016.12.07 14:59:09.710,0.98998,0.99022,1.00,1.00
2016.12.07 14:59:10.226,0.98994,0.99021,2.10,1.00
2016.12.07 14:59:10.554,0.98994,0.99021,1.35,1.12
2016.12.07 14:59:11.971,0.98998,0.99021,1.00,1.00
2016.12.07 14:59:12.605,0.98993,0.99021,1.75,1.12
2016.12.07 14:59:14.859,0.98991,0.99022,2.62,1.75
2016.12.07 14:59:14.960,0.9899,0.99022,1.75,1.75
2016.12.07 14:59:15.010,0.9899,0.99017,1.75,1.00
2016.12.07 14:59:15.520,0.9899,0.99016,1.75,1.00
2016.12.07 14:59:17.182,0.98989,0.99021,2.62,1.75
2016.12.07 14:59:19.186,0.98989,0.99016,2.62,1.00
2016.12.07 14:59:19.688,0.98989,0.99021,2.62,1.75
2016.12.07 14:59:21.004,0.98989,0.99021,1.75,1.75
2016.12.07 14:59:23.267,0.98992,0.99022,1.75,1.50
2016.12.07 14:59:23.317,0.98992,0.99024,1.75,1.75
2016.12.07 14:59:23.369,0.98995,0.99027,1.50,2.62
2016.12.07 14:59:23.420,0.98995,0.99026,1.75,1.50
2016.12.07 14:59:23.571,0.98993,0.99027,2.62,2.25
2016.12.07 14:59:23.622,0.98992,0.99021,1.75,1.12
2016.12.07 14:59:23.823,0.98994,0.99026,1.75,1.75
2016.12.07 14:59:23.924,0.98994,0.99021,1.75,1.00
2016.12.07 14:59:24.245,0.98994,0.99026,1.75,2.25
2016.12.07 14:59:25.399,0.98999,0.99025,1.00,1.00
2016.12.07 14:59:25.701,0.99,0.99027,1.00,1.00
2016.12.07 14:59:25.802,0.98995,0.99029,1.75,1.75
2016.12.07 14:59:27.335,0.98994,0.99026,1.75,1.75
2016.12.07 14:59:27.759,0.98994,0.99024,1.75,1.00
2016.12.07 14:59:30.112,0.98997,0.9903,1.75,1.75
2016.12.07 14:59:31.719,0.98997,0.99023,1.00,1.00
2016.12.07 14:59:31.921,0.98991,0.99025,1.75,1.75
2016.12.07 14:59:32.722,0.98993,0.99026,1.75,1.75
2016.12.07 14:59:33.125,0.98999,0.99016,1.00,1.00
2016.12.07 14:59:33.226,0.98999,0.99025,1.00,1.00
2016.12.07 14:59:33.516,0.98998,0.99026,1.75,1.00
2016.12.07 14:59:36.738,0.98996,0.99026,1.75,1.37
2016.12.07 14:59:37.087,0.98998,0.99026,1.75,1.00
2016.12.07 14:59:37.657,0.98998,0.99027,1.75,1.12
2016.12.07 14:59:37.973,0.98998,0.99021,1.75,1.00
2016.12.07 14:59:39.557,0.99002,0.99026,1.00,1.75
2016.12.07 14:59:39.608,0.99,0.99026,1.37,1.37
2016.12.07 14:59:39.658,0.99,0.99026,3.37,1.00
2016.12.07 14:59:39.759,0.99003,0.99027,1.00,1.00
2016.12.07 14:59:39.961,0.99,0.99027,1.00,1.50
2016.12.07 14:59:40.012,0.98994,0.99026,2.62,1.37
2016.12.07 14:59:40.314,0.98997,0.99023,1.00,1.00
2016.12.07 14:59:40.465,0.98997,0.99021,1.00,1.00
2016.12.07 14:59:40.767,0.98994,0.99021,1.75,1.00
2016.12.07 14:59:41.351,0.98995,0.99022,1.75,1.00
2016.12.07 14:59:41.552,0.98992,0.99026,1.75,1.75
2016.12.07 14:59:41.858,0.98996,0.99027,1.75,1.50
2016.12.07 14:59:42.500,0.98995,0.99027,2.62,1.75
2016.12.07 14:59:42.551,0.98994,0.99027,1.75,1.75
2016.12.07 14:59:43.802,0.98996,0.99026,1.75,1.50
2016.12.07 14:59:43.926,0.98996,0.99026,1.75,1.50
2016.12.07 14:59:45.167,0.98989,0.99026,1.00,1.00
2016.12.07 14:59:46.545,0.98988,0.99027,1.50,1.00
2016.12.07 14:59:46.746,0.98988,0.99031,1.00,1.00
2016.12.07 14:59:46.847,0.98986,0.99031,1.00,1.00
2016.12.07 14:59:47.048,0.98985,0.99022,1.00,1.00
2016.12.07 14:59:47.365,0.98985,0.99026,1.00,1.00
2016.12.07 14:59:47.894,0.98986,0.99026,1.00,1.00
2016.12.07 14:59:48.727,0.98988,0.99026,1.00,1.00
2016.12.07 14:59:49.268,0.98988,0.99027,1.00,1.00
2016.12.07 14:59:50.177,0.98988,0.99021,1.00,1.00
2016.12.07 14:59:50.284,0.98988,0.99027,1.00,1.00
2016.12.07 14:59:50.542,0.98984,0.99027,1.00,1.00
2016.12.07 14:59:51.052,0.98983,0.99027,1.00,1.00
2016.12.07 14:59:51.613,0.98982,0.99027,1.00,1.00
2016.12.07 14:59:52.150,0.98983,0.99032,1.00,1.00
2016.12.07 14:59:52.593,0.98983,0.99026,1.00,1.00
2016.12.07 14:59:52.694,0.98973,0.99027,1.00,1.00
2016.12.07 14:59:53.259,0.98974,0.99026,1.00,1.00
2016.12.07 14:59:53.554,0.98979,0.99031,1.00,1.00
2016.12.07 14:59:53.923,0.98974,0.99026,1.00,1.00
2016.12.07 14:59:54.246,0.98977,0.99026,1.00,1.00
2016.12.07 14:59:54.760,0.98978,0.99027,1.00,1.00
2016.12.07 14:59:55.257,0.98977,0.99031,1.00,1.00
2016.12.07 14:59:55.558,0.98978,0.99021,1.00,1.00
2016.12.07 14:59:56.871,0.98977,0.99026,1.00,1.00
2016.12.07 14:59:57.093,0.98979,0.99026,1.00,1.00
2016.12.07 14:59:57.406,0.98979,0.99041,1.00,1.00
2016.12.07 14:59:57.457,0.98981,0.99041,1.00,1.00
2016.12.07 14:59:57.845,0.98988,0.99042,1.00,1.00
2016.12.07 14:59:58.211,0.98994,0.99041,1.00,1.00
2016.12.07 14:59:58.574,0.98993,0.99062,1.00,1.00
2016.12.07 14:59:58.674,0.98994,0.99068,1.00,1.00
2016.12.07 14:59:58.801,0.98988,0.99068,1.00,1.00
2016.12.07 14:59:59.396,0.98989,0.99068,1.00,1.00
