2015.07.29 21:00:00.088,0.94405,0.94486,0.75,0.75
2015.07.29 21:00:00.143,0.94405,0.94491,0.75,0.75
2015.07.29 21:00:00.287,0.94405,0.94486,0.75,0.75
2015.07.29 21:00:00.398,0.94405,0.94492,0.75,0.75
2015.07.29 21:00:00.566,0.94405,0.94487,0.75,0.75
2015.07.29 21:00:02.768,0.94405,0.94486,0.75,0.75
2015.07.29 21:00:11.799,0.94405,0.94511,0.75,0.75
2015.07.29 21:00:20.698,0.94405,0.94512,0.75,0.75
2015.07.29 21:00:24.582,0.94405,0.94506,0.75,0.75
2015.07.29 21:00:56.218,0.94404,0.94506,0.75,0.75
2015.07.29 21:00:56.278,0.94399,0.94506,0.75,0.75
2015.07.29 21:01:00.674,0.94398,0.94507,0.75,0.75
2015.07.29 21:01:17.347,0.94399,0.94501,0.75,0.75
2015.07.29 21:01:20.428,0.94399,0.94498,0.75,0.60
2015.07.29 21:01:20.801,0.94399,0.94496,0.75,0.75
2015.07.29 21:01:21.528,0.94409,0.945,0.75,0.37
2015.07.29 21:01:26.512,0.94409,0.94496,0.75,0.75
2015.07.29 21:01:28.914,0.94409,0.94498,0.75,0.75
2015.07.29 21:01:28.991,0.94409,0.945,0.75,0.37
2015.07.29 21:01:36.047,0.94404,0.945,0.75,0.37
2015.07.29 21:01:43.657,0.94404,0.94504,0.75,0.75
2015.07.29 21:01:43.710,0.94404,0.94506,0.75,0.75
2015.07.29 21:02:15.328,0.94398,0.94509,0.75,1.50
2015.07.29 21:02:15.379,0.94396,0.94509,0.75,0.75
2015.07.29 21:02:15.479,0.9439,0.94511,0.75,0.75
2015.07.29 21:02:15.729,0.94377,0.94511,0.75,0.75
2015.07.29 21:02:30.791,0.94376,0.94511,1.50,0.75
2015.07.29 21:02:50.939,0.94377,0.94511,0.75,0.75
2015.07.29 21:03:10.963,0.94376,0.94511,1.50,0.75
2015.07.29 21:03:15.730,0.94376,0.94514,1.50,0.60
2015.07.29 21:03:23.771,0.94426,0.94508,0.75,0.75
2015.07.29 21:03:32.365,0.94421,0.945,0.75,0.75
2015.07.29 21:03:36.204,0.94422,0.945,0.75,0.75
2015.07.29 21:03:45.224,0.94421,0.945,0.75,0.75
2015.07.29 21:03:49.855,0.94429,0.94506,0.75,0.60
2015.07.29 21:03:49.943,0.94429,0.94509,0.75,1.50
2015.07.29 21:04:09.643,0.94407,0.9449,1.00,1.00
2015.07.29 21:04:28.453,0.94406,0.94487,1.00,1.00
2015.07.29 21:04:29.121,0.94407,0.94488,1.00,1.00
2015.07.29 21:04:38.363,0.94406,0.94488,1.00,1.00
2015.07.29 21:04:46.190,0.94405,0.94487,1.00,1.00
2015.07.29 21:05:00.247,0.94405,0.94486,1.00,1.00
2015.07.29 21:05:05.303,0.94406,0.94486,1.00,1.50
2015.07.29 21:05:05.743,0.944,0.94479,1.00,1.00
2015.07.29 21:05:06.513,0.944,0.9448,1.00,1.00
2015.07.29 21:05:07.218,0.94403,0.9448,1.12,1.00
2015.07.29 21:05:14.323,0.94403,0.94478,1.12,1.00
2015.07.29 21:05:14.827,0.94403,0.94477,1.12,1.00
2015.07.29 21:05:29.350,0.94402,0.94477,1.12,1.00
2015.07.29 21:05:29.945,0.94403,0.94477,1.12,1.00
2015.07.29 21:05:35.443,0.94403,0.94478,1.12,1.00
2015.07.29 21:05:36.432,0.94403,0.94476,1.12,1.00
2015.07.29 21:05:45.186,0.94402,0.94476,1.12,1.00
2015.07.29 21:05:49.812,0.94403,0.94476,1.12,1.00
2015.07.29 21:05:50.186,0.94403,0.94478,1.12,1.00
2015.07.29 21:05:56.114,0.94402,0.94478,1.12,1.00
2015.07.29 21:05:56.926,0.94402,0.94482,1.12,1.00
2015.07.29 21:05:57.112,0.94402,0.94478,1.12,1.00
2015.07.29 21:05:57.222,0.94402,0.9448,1.12,1.00
2015.07.29 21:06:00.302,0.94405,0.94482,1.00,1.00
2015.07.29 21:06:00.723,0.94407,0.94483,1.50,1.00
2015.07.29 21:06:01.241,0.94407,0.94482,1.50,1.00
2015.07.29 21:06:01.538,0.94407,0.94485,1.00,1.37
2015.07.29 21:06:01.889,0.94404,0.94481,1.37,1.00
2015.07.29 21:06:02.044,0.94404,0.94481,1.00,1.00
2015.07.29 21:06:02.442,0.94402,0.94482,1.12,1.00
2015.07.29 21:06:03.041,0.94408,0.94482,1.37,1.12
2015.07.29 21:06:03.552,0.94408,0.9448,1.37,1.00
2015.07.29 21:06:05.739,0.94407,0.9448,1.37,1.00
2015.07.29 21:06:06.322,0.94408,0.9448,1.37,1.00
2015.07.29 21:06:07.859,0.94407,0.9448,1.37,1.00
2015.07.29 21:06:08.445,0.94408,0.9448,1.37,1.00
2015.07.29 21:06:09.128,0.94407,0.9448,1.37,1.00
2015.07.29 21:06:09.789,0.94408,0.9448,1.37,1.00
2015.07.29 21:06:10.292,0.94407,0.9448,1.37,1.00
2015.07.29 21:06:11.766,0.94408,0.9448,1.37,1.00
2015.07.29 21:06:12.115,0.94407,0.94478,1.37,1.00
2015.07.29 21:06:13.373,0.94408,0.94478,1.37,1.00
2015.07.29 21:06:17.282,0.94407,0.94478,1.37,1.00
2015.07.29 21:06:21.093,0.94408,0.94478,1.37,1.00
2015.07.29 21:06:21.610,0.94407,0.94478,1.37,1.00
2015.07.29 21:06:21.661,0.94407,0.9448,1.37,1.00
2015.07.29 21:06:21.889,0.94408,0.94478,1.37,1.00
2015.07.29 21:06:22.739,0.94403,0.94476,1.37,1.00
2015.07.29 21:06:24.466,0.94402,0.94476,1.37,1.00
2015.07.29 21:06:26.463,0.94403,0.94476,1.37,1.00
2015.07.29 21:06:35.822,0.94402,0.94476,1.37,1.00
2015.07.29 21:06:36.869,0.94403,0.94476,1.37,1.00
2015.07.29 21:06:38.629,0.94402,0.94476,1.37,1.00
2015.07.29 21:06:42.283,0.94403,0.94476,1.37,1.00
2015.07.29 21:06:43.042,0.94402,0.94476,1.37,1.00
2015.07.29 21:06:44.358,0.94403,0.94476,1.37,1.00
2015.07.29 21:06:45.094,0.94402,0.94474,1.37,1.00
2015.07.29 21:06:45.642,0.94402,0.94475,1.37,1.00
2015.07.29 21:06:48.538,0.94403,0.94475,1.37,1.00
2015.07.29 21:06:49.471,0.94403,0.94474,1.37,1.00
2015.07.29 21:06:50.071,0.94402,0.94474,1.37,1.00
2015.07.29 21:06:50.573,0.94403,0.94474,1.37,1.00
2015.07.29 21:06:53.270,0.94402,0.94474,1.37,1.00
2015.07.29 21:06:54.372,0.94403,0.94474,1.37,1.00
2015.07.29 21:06:58.051,0.94403,0.94475,1.37,1.00
2015.07.29 21:06:59.151,0.94403,0.94474,1.37,1.00
2015.07.29 21:06:59.831,0.94402,0.94474,1.37,1.00
2015.07.29 21:07:00.347,0.94403,0.94474,1.37,1.00
2015.07.29 21:07:02.309,0.94402,0.94474,1.37,1.00
2015.07.29 21:07:04.319,0.94403,0.94474,1.37,1.00
2015.07.29 21:07:06.330,0.94402,0.94474,1.37,1.00
2015.07.29 21:07:08.346,0.94403,0.94474,1.37,1.00
2015.07.29 21:07:09.151,0.94402,0.94474,1.37,1.00
2015.07.29 21:07:09.701,0.94403,0.94474,1.37,1.00
2015.07.29 21:07:11.195,0.94402,0.94474,1.37,1.00
2015.07.29 21:07:11.815,0.94403,0.94474,1.37,1.00
2015.07.29 21:07:12.716,0.94402,0.94474,1.37,1.00
2015.07.29 21:07:13.217,0.94403,0.94474,1.37,1.00
2015.07.29 21:07:14.977,0.94402,0.94474,1.37,1.00
2015.07.29 21:07:15.576,0.94403,0.94474,1.37,1.00
2015.07.29 21:07:17.228,0.94402,0.94474,1.37,1.00
2015.07.29 21:07:17.982,0.94403,0.94474,1.37,1.00
2015.07.29 21:07:19.132,0.94402,0.94474,1.37,1.00
2015.07.29 21:07:19.803,0.94403,0.94474,1.37,1.00
2015.07.29 21:07:23.243,0.94402,0.94474,1.37,1.00
2015.07.29 21:07:23.944,0.94403,0.94474,1.37,1.00
2015.07.29 21:07:25.849,0.94402,0.94474,1.37,1.00
2015.07.29 21:07:27.954,0.94403,0.94474,1.37,1.00
2015.07.29 21:07:29.150,0.94402,0.94474,1.37,1.00
2015.07.29 21:07:31.261,0.94403,0.94474,1.37,1.00
2015.07.29 21:07:34.771,0.94402,0.94474,1.37,1.00
2015.07.29 21:07:35.974,0.94403,0.94474,1.37,1.00
2015.07.29 21:07:45.873,0.94402,0.94474,1.37,1.00
2015.07.29 21:07:46.390,0.94403,0.94475,1.37,1.00
2015.07.29 21:07:47.082,0.94404,0.94475,1.37,1.00
2015.07.29 21:07:47.184,0.94403,0.94475,1.12,1.00
2015.07.29 21:07:47.721,0.94402,0.94475,1.12,1.00
2015.07.29 21:07:49.414,0.94403,0.94475,1.12,1.00
2015.07.29 21:07:51.459,0.94402,0.94475,1.12,1.00
2015.07.29 21:07:52.067,0.94403,0.94475,1.12,1.00
2015.07.29 21:07:53.911,0.94402,0.94475,1.12,1.00
2015.07.29 21:07:55.421,0.94403,0.94475,1.12,1.00
2015.07.29 21:07:55.959,0.94402,0.94475,1.12,1.00
2015.07.29 21:07:57.460,0.94403,0.94475,1.12,1.00
2015.07.29 21:07:58.056,0.94402,0.94475,1.12,1.00
2015.07.29 21:07:59.486,0.94403,0.94475,1.12,1.00
2015.07.29 21:08:00.087,0.94402,0.94475,1.12,1.00
2015.07.29 21:08:00.851,0.94403,0.94476,1.12,1.00
2015.07.29 21:08:01.391,0.94402,0.94476,1.12,1.00
2015.07.29 21:08:02.109,0.94403,0.94476,1.12,1.00
2015.07.29 21:08:03.059,0.94403,0.94475,1.12,1.00
2015.07.29 21:08:03.201,0.94396,0.94472,1.37,1.12
2015.07.29 21:08:04.005,0.94396,0.94473,1.37,1.12
2015.07.29 21:08:05.197,0.94396,0.94472,1.37,1.12
2015.07.29 21:08:06.024,0.94397,0.94473,1.12,1.87
2015.07.29 21:08:07.006,0.94397,0.94472,1.37,1.12
2015.07.29 21:08:10.031,0.94397,0.94473,1.12,1.12
2015.07.29 21:08:12.224,0.94397,0.94472,1.37,1.12
2015.07.29 21:08:14.239,0.94397,0.94473,1.12,1.12
2015.07.29 21:08:14.788,0.94397,0.94472,1.37,1.12
2015.07.29 21:08:15.319,0.94397,0.94473,1.12,1.12
2015.07.29 21:08:15.942,0.94397,0.94472,1.37,1.12
2015.07.29 21:08:17.951,0.94397,0.94473,1.12,1.12
2015.07.29 21:08:20.180,0.94397,0.94472,1.37,1.12
2015.07.29 21:08:20.765,0.94397,0.94473,1.12,1.12
2015.07.29 21:08:22.199,0.94397,0.94472,1.37,1.12
2015.07.29 21:08:24.289,0.94397,0.94473,1.12,1.12
2015.07.29 21:08:25.195,0.94397,0.94472,1.37,1.12
2015.07.29 21:08:26.200,0.94397,0.94473,1.12,1.12
2015.07.29 21:08:26.993,0.94397,0.94472,1.37,1.12
2015.07.29 21:08:33.267,0.94397,0.94473,1.12,1.12
2015.07.29 21:08:35.655,0.94397,0.94472,1.37,1.12
2015.07.29 21:08:36.193,0.94395,0.94473,1.37,1.12
2015.07.29 21:08:36.708,0.94395,0.94472,1.37,1.12
2015.07.29 21:08:37.861,0.94395,0.94473,1.37,1.12
2015.07.29 21:08:38.604,0.94395,0.94472,1.37,1.12
2015.07.29 21:08:42.088,0.94395,0.94473,1.37,1.87
2015.07.29 21:08:45.716,0.94395,0.94472,1.37,1.12
2015.07.29 21:08:48.240,0.94395,0.94473,1.37,1.12
2015.07.29 21:08:49.694,0.94395,0.94472,1.37,1.12
2015.07.29 21:08:54.362,0.94395,0.94473,1.37,1.12
2015.07.29 21:08:54.938,0.94395,0.94472,1.37,1.12
2015.07.29 21:08:57.112,0.94395,0.94473,1.37,1.12
2015.07.29 21:08:58.615,0.94395,0.94472,1.37,1.12
2015.07.29 21:09:00.249,0.94395,0.94473,1.37,1.12
2015.07.29 21:09:00.806,0.94395,0.94472,1.37,1.12
2015.07.29 21:09:02.269,0.94395,0.94473,1.37,1.12
2015.07.29 21:09:04.029,0.94395,0.94472,1.37,1.12
2015.07.29 21:09:04.631,0.94395,0.94473,1.37,1.12
2015.07.29 21:09:05.147,0.94395,0.94472,1.37,1.12
2015.07.29 21:09:06.641,0.94395,0.94473,1.37,1.12
2015.07.29 21:09:07.144,0.94395,0.94472,1.37,1.12
2015.07.29 21:09:08.266,0.94394,0.94473,1.37,1.12
2015.07.29 21:09:08.825,0.94394,0.94472,1.37,1.12
2015.07.29 21:09:12.683,0.94394,0.94473,1.37,1.12
2015.07.29 21:09:13.373,0.94394,0.94472,1.37,1.12
2015.07.29 21:09:18.670,0.94394,0.94473,1.37,1.12
2015.07.29 21:09:19.779,0.94394,0.94472,1.37,1.12
2015.07.29 21:09:26.955,0.94394,0.94473,1.37,1.12
2015.07.29 21:09:27.996,0.94394,0.94472,1.37,1.12
2015.07.29 21:09:29.365,0.94394,0.94473,1.37,1.12
2015.07.29 21:09:29.976,0.94394,0.94472,1.37,1.12
2015.07.29 21:09:30.777,0.94394,0.94473,1.37,1.12
2015.07.29 21:09:31.310,0.94394,0.94472,1.37,1.12
2015.07.29 21:09:31.926,0.94393,0.94473,1.37,1.12
2015.07.29 21:09:32.615,0.94394,0.94472,1.37,1.12
2015.07.29 21:09:33.370,0.94395,0.94473,1.37,1.12
2015.07.29 21:09:33.931,0.94393,0.94472,1.87,1.12
2015.07.29 21:09:34.774,0.94395,0.94473,1.37,1.12
2015.07.29 21:09:35.378,0.94395,0.94472,1.37,1.12
2015.07.29 21:09:35.882,0.94393,0.94473,1.37,1.12
2015.07.29 21:09:36.404,0.94394,0.94472,1.37,1.12
2015.07.29 21:09:36.908,0.94393,0.94473,1.37,1.12
2015.07.29 21:09:37.784,0.94395,0.94472,1.37,1.12
2015.07.29 21:09:38.503,0.94394,0.94473,1.37,1.12
2015.07.29 21:09:39.018,0.94395,0.94472,1.37,1.12
2015.07.29 21:09:39.624,0.94395,0.94473,1.37,1.12
2015.07.29 21:09:40.140,0.94395,0.94472,1.37,1.12
2015.07.29 21:09:41.028,0.94394,0.94473,1.37,1.12
2015.07.29 21:09:41.553,0.94393,0.94472,1.87,1.12
2015.07.29 21:09:42.054,0.94393,0.94473,1.37,1.12
2015.07.29 21:09:42.580,0.94394,0.94472,1.37,1.12
2015.07.29 21:09:43.132,0.94393,0.94473,1.37,1.12
2015.07.29 21:09:44.467,0.94394,0.94472,1.37,1.12
2015.07.29 21:09:45.136,0.94395,0.94473,1.37,1.12
2015.07.29 21:09:45.852,0.94394,0.94472,1.37,1.87
2015.07.29 21:09:46.584,0.94393,0.94472,1.37,1.00
2015.07.29 21:09:47.376,0.94394,0.94473,1.37,1.12
2015.07.29 21:09:47.893,0.94394,0.94472,1.37,1.12
2015.07.29 21:09:52.756,0.94394,0.94473,1.37,1.12
2015.07.29 21:09:53.878,0.94394,0.94472,1.37,1.12
2015.07.29 21:09:58.771,0.94394,0.94473,1.37,1.12
2015.07.29 21:09:59.400,0.94393,0.94472,1.37,1.12
2015.07.29 21:10:00.874,0.94392,0.94473,1.87,1.87
2015.07.29 21:10:02.694,0.94393,0.94472,1.37,1.12
2015.07.29 21:10:03.688,0.94393,0.94471,1.87,1.00
2015.07.29 21:10:03.739,0.94393,0.94469,1.87,1.00
2015.07.29 21:10:04.800,0.94393,0.94469,1.37,1.00
2015.07.29 21:10:05.387,0.94394,0.9447,1.37,1.00
2015.07.29 21:10:05.922,0.94393,0.9447,1.87,1.00
2015.07.29 21:10:06.472,0.94394,0.94471,1.37,1.00
2015.07.29 21:10:07.156,0.94393,0.94472,1.37,1.87
2015.07.29 21:10:07.709,0.94394,0.94471,1.37,1.00
2015.07.29 21:10:08.331,0.94394,0.94471,1.37,1.00
2015.07.29 21:10:08.870,0.94395,0.94472,1.37,1.87
2015.07.29 21:10:09.752,0.94395,0.94471,1.37,1.00
2015.07.29 21:10:10.314,0.94393,0.94472,1.87,2.62
2015.07.29 21:10:10.930,0.94394,0.94471,1.37,1.00
2015.07.29 21:10:11.742,0.94394,0.94471,1.37,1.00
2015.07.29 21:10:12.255,0.94393,0.94471,1.87,1.00
2015.07.29 21:10:12.895,0.94393,0.94472,1.37,1.87
2015.07.29 21:10:13.555,0.94393,0.94472,1.37,1.50
2015.07.29 21:10:14.059,0.94393,0.94471,1.37,1.00
2015.07.29 21:10:14.825,0.94393,0.94472,1.87,1.87
2015.07.29 21:10:15.326,0.94395,0.94471,1.37,1.00
2015.07.29 21:10:16.149,0.94393,0.94471,1.37,1.00
2015.07.29 21:10:16.806,0.94394,0.94471,1.37,1.00
2015.07.29 21:10:17.331,0.94393,0.94472,1.87,1.87
2015.07.29 21:10:17.969,0.94394,0.94471,1.37,1.00
2015.07.29 21:10:18.485,0.94395,0.94472,1.37,1.87
2015.07.29 21:10:19.474,0.94394,0.94472,1.37,1.00
2015.07.29 21:10:20.086,0.94394,0.94472,1.37,1.87
2015.07.29 21:10:20.746,0.94394,0.94472,1.37,1.00
2015.07.29 21:10:21.342,0.94394,0.94472,1.37,1.87
2015.07.29 21:10:24.360,0.94394,0.94472,1.37,1.00
2015.07.29 21:10:27.368,0.94394,0.94472,1.37,1.87
2015.07.29 21:10:29.778,0.94394,0.94472,1.37,1.00
2015.07.29 21:10:30.281,0.94394,0.94472,1.37,1.12
2015.07.29 21:10:32.639,0.94394,0.9447,1.37,1.00
2015.07.29 21:10:33.400,0.94394,0.9447,1.37,1.00
2015.07.29 21:10:34.424,0.94394,0.94471,1.37,1.00
2015.07.29 21:10:34.976,0.94394,0.94471,1.37,1.00
2015.07.29 21:10:35.924,0.94394,0.94472,1.37,1.87
2015.07.29 21:10:36.450,0.94394,0.94472,1.37,1.00
2015.07.29 21:10:37.027,0.94394,0.94471,1.37,1.00
2015.07.29 21:10:38.634,0.94394,0.94471,1.37,1.00
2015.07.29 21:10:40.243,0.94394,0.94471,1.37,1.00
2015.07.29 21:10:40.847,0.94394,0.94472,1.37,1.00
2015.07.29 21:10:42.659,0.94394,0.94472,1.37,1.87
2015.07.29 21:10:44.114,0.94394,0.94471,1.37,1.00
2015.07.29 21:10:44.667,0.94394,0.94472,1.37,1.00
2015.07.29 21:10:45.435,0.94394,0.94471,1.37,1.00
2015.07.29 21:10:46.321,0.94394,0.94471,1.37,1.00
2015.07.29 21:10:46.877,0.94394,0.9447,1.37,1.00
2015.07.29 21:10:48.326,0.94394,0.9447,1.37,1.00
2015.07.29 21:10:48.964,0.94394,0.94471,1.37,1.00
2015.07.29 21:10:50.330,0.94394,0.94471,1.37,1.00
2015.07.29 21:10:50.945,0.94394,0.9447,1.37,1.00
2015.07.29 21:10:52.316,0.94394,0.94471,1.37,1.00
2015.07.29 21:10:52.708,0.94392,0.94473,1.87,1.12
2015.07.29 21:10:53.255,0.94394,0.94472,1.37,1.12
2015.07.29 21:10:54.871,0.94394,0.94473,1.37,1.12
2015.07.29 21:10:56.844,0.94394,0.94472,1.37,1.12
2015.07.29 21:10:57.704,0.94394,0.94473,1.37,1.12
2015.07.29 21:10:58.838,0.94394,0.94472,1.37,1.12
2015.07.29 21:11:00.854,0.94394,0.94473,1.37,1.12
2015.07.29 21:11:04.865,0.94394,0.94472,1.37,1.12
2015.07.29 21:11:05.867,0.94393,0.94473,1.37,1.12
2015.07.29 21:11:06.368,0.94393,0.94472,1.87,1.12
2015.07.29 21:11:09.306,0.94393,0.94473,1.37,1.12
2015.07.29 21:11:11.555,0.94393,0.94472,1.87,1.12
2015.07.29 21:11:12.085,0.94393,0.94473,1.37,1.12
2015.07.29 21:11:13.597,0.94393,0.94472,1.87,1.12
2015.07.29 21:11:14.504,0.94393,0.94473,1.37,1.12
2015.07.29 21:11:15.612,0.94393,0.94472,1.87,1.12
2015.07.29 21:11:16.116,0.94393,0.94473,1.37,1.12
2015.07.29 21:11:18.130,0.94393,0.94472,1.87,1.12
2015.07.29 21:11:19.793,0.94393,0.94473,1.37,1.12
2015.07.29 21:11:21.212,0.94393,0.94472,1.87,1.12
2015.07.29 21:11:27.212,0.94392,0.94473,1.87,1.12
2015.07.29 21:11:28.315,0.94393,0.94472,1.37,1.12
2015.07.29 21:11:29.218,0.94392,0.94473,1.87,1.12
2015.07.29 21:11:30.260,0.94393,0.94472,1.37,1.12
2015.07.29 21:11:32.237,0.94392,0.94473,1.87,1.12
2015.07.29 21:11:34.751,0.94393,0.94472,1.37,1.12
2015.07.29 21:11:35.235,0.94394,0.94472,1.00,1.37
2015.07.29 21:11:35.335,0.94392,0.94473,1.12,1.37
2015.07.29 21:11:37.166,0.94392,0.94472,1.37,1.37
2015.07.29 21:11:41.388,0.94392,0.94473,1.12,1.37
2015.07.29 21:11:43.400,0.94392,0.94472,1.37,1.37
2015.07.29 21:11:44.230,0.94392,0.94473,1.12,1.37
2015.07.29 21:11:45.204,0.94392,0.94472,1.37,1.37
2015.07.29 21:11:45.746,0.94391,0.94473,1.37,1.37
2015.07.29 21:11:46.552,0.94391,0.94472,1.37,1.37
2015.07.29 21:11:47.410,0.94391,0.94473,1.37,1.37
2015.07.29 21:11:48.264,0.94391,0.94472,1.37,1.37
2015.07.29 21:11:49.096,0.94391,0.94473,1.37,1.37
2015.07.29 21:11:51.395,0.94392,0.94472,1.37,1.37
2015.07.29 21:11:52.527,0.94392,0.94473,1.12,1.37
2015.07.29 21:11:53.388,0.94392,0.94472,1.37,1.37
2015.07.29 21:11:55.930,0.94392,0.94473,1.12,1.37
2015.07.29 21:11:57.177,0.94392,0.94472,1.37,1.37
2015.07.29 21:11:58.215,0.94392,0.94473,1.12,1.37
2015.07.29 21:11:59.538,0.94392,0.94472,1.37,1.37
2015.07.29 21:12:00.534,0.94392,0.94473,1.12,1.37
2015.07.29 21:12:01.442,0.94392,0.94472,1.37,1.37
2015.07.29 21:12:01.952,0.94392,0.94473,1.12,1.37
2015.07.29 21:12:02.462,0.94392,0.94472,1.37,1.37
2015.07.29 21:12:03.847,0.94392,0.94473,1.12,1.37
2015.07.29 21:12:06.166,0.94388,0.94472,1.37,1.37
2015.07.29 21:12:06.737,0.94387,0.94473,1.87,1.87
2015.07.29 21:12:07.247,0.94388,0.94472,1.37,1.37
2015.07.29 21:12:11.263,0.94387,0.94473,1.87,1.37
2015.07.29 21:12:13.286,0.94388,0.94472,1.37,1.37
2015.07.29 21:12:14.384,0.94387,0.94472,1.37,1.37
2015.07.29 21:12:14.922,0.94388,0.94472,1.37,1.87
2015.07.29 21:12:16.876,0.94389,0.94467,1.37,1.12
2015.07.29 21:12:17.628,0.94388,0.94468,1.37,1.87
2015.07.29 21:12:18.179,0.94388,0.94467,1.87,1.12
2015.07.29 21:12:20.986,0.94387,0.94468,1.87,1.12
2015.07.29 21:12:22.168,0.94388,0.94467,1.37,1.12
2015.07.29 21:12:22.761,0.94387,0.94468,1.87,1.12
2015.07.29 21:12:24.195,0.94388,0.94467,1.37,1.12
2015.07.29 21:12:26.200,0.94388,0.94468,1.37,1.87
2015.07.29 21:12:26.960,0.94388,0.94467,1.87,1.12
2015.07.29 21:12:28.216,0.94388,0.94468,1.37,1.87
2015.07.29 21:12:29.026,0.94388,0.94467,1.87,1.12
2015.07.29 21:12:32.326,0.94388,0.94468,1.37,1.87
2015.07.29 21:12:34.229,0.94388,0.94467,1.87,1.12
2015.07.29 21:12:35.933,0.94388,0.94468,1.37,1.87
2015.07.29 21:12:36.706,0.94388,0.94467,1.87,1.12
2015.07.29 21:12:38.238,0.94388,0.94468,1.37,1.87
2015.07.29 21:12:38.935,0.94388,0.94467,1.87,1.12
2015.07.29 21:12:42.363,0.94388,0.94468,1.37,1.87
2015.07.29 21:12:44.121,0.94388,0.94467,1.87,1.12
2015.07.29 21:12:44.636,0.94388,0.94464,1.37,1.00
2015.07.29 21:12:44.737,0.94388,0.94467,1.37,1.12
2015.07.29 21:12:44.912,0.94388,0.94465,1.37,1.00
2015.07.29 21:12:45.224,0.94387,0.94456,1.37,1.00
2015.07.29 21:12:45.375,0.94388,0.94461,1.37,1.00
2015.07.29 21:12:45.709,0.94387,0.94466,1.37,1.00
2015.07.29 21:12:46.234,0.94383,0.94466,1.37,1.00
2015.07.29 21:12:47.130,0.94382,0.94466,1.37,1.00
2015.07.29 21:12:49.877,0.94382,0.94471,1.37,1.37
2015.07.29 21:12:50.485,0.94383,0.94472,1.37,1.87
2015.07.29 21:12:51.250,0.94382,0.94472,1.37,1.37
2015.07.29 21:12:51.858,0.94383,0.94472,1.37,1.87
2015.07.29 21:12:54.111,0.94382,0.9447,1.37,1.37
2015.07.29 21:12:54.747,0.94383,0.9447,1.37,1.37
2015.07.29 21:12:55.665,0.94382,0.94471,1.37,1.37
2015.07.29 21:12:57.969,0.94383,0.94471,1.37,1.37
2015.07.29 21:13:00.083,0.94382,0.94471,1.37,1.37
2015.07.29 21:13:01.491,0.94383,0.94471,1.37,1.37
2015.07.29 21:13:02.027,0.94382,0.94471,1.37,1.37
2015.07.29 21:13:02.638,0.94383,0.94471,1.37,1.37
2015.07.29 21:13:03.998,0.94382,0.94471,1.37,1.37
2015.07.29 21:13:04.991,0.94383,0.94471,1.37,1.37
2015.07.29 21:13:05.623,0.94382,0.94471,1.37,1.37
2015.07.29 21:13:06.277,0.94383,0.94472,1.37,1.87
2015.07.29 21:13:10.352,0.94382,0.94473,1.87,1.87
2015.07.29 21:13:11.974,0.94383,0.94472,1.37,1.37
2015.07.29 21:13:13.768,0.94382,0.94473,1.87,1.87
2015.07.29 21:13:15.866,0.94383,0.94472,1.37,1.37
2015.07.29 21:13:16.669,0.94382,0.94473,1.37,1.37
2015.07.29 21:13:17.581,0.94383,0.94472,1.37,1.37
2015.07.29 21:13:18.316,0.94382,0.94473,1.37,1.37
2015.07.29 21:13:19.648,0.94383,0.94472,1.37,1.87
2015.07.29 21:13:21.312,0.94382,0.94472,1.37,1.37
2015.07.29 21:13:21.864,0.94383,0.94472,1.37,1.87
2015.07.29 21:13:23.623,0.94382,0.94472,1.37,1.37
2015.07.29 21:13:24.155,0.94383,0.94473,1.37,1.37
2015.07.29 21:13:25.244,0.94382,0.94476,1.37,1.37
2015.07.29 21:13:28.353,0.94383,0.94476,1.37,1.37
2015.07.29 21:13:29.049,0.94382,0.94475,1.37,1.37
2015.07.29 21:13:29.759,0.94383,0.94475,1.37,1.37
2015.07.29 21:13:30.559,0.94382,0.94478,1.87,1.87
2015.07.29 21:13:31.119,0.94383,0.94477,1.37,1.37
2015.07.29 21:13:32.163,0.94382,0.94478,1.87,1.87
2015.07.29 21:13:34.067,0.94383,0.94477,1.37,1.37
2015.07.29 21:13:34.634,0.94382,0.94478,1.87,1.87
2015.07.29 21:13:35.167,0.94383,0.94477,1.37,1.37
2015.07.29 21:13:37.202,0.94382,0.94475,1.87,1.37
2015.07.29 21:13:38.194,0.94383,0.94475,1.37,1.37
2015.07.29 21:13:38.904,0.94382,0.94475,1.87,1.37
2015.07.29 21:13:40.217,0.94383,0.94475,1.37,1.37
2015.07.29 21:13:40.884,0.94382,0.94475,1.87,1.37
2015.07.29 21:13:42.888,0.94383,0.94477,1.37,1.87
2015.07.29 21:13:44.091,0.94382,0.94477,1.37,1.37
2015.07.29 21:13:44.758,0.94383,0.94477,1.37,1.87
2015.07.29 21:13:45.284,0.94382,0.94477,1.37,1.37
2015.07.29 21:13:46.933,0.94383,0.94477,1.37,1.87
2015.07.29 21:13:47.944,0.94382,0.94475,1.87,1.37
2015.07.29 21:13:48.802,0.94383,0.94475,1.37,1.37
2015.07.29 21:13:49.905,0.94382,0.94475,1.87,1.37
2015.07.29 21:13:50.538,0.94383,0.94476,1.37,1.37
2015.07.29 21:13:51.304,0.94383,0.94476,1.37,1.37
2015.07.29 21:13:54.378,0.94383,0.94477,1.37,1.37
2015.07.29 21:13:54.929,0.94382,0.94478,1.87,1.87
2015.07.29 21:13:56.183,0.94383,0.94477,1.37,1.37
2015.07.29 21:13:57.956,0.94382,0.94478,1.87,1.87
2015.07.29 21:13:58.561,0.94383,0.94477,1.37,1.37
2015.07.29 21:14:00.017,0.94382,0.94478,1.37,1.87
2015.07.29 21:14:00.572,0.94383,0.94477,1.37,1.37
2015.07.29 21:14:01.103,0.94382,0.94478,1.37,1.87
2015.07.29 21:14:02.226,0.94383,0.94475,1.37,1.37
2015.07.29 21:14:04.245,0.94382,0.94475,1.87,1.37
2015.07.29 21:14:04.831,0.94383,0.94475,1.37,1.37
2015.07.29 21:14:07.436,0.94383,0.94477,1.37,1.37
2015.07.29 21:14:08.745,0.94383,0.94477,1.87,1.87
2015.07.29 21:14:11.379,0.94383,0.94476,1.37,1.37
2015.07.29 21:14:12.253,0.94383,0.94476,1.87,1.37
2015.07.29 21:14:15.167,0.94383,0.94476,1.37,1.37
2015.07.29 21:14:15.906,0.94383,0.94476,1.87,1.37
2015.07.29 21:14:17.178,0.94383,0.94476,1.37,1.37
2015.07.29 21:14:18.184,0.94383,0.94476,1.87,1.37
2015.07.29 21:14:18.933,0.94383,0.94477,1.37,1.37
2015.07.29 21:14:19.442,0.94383,0.94477,1.87,1.87
2015.07.29 21:14:20.129,0.94383,0.94477,1.37,1.37
2015.07.29 21:14:21.304,0.94383,0.94477,1.87,1.87
2015.07.29 21:14:23.619,0.94384,0.94477,1.37,1.37
2015.07.29 21:14:24.832,0.94383,0.94475,1.87,1.37
2015.07.29 21:14:25.529,0.94382,0.94476,1.87,1.37
2015.07.29 21:14:26.640,0.94383,0.94475,1.87,1.37
2015.07.29 21:14:27.143,0.94383,0.94475,1.37,1.37
2015.07.29 21:14:27.948,0.94383,0.94475,1.87,1.37
2015.07.29 21:14:28.588,0.94383,0.94475,1.37,1.37
2015.07.29 21:14:31.879,0.94383,0.94475,1.37,1.37
2015.07.29 21:14:32.581,0.94382,0.94475,1.87,1.37
2015.07.29 21:14:36.190,0.94383,0.94477,1.37,1.87
2015.07.29 21:14:37.028,0.94382,0.94477,1.87,1.37
2015.07.29 21:14:37.894,0.94383,0.94477,1.37,1.87
2015.07.29 21:14:38.797,0.94382,0.94476,1.37,1.37
2015.07.29 21:14:39.729,0.94383,0.94476,1.37,1.37
2015.07.29 21:14:40.356,0.94383,0.94477,1.37,1.37
2015.07.29 21:14:41.604,0.94383,0.94477,1.87,1.87
2015.07.29 21:14:42.205,0.94383,0.94477,1.37,1.37
2015.07.29 21:14:42.995,0.94383,0.94477,1.87,1.87
2015.07.29 21:14:43.909,0.94383,0.94477,1.37,1.37
2015.07.29 21:14:45.317,0.94383,0.94477,1.87,1.37
2015.07.29 21:14:45.914,0.94383,0.94478,1.37,1.87
2015.07.29 21:14:46.472,0.94383,0.94477,1.87,1.37
2015.07.29 21:14:47.327,0.94382,0.94478,1.37,1.87
2015.07.29 21:14:48.123,0.94383,0.94477,1.37,1.37
2015.07.29 21:14:49.337,0.94382,0.94478,1.87,1.87
2015.07.29 21:14:49.887,0.94383,0.94477,1.37,1.37
2015.07.29 21:14:51.442,0.94382,0.94477,1.87,1.37
2015.07.29 21:14:51.980,0.94383,0.94477,1.87,1.37
2015.07.29 21:14:53.753,0.94383,0.94478,1.37,1.37
2015.07.29 21:14:54.298,0.94383,0.94477,1.87,1.37
2015.07.29 21:14:55.649,0.94383,0.94478,1.37,1.37
2015.07.29 21:14:56.410,0.94383,0.94477,1.87,1.37
2015.07.29 21:14:57.159,0.94383,0.94478,1.37,1.37
2015.07.29 21:14:57.709,0.94383,0.94477,1.87,1.37
2015.07.29 21:14:58.465,0.94383,0.94478,1.37,1.37
2015.07.29 21:14:59.851,0.94383,0.94477,1.87,1.37
2015.07.29 21:15:02.242,0.94383,0.94478,1.37,1.37
2015.07.29 21:15:02.854,0.94384,0.94477,1.37,1.87
2015.07.29 21:15:05.232,0.94392,0.94477,1.37,1.00
2015.07.29 21:15:05.897,0.94393,0.94477,1.37,1.87
2015.07.29 21:15:07.317,0.94392,0.94477,1.37,1.00
2015.07.29 21:15:09.499,0.94393,0.94477,1.37,1.87
2015.07.29 21:15:10.652,0.94392,0.94478,1.37,1.12
2015.07.29 21:15:11.171,0.94393,0.94477,1.37,1.12
2015.07.29 21:15:11.914,0.94392,0.94478,1.37,1.12
2015.07.29 21:15:12.619,0.94393,0.94477,1.37,1.12
2015.07.29 21:15:13.969,0.94392,0.94478,1.37,1.12
2015.07.29 21:15:14.665,0.94393,0.94477,1.37,1.12
2015.07.29 21:15:15.442,0.94392,0.94478,1.37,1.12
2015.07.29 21:15:18.885,0.94393,0.94477,1.37,1.12
2015.07.29 21:15:19.530,0.94392,0.94478,1.37,1.12
2015.07.29 21:15:20.175,0.94393,0.94477,1.37,1.12
2015.07.29 21:15:20.704,0.94392,0.94478,1.37,1.12
2015.07.29 21:15:21.524,0.94393,0.94477,1.37,1.12
2015.07.29 21:15:22.216,0.94392,0.94478,1.37,1.12
2015.07.29 21:15:22.859,0.94393,0.94477,1.37,1.12
2015.07.29 21:15:24.740,0.94392,0.94478,1.37,1.12
2015.07.29 21:15:25.881,0.94393,0.94477,1.37,1.12
2015.07.29 21:15:29.893,0.94392,0.94478,1.37,1.12
2015.07.29 21:15:30.571,0.94393,0.94477,1.37,1.12
2015.07.29 21:15:35.355,0.94392,0.94478,1.37,1.12
2015.07.29 21:15:37.961,0.94393,0.94477,1.37,1.12
2015.07.29 21:15:39.264,0.94392,0.94478,1.37,1.12
2015.07.29 21:15:39.934,0.94393,0.94477,1.37,1.12
2015.07.29 21:15:41.270,0.94392,0.94478,1.37,1.12
2015.07.29 21:15:41.971,0.94393,0.94477,1.37,1.12
2015.07.29 21:15:43.273,0.94392,0.94478,1.37,1.12
2015.07.29 21:15:43.909,0.94393,0.94477,1.37,1.12
2015.07.29 21:15:46.851,0.94392,0.94478,1.37,1.12
2015.07.29 21:15:48.863,0.94393,0.94477,1.37,1.12
2015.07.29 21:15:51.391,0.94392,0.94478,1.37,1.12
2015.07.29 21:15:53.396,0.94393,0.94477,1.37,1.12
2015.07.29 21:15:54.210,0.94392,0.94478,1.37,1.12
2015.07.29 21:15:54.920,0.94393,0.94477,1.37,1.12
2015.07.29 21:15:55.524,0.94393,0.94475,1.37,1.00
2015.07.29 21:15:55.625,0.94387,0.94475,1.37,1.37
2015.07.29 21:15:56.605,0.94388,0.94474,1.37,1.37
2015.07.29 21:15:57.182,0.94387,0.94474,1.37,1.37
2015.07.29 21:15:57.702,0.94388,0.94477,1.37,1.87
2015.07.29 21:15:59.115,0.94387,0.94478,1.37,1.87
2015.07.29 21:15:59.620,0.94388,0.94477,1.37,1.37
2015.07.29 21:16:01.621,0.94387,0.94478,1.37,1.87
2015.07.29 21:16:03.025,0.94388,0.94477,1.37,1.37
2015.07.29 21:16:03.727,0.94387,0.94478,1.37,1.87
2015.07.29 21:16:04.930,0.94388,0.94477,1.37,1.37
2015.07.29 21:16:06.935,0.94387,0.94478,1.37,1.87
2015.07.29 21:16:07.513,0.94388,0.94477,1.37,1.37
2015.07.29 21:16:08.840,0.94387,0.94478,1.37,1.37
2015.07.29 21:16:09.742,0.94388,0.94477,1.37,1.37
2015.07.29 21:16:10.983,0.94387,0.94478,1.37,1.37
2015.07.29 21:16:12.684,0.94388,0.94477,1.37,1.37
2015.07.29 21:16:13.292,0.94387,0.94478,1.37,1.37
2015.07.29 21:16:13.932,0.94388,0.94477,1.37,1.37
2015.07.29 21:16:15.873,0.94387,0.94478,1.37,1.37
2015.07.29 21:16:16.593,0.94388,0.94477,1.37,1.37
2015.07.29 21:16:17.134,0.94387,0.94478,1.37,1.37
2015.07.29 21:16:17.913,0.94388,0.94477,1.37,1.37
2015.07.29 21:16:18.573,0.94387,0.94478,1.37,1.37
2015.07.29 21:16:21.527,0.94388,0.94477,1.37,1.37
2015.07.29 21:16:23.297,0.94387,0.94478,1.37,1.37
2015.07.29 21:16:25.645,0.9439,0.94475,1.37,1.37
2015.07.29 21:16:29.138,0.9439,0.94475,1.37,1.37
2015.07.29 21:16:29.749,0.94388,0.94475,1.37,1.37
2015.07.29 21:16:30.657,0.94387,0.94475,1.87,1.37
2015.07.29 21:16:31.551,0.94388,0.94475,1.37,1.37
2015.07.29 21:16:36.770,0.9439,0.94477,1.37,1.37
2015.07.29 21:16:37.171,0.94392,0.94476,1.12,1.00
2015.07.29 21:16:37.273,0.94392,0.94478,1.12,1.87
2015.07.29 21:16:37.757,0.94394,0.94478,1.00,1.12
2015.07.29 21:16:38.467,0.94393,0.94477,1.12,1.12
2015.07.29 21:16:41.333,0.94392,0.94478,1.87,1.12
2015.07.29 21:16:43.338,0.94393,0.94477,1.12,1.12
2015.07.29 21:16:44.422,0.94392,0.94477,1.87,1.00
2015.07.29 21:16:45.020,0.94393,0.94476,1.12,1.00
2015.07.29 21:16:45.555,0.94393,0.94477,1.12,1.87
2015.07.29 21:16:46.124,0.94392,0.94478,1.12,1.12
2015.07.29 21:16:47.749,0.94393,0.94477,1.12,1.12
2015.07.29 21:16:48.260,0.94392,0.94478,1.12,1.12
2015.07.29 21:16:50.354,0.94393,0.94477,1.12,1.12
2015.07.29 21:16:52.861,0.94392,0.94478,1.12,1.12
2015.07.29 21:16:53.454,0.94393,0.94477,1.12,1.12
2015.07.29 21:16:54.142,0.94392,0.94478,1.12,1.12
2015.07.29 21:16:54.703,0.94393,0.94477,1.12,1.12
2015.07.29 21:16:55.018,0.94393,0.94472,1.12,1.12
2015.07.29 21:16:55.321,0.94392,0.94469,1.12,1.00
2015.07.29 21:16:55.673,0.94388,0.94467,1.87,1.12
2015.07.29 21:16:56.191,0.94393,0.94469,1.12,1.00
2015.07.29 21:16:56.242,0.94393,0.94478,1.12,1.37
2015.07.29 21:16:56.989,0.94392,0.94482,1.12,1.37
2015.07.29 21:16:57.491,0.94393,0.9448,1.12,1.37
2015.07.29 21:16:58.053,0.94392,0.94479,1.12,1.37
2015.07.29 21:16:59.458,0.94392,0.94473,1.12,1.00
2015.07.29 21:16:59.809,0.94388,0.94467,1.37,1.00
2015.07.29 21:17:00.111,0.94388,0.9447,1.87,1.00
2015.07.29 21:17:00.263,0.94385,0.94468,1.37,1.37
2015.07.29 21:17:01.016,0.94385,0.94466,1.37,1.37
2015.07.29 21:17:01.517,0.94388,0.94469,1.37,1.37
2015.07.29 21:17:02.103,0.94393,0.94475,1.12,1.37
2015.07.29 21:17:02.620,0.94392,0.94473,1.12,1.12
2015.07.29 21:17:02.671,0.94392,0.9447,1.12,1.00
2015.07.29 21:17:03.001,0.94388,0.94467,1.37,1.12
2015.07.29 21:17:04.202,0.94387,0.94468,1.87,1.12
2015.07.29 21:17:05.298,0.94388,0.94467,1.37,1.12
2015.07.29 21:17:05.654,0.94387,0.94467,1.87,1.37
2015.07.29 21:17:06.240,0.94388,0.94467,1.37,1.37
2015.07.29 21:17:06.341,0.94388,0.94469,1.37,1.00
2015.07.29 21:17:06.392,0.94388,0.94472,1.37,1.87
2015.07.29 21:17:06.894,0.94387,0.94471,1.87,1.00
2015.07.29 21:17:07.228,0.94387,0.9447,1.37,1.37
2015.07.29 21:17:07.844,0.94384,0.94467,1.37,1.37
2015.07.29 21:17:08.747,0.94388,0.94467,1.37,1.12
2015.07.29 21:17:09.490,0.94387,0.94463,1.37,1.12
2015.07.29 21:17:09.983,0.94388,0.94471,1.37,1.50
2015.07.29 21:17:10.511,0.94388,0.9447,1.37,1.00
2015.07.29 21:17:11.024,0.94387,0.9447,1.37,1.00
2015.07.29 21:17:11.673,0.94388,0.9447,1.37,1.00
2015.07.29 21:17:12.681,0.94388,0.94472,1.37,2.62
2015.07.29 21:17:12.964,0.94389,0.94468,1.37,1.12
2015.07.29 21:17:13.687,0.94388,0.94468,1.87,1.37
2015.07.29 21:17:14.392,0.94388,0.94459,1.37,1.00
2015.07.29 21:17:15.146,0.94387,0.94459,1.37,1.00
2015.07.29 21:17:15.392,0.94387,0.94463,1.37,1.12
2015.07.29 21:17:15.544,0.94388,0.94467,1.37,1.87
2015.07.29 21:17:16.110,0.94387,0.94468,1.37,1.87
2015.07.29 21:17:16.773,0.94388,0.94467,1.37,1.12
2015.07.29 21:17:16.939,0.94404,0.94472,1.00,1.37
2015.07.29 21:17:17.423,0.94402,0.94472,1.00,1.37
2015.07.29 21:17:18.272,0.94398,0.94472,1.12,1.50
2015.07.29 21:17:18.374,0.94398,0.9447,1.12,1.00
2015.07.29 21:17:18.644,0.94392,0.94471,1.12,1.00
2015.07.29 21:17:19.419,0.94389,0.94471,1.37,1.37
2015.07.29 21:17:20.081,0.94389,0.94469,1.37,1.37
2015.07.29 21:17:20.464,0.94398,0.94472,1.12,1.12
2015.07.29 21:17:21.036,0.94392,0.94473,1.87,1.12
2015.07.29 21:17:21.373,0.94393,0.94471,1.37,1.00
2015.07.29 21:17:21.696,0.94393,0.94469,1.37,1.37
2015.07.29 21:17:22.382,0.94392,0.94469,1.37,1.37
2015.07.29 21:17:23.068,0.94393,0.9447,1.37,1.37
2015.07.29 21:17:23.575,0.94392,0.9447,1.37,1.87
2015.07.29 21:17:24.235,0.94393,0.9447,1.37,1.37
2015.07.29 21:17:25.505,0.94392,0.94469,1.37,1.37
2015.07.29 21:17:25.992,0.94393,0.9447,1.12,1.00
2015.07.29 21:17:26.410,0.94393,0.94468,1.12,1.00
2015.07.29 21:17:26.712,0.94389,0.94468,1.37,1.37
2015.07.29 21:17:27.262,0.94388,0.94469,1.37,1.37
2015.07.29 21:17:27.964,0.9439,0.94468,1.37,1.37
2015.07.29 21:17:28.472,0.94393,0.9447,1.12,1.00
2015.07.29 21:17:28.523,0.94393,0.94472,1.12,1.12
2015.07.29 21:17:28.968,0.94387,0.94468,1.87,1.37
2015.07.29 21:17:30.395,0.94388,0.94469,1.87,1.37
2015.07.29 21:17:30.873,0.94393,0.94469,1.37,1.00
2015.07.29 21:17:30.924,0.94393,0.94472,1.37,1.00
2015.07.29 21:17:31.474,0.94393,0.94473,1.37,1.00
2015.07.29 21:17:32.376,0.94392,0.94473,1.12,2.62
2015.07.29 21:17:33.075,0.94393,0.94472,1.12,1.12
2015.07.29 21:17:33.126,0.94392,0.94473,1.37,1.50
2015.07.29 21:17:34.124,0.94393,0.94473,1.37,1.00
2015.07.29 21:17:39.799,0.94392,0.94473,1.37,1.50
2015.07.29 21:17:40.599,0.94393,0.94473,1.37,1.50
2015.07.29 21:17:42.103,0.94392,0.94473,1.37,1.00
2015.07.29 21:17:44.720,0.94393,0.94473,1.37,1.50
2015.07.29 21:17:45.747,0.94393,0.94474,1.37,1.00
2015.07.29 21:17:46.532,0.94393,0.94475,1.37,1.00
2015.07.29 21:17:47.283,0.94392,0.94473,1.37,1.00
2015.07.29 21:17:48.131,0.94392,0.94472,1.37,1.00
2015.07.29 21:17:48.658,0.94392,0.94473,1.37,1.50
2015.07.29 21:17:49.392,0.94393,0.94473,1.37,1.00
2015.07.29 21:17:52.552,0.94392,0.94473,1.37,1.00
2015.07.29 21:17:52.833,0.94392,0.94476,1.37,1.00
2015.07.29 21:17:53.172,0.94389,0.94464,1.37,1.00
2015.07.29 21:17:53.520,0.94389,0.9446,1.37,1.00
2015.07.29 21:17:54.105,0.94388,0.94461,1.37,1.00
2015.07.29 21:17:55.128,0.94388,0.9446,1.87,1.00
2015.07.29 21:17:55.790,0.94389,0.94461,1.37,1.00
2015.07.29 21:17:56.607,0.94388,0.9446,1.37,1.00
2015.07.29 21:17:57.201,0.94388,0.94462,1.87,1.12
2015.07.29 21:17:57.719,0.94388,0.94462,1.37,1.00
2015.07.29 21:17:59.761,0.94388,0.94462,1.87,1.12
2015.07.29 21:18:00.403,0.94388,0.94462,1.37,1.00
2015.07.29 21:18:02.261,0.94389,0.94459,1.37,1.00
2015.07.29 21:18:03.015,0.94389,0.94459,1.37,1.00
2015.07.29 21:18:03.888,0.94389,0.94459,1.37,1.00
2015.07.29 21:18:04.277,0.94389,0.94461,1.37,1.00
2015.07.29 21:18:04.782,0.94389,0.9446,1.37,1.00
2015.07.29 21:18:05.891,0.94388,0.94459,1.37,1.00
2015.07.29 21:18:07.345,0.94387,0.94459,1.87,1.00
2015.07.29 21:18:08.520,0.94388,0.94459,1.37,1.00
2015.07.29 21:18:09.021,0.94387,0.94459,1.37,1.00
2015.07.29 21:18:11.398,0.94388,0.94459,1.37,1.00
2015.07.29 21:18:13.022,0.94388,0.94457,1.37,1.00
2015.07.29 21:18:13.598,0.94388,0.94458,1.37,1.00
2015.07.29 21:18:14.938,0.94387,0.94458,1.37,1.00
2015.07.29 21:18:15.540,0.94388,0.94458,1.37,1.00
2015.07.29 21:18:17.064,0.94387,0.94458,1.37,1.00
2015.07.29 21:18:19.353,0.94388,0.94458,1.37,1.00
2015.07.29 21:18:19.905,0.94387,0.94458,1.37,1.00
2015.07.29 21:18:21.106,0.94388,0.94458,1.37,1.00
2015.07.29 21:18:22.760,0.94387,0.94458,1.37,1.00
2015.07.29 21:18:23.101,0.94388,0.94456,1.37,1.00
2015.07.29 21:18:23.864,0.94388,0.94458,1.37,1.00
2015.07.29 21:18:24.868,0.94387,0.94458,1.37,1.00
2015.07.29 21:18:25.590,0.94388,0.94458,1.37,1.00
2015.07.29 21:18:27.334,0.94387,0.94458,1.37,1.00
2015.07.29 21:18:28.017,0.94388,0.94459,1.37,1.00
2015.07.29 21:18:28.707,0.94388,0.94458,1.37,1.00
2015.07.29 21:18:29.337,0.94388,0.94459,1.37,1.00
2015.07.29 21:18:30.724,0.94387,0.94459,2.62,1.00
2015.07.29 21:18:31.328,0.94388,0.94459,1.37,1.00
2015.07.29 21:18:33.071,0.94388,0.9446,1.37,1.00
2015.07.29 21:18:34.930,0.94387,0.9446,1.87,1.00
2015.07.29 21:18:36.683,0.94389,0.9446,1.37,1.00
2015.07.29 21:18:38.702,0.94392,0.9446,1.37,1.00
2015.07.29 21:18:38.930,0.94393,0.94462,1.37,1.00
2015.07.29 21:18:40.105,0.94393,0.9446,1.37,1.00
2015.07.29 21:18:40.926,0.94392,0.94459,1.37,1.00
2015.07.29 21:18:42.162,0.94393,0.94459,1.37,1.00
2015.07.29 21:18:42.739,0.94393,0.9446,1.37,1.00
2015.07.29 21:18:43.398,0.94392,0.9446,1.37,1.00
2015.07.29 21:18:44.285,0.94393,0.9446,1.37,1.00
2015.07.29 21:18:44.852,0.94392,0.9446,1.37,1.00
2015.07.29 21:18:46.160,0.94393,0.9446,1.37,1.00
2015.07.29 21:18:46.866,0.94392,0.9446,1.37,1.00
2015.07.29 21:18:48.174,0.94393,0.9446,1.37,1.00
2015.07.29 21:18:49.117,0.94392,0.9446,1.37,1.00
2015.07.29 21:18:49.829,0.94393,0.9446,1.37,1.00
2015.07.29 21:18:51.097,0.94392,0.9446,1.37,1.00
2015.07.29 21:18:51.641,0.94392,0.94459,1.37,1.00
2015.07.29 21:18:52.336,0.94393,0.94459,1.37,1.00
2015.07.29 21:18:52.864,0.94393,0.94461,1.37,1.00
2015.07.29 21:18:54.837,0.94392,0.94461,1.37,1.00
2015.07.29 21:18:56.800,0.94393,0.94461,1.37,1.00
2015.07.29 21:18:57.361,0.94394,0.9446,1.37,1.00
2015.07.29 21:18:57.934,0.94394,0.94463,1.37,1.00
2015.07.29 21:18:58.593,0.94394,0.94463,1.37,1.00
2015.07.29 21:18:59.254,0.94393,0.94463,1.37,1.00
2015.07.29 21:18:59.782,0.94393,0.94463,1.37,1.00
2015.07.29 21:19:00.285,0.94393,0.94461,1.37,1.00
2015.07.29 21:19:00.810,0.94393,0.94463,1.37,1.00
2015.07.29 21:19:00.911,0.94392,0.94473,1.37,1.87
2015.07.29 21:19:01.322,0.94392,0.94474,1.37,1.37
2015.07.29 21:19:02.449,0.94393,0.94477,1.37,1.37
2015.07.29 21:19:04.951,0.94392,0.94478,1.37,1.37
2015.07.29 21:19:05.482,0.94393,0.94477,1.37,1.37
2015.07.29 21:19:06.174,0.94392,0.94478,1.37,1.37
2015.07.29 21:19:08.121,0.94393,0.94477,1.37,1.37
2015.07.29 21:19:09.124,0.94392,0.94478,1.37,1.37
2015.07.29 21:19:09.830,0.94393,0.94477,1.37,1.37
2015.07.29 21:19:10.378,0.94392,0.94478,1.37,1.37
2015.07.29 21:19:11.230,0.94393,0.94477,1.37,1.37
2015.07.29 21:19:11.917,0.94392,0.94478,1.37,1.37
2015.07.29 21:19:12.433,0.94393,0.94477,1.37,1.37
2015.07.29 21:19:13.035,0.94392,0.94478,1.37,1.37
2015.07.29 21:19:13.638,0.94393,0.94477,1.37,1.37
2015.07.29 21:19:14.140,0.94392,0.94478,1.37,1.37
2015.07.29 21:19:14.740,0.94393,0.94477,1.37,1.37
2015.07.29 21:19:15.242,0.94392,0.94478,1.37,1.37
2015.07.29 21:19:15.846,0.94393,0.94477,1.37,1.37
2015.07.29 21:19:17.002,0.94392,0.94478,1.37,1.37
2015.07.29 21:19:17.543,0.94393,0.94477,1.37,1.37
2015.07.29 21:19:18.363,0.94392,0.94478,1.37,1.37
2015.07.29 21:19:19.308,0.94393,0.94477,1.37,1.37
2015.07.29 21:19:20.914,0.94392,0.94478,1.37,1.37
2015.07.29 21:19:21.814,0.94393,0.94477,1.37,1.37
2015.07.29 21:19:22.567,0.94392,0.94478,1.37,1.37
2015.07.29 21:19:23.101,0.94393,0.94477,1.37,1.37
2015.07.29 21:19:23.604,0.94392,0.94478,1.37,1.37
2015.07.29 21:19:24.210,0.94393,0.94477,1.37,1.37
2015.07.29 21:19:25.341,0.94392,0.94478,1.37,1.37
2015.07.29 21:19:25.865,0.94393,0.94477,1.37,1.37
2015.07.29 21:19:26.524,0.94392,0.94478,1.37,1.37
2015.07.29 21:19:27.119,0.94393,0.94477,1.37,1.37
2015.07.29 21:19:27.745,0.94392,0.94478,1.37,1.37
2015.07.29 21:19:28.270,0.94393,0.94477,1.37,1.37
2015.07.29 21:19:29.855,0.94392,0.94478,1.37,1.37
2015.07.29 21:19:30.389,0.94393,0.94477,1.37,1.37
2015.07.29 21:19:30.994,0.94392,0.94478,1.37,1.37
2015.07.29 21:19:31.551,0.94393,0.94477,1.37,1.37
2015.07.29 21:19:32.275,0.94392,0.94478,1.37,1.37
2015.07.29 21:19:32.824,0.94393,0.94477,1.37,1.37
2015.07.29 21:19:33.559,0.94392,0.94478,1.37,1.37
2015.07.29 21:19:34.599,0.94393,0.94477,1.37,1.37
2015.07.29 21:19:37.105,0.94392,0.94478,1.37,1.37
2015.07.29 21:19:37.659,0.94393,0.94477,1.37,1.37
2015.07.29 21:19:39.622,0.94392,0.94478,1.37,1.37
2015.07.29 21:19:40.192,0.94393,0.94477,1.37,1.37
2015.07.29 21:19:41.658,0.94392,0.94478,1.37,1.37
2015.07.29 21:19:42.328,0.94393,0.94477,1.37,1.37
2015.07.29 21:19:42.930,0.94392,0.94478,1.37,1.37
2015.07.29 21:19:43.743,0.94393,0.94477,1.37,1.37
2015.07.29 21:19:44.986,0.94392,0.94478,1.37,1.37
2015.07.29 21:19:45.558,0.94393,0.94477,1.37,1.37
2015.07.29 21:19:46.756,0.94392,0.94478,1.37,1.37
2015.07.29 21:19:48.400,0.94393,0.94477,1.37,1.37
2015.07.29 21:19:51.421,0.94392,0.94478,1.37,1.37
2015.07.29 21:19:52.033,0.94393,0.94477,1.37,1.37
2015.07.29 21:19:53.302,0.94392,0.94478,1.37,1.37
2015.07.29 21:19:53.832,0.94393,0.94477,1.37,1.37
2015.07.29 21:19:54.368,0.94392,0.94478,1.37,1.37
2015.07.29 21:19:54.898,0.94393,0.94477,1.37,1.37
2015.07.29 21:19:55.459,0.94392,0.94478,1.37,1.37
2015.07.29 21:19:55.968,0.94393,0.94477,1.37,1.37
2015.07.29 21:19:56.525,0.94392,0.94478,1.37,1.37
2015.07.29 21:19:57.029,0.94393,0.94477,1.37,1.37
2015.07.29 21:19:57.589,0.94392,0.94478,1.37,1.37
2015.07.29 21:19:58.123,0.94393,0.94477,1.37,1.37
2015.07.29 21:19:59.146,0.94392,0.94478,1.37,1.37
2015.07.29 21:19:59.650,0.94393,0.94477,1.37,1.37
2015.07.29 21:20:00.152,0.94392,0.94478,1.37,1.37
2015.07.29 21:20:02.072,0.94393,0.94477,1.37,1.37
2015.07.29 21:20:02.668,0.94392,0.94478,1.37,1.37
2015.07.29 21:20:03.315,0.94393,0.94477,1.37,1.37
2015.07.29 21:20:03.918,0.94392,0.94478,1.37,1.37
2015.07.29 21:20:04.428,0.94393,0.94477,1.37,1.37
2015.07.29 21:20:05.180,0.94392,0.94478,1.37,1.37
2015.07.29 21:20:05.982,0.94393,0.94477,1.37,1.37
2015.07.29 21:20:06.483,0.94392,0.94478,1.37,1.37
2015.07.29 21:20:06.984,0.94393,0.94477,1.37,1.37
2015.07.29 21:20:07.587,0.94392,0.94478,1.37,1.37
2015.07.29 21:20:09.075,0.94393,0.94477,1.37,1.37
2015.07.29 21:20:11.292,0.94392,0.94478,1.37,1.37
2015.07.29 21:20:13.200,0.94393,0.94477,1.37,1.37
2015.07.29 21:20:14.747,0.94392,0.94478,1.37,1.37
2015.07.29 21:20:16.756,0.94393,0.94477,1.37,1.37
2015.07.29 21:20:18.546,0.94392,0.94478,1.37,1.37
2015.07.29 21:20:19.069,0.94393,0.94477,1.37,1.37
2015.07.29 21:20:21.232,0.94392,0.94478,1.37,1.37
2015.07.29 21:20:22.037,0.94393,0.94477,1.37,1.37
2015.07.29 21:20:22.743,0.94392,0.94478,1.37,1.37
2015.07.29 21:20:23.356,0.94393,0.94477,1.37,1.37
2015.07.29 21:20:23.999,0.94392,0.94478,1.37,1.37
2015.07.29 21:20:24.783,0.94393,0.94477,1.37,1.37
2015.07.29 21:20:25.406,0.94392,0.94478,1.37,1.37
2015.07.29 21:20:27.697,0.94393,0.94477,1.37,1.37
2015.07.29 21:20:29.166,0.94392,0.94478,1.37,1.37
2015.07.29 21:20:29.695,0.94393,0.94477,1.37,1.37
2015.07.29 21:20:32.287,0.94392,0.94478,1.37,1.37
2015.07.29 21:20:33.599,0.94393,0.94477,1.37,1.37
2015.07.29 21:20:36.617,0.94392,0.94478,1.37,1.37
2015.07.29 21:20:37.571,0.94393,0.94477,1.37,1.37
2015.07.29 21:20:38.675,0.94392,0.94478,1.37,1.37
2015.07.29 21:20:39.204,0.94393,0.94477,1.37,1.37
2015.07.29 21:20:41.581,0.94392,0.94478,1.37,1.37
2015.07.29 21:20:42.383,0.94393,0.94477,1.37,1.37
2015.07.29 21:20:43.599,0.94392,0.94478,1.37,1.37
2015.07.29 21:20:44.137,0.94393,0.94477,1.37,1.37
2015.07.29 21:20:44.836,0.94392,0.94478,1.37,1.37
2015.07.29 21:20:46.435,0.94393,0.94477,1.37,1.37
2015.07.29 21:20:47.045,0.94392,0.94478,1.37,1.37
2015.07.29 21:20:47.826,0.94393,0.94477,1.37,1.37
2015.07.29 21:20:48.398,0.94392,0.94478,1.37,1.37
2015.07.29 21:20:49.207,0.94393,0.94477,1.37,1.37
2015.07.29 21:20:50.103,0.94392,0.94478,1.37,1.37
2015.07.29 21:20:50.608,0.94393,0.94477,1.37,1.37
2015.07.29 21:20:52.417,0.94392,0.94478,1.37,1.37
2015.07.29 21:20:53.086,0.94393,0.94477,1.37,1.37
2015.07.29 21:20:53.730,0.94392,0.94478,1.37,1.37
2015.07.29 21:20:54.237,0.94393,0.94477,1.37,1.37
2015.07.29 21:20:56.488,0.94392,0.94478,1.37,1.37
2015.07.29 21:20:57.157,0.94393,0.94477,1.37,1.37
2015.07.29 21:20:58.091,0.94392,0.94478,1.37,1.37
2015.07.29 21:20:58.864,0.94393,0.94477,1.37,1.37
2015.07.29 21:20:59.395,0.94392,0.94478,1.37,1.37
2015.07.29 21:21:00.096,0.94393,0.94477,1.37,1.37
2015.07.29 21:21:00.679,0.94392,0.94478,1.37,1.37
2015.07.29 21:21:01.700,0.94393,0.94477,1.37,1.37
2015.07.29 21:21:02.267,0.94392,0.94478,1.37,1.37
2015.07.29 21:21:02.804,0.94393,0.94477,1.37,1.37
2015.07.29 21:21:04.407,0.94392,0.94478,1.37,1.37
2015.07.29 21:21:05.110,0.94393,0.94477,1.37,1.37
2015.07.29 21:21:05.828,0.94392,0.94478,1.37,1.37
2015.07.29 21:21:09.442,0.94393,0.94477,1.37,1.37
2015.07.29 21:21:10.198,0.94392,0.94478,1.37,1.37
2015.07.29 21:21:10.702,0.94393,0.94477,1.37,1.37
2015.07.29 21:21:11.460,0.94392,0.94478,1.37,1.37
2015.07.29 21:21:12.021,0.94393,0.94477,1.37,1.37
2015.07.29 21:21:13.121,0.94392,0.94478,1.37,1.37
2015.07.29 21:21:14.124,0.94393,0.94477,1.37,1.37
2015.07.29 21:21:14.725,0.94392,0.94478,1.37,1.37
2015.07.29 21:21:15.400,0.94393,0.94477,1.37,1.37
2015.07.29 21:21:15.946,0.94392,0.94478,1.37,1.37
2015.07.29 21:21:16.480,0.94393,0.94477,1.37,1.37
2015.07.29 21:21:18.335,0.94392,0.94478,1.37,1.37
2015.07.29 21:21:18.893,0.94393,0.94477,1.37,1.37
2015.07.29 21:21:20.040,0.94392,0.94478,1.37,1.37
2015.07.29 21:21:20.785,0.94393,0.94477,1.37,1.37
2015.07.29 21:21:22.161,0.94392,0.94478,1.37,1.37
2015.07.29 21:21:22.977,0.94393,0.94477,1.37,1.37
2015.07.29 21:21:23.750,0.94392,0.94478,1.37,1.37
2015.07.29 21:21:24.269,0.94393,0.94477,1.37,1.37
2015.07.29 21:21:25.154,0.94392,0.94478,1.37,1.37
2015.07.29 21:21:26.177,0.94393,0.94477,1.37,1.37
2015.07.29 21:21:26.725,0.94392,0.94478,1.37,1.37
2015.07.29 21:21:27.228,0.94393,0.94477,1.37,1.37
2015.07.29 21:21:30.895,0.94392,0.94478,1.37,1.37
2015.07.29 21:21:31.596,0.94393,0.94477,1.37,1.37
2015.07.29 21:21:32.914,0.94392,0.94478,1.37,1.37
2015.07.29 21:21:33.980,0.94393,0.94477,1.37,1.37
2015.07.29 21:21:34.504,0.94392,0.94478,1.37,1.37
2015.07.29 21:21:35.604,0.94393,0.94477,1.37,1.37
2015.07.29 21:21:36.309,0.94392,0.94478,1.37,1.37
2015.07.29 21:21:36.874,0.94393,0.94477,1.37,1.37
2015.07.29 21:21:37.559,0.94392,0.94478,1.37,1.37
2015.07.29 21:21:38.413,0.94393,0.94477,1.37,1.37
2015.07.29 21:21:39.036,0.94393,0.94478,1.37,1.37
2015.07.29 21:21:39.603,0.94393,0.94477,1.87,1.37
2015.07.29 21:21:40.619,0.94394,0.94478,1.37,1.37
2015.07.29 21:21:41.166,0.94396,0.94477,1.37,1.37
2015.07.29 21:21:41.822,0.94398,0.94478,1.00,1.37
2015.07.29 21:21:42.349,0.94397,0.94477,1.37,1.37
2015.07.29 21:21:44.557,0.94408,0.94488,1.00,1.37
2015.07.29 21:21:44.720,0.94412,0.94487,1.00,1.37
2015.07.29 21:21:44.821,0.94409,0.94487,1.00,1.37
2015.07.29 21:21:45.165,0.94407,0.94487,1.00,1.37
2015.07.29 21:21:45.692,0.94407,0.94488,1.50,1.37
2015.07.29 21:21:46.214,0.94408,0.94488,1.00,1.37
2015.07.29 21:21:46.761,0.94409,0.94487,1.00,1.37
2015.07.29 21:21:47.237,0.94414,0.94487,1.00,1.37
2015.07.29 21:21:47.288,0.94414,0.94498,1.00,1.37
2015.07.29 21:21:47.570,0.94416,0.94497,1.00,1.37
2015.07.29 21:21:48.110,0.94415,0.94497,1.00,1.37
2015.07.29 21:21:48.412,0.94424,0.94498,1.00,1.37
2015.07.29 21:21:48.463,0.94424,0.94505,1.00,1.37
2015.07.29 21:21:48.513,0.94439,0.94505,1.00,1.37
2015.07.29 21:21:48.614,0.9443,0.94505,1.00,1.37
2015.07.29 21:21:48.665,0.94438,0.94507,1.00,1.37
2015.07.29 21:21:49.121,0.94415,0.94508,1.00,1.00
2015.07.29 21:21:49.172,0.94415,0.94497,1.00,1.00
2015.07.29 21:21:49.474,0.94417,0.94497,1.00,1.12
2015.07.29 21:21:50.040,0.94417,0.94498,1.00,1.12
2015.07.29 21:21:50.389,0.94441,0.94504,1.00,1.37
2015.07.29 21:21:50.541,0.94436,0.94501,1.00,1.37
2015.07.29 21:21:51.029,0.94439,0.94501,1.00,1.37
2015.07.29 21:21:51.349,0.94437,0.945,1.00,1.37
2015.07.29 21:21:52.013,0.94436,0.94501,1.00,1.37
2015.07.29 21:21:52.114,0.94437,0.945,1.00,1.00
2015.07.29 21:21:52.215,0.94438,0.94506,1.00,1.00
2015.07.29 21:21:52.388,0.94432,0.94504,1.00,1.37
2015.07.29 21:21:52.438,0.94425,0.94504,1.00,1.37
2015.07.29 21:21:52.539,0.94415,0.94503,1.00,1.75
2015.07.29 21:21:52.640,0.94412,0.94506,1.00,1.75
2015.07.29 21:21:52.691,0.94412,0.94492,1.00,1.12
2015.07.29 21:21:52.942,0.94414,0.94493,1.00,1.12
2015.07.29 21:21:53.093,0.94411,0.94493,1.00,1.12
2015.07.29 21:21:53.194,0.94411,0.94482,1.00,1.37
2015.07.29 21:21:53.294,0.94409,0.94482,1.00,1.37
2015.07.29 21:21:53.553,0.94407,0.94482,1.00,1.37
2015.07.29 21:21:53.605,0.94405,0.94482,1.00,1.37
2015.07.29 21:21:53.706,0.94412,0.94482,1.00,1.37
2015.07.29 21:21:53.807,0.94412,0.94492,1.00,1.12
2015.07.29 21:21:54.008,0.94412,0.94482,1.00,1.12
2015.07.29 21:21:54.310,0.94425,0.94508,1.00,1.37
2015.07.29 21:21:54.562,0.94428,0.94507,1.00,1.37
2015.07.29 21:21:54.755,0.94424,0.94508,1.00,1.37
2015.07.29 21:21:55.258,0.94425,0.94508,1.00,1.37
2015.07.29 21:21:56.615,0.94424,0.94507,1.00,1.37
2015.07.29 21:21:57.119,0.94425,0.94507,1.00,1.37
2015.07.29 21:21:57.673,0.94424,0.94508,1.00,1.37
2015.07.29 21:21:58.213,0.94425,0.94507,1.00,1.37
2015.07.29 21:21:58.756,0.94426,0.94507,1.00,1.37
2015.07.29 21:21:59.005,0.94424,0.94507,1.00,1.37
2015.07.29 21:21:59.529,0.94425,0.94507,1.00,1.37
2015.07.29 21:22:00.057,0.94424,0.94507,1.00,1.37
2015.07.29 21:22:00.643,0.94425,0.94508,1.00,1.37
2015.07.29 21:22:01.241,0.94424,0.94507,1.00,1.37
2015.07.29 21:22:02.065,0.94424,0.94508,1.00,1.37
2015.07.29 21:22:02.595,0.94424,0.94507,1.00,1.37
2015.07.29 21:22:03.198,0.94423,0.94507,1.00,1.37
2015.07.29 21:22:03.869,0.94423,0.94508,1.00,1.37
2015.07.29 21:22:04.405,0.94423,0.94507,1.00,1.37
2015.07.29 21:22:05.359,0.94423,0.94508,1.00,1.37
2015.07.29 21:22:05.895,0.94424,0.94507,1.00,1.37
2015.07.29 21:22:06.512,0.94423,0.94507,1.00,1.37
2015.07.29 21:22:09.670,0.94423,0.9451,1.00,1.37
2015.07.29 21:22:10.185,0.94423,0.94509,1.00,1.67
2015.07.29 21:22:10.847,0.94424,0.94509,1.00,1.37
2015.07.29 21:22:12.217,0.94422,0.94509,1.00,1.37
2015.07.29 21:22:12.660,0.94424,0.94509,1.00,1.37
2015.07.29 21:22:13.242,0.94424,0.94509,1.00,1.37
2015.07.29 21:22:13.815,0.94424,0.94509,1.00,1.37
2015.07.29 21:22:14.371,0.94424,0.94509,1.00,1.37
2015.07.29 21:22:15.908,0.94424,0.94509,1.00,1.37
2015.07.29 21:22:19.133,0.94423,0.94508,1.00,1.37
2015.07.29 21:22:19.783,0.94422,0.9451,1.00,1.37
2015.07.29 21:22:20.394,0.94422,0.9451,1.00,1.37
2015.07.29 21:22:20.908,0.94416,0.94501,1.37,1.37
2015.07.29 21:22:21.109,0.94408,0.94496,1.37,1.00
2015.07.29 21:22:21.847,0.94408,0.94495,1.37,1.00
2015.07.29 21:22:22.462,0.94402,0.94495,1.37,1.00
2015.07.29 21:22:23.075,0.94402,0.94498,1.37,1.12
2015.07.29 21:22:23.126,0.94412,0.94503,1.12,2.25
2015.07.29 21:22:23.428,0.94412,0.9451,1.37,1.82
2015.07.29 21:22:23.975,0.94413,0.94505,1.37,1.87
2015.07.29 21:22:24.512,0.94419,0.94503,1.00,1.37
2015.07.29 21:22:25.026,0.94419,0.94501,1.00,1.37
2015.07.29 21:22:25.556,0.94419,0.94501,1.00,1.37
2015.07.29 21:22:26.112,0.94419,0.94501,1.00,1.37
2015.07.29 21:22:26.823,0.94421,0.945,1.00,1.37
2015.07.29 21:22:27.332,0.94421,0.945,1.00,1.37
2015.07.29 21:22:28.519,0.9442,0.94497,1.00,1.37
2015.07.29 21:22:28.569,0.9442,0.94497,1.00,1.00
2015.07.29 21:22:29.704,0.94419,0.94499,1.00,1.00
2015.07.29 21:22:29.906,0.94421,0.94499,1.00,1.00
2015.07.29 21:22:30.705,0.94422,0.94499,1.00,1.00
2015.07.29 21:22:32.976,0.94422,0.94501,1.00,1.00
2015.07.29 21:22:37.382,0.94423,0.94501,1.00,1.00
2015.07.29 21:22:37.513,0.94432,0.94501,1.12,1.00
2015.07.29 21:22:38.226,0.94433,0.94501,1.37,1.00
2015.07.29 21:22:41.351,0.94433,0.94502,1.37,1.00
2015.07.29 21:22:42.705,0.94432,0.94502,1.37,1.00
2015.07.29 21:22:43.546,0.94433,0.94502,1.37,1.00
2015.07.29 21:22:45.551,0.94432,0.94502,1.37,1.00
2015.07.29 21:22:46.058,0.94433,0.94501,1.37,1.00
2015.07.29 21:22:46.854,0.94433,0.94504,1.37,1.00
2015.07.29 21:22:47.355,0.94433,0.94503,1.37,1.00
2015.07.29 21:22:47.942,0.94433,0.94504,1.37,1.00
2015.07.29 21:22:48.453,0.94432,0.94504,1.37,1.00
2015.07.29 21:22:48.621,0.94435,0.94506,1.37,1.00
2015.07.29 21:22:48.722,0.94443,0.94506,1.37,1.00
2015.07.29 21:22:48.933,0.94438,0.94504,1.12,1.00
2015.07.29 21:22:49.541,0.94437,0.94504,1.12,1.00
2015.07.29 21:22:49.964,0.94428,0.94506,1.37,1.00
2015.07.29 21:22:50.166,0.94428,0.94507,1.37,1.37
2015.07.29 21:22:50.632,0.94423,0.94504,1.37,1.05
2015.07.29 21:22:54.234,0.94422,0.94506,1.87,1.37
2015.07.29 21:22:55.136,0.94423,0.94506,1.37,1.37
2015.07.29 21:22:56.239,0.94422,0.94506,1.87,1.37
2015.07.29 21:22:56.832,0.94423,0.94506,1.37,1.37
2015.07.29 21:22:58.144,0.94422,0.94506,1.87,1.37
2015.07.29 21:22:59.295,0.94417,0.94502,1.37,1.37
2015.07.29 21:22:59.821,0.94408,0.94498,1.37,1.37
2015.07.29 21:23:00.426,0.94407,0.94498,1.37,1.12
2015.07.29 21:23:00.953,0.94408,0.94498,1.37,1.37
2015.07.29 21:23:01.465,0.94407,0.94498,1.37,1.12
2015.07.29 21:23:02.659,0.94408,0.94498,1.37,1.37
2015.07.29 21:23:03.206,0.94407,0.94498,1.37,1.12
2015.07.29 21:23:04.560,0.94408,0.94498,1.37,1.37
2015.07.29 21:23:05.061,0.94407,0.94498,1.37,1.12
2015.07.29 21:23:05.662,0.94413,0.94498,1.12,1.37
2015.07.29 21:23:09.401,0.94412,0.94498,1.12,1.12
2015.07.29 21:23:10.212,0.94413,0.94502,1.12,1.87
2015.07.29 21:23:11.713,0.94412,0.94502,1.12,1.37
2015.07.29 21:23:12.380,0.94413,0.94501,1.12,1.37
2015.07.29 21:23:14.284,0.94412,0.94501,1.12,1.37
2015.07.29 21:23:16.197,0.94413,0.94501,1.12,1.37
2015.07.29 21:23:17.414,0.94418,0.94507,1.12,2.62
2015.07.29 21:23:17.717,0.94428,0.94512,1.37,2.70
2015.07.29 21:23:18.372,0.94427,0.94499,1.37,1.37
2015.07.29 21:23:20.159,0.94428,0.94499,1.37,1.37
2015.07.29 21:23:20.691,0.94427,0.94501,1.37,1.37
2015.07.29 21:23:21.281,0.94428,0.94501,1.37,1.37
2015.07.29 21:23:21.865,0.94427,0.94501,1.37,1.37
2015.07.29 21:23:22.603,0.94428,0.94501,1.37,1.37
2015.07.29 21:23:23.264,0.94427,0.94501,1.37,1.37
2015.07.29 21:23:23.862,0.94428,0.94503,1.37,1.00
2015.07.29 21:23:24.474,0.94427,0.94503,1.37,1.00
2015.07.29 21:23:25.396,0.94428,0.94503,1.37,1.00
2015.07.29 21:23:25.948,0.94427,0.94503,1.37,1.00
2015.07.29 21:23:26.898,0.94428,0.94503,1.37,1.00
2015.07.29 21:23:27.792,0.94428,0.94502,1.37,1.00
2015.07.29 21:23:28.393,0.94427,0.94501,1.37,1.00
2015.07.29 21:23:29.492,0.94428,0.94501,1.37,1.00
2015.07.29 21:23:30.298,0.94427,0.94501,1.37,1.00
2015.07.29 21:23:31.985,0.94428,0.94501,1.37,1.00
2015.07.29 21:23:34.348,0.94427,0.94501,1.37,1.00
2015.07.29 21:23:35.401,0.94427,0.94503,1.37,1.00
2015.07.29 21:23:35.903,0.94428,0.94503,1.37,1.00
2015.07.29 21:23:36.418,0.94427,0.94503,1.37,1.00
2015.07.29 21:23:37.368,0.94427,0.9449,1.37,1.00
2015.07.29 21:23:37.418,0.94428,0.9449,1.12,1.00
2015.07.29 21:23:37.821,0.94423,0.94484,1.37,1.00
2015.07.29 21:23:37.931,0.94423,0.94485,1.12,1.00
2015.07.29 21:23:39.521,0.94422,0.94485,1.12,1.00
2015.07.29 21:23:40.301,0.94422,0.94483,1.12,1.00
2015.07.29 21:23:40.676,0.94423,0.94485,1.12,1.00
2015.07.29 21:23:41.186,0.94422,0.94483,1.12,1.00
2015.07.29 21:23:41.836,0.94423,0.94483,1.12,1.00
2015.07.29 21:23:42.350,0.94422,0.94484,1.12,1.00
2015.07.29 21:23:42.940,0.94423,0.94484,1.12,1.00
2015.07.29 21:23:43.492,0.94423,0.94485,1.12,1.00
2015.07.29 21:23:44.842,0.94422,0.94485,1.12,1.00
2015.07.29 21:23:46.610,0.94423,0.94485,1.12,1.00
2015.07.29 21:23:47.350,0.94422,0.94485,1.12,1.00
2015.07.29 21:23:48.575,0.94423,0.94485,1.12,1.00
2015.07.29 21:23:49.111,0.94422,0.94484,1.12,1.00
2015.07.29 21:23:49.660,0.94423,0.94484,1.12,1.00
2015.07.29 21:23:50.554,0.94423,0.94483,1.12,1.00
2015.07.29 21:23:51.101,0.94423,0.94485,1.12,1.00
2015.07.29 21:23:52.924,0.94422,0.94485,1.12,1.00
2015.07.29 21:23:53.826,0.94423,0.94485,1.12,1.00
2015.07.29 21:23:53.877,0.94423,0.94487,1.12,1.00
2015.07.29 21:23:53.927,0.94428,0.94487,1.12,1.00
2015.07.29 21:23:54.592,0.94427,0.94487,1.12,1.00
2015.07.29 21:23:55.920,0.94428,0.94487,1.12,1.00
2015.07.29 21:23:57.975,0.94427,0.94487,1.12,1.00
2015.07.29 21:23:58.076,0.94423,0.94487,1.12,1.00
2015.07.29 21:23:58.127,0.94423,0.94484,1.12,1.00
2015.07.29 21:23:58.991,0.94422,0.94484,1.12,1.00
2015.07.29 21:24:00.834,0.94422,0.9449,1.12,1.00
2015.07.29 21:24:00.884,0.94428,0.94485,1.12,1.00
2015.07.29 21:24:01.091,0.94427,0.94489,1.12,1.00
2015.07.29 21:24:01.192,0.94427,0.94489,1.37,1.00
2015.07.29 21:24:01.495,0.94423,0.94482,1.37,1.00
2015.07.29 21:24:02.745,0.94423,0.9448,1.37,1.00
2015.07.29 21:24:03.090,0.94423,0.94482,1.37,1.00
2015.07.29 21:24:03.141,0.94422,0.94485,1.37,1.00
2015.07.29 21:24:03.762,0.94423,0.94486,1.37,1.00
2015.07.29 21:24:04.558,0.94422,0.94486,1.37,1.00
2015.07.29 21:24:05.265,0.94423,0.94486,1.37,1.00
2015.07.29 21:24:06.464,0.94422,0.94486,1.37,1.00
2015.07.29 21:24:06.966,0.94422,0.94485,1.37,1.00
2015.07.29 21:24:07.612,0.94423,0.94486,1.37,1.00
2015.07.29 21:24:08.297,0.94427,0.9449,1.12,1.00
2015.07.29 21:24:09.007,0.94428,0.9449,1.12,1.00
2015.07.29 21:24:09.120,0.94428,0.94488,1.12,1.00
2015.07.29 21:24:09.473,0.94427,0.9449,1.12,1.00
2015.07.29 21:24:10.074,0.94428,0.9449,1.12,1.00
2015.07.29 21:24:11.787,0.94422,0.94485,1.37,1.00
2015.07.29 21:24:12.614,0.94423,0.94485,1.37,1.00
2015.07.29 21:24:13.782,0.94422,0.94485,1.37,1.00
2015.07.29 21:24:14.595,0.94423,0.94485,1.37,1.00
2015.07.29 21:24:15.787,0.94422,0.94485,1.37,1.00
2015.07.29 21:24:16.404,0.94423,0.94485,1.37,1.00
2015.07.29 21:24:18.030,0.94423,0.94486,1.37,1.00
2015.07.29 21:24:19.508,0.94422,0.94486,1.37,1.00
2015.07.29 21:24:20.367,0.94422,0.94484,1.37,1.00
2015.07.29 21:24:24.296,0.94423,0.94484,1.37,1.00
2015.07.29 21:24:24.835,0.94422,0.94484,1.37,1.00
2015.07.29 21:24:25.640,0.94423,0.94484,1.37,1.00
2015.07.29 21:24:26.301,0.94422,0.94484,1.37,1.00
2015.07.29 21:24:28.018,0.94423,0.94484,1.37,1.00
2015.07.29 21:24:30.360,0.94423,0.94486,1.37,1.00
2015.07.29 21:24:30.461,0.94418,0.9448,1.37,1.00
2015.07.29 21:24:30.562,0.94407,0.9448,1.12,1.00
2015.07.29 21:24:30.612,0.94407,0.94473,1.12,1.00
2015.07.29 21:24:30.864,0.94397,0.94474,1.37,1.00
2015.07.29 21:24:31.401,0.94397,0.94475,1.37,1.00
2015.07.29 21:24:32.017,0.94398,0.94474,1.37,1.00
2015.07.29 21:24:33.162,0.94397,0.94474,1.37,1.00
2015.07.29 21:24:33.213,0.94397,0.94466,1.37,1.00
2015.07.29 21:24:33.264,0.94397,0.94466,1.12,1.00
2015.07.29 21:24:33.566,0.94397,0.94462,1.12,1.00
2015.07.29 21:24:34.071,0.94392,0.94461,1.37,1.00
2015.07.29 21:24:35.765,0.94393,0.94457,1.37,1.00
2015.07.29 21:24:36.070,0.94393,0.94454,1.37,1.00
2015.07.29 21:24:37.533,0.94392,0.94454,1.37,1.00
2015.07.29 21:24:38.288,0.94388,0.94451,1.37,1.00
2015.07.29 21:24:38.620,0.94388,0.94448,1.37,1.00
2015.07.29 21:24:39.783,0.94387,0.94448,1.37,1.00
2015.07.29 21:24:41.817,0.94392,0.9445,1.37,1.00
2015.07.29 21:24:42.425,0.94393,0.9445,1.37,1.00
2015.07.29 21:24:43.440,0.94393,0.94454,1.37,1.00
2015.07.29 21:24:43.591,0.94393,0.94456,1.37,1.00
2015.07.29 21:24:44.130,0.94392,0.94456,1.37,1.00
2015.07.29 21:24:44.690,0.94393,0.94456,1.37,1.00
2015.07.29 21:24:45.896,0.94392,0.94456,1.37,1.00
2015.07.29 21:24:45.997,0.94393,0.9446,1.37,1.00
2015.07.29 21:24:46.350,0.94393,0.94462,1.37,1.00
2015.07.29 21:24:47.454,0.94398,0.94463,1.12,1.00
2015.07.29 21:24:48.302,0.94398,0.94461,1.12,1.00
2015.07.29 21:24:48.610,0.94397,0.94459,1.12,1.00
2015.07.29 21:24:48.939,0.94403,0.94461,1.12,1.00
2015.07.29 21:24:49.456,0.94403,0.9446,1.12,1.00
2015.07.29 21:24:50.381,0.94403,0.94459,1.12,1.00
2015.07.29 21:24:51.280,0.94403,0.94477,1.12,1.12
2015.07.29 21:24:51.331,0.94407,0.94481,1.12,1.00
2015.07.29 21:24:51.683,0.9441,0.94482,1.00,1.00
2015.07.29 21:24:51.961,0.94408,0.94482,1.12,1.00
2015.07.29 21:24:52.813,0.94407,0.94482,1.12,1.00
2015.07.29 21:24:53.715,0.94408,0.94482,1.12,1.00
2015.07.29 21:24:54.251,0.94407,0.94482,1.12,1.00
2015.07.29 21:24:55.919,0.94408,0.94482,1.12,1.00
2015.07.29 21:24:59.038,0.94407,0.94482,1.12,1.00
2015.07.29 21:24:59.089,0.94407,0.94486,1.12,1.00
2015.07.29 21:24:59.290,0.94408,0.94484,1.12,1.00
2015.07.29 21:25:00.274,0.94407,0.94484,1.12,1.00
2015.07.29 21:25:00.819,0.94407,0.94486,1.87,1.00
2015.07.29 21:25:00.870,0.94412,0.94486,1.12,1.00
2015.07.29 21:25:01.495,0.94413,0.94487,1.12,1.12
2015.07.29 21:25:02.164,0.94412,0.94487,1.12,1.00
2015.07.29 21:25:02.611,0.94418,0.94487,1.12,1.00
2015.07.29 21:25:04.288,0.94417,0.94487,1.12,1.00
2015.07.29 21:25:04.905,0.94418,0.94487,1.12,1.00
2015.07.29 21:25:05.565,0.94417,0.94487,1.12,1.00
2015.07.29 21:25:06.677,0.94418,0.94487,1.12,1.00
2015.07.29 21:25:07.279,0.94417,0.94487,1.12,1.00
2015.07.29 21:25:08.582,0.94418,0.94487,1.12,1.00
2015.07.29 21:25:10.320,0.94418,0.94489,1.12,1.00
2015.07.29 21:25:10.375,0.94418,0.94489,1.37,1.00
2015.07.29 21:25:11.891,0.94417,0.94489,1.37,1.00
2015.07.29 21:25:12.392,0.94418,0.94489,1.37,1.00
2015.07.29 21:25:13.004,0.94417,0.94489,1.37,1.00
2015.07.29 21:25:13.055,0.94417,0.94491,1.37,1.00
2015.07.29 21:25:14.497,0.94418,0.94491,1.37,1.00
2015.07.29 21:25:15.523,0.94422,0.94491,1.37,1.00
2015.07.29 21:25:16.078,0.94423,0.9449,1.37,1.00
2015.07.29 21:25:16.636,0.94422,0.9449,1.37,1.00
2015.07.29 21:25:18.151,0.94423,0.9449,1.37,1.00
2015.07.29 21:25:18.791,0.94422,0.9449,1.37,1.00
2015.07.29 21:25:19.460,0.94423,0.9449,1.37,1.50
2015.07.29 21:25:20.397,0.94422,0.9449,1.12,1.00
2015.07.29 21:25:20.558,0.94428,0.9449,1.12,1.00
2015.07.29 21:25:21.178,0.94427,0.94488,1.12,1.00
2015.07.29 21:25:21.948,0.94427,0.9449,1.12,1.00
2015.07.29 21:25:22.567,0.94427,0.94488,1.12,1.00
2015.07.29 21:25:23.158,0.94427,0.9449,1.12,1.00
2015.07.29 21:25:23.666,0.94428,0.94489,1.12,1.00
2015.07.29 21:25:24.478,0.94428,0.94491,1.12,1.00
2015.07.29 21:25:25.125,0.94428,0.94488,1.12,1.00
2015.07.29 21:25:25.688,0.94428,0.9449,1.12,1.00
2015.07.29 21:25:26.475,0.94428,0.94489,1.12,1.00
2015.07.29 21:25:27.443,0.94428,0.94491,1.12,1.00
2015.07.29 21:25:27.680,0.94428,0.94488,1.12,1.00
2015.07.29 21:25:28.327,0.94428,0.9449,1.12,1.00
2015.07.29 21:25:28.686,0.94428,0.94488,1.12,1.00
2015.07.29 21:25:29.390,0.94427,0.94488,1.12,1.00
2015.07.29 21:25:29.541,0.94427,0.9449,1.12,1.00
2015.07.29 21:25:30.156,0.94428,0.94489,1.12,1.00
2015.07.29 21:25:30.688,0.94427,0.94489,1.12,1.00
2015.07.29 21:25:31.525,0.94427,0.9449,1.12,1.00
2015.07.29 21:25:32.056,0.94428,0.9449,1.12,1.00
2015.07.29 21:25:32.582,0.94428,0.94489,1.12,1.00
2015.07.29 21:25:33.127,0.94427,0.94489,1.12,1.00
2015.07.29 21:25:33.700,0.94428,0.94489,1.12,1.00
2015.07.29 21:25:34.479,0.94427,0.94489,1.12,1.00
2015.07.29 21:25:35.140,0.94428,0.94489,1.12,1.00
2015.07.29 21:25:36.510,0.94428,0.9449,1.12,1.00
2015.07.29 21:25:37.050,0.94427,0.94489,1.12,1.00
2015.07.29 21:25:37.567,0.94427,0.9449,1.12,1.00
2015.07.29 21:25:38.309,0.94428,0.9449,1.12,1.00
2015.07.29 21:25:40.171,0.94427,0.9449,1.12,1.00
2015.07.29 21:25:40.718,0.94428,0.9449,1.12,1.00
2015.07.29 21:25:41.637,0.94428,0.94488,1.12,1.00
2015.07.29 21:25:42.139,0.94427,0.94489,1.12,1.00
2015.07.29 21:25:42.685,0.94428,0.94489,1.12,1.00
2015.07.29 21:25:43.947,0.94427,0.94489,1.12,1.00
2015.07.29 21:25:44.678,0.94428,0.94489,1.12,1.00
2015.07.29 21:25:44.988,0.94428,0.94487,1.12,1.00
2015.07.29 21:25:45.548,0.94427,0.94487,1.12,1.00
2015.07.29 21:25:46.235,0.94428,0.94486,1.12,1.00
2015.07.29 21:25:46.744,0.94427,0.94486,1.12,1.00
2015.07.29 21:25:47.551,0.94428,0.94486,1.12,1.00
2015.07.29 21:25:48.197,0.94427,0.94486,1.12,1.00
2015.07.29 21:25:49.013,0.94428,0.94486,1.12,1.00
2015.07.29 21:25:49.778,0.94427,0.94486,1.12,1.00
2015.07.29 21:25:50.280,0.94428,0.94486,1.12,1.00
2015.07.29 21:25:51.003,0.94427,0.94487,1.12,1.00
2015.07.29 21:25:51.805,0.94428,0.94487,1.12,1.00
2015.07.29 21:25:52.306,0.94427,0.94487,1.12,1.00
2015.07.29 21:25:52.407,0.94421,0.94487,1.37,1.00
2015.07.29 21:25:52.559,0.94418,0.94483,1.37,1.00
2015.07.29 21:25:52.811,0.94412,0.94481,1.12,1.00
2015.07.29 21:25:53.320,0.94412,0.94482,1.12,1.50
2015.07.29 21:25:54.051,0.94413,0.94482,1.12,1.50
2015.07.29 21:25:54.678,0.94413,0.94481,1.12,1.00
2015.07.29 21:25:54.728,0.94407,0.94475,1.12,1.00
2015.07.29 21:25:55.232,0.94408,0.94474,1.12,1.00
2015.07.29 21:25:55.882,0.94403,0.94473,1.37,1.00
2015.07.29 21:25:56.599,0.94403,0.94474,1.37,1.00
2015.07.29 21:25:57.028,0.94402,0.94474,1.12,1.00
2015.07.29 21:25:57.079,0.94402,0.94464,1.12,1.00
2015.07.29 21:25:57.417,0.94402,0.94461,1.12,1.00
2015.07.29 21:25:57.956,0.94403,0.94461,1.12,1.00
2015.07.29 21:25:58.457,0.94403,0.94462,1.12,1.00
2015.07.29 21:25:58.947,0.94398,0.94462,1.12,1.00
2015.07.29 21:25:59.451,0.94398,0.94461,1.12,1.00
2015.07.29 21:26:00.309,0.94398,0.94454,1.12,1.00
2015.07.29 21:26:01.679,0.94398,0.94453,1.12,1.00
2015.07.29 21:26:02.501,0.94398,0.94446,1.12,1.00
2015.07.29 21:26:02.711,0.94397,0.94451,1.12,1.00
2015.07.29 21:26:03.306,0.94398,0.9445,1.12,1.00
2015.07.29 21:26:03.807,0.94398,0.94452,1.12,1.00
2015.07.29 21:26:05.568,0.94397,0.94452,1.12,1.00
2015.07.29 21:26:05.619,0.94397,0.9445,1.12,1.00
2015.07.29 21:26:06.120,0.94398,0.9445,1.12,1.00
2015.07.29 21:26:07.209,0.94398,0.94455,1.12,1.00
2015.07.29 21:26:07.818,0.94397,0.94452,1.12,1.00
2015.07.29 21:26:08.325,0.94398,0.94452,1.12,1.00
2015.07.29 21:26:09.088,0.94397,0.94452,1.12,1.00
2015.07.29 21:26:09.951,0.94392,0.94453,1.37,1.00
2015.07.29 21:26:10.482,0.94398,0.94461,1.12,1.00
2015.07.29 21:26:10.582,0.94398,0.94467,1.12,1.00
2015.07.29 21:26:10.633,0.94398,0.94473,1.12,1.37
2015.07.29 21:26:11.034,0.94401,0.94478,1.00,1.87
2015.07.29 21:26:11.135,0.94397,0.94478,1.12,1.87
2015.07.29 21:26:11.841,0.94398,0.94477,1.12,1.37
2015.07.29 21:26:11.892,0.94403,0.94478,1.37,1.00
2015.07.29 21:26:12.491,0.94402,0.94478,1.37,1.00
2015.07.29 21:26:14.328,0.94402,0.94472,1.12,1.00
2015.07.29 21:26:14.877,0.94403,0.94469,1.12,1.00
2015.07.29 21:26:15.596,0.94402,0.9447,1.12,1.00
2015.07.29 21:26:16.112,0.94403,0.9447,1.12,1.00
2015.07.29 21:26:17.621,0.94402,0.9447,1.12,1.00
2015.07.29 21:26:18.124,0.94403,0.9447,1.12,1.00
2015.07.29 21:26:19.231,0.94402,0.9447,1.12,1.00
2015.07.29 21:26:21.267,0.94403,0.9447,1.12,1.00
2015.07.29 21:26:24.745,0.94402,0.9447,1.12,1.00
2015.07.29 21:26:25.246,0.94403,0.9447,1.12,1.00
2015.07.29 21:26:27.407,0.94403,0.94459,1.12,1.00
2015.07.29 21:26:27.760,0.94402,0.94457,1.12,1.00
2015.07.29 21:26:28.554,0.94398,0.94457,1.12,1.00
2015.07.29 21:26:31.246,0.94398,0.94455,1.12,1.00
2015.07.29 21:26:31.764,0.94398,0.94454,1.12,1.00
2015.07.29 21:26:33.774,0.94397,0.94454,1.12,1.00
2015.07.29 21:26:34.080,0.94392,0.94452,1.37,1.00
2015.07.29 21:26:34.629,0.94393,0.94453,1.37,1.00
2015.07.29 21:26:35.233,0.94393,0.94452,1.37,1.00
2015.07.29 21:26:36.679,0.94393,0.94454,1.37,1.00
2015.07.29 21:26:37.293,0.94397,0.94454,1.12,1.00
2015.07.29 21:26:37.897,0.94398,0.94454,1.12,1.00
2015.07.29 21:26:38.641,0.94397,0.94454,1.12,1.00
2015.07.29 21:26:39.251,0.94397,0.94455,1.12,1.00
2015.07.29 21:26:39.905,0.94398,0.94455,1.12,1.00
2015.07.29 21:26:40.409,0.94397,0.94455,1.12,1.00
2015.07.29 21:26:40.862,0.94398,0.94458,1.12,1.00
2015.07.29 21:26:43.224,0.94397,0.94458,1.12,1.00
2015.07.29 21:26:43.712,0.94397,0.94454,1.12,1.00
2015.07.29 21:26:45.788,0.94398,0.94454,1.12,1.00
2015.07.29 21:26:46.990,0.94397,0.94454,1.12,1.00
2015.07.29 21:26:47.800,0.94398,0.94454,1.12,1.00
2015.07.29 21:26:48.361,0.94397,0.94454,1.12,1.00
2015.07.29 21:26:49.364,0.94398,0.94454,1.12,1.00
2015.07.29 21:26:49.946,0.94397,0.94453,1.12,1.00
2015.07.29 21:26:50.567,0.94398,0.94453,1.12,1.00
2015.07.29 21:26:51.861,0.94397,0.94453,1.12,1.00
2015.07.29 21:26:52.403,0.94398,0.94453,1.12,1.00
2015.07.29 21:26:53.723,0.94397,0.94453,1.12,1.00
2015.07.29 21:26:54.282,0.94397,0.94454,1.12,1.00
2015.07.29 21:26:55.190,0.94398,0.94454,1.12,1.00
2015.07.29 21:26:56.010,0.94397,0.94454,1.12,1.00
2015.07.29 21:26:57.854,0.94398,0.94454,1.12,1.00
2015.07.29 21:26:58.265,0.94398,0.94452,1.12,1.00
2015.07.29 21:26:58.773,0.94397,0.94452,1.12,1.00
2015.07.29 21:26:59.317,0.94398,0.94452,1.12,1.00
2015.07.29 21:27:00.820,0.94397,0.94452,1.12,1.00
2015.07.29 21:27:04.847,0.94398,0.94452,1.12,1.00
2015.07.29 21:27:05.675,0.94398,0.94453,1.12,1.00
2015.07.29 21:27:06.852,0.94397,0.94453,1.12,1.00
2015.07.29 21:27:07.898,0.94398,0.94453,1.12,1.00
2015.07.29 21:27:08.418,0.94397,0.94453,1.12,1.00
2015.07.29 21:27:09.568,0.94398,0.94453,1.12,1.00
2015.07.29 21:27:11.585,0.94397,0.94453,1.12,1.00
2015.07.29 21:27:12.390,0.94398,0.94453,1.12,1.00
2015.07.29 21:27:13.597,0.94397,0.94453,1.12,1.00
2015.07.29 21:27:14.102,0.94397,0.94452,1.87,1.00
2015.07.29 21:27:14.603,0.94393,0.94451,1.37,1.00
2015.07.29 21:27:16.377,0.94398,0.94457,1.12,1.00
2015.07.29 21:27:17.956,0.94397,0.94458,1.12,1.00
2015.07.29 21:27:19.205,0.94397,0.94456,1.12,1.00
2015.07.29 21:27:19.845,0.94398,0.94456,1.12,1.00
2015.07.29 21:27:20.852,0.94397,0.94456,1.12,1.00
2015.07.29 21:27:21.858,0.94398,0.94456,1.12,1.00
2015.07.29 21:27:23.017,0.94397,0.94456,1.12,1.00
2015.07.29 21:27:24.876,0.94398,0.94456,1.12,1.00
2015.07.29 21:27:27.796,0.94397,0.94456,1.12,1.00
2015.07.29 21:27:29.103,0.94398,0.94456,1.12,1.00
2015.07.29 21:27:29.636,0.94398,0.94455,1.12,1.00
2015.07.29 21:27:30.162,0.94398,0.94456,1.12,1.00
2015.07.29 21:27:31.230,0.94397,0.94456,1.12,1.00
2015.07.29 21:27:32.025,0.94398,0.94456,1.12,1.00
2015.07.29 21:27:34.038,0.94397,0.94456,1.12,1.00
2015.07.29 21:27:34.391,0.94397,0.94454,1.12,1.00
2015.07.29 21:27:34.714,0.94397,0.94452,1.12,1.00
2015.07.29 21:27:35.233,0.94398,0.94453,1.12,1.00
2015.07.29 21:27:35.752,0.94397,0.94453,1.12,1.00
2015.07.29 21:27:36.387,0.94398,0.94453,1.12,1.00
2015.07.29 21:27:37.566,0.94397,0.94453,1.12,1.00
2015.07.29 21:27:39.123,0.94398,0.94451,1.12,1.00
2015.07.29 21:27:39.637,0.94397,0.94451,1.12,1.00
2015.07.29 21:27:40.927,0.94398,0.94451,1.12,1.00
2015.07.29 21:27:43.339,0.94397,0.94451,1.12,1.00
2015.07.29 21:27:43.775,0.94393,0.94449,1.37,1.00
2015.07.29 21:27:44.459,0.94392,0.94449,1.37,1.00
2015.07.29 21:27:45.267,0.94393,0.94449,1.37,1.00
2015.07.29 21:27:45.790,0.94392,0.94449,1.37,1.00
2015.07.29 21:27:46.562,0.94392,0.94448,1.37,1.00
2015.07.29 21:27:47.217,0.94393,0.94448,1.37,1.00
2015.07.29 21:27:47.475,0.94393,0.9445,1.37,1.00
2015.07.29 21:27:48.431,0.94392,0.9445,1.37,1.00
2015.07.29 21:27:48.710,0.94392,0.94457,1.37,1.00
2015.07.29 21:27:49.214,0.94393,0.94457,1.37,1.00
2015.07.29 21:27:52.061,0.94392,0.94457,1.37,1.00
2015.07.29 21:27:52.645,0.94393,0.94457,1.37,1.00
2015.07.29 21:27:55.952,0.94392,0.94457,1.37,1.00
2015.07.29 21:27:57.681,0.94393,0.94457,1.37,1.00
2015.07.29 21:27:58.144,0.94393,0.94455,1.37,1.00
2015.07.29 21:27:58.465,0.94395,0.94453,1.37,1.00
2015.07.29 21:27:59.066,0.94394,0.94454,1.37,1.00
2015.07.29 21:28:00.138,0.94395,0.94455,1.37,1.00
2015.07.29 21:28:00.864,0.94393,0.94455,1.37,1.00
2015.07.29 21:28:02.375,0.94393,0.94455,1.87,1.00
2015.07.29 21:28:04.112,0.94394,0.94455,1.37,1.00
2015.07.29 21:28:05.080,0.94393,0.94455,1.87,1.00
2015.07.29 21:28:05.684,0.94393,0.94456,1.37,1.00
2015.07.29 21:28:06.373,0.94392,0.94455,1.87,1.00
2015.07.29 21:28:08.899,0.94393,0.94455,1.87,1.00
2015.07.29 21:28:10.191,0.94393,0.94455,1.37,1.00
2015.07.29 21:28:11.218,0.94393,0.94455,1.37,1.00
2015.07.29 21:28:11.922,0.94392,0.94455,1.87,1.00
2015.07.29 21:28:12.789,0.94393,0.94455,1.87,1.00
2015.07.29 21:28:14.204,0.94393,0.94456,1.37,1.00
2015.07.29 21:28:14.764,0.94393,0.94455,1.37,1.00
2015.07.29 21:28:15.753,0.94393,0.94453,1.37,1.00
2015.07.29 21:28:16.106,0.94392,0.9445,1.87,1.00
2015.07.29 21:28:16.792,0.94393,0.9445,1.37,1.00
2015.07.29 21:28:17.294,0.94392,0.94451,1.37,1.00
2015.07.29 21:28:18.054,0.94393,0.94451,1.87,1.00
2015.07.29 21:28:18.934,0.94394,0.94452,1.37,1.00
2015.07.29 21:28:19.575,0.94393,0.94452,1.37,1.00
2015.07.29 21:28:20.174,0.94393,0.94452,1.87,1.00
2015.07.29 21:28:20.828,0.94392,0.94452,1.37,1.00
2015.07.29 21:28:21.353,0.94393,0.94454,1.37,1.00
2015.07.29 21:28:21.870,0.94398,0.94454,1.12,1.00
2015.07.29 21:28:23.665,0.94397,0.94454,1.12,1.00
2015.07.29 21:28:24.168,0.94398,0.94454,1.12,1.00
2015.07.29 21:28:25.125,0.94397,0.94455,1.12,1.00
2015.07.29 21:28:25.629,0.94398,0.94455,1.12,1.00
2015.07.29 21:28:27.534,0.94397,0.94455,1.12,1.00
2015.07.29 21:28:28.404,0.94398,0.94455,1.12,1.00
2015.07.29 21:28:31.899,0.94397,0.94455,1.12,1.00
2015.07.29 21:28:33.803,0.94398,0.94455,1.12,1.00
2015.07.29 21:28:34.324,0.94397,0.94454,1.12,1.00
2015.07.29 21:28:35.033,0.94398,0.94455,1.12,1.00
2015.07.29 21:28:35.909,0.94397,0.94455,1.12,1.00
2015.07.29 21:28:36.433,0.94398,0.94455,1.12,1.00
2015.07.29 21:28:37.914,0.94397,0.94455,1.12,1.00
2015.07.29 21:28:39.919,0.94398,0.94455,1.12,1.00
2015.07.29 21:28:41.924,0.94397,0.94453,1.12,1.00
2015.07.29 21:28:42.391,0.94397,0.94455,1.12,1.00
2015.07.29 21:28:43.153,0.94397,0.94453,1.12,1.00
2015.07.29 21:28:43.765,0.94397,0.94454,1.12,1.00
2015.07.29 21:28:44.424,0.94398,0.94454,1.12,1.00
2015.07.29 21:28:45.084,0.94397,0.94454,1.12,1.00
2015.07.29 21:28:45.684,0.94398,0.94455,1.12,1.00
2015.07.29 21:28:46.209,0.94397,0.94455,1.12,1.00
2015.07.29 21:28:46.434,0.94397,0.94462,1.12,1.00
2015.07.29 21:28:46.485,0.94397,0.94462,1.37,1.00
2015.07.29 21:28:46.687,0.94402,0.94469,1.12,1.50
2015.07.29 21:28:47.204,0.94402,0.94474,1.12,1.00
2015.07.29 21:28:47.873,0.94403,0.94474,1.12,1.00
2015.07.29 21:28:48.533,0.94402,0.94474,1.12,1.00
2015.07.29 21:28:49.276,0.94403,0.94474,1.12,1.00
2015.07.29 21:28:49.733,0.94402,0.94478,1.12,1.00
2015.07.29 21:28:49.784,0.94408,0.94478,1.12,1.00
2015.07.29 21:28:50.369,0.94408,0.9448,1.12,1.00
2015.07.29 21:28:50.478,0.94413,0.9448,1.12,1.00
2015.07.29 21:28:52.166,0.94412,0.9448,1.12,1.00
2015.07.29 21:28:52.604,0.94412,0.94484,1.37,1.00
2015.07.29 21:28:53.131,0.94414,0.94483,1.37,1.00
2015.07.29 21:28:53.866,0.94414,0.94483,1.37,1.00
2015.07.29 21:28:54.931,0.94414,0.94483,1.37,1.00
2015.07.29 21:28:55.517,0.94424,0.94486,1.00,1.00
2015.07.29 21:28:57.395,0.94423,0.94486,1.12,1.00
2015.07.29 21:28:57.813,0.94423,0.94486,1.87,1.00
2015.07.29 21:28:58.147,0.9443,0.94487,1.00,1.00
2015.07.29 21:28:58.646,0.94423,0.94487,1.37,1.00
2015.07.29 21:28:59.453,0.94424,0.94487,1.37,1.00
2015.07.29 21:28:59.989,0.94424,0.94488,1.37,1.00
2015.07.29 21:29:01.358,0.94428,0.94486,1.00,1.00
2015.07.29 21:29:01.409,0.94425,0.94486,1.00,1.00
2015.07.29 21:29:01.509,0.94422,0.94486,1.12,1.00
2015.07.29 21:29:02.659,0.94423,0.94486,1.12,1.00
2015.07.29 21:29:03.411,0.94423,0.94487,1.12,1.00
2015.07.29 21:29:05.413,0.94423,0.94484,1.12,1.00
2015.07.29 21:29:05.718,0.94432,0.94484,1.12,1.00
2015.07.29 21:29:06.021,0.94438,0.94485,1.37,1.00
2015.07.29 21:29:06.711,0.94437,0.94485,1.37,1.00
2015.07.29 21:29:07.463,0.94437,0.94485,1.12,1.00
2015.07.29 21:29:07.974,0.94433,0.94484,1.37,1.00
2015.07.29 21:29:09.012,0.94433,0.94491,1.37,1.00
2015.07.29 21:29:09.163,0.94433,0.94467,1.37,1.00
2015.07.29 21:29:09.214,0.94432,0.94467,1.12,1.00
2015.07.29 21:29:09.419,0.94433,0.94488,1.12,1.00
2015.07.29 21:29:09.709,0.94433,0.94492,1.12,1.12
2015.07.29 21:29:09.860,0.94439,0.94492,1.00,1.12
2015.07.29 21:29:10.153,0.94433,0.94487,1.12,1.00
2015.07.29 21:29:10.204,0.94432,0.94487,1.37,1.00
2015.07.29 21:29:10.305,0.94423,0.94487,1.12,1.00
2015.07.29 21:29:10.676,0.94427,0.94481,1.37,1.00
2015.07.29 21:29:11.286,0.94433,0.94481,1.12,1.00
2015.07.29 21:29:11.835,0.94432,0.94481,1.12,1.00
2015.07.29 21:29:12.341,0.94432,0.9448,1.12,1.00
2015.07.29 21:29:12.879,0.94432,0.94479,1.12,1.00
2015.07.29 21:29:13.439,0.94432,0.94478,1.87,1.00
2015.07.29 21:29:13.991,0.94432,0.94479,1.87,1.00
2015.07.29 21:29:14.735,0.94432,0.94478,1.00,1.00
2015.07.29 21:29:14.994,0.94423,0.94486,1.37,1.00
2015.07.29 21:29:15.095,0.94423,0.94482,1.37,1.00
2015.07.29 21:29:15.397,0.94423,0.94481,1.12,1.00
2015.07.29 21:29:15.549,0.94422,0.94478,1.12,1.00
2015.07.29 21:29:15.851,0.94428,0.94478,1.37,1.00
2015.07.29 21:29:16.197,0.94433,0.94478,1.37,1.00
2015.07.29 21:29:17.142,0.94432,0.94487,1.12,1.00
2015.07.29 21:29:17.196,0.94433,0.94483,1.12,1.00
2015.07.29 21:29:17.297,0.94414,0.94487,1.00,1.12
2015.07.29 21:29:17.622,0.94416,0.94488,1.00,1.87
2015.07.29 21:29:18.053,0.9442,0.94487,1.00,1.00
2015.07.29 21:29:18.154,0.94413,0.94482,1.87,1.00
2015.07.29 21:29:18.407,0.94408,0.94484,1.12,1.37
2015.07.29 21:29:19.059,0.94407,0.94482,1.12,1.00
2015.07.29 21:29:19.211,0.94403,0.94478,1.37,1.00
2015.07.29 21:29:19.744,0.94402,0.94478,1.37,1.00
2015.07.29 21:29:20.272,0.94403,0.94478,1.37,1.00
2015.07.29 21:29:20.658,0.94412,0.94469,1.87,1.00
2015.07.29 21:29:21.208,0.94423,0.94469,1.37,1.00
2015.07.29 21:29:21.713,0.94422,0.94469,1.37,1.00
2015.07.29 21:29:22.358,0.94422,0.94467,1.37,1.00
2015.07.29 21:29:22.816,0.94423,0.94469,1.37,1.00
2015.07.29 21:29:23.673,0.94423,0.94468,1.37,1.00
2015.07.29 21:29:23.898,0.94422,0.9447,1.37,1.00
2015.07.29 21:29:24.399,0.94423,0.9447,1.37,1.00
2015.07.29 21:29:25.248,0.94422,0.9447,1.37,1.00
2015.07.29 21:29:25.859,0.94423,0.9447,1.37,1.00
2015.07.29 21:29:25.982,0.94423,0.94467,1.37,1.00
2015.07.29 21:29:26.519,0.94423,0.94468,1.37,1.00
2015.07.29 21:29:26.972,0.94422,0.9447,1.37,1.00
2015.07.29 21:29:27.760,0.94423,0.94467,1.37,1.00
2015.07.29 21:29:28.091,0.94423,0.9447,1.37,1.00
2015.07.29 21:29:28.654,0.94422,0.9447,1.37,1.00
2015.07.29 21:29:29.208,0.94422,0.94469,1.37,1.00
2015.07.29 21:29:30.869,0.94423,0.94469,1.37,1.00
2015.07.29 21:29:31.976,0.94422,0.94469,1.37,1.00
2015.07.29 21:29:32.431,0.94422,0.94472,1.37,1.00
2015.07.29 21:29:32.482,0.94422,0.94475,1.12,1.00
2015.07.29 21:29:32.684,0.94413,0.94475,1.37,1.00
2015.07.29 21:29:32.735,0.94413,0.94468,1.37,1.00
2015.07.29 21:29:33.284,0.94412,0.94468,1.37,1.00
2015.07.29 21:29:33.739,0.94422,0.94468,1.37,1.00
2015.07.29 21:29:35.847,0.94423,0.94468,1.37,1.00
2015.07.29 21:29:37.904,0.94423,0.94469,1.37,1.00
2015.07.29 21:29:38.566,0.94423,0.94468,1.37,1.00
2015.07.29 21:29:39.105,0.94422,0.94468,1.37,1.00
2015.07.29 21:29:39.292,0.94422,0.94471,1.37,1.00
2015.07.29 21:29:39.934,0.94423,0.94471,1.37,1.00
2015.07.29 21:29:40.108,0.94423,0.94468,1.37,1.00
2015.07.29 21:29:40.659,0.94422,0.94467,1.37,1.00
2015.07.29 21:29:42.686,0.94423,0.94467,1.37,1.00
2015.07.29 21:29:43.253,0.94422,0.94467,1.37,1.00
2015.07.29 21:29:44.670,0.94423,0.94467,1.37,1.00
2015.07.29 21:29:45.272,0.94422,0.94467,1.37,1.00
2015.07.29 21:29:46.722,0.94423,0.94467,1.37,1.00
2015.07.29 21:29:47.713,0.94422,0.94467,1.37,1.00
2015.07.29 21:29:48.229,0.94423,0.94467,1.37,1.00
2015.07.29 21:29:48.881,0.94422,0.94467,1.37,1.00
2015.07.29 21:29:49.414,0.94423,0.94467,1.37,1.00
2015.07.29 21:29:49.955,0.94422,0.94467,1.37,1.00
2015.07.29 21:29:51.090,0.94423,0.94467,1.37,1.00
2015.07.29 21:29:53.155,0.94423,0.9447,1.37,1.00
2015.07.29 21:29:53.206,0.94414,0.9447,1.00,1.00
2015.07.29 21:29:53.306,0.94397,0.94467,2.62,1.00
2015.07.29 21:29:53.408,0.94398,0.94464,1.37,1.00
2015.07.29 21:29:53.910,0.94397,0.94464,1.37,1.00
2015.07.29 21:29:54.012,0.94398,0.94461,1.12,1.00
2015.07.29 21:29:55.170,0.94393,0.94459,1.37,1.00
2015.07.29 21:29:55.271,0.94393,0.94466,1.37,1.00
2015.07.29 21:29:55.371,0.94393,0.94459,1.37,1.00
2015.07.29 21:29:55.674,0.94398,0.9446,1.37,1.00
2015.07.29 21:29:56.178,0.94397,0.94461,1.37,1.00
2015.07.29 21:29:56.279,0.94397,0.9446,1.12,1.00
2015.07.29 21:29:56.816,0.94398,0.9446,1.12,1.00
2015.07.29 21:29:57.118,0.94398,0.94472,1.12,1.50
2015.07.29 21:29:57.169,0.94408,0.94473,1.12,1.00
2015.07.29 21:29:57.470,0.94416,0.94474,1.00,1.00
2015.07.29 21:29:57.691,0.94407,0.94474,1.87,1.00
2015.07.29 21:29:58.195,0.94408,0.94474,1.12,1.00
2015.07.29 21:29:58.849,0.94407,0.94474,1.87,1.00
2015.07.29 21:29:59.117,0.94414,0.94474,1.00,1.00
2015.07.29 21:29:59.168,0.94409,0.94474,1.00,1.00
2015.07.29 21:29:59.805,0.94408,0.94474,1.00,1.00
2015.07.29 21:30:00.360,0.94417,0.94474,1.12,1.00
2015.07.29 21:30:01.111,0.94418,0.94475,1.12,1.00
2015.07.29 21:30:01.452,0.94418,0.94467,1.12,1.00
2015.07.29 21:30:02.085,0.94417,0.94467,1.12,1.00
2015.07.29 21:30:02.615,0.94418,0.94467,1.12,1.00
2015.07.29 21:30:03.828,0.94418,0.94466,1.12,1.00
2015.07.29 21:30:04.330,0.94418,0.94465,1.12,1.00
2015.07.29 21:30:06.237,0.94417,0.94465,1.12,1.00
2015.07.29 21:30:06.790,0.94417,0.94466,1.12,1.00
2015.07.29 21:30:08.547,0.94418,0.94466,1.12,1.00
2015.07.29 21:30:09.150,0.94418,0.94465,1.87,1.00
2015.07.29 21:30:09.251,0.94418,0.94474,1.37,1.00
2015.07.29 21:30:09.755,0.94417,0.94473,1.37,1.00
2015.07.29 21:30:10.257,0.94418,0.94473,1.37,1.00
2015.07.29 21:30:10.787,0.94417,0.94472,1.37,1.00
2015.07.29 21:30:11.303,0.94418,0.94473,1.37,1.00
2015.07.29 21:30:12.585,0.94417,0.94473,1.37,1.00
2015.07.29 21:30:13.406,0.94417,0.94474,1.37,1.00
2015.07.29 21:30:13.618,0.94417,0.94472,1.37,1.00
2015.07.29 21:30:14.992,0.94418,0.94472,1.37,1.00
2015.07.29 21:30:16.040,0.94417,0.94473,1.37,1.00
2015.07.29 21:30:16.600,0.94418,0.94473,1.37,1.00
2015.07.29 21:30:17.259,0.94418,0.94474,1.37,1.00
2015.07.29 21:30:17.791,0.94418,0.94473,1.37,1.00
2015.07.29 21:30:18.372,0.94417,0.94473,1.37,1.00
2015.07.29 21:30:19.319,0.94418,0.94473,1.37,1.00
2015.07.29 21:30:21.265,0.94417,0.94474,1.37,1.00
2015.07.29 21:30:21.827,0.94418,0.94473,1.37,1.00
2015.07.29 21:30:22.334,0.94417,0.94472,1.37,1.00
2015.07.29 21:30:22.851,0.94418,0.94472,1.37,1.00
2015.07.29 21:30:23.848,0.94418,0.94473,1.37,1.00
2015.07.29 21:30:24.508,0.94418,0.94472,1.37,1.00
2015.07.29 21:30:24.948,0.94418,0.94474,1.37,1.00
2015.07.29 21:30:26.565,0.94417,0.94474,1.37,1.00
2015.07.29 21:30:27.011,0.94411,0.94474,1.37,1.00
2015.07.29 21:30:27.531,0.94411,0.94473,1.37,1.00
2015.07.29 21:30:28.292,0.94411,0.94475,1.37,1.00
2015.07.29 21:30:28.986,0.94411,0.94474,1.37,1.00
2015.07.29 21:30:29.755,0.94411,0.94474,1.37,1.00
2015.07.29 21:30:30.391,0.94408,0.94475,1.37,1.00
2015.07.29 21:30:30.935,0.94408,0.94475,1.87,1.00
2015.07.29 21:30:31.670,0.94408,0.94475,1.37,1.00
2015.07.29 21:30:34.513,0.94408,0.94475,1.87,1.00
2015.07.29 21:30:35.416,0.94411,0.94476,1.37,1.00
2015.07.29 21:30:35.517,0.94415,0.94481,1.00,1.00
2015.07.29 21:30:35.975,0.94417,0.94482,1.00,1.87
2015.07.29 21:30:37.927,0.94415,0.94482,1.00,1.00
2015.07.29 21:30:41.118,0.94413,0.94463,1.12,1.00
2015.07.29 21:30:41.168,0.94408,0.94463,1.50,1.00
2015.07.29 21:30:41.269,0.94402,0.94458,1.37,1.00
2015.07.29 21:30:41.665,0.94398,0.94456,1.37,1.00
2015.07.29 21:30:41.716,0.94385,0.94456,1.37,1.00
2015.07.29 21:30:42.016,0.9438,0.94455,1.37,1.37
2015.07.29 21:30:42.167,0.9438,0.94455,1.92,1.37
2015.07.29 21:30:42.488,0.9438,0.94455,1.90,1.00
2015.07.29 21:30:43.028,0.9438,0.94455,1.90,1.00
2015.07.29 21:30:43.578,0.9438,0.94455,1.90,1.00
2015.07.29 21:30:44.220,0.94383,0.94455,1.05,1.00
2015.07.29 21:30:44.572,0.94383,0.94452,1.80,1.00
2015.07.29 21:30:44.874,0.94411,0.94464,1.00,1.00
2015.07.29 21:30:44.975,0.94403,0.94461,1.12,1.00
2015.07.29 21:30:45.126,0.94416,0.94477,1.00,1.12
2015.07.29 21:30:45.227,0.94416,0.94482,1.00,1.12
2015.07.29 21:30:45.328,0.94418,0.94483,1.37,1.00
2015.07.29 21:30:45.984,0.94417,0.94483,1.37,1.00
2015.07.29 21:30:46.428,0.94412,0.94479,1.12,1.00
2015.07.29 21:30:46.630,0.94403,0.94477,1.00,1.37
2015.07.29 21:30:46.932,0.94403,0.94477,1.12,1.12
2015.07.29 21:30:48.246,0.94403,0.94475,1.12,1.00
2015.07.29 21:30:49.936,0.94403,0.94478,1.37,1.12
2015.07.29 21:30:50.439,0.94403,0.94477,1.87,1.12
2015.07.29 21:30:51.261,0.94403,0.94479,1.37,1.37
2015.07.29 21:30:51.797,0.94403,0.94477,1.87,1.12
2015.07.29 21:30:52.304,0.94403,0.94476,1.37,1.00
2015.07.29 21:30:52.910,0.94403,0.94476,1.87,1.00
2015.07.29 21:30:53.237,0.94403,0.94465,1.87,1.00
2015.07.29 21:30:53.553,0.94403,0.9446,1.37,1.00
2015.07.29 21:30:53.704,0.94402,0.94462,1.37,1.00
2015.07.29 21:30:53.755,0.94398,0.94462,1.12,1.00
2015.07.29 21:30:54.289,0.94398,0.94461,1.12,1.00
2015.07.29 21:30:55.301,0.94397,0.94461,1.87,1.00
2015.07.29 21:30:56.577,0.94397,0.94461,1.87,1.60
2015.07.29 21:30:56.929,0.94394,0.94417,1.00,1.00
2015.07.29 21:30:56.984,0.94369,0.94416,1.00,1.00
2015.07.29 21:30:57.286,0.9437,0.94417,1.60,1.00
2015.07.29 21:30:57.438,0.94382,0.9444,1.12,1.00
2015.07.29 21:30:57.539,0.94384,0.94449,1.00,1.00
2015.07.29 21:30:57.640,0.94384,0.94457,1.37,1.37
2015.07.29 21:30:58.002,0.94389,0.94463,1.37,1.12
2015.07.29 21:30:59.160,0.94391,0.94462,1.37,1.12
2015.07.29 21:31:02.122,0.944,0.94462,1.00,1.12
2015.07.29 21:31:02.173,0.944,0.94467,2.25,1.12
2015.07.29 21:31:02.224,0.94405,0.94467,1.00,1.12
2015.07.29 21:31:02.884,0.94404,0.94467,1.00,1.12
2015.07.29 21:31:02.985,0.94404,0.94474,1.37,1.00
2015.07.29 21:31:03.541,0.94404,0.94474,1.37,1.00
2015.07.29 21:31:04.239,0.94407,0.94473,1.37,1.00
2015.07.29 21:31:05.353,0.94409,0.94473,1.00,1.00
2015.07.29 21:31:05.876,0.94409,0.94476,1.00,1.00
2015.07.29 21:31:06.320,0.94407,0.94475,1.12,1.00
2015.07.29 21:31:07.006,0.94406,0.94475,1.87,1.00
2015.07.29 21:31:07.529,0.94411,0.94476,1.00,1.00
2015.07.29 21:31:08.031,0.9441,0.94476,1.37,1.00
2015.07.29 21:31:08.647,0.94412,0.94476,1.37,1.00
2015.07.29 21:31:09.634,0.94413,0.94477,1.12,1.12
2015.07.29 21:31:09.962,0.94415,0.94477,1.00,1.00
2015.07.29 21:31:10.086,0.94408,0.94477,1.37,1.00
2015.07.29 21:31:12.136,0.94407,0.94476,1.37,1.00
2015.07.29 21:31:12.686,0.94408,0.94476,1.37,1.00
2015.07.29 21:31:13.294,0.94407,0.94476,1.87,1.00
2015.07.29 21:31:13.889,0.94408,0.94476,1.37,1.00
2015.07.29 21:31:14.614,0.94407,0.94476,1.37,1.00
2015.07.29 21:31:14.887,0.94407,0.94478,1.37,1.12
2015.07.29 21:31:14.937,0.94404,0.94478,1.37,1.87
2015.07.29 21:31:15.349,0.94416,0.94477,1.00,1.12
2015.07.29 21:31:15.652,0.94429,0.94475,1.00,1.00
2015.07.29 21:31:16.134,0.94415,0.94477,1.00,1.00
2015.07.29 21:31:16.688,0.94416,0.94479,1.00,1.37
2015.07.29 21:31:16.947,0.94416,0.94479,1.37,1.37
2015.07.29 21:31:17.465,0.94415,0.94477,1.37,1.00
2015.07.29 21:31:18.164,0.94415,0.94477,1.37,1.12
2015.07.29 21:31:19.045,0.94416,0.94477,1.37,1.00
2015.07.29 21:31:19.604,0.94416,0.94477,1.37,1.12
2015.07.29 21:31:21.064,0.94415,0.94477,1.87,1.00
2015.07.29 21:31:21.572,0.94413,0.94476,1.37,1.00
2015.07.29 21:31:22.086,0.94414,0.94476,1.37,1.00
2015.07.29 21:31:24.501,0.94413,0.94476,1.37,1.00
2015.07.29 21:31:25.863,0.94413,0.94476,1.37,1.00
2015.07.29 21:31:26.578,0.94415,0.94477,1.37,1.00
2015.07.29 21:31:27.166,0.94415,0.94478,1.37,1.37
2015.07.29 21:31:27.667,0.94415,0.94478,1.37,1.12
2015.07.29 21:31:28.277,0.94414,0.94478,1.37,1.37
2015.07.29 21:31:30.156,0.94414,0.94478,1.87,1.12
2015.07.29 21:31:30.476,0.94426,0.94483,1.00,1.37
2015.07.29 21:31:30.577,0.94433,0.94491,1.00,1.00
2015.07.29 21:31:31.031,0.9443,0.94492,1.00,1.87
2015.07.29 21:31:31.132,0.94425,0.94492,2.62,1.87
2015.07.29 21:31:31.478,0.94425,0.94493,1.00,1.87
2015.07.29 21:31:31.529,0.94419,0.94493,1.50,1.37
2015.07.29 21:31:32.433,0.94419,0.94487,1.50,1.87
2015.07.29 21:31:33.082,0.94419,0.94486,1.50,1.00
2015.07.29 21:31:33.407,0.94419,0.94484,1.50,1.00
2015.07.29 21:31:34.074,0.94419,0.94485,1.50,1.00
2015.07.29 21:31:34.638,0.94419,0.94484,1.50,1.00
2015.07.29 21:31:35.687,0.94419,0.94483,1.50,1.00
2015.07.29 21:31:35.998,0.94419,0.94483,1.87,1.00
2015.07.29 21:31:36.048,0.94419,0.94485,1.87,1.00
2015.07.29 21:31:36.550,0.94419,0.94486,1.87,1.00
2015.07.29 21:31:37.220,0.94419,0.94486,1.87,1.00
2015.07.29 21:31:37.762,0.94419,0.94487,1.87,1.00
2015.07.29 21:31:38.096,0.94419,0.94489,1.87,1.00
2015.07.29 21:31:40.202,0.94419,0.94489,1.87,1.00
2015.07.29 21:31:40.303,0.94419,0.94487,1.87,1.00
2015.07.29 21:31:40.520,0.94419,0.94486,1.50,1.00
2015.07.29 21:31:40.946,0.94414,0.94489,1.87,1.37
2015.07.29 21:31:41.473,0.94414,0.94487,1.87,1.00
2015.07.29 21:31:41.996,0.94414,0.94486,1.87,1.00
2015.07.29 21:31:42.524,0.94414,0.94486,1.87,1.00
2015.07.29 21:31:43.196,0.94414,0.94485,1.37,1.00
2015.07.29 21:31:43.852,0.94414,0.94486,1.87,1.00
2015.07.29 21:31:44.387,0.94414,0.94486,1.87,1.00
2015.07.29 21:31:44.976,0.94414,0.94486,1.87,1.00
2015.07.29 21:31:45.706,0.94414,0.94487,1.37,1.00
2015.07.29 21:31:45.807,0.94414,0.94485,1.37,1.00
2015.07.29 21:31:45.859,0.9441,0.94485,1.37,1.00
2015.07.29 21:31:46.259,0.9442,0.94485,1.37,1.00
2015.07.29 21:31:46.662,0.94413,0.94485,1.12,1.37
2015.07.29 21:31:47.065,0.94418,0.94483,1.37,1.00
2015.07.29 21:31:47.591,0.94418,0.94484,1.37,1.00
2015.07.29 21:31:47.642,0.94414,0.94484,1.87,1.00
2015.07.29 21:31:47.693,0.94414,0.94482,1.37,1.00
2015.07.29 21:31:48.262,0.94413,0.94484,1.37,1.00
2015.07.29 21:31:48.413,0.94419,0.94484,1.00,1.00
2015.07.29 21:31:48.614,0.94414,0.94485,1.37,1.00
2015.07.29 21:31:49.235,0.94413,0.94486,2.62,1.00
2015.07.29 21:31:49.686,0.94413,0.94484,2.62,1.00
2015.07.29 21:31:50.127,0.94423,0.94488,1.00,1.37
2015.07.29 21:31:50.430,0.94427,0.94492,1.37,1.12
2015.07.29 21:31:50.984,0.94429,0.94492,1.00,1.12
2015.07.29 21:31:51.535,0.94429,0.94494,1.00,1.37
2015.07.29 21:31:52.354,0.94429,0.94495,1.00,1.37
2015.07.29 21:31:52.786,0.94433,0.94494,1.12,1.37
2015.07.29 21:31:53.290,0.94432,0.94493,1.12,1.12
2015.07.29 21:31:54.086,0.94433,0.94493,1.12,1.37
2015.07.29 21:31:54.496,0.94429,0.94498,1.00,1.87
2015.07.29 21:31:54.648,0.94427,0.94498,1.12,1.87
2015.07.29 21:31:54.951,0.94417,0.94489,1.12,1.37
2015.07.29 21:31:55.052,0.94414,0.94487,1.00,1.37
2015.07.29 21:31:55.559,0.94408,0.94486,1.37,1.37
2015.07.29 21:31:55.909,0.94405,0.94482,1.37,1.12
2015.07.29 21:31:56.660,0.94405,0.94483,1.37,1.87
2015.07.29 21:31:57.197,0.94405,0.94482,1.37,1.12
2015.07.29 21:31:58.277,0.9441,0.94482,1.00,1.12
2015.07.29 21:31:58.580,0.94422,0.94487,1.37,1.12
2015.07.29 21:31:59.290,0.94423,0.94492,1.37,1.12
2015.07.29 21:31:59.926,0.94422,0.94492,1.37,1.00
2015.07.29 21:32:00.495,0.94423,0.94492,1.37,1.12
2015.07.29 21:32:01.209,0.94422,0.94492,1.37,1.00
2015.07.29 21:32:01.691,0.94419,0.94492,1.37,1.87
2015.07.29 21:32:02.579,0.94439,0.94492,1.00,1.87
2015.07.29 21:32:02.730,0.9444,0.94492,1.00,1.12
2015.07.29 21:32:03.028,0.94444,0.94495,1.00,1.37
2015.07.29 21:32:03.561,0.94445,0.94496,1.00,1.37
2015.07.29 21:32:03.754,0.94443,0.94496,1.00,1.37
2015.07.29 21:32:04.296,0.94444,0.94497,1.00,1.37
2015.07.29 21:32:05.156,0.94445,0.94494,1.00,1.37
2015.07.29 21:32:05.745,0.94446,0.94496,1.00,1.37
2015.07.29 21:32:06.484,0.94444,0.94495,1.00,1.37
2015.07.29 21:32:07.021,0.94445,0.94496,1.00,1.37
2015.07.29 21:32:07.717,0.94446,0.94496,1.00,1.37
2015.07.29 21:32:08.360,0.94446,0.94496,1.00,1.37
2015.07.29 21:32:08.887,0.94446,0.94495,1.00,1.87
2015.07.29 21:32:08.988,0.94444,0.94495,1.00,1.87
2015.07.29 21:32:09.477,0.94444,0.94488,1.00,1.00
2015.07.29 21:32:09.679,0.94423,0.94483,1.82,1.00
2015.07.29 21:32:09.880,0.94423,0.94489,1.37,1.37
2015.07.29 21:32:10.032,0.94417,0.94483,1.87,1.12
2015.07.29 21:32:10.573,0.94418,0.94482,1.12,1.12
2015.07.29 21:32:16.442,0.94413,0.94488,1.37,1.87
2015.07.29 21:32:17.039,0.94413,0.94487,1.87,1.37
2015.07.29 21:32:18.548,0.94413,0.94488,1.37,1.87
2015.07.29 21:32:19.110,0.94417,0.94487,1.37,1.37
2015.07.29 21:32:20.497,0.94417,0.94488,1.12,1.37
2015.07.29 21:32:22.667,0.94413,0.94487,1.87,1.37
2015.07.29 21:32:23.260,0.94414,0.94486,1.37,1.37
2015.07.29 21:32:24.979,0.94414,0.94486,1.37,1.37
2015.07.29 21:32:26.267,0.94414,0.94486,1.37,1.37
2015.07.29 21:32:28.507,0.94414,0.94487,1.37,1.87
2015.07.29 21:32:29.084,0.94414,0.94487,1.37,1.37
2015.07.29 21:32:36.085,0.94413,0.94487,1.87,1.37
2015.07.29 21:32:36.586,0.94413,0.94488,1.37,1.87
2015.07.29 21:32:37.435,0.94413,0.94485,1.37,1.37
2015.07.29 21:32:37.988,0.94412,0.94485,1.37,1.37
2015.07.29 21:32:38.491,0.94413,0.94485,1.37,1.37
2015.07.29 21:32:39.732,0.94414,0.94487,1.37,1.37
2015.07.29 21:32:40.339,0.94417,0.94487,1.37,1.37
2015.07.29 21:32:41.725,0.94417,0.94488,1.12,1.37
2015.07.29 21:32:42.274,0.94417,0.94487,1.37,1.37
2015.07.29 21:32:43.708,0.94417,0.94488,1.12,1.37
2015.07.29 21:32:44.319,0.94417,0.94487,1.37,1.37
2015.07.29 21:32:44.844,0.94417,0.94488,1.12,1.37
2015.07.29 21:32:45.397,0.94417,0.94487,1.37,1.37
2015.07.29 21:32:49.409,0.94413,0.94474,1.37,1.00
2015.07.29 21:32:49.460,0.94411,0.94474,1.37,1.00
2015.07.29 21:32:49.969,0.94413,0.94473,1.12,1.00
2015.07.29 21:32:50.633,0.94413,0.94472,1.00,1.37
2015.07.29 21:32:51.138,0.94413,0.94471,1.00,1.37
2015.07.29 21:32:51.824,0.94413,0.94471,1.00,1.37
2015.07.29 21:32:52.175,0.94408,0.94467,1.00,1.12
2015.07.29 21:32:52.276,0.94405,0.94462,1.00,1.00
2015.07.29 21:32:52.377,0.94394,0.94459,1.37,1.00
2015.07.29 21:32:52.478,0.94388,0.94466,1.37,1.37
2015.07.29 21:32:52.578,0.94388,0.94459,1.37,1.00
2015.07.29 21:32:53.242,0.94391,0.94459,1.37,1.00
2015.07.29 21:32:53.575,0.94391,0.94457,1.87,1.12
2015.07.29 21:32:56.055,0.94392,0.94457,1.37,1.37
2015.07.29 21:32:56.156,0.94392,0.94457,1.67,1.37
2015.07.29 21:32:56.207,0.94392,0.94457,1.00,1.37
2015.07.29 21:32:56.359,0.94388,0.94457,1.50,1.37
2015.07.29 21:32:56.460,0.94389,0.94463,1.50,1.12
2015.07.29 21:32:56.561,0.94401,0.94462,1.00,1.12
2015.07.29 21:32:56.762,0.94404,0.94467,1.00,1.12
2015.07.29 21:32:57.327,0.94405,0.94467,1.00,1.12
2015.07.29 21:32:57.725,0.94401,0.94467,1.37,1.00
2015.07.29 21:32:58.395,0.94402,0.94462,1.12,1.00
2015.07.29 21:32:59.075,0.94401,0.94461,1.00,1.00
2015.07.29 21:32:59.428,0.94401,0.94458,1.00,1.00
2015.07.29 21:32:59.938,0.944,0.94459,1.00,1.00
2015.07.29 21:33:00.258,0.944,0.94459,1.00,1.37
2015.07.29 21:33:02.051,0.944,0.94459,1.00,1.37
2015.07.29 21:33:02.751,0.944,0.94459,1.00,1.37
2015.07.29 21:33:04.714,0.94402,0.94462,1.00,1.87
2015.07.29 21:33:05.016,0.94415,0.94461,1.00,1.00
2015.07.29 21:33:05.377,0.9441,0.94461,1.37,1.00
2015.07.29 21:33:06.411,0.94412,0.94461,1.87,1.00
2015.07.29 21:33:06.931,0.94408,0.9446,1.87,1.00
2015.07.29 21:33:07.567,0.94409,0.9446,1.37,1.00
2015.07.29 21:33:08.107,0.94404,0.9446,1.00,1.00
2015.07.29 21:33:08.414,0.94404,0.94468,1.00,1.12
2015.07.29 21:33:08.465,0.94397,0.94462,1.87,1.00
2015.07.29 21:33:08.566,0.94396,0.94467,1.37,1.87
2015.07.29 21:33:08.818,0.94395,0.94467,1.37,1.37
2015.07.29 21:33:09.321,0.94392,0.94461,1.87,1.00
2015.07.29 21:33:09.371,0.94392,0.94468,1.87,1.37
2015.07.29 21:33:09.422,0.94393,0.94468,1.37,1.87
2015.07.29 21:33:10.717,0.94394,0.94467,1.37,1.12
2015.07.29 21:33:12.492,0.94399,0.94467,1.00,1.12
2015.07.29 21:33:13.086,0.94398,0.94468,1.00,1.12
2015.07.29 21:33:15.147,0.94398,0.94467,1.12,1.12
2015.07.29 21:33:15.714,0.94398,0.94468,1.00,1.12
2015.07.29 21:33:16.253,0.94398,0.94467,1.12,1.12
2015.07.29 21:33:16.782,0.94398,0.94468,1.00,1.12
2015.07.29 21:33:17.536,0.94398,0.94467,1.12,1.12
2015.07.29 21:33:18.364,0.94397,0.94468,1.12,1.12
2015.07.29 21:33:19.097,0.94397,0.94467,1.37,1.12
2015.07.29 21:33:19.629,0.94397,0.94466,1.37,1.00
2015.07.29 21:33:19.680,0.94391,0.94461,1.37,1.00
2015.07.29 21:33:19.982,0.94391,0.94456,1.37,1.37
2015.07.29 21:33:20.463,0.9439,0.94456,1.00,1.37
2015.07.29 21:33:20.765,0.94398,0.94456,1.12,1.00
2015.07.29 21:33:21.119,0.94408,0.9446,1.00,1.00
2015.07.29 21:33:21.277,0.94402,0.9446,1.12,1.00
2015.07.29 21:33:21.637,0.9441,0.9446,1.00,1.00
2015.07.29 21:33:21.939,0.94404,0.94459,1.00,1.00
2015.07.29 21:33:21.990,0.94404,0.94461,1.00,1.00
2015.07.29 21:33:22.292,0.94411,0.94461,1.00,1.00
2015.07.29 21:33:22.731,0.94403,0.94461,1.87,1.00
2015.07.29 21:33:22.992,0.9441,0.94461,1.00,1.00
2015.07.29 21:33:23.196,0.94415,0.94473,1.00,1.87
2015.07.29 21:33:23.297,0.94418,0.94473,1.00,1.37
2015.07.29 21:33:23.398,0.94418,0.94476,1.00,1.37
2015.07.29 21:33:23.924,0.94416,0.94477,1.00,1.87
2015.07.29 21:33:24.185,0.94409,0.94472,1.37,1.12
2015.07.29 21:33:24.235,0.94409,0.94468,1.00,1.37
2015.07.29 21:33:24.286,0.944,0.94468,1.00,1.37
2015.07.29 21:33:24.387,0.94395,0.94468,1.87,1.37
2015.07.29 21:33:24.867,0.94396,0.94463,1.37,1.37
2015.07.29 21:33:26.839,0.94396,0.94462,1.37,1.37
2015.07.29 21:33:28.634,0.94396,0.94467,1.37,1.37
2015.07.29 21:33:29.001,0.944,0.94468,1.00,1.37
2015.07.29 21:33:30.524,0.94399,0.94468,1.00,1.37
2015.07.29 21:33:31.059,0.94399,0.94467,1.00,1.37
2015.07.29 21:33:31.589,0.94399,0.94468,1.00,1.37
2015.07.29 21:33:32.318,0.94399,0.94467,1.00,1.37
2015.07.29 21:33:34.367,0.94399,0.94468,1.00,1.37
2015.07.29 21:33:35.408,0.94399,0.94467,1.00,1.37
2015.07.29 21:33:35.912,0.94399,0.94462,1.00,1.37
2015.07.29 21:33:36.214,0.94392,0.94458,1.00,1.87
2015.07.29 21:33:36.959,0.94391,0.94454,1.00,1.37
2015.07.29 21:33:37.134,0.94391,0.94454,1.37,1.37
2015.07.29 21:33:37.815,0.94392,0.94454,1.37,1.37
2015.07.29 21:33:38.317,0.94391,0.94454,1.37,1.37
2015.07.29 21:33:39.518,0.94391,0.94454,1.37,1.37
2015.07.29 21:33:41.798,0.94391,0.94455,1.37,1.37
2015.07.29 21:33:43.575,0.94391,0.94455,1.37,1.37
2015.07.29 21:33:43.965,0.94394,0.94457,1.37,1.00
2015.07.29 21:33:44.403,0.94417,0.94462,1.00,1.37
2015.07.29 21:33:44.455,0.94417,0.94473,1.00,1.12
2015.07.29 21:33:44.657,0.94425,0.94476,1.00,1.00
2015.07.29 21:33:45.059,0.94418,0.94476,1.12,1.00
2015.07.29 21:33:46.568,0.94418,0.94475,1.12,1.00
2015.07.29 21:33:48.123,0.94416,0.94476,1.37,1.00
2015.07.29 21:33:48.174,0.94413,0.9447,1.87,1.00
2015.07.29 21:33:48.224,0.94413,0.9447,1.00,1.00
2015.07.29 21:33:48.275,0.94409,0.94463,1.00,1.00
2015.07.29 21:33:48.690,0.94408,0.94473,1.00,1.12
2015.07.29 21:33:48.741,0.94408,0.94467,1.00,1.12
2015.07.29 21:33:49.285,0.94409,0.94468,1.00,1.12
2015.07.29 21:33:49.912,0.94409,0.94467,1.00,1.12
2015.07.29 21:33:50.667,0.94409,0.94468,1.00,1.12
2015.07.29 21:33:51.238,0.94409,0.94467,1.00,1.12
2015.07.29 21:33:52.194,0.94412,0.94472,1.00,1.87
2015.07.29 21:33:52.546,0.94414,0.94473,1.00,1.87
2015.07.29 21:33:52.842,0.94414,0.94472,1.00,1.12
2015.07.29 21:33:55.132,0.94414,0.94473,1.00,1.87
2015.07.29 21:33:55.742,0.94414,0.94472,1.00,1.12
2015.07.29 21:33:56.501,0.94415,0.94472,1.00,1.12
2015.07.29 21:33:57.143,0.94415,0.94473,1.00,1.87
2015.07.29 21:33:57.721,0.94415,0.94472,1.00,1.12
2015.07.29 21:33:58.624,0.94414,0.94472,1.00,1.12
2015.07.29 21:33:59.372,0.94414,0.94473,1.00,1.87
2015.07.29 21:34:00.333,0.94415,0.94473,1.00,1.87
2015.07.29 21:34:00.654,0.94415,0.94473,1.00,1.87
2015.07.29 21:34:00.928,0.94409,0.94468,1.00,1.37
2015.07.29 21:34:01.590,0.9441,0.94473,1.00,1.37
2015.07.29 21:34:01.970,0.9441,0.94472,1.00,1.12
2015.07.29 21:34:02.351,0.94412,0.94472,1.00,1.12
2015.07.29 21:34:05.756,0.94414,0.94472,1.00,1.12
2015.07.29 21:34:06.366,0.94414,0.94473,1.00,1.12
2015.07.29 21:34:06.975,0.94413,0.94472,1.00,1.12
2015.07.29 21:34:07.694,0.94413,0.94473,1.00,1.12
2015.07.29 21:34:08.389,0.94413,0.94472,1.00,1.12
2015.07.29 21:34:12.147,0.94413,0.94473,1.00,1.12
2015.07.29 21:34:12.752,0.94413,0.94472,1.00,1.12
2015.07.29 21:34:14.110,0.94413,0.94473,1.00,1.12
2015.07.29 21:34:14.793,0.94413,0.94472,1.00,1.12
2015.07.29 21:34:15.713,0.94413,0.94473,1.00,1.12
2015.07.29 21:34:17.109,0.94413,0.94472,1.00,1.12
2015.07.29 21:34:17.713,0.94413,0.94473,1.00,1.12
2015.07.29 21:34:18.216,0.94412,0.94473,1.00,1.12
2015.07.29 21:34:19.623,0.94412,0.94472,1.00,1.12
2015.07.29 21:34:20.137,0.94411,0.94469,1.00,1.00
2015.07.29 21:34:20.708,0.94411,0.94468,1.00,1.12
2015.07.29 21:34:21.418,0.94411,0.94467,1.00,1.12
2015.07.29 21:34:21.939,0.9441,0.94468,1.00,1.12
2015.07.29 21:34:22.546,0.9441,0.94467,1.00,1.12
2015.07.29 21:34:23.105,0.9441,0.94468,1.00,1.12
2015.07.29 21:34:24.377,0.9441,0.94467,1.00,1.12
2015.07.29 21:34:24.884,0.94411,0.94467,1.00,1.12
2015.07.29 21:34:25.954,0.94411,0.94468,1.00,1.87
2015.07.29 21:34:26.849,0.94411,0.94467,1.00,1.12
2015.07.29 21:34:28.252,0.94411,0.94468,1.00,1.87
2015.07.29 21:34:29.357,0.94411,0.94467,1.00,1.12
2015.07.29 21:34:29.895,0.94411,0.94468,1.00,1.87
2015.07.29 21:34:30.856,0.94411,0.94467,1.00,1.12
2015.07.29 21:34:31.698,0.94411,0.94468,1.00,1.12
2015.07.29 21:34:32.373,0.94411,0.94467,1.00,1.12
2015.07.29 21:34:32.689,0.94411,0.94467,1.00,1.37
2015.07.29 21:34:33.238,0.94411,0.94468,1.00,1.87
2015.07.29 21:34:33.758,0.94411,0.94467,1.00,1.37
2015.07.29 21:34:33.911,0.94408,0.94467,1.00,1.37
2015.07.29 21:34:34.429,0.94409,0.94467,1.00,1.87
2015.07.29 21:34:35.033,0.94409,0.94467,1.00,1.37
2015.07.29 21:34:35.466,0.94411,0.94467,1.00,1.12
2015.07.29 21:34:35.977,0.9441,0.94467,1.00,1.12
2015.07.29 21:34:36.646,0.94411,0.94468,1.00,1.12
2015.07.29 21:34:37.152,0.94411,0.94467,1.00,1.12
2015.07.29 21:34:37.711,0.94411,0.94468,1.00,1.12
2015.07.29 21:34:38.020,0.94427,0.94468,1.00,1.12
2015.07.29 21:34:38.334,0.94415,0.94472,1.37,1.00
2015.07.29 21:34:39.174,0.94415,0.94472,1.87,1.00
2015.07.29 21:34:39.973,0.94418,0.94478,1.00,1.87
2015.07.29 21:34:40.672,0.94417,0.94473,1.00,1.37
2015.07.29 21:34:40.729,0.94414,0.94472,1.00,1.37
2015.07.29 21:34:41.330,0.94413,0.94473,1.00,1.37
2015.07.29 21:34:41.830,0.94411,0.94472,1.00,1.87
2015.07.29 21:34:42.483,0.94412,0.94472,1.00,1.37
2015.07.29 21:34:43.892,0.94411,0.94472,1.50,1.87
2015.07.29 21:34:45.904,0.94411,0.94472,1.00,1.37
2015.07.29 21:34:46.733,0.94411,0.94472,1.00,1.87
2015.07.29 21:34:47.306,0.94411,0.94472,1.00,1.37
2015.07.29 21:34:47.875,0.94411,0.94472,1.00,1.87
2015.07.29 21:34:49.612,0.94412,0.94472,1.00,1.87
2015.07.29 21:34:49.950,0.94416,0.94472,1.00,1.12
2015.07.29 21:34:50.462,0.94416,0.94473,1.00,1.12
2015.07.29 21:34:50.939,0.94418,0.94472,1.00,1.12
2015.07.29 21:34:51.518,0.94418,0.94473,1.00,1.12
2015.07.29 21:34:54.037,0.94418,0.94472,1.00,1.12
2015.07.29 21:34:55.229,0.94418,0.94473,1.00,1.12
2015.07.29 21:34:56.030,0.94418,0.94472,1.00,1.12
2015.07.29 21:34:57.434,0.94418,0.94473,1.00,1.12
2015.07.29 21:34:58.141,0.94418,0.94472,1.00,1.12
2015.07.29 21:35:02.160,0.94418,0.94473,1.00,1.12
2015.07.29 21:35:03.363,0.94418,0.94472,1.00,1.12
2015.07.29 21:35:04.165,0.94418,0.94473,1.00,1.12
2015.07.29 21:35:04.677,0.94418,0.94472,1.00,1.00
2015.07.29 21:35:04.979,0.94415,0.94472,1.00,1.87
2015.07.29 21:35:05.547,0.94421,0.94472,1.00,1.87
2015.07.29 21:35:05.598,0.94413,0.94472,1.00,1.87
2015.07.29 21:35:06.002,0.94418,0.94472,1.00,1.37
2015.07.29 21:35:06.103,0.94416,0.94472,1.00,1.87
2015.07.29 21:35:06.255,0.94412,0.94472,1.00,1.37
2015.07.29 21:35:06.406,0.94411,0.94472,1.37,1.00
2015.07.29 21:35:06.457,0.94414,0.94472,1.00,1.50
2015.07.29 21:35:06.786,0.94411,0.94472,1.00,1.37
2015.07.29 21:35:07.136,0.94408,0.94468,1.00,1.12
2015.07.29 21:35:07.639,0.94408,0.94472,1.00,1.37
2015.07.29 21:35:07.690,0.9441,0.94465,1.00,1.00
2015.07.29 21:35:07.992,0.94408,0.94468,1.00,1.37
2015.07.29 21:35:08.295,0.9441,0.94466,1.00,1.37
2015.07.29 21:35:08.598,0.94409,0.94467,1.00,1.12
2015.07.29 21:35:08.649,0.94411,0.94467,1.00,1.12
2015.07.29 21:35:08.750,0.94409,0.94468,1.00,1.12
2015.07.29 21:35:09.012,0.94411,0.94467,1.00,1.12
2015.07.29 21:35:09.617,0.94411,0.94468,1.00,1.12
2015.07.29 21:35:10.143,0.94411,0.94467,1.00,1.12
2015.07.29 21:35:10.646,0.94411,0.94468,1.00,1.12
2015.07.29 21:35:10.984,0.94413,0.94467,1.00,1.12
2015.07.29 21:35:12.537,0.94411,0.94467,1.00,1.12
2015.07.29 21:35:13.189,0.94411,0.94468,1.00,1.12
2015.07.29 21:35:13.690,0.94411,0.94467,1.00,1.12
2015.07.29 21:35:14.994,0.94411,0.94468,1.00,1.12
2015.07.29 21:35:15.044,0.94414,0.94468,1.00,1.12
2015.07.29 21:35:15.396,0.94416,0.94468,1.00,1.12
2015.07.29 21:35:15.812,0.94416,0.94462,1.00,1.00
2015.07.29 21:35:16.795,0.94416,0.94466,1.00,1.00
2015.07.29 21:35:16.846,0.94416,0.94464,1.00,1.00
2015.07.29 21:35:20.257,0.94416,0.94466,1.00,1.00
2015.07.29 21:35:20.408,0.94416,0.94462,1.00,1.12
2015.07.29 21:35:20.459,0.94414,0.94462,1.00,1.12
2015.07.29 21:35:20.786,0.94412,0.94462,1.00,1.12
2015.07.29 21:35:23.666,0.94412,0.94463,1.00,1.12
2015.07.29 21:35:24.642,0.94412,0.94462,1.00,1.12
2015.07.29 21:35:25.915,0.94413,0.94462,1.00,1.12
2015.07.29 21:35:26.068,0.94415,0.94467,1.00,1.37
2015.07.29 21:35:26.376,0.94413,0.94468,1.00,1.87
2015.07.29 21:35:26.927,0.94413,0.94467,1.00,1.37
2015.07.29 21:35:27.028,0.94413,0.94467,1.00,1.12
2015.07.29 21:35:27.970,0.94416,0.94468,1.00,1.87
2015.07.29 21:35:28.021,0.94414,0.94468,1.00,1.12
2015.07.29 21:35:28.345,0.94416,0.94467,1.00,1.87
2015.07.29 21:35:28.860,0.94415,0.94468,1.00,1.37
2015.07.29 21:35:29.616,0.94415,0.94468,1.00,1.12
2015.07.29 21:35:29.785,0.94413,0.94468,1.00,1.37
2015.07.29 21:35:29.837,0.94413,0.94468,1.00,1.87
2015.07.29 21:35:30.346,0.94413,0.94467,1.00,1.87
2015.07.29 21:35:32.193,0.94412,0.94467,1.00,1.87
2015.07.29 21:35:32.881,0.94412,0.94467,1.00,1.37
2015.07.29 21:35:34.548,0.94412,0.94467,1.00,1.87
2015.07.29 21:35:35.093,0.94412,0.94467,1.00,1.37
2015.07.29 21:35:36.792,0.94412,0.94467,1.00,1.87
2015.07.29 21:35:37.882,0.9442,0.94467,1.00,1.87
2015.07.29 21:35:37.983,0.9442,0.94468,1.00,1.00
2015.07.29 21:35:38.034,0.9442,0.94466,1.00,1.00
2015.07.29 21:35:38.185,0.94413,0.94466,1.00,1.00
2015.07.29 21:35:38.236,0.94411,0.94467,1.00,1.12
2015.07.29 21:35:38.712,0.94413,0.94467,1.00,1.00
2015.07.29 21:35:39.216,0.94412,0.94467,1.00,1.00
2015.07.29 21:35:40.277,0.94414,0.94466,1.00,1.37
2015.07.29 21:35:40.328,0.94412,0.94468,1.00,1.87
2015.07.29 21:35:40.878,0.94413,0.94467,1.00,1.37
2015.07.29 21:35:41.380,0.94413,0.94467,1.00,1.87
2015.07.29 21:35:42.184,0.94413,0.94467,1.00,1.37
2015.07.29 21:35:43.389,0.94413,0.94467,1.00,1.87
2015.07.29 21:35:44.495,0.94413,0.94467,1.00,1.37
2015.07.29 21:35:45.218,0.94413,0.94467,1.00,1.87
2015.07.29 21:35:45.901,0.94413,0.94467,1.00,1.37
2015.07.29 21:35:47.498,0.94415,0.94466,1.00,1.00
2015.07.29 21:35:48.023,0.94414,0.94466,1.00,1.00
2015.07.29 21:35:48.558,0.94413,0.94467,1.00,1.00
2015.07.29 21:35:49.576,0.94413,0.94468,1.00,1.87
2015.07.29 21:35:50.098,0.94413,0.94467,1.00,1.12
2015.07.29 21:35:50.639,0.94414,0.94467,1.00,1.12
2015.07.29 21:35:51.335,0.94412,0.94467,1.00,1.87
2015.07.29 21:35:54.405,0.94414,0.94468,1.00,1.37
2015.07.29 21:35:54.938,0.94413,0.94468,1.00,1.37
2015.07.29 21:35:56.371,0.94413,0.94468,1.00,1.12
2015.07.29 21:35:58.381,0.94413,0.94468,1.00,1.37
2015.07.29 21:35:59.513,0.94418,0.9447,1.00,1.37
2015.07.29 21:36:01.041,0.94415,0.94468,1.00,1.37
2015.07.29 21:36:01.641,0.94415,0.94469,1.00,1.37
2015.07.29 21:36:02.150,0.94414,0.94468,1.00,1.12
2015.07.29 21:36:02.904,0.94414,0.94467,1.00,1.12
2015.07.29 21:36:04.864,0.94413,0.94467,1.00,1.87
2015.07.29 21:36:07.378,0.94435,0.94467,1.00,1.00
2015.07.29 21:36:07.429,0.94435,0.94477,1.00,1.00
2015.07.29 21:36:07.581,0.94426,0.94477,1.00,1.12
2015.07.29 21:36:07.632,0.94428,0.9448,1.00,1.37
2015.07.29 21:36:07.834,0.94428,0.9448,1.00,1.00
2015.07.29 21:36:07.935,0.94427,0.94477,1.00,1.00
2015.07.29 21:36:08.343,0.94435,0.94477,1.00,1.00
2015.07.29 21:36:08.696,0.94433,0.94477,1.00,1.12
2015.07.29 21:36:09.020,0.94427,0.94477,1.00,1.12
2015.07.29 21:36:09.595,0.94427,0.94468,1.00,1.00
2015.07.29 21:36:09.696,0.94427,0.94478,1.00,1.37
2015.07.29 21:36:10.389,0.94426,0.94478,1.50,1.37
2015.07.29 21:36:10.897,0.94427,0.94478,1.00,1.37
2015.07.29 21:36:11.943,0.94427,0.94478,1.50,1.12
2015.07.29 21:36:12.397,0.9443,0.94478,1.00,1.12
2015.07.29 21:36:12.650,0.94435,0.94487,1.00,1.87
2015.07.29 21:36:12.701,0.94429,0.94481,1.00,1.00
2015.07.29 21:36:13.003,0.94427,0.94478,1.00,1.00
2015.07.29 21:36:13.352,0.94429,0.94478,1.00,1.00
2015.07.29 21:36:13.791,0.94427,0.94478,1.00,1.00
2015.07.29 21:36:16.284,0.94422,0.94471,1.00,1.00
2015.07.29 21:36:16.335,0.9442,0.94471,1.00,1.00
2015.07.29 21:36:16.436,0.94417,0.94476,1.00,1.00
2015.07.29 21:36:16.537,0.94424,0.94478,1.00,1.12
2015.07.29 21:36:16.689,0.94425,0.94486,1.00,1.37
2015.07.29 21:36:16.992,0.94435,0.94486,1.00,1.00
2015.07.29 21:36:17.295,0.94437,0.9449,1.00,1.37
2015.07.29 21:36:17.598,0.94439,0.9449,1.00,1.37
2015.07.29 21:36:18.251,0.94438,0.9449,1.00,1.37
2015.07.29 21:36:18.302,0.94438,0.94492,1.00,1.87
2015.07.29 21:36:19.044,0.94437,0.94491,1.00,1.00
2015.07.29 21:36:21.263,0.94438,0.94489,1.00,1.00
2015.07.29 21:36:21.923,0.94438,0.94492,1.00,1.87
2015.07.29 21:36:27.091,0.94437,0.94491,1.00,1.00
2015.07.29 21:36:27.586,0.94439,0.94491,1.00,1.00
2015.07.29 21:36:28.094,0.9444,0.94491,1.00,1.00
2015.07.29 21:36:31.694,0.94438,0.94492,1.12,1.12
2015.07.29 21:36:36.134,0.9444,0.94492,1.00,1.12
2015.07.29 21:36:37.635,0.94441,0.94492,1.00,1.00
2015.07.29 21:36:38.154,0.9444,0.94492,1.00,1.87
2015.07.29 21:36:43.354,0.94438,0.94492,1.00,1.87
2015.07.29 21:36:43.597,0.9444,0.94492,1.00,1.00
2015.07.29 21:36:45.036,0.94441,0.94492,1.00,1.12
2015.07.29 21:36:45.706,0.9444,0.94492,1.00,1.00
2015.07.29 21:36:46.363,0.94439,0.94491,1.00,1.00
2015.07.29 21:36:48.775,0.94437,0.94491,1.12,1.00
2015.07.29 21:36:50.748,0.94437,0.94491,1.37,1.00
2015.07.29 21:36:51.270,0.94438,0.94492,1.12,1.12
2015.07.29 21:36:54.244,0.94439,0.9449,1.00,1.00
2015.07.29 21:36:54.608,0.94439,0.94492,1.00,1.12
2015.07.29 21:36:56.921,0.94439,0.94491,1.00,1.00
2015.07.29 21:37:01.063,0.9444,0.94492,1.00,1.00
2015.07.29 21:37:02.398,0.94441,0.94492,1.00,1.12
2015.07.29 21:37:05.951,0.94442,0.94493,1.00,1.12
2015.07.29 21:37:06.233,0.94441,0.94491,1.00,1.00
2015.07.29 21:37:10.636,0.94439,0.94491,1.00,1.00
2015.07.29 21:37:13.179,0.9444,0.94492,1.00,1.87
2015.07.29 21:37:13.748,0.94441,0.94492,1.00,1.87
2015.07.29 21:37:13.950,0.94438,0.94492,1.00,1.00
2015.07.29 21:37:14.481,0.94438,0.94491,1.00,1.50
2015.07.29 21:37:15.042,0.94438,0.94492,1.00,1.00
2015.07.29 21:37:15.191,0.9444,0.94492,1.00,1.00
2015.07.29 21:37:17.832,0.94438,0.94492,1.00,2.62
2015.07.29 21:37:22.973,0.94438,0.9449,1.00,1.00
2015.07.29 21:37:24.628,0.9444,0.94492,1.00,1.00
2015.07.29 21:37:29.882,0.94441,0.94492,1.00,1.87
2015.07.29 21:37:32.553,0.94438,0.94492,1.00,2.62
2015.07.29 21:37:33.737,0.9444,0.94491,1.00,1.00
2015.07.29 21:37:37.693,0.9444,0.94492,1.00,1.87
2015.07.29 21:37:42.886,0.94438,0.94492,1.00,2.62
2015.07.29 21:37:45.967,0.94439,0.9449,1.00,1.00
2015.07.29 21:37:48.606,0.94439,0.94491,1.00,1.00
2015.07.29 21:37:49.902,0.94437,0.94491,1.00,1.00
2015.07.29 21:37:52.872,0.94438,0.94491,1.00,1.00
2015.07.29 21:37:53.801,0.94438,0.9449,1.00,1.00
2015.07.29 21:37:54.340,0.94439,0.9449,1.00,1.00
2015.07.29 21:37:56.437,0.94437,0.94491,1.00,1.00
2015.07.29 21:37:57.973,0.94439,0.94491,1.00,1.00
2015.07.29 21:37:58.482,0.9444,0.94491,1.00,1.00
2015.07.29 21:38:00.394,0.94433,0.94488,1.87,1.00
2015.07.29 21:38:00.918,0.94433,0.94487,1.87,1.00
2015.07.29 21:38:01.697,0.94433,0.94486,1.12,1.00
2015.07.29 21:38:01.898,0.94433,0.94488,1.87,1.00
2015.07.29 21:38:03.252,0.94432,0.94488,1.87,1.00
2015.07.29 21:38:03.783,0.94433,0.94488,1.12,1.00
2015.07.29 21:38:04.455,0.94434,0.9449,1.00,1.00
2015.07.29 21:38:05.075,0.94434,0.94489,1.00,1.00
2015.07.29 21:38:05.177,0.94432,0.94488,1.87,1.00
2015.07.29 21:38:05.632,0.94434,0.94487,1.00,1.00
2015.07.29 21:38:05.852,0.94435,0.9449,1.00,1.00
2015.07.29 21:38:06.228,0.94435,0.94488,1.00,1.00
2015.07.29 21:38:07.275,0.94435,0.9449,1.00,1.00
2015.07.29 21:38:10.305,0.94435,0.9449,1.37,1.00
2015.07.29 21:38:11.019,0.94435,0.9449,1.37,1.00
2015.07.29 21:38:12.078,0.94435,0.9449,1.37,1.00
2015.07.29 21:38:13.221,0.94437,0.94489,1.37,1.00
2015.07.29 21:38:13.823,0.94437,0.94489,1.12,1.00
2015.07.29 21:38:14.398,0.94437,0.94489,1.37,1.00
2015.07.29 21:38:17.391,0.94437,0.94489,1.12,1.00
2015.07.29 21:38:17.851,0.94433,0.94486,1.00,1.00
2015.07.29 21:38:17.952,0.94431,0.94485,1.00,1.00
2015.07.29 21:38:18.054,0.94414,0.94485,1.37,1.00
2015.07.29 21:38:18.104,0.94413,0.94475,1.37,1.00
2015.07.29 21:38:18.206,0.94406,0.94478,1.00,1.37
2015.07.29 21:38:18.307,0.94407,0.94472,1.00,1.37
2015.07.29 21:38:18.408,0.94407,0.94478,1.37,1.00
2015.07.29 21:38:18.936,0.94403,0.94477,1.12,1.12
2015.07.29 21:38:19.037,0.94404,0.94473,1.00,1.37
2015.07.29 21:38:19.089,0.944,0.94473,1.00,1.37
2015.07.29 21:38:19.190,0.94403,0.94477,1.37,1.12
2015.07.29 21:38:19.240,0.94399,0.94472,1.00,1.37
2015.07.29 21:38:19.442,0.94407,0.94488,1.00,1.37
2015.07.29 21:38:19.544,0.94398,0.94467,1.87,1.37
2015.07.29 21:38:19.645,0.94404,0.94473,1.00,1.00
2015.07.29 21:38:19.746,0.94397,0.94473,1.37,1.00
2015.07.29 21:38:19.847,0.94397,0.94468,1.12,1.37
2015.07.29 21:38:19.948,0.94395,0.94468,1.00,1.37
2015.07.29 21:38:19.999,0.94397,0.94473,1.12,1.12
2015.07.29 21:38:20.352,0.94399,0.94476,1.00,1.37
2015.07.29 21:38:20.821,0.94406,0.94472,1.00,1.12
2015.07.29 21:38:21.023,0.94403,0.94477,1.00,1.37
2015.07.29 21:38:21.225,0.94403,0.94479,1.37,1.37
2015.07.29 21:38:21.326,0.94407,0.94472,1.00,1.37
2015.07.29 21:38:21.434,0.94407,0.94479,1.37,1.37
2015.07.29 21:38:21.973,0.94407,0.94478,1.00,1.12
2015.07.29 21:38:22.124,0.94408,0.94477,1.37,1.00
2015.07.29 21:38:22.175,0.94408,0.94479,1.37,1.00
2015.07.29 21:38:22.226,0.94399,0.94478,1.50,1.37
2015.07.29 21:38:22.729,0.94399,0.94473,1.00,1.37
2015.07.29 21:38:23.235,0.94399,0.94472,1.00,1.37
2015.07.29 21:38:23.772,0.944,0.94473,1.00,1.37
2015.07.29 21:38:24.444,0.94399,0.94473,1.00,1.37
2015.07.29 21:38:24.847,0.94391,0.94463,1.37,1.37
2015.07.29 21:38:25.282,0.944,0.94472,1.00,1.37
2015.07.29 21:38:25.444,0.94401,0.94478,1.37,1.87
2015.07.29 21:38:25.646,0.94396,0.94468,1.37,1.12
2015.07.29 21:38:25.848,0.94398,0.94477,1.12,1.37
2015.07.29 21:38:25.949,0.94397,0.94467,1.37,1.12
2015.07.29 21:38:26.151,0.94397,0.94483,1.37,1.37
2015.07.29 21:38:26.353,0.94391,0.94467,1.37,1.37
2015.07.29 21:38:26.655,0.94397,0.94467,1.37,1.12
2015.07.29 21:38:26.857,0.94401,0.94478,1.00,1.37
2015.07.29 21:38:27.261,0.94402,0.94483,1.12,1.37
2015.07.29 21:38:27.311,0.94402,0.94476,1.12,1.00
2015.07.29 21:38:27.622,0.94401,0.94472,1.00,1.12
2015.07.29 21:38:27.924,0.94392,0.9446,1.37,1.00
2015.07.29 21:38:27.974,0.94385,0.94462,1.37,1.00
2015.07.29 21:38:28.076,0.94379,0.94452,1.00,1.12
2015.07.29 21:38:28.328,0.94376,0.94452,1.00,1.12
2015.07.29 21:38:28.379,0.94372,0.94452,1.37,1.12
2015.07.29 21:38:28.580,0.94372,0.94448,1.12,1.12
2015.07.29 21:38:29.492,0.94373,0.94447,1.12,1.12
2015.07.29 21:38:29.761,0.94378,0.94457,1.00,1.37
2015.07.29 21:38:29.980,0.94394,0.94457,1.00,1.37
2015.07.29 21:38:30.082,0.94401,0.94468,1.00,1.37
2015.07.29 21:38:30.384,0.94403,0.94472,1.00,1.37
2015.07.29 21:38:31.477,0.94403,0.94474,1.00,1.37
2015.07.29 21:38:33.308,0.94403,0.94474,1.00,1.37
2015.07.29 21:38:33.933,0.94403,0.94474,1.00,1.37
2015.07.29 21:38:34.392,0.94404,0.94472,1.00,1.37
2015.07.29 21:38:35.194,0.94404,0.94473,1.00,1.37
2015.07.29 21:38:35.706,0.94404,0.94472,1.00,1.37
2015.07.29 21:38:36.018,0.94403,0.94468,1.00,1.37
2015.07.29 21:38:36.737,0.94403,0.94473,1.00,1.37
2015.07.29 21:38:38.150,0.94403,0.94472,1.00,1.37
2015.07.29 21:38:38.705,0.94403,0.94473,1.00,1.37
2015.07.29 21:38:40.054,0.94403,0.94472,1.00,1.37
2015.07.29 21:38:42.811,0.94405,0.94472,1.00,1.37
2015.07.29 21:38:43.271,0.94402,0.94473,1.00,1.37
2015.07.29 21:38:43.858,0.94402,0.94472,1.00,1.37
2015.07.29 21:38:44.557,0.94402,0.94473,1.00,1.37
2015.07.29 21:38:45.105,0.94402,0.94472,1.00,1.37
2015.07.29 21:38:45.621,0.94402,0.94468,1.00,1.12
2015.07.29 21:38:45.672,0.94389,0.94458,1.37,1.00
2015.07.29 21:38:46.202,0.94393,0.94457,1.87,1.00
2015.07.29 21:38:46.706,0.9439,0.94458,1.37,1.00
2015.07.29 21:38:47.326,0.9439,0.94458,1.37,1.00
2015.07.29 21:38:47.945,0.9439,0.94458,1.37,1.00
2015.07.29 21:38:49.950,0.9439,0.94458,1.37,1.00
2015.07.29 21:38:50.620,0.9439,0.9446,1.37,1.00
2015.07.29 21:38:52.173,0.9439,0.94458,1.37,1.00
2015.07.29 21:38:52.703,0.9439,0.94458,1.37,1.00
2015.07.29 21:38:53.055,0.9439,0.9446,1.37,1.00
2015.07.29 21:38:53.309,0.9439,0.94458,1.37,1.00
2015.07.29 21:38:53.953,0.9439,0.9446,1.37,1.00
2015.07.29 21:38:55.086,0.9439,0.9446,1.37,1.00
2015.07.29 21:38:55.187,0.94393,0.9446,1.00,1.37
2015.07.29 21:38:55.388,0.94394,0.9446,1.37,1.37
2015.07.29 21:38:55.711,0.94404,0.94463,1.00,1.00
2015.07.29 21:38:55.812,0.94413,0.94463,1.00,1.00
2015.07.29 21:38:56.115,0.94421,0.94457,1.00,1.00
2015.07.29 21:38:56.219,0.94412,0.94457,1.12,1.00
2015.07.29 21:38:56.773,0.94413,0.94457,1.87,1.00
2015.07.29 21:38:57.129,0.94414,0.9446,1.00,1.00
2015.07.29 21:38:57.180,0.94417,0.9446,1.00,1.00
2015.07.29 21:38:57.680,0.94417,0.94467,1.00,1.37
2015.07.29 21:38:57.731,0.94402,0.94467,1.00,1.37
2015.07.29 21:38:57.832,0.94399,0.94468,1.00,1.87
2015.07.29 21:38:58.481,0.94399,0.94467,1.00,1.37
2015.07.29 21:38:59.006,0.94401,0.94461,1.00,1.00
2015.07.29 21:38:59.057,0.94391,0.94461,1.37,1.00
2015.07.29 21:38:59.208,0.94389,0.94465,1.37,1.37
2015.07.29 21:38:59.309,0.94393,0.94469,1.37,1.00
2015.07.29 21:39:00.887,0.94393,0.94475,1.37,2.62
2015.07.29 21:39:01.156,0.94403,0.94475,1.37,1.00
2015.07.29 21:39:01.207,0.94403,0.94487,1.37,1.50
2015.07.29 21:39:01.599,0.94408,0.94487,1.37,1.50
2015.07.29 21:39:02.148,0.94407,0.94487,1.37,1.50
2015.07.29 21:39:02.656,0.94408,0.94487,1.37,1.50
2015.07.29 21:39:03.669,0.94408,0.94491,1.37,1.00
2015.07.29 21:39:03.910,0.94407,0.94491,1.12,1.00
2015.07.29 21:39:04.384,0.94408,0.94471,1.12,1.50
2015.07.29 21:39:04.434,0.94394,0.94471,1.37,1.50
2015.07.29 21:39:04.535,0.94382,0.94469,1.50,1.00
2015.07.29 21:39:04.586,0.94377,0.94461,1.12,1.00
2015.07.29 21:39:04.892,0.94373,0.94451,1.12,1.37
2015.07.29 21:39:05.195,0.94374,0.94438,1.00,1.00
2015.07.29 21:39:05.716,0.94372,0.94437,1.37,1.00
2015.07.29 21:39:06.245,0.94374,0.94436,1.00,1.00
2015.07.29 21:39:08.283,0.94374,0.94437,1.00,1.00
2015.07.29 21:39:09.521,0.94374,0.94437,1.60,1.00
2015.07.29 21:39:09.823,0.94394,0.94435,1.50,1.00
2015.07.29 21:39:10.149,0.944,0.94452,1.00,1.00
2015.07.29 21:39:10.254,0.94412,0.94467,1.00,1.12
2015.07.29 21:39:10.355,0.94412,0.94472,1.00,1.00
2015.07.29 21:39:10.607,0.94414,0.94472,1.00,1.00
2015.07.29 21:39:10.939,0.94417,0.94472,1.00,1.00
2015.07.29 21:39:10.990,0.94415,0.94472,1.00,1.00
2015.07.29 21:39:12.685,0.94414,0.94474,1.00,1.00
2015.07.29 21:39:12.787,0.94414,0.94474,1.37,1.00
2015.07.29 21:39:13.344,0.94414,0.94474,1.37,1.00
2015.07.29 21:39:13.903,0.94416,0.94475,1.37,1.00
2015.07.29 21:39:13.954,0.94416,0.94475,1.00,1.00
2015.07.29 21:39:17.834,0.94417,0.94473,1.00,1.00
2015.07.29 21:39:18.141,0.9442,0.94472,1.00,1.00
2015.07.29 21:39:19.616,0.94423,0.94472,1.00,1.00
2015.07.29 21:39:19.992,0.9442,0.94472,1.00,1.00
2015.07.29 21:39:20.161,0.94423,0.94472,1.00,1.00
2015.07.29 21:39:23.117,0.94421,0.94473,1.00,1.00
2015.07.29 21:39:23.640,0.94422,0.94473,1.00,1.00
2015.07.29 21:39:25.101,0.94421,0.94473,1.00,1.00
2015.07.29 21:39:25.302,0.94423,0.94472,1.00,1.00
2015.07.29 21:39:25.543,0.94421,0.94471,1.00,1.00
2015.07.29 21:39:28.060,0.94422,0.94471,1.00,1.00
2015.07.29 21:39:28.161,0.94423,0.94475,1.00,1.00
2015.07.29 21:39:28.387,0.94428,0.94478,1.00,1.37
2015.07.29 21:39:29.014,0.94428,0.94478,1.00,1.00
2015.07.29 21:39:34.310,0.94427,0.94476,1.12,1.00
2015.07.29 21:39:34.930,0.94427,0.94476,1.37,1.00
2015.07.29 21:39:35.434,0.94425,0.94477,1.37,1.00
2015.07.29 21:39:36.842,0.94425,0.94477,1.37,1.00
2015.07.29 21:39:38.654,0.94425,0.94477,1.37,1.00
2015.07.29 21:39:39.760,0.94425,0.94477,1.37,1.00
2015.07.29 21:39:40.274,0.94425,0.94477,1.37,1.00
2015.07.29 21:39:41.008,0.94425,0.94477,1.37,1.00
2015.07.29 21:39:42.170,0.94425,0.94477,1.37,1.00
2015.07.29 21:39:42.719,0.94425,0.94477,1.37,1.00
2015.07.29 21:39:43.727,0.94425,0.94477,1.00,1.00
2015.07.29 21:39:52.143,0.94422,0.94472,1.37,1.00
2015.07.29 21:39:53.669,0.94423,0.94473,1.12,1.00
2015.07.29 21:39:54.175,0.94422,0.94472,1.87,1.00
2015.07.29 21:39:58.140,0.94422,0.94472,1.12,1.00
2015.07.29 21:39:58.641,0.94422,0.94472,1.87,1.00
2015.07.29 21:40:00.145,0.94422,0.94472,1.87,1.00
2015.07.29 21:40:00.646,0.94422,0.94472,1.87,1.00
2015.07.29 21:40:01.964,0.94422,0.94472,1.87,1.00
2015.07.29 21:40:02.657,0.94422,0.94472,1.87,1.00
2015.07.29 21:40:03.175,0.94424,0.94473,1.00,1.00
2015.07.29 21:40:03.716,0.94423,0.94473,1.50,1.00
2015.07.29 21:40:08.105,0.94422,0.94472,1.37,1.00
2015.07.29 21:40:09.782,0.94422,0.94472,1.12,1.00
2015.07.29 21:40:10.284,0.94422,0.94474,1.37,1.00
2015.07.29 21:40:11.712,0.94422,0.94474,1.12,1.00
2015.07.29 21:40:12.299,0.94421,0.94473,1.37,1.00
2015.07.29 21:40:13.592,0.94421,0.94473,1.37,1.00
2015.07.29 21:40:13.794,0.94421,0.94472,1.00,1.00
2015.07.29 21:40:19.094,0.94419,0.94472,1.50,1.00
2015.07.29 21:40:19.708,0.9442,0.94473,1.00,1.00
2015.07.29 21:40:26.232,0.94421,0.94473,1.00,1.00
2015.07.29 21:40:26.908,0.9442,0.94473,1.00,1.00
2015.07.29 21:40:27.112,0.9442,0.94471,1.00,1.00
2015.07.29 21:40:30.099,0.94421,0.94472,1.37,1.00
2015.07.29 21:40:30.924,0.94421,0.94472,1.37,1.00
2015.07.29 21:40:32.620,0.94421,0.94472,1.37,1.00
2015.07.29 21:40:33.242,0.94421,0.94472,1.37,1.00
2015.07.29 21:40:35.910,0.94421,0.94472,1.37,1.00
2015.07.29 21:40:36.627,0.94421,0.94472,1.37,1.00
2015.07.29 21:40:41.154,0.94421,0.94472,1.37,1.00
2015.07.29 21:40:42.165,0.94421,0.94472,1.37,1.00
2015.07.29 21:40:43.341,0.94421,0.94472,1.37,1.00
2015.07.29 21:40:43.989,0.94421,0.94472,1.37,1.00
2015.07.29 21:40:44.566,0.94421,0.94472,1.37,1.00
2015.07.29 21:40:45.234,0.94421,0.94472,1.37,1.00
2015.07.29 21:40:45.993,0.94421,0.94472,1.37,1.00
2015.07.29 21:40:46.563,0.94421,0.94472,1.37,1.00
2015.07.29 21:40:48.919,0.94421,0.94472,1.37,1.00
2015.07.29 21:40:49.459,0.94421,0.94472,1.37,1.00
2015.07.29 21:40:50.190,0.94421,0.94472,1.00,1.00
2015.07.29 21:40:52.229,0.9442,0.94471,1.00,1.00
2015.07.29 21:40:52.883,0.94421,0.94472,1.00,1.00
2015.07.29 21:41:02.133,0.94421,0.94472,1.37,1.00
2015.07.29 21:41:02.663,0.94421,0.94471,1.37,1.00
2015.07.29 21:41:03.396,0.94421,0.94471,1.37,1.00
2015.07.29 21:41:04.572,0.94421,0.94471,1.37,1.00
2015.07.29 21:41:05.269,0.94421,0.94471,1.37,1.00
2015.07.29 21:41:06.575,0.94419,0.94471,1.37,1.00
2015.07.29 21:41:07.164,0.94419,0.94471,1.37,1.00
2015.07.29 21:41:07.811,0.9442,0.94472,1.37,1.00
2015.07.29 21:41:08.879,0.9442,0.94472,1.37,1.00
2015.07.29 21:41:09.697,0.9442,0.94472,1.37,1.00
2015.07.29 21:41:10.291,0.94421,0.94471,1.37,1.00
2015.07.29 21:41:11.117,0.94421,0.94471,1.37,1.00
2015.07.29 21:41:12.485,0.94421,0.94471,1.37,1.00
2015.07.29 21:41:13.412,0.94419,0.94471,1.37,1.00
2015.07.29 21:41:15.121,0.94422,0.94471,1.37,1.00
2015.07.29 21:41:15.680,0.94422,0.94472,1.37,1.00
2015.07.29 21:41:17.126,0.94422,0.94472,1.12,1.00
2015.07.29 21:41:17.738,0.94421,0.94472,1.37,1.00
2015.07.29 21:41:20.049,0.94421,0.94472,1.37,1.00
2015.07.29 21:41:20.585,0.94423,0.94472,1.00,1.00
2015.07.29 21:41:21.682,0.94417,0.94469,1.87,1.00
2015.07.29 21:41:21.740,0.94417,0.94469,1.12,1.00
2015.07.29 21:41:21.841,0.94405,0.94472,1.37,1.37
2015.07.29 21:41:21.891,0.94402,0.94464,1.37,1.00
2015.07.29 21:41:21.942,0.94395,0.94464,1.37,1.37
2015.07.29 21:41:22.446,0.94394,0.94466,1.37,1.37
2015.07.29 21:41:23.036,0.94394,0.94466,1.37,1.37
2015.07.29 21:41:25.744,0.94394,0.94466,1.37,1.37
2015.07.29 21:41:26.342,0.94393,0.94466,1.37,1.37
2015.07.29 21:41:29.628,0.94392,0.94464,1.87,1.37
2015.07.29 21:41:30.130,0.94394,0.94465,1.37,1.37
2015.07.29 21:41:30.631,0.94392,0.94465,1.87,1.37
2015.07.29 21:41:31.368,0.94393,0.94465,1.37,1.37
2015.07.29 21:41:31.897,0.94392,0.94445,1.87,1.00
2015.07.29 21:41:32.048,0.94381,0.94442,1.00,1.12
2015.07.29 21:41:32.350,0.94378,0.94443,1.00,1.37
2015.07.29 21:41:32.855,0.94372,0.9444,1.87,1.37
2015.07.29 21:41:33.362,0.94375,0.94441,1.37,1.37
2015.07.29 21:41:33.463,0.94375,0.94437,1.00,1.12
2015.07.29 21:41:33.974,0.94375,0.94438,1.00,1.12
2015.07.29 21:41:34.242,0.94375,0.94441,1.37,1.00
2015.07.29 21:41:34.444,0.94378,0.94443,1.00,1.12
2015.07.29 21:41:34.996,0.94377,0.94443,1.12,1.00
2015.07.29 21:41:35.550,0.94373,0.94442,1.12,1.12
2015.07.29 21:41:35.651,0.94376,0.94442,1.00,1.00
2015.07.29 21:41:36.500,0.94377,0.94444,1.00,1.87
2015.07.29 21:41:37.011,0.94378,0.94444,1.00,1.87
2015.07.29 21:41:37.555,0.94378,0.94444,1.00,1.37
2015.07.29 21:41:38.102,0.94378,0.94444,1.12,1.37
2015.07.29 21:41:39.259,0.94378,0.94444,1.00,1.37
2015.07.29 21:41:39.624,0.94375,0.9444,1.37,1.00
2015.07.29 21:41:39.962,0.94377,0.94438,1.37,1.00
2015.07.29 21:41:40.151,0.94375,0.9444,1.37,1.00
2015.07.29 21:41:40.252,0.94375,0.9444,1.00,1.00
2015.07.29 21:41:40.524,0.94376,0.94438,1.00,1.00
2015.07.29 21:41:40.992,0.94376,0.94439,1.37,1.00
2015.07.29 21:41:41.299,0.94376,0.94437,1.37,1.00
2015.07.29 21:41:41.818,0.94377,0.94436,1.12,1.00
2015.07.29 21:41:42.586,0.94378,0.94435,1.12,1.00
2015.07.29 21:41:43.191,0.94377,0.94435,1.12,1.00
2015.07.29 21:41:44.615,0.94378,0.94435,1.12,1.00
2015.07.29 21:41:47.181,0.94377,0.94435,1.12,1.00
2015.07.29 21:41:48.867,0.94378,0.94435,1.12,1.00
2015.07.29 21:41:50.171,0.94378,0.94436,1.12,1.00
2015.07.29 21:41:50.933,0.94377,0.94436,1.12,1.00
2015.07.29 21:41:51.373,0.94377,0.94434,1.12,1.00
2015.07.29 21:41:52.300,0.94378,0.94434,1.12,1.00
2015.07.29 21:41:52.602,0.94377,0.94437,1.87,1.50
2015.07.29 21:41:53.019,0.94378,0.94428,1.87,1.00
2015.07.29 21:41:53.600,0.94378,0.94428,1.37,1.00
2015.07.29 21:41:54.118,0.94378,0.94428,1.87,1.00
2015.07.29 21:41:54.632,0.94378,0.94427,1.37,1.00
2015.07.29 21:41:54.783,0.94378,0.94429,1.37,1.00
2015.07.29 21:41:55.331,0.94378,0.94428,1.37,1.00
2015.07.29 21:41:55.873,0.94378,0.94429,1.37,1.00
2015.07.29 21:41:55.924,0.94378,0.94429,1.12,1.00
2015.07.29 21:41:56.425,0.94378,0.9443,1.12,1.00
2015.07.29 21:41:57.628,0.94377,0.9443,1.12,1.00
2015.07.29 21:41:58.141,0.94378,0.9443,1.12,1.00
2015.07.29 21:41:58.862,0.94377,0.9443,1.12,1.00
2015.07.29 21:41:59.634,0.94378,0.9443,1.12,1.00
2015.07.29 21:42:00.940,0.94378,0.94431,1.12,1.00
2015.07.29 21:42:01.748,0.94378,0.9443,1.12,1.00
2015.07.29 21:42:02.838,0.94378,0.94431,1.12,1.00
2015.07.29 21:42:02.889,0.94378,0.94431,1.37,1.00
2015.07.29 21:42:03.762,0.94377,0.94431,1.37,1.00
2015.07.29 21:42:04.566,0.94378,0.94431,1.37,1.00
2015.07.29 21:42:04.904,0.94382,0.94443,1.12,1.00
2015.07.29 21:42:05.269,0.94383,0.94451,1.12,1.37
2015.07.29 21:42:05.320,0.94396,0.94456,1.80,1.00
2015.07.29 21:42:05.605,0.94397,0.94458,1.05,1.50
2015.07.29 21:42:06.111,0.94393,0.94462,1.37,1.00
2015.07.29 21:42:06.629,0.94392,0.94461,1.37,1.00
2015.07.29 21:42:07.400,0.94402,0.94467,1.12,1.00
2015.07.29 21:42:07.990,0.94403,0.94467,1.12,1.00
2015.07.29 21:42:08.493,0.94402,0.94467,1.12,1.50
2015.07.29 21:42:08.544,0.94402,0.94465,1.12,1.00
2015.07.29 21:42:09.244,0.94403,0.94464,1.12,1.00
2015.07.29 21:42:09.655,0.94407,0.94467,1.00,1.00
2015.07.29 21:42:09.959,0.94413,0.9447,1.12,1.00
2015.07.29 21:42:10.463,0.94412,0.94468,1.87,1.00
2015.07.29 21:42:11.092,0.94414,0.94469,1.37,1.00
2015.07.29 21:42:11.616,0.94414,0.94469,1.37,1.00
2015.07.29 21:42:12.168,0.94414,0.94469,1.37,1.00
2015.07.29 21:42:13.726,0.94413,0.94468,1.37,1.00
2015.07.29 21:42:14.189,0.94412,0.94468,1.00,1.00
2015.07.29 21:42:14.470,0.9441,0.94468,1.00,1.00
2015.07.29 21:42:15.135,0.94415,0.94471,1.00,1.00
2015.07.29 21:42:15.438,0.9442,0.94472,1.00,1.12
2015.07.29 21:42:15.980,0.94421,0.94472,1.00,1.00
2015.07.29 21:42:16.682,0.9442,0.94472,1.00,1.00
2015.07.29 21:42:18.688,0.9442,0.9447,1.00,1.00
2015.07.29 21:42:18.790,0.94408,0.9446,1.00,1.00
2015.07.29 21:42:18.891,0.94417,0.9447,1.00,1.37
2015.07.29 21:42:19.228,0.94418,0.94472,1.00,1.00
2015.07.29 21:42:21.568,0.94419,0.94473,1.00,1.00
2015.07.29 21:42:23.976,0.94419,0.94471,1.00,1.00
2015.07.29 21:42:24.410,0.94421,0.94473,1.00,1.00
2015.07.29 21:42:24.929,0.94422,0.94473,1.00,1.00
2015.07.29 21:42:29.650,0.94421,0.94472,1.00,1.00
2015.07.29 21:42:30.107,0.9442,0.94474,1.00,1.00
2015.07.29 21:42:33.181,0.94418,0.9447,1.00,1.00
2015.07.29 21:42:34.298,0.94416,0.94468,1.37,1.00
2015.07.29 21:42:35.730,0.94418,0.94469,1.12,1.00
2015.07.29 21:42:35.948,0.94417,0.94471,1.37,1.00
2015.07.29 21:42:36.369,0.94412,0.94469,1.37,1.00
2015.07.29 21:42:36.470,0.94408,0.94468,1.12,1.37
2015.07.29 21:42:37.121,0.94403,0.94469,1.37,1.37
2015.07.29 21:42:37.695,0.94403,0.94469,1.87,1.37
2015.07.29 21:42:38.302,0.94403,0.94469,1.37,1.37
2015.07.29 21:42:39.344,0.94403,0.94469,1.87,1.37
2015.07.29 21:42:39.960,0.94403,0.94469,1.37,1.37
2015.07.29 21:42:40.471,0.94403,0.94469,1.00,1.37
2015.07.29 21:42:41.016,0.94398,0.94465,1.37,1.00
2015.07.29 21:42:41.118,0.94398,0.94467,1.37,1.87
2015.07.29 21:42:41.219,0.94398,0.94465,1.37,1.00
2015.07.29 21:42:41.573,0.94398,0.94462,1.37,1.00
2015.07.29 21:42:41.624,0.94397,0.94462,1.12,1.00
2015.07.29 21:42:41.876,0.94392,0.94459,1.37,1.00
2015.07.29 21:42:42.179,0.94388,0.94456,1.87,1.00
2015.07.29 21:42:44.288,0.94388,0.94456,2.62,1.00
2015.07.29 21:42:45.191,0.94388,0.94456,1.87,1.00
2015.07.29 21:42:46.594,0.94388,0.94456,2.62,1.00
2015.07.29 21:42:47.318,0.94388,0.94456,1.87,1.37
2015.07.29 21:42:47.621,0.94378,0.94446,1.37,1.00
2015.07.29 21:42:48.150,0.94382,0.94447,1.12,1.00
2015.07.29 21:42:48.779,0.94383,0.94447,1.12,1.00
2015.07.29 21:42:48.840,0.94383,0.94439,1.12,1.00
2015.07.29 21:42:49.210,0.94378,0.9444,1.12,1.00
2015.07.29 21:42:49.261,0.94378,0.94442,1.12,1.87
2015.07.29 21:42:50.505,0.94382,0.94444,1.12,1.00
2015.07.29 21:42:50.844,0.94382,0.94441,1.12,1.00
2015.07.29 21:42:50.895,0.94382,0.94444,1.87,1.00
2015.07.29 21:42:50.946,0.94383,0.94444,1.37,1.00
2015.07.29 21:42:51.459,0.94383,0.94443,1.87,1.00
2015.07.29 21:42:52.010,0.94387,0.94443,1.12,1.00
2015.07.29 21:42:52.533,0.94388,0.94444,1.12,1.00
2015.07.29 21:42:53.159,0.94387,0.94444,1.12,1.00
2015.07.29 21:42:54.117,0.94388,0.94444,1.12,1.00
2015.07.29 21:42:54.969,0.94388,0.94442,1.12,1.00
2015.07.29 21:42:56.123,0.94387,0.94442,1.37,1.00
2015.07.29 21:42:56.703,0.94388,0.94442,1.37,1.00
2015.07.29 21:42:57.608,0.94388,0.94444,1.37,1.00
2015.07.29 21:42:57.760,0.94397,0.94445,1.37,1.00
2015.07.29 21:42:58.079,0.94398,0.94447,1.37,1.00
2015.07.29 21:42:59.682,0.94398,0.94446,1.37,1.00
2015.07.29 21:43:00.294,0.94398,0.94447,1.37,1.00
2015.07.29 21:43:00.353,0.94403,0.94445,1.37,1.00
2015.07.29 21:43:00.555,0.94398,0.94446,1.12,1.00
2015.07.29 21:43:01.059,0.94395,0.94445,1.00,1.00
2015.07.29 21:43:01.121,0.94393,0.94445,1.12,1.00
2015.07.29 21:43:01.720,0.94387,0.94444,1.37,1.00
2015.07.29 21:43:02.380,0.94388,0.94444,1.37,1.00
2015.07.29 21:43:02.909,0.94388,0.94443,1.37,1.00
2015.07.29 21:43:03.451,0.94387,0.94443,1.37,1.00
2015.07.29 21:43:04.125,0.94388,0.94443,1.37,1.00
2015.07.29 21:43:04.721,0.94387,0.94442,1.37,1.00
2015.07.29 21:43:04.779,0.94388,0.94444,1.37,1.00
2015.07.29 21:43:05.428,0.94388,0.94446,1.37,1.00
2015.07.29 21:43:05.618,0.94387,0.94443,1.87,1.00
2015.07.29 21:43:06.149,0.94388,0.94443,1.37,1.00
2015.07.29 21:43:06.305,0.94388,0.94446,1.37,1.00
2015.07.29 21:43:06.810,0.94389,0.94446,1.37,1.00
2015.07.29 21:43:06.861,0.94389,0.94448,1.37,1.00
2015.07.29 21:43:06.961,0.94388,0.94444,1.37,1.00
2015.07.29 21:43:07.269,0.94388,0.94446,1.37,1.00
2015.07.29 21:43:08.389,0.94387,0.94446,1.87,1.00
2015.07.29 21:43:08.931,0.94389,0.94446,1.37,1.00
2015.07.29 21:43:09.633,0.94387,0.94446,1.87,1.00
2015.07.29 21:43:11.238,0.94398,0.94447,1.37,1.00
2015.07.29 21:43:11.339,0.94393,0.94449,1.37,1.00
2015.07.29 21:43:11.440,0.94392,0.94449,1.00,1.00
2015.07.29 21:43:11.491,0.94387,0.94439,1.12,1.00
2015.07.29 21:43:12.038,0.94382,0.94437,1.37,1.00
2015.07.29 21:43:12.444,0.94383,0.94438,1.12,1.00
2015.07.29 21:43:12.596,0.94383,0.94435,1.12,1.00
2015.07.29 21:43:13.665,0.94383,0.94438,1.12,1.00
2015.07.29 21:43:14.650,0.94382,0.94438,1.12,1.00
2015.07.29 21:43:15.152,0.94383,0.94438,1.12,1.00
2015.07.29 21:43:15.739,0.94382,0.94439,1.12,1.00
2015.07.29 21:43:16.245,0.94383,0.94439,1.12,1.00
2015.07.29 21:43:16.800,0.94382,0.94439,1.12,1.00
2015.07.29 21:43:17.349,0.94382,0.94438,1.12,1.00
2015.07.29 21:43:17.853,0.94383,0.94438,1.12,1.00
2015.07.29 21:43:18.394,0.94382,0.94438,1.12,1.00
2015.07.29 21:43:18.839,0.94382,0.9444,1.12,1.00
2015.07.29 21:43:19.147,0.94382,0.9444,1.37,1.00
2015.07.29 21:43:19.829,0.94382,0.94437,1.37,1.00
2015.07.29 21:43:19.930,0.94383,0.9444,1.37,1.00
2015.07.29 21:43:20.593,0.94388,0.94439,1.12,1.00
2015.07.29 21:43:20.646,0.94388,0.94441,1.12,1.00
2015.07.29 21:43:20.761,0.94387,0.94441,1.37,1.00
2015.07.29 21:43:21.169,0.94383,0.94439,1.37,1.00
2015.07.29 21:43:21.568,0.94388,0.94439,1.37,1.00
2015.07.29 21:43:21.678,0.94388,0.94441,1.37,1.00
2015.07.29 21:43:21.981,0.94383,0.9444,1.12,1.00
2015.07.29 21:43:22.531,0.94387,0.94441,1.12,1.00
2015.07.29 21:43:22.822,0.94383,0.94439,1.12,1.00
2015.07.29 21:43:23.370,0.94383,0.94441,1.87,1.00
2015.07.29 21:43:23.623,0.94387,0.94439,1.12,1.00
2015.07.29 21:43:24.118,0.94388,0.94441,1.37,1.00
2015.07.29 21:43:24.625,0.94383,0.94441,1.87,1.00
2015.07.29 21:43:25.139,0.94388,0.94442,1.12,1.50
2015.07.29 21:43:25.529,0.94388,0.94439,1.12,1.00
2015.07.29 21:43:25.831,0.94387,0.94441,1.37,1.00
2015.07.29 21:43:27.224,0.94388,0.94441,1.37,1.00
2015.07.29 21:43:27.325,0.94388,0.94441,1.12,1.00
2015.07.29 21:43:27.779,0.94388,0.94439,1.12,1.00
2015.07.29 21:43:28.314,0.94383,0.9444,1.37,1.00
2015.07.29 21:43:29.123,0.94382,0.9444,1.37,1.00
2015.07.29 21:43:29.627,0.94388,0.94439,1.12,1.00
2015.07.29 21:43:30.239,0.94388,0.94439,1.37,1.00
2015.07.29 21:43:30.392,0.94387,0.94441,1.37,1.00
2015.07.29 21:43:30.443,0.94388,0.94441,1.12,1.00
2015.07.29 21:43:30.544,0.94388,0.94439,1.12,1.00
2015.07.29 21:43:30.718,0.94388,0.94441,1.12,1.00
2015.07.29 21:43:31.182,0.94387,0.94439,1.12,1.00
2015.07.29 21:43:32.001,0.94388,0.94438,1.12,1.00
2015.07.29 21:43:32.589,0.94388,0.94436,1.12,1.00
2015.07.29 21:43:32.893,0.94398,0.94437,1.37,1.00
2015.07.29 21:43:34.688,0.94398,0.94437,1.37,1.00
2015.07.29 21:43:34.907,0.94396,0.94443,1.37,1.00
2015.07.29 21:43:35.008,0.944,0.94457,1.00,1.00
2015.07.29 21:43:35.058,0.94402,0.94446,1.12,1.00
2015.07.29 21:43:35.406,0.94392,0.94435,1.37,1.00
2015.07.29 21:43:35.607,0.94393,0.94437,1.37,1.00
2015.07.29 21:43:35.658,0.94383,0.94437,1.12,1.00
2015.07.29 21:43:35.999,0.94388,0.94437,1.12,1.00
2015.07.29 21:43:36.251,0.94388,0.94439,1.12,1.00
2015.07.29 21:43:36.661,0.94388,0.94436,1.12,1.00
2015.07.29 21:43:36.762,0.94383,0.94436,1.12,1.00
2015.07.29 21:43:37.122,0.94385,0.94436,1.00,1.00
2015.07.29 21:43:37.424,0.94388,0.94437,1.37,1.00
2015.07.29 21:43:37.954,0.94388,0.94436,1.37,1.00
2015.07.29 21:43:38.358,0.94388,0.94441,1.37,1.00
2015.07.29 21:43:39.099,0.94428,0.94455,1.00,1.00
2015.07.29 21:43:39.150,0.94428,0.94484,1.00,1.00
2015.07.29 21:43:39.201,0.94423,0.94485,1.12,1.00
2015.07.29 21:43:39.524,0.94423,0.94483,1.12,1.00
2015.07.29 21:43:40.079,0.94422,0.94485,1.37,1.00
2015.07.29 21:43:40.383,0.94432,0.94487,1.37,1.00
2015.07.29 21:43:40.824,0.94427,0.94486,1.12,1.00
2015.07.29 21:43:40.875,0.94428,0.94484,1.12,1.00
2015.07.29 21:43:40.976,0.94418,0.94483,1.87,1.00
2015.07.29 21:43:41.580,0.94428,0.94483,1.12,1.00
2015.07.29 21:43:41.832,0.94428,0.94485,1.12,1.00
2015.07.29 21:43:41.883,0.94433,0.94485,1.12,1.00
2015.07.29 21:43:42.186,0.94433,0.94487,1.87,1.00
2015.07.29 21:43:42.287,0.94437,0.9449,1.12,1.00
2015.07.29 21:43:42.805,0.94438,0.9449,1.12,1.00
2015.07.29 21:43:43.007,0.9443,0.94488,1.37,1.00
2015.07.29 21:43:43.058,0.9443,0.94486,1.37,1.00
2015.07.29 21:43:43.259,0.94432,0.94489,1.12,1.00
2015.07.29 21:43:43.421,0.94433,0.94489,1.37,1.00
2015.07.29 21:43:43.724,0.94428,0.94484,1.12,1.00
2015.07.29 21:43:44.227,0.94423,0.94483,1.12,1.00
2015.07.29 21:43:44.568,0.94428,0.94482,1.12,1.00
2015.07.29 21:43:44.831,0.94428,0.94487,1.87,1.00
2015.07.29 21:43:44.983,0.9443,0.94486,1.00,1.00
2015.07.29 21:43:45.285,0.94433,0.94488,1.12,1.00
2015.07.29 21:43:45.537,0.94428,0.94484,1.12,1.00
2015.07.29 21:43:46.041,0.94418,0.94481,1.37,1.00
2015.07.29 21:43:46.417,0.94413,0.9448,1.12,1.00
2015.07.29 21:43:46.569,0.94412,0.94482,1.12,1.00
2015.07.29 21:43:46.619,0.94414,0.94482,1.00,1.00
2015.07.29 21:43:46.921,0.94426,0.94482,1.00,1.00
2015.07.29 21:43:47.235,0.94419,0.94484,1.37,1.00
2015.07.29 21:43:47.336,0.94418,0.94479,1.37,1.00
2015.07.29 21:43:47.538,0.94416,0.94479,1.00,1.00
2015.07.29 21:43:47.638,0.94408,0.94484,1.37,1.00
2015.07.29 21:43:48.175,0.94408,0.94485,1.37,1.00
2015.07.29 21:43:48.226,0.94408,0.94482,1.37,1.00
2015.07.29 21:43:48.538,0.94413,0.9448,1.37,1.00
2015.07.29 21:43:48.962,0.94423,0.94481,1.12,1.00
2015.07.29 21:43:49.114,0.94423,0.94483,1.00,1.00
2015.07.29 21:43:49.830,0.94424,0.94483,1.00,1.00
2015.07.29 21:43:50.078,0.94424,0.94478,1.00,1.00
2015.07.29 21:43:50.395,0.94423,0.9448,1.87,1.00
2015.07.29 21:43:50.546,0.94419,0.9448,1.00,1.00
2015.07.29 21:43:50.647,0.94418,0.94478,1.12,1.00
2015.07.29 21:43:51.163,0.94427,0.94477,1.00,1.00
2015.07.29 21:43:51.214,0.94428,0.94483,1.00,1.00
2015.07.29 21:43:51.264,0.94428,0.94483,1.87,1.00
2015.07.29 21:43:51.576,0.94427,0.94481,1.00,1.00
2015.07.29 21:43:51.627,0.94422,0.94475,1.12,1.00
2015.07.29 21:43:51.677,0.94412,0.94475,1.37,1.00
2015.07.29 21:43:51.728,0.94412,0.94478,1.37,1.00
2015.07.29 21:43:52.080,0.94408,0.94479,1.12,1.00
2015.07.29 21:43:52.282,0.94408,0.94477,1.12,1.00
2015.07.29 21:43:52.844,0.94402,0.94477,1.12,1.00
2015.07.29 21:43:52.895,0.94403,0.94475,1.12,1.00
2015.07.29 21:43:53.198,0.94408,0.94476,1.37,1.00
2015.07.29 21:43:53.299,0.94412,0.94479,1.12,1.00
2015.07.29 21:43:53.349,0.94422,0.94479,1.00,1.00
2015.07.29 21:43:53.500,0.94417,0.94481,1.87,1.00
2015.07.29 21:43:53.551,0.94425,0.94481,1.00,1.00
2015.07.29 21:43:53.652,0.94418,0.9448,1.37,1.00
2015.07.29 21:43:53.753,0.94415,0.94476,1.00,1.00
2015.07.29 21:43:53.854,0.94413,0.94478,1.12,1.00
2015.07.29 21:43:54.206,0.94404,0.94478,1.37,1.12
2015.07.29 21:43:54.811,0.94402,0.94475,1.37,1.00
2015.07.29 21:43:54.912,0.94401,0.94475,1.87,1.00
2015.07.29 21:43:54.963,0.94401,0.94477,2.62,1.00
2015.07.29 21:43:55.178,0.94407,0.94476,1.37,1.00
2015.07.29 21:43:55.583,0.94407,0.94478,1.37,1.00
2015.07.29 21:43:56.307,0.94407,0.94479,1.37,1.00
2015.07.29 21:43:56.358,0.94412,0.94476,1.37,1.00
2015.07.29 21:43:56.467,0.94412,0.94479,1.37,1.00
2015.07.29 21:43:56.519,0.94407,0.94479,1.37,1.00
2015.07.29 21:43:56.721,0.94407,0.94481,1.37,1.00
2015.07.29 21:43:56.822,0.94413,0.94477,1.37,1.00
2015.07.29 21:43:57.024,0.94412,0.94479,1.37,1.00
2015.07.29 21:43:57.225,0.94408,0.94479,1.37,1.00
2015.07.29 21:43:57.762,0.94408,0.94456,1.37,1.00
2015.07.29 21:43:57.813,0.94402,0.94455,1.12,1.00
2015.07.29 21:43:58.142,0.94398,0.94458,1.37,1.00
2015.07.29 21:43:58.193,0.94398,0.94458,1.12,1.00
2015.07.29 21:43:58.625,0.944,0.94459,1.37,1.00
2015.07.29 21:43:59.148,0.94398,0.9446,1.37,1.00
2015.07.29 21:43:59.334,0.94402,0.94463,1.87,1.00
2015.07.29 21:43:59.586,0.94403,0.94461,1.12,1.00
2015.07.29 21:43:59.687,0.94402,0.94463,1.87,1.00
2015.07.29 21:44:00.141,0.94402,0.94462,1.87,1.00
2015.07.29 21:44:00.343,0.94399,0.94464,1.00,1.00
2015.07.29 21:44:00.444,0.94399,0.94461,1.00,1.00
2015.07.29 21:44:00.753,0.94399,0.9446,1.37,1.00
2015.07.29 21:44:02.558,0.94404,0.94463,1.37,1.00
2015.07.29 21:44:03.170,0.94404,0.94464,1.37,1.00
2015.07.29 21:44:04.598,0.94403,0.94463,1.87,1.00
2015.07.29 21:44:04.749,0.94399,0.9446,1.37,1.00
2015.07.29 21:44:04.850,0.94402,0.94462,1.37,1.00
2015.07.29 21:44:05.245,0.94402,0.94462,1.87,1.00
2015.07.29 21:44:05.618,0.94403,0.9446,1.37,1.00
2015.07.29 21:44:05.669,0.944,0.9446,1.37,1.00
2015.07.29 21:44:06.339,0.944,0.9446,1.37,1.00
2015.07.29 21:44:06.878,0.94405,0.9446,1.00,1.00
2015.07.29 21:44:06.929,0.94405,0.94463,1.00,1.00
2015.07.29 21:44:07.173,0.94406,0.94465,1.00,1.00
2015.07.29 21:44:08.100,0.94406,0.94465,1.37,1.00
2015.07.29 21:44:08.904,0.94404,0.94464,1.87,1.00
2015.07.29 21:44:09.411,0.94406,0.94465,1.37,1.00
2015.07.29 21:44:10.283,0.94406,0.94465,1.37,1.00
2015.07.29 21:44:10.859,0.94405,0.94466,1.87,1.00
2015.07.29 21:44:12.312,0.94405,0.94466,1.37,1.00
2015.07.29 21:44:13.074,0.94407,0.94463,1.37,1.00
2015.07.29 21:44:14.908,0.94407,0.94463,1.12,1.00
2015.07.29 21:44:15.520,0.94408,0.94464,1.12,1.00
2015.07.29 21:44:15.918,0.94418,0.94464,1.00,1.00
2015.07.29 21:44:15.969,0.9442,0.94478,1.00,1.12
2015.07.29 21:44:16.070,0.94424,0.94482,1.50,1.37
2015.07.29 21:44:16.703,0.94426,0.94484,1.00,1.00
2015.07.29 21:44:17.073,0.9443,0.94486,1.00,1.00
2015.07.29 21:44:17.403,0.94428,0.94487,1.00,1.00
2015.07.29 21:44:17.506,0.94426,0.94484,1.37,1.00
2015.07.29 21:44:18.258,0.9443,0.94488,1.00,1.00
2015.07.29 21:44:18.718,0.94427,0.94483,1.12,1.00
2015.07.29 21:44:19.127,0.94429,0.94485,1.00,1.00
2015.07.29 21:44:19.434,0.94431,0.94487,1.00,1.00
2015.07.29 21:44:19.746,0.94426,0.94482,1.37,1.00
2015.07.29 21:44:20.018,0.94429,0.94485,1.00,1.00
2015.07.29 21:44:20.220,0.94429,0.94487,1.00,1.00
2015.07.29 21:44:20.371,0.94428,0.94484,1.12,1.00
2015.07.29 21:44:20.673,0.94424,0.94481,1.37,1.00
2015.07.29 21:44:21.401,0.94425,0.94481,1.37,1.00
2015.07.29 21:44:21.705,0.94408,0.94465,1.37,1.00
2015.07.29 21:44:22.028,0.94407,0.94463,1.37,1.00
2015.07.29 21:44:22.231,0.94407,0.94465,1.87,1.00
2015.07.29 21:44:23.215,0.94408,0.94465,1.12,1.00
2015.07.29 21:44:23.535,0.94408,0.94467,1.12,1.00
2015.07.29 21:44:23.847,0.94408,0.94465,1.87,1.00
2015.07.29 21:44:24.149,0.94413,0.94465,1.00,1.00
2015.07.29 21:44:24.199,0.94416,0.94476,1.00,1.37
2015.07.29 21:44:24.250,0.94416,0.94476,1.00,1.00
2015.07.29 21:44:24.301,0.94418,0.94479,1.00,1.37
2015.07.29 21:44:24.643,0.94421,0.9448,1.00,1.00
2015.07.29 21:44:24.989,0.94418,0.94479,1.12,1.00
2015.07.29 21:44:25.392,0.94414,0.94476,1.37,1.00
2015.07.29 21:44:25.745,0.94417,0.94479,1.12,1.00
2015.07.29 21:44:25.942,0.94417,0.94476,1.37,1.00
2015.07.29 21:44:27.547,0.94417,0.94476,1.12,1.00
2015.07.29 21:44:28.231,0.94418,0.94477,1.12,1.00
2015.07.29 21:44:29.802,0.94417,0.94475,1.12,1.00
2015.07.29 21:44:30.338,0.94417,0.94475,1.37,1.00
2015.07.29 21:44:30.653,0.94408,0.94462,1.12,1.00
2015.07.29 21:44:30.704,0.94408,0.94464,1.12,1.00
2015.07.29 21:44:30.856,0.94407,0.94464,1.37,1.00
2015.07.29 21:44:31.007,0.94409,0.94469,1.37,1.00
2015.07.29 21:44:31.058,0.94413,0.94469,1.37,1.00
2015.07.29 21:44:31.787,0.94412,0.94468,1.12,1.00
2015.07.29 21:44:32.305,0.94413,0.94467,1.12,1.00
2015.07.29 21:44:32.868,0.94413,0.94469,1.87,1.00
2015.07.29 21:44:32.969,0.94418,0.94469,1.37,1.00
2015.07.29 21:44:33.510,0.94418,0.9447,1.37,1.00
2015.07.29 21:44:34.077,0.94417,0.94471,1.37,1.00
2015.07.29 21:44:35.511,0.94418,0.94471,1.37,1.00
2015.07.29 21:44:36.737,0.94418,0.94468,1.37,1.00
2015.07.29 21:44:37.275,0.94422,0.94468,1.12,1.00
2015.07.29 21:44:37.745,0.94423,0.9447,1.12,1.00
2015.07.29 21:44:38.046,0.94423,0.94468,1.12,1.00
2015.07.29 21:44:38.260,0.94423,0.94471,1.12,1.00
2015.07.29 21:44:38.850,0.94422,0.94471,1.12,1.00
2015.07.29 21:44:39.528,0.94423,0.94471,1.12,1.00
2015.07.29 21:44:40.116,0.94422,0.94471,1.12,1.00
2015.07.29 21:44:40.791,0.94423,0.94471,1.12,1.00
2015.07.29 21:44:41.479,0.94423,0.94468,1.12,1.00
2015.07.29 21:44:41.985,0.94422,0.94468,1.12,1.00
2015.07.29 21:44:42.644,0.94423,0.94468,1.12,1.00
2015.07.29 21:44:44.673,0.94422,0.94468,1.12,1.00
2015.07.29 21:44:45.362,0.94423,0.94468,1.12,1.00
2015.07.29 21:44:47.425,0.94422,0.94468,1.12,1.00
2015.07.29 21:44:48.729,0.94423,0.94468,1.12,1.00
2015.07.29 21:44:52.293,0.94422,0.94468,1.12,1.00
2015.07.29 21:44:52.837,0.94423,0.94468,1.12,1.00
2015.07.29 21:44:53.391,0.94422,0.94468,1.12,1.00
2015.07.29 21:44:54.237,0.94423,0.94469,1.12,1.00
2015.07.29 21:44:54.948,0.94422,0.94469,1.12,1.00
2015.07.29 21:44:56.035,0.94423,0.94469,1.12,1.00
2015.07.29 21:44:58.039,0.94422,0.94469,1.12,1.00
2015.07.29 21:44:58.691,0.94418,0.9447,1.37,1.00
2015.07.29 21:44:59.309,0.94418,0.9447,1.37,1.00
2015.07.29 21:45:00.029,0.94418,0.94471,1.37,1.00
2015.07.29 21:45:00.676,0.94418,0.94472,1.37,1.00
2015.07.29 21:45:01.394,0.94418,0.94473,1.37,1.00
2015.07.29 21:45:06.079,0.94417,0.94473,1.37,1.00
2015.07.29 21:45:06.635,0.94418,0.94473,1.37,1.00
2015.07.29 21:45:07.938,0.94417,0.94473,1.37,1.00
2015.07.29 21:45:08.478,0.94418,0.94473,1.37,1.00
2015.07.29 21:45:09.002,0.94417,0.94473,1.37,1.00
2015.07.29 21:45:09.705,0.94418,0.94473,1.37,1.00
2015.07.29 21:45:11.950,0.94417,0.94473,1.37,1.00
2015.07.29 21:45:12.652,0.94418,0.94473,1.37,1.00
2015.07.29 21:45:13.956,0.94417,0.94473,1.37,1.00
2015.07.29 21:45:14.530,0.94418,0.94473,1.37,1.00
2015.07.29 21:45:15.361,0.94417,0.94473,1.37,1.00
2015.07.29 21:45:15.876,0.94418,0.94473,1.37,1.00
2015.07.29 21:45:16.416,0.94422,0.94472,1.12,1.00
2015.07.29 21:45:17.020,0.94423,0.94472,1.12,1.00
2015.07.29 21:45:18.269,0.94422,0.94472,1.12,1.00
2015.07.29 21:45:18.919,0.94423,0.94472,1.12,1.00
2015.07.29 21:45:19.474,0.94422,0.94472,1.12,1.00
2015.07.29 21:45:19.976,0.94423,0.94472,1.12,1.00
2015.07.29 21:45:20.277,0.94417,0.94469,1.37,1.00
2015.07.29 21:45:20.983,0.94418,0.9447,1.37,1.00
2015.07.29 21:45:22.209,0.94417,0.9447,1.37,1.00
2015.07.29 21:45:23.085,0.94418,0.9447,1.37,1.00
2015.07.29 21:45:23.628,0.94418,0.94471,1.37,1.00
2015.07.29 21:45:24.430,0.94418,0.94464,1.37,1.00
2015.07.29 21:45:24.481,0.94408,0.94464,1.37,1.00
2015.07.29 21:45:24.532,0.94408,0.94466,1.37,1.00
2015.07.29 21:45:24.834,0.94413,0.94467,1.37,1.00
2015.07.29 21:45:25.354,0.94412,0.94466,1.37,1.00
2015.07.29 21:45:25.405,0.94413,0.94468,1.37,1.00
2015.07.29 21:45:25.556,0.94413,0.94466,1.37,1.00
2015.07.29 21:45:25.657,0.94413,0.94468,1.37,1.00
2015.07.29 21:45:25.943,0.94409,0.94469,1.37,1.00
2015.07.29 21:45:25.994,0.9441,0.94467,1.37,1.00
2015.07.29 21:45:26.416,0.94412,0.94466,1.37,1.00
2015.07.29 21:45:27.379,0.94412,0.94465,1.37,1.00
2015.07.29 21:45:28.015,0.94413,0.94466,1.37,1.00
2015.07.29 21:45:28.345,0.94413,0.94464,1.37,1.00
2015.07.29 21:45:28.395,0.94413,0.94466,1.37,1.00
2015.07.29 21:45:29.005,0.94412,0.94466,1.37,1.00
2015.07.29 21:45:29.531,0.94413,0.94466,1.37,1.00
2015.07.29 21:45:31.139,0.94413,0.94467,1.37,1.00
2015.07.29 21:45:31.240,0.94414,0.94474,1.00,1.00
2015.07.29 21:45:31.341,0.94423,0.94479,1.37,1.00
2015.07.29 21:45:31.968,0.94418,0.94477,1.12,1.00
2015.07.29 21:45:32.229,0.94417,0.94475,1.12,1.00
2015.07.29 21:45:32.540,0.94418,0.94474,1.37,1.00
2015.07.29 21:45:32.741,0.94413,0.94474,1.87,1.00
2015.07.29 21:45:33.254,0.94412,0.94475,1.87,1.00
2015.07.29 21:45:33.355,0.94418,0.94475,1.37,1.00
2015.07.29 21:45:33.944,0.94422,0.94476,1.37,1.00
2015.07.29 21:45:34.357,0.94422,0.94479,1.37,1.00
2015.07.29 21:45:35.001,0.94423,0.94478,1.37,1.00
2015.07.29 21:45:35.251,0.94422,0.94478,1.12,1.00
2015.07.29 21:45:35.950,0.94423,0.94478,1.12,1.00
2015.07.29 21:45:36.303,0.94419,0.94482,1.37,1.00
2015.07.29 21:45:36.552,0.94423,0.9448,1.37,1.00
2015.07.29 21:45:37.272,0.94423,0.94482,1.37,1.00
2015.07.29 21:45:41.315,0.94423,0.9448,1.37,1.00
2015.07.29 21:45:43.170,0.94422,0.94481,1.37,1.00
2015.07.29 21:45:43.220,0.94423,0.94484,1.37,1.00
2015.07.29 21:45:43.577,0.94427,0.94482,1.12,1.00
2015.07.29 21:45:44.128,0.94428,0.94481,1.12,1.00
2015.07.29 21:45:44.689,0.94423,0.94482,1.37,1.00
2015.07.29 21:45:45.858,0.94423,0.94481,1.37,1.00
2015.07.29 21:45:46.633,0.94422,0.94481,1.37,1.00
2015.07.29 21:45:47.178,0.94423,0.9448,1.37,1.00
2015.07.29 21:45:47.921,0.94423,0.94481,1.37,1.00
2015.07.29 21:45:48.436,0.94422,0.9448,1.37,1.00
2015.07.29 21:45:48.965,0.94422,0.94481,1.37,1.00
2015.07.29 21:45:49.865,0.94423,0.94481,1.37,1.00
2015.07.29 21:45:49.966,0.94423,0.94483,1.37,1.00
2015.07.29 21:45:50.152,0.94423,0.9448,1.37,1.00
2015.07.29 21:45:51.059,0.94422,0.9448,1.37,1.00
2015.07.29 21:45:51.792,0.94423,0.9448,1.37,1.00
2015.07.29 21:45:52.379,0.94422,0.94479,1.37,1.00
2015.07.29 21:45:52.882,0.94422,0.94477,1.37,1.00
2015.07.29 21:45:53.035,0.94423,0.9448,1.37,1.00
2015.07.29 21:45:53.498,0.94422,0.94478,1.37,1.00
2015.07.29 21:45:54.103,0.94422,0.94479,1.37,1.00
2015.07.29 21:45:54.204,0.9442,0.94478,1.37,1.00
2015.07.29 21:45:54.356,0.94421,0.94481,1.37,1.00
2015.07.29 21:45:54.457,0.9442,0.94478,1.37,1.00
2015.07.29 21:45:54.900,0.94419,0.9448,1.37,1.00
2015.07.29 21:45:56.003,0.94418,0.94477,1.37,1.00
2015.07.29 21:45:56.544,0.9442,0.94477,1.37,1.00
2015.07.29 21:45:56.753,0.94418,0.94479,1.37,1.00
2015.07.29 21:45:57.005,0.94419,0.94476,1.37,1.00
2015.07.29 21:45:57.107,0.94419,0.94479,1.37,1.00
2015.07.29 21:45:57.335,0.94418,0.94477,1.37,1.00
2015.07.29 21:45:58.029,0.94418,0.94477,1.87,1.00
2015.07.29 21:45:58.193,0.94419,0.94479,1.37,1.00
2015.07.29 21:45:58.294,0.94422,0.94479,1.37,1.00
2015.07.29 21:45:58.697,0.94423,0.94476,1.37,1.00
2015.07.29 21:46:00.110,0.94422,0.94476,1.37,1.00
2015.07.29 21:46:00.413,0.94417,0.94477,1.37,1.00
2015.07.29 21:46:00.615,0.94418,0.94475,1.37,1.00
2015.07.29 21:46:00.918,0.94417,0.94473,1.87,1.00
2015.07.29 21:46:00.968,0.94417,0.94475,1.87,1.00
2015.07.29 21:46:01.069,0.94418,0.94477,1.37,1.00
2015.07.29 21:46:01.298,0.94414,0.94475,1.37,1.00
2015.07.29 21:46:01.841,0.94413,0.94471,1.37,1.00
2015.07.29 21:46:02.144,0.94418,0.94474,1.37,1.00
2015.07.29 21:46:02.502,0.94413,0.94473,1.87,1.00
2015.07.29 21:46:03.189,0.94412,0.94474,1.37,1.00
2015.07.29 21:46:03.304,0.94417,0.94474,1.37,1.00
2015.07.29 21:46:04.206,0.94418,0.94474,1.37,1.00
2015.07.29 21:46:04.709,0.94418,0.94472,1.37,1.00
2015.07.29 21:46:05.442,0.94416,0.94472,1.37,1.00
2015.07.29 21:46:05.672,0.94414,0.9447,1.37,1.00
2015.07.29 21:46:05.987,0.94422,0.94473,1.12,1.00
2015.07.29 21:46:06.514,0.94423,0.94474,1.12,1.00
2015.07.29 21:46:07.070,0.94423,0.94475,1.12,1.00
2015.07.29 21:46:07.308,0.94423,0.94477,1.12,1.00
2015.07.29 21:46:08.119,0.94423,0.94476,1.12,1.00
2015.07.29 21:46:09.070,0.94423,0.94477,1.12,1.00
2015.07.29 21:46:09.732,0.94423,0.94478,1.12,1.00
2015.07.29 21:46:09.985,0.94423,0.94475,1.12,1.00
2015.07.29 21:46:10.035,0.94414,0.94475,1.37,1.00
2015.07.29 21:46:10.187,0.94415,0.94473,1.37,1.00
2015.07.29 21:46:10.744,0.94418,0.94475,1.37,1.00
2015.07.29 21:46:10.946,0.94417,0.94477,1.87,1.00
2015.07.29 21:46:11.048,0.94422,0.94477,1.37,1.00
2015.07.29 21:46:11.099,0.94422,0.94481,1.37,1.00
2015.07.29 21:46:11.279,0.94423,0.94476,1.37,1.00
2015.07.29 21:46:11.431,0.94418,0.94475,1.12,1.00
2015.07.29 21:46:11.637,0.94418,0.94471,1.12,1.00
2015.07.29 21:46:11.928,0.94418,0.94474,1.12,1.00
2015.07.29 21:46:12.302,0.94412,0.94472,1.87,1.00
2015.07.29 21:46:12.696,0.94418,0.94472,1.37,1.00
2015.07.29 21:46:13.539,0.94417,0.94472,1.37,1.00
2015.07.29 21:46:14.064,0.94413,0.94474,1.37,1.00
2015.07.29 21:46:14.266,0.94413,0.94471,1.37,1.00
2015.07.29 21:46:14.568,0.94413,0.94467,1.37,1.00
2015.07.29 21:46:14.879,0.94407,0.94467,1.37,1.00
2015.07.29 21:46:15.506,0.94408,0.94466,1.37,1.00
2015.07.29 21:46:16.796,0.94407,0.94466,1.37,1.00
2015.07.29 21:46:16.897,0.94408,0.94468,1.37,1.00
2015.07.29 21:46:17.368,0.94413,0.94466,1.12,1.00
2015.07.29 21:46:19.000,0.94412,0.94467,1.12,1.00
2015.07.29 21:46:19.552,0.94412,0.94466,1.12,1.00
2015.07.29 21:46:20.905,0.94413,0.94466,1.12,1.00
2015.07.29 21:46:21.362,0.94412,0.94467,1.37,1.00
2015.07.29 21:46:21.711,0.94412,0.94468,1.12,1.00
2015.07.29 21:46:22.164,0.94418,0.94468,1.37,1.00
2015.07.29 21:46:22.509,0.94413,0.94468,1.12,1.00
2015.07.29 21:46:22.909,0.94417,0.94468,1.37,1.00
2015.07.29 21:46:22.960,0.94417,0.94471,1.37,1.00
2015.07.29 21:46:23.161,0.94417,0.94469,1.37,1.00
2015.07.29 21:46:23.213,0.94412,0.94469,1.12,1.00
2015.07.29 21:46:23.515,0.94413,0.94471,1.12,1.00
2015.07.29 21:46:23.986,0.94418,0.94471,1.37,1.00
2015.07.29 21:46:24.138,0.94413,0.94472,1.37,1.00
2015.07.29 21:46:24.674,0.94413,0.94471,1.37,1.00
2015.07.29 21:46:24.825,0.94417,0.94469,1.12,1.00
2015.07.29 21:46:25.475,0.94413,0.94469,1.12,1.00
2015.07.29 21:46:25.947,0.94418,0.94469,1.12,1.00
2015.07.29 21:46:26.535,0.94412,0.94469,1.12,1.00
2015.07.29 21:46:26.687,0.94412,0.94472,1.12,1.00
2015.07.29 21:46:26.788,0.94412,0.94468,1.12,1.00
2015.07.29 21:46:26.889,0.94413,0.9447,1.12,1.00
2015.07.29 21:46:27.117,0.94413,0.94467,1.12,1.00
2015.07.29 21:46:28.671,0.94412,0.94467,1.12,1.00
2015.07.29 21:46:28.981,0.94413,0.9447,1.37,1.00
2015.07.29 21:46:29.417,0.94413,0.94468,1.37,1.00
2015.07.29 21:46:29.827,0.94413,0.94469,1.12,1.00
2015.07.29 21:46:30.024,0.94413,0.94471,1.12,1.00
2015.07.29 21:46:30.250,0.94412,0.94471,1.37,1.00
2015.07.29 21:46:31.016,0.94412,0.9447,1.12,1.00
2015.07.29 21:46:31.117,0.94413,0.94468,1.12,1.00
2015.07.29 21:46:31.426,0.94413,0.94466,1.12,1.00
2015.07.29 21:46:31.856,0.94413,0.94471,1.12,1.00
2015.07.29 21:46:31.957,0.94413,0.94471,1.37,1.00
2015.07.29 21:46:32.298,0.94412,0.94468,1.37,1.00
2015.07.29 21:46:33.057,0.94412,0.94467,1.37,1.00
2015.07.29 21:46:33.309,0.94413,0.94471,1.37,1.00
2015.07.29 21:46:33.647,0.94413,0.94469,1.37,1.00
2015.07.29 21:46:33.962,0.94413,0.94475,1.87,1.00
2015.07.29 21:46:34.166,0.94417,0.94471,1.37,1.00
2015.07.29 21:46:34.419,0.94418,0.94473,1.37,1.00
2015.07.29 21:46:34.633,0.94418,0.94469,1.37,1.00
2015.07.29 21:46:34.734,0.94418,0.94473,1.37,1.00
2015.07.29 21:46:34.835,0.94418,0.94471,1.37,1.00
2015.07.29 21:46:35.404,0.94417,0.94469,1.37,1.00
2015.07.29 21:46:36.841,0.94417,0.94472,1.37,1.00
2015.07.29 21:46:37.017,0.94418,0.9447,1.37,1.00
2015.07.29 21:46:38.097,0.94417,0.9447,1.37,1.00
2015.07.29 21:46:38.608,0.94418,0.94469,1.37,1.00
2015.07.29 21:46:38.825,0.94418,0.94472,1.37,1.00
2015.07.29 21:46:38.876,0.94417,0.94472,1.12,1.00
2015.07.29 21:46:38.927,0.94417,0.94476,1.12,1.00
2015.07.29 21:46:39.172,0.94417,0.94472,1.12,1.00
2015.07.29 21:46:39.223,0.94417,0.94474,1.12,1.00
2015.07.29 21:46:39.752,0.94418,0.94474,1.12,1.00
2015.07.29 21:46:40.389,0.94417,0.94474,1.12,1.00
2015.07.29 21:46:41.086,0.94417,0.94473,1.12,1.00
2015.07.29 21:46:41.636,0.94418,0.94474,1.12,1.00
2015.07.29 21:46:41.787,0.94418,0.94469,1.12,1.00
2015.07.29 21:46:41.888,0.94418,0.94472,1.12,1.00
2015.07.29 21:46:42.109,0.94418,0.94476,1.12,1.00
2015.07.29 21:46:42.311,0.94418,0.94471,1.12,1.00
2015.07.29 21:46:42.578,0.94417,0.94474,1.12,1.00
2015.07.29 21:46:43.093,0.94418,0.94471,1.12,1.00
2015.07.29 21:46:43.194,0.94418,0.94473,1.12,1.00
2015.07.29 21:46:43.789,0.94418,0.94474,1.12,1.00
2015.07.29 21:46:45.310,0.94417,0.94474,1.12,1.00
2015.07.29 21:46:45.987,0.94418,0.94474,1.12,1.00
2015.07.29 21:46:46.586,0.94418,0.94475,1.12,1.00
2015.07.29 21:46:47.121,0.94418,0.94474,1.12,1.00
2015.07.29 21:46:47.895,0.94418,0.94473,1.12,1.00
2015.07.29 21:46:48.676,0.94418,0.94475,1.12,1.00
2015.07.29 21:46:48.828,0.94417,0.94473,1.12,1.00
2015.07.29 21:46:49.332,0.94418,0.94472,1.12,1.00
2015.07.29 21:46:49.893,0.94418,0.94473,1.12,1.00
2015.07.29 21:46:50.196,0.94417,0.9447,1.12,1.00
2015.07.29 21:46:50.348,0.94417,0.94472,1.12,1.00
2015.07.29 21:46:50.905,0.94418,0.94472,1.12,1.00
2015.07.29 21:46:51.869,0.94418,0.94471,1.12,1.00
2015.07.29 21:46:52.431,0.94417,0.94472,1.12,1.00
2015.07.29 21:46:52.982,0.94418,0.94471,1.12,1.00
2015.07.29 21:46:53.663,0.94417,0.94471,1.12,1.00
2015.07.29 21:46:53.986,0.94418,0.94473,1.12,1.00
2015.07.29 21:46:54.215,0.94418,0.94471,1.12,1.00
2015.07.29 21:46:55.089,0.94418,0.94473,1.12,1.00
2015.07.29 21:46:55.596,0.94417,0.94473,1.12,1.00
2015.07.29 21:46:55.748,0.94413,0.94471,1.37,1.00
2015.07.29 21:46:57.745,0.94413,0.94475,1.37,1.00
2015.07.29 21:46:57.846,0.94413,0.94471,1.37,1.00
2015.07.29 21:46:58.426,0.94417,0.9447,1.12,1.00
2015.07.29 21:46:58.698,0.94412,0.94469,1.12,1.00
2015.07.29 21:46:59.129,0.94412,0.94473,1.12,1.00
2015.07.29 21:46:59.180,0.94413,0.94473,1.37,1.00
2015.07.29 21:46:59.844,0.94413,0.94471,1.37,1.00
2015.07.29 21:47:00.334,0.94412,0.94469,1.37,1.00
2015.07.29 21:47:00.851,0.94412,0.94468,1.37,1.00
2015.07.29 21:47:02.252,0.94413,0.9447,1.37,1.00
2015.07.29 21:47:02.353,0.94413,0.94472,1.37,1.00
2015.07.29 21:47:02.856,0.94413,0.94473,1.37,1.00
2015.07.29 21:47:03.338,0.94413,0.94469,1.37,1.00
2015.07.29 21:47:03.439,0.94413,0.94471,1.37,1.00
2015.07.29 21:47:03.925,0.94412,0.94473,1.37,1.00
2015.07.29 21:47:04.575,0.94413,0.94472,1.87,1.00
2015.07.29 21:47:05.200,0.94412,0.94473,1.87,1.00
2015.07.29 21:47:06.063,0.94417,0.94471,1.12,1.00
2015.07.29 21:47:06.370,0.94418,0.94469,1.12,1.00
2015.07.29 21:47:06.521,0.94413,0.94473,1.37,1.00
2015.07.29 21:47:06.975,0.94413,0.94471,1.37,1.00
2015.07.29 21:47:07.076,0.94413,0.94474,1.37,1.00
2015.07.29 21:47:07.315,0.94412,0.94471,1.37,1.00
2015.07.29 21:47:08.043,0.94413,0.94471,1.37,1.00
2015.07.29 21:47:09.345,0.94412,0.94471,1.37,1.00
2015.07.29 21:47:09.736,0.94412,0.94469,1.37,1.00
2015.07.29 21:47:10.039,0.94412,0.94472,1.87,1.00
2015.07.29 21:47:10.569,0.94413,0.94472,1.37,1.00
2015.07.29 21:47:10.896,0.94413,0.9447,1.37,1.00
2015.07.29 21:47:11.521,0.94412,0.9447,1.37,1.00
2015.07.29 21:47:11.817,0.94413,0.94473,1.37,1.00
2015.07.29 21:47:12.025,0.94413,0.94471,1.37,1.00
2015.07.29 21:47:12.126,0.94413,0.94474,1.37,1.00
2015.07.29 21:47:12.329,0.94412,0.94471,1.37,1.00
2015.07.29 21:47:13.373,0.94413,0.94471,1.37,1.00
2015.07.29 21:47:14.485,0.94412,0.94471,1.37,1.00
2015.07.29 21:47:15.230,0.94412,0.9447,1.37,1.00
2015.07.29 21:47:15.990,0.94413,0.9447,1.37,1.00
2015.07.29 21:47:16.441,0.94413,0.94474,1.37,1.00
2015.07.29 21:47:16.643,0.94413,0.94469,1.37,1.00
2015.07.29 21:47:16.744,0.94412,0.94473,1.37,1.00
2015.07.29 21:47:16.846,0.94412,0.94471,1.37,1.00
2015.07.29 21:47:17.195,0.94413,0.94474,1.37,1.00
2015.07.29 21:47:17.699,0.94413,0.94473,1.87,1.00
2015.07.29 21:47:17.750,0.94413,0.9447,1.37,1.00
2015.07.29 21:47:18.314,0.94413,0.94471,1.37,1.00
2015.07.29 21:47:19.366,0.94413,0.94473,1.37,1.00
2015.07.29 21:47:19.877,0.94412,0.94473,1.87,1.00
2015.07.29 21:47:20.246,0.94413,0.9447,1.37,1.00
2015.07.29 21:47:20.753,0.94412,0.94469,1.37,1.00
2015.07.29 21:47:21.941,0.94412,0.9447,1.37,1.00
2015.07.29 21:47:22.586,0.94413,0.94471,1.37,1.00
2015.07.29 21:47:22.788,0.94413,0.94474,1.37,1.00
2015.07.29 21:47:22.889,0.94413,0.94472,1.37,1.00
2015.07.29 21:47:23.356,0.94412,0.94468,1.37,1.00
2015.07.29 21:47:23.457,0.94413,0.9447,1.37,1.00
2015.07.29 21:47:23.796,0.94412,0.94472,1.37,1.00
2015.07.29 21:47:23.897,0.94413,0.94468,1.37,1.00
2015.07.29 21:47:23.998,0.94412,0.94471,1.37,1.00
2015.07.29 21:47:24.713,0.94413,0.94469,1.37,1.00
2015.07.29 21:47:24.915,0.94413,0.94472,1.37,1.00
2015.07.29 21:47:25.017,0.94413,0.9447,1.37,1.00
2015.07.29 21:47:25.520,0.94413,0.94469,1.37,1.00
2015.07.29 21:47:26.067,0.94413,0.94468,1.37,1.00
2015.07.29 21:47:26.218,0.94418,0.94471,1.12,1.00
2015.07.29 21:47:26.772,0.94418,0.9447,1.12,1.00
2015.07.29 21:47:26.874,0.94418,0.94468,1.12,1.00
2015.07.29 21:47:26.975,0.94417,0.94471,1.12,1.00
2015.07.29 21:47:27.497,0.94418,0.9447,1.12,1.00
2015.07.29 21:47:27.702,0.94418,0.94467,1.12,1.00
2015.07.29 21:47:27.853,0.94413,0.94468,1.12,1.00
2015.07.29 21:47:27.954,0.94413,0.94472,1.12,1.00
2015.07.29 21:47:28.106,0.94412,0.94474,1.87,1.00
2015.07.29 21:47:28.409,0.94413,0.94468,1.12,1.00
2015.07.29 21:47:28.510,0.94412,0.9447,1.12,1.00
2015.07.29 21:47:28.561,0.94413,0.9447,1.37,1.00
2015.07.29 21:47:28.863,0.94413,0.94474,1.37,1.00
2015.07.29 21:47:28.964,0.94412,0.9447,1.37,1.00
2015.07.29 21:47:29.513,0.94413,0.94474,1.37,1.00
2015.07.29 21:47:29.614,0.94412,0.9447,1.37,1.00
2015.07.29 21:47:30.131,0.94413,0.9447,1.37,1.00
2015.07.29 21:47:30.515,0.94413,0.94472,1.37,1.00
2015.07.29 21:47:30.966,0.94413,0.94468,1.37,1.00
2015.07.29 21:47:31.067,0.94413,0.94471,1.37,1.00
2015.07.29 21:47:31.573,0.94413,0.94472,1.37,1.00
2015.07.29 21:47:31.926,0.94412,0.94467,1.37,1.00
2015.07.29 21:47:32.280,0.94413,0.94471,1.37,1.00
2015.07.29 21:47:32.820,0.94412,0.9447,1.37,1.00
2015.07.29 21:47:33.496,0.94413,0.9447,1.37,1.00
2015.07.29 21:47:34.114,0.94412,0.9447,1.37,1.00
2015.07.29 21:47:34.624,0.94412,0.94469,1.37,1.00
2015.07.29 21:47:36.305,0.94413,0.94469,1.37,1.00
2015.07.29 21:47:36.557,0.94413,0.94472,1.37,1.00
2015.07.29 21:47:36.759,0.94413,0.9447,1.37,1.00
2015.07.29 21:47:37.273,0.94412,0.94469,1.37,1.00
2015.07.29 21:47:37.664,0.94412,0.94467,1.37,1.00
2015.07.29 21:47:38.616,0.94412,0.94466,1.37,1.00
2015.07.29 21:47:39.232,0.94412,0.94467,1.37,1.00
2015.07.29 21:47:39.770,0.94413,0.94468,1.37,1.00
2015.07.29 21:47:40.311,0.94412,0.94467,1.37,1.00
2015.07.29 21:47:40.936,0.94413,0.94466,1.37,1.00
2015.07.29 21:47:41.374,0.94413,0.9447,1.37,1.00
2015.07.29 21:47:41.586,0.94413,0.94467,1.37,1.00
2015.07.29 21:47:41.945,0.94413,0.94469,1.37,1.00
2015.07.29 21:47:42.378,0.94412,0.94467,1.37,1.00
2015.07.29 21:47:42.879,0.94412,0.94466,1.37,1.00
2015.07.29 21:47:42.929,0.94412,0.94469,1.37,1.00
2015.07.29 21:47:43.131,0.94413,0.94466,1.37,1.00
2015.07.29 21:47:43.380,0.94412,0.94469,1.37,1.00
2015.07.29 21:47:44.460,0.94413,0.94466,1.37,1.00
2015.07.29 21:47:44.694,0.94412,0.94468,1.37,1.00
2015.07.29 21:47:45.234,0.94412,0.94469,1.37,1.00
2015.07.29 21:47:45.987,0.94412,0.9447,1.37,1.00
2015.07.29 21:47:46.890,0.94413,0.9447,1.37,1.00
2015.07.29 21:47:47.290,0.94412,0.94469,1.12,1.00
2015.07.29 21:47:47.578,0.94412,0.94467,1.12,1.00
2015.07.29 21:47:47.793,0.94413,0.94471,1.12,1.00
2015.07.29 21:47:47.994,0.94413,0.94473,1.12,1.00
2015.07.29 21:47:48.516,0.94413,0.94472,1.12,1.00
2015.07.29 21:47:49.044,0.94413,0.94473,1.12,1.00
2015.07.29 21:47:49.424,0.94412,0.94471,1.87,1.00
2015.07.29 21:47:49.835,0.94413,0.94473,1.12,1.00
2015.07.29 21:47:50.916,0.94412,0.94473,1.87,1.00
2015.07.29 21:47:51.524,0.94413,0.94473,1.12,1.00
2015.07.29 21:47:52.256,0.94413,0.9447,1.12,1.00
2015.07.29 21:47:53.246,0.94413,0.94467,1.12,1.00
2015.07.29 21:47:53.659,0.94413,0.94468,1.37,1.00
2015.07.29 21:47:54.348,0.94412,0.94467,1.37,1.00
2015.07.29 21:47:55.821,0.94413,0.94467,1.37,1.00
2015.07.29 21:47:56.238,0.94412,0.94469,1.37,1.00
2015.07.29 21:47:56.467,0.94413,0.94465,1.37,1.00
2015.07.29 21:47:56.718,0.94413,0.94472,1.37,1.00
2015.07.29 21:47:56.769,0.94413,0.94472,1.12,1.00
2015.07.29 21:47:57.453,0.94413,0.94471,1.12,1.00
2015.07.29 21:47:57.678,0.94413,0.94469,1.12,1.00
2015.07.29 21:47:58.031,0.94413,0.9447,1.37,1.00
2015.07.29 21:47:58.688,0.94412,0.9447,1.37,1.00
2015.07.29 21:47:59.226,0.94413,0.9447,1.37,1.00
2015.07.29 21:47:59.428,0.94412,0.94468,1.12,1.00
2015.07.29 21:47:59.932,0.94413,0.94469,1.12,1.00
2015.07.29 21:48:00.066,0.94413,0.94472,1.12,1.00
2015.07.29 21:48:00.545,0.94413,0.94468,1.12,1.00
2015.07.29 21:48:00.866,0.94412,0.94468,1.37,1.00
2015.07.29 21:48:03.019,0.94413,0.94468,1.37,1.00
2015.07.29 21:48:03.458,0.94412,0.94467,1.12,1.00
2015.07.29 21:48:03.997,0.94412,0.94468,1.12,1.00
2015.07.29 21:48:05.433,0.94413,0.94468,1.12,1.00
2015.07.29 21:48:05.685,0.94412,0.9447,1.12,1.00
2015.07.29 21:48:06.134,0.94413,0.94473,1.12,1.00
2015.07.29 21:48:06.459,0.94412,0.9447,1.12,1.00
2015.07.29 21:48:06.800,0.94413,0.94466,1.12,1.00
2015.07.29 21:48:06.885,0.94413,0.9447,1.12,1.00
2015.07.29 21:48:06.936,0.94413,0.9447,1.37,1.00
2015.07.29 21:48:07.459,0.94412,0.94469,1.37,1.00
2015.07.29 21:48:08.357,0.94413,0.9447,1.37,1.00
2015.07.29 21:48:08.677,0.94413,0.94473,1.37,1.00
2015.07.29 21:48:09.079,0.94412,0.94473,1.12,1.00
2015.07.29 21:48:09.130,0.94412,0.9447,1.12,1.00
2015.07.29 21:48:09.791,0.94413,0.94469,1.12,1.00
2015.07.29 21:48:10.107,0.94413,0.9447,1.37,1.00
2015.07.29 21:48:10.423,0.94412,0.94474,1.37,1.00
2015.07.29 21:48:10.926,0.94412,0.94475,1.37,1.00
2015.07.29 21:48:11.209,0.94413,0.9447,1.37,1.00
2015.07.29 21:48:11.816,0.94412,0.94471,1.37,1.00
2015.07.29 21:48:13.435,0.94412,0.9447,1.37,1.00
2015.07.29 21:48:13.824,0.94413,0.9447,1.12,1.00
2015.07.29 21:48:13.884,0.94413,0.94467,1.12,1.00
2015.07.29 21:48:14.667,0.94412,0.94467,1.12,1.00
2015.07.29 21:48:15.313,0.94412,0.94468,1.12,1.00
2015.07.29 21:48:15.890,0.94408,0.94468,1.37,1.00
2015.07.29 21:48:16.042,0.94408,0.9447,1.87,1.00
2015.07.29 21:48:16.294,0.94412,0.9447,1.37,1.00
2015.07.29 21:48:16.824,0.94413,0.9447,1.37,1.00
2015.07.29 21:48:16.875,0.94408,0.9447,1.87,1.00
2015.07.29 21:48:17.154,0.94409,0.94466,1.37,1.00
2015.07.29 21:48:17.459,0.94413,0.94468,1.37,1.00
2015.07.29 21:48:17.725,0.94413,0.9447,1.37,1.00
2015.07.29 21:48:17.926,0.94412,0.94468,1.37,1.00
2015.07.29 21:48:18.128,0.94413,0.9447,1.37,1.00
2015.07.29 21:48:18.279,0.94408,0.9447,1.37,1.00
2015.07.29 21:48:18.804,0.94408,0.9447,1.37,1.00
2015.07.29 21:48:19.305,0.94408,0.94469,1.87,1.00
2015.07.29 21:48:19.812,0.94408,0.9447,1.37,1.00
2015.07.29 21:48:20.095,0.94408,0.94468,1.37,1.00
2015.07.29 21:48:20.633,0.94408,0.94469,1.37,1.00
2015.07.29 21:48:21.208,0.94413,0.94468,1.37,1.00
2015.07.29 21:48:21.736,0.94413,0.94469,1.37,1.00
2015.07.29 21:48:22.237,0.94412,0.94468,1.37,1.00
2015.07.29 21:48:23.146,0.94413,0.94468,1.37,1.00
2015.07.29 21:48:23.197,0.94413,0.94471,1.37,1.00
2015.07.29 21:48:23.399,0.94412,0.94468,1.37,1.00
2015.07.29 21:48:23.615,0.94413,0.9447,1.37,1.00
2015.07.29 21:48:23.867,0.94413,0.94468,1.37,1.00
2015.07.29 21:48:24.542,0.94412,0.94468,1.37,1.00
2015.07.29 21:48:25.132,0.94412,0.94469,1.37,1.00
2015.07.29 21:48:25.743,0.94413,0.94468,1.37,1.00
2015.07.29 21:48:26.244,0.94412,0.94468,1.37,1.00
2015.07.29 21:48:27.120,0.94413,0.94468,1.37,1.00
2015.07.29 21:48:27.625,0.94412,0.94467,1.37,1.00
2015.07.29 21:48:27.798,0.94412,0.9447,1.37,1.00
2015.07.29 21:48:28.349,0.94413,0.9447,1.37,1.00
2015.07.29 21:48:28.688,0.94413,0.94468,1.37,1.00
2015.07.29 21:48:29.849,0.94412,0.94468,1.37,1.00
2015.07.29 21:48:29.900,0.94412,0.9447,1.37,1.00
2015.07.29 21:48:30.576,0.94413,0.94469,1.37,1.00
2015.07.29 21:48:31.130,0.94413,0.94466,1.37,1.00
2015.07.29 21:48:31.858,0.94412,0.94466,1.37,1.00
2015.07.29 21:48:31.909,0.94412,0.94469,1.37,1.00
2015.07.29 21:48:32.332,0.94412,0.94467,1.37,1.00
2015.07.29 21:48:32.537,0.94413,0.9447,1.37,1.00
2015.07.29 21:48:32.639,0.94407,0.9447,1.37,1.00
2015.07.29 21:48:32.790,0.94408,0.94467,1.37,1.00
2015.07.29 21:48:32.891,0.94408,0.94469,1.37,1.00
2015.07.29 21:48:33.261,0.94412,0.9447,1.37,1.00
2015.07.29 21:48:33.754,0.94408,0.94471,1.87,1.00
2015.07.29 21:48:34.204,0.94408,0.94469,1.87,1.00
2015.07.29 21:48:34.856,0.94413,0.94469,1.37,1.00
2015.07.29 21:48:35.367,0.94413,0.94468,1.37,1.00
2015.07.29 21:48:37.254,0.94413,0.94467,1.37,1.00
2015.07.29 21:48:37.765,0.94413,0.94468,1.37,1.00
2015.07.29 21:48:38.272,0.94412,0.94468,1.37,1.00
2015.07.29 21:48:38.874,0.94413,0.94468,1.37,1.00
2015.07.29 21:48:39.025,0.94413,0.9447,1.37,1.00
2015.07.29 21:48:39.277,0.94409,0.94471,1.37,1.00
2015.07.29 21:48:39.826,0.94409,0.94471,1.37,1.00
2015.07.29 21:48:40.349,0.9441,0.94468,1.37,1.00
2015.07.29 21:48:40.450,0.9441,0.94471,1.37,1.00
2015.07.29 21:48:40.551,0.94413,0.94471,1.37,1.00
2015.07.29 21:48:40.904,0.94412,0.94469,1.87,1.00
2015.07.29 21:48:40.955,0.94412,0.94469,1.12,1.00
2015.07.29 21:48:41.106,0.94412,0.94467,1.12,1.00
2015.07.29 21:48:41.607,0.94411,0.94466,1.37,1.00
2015.07.29 21:48:42.214,0.94411,0.94466,1.37,1.00
2015.07.29 21:48:42.483,0.94408,0.94464,1.12,1.00
2015.07.29 21:48:42.993,0.94408,0.94463,1.00,1.00
2015.07.29 21:48:43.094,0.94422,0.94478,1.00,1.12
2015.07.29 21:48:43.195,0.9442,0.94483,1.00,1.12
2015.07.29 21:48:43.524,0.94417,0.94485,1.37,1.00
2015.07.29 21:48:43.676,0.94419,0.94482,1.00,1.00
2015.07.29 21:48:43.878,0.94417,0.94483,1.00,1.00
2015.07.29 21:48:44.381,0.94417,0.94483,1.37,1.00
2015.07.29 21:48:44.532,0.94421,0.94484,1.00,1.00
2015.07.29 21:48:44.633,0.94418,0.94484,1.00,1.00
2015.07.29 21:48:45.234,0.94417,0.94485,1.00,1.00
2015.07.29 21:48:46.092,0.94417,0.94483,1.00,1.00
2015.07.29 21:48:46.435,0.94411,0.94466,1.37,1.00
2015.07.29 21:48:46.687,0.94408,0.94466,1.00,1.00
2015.07.29 21:48:47.077,0.94424,0.94473,1.00,1.12
2015.07.29 21:48:47.128,0.94424,0.94481,1.00,1.37
2015.07.29 21:48:47.229,0.94418,0.94479,1.87,1.00
2015.07.29 21:48:47.732,0.94415,0.9448,1.37,1.00
2015.07.29 21:48:47.833,0.94416,0.94478,1.37,1.00
2015.07.29 21:48:48.407,0.94413,0.9448,1.87,1.00
2015.07.29 21:48:48.989,0.94415,0.94479,1.37,1.00
2015.07.29 21:48:49.244,0.94415,0.94476,1.37,1.00
2015.07.29 21:48:49.395,0.94417,0.94478,1.12,1.00
2015.07.29 21:48:49.903,0.94418,0.94477,1.12,1.00
2015.07.29 21:48:50.155,0.94416,0.94475,1.37,1.00
2015.07.29 21:48:50.658,0.94416,0.94475,1.37,1.00
2015.07.29 21:48:51.205,0.94416,0.94474,1.37,1.00
2015.07.29 21:48:51.807,0.94415,0.94475,1.37,1.00
2015.07.29 21:48:52.031,0.94414,0.94476,1.00,1.00
2015.07.29 21:48:52.082,0.94415,0.94479,1.00,1.00
2015.07.29 21:48:52.475,0.94408,0.94467,1.00,1.00
2015.07.29 21:48:52.778,0.94411,0.94472,1.00,1.12
2015.07.29 21:48:52.878,0.94411,0.94475,1.00,1.00
2015.07.29 21:48:53.030,0.94414,0.94477,1.00,1.12
2015.07.29 21:48:53.738,0.94411,0.94477,1.37,1.00
2015.07.29 21:48:54.864,0.94411,0.94476,1.37,1.00
2015.07.29 21:48:55.385,0.94413,0.94475,1.00,1.00
2015.07.29 21:48:55.436,0.94414,0.94479,1.00,1.00
2015.07.29 21:48:56.021,0.94409,0.94475,1.37,1.00
2015.07.29 21:48:56.323,0.94413,0.94473,1.12,1.00
2015.07.29 21:48:56.524,0.94414,0.94475,1.00,1.00
2015.07.29 21:48:56.625,0.94411,0.94477,1.37,1.00
2015.07.29 21:48:56.726,0.94412,0.94477,1.87,1.00
2015.07.29 21:48:56.978,0.94413,0.94479,1.87,1.00
2015.07.29 21:48:57.195,0.94417,0.94476,1.37,1.00
2015.07.29 21:48:57.296,0.94413,0.94478,1.37,1.00
2015.07.29 21:48:57.347,0.9441,0.94478,1.37,1.00
2015.07.29 21:48:57.887,0.94414,0.9448,1.00,1.00
2015.07.29 21:48:58.435,0.94414,0.94479,1.00,1.00
2015.07.29 21:48:58.738,0.94413,0.94473,1.00,1.00
2015.07.29 21:48:59.037,0.94412,0.94476,1.87,1.00
2015.07.29 21:48:59.154,0.94414,0.94473,1.00,1.00
2015.07.29 21:49:01.050,0.9441,0.94475,1.37,1.00
2015.07.29 21:49:01.642,0.94412,0.94474,1.12,1.00
2015.07.29 21:49:01.743,0.94412,0.94479,1.87,1.00
2015.07.29 21:49:01.894,0.94415,0.94479,1.00,1.00
2015.07.29 21:49:02.431,0.94414,0.94478,1.00,1.00
2015.07.29 21:49:02.995,0.94414,0.94474,1.00,1.00
2015.07.29 21:49:03.498,0.94414,0.94475,1.00,1.00
2015.07.29 21:49:03.649,0.94411,0.94475,1.00,1.00
2015.07.29 21:49:03.865,0.94411,0.94472,1.00,1.00
2015.07.29 21:49:04.168,0.94413,0.94472,1.00,1.00
2015.07.29 21:49:04.319,0.94414,0.94474,1.00,1.00
2015.07.29 21:49:04.789,0.94413,0.94477,1.12,1.00
2015.07.29 21:49:05.303,0.94413,0.94478,1.12,1.00
2015.07.29 21:49:06.025,0.94412,0.94478,1.87,1.00
2015.07.29 21:49:06.857,0.94411,0.94466,1.00,1.00
2015.07.29 21:49:06.965,0.94412,0.94469,1.37,1.00
2015.07.29 21:49:07.167,0.94413,0.94469,1.37,1.00
2015.07.29 21:49:07.218,0.94422,0.94478,1.00,1.00
2015.07.29 21:49:07.420,0.94419,0.94479,1.00,1.00
2015.07.29 21:49:07.672,0.94424,0.94479,1.00,1.00
2015.07.29 21:49:07.773,0.94419,0.94478,1.50,1.00
2015.07.29 21:49:08.443,0.94421,0.94478,1.00,1.00
2015.07.29 21:49:09.154,0.94419,0.94478,1.00,1.00
2015.07.29 21:49:10.014,0.94421,0.94477,1.00,1.00
2015.07.29 21:49:10.522,0.94419,0.94478,1.00,1.00
2015.07.29 21:49:10.820,0.94421,0.94477,1.00,1.00
2015.07.29 21:49:10.921,0.94422,0.94479,1.00,1.00
2015.07.29 21:49:11.072,0.94418,0.94476,1.00,1.00
2015.07.29 21:49:11.273,0.94417,0.94474,1.00,1.00
2015.07.29 21:49:11.475,0.94417,0.94477,1.00,1.00
2015.07.29 21:49:11.726,0.9442,0.94481,1.00,1.00
2015.07.29 21:49:12.371,0.94416,0.94473,1.37,1.00
2015.07.29 21:49:12.673,0.94413,0.94474,1.12,1.00
2015.07.29 21:49:12.724,0.94417,0.94479,1.00,1.87
2015.07.29 21:49:13.026,0.94424,0.94479,1.00,1.00
2015.07.29 21:49:13.278,0.9442,0.94478,1.00,1.00
2015.07.29 21:49:13.379,0.9442,0.94475,1.00,1.00
2015.07.29 21:49:13.429,0.94416,0.94475,1.37,1.00
2015.07.29 21:49:13.655,0.94415,0.94476,1.00,1.00
2015.07.29 21:49:13.705,0.94417,0.94476,1.00,1.00
2015.07.29 21:49:14.230,0.94418,0.94477,1.00,1.00
2015.07.29 21:49:14.702,0.94417,0.94475,1.00,1.00
2015.07.29 21:49:14.903,0.94415,0.94475,1.00,1.00
2015.07.29 21:49:15.869,0.94419,0.94476,1.00,1.00
2015.07.29 21:49:16.227,0.9442,0.94479,1.00,1.00
2015.07.29 21:49:16.802,0.94419,0.94478,1.50,1.00
2015.07.29 21:49:16.903,0.94421,0.94478,1.00,1.00
2015.07.29 21:49:17.004,0.94417,0.94477,1.00,1.00
2015.07.29 21:49:17.105,0.94415,0.94474,1.00,1.00
2015.07.29 21:49:17.206,0.94416,0.94476,1.00,1.00
2015.07.29 21:49:17.330,0.94417,0.94478,1.00,1.00
2015.07.29 21:49:17.656,0.94417,0.94476,1.00,1.00
2015.07.29 21:49:17.858,0.94417,0.9448,1.12,1.00
2015.07.29 21:49:18.411,0.94417,0.9448,1.87,1.00
2015.07.29 21:49:18.945,0.94417,0.9448,1.00,1.00
2015.07.29 21:49:18.998,0.94417,0.94478,1.00,1.00
2015.07.29 21:49:19.520,0.94417,0.94475,1.00,1.00
2015.07.29 21:49:19.873,0.94415,0.94472,1.00,1.00
2015.07.29 21:49:20.419,0.94415,0.94474,1.00,1.00
2015.07.29 21:49:20.520,0.94417,0.94477,1.00,1.00
2015.07.29 21:49:20.621,0.94414,0.94474,1.00,1.00
2015.07.29 21:49:20.772,0.94416,0.94477,1.00,1.00
2015.07.29 21:49:21.024,0.94414,0.94477,1.00,1.00
2015.07.29 21:49:21.477,0.94415,0.94481,1.50,1.00
2015.07.29 21:49:21.590,0.94417,0.94481,1.00,1.00
2015.07.29 21:49:21.924,0.94414,0.94476,1.00,1.00
2015.07.29 21:49:22.464,0.94415,0.94477,1.00,1.00
2015.07.29 21:49:23.895,0.94417,0.94477,1.00,1.00
2015.07.29 21:49:25.072,0.94418,0.94477,1.00,1.00
2015.07.29 21:49:25.599,0.94417,0.94477,1.00,1.00
2015.07.29 21:49:26.134,0.94417,0.94476,1.50,1.00
2015.07.29 21:49:26.764,0.94415,0.94476,1.37,1.00
2015.07.29 21:49:27.301,0.94416,0.94477,1.37,1.00
2015.07.29 21:49:28.845,0.94417,0.94477,1.87,1.00
2015.07.29 21:49:29.351,0.94416,0.94478,1.37,1.00
2015.07.29 21:49:31.345,0.94417,0.94478,1.12,1.00
2015.07.29 21:49:31.734,0.94419,0.94476,1.00,1.00
2015.07.29 21:49:31.835,0.94417,0.94476,2.62,1.00
2015.07.29 21:49:32.337,0.94417,0.94477,1.87,1.00
2015.07.29 21:49:32.387,0.94417,0.94475,1.37,1.00
2015.07.29 21:49:32.953,0.94417,0.94476,1.37,1.00
2015.07.29 21:49:34.566,0.94418,0.94475,1.00,1.00
2015.07.29 21:49:35.367,0.94417,0.94473,1.12,1.00
2015.07.29 21:49:35.883,0.94416,0.94473,1.37,1.00
2015.07.29 21:49:36.085,0.94414,0.94474,1.00,1.00
2015.07.29 21:49:36.337,0.94418,0.94474,1.00,1.00
2015.07.29 21:49:36.438,0.94419,0.9448,1.00,1.00
2015.07.29 21:49:36.589,0.94417,0.94476,1.12,1.00
2015.07.29 21:49:36.979,0.9442,0.94482,1.00,1.00
2015.07.29 21:49:37.134,0.9442,0.94478,1.50,1.00
2015.07.29 21:49:37.235,0.94418,0.94479,1.12,1.00
2015.07.29 21:49:37.623,0.9442,0.94479,1.00,1.00
2015.07.29 21:49:37.673,0.9442,0.94482,1.00,1.00
2015.07.29 21:49:37.875,0.9442,0.94478,1.00,1.00
2015.07.29 21:49:38.200,0.94418,0.94478,1.87,1.00
2015.07.29 21:49:38.452,0.94418,0.94474,1.50,1.00
2015.07.29 21:49:38.553,0.94417,0.94476,1.87,1.00
2015.07.29 21:49:38.653,0.94418,0.9448,1.12,1.00
2015.07.29 21:49:38.994,0.94417,0.94483,1.12,1.00
2015.07.29 21:49:39.053,0.9442,0.94483,1.00,1.00
2015.07.29 21:49:39.204,0.94418,0.94485,1.12,1.00
2015.07.29 21:49:39.305,0.94417,0.94482,1.00,1.00
2015.07.29 21:49:39.623,0.94417,0.94476,1.00,1.00
2015.07.29 21:49:39.775,0.94417,0.94478,1.87,1.00
2015.07.29 21:49:39.876,0.94419,0.94476,1.00,1.00
2015.07.29 21:49:40.077,0.94416,0.94478,1.87,1.00
2015.07.29 21:49:40.329,0.94418,0.94475,1.00,1.00
2015.07.29 21:49:40.839,0.94417,0.94475,1.12,1.00
2015.07.29 21:49:40.990,0.94416,0.9448,1.37,1.00
2015.07.29 21:49:41.041,0.94419,0.9448,1.00,1.00
2015.07.29 21:49:41.141,0.94414,0.9448,1.37,1.00
2015.07.29 21:49:41.192,0.94415,0.94482,1.00,1.00
2015.07.29 21:49:41.243,0.94418,0.94482,1.00,1.00
2015.07.29 21:49:41.344,0.94415,0.94482,1.00,1.12
2015.07.29 21:49:41.394,0.94415,0.94479,1.00,1.00
2015.07.29 21:49:41.696,0.94421,0.94482,1.00,1.00
2015.07.29 21:49:41.747,0.94419,0.94482,1.00,1.00
2015.07.29 21:49:41.848,0.94421,0.94482,1.00,1.00
2015.07.29 21:49:42.150,0.94414,0.94476,1.37,1.00
2015.07.29 21:49:42.201,0.94415,0.94478,1.37,1.00
2015.07.29 21:49:42.495,0.94415,0.94477,1.00,1.00
2015.07.29 21:49:42.545,0.94417,0.94477,1.00,1.00
2015.07.29 21:49:42.848,0.94419,0.94483,1.00,1.12
2015.07.29 21:49:42.949,0.94415,0.94482,1.00,1.00
2015.07.29 21:49:43.050,0.94419,0.94484,1.00,1.00
2015.07.29 21:49:43.538,0.94421,0.94484,1.00,1.00
2015.07.29 21:49:43.786,0.94419,0.94484,1.50,1.00
2015.07.29 21:49:43.837,0.94417,0.94478,1.50,1.00
2015.07.29 21:49:44.528,0.94415,0.94479,1.50,1.00
2015.07.29 21:49:44.689,0.94418,0.94479,1.00,1.00
2015.07.29 21:49:45.231,0.94419,0.94479,1.00,1.00
2015.07.29 21:49:45.392,0.94419,0.94483,1.00,1.00
2015.07.29 21:49:45.563,0.94419,0.94478,1.50,1.00
2015.07.29 21:49:46.094,0.94415,0.94479,1.00,1.00
2015.07.29 21:49:46.144,0.94415,0.94475,1.50,1.00
2015.07.29 21:49:46.424,0.94416,0.94478,1.00,1.00
2015.07.29 21:49:46.475,0.94419,0.94477,1.00,1.00
2015.07.29 21:49:46.702,0.94416,0.94478,1.00,1.00
2015.07.29 21:49:46.803,0.94419,0.94477,1.00,1.00
2015.07.29 21:49:47.005,0.94417,0.94482,1.37,1.00
2015.07.29 21:49:47.616,0.94419,0.94482,1.00,1.00
2015.07.29 21:49:47.898,0.94421,0.94482,1.00,1.00
2015.07.29 21:49:48.049,0.94418,0.9448,1.12,1.00
2015.07.29 21:49:48.390,0.94417,0.94475,1.12,1.00
2015.07.29 21:49:48.491,0.94415,0.94476,1.00,1.00
2015.07.29 21:49:48.643,0.94414,0.94474,1.50,1.00
2015.07.29 21:49:48.983,0.94416,0.94474,1.00,1.00
2015.07.29 21:49:49.289,0.94419,0.94476,1.00,1.00
2015.07.29 21:49:49.743,0.94418,0.94474,1.00,1.00
2015.07.29 21:49:50.105,0.94416,0.94478,1.00,1.00
2015.07.29 21:49:50.293,0.94414,0.94478,1.50,1.00
2015.07.29 21:49:50.513,0.94417,0.94478,1.00,1.00
2015.07.29 21:49:50.815,0.9442,0.94477,1.00,1.00
2015.07.29 21:49:50.866,0.94418,0.94476,1.00,1.00
2015.07.29 21:49:51.384,0.94416,0.94475,1.37,1.00
2015.07.29 21:49:52.007,0.94417,0.94476,1.00,1.00
2015.07.29 21:49:52.058,0.94417,0.94474,1.00,1.00
2015.07.29 21:49:52.744,0.94417,0.94475,1.00,1.00
2015.07.29 21:49:53.509,0.94416,0.94477,1.50,1.00
2015.07.29 21:49:53.610,0.94419,0.9448,1.00,1.00
2015.07.29 21:49:53.712,0.94416,0.94479,1.00,1.00
2015.07.29 21:49:54.213,0.94415,0.94477,1.00,1.00
2015.07.29 21:49:54.548,0.94415,0.94475,1.00,1.00
2015.07.29 21:49:54.712,0.94416,0.94479,1.00,1.00
2015.07.29 21:49:54.914,0.94418,0.94481,1.00,1.00
2015.07.29 21:49:55.589,0.94415,0.94477,1.00,1.00
2015.07.29 21:49:56.072,0.94417,0.94476,1.00,1.00
2015.07.29 21:49:56.489,0.94417,0.94478,1.00,1.00
2015.07.29 21:49:56.590,0.94413,0.94477,2.62,1.00
2015.07.29 21:49:56.792,0.94416,0.94477,1.00,1.00
2015.07.29 21:49:57.347,0.94418,0.94476,1.00,1.00
2015.07.29 21:49:57.498,0.94416,0.94476,1.00,1.00
2015.07.29 21:49:57.700,0.94413,0.94476,1.87,1.00
2015.07.29 21:49:58.008,0.94413,0.94482,1.00,1.00
2015.07.29 21:49:58.259,0.94414,0.94479,1.00,1.00
2015.07.29 21:49:58.561,0.94416,0.94479,1.00,1.00
2015.07.29 21:49:58.904,0.94417,0.94475,1.00,1.00
2015.07.29 21:49:59.123,0.94417,0.94478,1.00,1.00
2015.07.29 21:49:59.226,0.94414,0.94473,1.50,1.00
2015.07.29 21:49:59.377,0.94412,0.94473,2.62,1.00
2015.07.29 21:49:59.478,0.94416,0.94473,1.00,1.00
2015.07.29 21:49:59.799,0.94415,0.94471,1.00,1.00
2015.07.29 21:50:00.229,0.94416,0.94473,1.00,1.00
2015.07.29 21:50:00.580,0.9442,0.94473,1.00,1.00
2015.07.29 21:50:00.681,0.94418,0.94474,1.50,1.00
2015.07.29 21:50:00.782,0.9442,0.94475,1.00,1.00
2015.07.29 21:50:01.124,0.94417,0.94475,1.50,1.00
2015.07.29 21:50:01.646,0.94416,0.94475,1.00,1.00
2015.07.29 21:50:01.747,0.94423,0.94482,1.00,1.00
2015.07.29 21:50:02.049,0.94423,0.94478,1.37,1.00
2015.07.29 21:50:02.100,0.94419,0.94474,1.00,1.00
2015.07.29 21:50:02.201,0.94419,0.94476,1.00,1.00
2015.07.29 21:50:02.406,0.94417,0.94474,1.87,1.00
2015.07.29 21:50:02.762,0.94417,0.94479,1.12,1.00
2015.07.29 21:50:02.863,0.94418,0.94482,1.12,1.00
2015.07.29 21:50:03.413,0.94417,0.94481,1.37,1.00
2015.07.29 21:50:03.744,0.94419,0.94483,1.00,1.00
2015.07.29 21:50:04.056,0.94417,0.94481,1.87,1.00
2015.07.29 21:50:04.326,0.94418,0.94483,1.12,1.00
2015.07.29 21:50:04.528,0.94422,0.94483,1.00,1.00
2015.07.29 21:50:04.730,0.94416,0.94482,1.00,1.00
2015.07.29 21:50:05.191,0.94416,0.9448,1.00,1.00
2015.07.29 21:50:05.292,0.94418,0.94483,1.00,1.00
2015.07.29 21:50:05.393,0.94419,0.94486,1.00,1.00
2015.07.29 21:50:06.493,0.94419,0.94483,1.00,1.00
2015.07.29 21:50:07.796,0.94418,0.94483,1.00,1.00
2015.07.29 21:50:08.249,0.94417,0.94481,1.00,1.00
2015.07.29 21:50:08.500,0.94417,0.94484,1.12,1.00
2015.07.29 21:50:08.676,0.94414,0.94481,1.37,1.00
2015.07.29 21:50:08.727,0.94414,0.94481,1.00,1.00
2015.07.29 21:50:09.103,0.94416,0.9448,1.00,1.00
2015.07.29 21:50:09.254,0.94416,0.94484,2.25,1.37
2015.07.29 21:50:09.305,0.94417,0.94484,1.37,1.00
2015.07.29 21:50:09.707,0.94419,0.94481,1.00,1.00
2015.07.29 21:50:09.808,0.94419,0.94485,1.00,1.00
2015.07.29 21:50:10.106,0.94421,0.94481,1.00,1.00
2015.07.29 21:50:10.447,0.94422,0.94483,1.00,1.00
2015.07.29 21:50:10.838,0.94419,0.94484,1.00,1.00
2015.07.29 21:50:10.992,0.94422,0.94483,1.00,1.00
2015.07.29 21:50:11.144,0.94421,0.94485,1.00,1.00
2015.07.29 21:50:11.347,0.9442,0.94483,1.00,1.00
2015.07.29 21:50:11.800,0.94418,0.94484,1.00,1.00
2015.07.29 21:50:13.102,0.94422,0.94485,1.00,1.00
2015.07.29 21:50:13.413,0.9442,0.94484,1.00,1.00
2015.07.29 21:50:13.564,0.94417,0.9448,1.00,1.00
2015.07.29 21:50:14.013,0.94419,0.9448,1.00,1.00
2015.07.29 21:50:14.316,0.94422,0.94486,1.00,1.00
2015.07.29 21:50:14.517,0.94419,0.94484,1.00,1.00
2015.07.29 21:50:14.618,0.94422,0.94484,1.00,1.00
2015.07.29 21:50:14.883,0.94418,0.94486,1.87,1.00
2015.07.29 21:50:14.987,0.9442,0.94484,1.00,1.00
2015.07.29 21:50:15.390,0.9442,0.94482,1.00,1.00
2015.07.29 21:50:15.542,0.94418,0.94487,1.00,1.00
2015.07.29 21:50:16.519,0.94421,0.94485,1.00,1.00
2015.07.29 21:50:17.806,0.94419,0.94485,1.50,1.00
2015.07.29 21:50:18.072,0.94422,0.94483,1.00,1.00
2015.07.29 21:50:18.466,0.94423,0.94485,1.00,1.00
2015.07.29 21:50:18.771,0.94421,0.94483,1.00,1.00
2015.07.29 21:50:19.096,0.94423,0.94484,1.00,1.00
2015.07.29 21:50:19.418,0.94431,0.94488,1.00,1.00
2015.07.29 21:50:19.569,0.9443,0.94491,1.00,1.00
2015.07.29 21:50:19.908,0.94432,0.9449,1.00,1.00
2015.07.29 21:50:20.576,0.9443,0.94491,1.00,1.00
2015.07.29 21:50:20.778,0.94427,0.94489,1.00,1.00
2015.07.29 21:50:21.030,0.94429,0.94488,1.00,1.00
2015.07.29 21:50:21.131,0.94427,0.94488,1.00,1.00
2015.07.29 21:50:21.232,0.94429,0.94491,1.00,1.00
2015.07.29 21:50:21.880,0.94429,0.94497,1.00,1.37
2015.07.29 21:50:22.389,0.94433,0.94498,1.00,1.37
2015.07.29 21:50:22.693,0.94442,0.94497,1.00,1.00
2015.07.29 21:50:22.995,0.94435,0.94494,1.00,1.37
2015.07.29 21:50:23.533,0.94436,0.94491,1.00,1.00
2015.07.29 21:50:24.067,0.94436,0.94494,1.00,1.37
2015.07.29 21:50:24.537,0.94438,0.94492,1.00,1.00
2015.07.29 21:50:24.638,0.94436,0.94496,1.00,1.37
2015.07.29 21:50:25.142,0.94437,0.94498,1.00,1.87
2015.07.29 21:50:25.535,0.94444,0.94498,1.00,1.00
2015.07.29 21:50:25.586,0.94444,0.94502,1.00,1.12
2015.07.29 21:50:25.879,0.94444,0.945,1.00,1.00
2015.07.29 21:50:27.748,0.94445,0.94497,1.00,1.00
2015.07.29 21:50:28.086,0.94445,0.94494,1.00,1.37
2015.07.29 21:50:28.501,0.9444,0.94496,1.00,1.37
2015.07.29 21:50:29.034,0.94442,0.94497,1.00,1.87
2015.07.29 21:50:30.173,0.94443,0.94496,1.00,1.37
2015.07.29 21:50:30.274,0.9444,0.94497,1.00,1.37
2015.07.29 21:50:30.825,0.94441,0.94499,1.00,1.37
2015.07.29 21:50:30.926,0.94444,0.94497,1.00,1.37
2015.07.29 21:50:31.027,0.94442,0.94498,1.00,1.37
2015.07.29 21:50:31.136,0.94439,0.94496,1.00,1.37
2015.07.29 21:50:31.338,0.94442,0.94497,1.00,1.37
2015.07.29 21:50:31.862,0.94442,0.94497,1.00,1.37
2015.07.29 21:50:32.523,0.94435,0.94493,1.37,1.37
2015.07.29 21:50:32.574,0.94435,0.94493,1.00,1.12
2015.07.29 21:50:32.675,0.94435,0.94491,1.00,1.00
2015.07.29 21:50:32.877,0.94433,0.9449,1.12,1.00
2015.07.29 21:50:33.481,0.94431,0.9449,1.37,1.00
2015.07.29 21:50:33.683,0.94434,0.94488,1.00,1.00
2015.07.29 21:50:33.784,0.94435,0.9449,1.00,1.00
2015.07.29 21:50:33.986,0.94435,0.94493,1.00,1.12
2015.07.29 21:50:34.087,0.94432,0.94491,1.37,1.00
2015.07.29 21:50:34.383,0.94428,0.94487,1.12,1.00
2015.07.29 21:50:34.534,0.94434,0.94488,1.00,1.00
2015.07.29 21:50:34.686,0.94431,0.94493,1.00,1.12
2015.07.29 21:50:35.167,0.94432,0.94492,1.37,1.12
2015.07.29 21:50:35.318,0.94428,0.94488,1.87,1.00
2015.07.29 21:50:35.766,0.9443,0.94486,1.00,1.00
2015.07.29 21:50:36.344,0.94429,0.94485,1.00,1.00
2015.07.29 21:50:36.445,0.94426,0.94487,1.00,1.00
2015.07.29 21:50:36.647,0.94426,0.94485,1.00,1.00
2015.07.29 21:50:36.748,0.94424,0.94484,1.00,1.00
2015.07.29 21:50:36.849,0.94426,0.9449,1.00,1.37
2015.07.29 21:50:37.169,0.94426,0.9449,1.37,1.00
2015.07.29 21:50:37.785,0.94426,0.9449,1.37,1.00
2015.07.29 21:50:38.102,0.94429,0.94487,1.00,1.00
2015.07.29 21:50:38.153,0.94425,0.94487,1.37,1.00
2015.07.29 21:50:38.405,0.94424,0.94482,1.37,1.00
2015.07.29 21:50:38.573,0.94424,0.94482,1.00,1.00
2015.07.29 21:50:38.624,0.9442,0.94481,1.00,1.00
2015.07.29 21:50:38.926,0.94425,0.94482,1.00,1.00
2015.07.29 21:50:39.178,0.94423,0.94483,1.12,1.00
2015.07.29 21:50:39.365,0.94427,0.94482,1.00,1.00
2015.07.29 21:50:39.517,0.94424,0.94481,1.00,1.00
2015.07.29 21:50:39.913,0.94419,0.9448,1.00,1.00
2015.07.29 21:50:40.064,0.94421,0.94479,1.00,1.00
2015.07.29 21:50:40.506,0.94426,0.94481,1.00,1.00
2015.07.29 21:50:40.795,0.94425,0.94483,1.00,1.00
2015.07.29 21:50:41.280,0.94423,0.94481,1.00,1.00
2015.07.29 21:50:41.967,0.94421,0.94478,1.00,1.00
2015.07.29 21:50:42.225,0.94419,0.94479,1.00,1.00
2015.07.29 21:50:42.478,0.9442,0.94481,1.00,1.00
2015.07.29 21:50:42.579,0.94415,0.94478,1.37,1.00
2015.07.29 21:50:43.087,0.94417,0.94477,1.12,1.00
2015.07.29 21:50:43.339,0.94418,0.94483,1.00,1.87
2015.07.29 21:50:43.886,0.94418,0.94482,1.00,1.12
2015.07.29 21:50:44.318,0.94419,0.94475,1.00,1.00
2015.07.29 21:50:44.562,0.94413,0.94473,1.12,1.00
2015.07.29 21:50:44.755,0.94413,0.94471,1.00,1.00
2015.07.29 21:50:45.313,0.94417,0.94473,1.00,1.00
2015.07.29 21:50:45.464,0.94414,0.94473,1.00,1.00
2015.07.29 21:50:45.794,0.94416,0.94474,1.00,1.00
2015.07.29 21:50:45.895,0.94414,0.94475,1.00,1.00
2015.07.29 21:50:45.995,0.94416,0.94474,1.00,1.00
2015.07.29 21:50:46.527,0.94415,0.94474,1.00,1.00
2015.07.29 21:50:47.135,0.94414,0.94474,1.00,1.00
2015.07.29 21:50:47.859,0.94413,0.94474,1.87,1.00
2015.07.29 21:50:48.212,0.94414,0.94471,1.00,1.00
2015.07.29 21:50:48.413,0.94414,0.94475,1.00,1.00
2015.07.29 21:50:48.615,0.94412,0.94472,1.37,1.00
2015.07.29 21:50:48.715,0.94414,0.94475,1.00,1.00
2015.07.29 21:50:49.182,0.94419,0.94482,1.00,1.87
2015.07.29 21:50:49.587,0.94419,0.94483,1.00,1.37
2015.07.29 21:50:50.073,0.94421,0.94485,1.00,1.00
2015.07.29 21:50:50.386,0.94424,0.94484,1.00,1.00
2015.07.29 21:50:51.705,0.94433,0.94487,1.00,1.12
2015.07.29 21:50:52.129,0.94435,0.94487,1.00,1.12
2015.07.29 21:50:52.230,0.94435,0.94491,1.00,1.00
2015.07.29 21:50:52.382,0.94434,0.94487,1.00,1.00
2015.07.29 21:50:52.455,0.94429,0.94486,1.00,1.00
2015.07.29 21:50:52.919,0.94429,0.94484,1.00,1.00
2015.07.29 21:50:53.780,0.94434,0.94487,1.00,1.00
2015.07.29 21:50:54.033,0.94428,0.94487,1.00,1.00
2015.07.29 21:50:54.134,0.94436,0.9449,1.00,1.00
2015.07.29 21:50:54.336,0.94433,0.94489,1.00,1.00
2015.07.29 21:50:54.642,0.94435,0.94489,1.00,1.00
2015.07.29 21:50:55.100,0.94437,0.94489,1.00,1.00
2015.07.29 21:50:57.277,0.94435,0.94489,1.00,1.00
2015.07.29 21:50:57.428,0.94437,0.94488,1.00,1.00
2015.07.29 21:50:57.529,0.94434,0.94488,1.00,1.00
2015.07.29 21:50:57.780,0.94433,0.9449,1.00,1.00
2015.07.29 21:50:58.770,0.94435,0.9449,1.00,1.00
2015.07.29 21:50:59.751,0.94438,0.94493,1.00,1.12
2015.07.29 21:51:00.296,0.94431,0.94487,1.37,1.00
2015.07.29 21:51:00.347,0.94431,0.94487,1.00,1.00
2015.07.29 21:51:00.448,0.94428,0.94488,1.00,1.00
2015.07.29 21:51:00.498,0.94425,0.94485,1.00,1.00
2015.07.29 21:51:01.002,0.94421,0.94476,1.00,1.00
2015.07.29 21:51:01.343,0.94418,0.94469,1.00,1.00
2015.07.29 21:51:01.618,0.94418,0.94471,1.00,1.00
2015.07.29 21:51:02.073,0.94417,0.94468,1.50,1.00
2015.07.29 21:51:02.624,0.94417,0.94469,1.00,1.00
2015.07.29 21:51:02.726,0.9442,0.94474,1.00,1.00
2015.07.29 21:51:02.827,0.9442,0.94476,1.00,1.00
2015.07.29 21:51:02.928,0.94423,0.94481,1.00,1.37
2015.07.29 21:51:03.029,0.94423,0.94481,1.00,1.00
2015.07.29 21:51:03.130,0.94425,0.94479,1.00,1.00
2015.07.29 21:51:03.574,0.94422,0.94476,1.00,1.00
2015.07.29 21:51:03.877,0.9442,0.94474,1.00,1.00
2015.07.29 21:51:04.062,0.9442,0.94476,1.00,1.00
2015.07.29 21:51:04.361,0.94421,0.9448,1.00,1.00
2015.07.29 21:51:04.555,0.94423,0.94479,1.00,1.00
2015.07.29 21:51:04.706,0.94423,0.94483,1.00,1.12
2015.07.29 21:51:04.807,0.94425,0.94485,1.00,1.37
2015.07.29 21:51:05.230,0.94423,0.9448,1.00,1.00
2015.07.29 21:51:05.532,0.94411,0.94466,1.00,1.00
2015.07.29 21:51:05.583,0.94408,0.94466,1.00,1.00
2015.07.29 21:51:05.833,0.94406,0.94464,1.00,1.00
2015.07.29 21:51:06.034,0.94407,0.94466,1.00,1.50
2015.07.29 21:51:06.135,0.94408,0.94468,1.00,1.37
2015.07.29 21:51:06.538,0.94408,0.9447,1.00,1.00
2015.07.29 21:51:07.086,0.94406,0.94464,1.00,1.00
2015.07.29 21:51:07.338,0.94399,0.94459,1.00,1.00
2015.07.29 21:51:07.677,0.94406,0.94467,1.00,1.00
2015.07.29 21:51:07.888,0.94409,0.94469,1.00,1.00
2015.07.29 21:51:08.319,0.94407,0.94465,1.00,1.00
2015.07.29 21:51:08.420,0.94402,0.94462,1.00,1.00
2015.07.29 21:51:08.521,0.94405,0.94462,1.00,1.00
2015.07.29 21:51:08.841,0.94407,0.94463,1.00,1.00
2015.07.29 21:51:08.892,0.94407,0.94466,1.00,1.00
2015.07.29 21:51:08.992,0.9441,0.94469,1.00,1.37
2015.07.29 21:51:09.144,0.94411,0.94472,1.00,1.12
2015.07.29 21:51:09.752,0.94411,0.94472,1.00,1.87
2015.07.29 21:51:09.953,0.94409,0.94472,1.00,1.37
2015.07.29 21:51:10.105,0.94406,0.94471,1.00,1.87
2015.07.29 21:51:10.155,0.94406,0.94462,1.00,1.12
2015.07.29 21:51:10.206,0.94402,0.94462,1.00,1.12
2015.07.29 21:51:10.511,0.94402,0.94466,1.12,1.00
2015.07.29 21:51:10.763,0.94405,0.94467,1.00,1.00
2015.07.29 21:51:11.371,0.94406,0.94466,1.00,1.00
2015.07.29 21:51:11.674,0.94399,0.94459,1.00,1.37
2015.07.29 21:51:11.950,0.94401,0.94462,1.00,1.00
2015.07.29 21:51:12.404,0.944,0.94458,1.00,1.00
2015.07.29 21:51:12.802,0.94394,0.9445,1.00,1.00
2015.07.29 21:51:12.852,0.94398,0.94456,1.00,1.00
2015.07.29 21:51:13.190,0.94397,0.94461,1.12,1.00
2015.07.29 21:51:13.245,0.94401,0.94462,1.00,1.00
2015.07.29 21:51:13.605,0.94401,0.94465,1.00,1.00
2015.07.29 21:51:13.757,0.94401,0.94462,1.00,1.37
2015.07.29 21:51:14.132,0.94397,0.94453,1.12,1.00
2015.07.29 21:51:14.451,0.94395,0.9445,1.00,1.00
2015.07.29 21:51:14.763,0.94395,0.94456,1.37,1.37
2015.07.29 21:51:14.815,0.94396,0.94458,1.37,1.00
2015.07.29 21:51:14.916,0.94398,0.9446,1.12,1.00
2015.07.29 21:51:15.034,0.94396,0.94456,1.37,1.00
2015.07.29 21:51:15.336,0.944,0.94456,1.00,1.00
2015.07.29 21:51:15.495,0.94399,0.94461,1.00,1.00
2015.07.29 21:51:15.612,0.94399,0.94448,1.00,1.00
2015.07.29 21:51:15.713,0.94399,0.94455,1.00,1.00
2015.07.29 21:51:15.763,0.94399,0.94455,1.00,1.37
2015.07.29 21:51:15.914,0.94397,0.94453,1.12,1.12
2015.07.29 21:51:16.016,0.94396,0.9445,1.37,1.00
2015.07.29 21:51:16.559,0.94396,0.94445,1.37,1.00
2015.07.29 21:51:16.610,0.94394,0.94443,1.00,1.00
2015.07.29 21:51:16.711,0.94394,0.94447,1.50,1.00
2015.07.29 21:51:17.066,0.94395,0.94452,1.00,1.12
2015.07.29 21:51:17.167,0.94396,0.94455,1.37,1.37
2015.07.29 21:51:17.369,0.94398,0.94462,1.12,1.12
2015.07.29 21:51:17.535,0.94402,0.94462,1.00,1.12
2015.07.29 21:51:17.837,0.94402,0.94459,1.00,1.00
2015.07.29 21:51:17.988,0.94397,0.94456,1.12,1.50
2015.07.29 21:51:18.670,0.94397,0.94444,1.00,1.00
2015.07.29 21:51:18.721,0.94394,0.94445,1.00,1.00
2015.07.29 21:51:18.823,0.94394,0.94447,1.00,1.12
2015.07.29 21:51:18.974,0.94394,0.94449,1.00,1.50
2015.07.29 21:51:19.075,0.94394,0.94455,1.00,1.37
2015.07.29 21:51:19.176,0.94394,0.94455,1.37,1.37
2015.07.29 21:51:19.479,0.94398,0.94456,1.00,1.00
2015.07.29 21:51:19.731,0.94399,0.94447,1.00,1.00
2015.07.29 21:51:19.781,0.94393,0.94446,1.50,1.00
2015.07.29 21:51:19.882,0.94393,0.94445,1.37,1.00
2015.07.29 21:51:19.933,0.94393,0.94448,1.37,1.00
2015.07.29 21:51:20.245,0.94393,0.94447,1.50,1.00
2015.07.29 21:51:20.296,0.94395,0.9445,1.00,1.00
2015.07.29 21:51:20.498,0.94395,0.9445,1.37,1.00
2015.07.29 21:51:20.879,0.94393,0.94447,1.50,1.00
2015.07.29 21:51:20.981,0.94395,0.94448,1.00,1.00
2015.07.29 21:51:21.183,0.94396,0.9445,1.00,1.00
2015.07.29 21:51:21.285,0.94394,0.94452,1.00,1.37
2015.07.29 21:51:21.386,0.94397,0.94455,1.37,1.00
2015.07.29 21:51:22.036,0.94402,0.94462,1.00,1.12
2015.07.29 21:51:22.192,0.94399,0.94459,1.00,1.00
2015.07.29 21:51:22.494,0.94397,0.94457,1.37,1.00
2015.07.29 21:51:22.936,0.94394,0.94451,1.37,1.00
2015.07.29 21:51:23.087,0.94393,0.94451,2.25,1.00
2015.07.29 21:51:23.188,0.94393,0.94453,1.50,1.12
2015.07.29 21:51:23.289,0.94393,0.94453,1.87,1.12
2015.07.29 21:51:23.591,0.94397,0.94459,1.12,1.00
2015.07.29 21:51:23.886,0.94397,0.94463,1.12,1.87
2015.07.29 21:51:23.940,0.944,0.94462,1.00,1.12
2015.07.29 21:51:24.041,0.94398,0.94462,1.12,1.87
2015.07.29 21:51:24.293,0.944,0.94463,1.00,1.00
2015.07.29 21:51:24.797,0.94399,0.9446,1.00,1.00
2015.07.29 21:51:25.099,0.94394,0.94451,1.37,1.00
2015.07.29 21:51:25.200,0.94396,0.94452,1.00,1.00
2015.07.29 21:51:25.401,0.94397,0.94452,1.37,1.12
2015.07.29 21:51:25.687,0.94397,0.94454,1.37,1.00
2015.07.29 21:51:25.738,0.94398,0.94462,1.12,1.12
2015.07.29 21:51:25.788,0.94401,0.94464,1.00,1.37
2015.07.29 21:51:26.245,0.94398,0.94465,1.12,1.37
2015.07.29 21:51:26.447,0.94399,0.9446,1.00,1.00
2015.07.29 21:51:26.749,0.94397,0.94457,1.12,1.00
2015.07.29 21:51:27.054,0.94393,0.94454,1.87,1.37
2015.07.29 21:51:27.827,0.94393,0.94448,1.37,1.00
2015.07.29 21:51:27.879,0.94397,0.94454,1.37,1.37
2015.07.29 21:51:28.145,0.94395,0.94458,1.37,1.37
2015.07.29 21:51:28.565,0.94393,0.94452,2.62,1.00
2015.07.29 21:51:28.817,0.94393,0.94449,1.00,1.00
2015.07.29 21:51:29.403,0.94393,0.9445,1.50,1.00
2015.07.29 21:51:29.772,0.94393,0.94453,1.87,1.00
2015.07.29 21:51:29.873,0.94396,0.94456,1.37,1.00
2015.07.29 21:51:30.126,0.94405,0.94462,1.00,1.37
2015.07.29 21:51:30.328,0.94406,0.94466,1.00,1.37
2015.07.29 21:51:30.431,0.94408,0.94467,1.00,1.00
2015.07.29 21:51:30.582,0.94404,0.94462,1.50,1.00
2015.07.29 21:51:30.921,0.94407,0.94466,1.00,1.87
2015.07.29 21:51:31.327,0.94404,0.94461,1.00,1.00
2015.07.29 21:51:31.723,0.94403,0.94459,1.50,1.00
2015.07.29 21:51:32.227,0.94404,0.94461,1.00,1.00
2015.07.29 21:51:32.328,0.94407,0.94463,1.00,1.00
2015.07.29 21:51:32.438,0.94407,0.94467,1.00,1.87
2015.07.29 21:51:32.539,0.94412,0.94467,1.00,1.12
2015.07.29 21:51:32.922,0.94413,0.94473,1.00,1.37
2015.07.29 21:51:32.972,0.94416,0.94473,1.00,1.37
2015.07.29 21:51:33.404,0.94413,0.94466,1.00,1.00
2015.07.29 21:51:33.505,0.94413,0.94468,1.00,1.00
2015.07.29 21:51:33.757,0.94413,0.94465,1.00,1.00
2015.07.29 21:51:34.069,0.94414,0.94468,1.00,1.87
2015.07.29 21:51:34.221,0.94414,0.94468,1.00,1.00
2015.07.29 21:51:34.422,0.94414,0.94471,1.00,1.00
2015.07.29 21:51:34.523,0.94414,0.94467,1.00,1.12
2015.07.29 21:51:34.845,0.94415,0.94473,1.00,1.00
2015.07.29 21:51:35.173,0.9442,0.94477,1.00,1.37
2015.07.29 21:51:35.525,0.94422,0.94481,1.00,1.00
2015.07.29 21:51:35.631,0.94421,0.94478,1.00,1.00
2015.07.29 21:51:35.933,0.94417,0.94468,1.00,1.00
2015.07.29 21:51:36.085,0.94418,0.94471,1.00,1.00
2015.07.29 21:51:36.984,0.94419,0.94471,1.50,1.37
2015.07.29 21:51:37.042,0.94419,0.94474,1.50,1.00
2015.07.29 21:51:37.093,0.94419,0.94476,1.50,1.00
2015.07.29 21:51:37.244,0.94419,0.94478,1.50,1.12
2015.07.29 21:51:37.496,0.94421,0.9448,1.00,1.37
2015.07.29 21:51:37.799,0.9442,0.94475,1.00,1.00
2015.07.29 21:51:38.102,0.94421,0.94478,1.00,1.87
2015.07.29 21:51:38.450,0.94421,0.94478,1.00,1.00
2015.07.29 21:51:38.906,0.94421,0.94476,1.00,1.37
2015.07.29 21:51:39.057,0.94421,0.94477,1.00,1.00
2015.07.29 21:51:39.562,0.94422,0.94477,1.00,1.00
2015.07.29 21:51:39.713,0.9442,0.94475,1.00,1.00
2015.07.29 21:51:39.965,0.94418,0.94474,1.00,1.00
2015.07.29 21:51:40.016,0.94418,0.9447,1.00,1.00
2015.07.29 21:51:40.117,0.94419,0.94472,1.00,1.00
2015.07.29 21:51:40.218,0.94419,0.94474,1.00,1.00
2015.07.29 21:51:40.520,0.94421,0.94476,1.00,1.00
2015.07.29 21:51:40.843,0.94418,0.94473,1.00,1.00
2015.07.29 21:51:41.145,0.94416,0.9447,1.00,1.00
2015.07.29 21:51:41.347,0.94409,0.94465,1.00,1.00
2015.07.29 21:51:41.448,0.94407,0.94466,1.00,1.00
2015.07.29 21:51:41.549,0.94407,0.94469,1.12,1.00
2015.07.29 21:51:41.905,0.94405,0.94463,1.00,1.00
2015.07.29 21:51:42.449,0.94406,0.94462,1.00,1.12
2015.07.29 21:51:42.601,0.94408,0.94468,1.00,1.12
2015.07.29 21:51:43.115,0.94406,0.94468,1.00,1.12
2015.07.29 21:51:43.216,0.94405,0.94466,1.00,1.00
2015.07.29 21:51:43.519,0.94398,0.94458,1.12,1.00
2015.07.29 21:51:43.624,0.94397,0.94461,1.37,1.00
2015.07.29 21:51:43.734,0.94397,0.94459,1.37,1.00
2015.07.29 21:51:44.159,0.94397,0.94457,1.12,1.00
2015.07.29 21:51:44.471,0.94396,0.94455,1.37,1.00
2015.07.29 21:51:45.012,0.94397,0.94454,1.37,1.00
2015.07.29 21:51:45.062,0.94396,0.94458,1.37,1.00
2015.07.29 21:51:45.312,0.94395,0.94456,1.37,1.00
2015.07.29 21:51:45.615,0.94394,0.94451,1.37,1.00
2015.07.29 21:51:46.145,0.94395,0.94448,1.37,1.00
2015.07.29 21:51:47.417,0.94395,0.94448,1.37,1.00
2015.07.29 21:51:47.607,0.94395,0.94448,1.00,1.00
2015.07.29 21:51:48.143,0.94394,0.94443,1.00,1.00
2015.07.29 21:51:48.294,0.94395,0.94447,1.00,1.00
2015.07.29 21:51:48.396,0.94394,0.94442,1.00,1.50
2015.07.29 21:51:48.497,0.94393,0.94444,1.00,1.00
2015.07.29 21:51:48.598,0.94393,0.94446,1.50,1.00
2015.07.29 21:51:48.800,0.94395,0.9445,1.00,1.00
2015.07.29 21:51:49.371,0.94395,0.94449,1.00,1.00
2015.07.29 21:51:49.572,0.94393,0.94444,1.00,1.00
2015.07.29 21:51:50.030,0.94397,0.94447,1.00,1.12
2015.07.29 21:51:50.332,0.94398,0.94446,1.37,1.00
2015.07.29 21:51:50.439,0.94396,0.94446,1.87,1.00
2015.07.29 21:51:50.590,0.94396,0.9445,1.87,1.00
2015.07.29 21:51:50.892,0.94397,0.94456,1.12,1.00
2015.07.29 21:51:51.144,0.94404,0.94462,1.00,1.12
2015.07.29 21:51:51.669,0.94398,0.94456,1.12,1.00
2015.07.29 21:51:51.977,0.94398,0.94453,1.00,1.00
2015.07.29 21:51:52.278,0.94393,0.94448,1.50,1.00
2015.07.29 21:51:52.681,0.94393,0.9445,1.50,1.00
2015.07.29 21:51:52.782,0.94393,0.94452,1.00,1.00
2015.07.29 21:51:52.986,0.94396,0.94452,1.00,1.00
2015.07.29 21:51:53.446,0.94393,0.94452,1.87,1.00
2015.07.29 21:51:53.748,0.94393,0.94443,1.00,1.00
2015.07.29 21:51:54.050,0.94393,0.94438,1.00,1.00
2015.07.29 21:51:54.201,0.94393,0.94443,1.00,1.12
2015.07.29 21:51:54.453,0.94393,0.94446,1.50,1.00
2015.07.29 21:51:54.554,0.94394,0.94448,1.00,1.00
2015.07.29 21:51:54.756,0.94395,0.9445,1.37,1.00
2015.07.29 21:51:55.084,0.94394,0.94444,1.37,1.00
2015.07.29 21:51:55.135,0.94394,0.94444,1.00,1.00
2015.07.29 21:51:55.695,0.94393,0.94443,1.00,1.00
2015.07.29 21:51:55.835,0.94393,0.94447,1.00,1.00
2015.07.29 21:51:56.289,0.94393,0.94443,1.00,1.00
2015.07.29 21:51:56.604,0.94393,0.94439,1.00,1.00
2015.07.29 21:51:57.057,0.94393,0.94437,1.00,1.00
2015.07.29 21:51:57.486,0.94393,0.94439,1.00,1.00
2015.07.29 21:51:57.941,0.94393,0.94443,1.00,1.00
2015.07.29 21:51:58.475,0.94393,0.94442,1.00,1.00
2015.07.29 21:51:59.002,0.94394,0.94442,1.00,1.00
2015.07.29 21:51:59.540,0.94394,0.94441,1.00,1.00
2015.07.29 21:51:59.943,0.94394,0.94438,1.00,1.00
2015.07.29 21:52:00.172,0.94394,0.9444,1.00,1.00
2015.07.29 21:52:00.273,0.94394,0.94438,1.00,1.00
2015.07.29 21:52:00.374,0.94394,0.9444,1.00,1.00
2015.07.29 21:52:00.475,0.94394,0.94442,1.00,1.00
2015.07.29 21:52:00.796,0.94394,0.9444,1.00,1.00
2015.07.29 21:52:01.317,0.94394,0.94439,1.00,1.00
2015.07.29 21:52:01.569,0.94394,0.94442,1.00,1.00
2015.07.29 21:52:01.898,0.94394,0.9444,1.00,1.00
2015.07.29 21:52:02.402,0.94394,0.94441,1.00,1.00
2015.07.29 21:52:02.452,0.94394,0.94443,1.00,1.00
2015.07.29 21:52:02.553,0.94394,0.94445,1.00,1.00
2015.07.29 21:52:03.018,0.94399,0.94456,1.00,1.37
2015.07.29 21:52:03.174,0.94399,0.94456,1.00,1.00
2015.07.29 21:52:03.902,0.94396,0.94449,1.37,1.00
2015.07.29 21:52:04.205,0.94395,0.94447,1.00,1.00
2015.07.29 21:52:04.770,0.94396,0.94451,1.37,1.00
2015.07.29 21:52:05.079,0.94394,0.94453,1.87,1.00
2015.07.29 21:52:05.231,0.94394,0.94456,1.87,1.00
2015.07.29 21:52:05.748,0.94394,0.94455,1.87,1.00
2015.07.29 21:52:05.980,0.94394,0.9445,1.87,1.00
2015.07.29 21:52:06.338,0.94394,0.94453,1.87,1.00
2015.07.29 21:52:06.439,0.94394,0.94448,1.37,1.00
2015.07.29 21:52:06.490,0.94394,0.94448,1.00,1.00
2015.07.29 21:52:06.541,0.94394,0.94451,1.50,1.00
2015.07.29 21:52:06.724,0.94395,0.94456,1.00,1.00
2015.07.29 21:52:06.775,0.94395,0.94456,1.37,1.00
2015.07.29 21:52:06.983,0.94399,0.9446,1.00,1.00
2015.07.29 21:52:07.538,0.94396,0.94461,1.37,1.00
2015.07.29 21:52:07.890,0.94398,0.94461,1.00,1.37
2015.07.29 21:52:08.221,0.94394,0.94452,1.37,1.00
2015.07.29 21:52:08.373,0.94394,0.9445,1.50,1.00
2015.07.29 21:52:08.486,0.94394,0.94443,1.00,1.00
2015.07.29 21:52:08.637,0.94394,0.94446,1.00,1.00
2015.07.29 21:52:08.738,0.94394,0.94449,1.50,1.00
2015.07.29 21:52:09.242,0.94394,0.9445,1.00,1.00
2015.07.29 21:52:09.795,0.94394,0.94453,1.00,1.00
2015.07.29 21:52:09.846,0.94396,0.94454,1.37,1.00
2015.07.29 21:52:09.947,0.94396,0.94458,1.37,1.12
2015.07.29 21:52:10.357,0.94398,0.94456,1.00,1.00
2015.07.29 21:52:10.665,0.94394,0.94448,1.37,1.00
2015.07.29 21:52:11.173,0.94394,0.94449,1.37,1.00
2015.07.29 21:52:11.274,0.94394,0.94452,1.37,1.00
2015.07.29 21:52:11.664,0.94395,0.94455,1.37,1.00
2015.07.29 21:52:11.715,0.94395,0.94457,1.37,1.00
2015.07.29 21:52:11.894,0.94395,0.94459,1.37,1.00
2015.07.29 21:52:12.246,0.94395,0.94457,1.37,1.00
2015.07.29 21:52:12.897,0.94394,0.9445,1.37,1.00
2015.07.29 21:52:12.998,0.94394,0.94453,1.37,1.00
2015.07.29 21:52:13.798,0.94394,0.94448,1.37,1.00
2015.07.29 21:52:13.899,0.94394,0.9445,1.87,1.00
2015.07.29 21:52:14.226,0.94394,0.94453,1.37,1.00
2015.07.29 21:52:15.215,0.94396,0.94454,1.37,1.00
2015.07.29 21:52:16.074,0.94395,0.94452,1.37,1.00
2015.07.29 21:52:16.601,0.94395,0.94452,1.37,1.00
2015.07.29 21:52:16.702,0.94394,0.94451,1.00,1.00
2015.07.29 21:52:17.262,0.94394,0.94452,1.00,1.12
2015.07.29 21:52:17.313,0.94394,0.9445,1.00,1.00
2015.07.29 21:52:17.616,0.94394,0.94449,1.00,1.37
2015.07.29 21:52:17.918,0.94394,0.94446,1.37,1.00
2015.07.29 21:52:17.969,0.94394,0.94454,1.37,1.00
2015.07.29 21:52:18.020,0.94394,0.94454,1.00,1.00
2015.07.29 21:52:18.121,0.94394,0.94454,1.37,1.00
2015.07.29 21:52:18.431,0.94397,0.94457,1.12,1.00
2015.07.29 21:52:19.016,0.94398,0.94457,1.12,1.00
2015.07.29 21:52:19.168,0.94394,0.94451,1.87,1.00
2015.07.29 21:52:19.470,0.94394,0.94448,1.50,1.00
2015.07.29 21:52:19.772,0.94394,0.94452,1.87,1.12
2015.07.29 21:52:19.829,0.94398,0.94458,1.12,1.00
2015.07.29 21:52:20.464,0.94398,0.94459,1.12,1.00
2015.07.29 21:52:20.819,0.94397,0.94457,1.37,1.00
2015.07.29 21:52:21.121,0.94396,0.94454,1.37,1.00
2015.07.29 21:52:21.424,0.94397,0.94452,1.37,1.00
2015.07.29 21:52:21.474,0.94397,0.94457,1.37,1.12
2015.07.29 21:52:21.626,0.94398,0.94459,1.37,1.00
2015.07.29 21:52:22.455,0.94397,0.9446,1.12,1.00
2015.07.29 21:52:22.606,0.94397,0.94457,1.37,1.00
2015.07.29 21:52:22.909,0.94394,0.94448,2.62,1.00
2015.07.29 21:52:23.010,0.94396,0.94451,1.37,1.00
2015.07.29 21:52:23.380,0.94394,0.94447,1.87,1.00
2015.07.29 21:52:23.481,0.94395,0.9445,1.37,1.00
2015.07.29 21:52:23.582,0.94397,0.94453,1.37,1.00
2015.07.29 21:52:23.684,0.94396,0.94459,1.37,1.37
2015.07.29 21:52:23.785,0.94396,0.94459,1.37,1.00
2015.07.29 21:52:23.886,0.94398,0.94461,1.00,1.00
2015.07.29 21:52:24.255,0.94398,0.94461,1.37,1.00
2015.07.29 21:52:24.558,0.94398,0.94461,1.12,1.37
2015.07.29 21:52:24.922,0.94396,0.94455,1.37,1.00
2015.07.29 21:52:25.237,0.94395,0.94452,1.37,1.00
2015.07.29 21:52:25.560,0.94394,0.94447,1.87,1.00
2015.07.29 21:52:25.804,0.94395,0.94458,1.37,1.37
2015.07.29 21:52:25.855,0.94395,0.9446,1.37,1.00
2015.07.29 21:52:26.007,0.94398,0.94462,1.12,1.12
2015.07.29 21:52:26.561,0.94398,0.94462,1.37,1.00
2015.07.29 21:52:26.863,0.94397,0.94458,1.12,1.12
2015.07.29 21:52:27.636,0.94397,0.94458,1.37,1.37
2015.07.29 21:52:27.686,0.94394,0.94446,1.37,1.00
2015.07.29 21:52:27.737,0.94394,0.94455,2.62,1.37
2015.07.29 21:52:27.939,0.94398,0.94458,1.00,1.00
2015.07.29 21:52:28.300,0.94398,0.94461,1.00,1.00
2015.07.29 21:52:28.351,0.94398,0.94461,1.12,1.37
2015.07.29 21:52:28.655,0.94397,0.94464,1.37,1.00
2015.07.29 21:52:28.756,0.94399,0.94462,1.37,1.00
2015.07.29 21:52:29.276,0.94399,0.94462,1.37,1.00
2015.07.29 21:52:29.377,0.94399,0.94462,1.00,1.12
2015.07.29 21:52:29.428,0.94397,0.9446,1.37,1.00
2015.07.29 21:52:29.731,0.94396,0.94452,1.37,1.00
2015.07.29 21:52:29.983,0.94398,0.94454,1.12,1.00
2015.07.29 21:52:30.084,0.94399,0.94458,1.00,1.12
2015.07.29 21:52:30.185,0.94398,0.9446,1.37,1.00
2015.07.29 21:52:30.387,0.94401,0.94466,1.37,1.00
2015.07.29 21:52:30.633,0.94401,0.94468,1.37,1.12
2015.07.29 21:52:31.360,0.94406,0.94475,1.00,1.87
2015.07.29 21:52:31.662,0.94398,0.94465,1.87,1.00
2015.07.29 21:52:31.966,0.94399,0.9446,1.00,1.00
2015.07.29 21:52:32.067,0.94397,0.94459,1.12,1.00
2015.07.29 21:52:32.268,0.944,0.94467,1.00,1.87
2015.07.29 21:52:32.370,0.944,0.94468,1.37,1.00
2015.07.29 21:52:32.980,0.94397,0.94468,1.87,1.00
2015.07.29 21:52:33.081,0.94397,0.94468,1.12,1.87
2015.07.29 21:52:33.132,0.94401,0.94468,1.00,1.12
2015.07.29 21:52:33.442,0.94402,0.94465,1.00,1.00
2015.07.29 21:52:33.745,0.94399,0.94463,1.37,1.00
2015.07.29 21:52:34.047,0.94394,0.9445,1.37,1.00
2015.07.29 21:52:34.148,0.94398,0.94459,1.00,1.00
2015.07.29 21:52:34.249,0.94399,0.94464,1.37,1.00
2015.07.29 21:52:34.574,0.94408,0.94467,1.12,1.00
2015.07.29 21:52:35.023,0.94408,0.94465,1.12,1.00
2015.07.29 21:52:35.325,0.94402,0.94457,1.37,1.00
2015.07.29 21:52:35.477,0.94397,0.94454,1.37,1.00
2015.07.29 21:52:35.884,0.94395,0.94451,1.37,1.00
2015.07.29 21:52:35.985,0.94398,0.94457,1.37,1.00
2015.07.29 21:52:36.459,0.94397,0.94459,1.37,1.00
2015.07.29 21:52:36.878,0.94403,0.9446,1.37,1.00
2015.07.29 21:52:36.981,0.94402,0.94462,1.37,1.00
2015.07.29 21:52:37.132,0.94403,0.94455,1.37,1.00
2015.07.29 21:52:37.183,0.94396,0.94455,1.37,1.00
2015.07.29 21:52:37.334,0.94396,0.94453,1.37,1.00
2015.07.29 21:52:37.636,0.94395,0.94455,1.37,1.00
2015.07.29 21:52:37.788,0.94399,0.94466,1.00,1.37
2015.07.29 21:52:37.889,0.94399,0.94466,1.00,1.00
2015.07.29 21:52:38.159,0.94397,0.94469,1.12,1.37
2015.07.29 21:52:38.213,0.94398,0.94469,1.37,1.00
2015.07.29 21:52:38.516,0.94403,0.94466,1.37,1.00
2015.07.29 21:52:38.768,0.94402,0.94468,1.37,1.00
2015.07.29 21:52:38.984,0.94403,0.94466,1.37,1.00
2015.07.29 21:52:39.085,0.94402,0.94466,1.37,1.00
2015.07.29 21:52:39.186,0.94399,0.94458,1.37,1.00
2015.07.29 21:52:39.388,0.94397,0.94458,1.37,1.00
2015.07.29 21:52:39.540,0.94399,0.94463,1.00,1.37
2015.07.29 21:52:40.133,0.94399,0.94467,1.37,1.00
2015.07.29 21:52:40.335,0.94397,0.94468,1.12,1.12
2015.07.29 21:52:40.388,0.94399,0.94468,1.00,1.12
2015.07.29 21:52:40.539,0.94397,0.9447,1.12,1.37
2015.07.29 21:52:40.690,0.94403,0.9447,1.37,1.00
2015.07.29 21:52:41.165,0.94402,0.94466,1.37,1.00
2015.07.29 21:52:41.216,0.94401,0.94466,1.00,1.00
2015.07.29 21:52:41.415,0.94399,0.94466,1.00,1.00
2015.07.29 21:52:41.616,0.94401,0.94465,1.00,1.00
2015.07.29 21:52:42.032,0.94397,0.9446,1.37,1.00
2015.07.29 21:52:42.486,0.944,0.94465,1.00,1.37
2015.07.29 21:52:42.739,0.94401,0.94468,1.37,1.00
2015.07.29 21:52:43.147,0.94399,0.94469,1.00,1.37
2015.07.29 21:52:43.650,0.94402,0.94469,1.37,1.00
2015.07.29 21:52:44.168,0.94402,0.94466,1.37,1.00
2015.07.29 21:52:44.218,0.94401,0.94466,1.37,1.00
2015.07.29 21:52:44.269,0.94398,0.94461,1.87,1.00
2015.07.29 21:52:44.370,0.94398,0.94463,1.87,1.00
2015.07.29 21:52:44.471,0.94398,0.94461,1.37,1.00
2015.07.29 21:52:44.622,0.94397,0.94461,1.12,1.00
2015.07.29 21:52:44.673,0.94399,0.94459,1.00,1.00
2015.07.29 21:52:44.825,0.94397,0.94463,1.12,1.12
2015.07.29 21:52:44.925,0.94401,0.94465,1.37,1.00
2015.07.29 21:52:45.328,0.944,0.94466,1.00,1.00
2015.07.29 21:52:45.782,0.94403,0.94466,1.37,1.00
2015.07.29 21:52:46.080,0.94397,0.9446,1.37,1.00
2015.07.29 21:52:46.130,0.94401,0.94463,1.00,1.00
2015.07.29 21:52:46.722,0.944,0.94463,1.00,1.00
2015.07.29 21:52:47.790,0.94398,0.94458,1.12,1.00
2015.07.29 21:52:47.891,0.94397,0.94461,1.37,1.00
2015.07.29 21:52:47.992,0.94397,0.94459,1.37,1.00
2015.07.29 21:52:48.296,0.94402,0.94463,1.00,1.00
2015.07.29 21:52:48.649,0.94399,0.94461,1.00,1.00
2015.07.29 21:52:49.001,0.94399,0.94456,1.00,1.00
2015.07.29 21:52:49.584,0.94403,0.94471,1.37,1.00
2015.07.29 21:52:49.968,0.94403,0.94473,1.87,1.00
2015.07.29 21:52:50.069,0.94407,0.94473,1.37,1.00
2015.07.29 21:52:50.422,0.94407,0.94471,1.37,1.00
2015.07.29 21:52:50.574,0.94402,0.94464,1.37,1.00
2015.07.29 21:52:51.078,0.94401,0.94469,1.37,1.00
2015.07.29 21:52:51.129,0.94401,0.94464,1.37,1.00
2015.07.29 21:52:51.422,0.94373,0.94443,1.37,1.00
2015.07.29 21:52:51.624,0.94375,0.94448,1.37,1.12
2015.07.29 21:52:51.986,0.94386,0.94448,1.00,1.00
2015.07.29 21:52:52.288,0.94401,0.94462,1.00,1.12
2015.07.29 21:52:52.389,0.944,0.94471,1.37,1.37
2015.07.29 21:52:52.640,0.94409,0.94472,1.00,1.37
2015.07.29 21:52:52.921,0.94409,0.94478,1.37,1.00
2015.07.29 21:52:53.022,0.94416,0.94479,1.00,1.00
2015.07.29 21:52:53.073,0.94416,0.94481,1.00,1.00
2015.07.29 21:52:53.123,0.94416,0.94478,1.00,1.37
2015.07.29 21:52:53.236,0.94412,0.94477,1.00,1.37
2015.07.29 21:52:53.539,0.94412,0.94482,1.37,1.12
2015.07.29 21:52:53.639,0.94411,0.94478,1.37,1.00
2015.07.29 21:52:53.942,0.94403,0.94472,1.00,1.37
2015.07.29 21:52:54.042,0.94399,0.94472,1.00,1.37
2015.07.29 21:52:54.632,0.944,0.94472,1.00,1.00
2015.07.29 21:52:55.053,0.94401,0.9447,1.00,1.00
2015.07.29 21:52:55.657,0.94401,0.9447,1.00,1.37
2015.07.29 21:52:55.708,0.94401,0.9447,1.37,1.00
2015.07.29 21:52:56.160,0.94401,0.9447,1.00,1.37
2015.07.29 21:52:56.884,0.94401,0.9447,1.37,1.00
2015.07.29 21:52:57.148,0.94401,0.9447,1.00,1.37
2015.07.29 21:52:57.662,0.94401,0.9447,1.00,1.37
2015.07.29 21:52:57.763,0.94401,0.9447,1.37,1.00
2015.07.29 21:52:58.149,0.94401,0.9447,1.00,1.37
2015.07.29 21:52:58.250,0.94399,0.94472,1.00,1.87
2015.07.29 21:52:59.004,0.944,0.94471,1.00,1.37
2015.07.29 21:52:59.061,0.94402,0.94471,1.00,1.37
2015.07.29 21:52:59.112,0.944,0.94471,1.00,1.37
2015.07.29 21:52:59.585,0.94402,0.9447,1.12,1.00
2015.07.29 21:52:59.687,0.944,0.94473,1.37,1.37
2015.07.29 21:53:00.192,0.94403,0.94473,1.00,1.12
2015.07.29 21:53:01.092,0.94403,0.94473,1.12,1.37
2015.07.29 21:53:01.753,0.94403,0.94473,1.00,1.12
2015.07.29 21:53:02.294,0.94402,0.94473,1.12,1.12
2015.07.29 21:53:02.993,0.94403,0.94473,1.00,1.12
2015.07.29 21:53:03.364,0.94402,0.9447,1.12,1.00
2015.07.29 21:53:04.065,0.94402,0.9447,1.37,1.00
2015.07.29 21:53:04.414,0.94401,0.94471,1.00,1.37
2015.07.29 21:53:04.944,0.94401,0.94471,1.00,1.37
2015.07.29 21:53:04.994,0.94401,0.94471,1.37,1.00
2015.07.29 21:53:05.336,0.94402,0.94473,1.12,1.12
2015.07.29 21:53:05.853,0.94402,0.94472,1.12,1.00
2015.07.29 21:53:06.063,0.94402,0.9447,1.12,1.00
2015.07.29 21:53:06.689,0.94401,0.94471,1.37,1.00
2015.07.29 21:53:07.223,0.94399,0.9447,1.37,1.00
2015.07.29 21:53:07.569,0.94403,0.9447,1.37,1.00
2015.07.29 21:53:08.244,0.94403,0.9447,1.12,1.00
2015.07.29 21:53:08.368,0.94402,0.94468,1.12,1.00
2015.07.29 21:53:09.547,0.94403,0.94468,1.12,1.00
2015.07.29 21:53:10.158,0.94402,0.94468,1.12,1.00
2015.07.29 21:53:11.204,0.94402,0.9447,1.12,1.00
2015.07.29 21:53:11.727,0.94399,0.94469,1.37,1.00
2015.07.29 21:53:12.329,0.94399,0.94469,1.37,1.00
2015.07.29 21:53:12.910,0.94399,0.94469,1.37,1.00
2015.07.29 21:53:13.443,0.94398,0.94469,1.37,1.00
2015.07.29 21:53:14.230,0.94398,0.94468,1.37,1.00
2015.07.29 21:53:14.493,0.94402,0.9447,1.37,1.00
2015.07.29 21:53:15.046,0.94401,0.94469,1.37,1.00
2015.07.29 21:53:15.547,0.944,0.94469,1.37,1.00
2015.07.29 21:53:16.033,0.94403,0.94472,1.12,1.12
2015.07.29 21:53:16.492,0.94402,0.94473,1.37,1.00
2015.07.29 21:53:16.844,0.94402,0.94475,1.37,1.00
2015.07.29 21:53:17.133,0.94402,0.94473,1.37,1.00
2015.07.29 21:53:17.184,0.944,0.94473,1.37,1.37
2015.07.29 21:53:17.791,0.94403,0.94473,1.00,1.12
2015.07.29 21:53:17.854,0.94403,0.94473,1.37,1.00
2015.07.29 21:53:18.523,0.94403,0.94474,1.37,1.00
2015.07.29 21:53:18.573,0.94402,0.94474,1.12,1.37
2015.07.29 21:53:19.134,0.94403,0.94473,1.00,1.12
2015.07.29 21:53:19.259,0.94403,0.94473,1.37,1.00
2015.07.29 21:53:19.773,0.94403,0.94473,1.37,1.00
2015.07.29 21:53:19.885,0.94402,0.94473,1.12,1.87
2015.07.29 21:53:20.385,0.94403,0.94473,1.37,1.00
2015.07.29 21:53:20.924,0.94402,0.94473,1.87,1.00
2015.07.29 21:53:21.255,0.94403,0.94472,1.12,1.37
2015.07.29 21:53:21.465,0.94403,0.94474,1.87,1.00
2015.07.29 21:53:22.175,0.94403,0.94472,1.12,1.12
2015.07.29 21:53:22.670,0.94403,0.94475,1.37,1.00
2015.07.29 21:53:23.182,0.94403,0.94475,1.87,1.00
2015.07.29 21:53:23.311,0.94403,0.94477,1.37,1.12
2015.07.29 21:53:23.511,0.94401,0.94477,1.37,1.87
2015.07.29 21:53:25.380,0.94402,0.94475,1.37,1.00
2015.07.29 21:53:27.030,0.94402,0.94475,1.12,1.00
2015.07.29 21:53:27.081,0.94405,0.94477,1.00,1.00
2015.07.29 21:53:27.403,0.94408,0.94477,1.87,1.00
2015.07.29 21:53:27.605,0.9441,0.94481,1.37,1.00
2015.07.29 21:53:28.424,0.94411,0.94482,1.37,1.87
2015.07.29 21:53:29.678,0.94414,0.94482,1.00,1.12
2015.07.29 21:53:30.339,0.94415,0.94485,1.37,1.00
2015.07.29 21:53:30.928,0.94419,0.94488,1.00,1.12
2015.07.29 21:53:31.345,0.94421,0.94487,1.00,1.12
2015.07.29 21:53:31.813,0.94419,0.9449,1.37,1.37
2015.07.29 21:53:32.852,0.94419,0.9449,1.37,1.37
2015.07.29 21:53:33.623,0.94421,0.94491,1.37,1.37
2015.07.29 21:53:34.252,0.94419,0.9449,1.37,1.37
2015.07.29 21:53:35.406,0.94419,0.9449,1.37,1.37
2015.07.29 21:53:35.951,0.94419,0.9449,1.37,1.37
2015.07.29 21:53:36.655,0.94419,0.94489,1.37,1.37
2015.07.29 21:53:37.646,0.94421,0.9449,1.37,1.37
2015.07.29 21:53:39.545,0.94421,0.94488,1.37,1.37
2015.07.29 21:53:40.661,0.94421,0.94488,1.37,1.12
2015.07.29 21:53:41.316,0.94428,0.94491,1.37,1.00
2015.07.29 21:53:41.864,0.94423,0.94491,1.37,1.00
2015.07.29 21:53:41.915,0.94423,0.94488,1.37,1.00
2015.07.29 21:53:42.493,0.94422,0.94489,1.37,1.00
2015.07.29 21:53:43.103,0.94423,0.94489,1.37,1.00
2015.07.29 21:53:43.763,0.94422,0.94489,1.37,1.00
2015.07.29 21:53:43.888,0.94423,0.94491,1.37,1.00
2015.07.29 21:53:43.989,0.94423,0.94489,1.37,1.00
2015.07.29 21:53:44.194,0.94422,0.94491,1.37,1.00
2015.07.29 21:53:44.245,0.94421,0.94491,1.37,1.37
2015.07.29 21:53:44.748,0.94421,0.94488,1.37,1.12
2015.07.29 21:53:45.421,0.94418,0.94487,1.87,1.12
2015.07.29 21:53:45.572,0.94418,0.94487,1.00,1.37
2015.07.29 21:53:46.076,0.94418,0.94487,1.12,1.87
2015.07.29 21:53:47.489,0.94414,0.94482,1.00,1.12
2015.07.29 21:53:48.033,0.94413,0.94481,1.87,1.00
2015.07.29 21:53:48.636,0.94413,0.94482,1.87,1.12
2015.07.29 21:53:49.601,0.94413,0.94481,1.12,1.00
2015.07.29 21:53:50.122,0.94412,0.94481,1.12,1.00
2015.07.29 21:53:50.173,0.94413,0.94479,1.12,1.00
2015.07.29 21:53:50.274,0.94415,0.94482,1.00,1.12
2015.07.29 21:53:50.476,0.94411,0.94478,1.00,1.87
2015.07.29 21:53:50.577,0.94407,0.94477,1.37,1.12
2015.07.29 21:53:50.729,0.94405,0.94475,1.37,1.00
2015.07.29 21:53:50.830,0.94409,0.94477,1.00,1.12
2015.07.29 21:53:50.931,0.94412,0.94477,1.00,1.12
2015.07.29 21:53:51.243,0.94413,0.94482,1.12,1.12
2015.07.29 21:53:51.495,0.9441,0.94478,1.00,1.37
2015.07.29 21:53:52.112,0.94408,0.94477,1.00,1.37
2015.07.29 21:53:52.364,0.9441,0.94476,1.00,1.37
2015.07.29 21:53:52.465,0.9441,0.94476,1.00,1.00
2015.07.29 21:53:53.142,0.94412,0.94479,1.12,1.00
2015.07.29 21:53:53.574,0.9441,0.9448,1.00,1.37
2015.07.29 21:53:54.128,0.94409,0.94479,1.00,1.37
2015.07.29 21:53:54.672,0.94409,0.94479,1.00,1.37
2015.07.29 21:53:55.382,0.94409,0.94479,1.00,1.37
2015.07.29 21:53:57.074,0.94408,0.94478,1.00,1.12
2015.07.29 21:53:57.175,0.9441,0.9448,1.00,1.37
2015.07.29 21:53:59.504,0.9441,0.9448,1.00,1.37
2015.07.29 21:54:00.014,0.9441,0.9448,1.00,1.37
2015.07.29 21:54:00.295,0.94408,0.94478,1.87,1.37
2015.07.29 21:54:00.497,0.9441,0.9448,1.00,1.37
2015.07.29 21:54:02.440,0.9441,0.9448,1.00,1.37
2015.07.29 21:54:03.033,0.9441,0.94478,1.00,1.37
2015.07.29 21:54:03.560,0.9441,0.94478,1.00,1.12
2015.07.29 21:54:04.665,0.94407,0.94479,1.87,1.37
2015.07.29 21:54:05.026,0.94409,0.94477,1.00,1.37
2015.07.29 21:54:05.328,0.94407,0.94477,1.00,1.37
2015.07.29 21:54:05.666,0.94409,0.94478,1.00,1.37
2015.07.29 21:54:06.227,0.94407,0.94479,1.37,1.37
2015.07.29 21:54:07.367,0.94407,0.94479,1.12,1.37
2015.07.29 21:54:08.093,0.94407,0.94479,1.37,1.37
2015.07.29 21:54:09.355,0.94406,0.94479,1.37,1.37
2015.07.29 21:54:09.949,0.94406,0.94479,1.37,1.37
2015.07.29 21:54:11.362,0.94406,0.94479,1.37,1.37
2015.07.29 21:54:12.291,0.94406,0.94479,1.37,1.37
2015.07.29 21:54:13.468,0.94406,0.94479,1.37,1.37
2015.07.29 21:54:14.164,0.94408,0.94482,1.12,1.37
2015.07.29 21:54:14.215,0.94408,0.94477,1.00,1.37
2015.07.29 21:54:14.518,0.9441,0.94477,1.00,1.37
2015.07.29 21:54:14.720,0.94409,0.9448,1.00,1.37
2015.07.29 21:54:14.821,0.94411,0.9448,1.00,1.37
2015.07.29 21:54:15.338,0.9441,0.94479,1.00,1.37
2015.07.29 21:54:16.428,0.9441,0.94479,1.00,1.37
2015.07.29 21:54:16.902,0.94407,0.94477,1.00,1.37
2015.07.29 21:54:17.003,0.94405,0.94477,1.00,1.37
2015.07.29 21:54:17.506,0.94405,0.94476,1.00,1.37
2015.07.29 21:54:17.615,0.94405,0.94473,1.00,1.37
2015.07.29 21:54:17.973,0.94397,0.94467,1.12,1.00
2015.07.29 21:54:18.031,0.94398,0.94464,1.12,1.00
2015.07.29 21:54:18.334,0.94392,0.94455,1.37,1.00
2015.07.29 21:54:18.435,0.94393,0.94457,1.37,1.12
2015.07.29 21:54:18.687,0.94394,0.94459,1.37,1.00
2015.07.29 21:54:18.788,0.94396,0.94463,1.37,1.37
2015.07.29 21:54:18.889,0.94393,0.9446,1.37,1.00
2015.07.29 21:54:19.212,0.94396,0.94457,1.37,1.12
2015.07.29 21:54:19.962,0.94396,0.94458,1.37,1.12
2015.07.29 21:54:20.212,0.94396,0.94462,1.37,1.12
2015.07.29 21:54:20.414,0.94401,0.94462,1.00,1.12
2015.07.29 21:54:20.638,0.94399,0.94463,1.00,1.12
2015.07.29 21:54:20.940,0.94391,0.94454,1.37,1.00
2015.07.29 21:54:21.142,0.94391,0.94454,1.37,1.00
2015.07.29 21:54:21.629,0.94388,0.94451,1.87,1.00
2015.07.29 21:54:21.680,0.94388,0.94451,1.00,1.00
2015.07.29 21:54:22.052,0.94392,0.94449,1.00,1.00
2015.07.29 21:54:22.305,0.94389,0.94448,1.00,1.00
2015.07.29 21:54:22.492,0.94392,0.94448,1.00,1.00
2015.07.29 21:54:22.794,0.94393,0.94449,1.37,1.00
2015.07.29 21:54:23.144,0.94393,0.94458,1.37,1.37
2015.07.29 21:54:23.477,0.94393,0.94458,1.00,1.37
2015.07.29 21:54:23.528,0.94383,0.94455,1.37,1.37
2015.07.29 21:54:23.645,0.94383,0.94447,1.00,1.37
2015.07.29 21:54:23.796,0.94381,0.94448,1.00,1.37
2015.07.29 21:54:24.048,0.94377,0.94447,1.00,1.37
2015.07.29 21:54:24.149,0.9438,0.94447,1.00,1.37
2015.07.29 21:54:24.501,0.94374,0.94442,2.25,1.12
2015.07.29 21:54:24.552,0.94374,0.94438,2.25,1.37
2015.07.29 21:54:24.804,0.94371,0.94437,1.00,1.37
2015.07.29 21:54:25.086,0.94373,0.94438,1.00,1.37
2015.07.29 21:54:25.299,0.94368,0.94438,1.00,1.37
2015.07.29 21:54:25.349,0.94374,0.94443,1.00,1.87
2015.07.29 21:54:25.450,0.94367,0.9444,1.87,1.37
2015.07.29 21:54:25.704,0.94369,0.94441,1.00,1.37
2015.07.29 21:54:26.042,0.94375,0.94441,1.00,1.37
2015.07.29 21:54:26.352,0.94389,0.94447,1.00,1.37
2015.07.29 21:54:26.452,0.94386,0.94446,1.00,1.37
2015.07.29 21:54:26.791,0.94382,0.94444,1.00,1.37
2015.07.29 21:54:26.981,0.94383,0.94441,1.00,1.00
2015.07.29 21:54:27.303,0.94387,0.94443,1.00,1.12
2015.07.29 21:54:27.555,0.94382,0.94442,1.00,1.00
2015.07.29 21:54:27.756,0.94382,0.9444,1.00,1.37
2015.07.29 21:54:28.745,0.94385,0.9444,1.00,1.37
2015.07.29 21:54:28.796,0.94383,0.94441,1.00,1.00
2015.07.29 21:54:28.897,0.94381,0.9444,1.00,1.00
2015.07.29 21:54:29.128,0.94381,0.9444,1.00,1.37
2015.07.29 21:54:29.761,0.94383,0.94441,1.00,1.37
2015.07.29 21:54:29.963,0.94382,0.94441,1.00,1.00
2015.07.29 21:54:30.064,0.94384,0.9444,1.00,1.00
2015.07.29 21:54:30.366,0.94382,0.94441,1.00,1.00
2015.07.29 21:54:30.417,0.94382,0.94439,1.00,1.00
2015.07.29 21:54:30.721,0.94384,0.9444,1.00,1.37
2015.07.29 21:54:30.872,0.9438,0.94441,1.00,1.37
2015.07.29 21:54:31.074,0.94377,0.94438,1.00,1.37
2015.07.29 21:54:31.381,0.94375,0.94436,1.00,1.00
2015.07.29 21:54:32.034,0.94382,0.94441,1.00,1.00
2015.07.29 21:54:32.185,0.9438,0.94442,1.00,1.12
2015.07.29 21:54:32.286,0.94379,0.94438,1.00,1.00
2015.07.29 21:54:32.787,0.9438,0.94439,1.00,1.37
2015.07.29 21:54:33.136,0.94382,0.94441,1.00,1.37
2015.07.29 21:54:33.484,0.94387,0.94443,1.00,1.87
2015.07.29 21:54:33.585,0.94389,0.94444,1.00,1.37
2015.07.29 21:54:33.736,0.94385,0.9444,1.00,1.00
2015.07.29 21:54:33.938,0.94388,0.94442,1.00,1.00
2015.07.29 21:54:34.038,0.94384,0.9444,1.00,1.00
2015.07.29 21:54:34.541,0.94384,0.94441,1.00,1.00
2015.07.29 21:54:34.592,0.9438,0.9444,1.00,1.00
2015.07.29 21:54:34.693,0.94377,0.94439,1.00,1.00
2015.07.29 21:54:34.971,0.94376,0.94437,1.00,1.00
2015.07.29 21:54:35.380,0.94377,0.94439,1.00,1.00
2015.07.29 21:54:35.681,0.9438,0.94441,1.00,1.00
2015.07.29 21:54:35.983,0.94385,0.9444,1.00,1.00
2015.07.29 21:54:36.034,0.94383,0.9444,1.00,1.00
2015.07.29 21:54:36.235,0.94383,0.94438,1.00,1.00
2015.07.29 21:54:38.336,0.94384,0.9444,1.00,1.00
2015.07.29 21:54:39.079,0.94387,0.94444,1.00,1.37
2015.07.29 21:54:39.581,0.94386,0.94442,1.00,1.12
2015.07.29 21:54:39.884,0.94383,0.9444,1.00,1.00
2015.07.29 21:54:40.539,0.94383,0.94439,1.00,1.00
2015.07.29 21:54:40.640,0.94386,0.94441,1.00,1.00
2015.07.29 21:54:41.191,0.94385,0.9444,1.00,1.00
2015.07.29 21:54:43.430,0.9438,0.94439,1.00,1.00
2015.07.29 21:54:43.531,0.94379,0.94436,1.00,1.00
2015.07.29 21:54:43.632,0.94374,0.94432,1.00,1.00
2015.07.29 21:54:43.733,0.94371,0.94428,1.37,1.00
2015.07.29 21:54:43.935,0.9437,0.94428,1.00,1.00
2015.07.29 21:54:44.086,0.94372,0.94433,1.00,1.12
2015.07.29 21:54:44.187,0.94376,0.94433,1.00,1.37
2015.07.29 21:54:44.339,0.94375,0.94436,1.00,1.00
2015.07.29 21:54:44.440,0.94374,0.94438,1.00,1.00
2015.07.29 21:54:44.490,0.94378,0.94438,1.00,1.00
2015.07.29 21:54:44.799,0.9438,0.94437,1.00,1.00
2015.07.29 21:54:45.141,0.94387,0.94441,1.00,1.00
2015.07.29 21:54:45.545,0.94388,0.94443,1.00,1.12
2015.07.29 21:54:45.696,0.94391,0.94446,1.00,1.37
2015.07.29 21:54:45.948,0.94391,0.94446,1.00,1.00
2015.07.29 21:54:46.494,0.9439,0.94446,1.00,1.00
2015.07.29 21:54:46.947,0.94386,0.94443,1.00,1.00
2015.07.29 21:54:47.048,0.94383,0.94439,1.00,1.00
2015.07.29 21:54:47.350,0.94386,0.94439,1.00,1.00
2015.07.29 21:54:47.451,0.94381,0.94439,1.00,1.00
2015.07.29 21:54:47.702,0.94383,0.94438,1.00,1.00
2015.07.29 21:54:48.417,0.94384,0.94438,1.00,1.00
2015.07.29 21:54:48.468,0.94388,0.94443,1.00,1.00
2015.07.29 21:54:48.695,0.94389,0.94445,1.00,1.00
2015.07.29 21:54:48.796,0.94391,0.94447,1.00,1.00
2015.07.29 21:54:49.311,0.94392,0.94446,1.00,1.00
2015.07.29 21:54:49.431,0.9439,0.94447,1.00,1.12
2015.07.29 21:54:49.652,0.94391,0.94445,1.00,1.00
2015.07.29 21:54:50.751,0.94391,0.94446,1.00,1.00
2015.07.29 21:54:51.762,0.94391,0.94448,1.00,1.12
2015.07.29 21:54:52.112,0.94386,0.94443,1.00,1.00
2015.07.29 21:54:52.510,0.94386,0.94441,1.00,1.00
2015.07.29 21:54:53.061,0.94388,0.94442,1.00,1.00
2015.07.29 21:54:53.318,0.94391,0.94446,1.00,1.00
2015.07.29 21:54:53.769,0.94386,0.94443,1.00,1.00
2015.07.29 21:54:55.924,0.94386,0.94442,1.00,1.00
2015.07.29 21:54:56.287,0.94384,0.9444,1.00,1.00
2015.07.29 21:54:56.843,0.94384,0.94441,1.50,1.00
2015.07.29 21:54:57.140,0.94385,0.94443,1.00,1.00
2015.07.29 21:54:57.392,0.94388,0.94442,1.00,1.00
2015.07.29 21:54:57.493,0.94389,0.94446,1.00,1.00
2015.07.29 21:54:57.594,0.94388,0.94443,1.00,1.00
2015.07.29 21:54:58.374,0.94388,0.94445,1.00,1.00
2015.07.29 21:54:59.922,0.94389,0.94443,1.00,1.00
2015.07.29 21:55:00.205,0.94386,0.94442,1.00,1.00
2015.07.29 21:55:00.438,0.9439,0.94447,1.00,1.00
2015.07.29 21:55:00.590,0.94392,0.94448,1.00,1.37
2015.07.29 21:55:00.691,0.94387,0.94444,1.00,1.00
2015.07.29 21:55:00.793,0.94386,0.94442,1.00,1.00
2015.07.29 21:55:01.132,0.94385,0.9444,1.00,1.00
2015.07.29 21:55:01.484,0.94392,0.94448,1.00,1.37
2015.07.29 21:55:01.537,0.9439,0.94447,1.00,1.12
2015.07.29 21:55:01.643,0.94387,0.94443,1.00,1.00
2015.07.29 21:55:01.795,0.94385,0.94442,1.00,1.00
2015.07.29 21:55:02.516,0.94386,0.94441,1.00,1.00
2015.07.29 21:55:03.038,0.94386,0.9444,1.00,1.00
2015.07.29 21:55:03.856,0.94385,0.94442,1.00,1.00
2015.07.29 21:55:03.957,0.94388,0.94443,1.00,1.00
2015.07.29 21:55:04.524,0.94387,0.94442,1.00,1.00
2015.07.29 21:55:06.198,0.94385,0.94441,1.00,1.00
2015.07.29 21:55:06.729,0.94387,0.94445,1.00,1.00
2015.07.29 21:55:06.830,0.94386,0.94443,1.00,1.00
2015.07.29 21:55:07.172,0.94386,0.94441,1.00,1.00
2015.07.29 21:55:07.693,0.94387,0.94445,1.00,1.00
2015.07.29 21:55:08.283,0.94384,0.94441,1.50,1.00
2015.07.29 21:55:08.594,0.94386,0.94441,1.00,1.00
2015.07.29 21:55:08.695,0.94387,0.94444,1.00,1.00
2015.07.29 21:55:08.796,0.94386,0.94441,1.00,1.00
2015.07.29 21:55:09.310,0.94385,0.94442,1.00,1.00
2015.07.29 21:55:09.673,0.94385,0.9444,1.00,1.00
2015.07.29 21:55:10.192,0.94386,0.94441,1.00,1.00
2015.07.29 21:55:10.698,0.94385,0.94442,1.00,1.00
2015.07.29 21:55:11.043,0.94385,0.9444,1.00,1.00
2015.07.29 21:55:11.145,0.94386,0.94442,1.00,1.00
2015.07.29 21:55:11.683,0.94385,0.94442,1.00,1.00
2015.07.29 21:55:12.199,0.94386,0.94443,1.00,1.00
2015.07.29 21:55:12.250,0.94387,0.94441,1.00,1.00
2015.07.29 21:55:12.351,0.94387,0.94445,1.00,1.00
2015.07.29 21:55:12.452,0.94386,0.94442,1.00,1.00
2015.07.29 21:55:12.973,0.94386,0.94441,1.00,1.00
2015.07.29 21:55:13.193,0.94387,0.94445,1.00,1.00
2015.07.29 21:55:13.454,0.94387,0.94441,1.00,1.00
2015.07.29 21:55:13.880,0.94387,0.94445,1.00,1.00
2015.07.29 21:55:13.980,0.94385,0.94442,1.50,1.00
2015.07.29 21:55:14.768,0.94387,0.94445,1.00,1.00
2015.07.29 21:55:14.869,0.94389,0.94446,1.00,1.00
2015.07.29 21:55:15.218,0.94386,0.94441,1.00,1.00
2015.07.29 21:55:15.771,0.94388,0.94444,1.00,1.00
2015.07.29 21:55:15.872,0.94386,0.94441,1.00,1.00
2015.07.29 21:55:16.383,0.94385,0.94439,1.00,1.00
2015.07.29 21:55:17.413,0.94384,0.94438,1.50,1.00
2015.07.29 21:55:17.623,0.94385,0.9444,1.00,1.00
2015.07.29 21:55:18.278,0.94383,0.94439,1.50,1.00
2015.07.29 21:55:19.290,0.94384,0.94439,1.00,1.00
2015.07.29 21:55:20.232,0.94384,0.9444,1.50,1.00
2015.07.29 21:55:20.450,0.94384,0.94438,1.50,1.00
2015.07.29 21:55:20.501,0.94384,0.94441,1.50,1.00
2015.07.29 21:55:20.805,0.94384,0.94439,1.00,1.00
2015.07.29 21:55:21.107,0.94383,0.94437,1.00,1.00
2015.07.29 21:55:21.428,0.94385,0.94439,1.00,1.00
2015.07.29 21:55:22.035,0.94385,0.9444,1.00,1.00
2015.07.29 21:55:22.586,0.94387,0.94443,1.00,1.00
2015.07.29 21:55:22.652,0.94386,0.94441,1.00,1.00
2015.07.29 21:55:23.445,0.94385,0.94443,1.00,1.00
2015.07.29 21:55:23.533,0.94388,0.94443,1.00,1.00
2015.07.29 21:55:24.089,0.94387,0.94443,1.00,1.00
2015.07.29 21:55:24.341,0.94385,0.94442,1.00,1.00
2015.07.29 21:55:24.853,0.94384,0.94441,1.50,1.00
2015.07.29 21:55:24.963,0.94388,0.94442,1.00,1.00
2015.07.29 21:55:25.351,0.94386,0.9444,1.00,1.00
2015.07.29 21:55:25.883,0.94385,0.94441,1.00,1.00
2015.07.29 21:55:26.293,0.94387,0.94444,1.00,1.37
2015.07.29 21:55:26.595,0.94383,0.94437,1.00,1.00
2015.07.29 21:55:27.418,0.94384,0.94438,1.00,1.00
2015.07.29 21:55:27.469,0.94384,0.94441,1.50,1.00
2015.07.29 21:55:27.519,0.94384,0.94438,1.00,1.00
2015.07.29 21:55:28.077,0.94383,0.94438,1.00,1.00
2015.07.29 21:55:28.625,0.94384,0.94439,1.00,1.00
2015.07.29 21:55:29.712,0.94386,0.94442,1.00,1.12
2015.07.29 21:55:30.273,0.94387,0.94442,1.00,1.00
2015.07.29 21:55:30.683,0.94385,0.94443,1.00,1.12
2015.07.29 21:55:30.834,0.94384,0.94439,1.50,1.00
2015.07.29 21:55:31.382,0.94385,0.9444,1.00,1.00
2015.07.29 21:55:31.483,0.94386,0.94442,1.00,1.00
2015.07.29 21:55:31.584,0.94384,0.94441,1.50,1.00
2015.07.29 21:55:31.938,0.94386,0.94443,1.00,1.37
2015.07.29 21:55:32.455,0.94385,0.9444,1.00,1.00
2015.07.29 21:55:33.003,0.94384,0.94439,1.00,1.00
2015.07.29 21:55:33.221,0.94386,0.94442,1.00,1.00
2015.07.29 21:55:33.374,0.94384,0.94438,1.50,1.00
2015.07.29 21:55:33.584,0.94385,0.94441,1.00,1.00
2015.07.29 21:55:33.887,0.94385,0.94439,1.00,1.00
2015.07.29 21:55:34.579,0.94385,0.9444,1.00,1.00
2015.07.29 21:55:35.084,0.94385,0.94439,1.00,1.00
2015.07.29 21:55:35.315,0.94384,0.94441,1.50,1.00
2015.07.29 21:55:35.827,0.94385,0.94441,1.00,1.00
2015.07.29 21:55:35.878,0.94389,0.94446,1.00,1.37
2015.07.29 21:55:36.627,0.9439,0.94445,1.00,1.37
2015.07.29 21:55:36.974,0.94392,0.94447,1.00,1.37
2015.07.29 21:55:37.832,0.94393,0.94447,1.00,1.87
2015.07.29 21:55:38.085,0.9439,0.94445,1.00,1.37
2015.07.29 21:55:38.725,0.9439,0.94445,1.00,1.37
2015.07.29 21:55:39.782,0.9439,0.94445,1.00,1.37
2015.07.29 21:55:40.297,0.9439,0.94444,1.00,1.37
2015.07.29 21:55:40.498,0.94388,0.94444,1.00,1.37
2015.07.29 21:55:41.022,0.9439,0.94445,1.00,1.37
2015.07.29 21:55:41.136,0.94388,0.94445,1.00,1.37
2015.07.29 21:55:41.641,0.94389,0.94444,1.00,1.37
2015.07.29 21:55:42.373,0.94388,0.94445,1.00,1.37
2015.07.29 21:55:43.696,0.94388,0.94445,1.00,1.37
2015.07.29 21:55:43.797,0.9439,0.94444,1.00,1.37
2015.07.29 21:55:43.998,0.94388,0.94443,1.00,1.37
2015.07.29 21:55:44.342,0.94386,0.94442,1.00,1.00
2015.07.29 21:55:44.687,0.94388,0.94443,1.00,1.37
2015.07.29 21:55:45.300,0.94388,0.94443,1.00,1.12
2015.07.29 21:55:45.850,0.94387,0.94444,1.00,1.37
2015.07.29 21:55:46.372,0.94386,0.94443,1.00,1.37
2015.07.29 21:55:47.060,0.94391,0.94446,1.00,1.37
2015.07.29 21:55:47.124,0.9439,0.94448,1.00,1.37
2015.07.29 21:55:47.649,0.94393,0.94447,1.00,1.12
2015.07.29 21:55:48.425,0.94394,0.94448,1.00,1.37
2015.07.29 21:55:48.629,0.94392,0.94448,1.00,1.12
2015.07.29 21:55:49.409,0.94392,0.94448,1.00,1.37
2015.07.29 21:55:50.526,0.94389,0.94446,1.00,1.00
2015.07.29 21:55:50.728,0.94389,0.94444,1.00,1.00
2015.07.29 21:55:51.184,0.94389,0.94446,1.00,1.00
2015.07.29 21:55:51.386,0.94389,0.94444,1.00,1.00
2015.07.29 21:55:51.957,0.94391,0.94447,1.00,1.00
2015.07.29 21:55:52.058,0.94389,0.94445,1.00,1.00
2015.07.29 21:55:52.585,0.94393,0.94448,1.00,1.12
2015.07.29 21:55:52.990,0.94392,0.94447,1.00,1.87
2015.07.29 21:55:53.343,0.94392,0.94448,1.00,1.12
2015.07.29 21:55:53.912,0.94392,0.94447,1.00,1.00
2015.07.29 21:55:56.670,0.94395,0.94447,1.00,1.00
2015.07.29 21:55:56.721,0.94405,0.94462,1.00,1.87
2015.07.29 21:55:57.124,0.94405,0.9446,1.00,1.00
2015.07.29 21:55:57.226,0.94406,0.94462,1.00,1.87
2015.07.29 21:55:57.327,0.94403,0.9446,1.00,1.00
2015.07.29 21:55:57.781,0.94406,0.9446,1.00,1.00
2015.07.29 21:55:58.536,0.94402,0.9446,1.00,1.00
2015.07.29 21:55:58.637,0.94401,0.94458,1.00,1.00
2015.07.29 21:55:59.293,0.94404,0.94458,1.00,1.00
2015.07.29 21:55:59.394,0.94402,0.94459,1.00,1.00
2015.07.29 21:56:00.109,0.94406,0.94461,1.00,1.00
2015.07.29 21:56:00.481,0.94402,0.94457,1.00,1.00
2015.07.29 21:56:00.976,0.94405,0.94462,1.00,1.00
2015.07.29 21:56:01.077,0.94402,0.94457,1.00,1.00
2015.07.29 21:56:01.702,0.94402,0.94456,1.00,1.00
2015.07.29 21:56:03.918,0.94405,0.94459,1.00,1.37
2015.07.29 21:56:04.069,0.94404,0.9446,1.00,1.00
2015.07.29 21:56:04.271,0.94401,0.94456,1.00,1.00
2015.07.29 21:56:04.472,0.94403,0.94459,1.00,1.00
2015.07.29 21:56:04.573,0.94402,0.94456,1.00,1.00
2015.07.29 21:56:05.193,0.94398,0.94452,1.12,1.00
2015.07.29 21:56:05.498,0.94402,0.94455,1.00,1.00
2015.07.29 21:56:05.700,0.94404,0.9446,1.00,1.00
2015.07.29 21:56:05.801,0.94402,0.94456,1.00,1.00
2015.07.29 21:56:06.104,0.94402,0.94454,1.00,1.00
2015.07.29 21:56:06.407,0.94402,0.94454,1.00,1.37
2015.07.29 21:56:06.961,0.94401,0.94454,1.00,1.37
2015.07.29 21:56:07.423,0.94403,0.94455,1.00,1.37
2015.07.29 21:56:07.994,0.94405,0.9446,1.00,1.37
2015.07.29 21:56:08.580,0.94406,0.94461,1.00,1.37
2015.07.29 21:56:09.045,0.94407,0.94464,1.00,1.37
2015.07.29 21:56:09.197,0.94405,0.9446,1.00,1.00
2015.07.29 21:56:09.499,0.94408,0.94464,1.00,1.37
2015.07.29 21:56:10.187,0.94408,0.94464,1.00,1.37
2015.07.29 21:56:10.692,0.94409,0.94465,1.00,1.37
2015.07.29 21:56:11.193,0.94409,0.94464,1.00,1.37
2015.07.29 21:56:11.395,0.94405,0.94461,1.00,1.00
2015.07.29 21:56:11.496,0.94408,0.94463,1.00,1.87
2015.07.29 21:56:11.799,0.94405,0.94458,1.00,1.00
2015.07.29 21:56:12.410,0.94407,0.94461,1.00,1.00
2015.07.29 21:56:12.511,0.94405,0.94458,1.00,1.00
2015.07.29 21:56:12.969,0.94403,0.94459,1.00,1.00
2015.07.29 21:56:13.171,0.94405,0.94458,1.00,1.00
2015.07.29 21:56:13.774,0.94405,0.94458,1.00,1.37
2015.07.29 21:56:14.027,0.94407,0.94462,1.00,1.00
2015.07.29 21:56:15.122,0.94406,0.94461,1.00,1.00
2015.07.29 21:56:15.377,0.94404,0.94458,1.00,1.00
2015.07.29 21:56:15.902,0.94404,0.94457,1.00,1.00
2015.07.29 21:56:16.205,0.94407,0.94461,1.00,1.37
2015.07.29 21:56:16.306,0.94408,0.94461,1.00,1.00
2015.07.29 21:56:16.458,0.94403,0.94458,1.00,1.00
2015.07.29 21:56:16.911,0.94406,0.94461,1.00,1.00
2015.07.29 21:56:17.012,0.94404,0.94461,1.00,1.00
2015.07.29 21:56:17.113,0.94408,0.94462,1.00,1.12
2015.07.29 21:56:17.467,0.94406,0.94461,1.00,1.00
2015.07.29 21:56:17.898,0.94404,0.94458,1.00,1.00
2015.07.29 21:56:18.256,0.94408,0.94463,1.00,1.37
2015.07.29 21:56:18.357,0.94406,0.94461,1.00,1.00
2015.07.29 21:56:18.705,0.94404,0.94458,1.00,1.00
2015.07.29 21:56:18.806,0.94407,0.94462,1.00,1.12
2015.07.29 21:56:18.907,0.94403,0.94459,1.00,1.00
2015.07.29 21:56:19.987,0.94406,0.94462,1.00,1.87
2015.07.29 21:56:20.567,0.94404,0.94457,1.00,1.00
2015.07.29 21:56:21.084,0.94404,0.94458,1.00,1.12
2015.07.29 21:56:21.387,0.94408,0.94462,1.00,1.87
2015.07.29 21:56:21.438,0.94406,0.94461,1.00,1.00
2015.07.29 21:56:21.539,0.94404,0.94457,1.00,1.00
2015.07.29 21:56:21.993,0.94401,0.94459,1.00,1.00
2015.07.29 21:56:22.144,0.94401,0.94459,1.00,1.37
2015.07.29 21:56:23.097,0.94403,0.94457,1.00,1.12
2015.07.29 21:56:23.694,0.94404,0.94458,1.00,1.37
2015.07.29 21:56:24.314,0.94406,0.94462,1.00,1.87
2015.07.29 21:56:24.365,0.94406,0.94462,1.00,1.12
2015.07.29 21:56:24.617,0.94403,0.94457,1.00,1.00
2015.07.29 21:56:24.928,0.94407,0.9446,1.00,1.00
2015.07.29 21:56:25.031,0.94403,0.94457,1.00,1.00
2015.07.29 21:56:25.939,0.94404,0.9446,1.00,1.00
2015.07.29 21:56:26.141,0.94403,0.94457,1.00,1.00
2015.07.29 21:56:26.715,0.94402,0.94457,1.00,1.00
2015.07.29 21:56:28.421,0.94403,0.94457,1.00,1.00
2015.07.29 21:56:28.724,0.94405,0.94459,1.00,1.00
2015.07.29 21:56:29.023,0.94407,0.94463,1.00,1.37
2015.07.29 21:56:29.124,0.94403,0.94459,1.00,1.00
2015.07.29 21:56:29.226,0.94408,0.94462,1.00,1.00
2015.07.29 21:56:29.654,0.94407,0.94462,1.00,1.37
2015.07.29 21:56:30.202,0.94407,0.94461,1.00,1.37
2015.07.29 21:56:30.304,0.94407,0.94461,1.00,1.00
2015.07.29 21:56:31.115,0.94404,0.94458,1.00,1.00
2015.07.29 21:56:31.471,0.94407,0.9446,1.00,1.37
2015.07.29 21:56:31.572,0.94403,0.94458,1.00,1.12
2015.07.29 21:56:32.079,0.94403,0.94458,1.00,1.37
2015.07.29 21:56:33.847,0.94406,0.94461,1.00,1.37
2015.07.29 21:56:33.897,0.94406,0.94461,1.00,1.00
2015.07.29 21:56:34.099,0.94403,0.94458,1.00,1.00
2015.07.29 21:56:34.402,0.94403,0.94456,1.00,1.00
2015.07.29 21:56:34.708,0.94406,0.94459,1.00,1.00
2015.07.29 21:56:34.859,0.94403,0.94458,1.00,1.00
2015.07.29 21:56:34.961,0.94408,0.94461,1.00,1.00
2015.07.29 21:56:35.403,0.94404,0.94458,1.00,1.00
2015.07.29 21:56:35.504,0.94406,0.94459,1.00,1.00
2015.07.29 21:56:35.605,0.94406,0.94461,1.00,1.00
2015.07.29 21:56:35.706,0.94403,0.94458,1.00,1.00
2015.07.29 21:56:36.059,0.94406,0.94461,1.00,1.00
2015.07.29 21:56:36.362,0.94403,0.94458,1.00,1.12
2015.07.29 21:56:37.018,0.94402,0.94456,1.00,1.00
2015.07.29 21:56:37.069,0.94403,0.94458,1.00,1.00
2015.07.29 21:56:37.606,0.94402,0.94457,1.00,1.12
2015.07.29 21:56:39.672,0.94404,0.9446,1.00,1.37
2015.07.29 21:56:39.722,0.94404,0.9446,1.00,1.00
2015.07.29 21:56:39.773,0.94402,0.94457,1.50,1.00
2015.07.29 21:56:40.023,0.944,0.94456,1.00,1.00
2015.07.29 21:56:41.891,0.94405,0.94458,1.00,1.37
2015.07.29 21:56:41.992,0.94406,0.94459,1.00,1.00
2015.07.29 21:56:42.093,0.94403,0.94455,1.00,1.00
2015.07.29 21:56:42.345,0.94404,0.9446,1.00,1.00
2015.07.29 21:56:42.446,0.94403,0.94456,1.00,1.00
2015.07.29 21:56:42.748,0.94401,0.94455,1.00,1.00
2015.07.29 21:56:42.900,0.94403,0.94459,1.00,1.37
2015.07.29 21:56:43.435,0.94399,0.94456,1.00,1.00
2015.07.29 21:56:44.092,0.94405,0.9446,1.00,1.00
2015.07.29 21:56:44.193,0.944,0.94456,2.25,1.00
2015.07.29 21:56:44.294,0.94403,0.94455,1.00,1.00
2015.07.29 21:56:44.395,0.94402,0.94457,1.00,1.00
2015.07.29 21:56:44.547,0.94404,0.94461,1.00,1.00
2015.07.29 21:56:44.748,0.94403,0.94457,1.00,1.00
2015.07.29 21:56:45.320,0.94404,0.94461,1.00,1.37
2015.07.29 21:56:45.422,0.94402,0.94457,1.00,1.12
2015.07.29 21:56:45.937,0.94401,0.94457,1.00,1.12
2015.07.29 21:56:46.301,0.94404,0.94458,1.00,1.37
2015.07.29 21:56:46.808,0.94403,0.94457,1.00,1.00
2015.07.29 21:56:47.348,0.94402,0.94456,1.00,1.00
2015.07.29 21:56:47.504,0.94404,0.94461,1.00,1.00
2015.07.29 21:56:47.614,0.94403,0.94458,1.00,1.00
2015.07.29 21:56:47.715,0.94401,0.94457,1.00,1.00
2015.07.29 21:56:48.263,0.94401,0.94458,1.00,1.12
2015.07.29 21:56:48.607,0.94404,0.94461,1.00,1.37
2015.07.29 21:56:48.659,0.94404,0.94461,1.00,1.00
2015.07.29 21:56:48.709,0.94407,0.9446,1.00,1.00
2015.07.29 21:56:48.811,0.94403,0.94457,1.00,1.00
2015.07.29 21:56:49.184,0.94401,0.94457,1.00,1.00
2015.07.29 21:56:49.360,0.94404,0.94458,1.00,1.37
2015.07.29 21:56:49.713,0.94402,0.94456,1.00,1.00
2015.07.29 21:56:50.015,0.94399,0.94456,1.00,1.00
2015.07.29 21:56:50.267,0.94402,0.94456,1.00,1.00
2015.07.29 21:56:50.598,0.944,0.94455,1.00,1.00
2015.07.29 21:56:50.699,0.94403,0.94459,1.00,1.00
2015.07.29 21:56:50.815,0.94405,0.9446,1.00,1.00
2015.07.29 21:56:51.117,0.94402,0.94456,1.00,1.00
2015.07.29 21:56:51.369,0.944,0.94455,1.00,1.00
2015.07.29 21:56:51.471,0.94403,0.94457,1.00,1.12
2015.07.29 21:56:51.572,0.944,0.94455,1.00,1.00
2015.07.29 21:56:51.673,0.94402,0.94458,1.00,1.37
2015.07.29 21:56:51.774,0.94399,0.94456,1.00,1.00
2015.07.29 21:56:52.636,0.94401,0.94457,1.00,1.00
2015.07.29 21:56:52.964,0.944,0.94455,1.00,1.00
2015.07.29 21:56:53.851,0.94402,0.94456,1.00,1.00
2015.07.29 21:56:54.071,0.94399,0.94457,1.00,1.87
2015.07.29 21:56:54.512,0.94403,0.94457,1.00,1.87
2015.07.29 21:56:54.778,0.944,0.94455,1.00,1.00
2015.07.29 21:56:55.171,0.94398,0.94452,1.12,1.00
2015.07.29 21:56:55.707,0.94398,0.94455,1.12,1.00
2015.07.29 21:56:56.265,0.94397,0.94456,1.12,1.00
2015.07.29 21:56:56.539,0.94401,0.94457,1.00,1.87
2015.07.29 21:56:56.933,0.94399,0.94453,1.00,1.00
2015.07.29 21:56:57.186,0.94402,0.94457,1.00,1.12
2015.07.29 21:56:57.287,0.94398,0.94454,1.00,1.00
2015.07.29 21:56:57.919,0.94399,0.94454,1.00,1.00
2015.07.29 21:56:58.430,0.94398,0.94454,1.12,1.00
2015.07.29 21:56:58.480,0.94402,0.94457,1.00,1.87
2015.07.29 21:56:58.787,0.94399,0.94453,1.00,1.00
2015.07.29 21:56:59.037,0.94398,0.94455,1.00,1.00
2015.07.29 21:56:59.138,0.94398,0.94455,1.00,1.37
2015.07.29 21:56:59.608,0.94399,0.94456,1.00,1.00
2015.07.29 21:56:59.708,0.94399,0.94452,1.00,1.00
2015.07.29 21:57:00.163,0.94399,0.94454,1.00,1.00
2015.07.29 21:57:01.771,0.944,0.94455,1.00,1.00
2015.07.29 21:57:02.332,0.94391,0.94451,1.00,1.37
2015.07.29 21:57:02.669,0.94387,0.94447,1.00,1.37
2015.07.29 21:57:03.016,0.94391,0.94447,1.00,1.37
2015.07.29 21:57:03.117,0.94387,0.94447,1.00,1.37
2015.07.29 21:57:03.168,0.94387,0.94448,1.37,1.00
2015.07.29 21:57:03.471,0.94385,0.94445,1.37,1.00
2015.07.29 21:57:03.572,0.94385,0.94445,1.00,1.00
2015.07.29 21:57:03.673,0.94387,0.94446,1.00,1.00
2015.07.29 21:57:04.071,0.94389,0.94446,1.00,1.00
2015.07.29 21:57:04.374,0.94394,0.94445,1.37,1.00
2015.07.29 21:57:04.475,0.94379,0.94433,1.00,1.00
2015.07.29 21:57:04.526,0.94377,0.9443,1.12,1.00
2015.07.29 21:57:04.576,0.94371,0.9443,1.00,1.00
2015.07.29 21:57:04.678,0.9437,0.94427,1.00,1.00
2015.07.29 21:57:05.001,0.94365,0.94427,1.00,1.87
2015.07.29 21:57:05.102,0.94361,0.94423,1.00,1.37
2015.07.29 21:57:05.203,0.94358,0.94421,1.12,1.00
2015.07.29 21:57:05.454,0.94358,0.94414,1.12,1.00
2015.07.29 21:57:05.799,0.94353,0.94409,1.00,1.37
2015.07.29 21:57:06.054,0.94358,0.94415,1.00,1.37
2015.07.29 21:57:06.104,0.94361,0.94418,1.00,1.87
2015.07.29 21:57:06.256,0.94365,0.94425,1.00,1.00
2015.07.29 21:57:06.407,0.94371,0.94427,1.00,1.12
2015.07.29 21:57:06.709,0.94377,0.9443,1.00,1.00
2015.07.29 21:57:06.760,0.94374,0.94431,1.00,1.00
2015.07.29 21:57:07.107,0.94374,0.94431,1.00,1.37
2015.07.29 21:57:07.680,0.94375,0.94429,1.00,1.00
2015.07.29 21:57:08.008,0.94374,0.94429,1.00,1.37
2015.07.29 21:57:08.638,0.94373,0.9443,1.00,1.00
2015.07.29 21:57:08.739,0.94376,0.9443,1.00,1.00
2015.07.29 21:57:09.256,0.94377,0.94431,1.00,1.00
2015.07.29 21:57:09.796,0.94378,0.94431,1.00,1.50
2015.07.29 21:57:09.952,0.94376,0.94431,1.00,1.00
2015.07.29 21:57:11.465,0.94378,0.94431,1.00,1.00
2015.07.29 21:57:11.768,0.94416,0.94434,1.00,1.00
2015.07.29 21:57:11.818,0.94416,0.94461,1.00,2.25
2015.07.29 21:57:11.924,0.94409,0.94441,1.00,1.00
2015.07.29 21:57:12.025,0.94407,0.9444,1.00,1.00
2015.07.29 21:57:12.126,0.94409,0.9444,1.00,1.00
2015.07.29 21:57:12.564,0.94408,0.94445,1.00,1.00
2015.07.29 21:57:12.667,0.94403,0.94445,1.00,1.00
2015.07.29 21:57:12.819,0.94403,0.9446,1.00,1.00
2015.07.29 21:57:13.322,0.94411,0.9446,1.00,1.00
2015.07.29 21:57:13.373,0.94411,0.94465,1.00,1.50
2015.07.29 21:57:13.474,0.94414,0.94465,1.00,1.50
2015.07.29 21:57:13.777,0.94416,0.94464,1.00,1.00
2015.07.29 21:57:14.197,0.94425,0.94465,1.00,1.50
2015.07.29 21:57:16.208,0.9442,0.94465,1.00,1.50
2015.07.29 21:57:16.664,0.94418,0.94465,1.00,1.00
2015.07.29 21:57:22.146,0.94414,0.94451,1.00,1.00
2015.07.29 21:57:22.348,0.9441,0.9445,1.00,1.00
2015.07.29 21:57:22.921,0.94409,0.9445,1.00,1.00
2015.07.29 21:57:27.531,0.94405,0.9445,1.00,1.00
2015.07.29 21:57:27.738,0.94403,0.9445,1.00,1.00
2015.07.29 21:57:31.931,0.94405,0.9445,1.00,1.00
2015.07.29 21:57:34.028,0.94404,0.9445,1.00,1.00
2015.07.29 21:57:34.472,0.94407,0.9445,1.00,1.00
2015.07.29 21:57:34.884,0.94404,0.9445,1.00,1.00
2015.07.29 21:57:35.036,0.94401,0.9445,1.00,1.00
2015.07.29 21:57:35.137,0.94395,0.9445,1.37,1.00
2015.07.29 21:57:36.044,0.94394,0.94451,1.00,1.00
2015.07.29 21:57:36.580,0.94393,0.94451,1.00,1.50
2015.07.29 21:57:38.563,0.94393,0.94451,1.87,1.50
2015.07.29 21:57:39.076,0.94393,0.94451,1.87,1.50
2015.07.29 21:57:39.621,0.94393,0.94451,1.87,1.50
2015.07.29 21:57:40.199,0.94393,0.94451,2.62,1.50
2015.07.29 21:57:40.759,0.94394,0.94451,1.37,1.50
2015.07.29 21:57:41.687,0.94394,0.94451,1.37,1.50
2015.07.29 21:57:42.813,0.94393,0.94451,1.87,1.50
2015.07.29 21:57:43.500,0.94393,0.94451,1.87,1.50
2015.07.29 21:57:44.305,0.94393,0.94451,1.87,1.50
2015.07.29 21:57:44.979,0.94393,0.94451,1.87,1.50
2015.07.29 21:57:46.011,0.94393,0.94451,1.87,1.50
2015.07.29 21:57:46.513,0.94393,0.9445,1.37,1.00
2015.07.29 21:57:47.715,0.94393,0.9445,1.37,1.00
2015.07.29 21:57:48.419,0.94393,0.9445,1.37,1.00
2015.07.29 21:57:50.625,0.94393,0.9445,1.37,1.00
2015.07.29 21:57:51.870,0.94394,0.9445,1.37,1.00
2015.07.29 21:57:53.333,0.94394,0.9445,1.00,1.00
2015.07.29 21:57:56.117,0.94392,0.94442,1.00,1.00
2015.07.29 21:57:56.269,0.94383,0.94442,1.00,1.00
2015.07.29 21:57:56.320,0.94383,0.9444,1.00,1.00
2015.07.29 21:57:56.645,0.94377,0.94437,1.00,1.37
2015.07.29 21:57:57.037,0.94379,0.94437,1.00,1.37
2015.07.29 21:57:57.551,0.94378,0.94437,1.00,1.37
2015.07.29 21:57:59.653,0.94378,0.94438,1.00,1.37
2015.07.29 21:58:01.361,0.94378,0.94437,1.00,1.37
2015.07.29 21:58:02.863,0.94378,0.94438,1.00,1.37
2015.07.29 21:58:03.395,0.9438,0.94438,1.00,1.37
2015.07.29 21:58:05.397,0.94378,0.94438,1.00,1.37
2015.07.29 21:58:06.187,0.94379,0.94438,1.00,1.37
2015.07.29 21:58:07.174,0.94379,0.94437,1.00,1.37
2015.07.29 21:58:07.710,0.94379,0.94438,1.00,1.37
2015.07.29 21:58:08.230,0.94378,0.94437,1.00,1.37
2015.07.29 21:58:08.381,0.94379,0.94437,1.00,1.12
2015.07.29 21:58:09.169,0.94379,0.94438,1.00,1.12
2015.07.29 21:58:10.785,0.94379,0.94437,1.00,1.12
2015.07.29 21:58:11.688,0.94379,0.94438,1.00,1.12
2015.07.29 21:58:12.189,0.94379,0.94441,1.00,1.37
2015.07.29 21:58:12.692,0.9438,0.94441,1.00,1.37
2015.07.29 21:58:13.400,0.9438,0.94441,1.00,1.37
2015.07.29 21:58:14.060,0.9438,0.94441,1.00,1.37
2015.07.29 21:58:14.596,0.9438,0.94441,1.00,1.37
2015.07.29 21:58:14.997,0.9438,0.94441,1.00,1.00
2015.07.29 21:58:15.942,0.94379,0.94441,1.00,1.00
2015.07.29 21:58:23.110,0.94378,0.94441,1.50,1.00
2015.07.29 21:58:25.701,0.9438,0.94441,1.00,1.00
2015.07.29 21:58:27.255,0.9438,0.94442,1.00,1.87
2015.07.29 21:58:27.776,0.9438,0.94441,1.00,1.00
2015.07.29 21:58:27.827,0.94378,0.94441,1.00,1.00
2015.07.29 21:58:29.458,0.94376,0.94441,1.00,1.00
2015.07.29 21:58:29.962,0.9438,0.94441,1.00,1.00
2015.07.29 21:58:31.980,0.94376,0.94441,1.50,1.50
2015.07.29 21:58:32.483,0.94377,0.94441,1.00,1.50
2015.07.29 21:58:37.879,0.94376,0.94441,1.00,1.50
2015.07.29 21:58:37.930,0.94376,0.94441,1.00,1.87
2015.07.29 21:58:38.243,0.94378,0.94441,1.00,1.87
2015.07.29 21:58:39.016,0.94381,0.94447,1.50,1.87
2015.07.29 21:58:39.528,0.94382,0.94447,1.00,2.62
2015.07.29 21:58:40.989,0.94383,0.94447,1.00,2.62
2015.07.29 21:58:42.540,0.94388,0.94447,1.00,1.50
2015.07.29 21:58:42.849,0.94393,0.94447,1.00,1.00
2015.07.29 21:58:42.910,0.94393,0.94453,1.87,1.12
2015.07.29 21:58:42.961,0.94393,0.94458,1.87,1.00
2015.07.29 21:58:43.469,0.94395,0.94458,1.37,1.00
2015.07.29 21:58:45.236,0.94398,0.94457,1.12,1.12
2015.07.29 21:58:46.125,0.94398,0.94458,1.00,1.87
2015.07.29 21:58:47.337,0.94398,0.94457,1.12,1.12
2015.07.29 21:58:47.841,0.94398,0.94458,1.00,1.87
2015.07.29 21:58:50.126,0.94398,0.94457,1.12,1.12
2015.07.29 21:58:50.738,0.94398,0.94458,1.00,1.87
2015.07.29 21:58:51.345,0.94398,0.94457,1.12,1.12
2015.07.29 21:58:51.996,0.94398,0.94458,1.00,1.87
2015.07.29 21:58:52.726,0.94396,0.94458,1.37,1.87
2015.07.29 21:58:53.349,0.94396,0.94457,1.37,1.12
2015.07.29 21:58:55.422,0.94396,0.94458,1.37,1.87
2015.07.29 21:58:55.984,0.94395,0.94457,1.37,1.12
2015.07.29 21:58:56.578,0.94396,0.94458,1.37,1.87
2015.07.29 21:58:57.306,0.94396,0.94457,1.37,1.12
2015.07.29 21:58:58.023,0.94396,0.94458,1.00,1.37
2015.07.29 21:58:58.175,0.94388,0.94447,1.00,1.50
2015.07.29 21:58:58.427,0.94389,0.94453,1.00,1.12
2015.07.29 21:58:59.020,0.94389,0.94454,1.50,1.87
2015.07.29 21:59:00.889,0.94389,0.94454,1.50,1.87
2015.07.29 21:59:01.119,0.94389,0.94448,1.50,1.00
2015.07.29 21:59:01.293,0.94383,0.94443,1.12,1.00
2015.07.29 21:59:01.444,0.94383,0.94438,1.00,1.00
2015.07.29 21:59:01.746,0.9438,0.94436,1.00,1.00
2015.07.29 21:59:01.847,0.9438,0.9444,1.00,1.00
2015.07.29 21:59:02.591,0.94381,0.94441,0.75,0.75
2015.07.29 21:59:03.119,0.94381,0.9444,0.75,0.75
2015.07.29 21:59:03.318,0.9439,0.94441,0.75,1.50
2015.07.29 21:59:03.479,0.94394,0.94447,0.75,0.75
2015.07.29 21:59:03.530,0.94396,0.94447,0.75,1.12
2015.07.29 21:59:04.118,0.94396,0.94448,0.75,1.87
2015.07.29 21:59:05.256,0.94396,0.94447,0.75,1.12
2015.07.29 21:59:05.925,0.94396,0.94448,0.75,1.12
2015.07.29 21:59:07.578,0.94396,0.94447,0.75,1.12
2015.07.29 21:59:08.029,0.94395,0.94445,0.75,0.75
2015.07.29 21:59:08.467,0.94393,0.94445,0.75,0.75
2015.07.29 21:59:08.580,0.94393,0.94447,0.75,1.87
2015.07.29 21:59:09.269,0.94393,0.94448,0.75,2.62
2015.07.29 21:59:09.854,0.94393,0.94447,0.75,1.12
2015.07.29 21:59:10.148,0.94393,0.94445,0.75,0.75
2015.07.29 21:59:10.450,0.94396,0.94445,0.75,0.75
2015.07.29 21:59:12.528,0.94397,0.94445,0.75,0.75
2015.07.29 21:59:12.578,0.94397,0.94447,0.75,1.87
2015.07.29 21:59:13.083,0.94398,0.94447,0.75,1.12
2015.07.29 21:59:13.931,0.94404,0.94448,0.75,0.75
2015.07.29 21:59:13.982,0.94404,0.9446,0.75,0.75
2015.07.29 21:59:14.551,0.94403,0.94457,0.75,0.75
2015.07.29 21:59:16.168,0.94402,0.94456,0.75,0.75
2015.07.29 21:59:16.683,0.94402,0.94457,0.75,1.12
2015.07.29 21:59:18.744,0.94402,0.94458,0.75,1.87
2015.07.29 21:59:19.354,0.94402,0.94457,0.75,1.12
2015.07.29 21:59:19.866,0.94401,0.94457,0.75,1.12
2015.07.29 21:59:20.287,0.94404,0.94457,0.75,1.12
2015.07.29 21:59:20.713,0.94401,0.94457,0.75,1.50
2015.07.29 21:59:23.675,0.94404,0.9445,0.75,0.75
2015.07.29 21:59:23.890,0.944,0.94447,0.75,0.75
2015.07.29 21:59:23.993,0.944,0.94442,0.75,0.37
2015.07.29 21:59:24.873,0.94398,0.94442,0.75,1.12
2015.07.29 21:59:25.308,0.944,0.94447,0.75,1.12
2015.07.29 21:59:26.214,0.944,0.94448,0.75,2.62
2015.07.29 21:59:26.759,0.94402,0.94447,0.75,0.37
2015.07.29 21:59:27.158,0.944,0.94448,0.75,1.12
2015.07.29 21:59:28.109,0.944,0.94447,0.75,0.37
2015.07.29 21:59:28.683,0.944,0.94448,0.75,0.75
2015.07.29 21:59:28.986,0.94399,0.94451,0.75,0.75
2015.07.29 21:59:29.086,0.944,0.94453,0.75,0.75
2015.07.29 21:59:29.187,0.94403,0.94453,0.75,0.75
2015.07.29 21:59:30.710,0.94403,0.94454,0.75,0.75
2015.07.29 21:59:31.031,0.94403,0.94451,0.75,0.75
2015.07.29 21:59:31.132,0.94403,0.94453,0.75,0.37
2015.07.29 21:59:31.434,0.94403,0.94451,0.75,0.75
2015.07.29 21:59:31.535,0.94403,0.94453,0.75,0.37
2015.07.29 21:59:31.931,0.94402,0.94456,0.75,0.75
2015.07.29 21:59:33.191,0.94402,0.94452,0.75,0.75
2015.07.29 21:59:33.539,0.94403,0.94449,0.75,0.75
2015.07.29 21:59:33.791,0.94403,0.94452,0.75,1.12
2015.07.29 21:59:34.329,0.94403,0.94453,0.75,0.37
2015.07.29 21:59:34.430,0.94403,0.94457,0.75,1.12
2015.07.29 21:59:35.695,0.94403,0.9445,0.75,0.75
2015.07.29 21:59:35.996,0.94403,0.94447,0.75,0.75
2015.07.29 21:59:36.336,0.94403,0.94452,0.75,0.37
2015.07.29 21:59:36.798,0.94404,0.94456,0.75,0.75
2015.07.29 21:59:38.300,0.94404,0.94453,0.75,0.75
2015.07.29 21:59:38.644,0.94403,0.94449,0.75,0.75
2015.07.29 21:59:38.846,0.94403,0.94452,0.75,0.37
2015.07.29 21:59:39.388,0.94403,0.94456,0.75,0.75
2015.07.29 21:59:39.998,0.94403,0.94455,0.75,0.75
2015.07.29 21:59:40.812,0.94403,0.94457,0.75,1.12
2015.07.29 21:59:41.458,0.94404,0.94457,0.75,1.12
2015.07.29 21:59:42.043,0.94404,0.94458,0.75,2.62
2015.07.29 21:59:42.618,0.94417,0.94458,0.75,1.12
2015.07.29 21:59:42.719,0.94417,0.94462,0.75,1.12
2015.07.29 21:59:42.820,0.94419,0.94463,0.75,1.12
2015.07.29 21:59:42.888,0.94416,0.94463,0.75,1.12
2015.07.29 21:59:43.342,0.94416,0.94467,0.75,1.12
2015.07.29 21:59:43.857,0.94416,0.94465,0.75,0.75
2015.07.29 21:59:44.402,0.94416,0.94464,0.75,0.75
2015.07.29 21:59:44.730,0.94416,0.94462,0.75,0.75
2015.07.29 21:59:45.648,0.94416,0.94463,0.75,0.75
2015.07.29 21:59:45.949,0.94416,0.9446,0.75,0.75
2015.07.29 21:59:46.589,0.94417,0.94461,0.75,1.50
2015.07.29 21:59:47.469,0.94417,0.9446,0.75,0.75
2015.07.29 21:59:48.078,0.94417,0.94461,0.75,0.75
2015.07.29 21:59:49.624,0.94417,0.94462,0.75,1.50
2015.07.29 21:59:50.273,0.94417,0.94463,0.75,0.75
2015.07.29 21:59:50.940,0.94417,0.94464,0.75,0.75
2015.07.29 21:59:51.529,0.94417,0.94463,0.75,0.75
2015.07.29 21:59:52.237,0.94417,0.94461,0.75,0.75
2015.07.29 21:59:54.369,0.94417,0.94462,0.75,0.75
2015.07.29 21:59:55.027,0.94417,0.94463,0.75,1.50
2015.07.29 21:59:55.488,0.94418,0.94468,0.75,0.37
2015.07.29 21:59:55.888,0.94419,0.94471,0.75,0.75
2015.07.29 21:59:56.691,0.94419,0.94467,0.75,0.37
2015.07.29 21:59:56.893,0.94417,0.94467,0.75,0.37
2015.07.29 21:59:57.106,0.94419,0.94468,0.75,0.37
2015.07.29 21:59:57.451,0.94417,0.94467,0.75,0.37
2015.07.29 21:59:57.956,0.94418,0.94467,0.75,0.37
2015.07.29 21:59:58.467,0.94418,0.94468,0.75,0.37
2015.07.29 21:59:58.998,0.94418,0.94467,0.75,0.37
