2015.08.14 16:00:00.148,0.96428,0.96452,1.75,1.75
2015.08.14 16:00:00.249,0.96428,0.96452,1.12,1.75
2015.08.14 16:00:00.503,0.96428,0.9645,1.00,1.75
2015.08.14 16:00:00.959,0.96428,0.96452,1.50,1.50
2015.08.14 16:00:01.553,0.96428,0.96452,1.50,1.50
2015.08.14 16:00:03.131,0.96429,0.96453,1.12,1.75
2015.08.14 16:00:03.182,0.96429,0.96453,1.50,1.75
2015.08.14 16:00:03.484,0.9643,0.96452,1.00,1.00
2015.08.14 16:00:03.838,0.96426,0.96456,1.75,1.75
2015.08.14 16:00:04.358,0.96426,0.96453,1.75,1.75
2015.08.14 16:00:04.766,0.96423,0.96451,1.75,1.75
2015.08.14 16:00:08.830,0.96423,0.96451,1.75,1.75
2015.08.14 16:00:08.881,0.96424,0.96446,1.00,1.00
2015.08.14 16:00:09.445,0.96424,0.96453,2.25,1.75
2015.08.14 16:00:09.495,0.96424,0.96452,2.25,1.75
2015.08.14 16:00:10.488,0.96429,0.96456,1.00,3.00
2015.08.14 16:00:10.689,0.96429,0.96454,1.75,1.50
2015.08.14 16:00:10.944,0.96431,0.96458,1.50,1.75
2015.08.14 16:00:10.995,0.96431,0.96458,1.75,1.75
2015.08.14 16:00:13.755,0.96433,0.96458,1.75,1.37
2015.08.14 16:00:14.035,0.9643,0.96454,1.00,1.50
2015.08.14 16:00:14.086,0.96425,0.96454,2.25,1.50
2015.08.14 16:00:14.389,0.96422,0.9645,1.75,1.75
2015.08.14 16:00:14.691,0.96423,0.9645,1.75,1.75
2015.08.14 16:00:15.210,0.96427,0.96449,1.00,1.00
2015.08.14 16:00:15.260,0.96425,0.96452,1.75,1.37
2015.08.14 16:00:15.311,0.96426,0.96452,2.25,1.00
2015.08.14 16:00:15.715,0.9643,0.96457,1.75,1.75
2015.08.14 16:00:16.874,0.96433,0.96457,1.12,1.75
2015.08.14 16:00:19.575,0.96429,0.96455,1.50,1.75
2015.08.14 16:00:19.776,0.9643,0.96457,1.75,1.75
2015.08.14 16:00:20.875,0.96431,0.96453,1.00,1.00
2015.08.14 16:00:23.057,0.96429,0.96455,1.37,1.75
2015.08.14 16:00:23.108,0.96429,0.96455,1.37,1.75
2015.08.14 16:00:23.209,0.96431,0.96453,1.00,1.00
2015.08.14 16:00:24.900,0.9643,0.9645,1.00,1.00
2015.08.14 16:00:25.405,0.9643,0.96458,1.37,2.25
2015.08.14 16:00:26.902,0.9643,0.96457,1.75,1.75
2015.08.14 16:00:29.702,0.96433,0.96459,1.50,1.75
2015.08.14 16:00:30.710,0.96432,0.96461,1.75,1.75
2015.08.14 16:00:34.201,0.96433,0.9646,1.75,1.75
2015.08.14 16:00:35.805,0.96433,0.96459,1.50,1.75
2015.08.14 16:00:36.108,0.96428,0.96457,1.75,1.75
2015.08.14 16:00:42.129,0.96428,0.96454,1.50,1.75
2015.08.14 16:00:42.431,0.96428,0.96453,1.00,3.00
2015.08.14 16:00:42.978,0.96424,0.9645,1.75,1.75
2015.08.14 16:00:43.282,0.96424,0.96449,1.50,1.75
2015.08.14 16:00:44.839,0.96424,0.96449,1.75,1.75
2015.08.14 16:00:45.794,0.96423,0.9645,1.75,1.35
2015.08.14 16:00:45.845,0.96423,0.9645,1.75,1.35
2015.08.14 16:00:56.348,0.96429,0.96449,1.00,1.75
2015.08.14 16:00:57.336,0.96424,0.96449,1.50,1.75
2015.08.14 16:01:00.959,0.96424,0.96449,1.12,1.75
2015.08.14 16:01:02.315,0.96429,0.96445,1.00,1.50
2015.08.14 16:01:02.416,0.96424,0.96445,1.12,1.50
2015.08.14 16:01:03.468,0.96424,0.96445,1.00,1.75
2015.08.14 16:01:03.620,0.96421,0.96448,1.50,1.75
2015.08.14 16:01:03.671,0.96421,0.96448,1.50,1.75
2015.08.14 16:01:03.772,0.96422,0.96449,1.75,1.75
2015.08.14 16:01:03.873,0.96423,0.96449,1.50,1.75
2015.08.14 16:01:04.422,0.96424,0.96445,1.00,1.75
2015.08.14 16:01:11.659,0.96418,0.96444,1.75,1.75
2015.08.14 16:01:12.573,0.96418,0.96442,1.37,1.75
2015.08.14 16:01:14.298,0.96418,0.9644,1.00,1.37
2015.08.14 16:01:15.804,0.96414,0.96441,1.75,1.75
2015.08.14 16:01:21.547,0.96418,0.9644,1.00,1.75
2015.08.14 16:01:23.060,0.96419,0.9644,1.00,1.75
2015.08.14 16:01:23.615,0.96419,0.9644,1.00,1.75
2015.08.14 16:01:26.070,0.96414,0.96436,1.50,1.00
2015.08.14 16:01:26.392,0.96418,0.96436,1.00,1.00
2015.08.14 16:01:26.771,0.96418,0.96439,1.00,1.00
2015.08.14 16:01:26.822,0.96418,0.96446,1.37,3.00
2015.08.14 16:01:27.024,0.96418,0.96444,1.75,1.75
2015.08.14 16:01:27.075,0.96418,0.96444,1.75,1.50
2015.08.14 16:01:27.276,0.96424,0.96446,1.00,1.75
2015.08.14 16:01:27.428,0.9642,0.9645,1.75,1.75
2015.08.14 16:01:27.634,0.96424,0.9645,1.75,1.50
2015.08.14 16:01:27.936,0.96428,0.96455,2.25,1.75
2015.08.14 16:01:28.088,0.96429,0.96456,1.75,1.75
2015.08.14 16:01:38.704,0.96428,0.96453,1.75,1.00
2015.08.14 16:01:39.135,0.9643,0.96452,1.00,1.00
2015.08.14 16:01:41.531,0.96434,0.96452,1.00,1.00
2015.08.14 16:01:41.582,0.9643,0.96452,1.00,1.00
2015.08.14 16:01:55.393,0.96429,0.96455,1.75,1.75
2015.08.14 16:01:55.898,0.96429,0.96456,1.75,1.75
2015.08.14 16:02:01.989,0.96429,0.96455,1.50,1.75
2015.08.14 16:02:02.040,0.96429,0.96451,1.50,1.00
2015.08.14 16:02:05.670,0.96429,0.96454,1.50,1.75
2015.08.14 16:02:05.723,0.96431,0.96453,1.00,1.00
2015.08.14 16:02:06.227,0.96432,0.96453,1.00,1.00
2015.08.14 16:02:06.429,0.96433,0.96455,1.50,1.00
2015.08.14 16:02:15.250,0.96434,0.96455,1.00,1.00
2015.08.14 16:02:15.888,0.96438,0.96455,1.00,1.00
2015.08.14 16:02:16.090,0.96433,0.96455,1.50,1.00
2015.08.14 16:02:23.570,0.96434,0.96455,1.00,1.00
2015.08.14 16:02:28.289,0.96433,0.96455,1.50,1.00
2015.08.14 16:02:36.145,0.96434,0.96455,1.00,1.00
2015.08.14 16:02:38.215,0.96433,0.96455,1.50,1.00
2015.08.14 16:02:38.819,0.96433,0.96457,1.12,1.75
2015.08.14 16:02:42.637,0.96431,0.96459,1.50,2.25
2015.08.14 16:02:42.949,0.96429,0.96453,1.75,1.50
2015.08.14 16:02:43.050,0.96428,0.96455,1.00,3.00
2015.08.14 16:02:43.201,0.96426,0.96455,1.75,1.75
2015.08.14 16:02:43.811,0.96431,0.96458,1.00,3.00
2015.08.14 16:02:44.120,0.96431,0.96461,1.75,1.75
2015.08.14 16:02:44.623,0.96433,0.96461,1.75,1.75
2015.08.14 16:02:47.668,0.96434,0.96455,1.00,1.00
2015.08.14 16:02:48.172,0.96433,0.96455,1.00,1.00
2015.08.14 16:02:51.628,0.9643,0.96459,1.75,2.25
2015.08.14 16:02:52.160,0.9643,0.96458,1.75,1.75
2015.08.14 16:02:52.263,0.9643,0.96458,1.50,1.75
2015.08.14 16:02:52.314,0.96427,0.96455,1.75,1.75
2015.08.14 16:02:52.365,0.96427,0.96455,1.75,1.75
2015.08.14 16:02:52.768,0.96428,0.96456,1.50,1.75
2015.08.14 16:02:53.272,0.96428,0.96456,1.75,1.75
2015.08.14 16:02:53.728,0.96427,0.96454,1.50,1.75
2015.08.14 16:02:54.030,0.96425,0.96453,1.50,1.75
2015.08.14 16:02:59.677,0.96424,0.9645,1.37,1.75
2015.08.14 16:02:59.879,0.9642,0.96447,1.37,2.25
2015.08.14 16:03:00.267,0.96419,0.96441,1.00,1.00
2015.08.14 16:03:01.558,0.9642,0.96447,1.75,2.25
2015.08.14 16:03:01.879,0.96424,0.9645,1.75,1.75
2015.08.14 16:03:14.153,0.96424,0.9645,1.37,1.75
2015.08.14 16:03:14.204,0.96424,0.9645,1.12,1.75
2015.08.14 16:03:14.657,0.96424,0.96447,1.00,1.75
2015.08.14 16:03:15.207,0.96424,0.96447,1.00,1.75
2015.08.14 16:03:23.085,0.96424,0.96447,1.00,1.75
2015.08.14 16:03:23.187,0.96424,0.96448,1.37,1.75
2015.08.14 16:03:23.288,0.96424,0.96448,1.75,1.37
2015.08.14 16:03:31.516,0.96424,0.96448,1.50,1.37
2015.08.14 16:03:32.198,0.96424,0.96447,1.12,1.75
2015.08.14 16:03:41.933,0.96423,0.96447,1.37,1.37
2015.08.14 16:03:41.983,0.96426,0.96448,1.00,1.00
2015.08.14 16:03:42.641,0.96424,0.96449,1.50,1.75
2015.08.14 16:03:42.692,0.96424,0.96449,1.12,1.75
2015.08.14 16:03:43.453,0.96426,0.96448,1.00,1.00
2015.08.14 16:03:44.459,0.96423,0.96448,1.50,1.75
2015.08.14 16:03:46.355,0.96419,0.96447,1.75,2.10
2015.08.14 16:03:46.896,0.96423,0.96445,1.00,1.75
2015.08.14 16:03:50.371,0.96416,0.96441,2.25,1.00
2015.08.14 16:03:50.630,0.96419,0.9644,1.00,1.00
2015.08.14 16:03:50.681,0.96419,0.9644,1.00,1.50
2015.08.14 16:03:51.301,0.96419,0.9644,1.00,1.75
2015.08.14 16:03:53.201,0.96418,0.96441,1.00,1.75
2015.08.14 16:03:58.385,0.96418,0.96443,1.50,1.75
2015.08.14 16:04:01.054,0.96418,0.96443,2.10,1.50
2015.08.14 16:04:01.205,0.96424,0.96446,1.00,1.00
2015.08.14 16:04:06.291,0.96423,0.96446,1.37,1.50
2015.08.14 16:04:06.392,0.96423,0.96446,1.12,1.75
2015.08.14 16:04:06.904,0.96424,0.96442,1.00,1.00
2015.08.14 16:04:18.378,0.96421,0.96442,1.00,1.00
2015.08.14 16:04:18.593,0.96414,0.96442,3.75,1.50
2015.08.14 16:04:18.644,0.96414,0.96442,1.75,1.75
2015.08.14 16:04:19.347,0.96419,0.96441,1.00,1.75
2015.08.14 16:04:22.526,0.96419,0.96443,1.37,1.50
2015.08.14 16:04:22.577,0.96421,0.96444,1.00,1.75
2015.08.14 16:04:22.628,0.96421,0.96443,1.00,1.00
2015.08.14 16:04:22.729,0.9642,0.96448,1.75,1.75
2015.08.14 16:04:22.830,0.96424,0.96448,1.50,1.75
2015.08.14 16:04:23.343,0.96425,0.96447,1.00,1.00
2015.08.14 16:04:27.748,0.96424,0.96452,1.75,1.75
2015.08.14 16:04:27.946,0.96428,0.9645,1.00,1.00
2015.08.14 16:04:28.448,0.96429,0.9645,1.00,1.00
2015.08.14 16:04:34.735,0.96429,0.96454,1.50,1.75
2015.08.14 16:04:35.246,0.96429,0.9645,1.00,1.00
2015.08.14 16:04:35.797,0.96428,0.9645,1.00,1.00
2015.08.14 16:04:40.084,0.96426,0.96453,1.50,1.75
2015.08.14 16:04:40.588,0.96425,0.96453,1.75,1.75
2015.08.14 16:04:40.890,0.96429,0.96454,1.12,1.75
2015.08.14 16:04:47.372,0.96429,0.96458,1.75,3.00
2015.08.14 16:04:47.473,0.96435,0.96457,1.00,1.00
2015.08.14 16:04:47.721,0.96428,0.96457,3.00,1.50
2015.08.14 16:04:48.229,0.96434,0.96458,1.12,1.75
2015.08.14 16:04:52.581,0.96431,0.9646,1.75,1.75
2015.08.14 16:04:52.682,0.9643,0.96452,1.50,1.00
2015.08.14 16:04:52.732,0.9643,0.9645,1.00,1.00
2015.08.14 16:04:53.129,0.96424,0.96451,1.50,1.75
2015.08.14 16:04:53.985,0.96424,0.96451,1.75,1.75
2015.08.14 16:04:54.582,0.96428,0.96456,3.75,1.75
2015.08.14 16:04:54.884,0.9643,0.96458,3.00,1.12
2015.08.14 16:04:55.187,0.9643,0.96458,1.75,1.50
2015.08.14 16:04:55.497,0.96429,0.96457,2.25,1.75
2015.08.14 16:04:56.253,0.9643,0.96456,1.75,1.00
2015.08.14 16:04:58.070,0.9643,0.96459,1.75,1.75
2015.08.14 16:04:58.620,0.96429,0.96459,2.25,1.75
2015.08.14 16:05:01.463,0.9643,0.96458,1.75,1.75
2015.08.14 16:05:01.514,0.96435,0.96457,1.00,1.50
2015.08.14 16:05:06.167,0.96429,0.96456,1.75,1.37
2015.08.14 16:05:06.268,0.96432,0.96456,1.00,1.50
2015.08.14 16:05:12.080,0.96429,0.96453,1.75,1.12
2015.08.14 16:05:12.181,0.96433,0.96455,1.00,1.00
2015.08.14 16:05:13.089,0.96432,0.9646,1.75,1.75
2015.08.14 16:05:13.140,0.96432,0.9646,1.75,1.75
2015.08.14 16:05:15.886,0.96429,0.96456,1.75,1.75
2015.08.14 16:05:19.439,0.96426,0.96453,1.75,1.00
2015.08.14 16:05:19.741,0.96429,0.96457,1.50,1.75
2015.08.14 16:05:25.058,0.96429,0.96456,1.75,1.50
2015.08.14 16:05:25.369,0.96433,0.96458,1.00,1.75
2015.08.14 16:05:39.869,0.96428,0.96453,1.75,1.50
2015.08.14 16:05:40.389,0.96431,0.96453,1.00,1.00
2015.08.14 16:05:41.816,0.96433,0.96456,1.12,1.75
2015.08.14 16:05:41.867,0.96433,0.96455,1.12,1.12
2015.08.14 16:05:42.216,0.96433,0.96451,1.12,1.00
2015.08.14 16:05:42.518,0.96434,0.96451,1.00,1.50
2015.08.14 16:05:42.646,0.96429,0.96451,1.12,1.50
2015.08.14 16:05:45.188,0.96424,0.9645,1.75,1.75
2015.08.14 16:05:45.390,0.96424,0.96446,1.50,1.00
2015.08.14 16:05:48.579,0.96424,0.96447,1.75,1.12
2015.08.14 16:05:48.889,0.96424,0.96446,1.12,1.75
2015.08.14 16:05:49.494,0.9642,0.96448,1.50,1.75
2015.08.14 16:06:00.324,0.96419,0.96448,1.75,1.75
2015.08.14 16:06:01.695,0.9642,0.96449,1.75,1.75
2015.08.14 16:06:02.290,0.96424,0.9645,1.75,1.75
2015.08.14 16:06:02.841,0.96428,0.9645,1.00,1.00
2015.08.14 16:06:04.621,0.96424,0.9645,1.75,1.75
2015.08.14 16:06:08.547,0.96424,0.96453,1.75,1.50
2015.08.14 16:06:08.749,0.96426,0.96456,3.00,2.25
2015.08.14 16:06:15.327,0.96428,0.96455,1.75,1.75
2015.08.14 16:06:15.419,0.9643,0.96452,1.00,1.00
2015.08.14 16:06:23.775,0.96427,0.96449,1.00,1.00
2015.08.14 16:06:27.767,0.96424,0.96455,3.00,1.75
2015.08.14 16:06:29.572,0.96424,0.96452,1.75,1.75
2015.08.14 16:06:31.549,0.96427,0.96455,1.50,1.75
2015.08.14 16:06:32.053,0.96426,0.96456,1.75,2.25
2015.08.14 16:06:33.879,0.96429,0.96458,1.75,1.75
2015.08.14 16:06:33.980,0.96429,0.96451,1.50,1.00
2015.08.14 16:06:34.081,0.96429,0.96457,1.75,1.75
2015.08.14 16:06:34.723,0.96424,0.96454,2.25,1.75
2015.08.14 16:06:35.479,0.96425,0.96453,1.50,1.75
2015.08.14 16:06:37.105,0.96429,0.96455,1.12,1.75
2015.08.14 16:06:40.277,0.96429,0.96454,1.75,1.50
2015.08.14 16:06:41.333,0.96429,0.96454,1.50,1.75
2015.08.14 16:06:44.577,0.96429,0.96454,1.37,1.75
2015.08.14 16:06:45.151,0.96429,0.96453,1.00,1.75
2015.08.14 16:06:48.643,0.96424,0.96451,1.75,2.25
2015.08.14 16:06:49.435,0.96429,0.96451,1.00,1.75
2015.08.14 16:07:04.691,0.96429,0.9645,1.00,1.00
2015.08.14 16:07:12.952,0.96428,0.9645,1.50,1.00
2015.08.14 16:07:14.530,0.96428,0.96453,1.12,1.75
2015.08.14 16:07:14.631,0.96428,0.96453,1.00,1.75
2015.08.14 16:07:15.751,0.96428,0.9645,1.50,1.00
2015.08.14 16:07:17.028,0.96428,0.96452,1.12,1.75
2015.08.14 16:07:17.741,0.96428,0.96453,1.00,1.75
2015.08.14 16:07:19.365,0.96428,0.96454,1.37,1.75
2015.08.14 16:07:19.870,0.96428,0.96448,1.00,1.00
2015.08.14 16:07:20.022,0.96429,0.96451,1.50,1.00
2015.08.14 16:07:20.374,0.96428,0.96454,1.37,1.75
2015.08.14 16:07:20.885,0.96434,0.96455,1.00,1.75
2015.08.14 16:07:21.728,0.96429,0.96455,1.37,1.75
2015.08.14 16:07:22.527,0.96434,0.96455,1.00,1.75
2015.08.14 16:07:33.422,0.96433,0.96456,1.00,3.00
2015.08.14 16:07:43.412,0.96433,0.96452,1.00,1.00
2015.08.14 16:07:46.072,0.9643,0.96452,1.00,1.00
2015.08.14 16:07:46.375,0.96429,0.96453,1.37,1.75
2015.08.14 16:07:46.695,0.96428,0.9645,2.25,1.00
2015.08.14 16:07:47.100,0.96428,0.96457,1.75,2.25
2015.08.14 16:07:47.402,0.96428,0.96453,1.37,1.75
2015.08.14 16:07:49.227,0.9643,0.96457,1.00,2.25
2015.08.14 16:07:49.278,0.96429,0.96458,1.75,3.00
2015.08.14 16:07:49.686,0.96428,0.96457,1.50,3.00
2015.08.14 16:07:49.737,0.96428,0.9645,1.50,1.00
2015.08.14 16:07:49.939,0.9643,0.9645,1.00,1.00
2015.08.14 16:07:50.464,0.96428,0.96456,2.25,1.75
2015.08.14 16:07:51.896,0.96428,0.96455,1.50,1.75
2015.08.14 16:07:59.538,0.96428,0.96455,1.75,1.75
2015.08.14 16:08:00.233,0.96428,0.96456,3.75,1.12
2015.08.14 16:08:00.334,0.96433,0.96455,1.00,1.00
2015.08.14 16:08:00.435,0.96434,0.96458,1.00,3.00
2015.08.14 16:08:00.586,0.96429,0.96457,1.75,1.75
2015.08.14 16:08:00.738,0.96431,0.96458,1.50,1.75
2015.08.14 16:08:01.261,0.96434,0.96458,1.00,1.75
2015.08.14 16:08:05.325,0.96435,0.96462,1.50,2.25
2015.08.14 16:08:05.426,0.96435,0.96463,1.50,1.75
2015.08.14 16:08:05.627,0.96434,0.96462,1.37,1.75
2015.08.14 16:08:06.046,0.96433,0.9646,1.75,1.75
2015.08.14 16:08:06.147,0.96438,0.96459,1.00,1.00
2015.08.14 16:08:06.349,0.96438,0.96463,1.75,1.75
2015.08.14 16:08:06.651,0.96439,0.96465,1.75,1.75
2015.08.14 16:08:07.156,0.96439,0.96461,1.50,1.00
2015.08.14 16:08:07.614,0.96438,0.96464,1.75,1.75
2015.08.14 16:08:07.917,0.96445,0.96471,1.12,2.25
2015.08.14 16:08:08.069,0.96448,0.96475,1.75,1.75
2015.08.14 16:08:08.498,0.96444,0.96471,1.50,1.75
2015.08.14 16:08:08.801,0.96441,0.96469,1.75,1.75
2015.08.14 16:08:09.103,0.96443,0.9647,1.50,1.75
2015.08.14 16:08:09.255,0.96446,0.96467,1.00,1.00
2015.08.14 16:08:10.348,0.96443,0.96472,1.75,1.75
2015.08.14 16:08:12.261,0.96445,0.96472,1.50,1.75
2015.08.14 16:08:16.033,0.96443,0.96471,2.25,1.75
2015.08.14 16:08:16.383,0.96443,0.96473,2.25,1.75
2015.08.14 16:08:16.484,0.96453,0.96475,1.00,1.50
2015.08.14 16:08:16.736,0.96446,0.96475,2.25,1.50
2015.08.14 16:08:17.044,0.96439,0.96467,2.25,1.75
2015.08.14 16:08:17.548,0.96438,0.96466,2.25,1.75
2015.08.14 16:08:19.070,0.96444,0.96466,1.00,1.75
2015.08.14 16:08:19.373,0.96444,0.96468,1.50,1.75
2015.08.14 16:08:19.424,0.96449,0.96473,1.00,2.25
2015.08.14 16:08:19.474,0.96449,0.96475,1.75,1.75
2015.08.14 16:08:19.575,0.96449,0.96476,2.25,1.75
2015.08.14 16:08:30.082,0.96453,0.96473,1.00,1.00
2015.08.14 16:08:32.162,0.96451,0.96473,1.00,1.00
2015.08.14 16:08:32.249,0.96448,0.96477,3.75,1.75
2015.08.14 16:08:32.299,0.96451,0.9648,1.75,1.75
2015.08.14 16:08:32.956,0.96447,0.96476,1.87,3.00
2015.08.14 16:08:33.007,0.96446,0.96468,1.50,1.00
2015.08.14 16:08:33.451,0.96444,0.96472,1.75,1.75
2015.08.14 16:08:33.955,0.96444,0.96471,2.25,1.75
2015.08.14 16:08:45.203,0.96443,0.9647,1.37,2.25
2015.08.14 16:08:46.310,0.96444,0.96472,1.50,2.25
2015.08.14 16:08:56.515,0.96446,0.96476,1.75,1.75
2015.08.14 16:08:56.846,0.96452,0.96474,1.00,1.00
2015.08.14 16:08:58.131,0.9645,0.96472,1.00,1.00
2015.08.14 16:08:58.434,0.96446,0.96475,1.50,3.00
2015.08.14 16:08:59.625,0.96448,0.96472,1.00,1.75
2015.08.14 16:09:05.190,0.96444,0.96471,1.87,1.75
2015.08.14 16:09:06.401,0.96449,0.96473,1.00,2.25
2015.08.14 16:09:06.603,0.96444,0.96473,1.12,2.25
2015.08.14 16:09:06.704,0.96446,0.96473,1.00,2.25
2015.08.14 16:09:07.006,0.96449,0.96474,1.00,1.75
2015.08.14 16:09:07.359,0.96445,0.96467,1.50,1.00
2015.08.14 16:09:08.356,0.96448,0.96467,1.00,1.00
2015.08.14 16:09:13.084,0.96445,0.96467,1.50,1.00
2015.08.14 16:09:13.235,0.96446,0.96476,1.75,3.00
2015.08.14 16:09:13.624,0.96454,0.96476,1.00,3.00
2015.08.14 16:09:13.878,0.96449,0.96474,1.12,1.75
2015.08.14 16:09:13.928,0.96449,0.96474,1.37,1.75
2015.08.14 16:09:13.979,0.96445,0.96472,2.25,1.12
2015.08.14 16:09:14.030,0.96444,0.96472,3.00,1.37
2015.08.14 16:09:14.080,0.96446,0.96468,1.50,1.00
2015.08.14 16:09:15.742,0.96445,0.96473,1.75,1.75
2015.08.14 16:09:16.045,0.9645,0.96472,1.00,1.00
2015.08.14 16:09:19.497,0.96455,0.96472,1.00,1.00
2015.08.14 16:09:19.598,0.96451,0.96472,1.00,1.00
2015.08.14 16:09:19.648,0.96451,0.9648,1.50,2.25
2015.08.14 16:09:19.951,0.96457,0.96487,1.75,1.87
2015.08.14 16:09:20.659,0.9646,0.96487,1.75,1.75
2015.08.14 16:09:23.459,0.96463,0.9649,1.50,1.75
2015.08.14 16:09:24.468,0.9646,0.96482,1.00,1.00
2015.08.14 16:09:24.770,0.96459,0.9648,1.00,1.00
2015.08.14 16:09:28.254,0.96458,0.9648,1.00,1.00
2015.08.14 16:09:37.594,0.96455,0.96483,1.75,1.75
2015.08.14 16:09:38.122,0.96454,0.96482,2.25,1.75
2015.08.14 16:09:44.706,0.96454,0.96484,2.25,3.00
2015.08.14 16:09:44.807,0.96456,0.96486,1.75,3.75
2015.08.14 16:10:01.409,0.96459,0.96484,1.37,1.75
2015.08.14 16:10:01.460,0.96459,0.96484,1.75,1.50
2015.08.14 16:10:01.611,0.96459,0.96487,1.75,1.75
2015.08.14 16:10:03.430,0.96461,0.96489,1.75,1.75
2015.08.14 16:10:05.637,0.96464,0.96491,1.75,1.75
2015.08.14 16:10:07.019,0.96462,0.9649,1.75,1.75
2015.08.14 16:10:22.548,0.96464,0.96486,1.50,1.00
2015.08.14 16:10:27.361,0.96464,0.96488,1.00,1.75
2015.08.14 16:10:27.664,0.96459,0.96482,1.00,1.75
2015.08.14 16:10:27.966,0.96459,0.96481,1.00,1.75
2015.08.14 16:10:29.278,0.96459,0.9648,1.00,2.25
2015.08.14 16:10:30.446,0.96459,0.96475,1.00,1.00
2015.08.14 16:10:34.096,0.96459,0.96481,1.00,3.00
2015.08.14 16:10:35.951,0.96453,0.9648,1.00,1.75
2015.08.14 16:10:36.153,0.96459,0.9648,1.00,1.75
2015.08.14 16:10:36.357,0.96454,0.96481,1.00,3.75
2015.08.14 16:10:37.136,0.96458,0.9648,1.00,1.75
2015.08.14 16:10:38.891,0.96453,0.9648,1.00,1.75
2015.08.14 16:10:39.332,0.96458,0.9648,1.00,1.75
2015.08.14 16:10:40.088,0.96453,0.96479,1.00,1.75
2015.08.14 16:10:46.596,0.96454,0.96479,1.00,1.75
2015.08.14 16:10:47.116,0.96453,0.96479,1.00,1.75
2015.08.14 16:10:49.313,0.96453,0.96479,1.12,2.25
2015.08.14 16:10:52.324,0.9645,0.96478,1.50,3.00
2015.08.14 16:10:52.626,0.96454,0.9648,1.12,1.75
2015.08.14 16:10:52.928,0.96454,0.9648,1.75,1.75
2015.08.14 16:10:53.897,0.96454,0.96482,1.75,1.75
2015.08.14 16:10:56.809,0.96455,0.96483,1.12,1.75
2015.08.14 16:10:57.741,0.96455,0.96483,1.75,1.75
2015.08.14 16:11:00.259,0.96459,0.96486,1.00,3.75
2015.08.14 16:11:00.562,0.96457,0.96481,1.75,1.12
2015.08.14 16:11:00.613,0.96458,0.9648,1.00,1.00
2015.08.14 16:11:01.129,0.96459,0.9648,1.00,1.00
2015.08.14 16:11:01.633,0.96458,0.9648,1.00,1.00
2015.08.14 16:11:02.147,0.96459,0.9648,1.00,1.00
2015.08.14 16:11:03.101,0.96458,0.9648,1.50,1.00
2015.08.14 16:11:04.995,0.96459,0.9648,1.00,1.00
2015.08.14 16:11:05.348,0.96459,0.96486,2.25,1.75
2015.08.14 16:11:07.519,0.96464,0.96488,1.00,3.00
2015.08.14 16:11:07.739,0.96458,0.96488,1.75,3.00
2015.08.14 16:11:07.791,0.96458,0.96487,1.37,2.25
2015.08.14 16:11:12.106,0.96464,0.96487,1.00,3.00
2015.08.14 16:11:15.008,0.96459,0.96487,1.12,2.25
2015.08.14 16:11:17.150,0.96459,0.96487,1.00,3.00
2015.08.14 16:11:18.695,0.96464,0.96487,1.00,3.00
2015.08.14 16:11:19.091,0.96464,0.9649,1.00,2.25
2015.08.14 16:11:19.270,0.96468,0.9649,1.00,2.25
2015.08.14 16:11:19.371,0.96468,0.96497,1.37,2.25
2015.08.14 16:11:19.472,0.96472,0.96499,1.12,2.25
2015.08.14 16:11:20.740,0.96471,0.96499,1.75,2.25
2015.08.14 16:11:20.790,0.96473,0.96501,1.50,2.25
2015.08.14 16:11:22.497,0.96473,0.96501,1.75,1.75
2015.08.14 16:11:24.591,0.96473,0.96502,1.50,2.25
2015.08.14 16:11:28.693,0.96475,0.96497,1.00,1.00
2015.08.14 16:11:31.878,0.96474,0.96504,1.75,1.75
2015.08.14 16:11:31.979,0.96475,0.96506,1.75,2.25
2015.08.14 16:11:32.181,0.9648,0.96502,1.00,1.00
2015.08.14 16:11:32.539,0.96476,0.96505,1.75,3.00
2015.08.14 16:11:34.407,0.9648,0.96502,1.00,1.00
2015.08.14 16:11:34.509,0.96476,0.96505,3.00,1.12
2015.08.14 16:11:34.811,0.9647,0.96502,1.75,3.00
2015.08.14 16:11:35.116,0.96472,0.96504,1.75,2.25
2015.08.14 16:11:35.485,0.96475,0.96507,1.75,1.75
2015.08.14 16:11:35.536,0.96481,0.96503,1.00,1.00
2015.08.14 16:11:38.973,0.96477,0.96508,1.75,1.75
2015.08.14 16:11:39.275,0.9648,0.96511,1.75,1.75
2015.08.14 16:11:43.898,0.96481,0.96512,1.75,1.75
2015.08.14 16:11:44.499,0.96481,0.96512,1.75,1.75
2015.08.14 16:11:44.804,0.96481,0.96511,3.00,1.75
2015.08.14 16:11:45.231,0.96484,0.96515,1.75,1.75
2015.08.14 16:11:45.390,0.96483,0.96515,3.00,1.75
2015.08.14 16:11:45.899,0.96491,0.96513,1.00,1.00
2015.08.14 16:11:46.201,0.96489,0.96518,1.75,1.75
2015.08.14 16:11:47.491,0.96496,0.96518,1.00,1.00
2015.08.14 16:11:47.592,0.96492,0.9652,1.00,2.25
2015.08.14 16:11:47.643,0.96488,0.96519,1.75,1.75
2015.08.14 16:11:47.906,0.96489,0.96514,1.50,1.00
2015.08.14 16:11:47.956,0.96493,0.96514,1.00,1.00
2015.08.14 16:11:48.410,0.96491,0.9652,1.75,1.75
2015.08.14 16:11:48.715,0.96491,0.9652,3.00,1.75
2015.08.14 16:11:52.929,0.96496,0.96524,1.75,1.75
2015.08.14 16:11:53.917,0.96494,0.96524,1.75,3.00
2015.08.14 16:11:53.968,0.96492,0.96522,1.75,1.75
2015.08.14 16:11:54.120,0.96492,0.9652,1.75,1.50
2015.08.14 16:11:57.514,0.96494,0.9652,1.75,1.00
2015.08.14 16:11:57.816,0.96498,0.96527,2.25,1.75
2015.08.14 16:11:58.122,0.96495,0.9652,1.00,1.75
2015.08.14 16:11:58.223,0.96493,0.96522,1.50,1.75
2015.08.14 16:11:58.729,0.96496,0.96518,1.00,1.00
2015.08.14 16:12:01.441,0.96494,0.96525,3.00,1.75
2015.08.14 16:12:07.572,0.96502,0.9653,1.37,2.25
2015.08.14 16:12:07.673,0.96508,0.9653,1.00,1.00
2015.08.14 16:12:07.925,0.96504,0.96533,2.25,1.75
2015.08.14 16:12:08.026,0.96504,0.96532,2.25,1.37
2015.08.14 16:12:08.127,0.96501,0.9653,1.75,1.37
2015.08.14 16:12:08.645,0.96504,0.96531,1.50,1.75
2015.08.14 16:12:10.183,0.96504,0.96535,1.75,1.75
2015.08.14 16:12:12.337,0.96507,0.96531,1.00,1.50
2015.08.14 16:12:13.468,0.96504,0.96526,1.00,1.00
2015.08.14 16:12:15.465,0.96503,0.96532,1.75,1.75
2015.08.14 16:12:15.667,0.96509,0.96531,1.00,1.00
2015.08.14 16:12:17.661,0.96507,0.96537,2.10,1.75
2015.08.14 16:12:17.998,0.96507,0.96535,1.75,1.75
2015.08.14 16:12:19.891,0.96509,0.9653,1.00,1.00
2015.08.14 16:12:20.262,0.96507,0.9653,1.00,2.25
2015.08.14 16:12:20.426,0.96499,0.96527,1.75,1.75
2015.08.14 16:12:20.713,0.96499,0.96525,1.75,1.50
2015.08.14 16:12:20.763,0.96499,0.96525,1.37,1.75
2015.08.14 16:12:20.865,0.96499,0.96525,1.12,1.75
2015.08.14 16:12:21.889,0.96495,0.96524,3.00,1.50
2015.08.14 16:12:22.192,0.96504,0.96527,1.00,1.75
2015.08.14 16:12:23.043,0.96503,0.96526,1.00,1.75
2015.08.14 16:12:23.373,0.96504,0.96526,1.00,1.75
2015.08.14 16:12:23.891,0.96504,0.96526,1.00,1.75
2015.08.14 16:12:24.294,0.96504,0.96526,1.00,1.75
2015.08.14 16:12:25.604,0.96503,0.96527,1.00,1.75
2015.08.14 16:12:26.137,0.96504,0.96527,1.00,1.75
2015.08.14 16:12:26.952,0.96503,0.96527,1.00,1.75
2015.08.14 16:12:27.459,0.96504,0.96527,1.00,1.75
2015.08.14 16:12:27.963,0.96503,0.96527,1.00,1.75
2015.08.14 16:12:28.588,0.96504,0.96527,1.00,1.75
2015.08.14 16:12:29.133,0.96499,0.96528,1.75,2.25
2015.08.14 16:12:29.184,0.96499,0.96526,1.00,2.25
2015.08.14 16:12:29.494,0.96499,0.96521,1.00,1.75
2015.08.14 16:12:29.742,0.96494,0.96521,1.50,1.75
2015.08.14 16:12:29.894,0.96494,0.96522,1.87,2.25
2015.08.14 16:12:31.107,0.96499,0.96522,1.00,1.75
2015.08.14 16:12:31.209,0.96493,0.96522,2.25,1.75
2015.08.14 16:12:33.949,0.96493,0.96522,2.62,1.50
2015.08.14 16:12:34.404,0.96504,0.96526,1.00,1.75
2015.08.14 16:12:34.809,0.96504,0.96528,1.00,1.75
2015.08.14 16:12:34.910,0.96504,0.96526,1.50,1.00
2015.08.14 16:12:35.410,0.96509,0.96526,1.00,1.00
2015.08.14 16:12:35.611,0.96504,0.96526,1.00,1.00
2015.08.14 16:12:35.712,0.96504,0.96521,1.00,1.00
2015.08.14 16:12:35.813,0.96493,0.96522,2.10,1.75
2015.08.14 16:12:36.116,0.96501,0.96523,1.00,1.00
2015.08.14 16:12:36.474,0.96498,0.96525,1.12,3.00
2015.08.14 16:12:37.229,0.96498,0.96524,1.75,1.75
2015.08.14 16:12:37.582,0.96504,0.96528,1.00,3.00
2015.08.14 16:12:38.433,0.96504,0.96527,1.00,1.75
2015.08.14 16:12:40.511,0.96504,0.96529,1.50,1.75
2015.08.14 16:12:40.713,0.96504,0.96527,1.00,1.75
2015.08.14 16:12:41.371,0.96504,0.96529,1.50,1.75
2015.08.14 16:12:41.932,0.96504,0.9653,1.50,1.75
2015.08.14 16:12:42.990,0.96509,0.96531,1.00,2.25
2015.08.14 16:12:43.325,0.96504,0.96531,1.50,3.00
2015.08.14 16:12:44.553,0.96508,0.96531,1.00,3.00
2015.08.14 16:12:44.604,0.96504,0.96531,1.50,3.75
2015.08.14 16:12:45.107,0.96504,0.96524,1.00,1.00
2015.08.14 16:12:45.410,0.96504,0.96528,1.00,1.75
2015.08.14 16:12:48.146,0.96499,0.96527,1.50,1.75
2015.08.14 16:12:48.818,0.96496,0.96529,3.00,1.75
2015.08.14 16:12:49.210,0.96504,0.96531,1.50,1.75
2015.08.14 16:12:49.716,0.96504,0.96524,1.00,1.00
2015.08.14 16:12:50.224,0.96503,0.96524,1.00,1.00
2015.08.14 16:12:50.747,0.96504,0.96524,1.00,1.00
2015.08.14 16:12:51.062,0.96504,0.96528,1.00,3.00
2015.08.14 16:12:52.165,0.96504,0.96528,1.12,1.75
2015.08.14 16:12:52.656,0.96503,0.96525,1.00,1.75
2015.08.14 16:12:52.858,0.96498,0.9652,1.50,1.00
2015.08.14 16:12:53.160,0.96494,0.96524,1.75,1.75
2015.08.14 16:12:53.735,0.96502,0.96524,1.00,1.00
2015.08.14 16:12:54.926,0.96499,0.96531,1.75,1.75
2015.08.14 16:12:55.249,0.965,0.96534,3.00,3.00
2015.08.14 16:12:55.551,0.96499,0.96531,1.75,1.75
2015.08.14 16:13:00.249,0.96499,0.96529,1.75,3.00
2015.08.14 16:13:01.956,0.96498,0.96527,1.75,3.00
2015.08.14 16:13:03.796,0.96499,0.96526,1.75,1.75
2015.08.14 16:13:03.847,0.96499,0.96526,1.75,1.75
2015.08.14 16:13:04.053,0.96498,0.96528,1.75,1.75
2015.08.14 16:13:04.466,0.96502,0.96524,1.00,1.00
2015.08.14 16:13:10.796,0.96503,0.96524,1.00,1.00
2015.08.14 16:13:11.320,0.96502,0.96524,1.00,1.00
2015.08.14 16:13:12.176,0.965,0.96531,1.75,1.75
2015.08.14 16:13:12.489,0.96504,0.96529,1.12,1.75
2015.08.14 16:13:14.108,0.96504,0.9653,1.75,1.50
2015.08.14 16:13:14.771,0.96505,0.96527,1.35,1.00
2015.08.14 16:13:14.872,0.96509,0.96532,1.00,2.25
2015.08.14 16:13:14.973,0.96509,0.96533,1.75,1.00
2015.08.14 16:13:15.478,0.96513,0.96537,1.50,1.75
2015.08.14 16:13:16.541,0.96513,0.96536,1.75,1.12
2015.08.14 16:13:17.298,0.96509,0.96534,3.00,1.00
2015.08.14 16:13:17.399,0.96505,0.96532,1.75,1.00
2015.08.14 16:13:17.500,0.96504,0.96532,1.75,1.75
2015.08.14 16:13:19.588,0.965,0.9653,1.75,1.75
2015.08.14 16:13:21.560,0.96501,0.96529,1.37,2.25
2015.08.14 16:13:21.611,0.96501,0.96528,1.00,2.25
2015.08.14 16:13:22.882,0.965,0.96528,1.12,2.25
2015.08.14 16:13:23.804,0.965,0.96529,1.75,1.75
2015.08.14 16:13:24.864,0.965,0.96527,1.50,1.75
2015.08.14 16:13:25.371,0.965,0.96527,1.50,1.75
2015.08.14 16:13:26.174,0.96503,0.96528,1.00,2.25
2015.08.14 16:13:26.325,0.96504,0.96531,1.12,2.25
2015.08.14 16:13:26.426,0.96505,0.96534,1.50,2.25
2015.08.14 16:13:26.851,0.96509,0.96534,1.00,2.25
2015.08.14 16:13:27.104,0.96508,0.96533,1.50,1.75
2015.08.14 16:13:31.675,0.96504,0.96536,2.25,3.00
2015.08.14 16:13:31.726,0.9651,0.96532,1.00,1.00
2015.08.14 16:13:31.928,0.96506,0.96536,1.75,3.00
2015.08.14 16:13:32.332,0.96507,0.96536,1.75,1.75
2015.08.14 16:13:33.217,0.96504,0.96534,1.75,1.75
2015.08.14 16:13:33.627,0.9651,0.96532,1.00,1.00
2015.08.14 16:13:36.990,0.96508,0.96537,1.75,1.75
2015.08.14 16:13:37.540,0.96508,0.96536,1.75,1.75
2015.08.14 16:13:38.549,0.96508,0.96536,1.75,1.37
2015.08.14 16:13:39.027,0.96508,0.96536,1.75,1.75
2015.08.14 16:13:40.053,0.96508,0.96536,1.75,1.37
2015.08.14 16:13:40.255,0.96508,0.96535,1.75,1.50
2015.08.14 16:13:42.606,0.96519,0.96541,1.00,3.00
2015.08.14 16:13:42.657,0.96519,0.96541,1.00,1.75
2015.08.14 16:13:42.758,0.96519,0.96541,1.00,1.50
2015.08.14 16:13:43.262,0.96514,0.9654,1.75,1.37
2015.08.14 16:13:43.506,0.96513,0.96535,1.00,1.00
2015.08.14 16:13:43.658,0.96509,0.96537,1.75,1.75
2015.08.14 16:13:43.708,0.96511,0.96533,1.00,1.00
2015.08.14 16:13:45.422,0.96508,0.96538,2.25,3.00
2015.08.14 16:13:45.724,0.96513,0.9654,1.75,1.75
2015.08.14 16:13:46.240,0.96515,0.96541,1.75,1.75
2015.08.14 16:13:46.771,0.96519,0.96543,1.00,1.75
2015.08.14 16:13:46.922,0.96514,0.96541,3.00,1.12
2015.08.14 16:13:46.973,0.96514,0.96544,1.75,1.75
2015.08.14 16:13:47.024,0.96514,0.96544,1.50,1.75
2015.08.14 16:13:47.125,0.96513,0.96538,2.25,1.00
2015.08.14 16:13:47.669,0.96514,0.96543,1.50,3.00
2015.08.14 16:13:47.719,0.96514,0.96536,1.50,1.00
2015.08.14 16:13:47.770,0.96513,0.96538,1.50,1.75
2015.08.14 16:13:48.073,0.96511,0.96535,1.50,1.00
2015.08.14 16:13:51.145,0.96513,0.96538,1.12,1.75
2015.08.14 16:13:53.280,0.96511,0.9654,1.75,1.75
2015.08.14 16:13:56.373,0.96513,0.96538,1.12,1.75
2015.08.14 16:13:56.988,0.96508,0.96538,1.75,1.75
2015.08.14 16:13:57.492,0.9651,0.96532,1.00,1.00
2015.08.14 16:14:04.640,0.96509,0.96535,1.37,1.75
2015.08.14 16:14:04.691,0.96509,0.96535,1.12,1.75
2015.08.14 16:14:05.261,0.96509,0.96535,1.50,1.75
2015.08.14 16:14:05.312,0.96509,0.96535,1.75,1.75
2015.08.14 16:14:09.369,0.96508,0.96538,2.25,1.75
2015.08.14 16:14:09.419,0.96508,0.96538,2.25,1.75
2015.08.14 16:14:10.023,0.96511,0.96533,1.00,1.00
2015.08.14 16:14:10.872,0.96508,0.96537,1.75,1.75
2015.08.14 16:14:11.488,0.96508,0.96535,2.25,1.75
2015.08.14 16:14:15.195,0.96509,0.96534,1.00,3.00
2015.08.14 16:14:15.397,0.96503,0.96532,1.75,1.75
2015.08.14 16:14:15.657,0.96505,0.96527,1.00,1.00
2015.08.14 16:14:16.597,0.9651,0.96535,1.00,2.25
2015.08.14 16:14:16.835,0.96516,0.96538,1.00,1.00
2015.08.14 16:14:17.094,0.96516,0.96543,1.75,1.75
2015.08.14 16:14:17.600,0.96515,0.96544,1.75,1.75
2015.08.14 16:14:18.181,0.96514,0.96546,2.25,3.75
2015.08.14 16:14:18.484,0.96518,0.96547,1.75,1.75
2015.08.14 16:14:19.529,0.96519,0.96546,1.37,1.75
2015.08.14 16:14:19.831,0.96517,0.96546,1.75,1.75
2015.08.14 16:14:21.276,0.96519,0.96546,1.50,1.75
2015.08.14 16:14:21.779,0.96519,0.96546,1.50,1.75
2015.08.14 16:14:22.991,0.96523,0.96545,1.00,1.00
2015.08.14 16:14:29.557,0.96519,0.96545,1.75,1.50
2015.08.14 16:14:29.708,0.96519,0.96545,1.50,1.75
2015.08.14 16:14:30.087,0.96519,0.96549,1.75,1.75
2015.08.14 16:14:30.851,0.96519,0.96544,1.75,1.00
2015.08.14 16:14:31.869,0.96517,0.96546,1.75,1.75
2015.08.14 16:14:32.379,0.96524,0.96548,1.00,1.75
2015.08.14 16:14:32.429,0.96519,0.96548,1.75,1.75
2015.08.14 16:14:32.972,0.96523,0.96549,1.00,3.00
2015.08.14 16:14:34.123,0.96524,0.96547,1.00,1.75
2015.08.14 16:14:37.086,0.96519,0.96545,1.75,1.75
2015.08.14 16:14:37.681,0.96523,0.96547,1.00,1.75
2015.08.14 16:14:38.660,0.96518,0.96547,2.25,1.75
2015.08.14 16:14:38.834,0.96524,0.96547,1.00,1.75
2015.08.14 16:14:39.948,0.96519,0.96547,1.75,1.75
2015.08.14 16:14:40.049,0.96524,0.96547,1.00,1.75
2015.08.14 16:14:40.403,0.96519,0.96548,1.75,1.75
2015.08.14 16:14:40.454,0.9652,0.9655,1.75,3.00
2015.08.14 16:14:40.555,0.9652,0.9655,1.75,1.75
2015.08.14 16:14:43.002,0.96523,0.96549,1.12,1.75
2015.08.14 16:14:45.900,0.96524,0.9655,1.00,2.25
2015.08.14 16:14:46.595,0.96524,0.96551,1.37,2.25
2015.08.14 16:14:46.805,0.96525,0.96554,3.00,1.75
2015.08.14 16:14:47.006,0.96528,0.96554,1.75,1.75
2015.08.14 16:14:47.309,0.96524,0.96553,1.75,1.75
2015.08.14 16:14:47.857,0.96527,0.96549,1.00,1.00
2015.08.14 16:14:48.110,0.96524,0.96552,1.75,1.75
2015.08.14 16:14:48.362,0.96524,0.96551,1.75,1.75
2015.08.14 16:14:48.887,0.96524,0.96551,1.50,1.75
2015.08.14 16:14:48.988,0.96524,0.96546,1.50,1.00
2015.08.14 16:14:50.094,0.96524,0.96548,1.50,1.50
2015.08.14 16:14:50.195,0.96523,0.96548,1.75,1.12
2015.08.14 16:14:50.913,0.96525,0.96551,1.00,1.75
2015.08.14 16:14:51.215,0.96524,0.96547,1.12,1.75
2015.08.14 16:14:51.467,0.96526,0.96553,1.00,2.25
2015.08.14 16:14:51.568,0.96524,0.96554,1.75,2.25
2015.08.14 16:14:52.208,0.96524,0.96552,1.50,3.00
2015.08.14 16:14:52.730,0.96524,0.96552,1.12,3.00
2015.08.14 16:14:54.599,0.96524,0.96551,1.00,2.25
2015.08.14 16:14:54.701,0.96519,0.96548,1.75,2.25
2015.08.14 16:15:00.518,0.96519,0.96551,3.00,1.75
2015.08.14 16:15:00.914,0.96521,0.96554,1.75,2.25
2015.08.14 16:15:03.219,0.96529,0.96551,1.00,1.00
2015.08.14 16:15:04.069,0.96524,0.96554,1.75,1.75
2015.08.14 16:15:04.372,0.96524,0.96545,1.00,1.00
2015.08.14 16:15:05.664,0.96523,0.96545,1.00,1.00
2015.08.14 16:15:06.183,0.96524,0.96545,1.00,1.00
2015.08.14 16:15:13.390,0.96523,0.96545,1.00,1.00
2015.08.14 16:15:13.918,0.96524,0.96545,1.00,1.00
2015.08.14 16:15:17.275,0.96524,0.96542,1.00,1.00
2015.08.14 16:15:17.327,0.96518,0.9654,1.50,1.00
2015.08.14 16:15:17.831,0.96519,0.9654,1.00,1.00
2015.08.14 16:15:18.138,0.96519,0.96548,1.50,2.25
2015.08.14 16:15:18.640,0.96519,0.96549,2.25,2.25
2015.08.14 16:15:21.807,0.96519,0.96546,1.00,2.25
2015.08.14 16:15:22.109,0.96518,0.96543,1.00,2.25
2015.08.14 16:15:24.272,0.96518,0.96545,1.00,2.25
2015.08.14 16:15:24.323,0.96518,0.96545,1.00,3.75
2015.08.14 16:15:24.827,0.96519,0.96544,1.00,2.25
2015.08.14 16:15:26.817,0.96518,0.96544,1.00,2.25
2015.08.14 16:15:34.832,0.96514,0.96536,1.50,1.00
2015.08.14 16:15:34.883,0.96514,0.96536,1.50,1.00
2015.08.14 16:15:35.391,0.96514,0.96541,1.12,2.25
2015.08.14 16:15:35.718,0.96514,0.96538,1.00,2.25
2015.08.14 16:15:36.268,0.96513,0.96538,1.00,2.25
2015.08.14 16:15:40.985,0.96513,0.96531,1.00,1.00
2015.08.14 16:15:41.311,0.96513,0.96536,1.00,3.00
2015.08.14 16:15:42.840,0.96509,0.96536,1.12,2.25
2015.08.14 16:15:43.193,0.9651,0.96532,1.50,1.00
2015.08.14 16:15:43.395,0.96511,0.9654,1.50,2.25
2015.08.14 16:15:43.446,0.96514,0.96536,1.00,1.00
2015.08.14 16:15:44.499,0.96514,0.96543,1.50,3.00
2015.08.14 16:15:45.018,0.96513,0.96543,2.25,1.75
2015.08.14 16:15:53.209,0.96515,0.96539,1.50,1.00
2015.08.14 16:15:53.411,0.96523,0.96545,1.00,1.00
2015.08.14 16:15:54.095,0.96524,0.96545,1.00,1.00
2015.08.14 16:15:54.610,0.96523,0.96545,1.00,1.00
2015.08.14 16:15:56.040,0.96524,0.96545,1.00,1.00
2015.08.14 16:15:57.176,0.96523,0.96545,1.00,1.00
2015.08.14 16:15:57.491,0.96521,0.96551,1.75,2.25
2015.08.14 16:15:57.995,0.96523,0.96551,2.25,1.75
2015.08.14 16:16:04.875,0.96529,0.96553,1.00,3.00
2015.08.14 16:16:05.486,0.96528,0.96553,1.00,3.00
2015.08.14 16:16:06.240,0.96528,0.96554,1.37,2.25
2015.08.14 16:16:06.291,0.96529,0.96551,1.00,1.00
2015.08.14 16:16:06.442,0.96522,0.96552,1.75,1.75
2015.08.14 16:16:06.493,0.96523,0.96552,1.75,1.75
2015.08.14 16:16:06.545,0.96523,0.96548,1.75,1.00
2015.08.14 16:16:06.845,0.96529,0.96548,1.00,1.00
2015.08.14 16:16:07.191,0.96529,0.96553,1.00,3.00
2015.08.14 16:16:07.393,0.96524,0.96553,1.75,3.00
2015.08.14 16:16:08.324,0.96524,0.9655,1.50,2.25
2015.08.14 16:16:08.834,0.96524,0.96551,1.12,3.00
2015.08.14 16:16:09.237,0.96524,0.96548,1.00,1.75
2015.08.14 16:16:09.388,0.96518,0.96548,2.25,1.75
2015.08.14 16:16:09.539,0.96518,0.96546,1.75,2.25
2015.08.14 16:16:10.087,0.96519,0.96545,1.12,1.75
2015.08.14 16:16:11.059,0.96519,0.96544,1.00,3.00
2015.08.14 16:16:11.363,0.96519,0.96543,1.00,2.25
2015.08.14 16:16:11.742,0.96519,0.96543,1.00,1.75
2015.08.14 16:16:12.584,0.96513,0.96544,1.75,3.00
2015.08.14 16:16:13.468,0.96518,0.96544,1.00,2.25
2015.08.14 16:16:13.678,0.96514,0.96548,1.75,2.25
2015.08.14 16:16:13.779,0.96514,0.9655,3.00,2.25
2015.08.14 16:16:14.095,0.96524,0.9655,1.00,2.25
2015.08.14 16:16:15.871,0.96519,0.96549,1.75,1.75
2015.08.14 16:16:15.972,0.96518,0.96544,1.75,1.00
2015.08.14 16:16:17.087,0.96519,0.96548,1.75,1.75
2015.08.14 16:16:17.138,0.96518,0.96546,1.75,1.75
2015.08.14 16:16:17.188,0.96518,0.96543,1.37,2.25
2015.08.14 16:16:17.239,0.96518,0.96536,1.00,1.00
2015.08.14 16:16:17.592,0.96513,0.96538,1.75,1.50
2015.08.14 16:16:17.859,0.96515,0.96543,1.37,2.25
2015.08.14 16:16:17.910,0.96514,0.96542,1.75,1.50
2015.08.14 16:16:17.961,0.96514,0.96542,3.00,1.00
2015.08.14 16:16:18.063,0.96514,0.96542,3.00,1.37
2015.08.14 16:16:18.114,0.96514,0.96541,1.75,1.75
2015.08.14 16:16:18.164,0.96514,0.96541,1.75,1.75
2015.08.14 16:16:18.536,0.96514,0.96541,1.75,1.75
2015.08.14 16:16:19.196,0.96514,0.96544,2.25,1.75
2015.08.14 16:16:19.504,0.96515,0.96544,1.75,1.75
2015.08.14 16:16:22.263,0.96519,0.96547,1.37,1.75
2015.08.14 16:16:22.770,0.96519,0.96547,1.75,1.75
2015.08.14 16:16:24.084,0.9652,0.96547,1.00,1.75
2015.08.14 16:16:24.336,0.96513,0.96544,1.75,1.75
2015.08.14 16:16:24.609,0.96513,0.9654,1.75,1.50
2015.08.14 16:16:24.660,0.96514,0.96536,1.00,1.00
2015.08.14 16:16:26.125,0.96509,0.96535,1.50,1.37
2015.08.14 16:16:26.175,0.96509,0.96535,1.12,1.75
2015.08.14 16:16:29.271,0.96509,0.96533,1.00,1.75
2015.08.14 16:16:29.793,0.96509,0.96532,1.00,1.75
2015.08.14 16:16:29.844,0.96514,0.96532,1.00,1.75
2015.08.14 16:16:29.995,0.96514,0.9653,1.00,1.00
2015.08.14 16:16:30.096,0.96514,0.96533,1.00,1.00
2015.08.14 16:16:30.147,0.96509,0.96537,1.87,1.75
2015.08.14 16:16:30.197,0.96509,0.96533,1.37,1.75
2015.08.14 16:16:30.647,0.96513,0.96537,1.00,1.75
2015.08.14 16:16:31.280,0.96509,0.96539,1.75,3.00
2015.08.14 16:16:36.595,0.96512,0.9654,1.37,2.25
2015.08.14 16:16:36.646,0.96512,0.96541,1.75,1.75
2015.08.14 16:16:36.901,0.96513,0.96542,2.25,3.00
2015.08.14 16:16:37.207,0.96513,0.96539,1.50,2.25
2015.08.14 16:16:37.716,0.96514,0.96539,1.00,2.25
2015.08.14 16:16:44.599,0.96514,0.96537,1.00,2.25
2015.08.14 16:16:45.106,0.96513,0.96537,1.00,2.25
2015.08.14 16:16:45.268,0.9651,0.96537,1.12,2.25
2015.08.14 16:16:45.319,0.9651,0.96531,1.37,1.00
2015.08.14 16:16:48.437,0.96513,0.96538,1.00,2.25
2015.08.14 16:16:48.720,0.9651,0.96537,1.00,2.25
2015.08.14 16:16:49.609,0.96514,0.96537,1.00,2.25
2015.08.14 16:16:51.947,0.96514,0.96532,1.00,1.00
2015.08.14 16:16:52.148,0.9651,0.96532,1.00,1.00
2015.08.14 16:16:52.400,0.96513,0.96532,1.00,1.00
2015.08.14 16:16:52.853,0.96513,0.96537,1.00,2.25
2015.08.14 16:16:54.579,0.96514,0.96537,1.00,2.25
2015.08.14 16:16:54.781,0.96509,0.96537,1.50,2.25
2015.08.14 16:16:55.390,0.96514,0.96537,1.00,2.25
2015.08.14 16:16:56.869,0.96509,0.96537,1.50,2.25
2015.08.14 16:16:57.629,0.96509,0.96534,1.50,2.25
2015.08.14 16:16:58.487,0.96508,0.96534,1.12,2.25
2015.08.14 16:16:59.072,0.96509,0.96534,1.00,2.25
2015.08.14 16:16:59.927,0.96508,0.96534,1.87,2.25
2015.08.14 16:17:03.173,0.96507,0.96533,1.00,2.25
2015.08.14 16:17:03.969,0.96506,0.96533,1.12,2.25
2015.08.14 16:17:04.520,0.96507,0.96533,1.00,2.25
2015.08.14 16:17:05.029,0.96504,0.96533,1.50,2.25
2015.08.14 16:17:05.332,0.965,0.96523,1.37,1.00
2015.08.14 16:17:05.675,0.965,0.96528,1.37,2.25
2015.08.14 16:17:06.479,0.96504,0.96528,1.00,2.25
2015.08.14 16:17:07.182,0.96506,0.96528,1.00,2.25
2015.08.14 16:17:07.544,0.96506,0.96532,1.12,2.25
2015.08.14 16:17:08.104,0.96507,0.96532,1.00,2.25
2015.08.14 16:17:08.255,0.96505,0.96532,1.00,2.25
2015.08.14 16:17:08.507,0.96503,0.96532,1.87,3.00
2015.08.14 16:17:10.292,0.96504,0.96532,1.00,3.00
2015.08.14 16:17:10.944,0.96507,0.96526,1.12,1.00
2015.08.14 16:17:11.146,0.96508,0.96535,1.37,2.25
2015.08.14 16:17:11.815,0.96508,0.96535,1.37,3.75
2015.08.14 16:17:12.319,0.96508,0.96528,1.00,1.00
2015.08.14 16:17:13.909,0.9651,0.96528,1.00,1.00
2015.08.14 16:17:14.111,0.96508,0.96528,1.50,1.00
2015.08.14 16:17:14.770,0.96509,0.96528,1.00,1.00
2015.08.14 16:17:15.374,0.96509,0.96536,1.12,2.25
2015.08.14 16:17:15.916,0.96509,0.96528,1.00,1.00
2015.08.14 16:17:17.520,0.96508,0.96528,1.50,1.00
2015.08.14 16:17:18.024,0.96509,0.96528,1.00,1.00
2015.08.14 16:17:18.574,0.96508,0.96528,1.50,1.00
2015.08.14 16:17:19.077,0.96509,0.96528,1.00,1.00
2015.08.14 16:17:19.229,0.9651,0.96537,1.00,2.25
2015.08.14 16:17:19.330,0.96513,0.96537,1.00,2.25
2015.08.14 16:17:20.177,0.9651,0.96537,1.00,2.25
2015.08.14 16:17:22.140,0.96509,0.96537,1.00,2.25
2015.08.14 16:17:24.673,0.96509,0.96538,1.87,2.25
2015.08.14 16:17:25.182,0.96509,0.96539,2.25,2.25
2015.08.14 16:17:30.168,0.96511,0.96539,1.00,3.00
2015.08.14 16:17:31.171,0.96508,0.96539,2.25,2.25
2015.08.14 16:17:32.967,0.9651,0.96537,1.12,2.25
2015.08.14 16:17:33.017,0.9651,0.96535,1.00,2.25
2015.08.14 16:17:33.535,0.96509,0.96535,1.87,2.25
2015.08.14 16:17:34.068,0.9651,0.96535,1.00,2.25
2015.08.14 16:17:34.598,0.96509,0.96535,1.87,2.25
2015.08.14 16:17:36.343,0.96508,0.96535,1.37,3.75
2015.08.14 16:17:36.901,0.96508,0.96528,1.50,1.00
2015.08.14 16:17:37.232,0.96508,0.9653,2.25,1.00
2015.08.14 16:17:37.736,0.96509,0.9653,1.00,1.00
2015.08.14 16:17:43.304,0.96508,0.9653,1.50,1.00
2015.08.14 16:17:43.923,0.96509,0.9653,1.00,1.00
2015.08.14 16:17:44.470,0.96508,0.9653,2.25,1.00
2015.08.14 16:17:45.780,0.96509,0.9653,1.00,1.00
2015.08.14 16:17:50.491,0.96513,0.9653,1.00,1.00
2015.08.14 16:17:50.643,0.96514,0.96542,1.75,1.75
2015.08.14 16:17:50.744,0.96515,0.96543,1.75,1.75
2015.08.14 16:17:50.895,0.96515,0.96543,1.50,1.75
2015.08.14 16:17:51.399,0.96513,0.96543,1.75,2.25
2015.08.14 16:17:51.705,0.96513,0.9654,1.37,2.25
2015.08.14 16:17:52.662,0.96514,0.96543,1.50,2.25
2015.08.14 16:17:53.040,0.96513,0.96541,1.87,2.25
2015.08.14 16:17:53.244,0.96513,0.96539,1.00,2.25
2015.08.14 16:17:56.359,0.96513,0.9654,1.87,2.25
2015.08.14 16:17:56.864,0.96513,0.96541,1.50,2.25
2015.08.14 16:17:57.530,0.96515,0.96541,1.00,2.25
2015.08.14 16:17:58.075,0.96514,0.96541,1.12,2.25
2015.08.14 16:17:58.973,0.96515,0.96541,1.00,2.25
2015.08.14 16:17:59.479,0.96515,0.96543,1.50,2.25
2015.08.14 16:17:59.681,0.96514,0.96541,1.12,3.00
2015.08.14 16:18:00.235,0.96514,0.96539,1.00,2.25
2015.08.14 16:18:01.455,0.96514,0.9654,1.00,2.25
2015.08.14 16:18:01.506,0.96514,0.96542,1.00,3.00
2015.08.14 16:18:06.248,0.96514,0.96544,1.50,3.00
2015.08.14 16:18:06.349,0.96515,0.96541,1.00,2.25
2015.08.14 16:18:06.450,0.96515,0.96537,1.50,1.00
2015.08.14 16:18:07.896,0.96516,0.96544,1.37,2.25
2015.08.14 16:18:07.946,0.96518,0.9654,1.00,1.00
2015.08.14 16:18:07.997,0.96517,0.96546,1.75,3.75
2015.08.14 16:18:08.501,0.96516,0.96545,1.75,2.25
2015.08.14 16:18:09.968,0.96514,0.96543,1.75,1.75
2015.08.14 16:18:10.279,0.96513,0.96541,2.25,1.75
2015.08.14 16:18:10.330,0.96513,0.96535,2.25,1.00
2015.08.14 16:18:10.589,0.96514,0.96542,1.37,1.75
2015.08.14 16:18:10.640,0.96514,0.96542,1.50,1.75
2015.08.14 16:18:11.145,0.96516,0.96543,1.00,3.00
2015.08.14 16:18:11.658,0.96514,0.96542,1.50,1.75
2015.08.14 16:18:12.699,0.96511,0.96539,1.50,1.75
2015.08.14 16:18:13.021,0.96508,0.96534,1.50,2.25
2015.08.14 16:18:13.525,0.96507,0.96534,1.12,2.25
2015.08.14 16:18:13.979,0.96507,0.96535,1.50,3.00
2015.08.14 16:18:26.986,0.96508,0.96534,1.00,3.00
2015.08.14 16:18:42.206,0.96508,0.9653,1.00,2.25
2015.08.14 16:18:42.257,0.96505,0.9653,1.00,2.25
2015.08.14 16:18:42.761,0.96504,0.9653,1.00,2.25
2015.08.14 16:18:43.276,0.96509,0.9653,1.00,2.25
2015.08.14 16:18:44.808,0.96504,0.9653,1.00,2.25
2015.08.14 16:18:45.413,0.96504,0.96526,1.50,1.00
2015.08.14 16:18:45.514,0.96507,0.96526,1.00,1.00
2015.08.14 16:18:45.716,0.96507,0.96535,1.00,2.25
2015.08.14 16:18:47.198,0.96509,0.96535,1.00,3.00
2015.08.14 16:18:55.071,0.96511,0.96535,1.00,2.25
2015.08.14 16:18:55.172,0.96512,0.96533,1.00,1.00
2015.08.14 16:18:55.273,0.96511,0.96538,1.12,2.25
2015.08.14 16:18:55.475,0.96512,0.96533,1.50,1.00
2015.08.14 16:18:55.576,0.96513,0.9654,1.37,2.25
2015.08.14 16:18:55.917,0.96519,0.96542,1.00,1.75
2015.08.14 16:18:56.905,0.96515,0.96543,1.12,3.00
2015.08.14 16:18:57.185,0.96511,0.96538,1.37,1.75
2015.08.14 16:18:57.236,0.96509,0.96537,1.37,3.00
2015.08.14 16:18:57.740,0.96509,0.96529,1.00,1.00
2015.08.14 16:19:00.204,0.96509,0.96535,1.00,2.25
2015.08.14 16:19:04.393,0.96508,0.96532,1.00,3.00
2015.08.14 16:19:04.595,0.96504,0.96531,1.12,3.00
2015.08.14 16:19:05.406,0.96504,0.96529,1.12,2.25
2015.08.14 16:19:05.983,0.96504,0.96528,1.00,2.25
2015.08.14 16:19:07.753,0.96504,0.96525,1.00,1.00
2015.08.14 16:19:08.259,0.96505,0.96525,1.00,1.00
2015.08.14 16:19:08.461,0.96505,0.96533,1.50,1.75
2015.08.14 16:19:08.871,0.96509,0.96535,1.00,2.25
2015.08.14 16:19:09.023,0.96504,0.96533,1.87,2.25
2015.08.14 16:19:09.326,0.96502,0.96531,1.50,2.25
2015.08.14 16:19:09.376,0.96502,0.96524,1.00,1.00
2015.08.14 16:19:10.029,0.96504,0.96524,1.00,1.00
2015.08.14 16:19:10.332,0.96509,0.96533,1.00,3.00
2015.08.14 16:19:11.129,0.96511,0.96537,1.00,2.25
2015.08.14 16:19:11.638,0.9651,0.96539,1.75,1.75
2015.08.14 16:19:11.791,0.9651,0.96539,1.75,1.75
2015.08.14 16:19:12.382,0.96508,0.96536,1.50,1.75
2015.08.14 16:19:12.433,0.96506,0.96536,1.75,1.75
2015.08.14 16:19:12.937,0.96506,0.96536,1.50,1.75
2015.08.14 16:19:12.988,0.96506,0.96536,1.50,1.75
2015.08.14 16:19:13.290,0.96509,0.96536,1.00,1.75
2015.08.14 16:19:13.824,0.96508,0.96535,1.00,1.75
2015.08.14 16:19:15.327,0.96508,0.96533,1.00,2.25
2015.08.14 16:19:15.831,0.96509,0.96531,1.00,3.00
2015.08.14 16:19:16.184,0.96509,0.96529,1.00,2.25
2015.08.14 16:19:16.799,0.96503,0.96529,1.00,3.00
2015.08.14 16:19:17.152,0.96508,0.96529,1.00,3.00
2015.08.14 16:19:23.845,0.96503,0.96529,1.00,2.25
2015.08.14 16:19:24.268,0.96509,0.96529,1.00,2.25
2015.08.14 16:19:24.680,0.96509,0.96531,1.00,4.50
2015.08.14 16:19:25.263,0.96509,0.96525,1.00,1.00
2015.08.14 16:19:31.910,0.96509,0.96528,1.00,2.25
2015.08.14 16:19:32.221,0.965,0.96527,1.12,2.25
2015.08.14 16:19:32.725,0.96499,0.96524,1.00,2.25
2015.08.14 16:19:34.047,0.96499,0.96521,2.25,1.00
2015.08.14 16:19:34.249,0.96501,0.96521,1.00,1.00
2015.08.14 16:19:34.699,0.96499,0.96521,2.25,1.00
2015.08.14 16:19:35.215,0.96499,0.96519,1.00,1.00
2015.08.14 16:19:45.371,0.96499,0.96527,1.12,1.75
2015.08.14 16:19:47.056,0.96504,0.96528,1.00,3.00
2015.08.14 16:19:48.611,0.96499,0.96527,1.12,1.75
2015.08.14 16:19:49.097,0.96499,0.96525,1.50,1.75
2015.08.14 16:19:49.148,0.96501,0.96523,1.00,1.00
2015.08.14 16:19:49.250,0.96503,0.96523,1.00,1.00
2015.08.14 16:19:49.351,0.96501,0.96523,1.00,1.00
2015.08.14 16:19:49.401,0.96499,0.96529,1.75,1.75
2015.08.14 16:19:49.452,0.96504,0.96526,1.00,1.00
2015.08.14 16:19:49.708,0.96504,0.96529,1.12,1.75
2015.08.14 16:19:49.860,0.96504,0.96531,1.12,1.75
2015.08.14 16:19:53.182,0.96503,0.96534,2.25,2.25
2015.08.14 16:19:53.687,0.96508,0.9653,1.50,1.00
2015.08.14 16:19:53.788,0.96508,0.96528,1.00,1.00
2015.08.14 16:19:55.615,0.96508,0.96535,1.12,1.75
2015.08.14 16:19:56.774,0.96508,0.96533,1.00,1.75
2015.08.14 16:19:59.974,0.96508,0.96536,1.12,4.50
2015.08.14 16:20:00.024,0.96508,0.9653,1.50,1.00
2015.08.14 16:20:00.462,0.96508,0.9653,2.25,1.00
2015.08.14 16:20:01.607,0.96511,0.96537,1.00,2.25
2015.08.14 16:20:02.173,0.96509,0.96537,2.25,2.25
2015.08.14 16:20:09.416,0.96509,0.96537,1.75,1.75
2015.08.14 16:20:10.019,0.9651,0.9654,1.75,1.75
2015.08.14 16:20:12.484,0.96514,0.96539,1.00,1.75
2015.08.14 16:20:12.803,0.96511,0.96533,1.00,1.00
2015.08.14 16:20:14.893,0.96513,0.96533,1.00,1.00
2015.08.14 16:20:17.743,0.96511,0.96533,1.00,1.00
2015.08.14 16:20:20.869,0.96514,0.96533,1.00,1.00
2015.08.14 16:20:23.557,0.96511,0.96533,1.50,1.00
2015.08.14 16:20:25.327,0.96514,0.96533,1.00,1.00
2015.08.14 16:20:26.287,0.96514,0.96535,1.50,1.00
2015.08.14 16:20:26.338,0.96518,0.9654,1.00,1.00
2015.08.14 16:20:26.883,0.96519,0.9654,1.00,1.00
2015.08.14 16:20:27.938,0.96519,0.96542,1.00,1.75
2015.08.14 16:20:28.090,0.96514,0.9654,1.00,2.25
2015.08.14 16:20:29.647,0.96508,0.96538,2.25,1.75
2015.08.14 16:20:33.356,0.96514,0.96537,1.00,1.75
2015.08.14 16:20:34.158,0.96509,0.96539,1.75,1.75
2015.08.14 16:20:44.440,0.96512,0.96539,1.00,2.25
2015.08.14 16:20:53.277,0.96508,0.96537,1.37,3.00
2015.08.14 16:20:53.881,0.96508,0.96537,1.75,3.00
2015.08.14 16:20:57.594,0.96514,0.96535,1.00,1.00
2015.08.14 16:20:57.696,0.96516,0.96538,1.00,1.00
2015.08.14 16:20:57.797,0.96514,0.96543,1.75,1.75
2015.08.14 16:21:12.826,0.96514,0.96542,1.37,3.00
2015.08.14 16:21:16.499,0.96516,0.96538,1.00,1.00
2015.08.14 16:21:20.345,0.9651,0.96537,1.00,2.25
2015.08.14 16:21:20.649,0.96508,0.96532,1.00,2.25
2015.08.14 16:21:21.106,0.96508,0.96534,1.50,2.25
2015.08.14 16:21:21.610,0.96508,0.96536,1.50,2.25
2015.08.14 16:21:23.915,0.96509,0.96536,1.00,2.25
2015.08.14 16:21:24.218,0.96508,0.96533,1.00,2.25
2015.08.14 16:21:26.757,0.96514,0.96535,1.00,2.25
2015.08.14 16:21:26.858,0.96515,0.96541,1.00,2.25
2015.08.14 16:21:27.060,0.96519,0.96541,1.00,2.25
2015.08.14 16:21:27.428,0.96514,0.96541,1.12,2.25
2015.08.14 16:21:27.531,0.96515,0.96542,1.37,2.25
2015.08.14 16:21:27.833,0.96519,0.96542,1.00,2.25
2015.08.14 16:21:27.934,0.96514,0.96541,2.25,1.75
2015.08.14 16:21:33.783,0.96514,0.96542,1.87,4.50
2015.08.14 16:21:33.834,0.96514,0.96541,1.12,2.25
2015.08.14 16:21:37.344,0.96514,0.96537,1.75,1.50
2015.08.14 16:21:37.648,0.96514,0.9653,1.00,1.00
2015.08.14 16:21:38.051,0.96509,0.9653,1.50,1.00
2015.08.14 16:21:43.392,0.96508,0.9653,1.00,1.00
2015.08.14 16:21:43.543,0.96504,0.9653,1.75,1.50
2015.08.14 16:21:43.846,0.96509,0.96532,1.00,2.25
2015.08.14 16:21:43.947,0.96507,0.96534,1.37,2.25
2015.08.14 16:21:44.300,0.96509,0.96535,1.00,2.25
2015.08.14 16:21:45.453,0.96509,0.9653,1.00,1.00
2015.08.14 16:21:46.111,0.96511,0.9653,1.00,1.00
2015.08.14 16:21:46.337,0.96513,0.9654,1.12,2.25
2015.08.14 16:21:46.841,0.96514,0.9654,1.00,2.25
2015.08.14 16:21:47.449,0.96514,0.96542,1.12,3.00
2015.08.14 16:21:47.851,0.96514,0.96537,1.37,1.00
2015.08.14 16:21:48.249,0.96514,0.96542,1.75,1.75
2015.08.14 16:21:48.753,0.96513,0.96541,2.25,1.75
2015.08.14 16:22:04.686,0.96514,0.96542,1.12,1.75
2015.08.14 16:22:07.090,0.96514,0.96537,1.00,3.00
2015.08.14 16:22:07.144,0.96507,0.96537,1.75,3.00
2015.08.14 16:22:07.597,0.96509,0.96535,1.00,3.00
2015.08.14 16:22:08.101,0.96504,0.96532,2.25,1.75
2015.08.14 16:22:09.124,0.96504,0.96526,1.50,1.00
2015.08.14 16:22:13.184,0.96504,0.96526,1.75,1.00
2015.08.14 16:22:13.234,0.96504,0.96526,1.50,1.50
2015.08.14 16:22:13.335,0.96504,0.96526,1.00,1.75
2015.08.14 16:22:13.848,0.96498,0.96527,1.75,1.75
2015.08.14 16:22:15.050,0.96499,0.96526,1.50,1.75
2015.08.14 16:22:15.101,0.96499,0.96521,1.50,1.00
2015.08.14 16:22:16.811,0.96499,0.96523,1.12,1.75
2015.08.14 16:22:20.917,0.96499,0.9652,1.37,1.00
2015.08.14 16:22:21.827,0.96495,0.96517,1.00,1.00
2015.08.14 16:22:21.928,0.96493,0.96515,1.00,1.00
2015.08.14 16:22:22.231,0.96493,0.96522,1.75,1.75
2015.08.14 16:22:22.534,0.96499,0.96521,1.50,1.00
2015.08.14 16:22:22.836,0.96504,0.96521,1.00,1.00
2015.08.14 16:22:23.295,0.96499,0.96521,1.50,1.00
2015.08.14 16:22:27.233,0.96498,0.96525,1.12,1.75
2015.08.14 16:22:27.536,0.96494,0.96522,1.75,1.75
2015.08.14 16:22:28.075,0.96498,0.96521,1.00,1.75
2015.08.14 16:22:30.161,0.96498,0.96522,1.00,2.25
2015.08.14 16:22:30.363,0.96498,0.96523,1.00,2.25
2015.08.14 16:22:31.400,0.96495,0.96523,1.50,2.25
2015.08.14 16:22:31.753,0.96493,0.96523,2.25,1.75
2015.08.14 16:22:33.587,0.96499,0.96524,1.00,2.25
2015.08.14 16:22:33.936,0.96494,0.96515,1.00,1.00
2015.08.14 16:22:34.138,0.96498,0.96515,1.00,1.00
2015.08.14 16:22:34.391,0.96494,0.96515,1.00,1.00
2015.08.14 16:22:34.752,0.96494,0.96519,1.00,3.00
2015.08.14 16:22:40.840,0.96494,0.96517,1.00,3.00
2015.08.14 16:22:41.092,0.9649,0.96517,1.12,3.00
2015.08.14 16:22:45.273,0.96494,0.96518,1.00,3.00
2015.08.14 16:22:47.171,0.96494,0.96518,1.00,3.00
2015.08.14 16:22:47.373,0.96489,0.96518,1.12,3.00
2015.08.14 16:22:49.883,0.96494,0.96518,1.00,2.25
2015.08.14 16:22:52.080,0.96489,0.96518,1.12,2.25
2015.08.14 16:22:52.131,0.96491,0.96518,1.00,2.25
2015.08.14 16:22:52.434,0.96497,0.96522,1.00,2.25
2015.08.14 16:22:52.485,0.96492,0.9652,1.75,1.75
2015.08.14 16:22:52.590,0.96492,0.9652,1.75,3.00
2015.08.14 16:22:52.692,0.96491,0.9652,1.12,2.25
2015.08.14 16:22:52.843,0.96494,0.9652,1.00,2.25
2015.08.14 16:22:52.894,0.96494,0.96522,1.50,1.75
2015.08.14 16:22:53.291,0.96494,0.96518,1.00,2.25
2015.08.14 16:22:56.613,0.96493,0.96518,1.00,2.25
2015.08.14 16:22:59.579,0.96493,0.96514,1.00,1.00
2015.08.14 16:23:04.327,0.96493,0.96515,1.00,1.75
2015.08.14 16:23:07.354,0.96489,0.96515,1.50,1.75
2015.08.14 16:23:07.612,0.96494,0.96515,1.00,1.75
2015.08.14 16:23:08.286,0.96489,0.9651,1.00,1.00
2015.08.14 16:23:08.817,0.96488,0.9651,1.50,1.00
2015.08.14 16:23:13.154,0.9649,0.9651,1.00,1.00
2015.08.14 16:23:13.205,0.96493,0.9652,1.50,1.75
2015.08.14 16:23:14.698,0.96489,0.96518,1.75,1.75
2015.08.14 16:23:15.101,0.96489,0.96511,1.50,1.00
2015.08.14 16:23:15.740,0.96486,0.96515,1.75,2.25
2015.08.14 16:23:16.240,0.96489,0.96516,1.50,1.75
2015.08.14 16:23:16.341,0.96493,0.96515,1.00,1.00
2015.08.14 16:23:16.643,0.96495,0.96517,1.00,1.00
2015.08.14 16:23:17.003,0.96494,0.9652,1.50,1.75
2015.08.14 16:23:17.508,0.96494,0.96518,1.12,1.75
2015.08.14 16:23:25.074,0.96498,0.96521,1.00,3.00
2015.08.14 16:23:25.724,0.96498,0.96524,1.00,2.25
2015.08.14 16:23:28.711,0.96494,0.96524,1.50,3.00
2015.08.14 16:23:28.862,0.96494,0.96515,1.50,1.00
2015.08.14 16:23:29.266,0.96499,0.96515,1.00,1.00
2015.08.14 16:23:29.853,0.96499,0.96522,1.00,1.75
2015.08.14 16:23:30.055,0.96499,0.9652,1.00,1.00
2015.08.14 16:23:30.357,0.96503,0.96525,1.00,1.75
2015.08.14 16:23:30.459,0.96504,0.96524,1.00,1.50
2015.08.14 16:23:30.560,0.96504,0.96519,1.00,1.00
2015.08.14 16:23:31.086,0.96504,0.96525,1.00,1.75
2015.08.14 16:23:32.554,0.96503,0.96526,1.00,3.00
2015.08.14 16:23:33.086,0.96504,0.96524,1.00,1.75
2015.08.14 16:23:33.949,0.96504,0.96525,1.00,1.75
2015.08.14 16:23:35.057,0.96504,0.96526,1.00,3.00
2015.08.14 16:23:35.646,0.96503,0.96526,1.00,3.00
2015.08.14 16:23:36.175,0.96503,0.96525,1.00,1.75
2015.08.14 16:23:37.869,0.96499,0.96527,1.87,2.25
2015.08.14 16:23:37.971,0.96499,0.9653,2.25,1.75
2015.08.14 16:23:38.484,0.96504,0.96531,1.00,2.25
2015.08.14 16:23:38.535,0.96509,0.96528,1.00,1.00
2015.08.14 16:23:39.497,0.96509,0.96534,1.12,1.75
2015.08.14 16:23:39.709,0.96506,0.96528,1.00,1.00
2015.08.14 16:23:39.810,0.96508,0.96528,1.00,1.00
2015.08.14 16:23:40.585,0.96506,0.96528,1.00,1.00
2015.08.14 16:23:40.987,0.96504,0.96532,2.25,2.25
2015.08.14 16:23:42.582,0.96509,0.96532,1.00,2.25
2015.08.14 16:23:43.324,0.96504,0.96532,1.50,3.00
2015.08.14 16:23:49.595,0.96504,0.96531,1.12,2.25
2015.08.14 16:23:52.879,0.96504,0.96528,1.00,2.25
2015.08.14 16:23:54.506,0.96504,0.96528,1.00,1.75
2015.08.14 16:23:56.167,0.96504,0.96522,1.00,1.00
2015.08.14 16:23:59.833,0.96503,0.96522,1.00,1.00
2015.08.14 16:24:02.340,0.96504,0.96522,1.00,1.00
2015.08.14 16:24:06.314,0.96503,0.96522,1.00,1.00
2015.08.14 16:24:06.868,0.96504,0.96523,1.00,1.37
2015.08.14 16:24:07.020,0.96498,0.96523,1.00,1.75
2015.08.14 16:24:07.205,0.96499,0.96523,1.00,3.00
2015.08.14 16:24:07.859,0.96498,0.96523,1.12,2.25
2015.08.14 16:24:07.910,0.96498,0.96526,1.50,2.25
2015.08.14 16:24:08.285,0.96504,0.96526,1.00,2.25
2015.08.14 16:24:08.336,0.96499,0.96527,1.35,1.75
2015.08.14 16:24:08.626,0.96508,0.96528,1.00,3.00
2015.08.14 16:24:09.139,0.96509,0.96528,1.00,2.25
2015.08.14 16:24:09.414,0.96509,0.96525,1.00,1.00
2015.08.14 16:24:12.235,0.96509,0.96527,1.00,1.00
2015.08.14 16:24:12.745,0.96509,0.96528,1.00,1.35
2015.08.14 16:24:12.896,0.96504,0.96526,1.00,1.35
2015.08.14 16:24:13.047,0.96504,0.96526,1.00,3.60
2015.08.14 16:24:15.041,0.96504,0.96526,1.00,1.35
2015.08.14 16:24:19.398,0.96509,0.96526,1.00,1.35
2015.08.14 16:24:19.607,0.96504,0.96526,1.00,1.35
2015.08.14 16:24:24.640,0.96504,0.96523,1.00,1.00
2015.08.14 16:24:31.612,0.96509,0.96523,1.00,1.00
2015.08.14 16:24:35.401,0.96509,0.96525,1.00,1.00
2015.08.14 16:24:38.132,0.96509,0.96524,1.00,1.00
2015.08.14 16:24:38.183,0.96503,0.96524,1.00,3.00
2015.08.14 16:24:38.285,0.96499,0.96524,1.00,2.25
2015.08.14 16:24:38.813,0.96498,0.96518,1.00,1.50
2015.08.14 16:24:39.323,0.96498,0.96519,1.00,1.75
2015.08.14 16:24:39.775,0.96493,0.96519,1.75,1.75
2015.08.14 16:24:47.644,0.96498,0.96519,1.00,1.75
2015.08.14 16:24:47.997,0.96498,0.96518,1.00,1.00
2015.08.14 16:24:48.199,0.96499,0.96524,1.75,1.75
2015.08.14 16:24:51.982,0.96498,0.96521,1.37,1.50
2015.08.14 16:24:52.033,0.96498,0.96521,1.00,1.75
2015.08.14 16:24:56.850,0.96494,0.9652,1.75,1.75
2015.08.14 16:24:57.001,0.9649,0.9652,1.75,1.75
2015.08.14 16:24:59.411,0.96485,0.96514,1.50,3.00
2015.08.14 16:24:59.713,0.96483,0.96509,1.12,3.00
2015.08.14 16:25:00.632,0.96489,0.96514,1.00,1.75
2015.08.14 16:25:02.434,0.96489,0.96514,1.00,3.00
2015.08.14 16:25:05.514,0.96489,0.96511,1.00,1.75
2015.08.14 16:25:05.564,0.96484,0.96511,1.50,1.75
2015.08.14 16:25:05.925,0.96484,0.9651,1.00,1.75
2015.08.14 16:25:06.750,0.96484,0.9651,1.75,1.75
2015.08.14 16:25:09.857,0.96489,0.9651,1.00,1.75
2015.08.14 16:25:19.148,0.96489,0.96509,1.00,1.75
2015.08.14 16:25:19.350,0.96484,0.96509,1.00,1.75
2015.08.14 16:25:24.644,0.96484,0.96507,1.50,1.75
2015.08.14 16:25:25.369,0.96485,0.96507,1.00,1.00
2015.08.14 16:25:25.621,0.96494,0.96507,1.00,1.00
2015.08.14 16:25:25.672,0.96494,0.96511,1.00,1.50
2015.08.14 16:25:25.773,0.96494,0.96515,1.00,1.75
2015.08.14 16:25:26.308,0.96499,0.96515,1.00,1.75
2015.08.14 16:25:26.573,0.96494,0.96515,1.00,1.75
2015.08.14 16:25:26.674,0.96494,0.96515,1.00,1.50
2015.08.14 16:25:26.825,0.96499,0.96515,1.00,1.00
2015.08.14 16:25:27.654,0.96499,0.96522,1.50,1.37
2015.08.14 16:25:27.823,0.96508,0.96526,1.00,1.75
2015.08.14 16:25:28.079,0.96508,0.96527,1.00,1.75
2015.08.14 16:25:28.130,0.96504,0.96527,1.00,1.75
2015.08.14 16:25:28.615,0.96504,0.96526,1.00,1.75
2015.08.14 16:25:30.092,0.96508,0.96528,1.00,1.75
2015.08.14 16:25:30.499,0.96508,0.96524,1.00,1.00
2015.08.14 16:25:30.650,0.96504,0.96524,1.00,1.00
2015.08.14 16:25:30.801,0.96504,0.96532,1.75,1.75
2015.08.14 16:25:30.903,0.96509,0.96532,1.00,1.75
2015.08.14 16:25:32.876,0.96504,0.96526,1.50,1.00
2015.08.14 16:25:32.977,0.96504,0.96527,1.00,3.00
2015.08.14 16:25:33.079,0.96498,0.96527,1.37,3.00
2015.08.14 16:25:33.281,0.96499,0.96521,1.00,1.75
2015.08.14 16:25:33.394,0.96494,0.96521,1.75,1.75
2015.08.14 16:25:33.866,0.96494,0.96521,1.12,1.75
2015.08.14 16:25:38.369,0.96498,0.96522,1.00,2.25
2015.08.14 16:25:41.988,0.96498,0.96524,1.00,2.25
2015.08.14 16:25:44.332,0.96499,0.96524,1.00,2.25
2015.08.14 16:25:45.209,0.96499,0.96525,1.00,1.75
2015.08.14 16:25:48.868,0.96499,0.96523,1.50,1.75
2015.08.14 16:25:48.919,0.96498,0.96523,1.00,2.25
2015.08.14 16:25:52.399,0.96498,0.96522,1.00,2.25
2015.08.14 16:25:55.912,0.96499,0.96522,1.00,2.25
2015.08.14 16:26:04.792,0.96499,0.96523,1.00,3.00
2015.08.14 16:26:06.141,0.96494,0.96521,1.75,1.75
2015.08.14 16:26:07.137,0.96494,0.96521,1.12,1.75
2015.08.14 16:26:13.622,0.96493,0.96522,1.75,2.25
2015.08.14 16:26:13.673,0.96493,0.96523,1.75,3.00
2015.08.14 16:26:13.874,0.96493,0.96522,1.50,2.25
2015.08.14 16:26:17.333,0.96498,0.96522,1.00,2.25
2015.08.14 16:26:18.682,0.96494,0.96522,1.12,2.25
2015.08.14 16:26:23.629,0.96498,0.96522,1.00,3.00
2015.08.14 16:26:24.761,0.96498,0.96517,1.00,1.00
2015.08.14 16:26:31.031,0.96495,0.96517,1.00,1.60
2015.08.14 16:26:31.082,0.96499,0.96516,1.00,1.67
2015.08.14 16:26:31.183,0.96489,0.96516,1.75,1.75
2015.08.14 16:26:31.637,0.96494,0.96518,1.00,1.75
2015.08.14 16:26:33.811,0.96489,0.96517,1.75,1.75
2015.08.14 16:26:36.983,0.96489,0.9652,1.75,1.75
2015.08.14 16:26:38.383,0.9649,0.96518,1.50,3.00
2015.08.14 16:26:38.686,0.96485,0.96516,1.75,3.00
2015.08.14 16:26:40.900,0.96494,0.96518,1.00,2.25
2015.08.14 16:26:48.321,0.96494,0.96519,1.00,1.75
2015.08.14 16:26:49.824,0.96494,0.9652,1.00,2.25
2015.08.14 16:26:50.163,0.96489,0.96511,1.50,1.00
2015.08.14 16:26:50.314,0.96494,0.96511,1.00,1.00
2015.08.14 16:26:51.431,0.96494,0.9652,1.00,2.25
2015.08.14 16:26:52.953,0.96488,0.96517,1.50,2.25
2015.08.14 16:26:53.910,0.96489,0.96519,1.50,2.25
2015.08.14 16:26:56.366,0.96494,0.96519,1.00,3.00
2015.08.14 16:27:01.936,0.96494,0.96517,1.00,1.75
2015.08.14 16:27:02.451,0.96494,0.96518,1.12,1.75
2015.08.14 16:27:03.978,0.96493,0.96518,1.00,1.75
2015.08.14 16:27:04.482,0.96494,0.96519,1.00,1.75
2015.08.14 16:27:04.790,0.96494,0.96518,1.00,2.25
2015.08.14 16:27:05.152,0.96487,0.96516,1.37,2.25
2015.08.14 16:27:05.203,0.96488,0.96508,1.00,1.00
2015.08.14 16:27:05.405,0.96494,0.96508,1.00,1.00
2015.08.14 16:27:05.808,0.96494,0.96517,1.00,2.25
2015.08.14 16:27:05.859,0.96499,0.96517,1.00,2.25
2015.08.14 16:27:05.909,0.96499,0.96518,1.00,1.75
2015.08.14 16:27:06.158,0.96493,0.96518,1.00,1.75
2015.08.14 16:27:06.209,0.96493,0.96522,1.75,3.00
2015.08.14 16:27:06.314,0.96493,0.96522,1.75,1.75
2015.08.14 16:27:06.846,0.96498,0.96522,1.00,1.75
2015.08.14 16:27:08.021,0.96499,0.96522,1.00,1.75
2015.08.14 16:27:08.945,0.96499,0.9652,1.00,3.00
2015.08.14 16:27:09.449,0.96499,0.96521,1.00,3.00
2015.08.14 16:27:11.541,0.96494,0.9652,1.12,1.75
2015.08.14 16:27:11.913,0.96498,0.9652,1.00,1.75
2015.08.14 16:27:15.831,0.96493,0.9652,1.50,1.75
2015.08.14 16:27:19.606,0.96499,0.9652,1.00,1.75
2015.08.14 16:27:19.657,0.96499,0.96517,1.00,1.00
2015.08.14 16:27:20.191,0.96499,0.96523,1.00,3.00
2015.08.14 16:27:24.675,0.96499,0.96521,1.00,1.75
2015.08.14 16:27:28.865,0.96499,0.96522,1.00,1.75
2015.08.14 16:27:29.313,0.96499,0.96522,1.12,1.75
2015.08.14 16:27:31.164,0.96499,0.96524,1.00,3.00
2015.08.14 16:27:32.568,0.96498,0.96523,1.00,1.75
2015.08.14 16:27:32.770,0.96498,0.96525,1.37,3.00
2015.08.14 16:27:37.155,0.96495,0.96524,1.75,1.75
2015.08.14 16:27:37.706,0.965,0.96522,1.00,1.00
2015.08.14 16:27:39.392,0.96504,0.96522,1.00,1.00
2015.08.14 16:27:45.564,0.965,0.96522,1.00,1.00
2015.08.14 16:27:46.070,0.96499,0.96524,1.00,1.75
2015.08.14 16:27:52.396,0.96498,0.96522,1.12,1.75
2015.08.14 16:27:55.814,0.96498,0.96522,1.00,1.75
2015.08.14 16:27:56.195,0.96498,0.96522,1.12,1.75
2015.08.14 16:28:02.208,0.96495,0.96526,2.25,1.75
2015.08.14 16:28:02.511,0.96509,0.96529,1.00,1.75
2015.08.14 16:28:03.354,0.96503,0.96529,1.50,1.75
2015.08.14 16:28:03.606,0.96503,0.96528,1.00,1.75
2015.08.14 16:28:03.808,0.96503,0.96525,1.50,1.00
2015.08.14 16:28:03.909,0.96503,0.96531,1.75,1.75
2015.08.14 16:28:04.262,0.96509,0.96534,1.00,2.25
2015.08.14 16:28:05.191,0.96509,0.96534,1.00,3.75
2015.08.14 16:28:05.510,0.96509,0.96532,1.00,2.25
2015.08.14 16:28:05.611,0.96509,0.96534,1.00,2.25
2015.08.14 16:28:06.117,0.96509,0.96537,1.12,2.25
2015.08.14 16:28:06.486,0.9651,0.96532,1.00,1.00
2015.08.14 16:28:08.807,0.96509,0.96536,1.37,2.25
2015.08.14 16:28:09.624,0.96513,0.96535,1.00,1.75
2015.08.14 16:28:09.725,0.96513,0.96536,1.00,1.75
2015.08.14 16:28:10.243,0.96508,0.96535,1.75,1.75
2015.08.14 16:28:10.646,0.96508,0.96536,1.75,1.75
2015.08.14 16:28:13.554,0.96508,0.96528,1.00,1.00
2015.08.14 16:28:14.160,0.96509,0.96528,1.00,1.00
2015.08.14 16:28:15.167,0.96509,0.96536,1.12,2.25
2015.08.14 16:28:15.481,0.96509,0.96539,1.75,1.75
2015.08.14 16:28:15.784,0.96514,0.96537,1.00,1.75
2015.08.14 16:28:15.835,0.96509,0.96537,1.12,1.75
2015.08.14 16:28:15.935,0.96509,0.96534,1.00,2.25
2015.08.14 16:28:16.315,0.96508,0.96533,1.12,2.25
2015.08.14 16:28:16.825,0.96504,0.96526,1.50,1.00
2015.08.14 16:28:18.266,0.96503,0.96526,1.00,2.25
2015.08.14 16:28:18.498,0.96498,0.96525,1.50,1.75
2015.08.14 16:28:18.751,0.96499,0.96528,1.75,2.25
2015.08.14 16:28:19.054,0.96499,0.96531,1.75,1.75
2015.08.14 16:28:19.475,0.96509,0.96531,1.00,1.75
2015.08.14 16:28:20.383,0.96509,0.96533,1.00,1.75
2015.08.14 16:28:20.655,0.96504,0.96534,1.75,3.00
2015.08.14 16:28:20.756,0.96504,0.96534,1.75,1.75
2015.08.14 16:28:21.984,0.96514,0.96534,1.00,1.75
2015.08.14 16:28:24.365,0.96514,0.96533,1.00,1.75
2015.08.14 16:28:24.618,0.96504,0.96527,1.37,1.00
2015.08.14 16:28:24.769,0.96505,0.96532,1.00,1.75
2015.08.14 16:28:24.870,0.965,0.9653,1.75,2.25
2015.08.14 16:28:25.173,0.96508,0.9653,1.00,1.75
2015.08.14 16:28:25.433,0.96508,0.96529,1.00,1.75
2015.08.14 16:28:25.937,0.96509,0.9653,1.00,1.75
2015.08.14 16:28:27.130,0.96504,0.96528,1.12,1.75
2015.08.14 16:28:28.077,0.96504,0.96524,1.00,1.00
2015.08.14 16:28:28.379,0.96504,0.96527,1.00,2.25
2015.08.14 16:28:28.480,0.96504,0.96527,1.00,1.75
2015.08.14 16:28:28.726,0.96504,0.96528,1.00,1.75
2015.08.14 16:28:29.079,0.96504,0.96529,1.37,1.75
2015.08.14 16:28:29.602,0.96504,0.96527,1.00,1.75
2015.08.14 16:28:29.704,0.96504,0.96526,1.50,1.00
2015.08.14 16:28:29.805,0.96504,0.96528,1.00,1.75
2015.08.14 16:28:31.393,0.96504,0.96529,1.12,1.75
2015.08.14 16:28:31.645,0.96503,0.96531,1.37,3.00
2015.08.14 16:28:32.165,0.96499,0.96526,1.75,1.75
2015.08.14 16:28:32.467,0.96498,0.96526,1.50,1.75
2015.08.14 16:28:33.627,0.96504,0.96526,1.00,1.75
2015.08.14 16:28:34.653,0.96499,0.96526,1.12,1.75
2015.08.14 16:28:37.299,0.96498,0.96519,1.00,1.00
2015.08.14 16:28:45.110,0.96499,0.96519,1.00,1.00
2015.08.14 16:28:45.519,0.96499,0.96521,1.50,1.00
2015.08.14 16:28:45.621,0.96499,0.96522,1.12,1.75
2015.08.14 16:28:47.049,0.96493,0.96523,2.25,1.75
2015.08.14 16:28:47.301,0.96493,0.96522,3.00,1.75
2015.08.14 16:28:50.523,0.96493,0.96521,1.75,1.75
2015.08.14 16:28:56.421,0.96493,0.96513,1.00,1.00
2015.08.14 16:28:56.623,0.96491,0.96513,1.00,1.00
2015.08.14 16:28:57.076,0.96494,0.96513,1.00,1.00
2015.08.14 16:28:57.329,0.96493,0.9652,1.75,1.75
2015.08.14 16:28:57.430,0.96498,0.9652,1.00,3.00
2015.08.14 16:28:57.732,0.96498,0.96521,1.00,1.75
2015.08.14 16:28:57.846,0.96493,0.96521,1.75,1.75
2015.08.14 16:29:00.806,0.96499,0.9652,1.00,1.75
2015.08.14 16:29:00.962,0.96494,0.9652,1.50,1.75
2015.08.14 16:29:01.013,0.96494,0.9652,1.37,3.00
2015.08.14 16:29:01.517,0.96494,0.96517,1.00,1.75
2015.08.14 16:29:05.412,0.96494,0.96517,1.00,3.00
2015.08.14 16:29:06.730,0.96494,0.96516,1.00,1.75
2015.08.14 16:29:07.633,0.96488,0.96511,1.37,1.00
2015.08.14 16:29:07.734,0.96488,0.96514,1.37,1.75
2015.08.14 16:29:08.267,0.96488,0.96514,1.00,1.75
2015.08.14 16:29:09.804,0.96488,0.96515,1.75,1.75
2015.08.14 16:29:11.243,0.96488,0.96515,1.12,2.25
2015.08.14 16:29:11.769,0.96489,0.96511,1.00,1.00
2015.08.14 16:29:12.172,0.96488,0.96515,1.12,2.25
2015.08.14 16:29:12.949,0.96488,0.96517,1.50,3.00
2015.08.14 16:29:16.560,0.96493,0.96519,1.75,1.75
2015.08.14 16:29:16.661,0.96493,0.96515,1.00,1.00
2015.08.14 16:29:16.863,0.96499,0.96515,1.00,1.00
2015.08.14 16:29:17.372,0.96498,0.96515,1.00,1.00
2015.08.14 16:29:17.876,0.96498,0.96523,1.00,3.00
2015.08.14 16:29:18.077,0.96498,0.96523,1.12,1.75
2015.08.14 16:29:18.671,0.96498,0.96522,1.00,1.75
2015.08.14 16:29:19.176,0.96498,0.96524,1.50,1.75
2015.08.14 16:29:22.485,0.96498,0.96518,1.00,1.00
2015.08.14 16:29:23.364,0.96498,0.96525,1.50,1.75
2015.08.14 16:29:24.672,0.96498,0.96525,1.00,3.00
2015.08.14 16:29:32.189,0.96498,0.96526,1.50,1.75
2015.08.14 16:29:32.341,0.96504,0.96527,1.00,1.75
2015.08.14 16:29:35.672,0.96498,0.96526,1.75,1.75
2015.08.14 16:29:35.773,0.965,0.96531,1.75,1.75
2015.08.14 16:29:36.076,0.96509,0.96532,1.00,1.75
2015.08.14 16:29:36.378,0.96513,0.96532,1.00,1.75
2015.08.14 16:29:37.522,0.96508,0.96531,1.00,1.75
2015.08.14 16:29:38.166,0.96509,0.96532,1.00,1.75
2015.08.14 16:29:38.319,0.96509,0.96523,1.00,1.00
2015.08.14 16:29:39.074,0.96504,0.96523,1.00,1.00
2015.08.14 16:29:39.335,0.96504,0.96525,1.00,1.00
2015.08.14 16:29:39.600,0.96504,0.96523,1.00,1.00
2015.08.14 16:29:40.131,0.96504,0.9653,1.12,2.25
2015.08.14 16:29:40.481,0.96508,0.96523,1.00,1.00
2015.08.14 16:29:43.115,0.96508,0.96527,1.00,1.00
2015.08.14 16:29:47.866,0.96505,0.96527,1.00,1.00
2015.08.14 16:29:48.067,0.96509,0.96527,1.00,1.00
2015.08.14 16:29:48.280,0.96505,0.96527,1.00,1.00
2015.08.14 16:29:48.431,0.96503,0.96532,1.87,2.25
2015.08.14 16:29:48.817,0.96509,0.96529,1.00,1.00
2015.08.14 16:29:49.129,0.96509,0.96532,1.00,1.75
2015.08.14 16:29:51.069,0.96504,0.96531,1.75,1.75
2015.08.14 16:29:51.120,0.96504,0.96526,1.50,1.00
2015.08.14 16:29:51.221,0.96504,0.96528,1.00,1.75
2015.08.14 16:29:53.739,0.96504,0.96529,1.50,1.75
2015.08.14 16:29:57.254,0.96504,0.96527,1.12,1.75
2015.08.14 16:29:57.406,0.96498,0.96527,1.50,3.00
2015.08.14 16:29:57.835,0.96498,0.96525,1.50,1.75
2015.08.14 16:29:57.935,0.96498,0.96524,2.25,1.00
2015.08.14 16:29:58.238,0.96503,0.96526,1.00,1.50
2015.08.14 16:29:58.761,0.96504,0.96524,1.00,1.75
2015.08.14 16:29:59.797,0.96504,0.96524,1.00,1.00
2015.08.14 16:29:59.949,0.96504,0.96527,1.00,1.75
2015.08.14 16:30:04.969,0.96504,0.96529,1.00,1.75
2015.08.14 16:30:05.322,0.96509,0.9653,1.00,3.00
2015.08.14 16:30:19.884,0.96498,0.96527,1.75,1.75
2015.08.14 16:30:19.935,0.96498,0.96527,1.50,3.00
2015.08.14 16:30:19.986,0.96498,0.9652,1.50,1.00
2015.08.14 16:30:20.571,0.96498,0.96526,1.75,1.75
2015.08.14 16:30:20.773,0.96499,0.9652,1.00,1.00
2015.08.14 16:30:21.569,0.96498,0.96524,1.75,1.75
2015.08.14 16:30:23.180,0.96498,0.96524,1.75,1.75
2015.08.14 16:30:23.395,0.96498,0.96523,1.12,1.75
2015.08.14 16:30:23.899,0.96499,0.96522,1.00,1.75
2015.08.14 16:30:24.987,0.96499,0.96526,1.50,3.00
2015.08.14 16:30:26.590,0.96497,0.96519,1.00,1.00
2015.08.14 16:30:26.794,0.96499,0.96519,1.00,1.00
2015.08.14 16:30:27.298,0.96498,0.96523,1.50,1.75
2015.08.14 16:30:27.894,0.96498,0.96524,1.12,1.75
2015.08.14 16:30:28.402,0.96499,0.96525,1.00,1.75
2015.08.14 16:30:29.157,0.96499,0.96526,1.37,3.00
2015.08.14 16:30:29.410,0.96508,0.96526,1.00,1.75
2015.08.14 16:30:30.692,0.96503,0.96525,1.00,1.75
2015.08.14 16:30:34.470,0.96499,0.96526,1.75,1.75
2015.08.14 16:30:34.622,0.96508,0.96526,1.00,1.75
2015.08.14 16:30:34.824,0.96504,0.96526,1.00,1.75
2015.08.14 16:30:35.328,0.96504,0.9652,1.00,1.00
2015.08.14 16:30:35.832,0.96503,0.9652,1.00,1.00
2015.08.14 16:30:36.779,0.96499,0.9652,1.00,1.00
2015.08.14 16:30:36.981,0.96499,0.96522,1.00,2.25
2015.08.14 16:30:37.182,0.96499,0.96518,1.00,1.00
2015.08.14 16:30:37.788,0.96499,0.9652,1.12,1.50
2015.08.14 16:30:40.330,0.96503,0.96524,1.00,1.75
2015.08.14 16:30:40.725,0.96499,0.96523,1.50,1.75
2015.08.14 16:30:40.928,0.96499,0.96523,1.12,1.75
2015.08.14 16:30:44.691,0.96498,0.96523,1.37,1.75
2015.08.14 16:30:45.209,0.96498,0.96523,1.00,1.75
2015.08.14 16:30:53.767,0.96499,0.96521,1.00,1.75
2015.08.14 16:30:54.505,0.96499,0.96521,1.00,1.75
2015.08.14 16:30:55.457,0.96499,0.96521,1.00,1.75
2015.08.14 16:30:55.657,0.96494,0.96515,1.00,1.00
2015.08.14 16:30:55.758,0.96494,0.96517,1.00,1.75
2015.08.14 16:30:56.305,0.96493,0.96519,1.00,2.25
2015.08.14 16:30:56.806,0.96493,0.96515,1.00,1.75
2015.08.14 16:30:57.464,0.96493,0.96518,1.00,4.50
2015.08.14 16:30:58.141,0.96493,0.96516,1.00,1.75
2015.08.14 16:30:58.367,0.96488,0.96516,1.75,1.75
2015.08.14 16:30:58.468,0.96493,0.96516,1.00,1.75
2015.08.14 16:30:58.963,0.96494,0.96519,1.00,1.75
2015.08.14 16:30:59.014,0.96494,0.96515,1.00,1.00
2015.08.14 16:30:59.165,0.96489,0.9652,3.00,1.75
2015.08.14 16:30:59.216,0.96489,0.9652,3.00,1.75
2015.08.14 16:30:59.551,0.96499,0.96522,1.00,1.75
2015.08.14 16:30:59.703,0.96493,0.96518,1.75,1.37
2015.08.14 16:30:59.754,0.96493,0.96518,1.37,1.37
2015.08.14 16:31:00.258,0.96494,0.96516,1.00,1.75
2015.08.14 16:31:01.248,0.96494,0.96516,1.37,1.75
2015.08.14 16:31:01.299,0.96494,0.96516,1.50,1.50
2015.08.14 16:31:04.453,0.96493,0.96517,1.50,1.75
2015.08.14 16:31:04.886,0.96494,0.96512,1.00,1.75
2015.08.14 16:31:05.861,0.96494,0.96513,1.00,1.75
2015.08.14 16:31:06.362,0.96494,0.96513,1.00,1.75
2015.08.14 16:31:06.881,0.96494,0.96512,1.00,1.75
2015.08.14 16:31:07.191,0.96494,0.96512,1.00,1.75
2015.08.14 16:31:08.168,0.96494,0.96511,1.00,1.50
2015.08.14 16:31:08.924,0.96494,0.96512,1.00,1.75
2015.08.14 16:31:09.875,0.96494,0.9651,1.00,1.00
2015.08.14 16:31:11.580,0.96488,0.9651,1.50,1.00
2015.08.14 16:31:13.508,0.96488,0.96515,1.12,3.00
2015.08.14 16:31:14.049,0.96488,0.96514,1.00,3.00
2015.08.14 16:31:14.206,0.96488,0.96514,1.12,1.75
2015.08.14 16:31:14.847,0.96494,0.96514,1.00,1.75
2015.08.14 16:31:15.149,0.96494,0.96514,1.00,3.00
2015.08.14 16:31:15.718,0.96489,0.9651,1.00,1.75
2015.08.14 16:31:15.870,0.96483,0.9651,1.12,1.75
2015.08.14 16:31:15.920,0.96483,0.9651,1.12,3.00
2015.08.14 16:31:16.246,0.96489,0.96509,1.00,2.25
2015.08.14 16:31:16.297,0.96489,0.96511,1.00,1.75
2015.08.14 16:31:16.398,0.96483,0.96513,1.50,3.00
2015.08.14 16:31:16.596,0.96485,0.96516,2.25,1.75
2015.08.14 16:31:16.899,0.96494,0.96517,1.00,3.00
2015.08.14 16:31:17.403,0.96488,0.96515,1.50,1.75
2015.08.14 16:31:17.554,0.96488,0.96514,1.00,2.25
2015.08.14 16:31:17.896,0.96489,0.96511,1.00,2.25
2015.08.14 16:31:20.741,0.96484,0.9651,1.12,1.75
2015.08.14 16:31:31.012,0.96483,0.96506,1.00,2.25
2015.08.14 16:31:31.164,0.96473,0.96496,1.75,1.12
2015.08.14 16:31:31.315,0.96473,0.96496,1.37,1.37
2015.08.14 16:31:31.934,0.96474,0.96496,1.00,1.75
2015.08.14 16:31:32.878,0.96473,0.96497,1.00,1.75
2015.08.14 16:31:37.093,0.96474,0.96498,1.00,3.00
2015.08.14 16:31:38.296,0.96473,0.96497,1.00,1.75
2015.08.14 16:31:38.854,0.96474,0.96497,1.00,1.75
2015.08.14 16:31:39.356,0.96473,0.96497,1.00,1.75
2015.08.14 16:31:43.597,0.96474,0.96496,1.00,1.75
2015.08.14 16:31:55.128,0.96473,0.96492,1.00,1.00
2015.08.14 16:31:56.182,0.96473,0.96496,1.00,2.25
2015.08.14 16:31:56.685,0.96474,0.9649,1.00,1.00
2015.08.14 16:31:57.215,0.96474,0.96497,1.00,3.00
2015.08.14 16:31:57.518,0.96474,0.965,1.00,1.75
2015.08.14 16:31:58.085,0.96473,0.96499,1.00,1.75
2015.08.14 16:31:58.589,0.96473,0.96492,1.00,1.00
2015.08.14 16:31:59.179,0.96474,0.96492,1.00,1.00
2015.08.14 16:31:59.587,0.96473,0.96495,1.00,1.75
2015.08.14 16:31:59.839,0.96469,0.96497,1.12,3.60
2015.08.14 16:31:59.940,0.96474,0.96497,1.00,2.85
2015.08.14 16:32:00.190,0.96474,0.96499,1.00,1.75
2015.08.14 16:32:00.241,0.96474,0.96501,1.37,1.75
2015.08.14 16:32:00.392,0.96478,0.96501,1.00,1.75
2015.08.14 16:32:00.745,0.96478,0.96501,1.00,1.75
2015.08.14 16:32:01.807,0.96479,0.96502,1.00,1.75
2015.08.14 16:32:01.908,0.96479,0.96499,1.00,3.00
2015.08.14 16:32:02.160,0.96474,0.96496,1.00,1.75
2015.08.14 16:32:02.664,0.96474,0.9649,1.00,1.00
2015.08.14 16:32:04.150,0.96473,0.9649,1.00,1.00
2015.08.14 16:32:04.853,0.96473,0.96497,1.00,1.75
2015.08.14 16:32:06.568,0.96479,0.96499,1.00,1.75
2015.08.14 16:32:11.598,0.96473,0.96499,1.00,1.75
2015.08.14 16:32:12.131,0.96474,0.965,1.00,3.00
2015.08.14 16:32:12.737,0.96474,0.96498,1.00,2.25
2015.08.14 16:32:12.888,0.96474,0.96499,1.00,1.75
2015.08.14 16:32:13.436,0.96473,0.96498,1.00,1.75
2015.08.14 16:32:13.980,0.96474,0.96497,1.00,1.75
2015.08.14 16:32:14.495,0.96473,0.96498,1.00,1.75
2015.08.14 16:32:15.151,0.96478,0.96501,1.00,3.00
2015.08.14 16:32:15.201,0.96478,0.96496,1.00,1.00
2015.08.14 16:32:16.662,0.96479,0.96496,1.00,1.00
2015.08.14 16:32:18.775,0.96479,0.96504,1.37,2.25
2015.08.14 16:32:18.826,0.96479,0.96508,1.75,1.75
2015.08.14 16:32:19.857,0.96489,0.96509,1.00,1.75
2015.08.14 16:32:20.324,0.96484,0.96509,1.12,1.75
2015.08.14 16:32:22.377,0.96489,0.96509,1.00,1.75
2015.08.14 16:32:24.827,0.96488,0.96507,1.00,1.75
2015.08.14 16:32:25.356,0.96488,0.96508,1.00,1.75
2015.08.14 16:32:28.997,0.96489,0.96509,1.00,1.75
2015.08.14 16:32:30.226,0.96489,0.96509,1.00,1.75
2015.08.14 16:32:40.563,0.96488,0.9651,1.00,1.75
2015.08.14 16:32:41.341,0.96489,0.96511,1.00,2.25
2015.08.14 16:32:41.756,0.96493,0.96514,1.00,2.25
2015.08.14 16:32:42.109,0.96488,0.96514,1.00,2.25
2015.08.14 16:32:42.311,0.96494,0.96514,1.00,2.25
2015.08.14 16:32:42.823,0.96493,0.96514,1.00,2.25
2015.08.14 16:32:47.870,0.96494,0.96514,1.00,2.25
2015.08.14 16:32:49.144,0.96494,0.96515,1.00,2.25
2015.08.14 16:32:56.806,0.96493,0.96515,1.00,2.25
2015.08.14 16:33:00.878,0.96494,0.96515,1.00,2.25
2015.08.14 16:33:03.875,0.96489,0.96516,1.37,2.25
2015.08.14 16:33:04.077,0.96493,0.96517,1.00,2.25
2015.08.14 16:33:04.178,0.96489,0.96517,1.50,2.25
2015.08.14 16:33:04.329,0.96494,0.96517,1.00,3.00
2015.08.14 16:33:04.661,0.96494,0.96508,1.00,1.00
2015.08.14 16:33:06.081,0.96488,0.96508,1.00,1.00
2015.08.14 16:33:06.384,0.96493,0.96508,1.00,1.00
2015.08.14 16:33:07.064,0.96489,0.96508,1.00,1.00
2015.08.14 16:33:07.569,0.96488,0.96507,1.00,1.00
2015.08.14 16:33:08.073,0.96488,0.96514,1.12,3.00
2015.08.14 16:33:08.592,0.96488,0.96514,1.00,2.25
2015.08.14 16:33:09.093,0.96489,0.96514,1.00,2.25
2015.08.14 16:33:18.567,0.96489,0.96515,1.00,3.00
2015.08.14 16:33:19.080,0.96489,0.96516,1.00,3.00
2015.08.14 16:33:19.801,0.96494,0.96514,1.00,1.75
2015.08.14 16:33:20.305,0.96493,0.96514,1.00,1.75
2015.08.14 16:33:23.245,0.96494,0.96514,1.00,1.75
2015.08.14 16:33:23.346,0.96494,0.96519,1.00,1.75
2015.08.14 16:33:23.598,0.96494,0.96516,1.37,1.00
2015.08.14 16:33:23.901,0.96498,0.96523,1.00,2.25
2015.08.14 16:33:25.657,0.96499,0.96522,1.00,1.75
2015.08.14 16:33:28.969,0.96493,0.96522,1.75,1.75
2015.08.14 16:33:29.221,0.96493,0.9652,1.12,1.75
2015.08.14 16:33:29.829,0.96494,0.9652,1.00,1.75
2015.08.14 16:33:30.383,0.96493,0.96518,1.12,1.75
2015.08.14 16:33:31.127,0.96499,0.96521,1.00,1.75
2015.08.14 16:33:31.886,0.96499,0.96519,1.00,1.75
2015.08.14 16:33:32.933,0.96499,0.96514,1.00,1.00
2015.08.14 16:33:34.138,0.96498,0.96514,1.00,1.00
2015.08.14 16:33:37.116,0.96493,0.96514,1.50,1.00
2015.08.14 16:33:37.496,0.96494,0.9652,1.37,1.75
2015.08.14 16:33:37.547,0.96494,0.9652,1.50,1.75
2015.08.14 16:33:37.648,0.96499,0.9652,1.00,1.75
2015.08.14 16:33:38.177,0.96498,0.96521,1.00,1.75
2015.08.14 16:33:38.527,0.96498,0.96518,1.12,1.00
2015.08.14 16:33:39.056,0.96499,0.9652,1.00,1.75
2015.08.14 16:33:39.107,0.96499,0.96518,1.00,1.37
2015.08.14 16:33:39.410,0.96489,0.96514,1.37,2.85
2015.08.14 16:33:39.611,0.96479,0.96511,1.75,1.75
2015.08.14 16:33:39.868,0.96489,0.96514,1.00,2.25
2015.08.14 16:33:39.969,0.96489,0.96514,1.50,1.75
2015.08.14 16:33:40.019,0.96489,0.96514,1.12,1.75
2015.08.14 16:33:44.617,0.96489,0.96512,1.00,1.75
2015.08.14 16:33:45.821,0.96489,0.96514,1.00,1.75
2015.08.14 16:33:45.922,0.96489,0.96513,1.00,2.25
2015.08.14 16:33:46.593,0.96494,0.96514,1.00,2.25
2015.08.14 16:33:46.643,0.96494,0.96509,1.00,1.00
2015.08.14 16:33:46.895,0.96489,0.96509,1.00,1.00
2015.08.14 16:33:47.785,0.96489,0.96514,1.00,3.00
2015.08.14 16:33:48.376,0.96488,0.96513,1.00,2.25
2015.08.14 16:33:53.145,0.96493,0.96513,1.00,2.25
2015.08.14 16:33:53.955,0.96489,0.96513,1.00,2.25
2015.08.14 16:33:59.083,0.96484,0.96513,1.75,3.00
2015.08.14 16:34:04.582,0.96486,0.96508,1.00,1.00
2015.08.14 16:34:09.871,0.96484,0.96512,1.75,3.00
2015.08.14 16:34:10.374,0.96484,0.96512,1.37,3.00
2015.08.14 16:34:10.677,0.96484,0.9651,1.00,2.25
2015.08.14 16:34:10.778,0.96484,0.96511,1.50,1.75
2015.08.14 16:34:12.364,0.9648,0.96512,3.00,1.75
2015.08.14 16:34:15.638,0.96488,0.96514,1.00,2.25
2015.08.14 16:34:16.176,0.96484,0.96514,1.75,3.00
2015.08.14 16:34:26.638,0.96484,0.96511,1.50,1.75
2015.08.14 16:34:26.689,0.96484,0.96511,1.50,1.75
2015.08.14 16:34:38.341,0.96483,0.96512,1.75,2.85
2015.08.14 16:34:41.225,0.96483,0.96511,2.25,2.25
2015.08.14 16:34:41.588,0.96479,0.96507,1.50,2.25
2015.08.14 16:34:41.941,0.96478,0.96499,1.00,1.00
2015.08.14 16:34:42.042,0.96479,0.96501,1.00,1.00
2015.08.14 16:34:45.323,0.96479,0.96506,1.12,1.75
2015.08.14 16:34:49.334,0.96478,0.96499,1.00,1.00
2015.08.14 16:34:50.025,0.96477,0.96499,1.00,1.00
2015.08.14 16:34:52.536,0.96479,0.96499,1.00,1.00
2015.08.14 16:34:56.064,0.96479,0.96502,1.00,1.75
2015.08.14 16:34:56.165,0.96474,0.96503,1.50,3.00
2015.08.14 16:35:03.190,0.96474,0.96502,1.00,3.00
2015.08.14 16:35:10.617,0.96474,0.96503,1.50,2.25
2015.08.14 16:35:10.718,0.96474,0.96504,1.75,3.00
2015.08.14 16:35:11.181,0.96474,0.96506,2.25,1.75
2015.08.14 16:35:12.105,0.96474,0.96506,2.25,3.00
2015.08.14 16:35:13.002,0.96474,0.96503,1.50,2.25
2015.08.14 16:35:13.885,0.96473,0.96505,1.75,3.00
2015.08.14 16:35:13.991,0.96479,0.96501,1.00,1.00
2015.08.14 16:35:15.164,0.96476,0.96498,1.00,1.00
2015.08.14 16:35:19.372,0.96475,0.96506,1.75,1.75
2015.08.14 16:35:21.134,0.96479,0.96507,1.75,1.75
2015.08.14 16:35:21.711,0.96479,0.96507,1.50,3.00
2015.08.14 16:35:22.042,0.96481,0.96503,1.00,1.00
2015.08.14 16:35:22.433,0.96478,0.96507,1.75,3.00
2015.08.14 16:35:29.517,0.96479,0.96506,1.75,1.75
2015.08.14 16:35:29.844,0.96479,0.96507,1.75,1.75
2015.08.14 16:35:31.426,0.96479,0.96507,1.00,3.00
2015.08.14 16:35:32.054,0.96475,0.96506,1.75,1.75
2015.08.14 16:35:32.538,0.9648,0.96509,1.50,2.25
2015.08.14 16:35:32.840,0.96484,0.96511,1.75,1.75
2015.08.14 16:35:44.743,0.96483,0.96512,1.75,1.75
2015.08.14 16:35:56.117,0.96481,0.9651,1.35,1.75
2015.08.14 16:35:56.170,0.96488,0.96516,1.75,1.75
2015.08.14 16:35:56.473,0.96493,0.96522,1.75,2.25
2015.08.14 16:36:03.373,0.96497,0.96522,2.25,1.00
2015.08.14 16:36:03.424,0.96497,0.96526,2.25,1.75
2015.08.14 16:36:03.677,0.965,0.96522,1.00,1.00
2015.08.14 16:36:03.879,0.96496,0.96526,2.25,1.75
2015.08.14 16:36:03.980,0.96498,0.9652,1.50,1.00
2015.08.14 16:36:04.081,0.96502,0.96524,1.00,1.00
2015.08.14 16:36:04.416,0.96499,0.96526,1.75,1.75
2015.08.14 16:36:05.286,0.96494,0.96525,1.75,1.75
2015.08.14 16:36:05.488,0.96497,0.96525,1.35,1.12
2015.08.14 16:36:06.114,0.96504,0.96531,1.00,1.75
2015.08.14 16:36:06.410,0.96504,0.96531,1.75,1.75
2015.08.14 16:36:38.552,0.96504,0.9653,1.12,1.75
2015.08.14 16:36:41.347,0.96503,0.96527,1.00,2.10
2015.08.14 16:36:41.401,0.96498,0.96526,1.75,1.75
2015.08.14 16:36:41.553,0.96493,0.96521,1.75,1.75
2015.08.14 16:36:44.872,0.96494,0.96521,1.75,2.25
2015.08.14 16:36:48.366,0.96499,0.96522,1.00,2.25
2015.08.14 16:36:48.467,0.96499,0.96523,1.12,1.75
2015.08.14 16:36:49.774,0.96495,0.96517,1.00,1.00
2015.08.14 16:37:02.482,0.96498,0.9652,1.00,1.00
2015.08.14 16:37:07.598,0.96499,0.96521,1.00,1.50
2015.08.14 16:37:09.104,0.96498,0.96524,1.75,1.75
2015.08.14 16:37:15.303,0.96495,0.96521,2.25,1.00
2015.08.14 16:37:15.404,0.96494,0.96521,1.75,1.50
2015.08.14 16:37:15.916,0.96492,0.96521,1.75,1.75
2015.08.14 16:37:16.219,0.96494,0.96521,2.25,1.87
2015.08.14 16:37:17.534,0.96499,0.96526,1.75,1.75
2015.08.14 16:37:17.736,0.96499,0.96521,1.00,1.00
2015.08.14 16:37:22.360,0.96489,0.9652,1.75,1.75
2015.08.14 16:37:24.642,0.96497,0.96519,1.00,1.00
2015.08.14 16:37:27.403,0.96497,0.96518,1.00,1.00
2015.08.14 16:37:27.942,0.96497,0.96519,1.00,1.50
2015.08.14 16:37:28.952,0.96493,0.96519,1.75,1.35
2015.08.14 16:37:29.053,0.96496,0.96518,1.00,1.00
2015.08.14 16:37:29.692,0.96496,0.96516,1.00,1.00
2015.08.14 16:37:30.084,0.96496,0.96518,1.00,1.00
2015.08.14 16:37:36.313,0.96496,0.96517,1.00,1.00
2015.08.14 16:37:40.965,0.96496,0.96518,1.00,1.00
2015.08.14 16:37:42.936,0.96496,0.96516,1.00,1.00
2015.08.14 16:37:43.037,0.96493,0.96515,1.00,1.00
2015.08.14 16:37:44.295,0.96484,0.96516,2.25,1.75
2015.08.14 16:37:55.254,0.96484,0.96516,2.25,3.75
2015.08.14 16:37:58.397,0.9648,0.96513,1.75,2.25
2015.08.14 16:38:04.155,0.96479,0.9651,3.00,1.75
2015.08.14 16:38:04.206,0.96479,0.9651,1.75,1.75
2015.08.14 16:38:04.670,0.96479,0.96508,1.75,3.00
2015.08.14 16:38:05.463,0.96477,0.96509,1.75,1.75
2015.08.14 16:38:18.814,0.96479,0.96507,1.75,1.75
2015.08.14 16:38:22.598,0.96477,0.96509,1.75,1.75
2015.08.14 16:38:24.890,0.96479,0.9651,1.75,3.75
2015.08.14 16:38:25.442,0.96478,0.96508,1.75,1.75
2015.08.14 16:38:28.608,0.96479,0.96508,1.75,1.75
2015.08.14 16:38:29.154,0.96479,0.9651,1.75,3.00
2015.08.14 16:38:31.615,0.96478,0.96507,1.75,1.75
2015.08.14 16:38:32.166,0.96478,0.96507,1.75,1.75
2015.08.14 16:38:32.509,0.96483,0.96507,1.00,1.75
2015.08.14 16:38:33.020,0.96483,0.96509,1.12,1.75
2015.08.14 16:38:35.734,0.96484,0.96509,1.00,1.75
2015.08.14 16:38:42.846,0.96484,0.96507,1.00,1.75
2015.08.14 16:38:43.406,0.96479,0.96506,1.50,1.75
2015.08.14 16:38:43.457,0.96479,0.96506,1.50,3.00
2015.08.14 16:38:54.070,0.96475,0.96506,2.25,2.25
2015.08.14 16:38:54.375,0.96476,0.96506,2.25,1.75
2015.08.14 16:38:54.980,0.96483,0.96508,1.37,1.75
2015.08.14 16:38:59.351,0.96481,0.96503,1.00,1.00
2015.08.14 16:39:03.532,0.96483,0.96503,1.00,1.00
2015.08.14 16:39:03.975,0.96481,0.96503,1.00,1.00
2015.08.14 16:39:04.076,0.96479,0.96506,1.75,1.75
2015.08.14 16:39:04.580,0.96479,0.96506,1.75,1.75
2015.08.14 16:39:07.675,0.96479,0.96506,1.50,1.75
2015.08.14 16:39:08.407,0.96476,0.96506,1.75,2.25
2015.08.14 16:39:14.806,0.96481,0.96509,1.50,2.25
2015.08.14 16:39:14.907,0.96482,0.9651,2.25,1.75
2015.08.14 16:39:15.387,0.96484,0.9651,1.75,1.00
2015.08.14 16:39:16.728,0.96488,0.96512,1.00,1.50
2015.08.14 16:39:17.376,0.96481,0.96507,2.25,1.00
2015.08.14 16:39:17.427,0.96486,0.96507,1.00,1.37
2015.08.14 16:39:21.990,0.9648,0.96508,2.25,1.37
2015.08.14 16:39:22.091,0.96487,0.96509,1.00,1.50
2015.08.14 16:39:22.352,0.96478,0.96509,3.00,1.75
2015.08.14 16:39:22.656,0.96478,0.96509,1.75,2.25
2015.08.14 16:39:22.706,0.96478,0.96511,1.75,1.75
2015.08.14 16:39:23.434,0.96483,0.96512,1.75,1.75
2015.08.14 16:39:26.904,0.96482,0.96509,2.25,1.00
2015.08.14 16:39:27.408,0.96483,0.96513,1.75,1.75
2015.08.14 16:39:38.342,0.96484,0.96515,1.75,2.25
2015.08.14 16:39:38.645,0.9648,0.96511,1.75,2.25
2015.08.14 16:39:42.947,0.96486,0.96508,1.00,1.00
2015.08.14 16:39:43.319,0.96484,0.96514,1.75,2.25
2015.08.14 16:39:43.649,0.96485,0.96516,1.75,1.75
2015.08.14 16:39:45.354,0.96489,0.96518,1.75,1.75
2015.08.14 16:39:46.093,0.96489,0.9651,1.00,1.00
2015.08.14 16:39:46.633,0.96488,0.9651,1.00,1.00
2015.08.14 16:39:47.641,0.96484,0.96515,1.75,3.00
2015.08.14 16:39:47.843,0.96484,0.96511,1.12,1.75
2015.08.14 16:39:48.145,0.96486,0.96508,1.00,1.00
2015.08.14 16:39:48.448,0.96489,0.96516,1.75,1.75
2015.08.14 16:39:56.362,0.96494,0.96515,1.00,1.00
2015.08.14 16:39:56.944,0.96494,0.96516,1.00,1.50
2015.08.14 16:40:01.855,0.96488,0.96517,1.75,1.37
2015.08.14 16:40:01.906,0.96489,0.96519,2.25,1.50
2015.08.14 16:40:02.431,0.96488,0.96519,3.00,1.75
2015.08.14 16:40:04.653,0.96488,0.96518,3.00,1.75
2015.08.14 16:40:04.704,0.96488,0.96518,1.75,1.75
2015.08.14 16:40:06.856,0.96488,0.96518,1.75,1.75
2015.08.14 16:40:06.907,0.96488,0.96518,3.00,1.75
2015.08.14 16:40:10.604,0.96494,0.96522,1.50,1.75
2015.08.14 16:40:11.110,0.96493,0.96525,1.75,1.75
2015.08.14 16:40:11.414,0.96493,0.96523,1.75,1.75
2015.08.14 16:40:11.948,0.96493,0.96523,1.75,1.75
2015.08.14 16:40:16.124,0.96495,0.9652,1.00,1.75
2015.08.14 16:40:17.031,0.96489,0.96517,1.75,1.75
2015.08.14 16:40:17.278,0.96488,0.9651,1.00,1.00
2015.08.14 16:40:17.530,0.96484,0.96515,1.75,1.75
2015.08.14 16:40:17.581,0.96486,0.96508,1.00,1.00
2015.08.14 16:40:18.136,0.96482,0.96514,1.75,1.75
2015.08.14 16:40:18.643,0.96484,0.96513,1.75,1.75
2015.08.14 16:40:19.227,0.96483,0.96515,3.75,1.75
2015.08.14 16:40:19.530,0.96485,0.96515,2.25,1.75
2015.08.14 16:40:19.846,0.96483,0.96515,3.00,1.75
2015.08.14 16:40:20.132,0.96483,0.96514,1.75,1.75
2015.08.14 16:40:20.636,0.96481,0.96512,3.00,1.75
2015.08.14 16:40:23.044,0.96484,0.9651,1.75,1.00
2015.08.14 16:40:23.968,0.96491,0.96513,1.00,1.00
2015.08.14 16:40:25.911,0.96484,0.96513,1.75,1.50
2015.08.14 16:40:26.062,0.96487,0.96509,1.00,1.00
2015.08.14 16:40:26.566,0.96488,0.9651,1.00,1.00
2015.08.14 16:40:26.617,0.96484,0.96515,2.25,1.75
2015.08.14 16:40:27.008,0.96485,0.96517,2.25,1.75
2015.08.14 16:40:28.122,0.96485,0.96517,2.25,2.25
2015.08.14 16:40:28.173,0.96488,0.9651,1.00,1.00
2015.08.14 16:40:32.428,0.96486,0.96516,1.75,1.75
2015.08.14 16:40:32.478,0.96486,0.96516,1.75,1.75
2015.08.14 16:40:34.050,0.96488,0.9652,1.75,2.25
2015.08.14 16:40:37.344,0.96495,0.96516,1.00,1.00
2015.08.14 16:40:37.747,0.96491,0.96521,3.00,1.50
2015.08.14 16:40:37.849,0.96491,0.96521,1.75,1.75
2015.08.14 16:40:39.923,0.96492,0.96521,1.75,1.75
2015.08.14 16:40:39.974,0.96492,0.96521,1.75,1.75
2015.08.14 16:40:40.276,0.96491,0.96521,1.75,1.75
2015.08.14 16:40:44.432,0.96489,0.96521,3.00,1.75
2015.08.14 16:40:44.937,0.96489,0.96521,1.50,3.75
2015.08.14 16:40:44.988,0.96489,0.9652,1.50,2.25
2015.08.14 16:40:47.338,0.9649,0.9652,1.50,2.25
2015.08.14 16:40:47.389,0.9649,0.96521,1.75,3.00
2015.08.14 16:40:51.881,0.96489,0.96519,1.75,1.75
2015.08.14 16:40:52.442,0.96489,0.96518,1.50,2.25
2015.08.14 16:40:52.493,0.96489,0.96517,1.50,2.25
2015.08.14 16:40:57.270,0.96486,0.96516,2.25,1.75
2015.08.14 16:40:57.573,0.96487,0.96516,3.00,1.37
2015.08.14 16:40:57.880,0.96487,0.96516,3.00,1.75
2015.08.14 16:41:00.271,0.96488,0.96519,1.75,3.00
2015.08.14 16:41:00.322,0.9649,0.96512,1.00,1.00
2015.08.14 16:41:03.152,0.96484,0.96516,1.75,1.75
2015.08.14 16:41:03.364,0.96488,0.96515,1.00,2.25
2015.08.14 16:41:04.798,0.96489,0.96511,1.00,1.00
2015.08.14 16:41:06.001,0.96491,0.96513,1.00,1.00
2015.08.14 16:41:13.602,0.96485,0.96517,1.75,1.75
2015.08.14 16:41:14.843,0.96485,0.96516,1.75,1.75
2015.08.14 16:41:16.108,0.96489,0.96518,1.75,1.75
2015.08.14 16:41:16.480,0.96489,0.9652,1.75,1.75
2015.08.14 16:41:24.737,0.9649,0.96521,3.00,1.75
2015.08.14 16:41:27.468,0.96494,0.96523,1.75,1.75
2015.08.14 16:41:27.620,0.96497,0.96527,1.75,2.25
2015.08.14 16:41:27.670,0.96497,0.96529,1.75,1.75
2015.08.14 16:41:27.771,0.96499,0.96529,2.25,1.75
2015.08.14 16:41:28.074,0.965,0.96531,2.25,1.75
2015.08.14 16:41:28.275,0.96502,0.96531,1.75,1.12
2015.08.14 16:41:29.425,0.96502,0.96532,1.75,1.75
2015.08.14 16:41:29.932,0.96502,0.96532,2.25,2.25
2015.08.14 16:41:29.982,0.965,0.96532,1.75,2.25
2015.08.14 16:41:33.595,0.96503,0.96531,1.35,1.37
2015.08.14 16:41:33.911,0.96508,0.96537,1.75,1.75
2015.08.14 16:41:34.264,0.96507,0.96532,3.00,1.00
2015.08.14 16:41:34.314,0.96508,0.96537,1.75,1.50
2015.08.14 16:41:34.919,0.96508,0.96537,1.75,2.25
2015.08.14 16:41:34.970,0.9651,0.96532,1.00,1.00
2015.08.14 16:41:35.304,0.96504,0.96535,2.25,1.75
2015.08.14 16:41:35.355,0.96508,0.9653,1.00,1.00
2015.08.14 16:41:35.406,0.9651,0.9653,1.00,1.00
2015.08.14 16:41:35.557,0.96508,0.9653,1.00,1.00
2015.08.14 16:41:35.608,0.96505,0.96537,2.25,3.75
2015.08.14 16:41:36.126,0.96506,0.96531,2.25,1.00
2015.08.14 16:41:36.277,0.96509,0.96536,3.00,2.25
2015.08.14 16:41:36.603,0.96513,0.96535,1.00,1.00
2015.08.14 16:41:37.820,0.96507,0.96536,3.75,1.37
2015.08.14 16:41:38.227,0.96514,0.96541,1.75,1.75
2015.08.14 16:41:43.761,0.96513,0.96542,1.75,1.87
2015.08.14 16:41:43.912,0.96516,0.96546,1.75,1.50
2015.08.14 16:41:44.218,0.96517,0.96547,2.25,1.75
2015.08.14 16:41:48.471,0.96522,0.96544,1.50,1.00
2015.08.14 16:41:48.572,0.96522,0.96551,1.75,1.75
2015.08.14 16:41:49.804,0.96518,0.96551,2.25,2.25
2015.08.14 16:41:50.642,0.96521,0.96551,1.75,2.25
2015.08.14 16:41:50.692,0.96524,0.96546,1.00,1.00
2015.08.14 16:41:52.761,0.96524,0.96551,1.12,1.75
2015.08.14 16:41:52.811,0.96524,0.9655,1.00,2.25
2015.08.14 16:41:53.559,0.96523,0.9655,1.12,2.25
2015.08.14 16:41:54.164,0.96516,0.96547,2.25,1.75
2015.08.14 16:41:54.215,0.96514,0.96547,2.25,3.00
2015.08.14 16:41:57.607,0.96513,0.96541,1.87,1.75
2015.08.14 16:41:57.658,0.96508,0.96541,1.75,3.00
2015.08.14 16:41:57.810,0.96508,0.96539,1.75,2.25
2015.08.14 16:41:58.930,0.96509,0.96539,1.75,2.25
2015.08.14 16:41:58.982,0.96509,0.9654,1.75,2.25
2015.08.14 16:42:05.113,0.96511,0.96538,1.00,2.25
2015.08.14 16:42:05.699,0.96509,0.96539,2.25,2.25
2015.08.14 16:42:05.756,0.96509,0.9654,2.25,1.75
2015.08.14 16:42:05.907,0.96509,0.9654,2.25,2.25
2015.08.14 16:42:06.238,0.96514,0.96546,1.75,3.00
2015.08.14 16:42:06.742,0.96514,0.96546,2.25,1.75
2015.08.14 16:42:07.209,0.96519,0.96543,1.00,2.25
2015.08.14 16:42:07.260,0.96515,0.96543,1.37,2.25
2015.08.14 16:42:07.623,0.96519,0.96543,1.00,2.25
2015.08.14 16:42:07.724,0.96519,0.96545,1.00,3.00
2015.08.14 16:42:07.825,0.96519,0.96544,1.00,2.25
2015.08.14 16:42:08.484,0.96518,0.96544,1.00,3.00
2015.08.14 16:42:11.025,0.96518,0.96545,1.37,3.00
2015.08.14 16:42:11.249,0.96514,0.96546,2.25,2.25
2015.08.14 16:42:12.557,0.96519,0.96546,1.72,2.25
2015.08.14 16:42:12.756,0.96524,0.96551,1.75,1.75
2015.08.14 16:42:12.807,0.96528,0.96553,1.00,2.25
2015.08.14 16:42:13.160,0.96524,0.96553,1.75,2.25
2015.08.14 16:42:13.211,0.96524,0.96552,1.50,2.25
2015.08.14 16:42:13.312,0.96521,0.96551,1.75,2.25
2015.08.14 16:42:13.413,0.96521,0.96551,1.67,1.75
2015.08.14 16:42:13.514,0.96524,0.96549,1.75,1.00
2015.08.14 16:42:13.893,0.96526,0.96548,1.00,1.00
2015.08.14 16:42:17.343,0.96523,0.96554,1.75,2.25
2015.08.14 16:42:17.394,0.96524,0.96546,1.00,1.00
2015.08.14 16:42:17.835,0.96523,0.96554,1.75,3.00
2015.08.14 16:42:17.885,0.96526,0.96555,1.50,2.25
2015.08.14 16:42:18.239,0.96526,0.96554,1.00,2.25
2015.08.14 16:42:18.743,0.96524,0.96555,1.75,2.25
2015.08.14 16:42:19.279,0.96523,0.96556,2.25,3.00
2015.08.14 16:42:20.386,0.96525,0.96556,1.75,2.25
2015.08.14 16:42:20.437,0.96525,0.96557,1.75,3.00
2015.08.14 16:42:20.948,0.96524,0.96555,1.75,2.25
2015.08.14 16:42:21.543,0.96524,0.9655,1.75,1.00
2015.08.14 16:42:22.867,0.96523,0.96553,1.75,3.00
2015.08.14 16:42:22.968,0.96519,0.96552,1.75,3.00
2015.08.14 16:42:23.472,0.96518,0.96551,3.00,1.75
2015.08.14 16:42:24.036,0.96521,0.96555,2.25,3.00
2015.08.14 16:42:24.546,0.96523,0.96556,1.75,1.75
2015.08.14 16:42:29.575,0.96527,0.96553,1.00,2.25
2015.08.14 16:42:30.268,0.96519,0.96552,1.75,3.00
2015.08.14 16:42:30.319,0.96523,0.96545,1.00,1.00
2015.08.14 16:42:31.395,0.96519,0.96551,2.25,1.75
2015.08.14 16:42:31.446,0.96525,0.96547,1.00,1.00
2015.08.14 16:42:35.399,0.96518,0.96551,2.25,2.25
2015.08.14 16:42:35.946,0.96518,0.96551,2.25,2.25
2015.08.14 16:42:36.917,0.96518,0.96553,2.25,2.25
2015.08.14 16:42:37.018,0.96522,0.96556,2.25,3.75
2015.08.14 16:42:39.548,0.96531,0.96556,1.00,2.25
2015.08.14 16:42:39.757,0.96531,0.96562,1.75,1.75
2015.08.14 16:42:39.808,0.96532,0.96562,2.25,1.75
2015.08.14 16:42:39.859,0.96532,0.96562,2.25,1.75
2015.08.14 16:42:40.061,0.9654,0.96561,1.00,1.00
2015.08.14 16:42:40.162,0.96538,0.9656,1.00,1.00
2015.08.14 16:42:40.213,0.96533,0.96561,2.25,1.50
2015.08.14 16:42:40.314,0.96532,0.96561,1.75,1.37
2015.08.14 16:42:40.954,0.96538,0.9656,1.00,1.00
2015.08.14 16:42:41.010,0.96531,0.96561,2.25,3.00
2015.08.14 16:42:41.060,0.96528,0.96561,1.75,3.00
2015.08.14 16:42:41.312,0.96532,0.96561,2.25,1.75
2015.08.14 16:42:41.363,0.96532,0.96563,2.25,1.75
2015.08.14 16:42:41.413,0.96536,0.96565,2.25,1.75
2015.08.14 16:42:41.464,0.96536,0.96565,2.25,1.75
2015.08.14 16:42:41.515,0.96535,0.96566,2.25,2.25
2015.08.14 16:42:41.566,0.96534,0.96566,1.75,2.25
2015.08.14 16:42:43.888,0.96538,0.96566,2.62,1.75
2015.08.14 16:42:43.939,0.96538,0.96569,3.00,1.75
2015.08.14 16:42:44.091,0.96541,0.96567,2.25,1.00
2015.08.14 16:42:44.293,0.96538,0.96566,1.00,2.25
2015.08.14 16:42:44.847,0.96532,0.96565,2.25,1.75
2015.08.14 16:42:44.898,0.96534,0.96565,2.25,1.75
2015.08.14 16:42:45.435,0.96533,0.96565,1.75,1.75
2015.08.14 16:42:53.150,0.96534,0.96564,3.00,1.75
2015.08.14 16:42:53.201,0.96535,0.96564,2.25,1.75
2015.08.14 16:42:55.339,0.96534,0.96564,3.00,1.75
2015.08.14 16:42:55.850,0.96533,0.96565,1.75,1.75
2015.08.14 16:42:59.490,0.96533,0.96563,1.75,1.75
2015.08.14 16:42:59.743,0.96534,0.96558,1.50,1.50
2015.08.14 16:42:59.794,0.96534,0.96558,1.12,1.75
2015.08.14 16:43:01.129,0.96529,0.96558,2.25,1.50
2015.08.14 16:43:01.180,0.96536,0.96558,1.00,1.50
2015.08.14 16:43:01.331,0.96533,0.96562,2.25,1.75
2015.08.14 16:43:01.382,0.96533,0.96562,3.00,1.75
2015.08.14 16:43:01.634,0.96533,0.96562,1.75,1.75
2015.08.14 16:43:02.042,0.96537,0.96566,2.25,3.75
2015.08.14 16:43:02.093,0.96537,0.96566,2.25,2.25
2015.08.14 16:43:02.144,0.96541,0.96566,2.25,1.37
2015.08.14 16:43:02.196,0.96541,0.96571,2.25,1.50
2015.08.14 16:43:02.247,0.9654,0.96571,2.25,3.00
2015.08.14 16:43:02.297,0.96538,0.96571,1.75,3.00
2015.08.14 16:43:02.348,0.96539,0.96566,2.25,1.00
2015.08.14 16:43:03.105,0.96541,0.96572,2.25,1.75
2015.08.14 16:43:03.156,0.96549,0.96571,1.00,1.00
2015.08.14 16:43:03.257,0.96541,0.96572,3.75,1.75
2015.08.14 16:43:03.307,0.96541,0.96572,2.25,1.75
2015.08.14 16:43:03.610,0.96543,0.9657,1.00,1.75
2015.08.14 16:43:04.136,0.96544,0.9657,1.00,1.75
2015.08.14 16:43:04.565,0.96539,0.96566,1.00,1.00
2015.08.14 16:43:04.767,0.96539,0.96564,1.00,1.00
2015.08.14 16:43:04.817,0.96535,0.96564,1.50,1.00
2015.08.14 16:43:04.868,0.96534,0.96567,3.37,1.75
2015.08.14 16:43:05.171,0.96533,0.96565,3.37,1.75
2015.08.14 16:43:05.832,0.96533,0.96566,1.00,3.00
2015.08.14 16:43:07.266,0.96533,0.9656,2.62,1.00
2015.08.14 16:43:11.937,0.96534,0.96565,1.12,1.75
2015.08.14 16:43:12.497,0.96534,0.96562,1.50,1.00
2015.08.14 16:43:13.553,0.96534,0.96565,3.00,1.75
2015.08.14 16:43:21.481,0.96537,0.96566,1.75,1.75
2015.08.14 16:43:21.632,0.96546,0.96567,1.00,1.00
2015.08.14 16:43:22.169,0.96546,0.96568,1.00,1.00
2015.08.14 16:43:22.473,0.96544,0.96575,1.75,1.75
2015.08.14 16:43:22.524,0.96544,0.96575,1.75,1.75
2015.08.14 16:43:22.575,0.96548,0.96575,1.00,1.75
2015.08.14 16:43:23.699,0.96544,0.96574,1.75,2.25
2015.08.14 16:43:24.986,0.96546,0.96576,1.37,5.25
2015.08.14 16:43:25.621,0.96548,0.9657,1.00,1.00
2015.08.14 16:43:38.736,0.96545,0.96576,2.25,3.75
2015.08.14 16:43:38.787,0.96549,0.96576,1.35,2.25
2015.08.14 16:43:38.889,0.96549,0.96576,1.67,1.75
2015.08.14 16:43:39.097,0.96549,0.96576,1.35,1.50
2015.08.14 16:43:48.492,0.96548,0.96577,1.50,2.25
2015.08.14 16:43:48.543,0.96548,0.9657,1.00,1.00
2015.08.14 16:43:53.929,0.96545,0.96575,1.75,2.25
2015.08.14 16:43:53.980,0.96545,0.96575,1.50,2.25
2015.08.14 16:43:54.545,0.96545,0.96572,1.00,2.25
2015.08.14 16:43:56.217,0.96544,0.96572,1.12,2.25
2015.08.14 16:43:56.921,0.9654,0.96568,1.37,2.25
2015.08.14 16:43:57.153,0.96544,0.96572,1.87,2.25
2015.08.14 16:43:57.672,0.96545,0.96572,1.00,2.25
2015.08.14 16:43:57.924,0.96545,0.96574,1.12,3.75
2015.08.14 16:43:58.377,0.96548,0.96567,1.00,1.00
2015.08.14 16:43:58.579,0.96548,0.96569,1.00,1.00
2015.08.14 16:44:12.435,0.96548,0.96576,1.50,1.75
2015.08.14 16:44:12.978,0.96548,0.96568,1.00,1.00
2015.08.14 16:44:13.129,0.96546,0.96568,1.00,1.00
2015.08.14 16:44:35.395,0.96544,0.96571,1.75,1.75
2015.08.14 16:44:37.172,0.96544,0.96571,1.50,1.75
2015.08.14 16:44:37.482,0.96544,0.96566,1.00,1.35
2015.08.14 16:44:37.633,0.96538,0.9656,1.00,1.00
2015.08.14 16:44:37.684,0.96534,0.96566,1.75,4.50
2015.08.14 16:44:37.735,0.96536,0.96558,1.00,1.00
2015.08.14 16:44:37.888,0.96536,0.96563,1.00,2.25
2015.08.14 16:44:38.090,0.96533,0.96561,1.37,1.75
2015.08.14 16:44:38.191,0.96533,0.96559,1.50,1.35
2015.08.14 16:44:38.750,0.96531,0.96562,1.50,2.25
2015.08.14 16:44:39.261,0.96534,0.96563,1.75,2.25
2015.08.14 16:44:41.725,0.9653,0.96561,1.75,1.35
2015.08.14 16:44:41.826,0.96527,0.96559,1.75,2.25
2015.08.14 16:44:42.167,0.96523,0.96556,2.25,2.25
2015.08.14 16:44:47.796,0.9652,0.96552,3.00,1.75
2015.08.14 16:44:47.847,0.9652,0.96552,1.75,1.75
2015.08.14 16:44:48.386,0.96524,0.96552,1.00,1.75
2015.08.14 16:44:48.537,0.96524,0.96554,1.50,2.25
2015.08.14 16:44:48.638,0.96528,0.9655,1.00,1.00
2015.08.14 16:44:48.992,0.96523,0.96555,2.25,2.25
2015.08.14 16:44:49.043,0.96526,0.96548,1.00,1.00
2015.08.14 16:44:49.460,0.96524,0.96546,1.00,1.00
2015.08.14 16:44:52.328,0.9652,0.96551,1.75,3.75
2015.08.14 16:44:52.664,0.9652,0.9655,1.75,2.25
2015.08.14 16:44:53.106,0.96518,0.96551,2.25,2.25
2015.08.14 16:44:53.510,0.96519,0.96548,1.50,2.25
2015.08.14 16:44:55.555,0.96519,0.96548,1.75,2.25
2015.08.14 16:44:55.606,0.96519,0.96551,1.75,3.75
2015.08.14 16:44:55.707,0.96521,0.96552,1.75,1.75
2015.08.14 16:44:55.809,0.96523,0.96553,1.75,1.75
2015.08.14 16:44:56.368,0.96523,0.96554,1.75,3.00
2015.08.14 16:44:56.910,0.96524,0.96553,1.75,2.25
2015.08.14 16:45:04.624,0.96527,0.96553,1.00,2.25
2015.08.14 16:45:04.826,0.96525,0.96556,1.75,1.75
2015.08.14 16:45:04.877,0.96527,0.96557,1.75,1.75
2015.08.14 16:45:04.928,0.96529,0.96551,1.00,1.00
2015.08.14 16:45:10.643,0.96526,0.96557,1.75,1.75
2015.08.14 16:45:10.693,0.96526,0.96557,1.75,1.75
2015.08.14 16:45:11.937,0.96528,0.96554,2.25,1.00
2015.08.14 16:45:13.210,0.96534,0.96566,1.75,3.00
2015.08.14 16:45:13.567,0.96537,0.96559,1.00,1.00
2015.08.14 16:45:22.667,0.96533,0.96565,3.00,1.75
2015.08.14 16:45:23.029,0.96537,0.96567,1.75,1.75
2015.08.14 16:45:23.533,0.9654,0.9657,1.12,3.00
2015.08.14 16:45:32.012,0.96539,0.9657,1.75,3.00
2015.08.14 16:45:34.070,0.96539,0.96568,2.25,2.25
2015.08.14 16:45:34.423,0.96538,0.96567,1.75,1.75
2015.08.14 16:45:34.978,0.96541,0.96566,1.75,1.75
2015.08.14 16:45:35.180,0.96541,0.96573,1.75,1.75
2015.08.14 16:45:35.383,0.96544,0.96576,1.75,3.75
2015.08.14 16:45:35.434,0.96544,0.96576,1.75,2.25
2015.08.14 16:45:35.787,0.96549,0.96576,1.00,3.00
2015.08.14 16:45:36.039,0.96546,0.96576,1.75,1.75
2015.08.14 16:45:36.579,0.96548,0.96576,1.75,1.75
2015.08.14 16:45:37.134,0.96547,0.96576,1.75,1.75
2015.08.14 16:45:38.691,0.96547,0.96576,1.75,1.75
2015.08.14 16:45:39.197,0.96548,0.96577,1.50,3.00
2015.08.14 16:45:39.945,0.96554,0.96577,1.00,2.25
2015.08.14 16:45:40.046,0.96554,0.96581,1.75,1.75
2015.08.14 16:45:40.298,0.96555,0.9658,1.75,1.00
2015.08.14 16:45:41.793,0.96553,0.96585,2.25,2.25
2015.08.14 16:45:41.844,0.96551,0.96585,1.75,2.25
2015.08.14 16:45:41.894,0.96551,0.96584,1.75,2.25
2015.08.14 16:45:42.402,0.96554,0.96576,1.00,1.00
2015.08.14 16:45:43.516,0.96546,0.96577,3.00,1.75
2015.08.14 16:45:44.120,0.96544,0.96577,3.00,1.75
2015.08.14 16:45:44.221,0.96544,0.96577,3.00,1.75
2015.08.14 16:45:44.793,0.96548,0.96579,1.75,3.00
2015.08.14 16:45:45.297,0.9655,0.9658,1.75,2.25
2015.08.14 16:45:45.449,0.96551,0.96581,1.75,1.75
2015.08.14 16:45:46.235,0.96557,0.96579,1.00,1.00
2015.08.14 16:45:51.900,0.96549,0.96582,3.75,1.75
2015.08.14 16:45:52.408,0.96549,0.96582,2.25,1.75
2015.08.14 16:45:53.210,0.96548,0.96579,2.25,2.25
2015.08.14 16:45:53.261,0.96545,0.96579,2.25,2.25
2015.08.14 16:45:53.939,0.96545,0.96576,2.25,1.75
2015.08.14 16:45:54.040,0.96555,0.96576,1.00,1.00
2015.08.14 16:45:54.545,0.96555,0.96577,1.00,1.00
2015.08.14 16:45:57.679,0.96551,0.96581,1.75,1.75
2015.08.14 16:45:58.213,0.96549,0.96581,2.25,3.00
2015.08.14 16:46:01.150,0.96547,0.96579,3.00,3.00
2015.08.14 16:46:01.251,0.96545,0.96578,1.75,3.00
2015.08.14 16:46:05.119,0.96547,0.96576,1.75,1.75
2015.08.14 16:46:05.170,0.96547,0.96576,1.75,1.75
2015.08.14 16:46:05.371,0.96553,0.96575,1.00,1.00
2015.08.14 16:46:05.724,0.9655,0.96581,1.75,1.75
2015.08.14 16:46:05.777,0.96555,0.96577,1.00,1.00
2015.08.14 16:46:05.832,0.96553,0.96581,1.75,2.25
2015.08.14 16:46:06.338,0.96551,0.96581,1.75,3.00
2015.08.14 16:46:18.970,0.96554,0.96582,1.37,2.25
2015.08.14 16:46:19.478,0.96554,0.96584,1.75,1.75
2015.08.14 16:46:19.579,0.96554,0.96582,1.50,2.25
2015.08.14 16:46:20.782,0.96555,0.96582,1.75,1.75
2015.08.14 16:46:21.200,0.96558,0.96579,1.00,1.00
2015.08.14 16:46:22.684,0.96558,0.96584,1.00,2.25
2015.08.14 16:46:23.194,0.96554,0.96582,1.75,1.75
2015.08.14 16:46:24.668,0.96553,0.96582,2.25,1.75
2015.08.14 16:46:25.177,0.96558,0.9658,1.00,1.00
2015.08.14 16:46:27.096,0.96556,0.96578,1.00,1.00
2015.08.14 16:46:27.892,0.96554,0.96576,1.50,1.00
2015.08.14 16:46:28.194,0.96552,0.96584,1.75,3.00
2015.08.14 16:46:28.695,0.96555,0.96585,1.75,2.25
2015.08.14 16:46:28.745,0.96559,0.96581,1.00,1.00
2015.08.14 16:46:28.998,0.96555,0.96586,1.75,1.75
2015.08.14 16:46:29.511,0.96559,0.96587,1.75,1.75
2015.08.14 16:46:30.741,0.9656,0.96587,1.00,3.00
2015.08.14 16:46:32.068,0.96559,0.96587,1.37,1.75
2015.08.14 16:46:32.831,0.96559,0.96587,1.75,1.75
2015.08.14 16:46:33.708,0.9656,0.96587,1.00,3.00
2015.08.14 16:46:44.428,0.96557,0.96587,3.00,3.00
2015.08.14 16:46:44.530,0.96558,0.96587,2.25,1.75
2015.08.14 16:46:44.721,0.96558,0.96588,1.75,2.25
2015.08.14 16:46:44.924,0.96561,0.9659,1.50,2.25
2015.08.14 16:46:45.226,0.96557,0.96588,2.25,1.75
2015.08.14 16:46:45.428,0.96561,0.96583,1.00,1.00
2015.08.14 16:46:45.630,0.96554,0.96587,1.75,1.75
2015.08.14 16:46:45.731,0.96554,0.96587,1.75,3.00
2015.08.14 16:46:50.518,0.96557,0.96581,1.00,1.50
2015.08.14 16:46:52.324,0.96555,0.96581,1.00,1.75
2015.08.14 16:46:53.340,0.96552,0.9658,1.50,2.25
2015.08.14 16:46:53.542,0.9655,0.96571,1.00,1.00
2015.08.14 16:46:55.196,0.96549,0.96571,1.00,1.00
2015.08.14 16:46:55.247,0.96548,0.96576,1.50,3.00
2015.08.14 16:46:55.951,0.96547,0.96576,1.37,4.50
2015.08.14 16:46:56.002,0.96547,0.96575,1.00,2.25
2015.08.14 16:46:56.204,0.96545,0.96575,1.12,2.25
2015.08.14 16:46:56.305,0.96547,0.96575,1.00,2.25
2015.08.14 16:46:56.925,0.96546,0.96575,1.00,2.25
2015.08.14 16:47:02.356,0.96547,0.96575,1.00,2.25
2015.08.14 16:47:02.864,0.96546,0.96575,1.00,2.25
2015.08.14 16:47:04.617,0.96546,0.96568,1.37,1.00
2015.08.14 16:47:07.328,0.96545,0.96575,1.75,2.25
2015.08.14 16:47:07.379,0.96548,0.96577,1.75,1.75
2015.08.14 16:47:07.430,0.96548,0.96576,1.75,2.25
2015.08.14 16:47:07.582,0.96553,0.96575,1.00,1.00
2015.08.14 16:47:08.786,0.96551,0.96581,1.75,2.25
2015.08.14 16:47:08.937,0.96551,0.96575,1.75,1.00
2015.08.14 16:47:09.687,0.9655,0.96581,1.75,2.25
2015.08.14 16:47:10.217,0.96549,0.96577,1.75,1.75
2015.08.14 16:47:14.468,0.96549,0.96577,1.50,1.75
2015.08.14 16:47:14.670,0.96548,0.96577,1.50,1.75
2015.08.14 16:47:15.376,0.96549,0.96577,1.37,1.75
2015.08.14 16:47:15.426,0.96552,0.96574,1.00,1.00
2015.08.14 16:47:17.377,0.96549,0.96577,1.75,3.00
2015.08.14 16:47:17.924,0.96549,0.96577,1.75,3.00
2015.08.14 16:47:18.448,0.96548,0.96575,1.50,2.25
2015.08.14 16:47:18.499,0.96548,0.96575,1.12,2.25
2015.08.14 16:47:19.027,0.96549,0.96575,1.00,2.25
2015.08.14 16:47:19.780,0.96548,0.96575,1.12,2.25
2015.08.14 16:47:21.437,0.96549,0.96575,1.00,2.25
2015.08.14 16:47:22.690,0.96549,0.96576,1.37,1.75
2015.08.14 16:47:22.791,0.9655,0.96572,1.00,1.00
2015.08.14 16:47:23.987,0.96551,0.96576,1.00,3.00
2015.08.14 16:47:24.139,0.96551,0.96576,1.12,1.75
2015.08.14 16:47:24.698,0.9655,0.96576,1.50,1.75
2015.08.14 16:47:24.749,0.9655,0.96576,1.75,1.75
2015.08.14 16:47:27.357,0.96549,0.96576,2.25,1.75
2015.08.14 16:47:28.533,0.96549,0.96576,2.25,1.75
2015.08.14 16:47:28.583,0.96549,0.96576,2.25,1.75
2015.08.14 16:47:34.080,0.96549,0.96577,3.00,1.00
2015.08.14 16:47:34.616,0.96551,0.96581,1.75,1.75
2015.08.14 16:47:35.442,0.96554,0.96581,1.37,2.25
2015.08.14 16:47:35.493,0.96554,0.96575,1.00,1.00
2015.08.14 16:47:36.025,0.96553,0.96575,1.50,1.00
2015.08.14 16:47:37.153,0.96553,0.96581,1.50,1.75
2015.08.14 16:47:37.455,0.96553,0.96582,1.75,2.25
2015.08.14 16:47:37.793,0.96553,0.96582,1.75,2.25
2015.08.14 16:47:41.538,0.96555,0.96583,1.35,1.75
2015.08.14 16:47:41.689,0.96557,0.96583,1.35,1.75
2015.08.14 16:47:41.790,0.96561,0.96583,1.00,1.00
2015.08.14 16:47:41.992,0.96553,0.96585,2.25,1.75
2015.08.14 16:47:43.056,0.96553,0.96584,1.75,1.75
2015.08.14 16:47:43.106,0.96554,0.96584,1.75,1.75
2015.08.14 16:47:43.703,0.96553,0.96583,2.25,2.25
2015.08.14 16:47:51.066,0.96556,0.96584,1.50,2.25
2015.08.14 16:47:58.816,0.96557,0.96586,1.75,1.75
2015.08.14 16:48:02.739,0.96562,0.96584,1.00,1.00
2015.08.14 16:48:03.358,0.96558,0.96586,1.12,1.75
2015.08.14 16:48:04.432,0.96558,0.96587,1.75,2.25
2015.08.14 16:48:04.780,0.96558,0.96578,1.00,1.00
2015.08.14 16:48:05.647,0.96559,0.96578,1.00,1.00
2015.08.14 16:48:06.158,0.96558,0.96578,1.00,1.00
2015.08.14 16:48:06.675,0.96559,0.96578,1.00,1.00
2015.08.14 16:48:06.777,0.96559,0.96585,1.50,1.75
2015.08.14 16:48:08.030,0.96559,0.96584,1.37,3.00
2015.08.14 16:48:08.418,0.96558,0.96582,1.00,2.25
2015.08.14 16:48:08.469,0.96553,0.96571,1.37,1.00
2015.08.14 16:48:08.621,0.96552,0.96577,1.50,1.75
2015.08.14 16:48:14.372,0.96552,0.96576,1.12,1.75
2015.08.14 16:48:14.473,0.96552,0.96576,1.75,1.50
2015.08.14 16:48:14.798,0.96553,0.96576,1.75,1.00
2015.08.14 16:48:15.151,0.96551,0.96576,1.75,1.37
2015.08.14 16:48:17.745,0.96552,0.96576,1.75,1.37
2015.08.14 16:48:17.846,0.96554,0.96581,2.25,1.75
2015.08.14 16:48:18.012,0.96561,0.96581,1.00,1.00
2015.08.14 16:48:22.699,0.96561,0.96583,1.00,1.00
2015.08.14 16:48:22.915,0.9656,0.96582,1.75,1.12
2015.08.14 16:48:22.966,0.96556,0.96582,1.75,1.12
2015.08.14 16:48:23.168,0.96556,0.96586,1.75,2.25
2015.08.14 16:48:23.470,0.96557,0.96582,1.75,1.00
2015.08.14 16:48:23.672,0.96561,0.96586,1.00,2.25
2015.08.14 16:48:24.099,0.96559,0.9658,1.00,1.00
2015.08.14 16:48:24.607,0.96558,0.9658,1.50,1.00
2015.08.14 16:48:26.061,0.96558,0.96584,1.12,1.75
2015.08.14 16:48:27.106,0.96559,0.96578,1.00,1.00
2015.08.14 16:48:30.086,0.96556,0.96578,1.00,1.00
2015.08.14 16:48:32.024,0.96559,0.96578,1.00,1.00
2015.08.14 16:48:35.147,0.96558,0.96578,1.00,1.00
2015.08.14 16:48:39.306,0.96559,0.96578,1.00,1.00
2015.08.14 16:48:41.150,0.96559,0.96586,1.50,1.75
2015.08.14 16:48:41.351,0.96559,0.96586,1.75,1.75
2015.08.14 16:48:41.553,0.96561,0.96591,1.75,3.00
2015.08.14 16:48:41.654,0.96562,0.96587,1.75,1.00
2015.08.14 16:48:45.666,0.96563,0.96592,1.75,2.25
2015.08.14 16:48:45.717,0.96564,0.96586,1.00,1.00
2015.08.14 16:49:02.930,0.96564,0.96591,1.50,2.25
2015.08.14 16:49:02.981,0.96564,0.96591,1.75,2.25
2015.08.14 16:49:04.443,0.96561,0.96591,1.75,1.75
2015.08.14 16:49:04.493,0.96561,0.96591,1.75,1.75
2015.08.14 16:49:20.503,0.9656,0.96591,1.75,2.25
2015.08.14 16:49:28.831,0.96557,0.96586,2.25,1.75
2015.08.14 16:49:29.475,0.96555,0.96586,1.75,1.75
2015.08.14 16:49:38.429,0.96562,0.96586,1.75,1.50
2015.08.14 16:49:38.731,0.96565,0.96591,1.75,1.50
2015.08.14 16:49:39.037,0.96565,0.96592,3.00,1.12
2015.08.14 16:49:39.340,0.96565,0.96595,1.75,2.25
2015.08.14 16:49:39.542,0.96564,0.96586,1.00,1.00
2015.08.14 16:49:43.504,0.96562,0.96591,1.75,1.75
2015.08.14 16:49:43.555,0.96566,0.96588,1.00,1.00
2015.08.14 16:49:44.057,0.96567,0.96589,1.00,1.00
2015.08.14 16:49:44.108,0.96564,0.96595,1.75,1.75
2015.08.14 16:49:44.158,0.96564,0.96595,1.75,1.75
2015.08.14 16:49:50.875,0.96565,0.96595,1.75,2.25
2015.08.14 16:49:50.925,0.96565,0.96595,1.75,2.25
2015.08.14 16:49:51.278,0.96564,0.96594,1.75,1.75
2015.08.14 16:49:51.329,0.96569,0.96591,1.00,1.00
2015.08.14 16:49:55.556,0.96563,0.96594,2.25,1.75
2015.08.14 16:49:55.662,0.96564,0.96593,1.50,2.25
2015.08.14 16:49:55.764,0.96563,0.96591,1.50,2.25
2015.08.14 16:49:56.275,0.96559,0.96591,1.75,3.75
2015.08.14 16:49:58.690,0.96559,0.96588,1.75,2.25
2015.08.14 16:49:59.243,0.96559,0.96588,1.75,2.25
2015.08.14 16:50:00.581,0.96556,0.96585,1.75,2.25
2015.08.14 16:50:01.150,0.96555,0.96585,1.75,2.25
2015.08.14 16:50:02.275,0.9656,0.96586,1.37,1.50
2015.08.14 16:50:02.376,0.96564,0.96586,1.00,1.00
2015.08.14 16:50:02.779,0.9656,0.9659,1.50,2.25
2015.08.14 16:50:02.880,0.96559,0.96588,1.50,1.75
2015.08.14 16:50:04.118,0.96558,0.96587,1.75,1.75
2015.08.14 16:50:04.794,0.96558,0.96587,1.75,1.75
2015.08.14 16:50:05.119,0.96558,0.96587,1.75,1.75
2015.08.14 16:50:05.719,0.96559,0.96586,1.00,3.00
2015.08.14 16:50:06.174,0.96555,0.96581,3.00,1.00
2015.08.14 16:50:19.698,0.9656,0.96586,1.00,2.25
2015.08.14 16:50:20.811,0.96553,0.96584,1.75,2.25
2015.08.14 16:50:21.192,0.96554,0.96583,1.50,2.25
2015.08.14 16:50:22.509,0.96554,0.9658,1.00,1.75
2015.08.14 16:50:22.853,0.96549,0.96578,1.75,3.00
2015.08.14 16:50:24.706,0.96549,0.96578,1.00,3.00
2015.08.14 16:50:28.413,0.96548,0.96578,1.12,3.00
2015.08.14 16:50:40.033,0.96545,0.96574,1.50,2.25
2015.08.14 16:50:41.654,0.96544,0.96572,1.75,2.25
2015.08.14 16:50:49.351,0.9654,0.96562,1.00,1.00
2015.08.14 16:50:49.654,0.96538,0.96567,2.25,2.25
2015.08.14 16:50:49.755,0.96538,0.9656,2.25,1.00
2015.08.14 16:50:50.259,0.96539,0.9656,1.00,1.00
2015.08.14 16:50:50.858,0.96538,0.9656,2.25,1.00
2015.08.14 16:50:51.434,0.96539,0.9656,1.50,1.00
2015.08.14 16:50:51.861,0.9654,0.96569,1.75,2.25
2015.08.14 16:50:52.200,0.96541,0.96571,1.75,2.25
2015.08.14 16:50:52.352,0.96542,0.9657,1.00,2.25
2015.08.14 16:50:52.453,0.96542,0.96571,1.75,2.25
2015.08.14 16:50:52.864,0.96542,0.9657,1.12,2.25
2015.08.14 16:50:53.166,0.96544,0.9657,1.00,2.25
2015.08.14 16:50:58.174,0.96541,0.9657,1.50,2.25
2015.08.14 16:50:58.477,0.96539,0.96569,1.87,2.25
2015.08.14 16:51:02.484,0.9654,0.96569,1.00,2.25
2015.08.14 16:51:04.307,0.96539,0.9657,1.87,3.00
2015.08.14 16:51:04.829,0.9654,0.96568,1.50,2.25
2015.08.14 16:51:17.088,0.96541,0.96569,1.37,2.25
2015.08.14 16:51:17.597,0.9654,0.9657,1.75,2.25
2015.08.14 16:51:18.518,0.96545,0.9657,1.00,2.25
2015.08.14 16:51:18.720,0.96548,0.96568,1.00,1.00
2015.08.14 16:51:18.923,0.96548,0.96573,1.00,2.25
2015.08.14 16:51:19.706,0.96548,0.96574,1.00,2.25
2015.08.14 16:51:20.411,0.96548,0.96569,1.00,2.25
2015.08.14 16:51:20.562,0.96544,0.96569,1.00,2.25
2015.08.14 16:51:22.567,0.96543,0.96569,1.50,2.25
2015.08.14 16:51:23.214,0.96543,0.96571,1.87,2.25
2015.08.14 16:51:23.668,0.96549,0.96571,1.00,2.25
2015.08.14 16:51:24.038,0.96546,0.96571,1.00,2.25
2015.08.14 16:51:24.089,0.96549,0.96571,1.00,2.25
2015.08.14 16:51:24.614,0.96548,0.96571,1.00,2.25
2015.08.14 16:51:25.194,0.96548,0.96573,1.00,2.25
2015.08.14 16:51:25.626,0.96545,0.96571,1.12,1.75
2015.08.14 16:51:30.024,0.96544,0.96569,1.00,1.35
2015.08.14 16:51:31.557,0.96543,0.96569,1.00,1.35
2015.08.14 16:51:32.309,0.96543,0.96569,1.37,1.35
2015.08.14 16:51:32.360,0.96544,0.96569,1.75,1.35
2015.08.14 16:51:34.214,0.96544,0.96569,1.50,1.35
2015.08.14 16:51:34.265,0.96544,0.96565,1.50,1.00
2015.08.14 16:51:37.771,0.96543,0.96569,1.75,1.35
2015.08.14 16:51:44.478,0.96544,0.9657,1.12,2.25
2015.08.14 16:51:44.883,0.96541,0.96563,1.00,1.00
2015.08.14 16:51:45.085,0.96543,0.96563,1.00,1.00
2015.08.14 16:51:45.420,0.96543,0.96572,1.50,3.00
2015.08.14 16:51:52.818,0.96546,0.96572,1.00,2.25
2015.08.14 16:51:53.296,0.96544,0.96575,1.75,3.00
2015.08.14 16:51:53.568,0.96549,0.96571,1.00,1.00
2015.08.14 16:51:53.719,0.96548,0.96578,2.25,2.25
2015.08.14 16:51:54.132,0.96551,0.96581,1.75,1.75
2015.08.14 16:51:54.435,0.96553,0.9658,1.12,2.25
2015.08.14 16:51:55.475,0.96553,0.96578,1.00,1.75
2015.08.14 16:51:56.861,0.96549,0.96575,1.12,1.35
2015.08.14 16:52:04.687,0.96553,0.96575,1.00,1.35
2015.08.14 16:52:10.377,0.96549,0.96575,1.12,1.35
2015.08.14 16:52:10.479,0.96549,0.96575,1.12,3.60
2015.08.14 16:52:10.994,0.96549,0.96575,1.12,2.10
2015.08.14 16:52:11.432,0.9655,0.96572,1.00,1.00
2015.08.14 16:52:11.483,0.96549,0.96578,2.25,2.25
2015.08.14 16:52:11.533,0.96552,0.96574,1.00,1.00
2015.08.14 16:52:11.980,0.96553,0.96582,1.50,1.75
2015.08.14 16:52:14.749,0.96558,0.96583,1.00,3.00
2015.08.14 16:52:15.780,0.96553,0.96582,1.50,1.75
2015.08.14 16:52:16.368,0.96559,0.96583,1.00,3.00
2015.08.14 16:52:17.500,0.96559,0.96581,1.00,2.25
2015.08.14 16:52:17.651,0.96554,0.96572,1.00,1.00
2015.08.14 16:52:18.876,0.96553,0.96572,1.00,1.00
2015.08.14 16:52:19.652,0.96554,0.96572,1.00,1.00
2015.08.14 16:52:24.343,0.9655,0.96572,1.00,1.00
2015.08.14 16:52:24.545,0.9655,0.96572,2.10,1.00
2015.08.14 16:52:24.864,0.96554,0.96584,1.75,2.25
2015.08.14 16:52:24.915,0.96554,0.96584,1.75,2.25
2015.08.14 16:52:25.168,0.96554,0.96582,1.37,2.25
2015.08.14 16:52:25.223,0.96554,0.96581,1.12,2.25
2015.08.14 16:52:29.172,0.96554,0.96579,1.00,2.25
2015.08.14 16:52:34.819,0.96553,0.96572,1.00,1.00
2015.08.14 16:52:35.824,0.96554,0.96572,1.00,1.00
2015.08.14 16:52:36.364,0.96553,0.96572,1.00,1.00
2015.08.14 16:52:37.327,0.96554,0.96572,1.00,1.00
2015.08.14 16:52:40.036,0.96554,0.96581,1.00,2.25
2015.08.14 16:52:40.548,0.96554,0.96582,1.50,2.25
2015.08.14 16:52:44.640,0.96554,0.96581,1.00,2.25
2015.08.14 16:52:46.867,0.96554,0.96579,1.00,2.25
2015.08.14 16:52:55.060,0.96553,0.96579,1.00,2.25
2015.08.14 16:52:55.593,0.96553,0.96571,1.00,1.00
2015.08.14 16:52:56.398,0.96549,0.96571,1.50,1.00
2015.08.14 16:52:58.309,0.9655,0.96571,1.00,1.00
2015.08.14 16:52:58.857,0.96549,0.96571,2.25,1.00
2015.08.14 16:53:02.275,0.96544,0.96572,1.87,2.25
2015.08.14 16:53:02.328,0.96544,0.96572,1.00,2.25
2015.08.14 16:53:02.480,0.96541,0.96571,1.12,2.25
2015.08.14 16:53:04.582,0.96539,0.96568,1.50,2.25
2015.08.14 16:53:05.542,0.96539,0.96565,1.37,2.25
2015.08.14 16:53:05.643,0.96538,0.96564,1.00,2.25
2015.08.14 16:53:05.795,0.96538,0.96563,1.00,2.25
2015.08.14 16:53:06.847,0.96539,0.96563,1.00,2.25
2015.08.14 16:53:08.122,0.96538,0.96563,1.00,2.25
2015.08.14 16:53:08.798,0.96538,0.96564,1.00,2.25
2015.08.14 16:53:12.865,0.96538,0.96564,1.00,3.75
2015.08.14 16:53:13.371,0.96538,0.96563,1.00,2.25
2015.08.14 16:53:14.845,0.96535,0.96563,1.12,2.25
2015.08.14 16:53:15.399,0.96539,0.96563,1.00,2.25
2015.08.14 16:53:16.382,0.96539,0.96563,1.37,1.87
2015.08.14 16:53:16.433,0.96539,0.96569,1.75,1.75
2015.08.14 16:53:16.937,0.96541,0.96563,1.00,1.00
2015.08.14 16:53:19.196,0.96538,0.96571,1.75,3.00
2015.08.14 16:53:19.504,0.96543,0.96574,1.75,3.00
2015.08.14 16:53:19.806,0.96548,0.96576,1.50,3.00
2015.08.14 16:53:20.497,0.96548,0.96577,1.75,2.25
2015.08.14 16:53:27.000,0.96549,0.96577,1.37,2.25
2015.08.14 16:53:27.051,0.96549,0.96577,1.12,2.25
2015.08.14 16:53:35.399,0.96549,0.96577,1.50,2.25
2015.08.14 16:53:35.601,0.9655,0.96572,1.00,1.00
2015.08.14 16:53:36.104,0.96549,0.96578,1.37,3.00
2015.08.14 16:53:36.608,0.96549,0.9657,1.00,1.00
2015.08.14 16:53:40.090,0.96549,0.96578,1.37,3.00
2015.08.14 16:53:40.625,0.96549,0.96578,1.75,2.25
2015.08.14 16:53:42.719,0.96549,0.96578,1.37,4.50
2015.08.14 16:53:42.769,0.96549,0.9657,1.00,1.00
2015.08.14 16:53:43.442,0.96549,0.96577,1.75,1.75
2015.08.14 16:53:43.543,0.96549,0.9657,1.00,1.00
2015.08.14 16:53:43.745,0.96549,0.96576,1.00,3.00
2015.08.14 16:53:44.047,0.96548,0.96566,1.00,1.00
2015.08.14 16:53:44.350,0.96553,0.96566,1.00,1.00
2015.08.14 16:53:44.551,0.96549,0.96566,1.00,1.00
2015.08.14 16:53:45.054,0.96548,0.96574,1.00,3.00
2015.08.14 16:53:45.593,0.96549,0.96566,1.00,1.00
2015.08.14 16:53:45.694,0.96544,0.96566,1.50,1.00
2015.08.14 16:53:45.895,0.96548,0.96566,1.00,1.00
2015.08.14 16:53:45.946,0.96548,0.96575,1.00,2.25
2015.08.14 16:53:46.351,0.96549,0.96571,1.50,1.00
2015.08.14 16:53:50.685,0.96549,0.96578,1.50,2.25
2015.08.14 16:53:50.988,0.96554,0.96579,1.00,2.25
2015.08.14 16:53:53.551,0.96549,0.96579,1.75,2.25
2015.08.14 16:53:54.102,0.96554,0.96579,1.00,2.25
2015.08.14 16:53:57.638,0.96553,0.96579,1.12,2.25
2015.08.14 16:53:57.689,0.96553,0.96575,1.50,1.00
2015.08.14 16:53:57.739,0.96553,0.96581,1.50,2.10
2015.08.14 16:53:57.790,0.96556,0.96578,1.00,1.00
2015.08.14 16:53:58.291,0.96558,0.96578,1.00,1.00
2015.08.14 16:53:59.439,0.96558,0.96583,1.00,2.25
2015.08.14 16:53:59.951,0.96553,0.96582,1.75,2.25
2015.08.14 16:54:00.405,0.96558,0.96582,1.00,2.25
2015.08.14 16:54:00.934,0.96559,0.96582,1.00,2.25
2015.08.14 16:54:02.591,0.96553,0.96582,2.25,2.25
2015.08.14 16:54:02.692,0.96556,0.96578,1.00,1.00
2015.08.14 16:54:02.944,0.96559,0.96578,1.00,1.00
2015.08.14 16:54:03.581,0.96559,0.96582,1.00,2.25
2015.08.14 16:54:03.683,0.96559,0.96584,1.00,1.75
2015.08.14 16:54:03.986,0.96558,0.96587,1.75,3.00
2015.08.14 16:54:04.668,0.96559,0.9658,1.00,1.00
2015.08.14 16:54:05.289,0.96559,0.96576,1.00,1.00
2015.08.14 16:54:05.825,0.96554,0.96576,1.00,1.00
2015.08.14 16:54:06.093,0.96558,0.96576,1.00,1.00
2015.08.14 16:54:06.343,0.96554,0.96576,1.50,1.00
2015.08.14 16:54:12.031,0.96559,0.96576,1.00,1.00
2015.08.14 16:54:12.565,0.96558,0.96576,1.00,1.00
2015.08.14 16:54:12.833,0.96554,0.96576,1.00,1.00
2015.08.14 16:54:12.985,0.96554,0.96581,1.00,2.25
2015.08.14 16:54:13.388,0.96548,0.96581,3.00,1.75
2015.08.14 16:54:13.736,0.96558,0.96582,1.00,2.25
2015.08.14 16:54:14.240,0.96559,0.96582,1.00,2.25
2015.08.14 16:54:14.903,0.96559,0.96583,1.00,1.35
2015.08.14 16:54:16.735,0.96558,0.96583,1.00,1.35
2015.08.14 16:54:17.834,0.96558,0.96583,1.50,1.35
2015.08.14 16:54:27.262,0.96558,0.96583,1.12,1.35
2015.08.14 16:54:27.363,0.96556,0.96578,1.00,1.00
2015.08.14 16:54:27.565,0.96558,0.96578,1.00,1.00
2015.08.14 16:54:28.642,0.96558,0.96582,1.00,2.25
2015.08.14 16:54:29.119,0.96554,0.96581,1.50,1.75
2015.08.14 16:54:29.522,0.96554,0.96581,1.12,2.25
2015.08.14 16:54:29.673,0.96549,0.96578,1.75,1.75
2015.08.14 16:54:29.724,0.96549,0.96577,1.37,1.75
2015.08.14 16:54:30.036,0.96549,0.96576,1.00,3.00
2015.08.14 16:54:31.072,0.96545,0.96576,1.50,2.25
2015.08.14 16:54:31.123,0.96545,0.96576,1.50,2.25
2015.08.14 16:54:31.224,0.96545,0.96577,1.75,1.75
2015.08.14 16:54:35.204,0.96549,0.96576,1.37,1.75
2015.08.14 16:54:35.255,0.96549,0.96576,1.12,3.00
2015.08.14 16:54:43.660,0.96548,0.96577,1.50,3.75
2015.08.14 16:54:43.858,0.96549,0.96571,1.00,1.00
2015.08.14 16:54:43.959,0.96549,0.96576,1.00,2.25
2015.08.14 16:54:45.219,0.96548,0.96577,1.37,3.00
2015.08.14 16:54:50.345,0.96544,0.96576,1.50,2.25
2015.08.14 16:54:50.396,0.96544,0.96574,1.50,2.25
2015.08.14 16:54:50.497,0.96544,0.96575,1.75,2.25
2015.08.14 16:54:51.013,0.96549,0.96575,1.00,2.25
2015.08.14 16:54:54.385,0.96544,0.96575,1.75,3.00
2015.08.14 16:54:56.185,0.96549,0.96575,1.00,2.25
2015.08.14 16:54:57.802,0.96543,0.96575,2.25,2.25
2015.08.14 16:55:04.285,0.96549,0.96575,1.00,3.00
2015.08.14 16:55:04.612,0.96545,0.96567,1.00,1.00
2015.08.14 16:55:04.663,0.96539,0.96569,2.25,2.25
2015.08.14 16:55:04.714,0.96538,0.96568,1.75,2.25
2015.08.14 16:55:04.815,0.96541,0.96563,1.00,1.00
2015.08.14 16:55:05.067,0.96544,0.96568,1.00,2.25
2015.08.14 16:55:05.420,0.96539,0.96561,1.50,1.00
2015.08.14 16:55:05.636,0.96539,0.96563,1.00,2.25
2015.08.14 16:55:05.687,0.96534,0.9656,1.00,2.25
2015.08.14 16:55:05.839,0.96534,0.96558,1.00,2.25
2015.08.14 16:55:06.041,0.9653,0.96551,1.00,1.00
2015.08.14 16:55:06.294,0.96529,0.9656,2.25,2.25
2015.08.14 16:55:06.345,0.96531,0.9656,1.50,2.25
2015.08.14 16:55:06.396,0.96533,0.96555,1.50,1.00
2015.08.14 16:55:06.950,0.96538,0.96555,1.00,1.00
2015.08.14 16:55:07.599,0.96533,0.96555,1.50,1.00
2015.08.14 16:55:13.658,0.96533,0.96559,1.12,2.25
2015.08.14 16:55:13.809,0.96528,0.96557,2.25,2.25
2015.08.14 16:55:13.860,0.96534,0.96557,1.00,2.25
2015.08.14 16:55:14.335,0.96534,0.96559,1.00,2.25
2015.08.14 16:55:14.436,0.96528,0.96559,1.75,2.25
2015.08.14 16:55:14.952,0.96533,0.96559,1.00,2.25
2015.08.14 16:55:15.490,0.96534,0.96559,1.00,2.25
2015.08.14 16:55:16.000,0.96533,0.96558,1.00,1.75
2015.08.14 16:55:16.611,0.96534,0.96558,1.00,1.75
2015.08.14 16:55:18.604,0.96534,0.96558,1.00,2.25
2015.08.14 16:55:19.136,0.96529,0.96558,1.12,3.00
2015.08.14 16:55:19.396,0.96529,0.96549,1.00,1.00
2015.08.14 16:55:19.936,0.96528,0.96549,1.00,1.00
2015.08.14 16:55:20.459,0.96529,0.96549,1.00,1.00
2015.08.14 16:55:20.962,0.96528,0.96549,1.00,1.00
2015.08.14 16:55:21.527,0.96529,0.96549,1.00,1.00
2015.08.14 16:55:26.304,0.96527,0.96549,1.00,1.00
2015.08.14 16:55:26.504,0.96523,0.96553,2.25,2.25
2015.08.14 16:55:26.555,0.96523,0.96552,1.12,3.00
2015.08.14 16:55:26.706,0.96524,0.9655,1.00,3.00
2015.08.14 16:55:27.210,0.96524,0.96549,1.00,2.25
2015.08.14 16:55:29.039,0.96529,0.96549,1.00,2.25
2015.08.14 16:55:29.263,0.96529,0.96549,1.00,1.00
2015.08.14 16:55:29.364,0.96533,0.96549,1.00,1.00
2015.08.14 16:55:29.871,0.96533,0.96557,1.00,2.25
2015.08.14 16:55:31.110,0.96533,0.96554,1.00,2.25
2015.08.14 16:55:31.167,0.96529,0.96554,1.00,2.25
2015.08.14 16:55:31.712,0.96528,0.96554,1.12,2.25
2015.08.14 16:55:32.178,0.96525,0.96547,1.00,1.00
2015.08.14 16:55:32.230,0.96528,0.96547,1.00,1.00
2015.08.14 16:55:32.516,0.96528,0.96555,1.00,1.75
2015.08.14 16:55:33.539,0.96524,0.96555,1.75,1.75
2015.08.14 16:55:33.691,0.96529,0.96556,1.00,2.25
2015.08.14 16:55:33.993,0.96528,0.96559,2.25,2.25
2015.08.14 16:55:34.411,0.96534,0.96561,1.50,1.75
2015.08.14 16:55:35.687,0.96534,0.96565,1.50,3.00
2015.08.14 16:55:35.737,0.96534,0.96565,1.75,1.75
2015.08.14 16:55:35.955,0.96534,0.96563,1.75,2.25
2015.08.14 16:55:36.057,0.96534,0.96558,1.50,1.00
2015.08.14 16:55:36.259,0.96531,0.96561,1.75,2.25
2015.08.14 16:55:36.439,0.96535,0.96561,1.00,2.25
2015.08.14 16:55:36.498,0.96537,0.96559,1.00,1.00
2015.08.14 16:55:37.057,0.96533,0.96559,1.75,1.00
2015.08.14 16:55:38.235,0.96533,0.96564,1.75,1.75
2015.08.14 16:55:38.286,0.96533,0.96565,1.75,3.00
2015.08.14 16:55:39.047,0.96533,0.96565,1.75,3.00
2015.08.14 16:55:39.098,0.96533,0.96565,1.75,1.75
2015.08.14 16:55:41.716,0.96539,0.96565,1.12,2.25
2015.08.14 16:55:42.118,0.96533,0.96564,1.75,2.25
2015.08.14 16:55:43.740,0.96533,0.96564,1.75,4.50
2015.08.14 16:55:43.791,0.96533,0.96563,1.75,2.25
2015.08.14 16:55:44.182,0.96537,0.96569,1.75,3.00
2015.08.14 16:55:44.585,0.96534,0.96567,1.75,1.75
2015.08.14 16:55:54.231,0.96539,0.96566,1.00,1.75
2015.08.14 16:55:58.995,0.96539,0.96564,1.00,2.25
2015.08.14 16:56:01.892,0.96536,0.96565,1.00,1.75
2015.08.14 16:56:01.942,0.96533,0.96565,1.75,1.75
2015.08.14 16:56:01.993,0.96533,0.96565,1.75,1.75
2015.08.14 16:56:02.044,0.96539,0.96565,1.00,1.75
2015.08.14 16:56:04.837,0.96538,0.96566,1.00,1.75
2015.08.14 16:56:05.355,0.96539,0.96565,1.00,1.75
2015.08.14 16:56:21.178,0.96533,0.96564,1.37,1.75
2015.08.14 16:56:21.329,0.96528,0.9656,1.87,1.87
2015.08.14 16:56:21.381,0.96528,0.96559,1.00,1.75
2015.08.14 16:56:21.615,0.96524,0.96556,1.12,1.75
2015.08.14 16:56:21.866,0.96528,0.96556,1.00,1.75
2015.08.14 16:56:22.219,0.96528,0.96553,1.00,1.00
2015.08.14 16:56:22.420,0.96523,0.96558,2.25,1.75
2015.08.14 16:56:22.521,0.96528,0.9656,1.00,1.75
2015.08.14 16:56:22.839,0.96534,0.96561,1.00,2.10
2015.08.14 16:56:23.242,0.96534,0.96561,1.00,2.10
2015.08.14 16:56:23.746,0.96534,0.96561,1.00,2.85
2015.08.14 16:56:23.796,0.96534,0.96561,1.00,2.10
2015.08.14 16:56:27.788,0.96533,0.96561,1.00,1.35
2015.08.14 16:56:29.547,0.96533,0.96561,1.00,1.75
2015.08.14 16:56:29.850,0.96529,0.96549,1.00,1.00
2015.08.14 16:56:30.285,0.96527,0.96549,1.00,1.00
2015.08.14 16:56:30.336,0.96529,0.96549,1.00,1.00
2015.08.14 16:56:30.840,0.96529,0.96556,1.50,2.25
2015.08.14 16:56:31.377,0.96529,0.96557,1.00,3.00
2015.08.14 16:56:32.617,0.96529,0.96553,1.00,2.25
2015.08.14 16:56:32.667,0.96519,0.96552,2.25,2.25
2015.08.14 16:56:33.271,0.96519,0.9655,1.75,2.25
2015.08.14 16:56:35.428,0.96519,0.9655,1.75,3.75
2015.08.14 16:56:35.479,0.96519,0.96549,1.75,2.25
2015.08.14 16:56:35.680,0.96518,0.96551,2.25,2.25
2015.08.14 16:56:35.882,0.96519,0.96554,1.75,2.25
2015.08.14 16:56:37.748,0.96523,0.96551,1.50,2.25
2015.08.14 16:56:38.144,0.96523,0.96552,1.50,2.25
2015.08.14 16:56:38.654,0.96523,0.96553,1.75,2.25
2015.08.14 16:56:40.112,0.96528,0.96553,1.00,3.00
2015.08.14 16:56:41.065,0.96523,0.96553,1.75,2.25
2015.08.14 16:56:41.167,0.96524,0.96545,1.00,1.00
2015.08.14 16:56:41.218,0.96519,0.9655,1.75,2.25
2015.08.14 16:56:41.268,0.96521,0.96543,1.00,1.00
2015.08.14 16:56:41.319,0.96524,0.96543,1.00,1.00
2015.08.14 16:56:41.756,0.96524,0.96545,1.00,1.00
2015.08.14 16:56:42.269,0.96523,0.96545,1.00,1.00
2015.08.14 16:56:42.816,0.96519,0.96548,1.50,3.00
2015.08.14 16:56:43.122,0.9651,0.96538,2.25,1.00
2015.08.14 16:56:43.172,0.96511,0.96544,1.75,2.25
2015.08.14 16:56:44.735,0.96513,0.96542,1.50,2.25
2015.08.14 16:56:44.786,0.96513,0.96535,1.50,1.00
2015.08.14 16:56:46.438,0.96513,0.9654,1.12,2.25
2015.08.14 16:56:46.942,0.96514,0.96539,1.00,3.00
2015.08.14 16:56:57.229,0.96514,0.96538,1.00,3.00
2015.08.14 16:56:57.380,0.96508,0.96536,1.50,1.35
2015.08.14 16:56:57.481,0.96508,0.96534,1.00,2.25
2015.08.14 16:56:57.633,0.96503,0.96524,1.00,1.00
2015.08.14 16:56:57.784,0.96503,0.96533,1.75,2.25
2015.08.14 16:56:58.010,0.96506,0.96528,1.00,1.00
2015.08.14 16:56:58.381,0.96509,0.96528,1.00,1.00
2015.08.14 16:56:58.684,0.96509,0.96533,1.00,2.25
2015.08.14 16:56:58.835,0.96504,0.96533,1.00,2.25
2015.08.14 16:56:59.279,0.96508,0.96533,1.00,2.25
2015.08.14 16:56:59.481,0.96508,0.96538,1.00,1.75
2015.08.14 16:56:59.783,0.96508,0.96534,1.00,2.25
2015.08.14 16:56:59.834,0.96504,0.96534,1.00,2.25
2015.08.14 16:56:59.885,0.96504,0.96537,1.00,2.25
2015.08.14 16:57:00.087,0.96504,0.96537,1.50,1.75
2015.08.14 16:57:00.536,0.96509,0.96536,1.00,1.75
2015.08.14 16:57:02.204,0.96504,0.96535,1.50,1.75
2015.08.14 16:57:02.255,0.96504,0.96532,1.75,1.00
2015.08.14 16:57:02.567,0.96504,0.96534,1.75,1.75
2015.08.14 16:57:03.274,0.96503,0.96535,1.75,2.25
2015.08.14 16:57:03.325,0.96508,0.96536,1.75,1.75
2015.08.14 16:57:05.907,0.96504,0.96534,1.75,1.75
2015.08.14 16:57:06.412,0.96501,0.96533,2.25,1.75
2015.08.14 16:57:08.170,0.96508,0.96536,1.37,4.50
2015.08.14 16:57:08.708,0.96504,0.96535,1.75,1.75
2015.08.14 16:57:09.022,0.96503,0.96535,1.75,3.00
2015.08.14 16:57:09.587,0.96503,0.96535,1.75,1.75
2015.08.14 16:57:09.739,0.96506,0.96528,1.00,1.00
2015.08.14 16:57:12.185,0.96504,0.96531,1.37,1.75
2015.08.14 16:57:12.236,0.96504,0.96531,1.12,1.75
2015.08.14 16:57:13.138,0.96508,0.96531,1.00,1.75
2015.08.14 16:57:15.196,0.96508,0.96532,1.00,1.75
2015.08.14 16:57:15.297,0.96503,0.96532,1.00,3.00
2015.08.14 16:57:15.449,0.96504,0.96526,1.00,1.00
2015.08.14 16:57:15.906,0.96498,0.96531,1.75,3.00
2015.08.14 16:57:16.451,0.96503,0.96531,1.50,1.75
2015.08.14 16:57:17.405,0.96503,0.9653,1.37,1.75
2015.08.14 16:57:17.615,0.96503,0.9653,1.50,1.75
2015.08.14 16:57:19.112,0.96498,0.96526,1.75,2.10
2015.08.14 16:57:19.162,0.96501,0.96523,1.00,1.00
2015.08.14 16:57:19.423,0.96503,0.96526,1.00,2.10
2015.08.14 16:57:19.813,0.96498,0.96524,1.50,1.75
2015.08.14 16:57:20.265,0.96503,0.96526,1.00,2.10
2015.08.14 16:57:20.908,0.96503,0.96526,1.00,2.10
2015.08.14 16:57:21.009,0.96503,0.96526,1.37,1.67
2015.08.14 16:57:29.860,0.96498,0.96526,1.75,1.50
2015.08.14 16:57:29.911,0.965,0.96522,1.00,1.00
2015.08.14 16:57:35.728,0.965,0.96521,1.00,1.00
2015.08.14 16:57:35.829,0.96493,0.96521,1.75,1.50
2015.08.14 16:57:35.980,0.96497,0.96523,1.00,1.75
2015.08.14 16:57:36.288,0.96489,0.96511,1.50,1.00
2015.08.14 16:57:36.343,0.96494,0.96519,1.00,3.75
2015.08.14 16:57:36.877,0.96494,0.96517,1.00,1.75
2015.08.14 16:57:37.381,0.96491,0.96522,1.75,3.00
2015.08.14 16:57:37.482,0.96492,0.96523,1.75,2.25
2015.08.14 16:57:37.830,0.96499,0.96523,1.00,2.25
2015.08.14 16:57:38.335,0.96498,0.96523,1.00,2.25
2015.08.14 16:57:38.587,0.96499,0.96521,1.00,1.75
2015.08.14 16:57:38.789,0.96499,0.96521,1.00,1.75
2015.08.14 16:57:39.990,0.96499,0.96519,1.00,1.00
2015.08.14 16:57:40.091,0.96499,0.96522,1.00,1.75
2015.08.14 16:57:40.742,0.96499,0.96521,1.00,3.00
2015.08.14 16:57:40.900,0.96494,0.96515,1.00,1.00
2015.08.14 16:57:41.102,0.96494,0.96521,1.00,4.50
2015.08.14 16:57:42.152,0.96494,0.96519,1.00,1.75
2015.08.14 16:57:46.470,0.96494,0.96519,1.00,2.25
2015.08.14 16:57:46.775,0.96494,0.96516,1.00,2.25
2015.08.14 16:57:49.671,0.96489,0.96516,1.12,3.00
2015.08.14 16:57:50.377,0.96488,0.96517,1.35,3.00
2015.08.14 16:57:50.428,0.96489,0.96517,1.35,1.75
2015.08.14 16:57:50.629,0.96494,0.96518,1.00,2.25
2015.08.14 16:57:51.391,0.96499,0.96518,1.00,2.25
2015.08.14 16:57:55.311,0.96494,0.96518,1.00,2.25
2015.08.14 16:57:55.565,0.96488,0.96518,1.75,2.25
2015.08.14 16:57:55.716,0.96488,0.96517,1.75,3.00
2015.08.14 16:57:55.968,0.96488,0.96518,1.35,1.75
2015.08.14 16:57:56.121,0.96494,0.96518,1.00,1.75
2015.08.14 16:57:56.922,0.96485,0.96519,1.75,1.75
2015.08.14 16:57:57.023,0.96487,0.96514,1.75,1.00
2015.08.14 16:57:57.326,0.96489,0.96517,1.75,1.75
2015.08.14 16:58:03.037,0.96484,0.96513,1.75,1.75
2015.08.14 16:58:03.399,0.9648,0.96513,2.25,1.75
2015.08.14 16:58:04.023,0.96489,0.9651,1.00,1.00
2015.08.14 16:58:04.698,0.96489,0.96515,1.37,1.75
2015.08.14 16:58:04.749,0.96489,0.96515,1.75,1.75
2015.08.14 16:58:09.108,0.96489,0.96513,1.75,1.50
2015.08.14 16:58:09.801,0.96489,0.96512,1.50,1.75
2015.08.14 16:58:16.947,0.96489,0.96512,1.12,1.75
2015.08.14 16:58:17.163,0.96484,0.9651,1.37,1.75
2015.08.14 16:58:20.962,0.96484,0.96509,1.37,1.75
2015.08.14 16:58:21.063,0.96484,0.96508,1.00,2.25
2015.08.14 16:58:21.566,0.96483,0.96508,1.00,2.25
2015.08.14 16:58:21.970,0.96484,0.96506,1.50,1.00
2015.08.14 16:58:27.112,0.96484,0.96508,1.00,1.75
2015.08.14 16:58:27.630,0.96484,0.96508,1.00,1.75
2015.08.14 16:58:29.633,0.96479,0.96507,1.50,1.75
2015.08.14 16:58:29.784,0.96479,0.965,1.50,1.00
2015.08.14 16:58:30.132,0.96473,0.96505,1.75,3.00
2015.08.14 16:58:30.183,0.96475,0.96497,1.00,1.00
2015.08.14 16:58:30.385,0.96473,0.96499,1.12,2.25
2015.08.14 16:58:32.127,0.96474,0.96499,1.00,2.25
2015.08.14 16:58:33.084,0.96474,0.96496,1.50,1.00
2015.08.14 16:58:36.467,0.96474,0.96499,1.12,3.00
2015.08.14 16:58:36.669,0.96469,0.96497,1.75,1.75
2015.08.14 16:58:37.091,0.96473,0.96494,1.00,1.00
2015.08.14 16:58:38.526,0.96473,0.96502,1.37,3.00
2015.08.14 16:58:38.577,0.96473,0.96502,1.75,1.75
2015.08.14 16:58:40.762,0.96473,0.965,1.75,1.75
2015.08.14 16:58:41.303,0.96473,0.965,1.75,1.75
2015.08.14 16:58:41.875,0.96473,0.965,1.50,3.00
2015.08.14 16:58:42.278,0.96473,0.96497,1.00,1.75
2015.08.14 16:58:42.585,0.96464,0.96498,2.25,2.25
2015.08.14 16:58:42.787,0.96464,0.96492,1.75,1.75
2015.08.14 16:58:42.985,0.96464,0.96493,1.75,1.75
2015.08.14 16:58:43.188,0.96471,0.96493,1.00,1.00
2015.08.14 16:58:43.340,0.96478,0.96493,1.00,1.00
2015.08.14 16:58:43.491,0.96478,0.96497,1.00,1.75
2015.08.14 16:58:45.365,0.96478,0.96498,1.00,1.00
2015.08.14 16:58:46.324,0.96478,0.965,1.00,1.75
2015.08.14 16:58:46.912,0.96478,0.965,1.00,1.75
2015.08.14 16:58:47.640,0.96479,0.965,1.00,1.75
2015.08.14 16:58:48.826,0.96479,0.96497,1.00,1.75
2015.08.14 16:58:49.333,0.96479,0.96499,1.00,1.75
2015.08.14 16:58:49.384,0.96479,0.96499,1.00,1.75
2015.08.14 16:58:51.077,0.96474,0.96499,1.37,1.75
2015.08.14 16:58:51.434,0.96479,0.965,1.00,1.75
2015.08.14 16:58:51.636,0.96473,0.965,1.50,1.75
2015.08.14 16:58:52.039,0.96473,0.96493,1.50,1.00
2015.08.14 16:58:52.241,0.96473,0.96493,1.12,1.12
2015.08.14 16:58:53.619,0.96473,0.96499,1.50,1.75
2015.08.14 16:58:59.827,0.96468,0.96497,1.75,1.75
2015.08.14 16:59:00.243,0.96474,0.96496,1.00,1.00
2015.08.14 16:59:00.445,0.96476,0.96504,2.25,2.25
2015.08.14 16:59:00.597,0.96485,0.96506,1.00,1.00
2015.08.14 16:59:01.138,0.96485,0.96507,1.00,1.00
2015.08.14 16:59:01.449,0.96479,0.96507,1.75,1.75
2015.08.14 16:59:01.752,0.96479,0.96506,1.75,1.75
2015.08.14 16:59:02.356,0.96479,0.96501,1.50,1.00
2015.08.14 16:59:06.947,0.96474,0.96508,3.00,1.75
2015.08.14 16:59:07.663,0.96479,0.96501,1.00,1.00
2015.08.14 16:59:07.864,0.96474,0.96503,1.75,2.25
2015.08.14 16:59:09.556,0.96474,0.96502,1.50,3.00
2015.08.14 16:59:09.859,0.96474,0.96499,1.00,2.25
2015.08.14 16:59:10.267,0.96469,0.96496,1.12,2.25
2015.08.14 16:59:10.670,0.96469,0.96497,1.50,3.00
2015.08.14 16:59:11.073,0.96473,0.96497,1.00,2.25
2015.08.14 16:59:11.612,0.96468,0.96497,1.75,2.25
2015.08.14 16:59:12.473,0.96468,0.96499,1.75,1.75
2015.08.14 16:59:12.977,0.96472,0.96494,1.00,1.00
2015.08.14 16:59:13.448,0.9647,0.96492,1.00,1.00
2015.08.14 16:59:13.796,0.96469,0.96499,1.75,1.75
2015.08.14 16:59:14.098,0.96468,0.96497,1.75,2.25
2015.08.14 16:59:14.602,0.96473,0.96497,1.00,2.25
2015.08.14 16:59:14.978,0.96468,0.96497,1.75,3.00
2015.08.14 16:59:15.282,0.96473,0.96497,1.00,2.25
2015.08.14 16:59:15.585,0.96469,0.96497,1.75,2.25
2015.08.14 16:59:16.848,0.96471,0.96493,1.00,1.00
2015.08.14 16:59:18.059,0.96469,0.96496,1.12,3.00
2015.08.14 16:59:18.848,0.96468,0.96498,1.75,2.25
2015.08.14 16:59:19.151,0.96474,0.96499,1.00,1.75
2015.08.14 16:59:20.338,0.96473,0.96502,1.12,3.00
2015.08.14 16:59:20.489,0.96473,0.96503,1.75,1.75
2015.08.14 16:59:21.213,0.96474,0.96497,1.75,1.00
2015.08.14 16:59:21.522,0.96474,0.965,1.00,2.25
2015.08.14 16:59:21.572,0.96474,0.96502,1.75,1.75
2015.08.14 16:59:21.674,0.96473,0.96502,2.25,1.50
2015.08.14 16:59:22.661,0.96473,0.96501,1.75,2.10
2015.08.14 16:59:22.971,0.96474,0.96499,1.00,2.25
2015.08.14 16:59:23.173,0.96469,0.96502,1.75,2.25
2015.08.14 16:59:23.274,0.96472,0.96494,1.00,1.00
2015.08.14 16:59:23.427,0.96474,0.96494,1.00,1.00
2015.08.14 16:59:24.074,0.96472,0.96494,1.00,1.00
2015.08.14 16:59:24.377,0.96474,0.96494,1.00,1.00
2015.08.14 16:59:24.499,0.96472,0.96494,1.00,1.00
2015.08.14 16:59:25.018,0.96473,0.96494,1.00,1.00
2015.08.14 16:59:25.522,0.96472,0.96494,1.00,1.00
2015.08.14 16:59:25.623,0.96474,0.96494,1.00,1.00
2015.08.14 16:59:26.125,0.96472,0.96494,1.00,1.00
2015.08.14 16:59:26.628,0.9647,0.96492,1.00,1.00
2015.08.14 16:59:28.910,0.96473,0.96492,1.00,1.00
2015.08.14 16:59:29.112,0.96473,0.96502,1.75,1.75
2015.08.14 16:59:30.587,0.96474,0.96503,1.75,1.75
2015.08.14 16:59:31.090,0.96474,0.96506,1.75,2.25
2015.08.14 16:59:31.591,0.96474,0.96505,1.75,2.25
2015.08.14 16:59:32.197,0.96474,0.96503,1.75,2.25
2015.08.14 16:59:33.651,0.96478,0.96503,1.00,2.25
2015.08.14 16:59:33.701,0.9648,0.96502,1.00,1.00
2015.08.14 16:59:33.803,0.96478,0.96504,1.00,2.25
2015.08.14 16:59:33.854,0.96471,0.96503,1.75,1.75
2015.08.14 16:59:33.955,0.96474,0.96505,1.75,1.75
2015.08.14 16:59:34.165,0.96479,0.96506,1.50,2.25
2015.08.14 16:59:34.417,0.96479,0.96506,1.75,1.75
2015.08.14 16:59:34.518,0.96479,0.9651,1.75,1.75
2015.08.14 16:59:34.619,0.96487,0.96509,1.00,1.00
2015.08.14 16:59:35.148,0.96488,0.96509,1.00,1.00
2015.08.14 16:59:37.604,0.96481,0.9651,1.75,1.35
2015.08.14 16:59:37.929,0.96479,0.96507,1.75,1.75
2015.08.14 16:59:38.633,0.96478,0.96507,1.75,3.00
2015.08.14 16:59:41.199,0.96479,0.96505,1.37,2.25
2015.08.14 16:59:41.720,0.96479,0.96504,1.12,1.75
2015.08.14 16:59:42.033,0.96477,0.96506,2.25,1.75
2015.08.14 16:59:42.345,0.96484,0.96511,1.75,1.75
2015.08.14 16:59:44.607,0.96483,0.96516,1.75,3.00
2015.08.14 16:59:46.117,0.96484,0.96515,1.75,1.75
2015.08.14 16:59:46.627,0.96487,0.96509,1.00,1.00
2015.08.14 16:59:47.030,0.96487,0.96516,2.25,3.00
2015.08.14 16:59:47.131,0.96487,0.96516,2.25,1.50
2015.08.14 16:59:49.539,0.96488,0.96516,1.37,2.25
2015.08.14 16:59:51.259,0.9649,0.96512,1.00,1.00
2015.08.14 16:59:51.949,0.96488,0.96517,1.75,2.25
2015.08.14 16:59:52.730,0.96488,0.96517,1.75,2.25
2015.08.14 16:59:52.997,0.96488,0.96515,1.75,1.50
2015.08.14 16:59:53.331,0.96488,0.96516,1.75,1.75
2015.08.14 16:59:53.634,0.96485,0.96507,1.00,1.00
2015.08.14 16:59:54.041,0.96479,0.96511,1.75,3.00
2015.08.14 16:59:54.343,0.96474,0.96504,3.00,1.75
2015.08.14 16:59:54.545,0.96474,0.96496,1.00,1.00
2015.08.14 16:59:54.746,0.96471,0.96498,2.25,1.50
2015.08.14 16:59:54.847,0.96468,0.96499,2.25,1.75
2015.08.14 16:59:55.264,0.96466,0.96498,2.25,1.75
2015.08.14 16:59:55.365,0.96468,0.96496,1.50,1.12
2015.08.14 16:59:55.466,0.96469,0.96494,1.37,1.00
2015.08.14 16:59:55.718,0.96463,0.96493,1.50,1.50
2015.08.14 16:59:56.100,0.96464,0.9649,1.00,2.10
2015.08.14 16:59:56.605,0.96466,0.96495,1.00,2.25
2015.08.14 16:59:56.656,0.96466,0.96492,1.00,1.00
2015.08.14 16:59:56.808,0.96469,0.96498,1.00,1.35
2015.08.14 16:59:56.858,0.96469,0.965,1.87,1.75
2015.08.14 16:59:57.033,0.96469,0.965,2.25,1.75
2015.08.14 16:59:57.386,0.96474,0.96501,1.00,2.25
2015.08.14 16:59:57.588,0.96468,0.96501,2.25,1.75
2015.08.14 16:59:58.029,0.96474,0.96504,1.00,1.75
2015.08.14 16:59:58.182,0.96478,0.96507,1.12,1.75
2015.08.14 16:59:58.334,0.96471,0.96504,1.50,1.75
2015.08.14 16:59:58.535,0.96479,0.96506,1.50,1.00
2015.08.14 16:59:58.637,0.96479,0.96506,1.00,1.60
2015.08.14 16:59:58.944,0.96474,0.96495,1.00,1.50
2015.08.14 16:59:59.056,0.96464,0.96491,1.37,1.12
2015.08.14 16:59:59.157,0.96463,0.96492,1.12,1.75
2015.08.14 16:59:59.460,0.96463,0.96492,1.00,2.25
2015.08.14 16:59:59.612,0.96459,0.9649,1.00,1.75
2015.08.14 16:59:59.662,0.96459,0.9649,1.00,1.75
2015.08.14 16:59:59.763,0.96459,0.96492,1.12,3.00
2015.08.14 16:59:59.995,0.96459,0.96489,1.00,3.00
