2011.08.15 13:00:00.763,1.03003,1.03057,2.25,3.00
2011.08.15 13:00:00.991,1.03007,1.03057,2.18,3.00
2011.08.15 13:00:01.557,1.03007,1.03056,2.18,3.00
2011.08.15 13:00:01.696,1.02999,1.03053,2.25,3.00
2011.08.15 13:00:01.921,1.02997,1.03051,2.25,3.00
2011.08.15 13:00:02.036,1.02991,1.03047,3.75,2.25
2011.08.15 13:00:02.264,1.02994,1.0305,3.00,3.00
2011.08.15 13:00:02.383,1.02999,1.03052,2.25,3.00
2011.08.15 13:00:02.722,1.02999,1.03053,2.25,3.00
2011.08.15 13:00:03.199,1.02999,1.03053,2.25,3.00
2011.08.15 13:00:03.310,1.02995,1.03051,3.00,3.00
2011.08.15 13:00:03.882,1.02993,1.03049,2.25,3.00
2011.08.15 13:00:04.212,1.02993,1.03049,3.00,3.00
2011.08.15 13:00:04.330,1.02993,1.03049,2.25,3.00
2011.08.15 13:00:04.690,1.02993,1.03047,2.25,3.00
2011.08.15 13:00:05.804,1.02993,1.03047,3.00,3.00
2011.08.15 13:00:07.142,1.02993,1.03047,3.00,3.00
2011.08.15 13:00:07.660,1.02993,1.03049,3.00,3.00
2011.08.15 13:00:07.773,1.03008,1.03056,2.18,1.50
2011.08.15 13:00:08.221,1.03008,1.03056,2.18,1.50
2011.08.15 13:00:08.725,1.03008,1.03056,2.18,1.50
2011.08.15 13:00:10.790,1.03008,1.03056,2.93,3.00
2011.08.15 13:00:11.550,1.03008,1.03056,2.93,1.50
2011.08.15 13:00:14.903,1.03008,1.03053,2.18,1.44
2011.08.15 13:00:15.024,1.03008,1.0306,2.87,3.00
2011.08.15 13:00:15.996,1.03014,1.03059,3.00,1.44
2011.08.15 13:00:16.790,1.03008,1.03059,2.93,1.44
2011.08.15 13:00:16.901,1.03008,1.03058,2.87,1.44
2011.08.15 13:00:17.294,1.03013,1.0306,1.13,4.88
2011.08.15 13:00:17.523,1.03008,1.03058,3.30,2.63
2011.08.15 13:00:18.751,1.03006,1.03056,2.25,1.50
2011.08.15 13:00:18.972,1.03002,1.03056,3.75,2.63
2011.08.15 13:00:19.082,1.03002,1.03056,3.38,1.50
2011.08.15 13:00:19.456,1.03004,1.03055,1.50,2.25
2011.08.15 13:00:19.940,1.03006,1.03052,1.13,2.18
2011.08.15 13:00:20.162,1.03003,1.03056,1.50,2.63
2011.08.15 13:00:20.286,1.03002,1.03056,2.63,3.75
2011.08.15 13:00:20.624,1.03004,1.03054,1.13,2.63
2011.08.15 13:00:20.964,1.03009,1.03048,1.50,2.25
2011.08.15 13:00:21.194,1.03018,1.03059,1.13,2.25
2011.08.15 13:00:21.613,1.03018,1.03063,1.13,2.18
2011.08.15 13:00:22.143,1.03018,1.03065,1.13,1.13
2011.08.15 13:00:22.480,1.03016,1.03062,1.50,1.13
2011.08.15 13:00:22.592,1.03014,1.03062,1.50,4.80
2011.08.15 13:00:22.815,1.03016,1.03062,1.88,2.25
2011.08.15 13:00:23.265,1.03016,1.03061,1.13,2.25
2011.08.15 13:00:23.652,1.0302,1.0307,2.63,1.13
2011.08.15 13:00:23.783,1.03022,1.03072,1.13,3.30
2011.08.15 13:00:24.015,1.03026,1.03072,1.13,2.18
2011.08.15 13:00:24.135,1.03026,1.03074,1.13,1.13
2011.08.15 13:00:24.474,1.03024,1.03074,1.50,1.13
2011.08.15 13:00:24.592,1.03022,1.0307,4.13,1.13
2011.08.15 13:00:24.934,1.03027,1.03073,1.13,3.00
2011.08.15 13:00:25.243,1.03024,1.03074,1.50,1.88
2011.08.15 13:00:25.375,1.03024,1.03074,1.50,1.88
2011.08.15 13:00:25.493,1.03023,1.03069,1.13,1.13
2011.08.15 13:00:25.721,1.03024,1.0307,1.13,1.13
2011.08.15 13:00:26.187,1.03022,1.03069,1.13,1.13
2011.08.15 13:00:26.443,1.03022,1.03069,1.88,1.13
2011.08.15 13:00:26.674,1.03022,1.0307,2.25,1.50
2011.08.15 13:00:27.654,1.03026,1.03073,1.13,1.50
2011.08.15 13:00:28.733,1.03023,1.0307,1.50,2.25
2011.08.15 13:00:28.856,1.03018,1.03068,1.50,1.13
2011.08.15 13:00:28.974,1.03017,1.03068,4.13,1.13
2011.08.15 13:00:29.304,1.03022,1.0307,1.13,2.63
2011.08.15 13:00:29.886,1.03022,1.03071,1.13,2.63
2011.08.15 13:00:30.221,1.03018,1.0306,2.25,1.13
2011.08.15 13:00:30.443,1.03017,1.03063,1.13,3.30
2011.08.15 13:00:30.566,1.03017,1.03071,3.38,5.25
2011.08.15 13:00:30.794,1.0302,1.03071,1.13,4.13
2011.08.15 13:00:31.312,1.03019,1.03068,1.13,1.13
2011.08.15 13:00:31.428,1.03017,1.03061,3.00,1.13
2011.08.15 13:00:31.984,1.03015,1.03059,3.00,1.13
2011.08.15 13:00:32.103,1.03015,1.03059,3.00,1.13
2011.08.15 13:00:32.224,1.03018,1.03063,1.13,3.30
2011.08.15 13:00:32.368,1.03018,1.03063,1.13,3.30
2011.08.15 13:00:34.483,1.03022,1.03068,1.13,1.50
2011.08.15 13:00:34.825,1.03018,1.03063,1.50,1.13
2011.08.15 13:00:35.382,1.03015,1.0306,2.05,1.13
2011.08.15 13:00:35.494,1.03015,1.0306,2.05,1.13
2011.08.15 13:00:35.922,1.03015,1.0306,2.05,1.13
2011.08.15 13:00:37.342,1.03015,1.03059,1.50,1.13
2011.08.15 13:00:38.651,1.03014,1.03059,1.50,1.13
2011.08.15 13:00:38.969,1.03017,1.0306,1.13,1.50
2011.08.15 13:00:39.411,1.03013,1.03059,1.13,1.13
2011.08.15 13:00:40.019,1.03012,1.03059,4.13,1.13
2011.08.15 13:00:40.136,1.03013,1.0306,1.13,1.88
2011.08.15 13:00:40.255,1.03014,1.03063,2.63,3.68
2011.08.15 13:00:40.485,1.03014,1.03063,2.25,3.68
2011.08.15 13:00:41.039,1.03012,1.0306,1.13,1.13
2011.08.15 13:00:41.385,1.03032,1.03062,1.50,2.18
2011.08.15 13:00:41.505,1.03032,1.03062,1.13,2.18
2011.08.15 13:00:41.628,1.03032,1.0308,1.13,1.88
2011.08.15 13:00:41.743,1.03032,1.03082,1.50,1.13
2011.08.15 13:00:41.974,1.03032,1.03083,1.13,2.55
2011.08.15 13:00:42.204,1.03032,1.03083,1.50,1.13
2011.08.15 13:00:42.323,1.03036,1.03084,1.13,3.38
2011.08.15 13:00:42.552,1.03033,1.03084,1.88,3.38
2011.08.15 13:00:42.663,1.03038,1.03085,1.13,1.13
2011.08.15 13:00:44.157,1.03037,1.03084,1.73,1.73
2011.08.15 13:00:45.783,1.03039,1.0308,1.13,1.35
2011.08.15 13:00:47.660,1.03039,1.0308,1.13,1.35
2011.08.15 13:00:47.992,1.03041,1.0308,1.88,1.35
2011.08.15 13:00:48.113,1.03048,1.03086,2.10,3.75
2011.08.15 13:00:48.234,1.03048,1.03089,3.23,1.50
2011.08.15 13:00:48.353,1.03051,1.03093,1.35,2.25
2011.08.15 13:00:48.860,1.03053,1.03097,1.73,1.35
2011.08.15 13:00:49.082,1.03064,1.03097,1.13,1.35
2011.08.15 13:00:49.204,1.0306,1.03097,1.13,1.35
2011.08.15 13:00:49.324,1.0306,1.03105,1.13,3.00
2011.08.15 13:00:49.884,1.03058,1.03099,2.55,2.85
2011.08.15 13:00:50.493,1.03047,1.03094,1.13,1.73
2011.08.15 13:00:50.981,1.03051,1.03094,1.13,1.35
2011.08.15 13:00:51.735,1.03051,1.0309,1.13,1.35
2011.08.15 13:00:52.203,1.03047,1.03088,3.68,1.13
2011.08.15 13:00:52.324,1.03047,1.03089,2.18,1.13
2011.08.15 13:00:52.444,1.03047,1.0309,1.13,1.35
2011.08.15 13:00:52.945,1.03047,1.0309,1.88,1.35
2011.08.15 13:00:53.281,1.03054,1.03094,1.13,1.35
2011.08.15 13:00:53.501,1.03058,1.03098,2.55,1.35
2011.08.15 13:00:55.712,1.03062,1.03107,1.13,1.13
2011.08.15 13:00:56.622,1.03062,1.03103,1.13,2.85
2011.08.15 13:00:57.201,1.03056,1.03103,1.88,1.13
2011.08.15 13:00:57.324,1.03056,1.03104,1.88,3.60
2011.08.15 13:00:57.661,1.03056,1.03102,1.88,1.13
2011.08.15 13:00:57.773,1.03052,1.03092,3.75,1.50
2011.08.15 13:00:57.892,1.03051,1.03092,1.50,1.88
2011.08.15 13:00:58.237,1.03051,1.03098,1.13,1.13
2011.08.15 13:00:58.356,1.03051,1.03093,1.88,1.35
2011.08.15 13:00:59.680,1.03052,1.03098,2.10,1.35
2011.08.15 13:01:00.711,1.03056,1.03099,2.48,1.35
2011.08.15 13:01:01.137,1.03055,1.03101,1.13,2.25
2011.08.15 13:01:01.472,1.03051,1.03097,1.13,2.10
2011.08.15 13:01:01.923,1.03052,1.03098,1.35,1.73
2011.08.15 13:01:02.782,1.03052,1.03095,1.35,1.35
2011.08.15 13:01:05.202,1.03051,1.03095,1.73,1.35
2011.08.15 13:01:05.751,1.03051,1.03099,3.98,1.73
2011.08.15 13:01:05.970,1.03051,1.03099,3.98,1.35
2011.08.15 13:01:06.376,1.03057,1.03099,1.13,1.35
2011.08.15 13:01:06.497,1.03058,1.03102,1.13,2.93
2011.08.15 13:01:07.084,1.03058,1.03104,1.13,1.73
2011.08.15 13:01:07.633,1.03058,1.03103,1.13,1.13
2011.08.15 13:01:08.634,1.03058,1.03103,1.13,1.13
2011.08.15 13:01:09.820,1.03058,1.03102,1.13,1.35
2011.08.15 13:01:10.321,1.03058,1.03098,1.73,1.35
2011.08.15 13:01:11.752,1.03058,1.03098,1.73,1.35
2011.08.15 13:01:13.082,1.03058,1.03098,1.73,1.35
2011.08.15 13:01:13.206,1.03061,1.03098,1.50,1.35
2011.08.15 13:01:13.450,1.03058,1.03099,1.35,1.35
2011.08.15 13:01:14.005,1.03059,1.03103,1.13,1.35
2011.08.15 13:01:15.246,1.03063,1.03103,1.13,1.35
2011.08.15 13:01:15.696,1.0306,1.03104,1.50,3.23
2011.08.15 13:01:15.814,1.0306,1.031,1.50,2.10
2011.08.15 13:01:16.454,1.03059,1.03098,2.80,1.35
2011.08.15 13:01:16.793,1.03059,1.03084,2.80,2.10
2011.08.15 13:01:16.912,1.03057,1.03084,1.13,2.10
2011.08.15 13:01:17.036,1.03054,1.03084,1.50,2.10
2011.08.15 13:01:17.153,1.03046,1.03084,2.25,2.48
2011.08.15 13:01:17.270,1.03037,1.03084,1.88,2.48
2011.08.15 13:01:17.382,1.03037,1.03085,2.48,1.73
2011.08.15 13:01:17.815,1.03039,1.03085,3.60,1.73
2011.08.15 13:01:18.550,1.03038,1.0308,1.13,2.10
2011.08.15 13:01:18.660,1.03037,1.0308,3.38,2.10
2011.08.15 13:01:18.884,1.03037,1.0308,2.63,2.10
2011.08.15 13:01:19.003,1.03037,1.03082,3.23,1.35
2011.08.15 13:01:19.121,1.03039,1.03085,2.48,1.50
2011.08.15 13:01:19.454,1.03048,1.0309,2.93,3.00
2011.08.15 13:01:19.681,1.03048,1.03093,2.18,1.35
2011.08.15 13:01:19.792,1.03048,1.03094,2.93,1.73
2011.08.15 13:01:20.020,1.03045,1.03094,3.23,2.48
2011.08.15 13:01:20.697,1.03044,1.03093,3.98,1.35
2011.08.15 13:01:24.335,1.03048,1.03094,1.13,2.10
2011.08.15 13:01:24.675,1.03057,1.03103,1.73,1.13
2011.08.15 13:01:25.423,1.03057,1.03103,1.73,1.13
2011.08.15 13:01:27.620,1.03058,1.03099,1.13,1.35
2011.08.15 13:01:28.602,1.03055,1.03094,1.13,1.35
2011.08.15 13:01:28.931,1.03051,1.03091,1.50,2.10
2011.08.15 13:01:29.480,1.03051,1.03094,1.13,1.35
2011.08.15 13:01:30.221,1.03051,1.03096,1.73,2.85
2011.08.15 13:01:30.665,1.03067,1.03096,2.10,2.25
2011.08.15 13:01:30.782,1.03069,1.03105,1.73,2.25
2011.08.15 13:01:30.986,1.03069,1.03107,2.48,2.25
2011.08.15 13:01:31.433,1.03064,1.03108,1.50,1.50
2011.08.15 13:01:31.662,1.03061,1.03108,1.13,3.75
2011.08.15 13:01:32.252,1.03061,1.03107,1.13,2.25
2011.08.15 13:01:32.672,1.03062,1.03107,1.13,3.00
2011.08.15 13:01:33.622,1.03062,1.03107,1.73,1.35
2011.08.15 13:01:34.938,1.03061,1.03107,2.48,1.35
2011.08.15 13:01:36.502,1.03062,1.03107,2.10,1.35
2011.08.15 13:01:53.112,1.03067,1.03103,1.13,1.35
2011.08.15 13:01:53.221,1.03063,1.03103,1.88,1.35
2011.08.15 13:01:53.773,1.03063,1.03107,1.13,2.10
2011.08.15 13:01:54.520,1.03062,1.03103,1.13,1.35
2011.08.15 13:01:54.852,1.03063,1.03107,1.13,2.10
2011.08.15 13:01:55.098,1.03067,1.03107,1.73,1.50
2011.08.15 13:01:55.219,1.03071,1.0311,1.35,2.25
2011.08.15 13:01:55.334,1.03071,1.03111,1.35,1.35
2011.08.15 13:01:55.562,1.03072,1.03111,1.13,1.35
2011.08.15 13:01:56.326,1.03071,1.03111,1.73,2.10
2011.08.15 13:01:56.719,1.03071,1.03111,1.73,2.85
2011.08.15 13:01:57.272,1.03072,1.03111,1.13,1.35
2011.08.15 13:01:57.604,1.03077,1.03116,1.73,2.10
2011.08.15 13:01:57.942,1.03078,1.03118,3.98,1.35
2011.08.15 13:01:59.082,1.03078,1.03122,3.38,1.35
2011.08.15 13:01:59.422,1.03078,1.03111,2.25,2.10
2011.08.15 13:01:59.544,1.03073,1.03111,1.88,2.10
2011.08.15 13:02:01.132,1.03069,1.03111,1.68,2.85
2011.08.15 13:02:01.244,1.03069,1.03112,2.80,2.25
2011.08.15 13:02:01.684,1.03068,1.03112,2.25,2.25
2011.08.15 13:02:01.913,1.03068,1.03109,1.50,1.13
2011.08.15 13:02:02.140,1.03063,1.03108,2.63,1.73
2011.08.15 13:02:02.474,1.03067,1.0311,1.13,1.50
2011.08.15 13:02:02.702,1.03063,1.03112,3.00,3.00
2011.08.15 13:02:02.931,1.03064,1.03109,1.50,1.88
2011.08.15 13:02:03.043,1.03063,1.03112,3.00,3.00
2011.08.15 13:02:03.821,1.03067,1.03111,1.13,2.25
2011.08.15 13:02:04.371,1.03064,1.03111,3.23,2.25
2011.08.15 13:02:04.482,1.03064,1.03108,2.25,1.13
2011.08.15 13:02:04.702,1.03064,1.03108,3.00,1.50
2011.08.15 13:02:05.042,1.03063,1.03104,1.50,2.85
2011.08.15 13:02:05.264,1.03057,1.03104,1.13,2.10
2011.08.15 13:02:05.396,1.03055,1.03103,1.50,3.90
2011.08.15 13:02:05.503,1.03056,1.03104,3.23,1.13
2011.08.15 13:02:06.060,1.03055,1.03107,3.98,2.48
2011.08.15 13:02:06.992,1.03058,1.03101,1.50,1.13
2011.08.15 13:02:09.071,1.03054,1.03101,2.63,2.63
2011.08.15 13:02:09.513,1.03057,1.03102,1.13,1.50
2011.08.15 13:02:09.885,1.03053,1.03102,3.00,2.25
2011.08.15 13:02:10.008,1.03053,1.031,3.38,1.13
2011.08.15 13:02:10.454,1.03054,1.03099,1.50,1.50
2011.08.15 13:02:10.784,1.03048,1.03096,2.63,1.13
2011.08.15 13:02:11.191,1.03048,1.03097,3.00,2.25
2011.08.15 13:02:11.700,1.03051,1.03097,1.88,1.50
2011.08.15 13:02:12.069,1.03051,1.03097,1.88,2.10
2011.08.15 13:02:12.313,1.03051,1.03096,1.50,2.48
2011.08.15 13:02:12.980,1.03048,1.03094,1.50,1.73
2011.08.15 13:02:13.091,1.03048,1.03088,1.50,2.10
2011.08.15 13:02:13.482,1.03044,1.03088,2.80,3.23
2011.08.15 13:02:13.821,1.03041,1.03088,1.50,3.23
2011.08.15 13:02:13.931,1.03042,1.03086,1.50,1.35
2011.08.15 13:02:14.043,1.03046,1.03091,1.13,1.50
2011.08.15 13:02:14.385,1.03043,1.03088,3.38,1.13
2011.08.15 13:02:14.503,1.0304,1.03084,3.00,1.13
2011.08.15 13:02:14.620,1.0304,1.03084,2.25,1.13
2011.08.15 13:02:14.841,1.03039,1.03084,1.50,1.50
2011.08.15 13:02:15.064,1.03037,1.03082,2.25,4.80
2011.08.15 13:02:15.292,1.03033,1.03081,4.88,1.13
2011.08.15 13:02:15.412,1.03033,1.03081,5.63,1.13
2011.08.15 13:02:16.653,1.03034,1.03081,3.00,1.13
2011.08.15 13:02:19.400,1.03033,1.03081,2.63,1.13
2011.08.15 13:02:19.623,1.03045,1.0309,1.13,1.13
2011.08.15 13:02:19.964,1.03048,1.03094,6.68,2.25
2011.08.15 13:02:21.884,1.03054,1.03103,3.60,1.35
2011.08.15 13:02:22.003,1.03054,1.03103,3.60,1.35
2011.08.15 13:02:22.563,1.03056,1.03103,2.25,3.68
2011.08.15 13:02:23.002,1.03053,1.03101,2.63,1.13
2011.08.15 13:02:23.674,1.03053,1.031,3.38,1.13
2011.08.15 13:02:24.390,1.03053,1.03099,3.38,1.35
2011.08.15 13:02:25.403,1.03053,1.031,5.63,1.13
2011.08.15 13:02:26.153,1.03056,1.03104,1.88,3.00
2011.08.15 13:02:26.642,1.03056,1.03104,1.88,3.00
2011.08.15 13:02:26.761,1.03056,1.03099,1.50,1.13
2011.08.15 13:02:27.621,1.03054,1.03099,1.13,1.13
2011.08.15 13:02:28.785,1.03054,1.03099,1.13,1.13
2011.08.15 13:02:29.406,1.03051,1.03102,1.88,4.80
2011.08.15 13:02:29.521,1.03054,1.03101,1.50,1.50
2011.08.15 13:02:29.850,1.03054,1.03101,1.50,2.10
2011.08.15 13:02:30.141,1.03053,1.03102,1.13,2.48
2011.08.15 13:02:30.361,1.03049,1.03096,4.88,1.88
2011.08.15 13:02:30.695,1.0305,1.03091,2.25,1.50
2011.08.15 13:02:30.812,1.03049,1.03096,1.13,3.38
2011.08.15 13:02:31.372,1.03048,1.03096,2.63,1.88
2011.08.15 13:02:31.742,1.03047,1.03096,1.13,5.63
2011.08.15 13:02:32.254,1.03047,1.03096,1.88,2.08
2011.08.15 13:02:32.571,1.03047,1.03087,1.88,2.10
2011.08.15 13:02:32.681,1.03043,1.03087,5.25,2.48
2011.08.15 13:02:32.793,1.03043,1.03087,2.25,2.48
2011.08.15 13:02:32.910,1.03041,1.03087,1.50,2.48
2011.08.15 13:02:33.672,1.0304,1.03087,4.13,2.48
2011.08.15 13:02:34.511,1.0304,1.03084,2.43,1.50
2011.08.15 13:02:34.730,1.0304,1.03084,2.43,2.25
2011.08.15 13:02:34.952,1.0304,1.03083,3.75,1.13
2011.08.15 13:02:35.283,1.03038,1.03077,1.50,2.48
2011.08.15 13:02:35.687,1.03039,1.03081,1.50,2.63
2011.08.15 13:02:36.271,1.03038,1.03081,1.50,1.13
2011.08.15 13:02:37.192,1.03039,1.03081,1.50,1.13
2011.08.15 13:02:37.703,1.03039,1.03083,2.63,1.50
2011.08.15 13:02:38.040,1.03044,1.03086,1.50,2.63
2011.08.15 13:02:39.273,1.03043,1.03085,1.50,2.85
2011.08.15 13:02:39.723,1.03043,1.03085,2.25,2.85
2011.08.15 13:02:40.061,1.03039,1.03085,1.13,2.85
2011.08.15 13:02:40.902,1.03039,1.03083,1.88,1.50
2011.08.15 13:02:41.572,1.03039,1.03084,2.63,2.25
2011.08.15 13:02:43.590,1.03038,1.03084,2.63,2.25
2011.08.15 13:02:43.702,1.03039,1.03084,1.13,2.25
2011.08.15 13:02:44.051,1.03045,1.03086,1.13,2.10
2011.08.15 13:02:46.540,1.03045,1.03087,1.13,1.50
2011.08.15 13:02:47.718,1.03045,1.03087,1.13,1.50
2011.08.15 13:02:49.265,1.03045,1.03087,1.13,1.50
2011.08.15 13:02:51.349,1.03041,1.03086,1.13,1.71
2011.08.15 13:02:53.422,1.03042,1.03086,1.50,2.25
2011.08.15 13:02:54.348,1.03051,1.03095,1.13,2.25
2011.08.15 13:02:54.681,1.03046,1.03093,1.13,2.48
2011.08.15 13:02:55.011,1.03052,1.03093,1.88,1.35
2011.08.15 13:02:55.340,1.03052,1.03096,1.13,2.10
2011.08.15 13:02:55.452,1.03052,1.03096,1.13,1.50
2011.08.15 13:02:55.672,1.03051,1.03096,1.50,2.48
2011.08.15 13:02:56.620,1.03047,1.03093,1.50,1.13
2011.08.15 13:02:57.000,1.03047,1.03093,1.50,1.13
2011.08.15 13:02:57.631,1.03046,1.03093,2.10,1.50
2011.08.15 13:02:58.205,1.03048,1.03092,1.13,2.93
2011.08.15 13:02:58.762,1.03052,1.03095,1.13,1.35
2011.08.15 13:02:59.091,1.03054,1.03095,1.50,1.35
2011.08.15 13:03:01.701,1.03054,1.03099,2.25,1.13
2011.08.15 13:03:03.340,1.03054,1.03099,1.50,1.13
2011.08.15 13:03:03.565,1.03046,1.03084,2.25,1.88
2011.08.15 13:03:03.683,1.03043,1.03084,1.50,1.88
2011.08.15 13:03:03.804,1.03039,1.03081,2.25,1.13
2011.08.15 13:03:05.101,1.03038,1.03082,1.50,1.88
2011.08.15 13:03:05.212,1.03038,1.0308,1.50,2.48
2011.08.15 13:03:05.320,1.03034,1.0308,2.25,2.48
2011.08.15 13:03:05.653,1.03031,1.03076,1.13,4.35
2011.08.15 13:03:05.775,1.03029,1.03066,1.50,1.35
2011.08.15 13:03:06.003,1.03029,1.03068,1.50,3.60
2011.08.15 13:03:06.288,1.03026,1.03068,1.13,2.85
2011.08.15 13:03:06.406,1.03029,1.03071,1.50,1.35
2011.08.15 13:03:07.843,1.03024,1.03068,1.35,1.35
2011.08.15 13:03:07.963,1.03023,1.0307,1.73,2.85
2011.08.15 13:03:08.522,1.03024,1.03069,2.85,1.73
2011.08.15 13:03:08.643,1.03023,1.03069,2.85,1.73
2011.08.15 13:03:09.183,1.0303,1.03072,1.13,1.50
2011.08.15 13:03:09.303,1.0303,1.03074,1.13,2.25
2011.08.15 13:03:09.425,1.03028,1.03078,1.88,4.13
2011.08.15 13:03:09.542,1.03029,1.03076,1.50,2.25
2011.08.15 13:03:10.473,1.0303,1.03076,1.13,1.50
2011.08.15 13:03:11.163,1.03031,1.03079,1.50,1.88
2011.08.15 13:03:11.390,1.03031,1.03079,1.50,1.88
2011.08.15 13:03:11.609,1.03034,1.0308,1.13,1.88
2011.08.15 13:03:11.833,1.03037,1.03078,1.50,1.13
2011.08.15 13:03:12.391,1.03034,1.0308,2.25,1.88
2011.08.15 13:03:15.762,1.03033,1.03075,1.13,2.25
2011.08.15 13:03:17.402,1.03031,1.03075,1.13,2.25
2011.08.15 13:03:17.516,1.0303,1.03074,1.50,1.13
2011.08.15 13:03:21.408,1.03026,1.03069,1.50,2.10
2011.08.15 13:03:26.930,1.03025,1.03061,1.50,1.50
2011.08.15 13:03:27.262,1.03024,1.03057,1.35,1.50
2011.08.15 13:03:27.385,1.03022,1.03056,1.35,1.50
2011.08.15 13:03:27.503,1.03019,1.03056,1.50,1.88
2011.08.15 13:03:27.621,1.03014,1.03052,1.50,1.50
2011.08.15 13:03:28.173,1.03015,1.03052,1.50,1.50
2011.08.15 13:03:28.746,1.03013,1.03051,1.50,1.50
2011.08.15 13:03:29.324,1.03013,1.03051,1.50,1.50
2011.08.15 13:03:29.662,1.03009,1.03047,2.05,1.50
2011.08.15 13:03:29.783,1.03009,1.03047,2.05,1.50
2011.08.15 13:03:30.013,1.03013,1.03052,1.50,1.88
2011.08.15 13:03:30.464,1.03013,1.03052,1.50,1.50
2011.08.15 13:03:30.914,1.03018,1.03052,2.93,1.50
2011.08.15 13:03:31.033,1.03013,1.03052,1.13,1.50
2011.08.15 13:03:31.263,1.03012,1.03052,1.50,1.50
2011.08.15 13:03:31.594,1.03015,1.03051,1.13,1.50
2011.08.15 13:03:32.045,1.03019,1.03052,1.13,1.50
2011.08.15 13:03:32.972,1.03019,1.03051,1.13,1.50
2011.08.15 13:03:33.196,1.03019,1.03051,1.13,1.50
2011.08.15 13:03:33.424,1.03015,1.03052,1.50,1.50
2011.08.15 13:03:33.968,1.03014,1.03051,1.50,1.50
2011.08.15 13:03:34.085,1.03009,1.03051,1.13,1.50
2011.08.15 13:03:34.533,1.03009,1.03054,2.63,2.48
2011.08.15 13:03:35.718,1.03009,1.03054,1.13,3.23
2011.08.15 13:03:35.941,1.03013,1.03054,1.88,2.10
2011.08.15 13:03:36.492,1.03012,1.03053,1.50,1.35
2011.08.15 13:03:36.612,1.03012,1.03053,1.13,1.35
2011.08.15 13:03:36.833,1.0301,1.03053,1.50,1.35
2011.08.15 13:03:38.365,1.03009,1.03053,2.25,1.73
2011.08.15 13:03:38.704,1.03008,1.03044,1.50,2.10
2011.08.15 13:03:38.933,1.03004,1.03044,2.25,2.10
2011.08.15 13:03:39.384,1.03004,1.03043,1.50,1.35
2011.08.15 13:03:40.550,1.02998,1.03043,3.38,1.35
2011.08.15 13:03:41.642,1.03001,1.03043,1.35,1.35
2011.08.15 13:03:42.191,1.03001,1.03044,1.35,1.35
2011.08.15 13:03:43.202,1.03003,1.03044,1.13,1.35
2011.08.15 13:03:43.857,1.03005,1.03044,1.30,1.35
2011.08.15 13:03:43.980,1.0301,1.03057,1.13,2.25
2011.08.15 13:03:44.425,1.03015,1.03062,1.13,2.25
2011.08.15 13:03:44.652,1.03014,1.03056,3.38,2.10
2011.08.15 13:03:44.766,1.03014,1.03056,2.63,2.10
2011.08.15 13:03:46.196,1.03009,1.03055,1.13,1.73
2011.08.15 13:03:46.642,1.03009,1.03053,2.63,1.35
2011.08.15 13:03:47.387,1.03009,1.03053,2.63,2.85
2011.08.15 13:03:48.439,1.03009,1.03052,1.13,1.50
2011.08.15 13:03:48.663,1.03009,1.03052,1.13,2.25
2011.08.15 13:03:50.821,1.03009,1.03052,1.13,1.50
2011.08.15 13:03:50.931,1.03012,1.03052,1.13,1.50
2011.08.15 13:03:51.950,1.03012,1.03051,1.13,1.50
2011.08.15 13:03:52.794,1.03014,1.03051,1.13,1.50
2011.08.15 13:03:56.331,1.03014,1.03053,1.13,2.10
2011.08.15 13:04:03.002,1.03014,1.03051,1.13,1.50
2011.08.15 13:04:04.652,1.03014,1.03051,1.13,2.10
2011.08.15 13:04:06.198,1.03012,1.03052,1.13,1.50
2011.08.15 13:04:07.126,1.03012,1.03053,1.13,2.10
2011.08.15 13:04:08.604,1.03012,1.03053,1.13,2.85
2011.08.15 13:04:08.925,1.03009,1.03053,1.13,2.85
2011.08.15 13:04:09.921,1.03007,1.03053,1.73,2.85
2011.08.15 13:04:10.252,1.03007,1.03048,1.13,1.35
2011.08.15 13:04:10.925,1.03009,1.03051,1.13,2.10
2011.08.15 13:04:12.644,1.03009,1.03049,1.13,1.35
2011.08.15 13:04:13.666,1.03009,1.03053,1.13,1.35
2011.08.15 13:04:16.923,1.03009,1.03047,1.13,1.50
2011.08.15 13:04:17.681,1.03007,1.03046,1.13,1.50
2011.08.15 13:04:17.815,1.03004,1.03047,1.13,1.50
2011.08.15 13:04:17.937,1.03004,1.03045,1.13,2.10
2011.08.15 13:04:18.273,1.02999,1.03042,1.13,1.50
2011.08.15 13:04:18.393,1.02999,1.03044,2.63,1.13
2011.08.15 13:04:18.623,1.03002,1.03045,1.13,2.85
2011.08.15 13:04:18.741,1.03004,1.03045,1.13,2.10
2011.08.15 13:04:19.072,1.02999,1.03042,1.13,1.50
2011.08.15 13:04:19.181,1.02996,1.03041,1.35,1.88
2011.08.15 13:04:19.403,1.02999,1.03042,1.13,3.75
2011.08.15 13:04:19.743,1.03001,1.03042,1.13,1.50
2011.08.15 13:04:19.853,1.03001,1.03046,1.13,2.25
2011.08.15 13:04:21.205,1.03007,1.03047,1.88,1.50
2011.08.15 13:04:21.874,1.03007,1.03046,1.13,1.50
2011.08.15 13:04:22.463,1.03004,1.03046,1.13,2.25
2011.08.15 13:04:22.583,1.03004,1.03047,1.13,1.50
2011.08.15 13:04:22.925,1.02999,1.03041,1.13,2.10
2011.08.15 13:04:23.042,1.02999,1.03041,1.13,1.50
2011.08.15 13:04:23.372,1.02996,1.03039,1.13,2.25
2011.08.15 13:04:23.492,1.02993,1.03039,3.38,2.25
2011.08.15 13:04:23.602,1.02993,1.03037,1.13,1.50
2011.08.15 13:04:24.001,1.02996,1.03037,1.13,1.50
2011.08.15 13:04:24.442,1.02996,1.03036,1.50,1.50
2011.08.15 13:04:25.762,1.02994,1.03037,1.13,2.25
2011.08.15 13:04:28.404,1.02998,1.03039,2.93,2.25
2011.08.15 13:04:28.525,1.03002,1.03042,1.13,1.50
2011.08.15 13:04:28.646,1.03002,1.03046,1.50,1.50
2011.08.15 13:04:28.982,1.03003,1.03046,1.13,2.25
2011.08.15 13:04:29.205,1.03003,1.03046,1.13,1.50
2011.08.15 13:04:30.707,1.03003,1.03046,1.13,2.25
2011.08.15 13:04:37.452,1.03001,1.03044,1.50,1.35
2011.08.15 13:04:38.764,1.02998,1.03044,1.88,1.35
2011.08.15 13:04:39.263,1.03002,1.03047,1.13,3.75
2011.08.15 13:04:40.740,1.03004,1.03047,1.13,2.25
2011.08.15 13:04:41.245,1.03007,1.03046,1.13,1.50
2011.08.15 13:04:41.585,1.03014,1.03056,3.93,1.50
2011.08.15 13:04:41.924,1.0302,1.03065,2.85,1.13
2011.08.15 13:04:42.045,1.03017,1.03062,1.13,1.50
2011.08.15 13:04:42.273,1.03016,1.03061,1.35,4.13
2011.08.15 13:04:42.614,1.03008,1.03051,1.13,1.50
2011.08.15 13:04:43.172,1.03012,1.03052,1.13,1.50
2011.08.15 13:04:43.704,1.03008,1.03052,2.63,1.50
2011.08.15 13:04:44.044,1.03015,1.03056,1.73,1.50
2011.08.15 13:04:44.384,1.03012,1.03057,1.88,3.60
2011.08.15 13:04:45.412,1.03012,1.03056,1.88,2.10
2011.08.15 13:04:45.733,1.03016,1.03056,1.13,2.10
2011.08.15 13:04:46.075,1.03024,1.03061,1.13,1.50
2011.08.15 13:04:46.633,1.03025,1.03062,1.13,1.50
2011.08.15 13:04:46.926,1.03021,1.03061,1.13,2.10
2011.08.15 13:04:48.707,1.03023,1.03067,1.13,3.60
2011.08.15 13:04:49.734,1.03023,1.03064,1.13,1.35
2011.08.15 13:04:50.060,1.03021,1.03059,1.13,1.35
2011.08.15 13:04:50.611,1.03021,1.03059,1.13,1.35
2011.08.15 13:04:51.384,1.03021,1.03059,1.13,1.35
2011.08.15 13:05:00.350,1.03018,1.03063,1.13,1.73
2011.08.15 13:05:02.658,1.03018,1.03063,1.13,1.73
2011.08.15 13:05:03.405,1.03018,1.03058,1.13,1.35
2011.08.15 13:05:07.512,1.03018,1.03062,1.13,1.35
2011.08.15 13:05:07.732,1.03015,1.03059,2.05,1.13
2011.08.15 13:05:08.659,1.03015,1.03058,1.50,1.13
2011.08.15 13:05:11.662,1.03017,1.03061,1.13,3.00
2011.08.15 13:05:12.207,1.03015,1.03059,2.05,1.13
2011.08.15 13:05:12.440,1.03021,1.03062,2.10,2.18
2011.08.15 13:05:12.569,1.03027,1.03066,1.13,3.00
2011.08.15 13:05:12.907,1.03027,1.0307,1.88,2.25
2011.08.15 13:05:13.024,1.03021,1.0307,1.35,3.00
2011.08.15 13:05:13.255,1.03023,1.03072,1.88,2.48
2011.08.15 13:05:13.482,1.03024,1.0307,1.50,1.13
2011.08.15 13:05:14.413,1.0302,1.03065,1.50,2.48
2011.08.15 13:05:14.534,1.03019,1.03065,2.05,2.48
2011.08.15 13:05:16.974,1.03019,1.03059,1.50,1.13
2011.08.15 13:05:17.094,1.03012,1.03056,1.13,1.50
2011.08.15 13:05:18.703,1.03021,1.03056,1.13,1.50
2011.08.15 13:05:18.933,1.03021,1.03061,1.13,2.25
2011.08.15 13:05:19.163,1.03021,1.03062,1.13,1.50
2011.08.15 13:05:19.723,1.03021,1.03061,1.13,1.50
2011.08.15 13:05:19.841,1.03021,1.03066,1.13,1.50
2011.08.15 13:05:20.703,1.03021,1.03066,3.38,1.50
2011.08.15 13:05:20.934,1.0302,1.03066,1.50,1.88
2011.08.15 13:05:21.162,1.03022,1.03067,1.13,3.38
2011.08.15 13:05:22.043,1.03021,1.03063,3.00,1.73
2011.08.15 13:05:23.213,1.03019,1.03061,3.00,1.50
2011.08.15 13:05:23.585,1.03017,1.03062,3.38,1.88
2011.08.15 13:05:23.910,1.03017,1.03062,3.38,2.63
2011.08.15 13:05:24.350,1.03019,1.03062,2.85,1.50
2011.08.15 13:05:24.463,1.03017,1.03062,4.35,1.50
2011.08.15 13:05:26.257,1.03022,1.03066,1.13,1.50
2011.08.15 13:05:26.843,1.03023,1.03067,2.25,1.88
2011.08.15 13:05:27.201,1.03022,1.03067,1.13,1.88
2011.08.15 13:05:27.742,1.03022,1.03067,1.13,2.63
2011.08.15 13:05:27.857,1.03022,1.03067,1.13,1.88
2011.08.15 13:05:27.972,1.03022,1.03067,1.13,1.50
2011.08.15 13:05:28.412,1.03024,1.03064,3.93,2.10
2011.08.15 13:05:28.523,1.03024,1.03064,3.55,2.10
2011.08.15 13:05:29.386,1.03024,1.03066,3.78,2.10
2011.08.15 13:05:29.726,1.03026,1.03067,1.13,1.50
2011.08.15 13:05:30.281,1.03026,1.03066,1.13,1.50
2011.08.15 13:05:30.881,1.03026,1.03066,1.13,1.50
2011.08.15 13:05:31.783,1.03026,1.03072,1.13,3.75
2011.08.15 13:05:32.713,1.03026,1.03072,1.88,3.75
2011.08.15 13:05:33.104,1.03026,1.03063,1.13,1.35
2011.08.15 13:05:34.193,1.03026,1.03071,1.13,4.50
2011.08.15 13:05:36.075,1.03026,1.03063,1.13,1.35
2011.08.15 13:05:37.172,1.03026,1.03071,1.13,3.60
2011.08.15 13:05:38.385,1.03026,1.03063,1.13,1.35
2011.08.15 13:05:38.932,1.03026,1.03067,1.13,2.25
2011.08.15 13:05:40.241,1.03023,1.03066,3.00,1.50
2011.08.15 13:05:40.852,1.03022,1.03067,1.13,2.63
2011.08.15 13:05:41.182,1.03022,1.03067,1.13,3.38
2011.08.15 13:05:41.511,1.03023,1.03066,2.63,2.25
2011.08.15 13:05:43.481,1.03023,1.03067,3.75,2.25
2011.08.15 13:05:43.700,1.03021,1.03062,1.13,2.10
2011.08.15 13:05:44.333,1.03023,1.03062,2.25,2.10
2011.08.15 13:05:44.683,1.03023,1.03065,1.35,2.25
2011.08.15 13:05:44.912,1.03026,1.03072,1.13,3.75
2011.08.15 13:05:45.361,1.03023,1.03068,1.50,1.13
2011.08.15 13:05:45.934,1.03024,1.03064,1.50,1.35
2011.08.15 13:05:46.496,1.03023,1.0306,1.50,1.35
2011.08.15 13:05:46.830,1.03019,1.0306,1.13,1.35
2011.08.15 13:05:47.494,1.03019,1.0306,1.50,1.35
2011.08.15 13:05:48.021,1.03018,1.0306,1.88,1.35
2011.08.15 13:05:48.242,1.03023,1.03064,1.13,1.35
2011.08.15 13:05:50.240,1.03024,1.03064,1.50,1.35
2011.08.15 13:05:50.794,1.03023,1.03064,4.13,1.35
2011.08.15 13:05:51.132,1.03023,1.03064,1.50,1.35
2011.08.15 13:05:51.384,1.03024,1.03064,1.88,1.35
2011.08.15 13:05:51.941,1.03025,1.03068,1.73,2.25
2011.08.15 13:05:52.303,1.03026,1.03068,1.13,1.50
2011.08.15 13:05:52.414,1.03028,1.03068,3.00,1.50
2011.08.15 13:05:53.211,1.03025,1.03068,2.28,2.25
2011.08.15 13:05:53.807,1.03026,1.03063,1.13,1.35
2011.08.15 13:05:54.030,1.03024,1.03063,4.30,1.35
2011.08.15 13:05:54.692,1.03025,1.03063,1.13,1.35
2011.08.15 13:05:55.241,1.03024,1.03063,2.80,1.35
2011.08.15 13:05:55.571,1.03025,1.03063,1.68,1.35
2011.08.15 13:05:56.891,1.03024,1.03063,2.80,1.35
2011.08.15 13:05:57.615,1.03024,1.03068,2.05,3.23
2011.08.15 13:05:58.192,1.03024,1.03063,2.80,1.35
2011.08.15 13:05:58.524,1.03025,1.03063,1.68,1.35
2011.08.15 13:06:00.295,1.03024,1.03063,2.80,1.35
2011.08.15 13:06:00.631,1.03024,1.03063,3.93,1.35
2011.08.15 13:06:01.944,1.03027,1.03071,1.13,1.50
2011.08.15 13:06:02.393,1.03035,1.03073,1.13,1.35
2011.08.15 13:06:03.212,1.03031,1.03074,2.63,1.35
2011.08.15 13:06:03.760,1.03027,1.03071,1.13,1.35
2011.08.15 13:06:04.783,1.03026,1.03072,1.13,1.35
2011.08.15 13:06:06.013,1.03026,1.03071,1.13,1.35
2011.08.15 13:06:06.693,1.03026,1.03074,1.13,1.73
2011.08.15 13:06:06.923,1.03026,1.03071,1.13,2.10
2011.08.15 13:06:07.585,1.03026,1.03071,1.13,1.35
2011.08.15 13:06:09.363,1.03028,1.03074,3.15,1.35
2011.08.15 13:06:11.224,1.03032,1.03073,1.13,1.35
2011.08.15 13:06:11.563,1.03029,1.03074,2.25,1.73
2011.08.15 13:06:11.901,1.03028,1.03071,3.30,1.35
2011.08.15 13:06:12.238,1.03031,1.03074,1.73,1.35
2011.08.15 13:06:12.462,1.03035,1.03076,1.73,2.25
2011.08.15 13:06:12.865,1.03038,1.03076,2.18,2.25
2011.08.15 13:06:13.333,1.03038,1.03082,3.30,2.25
2011.08.15 13:06:13.562,1.03035,1.03082,1.13,2.63
2011.08.15 13:06:13.672,1.03038,1.03082,2.55,2.25
2011.08.15 13:06:14.125,1.03038,1.03081,3.00,1.35
2011.08.15 13:06:14.793,1.03037,1.03081,1.50,2.25
2011.08.15 13:06:15.370,1.03037,1.03078,1.50,1.35
2011.08.15 13:06:18.659,1.03036,1.03077,1.13,2.10
2011.08.15 13:06:18.778,1.03032,1.03077,1.13,1.88
2011.08.15 13:06:19.063,1.03032,1.03077,1.13,2.48
2011.08.15 13:06:20.464,1.03038,1.03071,1.13,1.50
2011.08.15 13:06:20.583,1.03038,1.03077,1.13,1.50
2011.08.15 13:06:20.814,1.03035,1.03076,1.13,1.50
2011.08.15 13:06:21.320,1.03035,1.03077,1.13,1.50
2011.08.15 13:06:21.432,1.03035,1.03071,1.13,1.50
2011.08.15 13:06:22.792,1.03031,1.03071,1.13,2.10
2011.08.15 13:06:23.012,1.03031,1.03071,1.13,1.35
2011.08.15 13:06:24.677,1.03031,1.03071,1.13,1.35
2011.08.15 13:06:25.284,1.03031,1.03071,1.88,2.85
2011.08.15 13:06:25.406,1.03027,1.0307,3.68,2.25
2011.08.15 13:06:25.743,1.03028,1.0307,1.50,1.50
2011.08.15 13:06:26.082,1.03028,1.03066,3.30,1.50
2011.08.15 13:06:26.610,1.03028,1.03067,3.30,1.50
2011.08.15 13:06:27.311,1.03028,1.03066,3.30,1.50
2011.08.15 13:06:27.422,1.03028,1.03066,2.18,1.50
2011.08.15 13:06:27.971,1.03026,1.03066,1.13,1.50
2011.08.15 13:06:29.032,1.03027,1.03067,3.30,1.50
2011.08.15 13:06:29.754,1.0303,1.03072,1.73,2.25
2011.08.15 13:06:29.982,1.03031,1.03071,1.73,1.50
2011.08.15 13:06:30.204,1.03031,1.03071,2.25,2.10
2011.08.15 13:06:30.430,1.03028,1.03066,2.25,1.50
2011.08.15 13:06:31.059,1.03027,1.03066,1.50,1.50
2011.08.15 13:06:31.170,1.03027,1.03066,1.50,1.50
2011.08.15 13:06:32.711,1.03028,1.03067,4.73,1.50
2011.08.15 13:06:33.766,1.03029,1.03066,1.73,1.50
2011.08.15 13:06:33.991,1.03028,1.03066,1.73,2.10
2011.08.15 13:06:34.102,1.03027,1.03067,3.60,2.10
2011.08.15 13:06:35.300,1.03027,1.03071,1.73,1.35
2011.08.15 13:06:35.692,1.03026,1.03071,4.73,2.10
2011.08.15 13:06:36.075,1.03026,1.03071,3.98,2.85
2011.08.15 13:06:36.410,1.03025,1.03067,1.73,1.50
2011.08.15 13:06:36.753,1.03026,1.03067,3.23,2.25
2011.08.15 13:06:37.363,1.03026,1.03067,1.35,2.25
2011.08.15 13:06:37.483,1.03031,1.03067,1.13,1.50
2011.08.15 13:06:38.762,1.03028,1.03067,3.90,1.50
2011.08.15 13:06:39.381,1.03028,1.03066,3.90,1.50
2011.08.15 13:06:39.823,1.03027,1.03061,2.78,1.50
2011.08.15 13:06:39.943,1.03022,1.03061,1.50,1.50
2011.08.15 13:06:40.502,1.03025,1.03062,1.13,1.50
2011.08.15 13:06:41.743,1.03026,1.03062,1.73,1.50
2011.08.15 13:06:41.866,1.03029,1.03066,1.73,1.50
2011.08.15 13:06:46.571,1.03031,1.03071,1.13,2.10
2011.08.15 13:06:47.015,1.03031,1.03071,3.75,1.50
2011.08.15 13:06:47.132,1.03036,1.03077,1.13,1.50
2011.08.15 13:06:47.814,1.03031,1.03076,1.13,1.50
2011.08.15 13:06:47.933,1.03031,1.03077,1.13,1.50
2011.08.15 13:06:48.054,1.0303,1.03077,1.73,1.50
2011.08.15 13:06:48.724,1.03029,1.03067,1.35,1.50
2011.08.15 13:06:49.352,1.03028,1.03066,1.35,1.50
2011.08.15 13:06:49.932,1.03028,1.03067,1.35,1.50
2011.08.15 13:06:50.042,1.0303,1.03072,1.73,1.50
2011.08.15 13:06:50.750,1.03031,1.03071,1.13,1.50
2011.08.15 13:06:51.354,1.03032,1.03071,1.50,1.50
2011.08.15 13:06:52.022,1.03037,1.03072,1.13,1.50
2011.08.15 13:06:52.365,1.03038,1.03072,4.28,1.50
2011.08.15 13:06:52.706,1.03034,1.03073,2.25,2.10
2011.08.15 13:06:52.826,1.03034,1.03072,2.25,2.10
2011.08.15 13:06:52.942,1.0303,1.03066,2.10,1.50
2011.08.15 13:06:54.732,1.03031,1.03071,1.13,2.25
2011.08.15 13:06:55.734,1.03032,1.03071,1.13,1.50
2011.08.15 13:06:56.414,1.0303,1.03071,2.43,1.50
2011.08.15 13:06:56.917,1.0303,1.03072,2.43,1.50
2011.08.15 13:06:57.697,1.0303,1.03071,2.43,1.50
2011.08.15 13:06:57.812,1.0303,1.03071,1.88,1.50
2011.08.15 13:06:58.492,1.0303,1.03066,2.10,1.50
2011.08.15 13:06:59.424,1.0303,1.03067,1.35,1.50
2011.08.15 13:06:59.960,1.0303,1.03066,1.35,1.50
2011.08.15 13:07:00.292,1.03028,1.03062,1.73,1.50
2011.08.15 13:07:00.841,1.0303,1.03062,1.73,1.50
2011.08.15 13:07:01.351,1.03031,1.03067,1.50,1.50
2011.08.15 13:07:02.012,1.03033,1.03067,1.13,1.50
2011.08.15 13:07:02.343,1.0303,1.03072,1.73,1.50
2011.08.15 13:07:02.573,1.0303,1.03066,1.35,1.88
2011.08.15 13:07:03.141,1.03028,1.03067,2.85,1.50
2011.08.15 13:07:03.791,1.0303,1.03067,1.35,1.50
2011.08.15 13:07:04.377,1.0303,1.03066,1.35,1.50
2011.08.15 13:07:06.536,1.03029,1.03071,1.13,1.50
2011.08.15 13:07:08.402,1.03031,1.03072,1.50,1.50
2011.08.15 13:07:09.452,1.03036,1.03072,1.35,1.50
2011.08.15 13:07:09.672,1.03034,1.03071,1.13,1.50
2011.08.15 13:07:10.040,1.03025,1.03062,1.15,1.50
2011.08.15 13:07:10.383,1.03024,1.03062,1.13,1.50
2011.08.15 13:07:10.942,1.03023,1.03062,2.80,1.50
2011.08.15 13:07:11.322,1.03023,1.03062,2.80,1.50
2011.08.15 13:07:11.654,1.03025,1.03061,1.30,1.88
2011.08.15 13:07:11.992,1.03024,1.03061,2.80,1.50
2011.08.15 13:07:12.660,1.03025,1.03061,2.05,1.50
2011.08.15 13:07:13.152,1.03026,1.03062,1.35,1.50
2011.08.15 13:07:13.383,1.03026,1.03067,1.35,1.50
2011.08.15 13:07:13.932,1.0303,1.03066,1.35,1.50
2011.08.15 13:07:15.171,1.03031,1.03066,1.13,1.50
2011.08.15 13:07:15.504,1.03031,1.03066,3.00,1.50
2011.08.15 13:07:16.671,1.03031,1.03067,1.13,1.50
2011.08.15 13:07:17.717,1.03031,1.03067,1.13,1.50
2011.08.15 13:07:19.522,1.03031,1.03066,1.13,1.50
2011.08.15 13:07:20.973,1.03026,1.03066,1.13,1.50
2011.08.15 13:07:21.094,1.03024,1.03062,2.63,1.50
2011.08.15 13:07:21.702,1.03022,1.03061,3.23,1.50
2011.08.15 13:07:21.922,1.03021,1.03062,3.23,1.50
2011.08.15 13:07:22.525,1.03022,1.03067,2.85,1.50
2011.08.15 13:07:23.711,1.03022,1.03067,1.35,1.50
2011.08.15 13:07:25.164,1.03022,1.03067,2.85,2.25
2011.08.15 13:07:25.506,1.03021,1.03061,1.35,1.50
2011.08.15 13:07:26.014,1.03017,1.03062,1.35,1.50
2011.08.15 13:07:26.351,1.03012,1.03057,1.73,2.48
2011.08.15 13:07:26.571,1.03013,1.03057,1.35,2.48
2011.08.15 13:07:27.582,1.03016,1.03056,1.88,1.50
2011.08.15 13:07:27.912,1.0302,1.03056,1.73,1.50
2011.08.15 13:07:28.572,1.0302,1.03061,1.73,1.50
2011.08.15 13:07:29.730,1.03021,1.03061,1.13,1.50
2011.08.15 13:07:30.743,1.03021,1.03062,1.13,1.50
2011.08.15 13:07:30.861,1.03021,1.03066,1.13,1.35
2011.08.15 13:07:32.343,1.0302,1.03066,1.73,1.35
2011.08.15 13:07:32.901,1.03016,1.03057,1.35,1.88
2011.08.15 13:07:33.452,1.03017,1.0306,1.13,1.35
2011.08.15 13:07:34.584,1.03017,1.03061,1.50,1.35
2011.08.15 13:07:34.703,1.03021,1.03062,1.13,2.25
2011.08.15 13:07:34.823,1.03021,1.03069,1.50,1.50
2011.08.15 13:07:34.942,1.03025,1.03072,1.13,2.85
2011.08.15 13:07:35.563,1.03022,1.03067,2.63,1.13
2011.08.15 13:07:35.902,1.03016,1.03064,1.73,1.73
2011.08.15 13:07:36.451,1.03016,1.03059,1.35,1.13
2011.08.15 13:07:36.781,1.03012,1.03059,1.13,1.73
2011.08.15 13:07:37.877,1.03012,1.03056,1.13,2.10
2011.08.15 13:07:37.998,1.03003,1.0305,4.35,1.13
2011.08.15 13:07:38.336,1.03007,1.03052,1.73,1.88
2011.08.15 13:07:39.382,1.03007,1.03052,1.73,2.48
2011.08.15 13:07:39.922,1.03007,1.03046,1.35,1.50
2011.08.15 13:07:40.141,1.03008,1.03049,2.55,1.35
2011.08.15 13:07:40.471,1.03006,1.03049,1.73,1.35
2011.08.15 13:07:40.996,1.03007,1.03049,1.35,1.35
2011.08.15 13:07:41.222,1.03006,1.03049,2.48,1.35
2011.08.15 13:07:43.794,1.03007,1.03049,1.35,1.35
2011.08.15 13:07:43.920,1.03012,1.03051,1.35,1.50
2011.08.15 13:07:44.036,1.03012,1.03051,1.73,1.50
2011.08.15 13:07:44.268,1.03006,1.03051,1.50,1.88
2011.08.15 13:07:44.386,1.03005,1.03052,3.98,2.63
2011.08.15 13:07:44.723,1.03005,1.03051,1.35,1.13
2011.08.15 13:07:45.644,1.03002,1.03048,1.35,1.13
2011.08.15 13:07:46.692,1.03002,1.03047,1.35,1.13
2011.08.15 13:07:47.188,1.03005,1.03048,1.35,1.13
2011.08.15 13:07:47.317,1.03006,1.03051,1.88,1.13
2011.08.15 13:07:47.905,1.03006,1.03052,1.13,2.63
2011.08.15 13:07:49.362,1.03004,1.03051,1.73,2.63
2011.08.15 13:07:49.904,1.03001,1.03047,3.60,1.13
2011.08.15 13:07:50.743,1.03001,1.03044,2.10,1.35
2011.08.15 13:07:51.745,1.03006,1.03046,1.35,2.85
2011.08.15 13:07:53.271,1.03001,1.03044,2.48,1.35
2011.08.15 13:07:55.413,1.03003,1.03047,2.48,2.25
2011.08.15 13:07:55.524,1.03006,1.03046,1.35,1.50
2011.08.15 13:07:56.093,1.03006,1.03046,1.35,1.50
2011.08.15 13:07:56.325,1.02995,1.03037,1.13,1.50
2011.08.15 13:07:56.606,1.02995,1.03034,1.13,1.50
2011.08.15 13:07:56.724,1.02991,1.03034,1.13,1.50
2011.08.15 13:07:57.275,1.02991,1.03034,1.13,1.50
2011.08.15 13:07:58.384,1.02996,1.03034,1.13,1.50
2011.08.15 13:07:58.503,1.02997,1.03037,1.35,2.10
2011.08.15 13:07:58.733,1.02998,1.03037,2.55,2.10
2011.08.15 13:07:58.963,1.02998,1.03041,2.18,2.48
2011.08.15 13:07:59.306,1.02997,1.03037,1.73,2.10
2011.08.15 13:08:00.318,1.03002,1.03041,1.35,2.10
2011.08.15 13:08:00.438,1.03006,1.03046,2.10,1.88
2011.08.15 13:08:00.668,1.03002,1.03046,1.50,1.50
2011.08.15 13:08:00.788,1.03004,1.03051,1.88,3.75
2011.08.15 13:08:01.016,1.03004,1.03051,1.50,2.63
2011.08.15 13:08:02.131,1.03004,1.03051,1.88,2.63
2011.08.15 13:08:02.506,1.03007,1.03052,1.73,1.50
2011.08.15 13:08:03.392,1.0301,1.03056,1.13,1.35
2011.08.15 13:08:03.722,1.0301,1.03056,1.13,1.35
2011.08.15 13:08:03.831,1.0301,1.03056,1.13,1.35
2011.08.15 13:08:03.941,1.0301,1.03056,1.13,1.35
2011.08.15 13:08:04.643,1.03009,1.03056,1.73,2.85
2011.08.15 13:08:05.134,1.03009,1.03056,1.73,2.85
2011.08.15 13:08:05.367,1.03009,1.03056,1.73,2.85
2011.08.15 13:08:05.941,1.0301,1.03056,1.13,1.35
2011.08.15 13:08:09.232,1.0301,1.03052,1.13,1.50
2011.08.15 13:08:09.791,1.03011,1.03051,1.13,1.50
2011.08.15 13:08:10.011,1.03012,1.03051,1.35,1.50
2011.08.15 13:08:10.584,1.03006,1.03051,2.10,2.10
2011.08.15 13:08:11.091,1.0301,1.03056,1.73,5.31
2011.08.15 13:08:12.486,1.03011,1.03057,1.35,3.38
2011.08.15 13:08:12.605,1.03011,1.03056,1.73,1.50
2011.08.15 13:08:12.725,1.03008,1.03053,3.53,1.13
2011.08.15 13:08:13.258,1.03007,1.03051,2.18,2.85
2011.08.15 13:08:13.811,1.03004,1.0305,2.63,1.35
2011.08.15 13:08:14.945,1.03004,1.03051,2.48,2.85
2011.08.15 13:08:15.283,1.03003,1.0305,3.98,1.35
2011.08.15 13:08:17.521,1.03004,1.03048,2.10,1.88
2011.08.15 13:08:18.093,1.03004,1.03046,2.10,1.50
2011.08.15 13:08:18.663,1.03007,1.03047,1.35,1.13
2011.08.15 13:08:19.933,1.03007,1.03046,1.35,1.50
2011.08.15 13:08:21.874,1.03004,1.03043,1.88,1.35
2011.08.15 13:08:22.322,1.03002,1.03046,1.35,2.25
2011.08.15 13:08:22.430,1.02998,1.03046,5.40,2.25
2011.08.15 13:08:23.622,1.03001,1.03047,1.73,2.85
2011.08.15 13:08:24.822,1.03005,1.03047,2.28,2.85
2011.08.15 13:08:25.196,1.03009,1.03051,1.35,1.88
2011.08.15 13:08:27.202,1.03006,1.03049,1.13,1.35
2011.08.15 13:08:27.772,1.03005,1.03049,1.30,1.73
2011.08.15 13:08:28.873,1.03005,1.03049,2.05,1.73
2011.08.15 13:08:28.992,1.03007,1.03049,2.10,1.35
2011.08.15 13:08:30.930,1.03007,1.03049,2.10,1.35
2011.08.15 13:08:31.881,1.03007,1.03048,2.10,1.13
2011.08.15 13:08:32.212,1.03004,1.03043,2.25,1.35
2011.08.15 13:08:32.943,1.03003,1.03048,2.48,1.50
2011.08.15 13:08:33.296,1.0301,1.03052,2.85,1.50
2011.08.15 13:08:33.413,1.03012,1.03052,1.35,1.50
2011.08.15 13:08:33.532,1.03011,1.0306,1.35,3.75
2011.08.15 13:08:33.655,1.03013,1.03059,1.73,1.35
2011.08.15 13:08:34.337,1.03011,1.03056,1.35,2.48
2011.08.15 13:08:35.011,1.03011,1.03055,1.35,1.73
2011.08.15 13:08:35.347,1.03015,1.03055,1.73,1.35
2011.08.15 13:08:35.461,1.03014,1.03055,1.73,1.35
2011.08.15 13:08:37.800,1.03009,1.03055,1.73,1.35
2011.08.15 13:08:39.010,1.03015,1.03055,1.35,1.35
2011.08.15 13:08:39.654,1.03012,1.03055,1.35,1.35
2011.08.15 13:08:41.224,1.03011,1.03055,1.35,1.35
2011.08.15 13:08:42.842,1.03015,1.03055,1.35,1.35
2011.08.15 13:08:43.867,1.03015,1.03053,1.35,1.50
2011.08.15 13:08:43.984,1.03009,1.03049,2.25,1.13
2011.08.15 13:08:44.104,1.03004,1.03048,4.35,1.13
2011.08.15 13:08:44.502,1.03007,1.03051,2.10,5.63
2011.08.15 13:08:45.271,1.03011,1.03056,2.10,1.35
2011.08.15 13:08:45.713,1.03011,1.03057,2.48,2.10
2011.08.15 13:08:46.052,1.03018,1.03062,3.30,2.25
2011.08.15 13:08:47.673,1.03019,1.03062,1.13,2.25
2011.08.15 13:08:47.890,1.03018,1.03061,2.93,1.13
2011.08.15 13:08:48.001,1.03018,1.03061,2.18,1.88
2011.08.15 13:08:48.224,1.0302,1.03062,1.13,2.25
2011.08.15 13:08:48.343,1.0302,1.03062,1.13,1.50
2011.08.15 13:08:48.463,1.03022,1.03062,1.13,4.43
2011.08.15 13:08:48.580,1.0302,1.03062,1.13,5.93
2011.08.15 13:08:48.693,1.03017,1.03061,1.50,2.25
2011.08.15 13:08:48.813,1.03013,1.0306,2.48,1.88
2011.08.15 13:08:49.042,1.03018,1.03062,2.55,1.71
2011.08.15 13:08:49.153,1.03018,1.03066,2.55,2.63
2011.08.15 13:08:49.272,1.03018,1.03061,2.18,1.13
2011.08.15 13:08:49.612,1.03014,1.03061,1.88,1.13
2011.08.15 13:08:50.433,1.03014,1.0305,1.88,2.10
2011.08.15 13:08:50.665,1.03011,1.03056,1.50,2.48
2011.08.15 13:08:50.783,1.03011,1.03057,1.13,3.98
2011.08.15 13:08:50.904,1.03011,1.03057,1.13,2.63
2011.08.15 13:08:51.132,1.03009,1.03057,3.00,1.50
2011.08.15 13:08:51.496,1.0301,1.03056,2.25,1.88
2011.08.15 13:08:51.796,1.03009,1.03057,3.00,2.25
2011.08.15 13:08:52.672,1.03014,1.03057,3.23,1.50
2011.08.15 13:08:53.212,1.03014,1.03056,3.23,1.50
2011.08.15 13:08:56.633,1.03013,1.03061,3.98,2.25
2011.08.15 13:08:58.192,1.03021,1.03066,1.50,1.50
2011.08.15 13:08:58.304,1.0302,1.03067,1.50,2.25
2011.08.15 13:08:58.422,1.0302,1.03067,1.50,1.50
2011.08.15 13:08:58.533,1.03028,1.0307,2.55,3.00
2011.08.15 13:08:59.961,1.03026,1.03071,1.35,2.25
2011.08.15 13:09:00.071,1.03024,1.03071,4.73,2.25
2011.08.15 13:09:01.034,1.03023,1.03068,1.50,1.88
2011.08.15 13:09:01.263,1.03021,1.03067,1.13,1.50
2011.08.15 13:09:01.873,1.03021,1.03067,1.13,2.10
2011.08.15 13:09:01.994,1.03019,1.03066,2.25,2.48
2011.08.15 13:09:02.114,1.03016,1.03061,1.35,2.25
2011.08.15 13:09:02.894,1.0302,1.03066,1.13,2.25
2011.08.15 13:09:03.012,1.0302,1.03067,1.13,4.13
2011.08.15 13:09:03.233,1.03017,1.03066,5.93,2.25
2011.08.15 13:09:03.461,1.03017,1.03065,1.50,2.63
2011.08.15 13:09:04.772,1.03018,1.03065,2.10,3.23
2011.08.15 13:09:05.352,1.0302,1.03063,1.13,1.35
2011.08.15 13:09:06.817,1.03019,1.03061,2.25,1.35
2011.08.15 13:09:07.150,1.03016,1.03059,1.35,1.13
2011.08.15 13:09:07.261,1.03016,1.03061,1.35,1.35
2011.08.15 13:09:07.704,1.0302,1.03061,2.48,1.50
2011.08.15 13:09:07.822,1.0302,1.03065,2.48,1.50
2011.08.15 13:09:09.385,1.03027,1.03066,1.35,1.50
2011.08.15 13:09:09.502,1.03021,1.03065,2.10,2.48
2011.08.15 13:09:09.620,1.03021,1.03063,1.35,1.73
2011.08.15 13:09:10.963,1.03018,1.03059,2.10,1.35
2011.08.15 13:09:12.143,1.03017,1.03061,2.10,2.63
2011.08.15 13:09:12.372,1.03022,1.03061,1.35,1.50
2011.08.15 13:09:12.491,1.03019,1.03064,1.50,1.73
2011.08.15 13:09:12.866,1.03019,1.03064,1.88,1.35
2011.08.15 13:09:13.741,1.0302,1.03063,1.13,1.35
2011.08.15 13:09:14.411,1.03019,1.03063,3.38,1.35
2011.08.15 13:09:14.740,1.03018,1.03058,2.10,1.13
2011.08.15 13:09:14.961,1.03019,1.03061,1.50,5.46
2011.08.15 13:09:15.181,1.03018,1.03062,2.48,1.50
2011.08.15 13:09:15.291,1.03019,1.03066,1.13,1.13
2011.08.15 13:09:15.771,1.03021,1.03066,1.13,1.88
2011.08.15 13:09:16.104,1.03022,1.03067,1.73,1.50
2011.08.15 13:09:16.492,1.03018,1.03067,3.98,1.88
2011.08.15 13:09:16.713,1.03018,1.03066,2.10,1.13
2011.08.15 13:09:18.243,1.03018,1.03064,2.10,1.50
2011.08.15 13:09:18.363,1.03014,1.03059,2.05,1.13
2011.08.15 13:09:23.673,1.03015,1.03057,1.30,1.13
2011.08.15 13:09:26.442,1.03014,1.03057,1.30,1.13
2011.08.15 13:09:27.218,1.03014,1.03057,2.80,1.13
2011.08.15 13:09:28.632,1.03014,1.03059,1.88,1.50
2011.08.15 13:09:28.963,1.03013,1.03062,4.73,2.63
2011.08.15 13:09:31.014,1.03018,1.03061,3.90,2.25
2011.08.15 13:09:35.633,1.03017,1.03061,1.35,1.13
2011.08.15 13:09:43.823,1.03017,1.0306,1.35,1.35
2011.08.15 13:09:47.472,1.03014,1.03056,2.10,1.13
2011.08.15 13:09:48.332,1.03011,1.03054,1.73,1.35
2011.08.15 13:09:48.442,1.03013,1.03057,1.35,5.10
2011.08.15 13:09:48.661,1.03012,1.03053,1.35,1.73
2011.08.15 13:09:49.581,1.03008,1.03052,2.25,2.48
2011.08.15 13:09:49.691,1.03005,1.03052,2.05,6.53
2011.08.15 13:09:49.801,1.03005,1.03048,2.05,1.13
2011.08.15 13:09:52.743,1.03005,1.03046,1.50,1.13
2011.08.15 13:09:54.654,1.03004,1.03046,1.50,1.13
2011.08.15 13:09:55.474,1.03003,1.03046,1.50,1.73
2011.08.15 13:09:55.814,1.03003,1.03046,2.25,1.73
2011.08.15 13:09:56.352,1.03003,1.03046,1.50,1.73
2011.08.15 13:09:58.128,1.03001,1.03046,1.13,1.73
2011.08.15 13:09:58.683,1.03002,1.03046,2.25,1.73
2011.08.15 13:09:59.243,1.03001,1.03046,3.38,1.73
2011.08.15 13:09:59.903,1.03002,1.03046,2.25,1.73
2011.08.15 13:10:00.132,1.03002,1.03048,3.00,2.48
2011.08.15 13:10:01.764,1.03006,1.03046,1.13,1.35
2011.08.15 13:10:02.214,1.03003,1.03046,3.00,1.73
2011.08.15 13:10:02.334,1.03001,1.03048,1.13,1.73
2011.08.15 13:10:03.303,1.03001,1.03046,1.13,1.73
2011.08.15 13:10:05.051,1.03001,1.03046,1.13,1.73
2011.08.15 13:10:11.001,1.03001,1.03046,1.13,3.23
2011.08.15 13:10:11.552,1.02996,1.03041,1.35,2.25
2011.08.15 13:10:12.791,1.02996,1.03042,4.35,2.63
2011.08.15 13:10:12.903,1.03,1.03042,1.73,1.50
2011.08.15 13:10:13.406,1.03,1.03046,1.73,2.85
2011.08.15 13:10:14.721,1.03,1.03046,1.73,1.35
2011.08.15 13:10:21.371,1.03,1.03046,1.73,2.85
2011.08.15 13:10:21.481,1.03,1.03043,1.35,1.13
2011.08.15 13:10:22.570,1.02996,1.03042,1.13,2.48
2011.08.15 13:10:24.364,1.02995,1.03039,1.35,2.48
2011.08.15 13:10:25.094,1.02995,1.0304,1.35,2.48
2011.08.15 13:10:25.215,1.02995,1.0304,1.73,1.35
2011.08.15 13:10:26.172,1.02996,1.03041,1.88,4.35
2011.08.15 13:10:26.281,1.02999,1.03041,1.73,1.71
2011.08.15 13:10:27.611,1.03001,1.03041,1.35,1.88
2011.08.15 13:10:29.718,1.03002,1.03042,1.35,2.25
2011.08.15 13:10:40.442,1.03002,1.03042,1.35,1.50
2011.08.15 13:10:40.991,1.03002,1.03041,1.35,1.50
2011.08.15 13:10:41.514,1.03002,1.03042,1.35,1.50
2011.08.15 13:10:41.905,1.03004,1.03042,1.35,1.50
2011.08.15 13:10:42.132,1.03002,1.03042,1.35,1.50
2011.08.15 13:10:42.355,1.02999,1.03041,1.73,2.25
2011.08.15 13:10:42.475,1.02999,1.03038,3.23,1.35
2011.08.15 13:10:42.870,1.03001,1.03041,1.13,1.50
2011.08.15 13:10:43.343,1.03001,1.03041,1.73,1.50
2011.08.15 13:10:43.664,1.02999,1.03041,1.73,2.25
2011.08.15 13:10:44.955,1.03003,1.03041,1.35,1.50
2011.08.15 13:10:45.165,1.03005,1.03042,1.35,1.50
2011.08.15 13:10:45.270,1.03006,1.03046,1.73,1.50
2011.08.15 13:10:45.712,1.03008,1.03052,1.73,1.50
2011.08.15 13:10:46.152,1.03004,1.03046,1.73,1.50
2011.08.15 13:10:46.261,1.03003,1.03046,3.98,1.50
2011.08.15 13:10:47.560,1.03005,1.03047,1.35,1.50
2011.08.15 13:10:48.250,1.03011,1.03047,1.13,1.50
2011.08.15 13:10:49.221,1.03007,1.03047,2.93,1.50
2011.08.15 13:10:49.332,1.03006,1.03044,1.50,2.25
2011.08.15 13:10:49.442,1.03001,1.03044,2.85,3.00
2011.08.15 13:10:49.551,1.03001,1.03041,2.85,1.50
2011.08.15 13:10:49.774,1.02994,1.03041,2.85,2.85
2011.08.15 13:10:50.947,1.02992,1.03036,1.35,2.63
2011.08.15 13:10:52.711,1.02994,1.03036,1.35,1.88
2011.08.15 13:10:54.714,1.02994,1.03036,1.35,1.13
2011.08.15 13:10:56.926,1.02992,1.03036,1.35,5.63
2011.08.15 13:10:57.046,1.02985,1.03032,1.13,1.73
2011.08.15 13:10:57.277,1.02987,1.03031,1.50,2.10
2011.08.15 13:10:57.396,1.02988,1.03036,4.05,1.73
2011.08.15 13:11:02.463,1.02991,1.03036,1.13,2.48
2011.08.15 13:11:02.582,1.02994,1.03037,3.00,4.13
2011.08.15 13:11:02.701,1.02991,1.03037,2.10,4.50
2011.08.15 13:11:02.812,1.02993,1.0304,2.48,1.35
2011.08.15 13:11:03.662,1.02996,1.0304,1.13,1.35
2011.08.15 13:11:05.204,1.02994,1.03038,1.88,1.35
2011.08.15 13:11:06.447,1.02994,1.03042,1.88,2.63
2011.08.15 13:11:07.021,1.0299,1.0304,1.73,1.13
2011.08.15 13:11:07.586,1.02992,1.03041,1.73,3.00
2011.08.15 13:11:08.045,1.02994,1.03041,3.60,2.25
2011.08.15 13:11:08.266,1.02993,1.03039,2.85,1.35
2011.08.15 13:11:10.713,1.02993,1.03036,1.35,1.13
2011.08.15 13:11:11.161,1.02991,1.03036,1.73,4.50
2011.08.15 13:11:11.754,1.02996,1.03037,2.10,1.50
2011.08.15 13:11:11.984,1.02998,1.0304,2.93,2.25
2011.08.15 13:11:12.356,1.02996,1.03041,1.73,1.50
2011.08.15 13:11:12.472,1.02996,1.03041,1.35,1.88
2011.08.15 13:11:12.801,1.02997,1.03039,1.35,3.23
2011.08.15 13:11:13.487,1.03,1.0304,1.13,2.85
2011.08.15 13:11:13.711,1.03002,1.03043,1.35,2.93
2011.08.15 13:11:13.935,1.03008,1.03047,3.30,1.50
2011.08.15 13:11:14.372,1.03004,1.03048,1.88,1.35
2011.08.15 13:11:14.483,1.03003,1.03048,1.50,1.73
2011.08.15 13:11:15.072,1.03002,1.03047,1.35,1.13
2011.08.15 13:11:15.860,1.03002,1.03048,1.73,2.10
2011.08.15 13:11:16.195,1.03004,1.03047,1.13,2.25
2011.08.15 13:11:16.793,1.03004,1.03048,1.13,1.35
2011.08.15 13:11:18.202,1.02998,1.03047,5.55,2.63
2011.08.15 13:11:18.313,1.02998,1.03041,3.30,1.50
2011.08.15 13:11:19.171,1.02998,1.03042,3.30,1.50
2011.08.15 13:11:19.644,1.03,1.03042,1.13,1.50
2011.08.15 13:11:20.364,1.03,1.03047,1.13,2.63
2011.08.15 13:11:20.894,1.02998,1.03047,4.80,2.63
2011.08.15 13:11:23.132,1.03,1.03046,1.13,2.25
2011.08.15 13:11:23.684,1.02999,1.03046,3.00,2.25
2011.08.15 13:11:23.805,1.03005,1.0305,1.13,1.35
2011.08.15 13:11:23.922,1.03007,1.0305,1.13,1.35
2011.08.15 13:11:24.694,1.03007,1.03052,2.93,2.48
2011.08.15 13:11:24.921,1.03002,1.03051,2.48,4.13
2011.08.15 13:11:25.308,1.03003,1.03051,1.73,4.88
2011.08.15 13:11:25.543,1.02998,1.03045,1.35,1.35
2011.08.15 13:11:27.992,1.02995,1.03044,1.13,1.73
2011.08.15 13:11:28.348,1.02995,1.03037,1.13,1.50
2011.08.15 13:11:30.982,1.02996,1.03037,1.35,1.50
2011.08.15 13:11:35.546,1.02996,1.03036,1.35,1.50
2011.08.15 13:11:35.796,1.02994,1.03038,1.50,1.73
2011.08.15 13:11:35.929,1.0299,1.03036,1.13,2.85
2011.08.15 13:11:36.046,1.0299,1.03037,1.13,2.48
2011.08.15 13:11:36.493,1.02991,1.03037,1.35,1.88
2011.08.15 13:11:37.176,1.02991,1.03037,1.35,2.63
2011.08.15 13:11:37.421,1.02988,1.03037,3.90,1.88
2011.08.15 13:11:37.538,1.02988,1.03036,1.35,3.00
2011.08.15 13:11:37.654,1.02987,1.03034,3.98,1.13
2011.08.15 13:11:37.996,1.02986,1.03032,3.00,1.73
2011.08.15 13:11:38.441,1.02987,1.03032,1.50,2.48
2011.08.15 13:11:38.774,1.02988,1.03032,1.13,2.10
2011.08.15 13:11:39.001,1.02989,1.03037,1.13,2.48
2011.08.15 13:11:39.803,1.02991,1.03033,1.50,1.35
2011.08.15 13:11:40.141,1.02989,1.03032,1.88,2.78
2011.08.15 13:11:40.477,1.02986,1.03031,3.38,1.13
2011.08.15 13:11:40.598,1.02989,1.03032,1.13,2.10
2011.08.15 13:11:41.152,1.0299,1.03036,1.35,1.13
2011.08.15 13:11:41.262,1.02992,1.03037,1.73,1.50
2011.08.15 13:11:42.385,1.02992,1.03036,2.48,1.50
2011.08.15 13:11:42.972,1.02994,1.03036,1.35,1.50
2011.08.15 13:11:43.192,1.02994,1.03044,3.23,1.13
2011.08.15 13:11:43.302,1.02994,1.03045,1.73,4.88
2011.08.15 13:11:43.790,1.02993,1.03044,3.23,1.13
2011.08.15 13:11:44.690,1.02994,1.03043,1.73,1.13
2011.08.15 13:11:45.023,1.02994,1.0304,1.50,1.50
2011.08.15 13:11:46.102,1.02993,1.03038,1.50,1.13
2011.08.15 13:11:46.653,1.02994,1.03038,1.50,1.13
2011.08.15 13:11:46.871,1.02994,1.03039,1.88,1.50
2011.08.15 13:11:47.942,1.0299,1.03035,1.13,1.13
2011.08.15 13:11:48.492,1.02988,1.03035,3.23,1.13
2011.08.15 13:11:49.627,1.02988,1.03031,1.73,1.50
2011.08.15 13:11:49.962,1.02991,1.03032,1.50,2.25
2011.08.15 13:11:50.294,1.02991,1.03036,1.13,2.25
2011.08.15 13:11:50.413,1.0299,1.03035,1.13,1.13
2011.08.15 13:11:51.714,1.02989,1.03035,1.13,1.13
2011.08.15 13:11:52.640,1.02989,1.03035,1.13,1.13
2011.08.15 13:11:54.444,1.02995,1.03036,1.35,2.25
2011.08.15 13:11:56.821,1.03,1.03045,1.13,1.73
2011.08.15 13:11:59.791,1.03004,1.03045,1.50,1.73
2011.08.15 13:11:59.902,1.03,1.03045,1.13,1.73
2011.08.15 13:12:00.233,1.02998,1.03045,2.48,1.73
2011.08.15 13:12:02.313,1.02998,1.03033,2.48,1.71
2011.08.15 13:12:02.655,1.02997,1.03008,2.18,1.35
2011.08.15 13:12:02.774,1.02969,1.03006,3.75,2.10
2011.08.15 13:12:03.007,1.02963,1.03006,2.25,2.10
2011.08.15 13:12:03.564,1.02962,1.03006,2.25,2.10
2011.08.15 13:12:03.707,1.0296,1.03006,3.00,2.10
2011.08.15 13:12:04.303,1.02959,1.03007,2.25,2.85
2011.08.15 13:12:05.484,1.02959,1.03005,1.50,1.73
2011.08.15 13:12:05.604,1.02959,1.03003,1.50,1.35
2011.08.15 13:12:05.946,1.02951,1.02992,1.13,2.78
2011.08.15 13:12:06.282,1.02954,1.03002,4.88,1.35
2011.08.15 13:12:06.692,1.02958,1.03006,1.13,4.73
2011.08.15 13:12:07.036,1.02959,1.03007,2.63,1.73
2011.08.15 13:12:07.594,1.02956,1.03004,1.88,1.73
2011.08.15 13:12:08.155,1.02953,1.03,2.85,1.73
2011.08.15 13:12:09.080,1.02954,1.02999,2.25,1.73
2011.08.15 13:12:09.192,1.02954,1.02999,2.25,2.10
2011.08.15 13:12:09.523,1.02952,1.02996,1.13,1.50
2011.08.15 13:12:10.403,1.02952,1.02997,1.13,1.50
2011.08.15 13:12:11.583,1.02952,1.02997,1.13,1.50
2011.08.15 13:12:12.065,1.02949,1.02996,2.25,2.63
2011.08.15 13:12:12.895,1.02949,1.02993,1.50,1.13
2011.08.15 13:12:13.013,1.02948,1.02987,1.50,2.10
2011.08.15 13:12:13.242,1.02942,1.02986,1.13,2.10
2011.08.15 13:12:13.821,1.02942,1.0299,3.38,1.13
2011.08.15 13:12:15.566,1.02942,1.0299,1.13,1.50
2011.08.15 13:12:15.681,1.02942,1.02992,1.13,3.00
2011.08.15 13:12:15.922,1.02947,1.02992,2.25,2.25
2011.08.15 13:12:16.143,1.02947,1.02991,3.60,1.50
2011.08.15 13:12:16.254,1.02951,1.02997,3.00,2.25
2011.08.15 13:12:16.592,1.02954,1.03001,1.50,5.83
2011.08.15 13:12:17.143,1.02953,1.03001,2.25,1.13
2011.08.15 13:12:17.681,1.02954,1.03,1.50,1.13
2011.08.15 13:12:17.904,1.02954,1.02999,1.50,1.50
2011.08.15 13:12:18.132,1.02948,1.02997,1.50,3.00
2011.08.15 13:12:18.691,1.02948,1.02994,1.50,1.50
2011.08.15 13:12:19.208,1.02946,1.02991,1.13,1.50
2011.08.15 13:12:20.742,1.02947,1.02991,1.13,1.50
2011.08.15 13:12:21.180,1.02946,1.02991,1.88,1.50
2011.08.15 13:12:22.075,1.02946,1.02991,1.50,1.88
2011.08.15 13:12:22.632,1.02944,1.02989,1.35,1.13
2011.08.15 13:12:23.905,1.02942,1.02989,2.48,3.23
2011.08.15 13:12:26.768,1.02942,1.02983,1.73,1.35
2011.08.15 13:12:28.357,1.02947,1.02983,1.50,1.35
2011.08.15 13:12:28.478,1.02955,1.02997,1.73,3.75
2011.08.15 13:12:28.705,1.02954,1.02997,1.73,4.50
2011.08.15 13:12:29.043,1.02948,1.02993,3.60,1.73
2011.08.15 13:12:30.172,1.02949,1.0299,1.35,1.35
2011.08.15 13:12:30.503,1.02946,1.02989,1.35,1.73
2011.08.15 13:12:30.732,1.02946,1.02991,1.35,1.73
2011.08.15 13:12:31.756,1.02946,1.02988,1.35,1.73
2011.08.15 13:12:32.708,1.02946,1.02989,1.35,1.73
2011.08.15 13:12:36.996,1.02946,1.02987,1.35,1.35
2011.08.15 13:12:37.383,1.02944,1.02983,2.25,2.85
2011.08.15 13:12:37.613,1.02944,1.02989,3.75,1.73
2011.08.15 13:12:38.064,1.02944,1.02991,1.73,1.35
2011.08.15 13:12:38.181,1.02946,1.02994,1.73,2.48
2011.08.15 13:12:38.403,1.02947,1.02994,3.53,1.35
2011.08.15 13:12:38.743,1.02949,1.02997,1.73,2.25
2011.08.15 13:12:38.971,1.02949,1.02997,1.73,3.00
2011.08.15 13:12:39.193,1.02949,1.02996,2.48,1.50
2011.08.15 13:12:39.886,1.02951,1.02997,1.73,2.25
2011.08.15 13:12:40.608,1.02952,1.02997,1.73,2.25
2011.08.15 13:12:43.059,1.02956,1.02996,2.10,2.25
2011.08.15 13:12:43.172,1.02956,1.02996,2.48,1.50
2011.08.15 13:12:43.391,1.02956,1.03001,3.23,2.25
2011.08.15 13:12:51.845,1.02962,1.03002,1.35,1.50
2011.08.15 13:12:52.272,1.02957,1.03002,1.73,2.25
2011.08.15 13:12:52.733,1.02957,1.03002,1.13,2.25
2011.08.15 13:12:53.925,1.02954,1.03002,1.35,2.25
2011.08.15 13:12:54.045,1.02953,1.03002,2.10,3.75
2011.08.15 13:12:57.745,1.02954,1.02999,2.85,1.13
2011.08.15 13:13:13.142,1.02951,1.02997,1.73,1.13
2011.08.15 13:13:13.902,1.02954,1.02998,1.35,1.13
2011.08.15 13:13:14.378,1.02944,1.0299,1.50,2.63
2011.08.15 13:13:14.496,1.02939,1.02982,5.05,2.18
2011.08.15 13:13:14.944,1.02939,1.02982,5.05,2.55
2011.08.15 13:13:15.063,1.02933,1.02982,3.23,4.05
2011.08.15 13:13:18.607,1.02937,1.02982,1.13,4.43
2011.08.15 13:13:19.163,1.02938,1.02982,1.13,1.50
2011.08.15 13:13:20.090,1.02936,1.02981,1.50,1.50
2011.08.15 13:13:20.650,1.02936,1.02982,1.50,1.88
2011.08.15 13:13:21.793,1.0294,1.02982,1.88,1.50
2011.08.15 13:13:22.022,1.02937,1.02982,3.00,1.88
2011.08.15 13:13:22.132,1.02934,1.02982,2.48,2.48
2011.08.15 13:13:25.706,1.02934,1.0298,3.98,1.35
2011.08.15 13:13:27.253,1.02939,1.02981,1.13,2.10
2011.08.15 13:13:27.483,1.02938,1.02982,1.50,2.48
2011.08.15 13:13:30.444,1.02935,1.02981,1.88,2.48
2011.08.15 13:13:30.561,1.02935,1.02981,1.88,2.48
2011.08.15 13:13:31.650,1.02935,1.0298,1.88,1.73
2011.08.15 13:13:32.087,1.02935,1.02982,1.88,2.48
2011.08.15 13:13:32.753,1.02934,1.02976,1.35,1.88
2011.08.15 13:13:32.971,1.02934,1.02978,1.35,1.50
2011.08.15 13:13:35.684,1.02928,1.02971,2.25,1.73
2011.08.15 13:13:40.458,1.02928,1.02971,1.50,1.73
2011.08.15 13:13:40.576,1.02926,1.02967,2.25,1.88
2011.08.15 13:13:40.806,1.0292,1.02966,1.50,1.88
2011.08.15 13:13:41.036,1.02921,1.02964,3.00,1.50
2011.08.15 13:13:41.261,1.02922,1.02967,1.13,3.00
2011.08.15 13:13:41.374,1.02922,1.02967,3.38,2.25
2011.08.15 13:13:41.604,1.02923,1.02972,4.88,2.48
2011.08.15 13:13:42.298,1.02925,1.02971,1.35,1.88
2011.08.15 13:13:42.631,1.02923,1.02964,1.50,1.35
2011.08.15 13:13:42.743,1.0292,1.02964,1.35,1.35
2011.08.15 13:13:42.960,1.02918,1.02967,2.48,3.98
2011.08.15 13:13:43.402,1.02921,1.02964,2.25,1.35
2011.08.15 13:13:43.731,1.02918,1.02962,2.10,4.28
2011.08.15 13:13:44.062,1.02914,1.02955,2.80,1.35
2011.08.15 13:13:44.172,1.02914,1.02955,1.50,1.35
2011.08.15 13:13:44.282,1.02914,1.02956,1.50,1.73
2011.08.15 13:13:45.481,1.02915,1.0296,2.25,1.35
2011.08.15 13:13:45.592,1.02915,1.02961,2.85,1.35
2011.08.15 13:13:45.933,1.02917,1.02961,1.35,3.23
2011.08.15 13:13:47.721,1.02919,1.02963,1.35,3.90
2011.08.15 13:13:48.809,1.02916,1.02959,1.35,1.13
2011.08.15 13:13:49.682,1.02915,1.02963,1.50,3.90
2011.08.15 13:13:50.015,1.02911,1.02952,3.00,2.55
2011.08.15 13:13:50.462,1.02909,1.02949,2.25,1.35
2011.08.15 13:13:50.574,1.02909,1.02949,2.25,1.35
2011.08.15 13:13:51.135,1.02908,1.02949,1.35,1.35
2011.08.15 13:13:51.256,1.02909,1.02951,3.00,3.23
2011.08.15 13:13:51.583,1.02909,1.02952,3.00,1.88
2011.08.15 13:13:51.922,1.02911,1.02952,1.13,1.50
2011.08.15 13:13:52.033,1.02914,1.02956,1.88,1.35
2011.08.15 13:13:52.264,1.02915,1.02959,3.60,1.13
2011.08.15 13:13:52.382,1.02915,1.02959,2.85,1.13
2011.08.15 13:13:52.603,1.02914,1.02959,1.50,1.13
2011.08.15 13:13:53.642,1.02913,1.02959,4.50,1.13
2011.08.15 13:13:54.608,1.02915,1.0296,3.00,1.13
2011.08.15 13:13:54.833,1.02916,1.0296,1.35,1.13
2011.08.15 13:13:54.945,1.02915,1.0296,3.60,1.13
2011.08.15 13:13:55.174,1.02915,1.02961,3.98,2.25
2011.08.15 13:13:55.934,1.02922,1.02965,2.25,1.88
2011.08.15 13:13:56.053,1.02922,1.02967,2.63,1.35
2011.08.15 13:13:56.174,1.02926,1.02967,2.25,1.35
2011.08.15 13:13:56.401,1.02922,1.02969,3.23,2.48
2011.08.15 13:13:56.624,1.02924,1.02969,1.35,1.35
2011.08.15 13:13:57.146,1.02929,1.02972,3.38,2.10
2011.08.15 13:13:57.822,1.02929,1.02972,1.88,2.10
2011.08.15 13:13:58.814,1.02925,1.02969,1.35,1.35
2011.08.15 13:13:59.262,1.02919,1.02968,2.25,1.73
2011.08.15 13:13:59.372,1.02919,1.02969,1.50,1.73
2011.08.15 13:13:59.482,1.02919,1.02965,1.50,1.35
2011.08.15 13:13:59.591,1.02917,1.02965,2.25,1.35
2011.08.15 13:14:00.271,1.02916,1.02965,2.25,1.35
2011.08.15 13:14:00.498,1.02913,1.02962,4.50,2.93
2011.08.15 13:14:00.727,1.02913,1.02962,1.50,5.18
2011.08.15 13:14:01.105,1.02914,1.02961,2.25,3.00
2011.08.15 13:14:01.444,1.02913,1.02956,2.25,2.63
2011.08.15 13:14:01.565,1.0291,1.02957,3.00,1.88
2011.08.15 13:14:02.107,1.02912,1.02956,2.25,1.88
2011.08.15 13:14:03.493,1.02911,1.02957,1.50,1.88
2011.08.15 13:14:03.656,1.02911,1.02957,1.50,1.88
2011.08.15 13:14:04.943,1.02916,1.0296,3.00,1.13
2011.08.15 13:14:05.360,1.02916,1.02962,3.75,2.55
2011.08.15 13:14:05.471,1.02919,1.02962,3.38,2.18
2011.08.15 13:14:05.801,1.02919,1.02962,2.25,3.15
2011.08.15 13:14:06.311,1.02916,1.02961,1.35,1.88
2011.08.15 13:14:06.641,1.02918,1.02961,1.35,1.88
2011.08.15 13:14:07.630,1.02916,1.02961,3.60,1.88
2011.08.15 13:14:08.811,1.02917,1.0296,1.35,1.13
2011.08.15 13:14:09.746,1.0292,1.0296,2.10,1.13
2011.08.15 13:14:09.865,1.02922,1.02961,1.35,1.50
2011.08.15 13:14:10.094,1.02922,1.02967,1.35,2.25
2011.08.15 13:14:10.431,1.02922,1.02967,1.73,1.50
2011.08.15 13:14:10.659,1.02925,1.02971,1.35,1.13
2011.08.15 13:14:13.003,1.02928,1.02971,1.35,1.88
2011.08.15 13:14:13.222,1.02926,1.02971,2.10,3.38
2011.08.15 13:14:14.002,1.02928,1.02972,2.25,3.53
2011.08.15 13:14:14.222,1.0293,1.02972,1.13,5.03
2011.08.15 13:14:14.334,1.02927,1.02969,1.88,1.35
2011.08.15 13:14:14.452,1.02928,1.02969,1.50,1.35
2011.08.15 13:14:15.078,1.02929,1.02972,2.25,3.15
2011.08.15 13:14:15.498,1.02928,1.02969,1.50,1.35
2011.08.15 13:14:15.722,1.02929,1.02971,2.25,1.73
2011.08.15 13:14:16.405,1.02928,1.02973,1.50,3.90
2011.08.15 13:14:16.523,1.02928,1.0297,1.50,1.35
2011.08.15 13:14:16.865,1.02923,1.02972,2.25,4.65
2011.08.15 13:14:17.701,1.02924,1.02969,2.25,1.73
2011.08.15 13:14:18.034,1.0292,1.02962,2.43,2.78
2011.08.15 13:14:18.824,1.02921,1.02962,1.35,2.78
2011.08.15 13:14:21.621,1.02926,1.02967,1.35,2.48
2011.08.15 13:14:21.844,1.02928,1.02966,2.18,2.10
2011.08.15 13:14:22.382,1.02926,1.02967,1.73,2.10
2011.08.15 13:14:24.043,1.02924,1.02966,2.10,1.73
2011.08.15 13:14:24.163,1.02926,1.02969,1.35,1.73
2011.08.15 13:14:25.151,1.02926,1.02972,1.35,5.78
2011.08.15 13:14:25.710,1.02926,1.02969,1.35,1.73
2011.08.15 13:14:26.234,1.02926,1.02967,1.35,1.35
2011.08.15 13:14:26.571,1.02926,1.02967,1.35,1.73
2011.08.15 13:14:26.903,1.02926,1.02971,1.35,3.98
2011.08.15 13:14:27.024,1.02921,1.02967,1.50,2.85
2011.08.15 13:14:27.828,1.02919,1.02963,2.25,1.73
2011.08.15 13:14:27.946,1.02921,1.02966,2.48,2.63
2011.08.15 13:14:29.665,1.02921,1.02966,2.48,1.13
2011.08.15 13:14:30.674,1.02921,1.02966,2.48,1.13
2011.08.15 13:14:31.382,1.02921,1.02964,2.10,1.13
2011.08.15 13:14:31.495,1.02921,1.02963,1.35,1.13
2011.08.15 13:14:32.055,1.02921,1.02966,1.73,1.13
2011.08.15 13:14:32.835,1.02927,1.02967,1.35,1.88
2011.08.15 13:14:34.812,1.02928,1.02966,1.35,1.88
2011.08.15 13:14:36.222,1.02922,1.02963,1.35,1.13
2011.08.15 13:14:36.331,1.02921,1.02963,1.35,1.73
2011.08.15 13:14:36.445,1.02921,1.02966,1.73,1.73
2011.08.15 13:14:37.372,1.02922,1.02963,1.50,1.35
2011.08.15 13:14:37.705,1.02922,1.02966,2.10,1.13
2011.08.15 13:14:38.067,1.02924,1.02972,3.23,1.35
2011.08.15 13:14:38.188,1.02924,1.02972,1.35,2.10
2011.08.15 13:14:38.412,1.02924,1.02972,1.73,2.48
2011.08.15 13:14:39.442,1.02924,1.02969,2.63,1.13
2011.08.15 13:14:39.662,1.02925,1.02969,2.25,1.13
2011.08.15 13:14:40.005,1.02927,1.0297,2.25,1.50
2011.08.15 13:14:40.122,1.02927,1.02972,2.25,2.25
2011.08.15 13:14:40.492,1.02925,1.02967,2.25,1.13
2011.08.15 13:14:40.722,1.02925,1.02969,3.00,1.13
2011.08.15 13:14:41.671,1.02925,1.02968,2.25,1.13
2011.08.15 13:14:41.782,1.02925,1.02967,2.25,1.35
2011.08.15 13:14:41.892,1.02918,1.02962,2.25,1.50
2011.08.15 13:14:42.002,1.0292,1.02963,1.13,3.68
2011.08.15 13:14:42.222,1.02922,1.02967,1.35,1.88
2011.08.15 13:14:42.441,1.02923,1.02967,2.25,2.63
2011.08.15 13:14:42.774,1.02923,1.02963,2.25,1.13
2011.08.15 13:14:42.892,1.02919,1.02961,2.10,1.13
2011.08.15 13:14:43.004,1.02919,1.02961,2.10,1.13
2011.08.15 13:14:43.812,1.02919,1.02961,2.85,1.13
2011.08.15 13:14:44.703,1.02919,1.02958,2.10,1.13
2011.08.15 13:14:45.086,1.02919,1.02962,1.35,3.68
2011.08.15 13:14:45.208,1.02918,1.02961,2.10,1.13
2011.08.15 13:14:45.432,1.02919,1.02963,1.35,1.13
2011.08.15 13:14:45.763,1.02922,1.02963,1.35,1.13
2011.08.15 13:14:47.214,1.02924,1.02966,4.35,1.13
2011.08.15 13:14:48.715,1.02924,1.02968,2.85,2.10
2011.08.15 13:14:48.944,1.02917,1.02957,3.23,1.50
2011.08.15 13:14:49.172,1.02916,1.02961,1.73,2.10
2011.08.15 13:14:49.393,1.0292,1.02962,2.10,1.88
2011.08.15 13:14:49.732,1.0292,1.02962,2.10,5.18
2011.08.15 13:14:50.492,1.02916,1.02962,2.10,5.78
2011.08.15 13:14:52.722,1.02921,1.02958,1.35,1.13
2011.08.15 13:14:54.685,1.02917,1.02957,3.60,1.13
2011.08.15 13:14:54.810,1.02915,1.02956,1.50,2.48
2011.08.15 13:14:56.347,1.02914,1.02953,1.30,1.73
2011.08.15 13:14:56.462,1.02914,1.02952,1.30,1.35
2011.08.15 13:14:57.012,1.02914,1.02951,2.80,1.13
2011.08.15 13:14:57.462,1.02914,1.02952,1.30,1.35
2011.08.15 13:14:57.572,1.02914,1.02953,2.85,1.13
2011.08.15 13:14:57.902,1.02915,1.02953,1.35,1.13
2011.08.15 13:14:58.315,1.02914,1.02957,2.65,2.85
2011.08.15 13:14:58.763,1.0292,1.02961,2.85,1.50
2011.08.15 13:14:59.814,1.02921,1.02961,2.85,1.50
2011.08.15 13:15:00.306,1.02922,1.02962,2.85,2.63
2011.08.15 13:15:00.452,1.02922,1.02958,2.25,1.35
2011.08.15 13:15:00.561,1.02917,1.02958,1.88,1.35
2011.08.15 13:15:01.234,1.02916,1.02957,1.35,1.73
2011.08.15 13:15:04.502,1.02913,1.02953,2.10,2.10
2011.08.15 13:15:05.377,1.02912,1.02952,1.35,1.13
2011.08.15 13:15:05.932,1.02912,1.02953,1.35,1.73
2011.08.15 13:15:06.428,1.02917,1.02956,2.85,1.50
2011.08.15 13:15:06.657,1.02916,1.02958,2.10,1.13
2011.08.15 13:15:07.433,1.02921,1.02961,1.35,1.73
2011.08.15 13:15:07.661,1.02916,1.02957,4.35,1.13
2011.08.15 13:15:08.711,1.02916,1.02959,2.85,1.88
2011.08.15 13:15:10.643,1.02917,1.02957,1.35,1.13
2011.08.15 13:15:11.574,1.0292,1.02962,2.25,1.88
2011.08.15 13:15:11.805,1.02924,1.02969,2.48,1.50
2011.08.15 13:15:12.031,1.02924,1.02971,3.23,2.25
2011.08.15 13:15:12.652,1.02924,1.02971,5.48,1.50
2011.08.15 13:15:12.762,1.02926,1.02977,3.00,3.00
2011.08.15 13:15:12.872,1.02931,1.02976,1.13,1.50
2011.08.15 13:15:12.983,1.02929,1.02975,1.35,1.13
2011.08.15 13:15:14.161,1.02926,1.02975,3.60,1.13
2011.08.15 13:15:15.878,1.02932,1.02973,1.35,1.50
2011.08.15 13:15:16.217,1.0294,1.02976,2.10,1.50
2011.08.15 13:15:16.551,1.0294,1.02982,2.10,2.63
2011.08.15 13:15:17.685,1.0294,1.02982,2.10,2.63
2011.08.15 13:15:19.162,1.0294,1.02982,2.10,2.63
2011.08.15 13:15:19.492,1.02936,1.02981,1.35,2.25
2011.08.15 13:15:22.182,1.02942,1.02986,1.13,5.10
2011.08.15 13:15:22.735,1.02942,1.02986,1.13,3.60
2011.08.15 13:15:25.687,1.02939,1.02983,2.85,1.13
2011.08.15 13:15:35.683,1.02937,1.02982,3.23,2.93
2011.08.15 13:15:36.263,1.02936,1.0298,1.35,1.13
2011.08.15 13:15:37.029,1.02939,1.0298,2.85,1.13
2011.08.15 13:15:37.147,1.02942,1.02986,4.13,3.00
2011.08.15 13:15:38.843,1.02941,1.0299,2.63,1.88
2011.08.15 13:15:39.174,1.02944,1.0299,3.98,1.13
2011.08.15 13:15:40.433,1.02944,1.02988,3.60,1.13
2011.08.15 13:15:40.872,1.0294,1.02988,3.98,1.88
2011.08.15 13:15:40.982,1.0294,1.02985,3.98,1.13
2011.08.15 13:15:42.613,1.02939,1.02983,2.10,3.30
2011.08.15 13:15:43.452,1.02939,1.02983,2.10,3.30
2011.08.15 13:15:43.782,1.02948,1.02988,1.50,1.13
2011.08.15 13:15:44.872,1.02948,1.02988,1.50,1.13
2011.08.15 13:15:44.982,1.02954,1.02988,2.10,1.13
2011.08.15 13:15:45.202,1.02954,1.02991,2.10,2.25
2011.08.15 13:15:45.314,1.02946,1.02989,2.10,1.13
2011.08.15 13:15:46.491,1.0295,1.0299,2.10,1.50
2011.08.15 13:15:47.499,1.02945,1.0299,4.73,1.13
2011.08.15 13:15:47.955,1.02951,1.02992,1.50,1.50
2011.08.15 13:15:48.183,1.02951,1.02997,1.50,3.38
2011.08.15 13:15:48.414,1.02951,1.02997,2.10,3.38
2011.08.15 13:15:51.633,1.02951,1.02999,4.35,1.50
2011.08.15 13:15:52.622,1.02951,1.03,2.85,1.50
2011.08.15 13:16:00.374,1.02953,1.02989,2.10,1.13
2011.08.15 13:16:00.494,1.02949,1.02988,1.35,1.13
2011.08.15 13:16:00.722,1.02945,1.02986,2.48,2.25
2011.08.15 13:16:01.423,1.02945,1.02987,2.85,1.50
2011.08.15 13:16:02.605,1.02947,1.02992,1.73,2.25
2011.08.15 13:16:03.223,1.02946,1.02989,1.35,1.13
2011.08.15 13:16:03.662,1.02945,1.0299,2.48,2.25
2011.08.15 13:16:04.752,1.02945,1.02991,2.48,5.08
2011.08.15 13:16:06.164,1.02947,1.0299,2.25,2.25
2011.08.15 13:16:06.391,1.02947,1.02991,1.50,1.13
2011.08.15 13:16:06.724,1.02951,1.0299,2.10,1.50
2011.08.15 13:16:06.952,1.02944,1.0299,3.23,2.25
2011.08.15 13:16:07.175,1.02944,1.02989,2.10,1.13
2011.08.15 13:16:07.731,1.02944,1.02986,2.10,2.63
2011.08.15 13:16:08.484,1.02944,1.02986,2.10,2.63
2011.08.15 13:16:11.666,1.02944,1.02986,2.10,2.63
2011.08.15 13:16:13.203,1.02941,1.02986,1.35,1.88
2011.08.15 13:16:14.682,1.02938,1.02986,2.48,1.88
2011.08.15 13:16:16.388,1.02938,1.02986,2.48,1.88
2011.08.15 13:16:16.613,1.02942,1.02986,1.73,2.25
2011.08.15 13:16:17.273,1.02938,1.02986,3.23,1.13
2011.08.15 13:16:17.615,1.02945,1.02987,2.10,3.75
2011.08.15 13:16:18.202,1.02945,1.02987,2.10,3.00
2011.08.15 13:16:18.709,1.02945,1.02986,2.10,1.50
2011.08.15 13:16:19.695,1.02945,1.02986,2.10,1.50
2011.08.15 13:16:20.705,1.02946,1.02987,1.50,3.75
2011.08.15 13:16:20.824,1.02946,1.02987,1.88,1.50
2011.08.15 13:16:20.942,1.02946,1.02986,1.50,1.50
2011.08.15 13:16:21.741,1.02945,1.02986,3.98,2.25
2011.08.15 13:16:22.668,1.02945,1.02986,3.23,2.25
2011.08.15 13:16:23.665,1.02945,1.02986,2.48,2.25
2011.08.15 13:16:26.934,1.02951,1.02992,2.10,2.63
2011.08.15 13:16:27.165,1.02945,1.02991,4.73,2.25
2011.08.15 13:16:27.289,1.02945,1.02987,4.35,1.13
2011.08.15 13:16:27.405,1.02943,1.02982,2.10,1.50
2011.08.15 13:16:27.855,1.02937,1.02983,1.35,2.55
2011.08.15 13:16:27.974,1.02938,1.02987,1.13,2.63
2011.08.15 13:16:29.253,1.02946,1.02987,1.35,2.25
2011.08.15 13:16:29.803,1.02944,1.02986,5.10,1.13
2011.08.15 13:16:30.241,1.02944,1.02983,2.10,3.90
2011.08.15 13:16:30.463,1.02944,1.02983,2.10,1.35
2011.08.15 13:16:30.803,1.02944,1.02983,2.10,1.35
2011.08.15 13:16:34.087,1.02944,1.02979,1.50,1.35
2011.08.15 13:16:34.312,1.02941,1.02983,2.85,1.73
2011.08.15 13:16:35.656,1.02942,1.02979,1.35,1.35
2011.08.15 13:16:37.827,1.02935,1.02978,1.35,1.35
2011.08.15 13:16:37.942,1.02935,1.02979,1.35,1.73
2011.08.15 13:16:39.665,1.02935,1.02975,1.35,1.35
2011.08.15 13:16:42.626,1.02935,1.02974,1.35,1.50
2011.08.15 13:16:42.852,1.02929,1.0297,1.35,1.73
2011.08.15 13:16:43.182,1.02928,1.02972,2.10,7.28
2011.08.15 13:16:43.515,1.02929,1.02971,2.85,1.13
2011.08.15 13:16:43.635,1.02931,1.02972,1.35,4.65
2011.08.15 13:16:43.755,1.02929,1.02972,1.90,3.90
2011.08.15 13:16:44.652,1.02929,1.02971,1.90,1.13
2011.08.15 13:16:45.701,1.02929,1.02971,1.90,1.13
2011.08.15 13:16:45.923,1.0293,1.02966,1.15,1.13
2011.08.15 13:16:48.693,1.02926,1.02971,1.35,2.25
2011.08.15 13:16:50.335,1.02926,1.02971,1.35,1.50
2011.08.15 13:16:51.774,1.02931,1.02974,1.35,1.35
2011.08.15 13:16:52.646,1.02931,1.02972,1.35,1.35
2011.08.15 13:16:54.088,1.02928,1.02972,3.23,1.35
2011.08.15 13:16:54.423,1.02931,1.02972,1.35,3.15
2011.08.15 13:16:54.531,1.02926,1.02971,1.73,1.13
2011.08.15 13:16:55.673,1.02926,1.02971,1.73,1.13
2011.08.15 13:16:57.415,1.02926,1.02972,1.73,3.53
2011.08.15 13:16:57.754,1.02929,1.02976,1.73,2.25
2011.08.15 13:16:58.205,1.02931,1.02979,1.73,2.10
2011.08.15 13:16:58.762,1.02934,1.02979,1.73,1.35
2011.08.15 13:17:01.754,1.02935,1.02979,1.73,1.35
2011.08.15 13:17:03.724,1.02936,1.02976,2.10,1.13
2011.08.15 13:17:04.645,1.02936,1.02976,2.10,1.13
2011.08.15 13:17:05.870,1.02936,1.02976,2.10,1.13
2011.08.15 13:17:07.713,1.02936,1.0298,3.23,1.50
2011.08.15 13:17:08.472,1.02936,1.02982,1.50,3.75
2011.08.15 13:17:08.694,1.02947,1.02982,2.10,1.50
2011.08.15 13:17:15.891,1.02947,1.02982,3.23,1.50
2011.08.15 13:17:18.425,1.02947,1.02982,1.13,1.50
2011.08.15 13:17:19.640,1.02946,1.02982,2.48,1.50
2011.08.15 13:17:19.865,1.02941,1.02981,1.13,1.50
2011.08.15 13:17:20.091,1.02941,1.02987,1.13,2.25
2011.08.15 13:17:20.634,1.02941,1.02987,1.13,2.25
2011.08.15 13:17:21.621,1.02941,1.02986,1.13,2.25
2011.08.15 13:17:23.502,1.02947,1.02987,1.35,2.25
2011.08.15 13:17:24.355,1.02941,1.02987,1.13,2.25
2011.08.15 13:17:25.013,1.02942,1.02987,1.50,2.25
2011.08.15 13:17:27.033,1.02942,1.02986,3.00,2.25
2011.08.15 13:17:28.105,1.02942,1.02986,3.00,2.25
2011.08.15 13:17:29.364,1.02951,1.02991,1.50,1.50
2011.08.15 13:17:30.252,1.02958,1.02998,1.50,1.13
2011.08.15 13:17:30.361,1.02954,1.02998,2.10,1.13
2011.08.15 13:17:30.472,1.02954,1.03002,2.48,5.55
2011.08.15 13:17:31.022,1.02954,1.02998,2.10,1.13
2011.08.15 13:17:31.131,1.02954,1.02997,2.10,1.13
2011.08.15 13:17:31.352,1.02948,1.02992,2.25,4.80
2011.08.15 13:17:31.463,1.02948,1.02992,2.25,4.80
2011.08.15 13:17:32.023,1.02945,1.02992,3.23,1.88
2011.08.15 13:17:32.132,1.02947,1.02992,3.23,1.50
2011.08.15 13:17:32.685,1.02952,1.02992,1.50,3.68
2011.08.15 13:17:33.024,1.02943,1.0299,5.85,1.13
2011.08.15 13:17:33.985,1.02943,1.02989,1.50,1.13
2011.08.15 13:17:34.694,1.02944,1.02988,1.50,1.13
2011.08.15 13:17:35.744,1.02944,1.02989,2.25,1.13
2011.08.15 13:17:36.194,1.02944,1.02988,2.25,1.13
2011.08.15 13:17:36.476,1.02948,1.02991,2.63,3.00
2011.08.15 13:17:36.598,1.02949,1.02997,1.13,3.38
2011.08.15 13:17:37.069,1.02952,1.02996,2.63,1.50
2011.08.15 13:17:37.334,1.02952,1.02996,2.63,2.25
2011.08.15 13:17:37.672,1.02945,1.02991,2.10,2.63
2011.08.15 13:17:39.374,1.02943,1.02988,2.10,1.73
2011.08.15 13:17:41.934,1.02943,1.02984,2.10,1.13
2011.08.15 13:17:42.492,1.02947,1.02986,1.35,1.35
2011.08.15 13:17:43.204,1.02943,1.02983,2.10,1.13
2011.08.15 13:17:44.115,1.02943,1.02982,2.10,2.18
2011.08.15 13:17:45.023,1.02943,1.02982,2.10,2.55
2011.08.15 13:17:45.479,1.02943,1.02982,2.10,2.93
2011.08.15 13:17:46.462,1.02943,1.0298,2.10,1.13
2011.08.15 13:17:48.343,1.02943,1.02982,2.10,2.55
2011.08.15 13:17:48.452,1.02943,1.02984,2.10,1.13
2011.08.15 13:17:48.671,1.02945,1.02984,2.10,1.13
2011.08.15 13:17:49.766,1.02946,1.02984,1.35,1.13
2011.08.15 13:17:51.077,1.02947,1.02986,1.35,1.50
2011.08.15 13:17:51.862,1.02947,1.02987,1.35,1.50
2011.08.15 13:17:51.973,1.02945,1.02987,2.10,3.00
2011.08.15 13:17:52.544,1.02942,1.02983,1.35,1.13
2011.08.15 13:17:54.625,1.0294,1.02983,2.25,3.30
2011.08.15 13:17:54.743,1.0294,1.02983,2.25,3.30
2011.08.15 13:17:55.081,1.02948,1.02983,2.10,3.30
2011.08.15 13:17:55.192,1.02948,1.02986,2.10,3.00
2011.08.15 13:17:56.685,1.02948,1.02987,2.10,2.63
2011.08.15 13:17:58.131,1.02948,1.02987,2.85,1.88
2011.08.15 13:17:58.684,1.02948,1.02987,2.10,1.88
2011.08.15 13:17:58.804,1.02957,1.02987,2.10,1.50
2011.08.15 13:17:59.032,1.02957,1.02991,2.10,3.00
2011.08.15 13:17:59.363,1.02957,1.02992,2.10,4.13
2011.08.15 13:17:59.701,1.02949,1.02991,1.50,1.50
2011.08.15 13:17:59.815,1.02949,1.02986,1.50,1.50
2011.08.15 13:18:00.155,1.02942,1.02982,1.35,2.55
2011.08.15 13:18:04.044,1.02939,1.02982,4.90,3.30
2011.08.15 13:18:04.566,1.02939,1.02982,4.90,3.30
2011.08.15 13:18:08.364,1.02937,1.02962,1.13,2.25
2011.08.15 13:18:08.485,1.02928,1.02959,2.18,2.25
2011.08.15 13:18:08.603,1.02924,1.02963,1.50,1.35
2011.08.15 13:18:08.825,1.02916,1.02958,2.25,2.25
2011.08.15 13:18:08.947,1.02908,1.02955,1.50,1.35
2011.08.15 13:18:09.062,1.02904,1.02952,2.25,2.25
2011.08.15 13:18:09.631,1.02904,1.02952,2.25,2.25
2011.08.15 13:18:10.694,1.02904,1.02951,2.25,2.25
2011.08.15 13:18:12.664,1.02903,1.0295,3.75,1.50
2011.08.15 13:18:12.992,1.02903,1.02952,4.50,1.50
2011.08.15 13:18:13.324,1.02912,1.02954,2.10,1.13
2011.08.15 13:18:13.883,1.02912,1.02958,2.10,1.13
2011.08.15 13:18:14.464,1.02912,1.02954,2.10,1.13
2011.08.15 13:18:14.859,1.02911,1.02953,1.35,2.55
2011.08.15 13:18:14.976,1.02907,1.02943,1.35,2.18
2011.08.15 13:18:15.428,1.02899,1.02943,3.55,2.55
2011.08.15 13:18:15.547,1.02899,1.0294,1.30,1.13
2011.08.15 13:18:15.667,1.02898,1.02942,1.30,2.63
2011.08.15 13:18:16.007,1.02899,1.02942,3.18,3.00
2011.08.15 13:18:16.342,1.02904,1.02942,1.50,2.18
2011.08.15 13:18:16.562,1.02904,1.02951,1.50,1.88
2011.08.15 13:18:17.005,1.02907,1.02951,2.48,2.25
2011.08.15 13:18:17.430,1.02906,1.02951,2.25,3.00
2011.08.15 13:18:17.654,1.02904,1.02951,4.30,1.88
2011.08.15 13:18:18.383,1.02906,1.02949,1.35,1.13
2011.08.15 13:18:18.725,1.02906,1.02942,1.35,2.18
2011.08.15 13:18:18.846,1.02906,1.02949,1.35,1.88
2011.08.15 13:18:19.112,1.02904,1.02949,2.25,1.88
2011.08.15 13:18:19.222,1.02903,1.02943,1.50,1.13
2011.08.15 13:18:19.754,1.02904,1.02943,1.50,1.13
2011.08.15 13:18:20.671,1.02904,1.02943,1.50,1.50
2011.08.15 13:18:20.892,1.02896,1.02932,1.13,2.18
2011.08.15 13:18:21.115,1.02896,1.02942,1.13,2.25
2011.08.15 13:18:21.234,1.02899,1.02941,1.50,1.13
2011.08.15 13:18:21.684,1.02899,1.02942,1.50,2.93
2011.08.15 13:18:21.915,1.02898,1.02943,3.75,1.13
2011.08.15 13:18:22.141,1.02901,1.02943,2.25,1.13
2011.08.15 13:18:23.163,1.02901,1.02943,2.25,1.13
2011.08.15 13:18:23.693,1.029,1.02943,2.25,1.13
2011.08.15 13:18:24.385,1.02902,1.02943,2.25,1.13
2011.08.15 13:18:25.843,1.02902,1.02944,2.25,1.13
2011.08.15 13:18:25.956,1.02904,1.02944,4.35,1.13
2011.08.15 13:18:26.514,1.02904,1.02947,3.60,1.13
2011.08.15 13:18:27.365,1.02906,1.02949,2.25,1.13
2011.08.15 13:18:27.481,1.02906,1.02951,2.63,3.00
2011.08.15 13:18:27.703,1.02905,1.02941,2.85,1.13
2011.08.15 13:18:28.253,1.02899,1.0294,2.10,1.13
2011.08.15 13:18:29.692,1.02898,1.02943,4.35,3.68
2011.08.15 13:18:29.803,1.02905,1.02943,1.35,1.50
2011.08.15 13:18:29.913,1.02905,1.02948,1.35,1.13
2011.08.15 13:18:30.133,1.02907,1.02953,2.48,3.30
2011.08.15 13:18:30.793,1.02906,1.02949,2.10,1.13
2011.08.15 13:18:31.335,1.02904,1.02949,5.05,1.50
2011.08.15 13:18:31.925,1.02907,1.02952,1.50,2.18
2011.08.15 13:18:32.045,1.0291,1.02956,1.13,1.71
2011.08.15 13:18:32.165,1.02912,1.02959,1.13,2.63
2011.08.15 13:18:34.263,1.02915,1.02961,1.13,2.25
2011.08.15 13:18:34.372,1.02917,1.02962,1.13,2.18
2011.08.15 13:18:34.486,1.02921,1.02967,1.50,2.25
2011.08.15 13:18:34.820,1.02922,1.02969,1.13,1.13
2011.08.15 13:18:34.938,1.02922,1.02968,2.25,1.50
2011.08.15 13:18:35.601,1.02922,1.02963,1.50,1.50
2011.08.15 13:18:36.042,1.02914,1.02961,4.15,1.88
2011.08.15 13:18:36.151,1.02917,1.02961,1.50,1.88
2011.08.15 13:18:36.371,1.02915,1.02961,2.25,2.63
2011.08.15 13:18:36.704,1.02913,1.02961,6.93,1.13
2011.08.15 13:18:37.694,1.02914,1.02958,2.25,1.13
2011.08.15 13:18:38.905,1.02915,1.02959,1.30,1.13
2011.08.15 13:18:39.036,1.02914,1.02959,6.93,1.50
2011.08.15 13:18:39.157,1.02917,1.02961,1.13,1.50
2011.08.15 13:18:39.277,1.02919,1.02961,1.13,1.50
2011.08.15 13:18:39.615,1.0293,1.02963,1.50,1.13
2011.08.15 13:18:39.734,1.02923,1.02963,3.00,1.13
2011.08.15 13:18:39.852,1.02918,1.02963,4.73,1.13
2011.08.15 13:18:39.962,1.02919,1.02966,2.63,2.25
2011.08.15 13:18:40.295,1.02929,1.02971,2.10,2.25
2011.08.15 13:18:41.087,1.02932,1.02972,2.10,2.25
2011.08.15 13:18:41.732,1.02932,1.02972,2.10,2.25
2011.08.15 13:18:42.705,1.02932,1.02971,2.48,1.50
2011.08.15 13:18:42.933,1.02932,1.02972,2.10,2.25
2011.08.15 13:18:43.154,1.02932,1.02971,2.10,1.50
2011.08.15 13:18:43.273,1.02932,1.02971,2.10,2.25
2011.08.15 13:18:46.702,1.02932,1.02971,3.23,2.25
2011.08.15 13:18:54.612,1.02932,1.02972,2.85,1.50
2011.08.15 13:18:54.832,1.02933,1.02972,1.50,1.50
2011.08.15 13:18:55.484,1.02933,1.02971,1.50,1.50
2011.08.15 13:18:56.494,1.02931,1.02971,2.25,1.50
2011.08.15 13:18:57.651,1.02931,1.02971,2.25,2.25
2011.08.15 13:18:58.691,1.02931,1.02972,1.50,4.43
2011.08.15 13:18:59.789,1.02927,1.02971,3.23,2.25
2011.08.15 13:19:00.723,1.02927,1.02971,3.23,2.25
2011.08.15 13:19:11.090,1.02931,1.02974,1.50,1.13
2011.08.15 13:19:11.426,1.02938,1.02973,1.50,1.13
2011.08.15 13:19:11.654,1.02933,1.02979,2.25,1.50
2011.08.15 13:19:11.774,1.02937,1.02982,1.13,4.43
2011.08.15 13:19:11.893,1.02937,1.02984,1.13,1.13
2011.08.15 13:19:12.003,1.02943,1.02984,2.10,1.13
2011.08.15 13:19:12.224,1.02939,1.02986,1.13,2.25
2011.08.15 13:19:12.632,1.02942,1.02986,1.13,1.50
2011.08.15 13:19:12.961,1.02942,1.02986,1.13,2.25
2011.08.15 13:19:13.374,1.02939,1.02984,1.88,1.13
2011.08.15 13:19:13.976,1.02941,1.02987,1.13,2.25
2011.08.15 13:19:14.312,1.02952,1.02986,1.50,2.25
2011.08.15 13:19:14.644,1.02942,1.02985,2.10,1.13
2011.08.15 13:19:15.644,1.02942,1.02984,2.85,1.13
2011.08.15 13:19:15.762,1.02942,1.02984,2.10,1.13
2011.08.15 13:19:16.092,1.02935,1.02984,2.28,1.13
2011.08.15 13:19:16.423,1.02936,1.02986,2.10,3.00
2011.08.15 13:19:17.493,1.02936,1.02979,1.35,1.13
2011.08.15 13:19:17.722,1.02934,1.02979,2.10,1.13
2011.08.15 13:19:18.054,1.02931,1.02972,1.35,2.18
2011.08.15 13:19:18.541,1.0293,1.02972,1.50,2.18
2011.08.15 13:19:21.741,1.02931,1.02972,3.38,2.18
2011.08.15 13:19:21.964,1.02933,1.02972,2.63,2.18
2011.08.15 13:19:22.085,1.02933,1.02977,2.25,2.25
2011.08.15 13:19:22.205,1.02931,1.02977,1.88,2.25
2011.08.15 13:19:22.792,1.02932,1.02976,2.25,2.25
2011.08.15 13:19:23.672,1.02932,1.02976,3.00,2.25
2011.08.15 13:19:24.484,1.02931,1.02976,1.13,2.25
2011.08.15 13:19:26.693,1.0293,1.02974,2.25,1.13
2011.08.15 13:19:34.393,1.02931,1.02979,1.50,1.13
2011.08.15 13:19:34.511,1.02937,1.02979,1.50,1.13
2011.08.15 13:19:34.731,1.02934,1.02981,1.13,3.00
2011.08.15 13:19:35.061,1.02939,1.02981,1.50,2.25
2011.08.15 13:19:35.392,1.02948,1.02992,2.85,2.25
2011.08.15 13:19:35.833,1.02955,1.02998,1.35,1.13
2011.08.15 13:19:36.661,1.02955,1.02993,1.35,1.13
2011.08.15 13:19:36.883,1.02949,1.02994,2.25,1.13
2011.08.15 13:19:36.992,1.02949,1.02994,2.25,1.50
2011.08.15 13:19:37.103,1.02949,1.02992,1.50,2.55
2011.08.15 13:19:37.872,1.02948,1.02991,2.85,1.13
2011.08.15 13:19:38.094,1.02948,1.02992,2.63,2.93
2011.08.15 13:19:38.213,1.0295,1.02995,1.13,1.13
2011.08.15 13:19:39.025,1.02948,1.0299,2.10,1.13
2011.08.15 13:19:39.532,1.02949,1.0299,1.50,1.13
2011.08.15 13:19:40.063,1.02949,1.02989,1.50,1.13
2011.08.15 13:19:40.702,1.02961,1.02993,1.50,5.93
2011.08.15 13:19:40.816,1.02961,1.02993,1.50,2.18
2011.08.15 13:19:40.934,1.02954,1.02994,3.00,1.13
2011.08.15 13:19:41.053,1.02954,1.02994,1.50,1.13
2011.08.15 13:19:41.272,1.02946,1.02992,3.75,2.55
2011.08.15 13:19:41.602,1.02951,1.02992,1.35,2.55
2011.08.15 13:19:41.901,1.02946,1.02988,1.50,1.13
2011.08.15 13:19:42.544,1.02947,1.02993,1.13,1.13
2011.08.15 13:19:43.106,1.02947,1.02989,1.35,1.13
2011.08.15 13:19:44.952,1.02944,1.02988,2.10,1.13
2011.08.15 13:19:45.065,1.02944,1.02987,1.50,2.63
2011.08.15 13:19:45.636,1.02943,1.02987,1.50,2.63
2011.08.15 13:19:46.394,1.02943,1.02985,1.50,1.13
2011.08.15 13:19:47.834,1.02943,1.02983,1.50,1.13
2011.08.15 13:19:48.173,1.02944,1.02983,2.10,1.13
2011.08.15 13:19:48.393,1.02949,1.02994,1.50,3.38
2011.08.15 13:19:48.824,1.02949,1.02994,3.00,3.38
2011.08.15 13:19:49.712,1.02949,1.02993,1.88,3.00
2011.08.15 13:19:51.172,1.0295,1.02994,2.10,1.13
2011.08.15 13:19:51.913,1.0295,1.02991,2.10,2.25
2011.08.15 13:19:52.241,1.02946,1.02991,1.73,2.25
2011.08.15 13:19:52.702,1.02947,1.02992,1.35,2.25
2011.08.15 13:19:53.171,1.02963,1.02997,2.10,2.25
2011.08.15 13:19:53.535,1.02963,1.03001,2.10,2.25
2011.08.15 13:19:54.203,1.02963,1.03001,2.10,1.13
2011.08.15 13:19:54.534,1.02963,1.03001,2.10,1.13
2011.08.15 13:19:55.026,1.02958,1.02994,2.10,1.13
2011.08.15 13:19:55.254,1.02958,1.02995,2.10,2.25
2011.08.15 13:19:55.812,1.02958,1.02996,2.10,1.50
2011.08.15 13:19:56.642,1.02958,1.02997,2.10,1.50
2011.08.15 13:19:56.753,1.02958,1.02997,2.10,2.25
2011.08.15 13:19:57.612,1.02951,1.02997,1.73,2.25
2011.08.15 13:19:58.602,1.02949,1.02996,5.48,2.25
2011.08.15 13:19:58.834,1.02951,1.02996,1.73,1.50
2011.08.15 13:19:59.524,1.02953,1.02997,1.73,1.50
2011.08.15 13:19:59.863,1.02953,1.02998,2.25,1.13
2011.08.15 13:19:59.972,1.02953,1.02998,2.25,1.13
2011.08.15 13:20:00.943,1.02953,1.02998,2.10,1.13
2011.08.15 13:20:01.058,1.02945,1.02995,1.13,1.13
2011.08.15 13:20:02.782,1.02946,1.02994,3.23,1.13
2011.08.15 13:20:02.891,1.02947,1.02995,1.35,3.00
2011.08.15 13:20:03.112,1.02949,1.02998,2.48,1.13
2011.08.15 13:20:05.874,1.02952,1.02997,1.73,1.13
2011.08.15 13:20:06.252,1.02952,1.02997,1.73,1.13
2011.08.15 13:20:07.403,1.02952,1.02997,1.73,1.13
2011.08.15 13:20:08.712,1.02948,1.02994,1.50,1.88
2011.08.15 13:20:09.405,1.02949,1.02994,1.50,1.88
2011.08.15 13:20:09.784,1.02949,1.02993,1.50,1.13
2011.08.15 13:20:11.878,1.02949,1.02993,2.25,1.13
2011.08.15 13:20:12.632,1.02949,1.02993,2.25,1.13
2011.08.15 13:20:14.584,1.02951,1.02993,1.35,1.13
2011.08.15 13:20:15.145,1.02949,1.02989,2.10,1.13
2011.08.15 13:20:15.653,1.02949,1.02989,1.50,1.88
2011.08.15 13:20:15.982,1.02949,1.0299,2.25,1.13
2011.08.15 13:20:16.313,1.02949,1.02988,2.10,1.13
2011.08.15 13:20:20.374,1.02951,1.0299,1.35,1.50
2011.08.15 13:20:20.495,1.02948,1.02992,1.50,2.93
2011.08.15 13:20:20.617,1.02951,1.02993,3.00,1.13
2011.08.15 13:20:20.952,1.02952,1.02997,1.13,1.13
2011.08.15 13:20:21.462,1.02955,1.02997,2.10,1.13
2011.08.15 13:20:21.714,1.02955,1.02997,2.10,1.13
2011.08.15 13:20:21.832,1.02952,1.02997,1.13,1.13
2011.08.15 13:20:22.471,1.02954,1.02997,2.25,1.13
2011.08.15 13:20:22.703,1.02954,1.02997,1.50,1.13
2011.08.15 13:20:23.484,1.02954,1.02997,1.50,1.88
2011.08.15 13:20:26.163,1.02954,1.02997,1.50,1.88
2011.08.15 13:20:26.722,1.02954,1.02997,2.25,3.38
2011.08.15 13:20:31.284,1.02954,1.02997,2.25,3.38
2011.08.15 13:20:33.861,1.02954,1.02996,1.50,2.25
2011.08.15 13:20:35.352,1.02954,1.02996,2.25,2.25
2011.08.15 13:20:44.254,1.02953,1.02997,2.10,1.13
2011.08.15 13:20:45.255,1.02949,1.02993,1.30,1.73
2011.08.15 13:20:45.583,1.02946,1.02986,1.13,2.25
2011.08.15 13:20:45.709,1.02944,1.02991,1.50,3.38
2011.08.15 13:20:45.934,1.02944,1.02991,2.10,2.63
2011.08.15 13:20:46.692,1.02944,1.02989,2.10,1.13
2011.08.15 13:20:47.467,1.02946,1.02991,1.35,1.88
2011.08.15 13:20:47.585,1.02948,1.02992,2.10,2.18
2011.08.15 13:20:47.960,1.02943,1.02989,4.35,1.13
2011.08.15 13:20:48.732,1.02943,1.02989,3.60,1.88
2011.08.15 13:20:49.666,1.02943,1.02989,3.60,1.88
2011.08.15 13:20:52.673,1.02946,1.02989,1.35,1.88
2011.08.15 13:20:55.253,1.02942,1.02989,1.13,1.88
2011.08.15 13:20:56.225,1.02946,1.02989,1.35,1.13
2011.08.15 13:20:57.402,1.02942,1.02989,1.13,1.13
2011.08.15 13:21:00.372,1.02941,1.02989,2.63,1.88
2011.08.15 13:21:01.616,1.02941,1.02987,2.63,2.25
2011.08.15 13:21:01.844,1.02945,1.02992,1.13,2.25
2011.08.15 13:21:03.185,1.02943,1.02989,2.25,1.88
2011.08.15 13:21:04.224,1.02943,1.02984,1.50,1.13
2011.08.15 13:21:04.346,1.02939,1.02984,4.50,1.13
2011.08.15 13:21:04.464,1.02941,1.02986,1.13,1.50
2011.08.15 13:21:04.803,1.02941,1.02986,2.48,1.50
2011.08.15 13:21:05.452,1.02942,1.02987,1.35,1.50
2011.08.15 13:21:05.672,1.02943,1.02992,3.23,2.25
2011.08.15 13:21:06.201,1.02943,1.02992,3.23,1.50
2011.08.15 13:21:06.755,1.02944,1.02991,3.23,2.25
2011.08.15 13:21:07.207,1.02949,1.02991,1.35,1.50
2011.08.15 13:21:07.544,1.02949,1.02992,1.73,1.50
2011.08.15 13:21:08.612,1.02949,1.02991,2.48,1.50
2011.08.15 13:21:09.293,1.02949,1.02991,2.48,2.25
2011.08.15 13:21:11.475,1.02952,1.02992,1.13,1.50
2011.08.15 13:21:12.700,1.02952,1.02992,1.13,2.25
2011.08.15 13:21:13.743,1.02949,1.02988,1.35,1.50
2011.08.15 13:21:13.965,1.02946,1.02988,1.35,1.13
2011.08.15 13:21:14.083,1.02946,1.02986,1.35,2.25
2011.08.15 13:21:14.657,1.02946,1.02986,1.35,1.50
2011.08.15 13:21:19.263,1.02939,1.02984,1.50,1.13
2011.08.15 13:21:19.654,1.02943,1.02987,1.88,3.00
2011.08.15 13:21:20.629,1.02943,1.02987,1.88,2.25
2011.08.15 13:21:22.742,1.02943,1.02987,1.88,2.25
2011.08.15 13:21:24.704,1.02943,1.02988,2.63,1.13
2011.08.15 13:21:28.954,1.02943,1.02988,4.88,1.13
2011.08.15 13:21:29.182,1.02943,1.02989,1.88,1.50
2011.08.15 13:21:29.292,1.02944,1.02992,1.13,2.25
2011.08.15 13:21:30.156,1.02943,1.02991,2.25,1.13
2011.08.15 13:21:30.492,1.02942,1.02991,1.50,3.00
2011.08.15 13:21:30.716,1.02942,1.02991,1.50,2.63
2011.08.15 13:21:31.271,1.02941,1.02988,1.13,1.13
2011.08.15 13:21:32.083,1.02942,1.02992,2.10,2.25
2011.08.15 13:21:34.604,1.02943,1.02992,1.13,2.25
2011.08.15 13:21:35.341,1.0295,1.02997,1.73,4.50
2011.08.15 13:21:35.686,1.02949,1.02992,1.50,1.13
2011.08.15 13:21:38.041,1.02949,1.02992,2.10,1.13
2011.08.15 13:21:39.004,1.02949,1.02996,2.48,3.00
2011.08.15 13:21:39.122,1.02952,1.02996,1.13,2.25
2011.08.15 13:21:40.714,1.02951,1.02997,1.88,2.25
2011.08.15 13:21:43.613,1.02951,1.02997,1.88,2.25
2011.08.15 13:21:44.798,1.02953,1.02997,1.13,2.25
2011.08.15 13:21:45.379,1.02952,1.02997,1.13,2.25
2011.08.15 13:21:45.884,1.0295,1.02994,1.35,1.13
2011.08.15 13:21:46.508,1.02949,1.02991,2.10,1.13
2011.08.15 13:21:46.736,1.02944,1.02987,1.50,1.13
2011.08.15 13:21:46.964,1.02943,1.02986,1.50,1.13
2011.08.15 13:21:48.305,1.02937,1.02982,1.13,1.88
2011.08.15 13:21:49.703,1.02953,1.02982,1.50,1.88
2011.08.15 13:21:50.034,1.02953,1.02986,1.50,1.50
2011.08.15 13:21:51.712,1.02953,1.02986,1.77,3.00
2011.08.15 13:21:52.674,1.02953,1.02986,1.77,2.25
2011.08.15 13:21:57.363,1.02943,1.02987,1.35,2.25
2011.08.15 13:21:57.865,1.02947,1.02986,1.13,1.50
2011.08.15 13:21:58.526,1.02947,1.02987,1.13,1.50
2011.08.15 13:21:59.089,1.02948,1.02987,1.35,1.50
2011.08.15 13:22:00.320,1.02948,1.02987,1.35,1.50
2011.08.15 13:22:00.762,1.02951,1.02987,1.35,2.25
2011.08.15 13:22:01.273,1.02951,1.02986,1.35,1.50
2011.08.15 13:22:03.610,1.02951,1.02986,1.35,1.50
2011.08.15 13:22:04.844,1.02951,1.02986,1.35,1.50
2011.08.15 13:22:05.391,1.02951,1.02987,1.35,1.50
2011.08.15 13:22:06.212,1.02951,1.02986,1.35,1.50
2011.08.15 13:22:06.923,1.02951,1.02987,1.35,1.50
2011.08.15 13:22:07.663,1.02951,1.02982,1.35,1.50
2011.08.15 13:22:08.178,1.02951,1.02981,1.35,1.50
2011.08.15 13:22:10.562,1.02951,1.02982,1.35,1.50
2011.08.15 13:22:13.263,1.02951,1.02981,1.35,1.50
2011.08.15 13:22:13.842,1.02951,1.02976,1.35,2.33
2011.08.15 13:22:14.943,1.02951,1.02976,1.35,2.33
2011.08.15 13:22:29.133,1.02947,1.02976,1.35,4.58
2011.08.15 13:22:32.312,1.02949,1.02976,1.35,3.08
2011.08.15 13:22:33.903,1.02947,1.02976,1.35,3.08
2011.08.15 13:22:34.069,1.02949,1.02976,1.35,3.08
2011.08.15 13:22:36.763,1.02946,1.02976,1.35,3.08
2011.08.15 13:22:36.994,1.02949,1.02976,1.35,2.33
2011.08.15 13:22:41.329,1.02946,1.02976,1.35,3.08
2011.08.15 13:22:56.334,1.02939,1.02971,2.25,2.25
2011.08.15 13:22:56.459,1.02947,1.02971,1.35,2.25
2011.08.15 13:22:57.014,1.02948,1.02974,2.10,1.50
2011.08.15 13:22:57.337,1.02949,1.02974,2.10,1.50
2011.08.15 13:22:57.893,1.02946,1.02973,1.35,1.50
2011.08.15 13:23:00.743,1.02948,1.02974,1.35,1.50
2011.08.15 13:23:01.683,1.02947,1.02974,1.35,1.50
2011.08.15 13:23:06.632,1.02944,1.02973,2.25,1.50
2011.08.15 13:23:08.506,1.02944,1.02973,2.25,1.50
2011.08.15 13:23:08.859,1.02944,1.02973,2.25,1.50
2011.08.15 13:23:13.357,1.02944,1.02975,2.25,1.50
2011.08.15 13:23:14.664,1.02952,1.02976,1.13,1.50
2011.08.15 13:23:15.319,1.02949,1.02976,1.13,1.50
2011.08.15 13:23:15.542,1.02947,1.02976,3.68,2.25
2011.08.15 13:23:15.652,1.02946,1.02975,1.13,1.50
2011.08.15 13:23:15.762,1.02946,1.02975,1.13,1.50
2011.08.15 13:23:17.904,1.0295,1.02975,1.35,1.50
2011.08.15 13:23:18.134,1.02951,1.02977,3.00,2.83
2011.08.15 13:23:18.256,1.02959,1.02976,2.10,1.50
2011.08.15 13:23:18.485,1.0296,1.02976,2.85,1.91
2011.08.15 13:23:18.717,1.0295,1.02976,4.15,1.16
2011.08.15 13:23:18.837,1.02946,1.02981,1.35,1.50
2011.08.15 13:23:19.395,1.02941,1.02982,1.13,1.50
2011.08.15 13:23:19.613,1.02941,1.02988,1.13,1.13
2011.08.15 13:23:19.736,1.02951,1.02987,1.50,1.50
2011.08.15 13:23:20.311,1.02951,1.02986,1.50,1.50
2011.08.15 13:23:20.425,1.02948,1.02986,2.48,1.50
2011.08.15 13:23:22.753,1.02948,1.02986,3.23,1.50
2011.08.15 13:23:23.265,1.02951,1.02987,1.35,1.50
2011.08.15 13:23:23.824,1.02949,1.02986,2.10,1.50
2011.08.15 13:23:24.722,1.02949,1.02986,2.10,2.25
2011.08.15 13:23:27.103,1.02949,1.02982,2.10,1.50
2011.08.15 13:23:30.292,1.02946,1.02982,1.35,1.50
2011.08.15 13:23:31.633,1.02946,1.02986,3.23,1.50
2011.08.15 13:23:32.454,1.02948,1.02987,2.25,1.50
2011.08.15 13:23:35.682,1.02948,1.02987,3.00,1.50
2011.08.15 13:23:35.792,1.02953,1.02991,4.35,1.50
2011.08.15 13:23:36.345,1.02955,1.02992,3.98,1.50
2011.08.15 13:23:37.524,1.02956,1.02991,4.73,1.50
2011.08.15 13:23:38.797,1.02958,1.02991,1.73,1.50
2011.08.15 13:23:40.658,1.02956,1.02991,4.73,1.50
2011.08.15 13:23:41.703,1.02958,1.02991,1.73,1.50
2011.08.15 13:23:42.352,1.02958,1.02992,1.35,1.50
2011.08.15 13:23:45.069,1.02963,1.02992,1.50,1.50
2011.08.15 13:23:45.660,1.02963,1.02997,1.50,1.50
2011.08.15 13:23:46.910,1.02963,1.03001,1.88,1.50
2011.08.15 13:23:48.734,1.02963,1.03001,2.63,1.50
2011.08.15 13:23:50.444,1.02972,1.03002,2.10,1.50
2011.08.15 13:23:51.333,1.02972,1.03001,2.10,1.50
2011.08.15 13:23:57.202,1.02971,1.03001,1.35,1.50
2011.08.15 13:23:57.832,1.02971,1.03002,1.35,1.50
2011.08.15 13:23:58.643,1.02966,1.03001,1.35,1.50
2011.08.15 13:23:58.972,1.02966,1.02996,1.35,1.50
2011.08.15 13:24:06.565,1.02967,1.03001,1.35,1.50
2011.08.15 13:24:06.842,1.02967,1.03005,1.35,1.73
2011.08.15 13:24:06.953,1.02967,1.03005,2.85,1.13
2011.08.15 13:24:07.172,1.02966,1.03004,1.35,1.35
2011.08.15 13:24:07.283,1.02966,1.02997,1.35,1.50
2011.08.15 13:24:08.644,1.02966,1.02997,1.35,1.50
2011.08.15 13:24:08.766,1.02966,1.03001,1.35,1.50
2011.08.15 13:24:09.343,1.02966,1.03002,1.35,1.50
2011.08.15 13:24:09.736,1.02966,1.03002,1.35,1.50
2011.08.15 13:24:11.396,1.02966,1.03001,1.35,1.50
2011.08.15 13:24:11.984,1.02969,1.03002,1.13,1.50
2011.08.15 13:24:13.174,1.02966,1.03002,1.50,1.50
2011.08.15 13:24:13.406,1.02969,1.03002,1.35,1.50
2011.08.15 13:24:13.853,1.02973,1.03007,1.35,1.50
2011.08.15 13:24:14.402,1.0297,1.03006,2.85,1.50
2011.08.15 13:24:14.953,1.02967,1.03007,6.23,1.50
2011.08.15 13:24:16.343,1.02971,1.03006,1.35,1.50
2011.08.15 13:24:16.713,1.02966,1.03007,3.60,1.50
2011.08.15 13:24:17.222,1.02966,1.03006,1.35,1.50
2011.08.15 13:24:18.754,1.02966,1.03006,1.35,1.50
2011.08.15 13:24:19.687,1.02966,1.03007,1.35,2.25
2011.08.15 13:24:20.678,1.02966,1.03007,1.35,1.50
2011.08.15 13:24:22.943,1.02967,1.03007,3.00,1.50
2011.08.15 13:24:23.055,1.02971,1.03007,1.35,1.50
2011.08.15 13:24:23.625,1.02971,1.03006,1.73,1.50
2011.08.15 13:24:24.102,1.02974,1.03006,1.35,1.50
2011.08.15 13:24:26.263,1.02974,1.03007,1.35,1.50
2011.08.15 13:24:29.947,1.02974,1.03006,1.35,1.50
2011.08.15 13:24:30.286,1.02974,1.03007,1.35,1.50
2011.08.15 13:24:30.623,1.02971,1.03007,1.35,1.50
2011.08.15 13:24:33.508,1.02972,1.03006,1.35,1.50
2011.08.15 13:24:34.692,1.02974,1.03006,1.35,1.50
2011.08.15 13:24:39.993,1.02974,1.03007,1.73,1.50
2011.08.15 13:24:41.697,1.02974,1.03007,1.73,1.50
2011.08.15 13:24:43.132,1.02974,1.03011,1.73,1.50
2011.08.15 13:24:44.143,1.02974,1.03011,1.73,1.50
2011.08.15 13:24:44.254,1.02974,1.03006,1.35,1.50
2011.08.15 13:24:44.962,1.02974,1.03007,1.35,1.50
2011.08.15 13:24:45.664,1.02971,1.03007,1.35,1.50
2011.08.15 13:24:46.114,1.02974,1.03007,1.35,1.50
2011.08.15 13:24:46.344,1.02974,1.03012,1.73,1.50
2011.08.15 13:24:46.742,1.02969,1.03011,1.73,2.10
2011.08.15 13:24:47.644,1.02969,1.03009,1.73,1.35
2011.08.15 13:24:48.644,1.02969,1.03012,1.73,2.10
2011.08.15 13:24:48.753,1.02969,1.03012,1.13,1.50
2011.08.15 13:24:49.262,1.02969,1.03011,1.13,1.50
2011.08.15 13:24:53.424,1.02969,1.03007,1.88,1.50
2011.08.15 13:24:53.655,1.02971,1.03007,1.50,1.50
2011.08.15 13:24:53.884,1.02974,1.03012,1.13,1.50
2011.08.15 13:24:54.003,1.02973,1.03012,1.50,1.50
2011.08.15 13:24:54.113,1.02973,1.03017,4.50,1.50
2011.08.15 13:24:54.224,1.02973,1.03017,4.13,1.50
2011.08.15 13:24:54.453,1.02974,1.03016,3.23,1.50
2011.08.15 13:24:54.969,1.02982,1.03017,3.00,1.50
2011.08.15 13:24:55.090,1.02983,1.03021,2.63,1.50
2011.08.15 13:24:55.208,1.0298,1.03021,3.00,1.50
2011.08.15 13:24:55.436,1.0298,1.03021,2.63,1.50
2011.08.15 13:24:55.775,1.02984,1.03021,2.10,1.50
2011.08.15 13:24:58.573,1.0299,1.03026,2.10,1.50
2011.08.15 13:24:59.162,1.0299,1.03027,2.10,1.50
2011.08.15 13:24:59.744,1.02991,1.03026,1.35,1.50
2011.08.15 13:25:01.483,1.02994,1.03026,1.35,1.50
2011.08.15 13:25:04.053,1.02992,1.03026,1.35,1.50
2011.08.15 13:25:04.712,1.02987,1.03026,3.00,1.50
2011.08.15 13:25:05.295,1.02988,1.03026,1.73,1.50
2011.08.15 13:25:05.976,1.02989,1.03027,2.25,1.50
2011.08.15 13:25:07.925,1.02989,1.03027,3.00,1.50
2011.08.15 13:25:08.673,1.02989,1.03027,3.00,1.50
2011.08.15 13:25:10.646,1.02989,1.03027,3.00,1.50
2011.08.15 13:25:13.223,1.02991,1.03026,3.00,1.50
2011.08.15 13:25:13.834,1.02996,1.03027,1.35,1.50
2011.08.15 13:25:14.645,1.02996,1.03032,1.35,1.50
2011.08.15 13:25:15.171,1.02996,1.03031,1.35,1.50
2011.08.15 13:25:20.483,1.02991,1.03031,1.73,2.25
2011.08.15 13:25:20.592,1.02996,1.03031,1.35,1.50
2011.08.15 13:25:21.151,1.02996,1.03032,1.35,1.50
2011.08.15 13:25:25.244,1.02996,1.03031,1.35,1.50
2011.08.15 13:25:25.873,1.02996,1.03032,1.35,1.50
2011.08.15 13:25:26.713,1.02996,1.03031,1.35,1.50
2011.08.15 13:25:27.243,1.02989,1.03032,5.63,1.50
2011.08.15 13:25:34.066,1.02989,1.03031,4.13,1.50
2011.08.15 13:25:34.733,1.02992,1.03032,3.00,1.50
2011.08.15 13:25:35.007,1.02991,1.03032,1.50,1.50
2011.08.15 13:25:35.128,1.02989,1.03032,3.00,1.50
2011.08.15 13:25:35.939,1.02989,1.03031,3.00,1.50
2011.08.15 13:25:40.992,1.02991,1.03032,3.00,1.50
2011.08.15 13:25:41.654,1.02992,1.03031,3.00,1.50
2011.08.15 13:25:42.424,1.02996,1.03031,1.35,1.50
2011.08.15 13:25:43.184,1.02996,1.0304,1.35,1.73
2011.08.15 13:25:44.617,1.02997,1.0304,2.10,1.73
2011.08.15 13:25:45.682,1.02998,1.0304,1.35,1.73
2011.08.15 13:25:46.232,1.03,1.0304,1.13,1.35
2011.08.15 13:25:49.192,1.03,1.03041,1.13,2.10
2011.08.15 13:25:49.523,1.03004,1.03041,1.13,1.50
2011.08.15 13:25:49.856,1.03013,1.0306,1.13,3.00
2011.08.15 13:25:50.415,1.03011,1.03055,1.13,1.35
2011.08.15 13:25:50.534,1.03003,1.03052,3.38,4.80
2011.08.15 13:25:51.233,1.03002,1.03052,1.88,4.80
2011.08.15 13:25:51.364,1.03002,1.03052,1.50,5.18
2011.08.15 13:25:51.704,1.02999,1.03048,2.10,2.48
2011.08.15 13:25:52.143,1.02999,1.03048,1.35,4.73
2011.08.15 13:25:52.473,1.02994,1.03042,1.88,1.88
2011.08.15 13:25:52.653,1.02994,1.03042,1.88,1.88
2011.08.15 13:25:54.106,1.03008,1.03043,2.10,5.55
2011.08.15 13:25:54.445,1.0302,1.03043,1.35,2.55
2011.08.15 13:25:54.896,1.03016,1.03064,3.60,2.10
2011.08.15 13:25:55.427,1.03017,1.03064,1.35,1.35
2011.08.15 13:25:55.764,1.03019,1.03066,2.85,2.85
2011.08.15 13:25:56.188,1.03019,1.03066,4.35,2.85
2011.08.15 13:25:56.307,1.03019,1.03066,4.35,2.10
2011.08.15 13:25:56.575,1.03021,1.03066,1.35,2.85
2011.08.15 13:25:58.683,1.03019,1.03059,2.25,1.35
2011.08.15 13:25:59.082,1.03018,1.03065,2.85,2.10
2011.08.15 13:25:59.307,1.03018,1.03062,1.35,2.10
2011.08.15 13:25:59.988,1.03026,1.03062,1.35,1.50
2011.08.15 13:26:00.103,1.03024,1.03067,2.85,1.50
2011.08.15 13:26:00.434,1.03026,1.03066,1.35,2.10
2011.08.15 13:26:00.778,1.03021,1.03067,2.85,3.60
2011.08.15 13:26:02.083,1.03019,1.03062,1.50,1.50
2011.08.15 13:26:02.644,1.03017,1.03062,1.13,1.50
2011.08.15 13:26:03.664,1.03017,1.03061,1.13,1.50
2011.08.15 13:26:05.042,1.03024,1.03062,1.35,1.50
2011.08.15 13:26:05.815,1.03022,1.03062,1.35,1.50
2011.08.15 13:26:05.935,1.03024,1.03062,1.35,1.50
2011.08.15 13:26:06.275,1.03023,1.03067,1.13,1.50
2011.08.15 13:26:06.506,1.0302,1.03065,3.00,1.73
2011.08.15 13:26:07.432,1.03025,1.03066,1.13,2.10
2011.08.15 13:26:07.728,1.03027,1.03066,1.73,1.50
2011.08.15 13:26:07.850,1.03023,1.03068,1.13,1.13
2011.08.15 13:26:08.295,1.03023,1.03066,1.13,1.50
2011.08.15 13:26:08.733,1.03021,1.03066,1.50,2.48
2011.08.15 13:26:09.063,1.03018,1.03056,1.35,1.50
2011.08.15 13:26:10.757,1.03014,1.03056,1.50,1.50
2011.08.15 13:26:11.349,1.03013,1.03057,3.75,1.50
2011.08.15 13:26:12.205,1.03017,1.03056,1.13,1.50
2011.08.15 13:26:12.729,1.03018,1.03056,1.13,1.50
2011.08.15 13:26:14.115,1.03028,1.03056,2.63,1.50
2011.08.15 13:26:14.170,1.03031,1.03077,1.13,2.25
2011.08.15 13:26:14.292,1.03031,1.03077,3.38,2.25
2011.08.15 13:26:15.452,1.03034,1.03076,2.25,2.25
2011.08.15 13:26:16.024,1.03031,1.03076,1.13,2.25
2011.08.15 13:26:16.516,1.03033,1.03077,3.00,1.50
2011.08.15 13:26:17.614,1.03033,1.03077,1.88,1.50
2011.08.15 13:26:17.735,1.03033,1.03076,1.13,2.25
2011.08.15 13:26:17.963,1.03036,1.03077,1.13,1.50
2011.08.15 13:26:18.514,1.03036,1.03077,1.73,1.50
2011.08.15 13:26:19.116,1.03036,1.03076,1.73,1.50
2011.08.15 13:26:19.755,1.03037,1.03076,1.73,2.25
2011.08.15 13:26:21.656,1.03038,1.03076,1.35,1.50
2011.08.15 13:26:22.493,1.03038,1.03077,1.73,1.50
2011.08.15 13:26:23.675,1.03036,1.03077,1.73,1.50
2011.08.15 13:26:24.656,1.03038,1.03077,1.73,1.50
2011.08.15 13:26:25.949,1.0303,1.03077,1.50,2.48
2011.08.15 13:26:26.307,1.03036,1.0308,1.73,1.50
2011.08.15 13:26:27.703,1.03036,1.03082,1.73,2.25
2011.08.15 13:26:28.495,1.03037,1.03078,1.35,1.13
2011.08.15 13:26:29.715,1.03037,1.03078,1.35,1.13
2011.08.15 13:26:31.047,1.03034,1.03078,1.30,1.73
2011.08.15 13:26:31.273,1.03032,1.03078,1.13,1.73
2011.08.15 13:26:32.698,1.03032,1.03079,1.13,1.13
2011.08.15 13:26:47.323,1.03036,1.03076,1.35,1.50
2011.08.15 13:26:48.925,1.03036,1.03077,1.35,1.88
2011.08.15 13:26:49.462,1.03036,1.03076,1.35,1.50
2011.08.15 13:26:49.803,1.03036,1.03077,1.73,1.50
2011.08.15 13:26:50.591,1.03036,1.03077,1.35,1.88
2011.08.15 13:26:50.922,1.03031,1.03071,1.73,1.50
2011.08.15 13:26:51.255,1.03037,1.03071,2.63,1.50
2011.08.15 13:26:51.595,1.0304,1.03081,1.73,1.50
2011.08.15 13:26:52.526,1.03041,1.03082,1.73,1.50
2011.08.15 13:26:53.687,1.03046,1.03082,1.35,1.50
2011.08.15 13:26:54.474,1.03046,1.03081,1.35,1.50
2011.08.15 13:26:55.340,1.03046,1.03081,1.35,1.50
2011.08.15 13:26:55.675,1.03052,1.03082,1.73,1.50
2011.08.15 13:26:55.790,1.03063,1.03097,1.50,3.21
2011.08.15 13:26:55.905,1.03063,1.03097,1.50,4.33
2011.08.15 13:26:56.027,1.03059,1.03096,1.50,2.25
2011.08.15 13:26:56.145,1.03059,1.03096,1.50,1.50
2011.08.15 13:26:56.265,1.03058,1.03097,1.50,3.58
2011.08.15 13:26:56.823,1.03059,1.03096,1.50,3.58
2011.08.15 13:26:57.592,1.03054,1.03096,1.50,2.63
2011.08.15 13:26:57.925,1.03046,1.03093,1.13,1.13
2011.08.15 13:26:58.106,1.03046,1.03093,1.13,1.13
2011.08.15 13:26:58.764,1.03052,1.03094,1.13,3.00
2011.08.15 13:26:59.377,1.03047,1.03093,1.13,1.13
2011.08.15 13:27:00.444,1.03051,1.03095,1.13,1.50
2011.08.15 13:27:00.553,1.03051,1.03096,1.13,7.71
2011.08.15 13:27:00.662,1.03049,1.03096,1.50,7.71
2011.08.15 13:27:01.457,1.03054,1.03097,1.88,1.50
2011.08.15 13:27:02.662,1.03056,1.03097,1.13,1.50
2011.08.15 13:27:05.493,1.03054,1.03096,1.50,2.46
2011.08.15 13:27:06.007,1.03051,1.03097,1.73,4.71
2011.08.15 13:27:06.622,1.0305,1.03096,1.73,4.50
2011.08.15 13:27:06.735,1.03049,1.03094,1.50,1.88
2011.08.15 13:27:07.182,1.03049,1.03094,1.88,1.50
2011.08.15 13:27:07.693,1.03049,1.03095,1.13,1.35
2011.08.15 13:27:08.655,1.03052,1.03095,1.13,1.35
2011.08.15 13:27:09.855,1.03049,1.03093,1.50,1.13
2011.08.15 13:27:10.193,1.03044,1.03092,1.50,1.13
2011.08.15 13:27:11.234,1.03043,1.03088,1.35,1.13
2011.08.15 13:27:12.016,1.03043,1.03088,1.35,1.13
2011.08.15 13:27:12.337,1.03041,1.03084,1.35,1.13
2011.08.15 13:27:13.674,1.03041,1.03086,1.73,3.60
2011.08.15 13:27:14.733,1.03039,1.03084,1.35,1.13
2011.08.15 13:27:14.845,1.03038,1.0308,2.10,2.25
2011.08.15 13:27:15.183,1.03028,1.03077,2.25,3.00
2011.08.15 13:27:16.823,1.03028,1.03075,1.50,2.63
2011.08.15 13:27:17.276,1.03031,1.03076,1.13,2.25
2011.08.15 13:27:17.614,1.03031,1.03077,1.13,1.35
2011.08.15 13:27:17.725,1.03032,1.0308,1.13,1.50
2011.08.15 13:27:19.103,1.03033,1.03082,1.50,6.00
2011.08.15 13:27:19.213,1.03036,1.03082,1.13,3.00
2011.08.15 13:27:19.781,1.03038,1.03082,1.13,1.50
2011.08.15 13:27:20.350,1.03036,1.03081,1.50,1.50
2011.08.15 13:27:22.146,1.03037,1.03082,1.13,1.50
2011.08.15 13:27:23.635,1.0304,1.03082,1.13,1.50
2011.08.15 13:27:24.263,1.03036,1.03081,1.13,1.88
2011.08.15 13:27:25.337,1.03036,1.03081,1.13,1.88
2011.08.15 13:27:25.676,1.03043,1.03092,1.50,4.50
2011.08.15 13:27:25.926,1.0304,1.03081,1.13,1.50
2011.08.15 13:27:26.594,1.03045,1.03082,1.13,1.50
2011.08.15 13:27:26.934,1.03041,1.03082,1.13,1.50
2011.08.15 13:27:27.595,1.03041,1.03082,1.88,1.50
2011.08.15 13:27:27.936,1.03046,1.03087,2.10,1.50
2011.08.15 13:27:28.275,1.03042,1.03086,1.73,1.50
2011.08.15 13:27:28.394,1.03047,1.03082,1.35,1.50
2011.08.15 13:27:28.932,1.03051,1.03081,1.13,1.50
2011.08.15 13:27:29.263,1.03047,1.03081,1.35,1.50
2011.08.15 13:27:30.316,1.03049,1.03081,1.35,1.50
2011.08.15 13:27:32.069,1.03052,1.03082,1.13,1.50
2011.08.15 13:27:32.555,1.03046,1.03082,1.13,1.50
2011.08.15 13:27:32.785,1.03051,1.03082,1.13,1.50
2011.08.15 13:27:33.503,1.03051,1.03081,1.13,1.50
2011.08.15 13:27:33.726,1.03047,1.03086,1.13,1.50
2011.08.15 13:27:34.546,1.03047,1.03087,1.13,1.50
2011.08.15 13:27:34.815,1.03047,1.03091,1.13,3.00
2011.08.15 13:27:35.401,1.03051,1.03091,1.35,3.00
2011.08.15 13:27:35.706,1.03051,1.03091,1.73,2.25
2011.08.15 13:27:35.934,1.03051,1.03092,1.73,1.50
2011.08.15 13:27:36.483,1.03051,1.03091,1.73,1.50
2011.08.15 13:27:36.703,1.03051,1.03091,1.73,1.50
2011.08.15 13:27:39.397,1.03051,1.03092,1.73,1.50
2011.08.15 13:27:40.444,1.03051,1.03092,1.73,2.25
2011.08.15 13:27:40.777,1.03051,1.03091,1.35,1.50
2011.08.15 13:27:41.430,1.03051,1.03092,1.35,1.88
2011.08.15 13:27:41.988,1.03051,1.03092,1.35,1.88
2011.08.15 13:27:42.547,1.03051,1.03091,1.35,1.50
2011.08.15 13:27:43.885,1.03043,1.03091,3.23,1.50
2011.08.15 13:27:44.005,1.03043,1.03086,2.10,1.50
2011.08.15 13:27:44.654,1.03044,1.03087,1.73,1.50
2011.08.15 13:27:45.456,1.03051,1.03086,1.35,1.50
2011.08.15 13:27:46.432,1.03051,1.03087,1.35,1.50
2011.08.15 13:27:47.698,1.03051,1.03087,1.35,1.50
2011.08.15 13:27:48.183,1.03057,1.03091,1.35,1.50
2011.08.15 13:27:48.405,1.03059,1.03091,2.48,1.50
2011.08.15 13:27:48.524,1.03059,1.03096,2.48,1.50
2011.08.15 13:27:48.853,1.03064,1.03102,1.73,1.50
2011.08.15 13:27:49.424,1.03064,1.03101,1.73,1.50
2011.08.15 13:27:49.534,1.03066,1.03101,2.48,1.50
2011.08.15 13:27:50.344,1.03074,1.03101,1.50,1.50
2011.08.15 13:27:50.467,1.03074,1.03107,1.68,1.50
2011.08.15 13:27:50.584,1.03074,1.03111,3.18,1.50
2011.08.15 13:27:50.696,1.03075,1.03112,1.53,1.50
2011.08.15 13:27:51.145,1.03079,1.03117,1.73,1.50
2011.08.15 13:27:51.483,1.0308,1.03112,1.35,1.50
2011.08.15 13:27:51.925,1.03078,1.03117,1.73,1.50
2011.08.15 13:27:52.266,1.0308,1.03117,1.35,1.50
2011.08.15 13:27:52.714,1.0308,1.03111,1.35,1.50
2011.08.15 13:27:54.202,1.0308,1.03112,1.35,1.50
2011.08.15 13:27:54.423,1.03077,1.03112,1.35,1.50
2011.08.15 13:27:54.757,1.03074,1.03112,1.30,1.50
2011.08.15 13:27:55.208,1.03078,1.03112,1.13,1.50
2011.08.15 13:27:55.327,1.03081,1.03116,1.73,1.50
2011.08.15 13:27:55.883,1.03081,1.03117,1.35,1.50
2011.08.15 13:27:57.418,1.03082,1.03116,1.73,1.50
2011.08.15 13:27:57.538,1.03082,1.03121,2.48,2.25
2011.08.15 13:27:57.765,1.03085,1.03121,1.73,1.50
2011.08.15 13:27:58.648,1.03081,1.03121,2.48,1.50
2011.08.15 13:27:59.084,1.03085,1.03121,1.73,1.50
2011.08.15 13:27:59.496,1.03085,1.03116,1.35,1.50
2011.08.15 13:27:59.926,1.03082,1.03117,1.73,1.50
2011.08.15 13:28:00.466,1.03083,1.03116,2.85,1.50
2011.08.15 13:28:00.590,1.0308,1.03116,1.73,1.50
2011.08.15 13:28:01.143,1.0308,1.03117,1.35,1.50
2011.08.15 13:28:01.477,1.03084,1.03117,1.13,1.50
2011.08.15 13:28:01.705,1.03084,1.03122,1.73,1.50
2011.08.15 13:28:02.199,1.03098,1.03122,1.35,1.50
2011.08.15 13:28:02.622,1.03107,1.03132,2.10,2.18
2011.08.15 13:28:02.736,1.03107,1.03141,2.10,1.50
2011.08.15 13:28:03.075,1.03103,1.03142,2.80,1.50
2011.08.15 13:28:03.747,1.03109,1.03147,1.13,1.50
2011.08.15 13:28:04.557,1.03111,1.03146,1.13,1.50
2011.08.15 13:28:04.894,1.03111,1.03148,1.73,1.50
2011.08.15 13:28:05.445,1.03112,1.03149,1.35,1.50
2011.08.15 13:28:06.005,1.03112,1.03149,1.35,1.50
2011.08.15 13:28:06.344,1.03111,1.03149,1.73,1.50
2011.08.15 13:28:06.685,1.03113,1.03147,1.35,1.50
2011.08.15 13:28:06.918,1.03117,1.03151,1.13,1.50
2011.08.15 13:28:07.257,1.03114,1.03152,1.13,1.50
2011.08.15 13:28:07.374,1.03113,1.03151,1.13,1.50
2011.08.15 13:28:07.496,1.03111,1.03146,1.50,1.50
2011.08.15 13:28:07.615,1.0311,1.03147,1.13,1.50
2011.08.15 13:28:08.144,1.0311,1.03146,1.13,1.50
2011.08.15 13:28:08.915,1.03103,1.03146,2.10,1.88
2011.08.15 13:28:09.035,1.03102,1.03142,3.00,1.50
2011.08.15 13:28:09.434,1.03107,1.03142,1.13,1.50
2011.08.15 13:28:09.543,1.03107,1.03146,1.13,1.50
2011.08.15 13:28:09.654,1.03112,1.03147,1.13,1.50
2011.08.15 13:28:09.874,1.03112,1.03152,1.13,1.50
2011.08.15 13:28:10.773,1.03114,1.03152,1.13,1.50
2011.08.15 13:28:11.564,1.03115,1.03151,1.13,1.50
2011.08.15 13:28:12.420,1.03115,1.0315,1.13,1.28
2011.08.15 13:28:12.755,1.03115,1.03149,1.13,1.28
2011.08.15 13:28:13.205,1.03122,1.03152,1.13,3.00
2011.08.15 13:28:15.284,1.0312,1.03151,1.13,1.50
2011.08.15 13:28:15.404,1.03121,1.03151,1.73,1.50
2011.08.15 13:28:15.967,1.03119,1.03151,1.88,1.50
2011.08.15 13:28:16.549,1.03119,1.03151,1.13,1.50
2011.08.15 13:28:16.773,1.03117,1.03152,1.88,1.50
2011.08.15 13:28:16.993,1.03115,1.03152,2.63,1.50
2011.08.15 13:28:17.790,1.0311,1.03152,1.50,1.50
2011.08.15 13:28:17.906,1.0311,1.03152,2.05,3.00
2011.08.15 13:28:18.416,1.0311,1.03152,1.50,3.00
2011.08.15 13:28:19.155,1.03111,1.03151,1.35,3.00
2011.08.15 13:28:19.646,1.03111,1.0315,1.35,1.50
2011.08.15 13:28:20.624,1.03111,1.03152,2.10,3.00
2011.08.15 13:28:22.267,1.03108,1.03141,1.88,1.50
2011.08.15 13:28:22.496,1.03098,1.03135,2.18,1.73
2011.08.15 13:28:22.614,1.03098,1.03122,2.18,1.50
2011.08.15 13:28:22.736,1.03089,1.03121,1.73,1.50
2011.08.15 13:28:23.272,1.03086,1.03122,1.35,2.25
2011.08.15 13:28:23.605,1.0308,1.03121,2.10,3.00
2011.08.15 13:28:23.838,1.0308,1.03121,1.90,1.50
2011.08.15 13:28:23.960,1.0308,1.03122,1.73,3.75
2011.08.15 13:28:24.298,1.03081,1.03121,1.88,3.75
2011.08.15 13:28:24.854,1.0308,1.03121,2.43,1.50
2011.08.15 13:28:25.432,1.0308,1.03121,2.05,3.75
2011.08.15 13:28:25.787,1.0308,1.03121,2.43,3.75
2011.08.15 13:28:27.013,1.0308,1.03122,2.25,6.00
2011.08.15 13:28:27.682,1.03081,1.03121,1.13,1.50
2011.08.15 13:28:29.099,1.03082,1.03121,1.50,3.00
2011.08.15 13:28:33.502,1.03087,1.03121,1.13,3.75
2011.08.15 13:28:33.833,1.03081,1.03116,1.13,1.50
2011.08.15 13:28:34.664,1.03081,1.03116,1.13,1.50
2011.08.15 13:28:34.951,1.03081,1.03116,1.13,1.50
2011.08.15 13:28:35.071,1.03081,1.03117,1.73,1.50
2011.08.15 13:28:35.516,1.03082,1.03111,1.35,1.50
2011.08.15 13:28:36.425,1.03082,1.03111,1.35,1.50
2011.08.15 13:28:38.006,1.03081,1.03112,1.35,1.50
2011.08.15 13:28:38.423,1.0308,1.03112,1.35,1.50
2011.08.15 13:28:38.754,1.0308,1.03111,1.35,1.50
2011.08.15 13:28:39.305,1.0308,1.03112,1.35,1.50
2011.08.15 13:28:40.000,1.0308,1.03111,1.35,1.50
2011.08.15 13:28:40.714,1.0308,1.03112,1.35,1.50
2011.08.15 13:28:41.532,1.0308,1.03111,1.35,1.50
2011.08.15 13:28:43.485,1.0308,1.03112,1.35,1.50
2011.08.15 13:28:44.513,1.0308,1.03111,1.35,1.50
2011.08.15 13:28:46.485,1.03076,1.03111,1.35,1.50
2011.08.15 13:28:46.603,1.03076,1.03107,1.35,1.50
2011.08.15 13:28:47.648,1.03072,1.03107,1.35,1.50
2011.08.15 13:28:48.693,1.03072,1.03106,1.35,1.50
2011.08.15 13:28:50.703,1.03072,1.03107,1.35,1.50
2011.08.15 13:28:56.888,1.03072,1.03102,1.35,1.50
2011.08.15 13:28:57.228,1.03068,1.03101,2.18,1.50
2011.08.15 13:28:57.783,1.03066,1.03101,1.35,1.50
2011.08.15 13:28:58.754,1.03066,1.03101,1.35,1.50
2011.08.15 13:28:59.273,1.03066,1.03102,1.35,1.50
2011.08.15 13:29:00.015,1.03058,1.03102,1.35,1.88
2011.08.15 13:29:00.137,1.03058,1.03097,1.35,1.50
2011.08.15 13:29:00.693,1.03058,1.03096,1.35,1.50
2011.08.15 13:29:01.025,1.03058,1.03096,2.85,1.88
2011.08.15 13:29:03.878,1.03056,1.03097,2.10,1.50
2011.08.15 13:29:04.214,1.03062,1.03097,1.73,1.50
2011.08.15 13:29:04.325,1.03062,1.03102,1.73,1.50
2011.08.15 13:29:04.937,1.03058,1.03102,6.15,1.50
2011.08.15 13:29:05.165,1.03057,1.03097,2.10,1.50
2011.08.15 13:29:05.533,1.03057,1.03097,1.35,1.50
2011.08.15 13:29:05.643,1.03056,1.03096,1.35,1.50
2011.08.15 13:29:05.922,1.03058,1.03096,2.10,1.50
2011.08.15 13:29:07.234,1.03061,1.03096,1.50,2.10
2011.08.15 13:29:07.833,1.03061,1.03091,1.50,1.50
2011.08.15 13:29:08.823,1.0306,1.03092,1.50,1.50
2011.08.15 13:29:09.264,1.03057,1.03091,2.10,1.50
2011.08.15 13:29:09.705,1.03051,1.03091,3.75,1.88
2011.08.15 13:29:09.824,1.03051,1.03086,3.00,1.50
2011.08.15 13:29:10.378,1.0305,1.03087,1.13,1.50
2011.08.15 13:29:11.183,1.03047,1.03087,3.68,1.50
2011.08.15 13:29:11.405,1.03052,1.03091,1.13,1.50
2011.08.15 13:29:12.296,1.03052,1.03092,1.35,1.50
2011.08.15 13:29:12.994,1.03052,1.03087,1.35,1.50
2011.08.15 13:29:13.325,1.03026,1.03071,3.60,1.50
2011.08.15 13:29:13.664,1.03029,1.03067,3.00,1.50
2011.08.15 13:29:13.887,1.03028,1.03067,1.50,1.50
2011.08.15 13:29:14.006,1.03026,1.03067,3.60,1.50
2011.08.15 13:29:14.239,1.03041,1.03071,1.35,1.50
2011.08.15 13:29:14.798,1.03046,1.03077,2.10,1.50
2011.08.15 13:29:14.917,1.03038,1.03076,2.85,1.50
2011.08.15 13:29:15.143,1.03037,1.03071,2.85,1.50
2011.08.15 13:29:15.667,1.03036,1.03072,2.85,1.50
2011.08.15 13:29:16.004,1.03036,1.03072,1.35,1.50
2011.08.15 13:29:16.334,1.03038,1.03072,2.10,1.50
2011.08.15 13:29:16.443,1.03037,1.03072,1.35,1.88
2011.08.15 13:29:16.772,1.03031,1.03072,1.35,1.50
2011.08.15 13:29:17.765,1.03032,1.03072,1.35,1.50
2011.08.15 13:29:18.245,1.03035,1.03072,1.73,1.50
2011.08.15 13:29:18.693,1.03034,1.03071,2.10,1.50
2011.08.15 13:29:19.296,1.03035,1.03072,1.35,1.50
2011.08.15 13:29:19.803,1.03035,1.03071,1.35,1.50
2011.08.15 13:29:19.913,1.03035,1.03067,1.35,1.50
2011.08.15 13:29:20.025,1.03027,1.03066,2.85,1.50
2011.08.15 13:29:20.583,1.03031,1.03066,2.48,1.50
2011.08.15 13:29:20.826,1.03031,1.03071,2.48,1.50
2011.08.15 13:29:21.432,1.03031,1.03072,2.48,1.50
2011.08.15 13:29:21.775,1.03032,1.03066,1.35,1.50
2011.08.15 13:29:22.006,1.03027,1.03067,1.35,1.50
2011.08.15 13:29:22.496,1.03019,1.0306,2.25,1.35
2011.08.15 13:29:22.833,1.03017,1.03051,3.00,1.50
2011.08.15 13:29:23.164,1.03013,1.03046,1.35,1.50
2011.08.15 13:29:23.733,1.03013,1.03047,1.35,1.50
2011.08.15 13:29:24.062,1.03013,1.03047,1.35,1.50
2011.08.15 13:29:24.724,1.03013,1.03047,1.35,1.50
2011.08.15 13:29:25.084,1.03013,1.03047,1.35,1.50
2011.08.15 13:29:25.645,1.03013,1.03046,1.35,1.50
2011.08.15 13:29:26.083,1.03011,1.03046,2.10,1.50
2011.08.15 13:29:26.414,1.03013,1.03046,1.35,1.50
2011.08.15 13:29:27.083,1.03013,1.03051,1.35,1.50
2011.08.15 13:29:27.696,1.03013,1.03052,1.35,1.50
2011.08.15 13:29:29.669,1.03013,1.03052,1.35,1.50
2011.08.15 13:29:31.373,1.03013,1.03056,1.35,2.08
2011.08.15 13:29:32.652,1.03013,1.03056,1.35,1.13
2011.08.15 13:29:33.425,1.03013,1.03057,1.73,3.00
2011.08.15 13:29:33.907,1.03014,1.03056,2.25,2.25
2011.08.15 13:29:34.625,1.03014,1.03056,2.25,1.50
2011.08.15 13:29:35.834,1.03014,1.03056,2.25,1.50
2011.08.15 13:29:35.943,1.03017,1.03058,1.13,2.10
2011.08.15 13:29:36.273,1.03017,1.03062,1.73,2.85
2011.08.15 13:29:37.244,1.03017,1.03058,1.73,1.50
2011.08.15 13:29:38.598,1.03016,1.03051,1.35,1.50
2011.08.15 13:29:39.163,1.03017,1.03051,1.35,1.50
2011.08.15 13:29:41.083,1.03021,1.03051,1.35,3.75
2011.08.15 13:29:41.433,1.03011,1.0305,1.73,1.35
2011.08.15 13:29:41.543,1.03011,1.0305,1.35,1.35
2011.08.15 13:29:41.764,1.03012,1.03051,2.10,1.50
2011.08.15 13:29:42.105,1.03014,1.03047,1.35,1.50
2011.08.15 13:29:42.664,1.03016,1.03046,1.35,1.50
2011.08.15 13:29:42.997,1.03019,1.03047,1.35,1.50
2011.08.15 13:29:43.729,1.03019,1.03046,1.35,1.50
2011.08.15 13:29:44.343,1.03019,1.03046,1.35,1.50
2011.08.15 13:29:44.873,1.03013,1.03047,1.35,2.25
2011.08.15 13:29:46.025,1.03013,1.03046,1.35,1.50
2011.08.15 13:29:46.144,1.03013,1.03046,1.35,1.50
2011.08.15 13:29:46.706,1.03013,1.03047,1.35,2.25
2011.08.15 13:29:46.826,1.03016,1.03046,1.35,1.50
2011.08.15 13:29:47.356,1.03016,1.0305,1.35,1.50
2011.08.15 13:29:49.136,1.03013,1.0305,1.13,1.50
2011.08.15 13:29:49.653,1.03011,1.03047,1.35,2.25
2011.08.15 13:29:50.872,1.03011,1.03047,1.35,2.25
2011.08.15 13:29:52.243,1.03013,1.03046,1.88,1.50
2011.08.15 13:29:52.554,1.03016,1.03047,1.35,2.25
2011.08.15 13:29:54.665,1.0302,1.03047,1.35,2.25
2011.08.15 13:29:56.684,1.03017,1.03047,1.35,1.50
2011.08.15 13:29:56.985,1.03014,1.03042,1.35,1.50
2011.08.15 13:29:57.214,1.03012,1.03042,1.35,1.50
2011.08.15 13:29:57.787,1.03012,1.03041,1.35,1.50
2011.08.15 13:29:58.214,1.03014,1.03042,1.73,1.50
2011.08.15 13:29:58.322,1.03014,1.03046,1.73,1.50
2011.08.15 13:30:00.426,1.03014,1.03047,1.73,1.50
2011.08.15 13:30:00.547,1.03021,1.03046,1.35,1.50
2011.08.15 13:30:00.920,1.03016,1.03046,1.50,1.50
2011.08.15 13:30:02.132,1.03014,1.03047,1.50,1.50
2011.08.15 13:30:02.463,1.03014,1.03052,1.50,3.00
2011.08.15 13:30:02.750,1.03016,1.03052,1.50,3.00
2011.08.15 13:30:03.183,1.03026,1.03052,2.10,1.50
2011.08.15 13:30:03.292,1.03023,1.03052,3.75,2.25
2011.08.15 13:30:03.847,1.03028,1.03052,2.63,1.23
2011.08.15 13:30:03.965,1.03024,1.03062,1.13,1.50
2011.08.15 13:30:04.086,1.03018,1.03057,3.53,1.50
2011.08.15 13:30:04.207,1.03016,1.03057,2.85,1.50
2011.08.15 13:30:04.435,1.03016,1.03051,1.35,1.50
2011.08.15 13:30:05.078,1.03016,1.03052,1.73,1.50
2011.08.15 13:30:06.613,1.03028,1.03052,2.18,1.50
2011.08.15 13:30:06.833,1.03017,1.03052,2.93,1.50
2011.08.15 13:30:06.943,1.03028,1.03052,2.18,1.50
2011.08.15 13:30:08.227,1.03028,1.03058,2.18,1.50
2011.08.15 13:30:08.344,1.03018,1.03057,2.18,2.46
2011.08.15 13:30:08.458,1.03018,1.03057,2.93,2.46
2011.08.15 13:30:08.795,1.03028,1.03056,2.18,1.50
2011.08.15 13:30:09.137,1.03037,1.03062,2.18,1.50
2011.08.15 13:30:09.474,1.03037,1.03061,2.78,2.25
2011.08.15 13:30:09.815,1.03047,1.0306,2.18,1.50
2011.08.15 13:30:10.357,1.03047,1.0306,2.18,1.50
2011.08.15 13:30:12.923,1.03048,1.03062,1.50,1.50
2011.08.15 13:30:13.594,1.03047,1.03061,1.50,1.50
2011.08.15 13:30:14.138,1.03038,1.03062,2.18,1.50
2011.08.15 13:30:14.369,1.03038,1.03067,2.18,1.50
2011.08.15 13:30:14.816,1.03048,1.03066,2.18,1.50
2011.08.15 13:30:14.933,1.03048,1.03082,2.18,2.33
2011.08.15 13:30:18.433,1.03048,1.03072,2.18,3.75
2011.08.15 13:30:19.301,1.03048,1.03072,2.18,3.75
2011.08.15 13:30:19.854,1.03048,1.03071,2.18,2.25
2011.08.15 13:30:19.966,1.03048,1.03067,2.18,1.50
2011.08.15 13:30:20.195,1.03037,1.03067,2.18,1.50
2011.08.15 13:30:20.498,1.03037,1.03072,2.18,1.50
2011.08.15 13:30:20.619,1.03048,1.03071,2.18,1.50
2011.08.15 13:30:20.735,1.03048,1.03077,2.18,2.25
2011.08.15 13:30:20.854,1.03048,1.03081,2.18,3.38
2011.08.15 13:30:21.414,1.03047,1.03082,2.18,3.00
2011.08.15 13:30:22.834,1.03047,1.03082,2.18,2.25
2011.08.15 13:30:23.344,1.03047,1.03081,2.18,1.50
2011.08.15 13:30:23.895,1.03048,1.03086,2.18,1.50
2011.08.15 13:30:24.016,1.03068,1.03086,2.18,1.50
2011.08.15 13:30:24.244,1.03067,1.03101,2.18,2.25
2011.08.15 13:30:25.643,1.03067,1.03097,2.18,2.10
2011.08.15 13:30:27.389,1.03058,1.03096,2.18,2.10
2011.08.15 13:30:28.056,1.03058,1.03096,2.55,2.10
2011.08.15 13:30:28.394,1.03068,1.03096,2.18,1.50
2011.08.15 13:30:28.614,1.03068,1.03102,2.18,1.50
2011.08.15 13:30:30.536,1.03068,1.03101,2.18,1.50
2011.08.15 13:30:31.115,1.03068,1.03102,2.18,1.50
2011.08.15 13:30:31.235,1.03068,1.03105,2.18,1.50
2011.08.15 13:30:31.749,1.03068,1.03102,2.18,1.50
2011.08.15 13:30:31.867,1.03058,1.03101,2.25,1.50
2011.08.15 13:30:32.425,1.03057,1.03101,2.93,3.00
2011.08.15 13:30:32.546,1.03068,1.03101,2.18,3.00
2011.08.15 13:30:33.267,1.03068,1.03102,2.18,1.50
2011.08.15 13:30:33.844,1.03068,1.03102,2.18,2.25
2011.08.15 13:30:33.968,1.03061,1.03102,1.13,2.25
2011.08.15 13:30:34.391,1.03062,1.03101,1.50,1.50
2011.08.15 13:30:34.758,1.03092,1.03116,1.35,1.50
2011.08.15 13:30:34.890,1.03092,1.03132,1.35,1.35
2011.08.15 13:30:35.009,1.03088,1.03133,2.10,1.35
2011.08.15 13:30:35.649,1.03088,1.03131,1.35,1.50
2011.08.15 13:30:35.984,1.0309,1.03136,1.35,2.25
2011.08.15 13:30:36.325,1.03108,1.03142,2.18,2.25
2011.08.15 13:30:36.774,1.03108,1.03136,2.18,1.50
2011.08.15 13:30:37.742,1.03107,1.03141,2.18,1.50
2011.08.15 13:30:38.296,1.03107,1.03142,2.18,1.50
2011.08.15 13:30:38.984,1.03107,1.03141,2.18,1.50
2011.08.15 13:30:39.729,1.03108,1.03142,2.18,1.50
2011.08.15 13:30:40.063,1.03097,1.03142,4.28,1.88
2011.08.15 13:30:40.284,1.03107,1.03142,2.18,1.88
2011.08.15 13:30:40.852,1.03107,1.03141,2.55,1.50
2011.08.15 13:30:41.184,1.03117,1.03142,3.15,1.50
2011.08.15 13:30:41.306,1.03127,1.03152,2.18,1.50
2011.08.15 13:30:41.864,1.03118,1.03147,1.35,1.50
2011.08.15 13:30:42.274,1.03117,1.03146,2.18,1.50
2011.08.15 13:30:42.823,1.03117,1.03147,2.18,1.50
2011.08.15 13:30:43.184,1.03117,1.03147,2.78,1.50
2011.08.15 13:30:43.297,1.03117,1.03151,2.78,2.25
2011.08.15 13:30:43.416,1.03117,1.03151,2.18,3.60
2011.08.15 13:30:43.534,1.03118,1.03142,2.18,1.50
2011.08.15 13:30:43.877,1.03117,1.03136,2.18,1.50
2011.08.15 13:30:44.301,1.03107,1.03136,2.78,1.50
2011.08.15 13:30:44.860,1.03107,1.03137,2.93,1.50
2011.08.15 13:30:45.386,1.03107,1.03136,2.93,1.50
2011.08.15 13:30:45.613,1.03108,1.03147,2.18,2.25
2011.08.15 13:30:45.834,1.031,1.03143,5.25,1.13
2011.08.15 13:30:46.228,1.03108,1.03146,2.18,2.63
2011.08.15 13:30:46.568,1.03109,1.03151,2.25,3.23
2011.08.15 13:30:47.775,1.03108,1.03151,2.18,3.23
2011.08.15 13:30:48.195,1.0311,1.03151,3.00,2.85
2011.08.15 13:30:48.535,1.0311,1.03157,1.13,2.48
2011.08.15 13:30:48.782,1.03109,1.03156,2.63,2.48
2011.08.15 13:30:48.900,1.03118,1.03156,2.18,2.48
2011.08.15 13:30:49.014,1.03118,1.03157,2.18,2.63
2011.08.15 13:30:49.135,1.03118,1.03157,2.18,3.75
2011.08.15 13:30:49.585,1.03118,1.0316,2.18,1.73
2011.08.15 13:30:50.743,1.03118,1.03159,2.18,3.00
2011.08.15 13:30:52.923,1.03118,1.03154,2.18,1.35
2011.08.15 13:30:53.366,1.03108,1.03153,2.18,3.98
2011.08.15 13:30:53.486,1.03108,1.03148,2.18,1.13
2011.08.15 13:30:54.664,1.03108,1.03146,2.18,2.63
2011.08.15 13:30:55.015,1.03117,1.03147,2.18,1.50
2011.08.15 13:30:55.135,1.03117,1.03152,2.18,2.25
2011.08.15 13:30:55.255,1.03108,1.03149,2.18,2.48
2011.08.15 13:30:55.376,1.03107,1.03145,2.25,2.10
2011.08.15 13:30:55.495,1.03103,1.03145,2.05,2.10
2011.08.15 13:30:55.615,1.03102,1.03145,3.00,2.10
2011.08.15 13:30:56.393,1.03098,1.03142,2.18,2.48
2011.08.15 13:30:56.917,1.03098,1.03142,2.55,2.10
2011.08.15 13:30:57.036,1.03098,1.03142,3.15,1.50
2011.08.15 13:30:57.674,1.03098,1.03141,3.15,1.50
2011.08.15 13:30:57.782,1.031,1.03141,1.73,1.50
2011.08.15 13:30:58.773,1.031,1.03141,1.73,2.25
2011.08.15 13:30:59.907,1.03102,1.03142,1.13,1.50
2011.08.15 13:31:00.137,1.03107,1.03142,2.93,1.50
2011.08.15 13:31:00.366,1.03107,1.0315,3.90,1.35
2011.08.15 13:31:01.584,1.03107,1.03148,3.53,2.25
2011.08.15 13:31:02.255,1.03107,1.03146,3.90,1.50
2011.08.15 13:31:02.934,1.03107,1.03147,3.90,2.25
2011.08.15 13:31:03.615,1.03107,1.03147,3.15,3.00
2011.08.15 13:31:03.957,1.03117,1.03147,2.48,1.50
2011.08.15 13:31:04.186,1.03113,1.03152,1.35,2.25
2011.08.15 13:31:04.415,1.03118,1.03151,2.18,1.50
2011.08.15 13:31:05.051,1.03118,1.03152,2.18,2.10
2011.08.15 13:31:05.275,1.03111,1.03152,1.50,2.10
2011.08.15 13:31:05.395,1.03107,1.03152,6.53,2.48
2011.08.15 13:31:05.847,1.03107,1.03142,4.65,1.50
2011.08.15 13:31:06.186,1.03107,1.03141,6.53,1.50
2011.08.15 13:31:06.524,1.03118,1.03142,2.18,1.50
2011.08.15 13:31:06.976,1.03118,1.03141,2.18,2.25
2011.08.15 13:31:07.096,1.03099,1.0314,1.50,1.50
2011.08.15 13:31:07.391,1.03098,1.03131,3.53,1.50
2011.08.15 13:31:07.617,1.03098,1.03132,2.18,1.50
2011.08.15 13:31:08.398,1.03089,1.03132,1.73,1.50
2011.08.15 13:31:08.519,1.03089,1.03126,1.35,1.88
2011.08.15 13:31:08.856,1.03087,1.03116,1.35,1.50
2011.08.15 13:31:09.197,1.03081,1.03116,1.35,1.50
2011.08.15 13:31:09.424,1.03082,1.03117,1.35,1.50
2011.08.15 13:31:10.546,1.03082,1.03116,1.35,1.50
2011.08.15 13:31:11.734,1.03081,1.03116,1.35,1.50
2011.08.15 13:31:12.492,1.03081,1.03117,1.35,1.50
2011.08.15 13:31:13.157,1.03078,1.03106,2.93,1.50
2011.08.15 13:31:13.390,1.03074,1.03102,1.35,1.50
2011.08.15 13:31:14.634,1.03074,1.03102,1.35,1.50
2011.08.15 13:31:15.674,1.03071,1.03102,1.35,1.50
2011.08.15 13:31:16.046,1.03068,1.03096,2.18,1.50
2011.08.15 13:31:16.418,1.03067,1.03102,3.90,1.50
2011.08.15 13:31:16.755,1.03068,1.03102,3.15,1.50
2011.08.15 13:31:17.204,1.0307,1.03101,1.35,1.50
2011.08.15 13:31:17.585,1.03077,1.03101,2.78,1.50
2011.08.15 13:31:17.925,1.03077,1.03107,2.78,3.00
2011.08.15 13:31:19.786,1.0307,1.03107,3.38,3.75
2011.08.15 13:31:20.123,1.0307,1.03106,1.13,1.50
2011.08.15 13:31:22.496,1.03071,1.03106,1.35,1.50
2011.08.15 13:31:23.484,1.03076,1.03106,1.35,1.50
2011.08.15 13:31:24.064,1.03076,1.03106,1.35,1.50
2011.08.15 13:31:24.614,1.03076,1.03106,1.35,1.43
2011.08.15 13:31:26.018,1.0307,1.03107,1.13,3.00
2011.08.15 13:31:26.572,1.03077,1.03106,2.18,1.50
2011.08.15 13:31:27.545,1.03077,1.03106,2.93,1.50
2011.08.15 13:31:27.654,1.03077,1.03106,2.93,1.50
2011.08.15 13:31:29.034,1.03077,1.03107,2.93,1.50
2011.08.15 13:31:29.476,1.03077,1.03106,2.55,1.50
2011.08.15 13:31:29.705,1.03077,1.03111,3.15,1.50
2011.08.15 13:31:29.936,1.03079,1.03112,1.73,1.50
2011.08.15 13:31:30.278,1.03081,1.03112,1.13,1.50
2011.08.15 13:31:30.397,1.03087,1.03117,2.18,1.50
2011.08.15 13:31:30.844,1.03088,1.03122,2.18,2.10
2011.08.15 13:31:30.954,1.03088,1.03116,2.18,1.50
2011.08.15 13:31:31.473,1.03079,1.03117,2.63,1.50
2011.08.15 13:31:31.707,1.03077,1.03116,3.15,4.50
2011.08.15 13:31:31.939,1.03078,1.03116,1.13,1.50
2011.08.15 13:31:32.053,1.03077,1.03117,2.55,1.50
2011.08.15 13:31:32.277,1.03077,1.03116,2.93,1.50
2011.08.15 13:31:32.616,1.0308,1.03121,1.13,1.50
2011.08.15 13:31:33.253,1.0308,1.03122,1.13,1.50
2011.08.15 13:31:33.677,1.03088,1.03117,2.18,1.50
2011.08.15 13:31:34.018,1.03088,1.03116,2.55,3.75
2011.08.15 13:31:34.542,1.03088,1.03116,2.55,3.75
2011.08.15 13:31:34.873,1.03088,1.03116,3.15,2.25
2011.08.15 13:31:35.018,1.03088,1.03115,2.18,2.10
2011.08.15 13:31:35.598,1.03082,1.03115,1.50,1.50
2011.08.15 13:31:35.935,1.03087,1.03126,2.55,1.50
2011.08.15 13:31:36.057,1.03089,1.03126,1.13,1.50
2011.08.15 13:31:36.177,1.03087,1.03126,4.05,3.00
2011.08.15 13:31:36.294,1.03087,1.03126,2.55,1.50
2011.08.15 13:31:36.515,1.03087,1.03127,4.80,1.50
2011.08.15 13:31:36.912,1.03089,1.03126,1.13,1.50
2011.08.15 13:31:37.245,1.03098,1.03128,2.18,1.73
2011.08.15 13:31:37.651,1.03082,1.03128,2.63,1.28
2011.08.15 13:31:38.976,1.03082,1.03122,2.10,1.50
2011.08.15 13:31:39.534,1.03088,1.03121,2.78,1.50
2011.08.15 13:31:40.146,1.0309,1.03127,1.35,1.50
2011.08.15 13:31:40.486,1.03098,1.03127,2.55,1.50
2011.08.15 13:31:40.604,1.03098,1.03132,2.55,1.50
2011.08.15 13:31:40.939,1.03097,1.03132,2.78,1.50
2011.08.15 13:31:41.494,1.03097,1.03136,2.78,2.25
2011.08.15 13:31:41.937,1.03098,1.03136,1.35,1.50
2011.08.15 13:31:42.274,1.03097,1.03136,3.15,1.50
2011.08.15 13:31:42.776,1.03097,1.03137,2.55,1.50
2011.08.15 13:31:43.191,1.03092,1.03135,1.35,1.13
2011.08.15 13:31:43.307,1.0309,1.03133,2.25,1.35
2011.08.15 13:31:43.905,1.03088,1.03133,4.65,1.35
2011.08.15 13:31:44.246,1.03089,1.03126,1.35,1.50
2011.08.15 13:31:44.586,1.03088,1.03127,2.48,1.50
2011.08.15 13:31:44.705,1.03089,1.03131,1.73,1.50
2011.08.15 13:31:45.694,1.03092,1.03132,1.73,1.50
2011.08.15 13:31:46.039,1.03092,1.03132,1.13,1.50
2011.08.15 13:31:46.744,1.03088,1.03131,1.13,2.25
2011.08.15 13:31:46.855,1.03087,1.03126,2.18,1.50
2011.08.15 13:31:47.414,1.03081,1.03126,2.48,1.50
2011.08.15 13:31:48.052,1.03086,1.03126,1.35,1.50
2011.08.15 13:31:48.398,1.03086,1.03121,1.35,1.50
2011.08.15 13:31:49.086,1.03086,1.03121,1.35,1.50
2011.08.15 13:31:49.683,1.03087,1.03121,3.30,1.50
2011.08.15 13:31:49.903,1.03087,1.03126,3.30,1.50
2011.08.15 13:31:50.549,1.03087,1.03127,3.30,1.50
2011.08.15 13:31:51.544,1.03087,1.03121,3.30,1.50
2011.08.15 13:31:52.533,1.03088,1.03121,1.13,1.50
2011.08.15 13:31:52.756,1.03086,1.03121,1.35,1.50
2011.08.15 13:31:53.184,1.03079,1.03122,1.73,1.50
2011.08.15 13:31:53.748,1.03079,1.03121,1.73,1.50
2011.08.15 13:31:54.466,1.03079,1.03121,1.73,1.50
2011.08.15 13:31:55.295,1.03084,1.03122,1.13,1.50
2011.08.15 13:31:55.925,1.03079,1.03116,1.13,1.50
2011.08.15 13:31:56.262,1.03079,1.03111,1.13,1.50
2011.08.15 13:31:56.483,1.03078,1.03112,1.50,1.50
2011.08.15 13:31:56.595,1.03088,1.03111,2.18,1.50
2011.08.15 13:31:56.826,1.03088,1.03116,2.18,1.50
2011.08.15 13:31:57.465,1.03088,1.03117,2.18,1.50
2011.08.15 13:31:59.255,1.0308,1.03117,1.50,1.50
2011.08.15 13:31:59.746,1.03081,1.03117,1.13,1.50
2011.08.15 13:32:00.086,1.03087,1.03122,2.55,1.50
2011.08.15 13:32:00.651,1.03087,1.03121,2.55,1.50
2011.08.15 13:32:01.348,1.03087,1.03122,2.55,1.50
2011.08.15 13:32:02.194,1.03087,1.03121,2.55,1.50
2011.08.15 13:32:02.853,1.03087,1.03127,3.30,1.50
2011.08.15 13:32:03.444,1.03091,1.03127,1.13,1.50
2011.08.15 13:32:04.048,1.03091,1.03133,1.13,1.35
2011.08.15 13:32:04.278,1.03091,1.03136,1.13,1.13
2011.08.15 13:32:04.743,1.03087,1.03133,4.05,2.85
2011.08.15 13:32:07.814,1.03089,1.03126,1.35,1.50
2011.08.15 13:32:08.465,1.03089,1.03126,1.35,1.50
2011.08.15 13:32:09.144,1.03088,1.03127,3.30,1.50
2011.08.15 13:32:09.723,1.03088,1.03126,3.30,1.50
2011.08.15 13:32:10.955,1.03088,1.03127,3.30,1.50
2011.08.15 13:32:12.651,1.03088,1.03127,3.30,1.50
2011.08.15 13:32:12.986,1.03088,1.03127,3.30,1.50
2011.08.15 13:32:13.553,1.03088,1.03126,5.55,1.50
2011.08.15 13:32:14.744,1.03088,1.03127,3.30,1.50
2011.08.15 13:32:14.964,1.03088,1.03131,3.30,2.25
2011.08.15 13:32:15.433,1.03088,1.03132,3.30,1.50
2011.08.15 13:32:15.788,1.03088,1.03131,4.05,2.25
2011.08.15 13:32:16.143,1.03088,1.03131,3.90,1.50
2011.08.15 13:32:17.135,1.03088,1.03132,2.93,1.88
2011.08.15 13:32:17.257,1.03088,1.03132,2.18,2.63
2011.08.15 13:32:17.744,1.03086,1.03126,3.00,1.50
2011.08.15 13:32:17.871,1.03088,1.03132,2.18,2.63
2011.08.15 13:32:19.702,1.03088,1.03131,4.43,2.25
2011.08.15 13:32:21.504,1.03091,1.03131,2.25,2.25
2011.08.15 13:32:21.723,1.03097,1.03131,2.25,1.50
2011.08.15 13:32:22.275,1.03095,1.03132,2.25,2.10
2011.08.15 13:32:22.495,1.03093,1.03131,2.63,1.50
2011.08.15 13:32:23.493,1.03092,1.03132,1.13,2.10
2011.08.15 13:32:23.684,1.03093,1.03132,1.13,2.85
2011.08.15 13:32:24.664,1.03093,1.03132,2.63,2.85
2011.08.15 13:32:25.223,1.03093,1.03127,2.25,1.50
2011.08.15 13:32:25.816,1.03089,1.03127,3.00,1.50
2011.08.15 13:32:26.663,1.0309,1.03126,1.50,1.50
2011.08.15 13:32:28.334,1.03089,1.03127,3.55,1.50
2011.08.15 13:32:28.896,1.03088,1.03127,6.10,1.50
2011.08.15 13:32:29.018,1.03088,1.03127,5.55,1.50
2011.08.15 13:32:29.655,1.03088,1.03126,3.30,1.50
2011.08.15 13:32:29.994,1.03091,1.03127,1.13,1.50
2011.08.15 13:32:30.437,1.03092,1.03126,1.50,1.50
2011.08.15 13:32:31.025,1.03098,1.03127,3.30,1.50
2011.08.15 13:32:31.256,1.03094,1.03127,1.13,1.50
2011.08.15 13:32:31.485,1.03097,1.03126,2.55,1.50
2011.08.15 13:32:31.840,1.03097,1.03131,2.18,1.50
2011.08.15 13:32:31.958,1.03098,1.03132,1.13,1.50
2011.08.15 13:32:32.536,1.03098,1.03131,1.13,1.50
2011.08.15 13:32:33.054,1.03098,1.03132,1.13,1.50
2011.08.15 13:32:34.064,1.03095,1.03132,1.13,1.50
2011.08.15 13:32:35.375,1.03093,1.03132,1.50,1.50
2011.08.15 13:32:36.154,1.031,1.03132,1.35,1.50
2011.08.15 13:32:36.376,1.03107,1.03136,2.55,1.43
2011.08.15 13:32:36.495,1.03107,1.03137,2.18,2.18
2011.08.15 13:32:36.722,1.03101,1.03136,1.73,1.43
2011.08.15 13:32:37.429,1.03101,1.03137,1.35,2.18
2011.08.15 13:32:37.705,1.031,1.03136,1.13,1.28
2011.08.15 13:32:37.833,1.03101,1.03136,1.13,1.28
2011.08.15 13:32:39.007,1.03105,1.03136,2.10,2.93
2011.08.15 13:32:39.127,1.03107,1.03137,3.15,2.18
2011.08.15 13:32:39.245,1.03104,1.03136,1.13,2.18
2011.08.15 13:32:39.366,1.03106,1.03136,2.25,2.18
2011.08.15 13:32:39.777,1.03098,1.03136,5.40,1.43
2011.08.15 13:32:40.353,1.03098,1.03136,2.55,1.43
2011.08.15 13:32:41.705,1.03098,1.03136,2.18,1.43
2011.08.15 13:32:42.157,1.03093,1.03132,1.88,1.50
2011.08.15 13:32:42.576,1.03092,1.03131,1.13,1.50
2011.08.15 13:32:42.700,1.03089,1.03126,3.55,1.50
2011.08.15 13:32:42.926,1.03084,1.03122,1.13,1.50
2011.08.15 13:32:43.485,1.03084,1.03122,3.38,1.50
2011.08.15 13:32:44.714,1.03085,1.03127,3.00,1.50
2011.08.15 13:32:45.253,1.03091,1.03127,1.13,1.50
2011.08.15 13:32:45.369,1.03091,1.03133,1.88,2.10
2011.08.15 13:32:45.483,1.03091,1.03136,1.88,1.50
2011.08.15 13:32:46.563,1.03094,1.03136,1.13,2.25
2011.08.15 13:32:47.004,1.03094,1.03134,1.13,1.35
2011.08.15 13:32:47.222,1.03094,1.03136,1.13,2.25
2011.08.15 13:32:49.340,1.03094,1.03134,1.13,1.35
2011.08.15 13:32:49.864,1.03092,1.03133,1.13,1.35
2011.08.15 13:32:49.972,1.03092,1.03137,1.13,2.25
2011.08.15 13:32:50.807,1.03088,1.03132,1.50,1.50
2011.08.15 13:32:50.924,1.03087,1.03132,3.68,1.50
2011.08.15 13:32:51.046,1.03091,1.03137,1.50,2.10
2011.08.15 13:32:51.382,1.03098,1.03137,2.55,1.50
2011.08.15 13:32:51.497,1.03098,1.03126,2.55,1.50
2011.08.15 13:32:51.944,1.03098,1.03131,2.18,1.50
2011.08.15 13:32:52.536,1.0309,1.03126,1.13,1.50
2011.08.15 13:32:52.658,1.0309,1.03126,1.13,1.50
2011.08.15 13:32:53.723,1.03088,1.03126,2.55,1.50
2011.08.15 13:32:54.384,1.03092,1.03126,1.13,1.50
2011.08.15 13:32:54.983,1.03092,1.03127,1.13,1.50
2011.08.15 13:32:56.684,1.03094,1.03127,1.13,1.50
2011.08.15 13:32:57.425,1.03089,1.03127,1.13,1.50
2011.08.15 13:32:58.406,1.03088,1.03127,2.93,1.50
2011.08.15 13:32:58.532,1.03089,1.03126,1.13,1.50
2011.08.15 13:32:59.197,1.03088,1.03126,2.55,2.10
2011.08.15 13:32:59.654,1.03084,1.03126,1.50,2.10
2011.08.15 13:33:00.094,1.03087,1.03121,2.55,2.10
2011.08.15 13:33:00.406,1.03087,1.03121,2.18,1.50
2011.08.15 13:33:00.533,1.03087,1.03126,2.55,1.50
2011.08.15 13:33:00.643,1.03087,1.03134,2.55,1.88
2011.08.15 13:33:00.755,1.03087,1.03127,2.55,1.50
2011.08.15 13:33:01.207,1.03087,1.03126,2.55,2.10
2011.08.15 13:33:01.986,1.03087,1.03126,2.55,1.50
2011.08.15 13:33:02.143,1.03087,1.03126,2.55,1.50
2011.08.15 13:33:02.688,1.03087,1.03127,2.55,1.50
2011.08.15 13:33:02.915,1.03087,1.03126,2.93,1.50
2011.08.15 13:33:03.034,1.03085,1.03122,1.35,1.50
2011.08.15 13:33:03.423,1.03088,1.03122,2.55,1.50
2011.08.15 13:33:03.539,1.03084,1.03121,3.98,1.50
2011.08.15 13:33:04.455,1.03079,1.03121,4.68,2.10
2011.08.15 13:33:04.766,1.03079,1.03117,1.88,1.50
2011.08.15 13:33:04.996,1.03077,1.03117,2.18,1.50
2011.08.15 13:33:05.119,1.03074,1.03117,1.13,2.10
2011.08.15 13:33:05.729,1.03074,1.03112,1.13,1.50
2011.08.15 13:33:05.849,1.03072,1.03112,1.13,1.50
2011.08.15 13:33:06.187,1.03076,1.03111,1.13,1.50
2011.08.15 13:33:06.745,1.03077,1.03112,2.55,1.50
2011.08.15 13:33:07.197,1.03077,1.03116,2.55,1.50
2011.08.15 13:33:07.585,1.03077,1.03118,2.55,1.50
2011.08.15 13:33:07.703,1.03073,1.03118,6.38,1.50
2011.08.15 13:33:07.815,1.03073,1.03118,3.38,1.50
2011.08.15 13:33:08.330,1.03073,1.03111,1.13,1.50
2011.08.15 13:33:08.975,1.03074,1.03111,1.13,1.50
2011.08.15 13:33:10.607,1.03073,1.03112,1.13,1.50
2011.08.15 13:33:10.726,1.03076,1.03112,1.13,1.50
2011.08.15 13:33:11.226,1.03077,1.03116,1.13,1.50
2011.08.15 13:33:11.675,1.0308,1.03116,1.13,1.50
2011.08.15 13:33:14.435,1.03079,1.03116,1.50,1.50
2011.08.15 13:33:14.764,1.03088,1.03119,2.55,1.50
2011.08.15 13:33:15.533,1.03088,1.03119,2.55,1.50
2011.08.15 13:33:16.151,1.03088,1.03119,2.55,1.50
2011.08.15 13:33:16.702,1.03088,1.03119,2.55,1.50
2011.08.15 13:33:16.927,1.03084,1.03119,1.13,1.50
2011.08.15 13:33:17.048,1.03088,1.03119,2.55,1.50
2011.08.15 13:33:17.865,1.03088,1.03122,2.55,1.50
2011.08.15 13:33:18.427,1.03083,1.03122,3.38,1.50
2011.08.15 13:33:18.984,1.03082,1.03121,4.13,1.50
2011.08.15 13:33:19.654,1.03085,1.03121,1.13,1.50
2011.08.15 13:33:20.893,1.03085,1.03121,1.13,1.50
2011.08.15 13:33:21.443,1.03084,1.03122,1.13,1.50
2011.08.15 13:33:21.993,1.03083,1.03122,1.88,1.50
2011.08.15 13:33:22.558,1.03082,1.03122,1.13,2.25
2011.08.15 13:33:23.036,1.03082,1.0312,1.50,1.50
2011.08.15 13:33:23.264,1.03082,1.0312,3.75,1.50
2011.08.15 13:33:23.376,1.03081,1.03117,1.50,1.50
2011.08.15 13:33:23.935,1.03082,1.03117,1.13,1.50
2011.08.15 13:33:24.280,1.03087,1.03118,2.18,1.50
2011.08.15 13:33:24.397,1.03078,1.03116,1.35,1.50
2011.08.15 13:33:24.903,1.03077,1.03122,3.15,2.10
2011.08.15 13:33:25.237,1.03081,1.03121,1.13,1.50
2011.08.15 13:33:25.794,1.03081,1.03122,1.13,1.50
2011.08.15 13:33:26.124,1.0308,1.03122,1.50,1.88
2011.08.15 13:33:26.235,1.03079,1.03121,1.50,1.88
2011.08.15 13:33:26.354,1.03077,1.03117,2.93,3.00
2011.08.15 13:33:26.466,1.03071,1.03117,1.88,3.00
2011.08.15 13:33:27.153,1.03072,1.03117,3.38,3.00
2011.08.15 13:33:27.785,1.03074,1.03117,1.50,1.50
2011.08.15 13:33:28.268,1.03077,1.03121,1.13,2.25
2011.08.15 13:33:28.498,1.03078,1.03121,2.18,1.88
2011.08.15 13:33:28.617,1.03076,1.03121,3.00,2.63
2011.08.15 13:33:29.684,1.03076,1.03121,3.38,2.25
2011.08.15 13:33:30.017,1.0308,1.03121,1.13,1.50
2011.08.15 13:33:30.569,1.03081,1.03122,1.13,1.50
2011.08.15 13:33:31.125,1.03077,1.03122,4.28,1.50
2011.08.15 13:33:31.673,1.03077,1.03122,3.53,2.25
2011.08.15 13:33:32.775,1.03077,1.03121,3.53,2.25
2011.08.15 13:33:37.213,1.03078,1.03122,1.35,2.25
2011.08.15 13:33:37.728,1.03077,1.03119,2.93,1.13
2011.08.15 13:33:38.065,1.03077,1.03117,2.18,1.13
2011.08.15 13:33:38.295,1.0307,1.03114,3.00,1.13
2011.08.15 13:33:39.641,1.03069,1.03113,1.50,1.13
2011.08.15 13:33:40.805,1.03071,1.03116,1.13,2.25
2011.08.15 13:33:40.929,1.03073,1.03117,2.85,1.50
2011.08.15 13:33:41.266,1.03078,1.03121,3.15,3.75
2011.08.15 13:33:41.605,1.03078,1.03119,2.55,1.35
2011.08.15 13:33:42.056,1.03069,1.03115,2.25,1.73
2011.08.15 13:33:42.636,1.03068,1.03112,3.90,1.50
2011.08.15 13:33:42.764,1.03069,1.03111,1.13,1.50
2011.08.15 13:33:42.878,1.03068,1.03117,4.28,2.48
2011.08.15 13:33:42.996,1.03068,1.03116,3.53,1.73
2011.08.15 13:33:43.117,1.03068,1.03111,2.78,1.50
2011.08.15 13:33:43.459,1.03076,1.03111,2.48,1.50
2011.08.15 13:33:43.868,1.03077,1.03116,2.93,3.23
2011.08.15 13:33:44.575,1.03069,1.03116,1.50,1.13
2011.08.15 13:33:44.694,1.03069,1.03112,2.63,1.50
2011.08.15 13:33:45.488,1.03069,1.03111,1.50,1.50
2011.08.15 13:33:45.607,1.03067,1.03112,3.30,1.50
2011.08.15 13:33:45.727,1.03067,1.0311,2.93,1.13
2011.08.15 13:33:46.373,1.03064,1.03111,2.25,4.88
2011.08.15 13:33:46.484,1.03059,1.03107,3.00,1.88
2011.08.15 13:33:46.707,1.03059,1.03107,3.00,2.63
2011.08.15 13:33:46.935,1.03062,1.03106,1.13,2.25
2011.08.15 13:33:47.275,1.03062,1.03103,1.13,4.50
2011.08.15 13:33:47.508,1.03061,1.03106,1.73,1.50
2011.08.15 13:33:47.625,1.03068,1.03106,2.18,1.50
2011.08.15 13:33:47.747,1.03061,1.03102,2.48,1.50
2011.08.15 13:33:48.144,1.03058,1.03102,2.18,3.75
2011.08.15 13:33:48.364,1.03058,1.031,2.18,2.25
2011.08.15 13:33:48.747,1.03061,1.031,1.13,2.25
2011.08.15 13:33:49.565,1.03061,1.03101,1.13,1.50
2011.08.15 13:33:49.903,1.03068,1.03101,2.25,1.50
2011.08.15 13:33:50.233,1.03067,1.03096,2.25,1.50
2011.08.15 13:33:50.785,1.03066,1.03097,2.25,1.50
2011.08.15 13:33:51.124,1.03069,1.03096,2.25,1.50
2011.08.15 13:33:52.466,1.03062,1.03096,1.13,1.50
2011.08.15 13:33:53.502,1.03057,1.03096,2.55,1.50
2011.08.15 13:33:53.945,1.03067,1.03097,2.18,1.50
2011.08.15 13:33:54.165,1.03067,1.03106,2.18,1.50
2011.08.15 13:33:54.285,1.03067,1.03106,2.18,1.50
2011.08.15 13:33:55.026,1.03061,1.03101,1.13,2.25
2011.08.15 13:33:55.477,1.03061,1.03102,1.88,1.50
2011.08.15 13:33:55.964,1.03061,1.03102,1.13,2.25
2011.08.15 13:33:56.675,1.03061,1.03102,1.88,2.25
2011.08.15 13:33:57.062,1.03061,1.03102,1.88,1.50
2011.08.15 13:33:57.663,1.03061,1.03101,1.88,2.25
2011.08.15 13:33:58.215,1.03061,1.03098,1.50,1.13
2011.08.15 13:33:58.340,1.03052,1.03091,3.38,1.50
2011.08.15 13:33:58.458,1.0305,1.0309,2.25,1.13
2011.08.15 13:33:58.575,1.03045,1.03087,3.00,1.50
2011.08.15 13:33:59.266,1.03047,1.03087,1.13,1.50
2011.08.15 13:33:59.384,1.03047,1.03086,1.73,1.50
2011.08.15 13:34:00.092,1.03047,1.03087,1.73,1.50
2011.08.15 13:34:00.953,1.03047,1.03086,1.73,1.50
2011.08.15 13:34:01.580,1.03047,1.03086,1.13,1.50
2011.08.15 13:34:02.294,1.03044,1.03086,1.50,1.50
2011.08.15 13:34:02.828,1.03043,1.03087,1.13,1.50
2011.08.15 13:34:03.735,1.03043,1.03087,1.13,2.25
2011.08.15 13:34:04.457,1.03041,1.03083,1.50,1.13
2011.08.15 13:34:04.574,1.03038,1.03081,3.00,1.50
2011.08.15 13:34:04.904,1.03036,1.03081,4.73,1.50
2011.08.15 13:34:05.013,1.03036,1.03081,4.35,1.88
2011.08.15 13:34:05.562,1.03036,1.0308,1.35,1.13
2011.08.15 13:34:05.896,1.03032,1.03072,1.35,1.88
2011.08.15 13:34:06.015,1.03029,1.03072,1.35,2.48
2011.08.15 13:34:06.654,1.03029,1.03071,1.35,2.85
2011.08.15 13:34:09.764,1.03029,1.03066,1.35,1.50
2011.08.15 13:34:10.210,1.03028,1.03067,2.10,1.50
2011.08.15 13:34:10.546,1.03033,1.03072,1.50,2.10
2011.08.15 13:34:10.777,1.03033,1.03077,1.13,2.10
2011.08.15 13:34:11.335,1.03031,1.03071,2.25,2.10
2011.08.15 13:34:11.567,1.03038,1.03076,2.18,1.50
2011.08.15 13:34:11.976,1.03032,1.03076,4.73,1.50
2011.08.15 13:34:12.685,1.03032,1.03076,2.48,2.25
2011.08.15 13:34:13.685,1.03035,1.03076,1.35,2.25
2011.08.15 13:34:14.821,1.03035,1.03072,1.35,1.50
2011.08.15 13:34:15.739,1.03035,1.03076,1.35,2.25
2011.08.15 13:34:15.853,1.03032,1.03076,2.48,2.25
2011.08.15 13:34:16.694,1.03029,1.03068,2.25,1.13
2011.08.15 13:34:16.805,1.0302,1.03066,3.23,1.50
2011.08.15 13:34:17.365,1.03024,1.03066,4.35,2.25
2011.08.15 13:34:17.926,1.03029,1.03071,1.73,2.25
2011.08.15 13:34:24.628,1.03031,1.03072,2.48,2.25
2011.08.15 13:34:24.857,1.03036,1.03072,1.13,1.50
2011.08.15 13:34:25.464,1.03038,1.03077,2.55,2.25
2011.08.15 13:34:25.685,1.03038,1.03077,2.18,1.50
2011.08.15 13:34:26.134,1.03033,1.03076,1.73,1.50
2011.08.15 13:34:27.753,1.03033,1.03076,1.13,2.25
2011.08.15 13:34:30.434,1.03031,1.03072,2.48,2.25
2011.08.15 13:34:33.753,1.03033,1.03072,1.13,1.50
2011.08.15 13:34:33.864,1.03033,1.03076,1.13,2.25
2011.08.15 13:34:36.108,1.03032,1.03071,1.13,2.25
2011.08.15 13:34:36.446,1.03033,1.03071,1.13,1.50
2011.08.15 13:34:36.677,1.03032,1.03072,1.35,1.50
2011.08.15 13:34:36.910,1.03033,1.03071,1.50,1.50
2011.08.15 13:34:37.589,1.03037,1.03072,3.30,1.50
2011.08.15 13:34:37.714,1.03033,1.03071,1.13,1.50
2011.08.15 13:34:38.265,1.03032,1.03067,3.98,1.50
2011.08.15 13:34:39.067,1.03032,1.03066,1.73,1.50
2011.08.15 13:34:39.806,1.03032,1.03067,2.48,1.50
2011.08.15 13:34:41.347,1.03027,1.03066,3.53,1.50
2011.08.15 13:34:41.906,1.03028,1.03067,1.73,1.50
2011.08.15 13:34:42.474,1.03029,1.03066,1.35,1.50
2011.08.15 13:34:43.856,1.03032,1.03067,1.35,1.50
2011.08.15 13:34:44.416,1.03029,1.03062,2.25,1.50
2011.08.15 13:34:44.755,1.03024,1.03061,1.50,2.10
2011.08.15 13:34:45.076,1.03023,1.03061,1.88,1.50
2011.08.15 13:34:46.739,1.0302,1.03062,2.85,1.50
2011.08.15 13:34:47.076,1.03019,1.03056,1.35,1.50
2011.08.15 13:34:47.304,1.03018,1.03056,2.78,1.50
2011.08.15 13:34:47.919,1.0302,1.03057,1.13,1.50
2011.08.15 13:34:48.257,1.03021,1.03056,5.48,1.50
2011.08.15 13:34:48.597,1.03027,1.03061,3.15,1.50
2011.08.15 13:34:49.047,1.03027,1.03062,3.15,1.50
2011.08.15 13:34:49.606,1.03027,1.03061,3.15,1.50
2011.08.15 13:34:50.416,1.03029,1.03062,2.85,1.50
2011.08.15 13:34:50.820,1.03033,1.03071,1.35,2.25
2011.08.15 13:34:50.941,1.03035,1.03072,1.35,1.50
2011.08.15 13:34:51.494,1.03033,1.03071,2.85,1.50
2011.08.15 13:34:52.477,1.03031,1.03072,2.48,1.50
2011.08.15 13:34:52.705,1.03035,1.03072,1.35,1.50
2011.08.15 13:34:53.094,1.03032,1.03071,1.35,2.25
2011.08.15 13:34:53.206,1.03032,1.03072,1.73,1.50
2011.08.15 13:34:53.436,1.03038,1.03072,2.18,1.50
2011.08.15 13:34:53.861,1.03032,1.03071,1.73,1.50
2011.08.15 13:34:54.197,1.03037,1.03071,3.30,1.50
2011.08.15 13:34:54.757,1.03038,1.03072,2.55,1.50
2011.08.15 13:34:55.096,1.03038,1.03082,3.15,1.50
2011.08.15 13:34:55.214,1.03039,1.03081,2.10,1.50
2011.08.15 13:34:55.767,1.03042,1.03082,1.13,1.50
2011.08.15 13:34:56.105,1.03042,1.03082,1.13,2.25
2011.08.15 13:34:56.849,1.03042,1.03082,1.13,1.50
2011.08.15 13:34:57.136,1.03044,1.03081,1.35,1.50
2011.08.15 13:34:57.377,1.03054,1.03092,1.13,2.25
2011.08.15 13:34:57.937,1.03054,1.03091,1.13,2.25
2011.08.15 13:34:58.444,1.03055,1.03091,1.73,1.50
2011.08.15 13:34:58.993,1.03055,1.03092,1.73,1.50
2011.08.15 13:34:59.110,1.03055,1.03092,1.73,1.50
2011.08.15 13:34:59.335,1.03065,1.03102,1.13,1.50
2011.08.15 13:34:59.454,1.03067,1.03102,2.18,1.50
2011.08.15 13:34:59.674,1.03063,1.03102,1.13,1.50
2011.08.15 13:35:00.304,1.03063,1.03101,1.13,1.50
2011.08.15 13:35:02.984,1.03063,1.03102,1.13,1.50
2011.08.15 13:35:03.723,1.03063,1.03102,1.13,2.25
2011.08.15 13:35:05.267,1.03067,1.03102,3.30,1.50
2011.08.15 13:35:05.384,1.03068,1.03106,1.13,2.25
2011.08.15 13:35:06.809,1.03068,1.03107,1.73,2.25
2011.08.15 13:35:07.073,1.03068,1.03102,1.73,1.50
2011.08.15 13:35:07.628,1.03065,1.03101,1.73,1.50
2011.08.15 13:35:07.856,1.03069,1.03107,1.73,2.25
2011.08.15 13:35:08.713,1.03068,1.03107,3.15,1.50
2011.08.15 13:35:09.230,1.03068,1.03107,3.53,2.25
2011.08.15 13:35:10.183,1.03063,1.03102,1.73,1.50
2011.08.15 13:35:10.626,1.03067,1.03107,3.15,1.50
2011.08.15 13:35:11.605,1.03066,1.03107,1.35,2.25
2011.08.15 13:35:12.549,1.03062,1.03102,2.10,1.50
2011.08.15 13:35:13.784,1.03062,1.03101,2.10,1.50
2011.08.15 13:35:14.435,1.03062,1.03101,2.10,2.25
2011.08.15 13:35:14.733,1.03062,1.03101,3.60,1.50
2011.08.15 13:35:14.845,1.03065,1.03107,1.73,2.25
2011.08.15 13:35:15.405,1.03062,1.03102,2.48,1.50
2011.08.15 13:35:16.475,1.03067,1.03107,1.35,1.50
2011.08.15 13:35:17.522,1.03068,1.03107,2.78,2.25
2011.08.15 13:35:18.076,1.03067,1.03107,3.90,2.25
2011.08.15 13:35:18.413,1.03067,1.03106,3.90,2.25
2011.08.15 13:35:19.905,1.03066,1.03106,1.35,2.25
2011.08.15 13:35:20.874,1.03064,1.03101,2.85,2.25
2011.08.15 13:35:21.424,1.03068,1.03101,1.73,1.50
2011.08.15 13:35:21.543,1.03068,1.03107,1.73,2.25
2011.08.15 13:35:22.754,1.03068,1.03106,1.73,2.25
2011.08.15 13:35:23.369,1.0307,1.03106,1.35,1.50
2011.08.15 13:35:23.594,1.03066,1.03106,1.35,2.25
2011.08.15 13:35:24.144,1.0307,1.03106,1.35,1.50
2011.08.15 13:35:24.256,1.03071,1.03107,1.13,1.50
2011.08.15 13:35:24.374,1.03072,1.03112,1.13,2.10
2011.08.15 13:35:24.594,1.03071,1.03111,1.50,1.50
2011.08.15 13:35:24.704,1.03069,1.03111,1.73,2.25
2011.08.15 13:35:25.408,1.03067,1.03107,1.73,1.50
2011.08.15 13:35:25.744,1.03071,1.03111,1.73,2.25
2011.08.15 13:35:26.729,1.03072,1.03116,1.73,2.25
2011.08.15 13:35:26.959,1.03072,1.03115,1.35,1.13
2011.08.15 13:35:27.959,1.03068,1.03115,1.73,1.13
2011.08.15 13:35:28.084,1.03064,1.0311,5.10,1.13
2011.08.15 13:35:28.643,1.03066,1.0311,2.10,2.63
2011.08.15 13:35:28.868,1.03059,1.03104,2.85,1.13
2011.08.15 13:35:29.426,1.03057,1.03101,3.90,2.10
2011.08.15 13:35:29.545,1.03057,1.03096,3.60,1.50
2011.08.15 13:35:29.774,1.03057,1.03102,3.23,2.10
2011.08.15 13:35:30.117,1.03056,1.03097,1.73,1.50
2011.08.15 13:35:30.456,1.03053,1.03097,1.13,1.50
2011.08.15 13:35:30.688,1.03056,1.03101,1.35,3.00
2011.08.15 13:35:30.916,1.03058,1.03105,4.80,1.13
2011.08.15 13:35:31.145,1.03058,1.03105,1.88,1.88
2011.08.15 13:35:31.706,1.03059,1.03106,2.25,2.25
2011.08.15 13:35:32.704,1.03061,1.03106,1.13,2.25
2011.08.15 13:35:33.036,1.03062,1.03106,1.73,1.50
2011.08.15 13:35:33.539,1.03062,1.03106,1.13,2.10
2011.08.15 13:35:33.653,1.03059,1.03106,3.00,2.48
2011.08.15 13:35:33.876,1.03057,1.03101,1.13,1.50
2011.08.15 13:35:34.217,1.03058,1.03101,1.35,1.50
2011.08.15 13:35:34.338,1.03062,1.03107,1.73,2.25
2011.08.15 13:35:35.674,1.03062,1.03106,2.48,1.50
2011.08.15 13:35:36.224,1.03062,1.03107,2.48,1.50
2011.08.15 13:35:36.444,1.03062,1.03104,1.13,1.35
2011.08.15 13:35:37.005,1.03062,1.03107,1.13,2.10
2011.08.15 13:35:37.235,1.03058,1.03104,3.00,1.73
2011.08.15 13:35:39.163,1.03058,1.03104,2.25,1.73
2011.08.15 13:35:39.275,1.03056,1.03102,2.25,1.88
2011.08.15 13:35:39.396,1.03054,1.03102,3.23,1.50
2011.08.15 13:35:40.105,1.03057,1.03101,2.55,1.50
2011.08.15 13:35:40.724,1.03057,1.03102,3.30,1.50
2011.08.15 13:35:40.836,1.03058,1.03104,1.50,1.73
2011.08.15 13:35:40.953,1.03061,1.03104,1.35,1.13
2011.08.15 13:35:42.426,1.03056,1.03104,2.48,1.13
2011.08.15 13:35:42.548,1.03056,1.03099,1.35,1.73
2011.08.15 13:35:43.898,1.03056,1.03098,1.35,1.35
2011.08.15 13:35:45.705,1.03053,1.03098,1.35,1.35
2011.08.15 13:35:50.517,1.03057,1.03096,1.73,1.50
2011.08.15 13:35:50.637,1.03058,1.03097,1.88,2.10
2011.08.15 13:35:50.755,1.03052,1.03097,3.38,2.48
2011.08.15 13:35:50.876,1.03057,1.03095,2.18,1.50
2011.08.15 13:35:51.087,1.03052,1.03095,1.13,1.50
2011.08.15 13:35:51.210,1.0305,1.03091,2.63,1.50
2011.08.15 13:35:52.383,1.03049,1.03091,3.98,2.10
2011.08.15 13:35:52.605,1.03048,1.03091,4.43,2.25
2011.08.15 13:35:52.824,1.03049,1.03091,1.13,2.25
2011.08.15 13:35:53.046,1.03047,1.03092,1.88,2.25
2011.08.15 13:35:53.163,1.03047,1.03092,1.13,2.25
2011.08.15 13:35:53.911,1.03047,1.03091,1.13,2.25
2011.08.15 13:35:54.247,1.03047,1.03091,1.13,2.25
2011.08.15 13:35:54.473,1.03051,1.03091,1.13,2.25
2011.08.15 13:35:54.584,1.03048,1.03092,1.13,2.25
2011.08.15 13:35:54.694,1.03047,1.03089,2.55,1.35
2011.08.15 13:35:55.028,1.03046,1.03087,1.50,2.10
2011.08.15 13:35:55.257,1.03042,1.03085,2.63,1.35
2011.08.15 13:35:55.485,1.03038,1.03085,2.85,1.73
2011.08.15 13:35:56.035,1.03038,1.03081,1.35,1.50
2011.08.15 13:35:56.783,1.03044,1.03084,1.88,1.35
2011.08.15 13:35:59.072,1.03044,1.03091,1.13,1.13
2011.08.15 13:35:59.406,1.03043,1.03086,1.13,1.35
2011.08.15 13:36:01.312,1.03042,1.03083,1.13,1.35
2011.08.15 13:36:02.245,1.03041,1.03083,2.85,1.73
2011.08.15 13:36:02.480,1.03041,1.03084,1.73,1.35
2011.08.15 13:36:02.817,1.03044,1.03084,1.88,1.35
2011.08.15 13:36:03.373,1.03046,1.03082,1.13,1.50
2011.08.15 13:36:05.723,1.03047,1.03082,1.13,2.25
2011.08.15 13:36:05.833,1.03047,1.03082,1.88,1.50
2011.08.15 13:36:06.055,1.03045,1.03081,1.13,2.25
2011.08.15 13:36:06.165,1.03044,1.03081,1.50,2.25
2011.08.15 13:36:06.394,1.03042,1.03082,1.13,1.50
2011.08.15 13:36:06.614,1.03047,1.03082,1.13,1.50
2011.08.15 13:36:07.236,1.03047,1.03081,1.13,1.50
2011.08.15 13:36:07.794,1.03045,1.03082,1.13,2.25
2011.08.15 13:36:08.128,1.03043,1.03081,1.73,1.50
2011.08.15 13:36:08.703,1.03042,1.03082,1.73,1.50
2011.08.15 13:36:08.817,1.03042,1.03077,1.73,1.50
2011.08.15 13:36:09.385,1.03042,1.03076,1.88,1.50
2011.08.15 13:36:09.914,1.03042,1.03077,1.88,1.50
2011.08.15 13:36:10.354,1.03043,1.03081,3.38,1.50
2011.08.15 13:36:10.683,1.03043,1.03081,1.88,1.50
2011.08.15 13:36:11.334,1.03043,1.03082,1.13,1.50
2011.08.15 13:36:11.883,1.03043,1.03081,1.13,1.50
2011.08.15 13:36:12.701,1.03043,1.03082,1.13,2.25
2011.08.15 13:36:13.735,1.03042,1.03081,1.13,2.25
2011.08.15 13:36:14.873,1.03043,1.03082,1.13,2.25
2011.08.15 13:36:16.092,1.03044,1.03086,3.38,2.25
2011.08.15 13:36:16.424,1.03064,1.03091,2.85,2.25
2011.08.15 13:36:16.973,1.03064,1.03091,2.85,2.25
2011.08.15 13:36:17.084,1.03049,1.03091,2.85,2.25
2011.08.15 13:36:17.492,1.03047,1.03085,1.13,1.35
2011.08.15 13:36:18.683,1.03046,1.03085,1.88,1.35
2011.08.15 13:36:19.045,1.03048,1.03085,1.13,1.35
2011.08.15 13:36:19.166,1.03051,1.03091,1.35,2.25
2011.08.15 13:36:19.506,1.03051,1.03092,1.73,1.50
2011.08.15 13:36:20.014,1.03051,1.03092,1.35,1.50
2011.08.15 13:36:20.591,1.03051,1.03091,2.10,1.50
2011.08.15 13:36:20.703,1.03051,1.03091,2.10,2.25
2011.08.15 13:36:21.676,1.03049,1.03087,3.00,1.35
2011.08.15 13:36:22.043,1.03051,1.03089,1.88,1.35
2011.08.15 13:36:22.153,1.03051,1.03092,1.88,2.25
2011.08.15 13:36:23.985,1.03051,1.03092,1.50,2.25
2011.08.15 13:36:24.306,1.03051,1.03091,1.50,1.50
2011.08.15 13:36:24.427,1.03057,1.03091,1.13,1.50
2011.08.15 13:36:26.314,1.03057,1.03097,1.13,1.50
2011.08.15 13:36:26.934,1.03057,1.03096,1.13,1.50
2011.08.15 13:36:27.077,1.03056,1.03096,3.00,1.50
2011.08.15 13:36:27.306,1.03055,1.03096,1.13,1.50
2011.08.15 13:36:27.532,1.03055,1.03096,1.13,1.50
2011.08.15 13:36:27.964,1.03061,1.03096,1.13,1.50
2011.08.15 13:36:28.516,1.0306,1.03097,1.13,1.50
2011.08.15 13:36:28.635,1.03055,1.03096,1.13,1.50
2011.08.15 13:36:28.963,1.03053,1.03097,1.13,1.50
2011.08.15 13:36:30.886,1.03055,1.03097,1.13,2.25
2011.08.15 13:36:31.785,1.03052,1.03097,1.13,2.25
2011.08.15 13:36:32.907,1.03055,1.03094,1.13,1.35
2011.08.15 13:36:33.324,1.03066,1.03101,1.50,1.50
2011.08.15 13:36:33.657,1.03067,1.03107,2.78,1.50
2011.08.15 13:36:34.105,1.03061,1.03102,3.23,1.50
2011.08.15 13:36:34.575,1.03059,1.03101,1.73,1.50
2011.08.15 13:36:35.125,1.03059,1.03102,1.73,1.50
2011.08.15 13:36:35.845,1.03055,1.03102,3.38,1.88
2011.08.15 13:36:36.184,1.03056,1.03102,1.50,1.50
2011.08.15 13:36:36.955,1.03057,1.03102,3.00,1.88
2011.08.15 13:36:37.064,1.03057,1.03102,2.25,1.88
2011.08.15 13:36:37.175,1.03055,1.03102,1.13,1.88
2011.08.15 13:36:37.895,1.03055,1.03101,1.13,1.50
2011.08.15 13:36:38.707,1.03055,1.03101,2.43,2.25
2011.08.15 13:36:39.695,1.03055,1.031,1.13,3.00
2011.08.15 13:36:40.733,1.03055,1.03102,1.88,4.88
2011.08.15 13:36:42.671,1.03055,1.03101,1.88,2.25
2011.08.15 13:36:43.695,1.03055,1.03102,1.50,2.25
2011.08.15 13:36:44.595,1.03061,1.03102,1.73,2.25
2011.08.15 13:36:44.934,1.03062,1.03101,1.35,1.50
2011.08.15 13:36:45.076,1.03061,1.03101,1.73,2.25
2011.08.15 13:36:45.627,1.03061,1.03101,1.73,2.25
2011.08.15 13:36:45.957,1.03062,1.03101,1.35,2.25
2011.08.15 13:36:47.634,1.03062,1.03106,1.35,1.13
2011.08.15 13:36:47.965,1.03065,1.03106,1.73,2.25
2011.08.15 13:36:48.406,1.03063,1.03106,1.73,2.25
2011.08.15 13:36:48.747,1.03055,1.03096,2.10,2.10
2011.08.15 13:36:49.142,1.03057,1.03096,1.35,2.10
2011.08.15 13:36:49.693,1.03062,1.03096,1.35,1.50
2011.08.15 13:36:50.356,1.03064,1.03102,1.73,1.50
2011.08.15 13:36:50.476,1.03066,1.03102,2.10,1.50
2011.08.15 13:36:50.705,1.03067,1.03101,2.78,1.50
2011.08.15 13:36:51.373,1.0306,1.03097,2.48,1.50
2011.08.15 13:36:53.385,1.03062,1.03096,1.35,1.50
2011.08.15 13:36:54.425,1.03062,1.03097,1.35,1.50
2011.08.15 13:36:54.686,1.0306,1.03096,1.13,1.50
2011.08.15 13:36:55.427,1.03074,1.03096,2.03,1.50
2011.08.15 13:36:55.547,1.03058,1.03096,1.35,1.50
2011.08.15 13:36:55.944,1.03058,1.03092,1.35,1.50
2011.08.15 13:36:56.394,1.03057,1.03091,1.35,1.50
2011.08.15 13:36:56.502,1.03058,1.03091,1.35,1.50
2011.08.15 13:36:57.324,1.03058,1.031,1.35,1.73
2011.08.15 13:36:57.772,1.03057,1.031,1.35,1.73
2011.08.15 13:36:59.409,1.03057,1.031,2.10,1.73
2011.08.15 13:36:59.528,1.03057,1.031,2.48,1.35
2011.08.15 13:36:59.865,1.03064,1.03107,1.13,2.25
2011.08.15 13:37:01.746,1.03065,1.03107,1.13,2.25
2011.08.15 13:37:02.628,1.03065,1.03104,1.13,1.35
2011.08.15 13:37:02.748,1.0306,1.03103,1.13,1.35
2011.08.15 13:37:03.195,1.03056,1.03101,1.50,2.48
2011.08.15 13:37:03.600,1.03056,1.03102,1.50,4.65
2011.08.15 13:37:04.046,1.03055,1.03097,1.73,1.50
2011.08.15 13:37:04.385,1.03059,1.03097,1.13,1.50
2011.08.15 13:37:04.944,1.03054,1.03099,2.48,1.35
2011.08.15 13:37:05.166,1.03053,1.03093,1.88,1.35
2011.08.15 13:37:05.506,1.03052,1.031,3.60,3.00
2011.08.15 13:37:05.739,1.03054,1.03097,1.35,1.73
2011.08.15 13:37:06.480,1.03053,1.03094,1.35,1.35
2011.08.15 13:37:06.816,1.03054,1.03097,2.48,1.50
2011.08.15 13:37:06.935,1.03054,1.03099,3.23,1.13
2011.08.15 13:37:07.486,1.0305,1.03098,1.15,1.73
2011.08.15 13:37:07.903,1.0305,1.03098,1.15,1.13
2011.08.15 13:37:08.447,1.03052,1.03099,1.50,2.25
2011.08.15 13:37:08.674,1.03059,1.03102,1.13,4.35
2011.08.15 13:37:08.798,1.03059,1.03102,1.50,3.15
2011.08.15 13:37:09.073,1.03057,1.03102,2.25,4.65
2011.08.15 13:37:09.185,1.03053,1.03102,2.63,2.48
2011.08.15 13:37:09.311,1.03059,1.03103,1.35,2.18
2011.08.15 13:37:09.427,1.03059,1.03107,1.35,3.60
2011.08.15 13:37:09.765,1.03055,1.03103,3.38,1.35
2011.08.15 13:37:09.995,1.0306,1.03106,1.35,3.23
2011.08.15 13:37:10.633,1.0306,1.03103,1.35,1.35
2011.08.15 13:37:10.747,1.03054,1.03103,4.35,2.10
2011.08.15 13:37:10.974,1.03054,1.03102,1.13,5.40
2011.08.15 13:37:11.955,1.03064,1.03098,2.03,1.35
2011.08.15 13:37:12.555,1.03063,1.03098,2.03,1.35
2011.08.15 13:37:13.122,1.03059,1.03097,1.50,2.10
2011.08.15 13:37:13.240,1.03055,1.03097,1.13,2.10
2011.08.15 13:37:13.469,1.03055,1.03097,1.13,2.10
2011.08.15 13:37:13.588,1.03058,1.03102,1.50,2.55
2011.08.15 13:37:14.564,1.03059,1.03103,1.88,1.50
2011.08.15 13:37:15.152,1.03059,1.03104,1.88,1.50
2011.08.15 13:37:15.494,1.03062,1.03111,3.38,1.13
2011.08.15 13:37:15.829,1.0306,1.03106,4.13,1.88
2011.08.15 13:37:17.037,1.03059,1.03096,1.13,1.50
2011.08.15 13:37:17.634,1.03059,1.03096,1.50,1.50
2011.08.15 13:37:17.968,1.03065,1.03107,1.13,1.50
2011.08.15 13:37:18.195,1.03062,1.03106,1.50,2.25
2011.08.15 13:37:18.317,1.03056,1.03101,3.75,1.88
2011.08.15 13:37:18.435,1.03057,1.03101,1.50,1.50
2011.08.15 13:37:19.366,1.03063,1.03102,1.13,1.50
2011.08.15 13:37:20.254,1.03063,1.03101,1.13,1.50
2011.08.15 13:37:20.727,1.03065,1.03101,1.50,1.50
2011.08.15 13:37:21.174,1.03066,1.03107,1.35,2.25
2011.08.15 13:37:22.054,1.03061,1.03101,1.50,1.88
2011.08.15 13:37:22.166,1.03058,1.03102,1.35,4.05
2011.08.15 13:37:23.673,1.03056,1.03101,1.35,1.88
2011.08.15 13:37:23.784,1.03056,1.03097,1.35,1.88
2011.08.15 13:37:24.005,1.03056,1.03097,1.35,1.50
2011.08.15 13:37:25.603,1.03056,1.03096,1.35,1.50
2011.08.15 13:37:25.715,1.03058,1.03096,1.35,1.50
2011.08.15 13:37:27.896,1.03058,1.03096,1.35,1.88
2011.08.15 13:37:28.017,1.03057,1.03094,1.35,1.13
2011.08.15 13:37:28.135,1.03053,1.03096,1.50,2.48
2011.08.15 13:37:28.686,1.03054,1.03096,3.00,2.48
2011.08.15 13:37:28.809,1.03057,1.03097,3.60,1.50
2011.08.15 13:37:29.655,1.03056,1.03096,2.85,1.88
2011.08.15 13:37:30.206,1.03052,1.03091,1.73,1.50
2011.08.15 13:37:31.203,1.03058,1.03091,2.10,1.50
2011.08.15 13:37:31.973,1.03054,1.03091,1.35,1.50
2011.08.15 13:37:32.889,1.0306,1.03091,2.10,1.50
2011.08.15 13:37:33.334,1.0306,1.03096,2.10,2.25
2011.08.15 13:37:34.445,1.03057,1.03097,3.90,1.50
2011.08.15 13:37:34.680,1.03062,1.03097,1.50,1.50
2011.08.15 13:37:35.309,1.0306,1.03097,1.73,1.50
2011.08.15 13:37:35.647,1.03063,1.03091,2.26,1.50
2011.08.15 13:37:36.205,1.03063,1.03092,1.51,1.88
2011.08.15 13:37:36.550,1.0305,1.03091,1.90,1.50
2011.08.15 13:37:37.105,1.03052,1.03091,1.35,1.50
2011.08.15 13:37:37.545,1.03052,1.03092,1.35,1.50
2011.08.15 13:37:37.839,1.03052,1.03092,1.35,1.50
2011.08.15 13:37:38.406,1.0305,1.03091,1.73,1.50
2011.08.15 13:37:38.854,1.03052,1.03086,1.35,1.50
2011.08.15 13:37:39.546,1.03052,1.03087,1.35,1.50
2011.08.15 13:37:39.924,1.03052,1.03087,1.35,1.50
2011.08.15 13:37:40.255,1.03052,1.03087,3.23,1.50
2011.08.15 13:37:40.366,1.03052,1.03087,1.73,1.50
2011.08.15 13:37:40.980,1.03053,1.03087,2.48,1.50
2011.08.15 13:37:41.537,1.0306,1.03096,1.73,3.08
2011.08.15 13:37:41.874,1.0306,1.03087,1.73,1.80
2011.08.15 13:37:42.175,1.03067,1.03097,2.78,1.50
2011.08.15 13:37:42.394,1.03067,1.03102,2.78,1.50
2011.08.15 13:37:42.615,1.03061,1.03097,2.48,1.50
2011.08.15 13:37:43.226,1.03059,1.03097,1.13,1.50
2011.08.15 13:37:43.895,1.03061,1.03096,1.13,1.50
2011.08.15 13:37:44.011,1.03061,1.03096,1.88,1.50
2011.08.15 13:37:44.523,1.03061,1.03097,1.88,1.50
2011.08.15 13:37:45.362,1.03063,1.03097,1.50,1.50
2011.08.15 13:37:45.481,1.03062,1.03097,3.00,1.50
2011.08.15 13:37:45.599,1.03058,1.03101,3.53,1.50
2011.08.15 13:37:45.721,1.03056,1.03097,1.50,1.35
2011.08.15 13:37:45.840,1.03053,1.03091,3.00,1.50
2011.08.15 13:37:45.961,1.03052,1.03091,1.50,1.50
2011.08.15 13:37:46.186,1.03053,1.03091,1.73,1.50
2011.08.15 13:37:46.417,1.03057,1.03097,2.10,1.50
2011.08.15 13:37:46.757,1.03062,1.03102,1.13,2.25
2011.08.15 13:37:49.527,1.03061,1.03102,2.25,2.25
2011.08.15 13:37:50.062,1.03059,1.03101,1.73,2.25
2011.08.15 13:37:50.727,1.03065,1.03101,1.73,2.25
2011.08.15 13:37:51.176,1.03061,1.03102,3.75,2.25
2011.08.15 13:37:51.734,1.03059,1.03096,1.73,1.50
2011.08.15 13:37:52.285,1.03058,1.03096,1.35,1.50
2011.08.15 13:37:53.099,1.0306,1.03097,1.13,1.50
2011.08.15 13:37:53.653,1.03056,1.03097,1.73,1.50
2011.08.15 13:37:54.255,1.0306,1.03096,1.13,1.50
2011.08.15 13:37:55.034,1.0306,1.03097,1.13,1.50
2011.08.15 13:37:55.365,1.03063,1.03096,1.13,1.50
2011.08.15 13:37:55.703,1.0306,1.03097,1.13,1.50
2011.08.15 13:37:57.916,1.03062,1.03097,1.50,1.50
2011.08.15 13:37:58.146,1.03063,1.03102,2.48,2.25
2011.08.15 13:37:58.595,1.03061,1.03096,2.85,1.50
2011.08.15 13:37:58.714,1.03057,1.03096,1.13,1.50
2011.08.15 13:37:59.155,1.03062,1.03096,1.13,1.50
2011.08.15 13:37:59.377,1.03059,1.03097,1.13,1.50
2011.08.15 13:37:59.605,1.03057,1.03096,1.13,1.50
2011.08.15 13:38:01.058,1.03056,1.03097,1.13,1.50
2011.08.15 13:38:01.505,1.0306,1.03091,1.13,1.50
2011.08.15 13:38:02.053,1.03058,1.03092,1.13,1.50
2011.08.15 13:38:02.628,1.03058,1.03092,1.13,1.50
2011.08.15 13:38:03.725,1.03054,1.03091,1.73,1.50
2011.08.15 13:38:04.971,1.03057,1.03097,1.13,1.50
2011.08.15 13:38:06.656,1.03054,1.03097,1.35,1.50
2011.08.15 13:38:06.995,1.03054,1.03097,1.35,1.50
2011.08.15 13:38:07.546,1.03058,1.03091,1.13,1.50
2011.08.15 13:38:08.163,1.03054,1.03091,1.73,1.50
2011.08.15 13:38:08.281,1.03054,1.03091,1.35,1.50
2011.08.15 13:38:08.401,1.03054,1.03091,1.35,1.50
2011.08.15 13:38:08.629,1.03056,1.03097,1.88,1.50
2011.08.15 13:38:09.077,1.03059,1.03096,3.38,1.50
2011.08.15 13:38:09.415,1.03061,1.03097,1.13,1.50
2011.08.15 13:38:09.745,1.03059,1.03097,3.00,1.50
2011.08.15 13:38:10.198,1.03053,1.03092,1.73,1.50
2011.08.15 13:38:10.619,1.03046,1.03086,3.38,1.50
2011.08.15 13:38:10.735,1.03046,1.03086,2.25,1.50
2011.08.15 13:38:10.958,1.03046,1.03086,2.63,1.50
2011.08.15 13:38:11.518,1.03044,1.03087,1.13,2.10
2011.08.15 13:38:11.638,1.03042,1.03087,1.73,2.10
2011.08.15 13:38:11.756,1.03046,1.03086,1.13,2.10
2011.08.15 13:38:12.498,1.03046,1.03086,1.73,1.50
2011.08.15 13:38:13.738,1.03051,1.03087,1.35,1.50
2011.08.15 13:38:14.076,1.03043,1.03082,1.35,1.50
2011.08.15 13:38:15.663,1.03043,1.03082,1.35,1.50
2011.08.15 13:38:16.814,1.03043,1.03082,1.35,1.50
2011.08.15 13:38:20.035,1.03042,1.03082,1.35,2.25
2011.08.15 13:38:20.571,1.03039,1.03078,1.50,1.35
2011.08.15 13:38:21.674,1.03038,1.0308,1.13,1.35
2011.08.15 13:38:22.226,1.03041,1.03081,1.35,1.50
2011.08.15 13:38:22.784,1.03036,1.03082,1.73,3.68
2011.08.15 13:38:23.792,1.03038,1.03081,1.35,1.50
2011.08.15 13:38:24.343,1.03042,1.03082,1.35,1.50
2011.08.15 13:38:24.706,1.03042,1.03081,1.35,2.25
2011.08.15 13:38:30.437,1.03037,1.03078,1.68,2.10
2011.08.15 13:38:30.668,1.03044,1.03086,1.50,1.50
2011.08.15 13:38:30.902,1.03052,1.03087,3.23,1.50
2011.08.15 13:38:31.128,1.03055,1.03097,1.35,1.50
2011.08.15 13:38:31.687,1.03059,1.03096,1.73,1.50
2011.08.15 13:38:34.177,1.03058,1.03097,1.50,1.50
2011.08.15 13:38:34.891,1.03059,1.03098,1.50,1.35
2011.08.15 13:38:35.021,1.03058,1.03097,2.18,2.48
2011.08.15 13:38:35.147,1.03052,1.03087,2.25,1.50
2011.08.15 13:38:35.708,1.03043,1.03087,1.35,1.50
2011.08.15 13:38:35.938,1.03043,1.03086,2.85,1.50
2011.08.15 13:38:36.495,1.03051,1.03091,1.35,1.50
2011.08.15 13:38:36.827,1.03051,1.03097,1.35,2.10
2011.08.15 13:38:37.375,1.03051,1.03096,3.60,2.10
2011.08.15 13:38:37.607,1.03049,1.03097,1.35,2.10
2011.08.15 13:38:37.731,1.03046,1.03086,1.35,1.50
2011.08.15 13:38:38.070,1.03055,1.03092,1.35,2.18
2011.08.15 13:38:38.185,1.03055,1.03096,1.35,1.50
2011.08.15 13:38:38.520,1.03058,1.03097,2.48,1.50
2011.08.15 13:38:38.746,1.03055,1.03096,1.73,1.50
2011.08.15 13:38:39.165,1.03057,1.03096,1.35,1.50
2011.08.15 13:38:39.396,1.03057,1.03098,1.73,1.35
2011.08.15 13:38:39.718,1.03053,1.03098,2.25,1.88
2011.08.15 13:38:39.837,1.03051,1.03097,2.63,1.50
2011.08.15 13:38:40.066,1.03055,1.03096,1.13,1.50
2011.08.15 13:38:40.407,1.03054,1.03096,1.35,1.88
2011.08.15 13:38:40.744,1.03053,1.03091,1.50,2.85
2011.08.15 13:38:40.857,1.03045,1.0309,2.65,1.73
2011.08.15 13:38:41.413,1.03047,1.0309,1.50,1.35
2011.08.15 13:38:41.523,1.03051,1.03093,2.48,1.35
2011.08.15 13:38:41.747,1.03052,1.03097,1.35,1.50
2011.08.15 13:38:41.974,1.03051,1.03096,1.73,1.50
2011.08.15 13:38:42.338,1.03047,1.03092,1.13,3.15
2011.08.15 13:38:42.784,1.03051,1.03097,1.13,3.23
2011.08.15 13:38:43.004,1.03051,1.03097,1.13,1.88
2011.08.15 13:38:43.445,1.03049,1.03095,1.35,1.13
2011.08.15 13:38:43.774,1.03047,1.03093,1.50,2.10
2011.08.15 13:38:43.993,1.03044,1.03088,2.80,1.13
2011.08.15 13:38:44.534,1.03044,1.03088,2.25,1.13
2011.08.15 13:38:45.046,1.03044,1.03088,1.50,1.73
2011.08.15 13:38:45.386,1.03038,1.03081,2.25,2.10
2011.08.15 13:38:46.448,1.03044,1.03081,1.13,2.10
2011.08.15 13:38:46.566,1.03044,1.03086,3.23,2.85
2011.08.15 13:38:46.799,1.03043,1.03084,1.50,2.10
2011.08.15 13:38:47.356,1.03044,1.03084,1.50,2.10
2011.08.15 13:38:47.782,1.0304,1.03082,2.10,3.15
2011.08.15 13:38:48.128,1.0304,1.03082,1.35,3.15
2011.08.15 13:38:48.250,1.03041,1.03082,1.35,3.68
2011.08.15 13:38:48.592,1.03043,1.03087,1.35,4.88
2011.08.15 13:38:49.364,1.0304,1.03087,1.35,1.50
2011.08.15 13:38:50.029,1.03043,1.03086,1.73,1.50
2011.08.15 13:38:50.586,1.03044,1.03087,1.35,1.88
2011.08.15 13:38:50.708,1.03044,1.03082,1.35,1.50
2011.08.15 13:38:50.829,1.03039,1.03081,1.73,1.50
2011.08.15 13:38:51.058,1.03037,1.03082,3.98,2.10
2011.08.15 13:38:51.731,1.03041,1.03081,3.38,1.50
2011.08.15 13:38:52.071,1.03039,1.03081,1.35,1.50
2011.08.15 13:38:52.186,1.03038,1.03081,2.10,1.50
2011.08.15 13:38:52.308,1.03044,1.03087,1.73,1.50
2011.08.15 13:38:52.428,1.03047,1.03091,2.48,2.25
2011.08.15 13:38:52.986,1.03047,1.0309,2.25,1.73
2011.08.15 13:38:53.220,1.03042,1.03086,3.23,2.10
2011.08.15 13:38:53.447,1.03042,1.03082,1.13,2.18
2011.08.15 13:38:53.799,1.03042,1.03082,1.13,2.18
2011.08.15 13:38:53.922,1.03037,1.03081,3.60,1.88
2011.08.15 13:38:54.036,1.03042,1.03086,1.73,3.60
2011.08.15 13:38:54.706,1.03039,1.03086,1.88,1.88
2011.08.15 13:38:54.826,1.03038,1.03085,4.13,1.13
2011.08.15 13:38:55.167,1.03036,1.03081,3.75,1.88
2011.08.15 13:38:55.285,1.03036,1.03081,3.00,1.88
2011.08.15 13:38:55.726,1.03038,1.03082,1.13,3.68
2011.08.15 13:38:56.151,1.03038,1.03076,1.13,1.50
2011.08.15 13:38:56.258,1.03038,1.03082,1.13,1.50
2011.08.15 13:38:57.103,1.03038,1.03082,1.73,2.10
2011.08.15 13:38:57.785,1.03041,1.03081,1.35,1.50
2011.08.15 13:38:58.235,1.03033,1.03078,3.00,1.73
2011.08.15 13:38:58.567,1.03035,1.03071,1.13,1.50
2011.08.15 13:38:58.912,1.03036,1.03071,1.35,1.50
2011.08.15 13:38:59.381,1.03034,1.03076,1.73,1.50
2011.08.15 13:38:59.936,1.03036,1.03077,1.35,1.50
2011.08.15 13:39:00.497,1.03032,1.03076,1.35,1.88
2011.08.15 13:39:00.837,1.03034,1.03077,2.48,1.50
2011.08.15 13:39:01.255,1.03044,1.03084,1.35,2.25
2011.08.15 13:39:01.372,1.03043,1.03086,1.73,2.25
2011.08.15 13:39:01.486,1.03042,1.03086,1.35,1.88
2011.08.15 13:39:01.607,1.0304,1.03086,1.35,2.48
2011.08.15 13:39:01.727,1.03037,1.03082,3.98,1.50
2011.08.15 13:39:02.070,1.03039,1.03076,1.35,1.50
2011.08.15 13:39:02.187,1.0303,1.03071,2.85,1.50
2011.08.15 13:39:02.745,1.03029,1.03071,1.35,1.50
2011.08.15 13:39:03.444,1.03036,1.03076,3.38,1.50
2011.08.15 13:39:03.558,1.03036,1.03081,3.38,1.50
2011.08.15 13:39:04.009,1.03036,1.03082,1.50,1.50
2011.08.15 13:39:04.237,1.03037,1.03081,2.55,1.50
2011.08.15 13:39:04.356,1.03038,1.03084,1.88,1.13
2011.08.15 13:39:04.693,1.03039,1.03084,1.50,1.50
2011.08.15 13:39:04.914,1.03031,1.03082,1.73,1.88
2011.08.15 13:39:05.027,1.03033,1.03082,1.35,1.50
2011.08.15 13:39:05.364,1.03042,1.03084,1.13,3.00
2011.08.15 13:39:05.695,1.03041,1.03086,1.13,1.50
2011.08.15 13:39:06.365,1.03041,1.03087,1.13,1.50
2011.08.15 13:39:07.733,1.03043,1.03087,1.13,1.50
2011.08.15 13:39:08.396,1.03041,1.03087,1.88,2.25
2011.08.15 13:39:09.340,1.03043,1.03086,1.13,2.25
2011.08.15 13:39:12.089,1.03041,1.03087,1.88,2.25
2011.08.15 13:39:12.208,1.03041,1.03084,1.50,1.13
2011.08.15 13:39:12.328,1.03039,1.03084,2.48,1.88
2011.08.15 13:39:12.665,1.03034,1.03076,1.50,2.10
2011.08.15 13:39:13.527,1.03033,1.03077,1.88,2.10
2011.08.15 13:39:13.742,1.03033,1.03077,1.88,2.10
2011.08.15 13:39:13.861,1.0303,1.03076,3.60,2.48
2011.08.15 13:39:13.975,1.03032,1.03071,2.85,1.50
2011.08.15 13:39:14.415,1.03029,1.03072,2.10,1.50
2011.08.15 13:39:14.746,1.03032,1.03077,1.73,1.50
2011.08.15 13:39:15.595,1.03032,1.03077,1.73,2.25
2011.08.15 13:39:16.177,1.03035,1.03076,2.10,1.50
2011.08.15 13:39:16.994,1.03034,1.03076,1.13,1.50
2011.08.15 13:39:17.866,1.03032,1.03077,2.10,1.50
2011.08.15 13:39:19.424,1.0304,1.03077,1.13,1.50
2011.08.15 13:39:20.004,1.0304,1.03081,1.13,2.25
2011.08.15 13:39:20.326,1.0304,1.03082,1.13,1.50
2011.08.15 13:39:20.547,1.03036,1.0308,2.10,1.50
2011.08.15 13:39:20.667,1.03035,1.03071,2.25,1.50
2011.08.15 13:39:20.895,1.03034,1.03076,3.00,1.50
2011.08.15 13:39:21.016,1.0303,1.03076,1.50,1.88
2011.08.15 13:39:21.357,1.03031,1.03071,1.13,1.50
2011.08.15 13:39:21.475,1.0303,1.03072,1.50,1.50
2011.08.15 13:39:21.586,1.03027,1.03072,3.38,2.25
2011.08.15 13:39:22.143,1.03027,1.03072,1.13,1.50
2011.08.15 13:39:22.645,1.03027,1.03072,1.13,2.25
2011.08.15 13:39:23.654,1.03027,1.03072,1.13,2.25
2011.08.15 13:39:24.184,1.03024,1.03071,5.25,1.88
2011.08.15 13:39:24.513,1.03028,1.03071,1.13,2.25
2011.08.15 13:39:24.624,1.03031,1.03072,1.13,2.25
2011.08.15 13:39:24.844,1.03032,1.03072,1.13,1.50
2011.08.15 13:39:25.395,1.03032,1.03076,1.88,1.50
2011.08.15 13:39:26.549,1.03033,1.03077,1.13,1.50
2011.08.15 13:39:26.885,1.03034,1.03076,1.73,1.50
2011.08.15 13:39:27.105,1.03032,1.03076,1.73,1.50
2011.08.15 13:39:27.444,1.03034,1.03076,1.35,1.50
2011.08.15 13:39:27.774,1.03033,1.03077,1.73,1.50
2011.08.15 13:39:28.455,1.03034,1.03076,1.35,1.50
2011.08.15 13:39:29.047,1.03034,1.03076,1.35,1.50
2011.08.15 13:39:29.383,1.03034,1.03076,1.35,1.50
2011.08.15 13:39:30.734,1.03034,1.03077,1.35,1.50
2011.08.15 13:39:31.646,1.03034,1.03077,1.35,1.50
2011.08.15 13:39:31.917,1.03034,1.03074,1.35,1.13
2011.08.15 13:39:32.393,1.03036,1.03076,1.13,2.25
2011.08.15 13:39:32.618,1.03038,1.03085,5.18,1.50
2011.08.15 13:39:32.739,1.03039,1.03084,2.63,1.13
2011.08.15 13:39:32.858,1.03038,1.03076,2.55,1.50
2011.08.15 13:39:33.090,1.03038,1.03086,3.68,3.00
2011.08.15 13:39:33.316,1.03037,1.03077,1.50,1.50
2011.08.15 13:39:33.655,1.03031,1.03077,1.73,1.50
2011.08.15 13:39:33.766,1.03031,1.03077,1.35,1.88
2011.08.15 13:39:34.153,1.03031,1.03071,1.35,1.50
2011.08.15 13:39:34.595,1.03032,1.03067,1.35,1.50
2011.08.15 13:39:34.707,1.03027,1.03071,3.23,2.25
2011.08.15 13:39:35.190,1.03032,1.03077,1.73,3.00
2011.08.15 13:39:35.693,1.03032,1.03077,2.48,3.00
2011.08.15 13:39:37.345,1.03033,1.03076,1.35,2.25
2011.08.15 13:39:38.396,1.03037,1.03077,1.13,3.00
2011.08.15 13:39:38.913,1.03034,1.03076,2.10,3.00
2011.08.15 13:39:39.468,1.03033,1.03076,1.13,2.25
2011.08.15 13:39:39.588,1.03031,1.03077,3.23,3.00
2011.08.15 13:39:41.725,1.03031,1.03077,1.73,2.25
2011.08.15 13:39:42.769,1.03036,1.03076,2.48,3.75
2011.08.15 13:39:42.879,1.03035,1.03076,1.73,1.50
2011.08.15 13:39:43.000,1.03036,1.03076,1.35,1.50
2011.08.15 13:39:44.647,1.03032,1.03076,2.48,3.75
2011.08.15 13:39:45.123,1.03036,1.03076,1.35,3.00
2011.08.15 13:39:46.654,1.03036,1.03076,1.35,3.00
2011.08.15 13:39:47.625,1.03036,1.03076,1.35,3.75
2011.08.15 13:39:48.617,1.03036,1.03076,1.35,1.50
2011.08.15 13:39:48.846,1.0304,1.03081,1.13,1.50
2011.08.15 13:39:49.851,1.03042,1.03082,1.13,1.50
2011.08.15 13:39:50.953,1.03041,1.03082,1.50,1.50
2011.08.15 13:39:51.174,1.03037,1.03081,1.13,1.50
2011.08.15 13:39:51.591,1.03037,1.03081,1.13,1.50
2011.08.15 13:39:51.895,1.03037,1.03076,1.13,1.50
2011.08.15 13:39:52.486,1.03041,1.03077,1.13,1.50
2011.08.15 13:39:52.796,1.03041,1.03082,1.13,2.10
2011.08.15 13:39:53.027,1.03041,1.0308,1.13,2.10
2011.08.15 13:39:53.475,1.03038,1.0308,3.68,2.10
2011.08.15 13:39:53.706,1.03036,1.03075,1.13,2.10
2011.08.15 13:39:54.385,1.03036,1.03075,1.13,2.10
2011.08.15 13:39:54.715,1.03036,1.03075,1.13,2.10
2011.08.15 13:39:55.093,1.03036,1.03075,1.13,2.10
2011.08.15 13:39:55.206,1.03034,1.03076,1.50,1.50
2011.08.15 13:39:55.535,1.03037,1.03081,1.13,4.50
2011.08.15 13:39:55.645,1.03037,1.03072,1.13,1.35
2011.08.15 13:39:56.096,1.03038,1.03074,2.55,2.10
2011.08.15 13:39:56.223,1.03038,1.03081,2.93,2.25
2011.08.15 13:39:56.341,1.0304,1.03082,1.13,2.93
2011.08.15 13:39:56.678,1.0304,1.03087,1.13,2.25
2011.08.15 13:39:57.657,1.0304,1.03087,1.13,2.25
2011.08.15 13:39:57.884,1.03042,1.03087,1.88,1.50
2011.08.15 13:39:57.995,1.03042,1.03086,2.25,1.50
2011.08.15 13:39:58.110,1.03043,1.0309,3.98,1.50
2011.08.15 13:39:58.227,1.03047,1.03092,1.13,2.25
2011.08.15 13:39:58.609,1.03049,1.03087,1.50,2.10
2011.08.15 13:39:58.732,1.03044,1.03086,1.50,2.25
2011.08.15 13:39:58.857,1.03044,1.03087,1.13,2.10
2011.08.15 13:39:59.484,1.03046,1.03087,1.13,2.10
2011.08.15 13:40:00.287,1.03045,1.03087,1.13,2.10
2011.08.15 13:40:00.844,1.03046,1.03092,1.13,2.48
2011.08.15 13:40:01.175,1.03049,1.03091,1.88,1.50
2011.08.15 13:40:01.780,1.0305,1.03091,1.13,1.50
2011.08.15 13:40:02.227,1.03049,1.03091,1.50,2.25
2011.08.15 13:40:02.345,1.03045,1.03092,2.63,2.25
2011.08.15 13:40:02.464,1.03044,1.03091,3.00,2.25
2011.08.15 13:40:03.455,1.03048,1.03089,3.68,1.13
2011.08.15 13:40:03.579,1.03046,1.03089,1.35,1.13
2011.08.15 13:40:03.697,1.03043,1.03086,2.25,1.50
2011.08.15 13:40:04.861,1.03042,1.03087,1.88,1.88
2011.08.15 13:40:05.427,1.03042,1.03086,1.13,1.50
2011.08.15 13:40:05.546,1.03046,1.03089,1.13,3.00
2011.08.15 13:40:05.886,1.03046,1.03091,1.73,2.10
2011.08.15 13:40:06.117,1.03047,1.03091,1.35,2.10
2011.08.15 13:40:06.235,1.03046,1.03091,2.48,2.10
2011.08.15 13:40:06.348,1.03046,1.03092,2.85,2.10
2011.08.15 13:40:08.724,1.03051,1.03091,1.88,2.85
2011.08.15 13:40:09.464,1.03052,1.03091,1.13,2.10
2011.08.15 13:40:09.795,1.03049,1.03091,5.25,2.10
2011.08.15 13:40:10.777,1.03047,1.03091,4.35,2.85
2011.08.15 13:40:11.189,1.03052,1.03092,1.13,2.10
2011.08.15 13:40:12.685,1.03051,1.03091,1.13,1.35
2011.08.15 13:40:12.796,1.03048,1.03091,3.00,1.35
2011.08.15 13:40:13.660,1.03048,1.03091,1.50,1.35
2011.08.15 13:40:15.985,1.03051,1.03091,1.73,2.25
2011.08.15 13:40:16.864,1.03051,1.03091,1.50,1.35
2011.08.15 13:40:17.194,1.03049,1.03091,1.50,2.85
2011.08.15 13:40:18.297,1.03051,1.03091,1.88,1.35
2011.08.15 13:40:18.634,1.03051,1.03091,1.13,1.35
2011.08.15 13:40:18.746,1.0305,1.03091,1.13,1.35
2011.08.15 13:40:18.976,1.0305,1.0309,1.50,2.25
2011.08.15 13:40:19.426,1.03051,1.03092,1.13,2.10
2011.08.15 13:40:20.174,1.03051,1.03096,1.13,1.50
2011.08.15 13:40:20.687,1.03051,1.03097,1.13,2.25
2011.08.15 13:40:21.338,1.03054,1.03098,1.50,1.13
2011.08.15 13:40:21.458,1.03054,1.03099,1.88,1.50
2011.08.15 13:40:23.057,1.03058,1.03102,2.55,2.25
2011.08.15 13:40:23.175,1.03058,1.03101,3.30,2.25
2011.08.15 13:40:23.517,1.03053,1.03099,2.25,1.13
2011.08.15 13:40:23.891,1.03054,1.03101,2.63,2.25
2011.08.15 13:40:24.007,1.03053,1.031,2.25,1.13
2011.08.15 13:40:24.456,1.03054,1.03098,1.50,1.35
2011.08.15 13:40:24.686,1.03049,1.03097,1.13,4.35
2011.08.15 13:40:24.804,1.03049,1.03097,1.13,3.75
2011.08.15 13:40:25.354,1.03052,1.03099,1.13,1.13
2011.08.15 13:40:25.685,1.03049,1.03096,2.25,2.48
2011.08.15 13:40:26.122,1.03048,1.0309,1.50,1.13
2011.08.15 13:40:26.346,1.03049,1.03091,1.50,1.50
2011.08.15 13:40:26.464,1.03052,1.03091,1.13,1.50
2011.08.15 13:40:26.574,1.03052,1.03092,1.13,2.18
2011.08.15 13:40:26.685,1.03052,1.03097,1.13,1.50
2011.08.15 13:40:27.016,1.0305,1.03096,1.50,1.50
2011.08.15 13:40:27.136,1.03053,1.03098,2.63,1.13
2011.08.15 13:40:27.256,1.03053,1.03098,1.88,1.13
2011.08.15 13:40:27.818,1.03054,1.03098,1.50,1.88
2011.08.15 13:40:28.786,1.03054,1.03098,1.50,1.88
2011.08.15 13:40:29.398,1.0305,1.03096,1.13,1.50
2011.08.15 13:40:30.747,1.03051,1.03097,1.13,1.50
2011.08.15 13:40:31.617,1.03051,1.03096,1.13,1.50
2011.08.15 13:40:32.006,1.03049,1.03096,3.00,1.88
2011.08.15 13:40:32.126,1.03049,1.03092,3.00,2.10
2011.08.15 13:40:32.245,1.03048,1.03091,1.13,2.10
2011.08.15 13:40:32.796,1.03047,1.03091,1.13,2.10
2011.08.15 13:40:33.444,1.03047,1.03092,1.13,1.50
2011.08.15 13:40:34.044,1.03048,1.03091,1.13,1.50
2011.08.15 13:40:34.694,1.03047,1.03091,1.50,1.50
2011.08.15 13:40:34.915,1.03052,1.03096,1.13,3.75
2011.08.15 13:40:35.757,1.03053,1.03097,1.50,1.13
2011.08.15 13:40:36.678,1.03053,1.03097,1.50,1.13
2011.08.15 13:40:36.905,1.03053,1.03099,2.25,1.13
2011.08.15 13:40:37.239,1.03053,1.03092,1.50,2.10
2011.08.15 13:40:37.464,1.03049,1.03092,2.25,2.10
2011.08.15 13:40:38.026,1.03051,1.03092,1.13,2.10
2011.08.15 13:40:38.146,1.03049,1.03087,3.75,1.50
2011.08.15 13:40:39.086,1.03052,1.03087,1.13,1.50
2011.08.15 13:40:39.426,1.03054,1.03097,1.73,1.50
2011.08.15 13:40:39.764,1.03054,1.03101,3.23,5.10
2011.08.15 13:40:39.880,1.03054,1.03093,2.63,2.10
2011.08.15 13:40:39.995,1.03054,1.03093,1.50,2.48
2011.08.15 13:40:40.216,1.0305,1.03093,1.35,2.48
2011.08.15 13:40:40.340,1.0305,1.03093,1.35,2.48
2011.08.15 13:40:40.455,1.03053,1.03096,1.35,1.35
2011.08.15 13:40:41.468,1.03056,1.03107,1.13,2.63
2011.08.15 13:40:42.007,1.03053,1.03104,4.13,1.13
2011.08.15 13:40:42.608,1.03056,1.03103,1.13,1.13
2011.08.15 13:40:43.855,1.03053,1.03099,2.25,1.13
2011.08.15 13:40:44.547,1.03052,1.03098,2.25,1.50
2011.08.15 13:40:45.104,1.0305,1.03098,1.50,3.60
2011.08.15 13:40:45.705,1.03052,1.03094,5.25,1.35
2011.08.15 13:40:46.051,1.03052,1.03098,6.00,1.13
2011.08.15 13:40:46.171,1.03054,1.03098,3.00,1.13
2011.08.15 13:40:46.507,1.03056,1.03101,1.13,1.50
2011.08.15 13:40:46.629,1.03058,1.03103,2.25,1.13
2011.08.15 13:40:47.336,1.03058,1.03103,2.25,3.23
2011.08.15 13:40:48.333,1.03058,1.03099,2.25,2.10
2011.08.15 13:40:48.558,1.03054,1.03099,3.00,3.23
2011.08.15 13:40:49.135,1.03056,1.03099,1.50,3.23
2011.08.15 13:40:49.256,1.03056,1.03099,1.50,2.85
2011.08.15 13:40:49.376,1.03055,1.03099,1.50,3.23
2011.08.15 13:40:49.497,1.03056,1.031,1.13,1.50
2011.08.15 13:40:49.614,1.03056,1.031,1.13,1.50
2011.08.15 13:40:49.835,1.03053,1.03093,2.85,1.35
2011.08.15 13:40:50.182,1.03048,1.03095,3.75,2.48
2011.08.15 13:40:51.120,1.03051,1.03094,1.73,1.35
2011.08.15 13:40:51.674,1.03053,1.03099,1.35,1.73
2011.08.15 13:40:51.899,1.03051,1.0309,1.13,2.10
2011.08.15 13:40:52.019,1.03049,1.0309,1.50,2.10
2011.08.15 13:40:52.340,1.03049,1.03095,2.10,1.73
2011.08.15 13:40:52.676,1.03051,1.03097,1.73,2.25
2011.08.15 13:40:53.457,1.03049,1.03091,1.73,2.25
2011.08.15 13:40:53.576,1.03046,1.03089,1.35,1.13
2011.08.15 13:40:53.697,1.03046,1.03092,1.73,2.10
2011.08.15 13:40:53.815,1.03043,1.03092,2.48,2.85
2011.08.15 13:40:54.853,1.03047,1.03094,1.13,1.73
2011.08.15 13:40:55.405,1.03046,1.03094,2.48,1.73
2011.08.15 13:40:55.784,1.03047,1.03093,1.13,1.73
2011.08.15 13:40:55.895,1.03045,1.03087,1.73,1.50
2011.08.15 13:40:56.116,1.03044,1.03086,2.25,3.60
2011.08.15 13:40:56.346,1.03043,1.03086,1.50,2.10
2011.08.15 13:40:56.683,1.03044,1.03086,2.25,3.60
2011.08.15 13:40:57.343,1.03046,1.03086,2.48,2.25
2011.08.15 13:40:57.676,1.03048,1.03089,2.10,1.35
2011.08.15 13:41:00.745,1.03048,1.03092,2.10,2.48
2011.08.15 13:41:02.685,1.0305,1.03089,1.50,1.35
2011.08.15 13:41:02.796,1.0305,1.03091,1.50,2.48
2011.08.15 13:41:03.179,1.03052,1.03091,1.13,2.10
2011.08.15 13:41:03.302,1.03053,1.03096,1.35,3.60
2011.08.15 13:41:03.747,1.03055,1.03096,1.50,1.35
2011.08.15 13:41:04.954,1.03052,1.03096,2.10,1.35
2011.08.15 13:41:06.983,1.03054,1.03096,1.73,3.60
2011.08.15 13:41:07.335,1.03059,1.03096,1.13,2.85
2011.08.15 13:41:07.449,1.03059,1.03102,1.35,1.13
2011.08.15 13:41:07.676,1.03055,1.03102,2.10,5.78
2011.08.15 13:41:11.644,1.03056,1.03099,1.88,1.35
2011.08.15 13:41:12.194,1.03055,1.03099,1.50,1.73
2011.08.15 13:41:14.427,1.03056,1.03095,1.35,2.25
2011.08.15 13:41:14.766,1.03052,1.03095,1.35,1.73
2011.08.15 13:41:15.276,1.03052,1.03085,1.35,1.50
2011.08.15 13:41:15.796,1.03047,1.03087,5.40,1.50
2011.08.15 13:41:17.178,1.03052,1.03087,1.35,1.50
2011.08.15 13:41:17.841,1.03048,1.03086,1.35,4.50
2011.08.15 13:41:17.963,1.03048,1.03092,1.35,2.48
2011.08.15 13:41:18.514,1.03052,1.03093,1.73,1.50
2011.08.15 13:41:18.738,1.03056,1.03096,2.10,1.71
2011.08.15 13:41:19.535,1.03052,1.03096,1.35,2.31
2011.08.15 13:41:19.656,1.03051,1.03096,2.85,1.50
2011.08.15 13:41:19.997,1.03057,1.03097,1.35,1.88
2011.08.15 13:41:20.384,1.03057,1.03097,1.35,2.63
2011.08.15 13:41:20.830,1.03057,1.03096,1.35,1.13
2011.08.15 13:41:22.257,1.03051,1.03097,1.35,3.06
2011.08.15 13:41:22.669,1.03051,1.03096,1.35,1.50
2011.08.15 13:41:23.006,1.03051,1.03097,1.35,2.48
2011.08.15 13:41:23.246,1.03053,1.03097,1.13,2.10
2011.08.15 13:41:23.588,1.03057,1.03097,3.15,1.50
2011.08.15 13:41:23.819,1.03057,1.03101,3.53,1.13
2011.08.15 13:41:23.940,1.03056,1.03103,1.13,1.73
2011.08.15 13:41:24.498,1.03054,1.03101,3.23,2.08
2011.08.15 13:41:25.494,1.03056,1.03101,1.13,1.88
2011.08.15 13:41:25.773,1.03056,1.031,1.13,1.50
2011.08.15 13:41:26.094,1.03056,1.03096,1.13,1.50
2011.08.15 13:41:27.233,1.03056,1.03097,1.88,1.50
2011.08.15 13:41:27.571,1.0305,1.03097,4.35,2.48
2011.08.15 13:41:27.688,1.0305,1.03097,1.73,2.48
2011.08.15 13:41:27.916,1.0305,1.03097,1.13,1.88
2011.08.15 13:41:28.238,1.03051,1.03096,1.50,1.50
2011.08.15 13:41:28.355,1.03051,1.03101,1.50,1.35
2011.08.15 13:41:29.237,1.03052,1.03101,1.50,2.85
2011.08.15 13:41:29.467,1.03052,1.03098,1.13,1.13
2011.08.15 13:41:29.809,1.03048,1.03097,1.50,3.75
2011.08.15 13:41:30.335,1.03049,1.03091,1.50,1.73
2011.08.15 13:41:30.461,1.03042,1.03086,1.73,2.10
2011.08.15 13:41:31.038,1.03042,1.03087,1.35,2.48
2011.08.15 13:41:31.484,1.03041,1.03086,1.73,2.10
2011.08.15 13:41:32.036,1.0304,1.03086,3.98,2.85
2011.08.15 13:41:32.376,1.0304,1.03083,2.85,1.13
2011.08.15 13:41:32.497,1.03042,1.03086,1.35,2.85
2011.08.15 13:41:32.616,1.0304,1.03086,1.73,2.85
2011.08.15 13:41:32.888,1.0304,1.03083,1.13,1.35
2011.08.15 13:41:33.204,1.03038,1.03083,1.50,1.73
2011.08.15 13:41:33.424,1.03041,1.03085,1.73,1.50
2011.08.15 13:41:33.757,1.03048,1.03093,3.15,2.25
2011.08.15 13:41:33.876,1.03049,1.03095,1.73,1.35
2011.08.15 13:41:34.577,1.03046,1.03094,1.35,1.13
2011.08.15 13:41:34.696,1.03046,1.03093,2.10,3.23
2011.08.15 13:41:35.736,1.03049,1.03096,2.25,2.85
2011.08.15 13:41:36.676,1.0305,1.03095,3.75,1.35
2011.08.15 13:41:37.481,1.0305,1.03095,1.13,1.35
2011.08.15 13:41:37.874,1.0305,1.03099,1.50,1.35
2011.08.15 13:41:38.206,1.0305,1.03099,1.13,1.73
2011.08.15 13:41:38.973,1.03051,1.03099,1.50,2.10
2011.08.15 13:41:39.848,1.03051,1.03099,1.88,2.48
2011.08.15 13:41:40.403,1.03048,1.03094,4.43,1.13
2011.08.15 13:41:40.625,1.03046,1.03092,1.13,1.50
2011.08.15 13:41:41.176,1.03047,1.03091,1.50,1.50
2011.08.15 13:41:41.515,1.03048,1.03092,4.28,2.25
2011.08.15 13:41:43.373,1.03048,1.0309,1.35,1.35
2011.08.15 13:41:43.875,1.0305,1.0309,1.13,1.35
2011.08.15 13:41:43.986,1.03048,1.0309,2.78,1.35
2011.08.15 13:41:44.110,1.03043,1.0308,4.35,1.50
2011.08.15 13:41:44.448,1.03033,1.03075,3.00,1.13
2011.08.15 13:41:44.677,1.03028,1.03076,3.68,3.75
2011.08.15 13:41:44.796,1.0303,1.03077,1.13,2.63
2011.08.15 13:41:45.081,1.0303,1.03077,1.13,1.88
2011.08.15 13:41:45.635,1.0303,1.03076,1.13,1.50
2011.08.15 13:41:47.256,1.0303,1.03076,3.38,1.50
2011.08.15 13:41:47.616,1.0303,1.03076,1.13,1.35
2011.08.15 13:41:47.849,1.03026,1.03071,1.73,2.25
2011.08.15 13:41:48.377,1.03028,1.03076,2.93,1.35
2011.08.15 13:41:49.204,1.03027,1.03075,2.10,2.10
2011.08.15 13:41:49.536,1.03027,1.03076,5.78,3.60
2011.08.15 13:41:50.087,1.03028,1.03075,2.25,1.73
2011.08.15 13:41:51.097,1.03029,1.03076,1.35,3.38
2011.08.15 13:41:51.486,1.03029,1.03077,2.10,4.88
2011.08.15 13:41:52.047,1.03029,1.03076,1.35,1.13
2011.08.15 13:41:52.516,1.03034,1.03076,1.13,1.35
2011.08.15 13:41:54.925,1.03034,1.03074,3.00,1.35
2011.08.15 13:41:55.756,1.03032,1.03075,2.10,2.10
2011.08.15 13:41:56.314,1.03032,1.03076,2.10,2.10
2011.08.15 13:41:56.757,1.03032,1.03076,3.60,1.35
2011.08.15 13:41:59.615,1.03032,1.03074,1.35,1.35
2011.08.15 13:42:02.059,1.03034,1.03076,5.10,2.25
2011.08.15 13:42:02.727,1.03038,1.03077,1.35,1.50
2011.08.15 13:42:03.175,1.03037,1.03081,1.35,1.50
2011.08.15 13:42:03.287,1.03039,1.03082,1.35,1.50
2011.08.15 13:42:03.735,1.03039,1.03081,2.48,1.50
2011.08.15 13:42:03.845,1.0304,1.03086,1.73,1.13
2011.08.15 13:42:04.657,1.0304,1.03085,1.73,1.35
2011.08.15 13:42:06.707,1.03041,1.03085,1.73,1.35
2011.08.15 13:42:07.666,1.03041,1.03085,1.73,1.35
2011.08.15 13:42:07.894,1.03041,1.03085,1.73,1.35
2011.08.15 13:42:08.446,1.03041,1.03082,1.35,1.13
2011.08.15 13:42:09.195,1.03035,1.03077,1.13,1.50
2011.08.15 13:42:09.743,1.03035,1.03076,1.13,1.50
2011.08.15 13:42:11.733,1.03035,1.03077,1.13,1.50
2011.08.15 13:42:11.844,1.03039,1.03077,1.13,1.50
2011.08.15 13:42:12.394,1.03039,1.03082,1.13,2.25
2011.08.15 13:42:13.675,1.0304,1.03082,1.13,2.25
2011.08.15 13:42:14.675,1.0304,1.03082,1.13,1.50
2011.08.15 13:42:15.886,1.03045,1.03087,1.73,2.25
2011.08.15 13:42:16.327,1.03045,1.03087,1.35,1.88
2011.08.15 13:42:18.421,1.03042,1.03081,1.73,1.50
2011.08.15 13:42:18.876,1.03045,1.03081,1.35,1.50
2011.08.15 13:42:19.383,1.03046,1.03082,1.35,1.50
2011.08.15 13:42:19.935,1.03046,1.03081,1.35,1.50
2011.08.15 13:42:20.707,1.03046,1.03088,1.35,1.35
2011.08.15 13:42:21.153,1.03041,1.03086,3.75,2.10
2011.08.15 13:42:21.485,1.03042,1.0309,1.73,2.25
2011.08.15 13:42:21.955,1.03042,1.03091,2.10,1.50
2011.08.15 13:42:22.284,1.03042,1.03092,1.73,6.60
2011.08.15 13:42:22.395,1.03042,1.03087,1.73,1.50
2011.08.15 13:42:23.685,1.03042,1.03086,2.48,1.50
2011.08.15 13:42:25.715,1.03041,1.03087,1.73,1.88
2011.08.15 13:42:25.827,1.0304,1.03086,1.73,1.13
2011.08.15 13:42:26.168,1.03042,1.03086,1.35,2.63
2011.08.15 13:42:26.284,1.0304,1.03086,1.73,1.13
2011.08.15 13:42:27.386,1.03042,1.03086,1.35,1.13
2011.08.15 13:42:27.856,1.03044,1.03086,1.35,1.13
2011.08.15 13:42:29.654,1.03044,1.03087,1.35,1.88
2011.08.15 13:42:29.905,1.03047,1.03086,1.13,1.50
2011.08.15 13:42:30.126,1.03048,1.03086,2.18,1.50
2011.08.15 13:42:30.246,1.03048,1.0309,2.18,3.00
2011.08.15 13:42:30.368,1.03048,1.03087,2.18,1.50
2011.08.15 13:42:30.485,1.03042,1.03086,1.35,1.50
2011.08.15 13:42:30.705,1.0304,1.03082,1.50,2.78
2011.08.15 13:42:31.436,1.03034,1.03081,5.10,2.85
2011.08.15 13:42:31.558,1.03033,1.03081,2.10,1.35
2011.08.15 13:42:31.673,1.03034,1.03081,1.35,1.35
2011.08.15 13:42:32.004,1.03031,1.03076,1.35,1.50
2011.08.15 13:42:32.589,1.03031,1.03071,1.35,1.50
2011.08.15 13:42:32.820,1.03024,1.03071,4.50,2.10
2011.08.15 13:42:32.936,1.03025,1.03072,3.00,2.10
2011.08.15 13:42:33.057,1.03027,1.03071,2.93,1.50
2011.08.15 13:42:33.617,1.03027,1.03072,2.93,1.50
2011.08.15 13:42:34.067,1.0303,1.03071,1.13,1.50
2011.08.15 13:42:34.905,1.03032,1.03076,1.13,2.25
2011.08.15 13:42:35.186,1.0303,1.03076,1.13,2.25
2011.08.15 13:42:36.288,1.03027,1.03071,6.30,2.10
2011.08.15 13:42:36.406,1.03027,1.03072,4.05,2.48
2011.08.15 13:42:37.006,1.03025,1.03072,3.98,2.10
2011.08.15 13:42:37.664,1.03026,1.03073,1.73,2.48
2011.08.15 13:42:38.362,1.03027,1.03073,1.13,1.73
2011.08.15 13:42:38.685,1.03027,1.03071,1.13,1.35
2011.08.15 13:42:39.175,1.03029,1.03073,1.13,1.73
2011.08.15 13:42:39.296,1.03028,1.03071,1.13,1.35
2011.08.15 13:42:41.184,1.03027,1.03071,1.88,1.35
2011.08.15 13:42:41.936,1.03027,1.03068,1.13,2.10
2011.08.15 13:42:42.056,1.03023,1.03068,4.13,2.10
2011.08.15 13:42:42.175,1.03024,1.0307,2.48,2.10
2011.08.15 13:42:42.991,1.03026,1.03074,1.73,1.73
2011.08.15 13:42:43.524,1.03026,1.03074,1.13,1.13
2011.08.15 13:42:43.633,1.03023,1.03073,4.73,1.13
2011.08.15 13:42:45.617,1.03026,1.03071,1.13,2.25
2011.08.15 13:42:48.124,1.03026,1.03071,1.73,2.25
2011.08.15 13:42:48.344,1.03039,1.03081,1.13,3.75
2011.08.15 13:42:48.457,1.03038,1.03082,2.25,1.88
2011.08.15 13:42:49.221,1.03035,1.03082,3.23,1.88
2011.08.15 13:42:49.445,1.03037,1.03081,1.50,1.50
2011.08.15 13:42:49.677,1.03044,1.03086,1.13,1.50
2011.08.15 13:42:49.798,1.03046,1.03089,1.13,2.25
2011.08.15 13:42:49.916,1.03046,1.03091,1.13,2.63
2011.08.15 13:42:50.034,1.03052,1.03091,2.10,2.25
2011.08.15 13:42:50.254,1.0305,1.03096,1.73,2.10
2011.08.15 13:42:50.697,1.03048,1.03095,3.53,1.13
2011.08.15 13:42:51.778,1.03047,1.03091,1.35,2.63
2011.08.15 13:42:51.901,1.03047,1.03088,1.13,1.35
2011.08.15 13:42:52.020,1.03046,1.03087,1.50,2.48
2011.08.15 13:42:52.359,1.03047,1.03091,1.35,2.63
2011.08.15 13:42:52.481,1.03047,1.03088,1.35,1.13
2011.08.15 13:42:53.254,1.03047,1.03091,1.35,1.88
2011.08.15 13:42:54.595,1.03048,1.03092,1.35,1.88
2011.08.15 13:42:55.311,1.03051,1.03092,1.13,1.50
2011.08.15 13:42:55.646,1.03054,1.03096,2.10,3.00
2011.08.15 13:42:56.244,1.03054,1.03097,2.10,3.00
2011.08.15 13:42:58.674,1.03056,1.03097,1.35,3.75
2011.08.15 13:42:59.655,1.03061,1.03097,1.35,3.00
2011.08.15 13:43:00.204,1.03061,1.03097,1.35,1.50
2011.08.15 13:43:00.725,1.03057,1.03097,1.35,2.25
2011.08.15 13:43:01.640,1.03056,1.03096,1.35,2.10
2011.08.15 13:43:04.466,1.03052,1.03096,1.35,3.98
2011.08.15 13:43:04.698,1.03057,1.03096,1.35,3.38
2011.08.15 13:43:04.818,1.03057,1.03096,1.35,3.75
2011.08.15 13:43:06.944,1.03057,1.03097,1.35,3.00
2011.08.15 13:43:07.545,1.03057,1.03096,1.35,2.25
2011.08.15 13:43:08.990,1.03062,1.03097,1.35,3.00
2011.08.15 13:43:09.724,1.03056,1.03097,1.35,3.75
2011.08.15 13:43:10.114,1.03056,1.03096,1.35,1.35
2011.08.15 13:43:13.684,1.03051,1.03095,1.35,1.50
2011.08.15 13:43:19.131,1.0305,1.03095,1.73,2.10
2011.08.15 13:43:22.638,1.03051,1.03095,1.13,2.10
2011.08.15 13:43:22.864,1.03054,1.03095,1.13,2.10
2011.08.15 13:43:26.476,1.0306,1.03097,1.13,1.50
2011.08.15 13:43:26.594,1.0306,1.03099,1.13,1.35
2011.08.15 13:43:28.263,1.0306,1.03104,1.13,1.35
2011.08.15 13:43:28.373,1.03066,1.03106,1.13,2.25
2011.08.15 13:43:28.484,1.03066,1.03107,1.13,1.50
2011.08.15 13:43:29.696,1.03066,1.03107,1.13,2.25
2011.08.15 13:43:30.682,1.03066,1.03107,1.13,1.50
2011.08.15 13:43:31.728,1.03066,1.03107,1.13,2.25
2011.08.15 13:43:36.729,1.03062,1.03104,1.50,1.35
2011.08.15 13:43:36.953,1.03061,1.03104,1.13,1.35
2011.08.15 13:43:38.636,1.03061,1.03103,1.13,1.35
2011.08.15 13:43:39.084,1.03069,1.03103,2.25,1.35
2011.08.15 13:43:39.193,1.03069,1.03104,2.85,1.35
2011.08.15 13:43:39.308,1.03071,1.03107,4.50,2.10
2011.08.15 13:43:39.645,1.03073,1.03106,2.25,1.35
2011.08.15 13:43:40.069,1.03071,1.03106,2.25,1.35
2011.08.15 13:43:41.465,1.03075,1.03104,2.25,1.35
2011.08.15 13:43:41.795,1.03082,1.03117,2.85,1.50
2011.08.15 13:43:41.915,1.03087,1.03122,2.25,3.60
2011.08.15 13:43:42.257,1.0309,1.03122,2.85,2.25
2011.08.15 13:43:42.375,1.0309,1.03126,2.85,1.35
2011.08.15 13:43:42.487,1.03094,1.03126,2.25,1.35
2011.08.15 13:43:42.724,1.03092,1.03128,2.25,1.35
2011.08.15 13:43:43.349,1.03092,1.03128,2.25,2.48
2011.08.15 13:43:43.684,1.03085,1.03122,2.25,2.78
2011.08.15 13:43:44.013,1.03084,1.03123,3.38,1.35
2011.08.15 13:43:44.343,1.03091,1.03123,2.25,1.35
2011.08.15 13:43:44.966,1.03088,1.03123,2.25,1.35
2011.08.15 13:43:45.088,1.03085,1.03123,2.25,1.35
2011.08.15 13:43:45.427,1.03079,1.03123,5.25,3.23
2011.08.15 13:43:45.765,1.03082,1.03122,2.10,1.35
2011.08.15 13:43:46.106,1.03088,1.03122,2.25,1.35
2011.08.15 13:43:46.224,1.03083,1.03122,2.85,1.35
2011.08.15 13:43:46.775,1.03088,1.03127,2.10,2.25
2011.08.15 13:43:47.215,1.0309,1.03131,1.35,3.60
2011.08.15 13:43:47.776,1.03091,1.03131,2.85,2.31
2011.08.15 13:43:48.006,1.03089,1.03131,3.00,4.18
2011.08.15 13:43:48.237,1.03089,1.03129,1.88,1.35
2011.08.15 13:43:49.455,1.03088,1.03128,1.50,1.35
2011.08.15 13:43:50.014,1.03089,1.03128,1.50,1.35
2011.08.15 13:43:50.455,1.03085,1.03128,1.73,1.35
2011.08.15 13:43:50.936,1.03089,1.03132,1.73,3.68
2011.08.15 13:43:51.297,1.03089,1.03134,3.23,1.35
2011.08.15 13:43:51.416,1.03089,1.03133,1.35,2.55
2011.08.15 13:43:51.650,1.03087,1.03132,1.35,2.48
2011.08.15 13:43:52.675,1.03087,1.03129,1.35,1.35
2011.08.15 13:43:53.276,1.03087,1.03129,1.73,1.35
2011.08.15 13:43:53.853,1.03087,1.03129,3.53,1.35
2011.08.15 13:43:54.497,1.03086,1.03129,1.35,1.73
2011.08.15 13:43:54.733,1.03087,1.03126,3.15,3.00
2011.08.15 13:43:55.184,1.03083,1.03126,3.98,1.50
2011.08.15 13:43:55.406,1.03083,1.03127,6.23,1.50
2011.08.15 13:43:55.528,1.03083,1.03126,2.85,3.23
2011.08.15 13:43:57.837,1.03081,1.03122,1.35,1.35
2011.08.15 13:43:58.177,1.03081,1.03125,1.73,1.35
2011.08.15 13:43:58.299,1.03081,1.03124,1.35,2.25
2011.08.15 13:43:58.418,1.03081,1.03121,1.35,1.13
2011.08.15 13:43:58.759,1.03074,1.03116,2.85,1.73
2011.08.15 13:43:59.204,1.03072,1.03115,1.35,1.73
2011.08.15 13:43:59.314,1.03074,1.03116,1.35,2.68
2011.08.15 13:43:59.864,1.03077,1.03116,1.35,1.13
2011.08.15 13:44:00.251,1.03076,1.03117,1.35,2.10
2011.08.15 13:44:00.945,1.03074,1.03116,2.10,1.33
2011.08.15 13:44:01.066,1.03074,1.03116,1.50,4.18
2011.08.15 13:44:01.185,1.03068,1.03113,5.03,1.73
2011.08.15 13:44:01.306,1.03069,1.03112,1.50,3.90
2011.08.15 13:44:01.426,1.03064,1.0311,2.10,1.35
2011.08.15 13:44:01.987,1.03065,1.0311,1.35,1.35
2011.08.15 13:44:02.105,1.03067,1.03111,1.73,2.25
2011.08.15 13:44:02.226,1.03069,1.03111,1.13,2.85
2011.08.15 13:44:02.345,1.03069,1.03111,1.13,1.35
2011.08.15 13:44:03.187,1.03068,1.03111,1.13,2.85
2011.08.15 13:44:03.413,1.0307,1.03111,1.13,2.85
2011.08.15 13:44:07.653,1.03069,1.03115,2.48,1.13
2011.08.15 13:44:08.226,1.03071,1.03115,1.35,1.50
2011.08.15 13:44:08.674,1.03069,1.03113,2.85,1.50
2011.08.15 13:44:08.786,1.03069,1.03111,2.25,2.31
2011.08.15 13:44:09.237,1.03068,1.03111,1.73,2.10
2011.08.15 13:44:09.466,1.03069,1.03112,1.13,4.28
2011.08.15 13:44:09.698,1.03067,1.03112,1.13,5.03
2011.08.15 13:44:10.233,1.03061,1.03108,1.35,1.73
2011.08.15 13:44:10.704,1.03061,1.03108,1.35,2.48
2011.08.15 13:44:11.734,1.03061,1.03105,1.35,1.13
2011.08.15 13:44:12.013,1.0306,1.03104,1.35,1.13
2011.08.15 13:44:12.234,1.0306,1.03103,1.15,2.18
2011.08.15 13:44:13.156,1.03061,1.03106,1.35,2.48
2011.08.15 13:44:14.227,1.03061,1.031,1.35,1.13
2011.08.15 13:44:14.455,1.03054,1.03099,2.25,1.73
2011.08.15 13:44:15.413,1.03053,1.03097,1.50,1.73
2011.08.15 13:44:15.962,1.03054,1.03099,2.63,1.35
2011.08.15 13:44:16.675,1.03054,1.03096,1.50,1.73
2011.08.15 13:44:17.005,1.03049,1.03092,2.85,2.10
2011.08.15 13:44:17.336,1.03047,1.03086,1.13,2.10
2011.08.15 13:44:17.455,1.03047,1.03089,1.73,1.35
2011.08.15 13:44:17.951,1.03051,1.03092,1.35,1.50
2011.08.15 13:44:18.175,1.03052,1.03099,1.73,1.35
2011.08.15 13:44:18.737,1.0305,1.03094,1.35,1.35
2011.08.15 13:44:19.427,1.03055,1.03096,1.13,1.35
2011.08.15 13:44:19.987,1.0305,1.03094,4.13,1.35
2011.08.15 13:44:20.724,1.0305,1.03094,1.13,1.35
2011.08.15 13:44:21.653,1.0305,1.03098,1.13,1.73
2011.08.15 13:44:22.724,1.03049,1.03091,2.25,1.13
2011.08.15 13:44:24.485,1.0305,1.03092,1.13,2.18
2011.08.15 13:44:24.924,1.03047,1.03091,1.35,1.88
2011.08.15 13:44:25.255,1.03047,1.03088,1.35,1.73
2011.08.15 13:44:25.623,1.0304,1.03086,1.35,2.48
2011.08.15 13:44:26.663,1.0304,1.03084,1.35,1.35
2011.08.15 13:44:27.287,1.03044,1.0309,1.73,1.50
2011.08.15 13:44:27.516,1.03039,1.03084,3.00,1.73
2011.08.15 13:44:27.634,1.03039,1.03084,3.00,1.73
2011.08.15 13:44:27.747,1.0304,1.03084,1.13,1.35
2011.08.15 13:44:29.415,1.03042,1.03084,2.25,1.35
2011.08.15 13:44:29.744,1.0304,1.03084,3.38,1.35
2011.08.15 13:44:30.074,1.0304,1.03081,1.13,2.25
2011.08.15 13:44:31.699,1.03037,1.03082,2.10,1.88
2011.08.15 13:44:32.037,1.03036,1.03081,1.73,2.25
2011.08.15 13:44:35.128,1.03039,1.03082,1.13,2.25
2011.08.15 13:44:35.926,1.03041,1.03082,1.35,2.25
2011.08.15 13:44:36.048,1.03042,1.03084,1.73,3.00
2011.08.15 13:44:36.625,1.03044,1.03086,1.73,3.00
2011.08.15 13:44:36.974,1.03044,1.03087,1.73,3.00
2011.08.15 13:44:37.195,1.03044,1.03087,2.10,1.50
2011.08.15 13:44:37.304,1.03046,1.0309,1.73,1.35
2011.08.15 13:44:37.738,1.03046,1.0309,1.73,1.35
2011.08.15 13:44:38.227,1.03049,1.0309,1.13,1.35
2011.08.15 13:44:39.230,1.03048,1.0309,1.50,1.35
2011.08.15 13:44:39.564,1.03046,1.0309,1.35,1.35
2011.08.15 13:44:39.676,1.03048,1.03091,1.50,2.48
2011.08.15 13:44:40.458,1.03049,1.03093,1.50,3.15
2011.08.15 13:44:40.574,1.03047,1.03091,2.25,3.23
2011.08.15 13:44:41.176,1.03042,1.03088,2.85,1.13
2011.08.15 13:44:41.407,1.03041,1.03089,1.73,1.13
2011.08.15 13:44:41.528,1.03042,1.03088,1.73,1.35
2011.08.15 13:44:42.087,1.03043,1.03088,1.13,1.35
2011.08.15 13:44:42.736,1.03043,1.03085,1.13,1.35
2011.08.15 13:44:43.187,1.03047,1.03086,1.73,1.50
2011.08.15 13:44:43.305,1.03047,1.03091,2.48,5.10
2011.08.15 13:44:43.745,1.03046,1.03091,3.23,2.31
2011.08.15 13:44:45.389,1.03046,1.03092,1.35,2.48
2011.08.15 13:44:45.636,1.03046,1.03091,1.73,2.10
2011.08.15 13:44:45.975,1.03047,1.03088,1.50,1.35
2011.08.15 13:44:47.096,1.03046,1.03089,1.35,1.35
2011.08.15 13:44:47.572,1.03046,1.03092,1.35,4.65
2011.08.15 13:44:47.686,1.03045,1.03092,3.38,4.05
2011.08.15 13:44:48.027,1.03051,1.03091,1.13,1.50
2011.08.15 13:44:48.148,1.03048,1.03096,4.80,1.73
2011.08.15 13:44:50.205,1.03049,1.03094,1.13,1.50
2011.08.15 13:44:50.648,1.03047,1.03091,1.13,1.50
2011.08.15 13:44:50.768,1.03044,1.03086,1.50,2.48
2011.08.15 13:44:51.324,1.0304,1.03086,1.35,2.48
2011.08.15 13:44:52.095,1.03047,1.03087,1.35,1.13
2011.08.15 13:44:52.204,1.03046,1.03091,1.35,2.63
2011.08.15 13:44:53.423,1.03043,1.03092,1.13,2.48
2011.08.15 13:44:54.199,1.03043,1.03092,1.13,2.48
2011.08.15 13:44:56.007,1.03047,1.03091,1.13,1.50
2011.08.15 13:44:56.346,1.03044,1.03091,1.13,1.88
2011.08.15 13:44:56.696,1.03042,1.03086,2.25,1.13
2011.08.15 13:44:56.924,1.03041,1.03089,1.13,3.38
2011.08.15 13:44:57.035,1.03042,1.0309,1.13,1.13
2011.08.15 13:44:57.763,1.03041,1.03089,1.88,3.98
2011.08.15 13:44:58.723,1.03044,1.03089,1.13,3.23
2011.08.15 13:44:59.285,1.03044,1.03088,1.13,1.35
2011.08.15 13:44:59.625,1.03047,1.03088,1.35,1.35
2011.08.15 13:44:59.736,1.03047,1.03088,1.73,1.35
2011.08.15 13:45:00.359,1.03052,1.03091,2.48,1.50
2011.08.15 13:45:00.697,1.03052,1.03091,2.48,2.25
2011.08.15 13:45:01.258,1.03049,1.03094,3.38,1.13
2011.08.15 13:45:01.705,1.03049,1.03093,1.88,1.35
2011.08.15 13:45:02.232,1.03048,1.03091,2.25,1.73
2011.08.15 13:45:02.445,1.03039,1.03085,3.00,1.50
2011.08.15 13:45:02.555,1.03039,1.03086,2.63,3.38
2011.08.15 13:45:02.785,1.03047,1.03092,1.13,1.50
2011.08.15 13:45:03.637,1.03043,1.03092,5.63,4.05
2011.08.15 13:45:03.863,1.03043,1.03092,5.25,3.68
2011.08.15 13:45:04.932,1.03047,1.03091,1.13,1.50
2011.08.15 13:45:05.154,1.03046,1.03091,1.50,1.88
2011.08.15 13:45:05.483,1.03044,1.03088,2.25,1.13
2011.08.15 13:45:05.923,1.03043,1.03092,2.63,4.80
2011.08.15 13:45:06.255,1.03049,1.03091,1.13,1.50
2011.08.15 13:45:06.927,1.03046,1.03088,1.50,1.35
2011.08.15 13:45:08.193,1.03046,1.03089,1.35,1.13
2011.08.15 13:45:08.744,1.03049,1.03095,1.50,1.88
2011.08.15 13:45:09.615,1.03049,1.03095,2.25,1.88
2011.08.15 13:45:10.199,1.03047,1.03095,1.13,1.88
2011.08.15 13:45:10.428,1.03043,1.03088,1.88,1.50
2011.08.15 13:45:10.658,1.0304,1.0309,3.75,1.50
2011.08.15 13:45:10.781,1.03039,1.03086,4.50,1.13
2011.08.15 13:45:11.388,1.03038,1.03086,1.88,1.13
2011.08.15 13:45:12.152,1.03038,1.03085,2.63,1.13
2011.08.15 13:45:12.277,1.03041,1.0309,1.13,1.13
2011.08.15 13:45:12.506,1.03039,1.03089,5.63,1.50
2011.08.15 13:45:12.847,1.03039,1.03084,2.63,1.13
2011.08.15 13:45:12.966,1.03038,1.03062,1.50,1.13
2011.08.15 13:45:13.088,1.03036,1.03062,2.25,1.13
2011.08.15 13:45:13.320,1.03028,1.03075,1.88,1.13
2011.08.15 13:45:13.441,1.03029,1.03077,1.50,1.13
2011.08.15 13:45:14.639,1.03029,1.03076,2.25,1.13
2011.08.15 13:45:15.375,1.03029,1.03075,2.25,1.13
2011.08.15 13:45:15.834,1.03029,1.03075,2.25,1.13
2011.08.15 13:45:16.165,1.03028,1.03076,5.63,1.13
2011.08.15 13:45:16.278,1.0303,1.03077,1.13,1.13
2011.08.15 13:45:16.396,1.03028,1.03077,4.88,1.13
2011.08.15 13:45:16.736,1.03034,1.03082,1.73,6.23
2011.08.15 13:45:19.398,1.03034,1.03081,2.63,4.88
2011.08.15 13:45:19.519,1.03036,1.03082,1.13,5.93
2011.08.15 13:45:19.898,1.03038,1.03081,1.13,3.00
2011.08.15 13:45:20.346,1.03039,1.03082,1.50,3.75
2011.08.15 13:45:20.464,1.03042,1.03082,1.13,3.00
2011.08.15 13:45:20.838,1.03041,1.03089,1.73,1.13
2011.08.15 13:45:20.957,1.03041,1.03088,1.13,1.50
2011.08.15 13:45:21.075,1.03039,1.03085,4.50,1.13
2011.08.15 13:45:21.265,1.03042,1.03089,1.13,1.13
2011.08.15 13:45:21.378,1.03041,1.03084,1.50,1.13
2011.08.15 13:45:21.495,1.03039,1.03085,1.13,1.13
2011.08.15 13:45:22.694,1.03039,1.03084,2.63,1.13
2011.08.15 13:45:23.243,1.03041,1.03086,1.13,2.25
2011.08.15 13:45:23.465,1.03039,1.0308,2.25,1.50
2011.08.15 13:45:23.699,1.03041,1.03082,1.35,5.18
2011.08.15 13:45:23.815,1.03041,1.03082,1.35,2.93
2011.08.15 13:45:23.926,1.03041,1.03087,1.35,1.88
2011.08.15 13:45:24.516,1.03039,1.03086,2.63,2.63
2011.08.15 13:45:24.639,1.03041,1.03086,1.35,1.88
2011.08.15 13:45:24.948,1.03041,1.03087,2.48,1.50
2011.08.15 13:45:25.746,1.03043,1.03087,1.73,1.50
2011.08.15 13:45:26.947,1.03043,1.03087,1.73,2.25
2011.08.15 13:45:27.280,1.03048,1.03086,1.13,1.50
2011.08.15 13:45:28.285,1.03054,1.03086,1.13,1.50
2011.08.15 13:45:28.395,1.03054,1.03092,1.13,1.50
2011.08.15 13:45:29.044,1.03054,1.03097,1.13,2.25
2011.08.15 13:45:29.361,1.03057,1.03101,1.13,2.85
2011.08.15 13:45:29.938,1.03057,1.03101,1.73,2.25
2011.08.15 13:45:30.058,1.03062,1.03101,1.73,1.50
2011.08.15 13:45:30.397,1.03061,1.03102,1.88,2.25
2011.08.15 13:45:30.519,1.03058,1.03104,4.50,1.13
2011.08.15 13:45:30.748,1.03057,1.03099,1.13,1.35
2011.08.15 13:45:31.092,1.03054,1.03102,1.35,2.48
2011.08.15 13:45:31.428,1.0305,1.03096,1.50,1.88
2011.08.15 13:45:31.768,1.03057,1.03097,1.13,1.50
2011.08.15 13:45:31.887,1.03057,1.03102,1.13,1.50
2011.08.15 13:45:32.006,1.03053,1.03102,5.63,4.05
2011.08.15 13:45:32.347,1.03057,1.03101,1.13,1.50
2011.08.15 13:45:32.864,1.03056,1.03101,1.13,2.25
2011.08.15 13:45:33.315,1.03059,1.03104,2.25,1.88
2011.08.15 13:45:33.538,1.03058,1.03096,1.50,1.13
2011.08.15 13:45:33.659,1.03054,1.03096,6.75,1.13
2011.08.15 13:45:33.777,1.03054,1.03096,3.75,1.13
2011.08.15 13:45:34.554,1.03054,1.03097,2.25,1.13
2011.08.15 13:45:34.975,1.03054,1.03098,2.25,1.50
2011.08.15 13:45:35.208,1.03053,1.03101,3.00,1.13
2011.08.15 13:45:35.326,1.03059,1.03102,1.50,2.93
2011.08.15 13:45:35.556,1.03059,1.03104,1.50,1.13
2011.08.15 13:45:35.940,1.03059,1.03103,1.50,1.13
2011.08.15 13:45:36.474,1.03058,1.03103,1.88,1.13
2011.08.15 13:45:36.908,1.03059,1.03098,1.50,1.50
2011.08.15 13:45:37.027,1.03054,1.03096,3.00,1.13
2011.08.15 13:45:37.256,1.03054,1.03098,2.25,1.88
2011.08.15 13:45:37.376,1.03053,1.03098,2.63,1.88
2011.08.15 13:45:37.935,1.03058,1.03103,1.88,1.13
2011.08.15 13:45:38.207,1.03058,1.03103,2.48,1.73
2011.08.15 13:45:38.877,1.03061,1.03103,1.35,1.73
2011.08.15 13:45:39.252,1.03058,1.03099,1.50,1.13
2011.08.15 13:45:39.365,1.03054,1.03099,3.60,1.13
2011.08.15 13:45:40.686,1.03054,1.03099,1.35,1.13
2011.08.15 13:45:42.840,1.03055,1.03099,1.50,1.13
2011.08.15 13:45:43.435,1.03057,1.031,1.13,1.35
2011.08.15 13:45:44.198,1.03055,1.03099,1.50,1.13
2011.08.15 13:45:44.537,1.03054,1.03098,2.85,1.13
2011.08.15 13:45:44.879,1.03053,1.03098,2.48,1.88
2011.08.15 13:45:44.999,1.03049,1.03093,3.75,3.15
2011.08.15 13:45:46.723,1.03045,1.03092,2.05,1.73
2011.08.15 13:45:47.736,1.03052,1.03093,1.13,3.53
2011.08.15 13:45:47.966,1.03048,1.03093,1.13,1.73
2011.08.15 13:45:48.625,1.03044,1.03093,2.05,4.28
2011.08.15 13:45:49.173,1.03047,1.03093,1.88,1.73
2011.08.15 13:45:49.745,1.03048,1.03093,1.13,1.73
2011.08.15 13:45:51.755,1.03048,1.03088,1.13,1.35
2011.08.15 13:45:52.160,1.03043,1.03088,4.73,1.73
2011.08.15 13:45:55.220,1.03047,1.03096,1.13,5.68
2011.08.15 13:45:55.327,1.03055,1.03101,1.13,4.50
2011.08.15 13:45:56.167,1.03057,1.03102,1.13,1.50
2011.08.15 13:45:56.505,1.03053,1.03099,3.00,1.13
2011.08.15 13:45:56.849,1.03053,1.03097,1.13,2.10
2011.08.15 13:45:57.075,1.03052,1.03097,1.13,2.10
2011.08.15 13:45:58.314,1.03052,1.03094,1.35,1.13
2011.08.15 13:45:58.425,1.03048,1.03093,1.13,3.23
2011.08.15 13:45:58.974,1.03052,1.03093,1.13,1.35
2011.08.15 13:45:59.195,1.03052,1.03093,1.13,1.35
2011.08.15 13:45:59.785,1.03052,1.03093,1.13,1.35
2011.08.15 13:46:00.006,1.03047,1.03093,2.93,2.25
2011.08.15 13:46:00.347,1.03048,1.03095,1.88,3.38
2011.08.15 13:46:01.127,1.03048,1.03095,1.13,1.88
2011.08.15 13:46:02.277,1.03044,1.03092,3.75,1.13
2011.08.15 13:46:02.394,1.03052,1.03092,1.13,2.93
2011.08.15 13:46:02.507,1.0305,1.03092,1.13,2.78
2011.08.15 13:46:02.938,1.03048,1.03093,2.85,1.35
2011.08.15 13:46:03.387,1.03048,1.03093,2.48,1.35
2011.08.15 13:46:03.726,1.03049,1.03094,2.48,1.88
2011.08.15 13:46:04.777,1.03049,1.0309,2.10,1.13
2011.08.15 13:46:05.646,1.03047,1.03092,1.13,2.25
2011.08.15 13:46:06.426,1.03044,1.03089,3.38,1.13
2011.08.15 13:46:07.976,1.03044,1.03089,2.63,1.13
2011.08.15 13:46:08.308,1.03049,1.03091,1.13,2.25
2011.08.15 13:46:09.657,1.03046,1.03091,1.88,2.25
2011.08.15 13:46:10.704,1.03049,1.03091,1.13,2.25
2011.08.15 13:46:12.664,1.03049,1.03097,1.13,3.38
2011.08.15 13:46:12.774,1.03053,1.03097,1.13,1.50
2011.08.15 13:46:12.884,1.03049,1.03094,3.38,1.13
2011.08.15 13:46:14.616,1.03049,1.03094,1.13,1.13
2011.08.15 13:46:15.484,1.03052,1.03096,1.13,1.50
2011.08.15 13:46:15.816,1.03048,1.03095,3.38,1.13
2011.08.15 13:46:17.664,1.03048,1.03095,2.63,1.88
2011.08.15 13:46:17.775,1.03048,1.03091,1.13,1.50
2011.08.15 13:46:18.103,1.03048,1.03093,1.13,1.35
2011.08.15 13:46:18.214,1.03044,1.03092,1.88,1.73
2011.08.15 13:46:20.396,1.03044,1.03086,1.88,1.35
2011.08.15 13:46:20.735,1.03032,1.03077,1.13,2.10
2011.08.15 13:46:21.183,1.03027,1.03071,1.13,2.10
2011.08.15 13:46:21.572,1.03027,1.03071,1.13,2.10
2011.08.15 13:46:21.794,1.03035,1.03076,1.35,2.25
2011.08.15 13:46:22.134,1.03036,1.03077,1.13,2.10
2011.08.15 13:46:22.357,1.03035,1.03078,1.35,1.35
2011.08.15 13:46:22.885,1.03033,1.03078,3.23,1.35
2011.08.15 13:46:23.495,1.03032,1.03076,1.73,1.50
2011.08.15 13:46:23.713,1.03035,1.03076,1.35,1.50
2011.08.15 13:46:24.626,1.03035,1.03076,1.35,2.25
2011.08.15 13:46:27.349,1.03033,1.03076,1.73,1.50
2011.08.15 13:46:27.819,1.03035,1.03077,1.35,5.31
2011.08.15 13:46:28.705,1.03035,1.03076,1.35,2.25
2011.08.15 13:46:29.277,1.03035,1.03077,1.35,3.60
2011.08.15 13:46:29.395,1.03035,1.03076,1.35,2.63
2011.08.15 13:46:29.616,1.03035,1.03076,1.35,1.71
2011.08.15 13:46:29.734,1.03039,1.03076,1.35,1.71
2011.08.15 13:46:30.201,1.03038,1.03084,2.48,2.10
2011.08.15 13:46:30.534,1.03037,1.03083,1.73,2.10
2011.08.15 13:46:31.021,1.03039,1.03083,1.35,2.10
2011.08.15 13:46:31.578,1.03041,1.03084,1.35,1.35
2011.08.15 13:46:32.027,1.03039,1.03084,1.13,1.13
2011.08.15 13:46:32.143,1.03036,1.03082,1.50,2.55
2011.08.15 13:46:32.569,1.03035,1.03082,2.25,3.68
2011.08.15 13:46:32.685,1.03033,1.03076,2.10,1.13
2011.08.15 13:46:32.800,1.03031,1.03075,1.35,2.48
2011.08.15 13:46:32.916,1.03031,1.03076,1.35,1.73
2011.08.15 13:46:33.659,1.03033,1.03076,1.35,1.73
2011.08.15 13:46:34.796,1.03033,1.03074,1.35,1.13
2011.08.15 13:46:35.135,1.03029,1.03074,2.63,1.73
2011.08.15 13:46:35.641,1.03029,1.03072,2.63,1.35
2011.08.15 13:46:36.655,1.03029,1.03072,2.63,1.35
2011.08.15 13:46:38.595,1.03029,1.03074,2.63,1.73
2011.08.15 13:46:39.819,1.03029,1.03072,2.63,1.35
2011.08.15 13:46:40.047,1.03029,1.03074,2.63,1.73
2011.08.15 13:46:40.613,1.03029,1.03073,1.13,1.35
2011.08.15 13:46:40.944,1.03025,1.03069,1.35,1.50
2011.08.15 13:46:41.248,1.03029,1.03072,1.13,2.78
2011.08.15 13:46:41.699,1.03032,1.03076,1.73,3.00
2011.08.15 13:46:41.816,1.03033,1.03076,1.73,1.50
2011.08.15 13:46:41.936,1.03033,1.0308,1.73,1.13
2011.08.15 13:46:42.714,1.03032,1.03075,1.35,1.73
2011.08.15 13:46:43.597,1.03032,1.03075,1.35,1.73
2011.08.15 13:46:45.687,1.03032,1.03075,1.35,1.73
2011.08.15 13:46:46.446,1.03032,1.03076,1.35,1.73
2011.08.15 13:46:47.054,1.03032,1.03075,1.35,1.73
2011.08.15 13:46:47.554,1.03031,1.03074,1.35,1.50
2011.08.15 13:46:48.297,1.03028,1.0307,2.63,1.35
2011.08.15 13:46:48.637,1.03032,1.03075,1.35,1.88
2011.08.15 13:46:48.759,1.03032,1.03075,1.73,1.50
2011.08.15 13:46:49.208,1.03032,1.03074,1.35,1.13
2011.08.15 13:46:49.436,1.03033,1.03076,2.25,1.50
2011.08.15 13:46:49.557,1.03038,1.03081,1.13,2.85
2011.08.15 13:46:50.008,1.03039,1.03084,2.48,2.10
2011.08.15 13:46:50.630,1.03039,1.03083,2.48,1.35
2011.08.15 13:46:51.755,1.0304,1.03083,1.73,1.35
2011.08.15 13:46:52.087,1.03041,1.03084,3.23,1.35
2011.08.15 13:46:52.427,1.03039,1.03083,2.10,1.50
2011.08.15 13:46:52.545,1.03042,1.03086,1.35,6.23
2011.08.15 13:46:52.874,1.03042,1.03084,1.35,1.35
2011.08.15 13:46:53.507,1.03042,1.03082,1.35,2.18
2011.08.15 13:46:53.628,1.03042,1.03083,1.35,1.13
2011.08.15 13:46:53.965,1.03042,1.03082,1.35,2.25
2011.08.15 13:46:54.187,1.03042,1.03081,1.35,1.13
2011.08.15 13:46:54.745,1.03038,1.03082,2.25,3.15
2011.08.15 13:46:55.078,1.03047,1.03092,1.73,2.10
2011.08.15 13:46:57.706,1.03047,1.03089,2.48,1.35
2011.08.15 13:46:58.175,1.03047,1.0309,2.10,1.35
2011.08.15 13:46:58.509,1.03038,1.03083,1.13,2.78
2011.08.15 13:46:58.626,1.03037,1.03087,2.85,4.35
2011.08.15 13:47:00.458,1.03038,1.0308,3.68,1.13
2011.08.15 13:47:00.579,1.03038,1.03077,2.93,1.50
2011.08.15 13:47:01.133,1.03037,1.03076,1.35,1.50
2011.08.15 13:47:01.606,1.03033,1.03076,1.73,2.10
2011.08.15 13:47:01.727,1.03033,1.03076,1.73,2.10
2011.08.15 13:47:01.846,1.03037,1.03076,1.35,1.13
2011.08.15 13:47:01.967,1.03037,1.03077,1.73,2.25
2011.08.15 13:47:02.088,1.03037,1.03082,1.73,2.25
2011.08.15 13:47:02.316,1.03042,1.03085,1.35,1.73
2011.08.15 13:47:02.603,1.03036,1.03084,1.73,1.13
2011.08.15 13:47:03.225,1.03034,1.03075,5.10,1.71
2011.08.15 13:47:03.556,1.03028,1.03068,3.00,1.35
2011.08.15 13:47:03.674,1.03028,1.03066,2.25,1.35
2011.08.15 13:47:03.896,1.03023,1.03062,1.13,2.18
2011.08.15 13:47:04.016,1.03019,1.03061,1.50,2.48
2011.08.15 13:47:04.576,1.03015,1.0306,1.35,1.73
2011.08.15 13:47:05.604,1.03015,1.03061,1.35,2.48
2011.08.15 13:47:06.747,1.03015,1.03061,1.35,2.48
2011.08.15 13:47:07.194,1.03021,1.03061,1.35,2.10
2011.08.15 13:47:07.528,1.03024,1.03068,3.38,1.35
2011.08.15 13:47:07.755,1.03027,1.03075,1.13,1.73
2011.08.15 13:47:07.976,1.03025,1.03071,1.35,3.60
2011.08.15 13:47:08.097,1.03019,1.03065,2.25,1.13
2011.08.15 13:47:08.645,1.03021,1.03067,1.13,4.50
2011.08.15 13:47:08.968,1.03021,1.03067,1.13,1.50
2011.08.15 13:47:09.078,1.03025,1.03066,1.13,1.50
2011.08.15 13:47:09.196,1.03025,1.03072,1.13,4.50
2011.08.15 13:47:09.764,1.03027,1.03072,1.13,2.25
2011.08.15 13:47:10.423,1.03028,1.03072,1.73,1.50
2011.08.15 13:47:10.756,1.03027,1.0307,1.73,1.50
2011.08.15 13:47:11.206,1.03024,1.03065,1.35,1.13
2011.08.15 13:47:14.797,1.03017,1.03064,1.13,1.73
2011.08.15 13:47:15.133,1.03016,1.03062,1.35,1.73
2011.08.15 13:47:15.974,1.03018,1.03063,1.13,3.15
2011.08.15 13:47:17.676,1.03018,1.03062,1.13,2.78
2011.08.15 13:47:18.917,1.03018,1.03062,1.13,2.78
2011.08.15 13:47:19.359,1.03016,1.03062,2.10,3.15
2011.08.15 13:47:20.696,1.03016,1.03059,1.35,1.13
2011.08.15 13:47:22.215,1.03022,1.03062,1.35,2.93
2011.08.15 13:47:22.868,1.03022,1.03064,1.73,1.35
2011.08.15 13:47:24.605,1.03024,1.03064,1.13,1.35
2011.08.15 13:47:25.949,1.03022,1.03063,1.35,1.35
2011.08.15 13:47:26.246,1.03022,1.03063,1.35,1.73
2011.08.15 13:47:26.586,1.03016,1.03064,3.98,1.35
2011.08.15 13:47:26.706,1.03016,1.03063,3.98,1.35
2011.08.15 13:47:27.465,1.03014,1.03052,1.50,3.15
2011.08.15 13:47:27.685,1.03008,1.03051,1.13,2.10
2011.08.15 13:47:28.726,1.03008,1.03051,1.13,2.10
2011.08.15 13:47:28.844,1.03009,1.03054,2.25,1.35
2011.08.15 13:47:29.613,1.03008,1.03053,2.63,1.35
2011.08.15 13:47:30.476,1.03009,1.03057,5.10,4.50
2011.08.15 13:47:31.189,1.03016,1.03056,1.35,1.13
2011.08.15 13:47:31.308,1.0301,1.03053,1.35,3.90
2011.08.15 13:47:31.426,1.0301,1.03053,1.35,3.90
2011.08.15 13:47:31.545,1.03012,1.03053,1.13,1.35
2011.08.15 13:47:31.876,1.0301,1.03052,1.35,3.23
2011.08.15 13:47:33.396,1.03006,1.03051,1.50,2.48
2011.08.15 13:47:33.844,1.0301,1.0305,1.35,1.13
2011.08.15 13:47:34.177,1.0301,1.03045,1.35,1.13
2011.08.15 13:47:34.515,1.03004,1.03048,1.35,1.73
2011.08.15 13:47:35.065,1.03012,1.03051,1.13,2.85
2011.08.15 13:47:35.295,1.03009,1.0305,4.50,1.73
2011.08.15 13:47:35.404,1.03009,1.0305,3.75,1.73
2011.08.15 13:47:35.798,1.03007,1.03052,1.50,6.15
2011.08.15 13:47:36.244,1.03007,1.03052,1.13,3.60
2011.08.15 13:47:36.683,1.03009,1.03052,1.13,3.60
2011.08.15 13:47:37.016,1.03011,1.03056,1.73,2.25
2011.08.15 13:47:37.687,1.03011,1.03054,2.10,1.13
2011.08.15 13:47:37.805,1.03011,1.03054,2.10,1.13
2011.08.15 13:47:38.374,1.03009,1.03053,2.25,1.13
2011.08.15 13:47:38.826,1.03009,1.03055,2.25,1.88
2011.08.15 13:47:43.597,1.03009,1.03055,3.00,1.13
2011.08.15 13:47:45.977,1.03009,1.03048,1.50,1.73
2011.08.15 13:47:46.094,1.03004,1.03048,3.00,1.73
2011.08.15 13:47:46.565,1.03004,1.03048,2.25,2.48
2011.08.15 13:47:46.935,1.03004,1.03046,4.88,1.35
2011.08.15 13:47:47.043,1.03008,1.03052,1.73,2.25
2011.08.15 13:47:47.556,1.03009,1.03054,7.73,1.13
2011.08.15 13:47:47.786,1.03011,1.03056,2.63,2.85
2011.08.15 13:47:48.384,1.03015,1.03057,2.25,2.10
2011.08.15 13:47:48.717,1.03013,1.03054,2.25,1.35
2011.08.15 13:47:48.837,1.03008,1.03046,3.00,1.73
2011.08.15 13:47:48.957,1.03,1.03045,3.00,1.35
2011.08.15 13:47:49.778,1.03001,1.03043,1.50,2.18
2011.08.15 13:47:49.900,1.03003,1.03047,1.35,1.50
2011.08.15 13:47:50.129,1.03005,1.0305,1.13,1.88
2011.08.15 13:47:50.246,1.03004,1.0305,3.38,1.13
2011.08.15 13:47:50.698,1.03004,1.03045,1.13,3.60
2011.08.15 13:47:50.928,1.03001,1.03045,1.50,2.10
2011.08.15 13:47:51.155,1.03,1.03045,1.50,2.10
2011.08.15 13:47:51.263,1.03001,1.03045,1.13,2.10
2011.08.15 13:47:51.754,1.03004,1.03045,1.13,2.10
2011.08.15 13:47:51.882,1.03007,1.0305,1.13,1.35
2011.08.15 13:47:52.697,1.03007,1.0305,1.88,1.35
2011.08.15 13:47:52.927,1.0301,1.03053,1.13,1.35
2011.08.15 13:47:53.045,1.0301,1.03053,1.13,1.35
2011.08.15 13:47:53.265,1.03008,1.03053,1.88,1.35
2011.08.15 13:47:54.845,1.03009,1.03051,1.13,2.10
2011.08.15 13:47:56.424,1.03006,1.0305,1.35,1.35
2011.08.15 13:47:58.017,1.03005,1.03048,1.35,1.88
2011.08.15 13:47:58.133,1.03005,1.03048,1.73,1.50
2011.08.15 13:47:58.247,1.03005,1.03046,1.73,1.50
2011.08.15 13:47:58.540,1.03004,1.03047,1.73,1.50
2011.08.15 13:47:59.206,1.03028,1.03047,2.25,1.50
2011.08.15 13:47:59.439,1.03029,1.03069,2.25,2.10
2011.08.15 13:47:59.557,1.03028,1.03075,1.35,1.35
2011.08.15 13:48:00.115,1.03028,1.03073,1.35,1.50
2011.08.15 13:48:00.227,1.03023,1.03071,3.60,2.10
2011.08.15 13:48:00.456,1.03022,1.03067,1.35,2.48
2011.08.15 13:48:01.964,1.03023,1.03066,1.35,1.88
2011.08.15 13:48:02.295,1.03024,1.03071,2.63,3.23
2011.08.15 13:48:02.746,1.03024,1.03068,1.50,1.73
2011.08.15 13:48:04.655,1.03024,1.03065,1.50,1.13
2011.08.15 13:48:05.615,1.03024,1.03065,2.25,1.13
2011.08.15 13:48:06.494,1.03024,1.03069,2.63,1.35
2011.08.15 13:48:07.786,1.03024,1.03067,1.13,1.35
2011.08.15 13:48:07.905,1.03025,1.03068,1.50,1.35
2011.08.15 13:48:08.135,1.03023,1.03067,1.35,1.73
2011.08.15 13:48:08.686,1.03025,1.03069,1.88,1.35
2011.08.15 13:48:09.147,1.03031,1.03071,1.35,1.50
2011.08.15 13:48:09.274,1.03031,1.03077,1.73,2.10
2011.08.15 13:48:09.398,1.03031,1.03079,4.73,1.73
2011.08.15 13:48:09.625,1.03032,1.03078,2.63,1.35
2011.08.15 13:48:10.174,1.03031,1.03081,2.48,3.00
2011.08.15 13:48:10.284,1.03035,1.0308,1.35,2.25
2011.08.15 13:48:10.507,1.03037,1.03081,1.35,1.88
2011.08.15 13:48:10.735,1.03036,1.0308,1.73,2.25
2011.08.15 13:48:11.066,1.03038,1.03081,1.13,2.25
2011.08.15 13:48:11.298,1.03037,1.03081,1.35,3.75
2011.08.15 13:48:11.857,1.03041,1.03082,1.50,4.05
2011.08.15 13:48:12.293,1.03042,1.03084,1.13,1.35
2011.08.15 13:48:12.418,1.03039,1.03084,3.98,1.35
2011.08.15 13:48:12.757,1.03042,1.03086,1.50,3.23
2011.08.15 13:48:12.879,1.03041,1.03086,1.35,3.23
2011.08.15 13:48:13.217,1.03038,1.03083,2.10,1.73
2011.08.15 13:48:14.486,1.03038,1.03082,2.48,2.18
2011.08.15 13:48:14.818,1.03038,1.03082,2.10,2.55
2011.08.15 13:48:14.936,1.03038,1.03082,2.48,2.18
2011.08.15 13:48:15.277,1.03041,1.03084,1.35,1.73
2011.08.15 13:48:15.836,1.03037,1.03078,1.35,1.13
2011.08.15 13:48:15.956,1.03038,1.03083,1.73,2.78
2011.08.15 13:48:16.174,1.03038,1.03083,1.73,4.28
2011.08.15 13:48:16.285,1.03038,1.03083,3.23,1.35
2011.08.15 13:48:16.864,1.03041,1.03086,1.35,3.81
2011.08.15 13:48:17.194,1.03039,1.03082,2.25,3.23
2011.08.15 13:48:17.525,1.03034,1.03077,1.50,2.48
2011.08.15 13:48:17.744,1.03035,1.03077,1.13,2.10
2011.08.15 13:48:18.416,1.03034,1.03075,1.88,1.35
2011.08.15 13:48:18.646,1.03034,1.03071,1.50,1.73
2011.08.15 13:48:18.899,1.03024,1.03071,2.63,1.73
2011.08.15 13:48:20.914,1.03024,1.03068,1.13,1.35
2011.08.15 13:48:22.374,1.03022,1.03063,1.35,1.35
2011.08.15 13:48:24.496,1.03035,1.03071,1.73,1.50
2011.08.15 13:48:24.730,1.03035,1.03078,1.73,1.35
2011.08.15 13:48:24.847,1.03035,1.03078,1.73,1.35
2011.08.15 13:48:25.611,1.03043,1.03086,1.13,1.50
2011.08.15 13:48:26.176,1.03042,1.03086,1.35,2.25
2011.08.15 13:48:26.295,1.0304,1.03086,3.23,2.25
2011.08.15 13:48:26.966,1.03037,1.03079,1.35,2.48
2011.08.15 13:48:27.749,1.03029,1.03078,3.38,1.13
2011.08.15 13:48:27.976,1.0303,1.03079,3.38,1.13
2011.08.15 13:48:28.631,1.03035,1.0308,1.13,2.48
2011.08.15 13:48:28.964,1.03031,1.03078,3.00,1.13
2011.08.15 13:48:29.885,1.03029,1.03078,2.63,1.88
2011.08.15 13:48:31.645,1.03029,1.03076,2.63,1.13
2011.08.15 13:48:32.684,1.03029,1.03078,2.63,1.88
2011.08.15 13:48:33.616,1.03034,1.03078,1.13,1.50
2011.08.15 13:48:34.157,1.03031,1.0308,1.50,1.73
2011.08.15 13:48:34.275,1.0303,1.03076,3.00,1.13
2011.08.15 13:48:35.384,1.03029,1.03074,1.13,1.50
2011.08.15 13:48:35.496,1.03028,1.03073,2.25,1.88
2011.08.15 13:48:36.155,1.03024,1.03071,3.98,1.13
2011.08.15 13:48:36.486,1.0303,1.03072,1.13,2.18
2011.08.15 13:48:36.606,1.0303,1.03077,1.13,1.88
2011.08.15 13:48:37.166,1.03033,1.03077,1.13,1.50
2011.08.15 13:48:37.488,1.03036,1.03081,1.35,4.35
2011.08.15 13:48:38.416,1.0304,1.03081,1.73,1.35
2011.08.15 13:48:38.744,1.03042,1.03082,1.35,2.10
2011.08.15 13:48:39.514,1.0304,1.03081,1.13,1.50
2011.08.15 13:48:39.733,1.0304,1.03081,1.13,1.50
2011.08.15 13:48:40.504,1.0304,1.03082,1.13,1.50
2011.08.15 13:48:40.833,1.0304,1.03082,1.13,2.25
2011.08.15 13:48:42.177,1.0304,1.03082,1.13,1.50
2011.08.15 13:48:42.666,1.0304,1.03082,1.13,1.50
2011.08.15 13:48:43.106,1.03041,1.03092,1.50,3.98
2011.08.15 13:48:44.765,1.03046,1.03091,1.13,2.63
2011.08.15 13:48:46.637,1.03046,1.03091,1.13,2.63
2011.08.15 13:48:46.975,1.0304,1.0309,1.88,2.48
2011.08.15 13:48:47.654,1.03041,1.03086,1.50,2.10
2011.08.15 13:48:49.096,1.03038,1.03087,2.25,3.60
2011.08.15 13:48:49.215,1.03039,1.03083,2.25,2.55
2011.08.15 13:48:49.768,1.03038,1.0308,2.25,2.10
2011.08.15 13:48:50.708,1.03038,1.0308,2.25,2.85
2011.08.15 13:48:51.684,1.03038,1.0308,2.25,2.10
2011.08.15 13:48:52.234,1.03038,1.0308,2.25,2.85
2011.08.15 13:48:57.897,1.03035,1.03081,2.48,1.35
2011.08.15 13:48:58.685,1.03035,1.03074,1.88,1.35
2011.08.15 13:49:00.646,1.03034,1.03075,1.13,1.35
2011.08.15 13:49:00.769,1.03034,1.03076,1.13,1.35
2011.08.15 13:49:01.132,1.03031,1.03076,1.35,3.23
2011.08.15 13:49:01.467,1.03034,1.03076,1.13,1.35
2011.08.15 13:49:01.808,1.03028,1.03076,2.63,1.88
2011.08.15 13:49:01.929,1.03029,1.03075,1.88,1.13
2011.08.15 13:49:03.550,1.03032,1.0308,1.13,1.50
2011.08.15 13:49:03.996,1.03036,1.03081,1.50,2.85
2011.08.15 13:49:04.226,1.03039,1.03086,1.88,3.38
2011.08.15 13:49:04.454,1.03039,1.03085,1.88,1.13
2011.08.15 13:49:05.454,1.03039,1.03086,3.00,3.00
2011.08.15 13:49:05.976,1.03043,1.03086,1.35,3.00
2011.08.15 13:49:06.204,1.03047,1.03086,1.13,2.10
2011.08.15 13:49:06.315,1.03044,1.03082,2.25,3.90
2011.08.15 13:49:06.425,1.03035,1.03081,3.38,2.48
2011.08.15 13:49:06.536,1.03037,1.03081,1.13,2.10
2011.08.15 13:49:06.985,1.03034,1.03081,2.63,3.98
2011.08.15 13:49:07.334,1.03034,1.03081,1.13,2.48
2011.08.15 13:49:07.669,1.03039,1.03086,1.13,1.13
2011.08.15 13:49:08.225,1.03039,1.03083,1.88,2.25
2011.08.15 13:49:09.046,1.03039,1.03086,2.48,2.63
2011.08.15 13:49:09.166,1.03045,1.03086,1.35,1.50
2011.08.15 13:49:09.288,1.03051,1.03087,1.13,1.50
2011.08.15 13:49:09.404,1.03051,1.03091,1.13,3.00
2011.08.15 13:49:09.905,1.03051,1.03092,1.73,3.00
2011.08.15 13:49:10.635,1.03052,1.03092,1.73,3.75
2011.08.15 13:49:12.626,1.03052,1.03092,1.13,3.00
2011.08.15 13:49:12.746,1.03051,1.03091,1.50,3.00
2011.08.15 13:49:12.868,1.03044,1.0309,1.88,1.50
2011.08.15 13:49:12.987,1.03038,1.0308,2.18,1.13
2011.08.15 13:49:13.328,1.0303,1.03076,1.13,3.38
2011.08.15 13:49:13.832,1.03028,1.03076,2.63,1.13
2011.08.15 13:49:14.495,1.0303,1.03076,1.13,2.48
2011.08.15 13:49:15.205,1.0303,1.03076,1.13,1.88
2011.08.15 13:49:15.426,1.03029,1.03072,1.88,2.10
2011.08.15 13:49:16.205,1.03027,1.03072,1.50,1.50
2011.08.15 13:49:16.426,1.0303,1.0308,3.00,1.13
2011.08.15 13:49:16.857,1.0303,1.03079,3.00,1.13
2011.08.15 13:49:16.980,1.0303,1.03076,2.25,1.13
2011.08.15 13:49:17.318,1.03029,1.03073,2.63,2.85
2011.08.15 13:49:17.657,1.03031,1.03077,1.50,2.48
2011.08.15 13:49:17.994,1.03032,1.03076,1.13,1.50
2011.08.15 13:49:18.106,1.03032,1.0308,1.13,1.50
2011.08.15 13:49:18.745,1.03032,1.0308,1.88,1.50
2011.08.15 13:49:19.226,1.03032,1.03073,1.50,1.35
2011.08.15 13:49:19.634,1.0303,1.03075,1.13,1.13
2011.08.15 13:49:19.861,1.03031,1.03072,1.13,2.10
2011.08.15 13:49:20.087,1.03028,1.03072,7.60,1.50
2011.08.15 13:49:20.210,1.03031,1.03075,1.13,1.35
2011.08.15 13:49:20.654,1.0303,1.03076,1.13,1.73
2011.08.15 13:49:21.654,1.0303,1.03075,1.13,3.60
2011.08.15 13:49:21.985,1.03032,1.03075,1.35,2.85
2011.08.15 13:49:22.316,1.03029,1.03073,2.25,1.73
2011.08.15 13:49:22.764,1.03025,1.03073,1.73,3.90
2011.08.15 13:49:23.020,1.03026,1.03072,1.13,2.85
2011.08.15 13:49:23.365,1.03019,1.03063,2.25,1.13
2011.08.15 13:49:24.244,1.03018,1.03062,2.25,3.15
2011.08.15 13:49:24.845,1.03018,1.03062,2.25,3.15
2011.08.15 13:49:25.613,1.03018,1.03062,2.25,3.15
2011.08.15 13:49:27.665,1.03021,1.03062,1.35,2.55
2011.08.15 13:49:27.885,1.03022,1.03066,1.35,1.73
2011.08.15 13:49:28.496,1.03019,1.03066,1.73,1.35
2011.08.15 13:49:28.726,1.03019,1.03057,2.25,2.10
2011.08.15 13:49:29.285,1.03019,1.03057,1.88,2.10
2011.08.15 13:49:29.396,1.03019,1.03059,1.88,1.35
2011.08.15 13:49:29.517,1.03018,1.03059,1.50,1.35
2011.08.15 13:49:30.362,1.03019,1.03059,1.50,1.35
2011.08.15 13:49:31.624,1.03018,1.03059,1.50,1.35
2011.08.15 13:49:31.734,1.03018,1.03057,1.50,1.35
2011.08.15 13:49:32.346,1.03018,1.03057,2.25,1.35
2011.08.15 13:49:32.693,1.03018,1.03056,1.50,2.25
2011.08.15 13:49:32.804,1.03016,1.03056,1.13,2.25
2011.08.15 13:49:33.954,1.03016,1.03056,1.13,1.50
2011.08.15 13:49:34.300,1.03016,1.03059,1.13,2.25
2011.08.15 13:49:34.416,1.03014,1.03059,2.63,2.25
2011.08.15 13:49:34.647,1.03014,1.03056,1.88,2.10
2011.08.15 13:49:34.768,1.03013,1.03056,1.50,3.23
2011.08.15 13:49:34.998,1.03009,1.03052,1.30,1.73
2011.08.15 13:49:35.635,1.03007,1.03052,1.35,3.90
2011.08.15 13:49:36.686,1.03007,1.03049,1.35,1.35
2011.08.15 13:49:37.537,1.03007,1.03049,1.73,1.35
2011.08.15 13:49:37.767,1.03014,1.03049,1.50,1.35
2011.08.15 13:49:38.545,1.03014,1.03058,1.50,1.73
2011.08.15 13:49:39.605,1.03014,1.03057,1.50,1.35
2011.08.15 13:49:40.386,1.03013,1.03057,2.25,1.35
2011.08.15 13:49:41.215,1.03014,1.03057,1.50,1.35
2011.08.15 13:49:41.323,1.03014,1.03059,1.50,1.73
2011.08.15 13:49:41.916,1.03013,1.03059,2.25,1.73
2011.08.15 13:49:42.368,1.03013,1.03057,2.25,1.35
2011.08.15 13:49:43.184,1.0301,1.03056,1.50,2.25
2011.08.15 13:49:43.777,1.03013,1.03056,1.13,3.75
2011.08.15 13:49:44.664,1.03012,1.03056,1.50,3.00
2011.08.15 13:49:46.275,1.03017,1.03057,1.13,2.10
2011.08.15 13:49:46.385,1.03013,1.03057,1.13,2.85
2011.08.15 13:49:46.498,1.03011,1.03057,1.88,2.10
2011.08.15 13:49:46.617,1.03011,1.03057,1.88,2.10
2011.08.15 13:49:46.734,1.03009,1.03053,3.00,3.15
2011.08.15 13:49:47.286,1.03011,1.03056,1.13,2.10
2011.08.15 13:49:47.627,1.03012,1.03056,1.13,1.50
2011.08.15 13:49:47.855,1.03014,1.03062,2.63,2.93
2011.08.15 13:49:48.306,1.03014,1.03058,1.88,1.50
2011.08.15 13:49:48.454,1.03012,1.03057,2.63,1.88
2011.08.15 13:49:48.569,1.03012,1.03057,1.50,1.50
2011.08.15 13:49:49.446,1.03013,1.03061,1.88,1.35
2011.08.15 13:49:49.964,1.03016,1.03061,1.13,1.35
2011.08.15 13:49:51.175,1.03015,1.03058,1.50,1.88
2011.08.15 13:49:51.724,1.03013,1.03061,1.88,1.71
2011.08.15 13:49:52.648,1.03015,1.03061,1.13,1.50
2011.08.15 13:49:52.985,1.03013,1.03058,1.50,1.13
2011.08.15 13:49:53.205,1.03014,1.03057,1.50,1.13
2011.08.15 13:49:53.835,1.03014,1.03059,1.88,3.00
2011.08.15 13:49:53.946,1.03014,1.03058,1.50,1.13
2011.08.15 13:49:54.495,1.03013,1.03054,1.50,1.35
2011.08.15 13:49:55.626,1.03013,1.03051,1.50,1.35
2011.08.15 13:49:56.214,1.03016,1.03058,1.13,1.35
2011.08.15 13:49:56.547,1.03013,1.03061,3.23,1.73
2011.08.15 13:49:57.536,1.03013,1.03061,1.50,1.33
2011.08.15 13:49:58.097,1.0301,1.03056,1.13,1.50
2011.08.15 13:49:58.894,1.0301,1.03056,1.13,1.50
2011.08.15 13:49:59.656,1.0301,1.03057,1.13,2.63
2011.08.15 13:49:59.778,1.03007,1.03053,1.35,2.55
2011.08.15 13:49:59.898,1.03005,1.0305,1.13,1.35
2011.08.15 13:50:00.329,1.03004,1.0305,1.13,2.85
2011.08.15 13:50:00.975,1.03007,1.03051,1.73,2.85
2011.08.15 13:50:01.526,1.03011,1.03054,1.88,1.35
2011.08.15 13:50:02.085,1.03013,1.03054,1.50,1.35
2011.08.15 13:50:02.724,1.03014,1.03054,1.50,1.35
2011.08.15 13:50:03.194,1.03014,1.03054,2.10,1.35
2011.08.15 13:50:03.724,1.03015,1.03053,1.35,1.35
2011.08.15 13:50:04.598,1.03015,1.03053,1.35,1.35
2011.08.15 13:50:05.595,1.03014,1.03051,1.50,1.35
2011.08.15 13:50:06.034,1.0301,1.03051,1.73,1.35
2011.08.15 13:50:06.258,1.03015,1.03053,1.13,2.10
2011.08.15 13:50:06.377,1.03015,1.0306,1.13,3.60
2011.08.15 13:50:06.725,1.03013,1.03054,2.85,2.85
2011.08.15 13:50:06.956,1.03014,1.03052,1.50,3.15
2011.08.15 13:50:08.287,1.03012,1.03052,1.35,3.15
2011.08.15 13:50:08.697,1.03012,1.0305,1.35,1.35
2011.08.15 13:50:08.925,1.03011,1.03056,1.35,3.00
2011.08.15 13:50:09.436,1.03013,1.0306,2.48,2.25
2011.08.15 13:50:09.794,1.03014,1.03054,1.35,1.50
2011.08.15 13:50:10.634,1.03014,1.03054,2.10,1.50
2011.08.15 13:50:11.924,1.03015,1.03058,1.13,1.50
2011.08.15 13:50:12.616,1.03014,1.03061,3.23,3.00
2011.08.15 13:50:12.736,1.03014,1.03062,2.10,5.10
2011.08.15 13:50:13.077,1.03016,1.03061,1.13,1.13
2011.08.15 13:50:13.414,1.03014,1.03059,2.85,1.13
2011.08.15 13:50:14.727,1.03016,1.03057,1.13,2.25
2011.08.15 13:50:15.567,1.03012,1.03054,1.50,1.35
2011.08.15 13:50:18.072,1.03019,1.03061,1.50,1.50
2011.08.15 13:50:19.582,1.03022,1.03065,1.13,1.35
2011.08.15 13:50:19.934,1.03021,1.03065,1.13,1.35
2011.08.15 13:50:21.633,1.03022,1.03063,1.35,1.35
2011.08.15 13:50:21.763,1.03019,1.03056,1.50,1.35
2011.08.15 13:50:21.878,1.03017,1.03055,1.35,2.10
2011.08.15 13:50:23.247,1.0301,1.03056,1.50,1.73
2011.08.15 13:50:24.624,1.03012,1.03056,1.35,1.13
2011.08.15 13:50:24.955,1.03024,1.03066,1.13,2.25
2011.08.15 13:50:25.066,1.03023,1.03064,1.88,2.10
2011.08.15 13:50:25.185,1.03019,1.0306,3.00,1.35
2011.08.15 13:50:25.300,1.03015,1.03052,1.30,1.13
2011.08.15 13:50:25.417,1.0301,1.03052,1.73,2.25
2011.08.15 13:50:26.115,1.03005,1.03052,1.13,1.88
2011.08.15 13:50:26.232,1.03011,1.03051,1.13,1.50
2011.08.15 13:50:26.360,1.03011,1.03051,1.35,1.88
2011.08.15 13:50:26.699,1.0301,1.03051,1.13,4.35
2011.08.15 13:50:27.659,1.0301,1.03051,1.13,2.10
2011.08.15 13:50:29.135,1.03015,1.03052,1.13,3.00
2011.08.15 13:50:29.685,1.03015,1.03059,1.88,1.35
2011.08.15 13:50:30.634,1.03017,1.03059,1.13,1.35
2011.08.15 13:50:31.185,1.03017,1.03061,2.48,2.25
2011.08.15 13:50:33.144,1.03018,1.03061,1.35,2.25
2011.08.15 13:50:33.474,1.03021,1.03062,1.35,2.25
2011.08.15 13:50:33.915,1.03023,1.03063,1.13,1.35
2011.08.15 13:50:34.635,1.03026,1.0307,1.13,2.25
2011.08.15 13:50:35.211,1.03026,1.03071,1.13,1.13
2011.08.15 13:50:35.787,1.03026,1.03071,1.13,1.88
2011.08.15 13:50:38.425,1.03026,1.03071,1.13,2.63
2011.08.15 13:50:43.448,1.03026,1.03071,1.13,1.88
2011.08.15 13:50:44.085,1.03026,1.03071,1.13,3.38
2011.08.15 13:50:44.844,1.03023,1.03064,2.25,1.35
2011.08.15 13:50:46.965,1.0302,1.0306,1.13,1.35
2011.08.15 13:50:47.406,1.0302,1.03064,1.13,1.35
2011.08.15 13:50:47.517,1.0302,1.03057,1.13,1.50
2011.08.15 13:50:52.011,1.03017,1.03062,2.10,2.18
2011.08.15 13:50:52.456,1.03022,1.03066,1.50,3.38
2011.08.15 13:50:52.717,1.03019,1.03066,1.88,4.13
2011.08.15 13:50:53.054,1.03019,1.03063,1.88,1.50
2011.08.15 13:50:53.166,1.03019,1.03063,1.88,1.50
2011.08.15 13:50:53.695,1.03019,1.03063,1.88,2.25
2011.08.15 13:50:54.605,1.03019,1.03063,1.13,2.25
2011.08.15 13:50:54.824,1.03015,1.0306,1.88,1.13
2011.08.15 13:50:55.209,1.03014,1.03059,3.60,1.13
2011.08.15 13:50:55.544,1.03014,1.03061,2.85,5.46
2011.08.15 13:50:56.654,1.03014,1.03058,2.85,1.13
2011.08.15 13:50:57.307,1.03014,1.03052,2.25,2.10
2011.08.15 13:50:57.429,1.0301,1.03052,3.75,2.48
2011.08.15 13:50:57.547,1.03008,1.03049,3.00,2.10
2011.08.15 13:50:58.126,1.03009,1.03052,1.50,1.50
2011.08.15 13:50:58.348,1.03004,1.03046,2.48,1.50
2011.08.15 13:50:58.898,1.03004,1.03046,1.88,1.50
2011.08.15 13:50:59.697,1.03004,1.03047,1.13,1.50
2011.08.15 13:51:00.455,1.03007,1.03049,1.13,1.50
2011.08.15 13:51:00.567,1.03008,1.03049,1.13,1.50
2011.08.15 13:51:00.685,1.03007,1.03052,1.13,1.50
2011.08.15 13:51:00.905,1.03009,1.03051,1.50,1.88
2011.08.15 13:51:01.015,1.03001,1.0305,3.23,1.13
2011.08.15 13:51:01.607,1.03007,1.03052,1.88,1.50
2011.08.15 13:51:02.666,1.03008,1.03055,1.13,1.13
2011.08.15 13:51:02.895,1.0301,1.03055,1.13,1.13
2011.08.15 13:51:03.228,1.03009,1.03049,1.50,1.35
2011.08.15 13:51:03.896,1.03008,1.03049,1.50,1.35
2011.08.15 13:51:04.446,1.0301,1.03052,1.35,2.93
2011.08.15 13:51:06.677,1.03015,1.03056,1.13,2.25
2011.08.15 13:51:08.645,1.03015,1.03056,1.88,2.25
2011.08.15 13:51:09.096,1.03015,1.03057,1.13,2.25
2011.08.15 13:51:09.215,1.03015,1.03057,1.50,2.25
2011.08.15 13:51:09.327,1.03019,1.03062,1.88,2.93
2011.08.15 13:51:10.512,1.03021,1.03065,2.25,1.13
2011.08.15 13:51:10.627,1.03021,1.03065,2.25,1.13
2011.08.15 13:51:10.856,1.03021,1.03061,2.25,1.35
2011.08.15 13:51:11.079,1.03019,1.03061,3.00,1.35
2011.08.15 13:51:11.610,1.03013,1.03058,2.25,1.13
2011.08.15 13:51:12.626,1.03013,1.03057,4.50,1.13
2011.08.15 13:51:12.956,1.03015,1.03053,1.73,1.35
2011.08.15 13:51:13.287,1.03019,1.0306,3.23,1.35
2011.08.15 13:51:13.629,1.0302,1.03061,2.25,1.50
2011.08.15 13:51:13.854,1.03018,1.03061,2.25,1.50
2011.08.15 13:51:14.271,1.03018,1.03059,2.25,1.35
2011.08.15 13:51:14.826,1.03019,1.03054,1.50,1.35
2011.08.15 13:51:15.157,1.03019,1.03061,2.10,1.50
2011.08.15 13:51:15.385,1.03023,1.03062,1.88,5.03
2011.08.15 13:51:15.606,1.03024,1.03064,1.50,1.35
2011.08.15 13:51:16.705,1.03024,1.03062,1.50,1.35
2011.08.15 13:51:16.864,1.03024,1.03064,1.50,1.35
2011.08.15 13:51:16.977,1.03024,1.03069,1.88,1.50
2011.08.15 13:51:17.541,1.03021,1.03063,2.25,1.13
2011.08.15 13:51:17.782,1.03015,1.03062,1.35,1.88
2011.08.15 13:51:18.007,1.03017,1.03061,1.13,1.50
2011.08.15 13:51:18.349,1.03019,1.03069,3.60,1.88
2011.08.15 13:51:18.467,1.03019,1.03065,3.23,1.13
2011.08.15 13:51:19.025,1.03018,1.03065,2.63,1.13
2011.08.15 13:51:19.306,1.03019,1.03061,1.88,1.50
2011.08.15 13:51:19.645,1.03019,1.03057,1.50,1.13
2011.08.15 13:51:19.754,1.03013,1.03057,2.25,1.13
2011.08.15 13:51:20.544,1.03014,1.03061,3.23,3.38
2011.08.15 13:51:21.205,1.03015,1.03058,3.00,1.13
2011.08.15 13:51:22.708,1.03014,1.03055,2.25,1.13
2011.08.15 13:51:24.707,1.03014,1.03055,1.50,1.13
2011.08.15 13:51:25.266,1.03014,1.03056,1.50,1.13
2011.08.15 13:51:25.384,1.03014,1.03057,1.50,1.13
2011.08.15 13:51:25.717,1.03014,1.03061,1.88,6.38
2011.08.15 13:51:26.121,1.03013,1.03055,1.50,1.13
2011.08.15 13:51:26.846,1.03012,1.03057,2.63,1.50
2011.08.15 13:51:27.985,1.03012,1.03057,2.48,1.50
2011.08.15 13:51:28.716,1.03015,1.03056,1.35,1.50
2011.08.15 13:51:29.667,1.03015,1.03056,1.35,2.25
2011.08.15 13:51:30.636,1.03015,1.03056,1.35,2.25
2011.08.15 13:51:31.624,1.03015,1.03056,1.35,2.25
2011.08.15 13:51:32.664,1.0302,1.03062,1.13,1.50
2011.08.15 13:51:33.624,1.03018,1.03061,3.30,2.25
2011.08.15 13:51:33.843,1.03019,1.03061,2.63,1.50
2011.08.15 13:51:33.955,1.03019,1.03061,3.00,1.50
2011.08.15 13:51:34.066,1.03024,1.03067,1.88,1.50
2011.08.15 13:51:34.185,1.03024,1.03069,1.88,1.50
2011.08.15 13:51:34.696,1.03023,1.03067,2.25,1.13
2011.08.15 13:51:35.687,1.0302,1.03064,1.50,1.35
2011.08.15 13:51:35.918,1.03025,1.03071,1.73,2.08
2011.08.15 13:51:36.147,1.03025,1.03072,1.73,3.98
2011.08.15 13:51:36.266,1.03024,1.03072,2.10,2.25
2011.08.15 13:51:36.610,1.03031,1.0308,1.13,1.50
2011.08.15 13:51:37.184,1.03033,1.0308,1.73,2.25
2011.08.15 13:51:38.684,1.03033,1.0308,1.73,2.25
2011.08.15 13:51:39.755,1.03035,1.0308,1.13,1.50
2011.08.15 13:51:40.158,1.03032,1.03077,2.10,1.13
2011.08.15 13:51:40.786,1.03029,1.03079,3.00,1.50
2011.08.15 13:51:41.017,1.03029,1.03077,1.13,1.13
2011.08.15 13:51:41.725,1.03029,1.03077,1.13,1.13
2011.08.15 13:51:41.995,1.03028,1.03074,1.50,2.48
2011.08.15 13:51:42.554,1.03029,1.03074,1.50,1.73
2011.08.15 13:51:42.665,1.03026,1.03074,1.35,1.73
2011.08.15 13:51:43.030,1.03026,1.03066,1.35,2.46
2011.08.15 13:51:43.258,1.03022,1.03065,2.85,1.50
2011.08.15 13:51:43.489,1.0302,1.03066,1.13,3.00
2011.08.15 13:51:44.637,1.0302,1.03066,1.13,1.50
2011.08.15 13:51:45.613,1.0302,1.03066,1.13,1.50
2011.08.15 13:51:47.244,1.03026,1.03067,1.13,3.00
2011.08.15 13:51:47.685,1.0302,1.03067,1.13,4.13
2011.08.15 13:51:48.718,1.03018,1.03064,5.18,1.13
2011.08.15 13:51:49.164,1.03019,1.03063,1.13,2.18
2011.08.15 13:51:49.278,1.03019,1.03066,1.88,1.13
2011.08.15 13:51:50.795,1.03019,1.03066,5.63,2.63
2011.08.15 13:51:51.126,1.03026,1.03066,1.13,2.25
2011.08.15 13:51:51.467,1.03027,1.03072,2.63,4.43
2011.08.15 13:51:51.585,1.03027,1.03071,3.38,1.50
2011.08.15 13:51:51.874,1.03027,1.03071,3.38,1.50
2011.08.15 13:51:52.002,1.03024,1.03071,3.38,1.88
2011.08.15 13:51:52.456,1.03024,1.03071,2.25,2.25
2011.08.15 13:51:52.784,1.03023,1.03068,2.25,1.13
2011.08.15 13:51:52.897,1.03023,1.03068,2.25,1.13
2011.08.15 13:51:53.019,1.03025,1.03072,1.13,4.80
2011.08.15 13:51:53.137,1.03023,1.03072,2.25,2.25
2011.08.15 13:51:53.828,1.03019,1.03067,1.88,2.63
2011.08.15 13:51:53.946,1.03028,1.03072,1.13,2.25
2011.08.15 13:51:54.303,1.03027,1.03071,1.50,2.85
2011.08.15 13:51:54.636,1.03024,1.03071,2.63,4.13
2011.08.15 13:51:58.169,1.03019,1.03072,1.13,2.25
2011.08.15 13:51:59.632,1.03019,1.03067,2.63,1.13
2011.08.15 13:52:00.688,1.03019,1.03066,2.63,1.13
2011.08.15 13:52:03.702,1.03025,1.03069,1.35,1.50
2011.08.15 13:52:04.255,1.0302,1.03067,1.13,1.13
2011.08.15 13:52:05.359,1.0302,1.03065,1.13,1.13
2011.08.15 13:52:05.476,1.03019,1.03063,2.25,1.13
2011.08.15 13:52:06.579,1.0302,1.0306,1.13,1.35
2011.08.15 13:52:07.844,1.0302,1.03065,1.13,1.13
2011.08.15 13:52:07.954,1.03021,1.03067,1.13,3.00
2011.08.15 13:52:09.607,1.03025,1.03069,1.73,2.10
2011.08.15 13:52:09.945,1.03027,1.03069,1.13,1.35
2011.08.15 13:52:10.605,1.0303,1.03069,1.13,1.35
2011.08.15 13:52:12.730,1.03026,1.03069,1.13,1.35
2011.08.15 13:52:13.295,1.0303,1.03069,1.13,1.35
2011.08.15 13:52:13.626,1.03025,1.03069,1.73,2.10
2011.08.15 13:52:14.327,1.03025,1.03071,1.73,4.73
2011.08.15 13:52:14.447,1.03031,1.03071,1.73,3.75
2011.08.15 13:52:15.684,1.03034,1.03072,1.73,1.50
2011.08.15 13:52:16.127,1.03034,1.03077,1.73,1.50
2011.08.15 13:52:16.684,1.03034,1.03076,1.73,2.25
2011.08.15 13:52:17.348,1.03031,1.03073,1.13,2.10
2011.08.15 13:52:17.468,1.0303,1.03073,1.13,2.10
2011.08.15 13:52:17.695,1.0303,1.03077,1.13,3.58
2011.08.15 13:52:18.648,1.03031,1.03077,1.13,3.00
2011.08.15 13:52:18.987,1.03033,1.03076,1.50,1.13
2011.08.15 13:52:19.525,1.03034,1.03076,1.50,1.13
2011.08.15 13:52:20.065,1.03033,1.03076,1.50,1.13
2011.08.15 13:52:20.394,1.03036,1.0308,1.35,1.13
2011.08.15 13:52:21.612,1.03034,1.0308,4.73,1.13
2011.08.15 13:52:22.888,1.03035,1.0308,4.13,1.73
2011.08.15 13:52:23.006,1.03039,1.0308,1.13,1.35
2011.08.15 13:52:23.348,1.03039,1.03084,1.73,1.35
2011.08.15 13:52:24.277,1.03036,1.0308,1.50,1.73
2011.08.15 13:52:27.765,1.03032,1.03076,3.98,2.25
2011.08.15 13:52:28.613,1.03035,1.03077,1.13,2.25
2011.08.15 13:52:30.740,1.0303,1.03075,1.13,2.48
2011.08.15 13:52:30.968,1.03026,1.03071,3.00,1.13
2011.08.15 13:52:31.572,1.03024,1.03071,3.23,1.13
2011.08.15 13:52:32.675,1.03024,1.03071,3.23,1.88
2011.08.15 13:52:33.004,1.03024,1.03071,4.73,1.88
2011.08.15 13:52:33.224,1.03029,1.03072,1.13,2.18
2011.08.15 13:52:33.335,1.03031,1.03076,1.35,5.48
2011.08.15 13:52:33.555,1.03027,1.03072,1.50,2.55
2011.08.15 13:52:34.526,1.03025,1.03071,2.85,1.13
2011.08.15 13:52:35.665,1.03025,1.03071,2.85,1.13
2011.08.15 13:52:36.015,1.0303,1.03071,1.13,1.50
2011.08.15 13:52:36.238,1.03034,1.03076,3.23,1.50
2011.08.15 13:52:37.685,1.03035,1.03076,1.73,1.50
2011.08.15 13:52:38.682,1.03035,1.03072,1.35,1.50
2011.08.15 13:52:38.788,1.03029,1.03071,2.63,2.10
2011.08.15 13:52:39.118,1.0303,1.03076,1.13,3.75
2011.08.15 13:52:39.455,1.03031,1.03077,1.13,1.50
2011.08.15 13:52:39.567,1.03035,1.03081,1.13,1.50
2011.08.15 13:52:39.687,1.03037,1.03081,2.55,1.50
2011.08.15 13:52:40.355,1.03039,1.03082,1.13,1.50
2011.08.15 13:52:40.708,1.03034,1.03081,3.23,2.63
2011.08.15 13:52:41.169,1.03034,1.03081,3.23,1.88
2011.08.15 13:52:41.665,1.03034,1.03081,4.73,2.63
2011.08.15 13:52:42.685,1.03035,1.03081,2.48,1.13
2011.08.15 13:52:43.605,1.03036,1.03081,1.73,1.13
2011.08.15 13:52:44.101,1.03044,1.03081,2.10,1.13
2011.08.15 13:52:44.220,1.03044,1.03082,2.48,2.25
2011.08.15 13:52:44.447,1.03041,1.03086,1.13,1.13
2011.08.15 13:52:44.676,1.03039,1.03086,2.63,4.13
2011.08.15 13:52:44.905,1.03041,1.03081,1.13,1.50
2011.08.15 13:52:45.696,1.03041,1.03081,1.13,2.25
2011.08.15 13:52:46.039,1.03036,1.03076,1.13,1.50
2011.08.15 13:52:46.156,1.03033,1.03077,1.35,1.88
2011.08.15 13:52:46.867,1.03031,1.03076,1.13,1.88
2011.08.15 13:52:47.117,1.03032,1.03076,1.13,1.50
2011.08.15 13:52:47.457,1.03032,1.03077,1.50,1.50
2011.08.15 13:52:48.134,1.03037,1.03077,1.50,1.50
2011.08.15 13:52:48.669,1.03036,1.03076,1.13,1.50
2011.08.15 13:52:48.789,1.03037,1.03076,1.13,1.50
2011.08.15 13:52:49.127,1.03038,1.03086,1.13,3.75
2011.08.15 13:52:49.247,1.03038,1.03086,1.13,3.75
2011.08.15 13:52:49.367,1.03038,1.03086,1.13,6.00
2011.08.15 13:52:49.486,1.03038,1.03086,1.13,6.00
2011.08.15 13:52:49.819,1.03038,1.03083,1.50,1.13
2011.08.15 13:52:50.184,1.0304,1.03086,1.50,1.50
2011.08.15 13:52:50.300,1.0304,1.03086,1.50,2.25
2011.08.15 13:52:51.186,1.03047,1.03085,2.93,1.50
2011.08.15 13:52:51.515,1.0304,1.03082,1.13,1.50
2011.08.15 13:52:51.956,1.0304,1.03076,1.13,1.50
2011.08.15 13:52:52.445,1.03043,1.03076,1.13,1.50
2011.08.15 13:52:52.573,1.03044,1.03082,1.73,1.50
2011.08.15 13:52:53.129,1.03043,1.03081,1.73,1.50
2011.08.15 13:52:53.246,1.03048,1.03081,1.13,1.50
2011.08.15 13:52:53.364,1.03048,1.03086,1.13,3.75
2011.08.15 13:52:53.824,1.03044,1.03086,1.88,3.75
2011.08.15 13:52:54.266,1.03046,1.03086,1.50,3.75
2011.08.15 13:52:54.379,1.03046,1.03086,1.13,3.75
2011.08.15 13:52:54.497,1.03046,1.03081,1.13,1.50
2011.08.15 13:52:55.330,1.03041,1.03082,2.10,1.50
2011.08.15 13:52:56.338,1.03043,1.03082,1.13,2.25
2011.08.15 13:52:57.337,1.03041,1.03082,2.85,1.50
2011.08.15 13:52:57.727,1.03041,1.03082,2.85,2.25
2011.08.15 13:52:58.698,1.03046,1.03082,1.13,2.25
2011.08.15 13:53:00.677,1.03041,1.03082,2.85,2.25
2011.08.15 13:53:00.906,1.03041,1.03082,2.48,1.50
2011.08.15 13:53:01.025,1.03041,1.03076,2.48,1.50
2011.08.15 13:53:01.354,1.03041,1.03071,1.35,1.50
2011.08.15 13:53:01.465,1.03039,1.03071,2.80,1.50
2011.08.15 13:53:01.686,1.03036,1.03072,1.13,3.00
2011.08.15 13:53:02.241,1.03036,1.03072,1.73,3.00
2011.08.15 13:53:02.816,1.03036,1.03072,1.73,3.75
2011.08.15 13:53:03.496,1.03036,1.03071,1.73,3.00
2011.08.15 13:53:05.476,1.03037,1.03071,1.35,3.00
2011.08.15 13:53:05.810,1.03039,1.03081,1.35,1.50
2011.08.15 13:53:06.014,1.03039,1.03076,1.35,1.50
2011.08.15 13:53:06.347,1.0304,1.03071,2.10,1.50
2011.08.15 13:53:06.466,1.03039,1.03071,1.35,1.50
2011.08.15 13:53:07.027,1.0304,1.03072,3.98,1.50
2011.08.15 13:53:07.367,1.03043,1.03072,2.25,1.50
2011.08.15 13:53:07.704,1.0304,1.03073,3.38,1.50
2011.08.15 13:53:08.368,1.03042,1.03072,1.13,1.50
2011.08.15 13:53:09.785,1.03046,1.03077,1.73,1.50
2011.08.15 13:53:10.311,1.03045,1.03077,1.73,1.50
2011.08.15 13:53:10.866,1.03046,1.03076,1.73,1.50
2011.08.15 13:53:12.214,1.03043,1.03076,1.35,1.50
2011.08.15 13:53:13.630,1.03046,1.03076,1.35,1.50
2011.08.15 13:53:14.184,1.03046,1.03077,1.35,1.50
2011.08.15 13:53:15.119,1.03046,1.03077,1.35,1.50
2011.08.15 13:53:16.372,1.03042,1.03076,1.35,1.50
2011.08.15 13:53:16.935,1.03037,1.03072,3.00,1.50
2011.08.15 13:53:17.048,1.0304,1.03072,1.13,2.25
2011.08.15 13:53:17.726,1.03037,1.03076,3.00,1.50
2011.08.15 13:53:17.950,1.03039,1.03077,3.00,3.00
2011.08.15 13:53:18.289,1.03042,1.03087,1.73,2.25
2011.08.15 13:53:18.407,1.03045,1.03086,4.73,1.50
2011.08.15 13:53:18.528,1.03046,1.03087,3.00,1.50
2011.08.15 13:53:19.109,1.03051,1.03087,1.13,1.50
2011.08.15 13:53:19.686,1.0305,1.03087,1.35,1.50
2011.08.15 13:53:20.304,1.03056,1.03091,1.73,1.50
2011.08.15 13:53:20.634,1.03056,1.03091,2.10,1.50
2011.08.15 13:53:20.855,1.03055,1.03097,1.73,1.50
2011.08.15 13:53:20.965,1.03057,1.03091,2.10,1.50
2011.08.15 13:53:21.407,1.03054,1.03091,1.35,3.38
2011.08.15 13:53:21.526,1.03054,1.03087,1.35,1.50
2011.08.15 13:53:21.758,1.03049,1.03087,1.73,1.50
2011.08.15 13:53:22.390,1.03048,1.03087,1.13,1.50
2011.08.15 13:53:22.619,1.03048,1.03092,1.13,1.50
2011.08.15 13:53:24.696,1.0305,1.03095,1.13,3.23
2011.08.15 13:53:27.205,1.03048,1.03089,1.50,1.13
2011.08.15 13:53:27.545,1.0304,1.03083,2.05,1.35
2011.08.15 13:53:28.663,1.03038,1.03082,1.35,2.48
2011.08.15 13:53:29.538,1.03037,1.0308,1.50,2.10
2011.08.15 13:53:29.663,1.03037,1.03078,1.50,2.10
2011.08.15 13:53:30.109,1.03037,1.03082,1.35,2.48
2011.08.15 13:53:31.624,1.03036,1.0308,1.35,1.73
2011.08.15 13:53:32.646,1.03033,1.03074,2.25,1.35
2011.08.15 13:53:33.056,1.03034,1.0308,3.23,3.23
2011.08.15 13:53:34.424,1.03036,1.0308,1.35,3.23
2011.08.15 13:53:34.536,1.03036,1.0308,1.73,2.85
2011.08.15 13:53:35.758,1.03034,1.03072,3.00,2.55
2011.08.15 13:53:35.876,1.03032,1.03072,1.50,2.55
2011.08.15 13:53:36.457,1.03029,1.03072,1.13,2.18
2011.08.15 13:53:37.026,1.03029,1.03077,1.88,3.23
2011.08.15 13:53:37.905,1.03028,1.03073,3.00,1.73
2011.08.15 13:53:38.016,1.03028,1.03073,2.25,1.73
2011.08.15 13:53:38.245,1.03029,1.03072,1.88,2.18
2011.08.15 13:53:38.804,1.03029,1.03073,2.63,1.35
2011.08.15 13:53:39.135,1.03034,1.03073,1.50,1.35
2011.08.15 13:53:41.640,1.03034,1.03073,1.50,1.35
2011.08.15 13:53:43.366,1.0303,1.03075,1.13,1.13
2011.08.15 13:53:43.663,1.0303,1.03075,1.13,1.13
2011.08.15 13:53:53.144,1.03033,1.03075,1.50,1.13
2011.08.15 13:53:53.696,1.03028,1.03071,2.25,1.73
2011.08.15 13:53:54.029,1.0303,1.03073,1.13,3.53
2011.08.15 13:53:54.370,1.03034,1.0308,1.13,3.60
2011.08.15 13:53:54.487,1.03034,1.0308,2.63,2.85
2011.08.15 13:53:56.698,1.03034,1.03081,3.23,2.25
2011.08.15 13:53:57.745,1.03035,1.03082,1.13,4.73
2011.08.15 13:53:58.427,1.03033,1.03073,2.25,1.35
2011.08.15 13:53:58.547,1.03028,1.03073,2.63,3.90
2011.08.15 13:53:59.085,1.03029,1.03073,1.50,3.90
2011.08.15 13:53:59.635,1.03028,1.03073,1.88,3.90
2011.08.15 13:53:59.747,1.03029,1.03068,1.88,1.35
2011.08.15 13:54:00.084,1.03031,1.03074,1.50,1.35
2011.08.15 13:54:01.166,1.03035,1.03076,1.35,1.50
2011.08.15 13:54:01.275,1.03035,1.0308,1.35,1.50
2011.08.15 13:54:02.036,1.03038,1.03082,1.13,2.25
2011.08.15 13:54:02.588,1.0304,1.03087,1.13,4.13
2011.08.15 13:54:08.740,1.03038,1.03087,1.13,4.13
2011.08.15 13:54:09.947,1.0304,1.03087,1.13,4.13
2011.08.15 13:54:11.716,1.0304,1.03087,1.13,2.63
2011.08.15 13:54:12.117,1.03039,1.03085,1.13,2.25
2011.08.15 13:54:12.346,1.03035,1.03081,1.13,2.25
2011.08.15 13:54:13.687,1.03035,1.03081,1.13,2.25
2011.08.15 13:54:14.627,1.03035,1.03081,1.13,2.25
2011.08.15 13:54:15.416,1.03043,1.03081,2.48,1.50
2011.08.15 13:54:15.749,1.03044,1.03087,2.85,1.13
2011.08.15 13:54:15.867,1.03044,1.03088,2.10,1.13
2011.08.15 13:54:16.158,1.03045,1.03091,3.23,1.35
2011.08.15 13:54:16.385,1.03047,1.03095,1.13,3.00
2011.08.15 13:54:16.495,1.03044,1.03093,1.13,1.13
2011.08.15 13:54:16.714,1.03044,1.03092,2.25,2.93
2011.08.15 13:54:17.736,1.03044,1.03091,1.88,3.75
2011.08.15 13:54:17.844,1.03044,1.03089,1.50,1.50
2011.08.15 13:54:18.530,1.03044,1.03089,2.25,1.50
2011.08.15 13:54:19.126,1.03046,1.03091,1.13,1.13
2011.08.15 13:54:19.246,1.03048,1.03092,1.13,2.25
2011.08.15 13:54:20.666,1.03051,1.03096,1.13,4.88
2011.08.15 13:54:22.839,1.03049,1.03091,1.50,1.13
2011.08.15 13:54:22.956,1.03048,1.03093,2.10,1.13
2011.08.15 13:54:24.467,1.03058,1.03096,3.15,2.25
2011.08.15 13:54:24.586,1.03058,1.031,3.15,3.00
2011.08.15 13:54:24.707,1.03058,1.03099,2.78,1.13
2011.08.15 13:54:24.936,1.03055,1.031,3.23,1.50
2011.08.15 13:54:26.691,1.03055,1.03101,1.73,1.35
2011.08.15 13:54:27.704,1.03056,1.03101,1.35,1.35
2011.08.15 13:54:29.656,1.03061,1.03101,1.35,1.35
2011.08.15 13:54:34.044,1.03059,1.03098,1.50,1.35
2011.08.15 13:54:35.062,1.03059,1.031,1.50,2.25
2011.08.15 13:54:36.148,1.03059,1.03098,1.50,1.35
2011.08.15 13:54:38.492,1.03062,1.031,1.13,2.25
2011.08.15 13:54:41.668,1.03062,1.03106,1.13,2.63
2011.08.15 13:54:42.680,1.03062,1.03106,1.88,1.13
2011.08.15 13:54:43.019,1.03058,1.031,2.25,1.71
2011.08.15 13:54:43.356,1.03056,1.03087,3.60,1.50
2011.08.15 13:54:43.469,1.03056,1.03091,3.98,1.50
2011.08.15 13:54:43.587,1.03056,1.03096,1.73,1.50
2011.08.15 13:54:43.816,1.03052,1.03097,2.10,1.50
2011.08.15 13:54:43.935,1.03052,1.03091,2.10,1.50
2011.08.15 13:54:44.646,1.03052,1.03091,3.75,1.50
2011.08.15 13:54:45.164,1.03052,1.03091,3.75,1.50
2011.08.15 13:54:45.728,1.03057,1.03092,1.50,1.50
2011.08.15 13:54:45.848,1.03058,1.03097,2.93,1.50
2011.08.15 13:54:45.967,1.03057,1.03097,2.25,1.50
2011.08.15 13:54:46.524,1.03053,1.03091,2.63,1.50
2011.08.15 13:54:46.745,1.03052,1.03091,3.00,1.50
2011.08.15 13:54:47.153,1.03052,1.03091,3.00,1.50
2011.08.15 13:54:47.487,1.03056,1.03092,1.35,1.50
2011.08.15 13:54:47.809,1.03059,1.03096,1.13,1.50
2011.08.15 13:54:48.587,1.03061,1.03097,1.13,1.50
2011.08.15 13:54:48.709,1.03058,1.03096,2.18,1.50
2011.08.15 13:54:48.936,1.03056,1.03096,1.13,1.50
2011.08.15 13:54:49.568,1.03056,1.03097,1.13,1.50
2011.08.15 13:54:50.146,1.03056,1.03096,1.13,1.50
2011.08.15 13:54:51.653,1.03056,1.03096,1.88,2.25
2011.08.15 13:54:53.095,1.03057,1.03097,2.25,2.25
2011.08.15 13:54:53.207,1.03065,1.03097,1.13,1.50
2011.08.15 13:54:53.435,1.03063,1.03101,1.35,1.50
2011.08.15 13:54:53.655,1.03061,1.031,1.13,1.50
2011.08.15 13:54:54.138,1.03056,1.03096,1.73,1.50
2011.08.15 13:54:54.695,1.03058,1.03096,2.25,1.50
2011.08.15 13:54:55.086,1.03056,1.03096,3.38,1.50
2011.08.15 13:54:55.426,1.03056,1.03097,1.88,1.50
2011.08.15 13:54:55.756,1.03061,1.03097,1.13,1.50
2011.08.15 13:54:58.235,1.03061,1.03096,2.48,1.50
2011.08.15 13:54:58.894,1.03062,1.03096,1.13,1.50
2011.08.15 13:54:59.449,1.03065,1.03096,1.35,1.50
2011.08.15 13:54:59.569,1.03059,1.03097,1.35,1.50
2011.08.15 13:54:59.905,1.03063,1.03096,1.13,1.50
2011.08.15 13:55:00.327,1.03059,1.03096,1.13,1.50
2011.08.15 13:55:00.555,1.03059,1.03096,1.73,1.50
2011.08.15 13:55:02.376,1.03063,1.03097,1.73,2.25
2011.08.15 13:55:03.038,1.03071,1.03097,1.13,2.25
2011.08.15 13:55:03.408,1.03071,1.03098,3.23,1.50
2011.08.15 13:55:03.521,1.03071,1.03097,1.13,1.50
2011.08.15 13:55:03.636,1.03071,1.03107,1.13,1.50
2011.08.15 13:55:04.397,1.03071,1.03106,1.13,3.00
2011.08.15 13:55:04.750,1.0307,1.03107,1.50,3.75
2011.08.15 13:55:05.927,1.0307,1.03106,1.50,3.75
2011.08.15 13:55:06.356,1.03076,1.03106,1.13,2.25
2011.08.15 13:55:06.915,1.03072,1.03107,1.13,2.25
2011.08.15 13:55:11.205,1.03072,1.03106,3.00,2.25
2011.08.15 13:55:11.426,1.03071,1.03106,1.88,2.25
2011.08.15 13:55:12.318,1.03076,1.03106,1.13,2.25
2011.08.15 13:55:12.839,1.03073,1.03106,1.13,1.50
2011.08.15 13:55:13.398,1.0307,1.03106,1.13,1.50
2011.08.15 13:55:13.736,1.0307,1.03106,1.13,1.50
2011.08.15 13:55:14.516,1.0307,1.03106,1.13,3.75
2011.08.15 13:55:15.065,1.03065,1.03101,1.73,2.25
2011.08.15 13:55:16.826,1.03068,1.03102,1.13,1.50
2011.08.15 13:55:16.937,1.03065,1.03106,2.63,3.00
2011.08.15 13:55:17.057,1.03069,1.03102,2.25,1.50
2011.08.15 13:55:17.180,1.03067,1.03101,2.25,1.50
2011.08.15 13:55:17.295,1.03065,1.03102,2.25,1.50
2011.08.15 13:55:17.407,1.03063,1.03101,2.25,1.50
2011.08.15 13:55:17.748,1.03063,1.03101,1.13,3.00
2011.08.15 13:55:18.076,1.03068,1.03099,2.25,1.50
2011.08.15 13:55:18.199,1.03065,1.03099,1.13,1.50
2011.08.15 13:55:18.720,1.03064,1.03099,2.63,1.50
2011.08.15 13:55:20.688,1.03065,1.03101,1.13,3.00
2011.08.15 13:55:22.155,1.03065,1.03101,3.38,3.00
2011.08.15 13:55:23.007,1.03065,1.03101,1.13,3.00
2011.08.15 13:55:23.239,1.03062,1.03102,2.25,3.75
2011.08.15 13:55:23.578,1.03062,1.03096,2.25,1.50
2011.08.15 13:55:23.916,1.03062,1.03102,2.63,3.00
2011.08.15 13:55:25.949,1.03062,1.031,1.13,1.50
2011.08.15 13:55:26.258,1.03061,1.03099,1.13,1.50
2011.08.15 13:55:27.865,1.03061,1.03099,1.13,1.50
2011.08.15 13:55:28.477,1.03062,1.031,1.13,1.50
2011.08.15 13:55:28.995,1.03066,1.031,1.73,1.50
2011.08.15 13:55:30.015,1.03066,1.031,1.73,1.50
2011.08.15 13:55:30.575,1.03064,1.031,1.73,1.50
2011.08.15 13:55:31.225,1.03066,1.031,2.10,1.50
2011.08.15 13:55:33.160,1.03071,1.03102,1.13,1.50
2011.08.15 13:55:33.721,1.03069,1.03101,1.88,1.50
2011.08.15 13:55:34.060,1.03068,1.03102,2.85,1.50
2011.08.15 13:55:34.179,1.03061,1.03102,2.10,1.50
2011.08.15 13:55:34.695,1.03066,1.03101,1.13,1.50
2011.08.15 13:55:35.245,1.03066,1.03102,1.13,1.50
2011.08.15 13:55:35.798,1.03066,1.03101,1.13,1.50
2011.08.15 13:55:36.454,1.03066,1.03102,1.13,1.50
2011.08.15 13:55:36.571,1.0307,1.03101,1.50,1.50
2011.08.15 13:55:37.129,1.03073,1.03101,1.35,1.50
2011.08.15 13:55:37.245,1.03071,1.03102,1.13,1.50
2011.08.15 13:55:37.794,1.03071,1.03106,1.13,1.50
2011.08.15 13:55:41.407,1.03064,1.03106,6.40,2.63
2011.08.15 13:55:41.527,1.03061,1.03106,1.73,4.13
2011.08.15 13:55:41.649,1.03062,1.03097,1.35,1.50
2011.08.15 13:55:41.770,1.0306,1.03097,1.13,1.50
2011.08.15 13:55:41.998,1.03062,1.03097,1.13,1.50
2011.08.15 13:55:42.525,1.03062,1.03096,1.13,1.50
2011.08.15 13:55:42.652,1.0306,1.03096,1.88,1.50
2011.08.15 13:55:43.097,1.03062,1.03097,1.13,1.50
2011.08.15 13:55:43.485,1.03062,1.03104,1.13,1.50
2011.08.15 13:55:43.708,1.03068,1.03104,1.13,1.50
2011.08.15 13:55:44.268,1.03068,1.03103,1.13,1.50
2011.08.15 13:55:44.497,1.03068,1.03104,2.25,1.50
2011.08.15 13:55:44.617,1.03066,1.03104,3.00,1.50
2011.08.15 13:55:45.214,1.03065,1.03104,1.13,1.50
2011.08.15 13:55:45.351,1.03069,1.03104,1.13,1.50
2011.08.15 13:55:46.748,1.03071,1.03104,1.13,1.50
2011.08.15 13:55:47.215,1.03069,1.03104,1.50,1.50
2011.08.15 13:55:47.545,1.03069,1.03104,1.13,1.50
2011.08.15 13:55:48.659,1.0307,1.03104,1.13,1.50
2011.08.15 13:55:49.325,1.0307,1.03103,1.13,1.50
2011.08.15 13:55:49.436,1.03067,1.03103,1.13,1.50
2011.08.15 13:55:49.546,1.03064,1.03104,2.63,1.50
2011.08.15 13:55:49.885,1.03069,1.03103,1.13,1.50
2011.08.15 13:55:51.371,1.0307,1.03103,1.50,1.50
2011.08.15 13:55:51.706,1.0307,1.03103,1.50,1.50
2011.08.15 13:55:52.145,1.03075,1.03103,1.13,1.50
2011.08.15 13:55:52.476,1.03071,1.03104,1.13,1.50
2011.08.15 13:55:54.217,1.03067,1.03103,1.13,1.50
2011.08.15 13:55:54.764,1.03067,1.03106,1.13,3.00
2011.08.15 13:55:55.397,1.03067,1.03106,1.13,3.00
2011.08.15 13:55:56.636,1.03067,1.03106,1.13,3.00
2011.08.15 13:55:58.036,1.03067,1.03107,1.13,1.50
2011.08.15 13:55:58.382,1.03065,1.03102,1.30,1.50
2011.08.15 13:55:58.606,1.03063,1.03097,1.35,1.50
2011.08.15 13:55:59.168,1.03057,1.03096,1.13,1.50
2011.08.15 13:55:59.286,1.03057,1.03097,2.63,1.50
2011.08.15 13:55:59.835,1.03056,1.03096,1.13,1.50
2011.08.15 13:56:00.656,1.03056,1.03097,1.13,1.50
2011.08.15 13:56:02.869,1.03056,1.03096,1.13,1.50
2011.08.15 13:56:03.429,1.03052,1.03096,1.88,1.50
2011.08.15 13:56:03.767,1.03052,1.03096,1.13,2.25
2011.08.15 13:56:03.997,1.03056,1.03097,1.13,3.00
2011.08.15 13:56:05.507,1.03056,1.03097,1.13,3.00
2011.08.15 13:56:05.736,1.03057,1.03091,1.35,1.50
2011.08.15 13:56:06.400,1.03057,1.03092,1.73,1.50
2011.08.15 13:56:07.195,1.03054,1.03091,2.25,1.50
2011.08.15 13:56:07.415,1.03053,1.03097,4.50,1.50
2011.08.15 13:56:07.763,1.03056,1.03102,1.13,3.98
2011.08.15 13:56:08.365,1.03056,1.03102,2.63,2.48
2011.08.15 13:56:08.704,1.03057,1.03102,1.13,3.23
2011.08.15 13:56:09.184,1.03054,1.03098,2.25,1.13
2011.08.15 13:56:09.296,1.03053,1.03098,4.50,1.13
2011.08.15 13:56:09.558,1.03053,1.03096,3.00,1.50
2011.08.15 13:56:09.676,1.03053,1.03097,3.75,1.50
2011.08.15 13:56:10.516,1.03054,1.03096,1.50,1.50
2011.08.15 13:56:10.886,1.03053,1.03096,3.00,2.25
2011.08.15 13:56:11.689,1.03052,1.03096,5.25,2.25
2011.08.15 13:56:12.032,1.0306,1.03097,1.73,2.25
2011.08.15 13:56:12.147,1.0306,1.03097,1.73,1.50
2011.08.15 13:56:12.270,1.0306,1.03102,1.73,2.25
2011.08.15 13:56:12.867,1.03061,1.03102,1.35,1.50
2011.08.15 13:56:13.096,1.03063,1.03106,1.13,2.10
2011.08.15 13:56:13.209,1.03061,1.03103,1.35,1.13
2011.08.15 13:56:13.549,1.03057,1.03101,4.73,1.50
2011.08.15 13:56:14.055,1.03057,1.03102,1.73,1.88
2011.08.15 13:56:14.599,1.03056,1.03102,1.73,2.63
2011.08.15 13:56:15.226,1.03056,1.03097,1.73,1.50
2011.08.15 13:56:15.588,1.03057,1.03097,1.73,2.25
2011.08.15 13:56:17.755,1.03056,1.03097,2.48,1.50
2011.08.15 13:56:18.122,1.03056,1.03096,1.35,2.25
2011.08.15 13:56:18.674,1.03057,1.03093,1.35,1.35
2011.08.15 13:56:19.115,1.03057,1.03097,1.35,2.10
2011.08.15 13:56:19.445,1.03054,1.03097,1.73,2.10
2011.08.15 13:56:19.555,1.03056,1.03097,1.73,1.50
2011.08.15 13:56:19.776,1.03055,1.03097,1.35,2.10
2011.08.15 13:56:19.886,1.03052,1.03092,1.35,1.50
2011.08.15 13:56:20.336,1.03055,1.03091,2.48,1.50
2011.08.15 13:56:20.799,1.03051,1.03091,4.73,1.50
2011.08.15 13:56:22.660,1.03055,1.03091,1.35,1.50
2011.08.15 13:56:22.878,1.03051,1.03091,2.48,1.50
2011.08.15 13:56:23.236,1.03053,1.03096,1.73,1.50
2011.08.15 13:56:23.346,1.03053,1.03097,2.48,1.50
2011.08.15 13:56:23.677,1.03061,1.03102,1.73,1.50
2011.08.15 13:56:24.646,1.03062,1.03102,1.73,2.25
2011.08.15 13:56:26.644,1.03063,1.03106,1.13,2.25
2011.08.15 13:56:28.458,1.03063,1.03101,1.13,1.50
2011.08.15 13:56:28.593,1.03059,1.03101,1.35,2.25
2011.08.15 13:56:29.480,1.03054,1.03099,2.25,1.88
2011.08.15 13:56:29.708,1.03058,1.03098,1.13,3.00
2011.08.15 13:56:30.051,1.03061,1.03101,1.13,1.50
2011.08.15 13:56:31.485,1.03061,1.03101,1.13,1.50
2011.08.15 13:56:31.597,1.03066,1.03107,1.73,3.00
2011.08.15 13:56:31.717,1.03063,1.03108,2.48,3.00
2011.08.15 13:56:31.835,1.03061,1.03107,1.35,3.00
2011.08.15 13:56:32.167,1.0306,1.03098,1.73,2.25
2011.08.15 13:56:32.287,1.0306,1.03101,1.73,2.25
2011.08.15 13:56:33.320,1.03063,1.03108,1.35,1.13
2011.08.15 13:56:34.176,1.03062,1.03106,2.10,1.50
2011.08.15 13:56:34.686,1.03062,1.03106,1.73,2.25
2011.08.15 13:56:35.346,1.03067,1.03106,1.35,1.50
2011.08.15 13:56:36.355,1.03066,1.03107,1.13,1.50
2011.08.15 13:56:36.576,1.03068,1.03111,2.18,1.50
2011.08.15 13:56:36.799,1.03064,1.03108,2.10,1.13
2011.08.15 13:56:37.119,1.03058,1.03106,1.50,1.88
2011.08.15 13:56:37.456,1.03062,1.03102,1.13,2.10
2011.08.15 13:56:38.179,1.03062,1.03102,1.73,1.50
2011.08.15 13:56:38.757,1.03061,1.03101,1.35,2.10
2011.08.15 13:56:39.097,1.03067,1.03108,3.15,1.35
2011.08.15 13:56:39.216,1.0307,1.03111,1.35,2.31
2011.08.15 13:56:39.546,1.03066,1.03106,2.10,1.50
2011.08.15 13:56:40.056,1.03066,1.03107,2.10,1.50
2011.08.15 13:56:41.062,1.03065,1.03107,1.13,2.10
2011.08.15 13:56:41.178,1.03062,1.03107,3.98,2.48
2011.08.15 13:56:41.874,1.03061,1.03101,1.73,1.50
2011.08.15 13:56:42.646,1.03061,1.03101,2.10,1.50
2011.08.15 13:56:42.867,1.03063,1.03104,1.73,1.35
2011.08.15 13:56:43.207,1.03063,1.03104,1.35,1.35
2011.08.15 13:56:43.849,1.03064,1.03106,1.35,2.10
2011.08.15 13:56:45.715,1.03062,1.03106,2.10,2.25
2011.08.15 13:56:48.577,1.03065,1.03101,1.35,1.50
2011.08.15 13:56:48.918,1.03067,1.03107,1.13,1.50
2011.08.15 13:56:49.407,1.03065,1.03102,1.35,1.50
2011.08.15 13:56:50.792,1.03065,1.03101,1.35,1.50
2011.08.15 13:56:50.907,1.03065,1.03106,1.35,2.25
2011.08.15 13:56:52.337,1.03061,1.03106,1.73,1.50
2011.08.15 13:56:52.455,1.03061,1.03107,1.35,2.25
2011.08.15 13:56:53.717,1.03061,1.03106,1.73,2.25
2011.08.15 13:56:53.947,1.03057,1.03106,4.13,1.88
2011.08.15 13:56:54.068,1.03057,1.03104,3.38,1.13
2011.08.15 13:56:54.406,1.03054,1.03104,2.10,1.50
2011.08.15 13:56:54.516,1.03053,1.03098,1.50,2.10
2011.08.15 13:56:54.736,1.03051,1.03097,1.73,1.35
2011.08.15 13:56:56.397,1.03053,1.03099,2.25,1.13
2011.08.15 13:56:56.518,1.03053,1.03101,2.63,1.35
2011.08.15 13:56:56.856,1.03052,1.03098,1.73,1.13
2011.08.15 13:56:56.965,1.03052,1.03098,1.13,1.73
2011.08.15 13:56:57.484,1.03051,1.03097,1.35,3.60
2011.08.15 13:57:00.405,1.03051,1.03097,1.73,2.85
2011.08.15 13:57:00.526,1.03054,1.03097,1.73,1.50
2011.08.15 13:57:00.748,1.03054,1.03096,1.73,2.25
2011.08.15 13:57:01.412,1.03054,1.03096,1.13,2.10
2011.08.15 13:57:01.530,1.03052,1.03096,1.35,2.10
2011.08.15 13:57:01.646,1.03051,1.03096,3.60,2.10
2011.08.15 13:57:01.866,1.03052,1.03096,1.35,2.10
2011.08.15 13:57:02.725,1.03052,1.03096,2.10,2.10
2011.08.15 13:57:03.716,1.03052,1.03096,2.10,2.10
2011.08.15 13:57:04.250,1.03052,1.03095,1.35,2.10
2011.08.15 13:57:04.739,1.03052,1.03095,1.35,3.23
2011.08.15 13:57:04.863,1.03052,1.03091,1.35,2.48
2011.08.15 13:57:05.306,1.03051,1.03096,1.73,2.10
2011.08.15 13:57:08.646,1.03057,1.03096,1.35,1.35
2011.08.15 13:57:09.532,1.03052,1.03095,3.60,1.50
2011.08.15 13:57:09.647,1.03052,1.03092,1.35,2.10
2011.08.15 13:57:10.195,1.0305,1.03091,1.73,1.50
2011.08.15 13:57:10.746,1.03052,1.03097,2.85,2.48
2011.08.15 13:57:10.966,1.03053,1.03096,2.85,1.50
2011.08.15 13:57:11.707,1.03053,1.03096,2.85,2.25
2011.08.15 13:57:12.675,1.03053,1.03096,1.35,2.25
2011.08.15 13:57:14.678,1.03052,1.03097,1.35,1.13
2011.08.15 13:57:16.268,1.03053,1.03097,1.35,1.13
2011.08.15 13:57:16.828,1.03051,1.03096,1.73,2.63
2011.08.15 13:57:16.948,1.0305,1.03096,2.25,4.35
2011.08.15 13:57:17.178,1.03047,1.03092,1.35,2.48
2011.08.15 13:57:18.005,1.03047,1.03092,1.73,2.10
2011.08.15 13:57:18.118,1.03047,1.03091,2.48,1.50
2011.08.15 13:57:18.457,1.03061,1.03104,3.00,1.13
2011.08.15 13:57:18.685,1.03059,1.03102,2.25,1.88
2011.08.15 13:57:18.794,1.03055,1.03102,2.63,1.88
2011.08.15 13:57:19.812,1.03054,1.03101,1.88,1.50
2011.08.15 13:57:19.931,1.03053,1.03102,5.25,2.25
2011.08.15 13:57:20.158,1.0305,1.03096,2.25,1.88
2011.08.15 13:57:20.276,1.03049,1.03096,3.00,1.50
2011.08.15 13:57:21.165,1.03051,1.03096,1.50,1.50
2011.08.15 13:57:21.275,1.03054,1.03101,3.00,3.75
2011.08.15 13:57:21.498,1.03058,1.03101,2.55,2.25
2011.08.15 13:57:22.661,1.03058,1.03102,2.93,2.25
2011.08.15 13:57:23.089,1.03059,1.03096,1.35,1.50
2011.08.15 13:57:23.207,1.03056,1.03097,3.00,2.10
2011.08.15 13:57:23.437,1.03052,1.03096,2.10,2.48
2011.08.15 13:57:23.886,1.03052,1.03096,1.35,2.48
2011.08.15 13:57:24.435,1.03057,1.03097,1.35,1.50
2011.08.15 13:57:25.055,1.03057,1.03096,1.35,1.50
2011.08.15 13:57:25.659,1.03055,1.03101,1.88,2.10
2011.08.15 13:57:26.669,1.03055,1.03096,1.13,1.35
2011.08.15 13:57:26.788,1.03056,1.03098,1.50,1.35
2011.08.15 13:57:27.017,1.03055,1.03096,1.13,1.35
2011.08.15 13:57:27.331,1.03056,1.03098,1.50,1.35
2011.08.15 13:57:27.955,1.03052,1.03095,1.35,1.13
2011.08.15 13:57:28.655,1.03053,1.03097,1.35,2.48
2011.08.15 13:57:29.227,1.03055,1.03097,1.13,2.10
2011.08.15 13:57:30.626,1.03055,1.03096,1.13,2.10
2011.08.15 13:57:32.398,1.03055,1.03091,1.13,1.50
2011.08.15 13:57:32.735,1.03055,1.03092,1.88,1.50
2011.08.15 13:57:32.846,1.03056,1.03092,1.35,1.50
2011.08.15 13:57:37.583,1.03056,1.03091,1.35,1.50
2011.08.15 13:57:37.805,1.03051,1.03091,1.35,1.50
2011.08.15 13:57:38.138,1.03045,1.03086,3.38,1.50
2011.08.15 13:57:38.699,1.0305,1.03086,1.13,1.50
2011.08.15 13:57:40.163,1.0305,1.03092,1.13,2.10
2011.08.15 13:57:40.895,1.03051,1.03092,1.35,1.50
2011.08.15 13:57:41.674,1.03056,1.03092,1.35,2.25
2011.08.15 13:57:42.416,1.03052,1.03091,1.35,1.50
2011.08.15 13:57:42.525,1.03049,1.03092,2.85,3.15
2011.08.15 13:57:44.018,1.03049,1.03091,1.35,1.73
2011.08.15 13:57:44.138,1.03049,1.03088,1.35,1.35
2011.08.15 13:57:44.587,1.03049,1.03091,1.35,1.73
2011.08.15 13:57:44.711,1.03047,1.03088,1.35,1.73
2011.08.15 13:57:45.045,1.03043,1.03088,2.85,2.48
2011.08.15 13:57:45.695,1.03044,1.03088,2.25,2.48
2011.08.15 13:57:46.868,1.03043,1.03088,2.85,1.73
2011.08.15 13:57:48.715,1.03043,1.03085,1.35,1.35
2011.08.15 13:57:50.586,1.03047,1.0309,1.35,1.88
2011.08.15 13:57:51.446,1.03047,1.0309,1.73,1.50
2011.08.15 13:57:51.558,1.03047,1.03092,3.15,2.25
2011.08.15 13:57:51.677,1.03047,1.03091,2.78,1.13
2011.08.15 13:57:52.383,1.03046,1.03087,1.35,1.50
2011.08.15 13:57:52.965,1.03046,1.03087,1.35,2.25
2011.08.15 13:57:53.628,1.03048,1.03087,1.35,1.50
2011.08.15 13:57:54.309,1.03048,1.03087,1.35,1.88
2011.08.15 13:57:54.665,1.03042,1.03081,1.35,1.50
2011.08.15 13:57:54.997,1.03045,1.03082,1.13,1.50
2011.08.15 13:57:55.623,1.03042,1.03081,2.10,1.50
2011.08.15 13:57:56.674,1.03042,1.03081,1.35,1.50
2011.08.15 13:57:57.228,1.03041,1.03081,2.48,1.50
2011.08.15 13:57:57.459,1.03049,1.03081,1.13,1.50
2011.08.15 13:57:57.578,1.03049,1.03087,1.13,1.50
2011.08.15 13:57:58.212,1.03049,1.03086,1.13,1.50
2011.08.15 13:57:58.893,1.03049,1.03087,1.13,1.50
2011.08.15 13:58:00.436,1.03044,1.03082,2.25,1.50
2011.08.15 13:58:00.547,1.03041,1.03082,1.13,1.50
2011.08.15 13:58:01.108,1.03041,1.03082,1.13,1.50
2011.08.15 13:58:01.449,1.0304,1.03082,1.50,1.50
2011.08.15 13:58:01.678,1.03046,1.03087,2.63,2.25
2011.08.15 13:58:02.101,1.03044,1.03087,3.00,1.88
2011.08.15 13:58:02.327,1.03047,1.03087,2.25,1.88
2011.08.15 13:58:02.446,1.03043,1.03087,3.00,1.88
2011.08.15 13:58:02.665,1.03046,1.03086,2.63,1.50
2011.08.15 13:58:03.908,1.03046,1.03086,3.75,1.50
2011.08.15 13:58:04.250,1.03047,1.03091,5.55,2.25
2011.08.15 13:58:04.635,1.03047,1.03091,1.13,1.50
2011.08.15 13:58:04.978,1.03057,1.03096,2.55,1.50
2011.08.15 13:58:05.526,1.0305,1.03096,3.75,2.25
2011.08.15 13:58:05.746,1.0305,1.03096,1.50,1.50
2011.08.15 13:58:05.966,1.03058,1.03096,2.93,1.50
2011.08.15 13:58:06.075,1.03058,1.03102,3.68,2.25
2011.08.15 13:58:06.185,1.03059,1.03102,1.13,2.25
2011.08.15 13:58:06.735,1.03054,1.03096,1.50,1.50
2011.08.15 13:58:07.757,1.03053,1.03092,1.50,1.50
2011.08.15 13:58:07.985,1.03044,1.03092,3.75,1.50
2011.08.15 13:58:08.097,1.03045,1.03087,1.13,1.50
2011.08.15 13:58:08.630,1.03037,1.03076,1.13,1.50
2011.08.15 13:58:08.748,1.03035,1.03076,1.50,1.50
2011.08.15 13:58:08.869,1.0303,1.03067,1.13,1.50
2011.08.15 13:58:09.345,1.0303,1.03066,1.13,1.50
2011.08.15 13:58:10.206,1.0303,1.03067,1.13,1.50
2011.08.15 13:58:12.765,1.0303,1.03072,1.13,1.50
2011.08.15 13:58:13.646,1.0303,1.03072,1.13,2.25
2011.08.15 13:58:15.515,1.0303,1.03071,1.13,1.50
2011.08.15 13:58:16.332,1.0303,1.03072,1.88,1.50
2011.08.15 13:58:16.664,1.03031,1.03071,3.00,1.50
2011.08.15 13:58:17.674,1.03036,1.03071,1.13,1.50
2011.08.15 13:58:18.445,1.03036,1.03072,1.73,1.50
2011.08.15 13:58:18.587,1.03036,1.03072,1.73,1.50
2011.08.15 13:58:18.924,1.03037,1.03072,1.50,1.50
2011.08.15 13:58:19.255,1.03043,1.03071,1.13,1.50
2011.08.15 13:58:19.366,1.03043,1.03082,1.13,2.85
2011.08.15 13:58:21.365,1.03039,1.03082,1.13,2.25
2011.08.15 13:58:22.375,1.03037,1.03082,1.13,2.25
2011.08.15 13:58:22.486,1.03033,1.03072,1.50,1.50
2011.08.15 13:58:22.595,1.0303,1.03067,2.05,1.50
2011.08.15 13:58:23.258,1.0303,1.03066,2.25,1.50
2011.08.15 13:58:23.486,1.03034,1.03066,1.73,1.50
2011.08.15 13:58:23.928,1.03035,1.03067,1.73,1.50
2011.08.15 13:58:24.048,1.03037,1.03072,2.18,1.50
2011.08.15 13:58:24.168,1.03033,1.03072,1.73,1.50
2011.08.15 13:58:24.717,1.03033,1.03071,1.13,1.50
2011.08.15 13:58:24.947,1.03029,1.03071,1.50,2.25
2011.08.15 13:58:25.180,1.03022,1.03057,1.50,1.50
2011.08.15 13:58:25.518,1.0302,1.03057,1.13,1.50
2011.08.15 13:58:26.026,1.0302,1.03052,1.13,1.50
2011.08.15 13:58:27.696,1.0302,1.03052,1.13,1.50
2011.08.15 13:58:28.817,1.0302,1.03051,1.13,1.50
2011.08.15 13:58:29.375,1.0302,1.03052,1.13,1.50
2011.08.15 13:58:30.119,1.0302,1.03052,1.13,1.50
2011.08.15 13:58:30.347,1.0302,1.03056,1.13,1.50
2011.08.15 13:58:30.467,1.0302,1.03061,1.13,2.25
2011.08.15 13:58:31.476,1.03022,1.03062,1.35,3.75
2011.08.15 13:58:32.055,1.03022,1.03062,1.35,3.75
2011.08.15 13:58:33.306,1.03021,1.03062,1.73,3.75
2011.08.15 13:58:33.874,1.03021,1.03061,3.98,2.25
2011.08.15 13:58:34.496,1.03024,1.03061,1.35,2.25
2011.08.15 13:58:35.825,1.03024,1.03062,2.48,3.75
2011.08.15 13:58:37.318,1.03024,1.03062,2.48,3.75
2011.08.15 13:58:37.767,1.03026,1.03062,1.13,3.75
2011.08.15 13:58:38.104,1.03027,1.03061,5.40,1.50
2011.08.15 13:58:38.767,1.03024,1.03062,1.73,2.25
2011.08.15 13:58:40.605,1.03026,1.03062,1.35,1.50
2011.08.15 13:58:40.830,1.03026,1.03067,1.35,2.25
2011.08.15 13:58:41.885,1.03023,1.03067,1.73,1.50
2011.08.15 13:58:41.997,1.03028,1.03067,1.50,1.50
2011.08.15 13:58:42.229,1.03027,1.03067,4.43,1.50
2011.08.15 13:58:42.846,1.03027,1.03067,3.68,1.50
2011.08.15 13:58:43.455,1.03026,1.03066,1.35,1.50
2011.08.15 13:58:43.674,1.03026,1.03067,1.35,2.25
2011.08.15 13:58:44.798,1.03041,1.03066,2.10,2.25
2011.08.15 13:58:44.921,1.03041,1.03066,2.10,1.50
2011.08.15 13:58:45.039,1.03044,1.03072,1.35,2.25
2011.08.15 13:58:45.158,1.0304,1.03072,1.13,2.25
2011.08.15 13:58:45.278,1.03037,1.03072,2.18,2.25
2011.08.15 13:58:45.399,1.03041,1.03076,2.25,1.50
2011.08.15 13:58:45.519,1.03032,1.03076,1.35,1.88
2011.08.15 13:58:46.722,1.03027,1.03066,1.50,1.50
2011.08.15 13:58:47.058,1.03026,1.03067,1.35,1.50
2011.08.15 13:58:47.615,1.03023,1.03066,1.73,1.50
2011.08.15 13:58:48.578,1.03024,1.03066,1.35,2.10
2011.08.15 13:58:49.137,1.03025,1.03067,1.35,2.10
2011.08.15 13:58:49.425,1.03026,1.03067,1.35,1.50
2011.08.15 13:58:50.126,1.03027,1.0307,1.35,1.13
2011.08.15 13:58:50.785,1.03027,1.0307,1.35,1.13
2011.08.15 13:58:51.395,1.03024,1.03065,1.50,1.35
2011.08.15 13:58:52.680,1.03023,1.03065,1.73,1.35
2011.08.15 13:58:53.536,1.03024,1.03065,1.50,1.35
2011.08.15 13:58:54.856,1.03024,1.03069,1.50,1.35
2011.08.15 13:58:55.184,1.03026,1.03072,1.73,1.35
2011.08.15 13:58:55.763,1.03027,1.03069,1.13,1.35
2011.08.15 13:58:55.987,1.03028,1.03076,3.53,2.25
2011.08.15 13:58:56.445,1.03032,1.03071,1.73,1.50
2011.08.15 13:58:57.575,1.03032,1.03071,1.35,2.25
2011.08.15 13:58:57.908,1.03027,1.03072,1.13,3.75
2011.08.15 13:58:58.027,1.03024,1.03067,1.35,1.88
2011.08.15 13:58:58.145,1.03022,1.03067,1.35,1.88
2011.08.15 13:58:59.577,1.0302,1.03067,1.13,1.13
2011.08.15 13:58:59.695,1.0302,1.03065,1.13,1.13
2011.08.15 13:59:02.194,1.03021,1.03068,1.13,1.50
2011.08.15 13:59:03.666,1.03025,1.03067,1.88,1.35
2011.08.15 13:59:03.886,1.03025,1.03067,1.13,1.35
2011.08.15 13:59:04.726,1.03024,1.03068,1.35,1.35
2011.08.15 13:59:05.277,1.03023,1.03067,1.73,1.35
2011.08.15 13:59:05.576,1.03024,1.03067,1.35,1.35
2011.08.15 13:59:08.753,1.03023,1.03069,1.13,2.85
2011.08.15 13:59:09.258,1.03018,1.03059,1.50,1.73
2011.08.15 13:59:09.375,1.03016,1.03059,1.50,1.73
2011.08.15 13:59:09.485,1.03015,1.03059,1.50,1.73
2011.08.15 13:59:10.511,1.03014,1.03059,1.73,1.73
2011.08.15 13:59:11.327,1.03014,1.03059,1.73,1.73
2011.08.15 13:59:11.444,1.03013,1.03059,1.73,1.73
2011.08.15 13:59:11.948,1.03012,1.03059,1.73,1.73
2011.08.15 13:59:12.177,1.03014,1.03059,1.73,1.73
2011.08.15 13:59:13.087,1.03013,1.03059,1.73,1.73
2011.08.15 13:59:13.316,1.03014,1.03059,1.73,1.73
2011.08.15 13:59:13.630,1.03013,1.03059,1.73,1.73
2011.08.15 13:59:17.497,1.03015,1.03059,2.25,1.73
2011.08.15 13:59:18.472,1.03013,1.03059,3.98,1.73
2011.08.15 13:59:19.910,1.03013,1.03059,3.98,1.73
2011.08.15 13:59:20.227,1.03013,1.03059,1.73,1.13
2011.08.15 13:59:21.154,1.03017,1.03059,1.35,1.13
2011.08.15 13:59:21.376,1.03016,1.03062,1.73,1.35
2011.08.15 13:59:21.705,1.03021,1.03064,1.50,1.35
2011.08.15 13:59:22.036,1.03021,1.03063,1.13,1.35
2011.08.15 13:59:22.490,1.03032,1.03077,1.13,2.85
2011.08.15 13:59:23.635,1.03034,1.03079,1.73,1.35
2011.08.15 13:59:24.460,1.03034,1.03079,1.73,1.35
2011.08.15 13:59:27.859,1.03034,1.03079,1.73,1.35
2011.08.15 13:59:28.636,1.03036,1.03076,1.35,2.25
2011.08.15 13:59:30.149,1.03037,1.03077,1.13,2.25
2011.08.15 13:59:30.376,1.03038,1.03076,2.93,2.25
2011.08.15 13:59:30.596,1.03037,1.03077,1.50,2.25
2011.08.15 13:59:30.705,1.03036,1.03077,2.10,2.25
2011.08.15 13:59:30.926,1.03037,1.03077,1.13,2.25
2011.08.15 13:59:31.256,1.03038,1.03084,3.15,1.35
2011.08.15 13:59:31.587,1.03041,1.03081,1.35,2.25
2011.08.15 13:59:32.139,1.03038,1.03082,3.90,2.25
2011.08.15 13:59:32.985,1.03038,1.03082,3.90,2.25
2011.08.15 13:59:35.026,1.03041,1.03081,1.73,2.25
2011.08.15 13:59:35.245,1.03038,1.03084,3.90,1.35
2011.08.15 13:59:35.426,1.03042,1.03084,1.13,1.35
2011.08.15 13:59:35.546,1.03038,1.03084,3.90,1.35
2011.08.15 13:59:37.396,1.03041,1.03084,1.35,1.35
2011.08.15 13:59:37.516,1.03052,1.03088,1.35,1.50
2011.08.15 13:59:37.636,1.03054,1.03091,1.50,1.35
2011.08.15 13:59:37.746,1.03053,1.03091,1.13,1.35
2011.08.15 13:59:38.628,1.03048,1.03091,1.50,1.35
2011.08.15 13:59:39.494,1.03049,1.03091,3.00,1.35
2011.08.15 13:59:40.092,1.03048,1.03091,3.75,1.35
2011.08.15 13:59:40.734,1.03054,1.03091,1.50,1.35
2011.08.15 13:59:40.956,1.03053,1.03091,1.50,1.35
2011.08.15 13:59:43.218,1.03053,1.03091,1.50,1.35
2011.08.15 13:59:43.555,1.03058,1.03097,1.50,1.50
2011.08.15 13:59:43.664,1.03048,1.03097,3.00,1.50
2011.08.15 13:59:43.777,1.0306,1.03102,1.13,3.00
2011.08.15 13:59:43.895,1.03068,1.03108,1.50,1.50
2011.08.15 13:59:44.005,1.03066,1.03108,1.13,1.50
2011.08.15 13:59:44.224,1.03061,1.03109,3.00,1.50
2011.08.15 13:59:45.573,1.0306,1.03108,2.10,1.50
2011.08.15 13:59:45.684,1.0306,1.03108,1.35,1.50
2011.08.15 13:59:46.017,1.03063,1.0311,2.25,1.50
2011.08.15 13:59:46.464,1.03063,1.03112,3.00,2.10
2011.08.15 13:59:46.684,1.03062,1.03112,3.75,1.35
2011.08.15 13:59:46.794,1.03061,1.03107,2.25,1.50
2011.08.15 13:59:47.365,1.03057,1.03101,1.35,1.35
2011.08.15 13:59:47.695,1.03053,1.03098,2.85,1.50
2011.08.15 13:59:48.136,1.03057,1.03101,1.35,1.35
2011.08.15 13:59:48.898,1.03058,1.03101,1.50,1.35
2011.08.15 13:59:50.164,1.03057,1.03101,3.60,1.35
2011.08.15 13:59:50.387,1.03057,1.03106,4.50,1.50
2011.08.15 13:59:50.616,1.03061,1.03113,2.25,2.93
2011.08.15 13:59:50.947,1.03065,1.03106,2.25,1.50
2011.08.15 13:59:51.064,1.03062,1.03106,2.25,1.50
2011.08.15 13:59:51.174,1.03057,1.03106,4.43,1.50
2011.08.15 13:59:51.504,1.0306,1.03106,2.25,1.50
2011.08.15 13:59:51.946,1.03058,1.03108,3.75,1.50
2011.08.15 13:59:52.378,1.03061,1.03106,2.25,1.50
2011.08.15 13:59:52.934,1.03058,1.03106,3.75,1.50
2011.08.15 13:59:53.658,1.03058,1.03106,3.75,1.50
2011.08.15 13:59:54.304,1.03058,1.03106,3.75,1.50
2011.08.15 13:59:54.527,1.03065,1.03106,2.25,1.50
2011.08.15 13:59:55.638,1.03065,1.03106,3.00,1.50
2011.08.15 13:59:56.054,1.03067,1.03106,2.10,1.50
2011.08.15 13:59:56.410,1.03072,1.03108,1.35,1.50
2011.08.15 13:59:57.067,1.03074,1.03111,1.35,1.35
2011.08.15 13:59:57.405,1.03076,1.03114,1.35,1.50
2011.08.15 13:59:57.736,1.03076,1.03117,1.35,1.50
2011.08.15 13:59:58.256,1.03088,1.03126,2.78,3.00
2011.08.15 13:59:58.586,1.03089,1.03135,1.35,1.35
2011.08.15 13:59:59.158,1.03089,1.03135,1.35,1.35
2011.08.15 13:59:59.384,1.03089,1.03135,1.35,1.35
2011.08.15 13:59:59.936,1.03088,1.03129,2.78,1.50
