2014.01.07 06:00:01.075,0.95281,0.95294,1.00,3.08
2014.01.07 06:00:06.784,0.95277,0.95294,1.00,2.70
2014.01.07 06:00:07.086,0.95271,0.95294,1.00,3.45
2014.01.07 06:00:07.193,0.95271,0.95294,1.00,4.20
2014.01.07 06:00:07.646,0.95276,0.95292,1.00,4.88
2014.01.07 06:00:08.289,0.95276,0.95289,1.00,6.01
2014.01.07 06:00:11.183,0.95272,0.95289,1.00,4.88
2014.01.07 06:00:27.043,0.95267,0.95289,1.00,5.63
2014.01.07 06:00:30.702,0.95272,0.95289,1.00,4.88
2014.01.07 06:00:41.890,0.95272,0.95289,1.00,3.83
2014.01.07 06:00:41.941,0.95272,0.9529,1.00,1.53
2014.01.07 06:00:42.271,0.95272,0.95293,1.00,2.03
2014.01.07 06:00:43.760,0.95272,0.95293,1.00,4.21
2014.01.07 06:00:46.073,0.95267,0.95292,1.00,6.25
2014.01.07 06:00:46.393,0.95271,0.95292,1.00,5.25
2014.01.07 06:00:55.602,0.95271,0.95293,1.00,3.08
2014.01.07 06:00:59.383,0.95283,0.95293,1.00,2.18
2014.01.07 06:00:59.484,0.95286,0.95293,1.00,1.00
2014.01.07 06:00:59.636,0.95286,0.953,1.00,1.48
2014.01.07 06:00:59.973,0.95286,0.953,1.00,1.10
2014.01.07 06:01:00.177,0.95286,0.95304,1.00,1.15
2014.01.07 06:01:00.412,0.95286,0.95304,1.38,1.15
2014.01.07 06:01:01.438,0.95286,0.95304,1.38,1.15
2014.01.07 06:01:01.957,0.95286,0.95304,1.38,1.15
2014.01.07 06:01:02.893,0.95281,0.95304,1.53,1.00
2014.01.07 06:01:03.607,0.95281,0.95304,1.53,1.00
2014.01.07 06:01:08.112,0.95281,0.95304,1.53,1.00
2014.01.07 06:01:09.053,0.95287,0.95304,1.00,1.18
2014.01.07 06:01:14.162,0.95287,0.95304,1.38,1.18
2014.01.07 06:01:14.863,0.95287,0.95304,1.00,1.18
2014.01.07 06:01:26.922,0.95287,0.95304,1.38,1.18
2014.01.07 06:01:29.671,0.95287,0.95304,1.13,1.18
2014.01.07 06:01:41.965,0.95287,0.95304,1.13,1.00
2014.01.07 06:01:44.801,0.95292,0.9531,1.00,2.70
2014.01.07 06:01:45.054,0.95292,0.95311,1.38,1.15
2014.01.07 06:01:45.630,0.95292,0.95313,1.38,1.15
2014.01.07 06:01:47.931,0.95292,0.95313,1.38,1.15
2014.01.07 06:01:49.069,0.95292,0.95313,1.48,1.15
2014.01.07 06:01:51.071,0.95287,0.95313,1.65,1.00
2014.01.07 06:01:51.374,0.95292,0.95313,3.45,1.00
2014.01.07 06:01:51.425,0.95301,0.95322,1.00,3.45
2014.01.07 06:01:51.576,0.95301,0.95324,1.10,1.15
2014.01.07 06:01:57.171,0.95301,0.95324,1.48,1.15
2014.01.07 06:01:59.153,0.95301,0.95324,1.48,1.15
2014.01.07 06:01:59.461,0.95306,0.95326,1.00,1.53
2014.01.07 06:02:00.882,0.95302,0.95326,1.00,2.28
2014.01.07 06:02:16.602,0.95307,0.95327,1.00,3.08
2014.01.07 06:02:17.152,0.95302,0.95327,1.00,4.08
2014.01.07 06:02:19.902,0.95307,0.95327,1.00,3.08
2014.01.07 06:02:21.726,0.95307,0.95328,1.00,2.03
2014.01.07 06:02:23.122,0.95307,0.95328,1.08,1.18
2014.01.07 06:02:23.173,0.95307,0.95328,1.18,1.10
2014.01.07 06:02:23.643,0.95302,0.95328,3.83,1.00
2014.01.07 06:02:23.744,0.95301,0.95328,1.53,1.00
2014.01.07 06:02:25.415,0.95301,0.95328,1.15,4.08
2014.01.07 06:02:25.466,0.95301,0.95328,1.15,6.25
2014.01.07 06:02:29.742,0.95305,0.95328,1.00,5.88
2014.01.07 06:02:30.044,0.95311,0.95332,1.53,1.00
2014.01.07 06:02:31.562,0.95321,0.95332,1.00,1.00
2014.01.07 06:02:32.292,0.95321,0.95333,1.00,1.00
2014.01.07 06:02:32.452,0.95321,0.95338,1.00,1.53
2014.01.07 06:02:32.781,0.95321,0.95338,1.00,1.00
2014.01.07 06:02:33.180,0.95321,0.95339,1.00,1.53
2014.01.07 06:02:34.310,0.95316,0.95339,1.10,1.00
2014.01.07 06:02:38.101,0.95312,0.95338,1.28,1.00
2014.01.07 06:02:38.271,0.95312,0.95338,1.15,3.73
2014.01.07 06:02:44.840,0.95312,0.95337,1.08,3.46
2014.01.07 06:02:44.891,0.95312,0.95333,1.08,1.00
2014.01.07 06:02:44.941,0.95312,0.95333,1.00,1.00
2014.01.07 06:02:45.294,0.95312,0.95331,1.00,3.33
2014.01.07 06:02:45.496,0.95311,0.95332,1.00,1.53
2014.01.07 06:02:59.262,0.95306,0.95332,1.28,1.10
2014.01.07 06:02:59.592,0.95311,0.95333,1.00,1.15
2014.01.07 06:02:59.894,0.95311,0.95334,1.15,2.40
2014.01.07 06:03:07.621,0.95317,0.95336,1.00,2.70
2014.01.07 06:03:08.091,0.95322,0.95338,1.00,1.15
2014.01.07 06:03:08.626,0.95316,0.9534,1.00,3.45
2014.01.07 06:03:09.374,0.95316,0.95338,1.00,3.46
2014.01.07 06:03:09.424,0.95312,0.95335,1.13,5.50
2014.01.07 06:03:10.191,0.95306,0.95335,1.15,6.25
2014.01.07 06:03:10.242,0.95306,0.95332,1.18,3.33
2014.01.07 06:03:10.292,0.95306,0.95332,1.20,5.88
2014.01.07 06:03:10.443,0.95302,0.9533,1.65,4.08
2014.01.07 06:03:10.494,0.95302,0.95329,1.55,4.08
2014.01.07 06:03:14.345,0.95297,0.95324,3.08,1.00
2014.01.07 06:03:14.446,0.95296,0.95324,1.65,5.88
2014.01.07 06:03:14.547,0.95296,0.95324,1.65,6.63
2014.01.07 06:03:14.651,0.95296,0.9532,1.58,3.33
2014.01.07 06:03:14.802,0.95296,0.9532,1.20,4.08
2014.01.07 06:03:18.532,0.95297,0.9532,1.00,2.33
2014.01.07 06:03:24.560,0.95301,0.9532,1.00,2.33
2014.01.07 06:03:27.650,0.95296,0.9532,1.10,2.33
2014.01.07 06:03:41.151,0.95302,0.9532,1.00,2.70
2014.01.07 06:03:45.100,0.95307,0.9532,1.00,2.70
2014.01.07 06:03:55.852,0.95307,0.95321,1.00,1.53
2014.01.07 06:03:57.639,0.95301,0.95321,1.00,1.53
2014.01.07 06:04:11.759,0.95301,0.95321,1.00,2.33
2014.01.07 06:04:12.645,0.95297,0.95318,1.00,4.08
2014.01.07 06:04:13.002,0.95297,0.95318,1.00,5.33
2014.01.07 06:04:18.689,0.95291,0.95315,1.10,4.46
2014.01.07 06:04:19.659,0.95296,0.95315,1.00,4.21
2014.01.07 06:04:20.080,0.95291,0.95315,1.10,4.83
2014.01.07 06:04:21.236,0.95291,0.95314,1.00,3.83
2014.01.07 06:04:21.438,0.95296,0.95314,1.00,1.90
2014.01.07 06:04:22.434,0.95291,0.95314,1.00,1.53
2014.01.07 06:04:29.319,0.95297,0.95315,1.00,1.65
2014.01.07 06:04:35.329,0.95297,0.95315,1.00,4.20
2014.01.07 06:04:35.380,0.95291,0.95313,1.00,4.46
2014.01.07 06:04:35.909,0.95291,0.95313,1.00,4.08
2014.01.07 06:04:37.152,0.95286,0.95313,1.28,4.08
2014.01.07 06:04:37.914,0.95292,0.95313,1.00,3.83
2014.01.07 06:04:51.538,0.95286,0.95313,1.18,3.83
2014.01.07 06:04:51.628,0.95286,0.95313,1.18,4.08
2014.01.07 06:04:53.099,0.95296,0.95313,1.00,3.08
2014.01.07 06:04:53.498,0.95292,0.95313,1.00,4.10
2014.01.07 06:04:54.838,0.95297,0.95313,1.00,3.83
2014.01.07 06:04:59.159,0.95297,0.95313,1.00,1.28
2014.01.07 06:05:01.678,0.95302,0.95313,1.00,1.15
2014.01.07 06:05:04.489,0.95302,0.95319,1.00,3.45
2014.01.07 06:05:05.859,0.95301,0.95319,1.00,4.83
2014.01.07 06:05:06.161,0.95307,0.95319,1.00,3.08
2014.01.07 06:05:06.362,0.95307,0.95321,1.00,1.53
2014.01.07 06:05:06.799,0.95302,0.95321,1.00,1.53
2014.01.07 06:05:07.889,0.95302,0.9532,1.00,5.63
2014.01.07 06:05:08.193,0.95306,0.9532,1.00,6.01
2014.01.07 06:05:08.344,0.95301,0.9532,1.00,2.33
2014.01.07 06:05:08.395,0.95301,0.9532,1.00,1.15
2014.01.07 06:05:08.688,0.95301,0.9532,1.00,3.08
2014.01.07 06:05:09.289,0.95301,0.95319,1.00,5.26
2014.01.07 06:05:09.878,0.95302,0.95319,1.00,6.01
2014.01.07 06:05:10.318,0.95296,0.95318,1.00,4.08
2014.01.07 06:05:10.668,0.95296,0.95316,1.00,3.33
2014.01.07 06:05:12.089,0.95292,0.95316,1.00,4.08
2014.01.07 06:05:12.190,0.95292,0.95313,1.00,4.08
2014.01.07 06:05:12.809,0.95292,0.95313,1.00,6.38
2014.01.07 06:05:12.860,0.95282,0.95303,1.10,1.13
2014.01.07 06:05:13.506,0.95281,0.95303,1.00,3.45
2014.01.07 06:05:14.027,0.95282,0.95303,1.00,3.08
2014.01.07 06:05:21.327,0.95282,0.95303,1.00,6.00
2014.01.07 06:05:21.684,0.95277,0.95299,1.00,3.71
2014.01.07 06:05:22.334,0.95272,0.95298,1.18,1.10
2014.01.07 06:05:22.436,0.95272,0.95295,1.00,3.33
2014.01.07 06:05:23.649,0.95276,0.95295,1.00,2.33
2014.01.07 06:05:23.867,0.95276,0.95299,1.00,3.83
2014.01.07 06:05:24.859,0.95281,0.95299,1.00,3.83
2014.01.07 06:05:24.960,0.95281,0.95299,1.00,1.93
2014.01.07 06:05:25.060,0.95277,0.95298,1.18,1.00
2014.01.07 06:05:25.653,0.95277,0.95298,1.00,1.00
2014.01.07 06:05:26.280,0.95277,0.95296,1.00,4.08
2014.01.07 06:05:27.400,0.95272,0.95296,1.10,4.83
2014.01.07 06:05:27.451,0.95272,0.95293,1.00,4.48
2014.01.07 06:05:27.767,0.95272,0.95293,1.00,5.21
2014.01.07 06:05:28.143,0.95272,0.95293,1.00,4.83
2014.01.07 06:05:30.578,0.9528,0.95293,1.00,3.46
2014.01.07 06:05:31.154,0.95276,0.95293,1.00,3.45
2014.01.07 06:05:31.548,0.9528,0.95293,1.00,3.45
2014.01.07 06:05:31.759,0.95281,0.95293,1.00,1.28
2014.01.07 06:05:31.929,0.95277,0.95295,1.00,1.90
2014.01.07 06:05:31.980,0.95277,0.95295,1.00,5.25
2014.01.07 06:05:32.749,0.95277,0.95291,1.00,6.01
2014.01.07 06:05:32.902,0.95271,0.95291,1.00,6.01
2014.01.07 06:05:35.237,0.95271,0.95288,1.00,3.33
2014.01.07 06:05:35.838,0.95271,0.95288,1.00,6.38
2014.01.07 06:05:35.939,0.95267,0.95288,1.00,7.13
2014.01.07 06:05:37.648,0.95272,0.95287,1.00,3.33
2014.01.07 06:05:39.389,0.95267,0.95287,1.00,3.33
2014.01.07 06:05:40.368,0.95272,0.95287,1.00,2.70
2014.01.07 06:05:40.523,0.95272,0.95288,1.00,1.65
2014.01.07 06:05:40.574,0.95266,0.95288,1.18,1.00
2014.01.07 06:05:41.131,0.95267,0.95288,1.10,1.53
2014.01.07 06:05:45.724,0.95267,0.95287,1.10,3.33
2014.01.07 06:05:45.875,0.95267,0.95288,1.00,1.28
2014.01.07 06:05:46.032,0.95267,0.95288,1.00,5.20
2014.01.07 06:05:46.398,0.95267,0.95286,1.00,4.48
2014.01.07 06:05:46.749,0.95261,0.95286,1.08,2.70
2014.01.07 06:05:46.800,0.95261,0.95286,1.08,5.26
2014.01.07 06:05:47.309,0.95261,0.95282,1.00,3.46
2014.01.07 06:05:47.658,0.95256,0.9528,1.00,2.28
2014.01.07 06:05:52.598,0.95257,0.9528,1.00,1.15
2014.01.07 06:05:52.664,0.95257,0.9528,1.00,5.25
2014.01.07 06:05:55.327,0.95257,0.9528,1.00,4.08
2014.01.07 06:05:58.373,0.95257,0.9528,1.18,1.08
2014.01.07 06:06:12.657,0.95257,0.9528,1.00,3.33
2014.01.07 06:06:26.855,0.95257,0.9528,1.15,1.18
2014.01.07 06:06:31.115,0.95267,0.95283,1.00,2.33
2014.01.07 06:06:31.166,0.95267,0.95284,1.00,1.15
2014.01.07 06:06:31.438,0.95261,0.95284,1.10,1.15
2014.01.07 06:06:32.909,0.95261,0.95284,1.00,6.25
2014.01.07 06:06:33.698,0.95261,0.95283,1.00,3.78
2014.01.07 06:06:34.060,0.95257,0.95278,1.15,1.00
2014.01.07 06:06:34.431,0.95251,0.95278,2.03,1.10
2014.01.07 06:06:34.772,0.95251,0.95277,1.28,5.88
2014.01.07 06:06:35.075,0.95251,0.95274,1.00,6.25
2014.01.07 06:06:37.157,0.95257,0.95274,1.00,6.38
2014.01.07 06:06:38.148,0.95252,0.95274,1.00,7.00
2014.01.07 06:06:43.089,0.95256,0.95276,1.00,1.90
2014.01.07 06:06:43.597,0.95256,0.95277,1.00,3.08
2014.01.07 06:06:45.290,0.95256,0.95275,1.00,5.63
2014.01.07 06:06:45.391,0.95251,0.95274,1.00,4.20
2014.01.07 06:06:48.233,0.95251,0.9527,1.00,4.11
2014.01.07 06:06:48.535,0.95257,0.9527,1.00,1.00
2014.01.07 06:06:48.687,0.95252,0.9527,1.00,1.15
2014.01.07 06:06:58.878,0.9526,0.95272,1.00,2.70
2014.01.07 06:06:58.979,0.95262,0.95274,1.00,1.53
2014.01.07 06:07:00.360,0.95251,0.95274,1.18,1.28
2014.01.07 06:07:00.512,0.95251,0.95274,1.00,6.38
2014.01.07 06:07:02.916,0.95251,0.95272,1.00,4.46
2014.01.07 06:07:03.450,0.95251,0.95271,1.00,3.71
2014.01.07 06:07:04.618,0.95256,0.95271,1.00,3.71
2014.01.07 06:07:04.669,0.95256,0.95271,1.00,1.45
2014.01.07 06:07:04.830,0.95252,0.95273,1.00,1.53
2014.01.07 06:07:04.982,0.95252,0.95273,1.00,5.21
2014.01.07 06:07:13.828,0.95252,0.95271,1.00,3.46
2014.01.07 06:07:28.050,0.95252,0.95272,1.00,1.15
2014.01.07 06:07:29.577,0.95261,0.95272,1.00,1.15
2014.01.07 06:07:29.678,0.95261,0.95272,1.00,1.15
2014.01.07 06:07:29.779,0.95261,0.95272,1.00,1.00
2014.01.07 06:07:29.880,0.95261,0.95276,1.00,1.28
2014.01.07 06:07:30.131,0.95251,0.95276,1.53,1.10
2014.01.07 06:07:30.232,0.95251,0.95276,1.00,6.63
2014.01.07 06:07:31.382,0.95251,0.95276,1.00,6.63
2014.01.07 06:07:31.735,0.95251,0.95276,1.00,7.38
2014.01.07 06:07:32.714,0.95251,0.95276,1.00,7.76
2014.01.07 06:07:36.645,0.95262,0.95276,1.00,6.01
2014.01.07 06:07:37.418,0.95257,0.95276,1.00,6.63
2014.01.07 06:07:48.396,0.95247,0.95268,1.10,1.00
2014.01.07 06:07:48.772,0.95257,0.9527,1.00,1.65
2014.01.07 06:07:48.925,0.95247,0.95268,1.10,1.00
2014.01.07 06:07:49.128,0.95257,0.95268,1.00,3.08
2014.01.07 06:07:49.179,0.95257,0.9527,1.00,1.15
2014.01.07 06:07:54.666,0.95247,0.9527,1.10,1.15
2014.01.07 06:07:54.868,0.95251,0.9527,1.00,1.15
2014.01.07 06:07:55.270,0.95251,0.9527,1.00,1.18
2014.01.07 06:07:55.416,0.95257,0.95271,1.00,1.15
2014.01.07 06:08:00.405,0.95251,0.95271,1.00,1.18
2014.01.07 06:08:00.506,0.95251,0.95271,1.00,1.15
2014.01.07 06:08:14.556,0.95246,0.95271,1.20,1.15
2014.01.07 06:08:14.887,0.95251,0.95271,1.00,1.15
2014.01.07 06:08:20.937,0.95251,0.95271,1.00,2.28
2014.01.07 06:08:43.806,0.95256,0.95273,1.00,5.25
2014.01.07 06:09:01.845,0.95257,0.95273,1.00,4.88
2014.01.07 06:09:01.996,0.95257,0.95276,1.00,2.33
2014.01.07 06:09:02.298,0.95261,0.9528,1.00,4.88
2014.01.07 06:09:02.550,0.95261,0.95281,1.00,1.15
2014.01.07 06:09:03.749,0.95261,0.95284,1.20,1.15
2014.01.07 06:09:03.850,0.95266,0.95285,1.00,2.33
2014.01.07 06:09:03.951,0.95266,0.95288,1.00,1.15
2014.01.07 06:09:04.475,0.95261,0.95288,1.53,1.18
2014.01.07 06:09:05.048,0.95266,0.95289,1.00,3.45
2014.01.07 06:09:10.673,0.95261,0.95287,1.28,2.31
2014.01.07 06:09:10.773,0.95261,0.95286,1.20,4.08
2014.01.07 06:09:12.206,0.95261,0.95285,1.00,4.96
2014.01.07 06:09:13.009,0.95261,0.95285,1.10,3.70
2014.01.07 06:09:17.095,0.95266,0.95285,1.00,3.70
2014.01.07 06:09:17.146,0.95266,0.95285,1.00,1.10
2014.01.07 06:09:19.626,0.95267,0.95288,1.00,1.28
2014.01.07 06:09:19.777,0.95267,0.95288,1.08,1.18
2014.01.07 06:09:24.478,0.95267,0.95288,1.00,1.18
2014.01.07 06:09:24.803,0.95267,0.95287,1.00,5.26
2014.01.07 06:09:24.904,0.95261,0.95286,1.55,3.33
2014.01.07 06:09:25.156,0.95257,0.95283,1.90,1.00
2014.01.07 06:09:25.564,0.95261,0.95283,1.55,1.53
2014.01.07 06:09:26.580,0.95267,0.95286,1.00,3.08
2014.01.07 06:09:40.189,0.95267,0.95283,1.00,3.33
2014.01.07 06:09:40.732,0.95267,0.95283,1.00,5.26
2014.01.07 06:09:41.247,0.95267,0.95283,1.00,2.33
2014.01.07 06:09:41.298,0.95267,0.95286,1.00,3.08
2014.01.07 06:09:42.253,0.95267,0.95287,1.00,2.33
2014.01.07 06:09:42.384,0.95272,0.95288,1.00,1.15
2014.01.07 06:09:42.487,0.95272,0.95288,1.00,1.00
2014.01.07 06:09:42.739,0.95267,0.95288,1.08,1.08
2014.01.07 06:09:42.790,0.95267,0.95288,1.00,1.15
2014.01.07 06:09:56.584,0.95266,0.95288,1.00,1.15
2014.01.07 06:10:01.751,0.95266,0.95288,1.00,1.53
2014.01.07 06:10:02.361,0.95266,0.95288,1.00,1.53
2014.01.07 06:10:06.525,0.95266,0.95288,1.00,1.53
2014.01.07 06:10:06.857,0.95261,0.95284,1.28,1.00
2014.01.07 06:10:07.059,0.95261,0.95284,1.00,1.00
2014.01.07 06:10:07.695,0.95267,0.95284,1.00,1.90
2014.01.07 06:10:08.396,0.95262,0.95283,1.00,1.00
2014.01.07 06:10:08.660,0.95262,0.95283,1.00,1.90
2014.01.07 06:10:08.761,0.95262,0.95282,1.00,3.83
2014.01.07 06:10:15.565,0.95257,0.9528,1.10,4.83
2014.01.07 06:10:15.666,0.95257,0.9528,1.00,7.88
2014.01.07 06:10:15.974,0.95257,0.95278,1.00,6.75
2014.01.07 06:10:16.193,0.95257,0.95278,1.00,1.65
2014.01.07 06:10:22.825,0.95251,0.95277,1.15,2.40
2014.01.07 06:10:22.876,0.95251,0.95276,1.15,3.83
2014.01.07 06:10:23.178,0.95251,0.95275,1.13,6.76
2014.01.07 06:10:23.480,0.95247,0.95274,1.18,4.58
2014.01.07 06:10:26.816,0.95247,0.95273,1.20,4.96
2014.01.07 06:10:46.870,0.95247,0.9527,1.00,6.00
2014.01.07 06:10:47.535,0.95247,0.95269,1.00,4.51
2014.01.07 06:10:47.862,0.95251,0.95271,1.00,1.90
2014.01.07 06:10:55.523,0.95256,0.95272,1.00,3.83
2014.01.07 06:10:55.629,0.95251,0.95272,1.00,3.83
2014.01.07 06:10:55.783,0.95251,0.9527,1.00,4.58
2014.01.07 06:11:07.943,0.95251,0.95266,1.00,7.00
2014.01.07 06:11:08.571,0.95247,0.95266,1.00,7.50
2014.01.07 06:11:08.672,0.95247,0.95264,1.00,3.83
2014.01.07 06:11:08.979,0.95247,0.95262,1.00,6.38
2014.01.07 06:11:10.667,0.95251,0.95262,1.00,1.18
2014.01.07 06:11:17.900,0.95251,0.95265,1.00,1.28
2014.01.07 06:11:19.829,0.95251,0.95271,1.00,3.45
2014.01.07 06:11:26.843,0.95257,0.95271,1.00,4.20
2014.01.07 06:11:27.694,0.95252,0.95271,1.00,3.08
2014.01.07 06:11:34.627,0.95252,0.95272,1.00,1.53
2014.01.07 06:11:34.879,0.95257,0.95273,1.00,1.55
2014.01.07 06:11:35.225,0.95257,0.95273,1.00,1.00
2014.01.07 06:11:35.736,0.95256,0.95279,1.15,1.18
2014.01.07 06:11:37.593,0.95262,0.95283,1.00,1.28
2014.01.07 06:11:39.657,0.95262,0.95283,1.08,1.53
2014.01.07 06:11:39.708,0.95262,0.95283,1.08,1.55
2014.01.07 06:11:39.759,0.95262,0.95283,1.08,1.48
2014.01.07 06:11:39.910,0.95262,0.95283,1.18,1.53
2014.01.07 06:11:39.961,0.95262,0.95283,1.18,1.08
2014.01.07 06:11:40.122,0.95266,0.95284,1.10,1.13
2014.01.07 06:11:44.863,0.95272,0.95288,1.00,1.15
2014.01.07 06:11:44.964,0.95272,0.95288,1.00,1.00
2014.01.07 06:11:45.267,0.95272,0.95288,1.18,1.00
2014.01.07 06:11:53.432,0.95268,0.95289,2.70,1.00
2014.01.07 06:11:53.484,0.95266,0.95289,1.53,1.00
2014.01.07 06:11:53.786,0.95267,0.95289,1.18,1.45
2014.01.07 06:11:53.837,0.95267,0.95289,1.10,1.53
2014.01.07 06:11:58.712,0.95266,0.95287,1.00,3.33
2014.01.07 06:12:00.893,0.95266,0.95288,1.10,3.83
2014.01.07 06:12:00.943,0.95266,0.95288,1.10,1.90
2014.01.07 06:12:07.896,0.95266,0.95289,1.10,2.40
2014.01.07 06:12:09.513,0.95266,0.95289,1.00,4.58
2014.01.07 06:12:10.119,0.95266,0.95289,1.00,6.76
2014.01.07 06:12:10.428,0.95266,0.95286,1.00,6.01
2014.01.07 06:12:10.529,0.95266,0.95286,1.00,1.90
2014.01.07 06:12:10.580,0.95262,0.95286,1.10,1.93
2014.01.07 06:12:10.681,0.95262,0.95286,1.10,1.93
2014.01.07 06:12:10.984,0.95266,0.95285,1.00,4.83
2014.01.07 06:12:12.943,0.95266,0.95285,1.00,1.90
2014.01.07 06:12:13.542,0.95262,0.95285,1.18,2.65
2014.01.07 06:12:17.832,0.95266,0.95285,1.00,1.90
2014.01.07 06:12:20.631,0.95262,0.95287,1.18,3.45
2014.01.07 06:12:21.184,0.95262,0.95285,1.00,7.00
2014.01.07 06:12:33.152,0.95267,0.95285,1.00,6.25
2014.01.07 06:12:33.202,0.95267,0.95285,1.00,1.53
2014.01.07 06:12:34.196,0.95267,0.95285,1.00,1.65
2014.01.07 06:12:34.331,0.95261,0.95285,1.18,1.65
2014.01.07 06:12:34.745,0.95261,0.95285,1.00,6.76
2014.01.07 06:12:37.016,0.95261,0.95285,1.10,2.40
2014.01.07 06:12:37.552,0.95261,0.95285,1.10,1.53
2014.01.07 06:12:39.832,0.95267,0.95285,1.00,1.53
2014.01.07 06:12:40.446,0.95267,0.95287,1.00,3.45
2014.01.07 06:12:43.772,0.95267,0.95287,1.00,3.08
2014.01.07 06:12:44.493,0.95267,0.95287,1.00,3.08
2014.01.07 06:12:44.594,0.95261,0.95287,1.10,4.46
2014.01.07 06:12:52.712,0.95261,0.95287,1.10,4.46
2014.01.07 06:12:52.871,0.95266,0.95287,1.00,3.45
2014.01.07 06:12:54.835,0.95266,0.95289,1.00,1.90
2014.01.07 06:12:55.081,0.95266,0.95289,1.00,1.90
2014.01.07 06:12:55.892,0.95261,0.95288,1.15,2.68
2014.01.07 06:12:55.943,0.95261,0.95286,1.00,4.08
2014.01.07 06:13:10.385,0.95267,0.95286,1.00,3.83
2014.01.07 06:13:10.737,0.95267,0.95288,1.00,1.53
2014.01.07 06:13:10.838,0.95267,0.95288,1.00,1.90
2014.01.07 06:13:11.400,0.95267,0.95288,1.08,1.93
2014.01.07 06:13:14.682,0.95267,0.95288,1.00,2.40
2014.01.07 06:13:16.450,0.95267,0.95288,1.00,2.40
2014.01.07 06:13:18.872,0.95272,0.95288,1.00,2.33
2014.01.07 06:13:18.922,0.95272,0.95288,1.00,1.38
2014.01.07 06:13:18.973,0.95272,0.95288,1.00,1.00
2014.01.07 06:13:19.124,0.95272,0.95288,1.00,1.38
2014.01.07 06:13:19.175,0.95264,0.95288,1.28,1.13
2014.01.07 06:13:19.276,0.95262,0.95288,1.28,1.38
2014.01.07 06:13:19.327,0.95262,0.95288,1.28,4.08
2014.01.07 06:13:19.431,0.95266,0.95288,1.00,4.10
2014.01.07 06:13:19.953,0.95266,0.95288,1.00,4.10
2014.01.07 06:13:20.641,0.95272,0.95288,1.00,3.08
2014.01.07 06:13:22.635,0.95272,0.95288,1.00,3.08
2014.01.07 06:13:24.332,0.95266,0.95288,1.00,3.08
2014.01.07 06:13:25.451,0.95266,0.95288,1.00,3.08
2014.01.07 06:13:27.634,0.95276,0.95288,1.00,2.70
2014.01.07 06:13:27.736,0.95276,0.95294,1.00,5.33
2014.01.07 06:13:27.787,0.95276,0.95294,1.00,5.71
2014.01.07 06:13:27.990,0.95261,0.95289,1.28,1.48
2014.01.07 06:13:28.494,0.95267,0.95289,1.00,3.83
2014.01.07 06:13:34.120,0.95267,0.95289,1.08,4.13
2014.01.07 06:13:34.221,0.95267,0.95289,1.15,1.38
2014.01.07 06:13:34.272,0.95267,0.95289,1.08,1.45
2014.01.07 06:13:34.323,0.95267,0.95289,1.00,1.53
2014.01.07 06:13:34.423,0.95262,0.95289,1.15,1.95
2014.01.07 06:13:34.524,0.95261,0.95286,1.00,4.83
2014.01.07 06:13:35.551,0.95267,0.95286,1.00,3.83
2014.01.07 06:13:36.038,0.95267,0.95288,1.00,3.83
2014.01.07 06:13:36.322,0.95262,0.95288,1.15,3.83
2014.01.07 06:13:36.476,0.95262,0.95288,1.15,3.83
2014.01.07 06:13:36.779,0.95266,0.95288,1.00,3.68
2014.01.07 06:13:59.482,0.95261,0.95288,1.15,4.08
2014.01.07 06:14:01.131,0.95266,0.95288,1.00,3.08
2014.01.07 06:14:07.511,0.95261,0.95288,1.15,4.08
2014.01.07 06:14:07.886,0.95267,0.95288,1.00,3.83
2014.01.07 06:14:12.387,0.95261,0.95288,1.15,4.08
2014.01.07 06:14:16.899,0.95261,0.95288,1.28,3.70
2014.01.07 06:14:17.452,0.95261,0.95288,1.28,1.48
2014.01.07 06:14:20.269,0.95261,0.95288,1.28,1.48
2014.01.07 06:14:24.569,0.95261,0.95285,1.28,3.33
2014.01.07 06:14:24.619,0.95261,0.95285,1.20,3.33
2014.01.07 06:14:28.081,0.95266,0.95285,1.00,3.08
2014.01.07 06:14:28.629,0.95261,0.95285,1.10,4.08
2014.01.07 06:14:30.405,0.95266,0.95285,1.00,2.70
2014.01.07 06:14:34.951,0.95266,0.95286,1.00,3.08
2014.01.07 06:14:35.001,0.95266,0.95287,1.00,1.28
2014.01.07 06:14:54.579,0.95271,0.95287,1.00,1.53
2014.01.07 06:14:55.889,0.95271,0.95289,1.00,3.45
2014.01.07 06:14:56.446,0.95271,0.95289,1.00,1.28
2014.01.07 06:15:04.103,0.95271,0.95294,1.10,1.53
2014.01.07 06:15:04.153,0.95276,0.95295,1.00,3.08
2014.01.07 06:15:04.204,0.95276,0.95297,1.00,4.20
2014.01.07 06:15:08.854,0.95276,0.95297,1.00,4.58
2014.01.07 06:15:09.940,0.95276,0.95297,1.00,4.46
2014.01.07 06:15:18.767,0.95276,0.95294,1.00,4.20
2014.01.07 06:15:18.918,0.95271,0.95292,1.00,4.08
2014.01.07 06:15:33.105,0.95271,0.95287,1.00,2.78
2014.01.07 06:15:33.307,0.95266,0.95285,1.00,4.21
2014.01.07 06:15:38.167,0.95261,0.95284,1.10,2.41
2014.01.07 06:15:38.330,0.95261,0.95283,1.00,3.70
2014.01.07 06:15:42.016,0.95261,0.95283,1.00,4.08
2014.01.07 06:15:42.118,0.95261,0.95283,1.00,2.40
2014.01.07 06:15:42.330,0.95266,0.95283,1.00,2.03
2014.01.07 06:15:42.431,0.95266,0.95287,1.00,1.28
2014.01.07 06:15:42.633,0.95266,0.95289,1.15,2.03
2014.01.07 06:15:42.936,0.95272,0.95293,1.00,2.78
2014.01.07 06:15:43.239,0.95272,0.95293,1.10,2.40
2014.01.07 06:15:43.849,0.95272,0.95293,1.10,2.40
2014.01.07 06:15:49.678,0.95272,0.95293,1.10,2.78
2014.01.07 06:15:53.420,0.95272,0.95293,1.00,2.03
2014.01.07 06:15:57.049,0.95266,0.95293,1.28,2.33
2014.01.07 06:15:57.258,0.95266,0.95293,1.08,4.48
2014.01.07 06:15:57.599,0.95272,0.95293,1.00,7.50
2014.01.07 06:15:59.356,0.95272,0.95289,1.00,1.00
2014.01.07 06:15:59.658,0.95261,0.95283,1.38,2.70
2014.01.07 06:15:59.709,0.95261,0.95282,1.08,2.60
2014.01.07 06:15:59.860,0.95267,0.95282,1.00,2.33
2014.01.07 06:16:00.062,0.95262,0.95282,1.00,5.23
2014.01.07 06:16:06.100,0.95261,0.95282,1.00,4.95
2014.01.07 06:16:06.619,0.95262,0.95282,1.00,5.98
2014.01.07 06:16:10.793,0.95262,0.95282,1.00,4.58
2014.01.07 06:16:12.660,0.95262,0.9528,1.00,4.06
2014.01.07 06:16:12.912,0.95252,0.95273,1.15,1.00
2014.01.07 06:16:13.012,0.95252,0.9527,1.00,3.05
2014.01.07 06:16:13.264,0.95252,0.9527,1.00,2.68
2014.01.07 06:16:14.337,0.95252,0.95267,1.00,1.00
2014.01.07 06:16:15.169,0.95252,0.95268,1.00,1.65
2014.01.07 06:16:22.222,0.95252,0.95268,1.00,1.53
2014.01.07 06:16:23.527,0.95252,0.95268,1.00,1.53
2014.01.07 06:16:32.879,0.95252,0.95265,1.00,4.38
2014.01.07 06:16:32.930,0.95246,0.95265,1.00,7.13
2014.01.07 06:16:33.144,0.95251,0.95263,1.00,4.28
2014.01.07 06:16:37.078,0.95253,0.95264,1.00,1.00
2014.01.07 06:16:37.129,0.95254,0.95264,1.00,1.15
2014.01.07 06:16:44.998,0.95252,0.95269,1.00,4.73
2014.01.07 06:16:46.348,0.95255,0.95269,1.00,4.80
2014.01.07 06:16:46.735,0.95256,0.95271,1.00,3.08
2014.01.07 06:16:47.168,0.95256,0.95273,1.00,1.53
2014.01.07 06:16:47.320,0.95262,0.95274,1.00,3.45
2014.01.07 06:16:48.872,0.95257,0.95274,1.00,3.08
2014.01.07 06:16:52.607,0.95262,0.95274,1.00,2.33
2014.01.07 06:16:52.809,0.95262,0.95274,1.00,1.15
2014.01.07 06:17:07.960,0.95257,0.95274,1.00,1.18
2014.01.07 06:17:08.643,0.95251,0.95274,1.15,1.15
2014.01.07 06:17:08.794,0.95251,0.95274,1.08,1.15
2014.01.07 06:17:08.845,0.95251,0.95274,1.00,1.15
2014.01.07 06:17:10.740,0.95251,0.95274,1.00,2.33
2014.01.07 06:17:13.155,0.95247,0.95268,1.18,1.00
2014.01.07 06:17:14.174,0.95247,0.95268,1.00,1.10
2014.01.07 06:17:14.710,0.95246,0.95268,1.00,3.45
2014.01.07 06:17:15.098,0.95246,0.95268,1.00,6.01
2014.01.07 06:17:17.356,0.95246,0.95268,1.10,2.70
2014.01.07 06:17:17.407,0.95246,0.95269,1.10,1.53
2014.01.07 06:17:33.337,0.95252,0.95269,1.00,1.28
2014.01.07 06:17:37.879,0.95252,0.95271,1.00,4.88
2014.01.07 06:17:41.146,0.95246,0.95271,1.18,3.70
2014.01.07 06:17:41.297,0.95246,0.95268,1.00,5.63
2014.01.07 06:17:47.437,0.95246,0.95268,1.00,3.33
2014.01.07 06:17:47.498,0.95246,0.95268,1.00,1.15
2014.01.07 06:17:47.782,0.95246,0.95268,1.00,4.58
2014.01.07 06:17:48.085,0.95242,0.95263,1.00,5.63
2014.01.07 06:17:50.422,0.95242,0.95263,1.00,2.78
2014.01.07 06:17:50.722,0.95242,0.95262,1.00,3.33
2014.01.07 06:17:51.227,0.95242,0.95261,1.00,3.70
2014.01.07 06:17:51.378,0.95237,0.95258,1.10,1.00
2014.01.07 06:18:00.414,0.95237,0.95258,1.00,3.71
2014.01.07 06:18:00.926,0.95232,0.95258,1.55,6.71
2014.01.07 06:18:04.576,0.95242,0.95258,1.00,6.45
2014.01.07 06:18:05.574,0.95237,0.95258,1.00,4.46
2014.01.07 06:18:05.676,0.95237,0.95254,1.00,2.31
2014.01.07 06:18:05.928,0.95231,0.95252,1.38,6.00
2014.01.07 06:18:06.029,0.95231,0.95249,1.38,5.26
2014.01.07 06:18:06.735,0.95231,0.95249,1.00,5.26
2014.01.07 06:18:16.419,0.95231,0.95243,1.00,1.65
2014.01.07 06:18:16.469,0.95227,0.95243,1.00,2.78
2014.01.07 06:18:16.570,0.95231,0.95243,1.00,1.58
2014.01.07 06:18:16.772,0.95236,0.95247,1.00,1.15
2014.01.07 06:18:16.873,0.95237,0.95247,1.00,1.08
2014.01.07 06:18:16.974,0.95232,0.95249,1.00,1.15
2014.01.07 06:18:18.133,0.95227,0.95248,1.08,2.28
2014.01.07 06:18:18.183,0.95227,0.95246,1.00,5.50
2014.01.07 06:18:18.486,0.95232,0.95246,1.00,2.33
2014.01.07 06:18:18.536,0.95232,0.95247,1.00,4.28
2014.01.07 06:18:18.638,0.95227,0.95248,1.00,2.40
2014.01.07 06:18:18.839,0.95227,0.95248,1.18,1.95
2014.01.07 06:18:19.141,0.95231,0.95248,1.00,2.23
2014.01.07 06:18:19.667,0.95232,0.9525,1.00,1.65
2014.01.07 06:18:22.597,0.95226,0.95253,1.53,3.08
2014.01.07 06:18:33.847,0.95237,0.95253,1.00,1.65
2014.01.07 06:18:33.897,0.95237,0.95253,1.00,1.58
2014.01.07 06:18:35.577,0.95231,0.95254,1.28,1.08
2014.01.07 06:18:35.778,0.95231,0.95254,1.20,1.08
2014.01.07 06:18:35.829,0.95231,0.95254,1.13,1.15
2014.01.07 06:18:39.220,0.95231,0.95254,1.38,1.15
2014.01.07 06:18:41.243,0.95231,0.95254,1.45,1.15
2014.01.07 06:18:41.294,0.95231,0.95254,1.53,1.15
2014.01.07 06:18:43.175,0.95231,0.95254,1.55,1.15
2014.01.07 06:18:43.477,0.95237,0.95254,1.00,1.10
2014.01.07 06:18:49.637,0.95237,0.95258,1.10,1.18
2014.01.07 06:19:30.871,0.95237,0.95258,1.10,1.18
2014.01.07 06:19:31.852,0.95237,0.95258,1.08,1.08
2014.01.07 06:19:31.903,0.95237,0.95258,1.15,1.00
2014.01.07 06:19:43.581,0.95235,0.95263,3.08,1.15
2014.01.07 06:19:47.028,0.95235,0.95263,3.08,1.15
2014.01.07 06:19:47.159,0.95235,0.95263,1.15,2.70
2014.01.07 06:19:49.145,0.95241,0.95262,1.00,4.45
2014.01.07 06:19:49.297,0.95241,0.95262,1.18,2.28
2014.01.07 06:19:57.946,0.95241,0.95262,1.15,1.00
2014.01.07 06:19:58.354,0.95241,0.95262,3.08,1.00
2014.01.07 06:19:58.405,0.95247,0.95263,1.10,1.00
2014.01.07 06:19:58.944,0.95247,0.95263,1.18,1.00
2014.01.07 06:20:02.284,0.95252,0.95268,1.00,1.10
2014.01.07 06:20:03.336,0.95246,0.95268,1.15,1.00
2014.01.07 06:20:05.694,0.95246,0.95269,1.15,1.20
2014.01.07 06:20:06.212,0.95246,0.95269,1.15,1.00
2014.01.07 06:20:06.826,0.95246,0.95269,1.28,1.38
2014.01.07 06:20:06.927,0.95246,0.95269,1.15,1.00
2014.01.07 06:20:08.617,0.95252,0.9527,1.00,1.00
2014.01.07 06:20:10.164,0.95252,0.95271,1.00,1.00
2014.01.07 06:20:10.553,0.95246,0.95271,1.53,1.00
2014.01.07 06:20:11.070,0.95251,0.9527,1.00,2.21
2014.01.07 06:20:11.933,0.95251,0.9527,1.10,2.88
2014.01.07 06:20:14.035,0.95247,0.95268,1.15,1.00
2014.01.07 06:20:14.792,0.95247,0.95268,1.18,1.00
2014.01.07 06:20:14.893,0.95251,0.95269,1.00,1.18
2014.01.07 06:20:15.147,0.95247,0.95269,1.18,1.08
2014.01.07 06:20:15.681,0.95247,0.95269,1.15,1.00
2014.01.07 06:20:20.403,0.95252,0.9527,1.00,1.00
2014.01.07 06:20:20.706,0.95252,0.95273,3.08,1.00
2014.01.07 06:20:20.756,0.95252,0.95273,1.15,1.00
2014.01.07 06:20:22.285,0.95252,0.95273,1.08,1.20
2014.01.07 06:20:22.336,0.95252,0.95273,1.00,1.28
2014.01.07 06:20:22.589,0.95247,0.95273,1.15,1.00
2014.01.07 06:20:23.185,0.95248,0.95273,2.33,1.53
2014.01.07 06:20:23.488,0.95252,0.95273,1.15,1.00
2014.01.07 06:20:23.795,0.95256,0.95278,1.10,2.03
2014.01.07 06:20:25.885,0.95252,0.95278,1.15,2.65
2014.01.07 06:20:26.106,0.95257,0.95278,1.00,1.65
2014.01.07 06:20:28.849,0.95257,0.95278,1.08,1.58
2014.01.07 06:20:29.202,0.95256,0.95279,2.33,1.00
2014.01.07 06:20:30.099,0.95257,0.95284,1.15,1.15
2014.01.07 06:20:30.271,0.95256,0.95284,5.63,1.15
2014.01.07 06:20:30.898,0.95259,0.95284,3.45,1.00
2014.01.07 06:20:31.209,0.95263,0.95284,2.70,1.00
2014.01.07 06:20:31.511,0.95263,0.95289,3.45,1.00
2014.01.07 06:20:33.427,0.95268,0.95289,2.33,1.00
2014.01.07 06:20:33.612,0.95268,0.95292,2.33,1.00
2014.01.07 06:20:33.663,0.95266,0.95292,3.45,1.08
2014.01.07 06:20:33.814,0.95268,0.95292,1.15,1.00
2014.01.07 06:20:36.205,0.95267,0.95292,2.33,1.08
2014.01.07 06:20:36.256,0.95266,0.95292,1.15,3.05
2014.01.07 06:20:36.307,0.95266,0.9529,1.08,5.33
2014.01.07 06:20:36.407,0.95257,0.95287,3.08,2.31
2014.01.07 06:20:36.954,0.95257,0.95285,2.70,2.31
2014.01.07 06:20:38.962,0.95256,0.95285,1.53,6.75
2014.01.07 06:20:39.063,0.95258,0.95285,5.63,1.20
2014.01.07 06:20:42.892,0.95258,0.95283,5.63,1.00
2014.01.07 06:20:43.970,0.95262,0.95283,3.08,1.00
2014.01.07 06:20:44.312,0.95266,0.95289,2.33,1.08
2014.01.07 06:20:44.413,0.95267,0.95292,1.15,1.18
2014.01.07 06:20:54.844,0.95267,0.95293,1.15,1.53
2014.01.07 06:20:55.389,0.95266,0.95293,3.83,1.38
2014.01.07 06:20:55.903,0.95266,0.95293,3.83,1.38
2014.01.07 06:20:58.376,0.95266,0.95278,3.08,1.00
2014.01.07 06:20:58.477,0.9526,0.95278,1.53,1.00
2014.01.07 06:20:59.071,0.9526,0.95278,1.65,1.00
2014.01.07 06:20:59.966,0.95262,0.95283,1.15,1.08
2014.01.07 06:21:00.218,0.95263,0.95283,2.70,1.00
2014.01.07 06:21:00.369,0.95264,0.95289,2.70,1.18
2014.01.07 06:21:00.421,0.95269,0.95289,1.15,1.08
2014.01.07 06:21:01.159,0.95268,0.95289,3.08,1.00
2014.01.07 06:21:07.190,0.95265,0.95289,2.70,1.10
2014.01.07 06:21:22.283,0.95262,0.95289,1.90,1.15
2014.01.07 06:21:36.343,0.95271,0.95289,1.00,1.15
2014.01.07 06:21:36.596,0.95271,0.95289,1.08,1.00
2014.01.07 06:21:38.292,0.95271,0.95289,1.38,1.08
2014.01.07 06:21:39.958,0.95267,0.95289,1.28,1.18
2014.01.07 06:21:40.059,0.95267,0.95288,1.00,6.25
2014.01.07 06:21:40.311,0.95259,0.95288,2.03,6.25
2014.01.07 06:21:40.462,0.95257,0.95285,1.55,3.83
2014.01.07 06:21:40.663,0.95257,0.95285,1.28,6.76
2014.01.07 06:21:41.107,0.95257,0.95281,1.20,4.08
2014.01.07 06:21:41.158,0.95257,0.9528,1.13,3.33
2014.01.07 06:21:41.634,0.95257,0.95282,1.08,2.33
2014.01.07 06:21:42.545,0.95257,0.95282,1.08,6.01
2014.01.07 06:21:42.596,0.95257,0.95281,1.00,5.26
2014.01.07 06:21:42.697,0.95251,0.95277,1.55,5.26
2014.01.07 06:21:43.393,0.95257,0.95277,1.00,5.26
2014.01.07 06:21:44.393,0.95251,0.95277,1.18,5.63
2014.01.07 06:21:46.597,0.95257,0.95277,1.00,4.51
2014.01.07 06:21:46.697,0.95257,0.95278,1.00,1.15
2014.01.07 06:21:46.748,0.95257,0.95278,1.00,3.83
2014.01.07 06:21:46.799,0.95251,0.95278,1.13,6.00
2014.01.07 06:21:50.754,0.95256,0.95276,1.00,5.50
2014.01.07 06:21:51.484,0.95256,0.95276,1.00,1.15
2014.01.07 06:21:52.888,0.95251,0.95278,1.15,1.15
2014.01.07 06:22:00.645,0.95256,0.95278,1.00,1.15
2014.01.07 06:22:00.797,0.95256,0.95279,1.15,1.28
2014.01.07 06:22:27.543,0.95252,0.95278,2.03,1.00
2014.01.07 06:22:27.759,0.95252,0.95277,1.95,3.36
2014.01.07 06:22:28.062,0.95251,0.95275,1.38,5.25
2014.01.07 06:22:28.222,0.95251,0.95274,1.00,3.83
2014.01.07 06:22:28.658,0.95247,0.95273,1.18,1.10
2014.01.07 06:22:28.843,0.95247,0.9527,1.00,4.08
2014.01.07 06:22:28.944,0.95247,0.9527,1.15,1.10
2014.01.07 06:22:30.036,0.95248,0.9527,2.70,1.00
2014.01.07 06:22:30.087,0.95252,0.95273,1.15,1.65
2014.01.07 06:22:30.495,0.95253,0.95277,2.33,1.00
2014.01.07 06:22:30.596,0.95252,0.95277,2.03,1.18
2014.01.07 06:22:30.797,0.95257,0.95278,1.15,1.00
2014.01.07 06:22:31.099,0.95252,0.95278,1.53,1.15
2014.01.07 06:22:38.675,0.95251,0.95277,2.70,2.28
2014.01.07 06:22:41.403,0.95251,0.95277,3.83,1.53
2014.01.07 06:22:50.004,0.95254,0.95279,2.33,1.15
2014.01.07 06:22:50.055,0.95254,0.95279,2.33,1.08
2014.01.07 06:22:50.224,0.95256,0.95279,2.33,1.00
2014.01.07 06:22:50.433,0.95257,0.95282,1.15,1.10
2014.01.07 06:22:53.282,0.95257,0.95283,1.15,1.65
2014.01.07 06:22:53.333,0.95257,0.95283,1.15,1.65
2014.01.07 06:23:13.816,0.95257,0.95283,1.15,2.68
2014.01.07 06:23:14.340,0.95257,0.95283,1.15,2.70
2014.01.07 06:23:18.334,0.95256,0.95283,1.65,2.28
2014.01.07 06:23:18.950,0.95256,0.95281,1.15,2.28
2014.01.07 06:23:20.422,0.95253,0.95278,2.33,1.00
2014.01.07 06:23:21.852,0.95257,0.95278,1.15,1.18
2014.01.07 06:23:25.153,0.95253,0.95278,2.33,1.00
2014.01.07 06:23:25.483,0.95257,0.95278,1.15,1.28
2014.01.07 06:23:26.142,0.95253,0.95278,2.33,2.28
2014.01.07 06:23:27.352,0.95257,0.95278,1.15,2.03
2014.01.07 06:23:30.214,0.95253,0.95278,2.33,2.28
2014.01.07 06:23:36.147,0.95257,0.95278,1.15,1.08
2014.01.07 06:23:36.706,0.95257,0.95278,1.15,1.00
2014.01.07 06:24:01.112,0.95261,0.95284,1.20,2.03
2014.01.07 06:24:15.749,0.95261,0.95284,1.18,1.45
2014.01.07 06:24:15.800,0.95261,0.95284,1.15,1.38
2014.01.07 06:24:17.789,0.95261,0.95284,1.15,1.13
2014.01.07 06:24:20.604,0.95261,0.95284,1.15,1.38
2014.01.07 06:24:26.711,0.95261,0.95284,1.15,1.13
2014.01.07 06:24:28.001,0.95261,0.95284,1.15,1.38
2014.01.07 06:24:29.550,0.95261,0.95284,1.15,1.13
2014.01.07 06:24:33.838,0.95261,0.95284,1.20,1.28
2014.01.07 06:24:41.366,0.95261,0.95284,1.08,2.03
2014.01.07 06:24:41.688,0.95261,0.95284,1.10,2.78
2014.01.07 06:24:52.992,0.95257,0.95283,1.53,1.00
2014.01.07 06:25:01.618,0.95257,0.95281,1.18,4.46
2014.01.07 06:25:01.823,0.95257,0.95281,1.10,4.45
2014.01.07 06:25:02.125,0.95257,0.95281,1.18,4.46
2014.01.07 06:25:02.176,0.95261,0.95281,1.00,1.00
2014.01.07 06:25:16.351,0.95261,0.95284,1.00,2.40
2014.01.07 06:25:16.452,0.95261,0.95284,1.15,1.65
2014.01.07 06:25:16.755,0.95261,0.95284,1.00,3.08
2014.01.07 06:25:34.093,0.95261,0.95284,1.08,3.45
2014.01.07 06:25:34.194,0.95261,0.95284,1.15,1.18
2014.01.07 06:25:34.560,0.95266,0.95287,1.00,2.40
2014.01.07 06:25:38.911,0.95266,0.95289,1.18,2.40
2014.01.07 06:25:41.220,0.95266,0.95289,1.18,2.40
2014.01.07 06:25:52.504,0.95266,0.95289,1.55,2.03
2014.01.07 06:25:53.686,0.95266,0.95289,1.55,2.03
2014.01.07 06:25:54.227,0.95266,0.95289,1.55,2.03
2014.01.07 06:25:55.498,0.95266,0.95289,1.55,1.53
2014.01.07 06:25:56.228,0.95266,0.95289,1.55,1.65
2014.01.07 06:26:00.591,0.95266,0.95289,1.38,2.03
2014.01.07 06:26:01.188,0.95267,0.95287,1.00,6.63
2014.01.07 06:26:02.241,0.95267,0.95287,1.00,6.63
2014.01.07 06:26:02.549,0.95267,0.95287,1.13,5.88
2014.01.07 06:26:03.427,0.95261,0.95287,1.58,6.63
2014.01.07 06:26:04.612,0.95261,0.95287,1.58,5.88
2014.01.07 06:26:04.713,0.95261,0.95283,1.38,3.33
2014.01.07 06:26:05.217,0.95266,0.95283,1.13,2.70
2014.01.07 06:26:05.740,0.95266,0.95285,1.13,1.53
2014.01.07 06:26:06.648,0.95266,0.95285,1.00,1.15
2014.01.07 06:26:06.750,0.95266,0.95285,1.00,1.53
2014.01.07 06:26:06.901,0.95266,0.95285,1.00,1.15
2014.01.07 06:26:07.002,0.95266,0.95285,1.00,1.53
2014.01.07 06:26:07.563,0.95261,0.95285,1.48,1.53
2014.01.07 06:26:08.774,0.95261,0.95285,1.48,1.15
2014.01.07 06:26:09.331,0.95261,0.95285,1.48,1.53
2014.01.07 06:26:10.297,0.95261,0.95282,1.48,2.28
2014.01.07 06:26:10.829,0.95262,0.95284,1.38,3.83
2014.01.07 06:26:11.380,0.95262,0.95284,1.38,4.83
2014.01.07 06:26:12.448,0.95262,0.95284,1.38,3.83
2014.01.07 06:26:14.960,0.95262,0.95284,1.38,7.51
2014.01.07 06:26:15.112,0.95262,0.95284,1.38,1.90
2014.01.07 06:26:15.616,0.95261,0.95284,1.58,1.90
2014.01.07 06:26:18.144,0.95261,0.95284,1.58,1.90
2014.01.07 06:26:19.688,0.95261,0.95284,1.58,1.90
2014.01.07 06:26:20.620,0.95267,0.95284,1.00,1.90
2014.01.07 06:26:21.302,0.95267,0.95287,1.00,4.88
2014.01.07 06:26:21.441,0.95262,0.95287,1.38,6.00
2014.01.07 06:26:24.047,0.95262,0.95287,1.38,4.88
2014.01.07 06:26:24.310,0.95262,0.95283,1.38,5.33
2014.01.07 06:26:24.630,0.95261,0.95282,1.38,3.16
2014.01.07 06:26:29.918,0.95261,0.95282,1.38,5.58
2014.01.07 06:26:30.597,0.95261,0.95281,1.38,3.71
2014.01.07 06:26:32.870,0.95261,0.95281,1.38,3.71
2014.01.07 06:26:35.705,0.95261,0.95281,1.38,4.46
2014.01.07 06:26:36.037,0.95261,0.9528,1.00,3.53
2014.01.07 06:26:36.617,0.95261,0.9528,1.00,3.53
2014.01.07 06:26:38.048,0.95261,0.9528,1.00,3.53
2014.01.07 06:26:42.260,0.95256,0.95275,1.38,2.96
2014.01.07 06:26:48.000,0.95256,0.95275,1.38,2.03
2014.01.07 06:26:48.101,0.95256,0.95275,1.38,3.03
2014.01.07 06:26:48.434,0.95257,0.95274,1.13,4.58
2014.01.07 06:26:48.485,0.95247,0.95268,1.00,1.00
2014.01.07 06:26:48.687,0.95251,0.9527,1.00,3.08
2014.01.07 06:26:48.838,0.95251,0.95271,1.00,2.03
2014.01.07 06:26:48.942,0.95251,0.95271,1.00,2.40
2014.01.07 06:26:49.405,0.95251,0.9527,1.00,4.83
2014.01.07 06:26:50.607,0.95251,0.9527,1.00,1.28
2014.01.07 06:26:50.708,0.95251,0.9527,1.00,1.28
2014.01.07 06:26:51.669,0.95252,0.9527,1.00,2.70
2014.01.07 06:26:52.418,0.95252,0.9527,1.00,2.71
2014.01.07 06:26:55.809,0.95246,0.9527,1.15,1.53
2014.01.07 06:26:55.990,0.95246,0.95268,1.18,2.65
2014.01.07 06:26:56.040,0.95246,0.95267,1.10,3.91
2014.01.07 06:26:56.091,0.95246,0.95266,1.00,4.21
2014.01.07 06:26:57.700,0.95246,0.95266,1.00,5.33
2014.01.07 06:26:57.750,0.95246,0.95266,1.00,3.15
2014.01.07 06:26:57.801,0.95246,0.95266,1.00,5.03
2014.01.07 06:26:58.119,0.95246,0.95265,1.00,6.38
2014.01.07 06:26:59.710,0.95242,0.95263,1.00,1.00
2014.01.07 06:26:59.862,0.95242,0.9526,1.00,3.33
2014.01.07 06:27:00.013,0.95246,0.95264,1.00,1.65
2014.01.07 06:27:05.459,0.95242,0.95264,1.53,1.00
2014.01.07 06:27:06.559,0.95247,0.95268,1.00,1.15
2014.01.07 06:27:07.329,0.95247,0.95268,1.00,1.00
2014.01.07 06:27:09.323,0.95247,0.95268,1.00,3.83
2014.01.07 06:27:11.873,0.95247,0.95268,1.00,1.53
2014.01.07 06:27:16.961,0.95247,0.95268,1.15,1.10
2014.01.07 06:27:19.090,0.95247,0.95268,1.18,1.08
2014.01.07 06:27:19.510,0.95247,0.95268,1.00,4.20
2014.01.07 06:27:21.850,0.95241,0.95268,1.53,6.63
2014.01.07 06:27:22.399,0.95241,0.95268,1.53,5.88
2014.01.07 06:27:22.924,0.95241,0.95268,1.53,5.88
2014.01.07 06:27:25.048,0.95241,0.95268,1.53,5.88
2014.01.07 06:27:25.149,0.95247,0.95268,1.00,5.63
2014.01.07 06:27:27.473,0.95247,0.95268,1.00,5.63
2014.01.07 06:27:31.528,0.95241,0.95268,1.53,6.26
2014.01.07 06:27:32.062,0.95241,0.95268,1.53,6.63
2014.01.07 06:27:33.458,0.95241,0.95268,1.53,6.63
2014.01.07 06:27:34.467,0.95241,0.95268,1.53,7.38
2014.01.07 06:27:35.618,0.95241,0.95268,1.15,7.38
2014.01.07 06:27:37.840,0.95241,0.95263,1.08,4.95
2014.01.07 06:27:38.142,0.95237,0.95261,1.10,5.71
2014.01.07 06:27:38.709,0.95237,0.95259,1.00,7.88
2014.01.07 06:27:41.476,0.95237,0.95259,1.00,1.15
2014.01.07 06:27:41.577,0.95237,0.95259,1.15,1.00
2014.01.07 06:27:41.891,0.95242,0.95265,1.20,2.40
2014.01.07 06:27:41.941,0.95242,0.95267,1.20,2.03
2014.01.07 06:27:42.954,0.95242,0.95267,1.20,1.90
2014.01.07 06:27:45.273,0.95242,0.95267,1.20,2.40
2014.01.07 06:27:46.289,0.95242,0.95267,1.20,1.90
2014.01.07 06:27:49.260,0.95242,0.95267,1.20,2.70
2014.01.07 06:27:50.359,0.95242,0.95267,1.20,1.90
2014.01.07 06:27:50.980,0.95242,0.95267,1.20,4.15
2014.01.07 06:27:51.295,0.95241,0.95266,1.08,6.83
2014.01.07 06:27:52.201,0.95241,0.95265,1.00,6.76
2014.01.07 06:27:52.303,0.95241,0.95265,1.53,1.55
2014.01.07 06:27:52.504,0.95242,0.95265,2.70,1.10
2014.01.07 06:27:52.884,0.95246,0.95269,1.15,1.15
2014.01.07 06:27:57.654,0.95246,0.95269,2.40,1.15
2014.01.07 06:27:57.755,0.95246,0.95269,4.58,1.00
2014.01.07 06:27:57.805,0.95252,0.95273,1.10,1.28
2014.01.07 06:27:57.956,0.95252,0.95273,1.00,1.18
2014.01.07 06:27:58.108,0.95252,0.95273,1.08,1.18
2014.01.07 06:28:05.798,0.95252,0.95273,1.08,1.00
2014.01.07 06:28:06.103,0.95252,0.95273,1.15,1.00
2014.01.07 06:28:06.256,0.95252,0.95273,1.00,1.00
2014.01.07 06:28:06.787,0.95246,0.95273,4.05,1.00
2014.01.07 06:28:11.582,0.95246,0.95273,2.40,1.00
2014.01.07 06:28:12.108,0.95247,0.95273,1.08,1.00
2014.01.07 06:28:12.323,0.95247,0.95272,1.08,3.33
2014.01.07 06:28:16.480,0.95247,0.95272,1.15,1.00
2014.01.07 06:28:18.150,0.95256,0.95274,1.00,1.15
2014.01.07 06:28:18.251,0.95256,0.95274,1.00,1.08
2014.01.07 06:28:28.421,0.95256,0.95274,1.00,1.45
2014.01.07 06:28:29.330,0.95256,0.95274,1.00,1.45
2014.01.07 06:28:34.277,0.95256,0.95274,1.00,1.45
2014.01.07 06:28:37.927,0.95256,0.95278,1.00,1.53
2014.01.07 06:28:38.168,0.95261,0.95278,1.00,1.53
2014.01.07 06:28:38.218,0.95261,0.95278,1.00,1.50
2014.01.07 06:28:38.319,0.95261,0.95278,1.00,1.53
2014.01.07 06:28:38.370,0.95251,0.95278,2.03,2.33
2014.01.07 06:28:39.700,0.95251,0.95278,1.15,4.21
2014.01.07 06:28:40.494,0.95252,0.95278,1.15,3.46
2014.01.07 06:28:40.818,0.95252,0.95277,2.33,2.58
2014.01.07 06:28:40.869,0.95251,0.95277,1.15,2.65
2014.01.07 06:28:43.118,0.95257,0.95277,1.00,1.65
2014.01.07 06:28:46.077,0.95251,0.95277,1.15,2.41
2014.01.07 06:28:49.967,0.95251,0.95276,1.08,5.33
2014.01.07 06:28:50.809,0.95251,0.95276,1.00,7.50
2014.01.07 06:28:57.396,0.95246,0.95274,1.53,4.83
2014.01.07 06:28:57.496,0.95246,0.95271,1.38,6.63
2014.01.07 06:28:58.073,0.95246,0.9527,1.00,3.15
2014.01.07 06:29:00.924,0.95252,0.9527,1.00,1.15
2014.01.07 06:29:00.974,0.95252,0.95273,1.00,1.65
2014.01.07 06:29:05.405,0.95251,0.95273,1.00,1.15
2014.01.07 06:29:13.307,0.95257,0.95274,1.00,4.50
2014.01.07 06:29:14.729,0.95257,0.95276,1.00,1.53
2014.01.07 06:29:24.655,0.95252,0.95276,1.20,1.53
2014.01.07 06:29:26.415,0.95252,0.95274,1.10,4.45
2014.01.07 06:29:26.651,0.95246,0.95271,1.00,5.50
2014.01.07 06:29:26.806,0.95246,0.95271,1.00,6.76
2014.01.07 06:29:27.117,0.95246,0.95269,1.00,6.01
2014.01.07 06:29:27.672,0.95247,0.95269,1.00,6.01
2014.01.07 06:29:28.105,0.95247,0.95269,1.00,2.65
2014.01.07 06:29:30.710,0.95247,0.95269,1.00,5.71
2014.01.07 06:29:33.862,0.95247,0.95269,1.00,1.15
2014.01.07 06:29:33.964,0.95247,0.95269,1.08,1.18
2014.01.07 06:29:34.116,0.95247,0.95269,1.15,1.10
2014.01.07 06:29:34.217,0.95251,0.95274,1.08,4.20
2014.01.07 06:29:34.268,0.95251,0.95274,1.15,1.53
2014.01.07 06:29:37.542,0.95257,0.95277,1.00,1.15
2014.01.07 06:29:38.332,0.95257,0.95278,1.10,1.65
2014.01.07 06:29:39.410,0.95261,0.95282,1.15,1.28
2014.01.07 06:29:39.625,0.95261,0.95284,1.53,1.08
2014.01.07 06:29:41.081,0.95261,0.95284,1.20,3.00
2014.01.07 06:29:41.182,0.95261,0.95284,1.00,3.08
2014.01.07 06:29:44.576,0.95258,0.95284,1.18,3.33
2014.01.07 06:29:45.887,0.95261,0.95284,1.00,3.45
2014.01.07 06:29:45.988,0.95261,0.95284,1.18,1.28
2014.01.07 06:29:46.311,0.95257,0.95283,3.83,1.00
2014.01.07 06:29:50.453,0.95257,0.95283,3.45,1.38
2014.01.07 06:29:50.554,0.95257,0.95283,1.65,3.06
2014.01.07 06:29:50.656,0.95257,0.95281,1.20,4.21
2014.01.07 06:29:50.757,0.95257,0.95279,1.00,6.38
2014.01.07 06:29:53.199,0.95257,0.95278,1.00,4.21
2014.01.07 06:29:53.401,0.95257,0.95277,1.00,4.46
2014.01.07 06:29:55.546,0.95252,0.95276,1.18,2.65
2014.01.07 06:29:56.202,0.95251,0.95276,1.28,1.15
2014.01.07 06:29:58.454,0.95248,0.95276,2.63,3.08
2014.01.07 06:29:58.505,0.95247,0.95272,2.18,5.26
2014.01.07 06:29:58.556,0.95248,0.95272,2.63,2.25
2014.01.07 06:29:58.606,0.95249,0.95272,2.33,1.00
2014.01.07 06:29:58.708,0.95247,0.95276,1.53,1.15
2014.01.07 06:29:59.212,0.95244,0.95276,2.70,4.83
2014.01.07 06:29:59.457,0.95243,0.95273,2.70,4.95
2014.01.07 06:29:59.507,0.95242,0.95272,1.53,6.01
2014.01.07 06:30:00.327,0.95242,0.95272,1.53,5.26
2014.01.07 06:30:00.594,0.95246,0.95273,1.15,1.65
2014.01.07 06:30:00.770,0.95245,0.95273,2.33,3.33
2014.01.07 06:30:01.452,0.95244,0.95273,2.70,3.36
2014.01.07 06:30:04.126,0.95252,0.95273,1.00,2.33
2014.01.07 06:30:04.579,0.95246,0.95273,1.15,2.33
2014.01.07 06:30:05.776,0.95246,0.95272,1.08,4.51
2014.01.07 06:30:05.827,0.95246,0.95272,1.00,4.50
2014.01.07 06:30:05.928,0.95246,0.95272,1.15,2.33
2014.01.07 06:30:06.248,0.95242,0.95268,5.63,1.00
2014.01.07 06:30:15.103,0.95242,0.95268,1.28,1.00
2014.01.07 06:30:19.663,0.95242,0.95266,1.20,3.33
2014.01.07 06:30:19.884,0.95237,0.95263,3.83,3.33
2014.01.07 06:30:20.091,0.95237,0.9526,1.58,4.08
2014.01.07 06:30:20.297,0.95241,0.9526,1.00,5.25
2014.01.07 06:30:20.866,0.95241,0.9526,1.00,2.33
2014.01.07 06:30:20.969,0.95241,0.95262,1.00,3.45
2014.01.07 06:30:21.070,0.95241,0.95262,1.00,3.46
2014.01.07 06:30:21.221,0.95241,0.95262,1.00,1.28
2014.01.07 06:30:22.162,0.95241,0.95262,1.08,1.28
2014.01.07 06:30:22.212,0.95241,0.95262,1.15,1.20
2014.01.07 06:30:24.366,0.95241,0.95262,1.08,2.25
2014.01.07 06:30:25.845,0.95241,0.95262,1.00,2.70
2014.01.07 06:30:34.605,0.95241,0.95263,1.00,1.53
2014.01.07 06:30:36.946,0.95241,0.95263,1.38,1.28
2014.01.07 06:30:42.665,0.95241,0.95263,1.00,1.28
2014.01.07 06:30:48.147,0.95241,0.95264,1.08,2.03
2014.01.07 06:30:48.449,0.95243,0.95264,2.33,1.00
2014.01.07 06:30:48.550,0.95242,0.95264,1.10,3.08
2014.01.07 06:30:48.701,0.95241,0.95264,3.45,3.00
2014.01.07 06:30:48.802,0.95242,0.95264,2.33,1.00
2014.01.07 06:30:51.494,0.95241,0.95264,3.45,1.10
2014.01.07 06:30:53.099,0.95241,0.95264,1.53,1.10
2014.01.07 06:30:57.990,0.95242,0.95264,2.70,1.10
2014.01.07 06:30:58.666,0.95243,0.95264,2.33,1.00
2014.01.07 06:31:08.693,0.95241,0.95264,5.25,1.00
2014.01.07 06:31:08.794,0.95241,0.95264,3.08,1.08
2014.01.07 06:31:08.846,0.95241,0.95264,1.10,1.53
2014.01.07 06:31:09.455,0.95237,0.95263,3.45,1.00
2014.01.07 06:31:10.135,0.95241,0.95264,1.10,1.28
2014.01.07 06:31:10.537,0.95241,0.95264,1.15,1.00
2014.01.07 06:31:10.969,0.95241,0.95264,1.18,3.08
2014.01.07 06:31:13.443,0.95241,0.95264,1.65,3.08
2014.01.07 06:31:13.494,0.95241,0.95264,1.65,1.15
2014.01.07 06:31:13.595,0.95244,0.95264,1.28,1.00
2014.01.07 06:31:15.836,0.95243,0.95264,3.45,1.00
2014.01.07 06:31:15.988,0.95238,0.95264,3.30,3.33
2014.01.07 06:31:16.089,0.95241,0.95266,1.53,3.83
2014.01.07 06:31:16.341,0.95241,0.95267,3.08,2.33
2014.01.07 06:31:16.542,0.9524,0.95266,1.18,3.36
2014.01.07 06:31:16.593,0.9524,0.95266,1.15,3.36
2014.01.07 06:31:17.219,0.9524,0.95266,5.25,3.26
2014.01.07 06:31:17.421,0.95243,0.95268,4.50,1.15
2014.01.07 06:31:17.786,0.95247,0.95269,2.33,1.08
2014.01.07 06:31:17.836,0.95248,0.95269,2.33,1.00
2014.01.07 06:31:17.937,0.95246,0.95269,1.65,1.18
2014.01.07 06:31:23.361,0.95246,0.95269,1.45,3.08
2014.01.07 06:31:25.845,0.95251,0.95269,1.00,3.08
2014.01.07 06:31:25.946,0.95251,0.95269,1.00,1.15
2014.01.07 06:31:26.098,0.95256,0.95274,1.00,2.70
2014.01.07 06:31:26.299,0.95256,0.95276,1.00,4.50
2014.01.07 06:31:26.400,0.95251,0.95274,1.65,1.00
2014.01.07 06:31:26.716,0.95251,0.95274,1.48,1.00
2014.01.07 06:31:26.820,0.95251,0.95274,1.48,1.00
2014.01.07 06:31:27.055,0.95257,0.95274,1.00,1.15
2014.01.07 06:31:28.975,0.95257,0.95274,1.00,1.15
2014.01.07 06:31:29.195,0.95256,0.95277,1.00,1.15
2014.01.07 06:31:29.750,0.95256,0.95279,1.13,5.25
2014.01.07 06:31:34.218,0.95252,0.95278,1.15,1.00
2014.01.07 06:31:34.768,0.95252,0.95276,1.08,3.70
2014.01.07 06:31:38.730,0.95252,0.95276,3.08,1.00
2014.01.07 06:31:40.495,0.95257,0.95278,1.00,3.45
2014.01.07 06:31:40.915,0.95251,0.95278,1.28,4.48
2014.01.07 06:31:41.574,0.95257,0.95278,1.00,4.20
2014.01.07 06:31:41.676,0.95257,0.95278,1.00,1.28
2014.01.07 06:31:41.827,0.95252,0.95278,1.15,1.00
2014.01.07 06:31:42.585,0.95252,0.95278,1.15,1.38
2014.01.07 06:31:42.787,0.95245,0.95268,1.15,1.00
2014.01.07 06:31:42.888,0.95242,0.95267,1.28,3.35
2014.01.07 06:31:42.939,0.95252,0.95267,1.00,2.33
2014.01.07 06:31:42.990,0.95252,0.95269,1.00,4.50
2014.01.07 06:31:43.141,0.95246,0.95269,1.15,1.15
2014.01.07 06:31:48.625,0.95241,0.95269,5.25,1.00
2014.01.07 06:31:49.473,0.95241,0.95267,5.25,4.08
2014.01.07 06:32:06.655,0.95247,0.95267,1.00,3.08
2014.01.07 06:32:17.324,0.95241,0.95267,1.15,4.58
2014.01.07 06:32:17.874,0.95247,0.95267,1.00,5.58
2014.01.07 06:32:18.443,0.95247,0.95267,1.00,3.08
2014.01.07 06:32:19.855,0.95241,0.95267,1.15,3.83
2014.01.07 06:32:29.840,0.95241,0.95266,1.15,3.73
2014.01.07 06:32:31.637,0.95242,0.95266,2.33,1.18
2014.01.07 06:32:31.965,0.95244,0.95266,2.33,1.00
2014.01.07 06:32:48.556,0.95244,0.95264,2.70,1.00
2014.01.07 06:32:48.859,0.95242,0.95264,4.88,1.00
2014.01.07 06:32:49.188,0.95238,0.95264,5.63,1.00
2014.01.07 06:32:51.073,0.95241,0.95264,1.15,1.28
2014.01.07 06:33:03.843,0.95241,0.95264,1.28,1.45
2014.01.07 06:33:04.145,0.95242,0.95264,3.08,1.00
2014.01.07 06:33:08.284,0.95241,0.95264,1.15,1.38
2014.01.07 06:33:08.564,0.95242,0.95264,3.08,1.00
2014.01.07 06:33:09.033,0.95241,0.95264,2.03,1.28
2014.01.07 06:33:09.765,0.95242,0.95264,3.08,1.20
2014.01.07 06:33:10.067,0.95249,0.95264,2.33,1.00
2014.01.07 06:33:10.323,0.95251,0.95269,1.15,1.00
2014.01.07 06:33:10.474,0.95251,0.95269,3.08,1.00
2014.01.07 06:33:10.891,0.95251,0.95269,1.15,1.00
2014.01.07 06:33:13.450,0.95251,0.95269,3.08,1.00
2014.01.07 06:33:15.179,0.95251,0.95269,1.15,1.00
2014.01.07 06:33:15.814,0.95257,0.95273,1.00,1.20
2014.01.07 06:33:19.663,0.95252,0.95273,1.15,1.00
2014.01.07 06:33:20.223,0.95252,0.95273,1.00,1.00
2014.01.07 06:33:25.185,0.95252,0.95273,1.15,1.00
2014.01.07 06:33:33.082,0.95256,0.95274,1.00,1.15
2014.01.07 06:33:38.472,0.95256,0.95274,1.00,3.45
2014.01.07 06:33:46.360,0.95256,0.95274,1.00,7.51
2014.01.07 06:33:48.702,0.95251,0.95272,1.00,3.33
2014.01.07 06:33:49.912,0.95257,0.95272,1.00,2.33
2014.01.07 06:33:50.574,0.95252,0.95272,1.00,2.33
2014.01.07 06:33:51.077,0.95252,0.95273,1.00,6.00
2014.01.07 06:33:51.128,0.95247,0.95273,1.15,6.00
2014.01.07 06:33:53.323,0.95251,0.95273,1.00,5.25
2014.01.07 06:33:53.640,0.95251,0.95273,1.00,5.63
2014.01.07 06:33:53.791,0.95251,0.95273,1.00,3.08
2014.01.07 06:33:54.313,0.95252,0.95273,1.00,3.08
2014.01.07 06:34:01.392,0.95251,0.95273,1.00,2.33
2014.01.07 06:34:04.336,0.95257,0.95273,1.00,3.08
2014.01.07 06:34:04.437,0.95257,0.95273,1.00,1.15
2014.01.07 06:34:04.537,0.95257,0.95276,1.00,1.53
2014.01.07 06:34:06.821,0.95257,0.95276,1.00,3.45
2014.01.07 06:34:26.831,0.95257,0.95277,1.00,5.63
2014.01.07 06:34:49.445,0.95257,0.95275,1.00,4.88
2014.01.07 06:34:55.264,0.95257,0.95275,1.00,2.70
2014.01.07 06:34:55.931,0.95257,0.95276,1.00,2.70
2014.01.07 06:34:57.780,0.95251,0.95276,1.18,2.70
2014.01.07 06:34:58.133,0.95251,0.95271,1.00,2.28
2014.01.07 06:34:58.436,0.95252,0.95269,1.00,4.51
2014.01.07 06:34:58.536,0.95252,0.9527,1.00,3.45
2014.01.07 06:34:58.637,0.95252,0.9527,1.00,5.25
2014.01.07 06:35:00.104,0.95252,0.95269,1.00,7.51
2014.01.07 06:35:02.723,0.95252,0.95269,1.00,6.75
2014.01.07 06:35:04.479,0.95252,0.95269,1.00,6.00
2014.01.07 06:35:05.449,0.95252,0.95268,1.00,5.63
2014.01.07 06:35:10.038,0.95252,0.95268,1.00,5.63
2014.01.07 06:35:10.651,0.95252,0.95268,1.00,5.63
2014.01.07 06:35:12.376,0.95252,0.95268,1.00,5.25
2014.01.07 06:35:15.032,0.95252,0.9527,1.00,1.58
2014.01.07 06:35:24.548,0.95252,0.95271,1.00,2.33
2014.01.07 06:35:25.181,0.95252,0.95273,1.00,1.28
2014.01.07 06:35:38.732,0.95252,0.95273,1.00,1.28
2014.01.07 06:35:38.943,0.95256,0.95276,1.00,3.45
2014.01.07 06:35:39.062,0.95256,0.95278,1.00,1.28
2014.01.07 06:35:39.681,0.95256,0.95279,1.20,1.15
2014.01.07 06:35:40.237,0.95256,0.95279,1.10,3.83
2014.01.07 06:35:43.499,0.95256,0.95279,1.10,6.25
2014.01.07 06:35:43.600,0.95256,0.95279,1.08,1.15
2014.01.07 06:35:53.800,0.95256,0.95279,1.00,1.15
2014.01.07 06:35:53.951,0.95256,0.95279,1.00,6.01
2014.01.07 06:35:54.780,0.95256,0.95279,1.10,3.08
2014.01.07 06:35:55.216,0.95256,0.95279,1.15,1.15
2014.01.07 06:35:57.830,0.95262,0.9528,1.00,1.28
2014.01.07 06:35:58.380,0.95256,0.9528,1.15,2.28
2014.01.07 06:36:04.322,0.95262,0.9528,1.00,1.28
2014.01.07 06:36:05.438,0.95262,0.95283,1.00,4.20
2014.01.07 06:36:13.356,0.95262,0.95283,1.00,6.38
2014.01.07 06:36:14.315,0.95262,0.95283,1.00,3.46
2014.01.07 06:36:18.819,0.95262,0.95283,1.10,1.53
2014.01.07 06:36:18.970,0.95262,0.95283,1.20,1.18
2014.01.07 06:36:26.637,0.95262,0.95283,1.20,1.55
2014.01.07 06:36:28.754,0.95262,0.95283,1.20,1.55
2014.01.07 06:36:33.580,0.95266,0.95284,1.00,1.53
2014.01.07 06:36:37.650,0.95262,0.95283,1.48,1.00
2014.01.07 06:36:38.840,0.95262,0.95283,1.10,1.00
2014.01.07 06:36:39.153,0.95262,0.95283,1.15,1.00
2014.01.07 06:36:42.190,0.9526,0.95283,2.33,1.00
2014.01.07 06:36:43.040,0.95259,0.95283,2.33,1.00
2014.01.07 06:36:43.091,0.95256,0.95283,3.08,1.00
2014.01.07 06:36:43.192,0.95256,0.95283,1.65,4.10
2014.01.07 06:36:44.098,0.95258,0.95283,2.25,1.00
2014.01.07 06:36:50.080,0.95261,0.95284,1.15,1.90
2014.01.07 06:36:50.231,0.95261,0.95284,1.15,1.58
2014.01.07 06:36:50.557,0.95262,0.95283,1.15,1.00
2014.01.07 06:36:50.661,0.95267,0.95283,1.00,1.18
2014.01.07 06:36:54.130,0.95261,0.95283,1.53,1.00
2014.01.07 06:36:54.180,0.95261,0.95283,1.28,1.00
2014.01.07 06:36:54.372,0.95266,0.95284,1.00,1.53
2014.01.07 06:37:03.810,0.95262,0.95284,1.18,1.55
2014.01.07 06:37:06.339,0.95266,0.95284,1.00,1.53
2014.01.07 06:37:06.890,0.95266,0.95284,1.00,1.53
2014.01.07 06:37:13.050,0.95261,0.95284,1.15,1.00
2014.01.07 06:37:17.924,0.95266,0.95284,1.00,1.55
2014.01.07 06:37:18.493,0.95266,0.95284,1.10,1.10
2014.01.07 06:37:18.695,0.9527,0.95288,1.00,2.33
2014.01.07 06:37:18.796,0.95271,0.95289,1.00,1.00
2014.01.07 06:37:21.998,0.95271,0.95289,1.00,1.08
2014.01.07 06:37:22.099,0.95267,0.95288,1.58,1.00
2014.01.07 06:37:22.402,0.95267,0.95285,1.00,3.33
2014.01.07 06:37:22.710,0.95261,0.95284,1.45,3.33
2014.01.07 06:37:23.250,0.95261,0.95284,1.13,5.50
2014.01.07 06:37:24.929,0.95261,0.95284,1.38,5.50
2014.01.07 06:37:26.359,0.95261,0.95284,1.00,5.50
2014.01.07 06:37:26.965,0.95261,0.95282,1.00,3.36
2014.01.07 06:37:34.754,0.95261,0.95282,1.00,4.58
2014.01.07 06:37:42.914,0.95261,0.95279,1.00,5.93
2014.01.07 06:37:42.965,0.95257,0.95274,1.00,7.00
2014.01.07 06:37:43.015,0.95257,0.95273,1.00,3.83
2014.01.07 06:37:44.933,0.95257,0.95273,1.00,1.65
2014.01.07 06:37:46.112,0.95251,0.95273,1.38,1.15
2014.01.07 06:37:48.630,0.95251,0.95273,1.13,1.15
2014.01.07 06:37:51.610,0.95257,0.95273,1.00,1.15
2014.01.07 06:37:54.082,0.95257,0.95273,1.00,3.08
2014.01.07 06:38:06.140,0.95252,0.95272,1.00,3.03
2014.01.07 06:38:06.191,0.95252,0.95271,1.00,7.13
2014.01.07 06:38:06.669,0.95252,0.95268,1.00,4.88
2014.01.07 06:38:07.266,0.95252,0.95268,1.00,6.38
2014.01.07 06:38:10.105,0.95246,0.95266,1.00,3.73
2014.01.07 06:38:18.205,0.95246,0.95266,1.00,3.08
2014.01.07 06:38:18.507,0.95252,0.95268,1.00,1.15
2014.01.07 06:38:18.810,0.95252,0.95267,1.00,4.51
2014.01.07 06:38:18.910,0.95252,0.95268,1.00,1.65
2014.01.07 06:38:19.011,0.95252,0.95268,1.00,1.10
2014.01.07 06:38:19.556,0.95252,0.95268,1.18,1.00
2014.01.07 06:38:19.902,0.95249,0.95268,2.70,1.00
2014.01.07 06:38:20.839,0.95248,0.95268,2.63,1.00
2014.01.07 06:38:20.940,0.95247,0.95268,1.58,1.00
2014.01.07 06:38:21.122,0.95252,0.95268,1.00,1.28
2014.01.07 06:38:21.564,0.95247,0.95268,1.15,1.00
2014.01.07 06:38:21.886,0.95251,0.95269,1.00,1.53
2014.01.07 06:38:22.144,0.95251,0.95269,1.00,1.55
2014.01.07 06:38:22.647,0.95251,0.95269,1.00,1.00
2014.01.07 06:38:23.123,0.95248,0.95268,1.15,1.00
2014.01.07 06:38:24.633,0.95247,0.95268,1.18,1.00
2014.01.07 06:38:24.753,0.95247,0.95268,1.10,1.00
2014.01.07 06:38:24.879,0.95251,0.95269,1.00,1.15
2014.01.07 06:38:25.232,0.95251,0.95269,1.00,3.83
2014.01.07 06:38:25.433,0.95246,0.95268,1.00,6.68
2014.01.07 06:38:25.638,0.95246,0.95267,1.00,4.21
2014.01.07 06:38:27.342,0.95246,0.95266,1.00,4.08
2014.01.07 06:38:27.938,0.95252,0.95266,1.00,2.33
2014.01.07 06:38:28.090,0.95252,0.95267,1.00,1.10
2014.01.07 06:38:28.200,0.95252,0.95267,1.00,1.15
2014.01.07 06:38:29.402,0.95252,0.95267,1.00,1.08
2014.01.07 06:38:29.503,0.95252,0.95268,1.00,1.10
2014.01.07 06:38:30.899,0.95246,0.95268,3.08,1.00
2014.01.07 06:38:30.950,0.95246,0.95268,1.18,1.00
2014.01.07 06:38:31.054,0.95246,0.95268,1.10,4.10
2014.01.07 06:38:31.155,0.95246,0.95266,1.00,5.26
2014.01.07 06:38:37.129,0.95252,0.95265,1.00,4.88
2014.01.07 06:38:38.563,0.95252,0.95265,1.00,1.65
2014.01.07 06:38:38.815,0.95252,0.95267,1.00,1.53
2014.01.07 06:38:42.149,0.95252,0.95267,1.00,2.33
2014.01.07 06:38:42.199,0.95247,0.95265,1.00,3.33
2014.01.07 06:38:42.351,0.95247,0.95263,1.00,3.83
2014.01.07 06:38:42.931,0.95246,0.95263,1.00,2.33
2014.01.07 06:38:46.417,0.95246,0.95265,1.00,5.25
2014.01.07 06:38:55.829,0.95247,0.95265,1.00,3.33
2014.01.07 06:38:55.931,0.95247,0.95264,1.00,5.26
2014.01.07 06:38:56.338,0.95247,0.95261,1.00,5.26
2014.01.07 06:38:56.939,0.95247,0.9526,1.00,5.63
2014.01.07 06:38:59.168,0.95241,0.9526,1.00,6.38
2014.01.07 06:38:59.911,0.95236,0.95258,1.00,4.48
2014.01.07 06:38:59.962,0.95236,0.95255,1.00,6.01
2014.01.07 06:39:00.265,0.95241,0.95255,1.00,4.51
2014.01.07 06:39:00.315,0.95241,0.95255,1.00,2.33
2014.01.07 06:39:00.366,0.95236,0.95255,1.00,1.15
2014.01.07 06:39:00.467,0.95236,0.95254,1.00,3.83
2014.01.07 06:39:00.741,0.95237,0.95254,1.00,3.45
2014.01.07 06:39:01.328,0.95241,0.95254,1.00,3.45
2014.01.07 06:39:01.378,0.95241,0.95254,1.00,1.28
2014.01.07 06:39:01.681,0.95237,0.95254,1.00,1.45
2014.01.07 06:39:04.431,0.95237,0.95254,1.00,1.48
2014.01.07 06:39:04.677,0.95242,0.95257,1.00,3.83
2014.01.07 06:39:05.344,0.95242,0.95257,1.00,2.70
2014.01.07 06:39:07.243,0.95242,0.95258,1.00,2.40
2014.01.07 06:39:07.379,0.95247,0.95258,1.00,1.53
2014.01.07 06:39:10.338,0.95247,0.95258,1.00,1.53
2014.01.07 06:39:10.388,0.95242,0.95258,1.00,2.03
2014.01.07 06:39:16.784,0.95247,0.95258,1.00,1.53
2014.01.07 06:39:17.129,0.95246,0.95258,1.00,3.45
2014.01.07 06:39:18.963,0.95247,0.95259,1.00,3.08
2014.01.07 06:39:19.355,0.95246,0.95258,1.00,4.88
2014.01.07 06:39:19.456,0.95242,0.95258,1.00,6.38
2014.01.07 06:39:19.659,0.95245,0.95258,1.00,6.38
2014.01.07 06:39:19.958,0.95246,0.95258,1.00,5.63
2014.01.07 06:39:21.068,0.95242,0.95258,1.00,5.63
2014.01.07 06:39:25.178,0.95236,0.95258,1.00,5.88
2014.01.07 06:39:25.279,0.95236,0.95255,1.00,4.51
2014.01.07 06:39:30.450,0.95236,0.95254,1.00,3.83
2014.01.07 06:39:30.804,0.95236,0.95254,1.00,6.00
2014.01.07 06:39:31.637,0.95237,0.95254,1.00,5.25
2014.01.07 06:39:31.766,0.95237,0.95254,1.00,1.15
2014.01.07 06:39:34.047,0.95242,0.95254,1.00,1.15
2014.01.07 06:39:34.648,0.95242,0.95256,1.00,2.33
2014.01.07 06:39:58.681,0.95242,0.95258,1.00,3.45
2014.01.07 06:39:59.503,0.95242,0.95258,1.00,1.28
2014.01.07 06:40:16.065,0.95242,0.95258,1.00,3.45
2014.01.07 06:40:16.433,0.95237,0.95252,1.00,4.51
2014.01.07 06:40:16.845,0.95231,0.9525,1.00,6.75
2014.01.07 06:40:17.607,0.95236,0.9525,1.00,5.88
2014.01.07 06:40:18.118,0.95236,0.95251,1.00,3.45
2014.01.07 06:40:19.838,0.95232,0.95251,1.00,1.00
2014.01.07 06:40:20.039,0.95232,0.95249,1.00,5.88
2014.01.07 06:40:40.919,0.95232,0.95249,1.00,5.63
2014.01.07 06:40:41.130,0.95232,0.95249,1.00,4.08
2014.01.07 06:40:42.536,0.95236,0.95249,1.00,2.70
2014.01.07 06:40:43.470,0.95236,0.95249,1.00,5.25
2014.01.07 06:40:43.661,0.95231,0.95249,1.00,5.63
2014.01.07 06:40:43.712,0.95231,0.95247,1.00,5.63
2014.01.07 06:41:02.454,0.95231,0.95247,1.00,6.38
2014.01.07 06:41:04.567,0.95227,0.95244,1.00,4.08
2014.01.07 06:41:08.749,0.95227,0.95244,1.00,1.53
2014.01.07 06:41:08.850,0.95232,0.95248,1.00,1.53
2014.01.07 06:41:08.901,0.95232,0.95248,1.00,1.53
2014.01.07 06:41:09.203,0.95232,0.95248,1.00,1.20
2014.01.07 06:41:09.404,0.95232,0.95253,1.10,1.90
2014.01.07 06:41:10.950,0.95232,0.95253,1.00,5.25
2014.01.07 06:41:13.682,0.95232,0.95253,1.00,6.01
2014.01.07 06:41:14.757,0.95232,0.95248,1.00,2.68
2014.01.07 06:41:15.059,0.95226,0.95244,1.00,6.76
2014.01.07 06:41:15.332,0.95222,0.95242,1.00,4.48
2014.01.07 06:41:15.657,0.95226,0.95242,1.00,3.45
2014.01.07 06:41:15.959,0.95226,0.9524,1.00,4.88
2014.01.07 06:41:16.481,0.95226,0.9524,1.00,4.88
2014.01.07 06:41:17.562,0.95226,0.95242,1.00,4.20
2014.01.07 06:41:17.663,0.95232,0.95243,1.00,1.53
2014.01.07 06:41:18.015,0.95235,0.95245,1.00,1.18
2014.01.07 06:41:18.568,0.95236,0.95245,1.00,1.10
2014.01.07 06:41:18.770,0.95236,0.95251,1.00,3.45
2014.01.07 06:41:18.837,0.95231,0.95251,1.00,3.45
2014.01.07 06:41:18.988,0.95231,0.9525,1.00,6.01
2014.01.07 06:41:19.330,0.95231,0.95252,1.00,4.88
2014.01.07 06:41:24.619,0.95231,0.95253,1.00,3.83
2014.01.07 06:41:25.260,0.95231,0.95253,1.00,6.01
2014.01.07 06:41:25.798,0.95231,0.95252,1.00,6.00
2014.01.07 06:41:26.796,0.95231,0.95252,1.00,5.25
2014.01.07 06:41:28.948,0.95231,0.95252,1.00,4.88
2014.01.07 06:41:30.168,0.95226,0.95251,1.20,6.63
2014.01.07 06:41:30.387,0.95232,0.95251,1.00,5.63
2014.01.07 06:41:38.515,0.95232,0.95251,1.00,6.75
2014.01.07 06:41:44.076,0.95232,0.9525,1.00,3.33
2014.01.07 06:41:44.396,0.95236,0.95252,1.00,2.33
2014.01.07 06:41:50.346,0.95231,0.95252,1.00,2.33
2014.01.07 06:41:50.497,0.95232,0.95252,1.00,5.26
2014.01.07 06:41:54.916,0.95236,0.95252,1.00,5.63
2014.01.07 06:41:58.136,0.95232,0.95252,1.00,5.63
2014.01.07 06:41:58.478,0.95232,0.95252,1.00,2.70
2014.01.07 06:41:59.675,0.95236,0.95252,1.00,2.33
2014.01.07 06:42:01.920,0.95231,0.95252,1.00,3.08
2014.01.07 06:42:11.356,0.95236,0.95252,1.00,4.88
2014.01.07 06:42:11.557,0.95236,0.95254,1.00,3.45
2014.01.07 06:42:11.759,0.95236,0.95254,1.00,1.15
2014.01.07 06:42:11.910,0.95241,0.9526,1.00,3.45
2014.01.07 06:42:12.263,0.95241,0.95262,1.00,3.45
2014.01.07 06:42:12.365,0.95236,0.95262,1.15,2.70
2014.01.07 06:42:12.466,0.95236,0.95261,1.10,4.88
2014.01.07 06:42:12.768,0.95237,0.95257,1.00,6.01
2014.01.07 06:42:13.316,0.95237,0.95254,1.00,5.26
2014.01.07 06:42:17.950,0.95237,0.95254,1.08,2.63
2014.01.07 06:42:18.051,0.95237,0.95258,1.15,1.85
2014.01.07 06:42:18.102,0.95244,0.95258,2.25,1.48
2014.01.07 06:42:18.304,0.95256,0.95273,1.00,2.33
2014.01.07 06:42:18.405,0.95252,0.95272,1.00,3.35
2014.01.07 06:42:18.607,0.95256,0.95272,1.00,2.33
2014.01.07 06:42:18.708,0.95256,0.95274,1.00,7.13
2014.01.07 06:42:21.865,0.95256,0.95274,1.00,5.26
2014.01.07 06:42:21.916,0.95252,0.95272,1.00,3.73
2014.01.07 06:42:23.545,0.95251,0.95274,1.20,1.65
2014.01.07 06:42:24.315,0.95251,0.95274,1.20,1.00
2014.01.07 06:42:24.617,0.95251,0.95271,1.00,6.63
2014.01.07 06:42:24.768,0.95251,0.95271,1.00,1.13
2014.01.07 06:42:26.439,0.95251,0.95271,1.00,5.50
2014.01.07 06:42:26.950,0.95251,0.95271,1.00,1.18
2014.01.07 06:42:36.652,0.95256,0.95272,1.00,2.70
2014.01.07 06:42:56.296,0.95251,0.95272,1.00,3.46
2014.01.07 06:43:00.455,0.95251,0.95272,1.00,6.01
2014.01.07 06:43:00.607,0.95243,0.9527,1.28,3.71
2014.01.07 06:43:00.658,0.95242,0.9527,2.33,4.08
2014.01.07 06:43:01.159,0.95247,0.9527,1.00,4.08
2014.01.07 06:43:01.462,0.95256,0.95272,1.00,3.08
2014.01.07 06:43:01.586,0.95244,0.95272,3.45,4.11
2014.01.07 06:43:06.324,0.95252,0.95272,1.00,3.08
2014.01.07 06:43:06.711,0.95252,0.95272,1.00,3.08
2014.01.07 06:43:10.875,0.95247,0.95268,1.18,1.38
2014.01.07 06:43:11.523,0.95247,0.95264,1.00,3.71
2014.01.07 06:43:12.229,0.95247,0.95264,1.00,1.08
2014.01.07 06:43:12.386,0.95252,0.95269,1.00,3.08
2014.01.07 06:43:12.538,0.95252,0.95271,1.00,3.08
2014.01.07 06:43:12.690,0.95252,0.95273,1.00,3.83
2014.01.07 06:43:16.144,0.95252,0.95273,1.00,3.83
2014.01.07 06:43:16.715,0.95257,0.95273,1.00,3.83
2014.01.07 06:43:16.916,0.95257,0.95273,1.00,1.95
2014.01.07 06:43:18.314,0.95251,0.95274,1.15,1.65
2014.01.07 06:43:18.365,0.95251,0.95274,1.15,1.65
2014.01.07 06:43:18.868,0.95251,0.95274,1.00,5.25
2014.01.07 06:43:23.420,0.95251,0.95274,1.00,5.25
2014.01.07 06:43:26.164,0.95257,0.95274,1.00,6.00
2014.01.07 06:43:27.595,0.95257,0.95274,1.08,3.38
2014.01.07 06:43:27.696,0.95262,0.95283,1.00,3.83
2014.01.07 06:43:27.746,0.95262,0.95281,1.00,4.88
2014.01.07 06:43:27.847,0.95262,0.95281,1.00,1.53
2014.01.07 06:43:27.898,0.9527,0.95281,1.00,1.53
2014.01.07 06:43:27.948,0.95271,0.95281,1.00,1.20
2014.01.07 06:43:28.105,0.95266,0.95281,1.00,1.20
2014.01.07 06:43:31.845,0.95271,0.95284,1.00,1.15
2014.01.07 06:43:32.904,0.95271,0.95285,1.00,6.00
2014.01.07 06:43:33.674,0.95271,0.95285,1.00,6.00
2014.01.07 06:43:35.930,0.95271,0.95287,1.00,2.33
2014.01.07 06:43:36.174,0.95267,0.95287,1.00,3.35
2014.01.07 06:43:36.375,0.95272,0.9529,1.00,4.50
2014.01.07 06:43:37.565,0.95271,0.9529,1.00,5.50
2014.01.07 06:43:37.899,0.95271,0.95289,1.00,5.26
2014.01.07 06:43:41.894,0.95272,0.95289,1.00,5.63
2014.01.07 06:43:42.146,0.95272,0.95291,1.00,2.33
2014.01.07 06:43:51.656,0.95276,0.95291,1.00,2.33
2014.01.07 06:43:51.757,0.95276,0.95293,1.00,2.70
2014.01.07 06:43:52.973,0.95276,0.95294,1.00,1.53
2014.01.07 06:43:55.173,0.95282,0.95295,1.00,2.33
2014.01.07 06:43:55.223,0.95282,0.95298,1.00,1.15
2014.01.07 06:43:55.426,0.95282,0.95302,1.00,2.70
2014.01.07 06:43:56.955,0.95282,0.953,1.00,6.25
2014.01.07 06:43:57.393,0.95282,0.95297,1.00,4.51
2014.01.07 06:43:57.793,0.95277,0.95296,1.00,3.36
2014.01.07 06:43:58.119,0.95277,0.95294,1.00,3.46
2014.01.07 06:43:58.495,0.95277,0.95293,1.00,3.46
2014.01.07 06:43:59.776,0.95272,0.95293,1.00,2.70
2014.01.07 06:44:03.744,0.95272,0.95292,1.00,4.20
2014.01.07 06:44:03.845,0.95262,0.95289,1.53,3.33
2014.01.07 06:44:03.896,0.95262,0.95288,1.55,5.26
2014.01.07 06:44:03.946,0.95262,0.95287,1.18,3.73
2014.01.07 06:44:03.997,0.95262,0.95287,1.00,6.38
2014.01.07 06:44:04.315,0.95266,0.95287,1.00,5.25
2014.01.07 06:44:06.394,0.95261,0.95286,1.00,6.38
2014.01.07 06:44:10.956,0.95261,0.95282,1.00,3.46
2014.01.07 06:44:15.064,0.9527,0.95282,1.00,3.46
2014.01.07 06:44:15.114,0.95271,0.95282,1.00,1.28
2014.01.07 06:44:15.424,0.95266,0.95282,1.00,4.51
2014.01.07 06:44:16.189,0.95266,0.95279,1.00,4.51
2014.01.07 06:44:16.391,0.95257,0.95277,1.00,5.63
2014.01.07 06:44:16.542,0.95257,0.95274,1.00,5.26
2014.01.07 06:44:17.860,0.95257,0.95276,1.10,1.20
2014.01.07 06:44:17.911,0.95258,0.95276,1.08,1.10
2014.01.07 06:44:18.233,0.95271,0.95287,1.00,3.08
2014.01.07 06:44:18.627,0.95276,0.95287,1.00,2.33
2014.01.07 06:44:18.779,0.95276,0.95289,1.00,1.15
2014.01.07 06:44:18.879,0.95272,0.95293,1.10,1.15
2014.01.07 06:44:22.324,0.95281,0.95294,1.00,2.70
2014.01.07 06:44:22.525,0.95281,0.95296,1.00,3.08
2014.01.07 06:44:23.173,0.95281,0.95297,1.00,3.08
2014.01.07 06:44:27.947,0.95277,0.95297,1.00,3.46
2014.01.07 06:44:27.998,0.95277,0.95297,1.00,5.63
2014.01.07 06:44:36.713,0.95277,0.95295,1.00,6.26
2014.01.07 06:44:36.865,0.95267,0.9529,1.00,4.45
2014.01.07 06:44:37.016,0.95267,0.95287,1.00,5.26
2014.01.07 06:44:37.448,0.95266,0.95288,1.00,4.50
2014.01.07 06:44:37.649,0.95262,0.95288,1.15,4.50
2014.01.07 06:44:38.009,0.95262,0.9529,1.15,2.33
2014.01.07 06:44:42.674,0.95262,0.95288,1.15,4.51
2014.01.07 06:44:43.265,0.95261,0.95287,1.18,5.63
2014.01.07 06:44:43.315,0.95261,0.95286,1.08,5.26
2014.01.07 06:44:43.617,0.95261,0.95283,1.00,4.51
2014.01.07 06:44:45.093,0.95257,0.95283,1.18,5.26
2014.01.07 06:44:46.302,0.95261,0.95283,1.00,4.88
2014.01.07 06:44:46.403,0.95261,0.95284,1.00,3.08
2014.01.07 06:44:46.559,0.95261,0.95284,1.00,5.26
2014.01.07 06:44:47.021,0.95262,0.95278,1.00,4.88
2014.01.07 06:44:47.122,0.95256,0.95278,1.00,4.88
2014.01.07 06:44:47.223,0.95256,0.95276,1.00,4.51
2014.01.07 06:44:47.562,0.95256,0.95272,1.00,5.26
2014.01.07 06:44:48.182,0.95263,0.95272,1.00,2.18
2014.01.07 06:44:48.233,0.95266,0.95275,1.00,1.00
2014.01.07 06:44:48.434,0.95256,0.95277,1.00,2.70
2014.01.07 06:44:48.686,0.95256,0.95277,1.00,2.70
2014.01.07 06:44:48.838,0.95257,0.95277,1.00,3.33
2014.01.07 06:44:48.939,0.95257,0.9528,1.00,5.25
2014.01.07 06:44:49.823,0.95262,0.9528,1.00,6.26
2014.01.07 06:44:55.133,0.95262,0.9528,1.00,6.01
2014.01.07 06:44:56.093,0.95267,0.9528,1.00,6.00
2014.01.07 06:44:56.244,0.95267,0.95281,1.00,2.70
2014.01.07 06:44:56.345,0.95262,0.95281,1.00,2.70
2014.01.07 06:44:56.497,0.95262,0.95279,1.00,3.35
2014.01.07 06:44:56.811,0.95262,0.95276,1.00,5.26
2014.01.07 06:44:56.912,0.95251,0.95274,1.00,5.26
2014.01.07 06:45:01.935,0.95251,0.95272,1.00,5.63
2014.01.07 06:45:03.384,0.95251,0.95271,1.00,4.88
2014.01.07 06:45:11.584,0.95257,0.95271,1.00,5.26
2014.01.07 06:45:12.392,0.95251,0.95271,1.00,6.01
2014.01.07 06:45:16.773,0.95251,0.95271,1.00,2.33
2014.01.07 06:45:16.824,0.95251,0.95273,1.00,4.50
2014.01.07 06:45:16.874,0.95257,0.95273,1.00,4.50
2014.01.07 06:45:17.026,0.95257,0.95276,1.00,5.25
2014.01.07 06:45:17.127,0.95257,0.95278,1.00,5.25
2014.01.07 06:45:17.312,0.95257,0.95278,1.00,5.26
2014.01.07 06:45:18.291,0.95257,0.95277,1.00,5.50
2014.01.07 06:45:20.165,0.95251,0.95277,1.08,5.26
2014.01.07 06:45:20.266,0.95251,0.95274,1.00,4.51
2014.01.07 06:45:20.776,0.95251,0.95273,1.00,5.63
2014.01.07 06:45:20.827,0.95251,0.95272,1.00,4.88
2014.01.07 06:45:25.343,0.95256,0.95272,1.00,4.88
2014.01.07 06:45:25.444,0.95256,0.95272,1.00,2.70
2014.01.07 06:45:25.495,0.95256,0.95273,1.00,1.53
2014.01.07 06:45:25.595,0.95251,0.95273,1.00,1.53
2014.01.07 06:45:25.747,0.95251,0.95273,1.00,2.33
2014.01.07 06:45:26.050,0.95257,0.95273,1.00,1.15
2014.01.07 06:45:28.493,0.95257,0.95275,1.00,2.70
2014.01.07 06:45:29.307,0.95257,0.95276,1.00,2.70
2014.01.07 06:45:31.822,0.9525,0.95276,2.70,3.46
2014.01.07 06:45:31.974,0.95247,0.95275,5.25,6.63
2014.01.07 06:45:32.074,0.95257,0.95274,1.00,4.88
2014.01.07 06:45:32.193,0.95257,0.95275,1.00,4.88
2014.01.07 06:45:38.649,0.95254,0.95275,1.00,5.63
2014.01.07 06:45:38.750,0.95254,0.95274,1.00,5.63
2014.01.07 06:45:38.992,0.95256,0.95276,1.00,1.53
2014.01.07 06:45:39.394,0.95257,0.95277,2.25,2.63
2014.01.07 06:45:39.445,0.95257,0.95279,2.33,1.48
2014.01.07 06:45:39.610,0.95256,0.95279,1.00,4.20
2014.01.07 06:45:43.812,0.95251,0.95279,1.28,6.38
2014.01.07 06:45:45.473,0.95251,0.95277,1.20,4.88
2014.01.07 06:45:45.524,0.95251,0.95276,1.13,4.88
2014.01.07 06:45:46.764,0.95251,0.95276,1.20,2.33
2014.01.07 06:45:46.815,0.95251,0.95277,1.53,5.63
2014.01.07 06:45:56.612,0.95257,0.95277,1.00,4.88
2014.01.07 06:45:56.937,0.95256,0.95279,1.08,2.33
2014.01.07 06:45:57.038,0.95256,0.95281,1.15,2.70
2014.01.07 06:45:57.139,0.95256,0.95283,1.15,4.88
2014.01.07 06:45:57.391,0.95262,0.95283,1.00,4.88
2014.01.07 06:45:57.894,0.95262,0.95284,1.10,2.33
2014.01.07 06:45:58.202,0.95256,0.95284,3.08,4.20
2014.01.07 06:45:59.139,0.95256,0.95282,1.15,4.51
2014.01.07 06:45:59.689,0.95261,0.95282,1.00,4.51
2014.01.07 06:46:04.003,0.95261,0.95282,1.10,1.15
2014.01.07 06:46:04.053,0.95267,0.95282,1.00,1.15
2014.01.07 06:46:04.226,0.95267,0.95284,1.00,1.15
2014.01.07 06:46:04.430,0.95267,0.95288,1.20,2.40
2014.01.07 06:46:04.633,0.95267,0.95289,1.00,3.08
2014.01.07 06:46:14.061,0.95261,0.95289,3.45,3.45
2014.01.07 06:46:14.371,0.95261,0.95289,3.45,3.45
2014.01.07 06:46:14.673,0.95262,0.95284,1.00,6.38
2014.01.07 06:46:26.409,0.95257,0.95282,1.15,5.93
2014.01.07 06:46:28.965,0.95257,0.9528,1.15,2.66
2014.01.07 06:46:29.066,0.95257,0.95275,1.10,4.20
2014.01.07 06:46:29.117,0.95257,0.95272,1.00,4.51
2014.01.07 06:46:29.167,0.95251,0.95271,1.50,3.33
2014.01.07 06:46:29.369,0.95257,0.95269,1.00,4.88
2014.01.07 06:46:29.470,0.95257,0.95271,1.00,1.10
2014.01.07 06:46:29.621,0.95252,0.95273,1.00,1.53
2014.01.07 06:46:29.672,0.95252,0.95273,1.00,6.38
2014.01.07 06:46:29.924,0.95252,0.95273,1.00,1.53
2014.01.07 06:46:30.025,0.95252,0.95273,1.00,3.45
2014.01.07 06:46:31.933,0.95252,0.95273,1.00,6.38
2014.01.07 06:46:32.597,0.95252,0.95273,1.00,1.53
2014.01.07 06:46:33.131,0.95252,0.95273,1.00,4.46
2014.01.07 06:46:33.939,0.95252,0.95272,1.00,6.38
2014.01.07 06:46:35.169,0.95252,0.95272,1.00,6.38
2014.01.07 06:46:36.121,0.95252,0.95272,1.00,5.63
2014.01.07 06:46:39.041,0.95252,0.95273,1.00,2.03
2014.01.07 06:46:39.841,0.95252,0.95273,1.00,5.63
2014.01.07 06:46:39.891,0.95252,0.95273,1.00,5.63
2014.01.07 06:46:40.043,0.95256,0.95274,1.00,3.08
2014.01.07 06:46:47.581,0.95252,0.95274,1.00,4.46
2014.01.07 06:46:47.722,0.95252,0.95272,1.00,3.46
2014.01.07 06:46:56.807,0.95252,0.95271,1.00,4.51
2014.01.07 06:46:57.130,0.95252,0.95266,1.00,3.71
2014.01.07 06:46:57.469,0.95252,0.95266,1.00,5.63
2014.01.07 06:46:57.962,0.95251,0.95266,1.00,2.70
2014.01.07 06:46:58.063,0.95251,0.95269,1.00,4.20
2014.01.07 06:46:58.164,0.95251,0.95268,1.00,4.88
2014.01.07 06:46:58.507,0.95251,0.95269,1.00,2.70
2014.01.07 06:47:00.246,0.95251,0.95272,1.00,3.45
2014.01.07 06:47:00.341,0.95256,0.95272,1.00,3.45
2014.01.07 06:47:06.809,0.95256,0.95273,1.00,3.45
2014.01.07 06:47:07.581,0.95256,0.95273,1.00,4.88
2014.01.07 06:47:07.934,0.95256,0.95273,1.00,6.38
2014.01.07 06:47:09.450,0.95256,0.95273,1.00,6.38
2014.01.07 06:47:11.429,0.95256,0.95272,1.00,5.63
2014.01.07 06:47:11.591,0.95251,0.95269,1.00,7.13
2014.01.07 06:47:11.844,0.95251,0.95269,1.00,2.03
2014.01.07 06:47:15.344,0.95256,0.9527,1.00,2.70
2014.01.07 06:47:22.681,0.95256,0.95271,1.00,2.70
2014.01.07 06:47:24.540,0.95252,0.95271,1.00,3.46
2014.01.07 06:47:24.850,0.95252,0.95271,1.00,3.46
2014.01.07 06:47:26.192,0.95252,0.9527,1.00,4.46
2014.01.07 06:47:26.512,0.95257,0.9527,1.00,3.71
2014.01.07 06:47:29.291,0.95257,0.9527,1.00,1.28
2014.01.07 06:47:29.493,0.95257,0.95273,1.00,4.20
2014.01.07 06:47:33.459,0.95257,0.95275,1.00,1.65
2014.01.07 06:47:45.407,0.95257,0.95275,1.00,2.70
2014.01.07 06:47:45.817,0.95257,0.95275,1.00,5.63
2014.01.07 06:48:01.812,0.95257,0.95275,1.00,1.28
2014.01.07 06:48:04.473,0.95257,0.95275,1.00,2.33
2014.01.07 06:48:04.624,0.95247,0.95274,1.18,5.26
2014.01.07 06:48:12.088,0.95247,0.95273,1.08,5.63
2014.01.07 06:48:12.609,0.95247,0.95271,1.00,5.26
2014.01.07 06:48:13.321,0.95247,0.95271,1.00,5.26
2014.01.07 06:48:15.876,0.95247,0.95271,1.00,4.50
2014.01.07 06:48:25.589,0.95252,0.95271,1.00,2.33
2014.01.07 06:48:32.114,0.95252,0.95272,1.00,4.50
2014.01.07 06:48:32.315,0.95252,0.95274,1.00,2.70
2014.01.07 06:48:32.416,0.95247,0.95274,1.18,4.08
2014.01.07 06:48:36.589,0.95252,0.95274,1.00,2.70
2014.01.07 06:48:37.250,0.95252,0.95272,1.00,4.51
2014.01.07 06:48:37.351,0.95252,0.95274,1.00,2.33
2014.01.07 06:48:37.401,0.95257,0.95274,1.00,3.33
2014.01.07 06:48:37.452,0.95257,0.95274,1.00,1.15
2014.01.07 06:48:37.704,0.95257,0.95278,1.00,1.15
2014.01.07 06:48:37.906,0.95257,0.95278,1.00,1.10
2014.01.07 06:48:38.109,0.95257,0.95278,1.00,1.15
2014.01.07 06:48:38.412,0.95267,0.95279,1.00,2.33
2014.01.07 06:48:38.463,0.95267,0.95282,1.00,2.70
2014.01.07 06:48:41.905,0.95267,0.95283,1.00,2.33
2014.01.07 06:48:42.056,0.95267,0.95285,1.00,1.10
2014.01.07 06:48:42.107,0.95262,0.95288,1.18,1.65
2014.01.07 06:48:42.258,0.95262,0.95288,1.08,4.20
2014.01.07 06:48:42.570,0.95262,0.95287,1.00,5.26
2014.01.07 06:48:42.872,0.95266,0.95287,1.00,4.50
2014.01.07 06:48:46.623,0.95272,0.95287,1.00,4.50
2014.01.07 06:48:48.139,0.95266,0.95287,1.00,2.33
2014.01.07 06:48:58.149,0.95272,0.95287,1.00,2.33
2014.01.07 06:49:00.809,0.95266,0.95287,1.00,3.08
2014.01.07 06:49:01.170,0.95266,0.95286,1.00,5.63
2014.01.07 06:49:01.274,0.95266,0.95286,1.00,5.63
2014.01.07 06:49:01.365,0.95266,0.95286,1.00,5.63
2014.01.07 06:49:01.476,0.95266,0.95286,1.00,5.63
2014.01.07 06:49:01.828,0.95266,0.95286,1.00,5.63
2014.01.07 06:49:06.922,0.95266,0.95282,1.00,4.51
2014.01.07 06:49:07.224,0.9527,0.95282,1.00,5.63
2014.01.07 06:49:07.275,0.95271,0.95284,1.00,3.08
2014.01.07 06:49:07.429,0.95262,0.95283,1.10,1.00
2014.01.07 06:49:07.835,0.95267,0.95284,1.00,4.88
2014.01.07 06:49:08.993,0.95267,0.95283,1.00,5.26
2014.01.07 06:49:09.094,0.95267,0.95283,1.00,1.15
2014.01.07 06:49:10.386,0.95267,0.95283,1.00,2.33
2014.01.07 06:49:11.110,0.95267,0.95284,1.00,2.70
2014.01.07 06:49:11.627,0.95267,0.95284,1.00,5.63
2014.01.07 06:49:14.480,0.95267,0.95285,1.00,1.53
2014.01.07 06:49:16.538,0.95267,0.95284,1.00,3.45
2014.01.07 06:49:16.639,0.95262,0.95282,1.00,4.51
2014.01.07 06:49:30.382,0.95256,0.95281,1.15,3.33
2014.01.07 06:49:30.633,0.95261,0.95281,1.00,2.33
2014.01.07 06:49:36.887,0.95261,0.95282,1.00,4.50
2014.01.07 06:49:45.118,0.95266,0.95282,1.00,2.33
2014.01.07 06:49:45.406,0.95266,0.95285,1.00,6.00
2014.01.07 06:49:46.840,0.95266,0.95287,1.10,1.90
2014.01.07 06:49:46.891,0.95271,0.95287,1.00,1.65
2014.01.07 06:49:46.992,0.95271,0.95289,1.00,1.08
2014.01.07 06:49:47.043,0.95271,0.95289,1.15,1.00
2014.01.07 06:49:47.345,0.95276,0.95292,1.00,3.45
2014.01.07 06:49:47.497,0.95276,0.95292,1.00,1.20
2014.01.07 06:49:47.649,0.95272,0.95293,1.20,1.53
2014.01.07 06:49:47.851,0.95277,0.95293,1.00,5.63
2014.01.07 06:49:48.379,0.95277,0.95293,1.00,1.53
2014.01.07 06:49:48.430,0.95271,0.95293,1.00,1.53
2014.01.07 06:49:48.581,0.95271,0.95292,1.00,4.88
2014.01.07 06:49:48.935,0.95271,0.95292,1.00,5.63
2014.01.07 06:50:00.422,0.95271,0.95292,1.00,5.63
2014.01.07 06:50:01.181,0.95271,0.9529,1.00,4.88
2014.01.07 06:50:08.649,0.95267,0.95288,1.00,1.00
2014.01.07 06:50:08.699,0.95267,0.95287,1.00,3.73
2014.01.07 06:50:08.882,0.95261,0.95286,1.58,3.71
2014.01.07 06:50:09.101,0.95261,0.95286,1.48,6.38
2014.01.07 06:50:09.633,0.95266,0.95286,1.00,4.88
2014.01.07 06:50:09.784,0.95266,0.95288,1.00,4.88
2014.01.07 06:50:13.002,0.95266,0.95289,1.08,1.53
2014.01.07 06:50:13.103,0.95266,0.95289,1.00,5.63
2014.01.07 06:50:13.531,0.95266,0.95289,1.15,1.48
2014.01.07 06:50:13.989,0.95266,0.95289,1.00,6.38
2014.01.07 06:50:14.291,0.95266,0.95285,1.00,5.63
2014.01.07 06:50:14.549,0.95262,0.95285,1.00,6.38
2014.01.07 06:50:14.650,0.95262,0.95285,1.18,1.20
2014.01.07 06:50:14.751,0.95262,0.95285,1.00,1.55
2014.01.07 06:50:18.863,0.95271,0.95285,1.00,1.53
2014.01.07 06:50:19.014,0.95271,0.95287,1.00,6.38
2014.01.07 06:50:22.178,0.95261,0.95287,1.65,6.63
2014.01.07 06:50:22.279,0.95261,0.95286,1.28,3.83
2014.01.07 06:50:22.330,0.95261,0.95285,1.20,5.63
2014.01.07 06:50:22.830,0.95261,0.95285,1.18,3.45
2014.01.07 06:50:34.904,0.95266,0.95285,1.00,3.45
2014.01.07 06:50:45.158,0.95258,0.95283,2.70,1.00
2014.01.07 06:50:46.080,0.95257,0.95282,3.45,2.28
2014.01.07 06:50:46.967,0.95257,0.95282,3.08,1.38
2014.01.07 06:50:48.147,0.95257,0.95282,3.08,1.38
2014.01.07 06:50:48.700,0.95257,0.95282,3.08,1.00
2014.01.07 06:51:00.377,0.95257,0.95281,3.08,3.71
2014.01.07 06:51:00.428,0.95257,0.95281,1.20,5.88
2014.01.07 06:51:21.357,0.95257,0.95281,1.20,5.88
2014.01.07 06:51:22.897,0.95257,0.95281,1.20,5.88
2014.01.07 06:51:24.877,0.95257,0.95281,1.20,5.88
2014.01.07 06:51:29.953,0.95257,0.95281,1.15,2.28
2014.01.07 06:51:31.239,0.95257,0.95281,3.08,1.00
2014.01.07 06:51:35.867,0.95262,0.95281,1.00,1.00
2014.01.07 06:51:36.170,0.95262,0.95279,1.00,6.38
2014.01.07 06:51:36.271,0.95262,0.95279,1.00,1.15
2014.01.07 06:51:36.780,0.95262,0.95279,1.00,1.10
2014.01.07 06:51:37.343,0.95262,0.95279,1.00,1.15
2014.01.07 06:51:51.129,0.95256,0.95279,1.15,1.15
2014.01.07 06:51:56.087,0.95261,0.95281,1.00,4.88
2014.01.07 06:52:04.448,0.95256,0.95281,1.15,3.73
2014.01.07 06:52:05.330,0.95262,0.95281,1.00,2.70
2014.01.07 06:52:05.872,0.95262,0.9528,1.00,4.88
2014.01.07 06:52:06.662,0.95256,0.9528,1.18,6.38
2014.01.07 06:52:12.033,0.95256,0.9528,1.15,1.15
2014.01.07 06:52:13.848,0.95256,0.95279,1.10,3.83
2014.01.07 06:52:17.726,0.95262,0.95279,1.00,2.33
2014.01.07 06:52:20.478,0.95262,0.95279,1.00,1.15
2014.01.07 06:52:21.026,0.95262,0.95281,1.00,4.88
2014.01.07 06:52:21.227,0.95262,0.95283,1.00,3.83
2014.01.07 06:52:23.447,0.95257,0.95283,1.15,6.25
2014.01.07 06:52:28.397,0.95257,0.95281,1.08,3.71
2014.01.07 06:52:28.498,0.95257,0.95278,1.00,4.58
2014.01.07 06:52:30.046,0.95251,0.95275,1.15,3.71
2014.01.07 06:52:30.197,0.95251,0.95275,1.00,5.63
2014.01.07 06:52:30.248,0.95251,0.95274,1.00,4.20
2014.01.07 06:52:30.551,0.95251,0.95272,1.00,6.38
2014.01.07 06:52:31.134,0.95251,0.9527,1.00,4.88
2014.01.07 06:52:31.754,0.95251,0.9527,1.00,2.33
2014.01.07 06:52:32.515,0.95251,0.95272,1.00,1.15
2014.01.07 06:52:33.173,0.95251,0.95272,1.00,2.33
2014.01.07 06:52:33.375,0.95247,0.9527,1.38,6.25
2014.01.07 06:52:33.877,0.95247,0.9527,1.00,6.63
2014.01.07 06:52:33.928,0.95251,0.9527,1.00,5.63
2014.01.07 06:52:34.336,0.95257,0.9527,1.00,5.63
2014.01.07 06:52:34.638,0.95257,0.95272,1.00,1.53
2014.01.07 06:52:35.086,0.95256,0.95277,1.00,5.63
2014.01.07 06:52:35.618,0.95256,0.95277,1.00,5.63
2014.01.07 06:52:36.318,0.9525,0.95273,2.33,1.00
2014.01.07 06:52:36.369,0.95248,0.95273,2.33,1.00
2014.01.07 06:52:36.420,0.95248,0.95269,2.33,2.51
2014.01.07 06:52:36.470,0.95247,0.95269,1.10,2.68
2014.01.07 06:52:36.907,0.95252,0.95269,1.00,3.08
2014.01.07 06:52:37.446,0.95252,0.9527,1.00,2.33
2014.01.07 06:52:37.547,0.95252,0.95273,1.00,1.53
2014.01.07 06:52:37.699,0.95252,0.95272,1.00,4.88
2014.01.07 06:52:37.801,0.95252,0.95273,1.00,1.53
2014.01.07 06:52:39.183,0.95252,0.95273,1.00,1.28
2014.01.07 06:52:39.989,0.95252,0.95273,1.00,1.28
2014.01.07 06:52:42.228,0.95252,0.95273,1.15,1.18
2014.01.07 06:52:44.391,0.95257,0.95276,1.00,2.70
2014.01.07 06:52:44.543,0.95257,0.95278,1.00,1.90
2014.01.07 06:52:44.846,0.95257,0.95278,1.00,1.90
2014.01.07 06:52:46.846,0.95251,0.95278,3.83,1.13
2014.01.07 06:52:47.098,0.95257,0.95278,1.00,3.08
2014.01.07 06:52:50.136,0.95257,0.95278,1.00,4.58
2014.01.07 06:52:50.187,0.95252,0.95273,1.10,1.00
2014.01.07 06:52:51.376,0.95251,0.95273,1.00,3.45
2014.01.07 06:52:51.530,0.95251,0.95274,1.18,1.15
2014.01.07 06:52:52.196,0.95251,0.95274,1.15,1.15
2014.01.07 06:52:52.345,0.95257,0.95277,1.00,6.00
2014.01.07 06:52:57.238,0.95257,0.95278,1.00,3.45
2014.01.07 06:52:58.316,0.95252,0.95278,1.15,3.45
2014.01.07 06:53:00.898,0.95252,0.95278,1.18,5.63
2014.01.07 06:53:00.949,0.95252,0.95278,1.20,6.38
2014.01.07 06:53:01.100,0.95248,0.95275,1.15,3.70
2014.01.07 06:53:04.365,0.95252,0.95275,1.00,2.70
2014.01.07 06:53:06.792,0.95247,0.95275,3.83,3.70
2014.01.07 06:53:07.415,0.95247,0.95275,3.08,4.08
2014.01.07 06:53:07.927,0.95247,0.95275,3.45,4.08
2014.01.07 06:53:08.261,0.95251,0.95275,1.18,1.55
2014.01.07 06:53:08.412,0.95247,0.95275,4.88,3.45
2014.01.07 06:53:09.157,0.95247,0.95275,2.70,3.83
2014.01.07 06:53:14.376,0.95247,0.95274,2.70,3.70
2014.01.07 06:53:14.527,0.95246,0.95273,1.53,5.93
2014.01.07 06:53:17.137,0.95246,0.95273,3.45,3.73
2014.01.07 06:53:17.470,0.95252,0.95273,1.00,1.53
2014.01.07 06:53:20.481,0.95252,0.95273,1.10,1.18
2014.01.07 06:53:23.884,0.95261,0.95276,1.00,2.70
2014.01.07 06:53:24.036,0.95261,0.95277,1.00,1.28
2014.01.07 06:53:24.287,0.95257,0.95277,1.00,1.00
2014.01.07 06:53:25.044,0.95262,0.95278,1.00,1.53
2014.01.07 06:53:25.146,0.95262,0.95278,1.00,1.00
2014.01.07 06:53:26.239,0.95262,0.95278,1.00,1.08
2014.01.07 06:53:26.396,0.95256,0.95278,1.15,1.00
2014.01.07 06:53:26.497,0.95256,0.95278,1.00,1.00
2014.01.07 06:53:30.375,0.95256,0.95275,1.00,3.63
2014.01.07 06:53:30.684,0.95256,0.95273,1.00,3.46
2014.01.07 06:53:30.760,0.95256,0.95273,1.00,1.15
2014.01.07 06:53:31.873,0.95256,0.95273,1.00,3.45
2014.01.07 06:53:32.416,0.95256,0.95273,1.00,4.88
2014.01.07 06:53:40.142,0.95256,0.95274,1.00,4.20
2014.01.07 06:53:44.279,0.95256,0.95274,1.00,1.53
2014.01.07 06:53:44.380,0.95256,0.95274,1.00,1.38
2014.01.07 06:53:44.905,0.95256,0.95274,1.00,1.00
2014.01.07 06:53:45.508,0.95256,0.95274,1.08,1.00
2014.01.07 06:53:45.810,0.95262,0.95281,1.00,1.53
2014.01.07 06:53:46.394,0.95262,0.95281,1.00,2.70
2014.01.07 06:53:49.448,0.95262,0.95282,1.00,6.00
2014.01.07 06:53:50.655,0.95262,0.95281,1.00,3.71
2014.01.07 06:53:51.156,0.95257,0.9528,1.10,5.61
2014.01.07 06:53:51.206,0.95257,0.9528,1.10,5.61
2014.01.07 06:53:51.358,0.95252,0.95278,1.28,3.83
2014.01.07 06:53:51.408,0.95252,0.95278,1.28,4.08
2014.01.07 06:53:51.935,0.95256,0.95277,1.00,5.63
2014.01.07 06:53:56.382,0.95256,0.95277,1.45,2.25
2014.01.07 06:53:56.433,0.95261,0.95277,1.10,1.00
2014.01.07 06:53:56.534,0.95261,0.95277,1.18,1.00
2014.01.07 06:53:56.635,0.95266,0.95284,1.00,1.28
2014.01.07 06:53:56.837,0.95261,0.95284,1.55,1.18
2014.01.07 06:53:57.395,0.95261,0.95284,1.28,1.18
2014.01.07 06:54:08.606,0.95267,0.95287,1.00,3.08
2014.01.07 06:54:21.144,0.95266,0.95287,1.00,3.36
2014.01.07 06:54:21.486,0.95266,0.95285,1.00,3.33
2014.01.07 06:54:22.052,0.95267,0.95285,1.00,3.33
2014.01.07 06:54:22.354,0.95272,0.95288,1.00,3.08
2014.01.07 06:54:22.404,0.95272,0.95288,1.00,1.15
2014.01.07 06:54:23.364,0.95266,0.95288,1.18,1.00
2014.01.07 06:54:26.961,0.95266,0.95288,1.10,3.73
2014.01.07 06:54:29.568,0.95261,0.95288,1.28,6.68
2014.01.07 06:54:30.355,0.95262,0.95288,2.33,3.73
2014.01.07 06:54:30.607,0.95267,0.95288,1.10,1.10
2014.01.07 06:54:30.708,0.95267,0.95288,1.18,1.10
2014.01.07 06:54:31.235,0.95267,0.95288,1.15,1.10
2014.01.07 06:54:31.961,0.95267,0.95288,3.83,1.00
2014.01.07 06:54:41.165,0.95272,0.95288,1.00,1.00
2014.01.07 06:54:43.183,0.95277,0.95293,1.00,1.15
2014.01.07 06:54:44.017,0.95272,0.95293,1.00,1.00
2014.01.07 06:54:45.705,0.95267,0.95293,5.25,1.00
2014.01.07 06:54:46.238,0.95267,0.95293,1.15,4.45
2014.01.07 06:54:50.738,0.95267,0.95291,1.15,3.71
2014.01.07 06:54:50.889,0.95267,0.9529,1.10,4.45
2014.01.07 06:54:51.474,0.95267,0.9529,1.08,2.31
2014.01.07 06:54:52.138,0.95267,0.9529,1.15,1.20
2014.01.07 06:54:53.904,0.95267,0.9529,1.08,4.58
2014.01.07 06:54:54.243,0.95262,0.95285,1.15,3.71
2014.01.07 06:54:54.886,0.95262,0.95285,1.18,3.70
2014.01.07 06:54:58.105,0.95261,0.95284,1.28,1.00
2014.01.07 06:54:58.671,0.95266,0.95284,1.00,1.28
2014.01.07 06:55:05.354,0.95266,0.95284,1.00,2.65
2014.01.07 06:55:05.555,0.95257,0.95278,1.18,1.00
2014.01.07 06:55:05.819,0.95261,0.9528,1.00,2.70
2014.01.07 06:55:06.354,0.95256,0.9528,1.15,3.70
2014.01.07 06:55:06.585,0.95261,0.9528,1.00,2.70
2014.01.07 06:55:09.220,0.95261,0.95283,1.00,1.53
2014.01.07 06:55:14.385,0.95256,0.95283,3.08,2.28
2014.01.07 06:55:14.782,0.95256,0.95283,1.15,8.18
2014.01.07 06:55:15.848,0.95256,0.9528,1.10,4.83
2014.01.07 06:55:16.194,0.95262,0.9528,1.00,3.45
2014.01.07 06:55:16.502,0.95262,0.95283,1.00,2.78
2014.01.07 06:55:21.183,0.95262,0.95283,1.00,3.83
2014.01.07 06:55:22.433,0.95262,0.95283,1.00,6.01
2014.01.07 06:55:22.736,0.95262,0.95277,1.00,5.63
2014.01.07 06:55:22.894,0.95252,0.95275,1.10,3.36
2014.01.07 06:55:23.046,0.95252,0.95274,1.00,6.38
2014.01.07 06:55:23.465,0.95256,0.95274,1.00,4.46
2014.01.07 06:55:24.064,0.95252,0.95274,1.10,4.21
2014.01.07 06:55:33.873,0.95251,0.95274,1.08,4.83
2014.01.07 06:55:33.924,0.95251,0.95271,1.00,3.75
2014.01.07 06:55:34.226,0.95251,0.95271,1.00,5.63
2014.01.07 06:55:34.277,0.95251,0.95271,1.00,1.18
2014.01.07 06:55:40.548,0.95251,0.95273,1.10,2.33
2014.01.07 06:55:41.344,0.95264,0.95273,1.00,2.33
2014.01.07 06:55:41.395,0.95266,0.95275,1.00,1.00
2014.01.07 06:55:41.500,0.95267,0.95279,1.00,1.58
2014.01.07 06:55:41.601,0.95255,0.95279,2.33,2.60
2014.01.07 06:55:41.702,0.95255,0.95279,2.25,4.96
2014.01.07 06:55:41.753,0.95252,0.95278,1.18,6.38
2014.01.07 06:55:41.904,0.95262,0.95278,1.00,5.26
2014.01.07 06:55:42.092,0.95252,0.95278,1.18,6.38
2014.01.07 06:55:42.193,0.95252,0.95276,1.10,4.51
2014.01.07 06:55:45.404,0.95252,0.95272,1.10,3.35
2014.01.07 06:55:45.706,0.95256,0.95272,1.00,4.50
2014.01.07 06:55:45.807,0.95256,0.95276,1.00,3.08
2014.01.07 06:55:45.858,0.95252,0.95276,1.00,3.08
2014.01.07 06:55:47.154,0.95257,0.95276,1.00,3.08
2014.01.07 06:55:47.311,0.95257,0.95276,1.00,1.15
2014.01.07 06:55:47.412,0.95251,0.95278,1.15,6.00
2014.01.07 06:55:47.513,0.95251,0.95277,1.15,3.46
2014.01.07 06:55:47.563,0.95251,0.95277,1.15,4.50
2014.01.07 06:55:50.136,0.95257,0.95277,1.00,5.63
2014.01.07 06:55:50.307,0.95257,0.95278,1.00,1.65
2014.01.07 06:55:53.853,0.95257,0.95278,1.00,1.00
2014.01.07 06:55:54.156,0.95257,0.95274,1.00,3.71
2014.01.07 06:55:56.633,0.95252,0.95274,1.00,3.46
2014.01.07 06:55:57.144,0.95252,0.95274,1.00,6.01
2014.01.07 06:55:57.255,0.95252,0.95272,1.00,4.51
2014.01.07 06:55:57.567,0.95257,0.95272,1.00,2.33
2014.01.07 06:55:57.668,0.95257,0.95275,1.00,3.08
2014.01.07 06:56:04.424,0.95257,0.95277,1.00,1.65
2014.01.07 06:56:04.526,0.95257,0.95278,1.18,1.00
2014.01.07 06:56:04.879,0.95262,0.95283,1.00,3.45
2014.01.07 06:56:05.635,0.95256,0.95279,3.45,1.00
2014.01.07 06:56:06.164,0.95261,0.95283,1.00,2.33
2014.01.07 06:56:06.514,0.95261,0.95284,1.18,1.65
2014.01.07 06:56:06.932,0.95261,0.95284,1.20,2.33
2014.01.07 06:56:07.041,0.95261,0.95284,1.08,1.15
2014.01.07 06:56:10.401,0.95261,0.95284,1.08,3.08
2014.01.07 06:56:11.254,0.95261,0.95284,1.00,5.25
2014.01.07 06:56:15.853,0.95262,0.95283,1.00,1.00
2014.01.07 06:56:16.098,0.95262,0.95283,1.00,1.15
2014.01.07 06:56:19.395,0.95262,0.95283,1.00,1.00
2014.01.07 06:56:21.863,0.95262,0.95283,1.00,2.66
2014.01.07 06:56:25.400,0.95262,0.95283,1.00,5.96
2014.01.07 06:56:25.807,0.95267,0.95283,1.00,5.96
2014.01.07 06:56:26.063,0.95261,0.95283,1.13,5.21
2014.01.07 06:56:26.782,0.95261,0.95283,1.00,4.83
2014.01.07 06:56:28.134,0.95261,0.95283,1.00,4.08
2014.01.07 06:56:30.713,0.95261,0.95283,1.00,3.33
2014.01.07 06:56:30.815,0.95261,0.95283,1.00,4.21
2014.01.07 06:56:34.656,0.95266,0.95283,1.00,4.21
2014.01.07 06:56:34.757,0.95266,0.95284,1.00,2.33
2014.01.07 06:56:34.858,0.95266,0.95287,1.38,2.33
2014.01.07 06:56:35.110,0.95266,0.95289,1.48,3.08
2014.01.07 06:56:35.385,0.95266,0.95289,1.45,1.15
2014.01.07 06:56:35.964,0.95266,0.95289,1.53,1.15
2014.01.07 06:56:36.207,0.95266,0.95289,1.53,1.15
2014.01.07 06:56:38.053,0.95271,0.95291,1.00,5.25
2014.01.07 06:56:46.213,0.95271,0.95291,1.13,1.15
2014.01.07 06:56:48.610,0.95271,0.95292,1.38,2.33
2014.01.07 06:56:49.143,0.95271,0.95292,1.38,1.20
2014.01.07 06:56:49.362,0.95271,0.95292,1.13,1.20
2014.01.07 06:56:52.050,0.95271,0.95291,1.13,3.36
2014.01.07 06:56:52.370,0.95266,0.95288,1.48,3.73
2014.01.07 06:56:57.350,0.95266,0.95285,1.48,3.46
2014.01.07 06:56:57.652,0.95261,0.95282,1.38,3.36
2014.01.07 06:56:57.961,0.95261,0.9528,1.38,4.08
2014.01.07 06:56:58.488,0.95261,0.9528,1.38,5.26
2014.01.07 06:56:58.600,0.95261,0.9528,1.38,1.18
2014.01.07 06:57:00.033,0.95261,0.95283,1.38,2.70
2014.01.07 06:57:00.607,0.95261,0.95283,1.38,2.70
2014.01.07 06:57:00.735,0.95261,0.95283,1.38,3.45
2014.01.07 06:57:00.804,0.95261,0.95283,1.38,3.45
2014.01.07 06:57:02.673,0.95261,0.95283,1.38,2.33
2014.01.07 06:57:03.608,0.95257,0.95283,1.53,3.33
2014.01.07 06:57:06.145,0.95257,0.95283,1.53,5.96
2014.01.07 06:57:06.672,0.95262,0.9528,1.13,4.51
2014.01.07 06:57:07.284,0.95262,0.9528,1.13,4.88
2014.01.07 06:57:09.586,0.95262,0.9528,1.13,5.63
2014.01.07 06:57:10.443,0.95257,0.9528,1.38,6.63
2014.01.07 06:57:11.266,0.95261,0.9528,1.00,1.55
2014.01.07 06:57:12.082,0.95257,0.95278,1.45,1.00
2014.01.07 06:57:12.889,0.95256,0.95279,1.55,1.55
2014.01.07 06:57:13.572,0.95256,0.95279,1.55,1.55
2014.01.07 06:57:14.552,0.95256,0.95279,1.55,1.55
2014.01.07 06:57:19.132,0.95256,0.95279,1.55,1.55
2014.01.07 06:57:25.224,0.95256,0.95279,1.55,1.55
2014.01.07 06:57:25.982,0.95261,0.95281,1.38,2.70
2014.01.07 06:57:26.083,0.95261,0.95282,1.38,1.53
2014.01.07 06:57:26.866,0.95261,0.95283,1.38,3.45
2014.01.07 06:57:30.093,0.95261,0.95283,1.38,6.01
2014.01.07 06:57:31.162,0.95256,0.95282,1.53,4.86
2014.01.07 06:57:32.119,0.95256,0.95282,1.15,3.36
2014.01.07 06:57:32.932,0.95256,0.95282,1.08,6.01
2014.01.07 06:57:33.033,0.95256,0.95282,1.00,5.25
2014.01.07 06:57:40.131,0.95261,0.9528,1.00,5.63
2014.01.07 06:57:45.851,0.95257,0.95279,1.00,5.50
2014.01.07 06:57:47.442,0.95251,0.95275,1.18,6.01
2014.01.07 06:57:47.770,0.95257,0.95275,1.00,2.33
2014.01.07 06:57:47.871,0.95252,0.95275,1.08,2.33
2014.01.07 06:57:48.505,0.95252,0.95275,1.00,5.26
2014.01.07 06:57:49.212,0.95252,0.95273,1.00,4.88
2014.01.07 06:57:54.907,0.95251,0.95275,1.10,2.33
2014.01.07 06:57:55.110,0.95257,0.95279,1.00,1.53
2014.01.07 06:57:55.311,0.95257,0.95282,1.15,4.88
2014.01.07 06:57:55.564,0.95257,0.95284,3.08,1.65
2014.01.07 06:57:56.126,0.95257,0.95285,3.08,2.70
2014.01.07 06:57:57.482,0.95257,0.95285,1.28,4.21
2014.01.07 06:58:03.569,0.95258,0.95285,2.33,4.50
2014.01.07 06:58:03.927,0.95267,0.95285,1.00,4.88
2014.01.07 06:58:04.331,0.95262,0.95285,1.10,4.88
2014.01.07 06:58:10.731,0.95257,0.95285,2.70,5.26
2014.01.07 06:58:10.782,0.95256,0.95285,1.65,5.25
2014.01.07 06:58:13.211,0.95258,0.95285,2.33,2.33
2014.01.07 06:58:13.261,0.95258,0.95286,2.33,2.33
2014.01.07 06:58:15.751,0.95257,0.95284,2.33,4.58
2014.01.07 06:58:15.802,0.95256,0.95284,1.28,6.75
2014.01.07 06:58:18.892,0.95256,0.9528,1.18,3.46
2014.01.07 06:58:18.942,0.95256,0.9528,1.20,6.38
2014.01.07 06:58:19.044,0.95256,0.95279,1.00,6.38
2014.01.07 06:58:19.298,0.95257,0.95279,1.10,2.70
2014.01.07 06:58:19.400,0.95257,0.95282,1.20,5.63
2014.01.07 06:58:19.450,0.95257,0.95282,1.20,5.63
2014.01.07 06:58:20.032,0.95257,0.95283,1.18,3.83
2014.01.07 06:58:20.821,0.95257,0.95283,1.18,4.83
2014.01.07 06:58:20.872,0.95257,0.9528,1.10,3.71
2014.01.07 06:58:21.182,0.95257,0.95279,1.00,6.38
2014.01.07 06:58:23.514,0.95257,0.9528,1.10,3.83
2014.01.07 06:58:23.716,0.95257,0.95279,1.00,5.63
2014.01.07 06:58:24.429,0.95257,0.95279,1.00,1.28
2014.01.07 06:58:25.576,0.95257,0.95278,1.00,5.26
2014.01.07 06:58:25.677,0.95257,0.95278,1.10,1.15
2014.01.07 06:58:26.518,0.95257,0.95279,1.00,3.08
2014.01.07 06:58:26.751,0.95257,0.95278,1.00,4.88
2014.01.07 06:58:26.905,0.95252,0.95278,1.18,6.38
2014.01.07 06:58:27.006,0.95252,0.95276,1.10,5.26
2014.01.07 06:58:27.068,0.95252,0.95276,1.10,3.33
2014.01.07 06:58:27.744,0.95252,0.95277,1.20,5.25
2014.01.07 06:58:27.996,0.95251,0.95275,1.10,6.01
2014.01.07 06:58:31.276,0.95251,0.95275,1.18,4.08
2014.01.07 06:58:34.481,0.95251,0.95275,1.10,5.26
2014.01.07 06:58:42.793,0.95251,0.95275,1.10,4.08
2014.01.07 06:58:42.844,0.95256,0.95275,1.00,1.15
2014.01.07 06:58:48.274,0.95256,0.95278,1.00,1.65
2014.01.07 06:58:48.345,0.95256,0.95278,1.08,1.65
2014.01.07 06:58:48.496,0.95256,0.95279,1.10,3.83
2014.01.07 06:58:49.188,0.95256,0.95279,1.00,6.76
2014.01.07 06:58:50.661,0.95256,0.95279,1.15,2.96
2014.01.07 06:58:50.963,0.95262,0.95282,1.08,1.08
2014.01.07 06:58:51.096,0.95261,0.95288,4.50,1.90
2014.01.07 06:58:51.751,0.95263,0.95288,2.33,1.65
2014.01.07 06:58:53.373,0.95262,0.95288,5.25,3.08
2014.01.07 06:58:55.471,0.95266,0.9529,1.15,3.08
2014.01.07 06:58:57.762,0.95266,0.95292,1.15,1.28
2014.01.07 06:58:58.018,0.95266,0.95292,1.20,6.00
2014.01.07 06:58:59.166,0.95266,0.95291,1.15,3.33
2014.01.07 06:58:59.267,0.95266,0.95291,1.00,1.00
2014.01.07 06:58:59.368,0.95268,0.95291,2.33,1.00
2014.01.07 06:59:00.252,0.95268,0.95294,2.33,1.53
2014.01.07 06:59:04.946,0.95267,0.95294,1.15,6.76
2014.01.07 06:59:07.857,0.95267,0.95293,1.15,1.00
2014.01.07 06:59:08.392,0.95267,0.95293,1.15,2.28
2014.01.07 06:59:11.197,0.95267,0.95293,1.15,4.21
2014.01.07 06:59:11.348,0.95264,0.9529,1.15,3.71
2014.01.07 06:59:11.399,0.95264,0.9529,1.18,3.71
2014.01.07 06:59:11.449,0.95261,0.95289,3.08,3.46
2014.01.07 06:59:11.953,0.95259,0.95288,1.15,6.76
2014.01.07 06:59:12.004,0.95258,0.95287,2.33,5.63
2014.01.07 06:59:12.054,0.95257,0.95284,1.15,5.50
2014.01.07 06:59:12.105,0.95256,0.95281,1.15,3.33
2014.01.07 06:59:12.156,0.95256,0.95281,1.15,6.25
2014.01.07 06:59:12.207,0.95256,0.95281,1.08,7.35
2014.01.07 06:59:12.769,0.95256,0.95279,1.00,6.38
2014.01.07 06:59:16.646,0.95256,0.95279,1.20,1.65
2014.01.07 06:59:17.140,0.95262,0.9528,1.00,6.38
2014.01.07 06:59:23.333,0.95262,0.9528,1.00,6.00
2014.01.07 06:59:24.070,0.95256,0.95279,1.00,7.51
2014.01.07 06:59:24.443,0.95252,0.95278,1.08,6.38
2014.01.07 06:59:24.543,0.95252,0.95277,1.10,5.63
2014.01.07 06:59:31.891,0.95252,0.95274,1.00,5.26
2014.01.07 06:59:32.228,0.95252,0.95271,1.00,6.00
2014.01.07 06:59:34.151,0.95252,0.9527,1.00,6.00
2014.01.07 06:59:34.453,0.95242,0.95263,1.15,4.08
2014.01.07 06:59:34.553,0.95242,0.95262,1.00,4.95
2014.01.07 06:59:34.711,0.95242,0.9526,1.00,6.63
2014.01.07 06:59:35.400,0.95246,0.9526,1.00,3.15
2014.01.07 06:59:35.922,0.95246,0.95262,1.00,2.70
2014.01.07 06:59:36.259,0.95251,0.95262,1.00,2.33
2014.01.07 06:59:37.031,0.95249,0.9526,1.00,4.51
2014.01.07 06:59:39.762,0.95251,0.95262,1.00,2.70
2014.01.07 06:59:40.191,0.95251,0.95265,1.00,2.70
2014.01.07 06:59:40.393,0.95246,0.95265,1.00,2.33
2014.01.07 06:59:41.277,0.95246,0.95266,1.00,3.45
2014.01.07 06:59:42.654,0.95246,0.95266,1.00,5.63
2014.01.07 06:59:42.927,0.95236,0.95266,6.00,5.63
2014.01.07 06:59:43.329,0.95236,0.95264,1.15,6.00
2014.01.07 06:59:47.390,0.95241,0.95264,1.00,4.50
2014.01.07 06:59:51.571,0.95246,0.95264,1.00,3.45
2014.01.07 06:59:51.747,0.95246,0.95264,1.00,1.28
2014.01.07 06:59:54.333,0.95247,0.95264,1.00,4.50
2014.01.07 06:59:54.786,0.95247,0.95267,1.00,2.70
2014.01.07 06:59:54.887,0.95247,0.95268,1.00,1.53
2014.01.07 06:59:55.418,0.95247,0.95268,1.00,1.53
2014.01.07 06:59:55.967,0.95247,0.95268,1.18,1.53
2014.01.07 06:59:56.397,0.95247,0.95268,1.00,3.08
2014.01.07 06:59:57.422,0.95241,0.95264,1.15,1.00
2014.01.07 06:59:57.523,0.95241,0.95264,1.20,1.00
2014.01.07 06:59:58.060,0.95241,0.95264,1.15,1.00
2014.01.07 06:59:58.172,0.95247,0.95264,1.00,1.00
2014.01.07 06:59:58.424,0.95251,0.95269,1.00,1.15
2014.01.07 06:59:58.525,0.95251,0.95269,1.20,1.00
2014.01.07 06:59:58.576,0.95251,0.95269,1.18,1.00
2014.01.07 06:59:58.845,0.95257,0.95273,1.00,1.00
2014.01.07 06:59:59.371,0.95257,0.95273,1.18,1.00
