2014.01.10 06:00:00.272,0.96567,0.96588,1.00,1.53
2014.01.10 06:00:00.378,0.96561,0.96584,1.55,1.15
2014.01.10 06:00:00.429,0.96561,0.96584,1.55,1.15
2014.01.10 06:00:00.859,0.96561,0.96579,1.55,1.00
2014.01.10 06:00:01.205,0.96567,0.96588,1.00,4.95
2014.01.10 06:00:08.154,0.96571,0.96588,1.00,3.08
2014.01.10 06:00:08.205,0.96571,0.96589,1.00,1.53
2014.01.10 06:00:13.504,0.96576,0.9659,1.00,1.15
2014.01.10 06:00:22.305,0.96572,0.96588,1.00,1.15
2014.01.10 06:00:23.335,0.96566,0.96589,1.20,1.15
2014.01.10 06:00:23.487,0.96566,0.96588,1.20,3.08
2014.01.10 06:00:23.689,0.96566,0.96589,1.20,1.15
2014.01.10 06:00:23.790,0.96566,0.96589,1.53,1.55
2014.01.10 06:00:24.463,0.96566,0.96589,1.53,1.55
2014.01.10 06:00:25.520,0.96566,0.96589,1.53,1.55
2014.01.10 06:00:26.173,0.96566,0.96589,1.53,1.55
2014.01.10 06:00:27.522,0.96566,0.96589,1.53,1.18
2014.01.10 06:00:27.725,0.9657,0.96589,1.00,1.28
2014.01.10 06:00:28.114,0.96576,0.96594,1.00,1.15
2014.01.10 06:00:28.511,0.96576,0.96594,1.38,1.53
2014.01.10 06:00:29.015,0.96576,0.96599,1.38,1.53
2014.01.10 06:00:29.234,0.96576,0.96598,1.13,2.70
2014.01.10 06:00:29.778,0.96576,0.96597,1.13,2.70
2014.01.10 06:00:30.039,0.96576,0.96599,1.13,1.53
2014.01.10 06:00:30.143,0.96576,0.96598,1.13,2.70
2014.01.10 06:00:31.104,0.96572,0.96588,1.58,1.00
2014.01.10 06:00:31.155,0.96572,0.96588,1.28,1.00
2014.01.10 06:00:31.676,0.96572,0.96593,1.38,1.15
2014.01.10 06:00:32.131,0.96572,0.96593,1.53,1.10
2014.01.10 06:00:32.200,0.96572,0.96593,1.45,1.18
2014.01.10 06:00:32.470,0.96572,0.96593,1.53,1.00
2014.01.10 06:00:32.529,0.96572,0.96593,1.45,1.08
2014.01.10 06:00:32.896,0.96572,0.96593,1.53,1.00
2014.01.10 06:00:32.997,0.96572,0.96593,1.45,1.18
2014.01.10 06:00:33.328,0.96572,0.96588,1.45,1.00
2014.01.10 06:00:33.430,0.96572,0.96588,1.45,1.00
2014.01.10 06:00:33.655,0.96577,0.96598,1.00,1.53
2014.01.10 06:00:34.621,0.96577,0.96597,1.00,2.70
2014.01.10 06:00:35.149,0.96572,0.96588,1.28,1.00
2014.01.10 06:00:35.300,0.96577,0.96597,1.00,2.70
2014.01.10 06:00:36.036,0.96572,0.96593,1.55,1.15
2014.01.10 06:00:36.263,0.96577,0.96597,1.00,3.08
2014.01.10 06:00:37.683,0.96572,0.96593,1.55,1.15
2014.01.10 06:00:40.104,0.96577,0.96597,1.00,3.08
2014.01.10 06:00:54.602,0.96577,0.96598,1.13,1.15
2014.01.10 06:01:06.064,0.96581,0.96599,1.00,2.70
2014.01.10 06:01:06.599,0.96582,0.96599,1.00,2.70
2014.01.10 06:01:07.519,0.96582,0.96602,1.00,2.70
2014.01.10 06:01:13.463,0.96582,0.96604,1.00,1.90
2014.01.10 06:01:13.665,0.96581,0.96603,1.00,5.25
2014.01.10 06:01:14.373,0.96587,0.96603,1.00,5.25
2014.01.10 06:01:14.625,0.96587,0.96607,1.00,3.45
2014.01.10 06:01:21.289,0.96592,0.96606,1.00,1.15
2014.01.10 06:01:21.591,0.96592,0.96608,1.00,1.53
2014.01.10 06:01:30.653,0.96591,0.9661,1.00,3.83
2014.01.10 06:01:41.659,0.96591,0.96608,1.00,1.15
2014.01.10 06:01:48.893,0.96587,0.96608,1.00,1.65
2014.01.10 06:01:49.317,0.96587,0.96608,1.15,1.28
2014.01.10 06:01:49.468,0.96587,0.96608,3.45,1.10
2014.01.10 06:01:49.889,0.96591,0.96614,1.18,1.53
2014.01.10 06:01:50.102,0.96587,0.96608,3.45,1.00
2014.01.10 06:01:50.451,0.96587,0.96608,1.15,1.08
2014.01.10 06:01:50.753,0.96591,0.96614,1.20,1.65
2014.01.10 06:01:51.898,0.96591,0.96612,1.10,1.15
2014.01.10 06:01:52.215,0.96591,0.96609,1.00,1.65
2014.01.10 06:01:52.719,0.96592,0.9661,1.00,4.50
2014.01.10 06:01:52.917,0.96592,0.96612,1.00,1.65
2014.01.10 06:01:55.603,0.96591,0.96609,1.00,1.15
2014.01.10 06:01:55.654,0.96591,0.96609,1.00,1.15
2014.01.10 06:01:58.190,0.96591,0.96611,1.00,2.33
2014.01.10 06:01:58.341,0.96591,0.96612,1.00,1.65
2014.01.10 06:01:58.545,0.96591,0.9661,1.00,1.15
2014.01.10 06:01:59.364,0.96592,0.96608,1.00,1.15
2014.01.10 06:01:59.666,0.96592,0.96608,1.00,3.83
2014.01.10 06:01:59.978,0.96591,0.96608,1.00,1.15
2014.01.10 06:02:06.351,0.96597,0.96612,1.00,2.33
2014.01.10 06:02:07.874,0.96591,0.96612,1.00,2.33
2014.01.10 06:02:10.381,0.96596,0.96612,1.00,2.33
2014.01.10 06:02:11.836,0.96592,0.96612,1.00,2.33
2014.01.10 06:02:16.141,0.96597,0.96612,1.00,2.33
2014.01.10 06:02:17.664,0.96597,0.96613,1.00,2.33
2014.01.10 06:02:17.714,0.96597,0.96618,1.00,6.75
2014.01.10 06:02:22.393,0.96601,0.96618,1.00,5.63
2014.01.10 06:02:22.600,0.96592,0.96608,1.18,1.00
2014.01.10 06:02:22.651,0.96592,0.96608,1.08,1.00
2014.01.10 06:02:22.752,0.96592,0.96608,1.15,1.00
2014.01.10 06:02:23.055,0.96606,0.96622,1.00,2.63
2014.01.10 06:02:23.373,0.96602,0.96623,1.00,1.53
2014.01.10 06:02:35.132,0.96596,0.96614,1.08,1.00
2014.01.10 06:02:35.183,0.96596,0.96614,1.08,1.00
2014.01.10 06:02:35.485,0.96597,0.96618,1.15,1.10
2014.01.10 06:02:37.881,0.96602,0.96622,1.00,1.65
2014.01.10 06:02:40.063,0.96602,0.96621,1.00,3.08
2014.01.10 06:02:43.278,0.96602,0.96623,1.00,2.03
2014.01.10 06:02:44.101,0.96596,0.96619,1.15,1.28
2014.01.10 06:02:44.606,0.96596,0.96619,1.28,1.58
2014.01.10 06:02:55.584,0.96597,0.96619,2.33,1.48
2014.01.10 06:02:55.745,0.96596,0.96619,2.03,1.48
2014.01.10 06:02:58.209,0.96596,0.96619,1.08,1.55
2014.01.10 06:02:58.260,0.96596,0.96619,1.10,1.53
2014.01.10 06:02:59.283,0.96597,0.96613,1.00,1.00
2014.01.10 06:02:59.645,0.96591,0.96609,1.00,1.10
2014.01.10 06:02:59.746,0.96591,0.96609,1.00,1.18
2014.01.10 06:03:00.057,0.96596,0.96614,1.00,3.45
2014.01.10 06:03:00.601,0.96586,0.96609,1.15,1.18
2014.01.10 06:03:03.352,0.96586,0.96604,1.15,1.00
2014.01.10 06:03:03.453,0.96586,0.96604,1.00,1.00
2014.01.10 06:03:03.945,0.96592,0.96611,1.00,2.70
2014.01.10 06:03:03.996,0.96592,0.96613,1.00,3.45
2014.01.10 06:03:04.351,0.96596,0.96613,1.00,3.08
2014.01.10 06:03:04.671,0.96596,0.96613,1.00,1.15
2014.01.10 06:03:05.211,0.96597,0.96613,1.00,1.15
2014.01.10 06:03:05.782,0.96597,0.96613,1.00,1.10
2014.01.10 06:03:10.523,0.96597,0.96613,1.00,1.15
2014.01.10 06:03:10.625,0.96591,0.96614,1.10,1.53
2014.01.10 06:03:11.184,0.96591,0.96614,1.10,1.90
2014.01.10 06:03:13.582,0.96597,0.96613,1.00,1.90
2014.01.10 06:03:14.130,0.96597,0.96613,1.00,1.28
2014.01.10 06:03:30.765,0.96597,0.96613,1.00,1.08
2014.01.10 06:03:34.415,0.96597,0.96613,1.00,1.15
2014.01.10 06:03:36.271,0.96592,0.96608,1.00,1.00
2014.01.10 06:03:36.821,0.96596,0.96614,1.00,1.15
2014.01.10 06:03:51.296,0.96596,0.96614,1.00,1.18
2014.01.10 06:03:51.453,0.96597,0.96618,1.08,1.28
2014.01.10 06:03:51.504,0.96597,0.96618,1.08,1.28
2014.01.10 06:03:55.853,0.96602,0.96622,1.00,3.08
2014.01.10 06:04:05.157,0.96602,0.96618,1.00,2.70
2014.01.10 06:04:05.322,0.96596,0.96614,1.00,1.18
2014.01.10 06:04:06.791,0.96596,0.96614,1.00,1.15
2014.01.10 06:04:08.463,0.96596,0.96614,1.00,1.28
2014.01.10 06:04:08.564,0.96596,0.96614,1.08,1.20
2014.01.10 06:04:08.867,0.96607,0.96623,1.00,3.83
2014.01.10 06:04:09.865,0.96607,0.96623,1.00,1.65
2014.01.10 06:04:10.390,0.96607,0.96623,1.00,1.53
2014.01.10 06:04:45.881,0.96607,0.96623,1.00,1.53
2014.01.10 06:05:04.241,0.96601,0.96619,1.20,1.00
2014.01.10 06:05:08.092,0.96606,0.96624,1.00,1.53
2014.01.10 06:05:08.880,0.96606,0.96624,1.00,1.53
2014.01.10 06:05:10.148,0.96606,0.96624,1.00,1.38
2014.01.10 06:05:13.200,0.96606,0.96624,1.00,1.38
2014.01.10 06:05:33.390,0.96601,0.96619,1.00,1.00
2014.01.10 06:05:48.408,0.96606,0.96627,1.00,1.13
2014.01.10 06:05:48.954,0.96606,0.96629,1.38,1.15
2014.01.10 06:05:49.158,0.96606,0.96629,1.55,1.18
2014.01.10 06:05:51.650,0.96606,0.96629,1.55,1.18
2014.01.10 06:05:55.139,0.96617,0.96633,1.00,1.28
2014.01.10 06:05:55.240,0.96617,0.96633,1.00,1.15
2014.01.10 06:05:55.342,0.96621,0.96639,1.00,2.40
2014.01.10 06:05:55.446,0.96621,0.96639,1.00,1.28
2014.01.10 06:05:55.547,0.96617,0.96638,1.53,1.18
2014.01.10 06:05:56.319,0.96617,0.96638,1.13,1.15
2014.01.10 06:06:02.082,0.96617,0.96638,1.00,2.03
2014.01.10 06:06:02.385,0.96612,0.96628,1.00,1.10
2014.01.10 06:06:02.688,0.96612,0.96628,1.58,1.00
2014.01.10 06:06:02.848,0.96611,0.96634,1.53,1.15
2014.01.10 06:06:02.999,0.96614,0.96634,1.28,1.10
2014.01.10 06:06:03.301,0.96622,0.96638,1.10,1.00
2014.01.10 06:06:03.835,0.96616,0.96633,1.15,1.00
2014.01.10 06:06:05.330,0.96613,0.96628,2.70,1.00
2014.01.10 06:06:05.431,0.96612,0.96628,1.53,1.00
2014.01.10 06:06:15.364,0.96612,0.96628,1.10,1.00
2014.01.10 06:06:19.340,0.96606,0.96624,3.83,1.00
2014.01.10 06:06:19.491,0.96606,0.96624,1.58,1.00
2014.01.10 06:06:19.592,0.96611,0.96629,1.00,1.15
2014.01.10 06:06:19.795,0.96607,0.96628,1.00,1.53
2014.01.10 06:06:19.896,0.96607,0.96628,1.08,1.08
2014.01.10 06:06:20.437,0.96607,0.96628,1.15,1.00
2014.01.10 06:06:22.089,0.96612,0.96628,1.00,1.00
2014.01.10 06:06:24.399,0.96606,0.96629,1.53,1.10
2014.01.10 06:06:25.046,0.96606,0.96629,1.28,1.10
2014.01.10 06:06:40.619,0.96606,0.96629,1.15,1.20
2014.01.10 06:06:43.538,0.96611,0.96632,1.00,2.70
2014.01.10 06:06:46.091,0.96606,0.96624,1.38,1.15
2014.01.10 06:06:46.656,0.96606,0.96624,1.00,1.15
2014.01.10 06:06:47.868,0.96607,0.96626,1.00,2.33
2014.01.10 06:06:47.969,0.96607,0.96628,1.00,2.03
2014.01.10 06:06:50.127,0.96607,0.96628,1.08,1.45
2014.01.10 06:06:50.440,0.96616,0.96634,1.00,1.53
2014.01.10 06:06:50.892,0.96616,0.96633,1.00,2.70
2014.01.10 06:06:50.943,0.96611,0.96632,1.00,3.08
2014.01.10 06:06:51.151,0.96606,0.96629,1.10,1.15
2014.01.10 06:06:51.252,0.96606,0.96629,1.00,5.63
2014.01.10 06:07:03.558,0.96607,0.96623,1.00,1.20
2014.01.10 06:07:03.927,0.96607,0.96623,1.00,1.15
2014.01.10 06:07:05.362,0.96606,0.96626,1.00,2.70
2014.01.10 06:07:05.463,0.96606,0.96629,1.00,1.53
2014.01.10 06:07:05.564,0.96606,0.96628,1.00,4.88
2014.01.10 06:07:05.929,0.96607,0.96623,1.00,1.15
2014.01.10 06:07:17.648,0.96597,0.96618,1.53,1.00
2014.01.10 06:07:28.199,0.96601,0.96624,1.00,4.20
2014.01.10 06:07:33.128,0.96597,0.96623,1.18,1.90
2014.01.10 06:07:33.280,0.96597,0.9662,1.00,1.15
2014.01.10 06:07:33.589,0.96592,0.96613,1.45,1.18
2014.01.10 06:07:35.629,0.96592,0.96613,1.00,1.18
2014.01.10 06:07:36.051,0.96592,0.96613,1.00,5.25
2014.01.10 06:07:36.395,0.96596,0.96613,1.00,4.50
2014.01.10 06:07:41.385,0.96596,0.96611,1.00,2.70
2014.01.10 06:07:41.712,0.96596,0.96609,1.00,2.33
2014.01.10 06:07:52.979,0.96596,0.96611,1.00,2.33
2014.01.10 06:07:53.081,0.96596,0.96612,1.00,1.15
2014.01.10 06:07:54.858,0.96591,0.96613,1.13,2.33
2014.01.10 06:08:06.174,0.96591,0.96607,1.00,3.08
2014.01.10 06:08:06.438,0.96587,0.96603,1.00,1.18
2014.01.10 06:08:06.899,0.96587,0.96603,1.00,1.15
2014.01.10 06:08:23.268,0.96582,0.96598,1.00,1.00
2014.01.10 06:08:35.587,0.96587,0.96603,1.00,1.65
2014.01.10 06:08:39.549,0.96582,0.96598,1.00,1.10
2014.01.10 06:08:39.631,0.96582,0.96598,1.00,1.15
2014.01.10 06:08:39.964,0.96582,0.96598,1.00,5.25
2014.01.10 06:08:40.219,0.96582,0.96599,1.00,1.15
2014.01.10 06:08:45.157,0.96576,0.96599,1.38,1.15
2014.01.10 06:08:58.769,0.96576,0.96598,1.38,2.33
2014.01.10 06:08:59.092,0.96581,0.96594,1.00,1.15
2014.01.10 06:09:00.778,0.96581,0.96597,1.00,2.70
2014.01.10 06:09:03.307,0.96577,0.96597,1.00,2.70
2014.01.10 06:09:04.141,0.96577,0.96592,1.00,2.25
2014.01.10 06:09:04.343,0.96572,0.96588,1.00,2.33
2014.01.10 06:09:06.415,0.96567,0.96583,1.00,1.18
2014.01.10 06:09:06.465,0.96567,0.96583,1.00,1.65
2014.01.10 06:09:06.796,0.96567,0.96581,1.00,2.33
2014.01.10 06:09:09.373,0.96556,0.96574,1.18,1.00
2014.01.10 06:09:09.424,0.96556,0.96574,1.15,1.00
2014.01.10 06:09:09.525,0.96556,0.96574,1.20,1.00
2014.01.10 06:09:09.626,0.96566,0.96581,1.00,1.53
2014.01.10 06:09:09.777,0.96566,0.96584,1.00,4.95
2014.01.10 06:09:09.979,0.96567,0.96583,1.00,3.53
2014.01.10 06:09:10.130,0.96561,0.96584,1.28,3.53
2014.01.10 06:09:10.281,0.96561,0.96582,1.20,2.25
2014.01.10 06:09:10.332,0.96561,0.96582,1.13,2.33
2014.01.10 06:09:10.382,0.96566,0.96582,1.00,2.33
2014.01.10 06:09:10.533,0.96566,0.96583,1.00,2.40
2014.01.10 06:09:12.474,0.96566,0.96584,1.00,5.70
2014.01.10 06:09:14.142,0.96557,0.96578,1.13,1.15
2014.01.10 06:09:14.245,0.96557,0.96577,1.13,3.08
2014.01.10 06:09:14.548,0.96557,0.96572,1.00,1.15
2014.01.10 06:09:19.236,0.96557,0.96568,1.00,1.15
2014.01.10 06:09:19.847,0.96556,0.96568,1.00,1.15
2014.01.10 06:09:19.897,0.96551,0.96568,1.00,1.15
2014.01.10 06:09:20.306,0.96556,0.96568,1.00,1.15
2014.01.10 06:09:22.424,0.96551,0.96568,1.00,1.15
2014.01.10 06:09:22.836,0.96556,0.96568,1.00,1.15
2014.01.10 06:09:23.417,0.96551,0.96568,1.00,1.15
2014.01.10 06:09:25.730,0.96551,0.96571,1.00,2.70
2014.01.10 06:09:26.708,0.96557,0.96571,1.00,2.70
2014.01.10 06:09:26.809,0.96551,0.96571,1.00,3.45
2014.01.10 06:09:26.960,0.96551,0.96571,1.00,1.28
2014.01.10 06:09:38.928,0.96551,0.96571,1.13,1.28
2014.01.10 06:09:39.346,0.96541,0.96569,1.90,1.15
2014.01.10 06:09:39.575,0.96541,0.96568,1.65,2.33
2014.01.10 06:09:40.232,0.96541,0.96565,1.20,2.33
2014.01.10 06:09:40.536,0.96541,0.96563,1.00,4.50
2014.01.10 06:09:44.616,0.96536,0.96559,1.65,1.15
2014.01.10 06:09:45.373,0.96536,0.96559,1.65,1.15
2014.01.10 06:09:49.416,0.96536,0.96559,1.20,1.15
2014.01.10 06:09:49.917,0.96536,0.96559,1.38,3.08
2014.01.10 06:10:02.024,0.96537,0.96559,1.08,3.00
2014.01.10 06:10:02.075,0.96537,0.96559,1.15,1.10
2014.01.10 06:10:02.126,0.96547,0.96563,1.00,1.15
2014.01.10 06:10:02.434,0.96547,0.96563,1.00,3.08
2014.01.10 06:10:02.613,0.96547,0.96563,1.00,1.15
2014.01.10 06:10:10.827,0.96541,0.96559,1.28,1.00
2014.01.10 06:10:11.608,0.96546,0.96563,1.00,2.03
2014.01.10 06:10:19.855,0.96542,0.96563,1.00,2.40
2014.01.10 06:10:20.366,0.96547,0.96563,1.00,2.03
2014.01.10 06:10:22.815,0.96547,0.96564,1.00,1.53
2014.01.10 06:10:30.535,0.96547,0.96566,1.00,2.40
2014.01.10 06:10:31.015,0.96547,0.96566,1.00,2.40
2014.01.10 06:10:33.766,0.96547,0.96566,1.00,2.40
2014.01.10 06:10:35.602,0.96547,0.96566,1.00,2.40
2014.01.10 06:10:48.566,0.96551,0.96566,1.00,2.40
2014.01.10 06:10:48.818,0.96546,0.96569,1.18,1.90
2014.01.10 06:10:49.514,0.96546,0.96567,1.00,1.53
2014.01.10 06:10:53.866,0.96542,0.96563,1.15,1.58
2014.01.10 06:10:54.639,0.96542,0.96563,1.15,1.58
2014.01.10 06:10:56.615,0.96546,0.96567,1.00,1.65
2014.01.10 06:10:56.666,0.96546,0.96567,1.00,1.65
2014.01.10 06:11:14.355,0.96546,0.96567,1.00,2.03
2014.01.10 06:11:18.168,0.96546,0.96566,1.00,2.03
2014.01.10 06:11:26.945,0.96546,0.96566,1.00,1.53
2014.01.10 06:11:27.996,0.96546,0.96566,1.00,1.53
2014.01.10 06:11:29.729,0.96546,0.96566,1.00,1.53
2014.01.10 06:11:37.725,0.96546,0.96566,1.00,1.53
2014.01.10 06:11:37.908,0.96541,0.96564,1.15,1.58
2014.01.10 06:11:37.959,0.96541,0.96564,1.15,1.28
2014.01.10 06:11:38.110,0.96546,0.96566,1.00,2.78
2014.01.10 06:11:44.773,0.96546,0.96567,1.00,1.53
2014.01.10 06:11:45.398,0.96546,0.96564,1.00,1.15
2014.01.10 06:11:52.456,0.96546,0.96561,1.00,2.25
2014.01.10 06:11:52.744,0.96541,0.96559,1.00,1.53
2014.01.10 06:11:53.000,0.96541,0.96556,1.00,1.53
2014.01.10 06:11:53.753,0.96541,0.96556,1.00,1.28
2014.01.10 06:11:54.585,0.96536,0.96556,1.00,1.28
2014.01.10 06:11:57.555,0.96541,0.96557,1.00,3.45
2014.01.10 06:12:07.418,0.96544,0.96556,1.00,1.53
2014.01.10 06:12:13.667,0.96545,0.96557,1.00,1.53
2014.01.10 06:12:14.718,0.96546,0.96558,1.00,1.53
2014.01.10 06:12:17.110,0.96542,0.96558,1.00,2.03
2014.01.10 06:12:17.786,0.96542,0.96558,1.00,1.28
2014.01.10 06:12:17.837,0.9655,0.9656,1.00,2.70
2014.01.10 06:12:18.038,0.96552,0.96568,1.00,1.90
2014.01.10 06:12:18.089,0.96555,0.96569,1.00,3.08
2014.01.10 06:12:18.442,0.96556,0.96573,1.00,1.65
2014.01.10 06:12:18.593,0.96556,0.96574,1.00,1.90
2014.01.10 06:12:19.044,0.96551,0.96569,1.15,1.00
2014.01.10 06:12:19.197,0.96551,0.96569,1.00,1.15
2014.01.10 06:12:19.499,0.96556,0.96573,1.00,3.08
2014.01.10 06:12:19.784,0.96556,0.96574,1.00,1.90
2014.01.10 06:12:20.309,0.96556,0.96573,1.00,1.65
2014.01.10 06:12:20.804,0.96552,0.96573,1.00,2.40
2014.01.10 06:12:27.597,0.96552,0.96573,1.00,1.53
2014.01.10 06:12:28.214,0.96551,0.96569,1.00,1.38
2014.01.10 06:12:28.615,0.96546,0.96569,1.28,1.38
2014.01.10 06:12:28.766,0.96546,0.96569,1.20,1.53
2014.01.10 06:12:30.144,0.96546,0.96569,1.18,1.58
2014.01.10 06:12:30.501,0.96552,0.96568,1.00,1.00
2014.01.10 06:12:37.854,0.96551,0.96572,1.00,1.15
2014.01.10 06:12:37.955,0.96551,0.96574,1.08,1.65
2014.01.10 06:12:38.959,0.96551,0.96574,1.18,1.28
2014.01.10 06:12:42.193,0.96551,0.96574,1.18,1.18
2014.01.10 06:12:42.294,0.96551,0.96574,1.15,1.08
2014.01.10 06:12:42.884,0.96551,0.96574,1.15,1.15
2014.01.10 06:12:44.943,0.96551,0.96573,1.08,1.15
2014.01.10 06:12:44.994,0.96551,0.96573,1.00,1.15
2014.01.10 06:12:45.308,0.96546,0.96569,1.10,1.28
2014.01.10 06:12:46.251,0.96546,0.96568,1.10,3.08
2014.01.10 06:12:55.344,0.96542,0.96563,1.20,1.15
2014.01.10 06:13:11.946,0.96542,0.96563,1.18,1.08
2014.01.10 06:13:13.171,0.96542,0.96563,1.15,1.00
2014.01.10 06:13:20.354,0.96539,0.96553,4.50,1.00
2014.01.10 06:13:20.456,0.96537,0.96553,1.15,1.00
2014.01.10 06:13:20.658,0.96537,0.96553,1.18,1.00
2014.01.10 06:13:30.745,0.96537,0.96553,1.15,1.00
2014.01.10 06:13:30.846,0.96542,0.96563,1.00,1.90
2014.01.10 06:13:31.443,0.96542,0.96563,1.00,1.65
2014.01.10 06:13:37.873,0.96551,0.96567,1.00,5.25
2014.01.10 06:13:37.974,0.96551,0.96569,1.00,1.90
2014.01.10 06:13:38.276,0.96551,0.96566,1.00,1.18
2014.01.10 06:13:38.327,0.96541,0.96564,1.15,1.15
2014.01.10 06:14:02.321,0.96541,0.96564,1.08,3.45
2014.01.10 06:14:02.372,0.96541,0.96564,1.00,6.38
2014.01.10 06:14:02.931,0.96541,0.96559,1.00,1.28
2014.01.10 06:14:12.603,0.96537,0.96553,1.18,1.00
2014.01.10 06:14:16.592,0.96542,0.96558,1.00,1.18
2014.01.10 06:14:19.093,0.96546,0.96563,1.00,3.08
2014.01.10 06:14:19.194,0.96546,0.96563,1.00,1.15
2014.01.10 06:14:19.396,0.96546,0.96563,1.00,1.00
2014.01.10 06:14:20.507,0.96546,0.96569,1.00,2.40
2014.01.10 06:14:39.612,0.96546,0.96568,1.00,2.70
2014.01.10 06:14:46.705,0.9655,0.96568,1.00,2.70
2014.01.10 06:14:47.066,0.96561,0.96579,1.00,1.90
2014.01.10 06:14:47.480,0.96561,0.96579,1.00,1.15
2014.01.10 06:14:47.988,0.96561,0.96579,1.00,1.00
2014.01.10 06:14:48.522,0.96561,0.96579,1.38,1.00
2014.01.10 06:14:50.921,0.96561,0.96579,1.13,1.00
2014.01.10 06:14:51.102,0.96561,0.96584,1.13,1.15
2014.01.10 06:14:51.664,0.9656,0.96579,1.20,1.00
2014.01.10 06:14:51.966,0.96559,0.96579,1.00,1.15
2014.01.10 06:14:52.238,0.96556,0.96579,2.03,1.00
2014.01.10 06:15:02.761,0.96556,0.96579,1.50,1.15
2014.01.10 06:15:03.063,0.96547,0.96563,1.15,1.00
2014.01.10 06:15:03.113,0.96547,0.96563,1.00,1.00
2014.01.10 06:15:03.164,0.96546,0.96569,1.20,1.15
2014.01.10 06:15:04.964,0.96542,0.96567,1.93,3.08
2014.01.10 06:15:05.266,0.96541,0.96564,1.00,3.08
2014.01.10 06:15:08.075,0.96537,0.96558,1.28,1.10
2014.01.10 06:15:10.358,0.96537,0.96558,3.45,1.00
2014.01.10 06:15:10.606,0.96541,0.96564,1.15,1.28
2014.01.10 06:15:13.288,0.96541,0.96564,1.08,1.15
2014.01.10 06:15:13.340,0.96541,0.96564,1.00,1.15
2014.01.10 06:15:13.390,0.96542,0.96558,1.00,1.08
2014.01.10 06:15:13.576,0.96537,0.96558,1.00,1.15
2014.01.10 06:15:17.297,0.96537,0.96558,1.08,1.53
2014.01.10 06:15:17.600,0.96541,0.9656,1.00,3.08
2014.01.10 06:15:17.994,0.96536,0.96559,1.10,1.15
2014.01.10 06:15:27.355,0.96532,0.96553,1.90,1.00
2014.01.10 06:15:37.729,0.96532,0.96553,1.53,1.00
2014.01.10 06:15:39.535,0.96537,0.96558,1.10,1.55
2014.01.10 06:15:45.584,0.96531,0.96554,3.45,1.00
2014.01.10 06:15:46.575,0.96536,0.96559,1.18,2.03
2014.01.10 06:15:51.762,0.96538,0.96559,2.33,1.88
2014.01.10 06:15:51.913,0.96546,0.96564,1.18,1.38
2014.01.10 06:15:52.064,0.96546,0.96564,1.18,1.00
2014.01.10 06:15:52.418,0.96551,0.96569,1.00,1.10
2014.01.10 06:15:52.519,0.96551,0.96569,1.08,1.00
2014.01.10 06:15:52.849,0.96547,0.96564,2.70,1.00
2014.01.10 06:16:01.181,0.96546,0.96564,2.03,1.00
2014.01.10 06:16:01.232,0.96546,0.96564,2.03,1.00
2014.01.10 06:16:04.425,0.96552,0.96568,1.00,1.00
2014.01.10 06:16:05.440,0.96552,0.96568,1.08,1.00
2014.01.10 06:16:07.585,0.96547,0.96569,2.70,1.00
2014.01.10 06:16:07.838,0.96552,0.96573,1.00,4.20
2014.01.10 06:16:08.143,0.96547,0.96568,1.15,1.28
2014.01.10 06:16:08.244,0.96547,0.96568,1.15,1.10
2014.01.10 06:16:11.316,0.96547,0.96568,1.08,1.28
2014.01.10 06:16:11.367,0.96542,0.96563,3.08,1.00
2014.01.10 06:16:11.569,0.96542,0.96563,1.15,1.00
2014.01.10 06:16:11.906,0.96546,0.96569,1.00,1.90
2014.01.10 06:16:12.138,0.96541,0.96564,1.15,1.10
2014.01.10 06:16:12.447,0.96541,0.96564,1.28,1.48
2014.01.10 06:16:13.175,0.96541,0.96564,1.28,1.48
2014.01.10 06:16:13.625,0.96544,0.96564,1.65,1.00
2014.01.10 06:16:13.676,0.96552,0.96568,1.00,1.10
2014.01.10 06:16:13.777,0.96552,0.96573,1.13,1.65
2014.01.10 06:16:13.827,0.96552,0.96573,1.20,1.58
2014.01.10 06:16:13.878,0.96552,0.96573,1.28,1.00
2014.01.10 06:16:13.979,0.96554,0.96573,2.70,1.00
2014.01.10 06:16:14.340,0.96557,0.96578,1.53,1.20
2014.01.10 06:16:19.053,0.96562,0.96583,1.00,1.90
2014.01.10 06:16:25.908,0.96562,0.96581,1.00,2.33
2014.01.10 06:16:27.673,0.96561,0.96579,1.00,1.15
2014.01.10 06:16:28.294,0.96567,0.96582,1.00,1.28
2014.01.10 06:16:32.223,0.96567,0.96581,1.00,1.00
2014.01.10 06:16:32.924,0.96567,0.96587,1.00,1.53
2014.01.10 06:16:37.847,0.96567,0.96587,1.08,1.08
2014.01.10 06:16:37.897,0.96576,0.96589,1.00,1.53
2014.01.10 06:16:43.629,0.96571,0.96589,1.00,1.15
2014.01.10 06:16:43.933,0.96566,0.96589,1.18,1.65
2014.01.10 06:16:43.983,0.96566,0.96589,1.10,3.83
2014.01.10 06:16:44.306,0.96572,0.96588,1.00,2.03
2014.01.10 06:16:44.357,0.96567,0.96583,1.00,1.10
2014.01.10 06:16:44.508,0.96567,0.96583,1.00,1.08
2014.01.10 06:16:44.811,0.96567,0.96588,1.00,1.65
2014.01.10 06:16:52.422,0.96572,0.9659,1.00,3.83
2014.01.10 06:16:53.594,0.96566,0.96584,1.00,1.10
2014.01.10 06:16:53.695,0.96566,0.96584,1.00,1.28
2014.01.10 06:16:55.455,0.96566,0.96586,1.00,1.53
2014.01.10 06:17:07.075,0.96566,0.96584,1.00,1.28
2014.01.10 06:17:26.465,0.96566,0.96584,1.00,1.28
2014.01.10 06:17:27.711,0.96566,0.96584,1.00,1.28
2014.01.10 06:17:30.154,0.96561,0.96579,1.15,1.00
2014.01.10 06:17:30.205,0.96561,0.96579,1.10,1.10
2014.01.10 06:17:30.356,0.96567,0.96583,1.00,1.53
2014.01.10 06:17:32.319,0.96561,0.96579,1.10,1.10
2014.01.10 06:17:32.369,0.96561,0.96579,1.10,1.48
2014.01.10 06:17:35.663,0.96557,0.96578,1.15,1.45
2014.01.10 06:17:36.352,0.96557,0.96578,1.18,1.28
2014.01.10 06:18:16.149,0.96561,0.96579,1.00,1.53
2014.01.10 06:18:16.300,0.96561,0.96579,1.18,1.13
2014.01.10 06:18:16.603,0.96566,0.96584,1.00,2.03
2014.01.10 06:18:17.156,0.96558,0.96578,1.28,1.00
2014.01.10 06:18:18.159,0.96557,0.96578,1.15,1.00
2014.01.10 06:18:18.701,0.96557,0.96584,1.15,1.28
2014.01.10 06:18:18.752,0.96557,0.96584,3.08,1.28
2014.01.10 06:18:18.853,0.96558,0.96584,2.33,1.15
2014.01.10 06:18:18.903,0.96572,0.96588,1.00,3.45
2014.01.10 06:18:18.954,0.96572,0.96588,1.00,1.55
2014.01.10 06:18:19.468,0.96572,0.96588,1.10,1.00
2014.01.10 06:18:28.893,0.96566,0.96589,3.08,1.38
2014.01.10 06:18:29.044,0.96566,0.96589,1.18,1.53
2014.01.10 06:18:33.392,0.96562,0.96584,2.33,1.00
2014.01.10 06:18:34.388,0.96562,0.96584,2.33,1.38
2014.01.10 06:18:34.559,0.96561,0.96584,1.15,1.53
2014.01.10 06:18:35.172,0.96561,0.96584,1.15,1.53
2014.01.10 06:18:35.607,0.96566,0.96584,1.00,1.53
2014.01.10 06:18:36.191,0.96566,0.96584,1.18,1.00
2014.01.10 06:18:36.733,0.96561,0.96584,3.45,1.38
2014.01.10 06:18:36.834,0.96561,0.96584,1.15,1.55
2014.01.10 06:18:39.139,0.96564,0.96584,2.25,1.48
2014.01.10 06:18:39.442,0.96572,0.96588,1.00,1.20
2014.01.10 06:18:39.543,0.96572,0.96593,1.08,1.45
2014.01.10 06:18:39.846,0.96577,0.96593,1.18,1.38
2014.01.10 06:18:39.897,0.96576,0.96594,1.15,1.00
2014.01.10 06:18:40.056,0.96576,0.96594,1.08,1.08
2014.01.10 06:18:40.107,0.96567,0.96588,1.65,1.00
2014.01.10 06:18:41.919,0.96567,0.96588,1.53,1.10
2014.01.10 06:18:42.398,0.96572,0.96593,1.00,1.53
2014.01.10 06:19:06.062,0.96567,0.96588,1.15,1.10
2014.01.10 06:19:29.103,0.96567,0.96583,1.15,1.00
2014.01.10 06:19:29.204,0.96567,0.96583,1.10,1.00
2014.01.10 06:19:34.923,0.96567,0.96588,1.10,1.15
2014.01.10 06:19:38.102,0.96567,0.96583,1.10,1.00
2014.01.10 06:19:40.312,0.96567,0.96583,1.00,1.18
2014.01.10 06:19:40.622,0.96556,0.96574,1.28,1.00
2014.01.10 06:19:40.773,0.96556,0.96574,1.13,1.18
2014.01.10 06:19:45.361,0.96557,0.96578,1.00,1.53
2014.01.10 06:19:47.242,0.96557,0.96577,1.00,2.70
2014.01.10 06:19:47.343,0.96551,0.96574,1.18,1.15
2014.01.10 06:19:47.647,0.96551,0.96574,1.00,4.20
2014.01.10 06:19:49.322,0.96556,0.96574,1.00,4.20
2014.01.10 06:19:51.631,0.96552,0.96573,1.00,1.53
2014.01.10 06:19:52.895,0.96552,0.96573,1.00,1.53
2014.01.10 06:19:53.061,0.96546,0.96569,1.15,1.55
2014.01.10 06:19:54.051,0.96551,0.96569,1.00,1.55
2014.01.10 06:19:54.401,0.96551,0.96569,1.00,1.55
2014.01.10 06:19:54.994,0.96552,0.96573,1.00,1.53
2014.01.10 06:19:56.926,0.96556,0.96574,1.00,1.53
2014.01.10 06:19:57.027,0.96556,0.96576,1.18,1.00
2014.01.10 06:20:00.542,0.96562,0.96579,1.00,1.65
2014.01.10 06:20:02.739,0.96556,0.96579,1.18,2.40
2014.01.10 06:20:13.210,0.96556,0.96578,1.18,1.55
2014.01.10 06:20:13.708,0.96562,0.96578,1.00,1.55
2014.01.10 06:20:16.366,0.96562,0.96578,1.00,1.55
2014.01.10 06:20:17.165,0.96556,0.96578,1.18,1.55
2014.01.10 06:20:17.677,0.96556,0.96578,1.10,1.53
2014.01.10 06:20:38.682,0.96556,0.96579,1.00,1.53
2014.01.10 06:20:45.111,0.96562,0.9658,1.00,1.53
2014.01.10 06:20:45.361,0.96562,0.96583,1.00,2.40
2014.01.10 06:20:45.462,0.96562,0.96583,1.15,1.85
2014.01.10 06:20:45.703,0.96567,0.96583,1.00,1.10
2014.01.10 06:20:45.906,0.96571,0.96589,1.10,1.00
2014.01.10 06:20:46.107,0.96581,0.96596,1.00,1.20
2014.01.10 06:20:46.209,0.96581,0.96598,1.15,1.50
2014.01.10 06:20:46.757,0.96581,0.96599,1.53,1.00
2014.01.10 06:20:46.858,0.96577,0.96594,2.70,1.00
2014.01.10 06:20:47.296,0.96582,0.96598,1.18,1.00
2014.01.10 06:20:48.075,0.96581,0.96604,1.53,1.15
2014.01.10 06:20:48.196,0.96581,0.96604,1.53,1.10
2014.01.10 06:20:50.686,0.96586,0.96604,1.08,1.00
2014.01.10 06:20:50.988,0.96586,0.96604,3.83,1.00
2014.01.10 06:20:51.544,0.96586,0.96604,1.65,1.00
2014.01.10 06:20:55.999,0.96581,0.96604,1.53,1.08
2014.01.10 06:20:56.100,0.96581,0.96599,1.53,1.00
2014.01.10 06:20:56.492,0.96581,0.96599,1.20,1.00
2014.01.10 06:20:56.879,0.96581,0.96604,1.20,1.15
2014.01.10 06:21:01.388,0.96577,0.96598,1.53,1.00
2014.01.10 06:21:05.444,0.96577,0.96598,1.15,1.10
2014.01.10 06:21:08.210,0.96577,0.96598,1.10,1.15
2014.01.10 06:21:08.549,0.96577,0.96593,1.10,1.00
2014.01.10 06:21:24.947,0.96572,0.96593,1.18,1.08
2014.01.10 06:21:24.998,0.96572,0.96593,1.18,1.15
2014.01.10 06:21:40.712,0.96568,0.96589,1.28,1.00
2014.01.10 06:21:44.304,0.96572,0.96593,1.18,1.15
2014.01.10 06:21:45.585,0.96572,0.96593,1.18,1.08
2014.01.10 06:21:48.550,0.96572,0.96593,1.15,1.00
2014.01.10 06:22:17.054,0.96569,0.96588,1.53,1.00
2014.01.10 06:22:17.256,0.96567,0.96588,1.90,1.00
2014.01.10 06:22:17.407,0.96572,0.96593,1.00,1.15
2014.01.10 06:22:17.561,0.96572,0.96593,1.18,1.10
2014.01.10 06:22:35.315,0.96572,0.96588,1.28,1.00
2014.01.10 06:22:35.896,0.96572,0.96588,1.00,1.00
2014.01.10 06:22:40.573,0.96572,0.96588,1.00,1.08
2014.01.10 06:22:44.333,0.96566,0.96584,1.15,1.00
2014.01.10 06:22:47.084,0.96564,0.96578,1.28,1.00
2014.01.10 06:22:47.235,0.96559,0.96578,1.53,1.00
2014.01.10 06:22:56.365,0.96561,0.96584,1.15,1.00
2014.01.10 06:23:07.675,0.96561,0.96584,1.15,1.08
2014.01.10 06:23:57.082,0.96566,0.96589,1.00,2.70
2014.01.10 06:23:57.234,0.96566,0.96592,1.18,3.83
2014.01.10 06:24:17.628,0.96566,0.96591,1.08,2.70
2014.01.10 06:24:26.412,0.96566,0.96588,1.00,2.33
2014.01.10 06:24:46.621,0.96566,0.96586,1.00,2.33
2014.01.10 06:24:57.309,0.96556,0.96586,3.08,2.33
2014.01.10 06:25:07.676,0.96556,0.96587,3.83,2.33
2014.01.10 06:25:10.092,0.9656,0.96588,2.33,2.70
2014.01.10 06:25:10.143,0.96566,0.96589,1.10,2.03
2014.01.10 06:25:11.193,0.96566,0.96586,1.00,1.15
2014.01.10 06:25:17.902,0.96566,0.96586,1.00,1.15
2014.01.10 06:25:18.003,0.96566,0.96586,1.00,1.18
2014.01.10 06:25:18.346,0.96566,0.96589,1.08,1.15
2014.01.10 06:25:18.396,0.96566,0.96589,1.15,1.18
2014.01.10 06:25:18.604,0.96577,0.96594,1.00,3.08
2014.01.10 06:25:21.681,0.96572,0.96593,1.00,1.28
2014.01.10 06:25:23.127,0.96577,0.96593,1.00,1.15
2014.01.10 06:25:23.530,0.96577,0.96598,1.00,6.00
2014.01.10 06:25:25.641,0.96581,0.96598,1.00,6.00
2014.01.10 06:25:25.692,0.96581,0.96598,1.00,1.65
2014.01.10 06:25:25.994,0.96581,0.96604,1.00,1.65
2014.01.10 06:25:26.256,0.96582,0.96607,1.10,1.28
2014.01.10 06:25:26.358,0.96582,0.96604,1.00,1.15
2014.01.10 06:25:26.609,0.96576,0.96599,1.53,1.20
2014.01.10 06:25:26.660,0.96576,0.96599,1.58,1.15
2014.01.10 06:25:26.711,0.96576,0.96599,1.20,1.15
2014.01.10 06:25:26.811,0.96576,0.96598,1.00,3.08
2014.01.10 06:25:30.334,0.96576,0.96596,1.00,1.15
2014.01.10 06:25:30.384,0.96566,0.96594,1.65,1.15
2014.01.10 06:25:30.810,0.96576,0.96595,1.00,1.15
2014.01.10 06:25:31.116,0.96566,0.96594,2.03,1.15
2014.01.10 06:25:31.368,0.96564,0.96584,5.25,1.00
2014.01.10 06:25:31.468,0.96562,0.96584,1.53,1.00
2014.01.10 06:25:31.569,0.96567,0.96588,1.00,1.15
2014.01.10 06:25:31.882,0.96561,0.96584,2.40,1.00
2014.01.10 06:25:32.871,0.96567,0.96588,1.00,1.53
2014.01.10 06:25:33.421,0.96561,0.96584,2.40,1.00
2014.01.10 06:25:35.422,0.96566,0.96589,1.10,1.15
2014.01.10 06:25:44.762,0.96561,0.96588,1.15,2.33
2014.01.10 06:25:45.065,0.96561,0.96582,1.00,1.15
2014.01.10 06:25:45.116,0.96553,0.96579,3.08,1.10
2014.01.10 06:25:45.217,0.96551,0.96578,1.53,1.15
2014.01.10 06:25:45.318,0.96551,0.96577,1.08,1.15
2014.01.10 06:25:45.621,0.96551,0.96579,1.15,2.40
2014.01.10 06:25:45.672,0.96548,0.96568,4.50,1.00
2014.01.10 06:25:45.877,0.96552,0.96576,1.00,1.05
2014.01.10 06:25:48.821,0.96547,0.96569,1.15,1.00
2014.01.10 06:25:58.363,0.96546,0.96569,1.15,1.18
2014.01.10 06:25:58.973,0.96551,0.96572,1.00,1.28
2014.01.10 06:26:01.721,0.96547,0.96568,1.18,1.08
2014.01.10 06:26:03.591,0.96552,0.96573,1.00,3.83
2014.01.10 06:26:03.692,0.96552,0.96573,1.00,1.65
2014.01.10 06:26:04.166,0.96546,0.96573,1.28,2.33
2014.01.10 06:26:08.042,0.96546,0.96569,1.00,1.15
2014.01.10 06:26:08.142,0.96547,0.96563,1.00,1.00
2014.01.10 06:26:08.457,0.96551,0.96568,1.00,1.53
2014.01.10 06:26:18.871,0.96551,0.96569,1.00,1.53
2014.01.10 06:26:21.632,0.96542,0.96558,1.13,1.13
2014.01.10 06:26:21.884,0.96551,0.96565,1.00,3.45
2014.01.10 06:26:22.038,0.96551,0.96566,1.00,2.70
2014.01.10 06:26:22.171,0.96547,0.96563,1.00,1.48
2014.01.10 06:26:22.877,0.96547,0.96563,1.00,1.48
2014.01.10 06:26:25.379,0.96542,0.96558,1.15,1.00
2014.01.10 06:26:25.430,0.96542,0.96558,1.00,1.00
2014.01.10 06:26:25.590,0.96546,0.96564,1.00,1.53
2014.01.10 06:26:25.846,0.96542,0.96558,1.00,1.13
2014.01.10 06:26:26.149,0.96542,0.96558,1.00,1.38
2014.01.10 06:26:28.341,0.96547,0.96563,1.00,1.53
2014.01.10 06:26:28.442,0.96547,0.96563,1.00,1.53
2014.01.10 06:26:28.643,0.96547,0.96563,1.00,1.53
2014.01.10 06:26:37.430,0.96547,0.96563,1.00,1.53
2014.01.10 06:26:41.020,0.96542,0.96558,1.00,1.00
2014.01.10 06:26:51.660,0.96547,0.96563,1.00,1.53
2014.01.10 06:27:25.724,0.96547,0.96563,1.00,1.13
2014.01.10 06:27:31.599,0.96547,0.96563,1.00,1.38
2014.01.10 06:27:35.119,0.96547,0.96563,1.00,1.38
2014.01.10 06:27:38.419,0.96547,0.96563,1.00,1.38
2014.01.10 06:27:47.731,0.96547,0.96563,1.00,1.38
2014.01.10 06:27:47.944,0.96547,0.96563,1.00,1.00
2014.01.10 06:27:48.491,0.96546,0.96568,1.00,3.08
2014.01.10 06:28:08.693,0.96546,0.96566,1.00,2.33
2014.01.10 06:28:13.866,0.96542,0.96563,1.10,1.15
2014.01.10 06:28:18.383,0.96536,0.96554,2.70,1.00
2014.01.10 06:28:18.690,0.96542,0.96562,1.00,1.53
2014.01.10 06:28:18.842,0.96536,0.96559,1.15,1.18
2014.01.10 06:28:22.109,0.96542,0.96563,1.00,3.45
2014.01.10 06:28:28.649,0.96547,0.96563,1.00,1.28
2014.01.10 06:28:35.308,0.96541,0.96564,1.18,1.53
2014.01.10 06:28:37.835,0.96541,0.96564,1.15,1.45
2014.01.10 06:28:37.885,0.96552,0.96567,1.00,1.28
2014.01.10 06:28:39.819,0.96541,0.96564,2.03,1.00
2014.01.10 06:28:39.920,0.96541,0.96564,2.03,1.15
2014.01.10 06:28:39.970,0.96541,0.96564,1.65,1.28
2014.01.10 06:28:40.638,0.96541,0.96564,1.15,1.53
2014.01.10 06:28:41.195,0.96541,0.96564,1.15,1.53
2014.01.10 06:28:55.550,0.96547,0.96563,1.00,1.28
2014.01.10 06:28:55.701,0.96547,0.96563,1.00,1.00
2014.01.10 06:28:56.105,0.96541,0.96564,1.28,1.38
2014.01.10 06:28:56.795,0.96541,0.96564,1.28,1.53
2014.01.10 06:29:16.654,0.96541,0.96564,1.15,1.53
2014.01.10 06:29:21.697,0.96541,0.96564,1.15,1.28
2014.01.10 06:29:25.882,0.96541,0.96564,1.15,1.55
2014.01.10 06:29:27.818,0.96547,0.96563,1.00,1.48
2014.01.10 06:29:28.147,0.96542,0.96563,1.15,1.48
2014.01.10 06:29:37.649,0.96542,0.96563,1.15,1.38
2014.01.10 06:29:55.674,0.96542,0.96563,1.15,1.13
2014.01.10 06:29:58.528,0.96542,0.96563,1.15,1.20
2014.01.10 06:29:58.629,0.96542,0.96563,1.18,1.45
2014.01.10 06:29:58.679,0.96542,0.96563,1.10,1.53
2014.01.10 06:29:58.736,0.96542,0.96563,1.08,1.55
2014.01.10 06:29:58.989,0.96541,0.96559,1.10,1.00
2014.01.10 06:29:59.089,0.96547,0.96563,1.00,1.53
2014.01.10 06:29:59.391,0.96547,0.96563,1.00,1.00
2014.01.10 06:30:00.170,0.96547,0.96563,1.00,1.38
2014.01.10 06:30:02.948,0.96547,0.96563,1.20,1.00
2014.01.10 06:30:12.587,0.96542,0.96559,2.33,1.00
2014.01.10 06:30:13.467,0.96547,0.96563,1.00,1.00
2014.01.10 06:30:15.117,0.96542,0.96558,3.08,1.00
2014.01.10 06:30:15.429,0.96542,0.96558,1.00,1.00
2014.01.10 06:30:15.580,0.96536,0.96559,1.53,1.00
2014.01.10 06:30:15.936,0.96536,0.96559,1.18,1.28
2014.01.10 06:30:16.037,0.96536,0.96559,3.08,1.13
2014.01.10 06:30:20.198,0.96536,0.96559,1.15,1.08
2014.01.10 06:30:20.647,0.96536,0.96559,1.15,1.45
2014.01.10 06:30:21.190,0.96536,0.96559,1.15,1.53
2014.01.10 06:30:25.966,0.96536,0.96559,1.15,1.53
2014.01.10 06:30:27.049,0.96536,0.96559,1.15,1.53
2014.01.10 06:30:58.486,0.96536,0.96559,1.15,1.53
2014.01.10 06:31:03.606,0.96536,0.96559,1.15,1.53
2014.01.10 06:31:04.049,0.96531,0.96554,3.08,1.55
2014.01.10 06:31:18.964,0.96536,0.96557,1.00,3.08
2014.01.10 06:31:19.617,0.96531,0.96549,1.10,1.00
2014.01.10 06:31:20.118,0.96531,0.96549,1.00,1.45
2014.01.10 06:31:25.935,0.96531,0.96549,1.00,1.58
2014.01.10 06:31:27.427,0.96526,0.96544,1.00,1.38
2014.01.10 06:31:27.630,0.96526,0.96544,1.00,1.53
2014.01.10 06:31:27.932,0.96526,0.96544,1.00,1.65
2014.01.10 06:31:28.235,0.96526,0.96544,1.00,1.38
2014.01.10 06:31:28.436,0.96526,0.96544,1.00,1.55
2014.01.10 06:31:28.616,0.96526,0.96544,1.00,1.55
2014.01.10 06:31:34.494,0.96526,0.96544,1.00,1.18
2014.01.10 06:31:35.076,0.96526,0.96544,1.15,1.00
2014.01.10 06:31:42.622,0.96523,0.96538,2.33,1.00
2014.01.10 06:31:42.673,0.96522,0.96538,1.65,1.00
2014.01.10 06:31:42.925,0.96524,0.96538,2.25,1.00
2014.01.10 06:31:43.177,0.96523,0.96544,2.33,1.00
2014.01.10 06:31:52.677,0.96523,0.96544,1.15,1.00
2014.01.10 06:31:53.167,0.96523,0.96544,1.08,1.00
2014.01.10 06:31:53.568,0.96521,0.96544,1.58,1.00
2014.01.10 06:32:14.346,0.96526,0.96549,1.00,1.20
2014.01.10 06:32:20.188,0.96521,0.96544,1.58,1.00
2014.01.10 06:33:20.365,0.96518,0.96548,1.10,1.28
2014.01.10 06:33:23.144,0.96526,0.96549,1.00,1.65
2014.01.10 06:33:25.564,0.96522,0.96543,1.00,1.00
2014.01.10 06:33:59.338,0.96532,0.96548,1.00,1.00
2014.01.10 06:33:59.884,0.96537,0.96556,1.00,2.70
2014.01.10 06:34:00.086,0.96537,0.96558,1.00,1.53
2014.01.10 06:34:00.678,0.96537,0.96558,1.20,1.53
2014.01.10 06:34:01.603,0.96537,0.96558,1.20,1.53
2014.01.10 06:34:02.724,0.96537,0.96558,1.10,1.53
2014.01.10 06:34:22.363,0.96532,0.96554,3.45,1.00
2014.01.10 06:34:38.646,0.96536,0.96559,1.20,1.53
2014.01.10 06:34:45.094,0.96536,0.96558,1.18,1.08
2014.01.10 06:34:45.541,0.96541,0.96559,1.00,1.48
2014.01.10 06:34:47.758,0.96541,0.96559,1.00,1.10
2014.01.10 06:34:49.132,0.96536,0.96559,1.15,1.10
2014.01.10 06:34:49.449,0.96536,0.96559,1.18,1.18
2014.01.10 06:34:49.499,0.96536,0.96559,1.20,1.15
2014.01.10 06:35:00.862,0.96532,0.96553,6.00,1.00
2014.01.10 06:35:17.607,0.96531,0.96549,1.18,1.00
2014.01.10 06:35:18.223,0.96531,0.96549,1.10,1.10
2014.01.10 06:35:18.726,0.96531,0.96554,1.20,1.15
2014.01.10 06:35:19.437,0.96531,0.96554,1.18,1.08
2014.01.10 06:35:19.488,0.96531,0.96554,1.15,1.00
2014.01.10 06:35:20.083,0.96532,0.96554,2.33,1.00
2014.01.10 06:35:20.657,0.96533,0.96554,2.33,1.00
2014.01.10 06:35:26.724,0.96532,0.96554,2.33,1.10
2014.01.10 06:35:27.310,0.96531,0.96554,3.08,1.10
2014.01.10 06:35:30.692,0.96531,0.96554,1.15,1.08
2014.01.10 06:35:31.374,0.96531,0.96554,1.15,1.15
2014.01.10 06:36:16.603,0.96537,0.96557,1.00,4.88
2014.01.10 06:36:25.812,0.96537,0.96558,1.00,1.53
2014.01.10 06:36:31.343,0.96537,0.96558,1.00,1.18
2014.01.10 06:36:33.242,0.96537,0.96557,1.00,2.25
2014.01.10 06:36:42.575,0.96537,0.96556,1.00,2.33
2014.01.10 06:37:01.604,0.96537,0.96558,1.00,1.15
2014.01.10 06:37:17.565,0.9653,0.96559,4.88,4.50
2014.01.10 06:37:21.645,0.9653,0.96557,4.50,2.33
2014.01.10 06:37:23.945,0.96531,0.96559,2.33,5.63
2014.01.10 06:37:41.382,0.96531,0.96557,1.15,2.70
2014.01.10 06:37:41.533,0.96526,0.96555,5.63,5.63
2014.01.10 06:37:41.634,0.96526,0.96552,5.25,1.53
2014.01.10 06:37:41.937,0.96526,0.96549,1.20,1.53
2014.01.10 06:37:42.088,0.96526,0.96549,1.10,3.45
2014.01.10 06:37:43.070,0.96531,0.96549,1.00,3.08
2014.01.10 06:37:43.171,0.96531,0.96549,1.08,1.00
2014.01.10 06:37:43.423,0.96537,0.96553,1.00,1.55
2014.01.10 06:37:43.725,0.96537,0.96553,1.08,1.00
2014.01.10 06:37:43.829,0.96541,0.96557,1.00,1.15
2014.01.10 06:37:44.031,0.96541,0.96559,1.00,1.28
2014.01.10 06:37:47.560,0.96537,0.96553,1.20,1.00
2014.01.10 06:37:48.092,0.96532,0.96553,1.15,1.00
2014.01.10 06:37:49.007,0.96532,0.96552,1.15,1.00
2014.01.10 06:37:49.058,0.96532,0.96551,1.00,2.33
2014.01.10 06:37:49.829,0.96531,0.96549,1.00,1.15
2014.01.10 06:37:51.855,0.96531,0.96549,1.00,1.15
2014.01.10 06:38:12.563,0.96531,0.96549,1.00,3.08
2014.01.10 06:38:13.199,0.96531,0.96548,1.00,2.33
2014.01.10 06:38:25.289,0.96527,0.96548,1.00,3.08
2014.01.10 06:38:25.491,0.96527,0.96544,1.00,2.33
2014.01.10 06:38:26.496,0.96527,0.96543,1.00,4.50
2014.01.10 06:38:26.799,0.96527,0.9654,1.00,2.33
2014.01.10 06:38:26.900,0.96527,0.96544,1.00,3.08
2014.01.10 06:38:27.414,0.96527,0.96544,1.00,1.15
2014.01.10 06:38:27.465,0.96527,0.96542,1.00,2.33
2014.01.10 06:38:27.823,0.96526,0.9654,1.00,4.50
2014.01.10 06:38:28.690,0.96526,0.96541,1.00,2.33
2014.01.10 06:38:28.791,0.96526,0.96544,1.00,3.45
2014.01.10 06:38:31.511,0.96526,0.96543,1.00,3.08
2014.01.10 06:38:31.746,0.96527,0.96541,1.00,3.08
2014.01.10 06:38:31.948,0.96527,0.96541,1.00,1.15
2014.01.10 06:38:32.099,0.96526,0.96544,1.00,1.65
2014.01.10 06:38:34.608,0.96517,0.96538,1.53,1.00
2014.01.10 06:38:34.709,0.96517,0.96538,1.15,1.08
2014.01.10 06:38:35.012,0.96517,0.96537,1.00,3.08
2014.01.10 06:38:35.314,0.96517,0.96535,1.00,2.33
2014.01.10 06:38:35.415,0.96517,0.96538,1.00,3.83
2014.01.10 06:38:36.108,0.96517,0.96538,1.00,1.15
2014.01.10 06:38:42.660,0.96522,0.96538,1.00,1.15
2014.01.10 06:38:44.425,0.96526,0.96539,1.00,2.33
2014.01.10 06:38:45.809,0.96521,0.96539,1.00,2.33
2014.01.10 06:38:59.478,0.96521,0.96538,1.00,2.33
2014.01.10 06:38:59.988,0.96522,0.96537,1.00,3.08
2014.01.10 06:39:01.148,0.96521,0.96537,1.00,3.08
2014.01.10 06:39:01.299,0.96521,0.96534,1.00,2.33
2014.01.10 06:39:01.551,0.96521,0.96536,1.00,2.33
2014.01.10 06:39:01.621,0.96521,0.96537,1.00,1.15
2014.01.10 06:39:04.224,0.96521,0.96536,1.00,2.33
2014.01.10 06:39:04.480,0.96521,0.96537,1.00,1.15
2014.01.10 06:39:05.090,0.96517,0.96537,1.00,1.15
2014.01.10 06:39:13.308,0.96516,0.96534,1.00,1.10
2014.01.10 06:39:14.241,0.96516,0.96534,1.00,1.15
2014.01.10 06:39:14.393,0.96516,0.96534,1.00,1.15
2014.01.10 06:39:21.119,0.96522,0.96535,1.00,4.50
2014.01.10 06:39:21.439,0.96522,0.96536,1.00,1.15
2014.01.10 06:39:21.969,0.96522,0.96538,1.00,4.50
2014.01.10 06:39:22.328,0.96517,0.96538,1.00,5.25
2014.01.10 06:39:23.908,0.96526,0.96538,1.00,4.88
2014.01.10 06:39:23.958,0.96527,0.9654,1.00,3.83
2014.01.10 06:39:24.160,0.96527,0.96537,1.00,2.33
2014.01.10 06:39:27.372,0.96527,0.96539,1.00,2.70
2014.01.10 06:39:39.340,0.96521,0.96539,1.00,3.45
2014.01.10 06:39:39.492,0.96521,0.96535,1.00,2.33
2014.01.10 06:39:39.795,0.96521,0.96536,1.00,1.18
2014.01.10 06:39:39.899,0.96526,0.96536,1.00,1.18
2014.01.10 06:39:42.831,0.96516,0.96539,1.00,3.83
2014.01.10 06:39:45.398,0.96521,0.96539,1.00,3.08
2014.01.10 06:39:48.331,0.96517,0.96533,1.00,1.08
2014.01.10 06:39:48.854,0.96517,0.96533,1.00,1.15
2014.01.10 06:39:49.939,0.96517,0.96533,1.00,1.15
2014.01.10 06:39:50.856,0.96517,0.96533,1.00,1.15
2014.01.10 06:39:53.608,0.96522,0.96535,1.00,2.33
2014.01.10 06:39:53.810,0.96522,0.96537,1.00,2.33
2014.01.10 06:39:59.328,0.96516,0.96537,1.00,2.33
2014.01.10 06:40:04.656,0.96516,0.96538,1.10,2.70
2014.01.10 06:40:05.857,0.96516,0.96539,1.10,4.20
2014.01.10 06:40:11.868,0.96521,0.96539,1.00,2.70
2014.01.10 06:40:11.969,0.96521,0.9654,1.00,1.65
2014.01.10 06:40:23.953,0.96521,0.96539,1.00,1.53
2014.01.10 06:40:24.004,0.96521,0.96538,1.00,2.70
2014.01.10 06:40:26.858,0.96517,0.96538,1.00,3.45
2014.01.10 06:40:44.605,0.96517,0.96537,1.00,2.70
2014.01.10 06:40:50.438,0.96522,0.96537,1.00,2.70
2014.01.10 06:40:53.323,0.96517,0.96537,1.00,2.70
2014.01.10 06:40:53.575,0.96517,0.9654,1.10,2.33
2014.01.10 06:40:58.762,0.96516,0.96538,1.10,2.70
2014.01.10 06:41:06.607,0.96512,0.96533,1.53,1.00
2014.01.10 06:41:22.776,0.96512,0.96533,3.45,1.00
2014.01.10 06:41:22.928,0.96517,0.9654,1.08,2.70
2014.01.10 06:41:23.533,0.96517,0.96541,1.28,2.33
2014.01.10 06:41:31.873,0.96517,0.96542,1.18,5.25
2014.01.10 06:42:34.258,0.96513,0.96545,1.75,1.38
2014.01.10 06:42:40.376,0.96513,0.96539,1.75,1.00
2014.01.10 06:42:40.716,0.96512,0.96533,2.33,1.00
2014.01.10 06:42:41.259,0.96512,0.96533,3.45,1.00
2014.01.10 06:42:41.936,0.96512,0.96533,1.53,1.00
2014.01.10 06:42:42.477,0.96507,0.96533,1.65,3.08
2014.01.10 06:42:49.437,0.96507,0.96528,1.18,1.00
2014.01.10 06:42:49.807,0.96507,0.96528,1.00,1.15
2014.01.10 06:42:50.146,0.96512,0.96527,1.00,5.25
2014.01.10 06:42:50.348,0.96512,0.96528,1.00,1.53
2014.01.10 06:42:52.285,0.96507,0.96528,1.00,1.53
2014.01.10 06:42:52.519,0.96507,0.96523,1.00,2.33
2014.01.10 06:42:52.670,0.96507,0.96525,1.00,1.15
2014.01.10 06:42:53.114,0.96507,0.96527,1.00,1.28
2014.01.10 06:42:53.174,0.96507,0.96525,1.00,2.33
2014.01.10 06:42:54.386,0.96506,0.96524,1.00,1.15
2014.01.10 06:42:54.805,0.96506,0.96528,1.00,5.63
2014.01.10 06:42:54.956,0.96506,0.96524,1.00,1.28
2014.01.10 06:42:56.075,0.96507,0.96526,1.00,2.33
2014.01.10 06:42:56.578,0.96506,0.96526,1.00,2.70
2014.01.10 06:43:36.602,0.96506,0.96527,1.00,3.45
2014.01.10 06:43:37.274,0.96506,0.96528,1.00,5.25
2014.01.10 06:43:37.633,0.96511,0.96528,1.00,3.08
2014.01.10 06:43:37.734,0.96511,0.96529,1.00,1.53
2014.01.10 06:43:40.368,0.96506,0.96524,1.08,1.00
2014.01.10 06:43:40.722,0.96506,0.96524,1.00,5.25
2014.01.10 06:43:42.555,0.96507,0.96524,1.00,4.88
2014.01.10 06:43:42.813,0.96507,0.96526,1.00,1.53
2014.01.10 06:43:44.202,0.96507,0.96523,1.00,3.08
2014.01.10 06:43:44.454,0.96512,0.96526,1.00,1.28
2014.01.10 06:43:47.571,0.96512,0.96527,1.00,2.70
2014.01.10 06:43:47.672,0.96507,0.96523,1.00,1.18
2014.01.10 06:43:47.916,0.96512,0.96526,1.00,2.70
2014.01.10 06:43:48.117,0.96506,0.96529,1.10,3.45
2014.01.10 06:43:48.655,0.96506,0.96528,1.00,2.70
2014.01.10 06:43:52.135,0.96506,0.96524,1.00,1.15
2014.01.10 06:43:52.438,0.96512,0.96524,1.00,1.15
2014.01.10 06:43:52.640,0.96506,0.96528,1.10,3.08
2014.01.10 06:44:12.805,0.96506,0.96527,1.00,2.70
2014.01.10 06:44:25.616,0.96512,0.96527,1.00,2.33
2014.01.10 06:44:25.814,0.96512,0.96528,1.00,1.65
2014.01.10 06:44:26.023,0.96512,0.96528,1.00,1.13
2014.01.10 06:44:26.420,0.96511,0.96534,1.18,3.45
2014.01.10 06:44:26.471,0.96511,0.96534,3.08,1.18
2014.01.10 06:44:32.844,0.96511,0.96534,3.08,1.55
2014.01.10 06:44:32.945,0.96511,0.96534,1.15,1.53
2014.01.10 06:44:34.087,0.96511,0.96534,1.10,3.83
2014.01.10 06:44:49.042,0.96511,0.96534,1.15,1.18
2014.01.10 06:44:51.846,0.96517,0.96537,1.00,3.08
2014.01.10 06:44:56.393,0.96512,0.96533,1.18,1.10
2014.01.10 06:45:08.990,0.96507,0.96534,3.08,3.45
2014.01.10 06:45:11.811,0.96507,0.96534,5.25,1.53
2014.01.10 06:45:12.340,0.96506,0.96534,1.15,1.28
2014.01.10 06:45:20.868,0.96506,0.96532,3.83,2.63
2014.01.10 06:45:50.419,0.96507,0.96533,2.33,1.28
2014.01.10 06:45:55.159,0.96507,0.96533,2.33,1.28
2014.01.10 06:46:00.189,0.96508,0.96533,2.33,1.20
2014.01.10 06:46:20.632,0.96507,0.96534,1.15,1.65
2014.01.10 06:46:56.965,0.96506,0.96534,3.08,2.33
2014.01.10 06:46:57.318,0.96506,0.96529,1.20,1.15
2014.01.10 06:46:57.569,0.96511,0.96529,1.00,1.15
2014.01.10 06:46:57.670,0.96511,0.96529,1.00,1.10
2014.01.10 06:47:02.952,0.96511,0.96529,1.00,1.08
2014.01.10 06:47:10.102,0.96507,0.96528,1.18,1.10
2014.01.10 06:47:10.152,0.96507,0.96528,1.00,1.15
2014.01.10 06:47:10.458,0.96512,0.96528,1.00,1.15
2014.01.10 06:47:10.559,0.96506,0.96529,1.18,1.18
2014.01.10 06:47:10.710,0.96506,0.96528,1.10,2.33
2014.01.10 06:48:10.721,0.96499,0.9653,1.38,1.75
2014.01.10 06:48:13.141,0.96499,0.9653,1.38,1.75
2014.01.10 06:48:13.821,0.96502,0.96528,2.63,1.45
2014.01.10 06:48:14.137,0.96507,0.96523,1.10,1.00
2014.01.10 06:48:14.389,0.96512,0.96533,1.10,1.55
2014.01.10 06:48:14.490,0.96512,0.96533,1.15,1.48
2014.01.10 06:48:14.792,0.96513,0.96533,3.08,1.38
2014.01.10 06:48:15.371,0.96513,0.96533,3.08,1.00
2014.01.10 06:48:18.762,0.96515,0.96533,5.25,1.00
2014.01.10 06:48:18.813,0.96517,0.96543,1.15,2.40
2014.01.10 06:48:18.965,0.96517,0.96543,4.20,1.65
2014.01.10 06:48:19.015,0.96517,0.96543,6.38,1.15
2014.01.10 06:48:19.116,0.96523,0.96543,2.33,1.13
2014.01.10 06:48:19.634,0.96522,0.96544,2.33,1.48
2014.01.10 06:48:20.642,0.96522,0.96544,2.33,1.10
2014.01.10 06:48:20.994,0.96522,0.96544,1.65,1.00
2014.01.10 06:48:21.053,0.96522,0.96544,3.83,1.00
2014.01.10 06:48:21.780,0.96522,0.96539,6.00,1.00
2014.01.10 06:48:21.961,0.9652,0.96539,1.28,1.00
2014.01.10 06:48:26.862,0.96522,0.96547,1.15,1.53
2014.01.10 06:48:26.963,0.96522,0.96548,3.83,3.45
2014.01.10 06:48:27.014,0.96522,0.96548,5.25,1.28
2014.01.10 06:48:41.167,0.96524,0.96548,2.33,1.18
2014.01.10 06:48:42.693,0.96525,0.96548,2.33,1.18
2014.01.10 06:48:44.298,0.96524,0.96548,2.33,1.18
2014.01.10 06:48:44.816,0.96523,0.96548,2.33,1.55
2014.01.10 06:48:45.320,0.96524,0.96548,4.50,1.38
2014.01.10 06:48:46.496,0.96525,0.96548,1.15,1.13
2014.01.10 06:48:46.860,0.96524,0.96544,4.50,1.00
2014.01.10 06:48:47.161,0.96524,0.96544,4.50,1.38
2014.01.10 06:48:47.262,0.96522,0.96544,3.08,1.38
2014.01.10 06:48:48.650,0.96522,0.96544,3.08,1.13
2014.01.10 06:48:48.883,0.96525,0.96544,2.33,1.00
2014.01.10 06:48:54.150,0.96525,0.96544,2.33,1.38
2014.01.10 06:48:54.680,0.96525,0.96544,2.33,1.38
2014.01.10 06:48:58.660,0.96525,0.96543,2.33,1.38
2014.01.10 06:49:08.674,0.96525,0.96543,2.33,1.00
2014.01.10 06:49:09.741,0.96524,0.96543,2.33,1.00
2014.01.10 06:49:10.280,0.96522,0.96543,3.08,1.10
2014.01.10 06:49:10.331,0.9652,0.96544,2.33,1.18
2014.01.10 06:49:10.432,0.9652,0.96544,1.15,1.15
2014.01.10 06:49:10.482,0.96522,0.96544,1.08,1.08
2014.01.10 06:49:11.185,0.9652,0.96544,4.50,1.00
2014.01.10 06:49:13.891,0.96519,0.96534,1.00,1.18
2014.01.10 06:49:14.092,0.96519,0.96541,1.15,1.10
2014.01.10 06:49:14.194,0.9652,0.96543,2.33,1.18
2014.01.10 06:49:14.496,0.96521,0.96539,1.15,1.00
2014.01.10 06:49:14.648,0.96522,0.96543,1.65,1.10
2014.01.10 06:49:15.531,0.96522,0.96543,1.15,1.00
2014.01.10 06:49:16.591,0.9652,0.96544,2.33,1.13
2014.01.10 06:49:16.641,0.96523,0.96544,2.33,1.00
2014.01.10 06:49:18.390,0.96527,0.96543,1.10,1.00
2014.01.10 06:49:18.940,0.96522,0.96544,5.25,1.00
2014.01.10 06:49:19.322,0.96522,0.96544,5.25,1.38
2014.01.10 06:49:19.373,0.96522,0.96533,1.00,1.10
2014.01.10 06:49:19.424,0.96519,0.96533,1.00,1.10
2014.01.10 06:49:19.525,0.96516,0.96533,1.28,1.00
2014.01.10 06:49:19.576,0.96521,0.96539,1.00,1.15
2014.01.10 06:49:19.677,0.96521,0.96543,1.00,4.50
2014.01.10 06:49:19.780,0.96521,0.96544,3.08,1.50
2014.01.10 06:49:19.881,0.96523,0.96544,4.50,1.00
2014.01.10 06:49:20.007,0.96521,0.96544,2.33,1.10
2014.01.10 06:49:20.551,0.96522,0.96543,1.15,1.00
2014.01.10 06:49:21.188,0.96521,0.96544,2.33,1.10
2014.01.10 06:49:22.040,0.96521,0.96544,2.33,1.48
2014.01.10 06:49:22.192,0.96519,0.96534,1.00,1.10
2014.01.10 06:49:22.243,0.96516,0.96534,1.88,1.10
2014.01.10 06:49:22.343,0.96522,0.96538,1.00,4.20
2014.01.10 06:49:22.545,0.96516,0.96539,1.15,1.10
2014.01.10 06:49:25.650,0.96517,0.96533,1.08,1.00
2014.01.10 06:49:25.963,0.96521,0.96539,1.00,3.08
2014.01.10 06:49:26.014,0.96521,0.96539,1.00,1.15
2014.01.10 06:49:26.197,0.96517,0.96538,1.15,1.18
2014.01.10 06:49:28.059,0.96517,0.96538,1.15,1.55
2014.01.10 06:49:28.110,0.96517,0.96538,1.00,1.53
2014.01.10 06:49:28.161,0.96517,0.96533,1.00,1.00
2014.01.10 06:49:28.926,0.96517,0.96533,1.08,1.00
2014.01.10 06:49:34.755,0.96517,0.96533,1.00,1.00
2014.01.10 06:49:35.078,0.96517,0.96533,1.08,1.00
2014.01.10 06:49:41.149,0.96515,0.96528,4.50,1.00
2014.01.10 06:49:41.301,0.96512,0.96528,1.15,1.00
2014.01.10 06:49:43.980,0.96517,0.96533,1.00,1.00
2014.01.10 06:49:50.579,0.96516,0.96538,1.00,1.20
2014.01.10 06:49:50.730,0.96516,0.96539,1.00,4.20
2014.01.10 06:49:50.832,0.96516,0.96539,1.18,1.95
2014.01.10 06:50:02.130,0.96516,0.96539,1.18,2.33
2014.01.10 06:50:03.226,0.96514,0.96534,2.33,1.00
2014.01.10 06:50:03.282,0.96511,0.96534,3.08,1.38
2014.01.10 06:50:03.383,0.96517,0.96538,1.00,2.03
2014.01.10 06:50:03.484,0.96517,0.96538,1.00,1.18
2014.01.10 06:50:03.786,0.96517,0.96538,3.08,1.00
2014.01.10 06:50:04.329,0.96517,0.96533,2.33,1.00
2014.01.10 06:50:05.517,0.96518,0.96533,2.33,1.00
2014.01.10 06:50:05.568,0.96518,0.96538,2.33,1.00
2014.01.10 06:50:06.089,0.96518,0.96533,2.33,1.00
2014.01.10 06:50:06.337,0.96516,0.96533,4.50,1.00
2014.01.10 06:50:08.387,0.96515,0.96533,2.33,1.00
2014.01.10 06:50:08.488,0.96512,0.96533,1.53,1.00
2014.01.10 06:50:08.649,0.96517,0.96533,1.00,1.00
2014.01.10 06:50:08.851,0.96512,0.96533,1.18,1.10
2014.01.10 06:50:08.952,0.96512,0.96533,1.18,1.95
2014.01.10 06:50:09.749,0.96512,0.96533,1.00,4.20
2014.01.10 06:50:15.880,0.96507,0.96528,1.15,1.00
2014.01.10 06:50:16.188,0.96507,0.96528,1.00,1.20
2014.01.10 06:50:16.339,0.96506,0.96524,1.28,1.00
2014.01.10 06:50:16.642,0.96506,0.96524,3.45,1.00
2014.01.10 06:50:19.418,0.96511,0.96532,1.10,2.63
2014.01.10 06:50:19.469,0.96511,0.96534,1.18,1.65
2014.01.10 06:50:24.953,0.96511,0.96534,1.18,1.58
2014.01.10 06:50:27.120,0.96511,0.96534,1.18,1.20
2014.01.10 06:50:27.321,0.96511,0.96534,1.15,1.00
2014.01.10 06:50:27.792,0.96513,0.96534,2.33,1.00
2014.01.10 06:50:43.329,0.96517,0.96538,1.10,2.33
2014.01.10 06:50:43.480,0.96517,0.96538,1.65,1.13
2014.01.10 06:50:43.783,0.96521,0.96538,2.33,1.13
2014.01.10 06:50:47.198,0.96522,0.96543,1.15,1.00
2014.01.10 06:50:47.809,0.96521,0.96539,2.33,1.00
2014.01.10 06:50:48.390,0.96521,0.96539,1.00,1.00
2014.01.10 06:50:48.712,0.96521,0.96539,1.00,1.55
2014.01.10 06:50:48.813,0.96513,0.96534,2.33,1.00
2014.01.10 06:50:49.189,0.96517,0.96538,1.10,1.10
2014.01.10 06:50:49.239,0.96517,0.96538,1.15,1.00
2014.01.10 06:50:49.573,0.96522,0.96538,2.33,1.00
2014.01.10 06:50:51.299,0.96519,0.96538,3.45,1.00
2014.01.10 06:50:52.089,0.96518,0.96538,2.70,1.00
2014.01.10 06:50:56.069,0.96518,0.96544,2.70,1.28
2014.01.10 06:50:56.576,0.96519,0.96544,3.08,1.00
2014.01.10 06:50:56.627,0.96519,0.96538,3.08,1.00
2014.01.10 06:50:59.665,0.96518,0.96538,3.45,1.00
2014.01.10 06:51:00.215,0.96519,0.96538,4.50,1.00
2014.01.10 06:51:09.378,0.96522,0.96543,1.15,1.00
2014.01.10 06:51:13.338,0.96519,0.96538,4.88,1.00
2014.01.10 06:51:14.471,0.96518,0.96538,5.63,1.00
2014.01.10 06:51:15.318,0.96521,0.96544,1.18,1.18
2014.01.10 06:51:17.079,0.96518,0.96538,2.70,1.00
2014.01.10 06:51:20.488,0.96522,0.96543,1.10,1.10
2014.01.10 06:51:24.788,0.96522,0.96543,1.08,1.00
2014.01.10 06:51:30.220,0.96522,0.96543,1.20,1.08
2014.01.10 06:51:30.422,0.96518,0.96539,2.70,1.00
2014.01.10 06:52:05.166,0.96522,0.96543,1.28,1.18
2014.01.10 06:52:05.267,0.96522,0.96543,1.28,1.08
2014.01.10 06:52:05.620,0.96521,0.96539,1.10,1.00
2014.01.10 06:52:06.136,0.96521,0.96539,1.00,1.18
2014.01.10 06:52:07.154,0.96522,0.96542,1.00,2.33
2014.01.10 06:52:07.255,0.96522,0.96543,1.00,1.15
2014.01.10 06:52:08.099,0.96522,0.96543,1.20,1.15
2014.01.10 06:52:19.338,0.96522,0.96543,1.65,1.00
2014.01.10 06:52:19.389,0.96527,0.96548,1.20,3.45
2014.01.10 06:52:19.490,0.96527,0.96548,1.28,1.15
2014.01.10 06:52:19.591,0.96524,0.96543,3.45,1.00
2014.01.10 06:52:19.893,0.96522,0.96543,1.53,1.10
2014.01.10 06:52:20.525,0.96522,0.96543,1.53,1.10
2014.01.10 06:52:22.427,0.96522,0.96543,1.53,1.10
2014.01.10 06:52:25.058,0.96522,0.96542,1.45,2.25
2014.01.10 06:52:25.209,0.96516,0.96539,1.53,1.18
2014.01.10 06:52:25.260,0.96516,0.96538,1.10,2.25
2014.01.10 06:52:25.613,0.96517,0.96533,1.00,1.08
2014.01.10 06:52:25.928,0.96517,0.96533,1.00,4.20
2014.01.10 06:52:26.387,0.96511,0.96529,1.00,1.48
2014.01.10 06:52:31.358,0.96506,0.96518,2.33,1.00
2014.01.10 06:52:31.459,0.96502,0.96518,1.15,1.00
2014.01.10 06:52:31.711,0.96502,0.96518,3.08,1.00
2014.01.10 06:52:31.913,0.96506,0.96524,1.20,1.00
2014.01.10 06:52:32.165,0.96506,0.96529,1.18,1.55
2014.01.10 06:52:32.215,0.96506,0.96529,1.18,1.18
2014.01.10 06:52:32.266,0.96506,0.96529,1.15,1.20
2014.01.10 06:52:33.279,0.96508,0.96529,2.33,1.10
2014.01.10 06:52:36.117,0.96508,0.96532,2.33,1.53
2014.01.10 06:52:36.419,0.96517,0.96538,1.08,1.65
2014.01.10 06:52:37.140,0.96517,0.96538,1.08,1.20
2014.01.10 06:52:40.627,0.96517,0.96538,1.08,1.20
2014.01.10 06:52:41.221,0.96517,0.96538,1.00,1.28
2014.01.10 06:52:41.787,0.96522,0.96539,1.00,5.63
2014.01.10 06:52:42.149,0.96516,0.96534,1.13,1.00
2014.01.10 06:52:42.765,0.96516,0.96534,1.00,1.18
2014.01.10 06:52:43.310,0.96517,0.96536,1.00,3.08
2014.01.10 06:52:53.816,0.96511,0.96534,1.18,1.18
2014.01.10 06:52:54.046,0.96511,0.96534,1.20,1.15
2014.01.10 06:52:55.606,0.96517,0.96533,1.00,1.15
2014.01.10 06:52:55.707,0.96517,0.96533,1.00,1.10
2014.01.10 06:52:55.808,0.96511,0.96534,3.08,1.18
2014.01.10 06:52:56.028,0.96511,0.96534,1.28,1.15
2014.01.10 06:53:02.867,0.96516,0.96534,1.00,1.15
2014.01.10 06:53:03.189,0.96516,0.96534,1.00,5.25
2014.01.10 06:53:05.410,0.96511,0.96529,1.00,1.00
2014.01.10 06:53:08.294,0.96511,0.96529,1.00,1.18
2014.01.10 06:53:08.495,0.96507,0.96528,1.00,1.53
2014.01.10 06:53:08.596,0.96507,0.96523,1.00,1.00
2014.01.10 06:53:09.172,0.96507,0.96523,1.00,1.48
2014.01.10 06:53:12.302,0.96499,0.96519,2.70,1.00
2014.01.10 06:53:12.403,0.96496,0.96519,3.08,1.45
2014.01.10 06:53:12.503,0.96496,0.96519,1.18,1.55
2014.01.10 06:53:12.562,0.96496,0.96519,1.08,3.45
2014.01.10 06:53:13.067,0.96507,0.96519,1.00,4.88
2014.01.10 06:53:13.168,0.96507,0.9652,1.00,1.55
2014.01.10 06:53:13.286,0.96501,0.96522,1.00,2.70
2014.01.10 06:53:13.500,0.96501,0.96519,1.00,2.70
2014.01.10 06:53:15.817,0.96502,0.96518,1.00,1.53
2014.01.10 06:53:16.710,0.96502,0.96518,1.00,6.75
2014.01.10 06:53:19.201,0.96502,0.96519,1.00,2.40
2014.01.10 06:53:22.969,0.96496,0.96519,1.10,2.40
2014.01.10 06:53:27.402,0.96501,0.96518,1.00,3.08
2014.01.10 06:53:28.404,0.96496,0.96518,1.00,3.08
2014.01.10 06:53:29.150,0.96496,0.96519,1.08,4.58
2014.01.10 06:53:30.208,0.96496,0.96516,1.00,2.63
2014.01.10 06:53:30.511,0.96487,0.96503,3.00,1.38
2014.01.10 06:53:30.562,0.96487,0.96503,1.00,1.38
2014.01.10 06:53:31.119,0.96487,0.96503,1.00,1.38
2014.01.10 06:53:31.545,0.96491,0.96505,1.00,1.53
2014.01.10 06:53:32.086,0.96491,0.96504,1.00,1.58
2014.01.10 06:53:32.187,0.96492,0.96504,1.00,1.10
2014.01.10 06:53:32.288,0.96492,0.96509,1.00,1.28
2014.01.10 06:53:32.389,0.96492,0.96512,1.00,2.03
2014.01.10 06:53:32.540,0.96492,0.96513,1.15,1.75
2014.01.10 06:53:32.842,0.96494,0.96513,2.33,1.38
2014.01.10 06:53:32.943,0.96494,0.96513,2.33,1.00
2014.01.10 06:53:33.198,0.96493,0.96513,1.15,1.13
2014.01.10 06:53:33.777,0.96493,0.96513,3.08,1.13
2014.01.10 06:53:34.956,0.96492,0.96513,1.00,6.00
2014.01.10 06:53:35.057,0.96492,0.9651,1.00,2.70
2014.01.10 06:53:37.887,0.96492,0.9651,1.00,1.93
2014.01.10 06:53:38.189,0.96482,0.96499,1.15,1.00
2014.01.10 06:53:38.720,0.96481,0.96499,1.15,1.00
2014.01.10 06:53:40.222,0.96481,0.96499,1.08,1.00
2014.01.10 06:53:40.273,0.96481,0.96499,1.00,1.00
2014.01.10 06:53:40.813,0.96482,0.965,1.10,1.10
2014.01.10 06:53:42.217,0.96482,0.965,1.18,1.00
2014.01.10 06:53:44.317,0.96482,0.965,1.18,1.38
2014.01.10 06:53:44.418,0.96482,0.96498,1.10,1.08
2014.01.10 06:53:44.929,0.96481,0.965,1.00,3.45
2014.01.10 06:53:44.979,0.96481,0.96501,1.00,1.90
2014.01.10 06:53:45.484,0.96481,0.96504,1.20,1.53
2014.01.10 06:53:45.535,0.96481,0.96504,1.00,5.63
2014.01.10 06:53:46.181,0.96476,0.96499,5.63,1.00
2014.01.10 06:53:52.180,0.96486,0.96504,1.00,5.25
2014.01.10 06:53:52.771,0.96486,0.96504,1.00,1.65
2014.01.10 06:53:57.327,0.96486,0.96504,1.10,1.50
2014.01.10 06:53:57.479,0.96487,0.96506,1.00,2.33
2014.01.10 06:53:57.580,0.96487,0.96508,1.15,2.25
2014.01.10 06:53:57.681,0.96487,0.96508,1.10,1.58
2014.01.10 06:53:57.781,0.96488,0.96508,2.33,1.50
2014.01.10 06:53:57.983,0.96492,0.96512,1.00,1.28
2014.01.10 06:53:58.235,0.96492,0.96512,1.00,1.28
2014.01.10 06:53:59.326,0.96492,0.96508,1.00,1.00
2014.01.10 06:53:59.686,0.96497,0.96515,1.00,1.53
2014.01.10 06:53:59.879,0.96497,0.96518,1.15,1.00
2014.01.10 06:54:03.661,0.96495,0.96514,2.33,1.00
2014.01.10 06:54:03.712,0.96493,0.96514,2.33,1.00
2014.01.10 06:54:03.762,0.96493,0.96514,2.25,1.08
2014.01.10 06:54:03.813,0.96492,0.96514,1.00,1.15
2014.01.10 06:54:03.863,0.96496,0.96514,1.00,1.15
2014.01.10 06:54:04.436,0.96496,0.96514,1.00,1.15
2014.01.10 06:54:10.805,0.96496,0.96514,1.08,1.00
2014.01.10 06:54:11.007,0.96495,0.96514,2.33,1.00
2014.01.10 06:54:11.334,0.96497,0.96514,2.33,1.00
2014.01.10 06:54:13.327,0.96496,0.96514,1.15,1.00
2014.01.10 06:54:16.146,0.96495,0.96514,1.18,1.00
2014.01.10 06:54:16.196,0.96493,0.96509,1.15,1.00
2014.01.10 06:54:16.498,0.96493,0.96509,3.08,1.00
2014.01.10 06:54:17.016,0.96494,0.96509,2.33,1.00
2014.01.10 06:54:17.374,0.96497,0.96514,1.08,1.00
2014.01.10 06:54:17.475,0.965,0.96514,2.25,1.00
2014.01.10 06:54:17.990,0.96501,0.96514,3.08,1.00
2014.01.10 06:54:23.944,0.965,0.96514,2.33,1.00
2014.01.10 06:54:28.864,0.96499,0.96514,2.33,1.00
2014.01.10 06:54:28.915,0.96497,0.96514,2.70,1.00
2014.01.10 06:54:33.865,0.96507,0.96523,1.00,1.45
2014.01.10 06:54:33.916,0.96507,0.96523,1.00,1.45
2014.01.10 06:54:41.321,0.96507,0.96523,1.00,1.53
2014.01.10 06:54:41.932,0.96507,0.96523,1.00,1.53
2014.01.10 06:54:43.347,0.96507,0.96523,1.00,1.53
2014.01.10 06:54:43.545,0.96501,0.96519,1.00,1.00
2014.01.10 06:54:44.917,0.96501,0.96519,1.00,1.38
2014.01.10 06:54:45.219,0.96497,0.96518,1.08,1.58
2014.01.10 06:54:45.355,0.96497,0.96518,1.08,1.58
2014.01.10 06:54:46.241,0.96497,0.96518,1.10,1.55
2014.01.10 06:54:53.122,0.96497,0.96518,1.10,1.90
2014.01.10 06:54:53.173,0.96493,0.96509,2.33,1.00
2014.01.10 06:54:53.224,0.96491,0.96509,3.45,1.00
2014.01.10 06:54:53.325,0.96491,0.96509,1.08,1.00
2014.01.10 06:54:53.965,0.96491,0.96509,1.10,1.00
2014.01.10 06:55:02.575,0.96491,0.96509,1.15,1.00
2014.01.10 06:55:03.553,0.96491,0.96509,1.15,1.00
2014.01.10 06:55:03.654,0.96492,0.96513,1.65,1.00
2014.01.10 06:55:03.755,0.96494,0.96513,2.33,1.00
2014.01.10 06:55:14.615,0.96501,0.96519,1.00,1.53
2014.01.10 06:55:15.119,0.96501,0.96519,1.00,1.45
2014.01.10 06:55:20.335,0.96497,0.96513,1.10,1.00
2014.01.10 06:55:23.856,0.96491,0.96509,2.70,1.00
2014.01.10 06:55:23.956,0.96489,0.96509,1.53,1.00
2014.01.10 06:55:24.922,0.96489,0.96509,1.15,1.00
2014.01.10 06:55:25.277,0.96491,0.96509,2.33,1.00
2014.01.10 06:55:30.188,0.96489,0.96509,1.28,1.00
2014.01.10 06:55:56.794,0.96488,0.96507,5.25,1.50
2014.01.10 06:55:57.097,0.96481,0.96499,3.45,1.00
2014.01.10 06:55:57.147,0.96481,0.96499,1.38,1.00
2014.01.10 06:55:57.349,0.96481,0.96499,1.10,1.00
2014.01.10 06:55:57.891,0.96482,0.96503,1.00,1.53
2014.01.10 06:56:01.568,0.96477,0.96499,2.70,1.00
2014.01.10 06:56:03.893,0.96482,0.96503,1.00,1.53
2014.01.10 06:56:09.584,0.96477,0.96498,3.83,1.00
2014.01.10 06:56:16.202,0.96482,0.96503,1.00,1.15
2014.01.10 06:56:16.306,0.96482,0.96503,1.65,1.00
2014.01.10 06:56:41.155,0.96487,0.96508,1.00,3.45
2014.01.10 06:56:46.323,0.96482,0.96503,1.53,1.00
2014.01.10 06:57:12.945,0.96487,0.96508,1.00,3.45
2014.01.10 06:57:16.262,0.96487,0.96508,1.00,1.38
2014.01.10 06:57:25.682,0.96487,0.96508,1.00,1.00
2014.01.10 06:57:26.072,0.96491,0.96509,1.00,1.13
2014.01.10 06:57:27.958,0.96491,0.96509,1.00,1.28
2014.01.10 06:57:28.382,0.96486,0.96509,1.15,1.28
2014.01.10 06:57:28.483,0.96486,0.96509,1.08,1.28
2014.01.10 06:57:28.584,0.96486,0.96509,1.00,1.28
2014.01.10 06:58:09.659,0.96486,0.96509,1.00,3.45
2014.01.10 06:58:28.862,0.9648,0.96509,5.25,4.50
2014.01.10 06:58:49.002,0.96482,0.96509,2.70,3.83
2014.01.10 06:58:49.053,0.96483,0.96509,2.70,1.65
2014.01.10 06:58:49.103,0.96483,0.96509,3.08,1.18
2014.01.10 06:58:49.305,0.96487,0.96511,1.53,1.53
2014.01.10 06:58:49.355,0.96492,0.96513,1.00,2.03
2014.01.10 06:58:49.658,0.96492,0.96508,1.00,3.08
2014.01.10 06:59:00.187,0.96492,0.96508,1.00,1.15
2014.01.10 06:59:00.932,0.96487,0.96509,1.20,2.33
2014.01.10 06:59:00.983,0.9649,0.96513,4.50,1.50
2014.01.10 06:59:01.134,0.96497,0.96517,1.00,1.15
2014.01.10 06:59:01.235,0.96497,0.96518,1.20,1.53
2014.01.10 06:59:02.145,0.96497,0.96518,1.10,1.53
2014.01.10 06:59:05.550,0.96497,0.96518,1.08,1.08
2014.01.10 06:59:05.600,0.96497,0.96518,1.15,1.00
2014.01.10 06:59:05.751,0.96497,0.96518,1.10,1.15
2014.01.10 06:59:06.276,0.96497,0.96518,1.00,1.15
2014.01.10 06:59:07.637,0.96502,0.96519,1.00,2.33
2014.01.10 06:59:07.687,0.96502,0.96521,1.00,1.15
2014.01.10 06:59:07.854,0.96496,0.96519,1.15,1.20
2014.01.10 06:59:08.006,0.96496,0.96519,1.08,3.08
2014.01.10 06:59:16.068,0.96496,0.96519,1.08,1.15
2014.01.10 06:59:16.413,0.96506,0.96524,1.00,1.53
2014.01.10 06:59:16.802,0.96506,0.96528,1.10,2.33
2014.01.10 06:59:16.853,0.96506,0.96529,1.20,1.65
2014.01.10 06:59:17.104,0.96502,0.96523,6.00,1.00
2014.01.10 06:59:17.205,0.96502,0.96523,1.15,1.00
2014.01.10 06:59:17.306,0.96502,0.96523,1.10,1.10
2014.01.10 06:59:18.500,0.96502,0.96523,1.00,1.15
2014.01.10 06:59:22.891,0.96507,0.96524,1.00,2.70
2014.01.10 06:59:25.090,0.96502,0.96523,1.00,1.15
2014.01.10 06:59:29.821,0.96506,0.96524,1.00,3.45
2014.01.10 06:59:30.022,0.96506,0.96524,1.00,1.13
2014.01.10 06:59:30.224,0.96506,0.96524,1.65,1.00
2014.01.10 06:59:30.429,0.96512,0.96533,1.10,1.28
2014.01.10 06:59:34.577,0.96516,0.96534,1.00,2.70
2014.01.10 06:59:43.824,0.96516,0.96535,1.00,1.53
2014.01.10 06:59:43.925,0.96522,0.96537,1.00,3.08
2014.01.10 06:59:44.745,0.96522,0.96537,1.00,3.83
2014.01.10 06:59:52.039,0.96522,0.96538,1.00,1.53
2014.01.10 06:59:52.263,0.96522,0.96539,1.00,1.15
2014.01.10 06:59:52.396,0.96516,0.96534,1.20,1.38
2014.01.10 06:59:52.801,0.96516,0.96534,1.00,1.00
2014.01.10 06:59:53.053,0.96517,0.96537,1.00,3.08
2014.01.10 06:59:53.255,0.96512,0.96528,1.00,1.00
2014.01.10 06:59:54.403,0.96516,0.96532,1.00,1.15
2014.01.10 06:59:55.590,0.96512,0.96532,1.00,1.15
2014.01.10 06:59:55.742,0.96512,0.9653,1.00,3.08
2014.01.10 06:59:55.843,0.96512,0.96533,1.10,1.65
